MeshVersionFormatted 2
Dimension 3

Vertices
2937
-3.4888248583261416e-01 -1.5005832821666815e-01 0.0000000000000000e+00 1
-3.3964719908264218e-01 -1.5380258832281979e-01 0.0000000000000000e+00 1
-3.3001889094737502e-01 -1.5759264589523853e-01 0.0000000000000000e+00 1
-3.2001201418572023e-01 -1.6142166498500732e-01 0.0000000000000000e+00 1
-3.0964102155658524e-01 -1.6528280964320929e-01 0.0000000000000000e+00 1
-2.9892036581887749e-01 -1.6916924392092736e-01 0.0000000000000000e+00 1
-2.8786449973150452e-01 -1.7307413186924470e-01 0.0000000000000000e+00 1
-2.7648787605337399e-01 -1.7699063753924438e-01 0.0000000000000000e+00 1
-2.6480494754339323e-01 -1.8091192498200942e-01 0.0000000000000000e+00 1
-2.5283016696046978e-01 -1.8483115824862278e-01 0.0000000000000000e+00 1
-2.4057798706351113e-01 -1.8874150139016760e-01 0.0000000000000000e+00 1
-2.2806286061142472e-01 -1.9263611845772682e-01 0.0000000000000000e+00 1
-2.1529924036311821e-01 -1.9650817350238370e-01 0.0000000000000000e+00 1
-2.0230157907749907e-01 -2.0035083057522107e-01 0.0000000000000000e+00 1
-1.8908432951347470e-01 -2.0415725372732213e-01 0.0000000000000000e+00 1
-1.7566194442995270e-01 -2.0792060700976994e-01 0.0000000000000000e+00 1
-1.6204887658584047e-01 -2.1163405447364736e-01 0.0000000000000000e+00 1
-1.4825957874004561e-01 -2.1529076017003762e-01 0.0000000000000000e+00 1
-1.3430850365147559e-01 -2.1888388815002374e-01 0.0000000000000000e+00 1
-1.2021010407903784e-01 -2.2240660246468869e-01 0.0000000000000000e+00 1
-1.0597883278163997e-01 -2.2585206716511558e-01 0.0000000000000000e+00 1
-9.1629142518189433e-02 -2.2921344630238738e-01 0.0000000000000000e+00 1
-7.7175486047593667e-02 -2.3248390392758722e-01 0.0000000000000000e+00 1
-6.2632316128760301e-02 -2.3565660409179823e-01 0.0000000000000000e+00 1
-4.8014085520596786e-02 -2.3872471084610325e-01 0.0000000000000000e+00 1
-3.3335246982010625e-02 -2.4168138824158553e-01 0.0000000000000000e+00 1
-1.8610253271909273e-02 -2.4451980032932796e-01 0.0000000000000000e+00 1
-3.8535571492002360e-03 -2.4723311116041363e-01 0.0000000000000000e+00 1
1.0920388627208927e-02 -2.4981448478592572e-01 0.0000000000000000e+00 1
2.5697131298410697e-02 -2.5225708525694712e-01 0.0000000000000000e+00 1
4.0462218105497702e-02 -2.5455407662456098e-01 0.0000000000000000e+00 1
5.5201196289562271e-02 -2.5669862293985030e-01 0.0000000000000000e+00 1
6.9899613091697010e-02 -2.5868388825389815e-01 0.0000000000000000e+00 1
8.4543015752994388e-02 -2.6050303661778751e-01 0.0000000000000000e+00 1
9.9116951514546942e-02 -2.6214923208260155e-01 0.0000000000000000e+00 1
1.1360696761744707e-01 -2.6361563869942312e-01 0.0000000000000000e+00 1
1.2799861130278736e-01 -2.6489542051933546e-01 0.0000000000000000e+00 1
1.4227742981166039e-01 -2.6598174159342164e-01 0.0000000000000000e+00 1
1.5642897038515849e-01 -2.6686776597276457e-01 0.0000000000000000e+00 1
1.7043878026437420e-01 -2.6754665770844732e-01 0.0000000000000000e+00 1
1.8429240669040001e-01 -2.6801158085155302e-01 0.0000000000000000e+00 1
1.9797539690432855e-01 -2.6825569945316469e-01 0.0000000000000000e+00 1
2.1147329814725216e-01 -2.6827217756436528e-01 0.0000000000000000e+00 1
2.2477165766026333e-01 -2.6805417923623803e-01 0.0000000000000000e+00 1
2.3785602268445474e-01 -2.6759486851986580e-01 0.0000000000000000e+00 1
2.5071194046091871e-01 -2.6688740946633177e-01 0.0000000000000000e+00 1
2.6332495823074786e-01 -2.6592496612671890e-01 0.0000000000000000e+00 1
2.7568062323503462e-01 -2.6470070255211037e-01 0.0000000000000000e+00 1
2.8776448271487143e-01 -2.6320778279358897e-01 0.0000000000000000e+00 1
2.9956208391135086e-01 -2.6143937090223807e-01 0.0000000000000000e+00 1
3.1105897406556549e-01 -2.5938863092914050e-01 0.0000000000000000e+00 1
3.2224070041860764e-01 -2.5704872692537944e-01 0.0000000000000000e+00 1
3.3309281021157000e-01 -2.5441282294203776e-01 0.0000000000000000e+00 1
3.4360085068554491e-01 -2.5147408303019875e-01 0.0000000000000000e+00 1
3.5375036908162494e-01 -2.4822567124094524e-01 0.0000000000000000e+00 1
3.6352691264090264e-01 -2.4466075162536044e-01 0.0000000000000000e+00 1
3.7291602860447037e-01 -2.4077248823452729e-01 0.0000000000000000e+00 1
3.8190326421342069e-01 -2.3655404511952882e-01 0.0000000000000000e+00 1
3.9047416670884616e-01 -2.3199858633144821e-01 0.0000000000000000e+00 1
3.9861428333183924e-01 -2.2709927592136847e-01 0.0000000000000000e+00 1
4.0630916132349237e-01 -2.2184927794037251e-01 0.0000000000000000e+00 1
4.1354434792489814e-01 -2.1624175643954352e-01 0.0000000000000000e+00 1
4.2030539037714898e-01 -2.1026987546996456e-01 0.0000000000000000e+00 1
4.2657783592133736e-01 -2.0392679908271866e-01 0.0000000000000000e+00 1
4.3234723179855594e-01 -1.9720569132888877e-01 0.0000000000000000e+00 1
4.3759912524989697e-01 -1.9009971625955807e-01 0.0000000000000000e+00 1
4.4231906351645323e-01 -1.8260203792580948e-01 0.0000000000000000e+00 1
4.4616320960352285e-01 -1.7515775202102535e-01 0.0000000000000000e+00 1
4.4919369270958076e-01 -1.6755947914514197e-01 0.0000000000000000e+00 1
4.5143138042482334e-01 -1.5981389290928677e-01 0.0000000000000000e+00 1
4.5289714033944706e-01 -1.5192766692458720e-01 0.0000000000000000e+00 1
4.5361184004364752e-01 -1.4390747480217075e-01 0.0000000000000000e+00 1
4.5359634712762109e-01 -1.3575999015316476e-01 0.0000000000000000e+00 1
4.5287152918156381e-01 -1.2749188658869670e-01 0.0000000000000000e+00 1
4.5145825379567228e-01 -1.1910983771989418e-01 0.0000000000000000e+00 1
4.4937738856014220e-01 -1.1062051715788450e-01 0.0000000000000000e+00 1
4.4664980106516983e-01 -1.0203059851379505e-01 0.0000000000000000e+00 1
4.4329635890095132e-01 -9.3346755398753353e-02 0.0000000000000000e+00 1
4.3933792965768281e-01 -8.4575661423886853e-02 0.0000000000000000e+00 1
4.3479538092556080e-01 -7.5723990200323055e-02 0.0000000000000000e+00 1
4.2968958029478077e-01 -6.6798415339189246e-02 0.0000000000000000e+00 1
4.2404139535553920e-01 -5.7805610451612935e-02 0.0000000000000000e+00 1
4.1787169369803256e-01 -4.8752249148721699e-02 0.0000000000000000e+00 1
4.1120134291245658e-01 -3.9645005041642839e-02 0.0000000000000000e+00 1
4.0405121058900750e-01 -3.0490551741503780e-02 0.0000000000000000e+00 1
3.9644216431788137e-01 -2.1295562859432030e-02 0.0000000000000000e+00 1
3.8839507168927478e-01 -1.2066712006555055e-02 0.0000000000000000e+00 1
3.7993080029338355e-01 -2.8106727940002546e-03 0.0000000000000000e+00 1
3.7107021772040372e-01 6.4658811671049338e-03 0.0000000000000000e+00 1
3.6183419156053165e-01 1.5756276265633050e-02 0.0000000000000000e+00 1
3.5224358940396339e-01 2.5053838890456599e-02 0.0000000000000000e+00 1
3.4231927884089530e-01 3.4351895430448212e-02 0.0000000000000000e+00 1
3.3208212746152321e-01 4.3643772274480429e-02 0.0000000000000000e+00 1
3.2155300285604338e-01 5.2922795811425810e-02 0.0000000000000000e+00 1
3.1075277261465217e-01 6.2182292430156841e-02 0.0000000000000000e+00 1
2.9970230432754563e-01 7.1415588519546130e-02 0.0000000000000000e+00 1
2.8842246558491957e-01 8.0616010468466309e-02 0.0000000000000000e+00 1
2.7693412397697059e-01 8.9776884665789813e-02 0.0000000000000000e+00 1
2.6525814709389473e-01 9.8891537500389218e-02 0.0000000000000000e+00 1
2.5341540252588801e-01 1.0795329536113711e-01 0.0000000000000000e+00 1
2.4142675786314663e-01 1.1695548463690610e-01 0.0000000000000000e+00 1
2.2931308069586678e-01 1.2589143171656869e-01 0.0000000000000000e+00 1
2.1709523861424460e-01 1.3475446298899735e-01 0.0000000000000000e+00 1
2.0479409920847633e-01 1.4353790484306472e-01 0.0000000000000000e+00 1
1.9243053006875790e-01 1.5223508366764338e-01 0.0000000000000000e+00 1
1.8002539878528562e-01 1.6083932585160593e-01 0.0000000000000000e+00 1
1.6759957294825573e-01 1.6934395778382472e-01 0.0000000000000000e+00 1
1.5517392014786424e-01 1.7774230585317247e-01 0.0000000000000000e+00 1
1.4276930797430726e-01 1.8602769644852180e-01 0.0000000000000000e+00 1
1.3040660401778092e-01 1.9419345595874515e-01 0.0000000000000000e+00 1
1.1810667586848164e-01 2.0223291077271499e-01 0.0000000000000000e+00 1
1.0589039111660536e-01 2.1013938727930404e-01 0.0000000000000000e+00 1
9.3778617352348187e-02 2.1790621186738485e-01 0.0000000000000000e+00 1
8.1792222165906370e-02 2.2552671092582988e-01 0.0000000000000000e+00 1
6.9952073147476090e-02 2.3299421084351168e-01 0.0000000000000000e+00 1
5.8279037887253471e-02 2.4030203800930289e-01 0.0000000000000000e+00 1
4.6793983975434564e-02 2.4744351881207605e-01 0.0000000000000000e+00 1
3.5517779002215602e-02 2.5441197964070372e-01 0.0000000000000000e+00 1
2.4471290557792805e-02 2.6120074688405842e-01 0.0000000000000000e+00 1
1.3675386232362238e-02 2.6780314693101259e-01 0.0000000000000000e+00 1
3.1509336161199830e-03 2.7421250617043913e-01 0.0000000000000000e+00 1
-7.0811997007376795e-03 2.8042215099121026e-01 0.0000000000000000e+00 1
-1.7000146128014614e-02 2.8642540778219860e-01 0.0000000000000000e+00 1
-2.6585038075514683e-02 2.9221560293227683e-01 0.0000000000000000e+00 1
-3.5815007953041808e-02 2.9778606283031750e-01 0.0000000000000000e+00 1
-4.4669188170399790e-02 3.0313011386519306e-01 0.0000000000000000e+00 1
-5.3126711137392396e-02 3.0824108242577603e-01 0.0000000000000000e+00 1
-6.1166709263823560e-02 3.1311229490093911e-01 0.0000000000000000e+00 1
-6.8768314959497159e-02 3.1773707767955484e-01 0.0000000000000000e+00 1
-7.5910660634217003e-02 3.2210875715049564e-01 0.0000000000000000e+00 1
-7.9103114701629409e-02 3.2362389774719075e-01 0.0000000000000000e+00 1
-8.1936683028553073e-02 3.2405893429555849e-01 0.0000000000000000e+00 1
-8.4434783661529733e-02 3.2347776396220873e-01 0.0000000000000000e+00 1
-8.6620834647101144e-02 3.2194428391375129e-01 0.0000000000000000e+00 1
-8.8518254031809060e-02 3.1952239131679616e-01 0.0000000000000000e+00 1
-9.0150459862195248e-02 3.1627598333795331e-01 0.0000000000000000e+00 1
-9.1540870184801434e-02 3.1226895714383246e-01 0.0000000000000000e+00 1
-9.2712903046169415e-02 3.0756520990104386e-01 0.0000000000000000e+00 1
-9.3689976492840887e-02 3.0222863877619693e-01 0.0000000000000000e+00 1
-9.4495508571357648e-02 2.9632314093590217e-01 0.0000000000000000e+00 1
-9.5152917328261435e-02 2.8991261354676895e-01 0.0000000000000000e+00 1
-9.5685620810094019e-02 2.8306095377540758e-01 0.0000000000000000e+00 1
-9.6117037063397109e-02 2.7583205878842770e-01 0.0000000000000000e+00 1
-9.6470584134712517e-02 2.6828982575243937e-01 0.0000000000000000e+00 1
-9.6769680070581954e-02 2.6049815183405256e-01 0.0000000000000000e+00 1
-9.7037742917547187e-02 2.5252093419987698e-01 0.0000000000000000e+00 1
-9.7298190722149958e-02 2.4442207001652266e-01 0.0000000000000000e+00 1
-9.7574441530932046e-02 2.3626545645059960e-01 0.0000000000000000e+00 1
-9.7889913390435179e-02 2.2811499066871754e-01 0.0000000000000000e+00 1
-9.8268024347201124e-02 2.2003456983748648e-01 0.0000000000000000e+00 1
-9.8732192447771622e-02 2.1208809112351634e-01 0.0000000000000000e+00 1
-9.9305835738688453e-02 2.0433945169341694e-01 0.0000000000000000e+00 1
-1.0001237226649334e-01 1.9685254871379831e-01 0.0000000000000000e+00 1
-1.0087522007772806e-01 1.8969127935127034e-01 0.0000000000000000e+00 1
-1.0191779721893436e-01 1.8291954077244288e-01 0.0000000000000000e+00 1
-1.0316352173665398e-01 1.7660123014392592e-01 0.0000000000000000e+00 1
-1.0463581167742869e-01 1.7080024463232929e-01 0.0000000000000000e+00 1
-1.0635808508780023e-01 1.6558048140426299e-01 0.0000000000000000e+00 1
-1.0835376001431035e-01 1.6100583762633686e-01 0.0000000000000000e+00 1
-1.1064625450350082e-01 1.5714021046516086e-01 0.0000000000000000e+00 1
-1.1312220039943363e-01 1.5406299010725460e-01 0.0000000000000000e+00 1
-1.1606687516463296e-01 1.5117550141692143e-01 0.0000000000000000e+00 1
-1.1944353133809596e-01 1.4846249399548295e-01 0.0000000000000000e+00 1
-1.2321542145881983e-01 1.4590871744426076e-01 0.0000000000000000e+00 1
-1.2734579806580171e-01 1.4349892136457643e-01 0.0000000000000000e+00 1
-1.3179791369803867e-01 1.4121785535775142e-01 0.0000000000000000e+00 1
-1.3653502089452799e-01 1.3905026902510739e-01 0.0000000000000000e+00 1
-1.4152037219426677e-01 1.3698091196796597e-01 0.0000000000000000e+00 1
-1.4671722013625216e-01 1.3499453378764864e-01 0.0000000000000000e+00 1
-1.5208881725948131e-01 1.3307588408547699e-01 0.0000000000000000e+00 1
-1.5759841610295139e-01 1.3120971246277263e-01 0.0000000000000000e+00 1
-1.6320926920565954e-01 1.2938076852085714e-01 0.0000000000000000e+00 1
-1.6888462910660296e-01 1.2757380186105202e-01 0.0000000000000000e+00 1
-1.7458774834477869e-01 1.2577356208467894e-01 0.0000000000000000e+00 1
-1.8028187945918406e-01 1.2396479879305937e-01 0.0000000000000000e+00 1
-1.8593027498881606e-01 1.2213226158751496e-01 0.0000000000000000e+00 1
-1.9149618747267191e-01 1.2026070006936726e-01 0.0000000000000000e+00 1
-1.9694286944974881e-01 1.1833486383993784e-01 0.0000000000000000e+00 1
-2.0223357345904386e-01 1.1633950250054829e-01 0.0000000000000000e+00 1
-2.0733155203955420e-01 1.1425936565252015e-01 0.0000000000000000e+00 1
-2.1220005773027703e-01 1.1207920289717503e-01 0.0000000000000000e+00 1
-2.1680234307020949e-01 1.0978376383583448e-01 0.0000000000000000e+00 1
-2.2110166059834874e-01 1.0735779806982007e-01 0.0000000000000000e+00 1
-2.2506126285369188e-01 1.0478605520045339e-01 0.0000000000000000e+00 1
-2.2864440237523612e-01 1.0205328482905601e-01 0.0000000000000000e+00 1
-2.3181433170197865e-01 9.9144236556949497e-02 0.0000000000000000e+00 1
-2.3453430337291656e-01 9.6043659985455429e-02 0.0000000000000000e+00 1
-2.3809263277045498e-01 9.1486713530682745e-02 0.0000000000000000e+00 1
-2.4199390968646381e-01 8.6540239358620860e-02 0.0000000000000000e+00 1
-2.4620765477142670e-01 8.1228338460849259e-02 0.0000000000000000e+00 1
-2.5070338867582698e-01 7.5575111828947467e-02 0.0000000000000000e+00 1
-2.5545063205014823e-01 6.9604660454495024e-02 0.0000000000000000e+00 1
-2.6041890554487418e-01 6.3341085329071470e-02 0.0000000000000000e+00 1
-2.6557772981048822e-01 5.6808487444256338e-02 0.0000000000000000e+00 1
-2.7089662549747395e-01 5.0030967791629161e-02 0.0000000000000000e+00 1
-2.7634511325631494e-01 4.3032627362769457e-02 0.0000000000000000e+00 1
-2.8189271373749458e-01 3.5837567149256767e-02 0.0000000000000000e+00 1
-2.8750894759149670e-01 2.8469888142670610e-02 0.0000000000000000e+00 1
-2.9316333546880458e-01 2.0953691334590532e-02 0.0000000000000000e+00 1
-2.9882539801990193e-01 1.3313077716596067e-02 0.0000000000000000e+00 1
-3.0446465589527216e-01 5.5721482802667255e-03 0.0000000000000000e+00 1
-3.1005062974539899e-01 -2.2449959828179378e-03 0.0000000000000000e+00 1
-3.1555284022076580e-01 -1.0114254081078397e-02 0.0000000000000000e+00 1
-3.2094080797185631e-01 -1.8011525022935140e-02 0.0000000000000000e+00 1
-3.2618405364915393e-01 -2.5912707816808614e-02 0.0000000000000000e+00 1
-3.3125209790314214e-01 -3.3793701471119292e-02 0.0000000000000000e+00 1
-3.3611446138430467e-01 -4.1630404994287662e-02 0.0000000000000000e+00 1
-3.4074066474312503e-01 -4.9398717394734157e-02 0.0000000000000000e+00 1
-3.4510022863008660e-01 -5.7074537680879278e-02 0.0000000000000000e+00 1
-3.4916267369567311e-01 -6.4633764861143500e-02 0.0000000000000000e+00 1
-3.5289752059036805e-01 -7.2052297943947227e-02 0.0000000000000000e+00 1
-3.5627428996465493e-01 -7.9306035937710975e-02 0.0000000000000000e+00 1
-3.5926250246901736e-01 -8.6370877850855246e-02 0.0000000000000000e+00 1
-3.6183167875393873e-01 -9.3222722691800444e-02 0.0000000000000000e+00 1
-3.6395133946990288e-01 -9.9837469468967058e-02 0.0000000000000000e+00 1
-3.6559100526739308e-01 -1.0619101719077563e-01 0.0000000000000000e+00 1
-3.6672019679689305e-01 -1.1225926486564648e-01 0.0000000000000000e+00 1
-3.6730843470888630e-01 -1.1801811150200021e-01 0.0000000000000000e+00 1
-3.6732523965385622e-01 -1.2344345610825723e-01 0.0000000000000000e+00 1
-3.6674013228228652e-01 -1.2851119769283803e-01 0.0000000000000000e+00 1
-3.6552263324466072e-01 -1.3319723526416305e-01 0.0000000000000000e+00 1
-3.6364226319146231e-01 -1.3747746783065279e-01 0.0000000000000000e+00 1
-3.6106854277317502e-01 -1.4132779440072768e-01 0.0000000000000000e+00 1
-3.5777099264028212e-01 -1.4472411398280827e-01 0.0000000000000000e+00 1
-3.5371913344326733e-01 -1.4764232558531493e-01 0.0000000000000000e+00 1
-1.6955809393701518e-01 1.2174358739603176e-01 0.0000000000000000e+00 1
-1.2319088518293031e-01 1.4122856048855037e-01 0.0000000000000000e+00 1
-2.5263485874489405e-01 6.2268979410571246e-02 0.0000000000000000e+00 1
-8.8832295807264542e-03 -2.3310287589433790e-01 0.0000000000000000e+00 1
1.5372009636093659e-01 1.6391494584937757e-01 0.0000000000000000e+00 1
-1.0355825001473541e-01 1.6175569292621153e-01 0.0000000000000000e+00 1
-9.6468363322726763e-02 -2.1681970756708402e-01 0.0000000000000000e+00 1
-1.4305771117064073e-01 1.3125924423743757e-01 0.0000000000000000e+00 1
-2.7895198540838506e-01 2.7059432294271393e-02 0.0000000000000000e+00 1
7.8095616822215122e-02 -2.4635330343229025e-01 0.0000000000000000e+00 1
-1.6610174292280921e-01 -1.9892155856318550e-01 0.0000000000000000e+00 1
2.2764677848414755e-01 1.1095387577227640e-01 0.0000000000000000e+00 1
1.7948645030307031e-01 -2.5396994126605743e-01 0.0000000000000000e+00 1
2.8665579873933528e-01 6.3825984896658639e-02 0.0000000000000000e+00 1
-2.0318882987630399e-01 1.1143759821972603e-01 0.0000000000000000e+00 1
2.5619264220966381e-01 -2.5558381555469878e-01 0.0000000000000000e+00 1
9.2618968000977353e-02 2.0437381200397001e-01 0.0000000000000000e+00 1
3.3855286046250660e-01 1.9463427017835412e-02 0.0000000000000000e+00 1
3.2577017900185440e-01 -2.4564163784439219e-01 0.0000000000000000e+00 1
3.8938669582925239e-01 -2.2196155183712166e-01 0.0000000000000000e+00 1
3.9373021722882551e-01 -3.4410102335978396e-02 0.0000000000000000e+00 1
-9.7885553700860536e-02 1.7882532453122951e-01 0.0000000000000000e+00 1
-1.1183200942748009e-01 1.4994847494567654e-01 0.0000000000000000e+00 1
-3.0600161849871699e-01 -1.0934288265355209e-02 0.0000000000000000e+00 1
4.3036008787578167e-01 -8.2915035970835119e-02 0.0000000000000000e+00 1
-2.3136865561043543e-01 -1.8107564639147664e-01 0.0000000000000000e+00 1
-2.3601798953931011e-01 8.6885263811660285e-02 0.0000000000000000e+00 1
4.3365092800029631e-01 -1.8237976035800951e-01 0.0000000000000000e+00 1
4.6661403119554537e-02 2.3385725416755676e-01 0.0000000000000000e+00 1
-3.3250743914669345e-01 -4.9710668890323752e-02 0.0000000000000000e+00 1
-9.2796188426962911e-02 2.0642179868125890e-01 0.0000000000000000e+00 1
-2.7911531420556901e-01 -1.6472327413767929e-01 0.0000000000000000e+00 1
-3.4793237484980766e-01 -7.8740011224234560e-02 0.0000000000000000e+00 1
4.4628688599304506e-01 -1.3302558046576768e-01 0.0000000000000000e+00 1
-3.6159759412198084e-01 -1.1434128269726909e-01 0.0000000000000000e+00 1
3.1335081252118796e-03 2.6180313256576510e-01 0.0000000000000000e+00 1
-9.0751251292976398e-02 2.3224406544036777e-01 0.0000000000000000e+00 1
-9.0628129767775123e-02 2.5676832099528263e-01 0.0000000000000000e+00 1
-3.2136310370796228e-01 -1.5197738273710784e-01 0.0000000000000000e+00 1
-2.2122112147564660e-01 1.0237261914070611e-01 0.0000000000000000e+00 1
1.9103452590057254e-01 1.3729593428897735e-01 0.0000000000000000e+00 1
-5.1077377513724945e-02 -2.2330094755412225e-01 0.0000000000000000e+00 1
3.5291262612896744e-02 -2.4088984947388689e-01 0.0000000000000000e+00 1
1.3639448503695628e-01 -2.5339498620234646e-01 0.0000000000000000e+00 1
2.1764627805956122e-01 -2.5627561450285835e-01 0.0000000000000000e+00 1
-1.8617242632338982e-01 1.1616108528430898e-01 0.0000000000000000e+00 1
3.6598211779660805e-01 -5.2640230494255284e-03 0.0000000000000000e+00 1
2.9322849654090083e-01 -2.5429653421553872e-01 0.0000000000000000e+00 1
4.1393635517012101e-01 -5.8596641398174144e-02 0.0000000000000000e+00 1
-2.6693453217438132e-02 2.8129163340294627e-01 0.0000000000000000e+00 1
3.5675920153611801e-01 -2.3795887442638933e-01 0.0000000000000000e+00 1
-3.4979026530865587e-01 -1.4448752103304471e-01 0.0000000000000000e+00 1
-3.5649685481815091e-01 -9.8257915034522858e-02 0.0000000000000000e+00 1
-8.9143832973221857e-02 2.7903654905581382e-01 0.0000000000000000e+00 1
4.1178177789936771e-01 -2.0743308464691676e-01 0.0000000000000000e+00 1
4.4072449248492312e-01 -1.0912175872369126e-01 0.0000000000000000e+00 1
4.4523059442534940e-01 -1.5463429280427057e-01 0.0000000000000000e+00 1
-3.6026830147755623e-01 -1.3356292395260747e-01 0.0000000000000000e+00 1
-8.8962317157142437e-02 2.9822874535326577e-01 0.0000000000000000e+00 1
-8.7920434612352494e-02 3.1340270046411167e-01 0.0000000000000000e+00 1
-5.2872371102834277e-02 2.9876959330408276e-01 0.0000000000000000e+00 1
-1.3237070957179320e-01 1.3637376816248328e-01 0.0000000000000000e+00 1
-1.5299376828990768e-01 1.2728244056308563e-01 0.0000000000000000e+00 1
-9.3084206501814967e-02 1.9352860591429849e-01 0.0000000000000000e+00 1
-2.4370970583636153e-01 7.4627610506008732e-02 0.0000000000000000e+00 1
-2.6233979123652307e-01 4.8749329613425270e-02 0.0000000000000000e+00 1
2.4286093075487201e-02 2.4839342331868150e-01 0.0000000000000000e+00 1
6.9632130240120563e-02 2.1915363939095811e-01 0.0000000000000000e+00 1
1.1858408376168050e-01 1.8808241571672238e-01 0.0000000000000000e+00 1
-3.0096466701682645e-01 -1.5807882968172202e-01 0.0000000000000000e+00 1
-2.5649775347019638e-01 -1.7236567255262261e-01 0.0000000000000000e+00 1
-2.0454647087553846e-01 -1.8808065017028608e-01 0.0000000000000000e+00 1
-8.2003731151299636e-02 3.2184384364570934e-01 0.0000000000000000e+00 1
-2.9027667974509974e-01 1.1764426938568178e-02 0.0000000000000000e+00 1
-1.3801800472364920e-01 -2.0506639840317292e-01 0.0000000000000000e+00 1
2.6402112625017532e-01 8.5431410969403973e-02 0.0000000000000000e+00 1
1.0723895245310969e-01 -2.4906222522618196e-01 0.0000000000000000e+00 1
3.2039113555502896e-01 3.9301484317669569e-02 0.0000000000000000e+00 1
-2.3057927680100593e-01 9.4528337995279585e-02 0.0000000000000000e+00 1
-3.1738162324422514e-01 -2.6064969726305880e-02 0.0000000000000000e+00 1
-3.3989845414337760e-01 -6.3894151781540023e-02 0.0000000000000000e+00 1
3.7358540440281007e-01 -2.3136965236603999e-01 0.0000000000000000e+00 1
-2.1236172124738278e-01 1.0699230822697180e-01 0.0000000000000000e+00 1
4.2486754324377429e-01 -1.9658303042489431e-01 0.0000000000000000e+00 1
-6.9046861612790389e-02 3.0991376717887820e-01 0.0000000000000000e+00 1
4.4114560369494282e-01 -1.6875306505992477e-01 0.0000000000000000e+00 1
-3.6268405668406978e-01 -1.2545642565207066e-01 0.0000000000000000e+00 1
-3.5668243591724053e-01 -1.4041979376624067e-01 0.0000000000000000e+00 1
-8.5697867484785181e-02 3.1903055161635252e-01 0.0000000000000000e+00 1
-8.2623147317608392e-02 3.1909187163963415e-01 0.0000000000000000e+00 1
-7.5043613278493501e-02 3.1428866718436776e-01 0.0000000000000000e+00 1
-7.6553004473861222e-02 3.0741553039843672e-01 0.0000000000000000e+00 1
-7.1031826134753451e-02 3.0203078766244262e-01 0.0000000000000000e+00 1
-7.8724541631514530e-02 3.0072044478333104e-01 0.0000000000000000e+00 1
-7.4147599506230233e-02 2.9446409038060650e-01 0.0000000000000000e+00 1
-6.6311688024126625e-02 2.9581234589980426e-01 0.0000000000000000e+00 1
-6.9243652790803203e-02 2.8814894558565152e-01 0.0000000000000000e+00 1
-7.7339356150965349e-02 2.8695362013824327e-01 0.0000000000000000e+00 1
-7.2355482198489210e-02 2.8025066988123881e-01 0.0000000000000000e+00 1
-6.4165691388470336e-02 2.8128711429769682e-01 0.0000000000000000e+00 1
-6.7183605322579817e-02 2.7325208955301145e-01 0.0000000000000000e+00 1
-5.8516411179551669e-02 2.7426918324501753e-01 0.0000000000000000e+00 1
-6.1767460854802704e-02 2.6597348115018837e-01 0.0000000000000000e+00 1
-5.2736623932880991e-02 2.6725986394082524e-01 0.0000000000000000e+00 1
-5.6336752965168324e-02 2.5839664012248764e-01 0.0000000000000000e+00 1
-4.5344946002978691e-02 2.6022488972107122e-01 0.0000000000000000e+00 1
-5.0334438475159449e-02 2.5078569098878017e-01 0.0000000000000000e+00 1
-4.0654081650587544e-02 2.5204758488567253e-01 0.0000000000000000e+00 1
-4.4379974622585777e-02 2.4302762420208759e-01 0.0000000000000000e+00 1
-3.4701270990609004e-02 2.4437567844186472e-01 0.0000000000000000e+00 1
-3.8373771376277600e-02 2.3519898692215324e-01 0.0000000000000000e+00 1
-2.8291537895105225e-02 2.3641851669227124e-01 0.0000000000000000e+00 1
-3.2458362664610836e-02 2.2745413637731460e-01 0.0000000000000000e+00 1
-4.1558825814066204e-02 2.2596289392684951e-01 0.0000000000000000e+00 1
-3.6139881795076934e-02 2.1854092444883813e-01 0.0000000000000000e+00 1
-2.6827054964087556e-02 2.1968486806722956e-01 0.0000000000000000e+00 1
-3.0101389485951875e-02 2.1135312877325074e-01 0.0000000000000000e+00 1
-2.1138564711929118e-02 2.1217577360646722e-01 0.0000000000000000e+00 1
-2.5004046668718069e-02 2.0254962294023920e-01 0.0000000000000000e+00 1
-1.5594769071740931e-02 2.0442497630996434e-01 0.0000000000000000e+00 1
-1.8828269841563463e-02 1.9549712446060033e-01 0.0000000000000000e+00 1
-9.9506345296682501e-03 1.9696344594845452e-01 0.0000000000000000e+00 1
-1.3640559010539685e-02 1.8826349396030465e-01 0.0000000000000000e+00 1
-2.2699260376256674e-02 1.8708369139588649e-01 0.0000000000000000e+00 1
-1.7528456682531227e-02 1.7951857584403624e-01 0.0000000000000000e+00 1
-8.0976599350387653e-03 1.8071407465964218e-01 0.0000000000000000e+00 1
-1.1948894102614543e-02 1.7193582348134281e-01 0.0000000000000000e+00 1
-2.1483532694732049e-02 1.7088916230416570e-01 0.0000000000000000e+00 1
-1.6138678203606868e-02 1.6295449529088180e-01 0.0000000000000000e+00 1
-6.2386352137769295e-03 1.6402399560181799e-01 0.0000000000000000e+00 1
-1.0613838125101202e-02 1.5485983161471081e-01 0.0000000000000000e+00 1
-4.1692580824050183e-04 1.5588485912376923e-01 0.0000000000000000e+00 1
-4.7179285763903119e-03 1.4675735873761950e-01 0.0000000000000000e+00 1
-1.5233135900313064e-02 1.4549390406925253e-01 0.0000000000000000e+00 1
-9.3062065350676855e-03 1.3744979247081227e-01 0.0000000000000000e+00 1
1.0025356732157060e-03 1.3835908073255879e-01 0.0000000000000000e+00 1
-3.4549092710319329e-03 1.2908230071996121e-01 0.0000000000000000e+00 1
-1.3806553502559101e-02 1.2831203656006096e-01 0.0000000000000000e+00 1
-8.0068011121043267e-03 1.1988889701426493e-01 0.0000000000000000e+00 1
-1.8241418874511882e-02 1.1932830577620718e-01 0.0000000000000000e+00 1
-1.2602689526437392e-02 1.1067949859622565e-01 0.0000000000000000e+00 1
-2.1497422506778540e-03 1.1121924598711565e-01 0.0000000000000000e+00 1
-6.8745064572238541e-03 1.0181259387442861e-01 0.0000000000000000e+00 1
-1.7352872623129810e-02 1.0132635755316528e-01 0.0000000000000000e+00 1
-1.1650801124535627e-02 9.2404314371857796e-02 0.0000000000000000e+00 1
-2.2180400082633077e-02 9.1842760942295168e-02 0.0000000000000000e+00 1
-1.6431004863316542e-02 8.2958528900003936e-02 0.0000000000000000e+00 1
-2.7037740996505109e-02 8.2335914825143755e-02 0.0000000000000000e+00 1
-2.1249395125666391e-02 7.3453313859945926e-02 0.0000000000000000e+00 1
-3.1928626527845769e-02 7.2834954254302822e-02 0.0000000000000000e+00 1
-2.6102928120649641e-02 6.3863163282883245e-02 0.0000000000000000e+00 1
-3.6830805654959740e-02 6.3382540111415836e-02 0.0000000000000000e+00 1
-1.5289203501431198e-02 6.4433101160168385e-02 0.0000000000000000e+00 1
-1.9838522659200025e-02 5.4918004508919864e-02 0.0000000000000000e+00 1
-9.0967877707682117e-03 5.5292990146088905e-02 0.0000000000000000e+00 1
-1.3798784760347765e-02 4.5564765843136179e-02 0.0000000000000000e+00 1
-3.1421765820833511e-03 4.6029956213644030e-02 0.0000000000000000e+00 1
-8.3800504651448601e-03 3.5601962858947574e-02 0.0000000000000000e+00 1
4.7528470046009517e-03 3.6551911794045981e-02 0.0000000000000000e+00 1
-2.0171826671786294e-03 2.5822013585624179e-02 0.0000000000000000e+00 1
1.0010669784423299e-02 2.5932131158471664e-02 0.0000000000000000e+00 1
4.3673871018107269e-03 1.6156874714981544e-02 0.0000000000000000e+00 1
1.6721803119613503e-02 1.6956688826792618e-02 0.0000000000000000e+00 1
-7.9019310002924181e-03 1.5285320818043542e-02 0.0000000000000000e+00 1
1.0706226558971375e-02 5.9933540211094989e-03 0.0000000000000000e+00 1
2.3335270246264833e-02 7.0505590365644646e-03 0.0000000000000000e+00 1
1.7335764946481480e-02 -4.1031791462100503e-03 0.0000000000000000e+00 1
2.9569625223249199e-02 -3.4206340043934961e-03 0.0000000000000000e+00 1
2.3881312946609199e-02 -1.4425785057659976e-02 0.0000000000000000e+00 1
3.6186474387512858e-02 -1.3758188403867633e-02 0.0000000000000000e+00 1
3.0570851313297245e-02 -2.4765539426211708e-02 0.0000000000000000e+00 1
4.2933531031525016e-02 -2.4126796227724963e-02 0.0000000000000000e+00 1
1.8168995520088802e-02 -2.5436008756459676e-02 0.0000000000000000e+00 1
4.8450422888801296e-02 -1.2854447547126677e-02 0.0000000000000000e+00 1
5.5338031412939977e-02 -2.3494111235740616e-02 0.0000000000000000e+00 1
4.9725531864956832e-02 -3.4594688327887820e-02 0.0000000000000000e+00 1
6.2210463743439831e-02 -3.3996051057258538e-02 0.0000000000000000e+00 1
6.7797223012352248e-02 -2.2632691346690437e-02 0.0000000000000000e+00 1
7.4798622893826217e-02 -3.3295489603734220e-02 0.0000000000000000e+00 1
6.9068948903159622e-02 -4.4607147486718617e-02 0.0000000000000000e+00 1
8.1755750639303168e-02 -4.3931503463608433e-02 0.0000000000000000e+00 1
8.7505200892777413e-02 -3.2550013248311548e-02 0.0000000000000000e+00 1
9.4530103678680921e-02 -4.3242984249591422e-02 0.0000000000000000e+00 1
2.2153539169717257e-02 2.8126155261816901e-02 0.0000000000000000e+00 1
1.0030591114851591e-01 -3.1773939836729832e-02 0.0000000000000000e+00 1
1.0738237701682526e-01 -4.2550783164291978e-02 0.0000000000000000e+00 1
1.0159284395092805e-01 -5.4024190005563716e-02 0.0000000000000000e+00 1
1.1447973673214401e-01 -5.3382721945834578e-02 0.0000000000000000e+00 1
1.2029223725250532e-01 -4.1864457803054665e-02 0.0000000000000000e+00 1
1.2740839214233046e-01 -5.2695185958694872e-02 0.0000000000000000e+00 1
1.2091398676724777e-01 -6.6387608262724204e-02 0.0000000000000000e+00 1
1.3461400269871535e-01 -6.3819432198072512e-02 0.0000000000000000e+00 1
1.4036828828598769e-01 -5.2144434159980074e-02 0.0000000000000000e+00 1
1.4755224072938047e-01 -6.2923037038384505e-02 0.0000000000000000e+00 1
1.4174106608519177e-01 -7.4448566401613361e-02 0.0000000000000000e+00 1
1.5476198972764305e-01 -7.3729695665804770e-02 0.0000000000000000e+00 1
1.6048182515336112e-01 -6.2079952769496988e-02 0.0000000000000000e+00 1
1.6777819820411288e-01 -7.2977268354658745e-02 0.0000000000000000e+00 1
1.6193403714829863e-01 -8.4615992197256851e-02 0.0000000000000000e+00 1
1.7498829333470148e-01 -8.3860296685921001e-02 0.0000000000000000e+00 1
1.8080784029640481e-01 -7.2217712151049815e-02 0.0000000000000000e+00 1
1.8798056116393830e-01 -8.3078405903046951e-02 0.0000000000000000e+00 1
-4.2568305508340620e-02 7.2273844083826630e-02 0.0000000000000000e+00 1
-4.7331589079748444e-02 6.2958321676927484e-02 0.0000000000000000e+00 1
1.9380646459501411e-01 -7.1438309086468768e-02 0.0000000000000000e+00 1
2.0095013397682315e-01 -8.2315329078365321e-02 0.0000000000000000e+00 1
1.9517295596513790e-01 -9.3914797493187430e-02 0.0000000000000000e+00 1
2.0809049398329033e-01 -9.3110731791177959e-02 0.0000000000000000e+00 1
2.1393803351631605e-01 -8.1586000284598809e-02 0.0000000000000000e+00 1
2.2095349723306659e-01 -9.2379269787269389e-02 0.0000000000000000e+00 1
-5.2943122282623913e-02 7.1667606246573326e-02 0.0000000000000000e+00 1
-5.7665002812867891e-02 6.2499479147705699e-02 0.0000000000000000e+00 1
2.1540255954970927e-01 -1.0330031299160723e-01 0.0000000000000000e+00 1
2.2825753487735395e-01 -1.0281752699744463e-01 0.0000000000000000e+00 1
2.3376269592693438e-01 -9.1607580963741719e-02 0.0000000000000000e+00 1
2.4075993046881974e-01 -1.0229167158974559e-01 0.0000000000000000e+00 1
-6.3213942738476525e-02 7.1064985620238039e-02 0.0000000000000000e+00 1
-6.7894946064598755e-02 6.1979082496430409e-02 0.0000000000000000e+00 1
2.4642520110579716e-01 -9.0914069689140731e-02 0.0000000000000000e+00 1
2.5339817439917095e-01 -1.0143145167025873e-01 0.0000000000000000e+00 1
2.3535576260101787e-01 -1.1322784049123015e-01 0.0000000000000000e+00 1
-7.3389393444404358e-02 7.0392230277749573e-02 0.0000000000000000e+00 1
-7.8055967653920838e-02 6.1532997777957656e-02 0.0000000000000000e+00 1
-6.8785624059401543e-02 7.9309319837437151e-02 0.0000000000000000e+00 1
-7.2562687057636382e-02 5.2834570554134243e-02 0.0000000000000000e+00 1
-8.2932362821122263e-02 5.2339133687601208e-02 0.0000000000000000e+00 1
-7.7342748223641025e-02 4.3574888504316463e-02 0.0000000000000000e+00 1
-8.7798117606725068e-02 4.3122575362831081e-02 0.0000000000000000e+00 1
-8.2617704956851015e-02 3.4450385914391694e-02 0.0000000000000000e+00 1
-9.2980475922920330e-02 3.3821155366896498e-02 0.0000000000000000e+00 1
-8.7805848390141175e-02 2.4946302696451816e-02 0.0000000000000000e+00 1
-9.8253012793102640e-02 2.4536546051139425e-02 0.0000000000000000e+00 1
-9.2359285979962569e-02 1.5195651255544481e-02 0.0000000000000000e+00 1
-1.0327089762595028e-01 1.4999986068164451e-02 0.0000000000000000e+00 1
-9.7096521549756412e-02 5.6740635388234468e-03 0.0000000000000000e+00 1
-1.0770462844339868e-01 5.1003372497592054e-03 0.0000000000000000e+00 1
-1.0197121304544109e-01 -4.0245843628186444e-03 0.0000000000000000e+00 1
-1.1270808447593590e-01 -4.6630058835308947e-03 0.0000000000000000e+00 1
-1.0701043651997366e-01 -1.3616020473347756e-02 0.0000000000000000e+00 1
-1.1814325630438866e-01 -1.4323167494609561e-02 0.0000000000000000e+00 1
-1.1161057203158675e-01 -2.3111757714501014e-02 0.0000000000000000e+00 1
-1.2336467149245973e-01 -2.4171323034000599e-02 0.0000000000000000e+00 1
-1.1358977917058768e-01 1.4418718698120461e-02 0.0000000000000000e+00 1
-1.1666290903079943e-01 -3.3340491985864050e-02 0.0000000000000000e+00 1
-1.2854380317532627e-01 -3.4155878723038012e-02 0.0000000000000000e+00 1
-1.3469654040763990e-01 -2.4720946380789848e-02 0.0000000000000000e+00 1
-1.3990987434966626e-01 -3.4628618157209343e-02 0.0000000000000000e+00 1
-1.4584323383595627e-01 -2.5195569878497245e-02 0.0000000000000000e+00 1
-1.5107052265635479e-01 -3.5014194848284864e-02 0.0000000000000000e+00 1
-1.2247247846236678e-01 -4.3838868310562662e-02 0.0000000000000000e+00 1
-1.1038462290412954e-01 -4.3012149860589100e-02 0.0000000000000000e+00 1
-1.5692498700656848e-01 -2.5667430609194908e-02 0.0000000000000000e+00 1
-1.6210612944741010e-01 -3.5384301425152406e-02 0.0000000000000000e+00 1
-1.1631327478922154e-01 -5.3700293340398358e-02 0.0000000000000000e+00 1
-1.0414673686813591e-01 -5.2915792768834818e-02 0.0000000000000000e+00 1
-1.6786182199785463e-01 -2.6046460088467994e-02 0.0000000000000000e+00 1
-1.7303014298429281e-01 -3.5681563440161226e-02 0.0000000000000000e+00 1
-1.6728982039326529e-01 -4.5074576840663287e-02 0.0000000000000000e+00 1
-1.7805492401107001e-01 -4.5586786774882274e-02 0.0000000000000000e+00 1
-1.7242046300243033e-01 -5.4905049896977788e-02 0.0000000000000000e+00 1
-1.8329611998094347e-01 -5.5420063884544811e-02 0.0000000000000000e+00 1
-9.2562344796038490e-02 5.1627869784878905e-02 0.0000000000000000e+00 1
-1.0969658926981188e-01 -6.3345815963146840e-02 0.0000000000000000e+00 1
-9.7636623570891728e-02 -6.2854449236889084e-02 0.0000000000000000e+00 1
-1.8498467397564591e-01 -3.6254481624065242e-02 0.0000000000000000e+00 1
-1.0478151834082808e-01 -7.4697482187511155e-02 0.0000000000000000e+00 1
-9.1601973025604272e-02 -7.3407970582681170e-02 0.0000000000000000e+00 1
2.5904538691812795e-01 -9.0178289076228393e-02 0.0000000000000000e+00 1
2.6596372450354572e-01 -1.0062936619720136e-01 0.0000000000000000e+00 1
-1.7762890867505404e-01 -6.4801783952453534e-02 0.0000000000000000e+00 1
-1.8886718528088303e-01 -6.5183599638828846e-02 0.0000000000000000e+00 1
-7.8505255566256649e-02 7.8607368685092396e-02 0.0000000000000000e+00 1
-7.4122783655745844e-02 8.6960747841775307e-02 0.0000000000000000e+00 1
2.7156238460536741e-01 -8.9473408093262471e-02 0.0000000000000000e+00 1
2.7837178372709726e-01 -9.9904552788640313e-02 0.0000000000000000e+00 1
2.6465670720774842e-01 -7.8924927971597364e-02 0.0000000000000000e+00 1
2.7285474013767202e-01 -1.1091522531494424e-01 0.0000000000000000e+00 1
2.8510598977362428e-01 -1.1017684036378583e-01 0.0000000000000000e+00 1
2.7967528210429787e-01 -1.2107221126140925e-01 0.0000000000000000e+00 1
2.9180081429019300e-01 -1.2028242413468630e-01 0.0000000000000000e+00 1
2.9719781631413517e-01 -1.0949302256025389e-01 0.0000000000000000e+00 1
3.0372283133865119e-01 -1.1955195819723703e-01 0.0000000000000000e+00 1
2.9841978424945015e-01 -1.3015272485298859e-01 0.0000000000000000e+00 1
3.1020499003008062e-01 -1.2938285225996377e-01 0.0000000000000000e+00 1
3.1543827147987125e-01 -1.1895104807212196e-01 0.0000000000000000e+00 1
3.2180125461928738e-01 -1.2864901707385068e-01 0.0000000000000000e+00 1
-9.7291394691026545e-02 -8.4209190171834938e-02 0.0000000000000000e+00 1
-8.4841849976330402e-02 -8.3664873727204006e-02 0.0000000000000000e+00 1
-1.8294054405734156e-01 -7.4764142396288424e-02 0.0000000000000000e+00 1
-1.9426695355920370e-01 -7.5127991587760262e-02 0.0000000000000000e+00 1
-2.0017898438047740e-01 -6.5517714357878135e-02 0.0000000000000000e+00 1
-2.0554983140351937e-01 -7.5410341201937653e-02 0.0000000000000000e+00 1
-2.1140344080202406e-01 -6.5851958785335743e-02 0.0000000000000000e+00 1
-2.1676018068151878e-01 -7.5663487557939835e-02 0.0000000000000000e+00 1
3.7910541989688664e-03 1.0236039372974183e-01 0.0000000000000000e+00 1
-8.3138429576598241e-02 8.6540390887044030e-02 0.0000000000000000e+00 1
-7.9291313479378983e-02 9.4352248054453552e-02 0.0000000000000000e+00 1
3.0559024588697570e-01 -1.3942937186162344e-01 0.0000000000000000e+00 1
-2.2255254128500015e-01 -6.6189973304269220e-02 0.0000000000000000e+00 1
-2.2785687375378244e-01 -7.5765806827110080e-02 0.0000000000000000e+00 1
-8.5010526658087129e-02 -6.2001762915388094e-02 0.0000000000000000e+00 1
3.2698965590819273e-01 -1.1837316081509333e-01 0.0000000000000000e+00 1
3.3322851911489210e-01 -1.2789798570788297e-01 0.0000000000000000e+00 1
-9.1979913309192224e-02 -9.7060721541198866e-02 0.0000000000000000e+00 1
-7.8360103747672244e-02 -9.4581148204845533e-02 0.0000000000000000e+00 1
2.7719228108861527e-01 -7.8318291814206853e-02 0.0000000000000000e+00 1
2.7033731366964225e-01 -6.7642121887673975e-02 0.0000000000000000e+00 1
-1.0392017072331883e-01 -9.4725358060733691e-02 0.0000000000000000e+00 1
-1.6281210269297941e-01 -1.6529331834749750e-02 0.0000000000000000e+00 1
-1.8830440321860686e-01 -8.4872158009560494e-02 0.0000000000000000e+00 1
-8.7654277715115234e-02 9.3935357534823918e-02 0.0000000000000000e+00 1
-8.4066039399153553e-02 1.0125318549946979e-01 0.0000000000000000e+00 1
-2.3365631496610728e-01 -6.6500284772857965e-02 0.0000000000000000e+00 1
-2.3891447486186737e-01 -7.5950529180524598e-02 0.0000000000000000e+00 1
3.3839827087604873e-01 -1.1770457167974023e-01 0.0000000000000000e+00 1
3.4451765911143628e-01 -1.2713368616467546e-01 0.0000000000000000e+00 1
3.3955596268418531e-01 -1.3715703705348400e-01 0.0000000000000000e+00 1
3.5057827919046269e-01 -1.3643993830325432e-01 0.0000000000000000e+00 1
3.4571331855644860e-01 -1.4622118426701444e-01 0.0000000000000000e+00 1
-8.3455841482841547e-02 -1.0713201723448963e-01 0.0000000000000000e+00 1
-7.1268042870462026e-02 -1.0520866001078867e-01 0.0000000000000000e+00 1
-6.5538561674052476e-02 -9.3628219136424717e-02 0.0000000000000000e+00 1
-5.8617359089212964e-02 -1.0422790938866054e-01 0.0000000000000000e+00 1
3.5652006693455024e-01 -1.4548676733836693e-01 0.0000000000000000e+00 1
3.3215673450054839e-01 -1.0824181420187021e-01 0.0000000000000000e+00 1
2.8295856512237227e-01 -6.6976815147731100e-02 0.0000000000000000e+00 1
2.7603153566577399e-01 -5.6230256921577335e-02 0.0000000000000000e+00 1
3.6129815931551801e-01 -1.3588995268426088e-01 0.0000000000000000e+00 1
-6.4446923533727413e-02 -1.1572069177115342e-01 0.0000000000000000e+00 1
-5.1579707178059035e-02 -1.1504722619019005e-01 0.0000000000000000e+00 1
-4.5697031279570623e-02 -1.0351829580163970e-01 0.0000000000000000e+00 1
-3.8640372672294830e-02 -1.1438277204587431e-01 0.0000000000000000e+00 1
-8.6658630755510474e-02 6.4759503607422090e-03 0.0000000000000000e+00 1
-2.2842351437660702e-01 -5.6828536510289580e-02 0.0000000000000000e+00 1
-2.2209439511889895e-01 -8.5203530196983859e-02 0.0000000000000000e+00 1
-2.4457643850210189e-01 -6.6828075129327133e-02 0.0000000000000000e+00 1
-2.4981046421191033e-01 -7.6332798516285244e-02 0.0000000000000000e+00 1
-9.1989771845924329e-02 1.0092438758358495e-01 0.0000000000000000e+00 1
-9.5766524781794565e-02 9.3755716042067699e-02 0.0000000000000000e+00 1
-8.8302937650006311e-02 1.0798989333489649e-01 0.0000000000000000e+00 1
-8.0692730545745855e-02 1.0838191359836445e-01 0.0000000000000000e+00 1
-3.2801290119400424e-02 -1.0280718771258099e-01 0.0000000000000000e+00 1
-2.5658075821252461e-02 -1.1368668526395020e-01 0.0000000000000000e+00 1
-8.4871343611953212e-02 1.1476958264313651e-01 0.0000000000000000e+00 1
-7.7397276323222367e-02 1.1523678900000768e-01 0.0000000000000000e+00 1
3.6717016309365291e-01 -1.4480694208885966e-01 0.0000000000000000e+00 1
3.5173925227785535e-01 -1.5518397286581923e-01 0.0000000000000000e+00 1
-3.1550580418192128e-02 -1.2527358228280294e-01 0.0000000000000000e+00 1
-1.8453171689708781e-02 -1.2467044362164324e-01 0.0000000000000000e+00 1
-1.2545946086195038e-02 -1.1293016487555002e-01 0.0000000000000000e+00 1
-5.2794726066967479e-03 -1.2393995934091918e-01 0.0000000000000000e+00 1
-8.1582398752826177e-02 1.2141746245026359e-01 0.0000000000000000e+00 1
-7.4166879967302549e-02 1.2199827991105290e-01 0.0000000000000000e+00 1
3.4356937322788561e-01 -1.0756666802036847e-01 0.0000000000000000e+00 1
3.3731987484374809e-01 -9.8051989523108285e-02 0.0000000000000000e+00 1
7.1510608984906208e-04 -1.1250313324298167e-01 0.0000000000000000e+00 1
8.0129499568324190e-03 -1.2321801858379249e-01 0.0000000000000000e+00 1
3.7187868737959251e-01 -1.3542203337378800e-01 0.0000000000000000e+00 1
-7.8912391319925848e-02 1.2920187838644839e-01 0.0000000000000000e+00 1
-1.0004069185696420e-01 1.0056482784819762e-01 0.0000000000000000e+00 1
-1.0369636287935016e-01 9.3763402007572827e-02 0.0000000000000000e+00 1
-7.1007565596441211e-02 1.2883662389805095e-01 0.0000000000000000e+00 1
-7.4969011630614951e-02 1.3492686294538866e-01 0.0000000000000000e+00 1
2.8854124808869552e-01 -5.5338368543454995e-02 0.0000000000000000e+00 1
2.8174371444384838e-01 -4.4652258275573446e-02 0.0000000000000000e+00 1
2.6884202498405901e-01 -4.5419875070175190e-02 0.0000000000000000e+00 1
2.7466339216634994e-01 -3.3744377975162165e-02 0.0000000000000000e+00 1
2.6154020647948850e-01 -3.4511080988864969e-02 0.0000000000000000e+00 1
1.9851829517931949e-03 -1.3510072096771425e-01 0.0000000000000000e+00 1
1.5317134402080814e-02 -1.3433322498038253e-01 0.0000000000000000e+00 1
2.1276911655050676e-02 -1.2235335677540012e-01 0.0000000000000000e+00 1
2.8677374160598505e-02 -1.3352619479414304e-01 0.0000000000000000e+00 1
3.4631770071376883e-02 -1.2154218889809730e-01 0.0000000000000000e+00 1
4.2071174891936132e-02 -1.3271250773337659e-01 0.0000000000000000e+00 1
-3.9686659667648956e-02 2.0966930884931081e-01 0.0000000000000000e+00 1
-2.5545224281019413e-01 -6.7236983802094197e-02 0.0000000000000000e+00 1
-2.6059304520848553e-01 -7.6713231816683755e-02 0.0000000000000000e+00 1
-2.5498380391738135e-01 -8.5821351535988008e-02 0.0000000000000000e+00 1
-2.6569819156572388e-01 -8.6146489482768540e-02 0.0000000000000000e+00 1
-1.0813986932309917e-01 1.0000209443255775e-01 0.0000000000000000e+00 1
-1.1145597583269815e-01 9.3529178895059739e-02 0.0000000000000000e+00 1
3.7759680015853947e-01 -1.4409869271982212e-01 0.0000000000000000e+00 1
3.6073563489698771e-02 -1.4477091049367963e-01 0.0000000000000000e+00 1
4.9547978063405891e-02 -1.4392609349922336e-01 0.0000000000000000e+00 1
5.5519949392247206e-02 -1.3184541481849246e-01 0.0000000000000000e+00 1
6.3031256484584602e-02 -1.4305121543173480e-01 0.0000000000000000e+00 1
-6.7616299413683911e-02 1.3535622425108218e-01 0.0000000000000000e+00 1
-7.1794301400765176e-02 1.4166359230467407e-01 0.0000000000000000e+00 1
2.6747025042994566e-01 -2.2695984279688022e-02 0.0000000000000000e+00 1
2.5413832257954466e-01 -2.3457546767614718e-02 0.0000000000000000e+00 1
3.4886283460968653e-01 -9.7353577666606586e-02 0.0000000000000000e+00 1
3.4247691411499714e-01 -8.7847850974891506e-02 0.0000000000000000e+00 1
-2.6007040522796421e-01 -9.5295575160307899e-02 0.0000000000000000e+00 1
-2.7085192097730793e-01 -9.5601493880945118e-02 0.0000000000000000e+00 1
-2.7125779777115927e-01 -7.7102318567527570e-02 0.0000000000000000e+00 1
6.8996527907312158e-02 -1.3093406285235590e-01 0.0000000000000000e+00 1
7.6526062979695247e-02 -1.4216551283450818e-01 0.0000000000000000e+00 1
7.0537463733379935e-02 -1.5433219145745744e-01 0.0000000000000000e+00 1
8.4089981917767856e-02 -1.5341313804024165e-01 0.0000000000000000e+00 1
9.0054471980215350e-02 -1.4121754742727133e-01 0.0000000000000000e+00 1
9.7632220949924547e-02 -1.5246251634989796e-01 0.0000000000000000e+00 1
3.8222731346810424e-01 -1.3491551623135883e-01 0.0000000000000000e+00 1
-1.7678915117955168e-01 -8.4469256911913176e-02 0.0000000000000000e+00 1
-1.8221806753752512e-01 -9.4740553961054977e-02 0.0000000000000000e+00 1
-1.1545382770849813e-01 9.9886739396118418e-02 0.0000000000000000e+00 1
-1.1904740261872310e-01 9.3311596324790191e-02 0.0000000000000000e+00 1
2.9443749986255446e-01 -4.3140090332405227e-02 0.0000000000000000e+00 1
-6.4543896267619555e-02 1.4212364345567277e-01 0.0000000000000000e+00 1
-6.8593429087662097e-02 1.4848392035075003e-01 0.0000000000000000e+00 1
-8.9014862476425233e-02 1.2098007196189638e-01 0.0000000000000000e+00 1
2.6017474098080862e-01 -1.1538448380882851e-02 0.0000000000000000e+00 1
2.4670118486518905e-01 -1.2278490646222662e-02 0.0000000000000000e+00 1
3.8782153332806490e-01 -1.4339870962065043e-01 0.0000000000000000e+00 1
3.8338560074401568e-01 -1.5249874449770121e-01 0.0000000000000000e+00 1
-1.2296115807860658e-01 9.9642820133848259e-02 0.0000000000000000e+00 1
-1.2697055658930717e-01 9.3184181641209993e-02 0.0000000000000000e+00 1
-1.2254336444828068e-01 8.6631700083669660e-02 0.0000000000000000e+00 1
-1.3093579341256906e-01 8.6603128892805539e-02 0.0000000000000000e+00 1
-1.2628364192511193e-01 7.9626408184598416e-02 0.0000000000000000e+00 1
-1.3449403210379043e-01 7.9492051768519978e-02 0.0000000000000000e+00 1
-1.3017343261898642e-01 7.2409383992194973e-02 0.0000000000000000e+00 1
-1.3834463673281266e-01 7.2310000285702142e-02 0.0000000000000000e+00 1
-1.4260977748420345e-01 7.9360946728643800e-02 0.0000000000000000e+00 1
-1.4646012267560338e-01 7.2234778116994233e-02 0.0000000000000000e+00 1
-1.5055435492009567e-01 7.9167994957915752e-02 0.0000000000000000e+00 1
-1.5447959648979703e-01 7.2161358431949485e-02 0.0000000000000000e+00 1
-1.5035327662382666e-01 6.5088691928536141e-02 0.0000000000000000e+00 1
-1.5861457907506016e-01 6.5024731632657803e-02 0.0000000000000000e+00 1
-1.5436971360272503e-01 5.7792723105734960e-02 0.0000000000000000e+00 1
-1.6284974556154119e-01 5.7781062637739494e-02 0.0000000000000000e+00 1
-1.6704555251698083e-01 6.5069006195179996e-02 0.0000000000000000e+00 1
-1.7125005253777292e-01 5.7854488707898659e-02 0.0000000000000000e+00 1
-1.7544936621839330e-01 6.5034877983348824e-02 0.0000000000000000e+00 1
-1.7956546805408022e-01 5.7907908857035596e-02 0.0000000000000000e+00 1
-1.8349085422744293e-01 6.4661662729880054e-02 0.0000000000000000e+00 1
-1.8783432248781440e-01 5.7939371799199647e-02 0.0000000000000000e+00 1
-1.8374342181370429e-01 5.0627408435232550e-02 0.0000000000000000e+00 1
-1.9228712025469658e-01 5.0686942750261928e-02 0.0000000000000000e+00 1
-1.8804683856772936e-01 4.3186536950747006e-02 0.0000000000000000e+00 1
-1.9678265261147049e-01 4.3289439364414629e-02 0.0000000000000000e+00 1
-1.5863030972594816e-01 5.0349248093230305e-02 0.0000000000000000e+00 1
-1.9245139341749612e-01 3.5591599159686994e-02 0.0000000000000000e+00 1
-2.0133334911058370e-01 3.5690441634947813e-02 0.0000000000000000e+00 1
-1.9694772918709300e-01 2.7836815510797707e-02 0.0000000000000000e+00 1
-2.0602832895142867e-01 2.7928146598412914e-02 0.0000000000000000e+00 1
-1.9169026830626876e-01 6.5964538329545852e-02 0.0000000000000000e+00 1
-1.7955728722033393e-01 7.2091604413096380e-02 0.0000000000000000e+00 1
-2.0155593590308563e-01 1.9889284495741486e-02 0.0000000000000000e+00 1
-2.1086944095544560e-01 1.9994672859091362e-02 0.0000000000000000e+00 1
-7.0587097027992499e-02 3.4970525509771859e-02 0.0000000000000000e+00 1
-7.0102108430066756e-02 1.1587507864295502e-01 0.0000000000000000e+00 1
1.0355874368117969e-01 -1.4030325897552959e-01 0.0000000000000000e+00 1
1.1115019592472830e-01 -1.5152172297183716e-01 0.0000000000000000e+00 1
1.0520766865251943e-01 -1.6371670764669299e-01 0.0000000000000000e+00 1
1.1874609883250337e-01 -1.6272817701743372e-01 0.0000000000000000e+00 1
1.2440383338330004e-01 -1.5071780332110227e-01 0.0000000000000000e+00 1
1.3220335634342983e-01 -1.6174588638469700e-01 0.0000000000000000e+00 1
-1.7050195990436504e-01 -9.4326015389250548e-02 0.0000000000000000e+00 1
-1.7602849289137285e-01 -1.0483935947190186e-01 0.0000000000000000e+00 1
1.3807233350484513e-01 -1.4998129335747656e-01 0.0000000000000000e+00 1
1.4567695282031590e-01 -1.6079762255619975e-01 0.0000000000000000e+00 1
-2.0551513565558771e-01 4.3490685073913127e-02 0.0000000000000000e+00 1
2.5296220240335493e-01 -2.6836614376112841e-04 0.0000000000000000e+00 1
2.3927320953155912e-01 -9.6814632575072969e-04 0.0000000000000000e+00 1
-1.6396212653977726e-01 -1.0440725411159270e-01 0.0000000000000000e+00 1
-1.6970155886785027e-01 -1.1511264452724401e-01 0.0000000000000000e+00 1
-1.8152080707379792e-01 -1.1562932643740741e-01 0.0000000000000000e+00 1
-1.5755372826541161e-01 -1.1469398607353196e-01 0.0000000000000000e+00 1
-1.1284524409281373e-01 1.0608452999116907e-01 0.0000000000000000e+00 1
1.3985741765184406e-01 -1.7282515654310623e-01 0.0000000000000000e+00 1
1.5329062176302419e-01 -1.7182466668330201e-01 0.0000000000000000e+00 1
1.5909246014898082e-01 -1.5981702038873566e-01 0.0000000000000000e+00 1
1.6664010253413486e-01 -1.7082504964787196e-01 0.0000000000000000e+00 1
3.5419096475067380e-01 -8.7078663722268676e-02 0.0000000000000000e+00 1
3.4767299411760266e-01 -7.7541396881294647e-02 0.0000000000000000e+00 1
2.9390268893803384e-03 5.6217109177345841e-02 0.0000000000000000e+00 1
-1.8805677075962343e-01 2.7903541978935673e-02 0.0000000000000000e+00 1
-2.0627752537873581e-01 1.1787236775979320e-02 0.0000000000000000e+00 1
-2.1573861621904844e-01 1.1910418565525077e-02 0.0000000000000000e+00 1
-1.7540630723703438e-01 -1.2592905165346349e-01 0.0000000000000000e+00 1
-1.8741816406694359e-01 -1.2644942993559072e-01 0.0000000000000000e+00 1
-2.6523538515567224e-01 -1.0475204479975049e-01 0.0000000000000000e+00 1
-2.7602189773792862e-01 -1.0497575452272119e-01 0.0000000000000000e+00 1
-1.3051591455989506e-01 9.9442818369127925e-02 0.0000000000000000e+00 1
3.9233523317082503e-01 -1.3436306025147360e-01 0.0000000000000000e+00 1
-2.1995498339277766e-01 1.9626504167845941e-02 0.0000000000000000e+00 1
-2.2520712916295274e-01 1.1645889484464845e-02 0.0000000000000000e+00 1
-2.2063600042914847e-01 3.6246874575792437e-03 0.0000000000000000e+00 1
-2.3022301074162627e-01 3.7957362327845135e-03 0.0000000000000000e+00 1
3.8684396076121441e-01 -1.2585966431339976e-01 0.0000000000000000e+00 1
-1.4989819295873133e-01 5.0419009801795617e-02 0.0000000000000000e+00 1
-1.5424849030225404e-01 4.2749001516733262e-02 0.0000000000000000e+00 1
1.6087818492135098e-01 -1.8287408802748503e-01 0.0000000000000000e+00 1
1.7419128588171645e-01 -1.8177960178666375e-01 0.0000000000000000e+00 1
1.7991067350579826e-01 -1.6980696246965268e-01 0.0000000000000000e+00 1
1.8742268371669607e-01 -1.8067768475086510e-01 0.0000000000000000e+00 1
2.3318065728729470e-01 -1.3108141507893516e-02 0.0000000000000000e+00 1
2.2566074547641457e-01 -1.7872909232243212e-03 0.0000000000000000e+00 1
2.3177185008071502e-01 1.0444816679675815e-02 0.0000000000000000e+00 1
2.1807096051167635e-01 9.6047472621820160e-03 0.0000000000000000e+00 1
2.2421051467172237e-01 2.1912883009670269e-02 0.0000000000000000e+00 1
2.1045628570923069e-01 2.1041055831697936e-02 0.0000000000000000e+00 1
2.0477044118836388e-01 8.9958282281529297e-03 0.0000000000000000e+00 1
1.9676516903640345e-01 2.0196183655734907e-02 0.0000000000000000e+00 1
2.0278642755467630e-01 3.2507651347396450e-02 0.0000000000000000e+00 1
1.8900786261888949e-01 3.1583799160283706e-02 0.0000000000000000e+00 1
1.8307849742056903e-01 1.9282163376344377e-02 0.0000000000000000e+00 1
1.7527990285784212e-01 3.0905521124591464e-02 0.0000000000000000e+00 1
1.8100019218048591e-01 4.3067270211638406e-02 0.0000000000000000e+00 1
1.6743156878730042e-01 4.1945564556549630e-02 0.0000000000000000e+00 1
1.6159307351169730e-01 3.0000529598496625e-02 0.0000000000000000e+00 1
1.5395855972025818e-01 4.1014782256245143e-02 0.0000000000000000e+00 1
1.5928018721752837e-01 5.3761430781886360e-02 0.0000000000000000e+00 1
1.4597064024003106e-01 5.2764021664857219e-02 0.0000000000000000e+00 1
1.4045448578441316e-01 4.0073151988049775e-02 0.0000000000000000e+00 1
1.3287772202419168e-01 5.1196010257615034e-02 0.0000000000000000e+00 1
1.3805126308011428e-01 6.3921264371526038e-02 0.0000000000000000e+00 1
1.2514448898164859e-01 6.2094898562094263e-02 0.0000000000000000e+00 1
1.1969333716024805e-01 5.0108089121105613e-02 0.0000000000000000e+00 1
1.1281043225113196e-01 6.1366683134382767e-02 0.0000000000000000e+00 1
1.1778418550906763e-01 7.2800587273416609e-02 0.0000000000000000e+00 1
1.0526361750704205e-01 7.2019535063150744e-02 0.0000000000000000e+00 1
1.1031961574757794e-01 8.3477745094198780e-02 0.0000000000000000e+00 1
9.7855867905856167e-02 8.2687828395261745e-02 0.0000000000000000e+00 1
1.0294996890299797e-01 9.4105472280450644e-02 0.0000000000000000e+00 1
9.0173818883629145e-02 9.3068987858024296e-02 0.0000000000000000e+00 1
1.0010480011748935e-01 5.9867640615810562e-02 0.0000000000000000e+00 1
9.5523686176600689e-02 1.0463826992696916e-01 0.0000000000000000e+00 1
8.2862365957177414e-02 1.0352913258572538e-01 0.0000000000000000e+00 1
7.7262048828613400e-02 9.2677589780775074e-02 0.0000000000000000e+00 1
8.8191784545816151e-02 1.1512520690029397e-01 0.0000000000000000e+00 1
7.5997076206390207e-02 1.1425909452710555e-01 0.0000000000000000e+00 1
8.0995709039596589e-02 1.2552768606808926e-01 0.0000000000000000e+00 1
1.1560864622308728e-01 9.5731370293146031e-02 0.0000000000000000e+00 1
6.8867326347335986e-02 1.2476098524331507e-01 0.0000000000000000e+00 1
7.3806133949891745e-02 1.3583029586610790e-01 0.0000000000000000e+00 1
1.9307993327773604e-01 -1.6876802460696450e-01 0.0000000000000000e+00 1
2.0054435724514530e-01 -1.7960720450108225e-01 0.0000000000000000e+00 1
-6.1479785672283238e-02 1.4868058443024193e-01 0.0000000000000000e+00 1
-6.5270242268589920e-02 1.5520343808427325e-01 0.0000000000000000e+00 1
6.1433551640614911e-02 1.3478092628375082e-01 0.0000000000000000e+00 1
6.6611415700762538e-02 1.4595803386684053e-01 0.0000000000000000e+00 1
3.9334333990059756e-01 -1.5179244702250408e-01 0.0000000000000000e+00 1
3.8898790645018377e-01 -1.6069343268650157e-01 0.0000000000000000e+00 1
9.3615658152113534e-02 1.2667816256619488e-01 0.0000000000000000e+00 1
-7.9269931367764793e-02 1.4123250991567271e-01 0.0000000000000000e+00 1
-6.0068304447295585e-02 1.3686711595671341e-01 0.0000000000000000e+00 1
1.9493700490694890e-01 -1.9149104084445914e-01 0.0000000000000000e+00 1
2.0799167114811326e-01 -1.9026086737263651e-01 0.0000000000000000e+00 1
2.1355934779766997e-01 -1.7863754493708042e-01 0.0000000000000000e+00 1
2.2096238476308908e-01 -1.8909549495059830e-01 0.0000000000000000e+00 1
2.2645157117401707e-01 -1.7765564192723082e-01 0.0000000000000000e+00 1
2.3377951080219161e-01 -1.8806649494202243e-01 0.0000000000000000e+00 1
2.3918639742366937e-01 -1.7662657682709845e-01 0.0000000000000000e+00 1
2.4618175186707938e-01 -1.8688231186408225e-01 0.0000000000000000e+00 1
2.5171829419419345e-01 -1.7563109791814349e-01 0.0000000000000000e+00 1
2.5816872464020529e-01 -1.8626333177162788e-01 0.0000000000000000e+00 1
-2.2563630891620862e-01 -4.6732212322408342e-03 0.0000000000000000e+00 1
-2.3533552653273473e-01 -4.4826486870999842e-03 0.0000000000000000e+00 1
3.4092920779918146e-01 -1.5596036733764082e-01 0.0000000000000000e+00 1
3.4697567949348207e-01 -1.6497473083415023e-01 0.0000000000000000e+00 1
3.3615934674555847e-01 -1.6572304855209710e-01 0.0000000000000000e+00 1
3.4222059768678298e-01 -1.7478288138221390e-01 0.0000000000000000e+00 1
3.3132348547555962e-01 -1.7551063812287274e-01 0.0000000000000000e+00 1
3.3745677755877257e-01 -1.8467915918507161e-01 0.0000000000000000e+00 1
3.2645288713030413e-01 -1.8535760662558295e-01 0.0000000000000000e+00 1
3.4811915114069647e-01 -1.8390639016232480e-01 0.0000000000000000e+00 1
2.7354952387213954e-01 -1.0761572736733992e-02 0.0000000000000000e+00 1
-6.0454283185140661e-03 2.0581597371598825e-01 0.0000000000000000e+00 1
-2.3502224550099826e-01 1.1573458227184008e-02 0.0000000000000000e+00 1
-7.2764524927266178e-02 1.5475255607884911e-01 0.0000000000000000e+00 1
-6.9519299169674406e-02 1.6129325333677746e-01 0.0000000000000000e+00 1
-6.1987968755077949e-02 1.6211866572569028e-01 0.0000000000000000e+00 1
-6.6384863315014600e-02 1.6823487870064874e-01 0.0000000000000000e+00 1
3.5935586230288902e-01 -7.6828610674719758e-02 0.0000000000000000e+00 1
3.5291118495124796e-01 -6.7116370775533910e-02 0.0000000000000000e+00 1
5.4371161453373430e-02 1.4491436341474678e-01 0.0000000000000000e+00 1
5.9530708385205230e-02 1.5600857531300519e-01 0.0000000000000000e+00 1
-2.5431428601205419e-01 -1.0452946764488001e-01 0.0000000000000000e+00 1
-2.5975615638164756e-01 -1.1423998225031219e-01 0.0000000000000000e+00 1
-2.4837234765403063e-01 -1.1395943453952290e-01 0.0000000000000000e+00 1
5.6988667940891871e-02 1.2441897407101886e-01 0.0000000000000000e+00 1
3.9691127038924146e-01 -1.2535717131858815e-01 0.0000000000000000e+00 1
3.9156673433366690e-01 -1.1689641482363462e-01 0.0000000000000000e+00 1
-1.2697627028351191e-01 1.0574862228370220e-01 0.0000000000000000e+00 1
3.3265473297612153e-01 -1.9459853025946749e-01 0.0000000000000000e+00 1
3.2159031729382714e-01 -1.9533761482967535e-01 0.0000000000000000e+00 1
3.1531618385166854e-01 -1.8604340181146620e-01 0.0000000000000000e+00 1
3.1037872592630805e-01 -1.9618777473564966e-01 0.0000000000000000e+00 1
-5.8229092509929567e-02 1.6896855023750709e-01 0.0000000000000000e+00 1
-6.3243757478627816e-02 1.7559425818441407e-01 0.0000000000000000e+00 1
-1.2042470170625899e-01 -6.3309213464299394e-02 0.0000000000000000e+00 1
-4.8273402303887034e-02 8.0690667845064679e-02 0.0000000000000000e+00 1
-1.8122274464783733e-01 -1.3685625920506822e-01 0.0000000000000000e+00 1
-2.7604671004046684e-02 1.0087720546755419e-01 0.0000000000000000e+00 1
2.4023032339040257e-01 -1.9871908559026014e-01 0.0000000000000000e+00 1
-1.3373671030889928e-01 1.0574669188076609e-01 0.0000000000000000e+00 1
-1.9362415038934122e-01 -1.3715444809866473e-01 0.0000000000000000e+00 1
-1.4042105300863028e-01 -1.5797737833336895e-02 0.0000000000000000e+00 1
-1.4554912226743694e-01 4.2952479538732331e-02 0.0000000000000000e+00 1
-1.4979218562040963e-01 3.4918062805693741e-02 0.0000000000000000e+00 1
-2.8149723614983713e-01 -9.5808663067466923e-02 0.0000000000000000e+00 1
-2.8662047273145197e-01 -1.0510041132895720e-01 0.0000000000000000e+00 1
-2.9199063806983450e-01 -9.6104194960331013e-02 0.0000000000000000e+00 1
-2.9701499699340250e-01 -1.0520085644361306e-01 0.0000000000000000e+00 1
-3.0235243896229941e-01 -9.6460287759521604e-02 0.0000000000000000e+00 1
-3.0716243637408241e-01 -1.0520995599896987e-01 0.0000000000000000e+00 1
-2.9824349931456168e-01 -8.5749781534573521e-02 0.0000000000000000e+00 1
-2.5032751022504668e-01 -5.7715851372194329e-02 0.0000000000000000e+00 1
-2.6109757166842346e-01 -5.8295188794902052e-02 0.0000000000000000e+00 1
-2.5595678196862753e-01 -4.8890125833614344e-02 0.0000000000000000e+00 1
-2.6647614358984051e-01 -4.9345911394860227e-02 0.0000000000000000e+00 1
-2.6149946488772363e-01 -4.0139597767138310e-02 0.0000000000000000e+00 1
-2.7172828653866482e-01 -4.0479425230490716e-02 0.0000000000000000e+00 1
-2.6709918433456570e-01 -3.1556548656790841e-02 0.0000000000000000e+00 1
-2.7675533788158385e-01 -4.9520614678382674e-02 0.0000000000000000e+00 1
1.6845952610807291e-01 -1.9388350288447087e-01 0.0000000000000000e+00 1
2.6355069017795363e-01 -1.7502216728871189e-01 0.0000000000000000e+00 1
3.9878596306943259e-01 -1.6005523388548695e-01 0.0000000000000000e+00 1
3.9445339382671796e-01 -1.6884576460042239e-01 0.0000000000000000e+00 1
4.0310789558176741e-01 -1.5132402168763381e-01 0.0000000000000000e+00 1
4.7491460807539444e-02 1.5443866181303326e-01 0.0000000000000000e+00 1
5.2545384987158529e-02 1.6595327223371642e-01 0.0000000000000000e+00 1
1.6913471474913627e-01 -9.5523112380567848e-02 0.0000000000000000e+00 1
1.1281233235879951e-01 -1.7487731436109846e-01 0.0000000000000000e+00 1
-2.5377104890389305e-02 1.6232160228537826e-01 0.0000000000000000e+00 1
2.7288214588570635e-02 -1.1041645949952460e-01 0.0000000000000000e+00 1
2.5700843671068213e-01 -1.6450270124309557e-01 0.0000000000000000e+00 1
-7.0822668206341243e-03 -1.0188759429465748e-01 0.0000000000000000e+00 1
-3.9777013764026294e-02 -9.2039593025160404e-02 0.0000000000000000e+00 1
6.1424565916862461e-02 -1.1980558214545911e-01 0.0000000000000000e+00 1
9.5936862436999240e-02 -1.2911944697690858e-01 0.0000000000000000e+00 1
1.0942933422964914e-01 -1.2819012475060942e-01 0.0000000000000000e+00 1
1.0186678133432590e-01 -1.1705781384081713e-01 0.0000000000000000e+00 1
1.8563561231070558e-01 -1.5791900699514697e-01 0.0000000000000000e+00 1
1.9858045295520388e-01 -1.5683620260970838e-01 0.0000000000000000e+00 1
-2.8125018881390557e-01 -1.1428296186406675e-01 0.0000000000000000e+00 1
-4.1973895464297542e-02 5.4574144201800540e-02 0.0000000000000000e+00 1
-1.0414345555991777e-01 3.3532365560263511e-02 0.0000000000000000e+00 1
4.3506942819175595e-02 -1.5587813137499812e-01 0.0000000000000000e+00 1
-3.1224525355722432e-01 -9.6831365853035131e-02 0.0000000000000000e+00 1
-3.1697053837410055e-01 -1.0526136575329242e-01 0.0000000000000000e+00 1
7.8055052185272658e-02 -1.6546891945410971e-01 0.0000000000000000e+00 1
-1.9815990619018568e-02 3.7633327746208547e-02 0.0000000000000000e+00 1
7.6014969895548665e-02 -5.5302473490224269e-02 0.0000000000000000e+00 1
2.4838222328992576e-01 -3.4992924956291638e-02 0.0000000000000000e+00 1
-2.1607833311281666e-01 -4.7195287077095157e-03 0.0000000000000000e+00 1
3.3094773030159502e-01 -8.8450492127929173e-02 0.0000000000000000e+00 1
2.0190114486160468e-01 -2.0202839188639876e-01 0.0000000000000000e+00 1
2.2000919550061226e-01 -1.3887779095678043e-02 0.0000000000000000e+00 1
-2.3885854924500273e-02 -1.3626543601729474e-01 0.0000000000000000e+00 1
-5.4610676314430687e-02 2.4140320260821366e-01 0.0000000000000000e+00 1
4.9264227894898899e-03 -4.8156983175713956e-03 0.0000000000000000e+00 1
6.3227974130799600e-02 -5.5963505733269046e-02 0.0000000000000000e+00 1
9.2782740012865243e-03 -1.4632302052322840e-01 0.0000000000000000e+00 1
1.5505106000105012e-01 -1.9496230234129081e-01 0.0000000000000000e+00 1
2.3803275789931025e-01 2.2749479676176774e-02 0.0000000000000000e+00 1
2.3036764834965928e-01 3.4327759943454002e-02 0.0000000000000000e+00 1
-5.7477449465584286e-02 -1.2661259733362792e-01 0.0000000000000000e+00 1
-7.0493487439463445e-02 -1.2720338183001356e-01 0.0000000000000000e+00 1
-6.3469880543150364e-02 -1.3826791579686840e-01 0.0000000000000000e+00 1
-7.6725074674602795e-02 -1.3886004660404647e-01 0.0000000000000000e+00 1
-6.9540437525611704e-02 -1.5006366685861613e-01 0.0000000000000000e+00 1
-8.2949206472065926e-02 -1.5066374081774619e-01 0.0000000000000000e+00 1
-7.5676828445189165e-02 -1.6201465403133516e-01 0.0000000000000000e+00 1
-6.2158583167337689e-02 -1.6135499680533258e-01 0.0000000000000000e+00 1
-8.9137266440418944e-02 -1.6257966582621611e-01 0.0000000000000000e+00 1
-9.6383032122064810e-02 -1.5122826170985720e-01 0.0000000000000000e+00 1
1.8661406255484392e-01 -6.0531560812215855e-02 0.0000000000000000e+00 1
3.8276477577202390e-03 1.6513851265889962e-01 0.0000000000000000e+00 1
-2.2093173457264603e-01 -1.3237171280102522e-02 0.0000000000000000e+00 1
3.5743226035911804e-02 7.3338807706943418e-03 0.0000000000000000e+00 1
-1.7350888910073239e-01 -1.6913786870277149e-02 0.0000000000000000e+00 1
9.3235903902223624e-02 -2.1044504894425917e-02 0.0000000000000000e+00 1
1.0611379190576462e-01 -2.0258217685654049e-02 0.0000000000000000e+00 1
9.8959224513451988e-02 -9.4413145245853831e-03 0.0000000000000000e+00 1
1.1194242605813992e-01 -8.6740317461697376e-03 0.0000000000000000e+00 1
2.4925079731261825e-02 -3.5831621064835603e-02 0.0000000000000000e+00 1
1.2464526338128392e-02 -3.6466968785578514e-02 0.0000000000000000e+00 1
1.9261351440358652e-02 -4.6942822531615309e-02 0.0000000000000000e+00 1
6.7457059217072950e-03 -4.7550599384876442e-02 0.0000000000000000e+00 1
-1.5301978453447226e-05 -3.7057785145365348e-02 0.0000000000000000e+00 1
-5.7423938172811015e-03 -4.8122755872259976e-02 0.0000000000000000e+00 1
-1.2426906075537054e-02 -3.7671740738254418e-02 0.0000000000000000e+00 1
7.0258941587995416e-03 1.3020879834740121e-01 0.0000000000000000e+00 1
-9.7728850662380351e-02 -4.1884043731086118e-02 0.0000000000000000e+00 1
-1.6881210432768690e-01 -1.3645930885631036e-01 0.0000000000000000e+00 1
4.0149800036965827e-01 -1.1628081644491874e-01 0.0000000000000000e+00 1
3.9617607273025779e-01 -1.0785583342051543e-01 0.0000000000000000e+00 1
4.0661141742426149e-01 -1.2547100657391330e-01 0.0000000000000000e+00 1
-1.6861660886761021e-01 -7.8055639609579605e-03 0.0000000000000000e+00 1
1.5605520885970356e-01 -9.6284350911803374e-02 0.0000000000000000e+00 1
-9.7044365927773490e-02 -1.2754228805000852e-02 0.0000000000000000e+00 1
-1.5175969088403757e-01 -1.0387193207409390e-01 0.0000000000000000e+00 1
-1.4523059735388255e-01 -1.1422488786993083e-01 0.0000000000000000e+00 1
7.9014506969404402e-02 1.4711543515902517e-01 0.0000000000000000e+00 1
-2.0023525029298311e-01 -1.2517285436912282e-01 0.0000000000000000e+00 1
-2.0609833607626873e-01 -1.3717415537827843e-01 0.0000000000000000e+00 1
-1.8122304778648457e-02 -4.8666192897852040e-02 0.0000000000000000e+00 1
-2.4768995720735657e-02 -3.8292821277023145e-02 0.0000000000000000e+00 1
-3.0425983509699155e-02 -4.9212387629254839e-02 0.0000000000000000e+00 1
-3.6986745570665648e-02 -3.8878384456474069e-02 0.0000000000000000e+00 1
-3.1312202507821921e-02 -2.7999734630230977e-02 0.0000000000000000e+00 1
-4.3547923469868889e-02 -2.8656146964419333e-02 0.0000000000000000e+00 1
-3.8050334241540910e-02 -1.7973503113711476e-02 0.0000000000000000e+00 1
3.4115267005660527e-01 -6.7724166366383495e-02 0.0000000000000000e+00 1
3.4649178809976716e-01 -5.7092795440689924e-02 0.0000000000000000e+00 1
-3.0240983522052112e-01 -1.1407143408204508e-01 0.0000000000000000e+00 1
7.0217547929498914e-02 -6.6750152902452703e-02 0.0000000000000000e+00 1
5.7447353672914314e-02 -6.7319444366739867e-02 0.0000000000000000e+00 1
-9.8736294718735323e-02 8.6998562387873193e-02 0.0000000000000000e+00 1
2.3175042940703650e-01 -1.6629375365430046e-01 0.0000000000000000e+00 1
-2.5403265501161193e-01 -1.2394468431404397e-01 0.0000000000000000e+00 1
-1.6641766921788759e-01 -6.4380127541704732e-02 0.0000000000000000e+00 1
-5.4832742230112475e-02 1.7616826359203241e-01 0.0000000000000000e+00 1
-6.0014600516876557e-02 1.8295572932874088e-01 0.0000000000000000e+00 1
1.9969054596607874e-01 -5.9748742940524471e-02 0.0000000000000000e+00 1
-1.0259412587951090e-01 -1.6310955880240721e-01 0.0000000000000000e+00 1
-1.3266676773708935e-04 1.9787737794709906e-01 0.0000000000000000e+00 1
3.9411749827427921e-03 2.0724843109597937e-01 0.0000000000000000e+00 1
1.0161497666225490e-02 1.9874663137898316e-01 0.0000000000000000e+00 1
-1.0976961027008092e-01 -1.5179008288480939e-01 0.0000000000000000e+00 1
-1.7446904195134571e-02 2.2075980153154234e-01 0.0000000000000000e+00 1
-2.3875404043053890e-02 1.2756621542620430e-01 0.0000000000000000e+00 1
1.9133935654412659e-01 -1.4609893918269298e-01 0.0000000000000000e+00 1
-7.6949774390598344e-02 1.6077357532988307e-01 0.0000000000000000e+00 1
1.6324058620597606e-01 -1.0679242232004647e-01 0.0000000000000000e+00 1
1.3547410802723129e-02 -5.8140937404109375e-02 0.0000000000000000e+00 1
1.0474109754814054e-01 2.1681126568463363e-03 0.0000000000000000e+00 1
9.1837160176306415e-02 1.3833600467124789e-03 0.0000000000000000e+00 1
-1.3081986070404797e-01 1.1166871803641500e-01 0.0000000000000000e+00 1
-2.5218290624737871e-01 -3.9092219530822980e-02 0.0000000000000000e+00 1
-1.2171341926565185e-01 7.2684962536134171e-02 0.0000000000000000e+00 1
-1.2582956182097421e-01 6.5158723963047172e-02 0.0000000000000000e+00 1
-1.7471171394151497e-01 -1.4751576059581997e-01 0.0000000000000000e+00 1
-1.6203632980009397e-01 -1.4716045530345201e-01 0.0000000000000000e+00 1
1.9242600100485574e-01 -4.8756759313965427e-02 0.0000000000000000e+00 1
3.8467251493261223e-01 -1.6953393997210198e-01 0.0000000000000000e+00 1
3.9029815599965906e-01 -1.7778057716302423e-01 0.0000000000000000e+00 1
-6.8373638969153397e-02 -1.7348807281796175e-01 0.0000000000000000e+00 1
-5.4637174490552956e-02 -1.7280987948223994e-01 0.0000000000000000e+00 1
1.6269617304127090e-01 -2.0611771380286018e-01 0.0000000000000000e+00 1
1.4911053682245512e-01 -2.0717197413303554e-01 0.0000000000000000e+00 1
3.6457929543757467e-01 -6.6546094248537344e-02 0.0000000000000000e+00 1
3.7090874973372118e-01 -7.6195219338290390e-02 0.0000000000000000e+00 1
-2.8187488656362675e-01 -4.0772671032628778e-02 0.0000000000000000e+00 1
-2.8674435661413333e-01 -4.9534188543859207e-02 0.0000000000000000e+00 1
-4.2643660424877140e-02 -4.9738467456165225e-02 0.0000000000000000e+00 1
-4.9895026041621000e-02 -1.8566090679224920e-02 0.0000000000000000e+00 1
-4.4445776471017946e-02 -8.0423410010533238e-03 0.0000000000000000e+00 1
-5.5401288929629408e-02 -2.9144708682603455e-02 0.0000000000000000e+00 1
-7.1444018521437780e-02 1.7489622730060281e-01 0.0000000000000000e+00 1
3.2784808139982174e-01 -2.0447906351747913e-01 0.0000000000000000e+00 1
3.3880589439522307e-01 -2.0374472593793511e-01 0.0000000000000000e+00 1
4.0836671929896534e-01 -1.5936803924115128e-01 0.0000000000000000e+00 1
4.1260721104643339e-01 -1.5093234237446143e-01 0.0000000000000000e+00 1
-1.1534406312477616e-01 -1.6400258138453944e-01 0.0000000000000000e+00 1
-5.1847802058385309e-02 1.8373917033951617e-01 0.0000000000000000e+00 1
-5.6702282778913572e-02 1.9002188383165611e-01 0.0000000000000000e+00 1
-6.4869237041876290e-02 1.8950076577750019e-01 0.0000000000000000e+00 1
-6.1036416926855436e-02 1.9722357452998776e-01 0.0000000000000000e+00 1
6.4796242830727976e-02 1.6710177062430459e-01 0.0000000000000000e+00 1
2.4437346041124330e-01 3.5181916934094865e-02 0.0000000000000000e+00 1
2.3653118096884118e-01 4.6946933818566877e-02 0.0000000000000000e+00 1
-1.3742193019562188e-01 1.1147209990847427e-01 0.0000000000000000e+00 1
-1.4091585621816141e-01 1.0497116307403043e-01 0.0000000000000000e+00 1
9.7562590307047115e-02 1.2951319166053132e-02 0.0000000000000000e+00 1
8.4721186126738457e-02 1.2160042728125348e-02 0.0000000000000000e+00 1
-3.2180716403073545e-01 -9.7247044521618017e-02 0.0000000000000000e+00 1
-3.2636020579421338e-01 -1.0555067813753184e-01 0.0000000000000000e+00 1
-3.1814845264922653e-01 -8.9111852409368295e-02 0.0000000000000000e+00 1
-3.2165212412899946e-01 -1.1326372739479025e-01 0.0000000000000000e+00 1
-3.3078403116599403e-01 -1.1354742347638885e-01 0.0000000000000000e+00 1
2.3954783794973411e-01 -8.0283047539657773e-02 0.0000000000000000e+00 1
2.9392898308914667e-01 -1.4022728333395307e-01 0.0000000000000000e+00 1
3.0402302887559973e-01 -1.8677565562217074e-01 0.0000000000000000e+00 1
2.9896741902639562e-01 -1.9703475554662056e-01 0.0000000000000000e+00 1
3.0544831294575259e-01 -2.0654109021609499e-01 0.0000000000000000e+00 1
2.9387736457845082e-01 -2.0742580040197869e-01 0.0000000000000000e+00 1
9.8811464048535920e-03 1.5676493581282178e-01 0.0000000000000000e+00 1
1.4126552478462468e-02 1.6597745330731703e-01 0.0000000000000000e+00 1
-5.4123425246998771e-02 1.6278095352919414e-01 0.0000000000000000e+00 1
3.8172518521350512e-01 -1.1683447382363399e-01 0.0000000000000000e+00 1
5.7663675476396239e-02 1.7716632684279676e-01 0.0000000000000000e+00 1
1.4151743838350356e-02 2.0835564549512320e-01 0.0000000000000000e+00 1
2.0828115127222671e-02 1.9984144066389611e-01 0.0000000000000000e+00 1
3.7612759147176311e-01 -6.6009999464362104e-02 0.0000000000000000e+00 1
3.8228706028092729e-01 -7.5564900346913655e-02 0.0000000000000000e+00 1
-1.4115524397070858e-01 3.5006862817994359e-02 0.0000000000000000e+00 1
-1.4512676276176048e-01 2.6861203153081836e-02 0.0000000000000000e+00 1
-1.5451803598034780e-01 2.6810771266245984e-02 0.0000000000000000e+00 1
-1.4982370841893158e-01 1.8528238341698033e-02 0.0000000000000000e+00 1
1.1775086365297983e-01 2.9932725343408020e-03 0.0000000000000000e+00 1
1.2498223941488257e-01 -7.9289838504780722e-03 0.0000000000000000e+00 1
-1.9680849283020349e-01 1.1712627738161754e-02 0.0000000000000000e+00 1
2.0417572827590025e-01 -1.4501853391962419e-01 0.0000000000000000e+00 1
1.5074603153238333e-01 -1.0823103075317912e-01 0.0000000000000000e+00 1
7.8225244872856554e-03 2.1713646178661070e-01 0.0000000000000000e+00 1
-2.1162738469714659e-01 -1.3609749529180743e-02 0.0000000000000000e+00 1
-2.1619022925825770e-01 -2.2148739733201667e-02 0.0000000000000000e+00 1
3.3451074868017439e-01 -5.7753665369518446e-02 0.0000000000000000e+00 1
3.3995137195763714e-01 -4.6904935865294130e-02 0.0000000000000000e+00 1
3.5207550096451984e-01 -4.6314266229203226e-02 0.0000000000000000e+00 1
3.4551674081618128e-01 -3.5986365770371224e-02 0.0000000000000000e+00 1
3.3315356506001365e-01 -3.6573440722331402e-02 0.0000000000000000e+00 1
3.3883133171549745e-01 -2.5410330179182289e-02 0.0000000000000000e+00 1
3.2615937723909377e-01 -2.6022416513884407e-02 0.0000000000000000e+00 1
-1.5844191928039225e-01 7.9029303248829716e-02 0.0000000000000000e+00 1
-1.5463400316674403e-01 8.5775321896000914e-02 0.0000000000000000e+00 1
-1.6221930270064425e-01 8.5719719053660284e-02 0.0000000000000000e+00 1
-1.5861914925605142e-01 9.2278052846484521e-02 0.0000000000000000e+00 1
-1.6587460232641638e-01 9.2154187012558841e-02 0.0000000000000000e+00 1
-1.6248108135883804e-01 9.8404340705894877e-02 0.0000000000000000e+00 1
-1.6951492288425557e-01 9.8319931308596176e-02 0.0000000000000000e+00 1
-1.7297747341430403e-01 9.2191219379123682e-02 0.0000000000000000e+00 1
-1.7652246272623112e-01 9.8225036516302613e-02 0.0000000000000000e+00 1
-1.7995965255963411e-01 9.2260612309511977e-02 0.0000000000000000e+00 1
-1.8336433869761973e-01 9.8213679655138608e-02 0.0000000000000000e+00 1
-1.8684057934384773e-01 9.2320309443979343e-02 0.0000000000000000e+00 1
2.9713608913857104e-01 -6.5697401621468657e-02 0.0000000000000000e+00 1
4.3130338309885476e-02 1.4336835863560354e-01 0.0000000000000000e+00 1
3.8044023776514263e-01 -1.7843305463802719e-01 0.0000000000000000e+00 1
3.8604831249093396e-01 -1.8669771526874931e-01 0.0000000000000000e+00 1
-2.0607746251950379e-01 -5.6217941294407082e-02 0.0000000000000000e+00 1
-1.1512474543219204e-02 -5.9016053654451027e-02 0.0000000000000000e+00 1
-1.0256535425073367e-01 -1.3846885165157913e-01 0.0000000000000000e+00 1
-2.4244011150678213e-01 -1.2368824513024525e-01 0.0000000000000000e+00 1
-2.4795900269727639e-01 -1.3380583126419862e-01 0.0000000000000000e+00 1
-2.5968282902806461e-01 -1.3401118828443906e-01 0.0000000000000000e+00 1
4.0613677673494009e-01 -1.0722786913629047e-01 0.0000000000000000e+00 1
2.6742123822946051e-01 -1.2187264684280963e-01 0.0000000000000000e+00 1
1.5696193103965508e-01 -2.1839504120909040e-01 0.0000000000000000e+00 1
3.9993199758802150e-01 -1.7691346356686791e-01 0.0000000000000000e+00 1
1.7047580020224268e-01 -2.1730892393403964e-01 0.0000000000000000e+00 1
-6.9582522507866798e-02 1.9611996426977779e-01 0.0000000000000000e+00 1
-6.6611048763993971e-02 2.0358071498616367e-01 0.0000000000000000e+00 1
-1.4383999516035886e-01 1.1121376190724837e-01 0.0000000000000000e+00 1
-1.5944846948766897e-01 1.8536418555839981e-02 0.0000000000000000e+00 1
3.0904727424258244e-01 -1.7654336421555586e-01 0.0000000000000000e+00 1
6.4923483083487249e-02 -7.7864623560382221e-02 0.0000000000000000e+00 1
7.7406575017069587e-02 -7.7529565037726372e-02 0.0000000000000000e+00 1
-1.9367365878580081e-01 -9.4377395089362923e-02 0.0000000000000000e+00 1
-3.2620742314471673e-01 -1.2108692234730423e-01 0.0000000000000000e+00 1
-3.3503591704176339e-01 -1.2081444007069493e-01 0.0000000000000000e+00 1
3.3405843046576855e-01 -2.1356490810631329e-01 0.0000000000000000e+00 1
3.0048602176013678e-01 -2.1709409933624471e-01 0.0000000000000000e+00 1
2.8879449649987327e-01 -2.1801523565441308e-01 0.0000000000000000e+00 1
-3.1268903029122955e-02 2.5283518583147008e-01 0.0000000000000000e+00 1
3.7611639971806277e-01 -1.8734378099706461e-01 0.0000000000000000e+00 1
-1.9965429970083071e-01 -1.4799745194399241e-01 0.0000000000000000e+00 1
5.1369319211076840e-02 -7.8908031882056792e-02 0.0000000000000000e+00 1
-7.0420969328397920e-02 9.4898995716506743e-02 0.0000000000000000e+00 1
-5.9668543997129005e-03 8.3582109659699880e-02 0.0000000000000000e+00 1
-1.4521057344094829e-01 -4.4363650159133142e-02 0.0000000000000000e+00 1
-2.1169986718573133e-01 -1.4848228789154996e-01 0.0000000000000000e+00 1
-1.0872006662357031e-01 -1.7513564667412063e-01 0.0000000000000000e+00 1
-1.3954901890539337e-01 -1.0331281994417435e-01 0.0000000000000000e+00 1
-1.4606673271681919e-01 -9.3010796983637692e-02 0.0000000000000000e+00 1
-1.3287728908189914e-01 -1.1376315577847944e-01 0.0000000000000000e+00 1
-1.3853085375852320e-01 -1.2474392508991262e-01 0.0000000000000000e+00 1
4.0083278739610112e-01 -9.8790257515423849e-02 0.0000000000000000e+00 1
-3.3104163615674082e-01 -9.8197554098805720e-02 0.0000000000000000e+00 1
-6.1583141986840909e-02 -1.9037057281276120e-02 0.0000000000000000e+00 1
-6.5435323208173551e-02 2.5753755051162769e-01 0.0000000000000000e+00 1
-4.6302730866761801e-02 1.7679890975639118e-01 0.0000000000000000e+00 1
-1.7975889536099199e-01 4.3334763608152777e-02 0.0000000000000000e+00 1
2.0531185626637319e-01 -4.8171687771960091e-02 0.0000000000000000e+00 1
1.9695054074469392e-01 -1.3433238596161476e-01 0.0000000000000000e+00 1
1.3086299863842021e-01 3.7561236064806037e-03 0.0000000000000000e+00 1
1.3796329980966174e-01 -7.1010680991820821e-03 0.0000000000000000e+00 1
-3.3932371357303481e-01 -1.1377778785584915e-01 0.0000000000000000e+00 1
-2.2624832501284459e-01 -2.1900196553435142e-02 0.0000000000000000e+00 1
1.5761132359579869e-01 -1.1794653862988681e-01 0.0000000000000000e+00 1
-2.3694014688418868e-01 -1.1356973201924646e-01 0.0000000000000000e+00 1
-1.6805164908628717e-01 -1.5847818157054946e-01 0.0000000000000000e+00 1
-1.5509294475018515e-01 -1.5812520555245294e-01 0.0000000000000000e+00 1
9.0432490194739243e-02 2.3643894799187590e-02 0.0000000000000000e+00 1
7.7654320323999756e-02 2.2813340988507676e-02 0.0000000000000000e+00 1
-6.7177894266924124e-02 -2.9584806572785519e-02 0.0000000000000000e+00 1
4.5032343468841177e-02 1.7606669187085996e-01 0.0000000000000000e+00 1
5.0428332415828378e-02 1.8730776884572375e-01 0.0000000000000000e+00 1
-1.1724787054240550e-01 6.5422466501633705e-02 0.0000000000000000e+00 1
-1.2137492406480621e-01 5.7647231636971379e-02 0.0000000000000000e+00 1
3.8175476096799893e-01 -1.9564128009038001e-01 0.0000000000000000e+00 1
3.7183916383570415e-01 -1.9634419531633365e-01 0.0000000000000000e+00 1
2.9760254133800962e-01 -1.7724977198383898e-01 0.0000000000000000e+00 1
-2.9189770309589924e-01 -4.0972513984460807e-02 0.0000000000000000e+00 1
-2.9664544183176977e-01 -4.9687133024065529e-02 0.0000000000000000e+00 1
-2.8711067405011625e-01 -3.2233140353969486e-02 0.0000000000000000e+00 1
-2.9170556748756771e-01 -5.8484591040497552e-02 0.0000000000000000e+00 1
-3.0146542273499377e-01 -5.8360080293606544e-02 0.0000000000000000e+00 1
3.4488154205159527e-01 -2.1283157058203508e-01 0.0000000000000000e+00 1
3.7692817410178792e-01 -8.5531797342597235e-02 0.0000000000000000e+00 1
-3.2227985851248697e-02 -7.1764476712158206e-03 0.0000000000000000e+00 1
-3.9174236253886316e-02 2.4063474074770244e-03 0.0000000000000000e+00 1
-5.0750760874020071e-02 1.7803365587432901e-03 0.0000000000000000e+00 1
-4.5565530148534351e-02 1.2002138039252113e-02 0.0000000000000000e+00 1
-1.3426089456736623e-01 1.1719046528493525e-01 0.0000000000000000e+00 1
-1.2801552499974916e-01 1.1738857690101519e-01 0.0000000000000000e+00 1
-3.4326812944042989e-01 -1.2067375996436402e-01 0.0000000000000000e+00 1
-3.3940406959733777e-01 -1.2750156541105798e-01 0.0000000000000000e+00 1
-6.0976592910542221e-02 -1.8509449474468156e-01 0.0000000000000000e+00 1
-4.7146846682091272e-02 -1.8441190590111972e-01 0.0000000000000000e+00 1
-4.0815954579808481e-02 -1.7208001385253036e-01 0.0000000000000000e+00 1
-3.3279919542765816e-02 -1.8372154038272803e-01 0.0000000000000000e+00 1
-2.7013919676252322e-02 -1.7134777490634853e-01 0.0000000000000000e+00 1
-1.9390733436291913e-02 -1.8298795665384240e-01 0.0000000000000000e+00 1
-2.5721267352502776e-02 -1.9547365027682073e-01 0.0000000000000000e+00 1
-1.1708920896995911e-02 -1.9472544383788884e-01 0.0000000000000000e+00 1
-5.3860338185905653e-03 -1.8243561508118647e-01 0.0000000000000000e+00 1
2.3293945374358209e-03 -1.9398410217809572e-01 0.0000000000000000e+00 1
7.7778888482120181e-03 -1.8185695597824592e-01 0.0000000000000000e+00 1
1.5833961629031761e-02 -1.9351202309938179e-01 0.0000000000000000e+00 1
-1.9006596390340136e-01 9.8355814790359888e-02 0.0000000000000000e+00 1
-1.9361749005170376e-01 9.2366342413330624e-02 0.0000000000000000e+00 1
1.4326788167986804e-01 -2.1928728509023152e-01 0.0000000000000000e+00 1
1.3539866138421025e-01 -2.0814179522942960e-01 0.0000000000000000e+00 1
4.1776646980716203e-01 -1.5870502018841590e-01 0.0000000000000000e+00 1
4.2194322883382324e-01 -1.5049400517464451e-01 0.0000000000000000e+00 1
3.3203639147465908e-01 -1.4649785021598158e-02 0.0000000000000000e+00 1
3.1909153177163002e-01 -1.5268521598711874e-02 0.0000000000000000e+00 1
-3.0644628111134370e-01 -4.9941384519031483e-02 0.0000000000000000e+00 1
-3.1114664807903197e-01 -5.8507643939068814e-02 0.0000000000000000e+00 1
3.5777956672794919e-01 -3.5436017002585217e-02 0.0000000000000000e+00 1
2.5067168403090168e-01 4.7788555976817589e-02 0.0000000000000000e+00 1
2.5845472748227749e-01 3.5973760312107132e-02 0.0000000000000000e+00 1
1.1528220628820696e-01 -1.1613281602994345e-01 0.0000000000000000e+00 1
1.0780431363761801e-01 -1.0508077255969696e-01 0.0000000000000000e+00 1
-1.3391978402134574e-01 -9.2407344519728804e-02 0.0000000000000000e+00 1
-1.6609732796963922e-01 1.0429795115821933e-01 0.0000000000000000e+00 1
-1.9023810026630988e-01 8.6401495329173558e-02 0.0000000000000000e+00 1
-1.9709289076946968e-01 8.6512785813774210e-02 0.0000000000000000e+00 1
-2.0042956893769703e-01 9.2421096740721548e-02 0.0000000000000000e+00 1
-2.0387391762071419e-01 8.6628827435905498e-02 0.0000000000000000e+00 1
-2.0704628007771897e-01 9.2494792531226180e-02 0.0000000000000000e+00 1
-2.1058073306144171e-01 8.6788145032465971e-02 0.0000000000000000e+00 1
-2.0734103478289925e-01 8.0733976463967141e-02 0.0000000000000000e+00 1
-2.1431504933020867e-01 8.1031898175044567e-02 0.0000000000000000e+00 1
-2.1094246523517499e-01 7.4699450837766773e-02 0.0000000000000000e+00 1
-2.1809531683855232e-01 7.4884387952937503e-02 0.0000000000000000e+00 1
-2.1465313644331518e-01 6.8400911762054498e-02 0.0000000000000000e+00 1
-2.2229629217596697e-01 6.8809451877239011e-02 0.0000000000000000e+00 1
-2.1863304527023678e-01 6.1977252613561608e-02 0.0000000000000000e+00 1
-2.2648636249751364e-01 6.2358382661864116e-02 0.0000000000000000e+00 1
-2.2250364906419950e-01 5.5211291416412359e-02 0.0000000000000000e+00 1
-2.3048631331010555e-01 5.5390788336729314e-02 0.0000000000000000e+00 1
-2.2679834229924004e-01 4.8270490493256518e-02 0.0000000000000000e+00 1
-2.3487735575685448e-01 4.8354024529020996e-02 0.0000000000000000e+00 1
-2.3094639661076788e-01 4.1047649683856727e-02 0.0000000000000000e+00 1
-2.3937115656194108e-01 4.1249146532108961e-02 0.0000000000000000e+00 1
-1.4009611183235515e-01 1.8519959024430949e-02 0.0000000000000000e+00 1
1.9767091228170655e-01 -3.6987238447591428e-02 0.0000000000000000e+00 1
1.8497875809266115e-01 -3.7732239034478025e-02 0.0000000000000000e+00 1
1.9058336800764902e-01 -2.5671869354404638e-02 0.0000000000000000e+00 1
1.7764216234339258e-01 -2.6612111857528653e-02 0.0000000000000000e+00 1
2.8210913532105569e-01 -2.0821491547554138e-01 0.0000000000000000e+00 1
2.7692731215400856e-01 -2.1898364189914923e-01 0.0000000000000000e+00 1
2.6947494760369273e-01 -1.6344544144700043e-01 0.0000000000000000e+00 1
7.1994437179989226e-02 1.1434654427134051e-02 0.0000000000000000e+00 1
6.5163540171753132e-02 2.2129106894563284e-02 0.0000000000000000e+00 1
7.0650517018401415e-02 3.3335896231458724e-02 0.0000000000000000e+00 1
5.8263678238191993e-02 3.2657258084827903e-02 0.0000000000000000e+00 1
6.3608981680105287e-02 4.3762151353455243e-02 0.0000000000000000e+00 1
5.1259189756546211e-02 4.2997386558155902e-02 0.0000000000000000e+00 1
5.6689413055404467e-02 5.4064580454691556e-02 0.0000000000000000e+00 1
4.4423183033750854e-02 5.3298553870943170e-02 0.0000000000000000e+00 1
4.9826626003778560e-02 6.4227715532897259e-02 0.0000000000000000e+00 1
3.7715019928885651e-02 6.3458439352028981e-02 0.0000000000000000e+00 1
4.3055948559559222e-02 7.4270375591172680e-02 0.0000000000000000e+00 1
3.1122471678850589e-02 7.3519256512257658e-02 0.0000000000000000e+00 1
3.6644226290731066e-02 8.4325192708042895e-02 0.0000000000000000e+00 1
9.4355399717023752e-02 -1.0659393813473717e-01 0.0000000000000000e+00 1
-1.7906555942576913e-01 -8.7505052279424449e-03 0.0000000000000000e+00 1
2.5674924954548289e-02 2.1061256643533469e-01 0.0000000000000000e+00 1
1.2938881986208545e-01 -2.2042942438047963e-01 0.0000000000000000e+00 1
1.2166015403486841e-01 -2.0921569172379825e-01 0.0000000000000000e+00 1
3.7460759163527424e-01 -1.7055630662121687e-01 0.0000000000000000e+00 1
3.3004814660358373e-01 -1.5683562488889632e-01 0.0000000000000000e+00 1
-7.4680543878603914e-02 -1.8564942654328787e-01 0.0000000000000000e+00 1
-2.1110060260030838e-01 6.1402926330589296e-02 0.0000000000000000e+00 1
7.0114037068013002e-02 1.7840926142778568e-01 0.0000000000000000e+00 1
-5.6976116533363111e-02 1.1403272936441356e-02 0.0000000000000000e+00 1
6.1612885567337829e-02 6.4779211738877227e-02 0.0000000000000000e+00 1
2.6244597015033971e-01 -1.5332004203006019e-01 0.0000000000000000e+00 1
-1.2314191037584629e-01 -1.5281005146495483e-01 0.0000000000000000e+00 1
3.5510931750370656e-01 -1.0684762572085586e-01 0.0000000000000000e+00 1
-2.2142134987529527e-01 -3.0859698296100416e-02 0.0000000000000000e+00 1
-2.1111784622369881e-01 -3.1088192715166395e-02 0.0000000000000000e+00 1
-5.1868947020131749e-02 2.1487965769458932e-02 0.0000000000000000e+00 1
-1.7428955366615242e-01 1.0920220147876308e-03 0.0000000000000000e+00 1
-1.2160040464979846e-01 -1.7595119897155562e-01 0.0000000000000000e+00 1
-1.1503329710010191e-01 -1.8725142263376471e-01 0.0000000000000000e+00 1
-3.6092787620955843e-02 -6.0009381664420387e-02 0.0000000000000000e+00 1
-4.8377833121716451e-02 -6.0539350457290454e-02 0.0000000000000000e+00 1
2.6062748368293174e-02 -5.7491571585213445e-02 0.0000000000000000e+00 1
2.0369302897428911e-02 -6.8420357698837475e-02 0.0000000000000000e+00 1
1.0054971678827843e-01 -9.5276767307840890e-02 0.0000000000000000e+00 1
-4.8221456828697752e-02 1.9113910297353409e-01 0.0000000000000000e+00 1
9.9489251252664560e-03 -2.0585784666644488e-01 0.0000000000000000e+00 1
2.4072770793885024e-02 -2.0468053065744060e-01 0.0000000000000000e+00 1
3.0796346613151754e-02 -1.9102465942334493e-01 0.0000000000000000e+00 1
3.8370203819461511e-02 -2.0341522301141304e-01 0.0000000000000000e+00 1
4.5472381164922783e-02 -1.9144700009528540e-01 0.0000000000000000e+00 1
5.2620901780374305e-02 -2.0309298687445049e-01 0.0000000000000000e+00 1
1.1364897025677120e-01 -9.3357710472033548e-02 0.0000000000000000e+00 1
3.9175517299698759e-01 -1.9512786436678956e-01 0.0000000000000000e+00 1
1.2450347367615057e-01 1.6913611339980053e-02 0.0000000000000000e+00 1
4.8385055683883904e-02 8.5051316059327420e-02 0.0000000000000000e+00 1
4.2166991786595429e-02 9.5048241023347108e-02 0.0000000000000000e+00 1
2.4286959732161464e-01 5.9667923122288524e-02 0.0000000000000000e+00 1
2.2859884265871711e-01 5.8784719413172981e-02 0.0000000000000000e+00 1
2.3498040802802425e-01 7.1613610459346652e-02 0.0000000000000000e+00 1
2.2064739462104832e-01 7.0679212426349641e-02 0.0000000000000000e+00 1
1.8361167097473269e-01 -1.4913112533018635e-02 0.0000000000000000e+00 1
1.7044430365767677e-01 -1.5456731728563372e-02 0.0000000000000000e+00 1
1.6468303105804058e-01 -2.7455851717901478e-02 0.0000000000000000e+00 1
2.4567224197872571e-02 8.3473229317657258e-02 0.0000000000000000e+00 1
7.1101103418130432e-02 -8.8848828759555590e-02 0.0000000000000000e+00 1
-1.4044419299738839e-01 -8.2191603537034003e-02 0.0000000000000000e+00 1
-1.4495580121047302e-01 9.9102142897296592e-03 0.0000000000000000e+00 1
2.0990311469360379e-01 -1.3336737731143622e-01 0.0000000000000000e+00 1
-2.1726091824178018e-01 8.7292142232356137e-02 0.0000000000000000e+00 1
-1.5926277697164662e-01 1.0448855721611981e-01 0.0000000000000000e+00 1
3.2335975298261425e-02 5.2643064688384818e-02 0.0000000000000000e+00 1
1.4422514833718059e-01 -1.1976818239072613e-01 0.0000000000000000e+00 1
3.8748811446558717e-01 -6.5493863212755549e-02 0.0000000000000000e+00 1
3.9379617841804626e-01 -7.4081370694991405e-02 0.0000000000000000e+00 1
-3.3919613436223697e-02 1.2771442622762750e-02 0.0000000000000000e+00 1
-1.6407077969104417e-01 2.6864013714533036e-02 0.0000000000000000e+00 1
3.7743883705892933e-01 -2.0465967770639387e-01 0.0000000000000000e+00 1
-1.5119007584187272e-01 9.2460284425404451e-02 0.0000000000000000e+00 1
-8.0007458193814274e-02 1.5443573127690546e-01 0.0000000000000000e+00 1
-8.3894753430990315e-02 1.5989342857150288e-01 0.0000000000000000e+00 1
-8.6698030331537584e-02 1.5415988043139492e-01 0.0000000000000000e+00 1
-9.0129634863616692e-02 1.5925808120491131e-01 0.0000000000000000e+00 1
-9.2671715818105585e-02 1.5371062064282096e-01 0.0000000000000000e+00 1
-8.7684220288242742e-02 1.6503575675570828e-01 0.0000000000000000e+00 1
-2.5357951569658033e-01 -1.4339115707977748e-01 0.0000000000000000e+00 1
-2.4178699338138912e-01 -1.4371950202843217e-01 0.0000000000000000e+00 1
-8.9560406574503301e-02 1.4861961591877801e-01 0.0000000000000000e+00 1
-9.5449429786928941e-02 1.4837768107348173e-01 0.0000000000000000e+00 1
-9.2393284140666471e-02 1.4328331650552770e-01 0.0000000000000000e+00 1
-9.8027661090211216e-02 1.4284339806178167e-01 0.0000000000000000e+00 1
-9.5103161041911286e-02 1.3791354442566917e-01 0.0000000000000000e+00 1
-1.0078994082944560e-01 1.3747409090650789e-01 0.0000000000000000e+00 1
-9.7850383483611594e-02 1.3248263692440965e-01 0.0000000000000000e+00 1
-1.0389089402983438e-01 1.3230158947917661e-01 0.0000000000000000e+00 1
-1.0668258943159116e-01 1.3790458089154675e-01 0.0000000000000000e+00 1
-1.0987540369675988e-01 1.3222364974102838e-01 0.0000000000000000e+00 1
-1.0678367601507871e-01 1.2701560254147098e-01 0.0000000000000000e+00 1
-1.1355166525401132e-01 1.2642908305751280e-01 0.0000000000000000e+00 1
-1.3140116573669280e-01 1.2261426516546182e-01 0.0000000000000000e+00 1
-2.3104971985888392e-01 -1.2330081507792047e-01 0.0000000000000000e+00 1
-2.2572465111385898e-01 -1.1299171440037396e-01 0.0000000000000000e+00 1
1.8397086691908368e-01 -1.3532349363625690e-01 0.0000000000000000e+00 1
-3.0619928399024710e-01 -6.6778638214746500e-02 0.0000000000000000e+00 1
-3.1575637549299207e-01 -6.6910713041285305e-02 0.0000000000000000e+00 1
-1.3007713891686545e-01 5.7626583714316712e-02 0.0000000000000000e+00 1
-1.2546388540543038e-01 4.9850560082395995e-02 0.0000000000000000e+00 1
-1.3507724176093336e-01 1.0038623220056468e-02 0.0000000000000000e+00 1
-4.9019091882570441e-02 2.7597739457138482e-01 0.0000000000000000e+00 1
2.6986424656951691e-01 -1.8639533596218272e-01 0.0000000000000000e+00 1
-3.4699017825512019e-01 -1.2725658459929870e-01 0.0000000000000000e+00 1
-7.5801642177770426e-02 2.7225665057822729e-01 0.0000000000000000e+00 1
1.4497370860775324e-01 6.9222706910164085e-03 0.0000000000000000e+00 1
-1.7997519509186366e-01 1.0413227243467389e-01 0.0000000000000000e+00 1
1.9002023356732914e-01 -1.2419535291909341e-01 0.0000000000000000e+00 1
3.8140588905490075e-01 -5.5928631341407214e-02 0.0000000000000000e+00 1
-2.3535986843881701e-01 3.3613402396080259e-02 0.0000000000000000e+00 1
-2.4375858710815079e-01 3.4061746497087500e-02 0.0000000000000000e+00 1
-7.4477325374255582e-02 2.0258945859304067e-01 0.0000000000000000e+00 1
-7.1263799232259284e-02 2.1009990682119253e-01 0.0000000000000000e+00 1
-6.2436042783192959e-02 2.1147612759294479e-01 0.0000000000000000e+00 1
-6.7963096396232658e-02 2.1778560652137205e-01 0.0000000000000000e+00 1
-7.6258267500816351e-02 2.1678769329872108e-01 0.0000000000000000e+00 1
-7.3059742749749301e-02 2.2465564565713658e-01 0.0000000000000000e+00 1
-7.7888544957755865e-02 1.9535768617496962e-01 0.0000000000000000e+00 1
3.0273277481580779e-01 -1.6690799098683196e-01 0.0000000000000000e+00 1
-1.0971579073261137e-01 1.2152847838742485e-01 0.0000000000000000e+00 1
2.7016038285657668e-01 -2.0904432217128524e-01 0.0000000000000000e+00 1
2.6485755412436507e-01 -2.1997021496489458e-01 0.0000000000000000e+00 1
2.7175411277917261e-01 -2.2999474983153081e-01 0.0000000000000000e+00 1
4.1087277309207437e-01 -9.8216672635101060e-02 0.0000000000000000e+00 1
4.1715704093375938e-01 -1.0808951389307456e-01 0.0000000000000000e+00 1
3.2505538655428129e-01 -3.6838818991963601e-03 0.0000000000000000e+00 1
3.1193667544388459e-01 -4.3096881917378095e-03 0.0000000000000000e+00 1
3.0600178171851689e-01 -1.6016414763363563e-02 0.0000000000000000e+00 1
3.1797311587457944e-01 7.4792452322607868e-03 0.0000000000000000e+00 1
3.0497908903922344e-01 6.0012743364200429e-03 0.0000000000000000e+00 1
3.6727471619274948e-01 -2.0525200036032748e-01 0.0000000000000000e+00 1
1.1548597877774103e-01 -2.2176787240828030e-01 0.0000000000000000e+00 1
1.0788783131747487e-01 -2.1036169989083228e-01 0.0000000000000000e+00 1
1.0148697083795069e-01 -2.2295243697170186e-01 0.0000000000000000e+00 1
9.1887584429591343e-02 -2.1002073902344170e-01 0.0000000000000000e+00 1
2.0445028959598936e-02 1.5761866787102694e-01 0.0000000000000000e+00 1
5.8413399401329266e-02 -1.9091062681110824e-01 0.0000000000000000e+00 1
2.5950678416046852e-01 -2.3107656320502210e-01 0.0000000000000000e+00 1
-1.1308788641095116e-01 7.3107858806459480e-02 0.0000000000000000e+00 1
-1.0316276511567253e-01 1.2147570497871034e-01 0.0000000000000000e+00 1
3.4018317453096075e-01 -2.2253158448786528e-01 0.0000000000000000e+00 1
3.2936546077544854e-01 -2.2338167735844186e-01 0.0000000000000000e+00 1
-1.6283852481318620e-01 1.1022093231430748e-01 0.0000000000000000e+00 1
-6.7351223612244757e-02 -1.9744488649306691e-01 0.0000000000000000e+00 1
4.1684891996496326e-01 -1.4269284958210127e-01 0.0000000000000000e+00 1
4.2610366485165235e-01 -1.4229860931210034e-01 0.0000000000000000e+00 1
-3.4720160010191270e-01 -1.1385786478691577e-01 0.0000000000000000e+00 1
-3.4353129272954058e-01 -1.0702121799892755e-01 0.0000000000000000e+00 1
-1.1633275110947584e-01 4.9946723433791911e-02 0.0000000000000000e+00 1
-1.2055747950363363e-01 4.1718925917887353e-02 0.0000000000000000e+00 1
-1.1578970616979428e-01 1.3185166561219244e-01 0.0000000000000000e+00 1
-1.2538367026432176e-01 1.2290593912077874e-01 0.0000000000000000e+00 1
-1.2174634559020132e-01 1.1823458586496847e-01 0.0000000000000000e+00 1
-2.6523229601809073e-01 -1.4338538353195573e-01 0.0000000000000000e+00 1
-2.8215535087113258e-02 1.1884484667508399e-01 0.0000000000000000e+00 1
-3.3535270065103130e-02 1.2691807914450501e-01 0.0000000000000000e+00 1
-3.8181635699890470e-02 1.1758381159268866e-01 0.0000000000000000e+00 1
-2.9422057536191593e-02 1.3544432465618025e-01 0.0000000000000000e+00 1
-3.8669040378154523e-02 1.3474164296574503e-01 0.0000000000000000e+00 1
-3.4732480923251971e-02 1.4299295073328872e-01 0.0000000000000000e+00 1
-6.4698022383553974e-02 2.2572639953123327e-01 0.0000000000000000e+00 1
-6.9779499736030204e-02 2.3266428944028325e-01 0.0000000000000000e+00 1
-1.0846228641770203e-01 6.5701516575993046e-02 0.0000000000000000e+00 1
4.1368764044791562e-01 -1.6706501665664358e-01 0.0000000000000000e+00 1
5.3358442823833951e-02 9.5595293218895538e-02 0.0000000000000000e+00 1
-2.0559396785181563e-01 -1.5906466808199057e-01 0.0000000000000000e+00 1
7.7878104318053795e-02 4.5009813551516752e-02 0.0000000000000000e+00 1
-4.3650668483828828e-02 1.4230661127099425e-01 0.0000000000000000e+00 1
-4.0217173067148816e-02 1.5003806035139344e-01 0.0000000000000000e+00 1
1.6476491209452784e-01 -2.2963578418415387e-01 0.0000000000000000e+00 1
1.7808588241656248e-01 -2.2839738102078941e-01 0.0000000000000000e+00 1
1.6774303544092182e-02 1.9011015777496132e-01 0.0000000000000000e+00 1
2.1691334513844632e-01 -1.4446214223932421e-01 0.0000000000000000e+00 1
3.3751187328746690e-01 -3.4812021987913940e-03 0.0000000000000000e+00 1
2.5252077138521434e-01 -2.2085076903209447e-01 0.0000000000000000e+00 1
2.4707599552322240e-01 -2.3213329239176991e-01 0.0000000000000000e+00 1
2.3998347432485681e-01 -2.2173561967738756e-01 0.0000000000000000e+00 1
2.3451089205010903e-01 -2.3313924317977586e-01 0.0000000000000000e+00 1
2.2725838767283485e-01 -2.2263350195093365e-01 0.0000000000000000e+00 1
-1.6954724457179948e-01 1.1013444593428660e-01 0.0000000000000000e+00 1
-2.2264503920229056e-01 4.1791862129815609e-02 0.0000000000000000e+00 1
-6.7537582660205722e-03 -2.6702271865287969e-02 0.0000000000000000e+00 1
-1.8398451869203009e-01 -1.7337461409331272e-02 0.0000000000000000e+00 1
-1.9004751688987442e-01 -7.7594649813180587e-03 0.0000000000000000e+00 1
-6.2162119380452810e-02 1.2730112352066978e-03 0.0000000000000000e+00 1
-1.6159238785209357e-01 -1.7025904176813497e-01 0.0000000000000000e+00 1
-1.7485279047185787e-01 -1.7042762259344335e-01 0.0000000000000000e+00 1
-1.5703292359121770e-01 -5.9883935072577946e-03 0.0000000000000000e+00 1
-9.1263013158877998e-02 1.3293757134789197e-01 0.0000000000000000e+00 1
2.2717113906287228e-01 -2.5253554430782910e-02 0.0000000000000000e+00 1
-2.9703727017539600e-01 -3.2457560259682931e-02 0.0000000000000000e+00 1
-2.9229777027799980e-01 -2.3765819285624101e-02 0.0000000000000000e+00 1
-1.2615689755226986e-01 -1.2376679228589828e-01 0.0000000000000000e+00 1
4.2283059068018292e-01 -1.6637742133020697e-01 0.0000000000000000e+00 1
4.1886222103091897e-01 -1.7455739796409889e-01 0.0000000000000000e+00 1
3.2050961793087474e-01 -3.7384893637488315e-02 0.0000000000000000e+00 1
4.0526629077218462e-02 -1.0961511325223160e-01 0.0000000000000000e+00 1
3.3196110177634020e-02 -9.8570238171992577e-02 0.0000000000000000e+00 1
1.9514945623038103e-02 -1.0006200597359154e-01 0.0000000000000000e+00 1
4.2107509116850572e-01 -1.3451562065986822e-01 0.0000000000000000e+00 1
-2.8244107154935172e-01 -2.3476422393245686e-02 0.0000000000000000e+00 1
-2.8760311611470096e-01 -1.5091615239370465e-02 0.0000000000000000e+00 1
-2.7782223698426078e-01 -1.4787619709431389e-02 0.0000000000000000e+00 1
-2.2552065838088511e-01 7.6026607585842523e-02 0.0000000000000000e+00 1
-2.7130647340557218e-01 -1.3412283619024676e-01 0.0000000000000000e+00 1
-2.7675257457534758e-01 -1.4398088130297718e-01 0.0000000000000000e+00 1
-2.8260138151595104e-01 -1.3444413186035040e-01 0.0000000000000000e+00 1
-2.6986787401855637e-02 -9.1270165272011997e-02 0.0000000000000000e+00 1
1.9232429495336989e-02 7.2598295926491932e-02 0.0000000000000000e+00 1
2.7418833078252752e-01 -1.3196241757133897e-01 0.0000000000000000e+00 1
1.8454964670220897e-02 -2.1687268802952556e-01 0.0000000000000000e+00 1
-5.4848593945296883e-02 -5.0208475622147829e-02 0.0000000000000000e+00 1
-6.0651777078656516e-02 -6.1133788565360565e-02 0.0000000000000000e+00 1
-6.6796961291104379e-02 -5.0520975618734504e-02 0.0000000000000000e+00 1
2.9546776733977098e-01 -2.2768124134534640e-01 0.0000000000000000e+00 1
2.1278015766695529e-01 -5.9021237085738233e-02 0.0000000000000000e+00 1
-2.3164245161326205e-01 -3.0565249477656316e-02 0.0000000000000000e+00 1
-2.3641491691366667e-01 -2.1626466379246770e-02 0.0000000000000000e+00 1
-8.8121912213665707e-02 7.7908815609502205e-02 0.0000000000000000e+00 1
-2.8300040201767024e-01 -6.5054923648276992e-03 0.0000000000000000e+00 1
-2.7326181286904361e-01 -6.1862633080985432e-03 0.0000000000000000e+00 1
3.0711608551201142e-01 -2.2648946775194476e-01 0.0000000000000000e+00 1
-8.3704454466197203e-02 -1.2767753973519810e-01 0.0000000000000000e+00 1
1.0325909136266556e-01 2.4504184676519301e-02 0.0000000000000000e+00 1
7.7065349514329855e-03 -6.9388142793906704e-02 0.0000000000000000e+00 1
2.5015969703414931e-01 -1.5422977666224327e-01 0.0000000000000000e+00 1
2.5550963648859892e-01 -1.4313823944132895e-01 0.0000000000000000e+00 1
2.4310439071960144e-01 -1.4397540004254641e-01 0.0000000000000000e+00 1
1.4294202603768696e-01 -9.6997469393495572e-02 0.0000000000000000e+00 1
-2.0371205976765641e-01 9.8036068873371948e-02 0.0000000000000000e+00 1
-1.6903599999889635e-01 1.8653712233602002e-02 0.0000000000000000e+00 1
-5.3987822388058646e-02 -7.1421219150143711e-02 0.0000000000000000e+00 1
2.1430285613562450e-01 5.7802334038007358e-02 0.0000000000000000e+00 1
2.0630804791650426e-01 6.9742783968097841e-02 0.0000000000000000e+00 1
2.1266893915243704e-01 8.2634966244985703e-02 0.0000000000000000e+00 1
1.9827982415277215e-01 8.1688994167863835e-02 0.0000000000000000e+00 1
2.0459889976708739e-01 9.5122283279076694e-02 0.0000000000000000e+00 1
1.9020773828948381e-01 9.4147635243408787e-02 0.0000000000000000e+00 1
1.8393401491153710e-01 8.0690452641734869e-02 0.0000000000000000e+00 1
1.7597946709145890e-01 9.2624432546635771e-02 0.0000000000000000e+00 1
1.8214764864999633e-01 1.0540207088371849e-01 0.0000000000000000e+00 1
1.6795890389238946e-01 1.0429785826935574e-01 0.0000000000000000e+00 1
1.6186649927737079e-01 9.1570718139524832e-02 0.0000000000000000e+00 1
1.5390109810931804e-01 1.0324934566444094e-01 0.0000000000000000e+00 1
1.5978413852588408e-01 1.1579303058072023e-01 0.0000000000000000e+00 1
1.4592402326381748e-01 1.1482502769382447e-01 0.0000000000000000e+00 1
1.5178620075641075e-01 1.2733510486440017e-01 0.0000000000000000e+00 1
1.3797439292229324e-01 1.2634146691289902e-01 0.0000000000000000e+00 1
1.4789728594426693e-01 9.0651343032247408e-02 0.0000000000000000e+00 1
1.3217653412434074e-01 -1.8864319361965295e-02 0.0000000000000000e+00 1
9.9213784317551748e-02 -1.7598145327349912e-01 0.0000000000000000e+00 1
-1.0157185754970996e-01 1.4746501793526487e-01 0.0000000000000000e+00 1
-1.9366187154796627e-01 8.0002989155477128e-02 0.0000000000000000e+00 1
-2.6808104991964354e-01 -1.4443641186928353e-02 0.0000000000000000e+00 1
-2.6353681186484124e-01 -5.8283118528985453e-03 0.0000000000000000e+00 1
-2.6868403841168909e-01 2.3653820720656322e-03 0.0000000000000000e+00 1
-2.5904887446266495e-01 2.7349956536695461e-03 0.0000000000000000e+00 1
-2.6413777462237353e-01 1.0845420239624634e-02 0.0000000000000000e+00 1
-2.5882545847528321e-01 -1.4046352016382683e-02 0.0000000000000000e+00 1
-2.5462842455029966e-01 1.1195206266663801e-02 0.0000000000000000e+00 1
-2.5963773097373449e-01 1.9167353547159083e-02 0.0000000000000000e+00 1
2.9999059459637753e-02 -1.5687039756620685e-01 0.0000000000000000e+00 1
4.5803460764559330e-02 3.2759751865008561e-02 0.0000000000000000e+00 1
-4.0447169603414169e-03 -1.4698322258290356e-01 0.0000000000000000e+00 1
3.6619854730310908e-01 -1.2644384773941403e-01 0.0000000000000000e+00 1
-2.3437766825467457e-01 6.2419637181778349e-02 0.0000000000000000e+00 1
5.9430771883485528e-02 1.0326870920989710e-02 0.0000000000000000e+00 1
-9.3493740909032577e-02 1.6402280015847304e-01 0.0000000000000000e+00 1
2.7472022461457916e-02 1.9092770671758186e-01 0.0000000000000000e+00 1
-5.0245373306618664e-02 -1.3751103280241145e-01 0.0000000000000000e+00 1
2.5784011180081801e-01 -6.8444292010323218e-02 0.0000000000000000e+00 1
-1.6468366958670427e-01 -8.3680416764996671e-02 0.0000000000000000e+00 1
-2.4280924867152689e-01 4.8812209067806582e-02 0.0000000000000000e+00 1
-3.0753132837901827e-02 1.6980390764690334e-01 0.0000000000000000e+00 1
-7.3364380614783287e-02 -1.9613924029276111e-02 0.0000000000000000e+00 1
-7.8884538070092047e-02 -3.0061059242237276e-02 0.0000000000000000e+00 1
3.2912045073475354e-01 -6.8527942110683152e-02 0.0000000000000000e+00 1
3.2237643372296421e-01 -5.8460359197022374e-02 0.0000000000000000e+00 1
3.9265106619852186e-01 -5.5321479789230278e-02 0.0000000000000000e+00 1
-1.0143598224582835e-01 -1.8657899182459217e-01 0.0000000000000000e+00 1
-3.1707705238190897e-01 -1.2116064636091084e-01 0.0000000000000000e+00 1
-3.2171797375407207e-01 -1.2884969825806653e-01 0.0000000000000000e+00 1
-3.1257807617196531e-01 -1.2969784414218691e-01 0.0000000000000000e+00 1
6.6600232572100015e-02 -2.0237699193776792e-01 0.0000000000000000e+00 1
6.0801829856183078e-02 -2.1688539206740201e-01 0.0000000000000000e+00 1
-1.4811700092683880e-01 -1.6938188672064591e-01 0.0000000000000000e+00 1
1.2782056478576334e-01 -1.9685143243480849e-01 0.0000000000000000e+00 1
8.5601446071144217e-03 1.1203526081618291e-01 0.0000000000000000e+00 1
1.4666429613684490e-02 1.0298382506165780e-01 0.0000000000000000e+00 1
1.9601263978224946e-02 1.1280925834301840e-01 0.0000000000000000e+00 1
-1.2025656770431295e-01 -1.1313515871745337e-01 0.0000000000000000e+00 1
1.0710028966952280e-01 -8.3849082992034779e-02 0.0000000000000000e+00 1
-2.1708579775096792e-01 -1.6087211189159992e-01 0.0000000000000000e+00 1
-1.4909628600528668e-01 -1.4661733666161453e-01 0.0000000000000000e+00 1
1.5886508121578491e-02 1.4852550961500360e-01 0.0000000000000000e+00 1
5.0658614142784809e-02 -5.6415913166327041e-02 0.0000000000000000e+00 1
-1.6662103146518886e-01 7.8920982612856780e-02 0.0000000000000000e+00 1
-3.4356578669436821e-01 -1.3360658862200833e-01 0.0000000000000000e+00 1
-3.3627886761471676e-01 -1.3424294710995910e-01 0.0000000000000000e+00 1
7.7811457940242773e-02 1.6797067986952421e-01 0.0000000000000000e+00 1
8.2816104340435251e-02 1.7958403046137292e-01 0.0000000000000000e+00 1
9.0268889838216709e-02 1.6895573602206512e-01 0.0000000000000000e+00 1
7.5504676504136906e-02 1.8897877570745303e-01 0.0000000000000000e+00 1
-1.7704929287810792e-01 8.6092148008310956e-02 0.0000000000000000e+00 1
9.6155953095121427e-02 3.4493735267334777e-02 0.0000000000000000e+00 1
2.3772048449529511e-02 1.6796479116333293e-01 0.0000000000000000e+00 1
6.4418059346526599e-02 -1.6654888089002945e-01 0.0000000000000000e+00 1
2.2163953472422315e-01 -2.3396316024540911e-01 0.0000000000000000e+00 1
2.1444935917860566e-01 -2.2357204025102664e-01 0.0000000000000000e+00 1
2.0865599532965742e-01 -2.3510731971046284e-01 0.0000000000000000e+00 1
2.4877597940813878e-01 -1.3302438879222842e-01 0.0000000000000000e+00 1
7.0387961758710191e-02 -1.8977906432232280e-01 0.0000000000000000e+00 1
2.6504561315384861e-01 4.8466280118710597e-02 0.0000000000000000e+00 1
2.7254926628517673e-01 3.6637028424006450e-02 0.0000000000000000e+00 1
2.6619015900250376e-01 2.4213746328142213e-02 0.0000000000000000e+00 1
2.8014943803646275e-01 2.4972148303171082e-02 0.0000000000000000e+00 1
2.8650488273872515e-01 3.7343919476754112e-02 0.0000000000000000e+00 1
-3.4532410339546522e-02 -1.5999901339269199e-01 0.0000000000000000e+00 1
-1.8089869025042126e-02 -2.0730162878657404e-01 0.0000000000000000e+00 1
-1.3790375982792336e-01 1.2315153897610250e-01 0.0000000000000000e+00 1
-2.0376529233130969e-01 7.4568272121608659e-02 0.0000000000000000e+00 1
-1.6313328932699972e-01 4.2798670883684421e-02 0.0000000000000000e+00 1
1.5587030905150490e-01 7.9136948468823673e-02 0.0000000000000000e+00 1
-2.0168071799119749e-01 4.0354306333900483e-03 0.0000000000000000e+00 1
2.3619871893135069e-01 -1.3357200807959130e-01 0.0000000000000000e+00 1
-2.1665675919095823e-01 -3.9755668344189414e-02 0.0000000000000000e+00 1
4.0543011033531534e-01 -8.9642954428016439e-02 0.0000000000000000e+00 1
2.1780621879515955e-01 -4.7463372424679691e-02 0.0000000000000000e+00 1
2.2578084193189391e-01 -5.8257837340575457e-02 0.0000000000000000e+00 1
3.1691991701995920e-01 -6.9372445158441626e-02 0.0000000000000000e+00 1
1.4382811191077796e-01 1.3883406796009273e-01 0.0000000000000000e+00 1
1.3007835431955989e-01 1.3776742153052154e-01 0.0000000000000000e+00 1
1.2418497396988279e-01 1.2534682152049192e-01 0.0000000000000000e+00 1
1.1635219867862147e-01 1.3676999964958900e-01 0.0000000000000000e+00 1
1.2221220981660415e-01 1.4909418808822583e-01 0.0000000000000000e+00 1
1.0855762446311314e-01 1.4803231402973058e-01 0.0000000000000000e+00 1
1.1432761010881473e-01 1.6032444456463238e-01 0.0000000000000000e+00 1
1.5759869458863746e-01 1.3977413165801245e-01 0.0000000000000000e+00 1
1.2959785541482191e-01 1.6351270677804111e-01 0.0000000000000000e+00 1
1.2466446885205035e-01 -1.2748343510281179e-01 0.0000000000000000e+00 1
-1.5624255770007039e-01 1.1041184557489374e-01 0.0000000000000000e+00 1
-1.5963292032428972e-01 1.1591415757601004e-01 0.0000000000000000e+00 1
2.9120088081169504e-01 -1.6765933853523204e-01 0.0000000000000000e+00 1
4.3005341385118001e-01 -1.3415683566243311e-01 0.0000000000000000e+00 1
4.2521168046835189e-01 -1.2635944415630546e-01 0.0000000000000000e+00 1
4.3498754887359203e-01 -1.4176185563115831e-01 0.0000000000000000e+00 1
1.5166731359073998e-01 -1.2986437034086545e-01 0.0000000000000000e+00 1
2.0179483319495828e-01 -2.2462748497392646e-01 0.0000000000000000e+00 1
-2.3179599946657103e-01 -1.0351583017360194e-01 0.0000000000000000e+00 1
-2.2057416093580734e-01 -1.0321298368299781e-01 0.0000000000000000e+00 1
-1.9412851586595711e-01 -1.6552789056699949e-02 0.0000000000000000e+00 1
-1.5326261521270859e-01 1.1610612314658840e-01 0.0000000000000000e+00 1
3.4904706108450489e-01 -2.0407696428970667e-01 0.0000000000000000e+00 1
-3.1994141345597207e-02 -2.0805608066160788e-01 0.0000000000000000e+00 1
-1.5255493683510080e-01 1.0477111818108564e-01 0.0000000000000000e+00 1
6.6348931703080857e-02 -1.7435257751621165e-04 0.0000000000000000e+00 1
-9.1160430241447724e-02 1.6983433330795109e-01 0.0000000000000000e+00 1
-8.5008749895652796e-02 1.7070840846997790e-01 0.0000000000000000e+00 1
-1.2934565646379573e-01 1.9103031604800352e-02 0.0000000000000000e+00 1
2.7598824674209926e-01 -1.5146485316941738e-01 0.0000000000000000e+00 1
-2.5045084568208770e-01 1.9082462505539570e-02 0.0000000000000000e+00 1
3.9013943745887758e-01 -9.9041882390478495e-02 0.0000000000000000e+00 1
-1.2401335334059294e-01 -5.8975765776561459e-03 0.0000000000000000e+00 1
8.7135772089020236e-02 -2.2416671566844082e-01 0.0000000000000000e+00 1
1.7590638515666343e-01 -4.0871563939662049e-03 0.0000000000000000e+00 1
9.3703666697272786e-03 9.3158069608659536e-02 0.0000000000000000e+00 1
3.4997325320414074e-01 -2.2234045475350153e-01 0.0000000000000000e+00 1
-6.7781644284315726e-02 1.0564298277344676e-02 0.0000000000000000e+00 1
1.9590482987384844e-01 -1.4217624085868267e-02 0.0000000000000000e+00 1
7.4875857500061788e-02 -1.1889400261682631e-01 0.0000000000000000e+00 1
-6.6473035804249625e-02 -7.2056893371035546e-02 0.0000000000000000e+00 1
3.6581786764372004e-01 -1.8865902862411038e-01 0.0000000000000000e+00 1
3.8818646850011622e-02 -1.6973012826017372e-01 0.0000000000000000e+00 1
2.2077836263636313e-01 -2.1180075424539949e-01 0.0000000000000000e+00 1
1.8910201646282734e-01 -2.0345399312017892e-01 0.0000000000000000e+00 1
4.3366996217043807e-01 -1.2646898330181719e-01 0.0000000000000000e+00 1
4.2939708002155086e-01 -1.1839718466875834e-01 0.0000000000000000e+00 1
3.5770397950595795e-01 -1.6401634194841552e-01 0.0000000000000000e+00 1
3.7292443030273226e-01 -2.1355995009909989e-01 0.0000000000000000e+00 1
-1.0433195724654448e-01 7.3241002746066972e-02 0.0000000000000000e+00 1
-9.9723263345610658e-02 6.6123330517003143e-02 0.0000000000000000e+00 1
4.7253674447052509e-02 1.0525933886917682e-01 0.0000000000000000e+00 1
-3.1581409733281929e-01 -5.0385636242483135e-02 0.0000000000000000e+00 1
-3.1151414635516006e-01 -4.1823886369385707e-02 0.0000000000000000e+00 1
4.3715657964654197e-03 -1.5805498197445536e-01 0.0000000000000000e+00 1
-2.8749824108054217e-01 -1.4362990396561570e-01 0.0000000000000000e+00 1
-2.9508389805946234e-01 -1.3426676748648683e-01 0.0000000000000000e+00 1
-2.7353698820683614e-01 1.0449375315427228e-02 0.0000000000000000e+00 1
1.2343674066953680e-01 -2.3232459159441268e-01 0.0000000000000000e+00 1
2.7363048440809795e-01 1.2593984429582006e-02 0.0000000000000000e+00 1
1.7634163241770695e-01 -1.0617107601513565e-01 0.0000000000000000e+00 1
-1.2865301173585880e-01 1.2762828106876148e-01 0.0000000000000000e+00 1
-2.4882947424904373e-01 -1.5417412132297281e-01 0.0000000000000000e+00 1
-2.0601221130658739e-01 -4.0126972977108592e-02 0.0000000000000000e+00 1
-1.0641153261266352e-01 1.1617320662990475e-01 0.0000000000000000e+00 1
-9.9343632340280957e-02 1.1521797192848705e-01 0.0000000000000000e+00 1
8.0497055415830396e-03 1.7345282758818392e-01 0.0000000000000000e+00 1
-1.9311048533816341e-01 -1.5875768136425958e-01 0.0000000000000000e+00 1
4.2104170020347392e-01 -9.8363066290716575e-02 0.0000000000000000e+00 1
2.0030926609269589e-01 5.6922995919333023e-02 0.0000000000000000e+00 1
3.3583129922912008e-01 -2.3209080632341073e-01 0.0000000000000000e+00 1
3.6393282958065765e-01 -4.6025305260029410e-02 0.0000000000000000e+00 1
3.6965690729977685e-01 -3.5363407659526717e-02 0.0000000000000000e+00 1
-3.4023559161375783e-01 -1.4022023676774642e-01 0.0000000000000000e+00 1
9.5902965490176378e-02 1.8083364222945397e-01 0.0000000000000000e+00 1
2.9629819458539236e-01 2.5579755060839211e-02 0.0000000000000000e+00 1
-3.1088329927448816e-01 -7.4922999211894784e-02 0.0000000000000000e+00 1
-3.2037550899285838e-01 -7.4910540436011017e-02 0.0000000000000000e+00 1
-3.2498388697061270e-01 -6.7147228308045134e-02 0.0000000000000000e+00 1
-3.3099243453749916e-01 -7.4519394034093411e-02 0.0000000000000000e+00 1
-2.4946933818777098e-01 3.3278816006633333e-03 0.0000000000000000e+00 1
-2.1423324020810519e-01 -1.1205763803507456e-01 0.0000000000000000e+00 1
1.0682777517287387e-01 -1.8708025397350150e-01 0.0000000000000000e+00 1
-2.1013833703404111e-01 9.7880062881357977e-02 0.0000000000000000e+00 1
3.3056160587267722e-02 -6.7942228408040248e-02 0.0000000000000000e+00 1
-8.8753484872728688e-02 1.7580724292317565e-01 0.0000000000000000e+00 1
-8.2321617081041965e-02 1.7663472656841023e-01 0.0000000000000000e+00 1
-8.5652494960450645e-02 1.8222055325360509e-01 0.0000000000000000e+00 1
-7.9431496790986128e-02 1.8289881306218492e-01 0.0000000000000000e+00 1
-3.4294556373226849e-02 -8.0802550273746984e-02 0.0000000000000000e+00 1
-2.1555104497817817e-02 -7.9989819761755149e-02 0.0000000000000000e+00 1
-1.2831369003694357e-01 -8.2114440676318762e-02 0.0000000000000000e+00 1
3.1420441996536191e-01 -1.6672831523055143e-01 0.0000000000000000e+00 1
-2.5568823622119469e-01 2.7098397765650015e-02 0.0000000000000000e+00 1
-3.3256860009962969e-01 -1.4155812244621666e-01 0.0000000000000000e+00 1
3.0248974675300722e-01 -2.3697268734488960e-01 0.0000000000000000e+00 1
1.4492088681740645e-01 -1.7764136192987289e-02 0.0000000000000000e+00 1
1.3909528038366017e-01 -2.9679369652770234e-02 0.0000000000000000e+00 1
-8.0905585244617689e-02 -1.9748664953898967e-01 0.0000000000000000e+00 1
-2.1811484272337947e-01 -1.3968911805570053e-01 0.0000000000000000e+00 1
1.9568877949149699e-01 -2.3649075038457804e-01 0.0000000000000000e+00 1
2.4126317306658263e-01 -2.4376688540606570e-01 0.0000000000000000e+00 1
5.9478438798511758e-02 8.4316466397895307e-02 0.0000000000000000e+00 1
4.6465406436787572e-02 -9.8286495642286434e-02 0.0000000000000000e+00 1
-4.7263521307393253e-02 1.3403930051603202e-01 0.0000000000000000e+00 1
-7.4103781463710633e-02 -2.0892001794286466e-01 0.0000000000000000e+00 1
-2.6417839508239988e-01 2.6792831869611192e-02 0.0000000000000000e+00 1
-2.6146554481955459e-01 3.4783513099156914e-02 0.0000000000000000e+00 1
-1.5442251887754271e-01 -1.8096810106084210e-01 0.0000000000000000e+00 1
1.6345506838551685e-01 -4.6223052214731369e-03 0.0000000000000000e+00 1
-1.4025354493868827e-01 1.4445807539532635e-03 0.0000000000000000e+00 1
2.5615640299614231e-02 1.0372751911591635e-01 0.0000000000000000e+00 1
3.0729234301964458e-02 1.1375969900866506e-01 0.0000000000000000e+00 1
2.4481863670189487e-02 1.2296688542827061e-01 0.0000000000000000e+00 1
3.5178012328287871e-02 1.2394037945334131e-01 0.0000000000000000e+00 1
2.8611874532514042e-02 1.3281114348911988e-01 0.0000000000000000e+00 1
3.6308601981362387e-01 -2.4858635029300344e-02 0.0000000000000000e+00 1
-4.7829163752352029e-02 1.4935583638688724e-01 0.0000000000000000e+00 1
-1.2217016038356532e-01 -9.2217969952259893e-02 0.0000000000000000e+00 1
-1.7294388997722135e-01 2.7472290423332463e-02 0.0000000000000000e+00 1
-1.7859899220112627e-01 1.8781275866778829e-02 0.0000000000000000e+00 1
1.5280468591102190e-02 -7.9158376068172387e-02 0.0000000000000000e+00 1
2.0122513267314610e-03 -8.0504869558684369e-02 0.0000000000000000e+00 1
-2.9257367587157185e-01 -6.4249526123148892e-03 0.0000000000000000e+00 1
-3.5078505467273086e-01 -1.3362918976927268e-01 0.0000000000000000e+00 1
-3.5362751564926642e-01 -1.2749232976791322e-01 0.0000000000000000e+00 1
1.7716494990138179e-01 -1.2516610139635315e-01 0.0000000000000000e+00 1
1.7090995405671872e-01 -1.3633226742331034e-01 0.0000000000000000e+00 1
-8.1110725729123728e-02 2.2344507418817516e-01 0.0000000000000000e+00 1
-2.6597450907491136e-02 -2.1873249281286303e-01 0.0000000000000000e+00 1
-1.4075383136022318e-01 -1.8098298356779488e-01 0.0000000000000000e+00 1
-8.2072670397741770e-02 2.0149965295221847e-01 0.0000000000000000e+00 1
-1.1418410893112908e-01 -1.2289696650983097e-01 0.0000000000000000e+00 1
3.1029477608287409e-01 1.9085434112321446e-02 0.0000000000000000e+00 1
-1.1300722703600356e-01 1.1597071295370716e-01 0.0000000000000000e+00 1
-2.1351093488947179e-02 -1.5923550916998316e-01 0.0000000000000000e+00 1
-1.0764926566266049e-01 -1.1301623034824783e-01 0.0000000000000000e+00 1
2.3080233407934078e-01 -4.6620120068532549e-02 0.0000000000000000e+00 1
2.3831821366637487e-01 -5.7990034748426199e-02 0.0000000000000000e+00 1
-2.0083625835207713e-01 -3.1356105461605437e-02 0.0000000000000000e+00 1
2.6661424626407099e-01 -2.4059069090195395e-01 0.0000000000000000e+00 1
2.7865729646614479e-01 -2.3911651197813358e-01 0.0000000000000000e+00 1
9.3407430030393715e-02 -1.8808066965615686e-01 0.0000000000000000e+00 1
-3.0256996368491795e-01 -2.3410316210994573e-02 0.0000000000000000e+00 1
5.8528360367988842e-02 1.0462254347862145e-01 0.0000000000000000e+00 1
-1.3196354700962465e-01 -1.3424939574168726e-01 0.0000000000000000e+00 1
-1.0783978781887474e-01 -1.9884605430868571e-01 0.0000000000000000e+00 1
-2.3961741279395363e-01 2.7722263938337818e-02 0.0000000000000000e+00 1
-3.5115205172520103e-01 -1.0779306093866638e-01 0.0000000000000000e+00 1
-3.4864511469719101e-01 -1.0069443986824791e-01 0.0000000000000000e+00 1
-1.0559692683712278e-01 1.5742902127248662e-01 0.0000000000000000e+00 1
-1.0086768977586180e-01 1.5777815484230548e-01 0.0000000000000000e+00 1
-1.8684540734711044e-01 8.0423604705183838e-02 0.0000000000000000e+00 1
3.0799683378994058e-01 -1.5735325011667409e-01 0.0000000000000000e+00 1
-2.3549546210851774e-01 -1.5338776044980088e-01 0.0000000000000000e+00 1
-2.4061853061999039e-01 -1.6402970206070230e-01 0.0000000000000000e+00 1
1.6817783280524090e-01 7.3873859203711567e-03 0.0000000000000000e+00 1
-1.0959299599828612e-01 8.0165734859809837e-02 0.0000000000000000e+00 1
-1.6450147969761264e-01 9.5828425541849283e-03 0.0000000000000000e+00 1
6.7355944652957730e-02 -1.0839965761835646e-01 0.0000000000000000e+00 1
-1.9934189029531910e-01 -1.6931980280115030e-01 0.0000000000000000e+00 1
3.7438176270129941e-01 -2.4552601515604417e-02 0.0000000000000000e+00 1
2.0318525898657350e-01 -2.4777927676778025e-01 0.0000000000000000e+00 1
2.6334982122450730e-02 1.4972577692110134e-01 0.0000000000000000e+00 1
-3.4529366242644445e-02 1.6153708189501256e-01 0.0000000000000000e+00 1
-1.4151428107722314e-01 5.0694980074349465e-02 0.0000000000000000e+00 1
-8.3357542300901186e-02 3.0635622605562896e-01 0.0000000000000000e+00 1
-3.1935300449552323e-01 -4.2092472036764021e-02 0.0000000000000000e+00 1
-8.4003229168957610e-02 2.1567639477757750e-01 0.0000000000000000e+00 1
2.1478799133508703e-01 -2.5082437336429595e-02 0.0000000000000000e+00 1
-1.0304708970465903e-01 1.1024995824625820e-01 0.0000000000000000e+00 1
-3.0127447992384948e-01 -7.5056758431742365e-02 0.0000000000000000e+00 1
-1.2289281531385268e-01 1.2809322102018544e-01 0.0000000000000000e+00 1
-1.2611776415356746e-01 1.3283388648013811e-01 0.0000000000000000e+00 1
2.4822852201351914e-02 -1.6902869761076070e-01 0.0000000000000000e+00 1
-3.1495477148781266e-02 1.5294986332160360e-01 0.0000000000000000e+00 1
1.1938883135095875e-01 -8.1251759251874334e-02 0.0000000000000000e+00 1
-2.0862872572785643e-01 -1.0255635652179866e-01 0.0000000000000000e+00 1
-4.4566744264042807e-02 1.5640001756017294e-01 0.0000000000000000e+00 1
3.1011891804908925e-01 -5.9138649175174370e-02 0.0000000000000000e+00 1
4.2628593151062399e-01 -1.0618507996625337e-01 0.0000000000000000e+00 1
4.3002844040299221e-01 -9.8790662202547425e-02 0.0000000000000000e+00 1
3.1495223529616256e-01 -2.3761361061268962e-01 0.0000000000000000e+00 1
1.0750955648857843e-01 3.7221379959813929e-02 0.0000000000000000e+00 1
-3.1758180648286871e-01 -1.3679280868821472e-01 0.0000000000000000e+00 1
-3.0593444463826952e-01 -1.3821541868885689e-01 0.0000000000000000e+00 1
4.2017173897193888e-01 -1.1861006091295379e-01 0.0000000000000000e+00 1
9.6513579110064307e-02 -2.3590382043035599e-01 0.0000000000000000e+00 1
-1.0402846513246622e-01 5.8224272345070840e-02 0.0000000000000000e+00 1
-1.0122501489288546e-01 -1.2375219196130126e-01 0.0000000000000000e+00 1
2.9888936159872725e-01 3.8485609452159890e-02 0.0000000000000000e+00 1
2.8608509475157484e-01 -1.7746522332969381e-01 0.0000000000000000e+00 1
-1.3528520303383851e-01 -7.2363907809994424e-02 0.0000000000000000e+00 1
-1.4684844306376882e-01 -7.2164355925189314e-02 0.0000000000000000e+00 1
-1.4288477420256068e-01 -6.2305430730322936e-02 0.0000000000000000e+00 1
3.6348943411171486e-01 -2.1420539524603191e-01 0.0000000000000000e+00 1
1.1052280082245915e-01 1.2434665833169362e-01 0.0000000000000000e+00 1
1.1815225314094713e-01 1.1319716397004849e-01 0.0000000000000000e+00 1
-9.6667050509257779e-02 1.6826518433088078e-01 0.0000000000000000e+00 1
2.6100992327801544e-03 -2.2132348326544715e-01 0.0000000000000000e+00 1
-1.0825619470730069e-01 1.5349679217744777e-01 0.0000000000000000e+00 1
-2.4185002692952889e-01 -3.0222699329975265e-02 0.0000000000000000e+00 1
-2.3705701370031146e-01 -3.9241478568107620e-02 0.0000000000000000e+00 1
-2.4559138821194118e-01 -2.1552784605331554e-02 0.0000000000000000e+00 1
-2.3173966266240925e-01 2.6150596398757754e-02 0.0000000000000000e+00 1
-9.3338074825050479e-02 1.2696337377327405e-01 0.0000000000000000e+00 1
1.2413187800172752e-02 -2.3107391189730775e-01 0.0000000000000000e+00 1
-3.9949896483623668e-02 1.6963056691992329e-01 0.0000000000000000e+00 1
-3.6558017274335927e-02 1.7772520222132013e-01 0.0000000000000000e+00 1
-7.2618285138952771e-02 5.8991311840977071e-05 0.0000000000000000e+00 1
5.0457144632430610e-02 -1.7922753272612094e-01 0.0000000000000000e+00 1
1.2830580566313182e-01 -1.1415553513637877e-01 0.0000000000000000e+00 1
8.2897585000711010e-02 -8.8058168099462916e-02 0.0000000000000000e+00 1
8.9331777394249343e-02 -7.6005955639040418e-02 0.0000000000000000e+00 1
1.2677820964806416e-01 -9.2182697628068730e-02 0.0000000000000000e+00 1
3.8326439800575096e-01 -2.1314459761697355e-01 0.0000000000000000e+00 1
-1.2985723428482129e-01 4.1981758213701488e-02 0.0000000000000000e+00 1
-1.2561842536234177e-01 3.3410004906551598e-02 0.0000000000000000e+00 1
-8.5489817912500515e-02 1.9445822848673852e-01 0.0000000000000000e+00 1
-2.0245730639983553e-01 -1.1255487235213596e-01 0.0000000000000000e+00 1
1.3825253235845383e-01 -1.3161171164263669e-01 0.0000000000000000e+00 1
-1.1574149494163140e-01 3.3469995378258725e-02 0.0000000000000000e+00 1
-1.9139271127468369e-01 2.6167616791749194e-03 0.0000000000000000e+00 1
2.9315937699446976e-01 4.9500035467425263e-02 0.0000000000000000e+00 1
3.8702019334488891e-01 -4.5561391527793857e-02 0.0000000000000000e+00 1
-2.6906233805699847e-01 3.4798975021994069e-02 0.0000000000000000e+00 1
-1.9904641987194854e-01 -8.9596924372616678e-03 0.0000000000000000e+00 1
2.4856578773761867e-01 7.1830417245927841e-02 0.0000000000000000e+00 1
2.4140067770862572e-01 8.4315510817582137e-02 0.0000000000000000e+00 1
3.9818146792798437e-01 -4.6087471042750017e-02 0.0000000000000000e+00 1
-1.2312327423035704e-01 -1.9957670770142374e-01 0.0000000000000000e+00 1
-4.2717086579511745e-02 1.8501429400393765e-01 0.0000000000000000e+00 1
-3.9959276315315484e-02 1.9336674800627712e-01 0.0000000000000000e+00 1
-4.5979110652246767e-02 1.9996242448171850e-01 0.0000000000000000e+00 1
-2.8817439650108051e-01 -1.2483309078581423e-01 0.0000000000000000e+00 1
-1.0703610065950539e-01 1.4886996768051639e-01 0.0000000000000000e+00 1
-1.1097493609968269e-01 1.4535946764600463e-01 0.0000000000000000e+00 1
-1.0652714067910285e-01 1.4369501316730265e-01 0.0000000000000000e+00 1
-3.4384581537516862e-01 -1.4566837358143617e-01 0.0000000000000000e+00 1
-1.1917211399017992e-01 1.4399921341365729e-01 0.0000000000000000e+00 1
-1.1859921275256903e-01 1.3931029385337829e-01 0.0000000000000000e+00 1
4.1184708059765879e-01 -1.3490955034373178e-01 0.0000000000000000e+00 1
-1.5405210608289915e-01 -6.2782306203157237e-02 0.0000000000000000e+00 1
-1.2479056039387125e-01 1.0100695654015326e-02 0.0000000000000000e+00 1
2.1947017739184241e-01 9.6242318027356333e-02 0.0000000000000000e+00 1
2.1099471408155779e-01 1.0775676931976959e-01 0.0000000000000000e+00 1
2.3899660750009665e-02 1.7970910080634961e-01 0.0000000000000000e+00 1
-7.6084216128457727e-02 1.4833326544311057e-01 0.0000000000000000e+00 1
-2.6987745166694865e-01 -1.5484931782126246e-01 0.0000000000000000e+00 1
-5.9729381622062608e-02 -2.1011885118218157e-01 0.0000000000000000e+00 1
-2.0691625245313053e-01 1.0351702265113155e-01 0.0000000000000000e+00 1
-2.0062215064705297e-01 1.0321775982526288e-01 0.0000000000000000e+00 1
-1.9026039964248584e-01 7.4097636512333018e-02 0.0000000000000000e+00 1
4.2787197461280591e-01 -1.7404016339858319e-01 0.0000000000000000e+00 1
4.2372849910396387e-01 -1.8222198805766879e-01 0.0000000000000000e+00 1
4.1522202245406303e-01 -1.8170209341107044e-01 0.0000000000000000e+00 1
-6.0936768789579696e-02 2.3371470589737817e-01 0.0000000000000000e+00 1
-6.6309331533997165e-02 2.4073422337045916e-01 0.0000000000000000e+00 1
-7.5059844680724422e-02 2.3965271289183310e-01 0.0000000000000000e+00 1
-5.5773507462389446e-02 2.2656266942910039e-01 0.0000000000000000e+00 1
-7.1012759476714871e-02 2.4949119541457601e-01 0.0000000000000000e+00 1
-8.0400577430725748e-02 2.4655491617911693e-01 0.0000000000000000e+00 1
-7.8112519706705436e-02 2.5510771054435033e-01 0.0000000000000000e+00 1
-1.5628503286499357e-01 1.2136784573099973e-01 0.0000000000000000e+00 1
-1.6269722812215076e-01 1.2104938750194912e-01 0.0000000000000000e+00 1
-1.5024864138930918e-01 1.2160236173245155e-01 0.0000000000000000e+00 1
-1.4675098699003747e-01 1.2648886900614256e-01 0.0000000000000000e+00 1
-1.4400078262271820e-01 1.2186957891053431e-01 0.0000000000000000e+00 1
-1.1610731098890018e-01 -8.1360215090243465e-02 0.0000000000000000e+00 1
-1.9540015619255652e-01 -4.0462152138414850e-02 0.0000000000000000e+00 1
-8.0758539598483572e-02 3.1177494517451659e-01 0.0000000000000000e+00 1
-3.5154334066250609e-01 -1.2044506661190936e-01 0.0000000000000000e+00 1
2.7575779489275815e-01 -1.9808217806547973e-01 0.0000000000000000e+00 1
3.9085243365819533e-02 -8.6770803890630743e-02 0.0000000000000000e+00 1
4.3257884461871760e-01 -1.6624623181999415e-01 0.0000000000000000e+00 1
-3.5464627356939055e-01 -1.1365088300859923e-01 0.0000000000000000e+00 1
-8.4191999719318400e-02 2.3765179374728668e-01 0.0000000000000000e+00 1
2.6405967476367359e-01 -1.9773380500237270e-01 0.0000000000000000e+00 1
1.4280003690783949e-01 7.7386262308310097e-02 0.0000000000000000e+00 1
1.3509884032372038e-01 8.8355603956746590e-02 0.0000000000000000e+00 1
-7.8420188094689924e-02 1.7202460311551507e-01 0.0000000000000000e+00 1
-9.2127478011912803e-02 1.1464165362092051e-01 0.0000000000000000e+00 1
-3.2336738786456848e-02 1.8725845655683090e-01 0.0000000000000000e+00 1
1.7154918942649683e-01 -2.4124879314565331e-01 0.0000000000000000e+00 1
1.5765932888655398e-01 -2.4202542984602762e-01 0.0000000000000000e+00 1
-1.2144889691427177e-01 2.5459995990831302e-02 0.0000000000000000e+00 1
-9.5511032229358223e-02 1.8568171895984881e-01 0.0000000000000000e+00 1
-1.2750664516074647e-01 1.3806935536358003e-01 0.0000000000000000e+00 1
-1.1985887917668228e-01 1.0610635867113319e-01 0.0000000000000000e+00 1
7.9830043543980572e-02 -2.0058401753439334e-01 0.0000000000000000e+00 1
-6.0759119756153529e-02 2.4948370731314576e-01 0.0000000000000000e+00 1
-8.9807518450215923e-02 2.2341453466250458e-01 0.0000000000000000e+00 1
-8.6258348892284384e-02 1.4344803735801828e-01 0.0000000000000000e+00 1
-1.8592780948130383e-01 1.2642418588558803e-02 0.0000000000000000e+00 1
-1.4738941700648020e-01 -1.9253829968755229e-01 0.0000000000000000e+00 1
-2.9833615192695279e-01 -1.2323971497435092e-01 0.0000000000000000e+00 1
-5.8329204402511478e-02 8.0245822341653797e-02 0.0000000000000000e+00 1
-5.3947724159909227e-02 8.8757213310780639e-02 0.0000000000000000e+00 1
-4.3335501199845576e-02 8.9927658448534911e-02 0.0000000000000000e+00 1
-4.9588281264978794e-02 9.7477816302941694e-02 0.0000000000000000e+00 1
-6.0947354294826013e-02 9.7124828145495862e-02 0.0000000000000000e+00 1
-5.5158109965174708e-02 1.0505971529295076e-01 0.0000000000000000e+00 1
-4.5728629740710305e-02 1.0577824539022564e-01 0.0000000000000000e+00 1
-5.1260050812659330e-02 1.1225652127927022e-01 0.0000000000000000e+00 1
-6.3375382279002010e-02 1.0469774214588687e-01 0.0000000000000000e+00 1
-1.3723118240705978e-01 1.3338464522756535e-01 0.0000000000000000e+00 1
3.0875561521529415e-01 -2.4677380097176435e-01 0.0000000000000000e+00 1
3.2464140738630276e-01 1.8916903890032397e-02 0.0000000000000000e+00 1
-3.2279668100250181e-02 1.0920782130980174e-01 0.0000000000000000e+00 1
-2.8700105624105327e-01 2.6075227379827267e-03 0.0000000000000000e+00 1
2.7373579668838055e-01 -2.5065155736295563e-01 0.0000000000000000e+00 1
-1.3439339602952988e-01 1.2786965651255286e-01 0.0000000000000000e+00 1
-8.4305495591893986e-02 -2.0552917346763535e-02 0.0000000000000000e+00 1
-9.0149386905102546e-02 -3.1134873694731544e-02 0.0000000000000000e+00 1
-8.4766460072844177e-02 -4.0781637903599011e-02 0.0000000000000000e+00 1
-2.1355329233878098e-01 9.2695040913200841e-02 0.0000000000000000e+00 1
-2.1986728092681654e-01 9.2858561908164161e-02 0.0000000000000000e+00 1
-2.2366641255533409e-01 8.7864107033095010e-02 0.0000000000000000e+00 1
-2.2122495901425510e-01 8.1765026304597907e-02 0.0000000000000000e+00 1
-2.2761852129540538e-01 8.2326752323075000e-02 0.0000000000000000e+00 1
-2.3254326703158515e-01 7.7262797353534737e-02 0.0000000000000000e+00 1
-2.3107932246066329e-01 7.0132416892862537e-02 0.0000000000000000e+00 1
-2.1681446446438221e-01 9.8691607344798343e-02 0.0000000000000000e+00 1
-7.7936820737693563e-02 -1.0247176199198009e-02 0.0000000000000000e+00 1
-3.5779592959876388e-01 -1.0883427827183347e-01 0.0000000000000000e+00 1
-1.1106636953546729e-01 2.3345167054649854e-02 0.0000000000000000e+00 1
-1.0956573539726354e-01 4.1973714740534435e-02 0.0000000000000000e+00 1
-1.5020587489330489e-01 1.1674972500810025e-03 0.0000000000000000e+00 1
-8.6500792673987761e-02 1.2764743173662191e-01 0.0000000000000000e+00 1
-8.4958030051945355e-02 1.3383878822033815e-01 0.0000000000000000e+00 1
-9.9381388178882354e-02 4.3691763036878876e-02 0.0000000000000000e+00 1
-3.3989769103961393e-01 -1.0009685603986432e-01 0.0000000000000000e+00 1
-3.4410571257273498e-01 -9.3389500950658150e-02 0.0000000000000000e+00 1
-1.7316136804940735e-01 1.0418467759243695e-01 0.0000000000000000e+00 1
-1.7616589992479165e-01 1.1019019793273385e-01 0.0000000000000000e+00 1
-1.8276124348017422e-01 1.1018231110047001e-01 0.0000000000000000e+00 1
-1.7938607190353667e-01 1.1541621012878682e-01 0.0000000000000000e+00 1
-1.8928813109871112e-01 1.1026358457992205e-01 0.0000000000000000e+00 1
5.3812468672486041e-02 -1.8527993887153130e-03 0.0000000000000000e+00 1
-2.1064207384035038e-02 1.5354040003581257e-01 0.0000000000000000e+00 1
-1.0261985765538990e-01 -3.1149858329841171e-02 0.0000000000000000e+00 1
-9.4213026379868656e-02 2.0011328586554059e-01 0.0000000000000000e+00 1
-3.2047477719145574e-02 1.9712374900713212e-01 0.0000000000000000e+00 1
-6.4425609983465332e-02 8.7882821198941571e-02 0.0000000000000000e+00 1
-5.2270749848850002e-02 1.4083047914254554e-01 0.0000000000000000e+00 1
-1.0358195311161932e-01 1.5311028789985115e-01 0.0000000000000000e+00 1
-4.7995297180829385e-02 2.3378180592526274e-01 0.0000000000000000e+00 1
-1.7289865357226880e-01 1.1566963805621421e-01 0.0000000000000000e+00 1
-1.6619544422345167e-01 1.1578869146313320e-01 0.0000000000000000e+00 1
3.3934105167206491e-02 1.8174596473566706e-01 0.0000000000000000e+00 1
3.8828805349591045e-02 1.9280078692781055e-01 0.0000000000000000e+00 1
-4.2848983095404969e-02 1.2666516378711018e-01 0.0000000000000000e+00 1
-5.1114758805893390e-02 1.2561299065162168e-01 0.0000000000000000e+00 1
-1.7111734804540724e-01 7.1969983678892194e-02 0.0000000000000000e+00 1
1.0032148915386419e-01 1.5870428291155320e-01 0.0000000000000000e+00 1
9.4792346310424436e-02 1.4695156167377721e-01 0.0000000000000000e+00 1
-6.1557061779055816e-02 3.0368304798189522e-01 0.0000000000000000e+00 1
-1.9559009573727783e-02 1.3634921710491518e-01 0.0000000000000000e+00 1
-1.8640544739182605e-01 1.0436330497176367e-01 0.0000000000000000e+00 1
-1.9403117260103847e-01 1.0471954552592683e-01 0.0000000000000000e+00 1
-1.9491047504336478e-01 1.1051423015388152e-01 0.0000000000000000e+00 1
-3.5706042727241982e-02 2.8723745728412042e-01 0.0000000000000000e+00 1
-3.7632323658831200e-02 2.7617294235168960e-01 0.0000000000000000e+00 1
-2.7098800960955752e-02 2.7059796376026723e-01 0.0000000000000000e+00 1
-3.6563489956599922e-02 2.6603154154705000e-01 0.0000000000000000e+00 1
-4.4539175899011324e-02 2.9319243650460597e-01 0.0000000000000000e+00 1
-5.3201250465712766e-02 2.9051172204216841e-01 0.0000000000000000e+00 1
-5.9392330570250909e-02 1.1106972248062728e-01 0.0000000000000000e+00 1
1.1841127637870863e-01 1.7401996960161156e-01 0.0000000000000000e+00 1
8.1317303014706993e-02 2.1207067824578354e-01 0.0000000000000000e+00 1
6.9224154535735841e-02 2.0657740709407169e-01 0.0000000000000000e+00 1
5.7927677581732347e-02 2.1296299849758152e-01 0.0000000000000000e+00 1
5.7577626428955711e-02 1.9920988431380171e-01 0.0000000000000000e+00 1
4.9654870807430702e-02 2.0712951738945062e-01 0.0000000000000000e+00 1
4.5720986491888223e-02 2.1904101629284975e-01 0.0000000000000000e+00 1
-3.0687569401438952e-01 -3.2684001712995903e-02 0.0000000000000000e+00 1
-9.5838622287306413e-02 1.0807782849979446e-01 0.0000000000000000e+00 1
4.9491207514658714e-02 1.3388375517723589e-01 0.0000000000000000e+00 1
-1.6772794658967002e-01 3.5325106146099378e-02 0.0000000000000000e+00 1
3.5305505910101884e-02 2.4119635125849301e-01 0.0000000000000000e+00 1
2.3975018502521817e-02 2.3571789200573146e-01 0.0000000000000000e+00 1
1.3507326405548243e-02 2.4251179263226055e-01 0.0000000000000000e+00 1
1.2908162640942822e-02 2.2845507603479120e-01 0.0000000000000000e+00 1
3.0952842448191634e-03 2.3668047152085042e-01 0.0000000000000000e+00 1
2.3953087592744164e-02 2.2328298691004209e-01 0.0000000000000000e+00 1
3.1549200369503962e-03 2.4933184562940139e-01 0.0000000000000000e+00 1
-6.6244752470142557e-03 2.4276434308547679e-01 0.0000000000000000e+00 1
-6.8519479316718861e-03 2.3182809582846933e-01 0.0000000000000000e+00 1
-1.6576255598942095e-02 2.3739728709940669e-01 0.0000000000000000e+00 1
-1.6215596848381947e-02 2.4907170797298195e-01 0.0000000000000000e+00 1
1.3704754072225458e-02 2.5517401466019651e-01 0.0000000000000000e+00 1
3.5165535875805197e-02 2.2823913938299734e-01 0.0000000000000000e+00 1
-4.4868235442799345e-02 2.1711812905584013e-01 0.0000000000000000e+00 1
-4.9064721511452081e-02 2.0898356487604214e-01 0.0000000000000000e+00 1
-5.4057123812965201e-02 2.1631609348001943e-01 0.0000000000000000e+00 1
-5.4351773006898002e-02 2.0235856977207470e-01 0.0000000000000000e+00 1
9.9047922376323400e-03 -9.0876581182531266e-02 0.0000000000000000e+00 1
1.0378548380427406e-01 1.9424374417094659e-01 0.0000000000000000e+00 1
3.4360658075282791e-01 -1.9407329283627756e-01 0.0000000000000000e+00 1
3.5435282374729488e-01 -1.9340283924640511e-01 0.0000000000000000e+00 1
-9.1067993100447858e-02 -5.1620714527396909e-02 0.0000000000000000e+00 1
-9.0669484165835992e-03 2.6790141018807812e-01 0.0000000000000000e+00 1
-7.3380886674211119e-03 2.5502621118059621e-01 0.0000000000000000e+00 1
-1.7259490754966494e-02 2.5908178209490662e-01 0.0000000000000000e+00 1
-2.3841341425449472e-01 6.8990003565189223e-02 0.0000000000000000e+00 1
-2.4316950998968517e-01 6.2320931128296696e-02 0.0000000000000000e+00 1
-1.4697713310079169e-01 8.6116608676571130e-02 0.0000000000000000e+00 1
-1.4368416119178001e-01 9.2883566524859254e-02 0.0000000000000000e+00 1
-1.3915579788588622e-01 8.6385852142137731e-02 0.0000000000000000e+00 1
-1.3535959696007299e-01 9.3994674218136245e-02 0.0000000000000000e+00 1
-1.4735562027665791e-01 9.9844380300026389e-02 0.0000000000000000e+00 1
5.8028884744670862e-02 2.2638519286696010e-01 0.0000000000000000e+00 1
-1.3654678326813538e-01 -1.6847385787294752e-01 0.0000000000000000e+00 1
-1.2936899160102069e-01 -1.5369476796498749e-02 0.0000000000000000e+00 1
3.8848702300087240e-01 -8.4905438794664001e-02 0.0000000000000000e+00 1
4.2697684436858591e-01 -1.5813486714416355e-01 0.0000000000000000e+00 1
4.3587212861630592e-01 -1.5796646550976323e-01 0.0000000000000000e+00 1
4.3089077777245099e-01 -1.4990024355826234e-01 0.0000000000000000e+00 1
-7.3521075564575419e-02 1.8835993838386575e-01 0.0000000000000000e+00 1
-6.7821964692609024e-02 1.8233106681049274e-01 0.0000000000000000e+00 1
-3.2029071164904460e-01 -5.8909071348786708e-02 0.0000000000000000e+00 1
-3.3034051712014834e-01 -5.9342524476549738e-02 0.0000000000000000e+00 1
-2.7631647696294703e-01 -8.6411746029042211e-02 0.0000000000000000e+00 1
-2.8167933144903018e-01 -7.7409804894775766e-02 0.0000000000000000e+00 1
-2.7669985812425479e-01 -6.7996535038293837e-02 0.0000000000000000e+00 1
-2.8705587495880908e-01 -6.8602361202402817e-02 0.0000000000000000e+00 1
-2.8690092712678922e-01 -8.6531799900555831e-02 0.0000000000000000e+00 1
-2.6618592684764231e-01 -6.7735718483434681e-02 0.0000000000000000e+00 1
-2.7149318801965544e-01 -5.8481325264362914e-02 0.0000000000000000e+00 1
3.6574609349515036e-01 -8.6297928421156661e-02 0.0000000000000000e+00 1
3.7156077602134641e-01 -9.5799871774505885e-02 0.0000000000000000e+00 1
3.6029358742924700e-01 -9.6652552042567910e-02 0.0000000000000000e+00 1
3.6624234576381537e-01 -1.0652034547155893e-01 0.0000000000000000e+00 1
3.7779143196827314e-01 -1.0561631907151114e-01 0.0000000000000000e+00 1
3.6066399419079925e-01 -1.1683227843377310e-01 0.0000000000000000e+00 1
-3.0876477671985758e-01 -8.8355097863104901e-02 0.0000000000000000e+00 1
2.3000965247200622e-01 -1.4417924970913196e-01 0.0000000000000000e+00 1
2.2314687993210050e-01 -1.3354088028199587e-01 0.0000000000000000e+00 1
2.1648717574654108e-01 -1.2333796196243690e-01 0.0000000000000000e+00 1
2.2444157438894943e-01 -1.5548451649129161e-01 0.0000000000000000e+00 1
-2.2997060685517184e-01 8.8523587341899163e-02 0.0000000000000000e+00 1
3.7846565676929600e-01 -2.2184643926170622e-01 0.0000000000000000e+00 1
3.9329292287419199e-01 -2.1236352127542157e-01 0.0000000000000000e+00 1
3.8772564982364088e-01 -2.0422658840884286e-01 0.0000000000000000e+00 1
3.9712110878689760e-01 -2.0336132038999113e-01 0.0000000000000000e+00 1
4.0129476890205196e-01 -1.9457041847977555e-01 0.0000000000000000e+00 1
4.0332416569281104e-01 -2.1181537189210428e-01 0.0000000000000000e+00 1
3.9588136340022761e-01 -1.8623108411800160e-01 0.0000000000000000e+00 1
4.0724910804937520e-01 -1.8560074991242462e-01 0.0000000000000000e+00 1
4.1085398428954201e-01 -1.9435357464047598e-01 0.0000000000000000e+00 1
-3.2761044668698164e-01 -8.9736086962414668e-02 0.0000000000000000e+00 1
-3.3654106564222042e-01 -9.1416385821629476e-02 0.0000000000000000e+00 1
-3.4218982571982132e-01 -8.5082387417810906e-02 0.0000000000000000e+00 1
-3.5035738849673598e-01 -8.7917296171605153e-02 0.0000000000000000e+00 1
-3.3990419067173883e-01 -7.7070537628337002e-02 0.0000000000000000e+00 1
-8.7616224435322035e-02 6.0267390343462103e-02 0.0000000000000000e+00 1
3.9776454873989964e-01 -1.4291492633410155e-01 0.0000000000000000e+00 1
3.6239995129700292e-01 -1.5426911228545792e-01 0.0000000000000000e+00 1
-8.8073730852921112e-02 2.4512570334213224e-01 0.0000000000000000e+00 1
8.0816970793129397e-02 -1.0739231843223457e-01 0.0000000000000000e+00 1
-1.9695285285681302e-01 9.8087186694319220e-02 0.0000000000000000e+00 1
-2.7688568131509006e-01 -1.2443551458495401e-01 0.0000000000000000e+00 1
-2.6536707486972194e-01 -1.2416151316362954e-01 0.0000000000000000e+00 1
-3.2605455004552475e-02 9.1056544000708381e-02 0.0000000000000000e+00 1
-3.5794587238492614e-01 -1.2324620492520455e-01 0.0000000000000000e+00 1
-2.4065916414080318e-01 -1.2905015273826162e-02 0.0000000000000000e+00 1
4.0417988190670950e-01 -1.6791261345974115e-01 0.0000000000000000e+00 1
1.7815017146184463e-02 1.3162769740659716e-01 0.0000000000000000e+00 1
9.9646178299954466e-02 4.6255836227064917e-02 0.0000000000000000e+00 1
8.9130126214986241e-02 5.1874500558982697e-02 0.0000000000000000e+00 1
8.6723790503578535e-02 6.3239945654553639e-02 0.0000000000000000e+00 1
-2.1718075559558242e-01 -5.6795190838250027e-02 0.0000000000000000e+00 1
-2.6852802767510742e-01 1.8547159875697279e-02 0.0000000000000000e+00 1
-2.3939766563411258e-01 -5.7505414911159264e-02 0.0000000000000000e+00 1
3.5277795264487083e-01 -1.7386355412345661e-01 0.0000000000000000e+00 1
3.6371243362615130e-01 -1.7210829185247226e-01 0.0000000000000000e+00 1
3.1699013919388913e-01 -1.3866974565741955e-01 0.0000000000000000e+00 1
-2.3009439167569340e-01 -1.4207472734362128e-01 0.0000000000000000e+00 1
3.4960176207942162e-01 -1.1713125613018584e-01 0.0000000000000000e+00 1
1.8347626461477431e-01 -2.1580644341415614e-01 0.0000000000000000e+00 1
2.5769058261668983e-02 6.2686577826363013e-02 0.0000000000000000e+00 1
2.0991791343572524e-02 5.2390478580985840e-02 0.0000000000000000e+00 1
2.5420723978696855e-02 4.0183528803502129e-02 0.0000000000000000e+00 1
1.3266684947566280e-02 6.1951066496298002e-02 0.0000000000000000e+00 1
8.5839101629994058e-03 7.3469783799403346e-02 0.0000000000000000e+00 1
1.4595196706673853e-02 4.2634608005768779e-02 0.0000000000000000e+00 1
3.3252078625658585e-02 3.1419522925844358e-02 0.0000000000000000e+00 1
3.0840788590184760e-02 1.9457982866490978e-02 0.0000000000000000e+00 1
4.1655786121663811e-02 1.6356519995035360e-02 0.0000000000000000e+00 1
-7.0253141973396244e-02 2.6533690504756763e-01 0.0000000000000000e+00 1
-7.9465719570555551e-02 2.6449793984576386e-01 0.0000000000000000e+00 1
-8.4281488710910693e-02 2.7153838045928441e-01 0.0000000000000000e+00 1
-8.0704479859367476e-02 2.7930325810186890e-01 0.0000000000000000e+00 1
-8.5039255975025443e-02 2.8618465892052453e-01 0.0000000000000000e+00 1
-8.2659929084735559e-02 2.9431400021959075e-01 0.0000000000000000e+00 1
-1.9453243155693559e-01 -5.6181258912000910e-02 0.0000000000000000e+00 1
-1.6272000447880436e-01 7.2029227633394310e-02 0.0000000000000000e+00 1
-2.7787232113918109e-01 2.0389698539708318e-03 0.0000000000000000e+00 1
-7.6224811777851939e-02 1.0156051736451091e-01 0.0000000000000000e+00 1
-1.5135422618075309e-01 -1.6007828721286723e-02 0.0000000000000000e+00 1
8.5546438268713845e-02 8.2206951948612703e-02 0.0000000000000000e+00 1
7.1988237725992513e-02 8.0559545308516611e-02 0.0000000000000000e+00 1
-1.1339497619289213e-01 1.3704435394718520e-01 0.0000000000000000e+00 1
-3.7624838590162767e-02 8.1519930576263527e-02 0.0000000000000000e+00 1
3.7299640812560014e-01 -1.5336605325506639e-01 0.0000000000000000e+00 1
-1.1535301457490979e-01 -1.4183101057086864e-01 0.0000000000000000e+00 1
-7.7975378001789067e-02 2.3122422385319727e-01 0.0000000000000000e+00 1
-3.7764727980190552e-02 9.9844611930154342e-02 0.0000000000000000e+00 1
-1.9033782981794874e-02 -2.7314244183437666e-02 0.0000000000000000e+00 1
-1.3397631328201317e-02 -1.6435940807955400e-02 0.0000000000000000e+00 1
-1.0000318201390617e-03 -1.5795929371662840e-02 0.0000000000000000e+00 1
-7.7394888548417817e-03 -5.6599990954021642e-03 0.0000000000000000e+00 1
-1.9931417655161772e-02 -6.3436912961987967e-03 0.0000000000000000e+00 1
-1.4160102516669756e-02 4.3553679217253555e-03 0.0000000000000000e+00 1
-1.5242150377832261e-01 -8.2898090917901734e-02 0.0000000000000000e+00 1
-6.3008392525810308e-02 2.0218702151789010e-02 0.0000000000000000e+00 1
-5.9372878445326446e-02 3.0592465270528748e-02 0.0000000000000000e+00 1
-4.7190010855123900e-02 3.1453450960736526e-02 0.0000000000000000e+00 1
-5.2782990799927293e-02 3.9153618314210221e-02 0.0000000000000000e+00 1
-7.2997358533286386e-02 1.8005822947758588e-02 0.0000000000000000e+00 1
-4.2164467296583782e-02 4.1458247951698231e-02 0.0000000000000000e+00 1
-3.6182332776484673e-02 3.2021386282638460e-02 0.0000000000000000e+00 1
-3.0964053880016110e-02 4.1560912109714049e-02 0.0000000000000000e+00 1
3.2825205105053401e-01 -1.3790797126014040e-01 0.0000000000000000e+00 1
-2.6893189775369090e-02 1.7871316599485709e-01 0.0000000000000000e+00 1
1.3217718569184347e-01 1.1399190175994268e-01 0.0000000000000000e+00 1
1.4032603771053856e-01 1.0215879384363775e-01 0.0000000000000000e+00 1
-7.8975071630018684e-02 2.0899859241431026e-01 0.0000000000000000e+00 1
2.9061628910745207e-01 -9.9307553459949668e-02 0.0000000000000000e+00 1
3.0274889436811342e-01 -9.8769909140591070e-02 0.0000000000000000e+00 1
2.9621733966912978e-01 -8.8470855340423871e-02 0.0000000000000000e+00 1
3.0824026512532521e-01 -8.8578679319098894e-02 0.0000000000000000e+00 1
3.1453272935939314e-01 -9.8833835028967434e-02 0.0000000000000000e+00 1
3.0193765532887551e-01 -7.7738938845554481e-02 0.0000000000000000e+00 1
-8.9278345292776951e-02 -1.3947314691602264e-01 0.0000000000000000e+00 1
1.3918449684907082e-02 -1.1187457992041634e-01 0.0000000000000000e+00 1
1.9203901615537392e-01 6.8873191133619532e-02 0.0000000000000000e+00 1
1.7791909523219138e-01 6.7775351132638814e-02 0.0000000000000000e+00 1
1.6979238557358808e-01 7.9853589949623938e-02 0.0000000000000000e+00 1
1.6437621826363985e-01 6.6987867325182096e-02 0.0000000000000000e+00 1
-8.3197220444308467e-02 6.9413831729325512e-02 0.0000000000000000e+00 1
1.9025962617854697e-01 -2.4783659321244972e-01 0.0000000000000000e+00 1
3.0906111942731723e-01 -1.0906615820731969e-01 0.0000000000000000e+00 1
3.1196088989435916e-01 -2.1570155315745657e-01 0.0000000000000000e+00 1
-6.7274560190945631e-02 -9.3369377794393672e-03 0.0000000000000000e+00 1
-3.1122027086189175e-01 -1.5501092062330701e-01 0.0000000000000000e+00 1
2.4779673787008361e-01 -1.1253312553642829e-01 0.0000000000000000e+00 1
2.5216572166430307e-01 2.3394403048137363e-02 0.0000000000000000e+00 1
-2.5796558317414903e-01 -3.0875605221719577e-02 0.0000000000000000e+00 1
-2.0099170544666106e-01 5.0982097097778983e-02 0.0000000000000000e+00 1
-2.0962941129897045e-01 5.1163914866635921e-02 0.0000000000000000e+00 1
-2.1417611476583032e-01 4.2717330328589709e-02 0.0000000000000000e+00 1
-2.0999232544568605e-01 3.5537886933792374e-02 0.0000000000000000e+00 1
-2.1475689423743455e-01 2.7765601041406573e-02 0.0000000000000000e+00 1
-4.8425886514658026e-02 -1.6066428420932777e-01 0.0000000000000000e+00 1
2.8754540338904105e-01 1.3489776586566905e-02 0.0000000000000000e+00 1
2.8050990199313336e-01 1.3312343044455499e-03 0.0000000000000000e+00 1
2.5943024521697489e-01 1.1890129952594100e-02 0.0000000000000000e+00 1
2.0611234028724726e-01 -1.6772042344038157e-01 0.0000000000000000e+00 1
8.8379232319106896e-02 -1.1818879341384293e-01 0.0000000000000000e+00 1
2.4030300274278577e-02 -8.8744581061294500e-02 0.0000000000000000e+00 1
1.4869788667524905e-01 2.9260114234898899e-02 0.0000000000000000e+00 1
1.3524789438400814e-01 2.7241739277235066e-02 0.0000000000000000e+00 1
1.5654254747403651e-01 1.6930689423168992e-02 0.0000000000000000e+00 1
1.2782795399908770e-01 3.9373146400216261e-02 0.0000000000000000e+00 1
-2.6463993163071603e-02 3.6078839351619493e-03 0.0000000000000000e+00 1
-2.1001337290159405e-02 1.4087555091374741e-02 0.0000000000000000e+00 1
-2.9035906210894254e-02 2.2844421019947582e-02 0.0000000000000000e+00 1
-1.6503708835758767e-02 2.6133002445975315e-02 0.0000000000000000e+00 1
2.1982997861751655e-01 -6.9957345228785800e-02 0.0000000000000000e+00 1
-1.7919037272236121e-01 -1.9461727193998682e-01 0.0000000000000000e+00 1
-1.6810201633388808e-01 -1.8389409334585391e-01 0.0000000000000000e+00 1
-1.8266288865460348e-01 -1.8120091395012380e-01 0.0000000000000000e+00 1
-1.9201524041897805e-01 -1.9120532204130822e-01 0.0000000000000000e+00 1
-2.8986733718611341e-01 -1.6160392423703704e-01 0.0000000000000000e+00 1
-2.1694761310281510e-01 -1.8273044087960363e-01 0.0000000000000000e+00 1
-2.4804961549969978e-01 6.8878518238339084e-02 0.0000000000000000e+00 1
-2.4735579137567076e-01 5.5982452907661982e-02 0.0000000000000000e+00 1
-2.5534982313732946e-01 5.4629313246630333e-02 0.0000000000000000e+00 1
-2.5438162648671525e-01 4.6145524807416419e-02 0.0000000000000000e+00 1
1.4231806515615927e-01 1.7200153717182728e-01 0.0000000000000000e+00 1
-1.8883637172501277e-01 -2.5530147376351463e-02 0.0000000000000000e+00 1
4.1552420312826233e-01 -8.9634492232261428e-02 0.0000000000000000e+00 1
4.1002218374971511e-01 -8.0413201331021977e-02 0.0000000000000000e+00 1
-1.1467273075350977e-01 1.4224898789519916e-01 0.0000000000000000e+00 1
2.8392689726091080e-01 -8.8911208716405177e-02 0.0000000000000000e+00 1
4.3840160733975553e-01 -1.1921090235249288e-01 0.0000000000000000e+00 1
5.3917323930187923e-02 -1.0893594004495837e-01 0.0000000000000000e+00 1
6.0970400271594088e-02 -9.7221957139325896e-02 0.0000000000000000e+00 1
-2.4475188357905925e-01 -4.6917488760725871e-02 0.0000000000000000e+00 1
-2.6767114532581660e-01 -1.6813781118017132e-01 0.0000000000000000e+00 1
-2.5914414675590258e-01 -1.5942125269087731e-01 0.0000000000000000e+00 1
-7.9710606325682803e-02 3.2060701287012700e-01 0.0000000000000000e+00 1
-2.5658892427628244e-02 -1.7207260283791687e-02 0.0000000000000000e+00 1
-1.9612818140423971e-01 5.8288876439464392e-02 0.0000000000000000e+00 1
-2.0005968446777364e-01 6.5587404752855780e-02 0.0000000000000000e+00 1
-6.0982871784412064e-02 -3.9780088982077799e-02 0.0000000000000000e+00 1
3.9825208628893649e-01 -6.4253329629819431e-02 0.0000000000000000e+00 1
-3.0176757599014070e-01 -4.1136458436206745e-02 0.0000000000000000e+00 1
2.0236527641930727e-01 -1.0441730240937240e-01 0.0000000000000000e+00 1
2.3495913283414421e-01 9.5731347003601988e-02 0.0000000000000000e+00 1
5.7124231493503154e-03 -2.6106606830094498e-02 0.0000000000000000e+00 1
-8.9024586990645596e-02 1.8757942220625526e-01 0.0000000000000000e+00 1
-1.3486589730032585e-02 -1.7087154576256405e-01 0.0000000000000000e+00 1
1.7182868394117268e-01 -3.8490754305912540e-02 0.0000000000000000e+00 1
1.5877699100575365e-01 -3.9474533045541986e-02 0.0000000000000000e+00 1
1.5218839857214977e-01 -1.4941220703069708e-01 0.0000000000000000e+00 1
1.6518666652585334e-01 1.5284286489330945e-01 0.0000000000000000e+00 1
1.7885413345684936e-01 1.4586422676655336e-01 0.0000000000000000e+00 1
1.7798441508086696e-01 1.3165044752920788e-01 0.0000000000000000e+00 1
1.8988239935043205e-01 1.2095103273334572e-01 0.0000000000000000e+00 1
2.0395372811285623e-01 1.2908967153463219e-01 0.0000000000000000e+00 1
-5.2660049022870997e-02 -9.2889572698079251e-02 0.0000000000000000e+00 1
2.2769113904749907e-01 -1.9981637862963952e-01 0.0000000000000000e+00 1
-2.1306948138612986e-01 -1.2859523658141256e-01 0.0000000000000000e+00 1
8.6106516009708339e-02 -1.0159813025256538e-02 0.0000000000000000e+00 1
2.0320104147522197e-01 -1.2364832667782090e-01 0.0000000000000000e+00 1
-1.4805384304154384e-02 -9.0989594434953469e-02 0.0000000000000000e+00 1
4.0942812155371690e-02 1.6296325100178533e-01 0.0000000000000000e+00 1
-8.9010870705209078e-02 2.6479185196910676e-01 0.0000000000000000e+00 1
1.7241701702549095e-01 -1.5886148355503055e-01 0.0000000000000000e+00 1
1.8941920312859850e-01 -1.0529386896232767e-01 0.0000000000000000e+00 1
1.8218267870458443e-01 -9.4720796601125493e-02 0.0000000000000000e+00 1
-3.6628607540037009e-02 -2.2878081592364749e-01 0.0000000000000000e+00 1
-2.4495182618797467e-01 1.1213652000751341e-02 0.0000000000000000e+00 1
-2.4292929747192349e-01 -1.0384999103360538e-01 0.0000000000000000e+00 1
-2.3804677640937688e-01 -9.4229809691968217e-02 0.0000000000000000e+00 1
-2.8471802378301481e-01 1.9210788768246174e-02 0.0000000000000000e+00 1
-4.2561280865794852e-02 -1.4878021657608329e-01 0.0000000000000000e+00 1
1.8652388986031954e-01 5.5753096670983195e-02 0.0000000000000000e+00 1
1.1706453309575841e-01 -1.3939448857039549e-01 0.0000000000000000e+00 1
1.3834420240071183e-02 8.3143457752381592e-02 0.0000000000000000e+00 1
1.7923728921933535e-01 -4.9508306070988516e-02 0.0000000000000000e+00 1
1.9248296130289413e-01 8.1748920390716535e-03 0.0000000000000000e+00 1
2.2251049346310250e-01 4.6017239796113385e-02 0.0000000000000000e+00 1
1.7378506911868721e-01 1.1766255612216298e-01 0.0000000000000000e+00 1
1.9708075276127424e-01 1.0677067702686659e-01 0.0000000000000000e+00 1
-7.2398597931120828e-02 -8.3095859803479680e-02 0.0000000000000000e+00 1
2.4068345038443062e-01 -2.3974570959309983e-02 0.0000000000000000e+00 1
7.9014178200358220e-02 6.8473553514258173e-04 0.0000000000000000e+00 1
7.3171224927523898e-02 -1.0688452202945439e-02 0.0000000000000000e+00 1
2.1293647192698587e-01 -2.2475726260349901e-03 0.0000000000000000e+00 1
3.4689512583513410e-01 -2.3256650089456826e-01 0.0000000000000000e+00 1
2.4550920728225170e-01 -2.1035147181985026e-01 0.0000000000000000e+00 1
2.0683255238978396e-01 -7.0677827284080230e-02 0.0000000000000000e+00 1
2.5620069697508269e-01 -4.6088490205346645e-02 0.0000000000000000e+00 1
-1.7391483732235265e-02 2.7553966885782083e-01 0.0000000000000000e+00 1
1.4149279657447200e-01 -1.9596426897469610e-01 0.0000000000000000e+00 1
1.2098860561844507e-01 -1.0417918437179453e-01 0.0000000000000000e+00 1
1.0794492363193103e-01 -6.4381233439044977e-02 0.0000000000000000e+00 1
-2.2845618508650117e-02 1.1043444854171895e-01 0.0000000000000000e+00 1
-1.7698696776210776e-03 5.1151257457897215e-03 0.0000000000000000e+00 1
-1.1423163151952670e-01 -1.0199910373549219e-01 0.0000000000000000e+00 1
-9.6412751302312499e-02 7.4121728352750507e-02 0.0000000000000000e+00 1
-1.9967323254835218e-01 -8.4683593691232226e-02 0.0000000000000000e+00 1
8.2423522133101390e-02 -1.3007524048153388e-01 0.0000000000000000e+00 1
3.5538435100475346e-01 -1.2668772684384455e-01 0.0000000000000000e+00 1
2.6038522458573421e-01 -1.1159502637388885e-01 0.0000000000000000e+00 1
3.2623956658364650e-01 -2.3402598132036886e-01 0.0000000000000000e+00 1
-2.7715097938369221e-01 -3.1937652266630791e-02 0.0000000000000000e+00 1
-2.3873322590586438e-01 8.0531326537274850e-02 0.0000000000000000e+00 1
4.9739108697510838e-02 -2.4301882665964447e-01 0.0000000000000000e+00 1
4.3999223827307109e-02 -2.2855985102784282e-01 0.0000000000000000e+00 1
5.7962907166565089e-02 -2.3106264938122831e-01 0.0000000000000000e+00 1
2.7282218169121939e-02 -2.2857612455632356e-01 0.0000000000000000e+00 1
3.8749101909578872e-02 4.2216968118639821e-02 0.0000000000000000e+00 1
4.0216285185715211e-01 -1.3435688124029027e-01 0.0000000000000000e+00 1
5.6502195993897913e-02 -4.5200358413348546e-02 0.0000000000000000e+00 1
4.7959516329599633e-02 -1.2074205705538801e-01 0.0000000000000000e+00 1
-1.5610035028135780e-01 -1.3588655181167503e-01 0.0000000000000000e+00 1
1.4904123995437837e-01 -8.5257692443415634e-02 0.0000000000000000e+00 1
-1.7410930037003028e-01 7.9362738332468596e-02 0.0000000000000000e+00 1
-7.2748576709491503e-02 -6.1459757687340265e-02 0.0000000000000000e+00 1
8.3651486924057078e-02 3.3508800737789127e-02 0.0000000000000000e+00 1
-4.7036033340433414e-03 -6.9445210177048841e-02 0.0000000000000000e+00 1
6.2181871955464619e-03 1.8981706533568357e-01 0.0000000000000000e+00 1
1.2635167289583255e-01 -1.7375762829890495e-01 0.0000000000000000e+00 1
6.4039853199865215e-02 -2.4410460469466053e-01 0.0000000000000000e+00 1
8.2924711271494020e-02 -6.5929331756953230e-02 0.0000000000000000e+00 1
1.1912578790822788e-01 -1.9586735947250036e-02 0.0000000000000000e+00 1
1.1065033072903264e-01 1.4146403846164427e-02 0.0000000000000000e+00 1
1.7831307923640424e-01 -1.4709718300030375e-01 0.0000000000000000e+00 1
1.1458088092029580e-02 -1.5146590758796196e-02 0.0000000000000000e+00 1
-2.5418427990112186e-01 -5.1610454079595415e-03 0.0000000000000000e+00 1
-9.8639693119770361e-02 1.6277832911444587e-01 0.0000000000000000e+00 1
3.5074686435999880e-01 1.1411345113264583e-02 0.0000000000000000e+00 1
2.9636358141346464e-01 -1.5745112485398277e-01 0.0000000000000000e+00 1
1.5013226241738445e-01 -2.5412244063732337e-01 0.0000000000000000e+00 1
1.4415354922915974e-01 -2.4210629895377370e-01 0.0000000000000000e+00 1
2.4560599779936954e-01 1.1207052814512033e-02 0.0000000000000000e+00 1
-2.7265177326582779e-01 -2.3107705932659258e-02 0.0000000000000000e+00 1
-2.9230100703121908e-01 -1.1445474491314121e-01 0.0000000000000000e+00 1
7.6599356603752694e-02 -2.1380736562208300e-01 0.0000000000000000e+00 1
7.2573417193589673e-02 -2.3025144175218323e-01 0.0000000000000000e+00 1
-1.9979958425582010e-02 -1.0226189864228402e-01 0.0000000000000000e+00 1
-2.9721848528006900e-01 -1.4721894775351605e-02 0.0000000000000000e+00 1
6.9015960062048409e-02 5.4879512417069884e-02 0.0000000000000000e+00 1
7.3680713232902248e-02 6.6544277868830298e-02 0.0000000000000000e+00 1
-1.5524394009002790e-01 9.8707788945835928e-02 0.0000000000000000e+00 1
2.8655765848592601e-01 -1.3092630503545383e-01 0.0000000000000000e+00 1
2.8135550691156586e-01 -1.4167052753950701e-01 0.0000000000000000e+00 1
2.6842463189197657e-01 -1.4229831719091821e-01 0.0000000000000000e+00 1
-4.9149017158236566e-02 1.6942186519269956e-01 0.0000000000000000e+00 1
-4.0627056741232098e-02 2.2096800782466060e-02 0.0000000000000000e+00 1
5.7005177977850936e-02 -1.5498719116346357e-01 0.0000000000000000e+00 1
-7.8845760017480629e-02 -7.2614519681188108e-02 0.0000000000000000e+00 1
-1.2744262734456760e-01 -5.3286353918089696e-02 0.0000000000000000e+00 1
3.4477371483303343e-01 -1.4129787476355142e-02 0.0000000000000000e+00 1
3.5104298112100585e-01 -2.2239470819507691e-03 0.0000000000000000e+00 1
2.7488630205096243e-01 7.5385741580023466e-02 0.0000000000000000e+00 1
2.7137271750330821e-01 6.1316899963617881e-02 0.0000000000000000e+00 1
-1.2427202707730051e-01 1.1182771165466097e-01 0.0000000000000000e+00 1
-1.4288404396818061e-01 -1.5798350431631680e-01 0.0000000000000000e+00 1
2.3092039121080596e-01 -2.5661635988829490e-01 0.0000000000000000e+00 1
1.7603651616346636e-01 -2.0490557675797030e-01 0.0000000000000000e+00 1
8.0435781939735274e-02 -2.1728494053560674e-02 0.0000000000000000e+00 1
-1.1536036612893022e-01 1.4686568988549029e-01 0.0000000000000000e+00 1
1.0648882757292093e-01 1.7135941238116129e-01 0.0000000000000000e+00 1
2.2650221951666639e-02 -1.4556326039846854e-01 0.0000000000000000e+00 1
3.2072617370373918e-01 -1.0879717624474666e-01 0.0000000000000000e+00 1
2.5687666829035682e-01 6.0125740301172514e-02 0.0000000000000000e+00 1
2.8012957894956403e-01 -2.1088442849217046e-02 0.0000000000000000e+00 1
1.2239375993187984e-01 -2.5248888851572415e-01 0.0000000000000000e+00 1
-3.4670491870633724e-01 -1.3945454056160481e-01 0.0000000000000000e+00 1
1.6428249694717306e-01 -2.5429683809604553e-01 0.0000000000000000e+00 1
-7.6730432097871629e-02 -1.1685891121479801e-01 0.0000000000000000e+00 1
1.1321322102022617e-01 -3.1056696113370263e-02 0.0000000000000000e+00 1
1.0068633302199603e-03 -5.8610616547775392e-02 0.0000000000000000e+00 1
-3.3095758741113263e-01 -1.2797127325035876e-01 0.0000000000000000e+00 1
3.1647845683584461e-02 -4.6259630940595785e-02 0.0000000000000000e+00 1
9.1653418682283910e-02 -1.6466346950233721e-01 0.0000000000000000e+00 1
3.7320747133812018e-02 -3.5200520115981015e-02 0.0000000000000000e+00 1
1.7347113998957611e-01 -6.1246670263846364e-02 0.0000000000000000e+00 1
2.4461930999752146e-01 -1.6540006393899717e-01 0.0000000000000000e+00 1
-4.8998340593972525e-02 -3.9288186142478039e-02 0.0000000000000000e+00 1
-9.4850871180165469e-02 -1.1195457490029076e-01 0.0000000000000000e+00 1
1.9471398342641549e-01 4.4114365362964141e-02 0.0000000000000000e+00 1
-4.4511000176521640e-02 -1.2589281110209183e-01 0.0000000000000000e+00 1
-4.5577837727190972e-03 6.5044031345170381e-02 0.0000000000000000e+00 1
-5.5995714916153322e-02 -8.5281301604497924e-03 0.0000000000000000e+00 1
1.8169150553995464e-01 -1.9269856669076801e-01 0.0000000000000000e+00 1
-5.8124503367134962e-02 1.5557888557753274e-01 0.0000000000000000e+00 1
-1.6713650829237567e-01 5.0441704094384109e-02 0.0000000000000000e+00 1
1.0267773842575363e-01 1.3615689368196110e-01 0.0000000000000000e+00 1
2.8960130536780337e-01 -7.7992590801948022e-02 0.0000000000000000e+00 1
2.2682926005180151e-01 -8.0821083149940007e-02 0.0000000000000000e+00 1
-1.0993286857507927e-02 -1.3561535413608503e-01 0.0000000000000000e+00 1
-2.1095120053020311e-01 -8.4617968693266044e-02 0.0000000000000000e+00 1
-1.5814936296549675e-01 -9.3668988550900820e-02 0.0000000000000000e+00 1
-1.2716740860267389e-01 -1.0280592544126468e-01 0.0000000000000000e+00 1
-4.2388555485160474e-03 -2.0705423841135215e-01 0.0000000000000000e+00 1
-2.3831021353898644e-02 -5.9415482776116343e-02 0.0000000000000000e+00 1
7.0562135900698944e-02 1.0416496979329742e-01 0.0000000000000000e+00 1
2.3269915828899324e-01 -6.9352012192300458e-02 0.0000000000000000e+00 1
2.9872936144337325e-01 -6.2087891008648739e-03 0.0000000000000000e+00 1
2.9286216763628892e-01 -1.7379640304992654e-02 0.0000000000000000e+00 1
3.0024269611512228e-01 -2.9254539658492246e-02 0.0000000000000000e+00 1
2.1649793866663619e-01 3.3442994799413685e-02 0.0000000000000000e+00 1
4.2046137029590946e-01 -8.1643576764314996e-02 0.0000000000000000e+00 1
4.1475574134029192e-01 -7.1209670950833581e-02 0.0000000000000000e+00 1
-3.9569847588144254e-02 -1.9676734749243277e-01 0.0000000000000000e+00 1
3.6993045598948937e-01 -5.6339939120812844e-02 0.0000000000000000e+00 1
-1.3382106332945892e-01 -4.3730350209049418e-02 0.0000000000000000e+00 1
-1.4066363568170356e-01 1.1700745845777719e-01 0.0000000000000000e+00 1
1.4742804950267999e-01 -1.8386460826021547e-01 0.0000000000000000e+00 1
8.8778403592968638e-02 -5.4639012778141073e-02 0.0000000000000000e+00 1
-7.2899841780472957e-02 -4.0222286544338424e-02 0.0000000000000000e+00 1
2.8734650819562135e-01 -3.1543224899307130e-02 0.0000000000000000e+00 1
3.0722849112768574e-01 -3.9261747655260359e-02 0.0000000000000000e+00 1
-1.2860747859293306e-01 -1.8704802324070099e-01 0.0000000000000000e+00 1
3.1320558265048720e-01 -2.7201422304533457e-02 0.0000000000000000e+00 1
4.1643104030190586e-02 -2.9569360282607460e-03 0.0000000000000000e+00 1
2.9091243085823770e-01 -2.3743125791717759e-01 0.0000000000000000e+00 1
-9.5320195192679605e-02 -1.7453100156692444e-01 0.0000000000000000e+00 1
-1.5629967960954499e-01 -4.4474562765305523e-02 0.0000000000000000e+00 1
3.4086349475988764e-01 -2.4116082049607721e-01 0.0000000000000000e+00 1
3.2314865638240464e-01 -2.1441595986494358e-01 0.0000000000000000e+00 1
3.5832017583720943e-01 -5.6572461845801107e-02 0.0000000000000000e+00 1
2.2735445495602030e-01 8.3536160829870407e-02 0.0000000000000000e+00 1
1.1474665736479633e-01 2.7135588169017160e-02 0.0000000000000000e+00 1
1.0943612800965970e-01 -2.3445748535185176e-01 0.0000000000000000e+00 1
1.6547221089998643e-01 -1.4827289059726181e-01 0.0000000000000000e+00 1
-3.0842144391891594e-02 5.3161016998589321e-02 0.0000000000000000e+00 1
-2.0637487239945324e-01 -2.2601052140514995e-02 0.0000000000000000e+00 1
4.0985357720920429e-01 -1.7522816280787484e-01 0.0000000000000000e+00 1
-1.1954780416764997e-01 1.2334904732450740e-01 0.0000000000000000e+00 1
3.3077973969728952e-01 7.5165353336030744e-03 0.0000000000000000e+00 1
-3.1154465691755540e-01 -1.8635489490316893e-02 0.0000000000000000e+00 1
-5.3421392626421482e-02 -1.9767703589927710e-01 0.0000000000000000e+00 1
1.6616389078101523e-01 -5.0354555847246484e-02 0.0000000000000000e+00 1
3.5123652398766503e-01 -2.4900810465209203e-02 0.0000000000000000e+00 1
-5.9585317163086099e-02 -8.2414787532964384e-02 0.0000000000000000e+00 1
2.8751829298255066e-01 -1.9775150425983948e-01 0.0000000000000000e+00 1
1.3614079035589213e-01 1.5000250103191481e-01 0.0000000000000000e+00 1
2.5384170250189814e-01 -2.4355288936956529e-01 0.0000000000000000e+00 1
-8.1888149862641826e-02 -1.7400599286207297e-01 0.0000000000000000e+00 1
3.1675416872267043e-01 -2.0536083836617161e-01 0.0000000000000000e+00 1
2.8372980522677177e-01 -2.2863836717154595e-01 0.0000000000000000e+00 1
2.5213626690517815e-01 -7.9686728077579705e-02 0.0000000000000000e+00 1
-1.8743232430669521e-01 -1.0493498402137648e-01 0.0000000000000000e+00 1
2.5823503137044834e-01 -2.0910926252232229e-01 0.0000000000000000e+00 1
-5.6066906987195214e-02 -1.4944035217477325e-01 0.0000000000000000e+00 1
-2.2734311622806547e-01 -3.9631847811154204e-02 0.0000000000000000e+00 1
-6.7112818824407977e-02 4.4858666305477003e-02 0.0000000000000000e+00 1
3.5732427981522230e-01 -1.3919103334053553e-02 0.0000000000000000e+00 1
-2.9182297389935113e-01 -7.7179187300132998e-02 0.0000000000000000e+00 1
-1.5936205308871426e-01 -7.3361543914242835e-02 0.0000000000000000e+00 1
3.2023268653229575e-01 -1.7605756832364788e-01 0.0000000000000000e+00 1
-2.5251061411050116e-02 1.4446177665350879e-01 0.0000000000000000e+00 1
6.2979015563015703e-02 1.8813566213300056e-01 0.0000000000000000e+00 1
3.6864972815114583e-01 -2.2264076915169673e-01 0.0000000000000000e+00 1
3.6323075221013174e-01 -2.3056818558062100e-01 0.0000000000000000e+00 1
-1.7870106974592806e-01 -2.6293983468109058e-02 0.0000000000000000e+00 1
5.4497326942479399e-02 7.4504256268051142e-02 0.0000000000000000e+00 1
2.4397265146484881e-01 -2.5614129842559358e-01 0.0000000000000000e+00 1
2.6341953614453284e-01 -5.6973140517620403e-02 0.0000000000000000e+00 1
-1.8715070202245893e-01 -1.4780317610054944e-01 0.0000000000000000e+00 1
-4.7015166861724779e-02 -8.1678914718002454e-02 0.0000000000000000e+00 1
2.3301823227501636e-01 -2.1131700911773721e-01 0.0000000000000000e+00 1
2.6153275819586247e-01 -1.3241405875338583e-01 0.0000000000000000e+00 1
-1.6309898648631169e-01 -1.2549559307195834e-01 0.0000000000000000e+00 1
3.2769471564268693e-01 -4.7584556184553047e-02 0.0000000000000000e+00 1
-2.1174130708222616e-01 -1.7000054510411003e-01 0.0000000000000000e+00 1
-2.3087099601481731e-01 -1.3137453234325235e-02 0.0000000000000000e+00 1
1.2619439947268701e-01 -3.0373544398919577e-02 0.0000000000000000e+00 1
-2.2439130146338334e-03 1.7277827762235823e-01 0.0000000000000000e+00 1
3.3489853161570177e-01 -1.4699518177182117e-01 0.0000000000000000e+00 1
-8.8825900670915739e-02 3.0409580636078687e-01 0.0000000000000000e+00 1
8.6147071785386428e-02 1.3685682082573525e-01 0.0000000000000000e+00 1
8.6197391234873577e-02 -1.7633269894654416e-01 0.0000000000000000e+00 1
-1.1805104231344890e-01 7.9894103322886795e-02 0.0000000000000000e+00 1
-2.7053865407634564e-01 -1.1421487335778124e-01 0.0000000000000000e+00 1
-9.2111300560436815e-02 -2.8747147538284059e-03 0.0000000000000000e+00 1
-2.3667213092050302e-01 -1.3314081601403102e-01 0.0000000000000000e+00 1
6.0843148317520315e-02 -1.2191154460352628e-02 0.0000000000000000e+00 1
-1.4607935378756404e-01 5.7953425080137379e-02 0.0000000000000000e+00 1
-2.9661658679166453e-01 -6.6686669322754660e-02 0.0000000000000000e+00 1
3.7893341685322091e-01 -1.6149884632544451e-01 0.0000000000000000e+00 1
3.2397783123121338e-01 -7.8971100263215674e-02 0.0000000000000000e+00 1
-1.7130366596754223e-01 -7.4242878580266555e-02 0.0000000000000000e+00 1
3.7666651530593054e-01 -1.2626738255249834e-01 0.0000000000000000e+00 1
2.3734750900321069e-01 -1.5492712674975179e-01 0.0000000000000000e+00 1
1.3327763464087053e-01 -4.1297387748778398e-02 0.0000000000000000e+00 1
4.0750756082102602e-01 -1.4312557261993342e-01 0.0000000000000000e+00 1
-1.3562859231945895e-01 2.6921543220352392e-02 0.0000000000000000e+00 1
-1.6118693019376523e-01 -5.4035794951842110e-02 0.0000000000000000e+00 1
-2.1147703193551510e-03 2.1512047386398880e-01 0.0000000000000000e+00 1
-2.1126245808293681e-01 3.7440042755611286e-03 0.0000000000000000e+00 1
8.8295612967800849e-02 1.9135101598616844e-01 0.0000000000000000e+00 1
3.2363756951926020e-01 -1.4782908499478664e-01 0.0000000000000000e+00 1
-2.4927703130822421e-01 -9.4957745208727712e-02 0.0000000000000000e+00 1
7.2495828349789612e-02 1.5681104946484456e-01 0.0000000000000000e+00 1
3.3589143175946107e-01 -7.8177158120732934e-02 0.0000000000000000e+00 1
-1.0793704162881747e-02 7.4107409464725785e-02 0.0000000000000000e+00 1
1.7223273818611950e-02 -1.5734762900275426e-01 0.0000000000000000e+00 1
-1.5433700234427575e-01 1.0170566504434568e-02 0.0000000000000000e+00 1
-1.5868284011901967e-01 3.5081516038177288e-02 0.0000000000000000e+00 1
2.9265646955173286e-01 -1.8741336247545559e-01 0.0000000000000000e+00 1
-1.9246734060505274e-01 1.9962704925830323e-02 0.0000000000000000e+00 1
4.4067136309967017e-02 -4.5664113528259727e-02 0.0000000000000000e+00 1
-2.2899767073682997e-01 -1.6328623753463886e-01 0.0000000000000000e+00 1
-1.2984115333033999e-03 9.3018236017955683e-02 0.0000000000000000e+00 1
-6.2704302573550807e-02 5.3684343383176798e-02 0.0000000000000000e+00 1
4.1613249522136514e-01 -1.2681660105946177e-01 0.0000000000000000e+00 1
2.0117849062434578e-02 9.3603720319582501e-02 0.0000000000000000e+00 1
9.5508633509918645e-02 -6.4644317874768986e-02 0.0000000000000000e+00 1
3.2534869779220393e-01 -1.6650226905210275e-01 0.0000000000000000e+00 1
3.3655153921913393e-02 2.1778045312930655e-01 0.0000000000000000e+00 1
2.0852016088985842e-01 4.5134596877204669e-02 0.0000000000000000e+00 1
-2.4399868119909945e-01 -1.7561172145521206e-01 0.0000000000000000e+00 1
-2.6321707135669803e-01 -2.2856118558543633e-02 0.0000000000000000e+00 1
-1.3199668986175148e-02 -2.2006241033070428e-01 0.0000000000000000e+00 1
2.4726433327452065e-03 1.2060302824983385e-01 0.0000000000000000e+00 1
3.6830337278857400e-01 -1.6251227505826482e-01 0.0000000000000000e+00 1
-1.4222258980398420e-01 6.5203225171339488e-02 0.0000000000000000e+00 1
-1.6980850052578195e-01 8.5740165733163190e-02 0.0000000000000000e+00 1
-2.3989454797145474e-01 3.5301764564272249e-03 0.0000000000000000e+00 1
1.5327507437725846e-01 -5.1333974563316835e-02 0.0000000000000000e+00 1
-1.8399385396719364e-01 3.5797212425194132e-02 0.0000000000000000e+00 1
1.0122951039312082e-01 1.1583765168826364e-01 0.0000000000000000e+00 1
3.0150849962521504e-02 1.6015049177347981e-01 0.0000000000000000e+00 1
2.1918693758984639e-01 -1.6741956409565517e-01 0.0000000000000000e+00 1
5.4250831620737527e-03 1.4761840980720969e-01 0.0000000000000000e+00 1
-1.4703327243853301e-01 1.1645567329231937e-01 0.0000000000000000e+00 1
-1.3410527235612743e-01 6.5193610727410756e-02 0.0000000000000000e+00 1
1.3390718624911199e-01 -1.8481586050123550e-01 0.0000000000000000e+00 1
-3.0329840889871501e-01 -1.4865575328932051e-01 0.0000000000000000e+00 1
3.0113020517480205e-02 2.0038181147398645e-01 0.0000000000000000e+00 1
-2.8174236384766732e-01 -5.8769935961299820e-02 0.0000000000000000e+00 1
-9.8327071615735423e-02 1.5311641581881383e-01 0.0000000000000000e+00 1
-2.2684092331091793e-01 3.4193097024182391e-02 0.0000000000000000e+00 1
-2.2857890196205731e-02 2.2877092282283121e-01 0.0000000000000000e+00 1
2.8444982910180094e-01 -1.5860712393618334e-01 0.0000000000000000e+00 1
-9.1200901439750029e-02 8.6616746952499921e-02 0.0000000000000000e+00 1
-1.1256671136631759e-01 5.7896626791975526e-02 0.0000000000000000e+00 1
-1.7587443331818942e-01 1.0759911304405454e-02 0.0000000000000000e+00 1
-1.7544699530597299e-01 5.0595042384470469e-02 0.0000000000000000e+00 1
-7.8881726602074667e-02 -5.1101189199466192e-02 0.0000000000000000e+00 1
2.7921460923581060e-01 4.9515024724528817e-02 0.0000000000000000e+00 1
2.6670951647908481e-01 5.4116023754061441e-04 0.0000000000000000e+00 1
-1.1131505397990045e-01 -2.1154085492148098e-01 0.0000000000000000e+00 1
-3.3515642840985616e-01 -1.0636525293456123e-01 0.0000000000000000e+00 1
-9.5688257683687064e-02 1.5844406696362839e-01 0.0000000000000000e+00 1
-6.7303161548457252e-02 -2.2183893201501093e-01 0.0000000000000000e+00 1
-4.5423486154048967e-02 -2.0888431267719679e-01 0.0000000000000000e+00 1
4.1124115416288254e-01 -1.1663427207330400e-01 0.0000000000000000e+00 1
3.2599841841538224e-01 -9.8589868232414751e-02 0.0000000000000000e+00 1
-1.5088572348063967e-01 -1.2500505269379530e-01 0.0000000000000000e+00 1
-1.8078216949584516e-01 -1.5873129091548141e-01 0.0000000000000000e+00 1
1.3629165807012517e-01 1.4779007257798639e-02 0.0000000000000000e+00 1
8.6839295122299931e-02 1.5698243282903288e-01 0.0000000000000000e+00 1
-7.3495958757368543e-02 1.0876480410203219e-01 0.0000000000000000e+00 1
-1.0006987719579206e-01 1.2684224684239231e-01 0.0000000000000000e+00 1
-1.8363237650504974e-01 8.6441922580495434e-02 0.0000000000000000e+00 1
-2.0047227000993528e-01 8.0053119991904328e-02 0.0000000000000000e+00 1
4.6872583437105056e-02 -2.1489580840506903e-01 0.0000000000000000e+00 1
-2.4403707822140985e-01 -8.5318811068733277e-02 0.0000000000000000e+00 1
-2.8239704156018181e-01 -1.5359919721512680e-01 0.0000000000000000e+00 1
-3.1210375035763388e-01 -1.1329988287396217e-01 0.0000000000000000e+00 1
-6.3092703963496338e-02 1.2986076573429881e-01 0.0000000000000000e+00 1
-4.1784327129797631e-03 1.8923921211224698e-01 0.0000000000000000e+00 1
3.1494936231644349e-01 -4.9048013211083229e-02 0.0000000000000000e+00 1
1.0276903574792059e-03 2.2507463480956680e-01 0.0000000000000000e+00 1
-1.1930443583921809e-02 2.1317050305968743e-01 0.0000000000000000e+00 1
1.0669281296735077e-01 1.0470198563177559e-01 0.0000000000000000e+00 1
3.0799854786343739e-01 4.7918235239341363e-02 0.0000000000000000e+00 1
-2.0745818197790994e-01 6.8010953701262367e-02 0.0000000000000000e+00 1
-6.6858683865504628e-02 1.2274540242669812e-01 0.0000000000000000e+00 1
-5.9045458549213489e-02 1.2331013733663844e-01 0.0000000000000000e+00 1
-8.2979731914726990e-02 1.4837150672397995e-01 0.0000000000000000e+00 1
2.4530205204832697e-01 -6.9267951523063018e-02 0.0000000000000000e+00 1
-8.9542589809167697e-02 2.9185035403878701e-01 0.0000000000000000e+00 1
-8.8140031963859389e-02 -1.8595900321352232e-01 0.0000000000000000e+00 1
2.2757198021119524e-01 -2.4463663777585395e-01 0.0000000000000000e+00 1
1.3326137815543006e-02 1.2170848809855067e-01 0.0000000000000000e+00 1
-5.2780401367145298e-02 5.4449646444998549e-02 0.0000000000000000e+00 1
3.8125482194858773e-01 -3.5308229945146409e-02 0.0000000000000000e+00 1
1.2040718348725679e-01 -1.8582806142646727e-01 0.0000000000000000e+00 1
3.7154800329090537e-01 -1.1641910784873157e-01 0.0000000000000000e+00 1
9.1960089677803641e-02 -2.4861042888802962e-01 0.0000000000000000e+00 1
2.5094987164927895e-01 9.4245243531384693e-02 0.0000000000000000e+00 1
2.7974530789214036e-01 -1.6850617857984915e-01 0.0000000000000000e+00 1
2.1453201971362224e-01 -2.0103322843935675e-01 0.0000000000000000e+00 1
4.3946125109074696e-01 -1.4874565857774427e-01 0.0000000000000000e+00 1
4.4264417048765098e-01 -1.4083565765581221e-01 0.0000000000000000e+00 1
1.5066547467757369e-01 -2.3037165893821709e-01 0.0000000000000000e+00 1
-3.6830528341082976e-02 -1.3706192489385013e-01 0.0000000000000000e+00 1
-3.7860137355048340e-02 2.0089547781269509e-01 0.0000000000000000e+00 1
1.2706327660734376e-01 1.0129051906862689e-01 0.0000000000000000e+00 1
-2.4698076990136744e-01 4.2584591082459405e-02 0.0000000000000000e+00 1
-1.4208550535046330e-01 1.2644379693671895e-01 0.0000000000000000e+00 1
3.8451655336922463e-02 -5.6879453618129010e-02 0.0000000000000000e+00 1
-4.1545007107612213e-02 -7.0702326667964902e-02 0.0000000000000000e+00 1
-1.8742823069914694e-01 -1.6969845788884716e-01 0.0000000000000000e+00 1
1.1422948918132991e-01 -1.9805125015825581e-01 0.0000000000000000e+00 1
-3.0097389725914242e-01 -3.1215802191685046e-03 0.0000000000000000e+00 1
1.5762387764668273e-01 -1.6682821951515468e-02 0.0000000000000000e+00 1
3.7553351620305020e-01 -4.5754484142452735e-02 0.0000000000000000e+00 1
1.5185378571066629e-01 -2.8863465620027472e-02 0.0000000000000000e+00 1
2.5466833413196321e-01 -1.2239970242082977e-01 0.0000000000000000e+00 1
4.2931180875175984e-01 -1.8946849113606756e-01 0.0000000000000000e+00 1
3.1879714907400541e-01 -2.2527137501097416e-01 0.0000000000000000e+00 1
-9.4313950322010925e-02 -1.9718797309029465e-01 0.0000000000000000e+00 1
-1.4402714114090767e-01 -1.3563646642715851e-01 0.0000000000000000e+00 1
2.1156839643926553e-01 -1.5615689713266415e-01 0.0000000000000000e+00 1
4.0320441445265659e-01 -5.6057925534917001e-02 0.0000000000000000e+00 1
-9.6176114994189002e-02 1.2102017051761343e-01 0.0000000000000000e+00 1
1.2268794359870824e-01 8.5874203430488266e-02 0.0000000000000000e+00 1
1.7275519192357755e-01 5.4881763446479749e-02 0.0000000000000000e+00 1
-1.9698225993658006e-01 7.2264185838190789e-02 0.0000000000000000e+00 1
-2.3884598122641956e-01 5.5546673858548994e-02 0.0000000000000000e+00 1
4.1773523790354011e-01 -2.0050043558624953e-01 0.0000000000000000e+00 1
-2.0763726274686026e-01 1.0915382779018007e-01 0.0000000000000000e+00 1
1.4616480465994325e-01 -4.0626043766263983e-02 0.0000000000000000e+00 1
-1.2268384204189331e-01 1.3649841728925499e-01 0.0000000000000000e+00 1
1.0077342628974226e-01 -1.9897036150012717e-01 0.0000000000000000e+00 1
3.2990990244606089e-01 3.0965330651200291e-02 0.0000000000000000e+00 1
-1.0171091011903280e-01 1.6699902033985087e-01 0.0000000000000000e+00 1
4.5108980277013502e-02 -6.7302105188615596e-02 0.0000000000000000e+00 1
-2.9240475979244229e-02 -1.4801240705598978e-01 0.0000000000000000e+00 1
3.6977864748563216e-01 -1.7992316580681023e-01 0.0000000000000000e+00 1
-2.0388859417696309e-01 5.8833968782134073e-02 0.0000000000000000e+00 1
1.3026112640018311e-01 7.5072136650430304e-02 0.0000000000000000e+00 1
-1.6430544923605131e-01 3.5819027166123901e-05 0.0000000000000000e+00 1
2.1609286567421196e-01 1.2080492084562058e-01 0.0000000000000000e+00 1
-9.1682376491912021e-02 2.1443331028562237e-01 0.0000000000000000e+00 1
2.5094435599840653e-01 -5.7685296741308061e-02 0.0000000000000000e+00 1
2.0821580013578669e-01 -2.1276021567829032e-01 0.0000000000000000e+00 1
-2.3393668112243945e-01 -4.8568472974883335e-02 0.0000000000000000e+00 1
-1.1745903316474002e-01 1.1301370560643237e-01 0.0000000000000000e+00 1
-2.9110840546325671e-02 -6.9993027116416487e-02 0.0000000000000000e+00 1
-8.1158936617944294e-02 1.6579010573203418e-01 0.0000000000000000e+00 1
5.0867873444916452e-02 2.0891127212588470e-02 0.0000000000000000e+00 1
1.5104536242400204e-01 -5.5524272160475266e-03 0.0000000000000000e+00 1
-1.4059129323823905e-01 9.8452845893809343e-02 0.0000000000000000e+00 1
1.2991192502262744e-01 -7.6511452036060759e-02 0.0000000000000000e+00 1
4.4578534407240833e-01 -1.2385468686641736e-01 0.0000000000000000e+00 1
-1.3552969622036878e-01 -1.4703222871464650e-01 0.0000000000000000e+00 1
2.4218112313695550e-01 -1.2310807531598822e-01 0.0000000000000000e+00 1
-2.6759556746221957e-01 4.2702050330320943e-02 0.0000000000000000e+00 1
-2.5097981875298311e-02 2.4548740113442935e-01 0.0000000000000000e+00 1
1.1508609397431768e-02 1.3954204299370213e-01 0.0000000000000000e+00 1
1.5105810912677634e-01 6.5659632486764249e-02 0.0000000000000000e+00 1
-8.8955768536946311e-02 1.3843515983312957e-01 0.0000000000000000e+00 1
3.5797735452544216e-01 -1.8243853210797017e-01 0.0000000000000000e+00 1
7.3942661727567971e-02 -1.7752981419971683e-01 0.0000000000000000e+00 1
-3.4528929397234592e-01 -7.1233228245469182e-02 0.0000000000000000e+00 1
2.8090761552318222e-01 -1.8712204648374622e-01 0.0000000000000000e+00 1
-1.5012869730114278e-01 1.1091229618799572e-01 0.0000000000000000e+00 1
-5.5252933822749675e-04 -1.6993648721490573e-01 0.0000000000000000e+00 1
4.3636268196535066e-01 -1.7476260484405515e-01 0.0000000000000000e+00 1
1.3808289334958976e-01 -8.5079575580530808e-02 0.0000000000000000e+00 1
-3.2284054953108304e-01 -3.3901853414639999e-02 0.0000000000000000e+00 1
-2.3308023435612424e-01 -8.5078446148018419e-02 0.0000000000000000e+00 1
-2.4490045207873881e-01 -4.7663527514806943e-03 0.0000000000000000e+00 1
-1.1498219107876896e-01 8.7076673955663264e-02 0.0000000000000000e+00 1
-3.0783930321874109e-01 -1.2204197373194621e-01 0.0000000000000000e+00 1
-3.3304554513652551e-01 -6.7132476872718741e-02 0.0000000000000000e+00 1
-3.3370805748587196e-01 -8.3271428495935690e-02 0.0000000000000000e+00 1
3.1155731360129280e-02 -1.7876047626220240e-01 0.0000000000000000e+00 1
4.3801078024466300e-01 -1.3406868409420461e-01 0.0000000000000000e+00 1
-1.7158548158713882e-01 4.3137575388256834e-02 0.0000000000000000e+00 1
-7.3669428895444547e-02 1.6652386232309097e-01 0.0000000000000000e+00 1
-2.2558062710728649e-01 9.3213739869440232e-02 0.0000000000000000e+00 1
-2.2274540921444347e-01 9.7711278387258446e-02 0.0000000000000000e+00 1
3.8747977234091607e-01 -1.0924898470595473e-01 0.0000000000000000e+00 1
1.3052739871715882e-01 1.8093508244134182e-01 0.0000000000000000e+00 1
-2.5286482238284047e-01 3.6264266447210501e-02 0.0000000000000000e+00 1
2.2320837701562211e-02 -2.4052229119407817e-01 0.0000000000000000e+00 1
2.1573980946224208e-01 -2.4355240180047291e-01 0.0000000000000000e+00 1
5.2652742090942929e-02 -1.6775339763361552e-01 0.0000000000000000e+00 1
-1.8239206237645392e-01 4.7771670087416616e-03 0.0000000000000000e+00 1
4.1203689834466102e-02 1.1453551835713420e-01 0.0000000000000000e+00 1
-1.7065204369454946e-02 -6.9356548370922422e-02 0.0000000000000000e+00 1
3.6332282555023021e-02 1.0466952633656983e-01 0.0000000000000000e+00 1
1.3718524513567765e-01 -2.3078011434602572e-01 0.0000000000000000e+00 1
-3.3716397427168721e-01 -1.4644846318032431e-01 0.0000000000000000e+00 1
4.4340393641496711e-01 -1.6209260586491261e-01 0.0000000000000000e+00 1
-2.1700322787995685e-01 1.0496856290386249e-01 0.0000000000000000e+00 1
1.3228603618487422e-01 -1.0373770580159318e-01 0.0000000000000000e+00 1
1.6507314820996219e-01 1.2857476682069957e-01 0.0000000000000000e+00 1
-2.2281344122315175e-01 -4.8457601609872149e-02 0.0000000000000000e+00 1
2.5206411888567676e-01 -1.9817654476175253e-01 0.0000000000000000e+00 1
-8.2257220827067296e-02 -2.1956593582671988e-01 0.0000000000000000e+00 1
-1.5962958374964198e-01 1.2590994139931685e-01 0.0000000000000000e+00 1
1.4976569534399403e-01 1.5087416617553603e-01 0.0000000000000000e+00 1
1.7028801113750847e-01 1.8949390605015520e-02 0.0000000000000000e+00 1
2.4319583320514795e-01 -4.6355605694493263e-02 0.0000000000000000e+00 1
-1.4580711627750115e-01 -7.0813319194077658e-03 0.0000000000000000e+00 1
1.9574878963678952e-01 -2.1397569329196339e-01 0.0000000000000000e+00 1
-1.7633565975552171e-01 1.2040356818937782e-01 0.0000000000000000e+00 1
3.8098136851023146e-01 -9.4179061874751349e-02 0.0000000000000000e+00 1
3.0907369032045148e-02 9.4141238136852656e-02 0.0000000000000000e+00 1
-8.8760906920383922e-02 3.0907838224668316e-01 0.0000000000000000e+00 1
-8.2478722280965255e-02 1.8866905289583255e-01 0.0000000000000000e+00 1
-1.9286575073325851e-01 1.1494662537545459e-01 0.0000000000000000e+00 1
2.3452717522175737e-01 -3.4756767447054464e-02 0.0000000000000000e+00 1
3.1906603813237033e-01 -1.5724350793771449e-01 0.0000000000000000e+00 1
4.3844165172203031e-01 -1.0063444007963550e-01 0.0000000000000000e+00 1
2.2283821004124027e-01 -1.1336461212916522e-01 0.0000000000000000e+00 1
-2.2714191673238560e-01 -9.4101693950090284e-02 0.0000000000000000e+00 1
-1.3532250945868790e-01 -7.0628371570870289e-03 0.0000000000000000e+00 1
-2.9568589383867350e-01 3.9517738069883819e-03 0.0000000000000000e+00 1
2.2765765738861055e-03 1.8122688257091354e-01 0.0000000000000000e+00 1
-1.6357280456505745e-02 -1.4719332845218072e-01 0.0000000000000000e+00 1
1.3066991142936213e-01 -1.3969047292880807e-01 0.0000000000000000e+00 1
1.8807503794626890e-01 -3.3702793875562079e-03 0.0000000000000000e+00 1
3.1974230111079183e-01 -8.8863823885423118e-02 0.0000000000000000e+00 1
4.0406452148720617e-01 -7.2559680265892768e-02 0.0000000000000000e+00 1
2.2206704656693799e-01 -3.5920289824710135e-02 0.0000000000000000e+00 1
-1.0795397093104975e-01 5.0437550258392277e-02 0.0000000000000000e+00 1
-3.2710127331418909e-01 -1.3533206630506991e-01 0.0000000000000000e+00 1
-4.4749807081518878e-02 2.8368690520384710e-01 0.0000000000000000e+00 1
3.9963148376885926e-01 -8.2033469725162581e-02 0.0000000000000000e+00 1
3.9690416839200515e-01 -9.0882800570749073e-02 0.0000000000000000e+00 1
-3.5558989743139668e-01 -9.2124122108267911e-02 0.0000000000000000e+00 1
3.6349035909125804e-01 -1.9801681595174095e-01 0.0000000000000000e+00 1
2.2936797839820100e-01 -1.2335856304340127e-01 0.0000000000000000e+00 1
-1.2946723125422502e-01 2.1099170901423331e-03 0.0000000000000000e+00 1
-1.1770178342543842e-01 3.9038228717763368e-03 0.0000000000000000e+00 1
3.0057304073907276e-01 -5.3419443501746454e-02 0.0000000000000000e+00 1
-2.1160105726920511e-01 -4.8252908638736533e-02 0.0000000000000000e+00 1
4.0566019169504414e-01 -2.0183480116907890e-01 0.0000000000000000e+00 1
-1.3791719284944950e-01 5.8030131485485595e-02 0.0000000000000000e+00 1
-3.5582520243215082e-01 -1.3199051817106566e-01 0.0000000000000000e+00 1
-3.6245023888129296e-01 -1.2034135717082756e-01 0.0000000000000000e+00 1
3.5842647489835933e-01 -2.0560794068838037e-01 0.0000000000000000e+00 1
-1.4695902115828433e-01 1.0634254393007730e-01 0.0000000000000000e+00 1
3.7583574258868119e-01 -1.3062659559526318e-02 0.0000000000000000e+00 1
4.1842402911371684e-01 -1.9006148045269300e-01 0.0000000000000000e+00 1
-2.1627281893069536e-01 5.5691046519230382e-02 0.0000000000000000e+00 1
3.9818544581031734e-01 -2.1901779977327765e-01 0.0000000000000000e+00 1
-3.3771746075668618e-01 -5.5884120044805384e-02 0.0000000000000000e+00 1
-1.8873219135056685e-01 -4.6802174103942794e-02 0.0000000000000000e+00 1
-3.2501038165697066e-01 -8.1803779111328759e-02 0.0000000000000000e+00 1
-8.5701073629314995e-03 -1.5871251252616539e-01 0.0000000000000000e+00 1
3.6013527451170962e-01 5.2291064829252517e-03 0.0000000000000000e+00 1
-9.1915439584008579e-02 1.8069396349670763e-01 0.0000000000000000e+00 1
-9.4464754868917922e-02 1.7437337303681991e-01 0.0000000000000000e+00 1
-3.2342373135816777e-01 -1.4346028929981272e-01 0.0000000000000000e+00 1
-1.5257411009509850e-01 -2.0373288228642686e-01 0.0000000000000000e+00 1
-2.0574188915400740e-01 -5.2442783836134524e-03 0.0000000000000000e+00 1
-9.9356252222701780e-03 -8.0144630339098813e-02 0.0000000000000000e+00 1
-2.1578262781003416e-01 -9.3805169847358136e-02 0.0000000000000000e+00 1
-8.2600532273660640e-02 1.6684001542344472e-02 0.0000000000000000e+00 1
-1.3128780263846868e-01 1.3215261497899791e-01 0.0000000000000000e+00 1
3.0953826244474658e-01 3.2032734357558275e-02 0.0000000000000000e+00 1
-2.0052776467452710e-01 -4.8052046703479921e-02 0.0000000000000000e+00 1
-6.1502659577170334e-02 2.8915839326288134e-01 0.0000000000000000e+00 1
3.8536606123957062e-01 -2.3569244264507443e-02 0.0000000000000000e+00 1
-1.9280499783185154e-01 -1.1525561077274089e-01 0.0000000000000000e+00 1
1.5683890393930991e-01 4.2131227194071785e-03 0.0000000000000000e+00 1
-4.7092285772406338e-02 1.1872568876792182e-01 0.0000000000000000e+00 1
-1.0644490132938403e-01 8.6847623185616854e-02 0.0000000000000000e+00 1
-1.1045047463135571e-01 1.4125048070944765e-01 0.0000000000000000e+00 1
-9.1004762717490251e-02 2.7189773320501437e-01 0.0000000000000000e+00 1
4.4720944035224319e-01 -1.4664874257095742e-01 0.0000000000000000e+00 1
-2.3196590080914566e-02 -2.3163609122443210e-01 0.0000000000000000e+00 1
-2.4980668696310121e-01 -1.3589734731960290e-02 0.0000000000000000e+00 1
1.8983307828869847e-01 -2.2628571815171292e-01 0.0000000000000000e+00 1
2.0431385927745274e-01 -2.6000389202414442e-01 0.0000000000000000e+00 1
-2.1318830857900226e-01 1.0211967432502547e-01 0.0000000000000000e+00 1
3.2244409959908855e-02 -2.1506639593663548e-01 0.0000000000000000e+00 1
6.4341094773953233e-03 4.7084852517962981e-02 0.0000000000000000e+00 1
2.6135360968272581e-01 7.2843799509548418e-02 0.0000000000000000e+00 1
3.1269113473250965e-01 -1.4825465672775087e-01 0.0000000000000000e+00 1
3.5902805390361620e-01 -2.2227047836006020e-01 0.0000000000000000e+00 1
-4.4240246123733860e-02 2.6893215895468997e-01 0.0000000000000000e+00 1
-8.4680115440543227e-02 3.1551990975778738e-01 0.0000000000000000e+00 1
-2.8171262738623726e-01 1.0061569740547926e-02 0.0000000000000000e+00 1
-3.1380362765797909e-01 -1.4568542888776992e-01 0.0000000000000000e+00 1
2.1000519946976187e-01 -3.6281449921878040e-02 0.0000000000000000e+00 1
-2.9324850007648623e-01 -1.5192099970145215e-01 0.0000000000000000e+00 1
4.5781324544613283e-02 1.2411503091974645e-01 0.0000000000000000e+00 1
2.0288389520270653e-01 -2.5447276896621785e-02 0.0000000000000000e+00 1
7.9285738866313848e-02 5.6309610010190657e-02 0.0000000000000000e+00 1
-1.0226200752166331e-01 -2.0673517021231679e-02 0.0000000000000000e+00 1
-2.3987946067954430e-01 2.0142117475287845e-02 0.0000000000000000e+00 1
-9.6193352684400949e-04 7.4474851022001132e-02 0.0000000000000000e+00 1
-3.2424930793184792e-01 -5.0769678146561935e-02 0.0000000000000000e+00 1
-2.1928224416317824e-01 4.8814680231137900e-02 0.0000000000000000e+00 1
6.1542273341562148e-03 -1.0198865047359514e-01 0.0000000000000000e+00 1
-1.5006208447492278e-01 -5.3131670036644117e-02 0.0000000000000000e+00 1
-2.4754161711798822e-01 2.6996457818404814e-02 0.0000000000000000e+00 1
3.9172739795766791e-02 1.3334146018111606e-01 0.0000000000000000e+00 1
-1.2539498813288405e-01 -2.1149489032815799e-01 0.0000000000000000e+00 1
3.9269162688229256e-03 8.3474417976683521e-02 0.0000000000000000e+00 1
3.2955303325580006e-02 1.7143338189191246e-01 0.0000000000000000e+00 1
-3.6276315068638043e-01 -1.2970510962810239e-01 0.0000000000000000e+00 1
-2.2920009080897785e-03 -9.1065320047253429e-02 0.0000000000000000e+00 1
4.7192205031442364e-02 8.3497772470553025e-03 0.0000000000000000e+00 1
1.3010534528186748e-01 -2.4221195602760034e-01 0.0000000000000000e+00 1
-8.6546646390378724e-03 2.2242386279263382e-01 0.0000000000000000e+00 1
-2.2316654352384141e-01 -1.7209582836941206e-01 0.0000000000000000e+00 1
7.9175789029113583e-02 1.9991367958117379e-01 0.0000000000000000e+00 1
3.1306289997358894e-01 -7.8806369675887930e-02 0.0000000000000000e+00 1
1.8420392037760908e-01 -2.3841655582486390e-01 0.0000000000000000e+00 1
1.6460086408349833e-01 -1.2716390257419766e-01 0.0000000000000000e+00 1
-2.0504059147157777e-01 -9.3413700241497657e-02 0.0000000000000000e+00 1
-1.3355978128608426e-01 5.0410565340184489e-02 0.0000000000000000e+00 1
-3.5399396517655762e-01 -1.4327781759270583e-01 0.0000000000000000e+00 1
-6.0985558567666853e-02 2.1957337931093399e-01 0.0000000000000000e+00 1
-8.5547443543043972e-02 2.5237875533762644e-01 0.0000000000000000e+00 1
-1.9482970577584441e-01 -1.7956949927053978e-01 0.0000000000000000e+00 1
-8.4506046169041893e-02 3.0074304455452067e-01 0.0000000000000000e+00 1
9.3995287622203771e-02 7.2141912884118198e-02 0.0000000000000000e+00 1
-8.5775138106081686e-02 2.0733844804311147e-01 0.0000000000000000e+00 1
-2.3383896186777187e-01 9.1493512532995425e-02 0.0000000000000000e+00 1
1.5912549362880990e-01 -1.3829324948260832e-01 0.0000000000000000e+00 1
2.0817932468129996e-01 -1.4211770102446257e-02 0.0000000000000000e+00 1
2.0943051637442614e-01 -1.1343153900588242e-01 0.0000000000000000e+00 1
-2.2738153370423358e-01 9.7923837577116604e-02 0.0000000000000000e+00 1
3.8294164693717847e-01 -2.2863393426621550e-01 0.0000000000000000e+00 1
-9.1577922823659577e-02 2.3914181779938176e-01 0.0000000000000000e+00 1
2.2166778810800140e-02 1.4069371063952887e-01 0.0000000000000000e+00 1
-3.5959016629528157e-01 -1.3755423046880982e-01 0.0000000000000000e+00 1
5.2500464938859584e-02 1.1460323638143494e-01 0.0000000000000000e+00 1
-4.4256571577230112e-02 1.1237377365736113e-01 0.0000000000000000e+00 1
4.3309619670803823e-01 -1.1180473038077791e-01 0.0000000000000000e+00 1
-1.0155114503797558e-01 8.0322715130967628e-02 0.0000000000000000e+00 1
1.2291227373125529e-02 -1.6975023567840819e-01 0.0000000000000000e+00 1
-2.2074060522804051e-01 -1.2190905574413674e-01 0.0000000000000000e+00 1
3.0157480403364728e-01 -1.4901456659770515e-01 0.0000000000000000e+00 1
-7.7091283904083222e-02 1.7782677038690914e-01 0.0000000000000000e+00 1
-5.6030939016542061e-02 2.0871374529447342e-01 0.0000000000000000e+00 1
-2.7887384800994945e-02 2.6151200444439643e-01 0.0000000000000000e+00 1
1.7035688286859263e-01 -1.1575253195320460e-01 0.0000000000000000e+00 1
1.9631970242640287e-01 -1.1426600692974666e-01 0.0000000000000000e+00 1
-2.1826011732221115e-01 3.4987508762019774e-02 0.0000000000000000e+00 1
-1.3880530018696668e-01 -5.2912742340081829e-02 0.0000000000000000e+00 1
1.8333086534934454e-01 -1.1498905976493103e-01 0.0000000000000000e+00 1
8.3867211846028036e-02 -2.3581661924879307e-01 0.0000000000000000e+00 1
-1.3754224823283673e-01 4.2948412606496143e-02 0.0000000000000000e+00 1
6.3907338617027562e-02 1.1447163391579888e-01 0.0000000000000000e+00 1
3.3311251123962088e-01 -2.4010783067382160e-01 0.0000000000000000e+00 1
-3.5866615456173695e-01 -1.2800023844708081e-01 0.0000000000000000e+00 1
1.0765903271040478e-01 1.8233399153908206e-01 0.0000000000000000e+00 1
-1.7612060772272645e-01 3.5692929441489350e-02 0.0000000000000000e+00 1
2.0039151115327683e-01 -2.8127543224468559e-03 0.0000000000000000e+00 1
2.8582042404501969e-02 -7.7897317802895993e-02 0.0000000000000000e+00 1
-1.1583797765753626e-01 1.1975426886575884e-01 0.0000000000000000e+00 1
4.2552621977049032e-01 -9.0470724090453439e-02 0.0000000000000000e+00 1
-3.3024026047505539e-01 -1.4937917962902894e-01 0.0000000000000000e+00 1
3.0730273903851602e-01 -6.9467340997397362e-02 0.0000000000000000e+00 1
-2.5972947047757056e-01 4.1728936859506009e-02 0.0000000000000000e+00 1
-2.5448186334227224e-01 -2.2683138435477434e-02 0.0000000000000000e+00 1
2.9927818003809986e-01 5.9678709946552902e-02 0.0000000000000000e+00 1
4.2522358430028123e-01 -7.4016872792054489e-02 0.0000000000000000e+00 1
-3.2796053820471427e-01 -4.1670482578110589e-02 0.0000000000000000e+00 1
-1.0698428905469244e-01 -8.5620799646619075e-02 0.0000000000000000e+00 1
-8.4560646986602817e-02 2.5911869747048855e-01 0.0000000000000000e+00 1
-2.2356419928952481e-01 2.6829873138708663e-02 0.0000000000000000e+00 1
2.8545294542530869e-01 -8.9729612117305287e-03 0.0000000000000000e+00 1
-3.1556127619227553e-01 -8.1326979480673620e-02 0.0000000000000000e+00 1
-2.2495686196543835e-01 -1.3145162813613709e-01 0.0000000000000000e+00 1
2.0193343982334775e-02 -1.8185466252865370e-01 0.0000000000000000e+00 1
4.3449844805498805e-01 -9.1788879861018580e-02 0.0000000000000000e+00 1
-3.5211789713551733e-01 -1.3929545776389432e-01 0.0000000000000000e+00 1
-2.2983261481139841e-01 1.8255931438039594e-02 0.0000000000000000e+00 1
-2.3689578709779383e-01 7.4308830970974016e-02 0.0000000000000000e+00 1
-1.1850185594388574e-01 1.2825107424139426e-01 0.0000000000000000e+00 1
2.8894349188195406e-01 -1.4973924657179144e-01 0.0000000000000000e+00 1
1.9325216639006199e-01 -2.5764283059585819e-01 0.0000000000000000e+00 1
-9.0912843379154104e-02 2.8600902586746030e-01 0.0000000000000000e+00 1
-1.9833960075393620e-01 -1.0384881983315208e-01 0.0000000000000000e+00 1
2.8298275974152287e-01 -2.5530128184658302e-01 0.0000000000000000e+00 1
-2.7647707741171451e-01 1.8503775447466342e-02 0.0000000000000000e+00 1
-1.0984889171998224e-01 1.1119597231639233e-01 0.0000000000000000e+00 1
3.5414096987565513e-01 -2.1355546731995259e-01 0.0000000000000000e+00 1
-9.9754600435358595e-02 1.7264406283583938e-01 0.0000000000000000e+00 1
1.4499599718072675e-01 -1.3980888413051534e-01 0.0000000000000000e+00 1
-2.2313993412565103e-01 -1.5090510727524264e-01 0.0000000000000000e+00 1
1.2903589626991695e-02 1.8136686204305874e-01 0.0000000000000000e+00 1
-2.2501074592465031e-01 1.0096941502691811e-01 0.0000000000000000e+00 1
6.5196277407606557e-02 9.3656067996333539e-02 0.0000000000000000e+00 1
3.9440349169135913e-02 -7.5764097434447869e-02 0.0000000000000000e+00 1
4.2152933129220277e-01 -6.5685442186372872e-02 0.0000000000000000e+00 1
3.6815687483735031e-02 1.5209610559277542e-01 0.0000000000000000e+00 1
3.2843681544641366e-02 1.4193009341164931e-01 0.0000000000000000e+00 1
1.7966812096152415e-01 7.7227326932133829e-03 0.0000000000000000e+00 1
-5.6085664277106421e-02 2.8190185156024733e-01 0.0000000000000000e+00 1
-9.6148319887343056e-02 5.9167617140293942e-02 0.0000000000000000e+00 1
-1.2076993042793367e-01 1.3211424863016738e-01 0.0000000000000000e+00 1
-3.1443803444330687e-01 -3.4176352264745323e-02 0.0000000000000000e+00 1
2.9807774009692067e-01 -2.4601643521489949e-01 0.0000000000000000e+00 1
-1.2431584059584508e-01 -7.2319660514863021e-02 0.0000000000000000e+00 1
-1.4611612161623029e-02 2.2858966766254826e-01 0.0000000000000000e+00 1
-4.8850597942609909e-02 2.2394831836341444e-01 0.0000000000000000e+00 1
-8.8124637629548766e-02 -2.0768630273609093e-01 0.0000000000000000e+00 1
2.9202719593732107e-01 3.4167505830950888e-03 0.0000000000000000e+00 1
1.6881844878569682e-02 2.1745824191075266e-01 0.0000000000000000e+00 1
-2.3072773997646571e-02 4.6486423208044192e-02 0.0000000000000000e+00 1
2.9827010623953787e-01 1.4133646572474019e-02 0.0000000000000000e+00 1
-1.8095772628092904e-01 7.9901144071145749e-02 0.0000000000000000e+00 1
5.2107656116556489e-02 -8.9601529368772789e-02 0.0000000000000000e+00 1
-5.4593199835093628e-02 1.3241286872498279e-01 0.0000000000000000e+00 1
-1.3877156040591931e-01 1.2918216266018173e-01 0.0000000000000000e+00 1
-1.3152640784500624e-01 -6.2749551462941880e-02 0.0000000000000000e+00 1
4.6850173939277387e-02 1.9883490282041910e-01 0.0000000000000000e+00 1
-1.3233277687584941e-01 -1.5856591526485886e-01 0.0000000000000000e+00 1
8.7114977677057254e-02 -9.8593671284748247e-02 0.0000000000000000e+00 1
3.5517727733782811e-01 -2.2914089880302807e-01 0.0000000000000000e+00 1
3.1714578955798350e-01 -2.4974886837396493e-01 0.0000000000000000e+00 1
1.4230850052636076e-01 1.6006117140133935e-01 0.0000000000000000e+00 1
-9.1869948604760387e-02 6.7833785615389566e-02 0.0000000000000000e+00 1
-2.5016003259851594e-01 -1.6481226511229785e-01 0.0000000000000000e+00 1
-8.4650455395788360e-02 2.2927582719446910e-01 0.0000000000000000e+00 1
7.3967807238562833e-02 -9.9014706741989603e-02 0.0000000000000000e+00 1
-1.8085042301064849e-01 2.7786387236531030e-02 0.0000000000000000e+00 1
-1.3304068444397138e-01 3.4539322881808658e-02 0.0000000000000000e+00 1
1.6909968574867754e-01 1.3959615685816718e-01 0.0000000000000000e+00 1
-7.9231402098020043e-02 3.1668198806770836e-01 0.0000000000000000e+00 1
4.4527108803234211e-01 -1.1612672222341365e-01 0.0000000000000000e+00 1
-5.4772617364715961e-02 1.4835682071301529e-01 0.0000000000000000e+00 1
-3.5074244189349862e-01 -9.4583838816916260e-02 0.0000000000000000e+00 1
1.9096965766601899e-03 -2.3722139851454963e-01 0.0000000000000000e+00 1
-1.0573276514606744e-01 1.0563943918087233e-01 0.0000000000000000e+00 1
-6.6876059352264025e-02 1.1006513590905267e-01 0.0000000000000000e+00 1
-2.7193121321205183e-01 2.6287835428973026e-02 0.0000000000000000e+00 1
-2.9684494462074479e-01 -1.4314507869141674e-01 0.0000000000000000e+00 1
-5.0973586411173256e-02 1.5669477946823693e-01 0.0000000000000000e+00 1
4.0828558529828524e-01 -4.7998128815515462e-02 0.0000000000000000e+00 1
-1.8199555664972084e-01 1.1962559316704599e-01 0.0000000000000000e+00 1
6.4251520453444746e-02 7.4140751516434122e-02 0.0000000000000000e+00 1
2.7356379439096018e-01 -1.7562467480982633e-01 0.0000000000000000e+00 1
-8.5095507774532869e-02 3.1122643273974554e-01 0.0000000000000000e+00 1
-8.8884927315159790e-02 -1.1955261267063109e-01 0.0000000000000000e+00 1
2.0360089199606649e-01 1.1707461429204694e-01 0.0000000000000000e+00 1
-1.9833483848607858e-01 1.1382323624239397e-01 0.0000000000000000e+00 1
-1.9920829314366623e-01 1.0827878399366452e-01 0.0000000000000000e+00 1
2.4216053045672931e-01 1.0544866510199356e-01 0.0000000000000000e+00 1
-8.1894736261562101e-02 -1.5092966906583378e-03 0.0000000000000000e+00 1
-1.4831182432348256e-01 1.3078242510930441e-01 0.0000000000000000e+00 1
-1.5780377490421330e-01 -1.9123689633046867e-01 0.0000000000000000e+00 1
2.6614362229378297e-01 -2.5710876111660441e-01 0.0000000000000000e+00 1
-3.5507653302690456e-01 -1.0389832525180402e-01 0.0000000000000000e+00 1
-1.0223998041609804e-01 -1.0406145921630401e-01 0.0000000000000000e+00 1
6.1711562281511548e-02 -1.7906021046565371e-01 0.0000000000000000e+00 1
1.6902778285624632e-02 1.7375357516629800e-01 0.0000000000000000e+00 1
-5.3209365725414737e-02 1.9577105518811974e-01 0.0000000000000000e+00 1
-6.9389656434170013e-02 1.0182929581365648e-01 0.0000000000000000e+00 1
-1.6499378791218902e-01 1.2516949361623722e-01 0.0000000000000000e+00 1
-3.0940454960566394e-01 -2.5714306702939855e-02 0.0000000000000000e+00 1
-1.3644746957840015e-01 -1.9397459621292848e-01 0.0000000000000000e+00 1
9.4555206052862412e-02 -8.5945163296218804e-02 0.0000000000000000e+00 1
8.2199044576952485e-02 7.2530683826177320e-02 0.0000000000000000e+00 1
-1.8485740779935389e-01 7.5270109482113351e-02 0.0000000000000000e+00 1
1.0113210354332547e-01 -7.4838142721413245e-02 0.0000000000000000e+00 1
-7.7185811483902411e-02 8.4872285850149127e-03 0.0000000000000000e+00 1
-2.4940370210616611e-01 -2.9304066956821476e-02 0.0000000000000000e+00 1
-1.1863359894460869e-01 1.3515722713783929e-01 0.0000000000000000e+00 1
-6.9032090201638099e-02 2.6102480210954203e-02 0.0000000000000000e+00 1
4.0684262374784241e-01 -6.4535449555927382e-02 0.0000000000000000e+00 1
-6.3246063464965141e-02 1.1682942361300806e-01 0.0000000000000000e+00 1
-1.9413814624002830e-02 2.6750705253740947e-01 0.0000000000000000e+00 1
-1.2843995108407336e-01 2.6870060942552922e-02 0.0000000000000000e+00 1
1.1744675211625792e-01 -2.4215920057399706e-01 0.0000000000000000e+00 1
1.1129602699259716e-01 -7.4141565333418299e-02 0.0000000000000000e+00 1
-1.8531256475362051e-01 2.1196507844633287e-02 0.0000000000000000e+00 1
-2.6749874216774126e-02 3.1929411658263733e-02 0.0000000000000000e+00 1
-1.1437379750606627e-01 -7.1582029167062938e-02 0.0000000000000000e+00 1
3.6669954383969194e-01 -1.5646791372280925e-02 0.0000000000000000e+00 1
-9.3131619243550623e-02 -1.2978486858694643e-01 0.0000000000000000e+00 1
-1.2101704974280969e-01 1.6998561635771153e-02 0.0000000000000000e+00 1
-4.4095746017623082e-02 1.6314172053487805e-01 0.0000000000000000e+00 1
-3.0650086548103189e-01 -8.0870729918467790e-02 0.0000000000000000e+00 1
-1.0020081757175762e-01 5.2257613276317977e-02 0.0000000000000000e+00 1
3.4122916967947969e-01 6.4530113870703790e-03 0.0000000000000000e+00 1
-7.3847433165816448e-02 1.8216311209955957e-01 0.0000000000000000e+00 1
-5.9554790701863439e-02 2.9617122204215574e-01 0.0000000000000000e+00 1
-5.8627070720152864e-02 1.4337172873963777e-01 0.0000000000000000e+00 1
-2.0548139742634863e-01 -1.7794018764513794e-01 0.0000000000000000e+00 1
-2.0893046287866412e-01 -1.1969017606647651e-01 0.0000000000000000e+00 1
3.0314175142978589e-01 -2.5384862397925573e-01 0.0000000000000000e+00 1
2.8587580226744280e-01 -2.4623778384019260e-01 0.0000000000000000e+00 1
-6.1764242325230832e-02 3.9130609518437560e-02 0.0000000000000000e+00 1
-8.8303760353953514e-02 2.0011789492239226e-01 0.0000000000000000e+00 1
-1.1064911668261219e-01 -1.3170018901067307e-01 0.0000000000000000e+00 1
-2.4953264351026802e-01 5.0109730043270191e-02 0.0000000000000000e+00 1
-7.7606771897261631e-02 2.5859919803612106e-02 0.0000000000000000e+00 1
8.9137536594026970e-02 4.1756123588729273e-02 0.0000000000000000e+00 1
1.4017315794936483e-01 -1.1064998412666030e-01 0.0000000000000000e+00 1
-3.0411911150318860e-01 -1.2986090842003864e-01 0.0000000000000000e+00 1
-3.6027791144765914e-01 -1.0447946445601319e-01 0.0000000000000000e+00 1
-8.7360757641101780e-02 3.1687502628886138e-01 0.0000000000000000e+00 1
4.2489456250471502e-01 -1.1282905582626378e-01 0.0000000000000000e+00 1
4.0024369311584141e-03 6.5225336667965692e-02 0.0000000000000000e+00 1
-9.5204600942487824e-02 8.1193713686718696e-02 0.0000000000000000e+00 1
-5.5191824662564767e-02 1.1796741402151457e-01 0.0000000000000000e+00 1
2.5262270222961236e-01 8.2649984284115074e-02 0.0000000000000000e+00 1
-1.0246412791883629e-01 1.4175517524211501e-01 0.0000000000000000e+00 1
3.1895509678300260e-01 2.8060377465756396e-02 0.0000000000000000e+00 1
-3.6257250086284898e-01 -1.0953292436416164e-01 0.0000000000000000e+00 1
1.1757183717786546e-01 4.0614276946174109e-02 0.0000000000000000e+00 1
1.2472376089929380e-01 2.9632851801124124e-02 0.0000000000000000e+00 1
1.0986232751038782e-01 5.0370556214528135e-02 0.0000000000000000e+00 1
-3.9464534974177130e-02 1.0854820948480430e-01 0.0000000000000000e+00 1
-2.3545871461752930e-02 2.5359761629563682e-01 0.0000000000000000e+00 1
-1.3579289822312834e-01 1.0055774057668714e-01 0.0000000000000000e+00 1
1.4547468297378674e-01 1.9052303661490178e-02 0.0000000000000000e+00 1
3.8642562283161319e-02 2.0665443635273678e-01 0.0000000000000000e+00 1
8.2381630314918575e-02 -1.8843101132678308e-01 0.0000000000000000e+00 1
-2.7563667273424902e-01 3.3403287451452934e-02 0.0000000000000000e+00 1
-2.3460476531927493e-01 -1.7147432559470061e-01 0.0000000000000000e+00 1
-6.0189716960656281e-02 2.0452044060691391e-01 0.0000000000000000e+00 1
-3.1969629455041934e-02 2.0434555302283960e-01 0.0000000000000000e+00 1
-8.3892439951783027e-02 1.3854483002327161e-01 0.0000000000000000e+00 1
-4.8042191743907156e-02 4.6903818068180836e-02 0.0000000000000000e+00 1
-1.9708856919093454e-01 -2.4336184352645829e-03 0.0000000000000000e+00 1
-7.2226176537622921e-02 2.5846382856866823e-01 0.0000000000000000e+00 1
9.0524293593985478e-02 -1.9827980330156461e-01 0.0000000000000000e+00 1
-8.0020120909974291e-02 1.3576965478919933e-01 0.0000000000000000e+00 1
-5.7940948964591565e-02 4.6281828011400107e-02 0.0000000000000000e+00 1
-1.2579441379451528e-01 -1.4258604370956895e-01 0.0000000000000000e+00 1
-1.9316790779459936e-01 -3.2643390492288642e-02 0.0000000000000000e+00 1
-2.0339385837712864e-01 -1.5133658760147809e-02 0.0000000000000000e+00 1
-1.2046482337824141e-01 -1.3247083527285852e-01 0.0000000000000000e+00 1
4.3352841187546520e-01 -1.0520147022348338e-01 0.0000000000000000e+00 1
4.0268922662739445e-02 -1.8189311414884426e-01 0.0000000000000000e+00 1
-3.3782598369229744e-01 -7.0769957712431678e-02 0.0000000000000000e+00 1
4.2055896600366773e-02 1.8448030309501531e-01 0.0000000000000000e+00 1
-1.1272223767554010e-01 -9.1735278847270382e-02 0.0000000000000000e+00 1
-2.0351455777340280e-01 1.0712099849599302e-01 0.0000000000000000e+00 1
1.3500412742021109e-01 -1.2186338141771320e-01 0.0000000000000000e+00 1
6.0599949197930852e-02 -8.6766113147253562e-02 0.0000000000000000e+00 1
-8.7719587425492102e-02 -1.1779008929819456e-02 0.0000000000000000e+00 1
4.4042270009207185e-01 -1.2816319184823916e-01 0.0000000000000000e+00 1
3.9875580631044259e-02 2.4932080068004552e-02 0.0000000000000000e+00 1
-2.5929280381708281e-01 -1.5055224448578897e-01 0.0000000000000000e+00 1
-1.9778963075237135e-01 -2.3969523881268044e-02 0.0000000000000000e+00 1
-2.5699747795288625e-02 1.9355995965870823e-01 0.0000000000000000e+00 1
6.8301805818563252e-02 1.9624302207004171e-01 0.0000000000000000e+00 1
-3.8980901348048089e-02 1.5681334873261216e-01 0.0000000000000000e+00 1
-1.2585972260052847e-01 -1.6624708637990609e-01 0.0000000000000000e+00 1
-3.6585110031766711e-02 2.5826011440537450e-01 0.0000000000000000e+00 1
-3.7059844127592161e-02 4.7544887150521083e-02 0.0000000000000000e+00 1
-9.1717047560687465e-02 2.5024315677828818e-01 0.0000000000000000e+00 1
-2.4463265964203507e-01 -3.7101746019006364e-02 0.0000000000000000e+00 1
-1.8666621850591028e-01 6.9836557708807812e-02 0.0000000000000000e+00 1
-1.0069892459715946e-01 -2.0613753245059283e-01 0.0000000000000000e+00 1
-3.7888373702512267e-02 -2.1750369659665089e-01 0.0000000000000000e+00 1
-5.4638439540765513e-02 2.3475801440083019e-01 0.0000000000000000e+00 1
-8.4276072852464801e-02 3.2107766295553114e-01 0.0000000000000000e+00 1
1.1898163201381731e-02 5.2862299868655781e-02 0.0000000000000000e+00 1
4.0306002323705542e-01 -3.8634273929293049e-02 0.0000000000000000e+00 1
3.4862854898332490e-01 -2.4224731903304558e-01 0.0000000000000000e+00 1
3.3573655416366699e-01 -2.4686242996517788e-01 0.0000000000000000e+00 1
-3.5591118558618101e-01 -1.3638870315208004e-01 0.0000000000000000e+00 1
-9.3386313502368146e-02 -2.2227343047958776e-02 0.0000000000000000e+00 1
5.2409136071790076e-02 -2.2285092522038552e-01 0.0000000000000000e+00 1
-1.3135439607701049e-01 -1.7710316665554168e-01 0.0000000000000000e+00 1
2.6218015287270335e-01 -2.4889485761279254e-01 0.0000000000000000e+00 1
-1.8394604729737210e-01 -2.3985057667352092e-03 0.0000000000000000e+00 1
-3.5769482729831065e-01 -1.1815858838487674e-01 0.0000000000000000e+00 1
-1.2914441440654437e-01 1.3484175539381979e-01 0.0000000000000000e+00 1
-1.5759171382441300e-01 3.1428198364248107e-03 0.0000000000000000e+00 1
-2.3286198141734338e-01 8.2620583565980996e-02 0.0000000000000000e+00 1
4.4914127075366717e-01 -1.3991232582311863e-01 0.0000000000000000e+00 1
4.3805015413125259e-01 -1.6378283426291726e-01 0.0000000000000000e+00 1
4.1166388170236518e-01 -2.0094469071502027e-01 0.0000000000000000e+00 1
1.5343487562708001e-02 3.4191493876616623e-02 0.0000000000000000e+00 1
-1.0096765280021701e-01 1.0602051024574595e-01 0.0000000000000000e+00 1
3.6618919719299203e-01 -2.3770163948815951e-01 0.0000000000000000e+00 1

Edges
225
1 2 1
2 3 1
3 4 1
4 5 1
5 6 1
6 7 1
7 8 1
8 9 1
9 10 1
10 11 1
11 12 1
12 13 1
13 14 1
14 15 1
15 16 1
16 17 1
17 18 1
18 19 1
19 20 1
20 21 1
21 22 1
22 23 1
23 24 1
24 25 1
25 26 1
26 27 1
27 28 1
28 29 1
29 30 1
30 31 1
31 32 1
32 33 1
33 34 1
34 35 1
35 36 1
36 37 1
37 38 1
38 39 1
39 40 1
40 41 1
41 42 1
42 43 1
43 44 1
44 45 1
45 46 1
46 47 1
47 48 1
48 49 1
49 50 1
50 51 1
51 52 1
52 53 1
53 54 1
54 55 1
55 56 1
56 57 1
57 58 1
58 59 1
59 60 1
60 61 1
61 62 1
62 63 1
63 64 1
64 65 1
65 66 1
66 67 1
67 68 1
68 69 1
69 70 1
70 71 1
71 72 1
72 73 1
73 74 1
74 75 1
75 76 1
76 77 1
77 78 1
78 79 1
79 80 1
80 81 1
81 82 1
82 83 1
83 84 1
84 85 1
85 86 1
86 87 1
87 88 1
88 89 1
89 90 1
90 91 1
91 92 1
92 93 1
93 94 1
94 95 1
95 96 1
96 97 1
97 98 1
98 99 1
99 100 1
100 101 1
101 102 1
102 103 1
103 104 1
104 105 1
105 106 1
106 107 1
107 108 1
108 109 1
109 110 1
110 111 1
111 112 1
112 113 1
113 114 1
114 115 1
115 116 1
116 117 1
117 118 1
118 119 1
119 120 1
120 121 1
121 122 1
122 123 1
123 124 1
124 125 1
125 126 1
126 127 1
127 128 1
128 129 1
129 130 1
130 131 1
131 132 1
132 133 1
133 134 1
134 135 1
135 136 1
136 137 1
137 138 1
138 139 1
139 140 1
140 141 1
141 142 1
142 143 1
143 144 1
144 145 1
145 146 1
146 147 1
147 148 1
148 149 1
149 150 1
150 151 1
151 152 1
152 153 1
153 154 1
154 155 1
155 156 1
156 157 1
157 158 1
158 159 1
159 160 1
160 161 1
161 162 1
162 163 1
163 164 1
164 165 1
165 166 1
166 167 1
167 168 1
168 169 1
169 170 1
170 171 1
171 172 1
172 173 1
173 174 1
174 175 1
175 176 1
176 177 1
177 178 1
178 179 1
179 180 1
180 181 1
181 182 1
182 183 1
183 184 1
184 185 1
185 186 1
186 187 1
187 188 1
188 189 1
189 190 1
190 191 1
191 192 1
192 193 1
193 194 1
194 195 1
195 196 1
196 197 1
197 198 1
198 199 1
199 200 1
200 201 1
201 202 1
202 203 1
203 204 1
204 205 1
205 206 1
206 207 1
207 208 1
208 209 1
209 210 1
210 211 1
211 212 1
212 213 1
213 214 1
214 215 1
215 216 1
216 217 1
217 218 1
218 219 1
219 220 1
220 221 1
221 222 1
222 223 1
223 224 1
224 225 1
225 1 1

Triangles
5647
1523 2095 2541 1
1658 249 2302 1
212 213 1968 1
851 1679 1690 1
2434 2443 2770 1
228 1920 2091 1
1748 600 1908 1
1720 635 1843 1
1697 244 2173 1
469 476 1855 1
249 1658 2210 1
1925 991 2602 1
2250 529 2811 1
1828 911 1829 1
1090 1722 1723 1
771 1762 2444 1
2436 2283 2595 1
2192 235 2208 1
1077 1815 2815 1
2016 755 2749 1
545 529 2250 1
940 815 2217 1
1589 1912 2363 1
1373 1720 1843 1
1738 239 2413 1
1874 1766 1975 1
1883 1523 2541 1
241 2309 2329 1
277 1753 2238 1
1815 1077 1858 1
258 212 1968 1
2504 694 2742 1
1617 2016 2749 1
1089 1775 1805 1
600 1748 2462 1
1319 1804 2207 1
1771 877 1772 1
1635 1808 2410 1
2186 1481 2390 1
244 1697 2777 1
643 641 1924 1
991 1925 2509 1
1807 771 2444 1
1814 1813 2022 1
260 1839 2867 1
1437 2429 2484 1
2309 1616 2329 1
1451 2507 2665 1
1548 1319 2207 1
193 194 2093 1
1787 1287 1792 1
129 130 316 1
1636 1911 2075 1
271 1850 1851 1
2507 2003 2665 1
289 1733 2851 1
851 1690 1854 1
1911 1383 2075 1
1337 2504 2715 1
2475 1769 2604 1
1798 238 2671 1
1714 229 2790 1
1287 782 1792 1
1772 877 1805 1
759 1712 2439 1
238 2056 2671 1
1469 2178 2208 1
2005 2006 2134 1
1712 759 2463 1
1686 833 2320 1
1546 1948 2540 1
2410 1808 2546 1
1590 1648 2621 1
1058 1963 2299 1
1929 1546 2589 1
1948 1546 2566 1
1215 1673 2410 1
2463 759 2482 1
245 1730 1956 1
1920 228 2092 1
1794 2463 2482 1
1803 694 2504 1
2510 1729 2526 1
1691 1729 2510 1
1702 302 2295 1
2407 1183 2456 1
1865 2773 2875 1
1205 2065 2496 1
1815 1819 2815 1
1546 1929 2566 1
1770 1963 2604 1
1370 1371 2086 1
388 391 2002 1
1544 1183 2407 1
2542 2094 2719 1
1673 1215 2498 1
1964 2486 2604 1
1856 289 2851 1
349 1797 2039 1
1847 1846 1966 1
1763 257 2105 1
1669 2375 2746 1
1963 1964 2604 1
1797 1723 2039 1
2427 1324 2481 1
1090 1723 1746 1
1846 1087 1966 1
2443 1867 2770 1
67 68 2525 1
1920 1919 2091 1
1403 2168 2779 1
1425 2125 2150 1
1719 1662 2652 1
249 2210 2470 1
2210 1638 2470 1
459 457 1840 1
246 1739 1744 1
1664 278 2810 1
2402 1865 2875 1
1648 1590 2767 1
739 738 2517 1
1 2 1753 1
1719 2652 2733 1
2271 632 2283 1
1901 1900 1917 1
1936 306 2532 1
1843 584 1844 1
260 1790 1839 1
641 709 1924 1
1779 226 1863 1
1623 1370 2086 1
1730 245 1957 1
1813 1978 2022 1
1948 1947 2453 1
1008 1948 2453 1
1796 1580 1891 1
2275 2303 2419 1
2177 2430 2637 1
2486 309 2604 1
480 489 1915 1
306 1936 2607 1
1899 1199 2382 1
466 469 1855 1
1649 2504 2742 1
2207 1469 2208 1
1712 1711 2394 1
1712 2394 2439 1
2199 1713 2492 1
911 1828 1855 1
229 2386 2632 1
933 1810 2206 1
1139 1874 1975 1
61 62 1961 1
1603 1933 2569 1
2208 235 2706 1
1933 1302 2569 1
833 1686 2840 1
1677 270 2544 1
1452 1713 2199 1
1775 1089 2884 1
1763 2105 2106 1
770 1711 2258 1
1395 1721 2179 1
229 1714 2386 1
847 2133 2752 1
2179 2177 2637 1
1616 2228 2329 1
272 2223 2319 1
409 1997 2935 1
302 1702 2454 1
2386 1644 2632 1
315 2643 2786 1
284 2009 2679 1
1829 911 1915 1
2055 1403 2779 1
632 2271 2282 1
239 2225 2413 1
1923 643 1924 1
270 1677 2635 1
262 149 1806 1
1997 409 2001 1
1750 1436 1860 1
194 291 2093 1
1810 1749 2206 1
1889 254 1906 1
2228 1616 2448 1
1912 242 2363 1
2110 1505 2441 1
2504 1649 2715 1
1694 2436 2595 1
316 130 2786 1
1169 1167 1836 1
2005 2134 2725 1
2271 2270 2282 1
2110 2441 2496 1
1753 1588 2238 1
2215 1544 2736 1
2158 2315 2557 1
149 150 1806 1
476 911 1855 1
416 1691 2510 1
1488 2186 2390 1
1722 1090 2217 1
2125 1425 2151 1
1900 261 1917 1
2065 1205 2605 1
1917 1916 1918 1
1286 1877 2587 1
278 1664 2789 1
1868 1481 2186 1
815 1007 2217 1
2178 2192 2208 1
1919 290 2091 1
1691 416 2832 1
2628 1672 2694 1
1850 271 1852 1
1701 1309 2420 1
279 2006 2007 1
936 2628 2694 1
309 2475 2604 1
2133 2395 2752 1
1700 1571 2857 1
1721 29 2543 1
62 280 1961 1
1505 2110 2484 1
1817 1814 2022 1
1580 1685 1891 1
2223 272 2611 1
2077 1232 2424 1
1711 770 2394 1
1522 2122 2560 1
1736 864 1841 1
2591 1914 2601 1
1897 1023 2765 1
2495 1990 2519 1
2470 1638 2577 1
1638 1824 2577 1
2464 2094 2542 1
915 2378 2420 1
1877 1286 2642 1
2179 1721 2543 1
29 1721 2790 1
1761 1490 2662 1
1223 983 1746 1
1704 1051 2837 1
1051 1704 2852 1
2441 1205 2496 1
2270 2236 2282 1
2009 284 2446 1
1232 2077 2869 1
1544 2407 2736 1
318 321 1871 1
1963 1770 2299 1
2078 1290 2626 1
1290 2078 2874 1
1484 2366 2425 1
310 316 317 1
2429 1505 2484 1
161 248 1715 1
1844 584 2886 1
310 318 1871 1
1372 2014 2563 1
1640 1288 1786 1
457 864 1840 1
2375 1477 2746 1
1914 1537 2601 1
2378 1701 2420 1
675 2031 2850 1
1556 2495 2519 1
1450 1169 1836 1
303 2440 2621 1
1904 1901 1917 1
2258 1870 2343 1
1766 1874 2804 1
995 1087 2416 1
2587 1881 2755 1
1422 1421 2151 1
2031 675 2826 1
1918 1916 2829 1
1842 1372 2563 1
2440 1705 2621 1
1733 289 2117 1
1309 1701 2860 1
1571 1700 2794 1
238 1798 2239 1
1090 940 2217 1
2773 1888 2875 1
288 1778 1780 1
820 1823 2022 1
1413 1729 2554 1
1023 1897 2437 1
2486 1964 2934 1
1491 2545 2812 1
1007 2795 2839 1
1694 1045 2718 1
771 613 1762 1
160 161 1715 1
1729 1413 2526 1
1486 1869 2232 1
270 2228 2448 1
2283 632 2595 1
1550 2146 2379 1
983 1090 1746 1
770 2258 2343 1
1373 1843 1844 1
1914 1556 2519 1
1721 1714 2790 1
2146 1242 2379 1
864 1736 1840 1
1759 237 1760 1
1045 1694 2595 1
2052 2054 2483 1
1931 282 2458 1
356 354 1854 1
337 1903 2515 1
233 1781 2465 1
2082 2083 2834 1
1481 1868 2011 1
391 897 2002 1
332 330 1805 1
1912 1589 2711 1
159 160 1665 1
1746 1723 1797 1
1715 1750 1860 1
1940 1939 2403 1
2115 1743 2455 1
1683 2500 2681 1
2545 1725 2812 1
468 459 1840 1
228 193 2093 1
1812 1815 1858 1
1758 2593 2594 1
2522 1706 2799 1
270 2448 2544 1
1870 921 2343 1
738 2054 2517 1
131 298 2107 1
1720 2427 2481 1
1087 1846 2416 1
1978 1813 2018 1
385 383 2083 1
1115 1940 2403 1
1699 2614 2645 1
2129 2696 2729 1
2614 264 2645 1
911 480 1915 1
2593 1547 2594 1
2028 389 2081 1
1286 2587 2755 1
2625 2314 2739 1
1589 1486 2232 1
317 316 1785 1
1840 1800 2838 1
1749 862 2206 1
226 1779 2816 1
1775 1772 1805 1
253 1768 1769 1
265 1837 2553 1
2300 1276 2735 1
300 1745 2818 1
732 2561 2754 1
645 643 1923 1
1436 1750 1752 1
87 2603 2624 1
409 388 2002 1
1860 1436 2404 1
1661 1745 2415 1
1906 1899 2382 1
526 2187 2412 1
1967 258 1968 1
359 1854 2323 1
243 1822 2301 1
1388 1833 1834 1
1456 2321 2354 1
1969 1594 2894 1
1614 2129 2729 1
271 1851 2797 1
1436 1266 2404 1
1327 1526 1863 1
2022 1823 2871 1
2273 2097 2716 1
1288 1125 1786 1
279 2007 2008 1
2635 1677 2737 1
1545 2652 2658 1
1058 1962 1963 1
635 1720 2481 1
2500 256 2681 1
1504 1826 2771 1
2086 1371 2087 1
1333 1334 1841 1
921 1870 2425 1
1526 1779 1863 1
2190 2578 2747 1
1872 359 2323 1
1231 1959 1960 1
1903 337 2406 1
468 1840 2838 1
489 526 1915 1
585 563 1891 1
354 851 1854 1
1388 1165 1833 1
155 247 1801 1
671 1767 2484 1
1756 915 2181 1
330 1089 1805 1
196 1740 2514 1
1850 1852 1873 1
2303 1764 2419 1
288 1780 1781 1
2320 1940 2351 1
1820 1826 2620 1
1686 2320 2351 1
1767 1437 2484 1
2561 1671 2754 1
2054 738 2483 1
2008 2009 2446 1
862 1749 1976 1
2115 2455 2805 1
1538 2275 2419 1
1745 300 2660 1
585 1891 2936 1
772 2434 2770 1
1557 1725 2545 1
1781 233 2807 1
239 1738 2721 1
2465 1504 2771 1
1677 2056 2737 1
68 311 2525 1
1954 937 2356 1
711 2726 2733 1
1665 160 1715 1
261 1900 1905 1
2726 1719 2733 1
1556 1914 2591 1
648 645 1923 1
810 1803 2226 1
2078 1671 2561 1
2122 230 2560 1
2415 1745 2660 1
2083 869 2834 1
254 1889 1926 1
319 317 1681 1
977 1795 2537 1
1739 246 2451 1
310 129 316 1
2256 2788 2795 1
2158 821 2333 1
2105 296 2106 1
1334 1736 1841 1
810 640 1803 1
2580 685 2745 1
1868 656 2011 1
2082 2081 2083 1
1793 1794 2497 1
1287 2522 2799 1
1734 2625 2739 1
1388 1834 1835 1
2652 1662 2658 1
453 487 1845 1
1231 1958 1959 1
1889 1906 2382 1
282 1931 2552 1
1823 820 2165 1
1990 1202 2388 1
2366 921 2425 1
1757 939 2321 1
1357 1951 1952 1
227 165 1802 1
1794 2482 2497 1
1276 2300 2715 1
1707 2760 2772 1
1256 1925 2213 1
1291 1849 1850 1
237 1759 2115 1
1777 2005 2725 1
257 1763 2432 1
1717 2104 2503 1
877 332 1805 1
1120 1119 2080 1
1951 1509 1952 1
1247 1830 1831 1
449 442 1811 1
1997 2000 2935 1
311 1789 2525 1
821 2128 2333 1
1740 1622 2514 1
2760 817 2772 1
255 2654 2723 1
1425 1422 2151 1
1798 1799 2239 1
1896 292 1905 1
1167 1388 1836 1
23 2418 2558 1
256 1856 2851 1
821 2158 2557 1
1945 1947 1948 1
1139 1873 1874 1
1740 196 2877 1
2065 2064 2496 1
2009 319 2679 1
1291 1850 1873 1
1735 1524 2580 1
2654 1682 2723 1
360 359 1872 1
2217 1007 2839 1
287 167 1820 1
1540 1853 2349 1
1622 2542 2719 1
1755 2017 2099 1
1260 1452 2417 1
1406 1697 2476 1
2118 2524 2610 1
1748 1908 1910 1
253 67 2525 1
455 453 1845 1
964 1048 1962 1
1864 1761 2662 1
616 1211 1946 1
2017 1755 2825 1
613 634 1762 1
1640 1786 1979 1
1324 1580 2481 1
2081 389 2083 1
1886 293 1926 1
287 1820 2620 1
250 2273 2716 1
1705 1590 2621 1
1777 1775 2884 1
1109 1255 1958 1
1681 317 1785 1
449 1811 1858 1
383 869 2083 1
320 319 2009 1
1482 1288 1639 1
833 1941 2320 1
226 1862 1863 1
2514 1622 2719 1
1062 2278 2398 1
1724 1838 2059 1
1725 1557 2893 1
1966 1965 2533 1
2071 1574 2414 1
1253 2081 2082 1
1077 498 1858 1
820 369 2165 1
359 356 1854 1
1421 1760 2151 1
1058 964 1962 1
1671 2078 2626 1
1811 1812 1858 1
1853 399 2349 1
835 837 1943 1
1548 2207 2208 1
1119 2027 2080 1
2578 1581 2747 1
1530 1330 1932 1
2065 2605 2655 1
447 497 2055 1
1951 1954 2356 1
939 1757 2360 1
877 1771 2916 1
2681 256 2851 1
1838 1459 2059 1
1126 1125 1288 1
1594 1969 2533 1
799 977 2537 1
2603 1676 2624 1
1893 1254 2371 1
2300 1337 2715 1
1253 2080 2081 1
498 449 1858 1
1859 772 2770 1
1155 1364 1848 1
2010 2608 2622 1
350 349 2039 1
497 1403 2055 1
1690 1679 2907 1
2005 1777 2884 1
1915 526 2412 1
389 2028 2166 1
1734 922 2625 1
1231 1109 1958 1
1946 1211 1947 1
154 155 1801 1
1504 1782 2278 1
2128 1558 2333 1
1291 1848 1849 1
1223 1746 1747 1
837 841 1943 1
1925 1539 2213 1
390 387 2166 1
126 286 1880 1
1735 2580 2745 1
2511 2101 2901 1
1765 308 2636 1
1895 1899 1906 1
1715 248 1750 1
1247 1161 1830 1
246 1744 2919 1
1062 990 2278 1
2553 1837 2636 1
2037 869 2766 1
1900 1896 1905 1
2321 939 2354 1
1945 1946 1947 1
267 1764 2418 1
1436 1752 2865 1
854 2656 2664 1
862 1976 2346 1
2073 2396 2479 1
1697 1821 2777 1
1506 1893 2371 1
1277 1576 1826 1
1069 1096 1125 1
1764 267 2419 1
1343 1619 1866 1
1999 2146 2661 1
1452 2199 2417 1
1449 1949 2171 1
2066 2065 2655 1
1848 1364 1849 1
1165 1163 1833 1
1125 1331 1786 1
742 739 2517 1
1916 122 2161 1
977 816 1934 1
389 385 2083 1
1562 1990 2388 1
1782 1504 2465 1
2117 1801 2612 1
1837 265 2539 1
1259 1258 1260 1
2653 1999 2661 1
2125 2124 2150 1
793 2071 2414 1
2025 878 2026 1
1894 1895 1906 1
245 1956 2687 1
1330 1144 1932 1
2643 1785 2786 1
1450 1836 1919 1
1558 2128 2457 1
1889 1886 1926 1
2788 1632 2795 1
1456 2029 2321 1
1199 1899 2765 1
672 2186 2768 1
915 1756 2378 1
227 1802 2489 1
2795 1693 2839 1
1854 1690 2323 1
1866 1619 1867 1
2007 323 2008 1
1831 1830 1837 1
2006 279 2630 1
1778 288 2559 1
1847 1966 1967 1
1791 262 2781 1
1880 286 1881 1
1639 1288 1640 1
1544 2215 2216 1
833 829 1941 1
1961 280 2597 1
1054 938 1977 1
2627 1867 2863 1
1490 1761 2813 1
2092 1457 2485 1
1861 1774 2762 1
1364 1327 1863 1
2419 267 2915 1
1486 1484 2425 1
1652 2571 2584 1
938 805 1977 1
243 2301 2842 1
829 827 1941 1
1883 294 2711 1
1069 998 1096 1
1253 1120 2080 1
304 1955 2538 1
1942 835 1943 1
1126 1288 1482 1
323 320 2009 1
165 166 1802 1
334 877 1861 1
1862 1364 1863 1
274 2274 2751 1
1752 1273 2865 1
1904 1917 1918 1
672 2768 2821 1
1524 1735 2898 1
2533 1965 2609 1
125 126 1880 1
1920 2092 2485 1
2104 1717 2912 1
1968 213 2590 1
2461 2143 2494 1
1039 1155 1848 1
373 1978 2018 1
1932 1931 2458 1
2093 291 2094 1
1242 1196 2567 1
869 2037 2834 1
1976 1977 2346 1
1256 1034 1921 1
2283 1380 2285 1
1257 1258 1259 1
1894 292 1895 1
2418 1620 2558 1
1909 1774 2676 1
1257 951 1258 1
267 2138 2915 1
2202 1799 2203 1
1697 2173 2476 1
644 958 2345 1
235 2454 2706 1
2271 2283 2285 1
792 1913 1914 1
1998 1393 1999 1
1841 1845 2585 1
1940 1115 2351 1
1036 1256 2213 1
1512 1652 2584 1
363 360 1872 1
1876 125 1880 1
1584 2144 2251 1
128 310 1871 1
1287 1787 2522 1
2075 1788 2714 1
1884 293 1885 1
2656 1911 2664 1
2608 1784 2622 1
2173 244 2709 1
1340 1343 1866 1
468 1758 2594 1
1252 1929 2588 1
1069 1125 1126 1
930 928 2108 1
699 616 1946 1
1849 1364 1862 1
1335 1274 2017 1
114 293 1884 1
1259 1260 1261 1
1069 1126 2243 1
2144 734 2251 1
1983 1698 2870 1
601 835 1942 1
1984 1351 2855 1
1953 1952 2592 1
2155 403 2230 1
1790 260 2928 1
253 1769 2475 1
1125 1096 1331 1
1368 1737 2883 1
1352 1632 1859 1
118 292 1894 1
1459 1088 2059 1
1867 2443 2863 1
2315 1792 2557 1
2562 871 2571 1
2178 1469 2924 1
1760 237 2499 1
1887 1106 2324 1
998 995 2416 1
1982 910 2449 1
1628 1982 2449 1
1490 2395 2662 1
1949 1993 2171 1
563 565 1891 1
1300 1683 2042 1
2215 1394 2216 1
167 168 1820 1
442 436 1811 1
2457 874 2502 1
2134 2006 2630 1
1995 1393 1998 1
2048 1045 2259 1
2212 2016 2798 1
1785 316 2786 1
2506 951 2537 1
1899 1897 2765 1
1123 1124 1277 1
796 951 1257 1
2454 1702 2706 1
1698 2868 2870 1
1255 1730 1958 1
491 1783 2724 1
112 242 1912 1
1730 1957 1958 1
802 1046 1892 1
1351 1984 2650 1
2337 2090 2846 1
640 630 1803 1
293 115 1926 1
1766 1414 1975 1
2361 2437 2667 1
292 119 1905 1
497 449 498 1
1790 1663 1839 1
521 498 522 1
1602 2117 2612 1
990 956 1123 1
878 2025 2197 1
1737 1368 2927 1
1298 1909 2676 1
124 125 1876 1
1256 1921 1922 1
822 810 956 1
1504 1277 1826 1
536 522 537 1
2095 1523 2778 1
816 941 1934 1
2008 323 2009 1
792 1914 2519 1
1830 1598 1837 1
563 537 565 1
324 323 2007 1
1939 1943 2403 1
1847 1967 1968 1
1813 818 2018 1
540 541 1993 1
2130 2155 2230 1
1728 2819 2822 1
2016 2212 2820 1
792 790 1913 1
1947 1949 2453 1
1034 650 1921 1
1576 1687 1688 1
1850 1849 1851 1
922 1734 2847 1
1756 2181 2358 1
818 428 2018 1
387 389 2166 1
2200 2223 2611 1
490 482 2327 1
772 1859 2845 1
534 477 2014 1
331 1879 2642 1
1774 1909 2762 1
2005 1289 2006 1
577 584 1843 1
1048 1231 1962 1
1738 1705 2440 1
465 1547 1928 1
876 2461 2494 1
2181 1971 2358 1
1919 1836 2734 1
1903 1904 2515 1
1060 1302 1933 1
1414 1158 1975 1
630 605 694 1
1793 742 2517 1
1580 1796 2481 1
2004 1289 2005 1
2027 1119 2108 1
1268 1266 1436 1
1806 150 2500 1
864 455 1845 1
1873 1852 1874 1
795 2139 2391 1
867 994 995 1
1786 1331 1790 1
2588 1929 2589 1
1277 1336 1576 1
326 1289 2004 1
1768 253 2525 1
1826 1820 2771 1
1497 2225 2235 1
2187 526 2220 1
1045 551 2259 1
308 1765 2487 1
2232 1883 2711 1
447 442 449 1
2274 2273 2722 1
1378 1789 1930 1
569 577 635 1
2524 1569 2610 1
158 159 231 1
1948 1008 2540 1
353 350 2039 1
536 537 563 1
1711 1518 2258 1
915 808 2181 1
1836 1835 2734 1
2819 1476 2822 1
521 522 536 1
742 1793 2497 1
1372 534 2014 1
1068 998 1069 1
497 498 521 1
1576 1688 2620 1
1274 1273 2017 1
2278 1782 2398 1
2437 1902 2667 1
371 820 1978 1
1930 1789 1931 1
2714 1788 2750 1
709 640 810 1
128 129 310 1
1895 292 1896 1
784 1980 2338 1
1792 782 2557 1
1160 1414 1598 1
630 694 1803 1
286 127 1871 1
2101 1560 2901 1
2574 1953 2592 1
2026 878 2166 1
1526 1536 1778 1
1139 1043 1873 1
1869 1486 2425 1
447 449 497 1
1888 1889 2875 1
1889 2382 2875 1
634 796 1762 1
1126 1483 2243 1
996 866 1950 1
642 644 2345 1
807 2691 2708 1
2082 2036 2218 1
1815 1816 1819 1
866 831 1950 1
2396 1954 2479 1
1937 620 1938 1
1593 1282 1935 1
1598 1414 1765 1
1339 949 1340 1
2727 2269 2764 1
928 2023 2108 1
2317 2503 2556 1
1260 1262 1452 1
1537 1117 2743 1
1256 1922 1925 1
995 994 1087 1
1945 1948 2566 1
121 122 1916 1
1895 1896 1897 1
1253 2082 2218 1
289 154 1801 1
588 613 771 1
529 533 2811 1
1123 956 1124 1
1160 1158 1414 1
2029 1456 2263 1
867 866 994 1
2395 2133 2662 1
1398 1396 2111 1
492 513 2220 1
299 1824 2644 1
1341 1340 1866 1
1302 1646 1733 1
2109 671 2110 1
1558 2457 2502 1
436 428 818 1
1619 1352 1859 1
635 577 1843 1
1980 1402 2338 1
1147 1113 2113 1
2274 274 2827 1
878 390 2166 1
1593 1935 1936 1
768 846 1971 1
1643 1301 2021 1
2775 1727 2782 1
1897 1896 1898 1
1123 1277 1504 1
1600 2612 2613 1
1816 1818 1882 1
604 620 1937 1
436 818 1811 1
1477 2375 2668 1
1035 1034 1036 1
709 810 822 1
832 866 867 1
2069 2143 2316 1
822 956 990 1
1340 1342 1343 1
1348 980 1981 1
399 1853 2286 1
2155 1540 2349 1
1327 1525 1526 1
1331 1663 1790 1
1819 1816 1882 1
660 658 672 1
1762 1257 2444 1
1301 1346 2021 1
490 1784 2608 1
275 124 1876 1
2110 671 2484 1
2072 2062 2204 1
1898 1901 1902 1
1890 1568 2113 1
2226 1803 2504 1
1811 818 1812 1
1795 2506 2537 1
369 366 2165 1
2612 247 2613 1
1822 243 2491 1
1874 1852 1875 1
1276 1274 1335 1
1902 1901 1903 1
800 699 1944 1
1769 1770 2604 1
1343 1344 1352 1
2306 2127 2332 1
1879 331 2909 1
300 1809 2615 1
283 2599 2710 1
1789 1768 2525 1
1921 648 1923 1
242 113 1884 1
2006 1289 2007 1
1880 1881 2587 1
1783 491 2835 1
264 4 2060 1
254 1894 1906 1
1033 650 1034 1
254 117 1894 1
634 765 796 1
688 2072 2204 1
661 671 2109 1
1562 1989 1990 1
1885 293 1886 1
1797 349 2905 1
1341 2692 2871 1
2085 2086 2087 1
1794 1433 2041 1
342 340 600 1
1944 699 1946 1
980 844 1981 1
522 1077 2013 1
1343 1352 1619 1
231 159 1665 1
1037 1036 1038 1
318 317 319 1
1394 1056 2334 1
1778 1536 1780 1
1119 930 2108 1
261 121 1916 1
168 233 1820 1
1909 1298 2699 1
2274 2722 2751 1
2317 1717 2503 1
1277 1124 1336 1
602 601 1942 1
261 1916 1917 1
2868 2294 2869 1
117 118 1894 1
1272 1270 1273 1
1445 1621 1987 1
2122 1522 2785 1
1033 1034 1035 1
1815 1814 1816 1
153 289 1856 1
1789 311 2933 1
572 1562 1972 1
1143 1378 1930 1
1947 1211 1949 1
1812 1814 1815 1
338 339 340 1
1983 752 1984 1
1289 324 2007 1
1802 1688 2489 1
2216 1394 2334 1
1352 1353 1632 1
1124 956 2226 1
796 797 951 1
1841 864 1845 1
1339 1340 1341 1
1039 1038 1155 1
155 156 247 1
1043 1041 1291 1
766 802 1892 1
834 561 1988 1
1398 2111 2281 1
565 569 1796 1
1043 1291 1873 1
1035 1036 1037 1
365 363 949 1
294 111 1912 1
1993 541 2171 1
1887 1886 1888 1
639 607 2019 1
487 451 1970 1
1526 1525 1536 1
127 128 1871 1
1195 1393 1995 1
827 1937 1941 1
638 768 1971 1
1727 1243 2782 1
2102 1674 2103 1
262 1806 2781 1
295 6 2089 1
2143 1454 2316 1
851 353 1458 1
338 336 339 1
1978 820 2022 1
832 831 866 1
1994 1559 2229 1
1088 974 2254 1
365 949 1339 1
1155 1248 1327 1
11 251 2384 1
564 563 585 1
658 656 1868 1
1177 2646 2649 1
559 524 1986 1
467 465 1928 1
1144 1930 1932 1
297 14 2088 1
937 1954 2396 1
1562 786 1989 1
790 811 1913 1
1393 1242 2146 1
1037 1038 1039 1
2337 1477 2668 1
985 1060 1933 1
1689 2695 2730 1
1231 1960 1962 1
1060 1296 1302 1
1959 1961 2597 1
1698 2294 2868 1
1679 1458 1722 1
2052 2053 2054 1
2059 1088 2254 1
336 334 1861 1
275 1876 1877 1
1754 2099 2231 1
1885 1886 1887 1
1331 1332 1663 1
1433 1428 2041 1
1163 1161 1247 1
1951 1357 1954 1
1981 1058 2299 1
1571 1749 1810 1
166 287 1802 1
579 540 1993 1
1013 1118 1929 1
371 369 820 1
1576 1336 1687 1
4 5 2060 1
607 571 2019 1
565 566 569 1
1323 1564 1672 1
1197 1974 2074 1
1389 1054 1977 1
126 127 286 1
1440 1572 2012 1
1799 2202 2239 1
687 2064 2065 1
650 648 1921 1
1965 996 2609 1
1592 1593 1594 1
1570 1391 1571 1
340 339 1907 1
2096 490 2327 1
1417 1584 2383 1
113 114 1884 1
1087 1965 1966 1
1049 516 2010 1
1265 1261 1266 1
1442 1445 1987 1
1526 1778 1779 1
1159 1158 1160 1
542 528 2038 1
565 1796 1891 1
1282 1148 1935 1
1416 2306 2332 1
294 1883 2541 1
1337 1124 2226 1
1517 1712 2040 1
856 1674 2102 1
1831 1837 2539 1
941 985 1934 1
2459 259 2535 1
1424 1427 2053 1
1586 1028 2292 1
429 428 436 1
1824 299 2577 1
1340 949 1342 1
526 492 2220 1
114 115 293 1
586 585 605 1
997 995 998 1
1241 2471 2473 1
687 665 2064 1
1898 1900 1901 1
569 570 577 1
1427 1507 2053 1
112 113 242 1
1928 1547 2576 1
1767 671 2913 1
1202 1990 2495 1
1140 1139 1975 1
928 925 2023 1
1155 1327 1364 1
1193 1195 1995 1
830 829 831 1
851 1458 1679 1
1113 1112 2113 1
1958 1957 1959 1
118 119 292 1
887 1407 2049 1
377 375 428 1
528 511 2038 1
158 231 2492 1
2025 2116 2197 1
1594 2532 2894 1
831 833 1950 1
2695 1137 2730 1
153 154 289 1
168 169 233 1
985 1933 1934 1
1144 1143 1930 1
2223 2200 2842 1
116 117 254 1
257 8 2105 1
859 1197 2074 1
1158 1140 1975 1
1794 2041 2463 1
802 847 1046 1
981 980 1143 1
1571 1391 1749 1
857 859 2074 1
2040 1712 2463 1
1432 1517 2040 1
1254 1016 2371 1
1343 1342 1344 1
477 473 2014 1
2451 1587 2472 1
373 371 1978 1
957 836 2104 1
1791 1776 1973 1
1583 1309 1695 1
2002 897 2003 1
1568 1147 2113 1
683 690 2263 1
451 448 1970 1
111 112 1912 1
328 326 2004 1
6 7 2089 1
1959 1957 1961 1
1634 1254 1893 1
898 534 916 1
1041 1039 1848 1
448 447 2055 1
1163 1247 1833 1
1773 1776 1791 1
1327 1248 1525 1
437 436 442 1
166 167 287 1
1036 1034 1256 1
1198 916 1215 1
1743 2115 2293 1
1405 1440 2012 1
830 831 832 1
123 124 275 1
110 111 294 1
1528 1330 1530 1
848 1105 2133 1
1992 1669 2746 1
1396 973 2249 1
1933 1603 2843 1
1592 1282 1593 1
1260 1258 1262 1
600 1907 1908 1
1874 1875 2804 1
1445 1545 1608 1
2620 1688 2929 1
1621 1608 1622 1
2030 1214 2031 1
443 442 447 1
1584 2051 2144 1
846 844 980 1
251 12 2090 1
258 1967 1969 1
339 336 1861 1
2085 2087 2088 1
120 121 261 1
1963 1960 1964 1
2028 2026 2166 1
1089 328 2004 1
1300 1643 1683 1
2115 1759 2293 1
631 630 640 1
1390 1389 1391 1
799 816 977 1
1378 1768 1789 1
606 605 630 1
1044 1043 1139 1
453 451 487 1
1302 1296 1646 1
627 607 638 1
1475 2167 2264 1
334 332 877 1
981 1143 1144 1
913 808 915 1
1244 1708 2029 1
889 887 2049 1
2015 755 2016 1
828 827 829 1
2243 1483 2586 1
1937 1938 1941 1
1251 1252 2112 1
991 990 1062 1
1997 2001 2180 1
807 766 1892 1
1155 1038 1248 1
481 477 534 1
1247 1831 1832 1
569 635 1796 1
710 638 1971 1
14 15 2088 1
481 534 898 1
1143 1348 1378 1
619 604 1937 1
1252 1013 1929 1
1584 1418 2051 1
1308 1055 1309 1
836 834 2104 1
2001 1447 2180 1
834 1988 2104 1
760 766 807 1
796 1257 1762 1
1251 1013 1252 1
1003 2058 2311 1
8 9 2105 1
561 538 1988 1
1059 1994 2229 1
583 571 607 1
665 663 2064 1
846 980 981 1
641 640 709 1
2633 1443 2720 1
307 1956 2325 1
2140 2141 2365 1
296 2384 2780 1
638 639 768 1
898 916 1198 1
1773 1775 1776 1
1013 970 1118 1
1352 1344 1353 1
1207 1214 2030 1
1452 1541 1713 1
575 854 2209 1
672 658 1868 1
1273 1752 2629 1
947 1051 2020 1
1520 1869 1870 1
1938 620 1939 1
831 829 833 1
1962 1960 1963 1
577 578 584 1
1012 970 1013 1
581 582 2050 1
1157 1140 1158 1
708 619 827 1
2142 299 2644 1
659 658 660 1
315 298 2917 1
768 769 844 1
522 498 1077 1
394 392 2197 1
1040 1039 1041 1
1223 1747 1748 1
1517 1518 1711 1
755 2267 2749 1
2352 2019 2388 1
1378 1379 1768 1
473 471 824 1
600 340 1907 1
230 108 2095 1
2085 236 2086 1
751 755 2015 1
1195 1196 1242 1
847 848 2133 1
1510 2556 2596 1
2112 1252 2583 1
835 834 836 1
741 744 2079 1
979 1117 1537 1
1851 1849 1862 1
1583 1695 1696 1
657 656 658 1
2053 1507 2054 1
1346 1773 2021 1
1148 1567 1935 1
553 549 571 1
845 1058 1981 1
66 67 253 1
601 834 835 1
2379 1242 2567 1
341 340 342 1
2167 1633 2264 1
2276 1586 2292 1
1042 1041 1043 1
1456 683 2263 1
1916 2161 2829 1
2111 1396 2249 1
1297 1300 2042 1
670 2067 2068 1
170 171 288 1
768 844 846 1
2384 1670 2780 1
1116 1147 1148 1
107 230 2122 1
1215 2410 2546 1
651 650 1033 1
2341 2038 2364 1
103 104 2126 1
2084 1400 2159 1
524 518 1986 1
1938 1939 1940 1
1105 1864 2662 1
1442 1444 1445 1
1071 1406 2058 1
1160 1598 1830 1
543 544 549 1
1996 1995 1998 1
2247 2147 2304 1
266 2123 2124 1
540 528 541 1
604 602 620 1
1307 1656 2312 1
1658 1376 2210 1
1302 1733 2569 1
2047 2057 2234 1
844 845 1981 1
1632 1353 1693 1
1341 1866 2627 1
649 648 650 1
1432 1516 1517 1
766 767 802 1
802 803 847 1
835 836 837 1
925 909 2023 1
473 824 2014 1
827 619 1937 1
541 542 543 1
627 638 710 1
857 2074 2170 1
1572 1442 1987 1
3 4 264 1
527 511 528 1
656 653 2011 1
164 227 1754 1
12 13 2090 1
1823 1341 2871 1
16 236 2085 1
1812 1813 1814 1
1202 2352 2388 1
1596 2696 2847 1
434 2084 2159 1
2047 2044 2057 1
1816 1817 1818 1
2064 663 2109 1
661 660 671 1
2070 1574 2071 1
1628 1630 1982 1
538 559 1988 1
1574 2072 2414 1
1618 2102 2103 1
461 459 468 1
1291 1041 1848 1
352 350 353 1
428 375 2018 1
1970 448 2055 1
1810 933 2531 1
5 6 295 1
330 328 1089 1
2759 2287 2849 1
1117 1325 1551 1
2361 1023 2437 1
348 346 349 1
1482 1639 2238 1
1878 1877 1879 1
1076 1788 2769 1
1614 923 2129 1
583 607 627 1
1895 1897 1899 1
763 775 2073 1
1193 1194 1195 1
354 353 851 1
1708 1709 1757 1
1722 1458 1723 1
1272 1273 1274 1
1708 1707 1709 1
788 792 1989 1
1972 1562 2388 1
1210 2512 2774 1
1338 1054 1389 1
1781 1780 1782 1
845 964 1058 1
510 509 511 1
513 2152 2220 1
1552 2030 2034 1
2090 2337 2668 1
979 1070 1117 1
1207 1122 1214 1
571 1972 2019 1
2130 2154 2155 1
1195 1242 1393 1
856 2102 2183 1
837 836 838 1
1461 2353 2367 1
1517 1516 1518 1
1121 1122 1207 1
2025 1366 2116 1
1148 1147 1567 1
754 757 2267 1
616 579 1211 1
194 195 291 1
1984 752 1985 1
1683 1643 1806 1
518 1049 1986 1
1249 1193 1995 1
760 761 766 1
1390 1391 1570 1
553 571 583 1
786 788 1989 1
647 645 648 1
152 153 1856 1
828 829 830 1
757 758 760 1
562 601 602 1
1445 1444 1545 1
1048 1109 1231 1
1445 1608 1621 1
1500 1574 2070 1
457 455 864 1
711 674 2068 1
1244 1707 1708 1
958 1323 2345 1
375 373 2018 1
1083 1244 2029 1
39 40 2239 1
516 496 2010 1
24 25 267 1
1116 1113 1147 1
1430 1432 2040 1
601 561 834 1
1308 1309 1583 1
2076 740 2077 1
565 537 566 1
969 800 970 1
549 572 1972 1
751 754 755 1
255 1936 2654 1
1423 1424 2053 1
1552 1207 2030 1
1203 2341 2364 1
1121 1120 1122 1
1591 1282 1592 1
1161 1160 1830 1
663 661 2109 1
543 549 553 1
1255 1563 1730 1
503 504 505 1
392 878 2197 1
1366 907 2116 1
518 516 1049 1
507 508 509 1
848 1009 1105 1
974 930 975 1
18 19 300 1
1191 1192 1193 1
1758 468 2838 1
1427 1428 1433 1
572 786 1562 1
988 882 2062 1
582 596 2050 1
1267 1266 1268 1
106 2122 2123 1
1827 1459 1838 1
740 741 2079 1
615 637 2153 1
804 806 2140 1
482 481 2327 1
107 108 230 1
708 827 828 1
164 165 227 1
975 1120 1121 1
1281 1148 1282 1
891 966 2069 1
21 22 232 1
923 922 2129 1
1210 947 2020 1
843 782 1287 1
1440 1441 1442 1
638 607 639 1
929 930 974 1
655 653 656 1
2099 1751 2231 1
262 1791 2688 1
422 2247 2304 1
854 2132 2209 1
500 502 503 1
749 751 2015 1
511 1991 2038 1
506 505 507 1
1118 1944 1945 1
1143 980 1348 1
266 105 2123 1
234 198 2142 1
507 510 2057 1
1999 1393 2146 1
744 743 745 1
13 14 297 1
1757 1709 2657 1
267 25 2138 1
788 790 792 1
737 740 2076 1
754 756 757 1
947 893 1051 1
465 463 1547 1
478 477 481 1
474 473 477 1
1898 1896 1900 1
781 780 782 1
538 524 559 1
9 10 296 1
1507 1433 1793 1
5 295 2060 1
916 534 1372 1
1718 1402 1980 1
472 471 473 1
471 467 1928 1
1888 1886 1889 1
2142 2644 2741 1
970 800 1944 1
2001 409 2002 1
1367 1198 1368 1
871 615 2153 1
781 782 843 1
1415 1254 1634 1
1428 1430 2041 1
27 28 229 1
543 553 2171 1
1189 1190 1191 1
13 297 2090 1
108 109 2095 1
1406 1610 1697 1
949 363 1872 1
2051 1423 2052 1
1908 1907 1909 1
1149 1028 1586 1
972 1112 1113 1
15 16 2085 1
541 528 542 1
1539 1925 2602 1
2043 506 2044 1
811 978 979 1
116 254 1926 1
2046 2044 2047 1
1793 1433 1794 1
941 984 985 1
839 838 840 1
1424 1426 1427 1
16 17 236 1
1083 2029 2263 1
929 928 930 1
1249 1995 1996 1
562 561 601 1
745 747 752 1
2084 2260 2268 1
972 971 1112 1
509 523 1991 1
571 549 1972 1
927 928 929 1
1903 1901 1904 1
1382 1788 2075 1
1083 1154 1244 1
7 8 257 1
337 336 338 1
1244 1606 1707 1
536 563 564 1
15 2085 2088 1
768 639 769 1
499 494 500 1
2042 1683 2681 1
1044 1139 1140 1
2585 1845 2841 1
1012 1013 1251 1
837 838 839 1
1338 1389 1390 1
2260 999 2268 1
358 356 359 1
326 324 1289 1
1440 1442 1572 1
256 152 1856 1
1913 1537 1914 1
779 780 781 1
909 1366 2023 1
779 778 780 1
344 1857 2905 1
841 839 971 1
741 743 744 1
2023 1366 2024 1
1776 1775 1777 1
1369 1207 1552 1
1500 1499 1574 1
507 509 510 1
2189 1409 2242 1
2031 2032 2033 1
909 907 1366 1
927 925 928 1
497 521 1403 1
1877 1876 2587 1
737 739 740 1
539 538 561 1
2130 955 2154 1
2024 2026 2027 1
1535 1368 1741 1
1638 1404 1824 1
11 12 251 1
893 889 2049 1
1590 1500 2070 1
1308 1583 2097 1
2305 1631 2319 1
811 979 1913 1
740 739 741 1
1378 1348 1379 1
1080 923 1614 1
2663 283 2710 1
1621 1622 1740 1
198 199 2142 1
1346 1772 1773 1
2027 2026 2028 1
840 2063 2385 1
1418 1420 2051 1
1191 1193 1249 1
844 769 845 1
1870 1869 2425 1
2077 740 2079 1
1427 1426 1428 1
1420 1422 1423 1
2353 873 2367 1
777 776 778 1
1063 1016 1254 1
527 528 540 1
1567 1568 1682 1
1329 1144 1330 1
777 778 779 1
1195 1194 1196 1
543 542 544 1
192 228 2091 1
1375 1658 1890 1
1386 1387 1404 1
1404 1405 2012 1
584 587 588 1
589 551 1045 1
1463 1251 2112 1
841 971 972 1
553 1449 2171 1
823 706 922 1
1517 1711 1712 1
510 511 527 1
503 506 2043 1
503 505 506 1
343 342 344 1
796 765 797 1
511 509 1991 1
1745 2284 2818 1
1309 1055 2420 1
1167 1165 1388 1
493 445 494 1
525 524 538 1
867 995 997 1
1187 1188 1189 1
1498 1151 1499 1
1423 1422 1424 1
610 856 2183 1
919 1082 1083 1
1520 1521 1869 1
1405 1439 1440 1
747 748 749 1
1071 1399 1406 1
1115 1113 1116 1
549 544 572 1
1003 1071 2058 1
749 750 751 1
751 753 754 1
762 763 2073 1
1420 1423 2051 1
806 1099 2140 1
377 428 429 1
913 915 2420 1
104 105 266 1
994 866 996 1
969 970 1012 1
975 1119 1120 1
1460 1459 1827 1
2106 296 2780 1
1104 1088 1459 1
268 2176 2177 1
1768 1379 1769 1
855 1392 1604 1
1518 1519 1520 1
1498 1499 1500 1
976 974 1088 1
507 505 508 1
9 296 2105 1
1151 988 2062 1
2080 2028 2081 1
1708 1757 2321 1
496 486 2010 1
1112 1114 1375 1
547 548 2127 1
266 2124 2125 1
500 494 502 1
966 1129 2069 1
1391 1389 1976 1
1676 1587 2451 1
2058 2291 2311 1
1773 1791 2021 1
736 737 2076 1
924 909 925 1
1738 2440 2721 1
403 2155 2349 1
1442 1441 1444 1
1059 1355 1994 1
1184 1103 1185 1
1499 2062 2072 1
1716 1402 1718 1
2052 1423 2053 1
668 665 687 1
990 1123 2278 1
470 467 471 1
1897 1898 2437 1
2144 2052 2483 1
775 776 777 1
1417 1418 1584 1
625 857 2170 1
1430 2040 2041 1
745 746 747 1
1228 1321 1725 1
2574 438 2685 1
926 925 927 1
1824 1404 2012 1
763 774 775 1
1129 1131 1502 1
1191 1249 2180 1
1930 1931 1932 1
362 360 363 1
517 516 518 1
1230 1153 2163 1
1584 2251 2383 1
1307 1655 1656 1
977 1934 2843 1
2027 2028 2080 1
908 907 909 1
1193 1192 1194 1
1587 1586 2472 1
1401 1097 1402 1
484 482 490 1
1652 2562 2571 1
1383 1382 2075 1
775 774 776 1
444 441 445 1
519 518 524 1
824 471 1928 1
1184 1540 2154 1
1427 1433 1507 1
858 677 2145 1
1187 1189 1447 1
1730 1563 1956 1
1185 1186 1187 1
1765 1414 1766 1
1211 579 1993 1
2140 1533 2141 1
1050 2189 2242 1
30 31 268 1
875 723 2156 1
515 496 516 1
620 602 1942 1
1384 1330 1528 1
1191 1190 1192 1
891 2069 2316 1
1524 858 2145 1
506 507 2057 1
1087 994 1965 1
531 499 2100 1
901 955 2130 1
1129 1502 2069 1
197 198 234 1
1375 1376 1658 1
364 363 365 1
686 697 2121 1
548 556 2127 1
1246 1357 1952 1
993 1184 2154 1
1376 1385 1386 1
1099 1279 1533 1
1033 1481 2011 1
808 710 2181 1
7 257 2089 1
1098 1531 2672 1
509 508 523 1
993 1102 1103 1
1184 1185 1451 1
1385 1114 2174 1
88 89 272 1
556 855 2127 1
1447 1189 2180 1
268 2177 2179 1
247 156 2744 1
1440 1439 1441 1
1209 1183 1544 1
853 843 1183 1
500 503 2043 1
119 120 1905 1
852 1381 1382 1
503 502 504 1
1386 1404 1638 1
1977 805 2346 1
982 947 1210 1
199 200 299 1
1400 942 2159 1
943 893 947 1
993 1103 1184 1
955 992 993 1
1397 1396 1398 1
268 31 2176 1
722 875 1374 1
1551 1325 2157 1
1499 1151 2062 1
2024 2025 2026 1
994 996 1965 1
741 742 743 1
720 721 762 1
556 567 855 1
762 721 763 1
1644 2138 2632 1
883 989 2149 1
985 986 1060 1
90 91 2200 1
502 494 2172 1
1246 1021 1357 1
861 762 2073 1
839 840 2174 1
1382 1618 1788 1
1729 1230 2163 1
539 561 562 1
1117 1070 1325 1
427 425 2137 1
1929 1118 2566 1
856 1554 1674 1
1513 1400 2084 1
192 193 228 1
698 719 720 1
1171 1169 1450 1
2174 840 2205 1
1502 1131 1650 1
445 441 2061 1
674 670 2068 1
733 735 736 1
2177 2176 2178 1
551 531 2259 1
2119 1241 2120 1
852 1382 1383 1
837 839 841 1
838 957 2063 1
729 732 2148 1
1051 893 2049 1
2089 257 2432 1
596 598 852 1
575 581 854 1
1189 1188 1190 1
736 735 737 1
2023 2024 2108 1
2507 1447 2902 1
2031 1214 2032 1
1697 1610 1821 1
115 116 1926 1
838 836 957 1
720 719 721 1
441 446 2061 1
1249 1997 2180 1
1269 1268 1270 1
686 696 697 1
1812 818 1813 1
1099 1533 2140 1
989 1236 2149 1
860 762 861 1
1112 1375 2113 1
2044 506 2057 1
1518 1520 2258 1
1432 1515 1516 1
1132 1135 2118 1
1149 1586 1587 1
737 738 739 1
82 83 274 1
1404 1387 1405 1
1529 1528 1560 1
345 344 346 1
440 439 441 1
1374 875 1684 1
840 838 2063 1
445 2061 2172 1
968 881 2162 1
1219 973 1396 1
1303 1064 1607 1
1967 1966 2533 1
1478 1101 2227 1
1574 1499 2072 1
368 366 369 1
1971 846 2358 1
729 731 732 1
1501 1500 1590 1
93 94 303 1
1386 1385 1387 1
105 106 2123 1
525 538 539 1
610 621 856 1
1056 502 2172 1
736 2076 2078 1
979 978 1070 1
950 861 1021 1
732 731 733 1
687 2066 2067 1
906 904 907 1
1266 1261 2404 1
1180 1241 2119 1
685 686 2121 1
508 505 2214 1
1197 1153 1222 1
704 674 711 1
1430 1431 1432 1
1121 1207 1369 1
120 261 1905 1
106 107 2122 1
715 710 808 1
907 904 2116 1
899 2130 2230 1
1407 885 2240 1
1598 1765 2636 1
1853 1451 2665 1
857 677 858 1
1321 1468 1496 1
852 598 1381 1
435 438 439 1
1037 1039 1040 1
1093 1021 1246 1
1112 971 1114 1
1033 1035 1481 1
425 849 2137 1
474 477 478 1
904 398 2116 1
40 238 2239 1
857 858 859 1
625 677 857 1
1185 1103 1186 1
472 473 474 1
1116 1148 1281 1
1976 1389 1977 1
856 621 1554 1
1674 1554 1974 1
1187 1186 1188 1
1656 1655 1825 1
564 585 586 1
1561 1560 2101 1
1083 1082 1154 1
728 729 2148 1
1428 1429 1430 1
962 1178 2147 1
946 944 2190 1
892 889 893 1
1375 1114 1376 1
2062 882 2204 1
431 432 433 1
697 696 698 1
104 266 2126 1
1943 841 2403 1
398 394 2197 1
1244 1154 1606 1
1604 1392 1605 1
519 524 525 1
901 954 955 1
441 439 446 1
1382 1381 1618 1
1222 1230 1476 1
855 567 1392 1
637 722 2153 1
603 602 604 1
859 858 1152 1
1949 1211 1993 1
723 725 2156 1
493 494 499 1
763 773 774 1
2032 1214 2218 1
993 992 1102 1
842 2229 2255 1
2154 1540 2155 1
199 299 2142 1
2222 2305 2319 1
1114 971 2174 1
859 1152 1153 1
43 44 270 1
894 962 2147 1
1236 1238 1417 1
823 922 923 1
239 2224 2225 1
899 901 2130 1
370 369 371 1
1142 968 2162 1
1938 1940 2320 1
37 38 269 1
1530 1932 2458 1
1922 1923 1924 1
1406 1399 1610 1
470 471 472 1
85 86 246 1
809 808 913 1
98 99 301 1
91 92 243 1
1300 1301 1643 1
1122 1120 1253 1
714 712 795 1
1540 1451 1853 1
1118 970 1944 1
929 974 976 1
49 50 273 1
2074 1554 2170 1
1424 1425 1426 1
2051 2052 2144 1
434 433 435 1
478 481 482 1
720 860 2135 1
2069 1502 2143 1
2178 2176 2192 1
678 680 681 1
1997 1996 2000 1
1663 1332 1664 1
335 334 336 1
444 445 493 1
190 191 290 1
1236 1417 2149 1
1153 1152 2163 1
2024 2027 2108 1
979 1537 1913 1
1038 1036 2213 1
1652 1513 1653 1
1369 1552 1724 1
1105 1009 1106 1
48 1825 2809 1
1180 1240 1241 1
681 682 685 1
1201 1142 1471 1
2084 434 2260 1
1246 1953 2131 1
1228 1229 1321 1
44 45 2228 1
35 36 302 1
1554 621 2170 1
1397 1398 2187 1
697 698 2135 1
975 930 1119 1
1331 1096 1332 1
231 2199 2492 1
725 727 728 1
887 885 1407 1
1175 1173 1457 1
1152 1524 1726 1
685 682 686 1
780 778 821 1
690 919 2263 1
955 954 992 1
720 762 860 1
1458 353 2039 1
859 1153 1197 1
1178 1180 2119 1
2121 697 2296 1
802 767 803 1
908 909 924 1
1186 1103 2188 1
1312 2271 2285 1
568 575 2209 1
1401 1402 1716 1
338 340 341 1
2033 2032 2035 1
517 518 519 1
1222 1153 1230 1
898 1198 1367 1
1226 1227 1228 1
1497 1151 1498 1
1402 1097 2338 1
974 975 2254 1
860 861 950 1
1178 2119 2147 1
2024 1366 2025 1
435 439 440 1
1281 1282 1591 1
1381 598 2183 1
924 925 926 1
596 852 2050 1
322 320 323 1
698 720 2135 1
96 97 239 1
849 1575 2137 1
625 626 677 1
1476 1230 1691 1
1417 1238 1418 1
1480 879 2182 1
1512 1400 1513 1
2127 855 2332 1
1259 1261 1265 1
757 756 758 1
687 2065 2066 1
760 758 761 1
766 761 767 1
515 516 517 1
2092 228 2093 1
38 39 2202 1
677 678 2145 1
1375 1890 2113 1
777 779 937 1
725 728 2156 1
935 879 1480 1
745 743 746 1
1042 1043 1044 1
1104 1459 1460 1
1460 1827 1828 1
976 1088 1104 1
2102 1381 2183 1
618 604 619 1
1093 1246 2131 1
431 433 434 1
440 441 444 1
1939 1942 1943 1
1060 1061 1296 1
1246 1952 1953 1
273 2759 2849 1
847 803 848 1
1471 1142 2162 1
435 433 438 1
707 619 708 1
1312 2270 2271 1
906 907 908 1
698 718 719 1
1567 1147 1568 1
678 681 2145 1
781 843 853 1
1000 508 2214 1
622 624 625 1
1656 2287 2312 1
1135 1136 1137 1
431 427 432 1
1575 2136 2137 1
722 723 875 1
1945 1944 1946 1
955 993 2154 1
46 47 241 1
1533 1279 1534 1
950 1021 1093 1
1653 1513 2268 1
430 427 431 1
432 427 2137 1
926 927 973 1
1773 1772 1775 1
40 41 238 1
1351 1186 2188 1
25 26 2138 1
972 1113 1115 1
541 543 2171 1
1084 1475 2264 1
956 810 2226 1
1754 227 1755 1
1059 1354 1355 1
569 566 570 1
686 695 696 1
504 1056 1394 1
31 32 2176 1
2801 1704 2837 1
681 680 682 1
652 654 2350 1
1367 1368 1535 1
722 1374 2153 1
733 734 735 1
1020 1808 2373 1
1138 1225 1226 1
1398 2281 2412 1
494 445 2172 1
1496 1468 1804 1
1152 858 1524 1
151 152 256 1
2058 1406 2476 1
2229 1559 2255 1
1376 1386 2210 1
423 424 425 1
1129 1130 1131 1
1297 1299 1300 1
426 425 427 1
610 611 621 1
1092 942 1400 1
1816 1814 1817 1
1747 1746 1797 1
647 648 649 1
677 626 678 1
55 56 276 1
101 102 237 1
1063 1254 1415 1
1380 1032 2285 1
651 1033 2011 1
1420 1421 1422 1
52 53 244 1
2100 2045 2259 1
853 1183 1209 1
1219 1396 1397 1
1676 2451 2624 1
33 34 235 1
1196 1233 1234 1
1558 1363 2333 1
596 597 598 1
981 1144 1329 1
672 1868 2186 1
1611 1434 1612 1
593 871 2160 1
1152 1726 2163 1
1040 1041 1042 1
1132 1134 1135 1
1189 1191 2180 1
2609 996 2728 1
599 609 610 1
1498 1500 1501 1
728 727 729 1
1184 1451 1540 1
550 540 579 1
2187 1398 2412 1
967 1057 1059 1
870 934 2193 1
1607 1064 2322 1
902 900 2194 1
914 913 1055 1
1086 1055 1308 1
1555 2152 2306 1
966 1128 1129 1
637 689 722 1
122 123 2161 1
1000 2214 2215 1
741 739 742 1
622 625 2170 1
822 990 991 1
423 425 426 1
1150 988 1151 1
37 269 2237 1
130 131 2107 1
429 436 437 1
79 80 250 1
845 963 964 1
747 746 748 1
97 98 2224 1
1518 1516 1519 1
852 1383 2050 1
1415 1634 1635 1
749 748 750 1
1321 1229 1468 1
849 952 1575 1
1292 1093 2131 1
1325 1585 2157 1
2176 32 2192 1
625 624 626 1
943 947 982 1
751 750 753 1
754 753 756 1
239 97 2224 1
2036 2032 2218 1
433 432 2114 1
1691 1230 1729 1
1376 1114 1385 1
588 612 613 1
1405 1438 1439 1
1303 1607 1668 1
1095 1019 1434 1
1990 1989 2519 1
1122 1253 2218 1
710 1971 2181 1
269 2202 2203 1
586 605 606 1
275 1877 1878 1
1018 1232 2195 1
892 893 943 1
668 687 2067 1
2221 475 2277 1
419 420 421 1
996 1950 2728 1
103 2126 2499 1
1102 1408 1489 1
580 579 616 1
289 1801 2117 1
1356 946 2190 1
572 785 786 1
1869 1521 2232 1
423 421 424 1
575 576 581 1
1974 1554 2074 1
593 615 871 1
582 595 596 1
2139 1595 2391 1
1501 1590 1705 1
1653 2268 2445 1
934 1066 2193 1
2045 2044 2046 1
1808 1635 2833 1
774 773 874 1
1520 1519 1521 1
1102 1489 2188 1
1280 1093 1292 1
763 721 773 1
649 650 651 1
1121 1369 2254 1
424 421 2185 1
422 421 423 1
57 58 307 1
971 839 2174 1
1489 1698 1983 1
1019 902 2194 1
1234 1349 1566 1
530 547 2152 1
1240 1549 1624 1
631 640 641 1
964 1047 1048 1
1066 1727 1728 1
348 349 350 1
973 927 2249 1
786 787 788 1
1512 1513 1652 1
591 593 2160 1
425 424 849 1
590 632 2282 1
269 38 2202 1
942 430 2159 1
2116 398 2197 1
36 37 2237 1
1749 1391 1976 1
1180 1239 1240 1
2202 39 2239 1
1628 1629 1630 1
788 789 790 1
655 656 657 1
568 574 575 1
1024 1025 2298 1
1474 1627 1628 1
1178 1179 1180 1
542 2038 2341 1
413 412 2164 1
515 517 2169 1
790 791 811 1
621 611 622 1
1048 1074 1109 1
1418 1419 1420 1
419 421 422 1
499 500 2100 1
1109 1110 1255 1
372 371 373 1
1157 1158 1159 1
1409 953 2242 1
64 65 309 1
21 232 2415 1
1475 1651 2167 1
1825 48 2740 1
1228 1227 1229 1
678 679 680 1
1092 1400 1512 1
737 735 738 1
617 616 699 1
556 557 567 1
1004 1002 2307 1
2613 247 2744 1
1424 1422 1425 1
1159 1160 1161 1
698 696 718 1
1969 1967 2533 1
204 205 305 1
599 610 2183 1
899 900 901 1
1339 1341 1823 1
157 158 2492 1
1020 1737 1808 1
610 609 611 1
530 546 547 1
967 1059 2229 1
1293 1251 1463 1
2147 2119 2304 1
729 730 731 1
1101 1470 2227 1
1739 1463 1744 1
985 984 986 1
929 976 2249 1
2136 432 2137 1
1428 1426 1429 1
1618 1381 2102 1
1493 1363 1558 1
1095 1434 1611 1
2008 2446 2738 1
548 555 556 1
961 1478 2184 1
392 390 878 1
418 417 419 1
1470 1645 1927 1
415 417 418 1
426 427 430 1
1103 1102 2188 1
2114 432 2136 1
621 622 2170 1
577 570 578 1
415 416 417 1
722 689 723 1
2073 775 2396 1
421 420 2185 1
1255 1315 1563 1
2471 1611 2473 1
639 2019 2352 1
2104 1988 2503 1
733 731 734 1
419 417 420 1
45 46 2329 1
1955 252 2931 1
1650 1131 2118 1
901 902 954 1
1631 1587 1676 1
1226 1225 1227 1
598 597 599 1
591 2160 2330 1
937 779 2248 1
1022 917 1413 1
157 2492 2744 1
374 373 375 1
686 682 695 1
1655 1322 2309 1
1137 1136 1138 1
513 530 2152 1
2045 2048 2259 1
606 630 631 1
2672 1531 2683 1
91 243 2200 1
504 1394 2214 1
2203 1799 2460 1
376 375 377 1
2583 1252 2588 1
2135 2196 2296 1
352 353 354 1
1475 1647 1651 1
778 776 2128 1
383 381 869 1
1215 916 2498 1
1361 1359 2158 1
719 718 842 1
1939 620 1942 1
1606 1633 1783 1
1263 1054 1338 1
1280 1292 1641 1
700 699 800 1
1145 1031 2222 1
430 431 2159 1
950 1093 1280 1
1956 1563 2325 1
553 583 1449 1
919 920 1082 1
781 853 2248 1
962 1177 1178 1
1135 1134 1136 1
411 412 413 1
2135 860 2196 1
1434 1019 2194 1
961 1101 1478 1
562 602 603 1
59 60 245 1
1318 1317 1319 1
596 595 597 1
912 961 2184 1
209 210 306 1
704 711 712 1
627 710 715 1
501 499 531 1
2691 1659 2708 1
437 442 443 1
1188 1186 1351 1
1545 1444 2139 1
1131 1132 2118 1
411 413 414 1
1432 1431 1515 1
2196 1642 2296 1
1555 1397 2187 1
1066 1728 2193 1
2270 2269 2727 1
801 800 969 1
1249 1996 1997 1
358 359 360 1
2250 1704 2801 1
479 475 2221 1
1369 2059 2254 1
416 413 2164 1
830 832 933 1
1355 1354 1798 1
2029 1708 2321 1
1084 1377 1475 1
531 2100 2259 1
1059 1057 1354 1
1131 1130 1132 1
1430 1429 1431 1
32 33 2192 1
415 413 416 1
2214 1394 2215 1
395 396 397 1
414 413 415 1
1511 1308 2097 1
532 531 551 1
598 599 2183 1
849 917 952 1
1018 1094 1232 1
1261 1260 2417 1
443 447 448 1
552 551 589 1
1102 992 1408 1
590 589 632 1
1821 51 2777 1
1329 1330 1384 1
438 433 2114 1
903 398 904 1
1325 1326 1585 1
917 424 2185 1
1129 1128 1130 1
725 726 727 1
791 789 2322 1
504 502 1056 1
1150 1151 1497 1
905 904 906 1
1412 1411 1495 1
476 480 911 1
1221 953 1409 1
1029 1028 1149 1
411 408 412 1
2616 1024 2890 1
622 623 624 1
1403 521 2408 1
505 504 2214 1
2057 510 2234 1
1410 1209 1411 1
811 812 978 1
2158 1359 2315 1
657 658 659 1
333 332 334 1
1214 1122 2218 1
952 1022 1098 1
1636 1409 1637 1
1624 1549 1671 1
1593 1936 2532 1
402 401 2182 1
1405 1387 1438 1
485 484 486 1
452 451 453 1
2267 757 2708 1
1316 1201 1317 1
266 2125 2126 1
952 917 1022 1
1444 1441 1595 1
362 363 364 1
495 486 496 1
934 879 935 1
581 576 582 1
514 496 515 1
1358 1145 2222 1
1065 935 1076 1
894 430 942 1
98 301 2224 1
387 385 389 1
1495 1411 2334 1
489 492 526 1
270 44 2228 1
407 410 899 1
395 397 399 1
483 482 484 1
678 626 679 1
1098 1250 1531 1
1180 1179 1239 1
62 63 280 1
2775 1222 2819 1
1605 1392 2132 1
1273 1270 2865 1
1098 1022 1250 1
1053 938 1054 1
1178 1177 1179 1
1192 1190 1208 1
1240 1239 1549 1
1196 1194 1233 1
849 424 917 1
33 235 2192 1
1637 1409 2189 1
575 574 576 1
1801 247 2612 1
690 693 919 1
391 393 897 1
2152 1555 2220 1
976 2111 2249 1
1218 973 1219 1
1305 1181 1787 1
853 1410 2248 1
628 683 1456 1
393 394 395 1
2043 2044 2045 1
1236 1237 1238 1
817 479 2221 1
396 394 398 1
1531 1250 1735 1
431 434 2159 1
719 842 2255 1
901 900 902 1
454 453 455 1
1534 1596 1692 1
1280 1641 1642 1
1265 1266 1267 1
1094 1019 1095 1
1075 923 1080 1
1635 1634 2783 1
1380 2283 2436 1
1213 1578 1654 1
989 1235 1236 1
1032 1146 2285 1
723 724 725 1
1922 1921 1923 1
1146 1311 1312 1
899 410 900 1
1027 932 1028 1
1416 1397 1555 1
701 1998 2861 1
368 369 370 1
1003 1004 1071 1
76 77 281 1
2657 1709 2704 1
962 942 1092 1
1358 2222 2223 1
1071 1072 1399 1
814 1002 1003 1
46 241 2329 1
1452 1262 1541 1
783 784 2338 1
1612 1434 2339 1
456 455 457 1
537 522 2013 1
458 457 459 1
1212 1097 1401 1
1555 2187 2220 1
954 902 1018 1
1489 1408 1698 1
599 608 609 1
144 145 2134 1
614 592 2236 1
426 430 894 1
1209 1544 2216 1
1066 1243 1727 1
912 2184 2335 1
934 1065 1066 1
2035 2036 2037 1
870 405 879 1
404 405 406 1
680 679 850 1
1323 1347 1564 1
1588 1482 2238 1
1018 902 1019 1
567 557 568 1
1413 917 2185 1
1386 1638 2210 1
1519 1516 2308 1
434 435 2260 1
1418 1238 1419 1
469 467 470 1
404 406 407 1
466 465 467 1
527 540 550 1
341 342 343 1
460 459 461 1
464 463 465 1
1200 1142 1201 1
1350 1080 1477 1
529 512 533 1
422 423 2247 1
556 555 557 1
462 461 463 1
1271 1270 1272 1
1525 1248 1539 1
1268 1436 2865 1
1384 1528 1529 1
302 36 2237 1
400 402 403 1
819 706 823 1
404 402 405 1
440 444 999 1
682 680 2191 1
1774 1861 2916 1
1461 1462 1514 1
1307 1322 1655 1
755 754 2267 1
1030 1032 1380 1
705 692 706 1
927 929 2249 1
488 479 817 1
1239 1179 1553 1
773 721 2255 1
1439 1438 1443 1
347 346 348 1
1141 968 1142 1
708 828 862 1
860 950 2196 1
1470 1927 2227 1
997 998 1068 1
410 408 411 1
2538 2539 2686 1
2281 1829 2412 1
2043 2045 2100 1
393 395 2286 1
523 508 1000 1
731 730 2251 1
659 660 661 1
992 954 2195 1
1181 1004 2307 1
696 695 2279 1
714 795 2391 1
894 942 962 1
2646 1684 2649 1
950 1280 2196 1
405 402 2182 1
975 1121 2254 1
919 1083 2263 1
1310 1145 1358 1
396 398 903 1
1025 1213 2298 1
1950 833 2840 1
629 535 1067 1
1360 1362 1616 1
729 727 730 1
622 611 623 1
407 406 408 1
626 624 2245 1
395 399 2286 1
400 401 402 1
908 924 1050 1
288 1781 2807 1
721 719 2255 1
145 146 263 1
1094 1095 1290 1
202 203 249 1
934 935 1065 1
779 781 2248 1
547 546 548 1
572 544 785 1
1025 896 1097 1
613 633 634 1
1834 1832 1955 1
592 590 2282 1
61 1961 2606 1
636 614 793 1
880 594 1448 1
715 808 809 1
1066 1065 1243 1
1018 1019 1094 1
1221 1409 1636 1
1335 2017 2825 1
1648 1313 1822 1
1138 1224 1225 1
1804 1468 2207 1
1520 1870 2258 1
500 2043 2100 1
903 904 905 1
931 1026 1461 1
1420 1419 1421 1
450 448 451 1
680 850 2191 1
339 1861 2762 1
962 1092 1177 1
1182 1306 1307 1
691 684 692 1
1081 982 1216 1
1453 1356 1761 1
637 688 689 1
400 397 401 1
1557 1446 1689 1
2152 547 2306 1
406 405 870 1
176 177 271 1
1494 1615 1677 1
1623 2086 2808 1
312 1979 2600 1
870 879 934 1
821 778 2128 1
1303 1668 2201 1
905 906 953 1
895 1581 2340 1
793 614 2236 1
1001 813 1064 1
1234 1233 1349 1
1781 1782 2465 1
1925 1922 2509 1
954 1018 2195 1
1411 1209 2216 1
1412 1495 1509 1
395 394 396 1
148 149 262 1
886 885 887 1
1513 2084 2268 1
1220 1221 1599 1
1099 1278 1279 1
905 953 1220 1
723 689 724 1
584 578 587 1
865 608 1446 1
403 402 404 1
624 623 868 1
599 597 608 1
894 2147 2247 1
771 1807 2881 1
845 769 963 1
628 1456 2354 1
1348 1981 2299 1
1606 1154 1633 1
1388 1835 1836 1
853 1209 1410 1
1132 1133 1134 1
1468 1229 1469 1
1636 1637 1911 1
890 889 892 1
1111 1064 1303 1
582 594 595 1
1564 1565 2168 1
234 2741 2793 1
190 290 2175 1
888 887 889 1
1410 1411 1412 1
615 636 637 1
2576 1547 2593 1
2235 2225 2639 1
1949 1449 2453 1
1370 1100 1371 1
493 499 501 1
1941 1938 2320 1
842 881 967 1
1463 2112 2480 1
695 682 2191 1
884 554 885 1
716 825 1680 1
726 724 882 1
1503 1133 1538 1
519 525 560 1
1408 992 2195 1
2241 414 2339 1
1395 1224 1714 1
1439 1443 2198 1
207 208 255 1
1651 1647 1704 1
883 882 988 1
850 1435 1597 1
593 614 615 1
850 679 1435 1
364 365 366 1
393 392 394 1
788 787 789 1
1597 1435 1657 1
967 968 1057 1
1264 1669 1992 1
926 973 1218 1
1723 1458 2039 1
399 397 400 1
1566 1349 1659 1
1392 567 2209 1
550 579 580 1
423 426 2247 1
567 568 2209 1
611 609 2219 1
786 785 787 1
868 623 1491 1
1661 1217 1745 1
1322 1360 2309 1
790 789 791 1
411 414 2241 1
1280 1642 2196 1
1028 932 2292 1
1412 1509 1951 1
1529 1560 1561 1
813 791 2322 1
1190 1188 2211 1
1426 1425 2150 1
1127 965 1204 1
391 392 393 1
2045 2046 2048 1
211 212 258 1
725 724 726 1
976 1104 2111 1
1318 1319 1548 1
903 905 2244 1
1369 1724 2059 1
1220 953 1221 1
966 1127 1128 1
1200 1316 1573 1
1188 1351 2211 1
1323 1672 2345 1
1219 1397 1416 1
1387 1385 2205 1
1316 1317 1318 1
1481 1035 2390 1
1328 1204 1613 1
895 1006 1581 1
310 317 318 1
624 868 2245 1
874 773 1559 1
609 608 865 1
806 1052 1099 1
989 988 1150 1
1217 1216 2284 1
591 592 593 1
879 405 2182 1
1646 1296 2042 1
1138 1136 1224 1
275 1878 2161 1
1483 1609 2586 1
1082 920 1084 1
2117 1602 2569 1
1385 2174 2205 1
689 688 2204 1
1338 1390 1763 1
370 371 372 1
1342 949 1872 1
654 716 2350 1
1475 1377 1647 1
173 174 226 1
1444 1595 2139 1
568 573 574 1
891 965 966 1
582 576 594 1
1383 1911 2656 1
2194 900 2241 1
407 408 410 1
1328 1620 1764 1
1236 1235 1237 1
679 626 2245 1
1460 1828 1829 1
403 404 2230 1
1208 2211 2212 1
1141 1142 1200 1
842 718 881 1
865 1446 1557 1
734 731 2251 1
958 1107 1323 1
726 882 883 1
1030 1380 2336 1
964 963 1047 1
1651 1704 2250 1
880 1448 1569 1
1132 1130 1133 1
1625 1245 1842 1
1011 946 1356 1
1339 1823 2165 1
1798 1354 1799 1
783 714 784 1
472 474 1079 1
1441 1439 2198 1
374 375 376 1
1296 1297 2042 1
2225 1497 2413 1
1659 2267 2708 1
1200 1201 1316 1
842 967 2229 1
713 712 714 1
1450 1919 1920 1
1237 1235 1742 1
1769 1379 1770 1
1176 1285 1543 1
1750 248 1751 1
2132 1392 2209 1
597 595 2233 1
1060 986 1061 1
548 554 555 1
1296 1061 1297 1
595 594 880 1
883 2149 2272 1
408 406 2280 1
1149 1587 1631 1
1401 1716 1717 1
407 899 2230 1
2696 2129 2847 1
634 764 765 1
809 913 914 1
1225 1224 1395 1
919 693 920 1
1610 1399 2287 1
1237 1742 1743 1
530 545 546 1
884 886 1454 1
2035 2032 2036 1
1612 2357 2488 1
2119 2120 2304 1
380 382 701 1
1559 773 2255 1
2703 2405 2726 1
1312 2269 2270 1
1048 1047 1074 1
1318 1548 1702 1
2021 1791 2781 1
501 531 532 1
2175 1835 2931 1
580 616 617 1
697 2135 2296 1
535 515 2169 1
897 393 2286 1
1628 1627 1629 1
366 365 2165 1
1305 1787 1792 1
1012 1251 1293 1
1109 1074 1110 1
1300 1299 1301 1
883 988 989 1
1312 1311 2269 1
1438 1387 2205 1
888 890 891 1
967 881 968 1
568 557 573 1
410 411 2241 1
1134 1133 1503 1
603 604 618 1
532 551 552 1
811 791 812 1
943 982 1081 1
1057 968 1141 1
378 380 2253 1
1115 1116 2351 1
727 726 2272 1
615 614 636 1
670 668 2067 1
637 636 688 1
552 589 590 1
110 294 2541 1
406 870 2280 1
1255 1110 1315 1
536 564 2408 1
900 410 2241 1
435 440 2260 1
163 164 1754 1
1501 1705 1738 1
452 453 454 1
730 727 2272 1
1521 1883 2232 1
989 1150 1235 1
1534 1279 1596 1
1264 1992 2348 1
478 482 483 1
1067 535 2169 1
823 923 1075 1
618 619 707 1
1325 1070 1326 1
593 592 614 1
2365 2141 2431 1
1521 1523 1883 1
548 546 554 1
1208 1190 2211 1
905 1220 2244 1
1494 1493 1532 1
724 689 2204 1
372 373 374 1
426 894 2247 1
896 783 2338 1
1796 635 2481 1
365 1339 2165 1
412 408 2280 1
906 908 2242 1
870 2193 2280 1
191 192 2091 1
1421 1759 1760 1
777 937 2396 1
914 1055 1086 1
910 2387 2449 1
953 906 2242 1
799 815 816 1
1492 1363 1493 1
252 1955 2682 1
331 330 332 1
513 529 530 1
2121 2683 2745 1
454 455 456 1
552 590 591 1
574 573 876 1
1879 1877 2642 1
1334 1284 1731 1
609 865 2219 1
456 457 458 1
187 188 2682 1
591 590 592 1
450 451 452 1
617 699 700 1
966 965 1127 1
1086 1308 1511 1
884 885 886 1
397 396 2246 1
404 407 2230 1
1362 1361 1363 1
1745 1217 2284 1
1127 1204 1328 1
1563 1315 1710 1
2194 2241 2339 1
458 459 460 1
886 887 888 1
1150 1497 2235 1
718 696 2279 1
1146 1312 2285 1
2236 592 2282 1
797 798 799 1
401 397 2246 1
1503 1538 1644 1
501 532 1455 1
464 465 466 1
466 467 469 1
469 470 475 1
460 461 462 1
462 463 464 1
547 2127 2306 1
1523 1519 2308 1
888 889 890 1
623 611 2219 1
2162 881 2279 1
2222 1031 2305 1
1654 1578 1784 1
1003 1002 1004 1
1027 1028 1029 1
576 574 2261 1
555 554 884 1
391 390 392 1
1106 1887 2773 1
1017 1016 1063 1
1692 1596 1734 1
483 484 485 1
123 275 2161 1
546 545 2240 1
2245 868 2344 1
848 987 1009 1
891 890 965 1
388 387 390 1
345 346 347 1
1081 1217 1464 1
1053 1054 1263 1
1468 1469 2207 1
335 336 337 1
1360 1359 1361 1
700 800 801 1
510 527 2234 1
1677 1615 2056 1
485 486 495 1
1136 1134 2265 1
1954 1357 2479 1
1395 1714 1721 1
1213 1654 2298 1
386 388 409 1
1307 1306 1322 1
1595 1441 2198 1
376 377 2297 1
444 493 2313 1
1435 679 2245 1
495 496 514 1
1585 1326 2173 1
1071 1004 1072 1
343 344 345 1
981 1329 2358 1
514 515 535 1
2157 1585 2290 1
1421 1419 1759 1
595 880 2233 1
380 701 2253 1
1419 1238 2293 1
530 529 545 1
2003 2507 2902 1
890 892 2310 1
931 1461 2367 1
214 215 278 1
1492 1493 1494 1
1429 1426 2150 1
828 830 2206 1
1862 226 2565 1
1056 2172 2474 1
1514 1462 1694 1
492 512 513 1
705 706 819 1
1362 1363 1492 1
1353 1344 1690 1
388 390 391 1
816 940 941 1
1075 1080 1350 1
10 11 2384 1
1275 1274 1276 1
386 385 387 1
1156 1140 1157 1
1494 1532 1615 1
908 1050 2242 1
1764 1620 2418 1
608 597 2233 1
855 1604 2332 1
1111 1303 1527 1
1322 1306 1359 1
384 383 385 1
691 692 705 1
1029 1149 2305 1
814 1003 2311 1
2195 1232 2294 1
924 926 2266 1
882 724 2204 1
1001 1064 1111 1
1446 608 2233 1
605 585 2791 1
1311 1313 1314 1
1130 1128 2275 1
1081 1216 1217 1
1399 1072 2312 1
1461 1026 1462 1
1480 2182 2374 1
1516 1515 2308 1
1360 1361 1362 1
1015 826 1016 1
1416 1555 2306 1
481 898 2327 1
2004 2005 2884 1
1025 1097 1212 1
557 555 2252 1
941 983 984 1
1082 1084 2264 1
1084 1085 1377 1
469 475 476 1
646 645 647 1
1314 1313 1648 1
1787 1181 2307 1
1111 1527 1706 1
1037 1040 2390 1
1084 920 1085 1
999 444 2313 1
2095 109 2541 1
1108 959 1283 1
415 418 2357 1
386 387 388 1
1206 1485 1487 1
513 512 529 1
1192 1208 2328 1
1527 1303 2201 1
1212 1401 2317 1
489 491 492 1
1349 1233 1617 1
1448 594 2261 1
1238 1237 2293 1
384 2000 2638 1
1491 623 2219 1
23 24 2418 1
885 554 2240 1
382 381 383 1
703 674 704 1
978 812 2311 1
480 488 489 1
440 999 2260 1
705 819 912 1
1322 1359 1360 1
1666 1665 1860 1
2149 1417 2383 1
1267 1268 1269 1
750 748 759 1
2512 1210 2888 1
462 464 918 1
1328 1613 1620 1
476 479 480 1
1367 1535 2096 1
1470 1623 1645 1
1829 1915 2412 1
1346 1771 1772 1
1822 1313 2301 1
1154 1082 2264 1
1310 1358 2301 1
2601 1537 2743 1
1449 583 2355 1
517 519 2262 1
1804 1319 2885 1
1293 1463 1739 1
1233 1194 2328 1
1235 1150 2235 1
68 69 311 1
338 341 2406 1
841 972 2403 1
588 587 612 1
492 491 512 1
2169 517 2262 1
713 714 783 1
1101 1370 1470 1
1464 1217 1661 1
903 2244 2246 1
2223 2222 2319 1
1473 520 1550 1
1360 1616 2309 1
203 204 2302 1
1134 1503 2265 1
527 550 2234 1
758 756 770 1
1742 1235 2235 1
1560 1528 2535 1
692 684 2314 1
1050 924 2266 1
452 454 675 1
673 670 674 1
713 783 872 1
961 1100 1101 1
912 960 961 1
801 969 2292 1
1194 1192 2328 1
1377 1085 1660 1
2128 776 2457 1
554 546 2240 1
384 385 386 1
1146 1310 1311 1
2118 1135 2524 1
2279 695 2400 1
787 785 1203 1
707 708 2346 1
380 379 381 1
396 903 2246 1
458 460 558 1
574 876 2261 1
1072 1004 1181 1
476 475 479 1
1511 2097 2098 1
717 666 1506 1
489 488 491 1
669 668 670 1
73 74 259 1
654 653 655 1
480 479 488 1
862 828 2206 1
1104 1460 2281 1
1714 1224 2265 1
812 791 813 1
704 712 713 1
726 883 2272 1
1538 1133 2275 1
2228 45 2329 1
382 383 384 1
1099 1052 1278 1
419 422 2392 1
1182 1181 1305 1
1718 2633 2720 1
629 1067 2314 1
367 366 368 1
1311 1314 2269 1
1281 1591 1686 1
276 2157 2920 1
1497 1498 2413 1
514 535 628 1
2387 1472 2449 1
1032 1145 1146 1
812 813 814 1
1258 951 2506 1
814 813 1001 1
1521 1519 1523 1
664 663 665 1
1311 1310 1313 1
1075 1350 1582 1
814 1001 1002 1
142 143 279 1
1243 2103 2782 1
1855 1828 2923 1
683 684 690 1
628 629 683 1
1457 1173 2485 1
1320 1005 1479 1
1435 2245 2344 1
1515 1431 1522 1
830 933 2206 1
861 2073 2479 1
1224 1136 2265 1
1328 1764 2303 1
1645 1623 1809 1
690 691 693 1
485 495 939 1
767 761 921 1
188 189 252 1
594 576 2261 1
867 997 2433 1
1604 1605 2505 1
307 2325 2326 1
1668 1607 2572 1
470 472 2277 1
1182 1307 2312 1
926 1218 2266 1
1206 1487 2324 1
493 501 2313 1
627 715 2355 1
1759 1419 2293 1
881 718 2279 1
1182 1305 1306 1
667 665 668 1
912 819 960 1
1146 1145 1310 1
400 403 2349 1
1072 1181 1182 1
628 535 629 1
361 360 362 1
1957 245 2606 1
1747 1797 1857 1
1998 701 2918 1
1068 1069 2243 1
1290 2508 2626 1
804 707 805 1
804 2140 2365 1
662 661 663 1
1027 1029 1030 1
965 890 2310 1
1204 965 2310 1
1149 1631 2305 1
377 429 863 1
380 381 382 1
683 629 684 1
1470 1370 1623 1
1579 1304 1649 1
892 943 2288 1
378 376 379 1
580 617 873 1
367 520 1472 1
1573 1316 2295 1
1030 1031 1032 1
1133 1130 2275 1
1633 1154 2264 1
2287 1399 2312 1
690 684 691 1
961 960 1100 1
1213 1510 1578 1
1474 1628 2449 1
555 884 2252 1
1101 1100 1370 1
1032 1031 1145 1
1698 1408 2294 1
931 801 932 1
1582 1350 1675 1
1097 896 2338 1
412 2280 2380 1
329 328 330 1
1025 1212 1213 1
1357 1021 2479 1
475 470 2277 1
774 874 2457 1
872 896 1024 1
1064 813 2322 1
264 2060 2645 1
1026 932 1027 1
805 707 2346 1
969 1012 2276 1
333 334 335 1
1401 1717 2317 1
544 542 2341 1
700 801 931 1
1213 1212 1510 1
1336 1124 1337 1
1128 1127 2303 1
642 641 643 1
1063 1415 1673 1
1030 1029 1031 1
1408 2195 2294 1
653 651 2011 1
450 452 2318 1
374 376 378 1
2143 1502 2494 1
644 643 645 1
872 783 896 1
1689 1446 2369 1
1936 1935 2654 1
931 932 1026 1
1301 1345 1346 1
730 2272 2383 1
377 863 2297 1
652 651 653 1
1363 1361 2333 1
456 2619 2854 1
474 478 2289 1
884 1454 2252 1
2111 1104 2281 1
1171 1450 2485 1
806 805 938 1
138 139 2342 1
1549 2581 2754 1
378 379 380 1
2205 840 2385 1
1237 1743 2293 1
583 627 2355 1
823 1075 2331 1
1361 2158 2333 1
804 805 806 1
1612 2339 2357 1
819 823 2331 1
1047 963 1202 1
1110 1074 1556 1
1044 1140 1156 1
573 557 2252 1
1318 1702 2295 1
1269 1270 1271 1
673 703 1020 1
1472 1473 1474 1
1053 1263 1264 1
1024 896 1025 1
1070 978 2291 1
2072 688 2414 1
1264 1263 1577 1
846 981 2358 1
1052 938 1053 1
937 2248 2356 1
322 323 324 1
655 657 2257 1
2275 1128 2303 1
1460 1829 2281 1
667 669 702 1
1020 1508 1737 1
1350 1477 2337 1
2200 243 2842 1
303 94 2440 1
1434 2194 2339 1
1319 1317 2490 1
1241 1240 2471 1
1316 1318 2295 1
806 938 1052 1
2297 2037 2766 1
1666 1860 2404 1
1617 1233 2328 1
2014 824 2563 1
618 707 804 1
2038 1991 2364 1
399 400 2349 1
848 803 987 1
2098 2097 2273 1
519 560 2262 1
1474 1626 1627 1
501 1455 2313 1
472 1079 2277 1
378 2253 2368 1
613 612 633 1
150 151 2500 1
1663 1664 2810 1
1619 1859 2770 1
301 99 2455 1
715 809 1008 1
379 376 2297 1
932 801 2292 1
1669 1577 1670 1
1748 1747 2462 1
1543 1285 1758 1
355 354 356 1
1454 886 2316 1
189 190 2175 1
1294 1662 1719 1
1550 520 2376 1
1411 2216 2334 1
1294 1175 1295 1
716 1680 2350 1
888 891 2316 1
357 356 358 1
370 372 1078 1
1264 1577 1669 1
1657 1435 2344 1
1329 1756 2358 1
204 305 2302 1
1232 1094 2424 1
2280 2193 2380 1
351 350 352 1
1613 1204 2447 1
2233 880 2369 1
769 639 2352 1
443 450 2377 1
1329 1384 1756 1
943 1081 2288 1
401 2246 2374 1
892 2288 2310 1
1127 1328 2303 1
1955 1832 2538 1
662 664 1091 1
1075 1582 2331 1
422 2304 2392 1
1936 255 2607 1
1485 1484 1486 1
1379 1348 2299 1
673 674 703 1
234 2142 2741 1
1607 2322 2381 1
1248 1038 2213 1
1461 1514 2353 1
1412 1951 2356 1
1679 1722 2839 1
708 862 2346 1
1079 474 2289 1
799 798 815 1
812 814 2311 1
367 368 520 1
1563 1710 2325 1
1174 1173 1175 1
364 366 367 1
669 670 673 1
1206 987 1484 1
703 704 2362 1
1451 1185 2507 1
2246 2244 2374 1
564 936 2408 1
2066 1365 2703 1
552 591 2330 1
1450 1920 2485 1
1081 1464 2288 1
1635 2783 2833 1
35 302 2454 1
984 983 1223 1
1372 1842 2930 1
1072 1182 2312 1
1305 1792 2315 1
414 415 2357 1
1668 2572 2640 1
1313 1310 2301 1
1453 1761 1864 1
2473 1612 2488 1
478 483 2289 1
2334 1056 2474 1
1012 1293 2276 1
941 940 983 1
2047 2234 2421 1
1472 520 1473 1
2291 978 2311 1
816 815 940 1
667 668 669 1
539 562 2431 1
1009 987 1206 1
886 888 2316 1
1510 1212 2317 1
1031 1029 2305 1
1973 1776 2677 1
1172 1171 1173 1
634 633 764 1
1020 703 1508 1
1297 1298 1299 1
871 2153 2571 1
914 1086 1546 1
1653 2445 2501 1
1176 1543 2359 1
1359 1306 2315 1
1455 532 2330 1
785 544 2341 1
2556 1986 2596 1
70 71 282 1
163 1754 2231 1
1326 1070 2291 1
235 34 2454 1
1017 1063 2370 1
288 171 2559 1
1334 1731 1732 1
1471 2162 2400 1
1771 1345 1774 1
2304 2120 2392 1
654 655 666 1
1672 1564 2694 1
1187 1447 2507 1
1741 2616 2890 1
2265 1503 2386 1
1485 1486 1589 1
361 362 910 1
452 675 2318 1
1474 1473 1626 1
443 448 450 1
662 663 664 1
2133 1105 2662 1
664 665 667 1
1687 1336 2300 1
933 832 2433 1
1842 1245 2370 1
1739 2451 2472 1
684 629 2314 1
1371 1100 2423 1
715 1008 2355 1
1446 2233 2369 1
249 203 2302 1
1015 1016 1017 1
1040 1488 2390 1
1162 1161 1163 1
2164 412 2380 1
1011 1356 1453 1
1306 1305 2315 1
898 1367 2327 1
1035 1037 2390 1
1529 1561 1701 1
1699 1466 2586 1
2294 1232 2869 1
437 443 2377 1
358 360 361 1
532 552 2330 1
654 666 716 1
1317 1201 2469 1
1770 1379 2299 1
969 2276 2292 1
1123 1504 2278 1
1172 1174 1365 1
945 1010 1023 1
1547 463 2594 1
1106 1009 2324 1
1788 1076 2750 1
2019 1972 2388 1
461 468 2594 1
355 357 895 1
2162 2279 2400 1
2 3 2717 1
765 764 2256 1
1824 2012 2644 1
1164 1163 1165 1
297 2088 2678 1
1206 1484 1485 1
1320 1479 1678 1
2190 944 2435 1
1438 2205 2385 1
1294 1295 1662 1
331 332 333 1
649 651 652 1
2272 2149 2383 1
880 1569 2369 1
2182 401 2374 1
1116 1281 2351 1
1602 1603 2569 1
1323 1107 1347 1
652 653 654 1
268 2179 2543 1
1898 1902 2437 1
327 326 328 1
348 350 351 1
145 263 2134 1
1297 1061 1298 1
1564 1347 1565 1
2466 1599 2493 1
2357 418 2488 1
342 600 2880 1
850 1597 2452 1
1040 1042 1488 1
1506 666 2257 1
963 769 2352 1
704 713 2362 1
1616 1362 2448 1
2251 730 2383 1
1170 1169 1171 1
1108 1283 1284 1
705 912 2335 1
1530 2458 2459 1
1015 1017 1176 1
1301 1299 1345 1
743 742 2497 1
960 819 2331 1
93 303 2491 1
1714 2265 2386 1
666 655 2257 1
2792 2426 2815 1
1410 1412 2356 1
418 419 2392 1
2000 384 2935 1
693 691 2335 1
775 777 2396 1
1664 1846 1847 1
2652 795 2733 1
713 872 2362 1
1111 1706 2372 1
2248 1410 2356 1
1495 2334 2474 1
761 758 2343 1
1002 1001 2372 1
1285 1245 1625 1
2307 1002 2372 1
1166 1165 1167 1
1675 1350 2337 1
691 705 2335 1
2098 2273 2274 1
688 636 2414 1
1469 1229 2430 1
1174 1175 1294 1
1545 2139 2652 1
983 940 1090 1
1001 1111 2372 1
1176 1245 1285 1
782 780 2557 1
1346 1345 1771 1
1893 1506 2536 1
318 319 320 1
24 267 2418 1
716 717 825 1
756 753 2394 1
1203 785 2341 1
1027 1030 2336 1
195 196 2514 1
1462 1026 2336 1
1508 703 2362 1
1795 977 2698 1
1443 1438 2385 1
1751 248 2231 1
1014 826 1015 1
716 666 717 1
1176 1017 1245 1
462 918 2347 1
1168 1167 1169 1
2193 1728 2380 1
1026 1027 2336 1
825 717 826 1
2527 206 2723 1
972 1115 2403 1
825 826 1014 1
329 330 331 1
2064 2109 2496 1
1501 1738 2413 1
460 462 2347 1
314 315 2917 1
521 536 2408 1
734 2144 2483 1
895 1005 1006 1
355 356 357 1
1614 1992 2746 1
2698 977 2843 1
2125 2151 2802 1
2339 414 2357 1
2335 2184 2422 1
815 798 1007 1
2067 2066 2703 1
1344 1342 2323 1
735 734 2483 1
1063 1673 2370 1
1729 2163 2554 1
644 645 646 1
1014 1015 2359 1
1016 826 2371 1
1367 2096 2327 1
352 354 355 1
1487 1485 2363 1
1172 1173 1174 1
1495 2474 2513 1
794 945 2361 1
357 358 2397 1
659 661 662 1
784 714 2391 1
1473 1550 2379 1
1629 2648 2659 1
1342 1872 2323 1
2063 957 2824 1
558 460 2347 1
1539 1248 2213 1
139 140 284 1
2452 1597 2469 1
514 628 2354 1
1220 1599 2466 1
603 618 2365 1
646 647 2399 1
237 102 2499 1
1076 935 2493 1
1736 1732 1800 1
296 10 2384 1
1763 1390 2432 1
1679 2839 2907 1
770 756 2394 1
1507 1793 2517 1
1272 1274 1275 1
333 335 1073 1
758 770 2343 1
1736 1800 1840 1
789 787 2381 1
179 180 240 1
939 495 2354 1
787 1203 2381 1
797 765 798 1
798 765 2256 1
1006 1320 1490 1
1009 1206 2324 1
1053 1264 2348 1
485 939 2360 1
1503 1644 2386 1
1953 2574 2685 1
1057 1141 2460 1
325 324 326 1
1278 1052 2348 1
1055 913 2420 1
495 514 2354 1
832 867 2433 1
1530 2459 2535 1
1006 1005 1320 1
1052 1053 2348 1
1415 1635 2410 1
1524 2145 2580 1
1498 1501 2413 1
642 643 644 1
1166 1168 1205 1
895 357 1005 1
205 206 2527 1
417 416 2510 1
1334 1732 1736 1
1170 1171 1172 1
1085 920 2422 1
921 761 2343 1
1096 998 2416 1
483 485 2360 1
2707 1014 2784 1
1449 2355 2453 1
372 374 2368 1
631 641 642 1
695 2191 2400 1
18 300 2615 1
1395 2179 2637 1
533 2167 2811 1
1085 2422 2478 1
2087 1371 2468 1
803 767 2366 1
450 2318 2377 1
243 92 2491 1
1219 1416 2467 1
1108 1284 1333 1
1453 1864 1865 1
566 537 2013 1
618 804 2365 1
1799 1354 2460 1
341 948 2406 1
2332 1604 2467 1
1257 1259 2444 1
1202 963 2352 1
1281 1686 2351 1
2322 789 2381 1
717 1506 2371 1
617 700 2367 1
1467 1466 1699 1
1162 1164 1505 1
2460 1141 2550 1
636 793 2414 1
2221 2704 2772 1
20 21 2415 1
589 1045 2595 1
700 931 2367 1
367 1472 2387 1
1784 490 2889 1
1690 1344 2323 1
1747 1857 2462 1
1283 959 2399 1
732 733 2561 1
1669 1670 2375 1
873 617 2367 1
1834 1955 2931 1
2331 1582 2423 1
564 586 936 1
1571 1810 2857 1
1245 1017 2370 1
644 646 958 1
1156 1437 1667 1
997 1465 2433 1
1852 271 2570 1
337 338 2406 1
520 368 2376 1
1833 1832 1834 1
351 352 2340 1
2010 486 2608 1
368 370 2376 1
1699 2586 2614 1
1656 1825 2849 1
1275 1276 1304 1
2060 295 2401 1
374 378 2368 1
945 1023 2361 1
346 344 2905 1
162 163 2231 1
580 873 2421 1
767 921 2366 1
327 329 1286 1
1095 1611 2508 1
922 706 2625 1
1384 1529 2378 1
2234 550 2421 1
1333 1284 1334 1
1479 1005 2397 1
1156 1157 1437 1
1510 2317 2556 1
960 2331 2423 1
1533 1534 2575 1
1634 1893 2712 1
1373 1844 2518 1
1333 1841 2585 1
1673 1415 2410 1
750 759 2439 1
2289 483 2360 1
2345 1672 2530 1
225 1 277 1
1527 2201 2407 1
1465 1068 1466 1
673 1020 2373 1
1541 1542 1600 1
277 2238 2732 1
170 288 2807 1
1051 2049 2837 1
910 1982 2516 1
876 573 2461 1
1229 1227 2430 1
87 88 2603 1
910 362 2387 1
1613 2447 2477 1
94 95 2440 1
736 2078 2561 1
1162 1163 1164 1
1168 1169 1170 1
1779 1778 2559 1
2391 1595 2529 1
2677 1777 2725 1
1664 1332 1846 1
1626 1473 2379 1
345 347 794 1
584 588 2886 1
327 328 329 1
1164 1165 1166 1
1485 1589 2363 1
702 669 2373 1
1094 1290 2424 1
1078 372 2368 1
578 570 676 1
2336 1380 2436 1
1317 2469 2490 1
1166 1167 1168 1
693 2335 2422 1
1107 959 1108 1
2551 2 2717 1
1010 946 1011 1
550 580 2421 1
358 361 2397 1
1416 2332 2467 1
633 612 772 1
539 2431 2528 1
1015 1176 2359 1
2050 1383 2656 1
920 693 2422 1
1786 1790 2928 1
2355 1008 2453 1
1754 1755 2099 1
958 646 959 1
1373 1271 1720 1
1483 1482 1588 1
1159 1161 1162 1
362 364 2387 1
484 490 2608 1
957 2104 2912 1
1471 2400 2452 1
29 30 2543 1
202 249 2470 1
1005 357 2397 1
667 702 2393 1
1467 1699 1700 1
1126 1482 1483 1
692 2314 2625 1
1390 1570 2432 1
958 959 1107 1
236 17 2615 1
987 803 2366 1
1295 1175 2464 1
681 685 2580 1
2126 2125 2802 1
1565 1347 1703 1
760 807 2708 1
1042 1044 2428 1
1600 1601 1602 1
355 895 2340 1
370 1078 2376 1
27 229 2632 1
439 438 2574 1
352 355 2340 1
1484 987 2366 1
1466 1068 2243 1
466 1855 2651 1
753 750 2439 1
669 673 2373 1
177 178 2570 1
662 1091 2411 1
752 1983 2870 1
1532 1493 2502 1
562 603 2431 1
22 23 2558 1
647 649 2389 1
1046 847 2752 1
341 343 948 1
1534 1692 2618 1
1198 1215 2927 1
1756 1384 2378 1
1007 798 2256 1
794 347 944 1
2501 2160 2562 1
1985 752 2680 1
1091 664 2393 1
181 182 308 1
1275 1304 1324 1
826 717 2371 1
1294 1719 2405 1
233 169 2807 1
1667 1437 1767 1
1010 1011 1199 1
2103 1674 2782 1
1454 2143 2461 1
325 326 327 1
2310 2288 2447 1
364 367 2387 1
1265 1267 1807 1
2090 297 2846 1
1269 1271 1373 1
1465 1466 1467 1
1567 1682 2654 1
1780 1536 2398 1
429 437 2450 1
231 1665 1666 1
1100 960 2423 1
2394 753 2439 1
1324 1579 1580 1
1681 1785 2800 1
1271 1272 2427 1
2138 26 2632 1
1247 1832 1833 1
776 774 2457 1
1826 1576 2620 1
1341 2627 2692 1
752 747 2680 1
1973 147 2688 1
2400 2191 2452 1
437 2377 2450 1
2256 764 2788 1
1529 1701 2378 1
299 200 2577 1
99 100 2455 1
2189 2548 2617 1
2467 1604 2505 1
34 35 2454 1
1336 1337 2300 1
1857 1797 2905 1
1782 1780 2398 1
2529 2198 2633 1
279 2008 2738 1
1462 2336 2436 1
759 748 2482 1
1324 1304 1579 1
1525 1539 2523 1
945 944 946 1
300 19 2660 1
1694 1462 2436 1
1979 1786 2928 1
1580 1579 1685 1
2451 246 2624 1
1955 304 2682 1
1494 1677 2544 1
2041 2040 2463 1
664 667 2393 1
600 2462 2880 1
945 946 1010 1
1809 300 2818 1
347 348 2435 1
1362 1492 2448 1
2422 2184 2478 1
749 2015 2680 1
1044 1156 2428 1
290 191 2091 1
1700 2401 2794 1
1601 1542 1795 1
1682 1568 2758 1
2123 2122 2785 1
997 1068 1465 1
2191 850 2452 1
322 324 325 1
647 2389 2399 1
603 2365 2431 1
560 525 2528 1
1413 2185 2526 1
90 2200 2611 1
2505 1605 2548 1
1365 2405 2703 1
51 1821 2848 1
959 646 2399 1
2257 657 2411 1
2288 1464 2447 1
652 2350 2389 1
1197 1222 2775 1
1480 2374 2466 1
2030 2031 2826 1
1354 1057 2460 1
2268 999 2445 1
1704 1647 2852 1
1636 2075 2714 1
1365 1174 2405 1
2046 2047 2582 1
2172 2061 2474 1
2120 1241 2473 1
1527 2407 2456 1
134 135 314 1
1763 2106 2903 1
2492 1713 2744 1
2284 1645 2818 1
657 659 2411 1
1480 2466 2493 1
1658 2302 2817 1
999 2313 2445 1
2120 2473 2488 1
1706 1527 2456 1
1320 1678 2395 1
1200 1573 2550 1
188 252 2682 1
219 220 312 1
1695 1309 2860 1
649 652 2389 1
1272 1275 2427 1
1488 1042 2428 1
2330 2160 2501 1
863 429 2450 1
2295 302 2831 1
865 1557 2545 1
2101 2511 2787 1
1602 1601 1603 1
1472 1474 2449 1
1556 1074 2495 1
1204 2310 2447 1
1586 2276 2472 1
2374 2244 2466 1
1174 1294 2405 1
1509 1495 2513 1
854 581 2656 1
140 141 2446 1
1326 2291 2476 1
1490 1320 2395 1
1910 986 2814 1
1047 1202 2495 1
348 351 2435 1
2139 795 2652 1
1011 1453 2402 1
201 202 2470 1
1471 2452 2469 1
794 944 945 1
1991 523 2640 1
1595 2198 2529 1
1979 312 2710 1
2474 2061 2513 1
2570 178 2803 1
2189 1050 2548 1
2291 2058 2476 1
1683 1806 2500 1
659 662 2411 1
1240 1624 2471 1
1983 1984 2855 1
1653 2501 2562 1
1201 1471 2469 1
1600 1542 1601 1
2728 1950 2840 1
2056 238 2737 1
1218 1219 2467 1
1553 2684 2713 1
1744 1463 2480 1
2344 868 2520 1
259 2459 2932 1
1196 1234 2567 1
2276 1293 2472 1
1156 1667 2428 1
1080 1614 2746 1
1541 1262 1542 1
728 2148 2713 1
1021 861 2479 1
1611 1612 2473 1
196 197 2877 1
2252 1454 2461 1
1549 1239 2581 1
1750 1751 1752 1
794 2361 2438 1
1183 843 2799 1
2313 1455 2445 1
612 587 2434 1
2000 1996 2918 1
1688 1802 2929 1
2342 1681 2568 1
272 89 2611 1
1356 2190 2747 1
1552 2034 2823 1
1371 2423 2468 1
1108 1333 2409 1
1964 1960 2597 1
306 210 2521 1
2424 1290 2874 1
573 2252 2461 1
321 320 322 1
797 799 2537 1
1157 1159 2429 1
1175 1457 2464 1
92 93 2491 1
2447 1464 2477 1
65 66 2475 1
2076 2077 2874 1
86 87 2624 1
2244 1220 2466 1
2900 918 2923 1
2203 2460 2550 1
2675 277 2732 1
223 224 313 1
874 1559 2564 1
309 65 2475 1
748 746 2482 1
1453 1865 2402 1
343 345 2438 1
2824 957 2912 1
570 566 2426 1
2651 1855 2923 1
2619 2034 2854 1
66 253 2475 1
1956 307 2687 1
1502 1650 2494 1
712 711 2733 1
1720 1271 2427 1
1835 2175 2734 1
1582 1675 2468 1
1788 1618 2769 1
1347 1107 2409 1
1532 2564 2634 1
1980 784 2529 1
916 1372 2498 1
1199 1011 2402 1
2121 2296 2683 1
1429 2150 2555 1
1639 1640 2599 1
2097 1583 2716 1
226 174 2565 1
1107 1108 2409 1
1489 1983 2855 1
1437 1157 2429 1
738 735 2483 1
2575 1534 2618 1
1321 1496 2812 1
1707 1606 2760 1
1162 1505 2429 1
2225 2224 2639 1
2106 1577 2903 1
43 270 2635 1
745 752 2870 1
1522 1431 2555 1
2735 1335 2757 1
1166 1205 2441 1
1332 1096 2416 1
2581 2148 2754 1
147 148 2688 1
2109 2110 2496 1
2173 1326 2476 1
587 578 2442 1
1611 2471 2508 1
2445 1455 2501 1
1275 1324 2427 1
1226 1228 2893 1
935 1480 2493 1
2184 1478 2478 1
221 222 283 1
1092 1512 2646 1
2423 1582 2468 1
63 64 2486 1
1851 1862 2565 1
1660 2478 2512 1
1924 709 2873 1
1138 1226 2730 1
1787 2307 2522 1
2431 2141 2528 1
1293 1739 2472 1
2150 2124 2555 1
1988 559 2503 1
217 218 260 1
872 1024 2616 1
2237 269 2666 1
1464 1661 2477 1
1884 1885 2669 1
2237 2666 2831 1
2392 2120 2488 1
2469 1597 2490 1
1515 1522 2560 1
96 239 2721 1
746 743 2497 1
1660 1085 2478 1
1179 1177 2649 1
2503 559 2556 1
944 347 2435 1
1597 1657 2490 1
2046 2582 2670 1
1665 1715 1860 1
456 458 2619 1
2478 1478 2512 1
1008 809 2540 1
1491 2219 2545 1
2684 2156 2713 1
213 214 2590 1
64 309 2486 1
1225 1395 2637 1
1922 1924 2509 1
102 103 2499 1
1505 1164 2441 1
2071 2727 2764 1
1067 2673 2739 1
361 910 2516 1
1703 1347 2409 1
952 1098 2701 1
2382 1199 2875 1
210 211 2521 1
1838 1724 2806 1
47 48 2809 1
1215 2546 2927 1
1622 1608 2542 1
2683 1531 2745 1
2653 2253 2861 1
1827 2900 2923 1
1881 286 2844 1
1731 1284 2674 1
1074 1047 2495 1
1159 1162 2429 1
77 78 2573 1
914 1546 2540 1
1185 1187 2507 1
2015 2016 2820 1
1173 1171 2485 1
280 63 2486 1
869 381 2766 1
136 137 285 1
2508 1624 2626 1
772 612 2434 1
250 2716 2731 1
1259 1265 2444 1
1543 1800 2830 1
238 41 2737 1
676 570 2426 1
147 1973 2911 1
1755 227 2489 1
1645 1809 2818 1
28 29 2790 1
1337 2226 2504 1
144 2134 2630 1
559 1986 2556 1
1857 344 2880 1
2061 446 2513 1
2732 1639 2922 1
2448 1492 2544 1
1365 2066 2655 1
1989 792 2519 1
2167 1651 2811 1
1594 1593 2532 1
1164 1166 2441 1
523 1000 2697 1
1218 2467 2505 1
560 2528 2575 1
255 208 2607 1
258 1969 2521 1
2590 278 2789 1
512 491 2724 1
1585 2173 2709 1
345 794 2438 1
1861 877 2916 1
319 1681 2679 1
2398 1536 2523 1
1800 1543 2838 1
1493 1558 2502 1
2344 2520 2876 1
1960 1959 2597 1
180 181 2487 1
2482 746 2497 1
85 246 2919 1
1875 1852 2570 1
291 195 2514 1
2054 1507 2517 1
231 1666 2199 1
151 256 2500 1
1478 2227 2512 1
1073 335 2515 1
1110 1556 2591 1
784 2391 2529 1
101 237 2805 1
1846 1332 2416 1
237 2115 2805 1
578 676 2442 1
1351 2188 2855 1
1785 2643 2800 1
211 258 2521 1
1666 2404 2417 1
2564 1994 2634 1
2261 876 2579 1
1621 1740 2793 1
2530 1672 2628 1
1682 2527 2723 1
642 2345 2530 1
420 417 2510 1
566 2013 2426 1
82 274 2751 1
418 2392 2488 1
183 184 265 1
2077 2424 2874 1
1208 2212 2798 1
1871 321 2844 1
48 49 2740 1
948 343 2438 1
1559 1994 2564 1
382 384 2638 1
2434 2442 2443 1
1496 1804 2876 1
20 2415 2660 1
318 320 321 1
2326 276 2937 1
1546 1086 2589 1
1290 1095 2508 1
2791 585 2936 1
248 162 2231 1
982 1210 2908 1
2803 240 2804 1
74 75 2511 1
273 50 2848 1
209 306 2607 1
1758 1285 2593 1
161 162 248 1
1221 1636 2714 1
304 2538 2686 1
1135 1137 2524 1
1832 1831 2538 1
1528 1530 2535 1
1304 1276 2715 1
1596 1279 2696 1
2411 1091 2536 1
2266 1218 2505 1
1731 2707 2784 1
1909 1907 2762 1
2548 1605 2617 1
464 466 2651 1
1022 1413 2856 1
1992 1614 2729 1
1455 2330 2501 1
2579 1650 2610 1
1265 1807 2444 1
631 642 2530 1
1536 1525 2523 1
242 1884 2669 1
146 147 2911 1
2618 1692 2673 1
1358 2223 2842 1
1199 2402 2875 1
252 189 2175 1
1952 1509 2592 1
1234 1566 2549 1
2157 2290 2920 1
2527 1682 2758 1
1774 1345 2676 1
2221 2277 2704 1
416 2164 2832 1
1845 487 2841 1
2434 587 2442 1
2704 1709 2772 1
51 52 2777 1
2456 1183 2799 1
868 1491 2520 1
1806 1643 2781 1
1706 2456 2799 1
201 2470 2577 1
2552 1931 2933 1
1610 2287 2759 1
545 2250 2801 1
2623 325 2755 1
1067 2169 2673 1
2542 1608 2658 1
1980 2529 2633 1
2016 1617 2798 1
1825 2740 2849 1
236 2615 2808 1
244 53 2921 1
1172 1365 2655 1
420 2510 2526 1
30 268 2543 1
2257 2411 2536 1
1650 2118 2610 1
2401 295 2647 1
1837 1598 2636 1
2640 523 2697 1
933 2433 2531 1
305 205 2527 1
245 60 2606 1
525 539 2528 1
173 226 2816 1
2641 1710 2743 1
1973 2677 2911 1
2697 1000 2736 1
335 337 2515 1
2185 420 2526 1
384 386 2935 1
1299 1298 2676 1
1269 1373 2518 1
2267 1659 2749 1
2340 1581 2578 1
2430 1227 2637 1
307 58 2687 1
2240 545 2801 1
1267 1269 2518 1
1062 2398 2523 1
2157 276 2776 1
2318 675 2850 1
1000 2215 2736 1
79 250 2731 1
1541 1600 2613 1
2648 1892 2659 1
1986 1049 2596 1
276 56 2937 1
1876 1880 2587 1
1630 1629 2659 1
1795 1542 2506 1
109 110 2541 1
1508 2616 2883 1
54 55 2920 1
1557 1689 2534 1
1295 2542 2658 1
1807 1267 2518 1
2037 2297 2910 1
1659 1349 2749 1
1353 1690 2907 1
822 991 2873 1
1118 1945 2566 1
171 172 2559 1
2598 1680 2674 1
232 22 2558 1
1045 2048 2718 1
1065 1076 2899 1
2458 282 2631 1
1727 2775 2819 1
2502 874 2564 1
1808 1737 2546 1
379 2297 2766 1
2876 1804 2885 1
951 797 2537 1
1999 2653 2861 1
1205 1168 2605 1
1338 1763 2903 1
274 83 2796 1
1532 2502 2564 1
1892 1046 2659 1
294 1912 2711 1
174 175 2565 1
2199 1666 2417 1
1492 1494 2544 1
2163 1726 2554 1
606 631 2530 1
2160 871 2562 1
207 255 2723 1
780 821 2557 1
825 1014 2707 1
733 736 2561 1
809 914 2540 1
986 984 2814 1
2219 865 2545 1
1577 1263 2903 1
2600 1979 2928 1
2459 2458 2631 1
2273 250 2722 1
2571 1374 2584 1
2421 873 2582 1
2471 1624 2508 1
1141 1200 2550 1
1594 2533 2609 1
1652 1653 2562 1
1431 1429 2555 1
2440 95 2721 1
281 2101 2787 1
1748 1910 2814 1
2764 1314 2767 1
2793 1740 2877 1
1629 1627 2547 1
69 70 2552 1
876 2494 2579 1
2373 1808 2833 1
1050 2266 2548 1
1295 2464 2542 1
1496 2520 2812 1
936 586 2628 1
250 80 2722 1
279 143 2630 1
1627 1626 2549 1
2572 2364 2640 1
2372 1706 2522 1
142 279 2738 1
1523 2308 2778 1
1262 1258 2506 1
176 271 2797 1
59 245 2687 1
1982 1630 2689 1
305 2758 2817 1
675 454 2854 1
2638 2000 2918 1
2534 1226 2893 1
2397 361 2516 1
2236 2270 2727 1
2153 1374 2571 1
2266 2505 2548 1
1779 2559 2816 1
1483 1588 1609 1
2017 1273 2629 1
1625 1842 2563 1
1864 1105 2895 1
1049 2010 2622 1
1508 2362 2616 1
2360 1757 2657 1
322 325 2623 1
2138 1644 2915 1
1783 1633 2896 1
259 74 2511 1
2669 1885 2906 1
2146 1550 2661 1
329 331 2642 1
1684 875 2684 1
2435 351 2578 1
200 201 2577 1
446 439 2574 1
1374 1684 2584 1
1634 2712 2783 1
2520 1496 2876 1
271 177 2570 1
2404 1261 2417 1
793 2236 2727 1
2680 2015 2820 1
2211 1351 2650 1
137 138 2568 1
2547 1627 2549 1
2307 2372 2522 1
2190 2435 2578 1
2141 1533 2575 1
1509 2513 2592 1
139 284 2342 1
1637 2189 2617 1
2034 2619 2823 1
2643 285 2800 1
2348 1992 2729 1
2289 2360 2657 1
1640 1979 2710 1
2145 681 2580 1
2048 2046 2670 1
2037 2036 2834 1
1506 2257 2536 1
132 133 298 1
2290 54 2920 1
208 209 2607 1
986 1910 2879 1
182 183 2553 1
57 307 2937 1
2308 1515 2560 1
1479 2397 2516 1
1631 1676 2836 1
2573 78 2731 1
1985 2212 2650 1
240 180 2487 1
824 1928 2576 1
2047 2421 2582 1
2455 100 2805 1
327 1286 2755 1
2399 2389 2598 1
1239 1553 2581 1
2350 1680 2598 1
2148 2581 2713 1
1660 2888 2891 1
76 281 2787 1
991 1062 2602 1
2381 1203 2572 1
2369 1569 2695 1
2494 1650 2579 1
1226 2534 2730 1
991 2509 2873 1
1718 1980 2633 1
1859 1632 2788 1
632 589 2595 1
2409 1333 2585 1
1443 2385 2720 1
1742 2639 2864 1
1592 1594 2609 1
1203 2364 2572 1
88 272 2603 1
2238 1639 2732 1
1098 2672 2701 1
2549 1626 2567 1
307 2326 2937 1
1448 2579 2610 1
1234 2549 2567 1
284 140 2446 1
2368 2253 2653 1
873 2353 2582 1
295 2089 2647 1
89 90 2611 1
281 77 2573 1
463 461 2594 1
2325 1710 2641 1
1607 2381 2572 1
143 144 2630 1
2480 274 2796 1
1961 1957 2606 1
331 333 2909 1
1283 2598 2674 1
1550 2376 2661 1
2432 1570 2647 1
1542 1262 2506 1
1465 1467 2531 1
1847 1968 2789 1
2012 1572 2644 1
2528 2141 2575 1
311 69 2552 1
1742 2235 2639 1
1568 1890 2758 1
1685 1579 2742 1
1448 2261 2579 1
1866 1867 2627 1
1911 1637 2664 1
1223 1748 2814 1
1865 1106 2773 1
1617 2328 2798 1
1512 2584 2646 1
1479 2516 2689 1
2582 2353 2670 1
1588 1753 2551 1
2701 1641 2705 1
278 215 2858 1
286 1871 2844 1
297 2678 2846 1
2131 1953 2685 1
1086 1511 2589 1
2048 2670 2718 1
2882 2450 2887 1
1819 2792 2815 1
1752 1751 2629 1
2098 2274 2583 1
1315 1110 2591 1
486 484 2608 1
1626 2379 2567 1
2148 732 2754 1
1511 2098 2588 1
2516 1982 2689 1
60 61 2606 1
1791 1973 2688 1
875 2156 2684 1
1875 2570 2803 1
2401 2647 2794 1
17 18 2615 1
2269 1314 2764 1
2003 897 2665 1
1703 2409 2585 1
1276 1335 2735 1
2480 2112 2827 1
1578 1510 2596 1
2212 2211 2650 1
1010 1199 2765 1
2071 793 2727 1
1903 2406 2761 1
252 2175 2931 1
1292 2131 2702 1
1744 2796 2919 1
1292 2702 2705 1
351 2340 2578 1
2086 236 2808 1
1413 2554 2856 1
1632 1693 2795 1
1222 1476 2819 1
1641 1292 2705 1
1710 1315 2601 1
70 282 2552 1
1285 1625 2593 1
1733 2117 2569 1
1589 2232 2711 1
2363 242 2669 1
1648 1822 2866 1
1577 2106 2780 1
2433 1465 2531 1
2408 936 2862 1
1600 1602 2612 1
660 672 2913 1
2068 2703 2726 1
1566 2547 2549 1
560 2575 2618 1
2666 1573 2831 1
1741 1368 2883 1
2389 2350 2598 1
2098 2583 2588 1
1625 2576 2593 1
251 2090 2668 1
2314 1067 2739 1
2385 2063 2720 1
276 2326 2776 1
1744 2480 2796 1
1569 1448 2610 1
706 692 2625 1
1726 1524 2898 1
1106 1865 2895 1
1605 2132 2617 1
2616 1741 2883 1
1608 1545 2658 1
2826 675 2854 1
181 308 2487 1
290 1919 2734 1
42 43 2635 1
1637 2617 2664 1
581 2050 2656 1
1511 2588 2589 1
1835 1834 2931 1
283 2690 2922 1
1910 1908 2699 1
2512 2227 2774 1
1624 1671 2626 1
1315 2591 2601 1
1566 1659 2691 1
1601 1795 2698 1
2089 2432 2647 1
1551 2641 2743 1
2186 1488 2768 1
1377 1660 2891 1
2464 1457 2853 1
2131 2685 2702 1
2758 1890 2817 1
1117 1551 2743 1
897 2286 2665 1
807 1892 2648 1
1076 2493 2750 1
1851 2565 2797 1
214 278 2590 1
458 558 2619 1
558 2806 2823 1
1713 1541 2613 1
2716 1696 2731 1
2013 1077 2815 1
1994 1355 2634 1
2468 1675 2678 1
685 2121 2745 1
488 817 2835 1
71 72 2631 1
1319 2490 2885 1
1578 2596 2622 1
1168 1170 2605 1
2426 2013 2815 1
1970 2055 2779 1
2309 241 2926 1
2538 1831 2539 1
26 27 2632 1
2700 1918 2829 1
282 71 2631 1
1314 1648 2767 1
2523 1539 2602 1
246 86 2624 1
2741 1987 2793 1
2673 1692 2739 1
138 2342 2568 1
2068 2067 2703 1
446 2574 2592 1
1819 1882 2792 1
2094 2464 2853 1
2380 1728 2822 1
1935 1567 2654 1
1592 2609 2728 1
2856 1726 2898 1
1893 2536 2712 1
1984 1985 2650 1
2370 1673 2930 1
2513 446 2592 1
2198 1443 2633 1
1283 2399 2598 1
606 2530 2628 1
2639 301 2864 1
2384 251 2878 1
1867 1619 2770 1
1210 2774 2908 1
2262 560 2618 1
1825 1655 2926 1
1784 1578 2622 1
2524 1137 2695 1
218 219 2600 1
73 259 2932 1
1227 1225 2637 1
1751 2099 2629 1
1466 2243 2586 1
1918 2700 2872 1
2362 872 2616 1
1776 1777 2677 1
1355 1798 2671 1
1902 1903 2761 1
1620 1613 2763 1
2103 1243 2899 1
2599 283 2922 1
179 240 2803 1
2559 172 2816 1
2167 533 2896 1
1569 2524 2695 1
2088 2087 2678 1
2693 1695 2860 1
2224 301 2639 1
2689 1630 2753 1
1685 2742 2791 1
2132 854 2664 1
2668 2375 2878 1
701 382 2638 1
586 606 2628 1
1615 1532 2634 1
747 749 2680 1
19 20 2660 1
1908 1909 2699 1
2401 1700 2645 1
2087 2468 2678 1
2498 1372 2930 1
1553 1179 2649 1
1535 1741 2890 1
1177 1092 2646 1
2520 1491 2812 1
2596 1049 2622 1
1881 2623 2755 1
1548 2208 2706 1
671 660 2913 1
2534 1689 2730 1
2326 2325 2641 1
1817 2022 2871 1
1696 2573 2731 1
487 1970 2756 1
156 157 2744 1
757 760 2708 1
2568 1681 2800 1
58 59 2687 1
269 2203 2666 1
1564 2168 2694 1
2101 281 2693 1
2405 1719 2726 1
2644 1572 2741 1
2536 1091 2712 1
1998 1999 2861 1
2565 175 2797 1
2550 1573 2666 1
1882 1818 2863 1
2759 273 2848 1
1731 2674 2707 1
1974 1197 2775 1
1875 2803 2804 1
141 142 2738 1
2614 1609 2717 1
1673 2498 2930 1
1771 1774 2916 1
186 187 304 1
308 182 2553 1
1904 1918 2872 1
2446 141 2738 1
230 2095 2778 1
3 264 2717 1
321 322 2623 1
918 464 2651 1
2709 244 2921 1
2093 2094 2853 1
1615 2634 2671 1
2450 2377 2887 1
2605 1170 2655 1
1642 1641 2672 1
1609 2551 2717 1
2617 2132 2664 1
588 771 2886 1
1688 1687 2757 1
2499 2126 2802 1
1535 2890 2904 1
135 136 2859 1
1646 2042 2681 1
1575 2701 2705 1
80 81 2722 1
1286 329 2642 1
1987 1621 2793 1
42 2635 2737 1
711 2068 2726 1
1700 1699 2645 1
1170 1172 2655 1
2136 1575 2705 1
2364 1991 2640 1
2889 2096 2904 1
1818 1817 2692 1
2634 1355 2671 1
1907 339 2762 1
1079 2289 2657 1
1887 1888 2773 1
2060 2401 2645 1
2667 1902 2761 1
1668 2640 2697 1
2056 1615 2671 1
2702 2136 2705 1
1581 1006 2813 1
206 207 2723 1
1649 1304 2715 1
1557 2534 2893 1
438 2114 2685 1
1662 1295 2658 1
2839 1693 2907 1
2286 1853 2665 1
1639 2599 2922 1
1575 952 2701 1
2094 291 2719 1
1878 1879 2700 1
694 605 2791 1
78 79 2731 1
1676 2603 2836 1
220 221 2663 1
2670 1514 2718 1
2114 2136 2702 1
2296 1642 2683 1
1560 2535 2901 1
224 225 2675 1
2615 1809 2808 1
490 2096 2889 1
1551 2157 2776 1
1079 2657 2704 1
1625 2563 2576 1
1487 2363 2669 1
2096 1535 2904 1
1572 1987 2741 1
1487 2669 2906 1
95 96 2721 1
184 185 2748 1
2201 1668 2697 1
1891 1685 2936 1
2623 1881 2844 1
1076 2769 2899 1
2169 2262 2673 1
1810 2531 2857 1
251 2668 2878 1
2685 2114 2702 1
795 712 2733 1
1643 2021 2781 1
2036 2082 2834 1
2156 728 2713 1
2129 922 2847 1
1078 2653 2661 1
1713 2613 2744 1
1345 1299 2676 1
1591 1592 2728 1
2686 2539 2748 1
1284 1283 2674 1
1279 1278 2696 1
2262 2618 2673 1
1561 2101 2693 1
81 82 2751 1
1618 2103 2769 1
1078 2368 2653 1
533 512 2724 1
2757 1335 2825 1
148 262 2688 1
304 187 2682 1
1583 1696 2716 1
1689 2369 2695 1
1974 2775 2782 1
1646 2681 2851 1
41 42 2737 1
1761 1356 2747 1
1642 2672 2683 1
2175 290 2734 1
1061 986 2879 1
1934 1933 2843 1
2353 1514 2670 1
817 2221 2772 1
1931 1789 2933 1
1820 233 2771 1
2806 1724 2823 1
1702 1548 2706 1
1543 1758 2838 1
633 772 2845 1
1137 1138 2730 1
185 186 2686 1
2583 2274 2827 1
1680 825 2707 1
1599 1221 2714 1
1678 1479 2689 1
1885 1887 2906 1
2376 1078 2661 1
1696 1695 2892 1
2724 1783 2896 1
2546 1737 2927 1
2099 2017 2629 1
1687 2735 2757 1
277 1 1753 1
1570 1571 2794 1
1488 2428 2768 1
2070 2764 2767 1
1477 1080 2746 1
863 2882 2910 1
1270 1268 2865 1
2277 1079 2704 1
2201 2697 2736 1
274 2480 2827 1
298 315 2107 1
1514 1694 2718 1
2070 2071 2764 1
2531 1467 2857 1
2511 75 2787 1
222 223 2690 1
1670 1577 2780 1
1733 1646 2851 1
2586 1609 2614 1
2092 2093 2853 1
2290 1585 2709 1
1407 2801 2837 1
1818 2627 2863 1
936 2694 2862 1
1590 2070 2767 1
302 2237 2831 1
1645 2284 2925 1
2002 2003 2902 1
1062 2523 2602 1
1606 1783 2760 1
2124 2123 2785 1
2415 232 2914 1
1006 1490 2813 1
1407 2240 2801 1
2020 1051 2852 1
49 273 2740 1
1531 1735 2745 1
1827 1838 2900 1
2696 1278 2729 1
2554 1726 2856 1
2563 824 2576 1
1692 1734 2739 1
229 28 2790 1
1753 2 2551 1
1603 1601 2698 1
2049 1407 2837 1
83 84 2796 1
2649 1684 2684 1
2806 2347 2900 1
75 76 2787 1
349 346 2905 1
1709 1707 2772 1
2763 2477 2914 1
344 342 2880 1
2443 2442 2828 1
1821 1610 2759 1
1613 2477 2763 1
1839 1663 2810 1
1671 1549 2754 1
2001 2002 2902 1
843 1287 2799 1
1674 1974 2782 1
169 170 2807 1
1687 2300 2735 1
2581 1553 2713 1
2621 1648 2866 1
272 2319 2836 1
2079 744 2868 1
2722 81 2751 1
216 217 2867 1
1014 2359 2784 1
1349 1617 2749 1
1089 2004 2884 1
2079 2868 2869 1
2700 1073 2872 1
2034 2030 2826 1
1522 2555 2785 1
1403 2408 2862 1
1678 2689 2753 1
178 179 2803 1
2212 1985 2820 1
1664 1847 2789 1
381 379 2766 1
183 265 2553 1
1765 1766 2897 1
1278 2348 2729 1
1091 2393 2712 1
2134 263 2725 1
1890 1658 2817 1
2438 2361 2667 1
136 285 2859 1
215 216 2858 1
1368 1198 2927 1
1725 1321 2812 1
1644 1538 2915 1
2627 1818 2692 1
2810 278 2858 1
2584 1684 2646 1
260 2600 2928 1
225 277 2675 1
175 176 2797 1
1716 1718 2824 1
2031 2033 2850 1
491 488 2835 1
1579 1649 2742 1
2462 1857 2880 1
2151 1760 2802 1
260 218 2600 1
100 101 2805 1
2888 2020 2891 1
2558 1620 2763 1
1629 2547 2648 1
1724 1552 2823 1
1591 2728 2840 1
241 47 2809 1
2407 2201 2736 1
2168 1403 2862 1
1105 1106 2895 1
2487 1765 2897 1
1878 2700 2829 1
2784 2359 2830 1
50 51 2848 1
744 745 2870 1
172 173 2816 1
1599 2714 2750 1
1996 1998 2918 1
948 2438 2667 1
1210 2020 2888 1
84 85 2919 1
558 2347 2806 1
2227 1927 2774 1
1298 1061 2879 1
1476 1691 2832 1
197 234 2877 1
1633 2167 2896 1
2033 2882 2887 1
305 2527 2758 1
291 2514 2719 1
52 244 2777 1
2077 2079 2869 1
2868 744 2870 1
312 220 2663 1
1447 2001 2902 1
2177 2178 2924 1
308 2553 2636 1
1651 2250 2811 1
2491 303 2866 1
233 2465 2771 1
2443 2828 2863 1
2078 2076 2874 1
2203 2550 2666 1
2509 1924 2873 1
709 822 2873 1
1565 1703 2756 1
1732 1731 2784 1
53 54 2921 1
2319 1631 2836 1
2033 2035 2882 1
764 633 2845 1
2783 702 2833 1
2168 1565 2779 1
1728 1727 2819 1
2539 265 2748 1
56 57 2937 1
265 184 2748 1
1838 2806 2900 1
219 312 2600 1
2328 1208 2798 1
1228 1725 2893 1
2188 1489 2855 1
1023 1010 2765 1
2161 1878 2829 1
301 2455 2864 1
1828 1827 2923 1
217 260 2867 1
1887 2324 2906 1
1561 2693 2860 1
325 327 2755 1
1809 1623 2808 1
2297 863 2910 1
2599 1640 2710 1
1024 2298 2890 1
2882 2035 2910 1
1655 2309 2926 1
2035 2037 2910 1
1802 287 2929 1
1609 1588 2551 1
1250 1022 2856 1
2648 2547 2691 1
2796 84 2919 1
2284 1216 2925 1
1216 982 2908 1
1654 2889 2904 1
984 1223 2814 1
1732 2784 2830 1
1250 2856 2898 1
2395 1678 2752 1
1647 1377 2891 1
2647 1570 2794 1
2359 1543 2830 1
1743 1742 2864 1
2301 1358 2842 1
863 2450 2882 1
1686 1591 2840 1
1800 1732 2830 1
1735 1250 2898 1
1661 2415 2914 1
285 137 2568 1
2890 2298 2904 1
2742 694 2791 1
1243 1065 2899 1
72 73 2932 1
1573 2295 2831 1
315 314 2643 1
2406 948 2761 1
2393 702 2783 1
2672 1641 2701 1
2302 305 2817 1
1565 2756 2779 1
1457 2092 2853 1
54 2290 2921 1
2677 263 2911 1
1654 1784 2889 1
454 456 2854 1
386 409 2935 1
1734 1596 2847 1
1985 2680 2820 1
1717 1716 2912 1
807 2648 2691 1
1927 1645 2925 1
1263 1338 2903 1
221 283 2663 1
2768 1667 2821 1
2326 2641 2776 1
2164 2380 2822 1
1722 2217 2839 1
1693 1353 2907 1
817 2760 2835 1
232 2763 2914 1
2493 1599 2750 1
263 2677 2725 1
1670 2384 2878 1
2324 1487 2906 1
2253 701 2861 1
223 313 2690 1
2631 72 2932 1
2547 1566 2691 1
948 2667 2761 1
283 222 2690 1
1681 2342 2679 1
1660 2512 2888 1
2792 1882 2828 1
281 2573 2892 1
2287 1656 2849 1
313 224 2675 1
1701 1561 2860 1
1760 2499 2802 1
1007 2256 2795 1
1667 1767 2821 1
1716 2824 2912 1
1964 2597 2934 1
2809 1825 2926 1
2428 1667 2768 1
1968 2590 2789 1
1737 1508 2883 1
55 276 2920 1
1657 2876 2885 1
2908 1927 2925 1
1755 2489 2825 1
1538 2419 2915 1
1467 1700 2857 1
702 2373 2833 1
2298 1654 2904 1
1695 2693 2892 1
1657 2344 2876 1
234 2793 2877 1
1469 2430 2924 1
333 1073 2909 1
2712 2393 2783 1
2674 1680 2707 1
1675 2337 2846 1
306 2521 2894 1
1842 2370 2930 1
133 134 2917 1
1216 2908 2925 1
1807 2518 2881 1
263 146 2911 1
2377 2318 2887 1
2756 1970 2779 1
2375 1670 2878 1
2560 230 2778 1
2347 918 2900 1
2455 1743 2864 1
676 2426 2792 1
1865 1864 2895 1
2555 2124 2785 1
134 314 2917 1
676 2792 2828 1
2619 558 2823 1
1553 2649 2684 1
672 2821 2913 1
2489 1688 2757 1
2756 1703 2841 1
2858 216 2867 1
2747 1581 2813 1
2459 2631 2932 1
2430 2177 2924 1
2678 1675 2846 1
232 2558 2763 1
2659 1046 2753 1
2342 284 2679 1
1710 2601 2743 1
1630 2659 2753 1
240 2487 2897 1
312 2663 2710 1
701 2638 2918 1
2308 2560 2778 1
1073 2515 2872 1
287 2620 2929 1
2693 281 2892 1
2535 259 2901 1
2442 676 2828 1
2641 1551 2776 1
1822 2491 2866 1
2518 1844 2881 1
2828 1882 2863 1
487 2756 2841 1
2034 2826 2854 1
185 2686 2748 1
2532 306 2894 1
2490 1657 2885 1
259 2511 2901 1
2477 1661 2914 1
280 2486 2934 1
311 2552 2933 1
2515 1904 2872 1
313 2675 2732 1
2573 1696 2892 1
1839 2858 2867 1
918 2651 2923 1
186 304 2686 1
2603 272 2836 1
2107 315 2786 1
2700 1879 2909 1
314 135 2859 1
264 2614 2717 1
1703 2585 2841 1
1073 2700 2909 1
1046 2752 2753 1
2699 1298 2879 1
2752 1678 2753 1
2112 2583 2827 1
321 2623 2844 1
2521 1969 2894 1
2489 2757 2825 1
313 2732 2922 1
303 2621 2866 1
2597 280 2934 1
1839 2810 2858 1
2643 314 2859 1
2788 764 2845 1
1718 2720 2824 1
285 2568 2800 1
2720 2063 2824 1
2740 273 2849 1
298 133 2917 1
1821 2759 2848 1
533 2724 2896 1
1603 2698 2843 1
285 2643 2859 1
1761 2747 2813 1
2694 2168 2862 1
1910 2699 2879 1
2290 2709 2921 1
2692 1817 2871 1
1685 2791 2936 1
2760 1783 2835 1
2804 240 2897 1
2822 1476 2832 1
2164 2822 2832 1
1859 2788 2845 1
2852 1647 2891 1
1766 2804 2897 1
2769 2103 2899 1
2318 2850 2887 1
2774 1927 2908 1
771 2881 2886 1
2821 1767 2913 1
2690 313 2922 1
2881 1844 2886 1
2850 2033 2887 1
2020 2852 2891 1
241 2809 2926 1
130 2107 2786 1
131 132 298 1

End
