MeshVersionFormatted 2
Dimension 3

Vertices
5696
-1.8910223063188536e-01 -2.7604345584259432e-01 0.0000000000000000e+00 1
-1.8463037043492614e-01 -2.8017240854635289e-01 0.0000000000000000e+00 1
-1.7978471136570190e-01 -2.8448174665396248e-01 0.0000000000000000e+00 1
-1.7458083984533215e-01 -2.8895568688529782e-01 0.0000000000000000e+00 1
-1.6903434229493641e-01 -2.9357844596023380e-01 0.0000000000000000e+00 1
-1.6316080513563408e-01 -2.9833424059864500e-01 0.0000000000000000e+00 1
-1.5697581478854480e-01 -3.0320728752040627e-01 0.0000000000000000e+00 1
-1.5049495767478799e-01 -3.0818180344539259e-01 0.0000000000000000e+00 1
-1.4373382021548314e-01 -3.1324200509347855e-01 0.0000000000000000e+00 1
-1.3670798883174978e-01 -3.1837210918453895e-01 0.0000000000000000e+00 1
-1.2943304994470739e-01 -3.2355633243844867e-01 0.0000000000000000e+00 1
-1.2192458997547545e-01 -3.2877889157508233e-01 0.0000000000000000e+00 1
-1.1419819534517341e-01 -3.3402400331431470e-01 0.0000000000000000e+00 1
-1.0626945247492091e-01 -3.3927588437602085e-01 0.0000000000000000e+00 1
-9.8153947785837234e-02 -3.4451875148007527e-01 0.0000000000000000e+00 1
-8.9867267699042117e-02 -3.4973682134635281e-01 0.0000000000000000e+00 1
-8.1424998635654888e-02 -3.5491431069472834e-01 0.0000000000000000e+00 1
-7.2842727016795103e-02 -3.6003543624507650e-01 0.0000000000000000e+00 1
-6.4136039263582231e-02 -3.6508441471727210e-01 0.0000000000000000e+00 1
-5.5320521797135758e-02 -3.7004546283119005e-01 0.0000000000000000e+00 1
-4.6411761038575278e-02 -3.7490279730670517e-01 0.0000000000000000e+00 1
-3.7425343409020137e-02 -3.7964063486369182e-01 0.0000000000000000e+00 1
-2.8376855329589935e-02 -3.8424319222202530e-01 0.0000000000000000e+00 1
-1.9281883221404134e-02 -3.8869468610158009e-01 0.0000000000000000e+00 1
-1.0156013505582260e-02 -3.9297933322223105e-01 0.0000000000000000e+00 1
-1.0148326032437651e-03 -3.9708135030385289e-01 0.0000000000000000e+00 1
8.1260730644918174e-03 -4.0098495406632051e-01 0.0000000000000000e+00 1
1.7251117076505031e-02 -4.0467436122950862e-01 0.0000000000000000e+00 1
2.6344713011676398e-02 -4.0813378851329202e-01 0.0000000000000000e+00 1
3.5391274448886331e-02 -4.1134745263754546e-01 0.0000000000000000e+00 1
4.4375214967015394e-02 -4.1429957032214376e-01 0.0000000000000000e+00 1
5.3280948144944093e-02 -4.1697435828696172e-01 0.0000000000000000e+00 1
6.2092887561552901e-02 -4.1935603325187404e-01 0.0000000000000000e+00 1
7.0795446795722389e-02 -4.2142881193675552e-01 0.0000000000000000e+00 1
7.9373039426332975e-02 -4.2317691106148098e-01 0.0000000000000000e+00 1
8.7810079032265231e-02 -4.2458454734592521e-01 0.0000000000000000e+00 1
9.6090979192399631e-02 -4.2563593750996292e-01 0.0000000000000000e+00 1
1.0420015348561673e-01 -4.2631529827346898e-01 0.0000000000000000e+00 1
1.1212201549079695e-01 -4.2660684635631807e-01 0.0000000000000000e+00 1
1.1984097878682082e-01 -4.2649479847838512e-01 0.0000000000000000e+00 1
1.2734145695256888e-01 -4.2596337135954476e-01 0.0000000000000000e+00 1
1.3460786356692162e-01 -4.2499678171967181e-01 0.0000000000000000e+00 1
1.4162461220875952e-01 -4.2357924627864102e-01 0.0000000000000000e+00 1
1.4837611645696308e-01 -4.2169498175632730e-01 0.0000000000000000e+00 1
1.5484678989041289e-01 -4.1932820487260525e-01 0.0000000000000000e+00 1
1.6102104608798934e-01 -4.1646313234734977e-01 0.0000000000000000e+00 1
1.6688329862857298e-01 -4.1308398090043569e-01 0.0000000000000000e+00 1
1.7344032120840064e-01 -4.0864054195607458e-01 0.0000000000000000e+00 1
1.7989936406068374e-01 -4.0375883648017369e-01 0.0000000000000000e+00 1
1.8625891138447104e-01 -3.9845431566003114e-01 0.0000000000000000e+00 1
1.9251744737881124e-01 -3.9274243068294545e-01 0.0000000000000000e+00 1
1.9867345624275295e-01 -3.8663863273621479e-01 0.0000000000000000e+00 1
2.0472542217534487e-01 -3.8015837300713745e-01 0.0000000000000000e+00 1
2.1067182937563575e-01 -3.7331710268301188e-01 0.0000000000000000e+00 1
2.1651116204267412e-01 -3.6613027295113632e-01 0.0000000000000000e+00 1
2.2224190437550875e-01 -3.5861333499880904e-01 0.0000000000000000e+00 1
2.2786254057318839e-01 -3.5078174001332840e-01 0.0000000000000000e+00 1
2.3337155483476155e-01 -3.4265093918199269e-01 0.0000000000000000e+00 1
2.3876743135927708e-01 -3.3423638369210024e-01 0.0000000000000000e+00 1
2.4404865434578346e-01 -3.2555352473094934e-01 0.0000000000000000e+00 1
2.4921370799332959e-01 -3.1661781348583828e-01 0.0000000000000000e+00 1
2.5426107650096397e-01 -3.0744470114406541e-01 0.0000000000000000e+00 1
2.5918924406773536e-01 -2.9804963889292907e-01 0.0000000000000000e+00 1
2.6399669489269240e-01 -2.8844807791972749e-01 0.0000000000000000e+00 1
2.6868191317488388e-01 -2.7865546941175906e-01 0.0000000000000000e+00 1
2.7324338311335827e-01 -2.6868726455632208e-01 0.0000000000000000e+00 1
2.7767958890716443e-01 -2.5855891454071478e-01 0.0000000000000000e+00 1
2.8198901475535099e-01 -2.4828587055223555e-01 0.0000000000000000e+00 1
2.8617014485696657e-01 -2.3788358377818267e-01 0.0000000000000000e+00 1
2.9022146341105992e-01 -2.2736750540585446e-01 0.0000000000000000e+00 1
2.9414145461667962e-01 -2.1675308662254913e-01 0.0000000000000000e+00 1
2.9792860267287441e-01 -2.0605577861556520e-01 0.0000000000000000e+00 1
3.0158139177869303e-01 -1.9529103257220093e-01 0.0000000000000000e+00 1
3.0509830613318412e-01 -1.8447429967975448e-01 0.0000000000000000e+00 1
3.0847782993539624e-01 -1.7362103112552432e-01 0.0000000000000000e+00 1
3.1171844738437821e-01 -1.6274667809680868e-01 0.0000000000000000e+00 1
3.1481864267917870e-01 -1.5186669178090592e-01 0.0000000000000000e+00 1
3.1777690001884640e-01 -1.4099652336511428e-01 0.0000000000000000e+00 1
3.2059170360242983e-01 -1.3015162403673211e-01 0.0000000000000000e+00 1
3.2326153762897786e-01 -1.1934744498305772e-01 0.0000000000000000e+00 1
3.2578488629753904e-01 -1.0859943739138947e-01 0.0000000000000000e+00 1
3.2816023380716208e-01 -9.7923052449025563e-02 0.0000000000000000e+00 1
3.3038606435689571e-01 -8.7333741343264409e-02 0.0000000000000000e+00 1
3.3246086214578852e-01 -7.6846955261404254e-02 0.0000000000000000e+00 1
3.3438311137288929e-01 -6.6478145390743468e-02 0.0000000000000000e+00 1
3.3615129623724660e-01 -5.6242762918580318e-02 0.0000000000000000e+00 1
3.3776390093790920e-01 -4.6156259032213098e-02 0.0000000000000000e+00 1
3.3921940967392566e-01 -3.6234084918940188e-02 0.0000000000000000e+00 1
3.4051630664434479e-01 -2.6491691766059845e-02 0.0000000000000000e+00 1
3.4165307604821527e-01 -1.6944530760870387e-02 0.0000000000000000e+00 1
3.4262820208458555e-01 -7.6080530906701537e-03 0.0000000000000000e+00 1
3.4344016895250462e-01 1.5022900572425769e-03 0.0000000000000000e+00 1
3.4408746085102099e-01 1.0371047495569484e-02 0.0000000000000000e+00 1
3.4456856197918334e-01 1.8982768037012245e-02 0.0000000000000000e+00 1
3.4488195653604042e-01 2.7322000494272615e-02 0.0000000000000000e+00 1
3.4502612872064076e-01 3.5373293680052174e-02 0.0000000000000000e+00 1
3.4499956273203319e-01 4.3121196407052663e-02 0.0000000000000000e+00 1
3.4480074276926637e-01 5.0550257487975751e-02 0.0000000000000000e+00 1
3.4442815303138891e-01 5.7645025735523166e-02 0.0000000000000000e+00 1
3.4388027771744956e-01 6.4390049962396584e-02 0.0000000000000000e+00 1
3.4313574413074921e-01 7.0711889698682265e-02 0.0000000000000000e+00 1
3.4209671622372317e-01 7.7383121815981726e-02 0.0000000000000000e+00 1
3.4077029304112560e-01 8.4384522726915268e-02 0.0000000000000000e+00 1
3.3916357362771066e-01 9.1696868844103191e-02 0.0000000000000000e+00 1
3.3728365702823232e-01 9.9300936580165755e-02 0.0000000000000000e+00 1
3.3513764228744464e-01 1.0717750234772323e-01 0.0000000000000000e+00 1
3.3273262845010187e-01 1.1530734255939595e-01 0.0000000000000000e+00 1
3.3007571456095808e-01 1.2367123362780416e-01 0.0000000000000000e+00 1
3.2717399966476746e-01 1.3224995196556821e-01 0.0000000000000000e+00 1
3.2403458280628400e-01 1.4102427398530834e-01 0.0000000000000000e+00 1
3.2066456303026170e-01 1.4997497609964475e-01 0.0000000000000000e+00 1
3.1707103938145492e-01 1.5908283472119789e-01 0.0000000000000000e+00 1
3.1326111090461761e-01 1.6832862626258796e-01 0.0000000000000000e+00 1
3.0924187664450403e-01 1.7769312713643523e-01 0.0000000000000000e+00 1
3.0502043564586800e-01 1.8715711375536004e-01 0.0000000000000000e+00 1
3.0060388695346391e-01 1.9670136253198264e-01 0.0000000000000000e+00 1
2.9599932961204578e-01 2.0630664987892336e-01 0.0000000000000000e+00 1
2.9121386266636778e-01 2.1595375220880247e-01 0.0000000000000000e+00 1
2.8625458516118385e-01 2.2562344593424019e-01 0.0000000000000000e+00 1
2.8112859614124813e-01 2.3529650746785691e-01 0.0000000000000000e+00 1
2.7584299465131490e-01 2.4495371322227280e-01 0.0000000000000000e+00 1
2.7040487973613808e-01 2.5457583961010827e-01 0.0000000000000000e+00 1
2.6482135044047184e-01 2.6414366304398351e-01 0.0000000000000000e+00 1
2.5909950580907032e-01 2.7363795993651879e-01 0.0000000000000000e+00 1
2.5324644488668757e-01 2.8303950670033451e-01 0.0000000000000000e+00 1
2.4726926671807783e-01 2.9232907974805095e-01 0.0000000000000000e+00 1
2.4117507034799499e-01 3.0148745549228828e-01 0.0000000000000000e+00 1
2.3497095482119335e-01 3.1049541034566686e-01 0.0000000000000000e+00 1
2.2866401918242690e-01 3.1933372072080690e-01 0.0000000000000000e+00 1
2.2226136247644990e-01 3.2798316303032887e-01 0.0000000000000000e+00 1
2.1577008374801626e-01 3.3642451368685289e-01 0.0000000000000000e+00 1
2.0919728204188018e-01 3.4463854910299935e-01 0.0000000000000000e+00 1
2.0255005640279578e-01 3.5260604569138843e-01 0.0000000000000000e+00 1
1.9583550587551712e-01 3.6030777986464041e-01 0.0000000000000000e+00 1
1.8906072950479841e-01 3.6772452803537570e-01 0.0000000000000000e+00 1
1.8223282633539367e-01 3.7483706661621452e-01 0.0000000000000000e+00 1
1.7535889541205701e-01 3.8162617201977711e-01 0.0000000000000000e+00 1
1.6844603577954259e-01 3.8807262065868392e-01 0.0000000000000000e+00 1
1.6150134648260445e-01 3.9415718894555507e-01 0.0000000000000000e+00 1
1.5453192656599671e-01 3.9986065329301090e-01 0.0000000000000000e+00 1
1.4754487507447350e-01 4.0516379011367165e-01 0.0000000000000000e+00 1
1.4054729105278899e-01 4.1004737582015766e-01 0.0000000000000000e+00 1
1.3354627354569718e-01 4.1449218682508920e-01 0.0000000000000000e+00 1
1.2654892159795222e-01 4.1847899954108658e-01 0.0000000000000000e+00 1
1.1956233425430821e-01 4.2198859038077019e-01 0.0000000000000000e+00 1
1.1259361055951925e-01 4.2500173575676004e-01 0.0000000000000000e+00 1
1.0564984955833949e-01 4.2749921208167657e-01 0.0000000000000000e+00 1
9.8738150295523047e-02 4.2946179576814020e-01 0.0000000000000000e+00 1
9.1865611815823936e-02 4.3087026322877098e-01 0.0000000000000000e+00 1
8.5039333163996353e-02 4.3170539087618937e-01 0.0000000000000000e+00 1
7.7109641575862281e-02 4.3214632712604423e-01 0.0000000000000000e+00 1
6.8920586625152089e-02 4.3223160878710287e-01 0.0000000000000000e+00 1
6.0484994594784042e-02 4.3196899998560950e-01 0.0000000000000000e+00 1
5.1815691767676475e-02 4.3136626484780899e-01 0.0000000000000000e+00 1
4.2925504426747675e-02 4.3043116749994587e-01 0.0000000000000000e+00 1
3.3827258854915970e-02 4.2917147206826484e-01 0.0000000000000000e+00 1
2.4533781335099623e-02 4.2759494267901044e-01 0.0000000000000000e+00 1
1.5057898150216973e-02 4.2570934345842742e-01 0.0000000000000000e+00 1
5.4124355831863084e-03 4.2352243853276023e-01 0.0000000000000000e+00 1
-4.3897800830740592e-03 4.2104199202825338e-01 0.0000000000000000e+00 1
-1.4335922565645837e-02 4.1827576807115197e-01 0.0000000000000000e+00 1
-2.4413165581610718e-02 4.1523153078770020e-01 0.0000000000000000e+00 1
-3.4608682848050389e-02 4.1191704430414289e-01 0.0000000000000000e+00 1
-4.4909648082046554e-02 4.0834007274672451e-01 0.0000000000000000e+00 1
-5.5303235000680906e-02 4.0450838024168989e-01 0.0000000000000000e+00 1
-6.5776617321035138e-02 4.0042973091528333e-01 0.0000000000000000e+00 1
-7.6316968760190951e-02 3.9611188889374976e-01 0.0000000000000000e+00 1
-8.6911463035230022e-02 3.9156261830333372e-01 0.0000000000000000e+00 1
-9.7547273863234085e-02 3.8678968327027979e-01 0.0000000000000000e+00 1
-1.0821157496128482e-01 3.8180084792083258e-01 0.0000000000000000e+00 1
-1.1889154004646393e-01 3.7660387638123666e-01 0.0000000000000000e+00 1
-1.2957434283585306e-01 3.7120653277773691e-01 0.0000000000000000e+00 1
-1.4024715704653398e-01 3.6561658123657764e-01 0.0000000000000000e+00 1
-1.5089715639558834e-01 3.5984178588400345e-01 0.0000000000000000e+00 1
-1.6151151460009786e-01 3.5388991084625943e-01 0.0000000000000000e+00 1
-1.7207740537714425e-01 3.4776872024958977e-01 0.0000000000000000e+00 1
-1.8258200244380912e-01 3.4148597822023907e-01 0.0000000000000000e+00 1
-1.9301247951717426e-01 3.3504944888445215e-01 0.0000000000000000e+00 1
-2.0335601031432132e-01 3.2846689636847354e-01 0.0000000000000000e+00 1
-2.1359976855233204e-01 3.2174608479854799e-01 0.0000000000000000e+00 1
-2.2373092794828806e-01 3.1489477830091994e-01 0.0000000000000000e+00 1
-2.3373666221927111e-01 3.0792074100183409e-01 0.0000000000000000e+00 1
-2.4360414508236292e-01 3.0083173702753496e-01 0.0000000000000000e+00 1
-2.5332055025464512e-01 2.9363553050426749e-01 0.0000000000000000e+00 1
-2.6287305145319939e-01 2.8633988555827594e-01 0.0000000000000000e+00 1
-2.7224882239510739e-01 2.7895256631580517e-01 0.0000000000000000e+00 1
-2.8143503679745108e-01 2.7148133690309956e-01 0.0000000000000000e+00 1
-2.9041886837731185e-01 2.6393396144640396e-01 0.0000000000000000e+00 1
-2.9918749085177154e-01 2.5631820407196293e-01 0.0000000000000000e+00 1
-3.0772807793791185e-01 2.4864182890602102e-01 0.0000000000000000e+00 1
-3.1602780335281444e-01 2.4091260007482287e-01 0.0000000000000000e+00 1
-3.2407384081356100e-01 2.3313828170461323e-01 0.0000000000000000e+00 1
-3.3185336403723320e-01 2.2532663792163657e-01 0.0000000000000000e+00 1
-3.3935354674091284e-01 2.1748543285213753e-01 0.0000000000000000e+00 1
-3.4656156264168148e-01 2.0962243062236080e-01 0.0000000000000000e+00 1
-3.5346458545662102e-01 2.0174539535855096e-01 0.0000000000000000e+00 1
-3.6004978890281292e-01 1.9386209118695263e-01 0.0000000000000000e+00 1
-3.6630434669733902e-01 1.8598028223381044e-01 0.0000000000000000e+00 1
-3.7221543255728096e-01 1.7810773262536897e-01 0.0000000000000000e+00 1
-3.7777022019972045e-01 1.7025220648787295e-01 0.0000000000000000e+00 1
-3.8295588334173919e-01 1.6242146794756687e-01 0.0000000000000000e+00 1
-3.8775959570041885e-01 1.5462328113069548e-01 0.0000000000000000e+00 1
-3.9216853099284116e-01 1.4686541016350330e-01 0.0000000000000000e+00 1
-3.9616986293608780e-01 1.3915561917223501e-01 0.0000000000000000e+00 1
-3.9975076524724051e-01 1.3150167228313514e-01 0.0000000000000000e+00 1
-4.0289841164338092e-01 1.2391133362244841e-01 0.0000000000000000e+00 1
-4.0521181643257409e-01 1.1713512000593793e-01 0.0000000000000000e+00 1
-4.0700868534524204e-01 1.1011953531062312e-01 0.0000000000000000e+00 1
-4.0830449236241922e-01 1.0287642063154959e-01 0.0000000000000000e+00 1
-4.0911471146513995e-01 9.5417617063763116e-02 0.0000000000000000e+00 1
-4.0945481663443828e-01 8.7754965702309354e-02 0.0000000000000000e+00 1
-4.0934028185134858e-01 7.9900307642234020e-02 0.0000000000000000e+00 1
-4.0878658109690530e-01 7.1865483978582820e-02 0.0000000000000000e+00 1
-4.0780918835214242e-01 6.3662335806401446e-02 0.0000000000000000e+00 1
-4.0642357759809478e-01 5.5302704220735709e-02 0.0000000000000000e+00 1
-4.0464522281579618e-01 4.6798430316631189e-02 0.0000000000000000e+00 1
-4.0248959798628098e-01 3.8161355189133633e-02 0.0000000000000000e+00 1
-3.9997217709058364e-01 2.9403319933288742e-02 0.0000000000000000e+00 1
-3.9710843410973834e-01 2.0536165644142262e-02 0.0000000000000000e+00 1
-3.9391384302477939e-01 1.1571733416739881e-02 0.0000000000000000e+00 1
-3.9040387781674118e-01 2.5218643461272800e-03 0.0000000000000000e+00 1
-3.8659401246665787e-01 -6.6016004726498125e-03 0.0000000000000000e+00 1
-3.8249972095556384e-01 -1.5786819944545678e-02 0.0000000000000000e+00 1
-3.7813647726449345e-01 -2.5021952974514594e-02 0.0000000000000000e+00 1
-3.7351975537448079e-01 -3.4295158467510925e-02 0.0000000000000000e+00 1
-3.6866502926656036e-01 -4.3594595328488923e-02 0.0000000000000000e+00 1
-3.6358777292176631e-01 -5.2908422462402828e-02 0.0000000000000000e+00 1
-3.5830346032113303e-01 -6.2224798774207023e-02 0.0000000000000000e+00 1
-3.5282756544569460e-01 -7.1531883168855753e-02 0.0000000000000000e+00 1
-3.4717556227648561e-01 -8.0817834551303314e-02 0.0000000000000000e+00 1
-3.4136292479454017e-01 -9.0070811826504005e-02 0.0000000000000000e+00 1
-3.3540512698089264e-01 -9.9278973899412148e-02 0.0000000000000000e+00 1
-3.2931764281657727e-01 -1.0843047967498196e-01 0.0000000000000000e+00 1
-3.2311594628262846e-01 -1.1751348805816779e-01 0.0000000000000000e+00 1
-3.1681551136008040e-01 -1.2651615795392390e-01 0.0000000000000000e+00 1
-3.1043181202996745e-01 -1.3542664826720463e-01 0.0000000000000000e+00 1
-3.0398032227332383e-01 -1.4423311790296425e-01 0.0000000000000000e+00 1
-2.9747651607118386e-01 -1.5292372576615704e-01 0.0000000000000000e+00 1
-2.9093586740458183e-01 -1.6148663076173728e-01 0.0000000000000000e+00 1
-2.8437385025455203e-01 -1.6990999179465932e-01 0.0000000000000000e+00 1
-2.7780593860212888e-01 -1.7818196776987738e-01 0.0000000000000000e+00 1
-2.7124760642834650e-01 -1.8629071759234578e-01 0.0000000000000000e+00 1
-2.6471432771423919e-01 -1.9422440016701883e-01 0.0000000000000000e+00 1
-2.5822157644084143e-01 -2.0197117439885087e-01 0.0000000000000000e+00 1
-2.5178482658918727e-01 -2.0951919919279607e-01 0.0000000000000000e+00 1
-2.4541955214031119e-01 -2.1685663345380887e-01 0.0000000000000000e+00 1
-2.3914122707524732e-01 -2.2397163608684337e-01 0.0000000000000000e+00 1
-2.3296532537503017e-01 -2.3085236599685402e-01 0.0000000000000000e+00 1
-2.2690732102069389e-01 -2.3748698208879510e-01 0.0000000000000000e+00 1
-2.2098268799327273e-01 -2.4386364326762086e-01 0.0000000000000000e+00 1
-2.1520690027380110e-01 -2.4997050843828561e-01 0.0000000000000000e+00 1
-2.0959543184331320e-01 -2.5579573650574361e-01 0.0000000000000000e+00 1
-2.0416375668284339e-01 -2.6132748637494918e-01 0.0000000000000000e+00 1
-1.9892734877342599e-01 -2.6655391695085662e-01 0.0000000000000000e+00 1
-1.9390168209609521e-01 -2.7146318713842027e-01 0.0000000000000000e+00 1
-1.8329052260092638e-01 -2.7423518766173444e-01 0.0000000000000000e+00 1
-2.3058408177797091e-01 -2.2257533159685391e-01 0.0000000000000000e+00 1
3.3513784906190425e-01 -1.0582169528751142e-02 0.0000000000000000e+00 1
2.9900320446281081e-01 1.7879962203296673e-01 0.0000000000000000e+00 1
-1.2875119263239948e-01 -3.1494396916985823e-01 0.0000000000000000e+00 1
3.1548194612629210e-01 -1.1244039868206185e-01 0.0000000000000000e+00 1
-2.0318074324269914e-01 3.1625904483425049e-01 0.0000000000000000e+00 1
-2.8098764029880585e-01 -1.5991185254255075e-01 0.0000000000000000e+00 1
2.5374475143559427e-01 2.6393954168171418e-01 0.0000000000000000e+00 1
2.9019774644405538e-01 -1.9765944158145698e-01 0.0000000000000000e+00 1
-1.1981617377047123e-01 3.6518852199165919e-01 0.0000000000000000e+00 1
-3.3062986815100054e-01 -8.9702458038046343e-02 0.0000000000000000e+00 1
3.2952749509677060e-01 1.0141835633320198e-01 0.0000000000000000e+00 1
-6.5777743078431233e-02 -3.5393023644762422e-01 0.0000000000000000e+00 1
-2.7834338027709155e-01 2.5999019731025685e-01 0.0000000000000000e+00 1
2.0526229124419720e-01 3.3476882745868092e-01 0.0000000000000000e+00 1
2.6089504037112315e-01 -2.7046814833889882e-01 0.0000000000000000e+00 1
-3.7240151146036204e-01 -1.6841928242003965e-02 0.0000000000000000e+00 1
-3.6687495164612699e-02 4.0128276021052517e-01 0.0000000000000000e+00 1
-2.1343899825296761e-03 -3.8650457803620386e-01 0.0000000000000000e+00 1
-3.4361101593973897e-01 2.0094724378872822e-01 0.0000000000000000e+00 1
3.9192170309433456e-02 4.2118564214236881e-01 0.0000000000000000e+00 1
2.2884593463727138e-01 -3.3381151781838009e-01 0.0000000000000000e+00 1
-3.9971231686128272e-01 6.1641268177008324e-02 0.0000000000000000e+00 1
5.9659692171218005e-02 -4.1152688864914466e-01 0.0000000000000000e+00 1
1.5855150976012522e-01 3.8509890344759057e-01 0.0000000000000000e+00 1
3.3843989473284602e-01 3.9224707726375929e-02 0.0000000000000000e+00 1
1.9087853850315931e-01 -3.8526508900369993e-01 0.0000000000000000e+00 1
-3.8481064081086014e-01 1.4754645692250332e-01 0.0000000000000000e+00 1
3.2683094702301052e-01 -6.0245244528364147e-02 0.0000000000000000e+00 1
1.1297232643752456e-01 4.1817829711800930e-01 0.0000000000000000e+00 1
1.1585675705675043e-01 -4.2041251861847601e-01 0.0000000000000000e+00 1
-2.0370261094595388e-01 -2.5354721305039296e-01 0.0000000000000000e+00 1
-1.6198947680719891e-01 -2.9096903183700806e-01 0.0000000000000000e+00 1
-2.5405313838336213e-01 -1.9319656660499146e-01 0.0000000000000000e+00 1
2.8074399938322203e-01 2.1672026921087387e-01 0.0000000000000000e+00 1
-3.0824053567094845e-01 -1.2463689837667771e-01 0.0000000000000000e+00 1
-9.7759976720393868e-02 -3.3502636334872754e-01 0.0000000000000000e+00 1
3.0393299494358283e-01 -1.5459124354565268e-01 0.0000000000000000e+00 1
-1.6221074372087418e-01 3.4175825119079956e-01 0.0000000000000000e+00 1
-2.4196284490476294e-01 2.8939859287884290e-01 0.0000000000000000e+00 1
3.1766229160542170e-01 1.3260883388813441e-01 0.0000000000000000e+00 1
-4.0163415383943374e-01 1.0569499038524784e-01 0.0000000000000000e+00 1
-7.8470505002957686e-02 3.8462169929489237e-01 0.0000000000000000e+00 1
1.6146213605254658e-01 -4.0872200250240032e-01 0.0000000000000000e+00 1
2.3094451808287492e-01 3.0027606983245214e-01 0.0000000000000000e+00 1
-3.5336493865765584e-01 -5.3303148132415559e-02 0.0000000000000000e+00 1
-3.1322825018868788e-01 2.3008725958157308e-01 0.0000000000000000e+00 1
2.5276279140327368e-03 4.1428576415431323e-01 0.0000000000000000e+00 1
-3.8700169655618055e-01 1.7563279504992885e-02 0.0000000000000000e+00 1
3.3746198882702683e-01 7.2584261697906549e-02 0.0000000000000000e+00 1
7.2790155082074343e-02 4.2455529591514218e-01 0.0000000000000000e+00 1
-3.7819315250257654e-02 -3.6949655390125608e-01 0.0000000000000000e+00 1
2.8069942494777589e-01 -2.2993050156000452e-01 0.0000000000000000e+00 1
3.3643135829757925e-01 1.4503292574623808e-02 0.0000000000000000e+00 1
2.4864213686476783e-01 -2.9850723069792301e-01 0.0000000000000000e+00 1
2.4732973744401816e-02 -3.9879905149167466e-01 0.0000000000000000e+00 1
1.8636947647069585e-01 3.5804028722728626e-01 0.0000000000000000e+00 1
-3.6145328987613790e-01 1.7769597940206894e-01 0.0000000000000000e+00 1
2.1317283241572266e-01 -3.5659472346920235e-01 0.0000000000000000e+00 1
8.4903225675844754e-02 -4.1666108412924108e-01 0.0000000000000000e+00 1
1.4079580559474569e-01 4.0197864585556792e-01 0.0000000000000000e+00 1
-4.0271781648249949e-01 8.4923144789756419e-02 0.0000000000000000e+00 1
1.3706964407185412e-01 -4.1845898513627972e-01 0.0000000000000000e+00 1
9.3764656264978985e-02 4.2422017545956725e-01 0.0000000000000000e+00 1
-3.9432292343692144e-01 1.2531294244158248e-01 0.0000000000000000e+00 1
-2.1191663931577764e-01 -2.4216225581671072e-01 0.0000000000000000e+00 1
-1.4963786821045499e-01 -3.0027924392126742e-01 0.0000000000000000e+00 1
-1.9231830833906019e-01 -2.6498180626613688e-01 0.0000000000000000e+00 1
-2.4239254175153011e-01 -2.0747675353382314e-01 0.0000000000000000e+00 1
-1.1376565104677996e-01 -3.2511529703976638e-01 0.0000000000000000e+00 1
-2.6806865456726581e-01 -1.7738225471332292e-01 0.0000000000000000e+00 1
3.2272293394246709e-01 -8.0403686256405565e-02 0.0000000000000000e+00 1
-8.0875390681216325e-02 -3.4540442581074304e-01 0.0000000000000000e+00 1
3.3214173641374656e-01 -2.9467559098857388e-02 0.0000000000000000e+00 1
-2.9357007739021507e-01 -1.4319688134782399e-01 0.0000000000000000e+00 1
-1.7323197537043122e-01 -2.8253888280970452e-01 0.0000000000000000e+00 1
3.0989530156444506e-01 -1.3314858579568281e-01 0.0000000000000000e+00 1
3.1107161437535252e-01 1.5145290446332255e-01 0.0000000000000000e+00 1
2.8920913730789855e-01 1.9742285897707584e-01 0.0000000000000000e+00 1
2.6938847938120936e-01 2.3518232237964137e-01 0.0000000000000000e+00 1
2.9743875243353302e-01 -1.7604165049158751e-01 0.0000000000000000e+00 1
-2.2298868223536841e-01 3.0318312858264174e-01 0.0000000000000000e+00 1
-9.8684291093838611e-02 3.7514808764847768e-01 0.0000000000000000e+00 1
-3.1785310691778829e-01 -1.0803010760639722e-01 0.0000000000000000e+00 1
-1.8213025689871232e-01 3.3034188866694797e-01 0.0000000000000000e+00 1
-3.4210624259964356e-01 -7.1391256987380594e-02 0.0000000000000000e+00 1
-1.4072952744716427e-01 3.5378707278019778e-01 0.0000000000000000e+00 1
2.4126597169694153e-01 2.8322671057523802e-01 0.0000000000000000e+00 1
-2.6232876357911911e-01 2.7437920588470721e-01 0.0000000000000000e+00 1
2.7097074107101426e-01 -2.4970422898268596e-01 0.0000000000000000e+00 1
-2.9734740573196761e-01 2.4548981374063938e-01 0.0000000000000000e+00 1
-5.7234152928367796e-02 3.9305826832263296e-01 0.0000000000000000e+00 1
-1.9600541055370038e-02 -3.7904519577809365e-01 0.0000000000000000e+00 1
3.2410492867085189e-01 1.1688400745525082e-01 0.0000000000000000e+00 1
2.1883534258696793e-01 3.1894722196974601e-01 0.0000000000000000e+00 1
-1.6861433373540367e-02 4.0841990533195888e-01 0.0000000000000000e+00 1
-3.6308931606010486e-01 -3.4766909581704690e-02 0.0000000000000000e+00 1
-3.2889726171506239e-01 2.1517607252831383e-01 0.0000000000000000e+00 1
2.3752195344330584e-01 -3.1698622626564377e-01 0.0000000000000000e+00 1
-3.8062465736290402e-01 1.7946393025603745e-03 0.0000000000000000e+00 1
4.2418522524545928e-02 -4.0510810595246571e-01 0.0000000000000000e+00 1
2.1408921695137462e-02 4.1854576713130798e-01 0.0000000000000000e+00 1
1.7297997806146737e-01 3.7234307077834505e-01 0.0000000000000000e+00 1
3.3851854423662575e-01 5.4000928402374179e-02 0.0000000000000000e+00 1
3.3380787356254366e-01 8.6169370830887673e-02 0.0000000000000000e+00 1
-3.7302508136348111e-01 1.6228501486659017e-01 0.0000000000000000e+00 1
-3.9363711229516096e-01 3.5162783188695798e-02 0.0000000000000000e+00 1
2.0236991414195818e-01 -3.7203704952763272e-01 0.0000000000000000e+00 1
5.7880744496610653e-02 4.2508852599018560e-01 0.0000000000000000e+00 1
1.7131629051817995e-01 -4.0094020979721390e-01 0.0000000000000000e+00 1
1.0050863803437374e-01 -4.1951459621423881e-01 0.0000000000000000e+00 1
1.2658389670433828e-01 4.1092375409914161e-01 0.0000000000000000e+00 1
1.4991543237385888e-01 -4.1591198056262696e-01 0.0000000000000000e+00 1
-1.5600316702515837e-01 -2.9552743015233407e-01 0.0000000000000000e+00 1
-1.5470717930919992e-01 -2.8807756783192590e-01 0.0000000000000000e+00 1
-1.6096627672805647e-01 -2.8367584944638047e-01 0.0000000000000000e+00 1
-1.5373863873138288e-01 -2.8070631000746293e-01 0.0000000000000000e+00 1
-1.6028798840521916e-01 -2.7624115217932438e-01 0.0000000000000000e+00 1
-1.5335428620372202e-01 -2.7320002877519028e-01 0.0000000000000000e+00 1
-1.4693295904073789e-01 -2.7773558670520310e-01 0.0000000000000000e+00 1
-1.4623420244658722e-01 -2.7008785506911026e-01 0.0000000000000000e+00 1
-1.5267229935206875e-01 -2.6548424755604944e-01 0.0000000000000000e+00 1
-1.4541467255589505e-01 -2.6233887925451527e-01 0.0000000000000000e+00 1
-1.3908970904114301e-01 -2.6699826867452114e-01 0.0000000000000000e+00 1
-1.3818352017018265e-01 -2.5916464580259146e-01 0.0000000000000000e+00 1
-1.3184525331589847e-01 -2.6385399184066144e-01 0.0000000000000000e+00 1
-1.3089678736358823e-01 -2.5600397995181801e-01 0.0000000000000000e+00 1
-1.2451336867018346e-01 -2.6076920131491177e-01 0.0000000000000000e+00 1
-1.2357090486182029e-01 -2.5284321262902865e-01 0.0000000000000000e+00 1
-1.1717893233647017e-01 -2.5756674167868832e-01 0.0000000000000000e+00 1
-1.1633016606743070e-01 -2.4980592779390504e-01 0.0000000000000000e+00 1
-1.0982712901783183e-01 -2.5440829957916211e-01 0.0000000000000000e+00 1
-1.0912958077801412e-01 -2.4524541217795970e-01 0.0000000000000000e+00 1
-1.0248741722550350e-01 -2.5093123749823321e-01 0.0000000000000000e+00 1
-1.0143375366428975e-01 -2.4326388041184233e-01 0.0000000000000000e+00 1
-9.4983791205853860e-02 -2.4797269986781478e-01 0.0000000000000000e+00 1
-9.3997140897675260e-02 -2.4002583203235384e-01 0.0000000000000000e+00 1
-8.7520515414157340e-02 -2.4478529236545568e-01 0.0000000000000000e+00 1
-8.6534884148563598e-02 -2.3679289126238323e-01 0.0000000000000000e+00 1
-8.0030454328389511e-02 -2.4159115963012473e-01 0.0000000000000000e+00 1
-7.9044679995849465e-02 -2.3355219428571683e-01 0.0000000000000000e+00 1
-7.2533986047391946e-02 -2.3831103083737051e-01 0.0000000000000000e+00 1
-7.1529542919958500e-02 -2.3028507537906562e-01 0.0000000000000000e+00 1
-6.4937072155493658e-02 -2.3521177945005844e-01 0.0000000000000000e+00 1
-6.3999888404466854e-02 -2.2703186883024978e-01 0.0000000000000000e+00 1
-7.0611231291208734e-02 -2.2212011321472158e-01 0.0000000000000000e+00 1
-6.3031250502161407e-02 -2.1881141739582902e-01 0.0000000000000000e+00 1
-6.9714429103053713e-02 -2.1384883716040642e-01 0.0000000000000000e+00 1
-6.2432299342540423e-02 -2.1046152899463003e-01 0.0000000000000000e+00 1
-6.8871013499421846e-02 -2.0548071194119513e-01 0.0000000000000000e+00 1
-6.1518677497593849e-02 -2.0205461574487088e-01 0.0000000000000000e+00 1
-6.7928142000397401e-02 -1.9703978889943152e-01 0.0000000000000000e+00 1
-6.0113390834098474e-02 -1.9361712487196295e-01 0.0000000000000000e+00 1
-6.6931453286405013e-02 -1.8853272698121581e-01 0.0000000000000000e+00 1
-5.9527471609759935e-02 -1.8500366442326904e-01 0.0000000000000000e+00 1
-6.6017511540931939e-02 -1.7989988032948392e-01 0.0000000000000000e+00 1
-5.8624704805149343e-02 -1.7626686751659795e-01 0.0000000000000000e+00 1
-6.6792436089979659e-02 -1.7043314634798112e-01 0.0000000000000000e+00 1
-5.7414493157311605e-02 -1.6747151673820648e-01 0.0000000000000000e+00 1
-6.4473604151185540e-02 -1.6159071217567630e-01 0.0000000000000000e+00 1
-5.4105113700702048e-02 -1.5860236851560103e-01 0.0000000000000000e+00 1
-6.2708465539733277e-02 -1.5326273791601425e-01 0.0000000000000000e+00 1
-5.4252763142970319e-02 -1.4949538679265850e-01 0.0000000000000000e+00 1
-6.1675172228614794e-02 -1.4468275307945586e-01 0.0000000000000000e+00 1
-5.3802426884335008e-02 -1.4096314950564734e-01 0.0000000000000000e+00 1
-6.0772480617745817e-02 -1.3589148257368483e-01 0.0000000000000000e+00 1
-5.2805592444558541e-02 -1.3229875592208315e-01 0.0000000000000000e+00 1
-5.9773761853532226e-02 -1.2701732456604489e-01 0.0000000000000000e+00 1
-5.1742554942124583e-02 -1.2335507055141770e-01 0.0000000000000000e+00 1
-5.8769198649026244e-02 -1.1805100868056898e-01 0.0000000000000000e+00 1
-5.0739331658877521e-02 -1.1438506141770702e-01 0.0000000000000000e+00 1
-5.7748163606664744e-02 -1.0903481341518546e-01 0.0000000000000000e+00 1
-4.9740126195523565e-02 -1.0535791736201101e-01 0.0000000000000000e+00 1
-5.6716478089258643e-02 -9.9966671029727519e-02 0.0000000000000000e+00 1
-4.8716768559226777e-02 -9.6277092992439237e-02 0.0000000000000000e+00 1
-5.6015535924569544e-02 -9.0807498055578917e-02 0.0000000000000000e+00 1
-4.7707897015347146e-02 -8.7109823122232727e-02 0.0000000000000000e+00 1
-5.5077340109018803e-02 -8.1628179488870897e-02 0.0000000000000000e+00 1
-4.6719026632186203e-02 -7.7896407046326138e-02 0.0000000000000000e+00 1
-5.4078257550777012e-02 -7.2376828755498335e-02 0.0000000000000000e+00 1
-4.5508033141585989e-02 -6.8664039437286675e-02 0.0000000000000000e+00 1
-5.3028863192085010e-02 -6.3086066228949175e-02 0.0000000000000000e+00 1
-4.4576817520910250e-02 -5.9319476937458510e-02 0.0000000000000000e+00 1
-5.2014036674834299e-02 -5.3732105507802677e-02 0.0000000000000000e+00 1
-4.3570944945232878e-02 -4.9935019588545168e-02 0.0000000000000000e+00 1
-5.0988237056437999e-02 -4.4322540343490292e-02 0.0000000000000000e+00 1
-4.2238529411512848e-02 -4.0546430881930495e-02 0.0000000000000000e+00 1
-4.9902369760798385e-02 -3.4863946428693997e-02 0.0000000000000000e+00 1
-4.1366494272807863e-02 -3.1018897958125322e-02 0.0000000000000000e+00 1
-3.5594143247043381e-02 -5.5589135957882604e-02 0.0000000000000000e+00 1
-4.8878789616579502e-02 -2.5334544702469063e-02 0.0000000000000000e+00 1
-4.0360340807667233e-02 -2.1456452661014862e-02 0.0000000000000000e+00 1
-4.2349222649282127e-02 -1.1048432487932018e-01 0.0000000000000000e+00 1
-5.5570427407933651e-02 -2.1450084475185319e-01 0.0000000000000000e+00 1
-4.8363708626998604e-02 -1.6569465489173091e-01 0.0000000000000000e+00 1
-4.7853161242766160e-02 -1.5752998883515612e-02 0.0000000000000000e+00 1
-3.8906373834811776e-02 -1.1902204684706267e-02 0.0000000000000000e+00 1
-4.6745375309830903e-02 -6.1166566243922044e-03 0.0000000000000000e+00 1
-3.8108912343363062e-02 -2.1840380569569029e-03 0.0000000000000000e+00 1
-4.5655325424291474e-02 3.5133631558783582e-03 0.0000000000000000e+00 1
-3.6639671318509495e-02 7.4068216375859190e-03 0.0000000000000000e+00 1
-2.8172117274835894e-02 6.0827495644481832e-04 0.0000000000000000e+00 1
-2.7495696979042902e-02 1.1138421459735842e-02 0.0000000000000000e+00 1
-1.9739764326201351e-02 5.5415788861243485e-03 0.0000000000000000e+00 1
-1.8536534975602238e-02 1.5188366670712392e-02 0.0000000000000000e+00 1
-1.0658849797667810e-02 9.3816024263884638e-03 0.0000000000000000e+00 1
-9.5246678935983018e-03 1.9182585183148460e-02 0.0000000000000000e+00 1
-1.5962290543052827e-03 1.3293139328768619e-02 0.0000000000000000e+00 1
-4.3371501261206937e-04 2.3055936241396034e-02 0.0000000000000000e+00 1
7.4613403048936055e-03 1.7244555992065348e-02 0.0000000000000000e+00 1
8.6508069136650451e-03 2.6976714141432174e-02 0.0000000000000000e+00 1
1.6549672107648215e-02 2.1173147631553996e-02 0.0000000000000000e+00 1
-6.7766557003074769e-04 3.2314765938765776e-02 0.0000000000000000e+00 1
1.7742901849257708e-02 3.0912159835286605e-02 0.0000000000000000e+00 1
2.5644105837545304e-02 2.5130688801120418e-02 0.0000000000000000e+00 1
2.6708536987916948e-02 3.4839394603231183e-02 0.0000000000000000e+00 1
3.4740655800011178e-02 2.9074834785259920e-02 0.0000000000000000e+00 1
-5.4626518829678422e-02 -3.4365555332385847e-04 0.0000000000000000e+00 1
-5.3831977516102837e-02 8.8931236837616456e-03 0.0000000000000000e+00 1
3.5472700645777192e-02 3.8820183666776094e-02 0.0000000000000000e+00 1
-6.2629537097588769e-02 5.3902579963431077e-03 0.0000000000000000e+00 1
-6.1867312797055665e-02 1.4780659164653508e-02 0.0000000000000000e+00 1
4.3783268450922938e-02 3.3027350608464318e-02 0.0000000000000000e+00 1
-7.0661721342529252e-02 1.1238019225078968e-02 0.0000000000000000e+00 1
-6.9533383572072741e-02 2.1074558365195468e-02 0.0000000000000000e+00 1
-7.8662270920510022e-02 1.7194427302449584e-02 0.0000000000000000e+00 1
4.4609244016939276e-02 4.2901526552039895e-02 0.0000000000000000e+00 1
5.2900456087978533e-02 3.6945434628786418e-02 0.0000000000000000e+00 1
5.2071520914487579e-02 2.7519837307762408e-02 0.0000000000000000e+00 1
-7.7012394403668596e-02 2.7385503815370377e-02 0.0000000000000000e+00 1
-8.6409245937022927e-02 2.3522947699978210e-02 0.0000000000000000e+00 1
6.0947102638704967e-02 3.1081293126142565e-02 0.0000000000000000e+00 1
6.0098680381968923e-02 2.1661200204449647e-02 0.0000000000000000e+00 1
5.4070997961138470e-02 4.6822076715401985e-02 0.0000000000000000e+00 1
4.5746992079462291e-02 5.2825638744352491e-02 0.0000000000000000e+00 1
-8.5609697246821714e-02 3.3169988720901641e-02 0.0000000000000000e+00 1
-9.4573597107622837e-02 2.9519819083800421e-02 0.0000000000000000e+00 1
5.5256022058223199e-02 5.6752151730846204e-02 0.0000000000000000e+00 1
4.6917990966272728e-02 6.2778503343060343e-02 0.0000000000000000e+00 1
6.8899149197894499e-02 2.5192909861224817e-02 0.0000000000000000e+00 1
6.8062958626755654e-02 1.5807388128909319e-02 0.0000000000000000e+00 1
5.6447047326649825e-02 6.6727497573142280e-02 0.0000000000000000e+00 1
4.8071487264843268e-02 7.2779049642138952e-02 0.0000000000000000e+00 1
-9.3370898399287194e-02 3.9705378206994366e-02 0.0000000000000000e+00 1
-1.0301059215125681e-01 3.5165516832669122e-02 0.0000000000000000e+00 1
7.6830517489513209e-02 1.9299221977983550e-02 0.0000000000000000e+00 1
7.5982784347196242e-02 9.8988241753765176e-03 0.0000000000000000e+00 1
5.7641804915049055e-02 7.6747162838210370e-02 0.0000000000000000e+00 1
4.8996643370434190e-02 8.2846659610839618e-02 0.0000000000000000e+00 1
-1.0152450843770192e-01 4.5777240502448135e-02 0.0000000000000000e+00 1
-1.1119508384470808e-01 4.1251373008944707e-02 0.0000000000000000e+00 1
8.4765410768390809e-02 1.3389710668714576e-02 0.0000000000000000e+00 1
8.3609068196558570e-02 3.5576151799000151e-03 0.0000000000000000e+00 1
-6.3332721018746041e-02 -8.6103722913824926e-02 0.0000000000000000e+00 1
5.8362802627852581e-02 8.6864857199500156e-02 0.0000000000000000e+00 1
4.9985136205054688e-02 9.2930045078997686e-02 0.0000000000000000e+00 1
-1.1002514902868596e-01 5.1352451050681903e-02 0.0000000000000000e+00 1
-1.1948692656384599e-01 4.7232463794237664e-02 0.0000000000000000e+00 1
5.9446590718268556e-02 9.7015322797105202e-02 0.0000000000000000e+00 1
5.1622137710998953e-02 1.0301874331345580e-01 0.0000000000000000e+00 1
9.2672162087330201e-02 7.3936900128584813e-03 0.0000000000000000e+00 1
9.1501549244917768e-02 -2.4829972443677585e-03 0.0000000000000000e+00 1
6.1151206512166642e-02 1.0711754560022781e-01 0.0000000000000000e+00 1
5.3018425098922670e-02 1.1320459227721205e-01 0.0000000000000000e+00 1
-1.1822722906635511e-01 5.7354052369227151e-02 0.0000000000000000e+00 1
-1.2776452953368075e-01 5.3286314066048869e-02 0.0000000000000000e+00 1
-1.2033156138335084e-01 3.7451930343268977e-02 0.0000000000000000e+00 1
1.0062953722009578e-01 1.4189017210408585e-03 0.0000000000000000e+00 1
9.9439302317085976e-02 -8.5269728672560611e-03 0.0000000000000000e+00 1
6.2492672139160696e-02 1.1727722495281820e-01 0.0000000000000000e+00 1
5.4257879769759598e-02 1.2341777393875439e-01 0.0000000000000000e+00 1
7.0186990802360377e-02 1.1006727312327638e-01 0.0000000000000000e+00 1
-1.2645752008708255e-01 6.3505371296987467e-02 0.0000000000000000e+00 1
-1.3605365524820373e-01 5.9394382824020493e-02 0.0000000000000000e+00 1
-6.7474596808500847e-02 -1.3176164070736301e-01 0.0000000000000000e+00 1
6.3738408146145800e-02 1.2749413242372817e-01 0.0000000000000000e+00 1
5.5511654816753048e-02 1.3354542268933967e-01 0.0000000000000000e+00 1
1.0863867301580882e-01 -4.5588714136591234e-03 0.0000000000000000e+00 1
1.0744016228528788e-01 -1.4545896707823429e-02 0.0000000000000000e+00 1
-1.3490974750562865e-01 6.9656862578259968e-02 0.0000000000000000e+00 1
-1.4439199767251315e-01 6.5508751529352913e-02 0.0000000000000000e+00 1
6.4956833919172230e-02 1.3775737622893963e-01 0.0000000000000000e+00 1
5.6539981496349125e-02 1.4357705090801792e-01 0.0000000000000000e+00 1
-1.2527089688664564e-01 7.3794815654267543e-02 0.0000000000000000e+00 1
1.1667389707130385e-01 -1.0553037346325617e-02 0.0000000000000000e+00 1
1.1553361040524493e-01 -2.0538426836467852e-02 0.0000000000000000e+00 1
-1.3377701274949849e-01 7.9970266532052608e-02 0.0000000000000000e+00 1
-1.2424648926582171e-01 8.4148148063300801e-02 0.0000000000000000e+00 1
6.6168914508441659e-02 1.4799736089965482e-01 0.0000000000000000e+00 1
5.7650637760899660e-02 1.5396072083498971e-01 0.0000000000000000e+00 1
1.1782744181823965e-01 -6.0402910731186866e-04 0.0000000000000000e+00 1
-1.2246275481596638e-01 -2.4551166833407123e-01 0.0000000000000000e+00 1
1.2587284563983586e-01 -6.5684445027053093e-03 0.0000000000000000e+00 1
1.2702297669865015e-01 3.3660758766835622e-03 0.0000000000000000e+00 1
6.7360293926666537e-02 1.5831931920776848e-01 0.0000000000000000e+00 1
5.9007831479931563e-02 1.6453660903371667e-01 0.0000000000000000e+00 1
4.9271026557644232e-02 1.6017867101021629e-01 0.0000000000000000e+00 1
5.0637200010947403e-02 1.7076136157404501e-01 0.0000000000000000e+00 1
4.1049490657928830e-02 1.6662051873417849e-01 0.0000000000000000e+00 1
4.2286263408662782e-02 1.7704512981172321e-01 0.0000000000000000e+00 1
3.2677312558728785e-02 1.7289649088806802e-01 0.0000000000000000e+00 1
3.3898661481625326e-02 1.8332110603042454e-01 0.0000000000000000e+00 1
2.4277927760235268e-02 1.7916522215832664e-01 0.0000000000000000e+00 1
4.3511372630419022e-02 1.8745729531876609e-01 0.0000000000000000e+00 1
-1.3267449166339423e-01 9.0329400032538809e-02 0.0000000000000000e+00 1
3.5119022605136815e-02 1.9375426984217434e-01 0.0000000000000000e+00 1
4.4747801491843459e-02 1.9789976118593458e-01 0.0000000000000000e+00 1
1.3505153051756316e-01 -2.5869237270163157e-03 0.0000000000000000e+00 1
1.3627365713459183e-01 7.1445582685946227e-03 0.0000000000000000e+00 1
3.6336003889839472e-02 2.0419839154773728e-01 0.0000000000000000e+00 1
4.5982851655204132e-02 2.0836320704378863e-01 0.0000000000000000e+00 1
1.4421539653927473e-01 1.3604609055426742e-03 0.0000000000000000e+00 1
1.4543834274095996e-01 1.1056175582829795e-02 0.0000000000000000e+00 1
1.0624233008711575e-01 -2.4556560977490483e-02 0.0000000000000000e+00 1
1.1436431308005737e-01 -3.0563190719451974e-02 0.0000000000000000e+00 1
3.7549939120155057e-02 2.1464540866684417e-01 0.0000000000000000e+00 1
4.7204582477086962e-02 2.1881413444561515e-01 0.0000000000000000e+00 1
1.5331181393752955e-01 5.3789871455170273e-03 0.0000000000000000e+00 1
1.5453495969018832e-01 1.5039245623115408e-02 0.0000000000000000e+00 1
1.0506056496261024e-01 -3.4560500106976755e-02 0.0000000000000000e+00 1
1.1314986593871852e-01 -4.0588632672754144e-02 0.0000000000000000e+00 1
1.0387358451311869e-01 -4.4569217208184631e-02 0.0000000000000000e+00 1
1.1195488577415399e-01 -5.0609064121140551e-02 0.0000000000000000e+00 1
1.0268990658609524e-01 -5.4588526354859376e-02 0.0000000000000000e+00 1
1.1076918272634476e-01 -6.0627696670040650e-02 0.0000000000000000e+00 1
1.0150356246682704e-01 -6.4593607087312280e-02 0.0000000000000000e+00 1
1.0957592574572830e-01 -7.0642415196609062e-02 0.0000000000000000e+00 1
1.1886310353557074e-01 -6.6667074699320622e-02 0.0000000000000000e+00 1
1.1766428523622696e-01 -7.6702440499796548e-02 0.0000000000000000e+00 1
1.0837979403841078e-01 -8.0673759523067184e-02 0.0000000000000000e+00 1
1.1646650192471260e-01 -8.6734549367930319e-02 0.0000000000000000e+00 1
1.0719152665056389e-01 -9.0707161657994334e-02 0.0000000000000000e+00 1
1.1469729989210245e-01 -9.6688384193775567e-02 0.0000000000000000e+00 1
1.0591316525813715e-01 -1.0071164313140377e-01 0.0000000000000000e+00 1
1.1338786450903827e-01 -1.0667942522347482e-01 0.0000000000000000e+00 1
1.0470121558109338e-01 -1.1071242253641152e-01 0.0000000000000000e+00 1
1.1287026839327258e-01 -1.1674362414721273e-01 0.0000000000000000e+00 1
1.0363313139871727e-01 -1.2068882905472283e-01 0.0000000000000000e+00 1
1.1180544923463062e-01 -1.2671621292696172e-01 0.0000000000000000e+00 1
1.0246481142821959e-01 -1.3065820353117272e-01 0.0000000000000000e+00 1
1.0998056003640724e-01 -1.3657489477337209e-01 0.0000000000000000e+00 1
1.0123206181869976e-01 -1.4055088831265611e-01 0.0000000000000000e+00 1
1.0867111532206444e-01 -1.4645427479934747e-01 0.0000000000000000e+00 1
1.0004308754914971e-01 -1.5042405092802152e-01 0.0000000000000000e+00 1
1.0750016275729973e-01 -1.5631236951434083e-01 0.0000000000000000e+00 1
9.8892387556452216e-02 -1.6027324820944772e-01 0.0000000000000000e+00 1
1.0631808818364835e-01 -1.6613096071434247e-01 0.0000000000000000e+00 1
9.7716256418641970e-02 -1.7005730951272993e-01 0.0000000000000000e+00 1
1.0560698501764232e-01 -1.7596310563854850e-01 0.0000000000000000e+00 1
9.6698019011855360e-02 -1.7985971470134313e-01 0.0000000000000000e+00 1
1.0452842328688612e-01 -1.8571440439922626e-01 0.0000000000000000e+00 1
9.5518110073940898e-02 -1.8955626414636031e-01 0.0000000000000000e+00 1
1.0310707833438201e-01 -1.9537484382348641e-01 0.0000000000000000e+00 1
9.4235567111316754e-02 -1.9919305627042355e-01 0.0000000000000000e+00 1
1.0183635693837900e-01 -2.0507793985816763e-01 0.0000000000000000e+00 1
9.3224054231299258e-02 -2.0887612887700263e-01 0.0000000000000000e+00 1
1.0094443615794416e-01 -2.1476545461487301e-01 0.0000000000000000e+00 1
9.2105507239107723e-02 -2.1853511608672394e-01 0.0000000000000000e+00 1
9.9879762201178418e-02 -2.2436011726344890e-01 0.0000000000000000e+00 1
9.0972237959784638e-02 -2.2816716815809956e-01 0.0000000000000000e+00 1
1.2696818605919705e-01 -7.2717687469214282e-02 0.0000000000000000e+00 1
9.8740171909039387e-02 -2.3399244510550610e-01 0.0000000000000000e+00 1
-7.2965679906158112e-02 -1.7517352539588918e-01 0.0000000000000000e+00 1
7.5733029564664864e-02 1.5215775668015374e-01 0.0000000000000000e+00 1
1.2310251959236049e-01 -1.1132489779742245e-01 0.0000000000000000e+00 1
3.9117587916722471e-02 2.2479740821243493e-01 0.0000000000000000e+00 1
4.8473920726947464e-02 2.2921182117180305e-01 0.0000000000000000e+00 1
2.9972944823348620e-02 2.2027406805163585e-01 0.0000000000000000e+00 1
1.6241203517481040e-01 9.3282094958454086e-03 0.0000000000000000e+00 1
1.6361893720322995e-01 1.8965645996625514e-02 0.0000000000000000e+00 1
9.0214373950737406e-02 -2.3785232076443344e-01 0.0000000000000000e+00 1
9.7644304032618270e-02 -2.4363458701680632e-01 0.0000000000000000e+00 1
-1.2309379126875936e-01 9.4543109198347478e-02 0.0000000000000000e+00 1
-1.3156979199998362e-01 1.0077662286238651e-01 0.0000000000000000e+00 1
4.0292780999140528e-02 2.3627088518918463e-01 0.0000000000000000e+00 1
5.0173361209021647e-02 2.3974389449819003e-01 0.0000000000000000e+00 1
5.8141202462732362e-02 2.3342614865293934e-01 0.0000000000000000e+00 1
1.1724221788712970e-01 -1.5250022712775443e-01 0.0000000000000000e+00 1
-1.2191317922082370e-01 1.0498843967210222e-01 0.0000000000000000e+00 1
-1.3039927104295718e-01 1.1125436897856020e-01 0.0000000000000000e+00 1
-1.4009267149011392e-01 1.0702014632594599e-01 0.0000000000000000e+00 1
-1.3892799083709428e-01 1.1753556014084200e-01 0.0000000000000000e+00 1
-1.4862122247449508e-01 1.1326011360608540e-01 0.0000000000000000e+00 1
-1.2920755042818044e-01 1.2180144957300894e-01 0.0000000000000000e+00 1
-1.3778303269029363e-01 1.2811047615256785e-01 0.0000000000000000e+00 1
-1.2803511569834342e-01 1.3237390549248251e-01 0.0000000000000000e+00 1
1.7145813234286136e-01 1.3282928217619516e-02 0.0000000000000000e+00 1
1.7262110104551515e-01 2.2988978680481532e-02 0.0000000000000000e+00 1
8.9144819707737244e-02 -2.4751103991914492e-01 0.0000000000000000e+00 1
9.6492684287877023e-02 -2.5326636451984230e-01 0.0000000000000000e+00 1
5.9750041481665128e-02 2.4379277066243321e-01 0.0000000000000000e+00 1
6.9046309233695563e-02 2.3745619727109152e-01 0.0000000000000000e+00 1
1.1176185756132617e-01 -1.9148169003504856e-01 0.0000000000000000e+00 1
5.1515784518426345e-02 2.5001932323275461e-01 0.0000000000000000e+00 1
-1.3672083179924630e-01 1.3875390129214588e-01 0.0000000000000000e+00 1
-1.2685652840562353e-01 1.4302948049316250e-01 0.0000000000000000e+00 1
1.8049522009865485e-01 1.7181537308481907e-02 0.0000000000000000e+00 1
1.8163545517044266e-01 2.6893241192363710e-02 0.0000000000000000e+00 1
6.1033297091659638e-02 2.5414023624507148e-01 0.0000000000000000e+00 1
8.7604921421099005e-02 -2.5708719414645997e-01 0.0000000000000000e+00 1
9.5246397427399057e-02 -2.6286685721812469e-01 0.0000000000000000e+00 1
1.0649059721775497e-01 -2.3981751971799645e-01 0.0000000000000000e+00 1
1.7913508064579900e-01 5.6343338357697694e-03 0.0000000000000000e+00 1
-1.3558851906181846e-01 1.4944736264269029e-01 0.0000000000000000e+00 1
-1.2551144473063891e-01 1.5377221286330386e-01 0.0000000000000000e+00 1
1.8948946965065597e-01 2.1091234911227191e-02 0.0000000000000000e+00 1
1.9060667117058774e-01 3.0790322268188376e-02 0.0000000000000000e+00 1
1.8272211838558433e-01 3.6594714069067932e-02 0.0000000000000000e+00 1
1.9173407991348085e-01 4.0493804845092185e-02 0.0000000000000000e+00 1
1.8384770488827185e-01 4.6321216684379080e-02 0.0000000000000000e+00 1
1.9289870319165861e-01 5.0220263454005640e-02 0.0000000000000000e+00 1
1.8504322858258765e-01 5.6064432073389944e-02 0.0000000000000000e+00 1
1.9404443854582490e-01 5.9943462519294513e-02 0.0000000000000000e+00 1
1.8618982277173449e-01 6.5798902832970935e-02 0.0000000000000000e+00 1
5.2748034416715502e-02 2.6034861854151103e-01 0.0000000000000000e+00 1
6.1837358845750326e-02 2.6452283180898251e-01 0.0000000000000000e+00 1
8.6383530286934143e-02 -2.6665669212007581e-01 0.0000000000000000e+00 1
9.4088091603210536e-02 -2.7242365746524128e-01 0.0000000000000000e+00 1
7.8648421946277136e-02 -2.6090729656959266e-01 0.0000000000000000e+00 1
8.4625409362655682e-02 -2.1188350132333889e-01 0.0000000000000000e+00 1
1.9520218609783790e-01 6.9681425603718705e-02 0.0000000000000000e+00 1
1.8735407149350025e-01 7.5494904061319479e-02 0.0000000000000000e+00 1
-1.3432910397257780e-01 1.6018637154059756e-01 0.0000000000000000e+00 1
-1.2426156288862558e-01 1.6454906044139123e-01 0.0000000000000000e+00 1
-1.4447566998033490e-01 1.5577214171155246e-01 0.0000000000000000e+00 1
2.0071099118235319e-01 4.4332663165404462e-02 0.0000000000000000e+00 1
9.1061870341353005e-02 -1.5435944726726741e-01 0.0000000000000000e+00 1
5.3905596178367050e-02 2.7066217483515809e-01 0.0000000000000000e+00 1
-8.8819236358537598e-02 1.3698214338327852e-02 0.0000000000000000e+00 1
1.9636003076223998e-01 7.9430931463010238e-02 0.0000000000000000e+00 1
1.8836486747685433e-01 8.5159131475986929e-02 0.0000000000000000e+00 1
6.2941149300370106e-02 2.7482547595688855e-01 0.0000000000000000e+00 1
4.3465284564657855e-02 1.0899235038385632e-01 0.0000000000000000e+00 1
-8.3134037462641933e-02 4.4241601053736999e-02 0.0000000000000000e+00 1
9.6779429195657588e-02 -1.0471633066759578e-01 0.0000000000000000e+00 1
7.7513096210999832e-02 -2.7046272606136201e-01 0.0000000000000000e+00 1
6.9772290183888780e-02 -2.6472581675704721e-01 0.0000000000000000e+00 1
-1.1686081118292541e-01 1.4713813453773664e-01 0.0000000000000000e+00 1
-1.3317060952540491e-01 1.7098214839516790e-01 0.0000000000000000e+00 1
-1.2318580160010276e-01 1.7538080595754360e-01 0.0000000000000000e+00 1
5.4665594999728874e-02 2.8097938203245965e-01 0.0000000000000000e+00 1
4.6540978647540587e-02 2.7609590192853367e-01 0.0000000000000000e+00 1
6.4012802220000914e-02 2.8508610891869529e-01 0.0000000000000000e+00 1
7.2145440532632721e-02 2.7897473880008983e-01 0.0000000000000000e+00 1
1.9751961207533714e-01 8.9203400989759887e-02 0.0000000000000000e+00 1
1.8944904250510236e-01 9.5010215823594785e-02 0.0000000000000000e+00 1
2.0515270845926142e-01 8.3354343595567329e-02 0.0000000000000000e+00 1
6.8645492598338326e-02 -2.7426881946274567e-01 0.0000000000000000e+00 1
6.0942522517652621e-02 -2.6854611953106744e-01 0.0000000000000000e+00 1
-6.6289187746928560e-02 -2.4323977816778308e-01 0.0000000000000000e+00 1
-1.3204298359915717e-01 1.8185498599051791e-01 0.0000000000000000e+00 1
-1.2193855715838293e-01 1.8629083548766645e-01 0.0000000000000000e+00 1
5.5788754316274169e-02 2.9119280338587000e-01 0.0000000000000000e+00 1
6.5130359851374928e-02 2.9526672488135031e-01 0.0000000000000000e+00 1
9.3843561843025974e-02 -5.8606735741408546e-02 0.0000000000000000e+00 1
1.9869191893391547e-01 9.9041413569713854e-02 0.0000000000000000e+00 1
1.9071028120748379e-01 1.0499133414432801e-01 0.0000000000000000e+00 1
5.9826283115507320e-02 -2.7806125127874337e-01 0.0000000000000000e+00 1
5.2146493559705728e-02 -2.7235184600301421e-01 0.0000000000000000e+00 1
-1.3082771288857348e-01 1.9279476347704055e-01 0.0000000000000000e+00 1
-1.2073266614967504e-01 1.9723963968487671e-01 0.0000000000000000e+00 1
-1.1179755749284649e-01 1.9074386693330725e-01 0.0000000000000000e+00 1
-1.1060142898830727e-01 2.0167778585356178e-01 0.0000000000000000e+00 1
1.9989966996994113e-01 1.0894889563110446e-01 0.0000000000000000e+00 1
1.9188329819397523e-01 1.1493454048422387e-01 0.0000000000000000e+00 1
6.2983020467430135e-03 7.4600017362262978e-03 0.0000000000000000e+00 1
5.6977600928803197e-02 3.0132305241267782e-01 0.0000000000000000e+00 1
6.6246417584293490e-02 3.0535231266837115e-01 0.0000000000000000e+00 1
5.1048244401640006e-02 -2.8183272420216621e-01 0.0000000000000000e+00 1
5.8698797985637437e-02 -2.8757076087707750e-01 0.0000000000000000e+00 1
4.3404683984623278e-02 -2.7612342504948706e-01 0.0000000000000000e+00 1
-1.1949036847876909e-01 2.0823425640776327e-01 0.0000000000000000e+00 1
-1.0936651193110308e-01 2.1263191225661943e-01 0.0000000000000000e+00 1
4.4504057135888481e-02 -2.6671077125540310e-01 0.0000000000000000e+00 1
2.0110281401712837e-01 1.1889586632664735e-01 0.0000000000000000e+00 1
1.9305495618331611e-01 1.2489202024908400e-01 0.0000000000000000e+00 1
-1.0049634547428539e-01 2.0608452337641928e-01 0.0000000000000000e+00 1
-9.9257067140950728e-02 2.1702023661936698e-01 0.0000000000000000e+00 1
1.7814400796024243e-01 7.1489320187492808e-02 0.0000000000000000e+00 1
3.5789762929235941e-02 -2.7047847237731881e-01 0.0000000000000000e+00 1
3.7003208615600768e-02 -2.6137182818012783e-01 0.0000000000000000e+00 1
3.4719602478225822e-02 -2.7984980077842014e-01 0.0000000000000000e+00 1
-5.9224585196932703e-02 -4.8637236958350601e-02 0.0000000000000000e+00 1
-1.5188188961918159e-01 -2.5791148963758698e-01 0.0000000000000000e+00 1
5.8167006000175492e-02 3.1138289961279431e-01 0.0000000000000000e+00 1
6.7377993520860796e-02 3.1537105986719538e-01 0.0000000000000000e+00 1
-1.0809737767285321e-01 2.2360219541656379e-01 0.0000000000000000e+00 1
-9.7990186050441519e-02 2.2796419074080113e-01 0.0000000000000000e+00 1
2.0216633180562174e-01 1.2869998501729288e-01 0.0000000000000000e+00 1
1.9418106959347339e-01 1.3487134011722979e-01 0.0000000000000000e+00 1
2.1027929983322713e-01 1.2297596132523522e-01 0.0000000000000000e+00 1
8.5829021935189098e-02 2.3100577708440543e-02 0.0000000000000000e+00 1
1.8382519822256138e-01 1.2091127949635924e-01 0.0000000000000000e+00 1
-9.0416186973307749e-02 2.1045340555025610e-01 0.0000000000000000e+00 1
2.7118387080259154e-02 -2.7423036230340353e-01 0.0000000000000000e+00 1
2.6029799015371852e-02 -2.8350104357935135e-01 0.0000000000000000e+00 1
2.0500047742405203e-01 1.3911228887665264e-01 0.0000000000000000e+00 1
1.9560692158205301e-01 1.4499448677509580e-01 0.0000000000000000e+00 1
5.9423831912888282e-02 3.2132310477349746e-01 0.0000000000000000e+00 1
5.0362375962996510e-02 3.1739077326146975e-01 0.0000000000000000e+00 1
6.8509886476405546e-02 3.2527646860259829e-01 0.0000000000000000e+00 1
7.6475531141789496e-02 3.1935170357740983e-01 0.0000000000000000e+00 1
-1.0685600559735389e-01 2.3459517456524648e-01 0.0000000000000000e+00 1
-9.6706917261781183e-02 2.3898084325622831e-01 0.0000000000000000e+00 1
1.8501789692279912e-02 -2.7794825641369492e-01 0.0000000000000000e+00 1
1.7396685905183576e-02 -2.8720115234484328e-01 0.0000000000000000e+00 1
1.0289027177662498e-01 -2.6866970886628516e-01 0.0000000000000000e+00 1
1.0175191212165476e-01 -2.7816351584011134e-01 0.0000000000000000e+00 1
1.1050624331339300e-01 -2.7445086580629718e-01 0.0000000000000000e+00 1
1.0938707926977315e-01 -2.8388427177203379e-01 0.0000000000000000e+00 1
1.1812572288072289e-01 -2.8016728239384264e-01 0.0000000000000000e+00 1
1.1701970702390270e-01 -2.8958932323865527e-01 0.0000000000000000e+00 1
1.2578127744903714e-01 -2.8585791088319729e-01 0.0000000000000000e+00 1
1.2463260076495256e-01 -2.9528350484958243e-01 0.0000000000000000e+00 1
1.1593020308848490e-01 -2.9899617963631470e-01 0.0000000000000000e+00 1
1.2346287588734058e-01 -3.0465964857015537e-01 0.0000000000000000e+00 1
1.1482523938214158e-01 -3.0832613426069844e-01 0.0000000000000000e+00 1
1.2230187596183020e-01 -3.1397090147661039e-01 0.0000000000000000e+00 1
1.1385032682677927e-01 -3.1762180259218215e-01 0.0000000000000000e+00 1
1.3340184948014594e-01 -2.9155996124855033e-01 0.0000000000000000e+00 1
1.3456910816915785e-01 -2.8205663811535181e-01 0.0000000000000000e+00 1
1.2114855595051338e-01 -3.2320760975514129e-01 0.0000000000000000e+00 1
1.1280095080277142e-01 -3.2685142985159132e-01 0.0000000000000000e+00 1
1.4216881689533850e-01 -2.8755135667567511e-01 0.0000000000000000e+00 1
1.4343813266661012e-01 -2.7817690164123643e-01 0.0000000000000000e+00 1
1.1996751325959150e-01 -3.3235592458545332e-01 0.0000000000000000e+00 1
7.7597868439982148e-02 3.2919176846910125e-01 0.0000000000000000e+00 1
8.5528005196042686e-02 3.2334090380670527e-01 0.0000000000000000e+00 1
-1.4552418025794472e-01 5.5258462704115857e-02 0.0000000000000000e+00 1
-1.5385752403685637e-01 6.1362509983400440e-02 0.0000000000000000e+00 1
-1.5496956921970217e-01 5.1117348613301847e-02 0.0000000000000000e+00 1
-1.6328054714956888e-01 5.7194523799455721e-02 0.0000000000000000e+00 1
-1.6438907497957175e-01 4.6967010193988454e-02 0.0000000000000000e+00 1
-1.7269551995142363e-01 5.3044176655141898e-02 0.0000000000000000e+00 1
-1.7379177703271681e-01 4.2801485549181409e-02 0.0000000000000000e+00 1
-1.8209804299874793e-01 4.8879624652341136e-02 0.0000000000000000e+00 1
-1.8319050929303130e-01 3.8639919946855304e-02 0.0000000000000000e+00 1
-1.9149442926315649e-01 4.4729644066364302e-02 0.0000000000000000e+00 1
-1.9259350797604324e-01 3.4500259390348391e-02 0.0000000000000000e+00 1
-2.0089789223684149e-01 4.0588863880870837e-02 0.0000000000000000e+00 1
-2.0188373016517497e-01 3.0523650808933815e-02 0.0000000000000000e+00 1
-1.9368928003951830e-01 2.4294176816887315e-02 0.0000000000000000e+00 1
-2.1022861055936920e-01 3.6531304165101981e-02 0.0000000000000000e+00 1
-2.0915659607860573e-01 4.6650183488016070e-02 0.0000000000000000e+00 1
-2.1842375579630349e-01 4.2686682259707183e-02 0.0000000000000000e+00 1
-2.1747008174080901e-01 5.2639138988693886e-02 0.0000000000000000e+00 1
-2.2679522504990829e-01 4.8601270857289831e-02 0.0000000000000000e+00 1
-2.2575246214409722e-01 5.8667938124306797e-02 0.0000000000000000e+00 1
-2.3507360269107597e-01 5.4639132348883616e-02 0.0000000000000000e+00 1
-2.3400653503876423e-01 6.4726608528992077e-02 0.0000000000000000e+00 1
-2.0298096382228617e-01 2.0680644257070689e-02 0.0000000000000000e+00 1
-1.9507465473965591e-01 1.4165682164755802e-02 0.0000000000000000e+00 1
-2.4332049616731127e-01 6.0707648779694610e-02 0.0000000000000000e+00 1
-2.4224706608646920e-01 7.0781090348229936e-02 0.0000000000000000e+00 1
-2.0427308064924882e-01 1.0373256716732348e-02 0.0000000000000000e+00 1
-1.9627929543172595e-01 3.9425683349044744e-03 0.0000000000000000e+00 1
-2.5154399797704369e-01 6.6770886894754550e-02 0.0000000000000000e+00 1
-2.5043926826750135e-01 7.6869281762388608e-02 0.0000000000000000e+00 1
-2.0532379254294097e-01 -5.1193544501337691e-05 0.0000000000000000e+00 1
-1.9714902822079605e-01 -6.3346223247011876e-03 0.0000000000000000e+00 1
-2.5973582785856364e-01 7.2839953740684679e-02 0.0000000000000000e+00 1
-2.4441340988914384e-01 5.0878159623375836e-02 0.0000000000000000e+00 1
-2.0638886268813844e-01 -9.9521864935690346e-03 0.0000000000000000e+00 1
-1.9823141179433570e-01 -1.6502189369939607e-02 0.0000000000000000e+00 1
-2.5864052383592229e-01 8.2910560265037486e-02 0.0000000000000000e+00 1
-2.6792878316051139e-01 7.8880187838752058e-02 0.0000000000000000e+00 1
-2.0761978554107807e-01 -2.0263137672700229e-02 0.0000000000000000e+00 1
-1.9938051184819217e-01 -2.6715811054936107e-02 0.0000000000000000e+00 1
-2.6690203205263591e-01 8.9188420535983276e-02 0.0000000000000000e+00 1
-2.7616376794268077e-01 8.5130680226145741e-02 0.0000000000000000e+00 1
-2.5737878656993851e-01 9.2982269193220585e-02 0.0000000000000000e+00 1
-2.7718580375129870e-01 7.4900955071081673e-02 0.0000000000000000e+00 1
-2.0876503330245910e-01 -3.0934115034396269e-02 0.0000000000000000e+00 1
-2.0050826066571850e-01 -3.7003312288671111e-02 0.0000000000000000e+00 1
-2.1691436614326726e-01 -2.4086340036210633e-02 0.0000000000000000e+00 1
-1.9117255015879364e-01 -3.2929179041116363e-02 0.0000000000000000e+00 1
-1.9230546693043385e-01 -4.3044231636358073e-02 0.0000000000000000e+00 1
-2.0145987811558788e-01 -4.7044619252125705e-02 0.0000000000000000e+00 1
-1.9329976021625053e-01 -5.3108370277383063e-02 0.0000000000000000e+00 1
-1.8412523158230568e-01 -4.9046364215217346e-02 0.0000000000000000e+00 1
-1.8521287231315733e-01 -5.9067860735713643e-02 0.0000000000000000e+00 1
-1.9438124583929775e-01 -6.3155658760259775e-02 0.0000000000000000e+00 1
-1.8631058643475543e-01 -6.9081804599164978e-02 0.0000000000000000e+00 1
-2.6587234687738170e-01 9.9309652503094620e-02 0.0000000000000000e+00 1
-2.5636112792724941e-01 1.0326799869763149e-01 0.0000000000000000e+00 1
-2.8532460792794079e-01 8.1038961838908657e-02 0.0000000000000000e+00 1
-2.8634053056448960e-01 7.0956264547600664e-02 0.0000000000000000e+00 1
-1.7601406165955330e-01 -5.5017930745486512e-02 0.0000000000000000e+00 1
-1.9552922591281552e-01 -7.3157717198323327e-02 0.0000000000000000e+00 1
-1.8743336162229354e-01 -7.9078142301519716e-02 0.0000000000000000e+00 1
-2.6488488470686972e-01 1.0950776375288940e-01 0.0000000000000000e+00 1
-2.5497293831059520e-01 1.1341839772730086e-01 0.0000000000000000e+00 1
-2.9442467375286741e-01 7.7003048142370911e-02 0.0000000000000000e+00 1
-1.9661457627968107e-01 -8.3138880677989316e-02 0.0000000000000000e+00 1
-1.8853725326070864e-01 -8.9047553940158869e-02 0.0000000000000000e+00 1
-2.9542755594174497e-01 6.6986136418827003e-02 0.0000000000000000e+00 1
-2.6360169081460816e-01 1.1964865634126239e-01 0.0000000000000000e+00 1
-2.5387456757951188e-01 1.2364770761751515e-01 0.0000000000000000e+00 1
-1.9770417971877477e-01 -9.3120758109602797e-02 0.0000000000000000e+00 1
-1.8961037339347053e-01 -9.8990148031498915e-02 0.0000000000000000e+00 1
-1.8050392855491887e-01 -9.4905970032125475e-02 0.0000000000000000e+00 1
-1.8158305315373169e-01 -1.0479851761504189e-01 0.0000000000000000e+00 1
-2.0581550968419951e-01 -8.7187374189422323e-02 0.0000000000000000e+00 1
-1.7257775551718829e-01 -1.0083460672689745e-01 0.0000000000000000e+00 1
-1.7366553933319198e-01 -1.1058081308057906e-01 0.0000000000000000e+00 1
-1.8258206169302021e-01 -1.1454655838743351e-01 0.0000000000000000e+00 1
-1.7471171073023373e-01 -1.2027596517778159e-01 0.0000000000000000e+00 1
-1.6472547316172825e-01 -1.0663203886242613e-01 0.0000000000000000e+00 1
-3.0337221137720427e-01 7.2840985513497811e-02 0.0000000000000000e+00 1
-3.0247188399333391e-01 8.2780429647223513e-02 0.0000000000000000e+00 1
-2.6249119074688926e-01 1.2995853478503308e-01 0.0000000000000000e+00 1
-2.5279795605188304e-01 1.3397326184727537e-01 0.0000000000000000e+00 1
-1.8357820649908102e-01 -1.2421670456880185e-01 0.0000000000000000e+00 1
-1.7576909069085606e-01 -1.2989807701925826e-01 0.0000000000000000e+00 1
-3.0445769328070293e-01 6.2999672710788907e-02 0.0000000000000000e+00 1
-5.2443499680242228e-02 -1.8957170747602292e-01 0.0000000000000000e+00 1
-1.0004483492017729e-01 -2.3573022136313310e-01 0.0000000000000000e+00 1
8.7595390324043787e-02 -1.8361142369037423e-01 0.0000000000000000e+00 1
-3.9136184375762960e-02 -8.3453159010940817e-02 0.0000000000000000e+00 1
6.5796007373254597e-02 8.0483492856888883e-02 0.0000000000000000e+00 1
-1.4094899287302098e-01 1.8834594959525225e-01 0.0000000000000000e+00 1
-4.5219160800085589e-02 -1.3688318166955959e-01 0.0000000000000000e+00 1
2.0471506128392139e-01 1.4898252627186190e-01 0.0000000000000000e+00 1
1.9660066366683140e-01 1.5509403458254012e-01 0.0000000000000000e+00 1
1.8722818060630655e-01 1.5104356415194559e-01 0.0000000000000000e+00 1
1.8838326524520471e-01 1.6119444250151893e-01 0.0000000000000000e+00 1
1.7899620711449518e-01 1.5713711984926904e-01 0.0000000000000000e+00 1
1.8016352104169980e-01 1.6731679016108050e-01 0.0000000000000000e+00 1
1.8957399349509543e-01 1.7137457234113201e-01 0.0000000000000000e+00 1
1.8134352170894835e-01 1.7752474257807666e-01 0.0000000000000000e+00 1
1.7191946704731267e-01 1.7344254733988201e-01 0.0000000000000000e+00 1
1.7307602369483382e-01 1.8367521501322809e-01 0.0000000000000000e+00 1
-8.9242276800641077e-02 -2.5322153803802683e-01 0.0000000000000000e+00 1
-3.1125834519996232e-01 7.8664266998151738e-02 0.0000000000000000e+00 1
-3.1019158675690811e-01 8.8269109970558798e-02 0.0000000000000000e+00 1
1.0118420690593384e-02 -2.8216978911518459e-01 0.0000000000000000e+00 1
1.1296404933608976e-02 -2.7329831001217031e-01 0.0000000000000000e+00 1
1.1158981767965238e-01 -3.3595189200887765e-01 0.0000000000000000e+00 1
1.8255905199005046e-01 1.8777493498475331e-01 0.0000000000000000e+00 1
1.7426192677991986e-01 1.9395224960178228e-01 0.0000000000000000e+00 1
1.6477558259640260e-01 1.8985361581999061e-01 0.0000000000000000e+00 1
1.6594131749281346e-01 2.0013064772169284e-01 0.0000000000000000e+00 1
1.5644424669829926e-01 1.9601726164545288e-01 0.0000000000000000e+00 1
1.5760892897707038e-01 2.0630648626956577e-01 0.0000000000000000e+00 1
1.6713388575089105e-01 2.1043323043440365e-01 0.0000000000000000e+00 1
1.5878400603889875e-01 2.1662547080741146e-01 0.0000000000000000e+00 1
1.2811063374401055e-01 -3.2888330398760235e-01 0.0000000000000000e+00 1
-1.8459823283129573e-01 -1.3384530409553846e-01 0.0000000000000000e+00 1
-1.7680651238850312e-01 -1.3946090437517542e-01 0.0000000000000000e+00 1
-1.6806320138158620e-01 -1.3559311960288312e-01 0.0000000000000000e+00 1
-1.6908928728800476e-01 -1.4503702590107279e-01 0.0000000000000000e+00 1
-1.6046182628242417e-01 -1.4124081034292338e-01 0.0000000000000000e+00 1
-1.6147737766319153e-01 -1.5056936490876291e-01 0.0000000000000000e+00 1
-1.7003766467966655e-01 -1.5436529434950835e-01 0.0000000000000000e+00 1
-1.6249896330862376e-01 -1.5984344679080936e-01 0.0000000000000000e+00 1
-1.0561762857863599e-01 2.4562905109891003e-01 0.0000000000000000e+00 1
-9.5377658981003616e-02 2.4992559100220593e-01 0.0000000000000000e+00 1
-8.6548642813284893e-02 2.4336130193827685e-01 0.0000000000000000e+00 1
-8.5203600529674017e-02 2.5434950219616037e-01 0.0000000000000000e+00 1
-7.6400132605643573e-02 2.4777099249698759e-01 0.0000000000000000e+00 1
-7.5040118403182643e-02 2.5867946630539607e-01 0.0000000000000000e+00 1
-1.1564966933712491e-01 2.4098935400018398e-01 0.0000000000000000e+00 1
-2.6137020110982062e-01 1.4033643309465446e-01 0.0000000000000000e+00 1
-2.5175606185633848e-01 1.4459829248125361e-01 0.0000000000000000e+00 1
6.0657000824679820e-02 3.3122744989269420e-01 0.0000000000000000e+00 1
1.5109873942607177e-01 -2.8372987048998122e-01 0.0000000000000000e+00 1
1.5236211124411519e-01 -2.7428224869851192e-01 0.0000000000000000e+00 1
8.8448181646487156e-03 -2.9104972476502494e-01 0.0000000000000000e+00 1
1.6343428376809920e-02 -2.9661272812541445e-01 0.0000000000000000e+00 1
1.4173926290961122e-03 -2.8565991609691077e-01 0.0000000000000000e+00 1
-1.5242519132539656e-01 -1.4663537090876150e-01 0.0000000000000000e+00 1
1.1879182287360154e-01 -3.4141676290895906e-01 0.0000000000000000e+00 1
-6.6230112604147545e-02 2.5219952259729267e-01 0.0000000000000000e+00 1
-6.4945489733587214e-02 2.6314070516527066e-01 0.0000000000000000e+00 1
1.5219879716347490e-01 -4.5254068209118186e-03 0.0000000000000000e+00 1
-2.4316468856852097e-01 1.3817764898653215e-01 0.0000000000000000e+00 1
-2.4209432299745515e-01 1.4886694795488958e-01 0.0000000000000000e+00 1
-2.5066886664817956e-01 1.5516592027621884e-01 0.0000000000000000e+00 1
-2.4090085482065840e-01 1.5945126344118155e-01 0.0000000000000000e+00 1
-2.7097572950795673e-01 1.3613542633289127e-01 0.0000000000000000e+00 1
7.6944432028863974e-02 1.6248136591845591e-01 0.0000000000000000e+00 1
1.6832813889197917e-01 2.2076253178974592e-01 0.0000000000000000e+00 1
1.5996195669685817e-01 2.2697372704402413e-01 0.0000000000000000e+00 1
-7.3798639771560370e-02 2.6945695333754172e-01 0.0000000000000000e+00 1
-6.3631579458626131e-02 2.7403907361084229e-01 0.0000000000000000e+00 1
-5.4859436919560314e-02 2.6753006951536035e-01 0.0000000000000000e+00 1
-5.3566206978670511e-02 2.7842473995172534e-01 0.0000000000000000e+00 1
7.4075935268218485e-02 -6.6446804352631166e-04 0.0000000000000000e+00 1
-5.8308614755610721e-02 -2.4010151864699550e-01 0.0000000000000000e+00 1
-5.9648403244159633e-02 -2.4840357974749908e-01 0.0000000000000000e+00 1
2.3069079358370496e-02 1.6873534318103187e-01 0.0000000000000000e+00 1
1.4646304219670165e-02 1.7497061137730066e-01 0.0000000000000000e+00 1
1.3415059475911952e-02 1.6459192840264142e-01 0.0000000000000000e+00 1
5.0022900147563189e-03 1.7078543827054579e-01 0.0000000000000000e+00 1
3.7618181928924946e-03 1.6041227330986735e-01 0.0000000000000000e+00 1
-4.6625111412783833e-03 1.6662130619090626e-01 0.0000000000000000e+00 1
-5.8762931120949040e-03 1.5619246333178688e-01 0.0000000000000000e+00 1
8.6666325770560021e-02 3.3310421723366807e-01 0.0000000000000000e+00 1
9.4564223170205422e-02 3.2724049011870993e-01 0.0000000000000000e+00 1
-1.1342409540422739e-01 9.8795483348744467e-02 0.0000000000000000e+00 1
-3.1903270974130460e-01 8.4400986390979399e-02 0.0000000000000000e+00 1
-3.1798281671912526e-01 9.3950604812397545e-02 0.0000000000000000e+00 1
-1.4328533080708972e-02 1.6244826064297258e-01 0.0000000000000000e+00 1
-1.5537046806919067e-02 1.5200115192814145e-01 0.0000000000000000e+00 1
1.4614186314118957e-01 2.0292360192178147e-02 0.0000000000000000e+00 1
3.8955403479640077e-02 7.8494137904107336e-02 0.0000000000000000e+00 1
-1.7095845139447957e-01 -1.6362528336349549e-01 0.0000000000000000e+00 1
-1.6351276688639577e-01 -1.6905325113855646e-01 0.0000000000000000e+00 1
-2.2376363957255196e-01 6.8201929789396626e-02 0.0000000000000000e+00 1
1.6024620314558036e-01 -2.8025568165109044e-01 0.0000000000000000e+00 1
1.6141622142564663e-01 -2.7042041712304410e-01 0.0000000000000000e+00 1
-1.8817019689278827e-01 -2.4795130452676273e-03 0.0000000000000000e+00 1
-1.0425309949593124e-01 2.5641056954887981e-01 0.0000000000000000e+00 1
-1.2972406865776755e-02 1.7297959166232882e-01 0.0000000000000000e+00 1
-2.3993200069488522e-02 1.5825845441665554e-01 0.0000000000000000e+00 1
-2.5208334966516206e-02 1.4780557865384761e-01 0.0000000000000000e+00 1
1.1046944062665084e-01 -3.4493123477925197e-01 0.0000000000000000e+00 1
1.0319495366953785e-01 -3.3954638849908148e-01 0.0000000000000000e+00 1
8.5284620892988688e-02 1.5627028105468574e-01 0.0000000000000000e+00 1
2.3299458571488194e-04 -2.9473130672080866e-01 0.0000000000000000e+00 1
1.4809521453204194e-01 2.0217125466485647e-01 0.0000000000000000e+00 1
1.6953189010474468e-01 2.3112451152705485e-01 0.0000000000000000e+00 1
1.6114505706590215e-01 2.3733717440022772e-01 0.0000000000000000e+00 1
-2.3357309233745510e-01 1.4259431847767234e-01 0.0000000000000000e+00 1
-6.2301787372420162e-02 2.8498399278021624e-01 0.0000000000000000e+00 1
-5.2259199685943641e-02 2.8932168507718614e-01 0.0000000000000000e+00 1
-1.7188231069272755e-01 -1.7279958571979481e-01 0.0000000000000000e+00 1
-1.6447954991101654e-01 -1.7817893990959616e-01 0.0000000000000000e+00 1
-1.5615577584403567e-01 -1.7447136912684405e-01 0.0000000000000000e+00 1
-4.4822470162823452e-02 2.7187246242574525e-01 0.0000000000000000e+00 1
-2.4958196475282793e-01 1.6579096188789905e-01 0.0000000000000000e+00 1
-2.3969134095212818e-01 1.7010774284396379e-01 0.0000000000000000e+00 1
-3.2675177474448369e-01 9.0126523421331262e-02 0.0000000000000000e+00 1
-3.2787307185787606e-01 8.0806391287791268e-02 0.0000000000000000e+00 1
1.5942638274590126e-01 -2.9014268153067507e-01 0.0000000000000000e+00 1
-3.2570790073640116e-01 9.9596473019731901e-02 0.0000000000000000e+00 1
1.1767842177575527e-01 -3.5035058602640334e-01 0.0000000000000000e+00 1
1.0212699099694519e-01 -3.4851469566970483e-01 0.0000000000000000e+00 1
9.4818681209563965e-02 -3.4312175290069674e-01 0.0000000000000000e+00 1
-2.9648839915708142e-01 5.7090103801940399e-02 0.0000000000000000e+00 1
-3.0564528966292115e-01 5.3129554241153377e-02 0.0000000000000000e+00 1
-2.9759585857757587e-01 4.7214803857732426e-02 0.0000000000000000e+00 1
-3.0679414284433021e-01 4.3243297889251700e-02 0.0000000000000000e+00 1
-2.9871204095998094e-01 3.7305766274904117e-02 0.0000000000000000e+00 1
-3.0793594119590650e-01 3.3314924509320894e-02 0.0000000000000000e+00 1
-2.9983033489071570e-01 2.7350761617339518e-02 0.0000000000000000e+00 1
9.5651756757587941e-02 3.3699145224371724e-01 0.0000000000000000e+00 1
1.0355819264488925e-01 3.3117141810959205e-01 0.0000000000000000e+00 1
8.7839914715956105e-02 3.4277569689620624e-01 0.0000000000000000e+00 1
-1.7278481191801726e-01 -1.8188135624944482e-01 0.0000000000000000e+00 1
-1.8011098490115812e-01 -1.7657822266386314e-01 0.0000000000000000e+00 1
-1.6545155577081072e-01 -1.8718330064096744e-01 0.0000000000000000e+00 1
-7.0518172550470427e-03 -2.8965146669279945e-01 0.0000000000000000e+00 1
-7.6691284589941677e-02 -2.0048994700853665e-01 0.0000000000000000e+00 1
-8.3358298283085133e-03 -2.9848047534592070e-01 0.0000000000000000e+00 1
-1.5287671314386922e-02 -2.9297055554704532e-01 0.0000000000000000e+00 1
1.0248490809765406e-01 3.2132048117474693e-01 0.0000000000000000e+00 1
1.1158227045961805e-01 3.2529899643406390e-01 0.0000000000000000e+00 1
1.1047680317913780e-01 3.1535168939814445e-01 0.0000000000000000e+00 1
1.1966687323236483e-01 3.1936097763108284e-01 0.0000000000000000e+00 1
1.1855737188468607e-01 3.0938018088858737e-01 0.0000000000000000e+00 1
1.2774251361011682e-01 3.1334601561654779e-01 0.0000000000000000e+00 1
1.6936511611117433e-01 -2.7641865828934908e-01 0.0000000000000000e+00 1
1.7068782809094118e-01 -2.6674774925658495e-01 0.0000000000000000e+00 1
-5.1548144348980314e-02 -2.4509659016195501e-01 0.0000000000000000e+00 1
-1.1071840669860027e-01 -2.6246612298156746e-01 0.0000000000000000e+00 1
1.5178332411671375e-01 2.3270364359942020e-01 0.0000000000000000e+00 1
1.7073115115867937e-01 2.4149890518706593e-01 0.0000000000000000e+00 1
1.7915261708829133e-01 2.3526389399974026e-01 0.0000000000000000e+00 1
-3.3670520286207553e-02 1.5408321303033684e-01 0.0000000000000000e+00 1
-3.4868006431415362e-02 1.4361596499678306e-01 0.0000000000000000e+00 1
-2.6418699639327414e-02 1.3736050995978366e-01 0.0000000000000000e+00 1
-3.6053083057167958e-02 1.3317271889526971e-01 0.0000000000000000e+00 1
-2.7633826457233616e-02 1.2694488205342691e-01 0.0000000000000000e+00 1
-3.7228189863637823e-02 1.2277397068818535e-01 0.0000000000000000e+00 1
-2.8842216227086132e-02 1.1655399711664559e-01 0.0000000000000000e+00 1
-3.8516109846842062e-02 1.1231959151030291e-01 0.0000000000000000e+00 1
-3.1617617900444028e-01 3.9259075468322004e-02 0.0000000000000000e+00 1
1.6258877141213104e-01 -2.6056734544404536e-01 0.0000000000000000e+00 1
1.7185009541790014e-01 -2.5667877861611743e-01 0.0000000000000000e+00 1
1.6375326252711642e-01 -2.5061009256816541e-01 0.0000000000000000e+00 1
1.7300549909128066e-01 -2.4661697339559702e-01 0.0000000000000000e+00 1
1.8114931078059326e-01 -2.5271655484274802e-01 0.0000000000000000e+00 1
1.8233277740423284e-01 -2.4258866216692987e-01 0.0000000000000000e+00 1
1.7417026297896235e-01 -2.3649789261190002e-01 0.0000000000000000e+00 1
1.8351359518989127e-01 -2.3245055313885335e-01 0.0000000000000000e+00 1
1.7532489598495629e-01 -2.2632493384597818e-01 0.0000000000000000e+00 1
1.8443132742463933e-01 -2.2223843900926393e-01 0.0000000000000000e+00 1
1.7644036561368029e-01 -2.1613738171611530e-01 0.0000000000000000e+00 1
1.8545499194301099e-01 -2.1176367215454789e-01 0.0000000000000000e+00 1
1.7757688861308235e-01 -2.0587562904579773e-01 0.0000000000000000e+00 1
1.8691310935945188e-01 -2.0151824787558426e-01 0.0000000000000000e+00 1
1.7878828038912692e-01 -1.9565025782482093e-01 0.0000000000000000e+00 1
1.8826359507250728e-01 -1.9153183607266538e-01 0.0000000000000000e+00 1
1.9647217895823046e-01 -1.9743811442093864e-01 0.0000000000000000e+00 1
1.9779177942744300e-01 -1.8739695458976049e-01 0.0000000000000000e+00 1
1.8947772847805636e-01 -1.8128620731617712e-01 0.0000000000000000e+00 1
1.9900142890048239e-01 -1.7712660874675806e-01 0.0000000000000000e+00 1
1.9064881065635492e-01 -1.7095027281592926e-01 0.0000000000000000e+00 1
2.0018238603803207e-01 -1.6680190228179051e-01 0.0000000000000000e+00 1
1.9182030006321807e-01 -1.6062553948492214e-01 0.0000000000000000e+00 1
2.0135513071489231e-01 -1.5646720908571957e-01 0.0000000000000000e+00 1
1.9299320177073204e-01 -1.5029118840099101e-01 0.0000000000000000e+00 1
2.0228512046426278e-01 -1.4610557391641832e-01 0.0000000000000000e+00 1
1.9412585491993750e-01 -1.3995625723019395e-01 0.0000000000000000e+00 1
2.0336609576827258e-01 -1.3570167264292340e-01 0.0000000000000000e+00 1
1.9527986975836514e-01 -1.2962792273323376e-01 0.0000000000000000e+00 1
2.0474255365638774e-01 -1.2540559835770573e-01 0.0000000000000000e+00 1
1.9655567377168676e-01 -1.1933850983195085e-01 0.0000000000000000e+00 1
2.0598124024910214e-01 -1.1520218689100681e-01 0.0000000000000000e+00 1
1.9776182149693913e-01 -1.0909206553006330e-01 0.0000000000000000e+00 1
2.0712770370248437e-01 -1.0496878376327259e-01 0.0000000000000000e+00 1
1.9868370552058801e-01 -9.8862107511231756e-02 0.0000000000000000e+00 1
2.0821958225561871e-01 -9.4765167678202478e-02 0.0000000000000000e+00 1
1.9980192321269277e-01 -8.8682246494313166e-02 0.0000000000000000e+00 1
2.0937060567113744e-01 -8.4601129699595906e-02 0.0000000000000000e+00 1
2.1760371808174378e-01 -9.0662346290367887e-02 0.0000000000000000e+00 1
2.1876669626771522e-01 -8.0530906948082973e-02 0.0000000000000000e+00 1
2.1419721675945103e-01 -1.2131017198613243e-01 0.0000000000000000e+00 1
2.2693202284611505e-01 -8.6541296257979794e-02 0.0000000000000000e+00 1
2.2809224899136496e-01 -7.6478900586525525e-02 0.0000000000000000e+00 1
2.0116379606619131e-01 -7.8548260804969128e-02 0.0000000000000000e+00 1
2.1035382658227539e-01 -1.5226180337330841e-01 0.0000000000000000e+00 1
2.3623295105938050e-01 -8.2463538985186796e-02 0.0000000000000000e+00 1
2.3735297942808700e-01 -7.2436052608044352e-02 0.0000000000000000e+00 1
2.2926450419990355e-01 -6.6459684450354856e-02 0.0000000000000000e+00 1
2.3843909814824019e-01 -6.2448615580424346e-02 0.0000000000000000e+00 1
2.3043007742183155e-01 -5.6514523274777850e-02 0.0000000000000000e+00 1
2.3952943336503366e-01 -5.2531922958161371e-02 0.0000000000000000e+00 1
2.3155241036900498e-01 -4.6639274479520355e-02 0.0000000000000000e+00 1
2.4063484209480970e-01 -4.2696421998509683e-02 0.0000000000000000e+00 1
2.4865923693585126e-01 -4.8570183902499377e-02 0.0000000000000000e+00 1
2.4972544168899727e-01 -3.8768814535387934e-02 0.0000000000000000e+00 1
2.4153040538088771e-01 -3.2933939982224249e-02 0.0000000000000000e+00 1
2.5105212473604677e-01 -2.9023411198782947e-02 0.0000000000000000e+00 1
-2.0689795188483906e-01 -9.7209119688470305e-02 0.0000000000000000e+00 1
-2.1504836164004051e-01 -9.1252328813277578e-02 0.0000000000000000e+00 1
-2.1613933718633604e-01 -1.0134664564913289e-01 0.0000000000000000e+00 1
-2.2433590852234667e-01 -9.5338437073147847e-02 0.0000000000000000e+00 1
2.0616751637424152e-01 -1.9359678251097318e-01 0.0000000000000000e+00 1
-3.0909274243939633e-01 2.3339222890405624e-02 0.0000000000000000e+00 1
-3.0093838485621405e-01 1.7343162021530713e-02 0.0000000000000000e+00 1
-6.1026320873149492e-02 2.9588825852688849e-01 0.0000000000000000e+00 1
-5.0951288424796987e-02 3.0021060940001554e-01 0.0000000000000000e+00 1
2.4266097588472180e-01 -2.3271921093206305e-02 0.0000000000000000e+00 1
2.5253783070953051e-01 -1.9383119133459355e-02 0.0000000000000000e+00 1
-2.6515432183299339e-02 2.1210731618068947e-02 0.0000000000000000e+00 1
-3.0068822420360176e-02 1.0621089016264695e-01 0.0000000000000000e+00 1
-2.4842135440279295e-01 1.7649323685159859e-01 0.0000000000000000e+00 1
-2.3853537045086948e-01 1.8088026631308074e-01 0.0000000000000000e+00 1
-2.2978242588307046e-01 1.7443206066843528e-01 0.0000000000000000e+00 1
-2.2859145173513779e-01 1.8527613777225499e-01 0.0000000000000000e+00 1
-2.5829921871755612e-01 1.7211776572889417e-01 0.0000000000000000e+00 1
1.9224968947712040e-01 -2.2816425580584504e-01 0.0000000000000000e+00 1
2.5926561895426919e-01 -3.4764167679857287e-02 0.0000000000000000e+00 1
2.4425668826994776e-01 -1.4158253494307315e-02 0.0000000000000000e+00 1
2.5331920488540460e-01 -9.9301064675996302e-03 0.0000000000000000e+00 1
-2.2543257307089121e-01 -1.0549333001930053e-01 0.0000000000000000e+00 1
-2.3366249528552591e-01 -9.9439673372311979e-02 0.0000000000000000e+00 1
-2.3257409729800710e-01 -8.9264638224829246e-02 0.0000000000000000e+00 1
-2.4196658320731393e-01 -9.3435558055691217e-02 0.0000000000000000e+00 1
-2.4086870605266825e-01 -8.3133457280076165e-02 0.0000000000000000e+00 1
-3.3441659051929579e-01 9.5803703541200658e-02 0.0000000000000000e+00 1
2.4549356806470568e-01 -7.8432813823880648e-02 0.0000000000000000e+00 1
2.4426936989863560e-01 -8.8560274103630335e-02 0.0000000000000000e+00 1
9.6683551595054013e-02 3.4665350662793037e-01 0.0000000000000000e+00 1
8.9018937458452796e-02 3.5233451105109054e-01 0.0000000000000000e+00 1
-3.3334185369053759e-01 1.0517411724080940e-01 0.0000000000000000e+00 1
-1.7364981553473202e-01 -1.9085443069728492e-01 0.0000000000000000e+00 1
-1.6643917249131363e-01 -1.9605950873259409e-01 0.0000000000000000e+00 1
9.3757676832930126e-02 -3.5215388153152394e-01 0.0000000000000000e+00 1
8.6470446678901886e-02 -3.4672778776077534e-01 0.0000000000000000e+00 1
-1.6966773897889861e-02 -3.0206355006737706e-01 0.0000000000000000e+00 1
-2.4466864475107535e-02 -2.9648464228768917e-01 0.0000000000000000e+00 1
-9.4451931811817720e-03 -3.0772937794045191e-01 0.0000000000000000e+00 1
-2.1976915566348776e-01 1.7878151402713827e-01 0.0000000000000000e+00 1
-2.1855956943184518e-01 1.8966774005384146e-01 0.0000000000000000e+00 1
-2.2742524616925100e-01 1.9618901013297535e-01 0.0000000000000000e+00 1
-2.1735154590743133e-01 2.0059467449211368e-01 0.0000000000000000e+00 1
1.4691596445751642e-01 1.9185613476647259e-01 0.0000000000000000e+00 1
1.3856925744513729e-01 1.9803639887561653e-01 0.0000000000000000e+00 1
1.2666519733147136e-01 3.0335973545165085e-01 0.0000000000000000e+00 1
1.3590996459742971e-01 3.0735798980140727e-01 0.0000000000000000e+00 1
-3.9680085068549906e-02 1.0193424513125673e-01 0.0000000000000000e+00 1
-3.2137446351488033e-02 -2.6964206914129530e-02 0.0000000000000000e+00 1
-2.5034159578799209e-01 -8.7361964513124696e-02 0.0000000000000000e+00 1
-2.4922302184627224e-01 -7.6989752334213790e-02 0.0000000000000000e+00 1
2.4485672768442646e-01 -4.1416267959305123e-03 0.0000000000000000e+00 1
2.5397193826554049e-01 -4.3666293764780341e-04 0.0000000000000000e+00 1
2.6283615600016286e-01 -6.0787363472290046e-03 0.0000000000000000e+00 1
2.6242482063406480e-01 3.3876454408556570e-03 0.0000000000000000e+00 1
2.5499002944814464e-01 8.9047092578422946e-03 0.0000000000000000e+00 1
2.6320710343166537e-01 1.2675523368467931e-02 0.0000000000000000e+00 1
2.5600563758623657e-01 1.8131970979315404e-02 0.0000000000000000e+00 1
2.6414386134370471e-01 2.1899468472706553e-02 0.0000000000000000e+00 1
2.5724719331471424e-01 2.7267562663906765e-02 0.0000000000000000e+00 1
2.6534108335288464e-01 3.1010211869682183e-02 0.0000000000000000e+00 1
2.5833988339982872e-01 3.6353719358195993e-02 0.0000000000000000e+00 1
2.6637225627959982e-01 4.0057288843453276e-02 0.0000000000000000e+00 1
2.5905971180656473e-01 4.5433167165272112e-02 0.0000000000000000e+00 1
2.6734309914287457e-01 4.9062355482710054e-02 0.0000000000000000e+00 1
2.6000554088013023e-01 5.4458014674648399e-02 0.0000000000000000e+00 1
2.6833079684177230e-01 5.8079194230809886e-02 0.0000000000000000e+00 1
2.6098798029529835e-01 6.3485932472439541e-02 0.0000000000000000e+00 1
2.6938064582646787e-01 6.7100909404497144e-02 0.0000000000000000e+00 1
2.6197635733434754e-01 7.2540521508422245e-02 0.0000000000000000e+00 1
2.7032943228280365e-01 7.6211447123089110e-02 0.0000000000000000e+00 1
2.6295095461166762e-01 8.1648487732494904e-02 0.0000000000000000e+00 1
2.7362908710380951e-01 3.4705948398163503e-02 0.0000000000000000e+00 1
2.7673674066051590e-01 6.1549447013560757e-02 0.0000000000000000e+00 1
2.7112239817413186e-01 7.8805683994736357e-03 0.0000000000000000e+00 1
2.7136098225506694e-01 8.5285263535627223e-02 0.0000000000000000e+00 1
2.6394686172981779e-01 9.0792840679183723e-02 0.0000000000000000e+00 1
-2.1349344874353557e-01 6.7321071798675091e-03 0.0000000000000000e+00 1
-1.7157577964935378e-01 6.3245695318195169e-02 0.0000000000000000e+00 1
-4.7087754130098414e-02 1.1836090923470589e-01 0.0000000000000000e+00 1
-3.1019065893642944e-01 1.3316118760206304e-02 0.0000000000000000e+00 1
-3.0204199787803288e-01 7.2943119788594097e-03 0.0000000000000000e+00 1
-2.9274732411612736e-01 1.1413605583183656e-02 0.0000000000000000e+00 1
-2.9387419673303294e-01 1.2660543470476952e-03 0.0000000000000000e+00 1
-5.9733728546836423e-02 3.0678929577609015e-01 0.0000000000000000e+00 1
-4.9634197820580109e-02 3.1108741834274700e-01 0.0000000000000000e+00 1
-4.0907985490246587e-02 3.0452906860774442e-01 0.0000000000000000e+00 1
-3.9588900015828821e-02 3.1534596850007018e-01 0.0000000000000000e+00 1
-6.9872313614098222e-02 3.0241371760876723e-01 0.0000000000000000e+00 1
-3.0906526547527381e-02 3.0884756757104220e-01 0.0000000000000000e+00 1
-2.9599754285113678e-02 3.1956846994917981e-01 0.0000000000000000e+00 1
1.8029861257296578e-01 2.4570092944795541e-01 0.0000000000000000e+00 1
1.8866423269956786e-01 2.3949172255914608e-01 0.0000000000000000e+00 1
-4.3366740115429410e-02 1.4984708272123703e-01 0.0000000000000000e+00 1
-2.8453712451945501e-01 5.4172908674566273e-03 0.0000000000000000e+00 1
-2.8567628658944044e-01 -4.7664368921223853e-03 0.0000000000000000e+00 1
-2.9503854040815258e-01 -8.8533552465670899e-03 0.0000000000000000e+00 1
-2.8680299188158542e-01 -1.4932504568954424e-02 0.0000000000000000e+00 1
1.2024730838682270e-01 3.2948649021416876e-01 0.0000000000000000e+00 1
-3.1287923091392021e-02 9.5903133428864432e-02 0.0000000000000000e+00 1
-2.5873907885182168e-01 -8.1182265805956277e-02 0.0000000000000000e+00 1
9.7697123710566380e-02 3.5615335585878621e-01 0.0000000000000000e+00 1
9.0145813163673899e-02 3.6174691384505697e-01 0.0000000000000000e+00 1
1.8915130483171011e-01 -1.0338686687952539e-01 0.0000000000000000e+00 1
-2.0981582060242449e-02 3.1311801158169500e-01 0.0000000000000000e+00 1
-1.9684197192911677e-02 3.2374899929300283e-01 0.0000000000000000e+00 1
-4.2129397526751239e-02 1.6039413339487993e-01 0.0000000000000000e+00 1
2.5374136713769085e-01 -8.4436857266304968e-02 0.0000000000000000e+00 1
2.5255672532093887e-01 -9.4641108661017687e-02 0.0000000000000000e+00 1
1.8471811752214809e-01 -1.4413101975631548e-01 0.0000000000000000e+00 1
-2.5715324899830372e-01 1.8287433740461148e-01 0.0000000000000000e+00 1
-2.6705157885128905e-01 1.7848109843384163e-01 0.0000000000000000e+00 1
-3.4183676623324227e-01 1.0108982311973136e-01 0.0000000000000000e+00 1
8.5401183800906472e-02 -3.5585917757921814e-01 0.0000000000000000e+00 1
7.8116789917877322e-02 -3.5029053823397654e-01 0.0000000000000000e+00 1
9.2690299642145924e-02 -3.6142478430071745e-01 0.0000000000000000e+00 1
-1.7450867080174959e-01 -1.9968703305747462e-01 0.0000000000000000e+00 1
-2.2624351957889718e-01 2.0717161878491533e-01 0.0000000000000000e+00 1
-2.1608411918060502e-01 2.1162841691270509e-01 0.0000000000000000e+00 1
-2.9621831101849355e-01 -1.9026514320502785e-02 0.0000000000000000e+00 1
2.7250168187702195e-01 9.4524936570531251e-02 0.0000000000000000e+00 1
2.6496925938494875e-01 9.9974583856282676e-02 0.0000000000000000e+00 1
-3.2487277881186499e-01 1.0910702121264040e-01 0.0000000000000000e+00 1
-3.3228670437944008e-01 1.1465858060316098e-01 0.0000000000000000e+00 1
-2.3472552884912115e-01 -1.0962055620567857e-01 0.0000000000000000e+00 1
-1.8208470919268607e-02 -3.1144711896556609e-01 0.0000000000000000e+00 1
-1.0539234842661990e-02 -3.1713242874783321e-01 0.0000000000000000e+00 1
-1.6741340782601402e-01 -2.0486105041204666e-01 0.0000000000000000e+00 1
-1.5937198075245376e-01 -2.0128822974509825e-01 0.0000000000000000e+00 1
2.3384497479590360e-01 -1.6887678501337912e-02 0.0000000000000000e+00 1
-2.1814526592780617e-02 9.9960997452931327e-02 0.0000000000000000e+00 1
-3.2383388998051432e-01 1.1865744494556492e-01 0.0000000000000000e+00 1
1.6710650097825566e-01 -2.2044209336224743e-01 0.0000000000000000e+00 1
1.7231144150987820e-01 2.5188701011000841e-01 0.0000000000000000e+00 1
-3.8234383114989196e-02 3.2611759940110630e-01 0.0000000000000000e+00 1
-4.0734678920639242e-02 9.1790219205797233e-02 0.0000000000000000e+00 1
-2.0975663844152709e-01 1.8315369393416905e-01 0.0000000000000000e+00 1
-3.3134444349197928e-01 1.2431128454722465e-01 0.0000000000000000e+00 1
-3.2285540602805196e-01 1.2830435356452968e-01 0.0000000000000000e+00 1
-5.1891434180577546e-02 1.5613774997311847e-01 0.0000000000000000e+00 1
1.8148304953495353e-01 2.5614383127051576e-01 0.0000000000000000e+00 1
-2.7634386444834208e-01 -6.7430948852342158e-04 0.0000000000000000e+00 1
8.7579035785759235e-02 -3.3759184100820316e-01 0.0000000000000000e+00 1
1.3735873076523963e-01 1.8772069052300322e-01 0.0000000000000000e+00 1
1.2852969443560996e-01 1.9395843803639792e-01 0.0000000000000000e+00 1
-1.2668980296767319e-02 -2.8495869173485178e-01 0.0000000000000000e+00 1
-1.6358986113870044e-01 -9.6883477935960888e-02 0.0000000000000000e+00 1
-1.5583327758340260e-01 -1.0281194419123320e-01 0.0000000000000000e+00 1
-1.5469562888716692e-01 -9.3059779388179581e-02 0.0000000000000000e+00 1
-1.4705569996906118e-01 -9.9084712583181536e-02 0.0000000000000000e+00 1
-1.4584203547104319e-01 -8.9223143596652121e-02 0.0000000000000000e+00 1
-1.3816501518047794e-01 -9.5116774516095320e-02 0.0000000000000000e+00 1
-1.3697300825616948e-01 -8.5347835907182035e-02 0.0000000000000000e+00 1
-1.2888700524386637e-01 -9.1116455604374980e-02 0.0000000000000000e+00 1
-1.2771837079647613e-01 -8.1492586037334169e-02 0.0000000000000000e+00 1
-1.3033550976776498e-01 -1.0079723721449016e-01 0.0000000000000000e+00 1
-1.2105866011752150e-01 -9.6966605577559123e-02 0.0000000000000000e+00 1
-1.2264880626185649e-01 -1.0654631238875981e-01 0.0000000000000000e+00 1
-3.2442069166225301e-02 8.5668389323339506e-02 0.0000000000000000e+00 1
1.2248882854726369e-01 -3.6581774272791266e-02 0.0000000000000000e+00 1
-2.8793488459777505e-01 -2.5135544122812385e-02 0.0000000000000000e+00 1
5.4355075168300709e-02 2.0200434688572122e-01 0.0000000000000000e+00 1
-1.6549378778821389e-01 3.6721737593907663e-02 0.0000000000000000e+00 1
7.7012620196798734e-02 -3.5954093919613328e-01 0.0000000000000000e+00 1
6.9651634887535702e-02 -3.5389394113029821e-01 0.0000000000000000e+00 1
-6.8503559916452600e-02 3.1349590734307881e-01 0.0000000000000000e+00 1
-7.8814360657082749e-02 3.0903678686368202e-01 0.0000000000000000e+00 1
-1.7546937270279631e-01 -2.0823925277583960e-01 0.0000000000000000e+00 1
-1.8248693665072929e-01 -2.0329020959261873e-01 0.0000000000000000e+00 1
2.7358138474729538e-01 1.0378536143324625e-01 0.0000000000000000e+00 1
2.6587121945902475e-01 1.0914759721003364e-01 0.0000000000000000e+00 1
-2.4637806595473172e-01 1.0708971279572926e-01 0.0000000000000000e+00 1
-1.1371935216283205e-01 -1.0265355252716124e-01 0.0000000000000000e+00 1
-1.1504876953194726e-01 -1.1216473805821549e-01 0.0000000000000000e+00 1
2.7990097736975428e-01 8.8853817780653654e-02 0.0000000000000000e+00 1
9.8744144583706547e-02 3.6550762318331309e-01 0.0000000000000000e+00 1
9.1279042664886262e-02 3.7102152516466136e-01 0.0000000000000000e+00 1
8.2713987813609419e-02 3.6734382979564595e-01 0.0000000000000000e+00 1
-2.9737226232255237e-01 -2.9271096471633895e-02 0.0000000000000000e+00 1
-2.2506457450260281e-01 2.1827423830530526e-01 0.0000000000000000e+00 1
-2.1479300673968296e-01 2.2277720012727623e-01 0.0000000000000000e+00 1
-2.0579916594919295e-01 2.1576671804634973e-01 0.0000000000000000e+00 1
-2.0447637430312807e-01 2.2729152100588410e-01 0.0000000000000000e+00 1
-1.9539807287391520e-01 2.2058791807258374e-01 0.0000000000000000e+00 1
-1.9411523421521634e-01 2.3182410275441320e-01 0.0000000000000000e+00 1
-5.2553115582502669e-02 -2.5353914799666660e-01 0.0000000000000000e+00 1
-4.4653439804297791e-02 -2.5018938741589675e-01 0.0000000000000000e+00 1
-1.6035681910242708e-01 -2.0995141165621062e-01 0.0000000000000000e+00 1
-1.5242064154027607e-01 -2.0647403357229416e-01 0.0000000000000000e+00 1
2.5263664306582745e-01 5.9836145905804265e-02 0.0000000000000000e+00 1
-1.1131537590777868e-02 3.1732060093769798e-01 0.0000000000000000e+00 1
-9.8581572782821848e-03 3.2790443889538656e-01 0.0000000000000000e+00 1
-1.2395211921518707e-02 3.0672687809916588e-01 0.0000000000000000e+00 1
2.4423249628360206e-03 1.4980475396910842e-01 0.0000000000000000e+00 1
1.3482062701930125e-01 2.9731654424766490e-01 0.0000000000000000e+00 1
1.4415277230036849e-01 3.0137537864216390e-01 0.0000000000000000e+00 1
1.2548640329643765e-01 2.9327554331799266e-01 0.0000000000000000e+00 1
1.4531979507470588e-01 3.1146023583024707e-01 0.0000000000000000e+00 1
1.5353563700660344e-01 3.0545445333972526e-01 0.0000000000000000e+00 1
-3.0568927949061558e-01 -2.3123000850225589e-02 0.0000000000000000e+00 1
-1.8528910213206001e-01 2.2573368778763894e-01 0.0000000000000000e+00 1
-1.8400300196092600e-01 2.3649668762803039e-01 0.0000000000000000e+00 1
2.5630737038080792e-01 9.6129309639384181e-02 0.0000000000000000e+00 1
-2.6590776233994357e-01 1.8926320754133436e-01 0.0000000000000000e+00 1
-2.7616432477644498e-01 1.8440635074542561e-01 0.0000000000000000e+00 1
-1.9291492604316418e-01 2.4315111946678583e-01 0.0000000000000000e+00 1
-1.8269697864574377e-01 2.4774303740353804e-01 0.0000000000000000e+00 1
-5.0635663050718906e-02 1.6674474304786568e-01 0.0000000000000000e+00 1
-6.0421009730687016e-02 1.6250381413793491e-01 0.0000000000000000e+00 1
2.4799785673266778e-01 2.3943289693772095e-02 0.0000000000000000e+00 1
-4.1877937578635678e-02 8.1577961884133812e-02 0.0000000000000000e+00 1
-5.0268688829708433e-02 8.7484421987589156e-02 0.0000000000000000e+00 1
8.3809790120228614e-02 3.7655076961860845e-01 0.0000000000000000e+00 1
7.5289227449234039e-02 3.7288232468283034e-01 0.0000000000000000e+00 1
2.7455226523098242e-01 1.1309329014384992e-01 0.0000000000000000e+00 1
2.6679494620594801e-01 1.1856789751240115e-01 0.0000000000000000e+00 1
2.6202112425716512e-01 -9.0490600535652499e-02 0.0000000000000000e+00 1
2.6092270715497234e-01 -1.0075549904771033e-01 0.0000000000000000e+00 1
-2.5986008338625521e-01 -9.1620396386738828e-02 0.0000000000000000e+00 1
-2.6830022710341339e-01 -8.5408927974309268e-02 0.0000000000000000e+00 1
-2.2650907688077529e-01 -1.1564769996256237e-01 0.0000000000000000e+00 1
-2.3579914513868544e-01 -1.1977769134348862e-01 0.0000000000000000e+00 1
-2.2736809873759622e-01 -1.2563886229332755e-01 0.0000000000000000e+00 1
-3.3032457276375460e-01 1.3399997511041320e-01 0.0000000000000000e+00 1
-3.2150492491075205e-01 1.3797337429584439e-01 0.0000000000000000e+00 1
-3.3648023284608038e-02 7.5455632534620815e-02 0.0000000000000000e+00 1
-1.9338258708248811e-02 -3.2088404502120726e-01 0.0000000000000000e+00 1
-1.1641550545253308e-02 -3.2660359015812368e-01 0.0000000000000000e+00 1
-1.3581728956180561e-01 -7.5696857591090544e-02 0.0000000000000000e+00 1
-1.2676920666189290e-01 -7.1827811248709891e-02 0.0000000000000000e+00 1
-1.3464560916036195e-01 -6.6041589905475373e-02 0.0000000000000000e+00 1
-1.2566610471870063e-01 -6.2150243874014688e-02 0.0000000000000000e+00 1
-1.3355041253335398e-01 -5.6343976556283600e-02 0.0000000000000000e+00 1
-1.2466803469310569e-01 -5.2418461156524161e-02 0.0000000000000000e+00 1
-1.3258757289068457e-01 -4.6590579628181625e-02 0.0000000000000000e+00 1
-1.2358323521122391e-01 -4.2657780114289473e-02 0.0000000000000000e+00 1
-1.3152402781825731e-01 -3.6805575228553156e-02 0.0000000000000000e+00 1
-1.1626713868281915e-01 -5.8094762810674896e-02 0.0000000000000000e+00 1
-1.2249137295326470e-01 -3.2873746288894223e-02 0.0000000000000000e+00 1
-1.3043725910163556e-01 -2.6976712679692004e-02 0.0000000000000000e+00 1
-1.7461711182645245e-01 2.2960896690274468e-01 0.0000000000000000e+00 1
-1.5335610515460452e-01 -2.1502994472547948e-01 0.0000000000000000e+00 1
-1.4550789553471474e-01 -2.1157219588076764e-01 0.0000000000000000e+00 1
1.3368557397597808e-01 2.8718729480684768e-01 0.0000000000000000e+00 1
1.2428361263923096e-01 2.8311821971158796e-01 0.0000000000000000e+00 1
-2.3682003755570913e-01 -1.2986968528052281e-01 0.0000000000000000e+00 1
-2.2823137423655376e-01 -1.3544569205030602e-01 0.0000000000000000e+00 1
-2.5760470686865011e-01 -7.0835540745329759e-02 0.0000000000000000e+00 1
6.8549336158249277e-02 -3.6312967990419476e-01 0.0000000000000000e+00 1
6.1097268292418939e-02 -3.5759051580370499e-01 0.0000000000000000e+00 1
6.2242900173301530e-02 -3.4827235076651558e-01 0.0000000000000000e+00 1
5.3607935178973443e-02 -3.5200837524488471e-01 0.0000000000000000e+00 1
5.4742324138423462e-02 -3.4267956891179685e-01 0.0000000000000000e+00 1
4.6075725547358642e-02 -3.4640494370212116e-01 0.0000000000000000e+00 1
4.7198970663652792e-02 -3.3706783249378125e-01 0.0000000000000000e+00 1
3.8521322825557480e-02 -3.4077025827177537e-01 0.0000000000000000e+00 1
3.7422370116289683e-02 -3.5016472301091106e-01 0.0000000000000000e+00 1
-2.2384713253847957e-01 2.2948332305717734e-01 0.0000000000000000e+00 1
-2.3418869373184065e-01 2.2491368813542101e-01 0.0000000000000000e+00 1
-1.3951977383720487e-01 -3.0944480022030485e-02 0.0000000000000000e+00 1
-1.3842671203185514e-01 -2.1066237429881653e-02 0.0000000000000000e+00 1
-1.2929981728050449e-01 -1.7092550327045045e-02 0.0000000000000000e+00 1
-1.3731743016451994e-01 -1.1148903966149220e-02 0.0000000000000000e+00 1
1.0626221718524057e-01 3.5997808921462809e-01 0.0000000000000000e+00 1
1.5475166271132962e-01 3.1564963353154768e-01 0.0000000000000000e+00 1
1.6295223282749352e-01 3.0959635288377058e-01 0.0000000000000000e+00 1
-6.7549985706535989e-02 2.4122836865072250e-01 0.0000000000000000e+00 1
-1.8504137791788391e-01 2.1328993649868916e-01 0.0000000000000000e+00 1
-2.6094727326910695e-03 3.1091602318016259e-01 0.0000000000000000e+00 1
-3.8555044914523658e-03 3.0036177867970953e-01 0.0000000000000000e+00 1
1.0730312653634218e-01 3.6922000828294810e-01 0.0000000000000000e+00 1
1.1477082760544186e-01 3.6373192479808619e-01 0.0000000000000000e+00 1
-2.1097258764975105e-01 1.7229287227942064e-01 0.0000000000000000e+00 1
-2.0098281729253312e-01 1.7664362488211105e-01 0.0000000000000000e+00 1
-2.0222036803345850e-01 1.6582498818996338e-01 0.0000000000000000e+00 1
2.2244499162659429e-01 -5.0588045913539055e-02 0.0000000000000000e+00 1
-7.7407933287019504e-02 3.2026092940345052e-01 0.0000000000000000e+00 1
-8.7823307303946274e-02 3.1581348262610509e-01 0.0000000000000000e+00 1
2.6303723453296662e-01 -8.0318684146685734e-02 0.0000000000000000e+00 1
-6.1656545080936279e-02 1.5187943740884194e-01 0.0000000000000000e+00 1
5.5884745361456753e-02 -3.3335409055651649e-01 0.0000000000000000e+00 1
-1.4452507567664219e-01 -2.0301767101793300e-01 0.0000000000000000e+00 1
-1.3767785379708400e-01 -2.0814724019535774e-01 0.0000000000000000e+00 1
-1.3661150839417149e-01 -1.9957799714995697e-01 0.0000000000000000e+00 1
-1.2973882057495578e-01 -2.0471621055121295e-01 0.0000000000000000e+00 1
-1.2869678007218693e-01 -1.9610981904325125e-01 0.0000000000000000e+00 1
-1.2180858243588075e-01 -2.0124543177680376e-01 0.0000000000000000e+00 1
-1.2074868565972380e-01 -1.9265777030597525e-01 0.0000000000000000e+00 1
1.3013531197524786e-01 2.0423769735721026e-01 0.0000000000000000e+00 1
1.1998217423252827e-01 2.0036883501245362e-01 0.0000000000000000e+00 1
1.2173289534208782e-01 2.1048243888319729e-01 0.0000000000000000e+00 1
1.1230979944778015e-01 2.0628098334416337e-01 0.0000000000000000e+00 1
1.1347100118017528e-01 2.1664966815879771e-01 0.0000000000000000e+00 1
1.0646719069673879e-01 -3.1203724690660178e-01 0.0000000000000000e+00 1
-2.4511345976655491e-01 -1.2401053573322694e-01 0.0000000000000000e+00 1
1.2727004813763867e-01 1.8364776755279891e-01 0.0000000000000000e+00 1
1.3606750332955697e-01 1.7742000811659442e-01 0.0000000000000000e+00 1
-4.3037361741741872e-02 7.1387037659160435e-02 0.0000000000000000e+00 1
-3.3930818222390458e-01 1.3000530966417798e-01 0.0000000000000000e+00 1
-6.0067634479178011e-02 2.4276243566060243e-02 0.0000000000000000e+00 1
2.7140503634244151e-01 -8.6329492866767110e-02 0.0000000000000000e+00 1
2.7242674008646617e-01 -7.6157666366180987e-02 0.0000000000000000e+00 1
-1.0620870601073672e-01 -1.0806716297631340e-01 0.0000000000000000e+00 1
-1.0709410111163871e-01 -1.1747887066900609e-01 0.0000000000000000e+00 1
-1.0493919449453104e-01 -9.8657069099649039e-02 0.0000000000000000e+00 1
-2.7518709958825904e-01 9.5836576053768257e-03 0.0000000000000000e+00 1
-2.6699195646607893e-01 3.4516192968300748e-03 0.0000000000000000e+00 1
-2.4808944213496709e-01 -6.6656465687640609e-02 0.0000000000000000e+00 1
-1.8343855219105351e-01 -2.1178180396590113e-01 0.0000000000000000e+00 1
-1.9044285892548102e-01 -2.0685175214671639e-01 0.0000000000000000e+00 1
-6.0913978896991100e-02 -2.5682336549217932e-01 0.0000000000000000e+00 1
-5.3758376026610932e-02 -2.6201769017500487e-01 0.0000000000000000e+00 1
-6.1647255417483837e-02 -2.6538491164125899e-01 0.0000000000000000e+00 1
7.6388976057253408e-02 3.8205894639423771e-01 0.0000000000000000e+00 1
6.7905066007764442e-02 3.7849930496839695e-01 0.0000000000000000e+00 1
-1.1612339260554576e-01 -1.2139349316977879e-01 0.0000000000000000e+00 1
-1.0812302453925093e-01 -1.2676142719065087e-01 0.0000000000000000e+00 1
4.8329666614668740e-02 -3.2773046578132403e-01 0.0000000000000000e+00 1
-4.3675102687104450e-02 -2.4167628609688191e-01 0.0000000000000000e+00 1
-3.6827651915649476e-02 -2.4678313067334537e-01 0.0000000000000000e+00 1
-3.5636029964636176e-02 -2.3854293608871963e-01 0.0000000000000000e+00 1
-2.8935670163433791e-02 -2.4359057050384714e-01 0.0000000000000000e+00 1
-2.7639004736916887e-02 -2.3510899887620057e-01 0.0000000000000000e+00 1
-2.0798156292067219e-02 -2.4019721449717205e-01 0.0000000000000000e+00 1
-1.9703783915489263e-02 -2.3119539452421492e-01 0.0000000000000000e+00 1
-1.2588156747176667e-02 -2.3643618050001525e-01 0.0000000000000000e+00 1
-1.1560913387593293e-02 -2.2750167003973459e-01 0.0000000000000000e+00 1
-4.3891948440363000e-03 -2.3288781977059439e-01 0.0000000000000000e+00 1
-3.3348377353108632e-03 -2.2388940039090657e-01 0.0000000000000000e+00 1
-1.0581845165898083e-02 -2.1854116600748086e-01 0.0000000000000000e+00 1
-2.3421318858990862e-03 -2.1488545461546252e-01 0.0000000000000000e+00 1
4.9592426787506260e-03 -2.2026048678596050e-01 0.0000000000000000e+00 1
5.9464575711011998e-03 -2.1120918154895602e-01 0.0000000000000000e+00 1
1.3294566335063807e-02 -2.1661462684682700e-01 0.0000000000000000e+00 1
1.4282017321801887e-02 -2.0754884683508598e-01 0.0000000000000000e+00 1
6.9056983211919012e-03 -2.0213977913854247e-01 0.0000000000000000e+00 1
1.5269421097836085e-02 -1.9843791779765868e-01 0.0000000000000000e+00 1
7.8625296158279113e-03 -1.9302834078103684e-01 0.0000000000000000e+00 1
1.6211179113689862e-02 -1.8929824859424732e-01 0.0000000000000000e+00 1
8.6384328430401027e-03 -1.8347590061922442e-01 0.0000000000000000e+00 1
1.7133369410139380e-02 -1.8007970084877595e-01 0.0000000000000000e+00 1
9.3412886855453112e-03 -1.7416521031034179e-01 0.0000000000000000e+00 1
1.8091388150742013e-02 -1.7082892220848495e-01 0.0000000000000000e+00 1
1.0258851034436772e-02 -1.6509936750752330e-01 0.0000000000000000e+00 1
1.9030623616249694e-02 -1.6160336876049358e-01 0.0000000000000000e+00 1
1.1611980372961152e-02 -1.5612419990465279e-01 0.0000000000000000e+00 1
2.0090385808430956e-02 -1.5237787965024202e-01 0.0000000000000000e+00 1
1.2660986908463883e-02 -1.4688309837264052e-01 0.0000000000000000e+00 1
2.1080826525358271e-02 -1.4307872321075329e-01 0.0000000000000000e+00 1
1.3652149195878472e-02 -1.3756351021501081e-01 0.0000000000000000e+00 1
2.2291593344341491e-02 -1.3376621530068658e-01 0.0000000000000000e+00 1
1.4668482675801169e-02 -1.2819576321428805e-01 0.0000000000000000e+00 1
2.3137641054143253e-02 -1.2434967423270883e-01 0.0000000000000000e+00 1
1.5633298902866695e-02 -1.1878043044001819e-01 0.0000000000000000e+00 1
2.4084589642023743e-02 -1.1491270794291156e-01 0.0000000000000000e+00 1
1.6610950471793291e-02 -1.0933336517984556e-01 0.0000000000000000e+00 1
2.5094937636645415e-02 -1.0544788374004280e-01 0.0000000000000000e+00 1
1.7600239964148147e-02 -9.9845652136775279e-02 0.0000000000000000e+00 1
2.6084735793944845e-02 -9.5943756676786687e-02 0.0000000000000000e+00 1
1.8591536433514022e-02 -9.0323150919629197e-02 0.0000000000000000e+00 1
2.7110167194714235e-02 -8.6406089604023156e-02 0.0000000000000000e+00 1
1.9593065903622520e-02 -8.0767320714653285e-02 0.0000000000000000e+00 1
2.8112615720725254e-02 -7.6828609912086371e-02 0.0000000000000000e+00 1
2.0594411773477234e-02 -7.1170029792946066e-02 0.0000000000000000e+00 1
2.9328575650134265e-02 -6.7243890755968427e-02 0.0000000000000000e+00 1
2.1634770144829805e-02 -6.1547738315601570e-02 0.0000000000000000e+00 1
3.0205417795667405e-02 -5.7584015685843856e-02 0.0000000000000000e+00 1
3.1367482027944135e-02 -1.1962148152565162e-01 0.0000000000000000e+00 1
2.3573983865646346e-02 -1.9456284177204988e-01 0.0000000000000000e+00 1
3.5345753192438552e-02 -8.1278813676327236e-02 0.0000000000000000e+00 1
2.6376671838065625e-02 -1.6677435415450975e-01 0.0000000000000000e+00 1
2.2633410344983552e-02 -5.1899830809806903e-02 0.0000000000000000e+00 1
3.1513978966966144e-02 -4.7945011322114130e-02 0.0000000000000000e+00 1
2.3227557808022642e-04 -1.8717735854791573e-01 0.0000000000000000e+00 1
3.0166566793732278e-03 -1.5985406469061858e-01 0.0000000000000000e+00 1
5.7998559614632472e-03 -1.3187257366623745e-01 0.0000000000000000e+00 1
8.7384389652272118e-03 -1.0362508681017704e-01 0.0000000000000000e+00 1
1.1645971780029993e-02 -7.4953743866744749e-02 0.0000000000000000e+00 1
3.9735201341966245e-02 -5.4407162160483094e-02 0.0000000000000000e+00 1
4.0378152656214146e-02 -4.3754451661608053e-02 0.0000000000000000e+00 1
3.2569454476567464e-02 -3.8204330807401987e-02 0.0000000000000000e+00 1
-3.2928334016689431e-01 1.4377130118131870e-01 0.0000000000000000e+00 1
-3.2068401050055945e-01 1.4784479180292912e-01 0.0000000000000000e+00 1
-1.9166603147189901e-01 2.5451190763583464e-01 0.0000000000000000e+00 1
-1.8114017552115494e-01 2.5909900666006003e-01 0.0000000000000000e+00 1
-3.0686349871371610e-01 -3.3418371079382961e-02 0.0000000000000000e+00 1
-2.9851211109089026e-01 -3.9590351074416101e-02 0.0000000000000000e+00 1
-2.7473681854378385e-01 1.9559330231204669e-01 0.0000000000000000e+00 1
2.7558570603886179e-01 1.2248720820225091e-01 0.0000000000000000e+00 1
2.6791810551378092e-01 1.2817271213677220e-01 0.0000000000000000e+00 1
2.5892814503552025e-01 1.2409962841514258e-01 0.0000000000000000e+00 1
2.6007410272853454e-01 1.3387317194385831e-01 0.0000000000000000e+00 1
2.6901624162841509e-01 1.3776982517770003e-01 0.0000000000000000e+00 1
2.6123159563892284e-01 1.4366145421699739e-01 0.0000000000000000e+00 1
2.9827223174404290e-02 -3.4448549362835751e-01 0.0000000000000000e+00 1
-2.8502461748293995e-01 1.9071604151731908e-01 0.0000000000000000e+00 1
2.5217215841647667e-01 1.3967532618245587e-01 0.0000000000000000e+00 1
2.5328242037943460e-01 1.4953157987350435e-01 0.0000000000000000e+00 1
8.4946163355072823e-02 3.8568559339769826e-01 0.0000000000000000e+00 1
-3.1555110095004779e-01 1.2358216134559614e-01 0.0000000000000000e+00 1
4.1185314573649642e-02 -3.4185763115995436e-02 0.0000000000000000e+00 1
4.8845180961148323e-02 -3.8677656578871761e-02 0.0000000000000000e+00 1
-1.2814458644539861e-01 -7.1674248746029408e-03 0.0000000000000000e+00 1
-1.3619545800852353e-01 -1.1873109609327980e-03 0.0000000000000000e+00 1
-5.4726046000031905e-02 -2.7061055212473734e-01 0.0000000000000000e+00 1
-6.2610696421741552e-02 -2.7403580216542084e-01 0.0000000000000000e+00 1
1.2621549661921172e-01 1.7321125759431510e-01 0.0000000000000000e+00 1
1.3491302635681185e-01 1.6710632540795314e-01 0.0000000000000000e+00 1
1.2509483427397863e-01 1.6286744571030931e-01 0.0000000000000000e+00 1
1.3373777389798658e-01 1.5682820279707246e-01 0.0000000000000000e+00 1
1.2436581537382072e-01 1.5273361377217509e-01 0.0000000000000000e+00 1
1.3262626335113392e-01 1.4661320356180352e-01 0.0000000000000000e+00 1
1.2321610564298860e-01 1.4251917892585189e-01 0.0000000000000000e+00 1
1.3145652961293802e-01 1.3641850233152014e-01 0.0000000000000000e+00 1
1.2206884015087584e-01 1.3233636559955517e-01 0.0000000000000000e+00 1
1.3027982908849239e-01 1.2625722599128197e-01 0.0000000000000000e+00 1
1.2092406554579704e-01 1.2218918021352984e-01 0.0000000000000000e+00 1
1.2911227200917430e-01 1.1613091820069807e-01 0.0000000000000000e+00 1
1.1978396938945773e-01 1.1207839478938089e-01 0.0000000000000000e+00 1
1.2793839468398086e-01 1.0604439400462082e-01 0.0000000000000000e+00 1
1.1864501807270705e-01 1.0200512480210333e-01 0.0000000000000000e+00 1
1.2676876492058980e-01 9.5983596847329461e-02 0.0000000000000000e+00 1
1.1750787090930981e-01 9.1963104217816463e-02 0.0000000000000000e+00 1
1.2561245716551894e-01 8.5964754401695959e-02 0.0000000000000000e+00 1
1.1637441744382204e-01 8.1949775335127040e-02 0.0000000000000000e+00 1
1.2445863704037566e-01 7.5966718546915307e-02 0.0000000000000000e+00 1
1.1524284643185208e-01 7.1958363481951643e-02 0.0000000000000000e+00 1
1.3628152629829449e-01 1.0005836078570753e-01 0.0000000000000000e+00 1
1.2330729942290788e-01 6.5979284937340121e-02 0.0000000000000000e+00 1
1.1410662211033701e-01 6.1986886705968948e-02 0.0000000000000000e+00 1
-3.1518637183881804e-01 -2.7234938676409894e-02 0.0000000000000000e+00 1
-2.5641453282170790e-01 -6.0434754760212872e-02 0.0000000000000000e+00 1
-2.8955066132845425e-01 4.1309863521089361e-02 0.0000000000000000e+00 1
3.3552743902650881e-02 -2.8489397784815518e-02 0.0000000000000000e+00 1
2.8716977337565452e-02 -3.5394950057416463e-01 0.0000000000000000e+00 1
-7.0196083218497740e-02 1.5825448299334718e-01 0.0000000000000000e+00 1
-7.1410324591337490e-02 1.4765646634832993e-01 0.0000000000000000e+00 1
5.8741651500782942e-03 3.0457612204814494e-01 0.0000000000000000e+00 1
4.6398189293858794e-03 2.9404345447174984e-01 0.0000000000000000e+00 1
-2.3781526181514961e-01 -1.3988574136265791e-01 0.0000000000000000e+00 1
-2.2949560224733606e-01 -1.4554673846544391e-01 0.0000000000000000e+00 1
-1.9223704503088365e-01 1.7015290665093874e-01 0.0000000000000000e+00 1
-1.9347493111423106e-01 1.5936762530386209e-01 0.0000000000000000e+00 1
-1.1718421586514249e-01 -1.3059372884428927e-01 0.0000000000000000e+00 1
-1.0992004228095027e-01 -1.3589509499873018e-01 0.0000000000000000e+00 1
-1.1794534247090740e-01 -1.3966413575341530e-01 0.0000000000000000e+00 1
-1.1104119899466837e-01 -1.4501875491801589e-01 0.0000000000000000e+00 1
-1.1888984231139739e-01 -1.4876964460227882e-01 0.0000000000000000e+00 1
-1.1153230795273886e-01 -1.5415166439225897e-01 0.0000000000000000e+00 1
-5.9209279249243851e-02 1.7311127767483681e-01 0.0000000000000000e+00 1
-4.9381218765531032e-02 1.7735928416075744e-01 0.0000000000000000e+00 1
1.3279243728781401e-01 7.0057605725967975e-02 0.0000000000000000e+00 1
-8.9155721768664542e-02 3.0455494341060813e-01 0.0000000000000000e+00 1
-9.8242714725617436e-02 3.1136211117746471e-01 0.0000000000000000e+00 1
1.3254087297595929e-01 2.7699978875489439e-01 0.0000000000000000e+00 1
1.2311226110077372e-01 2.7291571021222849e-01 0.0000000000000000e+00 1
-3.2826863928430322e-01 1.5365722351742411e-01 0.0000000000000000e+00 1
-3.1952177960432138e-01 1.5777291985060263e-01 0.0000000000000000e+00 1
-5.5565503344521351e-02 -2.7932147310956923e-01 0.0000000000000000e+00 1
-6.3719699748889011e-02 -2.8277559450633161e-01 0.0000000000000000e+00 1
-5.6567262638387086e-02 -2.8811809202539973e-01 0.0000000000000000e+00 1
-6.4755468700511895e-02 -2.9158588584593226e-01 0.0000000000000000e+00 1
-5.7594243351067512e-02 -2.9698700243306081e-01 0.0000000000000000e+00 1
-7.1924913279774946e-02 -2.8624603868191789e-01 0.0000000000000000e+00 1
-7.2950868061327515e-02 -2.9502881035928952e-01 0.0000000000000000e+00 1
-8.0065654740846162e-02 -2.8969785245592150e-01 0.0000000000000000e+00 1
1.0392328235314043e-01 2.1248648857209365e-01 0.0000000000000000e+00 1
1.0510996529607870e-01 2.2285079655017048e-01 0.0000000000000000e+00 1
2.6241328180647522e-01 1.5352545369032672e-01 0.0000000000000000e+00 1
2.5437469123187145e-01 1.5946136091199442e-01 0.0000000000000000e+00 1
1.6181165259409355e-01 2.9934471399041412e-01 0.0000000000000000e+00 1
1.7127585656315936e-01 3.0350975591785523e-01 0.0000000000000000e+00 1
6.0026438607004275e-02 -3.6683003053242441e-01 0.0000000000000000e+00 1
6.7487591619512011e-02 -3.7237142894143688e-01 0.0000000000000000e+00 1
8.6504308833268595e-02 1.6660224929440037e-01 0.0000000000000000e+00 1
-2.6944039926858820e-01 -9.5857782721400012e-02 0.0000000000000000e+00 1
-2.7793533855219743e-01 -8.9623779716845112e-02 0.0000000000000000e+00 1
-1.4745376380168276e-01 -2.4931831909708616e-02 0.0000000000000000e+00 1
-3.4814084580220193e-02 6.5315637419372630e-02 0.0000000000000000e+00 1
-2.5459130168916988e-02 6.9351263626888870e-02 0.0000000000000000e+00 1
-3.4299102701071549e-01 9.2080401900183920e-02 0.0000000000000000e+00 1
-3.5033577142671390e-01 9.7311632096232364e-02 0.0000000000000000e+00 1
-3.5147117780128767e-01 8.8436066286609022e-02 0.0000000000000000e+00 1
-3.5882942494531056e-01 9.3821167180041826e-02 0.0000000000000000e+00 1
-3.5988512686383700e-01 8.4798530080119727e-02 0.0000000000000000e+00 1
-3.5789034798298758e-01 1.0241964226967266e-01 0.0000000000000000e+00 1
-8.1148757505308824e-02 -2.9846326829323860e-01 0.0000000000000000e+00 1
-8.8181613191122055e-02 -2.9308970895925240e-01 0.0000000000000000e+00 1
1.2589170220462217e-01 -3.4685161850444735e-01 0.0000000000000000e+00 1
1.2478216378191515e-01 -3.5569237247996965e-01 0.0000000000000000e+00 1
1.3292472213817019e-01 -3.5224659890891585e-01 0.0000000000000000e+00 1
1.3184143457832587e-01 -3.6096661552935794e-01 0.0000000000000000e+00 1
1.3991839446552581e-01 -3.5755500036415611e-01 0.0000000000000000e+00 1
1.3876533551938947e-01 -3.6619310566977958e-01 0.0000000000000000e+00 1
1.3083196428184601e-01 -3.6954050970075297e-01 0.0000000000000000e+00 1
1.4682219480665251e-01 -3.6283649453490324e-01 0.0000000000000000e+00 1
1.4801355613004774e-01 -3.5411952020783183e-01 0.0000000000000000e+00 1
1.5486748748565307e-01 -3.5944590328889392e-01 0.0000000000000000e+00 1
1.5619879120212166e-01 -3.5066834867172386e-01 0.0000000000000000e+00 1
1.3773942848300069e-01 -3.7475838775322812e-01 0.0000000000000000e+00 1
1.2990360470403040e-01 -3.7798445743944603e-01 0.0000000000000000e+00 1
1.6311207551336221e-01 -3.5604953236471337e-01 0.0000000000000000e+00 1
1.6447662998534338e-01 -3.4717367642482305e-01 0.0000000000000000e+00 1
1.3084724773820053e-01 -3.1014263669300202e-01 0.0000000000000000e+00 1
1.3983947746622383e-01 1.3042203970981756e-01 0.0000000000000000e+00 1
1.1336192172351557e-01 1.2817309084886480e-01 0.0000000000000000e+00 1
2.8320528472804146e-01 1.1689853299505065e-01 0.0000000000000000e+00 1
-2.0461906905685664e-02 -3.3038938252651262e-01 0.0000000000000000e+00 1
-1.2568563371762554e-02 -3.3609986923223806e-01 0.0000000000000000e+00 1
-2.8155056611448633e-02 -3.2462613327382572e-01 0.0000000000000000e+00 1
-1.5178804055900710e-01 -1.3746192374316468e-01 0.0000000000000000e+00 1
1.5312724371799305e-01 -3.6824997542350313e-01 0.0000000000000000e+00 1
-1.0321507063938312e-01 -1.4946226205366897e-01 0.0000000000000000e+00 1
-1.0412442658180800e-01 -1.5933672609611721e-01 0.0000000000000000e+00 1
-1.6107769748384271e-01 -2.1827323752712210e-01 0.0000000000000000e+00 1
9.3335461961535984e-02 -1.3461393981578454e-01 0.0000000000000000e+00 1
-2.8455761423061809e-01 9.1362391032190016e-02 0.0000000000000000e+00 1
6.2242538127437914e-02 -2.5708011972811473e-01 0.0000000000000000e+00 1
-1.1385432368613914e-01 -1.9778858138440786e-01 0.0000000000000000e+00 1
-2.7694454737932628e-01 1.7388562173548960e-01 0.0000000000000000e+00 1
7.0104748384837587e-02 2.5825404035146765e-01 0.0000000000000000e+00 1
-5.0886135689083550e-03 2.8981322237428125e-01 0.0000000000000000e+00 1
3.4195950278185856e-03 2.8345705840687624e-01 0.0000000000000000e+00 1
-2.2758941472522845e-01 3.8910229424541969e-02 0.0000000000000000e+00 1
9.2918898703999678e-02 -2.8185778105339399e-01 0.0000000000000000e+00 1
-2.5611988597232923e-03 -3.2268282948980676e-01 0.0000000000000000e+00 1
7.1356479016333445e-03 3.1503683862568310e-01 0.0000000000000000e+00 1
9.5791991986723682e-02 -3.8536615011194958e-02 0.0000000000000000e+00 1
-1.9273791640968613e-02 1.2073154929755994e-01 0.0000000000000000e+00 1
9.9118428319439469e-02 -8.4640075462553158e-02 0.0000000000000000e+00 1
1.8701920377448447e-01 -1.2347306254567914e-01 0.0000000000000000e+00 1
-5.7435165927627485e-02 2.4563037557543665e-01 0.0000000000000000e+00 1
-5.8695756357743552e-02 2.3476328453608167e-01 0.0000000000000000e+00 1
-4.8666586241031110e-02 2.3908922167525892e-01 0.0000000000000000e+00 1
-4.9919360095700180e-02 2.2827506736963848e-01 0.0000000000000000e+00 1
-3.9945749795038399e-02 2.3257858668002235e-01 0.0000000000000000e+00 1
-4.1232558781210085e-02 2.2189307166093797e-01 0.0000000000000000e+00 1
-3.1300048929061325e-02 2.2621245563098585e-01 0.0000000000000000e+00 1
-2.9991132229062269e-02 2.3686246591751986e-01 0.0000000000000000e+00 1
-2.1353656383066154e-02 2.3042357388524298e-01 0.0000000000000000e+00 1
-2.0081921892652982e-02 2.4116859888273079e-01 0.0000000000000000e+00 1
-2.2587531058712567e-02 2.1968982553159089e-01 0.0000000000000000e+00 1
1.6939351406599479e-01 -1.9978354719223246e-01 0.0000000000000000e+00 1
2.4491961717744780e-02 1.5293358544658674e-02 0.0000000000000000e+00 1
1.8232890976204169e-01 -1.6483690616875429e-01 0.0000000000000000e+00 1
1.2751294623121337e-01 1.2554196744233729e-02 0.0000000000000000e+00 1
-1.1840580684925562e-02 -3.3293617788452724e-04 0.0000000000000000e+00 1
-1.8261249488992829e-02 3.3431273794356242e-01 0.0000000000000000e+00 1
-8.5571643649560453e-03 3.3844208930902853e-01 0.0000000000000000e+00 1
-1.6918335054358531e-02 3.4483259795586974e-01 0.0000000000000000e+00 1
-7.2724259654191681e-03 3.4895456313024964e-01 0.0000000000000000e+00 1
-1.5610222550345105e-02 3.5531901355294232e-01 0.0000000000000000e+00 1
-5.9862970623528336e-03 3.5939756882125767e-01 0.0000000000000000e+00 1
2.3966701774371384e-03 3.5292597219278243e-01 0.0000000000000000e+00 1
3.6246531556936535e-03 3.6343682891699780e-01 0.0000000000000000e+00 1
1.1888977550110875e-02 3.5711867367490330e-01 0.0000000000000000e+00 1
1.3126075397280031e-02 3.6734636669994442e-01 0.0000000000000000e+00 1
2.1229881031094817e-02 3.6125227837391383e-01 0.0000000000000000e+00 1
2.2494531887594690e-02 3.7125253232306027e-01 0.0000000000000000e+00 1
2.0045077164965123e-02 3.5112956579011767e-01 0.0000000000000000e+00 1
2.0284499969680139e-01 6.3842425141826781e-02 0.0000000000000000e+00 1
1.0848215053203539e-01 -2.2033117829243568e-01 0.0000000000000000e+00 1
1.9157394695496560e-01 -8.2527116839450715e-02 0.0000000000000000e+00 1
1.9295467753335843e-01 -7.2492559702315329e-02 0.0000000000000000e+00 1
1.8367317752526169e-01 -7.6545448775026295e-02 0.0000000000000000e+00 1
1.8482842881433217e-01 -6.6464523320921773e-02 0.0000000000000000e+00 1
1.7552344181802240e-01 -7.0500682648436591e-02 0.0000000000000000e+00 1
1.7669092087689103e-01 -6.0435308699268012e-02 0.0000000000000000e+00 1
1.8596598014490073e-01 -5.6410026983673200e-02 0.0000000000000000e+00 1
1.7786226971380320e-01 -5.0401933083732121e-02 0.0000000000000000e+00 1
1.8706744214089557e-01 -4.6391548983944306e-02 0.0000000000000000e+00 1
1.6922808104030740e-01 -5.3730190501931348e-02 0.0000000000000000e+00 1
1.7901816089971548e-01 -4.0419861699368245e-02 0.0000000000000000e+00 1
1.8817565182371290e-01 -3.6428965148841086e-02 0.0000000000000000e+00 1
1.3692543229924532e-02 -5.5776125318197735e-02 0.0000000000000000e+00 1
-1.1456026453206650e-01 -3.8733529964423939e-02 0.0000000000000000e+00 1
-1.3727774457693767e-01 -2.5129357661030394e-01 0.0000000000000000e+00 1
-1.7836208913641829e-01 -1.5825587143354822e-01 0.0000000000000000e+00 1
-1.1979263928416559e-01 -1.5784286857112723e-01 0.0000000000000000e+00 1
-1.1963989837968937e-01 1.2603187829920914e-01 0.0000000000000000e+00 1
-3.1836759947720239e-01 1.9304644428588404e-02 0.0000000000000000e+00 1
1.9844983932288379e-01 2.4979015030162172e-02 0.0000000000000000e+00 1
1.9731860934041515e-01 1.5317925127995468e-02 0.0000000000000000e+00 1
2.0623525907420118e-01 1.9163947394783946e-02 0.0000000000000000e+00 1
2.0512415434453005e-01 9.5556357734534608e-03 0.0000000000000000e+00 1
2.0751728919043239e-01 1.0302140746035567e-01 0.0000000000000000e+00 1
8.1908366573368419e-02 -2.3278594720688256e-01 0.0000000000000000e+00 1
1.5455110824609375e-01 -2.5456286542675521e-01 0.0000000000000000e+00 1
1.6466896019923366e-01 2.8371108671662208e-02 0.0000000000000000e+00 1
2.1600254216818594e-02 1.5819829988208614e-01 0.0000000000000000e+00 1
-1.3973925464265416e-01 1.9933886660136022e-01 0.0000000000000000e+00 1
4.3458841390648990e-02 2.5670357471926236e-01 0.0000000000000000e+00 1
-1.2013508889831372e-01 -1.3124676602290178e-02 0.0000000000000000e+00 1
2.4666435443847216e-02 -3.2498764746899743e-02 0.0000000000000000e+00 1
-8.5452500800022521e-02 -2.2764761637057904e-01 0.0000000000000000e+00 1
-1.5271993165737355e-01 7.1601063242714730e-02 0.0000000000000000e+00 1
-1.9031139192525395e-01 5.4765946463365071e-02 0.0000000000000000e+00 1
-7.1470490728499397e-02 1.7267181867718622e-03 0.0000000000000000e+00 1
4.5977820949730588e-02 1.2956009719651621e-01 0.0000000000000000e+00 1
-1.1575010387312977e-01 7.8056975015934116e-02 0.0000000000000000e+00 1
1.5946451150550791e-02 1.8537355685541637e-01 0.0000000000000000e+00 1
1.1361614614053342e-01 -1.7076820820284672e-01 0.0000000000000000e+00 1
1.6405192369763483e-01 3.1980712618866103e-01 0.0000000000000000e+00 1
1.5590560909114051e-01 3.2582758055210981e-01 0.0000000000000000e+00 1
6.9480418087454796e-02 3.4701329865999116e-02 0.0000000000000000e+00 1
6.4563665634055051e-02 6.0689480867871605e-02 0.0000000000000000e+00 1
2.0841417889749483e-01 -1.7297607638284707e-01 0.0000000000000000e+00 1
2.0594346047529291e-01 1.5911223167619107e-01 0.0000000000000000e+00 1
1.2039231153128475e-01 -1.3434415320019671e-01 0.0000000000000000e+00 1
-1.7248049870536267e-01 2.5160828314782735e-01 0.0000000000000000e+00 1
-1.7059862612642757e-01 2.6355803710503878e-01 0.0000000000000000e+00 1
1.7432537918551841e-01 -8.0505946103566386e-02 0.0000000000000000e+00 1
1.2275861754554451e-02 -2.2568875235173164e-01 0.0000000000000000e+00 1
2.0676657169268517e-02 -2.2202761968727516e-01 0.0000000000000000e+00 1
1.8378323414978076e-01 1.9805502411564069e-01 0.0000000000000000e+00 1
-8.6473421942783318e-02 3.2703537984485820e-01 0.0000000000000000e+00 1
-7.6009195377494981e-02 3.3147845508153240e-01 0.0000000000000000e+00 1
-2.6812334536269000e-01 -6.7324875146588022e-03 0.0000000000000000e+00 1
-2.5875556910130959e-01 -2.6284932779559837e-03 0.0000000000000000e+00 1
-2.5987483624000418e-01 -1.2804731502079215e-02 0.0000000000000000e+00 1
1.2264528536988846e-01 -9.4047941568060733e-02 0.0000000000000000e+00 1
-2.6597675244789348e-01 -6.4659770380705583e-02 0.0000000000000000e+00 1
1.0929218055089845e-01 3.0538383255634138e-01 0.0000000000000000e+00 1
1.1467549035269811e-01 2.2700499144843161e-01 0.0000000000000000e+00 1
1.0630266582947032e-01 2.3321402450000972e-01 0.0000000000000000e+00 1
3.6351685462124972e-02 5.8330015824035464e-02 0.0000000000000000e+00 1
1.8123574283662558e-01 1.0081251843441498e-01 0.0000000000000000e+00 1
1.9051215697523727e-01 -2.4869566488939482e-01 0.0000000000000000e+00 1
-1.0076536738383252e-01 5.5647815844350190e-02 0.0000000000000000e+00 1
3.0960470889903821e-02 -3.3508177374399428e-01 0.0000000000000000e+00 1
1.9204707574598115e-01 1.9186206184190641e-01 0.0000000000000000e+00 1
-5.7097321692519278e-02 -2.9583108812960127e-02 0.0000000000000000e+00 1
-1.4648755991480034e-01 1.3440008949496235e-01 0.0000000000000000e+00 1
3.3344112457426744e-02 -1.0050713887497699e-01 0.0000000000000000e+00 1
-3.1945071454036794e-01 9.3020899468384370e-03 0.0000000000000000e+00 1
-3.2758745405803519e-01 1.5281976273915910e-02 0.0000000000000000e+00 1
-3.2873057172182429e-01 5.3173315047774410e-03 0.0000000000000000e+00 1
-3.3678627377953774e-01 1.1321185642853783e-02 0.0000000000000000e+00 1
-3.3566337665456047e-01 2.1251780922567375e-02 0.0000000000000000e+00 1
-3.4480050718030297e-01 1.7309749118822111e-02 0.0000000000000000e+00 1
-3.4332009745879316e-01 2.7120849154917706e-02 0.0000000000000000e+00 1
-6.5405669578198627e-02 -1.1370611565018192e-01 0.0000000000000000e+00 1
-6.1318471165643013e-02 -6.7482779086902020e-02 0.0000000000000000e+00 1
1.7589661760754857e-01 5.2060359083252697e-02 0.0000000000000000e+00 1
2.8413708100112095e-02 -1.4794228335551785e-01 0.0000000000000000e+00 1
1.8928428001746672e-01 -2.5886579391856956e-01 0.0000000000000000e+00 1
1.9871596717804546e-01 -2.5484730187047522e-01 0.0000000000000000e+00 1
1.9748968883429052e-01 -2.6506662786682633e-01 0.0000000000000000e+00 1
2.0695859723203949e-01 -2.6102738198728459e-01 0.0000000000000000e+00 1
2.0573026786896759e-01 -2.7128913783873376e-01 0.0000000000000000e+00 1
2.1499610473565672e-01 -2.6720289067011954e-01 0.0000000000000000e+00 1
2.1585267493352062e-01 -2.5774905878760612e-01 0.0000000000000000e+00 1
2.1393474203043444e-01 -2.7750125462291919e-01 0.0000000000000000e+00 1
2.0446506646234541e-01 -2.8153184790392827e-01 0.0000000000000000e+00 1
-7.4073538222071467e-02 -3.0390284349040042e-01 0.0000000000000000e+00 1
-5.1147750340835470e-02 2.1751730624991786e-01 0.0000000000000000e+00 1
5.7009091948606656e-02 -3.2403421872110161e-01 0.0000000000000000e+00 1
-1.7978850368774696e-01 2.7054193409763699e-01 0.0000000000000000e+00 1
-1.6916122193138083e-01 2.7512243035512207e-01 0.0000000000000000e+00 1
-1.5988234260748846e-01 2.6820070199087703e-01 0.0000000000000000e+00 1
-1.5850009741396737e-01 2.7969150715812008e-01 0.0000000000000000e+00 1
1.9331608599526051e-01 2.0217156347073387e-01 0.0000000000000000e+00 1
2.0160382256232337e-01 1.9595509749254425e-01 0.0000000000000000e+00 1
2.0286889078763021e-01 2.0628872307585025e-01 0.0000000000000000e+00 1
2.1124223857425331e-01 2.0005270061197478e-01 0.0000000000000000e+00 1
2.1243929738083128e-01 2.1043246343795152e-01 0.0000000000000000e+00 1
2.2085840827609093e-01 2.0416732847319985e-01 0.0000000000000000e+00 1
2.2204810907029862e-01 2.1460478115549267e-01 0.0000000000000000e+00 1
2.3047379742713620e-01 2.0831358773609057e-01 0.0000000000000000e+00 1
2.2925093660542864e-01 1.9790973699589992e-01 0.0000000000000000e+00 1
2.3943482615218428e-01 2.0208511787520192e-01 0.0000000000000000e+00 1
-2.0348996521262430e-01 -6.7072580718904096e-02 0.0000000000000000e+00 1
3.0497571808110850e-02 3.6524379748077662e-01 0.0000000000000000e+00 1
3.1748456956085948e-02 3.7516516305074493e-01 0.0000000000000000e+00 1
-1.3253752023396714e-01 -2.7174444071115617e-01 0.0000000000000000e+00 1
-1.5890670347992172e-01 -2.6096182997526191e-01 0.0000000000000000e+00 1
-1.5818115299881907e-01 -2.5342329721207069e-01 0.0000000000000000e+00 1
-3.1157941323059540e-01 1.5089748590690544e-01 0.0000000000000000e+00 1
3.4288093929512549e-02 -2.8883549030265204e-01 0.0000000000000000e+00 1
1.8153477322628980e-02 4.0556219771300292e-02 0.0000000000000000e+00 1
1.3654981955753803e-01 -3.8311004153568540e-01 0.0000000000000000e+00 1
1.2892685722694250e-01 -3.8633592747500012e-01 0.0000000000000000e+00 1
1.2219769775626785e-01 -3.8130313421222772e-01 0.0000000000000000e+00 1
1.2258037529830985e-01 5.6097231913483515e-02 0.0000000000000000e+00 1
-3.5253339358804947e-01 7.9373915970164424e-02 0.0000000000000000e+00 1
-3.6096845451168319e-01 7.5751331558912810e-02 0.0000000000000000e+00 1
-3.5357623523822773e-01 7.0219290951054655e-02 0.0000000000000000e+00 1
-3.6205671918253846e-01 6.6594124190579793e-02 0.0000000000000000e+00 1
6.6316076828221507e-02 3.6954031941034338e-01 0.0000000000000000e+00 1
1.3567887466732531e-01 -2.7241878922959972e-01 0.0000000000000000e+00 1
5.8785491933173339e-02 1.1802044305698057e-02 0.0000000000000000e+00 1
2.3173474253017307e-01 2.1877358723785773e-01 0.0000000000000000e+00 1
2.5453346440986307e-01 7.7945240548401074e-02 0.0000000000000000e+00 1
2.5106454929882482e-01 4.0644999531941936e-02 0.0000000000000000e+00 1
-2.7223120445953274e-02 -2.2618308662467085e-01 0.0000000000000000e+00 1
-2.5261853607725288e-02 3.5197192638290919e-01 0.0000000000000000e+00 1
2.2323775240447200e-01 2.2510346621909985e-01 0.0000000000000000e+00 1
2.5101582006789769e-01 -1.0516485307848381e-01 0.0000000000000000e+00 1
2.5979920381594940e-01 -1.1107421234847910e-01 0.0000000000000000e+00 1
2.6937346633003423e-01 -1.0689809018964548e-01 0.0000000000000000e+00 1
2.6824117580454832e-01 -1.1732665183642202e-01 0.0000000000000000e+00 1
2.5833932658444275e-01 -1.2170060641760629e-01 0.0000000000000000e+00 1
2.6705226193476705e-01 -1.2787283666115906e-01 0.0000000000000000e+00 1
2.5719931163672272e-01 -1.3217669225471518e-01 0.0000000000000000e+00 1
2.6589546996132363e-01 -1.3844565908434769e-01 0.0000000000000000e+00 1
2.5614055357718246e-01 -1.4269089755623512e-01 0.0000000000000000e+00 1
1.0828291453612782e-01 8.7931759988786412e-02 0.0000000000000000e+00 1
-3.6735255340249401e-01 8.9991229761243477e-02 0.0000000000000000e+00 1
-1.4924783345926723e-01 2.7277041442477201e-01 0.0000000000000000e+00 1
-1.4788893507718798e-01 2.8420734616048315e-01 0.0000000000000000e+00 1
6.8949739859806916e-02 3.8763770363385042e-01 0.0000000000000000e+00 1
-2.1819510794192659e-01 -3.4901407135045373e-02 0.0000000000000000e+00 1
-9.9562335226988694e-02 3.0009475516263268e-01 0.0000000000000000e+00 1
-1.0870838372694872e-01 3.0689303683061453e-01 0.0000000000000000e+00 1
-1.1418451862557466e-01 1.6897378296454058e-01 0.0000000000000000e+00 1
-3.0806133511084249e-01 -4.3764355242823634e-02 0.0000000000000000e+00 1
-2.9973810706685999e-01 -4.9972240305230300e-02 0.0000000000000000e+00 1
-2.5763148838279504e-01 7.5600883021491837e-03 0.0000000000000000e+00 1
-3.7856286598252985e-02 -2.5551300887089101e-01 0.0000000000000000e+00 1
-1.4540339186159071e-01 -5.2004870964964152e-03 0.0000000000000000e+00 1
-2.3297601909070759e-01 2.3621484840411736e-01 0.0000000000000000e+00 1
-2.4340806742775556e-01 2.3159247433093058e-01 0.0000000000000000e+00 1
-1.3838474944636095e-02 -2.4575160398236107e-01 0.0000000000000000e+00 1
-2.7343821303671600e-01 1.1574707873287382e-01 0.0000000000000000e+00 1
2.6475134586476079e-01 -1.4906787397723117e-01 0.0000000000000000e+00 1
2.5492282223587015e-01 -1.5337010239230245e-01 0.0000000000000000e+00 1
1.7166981239233395e-01 -3.5265272715324597e-01 0.0000000000000000e+00 1
1.7286184058022874e-01 -3.4362619347662426e-01 0.0000000000000000e+00 1
1.6559004535830113e-01 -3.3807867191103125e-01 0.0000000000000000e+00 1
1.7408119231792887e-01 -3.3446837754922748e-01 0.0000000000000000e+00 1
1.6668019747895835e-01 -3.2886280980559246e-01 0.0000000000000000e+00 1
1.7528656270692283e-01 -3.2522470369635270e-01 0.0000000000000000e+00 1
1.8276221130168582e-01 -3.3091034581646822e-01 0.0000000000000000e+00 1
1.8402454279935215e-01 -3.2153594262878327e-01 0.0000000000000000e+00 1
1.1484672200328075e-01 2.7905327551066939e-01 0.0000000000000000e+00 1
2.6359706036926717e-01 1.6348422977598265e-01 0.0000000000000000e+00 1
-1.0736574902127247e-01 3.1823298260436150e-01 0.0000000000000000e+00 1
-1.1791309550908707e-01 3.1373627144319471e-01 0.0000000000000000e+00 1
1.1576981248806205e-01 3.7297834772980865e-01 0.0000000000000000e+00 1
1.2332350480545880e-01 3.6754498483238784e-01 0.0000000000000000e+00 1
-9.1653136595959736e-02 1.9955364262047193e-01 0.0000000000000000e+00 1
1.0604166320318144e-01 6.7952189063648916e-02 0.0000000000000000e+00 1
-1.2313803327591130e-01 -2.0992177119919075e-01 0.0000000000000000e+00 1
-1.6525615574710362e-01 -2.5645142531544657e-01 0.0000000000000000e+00 1
-1.6427599009734931e-01 -2.4874070080892366e-01 0.0000000000000000e+00 1
-1.5726724778035081e-01 -2.4628080220521503e-01 0.0000000000000000e+00 1
4.7583389353403095e-02 2.9732509738541130e-01 0.0000000000000000e+00 1
2.8088713545810517e-01 -8.2077364860169824e-02 0.0000000000000000e+00 1
2.8182448942669291e-01 -7.1957193934917590e-02 0.0000000000000000e+00 1
-3.3812099246091376e-01 1.4412216778257401e-03 0.0000000000000000e+00 1
-1.1529402536948631e-02 2.3468364068750597e-01 0.0000000000000000e+00 1
4.2799481950055639e-02 -2.3576453782119127e-02 0.0000000000000000e+00 1
-1.9126024667772268e-01 -2.1550445295150672e-01 0.0000000000000000e+00 1
-1.8395878210668176e-01 -2.2002342091034371e-01 0.0000000000000000e+00 1
-1.9841192357693818e-01 -2.1047799674313261e-01 0.0000000000000000e+00 1
-1.9754899627050651e-01 -2.0164188445884526e-01 0.0000000000000000e+00 1
2.6357787829108437e-01 -1.5976016504374743e-01 0.0000000000000000e+00 1
2.5369150559495524e-01 -1.6409364450012090e-01 0.0000000000000000e+00 1
2.7143483612067831e-01 1.5730855333486993e-01 0.0000000000000000e+00 1
-1.5022321207411876e-01 2.6184547510715506e-01 0.0000000000000000e+00 1
1.2125334426038087e-01 -3.8964219681314272e-01 0.0000000000000000e+00 1
1.1449448768777189e-01 -3.8461665649706556e-01 0.0000000000000000e+00 1
-1.2839114534835874e-01 -1.8782793914484081e-01 0.0000000000000000e+00 1
1.0490955029053657e-01 5.7988504117085352e-02 0.0000000000000000e+00 1
1.8014584548639900e-01 -3.0472897199665686e-02 0.0000000000000000e+00 1
1.7098633215352821e-01 -3.4449996782813394e-02 0.0000000000000000e+00 1
1.8928872790503298e-01 -2.6508492713190578e-02 0.0000000000000000e+00 1
-3.3751106428521310e-01 1.4957196351005581e-01 0.0000000000000000e+00 1
-1.0359272789364139e-01 2.4525882414959684e-02 0.0000000000000000e+00 1
5.0898621255288518e-03 3.7348056949781983e-01 0.0000000000000000e+00 1
-4.4177184667983156e-02 6.1253319433697953e-02 0.0000000000000000e+00 1
-5.2392330445793875e-02 6.7305357076104952e-02 0.0000000000000000e+00 1
-1.4073157969376228e-02 3.6606104508111953e-01 0.0000000000000000e+00 1
2.4421653677017816e-01 1.4552936383496395e-01 0.0000000000000000e+00 1
2.1289770225727817e-01 -2.8843621454993507e-01 0.0000000000000000e+00 1
-2.6623133958569765e-02 5.9255492266461665e-02 0.0000000000000000e+00 1
-1.7280685853340329e-02 6.3281056086077800e-02 0.0000000000000000e+00 1
2.3807091843742842e-02 3.8115624589559005e-01 0.0000000000000000e+00 1
3.2929448142480174e-02 3.8501416102480973e-01 0.0000000000000000e+00 1
-1.4646829011275611e-01 -2.2007333784946975e-01 0.0000000000000000e+00 1
-2.8366844983291023e-01 2.0204458029863773e-01 0.0000000000000000e+00 1
-2.3885982270271713e-01 -1.4991333185196362e-01 0.0000000000000000e+00 1
-2.3073048762704851e-01 -1.5575552389092037e-01 0.0000000000000000e+00 1
-2.2156209225544565e-01 -1.5156407324536722e-01 0.0000000000000000e+00 1
-2.2275342120303360e-01 -1.6156003666273122e-01 0.0000000000000000e+00 1
-2.4710610400934363e-01 -1.4408286036560397e-01 0.0000000000000000e+00 1
1.1050421220078482e-01 1.0801676104625009e-01 0.0000000000000000e+00 1
-2.9302234994654598e-02 -3.3416867910910508e-01 0.0000000000000000e+00 1
-3.6993576120813033e-02 -3.2838073575716809e-01 0.0000000000000000e+00 1
-1.1001959003410024e-01 2.9556570075218491e-01 0.0000000000000000e+00 1
2.4312400798994907e-01 1.3565325297783443e-01 0.0000000000000000e+00 1
-1.5693365203541529e-01 2.9332833183192908e-01 0.0000000000000000e+00 1
2.1399290858214420e-01 1.3428639433118915e-02 0.0000000000000000e+00 1
2.1509828467410741e-01 2.2976384453190852e-02 0.0000000000000000e+00 1
-6.3316920011443380e-03 2.7924221112782455e-01 0.0000000000000000e+00 1
2.1918611503950105e-03 2.7287689821958638e-01 0.0000000000000000e+00 1
2.8428773036702493e-01 1.2629101033030055e-01 0.0000000000000000e+00 1
1.9158690333697415e-01 -3.2731896487375045e-01 0.0000000000000000e+00 1
1.6669459406704237e-01 -7.4576545368928382e-02 0.0000000000000000e+00 1
1.6503981844779256e-01 -8.4617634893228141e-02 0.0000000000000000e+00 1
-1.7136988523334651e-01 -2.5186528375085759e-01 0.0000000000000000e+00 1
-3.6941687415716296e-01 7.2090578131385571e-02 0.0000000000000000e+00 1
-3.7051375597050723e-01 6.2976272429815683e-02 0.0000000000000000e+00 1
-1.4985763658375506e-01 1.9486770602683903e-01 0.0000000000000000e+00 1
7.4880459711801475e-02 1.3038472141398055e-01 0.0000000000000000e+00 1
-3.2725843849428493e-01 1.6366018021842763e-01 0.0000000000000000e+00 1
-3.1839083152112546e-01 1.6783110220732833e-01 0.0000000000000000e+00 1
-3.6314321628850182e-01 5.7419614883043479e-02 0.0000000000000000e+00 1
1.3137689947372319e-01 2.6677442766598103e-01 0.0000000000000000e+00 1
-1.4428350920321192e-01 4.8044569861479137e-03 0.0000000000000000e+00 1
-8.7095509397067228e-02 -2.8438578731768427e-01 0.0000000000000000e+00 1
-9.5136762554019483e-02 -2.8776045432288100e-01 0.0000000000000000e+00 1
1.0268292526205650e-01 2.0225820752896734e-01 0.0000000000000000e+00 1
9.3377040152954144e-02 2.0826863950841551e-01 0.0000000000000000e+00 1
-2.0577910750698883e-01 -2.0537353952039450e-01 0.0000000000000000e+00 1
-2.0483051380871181e-01 -1.9629522521539469e-01 0.0000000000000000e+00 1
2.1031663537595009e-02 -3.4819585170289391e-01 0.0000000000000000e+00 1
-9.6300066721036970e-02 -2.9640435727407144e-01 0.0000000000000000e+00 1
-1.0317872871150570e-01 -2.9110801153626131e-01 0.0000000000000000e+00 1
-2.9435430287229536e-01 1.9743655710743283e-01 0.0000000000000000e+00 1
1.9922019143017094e-02 -3.5771583414765129e-01 0.0000000000000000e+00 1
2.7628883345406426e-02 -3.6345888784438340e-01 0.0000000000000000e+00 1
-4.7867545233589923e-02 -2.7646286187531055e-01 0.0000000000000000e+00 1
2.3299006528376465e-01 2.2931028056437752e-01 0.0000000000000000e+00 1
2.2444466045205413e-01 2.3566337567424617e-01 0.0000000000000000e+00 1
-1.5346505691225043e-01 -8.3291550540259940e-02 0.0000000000000000e+00 1
1.9636457520220925e-02 -2.3118274225996951e-01 0.0000000000000000e+00 1
2.8101510126745964e-02 -2.2747558901886281e-01 0.0000000000000000e+00 1
-2.5049246468955677e-01 -8.6972995321299151e-03 0.0000000000000000e+00 1
-2.5162210922978223e-01 -1.8896382106553040e-02 0.0000000000000000e+00 1
1.4219453727402420e-01 1.5078275024382976e-01 0.0000000000000000e+00 1
1.7013958007073687e-01 2.9320612153200448e-01 0.0000000000000000e+00 1
1.7967191758936743e-01 2.9737582886163050e-01 0.0000000000000000e+00 1
2.2352110399922942e-01 -2.7346499411634684e-01 0.0000000000000000e+00 1
1.1366325022569726e-01 2.6883129331947864e-01 0.0000000000000000e+00 1
1.4083380913516247e-01 2.7088230150980808e-01 0.0000000000000000e+00 1
2.6239175026557887e-01 -1.7050292613554802e-01 0.0000000000000000e+00 1
2.5244999558162490e-01 -1.7486659342287239e-01 0.0000000000000000e+00 1
-3.5301672519106247e-01 2.4235124266763351e-02 0.0000000000000000e+00 1
-3.0927714992673339e-01 -5.4167234786763552e-02 0.0000000000000000e+00 1
-1.8350721488162935e-01 1.6368773215780963e-01 0.0000000000000000e+00 1
-1.8476224466832575e-01 1.5292622969958572e-01 0.0000000000000000e+00 1
-1.9466985064392361e-01 1.4861177927196850e-01 0.0000000000000000e+00 1
-1.8584452392301665e-01 1.4220762615764188e-01 0.0000000000000000e+00 1
-1.9583431242461846e-01 1.3793191432255580e-01 0.0000000000000000e+00 1
-1.8705241513911630e-01 1.3157410443269427e-01 0.0000000000000000e+00 1
-1.9696091699143861e-01 1.2732577403643330e-01 0.0000000000000000e+00 1
-1.8843861291552347e-01 1.2102638581289774e-01 0.0000000000000000e+00 1
-1.9815075164440493e-01 1.1679170330230426e-01 0.0000000000000000e+00 1
-1.8967716446353661e-01 1.1051506884231631e-01 0.0000000000000000e+00 1
-1.9934766031875842e-01 1.0631558354314162e-01 0.0000000000000000e+00 1
-1.9090102085808197e-01 1.0007919877639145e-01 0.0000000000000000e+00 1
-2.0780567228677599e-01 1.1255758730179123e-01 0.0000000000000000e+00 1
7.8167651135593402e-02 1.7282772248115016e-01 0.0000000000000000e+00 1
-7.0019732723818937e-02 -1.4819461630039898e-01 0.0000000000000000e+00 1
2.5679161671286303e-02 -2.2753147838249485e-02 0.0000000000000000e+00 1
1.6740724991414005e-02 -2.6738483382442141e-02 0.0000000000000000e+00 1
-2.1398188844179766e-01 -1.5704279583917971e-01 0.0000000000000000e+00 1
-2.6471464988347015e-01 -5.4175900175090511e-02 0.0000000000000000e+00 1
1.8019187704143735e-01 -3.4926813752045105e-01 0.0000000000000000e+00 1
1.9263460447766900e-01 -3.1733033326200594e-01 0.0000000000000000e+00 1
1.8515705639375488e-01 -3.1195836928966347e-01 0.0000000000000000e+00 1
-2.6090254154590409e-01 6.3022933125886069e-02 0.0000000000000000e+00 1
-1.8152642898731600e-01 1.7375642609591593e-01 0.0000000000000000e+00 1
-1.1278174059568563e-01 -1.8917698999628058e-01 0.0000000000000000e+00 1
-1.3178853619279615e-01 -1.1069392002456463e-01 0.0000000000000000e+00 1
-2.3192638430724266e-01 -1.6548330807555112e-01 0.0000000000000000e+00 1
-7.9924366863770052e-02 1.5390784956089895e-01 0.0000000000000000e+00 1
-8.1161510902190689e-02 1.4341355720403889e-01 0.0000000000000000e+00 1
7.4388688216368071e-02 2.9934574842169215e-01 0.0000000000000000e+00 1
5.9011984045803829e-02 -3.7607128946907198e-01 0.0000000000000000e+00 1
6.6461819116457613e-02 -3.8155160194606053e-01 0.0000000000000000e+00 1
-3.0110641671235344e-01 -6.0353398388287863e-02 0.0000000000000000e+00 1
-1.9243218068080431e-01 -1.2815585384464284e-01 0.0000000000000000e+00 1
-1.0033576646876391e-01 -1.3277853854811855e-01 0.0000000000000000e+00 1
-1.7846581424684671e-01 2.8210678603927297e-01 0.0000000000000000e+00 1
-1.8918165454184616e-01 2.7747133327013118e-01 0.0000000000000000e+00 1
-2.7351614024172288e-01 2.0652903677353276e-01 0.0000000000000000e+00 1
-1.0584499666615922e-01 -1.9425252614210278e-01 0.0000000000000000e+00 1
-1.0737539368809487e-01 -2.0304196088653337e-01 0.0000000000000000e+00 1
-5.7944139130752692e-02 1.8365455529485911e-01 0.0000000000000000e+00 1
2.5547527638779638e-01 1.6947874010413580e-01 0.0000000000000000e+00 1
2.4620583569275933e-01 1.6539802092600933e-01 0.0000000000000000e+00 1
-4.2435296084136979e-02 2.1104963904652124e-01 0.0000000000000000e+00 1
-1.4135593488374076e-01 -5.0141206960944734e-02 0.0000000000000000e+00 1
-2.0898869137034307e-01 1.0213472908557897e-01 0.0000000000000000e+00 1
2.4733335524273548e-01 -1.3654603734707968e-01 0.0000000000000000e+00 1
-2.4695232713363913e-01 -5.6335177305370278e-02 0.0000000000000000e+00 1
4.9451666169389688e-02 -3.1838183270105602e-01 0.0000000000000000e+00 1
2.7790057973598009e-01 -1.1309163187436347e-01 0.0000000000000000e+00 1
1.3554991271569511e-01 -3.9128837705726138e-01 0.0000000000000000e+00 1
1.4304206612184361e-01 -3.8814864804417148e-01 0.0000000000000000e+00 1
1.1349794308944794e-01 -3.9298706394110938e-01 0.0000000000000000e+00 1
1.0676871516580316e-01 -3.8804194966380351e-01 0.0000000000000000e+00 1
-2.7907038546383267e-01 -1.0010829939133999e-01 0.0000000000000000e+00 1
1.8079344424566457e-01 3.0773787804498842e-01 0.0000000000000000e+00 1
1.8924141771716799e-01 3.0158214008047568e-01 0.0000000000000000e+00 1
1.8810766187587774e-01 2.9115538710678079e-01 0.0000000000000000e+00 1
-9.7495507879639898e-02 -1.1310350932076697e-01 0.0000000000000000e+00 1
1.6939998248595650e-01 -3.6165537255805824e-01 0.0000000000000000e+00 1
-8.2350416569520593e-02 -3.0738832684276712e-01 0.0000000000000000e+00 1
-7.5169738324186067e-02 -3.1289123400393781e-01 0.0000000000000000e+00 1
1.6513305860134123e-01 3.2996361840805127e-01 0.0000000000000000e+00 1
1.5695996839784732e-01 3.3592211914675435e-01 0.0000000000000000e+00 1
-1.7491563779429301e-01 -4.5030691795147272e-02 0.0000000000000000e+00 1
-7.8490736568296166e-02 1.6437723793089723e-01 0.0000000000000000e+00 1
2.9184436086380777e-01 1.2065435533735187e-01 0.0000000000000000e+00 1
-1.7046362608788712e-01 -2.4425856403926349e-01 0.0000000000000000e+00 1
-1.7759621348862953e-01 -2.4736187789600916e-01 0.0000000000000000e+00 1
-3.1763954791012350e-01 -4.7914588297081458e-02 0.0000000000000000e+00 1
-2.3860230707872115e-01 -6.2475740904436097e-02 0.0000000000000000e+00 1
2.6094783565310825e-01 -1.8071628762627057e-01 0.0000000000000000e+00 1
2.5118001416288893e-01 -1.8557420152543364e-01 0.0000000000000000e+00 1
2.6092449740569562e-01 -1.9175163089126884e-01 0.0000000000000000e+00 1
2.4989660422215970e-01 -1.9634093446587036e-01 0.0000000000000000e+00 1
2.6478744639054785e-01 1.7354555848126973e-01 0.0000000000000000e+00 1
-8.5100079915066337e-02 3.3827082705699046e-01 0.0000000000000000e+00 1
-7.4651754017150240e-02 3.4268748511989716e-01 0.0000000000000000e+00 1
-1.5353389215916075e-01 7.6747228784203845e-04 0.0000000000000000e+00 1
-2.8762440292464192e-01 -9.3866050993330563e-02 0.0000000000000000e+00 1
-5.3538113235805110e-02 5.7167257998513250e-02 0.0000000000000000e+00 1
-6.1715134130689589e-02 6.3168497727679046e-02 0.0000000000000000e+00 1
-4.5318263699912695e-02 5.1144440883578786e-02 0.0000000000000000e+00 1
2.4376307341311404e-01 -1.6845835356903249e-01 0.0000000000000000e+00 1
-1.3873630592844849e-01 2.7878779674763227e-01 0.0000000000000000e+00 1
1.9728929100920090e-01 -3.2427260463098503e-02 0.0000000000000000e+00 1
1.9841334745881400e-01 -2.2560891367739623e-02 0.0000000000000000e+00 1
-2.1322913313356823e-01 -2.0013152249631219e-01 0.0000000000000000e+00 1
-1.9116280222109441e-01 -2.2392212075614207e-01 0.0000000000000000e+00 1
-1.8125844323583976e-01 1.0425699751816737e-01 0.0000000000000000e+00 1
2.4125403751734498e-01 -1.8999029342096435e-01 0.0000000000000000e+00 1
2.4005257554681086e-01 -2.0075603658988317e-01 0.0000000000000000e+00 1
2.4848247111432886e-01 -2.0716422820340341e-01 0.0000000000000000e+00 1
2.3880619992361837e-01 -2.1150305702186473e-01 0.0000000000000000e+00 1
2.4744595167545139e-01 -2.1793982231752598e-01 0.0000000000000000e+00 1
2.3756445953956398e-01 -2.2218981376103808e-01 0.0000000000000000e+00 1
2.2898474966184190e-01 -2.1570000277598650e-01 0.0000000000000000e+00 1
2.0636359949259492e-01 -2.8431171697871210e-02 0.0000000000000000e+00 1
2.0748224054647912e-01 -1.8642733939501825e-02 0.0000000000000000e+00 1
1.0839913176240276e-01 3.7835061077333354e-01 0.0000000000000000e+00 1
1.1668429086418856e-01 3.8206487846111414e-01 0.0000000000000000e+00 1
1.0942677045909592e-01 3.8733977061100799e-01 0.0000000000000000e+00 1
1.5546174732824403e-02 3.0875738745660047e-01 0.0000000000000000e+00 1
1.6809757214862435e-02 3.1912561554656871e-01 0.0000000000000000e+00 1
2.9077642996410297e-01 1.1136917827356035e-01 0.0000000000000000e+00 1
2.7332888518392601e-01 -6.6069344656946166e-02 0.0000000000000000e+00 1
2.8275561464724547e-01 -6.1930973438101972e-02 0.0000000000000000e+00 1
2.9102498925418774e-01 -6.7816193057828086e-02 0.0000000000000000e+00 1
2.9206050078888945e-01 -5.7824145417860892e-02 0.0000000000000000e+00 1
2.8397209703189358e-01 -5.1955707068423548e-02 0.0000000000000000e+00 1
2.9303074537390522e-01 -4.7949955240994997e-02 0.0000000000000000e+00 1
2.8507722806354935e-01 -4.2157493364493988e-02 0.0000000000000000e+00 1
2.9394765873037759e-01 -3.8175812517782015e-02 0.0000000000000000e+00 1
2.8612594364658805e-01 -3.2471840393602132e-02 0.0000000000000000e+00 1
2.9489005919048605e-01 -2.8530800891532301e-02 0.0000000000000000e+00 1
2.8712989430370539e-01 -2.2937277550980129e-02 0.0000000000000000e+00 1
2.9584863271438822e-01 -1.9042302797250416e-02 0.0000000000000000e+00 1
-2.1229766872486983e-01 -1.9093618380948202e-01 0.0000000000000000e+00 1
-1.4867901498430539e-01 2.0589264337608476e-01 0.0000000000000000e+00 1
-1.0491899482341902e-01 -1.8581474324538183e-01 0.0000000000000000e+00 1
-3.7939335196688413e-02 -3.3798293909913452e-01 0.0000000000000000e+00 1
-4.5466646423670307e-02 -3.3325258647189271e-01 0.0000000000000000e+00 1
7.4884876257491267e-02 -3.7788965886708070e-01 0.0000000000000000e+00 1
7.3884697150006229e-02 -3.8700877950962015e-01 0.0000000000000000e+00 1
-3.1347436438628817e-01 5.9377627745026487e-02 0.0000000000000000e+00 1
9.6845867570733657e-02 6.3947784666728069e-02 0.0000000000000000e+00 1
9.5722350266968764e-02 5.3985166084488785e-02 0.0000000000000000e+00 1
1.0377472785440429e-01 4.8038676792362775e-02 0.0000000000000000e+00 1
-3.5669742686931377e-02 -3.1926817669330992e-01 0.0000000000000000e+00 1
-7.2617916144754047e-02 1.3709509210559184e-01 0.0000000000000000e+00 1
-8.2333835067874117e-02 1.3285637394547331e-01 0.0000000000000000e+00 1
-7.3805745107579798e-02 1.2657115941895494e-01 0.0000000000000000e+00 1
-8.3488432322768813e-02 1.2234937086488520e-01 0.0000000000000000e+00 1
-7.5008933063430677e-02 1.1609615184748101e-01 0.0000000000000000e+00 1
1.5569987887976391e-01 -2.4463581079931870e-01 0.0000000000000000e+00 1
1.4654721649190258e-01 -2.4860606854340386e-01 0.0000000000000000e+00 1
1.4768350837902874e-01 -2.3870365689927511e-01 0.0000000000000000e+00 1
1.3855885320726707e-01 -2.4265891823225655e-01 0.0000000000000000e+00 1
1.3968647109931293e-01 -2.3278478961034299e-01 0.0000000000000000e+00 1
1.0187658806029282e-01 1.1064866216034941e-02 0.0000000000000000e+00 1
1.7056504078035573e-01 -1.8959792291588712e-01 0.0000000000000000e+00 1
1.6119281563586252e-01 -1.9368078445320983e-01 0.0000000000000000e+00 1
1.6235140013301899e-01 -1.8353844339197534e-01 0.0000000000000000e+00 1
1.5299000056394171e-01 -1.8785241604838726e-01 0.0000000000000000e+00 1
1.5416566719797570e-01 -1.7753698664373166e-01 0.0000000000000000e+00 1
1.5198836828878781e-01 -1.9846708792502726e-01 0.0000000000000000e+00 1
1.3391115841635556e-01 -1.2520006574875345e-02 0.0000000000000000e+00 1
-1.6109503761076446e-02 7.3379087126717618e-02 0.0000000000000000e+00 1
-7.9405452283407944e-03 6.7303398102572715e-02 0.0000000000000000e+00 1
-6.7689036411146819e-03 7.7398986841650572e-02 0.0000000000000000e+00 1
1.3845906635860995e-03 7.1323984558252701e-02 0.0000000000000000e+00 1
2.5771191048987664e-03 8.1426749691161426e-02 0.0000000000000000e+00 1
-1.1843955333281767e-01 -7.7431453395007427e-02 0.0000000000000000e+00 1
6.6836128226781838e-02 2.2717215324249970e-01 0.0000000000000000e+00 1
9.0251888361700963e-02 -1.2445832794443123e-02 0.0000000000000000e+00 1
-1.8606691874181264e-01 1.7667052301252782e-02 0.0000000000000000e+00 1
-1.4585120364297258e-01 4.4570658747288008e-02 0.0000000000000000e+00 1
-9.3335925076551765e-03 -2.0983651516579799e-01 0.0000000000000000e+00 1
-1.1658755357560298e-01 3.2518650033739072e-01 0.0000000000000000e+00 1
-1.2725948730418904e-01 3.2061086354412771e-01 0.0000000000000000e+00 1
2.0998612604779499e-01 1.8975577605749372e-01 0.0000000000000000e+00 1
1.0539065887475645e-01 2.7497812134945460e-01 0.0000000000000000e+00 1
1.0419690042724894e-01 2.6473491457855935e-01 0.0000000000000000e+00 1
1.1625331002012841e-01 1.7926679165109133e-01 0.0000000000000000e+00 1
1.1137491990157872e-01 -2.6469363179126926e-01 0.0000000000000000e+00 1
1.3170125029012566e-02 2.8768454153689027e-01 0.0000000000000000e+00 1
1.5815831327338392e-01 -3.3249505800009516e-01 0.0000000000000000e+00 1
1.5923333261821815e-01 -3.2325554799335832e-01 0.0000000000000000e+00 1
1.2216436079630168e-02 -3.5196854742542150e-01 0.0000000000000000e+00 1
-1.4976413430664828e-01 1.0274204917007682e-01 0.0000000000000000e+00 1
-8.4646834865460596e-02 1.1188533939815815e-01 0.0000000000000000e+00 1
-7.6212874142733616e-02 1.0565563297413713e-01 0.0000000000000000e+00 1
-1.5105782270336141e-01 1.8388514635813102e-01 0.0000000000000000e+00 1
1.2816582937025356e-01 -6.2668031766002677e-02 0.0000000000000000e+00 1
1.1561731672872318e-01 2.3702837530689541e-01 0.0000000000000000e+00 1
1.7781247666283828e-01 1.4697742407257977e-01 0.0000000000000000e+00 1
-2.3425376302223283e-01 1.3167723911124721e-01 0.0000000000000000e+00 1
1.1664440053515548e-01 -3.5909795417459006e-01 0.0000000000000000e+00 1
-2.7055349245802718e-01 -1.0632843999762720e-01 0.0000000000000000e+00 1
-3.2184122386653323e-02 2.9805274465262932e-01 0.0000000000000000e+00 1
-2.6100076254195193e-01 -2.2998047669375625e-02 0.0000000000000000e+00 1
-8.5814507071879140e-02 1.0145690726973107e-01 0.0000000000000000e+00 1
-7.7408094575891678e-02 9.5260854825981039e-02 0.0000000000000000e+00 1
-8.6945830328101492e-02 9.1068430987635354e-02 0.0000000000000000e+00 1
-2.4031129473409676e-01 8.0442800527378552e-02 0.0000000000000000e+00 1
-1.1896932547377526e-01 -3.1942448106493573e-03 0.0000000000000000e+00 1
-1.1094607330534306e-01 -9.1508530800443084e-03 0.0000000000000000e+00 1
-2.4220973929464085e-01 2.4295866189667098e-01 0.0000000000000000e+00 1
-2.3169610493576398e-01 2.4760529847024262e-01 0.0000000000000000e+00 1
-2.5257289642921865e-01 2.3827339086179566e-01 0.0000000000000000e+00 1
-3.5393062550142640e-01 1.3590478534972045e-02 0.0000000000000000e+00 1
2.9116847681107602e-02 -2.1829477433659186e-01 0.0000000000000000e+00 1
3.6600764963615882e-02 -2.2376622764163201e-01 0.0000000000000000e+00 1
3.7615789227275320e-02 -2.1448921369204757e-01 0.0000000000000000e+00 1
4.5154513173524986e-02 -2.2002816630385327e-01 0.0000000000000000e+00 1
4.6175394890498551e-02 -2.1068823996064379e-01 0.0000000000000000e+00 1
4.4089016630243262e-02 -2.2932925229830586e-01 0.0000000000000000e+00 1
5.3763547181908802e-02 -2.1626753832710702e-01 0.0000000000000000e+00 1
5.4790614295886497e-02 -2.0690244884198153e-01 0.0000000000000000e+00 1
4.7172185794627383e-02 -2.0132288502148060e-01 0.0000000000000000e+00 1
5.5812950094603478e-02 -1.9750949039493917e-01 0.0000000000000000e+00 1
4.8170536007129436e-02 -1.9192457042089053e-01 0.0000000000000000e+00 1
5.6638144012897365e-02 -1.8836168616900878e-01 0.0000000000000000e+00 1
-2.5600279996420638e-01 1.9365555770672144e-01 0.0000000000000000e+00 1
1.2230976139545860e-01 3.5816961927689417e-01 0.0000000000000000e+00 1
1.3091369598935393e-01 3.6198439461031245e-01 0.0000000000000000e+00 1
1.3185827977034001e-01 3.7138732381015749e-01 0.0000000000000000e+00 1
1.3951136121067054e-01 3.6583792311317653e-01 0.0000000000000000e+00 1
5.8169842476122849e-02 -3.1477231125307803e-01 0.0000000000000000e+00 1
6.5681801248289082e-02 -3.2035922531601213e-01 0.0000000000000000e+00 1
6.6829173332944844e-02 -3.1105354087175963e-01 0.0000000000000000e+00 1
7.4325747784905222e-02 -3.1667540762543389e-01 0.0000000000000000e+00 1
7.5502932369505782e-02 -3.0741238642184510e-01 0.0000000000000000e+00 1
2.7544844752467801e-01 -1.3411158383052735e-01 0.0000000000000000e+00 1
2.2543917728299695e-01 -9.6850899115406841e-02 0.0000000000000000e+00 1
3.0185593610036943e-01 -4.3839680304116925e-02 0.0000000000000000e+00 1
1.4492372233378442e-01 -1.8213711524153636e-01 0.0000000000000000e+00 1
1.4601380547786813e-01 -1.7155014447210859e-01 0.0000000000000000e+00 1
1.5529266993643065e-01 -1.6742224892142091e-01 0.0000000000000000e+00 1
1.4714859318762963e-01 -1.6136716646841590e-01 0.0000000000000000e+00 1
1.5644216046737575e-01 -1.5730275251368162e-01 0.0000000000000000e+00 1
1.4828350717309571e-01 -1.5125215706529704e-01 0.0000000000000000e+00 1
1.5756853335637838e-01 -1.4718129426074447e-01 0.0000000000000000e+00 1
1.4939626407221018e-01 -1.4114261978177439e-01 0.0000000000000000e+00 1
1.5870689755578885e-01 -1.3705656933427232e-01 0.0000000000000000e+00 1
1.5056617326458080e-01 -1.3100688523702153e-01 0.0000000000000000e+00 1
1.5984447717268882e-01 -1.2692298211481082e-01 0.0000000000000000e+00 1
1.5170014740425014e-01 -1.2087573162203952e-01 0.0000000000000000e+00 1
1.6098277469984187e-01 -1.1679005708912434e-01 0.0000000000000000e+00 1
1.5285199430951740e-01 -1.1074127098198583e-01 0.0000000000000000e+00 1
-7.0028586622480418e-02 -2.6885596150161040e-01 0.0000000000000000e+00 1
7.9949369302161191e-02 3.4858744291402433e-01 0.0000000000000000e+00 1
2.4616573876713671e-01 -2.2859814876318635e-01 0.0000000000000000e+00 1
1.9775172550012193e-01 2.9538106984668955e-01 0.0000000000000000e+00 1
1.9658479272749746e-01 2.8491797677712188e-01 0.0000000000000000e+00 1
2.4151215301352419e-01 2.2294401479675743e-01 0.0000000000000000e+00 1
-2.8259077130659233e-01 2.1306171671337942e-01 0.0000000000000000e+00 1
-3.0926325680020933e-01 9.8070443778729782e-02 0.0000000000000000e+00 1
-1.3503384129406737e-01 8.8279307275625444e-03 0.0000000000000000e+00 1
-8.1611784463297615e-02 2.0392698403827469e-01 0.0000000000000000e+00 1
2.2772251344007213e-01 -2.2638960827824822e-01 0.0000000000000000e+00 1
2.3558212712731780e-01 1.4145994168248577e-01 0.0000000000000000e+00 1
-1.8246393555972706e-01 9.3841937028082661e-02 0.0000000000000000e+00 1
-1.9210288307154672e-01 8.9675614923170680e-02 0.0000000000000000e+00 1
-3.7166211881635541e-01 5.3803894208709936e-02 0.0000000000000000e+00 1
4.9130703615803552e-02 -1.8255434451988606e-01 0.0000000000000000e+00 1
5.7567306618556524e-02 -1.7884644744528799e-01 0.0000000000000000e+00 1
5.0137591712636320e-02 -1.7307604626579659e-01 0.0000000000000000e+00 1
5.8787722245445373e-02 -1.6908870580953198e-01 0.0000000000000000e+00 1
-1.7908796964441304e-01 1.2520122144642995e-01 0.0000000000000000e+00 1
-1.0433351875445823e-01 -2.9971301463626332e-01 0.0000000000000000e+00 1
-1.1116107121107073e-01 -2.9439616936102453e-01 0.0000000000000000e+00 1
2.0051254325305617e-01 -3.2358001286806848e-01 0.0000000000000000e+00 1
-9.6108039141739293e-02 -1.5604896402396976e-01 0.0000000000000000e+00 1
-3.0402701770966479e-02 -3.4379513448407351e-01 0.0000000000000000e+00 1
5.1149858025807605e-02 -1.6355494586373304e-01 0.0000000000000000e+00 1
5.9903937501888528e-02 -1.5965913733327661e-01 0.0000000000000000e+00 1
5.2179620683941441e-02 -1.5401842869754601e-01 0.0000000000000000e+00 1
6.0959815960228848e-02 -1.5013467068434996e-01 0.0000000000000000e+00 1
5.3197588249725272e-02 -1.4446368190134568e-01 0.0000000000000000e+00 1
6.1854890112272555e-02 -1.4077619939130215e-01 0.0000000000000000e+00 1
-1.0089080322783514e-01 2.8878844936827408e-01 0.0000000000000000e+00 1
-2.0685370582012963e-01 -2.1586712775955652e-01 0.0000000000000000e+00 1
2.4279601496535713e-01 2.3352155661480417e-01 0.0000000000000000e+00 1
-1.4315429755373049e-01 1.4855167253658583e-02 0.0000000000000000e+00 1
-1.7612138437556094e-01 1.4647564401488117e-01 0.0000000000000000e+00 1
1.7371702257600199e-01 2.6182065531344167e-01 0.0000000000000000e+00 1
1.2994315414204646e-01 3.5250811585429254e-01 0.0000000000000000e+00 1
3.0354054852431367e-01 -2.4579592084782061e-02 0.0000000000000000e+00 1
3.0443652393034476e-01 -1.5163863327866242e-02 0.0000000000000000e+00 1
2.9683814814278187e-01 -9.7079226715821188e-03 0.0000000000000000e+00 1
3.0534791430702790e-01 -5.8863472489157440e-03 0.0000000000000000e+00 1
2.9793498680947256e-01 -7.3752328486012520e-04 0.0000000000000000e+00 1
3.0623243064038763e-01 3.2307713741216285e-03 0.0000000000000000e+00 1
2.9893199422952704e-01 8.5608103925387709e-03 0.0000000000000000e+00 1
3.0703037191950860e-01 1.2308648457427827e-02 0.0000000000000000e+00 1
2.9991711833858326e-01 1.7743986852169092e-02 0.0000000000000000e+00 1
3.0789441709564702e-01 2.1259854513302069e-02 0.0000000000000000e+00 1
3.0107469388398556e-01 2.6392866105492511e-02 0.0000000000000000e+00 1
3.0884615820108385e-01 3.0122682553268894e-02 0.0000000000000000e+00 1
3.0179277166089269e-01 3.5123075077517524e-02 0.0000000000000000e+00 1
3.0969986724733212e-01 3.8865366135752782e-02 0.0000000000000000e+00 1
3.0288956327588573e-01 4.3729541995696911e-02 0.0000000000000000e+00 1
3.1043936891137613e-01 4.7358236693127227e-02 0.0000000000000000e+00 1
3.0376685754556665e-01 5.2236894908699018e-02 0.0000000000000000e+00 1
3.1117662617608827e-01 5.5761570744779582e-02 0.0000000000000000e+00 1
3.0463699303683001e-01 6.0694881163845034e-02 0.0000000000000000e+00 1
3.1197753685411456e-01 6.4179013440707741e-02 0.0000000000000000e+00 1
3.0512968529866474e-01 6.9139652782641170e-02 0.0000000000000000e+00 1
3.1277122206299846e-01 7.2552130184218480e-02 0.0000000000000000e+00 1
3.0586655522503531e-01 7.7531893327928814e-02 0.0000000000000000e+00 1
-2.0383846192934896e-01 -1.8712666044330128e-01 0.0000000000000000e+00 1
1.3628425409472603e-01 -6.8722935802606994e-02 0.0000000000000000e+00 1
1.3748042699055321e-01 -5.8668289679941490e-02 0.0000000000000000e+00 1
-3.2643657804854326e-01 1.7378016484775446e-01 0.0000000000000000e+00 1
5.4189035640161795e-02 -1.3492917296299309e-01 0.0000000000000000e+00 1
6.2589634115492496e-02 -1.3118767463158393e-01 0.0000000000000000e+00 1
5.5212166762695407e-02 -1.2528566308110928e-01 0.0000000000000000e+00 1
6.3747803523546143e-02 -1.2134447479484929e-01 0.0000000000000000e+00 1
1.2032964773742845e-01 -3.9795484090054289e-01 0.0000000000000000e+00 1
-2.2074117843951901e-01 -1.9475931926029244e-01 0.0000000000000000e+00 1
1.1494134449228219e-01 1.4862394075721957e-01 0.0000000000000000e+00 1
-3.1082548115338460e-01 -6.4511721910161926e-02 0.0000000000000000e+00 1
1.0732834170021280e-02 7.5347540933613344e-02 0.0000000000000000e+00 1
1.1929605139276421e-02 8.5457608267589497e-02 0.0000000000000000e+00 1
3.7908472501956558e-03 9.1560768186714825e-02 0.0000000000000000e+00 1
1.3149545998491073e-02 9.5612836216568298e-02 0.0000000000000000e+00 1
4.9685997532435836e-03 1.0174153600654037e-01 0.0000000000000000e+00 1
1.4359665526322771e-02 1.0580179008017332e-01 0.0000000000000000e+00 1
6.1799627579351597e-03 1.1195615466987242e-01 0.0000000000000000e+00 1
1.5600447280216194e-02 1.1604177412013184e-01 0.0000000000000000e+00 1
-3.1652133223627366e-01 1.7794979124148286e-01 0.0000000000000000e+00 1
-3.0851731323575998e-01 1.7101800839481018e-01 0.0000000000000000e+00 1
5.6189238459049259e-02 -1.1562962530877370e-01 0.0000000000000000e+00 1
6.4967822018994204e-02 -1.1183269434473443e-01 0.0000000000000000e+00 1
5.7239921082353776e-02 -1.0594678546942683e-01 0.0000000000000000e+00 1
6.5714496705263636e-02 -1.0212224662548264e-01 0.0000000000000000e+00 1
7.1823270914808085e-02 -1.1763879464004598e-01 0.0000000000000000e+00 1
-1.9341756636324148e-01 -1.3780596234801848e-01 0.0000000000000000e+00 1
1.8781551273455196e-02 -3.6728080935772267e-01 0.0000000000000000e+00 1
2.9852598989197754e-01 7.3719199131070071e-02 0.0000000000000000e+00 1
1.7213970280835469e-01 -2.4524589569731504e-02 0.0000000000000000e+00 1
1.6325462419324724e-01 -2.8136884057171137e-02 0.0000000000000000e+00 1
2.9295796252790224e-01 1.3005403714431760e-01 0.0000000000000000e+00 1
-9.6856783564524568e-02 -1.6480420208903454e-01 0.0000000000000000e+00 1
-2.4812324588429016e-01 -1.5412833750048927e-01 0.0000000000000000e+00 1
-2.8018260662034444e-01 -1.1059874409315559e-01 0.0000000000000000e+00 1
-2.7166220801717450e-01 -1.1678767318262891e-01 0.0000000000000000e+00 1
9.6731423402018818e-02 2.2905930329647217e-01 0.0000000000000000e+00 1
5.8222537334645316e-02 -9.6227621342210939e-02 0.0000000000000000e+00 1
6.6837331201003491e-02 -9.2229303184405753e-02 0.0000000000000000e+00 1
5.9254856891237141e-02 -8.6445799942330814e-02 0.0000000000000000e+00 1
6.8160612619749789e-02 -8.2583653219169162e-02 0.0000000000000000e+00 1
6.0336498169497280e-02 -7.6685924160481728e-02 0.0000000000000000e+00 1
6.8893718801424753e-02 -7.2780844032976119e-02 0.0000000000000000e+00 1
-1.2575133270755917e-01 -1.3451520247815238e-01 0.0000000000000000e+00 1
1.9920091607810689e-01 -3.3321104847952326e-01 0.0000000000000000e+00 1
2.0137724101076665e-01 -3.1303847883367142e-01 0.0000000000000000e+00 1
-9.4094446430432646e-02 -2.7916199445273276e-01 0.0000000000000000e+00 1
1.0572316371199549e-01 -3.9638319751423118e-01 0.0000000000000000e+00 1
9.8941448481783434e-02 -3.9139723446408353e-01 0.0000000000000000e+00 1
2.4942081787835569e-02 3.9077924749691340e-01 0.0000000000000000e+00 1
3.4195496819298801e-02 3.9474971105118845e-01 0.0000000000000000e+00 1
-3.6451130886584082e-01 4.8226978179245220e-02 0.0000000000000000e+00 1
-3.5627836332426638e-01 5.1104594272001175e-02 0.0000000000000000e+00 1
1.3966785325625325e-01 2.6062455313765492e-01 0.0000000000000000e+00 1
-1.2712336152411041e-01 -1.5247513003940386e-01 0.0000000000000000e+00 1
-1.2807326711645528e-01 -1.6153691582171392e-01 0.0000000000000000e+00 1
2.2281569827564679e-01 1.7262303449503504e-02 0.0000000000000000e+00 1
2.2389488939503377e-01 2.6778074067790581e-02 0.0000000000000000e+00 1
2.2172053439113787e-01 7.7287766339742305e-03 0.0000000000000000e+00 1
6.0239040322141960e-02 3.8462297350327562e-01 0.0000000000000000e+00 1
6.1545718139063926e-02 3.9340253983643830e-01 0.0000000000000000e+00 1
6.9986298785287795e-02 3.9684180828622645e-01 0.0000000000000000e+00 1
-1.1003481747413520e-01 -2.8589975234259102e-01 0.0000000000000000e+00 1
-1.1790657124810240e-01 -2.8913780514301868e-01 0.0000000000000000e+00 1
6.7037908677224922e-02 -1.6531136122293813e-01 0.0000000000000000e+00 1
-1.7351267689728397e-01 1.6799377266928631e-01 0.0000000000000000e+00 1
2.0375725812845991e-01 -2.0411356821534568e-01 0.0000000000000000e+00 1
6.1336564873605712e-02 -6.6895556533578399e-02 0.0000000000000000e+00 1
-7.5429223078706826e-03 2.6865627758706961e-01 0.0000000000000000e+00 1
8.4773437383538989e-04 2.6214756716822057e-01 0.0000000000000000e+00 1
1.0703286612905871e-02 2.6649190472570772e-01 0.0000000000000000e+00 1
9.3567305889279435e-03 2.5578102846401074e-01 0.0000000000000000e+00 1
-9.7874839260043589e-02 -1.9079190023921136e-01 0.0000000000000000e+00 1
-1.8460975018110483e-02 5.3207872585504412e-02 0.0000000000000000e+00 1
3.1441744736370031e-01 7.0834692434276845e-03 0.0000000000000000e+00 1
-2.1747958936368056e-01 1.0835798784603776e-01 0.0000000000000000e+00 1
-1.5996335339386614e-01 1.9039286550614493e-01 0.0000000000000000e+00 1
2.7071694627877778e-02 -2.3665358001085940e-01 0.0000000000000000e+00 1
1.8583807955124019e-02 -2.4035913755145216e-01 0.0000000000000000e+00 1
3.1360791635888230e-01 8.0975957204494631e-02 0.0000000000000000e+00 1
3.0664594791375499e-01 8.6001861097807955e-02 0.0000000000000000e+00 1
8.7834830931233523e-02 1.7708016469899968e-01 0.0000000000000000e+00 1
7.9506399895337754e-02 1.8334081370935246e-01 0.0000000000000000e+00 1
2.5618297616877039e-01 1.7955785803902991e-01 0.0000000000000000e+00 1
6.4020532566766902e-02 -1.9381358089399017e-01 0.0000000000000000e+00 1
2.0656722245512415e-04 6.1244309223934791e-02 0.0000000000000000e+00 1
-2.5638612386437776e-01 -1.4820674272868592e-01 0.0000000000000000e+00 1
2.6527110473506123e-02 -3.7301889697294405e-01 0.0000000000000000e+00 1
2.6567362050171461e-01 1.8371922316094891e-01 0.0000000000000000e+00 1
3.9628179317740056e-02 3.6918489002339216e-01 0.0000000000000000e+00 1
3.8445667762684453e-02 3.5931945373437246e-01 0.0000000000000000e+00 1
2.7347155360501274e-01 -1.5542699034042984e-01 0.0000000000000000e+00 1
2.9608207660243707e-01 4.9347935916457461e-02 0.0000000000000000e+00 1
9.7308174960269861e-02 2.4033524724234218e-01 0.0000000000000000e+00 1
5.0448629019716737e-02 -3.0934717301934139e-01 0.0000000000000000e+00 1
4.1869335964996070e-02 -3.1277358469566374e-01 0.0000000000000000e+00 1
-2.0557831441279337e-01 1.3363723349149756e-01 0.0000000000000000e+00 1
-3.3564725853016170e-01 1.6972399489691584e-01 0.0000000000000000e+00 1
-1.1131504391243198e-01 2.8426204453004927e-01 0.0000000000000000e+00 1
3.1594770169442699e-01 2.5038032583749890e-02 0.0000000000000000e+00 1
2.9930187434952393e-01 1.1505882975904785e-01 0.0000000000000000e+00 1
-2.1863758726176211e-01 9.7960736926525377e-02 0.0000000000000000e+00 1
2.3449415249276698e-01 1.3193714372535340e-01 0.0000000000000000e+00 1
1.0731299456095256e-01 -3.7990145806052117e-01 0.0000000000000000e+00 1
1.9548238624347758e-01 -5.2452960726736150e-02 0.0000000000000000e+00 1
1.7761451823932968e-02 -1.7007717233034497e-02 0.0000000000000000e+00 1
8.8256478935912087e-03 -2.1000939241246148e-02 0.0000000000000000e+00 1
2.6713062266654802e-02 -1.3007785080340090e-02 0.0000000000000000e+00 1
7.8067251102249963e-03 -3.0701460363956865e-02 0.0000000000000000e+00 1
-9.5123095055973269e-05 -2.4988629560190684e-02 0.0000000000000000e+00 1
-1.0992856706636535e-03 -3.4658976146999344e-02 0.0000000000000000e+00 1
-3.7778030199827473e-01 6.8499417859098827e-02 0.0000000000000000e+00 1
-2.0126760289741730e-01 -1.3218532362580121e-01 0.0000000000000000e+00 1
7.6411899994546758e-03 1.2234359641967385e-01 0.0000000000000000e+00 1
1.6805781461291060e-02 1.2630858490127658e-01 0.0000000000000000e+00 1
-1.3757958685371269e-01 2.8936356323926871e-01 0.0000000000000000e+00 1
-4.9318501785305294e-02 -2.9347093326529705e-01 0.0000000000000000e+00 1
-2.5275026563051817e-01 -2.9114364413775257e-02 0.0000000000000000e+00 1
1.4730169427227247e-01 3.3153525893352553e-01 0.0000000000000000e+00 1
1.6960602295427529e-01 1.5307198157111832e-01 0.0000000000000000e+00 1
1.6843360237314342e-01 1.4291163331667778e-01 0.0000000000000000e+00 1
-6.8898978528946220e-02 2.3022375653154342e-01 0.0000000000000000e+00 1
-2.8705605791957273e-02 2.4783212079754591e-01 0.0000000000000000e+00 1
-1.6182951728038058e-02 2.7468162266676099e-01 0.0000000000000000e+00 1
-1.5704923917826732e-01 -1.1262934158410609e-01 0.0000000000000000e+00 1
1.3350551991479373e-02 -3.4241897750711381e-01 0.0000000000000000e+00 1
-2.6989888825065717e-01 1.4651683481371741e-01 0.0000000000000000e+00 1
-2.7942665948219175e-01 1.4224668287754583e-01 0.0000000000000000e+00 1
-1.1235003575353070e-01 -1.8064852893554834e-01 0.0000000000000000e+00 1
1.6618140751692928e-01 3.3999968319470908e-01 0.0000000000000000e+00 1
1.7437052586650378e-01 3.3408022751356148e-01 0.0000000000000000e+00 1
1.5765767808312162e-01 3.4671622590690065e-01 0.0000000000000000e+00 1
-1.7258224776861800e-01 -2.5938791656981952e-01 0.0000000000000000e+00 1
-7.8621821829376146e-02 8.4998262257188428e-02 0.0000000000000000e+00 1
-8.8151238073653604e-02 8.0852733073596694e-02 0.0000000000000000e+00 1
6.9826105900425803e-02 -6.2522716328036576e-02 0.0000000000000000e+00 1
-8.3097877509589094e-02 1.9309340228938857e-01 0.0000000000000000e+00 1
-3.6173890311304613e-01 1.9158071094584291e-02 0.0000000000000000e+00 1
5.8034697772342769e-02 -3.8529189468052133e-01 0.0000000000000000e+00 1
-1.9951997707709157e-01 1.8701054996202032e-01 0.0000000000000000e+00 1
3.0022819638213327e-01 -6.3699354145397208e-02 0.0000000000000000e+00 1
2.9928010301399804e-01 -7.3659981067974334e-02 0.0000000000000000e+00 1
1.4448348707177455e-01 1.7132552331838358e-01 0.0000000000000000e+00 1
1.9011060978164476e-01 -1.7037210186124710e-02 0.0000000000000000e+00 1
-2.1219109685457685e-01 1.6147234259631282e-01 0.0000000000000000e+00 1
-2.4221880883900607e-01 -1.4773420316913696e-02 0.0000000000000000e+00 1
-2.4109571622019643e-01 -4.5692747786038107e-03 0.0000000000000000e+00 1
2.0592770805105226e-01 2.8918551699610795e-01 0.0000000000000000e+00 1
2.0538739827829455e-01 2.7906780738509296e-01 0.0000000000000000e+00 1
-1.4351861798022383e-01 -1.9436008980045874e-01 0.0000000000000000e+00 1
-1.7823184806503617e-01 -7.4975127363517274e-02 0.0000000000000000e+00 1
1.3135686240630343e-01 2.1457623226995837e-01 0.0000000000000000e+00 1
-6.5653808095208446e-02 3.3585302441466297e-01 0.0000000000000000e+00 1
-6.4220135645368159e-02 3.4705378717502172e-01 0.0000000000000000e+00 1
-7.3203742005716985e-02 3.5384720809228337e-01 0.0000000000000000e+00 1
-6.2824412734879709e-02 3.5815347288622323e-01 0.0000000000000000e+00 1
-3.2072472503849492e-01 -6.9810354394804161e-04 0.0000000000000000e+00 1
5.1546323961552384e-02 -3.7064763807035483e-01 0.0000000000000000e+00 1
-2.0042430348017917e-01 -1.2267747554641420e-01 0.0000000000000000e+00 1
1.9454003374475573e-01 2.1248012077253847e-01 0.0000000000000000e+00 1
2.9276999597214304e-01 2.3897786245280831e-02 0.0000000000000000e+00 1
-9.1978554621305622e-02 1.2853307187020169e-01 0.0000000000000000e+00 1
1.6063895952096793e-01 2.8908129427000034e-01 0.0000000000000000e+00 1
1.4202835452798671e-01 -3.9612555623641105e-01 0.0000000000000000e+00 1
1.4945727589659363e-01 -3.9306019635200562e-01 0.0000000000000000e+00 1
-2.4427805117208115e-01 2.2028211022623936e-01 0.0000000000000000e+00 1
1.9036651586256415e-01 3.1200056048945918e-01 0.0000000000000000e+00 1
-5.3867948857436961e-02 3.5145624961574917e-01 0.0000000000000000e+00 1
-5.2493585622020070e-02 3.6247207023160383e-01 0.0000000000000000e+00 1
-3.7295632737742612e-01 4.4598195067269891e-02 0.0000000000000000e+00 1
-2.0201081307973912e-01 2.4988226511918987e-01 0.0000000000000000e+00 1
3.1807212635498161e-01 5.1000554527605803e-02 0.0000000000000000e+00 1
-1.8777688509412108e-01 2.8891877988890868e-01 0.0000000000000000e+00 1
-1.9855572163508334e-01 2.8418705832784225e-01 0.0000000000000000e+00 1
-2.9044812456910907e-01 -4.5802488015108229e-02 0.0000000000000000e+00 1
-1.0979324492387317e-01 7.7483824176732797e-04 0.0000000000000000e+00 1
-1.0200548203252842e-01 -5.4830246229683509e-03 0.0000000000000000e+00 1
-1.0296772707912485e-01 -1.5125671695552206e-02 0.0000000000000000e+00 1
-9.4077820917513780e-02 -1.1486706549399126e-02 0.0000000000000000e+00 1
-9.5053225187248902e-02 -2.1096356320801049e-02 0.0000000000000000e+00 1
-8.6140002839856428e-02 -1.7378445543917834e-02 0.0000000000000000e+00 1
-8.7015888439497105e-02 -2.6839846322642615e-02 0.0000000000000000e+00 1
-8.9569586180154551e-02 1.4939077035692250e-01 0.0000000000000000e+00 1
2.5681074488249994e-01 -2.1372066051895380e-01 0.0000000000000000e+00 1
2.1474106984318170e-01 2.3140953703849459e-01 0.0000000000000000e+00 1
2.1592372818941510e-01 2.4206951142837632e-01 0.0000000000000000e+00 1
2.2568758679476134e-01 2.4628147507960887e-01 0.0000000000000000e+00 1
2.1711610235873738e-01 2.5259085123734359e-01 0.0000000000000000e+00 1
2.2694483104236751e-01 2.5687268114742379e-01 0.0000000000000000e+00 1
-2.8642398056277274e-01 -8.3381451103777274e-02 0.0000000000000000e+00 1
-2.9620370764541110e-01 -8.7595466117355331e-02 0.0000000000000000e+00 1
-4.2242744738343108e-02 -2.3283646038751943e-01 0.0000000000000000e+00 1
-1.7666797769221676e-01 -2.3974440187102114e-01 0.0000000000000000e+00 1
-1.8371971388626618e-01 -2.4297043473521276e-01 0.0000000000000000e+00 1
-2.7237855539285249e-01 2.1743856053152755e-01 0.0000000000000000e+00 1
-1.6684032425144379e-01 -5.0989146630194923e-02 0.0000000000000000e+00 1
2.1514442690562213e-01 2.8407288301293027e-01 0.0000000000000000e+00 1
-3.8026313300954018e-01 5.0373330016425910e-02 0.0000000000000000e+00 1
-8.3570925087309414e-02 -3.1640508009489532e-01 0.0000000000000000e+00 1
-7.6068038953209988e-02 -3.2173627330830790e-01 0.0000000000000000e+00 1
-6.7815913120595664e-02 -3.1839543671895632e-01 0.0000000000000000e+00 1
-6.8658337707416750e-02 -3.2735052345023335e-01 0.0000000000000000e+00 1
6.2629852984113971e-02 4.0238147288888354e-01 0.0000000000000000e+00 1
-2.3757583929528106e-01 -5.2100022097944655e-02 0.0000000000000000e+00 1
-2.2920478615890819e-01 -5.8420891203195963e-02 0.0000000000000000e+00 1
2.0955375940441071e-01 -3.1977646075761124e-01 0.0000000000000000e+00 1
-8.8652855041458284e-02 -1.6125356514212111e-01 0.0000000000000000e+00 1
-2.4100670698790355e-01 2.5441359015951087e-01 0.0000000000000000e+00 1
-2.3042468508011299e-01 2.5906392352706065e-01 0.0000000000000000e+00 1
1.1791952389655659e-01 3.9110404162025969e-01 0.0000000000000000e+00 1
1.1054734067130192e-01 3.9616110253142178e-01 0.0000000000000000e+00 1
2.3052427712677612e-01 1.1561650919903747e-02 0.0000000000000000e+00 1
2.5166613156908824e-02 3.1288324674041884e-01 0.0000000000000000e+00 1
2.6371877535565722e-02 3.2318840350929401e-01 0.0000000000000000e+00 1
1.3059017865115696e-01 -2.3672157190821685e-01 0.0000000000000000e+00 1
1.3171303549602972e-01 -2.2687085799950249e-01 0.0000000000000000e+00 1
1.4082057203522988e-01 -2.2292138379961735e-01 0.0000000000000000e+00 1
1.3282707860839171e-01 -2.1701646402574576e-01 0.0000000000000000e+00 1
1.2947061081599381e-01 -2.4657836158625215e-01 0.0000000000000000e+00 1
-3.9121270288595078e-02 -3.4763550193855974e-01 0.0000000000000000e+00 1
8.2982894878598418e-02 -3.1298941129395380e-01 0.0000000000000000e+00 1
8.4004329753932155e-02 -3.0383246859326568e-01 0.0000000000000000e+00 1
9.7893186029034102e-02 -3.9977326014552306e-01 0.0000000000000000e+00 1
1.3785380671579986e-01 -1.6541959826384570e-01 0.0000000000000000e+00 1
1.4006990980452133e-01 -1.4525440761475561e-01 0.0000000000000000e+00 1
-6.2891347859272542e-02 5.3087847050202155e-02 0.0000000000000000e+00 1
-7.1060076543669054e-02 5.9083111634906385e-02 0.0000000000000000e+00 1
2.8958062284965291e-01 -5.0369182652769016e-03 0.0000000000000000e+00 1
9.5916397038824347e-02 2.7089509519230270e-01 0.0000000000000000e+00 1
9.7180401517263607e-02 2.8098975776072721e-01 0.0000000000000000e+00 1
-1.6953638108636432e-01 -2.3646039633815924e-01 0.0000000000000000e+00 1
2.1390784455681833e-01 1.5344191265896615e-01 0.0000000000000000e+00 1
2.1537220534718299e-01 1.6332857239112941e-01 0.0000000000000000e+00 1
-1.6588855463393079e-01 -4.0999697091667633e-02 0.0000000000000000e+00 1
2.7322893874596460e-01 1.7766241648797099e-01 0.0000000000000000e+00 1
1.5063912519858394e-01 -3.2688533506768602e-01 0.0000000000000000e+00 1
1.5198016395718048e-01 -3.1765394375584660e-01 0.0000000000000000e+00 1
1.6044767361554513e-01 -3.1392104178519620e-01 0.0000000000000000e+00 1
-2.1069568002850214e-01 -1.8156791680313034e-01 0.0000000000000000e+00 1
-2.0257386950854978e-01 -1.7788638610666593e-01 0.0000000000000000e+00 1
-1.1680802970478728e-01 -2.8078116853587282e-01 0.0000000000000000e+00 1
9.6267510530629291e-02 1.7070937297840683e-01 0.0000000000000000e+00 1
-5.0408841879814467e-02 -3.0247287949136098e-01 0.0000000000000000e+00 1
1.4041642504301660e-01 3.7520941714183853e-01 0.0000000000000000e+00 1
1.4811690829516988e-01 3.6972967129586914e-01 0.0000000000000000e+00 1
-8.9874610257791969e-03 -2.8985110331043389e-02 0.0000000000000000e+00 1
-9.9647733539836164e-03 -3.8609348186980461e-02 0.0000000000000000e+00 1
1.4236962131783903e-01 -1.2495176113708069e-01 0.0000000000000000e+00 1
2.9837548295476402e-01 1.0566568421682479e-01 0.0000000000000000e+00 1
2.1063678057211005e-01 -3.0948435112770678e-01 0.0000000000000000e+00 1
2.2444665422412399e-02 9.9656141079886212e-02 0.0000000000000000e+00 1
2.7072216621979006e-01 -1.7601733503610878e-01 0.0000000000000000e+00 1
2.0332388595070447e-01 -2.9201523453094147e-01 0.0000000000000000e+00 1
1.9507894852581914e-01 -2.8556882849305043e-01 0.0000000000000000e+00 1
7.5872808737765016e-02 -2.9835503712222422e-01 0.0000000000000000e+00 1
6.9511051698682685e-02 -1.4633085812595509e-01 0.0000000000000000e+00 1
2.3138429932503790e-01 -1.9432450842932772e-01 0.0000000000000000e+00 1
-1.1233480317644454e-01 -3.0298422514589013e-01 0.0000000000000000e+00 1
-1.0552407513267517e-01 -3.0833832149432139e-01 0.0000000000000000e+00 1
-2.8127903798468434e-01 -1.2106479541349890e-01 0.0000000000000000e+00 1
-2.7266603337906725e-01 -1.2695736172009359e-01 0.0000000000000000e+00 1
7.5117785899902298e-02 -8.8213774715480434e-02 0.0000000000000000e+00 1
-3.2535200175917467e-01 1.8410351746975620e-01 0.0000000000000000e+00 1
-3.1523555122038666e-01 1.8829051151782528e-01 0.0000000000000000e+00 1
3.1211380921119392e-01 -2.0629587625829737e-02 0.0000000000000000e+00 1
9.4717868143987485e-02 2.6063284459792369e-01 0.0000000000000000e+00 1
1.7651407042655810e-02 -3.7689617937798814e-01 0.0000000000000000e+00 1
9.8607339995061098e-03 -3.7112167176275501e-01 0.0000000000000000e+00 1
3.1954604398807157e-01 6.7554507907999856e-02 0.0000000000000000e+00 1
-2.8133905982528762e-01 2.2409766647452212e-01 0.0000000000000000e+00 1
2.3759451580547172e-01 1.9164601394802133e-01 0.0000000000000000e+00 1
7.1009086582769304e-02 4.0592878924089848e-01 0.0000000000000000e+00 1
2.7837595210500082e-01 -2.6796988850728540e-02 0.0000000000000000e+00 1
2.5706170978015130e-01 1.8979166158415173e-01 0.0000000000000000e+00 1
2.6679241169682688e-01 1.9398120577280364e-01 0.0000000000000000e+00 1
2.5870179846456737e-01 2.0010923117563939e-01 0.0000000000000000e+00 1
1.4915592290550472e-01 2.6474171330714702e-01 0.0000000000000000e+00 1
1.3042883585011425e-01 2.5683095978292225e-01 0.0000000000000000e+00 1
1.6219501531635511e-01 -1.0666787526425886e-01 0.0000000000000000e+00 1
1.5411115054233765e-01 -1.0019916128058243e-01 0.0000000000000000e+00 1
1.4469066774392000e-01 -1.0462495341116869e-01 0.0000000000000000e+00 1
1.4589393362202641e-01 -9.4250355985631390e-02 0.0000000000000000e+00 1
9.4597144798789140e-02 4.4042115880691138e-02 0.0000000000000000e+00 1
1.0263769174911287e-01 3.8104061472987269e-02 0.0000000000000000e+00 1
8.6556577137664251e-02 4.9985323586109943e-02 0.0000000000000000e+00 1
6.2426526023925330e-02 -2.1248786323683960e-01 0.0000000000000000e+00 1
6.1376122609510336e-02 -2.2189997310025900e-01 0.0000000000000000e+00 1
1.4553517804596530e-01 -6.4584461894597600e-02 0.0000000000000000e+00 1
1.4676839093184038e-01 -5.4650553724842774e-02 0.0000000000000000e+00 1
-1.7333852482443368e-01 9.8059702182818856e-02 0.0000000000000000e+00 1
-1.7413322687438015e-01 8.7624008586426300e-02 0.0000000000000000e+00 1
-4.8099979139229976e-02 1.8790089209191321e-01 0.0000000000000000e+00 1
-3.9537692063772389e-02 1.8158143785512440e-01 0.0000000000000000e+00 1
-5.5685356040072381e-02 1.9482813009676919e-01 0.0000000000000000e+00 1
3.1444286504471336e-01 8.9548476899078203e-02 0.0000000000000000e+00 1
5.2405710993161214e-02 -7.0865145345881897e-02 0.0000000000000000e+00 1
2.2341454456883736e-01 -4.0649939687370906e-02 0.0000000000000000e+00 1
-8.9432973165557164e-02 -1.7012819275419347e-01 0.0000000000000000e+00 1
-2.9746389196034151e-01 -9.8296870777123291e-02 0.0000000000000000e+00 1
-3.0600524746650754e-01 -9.1881200697495072e-02 0.0000000000000000e+00 1
1.0243278757649468e-01 3.9259378925480160e-01 0.0000000000000000e+00 1
1.0397850420966387e-01 4.0115500718485997e-01 0.0000000000000000e+00 1
2.1919804669773005e-01 -2.1998256123906440e-01 0.0000000000000000e+00 1
2.1796007118371899e-01 -2.3059989354678428e-01 0.0000000000000000e+00 1
2.2645198868897670e-01 -2.3695346024451228e-01 0.0000000000000000e+00 1
3.0749533798201334e-01 1.1004986576409559e-01 0.0000000000000000e+00 1
-1.8461385455321658e-01 -2.5048590808448279e-01 0.0000000000000000e+00 1
7.8439930304591163e-02 4.0037620705115229e-01 0.0000000000000000e+00 1
7.9197226610569799e-02 4.0930836593961450e-01 0.0000000000000000e+00 1
-2.9181258606653793e-01 2.1952943803585429e-01 0.0000000000000000e+00 1
1.9207840933705096e-02 2.6015593013555649e-01 0.0000000000000000e+00 1
1.7993389411287135e-02 2.4961947335272261e-01 0.0000000000000000e+00 1
2.7560958951739983e-01 -4.6205995181134302e-02 0.0000000000000000e+00 1
1.5323317798743374e-01 -3.0833277021951139e-01 0.0000000000000000e+00 1
2.1538318559403513e-01 -2.4466975286249130e-02 0.0000000000000000e+00 1
2.1648695255924549e-01 -1.4716857641776146e-02 0.0000000000000000e+00 1
-2.3281352361339330e-01 -1.0644303801407391e-02 0.0000000000000000e+00 1
-2.2617367244525979e-01 -2.7793970308176624e-02 0.0000000000000000e+00 1
1.8101668177628785e-02 3.2940236748995871e-01 0.0000000000000000e+00 1
2.7481328964801856e-02 3.3378908779667615e-01 0.0000000000000000e+00 1
-1.3537772847393995e-01 -1.5627532398679733e-01 0.0000000000000000e+00 1
-1.3606199332530228e-01 -1.6482583783793409e-01 0.0000000000000000e+00 1
-8.6088998926825033e-02 -2.7580313602306727e-01 0.0000000000000000e+00 1
-9.3015803169804734e-02 -2.7064755675485758e-01 0.0000000000000000e+00 1
2.2623221228150769e-01 1.3770181832090345e-01 0.0000000000000000e+00 1
5.4152268277366668e-02 3.9883148405471774e-01 0.0000000000000000e+00 1
-1.2587340710068087e-01 3.3221364576055956e-01 0.0000000000000000e+00 1
-1.1519389863773741e-01 3.3665421193681655e-01 0.0000000000000000e+00 1
-1.3663577278433436e-01 3.2761440077995629e-01 0.0000000000000000e+00 1
-1.3798956306132343e-01 3.1595699488377366e-01 0.0000000000000000e+00 1
-1.4918210374331753e-01 3.2475268200249224e-01 0.0000000000000000e+00 1
-1.3415538517953551e-01 1.8491561058576345e-02 0.0000000000000000e+00 1
-7.8251249322295768e-02 -2.3235074394892547e-02 0.0000000000000000e+00 1
-7.9196829041898856e-02 -3.2691632832399051e-02 0.0000000000000000e+00 1
-8.8144238567054362e-02 -3.6636416649510256e-02 0.0000000000000000e+00 1
-8.0289203760185918e-02 -4.2323578053464941e-02 0.0000000000000000e+00 1
-8.9154804910235211e-02 -4.6212327951897926e-02 0.0000000000000000e+00 1
-8.1388822209549183e-02 -5.1920298769400519e-02 0.0000000000000000e+00 1
-9.0219526549444928e-02 -5.5771062384531098e-02 0.0000000000000000e+00 1
-8.2492283856113735e-02 -6.1480366257654052e-02 0.0000000000000000e+00 1
-9.1281197757078616e-02 -6.5308581495775911e-02 0.0000000000000000e+00 1
-8.3596790946405389e-02 -7.0987885462362815e-02 0.0000000000000000e+00 1
-9.2348681619363063e-02 -7.4796822023537865e-02 0.0000000000000000e+00 1
-8.4684105179171701e-02 -8.0454231682063684e-02 0.0000000000000000e+00 1
6.2352961762097960e-02 -5.7004078030020562e-02 0.0000000000000000e+00 1
7.1238855834859727e-02 -5.2651043334677933e-02 0.0000000000000000e+00 1
8.0040652396168466e-03 2.4486030402541653e-01 0.0000000000000000e+00 1
-6.6583267832892132e-02 1.0983757396678429e-01 0.0000000000000000e+00 1
2.1430891628391374e-01 -4.4599735538989507e-02 0.0000000000000000e+00 1
2.1328526537941642e-01 -5.4520321413345396e-02 0.0000000000000000e+00 1
4.5420516208604191e-02 -1.3882891107629614e-01 0.0000000000000000e+00 1
-8.7574497228896500e-02 -1.5234388188154446e-01 0.0000000000000000e+00 1
1.8725510486849775e-01 2.7882076251871468e-01 0.0000000000000000e+00 1
-3.3459757746890867e-01 3.1135476563984618e-02 0.0000000000000000e+00 1
-2.2162561648965917e-01 -2.0403163325576090e-01 0.0000000000000000e+00 1
-3.7671214257698749e-01 7.7444711679964723e-02 0.0000000000000000e+00 1
-3.8496465828772664e-01 7.3895586144827372e-02 0.0000000000000000e+00 1
-3.8388513753847248e-01 8.2678818305184656e-02 0.0000000000000000e+00 1
2.2503591416394078e-01 1.5577664321869519e-01 0.0000000000000000e+00 1
2.2539618284620738e-01 1.6712148757233214e-01 0.0000000000000000e+00 1
-1.0005012020148603e-01 -6.9134198805840902e-02 0.0000000000000000e+00 1
-1.0123646183627145e-01 -7.8813802143623851e-02 0.0000000000000000e+00 1
1.6768647336259815e-01 3.5005272275171773e-01 0.0000000000000000e+00 1
2.5103748832113835e-02 1.2012090419843309e-01 0.0000000000000000e+00 1
2.6495281129525514e-02 1.3034250277089893e-01 0.0000000000000000e+00 1
-2.6221471893991743e-01 -3.3341531076138797e-02 0.0000000000000000e+00 1
1.3467475188141356e-01 -3.9930026442448607e-01 0.0000000000000000e+00 1
9.1064359182498944e-02 -3.9483335206359477e-01 0.0000000000000000e+00 1
9.1166703880578917e-02 -3.8702550948652498e-01 0.0000000000000000e+00 1
-9.8084619536136119e-02 -5.0147550186187585e-02 0.0000000000000000e+00 1
1.3289118322338783e-01 3.8067040922947859e-01 0.0000000000000000e+00 1
2.3295534878503835e-01 -1.8359855671143147e-01 0.0000000000000000e+00 1
9.7883407546178913e-02 1.8143669479478730e-01 0.0000000000000000e+00 1
-2.1316564611103457e-03 -4.4283198285610628e-02 0.0000000000000000e+00 1
-1.0959247456033924e-02 -4.8228961515077426e-02 0.0000000000000000e+00 1
-1.8769500184432956e-02 -4.2589116888826828e-02 0.0000000000000000e+00 1
-3.1711571454695860e-03 -5.3873861583110055e-02 0.0000000000000000e+00 1
-1.1958902093014952e-02 -5.7784277291746775e-02 0.0000000000000000e+00 1
-4.1941463620880377e-03 -6.3423362652506837e-02 0.0000000000000000e+00 1
-1.2948228427479006e-02 -6.7314215574517888e-02 0.0000000000000000e+00 1
-5.2205738063427331e-03 -7.2923248564589108e-02 0.0000000000000000e+00 1
-1.3928002791571978e-02 -7.6819428652499966e-02 0.0000000000000000e+00 1
-6.2301568786083819e-03 -8.2394402965665581e-02 0.0000000000000000e+00 1
-1.4909130085975960e-02 -8.6247278332923838e-02 0.0000000000000000e+00 1
-2.1639673802713033e-02 -7.1258001924879147e-02 0.0000000000000000e+00 1
-7.1038248417679053e-03 -9.1935739866195201e-02 0.0000000000000000e+00 1
-1.5855971056898215e-02 -9.5679665142105755e-02 0.0000000000000000e+00 1
-8.1216753670502601e-03 -1.0137841887357670e-01 0.0000000000000000e+00 1
-1.6817496929271415e-02 -1.0506060636521015e-01 0.0000000000000000e+00 1
-9.2644768103743898e-03 -1.1056970305716055e-01 0.0000000000000000e+00 1
-1.7812218986277103e-02 -1.1437288393324969e-01 0.0000000000000000e+00 1
-2.4436130472218508e-02 -9.9523219359025805e-02 0.0000000000000000e+00 1
-1.0058662777899206e-02 -1.2001866698939857e-01 0.0000000000000000e+00 1
-1.8729575823906282e-02 -1.2364129050576125e-01 0.0000000000000000e+00 1
-1.1067666798915882e-02 -1.2935921837156683e-01 0.0000000000000000e+00 1
-1.9669360246653066e-02 -1.3286301507632398e-01 0.0000000000000000e+00 1
-1.2244739796293012e-02 -1.3830532725621034e-01 0.0000000000000000e+00 1
-2.0659062814595217e-02 -1.4202331986152439e-01 0.0000000000000000e+00 1
-2.7179529222835747e-02 -1.2743048234934465e-01 0.0000000000000000e+00 1
-1.2966161434591384e-02 -1.4769890393910545e-01 0.0000000000000000e+00 1
-2.1566058410601292e-02 -1.5119939357863649e-01 0.0000000000000000e+00 1
-1.3972871171040218e-02 -1.5695628266432071e-01 0.0000000000000000e+00 1
-2.2490278530301000e-02 -1.6030566296010085e-01 0.0000000000000000e+00 1
-1.5188331023814547e-02 -1.6567364419227515e-01 0.0000000000000000e+00 1
-2.3450927427869462e-02 -1.6929935345381233e-01 0.0000000000000000e+00 1
-2.9902467919181816e-02 -1.5493721834785823e-01 0.0000000000000000e+00 1
-1.5830778741465365e-02 -1.7501562463945031e-01 0.0000000000000000e+00 1
-2.4325451146477356e-02 -1.7834290341303194e-01 0.0000000000000000e+00 1
-1.6872789410150361e-02 -1.8380842814653137e-01 0.0000000000000000e+00 1
-2.5064494151415234e-02 -1.8726171681674711e-01 0.0000000000000000e+00 1
-3.2492185341068770e-02 -1.8197457355331217e-01 0.0000000000000000e+00 1
-3.3412101476113870e-02 -1.9082263155108603e-01 0.0000000000000000e+00 1
-2.6020383623986596e-02 -1.9607008688170846e-01 0.0000000000000000e+00 1
-3.4326719389959570e-02 -1.9962739544237931e-01 0.0000000000000000e+00 1
-2.7376965423258633e-02 -2.0441855274563658e-01 0.0000000000000000e+00 1
-3.5316933237983232e-02 -2.0830074583425975e-01 0.0000000000000000e+00 1
1.5051458631670980e-01 -3.8504963750968951e-01 0.0000000000000000e+00 1
1.5695136688622163e-01 -3.9002512513540238e-01 0.0000000000000000e+00 1
2.7939923255724020e-01 -1.7332760585474866e-02 0.0000000000000000e+00 1
-2.8052211275689065e-01 1.3196596895103835e-01 0.0000000000000000e+00 1
-2.8886981839658943e-01 1.3799230453768035e-01 0.0000000000000000e+00 1
-2.8774323331214818e-01 1.4820168634939826e-01 0.0000000000000000e+00 1
-2.8995789616909667e-01 1.2781622670769793e-01 0.0000000000000000e+00 1
-2.9819838088225104e-01 1.3377932102119858e-01 0.0000000000000000e+00 1
2.4212954688480420e-01 1.2585620686550009e-01 0.0000000000000000e+00 1
2.3241432322601510e-01 1.2188436964024676e-01 0.0000000000000000e+00 1
2.4091207107334944e-01 1.1603688407226934e-01 0.0000000000000000e+00 1
2.3218662810304080e-01 1.1164469585069217e-01 0.0000000000000000e+00 1
2.3998747099782944e-01 1.0627753358750658e-01 0.0000000000000000e+00 1
2.3139052774745406e-01 1.0225470798154609e-01 0.0000000000000000e+00 1
2.3895563167489256e-01 9.6625422798658878e-02 0.0000000000000000e+00 1
2.3044156374174887e-01 9.2692004191326852e-02 0.0000000000000000e+00 1
2.3794677483219734e-01 8.7088872308767828e-02 0.0000000000000000e+00 1
2.2939253826521280e-01 8.3168558657570363e-02 0.0000000000000000e+00 1
2.3687559517147452e-01 7.7565445934948726e-02 0.0000000000000000e+00 1
2.2839381476852538e-01 7.3680926382996129e-02 0.0000000000000000e+00 1
2.3585650865579344e-01 6.8106827369657300e-02 0.0000000000000000e+00 1
2.2734379230027324e-01 6.4242688078406135e-02 0.0000000000000000e+00 1
2.3484656762075090e-01 5.8686768127781529e-02 0.0000000000000000e+00 1
2.2645003687432680e-01 5.4794906278617106e-02 0.0000000000000000e+00 1
2.3406575612466488e-01 4.9218010937969486e-02 0.0000000000000000e+00 1
4.7520775934848783e-02 3.6321540965429544e-01 0.0000000000000000e+00 1
4.6360885747137218e-02 3.5328403346048254e-01 0.0000000000000000e+00 1
-9.4226628721920974e-02 1.0756152363280864e-01 0.0000000000000000e+00 1
2.1621694258915031e-01 3.2485678521410183e-02 0.0000000000000000e+00 1
-1.6793478454521088e-01 -6.0924210208761626e-02 0.0000000000000000e+00 1
4.5542266600409591e-03 -3.4632059121998565e-01 0.0000000000000000e+00 1
-2.3028885439773489e-01 -6.8620836925296747e-02 0.0000000000000000e+00 1
4.5667482941585458e-02 -2.5760800146546714e-01 0.0000000000000000e+00 1
2.0449894603752149e-02 2.7068866522797452e-01 0.0000000000000000e+00 1
1.2116654188341441e-01 3.4867423321022434e-01 0.0000000000000000e+00 1
-2.1019044108449947e-01 9.1756689247790985e-02 0.0000000000000000e+00 1
4.0515972384437764e-02 -1.8639193345260299e-01 0.0000000000000000e+00 1
2.3934780220753481e-02 3.0253507811050057e-01 0.0000000000000000e+00 1
-2.7757226573812955e-02 4.9190669085551295e-02 0.0000000000000000e+00 1
-1.9644051608549699e-02 4.3169943464706081e-02 0.0000000000000000e+00 1
9.2333627332191803e-02 -6.8543511837275251e-02 0.0000000000000000e+00 1
-4.6094974001608877e-02 2.6101853837761851e-01 0.0000000000000000e+00 1
-3.6100788324303232e-02 2.6535562439434379e-01 0.0000000000000000e+00 1
-9.2895644840559954e-02 1.8870747696935170e-01 0.0000000000000000e+00 1
-2.7829697675245052e-01 6.4953783407513704e-02 0.0000000000000000e+00 1
8.4047379566158556e-02 1.4599771516869683e-01 0.0000000000000000e+00 1
-6.4106383957375598e-02 1.3078953118830092e-01 0.0000000000000000e+00 1
1.1194612218453473e-01 4.2078821177868417e-02 0.0000000000000000e+00 1
1.1089505365154839e-01 3.2431031735021494e-02 0.0000000000000000e+00 1
1.1983342530239303e-01 3.6142841522277327e-02 0.0000000000000000e+00 1
1.2409704080005304e-01 2.3096863720160501e-01 0.0000000000000000e+00 1
-4.1916910245994587e-02 -2.0323197008863605e-01 0.0000000000000000e+00 1
1.3866986575855036e-01 -4.8624983873216884e-02 0.0000000000000000e+00 1
1.4767207056408249e-01 -4.5020868263770115e-02 0.0000000000000000e+00 1
1.3982597733771410e-01 -3.8676096555877400e-02 0.0000000000000000e+00 1
3.9909965587970282e-02 1.5631454498294967e-01 0.0000000000000000e+00 1
-2.1627169972937732e-01 1.1876672506136453e-01 0.0000000000000000e+00 1
-2.2610100262561941e-01 1.1464569106390055e-01 0.0000000000000000e+00 1
3.1125267002447643e-01 -3.0091573119447618e-02 0.0000000000000000e+00 1
1.5885319572932072e-02 3.8716978526841372e-01 0.0000000000000000e+00 1
1.7058723702013643e-02 3.9681083280130636e-01 0.0000000000000000e+00 1
7.9630543579936788e-03 3.9321457665249804e-01 0.0000000000000000e+00 1
6.9832841562378581e-02 1.7908823570982615e-01 0.0000000000000000e+00 1
1.3813435174247385e-01 2.5043925820008667e-01 0.0000000000000000e+00 1
2.2808640272222125e-01 1.8763685008265621e-01 0.0000000000000000e+00 1
-2.0746913325128247e-01 5.6201619469167532e-02 0.0000000000000000e+00 1
1.9621498496921702e-01 5.6506022953762558e-03 0.0000000000000000e+00 1
7.1051256791176381e-02 1.8945295151823435e-01 0.0000000000000000e+00 1
-1.7162948686819296e-01 1.0840961765384896e-01 0.0000000000000000e+00 1
2.0724130420037115e-01 1.6943825140425917e-01 0.0000000000000000e+00 1
-3.6568256123624709e-01 3.8934601016387418e-02 0.0000000000000000e+00 1
-3.7418210187929551e-01 3.5266775827182489e-02 0.0000000000000000e+00 1
1.7307761161245511e-01 -9.0883082293136505e-02 0.0000000000000000e+00 1
-1.7381572926424488e-01 -3.5041351231059947e-02 0.0000000000000000e+00 1
9.7968884479434859e-02 7.3919292654925639e-02 0.0000000000000000e+00 1
8.8760065709158301e-02 6.9912117312961750e-02 0.0000000000000000e+00 1
8.9884335697243245e-02 7.9911325674133615e-02 0.0000000000000000e+00 1
1.3409579431278362e-01 -3.4344570023342486e-01 0.0000000000000000e+00 1
-3.4212889408887648e-01 3.6903480041874617e-02 0.0000000000000000e+00 1
-3.3315745269994190e-01 4.1395387602873104e-02 0.0000000000000000e+00 1
1.4131892067056162e-01 3.8448601068342803e-01 0.0000000000000000e+00 1
2.6801628760742990e-02 1.9999957320239858e-01 0.0000000000000000e+00 1
1.8799439067478615e-01 -2.6903459715112504e-01 0.0000000000000000e+00 1
-1.3853065057966957e-01 2.1038375635144657e-01 0.0000000000000000e+00 1
-1.4749708690575139e-01 2.1696856083981964e-01 0.0000000000000000e+00 1
-1.3729060905660612e-01 2.2147843215804222e-01 0.0000000000000000e+00 1
-1.4631039104081603e-01 2.2809363147005179e-01 0.0000000000000000e+00 1
-1.5769831065714449e-01 2.1244809535996717e-01 0.0000000000000000e+00 1
1.1314443720927966e-01 2.5770632875073735e-01 0.0000000000000000e+00 1
-6.0784986552131416e-02 7.3141045639490809e-02 0.0000000000000000e+00 1
8.4449576183337469e-02 3.1348054821496568e-01 0.0000000000000000e+00 1
-1.5464868945038251e-01 -9.2491569585974338e-03 0.0000000000000000e+00 1
-1.6262699078852344e-01 -3.0273181979639558e-03 0.0000000000000000e+00 1
-1.6167058779853008e-01 6.8215669944036769e-03 0.0000000000000000e+00 1
-1.6349467493498310e-01 -1.2302504579694897e-02 0.0000000000000000e+00 1
-1.2610165086890246e-01 1.2386338186441501e-02 0.0000000000000000e+00 1
-1.4398622405917497e-01 8.5833354653927163e-02 0.0000000000000000e+00 1
-1.7712540737672178e-01 2.9364437634247637e-01 0.0000000000000000e+00 1
2.3553656792619909e-01 2.5052628092349921e-01 0.0000000000000000e+00 1
1.6761994768189088e-02 2.3900767439976589e-01 0.0000000000000000e+00 1
-1.3479375459339415e-01 -1.4752341812957492e-01 0.0000000000000000e+00 1
7.3161807082989458e-02 -3.2598270817252017e-01 0.0000000000000000e+00 1
2.7893437060642517e-01 -1.0267009760583892e-01 0.0000000000000000e+00 1
2.8739851106708747e-01 -1.0882149398595919e-01 0.0000000000000000e+00 1
2.8858405499657597e-01 -9.8376388542375751e-02 0.0000000000000000e+00 1
-1.4335549907330308e-01 -6.9732248062930505e-02 0.0000000000000000e+00 1
-1.9996874316316954e-01 2.7271248953155014e-01 0.0000000000000000e+00 1
-2.0918510038816462e-01 2.7908429566234449e-01 0.0000000000000000e+00 1
-9.6454324097228622e-02 8.6865210285882746e-02 0.0000000000000000e+00 1
-9.7612829451084959e-02 7.6603715714887124e-02 0.0000000000000000e+00 1
-8.9530975655080197e-02 6.9304102479124163e-02 0.0000000000000000e+00 1
-3.6296140020066181e-01 9.5740080293917340e-03 0.0000000000000000e+00 1
-3.5508489302073198e-01 3.6310854597475170e-03 0.0000000000000000e+00 1
9.3585678070011058e-02 1.5006502875297928e-01 0.0000000000000000e+00 1
9.2863604047535353e-02 1.3964972571574741e-01 0.0000000000000000e+00 1
1.9938175589462240e-01 -2.4501727971368498e-01 0.0000000000000000e+00 1
3.3327761246583010e-03 -3.5578179383280945e-01 0.0000000000000000e+00 1
2.8532451156255045e-01 -1.1975171380923055e-01 0.0000000000000000e+00 1
-2.1389778727508246e-01 -8.1156023695016274e-02 0.0000000000000000e+00 1
-2.7428272868003389e-01 -5.8481899037058679e-02 0.0000000000000000e+00 1
-6.1351779463488042e-02 3.6922105876642997e-01 0.0000000000000000e+00 1
-5.1047962626209954e-02 3.7343496803359888e-01 0.0000000000000000e+00 1
-4.2278160449202913e-02 3.6672684232172542e-01 0.0000000000000000e+00 1
-4.0818452663026937e-02 3.7760086945087734e-01 0.0000000000000000e+00 1
-7.7336010151929355e-02 -2.1723479089593495e-01 0.0000000000000000e+00 1
-1.3607528733311097e-01 2.3258315819509592e-01 0.0000000000000000e+00 1
-3.4510444332489093e-01 7.3841168527701576e-02 0.0000000000000000e+00 1
-1.1230625980412470e-01 1.0928596269019472e-01 0.0000000000000000e+00 1
-2.5742868753927706e-01 -1.5833943341974299e-01 0.0000000000000000e+00 1
-2.4916599748748405e-01 -1.6422708927188379e-01 0.0000000000000000e+00 1
-2.6211474336397811e-01 -1.1250785000883767e-01 0.0000000000000000e+00 1
-2.3629326182846161e-01 2.0269795612313946e-01 0.0000000000000000e+00 1
-3.4602267367078821e-01 6.4464120647772016e-02 0.0000000000000000e+00 1
-2.5533207926407875e-01 -1.3809452691392166e-01 0.0000000000000000e+00 1
-3.4818888317675642e-02 2.7612791705775974e-01 0.0000000000000000e+00 1
2.8537470929311504e-01 1.3574571734013807e-01 0.0000000000000000e+00 1
2.9411047531390139e-01 1.3955298696834412e-01 0.0000000000000000e+00 1
1.6573688395058006e-01 -1.5302365385272182e-01 0.0000000000000000e+00 1
-3.8275358825257698e-02 1.9218151532194469e-01 0.0000000000000000e+00 1
-2.9750186252853146e-02 1.8581923693577831e-01 0.0000000000000000e+00 1
-2.8435696761492893e-02 1.9636479718483138e-01 0.0000000000000000e+00 1
-1.9932910035892214e-02 1.9004811057934101e-01 0.0000000000000000e+00 1
-1.8622299002290978e-02 2.0058318425229127e-01 0.0000000000000000e+00 1
-1.0090384116603760e-02 1.9427572364590706e-01 0.0000000000000000e+00 1
-8.8237487912913078e-03 2.0482001082064238e-01 0.0000000000000000e+00 1
-3.6728527910561754e-04 1.9841191570682548e-01 0.0000000000000000e+00 1
9.5552445317827694e-04 2.0898735061397516e-01 0.0000000000000000e+00 1
8.5793936867525726e-04 -1.5289825376542063e-02 0.0000000000000000e+00 1
2.0742032250603215e-01 2.4839896388130844e-01 0.0000000000000000e+00 1
-3.0813307184350547e-03 1.0794317822445113e-01 0.0000000000000000e+00 1
1.8020847898861471e-02 1.3660305942070358e-01 0.0000000000000000e+00 1
8.6214986799497975e-02 4.0414195021149829e-01 0.0000000000000000e+00 1
1.4901236148656707e-01 -3.4533216982565496e-01 0.0000000000000000e+00 1
2.6030104288068130e-02 -2.4584383911205371e-01 0.0000000000000000e+00 1
1.7539732842559344e-02 -2.4952691159887236e-01 0.0000000000000000e+00 1
1.0122245044315296e-02 -2.4405026850134640e-01 0.0000000000000000e+00 1
9.0774738193631702e-03 -2.5316904333060136e-01 0.0000000000000000e+00 1
3.4525961914475746e-02 -2.4216381456738340e-01 0.0000000000000000e+00 1
2.8645673786634257e-01 1.4529057140656140e-01 0.0000000000000000e+00 1
-1.4235854470328838e-01 2.4484423757429978e-02 0.0000000000000000e+00 1
-1.5138045705483119e-01 2.0819598413483513e-02 0.0000000000000000e+00 1
-1.9067491844879753e-01 -2.4605747192878905e-01 0.0000000000000000e+00 1
1.6973299005815476e-01 2.8193557743421921e-01 0.0000000000000000e+00 1
1.6807421068797185e-01 -1.3257865941111147e-01 0.0000000000000000e+00 1
2.5130162531779121e-01 2.2706112604336451e-01 0.0000000000000000e+00 1
-2.0229337006584927e-01 -1.4180025972000884e-01 0.0000000000000000e+00 1
-1.9440604930790614e-01 -1.4746812999782138e-01 0.0000000000000000e+00 1
5.0419486707788022e-02 -2.9109696444031452e-01 0.0000000000000000e+00 1
-1.4540641537930751e-01 2.4179914143175668e-01 0.0000000000000000e+00 1
-1.3405741477498551e-01 2.4424303999262673e-01 0.0000000000000000e+00 1
3.0785958547336195e-01 1.1873174529166497e-01 0.0000000000000000e+00 1
-1.0905805776364703e-01 -2.7750045411511454e-01 0.0000000000000000e+00 1
1.7028212718899688e-01 -1.1259564320441470e-01 0.0000000000000000e+00 1
7.0746835827133264e-03 2.3487546575527779e-01 0.0000000000000000e+00 1
-1.2454227529384146e-01 -2.8408676253773291e-01 0.0000000000000000e+00 1
-1.2569630875174287e-01 -2.9229033813801447e-01 0.0000000000000000e+00 1
-1.3222877211000475e-01 -2.8729598778232956e-01 0.0000000000000000e+00 1
-1.3363064486063786e-01 -2.9524199740676632e-01 0.0000000000000000e+00 1
-6.7761457938460945e-02 1.7946972007462861e-01 0.0000000000000000e+00 1
-2.8940397446883485e-02 3.9276133464078766e-02 0.0000000000000000e+00 1
1.5802378780650239e-01 -3.8197911679693447e-01 0.0000000000000000e+00 1
1.6456597789905783e-01 -3.8698914275251095e-01 0.0000000000000000e+00 1
1.6569880304391074e-01 -3.7879973731074018e-01 0.0000000000000000e+00 1
1.7232190904147782e-01 -3.8390652719231422e-01 0.0000000000000000e+00 1
2.0867824835060522e-01 3.0113629335701003e-01 0.0000000000000000e+00 1
1.4528924252892600e-01 -7.4393508537271377e-02 0.0000000000000000e+00 1
2.7064406764444887e-01 -2.1150307075558976e-02 0.0000000000000000e+00 1
8.8352985715413807e-02 2.3527312081278293e-01 0.0000000000000000e+00 1
8.6523824331467714e-02 2.2493219293231539e-01 0.0000000000000000e+00 1
2.0087240379353655e-02 7.9365069981984435e-02 0.0000000000000000e+00 1
1.8888928420040668e-02 6.9277908742690020e-02 0.0000000000000000e+00 1
-1.0375522631591295e-02 4.7308867452203057e-02 0.0000000000000000e+00 1
1.8769739033341410e-02 -7.2465109514027407e-03 0.0000000000000000e+00 1
2.7744473706726714e-02 -3.2458323564563134e-03 0.0000000000000000e+00 1
3.5351700516487790e-02 -8.9759231581532598e-03 0.0000000000000000e+00 1
3.6672609144516935e-02 7.6791591049457783e-04 0.0000000000000000e+00 1
4.4105344614617362e-02 -4.5725869602450901e-03 0.0000000000000000e+00 1
2.1877833152792703e-01 -3.1604756733979583e-01 0.0000000000000000e+00 1
2.2010368440775135e-01 -3.0606186080802800e-01 0.0000000000000000e+00 1
-2.3988991421549113e-01 2.6583694174338340e-01 0.0000000000000000e+00 1
-8.5046087723119571e-02 -2.6739007705716711e-01 0.0000000000000000e+00 1
-1.4012171575062748e-01 -2.9013707584475107e-01 0.0000000000000000e+00 1
-3.2425450947943796e-01 1.9450202345726300e-01 0.0000000000000000e+00 1
-3.1474993300709009e-01 1.9881783346636725e-01 0.0000000000000000e+00 1
-2.6365041774833786e-01 2.1083485143813352e-01 0.0000000000000000e+00 1
-2.3182235888398839e-01 -4.1911647008843864e-04 0.0000000000000000e+00 1
-2.3997171543294032e-01 5.6452927796364107e-03 0.0000000000000000e+00 1
-2.3072584372700314e-01 9.7904519359715437e-03 0.0000000000000000e+00 1
-2.3887350501041898e-01 1.5836582940410092e-02 0.0000000000000000e+00 1
-1.4326249146969225e-01 -1.5982103026773767e-01 0.0000000000000000e+00 1
2.5209634203761921e-01 2.3696002406468319e-01 0.0000000000000000e+00 1
-2.8983679581555444e-01 -1.1488243707675777e-01 0.0000000000000000e+00 1
-3.3751584819461367e-01 6.8355771176792798e-02 0.0000000000000000e+00 1
-3.3858732462486785e-01 5.8964308448746020e-02 0.0000000000000000e+00 1
-2.9492432994643814e-01 1.8652173536793676e-01 0.0000000000000000e+00 1
2.0861179958268880e-01 -8.8951140541185299e-03 0.0000000000000000e+00 1
2.2929677376092300e-01 2.0522806741885054e-03 0.0000000000000000e+00 1
-1.2901414503343006e-01 -1.7040840728496198e-01 0.0000000000000000e+00 1
-1.3765685925602883e-01 -1.7348918399863314e-01 0.0000000000000000e+00 1
5.5285724907535166e-02 3.5681721829476071e-01 0.0000000000000000e+00 1
8.0619095281740452e-02 1.9353951030965899e-01 0.0000000000000000e+00 1
7.2274915812556823e-02 1.9979569896907859e-01 0.0000000000000000e+00 1
-4.2190293841218862e-02 -2.9852251709831990e-01 0.0000000000000000e+00 1
-4.1060144186238268e-02 -2.8992663805444263e-01 0.0000000000000000e+00 1
-1.0210220755991772e-01 2.7764244161532886e-01 0.0000000000000000e+00 1
-9.1861391221645883e-02 2.8205967512715518e-01 0.0000000000000000e+00 1
-1.1234082966633252e-01 2.7328020726005092e-01 0.0000000000000000e+00 1
-2.7299117906602688e-01 -4.7986378279901321e-02 0.0000000000000000e+00 1
-7.5195101632934387e-03 -1.7154187111681843e-01 0.0000000000000000e+00 1
-2.1024816834314231e-01 2.6794471246937479e-01 0.0000000000000000e+00 1
-2.2022996177972384e-01 2.7496600928139736e-01 0.0000000000000000e+00 1
7.6336931413153758e-02 -2.7993079049613090e-01 0.0000000000000000e+00 1
-1.6568792304995078e-01 9.2420678637809395e-02 0.0000000000000000e+00 1
-4.0531792840387999e-03 -1.4459588130408679e-01 0.0000000000000000e+00 1
-1.4831626899952766e-01 -3.4282955322922706e-02 0.0000000000000000e+00 1
-1.5895381851215315e-01 -5.6899231066739248e-02 0.0000000000000000e+00 1
2.8102098886336503e-02 1.4073129071284129e-01 0.0000000000000000e+00 1
-3.1446354202381302e-02 -3.5337341391067234e-01 0.0000000000000000e+00 1
-2.2069729707297751e-02 -3.4920828117599828e-01 0.0000000000000000e+00 1
-2.3738831397928203e-02 -3.5939087880848497e-01 0.0000000000000000e+00 1
-1.8846256855533799e-01 3.0148415820489149e-01 0.0000000000000000e+00 1
-1.7658250448519078e-01 3.0561239587951106e-01 0.0000000000000000e+00 1
-2.1966516857970841e-01 8.7690663290357296e-02 0.0000000000000000e+00 1
-2.1127692879357887e-01 8.1528754025474395e-02 0.0000000000000000e+00 1
-2.2810517298234101e-01 9.3754272964241658e-02 0.0000000000000000e+00 1
-8.9607400353452771e-03 2.5724909407763275e-01 0.0000000000000000e+00 1
-2.2940687184601277e-01 1.9800278000347112e-02 0.0000000000000000e+00 1
-2.6462623314793765e-01 -1.4213774620054645e-01 0.0000000000000000e+00 1
1.0484340689184760e-01 -4.0465759528000789e-01 0.0000000000000000e+00 1
-2.7134416948271595e-01 2.2856163984750336e-01 0.0000000000000000e+00 1
8.6425849602920338e-02 2.6680737526318188e-01 0.0000000000000000e+00 1
2.0873703452416431e-01 2.6096553530214095e-01 0.0000000000000000e+00 1
4.3604501695626359e-02 -1.5795507718070698e-01 0.0000000000000000e+00 1
2.2012291328094391e-01 7.0438699828605289e-02 0.0000000000000000e+00 1
5.5374851991026319e-02 4.0782904911513884e-01 0.0000000000000000e+00 1
1.6416721157237577e-01 -1.8585344049043506e-02 0.0000000000000000e+00 1
1.5607325082019602e-01 -2.1855913240501044e-02 0.0000000000000000e+00 1
1.7327080441841519e-01 -1.4619739034170218e-02 0.0000000000000000e+00 1
1.9390950846658553e-01 -2.9563761172925818e-01 0.0000000000000000e+00 1
1.8586592228154944e-01 -2.8951244685923949e-01 0.0000000000000000e+00 1
-1.4932682673495468e-01 3.1212126867015583e-01 0.0000000000000000e+00 1
-1.6176765056239464e-01 3.1821513994344941e-01 0.0000000000000000e+00 1
1.4836155792990305e-01 -4.0081020905792158e-01 0.0000000000000000e+00 1
-1.1287704922547967e-03 -1.1665617772454552e-01 0.0000000000000000e+00 1
-1.9551380503071450e-01 -1.8362498790783499e-01 0.0000000000000000e+00 1
3.7291681014816447e-02 3.4944655244071665e-01 0.0000000000000000e+00 1
4.5191513794784824e-02 3.4329421242017394e-01 0.0000000000000000e+00 1
-2.1047109559872093e-01 -1.3667509450165324e-01 0.0000000000000000e+00 1
-4.4150608603078373e-03 -3.4995412453403762e-01 0.0000000000000000e+00 1
-5.6037164609449037e-03 -3.5930284522276013e-01 0.0000000000000000e+00 1
1.4718630823075798e-01 3.6033318452861074e-01 0.0000000000000000e+00 1
1.5742783196328061e-01 3.6320825678951907e-01 0.0000000000000000e+00 1
1.2896575167880292e-01 3.4299750384530198e-01 0.0000000000000000e+00 1
1.3819881881245810e-01 3.4699035444524978e-01 0.0000000000000000e+00 1
-2.2492523688745564e-01 1.3626158823929627e-01 0.0000000000000000e+00 1
1.4399966391127955e-01 -3.2123668062876254e-01 0.0000000000000000e+00 1
-1.6499601271082076e-01 -3.1393686973964441e-02 0.0000000000000000e+00 1
4.6812104728111516e-02 4.0440173131055562e-01 0.0000000000000000e+00 1
-1.9454413057603118e-01 -1.7445400084244203e-01 0.0000000000000000e+00 1
2.3679563157071440e-01 1.8142835678333569e-01 0.0000000000000000e+00 1
2.9854037194508598e-01 -1.0562185543321397e-01 0.0000000000000000e+00 1
2.9836920537404482e-01 -9.4249193530547365e-02 0.0000000000000000e+00 1
-6.8823144806295158e-02 8.9139876330952023e-02 0.0000000000000000e+00 1
1.2285269634145760e-01 -2.3120682058221168e-01 0.0000000000000000e+00 1
4.2922844896815818e-02 3.8801392857238187e-01 0.0000000000000000e+00 1
1.7355236764483717e-01 -3.7564131118615529e-01 0.0000000000000000e+00 1
1.8542497913558590e-03 -8.8324036179122906e-02 0.0000000000000000e+00 1
-2.3775299657686205e-01 2.5675183967612959e-02 0.0000000000000000e+00 1
-2.4710905126478450e-01 2.1862516619652286e-02 0.0000000000000000e+00 1
-2.4609275734899724e-01 3.1898411109923058e-02 0.0000000000000000e+00 1
-2.5535400712367229e-01 2.7938049118802669e-02 0.0000000000000000e+00 1
-2.5427868743599497e-01 3.8044615657334330e-02 0.0000000000000000e+00 1
-2.6355951637853797e-01 3.4018789584792430e-02 0.0000000000000000e+00 1
-2.6248942383353274e-01 4.4070390745931845e-02 0.0000000000000000e+00 1
1.4195523177832578e-01 -2.1303494767015652e-01 0.0000000000000000e+00 1
1.3394456617196199e-01 -2.0713302910411716e-01 0.0000000000000000e+00 1
1.2510603235428455e-01 -2.1113696225615444e-01 0.0000000000000000e+00 1
-2.2911977700038558e-01 -1.9845123592791605e-01 0.0000000000000000e+00 1
-2.2834774446482139e-01 -1.8927637063619554e-01 0.0000000000000000e+00 1
-2.3685185230885347e-01 -1.9298470729497541e-01 0.0000000000000000e+00 1
-2.3569117692406999e-01 -1.8389926241901616e-01 0.0000000000000000e+00 1
2.8921028603735011e-01 1.0193201326557635e-01 0.0000000000000000e+00 1
-2.7995476282680309e-01 2.3526682615434058e-01 0.0000000000000000e+00 1
-3.6421568159976930e-01 -3.0165786099508804e-04 0.0000000000000000e+00 1
-3.5745558576872294e-01 -6.4783707461059034e-03 0.0000000000000000e+00 1
-2.1787589019966391e-01 -1.2138059678912461e-01 0.0000000000000000e+00 1
2.9502798317111423e-01 1.4919594021341862e-01 0.0000000000000000e+00 1
2.8746628135733820e-01 1.5496088948989653e-01 0.0000000000000000e+00 1
2.9696824667078042e-01 1.6048591846529489e-01 0.0000000000000000e+00 1
2.8818531086695293e-01 1.6377203900565634e-01 0.0000000000000000e+00 1
-1.9020994499760471e-01 -2.3872676791402964e-01 0.0000000000000000e+00 1
-1.9715657370522166e-01 -2.4164923868838067e-01 0.0000000000000000e+00 1
3.0834388060642037e-01 -6.9333909689626327e-02 0.0000000000000000e+00 1
3.0936164176406356e-01 -5.9153001009130984e-02 0.0000000000000000e+00 1
-1.5997699178278191e-01 -6.7013202297991209e-02 0.0000000000000000e+00 1
-1.5524474319025336e-01 2.3511377280237539e-01 0.0000000000000000e+00 1
-3.7069562906977038e-01 1.5132963302201718e-02 0.0000000000000000e+00 1
2.4896584773321134e-01 1.1034107288287143e-01 0.0000000000000000e+00 1
2.2233573319739902e-01 8.9598478255331737e-02 0.0000000000000000e+00 1
1.6022647385310718e-01 1.4900031062806030e-01 0.0000000000000000e+00 1
1.5906957680183487e-01 1.3885163079320814e-01 0.0000000000000000e+00 1
1.6725777194696195e-01 1.3278530497179758e-01 0.0000000000000000e+00 1
1.5792304109424687e-01 1.2873806099062865e-01 0.0000000000000000e+00 1
1.6607360490424178e-01 1.2269752537575365e-01 0.0000000000000000e+00 1
1.5677980708495454e-01 1.1866443875690785e-01 0.0000000000000000e+00 1
1.6489520649441419e-01 1.1263781831841152e-01 0.0000000000000000e+00 1
1.5545756400599833e-01 1.0852503022971505e-01 0.0000000000000000e+00 1
1.6370038469724657e-01 1.0262367711117359e-01 0.0000000000000000e+00 1
1.5431579212936422e-01 9.8456162384743556e-02 0.0000000000000000e+00 1
1.6252288733310155e-01 9.2637149457580087e-02 0.0000000000000000e+00 1
1.5336030901723940e-01 8.8634786950382877e-02 0.0000000000000000e+00 1
1.6138515966744665e-01 8.2721148122317512e-02 0.0000000000000000e+00 1
1.5200233826276210e-01 7.8613500040514733e-02 0.0000000000000000e+00 1
1.6019716301165401e-01 7.2802352851853935e-02 0.0000000000000000e+00 1
1.5086245310685134e-01 6.8623547521024689e-02 0.0000000000000000e+00 1
1.5903909928784424e-01 6.2901747948066744e-02 0.0000000000000000e+00 1
1.4995496296318589e-01 5.8870114973747403e-02 0.0000000000000000e+00 1
1.5794375965565605e-01 5.3063024347672627e-02 0.0000000000000000e+00 1
1.4884038164960589e-01 4.9104428335775274e-02 0.0000000000000000e+00 1
1.6138163728575206e-01 1.5917023714882017e-01 0.0000000000000000e+00 1
1.4066924846892451e-01 5.4696723257051549e-02 0.0000000000000000e+00 1
1.3972625599520255e-01 4.5058749455108765e-02 0.0000000000000000e+00 1
1.4765781381743429e-01 3.9385741416856419e-02 0.0000000000000000e+00 1
1.3859930065609810e-01 3.5285317214350471e-02 0.0000000000000000e+00 1
1.4352535484623402e-01 8.4240596854128394e-02 0.0000000000000000e+00 1
1.4699782765782099e-01 1.1434894499024441e-01 0.0000000000000000e+00 1
1.7074210692174113e-01 8.6749498280644488e-02 0.0000000000000000e+00 1
-8.0367319633404793e-02 2.1479669104697044e-01 0.0000000000000000e+00 1
-7.1574887664200088e-02 2.0827488789583684e-01 0.0000000000000000e+00 1
-6.0421406483823575e-02 -3.2396055946528435e-01 0.0000000000000000e+00 1
-6.1560892653058620e-02 -3.3331503441192412e-01 0.0000000000000000e+00 1
-2.5388008778483645e-01 -3.9355676370258767e-02 0.0000000000000000e+00 1
-2.4443837207373029e-01 -3.5214310016003079e-02 0.0000000000000000e+00 1
-2.7173851161043788e-01 4.0055203998664565e-02 0.0000000000000000e+00 1
-2.7285817008888380e-01 2.9957684434641196e-02 0.0000000000000000e+00 1
-2.9936197822776182e-05 3.3189153312298758e-01 0.0000000000000000e+00 1
-1.0424279374271628e-01 -2.5041263287863186e-02 0.0000000000000000e+00 1
-1.2691729980985236e-01 -3.0047823125671103e-01 0.0000000000000000e+00 1
3.5463069160595682e-02 3.2838644308945059e-01 0.0000000000000000e+00 1
2.0247962906442812e-01 -6.8462326139858837e-02 0.0000000000000000e+00 1
2.5006423534318567e-01 2.1649809078776866e-01 0.0000000000000000e+00 1
2.5987980472187350e-01 2.2068911022864299e-01 0.0000000000000000e+00 1
1.2611589776401844e-01 -2.0152459410333670e-01 0.0000000000000000e+00 1
1.3497589318750691e-01 -1.9728504385979156e-01 0.0000000000000000e+00 1
1.2728262735351548e-01 -1.9203397509859066e-01 0.0000000000000000e+00 1
1.7171691538876918e-01 -1.7943694602938870e-01 0.0000000000000000e+00 1
1.5680446956139502e-01 -2.3467622987162062e-01 0.0000000000000000e+00 1
1.4692587032797947e-02 -4.6118640331644201e-02 0.0000000000000000e+00 1
-1.7099306895043961e-01 2.7209116430561226e-03 0.0000000000000000e+00 1
-1.6928459153867492e-01 1.3336888961004193e-02 0.0000000000000000e+00 1
1.0249871314026232e-01 2.8955194078549774e-02 0.0000000000000000e+00 1
-2.2384952494652580e-01 1.4682373792765596e-01 0.0000000000000000e+00 1
4.8630589672123331e-02 -1.0993780024513140e-01 0.0000000000000000e+00 1
-1.4908311669885342e-02 8.3520798116526629e-02 0.0000000000000000e+00 1
3.0150713926159367e-01 1.3356360872374962e-01 0.0000000000000000e+00 1
-2.0171231025369651e-01 -1.6859841435073661e-01 0.0000000000000000e+00 1
-1.9338192203318744e-01 -1.6495373317864576e-01 0.0000000000000000e+00 1
-8.3185205622454600e-02 -3.2581747345428308e-01 0.0000000000000000e+00 1
-9.2100828930588782e-02 -3.1990059397635995e-01 0.0000000000000000e+00 1
1.5811290363103074e-02 -2.5810273378786253e-01 0.0000000000000000e+00 1
-2.6989934449880909e-01 2.3990308198852642e-01 0.0000000000000000e+00 1
-2.2447641109230357e-01 -1.7064078771852303e-01 0.0000000000000000e+00 1
-3.8578546798136193e-01 6.4960940515316382e-02 0.0000000000000000e+00 1
-1.7588186059326830e-03 1.8775956342606917e-01 0.0000000000000000e+00 1
-2.7550472279856392e-01 -6.8836719897129250e-02 0.0000000000000000e+00 1
-3.2992277922934721e-01 6.2374737113437412e-02 0.0000000000000000e+00 1
-3.1106634820793927e-02 1.7517409230602110e-01 0.0000000000000000e+00 1
1.4543729972028951e-01 -2.5852016805761313e-01 0.0000000000000000e+00 1
-3.2177147553260524e-02 3.7047443618486647e-01 0.0000000000000000e+00 1
-3.0525071288513082e-02 3.8129802608272800e-01 0.0000000000000000e+00 1
6.1464943970250187e-02 1.8530714663820264e-01 0.0000000000000000e+00 1
8.5562980914243997e-02 4.0144699062470313e-02 0.0000000000000000e+00 1
1.7666330828047161e-01 2.1454635890352503e-01 0.0000000000000000e+00 1
1.4056454567367307e-01 -2.9698811760522537e-01 0.0000000000000000e+00 1
2.1374151191114094e-01 -2.0103525673576392e-01 0.0000000000000000e+00 1
2.1514165328286450e-01 -1.9066016009302578e-01 0.0000000000000000e+00 1
-2.7851838058503298e-01 -2.1002769315345855e-02 0.0000000000000000e+00 1
-2.7974676647576247e-01 -3.1278714359045189e-02 0.0000000000000000e+00 1
1.7309665853184855e-03 -2.4760969669172853e-01 0.0000000000000000e+00 1
6.6754610849228935e-04 -2.5677570769198699e-01 0.0000000000000000e+00 1
3.0746448322091408e-01 -7.9111410607997659e-02 0.0000000000000000e+00 1
8.6741949614359284e-02 2.5572733276568504e-01 0.0000000000000000e+00 1
-1.2709539425802541e-01 2.2589258881016649e-01 0.0000000000000000e+00 1
-8.4860455434592752e-02 1.8198518631197438e-01 0.0000000000000000e+00 1
-9.4343585744226702e-02 1.7773590159911529e-01 0.0000000000000000e+00 1
-2.9895817023740778e-01 1.2367592206144540e-01 0.0000000000000000e+00 1
-2.9104177771982342e-01 1.1774969595173575e-01 0.0000000000000000e+00 1
-2.9993700603973072e-01 1.1367772353389424e-01 0.0000000000000000e+00 1
-2.9213857797201043e-01 1.0776232514530235e-01 0.0000000000000000e+00 1
-1.7629490693527367e-01 -2.3218715204698193e-01 0.0000000000000000e+00 1
-9.5552792791261762e-02 3.3387599774351578e-01 0.0000000000000000e+00 1
-9.4098968826555135e-02 3.4502731581491897e-01 0.0000000000000000e+00 1
6.3788043402686595e-02 -4.7188264700782301e-02 0.0000000000000000e+00 1
7.2570248916055555e-02 -4.3169910835170702e-02 0.0000000000000000e+00 1
6.4947840703838425e-02 -3.7402773413928392e-02 0.0000000000000000e+00 1
7.3696006715567156e-02 -3.3364078181068131e-02 0.0000000000000000e+00 1
6.5696452378946418e-02 -2.7525445628293319e-02 0.0000000000000000e+00 1
7.4691430374654699e-02 -2.3506800720493076e-02 0.0000000000000000e+00 1
6.6686688842930900e-02 -1.7662804799325520e-02 0.0000000000000000e+00 1
-2.0791491961700126e-01 -1.0726781769591760e-01 0.0000000000000000e+00 1
-3.1399145823193847e-01 -1.6937495377462145e-02 0.0000000000000000e+00 1
-3.2348869313232637e-01 -2.1048263846690625e-02 0.0000000000000000e+00 1
-3.2470137346894945e-01 -3.1331777426734521e-02 0.0000000000000000e+00 1
-3.3302477409869191e-01 -2.5143451555494231e-02 0.0000000000000000e+00 1
-3.3423421334490921e-01 -3.5457474097998640e-02 0.0000000000000000e+00 1
-3.4256106396369412e-01 -2.9247229246228596e-02 0.0000000000000000e+00 1
-3.4128060098756868e-01 -1.9062717733788977e-02 0.0000000000000000e+00 1
-3.5097114223597931e-01 -2.3099630799594394e-02 0.0000000000000000e+00 1
-2.2088303128882086e-01 -6.4581696807735844e-02 0.0000000000000000e+00 1
-2.1998205054235589e-01 -5.4558574907420845e-02 0.0000000000000000e+00 1
3.5313500006958577e-02 -3.6912834435046593e-01 0.0000000000000000e+00 1
3.4251686646971591e-02 -3.7864245890146930e-01 0.0000000000000000e+00 1
1.4992500551655849e-01 -2.1896113459097011e-01 0.0000000000000000e+00 1
2.3649144028543906e-01 2.6119733919891602e-01 0.0000000000000000e+00 1
2.2835631235191006e-01 2.6805539000896572e-01 0.0000000000000000e+00 1
5.4163739868502330e-03 -3.3704396841972639e-01 0.0000000000000000e+00 1
1.4536912063055497e-02 -3.3301384250093402e-01 0.0000000000000000e+00 1
1.8189192830592116e-01 3.1805780883148049e-01 0.0000000000000000e+00 1
1.9141135843123958e-01 3.2228579592057233e-01 0.0000000000000000e+00 1
1.9965300955087328e-01 3.1585451067536446e-01 0.0000000000000000e+00 1
5.0658939310507745e-02 -9.0455107898710002e-02 0.0000000000000000e+00 1
1.8750108623314371e-01 2.2902023982464170e-01 0.0000000000000000e+00 1
-2.2370525857230916e-01 -6.6604776621200720e-03 0.0000000000000000e+00 1
3.3334974088916891e-02 3.0754088796444823e-01 0.0000000000000000e+00 1
3.2165292605414515e-02 2.9731798878070831e-01 0.0000000000000000e+00 1
9.0112561088655632e-02 -4.0306392976873695e-01 0.0000000000000000e+00 1
8.3005159073985008e-02 -3.9802356868239008e-01 0.0000000000000000e+00 1
3.0086663004698571e-02 -2.0902858571092015e-01 0.0000000000000000e+00 1
2.2380527755018448e-01 1.0829648425414742e-01 0.0000000000000000e+00 1
-8.0129697363975252e-02 -1.5803203489029785e-01 0.0000000000000000e+00 1
1.5028104541121812e-01 2.7499481894058375e-01 0.0000000000000000e+00 1
4.9006607714718743e-02 3.7277677267734527e-01 0.0000000000000000e+00 1
-1.2382655359768399e-01 3.4355693950830185e-01 0.0000000000000000e+00 1
1.6178786333528622e-01 -3.0478286150206824e-01 0.0000000000000000e+00 1
8.0112487725629400e-02 -4.7915925337136830e-02 0.0000000000000000e+00 1
2.2499838923942267e-01 3.6279681117874676e-02 0.0000000000000000e+00 1
2.1734714753939438e-01 4.1972918445077924e-02 0.0000000000000000e+00 1
2.3287933427467000e-01 3.0606688160484258e-02 0.0000000000000000e+00 1
-7.5978475019568614e-02 -7.6686712130744975e-02 0.0000000000000000e+00 1
-7.7069797696290493e-02 -8.6086324663300684e-02 0.0000000000000000e+00 1
-8.5721680880432971e-02 -8.9829393836086152e-02 0.0000000000000000e+00 1
-7.8488703021674794e-02 -9.5378853800435162e-02 0.0000000000000000e+00 1
-8.7025262763346559e-02 -9.9314168200402411e-02 0.0000000000000000e+00 1
-7.9656133960555361e-02 -1.0468717869584226e-01 0.0000000000000000e+00 1
-2.9465904941352000e-01 -7.7073307214535952e-02 0.0000000000000000e+00 1
1.6921200530805025e-01 -3.1025983932789880e-01 0.0000000000000000e+00 1
1.7017934434380411e-01 -3.0075125273451719e-01 0.0000000000000000e+00 1
-2.7092876815721428e-01 4.9890401360646042e-02 0.0000000000000000e+00 1
1.4261037473230131e-01 -3.3074175981462195e-01 0.0000000000000000e+00 1
-7.3686312820772149e-02 -5.7667604989908861e-02 0.0000000000000000e+00 1
-1.7302595733865417e-01 -2.5072918777406056e-02 0.0000000000000000e+00 1
2.0930570285915751e-01 -2.2605881417994023e-01 0.0000000000000000e+00 1
-5.8720740759120454e-02 -3.0599316487998868e-01 0.0000000000000000e+00 1
-5.1262756259964529e-02 -3.1107532841174385e-01 0.0000000000000000e+00 1
3.0744947492826491e-01 9.4560851721096906e-02 0.0000000000000000e+00 1
3.1534268866347542e-01 9.8154897981202444e-02 0.0000000000000000e+00 1
3.0024787555475962e-01 9.0868397323296435e-02 0.0000000000000000e+00 1
-7.1368958533579122e-02 -3.8452006014387377e-02 0.0000000000000000e+00 1
-2.2109048727498271e-01 2.5218862863567587e-01 0.0000000000000000e+00 1
8.2483375278888174e-02 -2.8558660038216832e-02 0.0000000000000000e+00 1
-1.1292615688339475e-01 3.4764772125083143e-01 0.0000000000000000e+00 1
8.6928820980565452e-02 4.1271864183805196e-01 0.0000000000000000e+00 1
1.9691333367352495e-01 2.3334014744216425e-01 0.0000000000000000e+00 1
9.1860730636780796e-03 2.0238653734460646e-01 0.0000000000000000e+00 1
1.0279551180119733e-02 2.1261577031985446e-01 0.0000000000000000e+00 1
7.0076102503455945e-02 -2.1810986259706217e-01 0.0000000000000000e+00 1
7.0025695263169499e-02 -2.0856603031551796e-01 0.0000000000000000e+00 1
1.3363978882381347e-01 3.8970873641513493e-01 0.0000000000000000e+00 1
-1.9134425162598778e-01 -2.5363740252395717e-01 0.0000000000000000e+00 1
1.9878648010304550e-01 2.5472385180681661e-01 0.0000000000000000e+00 1
-9.2922457048348256e-02 2.7120650018687437e-01 0.0000000000000000e+00 1
2.6809675791188070e-01 2.0467489661946214e-01 0.0000000000000000e+00 1
-2.8366805310496923e-01 -6.2618963729436955e-02 0.0000000000000000e+00 1
1.1124749197473500e-01 4.0440522202146434e-01 0.0000000000000000e+00 1
1.0555446644133799e-01 4.0877968819096788e-01 0.0000000000000000e+00 1
1.5244531216622934e-01 2.4346723471913451e-01 0.0000000000000000e+00 1
1.1904724564752779e-01 2.6996843267533141e-02 0.0000000000000000e+00 1
-1.6678002250505322e-01 8.1573955109683405e-02 0.0000000000000000e+00 1
-8.4737928586411035e-02 -7.5112822334334438e-03 0.0000000000000000e+00 1
4.2525869881443149e-02 -3.0363493512992662e-01 0.0000000000000000e+00 1
3.4272044534276958e-02 -3.0717558383410415e-01 0.0000000000000000e+00 1
3.3193246272866336e-02 -3.1645516469768836e-01 0.0000000000000000e+00 1
2.5651656146526300e-02 -3.1085931618861484e-01 0.0000000000000000e+00 1
2.4537808871532361e-02 -3.2013746369705154e-01 0.0000000000000000e+00 1
1.6596505972109859e-02 -3.1464713410114398e-01 0.0000000000000000e+00 1
5.8277911908670758e-02 -2.9694266376395706e-01 0.0000000000000000e+00 1
-9.7373093181265025e-02 -1.8246723806623269e-01 0.0000000000000000e+00 1
-9.0022120071812456e-02 -1.8754347098653779e-01 0.0000000000000000e+00 1
-9.1250292999256827e-02 -1.9601488953060292e-01 0.0000000000000000e+00 1
2.2941135853940496e-03 2.1946516743716848e-01 0.0000000000000000e+00 1
-1.8533821559819771e-01 -2.5778901618948480e-01 0.0000000000000000e+00 1
-2.0843111099574052e-01 2.9087150801912071e-01 0.0000000000000000e+00 1
9.1418219515070079e-02 -3.0962824234148378e-01 0.0000000000000000e+00 1
9.0318725038371767e-02 -3.1882131491411370e-01 0.0000000000000000e+00 1
9.2003221299530494e-02 -3.0059240489120542e-01 0.0000000000000000e+00 1
-1.3504334148078848e-01 -3.0300584368865174e-01 0.0000000000000000e+00 1
-2.2750686684300814e-01 -3.8041392866839843e-02 0.0000000000000000e+00 1
5.7948479482946860e-02 -2.1246997292546883e-02 0.0000000000000000e+00 1
5.8745496043052868e-02 -1.2025514508030709e-02 0.0000000000000000e+00 1
2.1691098472376616e-01 -2.4027937197506269e-01 0.0000000000000000e+00 1
-1.0487754069911559e-01 -1.6843975928669877e-01 0.0000000000000000e+00 1
-2.4994478581332941e-01 2.6077048906557554e-01 0.0000000000000000e+00 1
1.6291906921670057e-01 -3.7764592493277578e-02 0.0000000000000000e+00 1
-1.0132897950173536e-01 4.4157060175763103e-03 0.0000000000000000e+00 1
-1.0921844418689439e-01 1.1218741627756006e-02 0.0000000000000000e+00 1
-1.1359172495193816e-01 -3.1097550482803893e-01 0.0000000000000000e+00 1
1.5398065906573266e-01 -6.0833510368587931e-02 0.0000000000000000e+00 1
6.9023832206086141e-02 -2.2757639749482544e-01 0.0000000000000000e+00 1
6.0303628120033897e-02 -2.3135750785057788e-01 0.0000000000000000e+00 1
6.7580109129165691e-02 -2.3700293921686050e-01 0.0000000000000000e+00 1
5.9444325067648185e-02 -2.4045120848508500e-01 0.0000000000000000e+00 1
-1.6093557763765803e-01 1.7970817407092568e-01 0.0000000000000000e+00 1
-1.5216489161563276e-01 1.7301105301018821e-01 0.0000000000000000e+00 1
-1.6992429760379715e-01 1.8607980629988910e-01 0.0000000000000000e+00 1
-1.6880957487087325e-01 1.9681086595422950e-01 0.0000000000000000e+00 1
-1.7897224239443330e-01 1.9241399039645646e-01 0.0000000000000000e+00 1
-2.9037652879181725e-01 -1.2588904041457089e-01 0.0000000000000000e+00 1
1.2898589716669806e-01 2.4622365599022153e-01 0.0000000000000000e+00 1
1.3759297830872530e-01 2.4002799977633293e-01 0.0000000000000000e+00 1
-3.4281077851433644e-01 -4.0393327559405279e-02 0.0000000000000000e+00 1
-3.3481736210614810e-01 -4.6077880769540648e-02 0.0000000000000000e+00 1
3.2099297763734436e-01 8.4411242645141105e-02 0.0000000000000000e+00 1
2.8457441195630526e-02 2.6443806047261842e-01 0.0000000000000000e+00 1
2.9984304625218068e-02 2.7550672913248936e-01 0.0000000000000000e+00 1
1.5800292600009347e-01 2.6936096926058256e-01 0.0000000000000000e+00 1
1.5765447123411419e-01 2.5865331451534479e-01 0.0000000000000000e+00 1
-4.2859591348439946e-02 -2.1170757241901675e-01 0.0000000000000000e+00 1
1.5295173502955452e-02 2.2826500864143340e-01 0.0000000000000000e+00 1
-2.0008852248504894e-01 -1.6087738116476899e-01 0.0000000000000000e+00 1
-1.7630017452042690e-01 7.7360215273872449e-02 0.0000000000000000e+00 1
-3.9387492660053441e-01 6.9320498982425732e-02 0.0000000000000000e+00 1
-1.2173024433069458e-01 2.7972863419248922e-01 0.0000000000000000e+00 1
-1.2227874817258427e-01 2.6865787368728467e-01 0.0000000000000000e+00 1
4.5330897249348918e-02 4.4632424676810051e-03 0.0000000000000000e+00 1
3.7745863749295269e-02 1.0568659789509039e-02 0.0000000000000000e+00 1
-3.6344958339694325e-02 -2.1662800225652351e-01 0.0000000000000000e+00 1
-4.4231007470088353e-02 -2.2052893503473803e-01 0.0000000000000000e+00 1
7.8010898171121640e-02 4.7181417615022987e-02 0.0000000000000000e+00 1
7.8945362151658399e-02 5.7144058971107227e-02 0.0000000000000000e+00 1
1.1776023240589180e-01 -2.0621150858760029e-01 0.0000000000000000e+00 1
2.6021660285014143e-02 2.4338631520861997e-01 0.0000000000000000e+00 1
-1.4526922521168648e-01 3.3606724003511645e-01 0.0000000000000000e+00 1
6.6870484803808847e-02 -2.4652097761502720e-01 0.0000000000000000e+00 1
-1.6858737634006613e-01 -2.2850245408174916e-01 0.0000000000000000e+00 1
-1.6243543030548488e-01 -2.3374330201096907e-01 0.0000000000000000e+00 1
1.6529014777027709e-01 -8.6867658958833111e-03 0.0000000000000000e+00 1
-7.1885449120640238e-02 -9.9981590352028193e-02 0.0000000000000000e+00 1
-1.8166403905488526e-02 -2.1374001420201583e-01 0.0000000000000000e+00 1
-1.5020178783550864e-01 3.1011643028801307e-02 0.0000000000000000e+00 1
-1.9214321508215046e-02 -2.0120001657374842e-01 0.0000000000000000e+00 1
1.9780207892079977e-02 2.5338583982458850e-03 0.0000000000000000e+00 1
-1.2454867600144405e-01 2.2909334507150082e-02 0.0000000000000000e+00 1
2.3619420429724117e-01 1.5246630970370872e-01 0.0000000000000000e+00 1
-1.1574842992036490e-01 -2.7244002830084235e-01 0.0000000000000000e+00 1
-1.8518345864319877e-01 3.1267693698972093e-01 0.0000000000000000e+00 1
-4.0128300336255987e-02 -1.8566271966950881e-01 0.0000000000000000e+00 1
-3.9155677714499522e-02 -1.7675769030905247e-01 0.0000000000000000e+00 1
7.5634309711896136e-02 -2.4272087880291213e-01 0.0000000000000000e+00 1
-1.5493256656947491e-01 2.4569927811650755e-01 0.0000000000000000e+00 1
8.1216795741327896e-02 7.6520468428489696e-02 0.0000000000000000e+00 1
8.2225210033237406e-02 8.6140893477440611e-02 0.0000000000000000e+00 1
9.1097519203613475e-02 8.9976047294985886e-02 0.0000000000000000e+00 1
8.3430805197511129e-02 9.5983328592840755e-02 0.0000000000000000e+00 1
9.2267485110886296e-02 1.0000249588534989e-01 0.0000000000000000e+00 1
8.4050288230179543e-02 1.0608594649124389e-01 0.0000000000000000e+00 1
9.3336516040935624e-02 1.1008810075276183e-01 0.0000000000000000e+00 1
8.5192497947417317e-02 1.1622005696367557e-01 0.0000000000000000e+00 1
9.4231925125551674e-02 1.1988056224840263e-01 0.0000000000000000e+00 1
8.6039789761698515e-02 1.2615120303902555e-01 0.0000000000000000e+00 1
-6.9451381137684676e-02 -3.3667251278200766e-01 0.0000000000000000e+00 1
1.9828500881152639e-01 2.6493704810323160e-01 0.0000000000000000e+00 1
7.5470661064486244e-02 9.3102140566832095e-02 0.0000000000000000e+00 1
3.0747086938560608e-01 -9.8976706434442410e-02 0.0000000000000000e+00 1
2.2197088143619753e-01 -2.4056220384674424e-03 0.0000000000000000e+00 1
-2.0811239300391304e-02 3.3176483365747848e-02 0.0000000000000000e+00 1
2.1338725481334103e-01 2.7229592964065163e-01 0.0000000000000000e+00 1
2.1748703988603141e-01 -3.2609198847255128e-01 0.0000000000000000e+00 1
1.8240146844017613e-01 2.6820999819079627e-01 0.0000000000000000e+00 1
-2.3084097933999609e-01 -2.0789173632565183e-01 0.0000000000000000e+00 1
-2.2241966327973348e-01 -2.1333048606315691e-01 0.0000000000000000e+00 1
-1.5962462718961079e-01 3.0656691681002080e-01 0.0000000000000000e+00 1
7.5522875788460675e-02 -1.3364159529671732e-02 0.0000000000000000e+00 1
8.5291850513206230e-02 -6.2962501597453271e-02 0.0000000000000000e+00 1
8.4304217544226012e-02 -7.3415762982878344e-02 0.0000000000000000e+00 1
-1.9651506133447236e-01 -2.3378539309645002e-01 0.0000000000000000e+00 1
1.6343070433120233e-01 -3.9620249737121888e-01 0.0000000000000000e+00 1
1.0123758368940103e-01 1.4257191792186397e-01 0.0000000000000000e+00 1
1.0506866898834870e-01 1.5266988473717658e-01 0.0000000000000000e+00 1
4.7550340953769851e-02 1.3626501416965607e-02 0.0000000000000000e+00 1
2.4261161211822113e-01 5.3394090275006634e-02 0.0000000000000000e+00 1
-1.3998420851670085e-01 3.0351159224200419e-01 0.0000000000000000e+00 1
-7.2234816148567402e-02 4.9019168407918715e-02 0.0000000000000000e+00 1
-6.3684333465619983e-02 4.3477968525539430e-02 0.0000000000000000e+00 1
-8.0704741857575424e-02 5.5092761902326343e-02 0.0000000000000000e+00 1
-3.4101048074717466e-01 4.7130389666317156e-02 0.0000000000000000e+00 1
5.5333569012484818e-02 -5.1657321684912508e-02 0.0000000000000000e+00 1
2.3786251751673174e-01 4.4021306072382464e-03 0.0000000000000000e+00 1
1.4803636955879754e-01 -3.5418703728389574e-02 0.0000000000000000e+00 1
1.4059997923002926e-01 -2.9140417373991208e-02 0.0000000000000000e+00 1
1.0020242584124320e-01 1.3370366571155215e-01 0.0000000000000000e+00 1
1.7440878057497439e-01 -4.7526321934542705e-03 0.0000000000000000e+00 1
-3.3154708898889279e-01 5.1947985408343285e-02 0.0000000000000000e+00 1
2.8441231744314462e-02 7.3533765295219738e-02 0.0000000000000000e+00 1
2.2560293001975412e-01 -2.4647989569199402e-01 0.0000000000000000e+00 1
2.3500749122606140e-01 -2.4316506888602063e-01 0.0000000000000000e+00 1
2.3406749655557194e-01 -2.5326050079706286e-01 0.0000000000000000e+00 1
2.4354759875784976e-01 -2.4957697824573435e-01 0.0000000000000000e+00 1
2.4226920829740817e-01 -2.6018098711535026e-01 0.0000000000000000e+00 1
2.5155716742434214e-01 -2.5594611886253682e-01 0.0000000000000000e+00 1
2.5309996123913547e-01 -2.4546682078849763e-01 0.0000000000000000e+00 1
-1.5657802025957324e-01 8.6752982738461340e-02 0.0000000000000000e+00 1
9.5351297972855034e-02 3.9936443760671619e-01 0.0000000000000000e+00 1
-4.0575801578090299e-02 -3.5897908592386729e-01 0.0000000000000000e+00 1
-4.8719799015637416e-02 -3.5131532944784405e-01 0.0000000000000000e+00 1
2.3927886084239011e-01 1.5346760364959931e-02 0.0000000000000000e+00 1
1.0630575079910254e-01 1.7492666626183431e-01 0.0000000000000000e+00 1
1.0810423765283274e-01 1.8594711545452294e-01 0.0000000000000000e+00 1
-8.7912611602317670e-02 -1.0852413384431761e-01 0.0000000000000000e+00 1
-8.0715339432765154e-02 -1.1391496639514423e-01 0.0000000000000000e+00 1
1.3710574572579109e-01 -9.8647669943856445e-02 0.0000000000000000e+00 1
1.3764164462366027e-01 -8.8552569087425176e-02 0.0000000000000000e+00 1
1.3473485159476756e-01 -1.0860472603106315e-01 0.0000000000000000e+00 1
1.8481327123200819e-01 -2.9972315251090020e-01 0.0000000000000000e+00 1
-2.0405433234067583e-01 -2.3749284871204623e-01 0.0000000000000000e+00 1
-2.0310884677702642e-01 -2.2907551588498232e-01 0.0000000000000000e+00 1
-2.1086383300047187e-01 -2.3277593643045902e-01 0.0000000000000000e+00 1
3.1985265758809384e-01 -2.6088563009425299e-02 0.0000000000000000e+00 1
3.1897235760844145e-01 -3.5538350209368942e-02 0.0000000000000000e+00 1
3.2046910944452167e-01 -1.6670785159477106e-02 0.0000000000000000e+00 1
-3.3360598345000009e-01 1.8960055184961924e-01 0.0000000000000000e+00 1
9.2006338564915691e-02 1.9808915021948903e-01 0.0000000000000000e+00 1
-1.7414367648383369e-01 3.1678828483796828e-01 0.0000000000000000e+00 1
-2.7205510306798481e-02 2.0706310543498879e-01 0.0000000000000000e+00 1
4.7973790009755109e-02 4.1356413954069016e-01 0.0000000000000000e+00 1
3.9098467712763887e-02 4.1054312493802503e-01 0.0000000000000000e+00 1
8.2473535550052629e-02 2.0402781629616853e-01 0.0000000000000000e+00 1
7.3537488422554725e-02 2.1022056452649138e-01 0.0000000000000000e+00 1
-9.4879880652418716e-02 -9.4031343081253299e-02 0.0000000000000000e+00 1
2.9496003833146156e-02 8.3928956984681780e-02 0.0000000000000000e+00 1
3.9461275785630912e-02 8.8635221109806678e-02 0.0000000000000000e+00 1
5.3695768796096235e-02 -1.0114018223662939e-03 0.0000000000000000e+00 1
-8.3061275043152000e-02 -1.9348114920052506e-01 0.0000000000000000e+00 1
-8.2160094700706593e-02 -1.8518966244132384e-01 0.0000000000000000e+00 1
1.5688862255951114e-01 -7.8562264649292418e-02 0.0000000000000000e+00 1
9.4008655909805283e-02 4.0880551707306645e-01 0.0000000000000000e+00 1
2.4476265208859524e-01 7.2368741096982742e-02 0.0000000000000000e+00 1
2.7147292120761735e-01 -1.1704269752297568e-02 0.0000000000000000e+00 1
2.2685741936510623e-01 -3.2322768114304812e-01 0.0000000000000000e+00 1
2.1829657857956003e-01 -3.3711757604604448e-01 0.0000000000000000e+00 1
-5.0300749321469967e-02 -2.0679657891607506e-01 0.0000000000000000e+00 1
-1.5759987243042320e-01 1.0838899199133591e-01 0.0000000000000000e+00 1
-1.5859741678796427e-01 1.1911769880744469e-01 0.0000000000000000e+00 1
-6.2789006124864946e-02 -3.4300125623541955e-01 0.0000000000000000e+00 1
8.3864937598675318e-03 -3.8110620097620990e-01 0.0000000000000000e+00 1
6.0211593425281266e-04 -3.7537799952313178e-01 0.0000000000000000e+00 1
1.6395762552188404e-02 -3.8622627141943355e-01 0.0000000000000000e+00 1
2.7755887709633958e-01 1.9832037001167194e-01 0.0000000000000000e+00 1
-8.8787586682742489e-02 -1.1765070958772550e-01 0.0000000000000000e+00 1
-8.1725909992459822e-02 -1.2308258134429836e-01 0.0000000000000000e+00 1
-8.9797881669826676e-02 -1.2680991628352839e-01 0.0000000000000000e+00 1
-8.2771479404318116e-02 -1.3220688747690490e-01 0.0000000000000000e+00 1
-9.0982922254561518e-02 -1.3657202628493920e-01 0.0000000000000000e+00 1
-8.3253726398709246e-02 -1.4210273554480138e-01 0.0000000000000000e+00 1
7.2028508493255650e-02 4.1500349827702321e-01 0.0000000000000000e+00 1
-1.0672752813660272e-01 -3.1580761316003503e-01 0.0000000000000000e+00 1
-4.7139758213017295e-02 -1.8073792204909112e-01 0.0000000000000000e+00 1
-2.1253534584631759e-01 -1.4750442425135921e-01 0.0000000000000000e+00 1
1.5692971551276680e-01 3.7378858266858039e-01 0.0000000000000000e+00 1
8.6236741945243840e-03 4.0227683274673814e-01 0.0000000000000000e+00 1
-7.9670280990497798e-04 3.9849784501637542e-01 0.0000000000000000e+00 1
-1.2932439838176744e-03 3.8929398469790250e-01 0.0000000000000000e+00 1
-1.0273046919364932e-02 3.9473840420315798e-01 0.0000000000000000e+00 1
-1.0811884261766637e-02 3.8526103972468217e-01 0.0000000000000000e+00 1
-1.9099517472279944e-02 3.9158087614079612e-01 0.0000000000000000e+00 1
1.1528680404026942e-01 1.6872545128341923e-01 0.0000000000000000e+00 1
1.3835530158638903e-01 3.3735799479977474e-01 0.0000000000000000e+00 1
2.3041247779822230e-01 -7.4416557275839680e-03 0.0000000000000000e+00 1
2.6947906880538874e-01 -3.0670038394265811e-02 0.0000000000000000e+00 1
2.5823603863095235e-02 -3.0178934016586934e-01 0.0000000000000000e+00 1
2.0220529313312635e-01 -3.0234523085969367e-01 0.0000000000000000e+00 1
8.2038897921532961e-02 -4.0807915483522517e-01 0.0000000000000000e+00 1
7.3822379447996286e-02 -4.0191479113715034e-01 0.0000000000000000e+00 1
7.3697446317218446e-02 -4.0980819401069785e-01 0.0000000000000000e+00 1
-1.3880060841577993e-01 -2.8226870897218392e-01 0.0000000000000000e+00 1
-7.3322350818609161e-02 3.8477868575148053e-02 0.0000000000000000e+00 1
7.7963833194064136e-02 2.3122221651832664e-01 0.0000000000000000e+00 1
7.9719001307198029e-02 2.4135808277105572e-01 0.0000000000000000e+00 1
3.5447066716269383e-02 1.2456531813572175e-01 0.0000000000000000e+00 1
1.7972292896807668e-01 -3.8053960390610186e-01 0.0000000000000000e+00 1
1.8176442615865346e-01 -3.7228234731872600e-01 0.0000000000000000e+00 1
1.7854408504936958e-01 -3.8837826015004462e-01 0.0000000000000000e+00 1
-5.9753591253955143e-02 3.8040661172342821e-01 0.0000000000000000e+00 1
-2.0990973609739355e-01 -2.2417853054769246e-01 0.0000000000000000e+00 1
-2.1738776595270087e-01 -2.2754632877024741e-01 0.0000000000000000e+00 1
-2.0385131968971196e-01 -2.4566601242438704e-01 0.0000000000000000e+00 1
-3.9153095690325879e-02 3.8883273708828514e-01 0.0000000000000000e+00 1
1.8605928664150461e-02 4.0754565564160816e-01 0.0000000000000000e+00 1
-5.2356388874098533e-02 2.0674657847824543e-01 0.0000000000000000e+00 1
2.7249485146662485e-02 6.3486331388266398e-02 0.0000000000000000e+00 1
1.7655696242263257e-02 5.9387556775163955e-02 0.0000000000000000e+00 1
2.6646829133623734e-02 5.4047357608612547e-02 0.0000000000000000e+00 1
-3.0529903415508219e-01 1.9266510501324269e-01 0.0000000000000000e+00 1
-3.0328237373231165e-01 2.0376530194467940e-01 0.0000000000000000e+00 1
-3.1268568743970127e-01 2.0942067485149743e-01 0.0000000000000000e+00 1
-1.0427633462903577e-02 2.4583931196312039e-01 0.0000000000000000e+00 1
1.2850925023866522e-01 3.1060743272761860e-02 0.0000000000000000e+00 1
1.3021879541629197e-01 4.0830716093916086e-02 0.0000000000000000e+00 1
-1.7712140294568313e-01 2.0389685286544762e-01 0.0000000000000000e+00 1
-1.8759547773072113e-01 2.0020598039118123e-01 0.0000000000000000e+00 1
-1.7459445185764677e-01 2.1371557145749223e-01 0.0000000000000000e+00 1
-1.9669798176261291e-01 2.0871956034191658e-01 0.0000000000000000e+00 1
-2.5826752692598121e-01 -1.6823701346399644e-01 0.0000000000000000e+00 1
-2.5032562542773085e-01 -1.7407857041504621e-01 0.0000000000000000e+00 1
-2.6643660119371587e-01 -1.6253297638630354e-01 0.0000000000000000e+00 1
-9.1138717753153659e-02 -2.6198117723854220e-01 0.0000000000000000e+00 1
-9.9639318388940828e-02 -2.6546843716802360e-01 0.0000000000000000e+00 1
-1.8446724811672910e-01 -2.2861573441147356e-01 0.0000000000000000e+00 1
-1.0881492261809819e-01 -7.2979009250346200e-02 0.0000000000000000e+00 1
2.4636233892359166e-01 1.8549891853499295e-01 0.0000000000000000e+00 1
2.3188372636592391e-01 -2.6426406411552583e-01 0.0000000000000000e+00 1
2.4085972725907825e-01 -2.7090086020070103e-01 0.0000000000000000e+00 1
-2.2983931337482102e-01 8.4076079813158025e-02 0.0000000000000000e+00 1
1.7154820975786583e-01 -1.0231966831655789e-01 0.0000000000000000e+00 1
6.6987696798260096e-02 -2.9306773257394658e-01 0.0000000000000000e+00 1
2.4690969727092796e-01 9.1331526668030960e-02 0.0000000000000000e+00 1
-1.7559432710965284e-01 -2.2394537367177220e-01 0.0000000000000000e+00 1
-1.4083154850685750e-01 3.5085790045420326e-02 0.0000000000000000e+00 1
-1.1037676639586538e-01 -8.3278098679411522e-02 0.0000000000000000e+00 1
4.9854354754956524e-02 -1.6185506981754728e-02 0.0000000000000000e+00 1
-1.6459593139878262e-01 2.4136591781979408e-01 0.0000000000000000e+00 1
-9.9444095579482014e-02 1.4697169273280648e-02 0.0000000000000000e+00 1
-8.8708186031365259e-03 -3.7767390137899615e-01 0.0000000000000000e+00 1
-1.4784412960026964e-02 -3.7143871730251299e-01 0.0000000000000000e+00 1
9.4003561567082311e-02 3.8935667759626552e-01 0.0000000000000000e+00 1
2.4674448151017062e-01 2.5529620882518750e-01 0.0000000000000000e+00 1
2.2420752799689758e-01 -2.1088487288786630e-02 0.0000000000000000e+00 1
-9.7834630859501892e-02 -1.4228549031954935e-01 0.0000000000000000e+00 1
-3.6650140005682585e-01 2.9516371539275395e-02 0.0000000000000000e+00 1
-3.7531384219973701e-01 2.6379953485072671e-02 0.0000000000000000e+00 1
-3.8390988390654318e-01 3.2821595236176629e-02 0.0000000000000000e+00 1
-3.5765961816270270e-01 3.3727213265265225e-02 0.0000000000000000e+00 1
-2.1988623600287544e-02 3.7295438586633028e-01 0.0000000000000000e+00 1
-2.7898001099385161e-01 2.4660678813711220e-01 0.0000000000000000e+00 1
-2.6850767125277808e-01 2.5128713324402269e-01 0.0000000000000000e+00 1
-1.4301625363839551e-01 -1.4255424882794154e-01 0.0000000000000000e+00 1
-1.4263002377071965e-01 -1.3352620418174010e-01 0.0000000000000000e+00 1
-1.5061688326414863e-01 -1.2803152639480486e-01 0.0000000000000000e+00 1
-1.4202244458430860e-01 -1.2435120421091136e-01 0.0000000000000000e+00 1
-3.0227681617121005e-01 2.1455743388193216e-01 0.0000000000000000e+00 1
-1.5986173526536179e-01 2.8393909247828784e-02 0.0000000000000000e+00 1
8.2953496754957848e-02 -3.8254769249837778e-01 0.0000000000000000e+00 1
8.3299394663695875e-02 -3.7394890610041098e-01 0.0000000000000000e+00 1
-2.6717613945303670e-01 2.6324878731581747e-01 0.0000000000000000e+00 1
1.5572094566295763e-01 -8.8647975721927397e-02 0.0000000000000000e+00 1
3.0975326563752320e-02 4.1548056699933167e-01 0.0000000000000000e+00 1
3.0311111471096986e-02 4.0588738312564848e-01 0.0000000000000000e+00 1
-2.4476562915311917e-01 -1.8827322639756858e-01 0.0000000000000000e+00 1
1.6850882852960503e-01 6.7156881833560250e-02 0.0000000000000000e+00 1
-3.0752702458316938e-01 -1.0292086481305203e-01 0.0000000000000000e+00 1
-3.1576284001832372e-01 -9.6221092584588636e-02 0.0000000000000000e+00 1
-3.1420414175623101e-01 -8.5560524498702578e-02 0.0000000000000000e+00 1
-3.0771555278749452e-01 -1.1383996854480261e-01 0.0000000000000000e+00 1
1.5097122119549128e-01 -2.0874508133462516e-01 0.0000000000000000e+00 1
2.0537450719018804e-01 -3.8320639115788174e-02 0.0000000000000000e+00 1
-9.6410193900498431e-02 -1.0361623108711711e-01 0.0000000000000000e+00 1
8.6454822626117034e-02 3.9489676175347133e-01 0.0000000000000000e+00 1
-2.1470134990259829e-01 1.4022338038752152e-01 0.0000000000000000e+00 1
1.9132892489975396e-02 3.4025666135901755e-01 0.0000000000000000e+00 1
6.3415508191563144e-03 -3.2783760509843252e-01 0.0000000000000000e+00 1
2.6097697853097124e-01 -2.5074266457064651e-02 0.0000000000000000e+00 1
2.6762151662910399e-01 -4.0473714516951274e-02 0.0000000000000000e+00 1
1.9849841274992314e-02 1.4730270268200982e-01 0.0000000000000000e+00 1
-3.5024137448837284e-01 4.2691089914784888e-02 0.0000000000000000e+00 1
3.1568524942751341e-01 1.1359698008009984e-01 0.0000000000000000e+00 1
9.3538875175712050e-02 2.5034193664821364e-01 0.0000000000000000e+00 1
-1.7887400401669329e-01 9.4692251680240907e-03 0.0000000000000000e+00 1
-1.7851232409685286e-01 -2.5484414803417055e-01 0.0000000000000000e+00 1
-1.7930052836285401e-01 -2.6196612241408118e-01 0.0000000000000000e+00 1
-1.7368471236827746e-01 -2.6650865786253625e-01 0.0000000000000000e+00 1
-1.6654160814528499e-01 -2.6385504660906223e-01 0.0000000000000000e+00 1
-1.6780713915079817e-01 -2.7220554193730734e-01 0.0000000000000000e+00 1
-1.7564392418036048e-01 -2.7307482052605603e-01 0.0000000000000000e+00 1
2.4827144183999131e-01 1.9588480516026191e-01 0.0000000000000000e+00 1
3.4141760116469237e-02 1.1441539748461729e-01 0.0000000000000000e+00 1
-7.8082187841828229e-02 -2.7239696047477630e-01 0.0000000000000000e+00 1
-7.7160879663959653e-02 -2.6390894150950206e-01 0.0000000000000000e+00 1
-6.9222590034823478e-02 -2.6031002924547375e-01 0.0000000000000000e+00 1
-7.5691752043293981e-02 -2.5504018350534524e-01 0.0000000000000000e+00 1
-3.2417743865594628e-01 4.5406098369310928e-02 0.0000000000000000e+00 1
-3.3763356098840208e-02 3.5932714046781095e-01 0.0000000000000000e+00 1
-1.4838242235795182e-01 -2.9264551815269785e-01 0.0000000000000000e+00 1
1.7974902230364390e-01 -1.0789841193471907e-01 0.0000000000000000e+00 1
3.1616130249292340e-01 1.2249609252910892e-01 0.0000000000000000e+00 1
3.2274213656747824e-01 1.0795866088561928e-01 0.0000000000000000e+00 1
-3.7081483979110222e-02 -2.2538635835006179e-01 0.0000000000000000e+00 1
-7.9818828590823870e-02 6.4756304321515190e-02 0.0000000000000000e+00 1
-2.4433427685175185e-01 -1.9761833498880779e-01 0.0000000000000000e+00 1
-5.3600031477459717e-02 -3.4029187890082807e-01 0.0000000000000000e+00 1
-1.3394750491912744e-01 -1.2953630050434145e-01 0.0000000000000000e+00 1
-1.3331846279763140e-01 -1.2038873305625411e-01 0.0000000000000000e+00 1
-1.4077263157865266e-01 -1.1479797831450722e-01 0.0000000000000000e+00 1
3.3197671732371634e-02 -2.5103999249494624e-01 0.0000000000000000e+00 1
4.1739200082182931e-02 -2.4732092125863697e-01 0.0000000000000000e+00 1
-7.5375035008608218e-02 -1.3639774373043945e-01 0.0000000000000000e+00 1
1.3723129797390804e-01 2.5789415166049087e-02 0.0000000000000000e+00 1
-9.1775735729044364e-02 5.1642706347157077e-02 0.0000000000000000e+00 1
-1.0792859806676322e-01 -6.3590583603566800e-02 0.0000000000000000e+00 1
1.4967917449046614e-01 1.3475689726726020e-01 0.0000000000000000e+00 1
1.7370710363951647e-01 2.7239600850651607e-01 0.0000000000000000e+00 1
1.1845157102420101e-01 1.9006565530206032e-01 0.0000000000000000e+00 1
8.4048880959788519e-02 2.1448693785855538e-01 0.0000000000000000e+00 1
-3.7570220064113258e-01 8.6242680063141688e-02 0.0000000000000000e+00 1
-3.8289950203076406e-01 9.1344427026968322e-02 0.0000000000000000e+00 1
-3.9039404802533750e-01 8.7793749277949612e-02 0.0000000000000000e+00 1
-3.8960766811682329e-01 9.6250401933334243e-02 0.0000000000000000e+00 1
-3.8199043973738012e-01 9.9785230013569884e-02 0.0000000000000000e+00 1
-3.8880304456195069e-01 1.0475453378133853e-01 0.0000000000000000e+00 1
-3.8114672348696887e-01 1.0829622675206949e-01 0.0000000000000000e+00 1
-3.7427002591673481e-01 1.0327733597879814e-01 0.0000000000000000e+00 1
-3.7321171544195186e-01 1.1219109788790252e-01 0.0000000000000000e+00 1
-3.8032112203735113e-01 1.1692212833301203e-01 0.0000000000000000e+00 1
-3.7246439201502712e-01 1.2070739904600726e-01 0.0000000000000000e+00 1
-3.7959057767817539e-01 1.2563046152057641e-01 0.0000000000000000e+00 1
-3.7156468851698543e-01 1.2939551966633905e-01 0.0000000000000000e+00 1
-3.6435053099601333e-01 1.2430463631226146e-01 0.0000000000000000e+00 1
-3.6339469362281818e-01 1.3319845643263187e-01 0.0000000000000000e+00 1
-3.5600446564447397e-01 1.2780690505491729e-01 0.0000000000000000e+00 1
-3.5511294752311634e-01 1.3701522645419748e-01 0.0000000000000000e+00 1
-3.6260832837477952e-01 1.4238908726962088e-01 0.0000000000000000e+00 1
-3.5426188098401290e-01 1.4633555058581427e-01 0.0000000000000000e+00 1
-3.5698587023784417e-01 1.1911918528912505e-01 0.0000000000000000e+00 1
-3.6173547643063142e-01 1.5150452162092465e-01 0.0000000000000000e+00 1
-3.5333372518020412e-01 1.5574902974133753e-01 0.0000000000000000e+00 1
-3.6246580288093105e-01 1.6134213538080819e-01 0.0000000000000000e+00 1
-3.5267305524190773e-01 1.6475426526641967e-01 0.0000000000000000e+00 1
-3.7898703302251280e-01 1.3429133157886708e-01 0.0000000000000000e+00 1
-3.7006555527943918e-01 1.4740313664981577e-01 0.0000000000000000e+00 1
-3.9734608445649583e-01 9.1954313379580460e-02 0.0000000000000000e+00 1
-3.4618690297512161e-01 1.4078129204001522e-01 0.0000000000000000e+00 1
-3.4844816116337135e-01 1.2274962453320104e-01 0.0000000000000000e+00 1
-3.4911918415150467e-01 1.1401760378275146e-01 0.0000000000000000e+00 1
-3.4480531754546462e-01 1.5841894162338743e-01 0.0000000000000000e+00 1
-3.8690091010429734e-01 1.3070798152865282e-01 0.0000000000000000e+00 1
-2.2155021664917451e-01 1.3724125816539562e-02 0.0000000000000000e+00 1
-2.2017230895021703e-01 2.3540031320375732e-02 0.0000000000000000e+00 1
1.6730494140916635e-01 -3.7047925080898342e-01 0.0000000000000000e+00 1
-9.9019809380161847e-02 6.6181616028547302e-02 0.0000000000000000e+00 1
-2.2528489741280622e-01 1.2527485854681686e-01 0.0000000000000000e+00 1
-2.3489171019628707e-01 1.2096650301210082e-01 0.0000000000000000e+00 1
-2.3595092449904012e-01 1.1064957484055156e-01 0.0000000000000000e+00 1
-6.9555533681230630e-02 7.9089133050813679e-02 0.0000000000000000e+00 1
-2.8023414721699225e-01 4.5665189512388862e-02 0.0000000000000000e+00 1
1.6361545855662729e-01 -9.5555899628281871e-02 0.0000000000000000e+00 1
2.0952795669790072e-01 -2.1379328289102531e-01 0.0000000000000000e+00 1
2.0002081463609719e-01 -2.1333471848750812e-01 0.0000000000000000e+00 1
3.6790995328704634e-03 -6.9144225447096391e-02 0.0000000000000000e+00 1
-3.2554904928974399e-01 3.5151716430521923e-02 0.0000000000000000e+00 1
-2.3415791265280661e-01 -2.0978530757822432e-02 0.0000000000000000e+00 1
-6.1195989263755315e-02 2.1313242933616541e-01 0.0000000000000000e+00 1
2.0495277696431075e-01 -4.8503054962819744e-02 0.0000000000000000e+00 1
7.7563783082226292e-02 3.9111990218546622e-01 0.0000000000000000e+00 1
9.2481684607617076e-02 3.8019869974993925e-01 0.0000000000000000e+00 1
2.2376016573263963e-01 -3.0709369866932214e-02 0.0000000000000000e+00 1
-1.6040849222225514e-01 -2.6852816163810872e-01 0.0000000000000000e+00 1
-1.0606516387639110e-01 8.2511725920086834e-02 0.0000000000000000e+00 1
1.2549882707264040e-01 3.8606571278639967e-01 0.0000000000000000e+00 1
1.2596119889612781e-01 3.9471355403016206e-01 0.0000000000000000e+00 1
1.1864174650419240e-01 3.9965355634445010e-01 0.0000000000000000e+00 1
-2.6134465245701947e-02 2.7000279220133994e-01 0.0000000000000000e+00 1
-3.0645081914500699e-01 1.8159088803807916e-01 0.0000000000000000e+00 1
-2.9845254180779007e-01 1.7364265215219793e-01 0.0000000000000000e+00 1
-3.0206118597963394e-01 1.6387178922437334e-01 0.0000000000000000e+00 1
-2.9255611389074199e-01 1.6619205394414455e-01 0.0000000000000000e+00 1
-2.8776754023670892e-01 1.7769801736626992e-01 0.0000000000000000e+00 1
-2.1977668918830084e-01 -1.4079897686478593e-01 0.0000000000000000e+00 1
-2.7358285067149758e-02 2.5905833754692831e-01 0.0000000000000000e+00 1
1.5152611951905964e-01 -3.7692924732299515e-01 0.0000000000000000e+00 1
1.5198586071209655e-01 1.5509327129396636e-01 0.0000000000000000e+00 1
2.5801091691533129e-01 -4.4590200049721022e-02 0.0000000000000000e+00 1
2.5676971691496897e-01 -5.4411743594060431e-02 0.0000000000000000e+00 1
2.6612579972840578e-01 -5.0309578595981869e-02 0.0000000000000000e+00 1
2.6499665714901322e-01 -6.0225593355995172e-02 0.0000000000000000e+00 1
2.5567217690780186e-01 -6.4383034945429268e-02 0.0000000000000000e+00 1
-1.1981358351927246e-01 -8.7344475722997097e-02 0.0000000000000000e+00 1
7.9788345553592405e-02 4.1806634295868927e-01 0.0000000000000000e+00 1
6.4706782743946034e-02 4.1991449775030076e-01 0.0000000000000000e+00 1
-2.6342837365585570e-01 -4.3696252630440399e-02 0.0000000000000000e+00 1
1.5565980535540458e-01 -2.9917251070258088e-01 0.0000000000000000e+00 1
7.0242158514183944e-02 2.4757100599813414e-01 0.0000000000000000e+00 1
2.2087633202753812e-01 -2.0904576937474434e-01 0.0000000000000000e+00 1
6.3763310218514835e-02 4.1118336476478345e-01 0.0000000000000000e+00 1
-1.2433231897317956e-01 -1.1641109964737373e-01 0.0000000000000000e+00 1
1.4102682876274228e-01 -4.0382664323642703e-01 0.0000000000000000e+00 1
1.3371997106957190e-01 -4.0687911390494025e-01 0.0000000000000000e+00 1
1.2711673797855841e-01 -4.0261267733215755e-01 0.0000000000000000e+00 1
1.2647080472994598e-01 -4.1185463852219045e-01 0.0000000000000000e+00 1
1.7432273085541375e-01 1.1676548387246802e-01 0.0000000000000000e+00 1
-3.9154350634023127e-01 7.8932256037369780e-02 0.0000000000000000e+00 1
-2.4133356364613262e-01 -1.6952490367658996e-01 0.0000000000000000e+00 1
1.2433764970401293e-01 3.7678527614155766e-01 0.0000000000000000e+00 1
3.1875147335634846e-01 5.9325181891966325e-02 0.0000000000000000e+00 1
3.2613268365880588e-01 6.2848836305834002e-02 0.0000000000000000e+00 1
3.2650720376649822e-01 7.0937609106102223e-02 0.0000000000000000e+00 1
3.2537517472625788e-01 5.4694066893792900e-02 0.0000000000000000e+00 1
3.2481441004025824e-01 4.6479227761033637e-02 0.0000000000000000e+00 1
3.1746268290951568e-01 4.2680069385479587e-02 0.0000000000000000e+00 1
3.2444372761364926e-01 3.7933044817610020e-02 0.0000000000000000e+00 1
3.1671287078427068e-01 3.3864864170611075e-02 0.0000000000000000e+00 1
3.2380088701187482e-01 2.8692122884774914e-02 0.0000000000000000e+00 1
3.2290379486396342e-01 1.9938252492288977e-02 0.0000000000000000e+00 1
3.3137575674027531e-01 2.2872235026975038e-02 0.0000000000000000e+00 1
3.3230033458364899e-01 3.3142935095624854e-02 0.0000000000000000e+00 1
3.2023378459645030e-01 7.5890984446869217e-02 0.0000000000000000e+00 1
3.2798164500972038e-01 7.9304832309613854e-02 0.0000000000000000e+00 1
-1.9697234859897789e-01 -2.5862312867707732e-01 0.0000000000000000e+00 1
9.9958456076014016e-02 3.7471931706309114e-01 0.0000000000000000e+00 1
2.8075048840909755e-01 -8.6248571193246991e-03 0.0000000000000000e+00 1
1.8701385167199117e-01 -2.7956880604507905e-01 0.0000000000000000e+00 1
1.7777276722470417e-01 -2.8342523723652702e-01 0.0000000000000000e+00 1
-3.2445122742975080e-01 2.0587012925816536e-01 0.0000000000000000e+00 1
-9.8605644725310429e-02 -1.2243049526663270e-01 0.0000000000000000e+00 1
-2.8295717452831226e-01 1.1179790683237457e-01 0.0000000000000000e+00 1
-2.8396798033741710e-01 1.0181279273907440e-01 0.0000000000000000e+00 1
-2.9305025004529101e-01 9.7550149505027522e-02 0.0000000000000000e+00 1
2.7306426076743517e-01 -1.8550119547901436e-03 0.0000000000000000e+00 1
2.8051798747786499e-01 5.1078274283861084e-03 0.0000000000000000e+00 1
2.7804693164196354e-01 1.3063745246995658e-02 0.0000000000000000e+00 1
2.8538972841134580e-01 1.1039933425372562e-02 0.0000000000000000e+00 1
2.1177642313799139e-01 -2.9908377120472518e-01 0.0000000000000000e+00 1
2.2126642283890086e-01 -2.9532274122183871e-01 0.0000000000000000e+00 1
2.2911589129332161e-01 -3.0212716118898031e-01 0.0000000000000000e+00 1
2.3084074286556003e-01 -2.9160371543832542e-01 0.0000000000000000e+00 1
-2.9637939005390862e-01 1.5520955185966123e-01 0.0000000000000000e+00 1
-1.0295430589045364e-01 -8.9263212550415888e-02 0.0000000000000000e+00 1
3.1761933375227014e-01 -6.5364691043982140e-02 0.0000000000000000e+00 1
7.5549439882698199e-03 -3.9126750494557649e-01 0.0000000000000000e+00 1
-1.1338194406504984e-01 -2.8935155156941894e-02 0.0000000000000000e+00 1
-6.7590020576662746e-02 -2.5160370814250688e-01 0.0000000000000000e+00 1
1.3614857011138271e-01 -1.8735456806686712e-01 0.0000000000000000e+00 1
1.2811196885740986e-01 -1.8144151324120361e-01 0.0000000000000000e+00 1
9.4258633456552332e-02 4.1675638859158420e-01 0.0000000000000000e+00 1
-3.6644150819328147e-01 9.8720609587268207e-02 0.0000000000000000e+00 1
-4.0064129994501846e-01 7.6804332614466092e-02 0.0000000000000000e+00 1
-1.6777815925780240e-01 -2.8653226505246321e-01 0.0000000000000000e+00 1
-1.6686604450085948e-01 -2.7947569337615491e-01 0.0000000000000000e+00 1
2.8934786674315649e-01 -8.8042160595868113e-02 0.0000000000000000e+00 1
1.2379950681782750e-01 -3.6432935386526727e-01 0.0000000000000000e+00 1
1.1591245658376931e-01 -3.6770835522112560e-01 0.0000000000000000e+00 1
1.0864399915002630e-01 -3.6256913952957909e-01 0.0000000000000000e+00 1
-4.9585580816830684e-02 -3.6144526944182664e-01 0.0000000000000000e+00 1
4.1082132638451396e-02 9.8459179609424588e-02 0.0000000000000000e+00 1
2.0847720596194153e-01 3.8409589699663939e-02 0.0000000000000000e+00 1
-1.3938966630393707e-01 -1.0493482118894462e-01 0.0000000000000000e+00 1
2.3807001476492606e-01 2.7186948714344961e-01 0.0000000000000000e+00 1
2.3089198328951305e-01 2.7900729920878919e-01 0.0000000000000000e+00 1
2.3148114168982903e-01 2.8896489708712009e-01 0.0000000000000000e+00 1
2.2249613571330457e-01 2.9285277306858304e-01 0.0000000000000000e+00 1
2.1964216404992021e-01 3.0148486802972863e-01 0.0000000000000000e+00 1
-1.0534572669609196e-01 -3.4848206881018431e-02 0.0000000000000000e+00 1
-1.0653876356227668e-01 -4.4562261485373143e-02 0.0000000000000000e+00 1
-1.6225316038767440e-01 1.6950455463404440e-01 0.0000000000000000e+00 1
-1.0616395061792346e-01 -3.3055079981774060e-01 0.0000000000000000e+00 1
-1.2134037356212074e-01 -3.2006669117738362e-01 0.0000000000000000e+00 1
3.6333609578253739e-02 3.3895243233174865e-01 0.0000000000000000e+00 1
4.4247746426976070e-02 3.3313684727807408e-01 0.0000000000000000e+00 1
-2.5033558229391484e-01 2.7120157701360514e-01 0.0000000000000000e+00 1
1.2797520863340311e-01 -3.9452238066709838e-01 0.0000000000000000e+00 1
2.4811800165883763e-01 1.0097849509989054e-01 0.0000000000000000e+00 1
-3.0685889586794751e-01 1.2874918070259089e-01 0.0000000000000000e+00 1
-3.0657742098960361e-01 1.4009373538798048e-01 0.0000000000000000e+00 1
1.1849824009518587e-03 3.4246251316783027e-01 0.0000000000000000e+00 1
3.1292855628487259e-01 -1.1282917563197176e-02 0.0000000000000000e+00 1
3.2099585802748348e-01 -7.3120166291288863e-03 0.0000000000000000e+00 1
-3.3548209071269552e-01 8.6544747597784688e-02 0.0000000000000000e+00 1
-1.4298819192210213e-01 -3.0550639937635471e-01 0.0000000000000000e+00 1
-1.5405380560958809e-01 -2.2328619275396466e-01 0.0000000000000000e+00 1
-1.4724964812842878e-01 -2.2842159001035489e-01 0.0000000000000000e+00 1
-1.3970007788033065e-01 -2.2507097401565279e-01 0.0000000000000000e+00 1
-1.4063767247529499e-01 -2.3339019727057311e-01 0.0000000000000000e+00 1
-1.3301385763123061e-01 -2.3006329526304375e-01 0.0000000000000000e+00 1
-1.3204517278280323e-01 -2.2173661705875641e-01 0.0000000000000000e+00 1
-1.2536403231537394e-01 -2.2676228282478575e-01 0.0000000000000000e+00 1
-1.3408136743728266e-01 -2.3810220591466896e-01 0.0000000000000000e+00 1
-1.4829064120209423e-01 -2.3644588179231557e-01 0.0000000000000000e+00 1
-1.2436436961142089e-01 -2.1846558432431351e-01 0.0000000000000000e+00 1
-1.1769513521398778e-01 -2.2350951663685648e-01 0.0000000000000000e+00 1
-1.1883866631993419e-01 -2.3141193505117330e-01 0.0000000000000000e+00 1
-1.1135615191606525e-01 -2.2824268811132514e-01 0.0000000000000000e+00 1
-1.1008922662907772e-01 -2.2020219159907098e-01 0.0000000000000000e+00 1
-1.0405167409324434e-01 -2.2483901155072267e-01 0.0000000000000000e+00 1
-1.0247985865451745e-01 -2.1692119420636491e-01 0.0000000000000000e+00 1
-9.6510127078285879e-02 -2.2159311255159320e-01 0.0000000000000000e+00 1
-9.4823400539512173e-02 -2.1364053182868384e-01 0.0000000000000000e+00 1
-8.8182598230199638e-02 -2.1885450123244871e-01 0.0000000000000000e+00 1
-8.7357697040893981e-02 -2.0964287373082338e-01 0.0000000000000000e+00 1
-1.1255182893549727e-01 -2.3664637277047285e-01 0.0000000000000000e+00 1
-9.2954887190025773e-02 -2.0467795469123354e-01 0.0000000000000000e+00 1
-1.0900646859335414e-01 -2.1188515653758988e-01 0.0000000000000000e+00 1
-1.2436991006676262e-01 -2.7614202330748155e-01 0.0000000000000000e+00 1
-7.0905256106897241e-02 -2.7755478891088253e-01 0.0000000000000000e+00 1
1.4844202945455520e-01 3.4180009931932454e-01 0.0000000000000000e+00 1
1.3776251763777117e-01 3.2752110149716984e-01 0.0000000000000000e+00 1
-2.9360986411318418e-01 8.6993770994202968e-02 0.0000000000000000e+00 1
-1.6820461036919115e-01 -2.1308007563826870e-01 0.0000000000000000e+00 1
-7.3828600856118073e-02 -1.1849902679974512e-01 0.0000000000000000e+00 1
5.7335572260866340e-03 -4.9990896546497389e-02 0.0000000000000000e+00 1
4.1025256339410586e-02 3.7880900655160160e-01 0.0000000000000000e+00 1
5.0334904443137984e-02 3.8231443018045996e-01 0.0000000000000000e+00 1
-1.4161360029204184e-01 -2.4134767193272488e-01 0.0000000000000000e+00 1
-1.4957354163014858e-01 -2.4396045569714214e-01 0.0000000000000000e+00 1
3.6036502058696317e-02 4.8505078579171947e-02 0.0000000000000000e+00 1
2.4596159323228634e-01 8.2020121926387565e-02 0.0000000000000000e+00 1
-2.7547661313691113e-01 9.5681208969889270e-02 0.0000000000000000e+00 1
-1.6907410298430992e-01 -7.0914955759640214e-02 0.0000000000000000e+00 1
-2.1549530706089148e-01 -1.6689880574073715e-01 0.0000000000000000e+00 1
-1.5722592828395998e-01 -1.8349660786957050e-01 0.0000000000000000e+00 1
-1.4933573798330474e-01 -1.8032757187846077e-01 0.0000000000000000e+00 1
-1.4757346278039238e-01 -1.7155250008270298e-01 0.0000000000000000e+00 1
5.7016226182906929e-02 3.6623010381900195e-01 0.0000000000000000e+00 1
-2.1151768885166389e-01 -6.0508441248514178e-02 0.0000000000000000e+00 1
1.0565547665740962e-01 1.6434282626980354e-01 0.0000000000000000e+00 1
-6.6311647498215470e-03 -2.5121697219957423e-01 0.0000000000000000e+00 1
-7.7101977527936323e-03 -2.6040913674421379e-01 0.0000000000000000e+00 1
-8.4475024245786944e-04 -2.6581079858394818e-01 0.0000000000000000e+00 1
-8.7348881210857557e-03 -2.6931007549230290e-01 0.0000000000000000e+00 1
-1.6076550689363506e-02 -2.6402277639795435e-01 0.0000000000000000e+00 1
-1.7219640200579027e-02 -2.7237660925824209e-01 0.0000000000000000e+00 1
-2.4400140859366613e-02 -2.6752517524897357e-01 0.0000000000000000e+00 1
-2.5669125579083091e-02 -2.7598033931373583e-01 0.0000000000000000e+00 1
-2.3304094958975737e-02 -2.5842803018509108e-01 0.0000000000000000e+00 1
-3.2472194314597948e-02 -2.7111420943124559e-01 0.0000000000000000e+00 1
-3.3466057091373437e-02 -2.7985199631482860e-01 0.0000000000000000e+00 1
-2.6692025213732894e-02 -2.8567033924042595e-01 0.0000000000000000e+00 1
-2.6187677604712222e-03 -2.7428832884265886e-01 0.0000000000000000e+00 1
-4.7380926162146515e-02 2.5003680276616436e-01 0.0000000000000000e+00 1
1.1251269070553885e-01 -4.0135723461465928e-01 0.0000000000000000e+00 1
1.1209278613158405e-01 -4.0901318187936175e-01 0.0000000000000000e+00 1
1.1968422797912598e-01 -4.0607858830545279e-01 0.0000000000000000e+00 1
-3.1227772370644979e-01 6.9036762470736868e-02 0.0000000000000000e+00 1
9.7216061817729481e-03 3.3582634259055805e-01 0.0000000000000000e+00 1
-1.0213550130138306e-01 -2.8257123896448927e-01 0.0000000000000000e+00 1
-1.0097235864416357e-01 -2.7418540067909419e-01 0.0000000000000000e+00 1
-1.5115794970130025e-01 -6.3455888880411399e-02 0.0000000000000000e+00 1
-2.2634478225667186e-02 -3.6834453875482298e-01 0.0000000000000000e+00 1
1.0077800422859007e-01 -2.8757020968986291e-01 0.0000000000000000e+00 1
2.7207860868748424e-01 2.5664329530276715e-02 0.0000000000000000e+00 1
2.8010621489654286e-01 2.9552219988868637e-02 0.0000000000000000e+00 1
2.8170300172889240e-01 3.8352797114263322e-02 0.0000000000000000e+00 1
2.8906785407841851e-01 3.3048561740903322e-02 0.0000000000000000e+00 1
-1.5334080045913612e-01 1.6228926050605141e-01 0.0000000000000000e+00 1
-1.6359175661430186e-01 1.5820806549875110e-01 0.0000000000000000e+00 1
-1.5459944447433555e-01 1.5146185286539970e-01 0.0000000000000000e+00 1
-1.6477024475439955e-01 1.4739850658934345e-01 0.0000000000000000e+00 1
-1.5555865801019247e-01 1.4075247720626183e-01 0.0000000000000000e+00 1
-1.6632692626900206e-01 1.3647932311773650e-01 0.0000000000000000e+00 1
1.5533582815631608e-01 -3.9802510060992236e-01 0.0000000000000000e+00 1
-1.3414360935897296e-02 -3.5374969304055082e-01 0.0000000000000000e+00 1
-1.1726172964483694e-01 -6.7893451727597171e-02 0.0000000000000000e+00 1
-3.6833955869221613e-01 8.1053176879127983e-02 0.0000000000000000e+00 1
-1.4981159169275546e-02 -2.5493201165173085e-01 0.0000000000000000e+00 1
-2.2024450480694617e-02 -2.4912972240802672e-01 0.0000000000000000e+00 1
2.8208375572849764e-01 1.0751593803916526e-01 0.0000000000000000e+00 1
2.8095697674989584e-01 9.8143852276191074e-02 0.0000000000000000e+00 1
2.8771970464928742e-01 9.2526689971132239e-02 0.0000000000000000e+00 1
2.8647050722091821e-01 8.3435282394997784e-02 0.0000000000000000e+00 1
-3.1477136882991164e-01 4.9481242175052911e-02 0.0000000000000000e+00 1
3.1368460694658662e-01 -2.0740155007061608e-03 0.0000000000000000e+00 1
3.2194101077921428e-01 1.8723422011250285e-03 0.0000000000000000e+00 1
3.2226156655932559e-01 1.1008093059033575e-02 0.0000000000000000e+00 1
3.3026816471516363e-01 5.9243191002414305e-03 0.0000000000000000e+00 1
3.2871748619876129e-01 -4.1822216290760680e-03 0.0000000000000000e+00 1
6.9663896070903231e-02 3.3508341357523014e-01 0.0000000000000000e+00 1
6.1830422171039193e-02 3.4101727716144592e-01 0.0000000000000000e+00 1
7.0819332744703242e-02 3.4481372631697932e-01 0.0000000000000000e+00 1
1.0799292503196910e-02 -1.4814384177785373e-03 0.0000000000000000e+00 1
-7.0286522516263605e-02 2.1917979597433909e-01 0.0000000000000000e+00 1
-7.9069457851167452e-02 2.2572781755852411e-01 0.0000000000000000e+00 1
-1.9811185467854525e-01 -2.1939740039512182e-01 0.0000000000000000e+00 1
3.2840911109540172e-01 -5.0076273543609780e-02 0.0000000000000000e+00 1
3.1884663279536757e-01 -5.4365710010857805e-02 0.0000000000000000e+00 1
2.1616977691164000e-02 2.8140850562571046e-01 0.0000000000000000e+00 1
3.1000015969816316e-02 2.8706038204218071e-01 0.0000000000000000e+00 1
-2.1719699799587444e-01 -1.1153562339175696e-01 0.0000000000000000e+00 1
-8.9631281502129928e-02 -3.4033045862298994e-01 0.0000000000000000e+00 1
-8.1896301493800394e-02 -3.3549957741192138e-01 0.0000000000000000e+00 1
-3.1354337239760867e-02 -2.6171609037546018e-01 0.0000000000000000e+00 1
-3.9081057447035092e-02 -2.6483064058622852e-01 0.0000000000000000e+00 1
2.4378525325665648e-01 6.3076951451884328e-02 0.0000000000000000e+00 1
3.2885571241256262e-01 -3.9029896737776529e-02 0.0000000000000000e+00 1
-7.1602996546451081e-02 -3.4540222744201327e-01 0.0000000000000000e+00 1
-4.0949680072144938e-02 -1.9446620660477387e-01 0.0000000000000000e+00 1
2.7446477387631396e-01 -5.6116198716097167e-02 0.0000000000000000e+00 1
3.7608642117916584e-02 6.8433113815496605e-02 0.0000000000000000e+00 1
-1.5830790428272876e-01 -1.9245746960276550e-01 0.0000000000000000e+00 1
-3.2009681440972720e-01 7.5025691277523079e-02 0.0000000000000000e+00 1
1.0440727415035722e-01 3.4097910855794844e-01 0.0000000000000000e+00 1
1.1215917393499700e-01 3.3528563215620832e-01 0.0000000000000000e+00 1
-2.4386639300447177e-01 1.2735159492414563e-01 0.0000000000000000e+00 1
6.2865002936149383e-02 3.5070857428250785e-01 0.0000000000000000e+00 1
7.2140034845852311e-02 3.5435828160647947e-01 0.0000000000000000e+00 1
-2.3142620003953102e-01 -7.8967172798809632e-02 0.0000000000000000e+00 1
-1.5230361632794184e-01 -1.5678361162259341e-01 0.0000000000000000e+00 1
-2.6148810372072084e-01 -1.8535932705526542e-01 0.0000000000000000e+00 1
-1.6586319594800605e-01 -1.1635283550894157e-01 0.0000000000000000e+00 1
-1.6699246664408313e-01 -1.2601638887326133e-01 0.0000000000000000e+00 1
2.2004021061428994e-01 -7.0455345991752252e-02 0.0000000000000000e+00 1
2.6196452649635582e-01 -1.5553467538868194e-02 0.0000000000000000e+00 1
-2.6997851307107912e-02 -3.1524326833768840e-01 0.0000000000000000e+00 1
-3.5008968618220837e-02 -3.1097206754701290e-01 0.0000000000000000e+00 1
-2.4581012748106046e-01 -4.5669577295165700e-02 0.0000000000000000e+00 1
1.0728367660868890e-02 3.4661995479586821e-01 0.0000000000000000e+00 1
-2.0172252706517879e-01 8.5553906848715805e-02 0.0000000000000000e+00 1
-2.0286630327989530e-01 7.5314864848805813e-02 0.0000000000000000e+00 1
-2.1314517024372753e-01 7.1799580561000498e-02 0.0000000000000000e+00 1
2.1065782963281832e-01 -7.4458415883201554e-02 0.0000000000000000e+00 1
-3.1727335996294287e-01 2.9262165997759777e-02 0.0000000000000000e+00 1
6.5004745063738115e-02 -3.9067137594127949e-01 0.0000000000000000e+00 1
5.7118046506407963e-02 -3.9432378366484000e-01 0.0000000000000000e+00 1
4.9601556420008609e-02 -3.8911899359666463e-01 0.0000000000000000e+00 1
6.4585291558984861e-02 -3.9988811428661869e-01 0.0000000000000000e+00 1
-1.2040894231084216e-01 -3.0540528174020493e-01 0.0000000000000000e+00 1
1.8220772526322573e-01 -1.0895252591209964e-02 0.0000000000000000e+00 1
-1.6121523586053446e-01 -7.7231596934645347e-02 0.0000000000000000e+00 1
1.0852789285963341e-01 -2.9333085329248132e-01 0.0000000000000000e+00 1
-1.7938540066576519e-01 -8.4952621012979360e-02 0.0000000000000000e+00 1
-1.7027500055114880e-01 -8.1023223030853159e-02 0.0000000000000000e+00 1
2.4993476283176508e-01 1.2004973027295535e-01 0.0000000000000000e+00 1
-3.7101445294029957e-02 4.5169746735397184e-02 0.0000000000000000e+00 1
-3.8352708285740292e-02 3.5238496547064450e-02 0.0000000000000000e+00 1
9.1675184254629852e-02 -7.8804564890302159e-02 0.0000000000000000e+00 1
2.2684605847454506e-01 1.7736272225546743e-01 0.0000000000000000e+00 1
2.3655766693521285e-01 1.6982379913807921e-01 0.0000000000000000e+00 1
2.1699367959904303e-01 1.7343821735775658e-01 0.0000000000000000e+00 1
1.9676445593242380e-02 -2.6897701323404344e-01 0.0000000000000000e+00 1
2.8310005984148623e-02 -2.6531725331055206e-01 0.0000000000000000e+00 1
1.4928552148839308e-01 3.7959126421660738e-01 0.0000000000000000e+00 1
1.4908148393302861e-01 3.8899545100983351e-01 0.0000000000000000e+00 1
-3.0782828488177406e-02 -1.6396368709940956e-01 0.0000000000000000e+00 1
-3.7824860084904308e-02 -1.5821130535327066e-01 0.0000000000000000e+00 1
-3.7662309570622922e-02 -1.4977455218887004e-01 0.0000000000000000e+00 1
-4.5907856730494585e-02 -1.5355881322269571e-01 0.0000000000000000e+00 1
-3.9241768608751094e-02 -1.6730989656919831e-01 0.0000000000000000e+00 1
-2.6810751359837109e-01 1.6770922532763125e-01 0.0000000000000000e+00 1
-2.7719973325937391e-01 1.6299431138202142e-01 0.0000000000000000e+00 1
2.7460355676961001e-01 4.3660289027320588e-02 0.0000000000000000e+00 1
2.8245736748569539e-01 4.7242601732070941e-02 0.0000000000000000e+00 1
2.7556619832326223e-01 5.2605729140531861e-02 0.0000000000000000e+00 1
2.8343751756671343e-01 5.6151458753192496e-02 0.0000000000000000e+00 1
2.8461242550856369e-01 6.5020950885031598e-02 0.0000000000000000e+00 1
2.9141213653690839e-01 5.8980203833562068e-02 0.0000000000000000e+00 1
2.7786739494141521e-01 7.0533054958836841e-02 0.0000000000000000e+00 1
2.8522535018616074e-01 7.4317826450393198e-02 0.0000000000000000e+00 1
1.5293472872182454e-01 1.6524904091028997e-01 0.0000000000000000e+00 1
-2.2104129548515589e-01 1.6797622193986228e-01 0.0000000000000000e+00 1
-2.9085448365354379e-02 -1.4586435791656172e-01 0.0000000000000000e+00 1
-3.6656128840387034e-02 -1.4072473675873165e-01 0.0000000000000000e+00 1
1.2822539655119164e-01 -1.0133789895379050e-01 0.0000000000000000e+00 1
1.3307054870901741e-01 -1.2018184264845452e-01 0.0000000000000000e+00 1
-1.1244621685409080e-01 -1.6309421602550983e-01 0.0000000000000000e+00 1
-1.2077331740314981e-01 -1.6676835959472783e-01 0.0000000000000000e+00 1
-1.2174107515536610e-01 -1.7582430000480018e-01 0.0000000000000000e+00 1
-4.3835623091141598e-02 3.5569095859777727e-01 0.0000000000000000e+00 1
-4.5108824212556672e-02 3.4485112932491946e-01 0.0000000000000000e+00 1
-5.5259179254537494e-02 3.4039533580341708e-01 0.0000000000000000e+00 1
-5.6562127238496553e-02 3.2925777238955162e-01 0.0000000000000000e+00 1
-6.7083556475867348e-02 3.2467373936332888e-01 0.0000000000000000e+00 1
-3.7888937156464891e-01 5.9453150063244864e-02 0.0000000000000000e+00 1
-3.8699849912110268e-01 5.6028142512440017e-02 0.0000000000000000e+00 1
-3.8833939142431795e-01 4.7501380737724974e-02 0.0000000000000000e+00 1
-3.8137172322541235e-01 4.1815743068206991e-02 0.0000000000000000e+00 1
-4.6259508628501735e-02 3.3379213123040896e-01 0.0000000000000000e+00 1
-3.6619641572052518e-02 3.3749319943316514e-01 0.0000000000000000e+00 1
-2.2205616425532249e-01 -7.4996147428128837e-02 0.0000000000000000e+00 1
-2.4002325027581919e-01 -1.5983874904456633e-01 0.0000000000000000e+00 1
9.2183731953211570e-02 -1.4448654480496947e-01 0.0000000000000000e+00 1
8.4566861254182196e-02 -1.3853170247884578e-01 0.0000000000000000e+00 1
8.5545131565253729e-02 -1.2886702706803466e-01 0.0000000000000000e+00 1
7.7552032540087579e-02 -1.3311553805622983e-01 0.0000000000000000e+00 1
8.3757287302925670e-02 -1.4826939956680751e-01 0.0000000000000000e+00 1
8.2676345646797988e-02 -1.5797746060636073e-01 0.0000000000000000e+00 1
-4.4601226098763769e-02 -3.2380744843266868e-01 0.0000000000000000e+00 1
-2.0354789431743275e-01 1.5511856338652247e-01 0.0000000000000000e+00 1
1.3741307159971791e-01 -2.5251423531420936e-01 0.0000000000000000e+00 1
1.2836251391664319e-01 -2.5631652706261498e-01 0.0000000000000000e+00 1
1.2069833203139896e-01 -2.5067999629369819e-01 0.0000000000000000e+00 1
1.3643174408352127e-01 -2.6241614875884678e-01 0.0000000000000000e+00 1
1.2768751298014430e-01 -2.6636480109014893e-01 0.0000000000000000e+00 1
1.2184071095243004e-01 -2.4109323922508766e-01 0.0000000000000000e+00 1
1.3171658067141584e-01 -3.2688993042159831e-02 0.0000000000000000e+00 1
-2.0862234891683762e-01 -1.1708380991672174e-01 0.0000000000000000e+00 1
7.5969437754721661e-02 -3.6873602810461359e-01 0.0000000000000000e+00 1
8.4355396373490710e-02 -3.6511599780007742e-01 0.0000000000000000e+00 1
9.1541799125508333e-02 -3.7027471797582062e-01 0.0000000000000000e+00 1
1.0006026301560067e-01 -3.6657141818608835e-01 0.0000000000000000e+00 1
9.9481288648803901e-02 -3.7495929771993719e-01 0.0000000000000000e+00 1
8.9992884268736598e-02 -1.6408678785355213e-01 0.0000000000000000e+00 1
8.1610097081720179e-02 -1.6780616313140831e-01 0.0000000000000000e+00 1
8.8885647232231468e-02 -1.7384251607733719e-01 0.0000000000000000e+00 1
8.0264310772672307e-02 -1.7770962441922225e-01 0.0000000000000000e+00 1
7.8922952330883867e-02 -1.8714818957538473e-01 0.0000000000000000e+00 1
7.2489175830607822e-02 -1.8107296532143205e-01 0.0000000000000000e+00 1
8.6428742747233625e-02 -1.9323297487659633e-01 0.0000000000000000e+00 1
7.7762241186013797e-02 -1.9652641898699652e-01 0.0000000000000000e+00 1
8.5636368211361363e-02 -2.0238043514863824e-01 0.0000000000000000e+00 1
-9.6110420982222861e-02 -3.0849141508873693e-02 0.0000000000000000e+00 1
-1.2659550747168252e-01 -2.3453976611592853e-01 0.0000000000000000e+00 1
3.3366377092239685e-01 -1.9639398456333723e-02 0.0000000000000000e+00 1
2.1970379426180137e-01 1.9389492616153997e-01 0.0000000000000000e+00 1
-2.7212611463604419e-01 1.2588047279366957e-01 0.0000000000000000e+00 1
-2.6295243186789419e-01 -1.2265204156790140e-01 0.0000000000000000e+00 1
1.2935298166395665e-01 -3.1937070431471881e-01 0.0000000000000000e+00 1
-1.1217403848255954e-01 -1.9071484979871288e-02 0.0000000000000000e+00 1
-2.6097841828353230e-01 -1.0207756670603997e-01 0.0000000000000000e+00 1
-2.5255555284704223e-01 -1.0808452766148788e-01 0.0000000000000000e+00 1
-2.8133962822810166e-02 -1.3668262646482957e-01 0.0000000000000000e+00 1
-3.5897975637061097e-02 -1.3182116381220610e-01 0.0000000000000000e+00 1
-3.4671685938822951e-02 -1.2207152630214198e-01 0.0000000000000000e+00 1
-4.4352333853486456e-02 -1.2864959009434504e-01 0.0000000000000000e+00 1
-2.6241706104125802e-02 -1.1822633320772470e-01 0.0000000000000000e+00 1
-2.5312153352147555e-02 -1.0890554475533404e-01 0.0000000000000000e+00 1
-3.2938445566979946e-02 -1.0339677694354493e-01 0.0000000000000000e+00 1
-3.2040406647853632e-02 -9.4133766249048151e-02 0.0000000000000000e+00 1
-2.3390708041826320e-02 -9.0197299100982897e-02 0.0000000000000000e+00 1
-2.2433303623733324e-02 -8.0742985194164910e-02 0.0000000000000000e+00 1
-3.0309045279909207e-02 -7.6685184683446428e-02 0.0000000000000000e+00 1
-2.9345566521965977e-02 -6.5752017914023728e-02 0.0000000000000000e+00 1
2.3150435487796345e-01 2.1094016943254350e-02 0.0000000000000000e+00 1
-2.9299754999697619e-01 2.0839917133031932e-01 0.0000000000000000e+00 1
-3.0170456730343626e-01 2.2703634293708552e-01 0.0000000000000000e+00 1
-2.8988429942344424e-01 2.3070911910846928e-01 0.0000000000000000e+00 1
9.7937975796024118e-02 -9.4709073628197166e-02 0.0000000000000000e+00 1
8.8898511001229877e-02 -9.9012576176643635e-02 0.0000000000000000e+00 1
8.7973965273956151e-02 -1.0872844591285505e-01 0.0000000000000000e+00 1
8.0286566020295130e-02 -1.0313717376940974e-01 0.0000000000000000e+00 1
9.0559162459913425e-02 -8.9111884532925734e-02 0.0000000000000000e+00 1
9.5622107813929477e-02 -1.1470666893426730e-01 0.0000000000000000e+00 1
8.7037839860335656e-02 -1.1899496451744671e-01 0.0000000000000000e+00 1
3.4445432652942719e-02 3.1813428269356309e-01 0.0000000000000000e+00 1
-1.0378379651592098e-01 1.0315251750409511e-01 0.0000000000000000e+00 1
-9.0494712125110746e-02 2.9328016993502903e-01 0.0000000000000000e+00 1
-8.1487277669932315e-02 2.8675937038831012e-01 0.0000000000000000e+00 1
-7.4993731870506466e-02 -6.7149056944233607e-02 0.0000000000000000e+00 1
-1.8558728570286134e-01 -1.4340983539775701e-01 0.0000000000000000e+00 1
-1.8582847489675683e-01 -1.5286122971608906e-01 0.0000000000000000e+00 1
-2.0489733934458024e-02 -6.1780642419086235e-02 0.0000000000000000e+00 1
-1.9494412580428905e-02 -5.2205459112117478e-02 0.0000000000000000e+00 1
-2.7521129554929150e-02 -4.6540156655570819e-02 0.0000000000000000e+00 1
-2.5867604473969824e-02 -3.5527509197382422e-02 0.0000000000000000e+00 1
-7.2702705449681437e-02 -4.8033043440464190e-02 0.0000000000000000e+00 1
8.1769277062743284e-02 -3.2233015142132587e-01 0.0000000000000000e+00 1
8.9294251674208319e-02 -3.2791078549128827e-01 0.0000000000000000e+00 1
9.7623117170978713e-02 -3.2453793444775431e-01 0.0000000000000000e+00 1
-1.8083764484647538e-01 -1.8565350704596850e-01 0.0000000000000000e+00 1
-1.3342669055782987e-03 3.2140519524584427e-01 0.0000000000000000e+00 1
-2.5263584431130626e-01 5.7043508862893867e-02 0.0000000000000000e+00 1
-1.4003593307700338e-01 2.6772715201936398e-01 0.0000000000000000e+00 1
-1.4000622264426613e-01 2.5520646600590791e-01 0.0000000000000000e+00 1
-1.2988098625629174e-01 2.5409320689970161e-01 0.0000000000000000e+00 1
7.5698448538849536e-02 2.2079853405421113e-01 0.0000000000000000e+00 1
-2.5648036508887906e-01 1.7775156988649506e-02 0.0000000000000000e+00 1
-3.6571265572014167e-01 1.0748780429950613e-01 0.0000000000000000e+00 1
2.0406234539314660e-01 -1.0749158806496687e-04 0.0000000000000000e+00 1
1.9525700072281232e-01 -3.4662679772817723e-03 0.0000000000000000e+00 1
-2.3108061001752267e-01 1.6372958308108460e-01 0.0000000000000000e+00 1
7.8756117840710974e-02 3.3892604423420147e-01 0.0000000000000000e+00 1
2.4257780679566809e-01 -1.7919837186245813e-01 0.0000000000000000e+00 1
2.3396289373691159e-01 -1.7278231317581999e-01 0.0000000000000000e+00 1
2.3515724178714215e-01 -1.6207984607416132e-01 0.0000000000000000e+00 1
2.2567579153279921e-01 -1.6577960149499960e-01 0.0000000000000000e+00 1
2.2695820101493586e-01 -1.5515843255032960e-01 0.0000000000000000e+00 1
2.3645945756896214e-01 -1.5133988115148508e-01 0.0000000000000000e+00 1
2.2803989717203521e-01 -1.4485381075940346e-01 0.0000000000000000e+00 1
2.3756121458615201e-01 -1.4088172821413220e-01 0.0000000000000000e+00 1
2.2919561158117130e-01 -1.3444132182973464e-01 0.0000000000000000e+00 1
2.2021981925144768e-01 -1.3795270252449809e-01 0.0000000000000000e+00 1
2.2485930335969978e-01 -1.7633086130735515e-01 0.0000000000000000e+00 1
2.3870872305842500e-01 -1.3036194925421335e-01 0.0000000000000000e+00 1
2.3052331389841066e-01 -1.2383439735536672e-01 0.0000000000000000e+00 1
2.3985469577326751e-01 -1.1992148962822366e-01 0.0000000000000000e+00 1
2.3175545523369082e-01 -1.1351958407584313e-01 0.0000000000000000e+00 1
2.4120881865704580e-01 -1.0956684040163929e-01 0.0000000000000000e+00 1
2.4963106191470547e-01 -1.1565146626892697e-01 0.0000000000000000e+00 1
2.4281185570887065e-01 -9.9039781237929836e-02 0.0000000000000000e+00 1
2.2098568670071070e-01 1.4655838153653594e-01 0.0000000000000000e+00 1
2.1574193502494826e-01 1.3838039345289760e-01 0.0000000000000000e+00 1
2.1899525504914386e-01 1.2852971140507305e-01 0.0000000000000000e+00 1
1.2178125298983880e-01 4.5990956931596876e-02 0.0000000000000000e+00 1
-2.5520001646009494e-01 -4.9944556422756421e-02 0.0000000000000000e+00 1
2.0182726831677039e-01 5.4104213535280971e-02 0.0000000000000000e+00 1
2.1045538288002180e-01 5.7543789411169763e-02 0.0000000000000000e+00 1
2.0950527926377696e-01 4.7869564491536468e-02 0.0000000000000000e+00 1
6.4545446221810673e-02 -3.2965526188833733e-01 0.0000000000000000e+00 1
7.1987704960985499e-02 -3.3532151338371069e-01 0.0000000000000000e+00 1
6.3384812177876240e-02 -3.3895654072719539e-01 0.0000000000000000e+00 1
-1.0280613150257029e-01 1.8430938483941486e-01 0.0000000000000000e+00 1
-1.0404555840791743e-01 1.7347365653019475e-01 0.0000000000000000e+00 1
-9.5987679962207431e-02 1.6671417264041166e-01 0.0000000000000000e+00 1
-1.0549803664733233e-01 1.6244740628421961e-01 0.0000000000000000e+00 1
1.5349097833350822e-01 -2.6449235899529083e-01 0.0000000000000000e+00 1
3.8394823552275158e-02 2.6862387751183775e-01 0.0000000000000000e+00 1
-5.4641734146886611e-02 4.7149105041295387e-02 0.0000000000000000e+00 1
-5.5669418229543910e-02 3.7256670203564476e-02 0.0000000000000000e+00 1
-4.6488210095293227e-02 4.1127477026444939e-02 0.0000000000000000e+00 1
-4.7247140817356266e-02 3.1598545651570012e-02 0.0000000000000000e+00 1
-3.9488089438776450e-02 2.5096114160266955e-02 0.0000000000000000e+00 1
-4.9368546052097936e-02 2.2216791770959376e-02 0.0000000000000000e+00 1
-3.3170131454564405e-01 -1.4894811797354551e-02 0.0000000000000000e+00 1
9.5134173837092776e-03 6.5255504058813210e-02 0.0000000000000000e+00 1
8.2783745800122602e-03 5.5367193106841989e-02 0.0000000000000000e+00 1
-1.0656261959526578e-03 5.1368367089769142e-02 0.0000000000000000e+00 1
8.1566928013437484e-03 4.5906671316189224e-02 0.0000000000000000e+00 1
2.3270794219216517e-01 1.6121525183375074e-01 0.0000000000000000e+00 1
-2.5930739084652088e-01 1.6142363933496254e-01 0.0000000000000000e+00 1
9.4836958193811244e-02 -4.8556124369496058e-02 0.0000000000000000e+00 1
-1.1299302079789908e-01 1.7986205545211123e-01 0.0000000000000000e+00 1
2.0899048802723977e-01 -2.3481609421634089e-01 0.0000000000000000e+00 1
1.6823414174576401e-01 -2.1018399110677521e-01 0.0000000000000000e+00 1
1.6008277622972231e-01 -2.0418870881364359e-01 0.0000000000000000e+00 1
2.3223941260028336e-01 -3.6773317914260362e-02 0.0000000000000000e+00 1
2.0394570132596895e-01 7.3588766037030462e-02 0.0000000000000000e+00 1
2.1243981397220227e-01 7.6953351711442450e-02 0.0000000000000000e+00 1
-9.1277727995706381e-03 5.7264552403251304e-02 0.0000000000000000e+00 1
7.3123728995217907e-02 2.8922524589680360e-01 0.0000000000000000e+00 1
8.1976182344760173e-02 2.9322113345690359e-01 0.0000000000000000e+00 1
-1.8381871771393610e-01 8.3471614727093468e-02 0.0000000000000000e+00 1
-1.8589316745704024e-01 7.3217542577592359e-02 0.0000000000000000e+00 1
-1.9351934674578947e-01 7.9357407024831225e-02 0.0000000000000000e+00 1
-1.9540726515801757e-01 6.9312452589526216e-02 0.0000000000000000e+00 1
-8.0143900194339798e-02 2.9793371889812903e-01 0.0000000000000000e+00 1
1.3208908235813338e-01 -3.0089676631073936e-01 0.0000000000000000e+00 1
-1.7678652367810344e-01 1.3559676025221690e-01 0.0000000000000000e+00 1
2.8912812573927665e-01 4.3160849095833204e-02 0.0000000000000000e+00 1
8.5221971529014340e-02 -2.7618476319595398e-01 0.0000000000000000e+00 1
8.4091280955788161e-02 -2.8577693197951998e-01 0.0000000000000000e+00 1
2.4624142676302835e-01 -1.4709312785837847e-01 0.0000000000000000e+00 1
-1.1551363882493217e-01 1.5798649115579366e-01 0.0000000000000000e+00 1
-1.0714202111473001e-01 1.5126750200383704e-01 0.0000000000000000e+00 1
-1.0872545391416941e-01 1.4068483405512330e-01 0.0000000000000000e+00 1
-9.0610086035698256e-02 -3.1070112451911869e-01 0.0000000000000000e+00 1
-1.9866888476655731e-01 -1.0303406370691728e-01 0.0000000000000000e+00 1
-1.2860090981538308e-01 3.0895839928767571e-01 0.0000000000000000e+00 1
1.8351800280670155e-01 -1.5452002106873758e-01 0.0000000000000000e+00 1
1.7524982301332739e-01 -1.4861756197263440e-01 0.0000000000000000e+00 1
2.4182715050028375e-01 4.4052936610350632e-02 0.0000000000000000e+00 1
1.7145521266555674e-01 -3.9216270359486632e-01 0.0000000000000000e+00 1
1.6489618015704208e-01 -4.0281981506478848e-01 0.0000000000000000e+00 1
2.8303853224416809e-03 -2.3839656398913539e-01 0.0000000000000000e+00 1
1.1230868304615178e-02 -2.3481790746290612e-01 0.0000000000000000e+00 1
1.3283706131918127e-01 -2.2676580863882058e-02 0.0000000000000000e+00 1
1.4126954921800763e-01 -1.8968947588822647e-02 0.0000000000000000e+00 1
1.2361382893637853e-01 -2.6592963406384770e-02 0.0000000000000000e+00 1
-4.2201581782813281e-02 2.9369251080703362e-01 0.0000000000000000e+00 1
-3.3403134864515335e-02 2.8724206149999909e-01 0.0000000000000000e+00 1
-2.3563257820753154e-02 2.9167961383010527e-01 0.0000000000000000e+00 1
-4.3503759844723822e-02 2.8279889560462745e-01 0.0000000000000000e+00 1
-1.6033486402319508e-01 2.5503497684391829e-01 0.0000000000000000e+00 1
9.7365807095164458e-02 -4.0749700053640031e-01 0.0000000000000000e+00 1
-2.3973539399678995e-01 -7.2806338485400968e-02 0.0000000000000000e+00 1
-1.7413484209519388e-02 -3.2758335546257053e-02 0.0000000000000000e+00 1
-1.6538646297150995e-02 -2.3327805045445453e-02 0.0000000000000000e+00 1
-7.0106846065747574e-02 3.7651192311132331e-01 0.0000000000000000e+00 1
-1.1537362053240863e-01 -4.8419352751141453e-02 0.0000000000000000e+00 1
-8.9328262673787212e-02 -3.0188905548070938e-01 0.0000000000000000e+00 1
1.8590965065448350e-01 -1.3379641341349058e-01 0.0000000000000000e+00 1
1.7749543787027569e-01 -1.2812139633564640e-01 0.0000000000000000e+00 1
-7.0192372464419256e-02 -2.8769043026703984e-02 0.0000000000000000e+00 1
-7.0499741997424314e-02 -1.8832916543734018e-02 0.0000000000000000e+00 1
-2.0475363883340608e-01 1.4443584255023820e-01 0.0000000000000000e+00 1
1.5454609317203019e-01 -4.0556675587166174e-01 0.0000000000000000e+00 1
-7.3479636169282464e-02 1.9742074104031940e-01 0.0000000000000000e+00 1
2.0869399790639903e-01 1.7957855873819387e-01 0.0000000000000000e+00 1
-1.0372985143225219e-02 3.7723172692621612e-02 0.0000000000000000e+00 1
-7.9741076859126542e-03 -1.9317932919574971e-02 0.0000000000000000e+00 1
-1.5656663841132894e-02 -1.4194192287856403e-02 0.0000000000000000e+00 1
-2.4788188595266172e-02 -1.7735476050134209e-02 0.0000000000000000e+00 1
-2.3285724852051319e-02 -8.0554118567999385e-03 0.0000000000000000e+00 1
-7.0833749503809856e-03 -9.1644184615286371e-03 0.0000000000000000e+00 1
1.7654345683865216e-03 -5.5297769335730012e-03 0.0000000000000000e+00 1
-2.6576948443404105e-03 3.2994788310012693e-03 0.0000000000000000e+00 1
-7.7753497137548477e-02 2.3671254825406762e-01 0.0000000000000000e+00 1
1.3897981471933801e-01 -1.5534671537557571e-01 0.0000000000000000e+00 1
1.3023848557356676e-01 -1.5946937132891495e-01 0.0000000000000000e+00 1
1.2859624750920198e-01 -1.6943071740142038e-01 0.0000000000000000e+00 1
1.2117599517078359e-01 -1.6334808111057997e-01 0.0000000000000000e+00 1
1.3141449793420720e-01 -1.4943145546978345e-01 0.0000000000000000e+00 1
1.3167162357623316e-01 -1.3804229824500125e-01 0.0000000000000000e+00 1
1.2345491930520519e-01 -1.4505918013228258e-01 0.0000000000000000e+00 1
1.2869769481202950e-01 -1.2896628562340809e-01 0.0000000000000000e+00 1
1.3681195385112577e-01 -1.7583119399311320e-01 0.0000000000000000e+00 1
1.4178940063977274e-01 -1.3496834155602519e-01 0.0000000000000000e+00 1
-1.5812301824757874e-01 -4.7102752921388331e-02 0.0000000000000000e+00 1
-1.9000511962189559e-01 -2.2701166153094612e-02 0.0000000000000000e+00 1
-1.8890553258200715e-01 -1.2472496044711807e-02 0.0000000000000000e+00 1
-1.8009745778426550e-01 -8.8852564219207963e-03 0.0000000000000000e+00 1
-1.8110727517843819e-01 -1.8740434784454186e-02 0.0000000000000000e+00 1
9.6968799695594673e-02 -2.8548754926431816e-02 0.0000000000000000e+00 1
-1.4207457545191932e-01 1.7744073638659497e-01 0.0000000000000000e+00 1
2.7082670310744354e-02 2.5393802437717738e-01 0.0000000000000000e+00 1
3.5373199159961115e-02 2.4738828315377673e-01 0.0000000000000000e+00 1
1.7311244180036689e-01 1.0674667811386390e-01 0.0000000000000000e+00 1
1.7184267668760500e-01 9.6694968073624071e-02 0.0000000000000000e+00 1
1.8020528255219925e-01 9.0918505570223476e-02 0.0000000000000000e+00 1
-2.8701103393999527e-01 -1.5160257474448610e-01 0.0000000000000000e+00 1
-2.8232722637831409e-01 -1.4170746548687935e-01 0.0000000000000000e+00 1
-2.9947700424734136e-01 -1.3296512911124925e-01 0.0000000000000000e+00 1
-2.7824492307393855e-01 1.5238643013845399e-01 0.0000000000000000e+00 1
1.8116011775325772e-01 -1.7515858837037349e-01 0.0000000000000000e+00 1
1.7286046853825282e-01 -1.6911896691294948e-01 0.0000000000000000e+00 1
1.6965885747279441e-01 7.6941977464906761e-02 0.0000000000000000e+00 1
1.3847837107990871e-01 1.2018246174997484e-01 0.0000000000000000e+00 1
1.3735762017350212e-01 1.1012167646770578e-01 0.0000000000000000e+00 1
1.4598154511647038e-01 1.0429993596320515e-01 0.0000000000000000e+00 1
8.9580234769295927e-02 1.8812259568225639e-01 0.0000000000000000e+00 1
-5.2111310512268066e-04 -1.9666053391487787e-01 0.0000000000000000e+00 1
-8.0022011780588025e-03 -1.9116245508387786e-01 0.0000000000000000e+00 1
-7.6754471438619659e-03 -1.8123501370173625e-01 0.0000000000000000e+00 1
4.2742965781885169e-04 -1.7712219218184944e-01 0.0000000000000000e+00 1
-1.0042752156531354e-02 -2.0047940172681483e-01 0.0000000000000000e+00 1
-6.5308434231058587e-02 1.2030697965449227e-01 0.0000000000000000e+00 1
-5.6896586407921224e-02 1.1403669685052942e-01 0.0000000000000000e+00 1
-5.8054121366515415e-02 1.0363565098630136e-01 0.0000000000000000e+00 1
-4.8189566453866323e-02 1.0799025426658462e-01 0.0000000000000000e+00 1
-5.5578252982741508e-02 1.2452812657969356e-01 0.0000000000000000e+00 1
-5.4337965347980285e-02 1.3502138851862883e-01 0.0000000000000000e+00 1
-6.2881226679485952e-02 1.4130960834671008e-01 0.0000000000000000e+00 1
-5.3105309522935684e-02 1.4559732090097427e-01 0.0000000000000000e+00 1
1.0524971065248181e-01 3.5057769857774385e-01 0.0000000000000000e+00 1
-2.7528121889511183e-02 -2.1272691064071675e-01 0.0000000000000000e+00 1
-2.2727901824547248e-01 1.0421898817134750e-01 0.0000000000000000e+00 1
-2.3704303259938445e-01 1.0041551341618726e-01 0.0000000000000000e+00 1
-2.4732205280764857e-01 9.6802066084229269e-02 0.0000000000000000e+00 1
3.0107639430194971e-01 -5.3647621490524912e-02 0.0000000000000000e+00 1
2.3304057706522224e-01 -2.6944119107791271e-02 0.0000000000000000e+00 1
1.2419305393579336e-01 -2.2128069298465181e-01 0.0000000000000000e+00 1
2.2702127626798484e-02 2.9239449731627509e-01 0.0000000000000000e+00 1
3.9576076998910414e-02 -1.9582814897443457e-01 0.0000000000000000e+00 1
3.1993970019627546e-02 -1.9053979420966405e-01 0.0000000000000000e+00 1
3.2910684804330070e-02 -1.8111152738490149e-01 0.0000000000000000e+00 1
4.1531204453650904e-02 -1.7713734610386192e-01 0.0000000000000000e+00 1
4.2414842961097661e-02 -1.6754043323424109e-01 0.0000000000000000e+00 1
3.5038350048623407e-02 -1.6244746122600004e-01 0.0000000000000000e+00 1
1.8080394017422427e-01 -9.7383535872726537e-02 0.0000000000000000e+00 1
1.9038778283169580e-01 -9.2835404833923135e-02 0.0000000000000000e+00 1
3.6348560825894854e-02 -3.5957471554747183e-01 0.0000000000000000e+00 1
4.4631793160903016e-02 -1.4839912784698717e-01 0.0000000000000000e+00 1
3.6953674310592342e-02 -1.4333417883480520e-01 0.0000000000000000e+00 1
3.7896906042798099e-02 -1.3404596251187303e-01 0.0000000000000000e+00 1
1.9431365407888035e-01 -6.2467616879431809e-02 0.0000000000000000e+00 1
-2.5144362594089054e-01 -9.7693793253579658e-02 0.0000000000000000e+00 1
-2.6197472602528738e-02 -3.0640898612466511e-01 0.0000000000000000e+00 1
-1.8727386917168887e-01 -2.6991493346944506e-01 0.0000000000000000e+00 1
3.0698573846681865e-01 -1.4385466468412289e-01 0.0000000000000000e+00 1
2.9624277312966774e-01 -1.4657498981215558e-01 0.0000000000000000e+00 1
2.9322133968927694e-01 -1.5722172147238656e-01 0.0000000000000000e+00 1
2.8427630758025679e-01 -1.4895279583486909e-01 0.0000000000000000e+00 1
2.8923350992193902e-01 -1.3827132961494809e-01 0.0000000000000000e+00 1
3.0076690191206690e-01 -1.6530599029072890e-01 0.0000000000000000e+00 1
2.9027179800878572e-01 -1.6792908304878196e-01 0.0000000000000000e+00 1
2.8678321553106867e-01 -1.7849871126869027e-01 0.0000000000000000e+00 1
2.9398564708839303e-01 -1.8679897322037137e-01 0.0000000000000000e+00 1
2.8347289780071860e-01 -1.8925599601687965e-01 0.0000000000000000e+00 1
2.7920518798014327e-01 -1.9969997507582349e-01 0.0000000000000000e+00 1
2.7285966145931656e-01 -1.9130228716761133e-01 0.0000000000000000e+00 1
2.6829161454263784e-01 -2.0089793566807734e-01 0.0000000000000000e+00 1
2.7416783749353579e-01 -2.0997978380184384e-01 0.0000000000000000e+00 1
2.8600724807027511e-01 -2.0812155514446432e-01 0.0000000000000000e+00 1
-1.6761994824124563e-02 1.4155242556714367e-01 0.0000000000000000e+00 1
-1.8007732379234490e-02 1.3112779483922396e-01 0.0000000000000000e+00 1
-8.3754600510021655e-03 1.3532886936946598e-01 0.0000000000000000e+00 1
-9.7804643874528103e-03 1.2483704713054301e-01 0.0000000000000000e+00 1
-7.1398245786444079e-03 1.4571099517305552e-01 0.0000000000000000e+00 1
1.0682878033605357e-03 1.3921016144395004e-01 0.0000000000000000e+00 1
-1.9053650762168253e-01 -1.0878221974637022e-01 0.0000000000000000e+00 1
-2.3611244091105613e-01 4.4945590363395030e-02 0.0000000000000000e+00 1
8.3650932644578235e-02 -2.2148995681380204e-01 0.0000000000000000e+00 1
5.3893997340903735e-02 -6.1163407000455451e-02 0.0000000000000000e+00 1
4.4313694206399315e-02 -6.4877664419743325e-02 0.0000000000000000e+00 1
4.3869005589701415e-02 -7.5880599108473112e-02 0.0000000000000000e+00 1
5.1793660198390518e-02 -8.0866935948748608e-02 0.0000000000000000e+00 1
4.6661498328133016e-02 -1.2942228051712157e-01 0.0000000000000000e+00 1
4.7688654260251852e-02 -1.1965759270967742e-01 0.0000000000000000e+00 1
4.0227585095114038e-02 -1.1471359998827403e-01 0.0000000000000000e+00 1
1.7665182866829460e-01 1.3686168700996265e-01 0.0000000000000000e+00 1
1.7552134400025513e-01 1.2681770397591355e-01 0.0000000000000000e+00 1
-1.3020539259399288e-02 2.2378380868988273e-01 0.0000000000000000e+00 1
-2.0597927544931550e-02 1.1028401345073549e-01 0.0000000000000000e+00 1
1.5729403594035397e-02 -3.6442895941244668e-02 0.0000000000000000e+00 1
-1.8101606582133153e-01 5.9081483082819408e-02 0.0000000000000000e+00 1
4.9722187299012482e-02 -1.0021912354351017e-01 0.0000000000000000e+00 1
4.2275169909684759e-02 -9.5387433766321972e-02 0.0000000000000000e+00 1
-8.1579373803182198e-02 -1.6609253033176513e-01 0.0000000000000000e+00 1
-7.3248855371390850e-02 -1.6299619744115990e-01 0.0000000000000000e+00 1
1.6731673352672660e-01 5.7284276123667793e-02 0.0000000000000000e+00 1
1.6648504876374559e-01 4.7665176378112226e-02 0.0000000000000000e+00 1
1.7467425376855000e-01 4.2315878490531270e-02 0.0000000000000000e+00 1
2.5293549413706127e-02 -3.8226385195223711e-01 0.0000000000000000e+00 1
3.2940173291245829e-02 -3.8728112115302038e-01 0.0000000000000000e+00 1
-1.7145450086446745e-01 -9.0983209921815716e-02 0.0000000000000000e+00 1
2.0625902166149185e-01 9.3162029864825524e-02 0.0000000000000000e+00 1
2.1466145886305324e-01 9.6413017395143324e-02 0.0000000000000000e+00 1
1.4105016029213613e-01 1.4060700718174549e-01 0.0000000000000000e+00 1
-6.7823685637944900e-02 9.9417063069245845e-02 0.0000000000000000e+00 1
-5.9342432011883967e-02 9.3241004153998913e-02 0.0000000000000000e+00 1
-3.7346865531296930e-02 2.5453596319129657e-01 0.0000000000000000e+00 1
-1.8774244429748645e-02 2.5215435837051897e-01 0.0000000000000000e+00 1
-5.6143036201086793e-02 2.5658483907742241e-01 0.0000000000000000e+00 1
5.1695601213791249e-02 -2.3492778686510318e-01 0.0000000000000000e+00 1
3.3317722189869897e-01 6.6542572701978664e-02 0.0000000000000000e+00 1
9.4606414004665268e-02 -1.2475493882023811e-01 0.0000000000000000e+00 1
1.3522961508965747e-01 9.0085978759459465e-02 0.0000000000000000e+00 1
1.3371064687346521e-01 7.9979122746780804e-02 0.0000000000000000e+00 1
1.4251391400227265e-01 7.4327778729731536e-02 0.0000000000000000e+00 1
1.8120965560718785e-01 -2.0628010310530836e-02 0.0000000000000000e+00 1
4.2974661600034221e-02 -3.7463325168452655e-01 0.0000000000000000e+00 1
1.5715492072921700e-01 4.3430848644576039e-02 0.0000000000000000e+00 1
1.5632367118014456e-01 3.3944869663232805e-02 0.0000000000000000e+00 1
-1.1412026082213922e-02 1.8366695450455922e-01 0.0000000000000000e+00 1
5.1257293598517290e-03 -1.4139997181632111e-01 0.0000000000000000e+00 1
4.0119923567993807e-03 -1.5056794649822874e-01 0.0000000000000000e+00 1
-5.2083101989103021e-03 -1.5369197350467440e-01 0.0000000000000000e+00 1
3.1267724200786007e-01 -1.2252109234683384e-01 0.0000000000000000e+00 1
3.0227015110352284e-01 -1.2501316247437694e-01 0.0000000000000000e+00 1
2.9938565067971923e-01 -1.3590372112987115e-01 0.0000000000000000e+00 1
1.5458926081905056e-01 -5.1026416409636823e-02 0.0000000000000000e+00 1
1.4337490233908637e-01 1.6106418566191585e-01 0.0000000000000000e+00 1
1.5402226937142172e-01 1.7551317645223610e-01 0.0000000000000000e+00 1
-9.8164643016423851e-04 2.5078276407216382e-01 0.0000000000000000e+00 1
2.0868693685912981e-01 1.1295916288636000e-01 0.0000000000000000e+00 1
2.1812311883105454e-01 1.1682658551460616e-01 0.0000000000000000e+00 1
1.9909431997921331e-01 -1.1417067133009875e-02 0.0000000000000000e+00 1
1.0658452795818979e-01 2.8515713115580349e-01 0.0000000000000000e+00 1
9.8548100841368558e-02 2.9115613246703220e-01 0.0000000000000000e+00 1
1.1605740397941013e-01 2.8921912482064127e-01 0.0000000000000000e+00 1
-1.8440221097521828e-01 2.8315096842764481e-02 0.0000000000000000e+00 1
-1.7600631502305225e-01 2.2288842483616608e-02 0.0000000000000000e+00 1
2.2247065109469527e-01 -2.8439379249008595e-01 0.0000000000000000e+00 1
2.3182653657182128e-01 -2.8180886335498045e-01 0.0000000000000000e+00 1
2.4174412495062769e-01 -2.8917081635498265e-01 0.0000000000000000e+00 1
1.9953714641335135e-01 3.4628595614659280e-02 0.0000000000000000e+00 1
-1.6219091046963394e-01 6.7418889252968781e-02 0.0000000000000000e+00 1
-1.7481434534293483e-01 1.5722635427610893e-01 0.0000000000000000e+00 1
1.9294124807094459e-01 -3.0592569828237876e-01 0.0000000000000000e+00 1
5.6279277177758338e-02 -3.1375501343830520e-02 0.0000000000000000e+00 1
3.0039894701185121e-01 1.2433599801686081e-01 0.0000000000000000e+00 1
-4.5574496931493078e-03 3.6965280348547325e-01 0.0000000000000000e+00 1
7.6620060928571185e-03 -1.1300058548859840e-01 0.0000000000000000e+00 1
7.0137210422120547e-03 -1.2262680082371544e-01 0.0000000000000000e+00 1
-2.2585776857900913e-03 -1.2590927032430191e-01 0.0000000000000000e+00 1
3.2030006527701949e-01 -9.0742290816246754e-02 0.0000000000000000e+00 1
3.1753828354661878e-01 -1.0140579007359708e-01 0.0000000000000000e+00 1
1.2935917642621475e-01 -5.2616563550364329e-02 0.0000000000000000e+00 1
1.3224765278034900e-01 6.0308780084718107e-02 0.0000000000000000e+00 1
-3.1574806454473928e-02 -1.7294135073296946e-01 0.0000000000000000e+00 1
1.0112739833430846e-01 -3.5749822175699153e-01 0.0000000000000000e+00 1
-2.2273765049723074e-02 3.0243194994554801e-01 0.0000000000000000e+00 1
5.5608206897944656e-02 2.1249232197850609e-01 0.0000000000000000e+00 1
5.3303604048283840e-02 -2.6261913803947584e-01 0.0000000000000000e+00 1
5.4318530007432898e-02 -2.5341797025378870e-01 0.0000000000000000e+00 1
-1.7712970933367048e-01 -6.4996981568714016e-02 0.0000000000000000e+00 1
-4.0844304227902195e-02 1.7096895616893729e-01 0.0000000000000000e+00 1
1.0525354826895436e-01 -2.4944080396293322e-01 0.0000000000000000e+00 1
-1.8543687888242559e-02 -2.2259806383102260e-01 0.0000000000000000e+00 1
9.3941669761050561e-02 3.4510320424197723e-02 0.0000000000000000e+00 1
1.0981164045422531e-01 5.3164833985489546e-03 0.0000000000000000e+00 1
1.1071137824922739e-01 1.4709783991850613e-02 0.0000000000000000e+00 1
3.2310629962548082e-01 9.3729405526210605e-02 0.0000000000000000e+00 1
7.1113024219946350e-02 2.6871846370746361e-01 0.0000000000000000e+00 1
-2.5328381403773947e-01 2.2675811486398506e-01 0.0000000000000000e+00 1
-1.3676888994707292e-01 4.9509225073585912e-02 0.0000000000000000e+00 1
-2.6468023020364467e-01 2.3897352553395222e-02 0.0000000000000000e+00 1
-2.7401949267933168e-01 1.9806678288952814e-02 0.0000000000000000e+00 1
-2.8217726388142578e-01 2.5923634407154020e-02 0.0000000000000000e+00 1
-2.8333291348399586e-01 1.5839149066563092e-02 0.0000000000000000e+00 1
-2.6583177206816472e-01 1.3679092172558938e-02 0.0000000000000000e+00 1
1.6221771728535089e-01 2.4850726719233279e-01 0.0000000000000000e+00 1
-2.0984304955530286e-01 -4.0862796578341409e-02 0.0000000000000000e+00 1
1.6838646453526779e-01 -6.4068402264642804e-02 0.0000000000000000e+00 1
2.4223757383006722e-02 2.3384773932183470e-01 0.0000000000000000e+00 1
1.5046253279699454e-01 2.2273545651246901e-01 0.0000000000000000e+00 1
1.4143196960452675e-01 2.2984721349150861e-01 0.0000000000000000e+00 1
1.0748621424661628e-01 2.4356963684546906e-01 0.0000000000000000e+00 1
1.1703853460695360e-01 2.4770373714506111e-01 0.0000000000000000e+00 1
8.8086126870037140e-02 2.7691280204222607e-01 0.0000000000000000e+00 1
1.8604985206788430e-01 1.4092190579706604e-01 0.0000000000000000e+00 1
1.2474040029804997e-01 -1.6574909921773490e-02 0.0000000000000000e+00 1
1.0803837146493044e-02 -8.4632187341710657e-02 0.0000000000000000e+00 1
9.9029440100841734e-03 -9.4218648797324597e-02 0.0000000000000000e+00 1
7.2908837085788945e-04 -9.7743930413280847e-02 0.0000000000000000e+00 1
2.4503925456051201e-01 -1.5773915925758011e-01 0.0000000000000000e+00 1
1.2635321213148700e-02 -6.5355227730757484e-02 0.0000000000000000e+00 1
-1.0725570420736953e-01 7.2000896799433084e-02 0.0000000000000000e+00 1
-1.1696328177385820e-01 6.7632892465302547e-02 0.0000000000000000e+00 1
1.5359343273040098e-02 1.1367543678631886e-02 0.0000000000000000e+00 1
-3.0443508854896867e-01 -1.2910621839050751e-02 0.0000000000000000e+00 1
1.9631605327471027e-01 -2.7534232903871142e-01 0.0000000000000000e+00 1
1.1934604938940049e-02 2.7708440552170277e-01 0.0000000000000000e+00 1
1.4996954278361510e-01 -3.3628620834768219e-01 0.0000000000000000e+00 1
1.4351214555169825e-01 -1.1483502599531038e-01 0.0000000000000000e+00 1
8.3244153258733744e-02 3.0346940018670832e-01 0.0000000000000000e+00 1
-2.4824256697423730e-01 1.1694229439909854e-02 0.0000000000000000e+00 1
1.0781941981371253e-01 2.9530787127856883e-01 0.0000000000000000e+00 1
1.0002955598391040e-01 3.0142492959797901e-01 0.0000000000000000e+00 1
1.1318310845466019e-01 5.2030179606394313e-02 0.0000000000000000e+00 1
2.1528093578815277e-01 -1.1105124745002434e-01 0.0000000000000000e+00 1
-3.3961316260303520e-01 -8.7588692148555178e-03 0.0000000000000000e+00 1
-1.2847092098643142e-01 4.3637782624076929e-02 0.0000000000000000e+00 1
-1.2980876628166862e-01 3.3108289641058650e-02 0.0000000000000000e+00 1
7.4755398303387205e-02 1.4169640812460813e-01 0.0000000000000000e+00 1
-2.9706883131637285e-01 1.4398970777444581e-01 0.0000000000000000e+00 1
1.7891333031172213e-01 -2.7337742011763910e-01 0.0000000000000000e+00 1
1.6856898354863303e-01 -2.8620825287118323e-01 0.0000000000000000e+00 1
2.8823523894366554e-01 -1.3712952123209169e-02 0.0000000000000000e+00 1
2.0388995143146102e-01 -5.8478384261237595e-02 0.0000000000000000e+00 1
6.7575818905207780e-02 -2.8365514364735245e-01 0.0000000000000000e+00 1
1.4253656577228671e-01 -8.5488206040752225e-03 0.0000000000000000e+00 1
1.0043108702620453e-01 -7.4649655666186504e-02 0.0000000000000000e+00 1
-1.7189590476870284e-02 -1.9296095798024943e-01 0.0000000000000000e+00 1
1.5070096390394416e-01 1.4484864456801166e-01 0.0000000000000000e+00 1
-2.8142793890863188e-02 3.3029259179557169e-01 0.0000000000000000e+00 1
4.0757391503429941e-02 -3.2209549076113159e-01 0.0000000000000000e+00 1
-2.0056117588982542e-01 9.5915287496455143e-02 0.0000000000000000e+00 1
2.7573642434317192e-01 2.2583573045705477e-01 0.0000000000000000e+00 1
2.8533277962837861e-01 2.0708625701446276e-01 0.0000000000000000e+00 1
2.8365393764801750e-01 1.8872950185543036e-01 0.0000000000000000e+00 1
2.9371163467276629e-01 1.8779187756526761e-01 0.0000000000000000e+00 1
2.8882186675334531e-01 1.7996717384634697e-01 0.0000000000000000e+00 1
-1.9661912892155756e-01 -1.9275827769126097e-01 0.0000000000000000e+00 1
-1.5514436373051069e-01 -1.6593012039616795e-01 0.0000000000000000e+00 1
-6.3454530507579307e-02 -4.0577040892209124e-03 0.0000000000000000e+00 1
-7.3040921269361736e-02 -8.1352345286315325e-03 0.0000000000000000e+00 1
9.7965841985207126e-03 -1.1259368025596163e-02 0.0000000000000000e+00 1
2.3954370875406295e-02 1.0994346218110398e-01 0.0000000000000000e+00 1
3.2375415296027124e-02 1.0401427631929221e-01 0.0000000000000000e+00 1
2.5801281886013766e-01 1.1456200521938253e-01 0.0000000000000000e+00 1
-1.1192534866533119e-01 3.1427550115516720e-02 0.0000000000000000e+00 1
-1.1340572117914291e-01 2.1193645539322434e-02 0.0000000000000000e+00 1
9.3732912628333942e-02 1.6694062341170969e-02 0.0000000000000000e+00 1
-3.5237197684237215e-01 -3.4772080727219663e-02 0.0000000000000000e+00 1
9.5394377328775995e-02 1.6010994051457539e-01 0.0000000000000000e+00 1
-3.5965223129088120e-02 5.5221550970676582e-02 0.0000000000000000e+00 1
8.1510872535053625e-02 3.5804625562963488e-01 0.0000000000000000e+00 1
1.3054794467677477e-01 -4.2635381799952521e-02 0.0000000000000000e+00 1
1.2305881403590542e-01 2.2080059786123582e-01 0.0000000000000000e+00 1
2.5105353255774654e-01 1.2984478224405444e-01 0.0000000000000000e+00 1
-2.4936492013350589e-01 1.5007571555009560e-03 0.0000000000000000e+00 1
-3.8672810958422080e-02 2.4348919350463463e-01 0.0000000000000000e+00 1
-7.9663204720536743e-02 7.7033314393585156e-03 0.0000000000000000e+00 1
-8.8106301019523076e-02 3.2089916692102029e-03 0.0000000000000000e+00 1
1.1862423817132839e-01 8.8301867877312954e-03 0.0000000000000000e+00 1
5.6899627956518886e-02 2.2298083473156355e-01 0.0000000000000000e+00 1
6.5318906480730382e-02 2.1672031164689631e-01 0.0000000000000000e+00 1
-1.5824038966515167e-01 -1.2229736690599805e-01 0.0000000000000000e+00 1
-1.2991671149484957e-01 -2.4825761115080411e-01 0.0000000000000000e+00 1
7.1627620232530428e-02 1.1983744077321913e-01 0.0000000000000000e+00 1
1.9030151979817844e-01 -3.3676454975715414e-01 0.0000000000000000e+00 1
1.9786474170764703e-01 -3.4272442377158618e-01 0.0000000000000000e+00 1
2.0737967976198851e-01 -3.3983825075622254e-01 0.0000000000000000e+00 1
2.0550627088979923e-01 -3.4910363753958512e-01 0.0000000000000000e+00 1
1.9649514805450108e-01 -3.5218232283432216e-01 0.0000000000000000e+00 1
1.8902212762079251e-01 -3.4616087601935114e-01 0.0000000000000000e+00 1
1.8772539694181545e-01 -3.5538903793085369e-01 0.0000000000000000e+00 1
1.9479460350922090e-01 -3.6087191565124649e-01 0.0000000000000000e+00 1
2.0821105802796228e-01 -3.2959223565039969e-01 0.0000000000000000e+00 1
1.7841336474402114e-01 -3.5858466472823514e-01 0.0000000000000000e+00 1
1.8513937323633622e-01 -3.6422927034851066e-01 0.0000000000000000e+00 1
-2.8109209218867615e-01 3.5844959164186799e-02 0.0000000000000000e+00 1
2.4061553606336417e-01 2.1246538104620674e-01 0.0000000000000000e+00 1
-1.9953828192873227e-01 5.0361449722528942e-02 0.0000000000000000e+00 1
-4.5797198519138438e-02 1.2887429539229875e-01 0.0000000000000000e+00 1
-4.4588050499011191e-02 1.3935479523753194e-01 0.0000000000000000e+00 1
3.1464687018576173e-02 1.6248730787217064e-01 0.0000000000000000e+00 1
3.0101939049452485e-02 1.5189381403725447e-01 0.0000000000000000e+00 1
3.7915410503560149e-02 1.4460506839820406e-01 0.0000000000000000e+00 1
4.7704223773758568e-02 1.4919482648382468e-01 0.0000000000000000e+00 1
-2.7662765529936878e-01 -1.5075313675400853e-01 0.0000000000000000e+00 1
2.2208032365136902e-02 -3.3877046486871959e-01 0.0000000000000000e+00 1
-1.3711558278256659e-03 -3.1319496093039811e-01 0.0000000000000000e+00 1
-4.8282290696111251e-02 3.2192104090026807e-01 0.0000000000000000e+00 1
-3.2205988459456442e-01 -1.0801604258639009e-02 0.0000000000000000e+00 1
1.0743038229750473e-01 -2.3013338836098432e-01 0.0000000000000000e+00 1
-1.7515502231273122e-01 3.3106383648214367e-02 0.0000000000000000e+00 1
-2.6910354863701758e-01 6.9025679565221626e-02 0.0000000000000000e+00 1
2.1476748647703481e-01 -3.4529638532200188e-02 0.0000000000000000e+00 1
1.4927054951318325e-01 2.1247584832538924e-01 0.0000000000000000e+00 1
1.4193432416523311e-01 2.8108261568302528e-01 0.0000000000000000e+00 1
1.4838584460940818e-01 1.2456168768716629e-01 0.0000000000000000e+00 1
1.1383942840344792e-01 1.3840774629697972e-01 0.0000000000000000e+00 1
-9.3111898079825825e-02 1.1809994132392630e-01 0.0000000000000000e+00 1
-1.0161692086011029e-01 1.2417240817442840e-01 0.0000000000000000e+00 1
1.6361064335567682e-01 1.7959988969844842e-01 0.0000000000000000e+00 1
-9.0799960523052017e-02 1.3883587841164746e-01 0.0000000000000000e+00 1
9.4952402749241382e-02 2.1868072645300377e-01 0.0000000000000000e+00 1
-2.2494548570448220e-01 -1.7112234357788303e-02 0.0000000000000000e+00 1
6.7185871848770007e-02 -7.7801532863948641e-03 0.0000000000000000e+00 1
6.2924313851344726e-02 1.7279973833184818e-03 0.0000000000000000e+00 1
1.0758127683952678e-01 -3.0272963601387903e-01 0.0000000000000000e+00 1
1.9619692369218708e-01 -4.2352681588678220e-02 0.0000000000000000e+00 1
1.1180604291808934e-01 1.1809242836836831e-01 0.0000000000000000e+00 1
1.0941978269931815e-01 9.7955926101775781e-02 0.0000000000000000e+00 1
3.0337504199896093e-01 1.6950647989697867e-01 0.0000000000000000e+00 1
6.3350583236078450e-02 5.0750585880678691e-02 0.0000000000000000e+00 1
1.6601216908669772e-01 -2.3058396898668890e-01 0.0000000000000000e+00 1
-1.8157767738729164e-01 -1.9455768141925603e-01 0.0000000000000000e+00 1
2.3634211643199621e-02 -4.2184912326518609e-02 0.0000000000000000e+00 1
-2.0664854316253312e-01 1.2304368348384037e-01 0.0000000000000000e+00 1
6.7885551385618277e-03 -4.0366011269325514e-02 0.0000000000000000e+00 1
3.8615968156628780e-02 -2.0522979075419578e-01 0.0000000000000000e+00 1
1.2125653308511994e-01 -4.6612766687208457e-02 0.0000000000000000e+00 1
6.8593949658088627e-02 1.6869808207113463e-01 0.0000000000000000e+00 1
2.5070330278919417e-01 -2.6659806899055122e-01 0.0000000000000000e+00 1
2.4983045271364934e-01 -2.7599245848610804e-01 0.0000000000000000e+00 1
2.1165014043690387e-02 8.9595760696293159e-02 0.0000000000000000e+00 1
2.7864128802343580e-01 7.9614507841479679e-02 0.0000000000000000e+00 1
-3.3475918251248937e-01 1.7975129976082233e-01 0.0000000000000000e+00 1
-3.4321519823388974e-01 1.8566315237240724e-01 0.0000000000000000e+00 1
-3.4401634821756710e-01 1.7586175906421647e-01 0.0000000000000000e+00 1
-3.5170216840750235e-01 1.8188058751566566e-01 0.0000000000000000e+00 1
-2.4350813859899856e-01 -2.4988338767122649e-02 0.0000000000000000e+00 1
-1.2131992013022130e-01 -2.3012387672455770e-02 0.0000000000000000e+00 1
1.2192754936497965e-01 2.6268443829324850e-01 0.0000000000000000e+00 1
6.2708323680657693e-02 1.9568747894204069e-01 0.0000000000000000e+00 1
-4.9500239190151452e-02 3.8434811968721583e-01 0.0000000000000000e+00 1
3.0415015698583492e-01 1.4368700245785579e-01 0.0000000000000000e+00 1
1.3895461928296582e-01 -3.0637569885297722e-01 0.0000000000000000e+00 1
-9.3637519343018588e-02 -8.4531467552830114e-02 0.0000000000000000e+00 1
1.7999527964367884e-01 -1.8544362642155210e-01 0.0000000000000000e+00 1
1.8299989152481377e-01 3.2839294372895944e-01 0.0000000000000000e+00 1
1.9420981110555738e-01 3.3363927288412082e-01 0.0000000000000000e+00 1
1.8412955582723015e-01 3.3868676542753079e-01 0.0000000000000000e+00 1
1.9342560503773343e-01 3.4361553522006860e-01 0.0000000000000000e+00 1
-1.0169215546977808e-01 1.9518784658425270e-01 0.0000000000000000e+00 1
-1.5534597949365581e-01 -1.8667597097041543e-02 0.0000000000000000e+00 1
1.0132879671190320e-01 3.1146145670056569e-01 0.0000000000000000e+00 1
-2.3043747297399234e-02 8.9740904249564074e-02 0.0000000000000000e+00 1
-1.3641292416003791e-02 9.3712832729307943e-02 0.0000000000000000e+00 1
7.0780978909373543e-02 -3.4467299307128607e-01 0.0000000000000000e+00 1
8.7729897173465771e-02 6.0146792870320431e-02 0.0000000000000000e+00 1
-8.9180867696791719e-02 2.2135287526185929e-01 0.0000000000000000e+00 1
1.7546387477594119e-01 2.0424425566434481e-01 0.0000000000000000e+00 1
-2.3627709610775549e-01 -2.1531541743731716e-01 0.0000000000000000e+00 1
-5.9936128752730147e-02 2.2392261339849751e-01 0.0000000000000000e+00 1
-1.5565310893278853e-01 3.9905806589866852e-02 0.0000000000000000e+00 1
3.4282547121197424e-02 -1.8565128560581231e-02 0.0000000000000000e+00 1
1.0717140265447866e-01 7.7926164474759807e-02 0.0000000000000000e+00 1
1.3972949432812001e-01 2.0835341266673091e-01 0.0000000000000000e+00 1
1.7540621249561636e-01 3.4414882683190196e-01 0.0000000000000000e+00 1
1.7638656774548286e-01 3.5595349571837503e-01 0.0000000000000000e+00 1
1.6828414469850519e-01 3.5991176355416821e-01 0.0000000000000000e+00 1
-3.2651864837096789e-01 2.5203412259399829e-02 0.0000000000000000e+00 1
4.7292029490787835e-03 -5.9593949879694311e-02 0.0000000000000000e+00 1
2.6678161885972402e-03 -7.8675185364553035e-02 0.0000000000000000e+00 1
6.5530402557301443e-02 7.0715165976160343e-02 0.0000000000000000e+00 1
2.4652191620785391e-01 -6.8388072338067735e-02 0.0000000000000000e+00 1
-1.2704262313439144e-01 2.7322429209386528e-03 0.0000000000000000e+00 1
7.1217816566983033e-02 -2.5485740179785554e-01 0.0000000000000000e+00 1
4.4615656910165280e-02 1.1916817486421527e-01 0.0000000000000000e+00 1
1.2006145181960962e-01 -5.6633532915679533e-02 0.0000000000000000e+00 1
1.7040382358331732e-01 -4.3853604412024919e-02 0.0000000000000000e+00 1
3.1507588324942865e-01 1.6106058391538336e-02 0.0000000000000000e+00 1
2.8260753284932900e-02 2.1033959947211445e-01 0.0000000000000000e+00 1
-9.2761554040688532e-02 -2.3242318231508979e-01 0.0000000000000000e+00 1
-1.4132009295643222e-01 9.6598350688794229e-02 0.0000000000000000e+00 1
7.7664802594873933e-02 2.8721960379244196e-02 0.0000000000000000e+00 1
2.4186534548066088e-02 -2.5427758456340049e-01 0.0000000000000000e+00 1
1.9778877763483799e-01 1.6526406367875807e-01 0.0000000000000000e+00 1
-1.2079027802904943e-01 1.1550591951977393e-01 0.0000000000000000e+00 1
6.1661516319773825e-02 4.0877518519547906e-02 0.0000000000000000e+00 1
-1.5873596818877414e-01 2.0126679937535724e-01 0.0000000000000000e+00 1
-5.5481658650984318e-02 -9.7701315689393380e-03 0.0000000000000000e+00 1
-8.3591508742101375e-02 3.4937868623080504e-01 0.0000000000000000e+00 1
-8.2181346541676067e-02 3.6078655368981200e-01 0.0000000000000000e+00 1
2.5530590867898356e-02 1.8955733898722771e-01 0.0000000000000000e+00 1
-1.7761855234870177e-01 -1.4889836019552510e-01 0.0000000000000000e+00 1
-3.7022460634120527e-03 -3.3221570788825217e-01 0.0000000000000000e+00 1
8.0527927486916201e-02 -3.3163739391239605e-01 0.0000000000000000e+00 1
-1.4773955859493496e-01 1.2373048538714844e-01 0.0000000000000000e+00 1
1.9077797786437356e-01 1.8158804243458443e-01 0.0000000000000000e+00 1
1.4805044054412897e-01 2.5366957380673938e-01 0.0000000000000000e+00 1
8.0132047763254971e-02 6.7263390596988770e-02 0.0000000000000000e+00 1
-1.8007754940462983e-01 1.1470902649164608e-01 0.0000000000000000e+00 1
-7.9027086715539790e-02 -2.8101409397737492e-01 0.0000000000000000e+00 1
9.8584746584986727e-02 -1.8574141142142800e-02 0.0000000000000000e+00 1
-2.7744828486861384e-01 -1.0827332800249289e-02 0.0000000000000000e+00 1
1.2843394540416908e-01 3.2347761783686291e-01 0.0000000000000000e+00 1
1.0300623158357664e-01 2.5448906509353930e-01 0.0000000000000000e+00 1
1.7076833943640074e-01 1.6324391078534242e-01 0.0000000000000000e+00 1
-1.2011077008677384e-01 2.9095616279619374e-01 0.0000000000000000e+00 1
1.0388415055652847e-01 -2.5902761241140820e-01 0.0000000000000000e+00 1
6.0235697864512758e-02 1.7492653366284611e-01 0.0000000000000000e+00 1
1.2690287774842654e-01 -8.4362212800380768e-02 0.0000000000000000e+00 1
8.4256341770507451e-03 3.2542334056347083e-01 0.0000000000000000e+00 1
-5.0510047972634642e-02 -2.3663847717437145e-01 0.0000000000000000e+00 1
-4.9435489729415166e-02 -2.2772736910214703e-01 0.0000000000000000e+00 1
2.7249504908570898e-01 1.6736948671881771e-01 0.0000000000000000e+00 1
3.9651776270663075e-02 -3.3142737641920716e-01 0.0000000000000000e+00 1
-1.8303383813922447e-01 -3.9035884785481915e-02 0.0000000000000000e+00 1
2.6402697324717561e-01 -7.0254497936893978e-02 0.0000000000000000e+00 1
-1.4610218069146500e-03 -2.0581235807067083e-01 0.0000000000000000e+00 1
-2.6713665624755367e-01 -7.5019850121515963e-02 0.0000000000000000e+00 1
-2.4094627072958999e-01 2.7743170440193593e-01 0.0000000000000000e+00 1
-2.8921007010193478e-01 -3.5408331101515290e-02 0.0000000000000000e+00 1
-7.7996933506414387e-02 -2.2540754262641077e-01 0.0000000000000000e+00 1
-3.3674381328512512e-02 -2.9477014899119658e-01 0.0000000000000000e+00 1
-1.4327286174434031e-01 7.5775785029309761e-02 0.0000000000000000e+00 1
1.8832470575007557e-01 1.1103467675344885e-02 0.0000000000000000e+00 1
1.7900251532201616e-01 2.8693568781716122e-01 0.0000000000000000e+00 1
2.1362188222715164e-01 2.2081067241335722e-01 0.0000000000000000e+00 1
1.6347933914431761e-01 -1.7339796609899771e-01 0.0000000000000000e+00 1
1.2169117844036011e-01 -1.2285105670287021e-01 0.0000000000000000e+00 1
-1.2962524642340728e-01 2.0379311100682546e-01 0.0000000000000000e+00 1
2.3061139481160256e-01 -2.0502848916841576e-01 0.0000000000000000e+00 1
3.9287209135024622e-03 -2.2932348845853912e-01 0.0000000000000000e+00 1
1.3618634555655590e-01 -7.8884486313936950e-02 0.0000000000000000e+00 1
4.7341441106958246e-02 2.8692084587767763e-01 0.0000000000000000e+00 1
1.1731299614276935e-01 2.9932104805229703e-01 0.0000000000000000e+00 1
-1.6779540946682517e-01 2.8694698146879671e-01 0.0000000000000000e+00 1
-1.9016265357392281e-01 1.8005921925684115e-01 0.0000000000000000e+00 1
8.1303839401956915e-02 -3.8098649760963686e-02 0.0000000000000000e+00 1
1.7788516619503528e-01 2.2489186470057898e-01 0.0000000000000000e+00 1
1.7346163215747434e-01 3.2401162161452313e-01 0.0000000000000000e+00 1
-1.3624456461986671e-02 2.9614992096821702e-01 0.0000000000000000e+00 1
1.7240450296622462e-01 3.1378675724687977e-01 0.0000000000000000e+00 1
1.5239030049199676e-01 2.9525334630252842e-01 0.0000000000000000e+00 1
-2.8850876007483856e-01 5.1322853705154173e-02 0.0000000000000000e+00 1
1.1295221893505789e-01 -1.8111284094281960e-01 0.0000000000000000e+00 1
-1.3873793202225546e-01 -2.1666040578761697e-01 0.0000000000000000e+00 1
-8.0648193213832153e-02 -1.7547768291807253e-01 0.0000000000000000e+00 1
2.0949623687350535e-01 -1.6262781863326323e-01 0.0000000000000000e+00 1
-2.4268464224685222e-02 7.9519345829609567e-02 0.0000000000000000e+00 1
-6.8897482385442757e-02 1.6873002827987019e-01 0.0000000000000000e+00 1
-5.1283833927389735e-02 7.7355537693835630e-02 0.0000000000000000e+00 1
-1.4569954604984628e-01 1.4513092113505599e-01 0.0000000000000000e+00 1
-5.4633633941289297e-02 -1.9955174815398083e-01 0.0000000000000000e+00 1
-2.6031764905070615e-01 1.5083057200699743e-01 0.0000000000000000e+00 1
1.8251494885273778e-01 1.1086030575760966e-01 0.0000000000000000e+00 1
2.7015837531156084e-01 1.4744243743185842e-01 0.0000000000000000e+00 1
-3.1638444446060798e-01 -3.7552594628997925e-02 0.0000000000000000e+00 1
1.6490759035420266e-01 -2.4060349470554843e-01 0.0000000000000000e+00 1
7.0526096964671848e-03 -2.6183601196265732e-01 0.0000000000000000e+00 1
-1.5241780248661915e-01 1.0807985187423900e-02 0.0000000000000000e+00 1
1.4289697559530465e-01 -2.0297686367857987e-01 0.0000000000000000e+00 1
-1.9038740096182621e-01 2.6593813871650185e-01 0.0000000000000000e+00 1
-2.2255998682493963e-01 2.4076752279257696e-01 0.0000000000000000e+00 1
-1.1919756997691908e-01 3.0236395115947756e-01 0.0000000000000000e+00 1
2.0696104405602100e-01 -1.8345977587698295e-01 0.0000000000000000e+00 1
2.4759859641329163e-01 -5.8455595553107087e-02 0.0000000000000000e+00 1
2.0733577967260589e-01 2.8773868452311727e-02 0.0000000000000000e+00 1
2.2129401669056284e-01 -6.0460489381538668e-02 0.0000000000000000e+00 1
-2.8167388147448058e-01 1.2182622499489833e-01 0.0000000000000000e+00 1
-1.4459590641331388e-01 -7.9536481966286932e-02 0.0000000000000000e+00 1
6.2840555316960950e-02 -2.0305960125375125e-01 0.0000000000000000e+00 1
-1.4643266113394782e-01 -1.5044035742979144e-02 0.0000000000000000e+00 1
-2.0859025449364321e-01 1.9381557791414000e-01 0.0000000000000000e+00 1
-3.0318278345378968e-01 -2.7988436654288453e-03 0.0000000000000000e+00 1
1.7702944502037643e-01 6.1775331730888991e-02 0.0000000000000000e+00 1
-2.0321125412515861e-01 2.3854367442242025e-01 0.0000000000000000e+00 1
-1.7917542253894170e-01 -1.6744733244899226e-01 0.0000000000000000e+00 1
1.4311198614808854e-02 2.9833184682336017e-01 0.0000000000000000e+00 1
-3.0447246033462105e-01 -8.1218629933527298e-02 0.0000000000000000e+00 1
-1.4457834757415602e-01 -2.5495608118696689e-01 0.0000000000000000e+00 1
4.4975179516470849e-02 -3.5575175460232400e-01 0.0000000000000000e+00 1
-2.9062498642595841e-01 3.1418075200618775e-02 0.0000000000000000e+00 1
-2.9170009196728902e-01 2.1436796477056971e-02 0.0000000000000000e+00 1
2.7035019430201462e-01 -9.6561547059394723e-02 0.0000000000000000e+00 1
-1.7185051269502541e-01 3.3622325063248937e-01 0.0000000000000000e+00 1
2.1624500523366269e-01 -1.0084340002253811e-01 0.0000000000000000e+00 1
-2.1444984776364942e-01 -2.0970200948281909e-01 0.0000000000000000e+00 1
-1.5618427891314990e-01 2.2375414417685174e-01 0.0000000000000000e+00 1
2.1304422612599133e-01 1.7046386035078046e-03 0.0000000000000000e+00 1
1.7998918180609172e-01 -2.6287962827049344e-01 0.0000000000000000e+00 1
5.1875248285804809e-02 1.8117210519175753e-01 0.0000000000000000e+00 1
-3.1134683975632282e-01 3.2818419837348685e-03 0.0000000000000000e+00 1
-6.7943113555375703e-02 3.8852335371021829e-01 0.0000000000000000e+00 1
-8.1116412982852382e-02 3.7361023935028698e-01 0.0000000000000000e+00 1
-1.1461138149294764e-01 8.8432089427356503e-02 0.0000000000000000e+00 1
-1.2837749887020503e-01 2.1483128044401140e-01 0.0000000000000000e+00 1
-2.1556834025126062e-01 1.2953457820172282e-01 0.0000000000000000e+00 1
-8.7874928135169200e-02 2.3234992950162620e-01 0.0000000000000000e+00 1
-1.7023686347660699e-01 1.1947565153466427e-01 0.0000000000000000e+00 1
2.3625864302232016e-01 -2.3274985040313617e-01 0.0000000000000000e+00 1
-2.0466654758025310e-01 -7.7179129226429499e-02 0.0000000000000000e+00 1
9.9107614449334525e-02 8.3929335586352571e-02 0.0000000000000000e+00 1
-2.3256983644486073e-01 2.9607357777013588e-01 0.0000000000000000e+00 1
-2.2095696229736111e-01 2.9309102720913066e-01 0.0000000000000000e+00 1
2.7704821646117178e-01 -3.6462678450196004e-02 0.0000000000000000e+00 1
2.6476524594114031e-01 2.4591029326106720e-01 0.0000000000000000e+00 1
3.0264109948203621e-01 -3.4126126038172819e-02 0.0000000000000000e+00 1
5.2730404821502083e-02 -2.2563503745753435e-01 0.0000000000000000e+00 1
-2.8887264180596250e-01 -1.0454039834056594e-01 0.0000000000000000e+00 1
4.2682919251455988e-02 -2.8521172865274569e-01 0.0000000000000000e+00 1
-1.4037308330766107e-01 -4.0457917129062188e-02 0.0000000000000000e+00 1
3.0720579989220342e-01 1.6053436064431020e-01 0.0000000000000000e+00 1
-1.5115611293743528e-01 3.4714640365792582e-01 0.0000000000000000e+00 1
4.8905105691147178e-02 3.0739964394920055e-01 0.0000000000000000e+00 1
7.5363726650897175e-02 3.0939512882272374e-01 0.0000000000000000e+00 1
2.5474887268303237e-01 -7.4368993409543713e-02 0.0000000000000000e+00 1
1.2697300148831298e-01 -3.3800757810617532e-01 0.0000000000000000e+00 1
8.2175020713771731e-03 -3.0021208146617440e-01 0.0000000000000000e+00 1
2.5607487514550065e-01 -2.2439643447038493e-01 0.0000000000000000e+00 1
2.6702515176222158e-01 -2.1913491770413152e-01 0.0000000000000000e+00 1
2.6461100987599800e-01 -2.3094444423881269e-01 0.0000000000000000e+00 1
-5.8022390886694850e-02 -3.9278275581854434e-02 0.0000000000000000e+00 1
-1.1819757981694443e-01 6.4158120057135146e-03 0.0000000000000000e+00 1
-2.7672176481880617e-01 -7.9210147698754257e-02 0.0000000000000000e+00 1
2.1676172355222616e-02 -2.1289343557861801e-01 0.0000000000000000e+00 1
1.9901114798848824e-01 3.0600802425838847e-01 0.0000000000000000e+00 1
-5.6120124465750106e-02 -1.9627884134677764e-02 0.0000000000000000e+00 1
-9.9031391437311433e-02 -5.9666882908577558e-02 0.0000000000000000e+00 1
1.4079460947852329e-01 2.1882565342622973e-01 0.0000000000000000e+00 1
2.7414179135255434e-01 -2.3778405293593174e-01 0.0000000000000000e+00 1
1.9123974957437850e-01 -2.3854786604367884e-01 0.0000000000000000e+00 1
1.4878557790816183e-01 -2.2882469573411762e-01 0.0000000000000000e+00 1
-5.8364714940532074e-02 3.1769634754769749e-01 0.0000000000000000e+00 1
6.8164592600932203e-02 -1.5576592841064757e-01 0.0000000000000000e+00 1
-2.9852400738451762e-01 -1.0911445796628447e-01 0.0000000000000000e+00 1
1.0948516036820262e-01 -3.5375541132433552e-01 0.0000000000000000e+00 1
-1.0272016888007066e-01 1.1365762853850359e-01 0.0000000000000000e+00 1
-2.3522700906320063e-01 2.1376139176090017e-01 0.0000000000000000e+00 1
1.8488070812263080e-01 1.3087932277426917e-01 0.0000000000000000e+00 1
-3.7168669147651873e-01 5.9657207526715656e-03 0.0000000000000000e+00 1
-3.7965049607283297e-01 1.1534963787829956e-02 0.0000000000000000e+00 1
3.5561536204949132e-02 -2.3297715011522482e-01 0.0000000000000000e+00 1
-2.3737739398755930e-01 1.9173190508810994e-01 0.0000000000000000e+00 1
-6.0174825564326101e-02 -5.8273872029674489e-02 0.0000000000000000e+00 1
3.2109043904224303e-02 -3.2575969743247563e-01 0.0000000000000000e+00 1
-5.5348911114842473e-03 8.7544115391386637e-02 0.0000000000000000e+00 1
-1.9195929070778861e-01 3.2200791258381867e-01 0.0000000000000000e+00 1
1.8499957620177038e-01 2.0834802320902449e-01 0.0000000000000000e+00 1
-3.0111206853811534e-01 1.0350157326535514e-01 0.0000000000000000e+00 1
-3.0852963227036539e-01 1.0853175956179095e-01 0.0000000000000000e+00 1
1.4518401571043258e-02 3.7730826171089993e-01 0.0000000000000000e+00 1
-1.5936046796606679e-01 -1.3177352264383921e-01 0.0000000000000000e+00 1
3.0892275959491811e-01 1.2795341184503309e-01 0.0000000000000000e+00 1
8.0602830850297097e-02 -2.5098083086964751e-01 0.0000000000000000e+00 1
-3.1301180117280319e-01 -7.4844773988607935e-02 0.0000000000000000e+00 1
-3.2426471923384653e-01 -8.0063928311020868e-02 0.0000000000000000e+00 1
-3.2149069042130451e-01 -6.8363606267598104e-02 0.0000000000000000e+00 1
-2.4727329486499705e-01 1.8729130485120038e-01 0.0000000000000000e+00 1
-1.1822261546911482e-01 2.1921976930708786e-01 0.0000000000000000e+00 1
1.9900761868393507e-01 1.7540969094750819e-01 0.0000000000000000e+00 1
2.3425154713830298e-01 2.3989890911305495e-01 0.0000000000000000e+00 1
-2.1313714753348967e-01 3.1000990898644903e-01 0.0000000000000000e+00 1
-2.0257054184026535e-01 3.0342066475420015e-01 0.0000000000000000e+00 1
2.8783298075090835e-02 6.4938725161245020e-03 0.0000000000000000e+00 1
-6.2289719902010626e-02 -7.7057992868654571e-02 0.0000000000000000e+00 1
-2.4603255598186285e-01 -1.3405545864618496e-01 0.0000000000000000e+00 1
-3.2451876879627625e-02 1.6453558789869038e-01 0.0000000000000000e+00 1
5.2547933364849676e-02 -3.6130389952604580e-01 0.0000000000000000e+00 1
1.6243951420306474e-01 1.6936980038916982e-01 0.0000000000000000e+00 1
-1.6161131632035844e-01 3.2975891820297870e-01 0.0000000000000000e+00 1
5.3110460871212642e-02 1.9158802236040376e-01 0.0000000000000000e+00 1
3.0493747535289334e-01 -1.1496511818044196e-01 0.0000000000000000e+00 1
-1.2629839919373026e-01 -1.4358264101842549e-01 0.0000000000000000e+00 1
-7.6007055023234751e-02 -2.0937784876031124e-01 0.0000000000000000e+00 1
-5.7290668916763383e-02 -2.3174427204268358e-01 0.0000000000000000e+00 1
-1.1404629202585118e-01 2.5186245906881954e-01 0.0000000000000000e+00 1
2.5892987538750023e-01 2.5520799188926035e-01 0.0000000000000000e+00 1
-2.6662627516267229e-01 -1.5193615404565006e-01 0.0000000000000000e+00 1
-2.5128405852461100e-01 2.4963670499756901e-01 0.0000000000000000e+00 1
-1.3458285976602483e-01 3.3906555352942469e-01 0.0000000000000000e+00 1
-2.8746544204299901e-01 6.1144920936632915e-02 0.0000000000000000e+00 1
1.3217618485711660e-01 2.2472456432476179e-01 0.0000000000000000e+00 1
-1.4325927516750095e-01 1.6661361859169208e-01 0.0000000000000000e+00 1
-7.1797423299060123e-02 3.6535507598272648e-01 0.0000000000000000e+00 1
-2.3237902076577019e-01 1.5313037478990144e-01 0.0000000000000000e+00 1
2.7633168074181125e-01 -1.2360070694315178e-01 0.0000000000000000e+00 1
1.2307679516201772e-01 -3.7287813935154179e-01 0.0000000000000000e+00 1
2.4577157184828471e-01 1.5554577579768650e-01 0.0000000000000000e+00 1
1.1042356715460321e-02 -3.6153163189014320e-01 0.0000000000000000e+00 1
2.9286050581241042e-02 3.5536404340795574e-01 0.0000000000000000e+00 1
-9.6875911438808887e-02 3.2259230880343248e-01 0.0000000000000000e+00 1
-7.5054825787496007e-04 -3.0396000438495951e-01 0.0000000000000000e+00 1
1.4304115771839160e-01 2.9122647768443333e-01 0.0000000000000000e+00 1
2.2809602173628649e-01 -3.1236811772965412e-01 0.0000000000000000e+00 1
-3.9648241788147554e-01 5.3266671403861675e-02 0.0000000000000000e+00 1
2.7451624482280679e-01 -1.4474434802456312e-01 0.0000000000000000e+00 1
-2.2322308650505501e-01 -8.5162458005534902e-02 0.0000000000000000e+00 1
-2.6922253402371099e-01 -1.6881367949090811e-02 0.0000000000000000e+00 1
2.7231341552628330e-01 -1.6538513488724510e-01 0.0000000000000000e+00 1
2.0319988697465818e-01 -3.5812037072672420e-01 0.0000000000000000e+00 1
2.1501964098006537e-01 -3.4619874100441256e-01 0.0000000000000000e+00 1
-1.8202674495020849e-01 -2.8920155795435516e-02 0.0000000000000000e+00 1
-2.1101097509325779e-02 -3.3977813258110956e-01 0.0000000000000000e+00 1
1.5532733624922052e-01 1.8578999492346912e-01 0.0000000000000000e+00 1
-1.3031803240336193e-01 3.5958291812510412e-01 0.0000000000000000e+00 1
1.0121885648344248e-01 3.8375055953572551e-01 0.0000000000000000e+00 1
3.1489184055187663e-01 1.4267012631184858e-01 0.0000000000000000e+00 1
1.6789767879235329e-01 -3.1958834695914717e-01 0.0000000000000000e+00 1
-3.4767963165666427e-01 -6.2254679223721368e-02 0.0000000000000000e+00 1
-3.3730954513751588e-01 -6.2067743425848518e-02 0.0000000000000000e+00 1
2.0763254089846198e-01 -2.5148138039095042e-01 0.0000000000000000e+00 1
-2.6478072834984112e-01 2.0003707883272831e-01 0.0000000000000000e+00 1
1.8839551624658130e-01 1.0816740181601241e-03 0.0000000000000000e+00 1
-1.0916914618184856e-01 3.7019045264174655e-01 0.0000000000000000e+00 1
-1.0022277981275171e-01 3.6322538311329150e-01 0.0000000000000000e+00 1
-1.1907083275134252e-01 -2.9744867513081058e-01 0.0000000000000000e+00 1
-3.3621398838708028e-01 -8.0573067665173706e-02 0.0000000000000000e+00 1
-1.6030632178540904e-01 1.7131213667921169e-02 0.0000000000000000e+00 1
2.5157250370681739e-01 5.0514341044635619e-02 0.0000000000000000e+00 1
2.4261689483307772e-01 3.3772629783273438e-02 0.0000000000000000e+00 1
-3.8744753705289969e-01 1.1319355286361718e-01 0.0000000000000000e+00 1
-3.8677013028980689e-01 1.2159242783825031e-01 0.0000000000000000e+00 1
-1.3564229210272322e-01 -1.9099116482335671e-01 0.0000000000000000e+00 1
-1.9142011537086978e-01 -1.1853790107245055e-01 0.0000000000000000e+00 1
-2.8500775364634845e-01 -7.3001914813066407e-02 0.0000000000000000e+00 1
2.0407852789882591e-01 2.1657731081747666e-01 0.0000000000000000e+00 1
2.6703734791270922e-01 -2.6019530542928609e-01 0.0000000000000000e+00 1
-1.5144780818430997e-01 -1.9791452595389736e-01 0.0000000000000000e+00 1
-3.4599487997166956e-01 7.5174880680848131e-03 0.0000000000000000e+00 1
-2.2702929504062615e-02 1.6880770947125889e-01 0.0000000000000000e+00 1
-2.1351594370270413e-01 2.3400198023490154e-01 0.0000000000000000e+00 1
2.7991810974145309e-01 -9.2342841921735724e-02 0.0000000000000000e+00 1
-2.6884601634659461e-01 1.5697683550063066e-01 0.0000000000000000e+00 1
1.2688695509746259e-01 -2.7629379294830880e-01 0.0000000000000000e+00 1
2.5366787630547205e-01 6.8861904854398484e-02 0.0000000000000000e+00 1
2.6974797024451641e-01 2.1629835893274513e-01 0.0000000000000000e+00 1
-3.4404690014773331e-01 8.2946514985919317e-02 0.0000000000000000e+00 1
-9.7482757756015975e-02 -3.0508062518045842e-01 0.0000000000000000e+00 1
1.0026254489292827e-01 9.3951050318648380e-02 0.0000000000000000e+00 1
-2.7166393663812993e-01 -3.7457761737518247e-02 0.0000000000000000e+00 1
1.7677230712737410e-01 -2.9327624819515169e-01 0.0000000000000000e+00 1
6.3967152743790806e-02 2.0615345382478903e-01 0.0000000000000000e+00 1
1.4447319011922827e-01 -2.6838443589684979e-01 0.0000000000000000e+00 1
-6.5851398041588738e-02 -3.0046815672388200e-01 0.0000000000000000e+00 1
-3.1887961524131148e-01 -5.8321512983800401e-02 0.0000000000000000e+00 1
-3.5462755483842395e-01 6.0692813886407487e-02 0.0000000000000000e+00 1
-3.1725168235201184e-01 1.0372460590758903e-01 0.0000000000000000e+00 1
-2.0083749534406176e-01 2.6127735094858334e-01 0.0000000000000000e+00 1
-4.5904032781122428e-02 -2.5886209111634195e-01 0.0000000000000000e+00 1
-3.0538394475966979e-01 2.3780389491690865e-01 0.0000000000000000e+00 1
9.5951344389305929e-02 -3.3406266825845898e-01 0.0000000000000000e+00 1
1.7376758931836894e-01 3.2526390036506383e-02 0.0000000000000000e+00 1
2.5555735140886437e-01 8.7067425453484587e-02 0.0000000000000000e+00 1
9.3434052137557844e-02 3.1745412272368850e-01 0.0000000000000000e+00 1
-9.7048678168486835e-02 -1.7385026124047953e-01 0.0000000000000000e+00 1
-3.2589175176949525e-01 -4.1640412012972083e-02 0.0000000000000000e+00 1
2.7666475737181151e-01 1.3197733854760541e-01 0.0000000000000000e+00 1
-2.1377694681651993e-01 1.5094628902901358e-01 0.0000000000000000e+00 1
8.2575774347297681e-02 -6.6409565319958831e-03 0.0000000000000000e+00 1
2.4626328761314081e-01 1.7519761558759717e-01 0.0000000000000000e+00 1
2.5331669402002244e-01 -2.8981359542615504e-01 0.0000000000000000e+00 1
-3.5850034761712801e-01 -4.4096190110532625e-02 0.0000000000000000e+00 1
-2.7039451653408425e-01 -2.7160032017752418e-02 0.0000000000000000e+00 1
-4.8613481585116670e-02 -2.8492747837260179e-01 0.0000000000000000e+00 1
1.4569588187412164e-01 1.8160425468335983e-01 0.0000000000000000e+00 1
-3.3404352571411400e-01 1.9869785287098099e-01 0.0000000000000000e+00 1
1.8623531873424570e-01 2.1867178392984804e-01 0.0000000000000000e+00 1
3.0992134540233762e-01 -4.9419592825648465e-02 0.0000000000000000e+00 1
1.8153679477670859e-01 -3.4019974668987929e-01 0.0000000000000000e+00 1
-2.1932983716393542e-01 -1.8532327661734463e-01 0.0000000000000000e+00 1
-1.4997145751269878e-02 2.8535257285212734e-01 0.0000000000000000e+00 1
-2.1364925307979885e-02 1.7945026990088506e-01 0.0000000000000000e+00 1
3.3534150242707388e-02 1.9373679243167814e-02 0.0000000000000000e+00 1
-1.1163843358263634e-02 1.1426724439971689e-01 0.0000000000000000e+00 1
-2.8193463151176029e-01 -1.3115246416085105e-01 0.0000000000000000e+00 1
-1.5602012886496236e-01 1.2995897412098842e-01 0.0000000000000000e+00 1
2.2642694637561526e-02 -2.0377667654666667e-01 0.0000000000000000e+00 1
-2.4510246874375310e-01 2.0908362682795981e-01 0.0000000000000000e+00 1
-2.4298562426329195e-01 -1.0360762940484511e-01 0.0000000000000000e+00 1
2.4405438740768176e-01 2.4409048582179377e-01 0.0000000000000000e+00 1
-3.2165104288073237e-01 2.2297786277584963e-01 0.0000000000000000e+00 1
-3.1262346327067980e-01 -6.8108044501323187e-03 0.0000000000000000e+00 1
-1.2965418571904075e-01 2.9735398870347785e-01 0.0000000000000000e+00 1
2.4397873497989725e-01 -3.0767412019865570e-01 0.0000000000000000e+00 1
2.4481220982097085e-01 -2.3907777457268420e-01 0.0000000000000000e+00 1
-9.5326301357882406e-02 9.7153348595857947e-02 0.0000000000000000e+00 1
1.5723428068155537e-01 -3.4167235553016839e-01 0.0000000000000000e+00 1
-1.3095036367740512e-01 -2.1327463818607473e-01 0.0000000000000000e+00 1
-2.7006035799957334e-02 4.0502106307710656e-01 0.0000000000000000e+00 1
-2.4417599604656320e-01 -1.1395853582418583e-01 0.0000000000000000e+00 1
-2.5348676289539568e-01 -1.1826714883613605e-01 0.0000000000000000e+00 1
-4.3404184648006258e-02 -1.1942952376719954e-01 0.0000000000000000e+00 1
2.1194115046882944e-01 -6.4472547178489048e-02 0.0000000000000000e+00 1
-4.6955685022381510e-02 3.9745451656386310e-01 0.0000000000000000e+00 1
-2.7328113343647049e-02 3.9302411473942567e-01 0.0000000000000000e+00 1
6.8214463003065176e-02 1.0002328164765625e-01 0.0000000000000000e+00 1
-3.7504912514665156e-01 9.4767671200698844e-02 0.0000000000000000e+00 1
1.3865122887450682e-01 3.5644320089497084e-01 0.0000000000000000e+00 1
1.4100027962122555e-01 -3.4889550789817880e-01 0.0000000000000000e+00 1
2.1183995188351218e-01 3.2717484273607034e-01 0.0000000000000000e+00 1
3.0728096351541756e-01 -8.9544324455562041e-02 0.0000000000000000e+00 1
2.0735424120896434e-01 3.1026975289040992e-01 0.0000000000000000e+00 1
-2.8848156498963573e-01 2.5271552246001533e-01 0.0000000000000000e+00 1
2.0035276980180119e-01 1.8569153791870513e-01 0.0000000000000000e+00 1
-1.1316263189313230e-01 -1.7200661199246856e-01 0.0000000000000000e+00 1
2.9014074317435101e-01 -7.7824328518289618e-02 0.0000000000000000e+00 1
-3.3277854025654773e-03 1.7705967757283606e-01 0.0000000000000000e+00 1
2.5012708449052562e-01 2.0619871276568558e-01 0.0000000000000000e+00 1
-7.1744712838603094e-03 4.1176233538026008e-01 0.0000000000000000e+00 1
3.6893318106190412e-02 1.3462112928389344e-01 0.0000000000000000e+00 1
-7.1039015331150271e-02 2.9155732518237815e-01 0.0000000000000000e+00 1
4.9705645735976522e-02 -3.9874521918180555e-01 0.0000000000000000e+00 1
3.3228047630738528e-01 5.8118658085663383e-02 0.0000000000000000e+00 1
4.3951026545960094e-02 -3.6517326729686472e-01 0.0000000000000000e+00 1
-1.1697643733031562e-01 2.3019767239092204e-01 0.0000000000000000e+00 1
-3.3626922054012562e-02 -1.1285344872324897e-01 0.0000000000000000e+00 1
3.3548483998049695e-02 -4.0219495962528951e-01 0.0000000000000000e+00 1
8.4474820844728987e-02 1.3539457795387774e-01 0.0000000000000000e+00 1
1.0138980743908817e-01 1.0400459562320652e-01 0.0000000000000000e+00 1
1.6465074915556954e-01 -1.6320395935358048e-01 0.0000000000000000e+00 1
-3.6805879183598189e-01 -2.5790550160183695e-02 0.0000000000000000e+00 1
-3.6057640666017327e-01 -1.7359438326581871e-02 0.0000000000000000e+00 1
6.3575328731750938e-03 1.8122541495794905e-01 0.0000000000000000e+00 1
1.4092139373606527e-01 3.9366119576026781e-01 0.0000000000000000e+00 1
1.1374091431930725e-01 3.5438108597977380e-01 0.0000000000000000e+00 1
7.4087109499549580e-02 3.6371125031765217e-01 0.0000000000000000e+00 1
-3.7689424841022057e-01 -7.7830723209466601e-03 0.0000000000000000e+00 1
2.3382163888339046e-02 -3.2941331827198128e-01 0.0000000000000000e+00 1
-3.4623744804014790e-04 1.2870333145306939e-01 0.0000000000000000e+00 1
2.2743174535634529e-03 -3.6537513828659085e-01 0.0000000000000000e+00 1
-1.6244921403571139e-01 -8.7078806291952429e-02 0.0000000000000000e+00 1
-1.0607082548644586e-01 3.2951324684145611e-01 0.0000000000000000e+00 1
1.5130345220828245e-01 2.8511578407671012e-01 0.0000000000000000e+00 1
-2.4947667946696051e-02 2.8076235843541336e-01 0.0000000000000000e+00 1
-6.3845640830573092e-02 -9.5355355020843538e-02 0.0000000000000000e+00 1
1.7357496232093161e-02 1.9587478104871153e-01 0.0000000000000000e+00 1
1.1976407714528983e-02 1.5398750499892397e-01 0.0000000000000000e+00 1
2.8267226081507016e-02 3.4518443231557072e-01 0.0000000000000000e+00 1
1.4535209235019222e-01 -3.7151935727985785e-01 0.0000000000000000e+00 1
-2.1862872854421483e-01 -2.3588376484229601e-01 0.0000000000000000e+00 1
4.3119787554125377e-02 2.1822927335084698e-02 0.0000000000000000e+00 1
-2.0726122307395345e-01 2.0468715208930710e-01 0.0000000000000000e+00 1
4.3047295528799961e-02 -2.3851588133267382e-01 0.0000000000000000e+00 1
2.9957111667010561e-01 8.2344519668071506e-02 0.0000000000000000e+00 1
-7.2573029902466862e-02 2.8034899865830060e-01 0.0000000000000000e+00 1
1.9730613216114207e-01 2.7444652787760637e-01 0.0000000000000000e+00 1
-3.7068334638585881e-01 1.3811531494956622e-01 0.0000000000000000e+00 1
-1.5027876302749199e-01 -1.8889935673471853e-01 0.0000000000000000e+00 1
1.9574110363113087e-01 2.2279956530384196e-01 0.0000000000000000e+00 1
-1.1839019526294739e-01 1.3661029288162724e-01 0.0000000000000000e+00 1
1.1909329224327703e-01 4.0735558598337085e-01 0.0000000000000000e+00 1
1.2043572313137678e-02 4.1663982087252455e-01 0.0000000000000000e+00 1
-4.2932651764095225e-03 9.7676239854638400e-02 0.0000000000000000e+00 1
1.7996206869310108e-01 3.6570475615835762e-01 0.0000000000000000e+00 1
1.0445934488840067e-01 -3.3044399525681967e-01 0.0000000000000000e+00 1
-3.2657942322586891e-01 -5.1558331095207799e-02 0.0000000000000000e+00 1
1.3914128975533216e-01 -4.1137592580213594e-01 0.0000000000000000e+00 1
3.1092564101943498e-01 -3.9576314114016645e-02 0.0000000000000000e+00 1
8.3337992590400228e-02 -1.9004392629820028e-02 0.0000000000000000e+00 1
-1.2593756164742159e-01 2.3688695224628370e-01 0.0000000000000000e+00 1
2.5961167534601332e-01 2.1063697030854939e-01 0.0000000000000000e+00 1
-1.4669644044833691e-01 2.9508591981782056e-01 0.0000000000000000e+00 1
-1.8075132372412853e-01 -2.6827017078649201e-01 0.0000000000000000e+00 1
1.1506882397101817e-01 1.5832719375501719e-01 0.0000000000000000e+00 1
1.1512737343172844e-01 -3.7623498893907620e-01 0.0000000000000000e+00 1
-5.4809398963184064e-03 -2.4204980618890148e-01 0.0000000000000000e+00 1
2.4851107903504979e-01 -1.2605970686179419e-01 0.0000000000000000e+00 1
-1.9959784662885460e-01 -1.1289721461413194e-01 0.0000000000000000e+00 1
1.4412068539139064e-01 -3.7991921990760452e-01 0.0000000000000000e+00 1
1.6611688476521858e-01 3.7821933299642591e-01 0.0000000000000000e+00 1
5.0995375738502567e-02 -2.4470942446304544e-01 0.0000000000000000e+00 1
1.7405747287107881e-01 -1.5888684488822966e-01 0.0000000000000000e+00 1
1.5678116471416578e-02 -3.2388222079116147e-01 0.0000000000000000e+00 1
1.0249704811395910e-01 1.1402772528612004e-01 0.0000000000000000e+00 1
-1.8952162277774307e-01 -1.9816358866700645e-01 0.0000000000000000e+00 1
-1.0703838326771650e-01 -5.4071400486532487e-02 0.0000000000000000e+00 1
-1.1121614832499628e-01 1.1984288693902652e-01 0.0000000000000000e+00 1
-8.2721023630423191e-02 2.7577494339642350e-01 0.0000000000000000e+00 1
-9.7229762375669521e-02 -4.0542650777143502e-02 0.0000000000000000e+00 1
-2.4614960138625028e-01 1.9811252574308022e-01 0.0000000000000000e+00 1
5.1043895126003866e-02 -4.0825939094687835e-01 0.0000000000000000e+00 1
1.5791692235265473e-01 -2.2474231170468889e-01 0.0000000000000000e+00 1
-1.2065176508633114e-01 -1.8419448082293244e-01 0.0000000000000000e+00 1
4.0209196212675213e-02 -3.9452700457226914e-01 0.0000000000000000e+00 1
2.5463885733786595e-01 -2.3498150038265955e-01 0.0000000000000000e+00 1
7.9243813956635600e-02 -3.4104034456172461e-01 0.0000000000000000e+00 1
-2.2238641581434521e-01 1.5734642489397177e-01 0.0000000000000000e+00 1
-3.6773482397721202e-01 1.6983863142567293e-01 0.0000000000000000e+00 1
2.9187402524234496e-01 -1.2821450536298279e-01 0.0000000000000000e+00 1
-1.3937438053198747e-01 -2.7469851524927569e-01 0.0000000000000000e+00 1
-1.4649426782093319e-01 -2.8527541762896941e-01 0.0000000000000000e+00 1
-3.4725266586164361e-01 5.4263002880121876e-02 0.0000000000000000e+00 1
8.2674829618126118e-03 -3.0929261713650491e-01 0.0000000000000000e+00 1
1.5930057147268473e-01 2.7896265114427654e-01 0.0000000000000000e+00 1
-1.1658221975084168e-01 -2.1505738031435351e-01 0.0000000000000000e+00 1
6.5601627855747576e-03 3.8334560421672148e-01 0.0000000000000000e+00 1
-1.4260835174828668e-01 -1.8600245291008810e-01 0.0000000000000000e+00 1
-2.2703306514737773e-01 -1.7995881431108307e-01 0.0000000000000000e+00 1
-1.0445749989911098e-01 3.4063625293990035e-01 0.0000000000000000e+00 1
-3.8745675152807763e-01 1.3943737436402273e-01 0.0000000000000000e+00 1
1.0776296550228977e-01 -3.7116643484167583e-01 0.0000000000000000e+00 1
2.3474377508599711e-01 -9.2895460828999091e-02 0.0000000000000000e+00 1
8.1617372703608485e-02 4.2576859963605768e-01 0.0000000000000000e+00 1
-3.4084572622812997e-01 1.1009887076214522e-01 0.0000000000000000e+00 1
-2.8239267876140756e-01 -5.2066024507505665e-02 0.0000000000000000e+00 1
-1.7492268135642395e-02 2.6363374707504172e-01 0.0000000000000000e+00 1
-3.9069540978454464e-01 2.6595454628667844e-02 0.0000000000000000e+00 1
-1.0494417712409967e-01 9.2818395847003923e-02 0.0000000000000000e+00 1
3.1081559447178858e-02 -1.9982763966132183e-01 0.0000000000000000e+00 1
-1.2880812810841458e-01 -1.7927633236609342e-01 0.0000000000000000e+00 1
-1.6348985023938556e-01 -2.4132964516474356e-01 0.0000000000000000e+00 1
1.7653783091868314e-01 -3.1588925340404322e-01 0.0000000000000000e+00 1
5.0526306633909723e-02 -3.7995244992074767e-01 0.0000000000000000e+00 1
-2.4857146057782947e-01 8.6703648652312296e-02 0.0000000000000000e+00 1
1.6701585016365375e-01 -1.4274034152031045e-01 0.0000000000000000e+00 1
-5.6693883942684334e-02 -2.2337286530543032e-01 0.0000000000000000e+00 1
-4.9378262108527214e-02 9.7679299288587998e-02 0.0000000000000000e+00 1
-1.2432030967804028e-02 1.0397408435196351e-01 0.0000000000000000e+00 1
-6.6919563748086192e-02 -3.0938359503760943e-01 0.0000000000000000e+00 1
2.1924478227940317e-01 2.6460335222516229e-01 0.0000000000000000e+00 1
-2.1221911306050814e-01 2.4533880555900037e-01 0.0000000000000000e+00 1
-2.1275186407729452e-01 -7.0915669854121455e-02 0.0000000000000000e+00 1
-3.3015844182741272e-01 -4.7324726053656566e-03 0.0000000000000000e+00 1
2.7778651112607450e-01 1.4153627832944152e-01 0.0000000000000000e+00 1
1.8842362877045887e-01 -1.1335035988534253e-01 0.0000000000000000e+00 1
-2.5491374565731018e-01 2.0450415007307021e-01 0.0000000000000000e+00 1
-1.4948703223423301e-01 -1.1853762031519273e-01 0.0000000000000000e+00 1
1.0348213475947876e-01 1.2518304448314388e-01 0.0000000000000000e+00 1
-3.4295366908197977e-01 -5.1937762196808741e-02 0.0000000000000000e+00 1
-8.4807204696355137e-02 -2.0133636279199171e-01 0.0000000000000000e+00 1
1.4630424833286074e-01 3.2152219590225872e-01 0.0000000000000000e+00 1
-7.4721163923467601e-02 -1.9178360633663943e-01 0.0000000000000000e+00 1
2.0635880492831221e-01 2.3765184452161728e-01 0.0000000000000000e+00 1
1.7641051498531002e-01 -1.3833089873491811e-01 0.0000000000000000e+00 1
-1.1520008518129828e-01 -2.0636006158909947e-01 0.0000000000000000e+00 1
4.8798281434897638e-02 4.2328877785811825e-01 0.0000000000000000e+00 1
-7.2039948118297770e-03 2.1534910667443588e-01 0.0000000000000000e+00 1
2.8543988483233662e-01 1.8112757712699955e-02 0.0000000000000000e+00 1
1.8473902390649036e-01 3.4873258910638028e-01 0.0000000000000000e+00 1
-3.7840649991671904e-01 1.5384346855607509e-01 0.0000000000000000e+00 1
1.8962465662261724e-01 2.5007581658301864e-01 0.0000000000000000e+00 1
1.5903942800307441e-01 -2.1454388681882502e-01 0.0000000000000000e+00 1
1.6916416905757065e-01 -1.2251511379203406e-01 0.0000000000000000e+00 1
-4.1456761628635527e-02 -1.0121863406707282e-01 0.0000000000000000e+00 1
1.5434946597500912e-01 3.5520603735631762e-01 0.0000000000000000e+00 1
-1.7804397375621400e-01 -2.7864649754271109e-01 0.0000000000000000e+00 1
1.9633166522904691e-01 -3.7851088277873113e-01 0.0000000000000000e+00 1
1.9281538757985897e-01 -3.6990003506280739e-01 0.0000000000000000e+00 1
5.4069839627175077e-02 3.4708355491735460e-01 0.0000000000000000e+00 1
1.6975593166847294e-01 3.3054016887241792e-03 0.0000000000000000e+00 1
-1.4826459114125895e-01 -1.0879940302952756e-01 0.0000000000000000e+00 1
-1.7584538591336352e-03 1.1834175871622110e-01 0.0000000000000000e+00 1
-5.9818892381883877e-02 8.3240569459090877e-02 0.0000000000000000e+00 1
1.4478235708287662e-01 9.4295970282937805e-02 0.0000000000000000e+00 1
-4.2081367133588209e-04 -1.0711069845895617e-01 0.0000000000000000e+00 1
1.6574689817366783e-01 3.6880018256026459e-01 0.0000000000000000e+00 1
1.4670118767370788e-01 -8.4830691312203083e-02 0.0000000000000000e+00 1
1.9796852897452205e-01 2.4396569967850523e-01 0.0000000000000000e+00 1
-1.6970759169590205e-02 2.1113916836769986e-01 0.0000000000000000e+00 1
4.1750596800807518e-02 -3.8402587997144960e-01 0.0000000000000000e+00 1
-3.4760610593898200e-01 -2.6648551255242844e-03 0.0000000000000000e+00 1
-3.3661255846156102e-01 7.7384367083339636e-02 0.0000000000000000e+00 1
-3.3496437574803972e-03 2.2831162310854342e-01 0.0000000000000000e+00 1
1.1903029648687032e-01 -2.7030163141778557e-01 0.0000000000000000e+00 1
2.6307575342755057e-01 -2.4177345210892820e-01 0.0000000000000000e+00 1
3.3187973630647383e-01 5.0392668749900983e-02 0.0000000000000000e+00 1
2.0524245370035457e-01 2.2709817958949199e-01 0.0000000000000000e+00 1
-3.2114895245673875e-01 6.5629607396821971e-02 0.0000000000000000e+00 1
2.1850319369522037e-01 1.8367860072004108e-01 0.0000000000000000e+00 1
1.7907819897955526e-01 8.1125556173428981e-02 0.0000000000000000e+00 1
1.3691216410950888e-01 3.1744752608074889e-01 0.0000000000000000e+00 1
9.2704512925016774e-02 -4.1857821831926084e-01 0.0000000000000000e+00 1
2.3329299937659687e-01 -1.0310575358296212e-01 0.0000000000000000e+00 1
5.2885488206404707e-02 3.3738001388475658e-01 0.0000000000000000e+00 1
-7.8910936770735074e-02 -1.4945739549540019e-01 0.0000000000000000e+00 1
-3.3032710423910649e-02 2.1543802769548490e-01 0.0000000000000000e+00 1
2.4847533605114222e-01 2.7355234323868560e-01 0.0000000000000000e+00 1
-1.0040620506460265e-01 1.3445219992164870e-01 0.0000000000000000e+00 1
1.4615403486175399e-01 3.5100523281818358e-01 0.0000000000000000e+00 1
1.1986677616556203e-01 -2.6059748262758525e-01 0.0000000000000000e+00 1
9.2513765948435106e-02 -2.9139946715250753e-01 0.0000000000000000e+00 1
1.6092945636543809e-01 2.6776465895603631e-04 0.0000000000000000e+00 1
2.3361322360875403e-01 3.9797719086913444e-02 0.0000000000000000e+00 1
9.2250202921523722e-02 3.0747422162838189e-01 0.0000000000000000e+00 1
5.1897807056851243e-02 3.2733461572063161e-01 0.0000000000000000e+00 1
-7.0485988095701876e-02 6.9057197397972628e-02 0.0000000000000000e+00 1
3.3166738416271885e-01 9.3425557258972142e-02 0.0000000000000000e+00 1
2.4514549613339379e-02 -1.8532506875607982e-01 0.0000000000000000e+00 1
2.6059761147125471e-01 2.3082642705677259e-01 0.0000000000000000e+00 1
-3.9839028995367604e-01 1.1768981654089683e-01 0.0000000000000000e+00 1
-1.0094297877941996e-01 -2.0819831500363090e-01 0.0000000000000000e+00 1
2.5919036107852671e-02 -2.9266721881089502e-01 0.0000000000000000e+00 1
1.7223022289144043e-02 -3.0554849562442243e-01 0.0000000000000000e+00 1
-2.0237537890108909e-01 -5.7027398443925695e-02 0.0000000000000000e+00 1
-2.9306895117945891e-01 -6.6890899234764781e-02 0.0000000000000000e+00 1
-2.1106791156951221e-01 2.5661525703965837e-01 0.0000000000000000e+00 1
-1.0870942347337720e-01 6.1694954092923693e-02 0.0000000000000000e+00 1
-3.6844829612635327e-02 2.0241205693953218e-01 0.0000000000000000e+00 1
-6.8590525730115648e-02 2.9407298251586417e-02 0.0000000000000000e+00 1
-7.9538056155650738e-02 7.4798803977671940e-02 0.0000000000000000e+00 1
-2.9173705523235971e-01 -5.6284002363388964e-02 0.0000000000000000e+00 1
3.4174342053854480e-02 -2.9793908923114693e-01 0.0000000000000000e+00 1
-7.3907349428583569e-02 -1.8267618073377079e-01 0.0000000000000000e+00 1
7.7869082390764708e-03 1.9183862822326297e-01 0.0000000000000000e+00 1
-6.3440080681976013e-02 2.0166174993098113e-01 0.0000000000000000e+00 1
-3.3963247647988148e-01 1.2030282904389637e-01 0.0000000000000000e+00 1
1.0932051333207918e-01 -2.1045115815869353e-01 0.0000000000000000e+00 1
-1.3169186336817743e-01 -2.7939339437546701e-01 0.0000000000000000e+00 1
-4.6137499045677960e-02 1.9869033864637548e-01 0.0000000000000000e+00 1
2.1242776945185496e-01 -1.3158373101990389e-01 0.0000000000000000e+00 1
-2.7371909264966915e-01 -1.6786156454597786e-01 0.0000000000000000e+00 1
2.8281744083329968e-01 -1.6019206977149356e-01 0.0000000000000000e+00 1
2.9819362471718863e-01 6.4685353097450271e-02 0.0000000000000000e+00 1
-9.9373898097166694e-02 -1.9949625774888580e-01 0.0000000000000000e+00 1
-1.4185688123946480e-01 -2.9770886217400827e-01 0.0000000000000000e+00 1
1.5666591169109575e-01 -1.3265138977503407e-02 0.0000000000000000e+00 1
1.7767681125308454e-01 -3.0648779274055477e-01 0.0000000000000000e+00 1
1.8230837397553654e-01 -8.6605936630110569e-02 0.0000000000000000e+00 1
7.1585502561577335e-03 -3.1858956125790788e-01 0.0000000000000000e+00 1
-2.7443286877060125e-01 1.0564273392169933e-01 0.0000000000000000e+00 1
-2.3819056386673906e-01 9.0322639911118247e-02 0.0000000000000000e+00 1
-4.2819088660708715e-02 -3.0678007220787346e-01 0.0000000000000000e+00 1
1.3347414080799228e-01 4.0664251717144556e-01 0.0000000000000000e+00 1
1.4150677810156620e-01 6.4480758382040204e-02 0.0000000000000000e+00 1
2.3831226149191778e-01 -2.9957693602765489e-01 0.0000000000000000e+00 1
-3.4952191625424128e-01 -1.3029039088246739e-02 0.0000000000000000e+00 1
1.2321740050342657e-01 -4.1969146479084718e-01 0.0000000000000000e+00 1
-5.9674763347790483e-02 -3.1477876775344027e-01 0.0000000000000000e+00 1
3.3834845738805336e-01 4.6613235564015795e-02 0.0000000000000000e+00 1
-3.5034715460619198e-01 1.9228049186705254e-01 0.0000000000000000e+00 1
1.4745913481556830e-01 -4.0970275066552969e-01 0.0000000000000000e+00 1
-4.1811603645365208e-02 -9.2438495088346756e-02 0.0000000000000000e+00 1
-1.1104777360099183e-01 3.5870413131137979e-01 0.0000000000000000e+00 1
7.5437417249670832e-02 -2.8919461290452009e-01 0.0000000000000000e+00 1
-1.5510492888837768e-01 -2.3105338549645621e-01 0.0000000000000000e+00 1
-2.2378454525616917e-03 2.3899741568817012e-01 0.0000000000000000e+00 1
2.8047021173501352e-01 -2.1913176488013231e-01 0.0000000000000000e+00 1
2.3885546031215382e-01 2.4952676989148811e-02 0.0000000000000000e+00 1
2.2576284698456750e-01 4.5355613172708434e-02 0.0000000000000000e+00 1
-1.6766345133202770e-01 2.9945903326165491e-01 0.0000000000000000e+00 1
1.1286619761917439e-01 3.4492009788371814e-01 0.0000000000000000e+00 1
-1.1006320183323276e-01 1.3032892367380738e-01 0.0000000000000000e+00 1
6.7643906315528274e-02 -3.0211288963150162e-01 0.0000000000000000e+00 1
-2.8112426277924024e-01 -4.1582380971330497e-02 0.0000000000000000e+00 1
1.3120393015815277e-01 5.0497192955979153e-02 0.0000000000000000e+00 1
1.0819454561114999e-01 -4.2013735421334852e-01 0.0000000000000000e+00 1
2.5393313890123337e-02 -1.7619839894090950e-01 0.0000000000000000e+00 1
-9.8840734562699734e-02 -3.1333009499496167e-01 0.0000000000000000e+00 1
-2.4471370475693360e-01 1.1710746740233069e-01 0.0000000000000000e+00 1
-1.5229443995724731e-01 -7.3376828113754206e-02 0.0000000000000000e+00 1
8.7378005774160272e-02 4.2073092037020576e-01 0.0000000000000000e+00 1
1.0129734071367145e-01 4.2078089405210112e-01 0.0000000000000000e+00 1
-3.5138160876190920e-02 3.4833379864307573e-01 0.0000000000000000e+00 1
2.5704075291282796e-01 1.0518884398464082e-01 0.0000000000000000e+00 1
-1.2506271919933784e-01 -2.6835671487030310e-01 0.0000000000000000e+00 1
-2.9202386077866673e-03 3.7937422333272802e-01 0.0000000000000000e+00 1
2.8165733263910858e-01 1.7149660242214460e-01 0.0000000000000000e+00 1
-3.3160816708996754e-01 -7.0989643969677108e-02 0.0000000000000000e+00 1
-2.7933424216631197e-01 5.5422235521624549e-02 0.0000000000000000e+00 1
5.8905023078130253e-02 -3.0586361073749857e-01 0.0000000000000000e+00 1
1.8740794334698191e-02 2.0628382206240636e-01 0.0000000000000000e+00 1
-2.3177041638683585e-01 7.4343792487619825e-02 0.0000000000000000e+00 1
-2.5438397288798442e-01 -1.2828323322927576e-01 0.0000000000000000e+00 1
-8.3917769577037171e-02 2.6497318451027063e-01 0.0000000000000000e+00 1
-3.4002906621610875e-03 -1.3514946252709034e-01 0.0000000000000000e+00 1
6.4516862993304044e-02 3.6009812721949280e-01 0.0000000000000000e+00 1
-2.3812393563305813e-02 3.6268465792266308e-01 0.0000000000000000e+00 1
2.7898684650284411e-01 1.5110297134545431e-01 0.0000000000000000e+00 1
-2.6723672415030542e-02 3.4120614202569227e-01 0.0000000000000000e+00 1
-6.5645470939822523e-02 1.9062847504777247e-01 0.0000000000000000e+00 1
1.4200187715369425e-01 -3.4020413633282864e-01 0.0000000000000000e+00 1
-2.2157677282520394e-01 7.7940133327834421e-02 0.0000000000000000e+00 1
-3.0161648504117361e-01 9.2860912860182943e-02 0.0000000000000000e+00 1
-3.5007741693722762e-02 1.5875375255406679e-02 0.0000000000000000e+00 1
-3.2894506397887507e-01 7.1627351598323341e-02 0.0000000000000000e+00 1
-2.1844298514429450e-01 -1.3107284035220812e-01 0.0000000000000000e+00 1
-1.1864437136499134e-01 -2.6431976182926259e-01 0.0000000000000000e+00 1
1.9017080581266949e-01 2.6040468977889941e-01 0.0000000000000000e+00 1
-3.2246522723433690e-01 5.5922573406833362e-02 0.0000000000000000e+00 1
-7.7135503786165932e-02 1.7501662214903196e-01 0.0000000000000000e+00 1
-5.1561468193292395e-02 -1.7388671810040501e-01 0.0000000000000000e+00 1
-2.0936024355847377e-01 -1.2684853096682072e-01 0.0000000000000000e+00 1
2.9864722750698031e-01 -8.3738566462706512e-02 0.0000000000000000e+00 1
-3.0821573331018173e-02 3.0799591831045393e-02 0.0000000000000000e+00 1
-8.8012371453054100e-02 1.6016485475152503e-01 0.0000000000000000e+00 1
8.9370124280360886e-03 1.3265003236278128e-01 0.0000000000000000e+00 1
-4.4908923394397358e-02 1.4228939391383675e-02 0.0000000000000000e+00 1
-8.3244055469700276e-02 -2.5846234662298406e-01 0.0000000000000000e+00 1
-2.1523693198424310e-01 6.2178910772558771e-02 0.0000000000000000e+00 1
2.0145270696099271e-01 3.2562896408679243e-01 0.0000000000000000e+00 1
-1.9728367050244178e-01 -2.4986341121549732e-01 0.0000000000000000e+00 1
1.9393204966466765e-02 2.1785899151837135e-01 0.0000000000000000e+00 1
-2.1079948406960286e-01 -5.0764859900685660e-02 0.0000000000000000e+00 1
-2.0533750878906989e-01 6.5673311534741444e-02 0.0000000000000000e+00 1
-1.6963359993369474e-02 2.3989666543632500e-02 0.0000000000000000e+00 1
-7.2176516914583576e-04 4.1822785780288189e-02 0.0000000000000000e+00 1
-3.0050415226127909e-02 -2.5252675883611020e-01 0.0000000000000000e+00 1
3.3559769974722975e-01 7.9043602530331575e-02 0.0000000000000000e+00 1
1.4398725501345136e-01 -1.9267884913669822e-01 0.0000000000000000e+00 1
-9.7845069642800625e-02 1.5576429635109298e-01 0.0000000000000000e+00 1
-3.9569554069306379e-01 4.3537300393418223e-02 0.0000000000000000e+00 1
-8.7610054797575103e-03 2.8388427703769405e-02 0.0000000000000000e+00 1
-1.0722731428314332e-01 -2.7041208864892846e-01 0.0000000000000000e+00 1
-3.4901213190599761e-01 1.3167167154930179e-01 0.0000000000000000e+00 1
-3.9500310473930500e-01 1.1029849643250947e-01 0.0000000000000000e+00 1
3.3145226355107532e-01 4.2389654610415280e-02 0.0000000000000000e+00 1
-9.6463032843245214e-02 -2.5606857582332826e-01 0.0000000000000000e+00 1
2.4904579903460100e-01 1.4291204839543568e-02 0.0000000000000000e+00 1
3.3944177999315164e-02 -1.7186825350740398e-01 0.0000000000000000e+00 1
-9.4015665770413259e-02 2.6057228937942828e-01 0.0000000000000000e+00 1
1.7261845964038694e-02 4.9907285495830948e-02 0.0000000000000000e+00 1
-2.1599286931747352e-01 -2.1909432323890898e-01 0.0000000000000000e+00 1
-1.0382706083482435e-01 -2.5786853461006298e-01 0.0000000000000000e+00 1
-1.4243535687669168e-01 -5.9759525511540623e-02 0.0000000000000000e+00 1
-2.0350887217429295e-01 -1.5354715097350805e-01 0.0000000000000000e+00 1
1.5944661919907255e-01 -3.7352823816662839e-01 0.0000000000000000e+00 1
-2.9461929593817091e-02 -8.5042478847716638e-02 0.0000000000000000e+00 1
-2.1219412011156580e-01 1.7040745990313189e-02 0.0000000000000000e+00 1
1.0382453680435902e-02 1.4325970247957948e-01 0.0000000000000000e+00 1
8.9661054627040073e-03 3.6386310148154175e-02 0.0000000000000000e+00 1
-2.7021920895812829e-01 5.9370343582416593e-02 0.0000000000000000e+00 1
-2.6403134841186149e-01 -1.3250746151631701e-01 0.0000000000000000e+00 1
-9.8244908006694859e-02 -3.2650965632492313e-01 0.0000000000000000e+00 1
1.3019567624640788e-01 -4.1941529819295742e-01 0.0000000000000000e+00 1
1.6551240732654329e-01 3.8042378647436814e-02 0.0000000000000000e+00 1
-3.0285735999435681e-01 -7.0815455111647621e-02 0.0000000000000000e+00 1
-1.8856022184197227e-01 -1.8931300666834722e-01 0.0000000000000000e+00 1
-9.9158150900565720e-02 1.4486688027525138e-01 0.0000000000000000e+00 1
-1.6714705857326551e-01 2.0801714187913847e-01 0.0000000000000000e+00 1
2.1813646300268075e-01 5.1309190406426744e-02 0.0000000000000000e+00 1
-2.1909039831895649e-01 -4.4652423352136275e-02 0.0000000000000000e+00 1
-2.5384120798336929e-01 2.1534519448332562e-01 0.0000000000000000e+00 1
-2.2271013655201580e-01 3.4296998889768882e-03 0.0000000000000000e+00 1
1.6297140708733150e-02 -3.9541175134004442e-01 0.0000000000000000e+00 1
1.7857951870321287e-01 -1.1801793508700809e-01 0.0000000000000000e+00 1
-2.1560830762827998e-01 -1.3588197501615624e-02 0.0000000000000000e+00 1
-1.3440621147048767e-01 -1.3853966919002927e-01 0.0000000000000000e+00 1
8.9544004868935947e-02 2.8719293729723355e-01 0.0000000000000000e+00 1
4.6757068274390308e-02 1.3918393249329933e-01 0.0000000000000000e+00 1
-1.4352983930479338e-01 -1.5159883395723439e-01 0.0000000000000000e+00 1
-3.1196610446332002e-01 2.1970325729101586e-01 0.0000000000000000e+00 1
2.4680917939098418e-01 5.7747660042972481e-03 0.0000000000000000e+00 1
-1.0304232079921001e-01 2.6697504657956916e-01 0.0000000000000000e+00 1
-2.3565669919658930e-01 -3.1167779229239165e-02 0.0000000000000000e+00 1
3.1004084503226396e-02 9.4048255966564104e-02 0.0000000000000000e+00 1
-2.2838938487467733e-01 -4.8166736915902578e-02 0.0000000000000000e+00 1
1.2063420364186757e-01 3.3922928571714622e-01 0.0000000000000000e+00 1
-2.2046445024273123e-01 2.6343552192572250e-01 0.0000000000000000e+00 1
-2.3676540560885873e-01 -4.1481973871774845e-02 0.0000000000000000e+00 1
9.0932033369872101e-02 2.9732312577237308e-01 0.0000000000000000e+00 1
-1.5016016660633597e-01 -5.3556885158794122e-02 0.0000000000000000e+00 1
-2.6268542156994723e-01 2.2184647347192171e-01 0.0000000000000000e+00 1
-8.7381050277886160e-02 6.0158076843669639e-02 0.0000000000000000e+00 1
1.0572222524244634e-01 -3.2125396951858798e-01 0.0000000000000000e+00 1
-3.3652281248297772e-01 1.3962596830119620e-01 0.0000000000000000e+00 1
-2.7422733992420678e-01 -1.3691985946616342e-01 0.0000000000000000e+00 1
-1.2510953797803095e-01 -1.2547309295003162e-01 0.0000000000000000e+00 1
-8.1330121296725677e-02 -2.4944552843176340e-01 0.0000000000000000e+00 1
-1.1294665653500947e-01 2.6272561090279567e-01 0.0000000000000000e+00 1
-6.4972304211021676e-03 -1.6256733119676919e-01 0.0000000000000000e+00 1
2.7610630267558417e-02 -1.5725900099591886e-01 0.0000000000000000e+00 1
1.5524949300616403e-01 2.4478027489515698e-02 0.0000000000000000e+00 1
1.3494987061092434e-01 -3.3460063956743546e-01 0.0000000000000000e+00 1
3.2033148799335187e-01 -4.4524605695435961e-02 0.0000000000000000e+00 1
2.8003760942877182e-01 1.6100175705280656e-01 0.0000000000000000e+00 1
2.1890077311455949e-01 6.1022410344218084e-02 0.0000000000000000e+00 1
-1.1214364376341268e-01 -9.3027169026198980e-02 0.0000000000000000e+00 1
7.6130498960050377e-02 -7.8059475607896750e-02 0.0000000000000000e+00 1
-3.8341767436337812e-02 -7.3238211128321171e-02 0.0000000000000000e+00 1
5.8469653583148581e-02 3.7566398409313712e-01 0.0000000000000000e+00 1
-3.4955024385384084e-03 -3.4112607426741959e-01 0.0000000000000000e+00 1
-2.6190401698127347e-01 5.3460819013619612e-02 0.0000000000000000e+00 1
1.5305289623281992e-01 -6.9749232323870800e-02 0.0000000000000000e+00 1
3.3730042921182041e-01 2.7585965062512447e-02 0.0000000000000000e+00 1
-4.0268817961878389e-01 9.7994481346026840e-02 0.0000000000000000e+00 1
-2.3049794825397688e-01 2.7101501205962564e-01 0.0000000000000000e+00 1
1.4352521822795200e-01 -4.1735152111050267e-01 0.0000000000000000e+00 1
-9.2259962804673967e-02 3.5586091077221460e-01 0.0000000000000000e+00 1
6.5859669539229879e-02 -1.7499334335890118e-01 0.0000000000000000e+00 1
3.3853271873962631e-01 6.1284480396096304e-02 0.0000000000000000e+00 1
2.0808418119316097e-01 -3.6524896909398386e-01 0.0000000000000000e+00 1
1.4686723996248977e-01 2.9862621857030439e-02 0.0000000000000000e+00 1
2.3605042532774811e-01 -3.2685277523951785e-03 0.0000000000000000e+00 1
9.8546664442301757e-02 -3.1566693779661553e-01 0.0000000000000000e+00 1
5.6722884660938395e-02 4.1624293108393517e-01 0.0000000000000000e+00 1
-8.9387642480021817e-02 -1.7925343530364163e-01 0.0000000000000000e+00 1
2.5735687476071401e-01 -2.8134791409164062e-01 0.0000000000000000e+00 1
1.1822835884232720e-01 -4.1376853077099673e-01 0.0000000000000000e+00 1
2.6713315352113638e-02 4.4445919954153826e-02 0.0000000000000000e+00 1
3.6042109597235937e-02 -1.5288952157332267e-01 0.0000000000000000e+00 1
1.0459783589559721e-01 -4.1294249836464836e-01 0.0000000000000000e+00 1
-1.5007739422196742e-01 9.4270841622039567e-02 0.0000000000000000e+00 1
-2.5366118732777065e-01 4.7440660518408659e-02 0.0000000000000000e+00 1
-9.0970594949977668e-02 -1.4479267263532633e-01 0.0000000000000000e+00 1
-3.2533740749782469e-01 -9.9071510633727072e-02 0.0000000000000000e+00 1
-1.9791422612878234e-01 1.9734996343222627e-01 0.0000000000000000e+00 1
3.2545964488569823e-01 -7.0357222278271403e-02 0.0000000000000000e+00 1
-9.0273282291927104e-02 3.6808299567221925e-01 0.0000000000000000e+00 1
1.0062330547341242e-01 1.9245425028479538e-01 0.0000000000000000e+00 1
-4.0216486257117662e-01 6.8658783911776863e-02 0.0000000000000000e+00 1
1.0429816089704757e-03 -1.6819009517053568e-01 0.0000000000000000e+00 1
1.1221687224911746e-01 -2.5510658212238796e-01 0.0000000000000000e+00 1
2.6069735756660189e-01 -2.5251325616734133e-01 0.0000000000000000e+00 1
-1.2546165566254760e-02 -3.4499214908717923e-01 0.0000000000000000e+00 1
2.2401700999581697e-01 -1.0698120316157697e-01 0.0000000000000000e+00 1
-1.7638798072964887e-01 -2.1617386278813630e-01 0.0000000000000000e+00 1
2.9511178299212298e-01 -1.1602878350998690e-01 0.0000000000000000e+00 1
-3.6721782115654478e-01 -8.4597950361654725e-03 0.0000000000000000e+00 1
-1.5845444411190859e-01 9.9015539243198336e-02 0.0000000000000000e+00 1
-3.4721977819400335e-01 1.5017135550012206e-01 0.0000000000000000e+00 1
-1.5702505222653834e-01 -3.7655072279448171e-02 0.0000000000000000e+00 1
-1.2234121692882413e-02 3.7605848234496886e-01 0.0000000000000000e+00 1
-3.9580479366560167e-01 1.0067515424941476e-01 0.0000000000000000e+00 1
2.1145159737841626e-01 6.7231573745715451e-02 0.0000000000000000e+00 1
-3.8673265573568684e-02 -6.4512576274994543e-02 0.0000000000000000e+00 1
-2.4541102807052820e-01 4.1386758661722978e-02 0.0000000000000000e+00 1
1.2612883699428490e-01 4.0300138113518297e-01 0.0000000000000000e+00 1
8.0630874673619651e-02 2.8315373480203326e-01 0.0000000000000000e+00 1
1.6114946631975369e-01 -3.6485301378793500e-01 0.0000000000000000e+00 1
9.9579661055838986e-02 -3.0643827647804212e-01 0.0000000000000000e+00 1
1.8756627908394832e-01 -3.7868777079333449e-01 0.0000000000000000e+00 1
-3.1003210323336611e-02 -3.6423975461192737e-01 0.0000000000000000e+00 1
-1.4914253996084592e-01 -4.3899438481040165e-02 0.0000000000000000e+00 1
-2.2852951140700251e-01 2.9415311511846086e-02 0.0000000000000000e+00 1
-2.9886232058445106e-01 -1.1995949761259384e-01 0.0000000000000000e+00 1
-2.3691469150661240e-01 3.5371914173173674e-02 0.0000000000000000e+00 1
1.5487510539873434e-01 -4.1261580447036228e-01 0.0000000000000000e+00 1
1.2906650472263706e-01 3.3334499898507064e-01 0.0000000000000000e+00 1
-2.6186323871516931e-01 2.3331430228037020e-01 0.0000000000000000e+00 1
-1.8763909121388850e-01 -1.8026277200969518e-01 0.0000000000000000e+00 1
-8.6471722158090500e-02 1.7099899589715925e-01 0.0000000000000000e+00 1
-3.6509877054092593e-01 1.1577587925600172e-01 0.0000000000000000e+00 1
5.2836370635715932e-02 3.9049228599991942e-01 0.0000000000000000e+00 1
-1.0250219030457972e-01 3.5185028586708944e-01 0.0000000000000000e+00 1
9.8937133248843859e-02 -3.8329614531889883e-01 0.0000000000000000e+00 1
1.1329394479632826e-01 -2.4543924296941866e-01 0.0000000000000000e+00 1
2.9261199965908410e-02 -1.3882299964864592e-01 0.0000000000000000e+00 1
-1.6521647246150861e-01 2.3180744935296363e-01 0.0000000000000000e+00 1
-2.1912552665867249e-01 3.3159653898987645e-02 0.0000000000000000e+00 1
-5.2475033590579215e-02 -3.1981083741840849e-01 0.0000000000000000e+00 1
-7.3871860669579001e-02 -2.4632906418894279e-01 0.0000000000000000e+00 1
2.2279378588252663e-01 -1.1725236436716183e-01 0.0000000000000000e+00 1
-2.1109754337788092e-01 2.6912671740130505e-02 0.0000000000000000e+00 1
1.3644987396980882e-01 1.6424048784529750e-02 0.0000000000000000e+00 1
1.7884957783387584e-01 -3.9586130621631216e-01 0.0000000000000000e+00 1
-1.8337093518178860e-01 -2.3573592017007955e-01 0.0000000000000000e+00 1
-2.2922699672827923e-01 2.8359770277121538e-01 0.0000000000000000e+00 1
-3.3573183197360479e-01 1.5977476712869287e-01 0.0000000000000000e+00 1
-8.8744900287211964e-02 3.8098445884215693e-01 0.0000000000000000e+00 1
3.2864812823526146e-01 1.4849238450632568e-02 0.0000000000000000e+00 1
-2.1440623997811806e-01 -3.3787844312493836e-03 0.0000000000000000e+00 1
2.3520827863014879e-01 -3.2676306673002431e-01 0.0000000000000000e+00 1
7.9374773721755831e-02 2.7293270357775767e-01 0.0000000000000000e+00 1
-2.5233842334574202e-01 2.8250431481060195e-01 0.0000000000000000e+00 1
-1.6757445891139303e-01 2.2021690296585852e-01 0.0000000000000000e+00 1
3.0641906030592862e-02 -1.2906369519632865e-01 0.0000000000000000e+00 1
2.7094271115358043e-01 1.6825558132014348e-02 0.0000000000000000e+00 1
1.0033987564107935e-01 -2.9708665655470956e-01 0.0000000000000000e+00 1
-2.6488997167765083e-02 -5.6373482411736169e-02 0.0000000000000000e+00 1
1.3614986193927348e-01 -3.2495185809974836e-01 0.0000000000000000e+00 1
-1.6157497577702989e-01 -2.2599112675153257e-01 0.0000000000000000e+00 1
-4.6824514395187956e-02 -2.6794962259415467e-01 0.0000000000000000e+00 1
-1.0495516241982490e-01 -1.7720452379446827e-01 0.0000000000000000e+00 1
-1.6475067107478880e-01 1.2680890614245557e-01 0.0000000000000000e+00 1
-1.9715936562410966e-01 2.9377643383899266e-01 0.0000000000000000e+00 1
-4.5583440994815906e-02 -1.4523330335636045e-01 0.0000000000000000e+00 1
7.8873136841633190e-02 2.6209183067732550e-01 0.0000000000000000e+00 1
4.4972752256010481e-02 3.9635641401918131e-01 0.0000000000000000e+00 1
2.2155958613747706e-01 -1.2772911484713290e-01 0.0000000000000000e+00 1
2.2093646978316961e-01 8.0201060688099207e-02 0.0000000000000000e+00 1
9.0709415926357506e-02 -4.1134939258473213e-01 0.0000000000000000e+00 1
1.1445302461600308e-01 -2.3571249310600439e-01 0.0000000000000000e+00 1
1.1927526866714085e-01 4.1471704417279409e-01 0.0000000000000000e+00 1
-1.7444289935094220e-01 2.4057603848730524e-01 0.0000000000000000e+00 1
-7.5396378024529934e-02 1.8640243287510722e-01 0.0000000000000000e+00 1
-1.6857116130157193e-01 -2.2099435507643017e-01 0.0000000000000000e+00 1
-1.0938808081906795e-02 -2.7713960355762879e-01 0.0000000000000000e+00 1
2.1043665982739862e-01 1.3153966801543024e-01 0.0000000000000000e+00 1
-2.6065775190641682e-01 2.4470716839618140e-01 0.0000000000000000e+00 1
2.0040568740763026e-01 -2.2252696689934956e-01 0.0000000000000000e+00 1
7.2740264912005304e-02 -1.0755216132041490e-01 0.0000000000000000e+00 1
-2.2520071112053239e-01 -2.2984563205043859e-01 0.0000000000000000e+00 1
1.1035900218213515e-01 1.9622917448782717e-01 0.0000000000000000e+00 1
-5.7733538072076207e-02 -3.4972128716978301e-01 0.0000000000000000e+00 1
-1.5621378058501695e-01 -2.8188158256162547e-02 0.0000000000000000e+00 1
3.9080671964138995e-02 -1.2442076874148772e-01 0.0000000000000000e+00 1
-1.8673363492501666e-01 -1.7098831532299813e-01 0.0000000000000000e+00 1
-2.5944848031959689e-01 2.5618831197836855e-01 0.0000000000000000e+00 1
1.3748529658557687e-01 -3.1572757717792177e-01 0.0000000000000000e+00 1
-2.8610951729807360e-01 1.5906724572686284e-01 0.0000000000000000e+00 1
2.5449833505666508e-01 2.4603746515502514e-01 0.0000000000000000e+00 1
-1.3596139150389397e-01 -3.1043170483732452e-01 0.0000000000000000e+00 1
-5.3571513280641372e-02 -3.2936940312187157e-01 0.0000000000000000e+00 1
1.1578799793753121e-01 -2.2565336026450578e-01 0.0000000000000000e+00 1
8.3987137324186945e-02 -2.9485848710720713e-01 0.0000000000000000e+00 1
-3.6765342605161434e-02 -4.5840415647481939e-02 0.0000000000000000e+00 1
-3.1132575138091551e-01 1.6191800309295601e-01 0.0000000000000000e+00 1
2.2426767404168094e-01 -3.4344800832763722e-01 0.0000000000000000e+00 1
3.9077986597456336e-02 4.0238767288891986e-01 0.0000000000000000e+00 1
3.0942683759992895e-01 1.3609659664532431e-01 0.0000000000000000e+00 1
2.1128404501638934e-01 -1.4194746876309416e-01 0.0000000000000000e+00 1
-1.8565774287208520e-01 -2.6380706721699276e-01 0.0000000000000000e+00 1
9.1229969387064791e-02 -3.7867537818332836e-01 0.0000000000000000e+00 1
-4.0168883467407074e-02 -2.7374570045122654e-01 0.0000000000000000e+00 1
1.9258393353864653e-01 3.5266044742195279e-01 0.0000000000000000e+00 1
-9.0469750379343739e-02 -3.3051402052320078e-01 0.0000000000000000e+00 1
5.7792161501246081e-02 -4.0314186726751250e-01 0.0000000000000000e+00 1
-1.6430940807028815e-01 -2.1640972457248900e-02 0.0000000000000000e+00 1
-1.5602694000764028e-01 -2.3880224539447359e-01 0.0000000000000000e+00 1
2.5798797291841125e-01 -2.0314214013397291e-01 0.0000000000000000e+00 1
2.7419927478418693e-01 1.8772225701388567e-01 0.0000000000000000e+00 1
-1.7216869391654432e-01 -1.5414668598987602e-02 0.0000000000000000e+00 1
-3.1612421608885422e-01 1.1383633116563309e-01 0.0000000000000000e+00 1
-2.3381661658720548e-01 -1.7459651762497919e-01 0.0000000000000000e+00 1
1.7592907594649509e-01 -3.6714536949144472e-01 0.0000000000000000e+00 1
3.2700379151304096e-02 -1.0992207817926347e-01 0.0000000000000000e+00 1
2.1909149979816722e-01 -1.4832136863069145e-01 0.0000000000000000e+00 1
-1.1613354780283464e-01 -2.4291260470138587e-01 0.0000000000000000e+00 1
2.1363086765609621e-01 8.6613713585068253e-02 0.0000000000000000e+00 1
1.1677499674960258e-01 -2.1584414342400687e-01 0.0000000000000000e+00 1
-3.5727736684459632e-01 1.1069506427992981e-01 0.0000000000000000e+00 1
-1.8781917334391909e-01 7.7711798394638990e-03 0.0000000000000000e+00 1
2.8048128696902896e-01 -1.7114962574550302e-01 0.0000000000000000e+00 1
7.8785069805481889e-02 -1.2304675116417257e-01 0.0000000000000000e+00 1
-5.5883615915519221e-03 -3.6913488748794582e-01 0.0000000000000000e+00 1
2.1801994817121043e-01 -1.5880093040637405e-01 0.0000000000000000e+00 1
-3.4316091111644853e-02 -3.7739602875770085e-02 0.0000000000000000e+00 1
4.3343696648340285e-02 3.2311416478899679e-01 0.0000000000000000e+00 1
2.2241601038355202e-01 -2.6362167281218307e-01 0.0000000000000000e+00 1
3.0753503079217231e-01 1.0211273603473693e-01 0.0000000000000000e+00 1
3.1607076364066272e-01 -7.4096806341539492e-02 0.0000000000000000e+00 1
1.0221521384778334e-01 2.0123277190052559e-02 0.0000000000000000e+00 1
3.0134205627019034e-01 9.8129080503604416e-02 0.0000000000000000e+00 1
1.2793494327292293e-01 2.1743976176248393e-02 0.0000000000000000e+00 1
2.5022668488879091e-02 3.9915456602333294e-01 0.0000000000000000e+00 1
2.9457001341884936e-01 1.7119722484027708e-01 0.0000000000000000e+00 1
-4.4969416480410182e-02 -3.4209564717165186e-01 0.0000000000000000e+00 1
4.1150003930777564e-02 -1.0511452909957965e-01 0.0000000000000000e+00 1
3.0288476021905714e-01 1.5307122524884043e-01 0.0000000000000000e+00 1
-3.5901352672692233e-01 -2.7157721919056868e-02 0.0000000000000000e+00 1
-3.3744535186708885e-01 2.0850089417677453e-01 0.0000000000000000e+00 1
-2.3670788545050342e-01 -2.0088455361423488e-01 0.0000000000000000e+00 1
-1.8576516270210019e-01 -1.6211575504227188e-01 0.0000000000000000e+00 1
1.4539945161687845e-01 -3.1206456639670743e-01 0.0000000000000000e+00 1
-2.4337361505346883e-01 -1.7935063414188346e-01 0.0000000000000000e+00 1
2.1695252771471824e-01 -1.6925289352722872e-01 0.0000000000000000e+00 1
-2.5234507919647575e-01 -1.8354269677896584e-01 0.0000000000000000e+00 1
-2.8830328459640253e-01 2.4137600779476343e-01 0.0000000000000000e+00 1
-1.2369076494912706e-01 2.4745815981304253e-01 0.0000000000000000e+00 1
-3.0765983690905890e-01 1.1867551306182511e-01 0.0000000000000000e+00 1
2.2511594377019972e-01 3.1027037466187790e-01 0.0000000000000000e+00 1
1.3348686080883820e-01 3.9828433839462685e-01 0.0000000000000000e+00 1
2.2442139963782026e-01 1.2240817609587321e-01 0.0000000000000000e+00 1
8.3105616054377773e-02 -3.9058607163319103e-01 0.0000000000000000e+00 1
-4.0144961006204616e-01 1.1218759173504303e-01 0.0000000000000000e+00 1
-2.1763643754593123e-01 -1.7615479981016971e-01 0.0000000000000000e+00 1
1.1041542780482702e-01 -2.0094137507411874e-01 0.0000000000000000e+00 1
2.9242474318584100e-01 1.5093942406425453e-02 0.0000000000000000e+00 1
3.3827630282609245e-01 5.9544223812366126e-03 0.0000000000000000e+00 1
-1.6670089947533065e-01 2.2204414766666302e-02 0.0000000000000000e+00 1
6.9779946383079675e-02 -1.3674820471653021e-01 0.0000000000000000e+00 1
3.4732814797407911e-02 -9.0732045305841696e-02 0.0000000000000000e+00 1
-2.3349073985478880e-02 -2.7262666550669737e-02 0.0000000000000000e+00 1
-3.4921119286462721e-01 1.0565052687226094e-01 0.0000000000000000e+00 1
-6.3664676227033840e-02 -1.3086541300530651e-02 0.0000000000000000e+00 1
2.1618277545584469e-01 -1.8014097215918903e-01 0.0000000000000000e+00 1
-1.5173582723755127e-02 -3.6248943998682293e-01 0.0000000000000000e+00 1
2.7629607685286744e-01 2.0862003035784316e-01 0.0000000000000000e+00 1
2.2293951239164483e-01 9.9395433653062554e-02 0.0000000000000000e+00 1
4.3112557166355148e-02 -8.5766822617403760e-02 0.0000000000000000e+00 1
3.2277904498611909e-01 1.2598327177265434e-01 0.0000000000000000e+00 1
-1.2841242716009751e-01 -3.0764822222354449e-01 0.0000000000000000e+00 1
2.9008517047198012e-01 4.2689170307886309e-03 0.0000000000000000e+00 1
-7.1581881986806470e-02 -1.5558894903649123e-01 0.0000000000000000e+00 1
-1.5074829391787384e-01 -2.5075717541149134e-01 0.0000000000000000e+00 1
1.9431914302843464e-01 -2.0732707513727466e-01 0.0000000000000000e+00 1
-3.2816485058778244e-01 -6.0990530856060154e-02 0.0000000000000000e+00 1
6.6714348317785915e-02 -4.0731319491791340e-01 0.0000000000000000e+00 1
1.9281360898615543e-01 -2.1755918791563150e-01 0.0000000000000000e+00 1
3.1569824083198267e-01 1.0566110550488599e-01 0.0000000000000000e+00 1
-4.0426432173147148e-01 9.1608904456287249e-02 0.0000000000000000e+00 1
7.0712959547082635e-02 -1.2718023966723530e-01 0.0000000000000000e+00 1
2.0041077664402673e-01 -2.3417757999231292e-01 0.0000000000000000e+00 1
-1.7001454908615538e-01 1.7661714796853184e-01 0.0000000000000000e+00 1
1.1882882480557500e-01 -1.9662336070622061e-01 0.0000000000000000e+00 1
2.2438358488410279e-01 -1.8773241142354913e-01 0.0000000000000000e+00 1
4.1962805993430476e-02 3.1280699666503786e-01 0.0000000000000000e+00 1
2.2311808159681573e-01 -1.9839744775003998e-01 0.0000000000000000e+00 1
-6.8427978745914192e-02 -1.4018826242746396e-01 0.0000000000000000e+00 1
1.3304950157989198e-01 -4.1360637032790026e-01 0.0000000000000000e+00 1
3.2157416218120238e-01 1.0109430905447139e-01 0.0000000000000000e+00 1
-3.5887464521548601e-01 4.2936895329536789e-02 0.0000000000000000e+00 1
-2.0766688562180274e-01 -1.6320863740593256e-01 0.0000000000000000e+00 1
-1.7888921042104072e-01 1.8313084805526844e-01 0.0000000000000000e+00 1
7.6559280284239778e-02 -3.9407752755863851e-01 0.0000000000000000e+00 1
-3.6893109089771792e-01 1.5547580776027584e-01 0.0000000000000000e+00 1
-1.9775116679124882e-01 5.9917330365846649e-02 0.0000000000000000e+00 1
-2.9570297461774954e-02 -3.7464995302687165e-01 0.0000000000000000e+00 1
1.4928395238194081e-01 -2.9303400060346124e-01 0.0000000000000000e+00 1
-3.7781573369879784e-01 1.4253372972427927e-01 0.0000000000000000e+00 1
-7.4478380291074578e-02 -1.2729943245918487e-01 0.0000000000000000e+00 1
3.6253972098450361e-02 -7.1542959209033807e-02 0.0000000000000000e+00 1
1.0781712043502278e-01 4.2130726718518963e-01 0.0000000000000000e+00 1
-1.7142394300319036e-01 -6.1179291281169149e-03 0.0000000000000000e+00 1
-3.1461399263887641e-01 1.3347601539480439e-01 0.0000000000000000e+00 1
-3.3628537913202743e-02 -1.7174007725399138e-02 0.0000000000000000e+00 1
1.4718259204971607e-01 -3.0266127739674387e-01 0.0000000000000000e+00 1
-2.8987838764919893e-01 -1.3480907220702498e-01 0.0000000000000000e+00 1
7.6883918894302780e-02 -1.4229283727548603e-01 0.0000000000000000e+00 1
-2.0892067160525143e-01 -1.7249927394901507e-01 0.0000000000000000e+00 1
1.2025008219549543e-01 -1.8631599934441695e-01 0.0000000000000000e+00 1
-2.8453371019833062e-01 1.6941944068749776e-01 0.0000000000000000e+00 1
-7.8533968803069856e-02 -1.5018590648921876e-02 0.0000000000000000e+00 1
5.0465720767115863e-02 -3.0006955237241206e-01 0.0000000000000000e+00 1
4.2426072098528333e-02 -2.9446462668819962e-01 0.0000000000000000e+00 1
-1.8834179735558693e-01 1.8984844221836727e-01 0.0000000000000000e+00 1
-3.4927334187796150e-01 3.2935551328721162e-02 0.0000000000000000e+00 1
3.5967372218523516e-02 -6.3131138446214499e-02 0.0000000000000000e+00 1
-3.5947911698572094e-01 1.6934871979132846e-01 0.0000000000000000e+00 1
-4.1054589867964356e-02 -2.8217779976814861e-01 0.0000000000000000e+00 1
-1.7926694760080109e-01 2.5640549926195103e-04 0.0000000000000000e+00 1
1.2165523076620667e-01 -1.7530479835448740e-01 0.0000000000000000e+00 1
2.4112206162103824e-02 -3.9070211135911220e-01 0.0000000000000000e+00 1
-1.2138496696900147e-01 3.5459128712804633e-01 0.0000000000000000e+00 1
7.5842422801370962e-02 -1.5189467347689956e-01 0.0000000000000000e+00 1
-6.6621701339408423e-02 -1.2272242481051478e-01 0.0000000000000000e+00 1
4.0689180705041773e-02 3.0257601709203874e-01 0.0000000000000000e+00 1
4.8144661400907479e-02 -5.5944825053708805e-02 0.0000000000000000e+00 1
1.8562360332499406e-01 -3.9147351161554350e-01 0.0000000000000000e+00 1
8.2026105554240197e-02 -9.3361536393913647e-02 0.0000000000000000e+00 1
2.1534984768791343e-01 1.0676590741852787e-01 0.0000000000000000e+00 1
-3.9256130099347003e-01 6.1400081362846699e-02 0.0000000000000000e+00 1
7.9774496131147024e-02 -1.1318304855405747e-01 0.0000000000000000e+00 1
-7.2520989807537045e-02 -1.0909939382139268e-01 0.0000000000000000e+00 1
5.7002637084849234e-02 -4.1872091405186163e-02 0.0000000000000000e+00 1
1.1897957611910190e-01 1.7882136669826763e-02 0.0000000000000000e+00 1
6.8174694449504664e-02 -4.1444657755567454e-01 0.0000000000000000e+00 1
1.1073257792590925e-01 2.3684950819935782e-02 0.0000000000000000e+00 1
-2.5933602722039895e-01 -1.7637894436612866e-01 0.0000000000000000e+00 1
-7.1324455558234870e-02 -9.1300232925321523e-02 0.0000000000000000e+00 1
3.3914446140085275e-01 6.7076078490620597e-02 0.0000000000000000e+00 1
7.4888889333722272e-02 -1.6179347092581164e-01 0.0000000000000000e+00 1
4.8092163038577357e-02 -3.0151993787576020e-02 0.0000000000000000e+00 1
9.3921402134554188e-02 2.5687304672363940e-02 0.0000000000000000e+00 1
-3.1499195245407741e-01 1.4205708055769276e-01 0.0000000000000000e+00 1
7.3691675205862894e-02 -1.7144782139661890e-01 0.0000000000000000e+00 1
3.3641136230650193e-01 -1.4985687849627908e-03 0.0000000000000000e+00 1
-7.9403769264866392e-02 -6.0149509334487888e-04 0.0000000000000000e+00 1
-3.1148309135588498e-02 -9.4071439029252725e-03 0.0000000000000000e+00 1
1.6334505965271676e-01 -2.9761956652643423e-01 0.0000000000000000e+00 1
-1.2201626421534281e-01 2.5860180895244528e-01 0.0000000000000000e+00 1
-3.5189439537564295e-02 -2.8647938447380844e-01 0.0000000000000000e+00 1
3.9677622094583032e-02 2.9234445565073020e-01 0.0000000000000000e+00 1
7.9478475505979820e-02 2.5011106839839709e-01 0.0000000000000000e+00 1
2.9238360326738122e-01 7.8240357138042865e-02 0.0000000000000000e+00 1
-1.8832904989323990e-01 6.3555636608300048e-02 0.0000000000000000e+00 1
6.9678621716044692e-02 4.4607301134257253e-02 0.0000000000000000e+00 1
-6.4687065172145383e-02 -1.0452398988155988e-01 0.0000000000000000e+00 1
4.2312575563032001e-02 -1.3972192859108062e-02 0.0000000000000000e+00 1
8.3302159112160351e-02 -8.3494499853899506e-02 0.0000000000000000e+00 1
3.1460883600280831e-01 -8.4778343102383927e-02 0.0000000000000000e+00 1
8.5790997710773503e-02 3.1550946687763648e-02 0.0000000000000000e+00 1
-1.9335819248300715e-01 -1.5695250348360631e-01 0.0000000000000000e+00 1
3.2721844382295212e-01 8.8022265360885296e-02 0.0000000000000000e+00 1
-3.0296232858575006e-01 1.5003783574158672e-01 0.0000000000000000e+00 1
7.3381167509191186e-02 -9.7791164757383975e-02 0.0000000000000000e+00 1
-1.4325746721301627e-01 -2.4786082295150158e-01 0.0000000000000000e+00 1
-1.3575613098465461e-01 -2.4476629922314458e-01 0.0000000000000000e+00 1
2.4482877969397923e-01 2.6532971686416768e-01 0.0000000000000000e+00 1
7.7373396691905322e-02 -4.1608433140059292e-01 0.0000000000000000e+00 1
2.3540497258894577e-01 -3.0774651228211775e-01 0.0000000000000000e+00 1
-1.3085120737557834e-01 2.6342582010801346e-01 0.0000000000000000e+00 1
2.5145327551582269e-01 3.2396440206218034e-02 0.0000000000000000e+00 1
2.1377907108026245e-01 2.9366617003946305e-01 0.0000000000000000e+00 1
7.7698119865752091e-02 3.7817942457459577e-02 0.0000000000000000e+00 1
-2.1361688898044504e-01 3.0011524751030844e-01 0.0000000000000000e+00 1
-7.0520455100728005e-02 -8.2083563458944409e-02 0.0000000000000000e+00 1
2.0923386317803311e-01 3.1805220447076615e-01 0.0000000000000000e+00 1
7.0548029958240693e-02 5.4747790442911087e-02 0.0000000000000000e+00 1
6.4624188697450319e-02 -1.8445313119808449e-01 0.0000000000000000e+00 1
-6.9277835491952544e-02 -7.2565696733567261e-02 0.0000000000000000e+00 1
8.7923376880295612e-02 2.4440860217941482e-01 0.0000000000000000e+00 1
-9.3985010840380467e-02 -2.5940783977299107e-03 0.0000000000000000e+00 1
1.1245255344501244e-01 4.1141867240066793e-01 0.0000000000000000e+00 1
9.0935828619406717e-02 -2.2951210918930005e-02 0.0000000000000000e+00 1
7.1261289636795372e-02 -1.9014360873986377e-01 0.0000000000000000e+00 1
-1.2966277889187303e-01 2.7491552887086779e-01 0.0000000000000000e+00 1
2.7851819903296871e-01 2.1118688883872146e-02 0.0000000000000000e+00 1
2.3252545160310453e-01 -2.7329201932606800e-01 0.0000000000000000e+00 1
2.9341356970645932e-01 8.7323853114030750e-02 0.0000000000000000e+00 1
7.6708840852896795e-02 -2.1405401678370709e-01 0.0000000000000000e+00 1
1.4800310945999393e-01 3.9719289848302031e-01 0.0000000000000000e+00 1
9.0063894421555976e-02 -3.2798450718373361e-02 0.0000000000000000e+00 1
8.7452191091320464e-02 -5.2867424584025532e-02 0.0000000000000000e+00 1
-1.2822581650099613e-01 -2.4152821058208054e-01 0.0000000000000000e+00 1
8.8897023354045257e-02 -4.2784873455816282e-02 0.0000000000000000e+00 1
1.6555217481574225e-01 2.7347235361757471e-01 0.0000000000000000e+00 1
-2.2334068434485427e-01 -2.2176133527644437e-01 0.0000000000000000e+00 1
1.6619236271623963e-01 2.5746690709274944e-01 0.0000000000000000e+00 1
-1.7881886446629747e-01 6.7723118464425081e-02 0.0000000000000000e+00 1
-1.2880207324792517e-01 2.8582837423097823e-01 0.0000000000000000e+00 1
-1.9455275939143063e-01 3.1079624179176596e-01 0.0000000000000000e+00 1
-5.7136653290150496e-02 -3.5901244804962118e-01 0.0000000000000000e+00 1
7.8346992470017862e-02 -5.7898714125531450e-02 0.0000000000000000e+00 1
-6.8294488661716959e-02 -6.3106584284484082e-02 0.0000000000000000e+00 1
2.4110638128295783e-01 -2.7976739362251896e-01 0.0000000000000000e+00 1
2.8312238540172008e-01 -1.3010551695290212e-01 0.0000000000000000e+00 1
1.2230505083960504e-01 2.5422982399243815e-01 0.0000000000000000e+00 1
3.2704236826296251e-01 -1.2799101817238832e-02 0.0000000000000000e+00 1
7.7132230698225168e-02 -6.7940002445795400e-02 0.0000000000000000e+00 1
-2.0331221943229442e-02 3.8336282081648843e-01 0.0000000000000000e+00 1
-7.6005463671243181e-02 -3.3075660534347817e-01 0.0000000000000000e+00 1
7.1640733893705413e-02 6.4743320443526209e-02 0.0000000000000000e+00 1
1.4412484072692097e-01 2.4482992151158423e-01 0.0000000000000000e+00 1
-6.7168508494744608e-02 -5.3598460111558409e-02 0.0000000000000000e+00 1
-1.9094194957436805e-01 -2.5926235730402264e-01 0.0000000000000000e+00 1
1.2361132042396315e-01 2.3905069146836333e-01 0.0000000000000000e+00 1
-1.9074894664132022e-02 3.9975215446918666e-01 0.0000000000000000e+00 1
7.5968384642179587e-02 -2.2450091636970099e-01 0.0000000000000000e+00 1
-3.5251083214011197e-01 1.7319422209143615e-01 0.0000000000000000e+00 1
1.3131589852684714e-01 2.3514046037546549e-01 0.0000000000000000e+00 1
1.0373649357080315e-02 2.2109286948147600e-01 0.0000000000000000e+00 1
7.0125386325697717e-02 -1.9917410039345945e-01 0.0000000000000000e+00 1
-4.3639469319194740e-02 -3.1528565511850282e-01 0.0000000000000000e+00 1
2.8850344478620621e-01 5.0976609866223238e-02 0.0000000000000000e+00 1
-1.6935076873825342e-01 7.1868648158714590e-02 0.0000000000000000e+00 1
-1.3588820857744666e-01 -1.8272577684524208e-01 0.0000000000000000e+00 1
-9.4567780575261343e-02 2.1192806562069361e-02 0.0000000000000000e+00 1
4.8013313179077380e-02 -4.7690247208553506e-02 0.0000000000000000e+00 1
9.3898427888122749e-02 1.2925611378369969e-01 0.0000000000000000e+00 1
7.4023000452539178e-02 -2.3291741581823633e-01 0.0000000000000000e+00 1
2.9152716899506131e-01 6.8982386620701663e-02 0.0000000000000000e+00 1
-6.5910068357428006e-02 -4.3880348048530138e-02 0.0000000000000000e+00 1
2.6500556974965472e-01 -2.0952319756605861e-01 0.0000000000000000e+00 1
-3.9320243779400144e-01 1.3310267127589606e-01 0.0000000000000000e+00 1
2.9881833768778615e-01 5.7189053784002769e-02 0.0000000000000000e+00 1
-1.3201735268328929e-01 3.4954946937343900e-01 0.0000000000000000e+00 1
-6.4708609502590705e-02 -3.4242993226238055e-02 0.0000000000000000e+00 1
7.2782552175425966e-02 7.4619698843479812e-02 0.0000000000000000e+00 1
8.3500940158807255e-02 -2.4237020351260413e-01 0.0000000000000000e+00 1
2.5817804321279408e-01 -2.6114417955772284e-01 0.0000000000000000e+00 1
-3.2025026279615249e-01 2.1413996971815752e-01 0.0000000000000000e+00 1
3.8823197666065234e-02 2.8109203202390820e-01 0.0000000000000000e+00 1
-1.7114084460633594e-01 3.2590092298455414e-01 0.0000000000000000e+00 1
-3.4473512114747262e-01 1.6761319544202014e-01 0.0000000000000000e+00 1
-1.5969703918718858e-01 7.6451839791051107e-02 0.0000000000000000e+00 1
2.9579099346187843e-01 3.9292361672888881e-02 0.0000000000000000e+00 1
2.5214113380884941e-02 4.1183257216532720e-01 0.0000000000000000e+00 1
2.2124462923763613e-01 2.7633204591365812e-01 0.0000000000000000e+00 1
-1.2060982758236438e-01 -2.3819129457011956e-01 0.0000000000000000e+00 1
7.7498239084875326e-02 -2.0518497336780833e-01 0.0000000000000000e+00 1
-1.0585367264606274e-01 -2.3865169144487350e-01 0.0000000000000000e+00 1
-1.2159558544718690e-01 -3.1292094409512450e-01 0.0000000000000000e+00 1
-2.5784675029179938e-01 2.6515767425161479e-01 0.0000000000000000e+00 1
-3.4992305195430878e-01 -4.5231984430964108e-02 0.0000000000000000e+00 1
-6.3739958876104674e-02 -2.4317176015774551e-02 0.0000000000000000e+00 1
2.6707005803240519e-01 2.2576638981097139e-01 0.0000000000000000e+00 1
-1.5081339559247375e-01 7.9418060319321040e-02 0.0000000000000000e+00 1
-3.8287435111688639e-01 2.4420982245420969e-02 0.0000000000000000e+00 1
2.9609926181146362e-01 3.1550930168416612e-02 0.0000000000000000e+00 1
-9.5038252277147538e-03 4.0352314131261846e-01 0.0000000000000000e+00 1
-3.2188365863773560e-01 -9.0094712943705121e-02 0.0000000000000000e+00 1
6.6608470736511188e-02 9.0320915157818232e-02 0.0000000000000000e+00 1
4.7009654837109456e-02 2.6648682950726060e-01 0.0000000000000000e+00 1
-3.4059511587716196e-02 -3.0232307237612616e-01 0.0000000000000000e+00 1
-3.3936810325089294e-02 -2.3163640005483480e-01 0.0000000000000000e+00 1
1.4893245438625313e-01 -1.4646058218180574e-02 0.0000000000000000e+00 1
2.9443951648338518e-01 9.6362571244924256e-02 0.0000000000000000e+00 1
3.4590674369653802e-02 2.5842826534214769e-01 0.0000000000000000e+00 1
2.7750505071009013e-01 -1.8171602876545817e-01 0.0000000000000000e+00 1
7.7201678807268831e-02 1.0201590185088971e-01 0.0000000000000000e+00 1
5.9026050164920449e-02 -2.4838585634780674e-01 0.0000000000000000e+00 1
5.1562972745534091e-02 -8.5198301602762844e-03 0.0000000000000000e+00 1
-5.1009060799398022e-02 -2.2009707842393156e-01 0.0000000000000000e+00 1
6.4895345602209359e-02 4.2693763465021728e-01 0.0000000000000000e+00 1
-3.5838635406791569e-01 1.8626262908936378e-01 0.0000000000000000e+00 1
2.0154312534452443e-01 3.4199016412033628e-01 0.0000000000000000e+00 1
-1.6793812507728478e-01 3.0997823647664735e-01 0.0000000000000000e+00 1
-1.1829441441066567e-01 1.4824774373276709e-02 0.0000000000000000e+00 1
7.4016616187373874e-02 8.3531268221824884e-02 0.0000000000000000e+00 1
-1.9334589630912953e-02 -1.8659710040532978e-03 0.0000000000000000e+00 1
-3.9615734809823916e-01 8.4182521753454698e-02 0.0000000000000000e+00 1
4.4162793455439726e-02 2.4602519215863367e-01 0.0000000000000000e+00 1
3.2913576813613693e-01 1.0982264736518746e-01 0.0000000000000000e+00 1
8.7918511173583014e-02 4.2678383444314227e-01 0.0000000000000000e+00 1
2.1174286115417174e-01 1.4551949292546365e-01 0.0000000000000000e+00 1
-3.8673658327268667e-01 9.0679439531944073e-03 0.0000000000000000e+00 1
7.8469067838439668e-02 1.1205531120188975e-01 0.0000000000000000e+00 1
-3.7212782000119149e-01 -1.7568330325750559e-03 0.0000000000000000e+00 1
3.2593169178912201e-01 -2.2166438689720493e-02 0.0000000000000000e+00 1
1.4840315747259930e-01 -2.5059497978234802e-02 0.0000000000000000e+00 1
3.1667686830446046e-02 2.3809810809313522e-01 0.0000000000000000e+00 1
-3.0440749032660381e-02 -2.1987028189199839e-01 0.0000000000000000e+00 1
1.5518885670946544e-01 -4.0985430087604115e-02 0.0000000000000000e+00 1
-1.7184796561711077e-01 -2.7732709175002535e-01 0.0000000000000000e+00 1
2.2425166336718094e-01 2.8424597965821613e-01 0.0000000000000000e+00 1
2.0776871108117670e-01 -2.4281347535740033e-01 0.0000000000000000e+00 1
-1.0575728404699075e-01 -2.3230047234913526e-01 0.0000000000000000e+00 1
-1.9048170055988956e-01 -2.3161935433050196e-01 0.0000000000000000e+00 1
-9.4181597474687989e-02 8.2703644698608140e-03 0.0000000000000000e+00 1
-3.7740988760554806e-01 1.9175010623373748e-02 0.0000000000000000e+00 1
1.5564588799516768e-01 -3.1536836930863038e-02 0.0000000000000000e+00 1
-2.7285424451064433e-01 -1.5786122146665504e-01 0.0000000000000000e+00 1
-1.1999762910014940e-01 2.9255191171472562e-02 0.0000000000000000e+00 1
-1.6595026798767681e-01 1.0267878722440321e-01 0.0000000000000000e+00 1
7.9412431118654397e-02 1.2122776881486230e-01 0.0000000000000000e+00 1
3.3857142069923241e-01 2.1330019161314329e-02 0.0000000000000000e+00 1
5.2412712767683514e-02 1.9569628194463798e-02 0.0000000000000000e+00 1
1.6229675874394461e-01 -4.7019869323059016e-02 0.0000000000000000e+00 1
1.6074753329760222e-01 -6.8434205103754434e-02 0.0000000000000000e+00 1
-3.6864617973037195e-01 2.2559841430395560e-02 0.0000000000000000e+00 1
-1.4211009027567534e-01 3.4475252492822273e-01 0.0000000000000000e+00 1
-4.5176843792886709e-02 -3.6733417088041775e-01 0.0000000000000000e+00 1
1.0023816486784765e-01 4.1269699330132320e-01 0.0000000000000000e+00 1
5.9578812948988091e-02 -5.0211007689790060e-03 0.0000000000000000e+00 1
3.0045388802742826e-02 4.2283645754769628e-01 0.0000000000000000e+00 1
-2.2923125262722271e-01 -2.1515214374044028e-01 0.0000000000000000e+00 1
2.2911681770698866e-01 1.4687217339348740e-01 0.0000000000000000e+00 1
1.8965548621006362e-01 -8.7628068520973230e-03 0.0000000000000000e+00 1
-9.6031637352531563e-02 -1.4904289158102285e-01 0.0000000000000000e+00 1
1.4547568498462324e-01 2.3817520261959607e-01 0.0000000000000000e+00 1
1.6153812625031752e-01 -5.7518765661935381e-02 0.0000000000000000e+00 1
2.2373314548517431e-01 -1.2631874729146186e-02 0.0000000000000000e+00 1
5.3015891265722960e-02 6.4376386373789420e-03 0.0000000000000000e+00 1
2.1650013192764081e-01 -7.3842196758117963e-03 0.0000000000000000e+00 1
1.1317052202787897e-01 -1.6181196933397290e-01 0.0000000000000000e+00 1
2.0025279467977147e-01 -3.6523566801247898e-01 0.0000000000000000e+00 1
-1.3446619720102823e-01 2.6584057711057291e-02 0.0000000000000000e+00 1
1.7875681654916137e-01 2.7837512161485456e-01 0.0000000000000000e+00 1
3.1152254919834751e-02 -3.9486889273542147e-01 0.0000000000000000e+00 1
1.5509198530745583e-01 2.5107434755838787e-01 0.0000000000000000e+00 1
1.8246277814085668e-01 -3.4484779409790045e-03 0.0000000000000000e+00 1
-9.8463181914013917e-02 -2.2896180492193591e-01 0.0000000000000000e+00 1
-2.9681711220212126e-01 2.3655278475922711e-01 0.0000000000000000e+00 1
-1.5081702539296135e-01 3.0233410752509143e-01 0.0000000000000000e+00 1
2.1659904725668480e-01 -2.4903842309572172e-01 0.0000000000000000e+00 1
-5.6891157502165439e-02 -2.0667306331228202e-01 0.0000000000000000e+00 1
2.8567997302057146e-01 2.5150184858829312e-02 0.0000000000000000e+00 1
1.6142278777751567e-01 3.5516371665679558e-01 0.0000000000000000e+00 1
1.6780505775151996e-01 -4.0729700275298419e-01 0.0000000000000000e+00 1
2.2530793084203193e-01 -2.5553969098454532e-01 0.0000000000000000e+00 1
2.0462056571769366e-01 2.7034256966174469e-01 0.0000000000000000e+00 1
-1.3648752209847104e-01 4.1471625391545745e-02 0.0000000000000000e+00 1
6.3375952541325498e-03 2.2640202688477984e-01 0.0000000000000000e+00 1
1.0958750503141941e-01 2.5089452339604157e-01 0.0000000000000000e+00 1
-1.4261252406909186e-01 -1.7881949714302542e-01 0.0000000000000000e+00 1
2.3757696871713402e-01 -1.0132979861183484e-02 0.0000000000000000e+00 1
-2.0897898865541195e-01 -2.4955914120992490e-01 0.0000000000000000e+00 1
1.2470522317417848e-01 -1.5396166303386308e-01 0.0000000000000000e+00 1
-1.1420454753335410e-01 -3.1811381986109694e-01 0.0000000000000000e+00 1
7.5726056523975604e-05 4.0683967785532282e-01 0.0000000000000000e+00 1
1.9090098040305833e-01 2.6907060170104047e-01 0.0000000000000000e+00 1
4.5117127691279169e-03 -2.7076563924217323e-01 0.0000000000000000e+00 1
-3.6038086464403518e-01 2.6223788991443012e-02 0.0000000000000000e+00 1
-1.0059913138461764e-01 -3.2015229163947667e-01 0.0000000000000000e+00 1
-4.7661458808528026e-02 -1.9719099512632746e-01 0.0000000000000000e+00 1
-1.6513778571108023e-01 1.1292154656249717e-01 0.0000000000000000e+00 1
-1.2108825962517297e-02 -3.8521701347588633e-01 0.0000000000000000e+00 1
3.3942918292917768e-01 3.3071867332946869e-02 0.0000000000000000e+00 1
1.0059224931689190e-01 2.4711993588287740e-01 0.0000000000000000e+00 1
7.0193627378053680e-02 -3.9550468509981213e-01 0.0000000000000000e+00 1
-1.0641524720979018e-01 1.7908859713829692e-02 0.0000000000000000e+00 1
2.2599722267436126e-01 1.1595439257837969e-01 0.0000000000000000e+00 1
-9.1959507668224125e-02 -2.2596203357455563e-01 0.0000000000000000e+00 1
-1.5418456942858050e-01 3.3583087596452149e-01 0.0000000000000000e+00 1
-2.1456723863678914e-02 -2.0764508648007532e-01 0.0000000000000000e+00 1
-3.3477037554722916e-01 -5.4235571835765710e-02 0.0000000000000000e+00 1
-1.9713321021644634e-01 -2.2742203287380447e-01 0.0000000000000000e+00 1
-2.5068145741715420e-01 -2.0218497469244001e-01 0.0000000000000000e+00 1
1.1564502108739139e-01 -1.4262389392861016e-01 0.0000000000000000e+00 1
6.8281323474139857e-02 7.9273529684413899e-03 0.0000000000000000e+00 1
-4.8794167269465991e-02 -2.1472620190912292e-01 0.0000000000000000e+00 1
-4.3247681479239207e-02 -2.2661978071861655e-01 0.0000000000000000e+00 1
2.1626792687688834e-01 3.1043793446621387e-01 0.0000000000000000e+00 1
1.6580434349695131e-01 2.6552836805103480e-01 0.0000000000000000e+00 1
5.0735510593289818e-02 -2.3804380233656337e-02 0.0000000000000000e+00 1
-8.2054502287276398e-02 -2.2035123153084452e-01 0.0000000000000000e+00 1
3.1339878261679978e-02 2.2979132677394998e-01 0.0000000000000000e+00 1
2.2731146853745079e-01 1.2849224383748997e-01 0.0000000000000000e+00 1
-3.1495366814337900e-01 -1.1837656090631424e-01 0.0000000000000000e+00 1
3.2486782830386512e-01 -3.0867643977636146e-02 0.0000000000000000e+00 1
-3.8857950175535100e-01 4.0333181524462101e-02 0.0000000000000000e+00 1
-1.4991137346507893e-01 2.5243139098799416e-01 0.0000000000000000e+00 1
2.7284475703402933e-01 -2.2708491503906167e-01 0.0000000000000000e+00 1
2.3417817826637946e-02 2.2573917783974529e-01 0.0000000000000000e+00 1
-2.1755434822351821e-01 2.8400379064829823e-01 0.0000000000000000e+00 1
-4.5664539422037700e-02 -1.8952591018514486e-01 0.0000000000000000e+00 1
1.5951076141140708e-01 -4.0240616040072441e-01 0.0000000000000000e+00 1
-3.9203771142919641e-01 1.1778750034206091e-01 0.0000000000000000e+00 1
-2.7268487253101681e-01 2.7009475483661166e-01 0.0000000000000000e+00 1
-1.4267528081341810e-01 -1.6671301916050188e-01 0.0000000000000000e+00 1
2.3991273326664661e-01 1.6088894399711617e-01 0.0000000000000000e+00 1
2.8087897673685219e-01 -1.4009206783560316e-01 0.0000000000000000e+00 1
3.0861618676010150e-01 -1.0730273383406845e-01 0.0000000000000000e+00 1
-1.9719255705055269e-02 -2.8783454138450620e-01 0.0000000000000000e+00 1
-5.4371112317280597e-02 1.6600986075826808e-02 0.0000000000000000e+00 1
-2.4380416632371185e-02 -2.1902367143808488e-01 0.0000000000000000e+00 1
2.2081239107272022e-01 -3.5154080609786370e-01 0.0000000000000000e+00 1
2.8033507767851951e-01 1.8178821436199535e-01 0.0000000000000000e+00 1
-4.6911410616881800e-03 -2.8180970758098400e-01 0.0000000000000000e+00 1
-3.0513164344193788e-01 1.5653025314023938e-01 0.0000000000000000e+00 1
-1.7198850534011589e-01 1.2915458366246668e-01 0.0000000000000000e+00 1
-8.2177164463463320e-02 -2.1367705752955135e-01 0.0000000000000000e+00 1
-2.7203883494703285e-01 -1.4414493798530700e-01 0.0000000000000000e+00 1
-1.0677416303549045e-01 -3.2294614134604421e-01 0.0000000000000000e+00 1
-7.4509600711961416e-02 -3.5249965721976451e-01 0.0000000000000000e+00 1
1.6864461319772756e-01 -2.9342764565685148e-01 0.0000000000000000e+00 1
-7.5223623884809132e-02 -1.4372522211541067e-01 0.0000000000000000e+00 1
2.6039967805587866e-01 2.3875978706815898e-01 0.0000000000000000e+00 1
1.2003605174259727e-01 -1.0229458363807381e-01 0.0000000000000000e+00 1
-1.0490716655845470e-01 -1.4106052832280208e-01 0.0000000000000000e+00 1
3.1381380642036899e-01 -9.4771540136552063e-02 0.0000000000000000e+00 1
2.3896401932186506e-01 2.9351380441470865e-01 0.0000000000000000e+00 1
2.8305476124389622e-01 -1.6439995329349017e-03 0.0000000000000000e+00 1
3.0633601069247472e-02 -2.5850762102038155e-01 0.0000000000000000e+00 1
4.7971301676622863e-02 -2.5100412850187587e-01 0.0000000000000000e+00 1
1.3050419000379160e-01 -9.3389658470702713e-02 0.0000000000000000e+00 1
1.3380351401980616e-02 -2.6615488476199300e-01 0.0000000000000000e+00 1
-4.4721353618664514e-02 -1.7258890234416077e-01 0.0000000000000000e+00 1
1.1179405670748177e-01 -4.1525481676936632e-01 0.0000000000000000e+00 1
3.3171457322980608e-01 7.4161114353345547e-02 0.0000000000000000e+00 1
-7.5284805407370925e-02 -1.6948283873869663e-01 0.0000000000000000e+00 1
3.9313410897851689e-02 -2.5472033805575400e-01 0.0000000000000000e+00 1
3.4461838985938380e-03 -2.7833050755197764e-01 0.0000000000000000e+00 1
-5.4032597370231188e-02 -1.8128163016197993e-01 0.0000000000000000e+00 1
1.0801328591619977e-01 1.3391614465749105e-01 0.0000000000000000e+00 1
-6.2851841790493093e-02 3.4786529898584523e-02 0.0000000000000000e+00 1
-5.4826252161325591e-02 2.9856996933185654e-02 0.0000000000000000e+00 1
-7.6146436517264021e-02 -3.3991019523242638e-01 0.0000000000000000e+00 1
9.7131490851930485e-02 -4.1421696791952889e-01 0.0000000000000000e+00 1
-1.5440186791880743e-02 -6.7225859576245609e-03 0.0000000000000000e+00 1
-8.1863811042702073e-02 -2.0671178377085844e-01 0.0000000000000000e+00 1
-2.0365411417378965e-01 -2.2302677625106676e-01 0.0000000000000000e+00 1
1.7271699491309950e-01 3.6504312253203947e-01 0.0000000000000000e+00 1
1.8446708698590958e-01 -3.8486884709374486e-01 0.0000000000000000e+00 1
-1.5165692940419884e-02 -2.0625454376497490e-01 0.0000000000000000e+00 1
1.3607963119494915e-01 -1.2941719391310763e-01 0.0000000000000000e+00 1
2.6844543674763793e-01 -1.8427911358593790e-01 0.0000000000000000e+00 1
2.1938536021305220e-02 -2.6232377850897798e-01 0.0000000000000000e+00 1
2.4867090554559423e-01 -2.8321843559628102e-01 0.0000000000000000e+00 1
1.5473026541927426e-01 3.9327488148313350e-01 0.0000000000000000e+00 1
1.0898813221124104e-01 1.4377043075641482e-01 0.0000000000000000e+00 1
-1.8817972512854067e-02 -2.8066002074823176e-01 0.0000000000000000e+00 1
-4.4764647822404802e-02 -1.6019144718543674e-01 0.0000000000000000e+00 1
-1.6826347042916345e-01 2.9387195447846310e-02 0.0000000000000000e+00 1
8.5795968139612891e-03 4.0990104125429683e-01 0.0000000000000000e+00 1
-1.8181869752902685e-01 3.2090402533950002e-01 0.0000000000000000e+00 1
1.0661139631484984e-01 4.1519353651304913e-01 0.0000000000000000e+00 1
9.9737417779659762e-02 4.0598327498281866e-01 0.0000000000000000e+00 1
2.2226110814498987e-01 -3.3128397246032509e-01 0.0000000000000000e+00 1
-1.7749198341635070e-01 2.2132310545360331e-01 0.0000000000000000e+00 1
-1.4865766704739811e-01 -1.6395034429502031e-01 0.0000000000000000e+00 1
-9.4715644829786519e-02 6.0148703863233829e-02 0.0000000000000000e+00 1
-1.4813441222953180e-01 3.7643474602844118e-02 0.0000000000000000e+00 1
-3.4091912642118921e-01 1.9301102099796752e-01 0.0000000000000000e+00 1
-2.6552117348421955e-01 -1.6967380377017530e-01 0.0000000000000000e+00 1

Edges
255
1 2 1
2 3 1
3 4 1
4 5 1
5 6 1
6 7 1
7 8 1
8 9 1
9 10 1
10 11 1
11 12 1
12 13 1
13 14 1
14 15 1
15 16 1
16 17 1
17 18 1
18 19 1
19 20 1
20 21 1
21 22 1
22 23 1
23 24 1
24 25 1
25 26 1
26 27 1
27 28 1
28 29 1
29 30 1
30 31 1
31 32 1
32 33 1
33 34 1
34 35 1
35 36 1
36 37 1
37 38 1
38 39 1
39 40 1
40 41 1
41 42 1
42 43 1
43 44 1
44 45 1
45 46 1
46 47 1
47 48 1
48 49 1
49 50 1
50 51 1
51 52 1
52 53 1
53 54 1
54 55 1
55 56 1
56 57 1
57 58 1
58 59 1
59 60 1
60 61 1
61 62 1
62 63 1
63 64 1
64 65 1
65 66 1
66 67 1
67 68 1
68 69 1
69 70 1
70 71 1
71 72 1
72 73 1
73 74 1
74 75 1
75 76 1
76 77 1
77 78 1
78 79 1
79 80 1
80 81 1
81 82 1
82 83 1
83 84 1
84 85 1
85 86 1
86 87 1
87 88 1
88 89 1
89 90 1
90 91 1
91 92 1
92 93 1
93 94 1
94 95 1
95 96 1
96 97 1
97 98 1
98 99 1
99 100 1
100 101 1
101 102 1
102 103 1
103 104 1
104 105 1
105 106 1
106 107 1
107 108 1
108 109 1
109 110 1
110 111 1
111 112 1
112 113 1
113 114 1
114 115 1
115 116 1
116 117 1
117 118 1
118 119 1
119 120 1
120 121 1
121 122 1
122 123 1
123 124 1
124 125 1
125 126 1
126 127 1
127 128 1
128 129 1
129 130 1
130 131 1
131 132 1
132 133 1
133 134 1
134 135 1
135 136 1
136 137 1
137 138 1
138 139 1
139 140 1
140 141 1
141 142 1
142 143 1
143 144 1
144 145 1
145 146 1
146 147 1
147 148 1
148 149 1
149 150 1
150 151 1
151 152 1
152 153 1
153 154 1
154 155 1
155 156 1
156 157 1
157 158 1
158 159 1
159 160 1
160 161 1
161 162 1
162 163 1
163 164 1
164 165 1
165 166 1
166 167 1
167 168 1
168 169 1
169 170 1
170 171 1
171 172 1
172 173 1
173 174 1
174 175 1
175 176 1
176 177 1
177 178 1
178 179 1
179 180 1
180 181 1
181 182 1
182 183 1
183 184 1
184 185 1
185 186 1
186 187 1
187 188 1
188 189 1
189 190 1
190 191 1
191 192 1
192 193 1
193 194 1
194 195 1
195 196 1
196 197 1
197 198 1
198 199 1
199 200 1
200 201 1
201 202 1
202 203 1
203 204 1
204 205 1
205 206 1
206 207 1
207 208 1
208 209 1
209 210 1
210 211 1
211 212 1
212 213 1
213 214 1
214 215 1
215 216 1
216 217 1
217 218 1
218 219 1
219 220 1
220 221 1
221 222 1
222 223 1
223 224 1
224 225 1
225 226 1
226 227 1
227 228 1
228 229 1
229 230 1
230 231 1
231 232 1
232 233 1
233 234 1
234 235 1
235 236 1
236 237 1
237 238 1
238 239 1
239 240 1
240 241 1
241 242 1
242 243 1
243 244 1
244 245 1
245 246 1
246 247 1
247 248 1
248 249 1
249 250 1
250 251 1
251 252 1
252 253 1
253 254 1
254 255 1
255 1 1

Triangles
11135
4065 3177 5165 1
3410 3209 4402 1
1255 3410 4402 1
3248 2234 4804 1
292 4065 5165 1
1610 3203 5512 1
272 4370 4371 1
3328 281 3796 1
1297 1488 3534 1
3282 621 3818 1
2854 3255 3262 1
4880 284 5340 1
1702 3390 4016 1
3497 4880 5340 1
1639 4037 4039 1
3203 1610 4415 1
3735 722 4038 1
3238 2577 5569 1
3377 3050 3386 1
4038 722 4039 1
492 486 3345 1
4325 4324 5255 1
3390 3219 4016 1
3184 3960 5483 1
2869 2631 4076 1
272 4371 5127 1
3098 4660 4923 1
3255 2720 3262 1
927 3762 5080 1
3368 1360 3369 1
4037 4038 4039 1
1022 3376 5053 1
3376 1022 5043 1
2809 2810 3917 1
619 4487 4943 1
2577 3238 5592 1
4735 3030 5451 1
506 500 3466 1
3218 3203 4415 1
3334 4735 5451 1
3294 277 3295 1
2809 3917 5623 1
690 3252 3254 1
3796 281 3797 1
1846 3377 3386 1
4604 3195 4713 1
1636 4604 4713 1
3556 4967 5064 1
4487 3303 4943 1
4046 1701 4047 1
3218 4415 4594 1
3369 1360 3371 1
3195 3249 4781 1
4713 3195 4781 1
722 3735 4253 1
3309 4317 4641 1
3960 698 5483 1
3735 3211 4253 1
621 3282 3817 1
4529 2856 5565 1
3320 1967 3322 1
1718 3359 3361 1
931 3206 4922 1
505 512 3300 1
3922 2856 4529 1
3681 3248 4804 1
5116 2871 5187 1
3035 2291 3514 1
3276 2096 3277 1
3206 931 4956 1
3211 1636 4253 1
2488 2244 3530 1
279 3191 5140 1
690 492 3345 1
1147 1146 3585 1
1636 3211 4604 1
4558 4833 4933 1
3882 875 4972 1
1701 4046 4048 1
3713 2198 3715 1
373 371 4831 1
5055 1950 5333 1
2914 3336 3661 1
3575 3129 5031 1
3436 3010 4195 1
2088 3436 4195 1
2583 3213 3972 1
3252 690 3345 1
3035 3514 3550 1
1434 1436 5141 1
5036 469 5060 1
4337 1618 4959 1
3213 2583 5558 1
2856 3922 4190 1
1466 1432 4077 1
3336 2343 3661 1
3189 5055 5333 1
875 3882 5057 1
1388 1237 3470 1
2855 3531 3534 1
3971 5036 5060 1
4757 357 4824 1
215 216 4635 1
3922 3923 4190 1
3715 2198 3991 1
2945 4762 4966 1
1146 3307 3585 1
3762 2850 5080 1
1130 3693 4463 1
1953 2270 4202 1
2633 4075 4076 1
1897 3229 4758 1
366 3246 4006 1
4833 3145 4933 1
3229 1897 5546 1
275 3314 3315 1
4762 3068 4966 1
2198 3713 4201 1
3818 2472 4258 1
3800 3816 5206 1
3112 5220 5323 1
3801 417 5684 1
4317 3309 4323 1
4706 3580 5281 1
3580 354 5281 1
4660 3098 4978 1
288 3575 5031 1
2861 3291 3296 1
4110 1130 5505 1
419 417 3801 1
3214 1022 5017 1
2270 3340 4202 1
1103 3965 5014 1
3291 1906 3296 1
3246 366 4005 1
3274 3458 5224 1
3976 3112 5323 1
3965 1103 5024 1
3792 1975 4700 1
2755 4758 5470 1
3713 3711 4201 1
3296 1906 3471 1
3453 297 4593 1
3704 5162 5338 1
2631 2633 4076 1
1130 4463 5505 1
2920 3792 4700 1
2855 1912 3362 1
3263 962 3299 1
878 3816 3876 1
3308 355 4634 1
5162 308 5338 1
3471 1906 4352 1
3206 3261 4890 1
5048 3275 5082 1
362 3494 4828 1
1391 3499 5044 1
2096 3276 3335 1
3292 2902 5484 1
3251 2340 4723 1
3206 4890 4922 1
2792 3272 3305 1
3458 3274 5277 1
3191 279 5372 1
3283 4681 4957 1
4829 4182 5147 1
3304 2826 4897 1
1022 3214 5043 1
4463 3693 5392 1
3406 3405 5077 1
4681 3107 4957 1
3235 5035 5042 1
2855 3530 3531 1
3668 3092 5110 1
2340 3251 4802 1
3284 322 3355 1
1967 3320 3581 1
3278 1991 3318 1
3946 747 4189 1
2873 3271 5149 1
4032 3235 5042 1
3271 5132 5149 1
3275 3257 5082 1
4029 4971 5167 1
2806 2908 3327 1
2270 2474 3340 1
1718 3361 3671 1
3250 4004 4659 1
3350 4325 5255 1
4075 2633 4277 1
3499 1391 5095 1
648 3346 3347 1
1113 1102 3767 1
3711 2290 4201 1
3317 335 4283 1
648 2086 3346 1
4699 3242 4799 1
2912 4408 4896 1
2902 3292 5518 1
374 3441 3605 1
3885 3886 5109 1
212 213 3603 1
4004 1786 4659 1
3353 2195 5052 1
1991 3278 3425 1
5109 3886 5155 1
307 3324 3545 1
3611 4293 5085 1
2195 4527 5052 1
4971 369 5167 1
1102 3430 3767 1
2087 4699 4799 1
322 3284 3286 1
1302 4660 4978 1
3272 2792 3426 1
1102 1091 3430 1
4610 2555 5605 1
3621 2290 3711 1
3298 1397 3425 1
334 4383 4647 1
878 3876 3878 1
4125 4560 4977 1
3236 2892 4860 1
3402 3029 5007 1
268 4226 4927 1
3242 944 4354 1
369 4971 5117 1
4860 3075 5489 1
2892 3236 5582 1
3441 374 3524 1
4408 2912 5579 1
4915 3090 5314 1
4758 3229 5470 1
1333 5178 5214 1
944 3242 4699 1
3261 659 4890 1
3262 2720 3449 1
4888 3350 5161 1
3657 3655 4870 1
3250 1282 3748 1
5178 3390 5214 1
2949 4360 5276 1
414 416 4152 1
1103 3235 5024 1
4732 3877 4756 1
3235 1103 5035 1
414 4152 5662 1
5014 3965 5027 1
1618 3429 4959 1
335 3317 4284 1
3309 3237 4323 1
3965 3966 5027 1
659 3261 5572 1
3531 3533 3534 1
2902 2555 4610 1
4325 3350 4888 1
3362 1912 3363 1
3295 277 3415 1
1282 3250 4659 1
2874 2624 4180 1
2737 3271 5498 1
3275 1302 4978 1
3881 3882 4884 1
1612 1297 3534 1
1488 2855 3534 1
1884 3241 4980 1
3405 2741 5077 1
3241 1884 5575 1
5184 3465 5274 1
3271 2737 5132 1
4971 4797 5117 1
4798 4708 5104 1
4884 3882 4972 1
3730 310 5190 1
277 3294 4876 1
3210 4078 4277 1
3881 449 4756 1
449 4732 4756 1
655 647 3549 1
70 71 4977 1
962 3263 3753 1
4179 2874 4180 1
1403 946 3598 1
2308 2498 3379 1
3494 362 5336 1
2807 5055 5403 1
1302 3275 5048 1
4077 1434 5141 1
2881 4603 5205 1
355 3308 5192 1
3282 3818 4258 1
264 3395 4617 1
3661 2356 4919 1
4876 3294 5125 1
4198 311 4701 1
3534 3533 5352 1
3019 5063 5246 1
3255 2854 4832 1
275 3315 3392 1
3236 4860 5489 1
5341 531 5366 1
2284 3668 5110 1
2825 3618 5614 1
2356 4885 4919 1
1855 4823 4850 1
3670 3644 5249 1
4603 2881 5442 1
4823 3821 4850 1
3239 325 4400 1
4450 3281 4473 1
1222 3337 5563 1
5175 3855 5243 1
1867 3590 4196 1
5302 4150 5310 1
2277 3433 4832 1
3300 3611 5085 1
2207 5298 5313 1
1865 3402 5007 1
4460 5116 5187 1
449 3881 4884 1
1462 5302 5310 1
3293 4916 4938 1
3501 4844 4946 1
1867 2477 3589 1
500 690 3466 1
3665 5341 5366 1
3429 1618 4434 1
4742 2825 5614 1
4916 1976 4938 1
4198 4701 5680 1
3357 358 4792 1
3816 878 5206 1
4360 2949 4552 1
1867 3589 3590 1
1536 1408 5097 1
3281 4450 5657 1
2826 4473 4897 1
310 3730 5299 1
417 451 5684 1
3306 3748 4675 1
269 3313 3750 1
3946 4189 5293 1
2829 3471 4352 1
3514 3515 5220 1
3659 3214 4995 1
1721 506 3466 1
3149 3657 4870 1
4073 2597 5139 1
3076 3429 4434 1
689 3444 4293 1
3611 689 4293 1
3615 344 3616 1
3748 1282 4675 1
2869 4076 4077 1
3323 2576 4915 1
3018 3019 5246 1
4995 3214 5017 1
2244 2245 3530 1
3181 3180 4869 1
3885 875 5057 1
3359 1718 3753 1
2758 4829 5147 1
3112 3514 5220 1
4877 4145 4899 1
2593 5175 5243 1
4388 271 5517 1
962 505 3300 1
4877 3150 4903 1
267 4596 4657 1
4145 1634 4899 1
3810 2317 5476 1
3876 3877 3878 1
297 3453 5311 1
3590 3592 4196 1
5298 3588 5313 1
1533 1876 3535 1
3500 3501 4946 1
3318 1991 3581 1
5207 1613 5394 1
3300 512 3611 1
1167 1147 3585 1
2624 2626 4180 1
4076 1466 4077 1
4473 3281 4897 1
1501 1499 3335 1
1247 1246 3544 1
4945 4030 5010 1
3878 3877 4732 1
4967 3556 5128 1
1638 5184 5274 1
3283 1954 4202 1
1397 3298 3594 1
3556 5064 5330 1
2576 3323 5134 1
875 3885 5109 1
4485 5351 5362 1
2316 4115 4636 1
4032 469 5036 1
4460 296 5194 1
5055 3189 5403 1
4145 4877 4903 1
3156 2818 4955 1
4226 268 5331 1
3291 2861 4073 1
4317 4318 4641 1
4178 1468 5005 1
3218 1679 5471 1
2096 1388 3470 1
2317 3810 5465 1
3324 307 3546 1
357 4752 4824 1
1860 3499 5095 1
318 3498 5321 1
469 4032 5042 1
4932 3339 4942 1
1237 1382 3470 1
5236 3907 5267 1
147 148 4992 1
3444 689 4416 1
4444 3662 5168 1
5029 2706 5034 1
1266 1250 3552 1
2954 3595 3740 1
1432 1434 4077 1
4830 3344 4948 1
3161 4745 5203 1
3348 3444 4416 1
270 3403 3404 1
1679 3218 5480 1
4869 3180 5495 1
3774 5029 5034 1
4286 4997 5276 1
4091 4854 4961 1
2518 4945 5010 1
3379 2498 3443 1
831 823 5076 1
1947 4915 5314 1
4355 1783 5564 1
3907 3908 5267 1
1170 811 5058 1
1771 4932 4942 1
3362 2488 3530 1
3907 446 5199 1
3338 1111 3431 1
325 3239 5282 1
3132 4676 4801 1
371 3451 4831 1
4178 2874 4179 1
3277 2096 3470 1
3594 3388 5107 1
4660 1302 5413 1
4382 3356 4734 1
3630 1770 5385 1
2826 3304 5113 1
1091 1111 3430 1
4643 2879 5144 1
1770 3630 5405 1
2690 3366 3367 1
3366 2984 3367 1
3447 1403 3598 1
4318 315 4641 1
4111 256 4803 1
3257 1144 5082 1
483 491 3671 1
4160 5309 5371 1
3301 4355 5564 1
5265 2910 5307 1
1954 3283 4957 1
3306 1785 3672 1
4838 4710 5296 1
3499 1860 5150 1
2506 2504 3414 1
4977 4560 5624 1
690 3254 3466 1
3274 5224 5443 1
446 3907 5236 1
3128 4764 5292 1
2897 5507 5531 1
318 212 3603 1
4327 1763 4748 1
1691 3348 4416 1
2343 3336 3662 1
5507 4010 5531 1
3314 275 3596 1
279 215 4635 1
1785 3306 4675 1
5374 1734 5398 1
3626 4460 5194 1
3433 3255 4832 1
4390 133 5245 1
5309 3089 5371 1
365 4876 5125 1
3382 5002 5012 1
1954 1953 4202 1
1144 3257 5123 1
5256 4142 5278 1
5002 965 5012 1
1767 4830 4948 1
5119 2179 5420 1
256 3442 4803 1
4660 4004 4923 1
3614 344 3615 1
1111 3338 3430 1
3327 2908 3535 1
3207 5374 5398 1
648 3347 3549 1
1360 3368 3370 1
1838 3670 5249 1
5136 2364 5356 1
5187 2871 5626 1
4561 4570 5624 1
1726 5256 5278 1
3307 1146 3767 1
3426 2532 3521 1
5351 3600 5362 1
303 3889 4690 1
1391 3500 4946 1
3178 5457 5461 1
3400 363 4847 1
3179 3178 5461 1
4570 4561 4905 1
3510 1264 4090 1
3396 1222 5563 1
889 5028 5098 1
3361 5051 5129 1
137 138 4810 1
3416 2275 5239 1
3460 1958 3461 1
3340 2474 3589 1
1499 2096 3335 1
348 4382 4734 1
3303 3302 4872 1
4137 1471 5358 1
4534 4431 4624 1
3471 2829 3919 1
1471 4137 5368 1
4078 4075 4277 1
3365 2886 4165 1
133 4390 5517 1
3746 3690 5037 1
2904 2617 4208 1
4938 1976 4949 1
4997 2950 5276 1
3886 446 5155 1
3383 2713 3513 1
1976 3358 4949 1
495 499 3753 1
4617 3395 5231 1
446 3886 5199 1
363 3400 5622 1
3746 1811 3747 1
270 3404 3413 1
3293 1634 4916 1
2542 831 4353 1
3821 2353 4745 1
2234 3248 5682 1
3518 2542 4353 1
854 848 4989 1
3610 3274 5443 1
1276 1274 3371 1
4111 4803 5242 1
1634 3293 4899 1
3747 1811 4689 1
316 3341 5410 1
3624 2999 3625 1
3498 318 5522 1
3432 2877 4332 1
3103 3298 3425 1
389 3656 5258 1
3303 4872 4943 1
2275 2925 5208 1
2275 3416 5275 1
1544 4212 4964 1
546 553 4334 1
4090 1264 4091 1
3346 2086 3919 1
2984 3366 3465 1
4207 2904 4208 1
1682 3432 4332 1
348 3352 4382 1
3662 3336 5168 1
3219 2809 5623 1
1768 1836 3440 1
5028 3448 5098 1
3747 5202 5244 1
4647 4383 5240 1
2874 4178 5005 1
2855 3362 3530 1
2275 5208 5239 1
3442 256 4886 1
3356 274 4734 1
5051 1772 5129 1
3378 2085 3388 1
3659 1767 4948 1
1491 3394 3426 1
3656 389 5492 1
4115 2316 4952 1
3302 1010 4872 1
2544 2999 3624 1
376 373 4831 1
3376 3375 5047 1
72 265 4126 1
3500 1391 5044 1
1360 1276 3371 1
3376 5047 5053 1
281 3328 4810 1
1763 3443 4748 1
946 706 3598 1
1010 3302 4870 1
3971 1772 5051 1
3385 3672 4693 1
3595 285 3740 1
2586 3594 4385 1
3414 2504 3513 1
2571 4187 4976 1
71 4126 4977 1
925 4558 4933 1
4407 313 4794 1
2353 3821 4823 1
1146 1113 3767 1
2952 3355 5031 1
3322 1967 3397 1
3042 5394 5422 1
4043 3600 4049 1
5202 1915 5244 1
5213 286 5424 1
315 4318 4640 1
3401 3433 5332 1
1609 3583 3584 1
4407 4794 5674 1
3508 2109 3509 1
3273 308 5162 1
4762 2945 5148 1
5346 4035 5389 1
5188 2322 5485 1
271 4388 5030 1
3433 3401 5357 1
1772 3971 5060 1
4175 4176 5065 1
3411 2056 5294 1
2617 2619 4208 1
4035 1141 5303 1
1613 655 3549 1
2973 2985 4172 1
4791 5213 5424 1
308 3273 5553 1
2076 2149 5039 1
3355 288 5031 1
3936 5306 5326 1
1396 1409 3581 1
3435 3042 5422 1
2357 3437 3438 1
3672 1785 4693 1
4657 4596 4998 1
3428 2544 4778 1
3599 2149 4049 1
3258 5534 5542 1
4035 4036 5389 1
1141 4035 5346 1
2522 4695 5126 1
3345 486 4939 1
3384 3146 4983 1
3320 3318 3581 1
1090 1101 4093 1
3994 4974 5235 1
5534 3163 5542 1
3504 1170 5058 1
2915 2109 3508 1
2985 4171 4172 1
3889 303 5081 1
647 648 3549 1
3502 5188 5485 1
4539 3312 5204 1
1860 3502 5150 1
3600 3599 4049 1
3536 4165 4846 1
4983 3146 5000 1
1767 3659 4995 1
3635 3156 4955 1
3393 5265 5307 1
5294 2056 5335 1
1763 2495 3443 1
826 825 3673 1
3502 1860 5188 1
4353 831 5076 1
2634 2637 4277 1
5253 4590 5290 1
3278 3103 3425 1
3431 2537 4545 1
3379 2920 4700 1
3572 282 5046 1
4206 1469 4895 1
4764 317 5292 1
3945 753 5218 1
1315 1339 5016 1
1405 1403 3447 1
4196 3592 4197 1
3299 962 3300 1
3574 361 5404 1
1408 3552 5097 1
3327 1950 5055 1
2925 3668 5173 1
2879 2880 3717 1
4206 2904 4207 1
5306 3036 5326 1
1876 3327 3535 1
3523 2521 3979 1
2792 2532 3426 1
1776 3947 4985 1
2477 3340 3589 1
4870 3655 5672 1
2518 3358 4945 1
148 320 4992 1
2923 3511 4893 1
3427 2915 4537 1
3749 3288 5104 1
4122 4124 4125 1
2915 3508 4537 1
3337 1222 5587 1
2829 3346 3919 1
1520 4170 4894 1
4757 4824 5570 1
3981 5210 5259 1
2806 3327 5055 1
1975 3792 5632 1
2472 3818 5677 1
3705 4921 5198 1
2950 2949 5276 1
4635 216 5041 1
3348 1691 4750 1
4022 1330 4816 1
2842 3451 4955 1
3312 4539 5597 1
3861 5119 5420 1
2844 3363 3364 1
3352 348 4533 1
1246 1249 3544 1
2886 3365 4187 1
3249 1783 5548 1
2844 3362 3363 1
1768 3440 3524 1
3405 927 5080 1
1783 3249 5564 1
2975 2973 4172 1
2690 3367 3947 1
2544 3624 4778 1
1222 3396 4093 1
1492 5253 5290 1
2914 3661 4919 1
4854 2117 4961 1
1926 4196 4197 1
3369 5136 5356 1
2721 3796 3797 1
2958 3628 4994 1
840 847 4960 1
3584 4589 5013 1
2530 2473 5270 1
2170 4589 4590 1
5196 4107 5226 1
3588 3586 5313 1
3339 925 4933 1
4745 2353 5203 1
3358 2518 4949 1
2085 1247 3544 1
2696 4332 4333 1
4567 5305 5496 1
3841 5180 5233 1
4390 4388 5517 1
2357 3438 3439 1
1408 1266 3552 1
2170 4590 4687 1
849 842 3663 1
1815 1416 3721 1
925 3339 4932 1
1811 3746 5037 1
3122 3601 4991 1
3966 1392 5636 1
4212 2981 4964 1
3344 376 4831 1
4298 353 4702 1
753 3945 5526 1
3555 2232 3698 1
1392 3966 5668 1
1248 1244 3613 1
2985 4170 4171 1
5270 2473 5273 1
4833 4337 4959 1
2085 3378 3718 1
3388 3544 5107 1
5210 2959 5259 1
3503 321 4662 1
376 3344 4830 1
2952 3284 3355 1
307 3545 4843 1
115 116 4285 1
3449 3726 5019 1
2859 3678 5586 1
1460 5196 5226 1
3469 3238 5569 1
2696 4333 4334 1
1339 1533 3535 1
2357 1893 3437 1
274 3356 4735 1
4165 2886 4846 1
3277 3470 5223 1
3313 269 5224 1
4708 3740 5104 1
3720 1815 3721 1
1687 3654 5604 1
3394 1491 3522 1
3114 5180 5464 1
3567 3569 3572 1
3263 3359 3753 1
2434 3527 3528 1
2713 3383 4102 1
3145 4833 4959 1
3461 1958 3613 1
4840 3496 5340 1
1295 3385 4693 1
4290 3139 5353 1
3385 1295 3628 1
1330 3467 4816 1
1250 1958 3552 1
2495 3379 3443 1
322 3286 4780 1
3703 2955 4990 1
2521 3523 4343 1
4676 3132 5308 1
3427 2321 4028 1
3507 4251 4937 1
3654 1687 5617 1
3556 3555 3698 1
350 3434 3454 1
3601 320 4991 1
311 4198 4965 1
932 868 3758 1
358 3357 5488 1
3960 1684 5504 1
2555 3202 5605 1
3451 2842 4831 1
3338 3431 4545 1
5299 3730 5387 1
2925 5173 5208 1
2573 2521 4343 1
1684 3960 5509 1
5139 3277 5223 1
3139 4290 5388 1
3419 340 3422 1
2713 1892 3513 1
3479 3602 3921 1
340 3419 3420 1
3855 2328 4841 1
476 483 3671 1
1609 3584 3663 1
1781 3679 5006 1
2308 3379 4700 1
2904 4206 4895 1
2967 2986 4072 1
2321 3427 4537 1
3832 1227 4279 1
3416 3357 5275 1
1069 1071 4103 1
1958 3460 3552 1
4122 4123 4124 1
3678 2859 5631 1
3523 3979 4093 1
3681 2466 4299 1
5550 4237 5562 1
5503 876 5520 1
375 378 3524 1
3288 3749 5621 1
1972 4931 4954 1
491 1718 3671 1
2879 3717 5144 1
3167 5550 5562 1
2329 3520 4357 1
2434 3526 3527 1
2212 2324 3568 1
2296 2294 4187 1
1736 4153 4154 1
3418 4153 4515 1
3511 2730 4893 1
5313 3586 5654 1
3384 2479 4974 1
3326 872 5627 1
4612 2921 5147 1
3503 3496 4840 1
2987 4069 4910 1
2927 2610 4248 1
4332 2877 4333 1
4570 309 5624 1
361 3574 5038 1
2537 3431 3541 1
3440 3441 3524 1
3567 3572 5046 1
3618 2825 5414 1
3424 2573 4343 1
4170 2985 4894 1
2986 4071 4072 1
4298 4702 5495 1
1436 1467 5141 1
2054 3841 5233 1
4931 3657 4954 1
71 72 4126 1
3417 290 3457 1
4333 4750 5079 1
5305 4027 5496 1
889 3375 5028 1
3335 3681 4804 1
965 3774 5012 1
4081 4163 4857 1
3262 3449 5019 1
3917 3918 5412 1
1395 1991 3425 1
3434 350 3453 1
4153 1736 4515 1
3414 3304 4897 1
3418 735 4069 1
1736 4154 4155 1
872 3326 5665 1
3409 2534 3889 1
1718 495 3753 1
4247 2927 4248 1
2149 3599 5039 1
3445 2163 3446 1
2969 2967 4072 1
1648 1646 3771 1
2479 3384 4983 1
3594 3298 4385 1
3232 5503 5520 1
339 5138 5189 1
4589 2170 5013 1
3709 2385 5500 1
3068 4762 5280 1
2610 2612 4248 1
3459 3406 5077 1
3730 3731 5387 1
3341 316 5211 1
539 546 4334 1
4021 4534 4624 1
2921 4612 5634 1
3831 1227 3832 1
3480 3479 3921 1
3291 4073 5139 1
3428 1652 3771 1
4880 3497 5336 1
735 3418 4515 1
2877 2589 4750 1
2773 4686 4832 1
3357 3416 5488 1
3467 1330 3718 1
2117 3382 4961 1
1397 1395 3425 1
3774 965 5029 1
1788 4993 5009 1
309 70 4977 1
1613 3549 5394 1
4993 3832 5009 1
2307 2306 4073 1
553 2696 4334 1
499 962 3753 1
2902 4610 5484 1
3854 3609 4214 1
619 414 5662 1
4044 1694 5362 1
3342 3780 5318 1
3422 292 5165 1
2713 4102 4958 1
3943 4842 4913 1
4138 4137 5342 1
5370 3895 5400 1
1491 3426 3521 1
2573 3424 3520 1
4021 3352 4533 1
1790 3941 3942 1
3854 3855 4841 1
1409 1967 3581 1
3758 854 4989 1
299 4021 4533 1
3916 3917 5412 1
3941 1790 3943 1
1800 3602 4737 1
4028 3842 4698 1
3520 2329 4273 1
4595 4519 5066 1
5342 4137 5358 1
3427 4028 4698 1
3567 3568 3569 1
5098 3448 5181 1
3022 4838 5296 1
1652 3428 4778 1
3337 3234 5563 1
2078 3423 3978 1
1936 1938 3991 1
3452 1196 4102 1
3111 5248 5252 1
5101 4101 5130 1
259 4285 4286 1
310 3571 5190 1
5563 3234 5565 1
1339 3535 5016 1
3288 4798 5104 1
3134 2435 3528 1
1034 3449 3517 1
3917 2810 3918 1
3693 1130 5635 1
3448 3598 5181 1
2329 4108 4273 1
3042 5207 5394 1
1892 3414 3513 1
2586 3388 3594 1
346 4570 4905 1
1873 2169 3888 1
702 1719 4062 1
1416 1414 3721 1
2986 4070 4071 1
3569 3571 3572 1
4246 2927 4247 1
4176 1681 5065 1
2597 3277 5139 1
3950 5106 5154 1
4926 3511 4940 1
3682 1815 3720 1
3801 3800 5206 1
4974 2479 5235 1
1991 1396 3581 1
4090 4091 4961 1
1609 826 3673 1
4777 1286 5059 1
3375 889 5047 1
3423 2078 4501 1
2163 1405 3447 1
841 827 4091 1
2486 5370 5400 1
3001 4327 4748 1
3140 5354 5355 1
1020 4270 4530 1
3029 3450 5007 1
3403 270 4743 1
138 281 4810 1
2428 5086 5089 1
3619 3620 4819 1
5069 2728 5195 1
631 4059 5532 1
4383 334 5279 1
2534 3409 3888 1
1467 4180 5100 1
1324 1322 3718 1
4695 3147 5126 1
2710 2457 3793 1
3831 3825 4338 1
265 4122 4126 1
1791 1790 3942 1
4059 631 5523 1
3520 3424 4357 1
3060 3850 4808 1
1501 3335 4804 1
1926 3380 5269 1
5264 3897 5373 1
1308 1483 4294 1
3456 4926 4940 1
3760 2164 4301 1
3394 3272 3426 1
1101 1222 4093 1
3916 5412 5427 1
26 27 3596 1
3628 1295 4994 1
2253 5395 5472 1
4729 4735 5458 1
1264 841 4091 1
2646 3593 4269 1
3680 3069 4862 1
3388 2085 3544 1
4786 2577 5592 1
2954 3740 4708 1
3783 3786 4771 1
2434 2033 3526 1
3602 3479 4737 1
4903 2814 4976 1
3571 310 5547 1
2214 2212 3568 1
1721 3507 4937 1
3568 2324 3569 1
349 3392 3393 1
3382 2117 5002 1
3977 3978 4882 1
2814 2571 4976 1
3935 3934 5209 1
1737 5101 5130 1
3979 1090 4093 1
1719 4061 4062 1
3664 5146 5216 1
5444 2360 5450 1
540 529 4252 1
4595 2235 4597 1
2385 3709 5578 1
4123 2006 4124 1
3309 4641 5238 1
2637 3210 4277 1
5354 2808 5355 1
2017 3916 5427 1
1958 1248 3613 1
2688 3947 4263 1
4043 4044 5362 1
866 849 3663 1
4070 2986 4346 1
5032 3188 5462 1
1597 4070 4346 1
378 1768 3524 1
2435 2434 3528 1
3092 3679 5110 1
4163 1304 4857 1
1033 1172 4082 1
4549 2523 4575 1
1992 1594 5159 1
4246 1470 4411 1
2927 4246 4411 1
3673 840 4960 1
2163 3445 3660 1
3812 3725 4373 1
2633 2634 4277 1
2818 2842 4955 1
4102 4103 4958 1
1846 3386 5146 1
3256 5375 5469 1
5106 2894 5154 1
3182 2304 3573 1
259 115 4285 1
1836 2357 3440 1
3341 3343 5410 1
3522 3576 4646 1
254 324 3575 1
3703 5054 5091 1
4603 3152 5205 1
289 6 370 1
4069 735 4910 1
3601 3305 5554 1
5102 4176 5122 1
3243 5444 5450 1
2537 3541 3752 1
3583 1609 3673 1
1227 3831 4338 1
3657 3149 4954 1
4904 3847 4920 1
2942 3723 3724 1
825 840 3673 1
3908 1141 5267 1
1800 3472 3719 1
1141 3908 5303 1
2746 3703 4990 1
1172 4080 4082 1
3506 1992 5159 1
1782 3847 4674 1
1782 3846 3847 1
593 595 4469 1
5339 3034 5347 1
1071 1655 4103 1
3734 2164 3760 1
2093 4031 4909 1
3468 1597 4346 1
1244 1242 3613 1
1787 3455 5506 1
1893 2001 3437 1
4791 3528 5157 1
2837 5399 5513 1
5262 968 5361 1
3818 621 4469 1
961 5102 5122 1
359 137 4810 1
3600 4043 5362 1
687 702 4062 1
2097 4904 4920 1
868 854 3758 1
3658 1972 4875 1
4921 3155 5198 1
2271 2548 3702 1
2268 1536 5097 1
842 1609 3663 1
2698 3508 3509 1
4597 2235 4685 1
3050 3377 5186 1
1623 4865 5075 1
4729 274 4735 1
3182 3573 3574 1
3234 4529 5565 1
4842 2147 4913 1
3514 2291 3515 1
3188 5032 5625 1
4680 2590 4703 1
1794 1791 3942 1
3248 3681 4299 1
116 335 4285 1
3682 3039 4806 1
1208 3853 3854 1
1467 5100 5141 1
3371 1274 4782 1
2532 2286 3521 1
4766 1781 5006 1
1597 3468 4161 1
374 375 3524 1
2698 3509 3510 1
5020 2819 5215 1
3432 1682 4777 1
5054 1977 5091 1
3620 2594 4819 1
4333 2877 4750 1
3446 2163 3447 1
3579 1019 4271 1
1 256 4111 1
5554 3305 5689 1
4182 4612 5147 1
5180 3841 5464 1
3317 4283 5308 1
2109 932 3758 1
1646 3631 3771 1
255 1 4111 1
3164 5423 5540 1
2888 5062 5096 1
3742 3085 4095 1
680 661 3996 1
4100 4101 5049 1
3579 4271 4681 1
4408 4407 5674 1
3276 2466 3681 1
2860 2667 4889 1
1652 1648 3771 1
3791 2584 3792 1
4324 1992 5255 1
5423 4308 5540 1
2039 2042 3752 1
2250 5264 5373 1
2844 3364 3580 1
332 4 3604 1
2741 3405 5080 1
1796 1794 4807 1
1019 3579 4270 1
2922 4741 5023 1
3741 3742 4095 1
1290 4871 4911 1
1483 3787 4294 1
1201 1121 3943 1
1470 3516 4411 1
3028 3846 4683 1
2548 3376 3702 1
4975 3636 5201 1
3394 3522 4646 1
2868 1951 3547 1
3380 1926 5429 1
1242 1240 4891 1
275 26 3596 1
3335 3276 3681 1
3702 3376 5043 1
3516 1470 4250 1
5399 3389 5513 1
3526 2033 3560 1
2017 5427 5441 1
612 610 3864 1
5261 1578 5304 1
2571 2296 4187 1
1468 4208 5005 1
3455 1787 5533 1
1262 1213 3723 1
2038 3542 4457 1
2340 2017 5441 1
1140 1033 4082 1
259 4286 5276 1
3958 3996 3997 1
1235 3911 4435 1
2316 4639 4952 1
4434 1601 5111 1
1719 4060 4061 1
2195 3353 5673 1
1790 1201 3943 1
332 3604 3605 1
2941 5254 5285 1
3297 3919 4311 1
3792 2584 3972 1
4527 3240 5052 1
2504 2503 3513 1
3308 278 5192 1
4377 4375 4970 1
3729 3570 4419 1
682 3612 3951 1
2745 3606 4672 1
253 254 3575 1
5062 2485 5096 1
4676 3002 4801 1
450 3310 5577 1
4265 4901 4966 1
2294 2886 4187 1
1196 1069 4103 1
3616 301 3617 1
2721 3797 4764 1
3547 1951 3948 1
2503 3383 3513 1
3449 2720 3517 1
5111 1601 5144 1
4265 3967 4863 1
368 4791 5157 1
5073 3083 5191 1
1912 1873 3888 1
3202 4553 5605 1
3152 4603 5416 1
3537 1604 4779 1
4320 1952 4321 1
2498 2500 3443 1
2406 2404 3865 1
1208 3852 3853 1
3378 3467 3718 1
3631 2996 3700 1
2299 3728 3729 1
848 1264 4989 1
3542 2038 3752 1
2427 2496 3551 1
4711 4014 4774 1
3157 5084 5089 1
3411 2593 5243 1
3401 1931 5357 1
2506 3414 4897 1
3522 1269 3576 1
3157 2542 5084 1
5375 1494 5469 1
2346 3736 4401 1
3582 1816 4509 1
3606 1840 4672 1
1163 1161 3811 1
3717 2880 5307 1
1764 3680 4862 1
3612 3097 3951 1
3391 685 5468 1
1918 3783 4771 1
1394 2038 4457 1
2164 3734 3925 1
4212 1776 4985 1
2306 2597 4073 1
1938 2182 3991 1
4290 4027 5305 1
3357 4792 5686 1
823 819 5076 1
3846 1782 4683 1
2299 3729 4419 1
5138 4534 5189 1
4769 4130 4892 1
2216 2214 3566 1
3947 3367 4985 1
4320 4315 4709 1
2421 3617 5414 1
1322 2085 3718 1
2861 2307 4073 1
1923 4161 4278 1
4161 3468 4278 1
3850 2383 4808 1
3390 1702 5214 1
3002 3001 4801 1
811 807 5058 1
3978 3423 4882 1
3472 1800 4737 1
4 5 3604 1
4593 297 5240 1
6 7 370 1
3609 3854 4841 1
5397 1697 5415 1
4855 4003 4874 1
1263 1308 4294 1
3645 1835 4728 1
3400 2712 3830 1
4172 1544 4964 1
2895 2427 3551 1
1213 1267 3723 1
2582 3474 3558 1
3409 3889 5081 1
1788 3450 4993 1
3001 4748 4801 1
2850 3762 5692 1
1264 3510 4989 1
1020 1019 4270 1
1034 3517 3776 1
4785 3901 4818 1
3465 3366 5274 1
335 4284 4285 1
3536 2347 4165 1
320 3601 4992 1
2299 3727 3728 1
4250 1667 4410 1
2099 4257 4727 1
1835 1377 4728 1
5146 3386 5216 1
2493 3561 3562 1
451 3802 5684 1
4321 4324 4325 1
3516 4250 4410 1
4060 1719 4495 1
1815 3682 4806 1
3178 4242 5457 1
3631 3700 3771 1
2457 2584 3793 1
1089 1088 3539 1
1267 1168 4373 1
1330 1324 3718 1
2493 2220 3561 1
4080 1172 4083 1
3760 4766 5006 1
1654 5234 5260 1
3305 3272 5689 1
1794 3942 4807 1
1951 1524 3948 1
3000 3775 4733 1
2198 1936 3991 1
3557 4060 4495 1
1604 1588 4779 1
3363 1912 3888 1
2710 3793 4031 1
2452 3577 4272 1
610 3862 3864 1
2409 4873 4907 1
2347 3536 4164 1
1552 1498 3660 1
4321 1952 4324 1
3182 3574 5404 1
3295 3415 3416 1
4031 3793 4909 1
4251 4252 4937 1
2533 3122 3545 1
2314 3092 3667 1
1196 3452 4865 1
3679 2860 5006 1
4242 3178 5448 1
1853 2232 3627 1
3512 1525 4326 1
4027 4290 5353 1
3745 3018 5246 1
2880 3704 5307 1
3559 1959 3834 1
2286 1803 3521 1
3538 1923 4278 1
4187 3365 4976 1
3566 2214 3568 1
5151 4051 5163 1
2098 3741 4095 1
2232 3555 3627 1
2989 3519 3736 1
2688 2690 3947 1
1208 3854 4214 1
5078 4192 5090 1
1601 4643 5144 1
4055 4052 4642 1
4750 1691 5079 1
1206 1256 3852 1
676 612 3864 1
2804 4855 4874 1
4088 3208 5606 1
529 521 4252 1
3736 2346 3737 1
5247 280 5318 1
5289 4616 5391 1
3992 3709 5487 1
940 4785 4818 1
5395 3812 5472 1
166 167 4533 1
3912 3911 4691 1
2169 2534 3888 1
2531 3129 3151 1
2712 2394 3830 1
3803 3804 4673 1
1980 2428 3770 1
260 11 3623 1
3780 5247 5318 1
2723 3578 4255 1
1166 3807 3808 1
1923 3538 4185 1
3667 3092 3668 1
3085 3742 5393 1
4686 2277 4832 1
3297 3471 3919 1
1816 3869 4509 1
326 13 3622 1
3947 1776 4263 1
3457 325 5282 1
4072 1520 4894 1
3704 3393 5307 1
7 323 370 1
4596 267 5502 1
2042 2537 3752 1
2770 3559 3834 1
289 370 371 1
3396 3523 4093 1
2304 2222 3573 1
3804 4066 4673 1
1208 1206 3852 1
2232 3696 3698 1
4435 3953 4826 1
1692 540 4252 1
3458 3313 5224 1
1972 1611 4875 1
2852 4549 4575 1
4108 3000 4273 1
5326 3036 5328 1
2235 4595 5066 1
2347 4164 4306 1
1469 4248 4895 1
3432 4777 5059 1
4901 2945 4966 1
1166 3808 3809 1
3956 1807 3958 1
1167 3585 3586 1
4164 3695 4306 1
4163 2923 4893 1
3759 2860 4889 1
3871 5200 5229 1
2751 3456 4940 1
3451 323 4955 1
2583 3944 5558 1
3620 4022 4816 1
3383 3452 4102 1
1397 3594 5107 1
3310 450 5612 1
3514 2527 3550 1
3714 1725 4492 1
681 3710 3712 1
1980 3770 3948 1
3431 1111 3539 1
3833 3761 4637 1
1166 1159 3807 1
661 694 3996 1
2925 3667 3668 1
3816 3875 3876 1
2589 3348 4750 1
999 997 3726 1
1622 3790 3895 1
4096 4097 4849 1
3787 1483 4304 1
4101 1463 5049 1
3789 3963 3964 1
1667 3666 4410 1
3897 3837 4169 1
3811 3812 4373 1
3789 3964 3965 1
3629 3630 5345 1
610 608 3862 1
1836 1893 2357 1
2527 2029 3550 1
2355 4387 4389 1
3802 451 5659 1
3802 3217 4213 1
4805 3608 4841 1
4930 5045 5629 1
5487 3709 5500 1
2996 3914 4451 1
3529 3536 4846 1
3605 3441 5535 1
1952 4320 4709 1
4450 1713 5657 1
3700 2996 4451 1
3071 4174 4754 1
3736 3519 4401 1
3557 749 4144 1
1525 3512 4484 1
3742 3184 5483 1
4240 3179 5461 1
3714 3715 4716 1
2326 2300 4089 1
4232 4326 4522 1
1831 1832 3560 1
1667 3008 3666 1
3036 3035 5328 1
874 3859 3860 1
1498 2163 3660 1
685 3391 5540 1
88 330 3749 1
3090 4152 5314 1
4544 3152 5416 1
5316 1046 5319 1
1587 1584 3607 1
1783 4355 5611 1
1175 1187 4233 1
595 1701 4469 1
2854 2773 4832 1
2559 2406 3865 1
3783 3674 3786 1
2389 2903 3716 1
3725 1267 4373 1
3548 5339 5347 1
3509 2109 3758 1
5 6 289 1
3449 1034 3726 1
749 3557 4495 1
7 8 323 1
5234 4094 5260 1
4326 1525 4522 1
3525 1692 4251 1
3483 3503 4662 1
288 253 3575 1
1491 1305 3522 1
3995 3931 4249 1
651 660 4492 1
3613 1242 4891 1
4339 3061 4722 1
3541 3542 3752 1
3437 3151 3438 1
3186 4235 5439 1
1807 680 3996 1
3912 4691 4795 1
5315 4520 5407 1
3173 3710 4623 1
2348 4711 4774 1
3701 2271 3702 1
2176 3772 3987 1
3772 3773 3987 1
3136 4438 5454 1
621 593 4469 1
4730 3874 4731 1
1359 916 4040 1
4308 3139 5388 1
2378 2377 3824 1
252 253 288 1
1269 1268 3576 1
2206 2204 3727 1
2581 2582 3558 1
4270 2723 4530 1
4257 2793 4727 1
3813 2367 4185 1
3529 2348 4774 1
1709 1369 3826 1
2775 4013 4015 1
874 3858 3859 1
3603 213 5140 1
2822 3246 4005 1
4338 3825 4573 1
3824 2377 3825 1
1807 3956 3975 1
419 3801 5206 1
2997 3597 3619 1
4752 357 4821 1
2907 3624 3625 1
3734 3732 3925 1
4845 2868 4984 1
293 15 3744 1
5045 4930 5295 1
1369 1258 3826 1
956 4535 4848 1
3441 3439 3442 1
2038 2039 3752 1
3722 1262 3723 1
2328 4805 4841 1
2885 4089 4090 1
288 3355 5588 1
5 289 3604 1
3538 3813 4185 1
3060 3743 3850 1
4741 3041 5023 1
2523 3419 4575 1
857 860 4158 1
3465 961 5122 1
3674 2375 3786 1
1692 3525 4535 1
3911 1235 4691 1
3933 1979 3937 1
3530 2245 3531 1
254 255 324 1
3698 3697 5128 1
1832 2139 3560 1
1774 1853 3627 1
2079 4010 4275 1
3450 1788 5007 1
1111 1089 3539 1
3760 4301 4766 1
3904 1670 4433 1
3474 3475 3498 1
2299 2206 3727 1
1842 4265 4863 1
3124 2786 4944 1
1218 1129 4110 1
4106 4107 5177 1
1256 3851 3852 1
2984 3465 5122 1
1633 3365 4165 1
3899 2668 4577 1
1979 3933 3995 1
3205 4975 5201 1
464 462 4039 1
2759 3833 4637 1
1343 1257 4396 1
3842 2369 4698 1
2407 5040 5068 1
1097 1001 3776 1
3038 4680 4703 1
2533 2792 3122 1
3472 2580 3719 1
3986 3987 3988 1
4871 3662 4911 1
997 2057 3726 1
90 258 3867 1
3710 681 4623 1
4214 3609 4576 1
847 1816 4960 1
3111 4055 4642 1
4218 1610 5512 1
3632 3289 3633 1
4002 4003 4812 1
2404 2997 3865 1
4312 3765 4592 1
3666 3008 4366 1
2768 3899 4577 1
4297 5272 5384 1
1926 4197 5429 1
3789 3788 3963 1
3546 365 5125 1
4560 4125 5474 1
3690 3721 5037 1
3612 682 4199 1
3191 3558 3603 1
4084 4083 4329 1
3597 2997 3872 1
243 290 3763 1
3044 3045 5171 1
747 3946 5218 1
3781 2482 4656 1
4003 2778 4812 1
2287 1911 3701 1
3563 3562 4168 1
1387 4730 4731 1
1187 1398 4233 1
2593 3411 5294 1
4952 4639 5263 1
1163 3811 4373 1
3788 2015 3963 1
3854 3853 3855 1
5254 3559 5285 1
321 3503 5475 1
2596 3927 3936 1
2258 2770 3834 1
3459 2268 5097 1
11 12 3623 1
2338 4769 4892 1
2812 2287 3701 1
1766 2314 3667 1
3865 3619 4819 1
2355 4389 4406 1
2531 2802 3129 1
3541 3540 3542 1
2814 4903 5584 1
3446 3447 3448 1
3825 3826 4573 1
2496 2532 2533 1
3737 2346 4040 1
1956 2290 5324 1
3723 1267 3724 1
4350 4186 4609 1
2033 1831 3560 1
3370 5069 5195 1
2229 5301 5322 1
2347 1633 4165 1
284 4840 5340 1
5230 3804 5352 1
2493 3562 3563 1
12 326 3623 1
2998 3781 4656 1
4261 1715 4262 1
4431 4534 5138 1
3577 2643 4272 1
3903 3904 4433 1
3356 3030 4735 1
3824 3825 3831 1
1956 5324 5334 1
4083 1172 4329 1
3076 4434 5111 1
4197 3592 4198 1
1646 1643 3631 1
512 516 3611 1
1524 1980 3948 1
2369 3814 4827 1
2001 2531 3437 1
1305 1269 3522 1
2232 1985 3696 1
3561 2396 3564 1
1607 1280 3664 1
1577 1800 3719 1
2942 2037 3722 1
1584 1582 3607 1
250 251 322 1
634 4044 5589 1
3 4 332 1
3324 3546 3551 1
4122 4125 4126 1
1159 1157 3807 1
970 4177 4712 1
3324 2533 3545 1
14 293 3622 1
2580 1894 3719 1
356 4580 4581 1
4553 3202 5552 1
2034 2434 2435 1
3191 2581 3558 1
2489 3289 3632 1
1556 1552 3660 1
4927 4226 5404 1
2613 2616 3880 1
1844 3389 5399 1
4174 2382 4754 1
285 86 3739 1
305 4581 5541 1
3539 1088 3540 1
516 689 3611 1
5345 3630 5385 1
2078 2076 5039 1
4025 2804 4874 1
3550 2029 4471 1
4273 3000 4733 1
2818 2817 2842 1
2079 4009 4010 1
5195 1333 5691 1
3139 4308 5423 1
3553 2591 3554 1
3547 2590 4680 1
150 151 4843 1
2526 3134 3135 1
4062 2987 4910 1
4575 3422 5165 1
3941 3943 4913 1
1930 2016 3926 1
4311 4216 4682 1
1034 999 3726 1
736 737 3795 1
2001 2418 2531 1
4143 4144 4579 1
4865 3452 5075 1
2037 1599 3722 1
3880 2616 3881 1
1126 1221 3754 1
3526 3128 3527 1
4154 4175 5065 1
1420 4007 4472 1
12 13 326 1
1846 2021 3377 1
3436 5262 5361 1
2595 2721 3128 1
2581 2580 2582 1
2682 3695 4164 1
13 14 3622 1
3539 3540 3541 1
664 666 4155 1
3407 4312 4592 1
1001 1034 3776 1
337 75 4117 1
994 4214 4576 1
1129 1130 4110 1
4714 4146 4858 1
1907 2020 4527 1
2496 3324 3551 1
4005 366 5185 1
3987 3773 3988 1
4203 1494 5375 1
4044 634 5566 1
2318 3435 5422 1
2389 2388 2903 1
3669 3644 3670 1
3933 3931 3995 1
3926 2016 3927 1
3369 3371 5136 1
3815 2622 3875 1
2220 2218 3561 1
4007 4008 4472 1
3474 3473 3475 1
1398 4231 4233 1
4261 4193 4475 1
3564 2396 3565 1
3911 3910 4435 1
1161 1166 3811 1
3060 1094 3743 1
3816 3815 3875 1
5177 4107 5196 1
2375 3674 4219 1
4097 1461 4849 1
2427 2286 2496 1
2494 2943 3890 1
370 323 3451 1
3122 3305 3601 1
2526 2435 3134 1
425 423 3878 1
325 3457 5609 1
874 606 3858 1
1186 1232 4086 1
2582 3473 3474 1
606 604 3858 1
4231 1398 4234 1
4180 2626 5100 1
2606 2609 3884 1
1235 4435 4826 1
3927 3929 3936 1
10 11 260 1
3785 857 4158 1
1259 1545 3989 1
2659 3306 3672 1
2729 4242 5448 1
3208 4088 5637 1
3607 3608 4627 1
1740 2723 4255 1
2596 3926 3927 1
2885 2326 4089 1
1406 1305 1491 1
349 3393 3704 1
839 2375 4219 1
666 1736 4155 1
860 1239 4158 1
3578 2723 4270 1
2381 4339 4722 1
2958 2653 3628 1
2336 2580 2581 1
87 88 3749 1
5397 3198 5419 1
278 3308 5690 1
3919 2086 4311 1
2343 3662 4871 1
2093 1755 4744 1
3768 1218 4110 1
3180 4298 5495 1
3006 4067 4068 1
4233 4232 4523 1
1401 1845 1846 1
89 90 3867 1
1008 1126 3754 1
4232 4522 4523 1
3798 3802 4213 1
2032 2033 2034 1
85 86 285 1
3364 3363 3409 1
681 3712 4492 1
423 878 3878 1
3134 3528 4791 1
2388 2591 3553 1
5248 2735 5252 1
870 906 3765 1
14 15 293 1
4082 4081 4857 1
3884 2609 3885 1
3501 5261 5304 1
2496 2286 2532 1
2946 1315 5016 1
348 166 4533 1
914 760 4538 1
3732 783 3925 1
1972 3658 4931 1
3696 3697 3698 1
2928 5164 5166 1
2139 2595 3560 1
1984 1983 2388 1
3008 4147 4366 1
2034 2033 2434 1
5178 1333 5195 1
88 89 330 1
3809 3808 3810 1
4701 5127 5680 1
3477 5045 5153 1
2346 1359 4040 1
3639 3644 3669 1
2222 2220 2493 1
86 87 3739 1
4257 3109 5011 1
1773 1774 1983 1
4084 4329 4330 1
1041 4362 4498 1
1014 1191 3757 1
4387 2355 4480 1
462 1639 4039 1
2465 3214 3659 1
3161 3819 4745 1
3724 1267 3725 1
1592 1593 1773 1
1996 2356 3661 1
4262 1715 4393 1
278 3309 5238 1
4144 749 4579 1
4376 4375 4377 1
2195 1907 4527 1
1586 1587 1592 1
3668 2284 5173 1
2692 2638 3751 1
3000 1078 3775 1
2533 2532 2792 1
3006 4068 4468 1
2029 2026 4471 1
1167 3586 3587 1
1768 1769 1836 1
1165 3708 3805 1
2663 3250 3748 1
1371 1394 4457 1
3246 2642 3716 1
2812 3701 3702 1
1334 1607 3636 1
4835 3658 4875 1
3617 301 3618 1
1725 651 4492 1
2981 4212 4985 1
2942 3722 3723 1
2218 2216 2396 1
3198 5397 5415 1
2868 3547 4680 1
2751 3507 5693 1
3676 1008 3754 1
3122 2792 3305 1
3128 2721 4764 1
3024 4177 4747 1
2525 2435 2526 1
3696 2889 3697 1
3729 3728 3730 1
4177 2782 4712 1
608 874 3862 1
4447 4504 4723 1
3741 2098 4256 1
2300 2698 4089 1
4779 1592 4809 1
2672 3761 3833 1
984 1008 3676 1
83 84 328 1
1861 3391 5468 1
2188 2893 4100 1
3023 2581 3191 1
3739 87 3749 1
3822 2392 3823 1
2268 3459 5077 1
1142 1311 4109 1
1877 3022 3675 1
3716 2903 4029 1
1257 1207 4396 1
2285 1803 2286 1
1715 4261 4475 1
3700 3428 3771 1
3177 4065 5348 1
3958 1807 3996 1
4186 3813 4609 1
242 243 3763 1
3409 3363 3888 1
1816 853 3869 1
4167 3169 4548 1
3617 2421 5536 1
2599 2600 3906 1
2336 1894 2580 1
2218 2396 3561 1
3015 2256 4204 1
2642 2389 3716 1
4100 2893 4101 1
2349 864 3764 1
2903 2388 3553 1
3954 1343 4396 1
4048 3818 4469 1
4086 4084 4330 1
1586 1584 1587 1
3392 3315 5265 1
3355 322 5588 1
2057 871 3699 1
3790 1622 4276 1
3078 4387 4480 1
5033 4236 5071 1
4828 3494 5359 1
1846 1845 2021 1
2015 3788 4300 1
2349 3764 4312 1
1280 1220 3664 1
2730 3511 4926 1
3819 1671 3820 1
3772 2176 4281 1
2582 3472 3473 1
722 464 4039 1
3957 3958 5040 1
269 3750 5646 1
2325 2037 2473 1
2955 3783 4990 1
4374 4375 4376 1
1484 1489 4304 1
2112 4014 4215 1
3161 1606 3819 1
2496 2533 3324 1
2139 2468 2595 1
5419 3199 5453 1
954 1005 3925 1
1494 4203 5383 1
1673 1097 3776 1
3683 3682 3720 1
1232 1372 4086 1
757 783 3732 1
1919 1705 4008 1
3906 2600 3907 1
4908 3755 5015 1
3640 3643 3866 1
3803 1612 3804 1
378 740 1768 1
1983 1774 3627 1
2946 5016 5022 1
2272 2889 3696 1
3695 2682 4166 1
3805 3708 3806 1
3562 3561 3564 1
2842 2817 3344 1
1256 1341 3851 1
4016 3219 5623 1
3835 3836 3839 1
1094 1114 3743 1
1345 1343 3954 1
4141 3013 4142 1
4753 3564 4906 1
2989 4030 4945 1
285 3739 3740 1
916 914 4040 1
3955 718 3975 1
1363 1831 2032 1
2246 3013 4141 1
1757 2093 3868 1
2325 2473 2530 1
837 839 4219 1
2996 1284 3914 1
2997 3619 3865 1
1800 1576 3602 1
2595 3128 3526 1
2975 4172 4964 1
4644 1136 4705 1
1195 1194 1268 1
330 89 3867 1
4113 4112 4183 1
2595 2468 2721 1
243 244 290 1
90 91 258 1
16 329 3744 1
1643 1641 3631 1
851 857 3785 1
905 904 3903 1
2288 2287 2465 1
1872 3636 3637 1
2815 2465 3659 1
3198 3199 5419 1
4078 2090 4458 1
3728 3633 3731 1
2055 2056 3411 1
48 49 366 1
1608 596 4169 1
3360 3968 3969 1
2322 4374 4376 1
1881 2061 3841 1
2393 2392 3822 1
292 3422 5620 1
2204 3632 3727 1
3850 2946 5022 1
2215 2214 2216 1
5118 4655 5174 1
1577 1576 1800 1
4997 4454 5105 1
327 242 3763 1
3993 2872 3994 1
3762 911 4288 1
1694 4485 5362 1
1181 1259 3989 1
2288 2465 2815 1
3152 4544 5626 1
83 328 4209 1
3343 3342 5318 1
4009 2079 4245 1
2673 4217 4218 1
3900 2866 3901 1
909 911 3762 1
2396 2216 3566 1
1575 1574 1576 1
863 870 3765 1
2074 2078 3978 1
15 16 3744 1
3402 1865 5152 1
3632 3633 3727 1
3098 2282 3887 1
3727 3633 3728 1
1585 1584 1586 1
928 973 993 1
1573 1205 1574 1
683 600 3835 1
771 768 3784 1
2209 2208 2210 1
3688 3690 3746 1
542 571 4011 1
3845 2443 3848 1
1904 1903 2271 1
1818 3995 4249 1
1406 1491 3521 1
2158 2472 4050 1
3179 4240 5561 1
1123 1122 1194 1
853 867 3869 1
3712 3714 4492 1
2148 2043 4092 1
3436 2088 5262 1
1985 2272 3696 1
1911 1904 3701 1
3639 3637 3644 1
3660 3445 4441 1
2394 2422 3830 1
3843 2443 3844 1
3024 4747 4763 1
1576 1578 3602 1
1819 1992 4324 1
2211 2210 2212 1
683 3835 3839 1
241 242 327 1
782 894 928 1
2275 1871 2925 1
3531 2245 3532 1
1123 1194 1195 1
3896 3897 4169 1
1053 4067 4386 1
2698 3510 4089 1
1773 1983 1984 1
2899 3283 4202 1
2213 2212 2214 1
2388 1983 2591 1
2184 2287 2288 1
2205 2204 2206 1
5086 3157 5089 1
683 3840 3856 1
1078 1072 3775 1
2666 2860 3679 1
954 1003 1005 1
2043 2041 4092 1
1155 1165 3805 1
1195 1268 1269 1
2203 2202 2204 1
1311 3873 4109 1
2207 2206 2208 1
2422 3827 3828 1
2534 2494 3890 1
1005 1122 1123 1
239 263 4063 1
3896 3893 3897 1
2176 1944 4281 1
1935 1535 3842 1
16 17 329 1
3889 2534 3890 1
2999 2438 3898 1
2156 2158 4050 1
237 331 4065 1
2651 2958 3787 1
2531 3151 3437 1
692 2872 3993 1
691 3893 3896 1
2595 3526 3560 1
4535 3525 4848 1
2804 4025 4883 1
2474 2839 3589 1
3814 1107 3924 1
3069 3833 4862 1
3856 3840 3857 1
1008 1125 1126 1
1319 1218 3768 1
1119 1124 1205 1
2184 1911 2287 1
3949 682 3951 1
1005 2164 3925 1
3154 3910 3911 1
2070 2443 3843 1
3030 3029 3402 1
984 1006 1008 1
1039 1036 4530 1
1872 1334 3636 1
1220 1260 3664 1
2657 2659 3672 1
1876 1875 1877 1
1606 1541 3819 1
2827 3307 3767 1
1622 586 4276 1
1126 1209 1220 1
966 991 4271 1
4208 2619 5005 1
989 992 1119 1
1268 1363 3576 1
73 74 4120 1
2032 1831 2033 1
2129 4167 4548 1
3019 2423 3999 1
1999 1599 2037 1
4318 4316 4319 1
1649 1650 1651 1
1651 1765 1766 1
265 73 4120 1
2566 3099 3902 1
1220 1209 1260 1
1126 1125 1209 1
360 4753 4906 1
1556 3660 4441 1
1803 1406 3521 1
3860 3859 3861 1
2519 3182 4226 1
708 696 3975 1
4199 1674 4507 1
3956 3955 3975 1
2770 3373 3559 1
3419 3422 4575 1
78 333 4112 1
1531 2098 4518 1
3761 2672 4018 1
4710 2463 5296 1
2822 2642 3246 1
1950 1877 3675 1
2217 2216 2218 1
3744 329 3745 1
2357 3439 3440 1
4319 4320 4321 1
4128 1621 4130 1
4477 5334 5356 1
1117 1142 4109 1
1581 993 1582 1
2271 2547 2548 1
2562 3110 3909 1
2611 2608 3883 1
2348 3529 4846 1
3297 4311 4682 1
1580 1558 1903 1
4362 3007 4498 1
660 681 4492 1
694 652 4790 1
1008 1006 1125 1
988 935 3924 1
1583 1582 1584 1
1904 2271 3701 1
2285 2286 2427 1
3920 4230 4234 1
4735 3334 5458 1
778 779 782 1
1984 2388 2389 1
2584 2583 3972 1
4950 3935 5209 1
691 3891 3892 1
967 1035 3959 1
2638 2636 3751 1
2048 2047 2049 1
856 855 4000 1
1999 2037 2325 1
3443 2500 4748 1
3199 4439 5453 1
245 246 325 1
2465 2812 3214 1
2314 2666 3092 1
3569 2324 3570 1
1373 1345 3954 1
1810 3920 4234 1
3872 1685 4379 1
2832 3970 3982 1
2194 2866 3900 1
1778 1577 3719 1
2647 2648 3046 1
1005 1003 1122 1
4053 4052 4055 1
1869 2298 3982 1
4112 333 4183 1
2548 2841 3375 1
1204 1612 3803 1
2005 1930 3926 1
4873 3123 4907 1
2422 2177 3827 1
3965 3964 3966 1
2368 3782 4173 1
1876 1877 1950 1
80 261 4181 1
957 958 989 1
2899 2900 3283 1
1119 1573 3634 1
691 590 3891 1
3837 1608 4169 1
4014 4013 4774 1
2477 2478 2899 1
1857 1859 4173 1
1119 1205 1573 1
2055 1964 2056 1
1787 1417 4222 1
3867 258 5449 1
1651 1650 1765 1
4011 4009 4245 1
571 1252 4011 1
2377 1709 3826 1
1580 1903 1904 1
1962 4259 4555 1
2519 2304 3182 1
2044 2043 2045 1
1483 1484 4304 1
3643 3639 3669 1
4319 4321 4322 1
2548 3375 3376 1
82 4209 4210 1
2644 2645 2647 1
2046 2045 2047 1
2816 2815 2817 1
923 967 3959 1
1417 1419 4222 1
2042 2041 2043 1
2322 2227 4374 1
4215 4014 4481 1
167 299 4533 1
943 986 4015 1
1170 3504 5073 1
4334 4333 5079 1
2999 3898 5268 1
2392 2378 3824 1
3092 2666 3679 1
1645 1643 1646 1
718 3955 4391 1
1909 1487 4336 1
2625 2622 3815 1
1766 1765 2314 1
75 76 4117 1
3448 3447 3598 1
1617 3993 3994 1
1582 993 2110 1
1592 1587 1593 1
1533 1875 1876 1
1759 1757 3868 1
986 2775 4015 1
2039 2041 2042 1
1582 2110 3607 1
2049 2202 2203 1
3770 2428 5089 1
3852 3412 3853 1
1732 1731 1733 1
3638 3637 3639 1
3081 2264 4139 1
2042 2043 2044 1
667 682 3949 1
4285 4284 4286 1
1996 2354 2356 1
2203 2204 2205 1
1334 1280 1607 1
2274 1871 2275 1
335 117 4283 1
2469 3328 3796 1
1127 1208 4214 1
1894 1778 3719 1
2764 2763 3029 1
2343 1996 3661 1
755 742 757 1
1649 1648 1650 1
78 79 333 1
1853 1985 2232 1
237 238 331 1
2367 3813 4186 1
2034 2435 2525 1
1132 1107 3814 1
3154 2445 3910 1
4091 827 4854 1
1107 988 3924 1
4013 4012 4015 1
4477 1956 5334 1
3587 3586 3588 1
2049 2201 2202 1
2615 2613 3880 1
3046 2648 3629 1
990 989 3634 1
3597 3872 4379 1
3989 3901 4751 1
696 1807 3975 1
1647 1648 1649 1
2584 3791 3793 1
682 665 4199 1
2303 1919 4008 1
1863 2015 4300 1
1599 1307 3722 1
2423 1993 3999 1
2212 2210 2324 1
1186 4086 4330 1
118 119 291 1
2816 2817 2818 1
2321 1937 4028 1
1145 1146 1147 1
324 255 4111 1
5045 298 5153 1
2098 4095 4518 1
1870 1766 1871 1
3806 3708 3992 1
2436 3275 3887 1
2647 2645 2648 1
1935 3842 4028 1
3963 3962 3964 1
291 119 4282 1
2745 2922 3606 1
989 1119 3634 1
535 525 4442 1
4067 3006 4386 1
1326 1330 4022 1
3883 2608 3884 1
2044 2045 2046 1
2015 3961 3963 1
1545 3900 3989 1
3903 2807 3904 1
5093 2751 5693 1
2587 4407 4408 1
1361 1619 3914 1
2604 2602 3905 1
1168 1163 4373 1
337 4117 4118 1
1012 1009 1238 1
1155 1153 1165 1
985 984 3676 1
2438 2437 3898 1
3028 3843 3846 1
4116 4113 4183 1
2046 2047 2048 1
751 736 3795 1
1281 1280 1334 1
76 77 294 1
1733 2578 2719 1
3798 2630 3799 1
856 4000 4133 1
1225 3977 4882 1
1221 1220 1280 1
1335 1334 1872 1
5559 4653 5572 1
2205 2206 2207 1
1566 1964 2055 1
1150 1149 1151 1
3483 3496 3503 1
3360 2831 3968 1
1645 1646 1647 1
1284 1283 3914 1
3612 4199 4507 1
3735 4038 4291 1
2719 3255 3433 1
1148 1147 1149 1
2038 1841 2039 1
1877 1959 3022 1
741 724 742 1
768 766 3784 1
908 907 909 1
1895 1894 2336 1
1488 1912 2855 1
4316 4315 4320 1
2203 2452 4272 1
677 1653 3980 1
701 703 4159 1
3545 3122 4991 1
2618 2615 3879 1
1732 1733 1931 1
3691 3688 3746 1
2640 2692 3187 1
2743 2745 4672 1
2608 2606 3884 1
2049 2203 4272 1
2222 2493 3573 1
2282 2281 3887 1
3770 2992 3948 1
1225 1045 3977 1
2207 2208 2209 1
1867 1746 2477 1
3044 5020 5215 1
1768 740 1769 1
3187 2692 3310 1
2061 3768 3769 1
1311 1568 3873 1
4122 4121 4123 1
936 2352 2644 1
3691 3746 3747 1
1286 4131 4132 1
1696 1995 1996 1
2969 4072 4894 1
2764 3029 3030 1
874 3860 3862 1
1686 4147 4364 1
1647 1646 1648 1
3578 2478 4255 1
3385 2657 3672 1
1635 2074 3978 1
3765 906 4592 1
890 891 957 1
2770 3372 3373 1
4081 4162 4163 1
1394 1841 2038 1
865 866 890 1
1161 1159 1166 1
2208 2206 2299 1
331 238 4063 1
2251 2807 3903 1
116 117 335 1
906 905 907 1
3602 1578 3921 1
80 81 261 1
3927 2016 3928 1
3648 3647 3656 1
3961 3962 3963 1
1423 1425 4458 1
2149 2150 4049 1
4040 914 4538 1
1988 3078 4482 1
4127 4129 4131 1
1313 1315 2946 1
2649 3787 4304 1
2272 2447 2889 1
1836 1837 1893 1
3916 1852 3917 1
4230 4231 4234 1
3875 2623 3876 1
235 236 292 1
4063 263 4335 1
1937 1935 4028 1
3642 3640 3866 1
984 983 1006 1
2687 4079 4083 1
3880 3881 4756 1
1077 1082 3766 1
3950 3951 5070 1
2651 2653 2958 1
3190 2515 3985 1
239 240 263 1
3190 3985 3986 1
1859 2368 4173 1
3851 3412 3852 1
2824 2822 4005 1
2970 2987 4061 1
4002 1202 4003 1
3879 2615 3880 1
2528 3112 3976 1
3688 3686 3690 1
1576 1574 1578 1
1157 1155 3805 1
2054 1881 3841 1
3647 3642 3866 1
864 861 3764 1
783 954 3925 1
2644 2352 2645 1
1881 1602 2061 1
2719 2720 3255 1
1152 1151 1153 1
904 2251 3903 1
2015 2013 3961 1
2112 1179 4012 1
2899 2478 2900 1
3307 2643 3577 1
957 989 990 1
964 983 984 1
2564 2566 3902 1
2209 2210 2211 1
2579 3239 3240 1
2477 1746 2478 1
911 963 964 1
294 4112 4113 1
1773 1593 1774 1
4031 2093 4744 1
2560 2562 3909 1
828 826 842 1
334 112 4552 1
1908 1848 4287 1
2762 2393 2763 1
600 598 3835 1
1641 1284 2996 1
2661 2663 3748 1
2627 2630 3798 1
2655 2657 3385 1
1533 1874 1875 1
942 930 4166 1
927 909 3762 1
1590 1588 1604 1
5377 34 5410 1
2649 2651 3787 1
1268 1356 1363 1
292 236 4065 1
1157 3805 3807 1
3759 3734 3760 1
909 910 911 1
2489 3287 3289 1
2649 2650 2651 1
711 580 3974 1
843 842 849 1
2478 1746 4255 1
2431 2522 4151 1
294 77 4112 1
2126 2128 4367 1
2992 3547 3948 1
3640 3639 3643 1
4147 3008 4364 1
2380 2378 2392 1
1144 1113 1145 1
120 121 336 1
1101 1091 1102 1
2651 2652 2653 1
3307 3577 3585 1
4217 1610 4218 1
3820 2858 3821 1
2635 2632 4213 1
1487 1722 4336 1
2634 2635 2636 1
3329 2701 3357 1
4546 4617 5231 1
3047 3046 3048 1
4074 1466 4075 1
2636 3216 3751 1
3764 863 3765 1
1661 1658 4108 1
719 718 4391 1
1641 2996 3631 1
774 775 778 1
870 904 905 1
764 1617 3705 1
4099 2180 4100 1
2298 2832 3982 1
822 825 826 1
921 757 3732 1
1252 3849 4011 1
1328 1326 4022 1
707 877 4057 1
2640 2638 2692 1
772 773 774 1
1847 2195 3738 1
3931 3928 4249 1
934 987 3973 1
1351 2390 4578 1
2659 2661 3306 1
1541 1671 3819 1
3351 2824 4005 1
2636 2635 3216 1
3823 3831 3832 1
2460 2916 3109 1
1979 1796 4807 1
4024 1623 4025 1
2402 2119 3872 1
2997 2402 3872 1
2329 1661 4108 1
1090 1089 1091 1
2448 4041 4042 1
3430 2827 3767 1
1730 1731 1732 1
1063 1623 4024 1
820 4052 4053 1
1175 4233 4523 1
720 1678 4188 1
604 3856 3858 1
846 851 3785 1
3798 3799 3802 1
1341 1566 3851 1
2582 2580 3472 1
2271 1903 2547 1
723 710 724 1
5127 4371 5680 1
2219 2218 2220 1
985 3676 3677 1
1467 4179 4180 1
4036 458 5389 1
1512 1520 4071 1
3776 3517 4409 1
2202 2489 3632 1
333 79 4181 1
928 993 1581 1
1749 1373 3952 1
2811 2530 3434 1
2098 1615 4256 1
1701 4048 4469 1
2924 2440 4094 1
4052 832 4642 1
857 856 858 1
852 849 865 1
1165 3707 3708 1
709 699 710 1
1619 2035 2036 1
3905 2602 3906 1
2036 2437 2438 1
1254 563 4611 1
3569 3570 3571 1
1602 1319 3768 1
863 869 870 1
3570 2324 4419 1
3891 1622 3895 1
3217 2635 4213 1
4079 4080 4083 1
2537 2044 4545 1
2186 1606 2257 1
1030 1621 4128 1
333 4181 4182 1
1539 1540 1541 1
2653 2654 2655 1
703 3980 3981 1
2620 2623 3875 1
602 683 3856 1
1179 1100 4012 1
2055 3412 3851 1
2964 3557 4144 1
265 4121 4122 1
1605 1541 1606 1
1363 2032 3576 1
3849 1252 4302 1
3928 2016 4249 1
4248 2612 4895 1
1112 1102 1113 1
1653 3949 3950 1
1830 2092 4001 1
2280 2546 2858 1
2629 3798 4213 1
3687 3686 3688 1
2602 2599 3906 1
1835 4835 4875 1
2448 2152 4041 1
1696 1996 2343 1
1730 1728 1731 1
1703 1702 4016 1
331 4063 4064 1
860 858 861 1
2663 2665 3250 1
2473 2037 2942 1
4081 2572 4162 1
2443 2439 3848 1
865 849 866 1
2477 2899 3340 1
2531 2418 2802 1
4058 3201 4059 1
1801 1852 3916 1
1372 4085 4086 1
1036 1020 4530 1
2066 2572 4079 1
111 112 334 1
3029 2763 3450 1
112 113 4552 1
3733 3732 3734 1
1059 1202 4002 1
4061 2987 4062 1
870 905 906 1
4259 2731 4555 1
2811 3453 4593 1
861 863 3764 1
1204 1297 1612 1
3306 2661 3748 1
1468 4207 4208 1
683 3839 3840 1
2543 2438 2544 1
81 82 4210 1
2324 2210 4419 1
2010 1709 2377 1
3827 3023 3828 1
4131 4129 4132 1
4803 3438 5242 1
592 691 3896 1
892 761 893 1
1587 3607 4627 1
1379 1377 1835 1
1944 1943 4281 1
1467 1438 4179 1
2431 2257 2522 1
2548 2547 2841 1
2643 2048 4272 1
2634 2632 2635 1
757 758 783 1
2542 3518 5084 1
3039 4007 4806 1
1780 1778 1894 1
2893 2190 4105 1
1087 1090 3979 1
2655 2656 2657 1
2112 4012 4013 1
1077 1081 1082 1
4377 4970 5516 1
2974 3418 4069 1
2260 2485 3870 1
695 707 4057 1
74 75 337 1
1339 1532 1533 1
2208 2299 4419 1
2436 3257 3275 1
1198 1283 1284 1
2437 3084 3898 1
4115 4113 4116 1
906 907 908 1
2471 2470 4019 1
3920 1810 4260 1
3646 3642 3647 1
2968 2970 4061 1
2849 2929 4260 1
1644 1643 1645 1
964 984 985 1
2258 2769 2770 1
3844 2443 3845 1
867 936 3869 1
2497 2048 2643 1
2036 2035 2437 1
2394 2177 2422 1
2173 2029 2527 1
3927 3928 3929 1
861 862 863 1
2092 2554 4001 1
1249 1248 1250 1
1671 2280 3820 1
1725 3714 4716 1
4394 3014 4395 1
1971 1611 1972 1
822 826 828 1
1535 1367 3842 1
1745 1742 1746 1
851 856 857 1
2178 2180 4099 1
2039 2040 2041 1
1149 1147 1167 1
2747 2870 4688 1
2549 3944 3945 1
2732 4392 4512 1
2831 2236 3968 1
3088 2126 4367 1
766 764 3705 1
1074 1077 3766 1
2528 2527 3112 1
561 630 4422 1
960 4127 4131 1
2068 2070 3843 1
4627 3608 4805 1
1240 864 2349 1
1430 1466 4074 1
3959 3028 4683 1
2544 2438 2999 1
2090 1423 4458 1
3999 1993 4023 1
2554 3251 4001 1
1265 1250 1266 1
957 990 3755 1
2558 3118 4026 1
1527 1914 4104 1
987 1109 3973 1
1468 1444 4207 1
3996 694 3997 1
1198 1197 1283 1
1183 1182 1197 1
2762 2763 2764 1
113 114 4360 1
596 594 4169 1
238 239 4063 1
1537 1538 1539 1
4060 2968 4061 1
2180 2188 4100 1
1395 1266 1396 1
2962 2964 4144 1
703 686 3980 1
3533 5230 5352 1
2089 3387 5583 1
1573 1574 1575 1
340 3420 5135 1
1349 1527 4104 1
1087 1088 1089 1
2024 2023 2481 1
1883 2327 2649 1
727 730 736 1
289 372 3604 1
4319 4316 4320 1
1673 3776 4409 1
2465 2287 2812 1
2637 2636 2638 1
1283 1361 3914 1
2380 2392 2393 1
2213 2214 2215 1
2028 2026 2029 1
1872 3637 3638 1
964 985 4288 1
1092 3060 4000 1
1154 1153 1155 1
1510 1512 4071 1
1086 1085 1087 1
1077 1080 1081 1
770 771 772 1
1145 1113 1146 1
261 81 4210 1
1910 1904 1911 1
2251 2806 2807 1
3708 3707 3709 1
3743 2946 3850 1
1409 1536 1537 1
4079 2572 4080 1
930 929 4166 1
1619 1530 2035 1
908 909 927 1
2639 2638 2640 1
730 715 4217 1
2520 4136 4137 1
1109 1204 3803 1
2264 2266 4139 1
1396 1408 1409 1
2657 2658 2659 1
2183 1911 2184 1
4387 4388 4389 1
1183 1197 1198 1
1153 1151 3706 1
2211 2212 2213 1
2314 2315 2666 1
1361 1530 1619 1
3160 2528 3976 1
3583 3049 3584 1
4074 4075 4078 1
2204 2202 3632 1
1145 1147 1148 1
3766 1082 4508 1
4596 4597 4998 1
2629 2627 3798 1
2536 3201 4058 1
2134 2677 4096 1
705 1610 4217 1
1874 2258 3834 1
2858 2546 2859 1
1104 1223 4146 1
4394 1251 4489 1
1357 1695 1696 1
1469 4247 4248 1
2356 2354 2587 1
1871 1766 3667 1
1087 1089 1090 1
691 3892 3893 1
1315 1338 1339 1
1182 2112 4215 1
3013 2248 4149 1
2368 2019 4190 1
1114 1313 3743 1
2673 730 4217 1
754 881 4244 1
1246 1244 1248 1
2797 2796 3039 1
1372 1529 4085 1
3099 2568 3100 1
2631 2629 2632 1
857 858 860 1
1642 1641 1643 1
2173 2527 2528 1
2680 3235 4032 1
855 1092 4000 1
4315 1825 4709 1
1996 1995 2354 1
1678 4159 4160 1
697 688 699 1
3952 1373 3954 1
2281 2436 3887 1
1109 3803 3973 1
3977 1635 3978 1
4071 1520 4072 1
2280 2858 3820 1
2557 2406 2558 1
3950 3949 3951 1
1028 1030 4128 1
2420 2876 4051 1
614 676 4135 1
1886 2281 2282 1
771 3784 4356 1
2257 1606 3161 1
985 3678 4288 1
860 861 864 1
1566 2055 3851 1
2111 2260 2771 1
1270 1269 1305 1
542 4011 4245 1
718 708 3975 1
3040 3039 3682 1
3321 3322 3323 1
3096 2282 3098 1
2064 2066 4079 1
4070 1510 4071 1
890 957 3755 1
3475 3476 3477 1
2028 2029 2173 1
1541 1540 1671 1
590 588 3891 1
736 730 737 1
2172 2361 4030 1
2687 4083 4084 1
3067 3064 3967 1
2081 1869 3982 1
2010 2377 2378 1
3148 2297 3149 1
4377 314 5460 1
1914 2312 3071 1
5453 4439 5479 1
1246 1248 1249 1
761 751 3794 1
525 2087 4442 1
2866 2865 3131 1
2520 2292 4136 1
1082 1081 1083 1
3034 776 3990 1
2061 1602 3768 1
3110 2564 3902 1
4389 4388 4390 1
3118 2560 3909 1
4438 3136 5571 1
2055 3411 3412 1
1680 2068 3028 1
4008 1705 4472 1
2628 2627 2629 1
994 1127 4214 1
2790 4714 4858 1
3985 2176 3987 1
945 1021 4452 1
1249 1250 1265 1
3102 3103 3104 1
1653 669 3949 1
2422 3828 3829 1
1740 1738 2723 1
1733 1731 2578 1
3900 3901 3989 1
2405 2404 2406 1
764 674 1617 1
4143 2962 4144 1
3708 3709 3992 1
1395 1396 1991 1
851 855 856 1
1084 1083 1085 1
727 715 730 1
1469 1450 4247 1
4296 3212 5519 1
2375 3785 3786 1
3846 3844 3847 1
1742 1740 4255 1
1363 1364 1831 1
1914 3071 4104 1
3028 2068 3843 1
3102 3104 3207 1
3100 3101 3102 1
2495 2705 2920 1
4130 1621 4714 1
765 764 766 1
1506 1597 4161 1
2007 2005 2023 1
783 784 954 1
1936 1935 1937 1
2966 2968 4060 1
1313 1314 1315 1
3914 1619 4451 1
817 821 822 1
2666 2667 2860 1
1518 1544 4171 1
1367 1365 2369 1
1019 966 4271 1
1180 1182 1183 1
4114 4113 4115 1
3862 3860 3863 1
3699 890 3755 1
3685 3683 3686 1
4204 2811 4593 1
4127 1028 4128 1
1265 1266 1395 1
3104 3278 3279 1
2099 2460 4257 1
657 673 674 1
21 22 308 1
1213 1168 1267 1
699 700 3983 1
598 1608 3835 1
4057 3173 4623 1
2627 2625 2630 1
755 757 921 1
2659 2660 2661 1
3319 3320 3321 1
1539 1541 1605 1
2375 846 3785 1
2633 2632 2634 1
839 846 2375 1
1074 1076 1077 1
1543 1300 4220 1
782 779 894 1
598 596 1608 1
2547 1903 4441 1
1398 1399 4234 1
3064 3062 3967 1
1180 1179 1182 1
1558 1556 4441 1
3279 3318 3319 1
1032 1104 4146 1
2334 2788 4033 1
4096 2677 4097 1
3686 3683 3720 1
4224 547 4309 1
909 907 910 1
1889 1599 1999 1
2920 3791 3792 1
69 70 309 1
1367 2369 3842 1
2771 2260 3870 1
2031 2539 2540 1
3076 2350 3077 1
1939 2321 4365 1
3997 694 3998 1
1178 1100 1179 1
2554 2901 3251 1
1886 1885 2281 1
602 600 683 1
2495 1762 2705 1
2682 942 4166 1
2448 4042 4043 1
1409 1537 1967 1
1399 1810 4234 1
982 943 4015 1
586 583 4276 1
1805 2194 3900 1
3349 2824 3351 1
929 1624 4166 1
2481 2023 2596 1
2144 2142 2742 1
3835 1608 3836 1
663 662 1674 1
3090 2431 4151 1
2473 2942 5508 1
1938 1937 1939 1
1605 1606 2186 1
741 742 755 1
4045 2449 4046 1
1090 1091 1101 1
183 184 296 1
770 768 771 1
2454 4191 4192 1
3279 3319 3665 1
3714 3713 3715 1
2622 2620 3875 1
127 128 301 1
2365 2953 2954 1
3607 2110 3608 1
1651 1766 1870 1
2365 2954 4092 1
3689 3688 3691 1
3072 4157 4900 1
3893 3892 3894 1
2647 3046 3047 1
778 782 903 1
2719 2578 2720 1
2112 4013 4014 1
4109 3874 4719 1
667 665 682 1
2558 2559 2560 1
3533 3532 3593 1
1934 1935 1936 1
954 955 1003 1
2876 2670 2955 1
747 4188 4189 1
175 176 295 1
905 3903 4433 1
1934 1535 1935 1
2583 2456 3944 1
1100 982 4012 1
1281 1334 1335 1
205 206 321 1
2074 2076 2078 1
2620 2618 2623 1
2515 2175 3985 1
3066 3064 3067 1
3929 3928 3930 1
2194 2865 2866 1
3154 3911 3912 1
3712 3711 3713 1
2186 2257 2431 1
2049 2047 2201 1
3105 2414 4665 1
4043 4042 4044 1
1508 1510 4070 1
1422 2090 3208 1
2626 2625 2627 1
2566 2567 2568 1
1394 1840 1841 1
604 602 3856 1
705 693 1610 1
1126 1220 1221 1
763 674 764 1
1877 1875 1959 1
3321 3323 3464 1
1086 1087 3979 1
4171 1544 4172 1
4041 2449 4045 1
2403 2402 2404 1
3873 2771 3874 1
1640 1284 1641 1
2254 1857 4173 1
1307 1262 3722 1
3399 2712 3400 1
1072 1074 3775 1
1337 1289 4193 1
2345 2962 4143 1
3690 3720 3721 1
1936 1937 1938 1
997 871 2057 1
836 837 844 1
2110 993 4576 1
746 754 4244 1
3843 3844 3846 1
1763 1762 2495 1
2560 2561 2562 1
4105 2575 4106 1
233 234 340 1
118 291 4283 1
594 592 3896 1
844 837 4219 1
3039 2796 4007 1
4019 2470 4020 1
2562 2563 2564 1
2119 1685 3872 1
2564 2565 2566 1
1579 1558 1580 1
1635 2073 2074 1
1221 1280 1281 1
3619 1668 3620 1
1035 1680 3959 1
1230 1316 1391 1
928 894 973 1
2439 2924 3848 1
2566 2568 3099 1
3787 2958 4294 1
2876 2955 3703 1
1127 1206 1208 1
1568 2111 3873 1
4392 1570 4512 1
3726 2057 5019 1
2562 2564 3110 1
1832 2138 2139 1
2230 2246 4141 1
2070 2439 2443 1
1828 1851 4454 1
1047 1635 3977 1
1502 1923 4185 1
2737 561 4422 1
2003 1400 4018 1
3018 3745 5452 1
2558 2560 3118 1
3712 3713 3714 1
714 705 715 1
2613 2611 2616 1
1539 1538 1540 1
822 828 4342 1
4186 4644 4705 1
2937 3003 3200 1
725 715 727 1
2019 2030 2031 1
2557 2558 4026 1
3710 3621 3711 1
936 2644 3869 1
2017 1801 3916 1
836 835 837 1
1752 1703 4016 1
2827 2643 3307 1
2007 2023 2024 1
265 4120 4121 1
824 832 4052 1
181 182 338 1
3777 3778 3780 1
1260 1261 1401 1
3938 3939 3940 1
1170 5073 5191 1
3166 2482 3781 1
1504 1506 4161 1
3196 3187 3197 1
2624 2622 2625 1
1665 1663 1666 1
117 118 4283 1
2202 2201 2489 1
816 820 4053 1
74 337 4120 1
3001 2168 4327 1
4080 2572 4081 1
2610 2608 2611 1
2405 2406 2557 1
2442 2937 4094 1
3932 3934 3935 1
1801 1752 1852 1
592 590 691 1
2224 1908 4287 1
911 910 963 1
813 817 1955 1
3710 3711 3712 1
2653 2655 3628 1
1442 1468 4178 1
1156 1155 1157 1
4067 1637 4068 1
1938 1939 1940 1
3250 2665 4004 1
2612 2611 2613 1
2621 2620 2622 1
607 606 608 1
114 115 259 1
2617 2615 2618 1
4140 2230 4141 1
1952 1819 4324 1
964 963 983 1
1676 1885 1886 1
2972 2974 4069 1
1557 1556 1558 1
2619 2618 2620 1
2651 2650 2652 1
67 68 346 1
1091 1089 1111 1
2074 2075 2076 1
1678 712 4159 1
3733 3734 3759 1
1401 1402 1845 1
79 80 4181 1
2420 844 2670 1
2649 2327 2650 1
2614 2613 2615 1
1930 1850 2016 1
972 1028 4127 1
2920 2705 3791 1
767 766 768 1
177 178 341 1
167 168 299 1
704 693 705 1
2336 3023 3827 1
3825 2377 3826 1
2192 2575 4105 1
2420 2670 2876 1
2376 4569 4622 1
2440 2442 4094 1
599 598 600 1
4162 2923 4163 1
1840 3606 4746 1
1045 1047 3977 1
2521 1086 3979 1
2607 2606 2608 1
2123 1931 2362 1
4191 1827 4193 1
588 586 1622 1
1283 1285 1361 1
3638 3639 3640 1
1636 468 4253 1
2674 3741 4256 1
3173 3172 3621 1
1537 1536 1538 1
3445 2547 4441 1
4089 3510 4090 1
605 604 606 1
2172 1833 2361 1
2243 2241 4292 1
865 890 3699 1
4138 1462 5310 1
3489 3492 3497 1
3794 751 3795 1
1575 1576 1577 1
2742 3952 3953 1
1293 1276 1360 1
2929 3920 4260 1
943 942 986 1
2540 2539 3396 1
1200 1371 4556 1
1662 1661 1663 1
5268 3898 5327 1
2594 3620 4816 1
2449 2156 4050 1
1101 1102 1112 1
738 736 751 1
1870 1871 2274 1
833 835 836 1
318 3603 5522 1
2520 4137 4138 1
601 600 602 1
2215 2216 2217 1
709 710 723 1
3646 3647 3648 1
2269 1890 4315 1
1940 1939 1941 1
4191 4193 4261 1
646 656 657 1
654 653 662 1
1624 3695 4166 1
2605 2604 2606 1
2680 2820 3235 1
3934 3937 3938 1
723 724 741 1
929 1359 1624 1
2144 2742 3910 1
2437 2678 3084 1
791 793 4341 1
4817 4349 4982 1
832 830 833 1
3173 3621 3710 1
603 602 604 1
3184 3183 3960 1
1409 1408 1536 1
1300 1199 4220 1
2549 3945 3946 1
125 126 344 1
1361 1362 1530 1
1624 1359 1625 1
2752 2362 2957 1
3881 2616 3882 1
3961 3253 3962 1
4149 3081 4150 1
4175 2983 4176 1
3439 3438 4803 1
3704 2880 5162 1
813 1955 3915 1
1745 1746 1867 1
2336 2581 3023 1
2036 2438 2543 1
120 336 4282 1
247 248 257 1
1696 1695 1995 1
890 866 891 1
2269 4315 4316 1
1148 1149 1150 1
1448 1469 4206 1
2403 2404 2405 1
62 63 311 1
191 192 303 1
4033 2788 4037 1
173 174 343 1
697 699 709 1
2190 2192 4105 1
2653 2652 2654 1
2031 2030 2539 1
2775 2683 3529 1
1084 1085 1086 1
2578 1731 4409 1
941 930 942 1
4170 1516 4171 1
2295 2674 4256 1
1500 1502 4185 1
2401 2119 2402 1
4186 4350 4644 1
2696 4331 4332 1
2795 2303 2796 1
3283 2900 4681 1
1679 616 4135 1
793 4194 4341 1
185 186 345 1
2439 2440 2924 1
609 608 610 1
588 1622 3891 1
2543 2544 3428 1
3444 4292 4293 1
1440 4178 4179 1
3153 2445 3154 1
2453 2454 4243 1
4074 4078 4458 1
3695 1626 4306 1
2955 3674 3783 1
1250 1248 1958 1
3062 3061 4339 1
4064 4063 4335 1
1396 1266 1408 1
2603 2602 2604 1
2020 2579 4527 1
686 677 3980 1
2241 2475 4292 1
3148 3149 3302 1
936 2351 2352 1
1872 3638 4486 1
236 237 4065 1
1857 1666 1859 1
2674 3183 3184 1
2572 2104 4162 1
2335 2470 2471 1
1239 864 1240 1
597 596 598 1
3018 2423 3019 1
1419 1422 4222 1
2105 3172 3173 1
1762 1759 3868 1
2142 1749 3952 1
169 170 339 1
1371 1393 1394 1
2361 2684 3044 1
1400 1143 4018 1
580 578 3974 1
684 672 688 1
4504 4001 4723 1
757 742 758 1
1474 1549 1860 1
1761 1759 1762 1
2807 2806 5055 1
4225 4224 4309 1
1092 1094 3060 1
3923 4653 5559 1
2115 2923 4162 1
1082 1083 1084 1
2454 2094 4191 1
3156 3635 5232 1
2687 2064 4079 1
3786 4158 4771 1
769 768 770 1
2298 2679 2680 1
4413 3543 4506 1
1470 1456 4250 1
1850 1818 4249 1
760 744 4538 1
1674 1675 1676 1
2076 2077 2149 1
2989 2172 4030 1
1112 1113 1144 1
986 2682 2683 1
2923 2358 3511 1
2606 2604 2609 1
1438 1440 4179 1
2115 2116 2358 1
3076 3077 3429 1
2805 2168 3001 1
2872 704 4274 1
921 3732 3733 1
1365 1132 3814 1
1318 1390 1571 1
1668 1328 4022 1
1489 1883 4304 1
2979 2983 4175 1
2674 2535 3183 1
772 771 773 1
23 24 349 1
750 1833 2172 1
669 667 3949 1
3512 3108 4999 1
2104 2114 2115 1
1143 1118 4018 1
3799 3800 3801 1
2693 2695 4302 1
3071 2312 3072 1
828 2685 4342 1
3807 3806 3808 1
3045 3956 3957 1
1680 2067 2068 1
2064 2065 2066 1
1516 1518 4171 1
1940 1941 1942 1
3741 3184 3742 1
3359 3360 3361 1
2066 2103 2104 1
1624 1625 1626 1
3969 3970 3971 1
2601 2599 2602 1
1566 1963 1964 1
227 228 302 1
4045 4046 4047 1
4844 1216 4946 1
2681 711 3243 1
2350 1909 4336 1
2445 2144 3910 1
1165 3706 3707 1
2062 2063 2064 1
1632 1634 4145 1
637 639 2102 1
4092 2954 4708 1
724 710 1962 1
677 669 1653 1
1481 1307 1599 1
1690 480 4307 1
3047 3048 3049 1
3138 2515 3190 1
2070 2071 2439 1
673 692 3993 1
570 535 4442 1
3321 3320 3322 1
109 110 297 1
1061 1063 4024 1
189 190 347 1
2288 2815 2816 1
2194 2323 2865 1
3858 3857 3859 1
1786 4004 4660 1
3892 3891 3895 1
820 824 4052 1
3769 3768 4110 1
1942 1941 1943 1
2262 3081 4149 1
1942 1943 1944 1
692 675 693 1
1745 1867 4196 1
595 594 596 1
2832 2680 4032 1
2900 3578 3579 1
2333 2334 2335 1
870 869 904 1
4177 970 4747 1
2450 3252 3253 1
1430 1432 1466 1
1351 1814 2390 1
1863 2013 2015 1
752 751 761 1
1043 1045 1225 1
2681 3243 3244 1
2889 2447 4017 1
1202 1061 4024 1
1658 1656 4108 1
2401 2402 2403 1
3818 4048 5677 1
2034 2525 4646 1
2349 4867 4891 1
76 294 4117 1
2598 2471 2599 1
3057 3158 4203 1
3836 3837 3838 1
1047 1049 1635 1
778 775 779 1
671 655 672 1
1178 1179 1180 1
1572 1571 1868 1
2672 2003 4018 1
4452 4453 4615 1
2661 2662 2663 1
2962 2963 2964 1
2175 2176 3985 1
129 130 351 1
2964 2965 2966 1
1251 1303 1318 1
1192 1228 1251 1
1104 1140 1192 1
762 761 892 1
4153 2978 4154 1
608 606 874 1
809 810 813 1
3826 1258 4573 1
2966 2967 2968 1
2655 2654 2656 1
2529 2528 3160 1
2248 2262 4149 1
924 892 926 1
1032 1033 1104 1
2994 3108 3512 1
3557 2966 4060 1
2132 2134 4096 1
582 580 711 1
3589 2839 3590 1
2442 2936 2937 1
1859 2018 2019 1
538 1897 4268 1
1313 2946 3743 1
813 814 817 1
1114 1217 1313 1
2558 2406 2559 1
4569 4240 4622 1
1366 1365 1367 1
1656 1078 3000 1
1869 1868 2298 1
2933 2934 2994 1
976 926 1009 1
4389 4390 4879 1
2154 2449 4041 1
1212 1189 4254 1
2111 2771 3873 1
1446 4206 4207 1
941 942 943 1
1223 4394 4395 1
3998 694 4790 1
1955 817 4342 1
1621 1032 4146 1
3930 3931 3932 1
1861 4295 4296 1
1656 3000 4108 1
1035 1037 1680 1
1071 1070 1072 1
2134 2178 2677 1
1988 2391 3078 1
5056 3506 5159 1
3932 3933 3934 1
1229 1132 1365 1
1662 1663 1665 1
2669 2282 3096 1
2429 2672 3069 1
3319 3318 3320 1
715 705 4217 1
747 731 4188 1
3268 3266 3380 1
555 557 4331 1
2676 2326 2883 1
2175 1944 2176 1
458 4036 5521 1
1055 1637 4067 1
3104 3103 3278 1
1428 1430 4074 1
3112 2527 3514 1
3968 2310 3969 1
578 576 1620 1
1626 1625 1627 1
1377 1375 4728 1
1030 1031 1032 1
3102 3101 3103 1
2139 2140 2468 1
1827 1337 4193 1
2680 2679 2820 1
863 862 869 1
1610 693 4415 1
842 826 1609 1
3100 2568 3101 1
2359 2750 2751 1
2013 2450 3961 1
1444 1446 4207 1
2042 2044 2537 1
1011 1009 1012 1
2987 2972 4069 1
701 686 703 1
545 538 4268 1
2295 2535 2674 1
3638 3641 4486 1
325 246 4400 1
2152 2154 4041 1
3263 2831 3359 1
824 830 832 1
1053 1055 4067 1
3090 4151 4152 1
1523 1292 3061 1
1861 501 4295 1
861 858 862 1
2847 2849 4260 1
2464 2224 2905 1
3279 3278 3318 1
809 813 3915 1
1072 1073 1074 1
3940 3939 3941 1
1118 3761 4018 1
2968 2969 2970 1
2068 2069 2070 1
3011 2508 4223 1
4698 2369 4827 1
1895 2336 3827 1
2668 3899 4726 1
1534 1367 1535 1
3910 2742 4435 1
1628 1627 1629 1
4054 4053 4055 1
4038 2788 4291 1
929 916 1359 1
1978 2300 2326 1
1514 1516 4170 1
576 570 4056 1
2281 2283 2436 1
1529 1961 2062 1
3212 4296 5544 1
3786 3785 4158 1
1063 1065 1623 1
28 29 312 1
1802 1801 2017 1
1852 1752 4016 1
1890 1825 4315 1
986 2683 2775 1
1680 3028 3959 1
846 850 851 1
2228 2230 4140 1
2777 2256 3015 1
1660 1658 1661 1
750 733 1833 1
913 760 914 1
77 78 4112 1
2019 2018 2030 1
1508 1509 1510 1
1933 1535 1934 1
2994 3512 4326 1
3247 2755 3260 1
3071 3072 4174 1
1241 1240 1242 1
3856 3857 3858 1
1943 1945 1978 1
2150 2448 4049 1
18 19 269 1
2150 2152 2448 1
2883 2885 3382 1
2404 2402 2997 1
3885 2609 3886 1
2797 3039 3040 1
2027 2026 2028 1
4012 982 4015 1
1626 1627 1628 1
1292 1212 4254 1
1597 1508 4070 1
3216 3217 3326 1
1510 1511 1512 1
4192 4261 4262 1
1660 1661 1662 1
1071 1072 1078 1
2108 2345 4143 1
582 711 2681 1
2970 2972 2987 1
2221 2220 2222 1
593 592 594 1
805 806 809 1
2505 3282 4258 1
1571 1863 4300 1
1182 1179 2112 1
1506 1507 1508 1
4310 4216 4311 1
2994 2934 3108 1
839 845 846 1
2349 4312 4867 1
4080 4081 4082 1
4129 4128 4130 1
2105 2301 3172 1
2795 2796 2797 1
60 61 355 1
2162 2505 4258 1
165 166 348 1
3387 2089 5694 1
2298 1868 2679 1
1069 1068 1070 1
3070 3069 3680 1
910 907 4433 1
1166 3809 3811 1
2976 2978 4153 1
1067 1068 1069 1
2754 2686 2755 1
2345 2961 2962 1
594 3896 4169 1
2292 2569 4136 1
1997 844 2420 1
72 73 265 1
1050 1053 4386 1
1628 1629 1630 1
3340 2899 4202 1
1571 1390 1863 1
484 479 485 1
2745 2921 2922 1
2114 2668 4726 1
917 929 930 1
837 838 839 1
3206 2898 3261 1
3820 3821 4745 1
2031 2540 2856 1
3938 3937 3939 1
3171 3169 4167 1
1650 1648 1652 1
2970 2971 2972 1
2747 2748 2870 1
1150 1151 1152 1
1067 1066 1068 1
2780 2517 3027 1
2569 3256 4136 1
2679 1868 4300 1
3517 2578 4409 1
3069 2672 3833 1
3359 2831 3360 1
4670 970 4712 1
2450 3253 3961 1
1978 2326 2676 1
2045 2043 2148 1
989 958 992 1
2560 2559 2561 1
774 778 3871 1
626 625 643 1
1805 1882 2194 1
644 643 653 1
1504 1505 1506 1
3969 2310 3970 1
2436 2857 3257 1
3253 3252 3345 1
575 574 625 1
3788 2679 4300 1
1454 1470 4246 1
774 773 775 1
2933 2932 2934 1
2896 2254 2898 1
4127 4128 4129 1
2062 2064 2687 1
960 972 4127 1
2335 2334 2470 1
1274 1211 4782 1
1512 1513 1514 1
4317 4316 4318 1
2428 2003 2429 1
2066 2104 2572 1
3061 1292 4254 1
2566 2565 2567 1
1631 1630 1632 1
1676 1677 1885 1
1753 1752 1801 1
2628 2629 2631 1
3973 3803 4673 1
2083 2081 2310 1
1028 1029 1030 1
1603 927 3405 1
2770 2769 3372 1
2599 2471 2600 1
3685 3686 3687 1
1055 1057 1637 1
2104 2115 4162 1
3543 3540 4506 1
1243 1242 1244 1
1069 1070 1071 1
628 646 4221 1
2562 2561 2563 1
1245 1244 1246 1
2458 2420 4051 1
229 230 342 1
4241 2107 4242 1
1545 1805 3900 1
2696 555 4331 1
2988 2172 2989 1
1065 1066 1067 1
2115 2358 2923 1
379 381 4520 1
4000 3060 4808 1
2676 2883 2884 1
4322 4321 4325 1
871 865 3699 1
650 647 655 1
3014 4394 4489 1
712 701 4159 1
972 1027 1028 1
2931 2932 2933 1
4075 1466 4076 1
1502 1503 1504 1
2295 2296 2535 1
2564 2563 2565 1
654 662 663 1
2830 2236 2831 1
591 590 592 1
1633 1632 1843 1
3773 2884 3774 1
2632 2629 4213 1
833 834 835 1
1665 1666 1857 1
2925 1871 3667 1
1923 1504 4161 1
2358 2116 2359 1
514 522 4266 1
2115 2114 2116 1
2341 2864 4704 1
2495 2920 3379 1
2188 2190 2893 1
294 4113 4114 1
893 761 3794 1
1059 1061 1202 1
2522 2257 4695 1
1554 1552 1556 1
3078 4480 4482 1
785 2089 4229 1
2974 2976 3418 1
1859 1666 2018 1
3529 2683 3536 1
2143 2142 2144 1
1663 1661 2329 1
1386 773 4356 1
2046 2048 2497 1
3620 1668 4022 1
2104 2103 2114 1
2094 1827 4191 1
2657 2656 2658 1
3957 3956 3958 1
2025 2024 2026 1
3400 3830 5622 1
569 568 574 1
2066 2065 2103 1
2789 2892 3130 1
1087 1085 1088 1
462 460 1639 1
2192 2228 2575 1
1637 1057 4002 1
2064 2063 2065 1
734 733 750 1
1436 1438 1467 1
1635 1049 2073 1
1001 999 1034 1
1057 1059 4002 1
720 712 1678 1
2751 2750 3507 1
1632 1630 1634 1
1104 1033 1140 1
1192 1140 1228 1
1032 1031 1033 1
1251 1228 1303 1
1318 1303 1390 1
877 2105 4057 1
523 4266 4267 1
1757 1755 2093 1
1520 1514 4170 1
578 1620 3974 1
1531 1615 2098 1
3823 3824 3831 1
917 916 929 1
2453 2094 2454 1
2972 2973 2974 1
1819 1594 1992 1
3418 2976 4153 1
2074 2073 2075 1
2962 2961 2963 1
726 2808 3146 1
2964 2963 2965 1
953 960 4131 1
4302 1252 4368 1
1500 1501 1502 1
2610 2611 2612 1
2607 2608 2610 1
589 588 590 1
2695 3849 4302 1
4374 3290 4375 1
3169 2511 4548 1
337 4118 4119 1
2966 2965 2967 1
4267 3212 5544 1
881 2108 4244 1
1521 1776 4212 1
2111 2259 2260 1
179 180 262 1
2687 4084 4085 1
614 612 676 1
193 194 354 1
1450 1452 4247 1
1030 1032 1621 1
3873 3874 4109 1
2873 2515 3138 1
1318 1571 1572 1
1727 1673 1728 1
2631 2632 2633 1
951 953 1286 1
968 4053 4054 1
1268 1194 1356 1
2777 3015 4383 1
1629 1748 1976 1
2896 2898 3206 1
2964 2966 3557 1
1633 1843 3365 1
657 674 763 1
1939 1937 2321 1
1880 1602 1881 1
1498 1405 2163 1
1674 662 1675 1
3677 3676 4788 1
2062 1961 2063 1
3066 3067 3068 1
2514 2175 2515 1
2260 2484 2485 1
2335 2471 2598 1
1859 2019 2368 1
2022 1944 2175 1
766 3705 3784 1
1452 4246 4247 1
526 528 4314 1
2742 2142 3952 1
957 891 958 1
1024 1226 4235 1
4085 4084 4086 1
2634 2636 2637 1
2626 2627 2628 1
2754 2755 3247 1
4251 1692 4252 1
1876 1950 3327 1
2457 2456 2583 1
1544 1521 4212 1
2371 2847 4305 1
847 853 1816 1
3040 3682 3683 1
2154 2156 2449 1
569 574 575 1
1322 1247 2085 1
3027 4220 4607 1
1949 2331 2333 1
2786 2784 3024 1
1512 1514 1520 1
3679 1781 5110 1
2605 2606 2607 1
1486 1485 4496 1
1631 1632 1633 1
4042 4041 4045 1
2743 2744 2745 1
1798 1796 1979 1
587 586 588 1
1506 1508 1597 1
2246 2248 3013 1
2603 2604 2605 1
1440 1442 4178 1
1533 1532 1874 1
1980 1400 2003 1
2429 2003 2672 1
1888 2294 2295 1
1717 2107 4241 1
2612 2613 2614 1
812 816 968 1
2369 1365 3814 1
523 514 4266 1
3130 2892 3231 1
2298 2680 2832 1
1792 2743 4524 1
159 160 304 1
3044 2684 3045 1
2695 2694 3258 1
2367 1500 4185 1
2614 2615 2617 1
828 842 843 1
2517 1543 4220 1
2333 2331 2334 1
1255 791 4341 1
1104 1192 1223 1
2284 1803 2285 1
2617 2618 2619 1
2663 2664 2665 1
671 672 684 1
3584 3049 4589 1
1030 1029 1031 1
1856 2060 4263 1
986 942 2682 1
1442 1444 1468 1
1843 1632 4145 1
1119 992 1124 1
575 625 626 1
2226 2693 4211 1
824 829 830 1
3067 3967 4265 1
632 633 647 1
2621 2622 2624 1
2968 2967 2969 1
1572 1868 1869 1
2655 3385 3628 1
818 809 3915 1
820 823 824 1
4544 5187 5626 1
915 914 916 1
1389 1499 1500 1
1165 1153 3706 1
534 547 4224 1
2060 2688 4263 1
119 120 4282 1
1422 3208 4222 1
567 1254 4216 1
2361 1833 2684 1
3261 2898 3782 1
484 485 488 1
1729 1728 1730 1
2624 2625 2626 1
1780 1894 1895 1
3986 3985 3987 1
1341 1565 1566 1
1978 1945 2300 1
1152 1153 1154 1
3597 1668 3619 1
2266 2292 2520 1
4381 1254 4611 1
1065 1064 1066 1
1647 1649 1862 1
4668 2374 4788 1
729 719 733 1
1041 1043 4362 1
3158 3159 3389 1
161 162 352 1
1728 1673 4409 1
684 688 697 1
134 135 313 1
626 643 644 1
2619 2620 2621 1
1931 3401 5594 1
3057 3059 3158 1
1510 1509 1511 1
2601 2602 2603 1
1508 1507 1509 1
605 606 607 1
1615 1888 4256 1
975 2686 2754 1
2266 2520 4139 1
791 790 792 1
644 653 654 1
2262 2264 3081 1
2525 2526 3272 1
2026 2024 4471 1
726 725 2808 1
2754 3248 4299 1
1122 3756 4087 1
1655 1078 1656 1
975 620 2686 1
2236 2083 3968 1
3907 2600 3908 1
789 788 790 1
631 623 632 1
4289 1690 4290 1
607 608 609 1
4097 4098 4928 1
3348 2588 3444 1
3475 3473 3476 1
2640 3187 3196 1
2569 3053 3256 1
1067 1069 1196 1
333 4182 4183 1
1306 1305 1406 1
1512 1511 1513 1
1368 1086 2521 1
4294 2958 4994 1
2036 2543 4451 1
4292 2475 4293 1
2693 2513 2694 1
1015 1013 4393 1
663 1674 4199 1
2083 2310 3968 1
816 819 820 1
2048 2049 4272 1
1523 3061 3062 1
1671 2279 2280 1
3055 3057 4203 1
2763 2393 3822 1
2761 2393 2762 1
4009 3259 4010 1
5323 2756 5537 1
225 226 353 1
1620 576 4056 1
4211 2693 4302 1
2883 2326 2885 1
2598 2599 2601 1
2023 2005 3926 1
2796 2303 4008 1
3101 2568 4385 1
1446 1448 4206 1
1283 1197 1285 1
3869 2644 4509 1
928 1581 4557 1
1506 1505 1507 1
488 485 489 1
1663 2329 4357 1
2647 3047 4509 1
2536 2740 3201 1
2041 2365 4092 1
2016 1850 4249 1
1686 1949 4147 1
805 809 818 1
787 786 788 1
93 94 310 1
627 616 1679 1
2830 2831 3263 1
1514 1515 1516 1
795 794 796 1
1980 2003 2428 1
565 564 568 1
1981 2320 4280 1
2491 3316 4156 1
2955 2670 3674 1
565 568 569 1
488 489 496 1
968 816 4053 1
632 647 650 1
975 2754 4299 1
817 822 4342 1
2637 2638 2639 1
4102 1196 4103 1
4231 2995 4232 1
1028 1027 1029 1
1502 1504 1923 1
1581 1582 1583 1
1504 1503 1505 1
796 794 4328 1
471 468 1636 1
1943 1941 1945 1
798 808 2088 1
1448 1450 1469 1
1628 1630 1631 1
3268 3380 3381 1
2056 1964 3777 1
1624 1626 3695 1
2659 2658 2660 1
792 790 4148 1
2439 2071 2440 1
3934 3933 3937 1
2535 2536 4058 1
1458 1667 4250 1
466 464 722 1
2379 2378 2380 1
2550 2427 2895 1
1339 1338 1532 1
2410 2412 2789 1
793 792 794 1
4181 261 4612 1
731 720 4188 1
628 645 646 1
672 1613 4227 1
2974 2975 2976 1
650 655 671 1
1746 1742 4255 1
934 3973 4494 1
1063 1064 1065 1
2429 3069 3070 1
1410 1981 4280 1
501 507 4295 1
903 5103 5200 1
2497 2643 2827 1
65 66 272 1
2128 2132 4367 1
2785 2784 2786 1
1514 1513 1515 1
1949 2333 4147 1
2695 3258 3259 1
30 31 357 1
2076 2075 2077 1
3805 3806 3807 1
1286 953 4131 1
4318 4319 4640 1
2970 2969 2971 1
2937 2936 3003 1
2616 2611 3883 1
1502 1501 1503 1
452 454 4429 1
1518 1521 1544 1
3609 2110 4576 1
2905 2224 4287 1
1340 1143 1400 1
2693 2694 2695 1
3408 3406 3459 1
581 580 582 1
797 796 799 1
3772 2884 3773 1
2018 1666 4357 1
947 949 1682 1
1304 4163 4893 1
2931 2930 2932 1
2508 2507 4223 1
794 792 1689 1
609 610 611 1
3027 2517 4220 1
2781 2780 2782 1
1657 1656 1658 1
2787 2786 3124 1
2390 1814 4228 1
3876 2623 3877 1
2784 2782 4177 1
2318 1717 4241 1
812 815 816 1
1659 1658 1660 1
795 798 4194 1
911 964 4288 1
4244 4143 4579 1
1670 910 4433 1
1835 3645 4835 1
803 804 805 1
1898 2227 2322 1
877 1896 2105 1
2645 2646 4269 1
3862 3863 3864 1
726 3146 3384 1
601 602 603 1
632 623 633 1
1129 1012 1130 1
1389 1500 2367 1
2779 2517 2780 1
3984 5078 5090 1
603 604 605 1
2460 3109 4257 1
2314 1765 2315 1
599 600 601 1
2102 639 3311 1
2226 2513 2693 1
1326 1324 1330 1
1700 879 2456 1
980 932 2109 1
2448 4043 4049 1
2783 2782 2784 1
3 332 4886 1
567 563 1254 1
2280 2545 2546 1
3690 3686 3720 1
1516 1517 1518 1
2972 2971 2973 1
2039 1841 2040 1
1660 1664 4237 1
673 675 692 1
4580 2957 4581 1
3799 2630 3800 1
2106 4211 4417 1
618 627 628 1
1456 1458 4250 1
2108 4143 4244 1
2865 2323 2867 1
2335 2598 4366 1
1177 1100 1178 1
1500 1499 1501 1
1005 1123 2164 1
2226 2512 2513 1
1518 1519 1521 1
793 795 4194 1
1524 1400 1980 1
3836 1608 3837 1
1061 1062 1063 1
633 623 4310 1
2160 2162 4258 1
550 564 565 1
1521 1522 1776 1
1158 1157 1159 1
4192 4191 4261 1
2933 2995 4230 1
808 811 812 1
1934 2198 4201 1
630 637 4422 1
2820 3788 3789 1
4211 4302 4368 1
803 805 4134 1
973 974 994 1
2588 2243 4292 1
1331 1328 1668 1
798 807 808 1
3687 3688 3689 1
3183 2535 4058 1
2976 2977 2978 1
2805 3001 3002 1
1969 2398 2747 1
2640 3196 4088 1
2507 3032 4223 1
3754 4668 4788 1
573 567 4216 1
4037 2788 4038 1
745 731 747 1
1452 1454 4246 1
1738 1039 4530 1
171 172 266 1
2199 3238 3469 1
1521 1519 1522 1
2070 2069 2071 1
1761 1762 1763 1
3531 3532 3533 1
4106 2575 4107 1
517 524 2072 1
3967 3062 4339 1
801 802 803 1
550 549 564 1
2118 1685 2119 1
2400 2119 2401 1
727 736 738 1
1200 1309 1371 1
699 688 700 1
579 578 580 1
1518 1517 1519 1
2194 1882 2323 1
5164 1616 5166 1
3757 1191 5087 1
2415 3105 4519 1
903 782 4557 1
2847 4260 4305 1
522 530 4229 1
2513 3167 4184 1
620 545 4268 1
1236 1388 1389 1
717 708 718 1
2060 2059 2507 1
477 1690 4289 1
2929 2930 2931 1
2931 2933 4230 1
790 1171 4148 1
55 56 315 1
1516 1515 1517 1
1672 640 4426 1
2671 2350 3076 1
577 576 578 1
867 919 936 1
2158 2160 2472 1
1680 1037 2067 1
4230 2995 4231 1
773 771 4356 1
1226 1233 2199 1
2437 2035 2678 1
2106 2226 4211 1
4239 1023 4240 1
597 598 599 1
1361 1285 1362 1
2041 2040 2365 1
1629 1627 1748 1
2576 2431 3090 1
750 2172 2988 1
4147 2333 4366 1
2086 633 4310 1
801 803 1616 1
673 656 675 1
3729 3730 5190 1
1863 1864 2013 1
2149 2077 2150 1
2295 2294 2296 1
4021 299 4534 1
2520 4138 4139 1
82 83 4209 1
1099 982 1100 1
2609 2604 3905 1
1522 1856 4263 1
2105 3173 4057 1
3172 2301 3174 1
3932 3931 3933 1
1063 1062 1064 1
1888 2295 4256 1
2535 2296 2536 1
468 466 4253 1
1568 1987 2111 1
860 864 1239 1
1389 1388 1499 1
1340 1400 1524 1
4439 3220 5479 1
3170 3169 3171 1
344 3614 4917 1
3282 3280 3817 1
915 916 917 1
1886 2282 2669 1
622 573 623 1
2227 2487 4374 1
780 776 3034 1
3629 2648 3630 1
3015 4204 4593 1
4719 3874 4730 1
1454 1456 1470 1
187 188 270 1
573 4216 4310 1
1856 2059 2060 1
3158 3059 3159 1
665 663 4199 1
1976 1748 3358 1
1223 1192 4394 1
3298 3101 4385 1
772 774 1596 1
2108 2344 2345 1
2516 1543 2517 1
2933 2994 2995 1
1315 1314 1338 1
3920 2931 4230 1
1717 1716 2107 1
4370 3381 4371 1
483 479 484 1
1751 1703 1752 1
571 570 576 1
2162 2503 2504 1
1229 1365 1366 1
3572 3571 5114 1
3930 3928 3931 1
1934 1936 2198 1
2470 2334 4033 1
3811 3809 3812 1
1625 1359 2346 1
2310 2081 3982 1
1023 979 3136 1
2639 2640 4088 1
3943 1121 4842 1
1059 1060 1061 1
833 830 834 1
729 733 734 1
616 614 4135 1
2060 2507 2508 1
657 656 673 1
2833 3735 4291 1
2766 2726 3043 1
2694 2513 4184 1
2281 1885 2283 1
785 537 786 1
2507 2509 3032 1
836 844 1997 1
778 903 3871 1
3201 2740 4238 1
4193 1289 4475 1
1530 1362 1531 1
4752 4821 5247 1
2472 2160 4258 1
2661 2660 2662 1
2145 2144 2445 1
2345 2960 2961 1
1858 1857 2254 1
1071 1078 1655 1
799 796 800 1
480 482 4307 1
1659 1660 4237 1
2689 2508 3011 1
661 652 694 1
832 833 4456 1
4097 2677 4098 1
981 943 982 1
534 541 547 1
2598 3666 4366 1
530 785 4229 1
2988 2989 3736 1
1776 1522 4263 1
939 979 1023 1
1458 1464 1667 1
611 610 612 1
1674 1676 4507 1
3024 2784 4177 1
2255 2254 2896 1
2705 1762 3868 1
2325 2530 2811 1
843 849 852 1
1685 1354 4379 1
2162 2504 2505 1
1938 1940 2182 1
1942 1944 2022 1
696 680 1807 1
557 947 4331 1
2974 2973 2975 1
530 537 785 1
4232 2995 4326 1
1529 2062 4085 1
2674 3184 3741 1
2847 2848 2849 1
2684 1833 4391 1
1239 1240 1241 1
1488 1873 1912 1
2068 2067 2069 1
1616 803 4134 1
2141 1749 2142 1
1347 1345 1373 1
2849 2928 2929 1
1580 1904 1910 1
1856 2058 2059 1
2891 2453 4243 1
2359 2749 2750 1
1014 1016 1191 1
913 914 915 1
3424 2018 4357 1
574 568 931 1
1081 1120 4413 1
1933 1934 4201 1
1802 2017 2340 1
2013 2014 2450 1
1753 1801 1802 1
837 835 838 1
2841 3445 3446 1
2686 620 4268 1
1347 1373 1410 1
2768 956 3899 1
595 596 597 1
2929 2928 2930 1
3761 1116 4637 1
2529 3160 3264 1
3216 2635 3217 1
2645 2352 2646 1
2106 2225 2226 1
3823 2392 3824 1
794 1689 4328 1
1660 1662 1664 1
1655 1656 1657 1
1792 1982 2743 1
733 719 4391 1
664 663 665 1
2778 4760 4812 1
2849 2887 2928 1
2954 2953 3595 1
2183 2184 2482 1
1297 1480 1488 1
2450 2451 3252 1
336 121 4546 1
2789 2412 2892 1
2173 2528 2529 1
704 705 714 1
3280 2506 3281 1
2505 3280 3282 1
3849 3259 4009 1
4331 1682 4332 1
2978 2979 4175 1
522 4229 4266 1
1534 1535 1933 1
2201 2047 4547 1
2513 2512 3167 1
1366 1367 1534 1
623 573 4310 1
1479 1809 2399 1
3078 2391 3079 1
2666 2315 2667 1
1313 1217 1314 1
881 883 2108 1
1495 1354 1685 1
2107 1716 2691 1
1425 1428 4458 1
2160 2161 2162 1
1657 1658 1659 1
1385 1383 4303 1
2009 1709 2010 1
3084 2678 3085 1
5217 3687 5683 1
672 655 1613 1
1714 1524 1951 1
338 4543 4544 1
1664 1662 4418 1
4216 1254 4682 1
564 2079 4275 1
2505 2504 2506 1
1813 1350 4503 1
123 124 264 1
1173 1097 1673 1
1061 1060 1062 1
2022 2175 2514 1
221 222 356 1
517 2072 4297 1
3764 3765 4312 1
2785 2786 2787 1
1473 1686 4364 1
2600 2471 4019 1
2681 3244 3790 1
2597 2466 3276 1
2929 2931 3920 1
547 549 550 1
1118 1116 3761 1
1686 1948 1949 1
585 583 586 1
482 487 685 1
1074 3766 3775 1
2505 2506 3280 1
2514 2515 2873 1
1997 2420 2458 1
2466 1567 4299 1
1943 1978 4281 1
1057 1058 1059 1
2740 3188 4238 1
2371 2846 2847 1
714 715 725 1
2783 2784 2785 1
2630 2625 3815 1
2006 2005 2007 1
1883 2649 4304 1
2787 3124 3125 1
3147 2297 3148 1
1651 1870 4591 1
2690 3137 3366 1
2525 3394 4646 1
1949 2330 2331 1
4415 675 4594 1
788 786 4200 1
2105 1896 2301 1
219 220 305 1
940 930 941 1
1580 1910 4023 1
615 616 618 1
1024 1184 1226 1
737 730 2673 1
972 1026 1027 1
2898 2254 4173 1
692 704 2872 1
5025 3957 5040 1
1204 1296 1297 1
960 971 972 1
198 199 314 1
3958 3997 5040 1
953 959 960 1
2873 3138 3271 1
1529 1960 1961 1
642 640 1672 1
466 722 4253 1
1868 1571 4300 1
1479 2399 4461 1
2976 2975 2977 1
851 850 855 1
937 620 975 1
2101 1909 2350 1
1198 1284 1640 1
664 4155 4692 1
1195 1269 1270 1
493 501 1861 1
3168 2511 3169 1
498 1698 4412 1
666 665 667 1
2676 2884 3772 1
2306 1567 2466 1
1407 1406 1803 1
4314 528 5528 1
2688 2689 2690 1
2080 1869 2081 1
951 952 953 1
4413 1120 4556 1
482 685 4307 1
572 567 573 1
1473 1526 1686 1
1380 1379 1611 1
1378 1377 1379 1
1522 1834 1856 1
593 594 595 1
1251 1318 4489 1
1700 2456 2457 1
966 922 991 1
1957 1611 1971 1
805 818 4134 1
1372 1528 1529 1
692 693 704 1
4307 685 4308 1
1265 1395 1397 1
3444 2588 4292 1
717 718 719 1
2736 2171 4414 1
566 563 567 1
1383 2376 4303 1
2779 2780 2781 1
2781 2782 2783 1
2683 2682 4164 1
2052 1971 2297 1
2849 2848 2887 1
3868 2093 4909 1
2261 1717 2318 1
2226 2225 2512 1
1219 1618 4337 1
3540 1088 4506 1
2543 3700 4451 1
2167 1990 2577 1
2556 2171 2736 1
635 629 956 1
2162 2161 2503 1
1004 1014 3757 1
790 788 1171 1
2086 4310 4311 1
1241 1242 1243 1
710 699 3983 1
3047 3582 4509 1
3431 3539 3541 1
4751 3901 4785 1
2217 2218 2219 1
2688 2508 2689 1
2847 2846 2848 1
2677 2178 4099 1
4361 490 4427 1
2979 2982 2983 1
2775 3529 4774 1
3576 2032 4646 1
2446 2445 3153 1
1754 1723 1755 1
1774 1775 1853 1
1798 1979 3995 1
1081 1080 1120 1
2623 2618 3879 1
1374 1335 1375 1
2320 3141 3142 1
1969 2747 4502 1
653 643 659 1
476 473 479 1
472 471 473 1
2341 2863 2864 1
550 1638 4309 1
799 800 801 1
2082 2081 2083 1
2300 2697 2698 1
1294 1293 1333 1
2141 2142 2143 1
1477 1299 1702 1
3950 5070 5106 1
470 468 471 1
2460 2461 2916 1
1021 1411 4452 1
569 575 961 1
657 763 4448 1
1560 1716 1717 1
1758 1760 4467 1
1962 3984 4259 1
183 296 4543 1
1891 1659 4237 1
1676 1675 1677 1
2469 2912 3328 1
591 592 593 1
1964 2363 3777 1
2589 2588 3348 1
4154 2978 4175 1
526 519 528 1
1243 1244 1245 1
2084 2083 2236 1
2596 2023 3926 1
1376 1375 1377 1
3191 3603 5140 1
1410 4280 4455 1
949 950 951 1
2237 2236 2830 1
1600 1319 1602 1
2203 2205 2452 1
2516 2517 2779 1
508 517 4297 1
3780 3342 5601 1
939 1023 4239 1
800 796 4328 1
1892 1891 3304 1
2507 2059 2509 1
852 865 871 1
1245 1246 1247 1
2060 2508 2688 1
622 623 631 1
2900 2478 3578 1
2690 2689 3137 1
2320 3140 3141 1
4194 2088 4195 1
136 137 359 1
3955 2684 4391 1
547 550 4309 1
1828 1561 1851 1
939 978 979 1
1055 1056 1057 1
2158 2159 2160 1
3077 2350 4336 1
3066 3068 4298 1
538 532 1897 1
2760 1951 2868 1
1077 1076 1080 1
4260 1810 4305 1
3072 4156 4157 1
1818 1798 3995 1
3045 3955 3956 1
2887 3504 3505 1
564 549 2079 1
2567 2585 2586 1
4596 4595 4597 1
550 565 1638 1
1050 1052 1053 1
3032 2509 3198 1
2475 2239 4372 1
1415 1417 1787 1
524 534 4224 1
2597 3276 3277 1
1109 1203 1204 1
4020 4034 4035 1
2945 2944 5148 1
1715 1015 4393 1
2019 2031 4190 1
547 541 549 1
4354 944 4355 1
902 939 4239 1
2820 2679 3788 1
474 477 4289 1
846 845 850 1
3649 3648 3650 1
589 590 591 1
829 1804 4236 1
2339 2243 2588 1
467 466 468 1
1560 1385 1716 1
2306 2466 2597 1
4231 4232 4233 1
2587 4406 4407 1
2185 1890 2269 1
1883 2174 2327 1
2754 3247 3248 1
2156 2157 2158 1
750 2988 4398 1
2099 2100 2460 1
1419 1421 1422 1
611 612 613 1
1059 1058 1060 1
1716 1385 4303 1
899 898 900 1
477 480 1690 1
2320 3142 4280 1
4211 4368 4417 1
532 526 4314 1
1865 1645 4205 1
2415 2414 3105 1
1897 532 4314 1
1232 1301 1372 1
1675 662 4465 1
1910 1911 2183 1
507 514 523 1
3542 3540 3543 1
1154 1155 1156 1
1789 1917 2409 1
587 588 589 1
1748 1627 4401 1
3970 2310 3982 1
2676 3772 4281 1
553 555 2696 1
3034 3990 4384 1
937 975 1567 1
58 59 278 1
1567 975 4299 1
3057 3058 3059 1
822 821 825 1
613 614 615 1
839 838 845 1
262 4602 4603 1
2143 2144 2145 1
2978 2977 2979 1
1368 2521 2573 1
4740 271 5030 1
1756 1755 1757 1
1921 2371 4305 1
1053 1054 1055 1
496 497 502 1
2833 3211 3735 1
1667 1464 3008 1
1489 1866 1883 1
1236 1237 1388 1
2669 3096 3097 1
494 490 4361 1
2794 2303 2795 1
4078 3210 5676 1
2695 3259 3849 1
2241 2239 2475 1
3075 3614 3615 1
157 158 358 1
2057 3699 4908 1
1704 1659 1891 1
947 1682 4331 1
626 644 1681 1
980 2109 2915 1
785 786 787 1
114 259 4360 1
615 618 4340 1
2667 2907 4889 1
4221 646 4448 1
571 577 1252 1
346 68 4570 1
1136 1137 1236 1
1892 3304 3414 1
1921 2370 2371 1
2414 1569 4564 1
3777 2363 3778 1
1422 1423 2090 1
1905 1906 3291 1
2983 2982 2984 1
1888 2293 2294 1
1732 1931 2123 1
688 672 4227 1
1027 1186 4330 1
557 559 947 1
1615 1887 1888 1
785 787 2089 1
798 797 807 1
994 995 1127 1
3297 3296 3471 1
3055 3056 3057 1
2154 2155 2156 1
2586 3378 3388 1
1631 1633 2347 1
1625 2346 4401 1
1277 1276 1293 1
1219 1320 1618 1
947 948 949 1
2302 1919 2303 1
2409 1917 2410 1
1291 1288 4483 1
1821 2099 4727 1
3346 2828 3347 1
1583 1584 1585 1
2557 4026 4027 1
3756 1004 3757 1
704 714 4274 1
1499 1388 2096 1
2577 1990 4466 1
2062 2687 4085 1
551 545 620 1
295 176 4525 1
2963 2961 3468 1
1331 1668 3597 1
1394 1393 1840 1
3874 2771 4731 1
2403 2405 3139 1
693 675 4415 1
1751 1752 1753 1
583 582 4276 1
544 540 1692 1
4690 3889 5574 1
1666 1663 4357 1
3143 3141 3339 1
628 627 645 1
1981 2319 2320 1
2567 2586 4385 1
2464 2905 2919 1
1357 1358 1695 1
3543 4413 4556 1
2691 1716 4303 1
3136 979 4235 1
3199 4397 4439 1
1522 1519 1834 1
3053 3054 3055 1
2870 2748 2871 1
3953 3952 3954 1
3063 3062 3064 1
1704 1891 1892 1
2108 883 2344 1
562 560 563 1
585 586 587 1
3651 3650 3652 1
1074 1073 1076 1
1384 1559 1905 1
744 734 4398 1
2811 3434 3453 1
2740 2814 3188 1
2371 2541 2846 1
2053 1881 2054 1
1240 2349 4891 1
2160 2159 2161 1
1593 1587 4627 1
3782 2898 4173 1
2681 3790 4276 1
786 1688 4200 1
1863 1390 1864 1
530 536 537 1
507 523 4295 1
1290 1291 1357 1
2045 2148 4547 1
820 819 823 1
2487 2843 3290 1
1399 1711 1810 1
2334 2331 2788 1
1122 1003 3756 1
1644 1645 1865 1
824 823 829 1
1411 1413 2416 1
1084 1086 1368 1
647 633 648 1
646 657 4448 1
4013 2775 4774 1
1410 1373 1749 1
465 464 466 1
463 462 464 1
502 503 508 1
1340 1524 1714 1
618 628 658 1
2447 3086 4017 1
1858 2254 2255 1
912 760 913 1
2536 2571 2740 1
2027 2028 2165 1
163 164 274 1
613 612 614 1
637 638 639 1
1585 1586 1588 1
461 460 462 1
2152 2153 2154 1
2255 2896 2897 1
2436 2283 2857 1
581 582 583 1
2663 2662 2664 1
2345 2344 2960 1
782 928 4557 1
758 742 4555 1
646 645 656 1
2569 2570 3053 1
1743 1742 1745 1
2967 2965 2986 1
4104 3071 4754 1
668 667 669 1
1978 2676 4281 1
1517 1515 1799 1
1640 1641 1642 1
2210 2208 4419 1
231 232 267 1
1814 2122 4228 1
1642 1643 1644 1
2995 2994 4326 1
1665 1857 1858 1
1856 1834 2058 1
1804 2542 3157 1
1038 1041 4498 1
454 474 4429 1
1946 1567 2306 1
1236 1137 1237 1
582 2681 4276 1
53 54 364 1
1033 1031 1172 1
1088 1085 4506 1
1560 1717 2261 1
1686 1526 1948 1
1708 1369 1709 1
2132 4096 4367 1
2512 2225 2826 1
4007 2796 4008 1
2025 2026 2027 1
770 772 3990 1
2862 2861 3296 1
763 764 765 1
3573 3563 3574 1
1303 1228 1304 1
3653 3652 3654 1
1083 1081 4413 1
1072 1070 1073 1
522 529 530 1
2150 2151 2152 1
724 1962 4555 1
2706 800 4328 1
1043 1225 4362 1
3507 2750 4251 1
1197 1182 4215 1
618 616 627 1
551 620 937 1
1559 1385 1560 1
809 806 810 1
908 927 1603 1
2359 2116 2749 1
2124 2126 3088 1
2114 2103 2668 1
1136 977 1137 1
383 384 385 1
25 26 275 1
1949 1948 2330 1
985 3677 3678 1
798 2088 4194 1
2400 2401 3164 1
1180 1183 1227 1
2342 2992 2993 1
816 815 819 1
1187 1234 1398 1
787 788 789 1
1047 1048 1049 1
1741 1740 1742 1
1530 1531 4518 1
2846 2541 3083 1
2732 2733 2735 1
2261 2318 2828 1
1821 1823 2099 1
1509 1507 1598 1
994 974 995 1
2708 2307 2861 1
2333 2335 4366 1
2118 2119 2400 1
1191 1016 4444 1
759 744 760 1
2371 2370 2541 1
2007 2024 2025 1
1905 1559 1906 1
979 1024 4235 1
1190 1253 3037 1
3689 3691 3692 1
2503 2813 3383 1
1531 1614 1615 1
2901 2902 3241 1
579 580 581 1
511 504 876 1
2493 3563 3573 1
4589 3048 4590 1
738 751 752 1
2158 2157 2159 1
1505 1503 2234 1
131 132 271 1
2988 3737 4398 1
3901 2866 4818 1
899 900 977 1
459 458 460 1
1657 1659 1704 1
654 663 664 1
1383 1381 2376 1
2065 2063 2386 1
812 811 815 1
2670 844 4219 1
1160 1159 1161 1
2260 2259 2484 1
3142 3141 3143 1
568 564 4275 1
1603 3405 3406 1
2004 1930 2005 1
2292 2360 2569 1
1513 1511 1879 1
508 509 517 1
1173 1673 1727 1
4151 2522 4487 1
2433 2121 3119 1
4182 4181 4612 1
1495 1685 2118 1
3536 2683 4164 1
3408 3459 3460 1
2541 2370 3518 1
2182 1940 4440 1
2440 2441 2442 1
2030 2018 3424 1
1068 1066 4264 1
1045 1046 1047 1
899 977 1136 1
808 807 811 1
1942 2022 4440 1
2111 1987 2259 1
2095 2094 2453 1
3641 3640 3642 1
815 811 1170 1
1548 1337 1827 1
1804 831 2542 1
1057 1056 1058 1
1626 1628 4306 1
1761 1763 4327 1
2887 2848 3504 1
783 758 784 1
1156 1157 1158 1
3434 2530 5320 1
1924 1563 2387 1
1384 1383 1385 1
1812 2011 2732 1
2124 3088 4565 1
1927 1827 2094 1
2132 2133 2134 1
2554 2555 2901 1
1810 1711 4305 1
2836 3194 3195 1
858 856 4133 1
2509 2059 4397 1
1760 1789 4467 1
1193 1143 1340 1
4046 2449 4050 1
897 898 899 1
517 518 524 1
3429 3077 4813 1
1921 1922 2370 1
1645 1647 4205 1
1698 494 4361 1
664 665 666 1
2862 3296 3297 1
524 525 534 1
1347 1410 4455 1
289 371 372 1
534 535 541 1
3196 3197 3455 1
2867 3192 3193 1
385 386 387 1
1375 1335 4486 1
1596 774 3871 1
425 3878 4732 1
1384 1385 1559 1
4194 4195 4341 1
1941 1939 4365 1
1252 577 4368 1
2834 2332 2835 1
584 617 2106 1
743 734 744 1
795 797 798 1
577 578 579 1
1914 2252 2312 1
343 174 4553 1
1572 1869 2080 1
3043 2726 4536 1
2750 3525 4251 1
836 1997 4456 1
496 489 497 1
566 567 572 1
2013 1864 2014 1
572 573 622 1
497 489 1783 1
2128 2131 2132 1
571 576 577 1
813 810 814 1
3396 2539 3523 1
2979 2981 2982 1
3645 3642 3646 1
2266 2267 2292 1
3027 4670 4712 1
2199 1233 3238 1
2836 2837 3194 1
5161 3349 5675 1
4355 3301 5555 1
3519 1748 4401 1
2169 2494 2534 1
2960 3538 4278 1
502 508 748 1
674 673 3993 1
504 498 4412 1
615 614 616 1
387 388 389 1
2750 2749 3525 1
937 1567 1946 1
2290 1933 4201 1
2708 2861 2862 1
1579 1580 4023 1
4362 1225 4822 1
3159 3059 4354 1
2264 2265 2266 1
1711 1921 4305 1
1561 1486 4496 1
2442 2935 2936 1
789 790 791 1
1487 1348 1722 1
2575 2228 4140 1
2830 3263 3299 1
2993 2992 3770 1
4397 2716 4439 1
2339 2588 2589 1
2765 404 4614 1
2834 2835 2836 1
1946 2306 2307 1
3195 3194 3249 1
562 563 566 1
1382 1383 1384 1
1964 1963 2363 1
2134 2135 2178 1
2984 2982 3367 1
2836 2835 2837 1
1714 1951 2760 1
1237 1137 1381 1
584 2106 4417 1
246 247 4400 1
448 445 1141 1
2106 617 2225 1
3059 3242 4354 1
3170 3171 3203 1
2787 3125 3150 1
2330 2833 4291 1
817 814 821 1
1237 1381 1382 1
1563 1291 4483 1
996 871 997 1
1946 2307 2703 1
1727 1728 1729 1
2747 2398 2748 1
2300 1945 2697 1
936 919 2351 1
2145 2445 2446 1
1559 1560 4352 1
1739 1738 1740 1
1043 1044 1045 1
2457 2583 2584 1
3252 2451 3254 1
3003 3004 3005 1
2450 2014 2451 1
4120 4119 4121 1
2156 2155 2157 1
658 628 4221 1
670 669 677 1
1560 2261 4352 1
381 382 383 1
2556 2736 3212 1
2446 3153 3155 1
2178 2179 2180 1
1382 1381 1383 1
4056 570 4442 1
803 802 804 1
666 667 668 1
2261 2829 4352 1
1139 1288 1290 1
498 494 1698 1
1106 1108 4583 1
2963 3468 4346 1
3059 3058 3242 1
1836 1769 1837 1
3582 3049 3583 1
2490 2453 2891 1
1775 1593 4627 1
1671 1540 2279 1
313 4407 4879 1
1398 1234 1399 1
393 394 395 1
546 552 553 1
4239 4240 4569 1
2186 2431 2576 1
902 4239 4344 1
1352 1570 2875 1
987 1105 1109 1
195 196 276 1
2973 2971 2985 1
2121 1813 4503 1
391 392 393 1
2703 2307 2708 1
3775 3766 4733 1
2089 787 4402 1
2764 3030 3356 1
389 390 391 1
979 978 1024 1
3194 2837 3301 1
805 804 806 1
1628 1631 4306 1
678 677 686 1
635 956 2768 1
35 36 316 1
2261 2828 2829 1
1707 895 1723 1
1731 1728 4409 1
1425 1427 1428 1
1631 2347 4306 1
726 3384 4274 1
4452 2416 4453 1
2568 2567 4385 1
323 8 3635 1
2829 2828 3346 1
3082 1025 4479 1
1711 1712 1921 1
1183 1198 4279 1
1897 4314 5546 1
1192 1251 4394 1
2080 2081 2082 1
2262 2263 2264 1
1566 1565 1963 1
714 726 4274 1
2180 2181 2188 1
1185 1025 3082 1
1704 1892 2713 1
740 379 4520 1
877 1683 1896 1
2598 2601 3666 1
2410 2411 2412 1
3168 3169 3170 1
1921 1712 1922 1
752 761 762 1
4519 3105 5066 1
5118 4431 5138 1
2678 2035 4518 1
953 952 959 1
907 905 4433 1
960 959 971 1
904 1966 2251 1
1340 1714 4459 1
3450 2763 3822 1
2503 2161 2813 1
1371 4457 4556 1
1812 2732 4512 1
1961 1960 2407 1
786 537 1688 1
4395 3014 4586 1
972 971 1026 1
3849 4009 4011 1
1529 1528 1960 1
553 554 555 1
977 900 4344 1
1027 1026 1186 1
801 800 802 1
2331 2330 4291 1
1226 1184 1233 1
2833 2834 3211 1
951 950 952 1
1647 1862 4205 1
3083 2541 4353 1
1055 1054 1056 1
1066 1064 1075 1
2082 2083 2084 1
2320 2319 3140 1
2541 3518 4353 1
1481 1599 1889 1
3684 3683 3685 1
457 455 458 1
900 902 4344 1
888 896 897 1
2714 2458 2917 1
2826 2225 4473 1
2008 1828 4454 1
4117 4114 4118 1
734 750 4398 1
558 556 560 1
1906 1559 4352 1
514 521 522 1
789 1255 4402 1
2084 2236 2237 1
1592 1773 4809 1
762 892 924 1
1041 1042 1043 1
1352 2875 4551 1
789 791 1255 1
924 926 976 1
1371 1309 1393 1
339 4654 4655 1
3518 2370 4378 1
3174 3175 3176 1
3065 3064 3066 1
527 533 1691 1
1929 1850 1930 1
1928 2501 3091 1
714 725 726 1
1922 1712 2113 1
900 898 901 1
2248 2249 2262 1
1125 1006 3913 1
2721 2468 3796 1
2838 2430 3237 1
976 1009 1011 1
897 896 898 1
1956 1933 2290 1
941 943 981 1
1137 977 4405 1
2703 2708 3031 1
3005 3599 3600 1
728 719 729 1
2223 2222 2304 1
2342 2993 4378 1
2491 3314 3316 1
2330 2332 2833 1
1557 1558 1579 1
1465 1472 1473 1
2188 2189 2190 1
956 629 4535 1
483 484 490 1
4348 2386 4349 1
2256 1999 4204 1
1928 3091 4345 1
1805 1806 1882 1
542 570 571 1
4783 3463 4811 1
1961 2407 4351 1
3057 3056 3058 1
2536 2296 2571 1
1372 1301 1528 1
3967 4339 4863 1
4029 2903 4971 1
1627 1625 4401 1
1973 1543 2516 1
3055 3054 3056 1
3941 3939 3942 1
5393 3742 5483 1
3554 3555 3556 1
1185 3082 3123 1
1538 1536 2268 1
2031 2856 4190 1
887 888 4350 1
2961 2960 4278 1
829 831 1804 1
630 636 637 1
1689 792 4148 1
2092 2553 2554 1
3212 4267 5568 1
2875 5151 5163 1
2246 2247 2248 1
1862 1649 4591 1
637 2102 4422 1
2399 4845 4984 1
1428 1429 1430 1
3383 2813 3452 1
1888 1887 2293 1
1548 1827 1927 1
2228 2229 2230 1
1834 1519 4404 1
2294 2293 2886 1
1719 713 4495 1
1875 1874 3834 1
1650 1652 4630 1
1519 1517 4404 1
2740 2571 2814 1
1526 1493 1844 1
791 792 793 1
2699 2201 4547 1
1554 1556 1557 1
177 341 4525 1
516 520 689 1
1922 2113 2342 1
3142 3143 3144 1
2012 1569 2414 1
551 937 4369 1
1473 1493 1526 1
884 886 887 1
2230 2231 2246 1
2487 3290 4374 1
931 568 4275 1
2154 2153 2155 1
1517 1799 4404 1
2704 2502 3178 1
1903 1558 4441 1
2190 2191 2192 1
200 201 362 1
947 559 948 1
2370 1922 4378 1
1098 1174 1175 1
181 338 4602 1
1175 1176 1187 1
2192 2193 2228 1
937 1946 4369 1
1853 1854 1985 1
4365 2321 4537 1
1187 1188 1234 1
1946 2703 4369 1
765 766 767 1
3144 3143 3145 1
1927 2094 2095 1
2010 2378 2379 1
648 633 2086 1
1833 733 4391 1
1999 2325 4204 1
2072 4224 4225 1
2707 1675 4465 1
2979 2977 2981 1
581 583 584 1
2342 2590 2992 1
2278 1901 2502 1
2380 2393 2761 1
650 671 1684 1
2030 3424 4343 1
1456 1457 1458 1
2833 2332 2834 1
2251 2337 2806 1
1849 1818 1850 1
1430 1431 1432 1
1889 1999 2256 1
1275 1274 1276 1
1273 1211 1274 1
2742 3953 4435 1
1458 1459 1464 1
949 948 950 1
1053 1052 1054 1
5438 3240 5557 1
3537 4779 4809 1
2059 2058 4397 1
3990 1596 4384 1
553 552 554 1
2342 2113 2590 1
1505 2234 4347 1
2095 2453 2490 1
3551 3546 5125 1
2058 2715 2716 1
543 561 2737 1
1131 1219 4337 1
1997 2714 4456 1
2960 2980 3538 1
1886 2669 4507 1
1133 1132 1229 1
2075 2073 3006 1
3148 3302 3303 1
3670 5315 5407 1
397 398 399 1
802 800 2706 1
2698 2697 3508 1
830 829 4236 1
1029 1027 4330 1
395 396 397 1
2482 2184 4656 1
1432 1433 1434 1
546 551 552 1
4020 2470 4033 1
2022 2709 4440 1
2563 2561 2594 1
3268 3381 4370 1
2603 2605 3516 1
3053 2570 3054 1
881 882 883 1
2330 1948 2332 1
902 938 939 1
467 468 470 1
499 505 962 1
653 659 4465 1
539 545 546 1
3237 2430 4323 1
1830 4001 4504 1
1777 1577 1778 1
1346 1345 1347 1
727 738 4550 1
2781 2783 3293 1
4776 3124 4944 1
555 556 557 1
2376 1381 4405 1
546 545 551 1
887 886 888 1
2607 2610 2927 1
900 901 902 1
917 930 940 1
613 615 1654 1
1434 1435 1436 1
412 414 619 1
3045 2684 3955 1
1509 1598 4358 1
285 3595 5137 1
2283 1885 4529 1
2065 2386 4348 1
539 538 545 1
470 471 472 1
662 653 4465 1
3358 1748 3519 1
549 541 4245 1
2165 2028 4540 1
3821 2858 4850 1
1948 1526 4403 1
2567 2565 2585 1
1758 1757 1759 1
1707 1723 1754 1
1346 1347 1348 1
2187 2878 2879 1
793 794 795 1
2058 1834 2715 1
1618 1320 4434 1
472 473 476 1
1410 1749 1981 1
3176 3368 3369 1
1926 1745 4196 1
476 479 483 1
641 651 1725 1
3199 2509 4397 1
399 400 401 1
888 897 4350 1
2072 524 4224 1
775 773 1386 1
1615 1614 1887 1
1187 1176 1188 1
763 2097 4448 1
2704 3178 3179 1
1277 1293 1294 1
2732 2735 4392 1
3221 2717 3222 1
1436 1437 1438 1
3433 2277 5332 1
562 566 2722 1
3579 3578 4270 1
1446 1447 1448 1
555 554 556 1
721 732 749 1
1399 1710 1711 1
1754 1755 1756 1
1162 1161 1163 1
1438 1439 1440 1
581 584 4417 1
584 583 585 1
876 504 4412 1
880 1700 4425 1
1477 1702 1703 1
557 558 559 1
2791 2589 2877 1
2795 2797 3020 1
883 882 884 1
795 796 797 1
3754 1221 4668 1
3198 2509 3199 1
1478 1292 1523 1
533 538 539 1
2708 2862 4381 1
2123 2362 2752 1
2325 2811 4204 1
1399 1234 1710 1
3223 3222 3224 1
2569 2360 2570 1
2280 2279 2545 1
1038 1040 1041 1
2152 2151 2153 1
507 513 514 1
4303 2376 4622 1
898 896 4399 1
1547 1901 1928 1
1605 3397 5651 1
1927 2095 2729 1
558 560 562 1
3458 2054 5233 1
1428 4074 4458 1
2413 3074 3075 1
3116 2519 4226 1
1515 1513 4359 1
3225 3224 3226 1
175 295 4553 1
1440 1441 1442 1
1940 1942 4440 1
4486 3641 4728 1
3103 3101 3298 1
833 836 4456 1
223 224 273 1
1922 2342 4378 1
496 502 4423 1
1031 1029 4329 1
754 880 881 1
2490 3042 3435 1
2367 4186 4705 1
1448 1449 1450 1
459 460 461 1
1513 1879 4359 1
2489 2699 3287 1
1619 2036 4451 1
474 4289 4429 1
1101 1112 1222 1
2302 2303 2794 1
461 462 463 1
742 724 4555 1
1711 1710 1712 1
1507 1505 4347 1
2716 2717 3220 1
2988 3736 3737 1
2240 2242 2790 1
2778 4003 4855 1
1617 674 3993 1
552 551 4369 1
2177 1895 3827 1
463 464 465 1
1858 2255 3163 1
2835 2332 4403 1
3227 3226 3228 1
465 466 467 1
1003 1004 3756 1
1198 1640 4279 1
1127 1128 1206 1
4004 2665 4923 1
2965 2963 4346 1
2237 2830 4372 1
3489 3497 4787 1
618 658 4340 1
1323 1322 1324 1
1260 1209 1261 1
587 589 1713 1
1817 1798 1818 1
668 669 670 1
1547 1548 1901 1
2278 2502 2704 1
855 859 1092 1
1442 1443 1444 1
217 218 363 1
2338 2243 2339 1
3800 3815 3816 1
1600 1602 1880 1
1526 1844 4403 1
2992 2590 3547 1
1444 1445 1446 1
1760 1759 1761 1
1450 1451 1452 1
491 495 1718 1
1049 1048 1050 1
1454 1455 1456 1
2332 1948 4403 1
1924 2387 2803 1
1511 1509 4358 1
3789 3965 5024 1
1175 1174 1176 1
4268 1897 4758 1
3084 3085 5367 1
977 4344 4405 1
1349 4104 4521 1
2732 2011 2733 1
933 932 980 1
383 385 4313 1
501 506 507 1
2490 2891 3042 1
1381 1137 4405 1
1452 1453 1454 1
2219 2220 2221 1
3037 1253 3038 1
2209 2211 2385 1
2150 2077 2151 1
1085 1083 4506 1
2546 2545 2850 1
1464 1459 1465 1
533 532 538 1
2139 2138 2140 1
3008 1464 4364 1
3311 639 3312 1
1581 2718 4557 1
1473 1472 1493 1
3185 2501 3186 1
557 556 558 1
1422 1421 1423 1
381 383 1669 1
3077 4336 4768 1
1321 1247 1322 1
3031 2708 4381 1
1458 1457 1459 1
2288 2816 4656 1
3027 4607 4670 1
2101 2350 2671 1
2788 2331 4291 1
1108 1107 1132 1
3674 2670 4219 1
2313 2008 2459 1
1720 1039 1738 1
713 721 4495 1
2614 2617 2904 1
1547 1337 1548 1
996 997 998 1
2344 883 4446 1
4035 4034 4036 1
542 535 570 1
1542 1300 1543 1
2173 2529 4540 1
2440 2071 2441 1
2024 2481 4471 1
1799 1515 4359 1
2960 2344 2980 1
411 409 872 1
4020 4033 4034 1
1353 1332 1354 1
2292 2267 2360 1
2715 1834 4404 1
544 1692 4535 1
670 677 678 1
3519 2989 4945 1
882 880 4425 1
302 228 4649 1
1123 1195 4301 1
1325 1324 1326 1
938 901 3033 1
772 1596 3990 1
1928 1901 2278 1
2159 2157 2804 1
338 182 4543 1
3420 2524 3421 1
5011 3109 5103 1
2022 2514 2709 1
707 716 877 1
2524 2415 4519 1
1206 1207 1256 1
441 439 446 1
621 3817 5650 1
2103 2065 4348 1
2574 2573 3520 1
1847 1907 2195 1
1035 1036 1037 1
2918 2895 3294 1
1363 1356 1364 1
1336 1547 4345 1
2339 2589 2791 1
2242 2241 2243 1
68 69 4570 1
3221 3223 3232 1
2716 2715 2717 1
2867 2323 3192 1
341 178 4587 1
563 560 4611 1
1134 1210 2772 1
3468 2961 4278 1
527 532 533 1
3132 2499 3317 1
1227 1183 4279 1
2266 2265 2267 1
1411 2416 4452 1
3093 2552 3121 1
1465 1473 4364 1
1677 2707 3922 1
527 526 532 1
3538 2980 3813 1
1722 1348 4455 1
520 526 527 1
678 686 687 1
948 559 1693 1
1962 3983 3984 1
3209 2800 3387 1
3012 2915 3427 1
2621 2624 2874 1
2196 2168 2805 1
3091 2501 3185 1
4195 3010 5300 1
2063 1961 4351 1
920 868 932 1
4923 2665 4979 1
1973 2516 2518 1
552 4369 4449 1
520 519 526 1
687 686 701 1
2761 2762 3352 1
1945 1941 4365 1
3908 2600 4019 1
1142 1118 1143 1
670 678 735 1
2239 2237 4372 1
2791 2877 3432 1
877 716 1683 1
1178 1180 4338 1
1127 995 1128 1
3338 2827 3430 1
1327 1326 1328 1
69 309 4570 1
2058 2716 4397 1
2579 2938 3239 1
1851 1561 4496 1
998 997 999 1
939 938 978 1
4369 2703 4449 1
1902 1496 2171 1
1864 1390 4491 1
2197 2800 2801 1
1329 1328 1331 1
1531 1362 1614 1
584 585 617 1
3165 3164 3391 1
1190 3037 4443 1
1598 1507 4347 1
1548 1927 4380 1
1331 3597 4379 1
2269 4317 4323 1
1729 1730 1842 1
1164 1163 1168 1
1355 1354 1495 1
2745 2744 2921 1
1928 2278 2501 1
2586 2585 3378 1
3265 3264 3266 1
3477 3478 4661 1
2052 2297 3147 1
1662 1665 4418 1
2801 3209 3410 1
829 823 831 1
4470 728 4536 1
3009 3010 3436 1
880 879 1700 1
2240 2239 2241 1
32 33 280 1
1047 1046 1048 1
3705 1617 4921 1
579 581 4417 1
2264 2263 2265 1
2725 2724 2726 1
2703 3031 4449 1
1870 2700 4591 1
291 4282 4676 1
1083 4413 4506 1
1523 3062 3063 1
2644 2647 4509 1
1303 1304 4491 1
1066 1075 4264 1
1981 2141 2319 1
1981 1749 2141 1
1465 1459 1471 1
2922 2921 3233 1
702 713 1719 1
1456 1455 1457 1
1789 2409 4467 1
516 519 520 1
3078 3079 4387 1
2238 2237 2239 1
3003 2936 3004 1
1879 1511 4358 1
2986 2965 4346 1
1271 1212 1292 1
1006 983 1007 1
825 827 840 1
525 518 2087 1
2051 2725 2728 1
881 880 882 1
1797 1796 1798 1
541 542 4245 1
3220 2717 3221 1
3886 2609 3905 1
3058 3056 3120 1
767 768 769 1
954 784 955 1
2327 2174 2549 1
641 1725 4436 1
2743 1982 2744 1
4095 2678 4518 1
884 887 4446 1
1901 1548 4380 1
1527 1913 1914 1
3174 2301 3175 1
2197 2171 2556 1
1997 2458 2714 1
1049 1050 4386 1
2539 2030 4343 1
457 458 459 1
2808 725 4550 1
1493 1472 1494 1
1285 1197 4215 1
709 723 1839 1
901 898 4399 1
3730 3728 3731 1
1957 1971 2052 1
729 734 743 1
3221 3222 3223 1
2249 5221 5406 1
2132 2131 2133 1
4284 3317 5251 1
2628 2631 2869 1
3634 1573 4677 1
2164 1123 4301 1
1287 1138 1289 1
2372 2167 2373 1
4368 579 4417 1
888 895 896 1
3009 2734 3010 1
1099 1100 1177 1
981 982 1099 1
884 882 885 1
2782 2780 4712 1
1011 1012 1129 1
1380 1611 1957 1
1700 2457 2710 1
493 500 501 1
1676 1886 4507 1
1465 1471 1472 1
4107 2575 4140 1
1106 988 1107 1
435 433 875 1
422 421 423 1
1464 1465 4364 1
420 419 421 1
3481 3483 4662 1
3223 3224 3225 1
716 708 717 1
1534 1933 1956 1
2242 2243 2338 1
2980 2344 4446 1
577 579 4368 1
595 597 1701 1
1335 1872 4486 1
684 697 698 1
641 640 642 1
591 593 621 1
2733 2011 2734 1
2727 2726 2766 1
1542 1543 1973 1
2733 2734 3009 1
3887 3275 4978 1
527 1691 4416 1
516 515 519 1
660 679 681 1
2510 2130 2511 1
1344 1345 1346 1
3882 2616 3883 1
509 503 944 1
2669 3612 4507 1
2830 3299 4372 1
1172 1031 4329 1
1186 1199 1232 1
2579 3240 4527 1
3225 3226 3227 1
424 423 425 1
2794 2795 4424 1
1874 1878 2258 1
4098 2677 4099 1
423 421 878 1
888 886 895 1
487 492 493 1
2051 1683 2724 1
2262 2249 2263 1
1883 1866 2174 1
1092 1093 1094 1
689 520 4416 1
182 183 4543 1
1547 1928 4345 1
1045 1044 1046 1
484 488 4427 1
3227 3228 3229 1
886 885 4437 1
959 952 970 1
2502 1901 4380 1
2134 2133 2135 1
3040 3683 3684 1
660 652 661 1
2731 758 4555 1
3121 2552 4839 1
1542 1973 2819 1
679 661 680 1
2084 2237 2238 1
502 497 503 1
651 642 652 1
1378 1379 1380 1
1346 1348 1349 1
488 496 1697 1
963 910 1670 1
2809 2766 2810 1
1188 1176 1189 1
1232 1300 1301 1
883 884 4446 1
2269 4316 4317 1
406 408 1010 1
2080 2082 3014 1
1985 1986 2272 1
884 885 886 1
1206 1128 1207 1
1893 2000 2001 1
1017 1015 1715 1
1754 1756 2384 1
490 484 4427 1
2178 2135 2179 1
630 629 635 1
787 789 4402 1
1723 895 4437 1
554 552 4449 1
429 427 449 1
1545 1546 1805 1
1988 1989 2391 1
769 770 776 1
2012 2414 2415 1
1390 1303 4491 1
1188 1189 1190 1
3054 2570 3095 1
2240 2241 2242 1
1355 1496 1812 1
3033 901 4399 1
748 508 4297 1
666 668 1736 1
2668 2103 4348 1
572 622 624 1
1916 1784 2168 1
2248 2247 2249 1
2551 2091 2552 1
417 415 451 1
1171 788 4200 1
2714 2917 3111 1
1755 1723 4744 1
1932 1808 2002 1
3072 2312 4156 1
1654 615 4340 1
491 490 494 1
1795 1794 1796 1
2841 2547 3445 1
717 719 728 1
1275 1276 1277 1
418 417 419 1
500 492 690 1
513 506 1721 1
1060 1058 1079 1
2180 2179 2181 1
2155 2153 2778 1
561 544 629 1
2543 3428 3700 1
512 511 515 1
732 745 746 1
1955 5061 5112 1
1564 1925 1988 1
512 515 516 1
746 753 754 1
3646 3648 3649 1
505 504 511 1
834 830 4236 1
2442 2441 2935 1
2293 1887 2348 1
1003 955 1004 1
471 1636 4713 1
902 901 938 1
391 393 873 1
2079 549 4245 1
806 804 965 1
3222 2717 4542 1
505 511 512 1
2386 2063 4351 1
3234 2283 4529 1
543 540 544 1
2857 3234 3337 1
732 731 745 1
2716 3220 4439 1
695 680 696 1
2956 3219 3390 1
4150 1726 5278 1
2601 2603 4410 1
1094 1095 1114 1
4271 991 5647 1
1318 1572 4489 1
2051 2728 4428 1
1389 2367 4705 1
635 2768 4426 1
707 696 708 1
721 720 731 1
746 745 753 1
1344 1346 4521 1
3254 2451 3456 1
2258 2311 2769 1
1120 1121 1200 1
2727 2809 2956 1
1070 1068 4526 1
639 638 4436 1
2225 617 4473 1
637 636 638 1
1124 1215 1216 1
1193 1340 4459 1
721 731 732 1
3953 3954 4396 1
2238 2239 2240 1
2720 2578 3517 1
1812 1902 2011 1
1114 1115 1217 1
495 494 498 1
61 62 4724 1
174 175 4553 1
2421 2373 3236 1
426 425 427 1
2014 1864 2730 1
607 609 649 1
638 636 640 1
603 605 1694 1
998 1000 1525 1
2246 2231 2247 1
2188 2181 2189 1
2148 4092 4708 1
2697 1945 4365 1
1814 2120 2122 1
1448 1447 1449 1
2723 1738 4530 1
4674 3847 4904 1
1927 2729 4380 1
3126 2511 3168 1
543 2737 4464 1
2069 2067 3007 1
1336 1337 1547 1
530 529 536 1
1495 2118 4414 1
2020 2233 2579 1
1281 1335 1374 1
228 229 4649 1
1098 1173 1174 1
1454 1453 1455 1
828 843 2685 1
2004 2005 2006 1
1779 1778 1780 1
1376 1377 1378 1
1351 1813 1814 1
2230 2229 2231 1
738 1771 4550 1
3877 2623 3879 1
1140 4082 4857 1
2197 2556 2800 1
2400 3164 3165 1
1896 1683 2051 1
1190 1212 1253 1
3737 4040 4538 1
2073 1049 4386 1
1229 1366 2364 1
3248 3247 5682 1
482 486 487 1
499 498 504 1
1186 1026 1199 1
2315 1765 4630 1
2127 2125 2129 1
1241 1243 1918 1
2228 2193 2229 1
1000 999 1001 1
1900 1895 2177 1
973 894 974 1
587 1713 4450 1
1234 1188 4443 1
1176 1174 4514 1
2801 2800 3209 1
3500 3491 3501 1
499 504 505 1
4034 4033 4037 1
1450 1449 1451 1
2166 2372 2825 1
2387 1563 4483 1
385 387 548 1
862 858 4133 1
1452 1451 1453 1
1368 2573 2574 1
967 1020 1035 1
2190 2189 2191 1
1902 2171 2197 1
998 999 1000 1
2035 1530 4518 1
3800 2630 3815 1
1426 1424 1705 1
2145 2446 2479 1
1809 1932 1965 1
1353 1354 1355 1
1117 1116 1118 1
1195 1270 4301 1
1960 1528 1998 1
1348 1347 4455 1
1700 2710 4425 1
1446 1445 1447 1
1290 1288 1291 1
481 478 1392 1
1428 1427 1429 1
3666 2601 4410 1
4578 2390 4718 1
1349 1348 1487 1
3005 3004 3599 1
1068 4264 4526 1
1714 3025 4459 1
226 227 4702 1
560 556 4531 1
2192 2191 2193 1
4319 4322 4640 1
2352 2351 4066 1
1043 1042 1044 1
1050 1051 1052 1
520 527 4416 1
1024 1025 1184 1
4314 5528 5546 1
2047 2045 4547 1
716 717 4470 1
480 481 482 1
2755 2686 4758 1
1479 1808 1809 1
3215 2882 3292 1
4329 1029 4330 1
418 420 1947 1
1329 1331 1332 1
1355 1495 1496 1
2940 3417 3457 1
522 521 529 1
3119 2121 4503 1
1002 1001 1097 1
1588 1586 4779 1
1665 1858 4418 1
1245 1247 1321 1
2412 2411 2413 1
2654 2652 3089 1
1430 1429 1431 1
754 753 879 1
754 879 880 1
1323 1324 1325 1
599 601 634 1
66 67 4667 1
617 4450 4473 1
3075 3074 3614 1
393 392 394 1
1329 1332 1352 1
2278 2704 4438 1
1708 1709 2009 1
1344 1343 1345 1
2265 2263 2486 1
2605 2607 4411 1
3604 372 3605 1
2510 3126 3127 1
559 558 4432 1
566 572 4420 1
3180 3066 4298 1
980 2915 3012 1
294 4114 4117 1
470 472 1772 1
3077 4768 4813 1
702 701 712 1
537 536 4464 1
2641 2389 2642 1
2864 2863 4463 1
2410 1917 2411 1
1564 1988 4482 1
495 498 499 1
2484 2852 3177 1
1000 1001 1002 1
776 770 3990 1
1180 1227 4338 1
1756 1757 1758 1
1128 995 1235 1
1432 1431 1433 1
2166 1990 2167 1
2700 2274 2701 1
1272 1350 1351 1
2724 4470 4536 1
428 427 429 1
337 4119 4120 1
1434 1433 1435 1
491 494 495 1
536 529 540 1
713 720 721 1
562 2722 4432 1
1693 559 4432 1
3267 3266 3268 1
430 429 431 1
440 442 739 1
1108 1134 4583 1
1706 1705 1919 1
1139 1138 1287 1
996 998 4484 1
1436 1435 1437 1
3352 2762 4382 1
395 397 1687 1
1073 1070 4526 1
759 760 912 1
2730 1864 4491 1
1455 1453 1462 1
3462 2794 4424 1
1812 1496 1902 1
1259 1370 1545 1
2836 3195 4604 1
3641 3645 4728 1
1440 1439 1441 1
2798 2794 3462 1
840 841 847 1
1438 1437 1439 1
848 841 1264 1
2432 2840 3162 1
1169 1168 1213 1
585 587 4450 1
3792 3972 5632 1
743 744 759 1
432 431 433 1
444 447 1724 1
713 712 720 1
2459 2008 4454 1
4254 1189 4514 1
1568 1569 1987 1
1232 1199 1300 1
3025 2760 3133 1
1478 1523 4497 1
1301 1300 1542 1
2881 2738 2882 1
1142 1193 1311 1
2490 3435 4445 1
3478 3480 3481 1
507 506 513 1
1488 1480 1873 1
1442 1441 1443 1
1082 1084 4508 1
397 396 398 1
2722 566 4420 1
483 490 491 1
1920 1919 2302 1
1325 1326 1327 1
1444 1443 1445 1
1321 1322 1323 1
1327 1328 1329 1
1311 1312 1568 1
2051 2724 2725 1
1002 1097 1098 1
2936 2935 4501 1
3061 4254 4722 1
434 433 435 1
2301 1896 4428 1
416 415 417 1
1271 1478 1479 1
1714 2760 3025 1
899 1136 4644 1
399 398 400 1
1677 1675 2707 1
3176 3175 3368 1
1018 1017 1138 1
1793 1791 1794 1
2729 2095 4445 1
1710 1234 4443 1
1204 1203 1296 1
420 421 422 1
1297 1296 1480 1
3407 3406 3408 1
436 435 437 1
424 425 426 1
4449 3031 4531 1
4455 4280 4585 1
2419 1970 2845 1
536 540 543 1
2095 2490 4445 1
465 467 469 1
395 394 396 1
558 562 4432 1
438 437 439 1
422 423 424 1
3211 2834 4604 1
508 503 509 1
8 9 3635 1
896 895 1707 1
1354 1332 4379 1
1374 1375 1376 1
477 478 480 1
1352 1353 1570 1
3063 3064 3065 1
1325 1327 1977 1
1188 1190 4443 1
1158 1159 1160 1
1 2 256 1
440 439 441 1
2667 2906 2907 1
514 513 521 1
912 913 969 1
2460 2100 2461 1
3186 2501 4438 1
3922 2707 3923 1
1451 1449 1726 1
1332 1331 4379 1
1562 1974 1975 1
393 395 4421 1
638 640 641 1
1989 1925 1990 1
1447 1445 1460 1
442 441 443 1
1142 1143 1193 1
1098 1097 1173 1
1321 1323 2746 1
1336 1289 1337 1
444 443 445 1
700 688 4227 1
1185 3123 4898 1
1109 1105 1203 1
840 827 841 1
2901 2555 2902 1
3877 3879 4756 1
2603 3516 4410 1
4387 3079 4388 1
3273 2444 3274 1
3006 2073 4386 1
2185 2269 4323 1
2910 2909 3717 1
1056 1054 1699 1
447 445 448 1
1298 1476 2395 1
2574 3520 4273 1
3649 3650 3651 1
2669 3097 3612 1
2658 2656 2959 1
1352 1332 1353 1
3316 3314 3596 1
3440 3439 3441 1
1133 1229 4513 1
1858 3163 4418 1
399 401 402 1
452 448 453 1
1016 1015 1017 1
920 932 933 1
172 173 4645 1
2501 2278 4438 1
2591 1983 3627 1
176 177 4525 1
554 4449 4531 1
454 453 455 1
456 455 457 1
3554 2591 3555 1
2587 2354 4406 1
687 701 702 1
179 262 4587 1
2725 2726 2727 1
474 475 477 1
2276 2177 2394 1
1357 1291 1358 1
2879 2878 2880 1
3651 3652 3653 1
1564 1563 1924 1
1683 716 4470 1
3047 3049 3582 1
493 492 500 1
1263 1262 1307 1
3653 3654 3655 1
402 404 2765 1
845 838 1764 1
1041 1040 1042 1
2815 3659 4948 1
3247 3260 5666 1
762 924 925 1
852 871 996 1
3638 3640 3641 1
2028 2173 4540 1
896 1707 4399 1
973 994 4576 1
1750 1703 1751 1
2247 2231 2250 1
501 500 506 1
1024 978 1025 1
418 419 420 1
2128 2130 2131 1
721 749 4495 1
1096 1051 2291 1
3085 2678 4095 1
422 424 531 1
1784 1761 4327 1
3516 2605 4411 1
426 428 1734 1
454 456 474 1
1962 710 3983 1
2648 2645 4269 1
847 848 853 1
2529 3265 4540 1
1753 1802 1884 1
2510 2511 3126 1
3370 3368 5069 1
1096 3035 3036 1
2554 2553 2555 1
2272 2273 2447 1
3170 3203 3218 1
2795 3020 4424 1
272 66 4667 1
855 850 859 1
2189 2181 2289 1
2607 2927 4411 1
895 886 4437 1
1882 1806 4504 1
2193 2191 2480 1
355 61 4724 1
1216 1224 1230 1
1649 1651 4591 1
2757 2671 2909 1
561 629 630 1
2099 1823 2100 1
777 781 1782 1
1929 1930 2004 1
1727 1729 2381 1
247 257 4400 1
4649 342 4650 1
2956 2809 3219 1
2762 2764 4382 1
107 108 350 1
391 390 392 1
1706 1920 2124 1
1194 1122 4087 1
436 438 1735 1
2529 3264 3265 1
3038 1253 4461 1
2135 2133 2309 1
1425 1426 1427 1
2126 2127 2128 1
853 854 867 1
459 461 1103 1
630 635 636 1
517 509 518 1
1271 1292 1478 1
2323 1882 4447 1
502 748 4423 1
426 427 428 1
1338 1314 1387 1
3016 2919 3017 1
414 413 415 1
904 869 1966 1
1058 1056 4488 1
1014 1015 1016 1
1885 1677 4529 1
387 386 388 1
487 486 492 1
1572 2080 4489 1
2397 1968 2738 1
3312 639 4436 1
2354 1995 2355 1
1423 1424 1425 1
1441 1439 1737 1
4350 897 4644 1
2302 2794 2798 1
482 481 486 1
702 712 713 1
1117 1118 1142 1
885 882 4425 1
1108 1132 1133 1
1014 1013 1015 1
1173 1727 4532 1
2124 2125 2126 1
1190 1189 1212 1
543 544 561 1
2857 2283 3234 1
524 518 525 1
1419 1420 1421 1
2727 2766 2809 1
2171 1496 4414 1
617 585 4450 1
1273 1274 1275 1
1287 1289 1336 1
534 525 535 1
2168 1784 4327 1
641 642 651 1
1016 1017 1018 1
428 429 430 1
541 535 542 1
262 180 4602 1
1139 1287 1288 1
430 431 432 1
389 388 390 1
1191 4444 5168 1
3684 3685 3694 1
113 4360 4552 1
640 636 4426 1
2285 2427 2550 1
3924 935 4625 1
1688 537 4464 1
2413 2411 2739 1
266 172 4645 1
1880 1881 2053 1
651 652 660 1
1805 1546 1806 1
3056 3054 4478 1
3953 4396 4826 1
1528 1301 4490 1
1270 1305 1306 1
1437 1435 1463 1
887 4350 4609 1
920 933 934 1
4481 4014 4711 1
2131 2130 2510 1
1496 1495 4414 1
1021 1279 1411 1
432 433 434 1
660 661 679 1
1136 1236 4705 1
1298 1294 1299 1
4999 3108 5061 1
3523 2539 4343 1
2044 2046 4545 1
2724 1683 4470 1
3608 2110 3609 1
51 52 283 1
1177 1178 4573 1
385 384 386 1
477 475 478 1
434 435 436 1
814 810 2117 1
656 645 4594 1
1115 1095 1116 1
1311 1193 1312 1
687 4062 4910 1
480 478 481 1
951 1286 4777 1
436 437 438 1
1988 1925 1989 1
2372 2373 2421 1
847 841 848 1
1018 1138 1139 1
725 727 4550 1
2075 3006 4468 1
438 439 440 1
1431 1429 1461 1
353 226 4702 1
1346 1349 4521 1
3065 3066 3180 1
1849 1850 1929 1
3079 2391 3080 1
1037 1036 1038 1
1789 1916 1917 1
2497 2827 3338 1
1722 4455 4585 1
2077 2075 4468 1
440 441 442 1
872 5596 5627 1
1004 1013 1014 1
1476 1299 1477 1
1160 1161 1162 1
404 406 4614 1
416 417 418 1
1831 1364 1832 1
442 443 444 1
2128 2127 2130 1
1924 2803 4466 1
728 729 4599 1
2798 3462 3463 1
1050 1048 1051 1
2365 2366 2953 1
825 821 827 1
2012 2415 2523 1
3004 2936 4501 1
1523 3063 4497 1
2523 2524 3419 1
383 382 384 1
2166 2167 2372 1
37 38 367 1
444 445 447 1
744 4398 4538 1
3421 2524 4519 1
679 680 695 1
1253 1212 1271 1
3867 5449 5530 1
3378 2585 3467 1
1817 1818 1849 1
2710 4031 4600 1
1426 1705 1706 1
2312 2491 4156 1
4514 1174 4532 1
746 4244 4579 1
447 448 452 1
675 656 4594 1
1568 1312 1569 1
2021 1845 3738 1
397 399 4462 1
454 455 456 1
1418 1416 1815 1
452 453 454 1
3779 4853 4900 1
2447 2592 3086 1
636 635 4426 1
1479 1478 1808 1
3487 3485 3491 1
2484 2259 2852 1
2312 2252 2491 1
2054 3458 5277 1
867 868 919 1
2009 2010 4430 1
1214 1213 1262 1
412 411 413 1
717 728 4470 1
1758 1759 1760 1
1739 1740 1741 1
432 434 510 1
556 554 4531 1
853 848 854 1
1098 1175 4523 1
1564 1924 1925 1
1969 2397 2398 1
1106 1107 1108 1
1741 1742 1743 1
180 181 4602 1
2702 2701 3329 1
4499 5593 5658 1
1706 1919 1920 1
1743 1745 1926 1
2736 4414 4563 1
121 122 4546 1
3142 3144 4585 1
1256 1257 1341 1
3086 3087 3341 1
1542 2819 4490 1
707 708 716 1
3049 3048 4589 1
695 696 707 1
1184 1025 1185 1
1809 1808 1932 1
938 3033 4479 1
1987 1569 2012 1
1760 1761 1784 1
2118 2400 4563 1
2113 1712 4638 1
1423 1421 1424 1
2565 2563 4568 1
3175 2301 4428 1
1695 1358 4482 1
2563 2594 4568 1
1277 1294 1298 1
2380 2761 4624 1
2734 2011 4500 1
2662 2660 2894 1
2071 2069 4572 1
405 403 450 1
2738 1968 4476 1
1358 1563 1564 1
572 624 4420 1
2523 2415 2524 1
1189 1176 4514 1
1989 1990 2166 1
2468 2469 3796 1
1229 2364 4513 1
1093 859 2759 1
2935 2441 3073 1
867 854 868 1
1720 1738 1739 1
4560 4559 4561 1
1092 859 1093 1
138 139 281 1
2197 2801 4500 1
2391 1989 4566 1
3464 531 5341 1
1125 3913 4363 1
2935 3073 3423 1
1358 1291 1563 1
3120 3056 4478 1
485 479 4781 1
1230 1231 1316 1
2468 2140 2469 1
3408 3460 3461 1
2151 2077 4468 1
1681 644 4692 1
2126 2125 2127 1
3641 3642 3645 1
1760 1784 1789 1
141 142 317 1
695 4057 4623 1
1797 1798 1817 1
1425 1424 1426 1
2726 2724 4536 1
1174 1173 4532 1
1677 3922 4529 1
3918 5289 5391 1
2637 2639 3210 1
2585 2565 4568 1
474 456 475 1
2947 2777 4383 1
1150 1152 1302 1
1896 2051 4428 1
3082 4479 4707 1
759 912 918 1
3192 2323 4447 1
1727 2381 4532 1
629 544 4535 1
934 933 935 1
993 973 4576 1
1076 1073 2147 1
670 735 4515 1
638 641 4436 1
3662 4444 4911 1
1527 1487 1909 1
1754 2384 4588 1
1916 2168 2196 1
1682 949 4777 1
2668 4348 4577 1
1006 1007 3913 1
1301 1542 4490 1
1366 1534 4477 1
2032 2034 4646 1
1114 1095 1115 1
919 868 920 1
1750 1968 1969 1
2001 2417 2418 1
1016 1018 4444 1
3344 2817 4948 1
1096 2291 3035 1
130 131 4740 1
4280 3142 4585 1
1115 1116 1117 1
1914 1913 2252 1
1421 1420 4472 1
738 752 1771 1
2279 1540 4613 1
732 746 4579 1
2196 2805 2851 1
2182 4440 4539 1
668 670 4515 1
1310 1201 1790 1
2124 1920 2125 1
4220 1199 4607 1
1342 1343 1344 1
1489 1490 1866 1
654 664 4692 1
1362 1285 4481 1
605 607 4485 1
2011 1902 4500 1
1320 1601 4434 1
763 765 2097 1
3020 2797 4499 1
173 343 4645 1
3419 2524 3420 1
1538 2268 4613 1
1044 1042 1110 1
3590 2839 3591 1
2838 3237 3308 1
2752 2957 4580 1
4167 4783 4811 1
2374 4663 4837 1
414 415 416 1
749 732 4579 1
1258 1177 4573 1
2764 3356 4382 1
3054 3095 4478 1
1417 1418 1419 1
4437 885 4600 1
1341 1342 1565 1
4760 4068 4812 1
1603 3406 3407 1
2080 3014 4489 1
4440 2709 4539 1
4129 4130 4769 1
5285 3373 5287 1
1084 1368 4508 1
1256 1207 1257 1
998 1525 4484 1
872 409 4493 1
1094 1093 1095 1
1913 1909 2101 1
2711 2394 2712 1
3052 2009 4430 1
155 156 277 1
1052 1051 1096 1
1308 1307 1481 1
2025 2027 2408 1
2251 1966 2337 1
1614 1362 4481 1
2906 2315 4630 1
1310 1791 1792 1
1774 1593 1775 1
741 755 756 1
1795 1796 1797 1
1320 1600 1601 1
2834 2836 4604 1
2441 2071 4572 1
1035 1020 1036 1
3855 3853 5243 1
2174 1866 3213 1
2551 2552 3093 1
697 709 4474 1
2012 2523 4549 1
2376 4405 4569 1
2489 2201 2699 1
1054 1052 4505 1
2413 2739 3074 1
410 409 411 1
1134 1133 1135 1
1963 1565 2382 1
2483 2482 3166 1
2082 2084 4586 1
2748 2398 3152 1
2797 3040 4499 1
1751 1753 4476 1
2728 2725 4528 1
1210 1135 1211 1
1120 1080 1121 1
1902 2197 4500 1
1349 1487 1527 1
1275 1277 4516 1
1243 1245 4510 1
2998 2818 3156 1
1793 1794 1795 1
781 780 922 1
978 938 4479 1
1589 1588 1590 1
3829 3828 4635 1
934 935 987 1
2717 2715 4542 1
1917 1916 4601 1
153 154 365 1
4404 1799 4542 1
1959 1875 3834 1
3341 3342 3343 1
1200 1201 1309 1
3936 3929 5286 1
2120 1813 2121 1
4344 4239 4569 1
1995 1695 4480 1
3481 3482 3483 1
906 908 4592 1
1138 1017 4475 1
1181 1177 1258 1
1477 1703 1750 1
4934 834 5033 1
767 769 4674 1
1134 2772 4583 1
2187 2879 4643 1
1795 1797 2146 1
2002 1808 4497 1
1732 2123 4669 1
3542 3543 4457 1
1814 1813 2120 1
3043 4536 4599 1
3260 2755 5470 1
1219 1319 1320 1
4398 3737 4538 1
1419 1418 1420 1
4399 1707 4588 1
3222 4542 4679 1
1998 1528 4490 1
4142 1460 5226 1
2432 2121 2433 1
4443 3037 4638 1
412 413 414 1
1351 1350 1813 1
2806 2337 2908 1
1162 1163 1164 1
2147 1073 4526 1
4024 4025 4874 1
1637 4002 4812 1
3265 3266 3267 1
2463 2224 2464 1
4003 1202 4874 1
519 515 4736 1
409 407 4493 1
1806 1546 1829 1
2084 2238 4586 1
1316 1317 1474 1
4381 2862 4682 1
1131 4337 4632 1
536 543 4464 1
4414 2118 4563 1
1219 1218 1319 1
1817 1849 2316 1
111 334 4647 1
1209 1125 4363 1
122 123 4617 1
4235 3186 5571 1
1545 1370 1546 1
178 179 4587 1
1253 1271 4461 1
1131 1129 1218 1
3014 2082 4586 1
1736 668 4515 1
2351 919 4494 1
1540 1538 4613 1
2351 4494 4673 1
3165 4296 5519 1
1026 971 4607 1
1272 1211 1273 1
3162 2840 3626 1
1320 1319 1600 1
2067 1037 4498 1
1271 1479 4461 1
2980 4446 4609 1
1789 1784 1916 1
958 891 2170 1
560 4531 4611 1
3556 3698 5128 1
2757 2909 2910 1
2101 2671 2757 1
1534 1956 4477 1
1792 1793 1982 1
1278 946 1403 1
1853 1775 1854 1
1355 1812 4512 1
2734 4500 4658 1
1474 1475 1549 1
4405 4344 4569 1
3626 2840 4460 1
1965 1932 2235 1
3398 2712 3399 1
1404 1403 1405 1
1720 1739 2756 1
4348 4349 4577 1
1874 1532 1878 1
1841 1840 4746 1
2772 1210 4578 1
1710 4443 4638 1
1108 1133 1134 1
1017 1715 4475 1
987 935 988 1
528 5511 5528 1
2400 3165 4563 1
3065 3180 3181 1
1342 1344 4608 1
1285 4215 4481 1
4928 4098 4987 1
2727 2956 4528 1
3476 3473 4737 1
3033 4399 4588 1
1164 1168 1169 1
1002 1098 4523 1
1131 1218 1219 1
996 4484 4621 1
4468 4068 4760 1
2511 2130 4548 1
4242 2729 5585 1
2715 4404 4542 1
1353 1355 4512 1
4055 3111 5252 1
2935 3423 4501 1
375 377 378 1
1929 2004 2476 1
3074 2739 3395 1
987 988 1105 1
2545 2279 2741 1
1407 1803 2284 1
1254 4381 4682 1
3070 5033 5071 1
1806 1829 1830 1
2050 1908 2224 1
1037 1038 4498 1
1135 1133 4513 1
1570 1353 4512 1
1696 2343 4871 1
1099 1177 1181 1
1925 1924 4466 1
1000 1002 4522 1
4447 1882 4504 1
2113 4638 4703 1
282 3572 5599 1
3478 3481 4661 1
1957 2052 2353 1
3819 3820 4745 1
777 776 780 1
1079 1058 4488 1
1298 1299 1476 1
2881 2882 3215 1
1038 1039 1040 1
1289 1138 4475 1
1990 1925 4466 1
67 346 4667 1
4531 3031 4611 1
1134 1135 1210 1
1697 496 4423 1
270 188 4743 1
1765 1650 4630 1
1358 1564 4482 1
2707 4465 4653 1
2305 2304 2519 1
923 922 966 1
2133 2131 4511 1
1806 1830 4504 1
2510 3127 4511 1
3508 2697 4537 1
427 425 4732 1
1707 1754 4588 1
1312 1193 4459 1
410 411 412 1
1750 1751 1968 1
1344 4521 4608 1
2691 4303 4622 1
488 1697 4427 1
1199 1026 4607 1
1038 1036 1039 1
3477 3476 3478 1
1808 1478 4497 1
1120 1200 4556 1
1842 1730 4669 1
980 3012 4625 1
2667 2315 2906 1
709 1839 4474 1
1393 1309 4524 1
2328 3855 5175 1
933 980 4625 1
1705 1424 4472 1
1525 1000 4522 1
1342 1257 1343 1
3267 3269 3270 1
3870 2485 5062 1
2646 2352 4066 1
1025 978 4479 1
408 407 409 1
2397 2738 2881 1
3393 3392 5265 1
1476 1477 4502 1
3040 3684 4499 1
2116 2114 4726 1
1259 1258 1369 1
1105 988 1106 1
2087 518 4699 1
2069 3007 4572 1
1096 3036 4505 1
2308 2313 2498 1
1870 2274 2700 1
3051 2009 3052 1
2308 2008 2313 1
1830 2091 2092 1
1565 1342 4608 1
4446 887 4609 1
3273 3274 3610 1
1296 1203 2136 1
1974 2008 2308 1
1368 2574 4508 1
967 966 1019 1
3372 2769 3374 1
1370 1369 1708 1
2555 2553 3202 1
2221 2222 2223 1
1424 1421 4472 1
2092 2551 2553 1
698 697 4474 1
2364 1366 4477 1
1484 1482 1485 1
4500 2801 4658 1
3094 2462 3106 1
1591 1590 1594 1
3813 2980 4609 1
2027 2165 4559 1
1378 1380 1855 1
681 679 4623 1
1974 1828 2008 1
1484 1486 1489 1
4106 1737 5130 1
2768 4577 4817 1
850 845 4541 1
777 780 781 1
3031 4381 4611 1
2120 2121 2432 1
2498 2499 2500 1
2550 2895 2918 1
3267 3268 3269 1
2498 2313 2499 1
2127 2129 4548 1
123 264 4617 1
769 777 4674 1
1497 1405 1498 1
2259 1987 4549 1
1210 1211 1272 1
2364 4477 5356 1
1200 1121 1201 1
4430 2379 4431 1
2844 2488 3362 1
1553 1552 1554 1
1918 1243 4510 1
4146 1223 4858 1
2187 2444 2878 1
1040 1039 1720 1
4536 728 4599 1
3923 2707 4653 1
2744 1982 2758 1
381 1669 4520 1
202 203 284 1
1575 1577 1777 1
1056 1699 4488 1
781 922 923 1
2500 2499 3132 1
2166 2825 4566 1
1989 2166 4566 1
406 1010 4614 1
1780 1895 1900 1
1245 1321 4510 1
4494 3973 4673 1
3395 264 5409 1
2131 2510 4511 1
3269 3268 4370 1
3467 2585 4568 1
1272 1273 1350 1
1310 1790 1791 1
1792 1791 1793 1
920 934 4494 1
2432 2433 2840 1
1011 1129 1131 1
1777 1778 1779 1
1401 1261 1402 1
925 924 4558 1
983 963 4517 1
607 649 4485 1
3630 2648 4269 1
1490 1486 1561 1
1694 605 4485 1
832 4456 4642 1
1969 1968 2397 1
3080 2391 4566 1
295 4525 4610 1
2697 4365 4537 1
1272 1351 4578 1
3778 2363 3779 1
1158 1160 1282 1
1873 1970 2169 1
1551 1498 1552 1
402 401 403 1
1336 4345 4633 1
1178 4338 4573 1
1747 1579 1993 1
3224 3222 4679 1
2776 2256 2777 1
1562 1828 1974 1
1527 1909 1913 1
3007 2067 4498 1
1415 1416 1417 1
1830 1829 2091 1
2467 1555 3113 1
1263 1307 1308 1
406 405 407 1
528 4736 5511 1
4546 122 4617 1
2379 2380 4624 1
3898 3084 5327 1
229 342 4649 1
1181 1258 1259 1
1916 2196 4601 1
1708 2009 3051 1
729 743 4599 1
2092 2091 2551 1
1993 1579 4023 1
2725 2727 4528 1
2845 1970 4652 1
3565 2396 3566 1
923 966 967 1
2010 2379 4430 1
381 380 382 1
509 944 4699 1
3832 4279 5009 1
959 970 4670 1
2129 2125 4582 1
919 920 4494 1
3026 4908 5015 1
385 548 4313 1
3653 3655 3657 1
967 1019 1020 1
408 409 410 1
402 2765 4462 1
924 976 4558 1
2878 2444 3273 1
723 741 4554 1
1052 1096 4505 1
2184 2288 4656 1
2464 2919 3016 1
1669 383 4313 1
1562 1561 1828 1
2425 2426 2990 1
4542 1799 4679 1
1329 1352 4551 1
2244 1899 2245 1
4457 3543 4556 1
1214 1262 1263 1
1321 2746 4510 1
1987 2012 4549 1
2769 2311 4618 1
2461 2462 2538 1
2309 2133 4511 1
784 758 2731 1
1595 1594 1819 1
4367 4096 4849 1
2816 2818 2998 1
339 170 4654 1
452 4429 4567 1
1712 1710 4638 1
2907 2906 3624 1
2337 1966 2383 1
1259 1369 1370 1
2741 2279 4613 1
1298 2395 4516 1
2801 3410 4658 1
2789 3130 4898 1
1288 1287 4633 1
444 1724 4562 1
1977 1327 4551 1
1741 1743 1744 1
1873 1480 1970 1
2538 3094 3548 1
872 4493 5596 1
923 3959 4683 1
3496 3484 4787 1
4522 1002 4523 1
2311 2774 2888 1
3247 5666 5682 1
2165 4725 4825 1
4425 2710 4600 1
3510 3509 4989 1
4487 2522 5126 1
3204 2455 3205 1
2422 3829 3830 1
739 442 4562 1
1306 1406 1407 1
3314 2492 3315 1
1341 1257 1342 1
1730 1732 4669 1
1417 1416 1418 1
4047 1701 5610 1
1327 1329 4551 1
3766 4508 4733 1
2187 2053 2444 1
3565 3566 3567 1
4788 2374 4837 1
1412 1279 1811 1
1826 1953 1954 1
1413 1414 1415 1
1290 1357 4871 1
2365 2040 2366 1
2258 1878 2311 1
1216 1215 1224 1
2341 2467 2863 1
3456 2751 5093 1
3649 3651 3658 1
1553 1555 2341 1
404 403 405 1
1824 1822 1825 1
1920 2302 4582 1
4465 659 4653 1
3073 2441 4572 1
1124 992 1215 1
2590 2113 4703 1
1820 1819 1952 1
1724 447 4567 1
1411 1412 1413 1
3689 3692 3693 1
1994 1993 2423 1
342 230 4657 1
2130 2127 4548 1
1642 1644 1788 1
963 1670 4517 1
2302 2798 4582 1
1497 1551 1915 1
1169 1213 1214 1
2411 1917 4601 1
5367 3085 5393 1
2579 2233 2938 1
3382 2885 4961 1
1489 1486 1490 1
440 739 4584 1
2432 3162 4619 1
2311 1878 2774 1
2169 2419 2494 1
2816 2998 4656 1
1230 1224 1231 1
3663 3584 5013 1
4655 4973 5174 1
1753 1884 4476 1
1699 1054 4505 1
2424 2423 3018 1
1490 1561 1562 1
897 899 4644 1
1021 1278 1279 1
1309 1201 1310 1
1287 1336 4633 1
2761 3352 4021 1
2200 2913 2914 1
2799 2777 2947 1
1154 1156 1786 1
2494 2890 2943 1
845 1764 4541 1
2907 3625 4914 1
3016 3017 3189 1
1839 723 4554 1
1679 4135 5459 1
4483 1288 4633 1
1277 1298 4516 1
873 393 4421 1
945 946 1021 1
1968 1751 4476 1
2491 2252 2492 1
1984 2389 2641 1
4001 3251 4723 1
1427 1426 4565 1
406 407 408 1
1549 1550 1898 1
2215 2217 2317 1
4822 1225 4882 1
4459 3025 4564 1
1900 2177 2276 1
2046 2497 4545 1
4581 305 5527 1
1880 2053 2187 1
2991 3313 3458 1
4524 2743 4672 1
1004 955 1013 1
1623 1065 4865 1
2382 1565 4608 1
2191 2189 4574 1
2761 4021 4624 1
2480 2191 4574 1
4158 1239 4771 1
2685 843 4621 1
2257 3161 4695 1
2461 2100 2462 1
852 996 4621 1
1840 1393 4672 1
1985 1854 1986 1
3115 2519 3116 1
2189 2289 4574 1
4437 4600 4744 1
1893 1837 2000 1
1821 1822 1823 1
769 776 777 1
1374 1376 2374 1
2900 3579 4681 1
1169 1214 1295 1
4066 2351 4673 1
1231 1224 1492 1
1463 4987 5049 1
5200 2916 5229 1
1230 1391 4946 1
4725 3270 4825 1
1415 1414 1416 1
1569 1312 4564 1
2491 2492 3314 1
1462 4138 5342 1
2122 2120 4619 1
2739 2411 4601 1
3814 3924 4827 1
442 444 4562 1
1308 1482 1483 1
2169 1970 2419 1
679 695 4623 1
908 1603 4592 1
859 850 4541 1
1706 2124 4565 1
1477 1750 4502 1
249 250 4780 1
935 933 4625 1
869 862 4664 1
4183 4182 4829 1
2852 2259 4549 1
676 3864 5491 1
1550 1475 1770 1
2821 2642 2822 1
2354 2355 4406 1
2384 1756 4666 1
3994 2872 4974 1
3486 3488 3489 1
170 171 4654 1
395 1687 4421 1
885 4425 4600 1
1735 438 4584 1
400 706 945 1
4393 1013 4694 1
1994 2424 2425 1
1595 1820 1821 1
447 452 4567 1
1042 1040 4571 1
2494 2419 2890 1
400 398 706 1
945 4452 4615 1
971 959 4670 1
241 327 4951 1
3492 3493 3494 1
2355 1995 4480 1
438 440 4584 1
1162 1164 1785 1
404 405 406 1
3010 2734 4658 1
3299 3300 5085 1
2843 2844 3580 1
1235 995 4691 1
3590 3591 3592 1
1411 1279 1412 1
1687 397 4462 1
4969 4906 5046 1
3421 4595 4596 1
3489 3490 3492 1
2753 2752 2944 1
1426 1706 4565 1
4480 1695 4482 1
230 231 4657 1
1832 2137 2138 1
2276 2394 2711 1
2759 859 4541 1
2183 2482 2483 1
2348 1887 4711 1
3226 3224 4759 1
110 111 4647 1
394 392 889 1
1278 1403 1404 1
1316 1231 1317 1
2559 3865 4819 1
2373 2167 4786 1
401 400 4615 1
2853 2854 3026 1
4607 971 4670 1
2711 3398 3401 1
1750 1969 4502 1
171 266 4654 1
2125 1920 4582 1
2272 1986 2273 1
402 403 404 1
2487 2488 2843 1
3999 4023 4678 1
382 380 1767 1
1117 4109 4719 1
399 402 4462 1
940 941 4785 1
1758 4467 4666 1
2469 2911 2912 1
1532 1338 4606 1
1474 1317 1475 1
388 386 1022 1
4638 3037 4703 1
311 63 4701 1
2943 2890 3021 1
2200 2137 2675 1
436 1735 4605 1
1310 1792 4524 1
2862 3297 4682 1
1932 2002 4685 1
1581 1583 2718 1
1562 1975 4628 1
227 302 4702 1
1221 1281 4668 1
3026 2854 3262 1
1826 1825 1890 1
2414 4564 4665 1
2953 2366 3041 1
3899 956 4848 1
434 436 4605 1
1589 1590 1591 1
1611 1379 4875 1
3586 3585 5654 1
1600 1880 4643 1
1898 1899 2227 1
1601 1600 4643 1
1845 1402 1847 1
1116 1095 4637 1
2538 2462 3094 1
921 4914 4925 1
347 190 4690 1
2943 3021 3403 1
1604 5056 5159 1
1971 1972 4954 1
2227 2244 2487 1
644 654 4692 1
1503 1501 4804 1
2484 3177 4715 1
862 4133 4664 1
3937 1979 4807 1
1900 2276 2277 1
2474 2430 2838 1
379 380 381 1
2497 3338 4545 1
3403 3021 3404 1
63 64 4701 1
1484 1485 1486 1
4565 3088 4717 1
1549 1475 1550 1
1777 1779 2767 1
1845 1847 3738 1
4502 2747 4688 1
1889 2256 2776 1
976 1011 4632 1
3094 3106 3107 1
3113 1555 4684 1
1404 1405 1497 1
1067 1196 4865 1
1589 1591 2793 1
1557 1579 1747 1
995 974 4691 1
2767 2773 2853 1
2853 2773 2854 1
1756 1758 4666 1
1779 1780 4686 1
4577 4349 4817 1
1553 1554 1555 1
3019 3999 4988 1
2408 2027 4559 1
918 912 4616 1
1551 1552 1553 1
131 271 4740 1
2948 2947 2949 1
2991 2426 3230 1
1802 2340 4802 1
2123 2752 2753 1
1720 2756 4571 1
4130 4714 4892 1
970 952 4747 1
3562 3564 4753 1
1413 1412 1414 1
3553 3554 4797 1
2223 2304 2305 1
990 3634 4902 1
2711 2712 3398 1
1007 983 4517 1
2892 2412 4860 1
2341 1555 2467 1
2395 1476 4688 1
1203 1105 4598 1
3213 1866 4628 1
1309 1310 4524 1
1040 1720 4571 1
1953 1890 2185 1
3237 3309 5690 1
510 434 4605 1
1110 1042 4571 1
1799 4359 4679 1
4456 2714 4642 1
2767 1779 2773 1
3012 3427 4698 1
2270 2185 2430 1
473 471 4713 1
2123 2753 4669 1
1273 1275 4671 1
2467 3113 3114 1
2950 4997 5105 1
3442 3439 4803 1
4755 918 4800 1
1338 1387 4606 1
3358 3519 4945 1
1286 4132 5059 1
2409 2410 4873 1
1236 1389 4705 1
2050 2224 2463 1
1497 1498 1551 1
1782 781 4683 1
1312 4459 4564 1
652 642 4790 1
3374 2769 4618 1
2447 2273 2592 1
1093 2759 4637 1
1308 1481 1482 1
1966 869 4664 1
1210 1272 4578 1
190 191 4690 1
3637 3636 4975 1
912 969 4616 1
948 1693 4763 1
4503 1350 4671 1
3149 2297 4954 1
2772 4578 4718 1
2780 3027 4712 1
2700 2701 2702 1
1483 1482 1484 1
1866 1490 4628 1
191 303 4690 1
2430 2185 4323 1
1823 1822 1824 1
3483 3484 3496 1
231 267 4657 1
1595 1819 1820 1
2552 2091 4772 1
1021 946 1278 1
1614 4481 4711 1
151 152 307 1
3603 3558 5522 1
1621 4146 4714 1
3793 3791 4909 1
1591 1594 1595 1
2753 2944 2945 1
1485 1482 4697 1
375 376 377 1
3421 4519 4595 1
2776 2777 2799 1
3680 1764 4934 1
4600 4031 4744 1
263 240 4951 1
1105 1106 4598 1
2714 3111 4642 1
843 852 4621 1
3086 2592 3087 1
2810 2766 4800 1
4479 3033 4707 1
2101 2757 4629 1
3939 3937 4807 1
2240 2790 4793 1
777 1782 4674 1
1603 3407 4592 1
1824 1825 1826 1
1239 1241 4771 1
1356 1194 4087 1
4558 976 4632 1
945 706 946 1
1106 4583 4598 1
1974 2308 4700 1
1350 1273 4671 1
3242 3058 4799 1
2474 2838 2839 1
3395 2739 4720 1
2699 4547 4798 1
2408 4559 4560 1
1387 1314 4730 1
3230 5452 5669 1
1821 1820 1822 1
2914 2913 3336 1
1011 1131 4632 1
741 756 4554 1
203 204 4840 1
2758 1982 4626 1
4633 4345 4773 1
3884 3885 5057 1
2702 3329 3330 1
1181 3989 4751 1
1975 1974 4700 1
378 377 379 1
2843 2488 2844 1
4497 3063 4696 1
3313 3230 3750 1
3025 3133 4665 1
1795 2146 4626 1
2311 2888 4618 1
2938 2233 2939 1
4103 1655 4958 1
1393 4524 4672 1
3287 2699 3288 1
781 923 4683 1
4631 3051 4772 1
3037 3038 4703 1
2390 4228 5072 1
378 379 740 1
2771 3870 4731 1
1982 1793 4626 1
3479 3476 4737 1
143 144 368 1
3231 2892 5582 1
1880 2187 4643 1
4407 4406 4879 1
3797 281 5681 1
4431 2379 4624 1
1887 1614 4711 1
1461 1429 4717 1
2778 2153 4760 1
3473 3472 4737 1
1913 2101 4629 1
4351 2407 5068 1
3331 3332 3333 1
2483 3166 3325 1
2146 1797 4636 1
2120 2432 4619 1
1817 2316 4636 1
3202 2553 4620 1
2938 2939 2940 1
1275 4516 4671 1
3481 3480 3482 1
2270 2430 2474 1
531 3464 5329 1
2918 3294 3295 1
1095 1093 4637 1
2138 2137 2200 1
1898 1550 1899 1
2136 1203 4598 1
1953 2185 2270 1
1115 1117 4719 1
2525 3272 3394 1
1826 1890 1953 1
2487 2244 2488 1
2553 2551 4620 1
303 192 4721 1
2227 1899 2244 1
1986 1854 2328 1
2020 2050 2233 1
3487 3491 3500 1
2469 2140 2911 1
2799 2947 2948 1
2316 1849 4639 1
2165 4540 4725 1
3596 27 5074 1
1793 1795 4626 1
3606 2922 5023 1
2940 2941 3417 1
2485 2484 4715 1
2100 1823 4648 1
188 189 4743 1
2235 1932 4685 1
1797 1817 4636 1
2200 2675 2913 1
62 311 4724 1
3847 3844 4920 1
258 3731 5449 1
2551 3093 4620 1
2948 2949 2950 1
1747 1993 1994 1
1281 1374 4668 1
1849 1929 4639 1
2148 4708 4798 1
2990 2426 2991 1
2702 3330 3331 1
4135 676 5431 1
1907 1908 2020 1
5272 3011 5384 1
2592 2273 2593 1
2561 2559 4819 1
3791 2705 4909 1
2940 2939 2941 1
250 322 4780 1
3226 4759 4814 1
1629 1976 4916 1
1370 1708 4631 1
1585 1588 1589 1
2020 1908 2050 1
1708 3051 4631 1
5382 2289 5386 1
1829 4631 4772 1
1490 1562 4628 1
1878 1532 4606 1
273 4761 4762 1
2425 2424 2426 1
3063 3065 4696 1
4586 2238 4793 1
1929 2476 4639 1
3123 3082 4789 1
4514 4532 4722 1
3312 4436 4716 1
473 4713 4781 1
3065 3181 4696 1
4661 3481 4662 1
1376 1378 4663 1
1476 4502 4688 1
3495 3493 3502 1
3511 2358 4940 1
4436 1725 4716 1
192 193 4721 1
3067 4265 4966 1
1780 1900 4686 1
3515 5316 5319 1
1217 1115 4719 1
2749 2116 4726 1
1994 2423 2424 1
4007 1420 4806 1
1546 1370 4631 1
351 130 4740 1
4508 2574 4733 1
1634 1630 4916 1
2151 4468 4760 1
1829 1546 4631 1
1314 1217 4730 1
2756 1739 4651 1
4696 3181 4796 1
1401 1846 5146 1
1427 4565 4717 1
3484 3486 4787 1
1228 1140 4857 1
2944 2752 4580 1
2383 1966 4664 1
379 377 380 1
2772 4718 4820 1
400 945 4615 1
528 519 4736 1
1429 1427 4717 1
4287 1848 4815 1
1480 1296 4652 1
2842 3344 4831 1
5431 676 5491 1
4426 2768 4817 1
1156 1158 4659 1
759 918 4755 1
3228 3226 4814 1
372 373 374 1
2140 2138 4738 1
2802 2951 2952 1
3756 3757 4981 1
374 373 375 1
4023 1910 4678 1
3779 2363 4853 1
4168 3562 4753 1
1586 1592 4779 1
2252 1913 4629 1
3082 4707 4789 1
1375 4486 4728 1
2838 3308 4634 1
39 40 287 1
1296 2136 4652 1
3341 3087 3342 1
4322 4325 4888 1
3490 3488 3499 1
3567 3566 3568 1
2413 3075 4860 1
3333 3332 3334 1
518 509 4699 1
3331 3330 3332 1
2040 1841 4746 1
2890 5092 5169 1
1261 1209 4363 1
3309 278 5690 1
1907 1848 1908 1
961 3465 5184 1
1217 4719 4730 1
3106 2462 4648 1
2359 2751 4940 1
377 376 4830 1
3879 3880 4756 1
1739 1741 4651 1
1211 1135 4782 1
164 165 4734 1
1378 1855 4663 1
3030 3402 5451 1
4629 2757 4770 1
2823 2822 2824 1
4432 2722 4776 1
1679 5459 5471 1
3677 4788 4837 1
1306 1407 1781 1
2305 3115 3117 1
4564 3025 4665 1
3224 4679 4759 1
2221 2223 2253 1
2894 3981 5154 1
4483 4633 4773 1
3492 3490 3493 1
3494 3493 3495 1
1741 1744 4651 1
4681 4271 5647 1
4601 2196 4720 1
3971 3970 5036 1
2305 2519 3115 1
165 348 4734 1
3375 2841 5028 1
1970 1480 4652 1
214 215 279 1
2665 2664 4979 1
3043 4755 4800 1
4406 4389 4879 1
2885 4090 4961 1
2774 1878 4606 1
2002 4696 4796 1
1832 1364 2137 1
3286 3354 4780 1
2773 1779 4686 1
4114 4115 4952 1
2843 3580 4706 1
2991 3230 3313 1
3645 3646 4835 1
3392 349 5598 1
2492 2252 4629 1
1554 1557 4684 1
1099 1181 4751 1
1847 1848 1907 1
659 643 4890 1
1573 1575 4677 1
4634 355 5411 1
4167 2129 4783 1
3489 3488 3490 1
3591 2839 4634 1
4532 2381 4722 1
1811 1279 4689 1
4132 4129 4769 1
991 5390 5647 1
4935 3133 4941 1
1823 1824 4648 1
432 510 4775 1
4588 2384 4707 1
4395 4586 4793 1
4312 3407 4867 1
952 950 4747 1
2787 3150 4877 1
4582 2798 4783 1
4599 743 4755 1
958 2170 4687 1
574 931 4922 1
2002 4497 4696 1
1910 2183 4678 1
324 5242 5456 1
2574 4273 4733 1
297 110 4647 1
1207 1128 4826 1
372 371 373 1
1158 1282 4659 1
4546 5231 5649 1
3478 3479 3480 1
4396 1207 4826 1
193 354 4721 1
3290 2843 4706 1
449 427 4732 1
1013 955 4694 1
2804 2157 4855 1
3133 2760 4845 1
3486 3485 3487 1
3267 3270 4725 1
1160 1162 4675 1
2196 2851 4720 1
4336 1722 4768 1
4763 1693 4944 1
2813 4883 5075 1
3033 4588 4707 1
3585 3577 5654 1
5301 3838 5322 1
894 779 4795 1
1139 1290 4911 1
2293 2348 4846 1
2462 2100 4648 1
2382 4174 4853 1
1461 4717 4849 1
2374 1376 4663 1
4707 2384 4789 1
2839 2838 4634 1
1555 1554 4684 1
2129 4582 4783 1
2686 4268 4758 1
4695 3161 5203 1
955 784 4694 1
3644 4975 5249 1
2641 2642 2821 1
189 347 4743 1
2739 4601 4720 1
312 29 4757 1
2813 2161 4883 1
981 1099 4751 1
3739 3749 5104 1
2798 3463 4783 1
1374 2374 4668 1
3361 3360 5051 1
5040 3997 5068 1
784 2731 4694 1
3778 3779 4752 1
375 373 376 1
1481 1889 4697 1
2155 2778 4855 1
2896 3206 4956 1
162 163 4729 1
3123 4873 4898 1
1282 1160 4675 1
3043 4599 4755 1
992 958 4687 1
3478 3476 3479 1
2911 2140 4738 1
1575 1777 4677 1
4133 4000 4808 1
3483 3482 3484 1
29 30 4757 1
1420 1418 4806 1
1553 2341 4704 1
4679 4359 4759 1
1900 2277 4686 1
3484 3482 3485 1
2971 2969 4894 1
3823 3832 4993 1
3857 5382 5386 1
224 225 4761 1
479 473 4781 1
3387 4267 5583 1
949 951 4777 1
4168 306 5661 1
1279 1278 4689 1
2399 1809 4941 1
4625 3012 4827 1
2001 2000 2417 1
4664 4133 4808 1
950 948 4763 1
1215 992 4687 1
2200 2914 4738 1
1010 408 4872 1
4359 1879 4759 1
1723 4437 4744 1
4345 3091 4773 1
160 161 4749 1
2153 2151 4760 1
2786 3024 4944 1
1786 1156 4659 1
4591 2700 4836 1
2159 2804 4883 1
3486 3487 3488 1
4691 974 4795 1
1825 1822 4709 1
4867 3461 4891 1
4274 3384 4974 1
1164 1169 4693 1
1915 1551 4704 1
2952 3245 3284 1
827 821 4854 1
225 353 4761 1
4747 950 4763 1
371 370 3451 1
125 344 4917 1
835 834 4934 1
3676 3754 4788 1
4254 4514 4722 1
2926 2824 3349 1
3407 3408 4867 1
1169 1295 4693 1
3731 3633 5449 1
1777 2767 4677 1
3293 2783 4899 1
2167 2577 4786 1
3837 3897 5264 1
4608 4521 4754 1
3143 3339 4933 1
3339 3141 4942 1
2790 2242 4892 1
4688 2870 4936 1
1162 1785 4675 1
3288 2699 4798 1
2832 4032 5036 1
1837 1769 1838 1
4540 3265 4725 1
2922 3233 4741 1
2366 2040 4746 1
2612 2614 4895 1
814 2117 4854 1
5273 2473 5508 1
3450 3822 4993 1
1482 1481 4697 1
1820 1952 4709 1
743 759 4755 1
4615 4453 4856 1
2882 2738 4980 1
2823 2926 3506 1
3413 345 5630 1
4630 1652 4778 1
5025 1998 5171 1
4547 2148 4798 1
4444 1018 4911 1
4585 3144 4768 1
372 374 3605 1
328 84 5137 1
3555 2591 3627 1
3484 3485 3486 1
3125 3124 5001 1
4339 2381 4863 1
1124 1216 4844 1
1816 3582 4960 1
1241 1918 4771 1
2868 4680 4984 1
1726 4150 5302 1
290 3417 5287 1
4496 1485 4864 1
1589 2793 4739 1
1955 4342 5061 1
4731 3870 5003 1
2386 4351 4918 1
941 981 4785 1
2492 4629 4770 1
1693 4432 4776 1
4768 3144 4813 1
3080 4566 4742 1
4157 4824 4900 1
1785 1164 4693 1
611 613 4947 1
3553 4797 4971 1
429 449 4884 1
1957 2353 4823 1
3969 3971 5051 1
2821 2822 2823 1
1076 2147 4842 1
2136 4598 4820 1
2867 3193 5099 1
1773 1984 4809 1
3265 3267 4725 1
1557 1747 4684 1
1278 1404 4689 1
5003 3870 5062 1
1184 1185 4881 1
3747 4689 5202 1
42 43 319 1
2382 4608 4754 1
1461 4097 4928 1
1855 1380 4823 1
4773 3091 4834 1
4501 2078 5039 1
2381 1729 4863 1
1121 1080 4842 1
1862 4591 4836 1
3315 2492 4770 1
642 1672 4790 1
324 4111 5242 1
1847 1402 1848 1
2802 2418 2951 1
1963 2382 4853 1
2 3 4886 1
412 619 4943 1
161 352 4749 1
4793 2790 4858 1
4759 1879 4814 1
3105 4665 4935 1
3544 1249 5107 1
2138 2200 4738 1
3235 2820 5024 1
1889 2776 4697 1
1064 1062 4950 1
1722 4585 4768 1
921 3733 4914 1
4748 2500 4801 1
4487 619 5662 1
1551 1553 4704 1
2183 2483 4678 1
263 4951 5543 1
2641 2821 3537 1
2383 4664 4808 1
2883 3382 5012 1
1672 4426 4817 1
4467 2409 4907 1
283 5161 5675 1
2757 2910 4770 1
4561 4559 4825 1
30 357 4757 1
4850 2859 5467 1
2870 2871 5088 1
430 432 4775 1
4650 342 4998 1
1595 1821 4727 1
678 687 4910 1
3389 1844 5616 1
1238 5217 5683 1
211 212 318 1
2803 3469 5569 1
274 164 4734 1
3833 2759 4862 1
222 223 4767 1
352 162 4729 1
3391 1861 5602 1
2387 4773 4834 1
4301 1270 4766 1
2939 2233 4710 1
2781 3293 4938 1
2766 3043 4800 1
4598 4583 4820 1
974 894 4795 1
3470 1382 5223 1
1655 1657 4958 1
2006 4123 5678 1
1604 3537 5056 1
3755 990 5015 1
1822 1820 4709 1
4135 5431 5459 1
2926 3349 3350 1
2238 2240 4793 1
3774 2884 5012 1
4068 1637 4812 1
2866 3131 4818 1
2234 1503 4804 1
4566 2825 4742 1
264 124 4917 1
2050 2463 4710 1
135 136 4794 1
85 285 5137 1
2417 2000 2455 1
2387 4483 4773 1
3228 4814 4868 1
2233 2050 4710 1
3058 3120 4799 1
2700 2702 4836 1
3703 2746 5054 1
2454 4192 5078 1
3050 2455 3204 1
3664 1260 5146 1
2091 1829 4772 1
4717 3088 4849 1
3707 5428 5578 1
3882 3883 5057 1
2518 2516 4949 1
3007 4362 4822 1
158 159 4792 1
3634 4677 4902 1
4252 521 4937 1
3050 3204 3386 1
3171 4167 4811 1
2793 1591 4727 1
2977 2975 4964 1
163 274 4729 1
3322 3397 5134 1
1704 2713 4958 1
3457 290 5609 1
4491 1304 4893 1
3942 3939 4807 1
300 4029 5167 1
2500 3132 4801 1
4116 4183 4829 1
105 106 268 1
3456 2451 4926 1
2941 2939 4838 1
3144 3145 4813 1
2014 2730 4926 1
304 160 4749 1
1884 1802 4802 1
1474 1860 5095 1
2749 4726 4848 1
2417 2455 3050 1
450 403 4856 1
4099 4100 5049 1
2675 2137 4765 1
4267 3387 5568 1
762 925 4932 1
3649 3658 4835 1
981 4751 4785 1
4724 311 4965 1
4568 2594 4816 1
3706 1151 5197 1
1826 1954 4852 1
1418 1815 4806 1
866 3663 5013 1
2851 2805 4929 1
2982 2981 4985 1
4236 1804 5071 1
2718 1583 4739 1
1591 1595 4727 1
3461 3613 4891 1
1135 4513 4782 1
4521 4104 4754 1
1583 1585 4739 1
313 135 4794 1
96 97 282 1
5220 1110 5323 1
1585 1589 4739 1
3435 2318 5600 1
3486 3489 4787 1
3091 3185 4834 1
3214 2812 5043 1
3455 2416 5506 1
3924 4625 4827 1
1879 4358 4814 1
2594 2561 4819 1
4714 2790 4892 1
3721 1414 5037 1
5593 893 5658 1
1380 1957 4823 1
31 32 4821 1
2823 2824 2926 1
1994 2425 4859 1
3976 5323 5537 1
2889 4017 5131 1
539 4334 5079 1
10 260 5232 1
1270 1306 4766 1
4349 4918 4982 1
5452 3745 5669 1
159 304 4792 1
486 481 4939 1
1764 838 4934 1
1391 1316 5095 1
401 4615 4856 1
2858 2859 4850 1
4853 4174 4900 1
5327 3084 5367 1
1431 1461 4928 1
2384 4666 4789 1
1771 752 4932 1
521 513 4937 1
875 433 4972 1
4572 3007 4822 1
415 413 5021 1
1965 4935 4941 1
4101 2893 5130 1
3635 9 5232 1
3328 2912 4896 1
2876 3703 5091 1
273 224 4761 1
3629 1492 5290 1
2097 765 4904 1
1681 4176 5102 1
3024 4763 4944 1
3284 3285 3286 1
1128 1235 4826 1
1364 1356 4765 1
5380 510 5417 1
2882 4980 5518 1
2906 4630 4778 1
3783 1918 4990 1
4105 4106 5130 1
2803 2387 4834 1
3769 4110 5505 1
3624 2906 4778 1
145 146 286 1
4685 2002 4796 1
357 31 4821 1
2952 2951 3245 1
3302 3149 4870 1
3205 2455 4851 1
3088 4367 4849 1
1144 1145 5082 1
3119 4503 4861 1
4776 2722 5001 1
3981 3980 5154 1
356 222 4767 1
756 755 4925 1
2886 2293 4846 1
3646 3649 4835 1
1984 2641 4809 1
1672 4817 4982 1
3026 3262 5019 1
2760 2868 4845 1
3583 3673 4960 1
4648 1824 4852 1
3773 3774 5034 1
3525 2749 4848 1
3467 4568 4816 1
5020 3044 5171 1
3446 3448 5028 1
199 200 4828 1
4726 3899 4848 1
3351 4005 5185 1
2959 4160 5259 1
1653 3950 5154 1
2865 2867 5083 1
1460 4142 5256 1
4132 5026 5059 1
4677 2767 4902 1
314 4377 5516 1
1992 3506 5255 1
2619 2621 5005 1
3125 5001 5032 1
3286 3353 3354 1
3587 3588 4878 1
1737 4106 5177 1
223 273 4767 1
2328 1854 4805 1
2145 2479 4983 1
2319 2141 5000 1
346 4905 5143 1
2338 2339 5026 1
3119 4861 4936 1
3680 4934 5033 1
4632 4337 4833 1
4775 510 5380 1
3548 991 5339 1
4671 4516 4861 1
2157 2155 4855 1
1205 1124 4844 1
1223 4395 4858 1
1080 1076 4842 1
1775 4627 4805 1
2383 3850 5022 1
1306 1781 4766 1
3130 4881 4898 1
4653 659 5572 1
380 377 4830 1
4174 3072 4900 1
2363 1963 4853 1
3731 258 5387 1
4559 2165 4825 1
3073 4572 4822 1
802 2706 5029 1
3051 3052 4839 1
3653 3657 4931 1
3936 5286 5306 1
1167 3587 5197 1
1304 1228 4857 1
4395 4793 4858 1
806 965 5002 1
1842 4669 4901 1
1357 1696 4871 1
1617 3994 4921 1
3284 3245 3285 1
1463 1435 4987 1
1973 2518 5010 1
4265 1842 4901 1
4293 2475 5085 1
1356 4087 4765 1
218 219 4847 1
136 359 4794 1
3113 4684 4859 1
4650 4998 5317 1
403 401 4856 1
1463 4101 5101 1
917 940 5004 1
4820 4718 4866 1
3658 3651 4931 1
821 814 4854 1
1485 4697 4864 1
1065 1067 4865 1
1202 4024 4874 1
3273 3610 5553 1
3130 3231 5018 1
5103 3109 5200 1
2267 5108 5450 1
4950 1062 5241 1
44 45 369 1
4583 2772 4820 1
5087 1191 5168 1
3038 4461 4984 1
2137 1364 4765 1
2737 4422 5132 1
4649 4650 4869 1
3106 4648 4852 1
2410 2789 4873 1
5238 4641 5638 1
2412 2413 4860 1
3906 3907 5199 1
1854 1775 4805 1
3012 4698 4827 1
4558 4632 4833 1
2846 3083 5073 1
1379 1835 4875 1
4388 3079 5030 1
3630 4269 5405 1
965 804 5029 1
206 207 4930 1
3153 3154 5124 1
322 251 5588 1
4198 3592 4965 1
4814 4358 4868 1
3215 4587 5442 1
2863 2467 4962 1
5088 2871 5116 1
4025 1623 5075 1
969 5050 5083 1
4358 1598 4868 1
2552 4772 4839 1
2117 810 5002 1
358 158 4792 1
3504 2848 5073 1
4845 2399 4941 1
1960 1998 5025 1
767 4674 4904 1
3733 3759 4889 1
459 1103 5014 1
2785 2787 4877 1
969 913 5050 1
3608 3609 4841 1
4141 4142 5226 1
1767 380 4830 1
2305 3117 4784 1
2223 2305 4784 1
4503 4671 4861 1
4680 3038 4984 1
2702 3331 4836 1
2845 4652 4866 1
4987 4098 5049 1
476 3671 5129 1
4752 3779 4824 1
4383 3015 5240 1
990 4902 5015 1
4996 3333 5152 1
4697 2776 4864 1
4684 1747 4859 1
1729 1842 4863 1
3528 3527 5157 1
345 3626 5194 1
2905 4287 5067 1
4176 2983 5122 1
2253 2223 4784 1
1884 4802 5575 1
3744 3745 5246 1
3598 706 5181 1
1263 4294 4994 1
3474 3498 5522 1
4132 4769 5026 1
2161 2159 4883 1
314 199 4828 1
643 625 4890 1
4795 779 5094 1
2219 2221 4953 1
4279 1640 5009 1
1824 1826 4852 1
431 429 4884 1
891 866 5013 1
465 469 5042 1
903 4557 5103 1
475 456 5027 1
533 539 5079 1
4979 2664 5070 1
961 575 5102 1
3408 3461 4867 1
1103 461 5035 1
1149 1167 5197 1
2759 4541 4862 1
219 305 4847 1
4652 2136 4866 1
2425 2990 4968 1
40 41 4967 1
4772 3051 4839 1
3124 4776 5001 1
2753 2945 4901 1
3699 3755 4908 1
276 196 4970 1
1233 1184 4881 1
3073 4822 4882 1
4541 1764 4862 1
302 4649 4869 1
103 104 361 1
3617 3618 5414 1
2641 3537 4809 1
4951 3374 5543 1
1325 1977 5054 1
4914 3625 4925 1
5576 1744 5581 1
1249 1265 5107 1
362 4880 5336 1
470 1772 5060 1
4886 332 5535 1
3257 2857 5123 1
626 1681 5102 1
408 410 4872 1
3429 4813 4959 1
249 4780 5222 1
775 1386 5094 1
2785 4877 4899 1
2290 3621 5324 1
3986 3988 5396 1
3286 3285 3353 1
4476 1884 4980 1
2746 1323 5054 1
3929 3930 5266 1
3281 2506 4897 1
469 467 5060 1
330 3867 5530 1
3423 3073 4882 1
4861 2395 4936 1
5425 3120 5433 1
2671 3076 5111 1
3518 4378 5084 1
3294 2895 5125 1
4883 4025 5075 1
5458 3332 5501 1
4372 3299 5085 1
2783 2785 4899 1
2596 3936 5326 1
3075 3615 5489 1
4516 2395 4861 1
256 2 4886 1
2776 2799 4864 1
1843 4145 4903 1
3155 3153 5160 1
2512 2826 5113 1
32 280 4821 1
3004 4501 5039 1
5004 3131 5050 1
2319 5000 5354 1
4152 416 5314 1
3784 3705 5198 1
382 1767 4995 1
4890 625 4922 1
233 340 5135 1
1747 1994 4859 1
2912 2911 4885 1
367 4986 5131 1
2985 2971 4894 1
1360 3370 5691 1
1150 1302 5048 1
301 3616 5653 1
1402 1261 4815 1
5417 4605 5421 1
5232 260 5312 1
3940 3941 4913 1
4047 634 5589 1
3564 3565 4906 1
4030 2361 5215 1
2242 2338 4892 1
3460 3459 5097 1
2731 4259 4924 1
201 202 4880 1
2576 3090 4915 1
3397 1967 5651 1
1214 1263 4994 1
4852 1954 4957 1
3616 344 5653 1
4769 2338 5026 1
3469 2803 5437 1
1261 4363 4815 1
3844 3845 4920 1
4859 2425 4968 1
1898 2322 5188 1
52 53 4887 1
2458 4051 5151 1
3491 5172 5261 1
1788 1644 5007 1
2614 2904 4895 1
2910 3717 5307 1
2626 2628 5100 1
1642 1788 5009 1
4490 2819 5020 1
2705 3868 4909 1
2939 4710 4838 1
3295 3416 5239 1
2730 4491 4893 1
1848 1402 4815 1
3563 4168 5661 1
28 312 5074 1
1630 1629 4916 1
3582 3583 4960 1
3133 4845 4941 1
625 574 4922 1
4454 1851 5105 1
5021 413 5665 1
3368 3175 5069 1
3096 3098 4923 1
2337 2383 5022 1
3303 4487 5126 1
3593 2646 5230 1
319 4797 5330 1
3264 5576 5581 1
3535 2908 5016 1
2817 2815 4948 1
1851 4496 5008 1
735 678 4910 1
4881 1185 4898 1
1860 1549 5188 1
3129 3575 5456 1
154 155 4876 1
3343 5377 5410 1
3086 3341 5211 1
3357 2701 5275 1
4393 4694 4924 1
611 4947 5297 1
3022 1959 5254 1
124 125 4917 1
4655 5118 5138 1
1862 4836 4996 1
2267 2265 5108 1
2199 3469 5615 1
200 362 4828 1
3005 3600 5351 1
4981 3757 5087 1
4349 2386 4918 1
4160 4159 5259 1
4124 2006 5250 1
4428 2728 5069 1
3148 3303 5126 1
5433 4478 5436 1
275 3392 5598 1
1022 386 5017 1
1918 4510 4990 1
282 4969 5046 1
2000 1837 4851 1
3886 3905 5199 1
2928 2887 5164 1
435 875 5109 1
5467 2859 5586 1
3412 3411 5243 1
3334 3332 5458 1
2181 2179 5119 1
3089 4189 5371 1
1843 4903 4976 1
1737 1439 5101 1
4639 2476 5263 1
2912 4885 5579 1
4872 410 4943 1
3691 3747 5244 1
1837 1838 4851 1
3046 3629 5290 1
765 767 4904 1
65 272 5127 1
2451 2014 4926 1
755 921 4925 1
703 3981 5259 1
5061 3108 5112 1
196 197 4970 1
3951 3097 5070 1
940 4818 5004 1
1018 1139 4911 1
2805 3002 4929 1
1414 1412 5037 1
36 37 4912 1
2545 2741 5080 1
4621 4484 4999 1
3096 4923 4979 1
3098 3887 4978 1
4205 1862 4996 1
363 218 4847 1
4740 5030 5418 1
801 1616 5179 1
328 5137 5271 1
1437 1463 5101 1
2358 2359 4940 1
3145 3143 4933 1
208 209 298 1
2767 2853 4902 1
4484 3512 4999 1
838 835 4934 1
4818 3131 5004 1
2860 3759 5006 1
2956 3390 5178 1
3912 4795 5094 1
2779 2781 4938 1
4262 4393 4924 1
3665 1734 5374 1
4908 3026 5019 1
4552 2949 5279 1
889 392 5047 1
3233 2921 5634 1
4142 3013 5278 1
472 476 5129 1
4048 4046 5677 1
3141 3140 4942 1
1433 1431 4928 1
1638 565 5184 1
4694 2731 4924 1
3984 3983 5158 1
2662 2894 5106 1
4168 4753 5120 1
3749 330 5621 1
53 364 4887 1
240 241 4951 1
3651 3653 4931 1
296 184 5194 1
2136 4820 4866 1
46 47 300 1
257 248 5222 1
2937 3200 5260 1
4262 4924 5090 1
3113 4859 4968 1
4924 4259 5090 1
356 4581 5527 1
513 1721 4937 1
431 4884 4972 1
446 439 5155 1
3890 2943 5288 1
5083 2867 5099 1
3350 3349 5161 1
388 1022 5053 1
3453 350 5311 1
4669 2753 4901 1
366 4006 5580 1
569 961 5184 1
510 4605 5417 1
3981 2894 5210 1
5094 1386 5124 1
3466 3254 5093 1
3861 3859 5386 1
3123 4789 4907 1
752 762 4932 1
3106 4852 4957 1
2675 4765 4981 1
2941 4838 5254 1
4210 3233 5634 1
3153 5124 5160 1
3499 3488 5044 1
2919 2905 5170 1
4460 2840 5116 1
481 1392 4939 1
4149 4150 5278 1
2903 3553 4971 1
2890 2419 5092 1
267 232 5135 1
3790 3244 5400 1
1596 3871 5229 1
613 1654 4947 1
284 203 4840 1
4006 3246 5628 1
169 339 5189 1
5072 4228 5092 1
1809 1965 4941 1
1702 1299 5214 1
2516 2779 4949 1
2297 1971 4954 1
4087 3756 4981 1
4836 3331 4996 1
2274 2275 5275 1
1594 1590 5159 1
362 201 4880 1
3845 3848 5176 1
2779 4938 4949 1
4496 4864 5008 1
4613 2268 5077 1
3491 3485 5172 1
4448 2097 5142 1
2455 2000 4851 1
1216 1230 4946 1
4118 4114 4952 1
4126 4125 4977 1
3644 3637 4975 1
3120 4478 5433 1
3068 3067 4966 1
2897 2896 4956 1
2530 5270 5320 1
1075 1064 4950 1
323 3635 4955 1
3509 3758 4989 1
3938 3940 5182 1
20 3610 5443 1
4678 2483 4988 1
5667 1392 5668 1
3480 3921 5172 1
2429 3070 5086 1
4205 4996 5152 1
3155 5160 5198 1
3934 3938 5209 1
3487 3500 5044 1
4810 3328 4896 1
2366 4746 5023 1
1657 1704 4958 1
5221 3894 5406 1
4590 3048 5290 1
807 797 5183 1
4666 4467 4907 1
410 412 4943 1
2802 2952 5031 1
147 4992 5343 1
2872 4274 4974 1
421 419 5206 1
1931 1733 5357 1
4799 3120 5425 1
3454 268 5524 1
99 100 5120 1
2284 2285 5173 1
4402 3209 5694 1
185 345 5194 1
819 815 5191 1
3930 3932 5257 1
2924 4094 5234 1
4765 4087 4981 1
3246 3716 5628 1
98 99 360 1
5092 4228 5169 1
3527 3128 5292 1
4296 3165 5602 1
258 91 5387 1
394 889 5098 1
2981 2977 4964 1
4889 2907 4914 1
4139 4138 5310 1
4107 4140 5226 1
4918 3998 4982 1
3365 1843 4976 1
299 168 5189 1
3759 3760 5006 1
4430 4431 5118 1
3678 3677 5586 1
3707 3706 5428 1
3822 3823 4993 1
1294 1333 5214 1
3610 20 5553 1
1382 1384 5223 1
316 36 4912 1
2881 3215 5442 1
3035 3550 5328 1
55 315 5121 1
634 4047 5610 1
3070 3680 5033 1
3810 3808 5465 1
433 431 4972 1
4461 2399 4984 1
3515 2291 5316 1
3999 4678 4988 1
1233 4881 5018 1
4980 3241 5518 1
2395 4688 4936 1
3685 3687 5217 1
4534 299 5189 1
3929 5266 5286 1
331 4064 5348 1
3095 5434 5436 1
2368 4190 5559 1
359 4810 4896 1
4767 273 5148 1
3413 3404 5228 1
4665 3133 4935 1
2221 2253 4953 1
3422 340 5620 1
3957 5025 5171 1
2921 2744 5147 1
4655 4654 4973 1
358 3415 5556 1
3848 2924 5212 1
48 366 5580 1
991 3548 5390 1
3565 3567 5046 1
3970 2832 5036 1
812 968 5262 1
2719 3433 5357 1
4561 4825 4905 1
60 355 5192 1
2088 808 5262 1
1578 1574 5304 1
3992 2317 5465 1
3592 3591 4965 1
2467 3114 4962 1
1441 1737 5177 1
753 745 5218 1
3097 3096 4979 1
5128 3697 5660 1
217 363 5041 1
4716 3715 5204 1
4885 2911 4919 1
4789 4666 4907 1
2057 4908 5019 1
3316 3596 5074 1
1433 4928 4987 1
4189 4188 5371 1
290 244 5609 1
4059 1684 5509 1
3654 5617 5643 1
4824 3779 4900 1
5142 3845 5176 1
2878 3273 5162 1
1460 1445 5196 1
4155 4154 5065 1
4606 1387 5003 1
2147 4526 5145 1
4190 3923 5559 1
2143 2145 4983 1
3367 2982 4985 1
4797 3554 5330 1
3107 3106 4957 1
2905 5067 5170 1
5016 2908 5022 1
4297 2072 5272 1
3940 5145 5182 1
2061 3769 5464 1
2823 3506 5056 1
3323 3322 5134 1
142 143 4963 1
3618 301 5291 1
4701 64 5127 1
3665 3319 5341 1
4066 3804 5230 1
2738 4476 4980 1
283 52 4887 1
2205 2207 5313 1
4887 364 4888 1
4902 2853 5015 1
3023 3191 5372 1
1678 4160 5371 1
2911 4738 4919 1
216 217 5041 1
4881 3130 5018 1
3317 2499 5251 1
155 277 4876 1
270 3413 5630 1
1387 4731 5003 1
4825 3270 4905 1
387 389 5258 1
3415 277 5556 1
4864 2799 5008 1
2006 2007 5250 1
4780 3354 5222 1
1435 1433 4987 1
475 5027 5636 1
3656 3647 5490 1
151 307 4843 1
3114 3113 4968 1
3621 3172 5324 1
4150 3081 5310 1
3532 2245 5237 1
2446 3155 5235 1
4738 2914 4919 1
2869 4077 5141 1
3207 3104 5374 1
4046 4050 5677 1
4873 2789 4898 1
3915 1955 5112 1
104 105 4927 1
2658 2959 5210 1
252 288 5588 1
3360 3969 5051 1
5421 1735 5445 1
1141 445 5267 1
4289 4290 5305 1
3908 4019 5303 1
2249 2247 5221 1
1693 4776 4944 1
1734 3665 5366 1
3622 293 5063 1
3152 2398 5205 1
1694 4044 5566 1
5241 1079 5257 1
2052 3147 5203 1
485 4781 5548 1
4137 4136 5368 1
3017 2919 5227 1
441 446 5236 1
1851 5008 5105 1
301 128 5291 1
2793 4257 5011 1
3893 3894 5373 1
3321 3464 5341 1
3502 3493 5150 1
1781 1407 5110 1
2141 2143 5000 1
4160 2959 5309 1
291 4676 5308 1
1060 1079 5241 1
38 39 4986 1
2143 4983 5000 1
1977 4551 5163 1
3733 4889 4914 1
330 5530 5621 1
4746 3606 5023 1
3806 3992 5465 1
3988 3773 5034 1
2313 2459 5251 1
384 382 4995 1
915 917 5004 1
2940 3457 5282 1
2884 2883 5012 1
4811 4218 5512 1
3190 3986 5440 1
4309 1638 5376 1
202 284 4880 1
991 922 5339 1
2894 2660 5210 1
3138 3190 5466 1
1497 1915 5202 1
4838 3022 5254 1
2728 4528 5195 1
3410 1255 5685 1
3274 2444 5277 1
94 95 5547 1
3279 3665 5374 1
4510 2746 4990 1
3829 4635 5041 1
4654 266 4973 1
3102 3207 5380 1
3935 4950 5241 1
3271 3138 5486 1
3272 2526 5689 1
4453 3197 5514 1
706 398 5181 1
2812 3702 5043 1
2991 3458 5233 1
3918 2810 5289 1
364 54 5121 1
4064 4715 5348 1
3147 4695 5203 1
649 5297 5325 1
2428 2429 5086 1
365 3546 5515 1
3938 5182 5209 1
4782 4513 5136 1
365 154 4876 1
1295 1214 4994 1
3966 3964 5668 1
349 3704 5338 1
2722 4420 5001 1
4322 4888 5567 1
810 806 5002 1
3537 2821 5056 1
2621 2874 5005 1
3146 2808 5354 1
2483 3325 4988 1
1726 1449 5256 1
2820 3789 5024 1
457 459 5014 1
37 367 4912 1
4543 296 5187 1
4287 4815 5067 1
4813 3145 4959 1
2819 1973 5010 1
2397 2881 5205 1
2841 3446 5028 1
4866 4718 5072 1
4442 2087 5425 1
3498 3475 5153 1
338 4544 5416 1
2919 5170 5227 1
2845 4866 5072 1
1644 1865 5007 1
148 149 320 1
3003 3005 5325 1
4478 3095 5436 1
279 4635 5372 1
5212 2924 5234 1
2245 1899 5237 1
4020 4035 5303 1
3655 3654 5643 1
1238 1009 5640 1
1640 1642 5009 1
308 22 5338 1
2875 1570 5225 1
3670 1838 5315 1
2947 4383 5279 1
296 4460 5187 1
3482 3480 5172 1
818 3915 5133 1
4736 515 5503 1
1447 1460 5256 1
3397 1605 5560 1
3238 1233 5018 1
4307 4308 5388 1
3750 329 5646 1
4641 315 5638 1
1492 3629 5345 1
2593 2273 5175 1
3243 5434 5444 1
3055 4203 5375 1
2685 4621 4999 1
3552 3460 5097 1
386 384 5017 1
58 278 5238 1
354 194 5281 1
3331 3333 4996 1
780 3034 5339 1
2407 1960 5025 1
4790 1672 4982 1
342 4657 4998 1
278 59 5192 1
339 4655 5138 1
3490 3499 5150 1
3256 3053 5375 1
2951 5186 5539 1
3243 711 5434 1
4235 1226 5439 1
3997 3998 5068 1
97 98 4969 1
1130 1012 5635 1
2207 2209 5298 1
2339 2791 5026 1
109 297 5311 1
3475 3477 5153 1
892 893 5664 1
261 4210 5634 1
3312 4716 5204 1
451 415 5021 1
3326 5021 5665 1
268 3454 5331 1
2459 4454 4997 1
3915 5112 5133 1
3139 2405 5353 1
456 457 5027 1
315 4640 5121 1
2170 891 5013 1
129 351 5291 1
3045 3957 5171 1
3892 3895 5370 1
804 802 5029 1
350 3454 5524 1
2025 2408 5250 1
1670 3904 5283 1
457 5014 5027 1
4290 1690 5388 1
2356 2587 5579 1
2053 2054 5277 1
3079 3080 5030 1
1684 4059 5523 1
1986 2328 5175 1
461 463 5035 1
3129 2802 5031 1
3310 2692 5596 1
5263 2476 5510 1
3998 4790 4982 1
2689 3011 5378 1
1998 4490 5020 1
4192 4262 5090 1
1616 5164 5179 1
3121 4839 5174 1
1967 1537 5651 1
649 609 5297 1
2853 3026 5015 1
353 4298 5280 1
23 349 5338 1
3138 5466 5486 1
3477 4661 5045 1
2373 4786 5582 1
4123 4121 5510 1
3930 5257 5266 1
416 418 5314 1
4594 645 5480 1
101 102 306 1
2895 3551 5125 1
2908 2337 5022 1
1462 1453 5302 1
3326 3217 5659 1
834 4236 5033 1
2942 3724 5508 1
915 5004 5050 1
3371 4782 5136 1
3218 4594 5480 1
1852 4016 5623 1
463 465 5042 1
2799 2948 5008 1
3239 2938 5282 1
2097 4920 5142 1
3883 3884 5057 1
3216 3326 5627 1
384 4995 5017 1
4687 4590 5253 1
4134 818 5156 1
49 50 5185 1
1148 1150 5048 1
5001 4420 5032 1
2291 1051 5316 1
2735 2733 5344 1
3271 5486 5498 1
2706 4328 5337 1
4420 624 5032 1
3944 2456 5526 1
392 390 5047 1
3492 3494 5336 1
4567 4429 5305 1
448 1141 5346 1
2951 2418 5186 1
2557 4027 5353 1
3802 3799 5684 1
317 142 4963 1
3945 3944 5526 1
3809 3810 5472 1
2654 3089 5309 1
4692 4155 5065 1
1492 1224 5253 1
1616 4134 5166 1
913 915 5050 1
3330 3329 5591 1
3599 3004 5039 1
5000 3146 5354 1
27 28 5074 1
4815 4363 5067 1
818 5133 5156 1
2229 2193 5301 1
1048 1046 5316 1
1451 1726 5302 1
3041 2366 5023 1
2953 3041 5271 1
1550 1770 5237 1
4058 4059 5509 1
4059 3201 5532 1
329 17 5646 1
1293 1360 5691 1
4493 3310 5596 1
4724 4965 5411 1
4636 4115 5633 1
458 455 5389 1
5035 463 5042 1
2774 5003 5062 1
5185 50 5369 1
5026 2791 5059 1
2685 4999 5061 1
4242 2107 5457 1
1713 3817 5657 1
3190 5440 5466 1
3380 3266 5581 1
3251 2901 5575 1
1412 1811 5037 1
1965 2235 5066 1
422 531 5329 1
3164 2401 5423 1
2837 2835 5399 1
2250 2231 5322 1
3505 3504 5058 1
3253 3345 5667 1
4587 262 5442 1
4134 5156 5166 1
3550 4471 5328 1
4936 2870 5088 1
4781 3249 5548 1
4370 272 5481 1
5108 3244 5450 1
4342 2685 5061 1
4605 1735 5421 1
3778 4752 5247 1
1471 1459 5358 1
627 1679 5480 1
3232 4736 5503 1
5591 3329 5686 1
5050 3131 5083 1
367 38 4986 1
2774 4606 5003 1
3940 4913 5145 1
390 388 5053 1
4947 3200 5297 1
1743 1926 5269 1
4203 3158 5616 1
1415 1787 5506 1
4098 4099 5049 1
3571 3570 5190 1
1947 420 5329 1
2056 3777 5601 1
2828 2318 5422 1
493 1861 5468 1
4243 2454 5078 1
3381 5429 5446 1
3533 3593 5230 1
5176 3848 5212 1
3960 3183 5509 1
1323 1325 5054 1
2959 2656 5309 1
4689 1404 5202 1
4341 4195 5685 1
5484 341 5687 1
1205 4844 5304 1
4844 3501 5304 1
235 292 5620 1
467 470 5060 1
4939 1392 5667 1
2916 2461 5284 1
133 134 5245 1
4269 3593 5405 1
4913 2147 5145 1
1539 1605 5651 1
1455 1462 5342 1
1681 4692 5065 1
2791 3432 5059 1
5179 3505 5183 1
4918 4351 5068 1
4157 4156 5363 1
3212 2736 5519 1
4051 2876 5091 1
3332 3330 5501 1
245 325 5609 1
321 206 4930 1
4045 4047 5589 1
4363 3913 5067 1
4947 1654 5260 1
3488 3487 5044 1
18 269 5646 1
4267 4266 5583 1
426 1734 5366 1
3200 4947 5260 1
1804 3157 5071 1
460 458 5521 1
3207 4775 5380 1
2087 4799 5425 1
2848 2846 5073 1
1044 1110 5319 1
1493 1494 5383 1
132 133 5517 1
685 487 5468 1
3258 2694 5534 1
2859 2546 5631 1
3097 4979 5070 1
1023 3136 5561 1
2403 3139 5423 1
4550 1771 5355 1
4296 4295 5544 1
93 310 5299 1
3452 2813 5075 1
4010 3259 5531 1
3083 4353 5076 1
340 234 5620 1
1145 1148 5082 1
3131 2865 5083 1
4044 4042 5589 1
3725 3812 5395 1
3178 2502 5448 1
4739 2793 5011 1
4229 2089 5583 1
389 391 5492 1
3546 307 5515 1
3175 4428 5069 1
19 20 5443 1
3817 1713 5650 1
4553 295 5605 1
2888 2774 5062 1
3986 5396 5440 1
4403 1844 5399 1
4151 4487 5662 1
531 424 5366 1
280 33 5377 1
5010 4030 5215 1
1215 4687 5253 1
5084 2993 5089 1
2463 2464 5350 1
3625 2999 5268 1
1691 533 5079 1
1148 5048 5082 1
3241 2902 5518 1
3364 3409 5081 1
2475 4372 5085 1
2486 2263 5406 1
2417 3050 5186 1
287 40 4967 1
631 632 5523 1
3817 3280 5657 1
698 3960 5504 1
4786 3231 5582 1
4635 3828 5372 1
344 126 5653 1
3119 4936 5088 1
5047 390 5053 1
523 4267 5544 1
4942 3140 5355 1
41 42 5064 1
3304 1891 5550 1
5070 2664 5106 1
195 276 5281 1
345 186 5630 1
2850 2545 5080 1
2897 4956 5507 1
1783 489 5548 1
2570 2360 5444 1
4378 2993 5084 1
2863 4962 5505 1
879 753 5526 1
3570 3729 5190 1
4787 3497 5340 1
4920 3845 5142 1
4888 364 5567 1
2711 3401 5332 1
5131 4986 5660 1
2718 4739 5011 1
511 876 5503 1
2993 3770 5089 1
1472 1471 5469 1
54 55 5121 1
740 4520 5315 1
2675 4981 5087 1
3155 4921 5235 1
1734 428 5398 1
4438 2704 5454 1
3740 3739 5104 1
2433 3119 5088 1
3354 3353 5052 1
4447 4723 5441 1
20 21 5553 1
4998 4597 5317 1
4921 3994 5235 1
2385 2211 5500 1
2741 4613 5077 1
2821 2823 5056 1
1684 671 5504 1
349 24 5598 1
2179 2135 5420 1
3615 3616 5536 1
3249 3194 5564 1
4259 3984 5090 1
3395 4720 5231 1
2416 1413 5506 1
4427 1697 5397 1
3417 5285 5287 1
3254 3456 5093 1
127 301 5653 1
1770 1475 5385 1
5078 3984 5158 1
3944 2549 5558 1
1112 1144 5587 1
2372 2421 5414 1
2419 2845 5092 1
4505 3036 5306 1
3671 3361 5129 1
3626 345 5494 1
1302 1152 5413 1
2317 3992 5487 1
2514 2873 5545 1
4764 3797 5432 1
3197 4453 5613 1
396 394 5098 1
3904 2807 5403 1
779 775 5094 1
918 4616 5289 1
2810 4800 5289 1
360 4906 4969 1
4355 944 5611 1
4802 3251 5575 1
5172 3921 5261 1
3769 4962 5464 1
5027 3966 5636 1
1316 1474 5095 1
2592 2593 5294 1
3017 5227 5283 1
1231 1492 5345 1
5063 293 5246 1
5052 3240 5438 1
650 1684 5523 1
1713 589 5650 1
575 626 5102 1
3387 2800 5568 1
3134 4791 5424 1
3636 1607 5201 1
5008 2948 5105 1
143 368 4963 1
3232 3223 5511 1
4380 2729 5448 1
944 503 5611 1
102 103 5038 1
3132 3317 5308 1
2277 2276 5332 1
3170 3218 5471 1
3188 2814 5584 1
2628 2869 5100 1
3010 4658 5300 1
4824 4157 5570 1
684 698 5504 1
34 35 5410 1
1392 478 5636 1
2186 2576 5560 1
4622 4240 5461 1
2556 3212 5568 1
3781 2998 5312 1
5445 4584 5455 1
1701 597 5610 1
1786 4660 5413 1
1265 1397 5107 1
3548 3094 5390 1
2913 2675 5087 1
276 4706 5281 1
497 1783 5611 1
3442 4886 5535 1
2664 2662 5106 1
4036 4034 5671 1
4718 2390 5072 1
634 601 5566 1
591 621 5650 1
1439 1437 5101 1
3108 2934 5112 1
3421 4596 5502 1
4603 4602 5416 1
2407 5025 5040 1
2485 4715 5096 1
3244 3243 5450 1
2265 2486 5108 1
437 435 5109 1
3506 2926 5255 1
3230 2426 5452 1
931 4275 5507 1
221 356 5527 1
3167 2512 5113 1
303 4721 5081 1
411 872 5665 1
4493 407 5577 1
3697 2889 5131 1
3290 4706 5695 1
5058 807 5183 1
2893 4105 5130 1
3912 5094 5124 1
1154 1786 5413 1
2909 2671 5111 1
4557 2718 5103 1
3244 5108 5400 1
603 1694 5566 1
2433 5088 5116 1
2639 4088 5606 1
4282 336 5497 1
4885 2356 5579 1
39 287 4986 1
351 5418 5614 1
3738 2195 5673 1
3070 5071 5086 1
5429 4197 5446 1
599 634 5610 1
209 210 5115 1
4464 2737 5498 1
4243 5158 5193 1
4616 969 5099 1
64 65 5127 1
187 270 5630 1
3503 4840 5475 1
5076 819 5191 1
3105 4935 5066 1
5325 3005 5351 1
4571 2756 5323 1
3196 3455 5533 1
2549 2174 5558 1
146 147 5343 1
4715 4064 5096 1
430 4775 5398 1
3121 4973 5364 1
3559 3373 5285 1
5074 312 5363 1
3580 3364 5482 1
1260 1401 5146 1
2718 5011 5103 1
2983 2984 5122 1
5112 2934 5133 1
3052 4430 5118 1
2289 2181 5119 1
3863 3860 5426 1
3310 4493 5577 1
157 358 5556 1
2909 5111 5144 1
4466 2803 5569 1
4736 3232 5511 1
2748 3152 5626 1
3154 3912 5124 1
2948 2950 5105 1
5119 3861 5386 1
4905 3270 5143 1
2857 3337 5123 1
969 5083 5099 1
4962 3114 5464 1
4706 276 5695 1
4335 4618 5644 1
2004 2006 5678 1
350 108 5311 1
25 275 5598 1
1407 2284 5110 1
5021 3326 5659 1
2219 4953 5476 1
3836 3838 5349 1
2317 2217 5476 1
3980 1653 5154 1
3163 2255 5542 1
2840 2433 5116 1
3147 3148 5126 1
1865 4205 5152 1
3998 4918 5068 1
2215 2317 5487 1
5132 2102 5149 1
4935 1965 5066 1
5067 3913 5170 1
5435 548 5490 1
257 5438 5557 1
1959 3559 5254 1
84 85 5137 1
3329 3357 5686 1
3983 700 5158 1
51 283 5369 1
4499 3684 5593 1
3345 4939 5667 1
2934 2932 5133 1
405 450 5577 1
2424 3018 5452 1
4775 3207 5398 1
1735 4584 5445 1
232 233 5135 1
1838 1769 5315 1
4064 4335 5644 1
107 350 5524 1
1772 472 5129 1
4973 266 5364 1
3689 3693 5683 1
4511 3127 5463 1
4221 4448 5142 1
105 268 4927 1
95 96 5599 1
437 5109 5155 1
5271 3041 5401 1
1905 3291 5139 1
5091 1977 5163 1
4422 2102 5132 1
4221 5142 5176 1
3988 5337 5396 1
3441 3442 5535 1
4006 300 5580 1
1771 4942 5355 1
5180 2990 5233 1
3171 4811 5512 1
309 4977 5624 1
1915 4704 5360 1
4723 2340 5441 1
5115 3498 5153 1
300 4006 5628 1
3501 3491 5261 1
43 44 5117 1
3162 3626 5494 1
5133 2932 5156 1
3507 1721 5693 1
214 279 5140 1
2852 4575 5165 1
3185 3186 5615 1
2102 3311 5149 1
4118 4952 5263 1
3972 3213 5632 1
4525 341 5484 1
3717 2909 5144 1
4513 2364 5136 1
2917 2458 5151 1
368 144 5213 1
4667 346 5143 1
4168 5120 5381 1
4526 4264 5145 1
281 139 5681 1
213 214 5140 1
5455 739 5473 1
1607 3664 5216 1
3575 324 5456 1
3622 5063 5645 1
4614 1010 5672 1
3052 5118 5174 1
273 4762 5148 1
1612 3534 5352 1
5137 3595 5271 1
4228 2122 5169 1
3810 4953 5472 1
4770 2910 5265 1
2932 2930 5156 1
198 314 5516 1
5287 3373 5379 1
95 5114 5547 1
4879 4390 5245 1
439 437 5155 1
2744 2758 5147 1
4868 3260 5470 1
1386 4356 5160 1
1590 1604 5159 1
5158 700 5193 1
305 220 5527 1
3093 3121 5364 1
315 56 5638 1
5283 3904 5403 1
345 3413 5494 1
4551 2875 5163 1
4797 319 5117 1
3270 3269 5143 1
1664 4418 5549 1
4906 3565 5046 1
4237 1664 5562 1
4887 4888 5161 1
2913 5087 5168 1
5156 2930 5166 1
2819 5010 5215 1
2887 3505 5164 1
4953 2253 5472 1
396 5098 5181 1
2758 4626 5447 1
150 4843 5525 1
4563 3165 5519 1
3863 5426 5463 1
144 145 5213 1
282 97 4969 1
2930 2928 5166 1
3377 2021 5539 1
5034 2706 5337 1
4762 4761 5280 1
4743 347 5288 1
893 5593 5664 1
3946 3945 5218 1
5145 4264 5182 1
3166 5493 5590 1
302 4869 5495 1
5124 1386 5160 1
3228 4868 5470 1
2891 4243 5193 1
3762 4288 5692 1
4962 3769 5505 1
799 5179 5183 1
3260 4868 5666 1
2880 2878 5162 1
799 801 5179 1
3493 3490 5150 1
3438 3151 5242 1
5430 3117 5508 1
306 4168 5381 1
2917 5225 5248 1
5250 2408 5474 1
153 365 5515 1
3177 2852 5165 1
366 49 5185 1
293 3744 5246 1
2021 3738 5608 1
1151 1149 5197 1
3889 3890 5574 1
5499 305 5541 1
59 60 5192 1
5418 4742 5614 1
2845 5072 5092 1
314 5359 5460 1
4544 4543 5187 1
2891 5193 5207 1
5217 1238 5640 1
1664 5549 5562 1
283 4887 5161 1
4868 1598 5666 1
4029 300 5628 1
658 4221 5176 1
1905 5139 5223 1
168 169 5189 1
797 799 5183 1
1687 4462 5617 1
2652 2650 5603 1
3913 1007 5170 1
4791 368 5213 1
5501 3330 5591 1
4298 3068 5280 1
5219 4619 5228 1
4967 41 5064 1
4840 204 5475 1
1443 1441 5177 1
4965 3591 5411 1
565 569 5184 1
3403 4743 5288 1
3400 4847 5499 1
3166 3781 5493 1
398 396 5181 1
3857 3840 5382 1
3213 4628 5632 1
3021 2890 5169 1
3336 2913 5168 1
3871 903 5200 1
1010 4870 5672 1
42 319 5064 1
4264 1075 5182 1
4829 2758 5447 1
5463 3127 5491 1
2285 2550 5173 1
317 4764 5432 1
3125 5032 5462 1
5100 2869 5141 1
184 185 5194 1
4528 2956 5178 1
3042 2891 5207 1
4956 931 5507 1
815 1170 5191 1
3485 3482 5172 1
3866 5435 5490 1
3109 2916 5200 1
3074 3395 5409 1
248 249 5222 1
3905 3906 5199 1
2273 1986 5175 1
361 104 4927 1
316 4912 5211 1
2418 2417 5186 1
2416 3455 5613 1
2122 4619 5219 1
4584 739 5455 1
5169 2122 5219 1
297 4647 5240 1
4843 3545 4991 1
4227 1613 5207 1
5151 2875 5225 1
1549 1898 5188 1
3156 5232 5312 1
5160 4356 5198 1
3469 5437 5615 1
45 46 5167 1
1443 5177 5196 1
141 317 5432 1
5193 4227 5207 1
3351 5185 5369 1
700 4227 5193 1
3505 5058 5183 1
336 4929 5497 1
1110 5220 5319 1
1445 1443 5196 1
4356 3784 5198 1
4953 3810 5476 1
277 156 5556 1
5432 3797 5681 1
3839 3836 5349 1
9 10 5232 1
2361 3044 5215 1
327 3763 5379 1
4116 4829 5447 1
4017 3086 5211 1
5225 4392 5248 1
658 5176 5212 1
5258 3656 5490 1
5182 1075 5209 1
4973 3121 5174 1
354 3580 5482 1
4970 197 5516 1
878 421 5206 1
745 747 5218 1
3616 3617 5536 1
5170 1007 5227 1
4925 3625 5268 1
3021 5169 5219 1
5113 3304 5550 1
3706 5197 5428 1
2398 2397 5205 1
57 58 5238 1
2660 2658 5210 1
1299 1294 5214 1
4340 658 5212 1
1144 5123 5587 1
3894 5221 5373 1
4140 4141 5226 1
4195 5300 5685 1
319 43 5117 1
3204 3205 5201 1
5242 3151 5456 1
2353 2052 5203 1
5186 3377 5539 1
5071 3157 5086 1
134 313 5245 1
360 99 5120 1
1570 4392 5225 1
1384 1905 5223 1
5063 5595 5645 1
5370 2486 5406 1
1404 1497 5202 1
3840 3839 5365 1
3988 5034 5337 1
4839 3052 5174 1
3454 3434 5320 1
3404 5219 5228 1
3853 3412 5243 1
4384 1596 5229 1
3694 3685 5217 1
145 286 5213 1
2247 2250 5221 1
5473 4562 5478 1
4037 1639 5671 1
3292 5484 5687 1
4123 5510 5678 1
5030 3080 5418 1
3693 5635 5683 1
3083 5076 5191 1
4340 5212 5234 1
3763 290 5287 1
47 48 5580 1
2550 2918 5208 1
4968 2990 5180 1
5428 4878 5578 1
5173 2550 5208 1
4159 703 5259 1
3404 3021 5219 1
211 318 5321 1
5224 269 5443 1
3111 2917 5248 1
334 4552 5279 1
2873 5149 5545 1
3316 5074 5363 1
443 441 5236 1
1654 4340 5234 1
2576 5134 5560 1
2646 4066 5230 1
1062 1060 5241 1
3308 3237 5690 1
3692 3691 5244 1
3780 3778 5247 1
2650 2327 5619 1
1638 5274 5376 1
2479 2446 5235 1
4619 3162 5228 1
5045 4661 5629 1
1007 4517 5227 1
2182 4539 5642 1
3935 5241 5257 1
5269 3380 5581 1
4054 4055 5252 1
3093 5364 5477 1
5335 2056 5601 1
3205 4851 5249 1
2990 2991 5233 1
4116 5447 5633 1
2803 4834 5437 1
307 152 5515 1
451 5021 5659 1
98 360 4969 1
3311 3312 5597 1
103 361 5038 1
3370 5195 5691 1
4094 2937 5260 1
3675 3022 5296 1
3135 5554 5689 1
4663 1855 5467 1
3932 3935 5257 1
739 4562 5473 1
1899 1550 5237 1
3204 5201 5216 1
5164 3505 5179 1
3692 5360 5392 1
3386 3204 5216 1
5096 4064 5644 1
2007 2025 5250 1
5229 2916 5284 1
756 5268 5327 1
4847 305 5499 1
808 812 5262 1
5296 2463 5350 1
4119 4118 5263 1
4392 2735 5248 1
194 195 5281 1
2499 2313 5251 1
3654 3652 5604 1
4618 2888 5644 1
5252 2735 5344 1
5152 3333 5451 1
443 5236 5267 1
3013 4149 5278 1
92 93 5299 1
4225 5376 5378 1
44 369 5117 1
4720 2851 5231 1
4243 5078 5158 1
2918 3295 5239 1
3838 3837 5264 1
3011 5272 5378 1
1449 1447 5256 1
1947 5329 5648 1
3781 5312 5493 1
287 4967 5128 1
300 47 5580 1
4821 280 5247 1
268 106 5524 1
3890 5288 5574 1
4753 360 5120 1
3895 3790 5400 1
5376 3137 5378 1
5383 4203 5616 1
5208 2918 5239 1
2385 4878 5298 1
2322 4376 5485 1
4620 5477 5552 1
548 387 5258 1
2701 2274 5275 1
1855 4850 5467 1
3015 4593 5240 1
5545 3311 5597 1
207 208 5295 1
4051 5091 5163 1
2072 4225 5272 1
3366 3137 5274 1
3019 4988 5595 1
1224 1215 5253 1
445 443 5267 1
4963 368 5157 1
3048 3046 5290 1
298 209 5115 1
5478 1724 5496 1
3724 5430 5508 1
1574 1205 5304 1
2461 2538 5284 1
4620 3093 5477 1
2408 4560 5474 1
313 4879 5245 1
3921 1578 5261 1
3652 3650 5573 1
3839 5349 5365 1
5297 3200 5325 1
3595 2953 5271 1
5608 3738 5673 1
3415 358 5488 1
108 109 5311 1
128 129 5291 1
5264 2250 5322 1
3114 4968 5180 1
1744 1743 5269 1
1079 4488 5266 1
4618 4335 5543 1
1998 5020 5171 1
2949 2947 5279 1
3840 5365 5382 1
2926 3350 5255 1
4587 3215 5687 1
2444 2053 5277 1
3464 3323 5648 1
314 4828 5359 1
4360 259 5276 1
3081 4139 5310 1
369 45 5167 1
4662 321 5629 1
3115 3116 5270 1
4157 5363 5570 1
5227 4517 5283 1
4580 356 5529 1
3221 3232 5520 1
2938 2940 5282 1
756 4925 5268 1
1721 3466 5693 1
3709 3707 5578 1
2943 3403 5288 1
4997 4286 5639 1
5521 4036 5671 1
5231 2851 5649 1
4019 4020 5303 1
4517 1670 5283 1
4878 3588 5298 1
3117 3115 5273 1
5257 1079 5266 1
210 211 5321 1
1075 4950 5209 1
609 611 5297 1
3558 3474 5522 1
2459 4997 5639 1
5201 1607 5216 1
4125 4124 5474 1
4562 1724 5478 1
3315 4770 5265 1
5266 4488 5286 1
4488 1699 5286 1
205 321 5475 1
5099 3193 5391 1
2538 3548 5347 1
3650 3648 5538 1
968 4054 5361 1
2090 4078 5676 1
5360 2864 5392 1
3417 2941 5285 1
3549 3347 5394 1
4065 331 5348 1
5244 1915 5360 1
5394 3347 5422 1
3593 3532 5641 1
2481 5326 5328 1
4283 291 5308 1
5539 2021 5608 1
3032 3198 5415 1
2193 2480 5301 1
1453 1451 5302 1
351 4740 5418 1
3011 4223 5384 1
2209 2385 5298 1
3136 5454 5561 1
3325 5590 5645 1
3554 3556 5330 1
2481 2596 5326 1
4761 353 5280 1
2452 2205 5313 1
4223 3032 5402 1
4115 4116 5633 1
5041 363 5622 1
4704 2864 5360 1
4054 5344 5361 1
3115 5270 5273 1
1950 3675 5333 1
4658 3410 5300 1
5120 100 5381 1
4376 4377 5460 1
2656 2654 5309 1
4429 4289 5305 1
3200 3003 5325 1
3087 2592 5294 1
4930 207 5295 1
3172 3174 5324 1
3167 5113 5550 1
5286 1699 5306 1
3866 3643 5435 1
3151 3129 5456 1
418 1947 5314 1
3694 5640 5664 1
317 4963 5292 1
4851 1838 5249 1
5018 3231 5592 1
336 4546 5649 1
1471 5368 5469 1
3804 1612 5352 1
3577 2452 5654 1
5324 3174 5334 1
5108 2486 5400 1
1733 2719 5357 1
3319 3321 5341 1
33 34 5377 1
4975 3205 5249 1
46 300 5167 1
356 4767 5529 1
1051 1048 5316 1
208 298 5295 1
92 5299 5387 1
4767 5148 5529 1
3724 3725 5430 1
4328 1689 5337 1
260 3623 5493 1
1046 1044 5319 1
2231 2229 5322 1
1699 4505 5306 1
3174 3176 5334 1
5334 3176 5356 1
3197 3187 5612 1
5114 95 5599 1
22 23 5338 1
3669 3670 5407 1
3497 3492 5336 1
4188 1678 5371 1
420 422 5329 1
4226 3182 5404 1
91 92 5387 1
50 51 5369 1
4471 2481 5328 1
5462 3188 5584 1
4800 918 5289 1
4209 328 5401 1
3614 3074 5409 1
4156 3316 5363 1
3828 3023 5372 1
2405 2557 5353 1
3652 5573 5604 1
1724 4567 5496 1
3017 5283 5403 1
3897 3893 5373 1
267 5135 5502 1
922 780 5339 1
1769 740 5315 1
3648 3656 5538 1
1457 1455 5342 1
2733 3009 5344 1
3176 3369 5356 1
3643 3669 5408 1
2808 4550 5355 1
453 448 5346 1
5384 4223 5402 1
2289 5119 5386 1
5402 3032 5415 1
327 5379 5696 1
4119 5263 5510 1
4136 3256 5368 1
2998 3156 5312 1
5131 4017 5670 1
3381 3380 5429 1
1110 4571 5323 1
3016 3189 5333 1
3104 3279 5374 1
5344 3009 5361 1
5284 2538 5347 1
306 102 5038 1
3041 4741 5401 1
3140 2319 5354 1
1457 5342 5358 1
4554 756 5327 1
3894 3892 5370 1
1459 1457 5358 1
5318 280 5377 1
3135 3134 5424 1
3373 3372 5379 1
4225 4309 5376 1
4715 3177 5348 1
355 4724 5411 1
298 5115 5153 1
2276 2711 5332 1
3100 3102 5380 1
3498 5115 5321 1
3087 5294 5335 1
3009 3436 5361 1
3454 5320 5331 1
3116 4226 5331 1
2464 3016 5350 1
332 3605 5535 1
2888 5096 5644 1
3231 4786 5592 1
3034 4384 5347 1
3053 3055 5375 1
1317 1231 5345 1
5349 2480 5365 1
4371 3381 5446 1
100 101 5381 1
2917 5151 5225 1
4485 649 5351 1
4384 5284 5347 1
3364 5081 5482 1
3496 4787 5340 1
453 5346 5389 1
3264 3160 5576 1
1690 4307 5388 1
5123 3337 5587 1
424 426 5366 1
3859 3857 5386 1
3187 3310 5612 1
3697 5131 5660 1
326 3622 5645 1
3325 3166 5590 1
5337 1689 5396 1
3902 5421 5445 1
3137 2689 5378 1
3902 3099 5421 1
3100 5380 5417 1
3860 3861 5426 1
3217 3802 5659 1
622 631 5618 1
4597 4685 5317 1
3016 5333 5350 1
266 4645 5364 1
3342 3087 5335 1
5143 3269 5481 1
1787 4222 5637 1
328 5271 5401 1
3220 3221 5520 1
1844 1493 5383 1
3494 3495 5359 1
4222 3208 5637 1
5115 210 5321 1
57 5238 5638 1
3829 5041 5622 1
4963 5157 5292 1
2480 4574 5365 1
1839 5367 5393 1
4361 4427 5397 1
5081 4721 5482 1
1839 4554 5367 1
4685 4796 5317 1
3838 5301 5349 1
2864 4463 5392 1
3160 3976 5537 1
3186 5439 5615 1
455 453 5389 1
4528 5178 5195 1
748 4297 5384 1
2452 5313 5654 1
5655 4424 5679 1
140 141 5432 1
3650 5538 5573 1
3323 4915 5648 1
4361 5397 5419 1
3233 4210 5652 1
101 306 5381 1
711 3974 5434 1
5493 3623 5590 1
3402 5152 5451 1
3099 3100 5417 1
3909 5455 5473 1
3841 2061 5464 1
4554 5327 5367 1
3099 5417 5421 1
3909 3110 5455 1
1689 4148 5396 1
1317 5345 5385 1
2835 4403 5399 1
5412 3193 5427 1
4915 1947 5648 1
5291 351 5614 1
3633 3289 5449 1
4124 5250 5474 1
5434 3974 5436 1
298 5045 5295 1
428 430 5398 1
5333 3675 5350 1
4574 2289 5382 1
4667 5143 5481 1
4843 4991 5525 1
1475 1317 5385 1
748 5384 5402 1
4951 327 5696 1
4474 1839 5393 1
257 5222 5438 1
2263 2249 5406 1
4423 748 5402 1
5449 3289 5530 1
3094 3107 5390 1
5396 4148 5440 1
4856 4453 5514 1
2650 5293 5603 1
3693 3692 5392 1
4539 5204 5642 1
3347 2828 5422 1
3715 3991 5642 1
3189 3017 5403 1
4602 338 5416 1
2401 2403 5423 1
1620 5433 5436 1
5149 3311 5545 1
5434 3095 5444 1
264 4917 5409 1
204 205 5475 1
4275 4010 5507 1
4056 5425 5433 1
1698 4361 5419 1
4218 4811 5656 1
2825 2372 5414 1
4917 3614 5409 1
5365 4574 5382 1
3110 3902 5445 1
3110 5445 5455 1
5401 4741 5652 1
3974 1620 5436 1
3202 4620 5552 1
1152 1154 5413 1
1226 2199 5439 1
1620 4056 5433 1
649 5325 5351 1
286 146 5343 1
4148 1171 5440 1
262 4603 5442 1
4520 1669 5407 1
2135 2309 5420 1
4056 4442 5425 1
3193 3192 5427 1
1669 4313 5408 1
4197 4198 5446 1
5320 3116 5331 1
4423 5402 5415 1
1698 5419 5453 1
3808 3806 5465 1
624 622 5618 1
4026 3118 5478 1
269 19 5443 1
5211 4912 5670 1
3812 3809 5472 1
4929 336 5649 1
4412 1698 5453 1
3647 3866 5490 1
2107 2691 5457 1
1697 4423 5415 1
3462 5655 5663 1
3127 3126 5431 1
3118 3909 5473 1
35 316 5410 1
3095 2570 5444 1
3118 5473 5478 1
4026 5478 5496 1
3269 4370 5481 1
5457 2691 5461 1
2704 3179 5454 1
3795 737 5655 1
5407 1669 5408 1
3020 5658 5679 1
624 5618 5625 1
251 252 5588 1
276 4970 5695 1
5427 3192 5441 1
361 4927 5404 1
5251 2459 5639 1
3591 4634 5411 1
2360 2267 5450 1
3643 5408 5435 1
5312 260 5493 1
2502 4380 5448 1
352 5458 5501 1
2089 4402 5694 1
3192 4447 5441 1
3150 3125 5462 1
341 4587 5687 1
5408 4313 5435 1
4412 5453 5479 1
5431 3126 5459 1
5590 326 5645 1
321 4930 5629 1
5426 2309 5463 1
487 493 5468 1
3126 3168 5459 1
3416 3415 5488 1
106 107 5524 1
152 153 5515 1
5440 1171 5466 1
3782 2368 5559 1
2692 3751 5596 1
4189 3089 5603 1
5114 3571 5547 1
4313 548 5435 1
1494 1472 5469 1
4376 5460 5485 1
197 198 5516 1
329 3750 5669 1
3020 4499 5658 1
5459 3168 5471 1
2362 1931 5594 1
4200 1688 5486 1
3080 4742 5418 1
3623 326 5590 1
5466 4200 5486 1
3229 3228 5470 1
4474 5393 5483 1
3208 2090 5676 1
1171 4200 5466 1
3168 3170 5471 1
3669 5407 5408 1
3864 3863 5491 1
5596 3751 5627 1
2691 4622 5461 1
2253 4784 5395 1
645 627 5480 1
3374 4618 5543 1
876 4412 5479 1
3239 4400 5557 1
2426 2424 5452 1
4354 4355 5555 1
4626 2146 5447 1
3127 5431 5491 1
3399 3400 5499 1
3389 3159 5513 1
4581 2957 5541 1
5063 3019 5595 1
5038 3574 5661 1
5379 3372 5696 1
2957 2362 5551 1
3333 3334 5451 1
4027 4026 5496 1
2213 2215 5487 1
220 221 5527 1
4424 3020 5679 1
4209 5401 5652 1
2309 4511 5463 1
5477 343 5552 1
272 4667 5481 1
3159 4354 5555 1
3795 5655 5679 1
4210 4209 5652 1
4121 4119 5510 1
5293 2650 5619 1
3782 5559 5572 1
2673 4218 5656 1
2421 3236 5489 1
359 4896 5674 1
5364 4645 5477 1
698 4474 5483 1
3183 4058 5509 1
287 5128 5660 1
5486 1688 5498 1
3572 5114 5599 1
4645 343 5477 1
5656 3463 5663 1
4616 5099 5391 1
671 684 5504 1
391 873 5492 1
2549 3946 5619 1
156 157 5556 1
515 511 5503 1
2217 2219 5476 1
2211 2213 5500 1
3289 3287 5530 1
1639 460 5521 1
3240 3239 5557 1
3203 3171 5512 1
271 132 5517 1
352 4729 5458 1
320 149 5525 1
3420 3421 5502 1
4610 4525 5484 1
4992 3601 5554 1
4335 263 5543 1
2456 879 5526 1
2587 4408 5579 1
3292 2882 5518 1
2213 5487 5500 1
1413 1415 5506 1
3391 3164 5540 1
1688 4464 5498 1
4088 3196 5533 1
3301 2837 5513 1
21 308 5553 1
4834 3185 5437 1
244 245 5609 1
3223 3225 5511 1
3259 3258 5531 1
632 650 5523 1
3160 5537 5576 1
3201 4238 5532 1
5655 737 5663 1
3777 3780 5601 1
3462 4424 5655 1
4721 354 5482 1
2540 5563 5565 1
2694 4184 5534 1
3495 3502 5485 1
3574 3563 5661 1
3002 4676 5497 1
310 94 5547 1
2327 2549 5619 1
4784 3117 5430 1
2540 3396 5563 1
2255 2897 5542 1
4463 2863 5505 1
4970 4375 5695 1
5447 2146 5633 1
5343 4992 5688 1
5511 3225 5528 1
2318 4241 5600 1
2577 4466 5569 1
4418 3163 5549 1
3763 5287 5379 1
2856 2540 5565 1
1861 4296 5602 1
4050 2472 5677 1
4241 4242 5585 1
4640 4322 5567 1
489 485 5548 1
4837 4663 5467 1
3225 3227 5528 1
4308 685 5540 1
2901 3241 5575 1
4676 4282 5497 1
3750 3230 5669 1
4184 3167 5562 1
1891 4237 5550 1
3587 4878 5428 1
3261 3782 5572 1
2526 3135 5689 1
4295 523 5544 1
5220 3515 5319 1
4702 302 5495 1
4240 1023 5561 1
343 4553 5552 1
5640 926 5664 1
2709 2514 5545 1
1012 1238 5635 1
139 140 5681 1
3991 2182 5642 1
3751 3216 5627 1
56 57 5638 1
1605 2186 5560 1
3136 4235 5571 1
5528 3227 5546 1
5460 3495 5485 1
4991 320 5525 1
5549 4184 5562 1
5221 2250 5373 1
4661 4662 5629 1
4400 257 5557 1
3463 3462 5663 1
4042 4045 5589 1
3266 3264 5581 1
4286 4284 5639 1
3227 3229 5546 1
1009 926 5640 1
4288 3678 5692 1
24 25 5598 1
4896 4408 5674 1
5530 3287 5621 1
2736 4563 5519 1
4749 352 5501 1
926 892 5664 1
3194 3301 5564 1
5135 3420 5502 1
149 150 5525 1
4266 4229 5583 1
3725 5395 5430 1
17 18 5646 1
3917 1852 5623 1
3236 2373 5582 1
3962 5667 5668 1
601 603 5566 1
2673 5656 5663 1
186 187 5630 1
1222 1112 5587 1
1537 1539 5651 1
5064 319 5330 1
5157 3527 5292 1
3964 3962 5668 1
2800 2556 5568 1
4152 4151 5662 1
3799 3801 5684 1
3158 3389 5616 1
3863 5463 5491 1
5197 3587 5428 1
234 235 5620 1
3455 3197 5613 1
4384 5229 5284 1
450 4856 5514 1
2174 3213 5558 1
3089 2652 5603 1
126 127 5653 1
407 405 5577 1
3186 4438 5571 1
2709 5545 5597 1
893 3794 5658 1
3962 3253 5667 1
3107 4681 5647 1
4238 3188 5625 1
4017 5211 5670 1
3794 3795 5679 1
1333 1293 5691 1
2729 4445 5585 1
3399 5541 5551 1
3398 3399 5551 1
737 2673 5663 1
140 5432 5681 1
2546 2850 5631 1
5270 3116 5320 1
4241 5585 5600 1
2756 4651 5537 1
597 599 5610 1
4539 2709 5597 1
3165 3391 5602 1
304 5591 5686 1
347 4690 5574 1
3684 3694 5593 1
4445 3435 5600 1
3280 3281 5657 1
3745 329 5669 1
2944 4580 5529 1
3374 4951 5696 1
5658 3794 5679 1
4612 261 5634 1
3210 2639 5606 1
3716 4029 5628 1
5617 2765 5643 1
4741 3233 5652 1
4650 5317 5607 1
2765 4614 5643 1
503 497 5611 1
4453 2416 5613 1
3349 3351 5675 1
873 4421 5573 1
5395 4784 5430 1
5585 4445 5600 1
4375 3290 5695 1
1255 4341 5685 1
4347 2234 5682 1
5329 3464 5648 1
2871 2748 5626 1
295 4610 5605 1
589 591 5650 1
413 411 5665 1
1598 4347 5666 1
478 475 5636 1
312 4757 5570 1
3830 3829 5622 1
3401 3398 5594 1
4034 4037 5671 1
3692 5244 5360 1
4560 4561 5624 1
3398 5551 5594 1
5541 2957 5551 1
5618 4238 5625 1
4796 3181 5607 1
3209 3387 5694 1
5513 3159 5555 1
4054 5252 5344 1
5538 873 5573 1
5666 4347 5682 1
4651 1744 5576 1
5288 347 5574 1
5148 2944 5529 1
5551 2362 5594 1
4462 2765 5617 1
3245 2951 5539 1
3287 3288 5621 1
4421 1687 5604 1
3372 3374 5696 1
4929 3002 5497 1
3687 3689 5683 1
2851 4929 5649 1
5573 4421 5604 1
4628 1975 5632 1
3215 3292 5687 1
2476 2004 5678 1
3181 4869 5607 1
3301 5513 5555 1
3838 5264 5322 1
3694 5217 5640 1
5032 624 5625 1
5317 4796 5607 1
5237 1770 5641 1
3894 5370 5406 1
304 4749 5591 1
5369 283 5675 1
2146 4636 5633 1
3466 5093 5693 1
5537 4651 5576 1
3413 5228 5494 1
4878 2385 5578 1
4992 5554 5688 1
4837 5467 5586 1
364 5121 5567 1
3354 5052 5438 1
548 5258 5490 1
367 5131 5670 1
3675 5296 5350 1
5272 4225 5378 1
4811 3463 5656 1
3245 5539 5608 1
5274 3137 5376 1
3285 3245 5608 1
3918 5391 5412 1
5134 3397 5560 1
5391 3193 5412 1
3677 4837 5586 1
4869 4650 5607 1
4903 3150 5584 1
4792 304 5686 1
5363 312 5570 1
5405 3593 5641 1
3353 3285 5673 1
5301 2480 5349 1
1744 5269 5581 1
3285 5608 5673 1
4794 359 5674 1
3117 5273 5508 1
4749 5501 5591 1
5204 3715 5642 1
96 282 5599 1
3343 5318 5377 1
4988 3325 5595 1
3238 5018 5592 1
286 5343 5688 1
306 5038 5661 1
5222 3354 5438 1
5510 2476 5678 1
3618 5291 5614 1
5228 3162 5494 1
4912 367 5670 1
5514 3197 5612 1
5121 4640 5567 1
5424 286 5688 1
3656 5492 5538 1
4284 5251 5639 1
5300 3410 5685 1
5479 3220 5520 1
3861 5420 5426 1
631 5532 5618 1
5635 1238 5683 1
5359 3495 5460 1
4986 287 5660 1
5420 2309 5426 1
5368 3256 5469 1
5533 1787 5637 1
3342 5335 5601 1
2421 5489 5536 1
1844 5383 5616 1
5593 3694 5664 1
5293 4189 5603 1
3532 5237 5641 1
3946 5293 5619 1
876 5479 5520 1
5606 3208 5676 1
5390 3107 5647 1
5489 3615 5536 1
3163 5534 5549 1
5439 2199 5615 1
5454 3179 5561 1
5492 873 5538 1
3399 5499 5541 1
2897 5531 5542 1
3150 5462 5584 1
5595 3325 5645 1
5531 3258 5542 1
5534 4184 5549 1
5437 3185 5615 1
1770 5405 5641 1
3351 5369 5675 1
5446 4198 5680 1
1639 5521 5671 1
450 5514 5612 1
4371 5446 5680 1
3135 5424 5688 1
5532 4238 5618 1
3678 5631 5692 1
4088 5533 5637 1
5554 3135 5688 1
3210 5606 5676 1
3655 5643 5672 1
5643 4614 5672 1
5631 2850 5692 1

End
