MeshVersionFormatted 2
Dimension 3

Vertices
3651
-6.2943077919268869e-02 -1.4716735730285771e-01 0.0000000000000000e+00 1
-5.8253314077350425e-02 -1.5259158704736245e-01 0.0000000000000000e+00 1
-5.3494515865357729e-02 -1.5839051409906868e-01 0.0000000000000000e+00 1
-4.8667474723953677e-02 -1.6454265237512664e-01 0.0000000000000000e+00 1
-4.3772982093801094e-02 -1.7102651579268666e-01 0.0000000000000000e+00 1
-3.8811829415562896e-02 -1.7782061826889903e-01 0.0000000000000000e+00 1
-3.3784808129901915e-02 -1.8490347372091404e-01 0.0000000000000000e+00 1
-2.8692709677481068e-02 -1.9225359606588205e-01 0.0000000000000000e+00 1
-2.3536325498963187e-02 -1.9984949922095324e-01 0.0000000000000000e+00 1
-1.8316447035011146e-02 -2.0766969710327804e-01 0.0000000000000000e+00 1
-1.3033865726287834e-02 -2.1569270363000670e-01 0.0000000000000000e+00 1
-7.6893730134561036e-03 -2.2389703271828953e-01 0.0000000000000000e+00 1
-2.2837603371788410e-03 -2.3226119828527680e-01 0.0000000000000000e+00 1
3.1821808618810801e-03 -2.4076371424811893e-01 0.0000000000000000e+00 1
8.7076591430608266e-03 -2.4938309452396609e-01 0.0000000000000000e+00 1
1.4291883065697479e-02 -2.5809785302996868e-01 0.0000000000000000e+00 1
1.9934061189128202e-02 -2.6688650368327693e-01 0.0000000000000000e+00 1
2.5633402072690110e-02 -2.7572756040104113e-01 0.0000000000000000e+00 1
3.1389114275720324e-02 -2.8459953710041153e-01 0.0000000000000000e+00 1
3.7200406357556011e-02 -2.9348094769853872e-01 0.0000000000000000e+00 1
4.3066486877534248e-02 -3.0235030611257263e-01 0.0000000000000000e+00 1
4.8986564394992209e-02 -3.1118612625966380e-01 0.0000000000000000e+00 1
5.4959847469266986e-02 -3.1996692205696242e-01 0.0000000000000000e+00 1
6.0985544659695738e-02 -3.2867120742161893e-01 0.0000000000000000e+00 1
6.7062864525615606e-02 -3.3727749627078352e-01 0.0000000000000000e+00 1
7.3191015626363681e-02 -3.4576430252160650e-01 0.0000000000000000e+00 1
7.9369206521277075e-02 -3.5411014009123820e-01 0.0000000000000000e+00 1
8.5596645769692989e-02 -3.6229352289682892e-01 0.0000000000000000e+00 1
9.1872541930948515e-02 -3.7029296485552898e-01 0.0000000000000000e+00 1
9.8196103564380785e-02 -3.7808697988448858e-01 0.0000000000000000e+00 1
1.0456653922932690e-01 -3.8565408190085815e-01 0.0000000000000000e+00 1
1.1098305748512403e-01 -3.9297278482178788e-01 0.0000000000000000e+00 1
1.1744486689110931e-01 -4.0002160256442820e-01 0.0000000000000000e+00 1
1.2395117600661984e-01 -4.0677904904592932e-01 0.0000000000000000e+00 1
1.3050119339099275e-01 -4.1322363818344165e-01 0.0000000000000000e+00 1
1.3709412760356518e-01 -4.1933388389411530e-01 0.0000000000000000e+00 1
1.4372918720367425e-01 -4.2508830009510068e-01 0.0000000000000000e+00 1
1.5040558075065710e-01 -4.3046540070354811e-01 0.0000000000000000e+00 1
1.5712251680385089e-01 -4.3544369963660789e-01 0.0000000000000000e+00 1
1.6387920392259267e-01 -4.4000171081143036e-01 0.0000000000000000e+00 1
1.7067485066621965e-01 -4.4411794814516570e-01 0.0000000000000000e+00 1
1.7750866559406892e-01 -4.4777092555496445e-01 0.0000000000000000e+00 1
1.8437985726547762e-01 -4.5093915695797659e-01 0.0000000000000000e+00 1
1.9128763423978287e-01 -4.5360115627135256e-01 0.0000000000000000e+00 1
1.9823120507632178e-01 -4.5573543741224276e-01 0.0000000000000000e+00 1
2.0520977833443152e-01 -4.5732051429779741e-01 0.0000000000000000e+00 1
2.1222256257344924e-01 -4.5833490084516681e-01 0.0000000000000000e+00 1
2.1926876635271200e-01 -4.5875711097150129e-01 0.0000000000000000e+00 1
2.2634759823155695e-01 -4.5856565859395115e-01 0.0000000000000000e+00 1
2.3345826676932127e-01 -4.5773905762966660e-01 0.0000000000000000e+00 1
2.4032690613510005e-01 -4.5625714234725112e-01 0.0000000000000000e+00 1
2.4704910853675691e-01 -4.5407249341197176e-01 0.0000000000000000e+00 1
2.5362137318610756e-01 -4.5121271718607603e-01 0.0000000000000000e+00 1
2.6004019929496808e-01 -4.4770542003181157e-01 0.0000000000000000e+00 1
2.6630208607515415e-01 -4.4357820831142614e-01 0.0000000000000000e+00 1
2.7240353273848167e-01 -4.3885868838716713e-01 0.0000000000000000e+00 1
2.7834103849676656e-01 -4.3357446662128252e-01 0.0000000000000000e+00 1
2.8411110256182465e-01 -4.2775314937601960e-01 0.0000000000000000e+00 1
2.8971022414547171e-01 -4.2142234301362613e-01 0.0000000000000000e+00 1
2.9513490245952373e-01 -4.1460965389634985e-01 0.0000000000000000e+00 1
3.0038163671579637e-01 -4.0734268838643817e-01 0.0000000000000000e+00 1
3.0544692612610547e-01 -3.9964905284613861e-01 0.0000000000000000e+00 1
3.1032726990226722e-01 -3.9155635363769936e-01 0.0000000000000000e+00 1
3.1501916725609713e-01 -3.8309219712336740e-01 0.0000000000000000e+00 1
3.1951911739941119e-01 -3.7428418966539068e-01 0.0000000000000000e+00 1
3.2382361954402522e-01 -3.6515993762601684e-01 0.0000000000000000e+00 1
3.2792917290175505e-01 -3.5574704736749341e-01 0.0000000000000000e+00 1
3.3183227668441656e-01 -3.4607312525206801e-01 0.0000000000000000e+00 1
3.3552943010382558e-01 -3.3616577764198829e-01 0.0000000000000000e+00 1
3.3901713237179815e-01 -3.2605261089950199e-01 0.0000000000000000e+00 1
3.4229188270014971e-01 -3.1576123138685641e-01 0.0000000000000000e+00 1
3.4535018030069653e-01 -3.0531924546629952e-01 0.0000000000000000e+00 1
3.4818852438525422e-01 -2.9475425950007883e-01 0.0000000000000000e+00 1
3.5080341416563871e-01 -2.8409387985044188e-01 0.0000000000000000e+00 1
3.5319134885366582e-01 -2.7336571287963640e-01 0.0000000000000000e+00 1
3.5534882766115139e-01 -2.6259736494990993e-01 0.0000000000000000e+00 1
3.5727234979991135e-01 -2.5181644242351020e-01 0.0000000000000000e+00 1
3.5895841448176147e-01 -2.4105055166268474e-01 0.0000000000000000e+00 1
3.6040352091851757e-01 -2.3032729902968122e-01 0.0000000000000000e+00 1
3.6160416832199566e-01 -2.1967429088674725e-01 0.0000000000000000e+00 1
3.6255685590401149e-01 -2.0911913359613049e-01 0.0000000000000000e+00 1
3.6325808287638084e-01 -1.9868943352007848e-01 0.0000000000000000e+00 1
3.6370434845091970e-01 -1.8841279702083891e-01 0.0000000000000000e+00 1
3.6389215183944384e-01 -1.7831683046065938e-01 0.0000000000000000e+00 1
3.6381799225376910e-01 -1.6842914020178754e-01 0.0000000000000000e+00 1
3.6347836890571139e-01 -1.5877733260647101e-01 0.0000000000000000e+00 1
3.6286978100708644e-01 -1.4938901403695731e-01 0.0000000000000000e+00 1
3.6198872776971036e-01 -1.4029179085549423e-01 0.0000000000000000e+00 1
3.6083170840539874e-01 -1.3151326942432934e-01 0.0000000000000000e+00 1
3.5939522212596753e-01 -1.2308105610571023e-01 0.0000000000000000e+00 1
3.5767576814323254e-01 -1.1502275726188455e-01 0.0000000000000000e+00 1
3.5566984566900967e-01 -1.0736597925509987e-01 0.0000000000000000e+00 1
3.5337395391511478e-01 -1.0013832844760390e-01 0.0000000000000000e+00 1
3.5078459209336366e-01 -9.3367411201644157e-02 0.0000000000000000e+00 1
3.4789825941557218e-01 -8.7080833879468383e-02 0.0000000000000000e+00 1
3.4471145509355627e-01 -8.1306202843324155e-02 0.0000000000000000e+00 1
3.3961997586312498e-01 -7.3071680594471902e-02 0.0000000000000000e+00 1
3.3422656869390910e-01 -6.4672853265259178e-02 0.0000000000000000e+00 1
3.2853862976716358e-01 -5.6117207702656949e-02 0.0000000000000000e+00 1
3.2256355526414315e-01 -4.7412230753636202e-02 0.0000000000000000e+00 1
3.1630874136610287e-01 -3.8565409265167931e-02 0.0000000000000000e+00 1
3.0978158425429725e-01 -2.9584230084223111e-02 0.0000000000000000e+00 1
3.0298948010998145e-01 -2.0476180057772735e-02 0.0000000000000000e+00 1
2.9593982511440992e-01 -1.1248746032787749e-02 0.0000000000000000e+00 1
2.8864001544883788e-01 -1.9094148562392027e-03 0.0000000000000000e+00 1
2.8109744729452002e-01 7.5343266249019922e-03 0.0000000000000000e+00 1
2.7331951683271094e-01 1.7074991563664821e-02 0.0000000000000000e+00 1
2.6531362024466565e-01 2.6705093113078289e-02 0.0000000000000000e+00 1
2.5708715371163920e-01 3.6417144426171458e-02 0.0000000000000000e+00 1
2.4864751341488620e-01 4.6203658655973284e-02 0.0000000000000000e+00 1
2.4000209553566143e-01 5.6057148955512809e-02 0.0000000000000000e+00 1
2.3115829625521980e-01 6.5970128477819107e-02 0.0000000000000000e+00 1
2.2212351175481607e-01 7.5935110375921128e-02 0.0000000000000000e+00 1
2.1290513821570517e-01 8.5944607802847864e-02 0.0000000000000000e+00 1
2.0351057181914189e-01 9.5991133911628473e-02 0.0000000000000000e+00 1
1.9394720874638102e-01 1.0606720185529175e-01 0.0000000000000000e+00 1
1.8422244517867734e-01 1.1616532478686695e-01 0.0000000000000000e+00 1
1.7434367729728595e-01 1.2627801585938297e-01 0.0000000000000000e+00 1
1.6431830128346142e-01 1.3639778822586884e-01 0.0000000000000000e+00 1
1.5415371331845859e-01 1.4651715503935350e-01 0.0000000000000000e+00 1
1.4385730958353235e-01 1.5662862945286610e-01 0.0000000000000000e+00 1
1.3343648625993762e-01 1.6672472461943560e-01 0.0000000000000000e+00 1
1.2289863952892918e-01 1.7679795369209098e-01 0.0000000000000000e+00 1
1.1225116557176179e-01 1.8684082982386133e-01 0.0000000000000000e+00 1
1.0150146056969023e-01 1.9684586616777566e-01 0.0000000000000000e+00 1
9.0656920703969412e-02 2.0680557587686293e-01 0.0000000000000000e+00 1
7.9724942155854239e-02 2.1671247210415220e-01 0.0000000000000000e+00 1
6.8712921106599503e-02 2.2655906800267253e-01 0.0000000000000000e+00 1
5.7628253737459882e-02 2.3633787672545278e-01 0.0000000000000000e+00 1
4.6478336229690394e-02 2.4604141142552213e-01 0.0000000000000000e+00 1
3.5270564764545813e-02 2.5566218525590956e-01 0.0000000000000000e+00 1
2.4012335523280977e-02 2.6519271136964406e-01 0.0000000000000000e+00 1
1.2711044687150628e-02 2.7462550291975463e-01 0.0000000000000000e+00 1
1.3740884374097168e-03 2.8395307305927031e-01 0.0000000000000000e+00 1
-9.9911370446870134e-03 2.9316793494122018e-01 0.0000000000000000e+00 1
-2.1377235577884672e-02 3.0226260171863317e-01 0.0000000000000000e+00 1
-3.2776810980928509e-02 3.1122958654453836e-01 0.0000000000000000e+00 1
-4.4182467072563555e-02 3.2006140257196469e-01 0.0000000000000000e+00 1
-5.5586807671535059e-02 3.2875056295394112e-01 0.0000000000000000e+00 1
-6.6982436596588299e-02 3.3728958084349692e-01 0.0000000000000000e+00 1
-7.8361957666468238e-02 3.4567096939366093e-01 0.0000000000000000e+00 1
-8.9717974699920267e-02 3.5388724175746222e-01 0.0000000000000000e+00 1
-1.0104309151568933e-01 3.6193091108792963e-01 0.0000000000000000e+00 1
-1.1232991193252083e-01 3.6979449053809255e-01 0.0000000000000000e+00 1
-1.2357103976915970e-01 3.7747049326097959e-01 0.0000000000000000e+00 1
-1.3475907884435132e-01 3.8495143240962015e-01 0.0000000000000000e+00 1
-1.4588663297684065e-01 3.9222982113704297e-01 0.0000000000000000e+00 1
-1.5694630598537312e-01 3.9929817259627709e-01 0.0000000000000000e+00 1
-1.6793070168869362e-01 4.0614899994035170e-01 0.0000000000000000e+00 1
-1.7883242390554746e-01 4.1277481632229551e-01 0.0000000000000000e+00 1
-1.8964407645467990e-01 4.1916813489513793e-01 0.0000000000000000e+00 1
-2.0035826315483593e-01 4.2532146881190769e-01 0.0000000000000000e+00 1
-2.1096758782476088e-01 4.3122733122563395e-01 0.0000000000000000e+00 1
-2.2146465428319975e-01 4.3687823528934566e-01 0.0000000000000000e+00 1
-2.3184206634889790e-01 4.4226669415607189e-01 0.0000000000000000e+00 1
-2.4209242784060037e-01 4.4738522097884159e-01 0.0000000000000000e+00 1
-2.5220834257705238e-01 4.5222632891068382e-01 0.0000000000000000e+00 1
-2.6218241437699907e-01 4.5678253110462752e-01 0.0000000000000000e+00 1
-2.7200724705918566e-01 4.6104634071370199e-01 0.0000000000000000e+00 1
-2.8167544444235720e-01 4.6501027089093583e-01 0.0000000000000000e+00 1
-2.9117961034525891e-01 4.6866683478935833e-01 0.0000000000000000e+00 1
-3.0051234858663617e-01 4.7200854556199845e-01 0.0000000000000000e+00 1
-3.0966626298523381e-01 4.7502791636188513e-01 0.0000000000000000e+00 1
-3.1863395735979727e-01 4.7771746034204754e-01 0.0000000000000000e+00 1
-3.2740803552907155e-01 4.8006969065551452e-01 0.0000000000000000e+00 1
-3.3598110131180192e-01 4.8207712045531526e-01 0.0000000000000000e+00 1
-3.4184131969141202e-01 4.8297517819529079e-01 0.0000000000000000e+00 1
-3.4703867134907751e-01 4.8300678330745861e-01 0.0000000000000000e+00 1
-3.5159310908981162e-01 4.8220115575274636e-01 0.0000000000000000e+00 1
-3.5552458571862766e-01 4.8058751549208212e-01 0.0000000000000000e+00 1
-3.5885305404053869e-01 4.7819508248639342e-01 0.0000000000000000e+00 1
-3.6159846686055791e-01 4.7505307669660823e-01 0.0000000000000000e+00 1
-3.6378077698369876e-01 4.7119071808365443e-01 0.0000000000000000e+00 1
-3.6541993721497423e-01 4.6663722660845985e-01 0.0000000000000000e+00 1
-3.6653590035939781e-01 4.6142182223195238e-01 0.0000000000000000e+00 1
-3.6714861922198255e-01 4.5557372491505943e-01 0.0000000000000000e+00 1
-3.6727804660774155e-01 4.4912215461870919e-01 0.0000000000000000e+00 1
-3.6694413532168829e-01 4.4209633130382942e-01 0.0000000000000000e+00 1
-3.6616683816883594e-01 4.3452547493134797e-01 0.0000000000000000e+00 1
-3.6496610795419759e-01 4.2643880546219259e-01 0.0000000000000000e+00 1
-3.6336189748278652e-01 4.1786554285729116e-01 0.0000000000000000e+00 1
-3.6137415955961610e-01 4.0883490707757153e-01 0.0000000000000000e+00 1
-3.5902284698969938e-01 3.9937611808396145e-01 0.0000000000000000e+00 1
-3.5632791257804974e-01 3.8951839583738890e-01 0.0000000000000000e+00 1
-3.5330930912968034e-01 3.7929096029878151e-01 0.0000000000000000e+00 1
-3.4998698944960432e-01 3.6872303142906726e-01 0.0000000000000000e+00 1
-3.4638090634283497e-01 3.5784382918917390e-01 0.0000000000000000e+00 1
-3.4251101261438555e-01 3.4668257354002918e-01 0.0000000000000000e+00 1
-3.3839726106926915e-01 3.3526848444256097e-01 0.0000000000000000e+00 1
-3.3405960451249911e-01 3.2363078185769723e-01 0.0000000000000000e+00 1
-3.2951799574908863e-01 3.1179868574636560e-01 0.0000000000000000e+00 1
-3.2479238758405099e-01 2.9980141606949406e-01 0.0000000000000000e+00 1
-3.1990273282239934e-01 2.8766819278801026e-01 0.0000000000000000e+00 1
-3.1486898426914700e-01 2.7542823586284237e-01 0.0000000000000000e+00 1
-3.0971109472930713e-01 2.6311076525491783e-01 0.0000000000000000e+00 1
-3.0444901700789295e-01 2.5074500092516472e-01 0.0000000000000000e+00 1
-2.9910270390991767e-01 2.3836016283451064e-01 0.0000000000000000e+00 1
-2.9369210824039454e-01 2.2598547094388363e-01 0.0000000000000000e+00 1
-2.8823718280433680e-01 2.1365014521421133e-01 0.0000000000000000e+00 1
-2.8275788040675764e-01 2.0138340560642171e-01 0.0000000000000000e+00 1
-2.7727415385267029e-01 1.8921447208144254e-01 0.0000000000000000e+00 1
-2.7180595594708812e-01 1.7717256460020175e-01 0.0000000000000000e+00 1
-2.6637323949502412e-01 1.6528690312362695e-01 0.0000000000000000e+00 1
-2.6099595730149167e-01 1.5358670761264612e-01 0.0000000000000000e+00 1
-2.5569406217150392e-01 1.4210119802818708e-01 0.0000000000000000e+00 1
-2.5048750691007415e-01 1.3085959433117761e-01 0.0000000000000000e+00 1
-2.4539624432221543e-01 1.1989111648254552e-01 0.0000000000000000e+00 1
-2.4044022721294128e-01 1.0922498444321874e-01 0.0000000000000000e+00 1
-2.3563940838726471e-01 9.8890418174125000e-02 0.0000000000000000e+00 1
-2.3101374065019900e-01 8.8916637636192120e-02 0.0000000000000000e+00 1
-2.2658317680675741e-01 7.9332862790347985e-02 0.0000000000000000e+00 1
-2.2236766966195307e-01 7.0168313597520363e-02 0.0000000000000000e+00 1
-2.1838717202079930e-01 6.1452210018637127e-02 0.0000000000000000e+00 1
-2.1466163668830932e-01 5.3213772014626126e-02 0.0000000000000000e+00 1
-2.1121101646949625e-01 4.5482219546415098e-02 0.0000000000000000e+00 1
-2.0805526416937345e-01 3.8286772574931932e-02 0.0000000000000000e+00 1
-2.0581031831022170e-01 3.3340663077216948e-02 0.0000000000000000e+00 1
-2.0333419568007527e-01 2.8304110688998005e-02 0.0000000000000000e+00 1
-2.0063828944845874e-01 2.3184060064764957e-02 0.0000000000000000e+00 1
-1.9773399278489673e-01 1.7987455859007628e-02 0.0000000000000000e+00 1
-1.9463269885891407e-01 1.2721242726215880e-02 0.0000000000000000e+00 1
-1.9134580084003519e-01 7.3923653208795362e-03 0.0000000000000000e+00 1
-1.8788469189778478e-01 2.0077682974884020e-03 0.0000000000000000e+00 1
-1.8426076520168769e-01 -3.4256036894676455e-03 0.0000000000000000e+00 1
-1.8048541392126838e-01 -8.9008059854987880e-03 0.0000000000000000e+00 1
-1.7657003122605158e-01 -1.4410893936115176e-02 0.0000000000000000e+00 1
-1.7252601028556191e-01 -1.9948922886826974e-02 0.0000000000000000e+00 1
-1.6836474426932416e-01 -2.5507948183144349e-02 0.0000000000000000e+00 1
-1.6409762634686273e-01 -3.1081025170577481e-02 0.0000000000000000e+00 1
-1.5973604968770255e-01 -3.6661209194636488e-02 0.0000000000000000e+00 1
-1.5529140746136819e-01 -4.2241555600831579e-02 0.0000000000000000e+00 1
-1.5077509283738419e-01 -4.7815119734672895e-02 0.0000000000000000e+00 1
-1.4619849898527526e-01 -5.3374956941670604e-02 0.0000000000000000e+00 1
-1.4157301907456615e-01 -5.8914122567334866e-02 0.0000000000000000e+00 1
-1.3691004627478146e-01 -6.4425671957175842e-02 0.0000000000000000e+00 1
-1.3222097375544581e-01 -6.9902660456703708e-02 0.0000000000000000e+00 1
-1.2751719468608391e-01 -7.5338143411428582e-02 0.0000000000000000e+00 1
-1.2281010223622041e-01 -8.0725176166860688e-02 0.0000000000000000e+00 1
-1.1811108957537990e-01 -8.6056814068510151e-02 0.0000000000000000e+00 1
-1.1343154987308712e-01 -9.1326112461887154e-02 0.0000000000000000e+00 1
-1.0878287629886667e-01 -9.6526126692501851e-02 0.0000000000000000e+00 1
-1.0417646202224323e-01 -1.0164991210586440e-01 0.0000000000000000e+00 1
-9.9623700212741473e-02 -1.0669052404748496e-01 0.0000000000000000e+00 1
-9.5135984039886046e-02 -1.1164101786287370e-01 0.0000000000000000e+00 1
-9.0724706673201566e-02 -1.1649444889754076e-01 0.0000000000000000e+00 1
-8.6401261282212746e-02 -1.2124387249699636e-01 0.0000000000000000e+00 1
-8.2177041036444215e-02 -1.2588234400675063e-01 0.0000000000000000e+00 1
-7.8063439105420629e-02 -1.3040291877231375e-01 0.0000000000000000e+00 1
-7.4071848658666631e-02 -1.3479865213919584e-01 0.0000000000000000e+00 1
-7.0213662865706905e-02 -1.3906259945290711e-01 0.0000000000000000e+00 1
-6.6500274896066108e-02 -1.4318781605895764e-01 0.0000000000000000e+00 1
-6.1206971000366178e-02 -1.4216462001508079e-01 0.0000000000000000e+00 1
-8.4691901376466927e-02 -1.1514411042489212e-01 0.0000000000000000e+00 1
-1.1120281116706807e-01 -8.4741683289179914e-02 0.0000000000000000e+00 1
-2.0249073079892990e-01 3.7372421044761017e-02 0.0000000000000000e+00 1
-1.7387711553983135e-01 -7.9060359300634035e-03 0.0000000000000000e+00 1
-1.4382437462079672e-01 -4.6765373404965713e-02 0.0000000000000000e+00 1
3.5470297884773139e-01 -1.5644631011193841e-01 0.0000000000000000e+00 1
1.8977411864167400e-02 -2.4913769127949156e-01 0.0000000000000000e+00 1
-3.6114053739724483e-02 -1.7001247336413608e-01 0.0000000000000000e+00 1
3.1192800720892633e-01 -4.8451661098185952e-02 0.0000000000000000e+00 1
2.6898891299417804e-01 5.6475806122545389e-03 0.0000000000000000e+00 1
3.5223843532293819e-01 -2.2497561046019193e-01 0.0000000000000000e+00 1
1.9955379913973201e-01 8.2875411666644430e-02 0.0000000000000000e+00 1
5.4495389209162616e-02 -3.0037024071852286e-01 0.0000000000000000e+00 1
-9.1372676446207501e-03 -2.0702079276631549e-01 0.0000000000000000e+00 1
-2.1184941339962643e-01 6.8618214573399783e-02 0.0000000000000000e+00 1
1.4872054508044083e-01 1.3263384261774455e-01 0.0000000000000000e+00 1
5.4226626998641558e-02 2.2138422398720614e-01 0.0000000000000000e+00 1
8.9529996949167634e-02 -3.5283910970137372e-01 0.0000000000000000e+00 1
3.4066585318688430e-01 -2.8669417180939410e-01 0.0000000000000000e+00 1
3.4454685418946718e-01 -9.3390078584729100e-02 0.0000000000000000e+00 1
1.2811586449399984e-01 -3.9713568724608511e-01 0.0000000000000000e+00 1
3.2231435360303040e-01 -3.4741029380156463e-01 0.0000000000000000e+00 1
-1.3486626086618688e-03 2.7132863465822876e-01 0.0000000000000000e+00 1
1.7059306528825094e-01 -4.3666686459234572e-01 0.0000000000000000e+00 1
-2.3183987189967492e-01 1.1863764635388004e-01 0.0000000000000000e+00 1
2.9531867059447070e-01 -3.9977676770676318e-01 0.0000000000000000e+00 1
-5.6299399896780830e-02 3.1472474252367777e-01 0.0000000000000000e+00 1
-2.5288800407195550e-01 1.6411919760416824e-01 0.0000000000000000e+00 1
2.3530257836035087e-01 -4.5126106536616206e-01 0.0000000000000000e+00 1
-2.7418247875300150e-01 2.1317757088175343e-01 0.0000000000000000e+00 1
1.0904047723227833e-01 1.7205513277595633e-01 0.0000000000000000e+00 1
2.3628365834130666e-01 4.4019698805545668e-02 0.0000000000000000e+00 1
-1.0427028714176675e-01 3.4767636049699224e-01 0.0000000000000000e+00 1
-1.4445841454991634e-01 3.7857065072517471e-01 0.0000000000000000e+00 1
-1.8857230105416239e-01 1.2081848373609056e-02 0.0000000000000000e+00 1
-2.9722181334589676e-01 2.6072884059087625e-01 0.0000000000000000e+00 1
2.7137572379840652e-01 -4.3104727488342737e-01 0.0000000000000000e+00 1
-2.0028415931023941e-01 4.1304605908053049e-01 0.0000000000000000e+00 1
-3.1734352976435443e-01 3.0969531436589598e-01 0.0000000000000000e+00 1
-2.4132480524342736e-01 4.3608880631755126e-01 0.0000000000000000e+00 1
3.5114902894900668e-01 -1.2041185843014403e-01 0.0000000000000000e+00 1
2.0263440303765670e-01 -4.5018815447247440e-01 0.0000000000000000e+00 1
-3.3448568452563099e-01 3.5584302953882330e-01 0.0000000000000000e+00 1
-3.4933582392649321e-01 3.9672715037781281e-01 0.0000000000000000e+00 1
-7.1348471747238226e-02 -1.2922294546859781e-01 0.0000000000000000e+00 1
-9.7065206495761169e-02 -1.0049819456258952e-01 0.0000000000000000e+00 1
-1.2483312100313418e-01 -6.8719781765553850e-02 0.0000000000000000e+00 1
3.8509215831980019e-02 -2.7537867596325466e-01 0.0000000000000000e+00 1
2.9169175143764914e-01 -2.1595552486393738e-02 0.0000000000000000e+00 1
-1.5669814084208356e-01 -3.0475132397120734e-02 0.0000000000000000e+00 1
-2.7957628140542617e-01 4.5515037902958305e-01 0.0000000000000000e+00 1
7.1575607159383353e-02 -3.2805247652133279e-01 0.0000000000000000e+00 1
1.0706240548333937e-01 -3.7595144509687961e-01 0.0000000000000000e+00 1
3.4699707856711443e-01 -2.5554519589268526e-01 0.0000000000000000e+00 1
-3.5880507088387426e-01 4.3148609119526032e-01 0.0000000000000000e+00 1
3.5555955515067583e-01 -1.8213496408869523e-01 0.0000000000000000e+00 1
3.3370795150683175e-01 -3.1818089590933951e-01 0.0000000000000000e+00 1
3.3024743465996154e-01 -7.3841217680097493e-02 0.0000000000000000e+00 1
3.1071696240373570e-01 -3.7506228941446912e-01 0.0000000000000000e+00 1
-3.6222485555685069e-01 4.5771256045718711e-01 0.0000000000000000e+00 1
1.4533546339393608e-01 -4.1653375739383142e-01 0.0000000000000000e+00 1
-3.0648088732726142e-01 4.6621316289876097e-01 0.0000000000000000e+00 1
-3.3314909723790104e-01 4.7486159618791779e-01 0.0000000000000000e+00 1
2.5382390804574678e-01 -4.4395607658574998e-01 0.0000000000000000e+00 1
-3.5489097899194538e-01 4.7603614763872765e-01 0.0000000000000000e+00 1
-5.1241339181036773e-02 -1.5146774984272837e-01 0.0000000000000000e+00 1
-2.2068369372750402e-01 8.7876193145689507e-02 0.0000000000000000e+00 1
-2.4904162081393098e-02 -1.8351121942596677e-01 0.0000000000000000e+00 1
-2.0675746409594323e-01 5.1510176346600829e-02 0.0000000000000000e+00 1
3.0785217281088517e-03 -2.2268536634268515e-01 0.0000000000000000e+00 1
-2.4347168505667538e-01 1.4093548767544020e-01 0.0000000000000000e+00 1
-2.6537060520842376e-01 1.8711900788005614e-01 0.0000000000000000e+00 1
2.1711460254936893e-01 6.2327748573933944e-02 0.0000000000000000e+00 1
1.8068886463943137e-01 1.0317859091174982e-01 0.0000000000000000e+00 1
2.5294199379160731e-01 2.4474034803838411e-02 0.0000000000000000e+00 1
-3.0737700043823546e-01 2.8622819562167534e-01 0.0000000000000000e+00 1
-3.2659588697916381e-01 3.3433469364629204e-01 0.0000000000000000e+00 1
8.7186250200080251e-02 1.9312588995825031e-01 0.0000000000000000e+00 1
1.3013204512830306e-01 1.5433301325239920e-01 0.0000000000000000e+00 1
-1.3457909509402094e-01 -5.7725097508304131e-02 0.0000000000000000e+00 1
-2.8575280269109304e-01 2.3664863812399661e-01 0.0000000000000000e+00 1
3.4360892487308801e-02 2.4143730559568649e-01 0.0000000000000000e+00 1
-3.4906420811245065e-02 2.9710788786605580e-01 0.0000000000000000e+00 1
-3.4300601456949709e-01 3.7753060716511061e-01 0.0000000000000000e+00 1
-8.0226097943449259e-02 3.3148643779449638e-01 0.0000000000000000e+00 1
-1.2454162025796436e-01 3.6398847227408249e-01 0.0000000000000000e+00 1
-1.7931734762609045e-01 4.0008631998948518e-01 0.0000000000000000e+00 1
-1.6524266266069432e-01 -1.8752619549870383e-02 0.0000000000000000e+00 1
-2.2139047473775444e-01 4.2427167670209476e-01 0.0000000000000000e+00 1
-1.8248524272781333e-01 3.1246060136155491e-03 0.0000000000000000e+00 1
-2.6109523285395353e-01 4.4596718211806036e-01 0.0000000000000000e+00 1
-3.5470453099732163e-01 4.1561103724717446e-01 0.0000000000000000e+00 1
3.5438814442172928e-01 -2.0429165322126808e-01 0.0000000000000000e+00 1
-1.9468982589984463e-01 2.2910845228293036e-02 0.0000000000000000e+00 1
3.5398846278716084e-01 -1.3525185768132919e-01 0.0000000000000000e+00 1
-3.4536269399436303e-01 4.7887413565353421e-01 0.0000000000000000e+00 1
1.5802115741503678e-01 -4.2721067522886186e-01 0.0000000000000000e+00 1
2.8690032558892298e-01 -4.1313740764216572e-01 0.0000000000000000e+00 1
-3.6099225829069342e-01 4.4625679551870256e-01 0.0000000000000000e+00 1
1.8320503726310988e-01 -4.4380229239067526e-01 0.0000000000000000e+00 1
3.4822009773389212e-01 -1.0562262763154859e-01 0.0000000000000000e+00 1
2.1636163770722172e-01 -4.5256792318481354e-01 0.0000000000000000e+00 1
-3.6112836511164792e-01 4.6810910002826428e-01 0.0000000000000000e+00 1
3.3606599185123304e-01 -8.0910042203302043e-02 0.0000000000000000e+00 1
3.2717639746900501e-01 -8.2184573410354539e-02 0.0000000000000000e+00 1
3.2073728092074305e-01 -7.5176713053933850e-02 0.0000000000000000e+00 1
3.1808810122687597e-01 -8.4475051067818163e-02 0.0000000000000000e+00 1
3.1143072292719731e-01 -7.7161600890459286e-02 0.0000000000000000e+00 1
3.0877339043160473e-01 -8.6806019783726221e-02 0.0000000000000000e+00 1
3.0192807721724535e-01 -7.9165132754405926e-02 0.0000000000000000e+00 1
2.9931094658202506e-01 -8.9092160734171033e-02 0.0000000000000000e+00 1
2.9230202759845181e-01 -8.1380545888764394e-02 0.0000000000000000e+00 1
2.8963494732330719e-01 -9.1366467624095782e-02 0.0000000000000000e+00 1
2.8270519814609235e-01 -8.4216730951133384e-02 0.0000000000000000e+00 1
2.7985801532664456e-01 -9.3861045927574577e-02 0.0000000000000000e+00 1
2.7292296654572623e-01 -8.6657167555777709e-02 0.0000000000000000e+00 1
2.7000375743575333e-01 -9.6148781455527604e-02 0.0000000000000000e+00 1
2.6305899675084704e-01 -8.9016681851654483e-02 0.0000000000000000e+00 1
2.6011933245968022e-01 -9.8543532555074864e-02 0.0000000000000000e+00 1
2.5314768579439040e-01 -9.1357106597763804e-02 0.0000000000000000e+00 1
2.5017239492761956e-01 -1.0090284529843804e-01 0.0000000000000000e+00 1
2.4317689029776707e-01 -9.3721156862192873e-02 0.0000000000000000e+00 1
2.4020068285699694e-01 -1.0330455158564095e-01 0.0000000000000000e+00 1
2.3334142782970141e-01 -9.6758638129261401e-02 0.0000000000000000e+00 1
2.3027625544175584e-01 -1.0580044892259083e-01 0.0000000000000000e+00 1
2.2347626419490585e-01 -9.9461008895154412e-02 0.0000000000000000e+00 1
2.2041049327028089e-01 -1.0824571700032859e-01 0.0000000000000000e+00 1
2.1360308212148982e-01 -1.0170989503836492e-01 0.0000000000000000e+00 1
2.1061672334527604e-01 -1.1060873427049975e-01 0.0000000000000000e+00 1
2.0379539095935120e-01 -1.0384266718482793e-01 0.0000000000000000e+00 1
2.0090592967928828e-01 -1.1290607000249359e-01 0.0000000000000000e+00 1
1.9414975750011190e-01 -1.0620853337062533e-01 0.0000000000000000e+00 1
1.9136866611307835e-01 -1.1548846917067429e-01 0.0000000000000000e+00 1
1.8457598644038739e-01 -1.0846533210772072e-01 0.0000000000000000e+00 1
1.9922689605571797e-01 -1.2293334523816440e-01 0.0000000000000000e+00 1
1.8186887683234312e-01 -1.1778946174630381e-01 0.0000000000000000e+00 1
1.7513614202084873e-01 -1.1081322156487189e-01 0.0000000000000000e+00 1
1.7245421698555330e-01 -1.2006876038818538e-01 0.0000000000000000e+00 1
1.6582750151353287e-01 -1.1318926788316783e-01 0.0000000000000000e+00 1
1.6316364437829667e-01 -1.2235699836876945e-01 0.0000000000000000e+00 1
1.5662110828426851e-01 -1.1548050609896304e-01 0.0000000000000000e+00 1
1.5970492083464766e-01 -1.0604208152963890e-01 0.0000000000000000e+00 1
1.4998117190606727e-01 -1.0859404821530602e-01 0.0000000000000000e+00 1
1.5322945891809045e-01 -9.9173699121888781e-02 0.0000000000000000e+00 1
1.4338871604693995e-01 -1.0169724396591365e-01 0.0000000000000000e+00 1
1.4650628888372152e-01 -9.2240242120595520e-02 0.0000000000000000e+00 1
1.3695204216883106e-01 -9.4834417967720352e-02 0.0000000000000000e+00 1
1.3989286575505724e-01 -8.5334485761690587e-02 0.0000000000000000e+00 1
1.3040318333215350e-01 -8.7998576699204467e-02 0.0000000000000000e+00 1
1.4693942637293025e-01 -1.1768856978077930e-01 0.0000000000000000e+00 1
1.3304193342540471e-01 -7.8828784846059236e-02 0.0000000000000000e+00 1
1.2373359023852315e-01 -8.1164990953791941e-02 0.0000000000000000e+00 1
1.2639011614548026e-01 -7.1977775186237519e-02 0.0000000000000000e+00 1
1.1702485866287533e-01 -7.4272018456187486e-02 0.0000000000000000e+00 1
1.1972445605869456e-01 -6.5019829166776524e-02 0.0000000000000000e+00 1
1.1031447269080161e-01 -6.7324296435634437e-02 0.0000000000000000e+00 1
1.1302707223791386e-01 -5.8017449181216402e-02 0.0000000000000000e+00 1
1.0353124200185689e-01 -6.0296238173864702e-02 0.0000000000000000e+00 1
1.1435100918646592e-01 -8.3288634478308421e-02 0.0000000000000000e+00 1
1.0629096852500255e-01 -5.0941839340377215e-02 0.0000000000000000e+00 1
9.6784667624229853e-02 -5.3288250525963511e-02 0.0000000000000000e+00 1
9.9441487790389374e-02 -4.3908264139466704e-02 0.0000000000000000e+00 1
8.9943721819433539e-02 -4.6187193649647629e-02 0.0000000000000000e+00 1
9.2669268899954166e-02 -3.7110994706859246e-02 0.0000000000000000e+00 1
8.2913166395857621e-02 -3.9290624109893854e-02 0.0000000000000000e+00 1
8.0340186162135299e-02 -4.8544643356816138e-02 0.0000000000000000e+00 1
7.3350154162317049e-02 -4.1485187713579161e-02 0.0000000000000000e+00 1
7.5993297297772905e-02 -3.2152926819364248e-02 0.0000000000000000e+00 1
6.6347994496869289e-02 -3.4414094536115436e-02 0.0000000000000000e+00 1
6.9028790190656164e-02 -2.5075973307135270e-02 0.0000000000000000e+00 1
5.9505910397348552e-02 -2.7331434576787078e-02 0.0000000000000000e+00 1
6.2049718940309008e-02 -1.7979603230575982e-02 0.0000000000000000e+00 1
5.2579952613452677e-02 -2.0195719470436573e-02 0.0000000000000000e+00 1
5.5285027996675375e-02 -1.0594303261401226e-02 0.0000000000000000e+00 1
4.5596071460416415e-02 -1.2984332127393050e-02 0.0000000000000000e+00 1
4.8346571275101571e-02 -3.2935508535799026e-03 0.0000000000000000e+00 1
3.8552631117130372e-02 -5.7496601384115047e-03 0.0000000000000000e+00 1
4.9973546647391766e-02 -2.9732798652632172e-02 0.0000000000000000e+00 1
4.1311594503389781e-02 3.9845234625631391e-03 0.0000000000000000e+00 1
3.1463825363271837e-02 1.5088069740881679e-03 0.0000000000000000e+00 1
3.4232523773299266e-02 1.1282335125997137e-02 0.0000000000000000e+00 1
2.4342763725781553e-02 8.7981316486333144e-03 0.0000000000000000e+00 1
2.7121693050706809e-02 1.8604031598275655e-02 0.0000000000000000e+00 1
1.7198216150409486e-02 1.6111956429067487e-02 0.0000000000000000e+00 1
2.0341963271382373e-02 2.6295243600308334e-02 0.0000000000000000e+00 1
1.0133603765790811e-02 2.3474495626796252e-02 0.0000000000000000e+00 1
1.3260762600189061e-02 3.3721484212636446e-02 0.0000000000000000e+00 1
2.9806463489745662e-03 3.0848189304771113e-02 0.0000000000000000e+00 1
6.1140289764675402e-03 4.1125791728343394e-02 0.0000000000000000e+00 1
-4.2048026763435581e-03 3.8227884372197887e-02 0.0000000000000000e+00 1
-1.0695061947186403e-03 4.8516815955153683e-02 0.0000000000000000e+00 1
-1.1397098921800016e-02 4.5614689693149496e-02 0.0000000000000000e+00 1
-8.6257336896706366e-03 5.5549746107640977e-02 0.0000000000000000e+00 1
-1.8730689369901781e-02 5.2910635383734292e-02 0.0000000000000000e+00 1
2.3716464337509102e-01 -1.1363001418767923e-01 0.0000000000000000e+00 1
-1.5906729617992745e-02 6.2880481214379003e-02 0.0000000000000000e+00 1
-2.5935413503545141e-02 6.0264153180332666e-02 0.0000000000000000e+00 1
-2.3105395483308439e-02 7.0398117777983327e-02 0.0000000000000000e+00 1
-3.3251947041237649e-02 6.7762230936132650e-02 0.0000000000000000e+00 1
-3.0398084508203225e-02 7.7895508062925944e-02 0.0000000000000000e+00 1
-4.0570970842325180e-02 7.5227306369231930e-02 0.0000000000000000e+00 1
2.1939079525560953e-02 -7.1060940897312106e-04 0.0000000000000000e+00 1
-3.7707622024029268e-02 8.5326023061401329e-02 0.0000000000000000e+00 1
-4.7891837358658831e-02 8.2709400719596496e-02 0.0000000000000000e+00 1
-4.5006340663531035e-02 9.2819558354092863e-02 0.0000000000000000e+00 1
-5.5282440776062598e-02 9.0229216640997090e-02 0.0000000000000000e+00 1
-5.2457184296035159e-02 1.0043410953136028e-01 0.0000000000000000e+00 1
-6.9703610609944261e-03 2.8326528333639467e-02 0.0000000000000000e+00 1
-3.5958303534139549e-02 5.7783864090250089e-02 0.0000000000000000e+00 1
-6.2745809503642780e-02 9.7788469229188282e-02 0.0000000000000000e+00 1
-5.9992873931115270e-02 1.0807496696722729e-01 0.0000000000000000e+00 1
-6.5489281272487390e-02 8.7533993468421903e-02 0.0000000000000000e+00 1
-7.0322457230822949e-02 1.0545391849100549e-01 0.0000000000000000e+00 1
-6.7548275500779062e-02 1.1585260071453037e-01 0.0000000000000000e+00 1
-7.8025347843055259e-02 1.1327051106314047e-01 0.0000000000000000e+00 1
-7.5027877679944427e-02 1.2384213517856993e-01 0.0000000000000000e+00 1
2.0814163136136235e-01 -9.5016767735523588e-02 0.0000000000000000e+00 1
5.7985585206179760e-02 -1.0062798627550719e-03 0.0000000000000000e+00 1
1.3577778209355632e-01 -6.9312409674686909e-02 0.0000000000000000e+00 1
2.9976689135922888e-02 2.8498051549165789e-02 0.0000000000000000e+00 1
-8.5761710152460049e-02 1.2113832589931697e-01 0.0000000000000000e+00 1
-8.2748572729025902e-02 1.3185842381390139e-01 0.0000000000000000e+00 1
1.0852597305219988e-01 -4.0832730827380023e-02 0.0000000000000000e+00 1
2.2335157439109408e-03 5.9377291400866283e-02 0.0000000000000000e+00 1
-3.5026502666412510e-02 9.5863582213565751e-02 0.0000000000000000e+00 1
-9.3629519342809747e-02 1.2909520543407529e-01 0.0000000000000000e+00 1
-9.0572160013654091e-02 1.3997301798516323e-01 0.0000000000000000e+00 1
-9.5560897823404212e-02 1.1844756178650251e-01 0.0000000000000000e+00 1
-1.0159682689414518e-01 1.3715597223280707e-01 0.0000000000000000e+00 1
-9.8510124118919462e-02 1.4819724147168978e-01 0.0000000000000000e+00 1
2.7701398331602833e-01 -1.0393188597277052e-01 0.0000000000000000e+00 1
-6.4091673722155532e-02 1.2569452558245070e-01 0.0000000000000000e+00 1
-1.0965069303946441e-01 1.4532328737497405e-01 0.0000000000000000e+00 1
-1.0657375845370437e-01 1.5653288258840276e-01 0.0000000000000000e+00 1
-9.5240640674437993e-02 1.5939710150114339e-01 0.0000000000000000e+00 1
-1.0341138802009864e-01 1.6787905419668928e-01 0.0000000000000000e+00 1
-1.1488865973949203e-01 1.6493722598985699e-01 0.0000000000000000e+00 1
-1.1173378421457050e-01 1.7642148408411876e-01 0.0000000000000000e+00 1
-1.2336593513686828e-01 1.7343687297572646e-01 0.0000000000000000e+00 1
-1.2018399435158675e-01 1.8509484398224943e-01 0.0000000000000000e+00 1
-1.3153002812189429e-01 1.8250726066268674e-01 0.0000000000000000e+00 1
-1.2862543803683152e-01 1.9395578392572027e-01 0.0000000000000000e+00 1
2.3454369280040291e-01 -8.6288091440700376e-02 0.0000000000000000e+00 1
-9.1886749178628116e-02 1.7077148053959512e-01 0.0000000000000000e+00 1
-1.4038330432646717e-01 1.9106134234007399e-01 0.0000000000000000e+00 1
-1.3721639504120603e-01 2.0280704831783217e-01 0.0000000000000000e+00 1
-1.1675885826221756e-01 1.9679361432601694e-01 0.0000000000000000e+00 1
7.0500248292280326e-02 -5.0804337870900204e-02 0.0000000000000000e+00 1
1.6977567246208450e-01 -1.2931859581978689e-01 0.0000000000000000e+00 1
-1.3528987646242466e-01 1.7035129630642451e-01 0.0000000000000000e+00 1
-1.4896801602357540e-01 2.0015844080273465e-01 0.0000000000000000e+00 1
-1.4590753887469460e-01 2.1183486248546970e-01 0.0000000000000000e+00 1
-1.5815300463693929e-01 2.0868433746475140e-01 0.0000000000000000e+00 1
-1.5486610478874496e-01 2.2081042425755670e-01 0.0000000000000000e+00 1
-1.4251302217227607e-01 2.2395249974323364e-01 0.0000000000000000e+00 1
-1.5149155533515415e-01 2.3306171786993959e-01 0.0000000000000000e+00 1
-1.6379970213881356e-01 2.2992026602153731e-01 0.0000000000000000e+00 1
-1.6048944399649157e-01 2.4218601104413023e-01 0.0000000000000000e+00 1
-1.7287453549603107e-01 2.3903829739776594e-01 0.0000000000000000e+00 1
-1.6955948764049680e-01 2.5139296703956826e-01 0.0000000000000000e+00 1
-1.3913135843820537e-01 2.3621051898852410e-01 0.0000000000000000e+00 1
-1.8205884443116727e-01 2.4814064729159585e-01 0.0000000000000000e+00 1
-1.7863165265232481e-01 2.6065721781075307e-01 0.0000000000000000e+00 1
-1.9123918925126016e-01 2.5736708304764444e-01 0.0000000000000000e+00 1
-1.8778861770684033e-01 2.6994091115055668e-01 0.0000000000000000e+00 1
-1.6157759180793513e-01 1.9641431374119736e-01 0.0000000000000000e+00 1
-1.6600485362924525e-01 2.6373496108249483e-01 0.0000000000000000e+00 1
-2.0041116462971834e-01 2.6663720967679727e-01 0.0000000000000000e+00 1
-1.9695648942628571e-01 2.7923531354773090e-01 0.0000000000000000e+00 1
3.0619620299511452e-01 -9.6309997379758275e-02 0.0000000000000000e+00 1
-1.8587322411323570e-01 2.3580207594928818e-01 0.0000000000000000e+00 1
-2.0958309817938534e-01 2.7593371283895307e-01 0.0000000000000000e+00 1
-2.0612559891838717e-01 2.8853117533268202e-01 0.0000000000000000e+00 1
-1.9349517984073097e-01 2.9182423558255477e-01 0.0000000000000000e+00 1
-2.0267914042868962e-01 3.0110409468327537e-01 0.0000000000000000e+00 1
-2.1527526691170085e-01 2.9781234365903975e-01 0.0000000000000000e+00 1
-2.1185442376464231e-01 3.1036566724716685e-01 0.0000000000000000e+00 1
-2.2439523877623746e-01 3.0706373352632066e-01 0.0000000000000000e+00 1
-2.2100837834657119e-01 3.1954536992739974e-01 0.0000000000000000e+00 1
2.6608408001602790e-01 -7.9455955956614657e-02 0.0000000000000000e+00 1
1.5654860557825845e-01 -8.9204565236551014e-02 0.0000000000000000e+00 1
-2.3348088907665288e-01 3.1626103709239528e-01 0.0000000000000000e+00 1
-2.3011824583186635e-01 3.2864599320632704e-01 0.0000000000000000e+00 1
-1.9004159774830159e-01 3.0441061323904178e-01 0.0000000000000000e+00 1
-2.4248083403705678e-01 3.2542179314580078e-01 0.0000000000000000e+00 1
-2.3912261185966421e-01 3.3777332646614394e-01 0.0000000000000000e+00 1
-2.1800372142350360e-01 3.3199772452595211e-01 0.0000000000000000e+00 1
-2.5141943717473014e-01 3.3452413679244891e-01 0.0000000000000000e+00 1
-2.4813657108401432e-01 3.4670806485363015e-01 0.0000000000000000e+00 1
-2.1305009851426118e-01 2.6331865334490234e-01 0.0000000000000000e+00 1
-2.6030510311759764e-01 3.4348836058526189e-01 0.0000000000000000e+00 1
-2.5697766568230113e-01 3.5554732062691752e-01 0.0000000000000000e+00 1
-2.4493983461504015e-01 3.5876902913631192e-01 0.0000000000000000e+00 1
-2.5367819186873242e-01 3.6753780094662086e-01 0.0000000000000000e+00 1
-2.6560044585520870e-01 3.6435060697753541e-01 0.0000000000000000e+00 1
-2.6234863736763586e-01 3.7611662315422645e-01 0.0000000000000000e+00 1
-2.7400696732740604e-01 3.7304400743457511e-01 0.0000000000000000e+00 1
-2.7092466287730654e-01 3.8458168097688267e-01 0.0000000000000000e+00 1
-2.3691273349852063e-01 3.0383595870325308e-01 0.0000000000000000e+00 1
-2.8250509460909756e-01 3.8133900892433742e-01 0.0000000000000000e+00 1
-2.7929234925961577e-01 3.9286835281643240e-01 0.0000000000000000e+00 1
-2.9054995430355202e-01 3.8981591083534756e-01 0.0000000000000000e+00 1
-2.8732944028302582e-01 4.0103291428223076e-01 0.0000000000000000e+00 1
-2.9868681301441002e-01 3.9769449738845497e-01 0.0000000000000000e+00 1
-2.9534087355370997e-01 4.0888070586298136e-01 0.0000000000000000e+00 1
-2.4178538577545772e-01 3.7079205136561716e-01 0.0000000000000000e+00 1
-2.6361518231766962e-01 3.3136521723678769e-01 0.0000000000000000e+00 1
-2.8604450395326764e-01 3.6976003271284424e-01 0.0000000000000000e+00 1
-2.5937572573604772e-01 3.8777553498441231e-01 0.0000000000000000e+00 1
7.7526582466455218e-02 -5.7796014126313175e-02 0.0000000000000000e+00 1
6.7982823298694706e-02 -6.0056799717016995e-02 0.0000000000000000e+00 1
7.4970115132443782e-02 -6.7013735332752025e-02 0.0000000000000000e+00 1
6.5329178819047845e-02 -6.9131913862810437e-02 0.0000000000000000e+00 1
7.2315089985401926e-02 -7.6088166951899822e-02 0.0000000000000000e+00 1
6.2372672385709219e-02 -7.8026330172286967e-02 0.0000000000000000e+00 1
6.9436806021836592e-02 -8.5027800368318834e-02 0.0000000000000000e+00 1
6.0314196855977054e-02 -8.7255888363373280e-02 0.0000000000000000e+00 1
6.6901812392855461e-02 -9.4044547808479678e-02 0.0000000000000000e+00 1
5.7859043865136225e-02 -9.6230588093111510e-02 0.0000000000000000e+00 1
6.4293587716150097e-02 -1.0297246806425844e-01 0.0000000000000000e+00 1
5.0997123185814106e-02 -8.9218783555744224e-02 0.0000000000000000e+00 1
4.8849814059014514e-02 -9.8349152474854165e-02 0.0000000000000000e+00 1
4.2245717109706801e-02 -9.1464590149056668e-02 0.0000000000000000e+00 1
4.0043516310540976e-02 -1.0046585733198612e-01 0.0000000000000000e+00 1
3.3813304671542241e-02 -9.4051435216016971e-02 0.0000000000000000e+00 1
3.1434760114968097e-02 -1.0261030506529906e-01 0.0000000000000000e+00 1
2.5280965965343096e-02 -9.6308762045888729e-02 0.0000000000000000e+00 1
2.2936451674682837e-02 -1.0462952921754670e-01 0.0000000000000000e+00 1
1.6950169570969651e-02 -9.8551921176945625e-02 0.0000000000000000e+00 1
2.8931028872697679e-02 -1.1103281985991066e-01 0.0000000000000000e+00 1
1.4635747194673306e-02 -1.0663846536378807e-01 0.0000000000000000e+00 1
8.8340488917779333e-03 -1.0062452539072875e-01 0.0000000000000000e+00 1
1.0833598877841626e-02 -9.2838300204368965e-02 0.0000000000000000e+00 1
3.3208021737012373e-03 -9.4421472416811897e-02 0.0000000000000000e+00 1
5.0387261003997453e-03 -8.6944975868151142e-02 0.0000000000000000e+00 1
-2.4168001376247234e-03 -8.8484632214572548e-02 0.0000000000000000e+00 1
-7.0255746518606732e-04 -8.1009764424540234e-02 0.0000000000000000e+00 1
-8.5109889035269518e-03 -8.2891920399789459e-02 0.0000000000000000e+00 1
-6.5771136599708079e-03 -7.5190972322808775e-02 0.0000000000000000e+00 1
-1.4364187847398626e-02 -7.7070578400336667e-02 0.0000000000000000e+00 1
-1.2210285914306885e-02 -6.9112389903276866e-02 0.0000000000000000e+00 1
-2.0166680254247091e-02 -7.1142454846029990e-02 0.0000000000000000e+00 1
-1.7964994219259837e-02 -6.3116474776404113e-02 0.0000000000000000e+00 1
-2.6195148695328865e-02 -6.5162758515456526e-02 0.0000000000000000e+00 1
-2.3831157017868129e-02 -5.7135518846546954e-02 0.0000000000000000e+00 1
-3.2196782150153092e-02 -5.9184287528197078e-02 0.0000000000000000e+00 1
-2.9723818314135775e-02 -5.1140549709393954e-02 0.0000000000000000e+00 1
-3.7949842438077620e-02 -5.3227220706542351e-02 0.0000000000000000e+00 1
-3.5756398187624758e-02 -4.5293055312528224e-02 0.0000000000000000e+00 1
-4.3790351086291736e-02 -4.7255231877847900e-02 0.0000000000000000e+00 1
-4.1668457968494478e-02 -3.9289485218509751e-02 0.0000000000000000e+00 1
-4.9710108818812937e-02 -4.1243391223439271e-02 0.0000000000000000e+00 1
-4.7593393363219140e-02 -3.3255368832191004e-02 0.0000000000000000e+00 1
-5.5611534658231862e-02 -3.5212374457001719e-02 0.0000000000000000e+00 1
-5.3525970030910731e-02 -2.7207280868562743e-02 0.0000000000000000e+00 1
-6.1558876253658468e-02 -2.9176832602267347e-02 0.0000000000000000e+00 1
-5.9451918840185025e-02 -2.1130699212943915e-02 0.0000000000000000e+00 1
-6.7610979232853738e-02 -2.2977549837638445e-02 0.0000000000000000e+00 1
-6.5400080307827124e-02 -1.5038002896379557e-02 0.0000000000000000e+00 1
-7.3606438480081721e-02 -1.6861611291660205e-02 0.0000000000000000e+00 1
-7.1361870475243963e-02 -8.9315680406319188e-03 0.0000000000000000e+00 1
-7.9485307071459427e-02 -1.0948278353221239e-02 0.0000000000000000e+00 1
-7.7207057666530993e-02 -2.7680127342219912e-03 0.0000000000000000e+00 1
-8.5448335125258734e-02 -4.8612185657396058e-03 0.0000000000000000e+00 1
-8.3160926846783820e-02 3.3186300106969728e-03 0.0000000000000000e+00 1
-9.1426699365741632e-02 1.2269068999157288e-03 0.0000000000000000e+00 1
-8.9133711879291602e-02 9.4320679802837870e-03 0.0000000000000000e+00 1
-9.7411412313030465e-02 7.2871042370860496e-03 0.0000000000000000e+00 1
-9.5118486431692323e-02 1.5527869090671300e-02 0.0000000000000000e+00 1
-1.0336140633703089e-01 1.3382847445229384e-02 0.0000000000000000e+00 1
-1.0114311228440043e-01 2.1574743825702722e-02 0.0000000000000000e+00 1
-1.0921177062490670e-01 1.9598281800476656e-02 0.0000000000000000e+00 1
-1.0710535061441506e-01 2.7676027369147416e-02 0.0000000000000000e+00 1
-1.1516841766995281e-01 2.5740641039954663e-02 0.0000000000000000e+00 1
-1.0834788356851824e-02 -9.1259499479604447e-02 0.0000000000000000e+00 1
-1.1307129040103150e-01 3.3760668863042582e-02 0.0000000000000000e+00 1
-1.2151785319646224e-01 3.1638821327235570e-02 0.0000000000000000e+00 1
-1.1904674862086199e-01 3.9810122675475637e-02 0.0000000000000000e+00 1
-1.2765145636405456e-01 3.7616880816841419e-02 0.0000000000000000e+00 1
-1.2503331444140689e-01 4.5803031613990255e-02 0.0000000000000000e+00 1
-1.3329601541290398e-01 4.3700641233291988e-02 0.0000000000000000e+00 1
-1.3086015964779482e-01 5.1835462394869303e-02 0.0000000000000000e+00 1
6.5525005011091569e-03 -1.0860152747391384e-01 0.0000000000000000e+00 1
-2.8374134648490926e-02 -7.3135715632046100e-02 0.0000000000000000e+00 1
-4.6090221798468750e-02 -5.5256083725896271e-02 0.0000000000000000e+00 1
-6.9745627959039630e-02 -3.1254654013195243e-02 0.0000000000000000e+00 1
-1.3908254226174177e-01 4.9774676035485424e-02 0.0000000000000000e+00 1
-1.3668426494312996e-01 5.7868457381329647e-02 0.0000000000000000e+00 1
-8.7729796087262640e-02 -1.2946916794844873e-02 0.0000000000000000e+00 1
-1.0531891739375329e-01 5.1062842431167680e-03 0.0000000000000000e+00 1
-1.0111409133913025e-02 -6.1280058019604400e-02 0.0000000000000000e+00 1
-1.4501639037149233e-01 5.5804484795081710e-02 0.0000000000000000e+00 1
-1.4256968371052836e-01 6.4059519762217826e-02 0.0000000000000000e+00 1
-1.2351399638660066e-01 2.3552912442169460e-02 0.0000000000000000e+00 1
-4.0500081182357026e-02 -3.0609321098286561e-02 0.0000000000000000e+00 1
-6.8948697445047571e-02 -1.1669071960963291e-03 0.0000000000000000e+00 1
7.3224611203502824e-03 -8.0214904590202862e-02 0.0000000000000000e+00 1
-1.4170166077849455e-01 4.1779476363992880e-02 0.0000000000000000e+00 1
-9.3090078284668309e-02 2.3921775434192123e-02 0.0000000000000000e+00 1
-1.5092847751788169e-01 6.1866277480948445e-02 0.0000000000000000e+00 1
-1.4866418450341828e-01 7.0255261095859334e-02 0.0000000000000000e+00 1
-1.2236691232590233e-01 5.3836005250611593e-02 0.0000000000000000e+00 1
-1.4006075016504962e-01 7.2485708385940151e-02 0.0000000000000000e+00 1
-1.4632842901919055e-01 7.8872464853640203e-02 0.0000000000000000e+00 1
-1.5503262865939654e-01 7.6556562045653281e-02 0.0000000000000000e+00 1
-1.5269997171321628e-01 8.5395379851801248e-02 0.0000000000000000e+00 1
-1.6160035400579104e-01 8.2991178742306118e-02 0.0000000000000000e+00 1
-1.5926357736426558e-01 9.2068960872352848e-02 0.0000000000000000e+00 1
-1.5007713591156319e-01 9.4476722470891797e-02 0.0000000000000000e+00 1
-1.5680274844054873e-01 1.0136871739907025e-01 0.0000000000000000e+00 1
-1.6621240463451667e-01 9.8842662894169653e-02 0.0000000000000000e+00 1
-1.6374109911836215e-01 1.0843503125601228e-01 0.0000000000000000e+00 1
-1.7340101687189624e-01 1.0577570651548768e-01 0.0000000000000000e+00 1
-1.7090295931885560e-01 1.1566378673934731e-01 0.0000000000000000e+00 1
7.3355783125083715e-02 -1.0077410522482103e-01 0.0000000000000000e+00 1
7.0716630235071895e-02 -1.0972947689027251e-01 0.0000000000000000e+00 1
7.9829714026009621e-02 -1.0753659102548326e-01 0.0000000000000000e+00 1
7.7169240406257930e-02 -1.1658361068659664e-01 0.0000000000000000e+00 1
8.6341509011151507e-02 -1.1435008666074016e-01 0.0000000000000000e+00 1
8.3679370555804475e-02 -1.2340651052818889e-01 0.0000000000000000e+00 1
7.4482635697503893e-02 -1.2564958927552522e-01 0.0000000000000000e+00 1
8.1000373800676401e-02 -1.3247816465056553e-01 0.0000000000000000e+00 1
7.1732604883152140e-02 -1.3474108416084113e-01 0.0000000000000000e+00 1
7.8399400335248379e-02 -1.4168773663314430e-01 0.0000000000000000e+00 1
6.9026279249953984e-02 -1.4389283469108527e-01 0.0000000000000000e+00 1
7.5717124375718411e-02 -1.5084116245341378e-01 0.0000000000000000e+00 1
6.6372147038259222e-02 -1.5303799748889960e-01 0.0000000000000000e+00 1
7.2994570127886085e-02 -1.6002591902859709e-01 0.0000000000000000e+00 1
8.2380234614366554e-02 -1.5776750844550000e-01 0.0000000000000000e+00 1
7.9665257331325512e-02 -1.6707319223163977e-01 0.0000000000000000e+00 1
8.9076175840593130e-02 -1.6484007889862509e-01 0.0000000000000000e+00 1
8.6388795813708355e-02 -1.7416726236862748e-01 0.0000000000000000e+00 1
9.5922310008546133e-02 -1.7183392350631202e-01 0.0000000000000000e+00 1
9.3166321490881956e-02 -1.8128108342668858e-01 0.0000000000000000e+00 1
1.0275403178509623e-01 -1.7895066014697980e-01 0.0000000000000000e+00 1
9.9975150919055011e-02 -1.8844487946287369e-01 0.0000000000000000e+00 1
1.0945075561528941e-01 -1.8622319757921507e-01 0.0000000000000000e+00 1
1.0679420000122081e-01 -1.9566742236535220e-01 0.0000000000000000e+00 1
1.1636459503399579e-01 -1.9362887847749943e-01 0.0000000000000000e+00 1
1.1367421216106734e-01 -2.0294648034630447e-01 0.0000000000000000e+00 1
1.2346127321272350e-01 -2.0077562490231296e-01 0.0000000000000000e+00 1
1.2076348114950169e-01 -2.1007091374771281e-01 0.0000000000000000e+00 1
1.3040337753330308e-01 -2.0779618014274637e-01 0.0000000000000000e+00 1
1.2773249093942635e-01 -2.1730615715953686e-01 0.0000000000000000e+00 1
1.3736674911319230e-01 -2.1506083427176997e-01 0.0000000000000000e+00 1
1.3460890036473888e-01 -2.2470300262581933e-01 0.0000000000000000e+00 1
1.4436823198623031e-01 -2.2234719817819917e-01 0.0000000000000000e+00 1
1.4155913146414886e-01 -2.3207632017265520e-01 0.0000000000000000e+00 1
1.5136875782389619e-01 -2.2968416524701241e-01 0.0000000000000000e+00 1
1.4860544769210099e-01 -2.3939960520701392e-01 0.0000000000000000e+00 1
1.5840753729198762e-01 -2.3702668281967898e-01 0.0000000000000000e+00 1
1.5559020903342169e-01 -2.4681586650902135e-01 0.0000000000000000e+00 1
1.6548320632694161e-01 -2.4440286327722721e-01 0.0000000000000000e+00 1
1.6263384812677648e-01 -2.5419891656700139e-01 0.0000000000000000e+00 1
1.7254280606219677e-01 -2.5177623238739466e-01 0.0000000000000000e+00 1
1.6969443230839204e-01 -2.6157719607368596e-01 0.0000000000000000e+00 1
1.7959939797538454e-01 -2.5914927291393386e-01 0.0000000000000000e+00 1
1.7675532291858875e-01 -2.6894661859711583e-01 0.0000000000000000e+00 1
1.8233621991739404e-01 -2.4924337829699339e-01 0.0000000000000000e+00 1
1.8665001184048413e-01 -2.6651930731256063e-01 0.0000000000000000e+00 1
1.8379360942047510e-01 -2.7631564534015418e-01 0.0000000000000000e+00 1
1.9366033509317387e-01 -2.7390516795292696e-01 0.0000000000000000e+00 1
1.9086124007991778e-01 -2.8364856718415693e-01 0.0000000000000000e+00 1
2.0067682129114200e-01 -2.8124989969188996e-01 0.0000000000000000e+00 1
1.9788926063030637e-01 -2.9093931042880472e-01 0.0000000000000000e+00 1
2.0768400322559144e-01 -2.8854564293777829e-01 0.0000000000000000e+00 1
2.1042580463358834e-01 -2.7882256933896232e-01 0.0000000000000000e+00 1
2.0488587185183893e-01 -2.9822464790261982e-01 0.0000000000000000e+00 1
2.1463967022487523e-01 -2.9582359290148497e-01 0.0000000000000000e+00 1
2.1180490986193701e-01 -3.0542965551924595e-01 0.0000000000000000e+00 1
2.0215149579751368e-01 -3.0780053619264514e-01 0.0000000000000000e+00 1
2.0900267556226776e-01 -3.1496705838971406e-01 0.0000000000000000e+00 1
1.9944064507398002e-01 -3.1733625171659824e-01 0.0000000000000000e+00 1
2.0628097827283065e-01 -3.2439620203774383e-01 0.0000000000000000e+00 1
1.7415202802130048e-01 -2.7887517974252152e-01 0.0000000000000000e+00 1
1.5412858273701247e-01 -2.1987818356856792e-01 0.0000000000000000e+00 1
2.1573936503902780e-01 -3.2206274871772128e-01 0.0000000000000000e+00 1
2.1285015512158584e-01 -3.3136291872481305e-01 0.0000000000000000e+00 1
1.4598490693468436e-01 -2.4939705207009213e-01 0.0000000000000000e+00 1
2.0361567820987936e-01 -3.3370185987044831e-01 0.0000000000000000e+00 1
2.1005306172152299e-01 -3.4056916555091288e-01 0.0000000000000000e+00 1
2.2241550985399910e-01 -3.2913603134097691e-01 0.0000000000000000e+00 1
1.2522951857396733e-01 -2.2726473920627260e-01 0.0000000000000000e+00 1
2.0097506793783732e-01 -3.4289591704010325e-01 0.0000000000000000e+00 1
2.0743503525872323e-01 -3.4969310150859628e-01 0.0000000000000000e+00 1
1.0405260046437070e-01 -2.0515593161844028e-01 0.0000000000000000e+00 1
7.6862523340621269e-02 -1.7628559672734218e-01 0.0000000000000000e+00 1
1.9820692324881153e-01 -3.5205835899729659e-01 0.0000000000000000e+00 1
2.0470829589559780e-01 -3.5877132649826715e-01 0.0000000000000000e+00 1
2.1379512320342181e-01 -3.5649139376054739e-01 0.0000000000000000e+00 1
2.1102374939463986e-01 -3.6550934716148720e-01 0.0000000000000000e+00 1
1.9182569926066917e-01 -3.4516399620661731e-01 0.0000000000000000e+00 1
2.2005290924165621e-01 -3.6322197556281710e-01 0.0000000000000000e+00 1
2.1738147992921705e-01 -3.7206383868699006e-01 0.0000000000000000e+00 1
2.0156231206645747e-01 -3.6816917400259236e-01 0.0000000000000000e+00 1
2.2627882128761051e-01 -3.6982882236469428e-01 0.0000000000000000e+00 1
2.2376156806747796e-01 -3.7843566008660018e-01 0.0000000000000000e+00 1
1.3305908199553124e-01 -1.9870712239075600e-01 0.0000000000000000e+00 1
2.3211738629730716e-01 -3.7640607698913187e-01 0.0000000000000000e+00 1
2.2977507557769966e-01 -3.8484608977186935e-01 0.0000000000000000e+00 1
2.2133717197210867e-01 -3.8690702722829884e-01 0.0000000000000000e+00 1
2.3526008905880014e-01 -3.6894898917154978e-01 0.0000000000000000e+00 1
1.1206877351127510e-01 -1.7705827032829613e-01 0.0000000000000000e+00 1
2.2710009633405751e-01 -3.9336365755839148e-01 0.0000000000000000e+00 1
2.1897488512440622e-01 -3.9528940496224685e-01 0.0000000000000000e+00 1
9.0434367645008562e-02 -1.3054707759689035e-01 0.0000000000000000e+00 1
2.3897876624791844e-01 -3.8349598389203382e-01 0.0000000000000000e+00 1
2.2464957161742596e-01 -4.0163002476956616e-01 0.0000000000000000e+00 1
2.1663676509842153e-01 -4.0347049726641432e-01 0.0000000000000000e+00 1
5.9723981331920695e-02 -1.4615452427219966e-01 0.0000000000000000e+00 1
5.7087536802513265e-02 -1.5524183971678945e-01 0.0000000000000000e+00 1
5.0555776563645217e-02 -1.4840579443494206e-01 0.0000000000000000e+00 1
4.7906837707868646e-02 -1.5738918115674680e-01 0.0000000000000000e+00 1
4.1469562596111439e-02 -1.5059606149945909e-01 0.0000000000000000e+00 1
3.8816562017581720e-02 -1.5952632564028371e-01 0.0000000000000000e+00 1
3.2468249545645547e-02 -1.5280946335690299e-01 0.0000000000000000e+00 1
2.9838627140462384e-02 -1.6163286169233609e-01 0.0000000000000000e+00 1
3.6026388633202858e-02 -1.6845384698512716e-01 0.0000000000000000e+00 1
2.3546111517672955e-02 -1.5503143083271276e-01 0.0000000000000000e+00 1
2.0949813611745159e-02 -1.6372958771001533e-01 0.0000000000000000e+00 1
1.4713635812615179e-02 -1.5718720622891230e-01 0.0000000000000000e+00 1
-1.6095190400883230e-01 1.1830730653844368e-01 0.0000000000000000e+00 1
-1.6826693299862536e-01 1.2575562145380317e-01 0.0000000000000000e+00 1
2.2245015994106221e-01 -4.0955835037871924e-01 0.0000000000000000e+00 1
2.3040148032470109e-01 -4.0775783685320244e-01 0.0000000000000000e+00 1
2.1436239360912185e-01 -4.1163139095005535e-01 0.0000000000000000e+00 1
2.0856960337651292e-01 -4.0549372136836048e-01 0.0000000000000000e+00 1
-1.7847498482014573e-01 1.2298402363386064e-01 0.0000000000000000e+00 1
-1.7578329294089717e-01 1.3334763571859107e-01 0.0000000000000000e+00 1
5.8269623157184848e-02 -6.2160655042270821e-02 0.0000000000000000e+00 1
3.6261365409106190e-02 -8.5516752071492952e-02 0.0000000000000000e+00 1
1.2086907496284320e-02 -1.6586150329795113e-01 0.0000000000000000e+00 1
5.9594513570047948e-03 -1.5932222309545482e-01 0.0000000000000000e+00 1
8.5168924941768018e-03 -1.5082141236462085e-01 0.0000000000000000e+00 1
2.4806642710073865e-05 -1.5285732795835844e-01 0.0000000000000000e+00 1
-1.8633737010501472e-01 1.3046705198958256e-01 0.0000000000000000e+00 1
-1.8348482958581869e-01 1.4129133969109073e-01 0.0000000000000000e+00 1
2.0629205626412001e-01 -4.1364751121717869e-01 0.0000000000000000e+00 1
2.0050445808706099e-01 -4.0759770238516141e-01 0.0000000000000000e+00 1
2.2014759112230142e-01 -4.1811588351439150e-01 0.0000000000000000e+00 1
6.7510638984417549e-03 1.4056596587932232e-02 0.0000000000000000e+00 1
3.5927391055090414e-02 -1.5408158111663784e-02 0.0000000000000000e+00 1
1.8841741440577933e-01 -9.8891518754087263e-02 0.0000000000000000e+00 1
-5.7775680672192478e-02 -4.3329755585257243e-02 0.0000000000000000e+00 1
2.3031461590049583e-03 -1.4474279297815235e-01 0.0000000000000000e+00 1
-5.7964168062850478e-03 -1.4659076276919117e-01 0.0000000000000000e+00 1
1.2749758514627613e-01 -9.7135236098478808e-02 0.0000000000000000e+00 1
-2.1353850864254384e-02 4.2934787531116805e-02 0.0000000000000000e+00 1
1.8822884987479505e-01 -2.9341997313997625e-01 0.0000000000000000e+00 1
-3.0625195629531199e-01 4.0588143079971484e-01 0.0000000000000000e+00 1
-3.0301939573201364e-01 4.1667604818244569e-01 0.0000000000000000e+00 1
-8.0371883762838769e-02 1.0303696797322032e-01 0.0000000000000000e+00 1
-1.5322864943877831e-01 5.3726719050226149e-02 0.0000000000000000e+00 1
-5.0738518353409680e-02 7.2668894935258924e-02 0.0000000000000000e+00 1
1.8899653395044871e-01 -3.5449378464825820e-01 0.0000000000000000e+00 1
1.8259911139000179e-01 -3.4746473556849811e-01 0.0000000000000000e+00 1
1.7991978516968446e-01 -3.5671814248582523e-01 0.0000000000000000e+00 1
1.7338156013799022e-01 -3.4973120905036414e-01 0.0000000000000000e+00 1
1.7078037808399793e-01 -3.5886354694635064e-01 0.0000000000000000e+00 1
1.6413551083387129e-01 -3.5199038109101816e-01 0.0000000000000000e+00 1
1.6676646482732985e-01 -3.4273825106129374e-01 0.0000000000000000e+00 1
1.5734265183295959e-01 -3.4505226321903565e-01 0.0000000000000000e+00 1
1.6005487255003045e-01 -3.3567003378973082e-01 0.0000000000000000e+00 1
1.5050682839387142e-01 -3.3803168745168444e-01 0.0000000000000000e+00 1
1.5324298065857700e-01 -3.2853497074148774e-01 0.0000000000000000e+00 1
1.4360876256073984e-01 -3.3094155755069488e-01 0.0000000000000000e+00 1
1.4636405338806963e-01 -3.2134890175221709e-01 0.0000000000000000e+00 1
1.3688259665878691e-01 -3.2372807191670633e-01 0.0000000000000000e+00 1
1.3928844237127602e-01 -3.1428084623632313e-01 0.0000000000000000e+00 1
1.2984622822235495e-01 -3.1635085159114573e-01 0.0000000000000000e+00 1
1.3202167988933255e-01 -3.0692452215282162e-01 0.0000000000000000e+00 1
1.2251313904352357e-01 -3.0909478607778540e-01 0.0000000000000000e+00 1
1.2507297167054288e-01 -2.9941962197261462e-01 0.0000000000000000e+00 1
1.1568307403686920e-01 -3.0182784960319586e-01 0.0000000000000000e+00 1
1.1809769395135973e-01 -2.9231119663713284e-01 0.0000000000000000e+00 1
1.0856750101116044e-01 -2.9431208735842695e-01 0.0000000000000000e+00 1
1.1073396202365549e-01 -2.8485314448293281e-01 0.0000000000000000e+00 1
1.5497908310002828e-01 -3.5438901811955481e-01 0.0000000000000000e+00 1
1.0113265399366661e-01 -2.8699816216325469e-01 0.0000000000000000e+00 1
1.0370904308836368e-01 -2.7724236928266932e-01 0.0000000000000000e+00 1
9.4257765154585851e-02 -2.7985898227618333e-01 0.0000000000000000e+00 1
9.6677153953108164e-02 -2.7011425227563646e-01 0.0000000000000000e+00 1
8.7373194465769147e-02 -2.7232541541649219e-01 0.0000000000000000e+00 1
8.9553897517698600e-02 -2.6268064157354437e-01 0.0000000000000000e+00 1
1.3456163260485787e-01 -3.3301023454237044e-01 0.0000000000000000e+00 1
8.0004934655778528e-02 -2.6480803949191012e-01 0.0000000000000000e+00 1
8.2378757193868529e-02 -2.5522768177282834e-01 0.0000000000000000e+00 1
7.2616831374461677e-02 -2.5757149203237117e-01 0.0000000000000000e+00 1
7.5396551517064841e-02 -2.4773616441329907e-01 0.0000000000000000e+00 1
6.5474574815351724e-02 -2.5018400873397523e-01 0.0000000000000000e+00 1
6.8289993368353799e-02 -2.4035925367842795e-01 0.0000000000000000e+00 1
1.2700295637749628e-01 -2.9011705463366944e-01 0.0000000000000000e+00 1
1.1335031774857973e-01 -3.1096951411472551e-01 0.0000000000000000e+00 1
1.7727487521427288e-01 -3.6583669281097336e-01 0.0000000000000000e+00 1
-1.1343671569425187e-01 1.3386276696301838e-01 0.0000000000000000e+00 1
2.2155092448018660e-01 -3.0306429463007889e-01 0.0000000000000000e+00 1
2.5699001054617482e-01 -1.0896803807565554e-01 0.0000000000000000e+00 1
8.4722446395126383e-02 -2.4570821632450193e-01 0.0000000000000000e+00 1
6.5174206575300084e-02 -1.2726474705097901e-01 0.0000000000000000e+00 1
9.8505584592366649e-02 -1.6259664169939214e-01 0.0000000000000000e+00 1
-1.5802110074180992e-01 1.2844059900931484e-01 0.0000000000000000e+00 1
1.6824000744447656e-01 -3.6796553996425169e-01 0.0000000000000000e+00 1
1.7469897065682843e-01 -3.7473338126287847e-01 0.0000000000000000e+00 1
1.6573662079281842e-01 -3.7695844402845774e-01 0.0000000000000000e+00 1
1.7219441358237569e-01 -3.8358933183758237e-01 0.0000000000000000e+00 1
1.6816494922707148e-01 -2.3453495194675036e-01 0.0000000000000000e+00 1
1.6041912997139673e-01 -1.3157774955993018e-01 0.0000000000000000e+00 1
1.6705017874320988e-01 -1.3860107700074731e-01 0.0000000000000000e+00 1
1.5758402207269306e-01 -1.4085301885583895e-01 0.0000000000000000e+00 1
1.6429260699012455e-01 -1.4793902356673994e-01 0.0000000000000000e+00 1
1.5476724743891263e-01 -1.5019565938390361e-01 0.0000000000000000e+00 1
1.6152037120757723e-01 -1.5733087479916374e-01 0.0000000000000000e+00 1
1.7142068812257330e-01 -1.5464451134815027e-01 0.0000000000000000e+00 1
1.6837221003348804e-01 -1.6442273748468272e-01 0.0000000000000000e+00 1
1.7835656419423834e-01 -1.6171452509262429e-01 0.0000000000000000e+00 1
1.7521815412640776e-01 -1.7163365271324640e-01 0.0000000000000000e+00 1
1.8518957962586749e-01 -1.6905550918627804e-01 0.0000000000000000e+00 1
1.8230772157107983e-01 -1.7870893729134230e-01 0.0000000000000000e+00 1
1.9213511152264542e-01 -1.7630699837939773e-01 0.0000000000000000e+00 1
1.9009324538442765e-01 -1.8554114809126224e-01 0.0000000000000000e+00 1
1.9868648005616882e-01 -1.8395844526340005e-01 0.0000000000000000e+00 1
2.0223197088853298e-01 -1.7428095440775274e-01 0.0000000000000000e+00 1
2.0864639410309882e-01 -1.8176215669665721e-01 0.0000000000000000e+00 1
2.0679057397887213e-01 -1.9060413939089543e-01 0.0000000000000000e+00 1
2.1557298735664687e-01 -1.8882513801083123e-01 0.0000000000000000e+00 1
2.1841702212668485e-01 -1.7946206363625639e-01 0.0000000000000000e+00 1
2.2533302735123975e-01 -1.8657656830669669e-01 0.0000000000000000e+00 1
2.2365665591610479e-01 -1.9551108585136137e-01 0.0000000000000000e+00 1
2.3227495900400352e-01 -1.9390541886778973e-01 0.0000000000000000e+00 1
2.3557697339320893e-01 -1.8415593320665957e-01 0.0000000000000000e+00 1
2.4225561065688178e-01 -1.9162148062628914e-01 0.0000000000000000e+00 1
2.3990580317458698e-01 -2.0113736303077856e-01 0.0000000000000000e+00 1
2.4948563933236370e-01 -1.9874428801218830e-01 0.0000000000000000e+00 1
2.5229342898426083e-01 -1.8898326686513314e-01 0.0000000000000000e+00 1
2.4676039962340740e-01 -2.0875608272478835e-01 0.0000000000000000e+00 1
2.5652805268044709e-01 -2.0613997015168542e-01 0.0000000000000000e+00 1
2.5343014419799681e-01 -2.1611656473432109e-01 0.0000000000000000e+00 1
2.6333907572925946e-01 -2.1372065719458425e-01 0.0000000000000000e+00 1
2.6035406275126266e-01 -2.2358816015379318e-01 0.0000000000000000e+00 1
2.7046802694530914e-01 -2.2107891115528067e-01 0.0000000000000000e+00 1
2.6741151141514491e-01 -2.3106038264573120e-01 0.0000000000000000e+00 1
2.7324827994799888e-01 -2.1134328914030392e-01 0.0000000000000000e+00 1
2.7761048742349836e-01 -2.2849348590681667e-01 0.0000000000000000e+00 1
2.7452722748340702e-01 -2.3855169224437903e-01 0.0000000000000000e+00 1
2.4444576194583811e-01 -2.1843657855431581e-01 0.0000000000000000e+00 1
2.6442351155617516e-01 -2.4096789697545062e-01 0.0000000000000000e+00 1
2.7152364715946964e-01 -2.4852218354076827e-01 0.0000000000000000e+00 1
2.8163114468550920e-01 -2.4611036399996788e-01 0.0000000000000000e+00 1
2.7865218801982433e-01 -2.5606883613963349e-01 0.0000000000000000e+00 1
2.6853975986143069e-01 -2.5847713636948427e-01 0.0000000000000000e+00 1
2.7565132038586504e-01 -2.6601102533770393e-01 0.0000000000000000e+00 1
2.8879242189832555e-01 -2.5367742220119305e-01 0.0000000000000000e+00 1
2.6557058210024115e-01 -2.6839788967518996e-01 0.0000000000000000e+00 1
2.7265751454508574e-01 -2.7592698209618954e-01 0.0000000000000000e+00 1
2.6298952501557316e-01 -2.7840977067892780e-01 0.0000000000000000e+00 1
2.6974651208855716e-01 -2.8586459370825845e-01 0.0000000000000000e+00 1
2.7974769087401274e-01 -2.8347105778359749e-01 0.0000000000000000e+00 1
2.7675361770581208e-01 -2.9337995800517142e-01 0.0000000000000000e+00 1
2.8683788286608691e-01 -2.9100625658456475e-01 0.0000000000000000e+00 1
2.8382257989091125e-01 -3.0091189903717852e-01 0.0000000000000000e+00 1
2.7379287450263945e-01 -3.0328177798020323e-01 0.0000000000000000e+00 1
2.8080415500049433e-01 -3.1076622725063774e-01 0.0000000000000000e+00 1
2.7086865721391973e-01 -3.1310399537915146e-01 0.0000000000000000e+00 1
2.7779738358834072e-01 -3.2053010744600652e-01 0.0000000000000000e+00 1
2.6794743814389704e-01 -3.2284600913763639e-01 0.0000000000000000e+00 1
2.7480715064331174e-01 -3.3018870686960511e-01 0.0000000000000000e+00 1
2.5533502592785168e-01 -2.7186539694024581e-01 0.0000000000000000e+00 1
2.6504356872721974e-01 -3.3244265296769637e-01 0.0000000000000000e+00 1
2.7186280313927602e-01 -3.3972640453814124e-01 0.0000000000000000e+00 1
1.5197438940686603e-01 -1.5959748563678350e-01 0.0000000000000000e+00 1
1.4522648671120988e-01 -1.5245103155602105e-01 0.0000000000000000e+00 1
1.7311454488708491e-01 -1.8057616048543113e-01 0.0000000000000000e+00 1
2.8775688030929603e-01 -3.1826843122960358e-01 0.0000000000000000e+00 1
2.9177754014626933e-01 -2.4367599251056538e-01 0.0000000000000000e+00 1
2.9898542480632201e-01 -2.5128936059129492e-01 0.0000000000000000e+00 1
3.0196215635768919e-01 -2.4122463171631661e-01 0.0000000000000000e+00 1
9.0500168897705485e-02 -1.9060152696822280e-01 0.0000000000000000e+00 1
-1.7586017105843943e-01 9.6044994153755087e-02 0.0000000000000000e+00 1
1.9644220701085716e-01 -2.6415497291201012e-01 0.0000000000000000e+00 1
-1.6393373168461992e-01 7.4427234478451690e-02 0.0000000000000000e+00 1
2.1756474314505478e-01 -1.1820688959870507e-01 0.0000000000000000e+00 1
1.8330683953768596e-02 -1.7241485139702434e-01 0.0000000000000000e+00 1
1.0560792402493546e-01 -2.6778368834632871e-01 0.0000000000000000e+00 1
9.4406990484361894e-03 -1.7454921768042192e-01 0.0000000000000000e+00 1
1.5781307341391625e-02 -1.8142574819861393e-01 0.0000000000000000e+00 1
7.9098120910903916e-02 -2.3742386662622822e-02 0.0000000000000000e+00 1
2.8560289365541930e-01 -7.4723456983915332e-02 0.0000000000000000e+00 1
-1.9439380784240337e-01 1.3826010678757819e-01 0.0000000000000000e+00 1
-1.9159817706966564e-01 1.4931787270182656e-01 0.0000000000000000e+00 1
-5.0994865676710681e-02 -1.8679231770671573e-02 0.0000000000000000e+00 1
-1.5066757696813426e-01 1.2086030239196179e-01 0.0000000000000000e+00 1
-2.1828358962312864e-02 -4.8993930035221206e-02 0.0000000000000000e+00 1
-1.8305166624961922e-01 1.0303112226996948e-01 0.0000000000000000e+00 1
4.3959467655681241e-02 1.3622008813192622e-02 0.0000000000000000e+00 1
1.0446528923372583e-02 -1.4304713741406322e-01 0.0000000000000000e+00 1
-7.9520315974724476e-02 1.4261002407810508e-01 0.0000000000000000e+00 1
1.7035031055792717e-02 4.4321908459803300e-02 0.0000000000000000e+00 1
-8.0856741748713698e-02 1.1562382844829470e-02 0.0000000000000000e+00 1
1.2252162393424422e-01 -5.5684267141868443e-02 0.0000000000000000e+00 1
-4.8818504543423069e-02 1.1009704672132406e-01 0.0000000000000000e+00 1
2.6418644061989477e-01 -3.0576120352561020e-01 0.0000000000000000e+00 1
-2.7628766447105124e-01 4.0411059633098334e-01 0.0000000000000000e+00 1
-1.3099997041194833e-02 7.3355158293079883e-02 0.0000000000000000e+00 1
1.8884846770243796e-01 -1.5890207357404679e-01 0.0000000000000000e+00 1
-1.0500664454593847e-01 3.6241034095775282e-02 0.0000000000000000e+00 1
-3.6152038236054204e-03 -1.3874080253639212e-01 0.0000000000000000e+00 1
-1.1465273334013183e-02 -1.4023964144463402e-01 0.0000000000000000e+00 1
-9.2292482089544672e-03 -1.3285369937857788e-01 0.0000000000000000e+00 1
-1.6862221612770852e-02 -1.3431197919808854e-01 0.0000000000000000e+00 1
-1.4615623123340138e-02 -1.2714985925644912e-01 0.0000000000000000e+00 1
-2.2013587370191857e-02 -1.2889066887964157e-01 0.0000000000000000e+00 1
-1.9895169085353125e-02 -1.2170830463367956e-01 0.0000000000000000e+00 1
-2.7130778146629800e-02 -1.2337888338350690e-01 0.0000000000000000e+00 1
-2.5014412360094045e-02 -1.1636686409844607e-01 0.0000000000000000e+00 1
-3.2166289822977687e-02 -1.1800552619154271e-01 0.0000000000000000e+00 1
-3.0066182428311689e-02 -1.1141063193907266e-01 0.0000000000000000e+00 1
-3.7177624808096263e-02 -1.1292383084200526e-01 0.0000000000000000e+00 1
-3.9203045288114767e-02 -1.1965812921086108e-01 0.0000000000000000e+00 1
-4.4009259558085004e-02 -1.1453870540393092e-01 0.0000000000000000e+00 1
-4.2140559747339858e-02 -1.0774657826877061e-01 0.0000000000000000e+00 1
-4.8811964456519731e-02 -1.0952719444129573e-01 0.0000000000000000e+00 1
-4.7063354846091782e-02 -1.0262053414210340e-01 0.0000000000000000e+00 1
-5.3833400765116869e-02 -1.0443412886310732e-01 0.0000000000000000e+00 1
-5.2065534233984606e-02 -9.7502940250757245e-02 0.0000000000000000e+00 1
-5.9001465550018409e-02 -9.9227219770196301e-02 0.0000000000000000e+00 1
-5.7074363723949507e-02 -9.2291211926725250e-02 0.0000000000000000e+00 1
-6.4088086509435538e-02 -9.4049698877695875e-02 0.0000000000000000e+00 1
-6.2118220678279906e-02 -8.7061287362308115e-02 0.0000000000000000e+00 1
-6.9140754343121058e-02 -8.8864930957833169e-02 0.0000000000000000e+00 1
-6.7218545121420850e-02 -8.1825488880288372e-02 0.0000000000000000e+00 1
-7.4204485321026081e-02 -8.3690407916222301e-02 0.0000000000000000e+00 1
-7.2339102473418668e-02 -7.6528757628056027e-02 0.0000000000000000e+00 1
-7.9425721438810243e-02 -7.8408474820494067e-02 0.0000000000000000e+00 1
-7.7575858433739098e-02 -7.1254674504049112e-02 0.0000000000000000e+00 1
-8.4757401978076630e-02 -7.3024524703721810e-02 0.0000000000000000e+00 1
-8.2823293121191716e-02 -6.5880757663977968e-02 0.0000000000000000e+00 1
-9.0279210138677637e-02 -6.7760795113388672e-02 0.0000000000000000e+00 1
-8.8154769285261850e-02 -6.0531280408062396e-02 0.0000000000000000e+00 1
-9.5449032659592620e-02 -6.2327662292534954e-02 0.0000000000000000e+00 1
-9.3263779259197210e-02 -5.4986519366119022e-02 0.0000000000000000e+00 1
-2.4509037904966349e-02 -1.3563295857715932e-01 0.0000000000000000e+00 1
-1.0059713185875219e-01 -5.6862497054673569e-02 0.0000000000000000e+00 1
-9.8667808038055971e-02 -4.9679964877327357e-02 0.0000000000000000e+00 1
-3.9885921238627782e-02 -1.0101358155835495e-01 0.0000000000000000e+00 1
-1.0589110858170117e-01 -5.1434054341011046e-02 0.0000000000000000e+00 1
-1.0385361337126481e-01 -4.4151649622757083e-02 0.0000000000000000e+00 1
-1.8042095558694510e-01 1.5234505257295200e-01 0.0000000000000000e+00 1
-1.8868005468248664e-01 1.6057587995414921e-01 0.0000000000000000e+00 1
-1.9999793534425850e-01 1.5746146845590675e-01 0.0000000000000000e+00 1
-1.9704476887178293e-01 1.6893333809032154e-01 0.0000000000000000e+00 1
-1.1116009182566484e-01 -4.6010884680964162e-02 0.0000000000000000e+00 1
-1.0912452470674650e-01 -3.8711888248055243e-02 0.0000000000000000e+00 1
-1.3757602785219428e-01 8.1094608504653151e-02 0.0000000000000000e+00 1
1.6284697144700103e-01 -3.2621751342056515e-01 0.0000000000000000e+00 1
-3.1350611609170398e-01 4.1379114473619183e-01 0.0000000000000000e+00 1
-3.1086024003120161e-01 4.2393788834143731e-01 0.0000000000000000e+00 1
5.8380184484659134e-02 -2.4281982033551464e-01 0.0000000000000000e+00 1
6.1212942368216207e-02 -2.3302180266662736e-01 0.0000000000000000e+00 1
-4.5974866504878087e-02 -1.2122781950380661e-01 0.0000000000000000e+00 1
1.4837812908419762e-01 -3.1211855416251383e-01 0.0000000000000000e+00 1
7.1074529752375229e-02 -2.3055981401106751e-01 0.0000000000000000e+00 1
6.3994212955316196e-02 -2.2328995029073062e-01 0.0000000000000000e+00 1
5.4224751442164792e-02 -2.2570289363554566e-01 0.0000000000000000e+00 1
5.6978770577802831e-02 -2.1605670231449775e-01 0.0000000000000000e+00 1
4.7304772185205735e-02 -2.1844484733745359e-01 0.0000000000000000e+00 1
5.0038810814418737e-02 -2.0888144252943391e-01 0.0000000000000000e+00 1
4.0473290397390463e-02 -2.1127921762563354e-01 0.0000000000000000e+00 1
-1.1644024595880070e-01 -4.0583592148529780e-02 0.0000000000000000e+00 1
-1.1440969300980156e-01 -3.3291818970387979e-02 0.0000000000000000e+00 1
2.9392416202282778e-01 -2.9862683014976321e-01 0.0000000000000000e+00 1
2.9696693990739398e-01 -2.8860132989979875e-01 0.0000000000000000e+00 1
2.8170499203660465e-01 -3.3773925882194705e-01 0.0000000000000000e+00 1
2.7858542497248284e-01 -3.4707104338005701e-01 0.0000000000000000e+00 1
2.6902782491278338e-01 -3.4918742193980268e-01 0.0000000000000000e+00 1
2.7562708511878709e-01 -3.5634863321758298e-01 0.0000000000000000e+00 1
-1.2175684613926403e-01 -3.5234301065675433e-02 0.0000000000000000e+00 1
-1.1969845052213518e-01 -2.7895648601654516e-02 0.0000000000000000e+00 1
-1.2707722853598327e-01 -3.0005187042022641e-02 0.0000000000000000e+00 1
-1.2497947834285901e-01 -2.2490960454638859e-02 0.0000000000000000e+00 1
9.1919489046546246e-02 -2.8923631493968216e-01 0.0000000000000000e+00 1
1.6320035914572334e-01 -3.8567253170369331e-01 0.0000000000000000e+00 1
1.6913683998826301e-01 -3.9214472730389482e-01 0.0000000000000000e+00 1
1.5677687693014355e-01 -3.7921765816492253e-01 0.0000000000000000e+00 1
1.9818864683586407e-01 -4.1559762019151203e-01 0.0000000000000000e+00 1
-3.0252242100107207e-01 3.8630899934781970e-01 0.0000000000000000e+00 1
1.6002807991985635e-01 -2.6419532124680484e-01 0.0000000000000000e+00 1
-5.4913393216274503e-02 -8.5375440956203322e-02 0.0000000000000000e+00 1
-6.0286926842360575e-02 -1.0648448102109270e-01 0.0000000000000000e+00 1
7.8654134135223139e-02 -8.2864203691596694e-02 0.0000000000000000e+00 1
2.5822257307980739e-01 -3.2517485668510576e-01 0.0000000000000000e+00 1
2.5535317846393979e-01 -3.3468324870173449e-01 0.0000000000000000e+00 1
-1.8556984792190540e-01 9.3356083523684297e-02 0.0000000000000000e+00 1
-9.6063793192794816e-02 -4.2935973885586912e-02 0.0000000000000000e+00 1
2.2441043158288507e-01 -2.9343127135943553e-01 0.0000000000000000e+00 1
4.3366985310792319e-02 -1.4237952730651840e-01 0.0000000000000000e+00 1
-9.9438711131107829e-03 -1.5505407010910802e-01 0.0000000000000000e+00 1
-1.3231162540195740e-01 -2.4548860073907736e-02 0.0000000000000000e+00 1
-1.3023715382751549e-01 -1.7113773901778699e-02 0.0000000000000000e+00 1
2.0441838358693953e-01 -4.2205607532426515e-01 0.0000000000000000e+00 1
-1.1765900604906082e-01 -2.0740860660965546e-02 0.0000000000000000e+00 1
-2.0861182788891036e-01 1.6585426242557993e-01 0.0000000000000000e+00 1
-2.0553166597993358e-01 1.7760829550321836e-01 0.0000000000000000e+00 1
-2.9212067577848566e-01 4.1997613975529624e-01 0.0000000000000000e+00 1
-1.3720114042528578e-01 -1.8700299347691140e-02 0.0000000000000000e+00 1
-1.3542058243480587e-01 -1.1712692144332938e-02 0.0000000000000000e+00 1
2.0178224612509718e-01 -3.9855316523878376e-01 0.0000000000000000e+00 1
-3.2073269905932811e-01 4.2130266774264025e-01 0.0000000000000000e+00 1
-3.1853720185984852e-01 4.3060254418280708e-01 0.0000000000000000e+00 1
-1.4780696524561626e-01 1.3099404011450108e-01 0.0000000000000000e+00 1
-7.0698989419912039e-02 -6.9224795161516708e-02 0.0000000000000000e+00 1
2.6623615424915242e-01 -3.5850620584902421e-01 0.0000000000000000e+00 1
2.7270848207241105e-01 -3.6552895432534044e-01 0.0000000000000000e+00 1
-1.9694655972070985e-01 1.2751775667690027e-01 0.0000000000000000e+00 1
3.0916543699338783e-01 -2.4884839759476768e-01 0.0000000000000000e+00 1
3.1217990368371862e-01 -2.3879177790278844e-01 0.0000000000000000e+00 1
3.0496829124353453e-01 -2.3117240618727419e-01 0.0000000000000000e+00 1
3.1512941120423332e-01 -2.2871936534861206e-01 0.0000000000000000e+00 1
3.0799851698728131e-01 -2.2116842478889709e-01 0.0000000000000000e+00 1
3.1805326208043883e-01 -2.1872391173947842e-01 0.0000000000000000e+00 1
3.1093278910931499e-01 -2.1119807768942248e-01 0.0000000000000000e+00 1
7.0456109861417315e-02 -2.6686189423114359e-01 0.0000000000000000e+00 1
3.2091515477005433e-01 -2.0882651136692290e-01 0.0000000000000000e+00 1
3.1393608570034748e-01 -2.0140793528918591e-01 0.0000000000000000e+00 1
3.2377499982862584e-01 -1.9904525693927635e-01 0.0000000000000000e+00 1
3.1682883929656713e-01 -1.9172075894730287e-01 0.0000000000000000e+00 1
3.0702838735441584e-01 -1.9403847569138827e-01 0.0000000000000000e+00 1
3.0992776339018457e-01 -1.8441386980637797e-01 0.0000000000000000e+00 1
3.0013979278698627e-01 -1.8671136527810966e-01 0.0000000000000000e+00 1
3.0305571728235658e-01 -1.7710706522790348e-01 0.0000000000000000e+00 1
3.1282736747405698e-01 -1.7481067082511084e-01 0.0000000000000000e+00 1
3.0594910170197731e-01 -1.6749228381867703e-01 0.0000000000000000e+00 1
2.9621360964446436e-01 -1.6978615668912481e-01 0.0000000000000000e+00 1
2.9916033257287089e-01 -1.6025026294455591e-01 0.0000000000000000e+00 1
2.8940131484794235e-01 -1.6247738522387281e-01 0.0000000000000000e+00 1
3.0879950059868472e-01 -1.5795846178292422e-01 0.0000000000000000e+00 1
3.0206820666816908e-01 -1.5076829620094623e-01 0.0000000000000000e+00 1
3.1161101193010615e-01 -1.4854274651275584e-01 0.0000000000000000e+00 1
3.0494506403704036e-01 -1.4134333436510835e-01 0.0000000000000000e+00 1
3.1446653880944664e-01 -1.3894561001675898e-01 0.0000000000000000e+00 1
2.9537584848628767e-01 -1.4357560727754148e-01 0.0000000000000000e+00 1
3.1834791285896313e-01 -1.5567380763122959e-01 0.0000000000000000e+00 1
2.9827941673174224e-01 -1.3411904444942588e-01 0.0000000000000000e+00 1
2.8866292326500698e-01 -1.3634768004235998e-01 0.0000000000000000e+00 1
2.8645837425150111e-01 -1.7204933032679126e-01 0.0000000000000000e+00 1
2.7962466943901099e-01 -1.6472769192955897e-01 0.0000000000000000e+00 1
5.9658935416306971e-02 -2.0649814438923336e-01 0.0000000000000000e+00 1
5.2799721039975774e-02 -1.9939546248327278e-01 0.0000000000000000e+00 1
8.8983242651294148e-02 -1.0529749708418326e-01 0.0000000000000000e+00 1
9.5516639229204461e-02 -1.1211577983438277e-01 0.0000000000000000e+00 1
-1.4354969896888012e-01 -1.3454253629086362e-02 0.0000000000000000e+00 1
-1.4087223945808786e-01 -6.3321525397996691e-03 0.0000000000000000e+00 1
-1.3342039070314474e-01 -4.4950087677400235e-03 0.0000000000000000e+00 1
-1.3873646881862028e-01 8.9501528324848726e-04 0.0000000000000000e+00 1
-1.4605316379947364e-01 -9.8404906100084681e-04 0.0000000000000000e+00 1
-1.4404644663819485e-01 6.2360558454915716e-03 0.0000000000000000e+00 1
-1.5127880827672704e-01 4.3131608288287798e-03 0.0000000000000000e+00 1
-1.4933215673845540e-01 1.1522456689423618e-02 0.0000000000000000e+00 1
-1.5649135519788576e-01 9.6207014222546555e-03 0.0000000000000000e+00 1
-1.5457450138886691e-01 1.6772495321420312e-02 0.0000000000000000e+00 1
-1.6164006341266873e-01 1.4882155161025784e-02 0.0000000000000000e+00 1
-1.5977271213070071e-01 2.1922078885999972e-02 0.0000000000000000e+00 1
-1.6673824590178071e-01 2.0090606986809718e-02 0.0000000000000000e+00 1
-1.6489160651453053e-01 2.7090914797970690e-02 0.0000000000000000e+00 1
-1.7176418504507529e-01 2.5243173010708667e-02 0.0000000000000000e+00 1
-1.6992740214714999e-01 3.2099631498058875e-02 0.0000000000000000e+00 1
-3.1654437188656021e-01 4.0344759048608991e-01 0.0000000000000000e+00 1
-8.1595944346339072e-02 -5.8146456179752622e-02 0.0000000000000000e+00 1
-1.7911498830684554e-02 -1.1483961519205521e-01 0.0000000000000000e+00 1
1.4240306136443920e-01 -1.6186756545693512e-01 0.0000000000000000e+00 1
1.3570546105476416e-01 -1.5470763236587473e-01 0.0000000000000000e+00 1
-1.9268237600793547e-01 1.0030577370551613e-01 0.0000000000000000e+00 1
3.0412358271866169e-01 -2.9629497297254570e-01 0.0000000000000000e+00 1
3.0713198721016399e-01 -2.8622321397254979e-01 0.0000000000000000e+00 1
-3.0852974339188793e-01 4.3504863575251085e-01 0.0000000000000000e+00 1
7.3811610743721418e-02 -2.2082660115844291e-01 0.0000000000000000e+00 1
-7.1036104081474150e-02 -9.5852917730067544e-02 0.0000000000000000e+00 1
-4.1268878263415715e-02 -1.2617715489055170e-01 0.0000000000000000e+00 1
1.9240110535335131e-01 -4.0960704035376994e-01 0.0000000000000000e+00 1
2.8529283086941448e-01 -3.5453008975597189e-01 0.0000000000000000e+00 1
3.7700401666643096e-02 -2.2077278124180544e-01 0.0000000000000000e+00 1
3.0930004005588402e-02 -2.1363431281485101e-01 0.0000000000000000e+00 1
-3.2787664156573004e-01 4.2847306019209097e-01 0.0000000000000000e+00 1
-3.2566987161509325e-01 4.3736448294045754e-01 0.0000000000000000e+00 1
1.2292425434639266e-02 -1.1460643956253365e-01 0.0000000000000000e+00 1
-1.0712642916109191e-01 -3.1464738564313269e-02 0.0000000000000000e+00 1
1.5423968671160351e-01 -3.8795041032918798e-01 0.0000000000000000e+00 1
1.4778315587267607e-01 -3.8149310235602762e-01 0.0000000000000000e+00 1
-1.4763625137294495e-01 1.9004572896211991e-02 0.0000000000000000e+00 1
1.8105066775141099e-01 -3.8138467661364533e-01 0.0000000000000000e+00 1
3.2432880465334524e-01 -9.0497518057310322e-02 0.0000000000000000e+00 1
-1.7669810837303651e-01 3.0307611519157219e-02 0.0000000000000000e+00 1
-1.7486265090536524e-01 3.7080756760377434e-02 0.0000000000000000e+00 1
-1.8155989162283115e-01 3.5197005281843115e-02 0.0000000000000000e+00 1
-1.7987642107213100e-01 4.2003472583761081e-02 0.0000000000000000e+00 1
-2.0529504465061668e-01 1.3511815414972719e-01 0.0000000000000000e+00 1
1.3850260011832780e-01 -1.4535746903604843e-01 0.0000000000000000e+00 1
1.2904885632659474e-01 -1.4759234367156462e-01 0.0000000000000000e+00 1
1.3182070742243690e-01 -1.3831287931769526e-01 0.0000000000000000e+00 1
1.2245453276055004e-01 -1.4054164192771954e-01 0.0000000000000000e+00 1
1.2521999944756507e-01 -1.3132862091322750e-01 0.0000000000000000e+00 1
-2.7246498595285551e-01 3.4031538665960259e-01 0.0000000000000000e+00 1
-2.7580913913441235e-01 3.2825320005123604e-01 0.0000000000000000e+00 1
-2.8454834254391814e-01 3.3723798376136510e-01 0.0000000000000000e+00 1
4.6318448478777030e-02 -1.0713956509153634e-01 0.0000000000000000e+00 1
-8.6065123589688264e-02 -8.0681256818852604e-02 0.0000000000000000e+00 1
-2.1739654947214618e-01 1.7434557631678119e-01 0.0000000000000000e+00 1
-2.1431420336975665e-01 1.8631486382223161e-01 0.0000000000000000e+00 1
-2.0226481359750942e-01 1.8957292641476478e-01 0.0000000000000000e+00 1
-2.1114249260748708e-01 1.9843087662286196e-01 0.0000000000000000e+00 1
-2.2329955836959839e-01 1.9511050261788881e-01 0.0000000000000000e+00 1
-2.2011709482895150e-01 2.0738918079604152e-01 0.0000000000000000e+00 1
1.9007747816171899e-01 -4.1761055540388625e-01 0.0000000000000000e+00 1
-2.3295707520166542e-01 3.6200970448472647e-01 0.0000000000000000e+00 1
-2.2977857313189154e-01 3.7399936055765165e-01 0.0000000000000000e+00 1
-2.2093412320949529e-01 3.6523389602597789e-01 0.0000000000000000e+00 1
-2.1772970148801196e-01 3.7731278770592802e-01 0.0000000000000000e+00 1
-2.0884076382590028e-01 3.6847553891306745e-01 0.0000000000000000e+00 1
-2.2661583159960932e-01 3.8604578236751536e-01 0.0000000000000000e+00 1
2.3135760239921904e-01 -3.0072697429027190e-01 0.0000000000000000e+00 1
2.2316981262523616e-01 -3.5540219163640907e-01 0.0000000000000000e+00 1
5.4363665233977378e-02 -1.6429675161142823e-01 0.0000000000000000e+00 1
-2.2225788058388299e-01 2.7263229010175782e-01 0.0000000000000000e+00 1
-2.2558172483499378e-01 2.6013253306771644e-01 0.0000000000000000e+00 1
-2.3495119782485566e-01 2.6934889212418417e-01 0.0000000000000000e+00 1
-2.3844225682493320e-01 2.5664019958050022e-01 0.0000000000000000e+00 1
-2.4772294972202738e-01 2.6601250367062262e-01 0.0000000000000000e+00 1
-2.1631866991340587e-01 2.5085302984911662e-01 0.0000000000000000e+00 1
-1.8083264569058871e-01 2.9511595363137799e-01 0.0000000000000000e+00 1
-1.7736865335535820e-01 3.0774325436465488e-01 0.0000000000000000e+00 1
-1.6811373178663994e-01 2.9840550722341724e-01 0.0000000000000000e+00 1
-1.6458249258420501e-01 3.1095453927019756e-01 0.0000000000000000e+00 1
-1.5529564865513582e-01 3.0161541175238021e-01 0.0000000000000000e+00 1
-1.7407983395470733e-01 3.2018305863419672e-01 0.0000000000000000e+00 1
-1.5175666983342079e-01 3.1430505025799427e-01 0.0000000000000000e+00 1
-1.4241001975304529e-01 3.0491209648557011e-01 0.0000000000000000e+00 1
-1.3892093555199980e-01 3.1790271828255456e-01 0.0000000000000000e+00 1
-1.2947464243826443e-01 3.0836294365925604e-01 0.0000000000000000e+00 1
-1.3300774589318992e-01 2.9535349577649855e-01 0.0000000000000000e+00 1
-1.1957535273479564e-01 2.9922956774931164e-01 0.0000000000000000e+00 1
-1.2352282099734997e-01 2.8587772958247543e-01 0.0000000000000000e+00 1
-1.1004306886748383e-01 2.8972402753898974e-01 0.0000000000000000e+00 1
-1.1406326671238176e-01 2.7632308643012027e-01 0.0000000000000000e+00 1
-1.0103217938322508e-01 2.7970070320009732e-01 0.0000000000000000e+00 1
-1.0462703385115876e-01 2.6672118726307925e-01 0.0000000000000000e+00 1
-9.1672861420493759e-02 2.7003225621236104e-01 0.0000000000000000e+00 1
-9.5174229131332722e-02 2.5711330888537592e-01 0.0000000000000000e+00 1
-8.2295730959793548e-02 2.6040292087967182e-01 0.0000000000000000e+00 1
-8.5806638658975087e-02 2.4749391186575131e-01 0.0000000000000000e+00 1
-7.3044951915187867e-02 2.5070453195109482e-01 0.0000000000000000e+00 1
-7.6469960317269964e-02 2.3793928807666234e-01 0.0000000000000000e+00 1
-6.3687230164208325e-02 2.4117749958076101e-01 0.0000000000000000e+00 1
-6.7119399748104477e-02 2.2848508384134836e-01 0.0000000000000000e+00 1
-5.4565440554726563e-02 2.3149893495654661e-01 0.0000000000000000e+00 1
-5.7756707271585786e-02 2.1901580202519430e-01 0.0000000000000000e+00 1
-4.5155584179744336e-02 2.2215994784709125e-01 0.0000000000000000e+00 1
-4.8500739319497457e-02 2.0965776778676717e-01 0.0000000000000000e+00 1
-3.6193809317589122e-02 2.1252825922264806e-01 0.0000000000000000e+00 1
-3.9220474198796651e-02 2.0030431860146766e-01 0.0000000000000000e+00 1
-2.6309347846812541e-02 2.0405633343497234e-01 0.0000000000000000e+00 1
-2.9992825282614450e-02 1.9116916221674340e-01 0.0000000000000000e+00 1
-1.6991825782714520e-02 1.9526958192022584e-01 0.0000000000000000e+00 1
-2.0599623978663245e-02 1.8223322052031610e-01 0.0000000000000000e+00 1
-8.3826399917637275e-03 1.8509573351460670e-01 0.0000000000000000e+00 1
-1.1551134292263692e-02 1.7296426135330922e-01 0.0000000000000000e+00 1
6.4335991172146789e-04 1.7596175384168913e-01 0.0000000000000000e+00 1
-2.7434928199917465e-03 1.6368030658829244e-01 0.0000000000000000e+00 1
9.4239314366191870e-03 1.6667430566819799e-01 0.0000000000000000e+00 1
6.1663446801126284e-03 1.5456638469380446e-01 0.0000000000000000e+00 1
1.8325703369176650e-02 1.5759433191383460e-01 0.0000000000000000e+00 1
1.5092047177804848e-02 1.4553146943025944e-01 0.0000000000000000e+00 1
2.6966528732851981e-02 1.4834260088159351e-01 0.0000000000000000e+00 1
2.3998364607633275e-02 1.3652978635971680e-01 0.0000000000000000e+00 1
3.5945887646168864e-02 1.3948882656630079e-01 0.0000000000000000e+00 1
3.2838018053147434e-02 1.2760571135591645e-01 0.0000000000000000e+00 1
4.4460509849718000e-02 1.3029154269469295e-01 0.0000000000000000e+00 1
4.1637363550622232e-02 1.1871806115500740e-01 0.0000000000000000e+00 1
5.3629075488677139e-02 1.2180165934754927e-01 0.0000000000000000e+00 1
5.0385200466503369e-02 1.0990923926556467e-01 0.0000000000000000e+00 1
6.2413490460864557e-02 1.1300986794638776e-01 0.0000000000000000e+00 1
5.9123585710262473e-02 1.0110710978985835e-01 0.0000000000000000e+00 1
7.1070252302675219e-02 1.0415191607205028e-01 0.0000000000000000e+00 1
6.7815929711780756e-02 9.2318268783587815e-02 0.0000000000000000e+00 1
7.9710303067258001e-02 9.5345884727584831e-02 0.0000000000000000e+00 1
7.6410234340523853e-02 8.3593385249932400e-02 0.0000000000000000e+00 1
8.8083192783563274e-02 8.6371697460218277e-02 0.0000000000000000e+00 1
8.5007371337564641e-02 7.4839041571004933e-02 0.0000000000000000e+00 1
9.6671324280553708e-02 7.7650716301603237e-02 0.0000000000000000e+00 1
9.3680206233530780e-02 6.6142504413249772e-02 0.0000000000000000e+00 1
1.0502180079867791e-01 6.8827242207271447e-02 0.0000000000000000e+00 1
1.0220507072963607e-01 5.7538166212120649e-02 0.0000000000000000e+00 1
1.1321666289758299e-01 6.0711595173744477e-02 0.0000000000000000e+00 1
1.1056186074381480e-01 4.9068537195753797e-02 0.0000000000000000e+00 1
1.2240617311424798e-01 5.2882847295463831e-02 0.0000000000000000e+00 1
1.1909166831781921e-01 4.0715573252115098e-02 0.0000000000000000e+00 1
1.3021375825284923e-01 4.3289950342360106e-02 0.0000000000000000e+00 1
1.2743064545993571e-01 3.2093386722571941e-02 0.0000000000000000e+00 1
1.3876146754173349e-01 3.4988209549770145e-02 0.0000000000000000e+00 1
1.3571610003647128e-01 2.3759115809598143e-02 0.0000000000000000e+00 1
1.4700822459961702e-01 2.6631431783524000e-02 0.0000000000000000e+00 1
1.4394843514419961e-01 1.5474961299025026e-02 0.0000000000000000e+00 1
1.5498382247189724e-01 1.8156920971861390e-02 0.0000000000000000e+00 1
1.5213341922819890e-01 7.1915717106322309e-03 0.0000000000000000e+00 1
1.6302470567426366e-01 9.8708678304519348e-03 0.0000000000000000e+00 1
1.6020926700163524e-01 -9.5791333197587909e-04 0.0000000000000000e+00 1
1.7086082456452692e-01 1.5382141271556033e-03 0.0000000000000000e+00 1
1.6832444072885658e-01 -9.1827793055304675e-03 0.0000000000000000e+00 1
1.7877538244214067e-01 -6.6697571947961637e-03 0.0000000000000000e+00 1
1.7619029211983098e-01 -1.7062471867027529e-02 0.0000000000000000e+00 1
1.8699101934289097e-01 -1.4344025258836633e-02 0.0000000000000000e+00 1
1.8415574859135586e-01 -2.5026163373178111e-02 0.0000000000000000e+00 1
1.9517424229470332e-01 -2.2287626451479997e-02 0.0000000000000000e+00 1
1.9243233647907290e-01 -3.3109951351645350e-02 0.0000000000000000e+00 1
2.0377997358287486e-01 -3.0851092508676556e-02 0.0000000000000000e+00 1
1.1599279379517868e-01 2.9262584443314105e-02 0.0000000000000000e+00 1
1.9943799145448243e-01 -1.0298441870118533e-02 0.0000000000000000e+00 1
1.1681207668024265e-01 7.3724006556492402e-02 0.0000000000000000e+00 1
1.7455912379855093e-01 1.2262913341869868e-02 0.0000000000000000e+00 1
1.4211482318077306e-01 4.6482351006779152e-02 0.0000000000000000e+00 1
8.1983256364611026e-02 6.3130439234637223e-02 0.0000000000000000e+00 1
1.8138032286673864e-01 -3.5722402391740800e-02 0.0000000000000000e+00 1
2.0950379605438371e-02 1.2481850161669131e-01 0.0000000000000000e+00 1
5.5855362423254819e-02 8.9361033189589101e-02 0.0000000000000000e+00 1
1.5803321564492057e-01 -1.2531992000814902e-02 0.0000000000000000e+00 1
9.2187268234222630e-02 9.6781916645641064e-02 0.0000000000000000e+00 1
1.8951361357465382e-01 -4.3652250757594102e-02 0.0000000000000000e+00 1
-1.4581820470583826e-02 1.6049342231494126e-01 0.0000000000000000e+00 1
3.0163573195148285e-02 1.5908795729770936e-01 0.0000000000000000e+00 1
5.6826200115069836e-02 1.3603329699990277e-01 0.0000000000000000e+00 1
1.7863646648784226e-01 -4.6203186998177659e-02 0.0000000000000000e+00 1
4.5411941306050373e-03 1.8864243603780673e-01 0.0000000000000000e+00 1
9.8974193437743940e-02 4.6477854659062137e-02 0.0000000000000000e+00 1
-3.3504981947054015e-02 1.7712935959369105e-01 0.0000000000000000e+00 1
3.1645243379439430e-03 1.4251783529908515e-01 0.0000000000000000e+00 1
1.4101354040142663e-01 4.3191259324563691e-03 0.0000000000000000e+00 1
3.8591081442223701e-02 1.0709623830527451e-01 0.0000000000000000e+00 1
-2.2991278788605636e-02 2.1628137033548323e-01 0.0000000000000000e+00 1
1.8638760781838604e-01 -5.3905912617463872e-02 0.0000000000000000e+00 1
1.9717058087310693e-01 -5.1663939158962835e-02 0.0000000000000000e+00 1
1.5936912314758517e-01 2.7674375449872935e-02 0.0000000000000000e+00 1
7.5082722026525939e-02 1.1584868582183538e-01 0.0000000000000000e+00 1
-5.1142590025837140e-02 2.4357217694699917e-01 0.0000000000000000e+00 1
-7.0758775598410983e-02 2.1644655575854449e-01 0.0000000000000000e+00 1
-1.4863681907889478e-01 3.2690974443579057e-01 0.0000000000000000e+00 1
1.7570717116771328e-01 -5.6381722463598669e-02 0.0000000000000000e+00 1
1.6832980601684849e-01 -4.8948188990149841e-02 0.0000000000000000e+00 1
-5.1484577369702696e-02 1.9745023141176099e-01 0.0000000000000000e+00 1
-8.9841032488517394e-02 2.3497545313974047e-01 0.0000000000000000e+00 1
1.8339253774314071e-01 -6.4044294867539681e-02 0.0000000000000000e+00 1
-7.8342826004784830e-02 2.7333648860811049e-01 0.0000000000000000e+00 1
1.6553391542661147e-01 -5.8976924413815482e-02 0.0000000000000000e+00 1
1.5824399406405476e-01 -5.1679686646702958e-02 0.0000000000000000e+00 1
-9.6099512456658542e-02 2.9393967088638778e-01 0.0000000000000000e+00 1
-1.7023965903819510e-01 2.0368805679452953e-01 0.0000000000000000e+00 1
3.3678485829882379e-02 -2.0425301140312907e-01 0.0000000000000000e+00 1
2.4252056050284927e-02 -2.0656816632232705e-01 0.0000000000000000e+00 1
-2.6700625966878239e-01 3.1918530069358497e-01 0.0000000000000000e+00 1
1.4916615287932100e-01 -1.6903452573560873e-01 0.0000000000000000e+00 1
-1.3014407503304706e-01 2.2702803999750348e-01 0.0000000000000000e+00 1
-2.3242238982076027e-01 2.0400994860179827e-01 0.0000000000000000e+00 1
3.2661688878250128e-01 -1.8937518992749261e-01 0.0000000000000000e+00 1
2.6342408475278845e-01 -3.6767322798934482e-01 0.0000000000000000e+00 1
2.6983400315790457e-01 -3.7456761057990279e-01 0.0000000000000000e+00 1
2.7908005320982454e-01 -3.7252501114112602e-01 0.0000000000000000e+00 1
2.7617136840306533e-01 -3.8146638346530454e-01 0.0000000000000000e+00 1
2.6709236546518650e-01 -3.8346592280681902e-01 0.0000000000000000e+00 1
-2.7928185685372270e-01 3.1605431375767107e-01 0.0000000000000000e+00 1
-2.7039842802865555e-01 3.0690229887476195e-01 0.0000000000000000e+00 1
-4.7893378014485295e-02 -1.2763188145677565e-01 0.0000000000000000e+00 1
-4.3369798209900765e-02 -1.3259236650853429e-01 0.0000000000000000e+00 1
-5.2380155691493430e-02 -1.2281769645781343e-01 0.0000000000000000e+00 1
-1.0271498518783848e-01 -6.4103504246510803e-02 0.0000000000000000e+00 1
1.8520555678565764e-01 -3.3834443591969054e-01 0.0000000000000000e+00 1
1.7582553185034977e-01 -1.3598244203006751e-01 0.0000000000000000e+00 1
6.8879264734924093e-03 -1.8351433879863313e-01 0.0000000000000000e+00 1
6.0718801178098183e-04 -1.7668611698858172e-01 0.0000000000000000e+00 1
-2.2932615798618056e-01 2.1631621817720351e-01 0.0000000000000000e+00 1
1.8428012159758461e-01 -4.1163288670321285e-01 0.0000000000000000e+00 1
-1.2732354490172740e-01 2.7297167762571084e-01 0.0000000000000000e+00 1
-1.7732532767390502e-01 1.6351865139644567e-01 0.0000000000000000e+00 1
-1.6929676861476142e-01 1.5531315965538972e-01 0.0000000000000000e+00 1
3.2238391472016020e-01 -2.3629893878455921e-01 0.0000000000000000e+00 1
1.3954886498702868e-01 -1.7131111199018526e-01 0.0000000000000000e+00 1
2.7330515119106646e-01 -3.9024741506418553e-01 0.0000000000000000e+00 1
2.6452218884023410e-01 -3.9223172395732703e-01 0.0000000000000000e+00 1
-1.3119579086366928e-01 7.4582099976791882e-02 0.0000000000000000e+00 1
-1.2856234209644990e-01 8.3372613745286733e-02 0.0000000000000000e+00 1
-1.2203498759416281e-01 7.6607079643941769e-02 0.0000000000000000e+00 1
-1.1940874496952332e-01 8.5708432135237989e-02 0.0000000000000000e+00 1
-1.1275595042620778e-01 7.8773584507769445e-02 0.0000000000000000e+00 1
-1.2502962293453274e-01 9.2496683548753136e-02 0.0000000000000000e+00 1
-1.1008930020166981e-01 8.8061397528428426e-02 0.0000000000000000e+00 1
-1.0343553904696069e-01 8.1035695552470144e-02 0.0000000000000000e+00 1
-1.0613580677204817e-01 7.1797147918974458e-02 0.0000000000000000e+00 1
-9.6840352884748307e-02 7.4004558992530889e-02 0.0000000000000000e+00 1
-9.9611823503450658e-02 6.4821904316373372e-02 0.0000000000000000e+00 1
-9.0315534981107531e-02 6.7015062097931011e-02 0.0000000000000000e+00 1
-9.3075833191814838e-02 5.7931008577540105e-02 0.0000000000000000e+00 1
-8.3823440871942795e-02 6.0073227356439225e-02 0.0000000000000000e+00 1
-8.6571588830983759e-02 5.1035747208660172e-02 0.0000000000000000e+00 1
-7.7516579918527909e-02 5.3014126124901750e-02 0.0000000000000000e+00 1
-8.0094496145457467e-02 4.4104698294351166e-02 0.0000000000000000e+00 1
-7.1104895871232518e-02 4.6095542864027485e-02 0.0000000000000000e+00 1
-7.3647893928676850e-02 3.7256380813602177e-02 0.0000000000000000e+00 1
-6.4618520053288747e-02 3.9302753635275522e-02 0.0000000000000000e+00 1
-6.7238279501528164e-02 3.0444672215674373e-02 0.0000000000000000e+00 1
-5.8212526233251502e-02 3.2480495125886188e-02 0.0000000000000000e+00 1
-6.0840905541607621e-02 2.3644384518360949e-02 0.0000000000000000e+00 1
-5.1746220984733401e-02 2.5746888823204452e-02 0.0000000000000000e+00 1
-5.4440507935136558e-02 1.6863468625019716e-02 0.0000000000000000e+00 1
-4.5373015498350995e-02 1.8953602541542564e-02 0.0000000000000000e+00 1
-4.8065344311346493e-02 1.0086241738430493e-02 0.0000000000000000e+00 1
-3.9013889231178239e-02 1.2175209217643836e-02 0.0000000000000000e+00 1
-1.1642025454242981e-01 3.1181779371559293e-01 0.0000000000000000e+00 1
-1.4040323363514656e-01 1.2319371949462476e-01 0.0000000000000000e+00 1
-2.5178805530198095e-01 2.5369088283247154e-01 0.0000000000000000e+00 1
-1.3132124693898156e-01 2.8458715671787057e-03 0.0000000000000000e+00 1
-1.2593244918588786e-01 -2.6729667949721078e-03 0.0000000000000000e+00 1
-1.7333569008090777e-01 4.4108040180672090e-02 0.0000000000000000e+00 1
-1.7817243190413029e-01 4.9229933981899933e-02 0.0000000000000000e+00 1
-1.6300971750957188e-01 3.4031330777719616e-02 0.0000000000000000e+00 1
-4.1757410161237803e-02 3.3147149474363731e-03 0.0000000000000000e+00 1
-3.2682574403410727e-02 5.4000179997055267e-03 0.0000000000000000e+00 1
-3.5424061060191116e-02 -3.4371194214364532e-03 0.0000000000000000e+00 1
-2.6365850315613858e-02 -1.3519056723811027e-03 0.0000000000000000e+00 1
-1.9520295288711570e-01 9.0582054117267288e-02 0.0000000000000000e+00 1
-1.8841548166723512e-01 8.2413188507353921e-02 0.0000000000000000e+00 1
2.8123914613886934e-02 -2.2308548697655375e-01 0.0000000000000000e+00 1
3.4928112357298174e-02 -2.3024925014660272e-01 0.0000000000000000e+00 1
-1.2105369013426637e-01 1.4291612437977824e-01 0.0000000000000000e+00 1
5.5546509241027449e-02 -2.5265000505289653e-01 0.0000000000000000e+00 1
2.3421852475142824e-01 -2.9102173478853050e-01 0.0000000000000000e+00 1
-2.9048076386552477e-02 -1.0163537082143334e-02 0.0000000000000000e+00 1
-2.0054550149627169e-02 -8.0896381681086586e-03 0.0000000000000000e+00 1
-2.2726751382264154e-02 -1.6876390300026640e-02 0.0000000000000000e+00 1
-1.3767794801454396e-02 -1.4810543742834126e-02 0.0000000000000000e+00 1
-1.6422914056827630e-02 -2.3640070613175565e-02 0.0000000000000000e+00 1
-7.4567865032846310e-03 -2.1620876379883434e-02 0.0000000000000000e+00 1
-4.7667425875442000e-03 -1.2693908177685467e-02 0.0000000000000000e+00 1
1.5482707310440808e-03 -1.9502931822084235e-02 0.0000000000000000e+00 1
-1.1668088457912134e-03 -2.8403631670210407e-02 0.0000000000000000e+00 1
7.8305496546683361e-03 -2.6318649927671300e-02 0.0000000000000000e+00 1
5.0955547983790950e-03 -3.5123413614740431e-02 0.0000000000000000e+00 1
1.4071416612914146e-02 -3.3102366069470993e-02 0.0000000000000000e+00 1
1.1323407732199278e-02 -4.1895867560834257e-02 0.0000000000000000e+00 1
2.0283005890744752e-02 -3.9868731626007251e-02 0.0000000000000000e+00 1
1.7506593147422908e-02 -4.8590595841618296e-02 0.0000000000000000e+00 1
2.6557091801847170e-02 -4.6581519293427284e-02 0.0000000000000000e+00 1
2.3752642199191841e-02 -5.5317307218558452e-02 0.0000000000000000e+00 1
3.3688494477497728e-02 -5.3425435731627481e-02 0.0000000000000000e+00 1
-1.7042239972194326e-02 5.5244330252955112e-04 0.0000000000000000e+00 1
2.7670703713886285e-01 -1.7427730745609887e-01 0.0000000000000000e+00 1
2.6983970996640128e-01 -1.6694324585566422e-01 0.0000000000000000e+00 1
2.7278504676774518e-01 -1.5736336290994998e-01 0.0000000000000000e+00 1
2.6297233878213028e-01 -1.5958716453516719e-01 0.0000000000000000e+00 1
2.6592949922109688e-01 -1.4996588158731597e-01 0.0000000000000000e+00 1
2.5610560001170274e-01 -1.5221153798583290e-01 0.0000000000000000e+00 1
2.5907795273724510e-01 -1.4256352873760517e-01 0.0000000000000000e+00 1
2.4924065553448488e-01 -1.4482112282921911e-01 0.0000000000000000e+00 1
2.4627264511586699e-01 -1.5446666302465667e-01 0.0000000000000000e+00 1
2.3940077070397081e-01 -1.4707508490675131e-01 0.0000000000000000e+00 1
-1.8529598696904320e-01 4.7057352799117907e-02 0.0000000000000000e+00 1
-1.8371958522268719e-01 5.4522849029875212e-02 0.0000000000000000e+00 1
2.3643458803684608e-01 -1.5672640408941568e-01 0.0000000000000000e+00 1
2.2956202807570125e-01 -1.4932471722654689e-01 0.0000000000000000e+00 1
-3.3447170904238199e-01 4.3530657494966746e-01 0.0000000000000000e+00 1
-3.3206625973948445e-01 4.4427738576201287e-01 0.0000000000000000e+00 1
-1.5322900610677589e-01 -2.8245276952671410e-03 0.0000000000000000e+00 1
2.9158630324408158e-01 -1.2691201801095159e-01 0.0000000000000000e+00 1
3.0119231377168171e-01 -1.2470592653414281e-01 0.0000000000000000e+00 1
2.8191972489094463e-01 -1.2908363379928794e-01 0.0000000000000000e+00 1
2.9722552013813375e-01 -1.9634425360639463e-01 0.0000000000000000e+00 1
-3.3039486586604744e-01 4.1894127890523269e-01 0.0000000000000000e+00 1
-6.2705317839672439e-02 4.8944848497441309e-02 0.0000000000000000e+00 1
1.6089941011970502e-01 -4.1561033436002794e-02 0.0000000000000000e+00 1
1.5082420160681403e-01 -4.4345603756105585e-02 0.0000000000000000e+00 1
-2.9648367675907866e-02 1.4359251954534288e-02 0.0000000000000000e+00 1
1.4633908755280445e-01 -1.7851802880840117e-01 0.0000000000000000e+00 1
-4.9380700670910174e-02 3.5080011201180664e-02 0.0000000000000000e+00 1
2.8536185411822468e-01 -3.7949877874428828e-01 0.0000000000000000e+00 1
-1.6595666908001122e-01 1.6652539892670365e-01 0.0000000000000000e+00 1
-2.6060134053726081e-01 2.6274334435341506e-01 0.0000000000000000e+00 1
-2.1675721896502859e-01 2.1965894896775290e-01 0.0000000000000000e+00 1
2.4875252026846967e-01 -3.2754737490791525e-01 0.0000000000000000e+00 1
2.4600314567737369e-01 -3.3699626550242701e-01 0.0000000000000000e+00 1
1.0087038458980303e-01 -6.9595025316255332e-02 0.0000000000000000e+00 1
-1.6348751044030224e-01 7.6358809840969682e-03 0.0000000000000000e+00 1
-1.3543829631145934e-01 3.3074492185493359e-01 0.0000000000000000e+00 1
-1.4541897521786160e-01 3.3983590542048131e-01 0.0000000000000000e+00 1
1.4858526999039052e-02 -5.7260903042040692e-02 0.0000000000000000e+00 1
2.1009826199745264e-02 -6.3867052527453519e-02 0.0000000000000000e+00 1
1.1588371007472648e-01 -1.3353510263774940e-01 0.0000000000000000e+00 1
1.1856495768567524e-01 -1.2431884757062230e-01 0.0000000000000000e+00 1
-7.4002973665988472e-02 6.0968270067067211e-02 0.0000000000000000e+00 1
-6.7635167169882594e-03 -1.2550739376383960e-01 0.0000000000000000e+00 1
-1.3950635478593443e-01 -2.6144298117093005e-02 0.0000000000000000e+00 1
2.3252153090743982e-01 -1.3968638408172429e-01 0.0000000000000000e+00 1
2.2269815382741753e-01 -1.4194235024860932e-01 0.0000000000000000e+00 1
2.1974237660544663e-01 -1.5156152536000927e-01 0.0000000000000000e+00 1
2.1288874850899353e-01 -1.4418208875762903e-01 0.0000000000000000e+00 1
9.8200367384013026e-02 -1.0319902386367204e-01 0.0000000000000000e+00 1
3.1434455859451504e-01 -2.9391053492261238e-01 0.0000000000000000e+00 1
2.5221053501289115e-01 -1.3518394731665243e-01 0.0000000000000000e+00 1
2.5699143729979029e-01 -3.6070063466599556e-01 0.0000000000000000e+00 1
-1.2666284282096757e-01 2.3939910627609345e-01 0.0000000000000000e+00 1
-2.0854111470116022e-03 -1.8493723249363950e-01 0.0000000000000000e+00 1
2.7056864859626112e-01 -3.9885639220657382e-01 0.0000000000000000e+00 1
2.6194751074347367e-01 -4.0077774189053206e-01 0.0000000000000000e+00 1
2.6790712395376209e-01 -4.0724819197505818e-01 0.0000000000000000e+00 1
2.5938644006465228e-01 -4.0906989345807221e-01 0.0000000000000000e+00 1
2.5351192579784804e-01 -4.0275171238878898e-01 0.0000000000000000e+00 1
2.5117428777646333e-01 -4.1099030206765530e-01 0.0000000000000000e+00 1
-1.1315621022496136e-01 -5.3251476335389167e-02 0.0000000000000000e+00 1
3.1130777956587802e-01 -3.0402167380797540e-01 0.0000000000000000e+00 1
4.1338905607678066e-03 -1.9194198294622083e-01 0.0000000000000000e+00 1
-2.5678745142690595e-01 2.7542396844576944e-01 0.0000000000000000e+00 1
-2.0561351455080579e-01 3.8064172316318273e-01 0.0000000000000000e+00 1
-1.9662466358188671e-01 3.7174334230013351e-01 0.0000000000000000e+00 1
-1.9989891722699638e-01 3.5949096990721757e-01 0.0000000000000000e+00 1
-1.8757395649347869e-01 3.6278171660302971e-01 0.0000000000000000e+00 1
-1.9090700601468680e-01 3.5050143229398967e-01 0.0000000000000000e+00 1
-1.7846719404065275e-01 3.5384024519034996e-01 0.0000000000000000e+00 1
2.9996941220122669e-01 -2.7858001919757419e-01 0.0000000000000000e+00 1
3.1026430287950335e-01 -2.7642764861820746e-01 0.0000000000000000e+00 1
2.5680084498041983e-01 -4.1713104685359009e-01 0.0000000000000000e+00 1
2.4880124798113648e-01 -4.1900498939994713e-01 0.0000000000000000e+00 1
1.8649713730167941e-01 -4.0317473171336859e-01 0.0000000000000000e+00 1
6.2306590861794527e-02 -1.9698926419901494e-01 0.0000000000000000e+00 1
5.5491032512409735e-02 -1.8998886768869100e-01 0.0000000000000000e+00 1
-3.2256672385524493e-01 4.4604918715236119e-01 0.0000000000000000e+00 1
-2.4167578797899664e-01 2.1301448446792554e-01 0.0000000000000000e+00 1
-1.2368926630985577e-01 -4.2607897394329387e-02 0.0000000000000000e+00 1
-2.2015580716513750e-01 1.6263628935034888e-01 0.0000000000000000e+00 1
-1.7593263250466246e-01 5.6503099583456742e-02 0.0000000000000000e+00 1
-1.8189295638361502e-01 6.2129712961284597e-02 0.0000000000000000e+00 1
-1.8960122708799798e-01 5.9897116670221129e-02 0.0000000000000000e+00 1
1.1967640527949244e-01 -1.4955090929759593e-01 0.0000000000000000e+00 1
-1.2387355148930598e-01 4.7207055152083573e-03 0.0000000000000000e+00 1
-3.4085741195188096e-01 4.4209994455488594e-01 0.0000000000000000e+00 1
-3.3845777062240001e-01 4.5052415720547567e-01 0.0000000000000000e+00 1
-1.7377462024173654e-01 1.9321693864922121e-01 0.0000000000000000e+00 1
-5.4297756429046044e-02 -1.2904975251028244e-01 0.0000000000000000e+00 1
-5.8895722659276534e-02 -1.2455797238278894e-01 0.0000000000000000e+00 1
-8.7310786306007498e-02 7.5824715083053690e-02 0.0000000000000000e+00 1
-1.9897180498738121e-01 2.0166992013188439e-01 0.0000000000000000e+00 1
2.9453108162963765e-01 -1.1751763289595663e-01 0.0000000000000000e+00 1
-2.0790720514763161e-01 1.2455951298728038e-01 0.0000000000000000e+00 1
-1.7512825778457786e-01 3.6622539905062867e-01 0.0000000000000000e+00 1
1.8180663202830344e-01 -4.1907296765631596e-01 0.0000000000000000e+00 1
1.7610831504330587e-01 -4.1355057472075024e-01 0.0000000000000000e+00 1
-1.7358922327427495e-01 1.8418400652556344e-02 0.0000000000000000e+00 1
-2.3541029511290124e-01 1.9178716449764749e-01 0.0000000000000000e+00 1
-1.5829308698212075e-01 1.5816345252340464e-01 0.0000000000000000e+00 1
2.5425199924276065e-01 -4.2497973110755366e-01 0.0000000000000000e+00 1
2.4631653870506731e-01 -4.2674665625982455e-01 0.0000000000000000e+00 1
2.9891965961245749e-02 -3.8868264442907141e-02 0.0000000000000000e+00 1
-1.0222666039538160e-01 5.5801017238281972e-02 0.0000000000000000e+00 1
-3.7949915200475477e-03 -3.7204908494481444e-02 0.0000000000000000e+00 1
1.8732875655539435e-01 -4.2594855563482864e-01 0.0000000000000000e+00 1
3.0453276454214095e-01 -6.8805559237784739e-02 0.0000000000000000e+00 1
3.2807223691234061e-01 -2.1625052236053230e-01 0.0000000000000000e+00 1
-2.6977466876201311e-01 2.7208781525081333e-01 0.0000000000000000e+00 1
-2.3854047024501004e-01 2.2544305337291520e-01 0.0000000000000000e+00 1
2.4081681749684125e-01 -2.9872180887678623e-01 0.0000000000000000e+00 1
-2.0245407162694140e-01 9.7505916116109606e-02 0.0000000000000000e+00 1
-2.8232538223365000e-01 3.0417505419947105e-01 0.0000000000000000e+00 1
2.4328575270358060e-01 -1.6401153872911922e-01 0.0000000000000000e+00 1
-1.0059007876083501e-01 9.0439992441019107e-02 0.0000000000000000e+00 1
-1.0747101121218613e-01 9.7627859243823917e-02 0.0000000000000000e+00 1
2.0993266254548854e-01 -1.5378855898045657e-01 0.0000000000000000e+00 1
2.0310029042709871e-01 -1.4644217558791051e-01 0.0000000000000000e+00 1
-1.1768928134668212e-01 2.3015161498957251e-01 0.0000000000000000e+00 1
1.2791195682978715e-01 -1.2214169703495349e-01 0.0000000000000000e+00 1
1.8145580500304473e-02 -2.3754977623505067e-02 0.0000000000000000e+00 1
1.0470247738007564e-01 -1.0986955331021356e-01 0.0000000000000000e+00 1
2.5825747530902471e-01 -3.8556486159478559e-01 0.0000000000000000e+00 1
1.4532024828251969e-01 -3.9044393802125149e-01 0.0000000000000000e+00 1
1.3876047571431849e-01 -3.8383292499589566e-01 0.0000000000000000e+00 1
1.4126066501730691e-01 -3.7476163269649343e-01 0.0000000000000000e+00 1
1.3207204388418758e-01 -3.7711019492202080e-01 0.0000000000000000e+00 1
1.3463787437151412e-01 -3.6789756208321500e-01 0.0000000000000000e+00 1
1.5152034372932877e-01 -3.9680001585755698e-01 0.0000000000000000e+00 1
2.3791228908092357e-01 -3.0767416620154497e-01 0.0000000000000000e+00 1
-2.1627600485181006e-01 1.3198150349063908e-01 0.0000000000000000e+00 1
2.4108784777721620e-01 -4.2066405177530475e-01 0.0000000000000000e+00 1
2.3858559595556900e-01 -4.2851531056204123e-01 0.0000000000000000e+00 1
-5.0807274826529927e-02 1.3132807881863634e-03 0.0000000000000000e+00 1
-6.0307917114721145e-02 -1.3106044648874826e-01 0.0000000000000000e+00 1
2.5567729461052364e-02 -1.4684834651174927e-01 0.0000000000000000e+00 1
1.5563238894221371e-01 -6.1662643461858679e-02 0.0000000000000000e+00 1
1.6278257982336117e-01 -6.8871209275381484e-02 0.0000000000000000e+00 1
2.5419956870587673e-01 -3.6970339990748835e-01 0.0000000000000000e+00 1
1.5344049169787521e-01 -3.4195525414470782e-02 0.0000000000000000e+00 1
1.4334143171961872e-01 -3.6989875953751472e-02 0.0000000000000000e+00 1
-1.5908145083252617e-01 5.9630744624987228e-02 0.0000000000000000e+00 1
3.0410333220952224e-01 -1.1542273191014840e-01 0.0000000000000000e+00 1
3.1066905789505272e-01 -1.2260491899355164e-01 0.0000000000000000e+00 1
3.1351754886002853e-01 -1.1341482563672747e-01 0.0000000000000000e+00 1
3.1992423520140179e-01 -1.2042990541653349e-01 0.0000000000000000e+00 1
3.2268347092002664e-01 -1.1142139347594249e-01 0.0000000000000000e+00 1
3.2893838864215658e-01 -1.1819623336813616e-01 0.0000000000000000e+00 1
3.2633138843352577e-01 -1.2712382324123420e-01 0.0000000000000000e+00 1
4.5977059280511275e-02 -1.9241691433234923e-01 0.0000000000000000e+00 1
-8.1691342960085352e-03 -1.7864954212047429e-01 0.0000000000000000e+00 1
1.4122511245477326e-01 -1.3606899058381480e-01 0.0000000000000000e+00 1
-1.9773977036550788e-01 8.1005794378716148e-02 0.0000000000000000e+00 1
2.9794685678285981e-01 -2.2357821028199659e-01 0.0000000000000000e+00 1
2.7389991185397602e-02 -1.9650215347552849e-01 0.0000000000000000e+00 1
2.6204838137543818e-01 -1.3291348764604283e-01 0.0000000000000000e+00 1
1.2111465642557095e-01 -1.1507667081863157e-01 0.0000000000000000e+00 1
1.0932848768626477e-01 -1.2655994509674309e-01 0.0000000000000000e+00 1
1.0657081657057617e-01 -1.3571796086019217e-01 0.0000000000000000e+00 1
1.9254940902675100e-01 -3.1020737292877204e-01 0.0000000000000000e+00 1
-2.5099314938946937e-01 2.2211821305231733e-01 0.0000000000000000e+00 1
3.3353822698802144e-01 -1.9665320642456535e-01 0.0000000000000000e+00 1
8.0693042652582231e-02 -2.2801688427803657e-01 0.0000000000000000e+00 1
8.3592238504954619e-02 -2.1832868745977418e-01 0.0000000000000000e+00 1
9.0105305890169254e-02 -2.2583702984473886e-01 0.0000000000000000e+00 1
7.6500542123188645e-02 -2.1115327332668765e-01 0.0000000000000000e+00 1
6.1434295511224764e-02 -1.1138254279466409e-01 0.0000000000000000e+00 1
-1.6593424173911681e-01 3.5709796314859615e-01 0.0000000000000000e+00 1
4.8481901031144678e-02 -2.4527876176946523e-01 0.0000000000000000e+00 1
4.5615086460739945e-02 -2.5510565760667975e-01 0.0000000000000000e+00 1
4.8686670658159584e-02 -1.8304985225414727e-01 0.0000000000000000e+00 1
3.9331654643323409e-02 -1.8538954679851818e-01 0.0000000000000000e+00 1
5.8050150594401356e-02 -1.8064275656230352e-01 0.0000000000000000e+00 1
2.4407724208099107e-01 -2.8864906260556000e-01 0.0000000000000000e+00 1
2.3706733766775723e-01 -2.8127018089994665e-01 0.0000000000000000e+00 1
3.3152391878120646e-01 -1.0941978587843229e-01 0.0000000000000000e+00 1
2.5963879100039683e-01 -1.6912380796778562e-01 0.0000000000000000e+00 1
2.9034221297394558e-01 -1.8900598088126730e-01 0.0000000000000000e+00 1
5.2685562306567083e-02 -2.6238453338781331e-01 0.0000000000000000e+00 1
-1.5886105229987985e-01 2.8896612310286496e-01 0.0000000000000000e+00 1
-1.3564385111026117e-01 2.4852672150099239e-01 0.0000000000000000e+00 1
9.1953922839243168e-02 -9.6580200407618291e-02 0.0000000000000000e+00 1
4.3427505499146948e-03 -1.0542929883449010e-02 0.0000000000000000e+00 1
-1.4319938548845507e-01 1.1315527870905681e-01 0.0000000000000000e+00 1
-1.3280562404135965e-01 1.1566972520864389e-01 0.0000000000000000e+00 1
2.8829675214718259e-01 -3.7053975819591439e-01 0.0000000000000000e+00 1
1.8996109200026892e-01 -3.1968211174596695e-01 0.0000000000000000e+00 1
1.8300035275894791e-01 -3.1260960487568745e-01 0.0000000000000000e+00 1
-2.2924216003641429e-01 1.7102780990620362e-01 0.0000000000000000e+00 1
2.1272460424823697e-01 -3.8925870812571661e-01 0.0000000000000000e+00 1
3.3504859563008466e-01 -1.2480020660346099e-01 0.0000000000000000e+00 1
3.3258693326175676e-01 -1.3355701890864402e-01 0.0000000000000000e+00 1
-8.3622230193715286e-02 1.6217391178641671e-01 0.0000000000000000e+00 1
-8.0220705421202340e-02 1.7369843275491192e-01 0.0000000000000000e+00 1
-7.1949304846189069e-02 1.6504051297438377e-01 0.0000000000000000e+00 1
-8.8601083452288509e-02 1.8246095213258817e-01 0.0000000000000000e+00 1
-7.6721103655538567e-02 1.8543676737992348e-01 0.0000000000000000e+00 1
-8.5753359590016037e-02 1.9387255186348490e-01 0.0000000000000000e+00 1
1.4325410578941183e-01 -3.9893011855072524e-01 0.0000000000000000e+00 1
3.3626621295101888e-01 -1.8700860828841365e-01 0.0000000000000000e+00 1
3.2944644613903401e-01 -1.7983889672161016e-01 0.0000000000000000e+00 1
3.3900520257450500e-01 -1.7745003693797926e-01 0.0000000000000000e+00 1
3.3226395418545357e-01 -1.7039504348978007e-01 0.0000000000000000e+00 1
-1.8339567766610770e-01 2.8735046070906038e-02 0.0000000000000000e+00 1
-1.8798230361979054e-01 3.3367986261898727e-02 0.0000000000000000e+00 1
-2.9172963679061870e-01 3.1294611544391765e-01 0.0000000000000000e+00 1
1.0765094697360662e-01 -1.0095107639328706e-01 0.0000000000000000e+00 1
1.2537390310375818e-01 -3.7028520725030856e-01 0.0000000000000000e+00 1
1.2790909533558334e-01 -3.6091405428875323e-01 0.0000000000000000e+00 1
1.1851719586866824e-01 -3.6335062600142215e-01 0.0000000000000000e+00 1
1.2108133961414977e-01 -3.5385014377854895e-01 0.0000000000000000e+00 1
1.1148102320577397e-01 -3.5630635677650174e-01 0.0000000000000000e+00 1
1.1414761042103505e-01 -3.4669363204764364e-01 0.0000000000000000e+00 1
1.4086595545962621e-01 -4.7179361337727946e-02 0.0000000000000000e+00 1
1.3335100774438335e-01 -3.9862680224492852e-02 0.0000000000000000e+00 1
1.3584381651196198e-01 -2.9683246233028694e-02 0.0000000000000000e+00 1
1.2587841963177590e-01 -3.2418039388839172e-02 0.0000000000000000e+00 1
1.2826253360991696e-01 -2.2414686874198331e-02 0.0000000000000000e+00 1
1.1830840482388544e-01 -2.5083173494109691e-02 0.0000000000000000e+00 1
1.2073749891950993e-01 -1.5017878470666941e-02 0.0000000000000000e+00 1
1.1060091202356266e-01 -1.7810428700311649e-02 0.0000000000000000e+00 1
1.1309107333787119e-01 -7.6182419002689414e-03 0.0000000000000000e+00 1
1.0289541441802659e-01 -1.0405413043951688e-02 0.0000000000000000e+00 1
1.0542027738396531e-01 -1.5026370121448579e-04 0.0000000000000000e+00 1
9.5170932222082033e-02 -2.9432389592879823e-03 0.0000000000000000e+00 1
9.7725749013215318e-02 7.3728189547487295e-03 0.0000000000000000e+00 1
8.7425424406214813e-02 4.5607272158839605e-03 0.0000000000000000e+00 1
8.9989088834383418e-02 1.4969368995177201e-02 0.0000000000000000e+00 1
7.9603722089999329e-02 1.2137159678231717e-02 0.0000000000000000e+00 1
8.2293935825463738e-02 2.2697314430450300e-02 0.0000000000000000e+00 1
7.1767764226613878e-02 1.9764905661627315e-02 0.0000000000000000e+00 1
7.4477511450133510e-02 3.0382454073306885e-02 0.0000000000000000e+00 1
6.3883333717123597e-02 2.7423706869064153e-02 0.0000000000000000e+00 1
6.6606487405058715e-02 3.8090487412518338e-02 0.0000000000000000e+00 1
5.5959328718819742e-02 3.5115470556038239e-02 0.0000000000000000e+00 1
5.8580761727424414e-02 4.5712683863597899e-02 0.0000000000000000e+00 1
1.1661271681871455e-01 1.8792183368382767e-03 0.0000000000000000e+00 1
4.7981918220051496e-02 4.2825706311899359e-02 0.0000000000000000e+00 1
5.0627684768817627e-02 5.3473664777397553e-02 0.0000000000000000e+00 1
3.9992727067276732e-02 5.0579494794953946e-02 0.0000000000000000e+00 1
4.2608115201866671e-02 6.1220707864567389e-02 0.0000000000000000e+00 1
3.1975934716028359e-02 5.8357027369482152e-02 0.0000000000000000e+00 1
3.4683298929647999e-02 6.9096770951072195e-02 0.0000000000000000e+00 1
2.3957417019366746e-02 6.6173035725568832e-02 0.0000000000000000e+00 1
2.6602847537309921e-02 7.6885125832808335e-02 0.0000000000000000e+00 1
1.5918743864772496e-02 7.3974684475996089e-02 0.0000000000000000e+00 1
1.8572191884603288e-02 8.4753251074223518e-02 0.0000000000000000e+00 1
5.2292192358978695e-02 6.4980921087686605e-02 0.0000000000000000e+00 1
7.8254754163040278e-03 8.1838599346421362e-02 0.0000000000000000e+00 1
1.0503977895283373e-02 9.2642744363624935e-02 0.0000000000000000e+00 1
-2.8271928523466224e-04 8.9716262553052276e-02 0.0000000000000000e+00 1
2.4862592758186177e-03 1.0063830917695057e-01 0.0000000000000000e+00 1
-8.3868123817249195e-03 9.7615866874112014e-02 0.0000000000000000e+00 1
-5.6201911012332059e-03 1.0859925165392070e-01 0.0000000000000000e+00 1
7.7203981649926423e-02 4.1028346344432788e-02 0.0000000000000000e+00 1
-1.6467575120643847e-02 1.0563780704610504e-01 0.0000000000000000e+00 1
-1.3736224484642415e-02 1.1662165071225750e-01 0.0000000000000000e+00 1
-2.4661508978841135e-02 1.1362752716177978e-01 0.0000000000000000e+00 1
-2.1921950948114766e-02 1.2467281404736663e-01 0.0000000000000000e+00 1
-2.6302515430006489e-03 1.1954097601475266e-01 0.0000000000000000e+00 1
-2.0433516702575705e-03 -3.8579984326363747e-03 0.0000000000000000e+00 1
3.4168822663809900e-01 -1.6804256947175494e-01 0.0000000000000000e+00 1
3.3506819633215779e-01 -1.6161976939703815e-01 0.0000000000000000e+00 1
3.2161878761747686e-01 -3.0147098102926045e-01 0.0000000000000000e+00 1
1.5282375055951328e-01 -7.1881209739077578e-02 0.0000000000000000e+00 1
-7.6123013067263268e-02 2.8429743975169359e-02 0.0000000000000000e+00 1
1.3065492564304285e-01 -3.5145029957171381e-01 0.0000000000000000e+00 1
2.3268153102895844e-01 -1.6670246098282573e-01 0.0000000000000000e+00 1
-2.7301024782428063e-01 2.5965971042344660e-01 0.0000000000000000e+00 1
-3.4321749117155420e-01 4.3316136855258502e-01 0.0000000000000000e+00 1
3.8710176072519198e-02 -2.4758738846658890e-01 0.0000000000000000e+00 1
9.2873302139125383e-02 2.5108268214396927e-02 0.0000000000000000e+00 1
-3.4654481231353995e-01 4.4840960233617305e-01 0.0000000000000000e+00 1
-3.4432605514505743e-01 4.5640436039256344e-01 0.0000000000000000e+00 1
-3.3659815221909839e-01 4.5877990980447014e-01 0.0000000000000000e+00 1
-3.4249719065032957e-01 4.6396349027049588e-01 0.0000000000000000e+00 1
-3.4942416928547965e-01 4.6190722514835919e-01 0.0000000000000000e+00 1
-1.6911652088867596e-01 3.4479363665833823e-01 0.0000000000000000e+00 1
7.7120237525567528e-02 1.9589467530132781e-03 0.0000000000000000e+00 1
-1.2946918390764556e-01 1.0126226543889477e-02 0.0000000000000000e+00 1
-1.7102042478805027e-01 8.0550839511889530e-02 0.0000000000000000e+00 1
1.7358770695857029e-01 -4.2083923840888604e-01 0.0000000000000000e+00 1
1.6784262501521718e-01 -4.1540987518465161e-01 0.0000000000000000e+00 1
-3.2857530221045955e-02 1.2171137906958980e-01 0.0000000000000000e+00 1
-3.0254637626013273e-02 1.3266895566666465e-01 0.0000000000000000e+00 1
-4.1180978266811434e-02 1.2976847233402611e-01 0.0000000000000000e+00 1
-3.8569255093752565e-02 1.4079200223460783e-01 0.0000000000000000e+00 1
-1.9546534896439850e-02 1.3594975918532171e-01 0.0000000000000000e+00 1
1.3778759357090231e-01 -1.9173213642670016e-02 0.0000000000000000e+00 1
1.4014903636783961e-02 1.0289283665975282e-01 0.0000000000000000e+00 1
-5.6917794785265159e-02 -1.1810094283088479e-01 0.0000000000000000e+00 1
-6.3430820039021646e-02 -1.1993835413474499e-01 0.0000000000000000e+00 1
2.4379177187860437e-01 -4.3424671420154370e-01 0.0000000000000000e+00 1
2.3627235888221321e-01 -4.3602173693282215e-01 0.0000000000000000e+00 1
2.3095016280368813e-01 -4.3039126854033644e-01 0.0000000000000000e+00 1
2.2876163454692983e-01 -4.3780993439755400e-01 0.0000000000000000e+00 1
2.2344663985289343e-01 -4.3226433607154080e-01 0.0000000000000000e+00 1
2.2137687081326624e-01 -4.3953396144931434e-01 0.0000000000000000e+00 1
2.1601499553487863e-01 -4.3407523158337807e-01 0.0000000000000000e+00 1
2.7933527029436195e-01 -3.9696927936548587e-01 0.0000000000000000e+00 1
-3.6565867699329409e-02 -1.3135512810916161e-01 0.0000000000000000e+00 1
-3.8819204305696964e-02 -1.3773590649190232e-01 0.0000000000000000e+00 1
-4.5887554475167514e-02 -1.3898612902056962e-01 0.0000000000000000e+00 1
-4.1176757673484617e-02 -1.4412383004333296e-01 0.0000000000000000e+00 1
-3.4196518167410109e-02 -1.4284579367227052e-01 0.0000000000000000e+00 1
-3.6674827810642477e-02 -1.4949686530266112e-01 0.0000000000000000e+00 1
-2.9362639739677780e-02 -1.4827758078973224e-01 0.0000000000000000e+00 1
-3.1687936350018438e-02 -1.5530925629886144e-01 0.0000000000000000e+00 1
-2.4334369978910163e-02 -1.5406849604796929e-01 0.0000000000000000e+00 1
1.8072259608918317e-01 -3.2211017124229346e-01 0.0000000000000000e+00 1
-1.1869549321229145e-01 -8.6557433627486844e-04 0.0000000000000000e+00 1
-8.9131585187310139e-02 4.2202608856981488e-02 0.0000000000000000e+00 1
-1.0965272611805974e-02 -1.8777775692360246e-01 0.0000000000000000e+00 1
8.6196317648224954e-02 -2.0873990321480895e-01 0.0000000000000000e+00 1
1.3685855074727887e-01 -1.8062648513740831e-01 0.0000000000000000e+00 1
-6.3660709724500497e-02 1.5189860902945725e-02 0.0000000000000000e+00 1
2.8715762504879422e-01 -1.9875807183643684e-01 0.0000000000000000e+00 1
2.8020060934467084e-01 -1.9127491808865763e-01 0.0000000000000000e+00 1
1.2990121173063765e-01 -1.7354743376798154e-01 0.0000000000000000e+00 1
1.7380327552759026e-01 -3.1503365463247707e-01 0.0000000000000000e+00 1
1.7614187819142157e-01 -3.0550075330633136e-01 0.0000000000000000e+00 1
2.4552848478643446e-01 -4.0474034078345478e-01 0.0000000000000000e+00 1
2.4765562613053033e-01 -3.9653570658087478e-01 0.0000000000000000e+00 1
1.6689905728082849e-01 -3.0788230169665454e-01 0.0000000000000000e+00 1
1.6919556929081592e-01 -2.9832959225012295e-01 0.0000000000000000e+00 1
8.4294529217658398e-02 -6.4797629099024326e-02 0.0000000000000000e+00 1
-5.5598837221107183e-03 -1.7010226783471974e-01 0.0000000000000000e+00 1
-1.3945891135434152e-02 -1.7246667038025901e-01 0.0000000000000000e+00 1
-1.8799810333184758e-01 6.7630358505773022e-02 0.0000000000000000e+00 1
-1.9574814857299816e-01 6.5445739874872885e-02 0.0000000000000000e+00 1
1.3064300186351391e-01 -1.1304449730068745e-01 0.0000000000000000e+00 1
-1.1389502852832455e-01 2.4247974398877009e-01 0.0000000000000000e+00 1
2.1615090192509456e-01 -1.6182096381737843e-01 0.0000000000000000e+00 1
3.0286134403301787e-02 8.6863695753936390e-02 0.0000000000000000e+00 1
2.5278293059247159e-01 -3.4420889860328863e-01 0.0000000000000000e+00 1
2.4324170453009736e-01 -3.4636935007208480e-01 0.0000000000000000e+00 1
2.3671757760633166e-01 -3.3965797583738688e-01 0.0000000000000000e+00 1
1.2293873479218159e-01 -3.8002115661179026e-01 0.0000000000000000e+00 1
-4.9513530558370454e-02 1.3793448654282095e-01 0.0000000000000000e+00 1
-4.6549791869393044e-02 1.4905335438716433e-01 0.0000000000000000e+00 1
-5.7016612735430072e-02 1.4677630241788911e-01 0.0000000000000000e+00 1
-3.5842336501183812e-02 1.5227904221123448e-01 0.0000000000000000e+00 1
-4.3174633287481959e-02 1.5968196747542751e-01 0.0000000000000000e+00 1
7.9208049358510349e-02 -2.0155151505879237e-01 0.0000000000000000e+00 1
2.5311236356245315e-02 -2.3249740401412938e-01 0.0000000000000000e+00 1
-2.5363541823303570e-01 2.1006825503977869e-01 0.0000000000000000e+00 1
3.5201223618156405e-02 -2.5684097790864135e-01 0.0000000000000000e+00 1
-1.6243692072504853e-01 5.1137504805189270e-02 0.0000000000000000e+00 1
-1.5559986423308997e-01 4.5819190189032008e-02 0.0000000000000000e+00 1
2.2511801185864522e-01 -3.1975104706009017e-01 0.0000000000000000e+00 1
-2.6488725931724095e-02 -1.6120557000253047e-01 0.0000000000000000e+00 1
1.5969569552974294e-01 -3.0055180588197483e-01 0.0000000000000000e+00 1
1.6223162949696465e-01 -2.9100308340546549e-01 0.0000000000000000e+00 1
1.5243719225468982e-01 -2.9328553152631637e-01 0.0000000000000000e+00 1
1.5522139022186335e-01 -2.8372048717185799e-01 0.0000000000000000e+00 1
1.4561787321486611e-01 -2.8611121074193024e-01 0.0000000000000000e+00 1
1.4818153983023083e-01 -2.7641483420554830e-01 0.0000000000000000e+00 1
-2.8116445951773150e-01 3.4922731292372711e-01 0.0000000000000000e+00 1
-2.9325093747792319e-01 3.4609611470837748e-01 0.0000000000000000e+00 1
-2.9687875572119765e-01 3.3392095013460904e-01 0.0000000000000000e+00 1
-3.0515078389030587e-01 3.4308003691405120e-01 0.0000000000000000e+00 1
-3.0185108320029386e-01 3.5479423004282462e-01 0.0000000000000000e+00 1
-3.1348644909827805e-01 3.5190792180786290e-01 0.0000000000000000e+00 1
-3.1021058237350785e-01 3.6339154388950090e-01 0.0000000000000000e+00 1
4.2730972326212400e-03 -1.1650242826865628e-01 0.0000000000000000e+00 1
9.9044171614486066e-03 -1.2262344322761526e-01 0.0000000000000000e+00 1
-1.3549808003738141e-03 -1.1060208491078739e-01 0.0000000000000000e+00 1
1.8076155046225336e-02 -1.2072075674743267e-01 0.0000000000000000e+00 1
1.5621974572239537e-02 -1.2858378282858463e-01 0.0000000000000000e+00 1
2.4020988132902436e-02 -1.2685806426916257e-01 0.0000000000000000e+00 1
2.5180388484658744e-01 -3.1840383911941916e-01 0.0000000000000000e+00 1
-1.5491430455380434e-01 1.6966131030853274e-01 0.0000000000000000e+00 1
1.6355287817972189e-01 -3.1160121985311560e-02 0.0000000000000000e+00 1
-2.7390325862091014e-01 2.9451783178832613e-01 0.0000000000000000e+00 1
-2.6156551076272339e-01 2.9762030671611361e-01 0.0000000000000000e+00 1
-2.2407334981188159e-01 3.5322165145544565e-01 0.0000000000000000e+00 1
2.9423977805992907e-01 -2.0608583321967286e-01 0.0000000000000000e+00 1
1.0021709656581013e-01 -2.0221841191166681e-02 0.0000000000000000e+00 1
-2.3150464847612723e-01 1.5956601396917089e-01 0.0000000000000000e+00 1
2.8567621457537301e-01 -1.4574779002938129e-01 0.0000000000000000e+00 1
-9.7866073249742058e-02 9.9947398554337930e-02 0.0000000000000000e+00 1
-2.0083852322489407e-01 1.0736987475881679e-01 0.0000000000000000e+00 1
-2.0977722147375544e-01 1.0458595800120093e-01 0.0000000000000000e+00 1
-2.3144941258621879e-01 2.8196207654854555e-01 0.0000000000000000e+00 1
-3.4765545443221257e-01 4.6875810319532218e-01 0.0000000000000000e+00 1
2.1366842088138444e-01 -4.4140677938822975e-01 0.0000000000000000e+00 1
2.0850347478369671e-01 -4.3590373012550832e-01 0.0000000000000000e+00 1
6.1762551911945997e-02 1.7308808238293324e-02 0.0000000000000000e+00 1
2.5522972425222817e-01 -1.2576740158043254e-01 0.0000000000000000e+00 1
2.6507731195004319e-01 -1.2357286899702968e-01 0.0000000000000000e+00 1
2.4539854436932224e-01 -1.2809307954238416e-01 0.0000000000000000e+00 1
1.7079898406906271e-01 -4.0738538979144301e-01 0.0000000000000000e+00 1
1.6201314789460422e-01 -4.0970962138305334e-01 0.0000000000000000e+00 1
-1.3007830758443742e-01 1.2736185257413560e-01 0.0000000000000000e+00 1
-1.2215728316454308e-01 1.1818780404301540e-01 0.0000000000000000e+00 1
-2.5132882475696245e-02 -2.5394466409556577e-02 0.0000000000000000e+00 1
-1.9121090751854794e-02 -3.2245964840547620e-02 0.0000000000000000e+00 1
-2.1369813421811282e-01 1.4314594013614854e-01 0.0000000000000000e+00 1
-1.5493833949326136e-01 1.3894194385124983e-01 0.0000000000000000e+00 1
-1.4438234645872339e-01 1.4051475565575755e-01 0.0000000000000000e+00 1
1.5589262008049709e-01 -1.7599226803520951e-01 0.0000000000000000e+00 1
1.5392143225257787e-01 -1.8495250363957016e-01 0.0000000000000000e+00 1
2.4629117473320594e-02 -1.7906723821889137e-01 0.0000000000000000e+00 1
-1.9336860349844712e-01 3.8380960581994988e-01 0.0000000000000000e+00 1
1.3854467656564898e-01 -2.7866839274522459e-01 0.0000000000000000e+00 1
1.4111770451802469e-01 -2.6909098132704135e-01 0.0000000000000000e+00 1
1.3122369470445017e-01 -2.7136287849585505e-01 0.0000000000000000e+00 1
1.3403525373244723e-01 -2.6175266722321161e-01 0.0000000000000000e+00 1
1.2433598390460085e-01 -2.6399463081661012e-01 0.0000000000000000e+00 1
1.2690298793709576e-01 -2.5443371101223067e-01 0.0000000000000000e+00 1
-2.8747573866834747e-01 2.9225829003211301e-01 0.0000000000000000e+00 1
-1.2118770733899861e-01 2.1777136150563242e-01 0.0000000000000000e+00 1
-1.0837651517435701e-01 2.2084565851514792e-01 0.0000000000000000e+00 1
1.8828067969029291e-02 -2.2525811464878745e-01 0.0000000000000000e+00 1
2.9593157787396474e-01 -2.6125996871585472e-01 0.0000000000000000e+00 1
1.8011190457149634e-02 -1.9920800101048297e-01 0.0000000000000000e+00 1
1.4788242257669573e-02 -2.0892138837344232e-01 0.0000000000000000e+00 1
2.1589375468463504e-01 -1.3487085678580313e-01 0.0000000000000000e+00 1
2.9715425463678818e-01 -1.0816713755046241e-01 0.0000000000000000e+00 1
-2.0237571411382116e-01 3.9267958535199821e-01 0.0000000000000000e+00 1
-3.7858766997732933e-02 -1.2013615056964281e-02 0.0000000000000000e+00 1
1.1721573045292090e-01 -2.5646146001621478e-01 0.0000000000000000e+00 1
1.1985530223305912e-01 -2.4700119931386111e-01 0.0000000000000000e+00 1
1.0991354209455104e-01 -2.4927364115208039e-01 0.0000000000000000e+00 1
1.1278189293135732e-01 -2.3987294832462375e-01 0.0000000000000000e+00 1
1.0307612642545183e-01 -2.4225539688767084e-01 0.0000000000000000e+00 1
1.0644369245969201e-01 -2.3243744848688569e-01 0.0000000000000000e+00 1
1.2946600751494117e-01 -2.4446102444308437e-01 0.0000000000000000e+00 1
-1.3230065939216995e-01 3.4333731795427314e-01 0.0000000000000000e+00 1
-1.2312074511070692e-01 3.3434567266751758e-01 0.0000000000000000e+00 1
-1.4298190104703651e-01 3.5217531266086766e-01 0.0000000000000000e+00 1
2.9439655113353413e-01 -3.7778518853318221e-01 0.0000000000000000e+00 1
2.9751907737811040e-01 -3.6902553546005201e-01 0.0000000000000000e+00 1
1.2574482938141538e-02 -6.5571234273299472e-02 0.0000000000000000e+00 1
6.1342023919518911e-03 -5.8876981713275572e-02 0.0000000000000000e+00 1
1.8652206640716117e-02 -7.2030402271938410e-02 0.0000000000000000e+00 1
2.7628158922724105e-02 -7.1250689286369781e-02 0.0000000000000000e+00 1
2.4251366509056241e-02 -7.8894599971770271e-02 0.0000000000000000e+00 1
-5.5853427642149747e-02 -1.3541363295147066e-01 0.0000000000000000e+00 1
-9.7227400588370205e-02 1.9118784283789203e-01 0.0000000000000000e+00 1
-9.3934393535812774e-02 2.0327765292353400e-01 0.0000000000000000e+00 1
-1.3638359559234314e-01 1.0631353788580029e-01 0.0000000000000000e+00 1
-2.0315296949362321e-01 3.4731696725619599e-01 0.0000000000000000e+00 1
-1.9363381367576643e-01 3.3842163797684843e-01 0.0000000000000000e+00 1
2.5985770813916209e-01 -2.8824602662350207e-01 0.0000000000000000e+00 1
1.4384411038442266e-01 -3.6566615880890874e-01 0.0000000000000000e+00 1
-3.9168763289234215e-02 -1.5619831783069874e-01 0.0000000000000000e+00 1
-1.7406534296393950e-01 6.4268262485720193e-02 0.0000000000000000e+00 1
-1.2056022806036090e-01 -8.3232927632216017e-03 0.0000000000000000e+00 1
-1.1367773528377159e-01 -5.8758638862029932e-03 0.0000000000000000e+00 1
2.4207979549102132e-01 -4.4180605449871468e-01 0.0000000000000000e+00 1
7.1241851139695117e-03 -1.3014872562438770e-01 0.0000000000000000e+00 1
-3.0839021757498702e-01 3.3113548536590443e-01 0.0000000000000000e+00 1
7.1341643237117051e-03 -1.4486532092092691e-03 0.0000000000000000e+00 1
-2.2080805189295425e-02 -1.4771211327222200e-01 0.0000000000000000e+00 1
-2.2436154330400818e-01 1.4020017078584299e-01 0.0000000000000000e+00 1
2.2655508820626441e-01 -4.4445756433708783e-01 0.0000000000000000e+00 1
1.0485276998090881e-01 -3.4928967403370947e-01 0.0000000000000000e+00 1
1.0718221414738685e-01 -3.3946548582792924e-01 0.0000000000000000e+00 1
1.1665151075978919e-01 -3.3688441374270828e-01 0.0000000000000000e+00 1
1.0962058481203807e-01 -3.2986598259495559e-01 0.0000000000000000e+00 1
9.9958916815291787e-02 -3.3221320007754229e-01 0.0000000000000000e+00 1
1.0222086974203454e-01 -3.2249390952230483e-01 0.0000000000000000e+00 1
9.2722481530947809e-02 -3.2489193324123200e-01 0.0000000000000000e+00 1
9.5219288037426492e-02 -3.1489873431652676e-01 0.0000000000000000e+00 1
9.0057021459410108e-02 -3.3476357792523437e-01 0.0000000000000000e+00 1
8.5614766290227642e-02 -3.1750196405105124e-01 0.0000000000000000e+00 1
8.8110427507197678e-02 -3.0774484655878032e-01 0.0000000000000000e+00 1
7.8399455981362914e-02 -3.1001740847902082e-01 0.0000000000000000e+00 1
-1.2121170155080065e-01 1.1639874628208070e-02 0.0000000000000000e+00 1
-1.2475766242339499e-01 6.7954740574037720e-02 0.0000000000000000e+00 1
8.0974155790698429e-02 -3.0022107120952624e-01 0.0000000000000000e+00 1
7.1365777285019819e-02 -3.0230825220866464e-01 0.0000000000000000e+00 1
7.3644182527868085e-02 -2.9270598812470228e-01 0.0000000000000000e+00 1
3.4046778197041455e-01 -1.3106447850480163e-01 0.0000000000000000e+00 1
3.3843405557617007e-01 -1.3999989418616152e-01 0.0000000000000000e+00 1
3.2995037619802070e-01 -1.4221881960811883e-01 0.0000000000000000e+00 1
2.4785741766319741e-01 -3.6270218359035322e-01 0.0000000000000000e+00 1
-9.1414368942186436e-02 9.2253075728322156e-02 0.0000000000000000e+00 1
-7.2773278453003423e-02 1.9735935705085716e-01 0.0000000000000000e+00 1
3.2441473701800383e-01 -2.9190352868557096e-01 0.0000000000000000e+00 1
4.6267869953369102e-02 3.2237092446712828e-02 0.0000000000000000e+00 1
-1.6281721965733792e-01 1.7780423806601298e-01 0.0000000000000000e+00 1
2.4024970858995068e-01 -3.9838268417403377e-01 0.0000000000000000e+00 1
-1.9283113935669602e-02 9.4543511988229509e-02 0.0000000000000000e+00 1
1.0254861682874175e-01 -3.5916476834421712e-01 0.0000000000000000e+00 1
3.1819157656303027e-01 -3.1183329371544877e-01 0.0000000000000000e+00 1
3.0819551961192154e-01 -3.1415334815316820e-01 0.0000000000000000e+00 1
3.1504040628319430e-01 -3.2205903207026787e-01 0.0000000000000000e+00 1
3.0515852633620211e-01 -3.2418312648593539e-01 0.0000000000000000e+00 1
3.1186861266188892e-01 -3.3166789128291241e-01 0.0000000000000000e+00 1
3.0213918230281828e-01 -3.3404719892887874e-01 0.0000000000000000e+00 1
-1.8783472562190106e-02 -1.5973791278890909e-01 0.0000000000000000e+00 1
-2.6527029808945606e-02 -3.4170187766835891e-02 0.0000000000000000e+00 1
2.6195939306883853e-01 -4.2318769246392396e-01 0.0000000000000000e+00 1
2.5906897408970919e-01 -4.3206016752060999e-01 0.0000000000000000e+00 1
1.2795757250546755e-01 -1.8268894151914195e-01 0.0000000000000000e+00 1
1.4323593285319577e-01 -2.9538221161508049e-01 0.0000000000000000e+00 1
2.3206331873749647e-01 -3.2603229840197900e-01 0.0000000000000000e+00 1
3.9899468691739701e-03 -6.6368151011364188e-02 0.0000000000000000e+00 1
3.1703885804434284e-01 -1.0505635719798601e-01 0.0000000000000000e+00 1
6.8888347028154912e-02 -3.1102418003070859e-01 0.0000000000000000e+00 1
2.9090183817681559e-01 -3.8636018671866668e-01 0.0000000000000000e+00 1
1.1845094424881304e-01 -3.2764285105314861e-01 0.0000000000000000e+00 1
1.2193597464920088e-01 -2.7318975326552486e-01 0.0000000000000000e+00 1
1.0065913091252467e-01 -2.5157409039947576e-01 0.0000000000000000e+00 1
-2.4765179799082865e-01 2.3481282239382512e-01 0.0000000000000000e+00 1
-2.6123263764016769e-01 2.3114957800320551e-01 0.0000000000000000e+00 1
-2.3436515045372974e-01 2.3709519048613620e-01 0.0000000000000000e+00 1
3.0900228474270464e-01 -3.4154140979654357e-01 0.0000000000000000e+00 1
2.9898525638777823e-01 -3.4367873307640828e-01 0.0000000000000000e+00 1
3.0582113389058191e-01 -3.5120314166182842e-01 0.0000000000000000e+00 1
-1.6289615417480990e-01 3.6934074440031611e-01 0.0000000000000000e+00 1
-1.7186408619133878e-01 3.7875867148749448e-01 0.0000000000000000e+00 1
3.4326835344334689e-01 -1.9424234317649211e-01 0.0000000000000000e+00 1
3.4027738442766514e-01 -2.0384337903936417e-01 0.0000000000000000e+00 1
3.2073433135167873e-01 -3.3018131420612595e-01 0.0000000000000000e+00 1
9.7039076670983493e-02 -3.0553240207043192e-01 0.0000000000000000e+00 1
1.6271558489120860e-02 -2.3368036680132009e-01 0.0000000000000000e+00 1
2.4813866427013273e-01 -3.0571287473686154e-01 0.0000000000000000e+00 1
-1.0480456215292580e-01 1.0747006046075225e-01 0.0000000000000000e+00 1
-1.1447384537042447e-01 1.0480419019886017e-01 0.0000000000000000e+00 1
3.3093264321058996e-01 -2.9999565066060468e-01 0.0000000000000000e+00 1
2.8717195999881692e-02 4.7751962423676464e-02 0.0000000000000000e+00 1
2.1414845793627211e-02 -1.3464806660252573e-01 0.0000000000000000e+00 1
3.0115781061371170e-02 -1.3316548913257992e-01 0.0000000000000000e+00 1
3.2523102698113079e-02 -1.2487474317545483e-01 0.0000000000000000e+00 1
3.8794191336712441e-02 -1.3112070369105544e-01 0.0000000000000000e+00 1
4.1221214481229840e-02 -1.2280346768852499e-01 0.0000000000000000e+00 1
4.7536631955777675e-02 -1.2879625976981060e-01 0.0000000000000000e+00 1
4.9989567166045044e-02 -1.2055114141312676e-01 0.0000000000000000e+00 1
1.2326541129787119e-01 -4.2621061178020038e-02 0.0000000000000000e+00 1
1.5992275652865134e-01 -7.8819808295949756e-02 0.0000000000000000e+00 1
1.6981411696483265e-01 -7.6096636105267138e-02 0.0000000000000000e+00 1
1.6695248450945399e-01 -8.5898173742270059e-02 0.0000000000000000e+00 1
1.7684445693329490e-01 -8.3317756799395848e-02 0.0000000000000000e+00 1
1.7410207106001252e-01 -9.2796072260776491e-02 0.0000000000000000e+00 1
-2.1958552226898703e-01 1.2202313017673923e-01 0.0000000000000000e+00 1
1.9962003306833201e-01 -1.5644913418721748e-01 0.0000000000000000e+00 1
1.9290913387922248e-01 -1.4877295191873990e-01 0.0000000000000000e+00 1
1.9619041053745676e-01 -1.3888818017279742e-01 0.0000000000000000e+00 1
1.8250322139359793e-01 -1.5034453149464255e-01 0.0000000000000000e+00 1
2.3361995198778479e-01 -3.4847292195165230e-01 0.0000000000000000e+00 1
2.2704715057820027e-01 -3.4151140066109720e-01 0.0000000000000000e+00 1
1.4865233606693912e-01 -4.0610473212620674e-01 0.0000000000000000e+00 1
3.3607501994979128e-01 -1.4797673041830769e-01 0.0000000000000000e+00 1
3.4372258102981473e-01 -1.4659030792340658e-01 0.0000000000000000e+00 1
-1.9087511360992437e-01 1.9287467827528795e-01 0.0000000000000000e+00 1
-1.8676894375299052e-01 2.0485369624777583e-01 0.0000000000000000e+00 1
-1.9560776215381126e-01 2.1337806878221535e-01 0.0000000000000000e+00 1
-1.8336398232758563e-01 2.1710449256655753e-01 0.0000000000000000e+00 1
-1.6265576931649262e-01 4.2855310363165491e-02 0.0000000000000000e+00 1
-1.9693436480749305e-01 5.7784111981490235e-02 0.0000000000000000e+00 1
-2.0327520879909292e-01 6.3182304203998174e-02 0.0000000000000000e+00 1
-6.4747639287539391e-02 1.8716135700984149e-01 0.0000000000000000e+00 1
2.8739924885812113e-01 -1.1034741402849232e-01 0.0000000000000000e+00 1
-1.4614865291909970e-01 1.6178759599688688e-01 0.0000000000000000e+00 1
5.0326064560725818e-03 7.0432876582455978e-02 0.0000000000000000e+00 1
-3.5786263588587115e-02 1.1039656091998612e-01 0.0000000000000000e+00 1
2.4479534964372823e-01 -3.7115375370936088e-01 0.0000000000000000e+00 1
2.1070580968304359e-01 -4.2852427198158860e-01 0.0000000000000000e+00 1
-2.0188875758130281e-01 7.1618114202001482e-02 0.0000000000000000e+00 1
-2.0824568353147727e-01 7.8332199837841371e-02 0.0000000000000000e+00 1
2.0316272182358328e-01 -4.3035199597766421e-01 0.0000000000000000e+00 1
2.0099209833388890e-01 -4.3769917156028249e-01 0.0000000000000000e+00 1
1.9561207426741431e-01 -4.3225286383699696e-01 0.0000000000000000e+00 1
1.9348426479499486e-01 -4.3975003712985145e-01 0.0000000000000000e+00 1
3.4488989810814452e-01 -1.6000257719311067e-01 0.0000000000000000e+00 1
3.5079136080112799e-01 -1.6610120640691189e-01 0.0000000000000000e+00 1
2.4189362570906975e-01 -3.2210866958424766e-01 0.0000000000000000e+00 1
-1.2002369958054322e-01 3.4861841136489985e-01 0.0000000000000000e+00 1
3.0070982499917098e-01 -3.8501431662763752e-01 0.0000000000000000e+00 1
-3.2389718957392601e-02 1.6394945092326485e-01 0.0000000000000000e+00 1
-3.5330590541341977e-01 4.6654208542080355e-01 0.0000000000000000e+00 1
-3.2191278698945303e-01 3.6017599429251190e-01 0.0000000000000000e+00 1
-3.1850447448191904e-01 3.7166640325429534e-01 0.0000000000000000e+00 1
-3.2958683049133369e-01 3.6870805561325126e-01 0.0000000000000000e+00 1
-3.2593139536496474e-01 3.7967731636708707e-01 0.0000000000000000e+00 1
-3.1516519061568682e-01 3.8276542551318010e-01 0.0000000000000000e+00 1
-3.2270219384860971e-01 3.9273190382446932e-01 0.0000000000000000e+00 1
-3.3484057743713019e-01 3.8714983674667830e-01 0.0000000000000000e+00 1
-3.3117671598945320e-01 3.9830383583495010e-01 0.0000000000000000e+00 1
2.4843620750161080e-01 -1.1789520500809349e-01 0.0000000000000000e+00 1
-5.6158875460438809e-02 -1.4566860566459336e-01 0.0000000000000000e+00 1
3.2427430444573369e-01 -6.5609525643571781e-02 0.0000000000000000e+00 1
-3.5144660584156023e-01 4.5450201693127523e-01 0.0000000000000000e+00 1
-2.8115161635712554e-01 2.7008442682208933e-01 0.0000000000000000e+00 1
8.2495353810135928e-03 -2.0121529018199935e-01 0.0000000000000000e+00 1
5.4627405324588450e-03 -2.1212413124666640e-01 0.0000000000000000e+00 1
1.6428033843658446e-01 -4.0105005700017798e-01 0.0000000000000000e+00 1
1.4551551745507868e-01 -6.5214254899806451e-02 0.0000000000000000e+00 1
-2.0494005629549594e-01 8.7698885630961856e-02 0.0000000000000000e+00 1
2.2566106067428049e-01 -4.2431904333687892e-01 0.0000000000000000e+00 1
-3.4056702789700477e-01 4.7077972160288334e-01 0.0000000000000000e+00 1
6.3728260553667315e-02 -2.9514634997625178e-01 0.0000000000000000e+00 1
6.6586220782728467e-02 -2.8535053638699054e-01 0.0000000000000000e+00 1
5.6495615672437272e-02 -2.8789142092054260e-01 0.0000000000000000e+00 1
5.8499725436076767e-02 -2.7824969532928256e-01 0.0000000000000000e+00 1
7.6062941395054970e-02 -2.8368809486543101e-01 0.0000000000000000e+00 1
4.9088153428713394e-02 -2.8014112585230100e-01 0.0000000000000000e+00 1
-2.9866973761970578e-01 3.6636600994171209e-01 0.0000000000000000e+00 1
-1.5219954121736076e-01 1.7990600014604735e-01 0.0000000000000000e+00 1
2.3915540102768854e-01 -1.7413452506375751e-01 0.0000000000000000e+00 1
1.3205223097528128e-02 -8.7694570671411377e-03 0.0000000000000000e+00 1
-2.0368724410544603e-01 4.5801110849762537e-02 0.0000000000000000e+00 1
2.4084376692571990e-01 -3.5516968328394405e-01 0.0000000000000000e+00 1
1.5961832625464048e-01 -4.1859189080498338e-01 0.0000000000000000e+00 1
1.8804468379222136e-01 -4.3415566434262082e-01 0.0000000000000000e+00 1
1.8090233231842706e-01 -4.3027643061719134e-01 0.0000000000000000e+00 1
2.4673260413831233e-01 -2.7823780576314899e-01 0.0000000000000000e+00 1
2.3952412062744627e-01 -2.7171385096478440e-01 0.0000000000000000e+00 1
2.2997791538445050e-01 -2.7394260623396838e-01 0.0000000000000000e+00 1
2.3278576010967950e-01 -2.6413174246361110e-01 0.0000000000000000e+00 1
2.4305293188245533e-01 -2.6178270338858001e-01 0.0000000000000000e+00 1
2.3539074327579645e-01 -2.5463153714689407e-01 0.0000000000000000e+00 1
2.2571517181659917e-01 -2.5677226307357526e-01 0.0000000000000000e+00 1
2.2856472956563023e-01 -2.4695558129710621e-01 0.0000000000000000e+00 1
2.1868097087690133e-01 -2.4934961978548431e-01 0.0000000000000000e+00 1
2.2153201136698175e-01 -2.3952665161743025e-01 0.0000000000000000e+00 1
2.1162055535494909e-01 -2.4195888870016893e-01 0.0000000000000000e+00 1
2.1446319270923059e-01 -2.3214793722361596e-01 0.0000000000000000e+00 1
2.0455654675346863e-01 -2.3458378695766560e-01 0.0000000000000000e+00 1
2.0739714136748391e-01 -2.2478613452534338e-01 0.0000000000000000e+00 1
1.9750043469655759e-01 -2.2722178955918640e-01 0.0000000000000000e+00 1
2.1729844168877094e-01 -2.2234664493488313e-01 0.0000000000000000e+00 1
2.3889029284232016e-01 -2.4444986687941084e-01 0.0000000000000000e+00 1
2.0033538359134720e-01 -2.1744157854611318e-01 0.0000000000000000e+00 1
1.9045646404539510e-01 -2.1987319791405868e-01 0.0000000000000000e+00 1
1.9328167037525137e-01 -2.1011370479019656e-01 0.0000000000000000e+00 1
1.8342647899316292e-01 -2.1253900946771748e-01 0.0000000000000000e+00 1
1.8760990818796006e-01 -2.2964653503584295e-01 0.0000000000000000e+00 1
2.1589348092944971e-01 -2.5916872504493832e-01 0.0000000000000000e+00 1
2.0180579934146170e-01 -2.4439975647944440e-01 0.0000000000000000e+00 1
2.0322750427478503e-01 -2.0798320918759855e-01 0.0000000000000000e+00 1
1.8631898407147157e-01 -2.0310197109250061e-01 0.0000000000000000e+00 1
1.7641523581510204e-01 -2.0527845448016216e-01 0.0000000000000000e+00 1
1.7359811507570849e-01 -2.1494862553759933e-01 0.0000000000000000e+00 1
1.6660204457422362e-01 -2.0762962370190988e-01 0.0000000000000000e+00 1
1.6947362750627865e-01 -1.9822655323429661e-01 0.0000000000000000e+00 1
1.5966456162178441e-01 -2.0063830971020269e-01 0.0000000000000000e+00 1
2.8400958414065797e-01 -2.0854640142159259e-01 0.0000000000000000e+00 1
2.9606332855249923e-01 -3.5338846733533802e-01 0.0000000000000000e+00 1
1.3731379512356784e-01 -1.1990701082795087e-01 0.0000000000000000e+00 1
1.4018357152365285e-01 -4.0820252048009709e-01 0.0000000000000000e+00 1
1.1409757888538047e-01 -1.0781302345976537e-01 0.0000000000000000e+00 1
1.1726543392622130e-01 -9.8816143026415046e-02 0.0000000000000000e+00 1
-1.6752954337225590e-01 5.7766880182053421e-02 0.0000000000000000e+00 1
1.5014933805962555e-01 -8.1582093888691809e-02 0.0000000000000000e+00 1
-3.4946102499132475e-01 4.3996574421572243e-01 0.0000000000000000e+00 1
-4.8810410428964869e-02 -1.4514713902069620e-01 0.0000000000000000e+00 1
2.1879098688667824e-02 -1.8827228871451607e-01 0.0000000000000000e+00 1
3.1809238902619785e-01 -5.6982669300298529e-02 0.0000000000000000e+00 1
3.0776396433246195e-01 -5.8166857234430866e-02 0.0000000000000000e+00 1
3.0138005616134844e-01 -4.9413755102748286e-02 0.0000000000000000e+00 1
2.9765822229238942e-01 -5.9707283876621817e-02 0.0000000000000000e+00 1
2.9091530481189376e-01 -5.0876866826095754e-02 0.0000000000000000e+00 1
2.9506426409191922e-01 -4.0690348219175096e-02 0.0000000000000000e+00 1
2.8434761810229914e-01 -4.1786963409190268e-02 0.0000000000000000e+00 1
2.8000395819111357e-01 -5.1719197388250232e-02 0.0000000000000000e+00 1
2.7357246034454408e-01 -4.2846994716317165e-02 0.0000000000000000e+00 1
2.6920270792100492e-01 -5.2767218358382800e-02 0.0000000000000000e+00 1
2.6278779655441359e-01 -4.4000642956591375e-02 0.0000000000000000e+00 1
2.5848135290244889e-01 -5.3942477503220523e-02 0.0000000000000000e+00 1
2.5200013017734491e-01 -4.5200920113751882e-02 0.0000000000000000e+00 1
2.5639925176718692e-01 -3.5157677650790593e-02 0.0000000000000000e+00 1
2.4546387302563244e-01 -3.6375914028240482e-02 0.0000000000000000e+00 1
2.4118225593983778e-01 -4.6503941970366905e-02 0.0000000000000000e+00 1
2.4953613195738467e-01 -2.6480132543990259e-02 0.0000000000000000e+00 1
2.3876648664157535e-01 -2.7467771328935360e-02 0.0000000000000000e+00 1
2.4388087588824109e-01 -1.5828156808440460e-02 0.0000000000000000e+00 1
2.3220295215484590e-01 -1.8057642222513479e-02 0.0000000000000000e+00 1
2.3660370435111511e-01 -7.7299286571725166e-03 0.0000000000000000e+00 1
2.5935490840448522e-01 -2.5589639396162801e-02 0.0000000000000000e+00 1
2.2530433929294413e-01 -8.9643352399169027e-03 0.0000000000000000e+00 1
2.2994336094842030e-01 1.5682413244709204e-03 0.0000000000000000e+00 1
2.1811271767483534e-01 1.7196024098786963e-04 0.0000000000000000e+00 1
2.2306294945737293e-01 1.1029740586927482e-02 0.0000000000000000e+00 1
2.1105181654346233e-01 9.6231323675948430e-03 0.0000000000000000e+00 1
2.1610321019177364e-01 2.0671926217220794e-02 0.0000000000000000e+00 1
2.0426077697455614e-01 1.9416740674524206e-02 0.0000000000000000e+00 1
2.0911561843086296e-01 3.0474123633109491e-02 0.0000000000000000e+00 1
1.9704031051718490e-01 2.9188665224605538e-02 0.0000000000000000e+00 1
2.0243720514022656e-01 4.0719758079596713e-02 0.0000000000000000e+00 1
1.8981649150026320e-01 3.9148553321415584e-02 0.0000000000000000e+00 1
1.9529840470346516e-01 5.0829472245893167e-02 0.0000000000000000e+00 1
1.8243263346837080e-01 4.9199584015991046e-02 0.0000000000000000e+00 1
2.2748722015894823e-01 -2.8476072147958414e-02 0.0000000000000000e+00 1
2.4202968738088951e-01 2.8205569837265083e-03 0.0000000000000000e+00 1
1.8754236080874104e-01 6.0689029482031087e-02 0.0000000000000000e+00 1
1.7487464651697751e-01 5.9312176952884696e-02 0.0000000000000000e+00 1
1.7975093816772084e-01 7.0528570998262208e-02 0.0000000000000000e+00 1
1.6702122255590779e-01 6.9274412450538850e-02 0.0000000000000000e+00 1
2.2805092102425778e-01 2.1631927832308901e-02 0.0000000000000000e+00 1
1.9960566200496499e-01 8.7746029084102457e-03 0.0000000000000000e+00 1
1.6226044400510140e-01 5.7839549896013878e-02 0.0000000000000000e+00 1
1.5465985917021485e-01 6.8009776630554963e-02 0.0000000000000000e+00 1
1.5935286801404275e-01 7.9511464852776381e-02 0.0000000000000000e+00 1
1.4756864414114060e-01 7.8752742981858762e-02 0.0000000000000000e+00 1
1.5209553972019965e-01 9.0127448012541328e-02 0.0000000000000000e+00 1
1.3993766405450048e-01 8.9234001110194139e-02 0.0000000000000000e+00 1
1.4391374857912365e-01 1.0030032881663049e-01 0.0000000000000000e+00 1
1.3138322803595051e-01 9.9111570736114901e-02 0.0000000000000000e+00 1
1.3670844954527653e-01 1.1145091565304246e-01 0.0000000000000000e+00 1
1.2344612815682623e-01 1.0976359280842264e-01 0.0000000000000000e+00 1
1.1827296795237333e-01 9.7646767578235927e-02 0.0000000000000000e+00 1
1.2818738034390620e-01 1.2223187501497290e-01 0.0000000000000000e+00 1
1.1533901251507361e-01 1.2046655243480603e-01 0.0000000000000000e+00 1
1.4153518525016009e-01 6.7875636379349652e-02 0.0000000000000000e+00 1
2.7730307725896708e-01 -3.3059263014172273e-02 0.0000000000000000e+00 1
1.5743652470607306e-01 1.0214005270692708e-01 0.0000000000000000e+00 1
2.1425166305935037e-01 4.1650109021408976e-02 0.0000000000000000e+00 1
1.7766759140427085e-01 3.7918735223143527e-02 0.0000000000000000e+00 1
1.2028094571942721e-01 1.3247636206765406e-01 0.0000000000000000e+00 1
1.0733675502773779e-01 1.3106271857638421e-01 0.0000000000000000e+00 1
1.0243040188543501e-01 1.1905061665973288e-01 0.0000000000000000e+00 1
9.4183186907547373e-02 1.2945888312154247e-01 0.0000000000000000e+00 1
9.9380125445539438e-02 1.4177298305390545e-01 0.0000000000000000e+00 1
8.6070815192077071e-02 1.4012037133884192e-01 0.0000000000000000e+00 1
9.1278743051318334e-02 1.5247913361478377e-01 0.0000000000000000e+00 1
7.7900683167686488e-02 1.5081837401182693e-01 0.0000000000000000e+00 1
8.3145235933862499e-02 1.6325757453813150e-01 0.0000000000000000e+00 1
6.9677413169742575e-02 1.6158470813096668e-01 0.0000000000000000e+00 1
7.4642775370633865e-02 1.7387122926256288e-01 0.0000000000000000e+00 1
6.1346113743011785e-02 1.7238471460313468e-01 0.0000000000000000e+00 1
6.6339373589964723e-02 1.8475182347006416e-01 0.0000000000000000e+00 1
5.2991019661928325e-02 1.8328517564333824e-01 0.0000000000000000e+00 1
5.6300536674570259e-02 1.5987352896531534e-01 0.0000000000000000e+00 1
5.8411266359933892e-02 1.9599740712520713e-01 0.0000000000000000e+00 1
4.4705136266624527e-02 1.9424634440970923e-01 0.0000000000000000e+00 1
3.9386208800549376e-02 1.8206712443450851e-01 0.0000000000000000e+00 1
3.1080750307052159e-02 1.9255977996814710e-01 0.0000000000000000e+00 1
3.6318188092398777e-02 2.0515059085442588e-01 0.0000000000000000e+00 1
2.2715942198797891e-02 2.0326887100822827e-01 0.0000000000000000e+00 1
2.7691044037673425e-02 2.1586370156848658e-01 0.0000000000000000e+00 1
1.4202260456386154e-02 2.1415858240598235e-01 0.0000000000000000e+00 1
2.7556585198174904e-01 -6.1495361982780064e-02 0.0000000000000000e+00 1
2.5942875767336504e-02 1.8060968970411742e-01 0.0000000000000000e+00 1
1.8954069301175151e-02 2.2660576297660473e-01 0.0000000000000000e+00 1
5.5997431953656663e-03 2.2509244740609038e-01 0.0000000000000000e+00 1
1.0420165670414042e-02 2.3762212715320935e-01 0.0000000000000000e+00 1
-2.9938680719314029e-03 2.3610689133301982e-01 0.0000000000000000e+00 1
7.2334410155933376e-04 2.1224593308221151e-01 0.0000000000000000e+00 1
2.3689051734870682e-03 2.4884723295008110e-01 0.0000000000000000e+00 1
-1.1731449107040715e-02 2.4694446167787268e-01 0.0000000000000000e+00 1
-1.6868097306373939e-02 2.3504970896700339e-01 0.0000000000000000e+00 1
-2.5144353002449691e-02 2.4528011177470632e-01 0.0000000000000000e+00 1
-2.0341568383649228e-02 2.5795385025760043e-01 0.0000000000000000e+00 1
-3.3773499478040640e-02 2.5648186990066013e-01 0.0000000000000000e+00 1
-2.8701690244852095e-02 2.6915046822899269e-01 0.0000000000000000e+00 1
-4.2566821555371150e-02 2.6759422520693371e-01 0.0000000000000000e+00 1
2.0184378267928871e-01 6.2090864664639867e-02 0.0000000000000000e+00 1
2.1275360271473945e-01 -1.0066648773816559e-02 0.0000000000000000e+00 1
1.0667963017380085e-01 1.5566195104605360e-01 0.0000000000000000e+00 1
-3.0089284495659233e-02 2.3431401602383273e-01 0.0000000000000000e+00 1
7.1971650219834662e-02 1.3816517211438151e-01 0.0000000000000000e+00 1
8.7100707351720361e-02 1.7689879704678321e-01 0.0000000000000000e+00 1
1.3417871184421340e-01 1.3425337845029631e-01 0.0000000000000000e+00 1
-3.6101611788400649e-02 2.8248307876078510e-01 0.0000000000000000e+00 1
-5.1066853302160681e-02 2.7850356756282485e-01 0.0000000000000000e+00 1
-5.6126612542850986e-02 2.6595287629550612e-01 0.0000000000000000e+00 1
-2.0819430501690349e-02 2.8167279092905045e-01 0.0000000000000000e+00 1
7.2296097482518598e-02 1.9563638394480856e-01 0.0000000000000000e+00 1
8.8991802651277221e-02 1.1784215438765622e-01 0.0000000000000000e+00 1
1.0234142191302815e-01 -1.1925798234643947e-01 0.0000000000000000e+00 1
-3.3558940496899869e-01 4.6658168708455322e-01 0.0000000000000000e+00 1
-3.2811992739382989e-01 4.6159153382605012e-01 0.0000000000000000e+00 1
1.5854396724943383e-02 2.5020341074144681e-01 0.0000000000000000e+00 1
6.6155986881639248e-02 2.0986458678203135e-01 0.0000000000000000e+00 1
1.5602014293124350e-01 -2.3798939694309622e-02 0.0000000000000000e+00 1
3.2554594741896892e-01 -1.6330125600962983e-01 0.0000000000000000e+00 1
-1.7853745982807651e-01 2.3387961548303336e-02 0.0000000000000000e+00 1
-1.8486612641965164e-01 2.2419140311239774e-02 0.0000000000000000e+00 1
-1.8002781094857992e-01 1.7284453135802763e-02 0.0000000000000000e+00 1
-1.7520787244633823e-01 1.1770205175765210e-02 0.0000000000000000e+00 1
-3.5625286506306147e-01 4.6032914844790307e-01 0.0000000000000000e+00 1
-1.7870821411343912e-01 8.6418658732096157e-02 0.0000000000000000e+00 1
-1.7996398045076467e-01 7.7710115569891852e-02 0.0000000000000000e+00 1
-1.4742035721432803e-01 4.7813157307825649e-02 0.0000000000000000e+00 1
-1.4972158803835139e-01 4.0032321691340134e-02 0.0000000000000000e+00 1
-1.4413666559282876e-01 3.4101184213254462e-02 0.0000000000000000e+00 1
-1.5132446679114031e-01 3.2093952292392584e-02 0.0000000000000000e+00 1
-1.3615585618591552e-01 3.5723302289828486e-02 0.0000000000000000e+00 1
-1.3895488989089963e-01 2.7994566500101438e-02 0.0000000000000000e+00 1
-1.3029137603426347e-01 2.9706435729170495e-02 0.0000000000000000e+00 1
-1.3282020649986481e-01 2.2510086242295991e-02 0.0000000000000000e+00 1
1.9594891049748175e-01 -4.2389149237130108e-01 0.0000000000000000e+00 1
2.5189263889630709e-01 -3.7822281217126236e-01 0.0000000000000000e+00 1
2.1221215641754479e-01 -4.2032356020634676e-01 0.0000000000000000e+00 1
-6.1638454648984993e-02 -1.1339520442788825e-01 0.0000000000000000e+00 1
-6.7866404069790401e-02 -1.1515938869681894e-01 0.0000000000000000e+00 1
-6.9747282160262616e-02 -1.2182226498098234e-01 0.0000000000000000e+00 1
-7.4166383727465229e-02 -1.1701783070372992e-01 0.0000000000000000e+00 1
-7.2313891194774341e-02 -1.1044021586436228e-01 0.0000000000000000e+00 1
-7.6033675466189068e-02 -1.2400713011864431e-01 0.0000000000000000e+00 1
-6.4966000942900240e-02 -1.2663554194460958e-01 0.0000000000000000e+00 1
-6.5250655965404650e-02 -1.3293907757080581e-01 0.0000000000000000e+00 1
-1.9006309925645476e-01 2.7139353517465912e-02 0.0000000000000000e+00 1
-1.9449783535097381e-01 3.2644802042156487e-02 0.0000000000000000e+00 1
-1.9280242887355273e-01 3.8178812100215787e-02 0.0000000000000000e+00 1
1.6419213368603761e-01 -9.5488445139281716e-02 0.0000000000000000e+00 1
2.9500320509242373e-01 -3.2624899152768227e-01 0.0000000000000000e+00 1
5.6298289476956211e-04 5.5844512113777077e-03 0.0000000000000000e+00 1
-5.0060757123437716e-02 -1.3400790786140640e-01 0.0000000000000000e+00 1
-1.8204799667298760e-01 1.0611946586888870e-02 0.0000000000000000e+00 1
-2.9478060285102754e-02 -1.3006664544416896e-01 0.0000000000000000e+00 1
3.6704536579977479e-02 -1.9431591921028546e-01 0.0000000000000000e+00 1
-1.3065453485265699e-02 -1.9774913614211237e-01 0.0000000000000000e+00 1
-5.2008053460271281e-03 -2.0015494778144427e-01 0.0000000000000000e+00 1
-1.5835602172761062e-01 2.4184918609676575e-03 0.0000000000000000e+00 1
-1.6023309431967475e-01 -4.6542620208070628e-03 0.0000000000000000e+00 1
-1.5529179678293395e-01 -9.4012449393508380e-03 0.0000000000000000e+00 1
-1.6232378244563142e-01 -1.1524495589074316e-02 0.0000000000000000e+00 1
-1.5658132936815525e-01 -1.6825479706381152e-02 0.0000000000000000e+00 1
-1.6528763837565130e-01 5.2569031579632669e-04 0.0000000000000000e+00 1
-1.7020671118946809e-01 6.2706138406001238e-03 0.0000000000000000e+00 1
-1.6024076467275605e-01 -2.3977565745882085e-02 0.0000000000000000e+00 1
-1.5306138026732083e-01 -2.4196754600575392e-02 0.0000000000000000e+00 1
-1.5010840712144205e-01 -2.9941782066354110e-02 0.0000000000000000e+00 1
-1.4882198897424043e-01 -1.8268106245213668e-02 0.0000000000000000e+00 1
-1.7182878547413422e-01 -8.1109436706482065e-04 0.0000000000000000e+00 1
2.5105172124986308e-01 -4.3263531703964531e-01 0.0000000000000000e+00 1
-2.2466875163344538e-01 9.7474251670428405e-02 0.0000000000000000e+00 1
-1.5599884827859070e-01 3.4830458843882167e-01 0.0000000000000000e+00 1
-1.5902051998655692e-01 3.3571277297082780e-01 0.0000000000000000e+00 1
-9.5578901602795141e-02 4.9083548022741147e-02 0.0000000000000000e+00 1
-1.0377484231351874e-01 4.6158443941137391e-02 0.0000000000000000e+00 1
-1.1112443627279242e-01 5.3508706035168038e-02 0.0000000000000000e+00 1
-1.9652356512165375e-02 -1.9028131922780958e-01 0.0000000000000000e+00 1
1.6184888403752834e-01 -1.9171767056316852e-01 0.0000000000000000e+00 1
1.9572288436127319e-01 -1.6672903462323266e-01 0.0000000000000000e+00 1
2.0587339733855436e-01 -1.6433308784194456e-01 0.0000000000000000e+00 1
9.6863713786686137e-02 -2.3393035029708767e-01 0.0000000000000000e+00 1
1.1981866586823030e-02 1.3365982665681880e-01 0.0000000000000000e+00 1
2.9857711880002052e-02 1.1595719441479682e-01 0.0000000000000000e+00 1
2.6391118596657163e-02 1.0515498668865364e-01 0.0000000000000000e+00 1
4.7429336801802925e-02 9.8333684838108615e-02 0.0000000000000000e+00 1
4.4145197608813996e-02 8.6297368834661561e-02 0.0000000000000000e+00 1
5.3994346048337249e-02 7.7117723453783746e-02 0.0000000000000000e+00 1
6.4923033976907657e-02 8.0745178118522803e-02 0.0000000000000000e+00 1
7.3523571006523958e-02 7.2107381476853416e-02 0.0000000000000000e+00 1
7.1338685203753777e-02 6.0309879137030328e-02 0.0000000000000000e+00 1
3.3740841252207937e-01 -1.1595148632481653e-01 0.0000000000000000e+00 1
-8.2550713757950173e-02 3.5203361955721948e-02 0.0000000000000000e+00 1
-9.1005838657847060e-02 3.2925083372598078e-02 0.0000000000000000e+00 1
-5.7098696133685992e-03 1.5143375332719045e-01 0.0000000000000000e+00 1
9.0773656047697077e-02 5.4822672091559117e-02 0.0000000000000000e+00 1
1.0743800697642304e-01 3.7976141326873561e-02 0.0000000000000000e+00 1
1.0405921236000272e-01 2.7313097546265042e-02 0.0000000000000000e+00 1
1.1241562493007469e-01 1.9191787416295313e-02 0.0000000000000000e+00 1
1.2444433430375934e-01 2.1273124416880930e-02 0.0000000000000000e+00 1
3.2104951938481285e-01 -1.4594581721652547e-01 0.0000000000000000e+00 1
2.3423307603364121e-01 -4.4357619300704165e-01 0.0000000000000000e+00 1
3.1402076542216290e-03 -1.6802385571501249e-01 0.0000000000000000e+00 1
2.7296878464610905e-02 -8.7083828906477742e-02 0.0000000000000000e+00 1
-3.3704521970735934e-01 4.2603603510292065e-01 0.0000000000000000e+00 1
-3.3949536753032850e-01 4.1656580483725902e-01 0.0000000000000000e+00 1
-3.4709792956233126e-01 4.2272496657050612e-01 0.0000000000000000e+00 1
-3.3319764271952423e-01 4.0781762662273247e-01 0.0000000000000000e+00 1
-3.4310232936228979e-01 4.0706922204623242e-01 0.0000000000000000e+00 1
1.3293116076094380e-01 1.2839497699461175e-02 0.0000000000000000e+00 1
1.2994172691816230e-01 1.4732222979034846e-03 0.0000000000000000e+00 1
1.3941972917263992e-01 -7.7945117285887350e-03 0.0000000000000000e+00 1
-6.9824264100290689e-02 2.1874015333640754e-02 0.0000000000000000e+00 1
4.2983734652725057e-02 -2.2561184758422077e-02 0.0000000000000000e+00 1
3.3687356327074293e-02 -2.4676982148011346e-02 0.0000000000000000e+00 1
2.6111163774609359e-02 -1.7229661084160196e-02 0.0000000000000000e+00 1
4.0674616788042267e-02 -3.1855941812889435e-02 0.0000000000000000e+00 1
4.7637312459387834e-02 -3.8618240523501261e-02 0.0000000000000000e+00 1
5.6745607075969595e-02 -3.6659173076796239e-02 0.0000000000000000e+00 1
5.3909311806246703e-02 -4.5903990620563911e-02 0.0000000000000000e+00 1
4.3462304106047636e-02 -4.7696718822186332e-02 0.0000000000000000e+00 1
5.1030534664998989e-02 -5.5107530934362381e-02 0.0000000000000000e+00 1
4.1886331854333887e-02 -5.7393062551897397e-02 0.0000000000000000e+00 1
4.8459525966892049e-02 -6.4090270591191573e-02 0.0000000000000000e+00 1
3.9526108456658701e-02 -6.6241007663854601e-02 0.0000000000000000e+00 1
4.5562252795292385e-02 -7.2855447036674514e-02 0.0000000000000000e+00 1
3.6642388043713725e-02 -7.4941404988925042e-02 0.0000000000000000e+00 1
6.3533528628930691e-02 -4.3712453180393886e-02 0.0000000000000000e+00 1
-3.0351154413157312e-02 -1.7667074298567337e-01 0.0000000000000000e+00 1
1.4986837287998453e-01 -4.4431802103672650e-03 0.0000000000000000e+00 1
-4.2045638479701782e-02 1.8816385676942665e-01 0.0000000000000000e+00 1
-4.5874920653912028e-02 1.7725239958299469e-01 0.0000000000000000e+00 1
-5.7259514779925864e-02 8.3446026661080849e-03 0.0000000000000000e+00 1
-6.0185093830377456e-02 1.9097283271998257e-04 0.0000000000000000e+00 1
-5.3500051625393570e-02 -7.3478170564784950e-03 0.0000000000000000e+00 1
-4.4171193153078381e-02 -5.2268742449604593e-03 0.0000000000000000e+00 1
-3.1371261772726547e-02 -1.8636222683061057e-02 0.0000000000000000e+00 1
-4.0771150976626432e-02 -2.0772594523623192e-02 0.0000000000000000e+00 1
-1.4137299973622664e-02 3.5691870090326108e-02 0.0000000000000000e+00 1
-2.3977032334080235e-02 3.3211403894377586e-02 0.0000000000000000e+00 1
-3.1125801368323245e-02 4.0323751555474616e-02 0.0000000000000000e+00 1
-3.3535602418591139e-02 3.0807655682885824e-02 0.0000000000000000e+00 1
-1.6858107682038527e-02 2.5997282499156463e-02 0.0000000000000000e+00 1
-9.8426859734810010e-03 1.8982688362637352e-02 0.0000000000000000e+00 1
-1.9897881784156413e-02 1.6649532744658462e-02 0.0000000000000000e+00 1
-2.8630379994289884e-02 5.0354685166509240e-02 0.0000000000000000e+00 1
-3.8678221325575204e-02 4.7910919258147028e-02 0.0000000000000000e+00 1
-4.5678597515708130e-02 5.5150597508837607e-02 0.0000000000000000e+00 1
-4.7432684929028399e-02 4.5279779119449838e-02 0.0000000000000000e+00 1
-6.0148791138593033e-05 2.1469100331494829e-02 0.0000000000000000e+00 1
-1.1213500436183303e-01 1.0803303260180893e-02 0.0000000000000000e+00 1
3.6542810305642520e-02 3.8396179821149568e-02 0.0000000000000000e+00 1
2.5024296929470558e-01 -3.5344039025324642e-01 0.0000000000000000e+00 1
-2.6706501089985488e-02 2.3678354297383637e-02 0.0000000000000000e+00 1
1.3950469576503751e-02 6.1898561807871046e-03 0.0000000000000000e+00 1
-5.2573085991878321e-02 1.2771973822084598e-01 0.0000000000000000e+00 1
3.2622526429028920e-01 -1.0318413273912569e-01 0.0000000000000000e+00 1
3.3473572935733020e-01 -1.0167086445392788e-01 0.0000000000000000e+00 1
5.1366807361328135e-02 -1.7371451189654624e-01 0.0000000000000000e+00 1
1.5087369950947074e-01 -1.3379702750994005e-01 0.0000000000000000e+00 1
-6.2170208445069569e-02 2.0632931470030239e-01 0.0000000000000000e+00 1
-5.1889411315940312e-02 -4.9289219397076540e-02 0.0000000000000000e+00 1
-5.9901467287954160e-02 -5.1309406172105040e-02 0.0000000000000000e+00 1
-6.5673127351668747e-02 -4.5472801889838765e-02 0.0000000000000000e+00 1
-6.7658350663421518e-02 -5.3178781981868387e-02 0.0000000000000000e+00 1
-7.3341135249616066e-02 -4.7443487289681334e-02 0.0000000000000000e+00 1
-6.1798457293439246e-02 -5.9212029542671227e-02 0.0000000000000000e+00 1
-6.9012587209580173e-02 -6.1314814440519255e-02 0.0000000000000000e+00 1
-7.1589077146089364e-02 -3.9233989063951265e-02 0.0000000000000000e+00 1
-7.9324605274827015e-02 -4.1454356606965517e-02 0.0000000000000000e+00 1
-8.0425034303320667e-02 -4.9911611180490457e-02 0.0000000000000000e+00 1
-8.6880787955017108e-02 -4.4082483913559012e-02 0.0000000000000000e+00 1
-8.5247664671143197e-02 -3.5610554009256168e-02 0.0000000000000000e+00 1
-5.4019979208816904e-02 -5.7230886358437823e-02 0.0000000000000000e+00 1
-4.8370610045636538e-02 -6.3118460795970721e-02 0.0000000000000000e+00 1
-5.6032490525206965e-02 -6.5073775340669535e-02 0.0000000000000000e+00 1
-5.0579708716598115e-02 -7.0756649272969332e-02 0.0000000000000000e+00 1
-4.2852348356317030e-02 -6.8943338274225829e-02 0.0000000000000000e+00 1
-4.5081403129276554e-02 -7.6489003668199718e-02 0.0000000000000000e+00 1
-5.8079044771094920e-02 -7.2689788735120414e-02 0.0000000000000000e+00 1
-3.7181839541111872e-02 -7.4734216293979111e-02 0.0000000000000000e+00 1
-3.9568422020483336e-02 -8.2258221129263343e-02 0.0000000000000000e+00 1
-3.2011341224941814e-02 -8.0436940322609021e-02 0.0000000000000000e+00 1
-3.4131977508600614e-02 -8.7849166872419296e-02 0.0000000000000000e+00 1
-2.6641725039451152e-02 -8.6114806528765922e-02 0.0000000000000000e+00 1
-2.8748454400173311e-02 -9.3474728345809277e-02 0.0000000000000000e+00 1
-4.2023908248872345e-02 -8.9282383231735318e-02 0.0000000000000000e+00 1
-2.1298942215516977e-02 -9.1760499172901425e-02 0.0000000000000000e+00 1
-2.3987417434856363e-02 -9.8905572374681006e-02 0.0000000000000000e+00 1
-3.1665955656225486e-02 -1.0031455214483460e-01 0.0000000000000000e+00 1
-1.6052083445969759e-02 -9.8172629105172021e-02 0.0000000000000000e+00 1
-7.9876504374953444e-03 -9.9146372133656763e-02 0.0000000000000000e+00 1
-1.2685834887239358e-02 -1.0469151834055854e-01 0.0000000000000000e+00 1
-1.6745340252932010e-02 -8.4926953720174406e-02 0.0000000000000000e+00 1
-4.7438481262959242e-02 -8.3674674785196607e-02 0.0000000000000000e+00 1
-2.2647702749995731e-02 -7.8976351115206511e-02 0.0000000000000000e+00 1
-1.1840580453185778e-01 -4.7903516916271413e-02 0.0000000000000000e+00 1
-1.2046671225551955e-01 -5.4936331131696006e-02 0.0000000000000000e+00 1
-1.1525389050837170e-01 -6.0332192836260352e-02 0.0000000000000000e+00 1
-1.2555994996940803e-01 -4.9629227086025608e-02 0.0000000000000000e+00 1
-1.3080866271813324e-01 -4.4632352032245186e-02 0.0000000000000000e+00 1
-1.2900749993008734e-01 -3.7453088544371196e-02 0.0000000000000000e+00 1
-1.3615624295098269e-01 -3.9668890214303927e-02 0.0000000000000000e+00 1
-1.3425709818607739e-01 -3.2093200013534121e-02 0.0000000000000000e+00 1
-1.4058734603998690e-01 -3.3976166793168235e-02 0.0000000000000000e+00 1
-1.4423193406830973e-02 -1.4724286971330636e-01 0.0000000000000000e+00 1
5.4317101987779032e-02 2.4848234566918769e-02 0.0000000000000000e+00 1
8.0339012210311450e-02 1.2773421244811931e-01 0.0000000000000000e+00 1
1.7839706191333687e-01 -3.8988806084336836e-01 0.0000000000000000e+00 1
1.8724822875670427e-01 -3.8769622162164508e-01 0.0000000000000000e+00 1
1.8987629633339492e-01 -3.7928818291036709e-01 0.0000000000000000e+00 1
1.9550016590793198e-01 -3.8558552951316483e-01 0.0000000000000000e+00 1
1.9298888579609244e-01 -3.9468531953946939e-01 0.0000000000000000e+00 1
1.7604599991725919e-01 -3.9877067316769232e-01 0.0000000000000000e+00 1
1.9858359147035504e-01 -3.7718904647183565e-01 0.0000000000000000e+00 1
1.9248253919980030e-01 -3.7051417815469462e-01 0.0000000000000000e+00 1
2.0780476358706973e-01 -3.7499126078547795e-01 0.0000000000000000e+00 1
1.9525828922010224e-01 -3.6144056780361722e-01 0.0000000000000000e+00 1
-3.6323095248072977e-03 -2.1478448794281904e-01 0.0000000000000000e+00 1
-6.5605035613792384e-02 -1.0123725588164534e-01 0.0000000000000000e+00 1
-7.2730728650334586e-02 -1.0381949589193118e-01 0.0000000000000000e+00 1
-7.7781020841257639e-02 -9.7883222163378983e-02 0.0000000000000000e+00 1
-8.0165057845866972e-02 -1.0427059429734939e-01 0.0000000000000000e+00 1
-8.4434519622737583e-02 -9.9370814234647470e-02 0.0000000000000000e+00 1
-8.2749678371556362e-02 -9.2797831126182034e-02 0.0000000000000000e+00 1
-8.9474446023198456e-02 -9.4689829666480124e-02 0.0000000000000000e+00 1
-8.6767217676094313e-02 -1.0506972415919852e-01 0.0000000000000000e+00 1
-8.7379715503416583e-02 -8.7901124602072334e-02 0.0000000000000000e+00 1
-9.4163423990800632e-02 -8.9163369611156132e-02 0.0000000000000000e+00 1
9.9909764106151530e-02 -1.2863043206288174e-01 0.0000000000000000e+00 1
9.7157647061396749e-02 -1.3774060213248374e-01 0.0000000000000000e+00 1
1.0378676134960110e-01 -1.4482601837130737e-01 0.0000000000000000e+00 1
9.4407816572983458e-02 -1.4688293806592684e-01 0.0000000000000000e+00 1
1.1169159666266587e-01 -1.1714933710040255e-01 0.0000000000000000e+00 1
-1.7289302262999601e-02 1.4787613253980625e-01 0.0000000000000000e+00 1
-1.5254637048150912e-01 3.6072996675154645e-01 0.0000000000000000e+00 1
-1.4016413107022982e-01 3.6506680699462596e-01 0.0000000000000000e+00 1
6.9547565085011309e-02 9.9282974335283027e-03 0.0000000000000000e+00 1
-8.0069805475722108e-02 2.2523260812036558e-01 0.0000000000000000e+00 1
-9.2765639179725884e-02 2.2197753842896614e-01 0.0000000000000000e+00 1
-8.4752508083721895e-02 2.1280175070756019e-01 0.0000000000000000e+00 1
3.0787300913143140e-01 -1.3179737934508917e-01 0.0000000000000000e+00 1
-9.9443729998304531e-02 -7.1211275169629168e-04 0.0000000000000000e+00 1
-9.3748860987247620e-02 -6.8883340041277618e-03 0.0000000000000000e+00 1
-9.5847865106765129e-02 -1.4951196679923617e-02 0.0000000000000000e+00 1
-9.0060402408553203e-02 -2.0898127992938137e-02 0.0000000000000000e+00 1
-9.7872650081520213e-02 -2.2627592149792979e-02 0.0000000000000000e+00 1
-1.0330704181866260e-01 -1.6968154727224717e-02 0.0000000000000000e+00 1
-9.1668252848114001e-02 -2.8662679040918286e-02 0.0000000000000000e+00 1
-8.3817651224561862e-02 -2.6730943368930934e-02 0.0000000000000000e+00 1
6.7740979743509072e-05 -1.0191262275146702e-01 0.0000000000000000e+00 1
6.3982975479770443e-02 1.4899660174181736e-01 0.0000000000000000e+00 1
5.0757564554187992e-02 1.4840672713220404e-01 0.0000000000000000e+00 1
2.2798983704675069e-01 -4.1603609832127908e-01 0.0000000000000000e+00 1
2.3592553241267472e-01 -4.1407437294641103e-01 0.0000000000000000e+00 1
-5.2343752147865491e-02 -1.3997913452566624e-01 0.0000000000000000e+00 1
4.7870210611815636e-02 1.7121260236190500e-01 0.0000000000000000e+00 1
1.1056303584717431e-01 1.0846308716651124e-01 0.0000000000000000e+00 1
1.0522144091527885e-01 9.7432630843506021e-02 0.0000000000000000e+00 1
1.1226947398970391e-01 8.6754600156395120e-02 0.0000000000000000e+00 1
1.2677408600382301e-01 8.5767708555416336e-02 0.0000000000000000e+00 1
1.2925113429153398e-01 7.2215423460267547e-02 0.0000000000000000e+00 1
1.3082305859573767e-01 6.1263176467543382e-02 0.0000000000000000e+00 1
-1.0863575170951907e-01 6.2736819940048094e-02 0.0000000000000000e+00 1
-1.1528632456824109e-01 6.9813632807063375e-02 0.0000000000000000e+00 1
2.9220036215322050e-02 -7.6593018329139048e-03 0.0000000000000000e+00 1
-2.2921257861438277e-01 1.0734103076482389e-01 0.0000000000000000e+00 1
-1.0793174215317450e-01 -5.8663026333751742e-02 0.0000000000000000e+00 1
-1.1011574856156364e-01 -6.5780795595443697e-02 0.0000000000000000e+00 1
-1.0504702601744195e-01 -7.1177169644072696e-02 0.0000000000000000e+00 1
-1.1243543285122194e-01 -7.2848517391606721e-02 0.0000000000000000e+00 1
-9.7779268619798590e-02 -6.9554997646217379e-02 0.0000000000000000e+00 1
-1.0073793430018826e-01 -7.8037787460391334e-02 0.0000000000000000e+00 1
-9.2209887498055171e-02 -7.6411424317100532e-02 0.0000000000000000e+00 1
-1.1745553898200847e-01 -6.7340009966965583e-02 0.0000000000000000e+00 1
-9.5729871447623016e-02 -8.2786679025477788e-02 0.0000000000000000e+00 1
-1.0059015381689523e-01 -8.6211001393721926e-02 0.0000000000000000e+00 1
-1.0038141567280030e-01 -9.3740892905188430e-02 0.0000000000000000e+00 1
4.2296760825358361e-02 -1.7560911462414958e-01 0.0000000000000000e+00 1
2.3577701794363489e-03 -4.3819964240263132e-02 0.0000000000000000e+00 1
-6.0742794004251264e-03 -4.5616291807955157e-02 0.0000000000000000e+00 1
5.0398314055716221e-05 -5.2002429836373348e-02 0.0000000000000000e+00 1
-1.2223310753624827e-02 -3.8884386108810315e-02 0.0000000000000000e+00 1
8.5190811200361594e-03 -5.0460066440945528e-02 0.0000000000000000e+00 1
-1.0030983738571773e-02 -3.0333306351184794e-02 0.0000000000000000e+00 1
3.1570183808756458e-01 -1.6532097941160540e-01 0.0000000000000000e+00 1
5.5307451779613812e-02 -7.0989272846185142e-02 0.0000000000000000e+00 1
5.2676843977003528e-02 -7.9837492213834182e-02 0.0000000000000000e+00 1
-1.0161815600107161e-02 2.2298176697266697e-01 0.0000000000000000e+00 1
-3.0664031842087902e-01 3.7466081403380747e-01 0.0000000000000000e+00 1
-3.1070596709870951e-01 3.9408862694952418e-01 0.0000000000000000e+00 1
-5.8166446700246129e-02 8.0085840507567355e-02 0.0000000000000000e+00 1
-6.8092609650210606e-02 7.7617374192919641e-02 0.0000000000000000e+00 1
-7.4988326033631175e-02 8.5862961625932571e-02 0.0000000000000000e+00 1
-6.0492481071911554e-02 7.0391370984908636e-02 0.0000000000000000e+00 1
-5.3060000251135608e-02 6.2920839137617326e-02 0.0000000000000000e+00 1
-6.3259153188519615e-02 6.0252981953850163e-02 0.0000000000000000e+00 1
-4.3209722922992619e-02 6.5252288829554750e-02 0.0000000000000000e+00 1
-7.2622705605009316e-02 9.5548530520063651e-02 0.0000000000000000e+00 1
1.3210045077507566e-02 6.3101204728275379e-02 0.0000000000000000e+00 1
2.0923016632411799e-02 5.5405881256920454e-02 0.0000000000000000e+00 1
3.2922845029611170e-01 -1.5314403855652028e-01 0.0000000000000000e+00 1
-1.0999942942680226e-02 8.6444002761052532e-02 0.0000000000000000e+00 1
-2.9110459865961461e-03 7.7858216042131237e-02 0.0000000000000000e+00 1
-3.4557857752539931e-02 -6.7069390156797165e-02 0.0000000000000000e+00 1
3.4260926153686568e-02 -1.4485404447883149e-01 0.0000000000000000e+00 1
2.6078335604784791e-01 -3.7653297250826712e-01 0.0000000000000000e+00 1
2.4856986335513948e-01 -3.8685524231835694e-01 0.0000000000000000e+00 1
-1.0128028000909847e-01 -8.9197971467731285e-03 0.0000000000000000e+00 1
-2.6896124008111882e-01 3.5239569017452244e-01 0.0000000000000000e+00 1
1.4040674060560415e-01 -1.1077572925200442e-01 0.0000000000000000e+00 1
1.4413311458837014e-01 -1.2683379460237604e-01 0.0000000000000000e+00 1
1.8871251117447019e-02 -9.0851170630668013e-02 0.0000000000000000e+00 1
-1.6850609994829135e-01 1.3117847032738550e-02 0.0000000000000000e+00 1
-1.6421162313715310e-02 -1.8122641780299034e-01 0.0000000000000000e+00 1
3.4002696163378143e-01 -1.0755587992612828e-01 0.0000000000000000e+00 1
-7.7743529413264567e-02 -3.2755532760606249e-02 0.0000000000000000e+00 1
2.0484257312016219e-01 -3.8436306536118892e-01 0.0000000000000000e+00 1
-2.8837894473840811e-03 -1.6144787544840816e-01 0.0000000000000000e+00 1
2.9175185505796913e-01 -3.3579348141476745e-01 0.0000000000000000e+00 1
-4.3922125053478617e-02 -1.5047527166153507e-01 0.0000000000000000e+00 1
-4.6317087363341017e-02 -1.5743940015272609e-01 0.0000000000000000e+00 1
8.5094378176465105e-02 -5.5348397644243846e-03 0.0000000000000000e+00 1
7.4795717574885318e-02 -7.1121480363700766e-03 0.0000000000000000e+00 1
9.2882208663294566e-02 -1.2905897667624651e-02 0.0000000000000000e+00 1
8.9615531356199513e-02 -2.1716939843901942e-02 0.0000000000000000e+00 1
6.9357668848759504e-02 -2.0403575563025730e-01 0.0000000000000000e+00 1
7.2070961629827610e-02 -1.9448808265222650e-01 0.0000000000000000e+00 1
3.1536663543979965e-01 -9.3461544585628289e-02 0.0000000000000000e+00 1
1.4802986138423121e-01 -1.4312053282092779e-01 0.0000000000000000e+00 1
5.2226485407060916e-02 -1.4026672617456565e-01 0.0000000000000000e+00 1
6.1055900695084056e-02 -1.3598643796280516e-01 0.0000000000000000e+00 1
1.0792007518565774e-01 -2.8273480710432085e-02 0.0000000000000000e+00 1
2.6439176056009339e-01 -6.2442055037774093e-02 0.0000000000000000e+00 1
2.5398841681506834e-01 -6.3724160455153805e-02 0.0000000000000000e+00 1
2.4772056495215761e-01 -5.5195933515702414e-02 0.0000000000000000e+00 1
2.3696113201853006e-01 -5.6453003356316929e-02 0.0000000000000000e+00 1
2.3042145763156499e-01 -4.7875157416731540e-02 0.0000000000000000e+00 1
2.2631167706482461e-01 -5.7793874816788715e-02 0.0000000000000000e+00 1
2.1976825106758358e-01 -4.9267175037477469e-02 0.0000000000000000e+00 1
2.1570933423048094e-01 -5.9161133848145454e-02 0.0000000000000000e+00 1
2.2216719778303962e-01 -6.7595386739001548e-02 0.0000000000000000e+00 1
2.1167417269795208e-01 -6.8953532248915914e-02 0.0000000000000000e+00 1
2.1803863730159995e-01 -7.7261587506158635e-02 0.0000000000000000e+00 1
2.0766388495551841e-01 -7.8240253411171523e-02 0.0000000000000000e+00 1
2.0134651259928443e-01 -7.0395628991272649e-02 0.0000000000000000e+00 1
1.9740405702407759e-01 -7.9508256658584797e-02 0.0000000000000000e+00 1
2.2848307893731118e-01 -7.6243726940000922e-02 0.0000000000000000e+00 1
2.2349118961212633e-01 -8.5540475579879052e-02 0.0000000000000000e+00 1
2.3931034644673768e-01 -7.5239084797564165e-02 0.0000000000000000e+00 1
2.0895602650489853e-01 -5.0603766339965252e-02 0.0000000000000000e+00 1
2.1287708634963892e-01 -4.0525370627627982e-02 0.0000000000000000e+00 1
1.9066253165700303e-01 -7.1847504734185080e-02 0.0000000000000000e+00 1
1.8688636214525928e-01 -8.1302654243503331e-02 0.0000000000000000e+00 1
1.9276807679352365e-01 -8.8919935170379119e-02 0.0000000000000000e+00 1
1.9432976436015784e-01 -6.2135106521647679e-02 0.0000000000000000e+00 1
2.4361392043444591e-01 -6.5143388312335765e-02 0.0000000000000000e+00 1
2.4979914082989596e-01 -7.3588984487115566e-02 0.0000000000000000e+00 1
2.1294682133958176e-01 -8.6037846818101532e-02 0.0000000000000000e+00 1
1.7015844342376510e-01 4.7971844276193970e-02 0.0000000000000000e+00 1
1.5679824681091037e-01 4.7246291421348049e-02 0.0000000000000000e+00 1
1.4946934788481761e-01 5.7328209355696616e-02 0.0000000000000000e+00 1
2.9469821205850844e-01 -7.0151528682354636e-02 0.0000000000000000e+00 1
2.8622049766576035e-01 -6.2558589458599961e-02 0.0000000000000000e+00 1
-2.8970591702165677e-01 3.5794814226726263e-01 0.0000000000000000e+00 1
2.7614163287185489e-01 -4.0531775141934162e-01 0.0000000000000000e+00 1
2.7310658605674326e-01 -4.1367122148870156e-01 0.0000000000000000e+00 1
2.8541468590445551e-01 -4.0399680124285881e-01 0.0000000000000000e+00 1
1.1946495290343707e-01 1.6275654011712909e-01 0.0000000000000000e+00 1
2.2800317941552162e-01 5.3347995857613267e-02 0.0000000000000000e+00 1
9.0962435813102972e-03 2.0141549689306232e-01 0.0000000000000000e+00 1
-3.9920620248536549e-03 1.9900020707153648e-01 0.0000000000000000e+00 1
-1.3931165316227007e-01 -5.2332527307509591e-02 0.0000000000000000e+00 1
-9.8910640374147596e-02 2.4425470067715593e-01 0.0000000000000000e+00 1
3.1721940015238503e-01 -1.2943092826760494e-01 0.0000000000000000e+00 1
1.2391079347141473e-01 -1.0590838754036598e-01 0.0000000000000000e+00 1
2.6230181076544118e-01 -3.4195670300907932e-01 0.0000000000000000e+00 1
-1.0349117199177696e-01 1.2624271718344912e-01 0.0000000000000000e+00 1
2.0825162376766271e-01 7.3303939409922719e-02 0.0000000000000000e+00 1
2.4472774768828931e-01 3.4260891078751569e-02 0.0000000000000000e+00 1
2.0128657199168748e-01 -4.1848691714048737e-02 0.0000000000000000e+00 1
2.1537131527585496e-01 -2.9239127755101811e-02 0.0000000000000000e+00 1
2.0760360950690873e-01 -2.0004440782735576e-02 0.0000000000000000e+00 1
2.0564393977487480e-01 -1.3565303771725489e-03 0.0000000000000000e+00 1
-1.3717706873043797e-02 9.7957230607184573e-03 0.0000000000000000e+00 1
1.8996515517429860e-01 9.3187495676600202e-02 0.0000000000000000e+00 1
1.7666441711111686e-01 9.1803015896136528e-02 0.0000000000000000e+00 1
-2.4062161268094534e-01 1.6819883781559453e-01 0.0000000000000000e+00 1
6.0871011641389375e-02 -5.2957627894251361e-02 0.0000000000000000e+00 1
-6.4876621712040616e-02 2.7612187531499538e-01 0.0000000000000000e+00 1
-6.0209766370614023e-02 2.8875442122375211e-01 0.0000000000000000e+00 1
-7.3711825550265869e-02 2.8646802269056942e-01 0.0000000000000000e+00 1
-6.8842736715033964e-02 2.9955888659360158e-01 0.0000000000000000e+00 1
-8.2395008599685682e-02 2.9725842621397341e-01 0.0000000000000000e+00 1
-7.7145322450673154e-02 3.1071188577627806e-01 0.0000000000000000e+00 1
-9.1487905363195454e-02 3.0773101540262504e-01 0.0000000000000000e+00 1
-1.0483393801757597e-01 3.0432153508600052e-01 0.0000000000000000e+00 1
-1.0170655319182270e-01 3.1919618356773027e-01 0.0000000000000000e+00 1
-1.8661622915348786e-01 4.0125110415226220e-02 0.0000000000000000e+00 1
4.4350381992070226e-02 2.3180265245571410e-01 0.0000000000000000e+00 1
1.8530394915877363e-01 2.8200591584903907e-02 0.0000000000000000e+00 1
1.7297538068665369e-01 2.5948596581451322e-02 0.0000000000000000e+00 1
1.9271630703995296e-01 1.8509824470804074e-02 0.0000000000000000e+00 1
1.8789517458952143e-01 7.6334714490970054e-03 0.0000000000000000e+00 1
-8.7594606295946287e-02 1.1087337004647738e-01 0.0000000000000000e+00 1
-1.1772723370307274e-01 2.6327185482482390e-01 0.0000000000000000e+00 1
1.4827678218823637e-01 -5.4555508652067625e-02 0.0000000000000000e+00 1
1.3842179878146507e-01 -5.8206546322711855e-02 0.0000000000000000e+00 1
1.0765988023751932e-01 -7.6526016002339381e-02 0.0000000000000000e+00 1
9.8292228850480001e-02 -7.8858353180269222e-02 0.0000000000000000e+00 1
9.1643691906510852e-02 -7.1980335999759879e-02 0.0000000000000000e+00 1
8.9026943790002408e-02 -8.1162143311899054e-02 0.0000000000000000e+00 1
1.0479859581109625e-01 -8.5519556401373223e-02 0.0000000000000000e+00 1
-2.3874592469623893e-01 1.2958338748471618e-01 0.0000000000000000e+00 1
-1.2988547581231719e-01 -6.3114453876460599e-02 0.0000000000000000e+00 1
1.1358957354718199e-02 -2.1896881379590452e-01 0.0000000000000000e+00 1
2.3453242818096323e-01 -3.7676942083969225e-02 0.0000000000000000e+00 1
2.7583255044142696e-01 -1.4784419784907310e-01 0.0000000000000000e+00 1
3.0669487011717456e-01 -1.0520969903974628e-01 0.0000000000000000e+00 1
-2.5065933879860408e-01 3.7940662301910755e-01 0.0000000000000000e+00 1
-2.4787541250057035e-01 3.9117171779910243e-01 0.0000000000000000e+00 1
-2.5661238727949287e-01 3.9928520597055928e-01 0.0000000000000000e+00 1
-2.4520424567186810e-01 4.0273020526759296e-01 0.0000000000000000e+00 1
-2.5379982474451773e-01 4.1074274771330099e-01 0.0000000000000000e+00 1
-2.4268208551147202e-01 4.1399665372040551e-01 0.0000000000000000e+00 1
-2.3388861164996844e-01 4.0618074799621640e-01 0.0000000000000000e+00 1
-2.5126864285453915e-01 4.2192595084350415e-01 0.0000000000000000e+00 1
-2.6212459377976455e-01 4.1888428844261094e-01 0.0000000000000000e+00 1
-2.6007300087150176e-01 4.2916895077668349e-01 0.0000000000000000e+00 1
-2.7042357973598313e-01 4.2654645589950546e-01 0.0000000000000000e+00 1
-2.7299946780367473e-01 4.1574335661316086e-01 0.0000000000000000e+00 1
-2.8107222026204193e-01 4.2341570901112746e-01 0.0000000000000000e+00 1
-2.7842359328720578e-01 4.3418189890337167e-01 0.0000000000000000e+00 1
-2.8889337849465180e-01 4.3103068272173872e-01 0.0000000000000000e+00 1
-2.8659475107378568e-01 4.4116041989008692e-01 0.0000000000000000e+00 1
-2.9679445775640262e-01 4.3837041359760998e-01 0.0000000000000000e+00 1
-2.9435062102309828e-01 4.4821754113156131e-01 0.0000000000000000e+00 1
-3.0417271319828254e-01 4.4560683368814030e-01 0.0000000000000000e+00 1
-3.0271586403395656e-01 4.5651138753529574e-01 0.0000000000000000e+00 1
-3.1007570794330519e-01 4.5123571654680372e-01 0.0000000000000000e+00 1
-3.1343775856210676e-01 4.4442915253480325e-01 0.0000000000000000e+00 1
-3.0003631519744051e-01 4.2750663472517308e-01 0.0000000000000000e+00 1
-2.3221838968322556e-01 4.1796206638688205e-01 0.0000000000000000e+00 1
-2.2265909992876123e-01 4.1072500391326838e-01 0.0000000000000000e+00 1
-2.8406704469979249e-01 4.1233168089585004e-01 0.0000000000000000e+00 1
-2.7813909605341780e-01 4.4490666363276660e-01 0.0000000000000000e+00 1
-2.1148701352198040e-01 4.1765333971915142e-01 0.0000000000000000e+00 1
-2.1079243941874731e-01 4.0345912768930781e-01 0.0000000000000000e+00 1
-2.3887857299037141e-01 3.8268244139280327e-01 0.0000000000000000e+00 1
-2.6508793906551786e-01 4.0736839145988307e-01 0.0000000000000000e+00 1
-2.6810948338249824e-01 4.3809943631397363e-01 0.0000000000000000e+00 1
2.7194908723706063e-01 -1.3082829543774155e-01 0.0000000000000000e+00 1
2.7510526470049612e-01 -1.2159735209038576e-01 0.0000000000000000e+00 1
2.6808822161433266e-01 -1.1358124948844259e-01 0.0000000000000000e+00 1
-7.8626767485582436e-02 -1.1258233393969570e-01 0.0000000000000000e+00 1
1.7708720101837515e-02 1.9091427570749045e-01 0.0000000000000000e+00 1
-2.4788999727762334e-01 1.5117708201028901e-01 0.0000000000000000e+00 1
-2.4937721169916188e-01 1.7653784725649602e-01 0.0000000000000000e+00 1
1.9689126146095665e-01 -3.2672927688325698e-01 0.0000000000000000e+00 1
-9.3034473358765385e-02 -1.0586068758259116e-01 0.0000000000000000e+00 1
2.9798477615856345e-01 -3.1631763524317413e-01 0.0000000000000000e+00 1
3.0105984647161144e-01 -3.0631305165566952e-01 0.0000000000000000e+00 1
2.6492337637813679e-01 -4.1539289049381045e-01 0.0000000000000000e+00 1
2.7025329502960399e-01 -4.2278271168311776e-01 0.0000000000000000e+00 1
2.8007108015154486e-01 -4.1959554385995662e-01 0.0000000000000000e+00 1
1.8124449136153986e-01 -2.8619563626180466e-01 0.0000000000000000e+00 1
-1.3654130501910422e-01 2.8243703644426837e-01 0.0000000000000000e+00 1
-1.4044938759197534e-01 2.6971604419936945e-01 0.0000000000000000e+00 1
-1.4948985228412151e-01 2.7920913645446466e-01 0.0000000000000000e+00 1
-1.5338116941633145e-01 2.6678828855435133e-01 0.0000000000000000e+00 1
-1.1205575892648689e-01 1.1494348034354356e-01 0.0000000000000000e+00 1
2.6110428822330950e-01 1.5020183921932164e-02 0.0000000000000000e+00 1
2.5484586702956719e-01 2.5157078722356676e-03 0.0000000000000000e+00 1
2.6460559311065807e-01 -5.5658864731650132e-03 0.0000000000000000e+00 1
2.5344449533052082e-01 -9.4482462581152674e-03 0.0000000000000000e+00 1
2.4812454764343556e-01 1.2998677800087829e-02 0.0000000000000000e+00 1
2.4018336630375969e-01 2.3004244366328669e-02 0.0000000000000000e+00 1
2.7664432920134469e-01 -3.6469861359704711e-03 0.0000000000000000e+00 1
2.7265001096635844e-01 -1.4094612854083798e-02 0.0000000000000000e+00 1
2.8420663218832648e-01 -1.2490857939787494e-02 0.0000000000000000e+00 1
2.3286463771865401e-01 -6.6400170696929828e-02 0.0000000000000000e+00 1
3.5084877695341056e-02 -4.4950971858920975e-02 0.0000000000000000e+00 1
-1.4830120298975130e-01 -7.5915790914555361e-03 0.0000000000000000e+00 1
1.7987506746937046e-01 -7.3759272687302826e-02 0.0000000000000000e+00 1
-2.1461757947769977e-01 3.8958226697208198e-01 0.0000000000000000e+00 1
-2.6793012144817197e-01 3.9599829375652545e-01 0.0000000000000000e+00 1
-2.9456890958901105e-01 3.7787742633465193e-01 0.0000000000000000e+00 1
8.7754947111407813e-02 -1.3966923825778349e-01 0.0000000000000000e+00 1
-1.1751867894687476e-02 -1.6408295401529840e-01 0.0000000000000000e+00 1
3.4826032470915480e-01 -1.7527501230027634e-01 0.0000000000000000e+00 1
6.4935758656482601e-02 -1.8759227051104208e-01 0.0000000000000000e+00 1
4.3321332184446990e-02 -2.0169488909464930e-01 0.0000000000000000e+00 1
-1.9092639465262309e-01 5.2226359877064671e-02 0.0000000000000000e+00 1
1.3460411431108338e-01 -1.2909883221333629e-01 0.0000000000000000e+00 1
2.9481817677804595e-01 -2.3363322850657892e-01 0.0000000000000000e+00 1
2.8786435698587848e-01 -2.2597988637774796e-01 0.0000000000000000e+00 1
-8.1809698534285269e-02 -1.8787436271554585e-02 0.0000000000000000e+00 1
-3.2525402721391766e-01 4.7116966130658611e-01 0.0000000000000000e+00 1
-3.2054196613935410e-01 4.6381815963306083e-01 0.0000000000000000e+00 1
2.8792063972560766e-01 -3.9469925051258886e-01 0.0000000000000000e+00 1
-2.9109873253243440e-01 4.5836791601505361e-01 0.0000000000000000e+00 1
1.5369168718412213e-01 -1.2462244098679301e-01 0.0000000000000000e+00 1
3.1971201386949388e-01 -1.8212239832248298e-01 0.0000000000000000e+00 1
2.6673065331184920e-01 -2.9585183453427966e-01 0.0000000000000000e+00 1
2.5651976805938442e-01 -2.9910483748850286e-01 0.0000000000000000e+00 1
5.1395903082547136e-02 -2.3544971495267442e-01 0.0000000000000000e+00 1
-1.4876775026691783e-01 -4.1578524527563651e-02 0.0000000000000000e+00 1
1.6021945851920927e-01 1.2339788205905379e-01 0.0000000000000000e+00 1
1.6879843397748204e-01 1.1224351176206311e-01 0.0000000000000000e+00 1
1.5675973016889591e-01 -2.1003121168288019e-01 0.0000000000000000e+00 1
1.4985611303113514e-01 -2.0304951180727893e-01 0.0000000000000000e+00 1
-1.9938206837674666e-01 3.1359278896426956e-01 0.0000000000000000e+00 1
1.6790389756305563e-02 -1.4905826854485285e-01 0.0000000000000000e+00 1
8.7122181245037594e-02 -5.5524341116222037e-02 0.0000000000000000e+00 1
2.4655602734735063e-02 -2.5779958200217251e-01 0.0000000000000000e+00 1
6.7838334427184038e-02 -1.1827902867998211e-01 0.0000000000000000e+00 1
1.6715951540962770e-01 -2.7159391415835360e-01 0.0000000000000000e+00 1
2.1500097376424401e-01 -3.8062048883524008e-01 0.0000000000000000e+00 1
2.6898566347835706e-01 -1.4043337445686455e-01 0.0000000000000000e+00 1
-1.8676998840979922e-01 3.1689891774467949e-01 0.0000000000000000e+00 1
-1.8369052578908748e-01 3.2951211447591239e-01 0.0000000000000000e+00 1
1.3639477213032944e-01 -3.9287432832657504e-01 0.0000000000000000e+00 1
-2.7758058895939819e-01 3.6112096541507782e-01 0.0000000000000000e+00 1
-1.5702768648340995e-01 6.7908148025068393e-02 0.0000000000000000e+00 1
-1.2266969710418861e-01 -6.1826771987124857e-02 0.0000000000000000e+00 1
2.0656125012544457e-01 -1.3702431193505149e-01 0.0000000000000000e+00 1
2.0974213827911906e-01 -1.2699478757261798e-01 0.0000000000000000e+00 1
9.3843400180313216e-02 -6.2532315939567457e-02 0.0000000000000000e+00 1
2.5882476859701176e-01 -2.6118461784182684e-01 0.0000000000000000e+00 1
2.6150167638788535e-01 -2.5098986057925926e-01 0.0000000000000000e+00 1
2.5474905280680532e-01 -2.4354323757580398e-01 0.0000000000000000e+00 1
2.5129274659849710e-01 -2.5455393412144151e-01 0.0000000000000000e+00 1
2.5743049999783973e-01 -2.3349679131573875e-01 0.0000000000000000e+00 1
2.4713424214095192e-01 -2.3702289539980867e-01 0.0000000000000000e+00 1
-2.0879567637145940e-01 3.2276336790222471e-01 0.0000000000000000e+00 1
-2.7007342949847046e-01 1.9949137736442868e-01 0.0000000000000000e+00 1
9.3152856122572847e-02 -2.1596339692870153e-01 0.0000000000000000e+00 1
9.9899447869582769e-02 -2.2426409354836568e-01 0.0000000000000000e+00 1
1.0896044677572214e-01 -2.2220397268088321e-01 0.0000000000000000e+00 1
2.2800207308853065e-01 -3.1021327898717066e-01 0.0000000000000000e+00 1
2.1380207041862886e-02 -2.1607271382197768e-01 0.0000000000000000e+00 1
1.6171446287423341e-01 -3.6122134651954224e-01 0.0000000000000000e+00 1
-2.0071945608394415e-02 -1.6672657225166335e-01 0.0000000000000000e+00 1
9.7410218818953197e-03 5.1974815588227086e-02 0.0000000000000000e+00 1
1.2262489269793131e-01 -2.3725325087428548e-01 0.0000000000000000e+00 1
-4.5235764033002314e-02 3.0570546557985534e-01 0.0000000000000000e+00 1
-1.2638350461738126e-01 1.0861063347115699e-01 0.0000000000000000e+00 1
1.9601906578247630e-01 -2.0133263822238712e-01 0.0000000000000000e+00 1
-2.4409869119375421e-01 2.7867128323041701e-01 0.0000000000000000e+00 1
1.7915123919438442e-01 -1.9644423848104825e-01 0.0000000000000000e+00 1
1.3108803488708973e-01 -5.0405407408087924e-02 0.0000000000000000e+00 1
1.2972281770009700e-01 -3.8643036291199095e-01 0.0000000000000000e+00 1
1.2047016572514097e-01 -3.9004251144588281e-01 0.0000000000000000e+00 1
2.2571795643994635e-01 -1.3263730433208482e-01 0.0000000000000000e+00 1
-1.5886792487185830e-01 3.8249005702172428e-01 0.0000000000000000e+00 1
-1.6936172276247863e-01 3.9235977539999911e-01 0.0000000000000000e+00 1
-1.4593427065074610e-01 2.9208221666934109e-01 0.0000000000000000e+00 1
1.5305676189594206e-01 -2.5688706069139811e-01 0.0000000000000000e+00 1
2.1023242970073458e-01 -2.1505362384921567e-01 0.0000000000000000e+00 1
2.2019762690772240e-01 -2.1288802627910164e-01 0.0000000000000000e+00 1
2.2690891531955532e-01 -2.2024268719771584e-01 0.0000000000000000e+00 1
2.2921265059764973e-01 -2.1177981220295983e-01 0.0000000000000000e+00 1
2.1294977194333112e-01 -2.0624571167757738e-01 0.0000000000000000e+00 1
1.0541665838570009e-01 -1.6959994977496132e-01 0.0000000000000000e+00 1
1.1479097505184563e-01 -1.6772033509669212e-01 0.0000000000000000e+00 1
1.0780118020361386e-01 -1.6051058023709772e-01 0.0000000000000000e+00 1
3.2258292786242865e-01 -1.7263154079670320e-01 0.0000000000000000e+00 1
1.6871206495405017e-01 -1.0383739092000151e-01 0.0000000000000000e+00 1
1.9523129979177678e-01 -3.0062744055251056e-01 0.0000000000000000e+00 1
-1.2608242955276389e-01 1.6215900636750463e-01 0.0000000000000000e+00 1
-2.4066496309097465e-01 2.9128428299273063e-01 0.0000000000000000e+00 1
-2.8100995165108655e-01 2.2494908080518511e-01 0.0000000000000000e+00 1
-2.4589762054775649e-01 3.1307743958850787e-01 0.0000000000000000e+00 1
8.2237001507378837e-02 -7.4087075115587361e-02 0.0000000000000000e+00 1
-2.1875497004271827e-01 2.8523739269606935e-01 0.0000000000000000e+00 1
-1.9184515364096413e-01 4.4727395006553414e-02 0.0000000000000000e+00 1
-1.9881062868044791e-01 4.1909191289056069e-02 0.0000000000000000e+00 1
2.4601209467947574e-01 -8.3656832687130145e-02 0.0000000000000000e+00 1
7.7817869050479924e-02 -2.3788560917670615e-01 0.0000000000000000e+00 1
8.2522923220568992e-02 -9.8603744104154803e-02 0.0000000000000000e+00 1
-2.8833907976079604e-01 3.2483103662919471e-01 0.0000000000000000e+00 1
5.5167576686289119e-02 -1.0476991730732733e-01 0.0000000000000000e+00 1
2.2873589333073566e-01 -1.7681788779890695e-01 0.0000000000000000e+00 1
2.2294994649876701e-01 -2.6655747547852704e-01 0.0000000000000000e+00 1
2.8480357778799098e-01 -3.2812816288493529e-01 0.0000000000000000e+00 1
-6.8667461716942088e-02 3.2255976851497181e-01 0.0000000000000000e+00 1
2.6628113585352886e-01 -2.0382685458596403e-01 0.0000000000000000e+00 1
2.7648818607812931e-01 -2.0131338860362291e-01 0.0000000000000000e+00 1
2.7006823853488882e-01 -1.9338713601780469e-01 0.0000000000000000e+00 1
2.5990636986767901e-01 -1.9582286994131953e-01 0.0000000000000000e+00 1
2.6299476865697535e-01 -1.8625118641689145e-01 0.0000000000000000e+00 1
2.5618482541533616e-01 -1.7899656548892387e-01 0.0000000000000000e+00 1
2.8082059748309107e-01 -2.1842534257217644e-01 0.0000000000000000e+00 1
1.3298411393264997e-01 -1.6415266497680714e-01 0.0000000000000000e+00 1
2.4683892229684735e-02 3.7371253159120960e-02 0.0000000000000000e+00 1
2.0890445829791221e-01 -2.5184008280679360e-01 0.0000000000000000e+00 1
1.9471729692625217e-01 -2.3696351879166899e-01 0.0000000000000000e+00 1
2.3117037506838978e-01 -2.3735064415564272e-01 0.0000000000000000e+00 1
3.2526896050092668e-01 -2.2623044140032883e-01 0.0000000000000000e+00 1
3.3260534401760911e-01 -2.3372849740643156e-01 0.0000000000000000e+00 1
3.2974176400599575e-01 -2.4388802579404911e-01 0.0000000000000000e+00 1
3.4021783698480967e-01 -2.4079006428027558e-01 0.0000000000000000e+00 1
3.4265592564407332e-01 -2.2972259685965157e-01 0.0000000000000000e+00 1
3.1947894074750705e-01 -2.4649070295319622e-01 0.0000000000000000e+00 1
3.2687440585887823e-01 -2.5410107539666482e-01 0.0000000000000000e+00 1
3.1651377449703577e-01 -2.5652259895249285e-01 0.0000000000000000e+00 1
3.2391408723766224e-01 -2.6422838371467861e-01 0.0000000000000000e+00 1
3.3651200841632484e-01 -2.6147482387987248e-01 0.0000000000000000e+00 1
3.3161872620083938e-01 -2.7172042422410170e-01 0.0000000000000000e+00 1
3.4214893271389962e-01 -2.7050164714753505e-01 0.0000000000000000e+00 1
3.2076486255006925e-01 -2.7409596727180813e-01 0.0000000000000000e+00 1
3.0618686696343295e-01 -2.5888227404906061e-01 0.0000000000000000e+00 1
-2.9126664013041209e-01 2.4848881919140386e-01 0.0000000000000000e+00 1
1.8062136535332987e-01 -2.2226181770601683e-01 0.0000000000000000e+00 1
1.7087080915798519e-01 -2.2468287686074132e-01 0.0000000000000000e+00 1
2.8574722766051980e-01 -2.6363238680215029e-01 0.0000000000000000e+00 1
2.2427850224112822e-01 -2.2980914533869626e-01 0.0000000000000000e+00 1
2.3324972063062224e-01 -2.2862591270901036e-01 0.0000000000000000e+00 1
-1.6708143063858422e-01 -6.2497269813963034e-03 0.0000000000000000e+00 1
4.1637882854044322e-02 -2.3780336160508356e-01 0.0000000000000000e+00 1
-1.2013442247048264e-01 -7.4165437843333140e-02 0.0000000000000000e+00 1
-3.2285400281254589e-01 3.2136869922507000e-01 0.0000000000000000e+00 1
-3.0135508157645030e-01 2.7421142610909521e-01 0.0000000000000000e+00 1
-3.1206730959916051e-01 2.9796308646015573e-01 0.0000000000000000e+00 1
-2.9972860413375790e-01 2.9587501958407525e-01 0.0000000000000000e+00 1
-3.0386025439138753e-01 3.0847126356619298e-01 0.0000000000000000e+00 1
2.9089206664228401e-01 -3.0853401242767103e-01 0.0000000000000000e+00 1
2.2597047178811336e-01 -1.5933530784557029e-01 0.0000000000000000e+00 1
-1.8431326784812457e-01 2.8251522080020719e-01 0.0000000000000000e+00 1
-1.7162834908563232e-01 2.8577520203868079e-01 0.0000000000000000e+00 1
2.5088584601568120e-01 -2.2626920141164975e-01 0.0000000000000000e+00 1
-2.6407778480830724e-01 2.5082462972035285e-01 0.0000000000000000e+00 1
2.3556586987473760e-01 -1.3042563741357127e-01 0.0000000000000000e+00 1
2.2871930924805042e-01 -1.2252695171437758e-01 0.0000000000000000e+00 1
-1.7244695007362162e-01 1.4422234505062326e-01 0.0000000000000000e+00 1
-2.0383098923466539e-01 2.5405656393759546e-01 0.0000000000000000e+00 1
-2.0734940076773178e-01 2.4185944188164821e-01 0.0000000000000000e+00 1
-2.2071473124921215e-01 2.3956699388210106e-01 0.0000000000000000e+00 1
-3.2442543952147307e-01 3.4772563787859412e-01 0.0000000000000000e+00 1
-2.2790876415106176e-01 2.9453263135432645e-01 0.0000000000000000e+00 1
-3.2991900449364886e-01 4.5278349133037976e-01 0.0000000000000000e+00 1
-1.1288970370607511e-01 2.0892642415008733e-01 0.0000000000000000e+00 1
-6.3588173154287497e-02 -3.7376808516945900e-02 0.0000000000000000e+00 1
-1.9473072619447920e-01 2.4490427915436302e-01 0.0000000000000000e+00 1
-1.9932069863153445e-01 2.3330387487335696e-01 0.0000000000000000e+00 1
1.7523289063674577e-01 -2.4184379847180129e-01 0.0000000000000000e+00 1
-1.8866381721501277e-01 1.2008594027826366e-01 0.0000000000000000e+00 1
2.5305483306736448e-01 -1.6170578878059794e-01 0.0000000000000000e+00 1
2.9328245380726936e-01 -1.7939609607473972e-01 0.0000000000000000e+00 1
7.0195612242764910e-02 -1.6917708358953254e-01 0.0000000000000000e+00 1
2.8470482225043470e-01 -2.3607410825767597e-01 0.0000000000000000e+00 1
1.2641655513018329e-01 -1.5682564095265633e-01 0.0000000000000000e+00 1
2.4237265913401790e-01 -1.3743099614998783e-01 0.0000000000000000e+00 1
1.0946145575757990e-01 -3.6619528087612263e-01 0.0000000000000000e+00 1
9.2989062585376508e-02 -1.2132434936300437e-01 0.0000000000000000e+00 1
2.2721132227909974e-01 -2.8368117197898746e-01 0.0000000000000000e+00 1
-1.7517832533866975e-01 2.7319970885034256e-01 0.0000000000000000e+00 1
1.8937504079956605e-01 -2.5669108103795757e-01 0.0000000000000000e+00 1
-9.1054450752422425e-02 3.3997851586593680e-01 0.0000000000000000e+00 1
-1.0374156634315124e-01 3.3433821785338513e-01 0.0000000000000000e+00 1
1.4139395327430626e-01 -3.4039427226925012e-01 0.0000000000000000e+00 1
1.6941400288521880e-01 -3.3352567395188898e-01 0.0000000000000000e+00 1
2.8271873412111870e-01 -2.7356091804337235e-01 0.0000000000000000e+00 1
7.8007558027023874e-02 -3.3618256962641146e-01 0.0000000000000000e+00 1
2.0574807357570504e-01 -4.4319176906834401e-01 0.0000000000000000e+00 1
-1.1782727878156761e-01 1.5367617030576580e-01 0.0000000000000000e+00 1
2.1311889644431781e-01 -2.6898593326167275e-01 0.0000000000000000e+00 1
6.3646078965766212e-02 -1.6217426467183133e-01 0.0000000000000000e+00 1
-2.0149883627003571e-02 8.0903164070762840e-02 0.0000000000000000e+00 1
1.1136067662117216e-01 -2.1221813430948805e-01 0.0000000000000000e+00 1
2.9282258721102905e-02 -6.2249814808198370e-02 0.0000000000000000e+00 1
7.5977058412561360e-02 -9.1823075284789404e-02 0.0000000000000000e+00 1
6.6716956777515921e-02 -2.1364340451830824e-01 0.0000000000000000e+00 1
1.6561749076246615e-01 -4.2361003913822448e-01 0.0000000000000000e+00 1
-1.9374746397150364e-01 1.8072596813655090e-01 0.0000000000000000e+00 1
-1.3371848313356910e-01 2.1484212687587312e-01 0.0000000000000000e+00 1
9.7275048101059386e-02 -1.9784858213053219e-01 0.0000000000000000e+00 1
-1.6929310667476216e-01 2.1662508431040578e-01 0.0000000000000000e+00 1
1.1309632929079125e-01 -1.4257058849634391e-01 0.0000000000000000e+00 1
3.1118209132231320e-02 -2.6626005850928502e-01 0.0000000000000000e+00 1
8.3702991976764118e-02 -1.8334568506515350e-01 0.0000000000000000e+00 1
9.6230230590008375e-02 -3.4352295572099401e-01 0.0000000000000000e+00 1
6.2711026712503865e-02 -2.5969299888929898e-01 0.0000000000000000e+00 1
3.5327008713380281e-01 -1.9326266962824942e-01 0.0000000000000000e+00 1
1.5572431981072460e-01 -3.1923347669492358e-01 0.0000000000000000e+00 1
2.6150329173340647e-01 -3.1567893327700658e-01 0.0000000000000000e+00 1
-1.4715453490647515e-01 1.0381401449094516e-01 0.0000000000000000e+00 1
-1.4025935299828712e-01 9.7041548471536496e-02 0.0000000000000000e+00 1
3.0407109305061031e-01 -2.0378632808324237e-01 0.0000000000000000e+00 1
1.4432326464496861e-01 -1.8763223594191072e-01 0.0000000000000000e+00 1
1.4012704833340478e-01 -2.0568440713922798e-01 0.0000000000000000e+00 1
-1.4809677637867094e-01 2.4526531520449019e-01 0.0000000000000000e+00 1
2.8347709454342090e-01 -1.8162996929446007e-01 0.0000000000000000e+00 1
-2.0792844486175147e-01 2.1047526076739270e-01 0.0000000000000000e+00 1
1.2336665969167657e-01 -3.4430047979510348e-01 0.0000000000000000e+00 1
-3.0019179585412964e-01 3.2170361869367070e-01 0.0000000000000000e+00 1
1.4827837667276011e-01 -3.4745881722134897e-01 0.0000000000000000e+00 1
1.8863928381430761e-01 -1.2459770906004158e-01 0.0000000000000000e+00 1
3.3773564350610330e-01 -2.5079264147297753e-01 0.0000000000000000e+00 1
2.5963815096798104e-01 -3.5137858017256984e-01 0.0000000000000000e+00 1
1.5874391793088435e-01 -1.6671598633329859e-01 0.0000000000000000e+00 1
2.1853632664843248e-01 -3.1258134721733677e-01 0.0000000000000000e+00 1
-1.6960350546605910e-01 -1.3132115812224426e-02 0.0000000000000000e+00 1
2.1812797973209869e-01 -3.4719722867541192e-01 0.0000000000000000e+00 1
8.2368659417739770e-02 -3.2680384232223103e-01 0.0000000000000000e+00 1
8.4620777191424357e-02 -3.4388126827558141e-01 0.0000000000000000e+00 1
1.5456825391450529e-03 -1.2401824083653826e-01 0.0000000000000000e+00 1
2.8488536062971920e-01 -1.1968579734912360e-01 0.0000000000000000e+00 1
3.2134524485733715e-02 -2.3976846113823816e-01 0.0000000000000000e+00 1
-1.3685539083308257e-01 8.0877159419461622e-03 0.0000000000000000e+00 1
2.9238095107737117e-01 -1.5300881850881701e-01 0.0000000000000000e+00 1
-2.3602718692817953e-01 3.4989560896901445e-01 0.0000000000000000e+00 1
1.5928220851011290e-01 -3.7030574470583827e-01 0.0000000000000000e+00 1
2.0968640325098412e-01 5.3559604961651408e-02 0.0000000000000000e+00 1
4.2110006647164105e-02 -2.6450180557070779e-01 0.0000000000000000e+00 1
-7.5879647689137630e-02 1.5363245197516515e-01 0.0000000000000000e+00 1
-6.4590655526595667e-02 1.5580231948133383e-01 0.0000000000000000e+00 1
-6.1040372269202961e-02 1.6678051211437786e-01 0.0000000000000000e+00 1
2.8261307636922278e-01 -1.5520593011363140e-01 0.0000000000000000e+00 1
2.1744390773760172e-01 -2.8611718061047209e-01 0.0000000000000000e+00 1
4.5129503629886172e-02 -1.6649828865238026e-01 0.0000000000000000e+00 1
1.3159662780584959e-02 -1.9123592194935629e-01 0.0000000000000000e+00 1
3.3504374011202076e-01 -2.2337853226950782e-01 0.0000000000000000e+00 1
2.0486439854431343e-01 -6.0485517851484955e-02 0.0000000000000000e+00 1
9.0457787437671182e-03 1.2236030498637791e-01 0.0000000000000000e+00 1
-1.8953843923176628e-01 4.0715709300792718e-01 0.0000000000000000e+00 1
-7.5991364029673256e-02 -9.0799931640736187e-02 0.0000000000000000e+00 1
-2.4456222802633376e-01 2.0080828706621678e-01 0.0000000000000000e+00 1
-1.2608012616581388e-01 3.2131209822577400e-01 0.0000000000000000e+00 1
1.7813587592895247e-01 -1.0140711737910989e-01 0.0000000000000000e+00 1
-1.6877752432741699e-01 8.9486215817761561e-02 0.0000000000000000e+00 1
-2.7680005100964733e-01 2.4660677955191440e-01 0.0000000000000000e+00 1
2.8978322062449824e-01 -2.8110511695928014e-01 0.0000000000000000e+00 1
-2.5476567692679575e-01 3.2230349854718321e-01 0.0000000000000000e+00 1
-1.8430642028069488e-01 3.7509234030991406e-01 0.0000000000000000e+00 1
-2.3163152506091794e-01 4.3002492910118351e-01 0.0000000000000000e+00 1
-2.2711773522866432e-01 3.4104008156031540e-01 0.0000000000000000e+00 1
3.5333265807657482e-01 -2.1484157468129467e-01 0.0000000000000000e+00 1
1.4709221109593704e-01 -2.1264581133262797e-01 0.0000000000000000e+00 1
1.7372640224600094e-01 -1.4562999883357897e-01 0.0000000000000000e+00 1
-8.7470793510119382e-02 2.8331125073861141e-01 0.0000000000000000e+00 1
1.3725895294572013e-01 -3.5864181339881968e-01 0.0000000000000000e+00 1
3.0106399794152078e-01 -2.1364339300339014e-01 0.0000000000000000e+00 1
-1.6242393367564667e-01 2.7627890334719984e-01 0.0000000000000000e+00 1
6.0798585364162938e-02 -1.7137889099916809e-01 0.0000000000000000e+00 1
-3.4619653085802182e-01 3.8812202272135432e-01 0.0000000000000000e+00 1
4.2714412891358369e-02 1.6002072962091651e-01 0.0000000000000000e+00 1
3.7597594701107059e-02 -1.0904083972003767e-01 0.0000000000000000e+00 1
5.0220790844069919e-02 2.0740601917720958e-01 0.0000000000000000e+00 1
3.3075927228287594e-01 -2.0640222768808159e-01 0.0000000000000000e+00 1
4.4531970597983875e-02 -2.2807047481986090e-01 0.0000000000000000e+00 1
-2.5104670258992218e-01 4.4165167355257329e-01 0.0000000000000000e+00 1
1.2078720913143844e-01 -8.9999160519866117e-02 0.0000000000000000e+00 1
2.2387327568822071e-01 -3.9362795611582693e-02 0.0000000000000000e+00 1
1.8359938086767014e-01 -3.7266887950730571e-01 0.0000000000000000e+00 1
-2.3624912816459515e-01 3.9445340329320200e-01 0.0000000000000000e+00 1
2.5601588191481250e-01 -3.9435616718293531e-01 0.0000000000000000e+00 1
1.7285089809917159e-01 -6.6355009968817533e-02 0.0000000000000000e+00 1
-1.6562215917716405e-01 6.5779612954221967e-02 0.0000000000000000e+00 1
2.2012050651737353e-01 -1.9134711153673788e-02 0.0000000000000000e+00 1
-2.1204356984746456e-01 3.5640753471615227e-01 0.0000000000000000e+00 1
2.8199358108208561e-01 -3.6346045169716812e-01 0.0000000000000000e+00 1
8.5510496139241277e-02 -8.9763495146752081e-02 0.0000000000000000e+00 1
-1.0024912416588283e-01 1.7942852623260777e-01 0.0000000000000000e+00 1
2.6666146256527556e-01 -3.4306411249339412e-02 0.0000000000000000e+00 1
2.3336667277836320e-01 -4.2233335758037521e-01 0.0000000000000000e+00 1
-1.8064518825202397e-01 1.1286832647826632e-01 0.0000000000000000e+00 1
-3.5254762515920063e-01 4.0639277428075071e-01 0.0000000000000000e+00 1
1.7899076234352473e-01 -1.2678095173563678e-01 0.0000000000000000e+00 1
-2.2620591229505876e-01 1.8295737571601112e-01 0.0000000000000000e+00 1
2.3689578322319511e-02 -3.2109594746008593e-02 0.0000000000000000e+00 1
-1.8124397021151761e-01 3.8737643136466204e-01 0.0000000000000000e+00 1
2.6653950198704135e-01 -1.7656138268742827e-01 0.0000000000000000e+00 1
1.0587637334215435e-02 -1.7482407923585200e-02 0.0000000000000000e+00 1
-5.0509823908110471e-02 -1.1626480796988155e-01 0.0000000000000000e+00 1
-6.8606291067851821e-02 1.7619828301959278e-01 0.0000000000000000e+00 1
1.9435237243268122e-01 -3.3597445136074233e-01 0.0000000000000000e+00 1
1.5790308537870647e-02 -7.9785586228654393e-02 0.0000000000000000e+00 1
2.2973045441906109e-01 -3.6260780468354203e-01 0.0000000000000000e+00 1
1.4739193181839227e-01 1.1944436052458912e-01 0.0000000000000000e+00 1
-4.2792977183487381e-02 2.8379562709386810e-02 0.0000000000000000e+00 1
-1.1018172957973580e-02 -6.1521805628158592e-03 0.0000000000000000e+00 1
-2.3225770170721166e-02 7.5675105649608632e-03 0.0000000000000000e+00 1
1.4580575704378129e-01 -2.6787693797023879e-02 0.0000000000000000e+00 1
2.7160898217470301e-02 -1.7033654719640673e-01 0.0000000000000000e+00 1
-2.6248177502802689e-01 2.1842493846013677e-01 0.0000000000000000e+00 1
-3.4302153250928349e-02 -1.2477357787163215e-01 0.0000000000000000e+00 1
-3.6219427172123113e-02 2.1293051669551321e-02 0.0000000000000000e+00 1
3.4533996358808994e-01 -1.1407195577964513e-01 0.0000000000000000e+00 1
9.5102702581764009e-02 -8.7800119747238572e-02 0.0000000000000000e+00 1
3.1866114483750557e-01 -3.5675407897443839e-01 0.0000000000000000e+00 1
-1.0140829044693070e-01 -3.7206545243191683e-02 0.0000000000000000e+00 1
1.8564220953185001e-01 -3.0307135864133200e-01 0.0000000000000000e+00 1
-1.9184415913468678e-01 1.7524973486952328e-02 0.0000000000000000e+00 1
2.8216602031819021e-01 -3.8820688231175327e-01 0.0000000000000000e+00 1
-1.1246761999682955e-01 -2.6126209418683505e-02 0.0000000000000000e+00 1
-1.2814031016119515e-01 -9.9344731795688868e-03 0.0000000000000000e+00 1
-2.2503209457518328e-01 3.9790952493598225e-01 0.0000000000000000e+00 1
6.6710358420213917e-02 1.2543214911302933e-01 0.0000000000000000e+00 1
3.3722682970394624e-01 -2.1347723688015269e-01 0.0000000000000000e+00 1
2.9703121672819693e-01 -9.8542069569798760e-02 0.0000000000000000e+00 1
1.6384959279056741e-01 -2.1732817009676281e-01 0.0000000000000000e+00 1
-1.2911862416846437e-01 1.5167153260453992e-01 0.0000000000000000e+00 1
-1.3233130958281628e-01 1.3982687915726674e-01 0.0000000000000000e+00 1
1.7601083325456357e-01 -3.4058690468293673e-01 0.0000000000000000e+00 1
1.1265159619559890e-01 1.4277086240554604e-01 0.0000000000000000e+00 1
2.7883769398136155e-01 -1.3838082860245138e-01 0.0000000000000000e+00 1
-1.2759926241715450e-01 -5.6403939577071113e-02 0.0000000000000000e+00 1
1.7373492639401139e-01 -2.8058551026891605e-02 0.0000000000000000e+00 1
-3.1595049100809769e-01 3.3966993905411141e-01 0.0000000000000000e+00 1
-2.7881806473355135e-02 -4.2954232429405839e-02 0.0000000000000000e+00 1
-8.0223398923533390e-02 6.8206390802986128e-02 0.0000000000000000e+00 1
1.6562922249599468e-01 -1.7355662186125145e-01 0.0000000000000000e+00 1
-1.9889990570249103e-01 5.0155922856474341e-02 0.0000000000000000e+00 1
-1.4847421969056043e-02 2.7061277270599043e-01 0.0000000000000000e+00 1
-3.5382675741821723e-01 4.4722022472923917e-01 0.0000000000000000e+00 1
-1.0755259554214879e-01 -7.8084459379903132e-02 0.0000000000000000e+00 1
-1.5967633664418869e-02 -5.5254540764379162e-02 0.0000000000000000e+00 1
2.7591394111782264e-01 -7.7384588948847824e-02 0.0000000000000000e+00 1
-1.5272986636653829e-01 2.3993710119677745e-02 0.0000000000000000e+00 1
-8.7224186444098142e-02 1.5099729146628055e-01 0.0000000000000000e+00 1
2.9109439984928304e-01 -2.1597559467820265e-01 0.0000000000000000e+00 1
-1.2190897547915192e-02 -1.2000301200514329e-01 0.0000000000000000e+00 1
-1.0219219756535534e-02 -1.1220098243930238e-01 0.0000000000000000e+00 1
-2.2734902270685656e-02 -1.1024764616783196e-01 0.0000000000000000e+00 1
-9.4082597367196888e-02 8.3129363457496649e-02 0.0000000000000000e+00 1
1.7108896834414458e-01 -3.8608914138045708e-02 0.0000000000000000e+00 1
-1.8543256134171951e-01 1.7194950324454475e-01 0.0000000000000000e+00 1
-1.8154935609153180e-01 1.8489323653704962e-01 0.0000000000000000e+00 1
2.1064598630574372e-01 -3.9730174292967130e-01 0.0000000000000000e+00 1
-8.6865979955939032e-02 1.7712246401635483e-02 0.0000000000000000e+00 1
-1.4236397173754517e-01 1.3508992219763788e-02 0.0000000000000000e+00 1
1.5033711706411737e-01 -3.7266353130697766e-01 0.0000000000000000e+00 1
-4.0336277090198824e-02 -6.1133130197938236e-02 0.0000000000000000e+00 1
2.2021775092009460e-01 -2.7636477872064663e-01 0.0000000000000000e+00 1
-7.4953189779585289e-02 5.3140592090798969e-03 0.0000000000000000e+00 1
3.0573245767663382e-01 -3.9656130336318755e-02 0.0000000000000000e+00 1
1.2906306521816893e-01 -6.2802485482897130e-02 0.0000000000000000e+00 1
3.6997248921963620e-02 2.1061564905865558e-02 0.0000000000000000e+00 1
2.1803137554749036e-01 -4.2627038778235404e-01 0.0000000000000000e+00 1
6.9070702999526556e-02 4.8805030941056732e-02 0.0000000000000000e+00 1
5.0905555641040032e-02 6.2238441882120632e-03 0.0000000000000000e+00 1
-4.1183058416744169e-03 -1.1813902370404451e-01 0.0000000000000000e+00 1
8.5013109202990045e-02 3.3200086234845175e-02 0.0000000000000000e+00 1
3.4270915927391266e-01 -1.2237330664977171e-01 0.0000000000000000e+00 1
1.6111326334482645e-01 -2.2720124005447367e-01 0.0000000000000000e+00 1
1.8760097094108738e-01 -3.2901122224433749e-01 0.0000000000000000e+00 1
-2.0254825638493193e-01 1.4616964927737819e-01 0.0000000000000000e+00 1
3.1440543633011775e-01 -3.6610258568534371e-01 0.0000000000000000e+00 1
-5.5462306892451393e-03 6.6575628273425544e-02 0.0000000000000000e+00 1
-3.2344513668795188e-01 4.1157339164932505e-01 0.0000000000000000e+00 1
4.0784612333165521e-02 2.1823822052313024e-01 0.0000000000000000e+00 1
2.9282362533352246e-01 -2.7116519002564243e-01 0.0000000000000000e+00 1
-1.0357968951529242e-01 2.3244745162322547e-01 0.0000000000000000e+00 1
9.6204175511352130e-02 1.6662526808628911e-01 0.0000000000000000e+00 1
-1.0925770571010286e-02 1.2774243161414969e-01 0.0000000000000000e+00 1
-5.2704726181417597e-02 -7.8175839777659573e-02 0.0000000000000000e+00 1
-7.1683509017952479e-02 1.3409031822313594e-01 0.0000000000000000e+00 1
1.8625523393699642e-01 -3.6361204090177901e-01 0.0000000000000000e+00 1
-6.0047580121528193e-02 -7.9987427412289605e-02 0.0000000000000000e+00 1
3.5416907389404201e-01 -1.4564746807039561e-01 0.0000000000000000e+00 1
8.5015190417954384e-02 -1.4877609983295961e-01 0.0000000000000000e+00 1
2.2097051731688941e-01 3.1539693681366054e-02 0.0000000000000000e+00 1
-2.5812680202783389e-01 3.0998964679921592e-01 0.0000000000000000e+00 1
-2.5299532937128144e-01 2.8803373967083962e-01 0.0000000000000000e+00 1
2.0341875500871293e-01 -2.7153896266259536e-01 0.0000000000000000e+00 1
1.9371323720473921e-01 7.1820679828973805e-02 0.0000000000000000e+00 1
1.8326078703175888e-01 -9.0463296557351927e-02 0.0000000000000000e+00 1
-1.2506609758648296e-01 2.0584939318352705e-01 0.0000000000000000e+00 1
-1.1402622637271692e-01 3.2661832699813415e-01 0.0000000000000000e+00 1
-1.0829285070497155e-01 2.5410948028196900e-01 0.0000000000000000e+00 1
2.5619351702219562e-01 -8.1619883688993339e-02 0.0000000000000000e+00 1
4.7058463427867951e-02 -2.9193172402246043e-01 0.0000000000000000e+00 1
1.8737977577496068e-01 -1.4266827400924584e-01 0.0000000000000000e+00 1
1.7791076764420993e-01 -2.3192837880731537e-01 0.0000000000000000e+00 1
-1.2279935788117602e-01 2.5154205204406771e-01 0.0000000000000000e+00 1
2.7348568590382405e-01 -1.8386246893040883e-01 0.0000000000000000e+00 1
-1.6532585933223082e-01 1.3621141637394402e-01 0.0000000000000000e+00 1
-1.3399160419010478e-01 6.6193182200736056e-02 0.0000000000000000e+00 1
-8.0969348042361805e-02 -8.5713171154093243e-02 0.0000000000000000e+00 1
1.8496739259185233e-01 -2.3933126842313812e-01 0.0000000000000000e+00 1
3.4593828932708404e-01 -1.8489560573668432e-01 0.0000000000000000e+00 1
-7.8473506020489414e-02 1.9890358453317745e-02 0.0000000000000000e+00 1
5.6340649274255430e-02 -1.2685459835042034e-01 0.0000000000000000e+00 1
-2.1360301709816870e-01 9.5161746270383915e-02 0.0000000000000000e+00 1
2.0619195042930985e-01 -2.6168378528041841e-01 0.0000000000000000e+00 1
2.0498792531818785e-02 -1.1274092717191989e-01 0.0000000000000000e+00 1
-1.5375287482180125e-01 1.1099010846424834e-01 0.0000000000000000e+00 1
-3.5661826510552630e-01 4.2409703091750672e-01 0.0000000000000000e+00 1
-6.9229405551955545e-02 2.6333179388166605e-01 0.0000000000000000e+00 1
6.7494341895894205e-02 -1.7839905485489696e-01 0.0000000000000000e+00 1
1.9912287739340476e-01 -2.5422595201032772e-01 0.0000000000000000e+00 1
-2.6545459723986142e-01 2.8494661327675475e-01 0.0000000000000000e+00 1
-2.2748876448658650e-01 1.3013807917426706e-01 0.0000000000000000e+00 1
2.9898835511210320e-01 -3.0546467815242801e-02 0.0000000000000000e+00 1
2.9141804092183166e-01 -3.6168612436542547e-01 0.0000000000000000e+00 1
3.0308107085700803e-01 -2.6877915853324252e-01 0.0000000000000000e+00 1
-2.3808431112961803e-01 1.7983432888852874e-01 0.0000000000000000e+00 1
-1.5701830182024079e-01 2.5442727041185792e-01 0.0000000000000000e+00 1
3.8292231487649614e-04 1.3086703816770764e-01 0.0000000000000000e+00 1
-1.4365192936734522e-01 8.7754398581920162e-02 0.0000000000000000e+00 1
1.3182637585450510e-01 -4.0494874100032230e-01 0.0000000000000000e+00 1
1.7869712524596087e-01 -2.9589479311981193e-01 0.0000000000000000e+00 1
3.0166516060096105e-01 -3.6028474196842408e-01 0.0000000000000000e+00 1
1.9204373420536938e-01 -2.4674540899385139e-01 0.0000000000000000e+00 1
-2.0034144883122945e-01 3.2739758263811876e-02 0.0000000000000000e+00 1
-1.4633077098021013e-01 -2.4242819496814005e-02 0.0000000000000000e+00 1
1.1534892975501090e-01 -4.7918957757772135e-02 0.0000000000000000e+00 1
-1.1631048606096561e-01 9.4944947762279686e-02 0.0000000000000000e+00 1
2.8873061464612471e-01 -3.4536684563074821e-01 0.0000000000000000e+00 1
-2.4918801411448119e-01 3.0079468212256688e-01 0.0000000000000000e+00 1
1.5164759331183497e-01 -4.2185885260531286e-01 0.0000000000000000e+00 1
1.6597598266643079e-01 -2.0299142646647613e-02 0.0000000000000000e+00 1
-1.9075947045304323e-01 1.1016855848649672e-01 0.0000000000000000e+00 1
-2.7770136449533456e-01 2.8199601778866651e-01 0.0000000000000000e+00 1
-2.8942640272772091e-01 2.7913990068972006e-01 0.0000000000000000e+00 1
2.2125140505663340e-01 -1.6987577559724587e-01 0.0000000000000000e+00 1
1.3225069057159223e-02 1.7866487224154817e-01 0.0000000000000000e+00 1
-6.5260744638899137e-02 -7.4589473837017292e-02 0.0000000000000000e+00 1
1.3204574338397657e-01 -2.3445693312719335e-01 0.0000000000000000e+00 1
-2.4662922963611791e-01 1.8841118769538884e-01 0.0000000000000000e+00 1
1.7170039554618016e-01 -2.8865462631464689e-01 0.0000000000000000e+00 1
-3.3906557376422043e-02 -1.6241364003109648e-01 0.0000000000000000e+00 1
1.3379981321709666e-01 -1.0389925202086177e-01 0.0000000000000000e+00 1
-1.0860563932882522e-01 1.8806000496238809e-01 0.0000000000000000e+00 1
2.3508171812059020e-01 1.2139510779939522e-02 0.0000000000000000e+00 1
1.4286686455803926e-01 -7.5358873135002100e-02 0.0000000000000000e+00 1
3.5444111905026693e-01 -1.2763957917945498e-01 0.0000000000000000e+00 1
-2.1120409048630620e-01 1.5451794588332418e-01 0.0000000000000000e+00 1
-1.2279150001558972e-01 -1.5364198006307478e-02 0.0000000000000000e+00 1
2.3543195708291240e-01 -3.9115563397848896e-01 0.0000000000000000e+00 1
1.8841421521356128e-01 -3.4379099947924830e-03 0.0000000000000000e+00 1
-3.6071260334756022e-01 4.3891078989472759e-01 0.0000000000000000e+00 1
-4.0433358846557257e-02 3.8396184835408034e-02 0.0000000000000000e+00 1
3.1345416083078526e-01 -2.6648933852324835e-01 0.0000000000000000e+00 1
8.7851360333580888e-02 4.3891443911295291e-02 0.0000000000000000e+00 1
-1.0668151966261605e-01 -8.9330418100774273e-02 0.0000000000000000e+00 1
2.8705539397680735e-01 -1.0083335388857774e-01 0.0000000000000000e+00 1
-2.1507086225753352e-01 3.4421613858748068e-01 0.0000000000000000e+00 1
-1.7781313720427017e-01 2.2703234168396924e-01 0.0000000000000000e+00 1
-2.6870535973023097e-02 1.0254584401380305e-01 0.0000000000000000e+00 1
-5.0162219526277703e-02 -9.0608833863808316e-02 0.0000000000000000e+00 1
-1.1739778848411374e-01 6.1012424257608854e-02 0.0000000000000000e+00 1
1.3901892874367397e-01 -2.4201787293664451e-01 0.0000000000000000e+00 1
3.1447190436574579e-01 -6.6983820893413176e-02 0.0000000000000000e+00 1
1.6440686125511864e-01 -4.3193864103521379e-01 0.0000000000000000e+00 1
-1.9643688253127228e-01 3.2592794380647316e-01 0.0000000000000000e+00 1
2.4592001837798097e-01 -1.8145429861529819e-01 0.0000000000000000e+00 1
-2.7853326177926484e-02 8.8312079349008976e-02 0.0000000000000000e+00 1
-1.2860780857899148e-01 5.9853937491265961e-02 0.0000000000000000e+00 1
-3.5163464362440855e-01 4.7209737490296488e-01 0.0000000000000000e+00 1
-5.7221248584125001e-02 1.7703915089554889e-01 0.0000000000000000e+00 1
-3.5803457801145455e-01 4.5304891193245611e-01 0.0000000000000000e+00 1
3.1742470605653833e-01 -2.8405364849535264e-01 0.0000000000000000e+00 1
1.6468510968751093e-01 -2.8136449782911399e-01 0.0000000000000000e+00 1
-8.4684854957359529e-02 2.6347094932105786e-02 0.0000000000000000e+00 1
-1.7414638040328262e-01 1.7460973878770189e-01 0.0000000000000000e+00 1
1.3647055013108525e-01 -2.5213347259342234e-01 0.0000000000000000e+00 1
8.4268644173987273e-02 1.0629569741450247e-01 0.0000000000000000e+00 1
1.1370503917435931e-01 -3.8313006095190361e-01 0.0000000000000000e+00 1
2.6573720938332118e-01 -4.3581430362414952e-01 0.0000000000000000e+00 1
1.5279397084666232e-01 -3.6365666754255876e-01 0.0000000000000000e+00 1
1.7843749586727534e-01 -3.3136810665250038e-01 0.0000000000000000e+00 1
6.4684524662807732e-02 -8.7849169697685435e-03 0.0000000000000000e+00 1
-1.6851747509080858e-01 3.9267921214551013e-02 0.0000000000000000e+00 1
-7.2582019217292265e-02 1.3579160472474334e-02 0.0000000000000000e+00 1
1.5764317167851810e-01 -2.7405314255479585e-01 0.0000000000000000e+00 1
3.2948058324578700e-01 -2.8250316375721085e-01 0.0000000000000000e+00 1
-4.4410382158674572e-03 -6.7619206852259056e-02 0.0000000000000000e+00 1
5.9807478530728396e-03 1.1127956006213753e-01 0.0000000000000000e+00 1
1.5174020800407023e-01 3.6704503954929239e-02 0.0000000000000000e+00 1
-1.5693927401857521e-01 3.7906868472742772e-02 0.0000000000000000e+00 1
1.9817139390473215e-01 -4.4459410147147582e-01 0.0000000000000000e+00 1
-1.7092138176993935e-01 5.1111278191952068e-02 0.0000000000000000e+00 1
-1.3243464426747281e-01 -5.1191755872815534e-02 0.0000000000000000e+00 1
1.4353099784025786e-01 -2.5953052543905497e-01 0.0000000000000000e+00 1
-4.4520888586668347e-02 -9.5996781656075683e-02 0.0000000000000000e+00 1
7.9703607099849277e-02 5.1997968610001902e-02 0.0000000000000000e+00 1
-5.5333060901059633e-02 -1.1136779325902504e-01 0.0000000000000000e+00 1
1.5059028615329487e-01 -2.6679087942686608e-01 0.0000000000000000e+00 1
9.1576291573260471e-02 -1.5577128348928790e-01 0.0000000000000000e+00 1
3.4952150893359751e-01 -2.4508759576869910e-01 0.0000000000000000e+00 1
3.2360069270665792e-01 -1.3620366954314772e-01 0.0000000000000000e+00 1
1.9065167802517705e-01 -4.4608015044574834e-01 0.0000000000000000e+00 1
-1.2645472491291335e-02 2.0906750013566625e-01 0.0000000000000000e+00 1
3.3257850768491570e-01 -8.8350750707939296e-02 0.0000000000000000e+00 1
1.1629763291176090e-01 -3.7299819132985101e-01 0.0000000000000000e+00 1
1.7684409813281110e-01 -4.4066161598521064e-01 0.0000000000000000e+00 1
-4.7147138727115720e-02 2.9173945310035188e-01 0.0000000000000000e+00 1
-1.8125395163948757e-01 3.4164447518370678e-01 0.0000000000000000e+00 1
-3.6570910697850241e-02 -9.4740118374344873e-02 0.0000000000000000e+00 1
-6.3480385643022080e-02 -6.7017446176252396e-02 0.0000000000000000e+00 1
2.8784482116071608e-01 -3.1688071702904032e-02 0.0000000000000000e+00 1
-2.2229031282201700e-01 1.5131141926931480e-01 0.0000000000000000e+00 1
-8.7165581360472061e-02 3.1995705331063140e-01 0.0000000000000000e+00 1
7.4251207875803957e-02 -1.8537089532594131e-01 0.0000000000000000e+00 1
-8.3206717818329820e-03 1.3939782502221013e-01 0.0000000000000000e+00 1
-1.5804781018924294e-01 2.8796560055436234e-02 0.0000000000000000e+00 1
1.6431579357068940e-01 9.1063991655798468e-02 0.0000000000000000e+00 1
1.1636653969504687e-01 -3.5294745291488815e-02 0.0000000000000000e+00 1
1.0090605855478875e-01 -1.5355285967376467e-01 0.0000000000000000e+00 1
-1.4442581406239902e-01 2.5751657769076375e-01 0.0000000000000000e+00 1
2.6367877063822008e-02 -1.1883060680928387e-01 0.0000000000000000e+00 1
-1.1562346632442563e-01 -1.3555984513466398e-02 0.0000000000000000e+00 1
-3.2189793207967221e-01 4.5582299635325452e-01 0.0000000000000000e+00 1
3.4216750602858981e-01 -1.0018731489694141e-01 0.0000000000000000e+00 1
-9.7369877159619353e-02 3.9727123016485393e-02 0.0000000000000000e+00 1
3.3328919358163123e-02 -1.7741588233010525e-01 0.0000000000000000e+00 1
2.1015370818338597e-01 -4.4942071528311545e-01 0.0000000000000000e+00 1
7.5550749080491560e-03 -2.3304996393482069e-01 0.0000000000000000e+00 1
-1.1716856520361436e-01 4.7549467061897506e-02 0.0000000000000000e+00 1
2.1872962768667192e-01 -4.4653449413109425e-01 0.0000000000000000e+00 1
2.2426204032850902e-01 -4.5182002114400455e-01 0.0000000000000000e+00 1
1.4782246854057868e-01 -1.5754921845629068e-02 0.0000000000000000e+00 1
-1.9378150266327607e-01 7.3621591250851479e-02 0.0000000000000000e+00 1
-3.8379062095008028e-02 2.4432434157455515e-01 0.0000000000000000e+00 1
-2.0590179908682288e-01 3.3516603248585114e-01 0.0000000000000000e+00 1
-6.5541872147146865e-02 -1.3830093292018347e-01 0.0000000000000000e+00 1
2.4953993693205792e-01 -1.7157108744091371e-01 0.0000000000000000e+00 1
-1.7251612256844931e-01 7.2033873336309645e-02 0.0000000000000000e+00 1
-3.1877335481177382e-02 -1.3657348732514643e-01 0.0000000000000000e+00 1
-1.6205217109923370e-01 1.4713503118993762e-01 0.0000000000000000e+00 1
-3.4759981905667155e-02 -1.0653122380006774e-01 0.0000000000000000e+00 1
-2.0376844494967275e-01 2.2195817272366003e-01 0.0000000000000000e+00 1
-8.4904458262443430e-02 8.5218142947583952e-02 0.0000000000000000e+00 1
-9.9120150257814760e-02 3.0344297852316834e-02 0.0000000000000000e+00 1
3.0543886321475006e-02 -1.8682717145797412e-01 0.0000000000000000e+00 1
-1.0524746076732601e-01 -2.4296800086631987e-02 0.0000000000000000e+00 1
-7.5722320807347795e-02 -2.4894621257264275e-02 0.0000000000000000e+00 1
-1.3139486487510194e-01 2.6059082131428801e-01 0.0000000000000000e+00 1
-8.0349505062393425e-02 -1.1931293694845152e-01 0.0000000000000000e+00 1
-2.5718658530041139e-01 1.9692936542062148e-01 0.0000000000000000e+00 1
-4.3418959151597776e-02 1.0192217154806582e-01 0.0000000000000000e+00 1
9.6034864074977661e-02 3.5661148648789678e-02 0.0000000000000000e+00 1
1.1032649867964181e-01 -1.5147110812985526e-01 0.0000000000000000e+00 1
2.2012560689251537e-01 -3.3737257311843277e-01 0.0000000000000000e+00 1
-6.8077759550140088e-02 1.4477584613402708e-01 0.0000000000000000e+00 1
4.3488294275887317e-02 -8.1078763729439396e-02 0.0000000000000000e+00 1
-1.9793148833258489e-01 2.7879071532902748e-02 0.0000000000000000e+00 1
-4.1324486431079416e-02 -1.6360549992441176e-01 0.0000000000000000e+00 1
-1.1826634223164995e-03 -1.3141952345155639e-01 0.0000000000000000e+00 1
-9.2617498790167258e-02 -3.6194391049706343e-02 0.0000000000000000e+00 1
-1.1120561802940140e-01 4.1976239333673795e-02 0.0000000000000000e+00 1
-1.6142326837394463e-01 3.2330603970748545e-01 0.0000000000000000e+00 1
3.2815081964070691e-01 -3.0941419818773708e-01 0.0000000000000000e+00 1
-1.3402026673437845e-01 9.0369515236496806e-02 0.0000000000000000e+00 1
8.1287091371052209e-02 -1.9247144785050252e-01 0.0000000000000000e+00 1
3.2642036572108207e-01 -3.3790507723711738e-01 0.0000000000000000e+00 1
2.5993664218935064e-01 -4.4018606132575233e-01 0.0000000000000000e+00 1
2.0579303803946225e-01 -3.9215256950842603e-01 0.0000000000000000e+00 1
2.3256040220670116e-01 3.2688758671397720e-02 0.0000000000000000e+00 1
1.5047794041382656e-01 -3.0285123359807781e-01 0.0000000000000000e+00 1
5.8900515870999461e-02 -3.1034417631056721e-01 0.0000000000000000e+00 1
-1.7824069890722916e-01 -1.9894971830859767e-03 0.0000000000000000e+00 1
2.4780254267366353e-01 -4.4680294356957090e-01 0.0000000000000000e+00 1
-3.3976322153280275e-01 3.6656541095957806e-01 0.0000000000000000e+00 1
1.4608240814739737e-01 -3.5669644021907293e-01 0.0000000000000000e+00 1
1.5322614279021879e-01 -4.1306022839215523e-01 0.0000000000000000e+00 1
-2.3501636123099354e-01 1.4858722230201171e-01 0.0000000000000000e+00 1
-1.4608020375615483e-01 2.6781575654381336e-02 0.0000000000000000e+00 1
2.5974512425058349e-01 -7.1917279694370465e-02 0.0000000000000000e+00 1
-1.9083571294753079e-01 3.9563724854877691e-01 0.0000000000000000e+00 1
2.8070792901234559e-01 -2.3018767959890600e-02 0.0000000000000000e+00 1
1.7958549020338620e-02 1.1371583582654515e-01 0.0000000000000000e+00 1
-1.9938798321389287e-01 1.1737326526792499e-01 0.0000000000000000e+00 1
2.8779501463183994e-02 -2.4870499282492123e-01 0.0000000000000000e+00 1
3.4029899365538802e-01 -8.7051972997303190e-02 0.0000000000000000e+00 1
-1.0493471702511044e-01 2.0021679703943901e-01 0.0000000000000000e+00 1
2.4855634042861396e-01 -4.3967360539772204e-01 0.0000000000000000e+00 1
9.9190145373128952e-02 1.8327603039547424e-01 0.0000000000000000e+00 1
2.7849841582373952e-01 -1.1382873978584294e-01 0.0000000000000000e+00 1
-6.0565431404555600e-02 2.5348756392062211e-01 0.0000000000000000e+00 1
-6.6264870796121478e-02 6.9086248145386140e-03 0.0000000000000000e+00 1
-2.2589501791499089e-01 2.2817619019560209e-01 0.0000000000000000e+00 1
-3.5141206834475480e-01 4.3107148106731880e-01 0.0000000000000000e+00 1
1.1718567560086576e-01 -1.5878117863728594e-01 0.0000000000000000e+00 1
-9.9323430349191680e-02 -3.0075457689092422e-02 0.0000000000000000e+00 1
1.9483476653265627e-01 -4.0272359184611067e-01 0.0000000000000000e+00 1
-4.4359745995318695e-02 1.1951049220514134e-01 0.0000000000000000e+00 1
1.8423546273701444e-01 -3.9484300137710870e-01 0.0000000000000000e+00 1
-1.5173341722309941e-01 1.4940816397767126e-01 0.0000000000000000e+00 1
-5.6152562641963805e-02 4.2488672754609665e-02 0.0000000000000000e+00 1
1.2410243926041768e-01 -1.6660849810981848e-01 0.0000000000000000e+00 1
-2.1757767466972738e-01 7.7948284125345449e-02 0.0000000000000000e+00 1
7.5405032551298906e-02 -3.1908966641743819e-01 0.0000000000000000e+00 1
2.4349100025249432e-01 -4.1280288832054957e-01 0.0000000000000000e+00 1
-2.2940096625005141e-01 2.4823803883576270e-01 0.0000000000000000e+00 1
-2.1859918340742737e-01 1.0545821027066739e-01 0.0000000000000000e+00 1
-1.2654038403461448e-01 1.6830787200878054e-02 0.0000000000000000e+00 1
-3.5711938471680726e-01 4.7102930665283627e-01 0.0000000000000000e+00 1
-3.4983274888747357e-01 4.7661106498258038e-01 0.0000000000000000e+00 1
-2.7356606412640760e-01 2.3437538942423120e-01 0.0000000000000000e+00 1
3.4943155028029721e-02 -1.1685476918154511e-01 0.0000000000000000e+00 1
-6.6740240170006210e-02 -1.0842267363062311e-01 0.0000000000000000e+00 1
-1.1044970638424736e-01 -1.8936359622024512e-02 0.0000000000000000e+00 1
1.0177872684614386e-01 -3.4876120232555582e-02 0.0000000000000000e+00 1
1.7294136040548308e-01 -4.2890063553719721e-01 0.0000000000000000e+00 1
-2.7852748434187603e-02 1.4424485258810976e-01 0.0000000000000000e+00 1
1.2926375513189589e-01 -2.8088174711056896e-01 0.0000000000000000e+00 1
6.0735404476852994e-02 5.7241878182272790e-02 0.0000000000000000e+00 1
1.6027228043038938e-01 -3.9397410824687251e-01 0.0000000000000000e+00 1
2.4113233453842225e-01 -4.4896264870011865e-01 0.0000000000000000e+00 1
-1.3739818017296795e-01 -4.5929838619255987e-02 0.0000000000000000e+00 1
8.8263662506958787e-02 -1.9964741739039704e-01 0.0000000000000000e+00 1
-1.7143077010541000e-01 3.3252534960507785e-01 0.0000000000000000e+00 1
2.1209518190643317e-01 -1.7192250033287251e-01 0.0000000000000000e+00 1
-1.1537440897375363e-01 -7.9437014689898944e-02 0.0000000000000000e+00 1
1.9845187628635674e-01 -9.6487352440240898e-02 0.0000000000000000e+00 1
1.0076685739207808e-01 1.7273027027673662e-02 0.0000000000000000e+00 1
-5.4604436326773420e-02 5.3495892374829240e-02 0.0000000000000000e+00 1
1.7167101524794140e-01 -3.2463023187385498e-01 0.0000000000000000e+00 1
1.0152983142478562e-01 -9.4273559779364538e-02 0.0000000000000000e+00 1
1.2156591995870661e-01 1.0900281046440460e-02 0.0000000000000000e+00 1
1.2982480987249695e-01 -1.1374395874642800e-02 0.0000000000000000e+00 1
-2.3048378289016513e-02 1.6929551020632050e-01 0.0000000000000000e+00 1
-1.1739678967430812e-01 1.8100443480782623e-02 0.0000000000000000e+00 1
1.6580462130881948e-01 3.7218830006452437e-02 0.0000000000000000e+00 1
1.7874611158577838e-01 -4.0690285121929337e-01 0.0000000000000000e+00 1
-1.0019230672936179e-01 2.1305524303671580e-01 0.0000000000000000e+00 1
1.2204156517335096e-01 -6.1316151221673838e-03 0.0000000000000000e+00 1
2.1606077981224058e-02 1.6910523866595661e-01 0.0000000000000000e+00 1
-7.6083275971717088e-02 -6.3396255785223593e-02 0.0000000000000000e+00 1
-1.7658987091419531e-01 5.3939470255193224e-03 0.0000000000000000e+00 1
1.1106383774226902e-01 -9.2141355099769062e-02 0.0000000000000000e+00 1
1.2122447697519190e-01 -1.7556964378438578e-01 0.0000000000000000e+00 1
2.2707319929398125e-02 9.4756439030649134e-02 0.0000000000000000e+00 1
1.2064220952909338e-01 -3.1852048030296432e-01 0.0000000000000000e+00 1
-2.0983340775736431e-01 5.8851782351565782e-02 0.0000000000000000e+00 1
-1.4044429539384781e-01 1.5089205936839031e-01 0.0000000000000000e+00 1
-2.1121232352206587e-01 1.1453794841979215e-01 0.0000000000000000e+00 1
3.6071969228048568e-02 9.6279523763040206e-02 0.0000000000000000e+00 1
1.1577765514013882e-01 -2.2967141640949953e-01 0.0000000000000000e+00 1
-1.0673633177798776e-01 -3.4695237148523999e-03 0.0000000000000000e+00 1
1.0908452424945908e-01 9.4111448467969917e-03 0.0000000000000000e+00 1
2.3928166205773774e-01 -3.3113354633189007e-01 0.0000000000000000e+00 1
1.8527163408888650e-01 8.1510185929415835e-02 0.0000000000000000e+00 1
6.2801205511892388e-02 6.8750493576024946e-02 0.0000000000000000e+00 1
-8.0553501207962092e-03 -5.3589264135398197e-02 0.0000000000000000e+00 1
1.2566305131694744e-01 -1.9159706861639605e-01 0.0000000000000000e+00 1
1.0789538196202775e-01 -2.5863642435645884e-01 0.0000000000000000e+00 1
1.3936496984372768e-01 -3.4972176358280571e-01 0.0000000000000000e+00 1
3.5066594038094961e-01 -2.3532561967686405e-01 0.0000000000000000e+00 1
1.1830404486665475e-01 -2.1978922225223213e-01 0.0000000000000000e+00 1
2.9263004425263389e-01 -4.0777266377491517e-01 0.0000000000000000e+00 1
-5.6230693280778322e-02 1.1782489506858662e-01 0.0000000000000000e+00 1
1.6482579089854549e-01 -3.1736450439411201e-01 0.0000000000000000e+00 1
-3.4035954750728065e-01 3.9851518590235419e-01 0.0000000000000000e+00 1
4.0839981765970527e-02 -2.8475756757410575e-01 0.0000000000000000e+00 1
9.5143915194638551e-02 -2.0677879316248954e-01 0.0000000000000000e+00 1
9.7277098951229213e-02 1.0764435051959165e-01 0.0000000000000000e+00 1
-1.1764388704961003e-01 5.5625609289877264e-03 0.0000000000000000e+00 1
-1.2005285886450844e-01 1.2768407697684042e-01 0.0000000000000000e+00 1
2.3790699381715560e-01 -4.0641327988598480e-01 0.0000000000000000e+00 1
-3.3996906907601121e-01 4.7709621350752651e-01 0.0000000000000000e+00 1
-7.4686054623999090e-02 -5.5565234476255929e-02 0.0000000000000000e+00 1
-2.6922225839940948e-02 -1.4192011351704129e-01 0.0000000000000000e+00 1
9.5862354986872324e-03 2.6205570694016966e-01 0.0000000000000000e+00 1
-6.2638999461814004e-03 -1.0553498359560300e-01 0.0000000000000000e+00 1
1.0062735553976761e-01 -3.6909393065520424e-01 0.0000000000000000e+00 1
4.3603498262507881e-02 -1.1476602336316415e-01 0.0000000000000000e+00 1
-3.4577249391553411e-01 4.7387562498183233e-01 0.0000000000000000e+00 1
3.6267624370617368e-02 7.8414846536727423e-02 0.0000000000000000e+00 1
1.1878820415969452e-01 -1.8446100005082239e-01 0.0000000000000000e+00 1
-1.1244172208569690e-01 3.5840172915239932e-01 0.0000000000000000e+00 1
-6.2868254847259317e-02 -7.6428129228334621e-03 0.0000000000000000e+00 1
-1.4077696919331329e-02 -4.7044507553813543e-02 0.0000000000000000e+00 1
-2.0722083158991851e-03 -5.9956015261379128e-02 0.0000000000000000e+00 1
-3.6193797709194686e-01 4.6320166031543042e-01 0.0000000000000000e+00 1
1.4300691922893341e-01 -1.9692051566192054e-01 0.0000000000000000e+00 1
8.7425882971731511e-02 -2.3607726781812000e-01 0.0000000000000000e+00 1
1.5666076489134409e-01 -4.0344979383433710e-01 0.0000000000000000e+00 1
-2.4151835830140705e-01 4.2530265279307666e-01 0.0000000000000000e+00 1
2.6644306107439386e-01 -1.0423469750949421e-01 0.0000000000000000e+00 1
-1.4054605339673346e-01 2.0796521590274102e-02 0.0000000000000000e+00 1
-6.0287872718181854e-02 1.3604476221781553e-01 0.0000000000000000e+00 1
4.4427654801074232e-02 7.1877068354530060e-02 0.0000000000000000e+00 1
9.9261851909280996e-02 -2.9647119609525607e-01 0.0000000000000000e+00 1
4.4166103816899501e-03 -1.3725635238336734e-01 0.0000000000000000e+00 1
-7.7786080507104951e-03 3.1747570587276758e-03 0.0000000000000000e+00 1
1.0209499050800985e-01 -2.1443072037472805e-01 0.0000000000000000e+00 1
1.5766682216964428e-01 -3.1000031273804274e-01 0.0000000000000000e+00 1
1.3990820175296048e-01 1.4450967297276152e-01 0.0000000000000000e+00 1
-2.0296483476907025e-02 -4.0330113245601179e-02 0.0000000000000000e+00 1
-1.3495298851246018e-01 1.5215563834331399e-02 0.0000000000000000e+00 1
-3.6167853348425313e-04 -2.0566256897932925e-01 0.0000000000000000e+00 1
1.3242164943894830e-01 -3.4215517800423190e-01 0.0000000000000000e+00 1
3.1361004585272106e-02 2.2861552027401139e-01 0.0000000000000000e+00 1
2.6161780695325693e-01 -1.5872014913598721e-02 0.0000000000000000e+00 1
-1.5328974774354054e-01 -3.6189402493336090e-02 0.0000000000000000e+00 1
4.9530742533309878e-02 -2.7104093004857277e-01 0.0000000000000000e+00 1
2.7013329976592088e-01 -7.0321945348428158e-02 0.0000000000000000e+00 1
-8.7046724686104054e-02 -5.2681300702082254e-02 0.0000000000000000e+00 1
1.3484500008145639e-01 -1.8933724955959189e-01 0.0000000000000000e+00 1
-7.7079036356083250e-03 2.5903814080945203e-01 0.0000000000000000e+00 1
-1.0851242693303223e-01 -1.1287613935090691e-02 0.0000000000000000e+00 1
5.2340811415833230e-02 -1.1274946210431817e-01 0.0000000000000000e+00 1
9.4003570988432886e-02 -2.4382120460480641e-01 0.0000000000000000e+00 1
3.5678100228818266e-01 -1.7265188497291409e-01 0.0000000000000000e+00 1
1.4119784875294258e-01 -3.0469897672373358e-01 0.0000000000000000e+00 1
-4.7364021805247486e-02 2.5558269667138273e-01 0.0000000000000000e+00 1
-2.7011414810751383e-01 4.5195720965254416e-01 0.0000000000000000e+00 1
1.5235046910748556e-01 -1.9426454727490819e-01 0.0000000000000000e+00 1
1.8598815173775021e-01 -1.3456797571363033e-01 0.0000000000000000e+00 1
6.0615702395491418e-02 -2.6913302512596760e-01 0.0000000000000000e+00 1
2.3501076567089052e-01 -3.1647762781527877e-01 0.0000000000000000e+00 1
6.8397285908624206e-02 -2.7616174070895871e-01 0.0000000000000000e+00 1
2.3229254431671253e-01 -4.0028916530951153e-01 0.0000000000000000e+00 1
2.5876429517287791e-01 -1.1795695262993076e-01 0.0000000000000000e+00 1
3.0124186219298310e-01 -3.9308935987115201e-01 0.0000000000000000e+00 1
-5.8443034259475148e-02 -1.3967712771861401e-02 0.0000000000000000e+00 1
8.6212848412043186e-02 -3.0370209385017059e-02 0.0000000000000000e+00 1
-8.8948138716424777e-02 -1.1074625688522906e-01 0.0000000000000000e+00 1
3.4627052137356712e-01 -1.3774897677030939e-01 0.0000000000000000e+00 1
-4.5459205685908402e-02 -1.2808026530539602e-02 0.0000000000000000e+00 1
1.3424343344033696e-01 -2.9749897008068571e-01 0.0000000000000000e+00 1
1.7875146232585359e-02 -1.5120606585350919e-02 0.0000000000000000e+00 1
-8.1818475826632930e-02 9.3614872332613480e-02 0.0000000000000000e+00 1
2.2748402512809726e-02 -2.4109805261196460e-01 0.0000000000000000e+00 1
2.2506394026427301e-01 4.2213901684352385e-02 0.0000000000000000e+00 1
-2.7970432385817846e-02 -1.6861683289582163e-01 0.0000000000000000e+00 1
1.2562398816398448e-01 -3.3499303894869353e-01 0.0000000000000000e+00 1
-9.2263279866592288e-02 -4.8746449867670662e-02 0.0000000000000000e+00 1
1.6383977994079885e-01 -1.8278975297557357e-01 0.0000000000000000e+00 1
-6.9717784096788180e-02 5.3855153901457592e-02 0.0000000000000000e+00 1
-3.3044923871662253e-02 -2.7501128352144862e-02 0.0000000000000000e+00 1
6.7335448804240722e-02 4.9293842280750825e-04 0.0000000000000000e+00 1
1.1290033121975956e-01 -2.7534590770727407e-01 0.0000000000000000e+00 1
9.1637450193091843e-02 -2.5337199669509436e-01 0.0000000000000000e+00 1
-3.4131597255632629e-03 1.3126103773192576e-02 0.0000000000000000e+00 1
1.9447646873516522e-01 -1.3029623481123687e-01 0.0000000000000000e+00 1
-2.9839748856510945e-01 4.6435356936009342e-01 0.0000000000000000e+00 1
5.8852977394973763e-02 -1.1951358673224839e-01 0.0000000000000000e+00 1
-2.5167384152560660e-02 1.5635640179727950e-01 0.0000000000000000e+00 1
8.2054167159266167e-02 -1.4575935408876636e-02 0.0000000000000000e+00 1
1.3631810459723998e-01 -2.8810993115452654e-01 0.0000000000000000e+00 1
8.5051611472579697e-02 -2.8163596235200550e-01 0.0000000000000000e+00 1
1.1998911222556127e-01 -2.8278313397285043e-01 0.0000000000000000e+00 1
9.8671823093897743e-02 -2.6069351560775639e-01 0.0000000000000000e+00 1
2.4659278784149860e-01 -1.0894013083110146e-01 0.0000000000000000e+00 1
-6.9537478323768484e-02 6.8964405644669907e-02 0.0000000000000000e+00 1
-1.8060623981210738e-01 6.9715457804807993e-02 0.0000000000000000e+00 1
1.2766793323798176e-01 -3.2570758805917144e-01 0.0000000000000000e+00 1
2.0761128610089125e-01 -1.1832996533649616e-01 0.0000000000000000e+00 1
1.0438045577253187e-01 -3.1314221773689371e-01 0.0000000000000000e+00 1
1.6502031860352767e-01 1.9116191896075128e-02 0.0000000000000000e+00 1
-4.6499347971104207e-02 -2.6023135293903654e-02 0.0000000000000000e+00 1
2.1952758035936115e-01 -1.2704735800071770e-01 0.0000000000000000e+00 1
1.7147817693897122e-01 8.0365981457044045e-02 0.0000000000000000e+00 1
-3.4229782915406542e-02 -3.6636235029618519e-02 0.0000000000000000e+00 1
1.7170268851708201e-01 -1.8962766747617466e-01 0.0000000000000000e+00 1
3.3806454780909179e-01 -2.7778104623158095e-01 0.0000000000000000e+00 1
1.1498188770224090e-01 -2.6590197741806854e-01 0.0000000000000000e+00 1
1.1144423030884844e-01 -3.2043915922083205e-01 0.0000000000000000e+00 1
-1.4229584363560766e-01 -4.0593139627758061e-02 0.0000000000000000e+00 1
-5.3850401942219989e-02 1.5757696028439541e-01 0.0000000000000000e+00 1
7.7891012959870637e-02 -2.7424685784432351e-01 0.0000000000000000e+00 1
2.2682708889604661e-01 -1.1368200428473625e-01 0.0000000000000000e+00 1
-2.5065726781030556e-01 4.3204900829339909e-01 0.0000000000000000e+00 1
2.3905691487376243e-01 -1.2251417757322113e-01 0.0000000000000000e+00 1
-1.3900043250134797e-01 1.3237824939925716e-01 0.0000000000000000e+00 1
3.4613893207905366e-02 1.7035055701418556e-01 0.0000000000000000e+00 1
1.8825047459097280e-01 -1.9430524531755256e-01 0.0000000000000000e+00 1
6.0002288447481705e-02 7.9798827719382293e-03 0.0000000000000000e+00 1
-5.7192811082234257e-02 3.0138368381425873e-01 0.0000000000000000e+00 1
-1.9414238312488390e-02 -1.4097722257621106e-01 0.0000000000000000e+00 1
2.7683044800762929e-01 -4.2695062928476074e-01 0.0000000000000000e+00 1
2.6971586586011476e-01 -2.4323451564541264e-02 0.0000000000000000e+00 1
8.2918780700229455e-02 -2.9106278292668275e-01 0.0000000000000000e+00 1
9.0037296937489367e-02 -2.9837810230005984e-01 0.0000000000000000e+00 1
-7.6673921164762335e-02 7.6395320005805234e-02 0.0000000000000000e+00 1
2.0289605796007007e-01 -8.7368402039000231e-02 0.0000000000000000e+00 1
1.0638037952490094e-01 -3.0370921116315497e-01 0.0000000000000000e+00 1
-2.5637461509106935e-01 2.4176905690614955e-01 0.0000000000000000e+00 1
1.3944752889174605e-01 5.6515650800134029e-02 0.0000000000000000e+00 1
2.0508996500680937e-01 -1.9922982032737527e-01 0.0000000000000000e+00 1
-2.1202130556474924e-01 2.3088968337467583e-01 0.0000000000000000e+00 1
3.4433726508695017e-01 -2.1947327758032578e-01 0.0000000000000000e+00 1
-1.3567108778406536e-01 1.5959590827841211e-01 0.0000000000000000e+00 1
7.1951839906471374e-02 -1.6211827269224887e-02 0.0000000000000000e+00 1
-3.1575784019282815e-01 4.6975040933185763e-01 0.0000000000000000e+00 1
1.2821601534225253e-02 -1.3573792445795677e-01 0.0000000000000000e+00 1
2.4217718428129029e-01 -3.9128505018875764e-01 0.0000000000000000e+00 1
-1.4595006006421132e-01 1.7264923717893060e-01 0.0000000000000000e+00 1
-2.4332752211709607e-01 2.4526579483336589e-01 0.0000000000000000e+00 1
6.5346517437153626e-02 -3.2031498646736983e-01 0.0000000000000000e+00 1
-2.1313132047981442e-01 8.4820461878380868e-02 0.0000000000000000e+00 1
-2.6073444630632703e-01 1.7527624597438685e-01 0.0000000000000000e+00 1
2.2188979430254874e-01 -2.0424484228882972e-01 0.0000000000000000e+00 1
-1.9888098157559853e-01 4.0248686074225981e-01 0.0000000000000000e+00 1
1.0015694187898339e-01 8.7294356583782512e-02 0.0000000000000000e+00 1
1.6932079005645273e-01 1.0053754780923432e-01 0.0000000000000000e+00 1
-2.1881086348461365e-02 -1.7481324437118648e-01 0.0000000000000000e+00 1
9.4417248082455149e-02 -3.6134666010469363e-01 0.0000000000000000e+00 1
2.5546128529262091e-01 -3.0909017175737485e-01 0.0000000000000000e+00 1
-9.0730873363109962e-02 -1.0019480241417293e-01 0.0000000000000000e+00 1
7.7513040798983565e-02 1.8485682473649381e-01 0.0000000000000000e+00 1
1.8076998569083860e-01 -1.8753389952380184e-01 0.0000000000000000e+00 1
-2.8523958296659413e-01 2.5923207419609529e-01 0.0000000000000000e+00 1
2.3778622033541577e-01 -2.1021159039013199e-01 0.0000000000000000e+00 1
1.8123157539387522e-03 -7.3871082704058705e-02 0.0000000000000000e+00 1
-1.3013908511098660e-01 9.9631001796751550e-02 0.0000000000000000e+00 1
-1.9095787489668498e-01 2.2476317109650790e-01 0.0000000000000000e+00 1
-1.4437876545723044e-01 -2.9548080756797376e-02 0.0000000000000000e+00 1
-1.8646720663855665e-01 7.0437069184962828e-03 0.0000000000000000e+00 1
5.2700621268216286e-02 1.5340109321972877e-02 0.0000000000000000e+00 1
-6.0702576466859864e-02 -1.3698416026110952e-01 0.0000000000000000e+00 1
-3.3315381108897046e-01 3.4360663919984713e-01 0.0000000000000000e+00 1
1.9748830079995450e-01 -1.9249523943547875e-01 0.0000000000000000e+00 1
-4.2345109416137491e-02 2.3316991640407486e-01 0.0000000000000000e+00 1
2.3010218961138362e-01 -4.5342989348975210e-01 0.0000000000000000e+00 1
1.8713725554629815e-02 -1.4144370006591167e-01 0.0000000000000000e+00 1
-8.9277780980416971e-02 1.0132615577128232e-01 0.0000000000000000e+00 1
2.4211335370529738e-01 -2.2827633221101498e-01 0.0000000000000000e+00 1
3.0920353347922785e-02 -7.9787865118092396e-02 0.0000000000000000e+00 1
-3.1351844788939626e-01 4.5911351655299137e-01 0.0000000000000000e+00 1
1.9616051824295089e-01 -4.5011002797701261e-01 0.0000000000000000e+00 1
-1.3200240226958879e-01 3.5463726424974984e-01 0.0000000000000000e+00 1
1.8268998705469053e-01 1.8511079485625234e-02 0.0000000000000000e+00 1
2.7868729683733445e-01 -6.9296788544514265e-02 0.0000000000000000e+00 1
-3.1171566156363045e-01 3.2036837332144963e-01 0.0000000000000000e+00 1
1.8224907543635310e-01 -4.3717636752532957e-01 0.0000000000000000e+00 1
2.1432495808405211e-01 -1.9744345625781171e-01 0.0000000000000000e+00 1
1.0023620310031883e-02 -7.2973560179919655e-02 0.0000000000000000e+00 1
3.0586805087440744e-01 -3.6779804880727518e-01 0.0000000000000000e+00 1
3.1721791528085092e-01 -3.3908889463691089e-01 0.0000000000000000e+00 1
-3.4709025137064337e-01 4.1380826941305177e-01 0.0000000000000000e+00 1
2.4687888095726937e-01 -2.4661447240366582e-01 0.0000000000000000e+00 1
2.5257398315535179e-01 -2.9114015939021765e-01 0.0000000000000000e+00 1
2.5359434807620695e-01 -2.8275803700026703e-01 0.0000000000000000e+00 1
-1.9788437451073182e-01 3.6729887192327997e-02 0.0000000000000000e+00 1
2.5100439924138074e-01 -2.6404270510327377e-01 0.0000000000000000e+00 1
-1.8584262974914331e-01 1.7062116996867237e-02 0.0000000000000000e+00 1
1.2592006909927450e-01 1.4344134603417399e-01 0.0000000000000000e+00 1
3.3019955733867878e-01 -3.2845713787593001e-01 0.0000000000000000e+00 1
1.3098776450943355e-02 -2.4165021503594952e-01 0.0000000000000000e+00 1
3.2970579795685279e-01 -9.5695842137824977e-02 0.0000000000000000e+00 1
3.3733889814542395e-01 -9.4391137296444300e-02 0.0000000000000000e+00 1
-9.4838978493272746e-02 -9.5405928381320129e-02 0.0000000000000000e+00 1
3.2420118813621235e-01 -3.2032419943811219e-01 0.0000000000000000e+00 1
2.3078768055505156e-01 -2.0279835210530853e-01 0.0000000000000000e+00 1
2.2979456049532448e-01 -3.3423151079874835e-01 0.0000000000000000e+00 1
3.3716679798322785e-01 -3.0835329055496213e-01 0.0000000000000000e+00 1
-1.6881014731542199e-01 1.8565672341583439e-01 0.0000000000000000e+00 1
3.0260052077602040e-01 -3.7655735988115646e-01 0.0000000000000000e+00 1
-3.5845264369946001e-01 4.7453690226542677e-01 0.0000000000000000e+00 1
3.4594118641866062e-01 -2.0971005289347322e-01 0.0000000000000000e+00 1
3.5176373516806658e-01 -1.1247263327354637e-01 0.0000000000000000e+00 1
-9.1265127373371113e-03 2.8014704125875206e-01 0.0000000000000000e+00 1
9.6835308762878727e-02 -2.8351650491612115e-02 0.0000000000000000e+00 1
-1.1230368463381907e-01 1.5144955776161789e-03 0.0000000000000000e+00 1
2.4505562092194960e-01 -3.1316704724123945e-01 0.0000000000000000e+00 1
1.2783548460557913e-02 -8.5872332395337925e-02 0.0000000000000000e+00 1
-1.7913142450067490e-02 -1.5276309238630295e-01 0.0000000000000000e+00 1
-1.0570031114697899e-01 -8.3436691862166498e-02 0.0000000000000000e+00 1
2.3544386284507704e-01 -2.1938765399055504e-01 0.0000000000000000e+00 1
-1.5910159847102540e-01 1.8630860046557593e-01 0.0000000000000000e+00 1
1.5597890765275096e-01 1.1344469389964425e-01 0.0000000000000000e+00 1
-2.3412371989879996e-01 1.3840263675378497e-01 0.0000000000000000e+00 1
2.8008118539276544e-01 -4.1138395508193021e-01 0.0000000000000000e+00 1
-1.4670555510637029e-01 -3.5400381233628042e-02 0.0000000000000000e+00 1
2.5448751720065677e-01 -4.3770224557389598e-01 0.0000000000000000e+00 1
-3.5527785123097066e-01 4.3667756440750916e-01 0.0000000000000000e+00 1
2.3980323401911752e-01 -3.6271333711688847e-01 0.0000000000000000e+00 1
3.8677456514094988e-02 1.4924160077426563e-01 0.0000000000000000e+00 1
4.5368113787565847e-02 2.2686281104265224e-02 0.0000000000000000e+00 1
-1.3365083315892717e-01 3.7450231140218415e-01 0.0000000000000000e+00 1
-2.7083169774234157e-02 -1.0524506653802275e-01 0.0000000000000000e+00 1
-1.9682796522872515e-02 -1.0429025144983615e-01 0.0000000000000000e+00 1
-1.8985371022537983e-01 2.2122572574807681e-02 0.0000000000000000e+00 1
-3.2522132952211208e-01 4.0297612262564653e-01 0.0000000000000000e+00 1
3.1374060482942939e-01 -3.4866330101912985e-01 0.0000000000000000e+00 1
3.3958300276751818e-01 -2.9787720748146324e-01 0.0000000000000000e+00 1
-4.6775629928224385e-03 -1.9258916729683581e-01 0.0000000000000000e+00 1
-9.6524692446950389e-02 1.0892113788215431e-01 0.0000000000000000e+00 1
2.2944039982110830e-02 2.3904022237534819e-01 0.0000000000000000e+00 1
1.0618632352563231e-01 7.8850184361108966e-02 0.0000000000000000e+00 1
2.7212646868902561e-02 -1.3946711593329761e-01 0.0000000000000000e+00 1
2.4465377981037953e-01 -3.7889105719542759e-01 0.0000000000000000e+00 1
-1.1260783416645488e-01 1.2307435530656267e-01 0.0000000000000000e+00 1
2.1810527645204963e-01 -9.3358311503780336e-02 0.0000000000000000e+00 1
-5.0193346847287969e-02 1.6782523510206004e-01 0.0000000000000000e+00 1
2.3892674604128158e-01 -2.3567532856824697e-01 0.0000000000000000e+00 1
3.5811081596812466e-01 -1.6379808263269635e-01 0.0000000000000000e+00 1
-3.6329654714293647e-01 4.5230849284614028e-01 0.0000000000000000e+00 1
-7.5044366679599309e-02 2.0728038044198721e-01 0.0000000000000000e+00 1
1.8010094412166025e-01 2.2653863457067660e-03 0.0000000000000000e+00 1
9.7515772486256341e-02 -3.5323263358099760e-01 0.0000000000000000e+00 1
-1.5235159263359715e-01 3.7094830498299380e-01 0.0000000000000000e+00 1
6.2993300321748893e-02 -3.0318865421220659e-01 0.0000000000000000e+00 1
2.6557069073297213e-01 -4.2885665773044368e-01 0.0000000000000000e+00 1
-8.2805312926776259e-02 -1.0956800452592906e-01 0.0000000000000000e+00 1
-3.3233429171530895e-02 2.2411477632306967e-01 0.0000000000000000e+00 1
2.5263680658703713e-01 -1.8081776205896561e-02 0.0000000000000000e+00 1
1.7670598631626505e-01 -4.3473638285145494e-01 0.0000000000000000e+00 1
3.1009609442134128e-01 -3.5829517915454095e-01 0.0000000000000000e+00 1
2.4322519826346267e-01 -2.5282097039608803e-01 0.0000000000000000e+00 1
-2.6427465671088757e-01 2.0858087608596773e-01 0.0000000000000000e+00 1
-3.3419598498997516e-01 3.7619018101262613e-01 0.0000000000000000e+00 1
-2.9701968568832027e-01 2.8580622594510136e-01 0.0000000000000000e+00 1
3.3301536388575664e-01 -2.9179474447884873e-01 0.0000000000000000e+00 1
3.0780252489585813e-01 -3.8191292930604714e-01 0.0000000000000000e+00 1
-5.3767121756391867e-02 1.8735221038704497e-01 0.0000000000000000e+00 1
2.4729244615273407e-01 -2.6998626878036347e-01 0.0000000000000000e+00 1
4.2867581388951611e-04 -1.9831279143716590e-01 0.0000000000000000e+00 1
3.4791432309627163e-01 -1.5291190538343724e-01 0.0000000000000000e+00 1
1.3871353877428264e-01 1.2466547043335773e-01 0.0000000000000000e+00 1
-1.2376361410684911e-01 1.3447442022424838e-01 0.0000000000000000e+00 1
-1.4171301974440345e-01 1.8139484321182747e-01 0.0000000000000000e+00 1
-9.3189014434428369e-02 3.2927871892458327e-01 0.0000000000000000e+00 1
-2.8604821850353046e-01 4.4951390024842797e-01 0.0000000000000000e+00 1
1.1896965870008287e-01 1.5179274257106040e-01 0.0000000000000000e+00 1
-1.1308811288237693e-01 3.3869999595880534e-01 0.0000000000000000e+00 1
-1.2171028588270863e-01 1.0168805640536432e-01 0.0000000000000000e+00 1
3.8509318592726119e-02 2.8787838506899671e-02 0.0000000000000000e+00 1
7.9465387025528869e-02 2.0507182539684354e-01 0.0000000000000000e+00 1
2.3312951855305231e-01 -3.5551396195158913e-01 0.0000000000000000e+00 1
-1.5040426267633666e-01 1.9007115886688536e-01 0.0000000000000000e+00 1
-3.2439126134289004e-03 -9.4950731620727979e-02 0.0000000000000000e+00 1
3.2116408924689277e-01 -9.7420211166470039e-02 0.0000000000000000e+00 1
2.1326126456269405e-02 -8.3665292283629962e-03 0.0000000000000000e+00 1
-3.5254135061024555e-01 4.7891530422803841e-01 0.0000000000000000e+00 1
-1.0417415291799986e-01 1.1651655216049407e-01 0.0000000000000000e+00 1
1.3193410768132280e-01 5.2369038565904302e-02 0.0000000000000000e+00 1
3.5993478652712324e-02 -1.3738037599444886e-01 0.0000000000000000e+00 1
2.4852989793503683e-01 -2.9708836002930028e-01 0.0000000000000000e+00 1
3.4790970769362450e-01 -9.8460911061364148e-02 0.0000000000000000e+00 1
-1.8615306158504619e-01 7.4218142327735645e-02 0.0000000000000000e+00 1
-2.9272475530962783e-01 3.0303101447319203e-01 0.0000000000000000e+00 1
3.3371772265608557e-02 -3.2056589051318564e-02 0.0000000000000000e+00 1
3.4732580827908288e-01 -1.2835597012561378e-01 0.0000000000000000e+00 1
-3.1765416898437837e-01 3.2983585871196375e-01 0.0000000000000000e+00 1
-3.6041592747443435e-01 4.7198382074535800e-01 0.0000000000000000e+00 1
2.3916107421162672e-01 -3.7577917219150075e-01 0.0000000000000000e+00 1
2.2681279049214970e-01 -3.4908051061181222e-01 0.0000000000000000e+00 1
-2.2312120810274602e-01 1.1364832649737495e-01 0.0000000000000000e+00 1
1.4395358385427800e-02 -1.2463214503607295e-03 0.0000000000000000e+00 1
-6.6188489879387691e-02 3.0994207084593262e-01 0.0000000000000000e+00 1
-1.4301598838481588e-01 -1.9609873970504489e-02 0.0000000000000000e+00 1
-1.6544952765279761e-02 -1.0908818024637142e-01 0.0000000000000000e+00 1
3.4718137165284113e-01 -2.6397839316432903e-01 0.0000000000000000e+00 1
-6.1141191184861214e-02 1.9634809881715204e-01 0.0000000000000000e+00 1
2.0662284565720758e-02 -8.4385993928623879e-02 0.0000000000000000e+00 1
2.0155319525629867e-01 -1.3101782678185278e-01 0.0000000000000000e+00 1
-3.4886146316373906e-01 4.8003496637125564e-01 0.0000000000000000e+00 1
-2.5871209700103620e-01 4.3815601547700633e-01 0.0000000000000000e+00 1
3.9554134882407166e-02 -3.9044671626420349e-02 0.0000000000000000e+00 1
-2.7051678944027002e-01 2.2471240471001541e-01 0.0000000000000000e+00 1
4.4773100684297927e-02 -1.3519104468296850e-01 0.0000000000000000e+00 1
-2.2668781072455374e-02 2.2654832772441125e-01 0.0000000000000000e+00 1
1.2222258481646209e-01 6.4388734037812978e-02 0.0000000000000000e+00 1
-2.4147262178170353e-01 1.5851774565023904e-01 0.0000000000000000e+00 1
4.5516772064854424e-02 1.4010276314686973e-01 0.0000000000000000e+00 1
2.4579053011231367e-01 -5.4339380937895301e-03 0.0000000000000000e+00 1
-3.1798625841268402e-01 4.3837654057271358e-01 0.0000000000000000e+00 1
-2.5047810507082383e-02 2.9208807584460461e-01 0.0000000000000000e+00 1
-6.9671189662847327e-02 -1.3488367006320723e-01 0.0000000000000000e+00 1
2.1831422124586877e-01 5.0037154068782640e-02 0.0000000000000000e+00 1
-5.7253120543536019e-02 -1.4004203068358409e-01 0.0000000000000000e+00 1
2.6373728703099397e-02 -2.5006639662842545e-02 0.0000000000000000e+00 1
3.3568382342261296e-02 -6.8413416109675773e-02 0.0000000000000000e+00 1
-3.5773715425801766e-01 4.6499479549056599e-01 0.0000000000000000e+00 1
3.4717180263844433e-01 -2.0070123065183451e-01 0.0000000000000000e+00 1
2.9479596624363347e-01 -3.9226179451121018e-01 0.0000000000000000e+00 1
3.4567710066120538e-01 -2.7799677695642566e-01 0.0000000000000000e+00 1
-4.1027520338625716e-02 1.6916768253548764e-01 0.0000000000000000e+00 1
-1.8143489742677035e-01 1.9742615362023552e-01 0.0000000000000000e+00 1
-8.2451581268430676e-02 2.0291833859748470e-01 0.0000000000000000e+00 1
-2.6641023053511986e-01 2.4094508672117071e-01 0.0000000000000000e+00 1
-3.1693517047392916e-01 4.5067376291804773e-01 0.0000000000000000e+00 1
5.2609566329195181e-02 -1.3322230985995154e-01 0.0000000000000000e+00 1
-2.0328654378134337e-01 5.6915430581702633e-02 0.0000000000000000e+00 1
2.3060502056149113e-01 -4.4834799265060554e-01 0.0000000000000000e+00 1
1.8774691342334704e-01 -4.3992048407238643e-01 0.0000000000000000e+00 1
3.3889778423229577e-01 -1.5470191115895343e-01 0.0000000000000000e+00 1
-1.1886555845911691e-01 1.1091517259792691e-01 0.0000000000000000e+00 1
-1.7836883278584278e-01 2.0830561264585101e-01 0.0000000000000000e+00 1
-1.5070121464248609e-01 -1.2755464628131118e-02 0.0000000000000000e+00 1
-2.0494251035656286e-01 4.1508831443246005e-02 0.0000000000000000e+00 1
2.2697267008283153e-01 -9.2383874955658585e-02 0.0000000000000000e+00 1
-2.5585961563008841e-01 1.8485473084538986e-01 0.0000000000000000e+00 1
2.6713711123551507e-02 2.4975720751113062e-01 0.0000000000000000e+00 1
-3.5605409905575325e-01 4.4180622375318013e-01 0.0000000000000000e+00 1
-7.6362627466562347e-02 -1.0791609258917188e-01 0.0000000000000000e+00 1
1.9690759751360976e-01 3.9419333476330685e-04 0.0000000000000000e+00 1
1.7897564985222586e-01 -4.2468783268532428e-01 0.0000000000000000e+00 1
-7.8213183488851409e-02 3.2061948528270728e-01 0.0000000000000000e+00 1
1.9958794437749866e-01 -3.9117482096097211e-01 0.0000000000000000e+00 1
1.1503851036015009e-02 -2.2609708672223380e-01 0.0000000000000000e+00 1
1.3730350044326683e-01 7.9019781114629262e-02 0.0000000000000000e+00 1
-2.9169864783861510e-01 2.6952593676758652e-01 0.0000000000000000e+00 1
-1.6770800361526134e-01 4.5915042568084666e-02 0.0000000000000000e+00 1
1.4764656296954468e-01 1.0953938235600139e-01 0.0000000000000000e+00 1
1.3622514094950500e-01 -3.9977287895083341e-01 0.0000000000000000e+00 1
-9.0486451030687393e-02 -8.3647107730102616e-02 0.0000000000000000e+00 1
3.1235796825274931e-01 -9.9523355290340787e-02 0.0000000000000000e+00 1
3.6050352636342965e-02 -6.0718030480842129e-02 0.0000000000000000e+00 1
1.8051180240338122e-01 -1.4211700556286844e-01 0.0000000000000000e+00 1

Edges
251
1 2 1
2 3 1
3 4 1
4 5 1
5 6 1
6 7 1
7 8 1
8 9 1
9 10 1
10 11 1
11 12 1
12 13 1
13 14 1
14 15 1
15 16 1
16 17 1
17 18 1
18 19 1
19 20 1
20 21 1
21 22 1
22 23 1
23 24 1
24 25 1
25 26 1
26 27 1
27 28 1
28 29 1
29 30 1
30 31 1
31 32 1
32 33 1
33 34 1
34 35 1
35 36 1
36 37 1
37 38 1
38 39 1
39 40 1
40 41 1
41 42 1
42 43 1
43 44 1
44 45 1
45 46 1
46 47 1
47 48 1
48 49 1
49 50 1
50 51 1
51 52 1
52 53 1
53 54 1
54 55 1
55 56 1
56 57 1
57 58 1
58 59 1
59 60 1
60 61 1
61 62 1
62 63 1
63 64 1
64 65 1
65 66 1
66 67 1
67 68 1
68 69 1
69 70 1
70 71 1
71 72 1
72 73 1
73 74 1
74 75 1
75 76 1
76 77 1
77 78 1
78 79 1
79 80 1
80 81 1
81 82 1
82 83 1
83 84 1
84 85 1
85 86 1
86 87 1
87 88 1
88 89 1
89 90 1
90 91 1
91 92 1
92 93 1
93 94 1
94 95 1
95 96 1
96 97 1
97 98 1
98 99 1
99 100 1
100 101 1
101 102 1
102 103 1
103 104 1
104 105 1
105 106 1
106 107 1
107 108 1
108 109 1
109 110 1
110 111 1
111 112 1
112 113 1
113 114 1
114 115 1
115 116 1
116 117 1
117 118 1
118 119 1
119 120 1
120 121 1
121 122 1
122 123 1
123 124 1
124 125 1
125 126 1
126 127 1
127 128 1
128 129 1
129 130 1
130 131 1
131 132 1
132 133 1
133 134 1
134 135 1
135 136 1
136 137 1
137 138 1
138 139 1
139 140 1
140 141 1
141 142 1
142 143 1
143 144 1
144 145 1
145 146 1
146 147 1
147 148 1
148 149 1
149 150 1
150 151 1
151 152 1
152 153 1
153 154 1
154 155 1
155 156 1
156 157 1
157 158 1
158 159 1
159 160 1
160 161 1
161 162 1
162 163 1
163 164 1
164 165 1
165 166 1
166 167 1
167 168 1
168 169 1
169 170 1
170 171 1
171 172 1
172 173 1
173 174 1
174 175 1
175 176 1
176 177 1
177 178 1
178 179 1
179 180 1
180 181 1
181 182 1
182 183 1
183 184 1
184 185 1
185 186 1
186 187 1
187 188 1
188 189 1
189 190 1
190 191 1
191 192 1
192 193 1
193 194 1
194 195 1
195 196 1
196 197 1
197 198 1
198 199 1
199 200 1
200 201 1
201 202 1
202 203 1
203 204 1
204 205 1
205 206 1
206 207 1
207 208 1
208 209 1
209 210 1
210 211 1
211 212 1
212 213 1
213 214 1
214 215 1
215 216 1
216 217 1
217 218 1
218 219 1
219 220 1
220 221 1
221 222 1
222 223 1
223 224 1
224 225 1
225 226 1
226 227 1
227 228 1
228 229 1
229 230 1
230 231 1
231 232 1
232 233 1
233 234 1
234 235 1
235 236 1
236 237 1
237 238 1
238 239 1
239 240 1
240 241 1
241 242 1
242 243 1
243 244 1
244 245 1
245 246 1
246 247 1
247 248 1
248 249 1
249 250 1
250 251 1
251 1 1

Triangles
7049
2206 1858 2309 1
3208 2224 3277 1
1855 2256 3256 1
396 394 2204 1
300 2004 3344 1
949 1928 2455 1
46 47 3163 1
2256 281 3256 1
2156 1267 2537 1
2169 2170 2652 1
147 148 2709 1
2415 1268 2416 1
1717 2211 3527 1
342 3208 3277 1
2414 1268 2415 1
1790 3163 3166 1
793 2206 2309 1
1937 533 1939 1
283 2157 2523 1
1897 1048 3507 1
2431 2427 3508 1
1265 2506 2536 1
35 36 2048 1
2275 1401 2277 1
297 2195 2198 1
2155 325 2533 1
252 1 1988 1
325 2155 2868 1
2284 2266 3168 1
2211 1717 2232 1
1994 1796 2368 1
2430 2427 2431 1
1511 2057 2059 1
1126 2590 2592 1
1280 2159 2406 1
241 242 2432 1
1048 1897 2643 1
1264 1277 2535 1
1267 2156 2538 1
865 867 1946 1
2195 297 2199 1
956 1943 1944 1
315 2169 2652 1
1118 1984 2445 1
59 350 2619 1
1401 2275 2636 1
2374 2375 3248 1
2506 1265 2535 1
364 362 2517 1
2179 312 3107 1
2266 1693 3168 1
1034 1994 2368 1
3163 354 3166 1
346 2201 3193 1
267 1958 1966 1
270 2836 2860 1
2403 2327 2404 1
344 2261 3043 1
3095 477 3103 1
322 1993 2373 1
1966 1557 1967 1
2958 2957 3283 1
265 1999 2001 1
1804 2958 3283 1
1817 2394 3008 1
1889 3095 3103 1
2226 3039 3242 1
2394 1299 3008 1
228 229 2220 1
1037 1983 2444 1
475 3062 3154 1
2900 1985 3301 1
1669 1995 3081 1
2324 2323 2471 1
3062 1936 3154 1
2375 2197 3248 1
3125 1291 3271 1
2201 2202 3193 1
627 2342 2345 1
1494 1696 2199 1
2639 2602 2952 1
2869 300 3344 1
2600 2605 3355 1
3009 283 3224 1
2342 627 2348 1
646 2188 2189 1
400 398 2052 1
1984 1118 3524 1
2515 3125 3271 1
248 297 2198 1
477 1963 3187 1
258 1972 1973 1
1993 322 2570 1
1539 2200 3460 1
1820 1559 2055 1
575 573 3192 1
2157 283 3009 1
3243 1874 3270 1
1963 477 3095 1
2605 343 3355 1
646 3243 3270 1
247 248 2198 1
1641 3267 3288 1
2160 3009 3224 1
1191 1193 2551 1
265 2001 3027 1
483 2608 3225 1
443 441 2698 1
336 1985 2900 1
1958 267 3282 1
2593 314 3469 1
127 128 2172 1
2226 319 3039 1
1511 2059 2517 1
1280 2406 2407 1
1 2 1988 1
1962 476 2454 1
1732 2643 2697 1
1962 2458 3004 1
556 802 2445 1
2216 340 2217 1
2091 2536 2908 1
2611 323 3213 1
3267 2253 3288 1
471 1995 2562 1
152 153 2601 1
2327 2403 3196 1
1559 2210 3181 1
1845 2395 3273 1
1672 2782 3071 1
2709 148 2710 1
36 313 2048 1
439 437 2749 1
1928 949 2749 1
58 59 2619 1
569 567 2442 1
2643 1897 2697 1
1990 2179 3107 1
3280 1738 3285 1
273 2676 2706 1
1995 471 3081 1
472 2306 2749 1
295 1979 1981 1
1304 2548 2550 1
2608 483 3327 1
2231 3165 3197 1
2573 522 2955 1
2505 1290 2878 1
942 2289 3364 1
2289 942 3368 1
1983 1037 2445 1
1211 1213 3139 1
1823 2955 3092 1
2627 2092 3607 1
1919 2838 3036 1
533 1937 2052 1
1951 3015 3367 1
2239 3280 3285 1
1820 2055 2876 1
2946 3196 3231 1
1045 2326 3196 1
1126 2592 2595 1
533 396 2204 1
3164 14 3489 1
2159 1280 2953 1
2230 2231 3197 1
1265 1264 2535 1
329 2793 3461 1
1972 258 3559 1
1823 2573 2955 1
3236 2303 3264 1
1970 1510 2012 1
654 2231 3097 1
2793 329 2964 1
1967 1557 1996 1
1943 956 2234 1
306 2762 3594 1
1960 1823 3092 1
1425 3236 3264 1
2395 2394 3273 1
278 2522 3298 1
3015 347 3367 1
1936 951 2705 1
1510 1970 2190 1
320 2232 2469 1
2368 1478 3234 1
2367 1478 3232 1
347 3082 3584 1
2055 1559 3181 1
2522 278 2654 1
1939 533 2204 1
1466 1992 2876 1
341 2597 2598 1
1923 3164 3489 1
1478 2368 3272 1
567 2441 2442 1
867 956 1946 1
1824 2602 2639 1
2462 759 3436 1
2089 2087 2868 1
495 2502 2503 1
1478 2367 3234 1
2232 1717 2469 1
313 1949 2048 1
2004 300 3302 1
3379 647 3403 1
2536 2506 2908 1
646 629 2188 1
2487 475 3154 1
2842 3200 3455 1
2762 306 2853 1
2217 2221 2223 1
956 1944 1946 1
2509 3262 3425 1
1898 3379 3403 1
1539 1494 2199 1
2007 1672 2737 1
341 2598 2601 1
2611 3213 3605 1
2737 1672 3071 1
2457 955 2458 1
2199 297 2200 1
2901 2411 3415 1
398 533 2052 1
2092 2627 2630 1
476 1962 3004 1
1881 2255 2456 1
471 2562 2992 1
2562 2705 2992 1
475 2487 3250 1
869 871 2234 1
2834 300 2869 1
1941 2204 2722 1
1008 803 2596 1
882 2007 2737 1
759 2462 3532 1
646 2189 3243 1
629 631 2188 1
3262 469 3425 1
2594 2593 3469 1
1786 3219 3284 1
2339 2342 2348 1
128 269 2172 1
792 1997 2408 1
2204 394 2722 1
273 2706 2707 1
1941 2722 2884 1
2458 955 3004 1
1707 2207 2410 1
2502 495 2504 1
2853 306 3136 1
242 298 2432 1
277 1942 3048 1
2339 2348 2350 1
2913 932 3174 1
3367 347 3584 1
2590 1126 2596 1
2217 340 2220 1
2362 2159 2953 1
1942 277 3589 1
2884 795 3022 1
3097 1875 3104 1
2262 2263 3301 1
1737 2235 3260 1
2196 2609 3185 1
1986 2262 3301 1
2756 2853 3136 1
321 2009 2968 1
1956 1372 3126 1
2231 654 3165 1
2185 3126 3152 1
2836 270 3541 1
241 2432 3091 1
567 565 2441 1
340 228 2220 1
1968 1051 2190 1
1941 2884 3022 1
299 237 2775 1
267 1966 1967 1
47 354 3163 1
3126 1372 3152 1
951 1936 3062 1
2323 638 2471 1
2472 1594 2672 1
2217 2220 2221 1
360 358 3099 1
865 1946 2894 1
1975 338 3471 1
1965 1051 1968 1
1304 2550 2551 1
229 302 2220 1
2266 2265 3268 1
955 2457 2823 1
321 2968 3625 1
3268 2265 3274 1
338 1975 3318 1
573 2442 3192 1
2236 1831 2692 1
952 3233 3299 1
573 569 2442 1
2178 2219 2468 1
362 1511 2517 1
1696 2195 2199 1
286 147 2709 1
2288 2287 3227 1
1277 1290 2535 1
2838 308 3036 1
1372 1956 3119 1
1289 1300 2510 1
303 160 2655 1
2693 2824 3334 1
1569 2236 2692 1
3039 1787 3242 1
294 46 3163 1
2211 2212 3527 1
2261 344 3480 1
2705 951 2992 1
2358 1447 2359 1
849 1987 3362 1
1950 1881 2456 1
2971 2425 3261 1
1997 792 2994 1
939 364 2517 1
3199 1891 3493 1
2060 2063 2518 1
2241 3316 3330 1
3233 2310 3299 1
1279 2901 3415 1
2155 2533 3021 1
1641 2265 3267 1
3094 523 3456 1
483 1960 3092 1
1290 2510 2878 1
802 1118 2445 1
3071 1737 3260 1
1987 849 3393 1
2548 1304 2895 1
1685 2180 2181 1
1737 1521 2235 1
3377 2233 3404 1
2161 3336 3487 1
1521 1943 2235 1
2242 2241 3330 1
782 2276 2278 1
1055 2586 2588 1
3276 2322 3309 1
2327 2324 2471 1
1051 1965 2192 1
792 2192 2994 1
2633 3342 3421 1
636 2337 2350 1
1955 2832 3094 1
1949 313 3212 1
3374 2283 3446 1
2858 1948 3190 1
924 3377 3404 1
1581 2746 2927 1
2692 2693 3334 1
1270 2515 2516 1
746 743 2371 1
2735 1764 2850 1
654 3097 3104 1
1119 3276 3309 1
296 2263 2922 1
2457 1889 2823 1
2046 1915 3064 1
2486 851 3038 1
354 48 3167 1
949 2455 2698 1
1213 2526 3139 1
2248 3161 3180 1
2337 2339 2350 1
3203 1900 3515 1
1985 336 3552 1
1852 2913 3174 1
851 2670 3386 1
1378 3169 3581 1
2283 320 3446 1
2265 1641 3274 1
2200 3172 3460 1
1851 1710 2475 1
2652 2170 2653 1
734 3190 3495 1
2408 1997 2920 1
153 341 2601 1
267 213 3282 1
2832 1955 3630 1
3336 331 3487 1
1131 2046 3064 1
2756 3136 3296 1
1948 2858 3588 1
1708 1707 2054 1
3115 1900 3203 1
2369 747 2370 1
1440 1835 2227 1
1365 1191 2551 1
1852 1485 2051 1
1378 1557 3169 1
2429 299 2775 1
2978 2977 2997 1
3170 2152 3354 1
3161 957 3180 1
2409 2408 2920 1
1193 1304 2551 1
1738 2241 3285 1
3342 2077 3421 1
1365 2551 2552 1
1874 2305 3270 1
1678 1681 1990 1
2147 3311 3348 1
1821 2570 2695 1
1578 3482 3483 1
2757 2756 3296 1
2360 959 3419 1
1960 483 3225 1
2371 2472 2672 1
2341 3131 3145 1
1992 1820 2876 1
2530 1735 3078 1
1771 2978 2997 1
3207 23 3439 1
2230 957 3161 1
2335 636 2459 1
2014 1578 3483 1
3254 2245 3291 1
3043 2261 3229 1
2227 1835 2390 1
2823 1889 3103 1
2451 1425 3264 1
441 949 2698 1
3131 996 3145 1
1037 2444 2641 1
2200 297 3610 1
2208 342 3277 1
1990 1681 2179 1
2539 3333 3383 1
476 443 2698 1
2836 1870 2860 1
2252 2251 3188 1
1970 1968 2190 1
1295 1440 2228 1
3358 2002 3360 1
1870 2818 2860 1
2933 3517 3570 1
1073 3358 3360 1
2080 2082 2538 1
1440 2227 2228 1
254 2971 3261 1
2515 1270 3125 1
1904 3454 3477 1
2063 2140 2518 1
938 3388 3433 1
1049 1447 2358 1
98 99 1989 1
2167 3113 3304 1
2629 2627 3607 1
2306 472 3568 1
3028 1945 3357 1
3357 1945 3384 1
2933 754 3517 1
296 2900 3301 1
2281 1841 3468 1
437 472 2749 1
648 2288 3227 1
1126 1008 2596 1
3388 2478 3433 1
1365 2552 3024 1
2533 264 3021 1
3212 1797 3325 1
1037 556 2445 1
2001 2004 3027 1
636 596 2459 1
2746 2745 2927 1
295 1981 3210 1
35 2048 3056 1
2818 1870 2859 1
3454 649 3477 1
939 2517 2518 1
338 2391 3471 1
26 27 2860 1
949 439 2749 1
1267 1263 2537 1
631 2186 2188 1
996 2344 3145 1
2546 2548 2895 1
2507 1300 2638 1
3333 2206 3383 1
290 152 2601 1
2054 1707 2410 1
335 2162 3609 1
552 554 2641 1
1091 2255 3137 1
2241 1738 3316 1
3196 2403 3231 1
3179 1495 3424 1
226 227 2857 1
799 2050 2530 1
1290 1289 2510 1
987 989 2428 1
2486 3038 3624 1
885 888 2744 1
2619 350 3513 1
309 3199 3493 1
2602 2598 2952 1
1787 1786 3284 1
1291 2556 3271 1
3190 1948 3495 1
2236 3324 3351 1
1157 987 2428 1
1299 2528 3008 1
2681 933 3397 1
2224 2219 3277 1
2463 3287 3349 1
747 2369 2371 1
2788 447 3411 1
1030 1049 2358 1
1300 2507 2510 1
933 2681 3401 1
1536 2409 2920 1
2443 1288 3139 1
2305 1874 3305 1
560 2005 2519 1
3324 850 3351 1
937 1326 2876 1
96 97 356 1
3209 1855 3256 1
3286 735 3297 1
447 2788 3413 1
2057 1511 3099 1
2087 2115 2868 1
518 3497 3510 1
1955 3094 3456 1
2007 3102 3173 1
2326 1045 3376 1
956 869 2234 1
1269 2558 3472 1
2508 2507 2638 1
2321 2322 3146 1
2207 1843 2410 1
2454 476 2698 1
1751 2834 2869 1
1292 2362 2953 1
2052 1669 3081 1
1721 1722 2742 1
1841 2281 3614 1
2325 2326 3346 1
871 874 2234 1
1290 2505 2535 1
563 500 2543 1
3102 2746 3173 1
1681 1789 1978 1
952 1963 3233 1
2010 1882 2307 1
3113 1276 3304 1
1534 3359 3505 1
1652 3254 3291 1
2537 2536 2914 1
631 633 2186 1
258 1973 3537 1
518 1492 3497 1
3346 2326 3376 1
2663 2114 3445 1
2968 1957 3625 1
3027 2004 3302 1
741 740 2372 1
2 318 1988 1
2558 1269 3540 1
2114 2663 3511 1
255 2731 3632 1
778 790 2192 1
299 2429 2679 1
975 1040 3133 1
2429 2353 2679 1
2092 2630 3080 1
3228 1434 3430 1
2609 253 3185 1
2404 2327 2471 1
1040 2193 3133 1
1678 1680 1681 1
342 2208 3458 1
154 155 2890 1
2156 2537 2914 1
2394 1817 3273 1
340 2216 2857 1
1055 2588 2596 1
1740 2010 2307 1
3244 317 3499 1
1989 99 2056 1
1676 2252 3188 1
2978 1771 3312 1
3200 1342 3455 1
3365 416 3503 1
957 2230 3197 1
1681 1680 1789 1
942 2292 3368 1
127 2172 3569 1
2322 1062 3146 1
215 216 3632 1
2180 1685 2885 1
2259 1674 2261 1
400 2052 3081 1
3359 1974 3505 1
803 1055 2596 1
2344 996 3177 1
1736 2528 3025 1
2552 2814 3024 1
2047 402 2465 1
557 555 2599 1
1979 295 2793 1
48 49 3167 1
2556 1291 3399 1
3050 1837 3058 1
2155 2089 2868 1
560 2519 2677 1
2782 1737 3071 1
1428 2299 2308 1
1278 3269 3387 1
1293 3170 3354 1
2326 2327 3196 1
1963 952 3187 1
1752 2051 3128 1
743 747 2371 1
2539 2299 2937 1
1685 2181 3174 1
1058 2367 3232 1
1213 1215 2526 1
2946 1045 3196 1
2050 799 2907 1
930 2180 2885 1
160 161 2655 1
1859 2360 3419 1
63 1976 3363 1
1275 2284 3168 1
782 2278 2441 1
2045 1721 2742 1
402 395 2465 1
1708 2054 2475 1
1852 2051 2913 1
565 782 2441 1
1275 2173 3067 1
2009 2731 2968 1
1215 1282 2526 1
2586 1055 2599 1
3287 1854 3349 1
1798 2958 3414 1
2046 3050 3058 1
650 2182 2183 1
2370 747 2372 1
1292 2167 2362 1
1984 1983 2445 1
2346 2405 3572 1
237 238 2775 1
1906 3207 3439 1
636 2335 2337 1
2221 2222 3061 1
2519 1762 2677 1
795 2509 3022 1
783 575 3192 1
1752 3128 3645 1
886 2745 2746 1
1425 2451 3378 1
349 2011 3066 1
2566 2917 2944 1
1402 2539 2937 1
894 2045 2742 1
500 2282 2543 1
2156 2080 2538 1
746 2371 2672 1
3241 1177 3438 1
2935 2296 3088 1
2249 2389 3151 1
564 566 2728 1
2247 2248 3110 1
290 2601 2602 1
1764 1857 2850 1
2536 2091 2914 1
2292 942 3400 1
2263 296 3301 1
2203 2553 2730 1
1561 2049 2388 1
638 610 3183 1
3025 2560 3030 1
3038 851 3386 1
2405 2346 3312 1
1024 2474 2739 1
2528 1736 3008 1
2255 1881 3137 1
2977 1446 2997 1
1288 1211 3139 1
1258 1275 3067 1
2276 782 2543 1
2306 1928 2749 1
1821 1993 2570 1
2162 335 3143 1
2630 2631 3080 1
1976 63 3555 1
2966 3394 3424 1
1677 1678 1990 1
402 2047 2466 1
1975 285 3318 1
650 2183 2184 1
2693 3286 3297 1
2741 2742 2743 1
2248 651 3110 1
2741 2743 2744 1
2476 4 3194 1
3127 1971 3138 1
2303 1430 3088 1
1736 3025 3030 1
314 2593 3385 1
2281 783 3192 1
3105 317 3244 1
2175 2176 2177 1
1288 2443 3603 1
2005 560 2641 1
358 1989 3099 1
989 2426 2428 1
1846 1588 2841 1
2958 1798 3561 1
2474 2205 2739 1
2359 1447 3457 1
293 2943 2999 1
1974 1903 3289 1
1284 1977 3269 1
330 2160 3224 1
1143 1608 2175 1
1263 1265 2537 1
939 2518 3473 1
1610 2735 2850 1
1739 1740 2307 1
642 2305 3504 1
2504 2511 2635 1
2175 1608 2176 1
2082 2098 2538 1
1377 1516 1996 1
2917 1586 2944 1
799 2530 3078 1
596 598 2459 1
1904 1839 3321 1
1557 1377 1996 1
165 166 315 1
2172 269 2903 1
1846 2841 2842 1
500 419 2282 1
554 1037 2641 1
650 639 2182 1
2219 2178 3277 1
3311 275 3348 1
792 778 2192 1
2356 1030 2358 1
1490 1677 2053 1
2367 1058 3641 1
1157 2382 3034 1
2523 2157 3565 1
2210 1576 3181 1
2391 338 3520 1
2570 1818 2695 1
3147 301 3217 1
1040 2374 3248 1
2059 2060 2518 1
2242 1652 3291 1
252 1988 3612 1
32 33 2707 1
1539 2199 2200 1
790 1051 2192 1
2389 1692 3151 1
754 1964 3517 1
312 2179 3322 1
1855 3209 3223 1
2879 3124 3218 1
1445 2451 3394 1
2553 1413 2730 1
747 741 2372 1
2966 1445 3394 1
892 895 2747 1
2053 1677 2970 1
3114 1742 3141 1
1557 1966 3169 1
1809 3253 3389 1
1157 2428 3648 1
2502 2504 2635 1
2762 2764 3594 1
33 273 2707 1
1843 1539 3460 1
3266 1611 3278 1
2706 1742 2707 1
1562 2168 2384 1
321 215 2009 1
395 397 2465 1
3122 271 3405 1
1790 2819 3163 1
1039 2349 3011 1
1756 3206 3335 1
807 809 3013 1
886 885 2744 1
320 2469 3446 1
27 270 2860 1
1677 1491 1678 1
886 2744 2745 1
2045 894 2747 1
985 1157 3034 1
2165 135 3609 1
2168 1562 2388 1
822 3281 3396 1
2161 268 3336 1
2049 1561 2530 1
2480 3365 3503 1
888 2741 2744 1
2427 2971 3508 1
285 1975 3566 1
1693 2266 3268 1
1943 2234 2235 1
3085 756 3361 1
1055 557 2599 1
1961 502 3437 1
1986 1984 3524 1
3251 2013 3639 1
2013 3251 3548 1
1041 2566 2728 1
2688 2030 3481 1
2162 2165 3609 1
2567 3266 3278 1
3219 1498 3284 1
2011 349 2828 1
2218 1438 2219 1
2219 1438 2468 1
2349 2333 3011 1
2213 1438 2218 1
2509 795 3262 1
1028 1030 2356 1
2818 26 2860 1
2742 1722 2743 1
1114 1502 2468 1
1525 2270 3370 1
1301 2546 2895 1
2368 1796 3272 1
2 3 318 1
1511 360 3099 1
989 991 2426 1
1940 2508 2638 1
247 2198 3185 1
256 226 2857 1
2384 2168 2809 1
2292 647 3379 1
1918 2710 2926 1
3191 3012 3329 1
1550 1548 2529 1
100 261 2056 1
1851 2475 2476 1
1903 1974 3359 1
849 2608 3327 1
2428 2430 3648 1
287 2208 3486 1
1730 2565 2682 1
782 563 2543 1
2710 339 2926 1
2433 2313 2875 1
2198 2196 3185 1
227 340 2857 1
3255 1533 3325 1
1527 2191 2462 1
1705 2209 2941 1
1710 1708 2475 1
944 3320 3337 1
2174 1093 2440 1
1841 1842 3468 1
3269 1977 3387 1
1326 1466 2876 1
758 2384 2809 1
155 292 2890 1
560 552 2641 1
310 98 1989 1
149 339 2710 1
1588 943 3042 1
770 2433 2875 1
2224 256 2773 1
828 3331 3426 1
2328 2321 2330 1
1846 2842 3455 1
2436 1839 2438 1
2560 1330 3184 1
1446 2861 2997 1
315 1998 2169 1
1988 318 2054 1
2585 954 2604 1
502 1961 3432 1
148 149 2710 1
2007 882 3102 1
2192 1965 2994 1
2176 1608 2201 1
3467 897 3509 1
2792 3228 3430 1
2792 1913 3228 1
2796 3222 3273 1
740 807 2372 1
356 310 357 1
1913 2792 3241 1
1949 3212 3325 1
1825 1375 2290 1
419 421 2282 1
2440 1082 2721 1
2347 2978 3312 1
2055 937 2876 1
2717 3442 3476 1
1036 1164 2190 1
1265 2536 2537 1
2112 2416 2417 1
2462 1727 2911 1
1884 2315 3539 1
2731 2009 3632 1
1282 2525 2526 1
135 2165 3502 1
2030 2688 3536 1
2209 965 2941 1
954 2585 2599 1
2270 1525 3613 1
1985 1986 3301 1
2578 2582 2604 1
638 2323 2797 1
2384 758 2385 1
2511 2504 2512 1
271 3122 3554 1
2299 1428 2937 1
2608 849 3362 1
1739 2307 2854 1
555 954 2599 1
1490 1491 1677 1
1430 2935 3088 1
3453 884 3494 1
2466 2314 2656 1
1502 2178 2468 1
1527 2462 2911 1
1694 2239 3218 1
166 167 3308 1
1678 1679 1680 1
1093 2174 2456 1
2471 638 3183 1
1994 1034 3255 1
2450 2302 2452 1
2788 933 3401 1
2299 2297 2308 1
2205 925 2739 1
2602 1824 3443 1
2419 1875 3097 1
1271 2245 3132 1
3 4 2476 1
1417 1674 2259 1
933 2788 3411 1
2676 273 3647 1
2383 2430 2431 1
387 2681 3397 1
2255 1093 2456 1
2531 1739 2854 1
1441 1398 2438 1
1339 1875 2419 1
3127 3138 3470 1
3308 348 3315 1
2174 2440 2721 1
1271 1238 2244 1
1554 1576 2210 1
214 215 321 1
639 644 2182 1
2707 1742 3114 1
1271 2244 2245 1
566 1041 2728 1
633 650 2186 1
449 461 2300 1
2478 1683 3380 1
2253 2252 3263 1
447 1987 3393 1
3559 1951 3628 1
2806 3230 3237 1
97 310 356 1
2012 1510 2013 1
2191 1527 2461 1
3124 1694 3218 1
1619 1936 2705 1
1732 1731 2643 1
1913 3241 3438 1
1553 1550 2529 1
1051 1036 2190 1
2844 3323 3356 1
465 804 2453 1
2451 1445 3378 1
2448 3179 3424 1
402 2466 2656 1
1444 1561 2388 1
461 451 2452 1
1556 2314 2466 1
1918 2709 2710 1
1116 1143 2175 1
2311 1580 2312 1
1317 1314 2461 1
2295 2300 2301 1
895 2650 2747 1
1417 1418 1490 1
2566 1041 2917 1
1110 1438 2213 1
2011 1797 3212 1
1164 1510 2190 1
1461 1476 2617 1
2702 3429 3462 1
1801 2437 2439 1
598 600 2988 1
1134 1417 2259 1
99 100 2056 1
2300 461 2301 1
2325 1119 3309 1
1730 564 2728 1
2772 3467 3509 1
2218 2224 2773 1
304 2818 2859 1
2113 3147 3217 1
1915 2474 3064 1
268 2161 3560 1
2056 261 2057 1
3245 3105 3315 1
2814 2552 3563 1
2704 3416 3451 1
2603 1170 2910 1
2385 758 2642 1
2160 330 3450 1
1506 1697 2225 1
341 154 2890 1
2289 2288 3319 1
3066 2011 3212 1
1170 2639 2952 1
320 8 2232 1
993 2209 3175 1
2556 1269 3472 1
1142 359 2483 1
1389 1388 2439 1
2521 2618 2619 1
2372 807 3013 1
1987 447 3413 1
2341 2349 3096 1
2606 1422 2607 1
1323 2423 2424 1
1561 1735 2530 1
925 2205 2615 1
3222 1845 3273 1
2565 1730 2728 1
2167 1292 3113 1
2097 2631 3205 1
2317 2321 2328 1
1490 1418 1491 1
1751 2669 2834 1
1707 1321 2207 1
894 892 2747 1
2606 2673 2961 1
303 2655 3564 1
2444 2005 2641 1
2459 598 2988 1
2414 2413 3444 1
3398 1867 3407 1
308 2644 3036 1
1287 2238 2239 1
1274 2240 2241 1
1556 2466 2648 1
1185 3198 3259 1
627 2345 2346 1
1775 3448 3505 1
1731 2257 2473 1
784 785 2257 1
460 2298 2304 1
2231 2418 3097 1
2353 2352 2679 1
2473 1048 2643 1
2391 1835 3471 1
2481 1748 2482 1
1839 1441 2438 1
1576 2433 3162 1
1608 1145 1609 1
2308 2296 2942 1
1851 2476 3194 1
3381 829 3391 1
97 98 310 1
2631 2534 3205 1
1716 1351 2229 1
294 2819 3127 1
932 1685 3174 1
290 2602 3443 1
1266 2251 2252 1
1608 1609 2201 1
2849 3340 3375 1
1266 2253 2254 1
3583 1507 3600 1
1166 1170 2603 1
1731 2473 2643 1
2305 3305 3504 1
1476 1899 2617 1
1570 1748 2481 1
2765 2761 3089 1
2675 1848 3101 1
2607 1422 2862 1
1562 1444 2388 1
2046 1131 3050 1
2201 1609 2202 1
2582 2585 2604 1
305 3114 3141 1
1143 1145 1608 1
2184 2183 2185 1
12 322 2373 1
2624 2623 2898 1
641 2398 2399 1
1273 1224 2237 1
1286 2264 2265 1
2330 2321 3146 1
2446 2447 2449 1
2253 3263 3288 1
2692 1831 2693 1
430 2268 2271 1
2297 2294 2308 1
2402 2399 2463 1
1287 1228 2238 1
1674 1490 2053 1
2371 2369 2472 1
2767 333 2886 1
1283 1242 2250 1
1375 1373 2290 1
260 6 2283 1
519 2624 2898 1
1285 1220 2249 1
1274 1232 2240 1
2561 1618 2562 1
1551 1580 2311 1
2686 2018 3485 1
2659 1924 3448 1
1134 1135 1417 1
1538 2287 2288 1
2351 1483 2354 1
783 2281 3468 1
1266 1246 2251 1
1284 2285 2286 1
2268 2269 2271 1
1341 1339 2419 1
2293 800 2294 1
1964 754 3587 1
2231 1508 2418 1
1700 1861 2256 1
1670 1355 2247 1
5 260 3194 1
1806 2844 3356 1
2697 3374 3446 1
1276 2413 3304 1
421 423 2273 1
3061 2222 3457 1
2716 3453 3494 1
1286 1252 2264 1
608 638 2797 1
637 2316 2328 1
421 2273 2282 1
1146 1413 2553 1
2302 461 2452 1
3123 1904 3321 1
2399 2398 2463 1
2674 2675 3101 1
430 425 2268 1
1048 2360 3507 1
675 851 2486 1
1301 2544 2546 1
1437 410 2682 1
2316 2317 2328 1
6 7 2283 1
1275 1256 2284 1
1323 2422 2423 1
1284 1212 2285 1
2270 794 2420 1
1928 1646 2455 1
558 1166 2603 1
212 213 267 1
1962 1653 2458 1
959 960 961 1
2550 2549 3149 1
823 3353 3369 1
1388 1801 2439 1
2293 2294 2297 1
1427 1618 2561 1
993 963 2209 1
1507 2636 3600 1
2174 1667 2456 1
1994 3255 3325 1
641 616 2398 1
938 2480 3388 1
1300 1296 2912 1
1546 2678 2913 1
2049 1526 2388 1
1059 1060 1134 1
798 958 959 1
2745 2743 3031 1
1720 1359 2267 1
1493 1539 1843 1
2796 1816 3023 1
2180 1378 2181 1
2841 1588 3042 1
1526 2168 2388 1
1580 2246 2470 1
794 429 2420 1
1493 1843 2207 1
677 675 2486 1
1800 1386 2291 1
1090 1091 2396 1
1771 635 2405 1
1112 1114 2468 1
691 3293 3317 1
8 9 2232 1
1538 1363 2287 1
1527 1317 2461 1
1652 2242 3330 1
1320 1322 1493 1
1917 1572 2390 1
1886 1642 2306 1
210 319 2226 1
1417 1135 1418 1
1413 1414 2647 1
3442 880 3476 1
2927 2745 3031 1
2109 2412 2413 1
594 636 2350 1
561 2576 2640 1
1040 977 2374 1
2208 2177 3486 1
1983 1980 2444 1
3237 2719 3279 1
1464 2353 2422 1
1502 1116 2175 1
444 800 2293 1
454 434 2309 1
1298 1208 2315 1
647 2292 3400 1
446 449 2300 1
1134 1060 1135 1
1977 1284 3619 1
2521 2617 2618 1
657 932 2678 1
2141 2135 2610 1
806 2446 2449 1
440 460 2304 1
2218 2219 2224 1
3166 354 3167 1
925 2615 2781 1
627 590 2348 1
1502 2175 2177 1
2493 2496 2635 1
1998 315 3308 1
1782 2479 2480 1
3322 2179 3615 1
637 602 2316 1
2576 2578 2604 1
2289 3319 3364 1
1792 1637 2361 1
2354 1483 2355 1
1572 2227 2390 1
1422 2606 2961 1
1681 1978 2179 1
2588 2590 2596 1
1398 1396 2438 1
1493 1494 1539 1
1306 1019 2646 1
1020 1483 2351 1
1753 1752 1956 1
919 2014 3483 1
1294 2393 2395 1
961 962 963 1
970 971 1011 1
2393 2394 2395 1
3244 355 3615 1
2466 2047 2648 1
1114 1116 1502 1
1044 1377 1378 1
2050 2049 2530 1
2525 1282 2610 1
2100 2112 2516 1
1392 1389 2439 1
2159 2124 2406 1
1683 1633 2392 1
210 211 319 1
1173 2313 2899 1
2414 3444 3530 1
991 1323 2426 1
2245 2995 3132 1
2109 2108 2412 1
2131 2128 2411 1
1314 1313 2461 1
2512 2504 2732 1
1554 2210 2646 1
2504 495 2732 1
1129 1011 1320 1
1007 1008 1059 1
1674 2053 3229 1
2731 2730 2968 1
1294 1204 2393 1
1576 3162 3181 1
451 453 2452 1
2363 1034 2368 1
787 797 798 1
1108 1110 2213 1
544 547 2464 1
2261 1674 3229 1
2592 2593 2594 1
1548 2396 2529 1
1985 1984 1986 1
2632 2628 2633 1
3098 1832 3112 1
2074 2629 3607 1
1102 1103 2637 1
1274 2242 2243 1
1505 1506 2225 1
1540 768 2460 1
1551 1552 1580 1
1508 1347 2418 1
1782 1627 2479 1
2520 1460 2521 1
805 1752 1753 1
1238 1236 2244 1
2423 2353 2429 1
3390 835 3410 1
1980 1768 2444 1
301 104 2634 1
1269 2556 3399 1
2051 1546 2913 1
1907 1431 2949 1
997 1464 2422 1
2341 3096 3131 1
2638 1300 2912 1
806 456 2446 1
2808 305 3141 1
936 784 2257 1
1059 1008 1060 1
10 266 2211 1
1007 803 1008 1
967 969 970 1
2301 2303 3088 1
1483 1028 2356 1
2146 2143 2443 1
480 478 2532 1
1762 2464 2677 1
2167 2120 2362 1
3253 844 3389 1
805 1546 1752 1
3214 1140 3328 1
961 963 993 1
2109 2414 2415 1
1552 1595 2246 1
284 111 2524 1
802 803 1007 1
1378 1377 1557 1
2073 2091 2571 1
776 792 2408 1
2590 2591 2592 1
2434 1509 2435 1
1580 1552 2246 1
2203 2730 2731 1
798 797 958 1
731 3098 3112 1
1888 3085 3361 1
499 2796 3023 1
2870 1597 2975 1
1664 2879 3054 1
1286 2266 2284 1
327 109 2534 1
2254 2253 3267 1
2592 2591 2593 1
3206 1012 3335 1
2910 1170 2952 1
2719 755 3279 1
1026 921 2531 1
104 105 2634 1
325 113 2533 1
2422 2353 2423 1
207 277 2568 1
2223 1102 3631 1
1981 1980 1982 1
2565 1437 2682 1
2211 266 2212 1
495 2503 3633 1
1116 1117 1143 1
930 1044 2180 1
620 642 2397 1
1465 1124 2616 1
583 581 584 1
1650 1962 2454 1
2260 2259 2261 1
2116 2090 2514 1
2477 1683 2478 1
1428 2308 2942 1
1657 1889 2457 1
2383 2431 2432 1
206 207 2568 1
1124 1022 2616 1
857 1034 2363 1
1570 2481 2827 1
1320 1011 1322 1
307 3043 3229 1
2313 1173 2875 1
262 2628 2632 1
959 958 960 1
1458 1460 2520 1
2206 793 3383 1
327 2534 2631 1
3281 1908 3396 1
2668 1730 2682 1
2314 1556 2484 1
1475 2765 3089 1
2425 2775 3261 1
804 467 2559 1
1248 1266 2254 1
2315 1884 3595 1
543 544 2464 1
1460 1461 2617 1
2588 2589 2590 1
314 3434 3469 1
2496 2502 2635 1
1417 1490 1674 1
1479 2481 2482 1
963 964 965 1
1549 1550 1551 1
2098 2557 2558 1
2525 2146 2526 1
2678 932 2913 1
2068 2071 2490 1
2653 2170 3159 1
205 323 2611 1
2166 330 3569 1
1236 2243 2244 1
2374 1128 2375 1
635 584 2405 1
2681 387 3597 1
2590 2589 2591 1
1992 1466 3558 1
1982 1984 1985 1
2312 1580 2470 1
2615 2616 2781 1
1697 1698 1855 1
580 579 581 1
1551 1550 1552 1
1414 1487 2647 1
579 2258 2467 1
264 115 2540 1
963 965 2209 1
2529 1091 3137 1
262 2626 2627 1
1961 1504 3235 1
1430 2303 3236 1
802 557 803 1
1900 1505 2225 1
641 2400 2651 1
2257 785 2473 1
1394 1509 2434 1
331 122 2523 1
2098 2084 2557 1
1549 1548 1550 1
1119 2325 3346 1
9 2211 2232 1
2490 2071 2491 1
1996 1516 3039 1
1266 2252 2253 1
2171 132 3311 1
1476 1477 1505 1
2588 2587 2589 1
1187 1184 2711 1
1274 2241 2242 1
257 233 2527 1
2650 895 2805 1
262 107 2626 1
1995 2561 2562 1
2131 2411 2901 1
2694 848 2856 1
2185 2183 3126 1
2400 2404 2651 1
1982 1983 1984 1
1286 2265 2266 1
1763 1762 2519 1
578 577 579 1
2903 269 3006 1
1460 1459 1461 1
326 117 2663 1
2396 1091 2529 1
1083 1082 2440 1
644 652 805 1
1505 1477 1506 1
1150 1556 2648 1
806 2449 2450 1
1110 1112 1438 1
1506 1537 1697 1
1094 1090 2396 1
2109 2413 2414 1
1479 2482 2645 1
2229 1508 2230 1
2387 2385 2642 1
2450 2449 2451 1
961 960 962 1
2974 1140 3214 1
2586 2587 2588 1
948 2870 2975 1
1856 2861 3195 1
2004 2002 3344 1
626 629 646 1
768 766 2460 1
556 557 802 1
2746 1581 3173 1
1697 1537 1698 1
2313 1577 2899 1
785 786 787 1
1252 1250 2264 1
1399 1401 2636 1
2220 302 2221 1
1044 1378 2180 1
2838 1919 3616 1
1143 1144 1145 1
1082 2657 2721 1
1769 635 1771 1
556 555 557 1
1256 1254 2284 1
2051 1485 3128 1
1476 1463 1477 1
1461 1463 1476 1
1114 1115 1116 1
167 348 3308 1
2446 464 2447 1
1631 1683 2477 1
2296 2295 3088 1
1246 1244 2251 1
2555 2116 2556 1
262 2627 2628 1
637 2328 2329 1
1589 1588 1846 1
561 548 2574 1
1458 1459 1460 1
590 592 2348 1
787 786 797 1
622 624 2305 1
2774 1380 2863 1
1547 1548 1549 1
1487 1957 2647 1
1242 1240 2250 1
1979 1980 1981 1
1979 1768 1980 1
2369 2366 2472 1
1951 1950 3628 1
2329 2328 2330 1
1220 1218 2249 1
1698 1700 2256 1
2185 2974 3214 1
1224 1222 2237 1
1625 1782 2487 1
2623 1584 2898 1
1855 1698 2256 1
1670 2247 3110 1
1351 1349 2229 1
3320 2437 3337 1
1212 1210 2285 1
2139 2146 2525 1
2210 1306 2646 1
2861 1446 3195 1
1696 2194 2195 1
2018 2686 3550 1
350 2522 3513 1
2584 2583 2605 1
644 805 2182 1
1419 1108 2213 1
2331 2330 2334 1
2812 3046 3059 1
1458 1336 1459 1
2450 2451 3264 1
2617 1899 2618 1
2424 2423 2425 1
576 575 577 1
588 590 627 1
1946 1944 3028 1
1106 1108 1419 1
2195 2196 2198 1
583 584 635 1
554 555 556 1
1019 1018 2646 1
2747 2650 2976 1
2540 326 2541 1
1236 1234 2243 1
204 205 2611 1
7 320 2283 1
1349 1347 1508 1
1424 1134 2259 1
1538 2288 2289 1
1228 1226 2238 1
2582 2583 2584 1
2247 1716 2248 1
2268 794 2269 1
1899 1505 1900 1
1335 1317 1336 1
2490 2491 2511 1
2654 1907 2949 1
2095 3290 3402 1
1320 1493 2207 1
1700 1702 1861 1
548 546 2574 1
2586 2584 2587 1
2406 2131 2407 1
2178 2177 2208 1
776 778 792 1
462 465 2453 1
10 11 266 1
430 2271 2272 1
1232 1230 2240 1
1335 1336 1458 1
130 334 2554 1
970 969 971 1
1754 2694 2856 1
1208 1206 2315 1
1419 2213 2214 1
1905 1551 2311 1
1127 1570 2827 1
554 553 555 1
2301 461 2302 1
2249 1278 2389 1
2338 2336 2341 1
633 639 650 1
2582 2581 2583 1
1991 1513 3069 1
979 1128 2374 1
2649 2650 2805 1
3429 876 3462 1
641 2399 2400 1
2287 1720 3227 1
2629 2074 3547 1
1589 1846 2701 1
112 325 2524 1
1909 3381 3391 1
267 1967 3238 1
760 761 776 1
1988 2054 2410 1
1584 2623 2711 1
2278 2280 2441 1
970 1011 1129 1
552 550 553 1
2214 2213 2218 1
209 2226 2421 1
908 1849 2658 1
2514 2099 2515 1
2498 2499 2513 1
1353 1351 1716 1
1355 1353 2247 1
1089 1093 2255 1
1767 1766 1768 1
1618 1619 2705 1
2400 2399 2401 1
2628 2627 2629 1
1366 943 1588 1
809 846 3013 1
317 3105 3245 1
3060 2202 3484 1
756 757 760 1
1380 1749 2863 1
580 581 583 1
1347 1345 2418 1
1487 1734 1957 1
2294 2295 2296 1
620 622 642 1
1345 1341 2419 1
2375 2376 2377 1
2597 341 2890 1
1493 1322 1494 1
458 464 2446 1
3331 1922 3426 1
2585 2586 2599 1
1349 1508 2229 1
452 450 2823 1
790 1036 1051 1
2301 2302 2303 1
3046 2037 3059 1
2329 2330 2331 1
1226 1224 1273 1
2316 796 2317 1
552 553 554 1
123 283 2523 1
798 959 2360 1
2491 2493 2635 1
410 413 2682 1
119 268 2662 1
110 284 2534 1
549 548 550 1
2943 2246 2999 1
2511 2491 2635 1
963 962 964 1
1818 1379 2695 1
2298 2297 2299 1
2321 2319 2322 1
1555 1731 1732 1
473 480 2559 1
2343 3521 3522 1
2294 800 2295 1
2088 2116 2555 1
2398 2397 2463 1
2346 2345 2347 1
1222 1220 1285 1
1244 1242 1283 1
1234 1232 1274 1
1218 1216 1278 1
2576 2604 2640 1
1230 1228 1287 1
1141 857 2363 1
977 979 2374 1
427 794 2268 1
786 773 2667 1
845 3398 3407 1
1048 798 2360 1
753 749 2672 1
2106 2109 2415 1
425 427 2268 1
752 753 756 1
2434 2435 2436 1
411 406 2563 1
1438 1112 2468 1
3340 837 3375 1
550 561 2640 1
114 264 2533 1
1801 1800 1898 1
1442 1441 1838 1
2230 1508 2231 1
1026 2531 2854 1
116 326 2540 1
3344 2002 3358 1
2291 1825 2292 1
1555 1327 1731 1
1112 1113 1114 1
1240 1238 1271 1
2578 2581 2582 1
2104 2106 2415 1
3039 319 3440 1
1316 1317 1335 1
549 550 552 1
357 359 1142 1
2343 2340 2344 1
1386 1384 2291 1
1461 1462 1463 1
109 110 2534 1
2658 1849 2659 1
1667 1666 1972 1
1244 1283 2251 1
2094 2099 2514 1
12 13 322 1
1250 2254 2264 1
1595 1879 2999 1
1533 1603 1949 1
1250 1248 2254 1
1653 1655 2458 1
1248 1246 1266 1
1204 1202 2393 1
2108 2111 2412 1
1507 1399 2636 1
2571 2091 2908 1
1359 1357 2267 1
1091 1089 2255 1
1164 1500 1510 1
2111 2119 2412 1
1277 1272 1281 1
1043 1739 2531 1
1214 1212 1284 1
618 620 2397 1
1110 1111 1112 1
752 749 753 1
1646 1648 2455 1
1049 1056 1447 1
2774 2660 2905 1
1254 1286 2284 1
481 847 2532 1
111 112 2524 1
1240 1271 2250 1
1170 1168 2639 1
209 210 2226 1
1768 2005 2444 1
1506 1536 1537 1
1353 1716 2247 1
1273 2237 2879 1
1363 1361 2287 1
2120 2122 2362 1
2441 2280 2442 1
1357 1355 1670 1
1289 1281 1296 1
429 432 2420 1
1254 1252 1286 1
2124 2126 2406 1
2122 2159 2362 1
1648 1650 2454 1
1838 1839 1904 1
2404 2471 3183 1
236 299 2569 1
1222 1285 2237 1
264 2540 3290 1
2647 1957 2968 1
2632 2633 2634 1
2348 592 2350 1
1226 1273 2238 1
1234 1274 2243 1
2126 2131 2406 1
2317 2318 2319 1
1642 1644 2306 1
1650 1653 1962 1
561 2574 2575 1
2377 2378 2381 1
2135 2137 2610 1
737 740 741 1
2130 2134 2411 1
1218 1278 2249 1
234 332 2527 1
2128 2130 2411 1
2119 2120 2167 1
1316 1314 1317 1
423 425 430 1
434 436 2309 1
2090 2094 2514 1
616 618 2398 1
460 2293 2297 1
785 773 786 1
107 108 2626 1
1418 1481 2795 1
965 966 967 1
1657 1660 1889 1
1230 1287 2240 1
1655 2457 2458 1
442 444 2293 1
304 2859 3239 1
1637 1639 2361 1
758 674 2642 1
1059 1134 1424 1
953 2658 2659 1
1547 1421 1548 1
1655 1657 2457 1
1258 1256 1275 1
118 2662 2663 1
561 2575 2576 1
427 429 794 1
1594 753 2672 1
921 920 2531 1
574 573 575 1
2234 874 2235 1
975 977 1040 1
1644 1646 1928 1
2134 2135 2141 1
1552 1553 1595 1
1542 1541 1669 1
1633 1635 2392 1
2432 2431 3091 1
110 111 284 1
2245 2244 3291 1
456 458 2446 1
1767 1768 1979 1
3030 2560 3184 1
2215 2214 2216 1
507 504 2830 1
1361 1359 1720 1
1916 1915 2046 1
771 1540 2667 1
2592 2594 2595 1
1937 1669 2052 1
1614 2808 3141 1
1064 1063 1313 1
1141 2363 2364 1
857 1033 1034 1
1394 1392 1509 1
2182 1753 2183 1
947 786 2667 1
1373 1363 1538 1
1388 1386 1800 1
359 361 2483 1
1277 1281 1289 1
440 442 460 1
1627 1629 2479 1
2336 2333 2349 1
2958 1804 3414 1
863 861 2484 1
1384 1375 1825 1
547 548 549 1
1108 1109 1110 1
1260 1258 3067 1
112 113 325 1
1648 2454 2455 1
1577 1480 2645 1
777 776 2408 1
392 391 393 1
1210 1208 1298 1
1264 1272 1277 1
614 616 641 1
7 8 320 1
390 389 391 1
436 438 793 1
1464 2351 2352 1
642 622 2305 1
83 84 308 1
762 677 2486 1
9 10 2211 1
1396 1394 2434 1
1264 1262 1272 1
1629 2477 2479 1
3469 3159 3623 1
650 2184 2186 1
432 454 2420 1
2366 2364 2367 1
388 386 389 1
1321 1320 2207 1
1543 1964 2191 1
1289 1296 1300 1
113 114 2533 1
602 604 2316 1
1635 1792 2392 1
1003 1020 2351 1
1765 1763 1766 1
1020 1028 1483 1
269 129 2554 1
1639 1886 2361 1
2563 2564 2567 1
594 596 636 1
2214 2218 2773 1
733 736 737 1
108 109 327 1
385 384 386 1
2086 2555 2557 1
1644 1928 2306 1
353 2470 2943 1
2143 2145 2443 1
1064 1313 1314 1
1784 2572 2873 1
1210 1298 2285 1
663 930 2885 1
1027 1026 1063 1
979 981 1128 1
604 606 796 1
1639 1642 1886 1
789 781 2789 1
1090 1089 1091 1
449 451 461 1
1400 1398 1441 1
2585 2584 2586 1
432 434 454 1
243 244 2614 1
756 753 757 1
106 262 2632 1
1662 1688 1963 1
547 546 548 1
1206 1204 1294 1
855 857 1141 1
2276 2275 2277 1
1357 1670 2267 1
584 586 2405 1
760 757 761 1
1388 1800 1801 1
2498 2497 2499 1
361 522 2483 1
1607 1606 1666 1
2084 2086 2557 1
751 749 752 1
3353 1902 3369 1
436 793 2309 1
411 2563 2567 1
383 382 384 1
2317 2319 2321 1
1941 1939 2204 1
600 602 637 1
2294 2296 2308 1
105 2632 2634 1
2243 2242 3291 1
423 430 2273 1
608 610 638 1
2278 2277 2279 1
330 2166 3450 1
123 124 283 1
1607 1666 1667 1
1982 1980 1983 1
1635 1637 1792 1
332 235 2569 1
125 126 330 1
2501 2508 2509 1
1542 1669 1937 1
776 761 778 1
1480 1479 2645 1
631 632 633 1
232 233 257 1
460 2297 2298 1
1155 1153 1762 1
1735 2465 3078 1
2145 2149 2443 1
1384 1825 2291 1
2320 2324 2325 1
108 327 2626 1
562 1730 2668 1
1339 1337 1875 1
1206 1294 2315 1
748 746 749 1
1765 1766 1767 1
1296 1297 1302 1
1302 1541 1542 1
1302 1303 1541 1
2474 1024 3064 1
83 308 2838 1
1361 1720 2287 1
604 796 2316 1
3416 872 3451 1
114 115 264 1
2456 1667 3628 1
2122 2124 2159 1
771 768 1540 1
997 1003 1464 1
2503 2498 2513 1
116 117 326 1
2126 2128 2131 1
418 562 2668 1
103 104 301 1
1313 1455 1543 1
2651 2404 3183 1
115 116 2540 1
657 659 932 1
2521 1460 2617 1
2401 2399 2402 1
1082 1079 2657 1
923 863 2484 1
2496 2497 2498 1
618 2397 2398 1
1184 1584 2711 1
1194 1330 2560 1
562 500 563 1
1027 1063 1064 1
1690 1743 2310 1
2400 2401 2403 1
846 854 855 1
2130 2133 2134 1
2111 2118 2119 1
2508 1940 3022 1
381 380 382 1
2576 2577 2578 1
444 446 800 1
1631 1633 1683 1
1739 1436 1740 1
2435 1509 2437 1
1088 1087 1089 1
1025 921 1026 1
2063 2065 2140 1
2229 2230 3161 1
1575 2313 2433 1
121 122 331 1
105 106 2632 1
784 773 785 1
766 1047 2460 1
1457 1327 1555 1
2280 2279 2281 1
1629 1631 2477 1
2488 2067 2489 1
578 579 580 1
855 856 857 1
1543 1882 1964 1
2274 2272 2275 1
787 798 1048 1
1103 1106 2637 1
438 440 2304 1
767 766 768 1
2578 2579 2581 1
994 997 2422 1
787 1048 2473 1
2149 2150 2158 1
725 1591 2613 1
2393 1299 2394 1
765 764 766 1
750 3323 3347 1
745 743 746 1
769 768 771 1
1322 1011 2929 1
2106 2108 2109 1
1914 1896 1915 1
772 771 773 1
730 732 733 1
2137 2139 2525 1
1740 1947 2010 1
1625 1627 1782 1
576 577 578 1
2352 2351 2354 1
1285 2249 3151 1
1025 1026 1027 1
458 462 464 1
612 614 2651 1
335 2700 3143 1
415 417 418 1
742 741 743 1
1373 1538 2290 1
1623 1625 2487 1
1106 1107 1108 1
234 235 332 1
1594 2472 3204 1
2974 2185 3152 1
629 630 631 1
805 652 1546 1
1307 1306 1559 1
1442 1838 1840 1
2879 2237 3054 1
81 82 345 1
985 987 1157 1
2669 1751 3220 1
1838 1441 1839 1
2551 2550 2552 1
2139 2143 2146 1
232 257 2661 1
2425 2423 2429 1
2496 2495 2497 1
128 129 269 1
1307 1559 1820 1
106 107 262 1
2574 558 2603 1
1303 1427 2561 1
2447 464 2448 1
406 408 2563 1
1043 1436 1739 1
86 87 258 1
453 456 806 1
118 119 2662 1
918 917 920 1
208 209 2421 1
95 96 3221 1
478 481 2532 1
1202 1200 1299 1
2298 2299 2539 1
1089 1087 1093 1
1138 1528 1533 1
2828 349 3100 1
1704 1458 2520 1
1619 1621 1936 1
1155 1762 1763 1
2608 2607 3225 1
1133 1306 1307 1
1133 1019 1306 1
2566 2565 2728 1
2317 796 2318 1
930 945 1044 1
117 118 2663 1
1896 2205 2474 1
574 575 576 1
1400 1441 1442 1
592 594 2350 1
1202 1299 2393 1
562 563 564 1
743 741 747 1
379 378 380 1
1190 1187 2711 1
1427 1545 1618 1
1752 1546 2051 1
766 764 1047 1
1698 1699 1700 1
1380 2774 2905 1
668 1571 2670 1
1464 1003 2351 1
785 787 2473 1
2341 2336 2349 1
543 541 544 1
920 1043 2531 1
130 131 334 1
544 546 547 1
1768 1766 2005 1
450 955 2823 1
229 230 302 1
674 676 2642 1
1272 2963 2981 1
2145 2148 2149 1
504 498 2830 1
991 994 1323 1
1326 936 1327 1
1280 2407 3606 1
724 725 726 1
3448 1924 3505 1
2100 2102 2112 1
1346 1345 1347 1
1914 1915 1916 1
119 120 268 1
205 206 323 1
2493 2495 2496 1
2225 1697 3223 1
418 419 500 1
2418 1345 2419 1
460 442 2293 1
579 577 2258 1
793 438 2304 1
918 920 921 1
1255 1254 1256 1
467 473 2559 1
713 727 2620 1
2428 2427 2430 1
763 762 764 1
2319 2318 2320 1
162 163 314 1
1576 1575 2433 1
465 467 804 1
1072 1074 1075 1
2948 3486 3523 1
1070 1071 1072 1
1044 1123 1377 1
1344 1341 1345 1
1251 1250 1252 1
473 478 480 1
626 628 629 1
1554 1575 1576 1
1253 1252 1254 1
2758 1066 2760 1
2744 2743 2745 1
2325 2324 2326 1
2684 2685 2686 1
277 208 2421 1
489 2724 2820 1
910 908 2658 1
2274 2275 2276 1
2528 1198 3025 1
1257 1256 1258 1
2094 2096 2099 1
323 206 2568 1
861 2314 2484 1
2276 2277 2278 1
2426 2424 2427 1
920 1042 1043 1
2146 2443 3139 1
185 186 336 1
1249 1248 1250 1
564 563 565 1
2375 1128 2376 1
1153 543 2464 1
2140 2065 2488 1
540 538 541 1
2318 796 2797 1
2269 794 2270 1
809 811 846 1
1247 1246 1248 1
453 806 2452 1
1740 1741 1947 1
1017 1018 1019 1
1017 1016 1018 1
1464 2352 2353 1
2572 1405 2873 1
1949 1603 2048 1
2065 2067 2488 1
1327 936 2257 1
2501 2507 2508 1
2499 2500 2501 1
1043 1435 1436 1
1259 1258 1260 1
1605 1604 1606 1
3118 2478 3380 1
760 776 777 1
1605 1606 1607 1
577 575 783 1
1419 2215 2637 1
2684 898 2685 1
2489 2511 2512 1
1261 1260 1262 1
1245 1244 1246 1
1706 1321 1707 1
3108 1885 3122 1
2088 2090 2116 1
1554 1480 1575 1
916 915 917 1
413 415 2668 1
1075 1076 1077 1
544 545 546 1
1915 1896 2474 1
100 101 261 1
1468 1824 2639 1
1148 923 2484 1
1263 1262 1264 1
1312 1605 2657 1
2070 2073 2571 1
2332 2331 2333 1
899 898 2684 1
670 668 2670 1
2337 2336 2338 1
1950 2456 3628 1
1895 1894 1896 1
2601 2598 2602 1
1348 1347 1349 1
2099 2100 2516 1
1243 1242 1244 1
1215 1214 1216 1
1323 994 2422 1
729 726 730 1
1213 1212 1214 1
181 182 344 1
2522 350 3298 1
361 363 522 1
2323 2318 2797 1
1211 1210 1212 1
122 123 2523 1
1015 1016 1017 1
2086 2088 2555 1
1072 1071 1074 1
1366 1588 1589 1
1217 1216 1218 1
418 500 562 1
540 541 543 1
2650 1558 2976 1
1075 1074 1076 1
2502 2498 2503 1
1209 1208 1210 1
2335 2333 2336 1
1241 1240 1242 1
2355 2356 2357 1
1168 1468 2639 1
2866 538 2891 1
1085 1083 1087 1
1892 1465 2616 1
1396 2434 2438 1
377 376 378 1
413 2668 2682 1
1200 1198 2528 1
2673 2572 2961 1
1015 1014 1016 1
1010 1015 2660 1
2154 2163 2164 1
1099 1480 1554 1
1940 1939 1941 1
1533 1528 1603 1
1219 1218 1220 1
1196 1194 2560 1
1312 1604 1605 1
800 446 2300 1
2215 2216 2217 1
577 783 2258 1
916 917 918 1
722 723 724 1
2278 2279 2280 1
1938 1937 1939 1
2137 2525 2610 1
1239 1238 1240 1
730 726 732 1
2455 2454 2698 1
1315 1314 1316 1
1476 1505 1899 1
1497 1421 1547 1
2760 1066 2766 1
737 741 742 1
207 208 277 1
1221 1220 1222 1
584 585 586 1
280 2542 2612 1
189 190 329 1
1893 1892 1894 1
2365 2364 2366 1
1077 1076 1312 1
2861 1769 2997 1
584 581 585 1
1991 3069 3070 1
1207 1206 1208 1
571 569 573 1
2568 277 3048 1
1237 1236 1238 1
2186 2184 2187 1
1595 1596 1879 1
133 134 275 1
2339 2338 2340 1
1223 1222 1224 1
2295 2301 3088 1
571 573 574 1
1152 1150 2648 1
967 968 969 1
1018 1098 1099 1
737 736 740 1
1313 1543 2461 1
1323 2424 2426 1
1149 1148 1150 1
1669 1541 1995 1
699 728 2893 1
481 485 847 1
1054 1002 2829 1
721 720 722 1
1753 1956 3126 1
2649 1558 2650 1
2644 308 3352 1
2725 1788 2794 1
1336 1317 1527 1
1700 1701 1702 1
1978 1789 3105 1
236 237 299 1
138 279 2700 1
1762 1153 2464 1
2314 859 2656 1
973 975 3133 1
1610 1318 2735 1
1225 1224 1226 1
803 557 1055 1
802 1007 1118 1
408 410 1437 1
1350 1349 1351 1
1419 2214 2215 1
408 1437 2563 1
2082 2084 2098 1
1896 1894 2205 1
2738 2821 2989 1
1235 1234 1236 1
1461 1459 1462 1
1296 1281 1297 1
2119 2118 2120 1
2390 1835 2391 1
64 65 311 1
749 746 2672 1
2464 547 2677 1
2134 2133 2135 1
2223 2221 3061 1
1194 1192 1330 1
1205 1204 1206 1
1407 2572 2673 1
1381 2957 2958 1
2871 2870 3191 1
1227 1226 1228 1
2239 1694 3280 1
136 137 335 1
555 553 954 1
1413 2647 2730 1
733 732 736 1
1150 1148 1556 1
857 856 1033 1
1077 1312 2657 1
1068 1558 2649 1
1060 1008 1126 1
999 789 2789 1
1352 1351 1353 1
1233 1232 1234 1
1056 1057 1102 1
2493 2494 2495 1
722 720 723 1
2626 327 2630 1
1821 1820 1992 1
1421 1094 2396 1
1302 1297 1303 1
1122 923 1148 1
192 193 2778 1
1229 1228 1230 1
291 192 2778 1
1330 2621 2622 1
2078 2080 2156 1
624 625 626 1
1116 1115 1117 1
418 417 419 1
551 2725 2794 1
1231 1230 1232 1
914 913 915 1
1313 1063 1455 1
537 535 538 1
2780 1610 2850 1
1393 1392 1394 1
2674 1185 2675 1
970 1129 2941 1
1556 1148 2484 1
718 717 720 1
1720 2267 3120 1
1702 1703 1790 1
280 204 2611 1
2248 1716 3161 1
1395 1394 1396 1
319 211 3238 1
723 720 2723 1
965 964 966 1
2342 2340 2343 1
404 406 411 1
1502 2177 2178 1
2195 2194 2196 1
546 558 2574 1
1506 1477 1536 1
76 77 306 1
703 858 3000 1
622 623 624 1
1049 1050 1056 1
2589 2587 2600 1
1354 1353 1355 1
201 202 324 1
1548 1421 2396 1
717 801 2723 1
914 915 916 1
1122 1148 1149 1
777 2408 2409 1
1618 1545 1619 1
1203 1202 1204 1
3283 2957 3432 1
2955 365 3092 1
1895 1896 1914 1
1513 1467 3047 1
717 715 801 1
203 204 280 1
614 641 2651 1
1166 1168 1170 1
574 1156 2736 1
2718 2719 2720 1
1397 1396 1398 1
1387 1386 1388 1
291 2778 2780 1
233 234 2527 1
1030 1031 1049 1
1891 1465 1892 1
2630 327 2631 1
2824 2693 3297 1
550 548 561 1
2357 2358 2359 1
18 19 300 1
606 608 2797 1
187 188 295 1
2173 1275 3168 1
1875 1337 3033 1
1192 1190 2621 1
537 538 540 1
2470 2246 2943 1
1087 1083 2440 1
1484 1783 3148 1
1085 1087 1088 1
675 673 851 1
2178 2208 3277 1
855 854 856 1
1549 1551 1905 1
393 402 2656 1
679 677 762 1
846 811 854 1
1491 1418 2795 1
1564 723 2723 1
728 2664 2893 1
2564 2566 2944 1
415 418 2668 1
2164 2163 2544 1
2576 2575 2577 1
2491 2492 2493 1
2465 397 3078 1
2239 2238 3218 1
1099 1479 1480 1
2699 1832 3074 1
2377 2376 2378 1
1463 1462 1726 1
1356 1355 1357 1
852 2718 2720 1
1081 1079 1082 1
70 71 309 1
2274 2276 2543 1
1575 1577 2313 1
1549 1905 2573 1
764 762 2485 1
1400 1442 2825 1
2073 2075 2091 1
2149 2148 2150 1
2582 2584 2585 1
1790 1791 2819 1
773 771 2667 1
2251 1283 3188 1
1072 2843 2897 1
1385 1384 1386 1
1543 1455 1882 1
399 401 799 1
335 137 2700 1
1552 1550 1553 1
2569 299 2679 1
534 531 535 1
15 16 259 1
1028 1029 1030 1
1068 1069 1070 1
571 574 2736 1
2515 2099 2516 1
140 337 2740 1
912 910 913 1
1570 1718 1748 1
983 985 3034 1
32 2707 3114 1
88 89 347 1
491 502 2724 1
663 665 930 1
620 621 622 1
1523 1310 1816 1
1358 1357 1359 1
1010 1014 1015 1
391 389 2722 1
1409 1407 2673 1
1079 1077 2657 1
2669 17 2834 1
852 685 2718 1
676 678 3016 1
5 6 260 1
1201 1200 1202 1
1132 1019 1133 1
1070 1069 1071 1
138 139 279 1
81 345 2892 1
1376 1375 1384 1
1103 1105 1106 1
183 184 296 1
2688 2687 2785 1
2616 1022 2781 1
1360 1359 1361 1
1326 1327 1457 1
763 764 765 1
374 372 2732 1
765 766 767 1
893 891 2687 1
920 917 1042 1
1374 1373 1375 1
1364 1363 1373 1
1299 1200 2528 1
926 2649 2805 1
1362 1361 1363 1
2067 2068 2490 1
568 567 569 1
1444 1152 1524 1
1509 1392 2439 1
1468 1808 1824 1
1136 635 1769 1
2622 2623 2624 1
1893 1894 1895 1
386 384 795 1
193 194 328 1
724 723 725 1
1791 1969 2819 1
227 228 340 1
2355 1483 2356 1
1068 1070 1558 1
2563 1437 2564 1
1836 1431 1907 1
1024 921 1025 1
673 670 2670 1
1129 1320 1321 1
201 324 2690 1
79 80 263 1
1181 1185 2674 1
565 563 782 1
2202 1609 2203 1
1127 1568 1570 1
2627 2626 2630 1
708 1038 2671 1
716 715 717 1
1106 1419 2637 1
2376 1128 2881 1
566 565 567 1
221 222 287 1
1695 1322 2929 1
1764 1763 1765 1
1391 1389 1392 1
1418 1135 1481 1
767 768 769 1
1330 1192 2621 1
851 673 2670 1
769 771 772 1
772 773 784 1
2680 1822 2681 1
1312 1566 1604 1
2068 2070 2071 1
581 579 2467 1
1547 1549 2573 1
442 443 444 1
235 236 2569 1
1442 1841 2825 1
1735 1524 2047 1
2562 1618 2705 1
1020 1021 1028 1
570 569 571 1
1018 1099 2646 1
393 391 394 1
902 899 2684 1
1789 1680 1998 1
2564 2565 2566 1
2509 2508 3022 1
1573 1009 2660 1
928 1068 2649 1
1199 1198 1200 1
1740 1436 1741 1
140 141 337 1
1176 1788 2703 1
1555 1732 2469 1
544 541 545 1
371 373 849 1
600 637 2988 1
2813 285 2814 1
898 893 2687 1
534 535 537 1
2578 2577 2579 1
731 3112 3130 1
1081 1082 1083 1
927 1819 2766 1
1018 1016 1098 1
1678 1491 1679 1
2273 2272 2274 1
1420 1094 1421 1
2489 2490 2511 1
2622 2621 2623 1
1010 1013 1014 1
1731 1327 2257 1
157 158 343 1
912 913 914 1
1009 1010 2660 1
1891 1892 1893 1
1799 1589 2701 1
59 60 350 1
1698 1537 1699 1
1717 1555 2469 1
965 967 2941 1
2593 2591 2655 1
1149 1150 1151 1
1088 1089 1090 1
724 726 729 1
564 565 566 1
191 192 291 1
1570 1568 1718 1
2499 2497 2500 1
530 529 531 1
82 83 2838 1
1003 1004 1020 1
248 249 297 1
1770 1769 2861 1
2485 762 2486 1
2712 731 3130 1
2099 2096 2100 1
1043 1042 1435 1
559 543 1153 1
129 130 2554 1
159 160 303 1
926 928 2649 1
553 550 2640 1
1121 1122 2748 1
1947 1741 1948 1
1898 2965 3337 1
382 380 469 1
915 913 953 1
1749 1379 1818 1
2685 898 2687 1
393 395 402 1
1151 1150 1152 1
1154 1153 1155 1
2333 2331 3011 1
714 713 715 1
1197 1196 1198 1
1009 843 1010 1
586 587 588 1
805 1753 2182 1
529 2666 2689 1
861 859 2314 1
1399 1398 1400 1
2778 2779 2780 1
618 619 620 1
1735 2047 2465 1
1823 1547 2573 1
546 545 558 1
1972 1666 1973 1
367 369 483 1
137 138 2700 1
149 150 339 1
219 220 346 1
1794 1560 2606 1
2000 1878 2003 1
715 713 2620 1
1559 1306 2210 1
144 145 338 1
842 841 843 1
1794 2606 2607 1
1075 1077 1078 1
1467 1178 2703 1
997 998 1003 1
806 2450 2452 1
1444 1524 1561 1
1856 1770 2861 1
197 198 333 1
566 567 568 1
1675 1573 2774 1
1788 1174 2729 1
18 300 2834 1
2078 2156 2914 1
847 485 1381 1
30 31 305 1
2685 2687 2688 1
1451 1822 2680 1
298 243 2614 1
778 779 790 1
616 617 618 1
24 25 304 1
1277 1289 1290 1
1848 2675 3144 1
61 62 278 1
146 147 286 1
1014 1013 1127 1
1591 1714 3001 1
2620 727 3076 1
612 613 614 1
1543 2191 2461 1
2290 2289 3368 1
440 441 442 1
720 717 2723 1
2657 1605 2721 1
908 907 1849 1
742 743 745 1
1010 843 1013 1
2065 2066 2067 1
1263 1264 1265 1
568 569 570 1
610 611 612 1
2387 2642 3016 1
1195 1194 1196 1
67 68 274 1
153 154 341 1
1745 2871 3191 1
1013 843 2733 1
554 556 1037 1
444 445 446 1
1171 848 2694 1
2501 2500 2507 1
679 762 763 1
1443 1152 1444 1
377 378 379 1
2063 2064 2065 1
614 615 616 1
2741 894 2742 1
1255 1256 1257 1
1335 1458 1704 1
1567 1013 2733 1
530 531 534 1
2496 2498 2502 1
928 1067 1068 1
1780 2866 2891 1
375 376 377 1
2713 2714 2717 1
1561 1524 1735 1
2723 801 2947 1
139 140 2740 1
841 850 2733 1
535 531 539 1
1969 1970 1971 1
906 905 907 1
1257 1258 1259 1
528 527 529 1
1841 1840 1842 1
633 634 639 1
379 380 381 1
1253 1254 1255 1
608 609 610 1
2305 624 3270 1
1078 1077 1079 1
375 374 376 1
1515 1171 1534 1
1099 1098 1479 1
2426 2427 2428 1
223 224 342 1
1108 1107 1109 1
841 839 850 1
751 752 759 1
1259 1260 1261 1
381 382 383 1
1944 1522 1945 1
242 243 298 1
383 384 385 1
390 391 392 1
712 710 713 1
388 389 390 1
745 746 748 1
385 386 388 1
1261 1262 1263 1
748 749 751 1
994 995 997 1
1099 1554 2646 1
2044 2043 2233 1
1066 927 2766 1
1424 2259 2260 1
1310 507 2830 1
1499 1917 1918 1
1894 1892 2615 1
1826 3294 3406 1
737 742 2858 1
1457 1555 1717 1
2038 2031 2713 1
1560 1409 2673 1
142 143 285 1
523 2798 2799 1
1251 1252 1253 1
1036 1130 1164 1
971 972 973 1
606 607 608 1
1443 1444 1562 1
840 839 841 1
710 708 2671 1
2491 2071 2492 1
528 529 530 1
2320 2323 2324 1
588 589 590 1
2548 2549 2550 1
1295 2228 3198 1
1268 2414 3530 1
713 710 727 1
1943 1522 1944 1
903 902 905 1
2379 2376 2881 1
1595 1553 1596 1
1839 2436 3321 1
155 156 292 1
2001 2000 2002 1
489 491 2724 1
1575 1480 1577 1
725 1564 1591 1
1307 1820 1821 1
2425 2429 2775 1
333 198 2726 1
1249 1250 1251 1
495 374 2732 1
518 1305 1492 1
2642 676 3016 1
1534 1171 2694 1
842 843 1009 1
534 537 2727 1
1151 1152 1443 1
1791 1968 1969 1
142 285 2813 1
1523 1816 1817 1
2843 1781 2897 1
1433 1178 1467 1
2057 2058 2059 1
1766 1763 2519 1
1141 2364 2365 1
2718 755 2719 1
36 37 313 1
2091 2075 2914 1
1827 1832 2699 1
2014 919 3557 1
2031 2027 2713 1
2671 1038 3121 1
11 12 2373 1
1542 1937 1938 1
2703 1788 2725 1
905 902 2683 1
1098 1016 2827 1
438 439 440 1
907 905 919 1
890 894 2741 1
1646 1647 1648 1
604 605 606 1
790 791 1036 1
2683 2684 2686 1
687 755 2718 1
1521 1451 1522 1
404 411 2907 1
1420 1421 1497 1
1193 1192 1194 1
2804 680 2822 1
392 393 2656 1
141 142 2813 1
2038 2713 2717 1
1455 1063 2854 1
2963 1777 2981 1
1247 1248 1249 1
1648 1649 1650 1
151 152 290 1
1497 1547 1823 1
199 200 282 1
1788 2729 2794 1
1068 1067 1069 1
279 139 2740 1
389 386 2884 1
199 282 2726 1
549 552 560 1
2282 2274 2543 1
3434 2653 3469 1
1336 1527 2911 1
2042 2040 2043 1
1830 1829 1831 1
1644 1645 1646 1
991 992 994 1
2188 2187 2189 1
2791 1179 2792 1
2042 2043 2044 1
1178 1176 2703 1
436 437 438 1
830 814 2851 1
1331 999 1332 1
846 855 2909 1
2329 2331 2332 1
1407 1405 2572 1
1114 1113 1115 1
1531 1742 2706 1
2790 1179 2791 1
685 687 2718 1
709 708 710 1
2683 902 2684 1
1416 1448 1449 1
1164 1329 1500 1
1160 1054 2829 1
2606 1560 2673 1
729 730 734 1
788 1065 2801 1
913 910 2658 1
2564 1437 2565 1
2544 2545 2546 1
2034 2039 2040 1
1110 1109 1111 1
2546 2547 2548 1
838 836 839 1
514 516 2798 1
1450 1449 1451 1
1829 1827 2699 1
602 603 604 1
726 725 2613 1
434 435 436 1
704 731 2712 1
1857 1765 2964 1
231 232 2661 1
2034 2033 2039 1
525 527 528 1
706 704 2712 1
1650 1651 1653 1
840 841 842 1
1938 1939 1940 1
200 201 2690 1
906 907 908 1
1112 1111 1113 1
2033 2038 2702 1
1296 1302 2912 1
1245 1246 1247 1
3074 1832 3098 1
812 830 2696 1
2040 2039 2704 1
590 591 592 1
2032 2031 2033 1
901 899 902 1
834 832 935 1
195 196 288 1
2415 2416 3643 1
87 88 3015 1
198 199 2726 1
2798 2791 2799 1
1704 2520 2522 1
1064 1314 1315 1
1067 1066 2758 1
2481 1098 2827 1
197 333 2767 1
708 706 1038 1
1642 1643 1644 1
1653 1654 1655 1
393 394 395 1
282 200 2690 1
2028 2027 2031 1
2434 2436 2438 1
1827 1814 1832 1
191 291 2776 1
523 514 2798 1
1042 917 2840 1
1086 2865 2873 1
1793 1560 1794 1
401 403 404 1
683 685 852 1
835 834 836 1
1121 923 1122 1
73 74 271 1
2365 2366 2369 1
1416 1449 1450 1
25 26 2818 1
1334 1121 2748 1
1830 1831 2236 1
1176 1174 1788 1
718 720 721 1
1440 1833 1835 1
3230 2719 3237 1
1127 1567 1568 1
2039 2033 2702 1
446 448 449 1
600 601 602 1
1014 1127 2827 1
2265 2264 3267 1
1191 1190 1192 1
2621 1190 2711 1
2001 2002 2004 1
1563 1562 2384 1
2026 2025 2027 1
1828 1827 1829 1
2045 2747 2976 1
2033 2031 2038 1
1773 1770 1856 1
1295 1439 1440 1
989 990 991 1
2216 2214 2773 1
1243 1244 1245 1
1382 1009 1573 1
1655 1656 1657 1
915 953 2840 1
1615 1671 2849 1
1433 1467 1513 1
2032 2033 2034 1
449 450 451 1
687 689 755 1
1500 1501 1686 1
799 401 2907 1
2604 954 2640 1
432 433 434 1
1344 1345 1346 1
3198 2228 3259 1
2043 2040 2704 1
903 905 906 1
2270 2420 3574 1
2296 2935 2942 1
592 593 594 1
2687 891 2785 1
132 2171 3635 1
1538 2289 2290 1
2028 2031 2032 1
2495 2494 2505 1
668 572 1571 1
1719 1334 1723 1
1639 1640 1642 1
491 493 502 1
1821 1992 1993 1
529 527 2666 1
1333 1067 2758 1
2027 2029 2713 1
562 564 1730 1
2026 2027 2028 1
1558 1070 2897 1
1025 1027 1131 1
886 2746 3102 1
2152 2153 2154 1
1084 1083 1085 1
301 2634 3217 1
1515 1534 1924 1
2773 256 2857 1
2154 2162 2163 1
266 11 2373 1
430 2272 2273 1
1522 1451 2680 1
1856 3195 3332 1
525 526 527 1
1889 1660 3095 1
288 196 2767 1
1657 1658 1660 1
707 706 708 1
399 400 401 1
922 863 923 1
245 246 253 1
1100 1586 2734 1
1607 1667 2174 1
1241 1242 1243 1
2480 938 3365 1
196 197 2767 1
2664 2044 2665 1
598 599 600 1
429 431 432 1
2666 536 2674 1
2041 2040 2042 1
177 178 351 1
890 892 894 1
2493 2492 2494 1
1181 1183 1185 1
740 744 807 1
1521 1522 1943 1
2489 2067 2490 1
1415 1412 1416 1
1416 1412 1448 1
1451 1449 1822 1
838 839 840 1
1262 1260 2963 1
2024 2023 2025 1
1450 1451 1521 1
843 841 2733 1
2027 2025 2029 1
2017 2019 2020 1
1574 1573 1675 1
1416 1450 2782 1
2150 2151 2152 1
2307 1455 2854 1
2615 1892 2616 1
1826 1814 1827 1
721 722 848 1
1017 1019 1132 1
2713 2029 2714 1
404 405 406 1
27 28 270 1
2024 2025 2026 1
967 966 968 1
716 717 718 1
1637 1638 1639 1
1828 1829 1830 1
932 659 1685 1
1524 1152 2648 1
1207 1208 1209 1
38 39 349 1
1239 1240 1241 1
2373 1993 3339 1
1209 1210 1211 1
827 825 844 1
901 902 903 1
375 377 447 1
1662 1963 3095 1
1571 572 2736 1
1836 1907 1976 1
911 910 912 1
1999 1878 2000 1
1196 2560 3025 1
427 428 429 1
2022 2021 2023 1
1211 1212 1213 1
2337 2338 2339 1
1046 1383 2810 1
1315 1316 1431 1
1496 1160 1952 1
1872 1869 1922 1
547 549 2677 1
1432 1332 1504 1
594 595 596 1
21 22 265 1
2712 3130 3134 1
973 974 975 1
1213 1214 1215 1
801 715 2620 1
1591 1592 1714 1
835 836 838 1
16 17 2669 1
797 786 947 1
263 2757 3296 1
524 521 525 1
1312 1076 1566 1
1205 1206 1207 1
2357 2356 2358 1
858 2769 3000 1
919 905 2683 1
1723 1334 2748 1
2660 1015 2905 1
289 2618 3544 1
672 670 673 1
2020 2019 2021 1
1611 2049 2050 1
1404 1097 1405 1
2022 2023 2024 1
1237 1238 1239 1
193 328 2778 1
705 704 706 1
1346 1347 1348 1
33 34 273 1
520 517 521 1
1215 1216 1217 1
2017 2020 2738 1
1775 1042 2840 1
1454 1409 1560 1
1635 1636 1637 1
693 695 750 1
714 715 716 1
596 597 598 1
527 536 2666 1
1462 1459 2911 1
2020 2021 2022 1
1499 1918 2889 1
2029 2025 2771 1
2664 2665 2893 1
1794 2607 2608 1
2821 719 2989 1
2016 2017 2738 1
1047 764 2485 1
179 180 307 1
1579 2015 2016 1
503 505 518 1
1080 1079 1081 1
2060 2062 2063 1
549 560 2677 1
1038 706 2712 1
1660 1661 1662 1
1100 1452 1586 1
1668 1465 1891 1
1918 1917 2709 1
1118 1007 3005 1
2020 2022 2036 1
2020 2036 2738 1
1826 1827 1828 1
566 568 1041 1
1174 524 2729 1
2338 2341 3145 1
704 702 731 1
2335 2336 2337 1
1379 1133 2695 1
1203 1204 1205 1
2241 2240 3285 1
1573 2660 2774 1
425 426 427 1
2016 2015 2017 1
1093 1087 2440 1
889 887 897 1
1393 1394 1395 1
833 832 834 1
542 1175 1179 1
1217 1218 1219 1
304 25 2818 1
1038 2712 3134 1
2715 2771 2772 1
531 529 2689 1
2679 2352 2962 1
2691 1569 2692 1
1633 1634 1635 1
195 288 2777 1
1186 1188 1295 1
1235 1236 1237 1
2042 2044 2664 1
570 571 572 1
757 753 1594 1
1813 1812 1814 1
1307 1821 2695 1
987 988 989 1
1715 1369 1853 1
888 890 2741 1
2714 2715 2716 1
1450 1737 2782 1
2034 2040 2041 1
2022 2024 2750 1
1127 1013 1567 1
2771 2752 2772 1
406 407 408 1
1700 1699 1701 1
858 2800 3029 1
2023 2021 2752 1
2047 1524 2648 1
1348 1349 1350 1
712 713 714 1
1443 1562 1563 1
2339 2340 2342 1
1219 1220 1221 1
1945 1522 2680 1
669 671 1100 1
2036 2022 2750 1
1449 1448 2708 1
2025 2023 2771 1
542 1179 2790 1
1395 1396 1397 1
345 82 2838 1
1408 1409 1410 1
521 517 2783 1
2028 2032 2035 1
397 398 399 1
2332 2333 2335 1
423 424 425 1
703 702 704 1
516 520 2790 1
56 57 289 1
909 908 910 1
1541 1303 2561 1
2202 3060 3193 1
394 391 2722 1
535 539 2891 1
724 729 2856 1
2017 2018 2019 1
727 710 2671 1
2500 2497 2878 1
2205 1894 2615 1
780 2801 2921 1
896 893 898 1
914 916 925 1
263 2892 3431 1
1201 1202 1203 1
574 576 1156 1
796 606 2797 1
2715 2029 2771 1
1078 1079 1080 1
1221 1222 1223 1
848 722 2856 1
2024 2026 2037 1
1662 1663 1688 1
2778 328 2779 1
1631 1632 1633 1
2135 2136 2137 1
1605 1607 2721 1
879 882 2737 1
1568 1567 1569 1
1133 1307 2695 1
918 921 1024 1
3240 1726 3307 1
1155 1763 1764 1
2143 2144 2145 1
699 701 728 1
2024 2037 2750 1
817 1006 2839 1
975 976 977 1
2023 2752 2771 1
1454 1560 1793 1
1132 1133 1379 1
858 705 2800 1
2763 2761 2765 1
464 462 2453 1
1604 1566 1919 1
1911 1514 1913 1
1813 1814 1826 1
1408 1407 1409 1
2057 261 2058 1
1223 1224 1225 1
525 521 526 1
1779 1778 3047 1
2759 2758 2760 1
1332 999 2789 1
1391 1392 1393 1
709 710 712 1
2145 2147 2148 1
1517 1318 1610 1
259 16 2669 1
1059 1424 3005 1
833 834 835 1
1081 1083 1084 1
1033 1035 1138 1
1084 1096 2803 1
703 705 858 1
1387 1388 1389 1
1233 1234 1235 1
2769 2956 3000 1
1718 1568 2691 1
2865 1784 2873 1
2139 2142 2143 1
1666 1606 2644 1
1435 1775 1974 1
1350 1351 1352 1
1189 1187 1190 1
1408 1410 1411 1
395 396 397 1
408 409 410 1
164 165 2652 1
1106 1105 1107 1
1568 1569 2691 1
1484 1593 1783 1
871 873 874 1
2120 2121 2122 1
1865 1864 1908 1
337 141 2813 1
1629 1630 1631 1
421 422 423 1
883 881 884 1
1411 1410 1412 1
1352 1353 1354 1
2137 2138 2139 1
1406 1405 1407 1
419 420 421 1
879 877 880 1
260 3077 3194 1
739 682 2804 1
1102 1057 1103 1
780 788 2801 1
525 528 2729 1
1143 1117 1144 1
451 452 453 1
576 578 2902 1
2644 1606 3036 1
2352 2354 2962 1
922 923 1121 1
1225 1226 1227 1
2026 2028 2751 1
1741 3289 3495 1
891 889 2785 1
1758 1760 1902 1
1199 1200 1201 1
878 879 2737 1
701 700 702 1
1415 1416 2782 1
2714 2029 2715 1
1688 1689 1690 1
1411 1412 1415 1
1081 1084 2803 1
527 526 536 1
540 543 559 1
883 885 886 1
80 81 2892 1
2517 2059 2518 1
2495 2505 2878 1
1065 1147 1498 1
1627 1628 1629 1
1811 1810 1812 1
373 374 375 1
2409 1536 3240 1
520 542 2790 1
2021 2019 2030 1
2032 2034 2768 1
536 1181 2674 1
2028 2035 2751 1
1383 1579 2810 1
1406 1407 1408 1
3029 2800 3035 1
1518 1415 1672 1
1619 1620 1621 1
2400 2403 2404 1
524 525 2729 1
742 1172 2858 1
2037 2026 2751 1
682 680 2804 1
1303 1426 1427 1
2768 2041 2769 1
901 903 2770 1
1999 2000 2001 1
1231 1232 1233 1
674 673 675 1
1404 1405 1406 1
807 808 809 1
2790 2791 2798 1
1227 1228 1229 1
874 873 875 1
520 521 524 1
707 708 709 1
1719 1723 1901 1
1625 1626 1627 1
2126 2127 2128 1
2035 2032 2768 1
1197 1198 1199 1
2067 2066 2068 1
516 2790 2798 1
725 723 1564 1
1877 1876 1878 1
2124 2125 2126 1
410 412 413 1
1623 1624 1625 1
66 67 2945 1
1607 2174 2721 1
2122 2123 2124 1
1056 1050 1057 1
1149 1151 1488 1
1472 1470 1847 1
1411 1415 1518 1
896 898 899 1
1563 2384 2385 1
890 889 891 1
386 795 2884 1
2065 2064 2066 1
1385 1386 1387 1
1699 1537 2920 1
1406 1408 2802 1
1453 1124 1465 1
542 524 1174 1
2128 2129 2130 1
889 897 2785 1
2172 2166 3569 1
2722 389 2884 1
2130 2132 2133 1
1397 1398 1399 1
1354 1355 1356 1
1229 1230 1231 1
953 913 2658 1
260 2283 3374 1
831 829 832 1
1672 1415 2782 1
882 881 883 1
1687 1797 2011 1
2623 2621 2711 1
379 381 933 1
2787 1448 2807 1
1184 1182 1584 1
733 737 2858 1
2071 2070 2571 1
516 515 517 1
875 873 876 1
2548 2547 2549 1
1382 1573 1574 1
1621 1622 1623 1
413 414 415 1
1195 1196 1197 1
809 810 811 1
511 514 523 1
1498 1535 1942 1
1512 2753 2877 1
2034 2041 2768 1
2295 800 2300 1
2017 2015 2018 1
516 517 520 1
1617 1615 2849 1
871 872 873 1
928 1066 1067 1
888 887 889 1
879 881 882 1
1494 1695 1696 1
821 819 1012 1
2273 2274 2282 1
1518 1672 2007 1
1092 1090 1094 1
2021 2030 2752 1
1427 1544 1545 1
699 698 700 1
1450 1521 1737 1
1049 1031 1050 1
1828 1830 1910 1
815 813 2816 1
667 669 2734 1
1809 1761 1810 1
558 1165 1166 1
1072 1075 2843 1
1448 1412 2807 1
88 347 3015 1
1811 1812 1813 1
1611 1526 2049 1
867 869 956 1
415 416 417 1
705 706 707 1
1376 1384 1385 1
1129 1705 2941 1
2754 2756 2757 1
1412 1410 2807 1
1030 1029 1031 1
1356 1357 1358 1
2665 2845 2893 1
1410 1409 1454 1
1808 1469 2889 1
707 709 711 1
1690 1691 1743 1
1084 1085 1086 1
1822 1449 2708 1
551 534 2727 1
1175 1174 1176 1
1452 1526 1611 1
1584 1182 2784 1
2708 1448 2787 1
842 1009 1382 1
883 884 885 1
1880 1950 1951 1
669 1100 2734 1
870 868 924 1
2784 2783 2811 1
2708 2787 2788 1
977 978 979 1
518 505 1305 1
1702 1701 1703 1
926 927 928 1
1673 1513 1991 1
1193 1194 1195 1
1811 1813 1909 1
993 3175 3310 1
318 3 2476 1
526 521 2783 1
1403 1097 1404 1
676 675 677 1
1817 1816 2796 1
1074 1071 1512 1
1374 1375 1376 1
1100 1101 1452 1
541 538 2866 1
698 696 735 1
879 880 881 1
1364 1373 1374 1
530 534 551 1
1816 1310 2830 1
934 784 936 1
1809 1810 1811 1
703 704 705 1
1358 1359 1360 1
819 817 2839 1
678 677 679 1
2111 2117 2118 1
981 983 2881 1
1367 1433 2786 1
2544 2163 2545 1
1362 1363 1364 1
697 696 698 1
1360 1361 1362 1
878 877 879 1
1591 1564 1592 1
1853 1369 2951 1
1526 1101 2168 1
1180 2783 2784 1
1096 1086 1097 1
1100 671 1101 1
838 840 1073 1
1579 2014 2015 1
1423 1080 1582 1
888 889 890 1
812 814 830 1
712 714 931 1
871 870 872 1
701 702 703 1
1721 1582 1722 1
900 899 901 1
1776 1504 1961 1
707 711 2800 1
1404 1406 1581 1
828 827 829 1
2783 517 2811 1
371 372 373 1
732 726 2613 1
1893 1895 1921 1
1405 1097 2873 1
3121 1038 3134 1
885 884 887 1
1760 1761 1809 1
712 931 2812 1
875 877 878 1
1581 1406 2802 1
1496 1952 1953 1
875 876 877 1
684 682 739 1
2108 2110 2111 1
528 530 2794 1
2342 2343 2345 1
367 368 369 1
1760 1759 1761 1
2748 1122 2806 1
1781 2045 2976 1
1080 1081 2803 1
369 370 371 1
1408 1411 2802 1
669 670 671 1
1863 1617 1864 1
2567 2564 2944 1
542 1174 1175 1
1177 1176 1178 1
1452 1101 1526 1
900 904 926 1
831 832 833 1
869 870 871 1
501 392 859 1
979 980 981 1
572 571 2736 1
1287 2239 3285 1
1727 1462 2911 1
1795 1793 1987 1
2344 2340 3145 1
699 700 701 1
1616 1890 2808 1
2546 2545 2547 1
1095 1094 1420 1
328 194 2777 1
985 986 987 1
1764 1765 1857 1
212 267 3238 1
890 891 892 1
520 524 542 1
2753 1333 2754 1
1028 1021 1029 1
1383 1171 1515 1
1138 1139 1528 1
2326 2324 2327 1
1023 1474 2887 1
688 686 929 1
697 698 699 1
1046 848 1171 1
1096 1097 1403 1
816 818 2815 1
376 374 495 1
1433 1673 2786 1
629 628 630 1
225 226 256 1
559 1153 1154 1
1433 1513 1673 1
1069 1067 1333 1
1456 1310 1523 1
1078 1080 1423 1
2759 2760 2761 1
539 531 2689 1
1790 1703 1791 1
1367 1178 1433 1
1023 1125 1474 1
916 918 2739 1
695 696 697 1
695 694 696 1
1166 1167 1168 1
981 982 983 1
1084 1086 1096 1
1191 1192 1193 1
788 940 1065 1
1582 1080 2803 1
2931 2613 3001 1
1687 2011 2828 1
1726 1727 1888 1
1877 1878 1999 1
453 455 456 1
1758 1759 1760 1
3019 2725 3065 1
513 507 1310 1
536 526 1180 1
1531 1612 1742 1
1016 1014 2827 1
1180 526 2783 1
2193 1040 3248 1
927 904 1819 1
711 709 2812 1
365 366 367 1
2755 1333 2758 1
1420 1497 2862 1
517 515 2811 1
705 707 2800 1
1722 1582 2847 1
456 457 458 1
693 694 695 1
1440 1439 1833 1
1399 1400 1401 1
1579 2016 2810 1
892 891 893 1
692 690 738 1
2738 2036 2821 1
239 240 254 1
536 1180 1181 1
1443 1563 2833 1
1411 1518 2802 1
1328 1163 1434 1
633 632 634 1
578 582 2902 1
1020 1004 1021 1
1189 1190 1191 1
1454 1793 1795 1
1957 1734 1958 1
722 724 2856 1
1675 2774 2863 1
672 758 2809 1
1410 1454 2807 1
885 887 888 1
826 825 827 1
194 195 2777 1
1069 1333 2753 1
814 816 2851 1
1801 1898 3337 1
1041 568 2826 1
2664 728 2956 1
103 301 3049 1
1758 1757 1759 1
1295 1188 1439 1
311 65 3003 1
1175 1176 1177 1
2572 1784 2961 1
1442 1840 1841 1
925 916 2739 1
2579 2580 2597 1
1053 1158 1484 1
693 692 694 1
1749 1818 1923 1
1614 1616 2808 1
864 863 922 1
954 553 2640 1
906 908 909 1
2063 2062 2064 1
818 837 2815 1
1754 734 1903 1
1429 1334 1719 1
1177 1178 1367 1
586 585 587 1
691 692 693 1
671 670 672 1
1423 1582 1721 1
672 673 674 1
2750 2037 3046 1
2378 2379 2380 1
904 901 2770 1
778 761 779 1
896 899 900 1
911 912 1022 1
1182 1180 2784 1
2320 2318 2323 1
2689 3101 3171 1
862 861 863 1
2729 528 2794 1
2904 1512 2954 1
1756 1757 1758 1
1003 998 1004 1
917 915 2840 1
983 984 985 1
1309 1121 1334 1
2106 2107 2108 1
1492 1305 3620 1
631 630 632 1
2765 3108 3122 1
1616 1862 1890 1
709 712 2812 1
860 859 861 1
937 936 1326 1
1151 1443 2833 1
1181 1180 1182 1
909 910 911 1
818 820 837 1
484 2310 3329 1
1686 1687 2828 1
514 512 515 1
671 672 2809 1
515 512 519 1
1141 2365 2909 1
824 826 845 1
2512 2732 3026 1
583 635 1136 1
1101 671 2809 1
828 829 831 1
1472 1847 1848 1
2991 102 3049 1
729 1754 2856 1
685 686 687 1
1847 1470 2915 1
900 901 904 1
2514 2515 3271 1
1714 1592 1724 1
793 2304 3383 1
2587 2584 2605 1
1168 1169 1468 1
2753 2754 2877 1
1318 1154 2735 1
1743 1744 1745 1
824 823 825 1
1819 904 2770 1
763 765 1173 1
926 904 927 1
683 684 685 1
1795 2787 2807 1
895 893 896 1
895 896 2805 1
1873 1872 1876 1
530 551 2794 1
1871 1869 1872 1
1126 2595 3608 1
869 868 870 1
817 815 1006 1
1061 943 1366 1
1383 1515 1578 1
363 364 365 1
1468 1469 1808 1
1006 815 2816 1
514 515 516 1
2820 2724 2957 1
2437 1509 2439 1
689 690 691 1
1149 1488 2806 1
2803 1096 2847 1
1162 1311 1503 1
1383 1578 1579 1
691 690 692 1
687 688 689 1
711 2812 3059 1
511 512 514 1
928 927 1066 1
997 995 998 1
1574 1675 1751 1
610 612 3183 1
2005 1766 2519 1
1479 1098 2481 1
912 914 2781 1
900 926 2805 1
672 674 758 1
2104 2105 2106 1
17 18 2834 1
1873 1877 1906 1
2800 711 3035 1
831 833 1032 1
1920 2904 2954 1
1798 1589 1799 1
40 41 276 1
2612 3052 3075 1
570 572 667 1
1122 1149 2806 1
1046 1171 1383 1
822 821 823 1
622 621 623 1
1181 1182 1183 1
853 774 943 1
2154 2153 2162 1
840 842 2837 1
444 443 445 1
1598 1597 1599 1
1866 1868 1870 1
2755 2758 2759 1
1952 1160 2829 1
2246 1595 2999 1
1063 1026 2854 1
1022 912 2781 1
681 682 683 1
1095 1420 1422 1
2727 537 2888 1
2510 2500 2878 1
1474 1125 1475 1
1615 1613 1671 1
1868 1867 1869 1
1309 1429 1805 1
1542 1938 2912 1
2379 2881 3034 1
506 508 509 1
496 487 1597 1
1756 1729 1757 1
697 699 2893 1
568 570 2826 1
826 827 828 1
2312 2470 3160 1
2386 2385 2387 1
1579 1578 2014 1
2100 2101 2102 1
1488 1151 2833 1
903 906 2817 1
918 1024 2739 1
2743 1722 3031 1
892 893 895 1
2575 2574 2603 1
2462 2191 3532 1
373 372 374 1
1162 1503 2924 1
922 1121 1309 1
1431 1316 2949 1
2303 2302 3264 1
801 2620 3057 1
383 385 387 1
3293 1901 3317 1
65 66 3003 1
2152 2151 2153 1
2141 2610 3072 1
716 718 719 1
2819 1969 3127 1
458 459 462 1
511 510 512 1
588 587 589 1
2102 2103 2104 1
1096 1403 2847 1
842 1382 2837 1
687 686 688 1
689 688 690 1
1805 1429 1806 1
1597 487 2975 1
930 665 945 1
1728 1729 1756 1
1863 1864 1865 1
185 336 2900 1
1453 1465 1668 1
667 668 669 1
1563 2385 2386 1
914 925 2781 1
1952 2829 2983 1
994 992 995 1
1382 1574 1583 1
626 625 628 1
3093 539 3171 1
1879 1596 1880 1
2168 1101 2809 1
684 739 2835 1
1073 840 2837 1
896 900 2805 1
2897 1781 2976 1
862 863 864 1
740 736 744 1
824 825 826 1
612 611 613 1
685 684 686 1
2407 2131 2901 1
820 819 821 1
608 607 609 1
750 695 2845 1
1071 1069 2753 1
462 463 465 1
465 466 467 1
667 2734 2826 1
1497 1960 2862 1
1092 1094 1095 1
943 774 3042 1
1309 1334 1429 1
610 609 611 1
2380 2382 2383 1
1023 1022 1124 1
1866 1865 1867 1
332 2569 2962 1
2056 2057 3099 1
695 697 2845 1
2541 326 3445 1
2770 903 2817 1
1454 1795 2807 1
854 811 2696 1
727 2671 3109 1
1033 856 1035 1
639 640 644 1
867 868 869 1
1600 1602 1844 1
558 545 1165 1
1900 2225 3515 1
1724 1725 1728 1
2150 2148 2151 1
929 686 2835 1
822 823 824 1
1281 1272 2981 1
1469 1471 2889 1
442 441 443 1
694 692 2824 1
1183 1182 1184 1
1088 1090 1092 1
1471 1473 1499 1
1482 1565 1750 1
1435 1042 1775 1
1183 1184 1186 1
667 572 668 1
1319 1778 1779 1
606 605 607 1
1563 2386 2833 1
1092 1095 1784 1
820 821 822 1
2170 2795 3159 1
1871 1872 1873 1
2221 302 2222 1
692 738 2824 1
669 668 670 1
1873 1876 1877 1
683 682 684 1
2363 2368 3234 1
1868 1869 1871 1
1423 1721 1781 1
1131 1027 2916 1
1012 819 2839 1
401 404 2907 1
2759 2761 2762 1
2186 2187 2188 1
2416 2112 3643 1
991 990 992 1
604 603 605 1
2427 2424 2971 1
570 667 2826 1
1767 1979 2793 1
2227 1682 2228 1
688 929 2831 1
644 645 652 1
911 1022 1023 1
1997 1699 2920 1
1467 2703 3019 1
1499 1572 1917 1
2061 2991 3049 1
1884 1601 1959 1
620 619 621 1
90 91 293 1
1728 1725 1729 1
616 615 617 1
1995 1541 2561 1
1532 1530 1850 1
1572 1473 1682 1
624 623 625 1
618 617 619 1
614 613 615 1
962 960 1446 1
1781 1721 2045 1
1044 945 1123 1
2094 2095 2096 1
859 392 2656 1
513 1310 1456 1
1863 1865 1866 1
1335 1704 2949 1
645 640 3033 1
767 769 770 1
590 589 591 1
1954 1953 1955 1
860 861 862 1
509 510 511 1
862 864 865 1
2956 728 3000 1
1283 2250 3090 1
1724 1592 1725 1
515 519 2811 1
190 191 2776 1
3035 711 3059 1
1866 1867 1868 1
2505 2506 2535 1
2497 2495 2878 1
816 2815 2851 1
1331 1332 1432 1
1036 791 1130 1
1189 1191 1365 1
1041 2826 2917 1
721 848 1046 1
3431 2892 3500 1
2618 289 3420 1
602 601 603 1
1566 1076 2904 1
2413 2412 3304 1
1565 1514 1911 1
1064 1315 2916 1
2424 2425 2971 1
1882 1455 2307 1
540 559 2888 1
387 385 2852 1
592 591 593 1
967 970 2941 1
2816 813 2959 1
738 690 2831 1
989 988 990 1
1017 1132 2905 1
1401 1400 2825 1
1382 1583 2837 1
681 680 682 1
2762 2761 2763 1
1864 1617 2849 1
2196 2197 2609 1
1565 1911 1912 1
1164 1130 1329 1
1161 1160 1496 1
2197 2375 3637 1
600 599 601 1
1186 1184 1187 1
440 439 441 1
867 866 868 1
1154 1155 2735 1
503 504 505 1
1582 2803 2847 1
1186 1187 1188 1
971 973 2929 1
2090 2093 2094 1
1471 1470 1472 1
3328 2986 3338 1
501 859 860 1
2754 2755 2756 1
509 508 510 1
1166 1165 1167 1
506 507 508 1
3478 3003 3549 1
971 969 972 1
1969 1968 1970 1
1603 1528 2676 1
1303 1297 1426 1
397 399 3078 1
1648 1647 1649 1
906 909 2817 1
1128 981 2881 1
371 370 372 1
2811 519 2898 1
1696 2193 2194 1
1646 1645 1647 1
594 593 595 1
865 864 866 1
385 388 2852 1
2754 1333 2755 1
2088 2089 2090 1
505 504 506 1
674 675 676 1
438 437 439 1
1070 1072 2897 1
436 435 437 1
1429 1719 2844 1
538 535 2891 1
818 819 820 1
2808 1890 3313 1
42 43 352 1
363 365 2955 1
1496 1953 1954 1
2086 2087 2088 1
1319 1318 1517 1
506 504 507 1
2173 1777 3067 1
807 744 808 1
1023 1124 1125 1
1611 2050 3278 1
2662 268 2934 1
818 817 819 1
1650 1649 1651 1
1644 1643 1645 1
3109 2671 3121 1
1193 1195 1304 1
1308 1154 1318 1
2084 2085 2086 1
678 680 681 1
1497 1823 1960 1
790 779 791 1
446 445 448 1
2382 2379 3034 1
2082 2083 2084 1
2135 2133 2136 1
369 368 370 1
1971 1970 2012 1
2216 2773 2857 1
676 677 678 1
865 866 867 1
598 597 599 1
1619 1545 1620 1
434 433 435 1
1500 1329 1501 1
2624 519 3053 1
1653 1651 1654 1
690 688 2831 1
2080 2081 2082 1
678 679 680 1
2365 2370 2909 1
2042 2664 2956 1
1778 1517 1815 1
401 400 403 1
1309 1805 2855 1
1642 1640 1643 1
404 403 405 1
3019 1779 3047 1
2784 2811 2898 1
1715 1853 1854 1
1086 1085 2865 1
596 595 597 1
451 450 452 1
298 2614 3449 1
1833 1834 1975 1
811 810 812 1
1188 1187 1189 1
1434 1163 2848 1
1471 1472 1473 1
2145 2144 2147 1
419 417 420 1
1305 505 2832 1
1404 1581 2927 1
449 448 450 1
772 784 934 1
1456 1523 1736 1
537 540 2888 1
1482 1328 1514 1
1499 1473 1572 1
1655 1654 1656 1
508 507 513 1
686 684 2835 1
1422 1420 2862 1
1572 1682 2227 1
2786 1673 2886 1
1075 1078 2843 1
864 922 2855 1
1777 2963 3067 1
2826 2734 2917 1
432 431 433 1
809 808 810 1
2804 2822 2899 1
367 366 368 1
1168 1167 1169 1
2120 2118 2121 1
1779 3019 3065 1
1102 2637 3631 1
513 1456 1585 1
1308 1318 1319 1
1806 1429 2844 1
1639 1638 1640 1
2078 2079 2080 1
1380 1379 1749 1
811 812 2696 1
931 3020 3040 1
1933 1934 1935 1
1319 1517 1778 1
2761 2760 3089 1
429 428 431 1
1702 1790 3166 1
1657 1656 1658 1
1623 2487 3154 1
263 80 2892 1
503 498 504 1
1078 1423 2843 1
1125 1124 1453 1
1046 2810 2874 1
1377 1123 1516 1
1866 1870 2836 1
1885 1668 1927 1
339 150 2880 1
1097 1086 2873 1
1015 1017 2905 1
486 488 489 1
679 763 2822 1
2009 215 3632 1
1833 1439 1834 1
2762 2763 2764 1
2016 2738 2989 1
1590 1431 1836 1
467 468 473 1
150 151 2880 1
1637 1636 1638 1
2841 661 2842 1
497 498 503 1
2075 2076 2078 1
1862 1617 1863 1
1459 1336 2911 1
2059 2058 2060 1
1076 1074 2904 1
922 1309 2855 1
395 394 396 1
2754 2757 2877 1
493 494 497 1
816 817 818 1
2631 2097 3080 1
1808 2889 2926 1
1074 1512 2904 1
1938 2638 2912 1
729 734 1754 1
1660 1658 1661 1
427 426 428 1
2613 1591 3001 1
2579 2577 2580 1
559 1308 2888 1
1870 1868 2859 1
816 815 817 1
399 398 400 1
1167 1165 1780 1
1197 1199 1301 1
1635 1634 1636 1
2349 1039 3096 1
2143 2142 2144 1
763 1173 2822 1
2139 2138 2142 1
1482 1514 1565 1
1862 1863 2836 1
1686 1501 1687 1
973 972 974 1
1468 1169 1469 1
1138 1035 1139 1
1484 1158 1593 1
2889 1918 2926 1
1326 1457 1466 1
501 860 1325 1
2137 2136 2138 1
1520 1925 1926 1
1769 1771 2997 1
578 580 582 1
1161 1496 2848 1
406 405 407 1
2598 2580 2952 1
1633 1632 1634 1
2073 2074 2075 1
1528 1139 1529 1
987 986 988 1
2448 464 2453 1
425 424 426 1
1390 1389 1391 1
2819 294 3163 1
1842 1840 2932 1
1564 2723 2947 1
329 190 2776 1
1469 1470 1471 1
1604 1919 3036 1
855 1141 2909 1
1453 1668 1885 1
1469 1169 1470 1
2755 2759 2853 1
1145 1146 2553 1
680 679 2822 1
1863 1866 2836 1
390 392 501 1
397 396 398 1
1424 2262 3005 1
1311 1163 1328 1
1631 1630 1632 1
365 364 366 1
423 422 424 1
1677 1990 2970 1
1159 1161 1162 1
408 407 409 1
2769 2041 2956 1
1662 1661 1663 1
2507 2500 2510 1
559 1154 1308 1
1512 1071 2753 1
3620 1305 3630 1
510 508 2846 1
1324 2931 3001 1
53 54 316 1
1381 2820 2957 1
1629 1628 1630 1
2202 2203 3484 1
101 102 2991 1
1706 1707 1708 1
1599 1597 2870 1
1011 971 2929 1
814 815 816 1
814 813 815 1
1427 1426 1544 1
251 1 252 1
489 490 491 1
975 974 976 1
1688 1663 1689 1
742 745 1172 1
1136 1769 1770 1
1162 1161 1163 1
653 657 2678 1
1627 1626 1628 1
1625 1624 1626 1
1302 1542 2912 1
1623 1622 1624 1
1621 1620 1622 1
1261 1263 1267 1
505 506 2832 1
421 420 422 1
1338 1337 1339 1
506 509 2832 1
1503 1311 2882 1
1616 1615 1617 1
1162 1163 1311 1
1883 1519 2980 1
735 2699 3074 1
497 494 498 1
3242 3284 3589 1
1340 1339 1341 1
2759 2762 2853 1
719 718 2874 1
924 868 2967 1
812 813 814 1
2070 2072 2073 1
1868 1871 2859 1
494 492 499 1
478 479 481 1
866 864 2855 1
2130 2129 2132 1
1690 1689 1691 1
410 409 412 1
2128 2127 2129 1
2676 1529 2706 1
2822 1173 2899 1
491 492 493 1
2068 2069 2070 1
1816 2830 3023 1
759 752 3085 1
2503 2513 3534 1
1616 1617 1862 1
1783 1593 2542 1
1156 576 2902 1
2126 2125 2127 1
1103 1104 1105 1
934 936 937 1
2122 2121 2123 1
1844 1602 1845 1
732 2613 2931 1
413 412 414 1
2505 2494 2506 1
1936 1621 3154 1
2124 2123 2125 1
1938 1940 2638 1
1027 1064 2916 1
1343 1341 1344 1
2891 539 3093 1
812 810 813 1
1311 1328 1482 1
481 482 485 1
2365 2369 2370 1
246 247 3185 1
1973 1666 2644 1
2756 2755 2853 1
1671 1613 2896 1
1432 1504 1776 1
3057 2620 3076 1
1088 1092 2865 1
415 414 416 1
3076 727 3109 1
1085 1088 2865 1
2845 697 2893 1
977 976 978 1
1537 1536 2920 1
453 452 455 1
67 274 2945 1
1092 1784 2865 1
1496 1954 2848 1
2734 1586 2917 1
545 541 2866 1
1439 1188 2883 1
1159 1054 1160 1
1529 1531 2706 1
1583 1574 2869 1
1858 1587 2008 1
985 984 986 1
1132 1379 1380 1
651 2248 3180 1
739 2804 3045 1
1842 2258 3468 1
2329 2332 2988 1
983 982 984 1
458 457 459 1
981 980 982 1
911 1023 2887 1
508 513 2846 1
721 1046 2874 1
1163 1161 2848 1
456 455 457 1
1919 1566 1920 1
1315 1590 2916 1
2262 1986 3524 1
1482 1750 2882 1
493 492 494 1
496 1597 1598 1
486 489 2820 1
2209 1705 3175 1
1132 1380 2905 1
1584 2784 2898 1
1600 1844 2918 1
1528 1529 2676 1
1513 3047 3069 1
678 681 3016 1
1850 1530 2987 1
473 474 478 1
2597 2580 2598 1
1189 1365 2883 1
979 978 980 1
2492 2071 2571 1
1423 1781 2843 1
1726 1462 1727 1
1471 1499 2889 1
2947 801 3057 1
305 2808 3313 1
2612 2542 3052 1
1255 1257 1269 1
1931 1932 1933 1
2100 2096 2101 1
1882 2010 3517 1
2111 2110 2117 1
1173 765 2875 1
467 466 468 1
1155 1764 2735 1
465 463 466 1
1381 485 2820 1
1558 2897 2976 1
718 721 2874 1
151 290 2880 1
757 1594 2984 1
1574 1751 2869 1
1203 1205 1293 1
2874 2810 2989 1
3012 484 3329 1
2378 2376 2379 1
298 3449 3492 1
367 483 3092 1
1159 1160 1161 1
1743 1691 1744 1
2162 2153 2165 1
1368 1489 1684 1
1933 1932 1934 1
719 2874 2989 1
1774 1930 1931 1
1819 3007 3051 1
2463 2397 3287 1
2416 1268 3604 1
3001 1714 3117 1
1920 1566 2904 1
1251 1253 1291 1
1765 1767 2964 1
1520 1926 3063 1
21 265 3027 1
2580 2910 2952 1
2764 75 3594 1
1785 1519 1883 1
2370 2372 3013 1
462 459 463 1
1531 1532 1612 1
701 703 3000 1
2767 2886 3452 1
748 751 754 1
1532 1850 2896 1
1498 1147 1535 1
216 217 255 1
1612 1613 1614 1
1188 1189 2883 1
1065 940 1147 1
489 488 490 1
2008 1587 2928 1
1209 1211 1288 1
909 911 2887 1
1612 1532 1613 1
1403 1404 2927 1
361 362 363 1
96 356 3221 1
1614 1615 1616 1
2769 858 3029 1
1315 1431 1590 1
1614 1613 1615 1
2600 2587 2605 1
2108 2107 2110 1
2036 2750 3040 1
491 490 492 1
1397 1399 1507 1
931 714 3020 1
1316 1335 2949 1
1165 545 2866 1
1807 937 2055 1
2003 3390 3410 1
45 46 294 1
156 157 2906 1
1195 1197 2895 1
2544 1301 3044 1
2817 909 2887 1
1531 1530 1532 1
1989 2056 3099 1
765 767 2875 1
1529 1530 1531 1
1247 1249 1270 1
1393 1395 1525 1
1592 1564 2947 1
808 744 1324 1
626 646 3270 1
856 854 2867 1
2133 2132 2903 1
2380 2379 2382 1
363 362 364 1
1172 3570 3588 1
2768 2769 3029 1
1529 1139 1530 1
2842 661 3055 1
1704 2654 2949 1
1784 1095 2961 1
2064 2062 2113 1
1005 655 1337 1
934 937 1807 1
854 2696 2867 1
1000 999 1331 1
2068 2066 2069 1
862 865 2894 1
2106 2105 2107 1
1705 1321 1706 1
767 770 2875 1
860 862 2894 1
2060 2061 2062 1
356 357 3140 1
486 482 487 1
1387 1389 1390 1
47 48 354 1
653 656 657 1
1834 1439 2883 1
513 1585 2846 1
585 581 2467 1
256 2224 3208 1
481 479 482 1
2855 1805 2967 1
2104 2103 2105 1
966 964 1120 1
1304 1195 2895 1
1598 1599 2930 1
2075 2078 2914 1
1376 1385 1402 1
1366 1589 1798 1
1272 1262 2963 1
3021 264 3290 1
485 482 486 1
1620 1545 2938 1
2102 2101 2103 1
1364 1374 1428 1
2925 3583 3613 1
1241 1243 1268 1
2072 2069 2077 1
1358 1360 1430 1
50 51 281 1
2569 2679 2962 1
739 3045 3150 1
998 995 1045 1
1774 1773 1929 1
2666 2674 3101 1
522 363 2955 1
1215 1217 1282 1
736 732 2931 1
1021 1004 1137 1
1711 1713 1859 1
770 769 2939 1
1235 1237 1276 1
486 487 488 1
1565 1912 2940 1
488 487 496 1
1791 1965 1968 1
398 396 533 1
1103 1057 1104 1
478 474 479 1
1701 1699 1997 1
1599 2870 2871 1
1819 2770 3007 1
1780 1165 2866 1
1231 1233 1292 1
1390 1587 1665 1
1665 1858 2206 1
599 597 944 1
370 368 532 1
2041 2042 2956 1
1024 1025 3064 1
2058 261 2991 1
1590 1836 1837 1
1035 856 2867 1
184 185 2900 1
1602 1601 1884 1
1750 1565 2940 1
1273 2879 3218 1
1031 1029 1052 1
1107 1105 2864 1
719 2821 3020 1
1311 1482 2882 1
1007 1059 3005 1
716 719 3020 1
479 474 948 1
637 2329 2988 1
866 2855 2967 1
941 789 999 1
2082 2081 2083 1
990 988 1119 1
1221 1223 1279 1
2262 2260 2263 1
2331 2334 3011 1
1778 1815 3069 1
2094 2093 2095 1
405 403 471 1
1682 3144 3259 1
2121 2118 2960 1
157 343 2906 1
31 32 3114 1
2086 2085 2087 1
1350 1352 1445 1
609 607 942 1
769 772 2939 1
1227 1229 1280 1
595 593 643 1
473 468 474 1
1197 1301 2895 1
2080 2079 2081 1
2084 2083 2085 1
779 761 2984 1
1600 1601 1602 1
3084 1052 3158 1
292 156 2906 1
2090 2089 2093 1
496 1598 1600 1
1354 1356 1425 1
1368 1104 1369 1
605 603 647 1
1959 1601 2930 1
1325 860 2894 1
2765 1475 3108 1
1545 1544 2938 1
313 3066 3212 1
1736 1523 3008 1
220 221 2948 1
2556 2116 3271 1
183 296 2922 1
853 943 1061 1
1880 1881 1950 1
1690 2310 3233 1
2088 2087 2089 1
1774 1929 1930 1
2078 2076 2079 1
221 287 2948 1
2075 2074 2076 1
2852 388 2923 1
1489 1369 1715 1
1931 1930 1932 1
1887 1776 2006 1
1544 1777 2173 1
2332 2335 2459 1
1319 1779 3018 1
2147 2144 2171 1
655 645 3033 1
1544 1426 1777 1
761 757 2984 1
791 779 1058 1
1390 1391 1587 1
1001 1002 1053 1
469 2513 3425 1
619 617 950 1
589 587 649 1
1053 1054 1158 1
468 466 484 1
1062 2322 3276 1
1600 1598 1601 1
1725 1592 2947 1
1329 1130 1478 1
2413 1276 3444 1
657 658 659 1
1297 1281 2981 1
1964 1882 3517 1
1704 2522 2654 1
2943 293 3501 1
1976 1907 3617 1
2079 2076 2092 1
1622 1620 1693 1
3018 1779 3065 1
1095 1422 2961 1
125 330 3224 1
615 613 648 1
1613 1532 2896 1
1158 1054 1159 1
441 439 949 1
1346 1348 1495 1
1745 3191 3329 1
422 420 938 1
2073 2072 2074 1
2494 2492 2908 1
1065 1498 3219 1
1687 1796 1797 1
2136 2133 2903 1
1305 2832 3630 1
2070 2069 2072 1
1963 1688 3233 1
433 431 946 1
1214 1284 3269 1
2577 2575 2910 1
1722 2847 3031 1
1628 1626 1641 1
1512 2877 2954 1
639 634 640 1
1494 1322 1695 1
519 512 3053 1
628 625 957 1
2083 2081 2097 1
501 1325 2923 1
1880 1596 1881 1
409 407 951 1
3020 2821 3040 1
1053 1002 1054 1
1638 1636 1659 1
941 1000 1001 1
623 621 651 1
1634 1632 1676 1
414 412 475 1
1432 1776 1887 1
1599 2871 2872 1
428 426 470 1
258 87 3015 1
2140 2488 3345 1
986 984 1062 1
2087 2085 2115 1
2291 2292 3379 1
1105 1104 1368 1
366 364 939 1
2332 2459 2988 1
485 486 2820 1
2132 2166 2172 1
2066 2064 2919 1
2196 2194 2197 1
437 435 472 1
283 124 3224 1
2118 2117 2960 1
2060 2058 2061 1
2670 1571 3386 1
1111 1109 1140 1
868 866 2967 1
463 459 952 1
1791 1703 1965 1
445 443 476 1
2451 2449 3394 1
1146 1371 1413 1
1278 1216 3269 1
1368 1684 2864 1
2119 2167 3304 1
269 2554 3006 1
1645 1643 1652 1
660 662 663 1
3310 1859 3419 1
2153 2151 2969 1
1684 1489 1874 1
1001 1000 1002 1
1167 1780 2915 1
1523 1817 3008 1
2887 1474 3007 1
1665 1587 1858 1
3242 1787 3284 1
1687 1501 1796 1
1744 1746 1747 1
2093 2089 2155 1
2127 2125 2160 1
1470 1169 2915 1
2633 2628 3342 1
1651 1649 1738 1
1656 1654 1694 1
1504 1332 3176 1
2280 2281 3192 1
2123 2121 2157 1
457 455 477 1
2132 2129 2166 1
1495 2966 3424 1
744 736 2931 1
698 735 3074 1
1053 1484 3083 1
2480 2479 3388 1
772 934 2939 1
728 701 3000 1
1696 1695 2193 1
2521 2619 3513 1
1689 1663 1692 1
1661 1658 1664 1
390 501 2923 1
1426 1297 2981 1
652 645 653 1
1832 1814 3112 1
644 640 645 1
511 523 3094 1
261 101 2991 1
1744 1691 1746 1
1599 2872 2930 1
1535 1802 1860 1
1961 3235 3283 1
1169 1167 2915 1
2105 2103 2114 1
1466 3527 3558 1
1747 1746 1977 1
2132 2172 2903 1
2367 2364 3234 1
731 702 3098 1
882 883 3102 1
1360 1362 2935 1
1944 1945 3028 1
2117 2110 2161 1
2810 2016 2989 1
1198 1196 3025 1
1546 652 2678 1
2962 2354 3129 1
1797 1796 1994 1
1368 1369 1489 1
941 999 1000 1
980 978 1039 1
1395 1397 2925 1
2732 372 3026 1
683 852 3135 1
3011 2334 3014 1
2580 2577 2910 1
1058 779 2984 1
666 775 780 1
1535 1147 1802 1
1577 2645 3045 1
2233 1806 3356 1
450 448 955 1
1159 1162 2924 1
388 390 2923 1
2829 1002 2982 1
1391 1393 2928 1
663 664 665 1
1693 1620 2938 1
2727 2888 3018 1
1593 1158 2924 1
1172 2933 3570 1
2899 1577 3045 1
1926 1925 2625 1
1138 1533 3255 1
346 220 2948 1
1385 1387 2936 1
2506 2494 2908 1
2567 2944 3266 1
2907 411 3278 1
1004 998 2946 1
3007 1474 3051 1
1695 2929 3133 1
745 748 2933 1
1338 1339 1340 1
1403 2927 3031 1
1374 1376 2937 1
813 810 2959 1
2575 2603 2910 1
498 494 3023 1
1772 1773 1774 1
13 14 3164 1
1362 1364 2942 1
974 972 996 1
490 488 2918 1
1414 1486 1487 1
182 183 2922 1
1772 1770 1773 1
2830 498 3023 1
1340 1341 1343 1
357 1142 3140 1
1343 1344 1519 1
1456 1736 3030 1
3105 1789 3315 1
2770 2817 3007 1
1029 1021 2950 1
2817 2887 3007 1
846 2909 3013 1
2061 2058 2991 1
3032 1803 3176 1
1105 1368 2864 1
2690 324 3186 1
1601 1598 2930 1
2165 2153 2969 1
583 1136 3041 1
2703 2725 3019 1
3040 2750 3046 1
934 1807 2939 1
20 21 3027 1
1324 744 2931 1
2727 3018 3065 1
1172 745 2933 1
2832 509 3094 1
1898 1800 3379 1
810 808 2959 1
2302 2450 3264 1
359 360 361 1
1330 2622 3184 1
2157 2121 2960 1
66 2945 3003 1
510 2846 3053 1
734 730 3190 1
250 251 3172 1
2888 1308 3018 1
1463 1726 3240 1
1057 1050 2951 1
306 77 3136 1
2757 263 3431 1
1606 1604 3036 1
1940 1941 3022 1
634 632 654 1
953 2659 3448 1
2696 830 3116 1
372 370 3026 1
1767 2793 2964 1
2322 2319 3309 1
714 716 3020 1
1712 1710 1851 1
1113 1111 2974 1
1005 1337 1338 1
488 496 2918 1
1587 1391 2928 1
1229 1231 2953 1
1034 1033 3255 1
1158 1159 2924 1
968 966 2979 1
788 789 940 1
1308 1319 3018 1
332 2962 3129 1
357 358 359 1
775 774 853 1
213 214 3282 1
3323 2844 3347 1
2035 2768 3029 1
2518 2140 3473 1
1039 3011 3014 1
1534 2694 3359 1
3052 1503 3075 1
666 664 774 1
1301 1199 3044 1
748 754 2933 1
2064 2113 2919 1
3135 852 3155 1
1544 2173 2938 1
1802 3002 3083 1
1397 1507 2925 1
2725 551 3065 1
1875 3033 3104 1
1145 1144 1146 1
175 176 312 1
808 1324 2959 1
357 310 358 1
2881 983 3034 1
601 599 2965 1
2035 3029 3035 1
2150 2152 3170 1
1725 2947 3057 1
3002 1001 3083 1
2667 1540 3465 1
2595 1481 3608 1
1467 3019 3047 1
852 2720 3155 1
1999 265 3543 1
652 653 2678 1
1585 1456 3030 1
1525 1395 2925 1
1343 1519 1520 1
1803 1061 1804 1
1609 1145 2553 1
2193 1695 3133 1
1777 1426 2981 1
1993 1992 3339 1
361 360 362 1
3047 1778 3069 1
1348 1350 2966 1
102 103 3049 1
2477 2478 3388 1
780 781 788 1
3101 1848 3171 1
2492 2571 2908 1
2622 2624 3156 1
962 1446 2977 1
3465 1540 3531 1
853 1061 1803 1
368 366 2973 1
597 595 2972 1
2751 2035 3035 1
2236 1569 3324 1
1393 1525 2928 1
1978 3244 3615 1
2829 2982 2983 1
1117 1115 1372 1
2069 2066 2919 1
1136 1770 1772 1
2292 1825 3368 1
494 499 3023 1
1786 3068 3219 1
621 619 2985 1
2250 1271 3132 1
254 240 3091 1
945 665 2921 1
2847 1403 3031 1
657 656 658 1
1685 659 2885 1
1424 2260 2262 1
496 1600 2918 1
1430 1360 2935 1
1553 2529 3137 1
2828 3100 3251 1
1916 2046 3058 1
617 615 2990 1
1716 2229 3161 1
582 580 3041 1
665 664 666 1
1139 1035 2987 1
940 789 941 1
2487 1782 3503 1
1703 1701 2994 1
998 1045 2946 1
659 658 660 1
666 774 775 1
1530 1139 2987 1
2766 1819 3051 1
1109 1107 2986 1
1402 1385 2936 1
1259 1261 3086 1
370 532 3026 1
1387 1390 2936 1
1137 1004 2946 1
1924 2659 3579 1
653 645 655 1
2488 2489 3215 1
1129 1321 1705 1
1376 1402 2937 1
1000 1331 2982 1
1428 1374 2937 1
1520 1785 1925 1
1679 1491 2795 1
2163 2162 3143 1
2965 944 3337 1
1390 1665 2936 1
1487 1733 1734 1
1364 1428 2942 1
2610 1282 3072 1
452 2823 3103 1
512 510 3053 1
1935 1934 3038 1
2924 1503 3052 1
1021 1137 2950 1
2077 2069 2919 1
3332 947 3435 1
653 655 656 1
580 583 3041 1
2963 1260 3067 1
1942 1535 3048 1
660 663 2885 1
435 433 2993 1
362 360 1511 1
599 944 2965 1
663 662 664 1
1520 1519 1785 1
1052 1029 2950 1
2354 2355 3129 1
2821 2036 3040 1
660 658 661 1
964 962 2977 1
2812 931 3046 1
1338 1340 1342 1
431 428 2996 1
944 597 2972 1
487 482 2975 1
1147 940 3002 1
1640 1638 2995 1
1120 2977 2978 1
1035 2867 2987 1
1104 1057 2951 1
2377 3545 3637 1
407 405 2992 1
2751 3035 3059 1
92 93 353 1
662 661 2841 1
1186 1295 3198 1
482 479 2975 1
780 775 781 1
1344 1346 2980 1
3015 1951 3559 1
1475 1125 3108 1
1199 1201 3044 1
1369 1104 2951 1
2097 2081 3080 1
788 781 789 1
1474 1475 3051 1
1636 1634 2998 1
1231 1292 2953 1
595 643 2972 1
187 295 3210 1
2037 2751 3059 1
2883 1365 3024 1
2286 2285 3556 1
2503 3534 3633 1
2320 2325 3309 1
2252 1676 3263 1
1280 1229 2953 1
2237 1285 3054 1
1337 655 3033 1
479 948 2975 1
1002 1000 2982 1
619 950 2985 1
1185 1183 3198 1
266 2373 3339 1
1472 1848 3144 1
1751 1675 3220 1
2935 1362 2942 1
2267 1670 3037 1
403 400 3081 1
532 368 2973 1
950 617 2990 1
2748 2806 3237 1
2164 2544 3044 1
733 2858 3190 1
405 471 2992 1
359 358 360 1
2513 2499 3425 1
1824 1808 3216 1
2138 2136 3006 1
296 184 2900 1
448 445 3004 1
180 181 3043 1
173 174 355 1
966 1120 2979 1
34 35 3056 1
165 315 2652 1
656 655 1005 1
1107 2864 2986 1
1518 2007 3173 1
651 621 2985 1
660 661 662 1
2395 1845 3621 1
3143 2700 3418 1
1120 964 2977 1
2909 2370 3013 1
2693 1831 3286 1
615 648 2990 1
3370 2270 3574 1
1453 1885 3108 1
499 492 3079 1
2310 1743 3329 1
1062 3073 3146 1
1701 1997 2994 1
1519 1344 2980 1
2177 2176 3486 1
1682 1473 3144 1
1847 3093 3171 1
1729 1725 3057 1
55 56 3115 1
121 331 3336 1
1853 2951 3084 1
1131 2916 3050 1
1350 1445 2966 1
273 34 3056 1
1025 1131 3064 1
1663 1661 3010 1
2789 781 3032 1
2050 2907 3278 1
951 407 2992 1
1136 1772 3041 1
2872 2871 3409 1
946 431 2996 1
2789 3032 3176 1
433 946 2993 1
2411 2134 3415 1
1853 3084 3158 1
2125 2123 3009 1
181 344 3043 1
1834 2883 3024 1
941 1001 3002 1
3313 1890 3447 1
1516 1786 1787 1
428 470 2996 1
1756 1758 3206 1
472 435 2993 1
1495 1348 2966 1
1659 1636 2998 1
982 980 3014 1
1638 1659 2995 1
366 939 2973 1
1634 1676 2998 1
1111 1140 2974 1
22 23 3207 1
1140 1109 2986 1
1593 2924 3052 1
948 474 3012 1
1706 1708 1709 1
1536 1477 3240 1
969 968 3177 1
1581 2802 3173 1
1965 1703 2994 1
1535 1860 3048 1
1282 1217 3072 1
1217 1219 3072 1
474 468 3012 1
2062 2061 3147 1
412 409 3062 1
2115 2085 3017 1
2542 1593 3052 1
1668 1891 3199 1
878 2737 3071 1
3045 2645 3150 1
1516 1123 1786 1
399 799 3078 1
468 484 3012 1
1897 1755 2697 1
2983 1492 3620 1
475 412 3062 1
2083 2097 3017 1
2136 2903 3006 1
409 951 3062 1
665 666 2921 1
37 38 3066 1
2184 2185 3214 1
2792 1179 3241 1
551 2727 3065 1
940 941 3002 1
659 660 2885 1
455 452 3103 1
2558 2557 3472 1
3116 830 3211 1
2160 2125 3009 1
3058 3478 3549 1
240 241 3091 1
1802 1147 3002 1
1913 1514 3228 1
700 698 3074 1
2104 2415 3643 1
759 3085 3436 1
1346 1495 2980 1
959 961 3419 1
336 186 3210 1
2835 3150 3201 1
2288 648 3319 1
2123 2157 3009 1
445 476 3004 1
1806 2233 3377 1
2085 2083 3017 1
1729 3057 3076 1
217 218 3060 1
2766 3051 3089 1
1692 1663 3010 1
2208 287 3458 1
2918 1844 3079 1
666 780 2921 1
1661 1664 3010 1
993 3310 3419 1
382 469 3262 1
4 5 3194 1
3051 1475 3089 1
2147 2171 3311 1
268 120 3336 1
1413 1371 1414 1
2093 2155 3021 1
3053 2846 3156 1
313 37 3066 1
1031 1052 3084 1
752 756 3085 1
2095 2093 3021 1
2235 874 3260 1
931 3040 3046 1
2985 950 3037 1
1952 2983 3620 1
2217 2223 3631 1
1612 1614 3141 1
980 1039 3014 1
3144 2675 3259 1
2614 2381 3449 1
2310 484 3299 1
89 90 3082 1
2622 3156 3184 1
2418 2419 3097 1
2925 1507 3583 1
2527 332 3129 1
1757 1729 3076 1
2409 3240 3307 1
1062 984 3073 1
955 448 3004 1
2081 2079 3080 1
1487 1486 1733 1
2433 770 3162 1
1741 1436 3289 1
795 384 3262 1
2892 345 3500 1
347 89 3082 1
490 2918 3079 1
1251 1291 3125 1
2470 353 3160 1
1270 1249 3125 1
2835 739 3150 1
700 3074 3098 1
984 982 3073 1
365 367 3092 1
3148 1783 3213 1
2689 2666 3101 1
300 19 3302 1
1831 1829 3286 1
344 182 2922 1
1774 1931 3157 1
1414 1371 1485 1
1692 2389 3252 1
2916 1590 3050 1
539 2689 3171 1
2013 1510 3639 1
2733 850 3324 1
2448 2453 3371 1
1660 1662 3095 1
3294 935 3406 1
2804 2899 3045 1
1050 1031 3084 1
1847 2915 3093 1
2472 2366 3641 1
3155 2720 3189 1
2555 2556 3472 1
1488 3189 3230 1
1713 1755 1897 1
1292 1233 3113 1
259 2669 3220 1
1809 1811 3253 1
2652 2653 3434 1
627 2346 3572 1
68 69 3202 1
775 853 3032 1
1328 1434 3228 1
3149 2549 3640 1
371 849 3327 1
874 875 3260 1
2600 303 3564 1
3117 1714 3265 1
2079 2092 3080 1
3068 2801 3219 1
1235 1276 3113 1
492 490 3079 1
2183 1753 3126 1
1596 1553 3137 1
1590 1837 3050 1
702 700 3098 1
1486 1485 1852 1
2951 1050 3084 1
1746 3252 3387 1
3010 1664 3054 1
2061 3049 3147 1
3521 2979 3522 1
1261 1267 3086 1
2760 2766 3089 1
1435 1974 3289 1
238 239 3261 1
1175 1177 3241 1
1586 1452 3266 1
1684 1874 3243 1
1503 2882 3075 1
308 84 3352 1
2152 2154 3354 1
1838 1904 3477 1
1432 1887 3111 1
1958 1734 1966 1
1873 1906 3239 1
2879 1664 3124 1
471 403 3081 1
1488 2833 3189 1
1039 978 3096 1
43 44 3138 1
2407 2901 3518 1
643 593 3123 1
2054 318 2475 1
1709 1708 1710 1
3069 1815 3070 1
3229 2053 3516 1
853 1803 3032 1
3073 2334 3146 1
2614 244 3366 1
1998 3308 3315 1
1446 960 3195 1
1757 3076 3109 1
58 2619 3420 1
2381 2614 3366 1
342 224 3208 1
509 511 3094 1
3213 1783 3605 1
691 693 3293 1
1817 2796 3273 1
2526 2146 3139 1
588 627 3572 1
978 976 3096 1
883 886 3102 1
651 2985 3110 1
2501 2509 3425 1
303 2600 3355 1
358 310 1989 1
1956 1752 3645 1
1516 1787 3039 1
3363 1976 3617 1
483 369 3327 1
38 349 3066 1
2387 3016 3135 1
781 775 3032 1
2775 238 3261 1
470 426 3118 1
2982 1331 3111 1
2594 3469 3623 1
132 133 3311 1
167 168 348 1
3290 2541 3402 1
3153 2541 3445 1
1711 1712 1713 1
756 760 3361 1
1664 1658 3124 1
219 346 3193 1
302 230 3343 1
822 824 3281 1
1656 1694 3124 1
1713 1712 1755 1
2985 3037 3110 1
1709 1710 1711 1
225 256 3208 1
2170 1679 2795 1
3014 2334 3073 1
1001 1053 3083 1
3357 1325 3651 1
2315 1294 3539 1
1414 1485 1486 1
39 40 3100 1
1969 1971 3127 1
1982 1985 3552 1
2260 2261 3480 1
1705 1706 3175 1
982 3014 3073 1
1826 1828 3294 1
285 143 3318 1
1814 1812 3112 1
2002 2000 3360 1
1850 2987 3116 1
2921 2801 3068 1
2890 292 3326 1
2848 1954 3178 1
1146 1370 1371 1
1860 1802 3148 1
2663 2662 3511 1
1447 1056 3592 1
2983 2982 3111 1
1510 1500 3639 1
1759 1757 3109 1
1780 2891 3093 1
797 947 3332 1
3026 532 3215 1
2443 2149 3603 1
1123 945 3068 1
2579 2597 3326 1
2859 1871 3239 1
1233 1235 3113 1
305 31 3114 1
178 179 3087 1
3112 1812 3130 1
735 696 3297 1
1249 1251 3125 1
3016 681 3135 1
774 664 3042 1
1680 1679 2169 1
2944 1586 3266 1
2044 2233 3356 1
662 2841 3042 1
1711 1710 1712 1
2795 1481 3159 1
830 2851 3211 1
3037 950 3120 1
3289 1903 3495 1
2522 2520 3513 1
2437 1801 3337 1
351 2970 3107 1
1759 3109 3121 1
3545 2609 3637 1
144 338 3318 1
1761 1759 3121 1
2298 2539 3383 1
664 662 3042 1
79 263 3296 1
974 996 3131 1
291 2780 3474 1
3049 301 3147 1
1343 1520 3063 1
1571 2736 3350 1
349 39 3100 1
1812 1810 3130 1
1125 1453 3108 1
2387 3135 3155 1
2340 2338 3145 1
255 217 3060 1
2114 2103 3153 1
3130 1810 3134 1
1331 1432 3111 1
1761 3121 3134 1
2763 2765 3122 1
1060 1126 3608 1
2334 2330 3146 1
324 202 3441 1
849 373 3393 1
694 2824 3297 1
231 2661 3343 1
1810 1761 3134 1
77 78 3136 1
649 2932 3477 1
523 2799 3456 1
286 2391 3520 1
1712 1851 3077 1
1684 3243 3338 1
1203 1293 3226 1
2222 302 3343 1
2203 1609 2553 1
1340 1343 3063 1
2816 2959 3117 1
658 656 3055 1
623 651 3180 1
1102 2223 3592 1
1658 1656 3124 1
2624 3053 3156 1
957 625 3180 1
945 2921 3068 1
1659 2998 3090 1
2381 2378 3449 1
2929 973 3133 1
1113 2974 3152 1
634 654 3104 1
656 1005 3055 1
3106 2286 3556 1
1830 2236 3351 1
2915 1780 3093 1
2532 3533 3576 1
952 459 3187 1
828 831 3331 1
477 455 3103 1
2430 2383 3648 1
681 683 3135 1
2799 2791 3430 1
976 974 3131 1
661 658 3055 1
314 163 3434 1
825 823 3369 1
832 829 3381 1
628 957 3197 1
322 13 3164 1
1714 1724 3265 1
1146 1144 1370 1
2552 2550 3149 1
834 935 3392 1
3157 1931 3247 1
1880 1951 3367 1
375 447 3393 1
259 3220 3372 1
1861 1702 3166 1
3326 292 3412 1
1342 1340 3063 1
2867 2696 3116 1
1569 1567 3324 1
593 591 3123 1
1140 2986 3328 1
343 158 3355 1
2405 586 3572 1
2717 2714 3442 1
457 477 3187 1
2169 1679 2170 1
2987 2867 3116 1
1711 1859 3310 1
2545 2163 3143 1
1794 2608 3362 1
30 305 3313 1
996 972 3177 1
2780 2850 3474 1
2512 3026 3215 1
2645 2482 3150 1
2513 469 3534 1
3010 3054 3151 1
2597 2890 3326 1
14 15 3489 1
426 424 3118 1
2233 2043 3404 1
654 632 3165 1
189 329 3461 1
2681 1822 3401 1
821 1012 3353 1
1959 2930 3106 1
640 634 3104 1
1692 3010 3151 1
2730 2647 2968 1
2704 2039 3416 1
56 289 3115 1
1742 1612 3141 1
330 126 3569 1
2779 1815 3582 1
1987 1793 3362 1
2858 1172 3588 1
3150 2482 3201 1
1659 3090 3132 1
3506 2467 3596 1
827 844 3391 1
2589 2600 3564 1
1719 1901 3347 1
1802 3083 3148 1
847 1381 3561 1
3202 69 3488 1
1621 1623 3154 1
1358 1430 3236 1
2930 2872 3106 1
1324 3001 3117 1
1478 1130 3232 1
1869 1867 3398 1
2403 2401 3231 1
612 2651 3183 1
1665 2206 3333 1
2534 284 3205 1
755 689 3317 1
3239 1906 3439 1
2113 2062 3147 1
307 180 3043 1
1473 1472 3144 1
1372 1115 3152 1
41 42 3142 1
1425 1356 3236 1
1485 1371 3128 1
1973 2644 3352 1
447 377 3411 1
280 2612 3441 1
1850 3116 3211 1
1115 1113 3152 1
2702 2038 3429 1
2194 2193 3248 1
2685 2688 3481 1
2112 2102 3643 1
2636 2275 3600 1
2542 280 3605 1
791 1058 3232 1
933 381 3397 1
1864 2849 3375 1
218 219 3193 1
1881 1596 3137 1
3033 640 3104 1
1371 1370 3128 1
203 280 3441 1
1844 1845 3222 1
275 134 3502 1
61 278 3298 1
3096 976 3131 1
2926 339 3216 1
2158 2150 3170 1
20 3027 3302 1
3083 1484 3148 1
2653 3159 3469 1
90 293 3082 1
2148 2147 3348 1
2386 2387 3155 1
833 835 3390 1
2275 2272 3600 1
2407 3518 3606 1
1786 1123 3068 1
3044 1201 3226 1
1117 1372 3119 1
3061 1447 3592 1
40 276 3100 1
2959 1324 3117 1
878 3071 3260 1
950 2990 3120 1
1865 1908 3407 1
2806 1488 3230 1
379 933 3411 1
179 307 3087 1
245 253 3366 1
1872 1922 3423 1
2708 2788 3401 1
250 3172 3610 1
2311 2312 3490 1
414 475 3250 1
2485 2486 3624 1
2482 1748 3201 1
3177 968 3521 1
730 733 3190 1
1676 1632 3263 1
770 2939 3162 1
251 252 3172 1
1746 1691 3252 1
1720 3120 3227 1
1909 1813 3406 1
2788 2787 3413 1
1119 988 3276 1
2699 735 3286 1
2258 1842 3596 1
1775 2840 3448 1
1652 1643 3254 1
3106 2872 3535 1
417 416 3365 1
2816 3117 3265 1
3265 1724 3300 1
1931 1933 3247 1
1641 1626 3274 1
186 187 3210 1
2842 3055 3200 1
3178 1954 3456 1
1144 1117 3119 1
1221 1279 3275 1
1724 1728 3300 1
1622 1693 3268 1
1329 1478 3272 1
1861 3167 3626 1
838 1073 3410 1
582 3041 3157 1
1796 1501 3272 1
2870 948 3191 1
1540 2460 3531 1
1073 2837 3358 1
1996 3039 3440 1
297 249 3610 1
1689 1692 3252 1
280 2611 3605 1
2984 1594 3204 1
3179 2448 3371 1
1854 1853 3158 1
23 24 3439 1
159 303 3355 1
224 225 3208 1
907 919 3483 1
1805 1806 3377 1
1047 2485 3602 1
2970 1990 3107 1
1795 1987 3413 1
1848 1847 3171 1
2995 1659 3132 1
1338 1342 3200 1
383 387 3397 1
2442 2280 3192 1
632 630 3165 1
2267 3037 3120 1
62 63 3363 1
2460 1047 3578 1
2802 1518 3173 1
1803 1804 3235 1
986 1062 3276 1
887 884 3453 1
1772 1774 3157 1
484 466 3299 1
2675 1185 3259 1
1694 1654 3280 1
3295 2815 3340 1
276 41 3142 1
1755 1712 3077 1
2851 2815 3295 1
131 132 3635 1
1886 2306 3568 1
2850 1857 3474 1
2846 1585 3156 1
1628 1641 3288 1
750 2845 3323 1
352 43 3138 1
1651 1738 3280 1
2995 2245 3254 1
929 3201 3258 1
2683 2686 3485 1
2938 2173 3168 1
339 2880 3216 1
2417 2416 3604 1
2053 2970 3636 1
3028 3357 3651 1
2103 2101 3153 1
2957 2724 3432 1
3486 2176 3523 1
3156 1585 3184 1
2700 279 3418 1
1434 2848 3178 1
2401 2402 3182 1
2932 1840 3477 1
2607 2862 3225 1
270 28 3447 1
277 2421 3589 1
3075 2882 3186 1
3209 316 3223 1
1245 2417 3604 1
2785 897 3467 1
338 145 3520 1
972 969 3177 1
960 958 3195 1
52 53 3209 1
2140 3345 3473 1
2141 3072 3275 1
499 3079 3222 1
2948 287 3486 1
2871 1745 3409 1
3041 1772 3157 1
1734 1733 3169 1
70 309 3488 1
223 342 3458 1
1640 2995 3254 1
929 2835 3201 1
873 872 3462 1
870 924 3451 1
648 613 3319 1
94 95 272 1
2386 3155 3189 1
463 952 3299 1
350 60 3298 1
3500 345 3616 1
63 64 3555 1
253 246 3185 1
3300 1728 3335 1
1267 2538 3638 1
1966 1734 3169 1
336 3210 3552 1
272 95 3221 1
273 3056 3647 1
2343 2344 3521 1
1861 3166 3167 1
376 495 3633 1
1921 1895 3479 1
2862 1960 3225 1
2096 2095 3402 1
1874 1489 3305 1
135 136 3609 1
3162 1807 3181 1
1738 1649 3316 1
1807 2055 3181 1
2965 1898 3403 1
459 457 3187 1
2238 1273 3218 1
2634 2633 3217 1
315 166 3308 1
1683 2392 3380 1
625 623 3180 1
1945 2680 3597 1
2164 3044 3226 1
3189 2720 3230 1
2187 2184 3214 1
1183 1186 3198 1
2969 275 3502 1
295 188 3461 1
2312 3160 3491 1
2833 2386 3189 1
1745 1744 3409 1
2939 1807 3162 1
2527 3129 3257 1
2421 2226 3242 1
2882 1750 3186 1
257 2527 3257 1
3527 2212 3558 1
2793 295 3461 1
1883 2980 3179 1
3488 309 3493 1
1504 3176 3235 1
3072 1219 3275 1
1693 2938 3168 1
2377 2381 3545 1
2286 3106 3535 1
990 1119 3346 1
881 880 3494 1
2215 2217 3631 1
3204 2472 3641 1
1927 1668 3199 1
877 876 3476 1
211 212 3238 1
1697 1855 3223 1
1758 1902 3206 1
3037 1670 3110 1
1332 2789 3176 1
3201 1748 3258 1
469 380 3534 1
274 68 3202 1
1776 1961 3437 1
2435 2437 3320 1
1645 1652 3330 1
2969 2151 3348 1
2048 1603 3647 1
3250 2487 3503 1
3517 2010 3570 1
2814 285 3566 1
2886 1673 3452 1
1728 1756 3335 1
502 493 3562 1
265 22 3207 1
54 55 3203 1
1891 1893 3493 1
1291 1253 3399 1
309 71 3496 1
42 352 3142 1
3090 2250 3132 1
2360 1859 3507 1
164 2652 3434 1
609 942 3364 1
850 839 3382 1
1833 1975 3471 1
1045 995 3376 1
630 628 3197 1
2716 2715 3509 1
1929 1773 3435 1
1856 3332 3435 1
2003 1878 3422 1
146 286 3520 1
2489 2512 3215 1
2740 2549 3591 1
938 420 3365 1
2030 2019 3550 1
1825 2290 3368 1
2796 499 3222 1
2364 2363 3234 1
2453 804 3371 1
3247 1933 3314 1
328 2777 3553 1
3252 2389 3387 1
3167 3464 3626 1
1445 1352 3378 1
75 2764 3618 1
2539 1402 3333 1
2116 2514 3271 1
2720 2719 3230 1
2018 2015 3557 1
162 314 3385 1
924 2967 3377 1
1255 1269 3399 1
1370 1144 3119 1
1706 1709 3175 1
3129 2355 3257 1
2655 2591 3564 1
258 3015 3559 1
2258 783 3468 1
2475 318 2476 1
3060 218 3193 1
2181 1378 3581 1
1754 1903 3359 1
287 222 3458 1
1366 1798 3414 1
73 271 3526 1
1354 1425 3378 1
1921 3202 3488 1
582 3157 3247 1
2397 642 3287 1
2950 1137 3182 1
384 382 3262 1
2189 3328 3338 1
942 607 3400 1
351 178 3087 1
1933 1935 3314 1
647 603 3403 1
3602 2485 3624 1
1578 1515 3579 1
3055 1005 3200 1
3221 3140 3491 1
284 2524 3373 1
1477 1463 3240 1
1481 1135 3608 1
170 171 317 1
605 647 3400 1
3165 630 3197 1
75 76 3594 1
1585 3030 3184 1
1005 1338 3200 1
1688 1690 3233 1
124 125 3224 1
3136 78 3296 1
1748 1718 3258 1
3211 2851 3295 1
2877 2757 3431 1
2554 334 3341 1
2998 1676 3188 1
1514 1328 3228 1
1815 1517 3582 1
1906 1877 3543 1
2690 3186 3551 1
2726 282 3601 1
2138 3006 3341 1
2311 3490 3573 1
1808 2926 3216 1
1201 1203 3226 1
86 258 3537 1
2618 1899 3544 1
1726 1888 3307 1
2896 1850 3211 1
2355 2357 3257 1
271 74 3618 1
3079 1844 3222 1
2382 1157 3648 1
1293 1205 3463 1
337 2813 3563 1
333 2726 3246 1
2187 3214 3328 1
2864 1684 3338 1
2540 2541 3290 1
1771 2405 3312 1
1879 3367 3584 1
1276 1237 3444 1
1799 2625 3533 1
57 58 3420 1
1723 2748 3237 1
1058 2984 3204 1
1910 3382 3392 1
2980 1495 3179 1
2815 837 3340 1
1675 2863 3220 1
1466 1457 3527 1
2264 2254 3267 1
1179 1175 3241 1
3578 1047 3602 1
624 626 3270 1
2549 2740 3640 1
1283 3090 3188 1
948 3012 3191 1
3054 1285 3151 1
345 2838 3616 1
2801 1065 3219 1
601 2965 3403 1
3017 2097 3205 1
422 938 3433 1
1356 1358 3236 1
1723 3237 3279 1
3178 2799 3430 1
1837 1836 3498 1
1862 2836 3541 1
1571 3350 3386 1
3090 2998 3188 1
3176 1803 3235 1
1216 1214 3269 1
1871 1873 3239 1
1973 3352 3537 1
275 2969 3348 1
3275 1279 3415 1
2922 2263 3480 1
3006 2554 3341 1
1259 3086 3540 1
3100 276 3251 1
1804 1061 3414 1
1481 2595 3623 1
1130 791 3232 1
2347 2345 3522 1
1686 2828 3251 1
3182 1137 3231 1
2923 1325 3357 1
270 3447 3541 1
2166 2129 3450 1
589 649 3454 1
3056 2048 3647 1
1033 1138 3255 1
2619 2618 3420 1
2799 3178 3456 1
1811 1909 3253 1
503 518 3571 1
3220 2863 3372 1
293 2999 3584 1
1243 1245 3604 1
2244 2243 3291 1
1269 1257 3540 1
2971 254 3508 1
3005 2262 3524 1
1718 2691 3303 1
2902 582 3247 1
3382 836 3392 1
2524 325 3611 1
2127 2160 3450 1
2978 2347 3593 1
2107 2934 3560 1
3478 1837 3498 1
53 316 3209 1
2240 1287 3285 1
2402 2463 3349 1
1012 3206 3353 1
1749 1923 3372 1
875 878 3260 1
3245 348 3598 1
319 3238 3440 1
348 3245 3315 1
2886 333 3246 1
2228 1682 3259 1
288 3452 3644 1
411 2567 3278 1
282 2940 3601 1
286 2709 3542 1
480 2532 3576 1
2777 3070 3553 1
2932 649 3506 1
1279 1223 3518 1
3314 1935 3350 1
1452 1611 3266 1
416 414 3250 1
2928 1525 3370 1
2345 2343 3522 1
1760 1809 3389 1
2831 929 3258 1
2772 2752 3536 1
316 54 3203 1
2709 1917 3542 1
2449 2447 3394 1
1209 1288 3546 1
2076 2074 3607 1
1691 1689 3252 1
60 61 3298 1
51 52 3256 1
3195 958 3332 1
1643 1640 3254 1
649 587 3506 1
3533 2625 3576 1
2990 648 3227 1
1715 1854 3504 1
3303 2691 3334 1
3226 1293 3354 1
2171 2144 3529 1
2197 2194 3248 1
1602 1884 3621 1
2934 268 3560 1
3120 2990 3227 1
1927 3496 3526 1
2391 286 3542 1
1978 3105 3244 1
1137 2946 3231 1
3077 1851 3194 1
239 254 3261 1
2488 3215 3345 1
1436 1435 3289 1
1498 1942 3284 1
2389 1278 3387 1
3306 847 3561 1
2436 2435 3292 1
344 2922 3480 1
1241 1268 3530 1
1901 1723 3279 1
1632 1630 3263 1
2412 2119 3304 1
177 351 3538 1
2763 3122 3405 1
2901 1279 3518 1
2277 1401 3650 1
55 3115 3203 1
2110 2107 3560 1
1247 1270 3577 1
304 3239 3439 1
824 845 3281 1
1006 2816 3265 1
2304 2298 3383 1
585 2467 3506 1
1219 1221 3275 1
1800 2291 3379 1
1829 2699 3286 1
2344 3177 3521 1
2309 1858 3590 1
2117 2161 3487 1
1624 1622 3268 1
1824 3216 3443 1
1610 2780 3582 1
1859 1713 3507 1
1501 1329 3272 1
2072 2077 3547 1
3243 2189 3338 1
214 321 3282 1
1888 1727 3436 1
693 750 3293 1
78 79 3296 1
3474 1857 3585 1
1227 1280 3606 1
1367 2786 3427 1
2319 2320 3309 1
844 3253 3391 1
257 3257 3408 1
1626 1624 3274 1
2691 2692 3334 1
3258 1718 3303 1
1177 1367 3438 1
1959 3556 3595 1
988 986 3276 1
1402 2936 3333 1
1533 1949 3325 1
2902 3247 3314 1
293 91 3501 1
1654 1651 3280 1
133 275 3311 1
1860 3148 3213 1
1903 734 3495 1
1834 3024 3566 1
820 822 3396 1
3381 1909 3406 1
1828 1910 3294 1
845 826 3426 1
2545 3143 3418 1
49 50 3464 1
3024 2814 3566 1
3292 643 3321 1
29 30 3313 1
1967 1996 3440 1
2401 3182 3231 1
3075 3186 3634 1
3077 260 3374 1
1006 3265 3300 1
3394 2447 3424 1
3526 271 3554 1
1792 2361 3459 1
1367 3427 3438 1
696 694 3297 1
2346 2347 3312 1
19 20 3302 1
3323 2665 3356 1
2532 847 3533 1
2098 2558 3638 1
2839 1006 3300 1
689 691 3317 1
935 3294 3392 1
1032 3422 3423 1
3172 2200 3610 1
1630 1628 3288 1
2383 2382 3648 1
2105 2114 3646 1
3279 755 3317 1
2872 3409 3535 1
1052 2950 3249 1
143 144 3318 1
1901 3293 3347 1
2581 2579 3326 1
325 2868 3611 1
1671 3295 3340 1
2950 3182 3249 1
3531 2460 3578 1
1624 3268 3274 1
3118 424 3433 1
288 2767 3452 1
2831 3258 3303 1
1902 1760 3389 1
1671 2896 3295 1
1908 3281 3407 1
161 162 3385 1
2628 2629 3342 1
2410 1843 3612 1
777 2409 3307 1
3284 1942 3589 1
3199 309 3496 1
3048 1860 3512 1
2189 2187 3328 1
3175 1709 3310 1
466 463 3299 1
3263 1630 3288 1
2896 3211 3295 1
1486 1852 3395 1
2201 346 3523 1
738 2831 3303 1
3160 272 3491 1
1755 3077 3374 1
837 820 3396 1
1798 1799 3306 1
3086 1267 3638 1
738 3303 3334 1
272 3221 3491 1
3202 1921 3479 1
281 51 3256 1
3082 293 3584 1
1567 2733 3324 1
3422 1876 3423 1
2932 3506 3596 1
3086 2558 3540 1
3307 1888 3361 1
3257 2357 3408 1
3149 337 3563 1
3123 591 3454 1
2176 2201 3523 1
958 797 3332 1
3153 2101 3402 1
3182 2402 3249 1
2919 2113 3421 1
3418 279 3591 1
2839 3300 3335 1
369 371 3327 1
1727 2462 3436 1
2212 266 3339 1
1988 2410 3612 1
1743 1745 3329 1
1489 1715 3305 1
84 85 3352 1
1905 3573 3649 1
1649 1647 3316 1
2012 2013 3475 1
2581 3326 3412 1
2568 3048 3512 1
120 121 3336 1
3207 1906 3543 1
2436 3292 3321 1
2516 2112 3428 1
613 611 3319 1
2972 643 3292 1
158 159 3355 1
3452 1991 3644 1
1998 1680 2169 1
2570 322 3642 1
839 836 3382 1
2694 1754 3359 1
831 1032 3331 1
3170 1293 3463 1
2845 2665 3323 1
230 231 3343 1
1900 3115 3544 1
356 3140 3221 1
1922 3331 3423 1
2849 1671 3340 1
1972 3559 3628 1
3085 1888 3436 1
244 245 3366 1
1905 2311 3573 1
1434 3178 3430 1
174 175 3322 1
3210 1981 3552 1
2736 1156 3350 1
2824 738 3334 1
2154 2164 3354 1
2780 2779 3582 1
1156 2902 3314 1
3186 1750 3551 1
1284 2286 3619 1
2655 161 3385 1
1686 3251 3639 1
2361 1886 3519 1
1647 1645 3330 1
804 2559 3466 1
2731 255 3484 1
2478 3118 3433 1
1012 2839 3335 1
2390 2391 3542 1
1525 2925 3613 1
2095 3021 3290 1
3384 1945 3597 1
1927 3199 3496 1
274 3479 3525 1
2157 2960 3565 1
2665 2044 3356 1
1709 1711 3310 1
351 3107 3538 1
281 2256 3626 1
1852 3174 3395 1
2559 480 3528 1
2000 2003 3360 1
1910 1830 3351 1
1156 3314 3350 1
45 294 3470 1
3158 1052 3249 1
1797 1994 3325 1
254 3091 3508 1
2142 2138 3341 1
823 821 3353 1
826 828 3426 1
2479 2477 3388 1
1904 3123 3454 1
1058 3204 3641 1
2541 3153 3402 1
3316 1647 3330 1
1793 1794 3362 1
3186 324 3634 1
1815 2779 3553 1
844 825 3369 1
643 3123 3321 1
2179 1978 3615 1
944 2972 3320 1
1073 3360 3410 1
353 2943 3501 1
992 990 3346 1
2392 1792 3417 1
2844 1719 3347 1
1270 2516 3428 1
760 777 3361 1
2151 2148 3348 1
326 2663 3445 1
317 3245 3575 1
1929 3465 3531 1
777 3307 3361 1
3167 49 3464 1
1583 2869 3344 1
2593 2655 3385 1
3206 1902 3353 1
1583 3344 3358 1
2863 1749 3372 1
2837 1583 3358 1
1923 1818 3642 1
1908 1864 3375 1
2225 3223 3515 1
1879 1880 3367 1
2661 257 3408 1
3319 611 3364 1
3437 502 3562 1
2852 3357 3384 1
278 62 3363 1
611 609 3364 1
2936 1665 3333 1
935 832 3381 1
3366 253 3545 1
3339 1992 3558 1
2852 2923 3357 1
2357 2359 3408 1
420 417 3365 1
2986 2864 3338 1
2008 2928 3370 1
1878 1876 3422 1
836 834 3392 1
3343 2661 3514 1
1929 3435 3465 1
3138 44 3470 1
2134 2141 3415 1
373 375 3393 1
2165 2969 3502 1
829 827 3391 1
995 992 3376 1
1789 1998 3315 1
1352 1354 3378 1
2467 2258 3596 1
29 3313 3447 1
3380 2392 3417 1
3405 271 3618 1
1883 3371 3466 1
2141 3275 3415 1
2945 3525 3549 1
2112 2417 3428 1
522 2573 3649 1
924 3404 3451 1
1032 833 3390 1
52 3209 3256 1
1922 1869 3398 1
532 2973 3345 1
2164 3226 3354 1
2583 2581 3412 1
992 3346 3376 1
470 3380 3417 1
3546 1288 3603 1
2558 3086 3638 1
3213 323 3512 1
2447 2448 3424 1
2972 3292 3320 1
2271 2269 3583 1
872 3416 3462 1
3235 1804 3283 1
2043 2704 3404 1
1492 2983 3497 1
2113 3217 3421 1
163 164 3434 1
1854 3287 3504 1
387 2852 3384 1
3249 2402 3349 1
294 3127 3470 1
3351 850 3382 1
1912 3246 3601 1
3017 3205 3373 1
2499 2501 3425 1
2256 1861 3626 1
2945 274 3525 1
2701 1846 3455 1
2158 3463 3546 1
3107 312 3538 1
1822 2708 3401 1
1813 1826 3406 1
3158 3249 3349 1
2432 298 3492 1
3306 1799 3533 1
353 93 3580 1
1142 2483 3573 1
835 838 3410 1
2724 502 3432 1
2999 1879 3584 1
2697 1755 3374 1
1253 1255 3399 1
1867 1865 3407 1
2967 1805 3377 1
3215 532 3345 1
876 3429 3476 1
381 383 3397 1
880 3442 3494 1
1977 1746 3387 1
3372 1923 3489 1
279 2740 3591 1
175 312 3322 1
3371 804 3466 1
2039 2702 3416 1
2375 2377 3637 1
377 379 3411 1
961 993 3419 1
1959 3106 3556 1
2787 1795 3413 1
3138 1971 3627 1
2764 2763 3405 1
92 353 3501 1
1884 1959 3595 1
607 605 3400 1
2203 2731 3484 1
603 601 3403 1
3481 2030 3550 1
3216 2880 3443 1
3390 2003 3422 1
3091 2431 3508 1
202 203 3441 1
1744 1747 3409 1
2552 3149 3563 1
2158 3170 3463 1
2791 2792 3430 1
2101 2096 3402 1
2038 2717 3429 1
3341 334 3529 1
3453 2716 3509 1
2115 3017 3373 1
311 3003 3478 1
1061 1366 3414 1
1876 1872 3423 1
3485 2018 3557 1
3482 1578 3579 1
454 2309 3590 1
470 3118 3380 1
1935 3038 3386 1
2077 3342 3547 1
2840 953 3448 1
274 3202 3479 1
2547 2545 3418 1
1732 2697 3446 1
2469 1732 3446 1
24 304 3439 1
1912 1911 3427 1
3427 1911 3438 1
1370 3119 3645 1
1911 1913 3438 1
2786 2886 3622 1
28 29 3447 1
3292 2435 3320 1
3205 284 3373 1
1884 3539 3621 1
2605 2583 3599 1
2378 2380 3449 1
2714 2716 3442 1
1298 2315 3595 1
222 223 3458 1
188 189 3461 1
947 2667 3465 1
3253 1909 3391 1
292 2906 3412 1
1773 1856 3435 1
322 3164 3642 1
2006 1776 3437 1
3352 85 3537 1
2006 3562 3571 1
2688 2785 3467 1
3490 1142 3573 1
3449 2380 3492 1
2223 3061 3592 1
3573 2483 3649 1
3115 289 3544 1
289 57 3420 1
2557 2555 3472 1
2686 2685 3481 1
424 422 3433 1
331 2523 3565 1
872 870 3451 1
3583 2269 3613 1
1342 3063 3567 1
1733 1486 3395 1
897 887 3453 1
1840 1838 3477 1
176 177 3538 1
324 3441 3634 1
3217 2633 3421 1
2383 2432 3492 1
3119 1956 3645 1
1120 2978 3593 1
3122 1885 3554 1
1782 2480 3503 1
2776 291 3474 1
2825 3614 3650 1
2417 1245 3577 1
2894 1946 3651 1
1673 1991 3452 1
1237 1239 3444 1
1857 2964 3585 1
2701 3567 3629 1
44 45 3470 1
2880 290 3443 1
3246 1912 3622 1
2825 1841 3614 1
3251 276 3548 1
3350 1935 3386 1
1270 3428 3577 1
2954 2877 3431 1
3567 1926 3629 1
2171 3529 3635 1
3447 1890 3541 1
91 92 3501 1
876 873 3462 1
2996 470 3417 1
1924 1534 3505 1
2142 3341 3529 1
2659 1849 3482 1
2114 3511 3646 1
1854 3158 3349 1
1954 1955 3456 1
751 759 3587 1
2573 1905 3649 1
2263 2260 3480 1
2129 2127 3450 1
2077 2919 3421 1
1901 3279 3317 1
2595 2594 3623 1
518 3510 3571 1
3562 497 3571 1
2271 3583 3600 1
591 589 3454 1
3482 1849 3483 1
1835 1833 3471 1
15 259 3489 1
3281 845 3407 1
2661 3408 3514 1
3528 480 3576 1
3459 2361 3519 1
3164 1923 3642 1
1921 3488 3493 1
1205 1207 3463 1
880 877 3476 1
1895 1914 3479 1
282 2690 3551 1
754 751 3587 1
1849 907 3483 1
69 70 3488 1
1118 3005 3524 1
3556 1298 3595 1
2380 2383 3492 1
1917 2390 3542 1
2520 2521 3513 1
1981 1982 3552 1
2954 3431 3500 1
3467 2772 3536 1
3294 1910 3392 1
919 2683 3485 1
312 176 3538 1
71 72 3496 1
3408 2359 3514 1
1883 3179 3371 1
3003 2945 3549 1
416 3250 3503 1
1447 3061 3457 1
3345 2973 3473 1
343 2605 3599 1
323 2568 3512 1
3160 353 3580 1
2114 3153 3445 1
1294 2395 3539 1
134 135 3502 1
2191 1964 3532 1
3293 750 3347 1
2940 1912 3601 1
50 281 3464 1
3398 845 3426 1
884 881 3494 1
2538 2098 3638 1
3070 1815 3553 1
1785 1883 3466 1
3519 1886 3568 1
3174 2181 3395 1
3369 1902 3389 1
1948 1741 3495 1
3479 1914 3525 1
3375 837 3396 1
380 378 3534 1
2008 3574 3590 1
847 3306 3533 1
145 146 3520 1
2547 3418 3591 1
3238 1967 3440 1
85 86 3537 1
1893 1921 3493 1
2715 2772 3509 1
355 3244 3586 1
1974 1775 3505 1
1381 2958 3561 1
3466 2559 3528 1
946 2996 3459 1
3444 1239 3530 1
2420 454 3574 1
3497 1887 3510 1
2285 1298 3556 1
253 2609 3545 1
1836 1976 3498 1
173 355 3586 1
1920 2954 3500 1
1899 1900 3544 1
2752 2030 3536 1
355 174 3322 1
72 73 3526 1
1914 1916 3525 1
2970 351 3636 1
3058 1837 3478 1
3570 1947 3588 1
64 311 3555 1
1957 1958 3625 1
2010 1947 3570 1
586 588 3572 1
2272 2271 3600 1
2983 3111 3497 1
1056 1102 3592 1
587 585 3506 1
2591 2589 3564 1
2973 939 3473 1
2637 2215 3631 1
3496 72 3526 1
3287 642 3504 1
3463 1207 3546 1
1667 1972 3628 1
946 3459 3519 1
2960 2117 3487 1
2940 282 3551 1
2149 2158 3603 1
2996 3417 3459 1
1401 2825 3650 1
2269 2270 3613 1
2366 2367 3641 1
3534 378 3633 1
2740 337 3640 1
935 3381 3406 1
168 169 3598 1
334 131 3635 1
1135 1060 3608 1
93 94 3580 1
3614 2279 3650 1
2483 522 3649 1
1223 1225 3518 1
3063 1926 3567 1
249 250 3610 1
1500 1686 3639 1
171 172 3499 1
311 3478 3498 1
2964 329 3585 1
1887 2006 3510 1
2281 2279 3614 1
172 173 3586 1
3574 454 3590 1
1457 1717 3527 1
2662 2934 3511 1
352 3138 3627 1
2279 2277 3650 1
272 3160 3580 1
1947 1948 3588 1
259 3372 3489 1
3525 1916 3549 1
2777 288 3644 1
1713 1897 3507 1
126 127 3569 1
348 168 3598 1
1239 1241 3530 1
2813 2814 3563 1
497 503 3571 1
2019 2018 3550 1
2886 3246 3622 1
1907 2654 3617 1
2625 1799 3629 1
3331 1032 3423 1
307 3229 3516 1
2102 2104 3643 1
2779 328 3553 1
76 306 3594 1
1785 3466 3528 1
1877 1999 3543 1
136 335 3609 1
1890 1862 3541 1
378 376 3633 1
94 272 3580 1
2144 2142 3529 1
1257 1259 3540 1
2015 2014 3557 1
2680 2681 3597 1
3111 1887 3497 1
1930 1929 3531 1
493 497 3562 1
2776 3474 3585 1
346 2948 3523 1
2868 2115 3611 1
3172 252 3460 1
2934 2107 3646 1
3417 1792 3459 1
1207 1209 3546 1
968 2979 3521 1
1946 3028 3651 1
169 170 3575 1
265 3207 3543 1
2979 1120 3593 1
1517 1610 3582 1
3140 1142 3490 1
74 75 3618 1
1885 1927 3554 1
1515 1924 3579 1
3223 316 3515 1
1798 3306 3561 1
1910 3351 3382 1
1953 1952 3620 1
1975 1834 3566 1
329 2776 3585 1
1750 2940 3551 1
1733 3395 3581 1
1971 2012 3627 1
2074 2072 3547 1
3412 2906 3599 1
1925 1785 3528 1
1930 3531 3578 1
1799 2701 3629 1
3518 1225 3606 1
1245 1247 3577 1
1955 1953 3630 1
2993 946 3519 1
2549 2547 3591 1
1953 3620 3630 1
2583 3412 3599 1
1843 3460 3612 1
2161 2110 3560 1
1603 2676 3647 1
2222 3343 3514 1
1818 2570 3642 1
3395 2181 3581 1
844 3369 3389 1
1783 2542 3605 1
2092 2076 3607 1
255 3060 3484 1
1932 1930 3578 1
2654 278 3617 1
3455 1342 3567 1
1934 1932 3602 1
3360 2003 3410 1
1932 3578 3602 1
1920 3500 3616 1
1919 1920 3616 1
1268 1243 3604 1
1858 2008 3590 1
2906 343 3599 1
1927 3526 3554 1
1225 1227 3606 1
2381 3366 3545 1
1908 3375 3396 1
1925 3528 3576 1
1961 3283 3432 1
3142 352 3475 1
1842 2932 3596 1
1845 1602 3621 1
1934 3602 3624 1
3457 2222 3514 1
1926 2625 3629 1
2625 1925 3576 1
3087 307 3516 1
351 3087 3636 1
2609 2197 3637 1
1747 1977 3619 1
3435 947 3465 1
2359 3457 3514 1
1325 2894 3651 1
3070 2777 3644 1
1916 3058 3549 1
472 2993 3568 1
2107 2105 3646 1
1032 3390 3422 1
3373 2524 3611 1
3038 1934 3624 1
2993 3519 3568 1
1860 3213 3512 1
3140 3490 3491 1
1922 3398 3426 1
3409 1747 3535 1
216 255 3632 1
3342 2629 3547 1
276 3142 3548 1
2612 3075 3634 1
1991 3070 3644 1
316 3203 3515 1
3404 2704 3451 1
3128 1370 3645 1
337 3149 3640 1
387 3384 3597 1
3475 2013 3548 1
3305 1715 3504 1
3169 1733 3581 1
3282 321 3625 1
317 171 3499 1
3416 2702 3462 1
355 3322 3615 1
170 317 3575 1
2212 3339 3558 1
2158 3546 3603 1
3429 2717 3476 1
2115 3373 3611 1
3490 2312 3491 1
759 3532 3587 1
2764 3405 3618 1
3522 2979 3593 1
3442 2716 3494 1
3246 2726 3601 1
3159 1481 3623 1
1958 3282 3625 1
3529 334 3635 1
2006 3437 3562 1
2421 3242 3589 1
2008 3370 3574 1
897 3453 3509 1
3535 1747 3619 1
3441 2612 3634 1
2286 3535 3619 1
3142 3475 3548 1
1912 3427 3622 1
3487 331 3565 1
2701 3455 3567 1
278 3363 3617 1
3499 172 3586 1
2688 3467 3536 1
3516 2053 3636 1
3428 2417 3577 1
2686 3481 3550 1
169 3575 3598 1
2659 3482 3579 1
3498 1976 3555 1
919 3485 3557 1
2347 3522 3593 1
3460 252 3612 1
2960 3487 3565 1
3475 352 3627 1
3464 281 3626 1
3427 2786 3622 1
311 3498 3555 1
3539 2395 3621 1
3244 3499 3586 1
3510 2006 3571 1
2012 3475 3627 1
3511 2934 3646 1
3532 1964 3587 1
3087 3516 3636 1
3575 3245 3598 1

End
