MeshVersionFormatted 2
Dimension 3

Vertices
1395
-2.1525374166367575e-01 -6.5432167903763189e-02 0.0000000000000000e+00 1
-2.1794887926919998e-01 -6.9664351653871956e-02 0.0000000000000000e+00 1
-2.2066476316359740e-01 -7.4609115741408383e-02 0.0000000000000000e+00 1
-2.2338543114684406e-01 -8.0206394509876489e-02 0.0000000000000000e+00 1
-2.2609492101891598e-01 -8.6396122302780418e-02 0.0000000000000000e+00 1
-2.2877727057978922e-01 -9.3118233463624203e-02 0.0000000000000000e+00 1
-2.3141651762943977e-01 -1.0031266233591196e-01 0.0000000000000000e+00 1
-2.3399669996784370e-01 -1.0791934326314774e-01 0.0000000000000000e+00 1
-2.3650185539497706e-01 -1.1587821058883561e-01 0.0000000000000000e+00 1
-2.3891602171081586e-01 -1.2412919865647967e-01 0.0000000000000000e+00 1
-2.4122323671533613e-01 -1.3261224180958400e-01 0.0000000000000000e+00 1
-2.4340753820851391e-01 -1.4126727439165268e-01 0.0000000000000000e+00 1
-2.4545296399032532e-01 -1.5003423074618977e-01 0.0000000000000000e+00 1
-2.4734355186074625e-01 -1.5885304521669935e-01 0.0000000000000000e+00 1
-2.4906333961975280e-01 -1.6766365214668552e-01 0.0000000000000000e+00 1
-2.5059636506732103e-01 -1.7640598587965231e-01 0.0000000000000000e+00 1
-2.5192666600342700e-01 -1.8501998075910384e-01 0.0000000000000000e+00 1
-2.5303828022804670e-01 -1.9344557112854421e-01 0.0000000000000000e+00 1
-2.5391524554115613e-01 -2.0162269133147745e-01 0.0000000000000000e+00 1
-2.5454159974273138e-01 -2.0949127571140763e-01 0.0000000000000000e+00 1
-2.5490138063274848e-01 -2.1699125861183885e-01 0.0000000000000000e+00 1
-2.5497862601118348e-01 -2.2406257437627522e-01 0.0000000000000000e+00 1
-2.5475737367801243e-01 -2.3064515734822075e-01 0.0000000000000000e+00 1
-2.5422166143321129e-01 -2.3667894187117958e-01 0.0000000000000000e+00 1
-2.5335552707675613e-01 -2.4210386228865574e-01 0.0000000000000000e+00 1
-2.5214300840862303e-01 -2.4685985294415339e-01 0.0000000000000000e+00 1
-2.5056814322878801e-01 -2.5088684818117651e-01 0.0000000000000000e+00 1
-2.4861496933722704e-01 -2.5412478234322916e-01 0.0000000000000000e+00 1
-2.4626752453391623e-01 -2.5651358977381555e-01 0.0000000000000000e+00 1
-2.4350984661883157e-01 -2.5799320481643967e-01 0.0000000000000000e+00 1
-2.4032597339194914e-01 -2.5850356181460560e-01 0.0000000000000000e+00 1
-2.3669994265324495e-01 -2.5798459511181743e-01 0.0000000000000000e+00 1
-2.3261579220269504e-01 -2.5637623905157919e-01 0.0000000000000000e+00 1
-2.2432968879447826e-01 -2.5214502315859993e-01 0.0000000000000000e+00 1
-2.1590855623160898e-01 -2.4772353392065657e-01 0.0000000000000000e+00 1
-2.0735828809067766e-01 -2.4311626255477747e-01 0.0000000000000000e+00 1
-1.9868477794827499e-01 -2.3832770027799111e-01 0.0000000000000000e+00 1
-1.8989391938099134e-01 -2.3336233830732564e-01 0.0000000000000000e+00 1
-1.8099160596541725e-01 -2.2822466785980924e-01 0.0000000000000000e+00 1
-1.7198373127814320e-01 -2.2291918015247034e-01 0.0000000000000000e+00 1
-1.6287618889575986e-01 -2.1745036640233734e-01 0.0000000000000000e+00 1
-1.5367487239485761e-01 -2.1182271782643838e-01 0.0000000000000000e+00 1
-1.4438567535202693e-01 -2.0604072564180173e-01 0.0000000000000000e+00 1
-1.3501449134385840e-01 -2.0010888106545571e-01 0.0000000000000000e+00 1
-1.2556721394694259e-01 -1.9403167531442878e-01 0.0000000000000000e+00 1
-1.1604973673787000e-01 -1.8781359960574909e-01 0.0000000000000000e+00 1
-1.0646795329323105e-01 -1.8145914515644487e-01 0.0000000000000000e+00 1
-9.6827757189616309e-02 -1.7497280318354455e-01 0.0000000000000000e+00 1
-8.7135042003616325e-02 -1.6835906490407646e-01 0.0000000000000000e+00 1
-7.7395701311821635e-02 -1.6162242153506878e-01 0.0000000000000000e+00 1
-6.7615628690822632e-02 -1.5476736429354981e-01 0.0000000000000000e+00 1
-5.7800717717209932e-02 -1.4779838439654785e-01 0.0000000000000000e+00 1
-4.7956861967574045e-02 -1.4071997306109135e-01 0.0000000000000000e+00 1
-3.8089955018505470e-02 -1.3353662150420845e-01 0.0000000000000000e+00 1
-2.8205890446594686e-02 -1.2625282094292745e-01 0.0000000000000000e+00 1
-1.8310561828432267e-02 -1.1887306259427668e-01 0.0000000000000000e+00 1
-8.4098627406087451e-03 -1.1140183767528451e-01 0.0000000000000000e+00 1
1.4903132402854340e-03 -1.0384363740297914e-01 0.0000000000000000e+00 1
1.1384072537659724e-02 -9.6202952994388843e-02 0.0000000000000000e+00 1
2.1265521574923618e-02 -8.8484275666541962e-02 0.0000000000000000e+00 1
3.1128766775486559e-02 -8.0692096636466870e-02 0.0000000000000000e+00 1
4.0967914562758063e-02 -7.2830907121191793e-02 0.0000000000000000e+00 1
5.0777071360147620e-02 -6.4905198337744954e-02 0.0000000000000000e+00 1
6.0550343591064724e-02 -5.6919461503154745e-02 0.0000000000000000e+00 1
7.0281837678918796e-02 -4.8878187834449499e-02 0.0000000000000000e+00 1
7.9965660047119358e-02 -4.0785868548657428e-02 0.0000000000000000e+00 1
8.9595917119075996e-02 -3.2646994862806825e-02 0.0000000000000000e+00 1
9.9166715318198040e-02 -2.4466057993926000e-02 0.0000000000000000e+00 1
1.0867216106789498e-01 -1.6247549159043324e-02 0.0000000000000000e+00 1
1.1810636079157638e-01 -7.9959595751870650e-03 0.0000000000000000e+00 1
1.2746342091265175e-01 2.8421954061458657e-04 0.0000000000000000e+00 1
1.3673744785453054e-01 8.5884969713332683e-03 0.0000000000000000e+00 1
1.4592254804062213e-01 1.6912381499940590e-02 0.0000000000000000e+00 1
1.5501282789433604e-01 2.5251381909408333e-02 0.0000000000000000e+00 1
1.6400239383908197e-01 3.3601006982708272e-02 0.0000000000000000e+00 1
1.7288535229826918e-01 4.1956765502812063e-02 0.0000000000000000e+00 1
1.8165580969530712e-01 5.0314166252691292e-02 0.0000000000000000e+00 1
1.9030787245360539e-01 5.8668718015317770e-02 0.0000000000000000e+00 1
1.9883564699657350e-01 6.7015929573663244e-02 0.0000000000000000e+00 1
2.0723323974762092e-01 7.5351309710699352e-02 0.0000000000000000e+00 1
2.1549475713015701e-01 8.3670367209397745e-02 0.0000000000000000e+00 1
2.2361430556759135e-01 9.1968610852730212e-02 0.0000000000000000e+00 1
2.3158599148333345e-01 1.0024154942366846e-01 0.0000000000000000e+00 1
2.3940392130079277e-01 1.0848469170518417e-01 0.0000000000000000e+00 1
2.4706220144337873e-01 1.1669354648024899e-01 0.0000000000000000e+00 1
2.5455493833450088e-01 1.2486362253183465e-01 0.0000000000000000e+00 1
2.6187623839756879e-01 1.3299042864291297e-01 0.0000000000000000e+00 1
2.6902020805599175e-01 1.4106947359645552e-01 0.0000000000000000e+00 1
2.7598095373317932e-01 1.4909626617543401e-01 0.0000000000000000e+00 1
2.8275258185254099e-01 1.5706631516282013e-01 0.0000000000000000e+00 1
2.8932919883748637e-01 1.6497512934158573e-01 0.0000000000000000e+00 1
2.9570491111142472e-01 1.7281821749470239e-01 0.0000000000000000e+00 1
3.0187382509776567e-01 1.8059108840514179e-01 0.0000000000000000e+00 1
3.0783004721991869e-01 1.8828925085587567e-01 0.0000000000000000e+00 1
3.1356768390129325e-01 1.9590821362987579e-01 0.0000000000000000e+00 1
3.1908084156529881e-01 2.0344348551011379e-01 0.0000000000000000e+00 1
3.2209909646215645e-01 2.0804280932361460e-01 0.0000000000000000e+00 1
3.2403202061190056e-01 2.1193487678665923e-01 0.0000000000000000e+00 1
3.2492399992987159e-01 2.1514649886624970e-01 0.0000000000000000e+00 1
3.2481942033140976e-01 2.1770448652938801e-01 0.0000000000000000e+00 1
3.2376266773185547e-01 2.1963565074307617e-01 0.0000000000000000e+00 1
3.2179812804654923e-01 2.2096680247431630e-01 0.0000000000000000e+00 1
3.1897018719083114e-01 2.2172475269011035e-01 0.0000000000000000e+00 1
3.1532323108004151e-01 2.2193631235746034e-01 0.0000000000000000e+00 1
3.1090164562952094e-01 2.2162829244336843e-01 0.0000000000000000e+00 1
3.0574981675460966e-01 2.2082750391483652e-01 0.0000000000000000e+00 1
2.9991213037064823e-01 2.1956075773886680e-01 0.0000000000000000e+00 1
2.9343297239297661e-01 2.1785486488246117e-01 0.0000000000000000e+00 1
2.8635672873693552e-01 2.1573663631262166e-01 0.0000000000000000e+00 1
2.7872778531786513e-01 2.1323288299635043e-01 0.0000000000000000e+00 1
2.7059052805110567e-01 2.1037041590064939e-01 0.0000000000000000e+00 1
2.6198934285199776e-01 2.0717604599252060e-01 0.0000000000000000e+00 1
2.5296861563588158e-01 2.0367658423896617e-01 0.0000000000000000e+00 1
2.4357273231809742e-01 1.9989884160698798e-01 0.0000000000000000e+00 1
2.3384607881398597e-01 1.9586962906358832e-01 0.0000000000000000e+00 1
2.2383304103888732e-01 1.9161575757576896e-01 0.0000000000000000e+00 1
2.1357800490814177e-01 1.8716403811053209e-01 0.0000000000000000e+00 1
2.0312535633708986e-01 1.8254128163487968e-01 0.0000000000000000e+00 1
1.9251948124107177e-01 1.7777429911581377e-01 0.0000000000000000e+00 1
1.8180476553542799e-01 1.7288990152033645e-01 0.0000000000000000e+00 1
1.7102559513549875e-01 1.6791489981544966e-01 0.0000000000000000e+00 1
1.6022635595662446e-01 1.6287610496815555e-01 0.0000000000000000e+00 1
1.4945143391414559e-01 1.5780032794545609e-01 0.0000000000000000e+00 1
1.3874521492340228e-01 1.5271437971435331e-01 0.0000000000000000e+00 1
1.2815208489973498e-01 1.4764507124184922e-01 0.0000000000000000e+00 1
1.1771642975848412e-01 1.4261921349494594e-01 0.0000000000000000e+00 1
1.0748263541498992e-01 1.3766361744064542e-01 0.0000000000000000e+00 1
9.7495087784592815e-02 1.3280509404594973e-01 0.0000000000000000e+00 1
8.7798172782633105e-02 1.2807045427786093e-01 0.0000000000000000e+00 1
7.8436276324451160e-02 1.2348650910338102e-01 0.0000000000000000e+00 1
6.9453784325387430e-02 1.1908006948951205e-01 0.0000000000000000e+00 1
6.0895082700782123e-02 1.1487794640325605e-01 0.0000000000000000e+00 1
5.2804557365975648e-02 1.1090695081161503e-01 0.0000000000000000e+00 1
4.5226594236308378e-02 1.0719389368159107e-01 0.0000000000000000e+00 1
3.8205579227120638e-02 1.0376558598018620e-01 0.0000000000000000e+00 1
3.1785898253752783e-02 1.0064883867440241e-01 0.0000000000000000e+00 1
2.6011937231545171e-02 9.7870462731241781e-02 0.0000000000000000e+00 1
2.0928082075838163e-02 9.5457269117706328e-02 0.0000000000000000e+00 1
1.8673816603226791e-02 9.4185562987987068e-02 0.0000000000000000e+00 1
1.6390866507211180e-02 9.2504853609037235e-02 0.0000000000000000e+00 1
1.4082576192032355e-02 9.0458069534276764e-02 0.0000000000000000e+00 1
1.1752290061931438e-02 8.8088139317125683e-02 0.0000000000000000e+00 1
9.4033525211494606e-03 8.5437991511003897e-02 0.0000000000000000e+00 1
7.0391079739275386e-03 8.2550554669331394e-02 0.0000000000000000e+00 1
4.6629008245067244e-03 7.9468757345528135e-02 0.0000000000000000e+00 1
2.2780754771281088e-03 7.6235528093014149e-02 0.0000000000000000e+00 1
-1.1202366396723812e-04 7.2893795465209341e-02 0.0000000000000000e+00 1
-2.5040521945382636e-03 6.9486488015533671e-02 0.0000000000000000e+00 1
-4.8946657103438665e-03 6.6056534297407113e-02 0.0000000000000000e+00 1
-7.2805198071429766e-03 6.2646862864249683e-02 0.0000000000000000e+00 1
-9.6582700806945171e-03 5.9300402269481314e-02 0.0000000000000000e+00 1
-1.2024572126757421e-02 5.6060081066521966e-02 0.0000000000000000e+00 1
-1.4376081541090604e-02 5.2968827808791641e-02 0.0000000000000000e+00 1
-1.6709453919452999e-02 5.0069571049710257e-02 0.0000000000000000e+00 1
-1.9021344857603525e-02 4.7405239342697816e-02 0.0000000000000000e+00 1
-2.1308409951301104e-02 4.5018761241174279e-02 0.0000000000000000e+00 1
-2.3567304796304672e-02 4.2953065298559620e-02 0.0000000000000000e+00 1
-2.5794684988373139e-02 4.1251080068273799e-02 0.0000000000000000e+00 1
-2.9916790901366834e-02 3.8561866050307925e-02 0.0000000000000000e+00 1
-3.4366740275518351e-02 3.5874879580901922e-02 0.0000000000000000e+00 1
-3.9122037668635833e-02 3.3187363369597378e-02 0.0000000000000000e+00 1
-4.4160187638527443e-02 3.0496560125935837e-02 0.0000000000000000e+00 1
-4.9458694743001339e-02 2.7799712559458869e-02 0.0000000000000000e+00 1
-5.4995063539865649e-02 2.5094063379708036e-02 0.0000000000000000e+00 1
-6.0746798586928552e-02 2.2376855296224900e-02 0.0000000000000000e+00 1
-6.6691404441998170e-02 1.9645331018551010e-02 0.0000000000000000e+00 1
-7.2806385662882681e-02 1.6896733256227953e-02 0.0000000000000000e+00 1
-7.9069246807390220e-02 1.4128304718797259e-02 0.0000000000000000e+00 1
-8.5457492433328952e-02 1.1337288115800528e-02 0.0000000000000000e+00 1
-9.1948627098506985e-02 8.5209261567792943e-03 0.0000000000000000e+00 1
-9.8520155360732553e-02 5.6764615512751252e-03 0.0000000000000000e+00 1
-1.0514958177781375e-01 2.8011370088295885e-03 0.0000000000000000e+00 1
-1.1181441090755873e-01 -1.0780476101575603e-04 0.0000000000000000e+00 1
-1.1849214730777566e-01 -3.0531210487193478e-03 0.0000000000000000e+00 1
-1.2516029553627270e-01 -6.0375691447396244e-03 0.0000000000000000e+00 1
-1.3179636015085797e-01 -9.0639063395350217e-03 0.0000000000000000e+00 1
-1.3837784570933961e-01 -1.2134889923563978e-02 0.0000000000000000e+00 1
-1.4488225676952587e-01 -1.5253277187284930e-02 0.0000000000000000e+00 1
-1.5128709788922479e-01 -1.8421825421156317e-02 0.0000000000000000e+00 1
-1.5756987362624456e-01 -2.1643291915636579e-02 0.0000000000000000e+00 1
-1.6370808853839336e-01 -2.4920433961184155e-02 0.0000000000000000e+00 1
-1.6967924718347929e-01 -2.8256008848257467e-02 0.0000000000000000e+00 1
-1.7546085411931053e-01 -3.1652773867314979e-02 0.0000000000000000e+00 1
-1.8103041390369526e-01 -3.5113486308815098e-02 0.0000000000000000e+00 1
-1.8636543109444156e-01 -3.8640903463216303e-02 0.0000000000000000e+00 1
-1.9144341024935765e-01 -4.2237782620976994e-02 0.0000000000000000e+00 1
-1.9624185592625168e-01 -4.5906881072555625e-02 0.0000000000000000e+00 1
-2.0073827268293173e-01 -4.9650956108410638e-02 0.0000000000000000e+00 1
-2.0491016507720602e-01 -5.3472765019000473e-02 0.0000000000000000e+00 1
-2.0873503766688270e-01 -5.7375065094783545e-02 0.0000000000000000e+00 1
-2.1219039500976991e-01 -6.1360613626218294e-02 0.0000000000000000e+00 1
-2.0302788458916990e-01 -5.8685163901861348e-02 0.0000000000000000e+00 1
8.4651809804739894e-03 7.8994005907972550e-02 0.0000000000000000e+00 1
-3.1857899900378838e-03 6.2311763940213712e-02 0.0000000000000000e+00 1
-1.7504573945720864e-01 -3.8286993465799571e-02 0.0000000000000000e+00 1
-1.3161214659476460e-02 4.9649084110915592e-02 0.0000000000000000e+00 1
3.7677797575939941e-02 9.7023414177482961e-02 0.0000000000000000e+00 1
-2.2016222900962776e-01 -9.2453773987105428e-02 0.0000000000000000e+00 1
-2.6001612624808705e-02 3.6869737273774822e-02 0.0000000000000000e+00 1
-3.9370403752609889e-02 2.7695346892922967e-02 0.0000000000000000e+00 1
-1.4532091487009396e-01 -2.2160159599601957e-02 0.0000000000000000e+00 1
-1.1921211760462189e-01 -1.0921489429972968e-02 0.0000000000000000e+00 1
-9.2960377499061636e-02 1.8697044504660406e-03 0.0000000000000000e+00 1
-6.7150666173755785e-02 1.3077526353567272e-02 0.0000000000000000e+00 1
-2.3064931227985866e-01 -1.2156018678400222e-01 0.0000000000000000e+00 1
2.1412890911368217e-02 9.2033484724033179e-02 0.0000000000000000e+00 1
-9.7513880916159340e-02 -1.6343654193620891e-01 0.0000000000000000e+00 1
-5.9495629179254425e-02 -1.3646595973809497e-01 0.0000000000000000e+00 1
8.7931031249911654e-02 -1.8951488578874635e-02 0.0000000000000000e+00 1
-1.9400047337524765e-02 -1.0702785880038214e-01 0.0000000000000000e+00 1
5.8860695590796097e-02 -4.4881698964651141e-02 0.0000000000000000e+00 1
-1.3718117562193896e-01 -1.8838552234696385e-01 0.0000000000000000e+00 1
5.9895870767642752e-02 1.0597176719705798e-01 0.0000000000000000e+00 1
1.9827909438464408e-02 -7.5719674420887145e-02 0.0000000000000000e+00 1
-2.3961107270510967e-01 -1.5439971273739322e-01 0.0000000000000000e+00 1
8.7770782265641556e-02 1.1823403235447923e-01 0.0000000000000000e+00 1
1.1495764523025594e-01 5.3730850713382024e-03 0.0000000000000000e+00 1
-1.6254651718657234e-01 -2.0654224429846793e-01 0.0000000000000000e+00 1
1.4469068299422683e-01 2.8437881197061705e-02 0.0000000000000000e+00 1
1.1620009248881091e-01 1.3236960802361786e-01 0.0000000000000000e+00 1
-2.4389465768946011e-01 -1.8185068284505995e-01 0.0000000000000000e+00 1
-2.1493086088762819e-01 -7.3873132376582967e-02 0.0000000000000000e+00 1
1.7048961906169036e-01 5.3156088758421149e-02 0.0000000000000000e+00 1
-1.9071489957877744e-01 -4.8162780640368712e-02 0.0000000000000000e+00 1
1.9596850973191407e-01 7.6934880337420145e-02 0.0000000000000000e+00 1
-2.4737318394173757e-01 -2.0608087185605534e-01 0.0000000000000000e+00 1
-1.8985267441133435e-01 -2.2315221568903804e-01 0.0000000000000000e+00 1
2.2014111348849541e-01 1.0206784942396646e-01 0.0000000000000000e+00 1
1.5012504906325674e-01 1.4563104524833170e-01 0.0000000000000000e+00 1
2.4378009448473575e-01 1.2722436501247955e-01 0.0000000000000000e+00 1
-2.4887555505235942e-01 -2.4349427179207581e-01 0.0000000000000000e+00 1
1.8029180629004821e-01 1.6114254663996674e-01 0.0000000000000000e+00 1
-2.4867183879024912e-01 -2.2757535295630507e-01 0.0000000000000000e+00 1
1.4715719626459045e-02 8.7179610973741328e-02 0.0000000000000000e+00 1
-2.0279556856508556e-02 4.1168657893120186e-02 0.0000000000000000e+00 1
2.3260677357441317e-01 1.8524876975676985e-01 0.0000000000000000e+00 1
-2.4367529704543936e-01 -2.5528360997014793e-01 0.0000000000000000e+00 1
-2.1644989821577607e-01 -2.3886524958296124e-01 0.0000000000000000e+00 1
-4.9955059895584887e-02 2.2019068029434503e-02 0.0000000000000000e+00 1
2.6133336689830505e-01 1.9860539884658027e-01 0.0000000000000000e+00 1
-7.5513487176618235e-03 5.5543370165786074e-02 0.0000000000000000e+00 1
-8.0187054759661758e-02 7.0399159901524018e-03 0.0000000000000000e+00 1
2.7161628412986449e-01 1.5950178283868549e-01 0.0000000000000000e+00 1
2.1231138263763291e-01 1.7589926294880279e-01 0.0000000000000000e+00 1
3.9107178155225505e-02 -6.0605076752168259e-02 0.0000000000000000e+00 1
-7.8484630876299588e-02 -1.4990337689632133e-01 0.0000000000000000e+00 1
-3.8993339070703820e-02 -1.2187591290978302e-01 0.0000000000000000e+00 1
1.4141807544292671e-04 -9.1400840375072234e-02 0.0000000000000000e+00 1
-1.1674015817470088e-01 -1.7653310938493974e-01 0.0000000000000000e+00 1
1.6547620909346853e-03 6.9187115004786137e-02 0.0000000000000000e+00 1
2.5803988259968647e-01 1.4337697653439738e-01 0.0000000000000000e+00 1
-1.0587062487594298e-01 -4.6746148788277932e-03 0.0000000000000000e+00 1
-2.2627039125106357e-01 -1.0629916454921318e-01 0.0000000000000000e+00 1
-2.3497742339843081e-01 -1.3927390523345945e-01 0.0000000000000000e+00 1
-1.3252757196536757e-01 -1.5893183300278405e-02 0.0000000000000000e+00 1
2.7570896031589687e-01 2.0521131574342683e-01 0.0000000000000000e+00 1
-1.5841388276030988e-01 -2.9220439042847622e-02 0.0000000000000000e+00 1
3.1679243509854954e-01 2.1871259456538678e-01 0.0000000000000000e+00 1
3.0987754563210074e-01 2.1659930857599968e-01 0.0000000000000000e+00 1
2.9101178186766075e-01 2.1098394558407724e-01 0.0000000000000000e+00 1
2.8578664959118938e-01 1.7436787651734942e-01 0.0000000000000000e+00 1
-2.3122099583774916e-01 -2.4887864906766421e-01 0.0000000000000000e+00 1
-2.1048874208058638e-01 -6.6343877257578746e-02 0.0000000000000000e+00 1
2.9849151611594299e-01 1.8949046085054805e-01 0.0000000000000000e+00 1
3.1020542798366091e-01 2.0320669406273112e-01 0.0000000000000000e+00 1
3.2009803597096076e-01 2.1152427314296202e-01 0.0000000000000000e+00 1
3.2261860676369986e-01 2.1775489403950180e-01 0.0000000000000000e+00 1
-2.4639693384606437e-01 -2.5093765014030428e-01 0.0000000000000000e+00 1
-2.3893549723070617e-01 -2.5529178855968215e-01 0.0000000000000000e+00 1
-2.4166613929719236e-01 -2.5226280267760315e-01 0.0000000000000000e+00 1
-2.4385196066345313e-01 -2.4653646312758815e-01 0.0000000000000000e+00 1
-2.9734347352821020e-02 3.4040489734104479e-02 0.0000000000000000e+00 1
-2.5268943002673225e-02 3.2617177477814521e-02 0.0000000000000000e+00 1
-2.8494798753619648e-02 2.9651561701812375e-02 0.0000000000000000e+00 1
-2.3970966149954791e-02 2.8157172511208448e-02 0.0000000000000000e+00 1
-2.7441285499614308e-02 2.4724199775340974e-02 0.0000000000000000e+00 1
-2.2698842015810843e-02 2.3158494215307520e-02 0.0000000000000000e+00 1
-2.6608551339795110e-02 1.9487967828127364e-02 0.0000000000000000e+00 1
-2.1161458713132714e-02 1.7789150369674048e-02 0.0000000000000000e+00 1
-2.5507512008240321e-02 1.3763307954806455e-02 0.0000000000000000e+00 1
-1.9800773357017302e-02 1.1953582362255183e-02 0.0000000000000000e+00 1
-2.4336882886183950e-02 7.7041496181577979e-03 0.0000000000000000e+00 1
-1.5332582496263628e-02 1.6219351802992527e-02 0.0000000000000000e+00 1
-1.3753036070703975e-02 1.0390535850514488e-02 0.0000000000000000e+00 1
-9.2513128981848783e-03 1.4617220318619392e-02 0.0000000000000000e+00 1
-7.5223334160617050e-03 8.4967608572418252e-03 0.0000000000000000e+00 1
-2.8478025950646698e-03 1.2900222923991563e-02 0.0000000000000000e+00 1
-1.1229316350903013e-03 6.3233025245642890e-03 0.0000000000000000e+00 1
3.9663813724195871e-03 1.1106682042452399e-02 0.0000000000000000e+00 1
-6.7111124593230830e-03 1.2422592290253381e-03 0.0000000000000000e+00 1
5.7996402926054902e-03 4.1715400152333203e-03 0.0000000000000000e+00 1
1.1033073987175641e-02 9.3158834328842480e-03 0.0000000000000000e+00 1
9.0857623970004922e-03 1.6047250543058937e-02 0.0000000000000000e+00 1
1.6049476495830016e-02 1.4670222251290697e-02 0.0000000000000000e+00 1
1.4247651258950889e-02 2.1368596075833041e-02 0.0000000000000000e+00 1
2.1174406660967485e-02 1.9910261082427470e-02 0.0000000000000000e+00 1
1.9343698744278229e-02 2.6620022014298170e-02 0.0000000000000000e+00 1
2.6415501382292358e-02 2.4981820499824448e-02 0.0000000000000000e+00 1
2.4513675133873581e-02 3.2024813992850606e-02 0.0000000000000000e+00 1
3.1490964144766181e-02 3.0238035195420364e-02 0.0000000000000000e+00 1
2.9787191124765845e-02 3.7244142778456460e-02 0.0000000000000000e+00 1
3.6679776630395608e-02 3.5384337648799495e-02 0.0000000000000000e+00 1
2.8415800622350666e-02 1.7496064357425518e-02 0.0000000000000000e+00 1
3.4720889649810530e-02 4.2364732082795231e-02 0.0000000000000000e+00 1
4.1999611836772754e-02 4.0756133088292651e-02 0.0000000000000000e+00 1
4.4205488830129959e-02 3.2761172078718370e-02 0.0000000000000000e+00 1
4.9644135102038307e-02 3.9088648762176520e-02 0.0000000000000000e+00 1
4.7286320932664425e-02 4.6418503778563353e-02 0.0000000000000000e+00 1
5.5101071007948185e-02 4.4599506970989140e-02 0.0000000000000000e+00 1
1.3253826281874300e-02 2.2066958380241621e-03 0.0000000000000000e+00 1
5.7280782133006136e-02 3.6722530937536489e-02 0.0000000000000000e+00 1
6.3204661875766011e-02 4.2773263216719572e-02 0.0000000000000000e+00 1
5.2691288474590377e-02 5.2215182203116307e-02 0.0000000000000000e+00 1
6.5198151091951317e-02 3.4190499052783804e-02 0.0000000000000000e+00 1
7.1695110742694496e-02 4.0837411664647834e-02 0.0000000000000000e+00 1
2.7937799114161391e-02 4.4169535674611987e-02 0.0000000000000000e+00 1
1.2473713961171978e-02 2.8592191595631252e-02 0.0000000000000000e+00 1
7.4199826125101079e-02 3.2095986058867265e-02 0.0000000000000000e+00 1
8.0609332616951662e-02 3.8719420022804631e-02 0.0000000000000000e+00 1
7.7940898083379118e-02 4.7643300450200377e-02 0.0000000000000000e+00 1
8.6968499920170583e-02 4.5667791650525563e-02 0.0000000000000000e+00 1
8.4277911874040934e-02 5.4692085157640208e-02 0.0000000000000000e+00 1
9.3588632369255201e-02 5.2695377336615057e-02 0.0000000000000000e+00 1
9.0834409875686528e-02 6.1980143408048805e-02 0.0000000000000000e+00 1
1.0054018631685614e-01 5.9704614710988653e-02 0.0000000000000000e+00 1
6.7175315784363782e-02 2.5215829112926722e-02 0.0000000000000000e+00 1
8.1814273708187141e-02 6.3497813082762894e-02 0.0000000000000000e+00 1
9.7588853316642354e-02 6.9376378970921887e-02 0.0000000000000000e+00 1
1.0750298269941089e-01 6.6962224708319820e-02 0.0000000000000000e+00 1
1.0448984009523829e-01 7.6886267178337409e-02 0.0000000000000000e+00 1
1.1463661924019417e-01 7.4685158423257084e-02 0.0000000000000000e+00 1
9.3670013679711853e-02 7.8822747794027870e-02 0.0000000000000000e+00 1
4.5008355754219728e-02 5.4023424694484290e-02 0.0000000000000000e+00 1
5.0267613100512670e-02 5.9672617290064241e-02 0.0000000000000000e+00 1
4.2828272414046263e-02 6.1452976876604962e-02 0.0000000000000000e+00 1
4.7977841321924133e-02 6.6902620508682287e-02 0.0000000000000000e+00 1
4.0717134932540366e-02 6.8373349131993610e-02 0.0000000000000000e+00 1
-3.0278501349193635e-02 9.7003590505395729e-03 0.0000000000000000e+00 1
-2.9122721409407578e-02 3.3643075023969370e-03 0.0000000000000000e+00 1
-3.5504811654146644e-02 5.5180788002112610e-03 0.0000000000000000e+00 1
-3.4155989428516900e-02 -1.1874122083938943e-03 0.0000000000000000e+00 1
-4.0809268148980858e-02 1.0754417370369704e-03 0.0000000000000000e+00 1
-3.9406653840806598e-02 -5.9502419192707110e-03 0.0000000000000000e+00 1
-3.2533256321934934e-02 -8.1979755565947769e-03 0.0000000000000000e+00 1
-3.8004699449935890e-02 -1.3243457502948816e-02 0.0000000000000000e+00 1
-3.0764558292287365e-02 -1.5584350708637213e-02 0.0000000000000000e+00 1
-3.6518882643555850e-02 -2.0846734760210546e-02 0.0000000000000000e+00 1
-4.3947744528753593e-02 -1.8309595440724274e-02 0.0000000000000000e+00 1
-4.2600633252446125e-02 -2.6048211432649449e-02 0.0000000000000000e+00 1
-5.0181089626769419e-02 -2.3493687433365280e-02 0.0000000000000000e+00 1
-4.8625932876218241e-02 -3.1566934290232940e-02 0.0000000000000000e+00 1
-5.6549188618828738e-02 -2.8889952755907031e-02 0.0000000000000000e+00 1
-5.5102644425982658e-02 -3.6997930159414875e-02 0.0000000000000000e+00 1
-6.3052575025313501e-02 -3.4384351972802735e-02 0.0000000000000000e+00 1
-6.1409701247932547e-02 -4.2837463853071550e-02 0.0000000000000000e+00 1
-6.9564077384988349e-02 -4.0036388712948234e-02 0.0000000000000000e+00 1
-6.8180389240281219e-02 -4.8354675716493829e-02 0.0000000000000000e+00 1
-7.6303055022360067e-02 -4.5785495329545858e-02 0.0000000000000000e+00 1
-7.4856580016014612e-02 -5.4182145222463188e-02 0.0000000000000000e+00 1
-8.3040866402507796e-02 -5.1575452564928508e-02 0.0000000000000000e+00 1
-8.1615571584711888e-02 -6.0034492321028990e-02 0.0000000000000000e+00 1
-8.9591323638748513e-02 -5.7345540338376730e-02 0.0000000000000000e+00 1
-8.8376094766701357e-02 -6.5918359452560554e-02 0.0000000000000000e+00 1
-9.5981658975037382e-02 -6.3022346583014088e-02 0.0000000000000000e+00 1
-9.4843655356979750e-02 -7.2118394571543371e-02 0.0000000000000000e+00 1
-1.0293880335508322e-01 -6.9023230040905700e-02 0.0000000000000000e+00 1
-1.0164562717009008e-01 -7.8065275751399280e-02 0.0000000000000000e+00 1
-1.1037081845576481e-01 -7.5564502138989117e-02 0.0000000000000000e+00 1
-1.0874528388482063e-01 -8.3787194306724350e-02 0.0000000000000000e+00 1
-1.1743227426846116e-01 -8.1888532210102921e-02 0.0000000000000000e+00 1
-1.1564755244893933e-01 -8.9791233140777721e-02 0.0000000000000000e+00 1
-1.2402752791523915e-01 -8.7492329763687621e-02 0.0000000000000000e+00 1
-1.2239993376476946e-01 -9.5609724168851065e-02 0.0000000000000000e+00 1
-1.3059970816290642e-01 -9.2945247175396734e-02 0.0000000000000000e+00 1
-1.2910798962910575e-01 -1.0138883261095578e-01 0.0000000000000000e+00 1
-1.3739793792109187e-01 -9.8775904984706897e-02 0.0000000000000000e+00 1
-1.3557830464378604e-01 -1.0751517554636980e-01 0.0000000000000000e+00 1
-1.4405497522275162e-01 -1.0462644728001838e-01 0.0000000000000000e+00 1
-1.4233098250914272e-01 -1.1342286703772078e-01 0.0000000000000000e+00 1
-1.5068470241543080e-01 -1.1085103610828095e-01 0.0000000000000000e+00 1
-1.5246807397799750e-01 -1.0172521919340845e-01 0.0000000000000000e+00 1
-1.4903081773677768e-01 -1.1922377588431732e-01 0.0000000000000000e+00 1
-1.5741351621426086e-01 -1.1674246455335824e-01 0.0000000000000000e+00 1
-1.5608851483340058e-01 -1.2519209449387791e-01 0.0000000000000000e+00 1
-1.3234916125379081e-01 -8.5287472582175797e-02 0.0000000000000000e+00 1
-1.6421439324099535e-01 -1.2267733126618843e-01 0.0000000000000000e+00 1
-1.6302298042582533e-01 -1.3135676854202610e-01 0.0000000000000000e+00 1
-3.4955463633249265e-02 -2.9897514323611013e-02 0.0000000000000000e+00 1
-5.3423344816014032e-02 -4.4607499562348420e-02 0.0000000000000000e+00 1
-1.7140995832859146e-01 -1.2824856570669824e-01 0.0000000000000000e+00 1
-1.6972782717989993e-01 -1.3726688017444003e-01 0.0000000000000000e+00 1
-1.7351339680342145e-01 -1.1884695749843979e-01 0.0000000000000000e+00 1
-7.2752887983230582e-02 -6.3329311439571698e-02 0.0000000000000000e+00 1
-1.1204243739232164e-01 -6.6508423612565606e-02 0.0000000000000000e+00 1
-9.2936413983866442e-02 -8.0579810919728018e-02 0.0000000000000000e+00 1
-1.7845043599747423e-01 -1.3423370683655711e-01 0.0000000000000000e+00 1
-1.7665599827694567e-01 -1.4328368532986591e-01 0.0000000000000000e+00 1
-1.1547965383680259e-01 -9.8747796138286686e-02 0.0000000000000000e+00 1
-1.4080443140745896e-01 -1.2174791998451018e-01 0.0000000000000000e+00 1
-9.1028569964089617e-02 -4.8745000440013606e-02 0.0000000000000000e+00 1
-1.6137435734527994e-01 -1.4006194962094451e-01 0.0000000000000000e+00 1
-1.8545318088253765e-01 -1.4025129190905877e-01 0.0000000000000000e+00 1
-1.8361109225447023e-01 -1.4934485893299293e-01 0.0000000000000000e+00 1
-1.9236694390999912e-01 -1.4631412047921999e-01 0.0000000000000000e+00 1
-1.9064834964611804e-01 -1.5546951802346984e-01 0.0000000000000000e+00 1
-1.8177612170029511e-01 -1.5853908716571613e-01 0.0000000000000000e+00 1
-1.8890818764264561e-01 -1.6470057270769459e-01 0.0000000000000000e+00 1
-7.1891807238377903e-02 -3.1692470327778971e-02 0.0000000000000000e+00 1
-1.9413507990584386e-01 -1.3725043443684751e-01 0.0000000000000000e+00 1
-1.9778094758352296e-01 -1.6158290571005529e-01 0.0000000000000000e+00 1
-1.9606801179247424e-01 -1.7085149856516407e-01 0.0000000000000000e+00 1
-5.7424332312846535e-02 -2.0809316551022059e-02 0.0000000000000000e+00 1
-1.7994703754602934e-01 -1.6781307799398834e-01 0.0000000000000000e+00 1
1.1113292077268438e-01 8.4433175591246662e-02 0.0000000000000000e+00 1
1.2200744215215314e-01 8.2357791220765503e-02 0.0000000000000000e+00 1
1.2513243588811493e-01 7.1968987090982414e-02 0.0000000000000000e+00 1
1.3261456738054181e-01 8.0024517101851572e-02 0.0000000000000000e+00 1
-1.0653131372771622e-02 2.1232774970990520e-02 0.0000000000000000e+00 1
7.6859789924330166e-02 2.3153711290041970e-02 0.0000000000000000e+00 1
6.9797564087590219e-02 1.6071573946291554e-02 0.0000000000000000e+00 1
1.0259893967404134e-01 4.9689805382928068e-02 0.0000000000000000e+00 1
1.2943699605586184e-01 9.0448010344323981e-02 0.0000000000000000e+00 1
1.4014141136012498e-01 8.8129217413280392e-02 0.0000000000000000e+00 1
-2.0494977086837390e-01 -1.6770708913211788e-01 0.0000000000000000e+00 1
-2.0326312968914875e-01 -1.7701837525209030e-01 0.0000000000000000e+00 1
9.0357982061904152e-02 3.7280538946387450e-02 0.0000000000000000e+00 1
-1.2679423119781436e-01 -1.0903113123925641e-01 0.0000000000000000e+00 1
-1.9428028348745363e-01 -1.8019560016417602e-01 0.0000000000000000e+00 1
-2.0154612011162559e-01 -1.8639867682961558e-01 0.0000000000000000e+00 1
1.3703750015503560e-01 9.8552741185465309e-02 0.0000000000000000e+00 1
1.4779709158456741e-01 9.6302334000414616e-02 0.0000000000000000e+00 1
7.4774969410936771e-03 -3.3332622390313338e-03 0.0000000000000000e+00 1
1.5428079921245851e-02 -5.4922908081361391e-03 0.0000000000000000e+00 1
8.9886184423200056e-03 -1.1520002914684061e-02 0.0000000000000000e+00 1
1.7207063490061986e-02 -1.3870018737211835e-02 0.0000000000000000e+00 1
1.0719427140559498e-02 -2.0112099456525590e-02 0.0000000000000000e+00 1
2.3626387930983178e-02 -7.5259710810182141e-03 0.0000000000000000e+00 1
1.9530726432256562e-02 -2.2648928173681103e-02 0.0000000000000000e+00 1
1.2854510768569558e-02 -2.8998347426539024e-02 0.0000000000000000e+00 1
3.9148288781426527e-03 -2.6265265030059385e-02 0.0000000000000000e+00 1
5.9706266461765998e-03 -3.5328008876259837e-02 0.0000000000000000e+00 1
-2.0322878574030628e-02 3.1673743451655453e-02 0.0000000000000000e+00 1
-2.0102070633918087e-01 -1.4323185624491011e-01 0.0000000000000000e+00 1
3.6052829198972458e-02 6.3300217798235942e-02 0.0000000000000000e+00 1
3.3990627313249769e-02 6.9681924435931519e-02 0.0000000000000000e+00 1
2.9683855519679492e-02 6.5159876551487320e-02 0.0000000000000000e+00 1
2.7881678372462766e-02 7.0936282289232919e-02 0.0000000000000000e+00 1
2.3846441622925180e-02 6.6730573927097733e-02 0.0000000000000000e+00 1
4.5625444214544841e-02 7.3899805918846581e-02 0.0000000000000000e+00 1
5.2865175628041661e-02 7.2759161900403616e-02 0.0000000000000000e+00 1
-2.1050368867829528e-01 -1.8318627426961254e-01 0.0000000000000000e+00 1
-2.0884859365274869e-01 -1.9246784191636146e-01 0.0000000000000000e+00 1
-2.0283201464425996e-01 -1.3435009183433644e-01 0.0000000000000000e+00 1
-2.9905306060883639e-03 -3.2514849978462795e-02 0.0000000000000000e+00 1
-1.1015684708318976e-03 -4.1915836807285667e-02 0.0000000000000000e+00 1
7.9794444490192629e-02 1.3777087485337836e-02 0.0000000000000000e+00 1
5.0739733498707008e-02 7.9839482171327997e-02 0.0000000000000000e+00 1
5.8259026852003494e-02 7.8586705919972466e-02 0.0000000000000000e+00 1
-1.9247020640581020e-01 -1.8967838104958240e-01 0.0000000000000000e+00 1
3.1279934785180694e-02 7.6156621482992320e-02 0.0000000000000000e+00 1
1.4459476464558479e-01 1.0687876000994555e-01 0.0000000000000000e+00 1
1.5547075750770145e-01 1.0465619647172926e-01 0.0000000000000000e+00 1
1.5882191875874044e-01 9.3806623537258882e-02 0.0000000000000000e+00 1
1.6657934080006703e-01 1.0220424864304148e-01 0.0000000000000000e+00 1
1.6314801853056385e-01 1.1314835381580624e-01 0.0000000000000000e+00 1
1.7436458725517356e-01 1.1066308721135178e-01 0.0000000000000000e+00 1
1.7090665311602762e-01 1.2166377504588040e-01 0.0000000000000000e+00 1
1.8218571664639444e-01 1.1915374632691131e-01 0.0000000000000000e+00 1
1.3579497922846570e-01 6.9518171646620358e-02 0.0000000000000000e+00 1
-1.9597490796792855e-01 -1.2842338872200487e-01 0.0000000000000000e+00 1
-2.0429806960297794e-01 -1.2549734208772495e-01 0.0000000000000000e+00 1
-1.9768540541495588e-01 -1.1978842355254579e-01 0.0000000000000000e+00 1
7.2596897679229805e-02 6.5810935156794034e-03 0.0000000000000000e+00 1
6.2907820952159077e-02 9.2935375583333441e-03 0.0000000000000000e+00 1
6.5446419745544104e-02 -4.6872096408999664e-04 0.0000000000000000e+00 1
5.5891208063161925e-02 2.3547125144332765e-03 0.0000000000000000e+00 1
5.8250371247607270e-02 -7.4684627892366131e-03 0.0000000000000000e+00 1
-5.4123518585523023e-03 -2.2085921775760575e-02 0.0000000000000000e+00 1
-4.6149596298453326e-02 -3.5814999288394534e-03 0.0000000000000000e+00 1
8.0853022940023511e-03 -4.4925039311597983e-02 0.0000000000000000e+00 1
9.0971064848228674e-04 -5.1633573360576127e-02 0.0000000000000000e+00 1
-8.5685140964175850e-03 -4.8514215566465270e-02 0.0000000000000000e+00 1
-6.5831301520631880e-03 -5.8422305882766923e-02 0.0000000000000000e+00 1
-1.6284463901993097e-02 -5.5165016571393943e-02 0.0000000000000000e+00 1
-1.4249867416429059e-02 -6.5253152908427828e-02 0.0000000000000000e+00 1
-2.4356396038368776e-02 -6.1984235504088665e-02 0.0000000000000000e+00 1
-2.2031804549374329e-02 -7.2142966873526046e-02 0.0000000000000000e+00 1
-3.2415820201228442e-02 -6.8871434037623275e-02 0.0000000000000000e+00 1
2.1961927320749697e-02 -3.1830285228469202e-02 0.0000000000000000e+00 1
2.8871274877135842e-02 -2.5083315697415016e-02 0.0000000000000000e+00 1
-2.1772527491316415e-01 -1.8928439193225896e-01 0.0000000000000000e+00 1
-2.1607922597823898e-01 -1.9842975723825157e-01 0.0000000000000000e+00 1
-2.1934937738412832e-01 -1.8015173786948535e-01 0.0000000000000000e+00 1
-1.7270035670514375e-01 -1.6156323158800956e-01 0.0000000000000000e+00 1
-1.7078305469968363e-01 -1.7102937117326777e-01 0.0000000000000000e+00 1
-1.6339882745782386e-01 -1.6460256778959420e-01 0.0000000000000000e+00 1
1.2818924637626689e-01 6.1331449340459129e-02 0.0000000000000000e+00 1
2.2250787393692247e-02 7.2166445015063391e-02 0.0000000000000000e+00 1
1.8449929347053882e-02 6.8075874079417176e-02 0.0000000000000000e+00 1
1.9856787784338761e-02 6.2708852921344357e-02 0.0000000000000000e+00 1
1.4635484075372896e-02 6.4103686418658906e-02 0.0000000000000000e+00 1
1.6112286158295651e-02 5.9073654469143408e-02 0.0000000000000000e+00 1
1.2586722154216090e-01 1.0111058950456678e-01 0.0000000000000000e+00 1
-2.5194328482928241e-02 -1.0366763916853695e-02 0.0000000000000000e+00 1
1.0885260904746188e-02 6.0251835437232809e-02 0.0000000000000000e+00 1
1.2978673487804090e-02 5.4649101477951732e-02 0.0000000000000000e+00 1
-1.6147735569235105e-01 -1.7431741004069701e-01 0.0000000000000000e+00 1
-1.5394865036127459e-01 -1.6775447918545194e-01 0.0000000000000000e+00 1
-4.7508146656506718e-02 3.4472185972602024e-03 0.0000000000000000e+00 1
-5.2897010037044341e-02 -1.1678675768237265e-03 0.0000000000000000e+00 1
-3.0068392931927677e-02 -7.9026179897968757e-02 0.0000000000000000e+00 1
-4.0124625822682211e-02 -7.5813303297123075e-02 0.0000000000000000e+00 1
-3.7983073925294181e-02 -8.6043192085906731e-02 0.0000000000000000e+00 1
-4.7958274230118170e-02 -8.2854780170283138e-02 0.0000000000000000e+00 1
-2.2469648525011005e-01 -1.9540193118688778e-01 0.0000000000000000e+00 1
-2.2312697236419626e-01 -2.0433971830077144e-01 0.0000000000000000e+00 1
-2.1455661174147345e-01 -2.0742262219711782e-01 0.0000000000000000e+00 1
-2.2152933296749813e-01 -2.1314397820984127e-01 0.0000000000000000e+00 1
1.3905740739622466e-01 5.8737164238754393e-02 0.0000000000000000e+00 1
-2.0568524500082302e-01 -1.1700270177660493e-01 0.0000000000000000e+00 1
-1.9950381589184690e-01 -1.1153031379381018e-01 0.0000000000000000e+00 1
-2.0992435088954925e-01 -1.4034500229576083e-01 0.0000000000000000e+00 1
1.8563028685230701e-01 1.0812723770625805e-01 0.0000000000000000e+00 1
1.9346638908878522e-01 1.1664331830218168e-01 0.0000000000000000e+00 1
1.8999951905012527e-01 1.2766455646516631e-01 0.0000000000000000e+00 1
2.0125503135886291e-01 1.2518822863772056e-01 0.0000000000000000e+00 1
1.9801771399248419e-01 1.3595907199549701e-01 0.0000000000000000e+00 1
2.0905208919164736e-01 1.3368027506876798e-01 0.0000000000000000e+00 1
-2.1305486734134696e-01 -2.1638948451519205e-01 0.0000000000000000e+00 1
2.0583486653373728e-01 1.4436495989543466e-01 0.0000000000000000e+00 1
2.1674910432817757e-01 1.4214681996866496e-01 0.0000000000000000e+00 1
-1.6890786232850735e-01 -1.8067327138824157e-01 0.0000000000000000e+00 1
7.0479252646726978e-03 5.6376526030031911e-02 0.0000000000000000e+00 1
8.4820131772826123e-03 5.1266891583193398e-02 0.0000000000000000e+00 1
-4.6055192257618262e-02 -9.2972551866921452e-02 0.0000000000000000e+00 1
-5.5962924532929781e-02 -8.9893414601210586e-02 0.0000000000000000e+00 1
-5.4092856623267391e-02 -1.0002056276419076e-01 0.0000000000000000e+00 1
-6.3963816350253472e-02 -9.6939342055036015e-02 0.0000000000000000e+00 1
5.8040703449362976e-02 5.8351325435728796e-02 0.0000000000000000e+00 1
-2.0709518624525761e-01 -1.0886875926234081e-01 0.0000000000000000e+00 1
-2.0107145767526427e-01 -1.0368805550222822e-01 0.0000000000000000e+00 1
-1.9361306879905971e-01 -1.0612852132082896e-01 0.0000000000000000e+00 1
-1.9521507109110575e-01 -9.8454028940041627e-02 0.0000000000000000e+00 1
-1.8787860135097137e-01 -1.0089171079501660e-01 0.0000000000000000e+00 1
-1.8936216428575503e-01 -9.3377377833579189e-02 0.0000000000000000e+00 1
-1.8216187451748411e-01 -9.5761888343316517e-02 0.0000000000000000e+00 1
-1.8382108560438254e-01 -8.8356185148133592e-02 0.0000000000000000e+00 1
-1.9081314481067069e-01 -8.6033526955164308e-02 0.0000000000000000e+00 1
-1.8540863096112570e-01 -8.1213355698887421e-02 0.0000000000000000e+00 1
-1.7841584989713982e-01 -8.3302617542640442e-02 0.0000000000000000e+00 1
-1.8004468620697822e-01 -7.6270339891811326e-02 0.0000000000000000e+00 1
-1.7306364599259286e-01 -7.8327923576910985e-02 0.0000000000000000e+00 1
-1.7466007336835790e-01 -7.1198425483691249e-02 0.0000000000000000e+00 1
-1.6768054283769609e-01 -7.3327477392613444e-02 0.0000000000000000e+00 1
-1.6928507254980313e-01 -6.6164226230555456e-02 0.0000000000000000e+00 1
-1.6224984848662566e-01 -6.8334463735958778e-02 0.0000000000000000e+00 1
-1.6387810546131967e-01 -6.1065899700086558e-02 0.0000000000000000e+00 1
-1.5680632393020874e-01 -6.3282770230088742e-02 0.0000000000000000e+00 1
-1.5844407782197800e-01 -5.5966524344579140e-02 0.0000000000000000e+00 1
-1.5134298329004081e-01 -5.8220102685756975e-02 0.0000000000000000e+00 1
-1.6063088601806155e-01 -7.5589232523478447e-02 0.0000000000000000e+00 1
-1.8193006152116831e-01 -6.9559116773512758e-02 0.0000000000000000e+00 1
-1.9226019419089183e-01 -7.9043603666932832e-02 0.0000000000000000e+00 1
-1.9744338981351450e-01 -8.3671814733010691e-02 0.0000000000000000e+00 1
-1.5303371901665080e-01 -5.0938305192376583e-02 0.0000000000000000e+00 1
-1.4579416292779729e-01 -5.3086434654249656e-02 0.0000000000000000e+00 1
-1.4405183737078206e-01 -6.0551322576826244e-02 0.0000000000000000e+00 1
-1.3839080847071406e-01 -5.5297867839031067e-02 0.0000000000000000e+00 1
-1.4021223658605822e-01 -4.7738077320121329e-02 0.0000000000000000e+00 1
-1.3271128203849897e-01 -4.9955051951159381e-02 0.0000000000000000e+00 1
-1.3451560907720575e-01 -4.2333948233076325e-02 0.0000000000000000e+00 1
-1.2701125888680045e-01 -4.4566878433450322e-02 0.0000000000000000e+00 1
-1.7088866870190533e-01 -5.9006649734446345e-02 0.0000000000000000e+00 1
-1.7116843236626691e-01 -8.5432413631905735e-02 0.0000000000000000e+00 1
-1.2882056867063327e-01 -3.6919722553013783e-02 0.0000000000000000e+00 1
-1.2130153192474853e-01 -3.9159200212084140e-02 0.0000000000000000e+00 1
-1.3658511229667120e-01 -6.2935949627787008e-02 0.0000000000000000e+00 1
-1.4240466868563381e-01 -6.8268629278683657e-02 0.0000000000000000e+00 1
-1.2313219464443045e-01 -3.1499151864359823e-02 0.0000000000000000e+00 1
-1.1553840440007598e-01 -3.3674926352320868e-02 0.0000000000000000e+00 1
-1.1368454162479533e-01 -4.1471160267095450e-02 0.0000000000000000e+00 1
-1.0787760938690941e-01 -3.5936370157117904e-02 0.0000000000000000e+00 1
-1.0977389625020836e-01 -2.8143460417977349e-02 0.0000000000000000e+00 1
-1.0212126517623556e-01 -3.0354041199401646e-02 0.0000000000000000e+00 1
5.3344566880647468e-02 1.1633268563334118e-02 0.0000000000000000e+00 1
4.6644939221502237e-02 5.0956421758265114e-03 0.0000000000000000e+00 1
-2.6370309065312653e-02 -5.1932015102227572e-02 0.0000000000000000e+00 1
1.4673883368704399e-01 6.6888846303820970e-02 0.0000000000000000e+00 1
3.6107770783818053e-03 5.2647709676735363e-02 0.0000000000000000e+00 1
5.1209052791161107e-03 4.7597476542840120e-02 0.0000000000000000e+00 1
9.9482984548177611e-03 4.6093841264062498e-02 0.0000000000000000e+00 1
6.1779604205847213e-03 4.2287228354190111e-02 0.0000000000000000e+00 1
9.0119005533255804e-04 4.4596110965148712e-02 0.0000000000000000e+00 1
2.2168639577068027e-03 3.8686949448893566e-02 0.0000000000000000e+00 1
-2.9633421383170010e-03 4.0158998505325755e-02 0.0000000000000000e+00 1
-1.6747905958587857e-03 3.4888120047123689e-02 0.0000000000000000e+00 1
-6.8433892182664623e-03 3.6320711386843847e-02 0.0000000000000000e+00 1
-6.1843933248981423e-02 -1.0742211209182476e-01 0.0000000000000000e+00 1
-7.1909781438287926e-02 -1.0405083346967949e-01 0.0000000000000000e+00 1
-1.6007661662677264e-01 -4.8738419967436317e-02 0.0000000000000000e+00 1
-1.2154097015960378e-02 -2.9440365609774963e-02 0.0000000000000000e+00 1
3.1167583174046908e-02 -3.4346999266755898e-02 0.0000000000000000e+00 1
3.8439884215984696e-02 -2.7584828007582954e-02 0.0000000000000000e+00 1
-3.6232773253913372e-02 1.1896208107982026e-02 0.0000000000000000e+00 1
-1.4194259604831949e-01 -4.0282594179115387e-02 0.0000000000000000e+00 1
-5.0083981147931889e-02 -7.2609912862284312e-02 0.0000000000000000e+00 1
-1.5952868662181846e-01 -1.8418108575604714e-01 0.0000000000000000e+00 1
1.6996793517873524e-01 9.1258745107029762e-02 0.0000000000000000e+00 1
-6.5892169626887473e-02 -8.6626334917798961e-02 0.0000000000000000e+00 1
-1.9873207971074741e-01 -7.6900970051286127e-02 0.0000000000000000e+00 1
-2.0584799219716848e-01 -2.1067693265096138e-01 0.0000000000000000e+00 1
2.1223486684638988e-02 5.7834609360807851e-02 0.0000000000000000e+00 1
-7.0134847134723968e-02 -1.1421135147091091e-01 0.0000000000000000e+00 1
-7.9998381239073005e-02 -1.1115509605272231e-01 0.0000000000000000e+00 1
-7.8061781921740236e-02 -1.2142573267857848e-01 0.0000000000000000e+00 1
-8.7976285353983621e-02 -1.1819918425945325e-01 0.0000000000000000e+00 1
-8.9941914119096092e-02 -1.0791826909807076e-01 0.0000000000000000e+00 1
-9.7861583712487016e-02 -1.1485135001286967e-01 0.0000000000000000e+00 1
-9.5846525852334510e-02 -1.2501554006477092e-01 0.0000000000000000e+00 1
-1.0571123638679354e-01 -1.2166657879519335e-01 0.0000000000000000e+00 1
-1.0371409835221407e-01 -1.3172242695636663e-01 0.0000000000000000e+00 1
-1.1345480989737899e-01 -1.2836222590391505e-01 0.0000000000000000e+00 1
-1.1152694683346351e-01 -1.3841223113690920e-01 0.0000000000000000e+00 1
-1.2117908577817839e-01 -1.3500655808087886e-01 0.0000000000000000e+00 1
-1.1931245402282831e-01 -1.4510212972822376e-01 0.0000000000000000e+00 1
-1.2895435626369914e-01 -1.4169061450934800e-01 0.0000000000000000e+00 1
-1.2721265736469792e-01 -1.5165618101584027e-01 0.0000000000000000e+00 1
-1.3623830034781748e-01 -1.4825864977904124e-01 0.0000000000000000e+00 1
-1.0399651960494873e-01 -2.2582360586231198e-02 0.0000000000000000e+00 1
-9.6407210561163789e-02 -2.4792288534913998e-02 0.0000000000000000e+00 1
5.5757281621952405e-02 8.5712885760820895e-02 0.0000000000000000e+00 1
6.4056582364606748e-02 8.4160936549556670e-02 0.0000000000000000e+00 1
8.2579523626750015e-02 3.8432147704925163e-03 0.0000000000000000e+00 1
9.0055931520662852e-02 1.1476899874358626e-02 0.0000000000000000e+00 1
1.3127231911436529e-01 5.0617242240371188e-02 0.0000000000000000e+00 1
-2.0383432552659375e-01 -8.1307433014627895e-02 0.0000000000000000e+00 1
-1.3491623228307550e-01 -1.5845205170809679e-01 0.0000000000000000e+00 1
-1.2524110627075510e-01 -5.2264672629315376e-02 0.0000000000000000e+00 1
1.3269617154995059e-02 6.9227573600972467e-02 0.0000000000000000e+00 1
4.2295834557669137e-02 8.0849572563718705e-02 0.0000000000000000e+00 1
2.2014954602387096e-01 1.3130053209805148e-01 0.0000000000000000e+00 1
-4.5139934247495064e-03 4.5059381135089734e-02 0.0000000000000000e+00 1
-1.9375649329313741e-01 -7.2475801511916293e-02 0.0000000000000000e+00 1
-2.0193600392136246e-01 -9.5712587159659093e-02 0.0000000000000000e+00 1
1.1510328697802332e-02 4.0809210956994107e-02 0.0000000000000000e+00 1
1.9692857342679632e-01 1.0558406554205163e-01 0.0000000000000000e+00 1
-5.4148150761826871e-02 5.8102789198438776e-03 0.0000000000000000e+00 1
-6.0997892055753788e-02 2.1006048170951960e-03 0.0000000000000000e+00 1
-4.3553137243449109e-03 -6.8545048326040997e-02 0.0000000000000000e+00 1
-2.2980247188464667e-01 -2.1011286657125641e-01 0.0000000000000000e+00 1
-2.2834262067469457e-01 -2.1863712302511878e-01 0.0000000000000000e+00 1
-9.8204557154866770e-02 -1.7050098674757035e-02 0.0000000000000000e+00 1
-9.0658080033232225e-02 -1.9236710416275157e-02 0.0000000000000000e+00 1
-8.8758208453593737e-02 -2.6991117143609487e-02 0.0000000000000000e+00 1
-8.3072369564407278e-02 -2.1386160984329744e-02 0.0000000000000000e+00 1
-8.4998925865045274e-02 -1.3725699984015440e-02 0.0000000000000000e+00 1
-7.7459808804001468e-02 -1.5802694942705024e-02 0.0000000000000000e+00 1
-2.1249891912711252e-01 -1.2227593766539674e-01 0.0000000000000000e+00 1
-1.8049024157273186e-01 -1.0335634189454720e-01 0.0000000000000000e+00 1
1.5962484602643406e-01 1.2415618918967838e-01 0.0000000000000000e+00 1
1.6737317829781578e-01 1.3250468688277520e-01 0.0000000000000000e+00 1
2.2780309078263536e-01 1.3967396699459494e-01 0.0000000000000000e+00 1
2.2438517299452068e-01 1.5038920389541705e-01 0.0000000000000000e+00 1
2.3527816208830013e-01 1.4800950565265170e-01 0.0000000000000000e+00 1
2.3195990204156958e-01 1.5851993885035837e-01 0.0000000000000000e+00 1
2.4275864337083103e-01 1.5613003451706742e-01 0.0000000000000000e+00 1
-1.5475352968716682e-01 -4.3768153144305405e-02 0.0000000000000000e+00 1
3.2963301448227011e-02 4.9275632333508970e-02 0.0000000000000000e+00 1
1.0404118800194938e-02 -5.4524481290912342e-02 0.0000000000000000e+00 1
-1.6167339090520821e-01 -4.1667609649537925e-02 0.0000000000000000e+00 1
6.6230691378410853e-02 7.5011630312178598e-02 0.0000000000000000e+00 1
7.2598229416793919e-02 8.2368488497160289e-02 0.0000000000000000e+00 1
6.9900378093637416e-02 9.0880953565400185e-02 0.0000000000000000e+00 1
7.8725725734041352e-02 8.9232412668430003e-02 0.0000000000000000e+00 1
7.5940304001736236e-02 9.8133355501351383e-02 0.0000000000000000e+00 1
8.5075547787784159e-02 9.6243466411397888e-02 0.0000000000000000e+00 1
-2.0663488709933076e-01 -1.5848137720505123e-01 0.0000000000000000e+00 1
-2.1374838703772464e-01 -1.6453986952229172e-01 0.0000000000000000e+00 1
-2.1543341628819251e-01 -1.5539007763381424e-01 0.0000000000000000e+00 1
-7.9459722935981275e-02 -8.2596167434089117e-03 0.0000000000000000e+00 1
-7.1751208922016640e-02 -1.0066235082533088e-02 0.0000000000000000e+00 1
-1.0174516553679452e-01 -1.4189448102958474e-01 0.0000000000000000e+00 1
1.8676483259339224e-01 1.4047375343592280e-01 0.0000000000000000e+00 1
-5.5590421170889550e-03 3.1153199335465894e-02 0.0000000000000000e+00 1
-2.0597408457858889e-04 2.9489783136179674e-02 0.0000000000000000e+00 1
3.5700069530723980e-02 -1.7789033333575503e-02 0.0000000000000000e+00 1
-1.1750323324387341e-01 -1.5523578731709264e-01 0.0000000000000000e+00 1
-2.3625582867271411e-01 -2.1576285385760521e-01 0.0000000000000000e+00 1
-2.3492451397148487e-01 -2.2401564326172263e-01 0.0000000000000000e+00 1
-1.6711572238023878e-01 -4.6892670555545302e-02 0.0000000000000000e+00 1
-1.7469828890402131e-01 -9.8060693825012035e-02 0.0000000000000000e+00 1
1.6220457773468339e-01 8.2930826271504804e-02 0.0000000000000000e+00 1
1.7336340982503196e-01 8.0288942128393104e-02 0.0000000000000000e+00 1
9.3166573446819223e-02 5.7143469981390496e-04 0.0000000000000000e+00 1
4.4570716335624164e-02 1.4097956832189246e-02 0.0000000000000000e+00 1
-1.5605751005103352e-01 -1.5827818081060374e-01 0.0000000000000000e+00 1
-5.8358812540341851e-02 -5.8459171425410614e-03 0.0000000000000000e+00 1
-3.1848899953951286e-02 2.1228040110239235e-02 0.0000000000000000e+00 1
6.7991353137418012e-02 -1.0446858096637479e-02 0.0000000000000000e+00 1
6.0717431493933188e-02 -1.7392522877005892e-02 0.0000000000000000e+00 1
1.5156844636590209e-02 4.5466138726385177e-02 0.0000000000000000e+00 1
-2.2235758049793644e-01 -1.6135094896275032e-01 0.0000000000000000e+00 1
-2.0631107520478052e-02 -8.2777420294449067e-02 0.0000000000000000e+00 1
1.1275415971789575e-03 -8.8564522681926720e-03 0.0000000000000000e+00 1
2.3952550664951361e-01 1.6642854293817116e-01 0.0000000000000000e+00 1
2.5005282389171957e-01 1.6415492939502360e-01 0.0000000000000000e+00 1
2.4688441333915057e-01 1.7425129894033456e-01 0.0000000000000000e+00 1
2.5706810078118730e-01 1.7207459164614139e-01 0.0000000000000000e+00 1
3.8476855651891149e-02 8.1413184345510287e-03 0.0000000000000000e+00 1
-2.3096893304255454e-02 -1.8110788716059228e-02 0.0000000000000000e+00 1
-1.7456879679119540e-02 -1.2565533180451980e-02 0.0000000000000000e+00 1
-1.9497568086718563e-02 -5.0019757225490237e-03 0.0000000000000000e+00 1
-2.2414101283652715e-01 -1.5210411143723701e-01 0.0000000000000000e+00 1
-1.0680325104357334e-02 3.2724526247788231e-02 0.0000000000000000e+00 1
-1.1752985998811348e-02 3.7756042875522824e-02 0.0000000000000000e+00 1
-1.8939865922273685e-01 -1.2255668385632086e-01 0.0000000000000000e+00 1
5.7145667883459258e-03 6.1400983774322807e-02 0.0000000000000000e+00 1
-1.0601780917298964e-01 -4.3765777477917996e-02 0.0000000000000000e+00 1
-1.1189465944421249e-01 -4.9448488076353297e-02 0.0000000000000000e+00 1
2.4143411723149075e-02 -4.1839134816668240e-02 0.0000000000000000e+00 1
-1.9982162933706521e-01 -7.0427021696330416e-02 0.0000000000000000e+00 1
-1.9517717690748818e-01 -6.6120457996747789e-02 0.0000000000000000e+00 1
5.1040126681697398e-02 2.0351183502558021e-02 0.0000000000000000e+00 1
-2.2698976562727552e-01 -2.2700685208327401e-01 0.0000000000000000e+00 1
-2.3353810440794992e-01 -2.3210678390911280e-01 0.0000000000000000e+00 1
-1.3068122388654599e-01 -2.9541505626952725e-02 0.0000000000000000e+00 1
1.4991703640858334e-01 5.6158313715883861e-02 0.0000000000000000e+00 1
3.9895476689053848e-02 -1.0765944110087845e-03 0.0000000000000000e+00 1
-4.8721836640279889e-02 1.0117957070986281e-02 0.0000000000000000e+00 1
1.8881697743122028e-01 9.7304908671046200e-02 0.0000000000000000e+00 1
-1.3828312518862768e-01 -1.3865427207115688e-01 0.0000000000000000e+00 1
-7.3951436438896817e-02 -2.8909617677164564e-03 0.0000000000000000e+00 1
-1.7285595821099278e-01 -1.0567803173184737e-01 0.0000000000000000e+00 1
-1.6709870799468443e-01 -1.0046678164509945e-01 0.0000000000000000e+00 1
-1.3494280806553705e-01 -7.0573830382967467e-02 0.0000000000000000e+00 1
-1.2899490315914119e-01 -6.5261255518151956e-02 0.0000000000000000e+00 1
-5.5160918638423276e-02 1.2504388719313047e-02 0.0000000000000000e+00 1
2.5406628688395211e-01 1.8188548034274560e-01 0.0000000000000000e+00 1
2.6416711024861761e-01 1.7960209046267797e-01 0.0000000000000000e+00 1
4.0330148710802094e-02 -3.8319695896879460e-02 0.0000000000000000e+00 1
-5.9013422552401773e-02 -1.1864184519351231e-01 0.0000000000000000e+00 1
-1.1182536669105239e-01 -2.0794537735871397e-02 0.0000000000000000e+00 1
-1.4090688359038675e-01 -7.6058483826946077e-02 0.0000000000000000e+00 1
-1.4440425724304906e-01 -1.4524440158871502e-01 0.0000000000000000e+00 1
-1.6730003738819280e-01 -1.9021509448267826e-01 0.0000000000000000e+00 1
4.7781937540335183e-02 -3.0334590355123370e-02 0.0000000000000000e+00 1
-1.8511530410794849e-01 -1.8329497505701167e-01 0.0000000000000000e+00 1
-1.8332330721370471e-01 -1.9294502370114708e-01 0.0000000000000000e+00 1
-1.9071009977211145e-01 -1.9926078143085238e-01 0.0000000000000000e+00 1
-1.8164258841551742e-01 -2.0272567112241630e-01 0.0000000000000000e+00 1
2.2972192369716982e-01 1.6817220539806604e-01 0.0000000000000000e+00 1
-3.5528561642010535e-02 -9.6831209179519373e-02 0.0000000000000000e+00 1
1.6564399136745053e-01 7.2456233195969721e-02 0.0000000000000000e+00 1
-2.0439490788228390e-01 -2.1974451909932424e-01 0.0000000000000000e+00 1
-6.9947586188074132e-02 -1.7788734440995723e-02 0.0000000000000000e+00 1
2.0062690296659819e-01 9.5418495628848368e-02 0.0000000000000000e+00 1
-1.2515115006416810e-01 -2.4515646407950217e-02 0.0000000000000000e+00 1
1.2081281774897573e-01 5.3558480529825848e-02 0.0000000000000000e+00 1
1.2340787996773542e-01 4.2675493756963834e-02 0.0000000000000000e+00 1
-9.9550338982674805e-02 -1.0524036279113383e-01 0.0000000000000000e+00 1
-9.1633042005473481e-02 -9.8002460046326456e-02 0.0000000000000000e+00 1
-1.2280007458370479e-01 -1.2576671060187528e-01 0.0000000000000000e+00 1
-1.0423592607072851e-01 -5.1717266694300879e-02 0.0000000000000000e+00 1
7.0547340253813540e-02 -2.0804990091006524e-02 0.0000000000000000e+00 1
-1.4814369738275035e-01 -7.3486112152493788e-02 0.0000000000000000e+00 1
-1.4687608602282790e-01 -8.1206380897022409e-02 0.0000000000000000e+00 1
1.6981762202087941e-02 4.0028261964719383e-02 0.0000000000000000e+00 1
3.1074320472722940e-02 5.9310286327797904e-02 0.0000000000000000e+00 1
-1.5755462328617353e-01 -1.9470875343256433e-01 0.0000000000000000e+00 1
-1.2751606910526544e-01 -7.2666718998570523e-02 0.0000000000000000e+00 1
5.1266791792316316e-02 -1.3822919074398943e-02 0.0000000000000000e+00 1
6.3565139142783972e-02 -2.7339603634560186e-02 0.0000000000000000e+00 1
1.7707002915490952e-01 7.0426160531945739e-02 0.0000000000000000e+00 1
-4.3631048023196469e-03 2.5560893036293799e-02 0.0000000000000000e+00 1
1.2957049530583670e-03 2.3840965293101510e-02 0.0000000000000000e+00 1
-1.1850181608753639e-02 -7.1156185705037872e-03 0.0000000000000000e+00 1
3.0814665230175065e-02 2.1083822277746917e-03 0.0000000000000000e+00 1
-1.8842507953510146e-01 -2.1106910249539557e-01 0.0000000000000000e+00 1
-2.1126552242832214e-01 -2.2540008002989909e-01 0.0000000000000000e+00 1
1.0125498536901929e-01 8.7301648859855769e-03 0.0000000000000000e+00 1
9.7856185118668948e-02 1.9255917260624957e-02 0.0000000000000000e+00 1
1.0879753800613995e-01 1.6771848929922298e-02 0.0000000000000000e+00 1
1.0540320192001035e-01 2.7467232106564439e-02 0.0000000000000000e+00 1
1.1622497797357320e-01 2.4302904133861207e-02 0.0000000000000000e+00 1
8.2399719659090445e-02 7.9183618938073783e-02 0.0000000000000000e+00 1
-9.9786226162303315e-02 -9.5783979719310602e-02 0.0000000000000000e+00 1
4.2519766442853345e-02 2.3421980844644856e-02 0.0000000000000000e+00 1
-1.4686908473188323e-01 -1.3598549660527168e-01 0.0000000000000000e+00 1
8.1899700667532382e-02 1.0486827996351968e-01 0.0000000000000000e+00 1
9.1543613247428823e-02 1.0298164548364022e-01 0.0000000000000000e+00 1
9.5359806772383759e-02 9.4732782981765434e-02 0.0000000000000000e+00 1
1.0176050341569244e-01 1.0184565063548406e-01 0.0000000000000000e+00 1
9.6908372446507671e-02 1.1198379321633520e-01 0.0000000000000000e+00 1
1.0824642522553347e-01 1.0946023885345443e-01 0.0000000000000000e+00 1
1.0584724450246416e-01 1.1897828400964783e-01 0.0000000000000000e+00 1
1.1630348048210271e-01 1.1640369674790654e-01 0.0000000000000000e+00 1
1.1271751464122157e-01 1.0048082992971193e-01 0.0000000000000000e+00 1
7.3236807654805891e-02 1.0774414992186034e-01 0.0000000000000000e+00 1
-1.4967352345976156e-01 -1.8745316754599922e-01 0.0000000000000000e+00 1
2.7009904658691620e-02 5.0399709689665631e-02 0.0000000000000000e+00 1
-8.6672423573468896e-02 -6.7127348885651474e-03 0.0000000000000000e+00 1
-8.0931037461583047e-02 -2.9206896525191043e-02 0.0000000000000000e+00 1
-8.6693678327633611e-02 -3.4920577489091317e-02 0.0000000000000000e+00 1
-2.4239606687781026e-01 -2.2173141318682466e-01 0.0000000000000000e+00 1
-1.6561862368244917e-01 -1.0779000429676962e-01 0.0000000000000000e+00 1
-1.7925152479584258e-01 -2.1091408291791036e-01 0.0000000000000000e+00 1
-2.2591686191338828e-01 -2.3515716435596559e-01 0.0000000000000000e+00 1
-1.7809361119341929e-01 -1.1090226039388631e-01 0.0000000000000000e+00 1
2.6067281590081187e-01 1.6194340336096660e-01 0.0000000000000000e+00 1
1.0500095838688817e-01 -3.1248637602160059e-03 0.0000000000000000e+00 1
-2.3812662677564816e-01 -2.0757250335066085e-01 0.0000000000000000e+00 1
2.4629446183873127e-01 1.4574009839989754e-01 0.0000000000000000e+00 1
8.5529458933865654e-02 -7.2217550356638207e-03 0.0000000000000000e+00 1
-1.5645976633880068e-01 -3.6619786791839665e-02 0.0000000000000000e+00 1
-1.6333631023762291e-01 -3.5144657861232990e-02 0.0000000000000000e+00 1
-1.5109654223491664e-01 -3.1647716282313110e-02 0.0000000000000000e+00 1
-8.0769466403002484e-03 4.1267513308518695e-02 0.0000000000000000e+00 1
-1.3072024611165361e-02 4.3108055403868042e-02 0.0000000000000000e+00 1
-9.0252399393916539e-03 4.5779075592990812e-02 0.0000000000000000e+00 1
-6.0395803136884885e-03 4.9140003312334188e-02 0.0000000000000000e+00 1
-1.9811680037036478e-03 4.9282446658095017e-02 0.0000000000000000e+00 1
-1.6384329018644360e-02 3.9489673739805109e-02 0.0000000000000000e+00 1
-4.1759324174935374e-03 5.3006600700439083e-02 0.0000000000000000e+00 1
1.3419474504570628e-01 3.9956481332976912e-02 0.0000000000000000e+00 1
-6.6456155734328060e-02 -4.2842249155717127e-03 0.0000000000000000e+00 1
-6.9420192768120254e-02 2.6591712689380525e-03 0.0000000000000000e+00 1
-6.4555726581242534e-02 -1.1875983735374844e-02 0.0000000000000000e+00 1
9.5791210588957940e-03 6.5524152968878910e-02 0.0000000000000000e+00 1
8.2825450482690074e-03 7.0329757108494304e-02 0.0000000000000000e+00 1
1.1693371413399659e-02 7.4826710841893310e-02 0.0000000000000000e+00 1
3.2167184745174154e-01 2.1499776323883341e-01 0.0000000000000000e+00 1
3.1817578804880886e-01 2.1522813432730625e-01 0.0000000000000000e+00 1
3.1601494730814389e-01 2.1154527202909379e-01 0.0000000000000000e+00 1
-9.8113992105122883e-03 -1.3881804229028271e-02 0.0000000000000000e+00 1
-2.0268837663412348e-01 -8.7929195281040082e-02 0.0000000000000000e+00 1
-2.0901117051410428e-01 -8.5626962278279428e-02 0.0000000000000000e+00 1
3.0467431396180389e-01 1.9671754172922823e-01 0.0000000000000000e+00 1
2.9517162730307778e-01 1.9798553215825024e-01 0.0000000000000000e+00 1
2.8940551167738937e-01 1.9083165187735907e-01 0.0000000000000000e+00 1
3.0258019497142069e-01 2.0425298790868940e-01 0.0000000000000000e+00 1
2.8654547941244346e-01 1.9916563036777055e-01 0.0000000000000000e+00 1
2.8032032907742765e-01 1.9276720709052222e-01 0.0000000000000000e+00 1
2.3119549193077910e-01 1.2893215937813593e-01 0.0000000000000000e+00 1
2.2364262977937430e-01 1.2057583134565876e-01 0.0000000000000000e+00 1
-1.4503696278122433e-01 -1.6162884844271305e-01 0.0000000000000000e+00 1
-1.4437334798890331e-01 -1.7230903388098689e-01 0.0000000000000000e+00 1
3.2003030164350757e-02 9.3489711684653615e-02 0.0000000000000000e+00 1
3.7085016367584753e-02 9.0417352769618431e-02 0.0000000000000000e+00 1
3.1559876398582758e-02 8.7711279789775665e-02 0.0000000000000000e+00 1
4.3519287271516063e-02 9.2571596167262918e-02 0.0000000000000000e+00 1
2.6458620503376069e-02 9.0756411720627553e-02 0.0000000000000000e+00 1
2.6274119836067443e-02 8.4926333091011011e-02 0.0000000000000000e+00 1
3.3166789510045452e-02 -7.7150140987860046e-03 0.0000000000000000e+00 1
1.1456443768605007e-01 3.5033543559510813e-02 0.0000000000000000e+00 1
2.4565914509305379e-03 5.7536113887566645e-02 0.0000000000000000e+00 1
-1.5593740611344629e-02 3.4259406304029905e-02 0.0000000000000000e+00 1
-1.4728129731288220e-02 2.9535843801144726e-02 0.0000000000000000e+00 1
2.1682997061102886e-02 1.2629286302292587e-03 0.0000000000000000e+00 1
2.5986207990545102e-02 8.9674853281156604e-03 0.0000000000000000e+00 1
1.0204000297784255e-01 3.8416594813372562e-02 0.0000000000000000e+00 1
1.5607444168069218e-01 1.3522637559167239e-01 0.0000000000000000e+00 1
1.4716592027474742e-01 1.2517258253559610e-01 0.0000000000000000e+00 1
1.6306261924105214e-01 1.4230051702103635e-01 0.0000000000000000e+00 1
-1.8911211473366740e-01 -6.7966126210486852e-02 0.0000000000000000e+00 1
-1.9059234235077463e-01 -6.1712457040644854e-02 0.0000000000000000e+00 1
-1.9689625060382490e-01 -6.0241947239914731e-02 0.0000000000000000e+00 1
-1.9234819589017618e-01 -5.5285609147540750e-02 0.0000000000000000e+00 1
-1.8628138758172291e-01 -5.7423672981076437e-02 0.0000000000000000e+00 1
-1.5354925223711785e-02 4.6664725032937858e-02 0.0000000000000000e+00 1
2.5437721854272025e-02 7.6329155620486366e-02 0.0000000000000000e+00 1
2.0451424868591202e-02 7.7327740585496851e-02 0.0000000000000000e+00 1
1.6978995714962423e-02 7.3368956693387971e-02 0.0000000000000000e+00 1
1.5669788218546303e-02 7.8154601771079552e-02 0.0000000000000000e+00 1
1.8994162218436431e-02 8.1609081373745396e-02 0.0000000000000000e+00 1
1.4421989918519854e-02 8.2685083459560271e-02 0.0000000000000000e+00 1
-2.1074172418989331e-01 -7.8454288413253123e-02 0.0000000000000000e+00 1
-2.1445774610800933e-01 -8.3594445247470450e-02 0.0000000000000000e+00 1
-2.1409121661549282e-01 -8.8955816617654199e-02 0.0000000000000000e+00 1
-2.0489906357327567e-01 -7.4643586092125722e-02 0.0000000000000000e+00 1
5.2307539807161102e-02 1.0261806182415242e-01 0.0000000000000000e+00 1
5.8611685696783433e-02 9.8665431145658802e-02 0.0000000000000000e+00 1
5.2044432780938565e-02 9.3850786153991728e-02 0.0000000000000000e+00 1
-2.1708557844813142e-01 -1.4635491802630868e-01 0.0000000000000000e+00 1
-2.2593471452342934e-01 -1.4270356772177145e-01 0.0000000000000000e+00 1
-2.1872762934004436e-01 -1.3719487528330468e-01 0.0000000000000000e+00 1
3.1366174550063478e-02 8.2090082504104364e-02 0.0000000000000000e+00 1
-3.3836526321251829e-02 3.0362149364364190e-02 0.0000000000000000e+00 1
6.0219382249703170e-02 1.8280654032760798e-02 0.0000000000000000e+00 1
5.7514521243203900e-02 2.8040320086620364e-02 0.0000000000000000e+00 1
-4.2500901371101546e-03 1.9211940907001956e-02 0.0000000000000000e+00 1
2.4373199090009690e-01 1.8362939592942301e-01 0.0000000000000000e+00 1
-5.7923871347136516e-02 -7.9650223437423368e-02 0.0000000000000000e+00 1
-5.9552058753056893e-02 -7.0000831020362808e-02 0.0000000000000000e+00 1
-5.1908859218509476e-02 -6.2843696469415983e-02 0.0000000000000000e+00 1
-6.1636361286721009e-02 -6.0478155952208477e-02 0.0000000000000000e+00 1
-6.7258056082088180e-02 -7.6931617458160545e-02 0.0000000000000000e+00 1
-7.5132957754055735e-02 -8.3688583462183955e-02 0.0000000000000000e+00 1
-7.6147647202414584e-02 -7.3904627539635045e-02 0.0000000000000000e+00 1
-4.2539838558147441e-02 -6.5782262559639509e-02 0.0000000000000000e+00 1
-4.3693780652769784e-02 -5.5574745121225684e-02 0.0000000000000000e+00 1
-3.4186275397883770e-02 -5.8742660116082486e-02 0.0000000000000000e+00 1
-3.5535821063990163e-02 -4.8659097677245661e-02 0.0000000000000000e+00 1
-2.8094562706296129e-02 -4.2803771079176330e-02 0.0000000000000000e+00 1
-3.7573655810721099e-02 -3.9163402390238022e-02 0.0000000000000000e+00 1
-1.8367693516765697e-02 -4.5529074823572088e-02 0.0000000000000000e+00 1
-2.1033637099744307e-02 -3.5769145102127482e-02 0.0000000000000000e+00 1
-2.4114738222729959e-01 -2.2917762928336510e-01 0.0000000000000000e+00 1
-2.3966740711784143e-01 -2.3632034538149493e-01 0.0000000000000000e+00 1
-2.3324219687972553e-01 -2.4075742492627186e-01 0.0000000000000000e+00 1
1.2494038879698266e-01 3.2167999995009001e-02 0.0000000000000000e+00 1
1.2624297706452120e-01 2.0432841208039881e-02 0.0000000000000000e+00 1
-8.1410678701262743e-02 -6.7751295256914055e-04 0.0000000000000000e+00 1
-1.3062759228855150e-01 -1.3258616016411739e-01 0.0000000000000000e+00 1
4.9032811179631486e-02 -5.2459799901010289e-02 0.0000000000000000e+00 1
9.6577816400596275e-02 -1.1573379971318312e-02 0.0000000000000000e+00 1
2.9248239851039354e-01 1.8200316120177823e-01 0.0000000000000000e+00 1
-2.0867497171039431e-01 -9.9978697701558067e-02 0.0000000000000000e+00 1
-2.1424833453330938e-01 -1.0616202276259362e-01 0.0000000000000000e+00 1
-2.1652871022094811e-01 -9.9570839851512244e-02 0.0000000000000000e+00 1
2.5082910877320519e-01 1.9200129173052150e-01 0.0000000000000000e+00 1
-1.7726626688168245e-01 -6.3702050380951572e-02 0.0000000000000000e+00 1
-1.7752089856070563e-01 -5.6357069594170250e-02 0.0000000000000000e+00 1
-1.7262898116288375e-01 -5.2169636567118705e-02 0.0000000000000000e+00 1
-1.7887756058790732e-01 -4.9914790119524301e-02 0.0000000000000000e+00 1
-1.7381483104484130e-01 -4.5091204181943623e-02 0.0000000000000000e+00 1
-1.8094606417411163e-01 -4.2680419096973787e-02 0.0000000000000000e+00 1
-1.6550536202584967e-01 -5.3973300144868730e-02 0.0000000000000000e+00 1
-4.1910767554640002e-02 7.8013832340819919e-03 0.0000000000000000e+00 1
-4.2687768974012573e-02 1.4753395091015208e-02 0.0000000000000000e+00 1
3.8180720923738365e-02 7.4726144997754346e-02 0.0000000000000000e+00 1
2.9544964520235105e-02 -6.8336776314643272e-02 0.0000000000000000e+00 1
2.6972519923698750e-02 -5.3700060527441786e-02 0.0000000000000000e+00 1
1.9119981916540449e-02 -6.4457189061338266e-02 0.0000000000000000e+00 1
8.9196080342195724e-03 -7.0668213227510587e-02 0.0000000000000000e+00 1
9.9523959526270755e-03 -8.3733973290856814e-02 0.0000000000000000e+00 1
3.7218722291996645e-02 -4.8841514240614087e-02 0.0000000000000000e+00 1
2.0852492239950873e-01 1.0393073012924364e-01 0.0000000000000000e+00 1
-7.3679192263761240e-02 -9.3577149250736819e-02 0.0000000000000000e+00 1
-8.3004798891890538e-02 -9.0762399665906102e-02 0.0000000000000000e+00 1
-8.1752917822090071e-02 -1.0074571614116271e-01 0.0000000000000000e+00 1
-2.4583693813624888e-01 -2.3421985679421559e-01 0.0000000000000000e+00 1
3.7008781079515600e-02 5.5657490117463501e-02 0.0000000000000000e+00 1
-2.1132865439013840e-01 -1.3113986419660434e-01 0.0000000000000000e+00 1
-2.1923323131364553e-01 -1.2812046254788109e-01 0.0000000000000000e+00 1
-2.2149696981182951e-01 -1.1965448671846171e-01 0.0000000000000000e+00 1
-2.2658050403679364e-01 -1.3369348049580687e-01 0.0000000000000000e+00 1
-2.3251668610427439e-01 -1.4888392788262053e-01 0.0000000000000000e+00 1
-9.2392065362675357e-02 -1.1875064563292514e-02 0.0000000000000000e+00 1
-9.9219941376489013e-02 -9.1340877769866494e-03 0.0000000000000000e+00 1
-1.0646119562215725e-01 -1.4142066518179452e-02 0.0000000000000000e+00 1
-1.1239818993132027e-01 -8.4835072409665604e-03 0.0000000000000000e+00 1
2.2456283612130146e-02 8.8189651336315733e-02 0.0000000000000000e+00 1
1.9473416088304871e-02 8.9582085772748399e-02 0.0000000000000000e+00 1
-2.2090612400844400e-01 -1.7078391762382311e-01 0.0000000000000000e+00 1
-2.2991557137029975e-01 -1.6763323627089510e-01 0.0000000000000000e+00 1
-1.1506163838164182e-01 -1.1891545003357024e-01 0.0000000000000000e+00 1
-1.0718833168185150e-01 -1.1221865149143281e-01 0.0000000000000000e+00 1
-1.3624405664381437e-01 -3.4786949800663242e-02 0.0000000000000000e+00 1
-1.3920619041132379e-01 -2.6989148900262643e-02 0.0000000000000000e+00 1
-1.0579190272711566e-02 5.2520561739111141e-02 0.0000000000000000e+00 1
5.5942405374198798e-03 2.8156485997628530e-02 0.0000000000000000e+00 1
-1.4552581889937621e-01 -9.6175611020054896e-02 0.0000000000000000e+00 1
-1.5330906575552022e-01 -9.2953439719005160e-02 0.0000000000000000e+00 1
-1.3863884392049680e-01 -9.0813636543109102e-02 0.0000000000000000e+00 1
-6.0852610664664797e-02 8.5881213221362541e-03 0.0000000000000000e+00 1
-1.9183749437860514e-01 -1.1415785410997212e-01 0.0000000000000000e+00 1
-4.4342956589665979e-02 2.4795850821845902e-02 0.0000000000000000e+00 1
-3.9382375934904970e-02 2.1756456020586661e-02 0.0000000000000000e+00 1
-2.3149101404075659e-01 -2.0121891835082584e-01 0.0000000000000000e+00 1
-2.3320340059029099e-01 -1.9258008063480606e-01 0.0000000000000000e+00 1
-2.3986819121780137e-01 -1.9934007203722071e-01 0.0000000000000000e+00 1
-2.2638463259166888e-01 -1.8644938740248740e-01 0.0000000000000000e+00 1
-2.2813034787312353e-01 -1.7715414041834748e-01 0.0000000000000000e+00 1
-2.3690558570228459e-01 -1.7430730961368654e-01 0.0000000000000000e+00 1
-1.4414861263477885e-01 -3.3374687156308647e-02 0.0000000000000000e+00 1
-9.5270745673536970e-03 -9.9204944397950620e-02 0.0000000000000000e+00 1
-2.1836506103997795e-02 -9.5097469390628409e-02 0.0000000000000000e+00 1
-1.2157282847511555e-01 -6.6768858748228396e-02 0.0000000000000000e+00 1
-6.5439857098473303e-02 -2.5059736650934097e-02 0.0000000000000000e+00 1
-1.1689304629464783e-01 -1.0893245909202426e-01 0.0000000000000000e+00 1
-2.0289391327818573e-01 -2.2906513249184041e-01 0.0000000000000000e+00 1
-2.2995714085765635e-02 3.9011063891315305e-02 0.0000000000000000e+00 1
-7.8372958615904098e-02 -3.7474975430076746e-02 0.0000000000000000e+00 1
-2.9136650809845045e-02 -1.1461409442853138e-01 0.0000000000000000e+00 1
-3.9737892251309866e-02 -1.0998116827040277e-01 0.0000000000000000e+00 1
-1.1097280166600954e-01 -5.7297028115406996e-02 0.0000000000000000e+00 1
3.0767812590941190e-01 2.1040827335114876e-01 0.0000000000000000e+00 1
3.0107493904829746e-01 2.1151044410210798e-01 0.0000000000000000e+00 1
-5.0614993328812405e-02 -1.2824611315346440e-01 0.0000000000000000e+00 1
-8.7943060359579078e-02 -1.5677837061850658e-01 0.0000000000000000e+00 1
-8.8971084025679645e-02 -1.4504019797140144e-01 0.0000000000000000e+00 1
-7.9954679209321727e-02 -1.3820214809904594e-01 0.0000000000000000e+00 1
-6.8973951579665016e-02 -1.4313207084937093e-01 0.0000000000000000e+00 1
-6.9741402948038433e-02 -1.3287413744017842e-01 0.0000000000000000e+00 1
-5.0953644660225318e-02 -1.5669633324280348e-02 0.0000000000000000e+00 1
2.6778239604829751e-01 1.6956097213763160e-01 0.0000000000000000e+00 1
2.7482043708257275e-01 1.7704410908134788e-01 0.0000000000000000e+00 1
2.7271750802554334e-01 1.8639891422961666e-01 0.0000000000000000e+00 1
-1.6852940169944047e-01 -4.0181314023812809e-02 0.0000000000000000e+00 1
2.6486294259772247e-01 1.5145642693209860e-01 0.0000000000000000e+00 1
2.5384751116680115e-01 1.5375065908665272e-01 0.0000000000000000e+00 1
-2.3502135034613689e-01 -1.8379804164576702e-01 0.0000000000000000e+00 1
-1.1750648886399286e-01 -2.6180501393142392e-02 0.0000000000000000e+00 1
-1.2020500439102727e-01 -1.8489958495241196e-02 0.0000000000000000e+00 1
-1.0713117060554285e-01 -1.7018234726443304e-01 0.0000000000000000e+00 1
-1.8081436023635644e-01 -1.2525934369150951e-01 0.0000000000000000e+00 1
-2.4120281501138688e-01 -1.9093305843977249e-01 0.0000000000000000e+00 1
-2.0825137484348410e-01 -1.4936495184058135e-01 0.0000000000000000e+00 1
7.5191539854496170e-02 5.6605952719799700e-02 0.0000000000000000e+00 1
7.2669482915408576e-02 6.6613093608156843e-02 0.0000000000000000e+00 1
-6.1002481933910092e-02 1.5858163464777947e-02 0.0000000000000000e+00 1
-2.2002032001890148e-01 -2.2180485999017779e-01 0.0000000000000000e+00 1
-1.6893165423306204e-02 2.1936448945134104e-02 0.0000000000000000e+00 1
8.7810246526347391e-02 7.1305130549227075e-02 0.0000000000000000e+00 1
-1.0702673467634705e-02 -3.8947247981281366e-02 0.0000000000000000e+00 1
-2.0709186947360056e-02 -2.6570812702403426e-02 0.0000000000000000e+00 1
-1.2634573786765624e-01 -1.8266056030056982e-01 0.0000000000000000e+00 1
-1.2634618061327285e-01 -1.7203576965353667e-01 0.0000000000000000e+00 1
-5.5308606439902364e-03 5.9131698385767789e-02 0.0000000000000000e+00 1
2.3888615615160580e-01 1.3756020425126542e-01 0.0000000000000000e+00 1
-2.0123341858894142e-01 -6.4278615306850168e-02 0.0000000000000000e+00 1
-1.4091179169812241e-02 2.7875163651618534e-04 0.0000000000000000e+00 1
-1.8737110403547957e-01 -1.3132914157538308e-01 0.0000000000000000e+00 1
2.1329977283278762e-01 1.5299796971520402e-01 0.0000000000000000e+00 1
2.0230534327654928e-01 1.5463952207865417e-01 0.0000000000000000e+00 1
2.1016767923339522e-01 1.6496179797223873e-01 0.0000000000000000e+00 1
1.9878152066200480e-01 1.6638137007097745e-01 0.0000000000000000e+00 1
2.0466567858926699e-01 1.1442955618375239e-01 0.0000000000000000e+00 1
-8.5880747751561057e-02 -1.2871618273056959e-01 0.0000000000000000e+00 1
-2.2392677468321459e-01 -9.9414083129812786e-02 0.0000000000000000e+00 1
-1.3561181373204448e-01 -1.7744084878227709e-01 0.0000000000000000e+00 1
-1.4753954962782734e-01 -4.5756239068577849e-02 0.0000000000000000e+00 1
6.9211842966275139e-02 4.9499766071725217e-02 0.0000000000000000e+00 1
-1.9942433365070583e-01 -1.5239412368996516e-01 0.0000000000000000e+00 1
1.3787239300690934e-01 1.4141945291939256e-01 0.0000000000000000e+00 1
1.2709344683353144e-01 1.3650888594685651e-01 0.0000000000000000e+00 1
1.2450006663354636e-01 1.2464846966770657e-01 0.0000000000000000e+00 1
1.2596836614736981e-01 1.1286155975465974e-01 0.0000000000000000e+00 1
1.3540860844543182e-01 1.1942014009309228e-01 0.0000000000000000e+00 1
-1.4932343276196830e-01 -3.8574862770410008e-02 0.0000000000000000e+00 1
-1.9986883397379157e-01 -1.9575768618238079e-01 0.0000000000000000e+00 1
4.7936189913628177e-02 8.6798575080354351e-02 0.0000000000000000e+00 1
1.7813580218621556e-03 -1.7631705456524528e-02 0.0000000000000000e+00 1
-1.2441646652817436e-03 -7.9443910835636025e-02 0.0000000000000000e+00 1
3.6551260867581328e-02 8.4573084289034539e-02 0.0000000000000000e+00 1
-2.2452434973014734e-01 -2.4372992392772341e-01 0.0000000000000000e+00 1
1.5282208707098485e-01 3.6767755322652404e-02 0.0000000000000000e+00 1
1.6170311951735999e-01 4.4756621992289886e-02 0.0000000000000000e+00 1
-2.4395632288998784e-01 -2.1374441665203589e-01 0.0000000000000000e+00 1
-7.2891478492095416e-02 9.2343914223139284e-03 0.0000000000000000e+00 1
2.2184884984362566e-01 1.8112853509133209e-01 0.0000000000000000e+00 1
-1.6550854501500684e-01 -1.5525632269124812e-01 0.0000000000000000e+00 1
-2.1212007961101914e-01 -1.7389787727823680e-01 0.0000000000000000e+00 1
2.7868125792365850e-01 1.6708603084657003e-01 0.0000000000000000e+00 1
2.5051039833940986e-01 1.3578059310700794e-01 0.0000000000000000e+00 1
2.2117014215446346e-01 1.6098134457213273e-01 0.0000000000000000e+00 1
-8.6254931057933915e-02 4.3811392713815275e-03 0.0000000000000000e+00 1
1.7016562148869088e-01 1.5695955353613955e-01 0.0000000000000000e+00 1
1.7897937525335120e-01 1.5011062132333308e-01 0.0000000000000000e+00 1
1.9026003218107229e-01 1.5499066486354951e-01 0.0000000000000000e+00 1
2.1235487667900982e-01 1.2293521299879692e-01 0.0000000000000000e+00 1
-2.1354677548677947e-01 -1.1416272602114481e-01 0.0000000000000000e+00 1
6.9561858685506777e-03 7.4949730523136526e-02 0.0000000000000000e+00 1
-2.2819520448465286e-01 -1.1372063997418859e-01 0.0000000000000000e+00 1
1.5196384010519839e-01 1.1556990740626952e-01 0.0000000000000000e+00 1
-1.9616865551258680e-01 -9.0871884850964743e-02 0.0000000000000000e+00 1
1.7870894264289078e-01 1.3017343559276759e-01 0.0000000000000000e+00 1
2.3409778301285676e-02 8.1043153593564787e-02 0.0000000000000000e+00 1
1.7774812464583495e-01 9.9692992543336481e-02 0.0000000000000000e+00 1
1.5111633983324185e-01 8.5533459377155230e-02 0.0000000000000000e+00 1
4.8943992568569544e-02 -4.1976240614808981e-03 0.0000000000000000e+00 1
-2.3747530123218086e-01 -2.4710096807807236e-01 0.0000000000000000e+00 1
-4.5083752696926528e-02 -4.6655448285960001e-02 0.0000000000000000e+00 1
2.3610302562517282e-01 1.1902427524538696e-01 0.0000000000000000e+00 1
-1.8707645198124381e-01 -7.4457995198513732e-02 0.0000000000000000e+00 1
-9.9361815390036357e-02 -1.4631393481815834e-03 0.0000000000000000e+00 1
-1.0012801631324178e-01 -3.8176103302960951e-02 0.0000000000000000e+00 1
4.0094278714286870e-02 4.8363094869542038e-02 0.0000000000000000e+00 1
3.2000449876669662e-01 2.1823082355590909e-01 0.0000000000000000e+00 1
3.1440068496466667e-01 2.1560026663222698e-01 0.0000000000000000e+00 1
2.8258880566075262e-01 1.8390215333299559e-01 0.0000000000000000e+00 1
2.7206022731725471e-01 1.9678691697400935e-01 0.0000000000000000e+00 1
1.8090560416202195e-01 8.8936863444259856e-02 0.0000000000000000e+00 1
-8.4653270817764650e-02 -4.3193585332250678e-02 0.0000000000000000e+00 1
-4.7470448345644686e-04 6.5810059172923235e-02 0.0000000000000000e+00 1
4.9812354473909443e-03 6.5960983579501961e-02 0.0000000000000000e+00 1
-7.5447213554803341e-02 -2.3398841764225853e-02 0.0000000000000000e+00 1
-1.8706327593259020e-01 -1.7398367810528681e-01 0.0000000000000000e+00 1
-1.2589098199786025e-01 -1.3224194831421992e-02 0.0000000000000000e+00 1
1.1773133797722897e-01 6.4311387925637897e-02 0.0000000000000000e+00 1
2.1432817047869351e-02 4.6127627920472619e-02 0.0000000000000000e+00 1
1.7172945892636945e-02 5.0672358313703175e-02 0.0000000000000000e+00 1
-2.2839210646562521e-02 1.3295996618789075e-03 0.0000000000000000e+00 1
-1.7483593335470629e-01 -1.5237833267804612e-01 0.0000000000000000e+00 1
2.4485180380004457e-02 9.4113262584493221e-02 0.0000000000000000e+00 1
1.4344074850991037e-01 7.7540281170716846e-02 0.0000000000000000e+00 1
8.7200281093892176e-02 2.1072931473827220e-02 0.0000000000000000e+00 1
-9.8158023023898130e-02 -1.5230862046796287e-01 0.0000000000000000e+00 1
-9.4431479234326848e-02 -3.2649023068304230e-02 0.0000000000000000e+00 1
-1.3885564853625937e-01 -1.9233788319086405e-02 0.0000000000000000e+00 1
-2.3962391783518600e-01 -1.6486222588118588e-01 0.0000000000000000e+00 1
-1.3092927686827377e-01 -5.7562931174641549e-02 0.0000000000000000e+00 1
3.6598932512726952e-02 1.6816554909101371e-02 0.0000000000000000e+00 1
-9.6141291104036210e-03 2.7539228529482981e-02 0.0000000000000000e+00 1
2.8399163900343394e-01 2.0696162471129020e-01 0.0000000000000000e+00 1
-1.1949625980387955e-01 -4.6795508447581076e-02 0.0000000000000000e+00 1
1.0005771934251964e-01 8.6143316700880934e-02 0.0000000000000000e+00 1
-5.5412493097690023e-02 1.8956758078875209e-02 0.0000000000000000e+00 1
1.3008261572101379e-03 6.1946139049809258e-02 0.0000000000000000e+00 1
-1.7672624842542811e-01 -9.0687726715634687e-02 0.0000000000000000e+00 1
-1.9816839260795788e-01 -2.0545425003905521e-01 0.0000000000000000e+00 1
-1.4966872554945854e-01 -6.5532280168872886e-02 0.0000000000000000e+00 1
7.4611757101154946e-03 3.7129994183544734e-02 0.0000000000000000e+00 1
-1.0927281780758119e-01 -1.4863322612021640e-01 0.0000000000000000e+00 1
-1.7570098419822447e-02 4.3809185442267209e-02 0.0000000000000000e+00 1
-9.3999338309511807e-02 -1.3509798574628779e-01 0.0000000000000000e+00 1
-8.6068636227567899e-02 -7.3652655974269607e-02 0.0000000000000000e+00 1
-1.5215663801508988e-01 -1.7780465522940217e-01 0.0000000000000000e+00 1
-1.3359361047022877e-01 -1.1549617662669118e-01 0.0000000000000000e+00 1
1.4188950395109448e-01 4.8222522645045209e-02 0.0000000000000000e+00 1
7.4995790450034003e-02 7.4770087977000424e-02 0.0000000000000000e+00 1
6.2974189368400782e-02 6.6062875225738962e-02 0.0000000000000000e+00 1
-5.1379994574736271e-02 -1.0958170666034490e-01 0.0000000000000000e+00 1
-1.0790421924532918e-01 -1.5927381666497484e-01 0.0000000000000000e+00 1
1.8451991700521830e-01 7.8495158986572347e-02 0.0000000000000000e+00 1
-1.6902818155477800e-01 -9.2825419819641597e-02 0.0000000000000000e+00 1
-1.6423385073733388e-01 -8.7378603415404960e-02 0.0000000000000000e+00 1
-2.0743643536028222e-01 -2.0153937698664762e-01 0.0000000000000000e+00 1
-1.5520945341342884e-01 -7.0505705876741334e-02 0.0000000000000000e+00 1
-1.1692279123269196e-01 -1.6572106004210962e-01 0.0000000000000000e+00 1
-1.6796079139928033e-01 -1.4622431545911149e-01 0.0000000000000000e+00 1
6.0589605016245482e-02 5.0415374419224251e-02 0.0000000000000000e+00 1
3.0690148548067303e-03 -6.1534853639001068e-02 0.0000000000000000e+00 1
6.6545663162124985e-02 5.8315864004131704e-02 0.0000000000000000e+00 1
2.2798520678720374e-01 1.1057287026581286e-01 0.0000000000000000e+00 1
-1.8607975991142811e-01 -1.0866699903816396e-01 0.0000000000000000e+00 1
-5.1819022115858544e-02 -8.2504321269819859e-03 0.0000000000000000e+00 1
1.5017059842800332e-02 -3.8466457427633320e-02 0.0000000000000000e+00 1
-1.8654785271505020e-02 2.6561043589858422e-02 0.0000000000000000e+00 1
-1.9514487554480823e-02 3.6473071381407832e-02 0.0000000000000000e+00 1
-1.2076680398590924e-02 -7.5857701226807489e-02 0.0000000000000000e+00 1
-4.4982283208556413e-02 -1.0799483684891753e-02 0.0000000000000000e+00 1
1.5443345302992573e-01 7.4972905680934496e-02 0.0000000000000000e+00 1
-2.8938584001664595e-02 -2.3486829378835949e-02 0.0000000000000000e+00 1
-1.1795511457623511e-01 -5.4695114653918978e-02 0.0000000000000000e+00 1
7.5297657563703962e-02 -3.4962156901040807e-03 0.0000000000000000e+00 1
-1.7803369284707365e-01 -1.7723485731884159e-01 0.0000000000000000e+00 1
-1.9737951329274767e-01 -2.1558775412984210e-01 0.0000000000000000e+00 1
-1.5295762809610959e-02 -2.0378373225193439e-02 0.0000000000000000e+00 1
-1.8447545344887703e-01 -6.3440031550332593e-02 0.0000000000000000e+00 1
-1.9924507758339990e-01 -5.4944273341924428e-02 0.0000000000000000e+00 1
-2.1893981107427163e-01 -2.3025164207774193e-01 0.0000000000000000e+00 1
2.5320467291078737e-02 6.1319145214048708e-02 0.0000000000000000e+00 1
8.8757470761741564e-02 8.7398263621425915e-02 0.0000000000000000e+00 1
-9.2480496574092783e-02 -4.0660010739847999e-02 0.0000000000000000e+00 1
8.4131306080433857e-02 3.0200816608361526e-02 0.0000000000000000e+00 1
-2.4915273973710383e-01 -2.1959536527569062e-01 0.0000000000000000e+00 1
2.2567097705872546e-03 1.7499639365900689e-02 0.0000000000000000e+00 1
2.6350385295201166e-02 -1.5772046853614611e-02 0.0000000000000000e+00 1
4.2196922263978948e-02 -1.0882438928713455e-02 0.0000000000000000e+00 1
-1.7800532235646260e-02 6.1544569450556171e-03 0.0000000000000000e+00 1
-6.0752925108976896e-02 -5.0880968963283701e-02 0.0000000000000000e+00 1
3.8354025570548019e-03 7.2596086252292538e-02 0.0000000000000000e+00 1
1.5763658809521752e-01 6.4750244514073685e-02 0.0000000000000000e+00 1
1.8261500207496680e-02 3.3693034817545139e-02 0.0000000000000000e+00 1
7.3813515579448416e-02 -3.1456961071698000e-02 0.0000000000000000e+00 1
4.4297796982231387e-02 1.0019251709681931e-01 0.0000000000000000e+00 1
-2.7223845729344789e-02 -3.3433700400192575e-03 0.0000000000000000e+00 1
2.3437501681342961e-02 3.9157740318711047e-02 0.0000000000000000e+00 1
-1.5888663006771658e-01 -1.4912036060689254e-01 0.0000000000000000e+00 1
1.3642252285090617e-01 1.3046051451098878e-01 0.0000000000000000e+00 1
2.5765486307264239e-04 -9.8820409626397586e-04 0.0000000000000000e+00 1
1.0624745140225387e-02 8.2264869090061934e-02 0.0000000000000000e+00 1
-2.0792627470271230e-01 -9.2229381010197772e-02 0.0000000000000000e+00 1
1.8346986401258581e-02 8.6265599114645666e-02 0.0000000000000000e+00 1
-1.5382949378140032e-01 -7.8152205275976910e-02 0.0000000000000000e+00 1
-1.6606105320082087e-01 -8.0346605418600781e-02 0.0000000000000000e+00 1
-3.0756134535797276e-02 1.5758105943907742e-02 0.0000000000000000e+00 1
1.1056315048709184e-01 5.6659823650922939e-02 0.0000000000000000e+00 1
-1.6056611582756464e-01 -9.5297304784070988e-02 0.0000000000000000e+00 1
-2.3077503842242594e-01 -1.5816213063276749e-01 0.0000000000000000e+00 1
5.5198304809169221e-02 6.6025395648732832e-02 0.0000000000000000e+00 1
9.6605900967561331e-02 1.2286787161999435e-01 0.0000000000000000e+00 1
7.9781983855679139e-02 1.1393367093544995e-01 0.0000000000000000e+00 1
1.8400952097591503e-02 8.3469101308249558e-03 0.0000000000000000e+00 1
-1.5185869620597822e-01 -2.5044379052897022e-02 0.0000000000000000e+00 1
2.1621907128714316e-01 1.1241867505787184e-01 0.0000000000000000e+00 1
3.6983122950767647e-03 3.3395484270049680e-02 0.0000000000000000e+00 1
1.1848743306384296e-01 9.2195306747346037e-02 0.0000000000000000e+00 1
2.6199994049279274e-01 1.8886025207884721e-01 0.0000000000000000e+00 1
-1.7627004982236869e-01 -1.8673774185490133e-01 0.0000000000000000e+00 1
-2.2056876198353353e-01 -1.1085223091388599e-01 0.0000000000000000e+00 1
2.3693504875111207e-01 1.7589021117639309e-01 0.0000000000000000e+00 1
-9.9478245156374556e-03 -8.6983708122765041e-02 0.0000000000000000e+00 1
3.3964504260604676e-02 2.3591178239571513e-02 0.0000000000000000e+00 1
-1.4559129861524622e-01 -1.9636255439774350e-01 0.0000000000000000e+00 1
-1.8471710661869128e-01 -4.8368107954773344e-02 0.0000000000000000e+00 1
-2.0534494881886611e-01 -6.8174147087649239e-02 0.0000000000000000e+00 1
-2.0985011855232349e-01 -7.1753134914209857e-02 0.0000000000000000e+00 1
-1.2365244897386232e-01 -5.9662789482404534e-02 0.0000000000000000e+00 1
-1.9585766033230739e-01 -5.0790100062160032e-02 0.0000000000000000e+00 1
6.7171601860723906e-02 1.0021388778332030e-01 0.0000000000000000e+00 1
-1.7270438624810108e-01 -2.0503801890086498e-01 0.0000000000000000e+00 1
7.4922971463648111e-03 2.2584188145192325e-02 0.0000000000000000e+00 1
-2.7291272051051502e-02 -3.0400761358543506e-02 0.0000000000000000e+00 1
-1.0053112824084262e-01 -8.6537033782622591e-02 0.0000000000000000e+00 1
-2.0683673779236939e-01 -6.2702913712490219e-02 0.0000000000000000e+00 1
-1.7467228463697804e-01 -1.9614533811387747e-01 0.0000000000000000e+00 1
-9.8457050562257495e-02 -4.6058201467344476e-02 0.0000000000000000e+00 1
-2.4725020841908860e-01 -1.9752376381067691e-01 0.0000000000000000e+00 1
-1.8456554217378116e-01 -1.1656530571473256e-01 0.0000000000000000e+00 1
-3.6098363201545747e-02 1.7220755591447222e-02 0.0000000000000000e+00 1
1.1782060160767767e-01 1.0806338295805987e-01 0.0000000000000000e+00 1
-2.4966020782384291e-01 -2.3832967142705058e-01 0.0000000000000000e+00 1
2.1259355672118674e-01 9.3795480860001418e-02 0.0000000000000000e+00 1
-4.9502860849384545e-02 1.6311409721285544e-02 0.0000000000000000e+00 1
-5.0452563818617572e-03 -6.3563820241361903e-03 0.0000000000000000e+00 1
-3.5092772149454436e-02 2.5540790934692793e-02 0.0000000000000000e+00 1
3.7772100061749955e-02 2.9079340801430920e-02 0.0000000000000000e+00 1
-2.4460658067599078e-01 -2.4017330215070454e-01 0.0000000000000000e+00 1
7.7748323275299652e-02 -1.4190083943510451e-02 0.0000000000000000e+00 1
1.7498967789227707e-01 1.3996105312912288e-01 0.0000000000000000e+00 1
-1.3228643219899239e-01 -2.2487450352429817e-02 0.0000000000000000e+00 1
1.7086580304154726e-02 -4.7877928906265667e-02 0.0000000000000000e+00 1
4.9490590860825676e-02 2.7739337863109097e-02 0.0000000000000000e+00 1
-1.6084813323360311e-01 -1.0298638784243962e-01 0.0000000000000000e+00 1
-1.5292350824444972e-01 -8.5258057232251563e-02 0.0000000000000000e+00 1
-1.2639787851194612e-01 -1.6192371688017504e-01 0.0000000000000000e+00 1
-1.4850365031831771e-03 5.8592853379416346e-02 0.0000000000000000e+00 1
-2.3350360382764873e-01 -1.2983390005372303e-01 0.0000000000000000e+00 1
-9.3074146481265441e-02 -4.6901081280137039e-03 0.0000000000000000e+00 1
-9.1899141407180862e-02 -8.9412530369271048e-02 0.0000000000000000e+00 1
2.9597038363379419e-01 2.0724168010884020e-01 0.0000000000000000e+00 1
2.0382763949991739e-01 8.5398432221497178e-02 0.0000000000000000e+00 1
9.5560624660423962e-02 2.8882311858240629e-02 0.0000000000000000e+00 1
1.1233120475695615e-01 4.6005623615587340e-02 0.0000000000000000e+00 1
1.6008160620115913e-01 1.5235304418855955e-01 0.0000000000000000e+00 1
-9.6930334821638209e-02 -5.4299688538292382e-02 0.0000000000000000e+00 1
-2.3606060799290551e-01 -2.5271072343290835e-01 0.0000000000000000e+00 1
2.6243993339288528e-02 5.5910387040030207e-02 0.0000000000000000e+00 1
-1.5275059736697533e-01 -2.0309539911940316e-01 0.0000000000000000e+00 1
-5.7774444726114323e-02 -1.3014358155347322e-02 0.0000000000000000e+00 1
3.1814902533862838e-01 2.0841573154969259e-01 0.0000000000000000e+00 1
-2.9209528424741650e-02 -8.7955094169694478e-02 0.0000000000000000e+00 1
-2.1932536192726193e-01 -8.5076362868996072e-02 0.0000000000000000e+00 1
-2.4836712023985755e-01 -2.4774301723705966e-01 0.0000000000000000e+00 1
-1.4802682054098529e-01 -1.2783584024846489e-01 0.0000000000000000e+00 1
1.9663655771544708e-01 1.4608559445381161e-01 0.0000000000000000e+00 1
-1.3547599645702069e-01 -1.6814390018042616e-01 0.0000000000000000e+00 1
4.1477517795595886e-02 8.7042036173997805e-02 0.0000000000000000e+00 1
-4.5174204448710592e-02 1.9927235936833567e-02 0.0000000000000000e+00 1
-1.6948631867166469e-01 -3.3896852411870911e-02 0.0000000000000000e+00 1
1.2581139837388369e-02 3.5379044387560413e-02 0.0000000000000000e+00 1
6.6136446710406110e-02 -3.7968329896156228e-02 0.0000000000000000e+00 1
1.8835031625527354e-01 6.8650337825575475e-02 0.0000000000000000e+00 1
-1.0385032704680308e-01 -6.0311330597414267e-02 0.0000000000000000e+00 1
1.0577022654750660e-01 1.2848893413149676e-01 0.0000000000000000e+00 1
1.1860242863677427e-01 1.5386101439776260e-02 0.0000000000000000e+00 1
1.9244425846614835e-01 8.7081456548273997e-02 0.0000000000000000e+00 1
4.4649988743391988e-02 -2.0576149428221328e-02 0.0000000000000000e+00 1
-1.4924442478440375e-01 -1.5266252970977900e-01 0.0000000000000000e+00 1
1.3619023639214745e-01 2.0183735194008599e-02 0.0000000000000000e+00 1
1.3522688738753308e-01 1.0879096358596148e-01 0.0000000000000000e+00 1
-2.1762796251800426e-01 -7.8968936427085315e-02 0.0000000000000000e+00 1
-7.5444447204343429e-02 3.0754443256427099e-03 0.0000000000000000e+00 1
-1.3958998286611463e-01 -1.3014431149137290e-01 0.0000000000000000e+00 1
-1.3979778632750370e-01 -8.3242253823721607e-02 0.0000000000000000e+00 1
-4.2348695925465196e-02 -3.3062347336635330e-02 0.0000000000000000e+00 1
1.4593775481384536e-01 1.3588171218439568e-01 0.0000000000000000e+00 1
9.5110811400642759e-02 4.4750021625965739e-02 0.0000000000000000e+00 1
-2.0812967727459078e-01 -2.3513639053045954e-01 0.0000000000000000e+00 1
-1.4609056420725364e-01 -8.8389226738869398e-02 0.0000000000000000e+00 1
1.8873152118192502e-01 1.6663575644212880e-01 0.0000000000000000e+00 1
-2.1369446849068272e-01 -6.9413332821201337e-02 0.0000000000000000e+00 1
-2.9127931628937599e-02 -1.0471036001389283e-01 0.0000000000000000e+00 1
2.2040245780297926e-01 1.7097075691421099e-01 0.0000000000000000e+00 1
5.0560741283211454e-02 -3.9411165656033184e-02 0.0000000000000000e+00 1
1.2175015134233039e-02 7.9385054214113529e-02 0.0000000000000000e+00 1
6.1200987569931163e-02 9.0727351630045167e-02 0.0000000000000000e+00 1
-1.3373746733639943e-01 -7.7898130015928671e-02 0.0000000000000000e+00 1
-1.2584970385314900e-01 -7.9982526589751496e-02 0.0000000000000000e+00 1
1.2747755129826323e-02 4.9629666273059203e-02 0.0000000000000000e+00 1
-1.4379929976354763e-01 -1.8067864555712584e-01 0.0000000000000000e+00 1
-1.7091700677499855e-01 -1.1170862661340396e-01 0.0000000000000000e+00 1
-9.7447758325925268e-03 4.9338553527479595e-02 0.0000000000000000e+00 1
-2.4408923714721767e-01 -1.7304147346602622e-01 0.0000000000000000e+00 1
-1.1913068859167959e-01 -7.3896593716368003e-02 0.0000000000000000e+00 1
2.6833648508691199e-01 2.0363001869143726e-01 0.0000000000000000e+00 1
-1.5926954819434244e-01 -8.2571453116510318e-02 0.0000000000000000e+00 1
-1.5479647032269939e-01 -1.3372659860609865e-01 0.0000000000000000e+00 1
-1.8743896681172328e-01 -5.2520888128338286e-02 0.0000000000000000e+00 1
1.7985461715529150e-01 6.0545785261306613e-02 0.0000000000000000e+00 1
-2.7100273634321552e-04 5.4129667089177380e-02 0.0000000000000000e+00 1
-5.2288119783372874e-02 -5.3292270718256991e-02 0.0000000000000000e+00 1
3.1371785791961998e-01 2.1909259191509273e-01 0.0000000000000000e+00 1
-1.3175676027334135e-01 -1.2382417749102340e-01 0.0000000000000000e+00 1
-6.1883453200392069e-02 -1.2759833004864216e-01 0.0000000000000000e+00 1
-1.7148850533445992e-01 -2.1431220875368073e-01 0.0000000000000000e+00 1
1.2183619453657037e-02 8.5131138870298620e-02 0.0000000000000000e+00 1
3.0458747652102092e-01 2.1604907082969918e-01 0.0000000000000000e+00 1
-1.3521398426646821e-02 2.5023391744808044e-02 0.0000000000000000e+00 1
3.5175349739245423e-02 7.9395596453043407e-02 0.0000000000000000e+00 1
-2.2820727168351804e-02 3.5328958695193584e-02 0.0000000000000000e+00 1
-1.1723912621670883e-01 -6.0986442922504908e-02 0.0000000000000000e+00 1
-1.0766465581892115e-01 -1.0340652980869922e-01 0.0000000000000000e+00 1
5.4097213635717435e-02 -2.3853172394402114e-02 0.0000000000000000e+00 1
1.2675621376716739e-01 1.0654147115364544e-02 0.0000000000000000e+00 1
1.6014567330831850e-01 5.4774455308640675e-02 0.0000000000000000e+00 1
-1.5259587074917197e-01 -1.4280022278961690e-01 0.0000000000000000e+00 1
-1.6695556974920356e-01 -1.9852988984569059e-01 0.0000000000000000e+00 1
2.2005368773456956e-02 1.3878188630016861e-02 0.0000000000000000e+00 1
-4.7026337758554616e-02 -3.8675593670804927e-02 0.0000000000000000e+00 1
2.1896266073835657e-02 8.4406763701856513e-02 0.0000000000000000e+00 1
1.5164886891799134e-01 4.6604208261521854e-02 0.0000000000000000e+00 1
-1.2381790922955424e-01 -1.1709693136830471e-01 0.0000000000000000e+00 1
-2.4998504538886182e-01 -2.1318063762140566e-01 0.0000000000000000e+00 1
1.6912593692337677e-01 6.2997693750823522e-02 0.0000000000000000e+00 1
-1.1417230123008448e-01 -1.4702197090970485e-02 0.0000000000000000e+00 1
1.0658598300139077e-01 9.3305177097739167e-02 0.0000000000000000e+00 1
8.4864712617834393e-03 3.2385192292610068e-02 0.0000000000000000e+00 1
-1.8128498569702403e-01 -2.1929548447723959e-01 0.0000000000000000e+00 1
3.2058492401537790e-02 1.0705961051393653e-02 0.0000000000000000e+00 1
-1.6477091145862033e-01 -1.1494005760224586e-01 0.0000000000000000e+00 1
-1.8672462224997016e-01 -4.3688649568198470e-02 0.0000000000000000e+00 1
-1.0808233919075649e-01 -9.2003871486618663e-02 0.0000000000000000e+00 1
-1.9688298564910861e-01 -2.2418239194347411e-01 0.0000000000000000e+00 1
-7.3846127422432274e-03 5.2331832731322234e-02 0.0000000000000000e+00 1
-6.7469402261502248e-02 -6.8928908681987713e-02 0.0000000000000000e+00 1
-2.2033629021270112e-01 -1.0453685577000536e-01 0.0000000000000000e+00 1
-4.5358899469788466e-02 -1.0187743974827586e-01 0.0000000000000000e+00 1
-4.8171121789118851e-02 -1.1854275917652816e-01 0.0000000000000000e+00 1
-1.4632619127141830e-01 -2.7843218198276676e-02 0.0000000000000000e+00 1
2.4100350741593055e-01 1.9172138577276907e-01 0.0000000000000000e+00 1
-1.2213497094462800e-01 -1.0274198864987483e-01 0.0000000000000000e+00 1
3.1215351153749427e-01 2.1236047644173045e-01 0.0000000000000000e+00 1
-6.3574213408264246e-02 -1.8260594835780637e-02 0.0000000000000000e+00 1
-1.5848914468531977e-01 -1.0965262929284952e-01 0.0000000000000000e+00 1
-3.4024142181104692e-03 -1.3605948475185328e-02 0.0000000000000000e+00 1
-8.3602142162368068e-02 -8.1991122904062685e-02 0.0000000000000000e+00 1
6.6068127765209553e-02 1.1004196920808827e-01 0.0000000000000000e+00 1
-6.7635828727044864e-02 -5.5445051458804184e-02 0.0000000000000000e+00 1
2.0373647087314284e-01 1.7371323789084195e-01 0.0000000000000000e+00 1
4.6884862859123601e-03 6.9518485486268738e-02 0.0000000000000000e+00 1
-6.6235590602724714e-02 7.7622429342600703e-03 0.0000000000000000e+00 1
2.7614371177894677e-02 9.4448684628857305e-02 0.0000000000000000e+00 1
7.9927225495509860e-02 -2.3610103709579288e-02 0.0000000000000000e+00 1
1.4337430505815971e-01 3.8534093565857089e-02 0.0000000000000000e+00 1
-2.3974741526219923e-01 -2.4213920438180203e-01 0.0000000000000000e+00 1
2.1818592800791198e-02 5.2660780456202594e-02 0.0000000000000000e+00 1
3.0860060199689138e-02 5.4110701101693248e-02 0.0000000000000000e+00 1
-2.4602760481728300e-01 -2.5393002140597065e-01 0.0000000000000000e+00 1
8.7894551896256418e-02 1.1018898477994757e-01 0.0000000000000000e+00 1
-1.2721222812348312e-01 -1.8922086677464325e-02 0.0000000000000000e+00 1
-1.1975638670309452e-02 5.3125529036706911e-03 0.0000000000000000e+00 1
3.1367062777800603e-01 2.0788361931482477e-01 0.0000000000000000e+00 1
-8.1126826131404955e-02 -6.7412972976598040e-02 0.0000000000000000e+00 1
-1.8277850128507464e-01 -5.4015081799887149e-02 0.0000000000000000e+00 1
-1.4166083578096508e-01 -1.5402278760303767e-01 0.0000000000000000e+00 1
1.8487017454872211e-02 9.1676140513328730e-02 0.0000000000000000e+00 1
-6.9519902795861566e-02 -1.2371935031791037e-01 0.0000000000000000e+00 1
-1.2352440865151477e-02 4.6642443143202546e-02 0.0000000000000000e+00 1
2.8968079928859047e-01 2.0528920748431009e-01 0.0000000000000000e+00 1
1.6596550277737356e-02 8.9954022128083441e-02 0.0000000000000000e+00 1
-2.2609193054644283e-01 -1.2657852616589335e-01 0.0000000000000000e+00 1
-2.5078148109914461e-01 -2.3345458038187294e-01 0.0000000000000000e+00 1
-2.4162255071682370e-01 -2.5586699356769571e-01 0.0000000000000000e+00 1
2.9628044146267540e-01 2.1343033848327067e-01 0.0000000000000000e+00 1
-1.6486635933292657e-01 -2.9859366404807654e-02 0.0000000000000000e+00 1
5.6833695650541707e-02 -3.3964760150154372e-02 0.0000000000000000e+00 1
-8.7838255685861344e-02 -8.2532664152236770e-04 0.0000000000000000e+00 1
-2.4777421513044959e-01 -1.8980276230112320e-01 0.0000000000000000e+00 1
4.4379703136821783e-02 -4.5243514906195090e-02 0.0000000000000000e+00 1
-1.5793849718398845e-01 -8.8704014833349346e-02 0.0000000000000000e+00 1
1.8605371461166243e-02 -5.5785182608779023e-02 0.0000000000000000e+00 1
1.4355979456177106e-01 1.1549040913998027e-01 0.0000000000000000e+00 1
3.1973108164014455e-02 -4.3142035974710974e-02 0.0000000000000000e+00 1
2.7981574876864834e-01 1.9965603228992834e-01 0.0000000000000000e+00 1
-3.0551430911580919e-02 -3.6104425518194788e-02 0.0000000000000000e+00 1
1.7828409181621804e-02 5.5019990412536107e-02 0.0000000000000000e+00 1
2.7480135608047556e-02 8.0108518932158340e-02 0.0000000000000000e+00 1
-3.1187492412627710e-02 2.6477975597564693e-02 0.0000000000000000e+00 1
1.3493888922529068e-01 2.9952172082158862e-02 0.0000000000000000e+00 1
1.1297913529732943e-01 1.2444152719056284e-01 0.0000000000000000e+00 1
-3.8083952879508485e-03 5.6152273140240593e-02 0.0000000000000000e+00 1
5.2004914197820787e-02 3.3233932809866668e-02 0.0000000000000000e+00 1
1.6999855144021536e-01 1.4819044674128803e-01 0.0000000000000000e+00 1
-7.7537935258524274e-02 -1.2931967913533127e-01 0.0000000000000000e+00 1
-2.3942276254988143e-01 -1.4674704112702985e-01 0.0000000000000000e+00 1
1.0849518121458629e-02 -6.2533227268767810e-02 0.0000000000000000e+00 1
-1.8174805387720522e-01 -5.9241482041768503e-02 0.0000000000000000e+00 1
8.0664310575563627e-02 7.0819505140807093e-02 0.0000000000000000e+00 1
1.7627249134169298e-03 4.9425020297435840e-02 0.0000000000000000e+00 1
5.9085311915564993e-02 7.2039171628527160e-02 0.0000000000000000e+00 1
-2.1316744032248575e-01 -9.4659731752520890e-02 0.0000000000000000e+00 1
2.2919477470549293e-01 1.7672350362706077e-01 0.0000000000000000e+00 1

Edges
191
1 2 1
2 3 1
3 4 1
4 5 1
5 6 1
6 7 1
7 8 1
8 9 1
9 10 1
10 11 1
11 12 1
12 13 1
13 14 1
14 15 1
15 16 1
16 17 1
17 18 1
18 19 1
19 20 1
20 21 1
21 22 1
22 23 1
23 24 1
24 25 1
25 26 1
26 27 1
27 28 1
28 29 1
29 30 1
30 31 1
31 32 1
32 33 1
33 34 1
34 35 1
35 36 1
36 37 1
37 38 1
38 39 1
39 40 1
40 41 1
41 42 1
42 43 1
43 44 1
44 45 1
45 46 1
46 47 1
47 48 1
48 49 1
49 50 1
50 51 1
51 52 1
52 53 1
53 54 1
54 55 1
55 56 1
56 57 1
57 58 1
58 59 1
59 60 1
60 61 1
61 62 1
62 63 1
63 64 1
64 65 1
65 66 1
66 67 1
67 68 1
68 69 1
69 70 1
70 71 1
71 72 1
72 73 1
73 74 1
74 75 1
75 76 1
76 77 1
77 78 1
78 79 1
79 80 1
80 81 1
81 82 1
82 83 1
83 84 1
84 85 1
85 86 1
86 87 1
87 88 1
88 89 1
89 90 1
90 91 1
91 92 1
92 93 1
93 94 1
94 95 1
95 96 1
96 97 1
97 98 1
98 99 1
99 100 1
100 101 1
101 102 1
102 103 1
103 104 1
104 105 1
105 106 1
106 107 1
107 108 1
108 109 1
109 110 1
110 111 1
111 112 1
112 113 1
113 114 1
114 115 1
115 116 1
116 117 1
117 118 1
118 119 1
119 120 1
120 121 1
121 122 1
122 123 1
123 124 1
124 125 1
125 126 1
126 127 1
127 128 1
128 129 1
129 130 1
130 131 1
131 132 1
132 133 1
133 134 1
134 135 1
135 136 1
136 137 1
137 138 1
138 139 1
139 140 1
140 141 1
141 142 1
142 143 1
143 144 1
144 145 1
145 146 1
146 147 1
147 148 1
148 149 1
149 150 1
150 151 1
151 152 1
152 153 1
153 154 1
154 155 1
155 156 1
156 157 1
157 158 1
158 159 1
159 160 1
160 161 1
161 162 1
162 163 1
163 164 1
164 165 1
165 166 1
166 167 1
167 168 1
168 169 1
169 170 1
170 171 1
171 172 1
172 173 1
173 174 1
174 175 1
175 176 1
176 177 1
177 178 1
178 179 1
179 180 1
180 181 1
181 182 1
182 183 1
183 184 1
184 185 1
185 186 1
186 187 1
187 188 1
188 189 1
189 190 1
190 191 1
191 1 1

Triangles
2597
227 778 1148 1
780 217 782 1
822 818 1115 1
173 174 951 1
778 227 1321 1
1101 955 1181 1
932 720 1224 1
979 755 1087 1
1010 671 1122 1
720 932 1376 1
418 774 1104 1
99 100 267 1
437 777 858 1
981 38 1326 1
826 648 1344 1
184 185 926 1
237 270 1351 1
832 831 1079 1
818 869 1115 1
206 851 1095 1
270 268 1351 1
822 235 1140 1
145 146 1063 1
1082 240 1190 1
421 860 1236 1
1059 683 1060 1
1060 683 1248 1
195 184 926 1
842 998 1081 1
235 982 1140 1
392 808 1211 1
37 38 981 1
205 945 1064 1
1006 392 1211 1
767 1165 1169 1
776 290 1022 1
408 979 1087 1
830 193 1063 1
1165 299 1169 1
950 252 951 1
949 252 950 1
69 70 810 1
878 198 1394 1
394 366 1256 1
101 102 267 1
777 437 853 1
825 648 826 1
1086 1085 1109 1
332 1107 1154 1
332 785 1014 1
851 206 952 1
193 830 1278 1
229 861 863 1
368 394 1287 1
217 780 810 1
998 997 1081 1
998 1082 1190 1
732 681 825 1
774 418 890 1
137 138 1095 1
934 649 1044 1
1107 791 1154 1
900 902 1073 1
992 1029 1116 1
974 221 1002 1
825 681 827 1
381 963 1180 1
198 919 1394 1
226 811 971 1
671 1010 1121 1
414 1189 1319 1
986 394 1256 1
991 992 1116 1
290 776 1217 1
945 205 1364 1
804 233 907 1
1189 797 1319 1
830 872 873 1
785 332 1154 1
701 767 1091 1
850 882 1167 1
254 884 946 1
215 1101 1181 1
381 1180 1226 1
394 978 1287 1
478 834 1149 1
686 853 1159 1
261 997 1054 1
997 996 1054 1
195 925 999 1
787 306 1219 1
759 854 910 1
601 478 1149 1
235 822 1115 1
326 314 889 1
996 243 1054 1
234 875 1175 1
1091 767 1169 1
70 217 810 1
809 243 996 1
860 854 1236 1
799 212 1283 1
601 906 1015 1
856 442 857 1
798 131 1340 1
222 876 1199 1
229 863 1237 1
838 837 840 1
398 1305 1325 1
212 799 1196 1
274 272 887 1
1093 1022 1161 1
252 173 951 1
648 965 1344 1
637 845 1249 1
939 761 940 1
900 1073 1294 1
486 587 901 1
250 1085 1086 1
193 145 1063 1
882 880 1167 1
131 798 1184 1
174 202 951 1
306 787 1225 1
1305 786 1325 1
925 690 999 1
854 784 910 1
503 797 1189 1
974 955 1101 1
776 834 1217 1
1202 881 1279 1
989 741 1297 1
673 1202 1279 1
817 642 819 1
968 929 1212 1
838 840 1233 1
314 311 889 1
1166 67 1346 1
942 668 1078 1
853 437 1159 1
830 873 1278 1
69 810 915 1
1025 1027 1060 1
1122 539 1134 1
33 34 262 1
779 1152 1271 1
797 503 1213 1
1073 389 1294 1
238 807 1046 1
900 901 902 1
814 257 815 1
712 1022 1093 1
218 769 1310 1
272 160 887 1
158 159 199 1
932 936 1376 1
802 408 1087 1
752 977 1244 1
901 587 902 1
888 326 889 1
925 195 926 1
930 640 1302 1
977 752 1275 1
968 698 1218 1
769 218 1241 1
269 32 1239 1
216 793 1183 1
95 96 265 1
240 113 920 1
317 961 1204 1
997 261 1081 1
295 317 1204 1
987 259 1300 1
697 825 827 1
1233 988 1367 1
449 640 930 1
258 832 1079 1
66 67 1166 1
741 989 1331 1
830 639 872 1
1217 834 1338 1
694 813 915 1
1119 1296 1315 1
906 601 1016 1
859 777 1322 1
32 33 1239 1
204 965 1011 1
819 642 820 1
136 137 1345 1
713 947 1181 1
907 233 941 1
813 209 915 1
1152 238 1271 1
732 825 826 1
885 944 946 1
88 89 1000 1
1060 1027 1273 1
812 251 1001 1
837 265 840 1
806 778 1321 1
595 642 817 1
1039 862 1171 1
775 774 890 1
99 267 831 1
113 114 920 1
775 890 1158 1
866 192 1021 1
231 271 1220 1
835 644 1066 1
799 769 1196 1
959 201 1332 1
198 878 1245 1
408 802 983 1
793 216 1352 1
729 929 1216 1
845 846 1249 1
777 709 1322 1
226 971 1210 1
876 222 1264 1
157 158 982 1
267 102 1079 1
991 682 1098 1
906 905 1015 1
857 442 1139 1
1196 769 1241 1
932 1224 1374 1
639 499 872 1
201 959 1100 1
935 934 1044 1
310 433 858 1
847 136 1345 1
243 809 1000 1
420 326 888 1
488 486 901 1
717 505 828 1
876 879 1199 1
810 694 915 1
248 59 935 1
782 217 1258 1
1156 1097 1235 1
973 974 1002 1
919 198 1030 1
698 968 1212 1
642 593 821 1
875 874 1175 1
884 885 946 1
998 842 1082 1
453 471 943 1
38 227 1326 1
668 942 1350 1
221 974 1286 1
1037 796 1038 1
904 1268 1312 1
1247 384 1290 1
917 644 1174 1
895 894 1294 1
240 920 1190 1
605 975 1040 1
895 393 1328 1
1175 953 1363 1
867 224 1201 1
885 943 944 1
954 955 973 1
811 226 1049 1
717 1086 1109 1
1132 1033 1134 1
98 99 831 1
233 804 1157 1
240 1082 1288 1
923 690 925 1
257 814 816 1
562 921 1150 1
929 968 1251 1
504 712 1168 1
761 939 1232 1
1234 756 1259 1
983 803 1084 1
1086 829 1343 1
840 988 1233 1
395 1232 1339 1
866 867 1151 1
975 816 1040 1
6 7 1030 1
562 864 1075 1
682 991 1116 1
796 1037 1383 1
849 847 851 1
262 909 1072 1
234 1175 1363 1
884 254 947 1
882 850 1042 1
539 1122 1182 1
1064 945 1192 1
713 884 947 1
1170 1261 1309 1
828 829 1086 1
268 270 271 1
59 60 935 1
433 437 858 1
977 976 1194 1
225 1234 1259 1
965 737 1011 1
539 1132 1134 1
266 98 831 1
1296 762 1315 1
35 238 1046 1
690 923 927 1
1216 929 1251 1
843 230 1020 1
1010 1122 1134 1
251 812 1055 1
973 955 974 1
862 1039 1375 1
703 977 1194 1
393 895 1341 1
1073 904 1312 1
1063 146 1163 1
908 907 941 1
649 934 1133 1
947 215 1181 1
1179 421 1236 1
804 1049 1157 1
426 1156 1235 1
89 243 1000 1
1135 844 1187 1
752 985 1275 1
920 738 1190 1
644 543 1066 1
1198 1021 1207 1
841 1105 1377 1
471 658 943 1
834 478 1338 1
729 928 929 1
271 231 1246 1
444 768 942 1
640 1045 1302 1
1151 867 1201 1
533 717 855 1
245 914 936 1
860 426 1235 1
493 954 973 1
715 817 818 1
883 522 885 1
1262 911 1307 1
1072 909 1348 1
821 593 1392 1
807 238 1152 1
442 856 1140 1
873 874 875 1
1005 1124 1130 1
209 813 1221 1
95 265 837 1
224 867 1291 1
1162 895 1294 1
393 898 1328 1
72 1262 1307 1
717 828 1086 1
725 908 909 1
876 636 879 1
335 444 942 1
1006 716 1023 1
716 1006 1211 1
899 488 901 1
474 420 888 1
573 557 927 1
133 134 880 1
251 88 1000 1
444 337 445 1
618 760 957 1
903 587 905 1
712 1093 1168 1
910 911 1382 1
335 337 444 1
1150 921 1390 1
446 445 447 1
259 987 1335 1
882 631 1279 1
715 822 856 1
903 905 906 1
755 979 1336 1
198 6 1030 1
228 1135 1187 1
1105 256 1377 1
952 206 953 1
197 136 847 1
398 980 1305 1
512 488 899 1
849 851 852 1
192 866 1151 1
434 704 1043 1
689 804 907 1
877 876 1264 1
917 1174 1394 1
761 617 940 1
86 87 1055 1
436 434 1043 1
802 803 983 1
396 1006 1023 1
1021 192 1207 1
818 817 819 1
102 103 1079 1
725 907 908 1
1004 202 1089 1
902 587 903 1
96 1243 1355 1
551 562 1075 1
872 871 873 1
975 959 1332 1
358 983 1084 1
499 498 872 1
448 447 498 1
892 606 893 1
340 604 928 1
595 593 642 1
40 1298 1321 1
1261 744 1309 1
938 939 940 1
374 385 964 1
33 262 1239 1
858 777 859 1
929 604 1212 1
1124 687 1130 1
264 94 837 1
892 893 896 1
742 629 950 1
230 843 1074 1
52 208 993 1
522 453 943 1
498 870 871 1
985 752 1330 1
259 1080 1295 1
923 573 927 1
828 639 829 1
1298 806 1321 1
912 242 1057 1
993 208 994 1
1016 710 1144 1
742 950 1318 1
668 304 1078 1
304 305 1078 1
505 501 828 1
498 871 872 1
597 595 817 1
843 844 1074 1
788 1247 1290 1
617 614 940 1
444 445 446 1
1016 601 1149 1
65 66 1254 1
418 1104 1301 1
264 837 838 1
885 522 943 1
873 871 874 1
248 935 1044 1
514 606 892 1
715 597 817 1
714 597 715 1
1232 939 1339 1
501 499 639 1
852 851 952 1
342 340 928 1
911 1262 1382 1
522 883 1008 1
589 533 855 1
1098 1114 1124 1
1037 220 1383 1
1002 221 1007 1
533 505 717 1
214 931 933 1
295 297 317 1
715 818 822 1
94 95 837 1
1020 230 1055 1
335 336 337 1
446 447 448 1
848 847 849 1
878 877 1245 1
245 63 914 1
277 279 1013 1
1157 1049 1316 1
501 639 828 1
402 396 1023 1
926 185 1324 1
823 821 1293 1
731 626 913 1
541 644 917 1
706 666 1001 1
562 553 921 1
971 970 1007 1
1074 844 1135 1
689 688 804 1
631 882 1042 1
316 668 800 1
586 585 695 1
902 903 904 1
609 897 938 1
265 96 1355 1
695 723 787 1
252 949 1076 1
928 604 929 1
875 234 1299 1
337 449 930 1
605 958 975 1
448 498 499 1
815 257 1368 1
666 812 1001 1
253 1064 1192 1
950 951 1318 1
97 98 266 1
214 61 931 1
944 945 1364 1
333 942 1078 1
158 199 982 1
587 484 905 1
1092 506 1282 1
333 334 335 1
1050 826 1344 1
938 897 939 1
1098 682 1114 1
758 1179 1236 1
880 134 1167 1
786 761 1232 1
971 1007 1210 1
931 245 932 1
652 948 949 1
725 689 907 1
972 493 973 1
714 715 856 1
443 1008 1034 1
916 839 1081 1
214 933 934 1
210 976 977 1
540 521 541 1
904 388 1268 1
557 559 927 1
60 214 935 1
995 348 1142 1
970 1002 1007 1
969 970 971 1
87 251 1055 1
154 155 869 1
651 688 689 1
812 1020 1055 1
826 1050 1265 1
564 563 610 1
251 1000 1001 1
829 639 830 1
247 984 985 1
610 643 721 1
680 732 912 1
476 474 585 1
380 381 1337 1
7 253 1030 1
538 609 938 1
840 265 987 1
651 650 688 1
506 1092 1379 1
254 946 1230 1
586 695 709 1
1003 742 1004 1
771 477 1071 1
855 717 1109 1
829 1063 1163 1
644 835 1174 1
333 335 942 1
905 482 1015 1
722 866 1021 1
548 549 563 1
605 571 958 1
520 521 540 1
881 882 1279 1
352 412 979 1
709 695 1103 1
811 650 969 1
540 541 917 1
541 543 644 1
954 493 1053 1
650 516 969 1
213 133 880 1
1009 327 1010 1
893 606 894 1
569 605 1032 1
620 618 957 1
652 653 948 1
416 331 1090 1
636 610 879 1
520 472 521 1
893 894 895 1
932 245 936 1
491 493 972 1
869 818 1361 1
695 585 723 1
604 338 1178 1
988 987 1300 1
476 585 586 1
301 304 316 1
327 324 1014 1
308 313 333 1
454 440 478 1
210 57 976 1
647 509 729 1
545 547 548 1
881 880 882 1
701 1091 1092 1
490 686 1159 1
722 865 866 1
811 969 971 1
921 573 922 1
208 989 1297 1
498 447 870 1
242 912 1265 1
931 932 933 1
376 374 964 1
472 716 966 1
64 211 914 1
647 737 965 1
443 522 1008 1
509 342 928 1
548 563 564 1
922 923 924 1
757 579 1003 1
1206 786 1232 1
449 457 640 1
943 658 944 1
366 364 1256 1
690 670 999 1
247 55 984 1
207 49 990 1
1293 821 1392 1
853 686 1160 1
312 315 1033 1
609 892 896 1
279 283 1013 1
93 94 264 1
783 854 860 1
208 53 989 1
62 245 931 1
712 776 1022 1
618 617 760 1
534 533 589 1
610 563 643 1
945 658 1062 1
504 711 712 1
836 636 876 1
390 392 1006 1
610 721 879 1
209 68 915 1
990 246 991 1
471 472 520 1
1032 605 1040 1
159 160 272 1
283 418 1013 1
897 896 898 1
51 52 993 1
500 499 501 1
381 962 963 1
910 784 911 1
230 86 1055 1
909 262 1046 1
647 729 737 1
486 484 587 1
484 482 905 1
249 47 1005 1
412 350 995 1
492 515 516 1
839 842 1081 1
548 564 1066 1
516 515 969 1
760 761 786 1
962 376 964 1
564 610 636 1
331 329 1090 1
956 620 957 1
937 756 1215 1
579 580 1003 1
322 327 1009 1
952 953 1175 1
956 957 980 1
518 650 651 1
801 680 912 1
1058 1237 1386 1
965 204 1344 1
721 643 722 1
1228 637 1249 1
739 997 998 1
64 65 211 1
253 8 1064 1
614 599 940 1
350 348 995 1
471 470 472 1
629 652 950 1
261 92 916 1
729 509 928 1
541 542 543 1
616 614 617 1
990 991 1098 1
599 538 938 1
944 658 945 1
536 514 892 1
212 1017 1031 1
548 547 549 1
808 392 1284 1
67 68 209 1
447 460 870 1
594 593 595 1
551 553 562 1
538 536 609 1
680 681 732 1
1008 677 1034 1
744 731 788 1
506 505 533 1
440 436 1043 1
426 860 1270 1
757 1003 1004 1
62 63 245 1
502 501 505 1
514 512 606 1
592 590 593 1
924 925 926 1
453 470 471 1
283 285 418 1
606 512 899 1
624 622 762 1
864 562 1150 1
553 555 921 1
447 445 460 1
388 904 1378 1
1027 119 1273 1
354 352 979 1
35 36 238 1
163 239 967 1
408 354 979 1
58 248 976 1
898 393 1356 1
555 573 921 1
316 304 668 1
643 563 1075 1
600 670 690 1
564 835 1066 1
609 536 892 1
518 516 650 1
1017 249 1018 1
857 1139 1301 1
628 626 731 1
622 620 956 1
212 45 1017 1
656 680 801 1
600 667 670 1
738 708 739 1
829 830 1063 1
707 708 738 1
626 624 913 1
60 61 214 1
50 246 990 1
918 917 919 1
380 378 381 1
616 617 618 1
105 259 1295 1
368 366 394 1
374 372 385 1
599 938 940 1
454 478 601 1
492 491 515 1
381 378 962 1
378 376 962 1
48 207 1005 1
972 973 1002 1
56 210 984 1
963 962 1272 1
54 247 989 1
760 617 761 1
609 896 897 1
864 643 1075 1
1237 863 1386 1
135 136 197 1
656 657 680 1
866 865 867 1
804 688 1049 1
809 706 1001 1
670 814 815 1
624 762 913 1
1037 1038 1039 1
658 520 1062 1
409 402 1023 1
922 573 923 1
688 811 1049 1
555 557 573 1
8 9 1064 1
762 622 956 1
105 106 259 1
58 59 248 1
7 8 253 1
299 301 1169 1
132 133 213 1
958 726 959 1
293 294 295 1
559 565 600 1
894 899 900 1
707 706 708 1
543 544 545 1
914 211 1277 1
1215 756 1234 1
362 360 400 1
628 731 744 1
197 847 848 1
583 629 742 1
1018 1228 1249 1
543 545 1066 1
453 409 470 1
662 843 1020 1
670 815 999 1
991 246 992 1
236 116 1051 1
116 117 1051 1
46 249 1017 1
390 386 392 1
66 1166 1254 1
419 456 1097 1
765 578 1112 1
820 821 823 1
571 575 958 1
958 959 975 1
575 579 726 1
1026 1024 1056 1
328 332 1014 1
295 296 297 1
297 299 1165 1
580 583 1003 1
48 49 207 1
891 738 920 1
50 51 246 1
126 220 1036 1
264 839 916 1
54 55 247 1
56 57 210 1
541 521 542 1
705 706 707 1
688 650 811 1
569 571 605 1
396 390 1006 1
937 228 1187 1
705 666 706 1
47 48 1005 1
315 320 1033 1
424 678 1053 1
52 53 208 1
49 50 990 1
653 656 948 1
1036 220 1037 1
836 876 877 1
125 126 1036 1
575 726 958 1
356 354 408 1
454 601 1015 1
320 1009 1033 1
721 722 1021 1
652 949 950 1
103 104 258 1
305 308 1078 1
665 664 666 1
452 451 491 1
46 47 249 1
768 446 1153 1
91 261 1054 1
45 46 1017 1
324 328 1014 1
739 996 997 1
871 870 1068 1
585 474 888 1
680 657 681 1
980 957 1305 1
856 822 1140 1
443 409 453 1
559 600 927 1
678 954 1053 1
726 579 757 1
63 64 914 1
653 655 656 1
299 300 301 1
635 497 758 1
924 923 925 1
859 303 1311 1
160 161 887 1
678 677 679 1
884 883 885 1
883 679 1008 1
320 322 1009 1
297 298 299 1
124 125 1035 1
61 62 931 1
352 350 412 1
93 264 916 1
1033 1009 1134 1
1080 259 1335 1
213 881 1202 1
53 54 989 1
70 71 217 1
371 370 372 1
475 474 476 1
1011 737 1108 1
665 666 705 1
129 130 216 1
629 630 652 1
333 313 334 1
648 647 965 1
545 546 547 1
600 565 667 1
510 509 647 1
219 74 1047 1
55 56 984 1
5 6 198 1
713 883 884 1
68 69 915 1
1220 271 1348 1
249 1005 1130 1
728 709 777 1
670 667 814 1
322 324 327 1
712 711 776 1
479 342 509 1
213 1202 1340 1
44 45 212 1
57 58 976 1
289 292 293 1
38 39 227 1
404 402 409 1
130 131 1184 1
677 410 1034 1
663 662 664 1
697 827 1242 1
213 880 881 1
724 689 725 1
369 368 370 1
1129 561 1176 1
832 258 1080 1
493 451 1053 1
517 516 518 1
704 432 1172 1
583 584 629 1
646 937 1028 1
640 457 1042 1
583 742 1003 1
807 725 909 1
708 809 996 1
9 10 205 1
596 595 597 1
663 664 665 1
713 679 883 1
90 91 1054 1
491 451 493 1
478 440 1043 1
360 358 1084 1
679 677 1008 1
531 641 662 1
473 420 474 1
490 603 686 1
478 1043 1338 1
310 858 1185 1
531 663 1024 1
619 618 620 1
452 491 492 1
76 223 1048 1
316 1091 1169 1
161 200 887 1
702 679 713 1
41 42 218 1
1035 125 1036 1
820 642 821 1
471 520 658 1
119 1027 1342 1
666 664 812 1
779 529 1012 1
1047 75 1048 1
91 92 261 1
424 677 678 1
429 425 451 1
1014 785 1391 1
549 550 551 1
1017 1018 1031 1
367 366 368 1
266 831 832 1
424 410 677 1
615 614 616 1
328 330 332 1
708 706 809 1
73 74 219 1
530 528 531 1
613 599 614 1
115 116 236 1
89 90 243 1
11 12 254 1
232 1059 1060 1
723 888 889 1
816 814 1040 1
74 75 1047 1
621 620 622 1
229 124 1035 1
969 515 970 1
839 838 841 1
739 708 996 1
117 118 244 1
656 655 657 1
356 408 983 1
443 453 522 1
373 372 374 1
531 662 663 1
358 356 983 1
515 491 972 1
623 622 624 1
340 338 604 1
684 597 714 1
429 452 1041 1
404 409 443 1
879 721 1198 1
598 538 599 1
429 451 452 1
902 904 1073 1
540 917 918 1
126 127 220 1
496 696 1052 1
625 624 626 1
404 443 1034 1
531 528 641 1
891 236 1193 1
743 578 765 1
472 470 716 1
112 113 240 1
75 76 1048 1
530 531 1024 1
662 641 843 1
678 679 702 1
627 626 628 1
793 795 1183 1
365 364 366 1
497 416 1090 1
316 800 1091 1
656 801 948 1
909 908 1348 1
165 1011 1108 1
1111 1041 1128 1
707 738 891 1
894 606 899 1
87 88 251 1
549 551 1075 1
537 536 538 1
527 526 528 1
444 446 768 1
261 916 1081 1
232 1058 1059 1
580 582 583 1
76 77 223 1
335 334 336 1
783 784 854 1
370 368 1287 1
641 528 1061 1
600 690 927 1
898 896 1328 1
494 1052 1094 1
289 293 1158 1
566 569 1032 1
381 1226 1337 1
660 862 1065 1
427 1119 1315 1
675 789 798 1
683 1059 1222 1
551 552 553 1
460 886 1380 1
535 514 536 1
543 542 544 1
954 702 955 1
700 477 771 1
363 362 364 1
890 287 1158 1
527 528 530 1
120 121 232 1
787 723 1225 1
524 646 1028 1
123 124 229 1
845 637 1358 1
375 374 376 1
1000 809 1001 1
377 376 378 1
646 756 937 1
575 576 579 1
513 512 514 1
844 641 1061 1
246 51 993 1
525 524 526 1
492 516 517 1
652 630 653 1
526 1028 1061 1
456 634 1097 1
574 1110 1126 1
451 425 1053 1
526 524 1028 1
571 572 575 1
308 333 1078 1
79 80 225 1
781 782 783 1
992 993 994 1
900 899 901 1
379 378 380 1
858 859 1185 1
494 496 1052 1
243 90 1054 1
163 164 239 1
629 584 630 1
988 107 1367 1
1121 1010 1391 1
431 423 1070 1
660 861 862 1
161 162 200 1
664 662 1020 1
188 189 1151 1
710 1016 1149 1
16 17 221 1
525 526 527 1
840 987 988 1
553 554 555 1
534 589 590 1
1137 995 1142 1
85 86 230 1
418 285 890 1
274 887 1381 1
117 244 1051 1
448 499 500 1
722 864 865 1
496 508 696 1
82 83 228 1
405 404 1034 1
545 548 1066 1
361 360 362 1
407 405 410 1
382 380 383 1
854 759 1236 1
232 121 1058 1
425 424 1053 1
511 488 512 1
569 570 571 1
410 405 1034 1
207 990 1098 1
92 93 916 1
1025 1024 1026 1
468 524 525 1
555 556 557 1
1024 663 1056 1
1044 649 1141 1
634 780 781 1
528 526 1061 1
121 122 1058 1
524 523 646 1
263 1198 1207 1
186 187 224 1
468 523 524 1
411 410 424 1
775 1158 1204 1
403 402 404 1
487 486 488 1
557 558 559 1
914 1277 1372 1
681 755 827 1
518 651 1012 1
110 111 256 1
387 386 390 1
384 383 386 1
559 560 565 1
635 758 759 1
611 1111 1128 1
214 934 935 1
463 431 1070 1
337 336 449 1
583 582 584 1
391 390 396 1
545 544 546 1
500 501 502 1
397 396 402 1
651 689 724 1
665 705 751 1
678 702 954 1
264 838 839 1
180 181 257 1
970 972 1002 1
422 430 503 1
765 1129 1176 1
783 860 1235 1
616 618 619 1
778 749 1111 1
760 786 1305 1
646 730 756 1
359 358 360 1
162 163 967 1
301 302 304 1
485 484 486 1
1044 1141 1194 1
521 472 966 1
371 372 373 1
241 823 1384 1
152 153 960 1
183 184 195 1
212 1031 1283 1
270 237 1366 1
434 432 704 1
467 466 468 1
506 533 534 1
563 549 1075 1
1111 611 1148 1
369 370 371 1
566 568 569 1
525 527 683 1
1158 293 1204 1
468 525 1067 1
616 619 1029 1
441 440 454 1
1076 949 1231 1
9 205 1064 1
893 895 1328 1
483 482 484 1
468 466 523 1
151 152 241 1
843 641 844 1
210 977 1275 1
411 424 425 1
750 749 778 1
749 459 1041 1
611 754 1148 1
530 1024 1025 1
812 664 1020 1
608 463 692 1
1122 671 1393 1
663 665 1056 1
754 529 779 1
165 166 1011 1
592 593 594 1
467 468 1067 1
1103 787 1195 1
357 356 358 1
525 683 1067 1
502 505 506 1
367 368 369 1
510 647 648 1
479 509 510 1
481 455 482 1
748 459 749 1
619 620 621 1
439 436 440 1
407 410 411 1
465 467 660 1
465 464 466 1
403 404 405 1
646 523 730 1
549 547 550 1
465 466 467 1
980 398 1334 1
860 421 1270 1
695 787 1103 1
660 467 661 1
462 463 464 1
153 154 196 1
623 624 625 1
470 409 1023 1
621 622 623 1
660 661 861 1
13 14 215 1
627 628 637 1
462 431 463 1
870 460 1380 1
615 616 1029 1
807 909 1046 1
459 429 1041 1
462 464 465 1
743 765 766 1
661 467 1067 1
464 463 608 1
665 751 1056 1
168 169 242 1
1210 1007 1371 1
823 241 1327 1
482 455 1015 1
730 523 1069 1
613 614 615 1
1164 1308 1317 1
625 626 627 1
579 576 580 1
651 724 1012 1
1100 959 1223 1
861 661 863 1
466 464 1069 1
1025 1026 1027 1
814 667 1040 1
365 366 367 1
108 109 260 1
608 692 693 1
551 550 552 1
176 177 255 1
758 497 1090 1
84 85 1074 1
598 599 613 1
692 463 1070 1
586 709 728 1
455 454 1015 1
400 360 1084 1
653 654 655 1
469 416 497 1
575 572 576 1
277 1013 1139 1
428 425 429 1
166 167 204 1
172 173 252 1
293 292 294 1
19 20 226 1
523 466 1069 1
128 1183 1257 1
235 157 982 1
164 165 1108 1
167 168 1050 1
1110 691 1126 1
67 209 1346 1
397 402 403 1
295 294 296 1
178 179 201 1
228 937 1215 1
908 941 1220 1
415 417 422 1
571 570 572 1
34 35 1046 1
355 354 356 1
150 151 1019 1
465 660 1065 1
377 378 379 1
464 608 1069 1
461 462 1065 1
373 374 375 1
696 508 845 1
537 538 598 1
363 364 365 1
169 170 1057 1
1037 1039 1171 1
992 246 993 1
693 692 753 1
387 390 391 1
835 636 836 1
1038 503 1263 1
375 376 377 1
723 585 888 1
473 474 475 1
462 465 1065 1
391 396 397 1
170 171 203 1
1028 937 1187 1
1036 1037 1171 1
171 172 1076 1
14 15 1101 1
244 1026 1276 1
382 383 384 1
461 431 462 1
384 386 387 1
942 768 1350 1
297 296 298 1
406 405 407 1
344 504 1168 1
980 427 1315 1
667 565 1032 1
379 380 382 1
85 230 1074 1
168 242 1050 1
535 536 537 1
903 906 1378 1
174 175 202 1
361 362 363 1
553 552 554 1
970 515 972 1
693 753 773 1
315 319 320 1
976 248 1194 1
353 352 354 1
241 152 960 1
308 309 313 1
634 781 1097 1
513 514 535 1
247 985 1331 1
555 554 556 1
430 431 461 1
422 423 430 1
2 3 222 1
1041 452 1128 1
574 1126 1127 1
189 190 192 1
748 749 750 1
401 1131 1170 1
519 497 635 1
557 556 558 1
607 532 745 1
569 568 570 1
681 657 755 1
565 560 566 1
301 300 302 1
147 148 250 1
559 558 560 1
312 1033 1132 1
722 643 864 1
520 540 1062 1
1012 724 1152 1
1010 327 1391 1
445 337 930 1
305 307 308 1
107 988 1300 1
430 423 431 1
153 196 960 1
411 425 428 1
564 636 835 1
771 1071 1160 1
475 476 477 1
351 350 352 1
299 298 300 1
738 739 1190 1
511 512 513 1
457 631 1042 1
422 417 423 1
565 566 1032 1
41 218 1298 1
428 429 459 1
750 778 806 1
359 360 361 1
517 518 529 1
580 581 582 1
507 495 532 1
593 590 1392 1
403 405 406 1
608 693 1083 1
730 1069 1083 1
199 272 273 1
1005 207 1124 1
550 547 1110 1
783 782 784 1
406 413 494 1
148 149 1085 1
494 495 496 1
1069 608 1083 1
347 345 348 1
273 275 442 1
667 1032 1040 1
728 853 1160 1
1106 638 1145 1
735 578 743 1
428 459 747 1
577 567 578 1
653 630 654 1
236 891 1333 1
175 176 1089 1
716 470 1023 1
487 488 511 1
1009 1010 1134 1
728 777 853 1
293 295 1204 1
324 325 328 1
328 329 330 1
1139 1013 1301 1
357 358 359 1
584 582 1077 1
44 212 1196 1
151 241 1019 1
985 984 1275 1
149 150 194 1
344 346 504 1
406 407 413 1
844 1061 1187 1
228 83 1135 1
504 710 711 1
754 779 981 1
867 865 868 1
330 331 414 1
718 581 719 1
469 497 519 1
166 204 1011 1
697 648 825 1
469 519 588 1
594 595 596 1
719 1106 1145 1
415 416 417 1
207 1098 1124 1
824 759 910 1
170 203 1057 1
781 780 782 1
349 348 350 1
407 411 1088 1
985 1123 1331 1
196 154 869 1
763 719 986 1
177 178 1100 1
1070 423 1096 1
485 486 487 1
714 856 857 1
477 476 1071 1
423 417 1096 1
494 413 495 1
747 459 748 1
655 654 802 1
417 416 469 1
794 792 797 1
529 518 1012 1
189 192 1151 1
588 519 727 1
355 356 357 1
580 576 581 1
496 507 508 1
607 745 769 1
387 391 401 1
414 331 415 1
397 403 1094 1
765 1112 1129 1
507 532 607 1
607 769 799 1
303 859 1322 1
172 252 1076 1
322 323 324 1
128 129 1183 1
417 469 1096 1
103 258 1079 1
724 807 1152 1
492 517 1128 1
469 588 1096 1
724 725 807 1
135 197 1167 1
1071 728 1160 1
476 586 1071 1
577 735 736 1
483 484 485 1
736 770 978 1
726 757 1223 1
572 570 638 1
84 1074 1135 1
566 567 568 1
691 733 734 1
582 581 718 1
790 792 793 1
546 659 691 1
874 871 1068 1
22 23 233 1
1141 703 1194 1
415 331 416 1
441 454 455 1
481 482 483 1
1127 1126 1180 1
845 508 846 1
839 841 842 1
320 321 322 1
496 495 507 1
673 675 1202 1
657 655 1087 1
203 171 1076 1
693 773 1125 1
328 325 329 1
215 14 1101 1
242 169 1057 1
285 287 890 1
330 329 331 1
802 654 803 1
353 354 355 1
793 794 795 1
413 407 1088 1
107 108 1367 1
718 719 763 1
577 578 735 1
1094 1052 1131 1
566 560 567 1
625 627 687 1
547 546 1110 1
1018 249 1130 1
574 550 1110 1
586 728 1071 1
621 623 682 1
841 838 1362 1
343 342 479 1
635 759 824 1
379 382 399 1
257 816 1186 1
439 440 441 1
1131 1052 1170 1
542 521 966 1
330 414 1107 1
332 330 1107 1
176 255 1089 1
406 494 1094 1
736 735 770 1
449 450 457 1
655 802 1087 1
861 229 1269 1
324 323 325 1
351 352 353 1
412 995 1242 1
1099 1077 1155 1
753 692 1143 1
790 676 791 1
540 918 1062 1
517 611 1128 1
371 373 398 1
568 567 577 1
630 584 1099 1
411 428 1088 1
365 367 395 1
582 718 1077 1
955 702 1181 1
611 529 754 1
403 406 1094 1
596 597 684 1
279 281 283 1
83 84 1135 1
1004 1089 1353 1
375 377 427 1
325 323 421 1
255 177 1100 1
519 635 1120 1
452 492 1128 1
795 794 796 1
552 550 574 1
227 1148 1326 1
598 613 741 1
202 175 1089 1
556 554 561 1
457 458 631 1
1026 244 1342 1
359 361 393 1
428 747 1088 1
308 307 309 1
204 167 1050 1
270 269 1239 1
793 792 794 1
517 529 611 1
349 350 351 1
755 657 1087 1
364 362 1238 1
317 297 1165 1
510 648 697 1
422 503 1189 1
341 340 342 1
546 544 659 1
632 672 673 1
790 791 792 1
570 568 1102 1
1171 862 1269 1
576 572 1106 1
204 1050 1344 1
1097 781 1235 1
194 150 1019 1
391 397 1131 1
268 271 1246 1
178 201 1100 1
749 1041 1111 1
675 676 789 1
707 891 1193 1
372 370 1281 1
200 967 968 1
719 581 1106 1
1070 1096 1143 1
1096 588 1143 1
733 659 808 1
584 1077 1099 1
734 733 805 1
1195 787 1219 1
941 233 1365 1
513 535 752 1
1227 963 1272 1
578 567 1112 1
283 284 285 1
560 558 1112 1
322 321 323 1
758 1090 1179 1
849 886 1045 1
1016 1144 1205 1
301 316 1169 1
282 280 338 1
546 691 1110 1
751 705 1193 1
313 309 1132 1
419 326 420 1
239 164 1108 1
532 495 1147 1
654 630 1099 1
37 981 1271 1
347 348 349 1
694 633 813 1
412 1242 1336 1
320 319 321 1
848 849 1045 1
849 852 886 1
603 740 746 1
315 318 319 1
673 674 675 1
318 314 326 1
798 789 1184 1
727 519 1120 1
776 711 834 1
339 338 340 1
1083 693 1125 1
456 420 473 1
879 1198 1199 1
503 1038 1213 1
285 286 287 1
674 672 785 1
803 1099 1155 1
4 1245 1264 1
438 489 490 1
250 148 1085 1
312 314 315 1
490 602 603 1
109 110 1105 1
577 736 1102 1
353 355 389 1
981 779 1271 1
200 162 967 1
623 625 1114 1
691 659 733 1
778 1111 1148 1
865 864 1150 1
397 1094 1131 1
836 877 878 1
1029 619 1116 1
414 415 1189 1
487 511 703 1
591 590 592 1
604 1178 1212 1
691 734 1126 1
956 980 1315 1
789 676 790 1
672 671 1121 1
456 633 634 1
504 346 710 1
568 577 1102 1
392 386 1323 1
134 135 1167 1
287 288 289 1
634 694 780 1
433 435 437 1
401 391 1131 1
304 302 305 1
699 477 700 1
363 365 1117 1
581 576 1106 1
289 291 292 1
334 313 539 1
149 194 1085 1
873 875 1278 1
745 532 1191 1
619 621 1116 1
635 824 1120 1
1183 795 1257 1
572 638 1106 1
638 570 1102 1
483 485 649 1
607 799 1118 1
480 455 481 1
110 256 1105 1
912 732 1265 1
846 508 1118 1
377 379 1119 1
144 145 193 1
348 345 1142 1
764 700 772 1
803 654 1099 1
346 345 347 1
632 458 671 1
343 479 1142 1
906 1205 1378 1
508 507 1118 1
309 311 312 1
413 1088 1147 1
537 598 1123 1
27 28 268 1
457 450 458 1
1025 1060 1248 1
974 1101 1286 1
897 898 1339 1
949 948 1231 1
704 1172 1217 1
829 1163 1343 1
736 978 1200 1
1026 1056 1276 1
341 342 343 1
567 560 1112 1
685 775 961 1
869 155 1115 1
602 489 720 1
438 436 439 1
558 556 1129 1
507 607 1118 1
347 349 388 1
441 455 480 1
684 714 1104 1
813 633 1146 1
779 1012 1152 1
936 914 1372 1
11 254 1230 1
475 477 699 1
218 42 1241 1
673 672 674 1
675 674 676 1
220 127 1257 1
631 458 632 1
785 672 1121 1
339 340 341 1
711 710 1149 1
317 1165 1253 1
1050 242 1265 1
625 687 1114 1
774 684 1104 1
682 623 1114 1
692 1070 1143 1
435 434 436 1
298 296 303 1
197 850 1167 1
1084 803 1155 1
180 257 1186 1
344 343 345 1
341 343 344 1
1114 687 1124 1
344 345 346 1
632 671 672 1
539 313 1132 1
309 307 311 1
288 286 290 1
82 228 1215 1
318 326 419 1
621 682 1116 1
309 312 1132 1
419 420 456 1
634 633 694 1
1088 747 1147 1
200 968 1218 1
780 694 810 1
315 314 318 1
379 399 1119 1
456 473 633 1
305 306 307 1
146 147 1163 1
480 481 669 1
500 502 612 1
365 395 1117 1
312 311 314 1
592 594 1113 1
1092 1091 1349 1
96 97 1243 1
143 144 1173 1
1082 256 1288 1
225 80 1234 1
201 179 1186 1
21 22 1157 1
603 602 740 1
986 719 1145 1
310 291 432 1
282 338 339 1
321 319 426 1
446 448 1153 1
1058 122 1237 1
699 700 764 1
977 703 1244 1
215 947 1388 1
427 377 1119 1
544 542 1136 1
123 229 1237 1
753 1143 1164 1
479 510 1137 1
490 489 602 1
863 661 1222 1
282 339 1093 1
868 865 1150 1
495 413 1147 1
433 432 434 1
442 1140 1303 1
285 284 286 1
598 741 1123 1
287 286 288 1
591 645 701 1
966 716 1211 1
283 281 284 1
205 10 1230 1
1112 558 1129 1
292 291 310 1
438 439 489 1
556 561 1129 1
345 343 1142 1
36 37 1271 1
964 385 1267 1
305 302 306 1
1067 683 1222 1
289 288 291 1
435 436 438 1
232 1060 1273 1
72 73 1262 1
1085 194 1109 1
131 132 1340 1
898 1117 1339 1
5 198 1245 1
119 120 1273 1
534 590 591 1
835 836 1174 1
936 740 1376 1
999 815 1252 1
685 684 774 1
278 276 698 1
1090 329 1179 1
481 483 1133 1
355 357 1162 1
1107 414 1319 1
115 236 1333 1
195 999 1252 1
791 676 1154 1
1035 1036 1171 1
329 325 1179 1
147 250 1163 1
191 1 263 1
433 434 435 1
367 369 1206 1
889 311 1385 1
834 711 1149 1
112 240 1288 1
1052 696 1170 1
281 280 282 1
223 77 1292 1
1061 1028 1187 1
79 225 1255 1
442 275 1139 1
25 26 231 1
179 180 1186 1
216 130 1184 1
449 336 450 1
731 913 1266 1
683 527 1248 1
702 713 1181 1
485 487 1141 1
310 432 433 1
277 278 279 1
439 441 1138 1
222 1199 1274 1
510 697 1137 1
3 4 1264 1
628 744 1358 1
419 1097 1156 1
947 254 1388 1
479 1137 1142 1
1281 370 1287 1
588 727 1164 1
659 544 1136 1
818 819 1361 1
788 731 1266 1
764 772 1166 1
756 730 1259 1
739 998 1190 1
913 762 1296 1
542 966 1136 1
275 276 277 1
591 592 645 1
808 659 1136 1
217 71 1307 1
1038 796 1213 1
532 1147 1191 1
279 280 281 1
701 645 767 1
745 1191 1208 1
552 574 1177 1
287 289 1158 1
561 554 1177 1
596 684 685 1
530 1025 1248 1
1255 773 1292 1
1125 773 1255 1
39 40 1321 1
389 355 1162 1
503 430 1263 1
714 857 1104 1
129 216 1183 1
273 274 275 1
473 475 1146 1
438 490 1159 1
400 1084 1155 1
574 1127 1177 1
705 707 1193 1
924 926 1197 1
1143 588 1164 1
554 552 1177 1
1062 918 1192 1
819 820 1285 1
1042 850 1250 1
1039 1038 1263 1
260 1233 1367 1
669 481 1133 1
766 765 1176 1
921 922 1390 1
487 703 1141 1
794 797 1213 1
294 292 1185 1
685 774 775 1
460 445 930 1
674 785 1154 1
483 649 1133 1
224 187 1201 1
720 489 1138 1
118 119 1342 1
279 278 280 1
1209 763 1238 1
1117 395 1339 1
649 485 1141 1
718 763 1209 1
633 473 1146 1
218 1203 1298 1
1105 841 1362 1
1136 966 1211 1
347 388 1144 1
415 422 1189 1
1147 747 1191 1
277 276 278 1
1065 862 1375 1
269 270 1366 1
489 439 1138 1
346 347 1144 1
1308 223 1317 1
319 318 1156 1
838 1233 1362 1
104 105 1295 1
43 44 1196 1
394 986 1304 1
325 421 1179 1
808 1136 1211 1
1160 686 1260 1
953 206 1359 1
225 1125 1255 1
645 592 1113 1
675 798 1202 1
968 967 1251 1
211 65 1254 1
1007 221 1371 1
603 746 1260 1
906 1016 1205 1
338 280 1178 1
18 19 1210 1
945 1062 1192 1
437 435 1159 1
292 310 1185 1
441 480 1138 1
448 500 1153 1
1202 798 1340 1
426 319 1156 1
19 226 1210 1
275 277 1139 1
957 760 1305 1
197 848 850 1
676 674 1154 1
427 980 1334 1
317 1253 1320 1
920 114 1333 1
919 1030 1329 1
141 142 234 1
255 1100 1223 1
747 748 1191 1
836 878 1174 1
199 159 272 1
475 699 1146 1
106 107 1300 1
221 17 1371 1
710 346 1144 1
254 12 1388 1
275 274 276 1
202 1004 1318 1
709 1103 1322 1
894 900 1294 1
31 32 269 1
687 627 1228 1
382 384 1247 1
1091 800 1349 1
1101 15 1286 1
887 200 1218 1
300 298 1195 1
273 272 274 1
685 961 1188 1
248 1044 1194 1
911 784 1258 1
701 1092 1282 1
757 1004 1353 1
183 195 1252 1
16 221 1286 1
1170 696 1261 1
1126 734 1180 1
1206 369 1325 1
918 919 1329 1
303 1103 1195 1
721 1021 1198 1
187 188 1201 1
273 442 1303 1
155 156 1115 1
318 419 1156 1
282 1093 1161 1
257 181 1368 1
260 109 1105 1
384 387 1290 1
875 1173 1278 1
435 438 1159 1
851 847 1345 1
334 539 1182 1
1022 290 1354 1
750 806 1203 1
341 344 1168 1
896 893 1328 1
941 1214 1220 1
223 1292 1317 1
769 745 1310 1
1242 827 1336 1
432 291 1172 1
13 215 1388 1
784 782 1258 1
298 303 1195 1
1018 1130 1228 1
281 282 1161 1
500 612 1153 1
792 791 1319 1
948 801 1231 1
1198 263 1199 1
190 191 1207 1
1027 1026 1342 1
737 729 1216 1
1180 734 1226 1
43 1196 1241 1
771 1160 1260 1
772 700 1306 1
226 20 1316 1
339 341 1168 1
364 1238 1256 1
1191 748 1208 1
732 826 1265 1
632 673 1279 1
284 281 1161 1
791 1107 1319 1
1130 687 1228 1
29 30 237 1
395 367 1206 1
1284 392 1323 1
81 82 1215 1
288 290 1172 1
1051 1276 1395 1
336 334 1182 1
1172 290 1217 1
723 889 1225 1
768 1153 1240 1
1093 339 1168 1
1049 226 1316 1
961 775 1204 1
513 752 1244 1
979 412 1336 1
278 698 1178 1
748 750 1208 1
256 111 1288 1
740 936 1372 1
1245 877 1264 1
239 1216 1251 1
922 924 1357 1
1161 1022 1354 1
770 735 1280 1
1083 1125 1259 1
952 1175 1313 1
1137 697 1242 1
967 239 1251 1
790 793 1352 1
919 917 1394 1
1184 789 1352 1
421 323 1270 1
594 596 1188 1
959 726 1223 1
1185 859 1311 1
24 25 1214 1
750 1203 1208 1
450 336 1182 1
291 288 1172 1
833 832 1080 1
1102 736 1200 1
22 233 1157 1
703 511 1244 1
638 1102 1200 1
785 1121 1391 1
753 1164 1317 1
205 1230 1364 1
186 224 1324 1
1077 718 1209 1
256 1082 1377 1
1125 225 1259 1
306 302 1219 1
1051 244 1276 1
1155 1077 1209 1
280 278 1178 1
796 794 1213 1
1145 638 1200 1
10 11 1230 1
1031 846 1283 1
1113 594 1188 1
813 1146 1221 1
1109 194 1229 1
192 190 1207 1
781 783 1235 1
661 1067 1222 1
770 1280 1281 1
1039 1263 1375 1
759 758 1236 1
81 1215 1234 1
1019 241 1384 1
144 193 1173 1
772 1306 1369 1
846 1031 1249 1
1035 1171 1269 1
389 1073 1312 1
371 398 1325 1
744 1261 1358 1
262 34 1046 1
400 1209 1238 1
100 101 267 1
302 300 1219 1
398 373 1334 1
239 1108 1216 1
961 317 1320 1
209 1221 1346 1
994 208 1297 1
375 427 1334 1
733 808 1284 1
1072 270 1239 1
4 5 1245 1
995 1137 1242 1
359 393 1341 1
353 389 1312 1
1004 742 1318 1
1138 480 1224 1
1252 815 1368 1
741 613 1360 1
80 81 1234 1
188 1151 1201 1
1223 757 1353 1
393 361 1356 1
596 685 1188 1
1146 699 1221 1
752 535 1330 1
589 855 1293 1
886 460 1302 1
362 400 1238 1
720 1138 1224 1
506 534 1282 1
671 458 1393 1
591 701 1282 1
388 349 1268 1
363 1117 1356 1
627 637 1228 1
1045 640 1250 1
962 964 1272 1
537 1123 1330 1
589 1293 1392 1
194 1019 1229 1
891 920 1333 1
233 23 1365 1
122 123 1237 1
300 1195 1219 1
734 805 1226 1
42 43 1241 1
1227 1176 1289 1
1123 741 1331 1
640 1042 1250 1
290 286 1354 1
951 202 1318 1
1258 217 1307 1
307 306 1385 1
203 1076 1231 1
2 222 1274 1
400 1155 1209 1
1082 842 1377 1
699 764 1221 1
1123 985 1330 1
1031 1018 1249 1
1144 388 1205 1
321 426 1270 1
182 183 1252 1
946 944 1364 1
502 506 1379 1
698 276 1381 1
786 1206 1325 1
978 394 1304 1
1117 898 1356 1
744 788 1309 1
216 1184 1352 1
127 128 1257 1
480 669 1224 1
1276 751 1395 1
303 296 1311 1
986 1145 1304 1
1247 788 1266 1
855 1109 1229 1
527 530 1248 1
767 645 1253 1
224 1197 1324 1
852 952 1313 1
1162 357 1341 1
1108 737 1216 1
846 1118 1283 1
78 79 1255 1
73 219 1262 1
984 210 1275 1
800 668 1350 1
1048 223 1308 1
111 112 1288 1
229 1035 1269 1
238 36 1271 1
26 27 1246 1
820 823 1327 1
1293 1229 1384 1
704 1217 1338 1
511 513 1244 1
327 1014 1391 1
294 1185 1311 1
1267 385 1280 1
852 1068 1380 1
142 143 1299 1
696 845 1261 1
399 382 1247 1
686 603 1260 1
143 1173 1299 1
1260 746 1306 1
740 602 1376 1
1165 767 1253 1
385 372 1281 1
21 1157 1316 1
816 975 1332 1
1043 704 1338 1
156 157 235 1
1178 698 1212 1
886 852 1380 1
934 933 1389 1
430 461 1263 1
78 1255 1292 1
1029 992 1387 1
763 986 1256 1
191 263 1207 1
40 41 1298 1
730 1083 1259 1
862 861 1269 1
18 1210 1371 1
120 232 1273 1
383 380 1337 1
850 848 1250 1
766 1176 1227 1
933 932 1374 1
855 1229 1293 1
1127 1180 1373 1
1013 418 1301 1
1 2 1274 1
15 16 1286 1
306 1225 1385 1
20 21 1316 1
939 897 1339 1
1148 754 1326 1
904 903 1378 1
1266 913 1296 1
250 1086 1343 1
801 912 1370 1
762 956 1315 1
960 196 1285 1
743 766 1267 1
1231 801 1370 1
895 1162 1341 1
1056 751 1276 1
77 78 1292 1
989 247 1331 1
349 351 1268 1
1068 852 1313 1
211 1254 1369 1
1214 231 1220 1
401 1170 1309 1
219 1047 1347 1
743 1267 1280 1
323 321 1270 1
395 1206 1232 1
1047 1048 1314 1
71 72 1307 1
1227 1289 1373 1
114 115 1333 1
220 1257 1383 1
874 1068 1313 1
450 1182 1393 1
1306 746 1369 1
203 1231 1370 1
185 186 1324 1
922 1357 1390 1
735 743 1280 1
387 401 1290 1
1230 946 1364 1
1166 772 1254 1
23 24 1365 1
867 868 1291 1
770 1281 1287 1
1208 1203 1310 1
561 1177 1289 1
1153 612 1240 1
645 1113 1253 1
284 1161 1354 1
978 770 1287 1
1200 978 1304 1
263 1 1274 1
1267 766 1272 1
236 1051 1395 1
590 589 1392 1
1263 461 1375 1
1188 961 1320 1
700 771 1306 1
805 733 1284 1
386 383 1323 1
227 39 1321 1
271 270 1072 1
222 3 1264 1
746 740 1277 1
1103 303 1322 1
182 1252 1368 1
992 994 1387 1
797 792 1319 1
199 273 1303 1
848 1045 1250 1
1118 799 1283 1
1205 388 1378 1
139 140 1359 1
631 632 1279 1
1238 763 1256 1
399 1266 1296 1
1140 982 1303 1
1197 926 1324 1
1221 764 1346 1
773 753 1317 1
1197 224 1291 1
960 1285 1327 1
1280 385 1281 1
1113 1188 1320 1
266 832 833 1
534 591 1282 1
1268 351 1312 1
231 26 1246 1
1240 612 1349 1
1292 773 1317 1
351 353 1312 1
1199 263 1274 1
912 1057 1370 1
17 18 1371 1
1182 1122 1393 1
241 960 1327 1
1045 886 1302 1
296 294 1311 1
1218 698 1381 1
964 1267 1272 1
1297 741 1360 1
369 371 1325 1
25 231 1214 1
1176 561 1289 1
244 118 1342 1
987 265 1355 1
271 1072 1348 1
887 1218 1381 1
234 142 1299 1
827 755 1336 1
1119 399 1296 1
140 141 1363 1
259 106 1300 1
181 182 1368 1
637 628 1358 1
1308 727 1314 1
255 1223 1353 1
1177 1127 1289 1
1030 253 1329 1
262 1072 1239 1
1175 874 1313 1
754 981 1326 1
373 375 1334 1
535 537 1330 1
460 930 1302 1
389 1162 1294 1
28 29 1351 1
1068 870 1380 1
795 796 1383 1
727 1120 1314 1
156 235 1115 1
97 266 1243 1
1059 1058 1386 1
833 1080 1335 1
132 213 1340 1
12 13 1388 1
1104 857 1301 1
1048 1308 1314 1
253 1192 1329 1
863 1222 1386 1
141 234 1363 1
751 1193 1395 1
357 359 1341 1
108 260 1367 1
461 1065 1375 1
201 1186 1332 1
1164 727 1308 1
1173 875 1299 1
1192 918 1329 1
361 363 1356 1
771 1260 1306 1
24 1214 1365 1
268 28 1351 1
613 615 1360 1
842 841 1377 1
1203 218 1310 1
1180 963 1373 1
789 790 1352 1
1080 258 1295 1
1089 255 1353 1
1173 193 1278 1
1057 203 1370 1
1203 806 1298 1
1314 1120 1347 1
805 1323 1337 1
219 1347 1382 1
800 1240 1349 1
766 1227 1272 1
399 1247 1266 1
1120 824 1347 1
1214 941 1365 1
138 139 206 1
30 31 1366 1
1225 889 1385 1
1163 250 1343 1
764 1166 1346 1
286 284 1354 1
27 268 1246 1
615 1029 1387 1
824 910 1382 1
1285 820 1327 1
1360 615 1387 1
1347 824 1382 1
258 104 1295 1
1285 196 1361 1
1133 934 1389 1
823 1293 1384 1
1047 1314 1347 1
1145 1200 1304 1
788 1290 1309 1
138 206 1095 1
196 869 1361 1
1277 211 1369 1
745 1208 1310 1
994 1360 1387 1
612 502 1379 1
924 1197 1357 1
1253 1113 1320 1
311 307 1385 1
1323 383 1337 1
1254 772 1369 1
1240 800 1350 1
602 720 1376 1
1193 236 1395 1
1186 816 1332 1
1357 868 1390 1
458 450 1393 1
982 199 1303 1
868 1150 1390 1
276 274 1381 1
911 1258 1307 1
819 1285 1361 1
1197 1291 1357 1
31 269 1366 1
260 1105 1362 1
266 833 1243 1
1374 669 1389 1
1226 805 1337 1
669 1133 1389 1
1335 987 1355 1
1290 401 1309 1
1174 878 1394 1
1257 795 1383 1
1095 851 1345 1
833 1335 1355 1
1289 1127 1373 1
1262 219 1382 1
1261 845 1358 1
1359 140 1363 1
805 1284 1323 1
1233 260 1362 1
29 237 1351 1
933 1374 1389 1
1229 1019 1384 1
768 1240 1350 1
1222 1059 1386 1
237 30 1366 1
963 1227 1373 1
1224 669 1374 1
908 1220 1348 1
1243 833 1355 1
137 1095 1345 1
994 1297 1360 1
1277 740 1372 1
206 139 1359 1
746 1277 1369 1
1291 868 1357 1
1349 612 1379 1
1092 1349 1379 1
953 1359 1363 1
831 267 1079 1

End
