MeshVersionFormatted 2
Dimension 3

Vertices
4571
-4.2353160147021618e-01 -1.4282530659015125e-01 0.0000000000000000e+00 1
-4.1692388501131766e-01 -1.5043601978950599e-01 0.0000000000000000e+00 1
-4.0985529345577887e-01 -1.5819330992290537e-01 0.0000000000000000e+00 1
-4.0233888613436897e-01 -1.6608680183888375e-01 0.0000000000000000e+00 1
-3.9438772237785613e-01 -1.7410612038597489e-01 0.0000000000000000e+00 1
-3.8601486151700937e-01 -1.8224089041271313e-01 0.0000000000000000e+00 1
-3.7723336288259712e-01 -1.9048073676763216e-01 0.0000000000000000e+00 1
-3.6805628580538824e-01 -1.9881528429926637e-01 0.0000000000000000e+00 1
-3.5849668961615117e-01 -2.0723415785614963e-01 0.0000000000000000e+00 1
-3.4856763364565468e-01 -2.1572698228681608e-01 0.0000000000000000e+00 1
-3.3828217722466741e-01 -2.2428338243979978e-01 0.0000000000000000e+00 1
-3.2765337968395797e-01 -2.3289298316363455e-01 0.0000000000000000e+00 1
-3.1669430035429508e-01 -2.4154540930685475e-01 0.0000000000000000e+00 1
-3.0541799856644725e-01 -2.5023028571799411e-01 0.0000000000000000e+00 1
-2.9383753365118331e-01 -2.5893723724558693e-01 0.0000000000000000e+00 1
-2.8196596493927184e-01 -2.6765588873816731e-01 0.0000000000000000e+00 1
-2.6981635176148144e-01 -2.7637586504426898e-01 0.0000000000000000e+00 1
-2.5740175344858085e-01 -2.8508679101242618e-01 0.0000000000000000e+00 1
-2.4473522933133868e-01 -2.9377829149117313e-01 0.0000000000000000e+00 1
-2.3182983874052360e-01 -3.0243999132904364e-01 0.0000000000000000e+00 1
-2.1869864100690420e-01 -3.1106151537457166e-01 0.0000000000000000e+00 1
-2.0535469546124926e-01 -3.1963248847629150e-01 0.0000000000000000e+00 1
-1.9181106143432730e-01 -3.2814253548273709e-01 0.0000000000000000e+00 1
-1.7808079825690706e-01 -3.3658128124244258e-01 0.0000000000000000e+00 1
-1.6417696525975720e-01 -3.4493835060394201e-01 0.0000000000000000e+00 1
-1.5011262177364620e-01 -3.5320336841576910e-01 0.0000000000000000e+00 1
-1.3590082712934287e-01 -3.6136595952645828e-01 0.0000000000000000e+00 1
-1.2155464065761594e-01 -3.6941574878454353e-01 0.0000000000000000e+00 1
-1.0708712168923398e-01 -3.7734236103855878e-01 0.0000000000000000e+00 1
-9.2511329554965605e-02 -3.8513542113703825e-01 0.0000000000000000e+00 1
-7.7840323585579421e-02 -3.9278455392851575e-01 0.0000000000000000e+00 1
-6.3087163111844091e-02 -4.0027938426152543e-01 0.0000000000000000e+00 1
-4.8264907464528439e-02 -4.0760953698460145e-01 0.0000000000000000e+00 1
-3.3386615974400999e-02 -4.1476463694627785e-01 0.0000000000000000e+00 1
-1.8465347972230352e-02 -4.2173430899508835e-01 0.0000000000000000e+00 1
-3.5141627887852467e-03 -4.2850817797956753e-01 0.0000000000000000e+00 1
1.1453880245165637e-02 -4.3507586874824900e-01 0.0000000000000000e+00 1
2.6425721798853691e-02 -4.4142700614966701e-01 0.0000000000000000e+00 1
4.1388302541510297e-02 -4.4755121503235562e-01 0.0000000000000000e+00 1
5.6328563142366755e-02 -4.5343812024484886e-01 0.0000000000000000e+00 1
7.1233444270654492e-02 -4.5907734663568067e-01 0.0000000000000000e+00 1
8.6089886595604709e-02 -4.6445851905338509e-01 0.0000000000000000e+00 1
1.0088483078644878e-01 -4.6957126234649627e-01 0.0000000000000000e+00 1
1.1560521751241820e-01 -4.7440520136354836e-01 0.0000000000000000e+00 1
1.3023798744274423e-01 -4.7894996095307529e-01 0.0000000000000000e+00 1
1.4477008124665824e-01 -4.8319516596361101e-01 0.0000000000000000e+00 1
1.5918843959339146e-01 -4.8713044124368965e-01 0.0000000000000000e+00 1
1.7348000315217538e-01 -4.9074541164184537e-01 0.0000000000000000e+00 1
1.8763171259224126e-01 -4.9402970200661211e-01 0.0000000000000000e+00 1
2.0163050858282050e-01 -4.9697293718652391e-01 0.0000000000000000e+00 1
2.1546333179314447e-01 -4.9956474203011481e-01 0.0000000000000000e+00 1
2.2911712289244440e-01 -5.0179474138591906e-01 0.0000000000000000e+00 1
2.4257882254995183e-01 -5.0365256010247028e-01 0.0000000000000000e+00 1
2.5583537143489782e-01 -5.0512782302830284e-01 0.0000000000000000e+00 1
2.6887371021651402e-01 -5.0621015501195088e-01 0.0000000000000000e+00 1
2.8168077956403159e-01 -5.0688918090194823e-01 0.0000000000000000e+00 1
2.9424352014668187e-01 -5.0715452554682894e-01 0.0000000000000000e+00 1
3.0654887263369640e-01 -5.0699581379512726e-01 0.0000000000000000e+00 1
3.1858377769430629e-01 -5.0640267049537691e-01 0.0000000000000000e+00 1
3.3033517599774309e-01 -5.0536472049611236e-01 0.0000000000000000e+00 1
3.4179000821323791e-01 -5.0387158864586712e-01 0.0000000000000000e+00 1
3.5293521501002245e-01 -5.0191289979317577e-01 0.0000000000000000e+00 1
3.6375773705732767e-01 -4.9947827878657214e-01 0.0000000000000000e+00 1
3.7424451502438516e-01 -4.9655735047459015e-01 0.0000000000000000e+00 1
3.8438248958042615e-01 -4.9313973970576408e-01 0.0000000000000000e+00 1
3.9415860139468206e-01 -4.8921507132862774e-01 0.0000000000000000e+00 1
4.0355979113638424e-01 -4.8477297019171550e-01 0.0000000000000000e+00 1
4.1257299947476395e-01 -4.7980306114356119e-01 0.0000000000000000e+00 1
4.2118516707905274e-01 -4.7429496903269874e-01 0.0000000000000000e+00 1
4.2938323461848166e-01 -4.6823831870766242e-01 0.0000000000000000e+00 1
4.3715414276228226e-01 -4.6162273501698614e-01 0.0000000000000000e+00 1
4.4448483217968587e-01 -4.5443784280920407e-01 0.0000000000000000e+00 1
4.5136224353992382e-01 -4.4667326693285025e-01 0.0000000000000000e+00 1
4.5788677864731198e-01 -4.3819055940923979e-01 0.0000000000000000e+00 1
4.6375716516582599e-01 -4.2937330478191560e-01 0.0000000000000000e+00 1
4.6898700910883540e-01 -4.2023138599050003e-01 0.0000000000000000e+00 1
4.7358991648970938e-01 -4.1077468597461508e-01 0.0000000000000000e+00 1
4.7757949332181715e-01 -4.0101308767388338e-01 0.0000000000000000e+00 1
4.8096934561852855e-01 -3.9095647402792733e-01 0.0000000000000000e+00 1
4.8377307939321257e-01 -3.8061472797636892e-01 0.0000000000000000e+00 1
4.8600430065923839e-01 -3.6999773245883055e-01 0.0000000000000000e+00 1
4.8767661542997565e-01 -3.5911537041493452e-01 0.0000000000000000e+00 1
4.8880362971879365e-01 -3.4797752478430333e-01 0.0000000000000000e+00 1
4.8939894953906182e-01 -3.3659407850655926e-01 0.0000000000000000e+00 1
4.8947618090414891e-01 -3.2497491452132421e-01 0.0000000000000000e+00 1
4.8904892982742498e-01 -3.1312991576822091e-01 0.0000000000000000e+00 1
4.8813080232225914e-01 -3.0106896518687171e-01 0.0000000000000000e+00 1
4.8673540440202090e-01 -2.8880194571689871e-01 0.0000000000000000e+00 1
4.8487634208007890e-01 -2.7633874029792427e-01 0.0000000000000000e+00 1
4.8256722136980323e-01 -2.6368923186957066e-01 0.0000000000000000e+00 1
4.7982164828456320e-01 -2.5086330337146034e-01 0.0000000000000000e+00 1
4.7665322883772765e-01 -2.3787083774321560e-01 0.0000000000000000e+00 1
4.7307556904266612e-01 -2.2472171792445850e-01 0.0000000000000000e+00 1
4.6910227491274803e-01 -2.1142582685481159e-01 0.0000000000000000e+00 1
4.6474695246134290e-01 -1.9799304747389718e-01 0.0000000000000000e+00 1
4.6002320770181993e-01 -1.8443326272133759e-01 0.0000000000000000e+00 1
4.5494464664754830e-01 -1.7075635553675483e-01 0.0000000000000000e+00 1
4.4952487531189744e-01 -1.5697220885977159e-01 0.0000000000000000e+00 1
4.4377749970823682e-01 -1.4309070563001000e-01 0.0000000000000000e+00 1
4.3771612584993591e-01 -1.2912172878709255e-01 0.0000000000000000e+00 1
4.3135435975036346e-01 -1.1507516127064124e-01 0.0000000000000000e+00 1
4.2470580742288916e-01 -1.0096088602027850e-01 0.0000000000000000e+00 1
4.1778407488088276e-01 -8.6788785975626892e-02 0.0000000000000000e+00 1
4.1060276813771301e-01 -7.2568744076308533e-02 0.0000000000000000e+00 1
4.0317549320674934e-01 -5.8310643261945544e-02 0.0000000000000000e+00 1
3.9551585610136120e-01 -4.4024366472160459e-02 0.0000000000000000e+00 1
3.8763746283491823e-01 -2.9719796646575647e-02 0.0000000000000000e+00 1
3.7955391942078937e-01 -1.5406816724813338e-02 0.0000000000000000e+00 1
3.7127883187234390e-01 -1.0953096464956652e-03 0.0000000000000000e+00 1
3.6282580620295141e-01 1.3204841648754823e-02 0.0000000000000000e+00 1
3.5420844842598126e-01 2.7483754221315826e-02 0.0000000000000000e+00 1
3.4544036455480270e-01 4.1731545131565094e-02 0.0000000000000000e+00 1
3.3653516060278488e-01 5.5938331439880411e-02 0.0000000000000000e+00 1
3.2750644258329747e-01 7.0094230206639394e-02 0.0000000000000000e+00 1
3.1836781650970969e-01 8.4189358492219604e-02 0.0000000000000000e+00 1
3.0913288839539094e-01 9.8213833356998820e-02 0.0000000000000000e+00 1
2.9981526425371030e-01 1.1215777186135489e-01 0.0000000000000000e+00 1
2.9042855009803742e-01 1.2601129106566530e-01 0.0000000000000000e+00 1
2.8098635194174149e-01 1.3976450803030771e-01 0.0000000000000000e+00 1
2.7150227579819192e-01 1.5340753981565997e-01 0.0000000000000000e+00 1
2.6198992768075796e-01 1.6693050348209973e-01 0.0000000000000000e+00 1
2.5246291360280898e-01 1.8032351609000469e-01 0.0000000000000000e+00 1
2.4293483957771445e-01 1.9357669469975236e-01 0.0000000000000000e+00 1
2.3341931161884361e-01 2.0668015637172055e-01 0.0000000000000000e+00 1
2.2392993573956566e-01 2.1962401816628713e-01 0.0000000000000000e+00 1
2.1448031795325012e-01 2.3239839714382957e-01 0.0000000000000000e+00 1
2.0508406427326636e-01 2.4499341036472555e-01 0.0000000000000000e+00 1
1.9575478071298369e-01 2.5739917488935282e-01 0.0000000000000000e+00 1
1.8650607328577126e-01 2.6960580777808912e-01 0.0000000000000000e+00 1
1.7735154800499861e-01 2.8160342609131211e-01 0.0000000000000000e+00 1
1.6830481088403515e-01 2.9338214688939934e-01 0.0000000000000000e+00 1
1.5937946793625005e-01 3.0493208723272869e-01 0.0000000000000000e+00 1
1.5058912517501266e-01 3.1624336418167781e-01 0.0000000000000000e+00 1
1.4194738861369238e-01 3.2730609479662437e-01 0.0000000000000000e+00 1
1.3346786426565860e-01 3.3811039613794591e-01 0.0000000000000000e+00 1
1.2516415814428064e-01 3.4864638526602032e-01 0.0000000000000000e+00 1
1.1704987626292773e-01 3.5890417924122531e-01 0.0000000000000000e+00 1
1.0913862463496929e-01 3.6887389512393848e-01 0.0000000000000000e+00 1
1.0144400927377470e-01 3.7854564997453732e-01 0.0000000000000000e+00 1
9.3979636192713267e-02 3.8790956085339984e-01 0.0000000000000000e+00 1
8.6759111405154299e-02 3.9695574482090362e-01 0.0000000000000000e+00 1
7.9796040924467140e-02 4.0567431893742639e-01 0.0000000000000000e+00 1
7.3104030764021222e-02 4.1405540026334570e-01 0.0000000000000000e+00 1
6.6696686937185806e-02 4.2208910585903925e-01 0.0000000000000000e+00 1
6.0587615457330227e-02 4.2976555278488499e-01 0.0000000000000000e+00 1
5.4790422337823830e-02 4.3707485810126034e-01 0.0000000000000000e+00 1
5.1923069231268548e-02 4.4008524201478916e-01 0.0000000000000000e+00 1
4.9010972907835140e-02 4.4196370109755861e-01 0.0000000000000000e+00 1
4.6053320893185687e-02 4.4276680104802324e-01 0.0000000000000000e+00 1
4.3049300712982269e-02 4.4255110756463722e-01 0.0000000000000000e+00 1
3.9998099892886885e-02 4.4137318634585454e-01 0.0000000000000000e+00 1
3.6898905958561545e-02 4.3928960309012921e-01 0.0000000000000000e+00 1
3.3750906435668276e-02 4.3635692349591565e-01 0.0000000000000000e+00 1
3.0553288849869201e-02 4.3263171326166810e-01 0.0000000000000000e+00 1
2.7305240726826274e-02 4.2817053808584060e-01 0.0000000000000000e+00 1
2.4005949592201523e-02 4.2302996366688711e-01 0.0000000000000000e+00 1
2.0654602971657013e-02 4.1726655570326204e-01 0.0000000000000000e+00 1
1.7250388390854798e-02 4.1093687989341965e-01 0.0000000000000000e+00 1
1.3792493375456912e-02 4.0409750193581390e-01 0.0000000000000000e+00 1
1.0280105451125322e-02 3.9680498752889887e-01 0.0000000000000000e+00 1
6.7124121435221118e-03 3.8911590237112892e-01 0.0000000000000000e+00 1
3.0886009783093471e-03 3.8108681216095835e-01 0.0000000000000000e+00 1
-5.9214051885097402e-04 3.7277428259684109e-01 0.0000000000000000e+00 1
-4.3306248222968260e-03 3.6423487937723131e-01 0.0000000000000000e+00 1
-8.1276644063661696e-03 3.5552516820058316e-01 0.0000000000000000e+00 1
-1.1984071745396938e-02 3.4670171476535094e-01 0.0000000000000000e+00 1
-1.5900659313727118e-02 3.3782108476998879e-01 0.0000000000000000e+00 1
-1.9878239585694700e-02 3.2893984391295072e-01 0.0000000000000000e+00 1
-2.3917625035637619e-02 3.2011455789269111e-01 0.0000000000000000e+00 1
-2.8019628137893826e-02 3.1140179240766402e-01 0.0000000000000000e+00 1
-3.2185061366801312e-02 3.0285811315632361e-01 0.0000000000000000e+00 1
-3.6414737196698049e-02 2.9454008583712404e-01 0.0000000000000000e+00 1
-4.0709468101921997e-02 2.8650427614851948e-01 0.0000000000000000e+00 1
-4.5070066556811089e-02 2.7880724978896410e-01 0.0000000000000000e+00 1
-4.9497345035703307e-02 2.7150557245691220e-01 0.0000000000000000e+00 1
-5.3992116012936658e-02 2.6465580985081766e-01 0.0000000000000000e+00 1
-5.8555191962849057e-02 2.5831452766913487e-01 0.0000000000000000e+00 1
-6.3187385359778470e-02 2.5253829161031793e-01 0.0000000000000000e+00 1
-6.7889508678062885e-02 2.4738366737282105e-01 0.0000000000000000e+00 1
-7.2662374392040263e-02 2.4290722065509832e-01 0.0000000000000000e+00 1
-7.7506794976048579e-02 2.3916551715560391e-01 0.0000000000000000e+00 1
-8.2423582904425766e-02 2.3621512257279206e-01 0.0000000000000000e+00 1
-8.7413550651509797e-02 2.3411260260511690e-01 0.0000000000000000e+00 1
-9.1668289482334769e-02 2.3324935812186928e-01 0.0000000000000000e+00 1
-9.6025852827205271e-02 2.3338471955539247e-01 0.0000000000000000e+00 1
-1.0047566090811280e-01 2.3444633655695932e-01 0.0000000000000000e+00 1
-1.0500713394704890e-01 2.3636185877784263e-01 0.0000000000000000e+00 1
-1.0960969216600501e-01 2.3905893586931529e-01 0.0000000000000000e+00 1
-1.1427275578697262e-01 2.4246521748264999e-01 0.0000000000000000e+00 1
-1.1898574503194324e-01 2.4650835326911966e-01 0.0000000000000000e+00 1
-1.2373808012290835e-01 2.5111599287999709e-01 0.0000000000000000e+00 1
-1.2851918128185941e-01 2.5621578596655509e-01 0.0000000000000000e+00 1
-1.3331846873078798e-01 2.6173538218006648e-01 0.0000000000000000e+00 1
-1.3812536269168546e-01 2.6760243117180399e-01 0.0000000000000000e+00 1
-1.4292928338654343e-01 2.7374458259304046e-01 0.0000000000000000e+00 1
-1.4771965103735329e-01 2.8008948609504886e-01 0.0000000000000000e+00 1
-1.5248588586610659e-01 2.8656479132910184e-01 0.0000000000000000e+00 1
-1.5721740809479484e-01 2.9309814794647238e-01 0.0000000000000000e+00 1
-1.6190363794540943e-01 2.9961720559843308e-01 0.0000000000000000e+00 1
-1.6653399563994195e-01 3.0604961393625690e-01 0.0000000000000000e+00 1
-1.7109790140038383e-01 3.1232302261121658e-01 0.0000000000000000e+00 1
-1.7558477544872661e-01 3.1836508127458496e-01 0.0000000000000000e+00 1
-1.7998403800696172e-01 3.2410343957763499e-01 0.0000000000000000e+00 1
-1.8428510929708070e-01 3.2946574717163923e-01 0.0000000000000000e+00 1
-1.8847740954107500e-01 3.3437965370787076e-01 0.0000000000000000e+00 1
-1.9255035896093611e-01 3.3877280883760219e-01 0.0000000000000000e+00 1
-1.9649337777865555e-01 3.4257286221210637e-01 0.0000000000000000e+00 1
-2.0029588621622479e-01 3.4570746348265624e-01 0.0000000000000000e+00 1
-2.0394730449563536e-01 3.4810426230052455e-01 0.0000000000000000e+00 1
-2.0743705283887870e-01 3.4969090831698407e-01 0.0000000000000000e+00 1
-2.1075455146794628e-01 3.5039505118330760e-01 0.0000000000000000e+00 1
-2.1388922060482962e-01 3.5014434055076810e-01 0.0000000000000000e+00 1
-2.1683048047152026e-01 3.4886642607063817e-01 0.0000000000000000e+00 1
-2.1956775129000961e-01 3.4648895739419083e-01 0.0000000000000000e+00 1
-2.2431093062082610e-01 3.4110860953215311e-01 0.0000000000000000e+00 1
-2.2929587976202626e-01 3.3533273344227887e-01 0.0000000000000000e+00 1
-2.3450654725286396e-01 3.2917613421304570e-01 0.0000000000000000e+00 1
-2.3992688163259349e-01 3.2265361693293149e-01 0.0000000000000000e+00 1
-2.4554083144046873e-01 3.1577998669041374e-01 0.0000000000000000e+00 1
-2.5133234521574366e-01 3.0857004857397008e-01 0.0000000000000000e+00 1
-2.5728537149767239e-01 3.0103860767207818e-01 0.0000000000000000e+00 1
-2.6338385882550908e-01 2.9320046907321584e-01 0.0000000000000000e+00 1
-2.6961175573850771e-01 2.8507043786586050e-01 0.0000000000000000e+00 1
-2.7595301077592216e-01 2.7666331913848996e-01 0.0000000000000000e+00 1
-2.8239157247700647e-01 2.6799391797958166e-01 0.0000000000000000e+00 1
-2.8891138938101490e-01 2.5907703947761357e-01 0.0000000000000000e+00 1
-2.9549641002720134e-01 2.4992748872106313e-01 0.0000000000000000e+00 1
-3.0213058295481982e-01 2.4056007079840797e-01 0.0000000000000000e+00 1
-3.0879785670312454e-01 2.3098959079812589e-01 0.0000000000000000e+00 1
-3.1548217981136933e-01 2.2123085380869451e-01 0.0000000000000000e+00 1
-3.2216750081880829e-01 2.1129866491859139e-01 0.0000000000000000e+00 1
-3.2883776826469557e-01 2.0120782921629426e-01 0.0000000000000000e+00 1
-3.3547693068828499e-01 1.9097315179028068e-01 0.0000000000000000e+00 1
-3.4206893662883081e-01 1.8060943772902849e-01 0.0000000000000000e+00 1
-3.4859773462558691e-01 1.7013149212101514e-01 0.0000000000000000e+00 1
-3.5504727321780738e-01 1.5955412005471831e-01 0.0000000000000000e+00 1
-3.6140150094474632e-01 1.4889212661861578e-01 0.0000000000000000e+00 1
-3.6764436634565767e-01 1.3816031690118519e-01 0.0000000000000000e+00 1
-3.7375981795979552e-01 1.2737349599090408e-01 0.0000000000000000e+00 1
-3.7973180432641390e-01 1.1654646897625015e-01 0.0000000000000000e+00 1
-3.8554427398476682e-01 1.0569404094570102e-01 0.0000000000000000e+00 1
-3.9118117547410841e-01 9.4831016987734440e-02 0.0000000000000000e+00 1
-3.9662645733369262e-01 8.3972202190828016e-02 0.0000000000000000e+00 1
-4.0186406810277348e-01 7.3132401643459313e-02 0.0000000000000000e+00 1
-4.0687795632060508e-01 6.2326420434106133e-02 0.0000000000000000e+00 1
-4.1165207052644137e-01 5.1569063651246062e-02 0.0000000000000000e+00 1
-4.1617035925953649e-01 4.0875136383356728e-02 0.0000000000000000e+00 1
-4.2041677105914443e-01 3.0259443718915834e-02 0.0000000000000000e+00 1
-4.2437525446451929e-01 1.9736790746400917e-02 0.0000000000000000e+00 1
-4.2802975801491505e-01 9.3219825542897872e-03 0.0000000000000000e+00 1
-4.3136423024958570e-01 -9.7017576893997093e-04 0.0000000000000000e+00 1
-4.3436261970778545e-01 -1.1124879134810778e-02 0.0000000000000000e+00 1
-4.3700887492876805e-01 -2.1127322454844860e-02 0.0000000000000000e+00 1
-4.3928694445178779e-01 -3.0962700640564569e-02 0.0000000000000000e+00 1
-4.4118077681609869e-01 -4.0616208603492354e-02 0.0000000000000000e+00 1
-4.4267432056095457e-01 -5.0073041255150469e-02 0.0000000000000000e+00 1
-4.4375152422560971e-01 -5.9318393507061362e-02 0.0000000000000000e+00 1
-4.4439633634931808e-01 -6.8337460270747274e-02 0.0000000000000000e+00 1
-4.4459270547133362e-01 -7.7115436457730613e-02 0.0000000000000000e+00 1
-4.4432458013091053e-01 -8.5637516979533729e-02 0.0000000000000000e+00 1
-4.4357590886730269e-01 -9.3888896747678918e-02 0.0000000000000000e+00 1
-4.4233064021976426e-01 -1.0185477067368851e-01 0.0000000000000000e+00 1
-4.4057272272754922e-01 -1.0952033366908492e-01 0.0000000000000000e+00 1
-4.3828610492991155e-01 -1.1687078064539050e-01 0.0000000000000000e+00 1
-4.3545473536610541e-01 -1.2389130651412758e-01 0.0000000000000000e+00 1
-4.3206256257538478e-01 -1.3056710618681849e-01 0.0000000000000000e+00 1
-4.2809353509700371e-01 -1.3688337457498559e-01 0.0000000000000000e+00 1
-3.7901231027279603e-01 9.5708988414477142e-02 0.0000000000000000e+00 1
-1.3635323607600644e-01 -3.4348072280850961e-01 0.0000000000000000e+00 1
2.8436105080689328e-01 1.1085304926291323e-01 0.0000000000000000e+00 1
-2.9206413196089398e-01 -2.4463768704240960e-01 0.0000000000000000e+00 1
-7.2697653750071756e-02 2.3711368153805193e-01 0.0000000000000000e+00 1
-1.0901663628333659e-01 2.3398929900716448e-01 0.0000000000000000e+00 1
-3.4270113508810801e-01 1.5949197656925368e-01 0.0000000000000000e+00 1
-3.5909061138113471e-02 -3.9821007361518440e-01 0.0000000000000000e+00 1
3.3739079661206572e-01 2.7067389248131613e-02 0.0000000000000000e+00 1
-2.1805123130934714e-01 -2.9588500823467234e-01 0.0000000000000000e+00 1
-8.8514918856642449e-02 2.3004791907743585e-01 0.0000000000000000e+00 1
-4.1361327399705750e-01 2.1676427553600372e-02 0.0000000000000000e+00 1
6.7357019876430294e-02 -4.4249486327147630e-01 0.0000000000000000e+00 1
3.8668213083227898e-01 -5.6455860464463090e-02 0.0000000000000000e+00 1
2.2687971919026242e-01 1.9192446283847589e-01 0.0000000000000000e+00 1
1.7055194264065618e-01 -4.7696500378863416e-01 0.0000000000000000e+00 1
4.2993606579778043e-01 -1.4040915305380347e-01 0.0000000000000000e+00 1
-3.5482744033283303e-01 -1.9403597628166530e-01 0.0000000000000000e+00 1
4.7023663705986074e-01 -2.6077481405148817e-01 0.0000000000000000e+00 1
3.5617942768289779e-01 -4.9021863322400500e-01 0.0000000000000000e+00 1
2.6258209070841287e-01 -4.9458335949453458e-01 0.0000000000000000e+00 1
-5.1163135648461651e-02 2.5748990270713712e-01 0.0000000000000000e+00 1
-3.1073663189996653e-01 2.1079535229037008e-01 0.0000000000000000e+00 1
4.7836300724827807e-01 -3.5255481623491491e-01 0.0000000000000000e+00 1
-4.3572081168193783e-01 -5.5621429422311616e-02 0.0000000000000000e+00 1
-1.3042792367268038e-01 2.4963526420886600e-01 0.0000000000000000e+00 1
1.8084123276977931e-01 2.5619958831630552e-01 0.0000000000000000e+00 1
4.4166777425433645e-01 -4.4498082519304361e-01 0.0000000000000000e+00 1
-3.9947452720351412e-01 -1.5551466112190515e-01 0.0000000000000000e+00 1
-3.1217106285453516e-02 2.8501934758508729e-01 0.0000000000000000e+00 1
-2.8523022627235073e-01 2.4952659430018204e-01 0.0000000000000000e+00 1
-1.5001239921384044e-01 2.7240861451159409e-01 0.0000000000000000e+00 1
1.4511693566438436e-01 3.0145243097866936e-01 0.0000000000000000e+00 1
-4.3483890151244836e-01 -1.0362740336894771e-01 0.0000000000000000e+00 1
4.5114236848076211e-01 -1.9522999701320345e-01 0.0000000000000000e+00 1
-1.5099905115241272e-02 3.2290091153611267e-01 0.0000000000000000e+00 1
4.6571033763316488e-01 -4.0387715146800068e-01 0.0000000000000000e+00 1
-4.2575048256904369e-01 -1.8062198029898436e-02 0.0000000000000000e+00 1
-2.5982841487477221e-01 2.8400416323969607e-01 0.0000000000000000e+00 1
4.0256287673522512e-01 -4.7385281893728359e-01 0.0000000000000000e+00 1
3.1043559801411436e-01 -4.9696899236106384e-01 0.0000000000000000e+00 1
4.7824975722708191e-01 -3.0788657066894415e-01 0.0000000000000000e+00 1
1.1095766822389480e-01 3.4678427838537834e-01 0.0000000000000000e+00 1
-1.6986265954345622e-01 2.9833289250863892e-01 0.0000000000000000e+00 1
1.2424344649606799e-03 3.5662275372056790e-01 0.0000000000000000e+00 1
2.5282799717877819e-01 1.5028316412882103e-01 0.0000000000000000e+00 1
1.1896011711026378e-02 3.8205465270308070e-01 0.0000000000000000e+00 1
-2.5713657852873528e-01 -2.6914053149728123e-01 0.0000000000000000e+00 1
-1.7819256474091319e-01 -3.2120551415414811e-01 0.0000000000000000e+00 1
3.1073138811127765e-01 6.9336384252124489e-02 0.0000000000000000e+00 1
-3.2656471440589563e-01 -2.1991791636068642e-01 0.0000000000000000e+00 1
-9.3056699242761554e-02 -3.6862797038102380e-01 0.0000000000000000e+00 1
-2.4191713800202405e-01 3.0706658432592321e-01 0.0000000000000000e+00 1
3.6301766728375467e-01 -1.5488420012770475e-02 0.0000000000000000e+00 1
-3.6137359027762977e-01 1.2747823035472522e-01 0.0000000000000000e+00 1
2.4380181917805985e-02 -4.2657335982885619e-01 0.0000000000000000e+00 1
4.0645391120836893e-01 -1.0099008270812046e-01 0.0000000000000000e+00 1
-3.9514763403339070e-01 6.3044051386469568e-02 0.0000000000000000e+00 1
1.2676184521855657e-01 -4.6420681410156783e-01 0.0000000000000000e+00 1
9.0028497668538085e-02 3.7737548307948221e-01 0.0000000000000000e+00 1
-9.9148536762902723e-02 2.3015244944417579e-01 0.0000000000000000e+00 1
2.1110721885942804e-01 -4.8638024664970558e-01 0.0000000000000000e+00 1
-4.2460799995492082e-01 -1.3028796175630578e-01 0.0000000000000000e+00 1
-1.8250358464966876e-01 3.1798008752671586e-01 0.0000000000000000e+00 1
2.2369848845200758e-02 4.0455524844128760e-01 0.0000000000000000e+00 1
-1.9351022032526488e-01 3.3307682472755645e-01 0.0000000000000000e+00 1
-4.3780863073317111e-01 -8.2475681032354253e-02 0.0000000000000000e+00 1
-2.0438269070259038e-01 3.4415537253199507e-01 0.0000000000000000e+00 1
3.5847801331347656e-02 4.3180158775327238e-01 0.0000000000000000e+00 1
-2.2573168938911034e-01 3.2780939339907650e-01 0.0000000000000000e+00 1
6.9290462141738812e-02 4.0394029581402657e-01 0.0000000000000000e+00 1
-6.1615925973334901e-02 2.4650858275614823e-01 0.0000000000000000e+00 1
-1.2017963093961240e-01 2.4069907182153166e-01 0.0000000000000000e+00 1
4.6842655019647905e-02 4.3982599422270641e-01 0.0000000000000000e+00 1
-4.1731821388720371e-02 2.7062922380902837e-01 0.0000000000000000e+00 1
-1.4022142160666276e-01 2.6013100002804446e-01 0.0000000000000000e+00 1
-2.3208213992300809e-02 3.0428677482066813e-01 0.0000000000000000e+00 1
5.7817590839305655e-02 4.2091445531754484e-01 0.0000000000000000e+00 1
1.2829899856953936e-01 3.2537501058174023e-01 0.0000000000000000e+00 1
1.6310496745481473e-01 2.7961202850331868e-01 0.0000000000000000e+00 1
-1.6046679127240668e-01 2.8581488451931880e-01 0.0000000000000000e+00 1
-5.9405195138229607e-03 3.3854589144053981e-01 0.0000000000000000e+00 1
1.9878293570056474e-01 2.3202003143328009e-01 0.0000000000000000e+00 1
-2.7177303931095886e-01 2.6716970218606650e-01 0.0000000000000000e+00 1
-2.9681806356177509e-01 2.3117879243645395e-01 0.0000000000000000e+00 1
-3.2366570540471051e-01 1.9057831587383883e-01 0.0000000000000000e+00 1
-3.8271532980174566e-01 -1.6995191609283447e-01 0.0000000000000000e+00 1
-4.4967687170822104e-03 -4.1083111414098594e-01 0.0000000000000000e+00 1
-6.5141616301489721e-02 -3.8419050814062972e-01 0.0000000000000000e+00 1
9.8201690565848460e-02 -4.5477972389992849e-01 0.0000000000000000e+00 1
4.3977018059275119e-01 -1.6877801802878095e-01 0.0000000000000000e+00 1
-4.0472010916078621e-01 4.2338768063175242e-02 0.0000000000000000e+00 1
4.5942398664652784e-01 -2.2222356328476214e-01 0.0000000000000000e+00 1
-4.2087876232064642e-01 1.3189565588587570e-03 0.0000000000000000e+00 1
2.3731143153982259e-01 -4.9201533917542128e-01 0.0000000000000000e+00 1
2.7056244548448856e-02 4.1712051648533310e-01 0.0000000000000000e+00 1
2.9012671375097471e-01 -4.9729585187572228e-01 0.0000000000000000e+00 1
4.7539776538855427e-01 -2.8428472208688838e-01 0.0000000000000000e+00 1
-4.3178432725929233e-01 -3.7447299902074897e-02 0.0000000000000000e+00 1
3.3393214382097558e-01 -4.9346178482261605e-01 0.0000000000000000e+00 1
4.7988824678571040e-01 -3.3083816070184924e-01 0.0000000000000000e+00 1
3.7682370443890101e-01 -4.8533149501457007e-01 0.0000000000000000e+00 1
-2.1843193242394782e-01 3.4070674033180154e-01 0.0000000000000000e+00 1
4.7574845683761036e-01 -3.7350772970753848e-01 0.0000000000000000e+00 1
4.5232038169351862e-01 -4.2872717423724283e-01 0.0000000000000000e+00 1
4.2105497825670479e-01 -4.6374320373110856e-01 0.0000000000000000e+00 1
-4.1448279615496803e-01 -1.4164282822351351e-01 0.0000000000000000e+00 1
-4.3037842409979882e-01 -1.1795047808280998e-01 0.0000000000000000e+00 1
4.0807756024258714e-02 4.3695432002283563e-01 0.0000000000000000e+00 1
-2.1164209320158311e-01 3.4704560787709771e-01 0.0000000000000000e+00 1
5.0912978157312952e-02 4.3624399713383166e-01 0.0000000000000000e+00 1
-8.3716783776796810e-02 2.3125192660815289e-01 0.0000000000000000e+00 1
-8.5150035588142672e-02 2.2654844694507911e-01 0.0000000000000000e+00 1
-8.0420711867456016e-02 2.2748980461855497e-01 0.0000000000000000e+00 1
-8.2084990465325497e-02 2.2271103844068768e-01 0.0000000000000000e+00 1
-7.7175469315654388e-02 2.2343724622105168e-01 0.0000000000000000e+00 1
-7.8852269964166583e-02 2.1875739512843029e-01 0.0000000000000000e+00 1
-7.3761458464422835e-02 2.1943538970171989e-01 0.0000000000000000e+00 1
-7.5561691747475374e-02 2.1448846262653987e-01 0.0000000000000000e+00 1
-7.0200808652385510e-02 2.1516310163869160e-01 0.0000000000000000e+00 1
-7.2341142761881527e-02 2.0991084239584115e-01 0.0000000000000000e+00 1
-6.6589823619044197e-02 2.1069135034317066e-01 0.0000000000000000e+00 1
-6.8773838198877432e-02 2.0520521677534465e-01 0.0000000000000000e+00 1
-6.2796225511481965e-02 2.0603309945849049e-01 0.0000000000000000e+00 1
-6.5112700397722933e-02 2.0021855145965850e-01 0.0000000000000000e+00 1
-5.8715095892165538e-02 2.0122259025997991e-01 0.0000000000000000e+00 1
-6.1138723268688307e-02 1.9514216779744212e-01 0.0000000000000000e+00 1
-6.7677456213174461e-02 1.9425989165056962e-01 0.0000000000000000e+00 1
-6.3655504761193443e-02 1.8897980571695039e-01 0.0000000000000000e+00 1
-7.0357897123422136e-02 1.8813500289539298e-01 0.0000000000000000e+00 1
-6.6232489664602406e-02 1.8268239610044207e-01 0.0000000000000000e+00 1
-7.3079355756658054e-02 1.8184864235485856e-01 0.0000000000000000e+00 1
-6.8900946313581776e-02 1.7628506119474335e-01 0.0000000000000000e+00 1
-7.5631026455270478e-02 1.7532560269118816e-01 0.0000000000000000e+00 1
-7.1574505894124549e-02 1.6974548147582463e-01 0.0000000000000000e+00 1
-7.8400539968221578e-02 1.6850439236547210e-01 0.0000000000000000e+00 1
-7.4365791891095392e-02 1.6314949567442522e-01 0.0000000000000000e+00 1
-8.1541351749107469e-02 1.6191419888911868e-01 0.0000000000000000e+00 1
-7.6414181790528515e-02 1.5550956765664517e-01 0.0000000000000000e+00 1
-8.4407794696954835e-02 1.5524793535577025e-01 0.0000000000000000e+00 1
-8.0091319422414375e-02 1.4936684926127999e-01 0.0000000000000000e+00 1
-8.7528701257657243e-02 1.4850370509718416e-01 0.0000000000000000e+00 1
-8.2756840170793752e-02 1.4225421984172357e-01 0.0000000000000000e+00 1
-9.0564268391760031e-02 1.4145829245030539e-01 0.0000000000000000e+00 1
-8.5318352049073010e-02 1.3486364314509347e-01 0.0000000000000000e+00 1
-9.3602731326870553e-02 1.3425164115957108e-01 0.0000000000000000e+00 1
-8.8468247082151952e-02 1.2769649784719006e-01 0.0000000000000000e+00 1
-9.6774412489696607e-02 1.2697067684336458e-01 0.0000000000000000e+00 1
-9.1965039303164242e-02 1.2053129793944146e-01 0.0000000000000000e+00 1
-8.3939967775560967e-02 1.2107867416013807e-01 0.0000000000000000e+00 1
-8.7264008650237979e-02 1.1379864459622591e-01 0.0000000000000000e+00 1
-6.7462030739603385e-02 1.6456411851526859e-01 0.0000000000000000e+00 1
-9.5114861249948571e-02 1.1308709753721002e-01 0.0000000000000000e+00 1
-9.0218945240217147e-02 1.0633928025729250e-01 0.0000000000000000e+00 1
-8.2076645851011931e-02 1.0729910805677609e-01 0.0000000000000000e+00 1
-8.5191908391329743e-02 9.9458210547775677e-02 0.0000000000000000e+00 1
-9.3250910127113021e-02 9.8251715474172358e-02 0.0000000000000000e+00 1
-8.8474850175001410e-02 9.1244440722347608e-02 0.0000000000000000e+00 1
-7.9666043110747708e-02 9.2431163886372958e-02 0.0000000000000000e+00 1
-8.3092377183242555e-02 8.4081844130867139e-02 0.0000000000000000e+00 1
-9.2166786453215022e-02 8.2940814288740686e-02 0.0000000000000000e+00 1
-8.6629624064482075e-02 7.5558870503445869e-02 0.0000000000000000e+00 1
-9.5914906980868075e-02 7.4446955895269423e-02 0.0000000000000000e+00 1
-9.0248659372522202e-02 6.6890873386506455e-02 0.0000000000000000e+00 1
-9.9640207576141310e-02 6.5758932224114483e-02 0.0000000000000000e+00 1
-8.0839565650336856e-02 6.8089394017996935e-02 0.0000000000000000e+00 1
-8.4520679864419093e-02 5.9189236399972207e-02 0.0000000000000000e+00 1
-7.4801525653976020e-02 6.0422502631623250e-02 0.0000000000000000e+00 1
-7.8662512761025594e-02 5.1266168864844759e-02 0.0000000000000000e+00 1
-6.8651623857609215e-02 5.2551890557632486e-02 0.0000000000000000e+00 1
-7.2615609179598958e-02 4.3242819044682398e-02 0.0000000000000000e+00 1
-6.2809335135773331e-02 4.4158219750637953e-02 0.0000000000000000e+00 1
-6.6411899124358756e-02 3.4926760961919531e-02 0.0000000000000000e+00 1
-5.5228161059683714e-02 3.6350295287964671e-02 0.0000000000000000e+00 1
-5.9769927774108875e-02 2.6489796582273219e-02 0.0000000000000000e+00 1
-4.9378285689118735e-02 2.7741530154406124e-02 0.0000000000000000e+00 1
-5.3541875720930214e-02 1.7677525440817646e-02 0.0000000000000000e+00 1
-4.2602971262392528e-02 1.9045243684527813e-02 0.0000000000000000e+00 1
-4.6868917844039883e-02 8.7142407911914108e-03 0.0000000000000000e+00 1
-3.5643195889237818e-02 1.0112466596832796e-02 0.0000000000000000e+00 1
-6.4424632258819378e-02 1.6351970079117081e-02 0.0000000000000000e+00 1
-5.4578920943877798e-02 1.9603192802151043e-01 0.0000000000000000e+00 1
-3.9584236723030512e-02 -1.3286192051364045e-04 0.0000000000000000e+00 1
-2.8800688260490957e-02 7.9024643480272018e-04 0.0000000000000000e+00 1
-3.3049999862837312e-02 -9.7434139737625561e-03 0.0000000000000000e+00 1
-2.1595017653993454e-02 -8.4706075160033683e-03 0.0000000000000000e+00 1
-3.8374154861596024e-02 2.9327414476808623e-02 0.0000000000000000e+00 1
-2.6501427920482840e-02 -1.9544661769059168e-02 0.0000000000000000e+00 1
-1.4616057191493831e-02 -1.8276690116956075e-02 0.0000000000000000e+00 1
-1.9318035543622658e-02 -2.9531986759443241e-02 0.0000000000000000e+00 1
-6.4756069996480710e-03 -2.7456632600856672e-02 0.0000000000000000e+00 1
-1.1807718989251578e-02 -3.9388356824386538e-02 0.0000000000000000e+00 1
1.3692316177253421e-03 -3.7236244138447130e-02 0.0000000000000000e+00 1
-3.9629709847140886e-03 -4.9249602161467877e-02 0.0000000000000000e+00 1
8.8892006198723807e-03 -4.7467685082050376e-02 0.0000000000000000e+00 1
-3.3173289607423037e-02 -3.1820017196768087e-02 0.0000000000000000e+00 1
-1.0162683798692340e-01 1.3343329893522998e-01 0.0000000000000000e+00 1
3.5943285301395416e-03 -5.9582216276849717e-02 0.0000000000000000e+00 1
1.6771750581196215e-02 -5.7640669991816308e-02 0.0000000000000000e+00 1
1.1610532174171965e-02 -6.9822632656457287e-02 0.0000000000000000e+00 1
2.4740223987644170e-02 -6.8097865082454037e-02 0.0000000000000000e+00 1
1.9774692848560448e-02 -8.0182657352371997e-02 0.0000000000000000e+00 1
3.2827994145019038e-02 -7.8668944111808553e-02 0.0000000000000000e+00 1
2.7839602910135073e-02 -9.0920821554327791e-02 0.0000000000000000e+00 1
4.1059760032821642e-02 -8.9366637440938895e-02 0.0000000000000000e+00 1
-1.5980584131746957e-03 -1.4334611775856432e-02 0.0000000000000000e+00 1
6.4967392205497682e-03 -8.2126644525894132e-02 0.0000000000000000e+00 1
3.6074335410775635e-02 -1.0171138210781347e-01 0.0000000000000000e+00 1
4.9575466880953344e-02 -1.0001297987360515e-01 0.0000000000000000e+00 1
4.4503131439157080e-02 -1.1255229076161716e-01 0.0000000000000000e+00 1
5.8049234709781503e-02 -1.1088094987977094e-01 0.0000000000000000e+00 1
3.8916319014957790e-02 -6.7881948572414946e-02 0.0000000000000000e+00 1
5.2887684533923736e-02 -1.2363711837571907e-01 0.0000000000000000e+00 1
6.6596314108308685e-02 -1.2193064859420785e-01 0.0000000000000000e+00 1
6.1598069364434495e-02 -1.3464476529746722e-01 0.0000000000000000e+00 1
7.5208770468962682e-02 -1.3316872492447251e-01 0.0000000000000000e+00 1
8.0579191434401787e-02 -1.2006570557298360e-01 0.0000000000000000e+00 1
8.9228108014063584e-02 -1.3139686926913588e-01 0.0000000000000000e+00 1
8.3735997697008638e-02 -1.4457030072725799e-01 0.0000000000000000e+00 1
9.7912140040009726e-02 -1.4276974422244015e-01 0.0000000000000000e+00 1
9.2365898734662222e-02 -1.5601225239396882e-01 0.0000000000000000e+00 1
1.0664763437904631e-01 -1.5420196275859654e-01 0.0000000000000000e+00 1
4.9199541816947613e-02 -1.3583709533507504e-01 0.0000000000000000e+00 1
1.0107534444861835e-01 -1.6752149996380286e-01 0.0000000000000000e+00 1
1.1543176167340732e-01 -1.6569803376113196e-01 0.0000000000000000e+00 1
9.4640354070323340e-02 -1.1825341821927837e-01 0.0000000000000000e+00 1
1.0983023792926326e-01 -1.7907818230967254e-01 0.0000000000000000e+00 1
1.2425516282515160e-01 -1.7724442828185799e-01 0.0000000000000000e+00 1
1.2985148784677542e-01 -1.6381161538596711e-01 0.0000000000000000e+00 1
1.3871421710618020e-01 -1.7539370471467408e-01 0.0000000000000000e+00 1
1.3307842691729965e-01 -1.8885152443032927e-01 0.0000000000000000e+00 1
1.4756744468776964e-01 -1.8701623363821401e-01 0.0000000000000000e+00 1
1.4172480011359068e-01 -2.0063862938216154e-01 0.0000000000000000e+00 1
1.5639038263798138e-01 -1.9868152363825023e-01 0.0000000000000000e+00 1
1.5053638814769091e-01 -2.1231937977911963e-01 0.0000000000000000e+00 1
1.6523373667225486e-01 -2.1034301186393836e-01 0.0000000000000000e+00 1
1.4434532698808239e-01 -1.6190728672358462e-01 0.0000000000000000e+00 1
1.5956822447086871e-01 -2.2384261862291244e-01 0.0000000000000000e+00 1
1.7413028589282098e-01 -2.2196354674436797e-01 0.0000000000000000e+00 1
1.7978563454969052e-01 -2.0846915813309602e-01 0.0000000000000000e+00 1
1.8863339424331085e-01 -2.2012533259690328e-01 0.0000000000000000e+00 1
1.8297182763521647e-01 -2.3358271988818363e-01 0.0000000000000000e+00 1
1.9744020908523574e-01 -2.3177157031651946e-01 0.0000000000000000e+00 1
-8.9720044937452809e-02 1.6120932768264803e-01 0.0000000000000000e+00 1
1.9179498690822130e-01 -2.4518141959894352e-01 0.0000000000000000e+00 1
2.0621259912777815e-01 -2.4338558905988378e-01 0.0000000000000000e+00 1
1.4470113732382911e-01 -2.2593072846486331e-01 0.0000000000000000e+00 1
1.9421646882373184e-01 -2.0670103091599182e-01 0.0000000000000000e+00 1
2.0058396555584118e-01 -2.5675838160366626e-01 0.0000000000000000e+00 1
2.1494483827358171e-01 -2.5496752454837435e-01 0.0000000000000000e+00 1
2.0933413883224644e-01 -2.6833479769887558e-01 0.0000000000000000e+00 1
2.2365190068042998e-01 -2.6652502311768922e-01 0.0000000000000000e+00 1
2.2924155673358038e-01 -2.5329291353371280e-01 0.0000000000000000e+00 1
2.3788713404463238e-01 -2.6476060579730415e-01 0.0000000000000000e+00 1
2.3233884100162783e-01 -2.7787941132504673e-01 0.0000000000000000e+00 1
2.4647483871204340e-01 -2.7609680531979530e-01 0.0000000000000000e+00 1
2.5203322434234987e-01 -2.6304222039420355e-01 0.0000000000000000e+00 1
2.6052071023771683e-01 -2.7437884707193666e-01 0.0000000000000000e+00 1
2.5500048568547129e-01 -2.8733379362733236e-01 0.0000000000000000e+00 1
2.6892977796287720e-01 -2.8565092369970913e-01 0.0000000000000000e+00 1
2.6348609883811308e-01 -2.9847544397967030e-01 0.0000000000000000e+00 1
2.7724409676299311e-01 -2.9683602492201189e-01 0.0000000000000000e+00 1
2.6610869257285408e-01 -2.6135174172544462e-01 0.0000000000000000e+00 1
2.7186244720334596e-01 -3.0954243404618220e-01 0.0000000000000000e+00 1
2.8548284221024500e-01 -3.0791313984824648e-01 0.0000000000000000e+00 1
2.8012750925433905e-01 -3.2048972857249203e-01 0.0000000000000000e+00 1
2.9368340828788697e-01 -3.1882099176920020e-01 0.0000000000000000e+00 1
2.6650792893765579e-01 -3.2219448260632927e-01 0.0000000000000000e+00 1
2.9901472273835933e-01 -3.0634185541074355e-01 0.0000000000000000e+00 1
3.0708843754004844e-01 -3.1722283908055510e-01 0.0000000000000000e+00 1
3.0179969654054628e-01 -3.2954660701069316e-01 0.0000000000000000e+00 1
3.1504810519193555e-01 -3.2798710223241695e-01 0.0000000000000000e+00 1
3.1241572924501726e-01 -3.0488839881975061e-01 0.0000000000000000e+00 1
9.6097244441403079e-02 -1.8118934171224824e-01 0.0000000000000000e+00 1
1.9496937191778019e-01 -2.7011514387976610e-01 0.0000000000000000e+00 1
3.0986618058619531e-01 -3.4013239278530372e-01 0.0000000000000000e+00 1
3.2288184004211778e-01 -3.3862509528653462e-01 0.0000000000000000e+00 1
3.1778545617424081e-01 -3.5059337977444571e-01 0.0000000000000000e+00 1
3.3061641742526149e-01 -3.4911062003593085e-01 0.0000000000000000e+00 1
-7.9486523303677892e-02 1.8066202943173182e-01 0.0000000000000000e+00 1
-5.2098099092579411e-02 2.0236726294922613e-01 0.0000000000000000e+00 1
-4.7823196855042160e-02 1.9699382992667974e-01 0.0000000000000000e+00 1
-4.5245611679764659e-02 2.0360694274459937e-01 0.0000000000000000e+00 1
-4.0697361211848762e-02 1.9810532177510887e-01 0.0000000000000000e+00 1
-3.8050717797870399e-02 2.0471467862358489e-01 0.0000000000000000e+00 1
-3.3388289299523595e-02 1.9913075940343489e-01 0.0000000000000000e+00 1
-3.0644535421772062e-02 2.0599312879855017e-01 0.0000000000000000e+00 1
-2.5803102344357509e-02 2.0023601670987204e-01 0.0000000000000000e+00 1
-2.3269266596678446e-02 2.0794573077443138e-01 0.0000000000000000e+00 1
-1.8043700214648885e-02 2.0149983606308711e-01 0.0000000000000000e+00 1
-1.5753759790315916e-02 2.0959772559060844e-01 0.0000000000000000e+00 1
-1.0041312296657303e-02 2.0270354827133949e-01 0.0000000000000000e+00 1
-7.4462784580748287e-03 2.1069110778500583e-01 0.0000000000000000e+00 1
-1.7147198866977204e-03 2.0388869241398241e-01 0.0000000000000000e+00 1
-4.8862596492992268e-03 1.9592637161789786e-01 0.0000000000000000e+00 1
3.8065076994314414e-03 1.9719946537475946e-01 0.0000000000000000e+00 1
2.5756529320497459e-04 1.8875530870526683e-01 0.0000000000000000e+00 1
9.4553280305308234e-03 1.9023716109359468e-01 0.0000000000000000e+00 1
6.1486047440771118e-03 1.8180676715765648e-01 0.0000000000000000e+00 1
1.5405370196052004e-02 1.8309684086863359e-01 0.0000000000000000e+00 1
1.2068856133535453e-02 1.7436665128614165e-01 0.0000000000000000e+00 1
2.1506805611989980e-02 1.7568377314265221e-01 0.0000000000000000e+00 1
1.3080604072595245e-03 2.1192175370433203e-01 0.0000000000000000e+00 1
1.8047096618287798e-02 1.6656924525710015e-01 0.0000000000000000e+00 1
2.7839813873518013e-02 1.6797203433831423e-01 0.0000000000000000e+00 1
2.4149247770413211e-02 1.5843675070894872e-01 0.0000000000000000e+00 1
3.4115872310890347e-02 1.5976024382181897e-01 0.0000000000000000e+00 1
3.0492863753927728e-02 1.5014011394240101e-01 0.0000000000000000e+00 1
4.0791872641506161e-02 1.5148857525240372e-01 0.0000000000000000e+00 1
3.7063434752878523e-02 1.4158064831232214e-01 0.0000000000000000e+00 1
4.7500537353037720e-02 1.4283921306510877e-01 0.0000000000000000e+00 1
2.5374364337615907e-02 1.8455946390772693e-01 0.0000000000000000e+00 1
4.3876159768823933e-02 1.3282267463812758e-01 0.0000000000000000e+00 1
5.4570099669456446e-02 1.3409520938819958e-01 0.0000000000000000e+00 1
5.1172287318133877e-02 1.2406543206839755e-01 0.0000000000000000e+00 1
6.2623117401264083e-02 1.2574328704998400e-01 0.0000000000000000e+00 1
5.8499583478354773e-02 1.1495491995352133e-01 0.0000000000000000e+00 1
7.0248312405592359e-02 1.1668034093890572e-01 0.0000000000000000e+00 1
6.6066582082813380e-02 1.0565663906345643e-01 0.0000000000000000e+00 1
7.7666023611181800e-02 1.0709974944935942e-01 0.0000000000000000e+00 1
7.3033216163427478e-02 9.5617733562268908e-02 0.0000000000000000e+00 1
8.5349979863115169e-02 9.7375075406081535e-02 0.0000000000000000e+00 1
8.1284880928562231e-02 8.6076536544605897e-02 0.0000000000000000e+00 1
9.3234379522273661e-02 8.7441446932622097e-02 0.0000000000000000e+00 1
5.1752473505434611e-02 1.5347709626192355e-01 0.0000000000000000e+00 1
8.8476070684523525e-02 7.5414852532315113e-02 0.0000000000000000e+00 1
1.0123973125422955e-01 7.7284485309697434e-02 0.0000000000000000e+00 1
9.6384989165625184e-02 6.5021483915456396e-02 0.0000000000000000e+00 1
1.0948370574396726e-01 6.7003441236404962e-02 0.0000000000000000e+00 1
1.0480680095576896e-01 5.4723512404660224e-02 0.0000000000000000e+00 1
1.1794021176234118e-01 5.6591861323704584e-02 0.0000000000000000e+00 1
8.2242701024310236e-02 1.1835837036337449e-01 0.0000000000000000e+00 1
1.1319796786432457e-01 4.4121440856392399e-02 0.0000000000000000e+00 1
1.2648629277556750e-01 4.5981774405622990e-02 0.0000000000000000e+00 1
3.2897948517298367e-02 1.3141241290616626e-01 0.0000000000000000e+00 1
1.2148841842279734e-01 3.3154130387678532e-02 0.0000000000000000e+00 1
1.3512764496233601e-01 3.5190029929302924e-02 0.0000000000000000e+00 1
1.1455410138868274e-01 7.9668930699593535e-02 0.0000000000000000e+00 1
1.3005643166803840e-01 2.2180428823448221e-02 0.0000000000000000e+00 1
1.4419950928698211e-01 2.4570892496999116e-02 0.0000000000000000e+00 1
3.2556164823840872e-01 -3.6107091993227924e-01 0.0000000000000000e+00 1
3.1274785617794476e-01 -3.6254262034747509e-01 0.0000000000000000e+00 1
3.3833355760773054e-01 -3.5944057810271968e-01 0.0000000000000000e+00 1
3.4334927080946853e-01 -3.4770128910786197e-01 0.0000000000000000e+00 1
1.3898416130198971e-01 1.1302628762436949e-02 0.0000000000000000e+00 1
1.5309778744606112e-01 1.3590223564442472e-02 0.0000000000000000e+00 1
1.4785338484038915e-01 1.3080365115478165e-04 0.0000000000000000e+00 1
1.6215646844987963e-01 2.4274188588199351e-03 0.0000000000000000e+00 1
1.5684828335023904e-01 -1.1131459734667993e-02 0.0000000000000000e+00 1
1.7125988910564188e-01 -9.0162230264983698e-03 0.0000000000000000e+00 1
3.5088878447394645e-01 -3.5794294814507754e-01 0.0000000000000000e+00 1
3.5597285413283064e-01 -3.4632841798288339e-01 0.0000000000000000e+00 1
1.4795448679590001e-01 3.7555562606424168e-02 0.0000000000000000e+00 1
-1.0532284921723903e-01 7.3391689981070263e-02 0.0000000000000000e+00 1
-1.0910383856233841e-01 6.4637190274016654e-02 0.0000000000000000e+00 1
-1.1481584387739296e-01 7.2329110424992654e-02 0.0000000000000000e+00 1
-1.1863730182385532e-01 6.3513354723842882e-02 0.0000000000000000e+00 1
-1.2439041855151445e-01 7.1272726183862739e-02 0.0000000000000000e+00 1
-1.2825107242667746e-01 6.2381520212907528e-02 0.0000000000000000e+00 1
-1.3391813566948702e-01 7.0460303579286246e-02 0.0000000000000000e+00 1
-1.3792152080771380e-01 6.1296555136406979e-02 0.0000000000000000e+00 1
-1.4335847128496998e-01 6.9646874661944316e-02 0.0000000000000000e+00 1
-1.4762984298675114e-01 6.0217677132162931e-02 0.0000000000000000e+00 1
-1.5321848061236046e-01 6.8379803174609247e-02 0.0000000000000000e+00 1
-1.5745627778191193e-01 5.9062434687966348e-02 0.0000000000000000e+00 1
-1.6334425737978206e-01 6.7041213643279307e-02 0.0000000000000000e+00 1
-1.6739913823658639e-01 5.7881012111088592e-02 0.0000000000000000e+00 1
-1.6146906273718986e-01 4.9868971780416063e-02 0.0000000000000000e+00 1
-1.7148806266101174e-01 4.8641433265923996e-02 0.0000000000000000e+00 1
-1.6587894321971544e-01 4.0688031363370881e-02 0.0000000000000000e+00 1
-1.7569428020656841e-01 3.9296895368349870e-02 0.0000000000000000e+00 1
-1.6998096254254319e-01 3.1203718651145122e-02 0.0000000000000000e+00 1
-1.7991375305641960e-01 2.9771813546284571e-02 0.0000000000000000e+00 1
-1.7350569500431265e-01 2.1272159481792292e-02 0.0000000000000000e+00 1
-1.8405242286562062e-01 2.0042144476919779e-02 0.0000000000000000e+00 1
-1.7761205148051129e-01 1.1322762487889314e-02 0.0000000000000000e+00 1
-1.8831585284440527e-01 1.0177208780409491e-02 0.0000000000000000e+00 1
-1.8187282247357206e-01 1.4675675584247671e-03 0.0000000000000000e+00 1
-1.9264847789138365e-01 2.3451407681706086e-04 0.0000000000000000e+00 1
-1.8628206530743779e-01 -8.4508780815913155e-03 0.0000000000000000e+00 1
-1.9704542729031815e-01 -9.8021225196932536e-03 0.0000000000000000e+00 1
-1.9061135833754275e-01 -1.8577604415894722e-02 0.0000000000000000e+00 1
-2.0147323140152856e-01 -1.9961174237127680e-02 0.0000000000000000e+00 1
-1.9514485268312154e-01 -2.8757869859850752e-02 0.0000000000000000e+00 1
-2.0597241435500824e-01 -3.0224179968101006e-02 0.0000000000000000e+00 1
-1.9916674025177922e-01 -3.9255702747107081e-02 0.0000000000000000e+00 1
-1.7740506626171110e-01 5.6771871131248007e-02 0.0000000000000000e+00 1
-1.9467864256741632e-01 1.8869171403445243e-02 0.0000000000000000e+00 1
-2.1041448146645569e-01 -4.0612002855568617e-02 0.0000000000000000e+00 1
-2.0402482104523539e-01 -4.9600575217354261e-02 0.0000000000000000e+00 1
-2.1261144802618528e-01 -2.1546402446388321e-02 0.0000000000000000e+00 1
-2.1512194767840676e-01 -5.1092350676035236e-02 0.0000000000000000e+00 1
-2.0813579112520442e-01 -6.0344573471243869e-02 0.0000000000000000e+00 1
-1.9551454638180010e-01 -5.8036866167611501e-02 0.0000000000000000e+00 1
-2.0089877446141227e-01 -6.9617923780454644e-02 0.0000000000000000e+00 1
-1.8939947570927979e-01 -6.8390266257308790e-02 0.0000000000000000e+00 1
-1.9369833660406427e-01 -7.9136326584342845e-02 0.0000000000000000e+00 1
-1.8218077480579520e-01 -7.8018477265908784e-02 0.0000000000000000e+00 1
-1.8648999833097893e-01 -8.8857387083163056e-02 0.0000000000000000e+00 1
-2.1942806979856591e-01 -6.1918435841963326e-02 0.0000000000000000e+00 1
-1.7480216762481895e-01 -8.7725034534356150e-02 0.0000000000000000e+00 1
-1.7901444907544731e-01 -9.8605527626833778e-02 0.0000000000000000e+00 1
-1.6747442146888936e-01 -9.7702193380129809e-02 0.0000000000000000e+00 1
-1.7159069729816012e-01 -1.0862753887013929e-01 0.0000000000000000e+00 1
-1.5988670722523324e-01 -1.0772109721979350e-01 0.0000000000000000e+00 1
-1.6456456341823775e-01 -1.1912115646618804e-01 0.0000000000000000e+00 1
-1.5246292724596150e-01 -1.1809602185566716e-01 0.0000000000000000e+00 1
-1.5699474585876733e-01 -1.2956680168754367e-01 0.0000000000000000e+00 1
-1.4422323276611135e-01 -1.2800457637537188e-01 0.0000000000000000e+00 1
-1.9169320462302841e-01 -1.0021854646258005e-01 0.0000000000000000e+00 1
-1.4904903353909288e-01 -1.3991323081024698e-01 0.0000000000000000e+00 1
-1.3559320392821314e-01 -1.3793895418908914e-01 0.0000000000000000e+00 1
-1.4102082973186464e-01 -1.5043674927580963e-01 0.0000000000000000e+00 1
-1.2742640687257439e-01 -1.4859648073283188e-01 0.0000000000000000e+00 1
-1.5911696757419019e-01 7.6327081910071204e-02 0.0000000000000000e+00 1
-1.3310263030230904e-01 -1.6130002163768517e-01 0.0000000000000000e+00 1
-1.1923667663364929e-01 -1.5937882098069925e-01 0.0000000000000000e+00 1
-1.7575030625560906e-01 -8.0658295529553361e-03 0.0000000000000000e+00 1
-1.6181420820430009e-01 -1.4147473279965839e-01 0.0000000000000000e+00 1
-1.2500214932389556e-01 -1.7225221803977547e-01 0.0000000000000000e+00 1
-1.1103364597938975e-01 -1.7037395243040332e-01 0.0000000000000000e+00 1
-1.6243020422374793e-01 -8.6017730447060514e-02 0.0000000000000000e+00 1
-1.1643669707105349e-01 -1.8308947753884541e-01 0.0000000000000000e+00 1
-1.0258388219076134e-01 -1.8141016012440092e-01 0.0000000000000000e+00 1
-1.2121462421443477e-01 -1.3554942787048418e-01 0.0000000000000000e+00 1
-1.0856072775093091e-01 -1.9460647128239095e-01 0.0000000000000000e+00 1
-9.4227730984487959e-02 -1.9276365404281839e-01 0.0000000000000000e+00 1
-9.9608721695134586e-02 -2.0565277627225811e-01 0.0000000000000000e+00 1
-8.5324491146019033e-02 -2.0395245193659775e-01 0.0000000000000000e+00 1
-2.2654594025973745e-01 -5.2448124441960231e-02 0.0000000000000000e+00 1
-2.3115517676985964e-01 -6.3077677008807551e-02 0.0000000000000000e+00 1
-2.3806012112725239e-01 -5.3729137235605705e-02 0.0000000000000000e+00 1
-2.4271678050279635e-01 -6.4356077584059340e-02 0.0000000000000000e+00 1
-2.4946855275175261e-01 -5.4436973730114649e-02 0.0000000000000000e+00 1
-2.5425062045672725e-01 -6.5537130531740012e-02 0.0000000000000000e+00 1
-2.6080635503530836e-01 -5.5604750652689744e-02 0.0000000000000000e+00 1
-2.6574702469832084e-01 -6.6808520503707600e-02 0.0000000000000000e+00 1
-2.7229064608620990e-01 -5.7184092924553148e-02 0.0000000000000000e+00 1
-2.7725691731998092e-01 -6.8142465628273474e-02 0.0000000000000000e+00 1
-2.7046627028226999e-01 -7.7571730721158333e-02 0.0000000000000000e+00 1
-2.8408906557288588e-01 -5.8824940045285601e-02 0.0000000000000000e+00 1
-2.7914628447593515e-01 -4.7962350844260378e-02 0.0000000000000000e+00 1
-2.9099634362282611e-01 -4.9630870720309084e-02 0.0000000000000000e+00 1
-2.8629988089336894e-01 -3.8492223401706514e-02 0.0000000000000000e+00 1
-2.9582602291926530e-01 -6.0262306556640978e-02 0.0000000000000000e+00 1
-2.9786377536695174e-01 -4.0360281994694075e-02 0.0000000000000000e+00 1
-2.9336958867709495e-01 -2.9121560688655318e-02 0.0000000000000000e+00 1
-3.0467650155108006e-01 -3.1001556201994310e-02 0.0000000000000000e+00 1
-3.0006335650684074e-01 -2.0557265959039596e-02 0.0000000000000000e+00 1
3.4593178889572002e-01 -3.6952383318063459e-01 0.0000000000000000e+00 1
-1.2899079499692112e-01 -1.8455538313831069e-01 0.0000000000000000e+00 1
5.3853745421523568e-02 1.0445043714488723e-01 0.0000000000000000e+00 1
-7.4722136215087692e-02 1.4307246981483038e-01 0.0000000000000000e+00 1
1.3453717577739728e-02 1.5675567024961079e-01 0.0000000000000000e+00 1
1.7659554927304094e-01 4.7267940752571853e-03 0.0000000000000000e+00 1
1.8580959371420364e-01 -6.8409722128485043e-03 0.0000000000000000e+00 1
1.8040739908331030e-01 -2.0596355837780897e-02 0.0000000000000000e+00 1
1.9501158433822355e-01 -1.8496941726937281e-02 0.0000000000000000e+00 1
1.8958938849907739e-01 -3.2348672045619101e-02 0.0000000000000000e+00 1
2.0433193520296467e-01 -3.0181669918185057e-02 0.0000000000000000e+00 1
1.9887147459211180e-01 -4.4121317659712472e-02 0.0000000000000000e+00 1
2.1368937293368886e-01 -4.1859215342484254e-02 0.0000000000000000e+00 1
2.0822810248018356e-01 -5.5917606664260357e-02 0.0000000000000000e+00 1
2.2322980285271946e-01 -5.3328175596226803e-02 0.0000000000000000e+00 1
-8.8122909848567410e-02 -1.7938825359928282e-01 0.0000000000000000e+00 1
-9.0696149494620709e-02 -2.1691013729201636e-01 0.0000000000000000e+00 1
-7.6726397604754332e-02 -2.1550025032044817e-01 0.0000000000000000e+00 1
2.1764644994972726e-01 -6.7721635867452584e-02 0.0000000000000000e+00 1
2.3278322004895213e-01 -6.5139690053669208e-02 0.0000000000000000e+00 1
-5.8243507676811745e-02 5.3859227741586621e-02 0.0000000000000000e+00 1
-3.1144139705378271e-01 -2.1867602480632735e-02 0.0000000000000000e+00 1
-3.0683297176664770e-01 -1.1339569652385525e-02 0.0000000000000000e+00 1
-3.1604898167184164e-01 -3.2348134045563158e-02 0.0000000000000000e+00 1
3.5828686877396404e-01 -3.6806538709231551e-01 0.0000000000000000e+00 1
-1.6217922970704440e-01 2.2734544721188719e-02 0.0000000000000000e+00 1
7.5929608352891642e-02 7.3825478288037372e-02 0.0000000000000000e+00 1
-2.9534254279936073e-01 -1.0056432835022888e-02 0.0000000000000000e+00 1
-3.0219937678973163e-01 -7.8645524450695931e-04 0.0000000000000000e+00 1
-2.9095853655327580e-01 5.9239375080420123e-04 0.0000000000000000e+00 1
-2.9752192975493152e-01 9.7317698395123272e-03 0.0000000000000000e+00 1
-8.2908650464292855e-02 -2.2913439628307058e-01 0.0000000000000000e+00 1
-6.8718110183219286e-02 -2.2765508635228182e-01 0.0000000000000000e+00 1
2.2708209234781473e-01 -7.9634270509548258e-02 0.0000000000000000e+00 1
2.4254288854876094e-01 -7.6858318151651145e-02 0.0000000000000000e+00 1
-2.8620373698241652e-01 1.1048271589253098e-02 0.0000000000000000e+00 1
-2.9287120819416301e-01 2.0210825060255070e-02 0.0000000000000000e+00 1
-2.8161286689030196e-01 2.1529810164261511e-02 0.0000000000000000e+00 1
-2.8835555894391363e-01 3.0698227062251511e-02 0.0000000000000000e+00 1
-2.7707423727385216e-01 3.1983543378888091e-02 0.0000000000000000e+00 1
-2.8379388139777606e-01 4.1105584881834988e-02 0.0000000000000000e+00 1
-2.7254353477267401e-01 4.2384798665394061e-02 0.0000000000000000e+00 1
-2.7924665250620151e-01 5.1455423705019460e-02 0.0000000000000000e+00 1
-2.6795523433646329e-01 5.2706795521256233e-02 0.0000000000000000e+00 1
-2.7471459612142923e-01 6.1737938351444428e-02 0.0000000000000000e+00 1
-2.6350582601267430e-01 6.2978639148543375e-02 0.0000000000000000e+00 1
-2.7023040898675921e-01 7.1973196660696459e-02 0.0000000000000000e+00 1
-2.5896625322196620e-01 7.3214463426561613e-02 0.0000000000000000e+00 1
-2.6573634413563713e-01 8.2147533661060659e-02 0.0000000000000000e+00 1
-2.5431092764518903e-01 8.3332118209280673e-02 0.0000000000000000e+00 1
-2.6124096014118559e-01 9.2252453462409970e-02 0.0000000000000000e+00 1
-2.5010556174880966e-01 9.3439000791140564e-02 0.0000000000000000e+00 1
-2.5691143450453652e-01 1.0285908274162298e-01 0.0000000000000000e+00 1
-2.4605211627697327e-01 1.0361820046222381e-01 0.0000000000000000e+00 1
-2.5238068650203083e-01 1.1306461020169158e-01 0.0000000000000000e+00 1
-2.4178540975745433e-01 1.1359996154195459e-01 0.0000000000000000e+00 1
-2.4818054655654001e-01 1.2212886600663943e-01 0.0000000000000000e+00 1
-2.3758541908931111e-01 1.2331955710529892e-01 0.0000000000000000e+00 1
-2.4399855208955629e-01 1.3199311231335001e-01 0.0000000000000000e+00 1
-2.3349661322000240e-01 1.3308376776739891e-01 0.0000000000000000e+00 1
-2.3974195347144525e-01 1.4160621413902630e-01 0.0000000000000000e+00 1
-2.2928935769107076e-01 1.4262883005414967e-01 0.0000000000000000e+00 1
-2.3542722146150302e-01 1.5086618032680671e-01 0.0000000000000000e+00 1
-2.2537107742639498e-01 1.5207039419511542e-01 0.0000000000000000e+00 1
-2.3136487812331721e-01 1.6008061117279548e-01 0.0000000000000000e+00 1
-2.2142754005433379e-01 1.6114334624030954e-01 0.0000000000000000e+00 1
-2.1554714484224616e-01 1.5331324103736393e-01 0.0000000000000000e+00 1
-2.1174531014787593e-01 1.6225831360487508e-01 0.0000000000000000e+00 1
-2.1749706369129887e-01 1.6998978718366908e-01 0.0000000000000000e+00 1
-2.0800456566708717e-01 1.7109302029807427e-01 0.0000000000000000e+00 1
-2.0594701651918992e-01 1.5450416778336598e-01 0.0000000000000000e+00 1
-2.1357744967611539e-01 1.7869465568222634e-01 0.0000000000000000e+00 1
-2.0429297296040888e-01 1.7977317937424123e-01 0.0000000000000000e+00 1
-2.0976789574962235e-01 1.8724943511899655e-01 0.0000000000000000e+00 1
-2.0059323925967465e-01 1.8823980848419070e-01 0.0000000000000000e+00 1
-2.0602643135375601e-01 1.9567632221060019e-01 0.0000000000000000e+00 1
-1.9516972244379560e-01 1.8090778424495896e-01 0.0000000000000000e+00 1
-1.9158145531078166e-01 1.8929239916815757e-01 0.0000000000000000e+00 1
-1.8615275528518482e-01 1.8193996335664933e-01 0.0000000000000000e+00 1
-1.8272782716934469e-01 1.9021726250856147e-01 0.0000000000000000e+00 1
-1.7741318012332408e-01 1.8304997526826064e-01 0.0000000000000000e+00 1
-1.7406405623028162e-01 1.9108248146566065e-01 0.0000000000000000e+00 1
-1.7910288146231554e-01 1.9798198377644891e-01 0.0000000000000000e+00 1
-1.6897492232836961e-01 1.8421659475048280e-01 0.0000000000000000e+00 1
-6.2164470971471680e-02 -2.1364797067686037e-01 0.0000000000000000e+00 1
-5.3829749346899436e-02 -2.2556590104853608e-01 0.0000000000000000e+00 1
-6.0017343183359689e-02 -2.3949480796748462e-01 0.0000000000000000e+00 1
-4.4944625078755220e-02 -2.3737460871998123e-01 0.0000000000000000e+00 1
1.0833982947292814e-01 3.0959959898208596e-02 0.0000000000000000e+00 1
3.5352360528944055e-01 -3.7932741439011053e-01 0.0000000000000000e+00 1
-1.6610612143123837e-01 1.9166214172326268e-01 0.0000000000000000e+00 1
-1.6118799437233211e-01 1.8487832889192385e-01 0.0000000000000000e+00 1
-1.6403156808929709e-01 1.7749888435624223e-01 0.0000000000000000e+00 1
2.3665433401002772e-01 -9.1451902265718699e-02 0.0000000000000000e+00 1
2.5225771608763481e-01 -8.8328788644385731e-02 0.0000000000000000e+00 1
2.4608997749274517e-01 -1.0338834907577539e-01 0.0000000000000000e+00 1
2.6106013797396127e-01 -1.0128596170225836e-01 0.0000000000000000e+00 1
2.5549741001221421e-01 -1.1545116366422760e-01 0.0000000000000000e+00 1
2.7064461735468526e-01 -1.1319280586997846e-01 0.0000000000000000e+00 1
2.6494141291773321e-01 -1.2736689225616493e-01 0.0000000000000000e+00 1
2.8074348999902399e-01 -1.2462530339543694e-01 0.0000000000000000e+00 1
-2.1523430683752898e-01 1.9472346281908878e-01 0.0000000000000000e+00 1
-2.1146780066313381e-01 2.0326495019671303e-01 0.0000000000000000e+00 1
1.9117964260070219e-01 6.9505605295182207e-03 0.0000000000000000e+00 1
-3.2279974091136543e-01 -2.3209770696066116e-02 0.0000000000000000e+00 1
-3.2735431172383256e-01 -3.3573216260386292e-02 0.0000000000000000e+00 1
-5.0708667334695645e-02 -2.5144294003177192e-01 0.0000000000000000e+00 1
-3.5877941127100271e-02 -2.4959959892579689e-01 0.0000000000000000e+00 1
-3.0891957738984593e-01 8.3351564318452590e-03 0.0000000000000000e+00 1
-2.9506062434128077e-01 3.9858707711629748e-02 0.0000000000000000e+00 1
-3.0137188622769803e-02 -2.3551464892544893e-01 0.0000000000000000e+00 1
-2.1085123421645827e-02 -2.4736092434068049e-01 0.0000000000000000e+00 1
-2.6655211829820225e-02 -2.6160686037355807e-01 0.0000000000000000e+00 1
-1.1924673831749309e-02 -2.5927979270509771e-01 0.0000000000000000e+00 1
-1.5572620630174361e-01 1.7829049516165932e-01 0.0000000000000000e+00 1
-1.5893635589250285e-01 1.7085152449144428e-01 0.0000000000000000e+00 1
-1.5303661838229349e-01 1.8629422776716312e-01 0.0000000000000000e+00 1
3.6560095391933778e-01 -3.7800047149725097e-01 0.0000000000000000e+00 1
-2.8137139055306082e-01 7.0771303526276128e-02 0.0000000000000000e+00 1
-1.0453476082153161e-01 -2.2015862281492554e-01 0.0000000000000000e+00 1
-3.6611674710469312e-02 1.9235884735015532e-01 0.0000000000000000e+00 1
-2.6800811947545766e-01 1.0263898032895653e-01 0.0000000000000000e+00 1
2.1929162134085756e-01 -2.7823594777581121e-02 0.0000000000000000e+00 1
1.4252910022914472e-01 -1.3274209000315295e-02 0.0000000000000000e+00 1
2.7452440372561937e-01 -1.3911354440627571e-01 0.0000000000000000e+00 1
2.9013982370266000e-01 -1.3641114435950707e-01 0.0000000000000000e+00 1
-8.3398469382539545e-02 2.1781992872773831e-01 0.0000000000000000e+00 1
3.6086801117987755e-01 -3.8911973092548352e-01 0.0000000000000000e+00 1
-2.5475464395674485e-01 1.3238033858463963e-01 0.0000000000000000e+00 1
-1.7794134578677862e-02 -2.7305608185292074e-01 0.0000000000000000e+00 1
-2.7718931929543549e-03 -2.7116689178624009e-01 0.0000000000000000e+00 1
-1.5400574685387681e-02 -2.3353528191832876e-01 0.0000000000000000e+00 1
-2.4140093109286234e-01 1.5904303074713166e-01 0.0000000000000000e+00 1
-2.2725109517679110e-01 1.2456582941047424e-01 0.0000000000000000e+00 1
-3.3405789361527272e-01 -2.4520183528198278e-02 0.0000000000000000e+00 1
-3.3857602069759107e-01 -3.4792364584370045e-02 0.0000000000000000e+00 1
-4.6830321150180577e-03 2.1871633932947865e-01 0.0000000000000000e+00 1
4.3498556126754222e-03 2.2007629544825838e-01 0.0000000000000000e+00 1
2.4876763230876192e-01 -6.0653540850028817e-02 0.0000000000000000e+00 1
-2.2074803559171163e-01 2.0225161796405638e-01 0.0000000000000000e+00 1
-2.1694537577311815e-01 2.1087615441104729e-01 0.0000000000000000e+00 1
-1.2183618858490730e-01 5.5197998068335044e-02 0.0000000000000000e+00 1
-1.5058906138258615e-01 1.7164259076028812e-01 0.0000000000000000e+00 1
-1.5387284402858728e-01 1.6419528140798967e-01 0.0000000000000000e+00 1
2.8396429353478625e-01 -1.5091100121502482e-01 0.0000000000000000e+00 1
2.9814589155847415e-01 -1.4921882926524532e-01 0.0000000000000000e+00 1
1.9333445538651622e-01 -5.8125674493759660e-02 0.0000000000000000e+00 1
-1.3454501041844167e-03 2.2682668739493411e-01 0.0000000000000000e+00 1
7.5413747133148941e-03 2.2836571996554883e-01 0.0000000000000000e+00 1
3.4934972998859531e-01 -3.9139893275698834e-01 0.0000000000000000e+00 1
3.7284623689985386e-01 -3.8776393166344481e-01 0.0000000000000000e+00 1
3.7763869480461676e-01 -3.7670718488806171e-01 0.0000000000000000e+00 1
-8.6232382674108436e-03 -2.8518609708657355e-01 0.0000000000000000e+00 1
6.4842769157308373e-03 -2.8323190261590531e-01 0.0000000000000000e+00 1
1.1957037803119592e-02 -2.6901987049045262e-01 0.0000000000000000e+00 1
2.1352669410399486e-02 -2.8109618368123745e-01 0.0000000000000000e+00 1
1.5755437265378779e-02 -2.9529362750828925e-01 0.0000000000000000e+00 1
3.0851298577254969e-02 -2.9328785785422551e-01 0.0000000000000000e+00 1
3.6406776405929334e-02 -2.7912395497313813e-01 0.0000000000000000e+00 1
4.5943691936875058e-02 -2.9126476177461119e-01 0.0000000000000000e+00 1
4.0201235737048473e-02 -3.0538806251078365e-01 0.0000000000000000e+00 1
5.5327573634792515e-02 -3.0335416009578481e-01 0.0000000000000000e+00 1
2.7718658207281416e-01 -9.7264553834902401e-02 0.0000000000000000e+00 1
3.6862478669356835e-01 -3.9774363251743694e-01 0.0000000000000000e+00 1
4.9550477103451049e-02 -3.1748497056251423e-01 0.0000000000000000e+00 1
6.4704077979243102e-02 -3.1545791535937462e-01 0.0000000000000000e+00 1
2.9311197226933744e-01 -1.6281983438051309e-01 0.0000000000000000e+00 1
3.0717386654566986e-01 -1.6117146461678955e-01 0.0000000000000000e+00 1
3.0469228927562242e-01 -1.3803016211726876e-01 0.0000000000000000e+00 1
-1.3010859883583162e-01 7.9128451875465772e-02 0.0000000000000000e+00 1
-3.4522262728094411e-01 -2.5805025961263817e-02 0.0000000000000000e+00 1
-3.4962835500126288e-01 -3.6038687288356241e-02 0.0000000000000000e+00 1
-3.4307241143195771e-01 -4.4914946798838097e-02 0.0000000000000000e+00 1
-3.5407687158784823e-01 -4.6121677080899162e-02 0.0000000000000000e+00 1
-3.4756873106059161e-01 -5.4956986490953395e-02 0.0000000000000000e+00 1
-3.5849719440126770e-01 -5.6022814668133705e-02 0.0000000000000000e+00 1
-3.5194455759443694e-01 -6.4944293929806773e-02 0.0000000000000000e+00 1
-3.6287521801950806e-01 -6.6079542813680767e-02 0.0000000000000000e+00 1
-3.5636817159555062e-01 -7.5014827688689001e-02 0.0000000000000000e+00 1
-3.6723085421099255e-01 -7.6240980565642699e-02 0.0000000000000000e+00 1
-3.6073836407053861e-01 -8.5123457223201804e-02 0.0000000000000000e+00 1
1.7949090138559961e-03 2.3523214896122049e-01 0.0000000000000000e+00 1
1.0773941585179057e-02 2.3688889642328673e-01 0.0000000000000000e+00 1
1.6561367671535841e-02 2.2949750807461691e-01 0.0000000000000000e+00 1
1.9828770571844751e-02 2.3894107814179838e-01 0.0000000000000000e+00 1
2.5991192524466467e-02 2.3085488333118026e-01 0.0000000000000000e+00 1
2.9146883037674435e-02 2.4086747073268278e-01 0.0000000000000000e+00 1
3.5831693889910775e-02 2.3266008232724161e-01 0.0000000000000000e+00 1
3.9438112180709813e-02 2.4203548713233325e-01 0.0000000000000000e+00 1
4.6035051685152414e-02 2.3413957492083740e-01 0.0000000000000000e+00 1
4.9711566142717267e-02 2.4388144661458927e-01 0.0000000000000000e+00 1
5.6509423717478025e-02 2.3572706597376272e-01 0.0000000000000000e+00 1
4.2775757201096803e-02 2.5208324117364150e-01 0.0000000000000000e+00 1
5.3402281222271572e-02 2.5387286027629619e-01 0.0000000000000000e+00 1
4.6465252088495203e-02 2.6216208135050906e-01 0.0000000000000000e+00 1
5.7146619778173730e-02 2.6395985866731630e-01 0.0000000000000000e+00 1
5.0126320989781217e-02 2.7240822639637474e-01 0.0000000000000000e+00 1
1.3653549068813144e-02 2.4579069956432714e-01 0.0000000000000000e+00 1
3.0234571029534041e-01 -1.7453346803372227e-01 0.0000000000000000e+00 1
3.1703200011366156e-01 -1.7236692967816847e-01 0.0000000000000000e+00 1
3.1169313498070167e-01 -1.8606400921669072e-01 0.0000000000000000e+00 1
3.2578886635172150e-01 -1.8430922977235292e-01 0.0000000000000000e+00 1
3.2082853028046782e-01 -1.9761810943185146e-01 0.0000000000000000e+00 1
3.3478775732456201e-01 -1.9593356018602484e-01 0.0000000000000000e+00 1
3.2994310844431196e-01 -2.0905036709027525e-01 0.0000000000000000e+00 1
3.4429314495587088e-01 -2.0696638494370173e-01 0.0000000000000000e+00 1
5.1671139687710421e-02 -2.7727502588571051e-01 0.0000000000000000e+00 1
2.4051786806966757e-01 -1.1765844015968215e-01 0.0000000000000000e+00 1
6.0996030613386432e-02 2.7430805462992580e-01 0.0000000000000000e+00 1
5.3850162850204886e-02 2.8269337065176009e-01 0.0000000000000000e+00 1
6.8165475623370136e-02 2.6575953225056881e-01 0.0000000000000000e+00 1
5.8921476113369210e-02 -3.2964629234167675e-01 0.0000000000000000e+00 1
7.4118234721385082e-02 -3.2755224805320565e-01 0.0000000000000000e+00 1
7.9893474644481474e-02 -3.1340810160521942e-01 0.0000000000000000e+00 1
8.9243570424787838e-02 -3.2545126436837957e-01 0.0000000000000000e+00 1
-2.2632403618852728e-01 2.0984226899674957e-01 0.0000000000000000e+00 1
-2.2248126355196862e-01 2.1846948253060963e-01 0.0000000000000000e+00 1
-2.1313290718974445e-01 2.1945116024081493e-01 0.0000000000000000e+00 1
-2.1859118160166649e-01 2.2700359422536764e-01 0.0000000000000000e+00 1
-2.0934742812332732e-01 2.2789607667486225e-01 0.0000000000000000e+00 1
-2.1470913116771834e-01 2.3542593482142016e-01 0.0000000000000000e+00 1
-2.0558722674256702e-01 2.3630470295530207e-01 0.0000000000000000e+00 1
-2.1091327288207623e-01 2.4378404734109871e-01 0.0000000000000000e+00 1
3.8477089051988050e-01 -3.8639767344301712e-01 0.0000000000000000e+00 1
3.8956221217985132e-01 -3.7546047633010726e-01 0.0000000000000000e+00 1
9.5023790819383683e-02 -3.1139518269554189e-01 0.0000000000000000e+00 1
1.0429398569458395e-01 -3.2339074502466159e-01 0.0000000000000000e+00 1
9.8587555396004015e-02 -3.3743419714364170e-01 0.0000000000000000e+00 1
1.1359557648888582e-01 -3.3536082343569285e-01 0.0000000000000000e+00 1
1.0789963509870515e-01 -3.4937350386889393e-01 0.0000000000000000e+00 1
1.2286549152061860e-01 -3.4730639221539666e-01 0.0000000000000000e+00 1
-2.3526241834717604e-02 -2.8721708722951722e-01 0.0000000000000000e+00 1
-2.3940225113354330e-01 9.4955269011282040e-02 0.0000000000000000e+00 1
-3.4972397418488721e-01 -8.3902366837853584e-02 0.0000000000000000e+00 1
-3.5423573600506153e-01 -9.4128447156437006e-02 0.0000000000000000e+00 1
-3.4329198920332932e-01 -9.3075373089581803e-02 0.0000000000000000e+00 1
-3.4771631892163130e-01 -1.0328160998841675e-01 0.0000000000000000e+00 1
-3.3639894050132335e-01 -1.0202234512478840e-01 0.0000000000000000e+00 1
-3.4102467337360687e-01 -1.1254810520454213e-01 0.0000000000000000e+00 1
-3.2976879031351969e-01 -1.1149190807637849e-01 0.0000000000000000e+00 1
3.3193873521822331e-01 -1.7033181175590259e-01 0.0000000000000000e+00 1
-2.5196767326860298e-01 6.4322503032680403e-02 0.0000000000000000e+00 1
3.3907196346631796e-01 -2.2028318840318487e-01 0.0000000000000000e+00 1
3.5295610965865842e-01 -2.1844290385691501e-01 0.0000000000000000e+00 1
-3.7141881400185450e-01 -8.6178477125905928e-02 0.0000000000000000e+00 1
-2.0185570075705686e-01 2.4464043092931764e-01 0.0000000000000000e+00 1
-2.0734328782381076e-01 2.5223650785172652e-01 0.0000000000000000e+00 1
2.8774317699722551e-01 -1.7667523010704972e-01 0.0000000000000000e+00 1
-1.4556757129298187e-01 1.6521920603611673e-01 0.0000000000000000e+00 1
-1.4882683102142058e-01 1.5758709387963690e-01 0.0000000000000000e+00 1
-3.3430065329144265e-01 -1.2203147558085421e-01 0.0000000000000000e+00 1
-3.2259306950958844e-01 -1.2070620657144765e-01 0.0000000000000000e+00 1
3.4825106652740728e-01 -2.3128931318926249e-01 0.0000000000000000e+00 1
3.6182200747482163e-01 -2.2961207275697870e-01 0.0000000000000000e+00 1
3.5713992865537408e-01 -2.4234374734150410e-01 0.0000000000000000e+00 1
3.7052849488288864e-01 -2.4065598053467224e-01 0.0000000000000000e+00 1
3.6586235152270108e-01 -2.5325612063650610e-01 0.0000000000000000e+00 1
3.7923449677869209e-01 -2.5148272238831776e-01 0.0000000000000000e+00 1
4.3073822362387382e-02 2.8077103249022001e-01 0.0000000000000000e+00 1
4.6740668835393219e-02 2.9096473855730398e-01 0.0000000000000000e+00 1
-2.6584206754475825e-01 3.3321945843383070e-02 0.0000000000000000e+00 1
3.7432743949717562e-01 -2.6413947943604482e-01 0.0000000000000000e+00 1
5.7480627022239772e-02 2.9305378466240961e-01 0.0000000000000000e+00 1
5.0355745882072069e-02 3.0134639175430966e-01 0.0000000000000000e+00 1
-2.8107052149742493e-02 2.1356877590530685e-01 0.0000000000000000e+00 1
3.8768909915752059e-01 -2.6229073922663815e-01 0.0000000000000000e+00 1
1.1718119106658043e-01 -3.6129080424584104e-01 0.0000000000000000e+00 1
1.3211083384783157e-01 -3.5918544896818561e-01 0.0000000000000000e+00 1
1.3773337926878976e-01 -3.4527868319371136e-01 0.0000000000000000e+00 1
1.4694344718317487e-01 -3.5711971606961712e-01 0.0000000000000000e+00 1
-3.6054802382527518e-01 -3.7271326180778289e-02 0.0000000000000000e+00 1
1.4132749785235210e-01 -3.7095343994851643e-01 0.0000000000000000e+00 1
1.5610164609538385e-01 -3.6888125374090597e-01 0.0000000000000000e+00 1
1.6165902733193965e-01 -3.5514109413517669e-01 0.0000000000000000e+00 1
1.7072630715940920e-01 -3.6678445446509428e-01 0.0000000000000000e+00 1
1.7625247473758437e-01 -3.5318411765433910e-01 0.0000000000000000e+00 1
1.8523334486888524e-01 -3.6472379194454058e-01 0.0000000000000000e+00 1
1.7982576562635283e-01 -3.7824943439169983e-01 0.0000000000000000e+00 1
1.9419389405088311e-01 -3.7618129415844159e-01 0.0000000000000000e+00 1
1.8880335035673115e-01 -3.8961395229224605e-01 0.0000000000000000e+00 1
2.0305516512545013e-01 -3.8757236139849083e-01 0.0000000000000000e+00 1
3.9659356039318722e-01 -3.8502814385554585e-01 0.0000000000000000e+00 1
4.0136553417184495e-01 -3.7419272847395268e-01 0.0000000000000000e+00 1
1.0999519644005425e-01 -3.0933537026610125e-01 0.0000000000000000e+00 1
3.8282640655467987e-01 -2.7477793875595402e-01 0.0000000000000000e+00 1
-3.2740329479357688e-01 -1.3160958631345271e-01 0.0000000000000000e+00 1
-3.1543275388991787e-01 -1.3028087249546066e-01 0.0000000000000000e+00 1
-1.5722567590504735e-01 1.5647938802662326e-01 0.0000000000000000e+00 1
-1.5204407596732533e-01 1.4970331178825760e-01 0.0000000000000000e+00 1
-1.6064016711757212e-01 1.4858163319536405e-01 0.0000000000000000e+00 1
-1.5540339065043524e-01 1.4160787571278591e-01 0.0000000000000000e+00 1
-1.6422150439725242e-01 1.4045276268430665e-01 0.0000000000000000e+00 1
3.5715860505959574e-01 -2.0432603100809024e-01 0.0000000000000000e+00 1
4.3667433862576190e-02 -3.3169953036020550e-01 0.0000000000000000e+00 1
-3.2035195539610201e-01 -1.4136083610272829e-01 0.0000000000000000e+00 1
-3.0818486182406757e-01 -1.4001938004054260e-01 0.0000000000000000e+00 1
-2.7958246529640202e-01 2.1702721973214764e-03 0.0000000000000000e+00 1
-1.5872694235785040e-01 1.3337481344409774e-01 0.0000000000000000e+00 1
-1.6800676798810565e-01 1.3240441679530401e-01 0.0000000000000000e+00 1
1.0217543295385176e-01 -3.6340598102211397e-01 0.0000000000000000e+00 1
3.9606923509931002e-01 -2.7288763072944278e-01 0.0000000000000000e+00 1
3.9123555897245327e-01 -2.8523481993430522e-01 0.0000000000000000e+00 1
-3.7363060212901822e-01 -6.7470527657892410e-02 0.0000000000000000e+00 1
-6.4753254460229476e-02 2.1594323641087737e-01 0.0000000000000000e+00 1
-2.3201383848660823e-01 2.1753917349684374e-01 0.0000000000000000e+00 1
-2.3589732493052853e-01 2.0870784886731455e-01 0.0000000000000000e+00 1
1.9771925329837278e-01 -4.0093615577252228e-01 0.0000000000000000e+00 1
2.1188902419770841e-01 -3.9882742945411476e-01 0.0000000000000000e+00 1
-1.9660252854574994e-01 2.3729576576502170e-01 0.0000000000000000e+00 1
-2.3490236954919225e-01 -7.4610007707752862e-02 0.0000000000000000e+00 1
-1.9297452047064412e-01 2.4547135501300715e-01 0.0000000000000000e+00 1
-1.8780467615951674e-01 2.3839426768970431e-01 0.0000000000000000e+00 1
-2.2002125511378101e-01 2.4292738037160633e-01 0.0000000000000000e+00 1
-3.4822606993033115e-03 1.8001527573631282e-01 0.0000000000000000e+00 1
-1.5006769696386768e-01 1.3450096766950217e-01 0.0000000000000000e+00 1
1.9070976350842497e-01 -3.5120237760821371e-01 0.0000000000000000e+00 1
2.1717511580738313e-01 -3.8575450504756248e-01 0.0000000000000000e+00 1
2.2587961264014750e-01 -3.9687098704276869e-01 0.0000000000000000e+00 1
3.6025505411886045e-02 2.8899787762099299e-01 0.0000000000000000e+00 1
5.2662130448201817e-02 2.2578576390098617e-01 0.0000000000000000e+00 1
6.3348932843473427e-02 2.2735172132480941e-01 0.0000000000000000e+00 1
5.9389702243725501e-02 2.1711578402194498e-01 0.0000000000000000e+00 1
7.0400789013740167e-02 2.1876598346332976e-01 0.0000000000000000e+00 1
-8.2490153421321655e-02 4.1595967447597540e-02 0.0000000000000000e+00 1
6.1198276218833739e-02 3.0348804580915700e-01 0.0000000000000000e+00 1
5.3976650480507801e-02 3.1192626396769985e-01 0.0000000000000000e+00 1
1.8346623243315913e-01 -4.0300774555837227e-01 0.0000000000000000e+00 1
4.0422041814231735e-01 -2.8321734446888192e-01 0.0000000000000000e+00 1
3.9951270575153824e-01 -2.9550401928311826e-01 0.0000000000000000e+00 1
3.8323159940112972e-01 -2.3864568707373257e-01 0.0000000000000000e+00 1
-1.4049832732585779e-01 1.5864761314168893e-01 0.0000000000000000e+00 1
-1.3731214190203106e-01 1.6634048492350917e-01 0.0000000000000000e+00 1
2.2066826162906750e-01 -4.0992128194079430e-01 0.0000000000000000e+00 1
2.3450644692117356e-01 -4.0787093188326839e-01 0.0000000000000000e+00 1
2.3964690592472340e-01 -3.9499773864381615e-01 0.0000000000000000e+00 1
2.4814737478309035e-01 -4.0587020181588890e-01 0.0000000000000000e+00 1
-3.1321688552179017e-01 -1.5129810535404972e-01 0.0000000000000000e+00 1
-3.0095929511372932e-01 -1.5000716821589294e-01 0.0000000000000000e+00 1
-2.9592039129765879e-01 -1.3863267537102447e-01 0.0000000000000000e+00 1
-2.8861794732517188e-01 -1.4867183875024254e-01 0.0000000000000000e+00 1
-2.8372257246599186e-01 -1.3735774797190528e-01 0.0000000000000000e+00 1
-2.7627540484966884e-01 -1.4740622507157958e-01 0.0000000000000000e+00 1
-2.8121734730733766e-01 -1.5885745475329105e-01 0.0000000000000000e+00 1
-2.6865354513912720e-01 -1.5746151996295316e-01 0.0000000000000000e+00 1
-2.6265564380682843e-01 -1.4392493074361812e-01 0.0000000000000000e+00 1
-2.5571240672276352e-01 -1.5569111928059387e-01 0.0000000000000000e+00 1
-2.6102248593062327e-01 -1.6779653539402153e-01 0.0000000000000000e+00 1
-2.4805010802879701e-01 -1.6628176944185577e-01 0.0000000000000000e+00 1
-2.5333106695581603e-01 -1.7834628070229835e-01 0.0000000000000000e+00 1
-2.4027309227724192e-01 -1.7684509992530006e-01 0.0000000000000000e+00 1
-2.3513161463182244e-01 -1.6472257083051678e-01 0.0000000000000000e+00 1
-2.2651692390279013e-01 -1.7551781108851627e-01 0.0000000000000000e+00 1
-2.3220442705459043e-01 -1.8754809757389124e-01 0.0000000000000000e+00 1
-2.1802545914228055e-01 -1.8607062657428047e-01 0.0000000000000000e+00 1
-2.2409838886400060e-01 -1.9841551540275629e-01 0.0000000000000000e+00 1
-2.0989429641695145e-01 -1.9669817439531445e-01 0.0000000000000000e+00 1
-2.1579501567056047e-01 -2.0928706302102229e-01 0.0000000000000000e+00 1
-2.0198318724222503e-01 -2.0758920043346540e-01 0.0000000000000000e+00 1
-3.5207681000650176e-01 -1.1345038171250055e-01 0.0000000000000000e+00 1
-1.5330616030334895e-01 1.2626969256003909e-01 0.0000000000000000e+00 1
-1.4453339549716931e-01 1.2738242651520976e-01 0.0000000000000000e+00 1
4.0826280404063031e-01 -3.8372632640814808e-01 0.0000000000000000e+00 1
4.1301802283634964e-01 -3.7297105061070696e-01 0.0000000000000000e+00 1
4.0362952234963456e-01 -3.9440349997323143e-01 0.0000000000000000e+00 1
4.0613978005052392e-01 -3.6340810598555051e-01 0.0000000000000000e+00 1
4.1786589602901236e-01 -3.6213461900440780e-01 0.0000000000000000e+00 1
2.4304555820354040e-01 -4.1859592482296631e-01 0.0000000000000000e+00 1
2.5653121299610798e-01 -4.1663131342267978e-01 0.0000000000000000e+00 1
-2.0790383731504886e-01 -2.2056982245577905e-01 0.0000000000000000e+00 1
-1.9364448163932238e-01 -2.1874152149384288e-01 0.0000000000000000e+00 1
3.7876293103170428e-01 -2.8746289106014516e-01 0.0000000000000000e+00 1
4.1289779613860894e-01 -2.9381211588047779e-01 0.0000000000000000e+00 1
-2.4172728515527936e-01 2.1660724593718397e-01 0.0000000000000000e+00 1
-2.4572157171401315e-01 2.0748763184314767e-01 0.0000000000000000e+00 1
6.6309631981053829e-02 2.0834325301222961e-01 0.0000000000000000e+00 1
7.7538295714107933e-02 2.1000862557981581e-01 0.0000000000000000e+00 1
8.1678458567413015e-02 2.2073967672373140e-01 0.0000000000000000e+00 1
8.9149488416038231e-02 2.1157381662639052e-01 0.0000000000000000e+00 1
9.3375502458836662e-02 2.2290491950952096e-01 0.0000000000000000e+00 1
1.0106450149987929e-01 2.1347760246021966e-01 0.0000000000000000e+00 1
9.6650354715078893e-02 2.0204467216173966e-01 0.0000000000000000e+00 1
1.0849756295305338e-01 2.0364095940618779e-01 0.0000000000000000e+00 1
1.0424575195260573e-01 1.9222311169309236e-01 0.0000000000000000e+00 1
1.1639195137896598e-01 1.9386535576594399e-01 0.0000000000000000e+00 1
1.1205825174845227e-01 1.8222031009740960e-01 0.0000000000000000e+00 1
1.2464962857014979e-01 1.8420898546351505e-01 0.0000000000000000e+00 1
1.2007647609925538e-01 1.7207454685340595e-01 0.0000000000000000e+00 1
1.3313237160442998e-01 1.7484835690428074e-01 0.0000000000000000e+00 1
1.2825427089648306e-01 1.6178959479271787e-01 0.0000000000000000e+00 1
1.4175105179865780e-01 1.6462306278278682e-01 0.0000000000000000e+00 1
1.0540128015731129e-01 2.2492169626580300e-01 0.0000000000000000e+00 1
1.3718982542972114e-01 1.5174450273687137e-01 0.0000000000000000e+00 1
1.5000790411347015e-01 1.5319355625564127e-01 0.0000000000000000e+00 1
1.4570847346939858e-01 1.4092062087733948e-01 0.0000000000000000e+00 1
1.5953107803664973e-01 1.4247952289503835e-01 0.0000000000000000e+00 1
1.5456599937424148e-01 1.3005469628654354e-01 0.0000000000000000e+00 1
1.6791125887884820e-01 1.3149860982593306e-01 0.0000000000000000e+00 1
1.6327896477036030e-01 1.1894792149890390e-01 0.0000000000000000e+00 1
1.7669462583799328e-01 1.2055869218438256e-01 0.0000000000000000e+00 1
1.2972108770728821e-01 1.9445438418832400e-01 0.0000000000000000e+00 1
1.5596756017678687e-01 1.6659690216983875e-01 0.0000000000000000e+00 1
1.7143110530954364e-01 1.0712736322655776e-01 0.0000000000000000e+00 1
1.8561733705297123e-01 1.0937828142009477e-01 0.0000000000000000e+00 1
3.3411096149718206e-01 -2.3296917976821521e-01 0.0000000000000000e+00 1
1.8028662498933515e-01 9.5629183492921543e-02 0.0000000000000000e+00 1
1.9473674985255107e-01 9.7842399102960831e-02 0.0000000000000000e+00 1
1.8939970627306027e-01 8.4132631447373110e-02 0.0000000000000000e+00 1
2.0408595913136129e-01 8.6270483121137401e-02 0.0000000000000000e+00 1
-7.1344064042155667e-03 2.3367024796836380e-01 0.0000000000000000e+00 1
-2.4491908381821534e-01 -4.3942293896322704e-02 0.0000000000000000e+00 1
1.0078621426646656e-01 -2.9738448910404691e-01 0.0000000000000000e+00 1
1.1569782448106938e-01 -2.9534985941472219e-01 0.0000000000000000e+00 1
1.0653250115143588e-01 -2.8346335204298012e-01 0.0000000000000000e+00 1
-3.4076570799919975e-01 -1.5494656139431927e-02 0.0000000000000000e+00 1
5.3101055544142406e-02 -3.4393393817236523e-01 0.0000000000000000e+00 1
3.7732070114289237e-02 -3.4600457729466455e-01 0.0000000000000000e+00 1
-1.3234107209374080e-01 1.5978851847081033e-01 0.0000000000000000e+00 1
-1.2914519565526217e-01 1.6723491821189054e-01 0.0000000000000000e+00 1
4.0870627441956392e-01 -2.7021834924510407e-01 0.0000000000000000e+00 1
-1.8465030678433531e-01 2.4603007188530582e-01 0.0000000000000000e+00 1
-1.7928204580635826e-01 2.3936727851292275e-01 0.0000000000000000e+00 1
1.8178700193566058e-01 -3.3968231698684503e-01 0.0000000000000000e+00 1
1.9613986394741317e-01 -3.3697215593694807e-01 0.0000000000000000e+00 1
2.5323622250257233e-01 -3.9317600288405857e-01 0.0000000000000000e+00 1
1.8240136994837511e-01 1.3312712577159586e-01 0.0000000000000000e+00 1
-2.2894994277700509e-01 -2.1074002229428293e-01 0.0000000000000000e+00 1
2.5145464746929636e-01 -4.2936308771854503e-01 0.0000000000000000e+00 1
2.6483927373317273e-01 -4.2728513553910485e-01 0.0000000000000000e+00 1
-2.2129493081743928e-01 -1.6336972725024362e-01 0.0000000000000000e+00 1
1.0704576593256732e-01 1.7132718532623042e-01 0.0000000000000000e+00 1
6.4929319865782070e-02 3.1402741755450092e-01 0.0000000000000000e+00 1
5.7571223446258042e-02 3.2247183810666130e-01 0.0000000000000000e+00 1
7.2307242284269810e-02 3.0564223827089398e-01 0.0000000000000000e+00 1
4.6640011352036916e-02 3.1997385268810563e-01 0.0000000000000000e+00 1
5.0294585275224485e-02 3.3081356056492156e-01 0.0000000000000000e+00 1
-1.4784317918535392e-01 1.1915146645867188e-01 0.0000000000000000e+00 1
-1.3896194874234880e-01 1.2034601986724314e-01 0.0000000000000000e+00 1
-3.3308348892957051e-01 -1.4388480199338077e-01 0.0000000000000000e+00 1
-1.9661505338723653e-01 -1.9481999339990694e-01 0.0000000000000000e+00 1
-3.1832594626344535e-01 -1.1030417259019248e-01 0.0000000000000000e+00 1
4.7234286032438767e-02 -3.5834116482349671e-01 0.0000000000000000e+00 1
-1.2424908676624843e-01 1.6082944179194292e-01 0.0000000000000000e+00 1
-1.2123287423183894e-01 1.6821387140312449e-01 0.0000000000000000e+00 1
-1.2597437131229799e-01 1.7449688084895038e-01 0.0000000000000000e+00 1
-1.1853994392813816e-01 1.7551263660615013e-01 0.0000000000000000e+00 1
-1.2296118695734651e-01 1.8152859738272359e-01 0.0000000000000000e+00 1
-1.1577720790431396e-01 1.8248359783235218e-01 0.0000000000000000e+00 1
-1.1995237501172532e-01 1.8820805516212374e-01 0.0000000000000000e+00 1
-1.1291770521760827e-01 1.8908053932556590e-01 0.0000000000000000e+00 1
-1.1700823057538290e-01 1.9462944592939008e-01 0.0000000000000000e+00 1
-1.1037769536758660e-01 1.9534615844915673e-01 0.0000000000000000e+00 1
-1.1445316526425982e-01 2.0068078720215704e-01 0.0000000000000000e+00 1
-1.2092090270012286e-01 2.0001710281169893e-01 0.0000000000000000e+00 1
-1.1823797133210248e-01 2.0604878044837394e-01 0.0000000000000000e+00 1
-1.2471668209492359e-01 2.0537155423087700e-01 0.0000000000000000e+00 1
-1.2207140733033828e-01 2.1128766528369672e-01 0.0000000000000000e+00 1
-1.2851944849580416e-01 2.1064012197895793e-01 0.0000000000000000e+00 1
-1.1228165290618909e-01 2.0710831712479821e-01 0.0000000000000000e+00 1
-1.9919913197880473e-01 -2.3173266068181780e-01 0.0000000000000000e+00 1
-1.8532074616197897e-01 -2.3020027827332373e-01 0.0000000000000000e+00 1
6.1059331557660454e-02 3.3296247322784411e-01 0.0000000000000000e+00 1
5.3925447885164735e-02 3.4126364932508968e-01 0.0000000000000000e+00 1
4.1522275559040128e-01 -3.9309798153348102e-01 0.0000000000000000e+00 1
4.1060075477293356e-01 -4.0363659443263333e-01 0.0000000000000000e+00 1
4.1089246090010684e-01 -3.5251179559080470e-01 0.0000000000000000e+00 1
4.2273838910851047e-01 -3.5123722306499389e-01 0.0000000000000000e+00 1
-2.5161748334839468e-01 2.1562653155609557e-01 0.0000000000000000e+00 1
-2.5579061946536596e-01 2.0628783845038556e-01 0.0000000000000000e+00 1
-2.4764486058214999e-01 2.2634761083590971e-01 0.0000000000000000e+00 1
3.8154546867406582e-02 3.2861622066872054e-01 0.0000000000000000e+00 1
2.0952446877230346e-01 1.0034000707941067e-01 0.0000000000000000e+00 1
2.1896669486649659e-01 8.8510192023526071e-02 0.0000000000000000e+00 1
2.1344040299553524e-01 7.4429270658356528e-02 0.0000000000000000e+00 1
2.2843572101780010e-01 7.6629116670850206e-02 0.0000000000000000e+00 1
2.2285261792148581e-01 6.2372348433202308e-02 0.0000000000000000e+00 1
2.3803086490421399e-01 6.4607420315277581e-02 0.0000000000000000e+00 1
2.3238071218829992e-01 5.0274394147972620e-02 0.0000000000000000e+00 1
2.4705507683647901e-01 5.2592631481769694e-02 0.0000000000000000e+00 1
2.4190364641119635e-01 3.8065245319327402e-02 0.0000000000000000e+00 1
2.5870921384438944e-01 4.1853827594011288e-02 0.0000000000000000e+00 1
2.5127877556222084e-01 2.5645262418863737e-02 0.0000000000000000e+00 1
2.6725324275245910e-01 2.8066689186763728e-02 0.0000000000000000e+00 1
2.6017630672842762e-01 1.2689708042939023e-02 0.0000000000000000e+00 1
-1.9098442457159301e-01 -2.4339526688814647e-01 0.0000000000000000e+00 1
-1.7656882799394905e-01 -2.4167805259818842e-01 0.0000000000000000e+00 1
2.6980643005218707e-01 -4.1486024283560585e-01 0.0000000000000000e+00 1
2.7793799698805410e-01 -4.2532299474815005e-01 0.0000000000000000e+00 1
2.8285452307508085e-01 -4.1316273536395853e-01 0.0000000000000000e+00 1
2.9083604993946316e-01 -4.2345750548367644e-01 0.0000000000000000e+00 1
2.8606386534287936e-01 -4.3548111084160179e-01 0.0000000000000000e+00 1
2.9878287681462984e-01 -4.3361807379409684e-01 0.0000000000000000e+00 1
3.5934599963166980e-01 -2.6727652283483017e-01 0.0000000000000000e+00 1
3.1569474094713690e-01 -2.1115878444494995e-01 0.0000000000000000e+00 1
-1.9051954742204738e-01 2.5319058803170852e-01 0.0000000000000000e+00 1
2.9570155320357849e-01 -4.1141845448513209e-01 0.0000000000000000e+00 1
1.9240235342629342e-01 -4.1432068841524561e-01 0.0000000000000000e+00 1
1.7807573519624076e-01 -4.1642402447516180e-01 0.0000000000000000e+00 1
1.2140202203270417e-01 -2.8149766594701686e-01 0.0000000000000000e+00 1
1.3055990580456944e-01 -2.9331146956249377e-01 0.0000000000000000e+00 1
1.1227051379174381e-01 -2.6964495924950915e-01 0.0000000000000000e+00 1
2.5944674724174310e-01 -1.4144661718290513e-01 0.0000000000000000e+00 1
2.1179061529671947e-01 -2.3008133264203609e-01 0.0000000000000000e+00 1
-3.5191983396390780e-01 -1.6801833232043487e-02 0.0000000000000000e+00 1
-3.4748159477094087e-01 -6.4886154756701626e-03 0.0000000000000000e+00 1
-3.5859167496362870e-01 -7.8738606183738156e-03 0.0000000000000000e+00 1
-3.5419798015732928e-01 2.5379760716107832e-03 0.0000000000000000e+00 1
-3.6538782990683905e-01 1.2168935249496356e-03 0.0000000000000000e+00 1
-3.6093676695792665e-01 1.1624455064402732e-02 0.0000000000000000e+00 1
-3.6968252073938768e-01 -9.2028187231249208e-03 0.0000000000000000e+00 1
2.9692658821984941e-01 -3.4153160877282757e-01 0.0000000000000000e+00 1
3.2804018589542983e-01 -3.2674388348329952e-01 0.0000000000000000e+00 1
2.1136879710428239e-01 -8.1660736787994681e-02 0.0000000000000000e+00 1
2.8300895524026531e-01 -2.8391847915658863e-01 0.0000000000000000e+00 1
-2.2974360334498004e-01 -1.5270619006920544e-01 0.0000000000000000e+00 1
-2.1681938511923660e-01 -1.5107715168039096e-01 0.0000000000000000e+00 1
-2.2473064276435828e-01 -1.4066700096565515e-01 0.0000000000000000e+00 1
-2.0289915383236201e-01 -1.1027584459807481e-03 0.0000000000000000e+00 1
-2.4432023102657165e-02 -2.2170533344465249e-01 0.0000000000000000e+00 1
-9.7775107826449346e-03 -2.1982678599296637e-01 0.0000000000000000e+00 1
-1.8646709059753949e-02 -2.0811190876829724e-01 0.0000000000000000e+00 1
-4.1909739866169632e-03 -2.0630577893422525e-01 0.0000000000000000e+00 1
-1.3145440003579239e-02 -1.9470870150024538e-01 0.0000000000000000e+00 1
4.7945946762714764e-03 -2.1790710606826860e-01 0.0000000000000000e+00 1
1.0335343793611543e-02 -2.0440485302424716e-01 0.0000000000000000e+00 1
1.9340207041718890e-02 -2.1598057652756464e-01 0.0000000000000000e+00 1
2.4928793720198007e-02 -2.0243164636024871e-01 0.0000000000000000e+00 1
3.3895392126578432e-02 -2.1403405992676056e-01 0.0000000000000000e+00 1
1.5973230560961955e-02 -1.9095998197945296e-01 0.0000000000000000e+00 1
-1.2736161885650935e-01 1.5339214305435020e-01 0.0000000000000000e+00 1
1.1151181128400073e-01 -3.7536875728052377e-01 0.0000000000000000e+00 1
9.6435780808653337e-02 -3.7750360362229046e-01 0.0000000000000000e+00 1
2.4960521179176584e-01 -3.0029535845898747e-01 0.0000000000000000e+00 1
1.2474849942306385e-01 8.9699127772551422e-03 0.0000000000000000e+00 1
4.2472636482545922e-01 -3.7176731185364231e-01 0.0000000000000000e+00 1
-1.8230661680179999e-01 -2.5493421603642191e-01 0.0000000000000000e+00 1
-1.6781912055168705e-01 -2.5331774802812196e-01 0.0000000000000000e+00 1
9.0868345303404208e-02 5.2948546634877316e-02 0.0000000000000000e+00 1
1.7492553401001834e-01 -3.4339965251503013e-02 0.0000000000000000e+00 1
1.7728076237719398e-01 -2.4722840871843960e-01 0.0000000000000000e+00 1
1.6205983575482061e-01 -1.8516564599981289e-01 0.0000000000000000e+00 1
2.4485467440479153e-01 -3.8226368062470800e-01 0.0000000000000000e+00 1
-1.7643418125206514e-01 2.4735462475648659e-01 0.0000000000000000e+00 1
-1.7135362586029990e-01 2.4007273091602213e-01 0.0000000000000000e+00 1
2.3782397936688632e-01 -4.3215469324630673e-01 0.0000000000000000e+00 1
-1.0486261442632738e-01 -1.5718432383717212e-01 0.0000000000000000e+00 1
-1.4716905579379017e-01 -1.0596048323133689e-01 0.0000000000000000e+00 1
1.1202857671719225e-01 -1.4101094901468980e-01 0.0000000000000000e+00 1
-1.4431845214531357e-02 -2.9935540989168874e-01 0.0000000000000000e+00 1
-2.9697065234442224e-02 -3.0131199356335309e-01 0.0000000000000000e+00 1
-2.0362236105745762e-02 -3.1362183372575309e-01 0.0000000000000000e+00 1
-3.5848105005732489e-02 -3.1553067007376140e-01 0.0000000000000000e+00 1
-4.5288643050224911e-02 -3.0327481519152211e-01 0.0000000000000000e+00 1
-2.6426764807284994e-02 -3.2800094010535108e-01 0.0000000000000000e+00 1
1.2727429299508533e-01 -2.0239143497003745e-01 0.0000000000000000e+00 1
-1.4214735495753378e-01 5.2834386109381938e-02 0.0000000000000000e+00 1
-1.8594356913705054e-01 3.8181315254374820e-02 0.0000000000000000e+00 1
8.5976280903923452e-02 -1.0690184839573287e-01 0.0000000000000000e+00 1
1.0009515645850313e-01 -1.0504111067098183e-01 0.0000000000000000e+00 1
9.1390539085462796e-02 -9.3748255439555908e-02 0.0000000000000000e+00 1
1.0553481676680478e-01 -9.1844850846153417e-02 0.0000000000000000e+00 1
9.6828229323594445e-02 -8.0560248220224021e-02 0.0000000000000000e+00 1
1.1095703908160530e-01 -7.8639375495677982e-02 0.0000000000000000e+00 1
1.1972225261475697e-01 -8.9967058474256401e-02 0.0000000000000000e+00 1
1.0222264306520212e-01 -6.7380969735165899e-02 0.0000000000000000e+00 1
1.2519459992430917e-01 -7.6677581892599336e-02 0.0000000000000000e+00 1
1.3403964261931745e-01 -8.8133428538442762e-02 0.0000000000000000e+00 1
-6.7224158634809308e-02 -2.5347058133541694e-01 0.0000000000000000e+00 1
-1.7360704275253148e-02 -5.1359647452496861e-02 0.0000000000000000e+00 1
2.5758220717571267e-01 -2.4995572066857380e-01 0.0000000000000000e+00 1
2.2969216496933821e-02 -1.0339016811591228e-01 0.0000000000000000e+00 1
7.8376517442974733e-02 -1.5758634278644723e-01 0.0000000000000000e+00 1
-5.1068595502186766e-02 -2.2284005035725181e-03 0.0000000000000000e+00 1
9.2003410117252452e-02 1.9109250586717647e-01 0.0000000000000000e+00 1
-2.6636443890545913e-01 -1.7981009750704438e-01 0.0000000000000000e+00 1
1.0581680715764735e-01 -3.8955710190005444e-01 0.0000000000000000e+00 1
-1.7656867164088819e-01 -6.8334720107335517e-02 0.0000000000000000e+00 1
-3.0602692533882592e-01 -1.6139196269980119e-01 0.0000000000000000e+00 1
-3.3903966269938812e-01 -8.3438802648596225e-02 0.0000000000000000e+00 1
1.4397363786395589e-02 -3.5879465029105023e-02 0.0000000000000000e+00 1
-2.4158107182036211e-02 1.1769221770942310e-02 0.0000000000000000e+00 1
-1.4614227806285923e-01 -1.6271059831879292e-01 0.0000000000000000e+00 1
-1.6922050166897376e-01 7.5024682915809743e-02 0.0000000000000000e+00 1
-1.6517160379125984e-01 8.4229515021941120e-02 0.0000000000000000e+00 1
-1.7511988901193801e-01 8.2973601719979057e-02 0.0000000000000000e+00 1
1.2994115012486243e-01 5.9575979709323990e-02 0.0000000000000000e+00 1
-7.7995974022541964e-02 2.1035665022455544e-01 0.0000000000000000e+00 1
-3.4968487901878964e-01 1.2948015152585191e-02 0.0000000000000000e+00 1
-3.5646432924534693e-01 2.2076362330307596e-02 0.0000000000000000e+00 1
-3.4512927070930749e-01 2.3407161979107780e-02 0.0000000000000000e+00 1
-3.5195842270829486e-01 3.2591527089375100e-02 0.0000000000000000e+00 1
-3.4057252494236306e-01 3.3930610323792527e-02 0.0000000000000000e+00 1
-3.4743202452288979e-01 4.3144114185280386e-02 0.0000000000000000e+00 1
-3.3597678626425270e-01 4.4500514893065064e-02 0.0000000000000000e+00 1
-3.4288214814062573e-01 5.3728686102942298e-02 0.0000000000000000e+00 1
-3.3138972386467525e-01 5.5097684109600017e-02 0.0000000000000000e+00 1
-3.3832852172947397e-01 6.4323410774877646e-02 0.0000000000000000e+00 1
-3.2684932497758989e-01 6.5689710335676874e-02 0.0000000000000000e+00 1
-3.3376221789442495e-01 7.4935571307635243e-02 0.0000000000000000e+00 1
-3.2229664520196427e-01 7.6288490959099828e-02 0.0000000000000000e+00 1
-3.2920306210117822e-01 8.5545793271541118e-02 0.0000000000000000e+00 1
-3.1774278374468268e-01 8.6922461373793183e-02 0.0000000000000000e+00 1
-3.2423320649408499e-01 9.5976102130770152e-02 0.0000000000000000e+00 1
-3.1312474136365165e-01 9.7499913175904479e-02 0.0000000000000000e+00 1
-3.1978818967611161e-01 1.0661470742914234e-01 0.0000000000000000e+00 1
-3.0859588467615551e-01 1.0807230989012565e-01 0.0000000000000000e+00 1
-3.1486104062956516e-01 1.1702066047369378e-01 0.0000000000000000e+00 1
-3.0401091584087375e-01 1.1864513020288459e-01 0.0000000000000000e+00 1
-3.1097256351875890e-01 1.2785102110813573e-01 0.0000000000000000e+00 1
-2.9961120644209061e-01 1.2922890838881188e-01 0.0000000000000000e+00 1
-3.0653162076312157e-01 1.3854042823073406e-01 0.0000000000000000e+00 1
-2.9517660123642780e-01 1.3972297615362839e-01 0.0000000000000000e+00 1
-1.5675984762388803e-01 1.1794695452909720e-01 0.0000000000000000e+00 1
-7.4030388342636755e-02 8.5326894190579927e-02 0.0000000000000000e+00 1
-1.7412370582016293e-01 2.3270108233149639e-01 0.0000000000000000e+00 1
-1.6625614080168899e-01 2.3367183150269721e-01 0.0000000000000000e+00 1
9.8508197452703311e-02 9.7941958825209036e-02 0.0000000000000000e+00 1
-1.8361196590899792e-01 -2.7556989996424180e-02 0.0000000000000000e+00 1
6.6758925101959646e-02 1.3758022000793996e-01 0.0000000000000000e+00 1
-6.1893200415536649e-02 1.7805297318450680e-01 0.0000000000000000e+00 1
-7.0509533975911809e-02 9.3264564981092618e-02 0.0000000000000000e+00 1
-6.4764704622621738e-02 8.6477209761093923e-02 0.0000000000000000e+00 1
-6.1168540810592878e-02 9.4665971724349901e-02 0.0000000000000000e+00 1
-5.5365043665833502e-02 8.7733228721553175e-02 0.0000000000000000e+00 1
-5.1817308716258927e-02 9.6773019662294041e-02 0.0000000000000000e+00 1
-4.5877099718983745e-02 8.9047176570435496e-02 0.0000000000000000e+00 1
-4.2083872061735764e-02 9.8340439147094783e-02 0.0000000000000000e+00 1
-3.5984655667001694e-02 9.0519263614841167e-02 0.0000000000000000e+00 1
-3.2259841807721706e-02 9.9792374306853879e-02 0.0000000000000000e+00 1
-2.5894762511783246e-02 9.1948645859126460e-02 0.0000000000000000e+00 1
-3.8409253415602869e-02 1.0759132861259313e-01 0.0000000000000000e+00 1
-2.8691210960193433e-02 1.0905087781826867e-01 0.0000000000000000e+00 1
-3.4734606458364931e-02 1.1679415754316837e-01 0.0000000000000000e+00 1
-2.5159521210567151e-02 1.1821572390793503e-01 0.0000000000000000e+00 1
-3.1130790083347709e-02 1.2587351857738249e-01 0.0000000000000000e+00 1
-2.9828770497152129e-02 8.2257010213910922e-02 0.0000000000000000e+00 1
-1.9390807889348195e-02 8.3844672793606412e-02 0.0000000000000000e+00 1
-2.1649798993412128e-02 1.2726885611295236e-01 0.0000000000000000e+00 1
-2.7758741001623857e-02 1.3467396429206835e-01 0.0000000000000000e+00 1
-1.5441459259107846e-02 1.1965546626696832e-01 0.0000000000000000e+00 1
-2.3385300795701371e-02 7.4006757797959372e-02 0.0000000000000000e+00 1
-1.2797976594113282e-02 7.5443889470904524e-02 0.0000000000000000e+00 1
-8.7888539750128093e-03 8.5506035026329988e-02 0.0000000000000000e+00 1
-2.4109890442991014e-03 7.6643058736182129e-02 0.0000000000000000e+00 1
-6.1666477961764016e-03 6.6683747281288452e-02 0.0000000000000000e+00 1
6.1816462326170444e-03 6.8503527890380445e-02 0.0000000000000000e+00 1
9.4011339219845331e-04 5.7755377929369141e-02 0.0000000000000000e+00 1
1.2135545092402330e-02 5.9263811114956030e-02 0.0000000000000000e+00 1
7.8079236728125605e-03 4.8585284963239966e-02 0.0000000000000000e+00 1
1.9402619448091879e-02 5.0232509328578603e-02 0.0000000000000000e+00 1
1.4996317141104339e-02 3.9207761639671927e-02 0.0000000000000000e+00 1
2.6824649530794199e-02 4.0896654762638623e-02 0.0000000000000000e+00 1
8.7894599401564248e-04 8.5707843400868525e-02 0.0000000000000000e+00 1
2.2354753763683261e-02 2.9675295460186189e-02 0.0000000000000000e+00 1
3.4471127893211509e-02 3.1403357959075985e-02 0.0000000000000000e+00 1
2.9878381719623905e-02 1.9995297475017326e-02 0.0000000000000000e+00 1
4.2144709229919933e-02 2.1620395053334174e-02 0.0000000000000000e+00 1
3.7567692700431046e-02 1.0018175049479380e-02 0.0000000000000000e+00 1
5.0043442558389675e-02 1.1696307228238967e-02 0.0000000000000000e+00 1
4.5261790183219019e-02 -2.4252694101266548e-04 0.0000000000000000e+00 1
5.8176057322703492e-02 1.6678274663503190e-03 0.0000000000000000e+00 1
5.3147454960138937e-02 -1.0586557280698558e-02 0.0000000000000000e+00 1
6.6356122451186966e-02 -8.5928953619992723e-03 0.0000000000000000e+00 1
-3.6948682407840931e-02 1.3335525504756501e-01 0.0000000000000000e+00 1
-3.3665841528774297e-02 1.4200853743379019e-01 0.0000000000000000e+00 1
2.3663585826015458e-02 6.1252449532001950e-02 0.0000000000000000e+00 1
-4.4432237727683732e-02 1.1531319987201946e-01 0.0000000000000000e+00 1
-2.4516338603425742e-02 1.4338357034712665e-01 0.0000000000000000e+00 1
-3.0276213123795793e-02 1.5054890560671727e-01 0.0000000000000000e+00 1
6.1351206556164092e-02 -2.0951840793409632e-02 0.0000000000000000e+00 1
7.4602789818729726e-02 -1.8970163031641625e-02 0.0000000000000000e+00 1
-4.0032878583328496e-03 2.4204120117942027e-01 0.0000000000000000e+00 1
-1.2779817584484637e-02 2.4044177429203933e-01 0.0000000000000000e+00 1
-9.7548254939314061e-03 2.4879229543798578e-01 0.0000000000000000e+00 1
-5.1325779394026827e-02 -3.1749256846093454e-01 0.0000000000000000e+00 1
-6.0865004998726005e-02 -3.0514221051213097e-01 0.0000000000000000e+00 1
-3.0191469834268742e-01 1.4883204666162944e-01 0.0000000000000000e+00 1
-2.9074435342206872e-01 1.5013176964026975e-01 0.0000000000000000e+00 1
3.7864298260263468e-02 1.6839866543309978e-01 0.0000000000000000e+00 1
-1.6694917463604442e-01 1.6940590659805921e-01 0.0000000000000000e+00 1
-1.6208740829034451e-01 -2.3985638644679835e-01 0.0000000000000000e+00 1
-1.5329938411460226e-01 -2.5151047706475577e-01 0.0000000000000000e+00 1
-2.2447189654291785e-01 1.9372447778486884e-01 0.0000000000000000e+00 1
-1.6945879679681039e-01 1.4759802150588502e-01 0.0000000000000000e+00 1
8.7828018479578756e-03 2.1364189446022630e-01 0.0000000000000000e+00 1
2.7678481394407339e-01 1.5483333427024095e-02 0.0000000000000000e+00 1
2.7129869636458054e-01 9.6052804610644200e-04 0.0000000000000000e+00 1
2.8683916236830631e-01 3.1373411725089122e-03 0.0000000000000000e+00 1
2.8116051287715949e-01 -1.1541167107873077e-02 0.0000000000000000e+00 1
2.9649278914927540e-01 -9.5498566511583675e-03 0.0000000000000000e+00 1
2.9103965846796481e-01 -2.4091017266349386e-02 0.0000000000000000e+00 1
-1.0905409982227821e-01 1.8296526409718783e-01 0.0000000000000000e+00 1
-4.2242549102571719e-02 2.1009544563064886e-01 0.0000000000000000e+00 1
-1.0487061338039870e-01 1.2607002514368429e-01 0.0000000000000000e+00 1
2.8776667623678276e-01 -4.0112420689119466e-01 0.0000000000000000e+00 1
-1.7951887147678985e-01 -2.1692012680210876e-01 0.0000000000000000e+00 1
2.5989694724246676e-01 -4.3970095862917186e-01 0.0000000000000000e+00 1
-1.2749610162004779e-01 1.9941785670592288e-01 0.0000000000000000e+00 1
2.0826940299983532e-01 6.0937597555406467e-02 0.0000000000000000e+00 1
-1.5899552308884010e-01 -2.6513835677719921e-01 0.0000000000000000e+00 1
-1.4424752571448524e-01 -2.6326953386161417e-01 0.0000000000000000e+00 1
2.9410407953851925e-01 -4.4544699626606943e-01 0.0000000000000000e+00 1
3.0660231759734835e-01 -4.4353420169904584e-01 0.0000000000000000e+00 1
3.1126029270807415e-01 -4.3191603807757850e-01 0.0000000000000000e+00 1
3.1897404278737262e-01 -4.4171451055202582e-01 0.0000000000000000e+00 1
-1.2590290023837400e-01 2.1654059309884499e-01 0.0000000000000000e+00 1
-1.3245346019944149e-01 2.1590828980425336e-01 0.0000000000000000e+00 1
3.1740445889586383e-02 -3.6042573522735399e-01 0.0000000000000000e+00 1
-1.8417078117471477e-02 2.4711334226017714e-01 0.0000000000000000e+00 1
-1.5479634871085987e-02 2.5550423681282136e-01 0.0000000000000000e+00 1
-6.6772068215625357e-03 2.5720086356885119e-01 0.0000000000000000e+00 1
-9.5047701960511308e-02 1.4763533880077748e-01 0.0000000000000000e+00 1
-1.9128657851286293e-01 2.3028983037873652e-01 0.0000000000000000e+00 1
-2.8202044734057452e-01 -7.8878504595663548e-02 0.0000000000000000e+00 1
-2.7511141401727002e-01 -8.8310615751307220e-02 0.0000000000000000e+00 1
2.5833131225967715e-01 -3.8062316399600871e-01 0.0000000000000000e+00 1
3.1845251142458508e-02 2.2223609993949925e-01 0.0000000000000000e+00 1
2.7176143445403833e-01 -2.4825289322642446e-01 0.0000000000000000e+00 1
2.6314991922772857e-01 -2.3678710421600582e-01 0.0000000000000000e+00 1
-1.3516854079204410e-01 2.0980359477120891e-01 0.0000000000000000e+00 1
-1.3919294818568240e-01 2.1527647618133650e-01 0.0000000000000000e+00 1
-1.3628343174970836e-01 2.2130568161624845e-01 0.0000000000000000e+00 1
9.7539356305079816e-02 2.3436813838431811e-01 0.0000000000000000e+00 1
1.0979611145944120e-01 2.3649128359617769e-01 0.0000000000000000e+00 1
1.0183869887599328e-01 2.4604775062012224e-01 0.0000000000000000e+00 1
1.1420295100325409e-01 2.4821970669944152e-01 0.0000000000000000e+00 1
1.0662702027201051e-01 2.5771979377900900e-01 0.0000000000000000e+00 1
1.2228247381469687e-01 2.3846107374693598e-01 0.0000000000000000e+00 1
3.9482889071018219e-02 -2.0048975379731498e-01 0.0000000000000000e+00 1
4.8444422079231782e-02 -2.1209909608949271e-01 0.0000000000000000e+00 1
2.0372674229344115e-01 -2.8169349867332560e-01 0.0000000000000000e+00 1
1.8942841854338321e-01 -2.8351724709287857e-01 0.0000000000000000e+00 1
-3.4977269261575966e-01 6.2961075019470139e-02 0.0000000000000000e+00 1
3.2365954504518163e-01 -4.3006752735626474e-01 0.0000000000000000e+00 1
3.3110235181014103e-01 -4.3995841636950833e-01 0.0000000000000000e+00 1
1.2383456364957490e-01 1.4899115289286066e-01 0.0000000000000000e+00 1
6.9177058489867327e-02 -3.1252523714140917e-02 0.0000000000000000e+00 1
-2.0490823259247143e-01 -2.4478400901798186e-01 0.0000000000000000e+00 1
7.6189827152693762e-02 3.1632560685783018e-01 0.0000000000000000e+00 1
8.3810547117615125e-02 3.0761062905266390e-01 0.0000000000000000e+00 1
-1.5003902377410328e-01 -2.7705590674689756e-01 0.0000000000000000e+00 1
-1.3509761721694552e-01 -2.7516711936184601e-01 0.0000000000000000e+00 1
-2.9745236028049438e-01 1.5913473538489234e-01 0.0000000000000000e+00 1
-2.8633214384283356e-01 1.6046687577735894e-01 0.0000000000000000e+00 1
-2.9300013239801442e-01 1.6941800344972668e-01 0.0000000000000000e+00 1
-2.8196270305642551e-01 1.7066545384895326e-01 0.0000000000000000e+00 1
-3.1841176424502304e-01 -1.6265962426059405e-01 0.0000000000000000e+00 1
-3.1112548699146569e-01 -1.7290481945216735e-01 0.0000000000000000e+00 1
-4.2585324963823785e-02 1.4058949573618973e-01 0.0000000000000000e+00 1
9.0639272916727590e-02 -3.9169256901547600e-01 0.0000000000000000e+00 1
2.5006515857930395e-01 -3.6963534647001178e-01 0.0000000000000000e+00 1
-2.4965182987194606e-01 1.9813861399132696e-01 0.0000000000000000e+00 1
4.6141833816822360e-02 3.4181443105402651e-02 0.0000000000000000e+00 1
-1.7693799951615435e-01 -1.1784154213362058e-01 0.0000000000000000e+00 1
4.1570299840121294e-01 -3.4161403850980399e-01 0.0000000000000000e+00 1
4.2766153677111940e-01 -3.4039739180928047e-01 0.0000000000000000e+00 1
4.0369334029263337e-01 -3.4283116180425038e-01 0.0000000000000000e+00 1
4.3464063712751977e-01 -3.4998584775711228e-01 0.0000000000000000e+00 1
2.2448008167405778e-01 1.0265477871396322e-01 0.0000000000000000e+00 1
-1.4232972140227684e-01 1.1203968099373408e-01 0.0000000000000000e+00 1
-1.3341082757525669e-01 1.1322435247961116e-01 0.0000000000000000e+00 1
-1.2080011212392616e-02 1.2876914862464356e-01 0.0000000000000000e+00 1
-5.6018351857191825e-03 1.2118684504570225e-01 0.0000000000000000e+00 1
-2.1373037775725159e-02 1.5201768672032301e-01 0.0000000000000000e+00 1
-2.7179786465307484e-02 1.5892318912154763e-01 0.0000000000000000e+00 1
-3.6021063751534250e-02 1.5733931547231775e-01 0.0000000000000000e+00 1
-1.6941084464418954e-01 2.2622630207173980e-01 0.0000000000000000e+00 1
3.2464509008152648e-02 2.7894508359244369e-01 0.0000000000000000e+00 1
2.5600831819877729e-02 2.8692114865503843e-01 0.0000000000000000e+00 1
1.8704084379099575e-01 -4.2782282828973989e-01 0.0000000000000000e+00 1
1.7264791333780749e-01 -4.2992185384003428e-01 0.0000000000000000e+00 1
1.6361439820678381e-01 -4.1845259052111611e-01 0.0000000000000000e+00 1
-1.6318485158203436e-01 2.4132776703394626e-01 0.0000000000000000e+00 1
-3.7649422757115580e-01 -1.4777344360655866e-04 0.0000000000000000e+00 1
-3.8077530157112138e-01 -1.0428191906712743e-02 0.0000000000000000e+00 1
-3.3617551996024758e-01 9.5234936028148254e-02 0.0000000000000000e+00 1
4.2190745901290427e-01 -4.0239178241043805e-01 0.0000000000000000e+00 1
4.1735081255829332e-01 -4.1275075249259069e-01 0.0000000000000000e+00 1
4.0616230036339857e-01 -4.1402884132541989e-01 0.0000000000000000e+00 1
4.1286816036386331e-01 -4.2307010120854671e-01 0.0000000000000000e+00 1
4.0195601332434860e-01 -4.2445067888650506e-01 0.0000000000000000e+00 1
6.2092462669958562e-02 1.4256321181265297e-02 0.0000000000000000e+00 1
-3.3658668353384652e-01 -5.4055726697799678e-02 0.0000000000000000e+00 1
6.4600977550326025e-02 3.4335635264353137e-01 0.0000000000000000e+00 1
5.7297742553092453e-02 3.5150320991738876e-01 0.0000000000000000e+00 1
4.6735564962208313e-02 3.4938234779708927e-01 0.0000000000000000e+00 1
5.0076889540187852e-02 3.5943218829558077e-01 0.0000000000000000e+00 1
3.9886748390265500e-02 3.5744931264804364e-01 0.0000000000000000e+00 1
4.3293236552705200e-02 3.6728626355346533e-01 0.0000000000000000e+00 1
5.3225520803002149e-02 3.6933262236104808e-01 0.0000000000000000e+00 1
4.6547084964936071e-02 3.7700127545683110e-01 0.0000000000000000e+00 1
3.0636062486420296e-01 -2.2087567531574304e-02 0.0000000000000000e+00 1
3.0094160463498620e-01 -3.6602451119036317e-02 0.0000000000000000e+00 1
-3.6768976345558496e-01 2.0665410731758593e-02 0.0000000000000000e+00 1
1.4081483897665870e-01 1.2803263560419464e-01 0.0000000000000000e+00 1
-6.6837473618900578e-02 -3.1940617460924209e-01 0.0000000000000000e+00 1
-7.6419576643909318e-02 -3.0700549132121441e-01 0.0000000000000000e+00 1
3.2659509542656356e-01 -4.5124613161941274e-01 0.0000000000000000e+00 1
3.3862179524648994e-01 -4.4951091085924649e-01 0.0000000000000000e+00 1
3.4302754728460039e-01 -4.3837794315060541e-01 0.0000000000000000e+00 1
3.5040465649785035e-01 -4.4771379669621159e-01 0.0000000000000000e+00 1
3.5479480119928863e-01 -4.3683661175338739e-01 0.0000000000000000e+00 1
3.6174616791025743e-01 -4.4595244753822333e-01 0.0000000000000000e+00 1
1.3960573908541166e-01 -7.5042244132609917e-02 0.0000000000000000e+00 1
1.4844208179102014e-01 -8.6274863471446944e-02 0.0000000000000000e+00 1
1.4288775180601354e-01 -9.9702912575392197e-02 0.0000000000000000e+00 1
1.5737059407211101e-01 -9.7797545980841963e-02 0.0000000000000000e+00 1
1.3150545537370800e-01 -6.4283728104488944e-02 0.0000000000000000e+00 1
4.1282968542296392e-02 -3.7266375468871893e-01 0.0000000000000000e+00 1
3.1597787988626064e-01 -3.4817216897034590e-02 0.0000000000000000e+00 1
3.1078408244136485e-01 -4.9110897224509495e-02 0.0000000000000000e+00 1
3.2581687552609856e-01 -4.7464656653625321e-02 0.0000000000000000e+00 1
3.2065066762997424e-01 -6.1589583101247888e-02 0.0000000000000000e+00 1
1.1874512173028831e-01 2.6006344561564254e-01 0.0000000000000000e+00 1
1.1233435195449348e-01 2.6969665426745931e-01 0.0000000000000000e+00 1
-3.5880918108757509e-01 4.1767924910898799e-02 0.0000000000000000e+00 1
-1.4205085258619371e-01 2.0892450438182353e-01 0.0000000000000000e+00 1
4.3957550252513544e-01 -3.3907180542216497e-01 0.0000000000000000e+00 1
-1.4098508676585650e-01 -2.8911489713307092e-01 0.0000000000000000e+00 1
-2.6187879499169375e-01 2.1471143494664124e-01 0.0000000000000000e+00 1
-2.6610090060304437e-01 2.0509111372574243e-01 0.0000000000000000e+00 1
-2.8857856456072845e-01 1.7960212373145629e-01 0.0000000000000000e+00 1
8.1356992992917668e-02 -3.0693944828294812e-02 0.0000000000000000e+00 1
7.9096060493016679e-02 -6.7383363866389181e-03 0.0000000000000000e+00 1
1.5178973518162603e-01 -1.1133747538744616e-01 0.0000000000000000e+00 1
1.6637299367797970e-01 -1.0939921933806214e-01 0.0000000000000000e+00 1
1.5540199213217001e-01 1.0632929461436270e-01 0.0000000000000000e+00 1
2.2069510927412495e-02 2.7725271888413833e-01 0.0000000000000000e+00 1
1.5443081127637197e-02 2.8509656581332554e-01 0.0000000000000000e+00 1
1.8812015311098825e-02 2.9474123361996346e-01 0.0000000000000000e+00 1
1.3621689614559390e-01 -2.7952679460478480e-01 0.0000000000000000e+00 1
-1.2622616493491858e-02 2.6413583907599669e-01 0.0000000000000000e+00 1
-8.2359659864160994e-02 -3.2131622913865676e-01 0.0000000000000000e+00 1
-1.1041568560848410e-01 1.3416880329411665e-01 0.0000000000000000e+00 1
-1.4325175398922904e-01 2.2090575367186671e-01 0.0000000000000000e+00 1
-1.4023945308302677e-01 2.2711291394184641e-01 0.0000000000000000e+00 1
8.8164509047642919e-02 -6.9244592498086718e-02 0.0000000000000000e+00 1
-2.1289547270655160e-02 2.3902861577862458e-01 0.0000000000000000e+00 1
4.2845995447549953e-02 -2.2571237989856829e-01 0.0000000000000000e+00 1
5.7458197395733671e-02 -2.2376981357909201e-01 0.0000000000000000e+00 1
-1.1958629667363840e-01 2.1715615371069347e-01 0.0000000000000000e+00 1
5.5253871276709283e-02 2.0671271773024899e-01 0.0000000000000000e+00 1
6.2160675224607248e-02 1.9794964967298859e-01 0.0000000000000000e+00 1
-1.2595177735593774e-01 -2.8718032370369984e-01 0.0000000000000000e+00 1
-1.2008516840509229e-01 -2.7321173877718197e-01 0.0000000000000000e+00 1
-3.2372574202082322e-01 1.2605339589588180e-01 0.0000000000000000e+00 1
4.3279789249014300e-01 -3.2950599723551904e-01 0.0000000000000000e+00 1
-1.7114482488380334e-01 9.2304489607083484e-02 0.0000000000000000e+00 1
-1.8105551314141213e-01 9.1019669592344032e-02 0.0000000000000000e+00 1
-1.8504197936832767e-01 8.1808251091072676e-02 0.0000000000000000e+00 1
-1.9096124605107836e-01 8.9867701577950515e-02 0.0000000000000000e+00 1
-1.9499555773505228e-01 8.0612701145749949e-02 0.0000000000000000e+00 1
-1.8695789063623369e-01 9.9041202491423952e-02 0.0000000000000000e+00 1
-1.9684868324226501e-01 9.7945428302949375e-02 0.0000000000000000e+00 1
-1.9276777771582010e-01 1.0705709122856268e-01 0.0000000000000000e+00 1
-1.0220909945037982e-02 5.6588360630286549e-02 0.0000000000000000e+00 1
-1.1393122106116690e-01 1.6927843843984380e-01 0.0000000000000000e+00 1
3.0196290873239545e-01 -4.5524085169702727e-01 0.0000000000000000e+00 1
2.8948570194531770e-01 -4.5715928420016017e-01 0.0000000000000000e+00 1
1.7486141812800726e-01 8.1956863878659053e-02 0.0000000000000000e+00 1
2.5208206431845320e-01 6.6164749319228028e-02 0.0000000000000000e+00 1
8.4325443103160595e-03 2.9275732099237067e-01 0.0000000000000000e+00 1
1.2157710094045905e-02 3.0238381658680563e-01 0.0000000000000000e+00 1
-1.0873206688307172e-02 -3.2601791071368680e-01 0.0000000000000000e+00 1
-1.6959093792045736e-02 -3.4033574152266910e-01 0.0000000000000000e+00 1
3.6631713823893342e-01 -4.3527016221617787e-01 0.0000000000000000e+00 1
3.7243094035358376e-01 -4.4541511106009463e-01 0.0000000000000000e+00 1
-1.5438917090361354e-01 8.5908277695061444e-02 0.0000000000000000e+00 1
-2.0228256634315217e-01 2.0416806371608601e-01 0.0000000000000000e+00 1
-2.6819238446813880e-02 2.4545944167452308e-01 0.0000000000000000e+00 1
-2.9614292303304764e-02 2.3773532585729765e-01 0.0000000000000000e+00 1
-5.7435643243290153e-02 -3.3186268151791309e-01 0.0000000000000000e+00 1
-2.7468097734389525e-02 -1.9647867359493482e-01 0.0000000000000000e+00 1
-2.1923811606713896e-02 -1.8316526013464529e-01 0.0000000000000000e+00 1
-3.6126081662111773e-02 -1.8498960451294147e-01 0.0000000000000000e+00 1
-3.0547776121800582e-02 -1.7177839237823941e-01 0.0000000000000000e+00 1
-1.6453644067805542e-02 -1.6993805861496586e-01 0.0000000000000000e+00 1
-2.5081257999703708e-02 -1.5869126048831950e-01 0.0000000000000000e+00 1
-3.9054851254773024e-02 -1.6049136977381637e-01 0.0000000000000000e+00 1
-3.3625628662428138e-02 -1.4752490208513966e-01 0.0000000000000000e+00 1
-4.7444726423793382e-02 -1.4928737444766130e-01 0.0000000000000000e+00 1
-4.2092369881116150e-02 -1.3652320119488359e-01 0.0000000000000000e+00 1
-5.5741133230817114e-02 -1.3824955997833777e-01 0.0000000000000000e+00 1
-5.0467492774886651e-02 -1.2563952241962981e-01 0.0000000000000000e+00 1
-6.4132486752903478e-02 -1.2752393570195764e-01 0.0000000000000000e+00 1
-5.8756977459013239e-02 -1.1496426022466813e-01 0.0000000000000000e+00 1
-7.2244851694198531e-02 -1.1681625535781184e-01 0.0000000000000000e+00 1
-6.6893999246230657e-02 -1.0430689964859839e-01 0.0000000000000000e+00 1
-8.0147572320020746e-02 -1.0615520597430220e-01 0.0000000000000000e+00 1
-7.4926307953559784e-02 -9.3897638625737898e-02 0.0000000000000000e+00 1
-8.7939598483871409e-02 -9.5674487110039785e-02 0.0000000000000000e+00 1
-8.2841340647761302e-02 -8.3728288996688563e-02 0.0000000000000000e+00 1
-9.6025332758564688e-02 -8.5625985444296671e-02 0.0000000000000000e+00 1
-9.0691610009443674e-02 -7.3703111118332998e-02 0.0000000000000000e+00 1
-1.0366643408748014e-01 -7.5563324011937244e-02 0.0000000000000000e+00 1
-9.8371922868263684e-02 -6.3812321103123695e-02 0.0000000000000000e+00 1
-1.1063779854234018e-01 -6.5363351652836202e-02 0.0000000000000000e+00 1
-1.0585823201758912e-01 -5.4033065222848183e-02 0.0000000000000000e+00 1
-1.1815910970826929e-01 -5.5768816215606865e-02 0.0000000000000000e+00 1
-1.1322061531431213e-01 -4.4360997561102823e-02 0.0000000000000000e+00 1
-9.4154669898848242e-02 -5.2750111799214794e-02 0.0000000000000000e+00 1
-1.2540360822494373e-01 -4.6171946395413506e-02 0.0000000000000000e+00 1
-1.2050754306664298e-01 -3.4917483643129431e-02 0.0000000000000000e+00 1
-5.3742622163144273e-02 -1.0259157142703615e-01 0.0000000000000000e+00 1
-1.3225049990732760e-01 -3.6443994878060278e-02 0.0000000000000000e+00 1
-1.2768626546270140e-01 -2.5621222201882669e-02 0.0000000000000000e+00 1
-1.1609394046597062e-01 -2.4113943732688853e-02 0.0000000000000000e+00 1
-1.2317884166385447e-01 -1.4973032457817526e-02 0.0000000000000000e+00 1
-1.1180896219980585e-01 -1.3442116721321984e-02 0.0000000000000000e+00 1
-1.1869303680796309e-01 -4.4620126521029216e-03 0.0000000000000000e+00 1
-1.1040573394992885e-02 -1.5684280102209813e-01 0.0000000000000000e+00 1
-7.8037913337258305e-02 -7.1988162083145457e-02 0.0000000000000000e+00 1
-3.6957085593850580e-02 -1.2383132671075979e-01 0.0000000000000000e+00 1
-1.0758217730597391e-01 -2.9527830954849095e-03 0.0000000000000000e+00 1
-1.0102434064932982e-01 -1.1561906720110572e-02 0.0000000000000000e+00 1
-1.1431669859552326e-01 5.8799847294310386e-03 0.0000000000000000e+00 1
-1.3017296963863451e-01 -5.9889763885429773e-03 0.0000000000000000e+00 1
-1.0339221345015090e-01 7.3708708562803902e-03 0.0000000000000000e+00 1
-1.1010945844980037e-01 1.6043774650322373e-02 0.0000000000000000e+00 1
-1.2089071510809235e-01 1.4641920588694492e-02 0.0000000000000000e+00 1
-1.3837905482522120e-01 -4.7607159435311498e-02 0.0000000000000000e+00 1
-1.0130520063709070e-01 -9.7438292314720065e-02 0.0000000000000000e+00 1
-1.2402452451016850e-01 -6.7252562140009756e-02 0.0000000000000000e+00 1
-1.4015776037901503e-01 -2.7095293263646715e-02 0.0000000000000000e+00 1
1.7697672008152723e-02 1.8517002522602195e-02 0.0000000000000000e+00 1
-2.0967393781888305e-01 1.4556767402933660e-01 0.0000000000000000e+00 1
-2.0013633247411913e-01 1.4679163411509918e-01 0.0000000000000000e+00 1
-2.0386701140435581e-01 1.3806599287360732e-01 0.0000000000000000e+00 1
-1.9645045470892220e-01 1.5567448393160421e-01 0.0000000000000000e+00 1
1.4533488856677740e-01 -2.9129082218705449e-01 0.0000000000000000e+00 1
3.3637761219092366e-01 -5.9396635169891340e-02 0.0000000000000000e+00 1
3.3064304384786225e-01 -7.3926807657333463e-02 0.0000000000000000e+00 1
2.0509442445666429e-01 -3.4917689165887528e-01 0.0000000000000000e+00 1
2.1257110273855268e-01 -3.3422681527016418e-01 0.0000000000000000e+00 1
1.0010175412362433e-01 -4.0379236424560494e-01 0.0000000000000000e+00 1
1.1504498645892250e-01 -4.0150036021409619e-01 0.0000000000000000e+00 1
3.0062525854225547e-01 -3.9942811026503217e-01 0.0000000000000000e+00 1
9.7396774469478711e-02 -2.7158386896406161e-01 0.0000000000000000e+00 1
1.0312326339190316e-01 -2.5776679607485375e-01 0.0000000000000000e+00 1
2.9520530109474308e-01 -5.1345282183787470e-02 0.0000000000000000e+00 1
-2.7456196400714372e-01 -3.5801321097999772e-02 0.0000000000000000e+00 1
8.7662045245311571e-02 -2.5958959893648059e-01 0.0000000000000000e+00 1
9.2658768963514951e-02 -2.4567066613606525e-01 0.0000000000000000e+00 1
-2.7538227375717977e-01 1.6185916180362453e-01 0.0000000000000000e+00 1
-1.1093726463061275e-01 8.0773549409852916e-02 0.0000000000000000e+00 1
-2.9096159187563475e-01 -1.2731804237213318e-01 0.0000000000000000e+00 1
-2.7904228461403346e-01 -1.2615033236421092e-01 0.0000000000000000e+00 1
4.4461674130548479e-01 -3.2811675041910510e-01 0.0000000000000000e+00 1
-3.2854002731663924e-02 1.6556282811908879e-01 0.0000000000000000e+00 1
-1.3590337231368527e-01 1.2893455520704103e-01 0.0000000000000000e+00 1
-2.7102684518192049e-01 1.7194664072258489e-01 0.0000000000000000e+00 1
-2.0704748663062081e-01 -1.6107297009364976e-01 0.0000000000000000e+00 1
4.3777653117647886e-01 -3.1834068680571481e-01 0.0000000000000000e+00 1
2.3568171846199537e-01 2.3286345240806687e-02 0.0000000000000000e+00 1
2.6362369178279416e-01 -1.4622047663479552e-02 0.0000000000000000e+00 1
3.3144516845910565e-03 3.7783404431586079e-02 0.0000000000000000e+00 1
-3.0177206274897156e-01 9.8938620404625838e-02 0.0000000000000000e+00 1
-2.8837575786272668e-01 1.3070121737334878e-01 0.0000000000000000e+00 1
-8.6361285179924252e-02 -1.1881229080144567e-01 0.0000000000000000e+00 1
-3.1540361029393266e-01 6.7066198521390230e-02 0.0000000000000000e+00 1
-1.6604509862973288e-01 -2.8014102837870819e-01 0.0000000000000000e+00 1
-1.4764250156407505e-01 -2.3799594432577648e-01 0.0000000000000000e+00 1
1.8189243602403643e-01 1.8552438980832815e-02 0.0000000000000000e+00 1
-2.5859401918717667e-01 -1.9048951875136816e-01 0.0000000000000000e+00 1
-2.7161049480924260e-01 -1.9180930938901114e-01 0.0000000000000000e+00 1
-2.6393311885620291e-01 -2.0271498784739631e-01 0.0000000000000000e+00 1
-2.7680717060642440e-01 -2.0377001976192816e-01 0.0000000000000000e+00 1
-2.6921806075909971e-01 -2.1510167017693563e-01 0.0000000000000000e+00 1
-1.1929758939235752e-01 1.5444677590463007e-01 0.0000000000000000e+00 1
-2.6341582563897037e-01 -8.7021589124706047e-02 0.0000000000000000e+00 1
-2.8676731503363062e-01 -8.9598531613041280e-02 0.0000000000000000e+00 1
-2.1139823307305496e-02 1.9458187023001439e-01 0.0000000000000000e+00 1
-2.1121589975892007e-03 1.3052297699986509e-01 0.0000000000000000e+00 1
4.5144880526884444e-03 1.2270686245966511e-01 0.0000000000000000e+00 1
2.1492443129924255e-01 1.1456065079663230e-01 0.0000000000000000e+00 1
-2.0550176496799963e-01 -8.1878230936926102e-02 0.0000000000000000e+00 1
2.7741817765891919e-01 -2.3510643646450202e-01 0.0000000000000000e+00 1
2.8597928971491743e-01 -2.4658310120499183e-01 0.0000000000000000e+00 1
2.6882294148311453e-01 -2.2355784948108265e-01 0.0000000000000000e+00 1
2.5445124627907501e-01 -2.2527272622620753e-01 0.0000000000000000e+00 1
2.6024735817938283e-01 -2.1273113899879781e-01 0.0000000000000000e+00 1
3.8253390819710958e-01 -3.6576030204033827e-01 0.0000000000000000e+00 1
2.4570435887594477e-01 -2.1380819112711941e-01 0.0000000000000000e+00 1
2.5368725969354800e-01 -1.9991957670626792e-01 0.0000000000000000e+00 1
2.3725205141657663e-01 -2.0196413054662765e-01 0.0000000000000000e+00 1
2.4271015717657646e-01 -1.8845794931116816e-01 0.0000000000000000e+00 1
-3.2911736738920588e-01 3.5251765203985028e-02 0.0000000000000000e+00 1
-1.2330129647756351e-01 2.2220716579201852e-01 0.0000000000000000e+00 1
5.4016663406182067e-02 -1.9854006324595075e-01 0.0000000000000000e+00 1
4.5093697464920160e-02 -1.8697370963609977e-01 0.0000000000000000e+00 1
-3.8759656972568657e-01 -1.4998420973312125e-03 0.0000000000000000e+00 1
-3.9191938768896589e-01 -1.1692296510565459e-02 0.0000000000000000e+00 1
-3.8537735162909231e-01 -2.0475574662059130e-02 0.0000000000000000e+00 1
-3.9613158906274504e-01 -2.1723885094252160e-02 0.0000000000000000e+00 1
-3.8952982806643854e-01 -3.0429613535054217e-02 0.0000000000000000e+00 1
-4.0040339851893236e-01 -3.1618399350539221e-02 0.0000000000000000e+00 1
-3.9379305742606047e-01 -4.0211580176881680e-02 0.0000000000000000e+00 1
-4.0453452153184777e-01 -4.1381296487670360e-02 0.0000000000000000e+00 1
-3.9794441207501779e-01 -5.0170441469724589e-02 0.0000000000000000e+00 1
-7.4355909282117674e-02 1.9362673249966159e-01 0.0000000000000000e+00 1
-4.1635060402435038e-02 1.6374470191625912e-01 0.0000000000000000e+00 1
-2.3732866884933615e-01 1.6827918580946294e-01 0.0000000000000000e+00 1
2.6355682425855936e-01 -3.6793075870358632e-01 0.0000000000000000e+00 1
7.2086349566993335e-02 2.7636172323994368e-01 0.0000000000000000e+00 1
1.6073119988637666e-01 -1.2282780046607368e-01 0.0000000000000000e+00 1
1.7538478019173426e-01 -1.2104547462096252e-01 0.0000000000000000e+00 1
1.6965856409707414e-01 -1.3429983528155026e-01 0.0000000000000000e+00 1
1.8423956594953786e-01 -1.3264686060333197e-01 0.0000000000000000e+00 1
-1.0391154999156370e-01 5.8848235751556878e-02 0.0000000000000000e+00 1
2.2821586762421325e-01 -1.9028832533969126e-01 0.0000000000000000e+00 1
2.3404378032002970e-01 -1.7652537430990922e-01 0.0000000000000000e+00 1
2.1943937108415482e-01 -1.7842241135953110e-01 0.0000000000000000e+00 1
2.2521631603811243e-01 -1.6463932952411800e-01 0.0000000000000000e+00 1
1.7848574584621840e-01 -1.4590340603472685e-01 0.0000000000000000e+00 1
3.4770636597656801e-01 -4.2718626203301191e-01 0.0000000000000000e+00 1
-2.1194293373019507e-01 -1.3907027684180312e-01 0.0000000000000000e+00 1
-2.1975561663483362e-01 -1.2885405955263562e-01 0.0000000000000000e+00 1
-2.3238054222379670e-01 -1.3038815177335814e-01 0.0000000000000000e+00 1
-2.2745224893729288e-01 -1.1874970990574688e-01 0.0000000000000000e+00 1
-2.3983034805839379e-01 -1.2099508346652563e-01 0.0000000000000000e+00 1
4.0848851551067394e-01 -4.3334741677476996e-01 0.0000000000000000e+00 1
8.7583022791936763e-02 3.1844778983171457e-01 0.0000000000000000e+00 1
9.5558529058288710e-02 3.0951521494206702e-01 0.0000000000000000e+00 1
3.4637579010511316e-01 -7.1572182052810643e-02 0.0000000000000000e+00 1
3.4060506298100401e-01 -8.6275822808741909e-02 0.0000000000000000e+00 1
3.5616829014889051e-01 -8.3961244101346894e-02 0.0000000000000000e+00 1
3.5043507557619630e-01 -9.8579280933426633e-02 0.0000000000000000e+00 1
3.2495624778619925e-01 -8.8579626551086907e-02 0.0000000000000000e+00 1
2.5784470492416292e-02 -3.7559333308654475e-01 0.0000000000000000e+00 1
-2.0275382783863216e-01 1.0604372559868060e-01 0.0000000000000000e+00 1
-2.0690643347741933e-01 9.6816132710106986e-02 0.0000000000000000e+00 1
6.7069267243835523e-02 2.3778319801627962e-01 0.0000000000000000e+00 1
3.5720227135435656e-01 -4.5687012868877375e-01 0.0000000000000000e+00 1
-6.9802049467537500e-02 -1.4015320264782061e-01 0.0000000000000000e+00 1
-3.0829960659460676e-01 1.5851639738228077e-01 0.0000000000000000e+00 1
-3.2309193615122894e-01 -1.7447644665917111e-01 0.0000000000000000e+00 1
1.5813344787632433e-01 -4.3208043292775616e-01 0.0000000000000000e+00 1
-9.0050683859008634e-02 2.2555422621226745e-01 0.0000000000000000e+00 1
2.8393516563136417e-01 2.9182728569615915e-02 0.0000000000000000e+00 1
1.9005346867978024e-01 -1.1905550643316334e-01 0.0000000000000000e+00 1
1.9879072828431973e-01 -1.3066054710932459e-01 0.0000000000000000e+00 1
2.9250582622432575e-01 -3.8926675805045197e-01 0.0000000000000000e+00 1
-5.0744914012461943e-02 1.9058743024637895e-01 0.0000000000000000e+00 1
3.2409272610618774e-02 -1.7216421188630739e-03 0.0000000000000000e+00 1
3.2085474130367730e-01 -3.7305558612492884e-01 0.0000000000000000e+00 1
1.9756041693818716e-01 -2.9555540718991896e-01 0.0000000000000000e+00 1
1.8287294870260898e-01 -2.9879958365951420e-01 0.0000000000000000e+00 1
-1.3045574720550546e-01 1.8062848931558886e-01 0.0000000000000000e+00 1
4.0921113344588755e-01 -3.3115346334588713e-01 0.0000000000000000e+00 1
3.9673221033128003e-01 -3.3220345083672409e-01 0.0000000000000000e+00 1
-1.8295119256439696e-01 1.0812013012199650e-01 0.0000000000000000e+00 1
-3.3894923155827962e-02 7.2528063321360220e-02 0.0000000000000000e+00 1
-1.1675120946908563e-01 2.4630744425445598e-02 0.0000000000000000e+00 1
-1.2736063749008183e-01 2.3316429006379029e-02 0.0000000000000000e+00 1
3.3549233769360094e-02 3.6549236004890606e-01 0.0000000000000000e+00 1
2.9953614046715649e-02 3.5565485042189288e-01 0.0000000000000000e+00 1
1.7284347231187042e-01 -9.6952883776200621e-02 0.0000000000000000e+00 1
-1.9444197747761655e-01 1.3971086539295169e-01 0.0000000000000000e+00 1
5.6220373073057980e-02 -3.3320012201320311e-02 0.0000000000000000e+00 1
1.5475922048258003e-01 -7.3450284860705886e-02 0.0000000000000000e+00 1
-5.3157491079265984e-02 -1.6228761078963644e-01 0.0000000000000000e+00 1
3.3413596869516443e-01 -4.6077077138739436e-01 0.0000000000000000e+00 1
1.2334506140235468e-01 2.7207926256948439e-01 0.0000000000000000e+00 1
1.3156507313040694e-01 2.6210478517288427e-01 0.0000000000000000e+00 1
1.9603144476315415e-01 2.0814607278722558e-02 0.0000000000000000e+00 1
-2.3729905162599113e-01 -1.0870192729841405e-01 0.0000000000000000e+00 1
5.6311078046427945e-02 3.7902065344876296e-01 0.0000000000000000e+00 1
4.9439525552613037e-02 3.8628743326477283e-01 0.0000000000000000e+00 1
4.0105901665642547e-02 3.8440204708122361e-01 0.0000000000000000e+00 1
4.2818307641581510e-02 3.9323238407696676e-01 0.0000000000000000e+00 1
-1.3681671804208370e-01 1.0485054858991058e-01 0.0000000000000000e+00 1
-1.2784735148392598e-01 1.0607625780360119e-01 0.0000000000000000e+00 1
9.1377220548585575e-02 2.9869190912104182e-01 0.0000000000000000e+00 1
1.0351300852089645e-01 3.0022881824857778e-01 0.0000000000000000e+00 1
-3.1619361831634768e-01 -1.8457209307021299e-01 0.0000000000000000e+00 1
-2.4429281276192850e-02 1.6722168817057806e-01 0.0000000000000000e+00 1
-9.9280882784759328e-02 1.7497567722788536e-02 0.0000000000000000e+00 1
-9.2555537007844371e-02 8.8645751819193732e-03 0.0000000000000000e+00 1
4.4647373494528830e-01 -3.4873292081468615e-01 0.0000000000000000e+00 1
-1.3183878644965127e-01 -3.0116144075756474e-01 0.0000000000000000e+00 1
-4.0850133876315742e-01 -5.1025426038108258e-02 0.0000000000000000e+00 1
-4.0216354860514808e-01 -5.9751287247692214e-02 0.0000000000000000e+00 1
3.6590370516591231e-01 -9.6275127192976484e-02 0.0000000000000000e+00 1
3.6010316530238740e-01 -1.1078119117198022e-01 0.0000000000000000e+00 1
3.4477734827268308e-01 -1.1309261448328498e-01 0.0000000000000000e+00 1
3.5440347358735991e-01 -1.2517965797257780e-01 0.0000000000000000e+00 1
3.6964862211433297e-01 -1.2293710737000953e-01 0.0000000000000000e+00 1
3.6399682387133059e-01 -1.3719437485479649e-01 0.0000000000000000e+00 1
3.7911113707406224e-01 -1.3501960953098080e-01 0.0000000000000000e+00 1
3.7350719887035710e-01 -1.4913039199821357e-01 0.0000000000000000e+00 1
3.8846730885355440e-01 -1.4696542710595983e-01 0.0000000000000000e+00 1
3.8289129751913414e-01 -1.6096907557322809e-01 0.0000000000000000e+00 1
3.9773978625449957e-01 -1.5881539645989573e-01 0.0000000000000000e+00 1
3.9222380041483040e-01 -1.7267585899428001e-01 0.0000000000000000e+00 1
6.8038347463668686e-02 3.5378052136592375e-01 0.0000000000000000e+00 1
7.5482501158574078e-02 3.4562260809261058e-01 0.0000000000000000e+00 1
-3.5583478524318429e-03 2.6581266317228419e-01 0.0000000000000000e+00 1
-9.5951642950547547e-03 2.7280180388547481e-01 0.0000000000000000e+00 1
2.3002912453317353e-01 1.1698511321648510e-01 0.0000000000000000e+00 1
2.2028764819123803e-01 1.2881227431706513e-01 0.0000000000000000e+00 1
2.3971862210026210e-01 1.0496084213401469e-01 0.0000000000000000e+00 1
2.2138407735397839e-02 3.0438918818210986e-01 0.0000000000000000e+00 1
1.5512669528850104e-02 3.1206365845300593e-01 0.0000000000000000e+00 1
2.5486501084385160e-01 -3.5723734630931259e-01 0.0000000000000000e+00 1
4.2851626492033118e-01 -4.1145768680381761e-01 0.0000000000000000e+00 1
4.3305726051046500e-01 -4.0123586346103030e-01 0.0000000000000000e+00 1
8.4819816738334608e-02 -4.0598471630726990e-01 0.0000000000000000e+00 1
-2.7234925333779891e-01 2.1398671229074021e-01 0.0000000000000000e+00 1
-2.6862769212778859e-01 2.2378951659331248e-01 0.0000000000000000e+00 1
1.0856439947096497e-01 -2.4392737047976287e-01 0.0000000000000000e+00 1
9.9679774128641124e-02 -2.3214280544588667e-01 0.0000000000000000e+00 1
1.5094271804949178e-01 -2.7754382202413685e-01 0.0000000000000000e+00 1
-4.1244718682971238e-01 -6.0529075712521807e-02 0.0000000000000000e+00 1
-4.0652198167108344e-01 -6.8666932065975184e-02 0.0000000000000000e+00 1
6.4044324023240368e-02 -4.3716966999096482e-02 0.0000000000000000e+00 1
5.4653324631961188e-02 -8.7939188593544673e-02 0.0000000000000000e+00 1
1.4188468023935691e-01 -2.6580513097893305e-01 0.0000000000000000e+00 1
3.9543768666515305e-01 -4.1528867702011318e-01 0.0000000000000000e+00 1
-3.4888947409432977e-02 2.4382604269285563e-01 0.0000000000000000e+00 1
-3.7607773407261479e-02 2.3643528846032685e-01 0.0000000000000000e+00 1
-1.1320024206371873e-01 1.2526514739976138e-01 0.0000000000000000e+00 1
5.1180332867748132e-02 1.9644512099454547e-01 0.0000000000000000e+00 1
5.7997845223186226e-02 1.8763252537925032e-01 0.0000000000000000e+00 1
1.0947696795484504e-01 -4.1581018432528777e-01 0.0000000000000000e+00 1
1.3970579647898448e-01 -3.0505570126637721e-01 0.0000000000000000e+00 1
3.2214979053824211e-01 -2.0973142499035161e-02 0.0000000000000000e+00 1
2.4155438303174204e-01 -3.5880141605765409e-01 0.0000000000000000e+00 1
-3.3635208644361614e-01 -5.0690892888534938e-03 0.0000000000000000e+00 1
1.8168835326402813e-01 -4.4130606432101677e-01 0.0000000000000000e+00 1
1.9598871378942367e-01 -4.3921406318659550e-01 0.0000000000000000e+00 1
-7.2449435872541032e-02 2.2447081076820274e-01 0.0000000000000000e+00 1
-1.1091478356748741e-01 -2.8514767749172198e-01 0.0000000000000000e+00 1
-1.0511694950756248e-01 -2.7122714142707638e-01 0.0000000000000000e+00 1
-1.1425535100555367e-01 -2.5928017095023892e-01 0.0000000000000000e+00 1
1.8629918633896891e-01 3.2423246964263477e-02 0.0000000000000000e+00 1
1.3813462634742599e-02 -2.2955034202786134e-01 0.0000000000000000e+00 1
5.1833517822581901e-02 -2.3742090789125744e-01 0.0000000000000000e+00 1
-7.0775058880200095e-02 -2.9293785469848971e-01 0.0000000000000000e+00 1
-3.2161563396595497e-02 2.5132703610015222e-01 0.0000000000000000e+00 1
2.7478351662099437e-01 -2.1260986898571657e-01 0.0000000000000000e+00 1
-1.4741506235783899e-01 2.2663557513524704e-01 0.0000000000000000e+00 1
-1.4437946889194356e-01 2.3311914183747795e-01 0.0000000000000000e+00 1
-1.5040446874325306e-01 2.2021813852203981e-01 0.0000000000000000e+00 1
-1.3724772407524960e-01 2.3320436194867836e-01 0.0000000000000000e+00 1
2.0415747323626821e-01 -1.1678228485741129e-01 0.0000000000000000e+00 1
-2.7634216170861614e-01 2.0430789639617386e-01 0.0000000000000000e+00 1
8.7107470050613311e-02 -3.6548360631497739e-01 0.0000000000000000e+00 1
-2.2264604502175211e-01 -1.0716789224563075e-01 0.0000000000000000e+00 1
1.9070871676425485e-01 -4.5263755682775730e-01 0.0000000000000000e+00 1
2.0491754825059216e-01 -4.5043926847478916e-01 0.0000000000000000e+00 1
-2.6812487968002724e-01 -9.7897481463577019e-02 0.0000000000000000e+00 1
8.1403772137071881e-03 1.3233736129958310e-01 0.0000000000000000e+00 1
2.4664553664745614e-01 -3.4613638029909710e-01 0.0000000000000000e+00 1
3.6803416154806645e-01 -1.6315830340508866e-01 0.0000000000000000e+00 1
1.5065293463841137e-01 -3.8251814639587922e-01 0.0000000000000000e+00 1
1.4613660071789780e-01 -1.2480666845110416e-01 0.0000000000000000e+00 1
1.9411011914367475e-03 3.0065272895689504e-01 0.0000000000000000e+00 1
1.4905165699429143e-01 -4.2057315425611830e-01 0.0000000000000000e+00 1
2.8456499109873322e-02 -3.3374946146231338e-01 0.0000000000000000e+00 1
2.3639220339882201e-02 3.6345001090615603e-01 0.0000000000000000e+00 1
2.5049983794822128e-01 -1.7340797075713224e-01 0.0000000000000000e+00 1
-4.2627491168636289e-02 2.4155081766449432e-01 0.0000000000000000e+00 1
-4.5222158980937913e-02 2.3483004665503546e-01 0.0000000000000000e+00 1
-4.0360805788100619e-02 2.2921638436350700e-01 0.0000000000000000e+00 1
-4.7789471360379920e-02 2.2804535636119355e-01 0.0000000000000000e+00 1
7.5451359900719023e-02 -3.9382776949605863e-01 0.0000000000000000e+00 1
6.9427198172956089e-02 -4.0814987651991902e-01 0.0000000000000000e+00 1
3.6130554108751232e-02 -3.8777012047120085e-01 0.0000000000000000e+00 1
2.0543000728127536e-01 1.1068808580044458e-02 0.0000000000000000e+00 1
-1.4135961582144715e-01 2.3959948489512833e-01 0.0000000000000000e+00 1
-3.8236158698255127e-02 1.7206126992723364e-01 0.0000000000000000e+00 1
2.9738582509611500e-01 -4.6696357582901737e-01 0.0000000000000000e+00 1
2.8489517987892460e-01 -4.6895089695040798e-01 0.0000000000000000e+00 1
2.1055345182644891e-01 -1.6647894046186812e-01 0.0000000000000000e+00 1
-1.2233340539916504e-01 1.4686391465415749e-01 0.0000000000000000e+00 1
1.6318540387381376e-02 -3.6262943057214392e-01 0.0000000000000000e+00 1
1.0138633518945873e-02 -3.7788514763232761e-01 0.0000000000000000e+00 1
-3.0372188609045092e-01 -1.8316199942363148e-01 0.0000000000000000e+00 1
4.4972168969801657e-01 -3.1702123103607621e-01 0.0000000000000000e+00 1
4.4254641639618009e-01 -3.0705707391160214e-01 0.0000000000000000e+00 1
-3.0879403830052476e-01 -1.9505370013615914e-01 0.0000000000000000e+00 1
-2.1322541894065417e-01 1.0553257819518855e-01 0.0000000000000000e+00 1
-9.2382087728264568e-03 1.1191058996084524e-01 0.0000000000000000e+00 1
3.0348663761241901e-01 5.6738415769336378e-03 0.0000000000000000e+00 1
-4.1641915338119589e-01 -6.9667962905849715e-02 0.0000000000000000e+00 1
-4.1050565369544723e-01 -7.7628279806970860e-02 0.0000000000000000e+00 1
-4.0037674514174754e-01 -7.7193522400877693e-02 0.0000000000000000e+00 1
-4.0470856374010511e-01 -8.5726686493937582e-02 0.0000000000000000e+00 1
-4.1435990770510195e-01 -8.6605483406993339e-02 0.0000000000000000e+00 1
-4.0864446158374923e-01 -9.4438135140827079e-02 0.0000000000000000e+00 1
-3.9904022460896105e-01 -9.3545175299305311e-02 0.0000000000000000e+00 1
-4.0302744069501256e-01 -1.0233698332266812e-01 0.0000000000000000e+00 1
-3.9334114580570345e-01 -1.0141674968432794e-01 0.0000000000000000e+00 1
-3.9753523782394501e-01 -1.1040884406979301e-01 0.0000000000000000e+00 1
-3.8752941813961572e-01 -1.0954082908908730e-01 0.0000000000000000e+00 1
-3.9182961986837822e-01 -1.1873318815609198e-01 0.0000000000000000e+00 1
-3.8161469690058558e-01 -1.1794656581810176e-01 0.0000000000000000e+00 1
-3.8606011182912081e-01 -1.2744194921258606e-01 0.0000000000000000e+00 1
-3.7545387833475241e-01 -1.2660658013364087e-01 0.0000000000000000e+00 1
-3.7997604647833017e-01 -1.3636359254047248e-01 0.0000000000000000e+00 1
-3.6876367397166032e-01 -1.3529926033687384e-01 0.0000000000000000e+00 1
-4.0737394000929933e-01 -1.1095166899272009e-01 0.0000000000000000e+00 1
-3.7336121639880854e-01 -1.4545005085040150e-01 0.0000000000000000e+00 1
-3.6203485566214377e-01 -1.4434883388622211e-01 0.0000000000000000e+00 1
-5.9254032154392074e-02 7.8981384757648793e-02 0.0000000000000000e+00 1
-2.0704589515157162e-01 -1.2724899085584995e-01 0.0000000000000000e+00 1
-1.9925442305744928e-01 -1.3717921658305687e-01 0.0000000000000000e+00 1
3.9414411271838362e-01 -1.3290022800967274e-01 0.0000000000000000e+00 1
-2.0867961025057852e-01 1.1434094006864906e-01 0.0000000000000000e+00 1
-8.8463953074552071e-02 1.8984197308683157e-02 0.0000000000000000e+00 1
-1.8869086960336928e-01 1.1604436937598553e-01 0.0000000000000000e+00 1
3.3915559597566097e-01 -1.2745367704017818e-01 0.0000000000000000e+00 1
-1.1711819039754777e-01 2.2290816549716649e-01 0.0000000000000000e+00 1
3.5227772352032327e-01 -5.7278915859559715e-02 0.0000000000000000e+00 1
9.9643548308434013e-02 3.2095523473177995e-01 0.0000000000000000e+00 1
-1.8670682149200420e-02 2.7108555450126581e-01 0.0000000000000000e+00 1
-3.7834072092000343e-01 -1.0772651339410130e-01 0.0000000000000000e+00 1
7.9384510413860632e-02 2.6803762487701738e-01 0.0000000000000000e+00 1
-3.8687256341932846e-01 -4.9662420588127670e-02 0.0000000000000000e+00 1
-1.1361731910363386e-01 2.1808126904748076e-01 0.0000000000000000e+00 1
4.0693017368190643e-01 -1.7052023061258120e-01 0.0000000000000000e+00 1
4.0143187053234453e-01 -1.8426161148116885e-01 0.0000000000000000e+00 1
-3.6680919380319055e-01 -1.5483406964752003e-01 0.0000000000000000e+00 1
-3.5520261657441887e-01 -1.5372917429905653e-01 0.0000000000000000e+00 1
-3.6013086601024935e-01 -1.6443062132690267e-01 0.0000000000000000e+00 1
1.4334397483515138e-01 -4.3344498579454288e-01 0.0000000000000000e+00 1
1.5079960316585167e-01 -4.4599559516648984e-01 0.0000000000000000e+00 1
4.1946695733822414e-01 -4.3200209925772520e-01 0.0000000000000000e+00 1
-5.2478531767209437e-02 2.3344721820661787e-01 0.0000000000000000e+00 1
3.9751489071953239e-01 -4.3469195348010786e-01 0.0000000000000000e+00 1
4.0406354280786788e-01 -4.4354215957097065e-01 0.0000000000000000e+00 1
-2.9966291674539541e-01 1.7835423759139568e-01 0.0000000000000000e+00 1
-2.9569691004900805e-01 1.8830590801160910e-01 0.0000000000000000e+00 1
1.4411448629002063e-03 1.4007548115070984e-01 0.0000000000000000e+00 1
-1.1470741276411589e-01 1.4816770318290884e-01 0.0000000000000000e+00 1
-2.4718821900029667e-01 1.6713353568340250e-01 0.0000000000000000e+00 1
-2.5041047426505286e-01 1.5711366112309127e-01 0.0000000000000000e+00 1
5.9580058771453615e-02 -1.8502337833562343e-01 0.0000000000000000e+00 1
6.8330548413913297e-02 -1.9641806980149037e-01 0.0000000000000000e+00 1
5.0656037844911718e-02 -1.7352436074302729e-01 0.0000000000000000e+00 1
2.4534447150406904e-01 1.1951748048301439e-01 0.0000000000000000e+00 1
3.8691668769788179e-01 -1.8646999289625954e-01 0.0000000000000000e+00 1
3.9610220395388807e-01 -1.9785285434681849e-01 0.0000000000000000e+00 1
4.1040262407063355e-01 -1.9571640994307382e-01 0.0000000000000000e+00 1
4.0510106439158255e-01 -2.0911277360431091e-01 0.0000000000000000e+00 1
4.1921501779877307e-01 -2.0706504714426269e-01 0.0000000000000000e+00 1
4.1398252640562722e-01 -2.2031856025459673e-01 0.0000000000000000e+00 1
4.2793204032800158e-01 -2.1824125109442710e-01 0.0000000000000000e+00 1
4.2279771166511765e-01 -2.3126946169394572e-01 0.0000000000000000e+00 1
-2.1755612604295871e-01 9.6114301967217500e-02 0.0000000000000000e+00 1
-1.3052535573965468e-01 1.4580395445596797e-01 0.0000000000000000e+00 1
-1.4588034223041266e-01 1.0359894173925073e-01 0.0000000000000000e+00 1
2.6754342465131742e-01 -3.5564181396376587e-01 0.0000000000000000e+00 1
-2.4337731828776986e-02 2.3124742457436623e-01 0.0000000000000000e+00 1
-2.8222676807290548e-01 -2.1594427096239668e-01 0.0000000000000000e+00 1
-1.5740325160847279e-02 2.7988973921121640e-01 0.0000000000000000e+00 1
2.9165233532918045e-01 -2.3344705812369596e-01 0.0000000000000000e+00 1
2.9979517608446948e-01 -2.4519193204787676e-01 0.0000000000000000e+00 1
-1.4704416755880192e-01 -3.0316312727818651e-01 0.0000000000000000e+00 1
-4.5949899083255676e-02 1.3218430272095805e-01 0.0000000000000000e+00 1
-5.1512382926645228e-02 1.3920518062471754e-01 0.0000000000000000e+00 1
-5.4819499843903510e-02 1.3105118818398842e-01 0.0000000000000000e+00 1
-4.8236759123806448e-02 1.4738336298025043e-01 0.0000000000000000e+00 1
-5.6749195840602527e-02 1.4609624342404215e-01 0.0000000000000000e+00 1
-5.3648917565555350e-02 1.5384855104913212e-01 0.0000000000000000e+00 1
-3.3091579599712823e-01 -1.8694679741003206e-01 0.0000000000000000e+00 1
-9.8943587693399018e-02 -2.5697083897274325e-01 0.0000000000000000e+00 1
-3.9696716772445062e-01 -1.2784166599476615e-01 0.0000000000000000e+00 1
2.7641748409509026e-01 -3.6710435744804903e-01 0.0000000000000000e+00 1
2.0075242288073607e-02 3.5376552592838140e-01 0.0000000000000000e+00 1
3.5700828632920081e-02 2.6061306692365160e-01 0.0000000000000000e+00 1
4.4473920291376562e-02 2.0500855235507076e-01 0.0000000000000000e+00 1
4.3958480147806567e-01 -4.1027623488839560e-01 0.0000000000000000e+00 1
4.4417903012237303e-01 -4.0005378862355390e-01 0.0000000000000000e+00 1
-1.1807905584983473e-01 1.3170398534182162e-01 0.0000000000000000e+00 1
-5.9132815179085432e-02 1.0453632433576888e-01 0.0000000000000000e+00 1
3.3889033136232538e-02 3.9135511464671408e-01 0.0000000000000000e+00 1
3.6728402003094476e-02 3.9987627986932484e-01 0.0000000000000000e+00 1
4.5268310443953304e-02 4.0179958201472032e-01 0.0000000000000000e+00 1
3.0952312120249917e-02 3.8266243412810452e-01 0.0000000000000000e+00 1
-1.8948668677785968e-01 1.7324058643890686e-01 0.0000000000000000e+00 1
-2.0390233613603226e-01 2.2036551291836545e-01 0.0000000000000000e+00 1
-2.4326767060977686e-01 1.7660061425408619e-01 0.0000000000000000e+00 1
-2.8779781297729218e-01 -1.1715339717432838e-01 0.0000000000000000e+00 1
-4.6322643280051264e-02 1.7073747650082036e-01 0.0000000000000000e+00 1
2.6546391081022448e-02 3.4609044056628852e-01 0.0000000000000000e+00 1
1.6624309624487792e-02 3.4423416059170969e-01 0.0000000000000000e+00 1
-1.1138840678819334e-01 1.5551362731489804e-01 0.0000000000000000e+00 1
-2.7056728022851700e-01 1.9662793774153298e-01 0.0000000000000000e+00 1
-1.4028448042114111e-01 9.6009523103944838e-02 0.0000000000000000e+00 1
4.4171901554604659e-01 -3.5951488121186342e-01 0.0000000000000000e+00 1
4.5331232894431556e-01 -3.5824397492575177e-01 0.0000000000000000e+00 1
4.4824211223411359e-01 -3.6909519836699106e-01 0.0000000000000000e+00 1
-1.1113557108976205e-01 2.2344519845154848e-01 0.0000000000000000e+00 1
-1.0798340724524648e-01 2.1882960688385308e-01 0.0000000000000000e+00 1
-1.2071062476975349e-01 2.2775672788135551e-01 0.0000000000000000e+00 1
1.1435579023513932e-01 -2.3020367395562130e-01 0.0000000000000000e+00 1
1.0535536433622478e-01 -2.1846109198002819e-01 0.0000000000000000e+00 1
9.0113751313007973e-02 -2.2019494337270995e-01 0.0000000000000000e+00 1
1.5441804208325854e-01 -3.0303477370045645e-01 0.0000000000000000e+00 1
-5.6487183084302860e-02 -2.6476357566571107e-01 0.0000000000000000e+00 1
4.3497384779152404e-01 -4.2056749715503577e-01 0.0000000000000000e+00 1
8.2432497740111590e-02 -2.7354369397586764e-01 0.0000000000000000e+00 1
-3.4877229824373512e-01 -1.6332911253282453e-01 0.0000000000000000e+00 1
-4.0270220806974005e-01 -1.3063606234603217e-02 0.0000000000000000e+00 1
-5.4962263249453622e-02 2.2689799153132867e-01 0.0000000000000000e+00 1
1.4884346469966647e-01 -3.1691822064489217e-01 0.0000000000000000e+00 1
1.6351894956453270e-01 -3.1473337564383091e-01 0.0000000000000000e+00 1
3.0978434786741799e-01 -4.6487986840102652e-01 0.0000000000000000e+00 1
3.0840030533071411e-01 -4.0977709254535666e-01 0.0000000000000000e+00 1
3.1333231631189629e-01 -3.9779939081805243e-01 0.0000000000000000e+00 1
3.2102988284493839e-01 -4.0796396016275160e-01 0.0000000000000000e+00 1
2.1228869534605416e-01 -1.2719556818557229e-01 0.0000000000000000e+00 1
2.9454073331269193e-01 -2.5801220927290613e-01 0.0000000000000000e+00 1
3.0815524979564057e-01 -2.5664993213420262e-01 0.0000000000000000e+00 1
3.0301596940654590e-01 -2.6928500355182156e-01 0.0000000000000000e+00 1
3.1653771056556518e-01 -2.6828357783978385e-01 0.0000000000000000e+00 1
3.9096799321158582e-01 -2.1125212545052247e-01 0.0000000000000000e+00 1
1.2366588701513621e-01 -2.4198985229853798e-01 0.0000000000000000e+00 1
-2.0857911291142233e-03 -1.6830315486605124e-01 0.0000000000000000e+00 1
3.3375152452134712e-03 -1.5514977634707247e-01 0.0000000000000000e+00 1
-5.5530971035758605e-03 -1.4384956164071960e-01 0.0000000000000000e+00 1
8.5739911304723113e-03 -1.4194692440935341e-01 0.0000000000000000e+00 1
-1.7106965119188588e-04 -1.3086155407290018e-01 0.0000000000000000e+00 1
1.8230931014974906e-02 -1.5311540462713291e-01 0.0000000000000000e+00 1
3.6380894530365859e-02 -1.7548217055482709e-01 0.0000000000000000e+00 1
4.3758994042443500e-01 -3.9105578381227191e-01 0.0000000000000000e+00 1
4.4921041441150483e-01 -3.8959137267957267e-01 0.0000000000000000e+00 1
-2.8297914368853022e-01 2.1307163662895828e-01 0.0000000000000000e+00 1
-1.5638397596008818e-01 -2.2644290668122849e-01 0.0000000000000000e+00 1
-1.4197547967708618e-01 -2.2458613243443332e-01 0.0000000000000000e+00 1
-1.5075887166790200e-01 -2.1311230540100567e-01 0.0000000000000000e+00 1
3.2954016437313538e-01 -1.1544150809207232e-01 0.0000000000000000e+00 1
-1.3195143293912065e-01 1.3091896869196405e-02 0.0000000000000000e+00 1
-1.3828695293063478e-01 2.1931785421466038e-02 0.0000000000000000e+00 1
-1.4388028799856742e-01 1.1596963104141484e-02 0.0000000000000000e+00 1
-1.3390514980609691e-01 3.1789006598432173e-02 0.0000000000000000e+00 1
-1.4431255562661113e-01 3.0573511247134075e-02 0.0000000000000000e+00 1
-4.1078961550918397e-01 -3.2947960320586188e-02 0.0000000000000000e+00 1
7.3055627932437750e-02 -2.6159312104531701e-01 0.0000000000000000e+00 1
2.1235851635235609e-01 -2.9331204619463908e-01 0.0000000000000000e+00 1
2.1014815039765225e-01 -4.3715430733148192e-01 0.0000000000000000e+00 1
2.1889922095280903e-01 -4.4834700250833059e-01 0.0000000000000000e+00 1
-3.2077219925999184e-01 -4.2766351241147478e-02 0.0000000000000000e+00 1
-1.3303350375507939e-01 -2.3604619737028687e-01 0.0000000000000000e+00 1
3.9452811583576150e-02 4.0810995463829852e-01 0.0000000000000000e+00 1
-1.7746248517831353e-01 2.2517570082946828e-01 0.0000000000000000e+00 1
-1.7252819511798323e-01 2.1892625129961879e-01 0.0000000000000000e+00 1
-1.8062972652120723e-01 2.1763216593644893e-01 0.0000000000000000e+00 1
-9.0101469819350771e-02 -2.6918670941955758e-01 0.0000000000000000e+00 1
-2.9361759339249971e-01 -8.0157878399282456e-02 0.0000000000000000e+00 1
-2.9839754694168585e-01 -9.0843019360541580e-02 0.0000000000000000e+00 1
-3.0523516985811400e-01 -8.1433279212209345e-02 0.0000000000000000e+00 1
4.5474153782792920e-01 -3.0584528438526465e-01 0.0000000000000000e+00 1
4.4757528719727985e-01 -2.9570340689151253e-01 0.0000000000000000e+00 1
-5.9339293704677672e-02 2.3213103293658957e-01 0.0000000000000000e+00 1
9.0204522919476504e-02 2.4367378375417875e-01 0.0000000000000000e+00 1
-4.1810700097857156e-01 -9.5334359583633205e-02 0.0000000000000000e+00 1
1.5369145537988230e-01 -2.3771533315895571e-01 0.0000000000000000e+00 1
3.4844707653673052e-01 -3.3601056101347071e-01 0.0000000000000000e+00 1
3.6092180041703803e-01 -3.3454615815109850e-01 0.0000000000000000e+00 1
3.5352326894008251e-01 -3.2427392979264191e-01 0.0000000000000000e+00 1
3.6583165896959363e-01 -3.2295097217382396e-01 0.0000000000000000e+00 1
3.5866653021338418e-01 -3.1247345893417688e-01 0.0000000000000000e+00 1
3.6814153001290473e-01 -3.4505514171083085e-01 0.0000000000000000e+00 1
4.5815170944968275e-01 -3.4765799139872089e-01 0.0000000000000000e+00 1
1.8393636484128889e-01 7.0659313991354097e-02 0.0000000000000000e+00 1
1.6946832369439116e-01 6.8420157796965614e-02 0.0000000000000000e+00 1
1.6040995573286204e-01 7.9881566209989055e-02 0.0000000000000000e+00 1
-3.8323361999315730e-01 8.8214487174544422e-03 0.0000000000000000e+00 1
-3.9433354544178095e-01 7.3956837249065941e-03 0.0000000000000000e+00 1
-3.8998316294554197e-01 1.7786212137985820e-02 0.0000000000000000e+00 1
1.5149458786383102e-01 -2.4596715782450380e-02 0.0000000000000000e+00 1
1.3718321456630816e-01 -2.6652840906218146e-02 0.0000000000000000e+00 1
1.4611636048770507e-01 -3.7993380682012884e-02 0.0000000000000000e+00 1
1.2825819691229290e-01 -1.5347995904861432e-02 0.0000000000000000e+00 1
1.2301491349086904e-01 -2.8632809667089133e-02 0.0000000000000000e+00 1
1.1418180084665165e-01 -1.7512377624088769e-02 0.0000000000000000e+00 1
1.8544513121757381e-01 -1.9493970866719879e-01 0.0000000000000000e+00 1
1.9573569322553519e-01 -1.0556185221453201e-01 0.0000000000000000e+00 1
1.8062158462892433e-01 -2.7227932005815825e-01 0.0000000000000000e+00 1
1.3789425556154786e-02 -1.2891134282726224e-01 0.0000000000000000e+00 1
9.4135523169197433e-02 -5.6425063269929521e-02 0.0000000000000000e+00 1
1.0850931817068722e-01 -5.4657306170174433e-02 0.0000000000000000e+00 1
7.9105224306609850e-02 3.5615907167866717e-01 0.0000000000000000e+00 1
8.6738679314870462e-02 3.4773232698487783e-01 0.0000000000000000e+00 1
-3.3840721219715786e-01 1.4255690111621496e-02 0.0000000000000000e+00 1
1.0878680724036180e-01 -1.1642798930146586e-01 0.0000000000000000e+00 1
-1.3654759461972041e-01 -2.1127056336502048e-01 0.0000000000000000e+00 1
3.7220022140965592e-02 -2.3933139454846489e-01 0.0000000000000000e+00 1
7.1019948483079742e-02 3.6404191800420382e-01 0.0000000000000000e+00 1
-3.2539453429138582e-02 -3.4251355197563593e-01 0.0000000000000000e+00 1
-2.3198437730000805e-02 -3.5481368752389048e-01 0.0000000000000000e+00 1
-3.8795510584499523e-02 -3.5716508600291913e-01 0.0000000000000000e+00 1
2.7694522535408284e-01 -4.5902103083057505e-01 0.0000000000000000e+00 1
4.0766761127803031e-01 -3.0616646950382609e-01 0.0000000000000000e+00 1
3.9492549125578541e-01 -3.0801316571759441e-01 0.0000000000000000e+00 1
2.0619541032575273e-01 -3.0712411061954065e-01 0.0000000000000000e+00 1
2.2099307355750145e-01 -3.0479714129389224e-01 0.0000000000000000e+00 1
1.3620367754494170e-01 2.7447429506190202e-01 0.0000000000000000e+00 1
1.2783166202286075e-01 2.8457198394468219e-01 0.0000000000000000e+00 1
1.4474592774714792e-01 2.6415163970582467e-01 0.0000000000000000e+00 1
2.3176530779352965e-02 3.3653471033386034e-01 0.0000000000000000e+00 1
1.3181148235705646e-02 3.3470081439263599e-01 0.0000000000000000e+00 1
2.4004268879099902e-01 -2.2709934108536181e-01 0.0000000000000000e+00 1
-9.2045673179748502e-02 -3.0899756731772843e-01 0.0000000000000000e+00 1
-9.7958332153053190e-02 -3.2324693265107884e-01 0.0000000000000000e+00 1
-8.8434678060567040e-02 -3.3580915114255572e-01 0.0000000000000000e+00 1
-1.0412131464529088e-01 -3.3772820626212141e-01 0.0000000000000000e+00 1
-2.7449241670340657e-02 6.4207128331973409e-02 0.0000000000000000e+00 1
-3.8019451586651029e-02 6.2807786632831070e-02 0.0000000000000000e+00 1
-3.1526825842907440e-02 5.4293435445955836e-02 0.0000000000000000e+00 1
2.7226247733397452e-01 -4.7093129395558436e-01 0.0000000000000000e+00 1
-2.1112440590976550e-01 8.7528407836494473e-02 0.0000000000000000e+00 1
-2.2159088953635100e-01 8.6609163868883510e-02 0.0000000000000000e+00 1
-2.1518122365043421e-01 7.7842361459326728e-02 0.0000000000000000e+00 1
-2.2571174850253617e-01 7.7027701422006961e-02 0.0000000000000000e+00 1
-2.1942408952512416e-01 6.8190510313779484e-02 0.0000000000000000e+00 1
-2.2995278111131046e-01 6.6996157919876037e-02 0.0000000000000000e+00 1
-2.2361896117033100e-01 5.8345865921434904e-02 0.0000000000000000e+00 1
-2.1314119285561406e-01 5.9501706133642480e-02 0.0000000000000000e+00 1
-2.1724100668385105e-01 4.9692987018822118e-02 0.0000000000000000e+00 1
-2.2790387521972805e-01 4.8473524158929422e-02 0.0000000000000000e+00 1
-2.2148172154964657e-01 3.9787956285517012e-02 0.0000000000000000e+00 1
-2.3225390507150370e-01 3.8553237393214118e-02 0.0000000000000000e+00 1
-2.2576836139694939e-01 2.9805329206598723e-02 0.0000000000000000e+00 1
-2.3657032105223499e-01 2.8520802229108369e-02 0.0000000000000000e+00 1
-2.3026432826572732e-01 1.9802169616802843e-02 0.0000000000000000e+00 1
-2.4103141586163571e-01 1.8476883854122651e-02 0.0000000000000000e+00 1
-2.3465800724428898e-01 9.6624203456254082e-03 0.0000000000000000e+00 1
-2.4543867351763871e-01 8.2710923303026835e-03 0.0000000000000000e+00 1
-2.3841642733071067e-01 -8.8300454652886714e-04 0.0000000000000000e+00 1
-2.4973560087563795e-01 -2.0659502136586893e-03 0.0000000000000000e+00 1
-2.4270706002430087e-01 -1.1265259986781562e-02 0.0000000000000000e+00 1
-2.5418550329351774e-01 -1.2419300667173856e-02 0.0000000000000000e+00 1
-2.1076291465542876e-01 4.1049251299383444e-02 0.0000000000000000e+00 1
-2.1943860373012475e-01 2.1329482281893644e-02 0.0000000000000000e+00 1
-2.2722512373429749e-01 1.1907407640475661e-03 0.0000000000000000e+00 1
-2.5656410750670899e-01 6.1529854023956963e-03 0.0000000000000000e+00 1
-2.4331888763874313e-01 3.6841109092353851e-02 0.0000000000000000e+00 1
-9.5397796444264896e-02 2.7450662829109063e-02 0.0000000000000000e+00 1
1.8632049871982453e-01 -3.2528346552886173e-01 0.0000000000000000e+00 1
-2.4747919506430638e-01 -2.2004134851542196e-02 0.0000000000000000e+00 1
-2.3555693767204047e-01 -2.2002444514865473e-02 0.0000000000000000e+00 1
-1.7900031644609266e-01 1.1702710982843098e-01 0.0000000000000000e+00 1
-1.7331686170685195e-01 1.0922946278984794e-01 0.0000000000000000e+00 1
-2.5638590450108339e-01 -9.6657321205506019e-02 0.0000000000000000e+00 1
-2.5882229851317645e-01 -1.0924257046090258e-01 0.0000000000000000e+00 1
6.9071792498667406e-02 1.8905358595678440e-01 0.0000000000000000e+00 1
6.4882835703011468e-02 1.7851944484159496e-01 0.0000000000000000e+00 1
2.2249418738507412e-01 -2.0376557071923623e-01 0.0000000000000000e+00 1
-1.8904805675294922e-01 7.2575149127085292e-02 0.0000000000000000e+00 1
-2.3094788641028030e-01 -9.6842612572707654e-02 0.0000000000000000e+00 1
-2.2304745788431166e-01 1.7774046148643288e-01 0.0000000000000000e+00 1
-2.7454408737517066e-01 -2.2757646049044566e-01 0.0000000000000000e+00 1
-2.6101006119363884e-01 -2.2619893662978482e-01 0.0000000000000000e+00 1
-2.6593659940786568e-01 -2.3858019557068905e-01 0.0000000000000000e+00 1
-2.5248316285294747e-01 -2.3738222402857859e-01 0.0000000000000000e+00 1
4.2442248384855441e-01 -1.9393014786061646e-01 0.0000000000000000e+00 1
-1.1351431387084022e-01 -3.2507493011936228e-01 0.0000000000000000e+00 1
-3.5827383184327194e-01 -1.3380481364237803e-01 0.0000000000000000e+00 1
1.4004796133399317e-01 2.5154967699156044e-01 0.0000000000000000e+00 1
-2.2422341942362681e-01 1.0521150915241534e-01 0.0000000000000000e+00 1
1.4726036828876405e-02 1.2417633039957433e-01 0.0000000000000000e+00 1
1.1066002556645223e-02 1.1435771091341779e-01 0.0000000000000000e+00 1
2.1688181803132062e-02 1.1596342974409223e-01 0.0000000000000000e+00 1
1.7786545265417279e-02 1.0569188463527575e-01 0.0000000000000000e+00 1
2.8610448186363647e-02 1.0726904153894852e-01 0.0000000000000000e+00 1
2.4687101934126352e-02 9.6881285605434977e-02 0.0000000000000000e+00 1
1.5334840065155958e-01 2.5353333559894808e-01 0.0000000000000000e+00 1
1.4863373818516490e-01 2.4064690736275909e-01 0.0000000000000000e+00 1
6.6505216185320792e-02 -2.3546077125667583e-01 0.0000000000000000e+00 1
5.6825765810337811e-02 -3.7028576486361753e-01 0.0000000000000000e+00 1
-1.5828861771337685e-03 -3.3807225176211986e-01 0.0000000000000000e+00 1
3.4583560887598130e-01 -3.1387394438587946e-01 0.0000000000000000e+00 1
3.5100104189931497e-01 -3.0189940435164553e-01 0.0000000000000000e+00 1
3.3788762537243572e-01 -3.0338137895763256e-01 0.0000000000000000e+00 1
3.4325034750788619e-01 -2.9096141900578681e-01 0.0000000000000000e+00 1
1.3523786814923300e-01 -1.5054703471474204e-01 0.0000000000000000e+00 1
4.5655670225145362e-01 -3.2693015555450688e-01 0.0000000000000000e+00 1
-6.0895883274055557e-03 2.8161761881353714e-01 0.0000000000000000e+00 1
3.9177237749984406e-01 -3.4402450904968973e-01 0.0000000000000000e+00 1
-1.0792394075263897e-01 1.1820773338333708e-01 0.0000000000000000e+00 1
-1.2302073434771469e-02 2.8911611762881900e-01 0.0000000000000000e+00 1
2.5452842722619738e-02 3.1409673248610503e-01 0.0000000000000000e+00 1
4.3002015577565979e-03 -3.2373829757324701e-01 0.0000000000000000e+00 1
3.2578143031113183e-01 -3.9621531829992185e-01 0.0000000000000000e+00 1
3.3337509608143012e-01 -4.0618164201101470e-01 0.0000000000000000e+00 1
-5.0466579327666655e-02 2.2146302312690452e-01 0.0000000000000000e+00 1
2.6414610675417732e-01 -4.6087551580079222e-01 0.0000000000000000e+00 1
2.5972124577741967e-01 -4.7273665396271386e-01 0.0000000000000000e+00 1
2.5078451445190347e-01 -4.6337985364871559e-01 0.0000000000000000e+00 1
5.0921501239173852e-03 -1.1798255686726621e-01 0.0000000000000000e+00 1
-8.5599047479246407e-03 -1.1985402330902642e-01 0.0000000000000000e+00 1
-3.4557133002333915e-03 -1.0714171475109975e-01 0.0000000000000000e+00 1
-1.7014653472401317e-02 -1.0910586345677621e-01 0.0000000000000000e+00 1
-1.1707813492889910e-02 -9.6450053774188832e-02 0.0000000000000000e+00 1
-2.5131121733702244e-02 -9.8340838267720193e-02 0.0000000000000000e+00 1
-1.9933320695987487e-02 -8.5905407384828811e-02 0.0000000000000000e+00 1
-3.3320683825528191e-02 -8.7904069018992184e-02 0.0000000000000000e+00 1
-2.8049399754318836e-02 -7.5569855625104487e-02 0.0000000000000000e+00 1
-4.1245568648810974e-02 -7.7516362067514180e-02 0.0000000000000000e+00 1
-3.6085667790244538e-02 -6.5398288535909566e-02 0.0000000000000000e+00 1
-4.8118305666887198e-02 -6.6570358483471065e-02 0.0000000000000000e+00 1
-4.3792301039001849e-02 -5.5158578446418242e-02 0.0000000000000000e+00 1
-5.5872186250591260e-02 -5.6516905225935853e-02 0.0000000000000000e+00 1
-5.1511787543638533e-02 -4.5259908232471717e-02 0.0000000000000000e+00 1
-6.3182778994006705e-02 -4.6480255721248254e-02 0.0000000000000000e+00 1
-5.9100225523398872e-02 -3.5546370153670862e-02 0.0000000000000000e+00 1
-7.0653925151248298e-02 -3.6827875339304914e-02 0.0000000000000000e+00 1
-6.6549500240870529e-02 -2.6019836461131700e-02 0.0000000000000000e+00 1
-7.7901527371691592e-02 -2.7285053595817288e-02 0.0000000000000000e+00 1
-7.3554005962435901e-02 -1.7124675016579025e-02 0.0000000000000000e+00 1
-5.4659426439973152e-02 -2.4398138827261672e-02 0.0000000000000000e+00 1
-5.6020129045229350e-02 -7.7815139213338450e-02 0.0000000000000000e+00 1
-2.5899221787156490e-01 -2.2671002455719031e-02 0.0000000000000000e+00 1
-1.4831190681974074e-01 2.3922123901906828e-01 0.0000000000000000e+00 1
-1.4540931461958756e-01 2.4571880253390466e-01 0.0000000000000000e+00 1
2.3101033750837522e-03 2.5885384371844955e-01 0.0000000000000000e+00 1
5.9060644549390187e-03 2.6743874492552067e-01 0.0000000000000000e+00 1
4.3632932358247611e-01 -2.2936941326918603e-01 0.0000000000000000e+00 1
4.3140454632904063e-01 -2.4204915600242605e-01 0.0000000000000000e+00 1
4.4473754630592688e-01 -2.4022280172534752e-01 0.0000000000000000e+00 1
4.4076014892642845e-01 -2.5249927128675864e-01 0.0000000000000000e+00 1
4.1789568247242609e-01 -2.4416337819732906e-01 0.0000000000000000e+00 1
-2.7913212025699763e-01 -1.8091216895758794e-01 0.0000000000000000e+00 1
2.4973950835115423e-02 3.8993095219800683e-01 0.0000000000000000e+00 1
-4.3385386974489640e-02 1.7811556264504091e-01 0.0000000000000000e+00 1
3.7107523068876497e-01 -3.1159321939463308e-01 0.0000000000000000e+00 1
1.3442076615883586e-02 1.9930932715580019e-01 0.0000000000000000e+00 1
-1.2682902616557584e-01 2.2725653207427832e-01 0.0000000000000000e+00 1
-1.3785532094084585e-01 2.0361789948282105e-01 0.0000000000000000e+00 1
-1.4498840994122647e-01 2.0277384798108536e-01 0.0000000000000000e+00 1
-1.4052038525538038e-01 1.9657611381154300e-01 0.0000000000000000e+00 1
-1.4927771626569808e-01 2.0815860875848749e-01 0.0000000000000000e+00 1
-1.5234543503397721e-01 2.0183000786535313e-01 0.0000000000000000e+00 1
-1.5675012810932332e-01 2.0747259422042591e-01 0.0000000000000000e+00 1
3.7706711989146469e-01 -4.3523528858985633e-01 0.0000000000000000e+00 1
3.7059662790680548e-01 -4.2483143657640771e-01 0.0000000000000000e+00 1
-1.3780528912071249e-01 -3.1530678022405878e-01 0.0000000000000000e+00 1
1.0876946147110822e-01 -3.0485701713136783e-02 0.0000000000000000e+00 1
3.9316310573933272e-01 -4.4489118395396754e-01 0.0000000000000000e+00 1
3.9968445110988404e-01 -4.5370262879572848e-01 0.0000000000000000e+00 1
3.8894089340655269e-01 -4.5506461685138661e-01 0.0000000000000000e+00 1
2.0034219896845631e-01 3.3992606404896285e-02 0.0000000000000000e+00 1
-3.7842409874800742e-01 -2.9404829361605895e-02 0.0000000000000000e+00 1
-2.3629401089365826e-01 7.5950696884442725e-02 0.0000000000000000e+00 1
-2.6551805246463200e-01 -1.3903143797419339e-02 0.0000000000000000e+00 1
5.8965822120141037e-02 3.8842787810934359e-01 0.0000000000000000e+00 1
6.6218036625081994e-02 3.8120860709187521e-01 0.0000000000000000e+00 1
-2.4491213700987416e-01 -1.3172425122869588e-01 0.0000000000000000e+00 1
-1.8443682875717318e-01 1.2477378327701008e-01 0.0000000000000000e+00 1
8.3326771334016739e-02 2.7840216604239809e-01 0.0000000000000000e+00 1
4.1898862246896623e-02 -1.6230938876025669e-01 0.0000000000000000e+00 1
-1.2142844010636721e-01 1.2397938240755252e-01 0.0000000000000000e+00 1
-1.6488898768455909e-01 2.1964220611024157e-01 0.0000000000000000e+00 1
-1.5013362617205180e-02 -7.3761058310673588e-02 0.0000000000000000e+00 1
3.3037607485627207e-01 -2.9240091319358191e-01 0.0000000000000000e+00 1
7.6257280975955244e-02 1.8016043561693684e-01 0.0000000000000000e+00 1
7.1930329192612191e-02 1.6933015274110613e-01 0.0000000000000000e+00 1
8.3576013865895041e-02 1.7095981492769177e-01 0.0000000000000000e+00 1
7.9147895634850682e-02 1.5983387654643821e-01 0.0000000000000000e+00 1
-3.8896076080637043e-01 -9.2258220467237834e-02 0.0000000000000000e+00 1
-1.5354492050029702e-02 1.4490256760154918e-01 0.0000000000000000e+00 1
-1.2340597464315445e-02 1.5369147451829251e-01 0.0000000000000000e+00 1
2.5490431125392898e-01 1.0742380316011647e-01 0.0000000000000000e+00 1
5.1327448222600686e-02 -4.5619504469699201e-02 0.0000000000000000e+00 1
5.9624701527295910e-02 -5.6323049087470212e-02 0.0000000000000000e+00 1
4.3012185116042934e-02 -3.5184324715375248e-02 0.0000000000000000e+00 1
1.5798792584003674e-01 -3.2876253645986298e-01 0.0000000000000000e+00 1
4.3077351547480869e-01 -3.0839686144963363e-01 0.0000000000000000e+00 1
1.5670432552289326e-01 -2.6360363068085413e-01 0.0000000000000000e+00 1
-1.9402976630455662e-01 1.2387160810234837e-01 0.0000000000000000e+00 1
1.1792281755734903e-02 2.6029549547606373e-01 0.0000000000000000e+00 1
3.7155274628275287e-01 -8.1819076174265523e-02 0.0000000000000000e+00 1
-4.1737056367102093e-02 -1.9824259271977779e-01 0.0000000000000000e+00 1
-5.0371777296164329e-02 -1.8677650309135377e-01 0.0000000000000000e+00 1
2.3332073354833949e-01 -3.4786064412301954e-01 0.0000000000000000e+00 1
2.3659231029841468e-01 -3.3681720963235096e-01 0.0000000000000000e+00 1
2.2782166976774892e-01 -3.6073160051595543e-01 0.0000000000000000e+00 1
3.3642868438840595e-01 -2.7938756035377316e-01 0.0000000000000000e+00 1
2.1372092138424903e-01 -4.6127996554671391e-01 0.0000000000000000e+00 1
-3.5474847808770332e-02 1.7950277309320364e-01 0.0000000000000000e+00 1
-2.1346392302656941e-01 1.3661056079232489e-01 0.0000000000000000e+00 1
-4.1838318467625274e-01 -5.2145927166011102e-02 0.0000000000000000e+00 1
-3.0864855789596447e-02 -3.6999711714561778e-01 0.0000000000000000e+00 1
-1.0792189946201303e-01 -2.4524078638044522e-01 0.0000000000000000e+00 1
-2.5287955641863502e-01 1.7500259872742299e-01 0.0000000000000000e+00 1
3.8082758238113473e-01 -9.4491492193753274e-02 0.0000000000000000e+00 1
-8.1910253463664789e-02 1.0192658804389326e-02 0.0000000000000000e+00 1
-8.5840468080476601e-02 3.1556595568645561e-04 0.0000000000000000e+00 1
-7.3994985364116667e-02 1.0106341771465761e-03 0.0000000000000000e+00 1
3.0441731654812210e-01 -2.9392621453367546e-01 0.0000000000000000e+00 1
4.5004537502829267e-01 -4.0892362690025497e-01 0.0000000000000000e+00 1
-1.0564300431061674e-01 2.2366864390993549e-01 0.0000000000000000e+00 1
-1.0255150991709384e-01 2.1945705019684017e-01 0.0000000000000000e+00 1
-1.0465724878096479e-01 2.1438627054492004e-01 0.0000000000000000e+00 1
-9.9173039429304291e-02 2.1508542975903011e-01 0.0000000000000000e+00 1
-1.0129122553151194e-01 2.0984357528795197e-01 0.0000000000000000e+00 1
-9.5554940253613121e-02 2.1057481079954557e-01 0.0000000000000000e+00 1
-9.7806413378629248e-02 2.0522417198107057e-01 0.0000000000000000e+00 1
-9.1929231880206574e-02 2.0595687764945222e-01 0.0000000000000000e+00 1
-9.4138906470619302e-02 2.0043431084052368e-01 0.0000000000000000e+00 1
-8.8182747219587646e-02 2.0117484959040124e-01 0.0000000000000000e+00 1
-9.0525306466660474e-02 1.9545856621493618e-01 0.0000000000000000e+00 1
-9.6697373556078769e-02 1.9510037878575476e-01 0.0000000000000000e+00 1
-9.2953710668497225e-02 1.8955425739607873e-01 0.0000000000000000e+00 1
4.0385438739715208e-02 1.9513554676831824e-01 0.0000000000000000e+00 1
3.3943619625654467e-02 2.0344933977224838e-01 0.0000000000000000e+00 1
1.6203663294061887e-01 2.4269377537533685e-01 0.0000000000000000e+00 1
1.5722536252459995e-01 2.2981421497286436e-01 0.0000000000000000e+00 1
1.4364973779314960e-01 2.2767225470866120e-01 0.0000000000000000e+00 1
1.5217276453147788e-01 2.1678757562499262e-01 0.0000000000000000e+00 1
1.6596338085916271e-01 2.1889126948381890e-01 0.0000000000000000e+00 1
1.6080796431689712e-01 2.0576455518771031e-01 0.0000000000000000e+00 1
1.7486740222495356e-01 2.0781107003436977e-01 0.0000000000000000e+00 1
1.6918928442305625e-01 1.9418098420333377e-01 0.0000000000000000e+00 1
1.8378216887511062e-01 1.9652889243344585e-01 0.0000000000000000e+00 1
1.7800158715176201e-01 1.8269513662066661e-01 0.0000000000000000e+00 1
1.9352449003752981e-01 1.8567527463875150e-01 0.0000000000000000e+00 1
1.8752136322312235e-01 1.7154259595571411e-01 0.0000000000000000e+00 1
2.0295146779429968e-01 1.7436890177942410e-01 0.0000000000000000e+00 1
1.9680181188341353e-01 1.5996307282681735e-01 0.0000000000000000e+00 1
2.1169211030398305e-01 1.6222423444738140e-01 0.0000000000000000e+00 1
1.9832474616330886e-01 1.9888756972084254e-01 0.0000000000000000e+00 1
1.5546120477786332e-01 1.9259289590815443e-01 0.0000000000000000e+00 1
1.8143950851455165e-01 1.5778405834098297e-01 0.0000000000000000e+00 1
-9.3674747117453286e-02 2.1580420034339920e-01 0.0000000000000000e+00 1
4.6709534814019349e-02 -2.5124269672748023e-01 0.0000000000000000e+00 1
1.7929366340322020e-01 5.7391217780673222e-02 0.0000000000000000e+00 1
1.0420579713436895e-01 -1.9251043082578234e-01 0.0000000000000000e+00 1
2.7972317706017058e-01 -3.9064465158469192e-01 0.0000000000000000e+00 1
-8.6613343529939907e-02 1.9069378219346148e-01 0.0000000000000000e+00 1
1.5534560721131843e-01 6.6593892031730134e-02 0.0000000000000000e+00 1
1.4608892735593249e-01 7.7601567758024625e-02 0.0000000000000000e+00 1
3.2205831123345691e-01 -2.5559428798807099e-01 0.0000000000000000e+00 1
9.8984891047937978e-02 2.8975434672611144e-01 0.0000000000000000e+00 1
1.3409967580415766e-01 -3.1920645652424651e-01 0.0000000000000000e+00 1
-2.9955492835394026e-01 -1.1844419870677554e-01 0.0000000000000000e+00 1
1.3575804620522500e-01 -3.8485443843276640e-01 0.0000000000000000e+00 1
2.2763257594791220e-01 -4.5939737719488705e-01 0.0000000000000000e+00 1
3.2378382057662712e-02 3.0656801531188183e-01 0.0000000000000000e+00 1
-1.9900731981464392e-01 7.0916781357870912e-02 0.0000000000000000e+00 1
-1.9303112127116959e-01 6.3052086727886814e-02 0.0000000000000000e+00 1
9.1001404630831756e-02 3.5817797056553752e-01 0.0000000000000000e+00 1
-1.5465553899058376e-01 2.2625285705046319e-01 0.0000000000000000e+00 1
7.5398212570230758e-02 2.5843967246488297e-01 0.0000000000000000e+00 1
-6.1353913632209503e-02 1.5264077080023100e-01 0.0000000000000000e+00 1
-3.1001388455739487e-01 -9.1718662488644576e-02 0.0000000000000000e+00 1
-3.1670541974247812e-01 -8.2696403467216628e-02 0.0000000000000000e+00 1
-3.1207736677533582e-01 -7.2141738525292376e-02 0.0000000000000000e+00 1
-3.2358182583963840e-01 -7.3392880860021645e-02 0.0000000000000000e+00 1
-3.1890606079197903e-01 -6.2788448767308408e-02 0.0000000000000000e+00 1
3.0518863560639292e-01 -4.7644692957245166e-01 0.0000000000000000e+00 1
3.1751755436977397e-01 -4.7420572189902543e-01 0.0000000000000000e+00 1
7.7302720553050042e-02 -9.5756023388920877e-02 0.0000000000000000e+00 1
2.7478945283756734e-01 -3.3294533362921985e-01 0.0000000000000000e+00 1
7.3626698578543627e-03 1.0486957060735365e-01 0.0000000000000000e+00 1
3.5645259592712991e-01 -2.8973614540659243e-01 0.0000000000000000e+00 1
-1.6748971258091319e-01 2.1222886401044494e-01 0.0000000000000000e+00 1
4.7405201545594966e-02 4.1062647829432125e-01 0.0000000000000000e+00 1
4.1801687931869939e-02 4.1623538503690177e-01 0.0000000000000000e+00 1
1.3407630939571979e-01 -4.2286041425971216e-01 0.0000000000000000e+00 1
1.2865957245080259e-01 -4.3646999132677106e-01 0.0000000000000000e+00 1
1.7138609450458725e-01 2.9460975541757625e-02 0.0000000000000000e+00 1
-3.5298551908163089e-01 -1.7408487825133351e-01 0.0000000000000000e+00 1
5.3490397382501345e-02 4.0397984751160348e-01 0.0000000000000000e+00 1
3.8466304423139053e-01 -3.3322332337234289e-01 0.0000000000000000e+00 1
-2.5068754895073403e-01 -2.0121529000025803e-01 0.0000000000000000e+00 1
7.9490271127970163e-02 -4.2000822943964328e-01 0.0000000000000000e+00 1
-4.1788214951746235e-02 5.2724791478785678e-02 0.0000000000000000e+00 1
2.0530447010362568e-01 1.2562246384741671e-01 0.0000000000000000e+00 1
-2.5143758056095356e-01 -8.6355368650243181e-02 0.0000000000000000e+00 1
3.1666119904361176e-02 -2.5300684914934002e-01 0.0000000000000000e+00 1
3.5626279751922209e-02 9.8342231835482588e-02 0.0000000000000000e+00 1
3.1748959040391850e-02 8.7785453126142415e-02 0.0000000000000000e+00 1
4.2967447909340276e-02 8.9314813148968303e-02 0.0000000000000000e+00 1
3.9002234413557123e-02 7.8507946907587084e-02 0.0000000000000000e+00 1
5.0851740416059707e-02 8.0470651235829277e-02 0.0000000000000000e+00 1
4.6505032164145907e-02 6.9153471942390493e-02 0.0000000000000000e+00 1
2.0730199350395145e-02 8.6020985704167496e-02 0.0000000000000000e+00 1
-4.2360144942090361e-01 -8.7791539743234351e-02 0.0000000000000000e+00 1
2.6025071956432366e-01 1.2218810192210236e-01 0.0000000000000000e+00 1
-6.1285236159757957e-02 2.2611009626255074e-01 0.0000000000000000e+00 1
1.5460605751362014e-01 -4.0722746720123487e-01 0.0000000000000000e+00 1
1.7630367001642161e-01 -4.5424821934272519e-01 0.0000000000000000e+00 1
2.4943029902117847e-01 9.2757629035329137e-02 0.0000000000000000e+00 1
2.6396704956252548e-01 9.4269690468740674e-02 0.0000000000000000e+00 1
3.0563168643237015e-01 -2.3372676110069585e-01 0.0000000000000000e+00 1
2.9757805870624821e-01 -2.2146321609687702e-01 0.0000000000000000e+00 1
6.0332851930438053e-02 -3.9592527543785705e-01 0.0000000000000000e+00 1
5.1225018677182009e-02 -4.0973758578853908e-01 0.0000000000000000e+00 1
9.1063007569130633e-02 1.6154102256976446e-01 0.0000000000000000e+00 1
8.6525934193237702e-02 1.5021335962445756e-01 0.0000000000000000e+00 1
9.8722420569663766e-02 1.5190292485963247e-01 0.0000000000000000e+00 1
9.4082911725036300e-02 1.4034129982782365e-01 0.0000000000000000e+00 1
-1.5321899347765464e-01 -3.1741734334865368e-01 0.0000000000000000e+00 1
-1.6216414943865465e-01 -3.0484077652848152e-01 0.0000000000000000e+00 1
1.4969403655206853e-01 -1.4864988192948905e-01 0.0000000000000000e+00 1
1.5876866292506836e-01 -1.6013619747565924e-01 0.0000000000000000e+00 1
1.9980557172203348e-01 -1.9332485661646837e-01 0.0000000000000000e+00 1
1.9100825523831566e-01 -1.8144898632932518e-01 0.0000000000000000e+00 1
-8.9145740941310836e-02 1.8433138432837939e-01 0.0000000000000000e+00 1
-9.5573278096273750e-02 1.8341014110185799e-01 0.0000000000000000e+00 1
-9.1643204391113342e-02 1.7782435776684061e-01 0.0000000000000000e+00 1
-9.8362649305583999e-02 1.7706649865403104e-01 0.0000000000000000e+00 1
-1.4569053457099324e-01 -1.9973117422293546e-01 0.0000000000000000e+00 1
-1.5935778573123788e-01 -2.0169627302552090e-01 0.0000000000000000e+00 1
-1.5470398550639763e-01 -1.8813265971823923e-01 0.0000000000000000e+00 1
-1.6781828235537766e-01 -1.9035059936289037e-01 0.0000000000000000e+00 1
-1.6308044507188046e-01 -1.7721020784872946e-01 0.0000000000000000e+00 1
-1.7608674460125584e-01 -1.7927152000617802e-01 0.0000000000000000e+00 1
-1.7108068320688111e-01 -1.6659907385085754e-01 0.0000000000000000e+00 1
-1.8421132724614955e-01 -1.6841577596478366e-01 0.0000000000000000e+00 1
-1.7998579982348506e-01 -1.5596881452906186e-01 0.0000000000000000e+00 1
-4.4406262960769764e-02 7.1279344920497326e-02 0.0000000000000000e+00 1
3.0862502976896899e-01 -3.7499572239139944e-01 0.0000000000000000e+00 1
3.0039431679183609e-01 -3.6454356230091745e-01 0.0000000000000000e+00 1
2.1603573038608351e-01 -1.5293406278732499e-01 0.0000000000000000e+00 1
2.3081177322759378e-01 -1.5114614835058748e-01 0.0000000000000000e+00 1
2.0138431585043889e-01 -1.5482670998254805e-01 0.0000000000000000e+00 1
-3.6381249642242597e-01 -1.7562867206233304e-01 0.0000000000000000e+00 1
-2.1795178039875185e-01 -9.6488031882414338e-02 0.0000000000000000e+00 1
-2.1063641144255774e-01 -1.0600023706272350e-01 0.0000000000000000e+00 1
1.1584379565488898e-02 1.4214290373336472e-01 0.0000000000000000e+00 1
-2.9641284342949836e-01 -1.9358348013172424e-01 0.0000000000000000e+00 1
-3.0115653637580514e-01 -2.0578429164657638e-01 0.0000000000000000e+00 1
5.5030403220486926e-02 -1.6009948000335775e-01 0.0000000000000000e+00 1
-3.8444250628241322e-01 -1.4624999463821192e-01 0.0000000000000000e+00 1
-9.4452564384956389e-02 1.7152474125641887e-01 0.0000000000000000e+00 1
-1.0114240437577895e-01 1.7062353573655004e-01 0.0000000000000000e+00 1
7.9637019380816090e-02 3.2704745497304355e-01 0.0000000000000000e+00 1
5.3567995243433753e-02 1.7756589444627024e-01 0.0000000000000000e+00 1
7.5759679168293181e-02 2.8695970166261225e-01 0.0000000000000000e+00 1
7.1777929075878119e-04 -3.6463513019537208e-01 0.0000000000000000e+00 1
-6.1222404970421879e-03 -3.8014889770376997e-01 0.0000000000000000e+00 1
1.0064752077784775e-01 -1.8063730959535035e-02 0.0000000000000000e+00 1
1.0541247913925733e-01 -5.8424707856586534e-03 0.0000000000000000e+00 1
9.0996404402627754e-02 2.6945110374239145e-01 0.0000000000000000e+00 1
-7.1548968916373662e-02 6.9446764172086561e-02 0.0000000000000000e+00 1
-2.4731081521321435e-01 -2.2478020359854814e-01 0.0000000000000000e+00 1
-2.3852362527844956e-01 -2.3599929610669734e-01 0.0000000000000000e+00 1
-2.4379464898094361e-01 -2.4866479891889340e-01 0.0000000000000000e+00 1
-2.3020183313675338e-01 -2.4705095364000434e-01 0.0000000000000000e+00 1
-2.3558983427671668e-01 -2.6096860581026032e-01 0.0000000000000000e+00 1
-2.2195539463873670e-01 -2.5867668069225030e-01 0.0000000000000000e+00 1
-2.2705879938249668e-01 -2.7299736238460459e-01 0.0000000000000000e+00 1
-2.1319630936624048e-01 -2.6976410449037969e-01 0.0000000000000000e+00 1
1.3903555701741394e-01 2.1517819778855074e-01 0.0000000000000000e+00 1
2.1054896898699696e-01 -1.0326215331623820e-01 0.0000000000000000e+00 1
-7.5611242783622384e-02 -4.7791788393992576e-02 0.0000000000000000e+00 1
-1.5614766989040232e-01 4.0844205867872345e-02 0.0000000000000000e+00 1
-1.3421120056146574e-01 2.3892331674367820e-01 0.0000000000000000e+00 1
7.2071207653823244e-02 -1.8324117614027413e-01 0.0000000000000000e+00 1
-1.0330183451057406e-01 2.0404942008323457e-01 0.0000000000000000e+00 1
-1.5277165989097805e-01 2.4511859881315293e-01 0.0000000000000000e+00 1
-1.4972328629369813e-01 2.5181895948204908e-01 0.0000000000000000e+00 1
-1.5695260122369786e-01 2.5148486526041541e-01 0.0000000000000000e+00 1
-1.5394424342100591e-01 2.5819492905237584e-01 0.0000000000000000e+00 1
-1.6162090332517251e-01 2.5767392334417161e-01 0.0000000000000000e+00 1
3.6962970579119653e-02 -4.6274913473636090e-02 0.0000000000000000e+00 1
-1.2420375214045760e-01 2.3250061053331197e-01 0.0000000000000000e+00 1
-2.1567011652383306e-01 3.4531928190762207e-01 0.0000000000000000e+00 1
-2.1220701513151369e-01 3.4118367606968936e-01 0.0000000000000000e+00 1
-2.1525491526438767e-01 3.3530243917092084e-01 0.0000000000000000e+00 1
-2.0878867044953314e-01 3.3568884760794032e-01 0.0000000000000000e+00 1
-2.1154355557304300e-01 3.2986822848707797e-01 0.0000000000000000e+00 1
-2.0507296872595962e-01 3.3070101968083787e-01 0.0000000000000000e+00 1
-2.0757087779110328e-01 3.2423080138178290e-01 0.0000000000000000e+00 1
-2.1428084682482534e-01 3.2371640525387640e-01 0.0000000000000000e+00 1
-2.1044470599647228e-01 3.1752154728930693e-01 0.0000000000000000e+00 1
-2.1799552767789160e-01 3.1676231709794511e-01 0.0000000000000000e+00 1
-2.1354560444191659e-01 3.1043365995089517e-01 0.0000000000000000e+00 1
-2.0584709526373760e-01 3.1122689966004535e-01 0.0000000000000000e+00 1
-2.0895015061718658e-01 3.0407347049355021e-01 0.0000000000000000e+00 1
-2.0112568650645138e-01 3.0495442092190012e-01 0.0000000000000000e+00 1
-2.0423913646401384e-01 2.9761858844307165e-01 0.0000000000000000e+00 1
-2.1229649470128054e-01 2.9672409406784511e-01 0.0000000000000000e+00 1
-2.0747023147735838e-01 2.9011639308158954e-01 0.0000000000000000e+00 1
-2.1574125463353272e-01 2.8922743950176899e-01 0.0000000000000000e+00 1
-1.9931467597426103e-01 2.9109954511599984e-01 0.0000000000000000e+00 1
-2.0251599827470268e-01 2.8347454448802772e-01 0.0000000000000000e+00 1
-1.9425626277199817e-01 2.8450570124173785e-01 0.0000000000000000e+00 1
-1.9776570934267490e-01 2.7688429576354734e-01 0.0000000000000000e+00 1
-1.9026715501362723e-01 2.7784108823420522e-01 0.0000000000000000e+00 1
-2.0592328335911353e-01 2.7575387224746623e-01 0.0000000000000000e+00 1
-1.9124721119154670e-01 2.9213214241782770e-01 0.0000000000000000e+00 1
-2.2066369842640979e-01 2.9601202337724808e-01 0.0000000000000000e+00 1
-2.2427378140988447e-01 2.8826378190570634e-01 0.0000000000000000e+00 1
-1.9807657375677667e-01 3.1209455929213592e-01 0.0000000000000000e+00 1
-2.0109283134401604e-01 2.6904693709836969e-01 0.0000000000000000e+00 1
-2.0934755827550727e-01 2.6789499986390691e-01 0.0000000000000000e+00 1
-1.9334286454979246e-01 3.0589101639245869e-01 0.0000000000000000e+00 1
-2.2905474820644872e-01 2.9518807215561238e-01 0.0000000000000000e+00 1
-2.3275721532475763e-01 2.8712631577132597e-01 0.0000000000000000e+00 1
-2.2782975888711765e-01 2.8020942511445113e-01 0.0000000000000000e+00 1
-2.3679493271052673e-01 2.7902198023399982e-01 0.0000000000000000e+00 1
-2.3144083638566726e-01 2.7166788202260744e-01 0.0000000000000000e+00 1
-2.4065720006348948e-01 2.7053599696589997e-01 0.0000000000000000e+00 1
-2.3512895853130766e-01 2.6286484327169590e-01 0.0000000000000000e+00 1
-2.4459689757522987e-01 2.6186123079835677e-01 0.0000000000000000e+00 1
-2.3894686131016743e-01 2.5406690758623485e-01 0.0000000000000000e+00 1
-2.4855670365390853e-01 2.5295814826760632e-01 0.0000000000000000e+00 1
-2.4285068158811238e-01 2.4507739872126089e-01 0.0000000000000000e+00 1
-2.5266820502230070e-01 2.4400546653949418e-01 0.0000000000000000e+00 1
-2.2613232735132652e-01 2.6470331872167008e-01 0.0000000000000000e+00 1
-2.5895367673243502e-01 2.5186186815585765e-01 0.0000000000000000e+00 1
-2.6283283979063216e-01 2.4279682396816055e-01 0.0000000000000000e+00 1
-2.2631327727222394e-01 3.0411619999986184e-01 0.0000000000000000e+00 1
-2.0055569982443350e-01 3.2515583907232853e-01 0.0000000000000000e+00 1
-2.4164892356946749e-01 2.8573089601837981e-01 0.0000000000000000e+00 1
-2.5053008502522434e-01 2.6872836044856152e-01 0.0000000000000000e+00 1
-2.1426161479457134e-01 2.7473253781356544e-01 0.0000000000000000e+00 1
-2.6876274172328396e-01 2.5114027840946856e-01 0.0000000000000000e+00 1
9.0526416033892915e-02 -1.9427211629445162e-01 0.0000000000000000e+00 1
7.2430662792789688e-02 -5.2121089597971335e-02 0.0000000000000000e+00 1
6.7976106247976467e-02 -6.7460260126149973e-02 0.0000000000000000e+00 1
-5.9162143319467040e-03 9.4797412847651155e-02 0.0000000000000000e+00 1
-3.2149989303429483e-01 -9.2271632046819124e-02 0.0000000000000000e+00 1
-3.0709301915491516e-01 1.8568576792082531e-01 0.0000000000000000e+00 1
-3.0893256938530456e-01 1.7615867629047333e-01 0.0000000000000000e+00 1
4.5944865507509847e-01 -3.6843683216776513e-01 0.0000000000000000e+00 1
-2.2504269703779561e-01 -2.3412519411932881e-01 0.0000000000000000e+00 1
1.0655145333260796e-01 1.4204423443022873e-01 0.0000000000000000e+00 1
1.0182800141611316e-01 1.3020374667729040e-01 0.0000000000000000e+00 1
1.1415744278123946e-01 1.3160405331800198e-01 0.0000000000000000e+00 1
1.0982482979889925e-01 1.1995893980859720e-01 0.0000000000000000e+00 1
4.1283794967496440e-01 -1.5725314778555033e-01 0.0000000000000000e+00 1
1.8354528703341555e-01 -4.6718885745021133e-01 0.0000000000000000e+00 1
-2.8670511298473106e-01 2.0228519390065580e-01 0.0000000000000000e+00 1
-2.9364719769092351e-01 2.1224475686207139e-01 0.0000000000000000e+00 1
3.8700051588868939e-01 -8.2485686833663446e-02 0.0000000000000000e+00 1
-1.5838359213030873e-01 2.6471849520573487e-01 0.0000000000000000e+00 1
-1.6622680776381782e-01 2.6421801403212752e-01 0.0000000000000000e+00 1
-1.6297458655089514e-01 2.7219586461470097e-01 0.0000000000000000e+00 1
-1.7120191447652613e-01 2.7077593130474459e-01 0.0000000000000000e+00 1
-1.7438853102937316e-01 2.6352078036982429e-01 0.0000000000000000e+00 1
-1.7882553008224084e-01 2.7067744713031261e-01 0.0000000000000000e+00 1
-1.7536598204517162e-01 2.7767019007747862e-01 0.0000000000000000e+00 1
4.4370900387030543e-01 -2.1669500475365155e-01 0.0000000000000000e+00 1
-5.0695947417771142e-02 1.7619453675163360e-01 0.0000000000000000e+00 1
-5.3423307476164854e-02 1.6983804061699909e-01 0.0000000000000000e+00 1
-1.0665264755318764e-01 1.4902891835143478e-01 0.0000000000000000e+00 1
-1.0388571490780037e-01 1.5739778330904719e-01 0.0000000000000000e+00 1
-2.0753704447579513e-01 1.2879017583696067e-01 0.0000000000000000e+00 1
4.5911386026602885e-01 -2.9409735680256666e-01 0.0000000000000000e+00 1
4.5261587549946369e-01 -2.8419524703024657e-01 0.0000000000000000e+00 1
4.4008323526858473e-01 -2.8547737464717660e-01 0.0000000000000000e+00 1
4.4530459108715126e-01 -2.7410056964414142e-01 0.0000000000000000e+00 1
4.3192814895469145e-01 -2.7579250537191169e-01 0.0000000000000000e+00 1
4.1011362349002894e-01 -4.5225839925572853e-01 0.0000000000000000e+00 1
2.0451136892537716e-01 1.4826600019392636e-01 0.0000000000000000e+00 1
2.1938651811400059e-01 1.5058043255406003e-01 0.0000000000000000e+00 1
2.2633189425237443e-01 1.6440013640035883e-01 0.0000000000000000e+00 1
-7.7906923517183702e-02 2.3283309577329758e-01 0.0000000000000000e+00 1
4.5369118672193987e-01 -2.4989055677592026e-01 0.0000000000000000e+00 1
5.7977156305690974e-02 7.1260107524085473e-02 0.0000000000000000e+00 1
5.4150602962230204e-02 5.9559860885565044e-02 0.0000000000000000e+00 1
4.2053895575473892e-02 5.7422014943685568e-02 0.0000000000000000e+00 1
1.7991138815093244e-01 2.2096277847589499e-01 0.0000000000000000e+00 1
-2.3323255260319492e-01 2.4706664613208154e-01 0.0000000000000000e+00 1
-2.3704330006593216e-01 2.3771193275654975e-01 0.0000000000000000e+00 1
-1.1793477002683712e-01 2.3227017239577313e-01 0.0000000000000000e+00 1
-6.5846067396835253e-02 2.3099144023265264e-01 0.0000000000000000e+00 1
-6.3119002349741229e-02 2.3660355930470900e-01 0.0000000000000000e+00 1
-8.4907442651362741e-02 -1.8324598067852686e-02 0.0000000000000000e+00 1
-8.7827648385535279e-02 -2.9514195849114640e-02 0.0000000000000000e+00 1
6.7669745995405414e-02 6.3231306371797968e-02 0.0000000000000000e+00 1
6.2277296826490865e-02 5.0054357327181144e-02 0.0000000000000000e+00 1
-2.7211013359607783e-01 2.4159781914658573e-01 0.0000000000000000e+00 1
-3.3075767090962388e-01 -1.6486526201316093e-01 0.0000000000000000e+00 1
-8.6225448248328590e-02 2.0654774384570276e-01 0.0000000000000000e+00 1
-8.2175034937618796e-02 2.0204428363491708e-01 0.0000000000000000e+00 1
3.3342367573519095e-03 -3.9404541607416277e-01 0.0000000000000000e+00 1
1.3387410099493964e-02 3.6100112133454521e-01 0.0000000000000000e+00 1
-3.0319205101564894e-01 -1.0106501045762045e-01 0.0000000000000000e+00 1
1.2213208322606714e-01 1.2118906585906276e-01 0.0000000000000000e+00 1
1.1785711446240496e-01 1.0944488309375022e-01 0.0000000000000000e+00 1
1.3038341134660913e-01 1.1069407998481003e-01 0.0000000000000000e+00 1
1.2619982533571830e-01 9.8871013972295085e-02 0.0000000000000000e+00 1
6.7907149458842186e-02 1.5870788803463559e-01 0.0000000000000000e+00 1
-1.9484474680682207e-01 -1.2596899720645549e-01 0.0000000000000000e+00 1
-1.8647185990711129e-01 -1.3577653126798325e-01 0.0000000000000000e+00 1
6.4458149904470519e-03 3.4224734639105142e-01 0.0000000000000000e+00 1
-1.6885912670529291e-01 1.1781131170349060e-01 0.0000000000000000e+00 1
2.2172270135238395e-01 -4.7436576612606424e-01 0.0000000000000000e+00 1
-3.6665141590121693e-02 4.2171820519787351e-02 0.0000000000000000e+00 1
-2.5113335068846290e-02 4.5230328404030171e-02 0.0000000000000000e+00 1
-2.2475702327338926e-01 -8.5649751050996273e-02 0.0000000000000000e+00 1
-2.5303668319377204e-01 -1.2304734291357780e-01 0.0000000000000000e+00 1
-9.3964052400091411e-02 2.2955117160909150e-01 0.0000000000000000e+00 1
-9.4645424724672952e-02 2.2450933215977947e-01 0.0000000000000000e+00 1
2.4627323656183675e-01 -4.7510746923070074e-01 0.0000000000000000e+00 1
2.7975294839726544e-01 -3.5498920927184391e-01 0.0000000000000000e+00 1
-1.0423842933050301e-01 2.3178435126653513e-01 0.0000000000000000e+00 1
4.0448103905021585e-02 1.0899647249175456e-01 0.0000000000000000e+00 1
-1.8168300708192234e-01 2.6210429716131900e-01 0.0000000000000000e+00 1
1.7824696667334008e-02 3.2121495621509344e-01 0.0000000000000000e+00 1
8.3884887566392334e-03 3.1874099960210445e-01 0.0000000000000000e+00 1
-2.5668722995674093e-01 2.3462074114047710e-01 0.0000000000000000e+00 1
-1.6466810599128126e-01 2.5025642879935400e-01 0.0000000000000000e+00 1
1.5726632920265333e-02 3.6915083646554026e-01 0.0000000000000000e+00 1
-4.4754200083649734e-02 -3.7274531186258564e-01 0.0000000000000000e+00 1
-5.5174482885762155e-02 -3.6029435923937847e-01 0.0000000000000000e+00 1
-6.6706465628577266e-02 1.4536748722388329e-01 0.0000000000000000e+00 1
2.8029242306229352e-01 -4.8067076682943488e-01 0.0000000000000000e+00 1
4.5943793328031096e-01 -2.7065760142461198e-01 0.0000000000000000e+00 1
3.2469110421798481e-01 -1.2916728834134972e-01 0.0000000000000000e+00 1
3.3437062322615191e-01 -1.4105606645031779e-01 0.0000000000000000e+00 1
3.1488485271365518e-01 -1.1697499204339049e-01 0.0000000000000000e+00 1
-3.0275036363682528e-01 1.9485028345588376e-01 0.0000000000000000e+00 1
-7.7603071698937653e-02 2.0548205089852684e-02 0.0000000000000000e+00 1
1.4004065990006848e-01 1.0118698419929299e-01 0.0000000000000000e+00 1
7.4862502610495735e-02 5.1605654758725951e-02 0.0000000000000000e+00 1
7.0110614944230321e-02 3.9747642394814389e-02 0.0000000000000000e+00 1
6.8157174267983012e-02 3.9187496952156642e-01 0.0000000000000000e+00 1
-1.1978697437430470e-02 -3.9404775283309140e-01 0.0000000000000000e+00 1
1.0344594020481200e-02 -4.0646477932326808e-01 0.0000000000000000e+00 1
-1.9410342221794041e-01 -1.5849171175347143e-01 0.0000000000000000e+00 1
6.0987735972992507e-02 8.3382298934080445e-02 0.0000000000000000e+00 1
-2.0281381844547150e-01 3.3645617994131438e-01 0.0000000000000000e+00 1
-2.6541056118468775e-01 1.6286997058784558e-01 0.0000000000000000e+00 1
-2.6904472631690718e-01 1.5260679605238811e-01 0.0000000000000000e+00 1
2.1586560234926991e-01 -3.1852625800251866e-01 0.0000000000000000e+00 1
2.3002494181187971e-01 -3.1527318792945203e-01 0.0000000000000000e+00 1
1.1083623827417199e-01 2.9134137159200102e-01 0.0000000000000000e+00 1
1.1591944866737987e-01 3.0264758684109144e-01 0.0000000000000000e+00 1
2.6154261478656915e-01 -3.3437321469883946e-01 0.0000000000000000e+00 1
2.5329582006012408e-01 -3.2314988709583431e-01 0.0000000000000000e+00 1
-2.7027839765655221e-01 -2.4389889055147683e-02 0.0000000000000000e+00 1
-2.7734684369363743e-01 -1.5724060368119328e-02 0.0000000000000000e+00 1
7.5500485486427196e-02 3.8426102638783632e-01 0.0000000000000000e+00 1
3.9011135418383225e-01 -3.2095406681088112e-01 0.0000000000000000e+00 1
3.8139874108148009e-01 -4.2533282525421551e-01 0.0000000000000000e+00 1
3.7578433769327446e-01 -4.1427441019904798e-01 0.0000000000000000e+00 1
3.6360009987604558e-01 -4.1649391158063015e-01 0.0000000000000000e+00 1
-8.3195356910950077e-02 -2.5514417720615856e-01 0.0000000000000000e+00 1
-1.2544607511752323e-01 1.3932074920516851e-01 0.0000000000000000e+00 1
3.9532200460728922e-01 -4.6379005951484931e-01 0.0000000000000000e+00 1
3.8443776936214497e-01 -4.6506953532657985e-01 0.0000000000000000e+00 1
3.9075164895759623e-01 -4.7364233014001378e-01 0.0000000000000000e+00 1
-2.8493794217114821e-01 1.9026140661282981e-01 0.0000000000000000e+00 1
-1.5881418087402882e-01 1.9976801261495170e-01 0.0000000000000000e+00 1
4.5698801434807301e-01 -2.3682688552765063e-01 0.0000000000000000e+00 1
7.2131709807126784e-02 -2.2178645131467489e-01 0.0000000000000000e+00 1
-2.4877084955833478e-01 1.8423995374828239e-01 0.0000000000000000e+00 1
-2.3860202696088084e-01 1.8520690014223504e-01 0.0000000000000000e+00 1
-2.5865832603080130e-01 1.8197790145679427e-01 0.0000000000000000e+00 1
5.2428966053857384e-02 4.2694894168788228e-01 0.0000000000000000e+00 1
8.1706091192340652e-02 1.3874189064851442e-01 0.0000000000000000e+00 1
-2.5212223989145899e-01 -3.2137164962835266e-02 0.0000000000000000e+00 1
-7.3706865336474567e-02 -2.6698629211965985e-01 0.0000000000000000e+00 1
4.2210846847509131e-01 -1.6874999676671576e-01 0.0000000000000000e+00 1
-3.8855596292266543e-02 -4.3730163243185884e-02 0.0000000000000000e+00 1
-5.7976624384962941e-02 1.5871429620764035e-01 0.0000000000000000e+00 1
-8.8372447515284946e-02 1.7244638448856689e-01 0.0000000000000000e+00 1
4.6298776827187905e-03 2.8332479312679154e-01 0.0000000000000000e+00 1
5.3180126263870010e-02 -6.7471213301851990e-02 0.0000000000000000e+00 1
-2.4377150441847066e-02 2.7794228731953918e-01 0.0000000000000000e+00 1
-2.6681876718945258e-02 2.6915788924403228e-01 0.0000000000000000e+00 1
3.0584413734900551e-02 4.0696157801208654e-01 0.0000000000000000e+00 1
-3.1363937275330733e-01 -2.0654839694017704e-01 0.0000000000000000e+00 1
-3.0665418365588981e-01 -2.1742757118130429e-01 0.0000000000000000e+00 1
4.5431139278513882e-01 -3.7933997204214831e-01 0.0000000000000000e+00 1
4.2708000739510760e-01 -2.8739070511299120e-01 0.0000000000000000e+00 1
2.9196829570816249e-02 -3.6213786779272665e-02 0.0000000000000000e+00 1
3.4608482668306670e-02 -2.4175621626413336e-02 0.0000000000000000e+00 1
-9.6636432035380526e-02 1.6498807815357247e-01 0.0000000000000000e+00 1
-4.2804114276451627e-01 -9.7446880727721591e-02 0.0000000000000000e+00 1
-4.2148783987619254e-01 -1.0406551952677862e-01 0.0000000000000000e+00 1
1.4074409399913296e-01 2.8776679798547350e-01 0.0000000000000000e+00 1
-7.1337139990837975e-02 2.3048480302794749e-01 0.0000000000000000e+00 1
4.4265631342638723e-01 -3.8041718076778053e-01 0.0000000000000000e+00 1
4.6031857867429704e-01 -3.8841689748183095e-01 0.0000000000000000e+00 1
-1.5866685303983347e-01 2.3341928350492119e-01 0.0000000000000000e+00 1
-2.7261752493105718e-01 -1.0833616967088372e-01 0.0000000000000000e+00 1
-1.5004865620121549e-01 9.4916993915586181e-02 0.0000000000000000e+00 1
-1.5654886901000786e-01 1.0255324701121879e-01 0.0000000000000000e+00 1
-1.4420538427570700e-01 8.7179008533323887e-02 0.0000000000000000e+00 1
1.8941721988721394e-01 4.6021503442357149e-02 0.0000000000000000e+00 1
-3.4332249434277617e-01 -1.5183905213015456e-01 0.0000000000000000e+00 1
3.0640011438006869e-03 3.3279890334489359e-01 0.0000000000000000e+00 1
-3.8796366754904277e-02 -1.0026922112894189e-01 0.0000000000000000e+00 1
-2.6589745359342043e-01 -1.1865502083144623e-01 0.0000000000000000e+00 1
-2.6179363935823807e-01 -1.3062178832329033e-01 0.0000000000000000e+00 1
4.0270874840494952e-01 -3.1878440149058529e-01 0.0000000000000000e+00 1
4.1428436766936338e-01 -3.1945898787388993e-01 0.0000000000000000e+00 1
-5.1077566057054963e-02 1.6232810719577884e-01 0.0000000000000000e+00 1
2.3612810920791119e-01 1.5230334148989377e-01 0.0000000000000000e+00 1
-2.3825314427507213e-01 -8.6607661249686926e-02 0.0000000000000000e+00 1
-1.2485087563436534e-01 2.4463069352717220e-01 0.0000000000000000e+00 1
-1.4017959931357862e-01 3.8547345043807968e-02 0.0000000000000000e+00 1
-1.2968671341061538e-01 4.0764300382627142e-02 0.0000000000000000e+00 1
9.6394328090543061e-02 1.1909228454258319e-01 0.0000000000000000e+00 1
2.3245868689474625e-01 -4.4575498790166168e-01 0.0000000000000000e+00 1
8.2657615827432265e-02 4.1589608432697739e-02 0.0000000000000000e+00 1
7.8201229685963547e-02 2.9543060668826039e-02 0.0000000000000000e+00 1
8.9778526510670864e-02 3.1696310202973157e-02 0.0000000000000000e+00 1
8.9170033487854725e-02 1.9090167687305790e-02 0.0000000000000000e+00 1
3.1889184222181038e-01 -1.4360907029433634e-01 0.0000000000000000e+00 1
4.8841026707392210e-02 4.1942948318453688e-01 0.0000000000000000e+00 1
4.5479518018703181e-02 4.2624600112410232e-01 0.0000000000000000e+00 1
-5.6221839044299005e-02 2.5166716437596520e-01 0.0000000000000000e+00 1
-5.4694461132202728e-02 2.4470459389652499e-01 0.0000000000000000e+00 1
-4.8927116052319169e-02 2.5071683355436036e-01 0.0000000000000000e+00 1
-4.3518285293772774e-02 2.5612590893858600e-01 0.0000000000000000e+00 1
-6.2376871560559525e-03 3.2765304330970135e-01 0.0000000000000000e+00 1
-1.8955790913250883e-01 -1.8135204342149697e-01 0.0000000000000000e+00 1
1.0181304933592900e-01 -4.3260165843701140e-02 0.0000000000000000e+00 1
-1.9045324948825670e-01 3.1292024829857512e-01 0.0000000000000000e+00 1
-1.8582355052066396e-01 3.0671062466407983e-01 0.0000000000000000e+00 1
-3.4182789814642500e-01 -1.7097631554981518e-01 0.0000000000000000e+00 1
-4.0089799174609131e-01 1.6263640703763394e-02 0.0000000000000000e+00 1
-3.9651577193065224e-01 2.6677462606917682e-02 0.0000000000000000e+00 1
-3.8553438308629079e-01 2.8211402028936308e-02 0.0000000000000000e+00 1
-4.0518497637935491e-01 5.8521043764957125e-03 0.0000000000000000e+00 1
-3.9199741825959000e-01 3.7123378943871813e-02 0.0000000000000000e+00 1
-3.8100298883809064e-01 3.8691870363951698e-02 0.0000000000000000e+00 1
-3.8736873362470864e-01 4.7606694463854675e-02 0.0000000000000000e+00 1
-3.7646368223580789e-01 4.9282585048907458e-02 0.0000000000000000e+00 1
-3.4460251170465045e-01 -1.8296525973762021e-01 0.0000000000000000e+00 1
1.1598122087412951e-01 -4.1818115713806919e-02 0.0000000000000000e+00 1
2.1180483545040242e-02 3.8263966184232390e-01 0.0000000000000000e+00 1
8.2317181086260655e-02 -2.3366079592330041e-01 0.0000000000000000e+00 1
8.0215065132416885e-02 -2.0599509966881260e-01 0.0000000000000000e+00 1
4.0568064595179365e-01 -4.6228969810408271e-01 0.0000000000000000e+00 1
-2.4899677203178355e-01 -1.0577288702790821e-01 0.0000000000000000e+00 1
-6.9331505249518297e-02 1.5241652619475465e-01 0.0000000000000000e+00 1
-6.9040086163831296e-02 1.3744162925211514e-01 0.0000000000000000e+00 1
-7.7002358009050614e-02 1.3581738842728375e-01 0.0000000000000000e+00 1
-7.1826280427730815e-02 1.2919767846907654e-01 0.0000000000000000e+00 1
-1.6237739874824170e-01 1.1000963310175439e-01 0.0000000000000000e+00 1
-2.3346789138467177e-03 2.9102554973307038e-01 0.0000000000000000e+00 1
-7.9961259369800072e-03 2.9885301208001469e-01 0.0000000000000000e+00 1
-3.5152071639127300e-03 3.0827941858350022e-01 0.0000000000000000e+00 1
5.2495269158028945e-03 1.4991762453307020e-01 0.0000000000000000e+00 1
-1.2440692246674309e-01 1.1443281279304862e-01 0.0000000000000000e+00 1
-1.1902917430555023e-01 1.0760633190391078e-01 0.0000000000000000e+00 1
-1.2231441122294429e-01 9.8976352737060264e-02 0.0000000000000000e+00 1
-1.1330803166267327e-01 1.0023011045935133e-01 0.0000000000000000e+00 1
-1.1533362663608411e-01 9.2383270037469906e-02 0.0000000000000000e+00 1
-1.0662125706207402e-01 9.4098473461482396e-02 0.0000000000000000e+00 1
-1.2432448779452693e-01 8.8674564867269212e-02 0.0000000000000000e+00 1
-1.0494221182371818e-01 1.0251425518687991e-01 0.0000000000000000e+00 1
1.3053353217004446e-01 2.2658317909816045e-01 0.0000000000000000e+00 1
1.2597079298757691e-01 2.1547444506879798e-01 0.0000000000000000e+00 1
3.7836364337325834e-01 -4.5554978001092455e-01 0.0000000000000000e+00 1
3.7400855176425585e-01 -4.6561428859841447e-01 0.0000000000000000e+00 1
9.8264153855206371e-02 3.4980700147462934e-01 0.0000000000000000e+00 1
9.3375562513651117e-02 3.3932356955428739e-01 0.0000000000000000e+00 1
-1.4264376690493935e-01 2.5278367052501294e-01 0.0000000000000000e+00 1
1.3643012140541069e-01 8.8415480416445091e-02 0.0000000000000000e+00 1
1.1291456117947596e-01 9.5819745350086499e-02 0.0000000000000000e+00 1
-1.3313327965901772e-01 1.3749596625568922e-01 0.0000000000000000e+00 1
-1.3858557045726652e-01 1.4418029291014403e-01 0.0000000000000000e+00 1
8.6366858062111890e-02 -4.4855461511152966e-02 0.0000000000000000e+00 1
-2.8873165131654588e-01 -2.2932511036941738e-01 0.0000000000000000e+00 1
-1.9587801259181958e-01 3.1881819238962850e-01 0.0000000000000000e+00 1
-1.0498046655201768e-01 1.4101055617550404e-01 0.0000000000000000e+00 1
2.5078394871441795e-01 1.3433680078868707e-01 0.0000000000000000e+00 1
-9.9954142553096426e-02 2.2464820690434431e-01 0.0000000000000000e+00 1
1.4192244684599992e-01 1.1445091735752318e-01 0.0000000000000000e+00 1
-1.0866820902480800e-01 2.2866549951467385e-01 0.0000000000000000e+00 1
-1.1482390340078888e-01 2.2790080456315753e-01 0.0000000000000000e+00 1
-4.6339984588553582e-02 2.6381956859193995e-01 0.0000000000000000e+00 1
-3.8860282893106626e-02 2.6246832064486092e-01 0.0000000000000000e+00 1
-2.0511407013976227e-01 -9.5458461100739342e-02 0.0000000000000000e+00 1
3.7870105463273226e-02 2.1342392961163226e-01 0.0000000000000000e+00 1
2.7971789289433897e-02 2.1185749681628366e-01 0.0000000000000000e+00 1
2.3703772070148028e-02 2.0164306190669148e-01 0.0000000000000000e+00 1
2.2319577611370774e-02 2.2090503768393449e-01 0.0000000000000000e+00 1
-9.4365021446354974e-02 -3.5282973292814002e-01 0.0000000000000000e+00 1
-7.8127720362735381e-02 -3.4799960934070862e-01 0.0000000000000000e+00 1
-1.1126958727020927e-01 -3.5267544048596838e-01 0.0000000000000000e+00 1
6.3785341764462031e-02 4.1321799731150161e-01 0.0000000000000000e+00 1
2.8776076813895338e-02 2.6910813493461827e-01 0.0000000000000000e+00 1
3.2847189403027033e-01 -4.1821350107472594e-01 0.0000000000000000e+00 1
2.8159647535575514e-02 3.2371546065395318e-01 0.0000000000000000e+00 1
-2.2328108797000715e-01 -7.3730622657460138e-02 0.0000000000000000e+00 1
-3.8425485506000362e-01 5.9162795677554315e-02 0.0000000000000000e+00 1
-3.7219185713523717e-01 6.0096625020009856e-02 0.0000000000000000e+00 1
-3.7888711375310569e-01 6.9231838138784474e-02 0.0000000000000000e+00 1
-3.6753560941593527e-01 7.0715337171508741e-02 0.0000000000000000e+00 1
-3.7542585775700982e-01 7.9479602066213906e-02 0.0000000000000000e+00 1
-3.6406717949803746e-01 8.0620275942050637e-02 0.0000000000000000e+00 1
3.3223442592215373e-02 3.3836369458375043e-01 0.0000000000000000e+00 1
3.1031324933386456e-01 -2.8148041335362683e-01 0.0000000000000000e+00 1
3.4054917914021898e-01 -4.1699765903044517e-01 0.0000000000000000e+00 1
3.4667177604010352e-01 -4.0513367038473430e-01 0.0000000000000000e+00 1
2.8425036586768720e-01 -3.7866754358812332e-01 0.0000000000000000e+00 1
-2.2397761500774483e-02 -1.2172946041491663e-01 0.0000000000000000e+00 1
-1.1599455385972014e-01 2.1223533949223689e-01 0.0000000000000000e+00 1
-2.4056920378707458e-01 6.5746814948316371e-02 0.0000000000000000e+00 1
-1.0924968580465996e-01 1.6320530387720428e-01 0.0000000000000000e+00 1
2.2676464650655140e-01 -3.2793373799968556e-01 0.0000000000000000e+00 1
-2.5020230053947362e-01 -1.4408550084844873e-01 0.0000000000000000e+00 1
1.2936504681292074e-01 -2.2820321373532726e-01 0.0000000000000000e+00 1
1.5068495980655364e-01 9.1117747908571883e-02 0.0000000000000000e+00 1
-1.3504358633164690e-02 3.0594651566046666e-01 0.0000000000000000e+00 1
-3.9400244109946428e-02 1.4885531648289940e-01 0.0000000000000000e+00 1
3.3033960695518938e-01 -2.6665928143848872e-01 0.0000000000000000e+00 1
3.3690287565251564e-01 -2.5442443745523635e-01 0.0000000000000000e+00 1
3.4439056827732040e-01 -2.6560923745216614e-01 0.0000000000000000e+00 1
-1.4863853680429967e-01 7.7985544044479438e-02 0.0000000000000000e+00 1
1.4755244399613027e-01 -2.5212234082331730e-01 0.0000000000000000e+00 1
-4.9747942911899851e-02 1.2325518027279021e-01 0.0000000000000000e+00 1
-5.9251535483415455e-02 1.2237565434257064e-01 0.0000000000000000e+00 1
-3.3013994060926588e-01 -6.3308185702841718e-02 0.0000000000000000e+00 1
-1.7337117971225063e-01 -2.0348971739469179e-01 0.0000000000000000e+00 1
-1.0500797265760492e-01 1.7680585186554465e-01 0.0000000000000000e+00 1
-3.6866285398621759e-02 2.7816541341841605e-01 0.0000000000000000e+00 1
-1.7665292468691995e-01 2.5577848173699169e-01 0.0000000000000000e+00 1
1.3205227599439023e-01 2.9739223900189660e-01 0.0000000000000000e+00 1
1.3399989312340560e-01 3.1114203114080469e-01 0.0000000000000000e+00 1
-2.4729665311796750e-01 7.4484414665129423e-02 0.0000000000000000e+00 1
-2.4544504839533357e-01 5.5610212579556909e-02 0.0000000000000000e+00 1
1.3052413175817978e-01 7.5295162446650341e-02 0.0000000000000000e+00 1
-4.7020411508770482e-02 4.3267755697277366e-02 0.0000000000000000e+00 1
2.8091242936940909e-02 3.9819342171133393e-01 0.0000000000000000e+00 1
-2.8193962590538835e-01 -2.7058092360259970e-02 0.0000000000000000e+00 1
-6.0739641342320162e-02 1.3790245905606779e-01 0.0000000000000000e+00 1
2.7610820168660191e-02 -1.6436373346762106e-01 0.0000000000000000e+00 1
3.2880440972691723e-02 -1.5077942022911472e-01 0.0000000000000000e+00 1
1.2665664754528048e-02 -1.6637868240908749e-01 0.0000000000000000e+00 1
2.2649705754334164e-02 -1.3952645044230993e-01 0.0000000000000000e+00 1
2.6839472439636095e-02 -1.2656886240412901e-01 0.0000000000000000e+00 1
-5.7156186189812150e-02 2.2115470362958295e-01 0.0000000000000000e+00 1
-5.4394365190689437e-02 2.1470684045195249e-01 0.0000000000000000e+00 1
-1.4501220996647232e-01 2.6607654401210018e-01 0.0000000000000000e+00 1
2.5508939719048669e-02 3.7372056067361203e-01 0.0000000000000000e+00 1
-5.6094410838017895e-02 -2.0005695702635629e-01 0.0000000000000000e+00 1
-6.4668028481123407e-02 -1.8855569766694946e-01 0.0000000000000000e+00 1
-2.1560479082308882e-02 2.8708101230570354e-01 0.0000000000000000e+00 1
3.4260894251794474e-02 4.1425646503347124e-01 0.0000000000000000e+00 1
3.6511824023931862e-02 4.2156699220123034e-01 0.0000000000000000e+00 1
-1.4532375842374828e-01 -3.2876362023017169e-01 0.0000000000000000e+00 1
-2.5679337053942042e-01 5.4047175479084206e-02 0.0000000000000000e+00 1
2.0113184604313689e-01 -3.2155837705985035e-01 0.0000000000000000e+00 1
1.9101585355415279e-01 -3.1091728326342671e-01 0.0000000000000000e+00 1
3.4905680740367073e-01 -2.7779322219168490e-01 0.0000000000000000e+00 1
-1.5380720050904143e-01 1.9468531310016693e-01 0.0000000000000000e+00 1
-1.4676912260941327e-01 1.9174496842470001e-01 0.0000000000000000e+00 1
-1.4472480129751297e-01 1.8501379079126251e-01 0.0000000000000000e+00 1
4.3647440935313836e-01 -3.7053373893821984e-01 0.0000000000000000e+00 1
-4.7648673661729181e-02 -2.1182347507977956e-01 0.0000000000000000e+00 1
-4.8312241977003428e-02 1.0607664213131426e-01 0.0000000000000000e+00 1
-5.4636067192740348e-02 1.1329855912005415e-01 0.0000000000000000e+00 1
-6.3880532226865017e-02 1.1356129782242677e-01 0.0000000000000000e+00 1
-6.8432635588774132e-02 1.0627009413066636e-01 0.0000000000000000e+00 1
-7.2487794681403261e-02 1.1387461739445168e-01 0.0000000000000000e+00 1
-1.7458752368674918e-01 1.2552401243673444e-01 0.0000000000000000e+00 1
-1.7978522047520085e-01 1.3307444670215174e-01 0.0000000000000000e+00 1
-2.6320710213367277e-01 -3.3771008690866050e-02 0.0000000000000000e+00 1
-1.6708794434969601e-01 1.0144022335663155e-01 0.0000000000000000e+00 1
-1.6075205997767483e-01 9.3664185885510870e-02 0.0000000000000000e+00 1
2.4309574745543139e-01 1.6578085234382370e-01 0.0000000000000000e+00 1
6.6085449912348132e-02 2.7152672104544695e-02 0.0000000000000000e+00 1
-1.2729370317323058e-01 1.8740351710233666e-01 0.0000000000000000e+00 1
-1.3527827861862213e-01 1.8626015366839271e-01 0.0000000000000000e+00 1
-1.3891814880804929e-01 1.7943027172044185e-01 0.0000000000000000e+00 1
-3.0761339224708223e-01 -6.1677615154860234e-02 0.0000000000000000e+00 1
-2.1386695675105354e-02 2.6228496864018386e-01 0.0000000000000000e+00 1
6.7650000901649701e-02 -2.7553742537440906e-01 0.0000000000000000e+00 1
7.6823100138983025e-02 -2.8748096679451790e-01 0.0000000000000000e+00 1
1.6229782931125933e-01 -2.4997870664735519e-01 0.0000000000000000e+00 1
-2.6760856976051994e-01 -4.5414578546778391e-02 0.0000000000000000e+00 1
-2.0403160258531175e-01 2.6065365748354136e-01 0.0000000000000000e+00 1
-1.9543982240675326e-01 2.6204460848935146e-01 0.0000000000000000e+00 1
-2.1253840242487587e-01 2.5952677810248520e-01 0.0000000000000000e+00 1
1.1250409422187177e-02 2.7582390210221264e-01 0.0000000000000000e+00 1
-3.7770021616261629e-01 -7.7343784314896830e-02 0.0000000000000000e+00 1
-3.8455514687747711e-01 -6.8469396549182007e-02 0.0000000000000000e+00 1
-3.8839346239581141e-01 -7.8557300756783202e-02 0.0000000000000000e+00 1
-3.8028930701860186e-01 -5.8565498251700633e-02 0.0000000000000000e+00 1
-3.9145610538222830e-01 -5.9060866170300153e-02 0.0000000000000000e+00 1
-3.7606751262538463e-01 -4.8383721371184935e-02 0.0000000000000000e+00 1
-1.1655814400741085e-01 1.6191457645527391e-01 0.0000000000000000e+00 1
4.8641098786572634e-02 2.1547473776496512e-01 0.0000000000000000e+00 1
-2.0767443972039693e-01 2.1184214476515251e-01 0.0000000000000000e+00 1
-1.9857533616008488e-01 2.1264754235558550e-01 0.0000000000000000e+00 1
-1.9328654829746611e-01 2.0504886479653381e-01 0.0000000000000000e+00 1
-1.9489733402582854e-01 2.2161410575442830e-01 0.0000000000000000e+00 1
-1.8850028894299425e-01 2.1414214195304188e-01 0.0000000000000000e+00 1
-1.8440125270938948e-01 2.0539709969346345e-01 0.0000000000000000e+00 1
1.6559578201303393e-01 -2.7552638441366095e-01 0.0000000000000000e+00 1
3.2200359087176977e-01 -4.6278690768107378e-01 0.0000000000000000e+00 1
3.2965974716266472e-01 -4.7221814797684752e-01 0.0000000000000000e+00 1
3.4147179723580978e-01 -4.7028587912805070e-01 0.0000000000000000e+00 1
3.2581888988980617e-01 -4.8378711417426495e-01 0.0000000000000000e+00 1
3.3742630180014599e-01 -4.8145049762809911e-01 0.0000000000000000e+00 1
3.4888269641240305e-01 -4.7960669993026905e-01 0.0000000000000000e+00 1
3.5293197787993458e-01 -4.6842682533424829e-01 0.0000000000000000e+00 1
3.5951706964507169e-01 -4.7801224790423824e-01 0.0000000000000000e+00 1
1.3875811701552282e-01 -2.3990511089214900e-01 0.0000000000000000e+00 1
-4.2176768497209355e-01 -6.1096321227142675e-02 0.0000000000000000e+00 1
-4.2730208440963402e-01 -6.9748292112919705e-02 0.0000000000000000e+00 1
-4.2013840178741191e-01 -7.8717447121400205e-02 0.0000000000000000e+00 1
3.1605002862335896e-01 -4.1995972291371797e-01 0.0000000000000000e+00 1
4.5554299146318994e-01 -3.9884103616964567e-01 0.0000000000000000e+00 1
3.1771884647440296e-01 -3.8579455210016678e-01 0.0000000000000000e+00 1
3.2952252090051110e-01 -3.8372608931658053e-01 0.0000000000000000e+00 1
2.9633499701397739e-02 1.9367866055360705e-01 0.0000000000000000e+00 1
3.5930606906453569e-02 1.8556645283964701e-01 0.0000000000000000e+00 1
4.6851704886258824e-02 1.8678156323631628e-01 0.0000000000000000e+00 1
-1.3259830905444103e-01 1.9325459103248138e-01 0.0000000000000000e+00 1
-1.7114298558049401e-01 1.9852456861795181e-01 0.0000000000000000e+00 1
-1.7698711716772419e-01 2.0518677945958141e-01 0.0000000000000000e+00 1
-1.4218654326185892e-01 1.7240447309013221e-01 0.0000000000000000e+00 1
-1.0610526804283588e-01 1.8987543856807632e-01 0.0000000000000000e+00 1
-1.0353747833319091e-01 1.9634492286639027e-01 0.0000000000000000e+00 1
2.8879493575674731e-01 -2.7094044266038664e-01 0.0000000000000000e+00 1
-1.9691396232347869e-01 1.9660998001560373e-01 0.0000000000000000e+00 1
-4.3218539315304318e-02 2.2245234819464391e-01 0.0000000000000000e+00 1
-3.5755626977901717e-02 2.2337358411081809e-01 0.0000000000000000e+00 1
-2.0226120215143673e-01 1.6347947869171062e-01 0.0000000000000000e+00 1
-1.9291880765245489e-01 1.6451126243673567e-01 0.0000000000000000e+00 1
-1.8722242695580310e-01 1.5699202090743331e-01 0.0000000000000000e+00 1
-1.8385970616690644e-01 1.6561142952036051e-01 0.0000000000000000e+00 1
-1.7826881155662605e-01 1.5909702477207457e-01 0.0000000000000000e+00 1
-1.8161008384165167e-01 1.5086047186933246e-01 0.0000000000000000e+00 1
-1.8070270982993078e-01 1.7445282628956033e-01 0.0000000000000000e+00 1
-3.6937747458905412e-01 -5.7271530492670843e-02 0.0000000000000000e+00 1
4.3111587888439307e-01 -3.8172850350547061e-01 0.0000000000000000e+00 1
6.8513020434264136e-03 -1.7964266734818937e-01 0.0000000000000000e+00 1
1.6881771818304858e-01 -3.0115830947079969e-01 0.0000000000000000e+00 1
4.2393423410466846e-01 -4.2176350829080872e-01 0.0000000000000000e+00 1
4.3008943826147539e-01 -4.3050958091169417e-01 0.0000000000000000e+00 1
4.2542821020190802e-01 -4.4066370615140527e-01 0.0000000000000000e+00 1
4.4101856075776819e-01 -4.2921524637211800e-01 0.0000000000000000e+00 1
4.4580639169138531e-01 -4.1935600168520587e-01 0.0000000000000000e+00 1
4.5754766122764207e-01 -4.1779523042363109e-01 0.0000000000000000e+00 1
-1.3010541239220297e-01 1.2194884466577001e-01 0.0000000000000000e+00 1
-4.1256089909209892e-01 -1.0304386326525113e-01 0.0000000000000000e+00 1
-4.1660095236598693e-01 -1.1138469579233562e-01 0.0000000000000000e+00 1
-4.1189653860029973e-01 -1.1925079041060074e-01 0.0000000000000000e+00 1
-4.2195431058297339e-01 -1.2027343570625715e-01 0.0000000000000000e+00 1
-4.0214706879771450e-01 -1.1913107651684815e-01 0.0000000000000000e+00 1
-4.0700461487270856e-01 -1.2718745585813604e-01 0.0000000000000000e+00 1
-4.0401832351373712e-01 -1.3736100259074330e-01 0.0000000000000000e+00 1
-3.9155029531340180e-01 -1.3680203216159045e-01 0.0000000000000000e+00 1
-1.0603467893502552e-01 2.5989956618111605e-02 0.0000000000000000e+00 1
-1.1260245431061869e-01 3.4421738164854158e-02 0.0000000000000000e+00 1
-1.0212275655374271e-01 3.5773269146444721e-02 0.0000000000000000e+00 1
-1.0848033251981910e-01 4.4085350697627000e-02 0.0000000000000000e+00 1
-9.8247462582602946e-02 4.5394470803292362e-02 0.0000000000000000e+00 1
-1.1876574800940382e-01 4.2415849242141729e-02 0.0000000000000000e+00 1
1.8976679048423339e-01 2.4460680241287414e-01 0.0000000000000000e+00 1
-6.4399465634645062e-02 -2.7920249261448093e-01 0.0000000000000000e+00 1
-4.8038001015599852e-02 -2.7746760300861584e-01 0.0000000000000000e+00 1
-2.9036335391221868e-01 2.2227454479211184e-01 0.0000000000000000e+00 1
-2.3685103937454793e-01 3.1478261847679251e-01 0.0000000000000000e+00 1
1.7206201855142017e-01 2.6814022080259248e-01 0.0000000000000000e+00 1
4.7870094657458839e-02 -2.2876966480170780e-02 0.0000000000000000e+00 1
1.3284324694999994e-01 -2.5390485837632626e-01 0.0000000000000000e+00 1
-1.5928777576320080e-02 2.3236424036439532e-01 0.0000000000000000e+00 1
-1.9110995580921275e-02 2.2459868867949845e-01 0.0000000000000000e+00 1
-1.0423737732896961e-02 2.2563152677388598e-01 0.0000000000000000e+00 1
-2.7732171225677942e-02 2.2268895727040017e-01 0.0000000000000000e+00 1
-1.3526560335238851e-02 2.1774115539200867e-01 0.0000000000000000e+00 1
-5.8936851158758997e-02 -1.7540662100344312e-01 0.0000000000000000e+00 1
-7.3328016246183042e-02 -1.7727804537012093e-01 0.0000000000000000e+00 1
-6.7370073114001339e-02 -1.6411782831330973e-01 0.0000000000000000e+00 1
-8.1760033891886574e-02 -1.6600457977712665e-01 0.0000000000000000e+00 1
-7.5833814912185535e-02 -1.5299265999282816e-01 0.0000000000000000e+00 1
-9.0121239202117800e-02 -1.5491540764622189e-01 0.0000000000000000e+00 1
-8.4243827415910119e-02 -1.4212854383518667e-01 0.0000000000000000e+00 1
-9.8348665282098763e-02 -1.4397052144995054e-01 0.0000000000000000e+00 1
-9.2391961437026354e-02 -1.3138871100940136e-01 0.0000000000000000e+00 1
-1.0648290182026511e-01 -1.3319534332942556e-01 0.0000000000000000e+00 1
-1.0051721275286923e-01 -1.2052950814802255e-01 0.0000000000000000e+00 1
-1.1403821062796586e-01 -1.2224153417524625e-01 0.0000000000000000e+00 1
-1.3069650669420327e-01 -1.2374544135184135e-01 0.0000000000000000e+00 1
-1.2211098570727169e-01 -1.1131053017165728e-01 0.0000000000000000e+00 1
-1.1292864820822493e-01 -1.4631248636676056e-01 0.0000000000000000e+00 1
-1.3517351633394231e-01 -1.1000218832551641e-01 0.0000000000000000e+00 1
-1.2886065506601313e-01 -1.0006568562708448e-01 0.0000000000000000e+00 1
-1.1631214489652046e-01 -9.9744138138120719e-02 0.0000000000000000e+00 1
-1.2312754102390747e-01 -8.8997517533525416e-02 0.0000000000000000e+00 1
-1.3568256956462746e-01 -8.9708002767973818e-02 0.0000000000000000e+00 1
-1.2987241357984236e-01 -7.8494525250440386e-02 0.0000000000000000e+00 1
-1.4269281978494741e-01 -7.9439878061117394e-02 0.0000000000000000e+00 1
-1.3729550800249796e-01 -6.8588730229090913e-02 0.0000000000000000e+00 1
-1.4956033280462416e-01 -6.9252908672180813e-02 0.0000000000000000e+00 1
-1.4829026119171618e-01 -9.1095161104498640e-02 0.0000000000000000e+00 1
-1.4411866846540361e-01 -5.8603792964506615e-02 0.0000000000000000e+00 1
-1.5662947616858675e-01 -5.9344910173406082e-02 0.0000000000000000e+00 1
-1.5093541630900703e-01 -4.8571389532933079e-02 0.0000000000000000e+00 1
-1.6325746868198326e-01 -4.9400344595721152e-02 0.0000000000000000e+00 1
-1.5777844087057674e-01 -3.8790575686563959e-02 0.0000000000000000e+00 1
-1.6936568059816451e-01 -3.9758880989794493e-02 0.0000000000000000e+00 1
-1.6411902341476964e-01 -2.9361721113528489e-02 0.0000000000000000e+00 1
-1.7554261624472814e-01 -5.0034424115370492e-02 0.0000000000000000e+00 1
-1.6236031175769511e-01 -7.0754999289125931e-02 0.0000000000000000e+00 1
-1.5298768723027198e-01 -2.8354756174122787e-02 0.0000000000000000e+00 1
-1.5922359778016515e-01 -1.8962059427260768e-02 0.0000000000000000e+00 1
-1.7177889040394903e-01 -2.0196293461877877e-02 0.0000000000000000e+00 1
-1.4803110060203609e-01 -1.8040481677400841e-02 0.0000000000000000e+00 1
-1.5422172204544987e-01 -8.7553660712465942e-03 0.0000000000000000e+00 1
-1.4287966840911143e-01 -7.7778634154852602e-03 0.0000000000000000e+00 1
-1.4918205451066541e-01 1.3739813576556334e-03 0.0000000000000000e+00 1
-1.6055267306320667e-01 6.6495727930420637e-04 0.0000000000000000e+00 1
-1.5559027634349240e-01 1.0823802957678222e-02 0.0000000000000000e+00 1
-1.7991696058701268e-01 -3.9317215378215975e-02 0.0000000000000000e+00 1
-1.4989791237622596e-01 2.1305357540104951e-02 0.0000000000000000e+00 1
-1.4532230921128192e-01 -3.7744441566547229e-02 0.0000000000000000e+00 1
-1.1014868894880889e-01 -8.7888114329705780e-02 0.0000000000000000e+00 1
-1.8669338347301678e-01 -4.9232420936071088e-02 0.0000000000000000e+00 1
-7.9323182965930883e-02 -1.9060140119550339e-01 0.0000000000000000e+00 1
-1.6660338259452570e-01 1.2149418670848559e-02 0.0000000000000000e+00 1
-1.5401314782207165e-01 3.0915774153905645e-02 0.0000000000000000e+00 1
-1.0738878240197275e-01 -1.0934945632898577e-01 0.0000000000000000e+00 1
-9.6414054256508369e-02 -1.6821277956910127e-01 0.0000000000000000e+00 1
-3.1750696397542855e-01 2.0090034027951337e-01 0.0000000000000000e+00 1
-1.8800232121212934e-01 1.9742459832646145e-01 0.0000000000000000e+00 1
-2.6141300956995228e-01 4.3666065784188815e-02 0.0000000000000000e+00 1
-2.5458509378928995e-01 3.5044617974936493e-02 0.0000000000000000e+00 1
-2.5898083239692987e-01 2.4922868127820495e-02 0.0000000000000000e+00 1
2.3543449988146725e-01 -3.0249312766478748e-01 0.0000000000000000e+00 1
-1.2317865208265036e-01 3.2889677969979964e-02 0.0000000000000000e+00 1
3.3366335099080097e-01 -3.7121038447783589e-01 0.0000000000000000e+00 1
-2.0290191010358366e-01 -1.1595407528612385e-01 0.0000000000000000e+00 1
-1.8996548320937795e-01 -1.1405468497220046e-01 0.0000000000000000e+00 1
-3.0291167086106552e-01 2.2016985803496880e-01 0.0000000000000000e+00 1
-2.8573965514631772e-01 2.3206933578523317e-01 0.0000000000000000e+00 1
-3.0348070796966464e-01 -1.2902157812227671e-01 0.0000000000000000e+00 1
2.0399808756137245e-02 -3.9394605534178267e-01 0.0000000000000000e+00 1
3.4354793139269105e-02 -4.0321673293933724e-01 0.0000000000000000e+00 1
4.3059697177022384e-02 3.0914115760455135e-01 0.0000000000000000e+00 1
8.2322506329011877e-02 6.2978225446280955e-02 0.0000000000000000e+00 1
1.2023790630973932e-01 3.3602328432487716e-01 0.0000000000000000e+00 1
1.1435876835732839e-01 3.2387619402231060e-01 0.0000000000000000e+00 1
1.0788703809312745e-01 3.3325635718462115e-01 0.0000000000000000e+00 1
-2.7841919791137493e-01 1.8036162669087275e-01 0.0000000000000000e+00 1
4.2969411866494772e-01 -3.6086227030503992e-01 0.0000000000000000e+00 1
-2.5465510801153124e-01 2.9261109856190748e-01 0.0000000000000000e+00 1
-2.3312026271941957e-01 1.7753626427416919e-01 0.0000000000000000e+00 1
-9.0013774352347115e-02 2.1132066154699028e-01 0.0000000000000000e+00 1
-8.4004676362583727e-02 2.1196122534063280e-01 0.0000000000000000e+00 1
1.2731171340169434e-01 1.3381845605425682e-01 0.0000000000000000e+00 1
-1.3050228302483977e-01 2.3279514308195617e-01 0.0000000000000000e+00 1
-1.2650708650794487e-01 2.3855707441214510e-01 0.0000000000000000e+00 1
-2.3492273682086828e-01 3.0120741359431868e-01 0.0000000000000000e+00 1
-2.4185938087694595e-01 2.9907053103584930e-01 0.0000000000000000e+00 1
8.5579315355727617e-02 2.3229060318326028e-01 0.0000000000000000e+00 1
-6.2094845561190548e-02 -1.4849643220322860e-02 0.0000000000000000e+00 1
-2.3539344823693525e-01 1.0484083365066504e-01 0.0000000000000000e+00 1
-2.3117214857066165e-01 1.1462773188917076e-01 0.0000000000000000e+00 1
-2.1888602473149993e-01 1.1595438879905130e-01 0.0000000000000000e+00 1
3.9399712873004124e-02 2.7067265056903445e-01 0.0000000000000000e+00 1
2.3369945894651894e-02 2.5887111758259840e-01 0.0000000000000000e+00 1
3.1584570870968262e-02 2.5064323290149132e-01 0.0000000000000000e+00 1
-4.9180738206207691e-02 6.0426221805290573e-02 0.0000000000000000e+00 1
-8.5347066779870764e-02 3.0001330027752543e-02 0.0000000000000000e+00 1
-2.8399313150604788e-01 1.4121508382183298e-01 0.0000000000000000e+00 1
-2.7722271308539315e-01 1.3226676397015946e-01 0.0000000000000000e+00 1
-2.8154400871439433e-01 1.2183990876085989e-01 0.0000000000000000e+00 1
-2.7018461682939177e-01 1.2282578944903152e-01 0.0000000000000000e+00 1
-2.7473020219736249e-01 1.1257454607698403e-01 0.0000000000000000e+00 1
-2.8599831893336752e-01 1.1110116796663536e-01 0.0000000000000000e+00 1
-2.6612437687158785e-01 1.3329672508177837e-01 0.0000000000000000e+00 1
-2.6331186814443108e-01 1.1262678843768549e-01 0.0000000000000000e+00 1
-8.0261097394422221e-02 -2.8107145034961012e-01 0.0000000000000000e+00 1
4.1482443156875820e-01 -4.4214888230081029e-01 0.0000000000000000e+00 1
4.2070781902063387e-01 -4.5238832995445344e-01 0.0000000000000000e+00 1
9.4443143129559370e-02 2.5676047648798433e-01 0.0000000000000000e+00 1
-4.1468195314617190e-01 -4.2689977893961534e-02 0.0000000000000000e+00 1
-4.2153840127922698e-01 -3.5013807612368199e-02 0.0000000000000000e+00 1
-4.1745379329983495e-01 -2.4914908465271213e-02 0.0000000000000000e+00 1
-1.0167131024083770e-01 -4.3158956365510259e-02 0.0000000000000000e+00 1
-2.3165027109818873e-01 3.2117914940880715e-01 0.0000000000000000e+00 1
-2.2773523946694024e-01 3.1360423871403731e-01 0.0000000000000000e+00 1
2.0130340558631646e-01 -4.2574859908293061e-01 0.0000000000000000e+00 1
2.1544229281312408e-01 -4.2370593932660050e-01 0.0000000000000000e+00 1
2.2406159101248380e-01 -4.3477424406782988e-01 0.0000000000000000e+00 1
2.4622061228398756e-01 -4.4270155221431529e-01 0.0000000000000000e+00 1
-2.3066645527449436e-01 -2.8737239101901302e-01 0.0000000000000000e+00 1
4.2710380451688273e-01 -2.5445626879491307e-01 0.0000000000000000e+00 1
4.1332505531299368e-01 -2.5704106806532279e-01 0.0000000000000000e+00 1
4.0485324142913676e-01 -2.4684701015469121e-01 0.0000000000000000e+00 1
2.1462435323407164e-01 2.0504012826766399e-01 0.0000000000000000e+00 1
2.0729657486329123e-01 2.2004722080936018e-01 0.0000000000000000e+00 1
3.7999789544173745e-01 -3.9657843881720450e-01 0.0000000000000000e+00 1
3.9189608917437968e-01 -3.9567741180042981e-01 0.0000000000000000e+00 1
-1.3535110102589212e-01 -1.6582811567462663e-02 0.0000000000000000e+00 1
-1.8467485193893483e-02 1.6059444321718724e-01 0.0000000000000000e+00 1
-9.4784564130518337e-03 1.6258134191914148e-01 0.0000000000000000e+00 1
-3.0073712421107707e-03 1.5593425412491677e-01 0.0000000000000000e+00 1
-3.0622588053438003e-04 1.6469477241297739e-01 0.0000000000000000e+00 1
-6.6056610484194669e-03 1.7130336081103592e-01 0.0000000000000000e+00 1
1.4497194066214448e-03 -9.4520307000738615e-02 0.0000000000000000e+00 1
-1.2734927257310519e-01 1.3056391384717381e-01 0.0000000000000000e+00 1
-1.1703765744547281e-01 1.4008235121681065e-01 0.0000000000000000e+00 1
3.6325575946633371e-01 -3.5657513919760447e-01 0.0000000000000000e+00 1
-2.4294355919321980e-01 -2.7571087762611673e-01 0.0000000000000000e+00 1
-6.1548235030074963e-02 -9.1879166537077978e-02 0.0000000000000000e+00 1
1.6573810231287825e-01 9.3291594253316901e-02 0.0000000000000000e+00 1
8.3335610476326816e-02 -8.2737641864879183e-02 0.0000000000000000e+00 1
2.6156965047923686e-01 -4.0408326202908340e-01 0.0000000000000000e+00 1
4.0035470253885808e-01 -2.2254313244493956e-01 0.0000000000000000e+00 1
6.9165218928636127e-02 -8.3263781101786949e-02 0.0000000000000000e+00 1
-2.7725090038451555e-01 2.5762087898745262e-01 0.0000000000000000e+00 1
3.4579474448493430e-01 -4.5892971868232080e-01 0.0000000000000000e+00 1
-1.1028393175840306e-01 1.0900336449352833e-01 0.0000000000000000e+00 1
-7.6825825211542118e-02 1.8720008264681134e-01 0.0000000000000000e+00 1
9.6449306136571177e-03 3.5139980642498247e-01 0.0000000000000000e+00 1
-2.3023362176469820e-02 -6.3601645493628414e-02 0.0000000000000000e+00 1
-1.5629605449276074e-01 2.7811421434892419e-01 0.0000000000000000e+00 1
2.7322828141369321e-01 -4.3742649701665670e-01 0.0000000000000000e+00 1
4.6591389377859765e-01 -3.5781275989921785e-01 0.0000000000000000e+00 1
-1.9583219183823837e-02 -1.4571253972700221e-01 0.0000000000000000e+00 1
-4.0006708966874707e-02 1.8524813815640023e-01 0.0000000000000000e+00 1
-3.1420610815196637e-01 -5.2147628591715622e-02 0.0000000000000000e+00 1
-3.0276564156062458e-01 -5.1028695313359462e-02 0.0000000000000000e+00 1
3.7536109134182849e-01 -3.5573673168891690e-01 0.0000000000000000e+00 1
-1.2336534375306241e-01 -2.4742114387981118e-01 0.0000000000000000e+00 1
-1.1647827873583097e-01 -2.3186709009942266e-01 0.0000000000000000e+00 1
-1.2725939200075090e-01 -2.2265354812821550e-01 0.0000000000000000e+00 1
-1.2286346906163800e-01 -2.0890490882528245e-01 0.0000000000000000e+00 1
-2.0027057201439463e-01 2.2896099907445269e-01 0.0000000000000000e+00 1
-8.6512240756453265e-02 -6.2577872669497173e-02 0.0000000000000000e+00 1
4.0946711380807521e-01 -2.3359810244773074e-01 0.0000000000000000e+00 1
-2.1624808469503978e-01 2.5136192048615241e-01 0.0000000000000000e+00 1
3.7750237947077864e-01 -1.7486508028306752e-01 0.0000000000000000e+00 1
3.6328132554416614e-01 -1.7672641013358104e-01 0.0000000000000000e+00 1
3.5379958998516897e-01 -1.6484625590032867e-01 0.0000000000000000e+00 1
3.4844274497394867e-01 -1.7762121824323293e-01 0.0000000000000000e+00 1
3.7270138259920743e-01 -1.8849019372572329e-01 0.0000000000000000e+00 1
1.9962844184626408e-01 -3.6275998288356215e-01 0.0000000000000000e+00 1
2.0838881628070094e-01 -3.7433876035932345e-01 0.0000000000000000e+00 1
-2.2962455451627301e-01 2.5607334057241821e-01 0.0000000000000000e+00 1
-1.0918814494166512e-01 -3.3721713546133715e-02 0.0000000000000000e+00 1
-4.6377098480114065e-02 -3.3763595428287718e-02 0.0000000000000000e+00 1
-4.0754232010427729e-02 -2.0280771531319106e-02 0.0000000000000000e+00 1
-2.5345502557995225e-02 -4.1590412817709491e-02 0.0000000000000000e+00 1
-4.9597964466484519e-02 -1.3592179821449125e-02 0.0000000000000000e+00 1
-8.9020552874511411e-02 -4.2312666139458562e-02 0.0000000000000000e+00 1
1.6475628319739224e-01 5.4676128231047311e-02 0.0000000000000000e+00 1
1.5182614568561417e-01 5.1744981053388428e-02 0.0000000000000000e+00 1
3.8623162241110753e-01 -4.0670726206832031e-01 0.0000000000000000e+00 1
-2.6589910582090015e-01 2.7569018561797171e-01 0.0000000000000000e+00 1
-2.6100611653999423e-01 2.6788264946392093e-01 0.0000000000000000e+00 1
3.4891842896404995e-01 -1.3930417070615034e-01 0.0000000000000000e+00 1
3.4440207827634955e-01 -1.5270900004695251e-01 0.0000000000000000e+00 1
-6.9812158034941271e-02 -8.1552816310973844e-02 0.0000000000000000e+00 1
-6.6751302346297781e-02 -6.8927463908545164e-02 0.0000000000000000e+00 1
-1.8645683037306698e-01 2.8567169407454579e-01 0.0000000000000000e+00 1
-1.8315921314956995e-01 2.9318711845218598e-01 0.0000000000000000e+00 1
-1.7739377437426926e-01 2.8645118970659866e-01 0.0000000000000000e+00 1
-2.9726857141543339e-01 1.0949626430708352e-01 0.0000000000000000e+00 1
-2.9046061152834879e-01 1.0046987431455970e-01 0.0000000000000000e+00 1
-2.9490103566593440e-01 8.9886791319688991e-02 0.0000000000000000e+00 1
-2.8364227483305726e-01 9.1285899997730013e-02 0.0000000000000000e+00 1
-2.8803001401512374e-01 8.0867554294052152e-02 0.0000000000000000e+00 1
-2.9936744010428995e-01 7.9317489443320024e-02 0.0000000000000000e+00 1
-2.7918685555577377e-01 1.0152130044991967e-01 0.0000000000000000e+00 1
-4.5003268501722073e-02 1.5558322584943959e-01 0.0000000000000000e+00 1
-2.6895275338884250e-01 -2.6133671772307054e-01 0.0000000000000000e+00 1
-4.0709874023194581e-01 -1.4811696827355603e-01 0.0000000000000000e+00 1
3.0743082737377542e-02 -1.8897157180024507e-01 0.0000000000000000e+00 1
1.7246902787523086e-01 1.6921177841804824e-01 0.0000000000000000e+00 1
1.6694413571272132e-01 1.5584768054498949e-01 0.0000000000000000e+00 1
1.6271338510533886e-01 1.8047755904420545e-01 0.0000000000000000e+00 1
1.4756083129398076e-01 1.8073166118748207e-01 0.0000000000000000e+00 1
-1.9869408024427065e-01 2.5303952463310875e-01 0.0000000000000000e+00 1
1.9985371588504849e-01 -4.6366072903171635e-01 0.0000000000000000e+00 1
1.9360981935703317e-01 -4.7757367939712642e-01 0.0000000000000000e+00 1
1.1921008932761748e-01 -4.4245092000793698e-03 0.0000000000000000e+00 1
1.1053263586415196e-01 6.5507902941208413e-03 0.0000000000000000e+00 1
9.6880240519706284e-02 5.2908314410241766e-03 0.0000000000000000e+00 1
1.0287863993931366e-01 1.7753981002963486e-02 0.0000000000000000e+00 1
1.7225106133805745e-01 -3.2761024744891643e-01 0.0000000000000000e+00 1
1.4695041716783783e-01 2.0370771669713883e-01 0.0000000000000000e+00 1
4.5139339960016484e-01 -3.3789933594175053e-01 0.0000000000000000e+00 1
-3.5621489775739729e-01 -2.7280460762739815e-02 0.0000000000000000e+00 1
-3.6713944287335964e-01 -2.8439325632031266e-02 0.0000000000000000e+00 1
-3.7155999504497395e-01 -3.8336156465023155e-02 0.0000000000000000e+00 1
-3.7388497494780054e-01 -1.9459573390317883e-02 0.0000000000000000e+00 1
-1.2929988760570260e-01 -2.6132287805701759e-01 0.0000000000000000e+00 1
-3.9853034569265311e-01 -2.9368522178120022e-03 0.0000000000000000e+00 1
3.0510223229310351e-01 -6.3776271487203801e-02 0.0000000000000000e+00 1
2.8951722685623488e-01 -6.6055237597597224e-02 0.0000000000000000e+00 1
2.7970005276867294e-01 -5.3768219337082035e-02 0.0000000000000000e+00 1
2.9933081985813670e-01 -7.8362788727125793e-02 0.0000000000000000e+00 1
2.7406006553897394e-01 -6.8666312327309714e-02 0.0000000000000000e+00 1
2.6440423194055424e-01 -5.6838914199574327e-02 0.0000000000000000e+00 1
2.6936783585114754e-01 -4.1457367818046792e-02 0.0000000000000000e+00 1
2.5346826127688982e-01 -4.5215929606129135e-02 0.0000000000000000e+00 1
2.3837915013358063e-01 -4.9588877585793646e-02 0.0000000000000000e+00 1
2.4209970176188825e-01 -3.3455510889231849e-02 0.0000000000000000e+00 1
2.5780302626528079e-01 -2.9644514076255422e-02 0.0000000000000000e+00 1
2.4646816313701736e-01 -1.7919244065123373e-02 0.0000000000000000e+00 1
2.5331216766679199e-01 -2.5787094586482112e-03 0.0000000000000000e+00 1
2.3654009766657697e-01 -5.2791338246213609e-03 0.0000000000000000e+00 1
2.4305567802028127e-01 9.5335999591813752e-03 0.0000000000000000e+00 1
2.2862479250651857e-01 7.4617783691657081e-03 0.0000000000000000e+00 1
2.2009736302316515e-01 -8.9490543776288602e-03 0.0000000000000000e+00 1
2.1940321417589093e-01 2.0172372169852348e-02 0.0000000000000000e+00 1
3.1494968764790049e-01 -7.6138537582871493e-02 0.0000000000000000e+00 1
3.0930864104919564e-01 -9.0747947562710068e-02 0.0000000000000000e+00 1
2.9354797530884819e-01 -9.2864979386495627e-02 0.0000000000000000e+00 1
3.0379932897652778e-01 -1.0584364949626759e-01 0.0000000000000000e+00 1
2.2680916576916357e-01 3.5480308511569726e-02 0.0000000000000000e+00 1
2.8355616660157401e-01 -8.1314823226584260e-02 0.0000000000000000e+00 1
2.6795605920890109e-01 -8.4839242674799503e-02 0.0000000000000000e+00 1
-4.1088598398924647e-01 -4.1974589299885352e-03 0.0000000000000000e+00 1
-4.1431709476130690e-01 -1.5398472705619920e-02 0.0000000000000000e+00 1
3.8221272995860561e-01 -1.9968778250822816e-01 0.0000000000000000e+00 1
3.7817186172980044e-01 -2.1373915659802348e-01 0.0000000000000000e+00 1
-1.3123007895608407e-01 -5.7332167896656523e-02 0.0000000000000000e+00 1
2.0657076515848044e-01 -4.1224334899870130e-01 0.0000000000000000e+00 1
-4.5000838389202248e-02 -1.1313561582500899e-01 0.0000000000000000e+00 1
-4.7445600911281999e-02 -8.9662588232150134e-02 0.0000000000000000e+00 1
2.8025785602376291e-01 -2.5969092796075977e-01 0.0000000000000000e+00 1
-2.7162056692949722e-02 2.9491422190235422e-01 0.0000000000000000e+00 1
-2.8103214378687916e-02 -1.3467091436720802e-01 0.0000000000000000e+00 1
3.8724494182807789e-01 -2.9809796269123745e-01 0.0000000000000000e+00 1
-1.0142230957904835e-01 8.1354874221404430e-02 0.0000000000000000e+00 1
9.9384061403778437e-02 1.8159661127650983e-01 0.0000000000000000e+00 1
4.6272544182263098e-01 -3.3685234984497447e-01 0.0000000000000000e+00 1
2.9707145980808092e-01 -1.8825007955956052e-01 0.0000000000000000e+00 1
2.8305045715423205e-01 -1.8999864247584647e-01 0.0000000000000000e+00 1
2.7382822569339171e-01 -1.7826594555729841e-01 0.0000000000000000e+00 1
2.9343573371292608e-01 -2.0052106225742677e-01 0.0000000000000000e+00 1
2.6795210900142757e-01 -1.9187336945929367e-01 0.0000000000000000e+00 1
3.0689132871127400e-01 -1.9930065404120828e-01 0.0000000000000000e+00 1
2.7503062506080478e-01 -2.6521769749824675e-02 0.0000000000000000e+00 1
3.7033279367023042e-01 -2.7722669969515590e-01 0.0000000000000000e+00 1
-1.2053337184531167e-01 8.0087348909005596e-02 0.0000000000000000e+00 1
-3.3028237716861208e-01 1.8048067728371919e-01 0.0000000000000000e+00 1
-3.3623963851226757e-01 1.6997024482008607e-01 0.0000000000000000e+00 1
-3.3059766097543003e-01 1.5928817231892312e-01 0.0000000000000000e+00 1
-3.3674105779221619e-01 1.4906619448173877e-01 0.0000000000000000e+00 1
-3.2486673282397160e-01 1.4877168088726811e-01 0.0000000000000000e+00 1
-3.3073527965895344e-01 1.3882072748072360e-01 0.0000000000000000e+00 1
-3.4263907133155191e-01 1.3874442432939577e-01 0.0000000000000000e+00 1
-3.3650511905244801e-01 1.2806641109714423e-01 0.0000000000000000e+00 1
-3.3218635213727377e-01 1.1654581005072442e-01 0.0000000000000000e+00 1
-3.4290663119808623e-01 1.1832578538622318e-01 0.0000000000000000e+00 1
-3.3917581747964093e-01 1.0709398247666314e-01 0.0000000000000000e+00 1
-3.4938736101015044e-01 1.0876465116679472e-01 0.0000000000000000e+00 1
-3.1829830771855838e-01 1.3794334425711791e-01 0.0000000000000000e+00 1
-3.2508656355488891e-01 1.6968913014173476e-01 0.0000000000000000e+00 1
-6.7770194123864813e-03 -8.4091796495227605e-02 0.0000000000000000e+00 1
-3.0342292628587786e-01 -2.3632226229900261e-01 0.0000000000000000e+00 1
-2.8101729095279349e-01 -2.5373729657084376e-01 0.0000000000000000e+00 1
3.2528631897238974e-01 -2.2198898779117907e-01 0.0000000000000000e+00 1
3.1975866843501338e-01 -2.3342583058844518e-01 0.0000000000000000e+00 1
2.6895963017135488e-01 -1.5321181995750022e-01 0.0000000000000000e+00 1
2.5418310802330918e-01 -1.5584462711224223e-01 0.0000000000000000e+00 1
2.4470925640005858e-01 -1.4420973454412106e-01 0.0000000000000000e+00 1
2.6374964206425339e-01 -1.6720456098911357e-01 0.0000000000000000e+00 1
3.1960236125218411e-01 -1.0310109186202576e-01 0.0000000000000000e+00 1
2.9903285807770352e-01 -1.2220893070963956e-01 0.0000000000000000e+00 1
2.8714959911648247e-01 -1.0977544749785870e-01 0.0000000000000000e+00 1
-7.5803069156283209e-02 -2.4150360336018870e-01 0.0000000000000000e+00 1
-9.1211020356877101e-02 -2.4140552877388943e-01 0.0000000000000000e+00 1
-1.3556250189943680e-01 2.5446366097868112e-01 0.0000000000000000e+00 1
2.7855949012172476e-01 -1.6484806536774993e-01 0.0000000000000000e+00 1
2.9274559188565169e-01 -4.7801138317011921e-01 0.0000000000000000e+00 1
2.9992823396039209e-01 -4.8846404240989250e-01 0.0000000000000000e+00 1
2.2669019602815169e-01 -2.9126795138355666e-01 0.0000000000000000e+00 1
2.1801672253137552e-01 -2.7983545473218874e-01 0.0000000000000000e+00 1
-2.7504097803803373e-01 1.2490339384840510e-02 0.0000000000000000e+00 1
-2.6803325951864354e-01 3.9348698764038563e-03 0.0000000000000000e+00 1
6.1008365958352524e-02 1.6834281006309765e-01 0.0000000000000000e+00 1
4.9711260113121054e-02 1.6652500683478547e-01 0.0000000000000000e+00 1
-3.4883947506631252e-01 1.4900264413421666e-01 0.0000000000000000e+00 1
-3.5500358419616329e-01 1.3849639617830611e-01 0.0000000000000000e+00 1
-3.0053078407377531e-01 -7.0862437595817937e-02 0.0000000000000000e+00 1
2.4997200704048536e-01 -1.2976748958826856e-01 0.0000000000000000e+00 1
2.3517354240714866e-01 -1.3255844073806358e-01 0.0000000000000000e+00 1
2.1823667217284221e-01 4.8392548702906303e-02 0.0000000000000000e+00 1
-3.0936279082977036e-01 -4.1591810010226139e-02 0.0000000000000000e+00 1
1.2848332256859452e-01 -3.3332712648492097e-01 0.0000000000000000e+00 1
1.5249087791307261e-01 -3.4322974246575599e-01 0.0000000000000000e+00 1
-3.3653417742235003e-01 -2.1131498296728851e-01 0.0000000000000000e+00 1
1.5431470189285873e-02 3.8971803746771128e-01 0.0000000000000000e+00 1
-2.4125078402732918e-02 2.5348533895177938e-01 0.0000000000000000e+00 1
-1.9145007703862352e-01 -3.1238072280484952e-01 0.0000000000000000e+00 1
-2.0475424445816440e-01 -3.0404573149059100e-01 0.0000000000000000e+00 1
-1.9104575566698717e-01 -2.9674721462492981e-01 0.0000000000000000e+00 1
-2.0457050537717439e-01 -2.8971852100674489e-01 0.0000000000000000e+00 1
-1.9223371450859122e-01 -2.8103220408593904e-01 0.0000000000000000e+00 1
-1.7889846109180779e-01 -2.8904383838908831e-01 0.0000000000000000e+00 1
-1.9777696730084651e-01 -1.7130423009521817e-01 0.0000000000000000e+00 1
-2.1151943285729380e-01 -1.7390048155660359e-01 0.0000000000000000e+00 1
1.1490466874941130e-01 1.6132617706215607e-01 0.0000000000000000e+00 1
1.8890296047694510e-01 1.4618928035468010e-01 0.0000000000000000e+00 1
3.2021592325068760e-01 -3.1604237641924465e-01 0.0000000000000000e+00 1
1.5432833830453146e-01 2.9065115906813888e-01 0.0000000000000000e+00 1
1.6009574218742689e-01 -2.8901007728386185e-01 0.0000000000000000e+00 1
3.7537973508048039e-01 -1.0862372078381285e-01 0.0000000000000000e+00 1
3.9102448034966741e-01 -1.0641314339788205e-01 0.0000000000000000e+00 1
-2.3346292267901236e-01 -4.3047085576022992e-02 0.0000000000000000e+00 1
-2.4040403765430779e-01 -3.2615737806888354e-02 0.0000000000000000e+00 1
-2.2885487195519008e-01 -3.2056448734572814e-02 0.0000000000000000e+00 1
-2.2454720937045344e-01 -2.1368715953191581e-02 0.0000000000000000e+00 1
-2.2942344699193271e-01 -1.0983871918372228e-02 0.0000000000000000e+00 1
-2.1901054989390947e-01 -6.5312576294604746e-03 0.0000000000000000e+00 1
-2.1726428719016422e-01 4.5066733849870753e-03 0.0000000000000000e+00 1
-2.2206767628761981e-01 -4.1770273502944016e-02 0.0000000000000000e+00 1
-1.6241546522710845e-01 -3.2941060409401418e-01 0.0000000000000000e+00 1
-3.1079631329920275e-02 -1.1128867463510786e-01 0.0000000000000000e+00 1
1.6539602295533162e-01 -3.8033932963866285e-01 0.0000000000000000e+00 1
-3.1085130475698536e-01 7.7736138289076301e-02 0.0000000000000000e+00 1
-3.0400295503841790e-01 6.8490039043995435e-02 0.0000000000000000e+00 1
-3.0851794416024275e-01 5.7927428923612752e-02 0.0000000000000000e+00 1
-2.9720612050755152e-01 5.9369904089590961e-02 0.0000000000000000e+00 1
-9.3943275295958167e-02 -1.0799320677958599e-01 0.0000000000000000e+00 1
1.1793226544840414e-01 -2.5583091168950489e-01 0.0000000000000000e+00 1
-2.7968738956153683e-01 1.5154942986959263e-01 0.0000000000000000e+00 1
-2.7295465615815528e-01 1.4242279389132720e-01 0.0000000000000000e+00 1
-2.6086210528333975e-01 1.4331010451378523e-01 0.0000000000000000e+00 1
-2.5076356721798299e-01 1.4123885726767263e-01 0.0000000000000000e+00 1
6.0452388882233733e-02 3.6160653752870475e-01 0.0000000000000000e+00 1
2.1015014679847377e-01 1.8966850914514122e-01 0.0000000000000000e+00 1
1.3359723867241630e-01 -2.1072281524015372e-03 0.0000000000000000e+00 1
-3.6725917270057540e-01 1.1717561921442760e-01 0.0000000000000000e+00 1
-3.7331855382404805e-01 1.0626369145395376e-01 0.0000000000000000e+00 1
-3.6700640040095089e-01 9.5968373151554709e-02 0.0000000000000000e+00 1
-3.6102297163577934e-01 1.0725346675564820e-01 0.0000000000000000e+00 1
-3.5512812300719176e-01 9.7979585061117355e-02 0.0000000000000000e+00 1
6.3323632060949958e-02 -1.7128058600596507e-01 0.0000000000000000e+00 1
2.0257730125406084e-01 -6.9921159541606298e-02 0.0000000000000000e+00 1
1.8785250075291493e-01 -7.2041646861370268e-02 0.0000000000000000e+00 1
1.7854833156057562e-01 -6.0134677859596287e-02 0.0000000000000000e+00 1
1.7296361110622777e-01 -7.4148076481483194e-02 0.0000000000000000e+00 1
1.9554659020878076e-01 -8.3560678171549801e-02 0.0000000000000000e+00 1
1.8408372128836373e-01 -4.6216296738962867e-02 0.0000000000000000e+00 1
1.6947444757587765e-01 -4.7979104919536872e-02 0.0000000000000000e+00 1
5.7587867631190170e-02 -2.6343700827598882e-01 0.0000000000000000e+00 1
7.4143036529095999e-02 1.4877974115548520e-01 0.0000000000000000e+00 1
4.6128147225464794e-01 -3.1583294924528016e-01 0.0000000000000000e+00 1
2.2816070980971695e-01 -1.0608033936763234e-01 0.0000000000000000e+00 1
2.7460348796570394e-01 -2.7265522704580425e-01 0.0000000000000000e+00 1
-3.0063110147715448e-02 1.7355293116096074e-01 0.0000000000000000e+00 1
-2.1770761416721095e-02 1.7556785675640274e-01 0.0000000000000000e+00 1
-1.5656968639315545e-02 1.6919674128219020e-01 0.0000000000000000e+00 1
-1.2852330126781390e-02 1.7779094150058122e-01 0.0000000000000000e+00 1
-1.0008155961042663e-02 1.8673562769704261e-01 0.0000000000000000e+00 1
-1.8902346115203434e-02 1.8314196423029630e-01 0.0000000000000000e+00 1
-3.1992191429683137e-01 5.6495971353194958e-02 0.0000000000000000e+00 1
-3.1305315380404258e-01 4.7386466457004985e-02 0.0000000000000000e+00 1
-3.2452256069120172e-01 4.5871104830410445e-02 0.0000000000000000e+00 1
-3.1768004107607234e-01 3.6698913897577956e-02 0.0000000000000000e+00 1
-3.2244539946027295e-01 2.6126844952883720e-02 0.0000000000000000e+00 1
-3.1092269447447513e-01 2.7620290004348451e-02 0.0000000000000000e+00 1
1.1922768675908764e-01 -3.2129037067645966e-01 0.0000000000000000e+00 1
-2.8917273347158847e-02 3.4967009860092414e-02 0.0000000000000000e+00 1
-1.7928753458008061e-02 3.6917939423470207e-02 0.0000000000000000e+00 1
-2.2225903636324176e-02 2.6461594326120462e-02 0.0000000000000000e+00 1
-1.1618972358742182e-02 2.7364928811950177e-02 0.0000000000000000e+00 1
-1.9076297398164621e-01 1.4858321436176056e-01 0.0000000000000000e+00 1
-3.8270784255503221e-01 -3.9404720249646259e-02 0.0000000000000000e+00 1
-2.8881515925035522e-01 -6.9501807726622261e-02 0.0000000000000000e+00 1
-5.0363977387396170e-03 -3.1156970243919130e-01 0.0000000000000000e+00 1
6.1065129732271170e-02 -2.8923726675566819e-01 0.0000000000000000e+00 1
-7.8196076991250030e-02 -1.2947048989227061e-01 0.0000000000000000e+00 1
2.2052559535209565e-01 -2.4172186943114557e-01 0.0000000000000000e+00 1
5.0425758813898314e-03 3.6556037229339622e-01 0.0000000000000000e+00 1
-2.4324677184804191e-01 8.4875976275982007e-02 0.0000000000000000e+00 1
-2.3249920282667697e-01 8.6327783150688328e-02 0.0000000000000000e+00 1
-1.3711921377720593e-01 2.4645292761851670e-01 0.0000000000000000e+00 1
1.2000768331618329e-01 -2.1652069722536060e-01 0.0000000000000000e+00 1
-1.7429533833493341e-01 3.0520006135424826e-01 0.0000000000000000e+00 1
2.9320736572590933e-01 9.6828890058894751e-02 0.0000000000000000e+00 1
3.0182018550006856e-01 8.3193198326476356e-02 0.0000000000000000e+00 1
2.9426176444694885e-01 6.8469064486773187e-02 0.0000000000000000e+00 1
3.0310906342020449e-01 5.4707123052120318e-02 0.0000000000000000e+00 1
2.8580126932790273e-01 5.4093167049505321e-02 0.0000000000000000e+00 1
2.7820039329794544e-01 6.7473646995005382e-02 0.0000000000000000e+00 1
2.7054744502669636e-01 5.3220049177746809e-02 0.0000000000000000e+00 1
3.1972201780728660e-01 5.5345337272764569e-02 0.0000000000000000e+00 1
3.1188689287662091e-01 4.0715844499855075e-02 0.0000000000000000e+00 1
2.8572087660669593e-01 8.1931139320407853e-02 0.0000000000000000e+00 1
3.2861413620163071e-01 4.1245968856640142e-02 0.0000000000000000e+00 1
3.2108709890178527e-01 2.6838230678268796e-02 0.0000000000000000e+00 1
3.2982590541930790e-01 1.2738576402359801e-02 0.0000000000000000e+00 1
3.0354449033209485e-01 2.5186981791486904e-02 0.0000000000000000e+00 1
3.4610302190969933e-01 1.2901502930941952e-02 0.0000000000000000e+00 1
3.3870865335457989e-01 -1.1964582400822935e-03 0.0000000000000000e+00 1
3.2190644673095092e-01 -1.8396908325762878e-03 0.0000000000000000e+00 1
1.1671249391294256e-01 -6.5916011932619228e-02 0.0000000000000000e+00 1
-2.3749702851444174e-01 -1.4227446961443455e-01 0.0000000000000000e+00 1
7.1940113950892476e-02 -1.0895618063480318e-01 0.0000000000000000e+00 1
2.7825528038653040e-03 -2.5717744290651623e-01 0.0000000000000000e+00 1
-1.5779183831268612e-02 9.3545638050935478e-02 0.0000000000000000e+00 1
1.3732070804909663e-01 -1.1317219985541839e-01 0.0000000000000000e+00 1
1.3164106841276751e-01 -1.2657137876349542e-01 0.0000000000000000e+00 1
-4.3231401211620107e-01 -8.9132230751287123e-02 0.0000000000000000e+00 1
-1.4061377760996436e-02 -1.3277967558862883e-01 0.0000000000000000e+00 1
-2.9273823546892785e-01 7.0085022414550197e-02 0.0000000000000000e+00 1
-2.7049882904569716e-01 2.3065495169569475e-02 0.0000000000000000e+00 1
-2.7933320448915316e-01 2.2304293580777626e-01 0.0000000000000000e+00 1
2.8532489082494172e-01 -3.8940381751059530e-02 0.0000000000000000e+00 1
4.6637669656869968e-01 -3.7843178416020123e-01 0.0000000000000000e+00 1
-3.1824023086297470e-01 -1.2654356195395924e-02 0.0000000000000000e+00 1
-3.1364429906496633e-01 -2.0805027781811199e-03 0.0000000000000000e+00 1
-3.2049987365529653e-01 6.8475420765936436e-03 0.0000000000000000e+00 1
2.0301877529233417e-01 -2.1841398881225882e-01 0.0000000000000000e+00 1
6.2608509950483268e-02 -3.5592100628855050e-01 0.0000000000000000e+00 1
1.7498022175862091e-02 2.6806023995772410e-01 0.0000000000000000e+00 1
4.6911023928926598e-01 -3.2584868832052089e-01 0.0000000000000000e+00 1
-1.6502470138315969e-01 -2.1498819700649097e-01 0.0000000000000000e+00 1
-1.8735289878929348e-01 -2.0519961543866636e-01 0.0000000000000000e+00 1
2.6539439108037539e-02 1.3974475723892382e-01 0.0000000000000000e+00 1
8.3530820424834396e-02 -3.3954967322849261e-01 0.0000000000000000e+00 1
7.0511557857117380e-02 -3.0134936011593871e-01 0.0000000000000000e+00 1
-2.2763446007754579e-01 2.2598993147521665e-01 0.0000000000000000e+00 1
-1.3848135775116779e-01 -2.4959436242654368e-01 0.0000000000000000e+00 1
3.4649645496139719e-02 6.6842910934148986e-02 0.0000000000000000e+00 1
-4.4699138095479110e-02 -1.7362168359157173e-01 0.0000000000000000e+00 1
-1.8656033665781227e-01 3.2423739877489965e-01 0.0000000000000000e+00 1
-1.9871176128051354e-01 1.7221300609354973e-01 0.0000000000000000e+00 1
-1.7080030812713881e-01 -2.2832485647269940e-01 0.0000000000000000e+00 1
1.4330391311766494e-01 -3.3127984866448679e-01 0.0000000000000000e+00 1
9.8460250147197323e-02 4.0392662952005907e-02 0.0000000000000000e+00 1
8.4745764438428808e-02 2.0077995462779966e-01 0.0000000000000000e+00 1
-3.9029084036241370e-02 -2.2364188069266994e-01 0.0000000000000000e+00 1
6.8352786592956780e-02 -3.4168674670179833e-01 0.0000000000000000e+00 1
4.1593599644749762e-01 -1.8227400396265223e-01 0.0000000000000000e+00 1
4.3071872092918412e-01 -1.8150754798387209e-01 0.0000000000000000e+00 1
4.3059644914928225e-01 -1.5423770392057587e-01 0.0000000000000000e+00 1
-2.1500347826505048e-01 3.1131836715275422e-02 0.0000000000000000e+00 1
-2.0449686049456831e-01 3.3265700669144124e-02 0.0000000000000000e+00 1
-2.0036894230371088e-01 4.3214281284660379e-02 0.0000000000000000e+00 1
-2.0672408407543297e-01 5.1000763323448037e-02 0.0000000000000000e+00 1
-1.9668631967380368e-01 5.3156207751346871e-02 0.0000000000000000e+00 1
-2.0878835243198901e-01 2.3666379882746225e-02 0.0000000000000000e+00 1
-1.8180034466298714e-01 -1.9241391483730502e-01 0.0000000000000000e+00 1
3.5853502101622092e-01 -1.5133804650222160e-01 0.0000000000000000e+00 1
6.3432767705767404e-02 -2.0976809894991888e-01 0.0000000000000000e+00 1
-6.1558214704600142e-02 -1.5118137269493234e-01 0.0000000000000000e+00 1
2.8837718776552346e-01 -3.3082847082248179e-01 0.0000000000000000e+00 1
-3.3385269053405853e-01 2.4783327646935409e-02 0.0000000000000000e+00 1
1.1634074246504889e-01 1.9928200530612467e-02 0.0000000000000000e+00 1
4.3288332712501021e-01 -2.0572081571862022e-01 0.0000000000000000e+00 1
-1.9879575697803242e-01 8.8732142698498048e-03 0.0000000000000000e+00 1
1.2848906446964017e-01 -1.0156511581922296e-01 0.0000000000000000e+00 1
-1.3722209450310827e-01 2.7933131653502946e-03 0.0000000000000000e+00 1
2.4092339387702444e-01 -2.8919296556135166e-01 0.0000000000000000e+00 1
3.5472843939790477e-01 -1.2419677833921485e-03 0.0000000000000000e+00 1
3.4737456003747724e-01 -1.5261864308621859e-02 0.0000000000000000e+00 1
3.5468037250451057e-01 -2.9802334899578273e-02 0.0000000000000000e+00 1
3.3816194285626544e-01 -2.6659799022835152e-02 0.0000000000000000e+00 1
1.2083523867722129e-01 -3.8730826513070443e-01 0.0000000000000000e+00 1
1.3006231003833996e-01 -3.9870117162682139e-01 0.0000000000000000e+00 1
-6.2360853804660811e-03 -2.4534712900317884e-01 0.0000000000000000e+00 1
-1.8733870739319525e-01 2.6903651744478402e-01 0.0000000000000000e+00 1
-7.8756824859070318e-02 -3.7657416337325278e-01 0.0000000000000000e+00 1
-2.0907892118434207e-01 -1.0867516982613040e-02 0.0000000000000000e+00 1
2.3122514901995217e-01 -2.1544362287949914e-01 0.0000000000000000e+00 1
-5.6816406444792918e-02 2.3796452739945156e-01 0.0000000000000000e+00 1
-2.1741135024348537e-01 -3.1263003910127721e-02 0.0000000000000000e+00 1
-2.2333840644244962e-01 1.3446110253998991e-01 0.0000000000000000e+00 1
-7.0716830334552866e-02 -2.0205245480378586e-01 0.0000000000000000e+00 1
-3.0629370332917483e-01 8.8400499114561368e-02 0.0000000000000000e+00 1
-1.1647290747776701e-01 -7.7078960882431255e-02 0.0000000000000000e+00 1
-5.4483526660656513e-02 6.9767457379222853e-02 0.0000000000000000e+00 1
3.1434058567247941e-01 -4.5320269562862292e-01 0.0000000000000000e+00 1
2.1744833695514482e-01 1.7653899844811166e-01 0.0000000000000000e+00 1
8.8815951625479755e-02 1.2906790373631333e-01 0.0000000000000000e+00 1
-6.0223560300389093e-03 1.4661301860008119e-01 0.0000000000000000e+00 1
2.3109469556608139e-01 -3.8399440134926510e-01 0.0000000000000000e+00 1
-1.7639032906481791e-01 -3.0502866507392173e-01 0.0000000000000000e+00 1
2.5124311989038486e-02 -3.0739343218113191e-01 0.0000000000000000e+00 1
3.8735224715792382e-01 -2.2521427221887036e-01 0.0000000000000000e+00 1
9.4429373790515553e-02 -4.1801207110467808e-01 0.0000000000000000e+00 1
1.0286748065502772e-01 -4.2992677298598442e-01 0.0000000000000000e+00 1
1.6832339751120695e-01 -2.3571855563003574e-01 0.0000000000000000e+00 1
-1.7708570454706565e-01 1.0019252965988790e-01 0.0000000000000000e+00 1
3.1941945026062341e-01 -1.5833093919195967e-01 0.0000000000000000e+00 1
1.5318793095356598e-01 -1.7355334871013742e-01 0.0000000000000000e+00 1
-2.9278072500755203e-01 1.2023513237945849e-01 0.0000000000000000e+00 1
1.3082063859041673e-01 -4.0059787166599178e-02 0.0000000000000000e+00 1
1.3843161320634501e-01 -5.1472976470348777e-02 0.0000000000000000e+00 1
1.3524699259639836e-01 -2.1470609757991460e-01 0.0000000000000000e+00 1
1.2710858922915833e-01 -2.6772616757792367e-01 0.0000000000000000e+00 1
-1.6618139005853305e-01 -1.5405274150428888e-01 0.0000000000000000e+00 1
5.2931857233707511e-02 9.2090707691767193e-02 0.0000000000000000e+00 1
3.0349199293182283e-01 -4.2175436602972705e-01 0.0000000000000000e+00 1
1.7092491653423175e-01 -1.9681063827811207e-01 0.0000000000000000e+00 1
-3.5857042049788795e-01 -1.0417205385172046e-01 0.0000000000000000e+00 1
-3.6186803982779503e-01 -1.1458935965308842e-01 0.0000000000000000e+00 1
-3.6491436104780545e-01 -9.5004235322376965e-02 0.0000000000000000e+00 1
-3.7604254851294011e-01 -9.6163354257270392e-02 0.0000000000000000e+00 1
-1.9822032849178184e-01 1.1494936008748248e-01 0.0000000000000000e+00 1
-3.2508226018232678e-01 -3.6643908712279544e-03 0.0000000000000000e+00 1
4.0310441638826072e-01 -1.4520627703123273e-01 0.0000000000000000e+00 1
4.0905489727552768e-01 -1.3070158173489085e-01 0.0000000000000000e+00 1
4.0021904833784462e-02 -1.2160604989435659e-02 0.0000000000000000e+00 1
2.6993683946521213e-02 -1.3216170991310925e-02 0.0000000000000000e+00 1
1.9723596529619157e-02 -2.7024346788133780e-03 0.0000000000000000e+00 1
1.4091702499078778e-02 -1.3965905848671144e-02 0.0000000000000000e+00 1
6.5005313679644518e-03 -3.2877394867696181e-03 0.0000000000000000e+00 1
-6.3697838314305047e-03 -1.8479967157274742e-03 0.0000000000000000e+00 1
4.3929794268277001e-04 7.2769688171729803e-03 0.0000000000000000e+00 1
-1.1777827654446935e-02 8.9598986741259053e-03 0.0000000000000000e+00 1
2.1118895644836530e-02 -2.4688836431934480e-02 0.0000000000000000e+00 1
1.6718983660115252e-01 1.5917619479824917e-02 0.0000000000000000e+00 1
2.9673535330141587e-01 -2.8248205807852167e-01 0.0000000000000000e+00 1
-1.2554115793207368e-01 4.3260210520043880e-03 0.0000000000000000e+00 1
-3.0455243852249340e-02 2.6027227009794290e-01 0.0000000000000000e+00 1
-2.4674891724444148e-01 2.3609188489546634e-01 0.0000000000000000e+00 1
-1.9631990116882794e-01 2.9856064857258874e-01 0.0000000000000000e+00 1
2.2927193583672145e-01 -4.2102875089705222e-01 0.0000000000000000e+00 1
2.4076073704725123e-01 -1.6221122802143578e-01 0.0000000000000000e+00 1
1.2488101429465381e-01 -3.0725820461840003e-01 0.0000000000000000e+00 1
-1.6936916810622040e-03 -7.1865510978785338e-02 0.0000000000000000e+00 1
-1.6477246792767733e-01 2.9201383460631525e-01 0.0000000000000000e+00 1
-1.6884726833560523e-01 2.8399292306650237e-01 0.0000000000000000e+00 1
-4.0696628320362382e-01 -2.3277872028478648e-02 0.0000000000000000e+00 1
1.9866459524844998e-01 7.2750398793964194e-02 0.0000000000000000e+00 1
-1.7345021594097718e-01 1.3933336947072308e-01 0.0000000000000000e+00 1
3.8487710608305481e-01 -1.2077839352336202e-01 0.0000000000000000e+00 1
3.3575281388116329e-01 -4.2846688483576023e-01 0.0000000000000000e+00 1
3.0488412609872662e-01 -3.8753789323061227e-01 0.0000000000000000e+00 1
9.1653308157404925e-02 -2.8546080066720958e-01 0.0000000000000000e+00 1
-1.0740637904974351e-01 -3.1104259892726394e-01 0.0000000000000000e+00 1
2.4883846603089421e-01 -2.3853254248526731e-01 0.0000000000000000e+00 1
-3.8602148270799824e-01 7.8586669964168021e-02 0.0000000000000000e+00 1
-7.6116571431803406e-02 -5.9998874523221182e-02 0.0000000000000000e+00 1
-3.3883112895455092e-01 -1.3256456433450065e-01 0.0000000000000000e+00 1
-2.9953418318627284e-01 2.9281099121290292e-02 0.0000000000000000e+00 1
-1.7327560582884527e-01 6.5880630121944922e-02 0.0000000000000000e+00 1
-2.7685367625103191e-01 8.0961257604087261e-02 0.0000000000000000e+00 1
8.8095837319848158e-02 -1.6922739999640424e-01 0.0000000000000000e+00 1
-1.0535945889720613e-01 -2.2719276460719796e-02 0.0000000000000000e+00 1
-2.4272284363037971e-01 -1.5429360334750919e-01 0.0000000000000000e+00 1
-3.7175698615112235e-01 -1.6570614730543359e-01 0.0000000000000000e+00 1
3.6181826248655780e-01 -6.9518218827848033e-02 0.0000000000000000e+00 1
3.6921211083280930e-01 -5.6409957554939702e-02 0.0000000000000000e+00 1
3.7047886983220446e-01 -2.9618674428708865e-02 0.0000000000000000e+00 1
-1.9015310791126785e-01 2.8466717342952377e-02 0.0000000000000000e+00 1
-2.4752914737253794e-03 3.4781591031922526e-01 0.0000000000000000e+00 1
7.1505880225355778e-03 -2.5593615970811810e-02 0.0000000000000000e+00 1
-3.6321945337394912e-01 3.1162381094006313e-02 0.0000000000000000e+00 1
-4.1637356371245327e-01 -1.2733217258058893e-01 0.0000000000000000e+00 1
1.2644439371033878e-01 -3.7307539487350655e-01 0.0000000000000000e+00 1
-2.1507302121526523e-01 -1.1732916081811842e-01 0.0000000000000000e+00 1
1.2085915441788853e-01 -1.5244926977126549e-01 0.0000000000000000e+00 1
3.8040984829650265e-01 -4.7506472343798101e-01 0.0000000000000000e+00 1
1.0332618652629058e-01 -1.2960104929726515e-01 0.0000000000000000e+00 1
1.6587217957097042e-01 -2.2530338912045766e-02 0.0000000000000000e+00 1
1.7655261791660032e-01 -1.8328402337213837e-01 0.0000000000000000e+00 1
1.8195165980258746e-01 -1.7008116662229616e-01 0.0000000000000000e+00 1
1.1860986934894033e-01 -1.9066560252681231e-01 0.0000000000000000e+00 1
-9.1414489305786120e-02 2.2074116722364315e-01 0.0000000000000000e+00 1
-3.5426486393982171e-01 5.2335193120837238e-02 0.0000000000000000e+00 1
-3.2954965333579256e-01 -1.4102074453195614e-02 0.0000000000000000e+00 1
1.8621984029800193e-01 -2.5866878302512764e-01 0.0000000000000000e+00 1
4.1583490201278611e-01 -1.1507544022163571e-01 0.0000000000000000e+00 1
-3.4523285318894043e-01 7.3579014553555006e-02 0.0000000000000000e+00 1
-3.4053292429736759e-01 8.3735211428770967e-02 0.0000000000000000e+00 1
2.6066324423401420e-02 7.4671896460810336e-02 0.0000000000000000e+00 1
1.4542060592779823e-02 7.6088383816938332e-02 0.0000000000000000e+00 1
-1.1981087590453092e-01 -3.3966127836339871e-01 0.0000000000000000e+00 1
1.7454608610891659e-01 -3.9170159739322302e-01 0.0000000000000000e+00 1
1.8115307038449016e-01 -1.0795719861066537e-01 0.0000000000000000e+00 1
-2.0346778584159420e-01 -1.4883415515697102e-01 0.0000000000000000e+00 1
1.6707139484939187e-01 -3.4126834252514932e-01 0.0000000000000000e+00 1
2.1367019058391837e-01 -3.6069175142233623e-01 0.0000000000000000e+00 1
-7.1946843237415646e-04 -2.3159580837094942e-01 0.0000000000000000e+00 1
6.9913931820615727e-02 -1.4609577351248754e-01 0.0000000000000000e+00 1
-2.5893996153401944e-01 -7.6294029948380887e-02 0.0000000000000000e+00 1
-2.8595172837503519e-01 6.0607136390983946e-02 0.0000000000000000e+00 1
3.3498604337356697e-01 -1.0084499078843973e-01 0.0000000000000000e+00 1
-4.1586781912457418e-02 -2.6338151737006116e-01 0.0000000000000000e+00 1
-2.5855101370676947e-01 2.2466163950902762e-01 0.0000000000000000e+00 1
7.0543059275673188e-04 -2.9732626892159847e-01 0.0000000000000000e+00 1
-4.0006061685764688e-01 5.2952107945662130e-02 0.0000000000000000e+00 1
-3.3197465123907022e-01 -4.3786369328887444e-02 0.0000000000000000e+00 1
2.9086169352295027e-01 -2.9534179521503129e-01 0.0000000000000000e+00 1
3.8761924295573208e-02 -4.3233821745663287e-01 0.0000000000000000e+00 1
2.8311740080443605e-02 -2.2759415953978906e-01 0.0000000000000000e+00 1
4.9915704349470680e-02 4.7498244333732759e-02 0.0000000000000000e+00 1
9.2856256121255809e-02 -3.5146071395076978e-01 0.0000000000000000e+00 1
6.8523309740949584e-02 3.2466169398459610e-01 0.0000000000000000e+00 1
-3.7210364173940225e-01 1.0223766838695528e-02 0.0000000000000000e+00 1
-2.7244470506535717e-01 9.1801237584027334e-02 0.0000000000000000e+00 1
1.4257288823720982e-02 9.5528085204734325e-02 0.0000000000000000e+00 1
-5.0256329048023740e-02 -3.8885161473484497e-01 0.0000000000000000e+00 1
1.0670680404346817e-02 2.8370754689115558e-02 0.0000000000000000e+00 1
-7.1368490318204303e-02 1.9941727131847495e-01 0.0000000000000000e+00 1
8.3019477383117518e-02 3.6748814468484808e-01 0.0000000000000000e+00 1
-3.6502117867896727e-01 -4.7234537709781678e-02 0.0000000000000000e+00 1
2.8324883848865468e-01 -2.2315773174326239e-01 0.0000000000000000e+00 1
1.4075220229532195e-01 -4.6869514990818378e-01 0.0000000000000000e+00 1
1.3807457481709129e-01 -4.5517517913295424e-01 0.0000000000000000e+00 1
-2.9153051264243685e-01 -1.0029886375272669e-01 0.0000000000000000e+00 1
2.0169371344358072e-02 1.4865919243310294e-01 0.0000000000000000e+00 1
-1.7376062267520953e-01 -2.6645559342527642e-01 0.0000000000000000e+00 1
1.6694480146097126e-01 -4.4341711651582305e-01 0.0000000000000000e+00 1
3.3571019622341380e-01 -3.3731524278136271e-01 0.0000000000000000e+00 1
2.0010019035631244e-01 1.1191315749774225e-01 0.0000000000000000e+00 1
4.3253333753029355e-01 -4.4990530285024616e-01 0.0000000000000000e+00 1
-9.5796438307062942e-02 -2.8306890168904614e-01 0.0000000000000000e+00 1
-3.3979760041612400e-03 4.7507766363209560e-02 0.0000000000000000e+00 1
3.7044621275053169e-01 -3.6680753606741462e-01 0.0000000000000000e+00 1
1.6752547917128779e-01 -1.7184311949841716e-01 0.0000000000000000e+00 1
-1.5203932026633662e-01 5.1148300949873500e-02 0.0000000000000000e+00 1
-2.3975787365111875e-01 1.9999651885459432e-01 0.0000000000000000e+00 1
-9.5766272007608167e-03 -6.1569946778983628e-02 0.0000000000000000e+00 1
8.5966256053143786e-03 3.7463912503070473e-01 0.0000000000000000e+00 1
1.6302148013223844e-01 -6.1535626890867050e-02 0.0000000000000000e+00 1
1.1424547848010164e-01 -1.0318018785041254e-01 0.0000000000000000e+00 1
-9.1811051483923059e-02 1.5413245689949165e-01 0.0000000000000000e+00 1
2.2574982891072060e-02 -3.4817068661706640e-01 0.0000000000000000e+00 1
-2.5797288178610533e-01 -2.5223427638677276e-01 0.0000000000000000e+00 1
-3.4585514194252920e-01 -2.0339525159858221e-01 0.0000000000000000e+00 1
-3.3389000587248369e-01 -1.9964952044665590e-01 0.0000000000000000e+00 1
8.1429103104818393e-02 -3.7965200784845932e-01 0.0000000000000000e+00 1
2.9892482771239157e-02 4.2288095832333156e-01 0.0000000000000000e+00 1
3.4438448590052628e-02 -3.1948819715001858e-01 0.0000000000000000e+00 1
2.4343733123618244e-01 -2.5165536930792198e-01 0.0000000000000000e+00 1
-3.4538239838621054e-01 -1.2284743704948807e-01 0.0000000000000000e+00 1
6.3896249366192343e-02 -4.2491385477443566e-01 0.0000000000000000e+00 1
-2.9046116710427894e-01 5.0226985848121450e-02 0.0000000000000000e+00 1
8.5904462590022226e-02 -2.9942376996067843e-01 0.0000000000000000e+00 1
-4.1952060097171576e-02 -3.2999385878204218e-01 0.0000000000000000e+00 1
-3.9945546143320979e-02 8.1003411059479891e-02 0.0000000000000000e+00 1
-3.4304623138047985e-01 3.8906591072195192e-03 0.0000000000000000e+00 1
4.0213439836891174e-01 -8.4627060398390630e-02 0.0000000000000000e+00 1
-3.2543094059768662e-01 -5.3142118388283380e-02 0.0000000000000000e+00 1
-3.3125130112787567e-02 -2.0993918812557816e-01 0.0000000000000000e+00 1
-1.3187606164570331e-01 5.4323906190074281e-02 0.0000000000000000e+00 1
-4.2472584715486356e-01 -4.4382002529954639e-02 0.0000000000000000e+00 1
2.0324934394611929e-01 -4.2575389761612568e-03 0.0000000000000000e+00 1
3.9439789101788786e-01 -3.6466258246839495e-01 0.0000000000000000e+00 1
-7.2907891568729441e-02 -3.3374854914796281e-01 0.0000000000000000e+00 1
1.6045044206455955e-01 -3.5964784180348583e-02 0.0000000000000000e+00 1
8.3239780455281066e-03 -2.4329260694355825e-01 0.0000000000000000e+00 1
5.2949653226503607e-02 -4.3735568886359527e-01 0.0000000000000000e+00 1
-2.2356017862782424e-01 2.3439566917742574e-01 0.0000000000000000e+00 1
-3.1123902510276985e-01 -1.1979723533192511e-01 0.0000000000000000e+00 1
4.1382180572966644e-02 1.2146382665934498e-01 0.0000000000000000e+00 1
3.9931276639860452e-01 -4.0491168349103801e-01 0.0000000000000000e+00 1
4.4536822306817603e-01 -1.8228611785023235e-01 0.0000000000000000e+00 1
-3.8872456160933697e-02 2.1665780240675436e-01 0.0000000000000000e+00 1
2.5823970912944216e-01 -3.1110323561230657e-01 0.0000000000000000e+00 1
-8.8427579286575658e-02 4.9462818476633835e-02 0.0000000000000000e+00 1
3.9995454916140272e-01 -1.1877655204781422e-01 0.0000000000000000e+00 1
8.3547001204628324e-02 -4.4681189090218310e-01 0.0000000000000000e+00 1
-3.6285274845703330e-01 -1.8288778805506445e-02 0.0000000000000000e+00 1
-2.2730097745627204e-01 1.6896911158447125e-01 0.0000000000000000e+00 1
4.8724737388488428e-03 2.4372484241016912e-01 0.0000000000000000e+00 1
-3.2502572708400052e-01 -1.5318603381140689e-01 0.0000000000000000e+00 1
3.4519096548994710e-01 -4.9175368400733854e-01 0.0000000000000000e+00 1
1.1228760665524729e-01 -4.5939728245695338e-01 0.0000000000000000e+00 1
-2.7379141471637608e-01 -1.6920699823511748e-01 0.0000000000000000e+00 1
-7.6127102424402406e-03 -1.8146775923812633e-01 0.0000000000000000e+00 1
-2.7985054872882364e-01 -9.8546139281446413e-02 0.0000000000000000e+00 1
2.9416346724760650e-01 4.0607809417090475e-02 0.0000000000000000e+00 1
2.1982703022997943e-01 -3.4870630744920683e-01 0.0000000000000000e+00 1
-2.1711651834041909e-01 1.2564476909908043e-01 0.0000000000000000e+00 1
-3.4555452201713821e-01 -7.4014753742503367e-02 0.0000000000000000e+00 1
-3.7990187936411318e-01 -1.5637828872590653e-01 0.0000000000000000e+00 1
-3.9171031578220272e-01 -1.6229676997298403e-01 0.0000000000000000e+00 1
-9.8125404917921821e-02 9.0115662519919870e-02 0.0000000000000000e+00 1
-3.0352890309957853e-01 1.6820437534158264e-01 0.0000000000000000e+00 1
2.6654137372044562e-01 -3.9171547432195347e-01 0.0000000000000000e+00 1
-2.7344916327440839e-02 1.8092341507757750e-01 0.0000000000000000e+00 1
2.3554817556063373e-01 1.3150621386917391e-01 0.0000000000000000e+00 1
-2.9365620639621975e-01 -1.6013709673638063e-01 0.0000000000000000e+00 1
2.5024418002892419e-02 8.5849395172475727e-03 0.0000000000000000e+00 1
-1.8128087795888337e-01 4.7364840123433505e-02 0.0000000000000000e+00 1
-1.8263231418012349e-01 2.3166555901518066e-01 0.0000000000000000e+00 1
7.8560593166135284e-02 2.4043426095898085e-01 0.0000000000000000e+00 1
-2.3434979060085651e-01 5.7075486458371162e-02 0.0000000000000000e+00 1
-2.3898715740081344e-01 4.6913645448224614e-02 0.0000000000000000e+00 1
7.6140895919882420e-02 -2.4724772579662685e-01 0.0000000000000000e+00 1
3.6382319876643820e-01 -3.0057587608000441e-01 0.0000000000000000e+00 1
-1.5589137453079210e-01 -2.9082266131005624e-01 0.0000000000000000e+00 1
-1.3773737087613536e-01 -1.7335394938961671e-01 0.0000000000000000e+00 1
3.0523628336841369e-01 -3.5230367854422506e-01 0.0000000000000000e+00 1
-1.6570377769569805e-01 1.5548964774049698e-01 0.0000000000000000e+00 1
-2.0304878997334397e-01 3.1816327909470715e-01 0.0000000000000000e+00 1
-1.9357661357363423e-01 3.2609488109103557e-01 0.0000000000000000e+00 1
-4.0453842674410975e-02 1.2455866887264164e-01 0.0000000000000000e+00 1
2.3407221331209638e-01 9.0713903520377059e-02 0.0000000000000000e+00 1
-1.7239501826455048e-01 -1.3040682529728262e-01 0.0000000000000000e+00 1
-1.7641455675868381e-01 -1.4396554156462149e-01 0.0000000000000000e+00 1
-1.9647930394362709e-01 -2.5646511008436806e-01 0.0000000000000000e+00 1
1.6914579450849646e-01 -4.0512270206132994e-01 0.0000000000000000e+00 1
-8.4155063414154643e-02 1.9674593832635259e-01 0.0000000000000000e+00 1
6.1972110050905395e-02 -2.4940037183222435e-01 0.0000000000000000e+00 1
-2.8636904463460061e-01 -1.7030064972812309e-01 0.0000000000000000e+00 1
-2.6037128062266057e-01 1.9767162305875469e-01 0.0000000000000000e+00 1
3.5923280757014031e-01 -4.2629775063307884e-01 0.0000000000000000e+00 1
1.5678986207134998e-01 -4.7100335353972972e-01 0.0000000000000000e+00 1
2.7482339191172078e-01 -4.0280438618171110e-01 0.0000000000000000e+00 1
-5.9709254270171680e-02 1.8417390454822835e-01 0.0000000000000000e+00 1
1.1148116302136205e-01 -4.4280267507774618e-01 0.0000000000000000e+00 1
2.2566707101877825e-01 -1.2198206851247637e-01 0.0000000000000000e+00 1
-5.7457709557805582e-02 7.0564646372922677e-03 0.0000000000000000e+00 1
-6.2705080150565057e-02 -3.0085173513383131e-03 0.0000000000000000e+00 1
-9.6902225507901146e-02 2.2004089776450608e-01 0.0000000000000000e+00 1
7.0633965121953524e-02 4.1304194651224108e-03 0.0000000000000000e+00 1
-1.7911742304297398e-01 7.3839986849437003e-02 0.0000000000000000e+00 1
-1.8864983232690252e-01 2.9966817814427466e-01 0.0000000000000000e+00 1
-4.9464167777641940e-02 2.0906920883251323e-01 0.0000000000000000e+00 1
-2.4542456773134469e-01 -1.8902266705530457e-01 0.0000000000000000e+00 1
-3.7883524465558471e-01 1.9228015268648559e-02 0.0000000000000000e+00 1
-1.7819080430826778e-01 3.1185623491517467e-01 0.0000000000000000e+00 1
-2.1082698650247869e-01 2.8249855347499475e-01 0.0000000000000000e+00 1
3.4716132277174205e-01 -1.9297089146042345e-01 0.0000000000000000e+00 1
-9.1985350480539907e-02 3.7655423140357427e-02 0.0000000000000000e+00 1
4.5547781009598098e-01 -2.0828516601555425e-01 0.0000000000000000e+00 1
4.2645791465471056e-01 -3.9208649632154735e-01 0.0000000000000000e+00 1
-1.3101155607577558e-01 9.6984858201502405e-02 0.0000000000000000e+00 1
-5.5442409430602720e-03 1.7801390680963806e-02 0.0000000000000000e+00 1
-9.7831462810367448e-02 1.4064180340469629e-01 0.0000000000000000e+00 1
-2.2456667816023991e-02 1.0133333374730302e-01 0.0000000000000000e+00 1
-2.0096182367775009e-01 8.8698686902000612e-02 0.0000000000000000e+00 1
4.1725529547196945e-02 -2.6509185348080377e-01 0.0000000000000000e+00 1
6.3447679942545770e-02 -9.7801517245405284e-02 0.0000000000000000e+00 1
3.7954702829328585e-01 -4.3497528280334714e-02 0.0000000000000000e+00 1
1.9398030165972534e-02 3.9700659599100629e-01 0.0000000000000000e+00 1
6.2565375624675387e-02 1.5008407331294080e-01 0.0000000000000000e+00 1
2.8147632120449007e-01 -4.4733797389450675e-01 0.0000000000000000e+00 1
-4.8136614703556443e-02 -3.4456274055865738e-01 0.0000000000000000e+00 1
4.1965049061211679e-01 -3.8267941858023258e-01 0.0000000000000000e+00 1
-6.5477522088874487e-02 6.1601099412635453e-02 0.0000000000000000e+00 1
6.4749276763992322e-02 2.8469472689452141e-01 0.0000000000000000e+00 1
-2.1944730787460226e-01 1.4410863377471336e-01 0.0000000000000000e+00 1
-1.6246953590419747e-01 1.2521767056600197e-01 0.0000000000000000e+00 1
-2.5595871259404335e-01 -2.1353777766951890e-01 0.0000000000000000e+00 1
-2.3689613328388426e-01 2.2516602623893744e-01 0.0000000000000000e+00 1
1.7072264870943388e-01 2.3169585373807949e-01 0.0000000000000000e+00 1
8.8765355540854629e-02 -4.3229580993595701e-01 0.0000000000000000e+00 1
-1.1196051539720547e-01 5.6765439517843089e-02 0.0000000000000000e+00 1
-3.2587752866001969e-02 2.3044419361236870e-01 0.0000000000000000e+00 1
-1.6889784516170698e-02 6.5610553456120213e-02 0.0000000000000000e+00 1
3.1028754126054020e-02 5.2009226760772041e-02 0.0000000000000000e+00 1
-9.6744295351865586e-02 -1.1771013157732895e-03 0.0000000000000000e+00 1
2.2414483528938769e-01 -4.8932438888785351e-01 0.0000000000000000e+00 1
1.2304109471695469e-01 -1.1480909552238439e-01 0.0000000000000000e+00 1
1.1266535325743195e-01 -2.0415626343669352e-01 0.0000000000000000e+00 1
2.9109972802049300e-02 2.9674592940309108e-01 0.0000000000000000e+00 1
-1.6926361297739759e-01 2.5718349091091558e-01 0.0000000000000000e+00 1
9.7180291201223901e-02 -2.0593165759641302e-01 0.0000000000000000e+00 1
1.5380377185577926e-01 -4.9710641519237889e-02 0.0000000000000000e+00 1
-9.5571712969192896e-02 5.6471768663421920e-02 0.0000000000000000e+00 1
3.9918386514806797e-01 -3.5388003079387997e-01 0.0000000000000000e+00 1
4.3525674818993809e-01 -2.9707590258896333e-01 0.0000000000000000e+00 1
-2.6632234297509533e-01 2.3345279053723350e-01 0.0000000000000000e+00 1
-4.0922297013795489e-01 3.2044963707678661e-02 0.0000000000000000e+00 1
3.9657228941325867e-02 2.9891044568848968e-01 0.0000000000000000e+00 1
2.3633917491444922e-01 -3.7144758238503717e-01 0.0000000000000000e+00 1
-7.5715729113052077e-02 1.0071319673763902e-01 0.0000000000000000e+00 1
7.7799104368963673e-02 -3.5359832276833864e-01 0.0000000000000000e+00 1
-2.2207237799613513e-01 3.3465697728554250e-01 0.0000000000000000e+00 1
-1.3546073460252800e-01 1.5227531971847166e-01 0.0000000000000000e+00 1
-3.8961203966155884e-02 -2.8932548773031286e-01 0.0000000000000000e+00 1
-3.0174157957731890e-01 4.8881887906321413e-02 0.0000000000000000e+00 1
2.1928432807310985e-01 -9.2850143542744845e-02 0.0000000000000000e+00 1
-1.8446128111465204e-02 1.3607774017163854e-01 0.0000000000000000e+00 1
-1.7219272516958828e-01 1.7582847449903705e-01 0.0000000000000000e+00 1
3.8743645133102231e-02 4.2727416774331339e-02 0.0000000000000000e+00 1
-4.1819186415439979e-01 1.1442919418552156e-02 0.0000000000000000e+00 1
4.3562428558174354e-02 3.3947929746162159e-01 0.0000000000000000e+00 1
3.6651364938433600e-02 3.4773665724644776e-01 0.0000000000000000e+00 1
-4.2256561618047084e-01 -8.7820421607328059e-03 0.0000000000000000e+00 1
1.6183474738877032e-01 -4.5645857749030694e-01 0.0000000000000000e+00 1
-6.4364783020219946e-02 1.7168892799599714e-01 0.0000000000000000e+00 1
-9.9959195011959046e-02 1.1952536984478798e-01 0.0000000000000000e+00 1
1.0068549391383099e-02 -3.0941954067153071e-01 0.0000000000000000e+00 1
-3.5146900510528079e-01 -1.4289110898752150e-01 0.0000000000000000e+00 1
-1.6199588945295179e-01 1.6306538828835032e-01 0.0000000000000000e+00 1
1.6424037630541188e-01 -8.5336514128016946e-02 0.0000000000000000e+00 1
-1.3483723702801048e-01 8.7929238778686220e-02 0.0000000000000000e+00 1
2.7019540016446444e-03 1.7324862187873705e-01 0.0000000000000000e+00 1
-3.1606415922247513e-02 2.0533309668945628e-02 0.0000000000000000e+00 1
1.4677998753393949e-02 -9.2698037560465463e-02 0.0000000000000000e+00 1
6.4050756967163947e-02 2.5585285498740512e-01 0.0000000000000000e+00 1
1.8079851009819822e-01 -8.5096709488728495e-02 0.0000000000000000e+00 1
1.2277229954114721e-03 -1.9298047012763042e-01 0.0000000000000000e+00 1
-2.1717445566466254e-01 3.0351421541672952e-01 0.0000000000000000e+00 1
-1.5122085994210635e-01 1.1089904654594372e-01 0.0000000000000000e+00 1
-1.3381164992931244e-01 1.7348903011166075e-01 0.0000000000000000e+00 1
2.7147008954360496e-01 -3.7944765827373544e-01 0.0000000000000000e+00 1
-7.7487487820742745e-02 7.6820782195348852e-02 0.0000000000000000e+00 1
-1.1604544190890353e-01 1.1641579539685644e-01 0.0000000000000000e+00 1
2.5002497730538931e-01 -4.9405605384266227e-01 0.0000000000000000e+00 1
1.8894913738530267e-01 2.0991986722677766e-01 0.0000000000000000e+00 1
7.3263906775294499e-02 1.9945635058145278e-01 0.0000000000000000e+00 1
1.4953700644788098e-01 2.7717701847659865e-01 0.0000000000000000e+00 1
-2.4675007614646011e-01 -7.5626712611977190e-02 0.0000000000000000e+00 1
-2.1895910190827980e-01 1.8628823141070339e-01 0.0000000000000000e+00 1
-3.0743855688538522e-02 -5.3473122664891404e-02 0.0000000000000000e+00 1
-1.9022385901907451e-02 1.1055899668507502e-01 0.0000000000000000e+00 1
-7.5929907610716565e-02 2.0457643598784911e-01 0.0000000000000000e+00 1
7.5399183125157782e-02 1.2769533545750530e-01 0.0000000000000000e+00 1
1.3528780652196526e-01 2.3920445836432780e-01 0.0000000000000000e+00 1
2.3472621395236151e-01 -2.4018397885007114e-01 0.0000000000000000e+00 1
-1.3023102795924770e-02 1.9521851890313346e-01 0.0000000000000000e+00 1
1.1295725640393478e-01 2.1479628474654100e-01 0.0000000000000000e+00 1
1.1782357449883424e-01 2.2612132708706933e-01 0.0000000000000000e+00 1
6.0135604271180088e-02 2.4575841715212371e-01 0.0000000000000000e+00 1
3.4080473297464431e-01 -3.2554820904547876e-01 0.0000000000000000e+00 1
-4.9257373640978000e-04 2.7447999607355922e-01 0.0000000000000000e+00 1
2.4468074794564823e-01 -3.1296180748683633e-01 0.0000000000000000e+00 1
1.1746355522587396e-01 -1.2797441414862770e-01 0.0000000000000000e+00 1
2.7705070040860275e-01 -4.9359184439505571e-01 0.0000000000000000e+00 1
-1.1671204007871608e-01 -2.9906606898397220e-01 0.0000000000000000e+00 1
-3.1377090945449043e-01 -2.2726619027665684e-01 0.0000000000000000e+00 1
-3.4115279819069644e-01 -6.4060588312481029e-02 0.0000000000000000e+00 1
-9.9427878263050024e-02 1.8892215616199121e-01 0.0000000000000000e+00 1
4.6731369738842166e-01 -3.0368328062510203e-01 0.0000000000000000e+00 1
-2.9133553689648446e-02 1.9334707648634636e-01 0.0000000000000000e+00 1
4.7273720962308957e-01 -2.7301470490617136e-01 0.0000000000000000e+00 1
3.6659451465323740e-02 3.7509415682369041e-01 0.0000000000000000e+00 1
1.0868787518690770e-01 3.1206406813514437e-01 0.0000000000000000e+00 1
4.2147555235928225e-02 2.2395336474419361e-01 0.0000000000000000e+00 1
-2.3011622871674436e-01 2.0125090489233483e-01 0.0000000000000000e+00 1
1.7145335402521780e-01 -2.6121420559059927e-01 0.0000000000000000e+00 1
-2.0919508657222208e-01 6.9466411856369412e-02 0.0000000000000000e+00 1
-3.6583975990560996e-01 -1.8715503018516114e-01 0.0000000000000000e+00 1
1.2520688296546950e-02 7.5853979350875506e-03 0.0000000000000000e+00 1
-3.2154897203846844e-01 -1.9626687569111856e-01 0.0000000000000000e+00 1
-1.2370155367374833e-01 1.9384169470066107e-01 0.0000000000000000e+00 1
-9.1568960051795472e-04 2.5041877213447905e-01 0.0000000000000000e+00 1
-5.6331478988672849e-02 2.0751740361362020e-01 0.0000000000000000e+00 1
-3.7441660591095249e-01 2.9677978953793198e-02 0.0000000000000000e+00 1
-1.1017267581241874e-01 2.1372985133837846e-01 0.0000000000000000e+00 1
1.5759625572285144e-01 2.6620262800708526e-02 0.0000000000000000e+00 1
1.2702189792243410e-01 2.4993385776513205e-01 0.0000000000000000e+00 1
-2.9875717253354206e-01 -1.7148994316324925e-01 0.0000000000000000e+00 1
-2.4631447379935306e-01 2.7726947536912983e-01 0.0000000000000000e+00 1
-2.4546491216144395e-01 1.4981630654822081e-01 0.0000000000000000e+00 1
2.2749935146009873e-02 -2.4118113354089224e-01 0.0000000000000000e+00 1
8.4875906915828905e-04 1.1330623388046952e-01 0.0000000000000000e+00 1
1.9315331825820074e-02 -3.2163206704684377e-01 0.0000000000000000e+00 1
-3.4828510555094139e-01 1.2860904075261861e-01 0.0000000000000000e+00 1
4.6940292105240633e-01 -3.4606686208994442e-01 0.0000000000000000e+00 1
2.3975782044035474e-02 4.1141450423331283e-01 0.0000000000000000e+00 1
-3.0633204607657705e-01 3.8287894183028803e-02 0.0000000000000000e+00 1
7.2009708004274628e-02 3.3523317100927019e-01 0.0000000000000000e+00 1
4.7747987349113308e-01 -2.9620348293955173e-01 0.0000000000000000e+00 1
2.6803027150897463e-01 -4.8275278052679482e-01 0.0000000000000000e+00 1
-1.6903993152887387e-01 -5.9749415644223203e-02 0.0000000000000000e+00 1
2.4354494631646217e-01 7.8650880996483319e-02 0.0000000000000000e+00 1
-3.6989754228106198e-01 4.0231692304527299e-02 0.0000000000000000e+00 1
-1.4614276236705873e-01 2.1455641989273727e-01 0.0000000000000000e+00 1
-1.2971284242133926e-01 2.2163632770429542e-01 0.0000000000000000e+00 1
6.7082281795244631e-03 2.0522718520651412e-01 0.0000000000000000e+00 1
-5.7287026971406342e-02 1.9001878601982652e-01 0.0000000000000000e+00 1
7.4439559365054156e-02 2.2956090727839856e-01 0.0000000000000000e+00 1
4.7703452779129202e-01 -3.6363983933463651e-01 0.0000000000000000e+00 1
1.4491949834843446e-01 -3.9598383640358248e-01 0.0000000000000000e+00 1
7.2126062214330600e-02 -3.6775009941167824e-01 0.0000000000000000e+00 1
-4.2943719767269017e-01 -2.7915688159109657e-02 0.0000000000000000e+00 1
2.2594014036170412e-01 -2.2858667046253289e-01 0.0000000000000000e+00 1
6.3290690001703120e-02 3.7155652569212555e-01 0.0000000000000000e+00 1
8.3624329925005653e-02 5.8076938154793308e-03 0.0000000000000000e+00 1
-6.3856495665034874e-02 1.2991148649393586e-01 0.0000000000000000e+00 1
9.6981799339344865e-02 3.6798474554779093e-01 0.0000000000000000e+00 1
1.8239711450534796e-02 -1.1595944420071638e-01 0.0000000000000000e+00 1
-2.0507756955997802e-01 7.9177558426302003e-02 0.0000000000000000e+00 1
-1.4704205831231479e-01 1.4294425895909310e-01 0.0000000000000000e+00 1
-3.9783761605235929e-01 -1.4555398799276295e-01 0.0000000000000000e+00 1
-6.3492036575503147e-02 -3.4593047822960876e-01 0.0000000000000000e+00 1
-2.3745725196250919e-01 -1.9969171537871169e-01 0.0000000000000000e+00 1
3.2198259117087424e-01 -4.9518115392479778e-01 0.0000000000000000e+00 1
5.1790837540458434e-02 3.9527243594272471e-01 0.0000000000000000e+00 1
6.0762662101960387e-02 3.9790749067894154e-01 0.0000000000000000e+00 1
-3.1316425729055047e-01 1.4841096374963658e-01 0.0000000000000000e+00 1
-1.8583439360352658e-01 2.2406519434875563e-01 0.0000000000000000e+00 1
-2.0296418737714772e-01 6.1182326191760755e-02 0.0000000000000000e+00 1
1.3088870994669882e-02 2.2149192806258025e-01 0.0000000000000000e+00 1
-1.0159074611219404e-01 -2.9702943841704244e-01 0.0000000000000000e+00 1
4.7952275101898767e-01 -3.1953770819525240e-01 0.0000000000000000e+00 1
-1.7125434477287352e-01 1.6894864544006306e-03 0.0000000000000000e+00 1
-1.7521010598648779e-01 1.6772770719076338e-01 0.0000000000000000e+00 1
-8.6148098419589508e-02 -2.9501845063218851e-01 0.0000000000000000e+00 1
-3.6539993883447619e-01 5.0851770159342703e-02 0.0000000000000000e+00 1
4.6759264429408232e-01 -2.4710475550950459e-01 0.0000000000000000e+00 1
1.9502401825271343e-02 1.9208741924767561e-01 0.0000000000000000e+00 1
1.9092828176407498e-01 1.2247207023358726e-01 0.0000000000000000e+00 1
2.2264446813702765e-01 -3.7325904929262865e-01 0.0000000000000000e+00 1
-1.3233888184396464e-01 -1.9771870188004581e-01 0.0000000000000000e+00 1
2.1712877096078254e-01 -2.1692760598841965e-01 0.0000000000000000e+00 1
-4.2541364684748501e-01 -1.1180097021418239e-01 0.0000000000000000e+00 1
2.5833143227226441e-01 -7.2697519474624855e-02 0.0000000000000000e+00 1
3.5710311548478124e-01 -4.0001475281529264e-01 0.0000000000000000e+00 1
-1.2256962272139338e-01 -3.1309015752055525e-01 0.0000000000000000e+00 1
4.2193770077269277e-01 -2.6683981608382878e-01 0.0000000000000000e+00 1
2.1959830164243167e-02 -1.7759285855903431e-01 0.0000000000000000e+00 1
-3.3190485214678928e-01 5.2824109307656013e-03 0.0000000000000000e+00 1
1.5987773234553510e-01 -3.9381551318231872e-01 0.0000000000000000e+00 1
2.0839636957026608e-01 -1.7941759955298713e-02 0.0000000000000000e+00 1
-4.3642266212272895e-01 -6.4452851906722924e-02 0.0000000000000000e+00 1
-3.6532814217072007e-01 -1.2510707229144868e-01 0.0000000000000000e+00 1
2.2813329746932379e-01 -3.8941945300890304e-02 0.0000000000000000e+00 1
-2.5009042788892544e-01 4.5353804393057473e-02 0.0000000000000000e+00 1
1.5821192950154386e-01 2.6633808777981299e-01 0.0000000000000000e+00 1
-4.8330371365849500e-02 1.8359538157019409e-01 0.0000000000000000e+00 1
-1.8314070680224742e-01 6.4613277099639321e-02 0.0000000000000000e+00 1
-6.8018439815187640e-02 1.2160291884515385e-01 0.0000000000000000e+00 1
9.8288471551946661e-03 -1.0528203808269977e-01 0.0000000000000000e+00 1
1.7482725290570345e-01 -2.8636978173283612e-01 0.0000000000000000e+00 1
-4.1002647770194911e-02 2.4921294859103754e-01 0.0000000000000000e+00 1
-1.4375727474193864e-01 1.5098988678603731e-01 0.0000000000000000e+00 1
-2.0947781848032174e-02 5.5439488081251001e-02 0.0000000000000000e+00 1
-3.2788708646421599e-01 -8.3742040757710190e-02 0.0000000000000000e+00 1
-1.8358830793234271e-01 1.4136246043755488e-01 0.0000000000000000e+00 1
4.0055038940226984e-01 -2.6012390577570027e-01 0.0000000000000000e+00 1
4.7988989967994505e-01 -3.4180407380352429e-01 0.0000000000000000e+00 1
-3.2723253886481968e-01 1.5738390654357670e-02 0.0000000000000000e+00 1
-1.1511017579896822e-01 2.3673516456398316e-01 0.0000000000000000e+00 1
-3.6090347839112652e-01 6.1502979984965456e-02 0.0000000000000000e+00 1
-1.8140626288603515e-01 2.9987103599587850e-01 0.0000000000000000e+00 1
1.7548371117230138e-01 4.3099895845816943e-02 0.0000000000000000e+00 1
3.6681359609898156e-01 -4.8785050012277470e-01 0.0000000000000000e+00 1
-8.0095152626148441e-02 1.2807351167715270e-01 0.0000000000000000e+00 1
-1.3111677593750987e-01 2.0475479931332907e-01 0.0000000000000000e+00 1
1.8023876653156749e-02 1.3451319488646957e-01 0.0000000000000000e+00 1
-2.4751605781600045e-01 2.6903098332807698e-02 0.0000000000000000e+00 1
2.0836072623571592e-01 -2.0526451196056639e-01 0.0000000000000000e+00 1
-2.0894578269249592e-01 3.4384012674441883e-01 0.0000000000000000e+00 1
6.8516922479518169e-02 2.9522153886929137e-01 0.0000000000000000e+00 1
-4.3389083919654442e-01 -4.6790634840471912e-02 0.0000000000000000e+00 1
2.1390805752632919e-01 -1.9183609331215393e-01 0.0000000000000000e+00 1
-3.0413968054018847e-01 1.8738448505430418e-02 0.0000000000000000e+00 1
1.7298560423809214e-02 -2.5502391481732067e-01 0.0000000000000000e+00 1
1.3503980316816306e-02 -3.3600347324282154e-01 0.0000000000000000e+00 1
-1.0267215251347027e-01 -2.3328497022474762e-01 0.0000000000000000e+00 1
2.5784899014095181e-01 7.9367323706024479e-02 0.0000000000000000e+00 1
-3.1569329406414975e-01 1.7234445437576525e-02 0.0000000000000000e+00 1
-2.1224569032685406e-01 -7.1455807003810726e-02 0.0000000000000000e+00 1
8.7350935287740059e-02 -1.8080901643334566e-02 0.0000000000000000e+00 1
3.4200830954011102e-01 -4.2801385164983469e-02 0.0000000000000000e+00 1
3.8724807021541274e-01 -3.5482968265688980e-01 0.0000000000000000e+00 1
-2.2108886639437048e-01 3.0971550559205707e-01 0.0000000000000000e+00 1
-6.0777667805374566e-02 2.1158468603237365e-01 0.0000000000000000e+00 1
-3.5652712477319859e-01 7.2000447882095323e-02 0.0000000000000000e+00 1
-1.7622217962079259e-02 2.9669960906633763e-01 0.0000000000000000e+00 1
4.7083020265054293e-01 -3.8871678817318162e-01 0.0000000000000000e+00 1
6.0199797353769902e-03 3.0984493993069406e-01 0.0000000000000000e+00 1
5.9239582483749196e-03 1.7864317765420731e-02 0.0000000000000000e+00 1
2.0515518775093400e-01 -1.7995412913829284e-01 0.0000000000000000e+00 1
-5.4721229590925298e-02 -2.9122507729259206e-01 0.0000000000000000e+00 1
3.3771357836370264e-01 -3.9440238043257897e-01 0.0000000000000000e+00 1
3.5640854618720637e-02 3.1701857323555294e-01 0.0000000000000000e+00 1
1.2611422113424681e-01 -1.3937553064362493e-01 0.0000000000000000e+00 1
-1.4154422886722018e-01 1.3590641125277986e-01 0.0000000000000000e+00 1
1.9621641910832197e-01 -1.6821348675041051e-01 0.0000000000000000e+00 1
3.1760649887809501e-02 1.7675403810855109e-01 0.0000000000000000e+00 1
2.1743514354903910e-02 -4.6218607746645352e-02 0.0000000000000000e+00 1
-2.1756295720182905e-01 2.6642082079788237e-01 0.0000000000000000e+00 1
3.5238181222320109e-01 -4.1716811963885808e-01 0.0000000000000000e+00 1
-1.2922951601953858e-01 -3.2756291487767597e-01 0.0000000000000000e+00 1
1.2574938619913964e-01 -4.5018798450361391e-01 0.0000000000000000e+00 1
-2.4220669086936769e-01 -2.1230601233129712e-01 0.0000000000000000e+00 1
3.3315154508092842e-01 -3.1502917389423324e-01 0.0000000000000000e+00 1
9.0986877421548318e-02 1.0807616913201153e-01 0.0000000000000000e+00 1
4.2330755375583679e-01 -1.2769613367289867e-01 0.0000000000000000e+00 1
-3.5475307812136792e-01 1.1823357727910977e-01 0.0000000000000000e+00 1
-3.5239842748120564e-01 8.1723741485050211e-02 0.0000000000000000e+00 1
6.6310870606396080e-02 -3.8187085998990100e-01 0.0000000000000000e+00 1
-6.8557799910776013e-02 2.2021086713237759e-01 0.0000000000000000e+00 1
-2.5232884653820348e-01 1.6478565360945399e-02 0.0000000000000000e+00 1
-2.5600450070595782e-01 -4.3211828707869243e-02 0.0000000000000000e+00 1
2.6863808841891823e-01 -4.4930522493443592e-01 0.0000000000000000e+00 1
1.6573873801284070e-02 2.1058227589886147e-01 0.0000000000000000e+00 1
-6.8323623393567054e-02 7.8064715018283562e-02 0.0000000000000000e+00 1
2.6530954873690316e-01 1.3748730782185808e-01 0.0000000000000000e+00 1
-3.1930677573885058e-01 1.5872009107176174e-01 0.0000000000000000e+00 1
-2.1925487434537200e-01 2.8142363271660209e-01 0.0000000000000000e+00 1
-2.7220238811497965e-01 -1.3538985138101747e-01 0.0000000000000000e+00 1
3.8679272361378797e-01 -4.8297152676127275e-01 0.0000000000000000e+00 1
4.4743805887805399e-01 -4.3746689632312952e-01 0.0000000000000000e+00 1
1.3937771276339267e-01 -4.0975834562983532e-01 0.0000000000000000e+00 1
2.3333877791513488e-01 1.7841795696206919e-01 0.0000000000000000e+00 1
-1.6494053762150124e-01 -9.7711368612716058e-03 0.0000000000000000e+00 1
2.6734448915802622e-02 -2.6706043776538207e-01 0.0000000000000000e+00 1
5.8090533221446451e-02 3.6947637063741622e-02 0.0000000000000000e+00 1
-4.9888585217326094e-02 7.9635333901472913e-02 0.0000000000000000e+00 1
-1.5132456409703471e-01 2.3300725697250593e-01 0.0000000000000000e+00 1
-4.3680179773767758e-01 -7.3561013692738056e-02 0.0000000000000000e+00 1
-4.6443109479134631e-02 2.1574077810723619e-01 0.0000000000000000e+00 1
-3.9557783167891591e-01 -6.8616550865135059e-02 0.0000000000000000e+00 1
3.1441776614707567e-02 -1.1413335970314620e-01 0.0000000000000000e+00 1
2.2144279674407730e-02 2.4809427089972391e-01 0.0000000000000000e+00 1
-1.0669221283058523e-01 2.0836386228897186e-01 0.0000000000000000e+00 1
-8.7623335897692375e-03 1.3782682219141457e-01 0.0000000000000000e+00 1
3.8299920235087614e-01 -3.1076958162837448e-01 0.0000000000000000e+00 1
-3.9629595133859907e-01 -8.5456181083628319e-02 0.0000000000000000e+00 1
1.4049665341565271e-01 -1.3749545130342525e-01 0.0000000000000000e+00 1
-1.8738745998453427e-01 -2.6743263332473016e-01 0.0000000000000000e+00 1
4.8185399470537585e-02 4.3227139011420279e-01 0.0000000000000000e+00 1
4.1727478823640980e-02 4.3210671627069591e-01 0.0000000000000000e+00 1
4.4761261423639627e-02 4.3530559114106809e-01 0.0000000000000000e+00 1
4.2107212187409260e-01 -3.3036590203507599e-01 0.0000000000000000e+00 1
5.0785379441461692e-02 -3.8414173011486952e-01 0.0000000000000000e+00 1
3.4161742907146175e-01 -3.8159817242578820e-01 0.0000000000000000e+00 1
7.4366362029435621e-03 -3.5022952391388429e-01 0.0000000000000000e+00 1
4.2386262214192572e-01 -2.9863600914446653e-01 0.0000000000000000e+00 1
3.1044896610372859e-02 -5.7277718153166957e-02 0.0000000000000000e+00 1
3.1712642878383740e-01 -2.9294874248956471e-01 0.0000000000000000e+00 1
-1.6359979635655139e-01 2.7937017450169138e-01 0.0000000000000000e+00 1
-1.3913422729125602e-01 7.9151344536998847e-02 0.0000000000000000e+00 1
4.5037791185325587e-01 -2.6248506606356325e-01 0.0000000000000000e+00 1
1.5501532645372748e-01 -1.3569643290915398e-01 0.0000000000000000e+00 1
-1.6187028264145178e-01 2.2647280325015953e-01 0.0000000000000000e+00 1
2.3113800636950782e-01 -2.0009819836425684e-02 0.0000000000000000e+00 1
8.7983984155734860e-03 1.6570366346702009e-01 0.0000000000000000e+00 1
-3.8050316037591858e-01 -8.6100227384418845e-02 0.0000000000000000e+00 1
3.9210579138926316e-01 -2.4953555293640911e-01 0.0000000000000000e+00 1
1.6382414191088396e-01 -1.4717152243427753e-01 0.0000000000000000e+00 1
4.2797480801051374e-01 -4.5871213973112179e-01 0.0000000000000000e+00 1
-2.2844422286668201e-01 9.5676476800191951e-02 0.0000000000000000e+00 1
-2.3375839391310993e-01 -2.2320207999463398e-01 0.0000000000000000e+00 1
-7.8487080692155979e-03 -3.5234684903265134e-01 0.0000000000000000e+00 1
1.7273590414874393e-01 -1.5879957266123243e-01 0.0000000000000000e+00 1
2.2159685541403124e-01 -1.3913324076622097e-01 0.0000000000000000e+00 1
4.1684180453824760e-01 -2.8060574680752592e-01 0.0000000000000000e+00 1
2.0718970862906283e-01 -1.4191129904395214e-01 0.0000000000000000e+00 1
1.2355044428995031e-01 -4.1320403003154282e-01 0.0000000000000000e+00 1
-1.8695523563315633e-01 5.5115978319004146e-02 0.0000000000000000e+00 1
-2.7863065437441609e-01 -2.4062667447410729e-01 0.0000000000000000e+00 1
-2.6357447550736940e-01 1.4507520553662572e-02 0.0000000000000000e+00 1
1.9295307752955093e-01 -1.4382499458940795e-01 0.0000000000000000e+00 1
-1.5354254290535366e-01 2.1382115119450396e-01 0.0000000000000000e+00 1
-1.0225519103127112e-01 1.8317422507478148e-01 0.0000000000000000e+00 1
-2.2464389347193192e-01 3.2075840349207208e-01 0.0000000000000000e+00 1
2.9122801376732804e-01 1.6214332435115535e-02 0.0000000000000000e+00 1
3.2519555443152970e-01 -3.0411516396233457e-01 0.0000000000000000e+00 1
-2.2815168604941533e-01 1.8540574449383423e-01 0.0000000000000000e+00 1
4.6961673599190470e-02 -1.4963693449291052e-01 0.0000000000000000e+00 1
2.5494656193948634e-01 -4.5212704373964840e-01 0.0000000000000000e+00 1
2.0720620476505627e-01 -4.7452821760079222e-01 0.0000000000000000e+00 1
3.1296921562405544e-01 -4.8529444745826300e-01 0.0000000000000000e+00 1
-3.2760262522904801e-02 -2.7534243959416427e-01 0.0000000000000000e+00 1
-7.5817997692843558e-02 3.3109691462220911e-02 0.0000000000000000e+00 1
-2.1285780229661072e-02 -4.0487383584488174e-01 0.0000000000000000e+00 1
-2.3459195690844269e-02 -3.8540725840395157e-01 0.0000000000000000e+00 1
1.8728785371431025e-01 -1.5694155610677032e-01 0.0000000000000000e+00 1
-7.7600515772661860e-02 1.9847747210758560e-01 0.0000000000000000e+00 1
-2.4388672323419397e-01 -9.6822963000744333e-02 0.0000000000000000e+00 1
8.0379595239722712e-02 1.9028101892317789e-01 0.0000000000000000e+00 1
-2.9145474847749947e-01 -1.8175920659480738e-01 0.0000000000000000e+00 1
-4.2966106270083326e-01 -8.0237700742322268e-02 0.0000000000000000e+00 1
2.3999310248546490e-01 -4.5679915721045983e-01 0.0000000000000000e+00 1
-1.5375178546314094e-01 -1.5196311289723241e-01 0.0000000000000000e+00 1
-1.7604702356124585e-01 2.9439778690927082e-01 0.0000000000000000e+00 1
3.5212250873447809e-01 -2.5455411051898563e-01 0.0000000000000000e+00 1
1.1779987509905634e-01 -4.2738965272176266e-01 0.0000000000000000e+00 1
1.7403322936899582e-01 1.4428057334380234e-01 0.0000000000000000e+00 1
1.6689868232492200e-01 2.5518301076004907e-01 0.0000000000000000e+00 1
-1.5129276414323422e-02 -3.6789149000087551e-01 0.0000000000000000e+00 1
5.4099738568147523e-02 2.4309129289421236e-02 0.0000000000000000e+00 1
-2.1802367418291319e-01 3.2947861842665177e-01 0.0000000000000000e+00 1
-3.7526300328988388e-01 -1.7872605289380539e-01 0.0000000000000000e+00 1
1.9405421004138257e-01 5.9329518162235473e-02 0.0000000000000000e+00 1
-2.5372548648623827e-01 2.6066234466390248e-01 0.0000000000000000e+00 1
2.3542380535657326e-01 -4.6922810826448635e-01 0.0000000000000000e+00 1
4.5176077036369479e-02 -5.6808057843039890e-02 0.0000000000000000e+00 1
-1.9743335468705733e-01 3.3765181339566075e-01 0.0000000000000000e+00 1
-1.3346912675328992e-01 2.2721849339455050e-01 0.0000000000000000e+00 1
-1.7166842601058910e-01 -7.8170192328757382e-02 0.0000000000000000e+00 1
4.1888544383653104e-01 -3.0899537530397592e-01 0.0000000000000000e+00 1
-1.5765752868614516e-01 2.1996978332539124e-01 0.0000000000000000e+00 1
-4.3669960341962322e-01 -9.5878840292734580e-02 0.0000000000000000e+00 1
7.9673638849663511e-02 2.9723842280073531e-01 0.0000000000000000e+00 1
-1.4353263504021573e-02 4.6627887320589194e-02 0.0000000000000000e+00 1
-2.6106234841640014e-01 -4.0378417810509239e-03 0.0000000000000000e+00 1
-2.1314432560836047e-01 1.3843859388376470e-02 0.0000000000000000e+00 1
7.8324461567427645e-03 2.5208927996315561e-01 0.0000000000000000e+00 1
2.5547811691929206e-01 -1.8629072524067852e-01 0.0000000000000000e+00 1
3.6345183525826963e-01 -4.6655751675720630e-01 0.0000000000000000e+00 1
4.6477435316868604e-01 -4.1180104022041952e-01 0.0000000000000000e+00 1
2.7518207664940098e-01 1.2459413968738726e-01 0.0000000000000000e+00 1
4.4847503239240233e-01 -2.2881859243893626e-01 0.0000000000000000e+00 1
-2.2274706149431395e-01 2.7319293619779639e-01 0.0000000000000000e+00 1
-4.9944747717948414e-02 2.3956601409863842e-01 0.0000000000000000e+00 1
-4.3866266681755542e-02 1.9135021825846993e-01 0.0000000000000000e+00 1
2.4804856467628252e-02 1.2549336306116096e-01 0.0000000000000000e+00 1
3.7893085814218308e-01 -6.9518921641402026e-02 0.0000000000000000e+00 1
1.3622605405315535e-01 1.8580729067629972e-01 0.0000000000000000e+00 1
-2.3396533212316722e-01 1.9301034110342996e-01 0.0000000000000000e+00 1
-1.0844656576427358e-01 2.0130431320777831e-01 0.0000000000000000e+00 1
3.3249263207649968e-02 4.2724933376363328e-01 0.0000000000000000e+00 1
1.0526961305163439e-01 1.0851647875159058e-01 0.0000000000000000e+00 1
-7.9735105788403760e-02 -8.6031696911987657e-03 0.0000000000000000e+00 1
1.8176375295510427e-01 -4.8130053085688584e-01 0.0000000000000000e+00 1
5.3381076295372393e-02 4.3246094796441242e-01 0.0000000000000000e+00 1
3.7291129620503061e-01 -3.3388002088770580e-01 0.0000000000000000e+00 1
3.9184901045387160e-02 4.2678548694411750e-01 0.0000000000000000e+00 1
-1.2927857478967540e-02 1.0298640416555874e-01 0.0000000000000000e+00 1
3.7017076758366374e-01 -4.7640512863919748e-01 0.0000000000000000e+00 1
-6.6976972876795313e-02 -3.6925093943077963e-01 0.0000000000000000e+00 1
-2.8411986105999137e-01 -1.9261438525988800e-01 0.0000000000000000e+00 1
8.2935761047887746e-02 3.3728560411715502e-01 0.0000000000000000e+00 1
-2.1593111336506470e-02 2.1697413493293466e-01 0.0000000000000000e+00 1
-1.0290090149934818e-01 1.1181927949264706e-01 0.0000000000000000e+00 1
4.0024792451208012e-02 -1.2461801062868895e-01 0.0000000000000000e+00 1
7.4967911800514014e-02 1.6663389153757258e-02 0.0000000000000000e+00 1
4.6796739511532716e-02 -7.8234422406060239e-02 0.0000000000000000e+00 1
-2.2392642056957529e-01 1.1622822578216160e-02 0.0000000000000000e+00 1
4.3623538435185050e-01 -2.6436224954085275e-01 0.0000000000000000e+00 1
5.5357114093983313e-02 4.1223669706660504e-01 0.0000000000000000e+00 1
-2.8512189955914619e-01 -8.2255611621219540e-03 0.0000000000000000e+00 1
-4.3297603413291930e-01 -1.1091505350804842e-01 0.0000000000000000e+00 1
3.9622744928739773e-01 -2.3606395954606224e-01 0.0000000000000000e+00 1
3.7133689484518964e-02 -4.1796855962915391e-01 0.0000000000000000e+00 1
1.0512708509550581e-01 3.5823367673529882e-01 0.0000000000000000e+00 1
3.8001623491773517e-01 -3.4445823489439598e-01 0.0000000000000000e+00 1
-3.8484291883692656e-01 -1.0142113337840496e-01 0.0000000000000000e+00 1
-2.8886397619024473e-01 -1.8457162228869839e-02 0.0000000000000000e+00 1
-3.3455930597005717e-01 -7.3659542004025691e-02 0.0000000000000000e+00 1
-2.0271604694110196e-01 -1.8378645144190126e-01 0.0000000000000000e+00 1
-2.2055675258231089e-01 -2.2158675597007702e-01 0.0000000000000000e+00 1
-8.6755441032045036e-02 2.2175836565015375e-01 0.0000000000000000e+00 1
-1.5859340994344961e-01 -1.6441682744612193e-01 0.0000000000000000e+00 1
-6.6891537933019440e-02 2.4134070611595879e-01 0.0000000000000000e+00 1
-1.8902987987728168e-01 1.3229565320060679e-01 0.0000000000000000e+00 1
-9.0431678006679700e-02 -9.6808570103003640e-03 0.0000000000000000e+00 1
4.3817769464431749e-01 -1.9400500183508479e-01 0.0000000000000000e+00 1
-1.8160691724270728e-01 -1.6569519101748684e-02 0.0000000000000000e+00 1
3.4357817322127993e-01 -2.4342271742899557e-01 0.0000000000000000e+00 1
7.3080700493588974e-02 3.7414744083185969e-01 0.0000000000000000e+00 1
2.9656849928619455e-01 -3.7711264134326539e-01 0.0000000000000000e+00 1
-1.6058335115166966e-01 2.1341154382493954e-01 0.0000000000000000e+00 1
3.6786723500233021e-01 -4.5599321210893945e-01 0.0000000000000000e+00 1
1.4214155815492271e-01 6.3805711601371856e-02 0.0000000000000000e+00 1
-6.6354755634975078e-04 2.7754093459389235e-02 0.0000000000000000e+00 1
3.9168536775722101e-01 -4.2526826939687712e-01 0.0000000000000000e+00 1
1.7722055297689598e-01 -3.1379386278533172e-01 0.0000000000000000e+00 1
-2.8927778357812350e-01 -2.0423680407604403e-01 0.0000000000000000e+00 1
3.8745387652544849e-01 -4.3616215681102533e-01 0.0000000000000000e+00 1
1.2366012335470483e-01 -5.3034654259672909e-02 0.0000000000000000e+00 1
-1.4711552107722228e-01 1.7823604273887178e-01 0.0000000000000000e+00 1
8.7167977781515665e-02 2.8843920035888787e-01 0.0000000000000000e+00 1
-2.9121095998462565e-01 2.4057857941187044e-01 0.0000000000000000e+00 1
-8.0148967488929426e-02 1.9235806526679661e-01 0.0000000000000000e+00 1
3.5843676865596885e-01 -4.3797150008180782e-02 0.0000000000000000e+00 1
4.6565719459420417e-02 -3.9615828895036076e-01 0.0000000000000000e+00 1
-1.4716794349467693e-01 2.5869134759917528e-01 0.0000000000000000e+00 1
3.8290326321494011e-01 -4.4538635621287576e-01 0.0000000000000000e+00 1
-2.0130809398448468e-01 3.4107953345313119e-01 0.0000000000000000e+00 1
4.1276984677191120e-01 -4.6939099000083218e-01 0.0000000000000000e+00 1
7.1586935091385792e-02 2.4843841359291766e-01 0.0000000000000000e+00 1
-8.8770598599456810e-02 2.1676989529129459e-01 0.0000000000000000e+00 1
-4.1979705121273947e-01 -1.3618979564815958e-01 0.0000000000000000e+00 1
-6.8805505709813655e-02 2.6285284835076684e-02 0.0000000000000000e+00 1
8.7602688940276466e-02 1.8094394339962094e-01 0.0000000000000000e+00 1
4.2048010337016092e-02 1.7834383898986647e-01 0.0000000000000000e+00 1
3.7776575759851860e-01 -3.2245864420653036e-01 0.0000000000000000e+00 1
8.6632767559140060e-04 3.1547947556455713e-01 0.0000000000000000e+00 1
4.6449191890711178e-01 -2.8278196820223789e-01 0.0000000000000000e+00 1
-1.5065010354921955e-02 1.8471406852820532e-02 0.0000000000000000e+00 1
-4.2889160651583663e-01 -1.2459405764926379e-01 0.0000000000000000e+00 1
-9.7828954811592428e-02 1.0505534573549898e-01 0.0000000000000000e+00 1
3.2352029248052239e-01 -2.8019341477813653e-01 0.0000000000000000e+00 1
7.7239095278580638e-02 3.9610392074383410e-01 0.0000000000000000e+00 1
4.2593164542023626e-01 -3.1917730178396819e-01 0.0000000000000000e+00 1
-1.6303912197508558e-01 2.0592138197693932e-01 0.0000000000000000e+00 1
-1.8994964126771066e-01 -1.4670266180919431e-01 0.0000000000000000e+00 1
-2.7233756683926080e-01 -5.9265112868532206e-03 0.0000000000000000e+00 1
-2.1637407609092221e-01 -2.8227896671207087e-01 0.0000000000000000e+00 1
-7.4413435327819570e-03 3.7326003301699065e-02 0.0000000000000000e+00 1
-1.1162878690485012e-01 1.7623834977851707e-01 0.0000000000000000e+00 1
-1.5046763125745394e-01 -1.7512953549091465e-01 0.0000000000000000e+00 1
-2.9453092538337883e-01 -2.1647078430250058e-01 0.0000000000000000e+00 1
1.0659536081608287e-01 2.8023922547436420e-01 0.0000000000000000e+00 1
3.1638619908735087e-02 1.1843309106691124e-01 0.0000000000000000e+00 1
2.8851348611641486e-01 -3.6614930353942998e-01 0.0000000000000000e+00 1
3.1597011579931161e-01 1.3719587923294569e-02 0.0000000000000000e+00 1
2.6959964998148522e-01 1.0895415371793363e-01 0.0000000000000000e+00 1
-2.7553323677153921e-03 1.0419481064082028e-01 0.0000000000000000e+00 1
-7.0302492234967873e-02 1.5870426371354596e-01 0.0000000000000000e+00 1
1.7558530619053059e-01 2.4386909723148786e-01 0.0000000000000000e+00 1
-2.1239624924410988e-01 -2.3274448534086406e-01 0.0000000000000000e+00 1
1.2048866015560666e-01 6.7627075083135479e-02 0.0000000000000000e+00 1
9.0371095915140184e-02 3.2875449408884094e-01 0.0000000000000000e+00 1
3.7442052203130993e-01 -2.2760404506355314e-01 0.0000000000000000e+00 1
-1.9843705336332212e-01 1.3104732873681399e-01 0.0000000000000000e+00 1
3.7806569714695433e-02 4.3530183012656976e-01 0.0000000000000000e+00 1
1.4685454668934372e-01 -6.2582583663043062e-02 0.0000000000000000e+00 1
-3.3295896632457334e-01 -9.2628153093754134e-02 0.0000000000000000e+00 1
-2.5915612314345438e-01 1.2272051962691100e-01 0.0000000000000000e+00 1
-2.5912250605709797e-01 1.5498411059023415e-01 0.0000000000000000e+00 1
-3.6867310241361928e-01 -1.0588041940773182e-01 0.0000000000000000e+00 1
-3.4538305991551721e-01 9.9753146942339097e-02 0.0000000000000000e+00 1
-3.2272472187142062e-02 1.8651571993101215e-01 0.0000000000000000e+00 1
1.0409019415947306e-01 8.7631313423441715e-02 0.0000000000000000e+00 1
1.2172255378617297e-01 3.1391040151164773e-01 0.0000000000000000e+00 1
-1.5306678595254614e-01 -7.9312135514796656e-02 0.0000000000000000e+00 1
1.3891287974986710e-01 4.8975673217572388e-02 0.0000000000000000e+00 1
-8.5474343308855130e-02 1.7923196214631390e-01 0.0000000000000000e+00 1
-2.5611699599756554e-01 2.7605592240220794e-01 0.0000000000000000e+00 1
-7.6067725895270638e-02 1.2136426861796734e-01 0.0000000000000000e+00 1
3.6425937839001346e-02 -1.3782779558870467e-01 0.0000000000000000e+00 1
-8.0401060002301947e-02 -3.6243081805002647e-01 0.0000000000000000e+00 1
-1.2497783340754109e-01 -3.5331982999377565e-01 0.0000000000000000e+00 1
9.5079409736147286e-02 -3.0983520771749234e-02 0.0000000000000000e+00 1
3.7529379428986881e-01 -3.0003925812915178e-01 0.0000000000000000e+00 1
2.8324601516779063e-01 -3.4214453938565287e-01 0.0000000000000000e+00 1
-2.2098516049515654e-01 2.5796121243448245e-01 0.0000000000000000e+00 1
-2.1749398841022605e-01 -2.4513972303713358e-01 0.0000000000000000e+00 1
9.4646498732852760e-02 2.7882120009619982e-01 0.0000000000000000e+00 1
-9.9096401249818472e-02 2.0023064091139475e-01 0.0000000000000000e+00 1
-4.2732801266975073e-01 -5.3047848769606540e-02 0.0000000000000000e+00 1
-1.4049724482336434e-01 1.9002211027687302e-01 0.0000000000000000e+00 1
-1.9957078218791499e-01 3.3218735238429753e-01 0.0000000000000000e+00 1
2.9273132898649618e-01 -3.5385837134492992e-01 0.0000000000000000e+00 1
9.4859788513084152e-03 -4.2065825756449876e-01 0.0000000000000000e+00 1
1.6150049617977438e-01 4.0526301013190491e-02 0.0000000000000000e+00 1
-3.2474091249783643e-01 -2.0839137074196282e-01 0.0000000000000000e+00 1
-1.8242675919444878e-01 2.7871365455828251e-01 0.0000000000000000e+00 1
-2.6864465510555374e-01 1.8060820093073304e-01 0.0000000000000000e+00 1
-1.7375850418257877e-01 -3.1238220187968197e-02 0.0000000000000000e+00 1
-2.6189590829017872e-01 1.7197805301129251e-01 0.0000000000000000e+00 1
-2.1567861024718760e-01 -8.0352919673911061e-02 0.0000000000000000e+00 1
-3.5058913625107650e-02 2.1151677413614026e-01 0.0000000000000000e+00 1
-3.2605778393404827e-01 -1.0169660462549399e-01 0.0000000000000000e+00 1
-6.2746810724864335e-02 7.0641449495711869e-02 0.0000000000000000e+00 1
-7.2814019731166149e-02 1.0587087503608796e-02 0.0000000000000000e+00 1
2.5530522030526726e-01 -4.8403560141920932e-01 0.0000000000000000e+00 1
4.8793307009994021e-02 -4.2446278130247128e-01 0.0000000000000000e+00 1
-9.4731329410618514e-02 -2.0857709213320103e-02 0.0000000000000000e+00 1
2.7084222241463074e-01 -3.4435300109674427e-01 0.0000000000000000e+00 1
-1.4165486650864431e-01 -1.8643690064001039e-01 0.0000000000000000e+00 1
-1.8619795279628221e-02 3.1338091222394826e-01 0.0000000000000000e+00 1
4.8882260722808374e-03 1.5850437854404514e-01 0.0000000000000000e+00 1
4.1719941614548955e-01 -1.4347870865294984e-01 0.0000000000000000e+00 1
-1.3376981217737322e-01 1.9944894889562548e-01 0.0000000000000000e+00 1
3.2808705165336538e-01 -2.4413268020150203e-01 0.0000000000000000e+00 1
-2.4801626411017622e-01 -2.6063217016805845e-01 0.0000000000000000e+00 1
2.7866529017660191e-01 9.4763402371564165e-02 0.0000000000000000e+00 1
4.3701271974586675e-02 4.3861443129870509e-01 0.0000000000000000e+00 1
-4.1239292104813824e-01 -1.3356442793840603e-01 0.0000000000000000e+00 1
9.1688179884708246e-02 -6.0590554346590837e-03 0.0000000000000000e+00 1
1.4965019794767706e-01 -4.5946557104753299e-01 0.0000000000000000e+00 1
3.0025658770117192e-01 -4.9937584519772699e-01 0.0000000000000000e+00 1
-2.7566397504662027e-01 2.3236026538333723e-01 0.0000000000000000e+00 1
9.5007844785937129e-02 1.7137374284984577e-01 0.0000000000000000e+00 1
-3.1382583319365559e-01 1.6764420195072727e-01 0.0000000000000000e+00 1
1.0387151760516029e-02 8.5375887340950751e-02 0.0000000000000000e+00 1
-6.6949898240703729e-02 2.2534008614304463e-01 0.0000000000000000e+00 1
-8.2789246965609048e-02 1.8602044207656421e-01 0.0000000000000000e+00 1
-3.1760663051113724e-01 1.8028232648289028e-01 0.0000000000000000e+00 1
3.6573768275530494e-01 -2.1571379230769452e-01 0.0000000000000000e+00 1
-5.9704749283533795e-02 1.6659487633295816e-01 0.0000000000000000e+00 1
2.3501258501159575e-01 -4.8083639385706267e-01 0.0000000000000000e+00 1
2.7512577956941159e-01 4.0620608779537423e-02 0.0000000000000000e+00 1
1.9720679836423993e-01 1.3544602377877121e-01 0.0000000000000000e+00 1
-2.0899060025251037e-01 -2.5684253322904044e-01 0.0000000000000000e+00 1
3.9475436076275416e-01 -7.0661152779362191e-02 0.0000000000000000e+00 1
-1.0740013065271345e-01 1.7030566565135652e-01 0.0000000000000000e+00 1
1.2412454821349349e-01 8.7614066577014107e-02 0.0000000000000000e+00 1
-3.1478370855599414e-01 -1.0078070721969852e-01 0.0000000000000000e+00 1
-1.3042582962917434e-01 2.4383892704522833e-01 0.0000000000000000e+00 1
3.1391435727238592e-01 -2.4478690401013220e-01 0.0000000000000000e+00 1
-3.4235124388284063e-02 2.6931394897383015e-01 0.0000000000000000e+00 1
-2.0640767856768152e-01 3.4040062272474814e-01 0.0000000000000000e+00 1
-2.5615120420265813e-01 1.6484698828721481e-01 0.0000000000000000e+00 1
-7.8147439798609726e-03 3.1693391079409799e-01 0.0000000000000000e+00 1
8.3902437895708532e-02 2.5214523285693174e-01 0.0000000000000000e+00 1
4.9071180139200088e-02 1.1478621766358113e-01 0.0000000000000000e+00 1
-2.0276167279456722e-01 1.2242488087764763e-01 0.0000000000000000e+00 1
-3.7187976342791257e-01 -1.1630941844968548e-01 0.0000000000000000e+00 1
1.3011859079592974e-03 3.2370368997637949e-01 0.0000000000000000e+00 1
-3.5526274875518338e-01 -1.2318031963072444e-01 0.0000000000000000e+00 1
-1.5181701927418559e-01 2.6493316209004164e-01 0.0000000000000000e+00 1
-1.9037615648723857e-01 4.5684080306821216e-02 0.0000000000000000e+00 1
-1.7533422097847218e-01 2.1217633316377171e-01 0.0000000000000000e+00 1
4.3471584189917944e-01 -4.3854929840845458e-01 0.0000000000000000e+00 1
-7.9760909726704632e-02 1.1423381671278462e-01 0.0000000000000000e+00 1
-2.2458538778861920e-01 2.4944046853715990e-01 0.0000000000000000e+00 1
2.4019138488154138e-01 -3.2518006500963714e-01 0.0000000000000000e+00 1
-1.9649947493316672e-01 -8.9109790433550273e-02 0.0000000000000000e+00 1
8.4384922526960962e-02 3.8716147783509369e-01 0.0000000000000000e+00 1
-2.5100985755459454e-01 2.8450207409556455e-01 0.0000000000000000e+00 1
-2.4930363840993619e-01 3.0068915124185219e-01 0.0000000000000000e+00 1
-1.6989081785491880e-01 1.6158925690551842e-01 0.0000000000000000e+00 1
-3.0784696142063728e-01 -1.0995803845627820e-01 0.0000000000000000e+00 1
-1.2014414813283682e-01 -1.9540601628474091e-01 0.0000000000000000e+00 1
3.6972448610134029e-01 -2.0100159346222837e-01 0.0000000000000000e+00 1
3.6735858181852121e-01 -2.8937258508299923e-01 0.0000000000000000e+00 1
-9.8393019906657775e-02 -3.2683175469724074e-02 0.0000000000000000e+00 1
-7.5857936112734614e-02 2.2774315208181087e-01 0.0000000000000000e+00 1
-8.5338580482335530e-02 1.6718050912007226e-01 0.0000000000000000e+00 1
-1.5705012998067538e-01 -9.7699333076563866e-02 0.0000000000000000e+00 1
1.8409466967825999e-01 2.3252886723317501e-01 0.0000000000000000e+00 1
2.1363800597631333e-01 3.3998386727361336e-02 0.0000000000000000e+00 1
3.1007925777901812e-01 -9.7552831874820976e-03 0.0000000000000000e+00 1
-9.9100404325034003e-02 1.5219007709294810e-01 0.0000000000000000e+00 1
1.2177527683238801e-01 2.9374846537831645e-01 0.0000000000000000e+00 1
-2.0033644227368422e-01 -2.6822467670317252e-01 0.0000000000000000e+00 1
-5.0179727428514259e-02 5.0839312066793943e-02 0.0000000000000000e+00 1
-2.6675654316098335e-01 2.5950726379323830e-01 0.0000000000000000e+00 1
2.0399295167434062e-01 4.7112026832527167e-02 0.0000000000000000e+00 1
2.7233765515362496e-01 7.9586547810981373e-02 0.0000000000000000e+00 1
2.5836215927030237e-01 -3.4572992815619163e-01 0.0000000000000000e+00 1
1.0259751875355372e-01 1.6156195926268224e-01 0.0000000000000000e+00 1
2.4978984266663032e-01 -3.3494455991366412e-01 0.0000000000000000e+00 1
3.9594468366176278e-01 -4.8082579425021083e-01 0.0000000000000000e+00 1
-6.3069865487779389e-02 2.2083179779280565e-01 0.0000000000000000e+00 1
1.0080758701493568e-01 2.6664115823304591e-01 0.0000000000000000e+00 1
-2.8105898693556847e-01 2.4083709172601736e-01 0.0000000000000000e+00 1
-1.8990922340719354e-01 -3.8559849608932745e-02 0.0000000000000000e+00 1
-8.2117243505607576e-02 1.7389181337389084e-01 0.0000000000000000e+00 1
-3.7048728350045537e-02 -3.8304227515243694e-01 0.0000000000000000e+00 1
3.1242850064490429e-01 -2.2240714516515134e-01 0.0000000000000000e+00 1
4.0357516227408196e-03 9.5078935007063103e-02 0.0000000000000000e+00 1
-1.5194310629991073e-01 -3.4021929773589632e-01 0.0000000000000000e+00 1
-1.9438084510005335e-01 2.7097068940605157e-01 0.0000000000000000e+00 1
7.6611179423215159e-02 -4.3330492966473905e-01 0.0000000000000000e+00 1
4.2293520867049336e-02 4.2174229055177048e-01 0.0000000000000000e+00 1
9.6972538197544242e-02 -4.4132337456035975e-01 0.0000000000000000e+00 1
-3.5638290026119618e-01 -1.8308515529369332e-01 0.0000000000000000e+00 1
-3.9089342061540577e-01 -1.5278276654236711e-01 0.0000000000000000e+00 1
-1.8277744312865907e-01 -5.9300275002223179e-02 0.0000000000000000e+00 1
-2.4424672802230860e-02 1.8792233385841156e-01 0.0000000000000000e+00 1
1.2045274981691023e-01 2.0439787133046572e-01 0.0000000000000000e+00 1
-1.9461320793468526e-01 3.6008210254930326e-02 0.0000000000000000e+00 1
-3.3105244027872703e-02 2.1756117876588396e-01 0.0000000000000000e+00 1
1.1748837310029270e-01 2.8131910599923793e-01 0.0000000000000000e+00 1
1.8770129311019060e-01 -9.6059725682510894e-02 0.0000000000000000e+00 1
2.1144566170667828e-01 1.3726288303008394e-01 0.0000000000000000e+00 1
4.4446518550882919e-01 -2.0499923414749488e-01 0.0000000000000000e+00 1
-2.0682208609264585e-01 3.4641241059122707e-01 0.0000000000000000e+00 1
4.2847155366243124e-02 1.5992991752080629e-01 0.0000000000000000e+00 1
-5.4303847772459835e-02 1.8570150676237218e-01 0.0000000000000000e+00 1
-3.0142211921923656e-01 -2.2536238368577638e-01 0.0000000000000000e+00 1
-1.8928193787897341e-01 3.2945090109460035e-01 0.0000000000000000e+00 1
-1.8270108716322481e-02 6.6979679379862954e-04 0.0000000000000000e+00 1
-2.0006221590366202e-01 -1.0633720097687345e-01 0.0000000000000000e+00 1
3.6014396061251819e-01 -1.8945434247500889e-01 0.0000000000000000e+00 1
-2.3778628301792881e-01 2.9343699099997456e-01 0.0000000000000000e+00 1
5.8227231854141422e-02 -1.4604381306904810e-01 0.0000000000000000e+00 1
-3.2912526506888684e-01 1.0550907293350460e-01 0.0000000000000000e+00 1
-1.4641737610837224e-01 4.4347662052394522e-02 0.0000000000000000e+00 1
-8.0202979313321793e-02 -3.6746315863537597e-02 0.0000000000000000e+00 1
-2.4403237863980953e-01 1.9215814009240431e-01 0.0000000000000000e+00 1
-1.0539948001944049e-01 -3.6440762375817570e-01 0.0000000000000000e+00 1
-2.2825346964072840e-01 2.4074146737714722e-01 0.0000000000000000e+00 1
-1.7953449661406617e-01 -2.7701047097573550e-01 0.0000000000000000e+00 1
-1.8820681130544145e-01 2.6000260067274361e-01 0.0000000000000000e+00 1
2.0336427845148258e-01 -9.3825881619261725e-02 0.0000000000000000e+00 1
4.5165486844303028e-02 9.8638932462571965e-02 0.0000000000000000e+00 1
1.7061379282874536e-01 -4.6499403783315524e-01 0.0000000000000000e+00 1
-5.7092136227579533e-02 6.2321062240333278e-02 0.0000000000000000e+00 1
-3.7065694256696508e-02 2.5604512041710809e-01 0.0000000000000000e+00 1
7.8325923797411837e-02 -7.2432417936840340e-02 0.0000000000000000e+00 1
4.7136315208029383e-01 -3.1454799919065518e-01 0.0000000000000000e+00 1
8.1734666833889844e-02 -6.0146766519529556e-02 0.0000000000000000e+00 1
-1.1192019507490494e-01 -2.0677203193378252e-01 0.0000000000000000e+00 1
-7.9962616295861447e-02 2.1467673240957935e-01 0.0000000000000000e+00 1
2.3092084184086231e-02 -4.1177880751074558e-01 0.0000000000000000e+00 1
7.4675179272185394e-02 -4.0527997330131300e-02 0.0000000000000000e+00 1
3.0420256138667068e-01 -2.1107681502603726e-01 0.0000000000000000e+00 1
-7.0309916705133937e-02 -8.4813430496598965e-03 0.0000000000000000e+00 1
4.7233169095357713e-01 -3.3653915921268374e-01 0.0000000000000000e+00 1
9.6028550673631381e-03 3.2750668788293463e-01 0.0000000000000000e+00 1
-1.0239215119616552e-01 1.6423410650297968e-01 0.0000000000000000e+00 1
1.5758500510070089e-02 2.5302817269717370e-01 0.0000000000000000e+00 1
-2.6975356349144680e-01 -2.4974704298582850e-01 0.0000000000000000e+00 1
-1.5550409672574811e-01 2.3960311167010379e-01 0.0000000000000000e+00 1
1.9280561608396568e-01 2.2100894615661371e-01 0.0000000000000000e+00 1
-3.8475095099612266e-01 8.7931839264848960e-02 0.0000000000000000e+00 1
-9.6482815547513451e-02 1.5893566902847384e-01 0.0000000000000000e+00 1
-3.8892370221789613e-01 6.8899395753340018e-02 0.0000000000000000e+00 1
-2.9638008152045153e-01 -1.0839142759321208e-01 0.0000000000000000e+00 1
1.1053055298063603e-01 1.5126866743079082e-01 0.0000000000000000e+00 1
2.2738711379670429e-01 1.4036854992746184e-01 0.0000000000000000e+00 1
-3.4842019057389506e-01 -1.3227580502428127e-01 0.0000000000000000e+00 1
-1.9875442058725673e-01 2.6278292603888722e-02 0.0000000000000000e+00 1
1.3588156165807910e-01 2.0443085465586913e-01 0.0000000000000000e+00 1
-2.0731459805476321e-01 6.7154676709142670e-03 0.0000000000000000e+00 1
-1.0348204416404180e-01 2.2759773236902792e-01 0.0000000000000000e+00 1
2.6554446683319588e-01 6.5311387512298147e-02 0.0000000000000000e+00 1
-1.6597207013086818e-01 -3.1674882134284515e-01 0.0000000000000000e+00 1
-1.0094012064213295e-01 1.4608192038550527e-01 0.0000000000000000e+00 1
-1.6222624024841998e-02 1.8952379184167459e-01 0.0000000000000000e+00 1
-4.2970825117122902e-01 -6.0793348687740695e-02 0.0000000000000000e+00 1
-1.7308852131894931e-01 1.5360556353396493e-01 0.0000000000000000e+00 1
-3.1436034571587390e-01 1.9173951591891353e-01 0.0000000000000000e+00 1
-1.9506174291180500e-01 -4.6937082935415333e-02 0.0000000000000000e+00 1
6.6917188266640296e-02 -1.5715034707235198e-01 0.0000000000000000e+00 1
-1.3903521159001783e-01 -9.9366304211282036e-02 0.0000000000000000e+00 1
8.5252270370884647e-02 2.6109849214968961e-01 0.0000000000000000e+00 1
2.0696897423301799e-01 2.4009356232175396e-02 0.0000000000000000e+00 1
-2.7533003515141241e-01 1.8886925595533266e-01 0.0000000000000000e+00 1
-9.1056934451303695e-02 1.6719930293124285e-01 0.0000000000000000e+00 1
3.9356534984920827e-01 -9.4145741121233889e-02 0.0000000000000000e+00 1
3.3366027870350312e-01 -1.3186190980630150e-02 0.0000000000000000e+00 1
-5.7588276642606018e-02 1.7375023105155463e-01 0.0000000000000000e+00 1
4.6000766372423674e-01 -2.5851042065731489e-01 0.0000000000000000e+00 1
5.8865334506444267e-02 -7.7218010051571237e-02 0.0000000000000000e+00 1
-3.4762472083822071e-01 9.0819358807377820e-02 0.0000000000000000e+00 1
-2.8441806819446946e-01 -1.0787325558584482e-01 0.0000000000000000e+00 1
-7.5276362275029374e-02 1.0758529116334856e-01 0.0000000000000000e+00 1
-3.4232095583831068e-01 -1.4116765665754094e-01 0.0000000000000000e+00 1
3.3762388532803955e-01 -1.8423334228358737e-01 0.0000000000000000e+00 1
-1.5861626308274790e-01 2.4555815431539446e-01 0.0000000000000000e+00 1
3.5973836258914449e-01 -2.7992047939280162e-01 0.0000000000000000e+00 1
-8.4283055549047747e-02 -5.3086262705076860e-02 0.0000000000000000e+00 1
4.9271886872286501e-02 4.3900783690041029e-01 0.0000000000000000e+00 1
6.0667447330911825e-02 4.0576444368645587e-01 0.0000000000000000e+00 1
4.7547869716415808e-01 -3.8175364225656128e-01 0.0000000000000000e+00 1
-2.5460496229919022e-01 1.9043994160520522e-01 0.0000000000000000e+00 1
6.3306904703189615e-02 9.5297918987412827e-02 0.0000000000000000e+00 1
-3.4274422134376492e-01 -1.9371304850243667e-01 0.0000000000000000e+00 1
1.9932612252302490e-02 3.2935853559042777e-01 0.0000000000000000e+00 1
-1.5659793516644879e-01 2.7076787270109337e-01 0.0000000000000000e+00 1
2.1607831899084678e-01 -1.1462792456404740e-01 0.0000000000000000e+00 1
-6.9169866688945453e-02 -3.5711492957303281e-01 0.0000000000000000e+00 1
1.4383803128020733e-01 1.9343612690543199e-01 0.0000000000000000e+00 1
7.5626250831213798e-02 -1.7048267356370750e-01 0.0000000000000000e+00 1
-2.0289459643107521e-01 1.6455451763680500e-02 0.0000000000000000e+00 1
3.7545665082985197e-01 -4.0453407876108627e-01 0.0000000000000000e+00 1
-2.1862038995623367e-01 -1.5128590391373507e-02 0.0000000000000000e+00 1
-2.3157601120955401e-01 2.3279557218707175e-01 0.0000000000000000e+00 1
3.5728028310674065e-01 -4.0923542092458737e-01 0.0000000000000000e+00 1
-1.3586402629099284e-01 4.6358759449423650e-02 0.0000000000000000e+00 1
1.2568299219740692e-01 3.0535521791665399e-01 0.0000000000000000e+00 1
-1.1691970727829933e-01 -2.1876241706327795e-01 0.0000000000000000e+00 1
-3.3433259750189392e-01 -1.5504757314452772e-01 0.0000000000000000e+00 1
-4.0927428751883999e-01 1.3666531341639601e-02 0.0000000000000000e+00 1
4.6890444601025971e-01 -3.6836578905387185e-01 0.0000000000000000e+00 1
-4.0506193064408214e-01 2.4140322593968467e-02 0.0000000000000000e+00 1
-4.2836640468032300e-01 -1.0572035506787501e-01 0.0000000000000000e+00 1
-1.1337605509602497e-01 2.3235906363842793e-01 0.0000000000000000e+00 1
-2.1189224788985758e-01 -2.0003132082672976e-03 0.0000000000000000e+00 1
1.1647714522915054e-01 1.4154531282522778e-01 0.0000000000000000e+00 1
-3.7267723986068946e-01 8.8929282061829845e-02 0.0000000000000000e+00 1
-4.0065520227853502e-01 3.4557690755923041e-02 0.0000000000000000e+00 1
4.6724032749310795e-01 -2.3343432835729189e-01 0.0000000000000000e+00 1
2.1565509678509717e-01 3.5162009434024457e-03 0.0000000000000000e+00 1
2.8923800113347137e-01 -2.1276196130770025e-01 0.0000000000000000e+00 1
3.4213085446605257e-01 -1.6362967020502986e-01 0.0000000000000000e+00 1
4.6875942308824997e-01 -2.9221016213126932e-01 0.0000000000000000e+00 1
-2.1053396241776812e-01 1.2175736377838073e-01 0.0000000000000000e+00 1
-4.5171495657995067e-02 3.5470260965933212e-02 0.0000000000000000e+00 1
-1.6732579138278425e-01 -2.9413960814794249e-01 0.0000000000000000e+00 1
-1.8184036674443363e-01 -1.0786956801307485e-01 0.0000000000000000e+00 1
-4.3904145090337221e-01 -8.9351931525580047e-02 0.0000000000000000e+00 1
-6.6209670942844426e-02 5.6317440826541111e-03 0.0000000000000000e+00 1
-2.4604386524006738e-01 2.9267345699225461e-01 0.0000000000000000e+00 1
-1.2500871556638132e-01 4.7495008134350730e-02 0.0000000000000000e+00 1
-1.4881605467802622e-01 3.6777923645041441e-02 0.0000000000000000e+00 1
5.8588924932085146e-02 1.5942737490147663e-01 0.0000000000000000e+00 1
-6.4366470449196564e-02 1.5898454749071339e-01 0.0000000000000000e+00 1
-1.6953303395070030e-01 2.4613297373776666e-01 0.0000000000000000e+00 1
-4.2374799141247650e-02 -9.1503997472770424e-03 0.0000000000000000e+00 1
2.0008996351455524e-01 -4.8640211811318096e-01 0.0000000000000000e+00 1
-3.9611197543998472e-01 4.5007335803697146e-02 0.0000000000000000e+00 1
-4.7829436813911219e-02 2.4489888076970640e-01 0.0000000000000000e+00 1
8.1240688286116108e-02 3.7721141478816300e-01 0.0000000000000000e+00 1
4.7568104294127313e-02 4.3690930583508542e-01 0.0000000000000000e+00 1
-9.6928039110190878e-02 2.2721529002934776e-01 0.0000000000000000e+00 1
6.2427437523563563e-03 7.7333724546548868e-02 0.0000000000000000e+00 1
3.8616608317327250e-01 -4.1680904902134491e-01 0.0000000000000000e+00 1
2.4152656999976396e-01 1.4174615430449425e-01 0.0000000000000000e+00 1
8.3552523422604524e-02 -1.8197075058226880e-01 0.0000000000000000e+00 1
-3.0815236078061029e-02 2.7519057662870033e-01 0.0000000000000000e+00 1
-1.2122690915820557e-01 2.3626483191740377e-01 0.0000000000000000e+00 1
2.8797697573839504e-01 -4.8717797720695366e-01 0.0000000000000000e+00 1
-2.9346637031849060e-01 1.9642308450208551e-01 0.0000000000000000e+00 1
2.9256084438934595e-02 3.3164788350687557e-01 0.0000000000000000e+00 1
1.6603638353623915e-02 6.7618737833936141e-02 0.0000000000000000e+00 1
-2.6469608990635579e-01 1.8936581012472545e-01 0.0000000000000000e+00 1
-2.3353007542157755e-01 3.0838308154280264e-01 0.0000000000000000e+00 1
-1.2888076500925681e-02 3.3114053383017511e-01 0.0000000000000000e+00 1
-1.7618164767068298e-01 1.4630261299259661e-01 0.0000000000000000e+00 1
2.2581516466436755e-01 -3.3910894289488541e-01 0.0000000000000000e+00 1
1.3486604880687292e-01 1.4114906973621713e-01 0.0000000000000000e+00 1
-8.1329684443205486e-02 2.0690668153430936e-01 0.0000000000000000e+00 1
-1.0014489267490070e-01 9.6928414527133022e-02 0.0000000000000000e+00 1
-2.7692942521413966e-01 -1.1713581010143226e-01 0.0000000000000000e+00 1
2.7962854499995043e-01 -2.0168921949894775e-01 0.0000000000000000e+00 1
7.0245572155035366e-02 8.4770737814113706e-02 0.0000000000000000e+00 1
-6.5755121530179941e-02 -5.7120354774353982e-02 0.0000000000000000e+00 1
-1.6961267078593714e-01 2.0490177597450474e-01 0.0000000000000000e+00 1
-2.7877650644888491e-01 1.9647033812130502e-01 0.0000000000000000e+00 1
-2.7664571963626600e-01 2.4850963805595974e-01 0.0000000000000000e+00 1
7.8939152131330168e-02 -1.9237944249745953e-01 0.0000000000000000e+00 1
4.4911637150100631e-02 4.4093958353351792e-01 0.0000000000000000e+00 1
-6.0030267826776999e-02 2.1684425286351844e-01 0.0000000000000000e+00 1
2.0032171547132774e-01 2.1067714890164377e-01 0.0000000000000000e+00 1
-1.8412302154080326e-01 -1.2480971617550847e-01 0.0000000000000000e+00 1
-1.6868830143241820e-01 2.7678157935473408e-01 0.0000000000000000e+00 1
2.4490377866615037e-01 -4.8514363434867946e-01 0.0000000000000000e+00 1
-3.3344141103487990e-01 -1.7658021249856176e-01 0.0000000000000000e+00 1
-1.6197907007941442e-01 3.3470152009399033e-02 0.0000000000000000e+00 1
-2.5346867674035578e-01 -1.3536294690356274e-01 0.0000000000000000e+00 1
-3.9205693159663246e-01 5.4967983564146082e-02 0.0000000000000000e+00 1
-1.8302380887265376e-01 2.5330959019355298e-01 0.0000000000000000e+00 1
1.0259791709625377e-01 3.4138952548468043e-01 0.0000000000000000e+00 1
-6.7805702723993111e-02 2.3509476650426145e-01 0.0000000000000000e+00 1
-5.4687524629660526e-02 4.5187419680902785e-02 0.0000000000000000e+00 1
-4.1295468364323940e-01 3.6343972058644207e-03 0.0000000000000000e+00 1
4.1368011575534952e-01 -4.5958693716565679e-01 0.0000000000000000e+00 1
-1.8924836875250967e-01 3.1857333027140622e-01 0.0000000000000000e+00 1
2.5878765337184273e-01 5.5828529017010790e-02 0.0000000000000000e+00 1
1.2652353070603910e-02 1.4947514348025456e-01 0.0000000000000000e+00 1
-2.7010177614609754e-01 -1.2654293095560173e-01 0.0000000000000000e+00 1
2.9157949120286061e-02 4.1244836119698830e-01 0.0000000000000000e+00 1
-1.8463313470580425e-01 3.1236114311584018e-01 0.0000000000000000e+00 1
3.3191955725868866e-01 -1.5428603739684016e-01 0.0000000000000000e+00 1
-1.4219062403933783e-01 -1.1784574012588736e-01 0.0000000000000000e+00 1
-3.6047833110763511e-01 8.9705839102606516e-02 0.0000000000000000e+00 1
-3.0224657977874053e-01 2.1156352490156022e-01 0.0000000000000000e+00 1
1.6477717718198490e-02 3.7692833819861038e-01 0.0000000000000000e+00 1
-1.1426836131004271e-01 4.8638044687429813e-02 0.0000000000000000e+00 1
4.5838750583311749e-01 -4.0730678285302424e-01 0.0000000000000000e+00 1
4.6589232014004067e-01 -3.9574613145795212e-01 0.0000000000000000e+00 1
3.6630821228071031e-01 -4.0704936779968015e-01 0.0000000000000000e+00 1
-5.6366621420106719e-02 -8.4196852241707042e-03 0.0000000000000000e+00 1
-1.1104355689069091e-01 1.4257138830599203e-01 0.0000000000000000e+00 1
-1.0725794043045177e-01 8.6718836508448083e-02 0.0000000000000000e+00 1
9.8775032385321315e-02 3.3273583620884195e-01 0.0000000000000000e+00 1
2.6725975769906068e-01 -2.0376463472980474e-01 0.0000000000000000e+00 1
-5.5447672242409700e-02 1.8013203142723302e-01 0.0000000000000000e+00 1
-6.6694529341584513e-02 9.9365101106250353e-02 0.0000000000000000e+00 1
-1.4778393201811613e-01 1.9762382296931880e-01 0.0000000000000000e+00 1
1.3249863907057893e-01 1.2112951238772814e-01 0.0000000000000000e+00 1
-3.1626823249451347e-01 -2.1665053204585039e-01 0.0000000000000000e+00 1
-1.7996244262082953e-01 3.0592912147564583e-01 0.0000000000000000e+00 1
-2.5307798097420126e-01 1.4873610104530025e-01 0.0000000000000000e+00 1
3.2849495029589582e-01 -3.4967141679074137e-02 0.0000000000000000e+00 1
-6.0627466766618232e-02 2.4142439389455850e-01 0.0000000000000000e+00 1
9.8630211430413894e-02 2.7356891884466349e-02 0.0000000000000000e+00 1
-1.7118972746499300e-01 2.9082962952109881e-01 0.0000000000000000e+00 1
-3.0881842211434152e-01 2.0234700116993867e-01 0.0000000000000000e+00 1
-1.7542556496927272e-01 2.9957562880865385e-01 0.0000000000000000e+00 1
2.6254122077668685e-01 -1.7779475996953062e-01 0.0000000000000000e+00 1
6.6561963756403178e-02 7.5293985786422990e-02 0.0000000000000000e+00 1
1.3725598945020517e-01 -4.4338281161956394e-01 0.0000000000000000e+00 1
3.0940913358780320e-01 -1.4986629372782823e-01 0.0000000000000000e+00 1
-1.0500642617091521e-01 5.1145483662580545e-02 0.0000000000000000e+00 1
-3.2346990263832204e-01 1.1438404661409568e-01 0.0000000000000000e+00 1
-2.4127821175670330e-01 2.3160548840041048e-01 0.0000000000000000e+00 1
-1.2624235724032666e-02 -8.8997803583711378e-03 0.0000000000000000e+00 1
-2.1450797770044150e-01 3.4784391410153148e-01 0.0000000000000000e+00 1
-1.6498468834864141e-01 1.9774550121636922e-01 0.0000000000000000e+00 1
5.6339552654299976e-02 1.4306364710738409e-01 0.0000000000000000e+00 1
1.5208692652486194e-01 1.1952500440957055e-01 0.0000000000000000e+00 1
-1.5984019467066973e-01 1.9153604997499477e-01 0.0000000000000000e+00 1
-2.4706269531720931e-01 -1.1444299010846899e-01 0.0000000000000000e+00 1
-2.9748947785909668e-01 2.0369603381946313e-01 0.0000000000000000e+00 1
-1.8181835279071756e-01 2.1170966200809477e-01 0.0000000000000000e+00 1
-5.7597392379894342e-02 -6.5740114430611132e-02 0.0000000000000000e+00 1
-3.3980259182889078e-01 -1.6121146307409659e-01 0.0000000000000000e+00 1
-2.0534220952332252e-01 -2.7820369459966138e-01 0.0000000000000000e+00 1
3.1296080062004727e-01 -1.2896257709127681e-01 0.0000000000000000e+00 1
-2.2011412898768234e-01 3.2424640152828821e-01 0.0000000000000000e+00 1
-1.7131037177167285e-01 2.5134119998830284e-01 0.0000000000000000e+00 1
-9.3648383198044610e-02 -2.2790803734903292e-01 0.0000000000000000e+00 1
-7.4004688661577570e-02 1.4901644004763487e-01 0.0000000000000000e+00 1
-1.1607958405906196e-01 8.5303959423236916e-02 0.0000000000000000e+00 1
-5.6460720239144141e-02 -3.7506654668164374e-01 0.0000000000000000e+00 1
-2.1321624240571349e-01 -8.8496764377829079e-02 0.0000000000000000e+00 1

Edges
267
1 2 1
2 3 1
3 4 1
4 5 1
5 6 1
6 7 1
7 8 1
8 9 1
9 10 1
10 11 1
11 12 1
12 13 1
13 14 1
14 15 1
15 16 1
16 17 1
17 18 1
18 19 1
19 20 1
20 21 1
21 22 1
22 23 1
23 24 1
24 25 1
25 26 1
26 27 1
27 28 1
28 29 1
29 30 1
30 31 1
31 32 1
32 33 1
33 34 1
34 35 1
35 36 1
36 37 1
37 38 1
38 39 1
39 40 1
40 41 1
41 42 1
42 43 1
43 44 1
44 45 1
45 46 1
46 47 1
47 48 1
48 49 1
49 50 1
50 51 1
51 52 1
52 53 1
53 54 1
54 55 1
55 56 1
56 57 1
57 58 1
58 59 1
59 60 1
60 61 1
61 62 1
62 63 1
63 64 1
64 65 1
65 66 1
66 67 1
67 68 1
68 69 1
69 70 1
70 71 1
71 72 1
72 73 1
73 74 1
74 75 1
75 76 1
76 77 1
77 78 1
78 79 1
79 80 1
80 81 1
81 82 1
82 83 1
83 84 1
84 85 1
85 86 1
86 87 1
87 88 1
88 89 1
89 90 1
90 91 1
91 92 1
92 93 1
93 94 1
94 95 1
95 96 1
96 97 1
97 98 1
98 99 1
99 100 1
100 101 1
101 102 1
102 103 1
103 104 1
104 105 1
105 106 1
106 107 1
107 108 1
108 109 1
109 110 1
110 111 1
111 112 1
112 113 1
113 114 1
114 115 1
115 116 1
116 117 1
117 118 1
118 119 1
119 120 1
120 121 1
121 122 1
122 123 1
123 124 1
124 125 1
125 126 1
126 127 1
127 128 1
128 129 1
129 130 1
130 131 1
131 132 1
132 133 1
133 134 1
134 135 1
135 136 1
136 137 1
137 138 1
138 139 1
139 140 1
140 141 1
141 142 1
142 143 1
143 144 1
144 145 1
145 146 1
146 147 1
147 148 1
148 149 1
149 150 1
150 151 1
151 152 1
152 153 1
153 154 1
154 155 1
155 156 1
156 157 1
157 158 1
158 159 1
159 160 1
160 161 1
161 162 1
162 163 1
163 164 1
164 165 1
165 166 1
166 167 1
167 168 1
168 169 1
169 170 1
170 171 1
171 172 1
172 173 1
173 174 1
174 175 1
175 176 1
176 177 1
177 178 1
178 179 1
179 180 1
180 181 1
181 182 1
182 183 1
183 184 1
184 185 1
185 186 1
186 187 1
187 188 1
188 189 1
189 190 1
190 191 1
191 192 1
192 193 1
193 194 1
194 195 1
195 196 1
196 197 1
197 198 1
198 199 1
199 200 1
200 201 1
201 202 1
202 203 1
203 204 1
204 205 1
205 206 1
206 207 1
207 208 1
208 209 1
209 210 1
210 211 1
211 212 1
212 213 1
213 214 1
214 215 1
215 216 1
216 217 1
217 218 1
218 219 1
219 220 1
220 221 1
221 222 1
222 223 1
223 224 1
224 225 1
225 226 1
226 227 1
227 228 1
228 229 1
229 230 1
230 231 1
231 232 1
232 233 1
233 234 1
234 235 1
235 236 1
236 237 1
237 238 1
238 239 1
239 240 1
240 241 1
241 242 1
242 243 1
243 244 1
244 245 1
245 246 1
246 247 1
247 248 1
248 249 1
249 250 1
250 251 1
251 252 1
252 253 1
253 254 1
254 255 1
255 256 1
256 257 1
257 258 1
258 259 1
259 260 1
260 261 1
261 262 1
262 263 1
263 264 1
264 265 1
265 266 1
266 267 1
267 1 1

Triangles
8873
2954 374 3173 1
2849 2850 3628 1
3536 244 4380 1
3909 3204 4021 1
1991 2863 2864 1
2669 463 3147 1
4 5 3673 1
1781 2168 4055 1
2589 355 2633 1
2749 2814 3952 1
2911 3995 4058 1
2888 2887 3997 1
3861 2245 3980 1
355 2589 2632 1
210 377 4339 1
2747 2693 3794 1
605 2832 4267 1
3668 3385 4262 1
1649 2639 2853 1
243 244 3536 1
324 3308 3657 1
2687 1846 4256 1
1850 2695 3928 1
150 151 4247 1
1139 1649 2853 1
2867 1015 3529 1
2113 1761 2854 1
2786 3885 3980 1
133 134 2829 1
3042 2407 4153 1
4007 376 4194 1
363 2849 3628 1
3885 1400 3980 1
354 3672 3673 1
2722 4274 4279 1
2866 1015 2867 1
1762 2940 4144 1
3709 2028 4031 1
3375 2617 3619 1
3286 3709 4031 1
2407 3042 4121 1
2388 2705 3803 1
376 4007 4008 1
3856 3007 4330 1
3708 2379 4063 1
742 3017 3019 1
71 72 3611 1
2705 1026 3803 1
2814 344 3952 1
556 558 4110 1
2289 3065 3417 1
817 842 3268 1
1902 2888 3997 1
1015 2866 3741 1
2866 2600 3741 1
692 2984 2986 1
3147 463 3148 1
3606 2440 3932 1
1897 1924 3063 1
2604 1026 2705 1
286 2622 3826 1
3206 1670 3207 1
4052 2451 4066 1
2335 2337 3331 1
2906 287 2908 1
354 3545 3672 1
2832 605 4190 1
2579 2687 4256 1
1765 1764 2701 1
2599 349 2697 1
2159 3310 3311 1
703 701 3978 1
2601 329 3751 1
272 2570 2687 1
3075 845 3328 1
2960 3758 4549 1
2178 1897 3063 1
2693 2747 2869 1
2462 2460 3109 1
3328 845 3329 1
454 2602 4452 1
3264 1876 3266 1
3086 2487 4041 1
720 2620 4568 1
3075 3072 4197 1
305 3083 3221 1
272 181 2570 1
3464 2553 4226 1
61 62 3663 1
838 769 3076 1
3109 2460 4245 1
3065 2289 4374 1
1754 3668 4262 1
1991 2862 2863 1
1716 2000 2703 1
349 2599 3550 1
2159 2158 3310 1
2590 2617 3375 1
2822 3871 3914 1
412 414 3930 1
1026 2604 2794 1
2758 886 3243 1
2714 3184 3185 1
2648 1765 2701 1
473 3509 3510 1
2430 3697 4174 1
3491 3490 4147 1
1328 2600 2747 1
2854 1762 4144 1
676 679 2987 1
2278 2888 4003 1
2163 2605 4558 1
2695 2345 3928 1
3110 2230 3159 1
2605 2163 2699 1
1381 3570 4479 1
312 2590 3375 1
3421 3606 3932 1
2555 360 3723 1
280 3632 3648 1
2377 2376 2716 1
1145 1068 3301 1
2256 2724 2737 1
2742 1781 4055 1
2600 1328 3741 1
2602 454 3364 1
1292 3856 4330 1
1106 1117 3178 1
374 2954 4248 1
1104 1106 3178 1
3205 1670 3206 1
3172 315 3624 1
4274 4165 4279 1
376 4008 4247 1
81 82 3864 1
3567 324 3657 1
2724 2099 2737 1
2620 720 2744 1
1656 2645 2835 1
1199 1197 3209 1
711 1656 2835 1
1328 2747 3794 1
134 346 2829 1
2590 312 3120 1
1561 3249 3251 1
1981 2736 4421 1
122 123 3989 1
4000 1174 4097 1
2911 3907 3995 1
2465 3349 3771 1
2816 2032 4170 1
3073 838 3076 1
2487 3086 3949 1
3163 2554 3526 1
3732 3548 4152 1
2598 3696 4499 1
855 3200 3202 1
3349 2465 4424 1
2599 3120 3550 1
1070 1072 4127 1
879 3215 3218 1
3421 3932 4093 1
2615 1185 3519 1
2470 4000 4097 1
1382 2821 2862 1
2816 2296 2818 1
2111 2701 2702 1
2130 1965 4027 1
2736 1981 4502 1
3211 3643 3906 1
2960 3656 3758 1
2888 2278 4023 1
459 457 3149 1
3624 315 4245 1
313 121 2871 1
1538 2771 4212 1
3207 1199 3209 1
2565 3902 4032 1
3758 1724 4549 1
187 273 2610 1
2818 2296 2855 1
1876 3264 3522 1
3120 312 3550 1
1381 3426 3570 1
3643 3211 4447 1
3062 2178 3063 1
307 2654 2656 1
839 3909 4021 1
2546 2965 3038 1
2522 4071 4308 1
2379 3708 3968 1
3771 1228 4357 1
340 2706 3056 1
3696 2598 3697 1
1608 1610 3021 1
1930 3046 3047 1
2112 2648 2701 1
855 3202 3203 1
455 452 3148 1
2995 2993 3473 1
3215 879 3269 1
3159 2230 3160 1
2821 2822 2862 1
3620 3757 4195 1
3632 280 4325 1
2147 2149 3313 1
2111 2702 4077 1
1402 1199 3207 1
98 99 3438 1
4071 3156 4308 1
743 2583 3044 1
3152 3153 4224 1
4141 1301 4205 1
1334 2665 3347 1
2622 286 4406 1
1754 3394 3668 1
3364 454 3788 1
3342 3785 3791 1
360 2555 4089 1
879 3218 3219 1
845 3075 4197 1
1253 2629 2711 1
2693 2869 2870 1
2476 4014 4073 1
2692 1583 2694 1
293 3272 3378 1
3785 1772 3791 1
2838 4045 4209 1
2000 2557 2703 1
1753 278 2606 1
602 3421 4093 1
3879 2904 4048 1
1658 1826 2739 1
377 2478 2479 1
2610 273 2778 1
330 2951 4168 1
3175 1117 3176 1
305 3221 3778 1
1638 2995 3473 1
3394 1754 4042 1
2588 3807 4486 1
2617 1875 2845 1
4181 4217 4316 1
78 3953 4525 1
3061 2178 3062 1
839 3211 3906 1
3838 2843 3950 1
340 3056 4475 1
2874 2858 2875 1
1283 2652 2667 1
4014 479 4073 1
2722 303 4274 1
1400 3861 3980 1
2435 3265 3286 1
3153 4141 4205 1
1930 3047 4530 1
692 2986 2987 1
2321 2925 3823 1
1667 2634 3575 1
3184 2714 3870 1
2858 2874 4220 1
2672 1577 2748 1
1253 2711 3432 1
2898 2064 3883 1
1583 2692 2870 1
2159 3311 3312 1
1657 1658 3686 1
2995 1638 2997 1
2620 2743 4568 1
901 903 3999 1
4051 2632 4052 1
3220 361 3778 1
2468 3055 3056 1
3366 3364 3788 1
2629 1253 3044 1
2674 297 4474 1
3216 3215 3269 1
2704 313 2871 1
275 4051 4052 1
2920 2249 4220 1
2654 307 2741 1
1934 1714 2890 1
1658 2739 3686 1
3303 2342 4064 1
1714 1797 2890 1
159 160 3733 1
2543 3438 4242 1
2631 338 3881 1
2245 2785 3980 1
3211 839 4021 1
1542 2628 2813 1
3095 2340 3331 1
2676 332 2834 1
2639 1649 2810 1
4045 490 4209 1
751 811 3899 1
564 562 3355 1
2340 3095 4498 1
2784 1432 2786 1
2740 2014 3756 1
3083 305 3867 1
1716 2703 3171 1
1744 1892 3041 1
1761 1762 2854 1
2703 2557 4260 1
2465 3771 4357 1
2278 3501 4023 1
1185 2615 3584 1
2634 1667 3300 1
1295 2681 3514 1
1333 3011 4135 1
1577 1872 2748 1
296 4 3673 1
2904 367 2905 1
2043 2679 2688 1
1261 2980 2982 1
3015 2051 3017 1
1117 3175 3177 1
1088 2111 4077 1
2628 1542 2777 1
2738 2242 3292 1
2881 703 3978 1
63 64 3929 1
2196 2672 2748 1
709 705 2881 1
4013 1088 4077 1
3656 2960 3722 1
3426 1381 3749 1
2500 3464 4226 1
2660 2014 2740 1
3925 340 4475 1
2745 412 3930 1
3082 3083 3867 1
2016 1283 2667 1
2965 352 3038 1
2897 2898 3883 1
2753 3118 3798 1
1523 3491 4147 1
2301 4052 4066 1
3017 742 3024 1
2783 1432 2784 1
2334 2332 3177 1
2157 1139 2853 1
2296 2816 4170 1
473 3510 3511 1
3807 2588 4054 1
2468 1859 3055 1
2435 3286 4031 1
4046 3090 4059 1
2679 2008 2688 1
336 4007 4194 1
78 79 3953 1
1208 2818 2855 1
2871 122 3989 1
3501 2278 4124 1
2885 2672 3816 1
2951 330 3553 1
3011 1333 4228 1
3121 1284 3805 1
681 684 2989 1
297 2826 4474 1
1109 1111 3176 1
1117 1109 3176 1
189 340 3925 1
560 853 2974 1
3819 2621 3855 1
2302 1982 3271 1
1481 1716 3171 1
2889 1934 2890 1
314 2738 3292 1
3249 1561 3256 1
2925 2924 3823 1
2767 2350 2813 1
2544 283 4101 1
3107 1549 4528 1
3210 1669 3212 1
2988 2986 3026 1
3301 1070 4127 1
1292 3008 3856 1
3464 2883 4356 1
558 2974 4110 1
2984 692 2989 1
2207 4059 4072 1
2574 3426 3749 1
2711 2713 3432 1
2608 2207 4072 1
329 2601 4047 1
679 692 2987 1
3153 620 4224 1
2199 2749 3952 1
463 455 3148 1
2422 3896 4239 1
714 711 2835 1
2883 3464 4324 1
2716 2376 4117 1
2670 2703 4260 1
1775 3342 3620 1
2530 2740 3756 1
4094 2547 4265 1
2885 2235 3417 1
817 3268 3269 1
3872 2360 4122 1
2014 2660 2739 1
2742 2163 4558 1
358 2668 3437 1
3000 1636 3002 1
2771 2724 4212 1
2769 1665 3106 1
2908 287 3929 1
1150 1186 3959 1
3002 1636 3020 1
3205 3201 3241 1
3017 2051 3019 1
75 76 2946 1
682 631 2819 1
3212 1884 4447 1
3995 334 4058 1
332 2676 3851 1
281 4094 4265 1
3046 1930 3828 1
2992 1637 3021 1
2645 1656 2868 1
1670 1402 3207 1
2550 3122 4016 1
3118 2198 3798 1
72 295 3611 1
2680 2565 4032 1
1753 2606 2607 1
1826 2014 2739 1
1758 3912 4092 1
769 771 3076 1
283 2544 4359 1
2158 2666 3310 1
1040 3656 3722 1
602 4093 4182 1
2863 2822 3914 1
2049 3455 3517 1
3547 3732 4152 1
2478 377 4553 1
2235 2289 3417 1
2851 2412 3317 1
2235 2885 3816 1
3008 1292 4076 1
3333 3336 3973 1
2694 1583 2819 1
2666 1126 3310 1
605 2768 4202 1
2853 2113 2854 1
2679 2043 2689 1
842 885 3268 1
463 2669 3149 1
689 3008 4076 1
1561 3251 3252 1
2925 2470 4097 1
2340 2335 3331 1
2652 1283 3270 1
2761 4332 4386 1
2578 2011 2779 1
2917 2785 3893 1
2668 358 3438 1
3342 1775 3785 1
2617 2845 4522 1
3122 2550 4423 1
4158 3683 4275 1
293 3378 4269 1
3346 2344 3730 1
308 3879 4048 1
2536 2535 4258 1
1637 2992 3026 1
1186 2793 3959 1
4007 336 4104 1
1210 2883 3179 1
3281 2448 4163 1
5 354 3673 1
886 2758 3786 1
4332 1116 4386 1
3221 3220 3778 1
183 278 379 1
3068 1040 3722 1
2785 2245 3893 1
3092 3902 4116 1
4098 2850 4104 1
150 4247 4496 1
2230 3110 3227 1
4258 2535 4395 1
2653 1990 3107 1
1068 1070 3301 1
1934 2889 2891 1
2672 2196 3816 1
3693 333 4221 1
836 3131 3942 1
2578 3925 4475 1
2525 3693 4221 1
2362 4158 4275 1
3008 689 4204 1
1296 3366 3788 1
3265 2435 3522 1
2698 1619 3226 1
3331 2337 3476 1
3016 3888 3990 1
3124 291 3850 1
3509 473 3551 1
3907 2911 4393 1
2768 605 4267 1
457 463 3149 1
1637 1608 3021 1
3828 2642 4203 1
2740 1954 3447 1
3651 602 4182 1
62 287 3663 1
2153 2147 3313 1
2983 1674 2985 1
121 122 2871 1
297 2674 2848 1
291 3124 3864 1
838 3073 3170 1
300 133 2829 1
1859 1551 4075 1
2016 2667 2963 1
3068 2627 4050 1
2476 2681 3964 1
271 2772 3259 1
3912 3126 4092 1
3377 2130 4027 1
3697 2598 4174 1
811 3219 3899 1
2723 1155 3445 1
49 3181 4101 1
2199 2748 2749 1
1990 2653 3106 1
3181 49 4464 1
2215 2217 3227 1
1432 2783 3829 1
2044 1823 3409 1
1990 1549 3107 1
336 4098 4104 1
2470 2925 4218 1
803 749 3270 1
2701 1764 2702 1
1667 1145 3301 1
3987 2944 4284 1
1875 1770 2845 1
3264 3265 3522 1
2709 3971 4099 1
2632 2451 4052 1
1226 4214 4222 1
2543 2668 3438 1
4199 1932 4278 1
2783 2893 3829 1
358 98 3438 1
923 3346 3730 1
2628 2767 2813 1
2997 1638 3224 1
327 3600 3872 1
214 215 370 1
3950 2843 4497 1
3209 1669 3210 1
2648 2112 4002 1
2851 3317 4323 1
2665 1334 3808 1
3780 4260 4405 1
4373 2559 4379 1
3009 1639 3012 1
2476 3964 4014 1
2011 1928 2779 1
1141 3303 4064 1
1197 1669 3209 1
379 278 380 1
4254 2536 4258 1
1284 459 3149 1
3354 1030 3355 1
3257 4254 4258 1
3046 3828 4203 1
2985 1674 3324 1
371 81 3864 1
2845 2738 4522 1
377 2479 3935 1
742 3019 3025 1
2574 3749 3774 1
3131 836 4435 1
3871 2746 3914 1
410 412 2745 1
1670 3205 3241 1
853 2972 2974 1
1614 1617 3224 1
338 2631 4171 1
1030 564 3355 1
1284 3149 3805 1
2332 2341 3177 1
4050 2627 4161 1
1760 2432 2915 1
688 691 3027 1
2621 3819 4476 1
2360 2764 4122 1
1394 3281 4163 1
367 61 3663 1
1760 2915 2916 1
2262 2132 3377 1
2627 448 4161 1
2249 2920 4243 1
676 2987 4519 1
732 2976 2978 1
1775 3620 4195 1
705 703 2881 1
251 252 3778 1
2444 2955 3876 1
3896 718 4239 1
1899 3394 4042 1
3888 685 3990 1
2229 3147 3148 1
833 831 4148 1
287 2906 3663 1
2851 269 3967 1
1639 3009 3020 1
3355 562 3811 1
1261 2982 2989 1
367 2904 3879 1
3366 1296 4167 1
3151 2466 4351 1
2149 2159 3313 1
3971 1332 4099 1
3946 1538 4212 1
2649 2253 4146 1
4143 2649 4146 1
1126 2666 3978 1
3012 1639 3099 1
3505 3567 3657 1
2380 1850 3928 1
2583 2629 3044 1
2973 981 4110 1
2660 2740 3447 1
3499 4199 4278 1
558 560 2974 1
3272 2766 3378 1
3584 2615 3761 1
313 2775 3982 1
1760 2916 3035 1
3438 284 4242 1
1549 2774 4528 1
3394 1899 4184 1
2207 4046 4059 1
301 2684 4079 1
981 2973 4334 1
2751 3102 3478 1
2637 4198 4273 1
3204 3206 4021 1
3773 2936 3889 1
2915 2432 3532 1
2980 1261 3027 1
2826 342 4271 1
99 284 3438 1
3902 2565 4116 1
2688 2008 2859 1
372 75 2946 1
3021 1610 3473 1
1088 2680 4032 1
2954 3173 3876 1
1632 3014 3099 1
981 556 4110 1
3591 2574 3774 1
3175 2334 3177 1
71 3611 4026 1
3725 2005 3786 1
2692 2693 2870 1
2773 2525 3692 1
692 681 2989 1
191 293 2706 1
2686 300 2828 1
345 145 2664 1
120 313 3982 1
1883 1744 3041 1
144 345 2790 1
1117 3177 3178 1
629 627 4017 1
304 78 4525 1
82 291 3864 1
2466 3151 4415 1
315 3109 4245 1
448 2627 4234 1
2168 2705 4055 1
903 3066 3999 1
28 2789 4211 1
3542 4427 4473 1
1730 2803 3531 1
2758 3243 4569 1
3210 3212 4447 1
2874 2920 4220 1
811 813 3219 1
2992 2988 3026 1
3248 3882 3983 1
1040 3068 4050 1
3104 1030 3354 1
1583 682 2819 1
1982 2652 3271 1
2993 3021 3473 1
595 593 3044 1
4255 3596 4322 1
342 2780 2781 1
3336 3255 3973 1
343 2766 3272 1
2710 1260 3089 1
2611 719 4276 1
1892 2589 3041 1
2681 1295 3964 1
2418 4206 4257 1
4240 2814 4274 1
2883 1210 4356 1
4427 2469 4473 1
269 3572 3967 1
303 4240 4274 1
1636 3000 3224 1
1368 4255 4322 1
1824 3584 3761 1
2887 2890 3997 1
2763 4086 4106 1
2680 1088 4013 1
2452 2453 4249 1
813 879 3219 1
1949 2751 3478 1
2612 4356 4506 1
1619 2698 3227 1
701 1126 3978 1
3014 3012 3099 1
1899 3397 4184 1
2748 1872 2749 1
2681 2682 3514 1
2832 2767 4267 1
3600 2360 3872 1
3354 3355 3356 1
2653 2769 3106 1
902 900 2786 1
1260 2710 3090 1
2867 3529 3921 1
3055 1859 4075 1
3079 373 4026 1
1915 1913 2955 1
332 159 3733 1
3570 3571 4479 1
684 1261 2989 1
3141 957 4412 1
2700 1061 4504 1
4086 2908 4106 1
295 3987 4284 1
2789 28 4353 1
4198 1952 4273 1
3992 1468 4067 1
414 417 3930 1
3459 3460 3947 1
768 766 3376 1
3118 2759 4111 1
2051 3015 3455 1
2784 2786 3980 1
3091 2462 3109 1
2897 1428 3134 1
3306 2940 3916 1
3958 866 4011 1
2746 3930 4208 1
1061 2700 3985 1
799 2899 3029 1
631 629 2819 1
2253 1582 4155 1
1656 709 2881 1
2815 1481 3171 1
300 2686 3305 1
3972 3505 4242 1
957 3141 4449 1
4214 2609 4222 1
2049 2051 3455 1
3016 3017 3024 1
2761 2760 3813 1
2859 1250 2938 1
2036 2035 2839 1
3170 3167 3595 1
824 823 3583 1
2883 2882 3179 1
458 460 3551 1
3920 2367 4126 1
4259 3223 4295 1
2803 2792 3531 1
3484 3708 4063 1
2361 2690 4020 1
1334 3347 3734 1
2659 360 4089 1
2343 3563 3712 1
4146 2253 4155 1
2532 3115 4362 1
3397 1899 4303 1
3428 3693 4512 1
719 2611 4358 1
2875 2858 4148 1
373 3079 4511 1
3713 3870 4113 1
3086 2524 3949 1
2537 2679 3411 1
2684 301 4440 1
905 909 3066 1
3628 2850 4098 1
1699 3239 4085 1
2299 3470 3670 1
2040 2837 2838 1
2524 3086 4481 1
3063 1924 4451 1
2888 1902 4003 1
2872 3992 4067 1
64 369 3929 1
2752 2270 2947 1
3812 2761 3813 1
1432 902 2786 1
914 901 3999 1
3218 3199 3219 1
2055 1657 3686 1
2916 3958 4011 1
1395 3773 3889 1
2040 2838 2840 1
2782 677 4288 1
1009 4259 4295 1
3200 855 3899 1
2050 2053 3019 1
1935 1556 2807 1
465 461 3618 1
1996 2931 2933 1
3921 3529 4483 1
1965 2178 4027 1
3779 3705 4359 1
3545 354 4069 1
3823 2924 4040 1
3268 3216 3269 1
479 2673 4073 1
2716 2664 2717 1
1665 2947 3106 1
2862 2822 2863 1
2375 4283 4492 1
599 2709 3477 1
3014 1632 3455 1
151 376 4247 1
123 282 3989 1
3053 843 4159 1
1996 2933 2936 1
2452 3946 4212 1
3190 2261 3191 1
3115 2532 4407 1
3547 281 3732 1
1563 1299 2870 1
2826 4271 4474 1
1823 1824 3409 1
2864 2863 2865 1
2601 3751 4261 1
3716 2843 3838 1
2770 3875 3961 1
2979 1749 2981 1
3312 3311 3469 1
853 864 2972 1
3052 3053 4159 1
720 410 2745 1
3065 2791 3417 1
4111 2759 4169 1
1155 3420 3445 1
2807 1174 3840 1
3673 3672 4329 1
606 603 3451 1
766 2830 3376 1
2858 833 4148 1
2217 2230 3227 1
579 2917 3893 1
1674 2983 3373 1
3459 3947 4152 1
282 3331 3476 1
2444 1915 2955 1
2986 2985 3026 1
360 2659 4446 1
2566 2258 2741 1
3914 2746 4208 1
2697 349 2722 1
766 764 2830 1
2634 2430 4174 1
2869 1563 2870 1
3255 3336 3337 1
3826 2622 4166 1
3672 2444 4329 1
2609 4214 4238 1
838 3170 3595 1
3346 2055 3701 1
731 736 3203 1
1986 2791 3065 1
2920 2873 3836 1
1428 2897 3883 1
2055 3686 3701 1
2821 1382 3694 1
2631 2647 4171 1
2350 2767 2832 1
3567 3505 3972 1
2899 799 2922 1
2229 3148 3150 1
2976 732 3023 1
677 2782 4345 1
2287 2900 3831 1
1074 1086 3420 1
2944 372 2945 1
1413 2920 3836 1
583 585 3808 1
1600 1602 3373 1
3455 1632 3517 1
1636 1620 3020 1
855 751 3899 1
2882 963 3179 1
2673 479 4114 1
4086 2763 4140 1
228 352 4150 1
2532 4362 4364 1
1976 1979 2836 1
3022 3018 4318 1
2616 1488 4413 1
1884 3212 4400 1
2051 2050 3019 1
736 855 3203 1
1261 688 3027 1
2787 319 4210 1
3016 3024 3888 1
1284 3121 3618 1
1710 1712 3369 1
749 748 3270 1
3626 1981 4421 1
3474 2431 3993 1
2531 2532 4364 1
284 3972 4242 1
2258 2654 2741 1
3202 3201 3205 1
3308 324 4403 1
2698 3226 3318 1
667 698 2794 1
287 63 3929 1
3023 696 3471 1
2817 2818 4062 1
1488 2616 4462 1
2939 1244 3903 1
694 696 3023 1
3114 3482 4120 1
2845 1770 3827 1
2444 3876 4329 1
1556 1172 2807 1
732 2978 3027 1
696 734 3471 1
2791 1986 3064 1
1299 1583 2870 1
2132 2130 3377 1
2924 1407 4040 1
3216 2625 3267 1
2211 2213 3318 1
1443 2760 3809 1
685 3011 3990 1
1770 1504 3827 1
1617 1636 3224 1
3977 3032 4037 1
2752 2753 3798 1
3239 1699 4531 1
2430 3494 3697 1
658 3312 3469 1
2583 743 4546 1
2705 2388 4055 1
3148 452 4463 1
2805 1984 3796 1
2688 2859 2938 1
3882 1750 3983 1
764 958 2830 1
1978 1464 2815 1
805 3185 3451 1
903 905 3066 1
3577 2295 3669 1
1968 2609 4238 1
2009 2310 2778 1
3685 2831 3910 1
1335 3780 4405 1
3022 4318 4396 1
3696 1469 4499 1
345 2664 2716 1
288 3819 3855 1
698 1026 2794 1
1283 803 3270 1
864 1125 2972 1
2804 2803 3966 1
2819 629 4017 1
2905 367 3663 1
3378 2468 4269 1
2698 2215 3227 1
3526 2554 4500 1
2302 3271 3942 1
1468 3591 3774 1
3563 2607 3712 1
2727 2736 4502 1
2525 2773 3693 1
4054 3700 4151 1
2806 1628 3230 1
593 743 3044 1
2757 2756 4529 1
355 2632 4051 1
182 183 379 1
2827 2612 4506 1
1749 2979 3448 1
3156 2527 4207 1
3214 3216 3267 1
2792 1449 3531 1
1688 1949 4001 1
1449 2792 2913 1
1498 2823 3639 1
2690 2361 3994 1
2605 2699 2700 1
160 3292 3733 1
2817 4062 4136 1
2801 1186 3776 1
2923 2875 4148 1
2940 1762 3916 1
1425 2877 3293 1
342 175 2780 1
2818 1208 4062 1
2696 1154 4411 1
2266 2811 3399 1
4171 2647 4289 1
3082 366 3642 1
2947 2270 3106 1
3004 3002 3020 1
691 732 3027 1
3693 2773 4512 1
2344 3346 3701 1
3490 2737 4147 1
2965 2044 3409 1
2560 2299 3670 1
3591 1468 3992 1
1154 2696 4436 1
1983 2952 2953 1
2285 3290 3576 1
2505 2773 3692 1
1983 1911 2952 1
1620 1639 3020 1
2546 3038 4521 1
2823 2368 3639 1
281 3547 4094 1
2588 3700 4054 1
3524 465 3618 1
3767 337 4068 1
2683 4373 4379 1
3376 2262 3377 1
193 343 3272 1
2931 1996 3429 1
3807 1302 4486 1
2901 2370 2902 1
2979 2977 3448 1
797 795 2936 1
2295 2293 3669 1
3518 2675 4271 1
3089 1260 3521 1
347 3305 3802 1
1324 1326 3256 1
958 2808 2830 1
1382 1348 3694 1
3206 3207 3208 1
502 500 3492 1
1638 1614 3224 1
1920 3474 3993 1
238 322 3283 1
2154 3977 4037 1
2609 4183 4222 1
2839 2035 2939 1
1490 1708 3192 1
3283 322 3849 1
2345 2695 4070 1
4529 2756 4569 1
1841 3460 4404 1
313 2704 4472 1
2808 958 2831 1
514 2812 2909 1
2024 2370 2901 1
2792 2027 2913 1
2839 2939 3903 1
4237 3543 4297 1
2743 2363 4461 1
2909 2034 2969 1
4206 547 4257 1
1977 1976 2836 1
3516 1229 3588 1
366 3082 3867 1
2900 2096 3831 1
3597 2618 4570 1
252 305 3778 1
603 805 3451 1
3067 737 4307 1
1019 894 2937 1
3042 3041 4367 1
775 777 3329 1
143 144 2790 1
2602 2833 4452 1
2849 2377 2850 1
2358 3832 3884 1
1561 1324 3256 1
2824 1411 3419 1
1728 1726 3522 1
3275 364 4251 1
96 97 3653 1
3548 3459 4152 1
2804 866 3958 1
3494 686 3697 1
2618 3597 4320 1
2758 3725 3786 1
2964 3769 4049 1
2880 1255 3485 1
2454 3080 4316 1
3041 2633 4367 1
2625 3216 3268 1
1853 2963 3077 1
2027 2025 2913 1
3809 2177 3842 1
1072 1155 4127 1
2040 2036 2839 1
3009 3004 3020 1
866 2804 3900 1
3658 3745 4325 1
278 184 2606 1
2781 3518 4271 1
4299 403 4319 1
2553 2554 4226 1
3385 3387 4262 1
1262 2999 4300 1
1253 595 3044 1
2861 1382 2862 1
1208 2855 4414 1
3281 592 4460 1
2834 332 3733 1
2589 2633 3041 1
1983 2953 2954 1
1928 2009 2779 1
375 2951 3898 1
2650 3154 4429 1
592 3281 4340 1
2718 2719 2720 1
2764 310 4122 1
2709 599 3971 1
4002 3231 4213 1
2535 2626 4395 1
2023 2285 3186 1
270 4185 4246 1
244 325 4380 1
2309 2945 2946 1
144 145 345 1
2981 1749 3373 1
2987 2986 2988 1
3917 2720 4466 1
4020 2271 4078 1
1530 4181 4316 1
1777 2903 3117 1
2836 2744 3871 1
4395 2626 4543 1
794 796 3029 1
1604 1606 3324 1
3840 1174 4000 1
186 187 2610 1
2809 1572 2892 1
3460 1841 4539 1
2877 2675 3518 1
2682 3507 3514 1
2437 3545 4069 1
3191 2261 3369 1
2714 3185 4541 1
3182 1249 3183 1
2638 3327 3328 1
2342 3176 4064 1
2820 2074 2909 1
3070 3075 3327 1
2657 2545 4477 1
795 1996 2936 1
732 694 3023 1
473 458 3551 1
3088 3089 3521 1
379 381 2570 1
307 2656 4314 1
737 3067 4360 1
1 2 374 1
2559 2558 4304 1
3409 1824 4252 1
3259 2772 4342 1
2963 2667 3077 1
3045 310 3047 1
1464 1380 2815 1
1665 2769 3961 1
3019 2053 3025 1
2009 2778 2779 1
2961 2708 3034 1
2769 2770 3961 1
1991 1340 2861 1
845 775 3329 1
1824 3761 4252 1
3988 3462 4034 1
2846 801 2860 1
4283 2922 4492 1
4187 2743 4461 1
949 768 3376 1
2074 2820 2880 1
3072 3076 4197 1
1984 1718 3796 1
2308 2802 3516 1
1743 3214 3267 1
2676 2061 2849 1
2875 2923 3795 1
461 1284 3618 1
3305 2686 3802 1
3511 3510 3512 1
2923 1048 3795 1
1155 1074 3420 1
4103 2080 4123 1
2074 2880 3485 1
2609 1984 4183 1
3577 3144 3895 1
2763 2762 4140 1
2744 2746 3871 1
2032 2802 4170 1
801 802 2860 1
3011 685 4135 1
1294 3920 4126 1
2929 2973 3747 1
352 3039 4150 1
3059 3683 3863 1
2397 1904 2912 1
2607 2776 3712 1
3821 3259 4342 1
2744 720 2745 1
2646 4118 4125 1
2945 372 2946 1
1159 1158 2892 1
322 3333 3973 1
2856 833 2857 1
2014 2013 3756 1
3248 3249 3256 1
214 370 2478 1
282 3476 3989 1
2999 1262 4398 1
1270 3379 3492 1
3191 2891 3601 1
3054 1451 4443 1
181 182 2570 1
2481 2483 2636 1
3074 3164 3165 1
1997 2895 2897 1
377 3935 4339 1
364 3275 4476 1
2309 1988 2945 1
909 1986 3066 1
2261 3190 3192 1
823 2016 3583 1
1451 3054 4485 1
2097 2038 2840 1
829 824 3583 1
2061 2376 2377 1
467 465 3524 1
3683 1747 3863 1
2977 1776 3448 1
1978 2815 3171 1
1602 1674 3373 1
3819 364 4476 1
2270 2752 3798 1
2527 3156 4071 1
3946 2452 4249 1
2005 2694 3786 1
1512 1853 3890 1
2973 1969 3747 1
710 713 3128 1
178 339 2718 1
1911 1909 2952 1
1186 1151 3776 1
2112 3231 4002 1
2021 2399 2842 1
963 2882 2884 1
3069 3070 3327 1
2917 579 2918 1
3110 1619 3227 1
2361 4020 4078 1
894 892 2937 1
2671 4299 4319 1
2783 1987 2893 1
2778 273 4441 1
1104 3178 4095 1
3292 2242 3733 1
3477 2665 3808 1
1412 1143 3090 1
3154 2650 4471 1
610 608 3035 1
2776 328 4388 1
2193 2374 2855 1
2213 2698 3318 1
2689 2043 2914 1
1628 2806 3318 1
1913 1983 2955 1
3043 1150 3959 1
3275 308 4048 1
2545 2657 4493 1
3186 2285 3576 1
1904 1901 2912 1
3090 2710 4059 1
1377 1375 3506 1
1777 2902 2903 1
2930 2931 3429 1
1993 2676 2834 1
1302 3053 4486 1
2835 2646 4125 1
361 251 3778 1
2718 339 2719 1
2951 375 4168 1
689 2999 4204 1
338 143 2790 1
3088 1049 3225 1
1992 1785 1993 1
2907 1748 3117 1
835 3168 3407 1
2013 3379 3753 1
3000 2997 3224 1
1268 3769 3957 1
185 328 2606 1
3043 2357 3763 1
3167 3541 3595 1
3074 3165 3170 1
2806 3230 3406 1
361 3220 4510 1
237 238 3283 1
1991 2861 2862 1
2038 2040 2840 1
2898 2896 2899 1
2060 3130 3131 1
1986 911 3064 1
872 875 3991 1
3583 2964 4049 1
4006 378 4468 1
1712 1934 3369 1
2662 3051 4044 1
2890 1797 3997 1
2678 3821 4342 1
1249 3182 3332 1
2664 145 4102 1
3482 1046 4120 1
2926 1229 3516 1
4419 3703 4480 1
2903 2907 3117 1
1768 2957 3034 1
460 1295 3551 1
1949 3478 4001 1
762 760 2852 1
2061 2377 2849 1
2296 2193 2855 1
1997 2897 3134 1
1784 1783 1785 1
3674 2757 4529 1
2513 2521 4090 1
2350 2084 2813 1
2013 3753 3756 1
1334 583 3808 1
337 217 3085 1
4302 3287 4309 1
796 799 3029 1
2060 3131 3132 1
1086 1411 3420 1
2399 2071 2579 1
1563 2869 3486 1
3060 2229 3150 1
3080 2454 4399 1
4217 2454 4316 1
599 3477 3808 1
2024 2901 3475 1
1013 4118 4175 1
2378 4034 4063 1
1443 3809 3842 1
2975 1776 2977 1
3053 1302 4366 1
2837 2040 2839 1
2804 3966 4432 1
3026 2985 3324 1
1708 2261 3192 1
2178 3061 4027 1
2812 514 3492 1
2313 2343 3712 1
3167 3168 3541 1
2891 2937 3601 1
3185 805 4541 1
1249 606 3451 1
3095 3096 4498 1
2810 2294 4287 1
2022 2353 3431 1
1979 2620 2836 1
1221 1225 3659 1
1143 1260 3090 1
2159 3312 3313 1
3300 1667 3301 1
2021 2071 2399 1
2843 3716 3996 1
2567 4263 4337 1
3177 2341 3178 1
1777 2901 2902 1
957 4449 4518 1
2957 2961 3034 1
875 923 3730 1
819 1584 2894 1
2021 1944 2071 1
3969 2456 4028 1
3705 3779 4250 1
4304 2558 4391 1
3824 309 3854 1
2157 2853 2854 1
3212 1669 3217 1
2658 4554 4557 1
2943 3078 3079 1
2760 1443 3813 1
4185 2403 4246 1
3757 3491 4195 1
1928 1935 2009 1
2663 4419 4480 1
2371 3115 3731 1
1749 1600 3373 1
2017 2941 2942 1
1997 2894 2895 1
1411 2824 3420 1
2813 2084 3111 1
2537 3411 4438 1
2343 2315 3052 1
2231 2645 2868 1
1987 1557 2893 1
3902 1135 4032 1
2674 1971 2848 1
2913 2025 3496 1
289 177 2718 1
1703 1556 1928 1
1332 2768 4099 1
1542 2813 3111 1
1340 1342 2861 1
1784 1785 1992 1
1162 1164 2873 1
3087 3088 3225 1
2666 2231 2868 1
2261 1710 3369 1
1950 1890 3107 1
1229 2926 3350 1
4386 1116 4426 1
289 2718 2720 1
2895 2896 2898 1
126 350 3096 1
3327 3075 3328 1
2812 2034 2909 1
2806 2211 3318 1
2856 2658 4557 1
963 2884 3137 1
2663 4227 4229 1
319 2787 4353 1
3158 3140 3446 1
1572 1159 2892 1
3007 3022 4330 1
3033 1248 3456 1
2017 2942 2944 1
2169 3051 3660 1
2894 1584 2895 1
1030 3104 3787 1
2766 343 4154 1
2359 2358 3884 1
2351 4244 4270 1
3501 1932 4199 1
2899 2896 3029 1
1880 1944 2021 1
1781 2742 4558 1
2684 3405 4079 1
3360 3362 3852 1
1553 1969 2970 1
2762 1582 4140 1
328 2776 4469 1
2896 1584 2927 1
1993 1994 2061 1
2155 3685 3910 1
1810 2106 3330 1
3176 1111 4064 1
3203 3202 3204 1
4260 419 4461 1
1992 1993 2834 1
1172 1170 2807 1
1993 2061 2676 1
1853 3077 3890 1
3219 3199 3899 1
1506 1783 1784 1
1835 1877 1878 1
734 801 3471 1
717 610 3035 1
2999 689 4300 1
3098 3154 3652 1
217 218 3085 1
2009 2010 2310 1
2936 2933 3889 1
1989 2309 2914 1
2788 2787 4210 1
2260 4302 4309 1
3399 2811 3544 1
2308 3516 3588 1
3293 2877 3518 1
3352 3354 3356 1
2860 802 3434 1
3154 1833 3652 1
2554 3163 4226 1
1025 938 3134 1
2570 381 4298 1
1928 1556 1935 1
2353 3289 3431 1
2859 2006 3049 1
2828 300 2829 1
1880 1878 1944 1
2379 2378 4063 1
3443 2359 3884 1
500 1270 3492 1
302 96 3653 1
3419 1411 3430 1
3290 2285 3431 1
406 2743 4187 1
195 299 2844 1
712 710 3128 1
2567 3303 4263 1
1170 1168 1174 1
778 3470 3740 1
3051 1717 3660 1
2930 1644 2931 1
2153 3313 3314 1
3252 3251 3253 1
1425 1547 2877 1
2889 1019 2937 1
742 641 3024 1
3245 274 3246 1
2295 3577 3895 1
3128 713 3288 1
2852 760 3030 1
2378 3988 4034 1
2242 1992 2834 1
2968 1377 3506 1
2982 2984 2989 1
1225 1490 3192 1
3193 3130 3425 1
3115 1831 3731 1
3031 3032 3933 1
3470 850 3670 1
3169 3320 3321 1
1726 1876 3522 1
2820 2909 2969 1
3387 1196 4262 1
2938 1250 3737 1
2706 293 4269 1
3276 3033 3456 1
2611 3651 4182 1
514 502 3492 1
235 274 3245 1
1388 1553 2970 1
2006 1473 3049 1
2891 2889 2937 1
787 1644 2930 1
2737 2099 4147 1
1049 3088 3521 1
187 188 273 1
980 3043 3763 1
1351 1343 3636 1
798 807 2921 1
189 190 340 1
2017 1820 2941 1
1164 1165 1166 1
2303 2663 4229 1
1166 1167 1168 1
128 294 2962 1
1421 1172 1556 1
2810 1649 4484 1
2926 3228 3350 1
641 643 3024 1
2059 3127 3288 1
1162 1163 1164 1
130 347 2967 1
1835 1834 1877 1
2682 3506 3507 1
1170 1174 2807 1
347 131 3305 1
2477 2011 2578 1
1428 1025 3134 1
352 2965 3039 1
2000 2243 2556 1
3705 283 4359 1
1333 3018 4228 1
3248 3256 3882 1
2620 2744 2836 1
2435 1728 3522 1
136 310 3045 1
1166 1165 1167 1
2659 2571 3892 1
3036 2439 3555 1
2956 2156 2958 1
3160 2230 4561 1
1164 1163 1165 1
2983 2981 3373 1
1250 2859 3049 1
1606 1637 3324 1
2946 76 4087 1
1716 1886 2000 1
1573 2024 3475 1
3824 3854 4450 1
2310 2311 2776 1
1375 1759 3506 1
712 2876 3284 1
397 1715 3119 1
3105 474 3258 1
3245 3246 3257 1
2876 712 3128 1
3230 3125 3406 1
3130 2060 3425 1
1792 2156 2956 1
1481 1664 1716 1
911 913 3064 1
1158 1684 2892 1
188 189 3925 1
1917 1907 2948 1
2679 2689 3411 1
1776 2975 3427 1
3101 3104 3353 1
1890 2653 3107 1
1979 1980 2363 1
2970 1969 2971 1
1155 2723 4127 1
1162 1161 1163 1
1674 1604 3324 1
3073 3074 3170 1
2043 1989 2914 1
1971 2199 2848 1
4136 1120 4244 1
290 231 3028 1
2772 271 4036 1
3164 3074 3489 1
2505 2725 2773 1
352 229 3038 1
1586 1834 1835 1
2204 2021 2842 1
2363 1980 2670 1
2097 2840 2841 1
1986 3065 3066 1
1934 2891 3369 1
2802 2308 4015 1
3716 1408 3996 1
1379 1380 1464 1
2000 1886 2243 1
1917 2948 2949 1
1250 1079 3737 1
2407 4121 4236 1
2025 1211 3496 1
2927 794 3029 1
608 1760 3035 1
1879 1878 1880 1
1584 792 2927 1
1212 3087 3225 1
2896 2927 3029 1
3974 4408 4520 1
2886 1019 2887 1
3127 3128 3288 1
1476 2752 2947 1
351 225 3116 1
1503 1504 1770 1
1160 1161 1162 1
3241 3201 3410 1
2571 2239 4018 1
1976 1978 1979 1
2323 1987 2324 1
1885 2468 3378 1
1716 1664 1886 1
815 817 3269 1
2950 2949 2951 1
1979 1978 1980 1
1553 1585 1586 1
3379 1270 3753 1
3033 2640 3817 1
627 886 4017 1
3511 3512 3513 1
378 4006 4102 1
3221 3083 3527 1
1295 3514 3551 1
2683 511 4402 1
1503 1502 1504 1
2195 3234 3418 1
3933 3032 3977 1
2897 2895 2898 1
3407 3323 3581 1
2448 1838 2919 1
3870 2714 4113 1
1384 1480 1481 1
3165 3167 3170 1
2239 3092 4116 1
315 18 3109 1
1932 3501 4124 1
1385 1377 2968 1
585 599 3808 1
3280 2448 3281 1
4207 3844 4290 1
2878 923 3372 1
2912 2911 4058 1
2880 2287 3831 1
857 819 2894 1
850 3062 3063 1
511 2683 4379 1
1379 1354 1380 1
2285 2022 3431 1
2900 3306 3916 1
1481 1480 1664 1
1586 1585 1834 1
801 2846 3471 1
2377 2716 4326 1
3412 3503 3565 1
850 774 3062 1
2775 313 4472 1
2300 1796 3081 1
1350 1354 1379 1
1921 3036 3555 1
2324 2784 2785 1
344 171 3229 1
339 179 4131 1
3183 1249 3451 1
896 1019 2886 1
3157 3158 3446 1
2902 2904 2905 1
3514 3509 3551 1
3168 835 3541 1
306 223 3155 1
1901 1900 2912 1
923 2878 3346 1
3040 2354 3650 1
135 136 3045 1
1258 1137 1259 1
1976 1464 1978 1
190 191 2706 1
3651 2611 4276 1
3769 2964 3957 1
1003 1012 3040 1
277 21 3295 1
1388 1424 1553 1
2368 3127 3639 1
2366 2068 3284 1
1769 1768 3034 1
2126 2431 3067 1
3356 3355 4392 1
2891 3191 3369 1
2073 2397 2684 1
2902 2370 2904 1
3163 3526 4542 1
97 358 3653 1
2020 3221 3527 1
2864 3765 4533 1
2943 1943 3078 1
1988 2017 2945 1
1697 3129 3614 1
2879 3372 3423 1
2165 2448 3280 1
2937 892 3601 1
2971 1969 2973 1
2324 2783 2784 1
474 467 3524 1
1135 3093 3922 1
3353 3104 3354 1
1346 1348 1382 1
1080 998 3098 1
2008 2006 2859 1
1551 1437 4075 1
3129 3108 3614 1
3046 3045 3047 1
1743 3213 3214 1
3081 3082 3642 1
879 815 3269 1
3289 2353 3363 1
203 204 3428 1
174 342 2826 1
1564 1563 3486 1
1160 1159 1161 1
1931 2674 2675 1
2521 2515 3145 1
1553 1424 1585 1
1962 3114 3136 1
2328 2464 3187 1
1343 1341 3636 1
392 390 3599 1
178 179 339 1
2086 2731 3194 1
2590 1875 2617 1
1837 1557 1987 1
2620 2363 2743 1
1870 3865 3905 1
372 2944 3987 1
2893 1036 3829 1
1118 1542 3111 1
1820 1493 2941 1
1225 3192 3659 1
3849 322 3973 1
796 797 798 1
1905 1904 2073 1
2009 1935 2010 1
3095 125 3096 1
180 181 272 1
3470 2299 3740 1
1514 1777 3117 1
2058 2710 3089 1
2978 2980 3027 1
2074 514 2909 1
3654 2928 3996 1
2943 3079 3611 1
1975 1464 1976 1
808 831 833 1
2756 2758 4569 1
2831 2852 3910 1
798 800 807 1
3487 957 4518 1
2895 1584 2896 1
3326 3069 3327 1
1985 2590 3120 1
232 353 3028 1
1837 1987 2323 1
2987 2988 2990 1
3247 274 3282 1
3169 3321 3407 1
277 3295 3297 1
142 143 338 1
1488 1331 2690 1
1535 1183 3584 1
1099 1289 3233 1
1125 2970 2972 1
2657 1537 3048 1
3500 961 3501 1
3226 1628 3318 1
2104 2046 3132 1
2156 3068 3722 1
2948 2685 2949 1
3250 3247 3282 1
350 127 2962 1
958 762 2852 1
2808 2831 3684 1
2743 406 4568 1
1900 2910 2911 1
3037 677 4345 1
1506 1782 1783 1
345 2716 4117 1
1623 1632 3099 1
2229 2224 3147 1
2749 1872 2750 1
2073 2685 2948 1
1993 1785 1994 1
1501 1502 1503 1
230 290 3038 1
2940 2023 4144 1
4083 2152 4115 1
223 224 3155 1
1093 1095 3059 1
1796 1713 3081 1
3093 3094 3922 1
294 129 2967 1
961 896 2886 1
2721 2720 3917 1
1483 1484 1543 1
125 126 3096 1
3418 368 3887 1
1240 1244 3792 1
3015 3014 3455 1
2662 4044 4096 1
1084 1202 3113 1
1136 1028 1137 1
1027 1210 3179 1
3078 2566 3079 1
1167 2924 2925 1
2687 2579 4508 1
3194 2731 3220 1
1206 1203 3123 1
2277 2596 3347 1
3138 3139 3142 1
177 178 2718 1
1616 1611 3135 1
794 795 796 1
23 316 3294 1
3776 1501 3777 1
1259 1331 1488 1
358 3437 3653 1
1380 1384 2815 1
1042 1150 3043 1
1829 1828 1900 1
3199 3200 3899 1
2969 2034 3325 1
1142 3969 4028 1
2464 2760 2761 1
2879 2878 3372 1
1903 1901 1904 1
1122 1187 3610 1
129 130 2967 1
1877 3917 4466 1
2873 1164 3836 1
2464 2327 2760 1
1103 1146 3302 1
1995 1992 2242 1
659 656 3316 1
1259 1330 1331 1
225 226 3116 1
1407 2825 4040 1
1134 1159 1160 1
3031 2155 3910 1
3252 3254 4349 1
2886 2887 2888 1
1323 3164 3489 1
3320 3169 3472 1
1438 2072 3059 1
2903 2902 2905 1
216 217 337 1
2315 2317 3052 1
1169 1168 1170 1
1062 1064 3544 1
1622 1618 3146 1
1880 2204 2928 1
3875 1031 3961 1
1095 1438 3059 1
241 268 3334 1
3352 3353 3354 1
2717 2664 4006 1
2073 1904 2397 1
1627 1607 3159 1
180 272 4131 1
777 776 778 1
1012 1055 3040 1
1121 1118 3111 1
1342 1346 2861 1
282 124 3095 1
3311 3316 3469 1
2755 2759 3118 1
1009 4295 4346 1
1125 1388 2970 1
1763 1162 2873 1
897 961 3500 1
1178 1500 1501 1
1900 2911 2912 1
3294 316 3480 1
1774 1385 2968 1
17 315 3172 1
271 15 3260 1
774 772 3062 1
2224 2222 3147 1
782 783 784 1
1203 1144 3123 1
3362 3539 3852 1
13 3259 3821 1
2975 2292 3427 1
2317 2587 3052 1
1504 1505 1506 1
346 135 3045 1
758 977 3030 1
3125 2037 3406 1
127 128 2962 1
2073 2684 2685 1
2582 4237 4297 1
1547 1931 2877 1
3432 2713 4541 1
2823 1498 3822 1
1931 2675 2877 1
1421 1556 1703 1
1497 3713 4113 1
1946 2566 3078 1
892 890 3601 1
1136 1137 1258 1
1703 1928 2011 1
1621 1623 3099 1
2857 833 2858 1
784 787 2930 1
2525 2484 3692 1
1150 1151 1186 1
2502 3162 3715 1
859 965 2923 1
2847 2976 3023 1
2267 2866 2867 1
1543 1484 1544 1
1611 1609 3135 1
380 278 1753 1
1277 1552 3112 1
22 3294 3295 1
2876 2366 3284 1
1183 1185 3584 1
1483 1035 1484 1
3295 3296 3297 1
3100 3101 3353 1
779 778 780 1
2652 3270 3271 1
1052 1084 3113 1
346 3045 3046 1
3208 3207 3209 1
2057 2058 3089 1
191 192 293 1
2003 2558 2559 1
522 3276 3456 1
1134 1158 1159 1
2383 4103 4123 1
2932 1644 3368 1
3745 3658 4327 1
3266 3237 3273 1
2080 619 3108 1
965 1048 2923 1
2931 2932 2933 1
232 233 353 1
2003 2559 2809 1
3087 2057 3088 1
2007 2537 3124 1
975 1035 1483 1
109 110 3457 1
1740 1743 3582 1
3297 3296 3298 1
1491 3254 4200 1
1048 1133 1134 1
1957 1809 3138 1
615 722 3515 1
229 230 3038 1
2957 2958 2959 1
3394 3389 3668 1
962 1027 3179 1
938 936 3134 1
1943 1736 3078 1
2987 2990 4519 1
2347 3676 3706 1
3093 1135 3902 1
1828 2300 2910 1
2020 3220 3221 1
2046 2060 3132 1
519 518 3277 1
2903 2905 2906 1
3244 3245 3257 1
1380 1383 1384 1
3676 3113 3706 1
2243 2298 3126 1
1607 1605 3159 1
2112 1045 3231 1
2355 3461 3462 1
176 177 289 1
1557 1038 2893 1
1244 2939 3792 1
1935 2807 3840 1
1829 1900 1901 1
1544 1577 2672 1
2935 2932 3368 1
126 127 350 1
2931 1644 2932 1
1027 1025 1028 1
4007 4006 4008 1
785 784 786 1
2080 3108 3129 1
791 793 794 1
3276 522 3277 1
2868 1656 2881 1
623 1660 3243 1
835 3407 3581 1
997 1033 3144 1
3334 268 3335 1
3351 1791 3352 1
1743 3267 3582 1
2323 2918 2919 1
3168 3169 3407 1
3571 1361 4479 1
1473 1182 3049 1
3295 3294 3296 1
238 239 322 1
1619 1601 3226 1
998 940 3098 1
1626 2037 3125 1
228 229 352 1
3182 2091 3332 1
1501 1500 1502 1
790 789 791 1
2811 1062 3544 1
3069 1673 3070 1
123 124 282 1
788 786 789 1
119 120 3982 1
2267 2160 2866 1
1176 1201 3430 1
2791 1543 3417 1
3503 1843 3565 1
4408 3337 4520 1
230 231 290 1
1618 1615 3146 1
2579 2071 2580 1
2586 1462 3662 1
235 236 274 1
18 19 3109 1
781 780 782 1
547 399 3119 1
2687 2570 4298 1
1917 2949 2950 1
218 219 2966 1
3157 2624 3158 1
193 194 343 1
3282 237 3283 1
3152 2349 3153 1
2990 2988 2991 1
2480 370 3767 1
2558 2774 4391 1
1631 1633 1634 1
1438 1440 2072 1
896 894 1019 1
1768 2956 2957 1
796 795 797 1
1648 1032 3143 1
1957 3138 3142 1
2578 2779 4441 1
3255 3337 4200 1
1384 1479 1480 1
1634 1792 2956 1
2342 3175 3176 1
1350 1353 1354 1
2757 3674 4487 1
1627 3159 3160 1
799 798 2921 1
2104 3132 3133 1
20 21 277 1
130 131 347 1
1903 1904 1905 1
1348 1349 1350 1
775 774 776 1
1209 919 3240 1
3263 3266 3273 1
962 1025 1027 1
1346 1347 1348 1
1150 1148 1151 1
2000 2556 2557 1
1845 2057 3087 1
1771 1770 1875 1
3279 2154 4037 1
3030 977 3031 1
1628 1597 3230 1
2313 2315 2343 1
2126 1767 2431 1
1797 1796 1828 1
612 1249 3332 1
1582 2762 4155 1
1625 1629 1631 1
3180 2544 3181 1
1171 1170 1172 1
128 129 294 1
197 348 3122 1
1635 1634 1768 1
1406 3241 3410 1
1027 1028 1136 1
760 758 3030 1
2347 2805 3796 1
1885 1859 2468 1
3511 3513 4344 1
1087 1001 3242 1
1900 1828 2910 1
1926 1766 2160 1
2342 2336 3175 1
3379 2812 3492 1
3420 2824 3445 1
2324 1987 2783 1
2225 2224 2226 1
1909 1917 2952 1
17 18 315 1
2053 2052 2707 1
19 3091 3109 1
226 298 3116 1
936 934 1997 1
1927 2624 3157 1
2208 3873 3915 1
2223 2222 2224 1
614 612 3332 1
1408 3654 3996 1
322 239 3333 1
798 797 800 1
1045 1018 3231 1
174 175 342 1
965 1047 1048 1
2684 2397 3405 1
1714 1713 1796 1
2386 2126 3067 1
2227 2226 2228 1
2153 3314 3315 1
2264 2631 3881 1
1543 1544 2885 1
2779 2778 4441 1
2198 3118 4111 1
1482 2063 2271 1
1880 2021 2204 1
2160 2161 2600 1
2002 1985 3120 1
2907 2906 2908 1
231 232 3028 1
776 850 3470 1
2874 2873 2920 1
120 121 313 1
134 135 346 1
1743 1647 3213 1
1411 1176 3430 1
2736 285 4421 1
3434 1234 3640 1
2926 2029 3228 1
1042 1148 1150 1
308 3275 4251 1
3382 3381 3390 1
962 938 1025 1
1705 2041 3174 1
867 880 3097 1
2719 339 4540 1
139 140 327 1
224 225 351 1
814 924 3285 1
573 721 3606 1
2790 345 4117 1
1659 1459 3326 1
3285 924 3286 1
2801 3776 3777 1
1684 1950 2003 1
2707 2052 2708 1
1327 1673 3069 1
20 277 3091 1
2527 3844 4207 1
1345 1352 3402 1
1623 1624 1625 1
200 201 3380 1
1601 1599 3226 1
2310 2010 2311 1
787 1642 1644 1
1809 1807 3138 1
3341 3344 3345 1
1835 1878 1879 1
2638 1659 3326 1
1883 3041 3042 1
1384 1481 2815 1
1905 2073 2948 1
807 800 808 1
1792 1925 2156 1
1461 1659 1666 1
2760 2327 3809 1
3085 3086 4041 1
776 774 850 1
2662 1998 3051 1
1094 1092 3433 1
1119 1122 3610 1
3423 930 3634 1
1450 1513 1514 1
861 3263 3273 1
3553 330 4160 1
2024 2369 2370 1
391 393 3838 1
3832 2136 3884 1
791 789 793 1
3052 2587 3053 1
1116 4095 4426 1
303 2722 4482 1
481 484 3400 1
221 222 3050 1
2640 2810 4287 1
7 3833 4069 1
2505 2508 2725 1
2007 2008 2537 1
1207 1417 1418 1
1794 2006 2007 1
3676 2347 3796 1
1610 1609 1611 1
2221 2220 2222 1
782 780 783 1
1612 1611 1613 1
3321 3323 3407 1
1008 1399 3529 1
3088 2057 3089 1
770 949 3061 1
226 227 298 1
1909 1907 1917 1
132 133 300 1
1379 1464 1975 1
2349 2084 2350 1
2768 1332 4202 1
124 125 3095 1
1608 1607 1609 1
2007 2006 2008 1
2336 2334 3175 1
2771 1538 4368 1
784 783 787 1
23 24 316 1
2959 2958 2960 1
1597 1595 3230 1
2644 4287 4313 1
1259 1137 1330 1
786 784 2930 1
2155 3031 3933 1
2537 2008 2679 1
1666 1659 2637 1
1077 1153 1665 1
2328 2327 2464 1
2083 2349 3152 1
297 173 2826 1
2515 2517 3145 1
1393 3069 3326 1
1001 978 3242 1
241 242 268 1
1125 1387 1388 1
1825 1654 3325 1
1088 1045 2111 1
1461 1459 1659 1
1483 2791 3064 1
1998 1717 3051 1
3246 274 3247 1
2599 2002 3120 1
1794 1473 2006 1
2933 2932 2934 1
1388 1389 1424 1
1515 1514 1516 1
2203 2792 2803 1
1544 1545 1577 1
2223 2224 2225 1
22 23 3294 1
1957 3142 3222 1
1553 1586 1969 1
1419 1418 1420 1
1606 1605 1607 1
2774 2558 4528 1
1449 1420 1450 1
1000 3363 3523 1
980 1042 3043 1
2017 2944 2945 1
1517 1516 1518 1
1924 1745 3502 1
136 137 310 1
1570 1568 1766 1
224 351 3155 1
2238 2237 2239 1
1985 1875 2590 1
3922 3094 4024 1
1309 1702 3359 1
1946 2258 2566 1
3265 3285 3286 1
1979 2363 2620 1
726 1254 3344 1
522 519 3277 1
919 917 3240 1
2219 2218 2220 1
2994 2993 2995 1
1712 1711 1713 1
110 111 3395 1
2996 2995 2997 1
1205 1206 1207 1
2050 1769 2052 1
3358 3359 3360 1
1614 1613 1615 1
793 789 3429 1
2221 2222 2223 1
2330 2328 3187 1
2323 2324 2917 1
613 615 3515 1
2740 2530 4495 1
2998 2997 3000 1
1949 2440 2751 1
21 22 3295 1
1639 1621 3099 1
2217 2216 2218 1
1299 682 1583 1
343 2844 4154 1
794 793 795 1
2029 1693 3228 1
1317 3320 3472 1
1084 1143 1144 1
1120 959 3261 1
1558 1557 1837 1
2844 299 4281 1
16 17 3172 1
2957 2956 2958 1
2026 2025 2027 1
4131 272 4508 1
1713 2054 3081 1
3001 3000 3002 1
15 16 3260 1
1621 1622 1623 1
1078 1080 1179 1
1828 1796 2300 1
1044 1018 1045 1
1604 1603 1605 1
772 3061 3062 1
1179 1180 1492 1
1202 1144 1203 1
3254 1491 4349 1
786 2930 3429 1
222 306 3050 1
1492 1493 1820 1
1191 1414 3287 1
2957 2959 2961 1
2215 2214 2216 1
321 3458 3459 1
3509 3508 3510 1
1161 1159 1572 1
3507 1759 3508 1
2225 2226 2227 1
3003 3002 3004 1
1768 1634 2956 1
2068 2066 3284 1
2057 1865 2058 1
1954 2740 4495 1
1736 1946 3078 1
1134 1133 1158 1
731 3203 3909 1
995 997 3144 1
3005 3004 3006 1
2202 2027 2203 1
3330 2106 3869 1
1204 1203 1205 1
3196 3199 3218 1
2061 1994 2376 1
1476 1787 2752 1
1797 1828 1829 1
875 3730 3991 1
1708 1707 1709 1
2227 2228 2581 1
939 938 962 1
110 3395 3457 1
3101 3103 3104 1
2236 1964 2237 1
2753 2755 3118 1
3121 2272 3618 1
2517 2576 3145 1
1733 1732 1734 1
834 844 867 1
697 659 3316 1
1617 1615 1618 1
1581 1518 1582 1
1044 1045 1088 1
741 806 834 1
792 791 2927 1
2831 958 2852 1
913 975 3064 1
2160 2600 2866 1
1879 1880 2928 1
1963 1962 1964 1
117 270 3381 1
1620 1618 1621 1
3149 2669 3805 1
1573 1887 2024 1
2016 2963 2964 1
1733 2266 3399 1
2338 2342 3303 1
1416 1457 3193 1
1017 1001 1018 1
1857 1551 1859 1
1735 1734 1781 1
2749 2750 2814 1
852 887 888 1
1710 1709 1711 1
1925 2627 3068 1
975 976 1035 1
2429 2428 2430 1
3013 3014 3015 1
618 717 741 1
2219 2220 2221 1
2212 3105 3258 1
802 804 3434 1
1926 2160 2267 1
1602 1601 1603 1
2860 3434 3640 1
1495 1736 1943 1
597 1253 3432 1
14 271 3259 1
218 2966 3085 1
2213 2212 2214 1
3935 2479 4272 1
1996 793 3429 1
2984 2983 2985 1
2083 1575 2084 1
940 3097 3098 1
1179 1080 1180 1
2991 2992 2993 1
3164 1672 3165 1
3016 3015 3017 1
2524 2503 3793 1
3363 2353 3523 1
3010 3012 3013 1
1348 1350 3694 1
3213 3198 3214 1
1346 1382 2861 1
782 784 785 1
1634 1633 1792 1
1961 1960 1962 1
317 3382 3383 1
3342 3341 3620 1
113 114 3388 1
1052 1083 1084 1
282 3095 3331 1
1492 1180 1493 1
2427 2426 2428 1
1660 621 3232 1
546 608 610 1
478 481 3400 1
819 792 1584 1
2217 2218 2219 1
1610 1611 1612 1
3570 2396 3571 1
867 844 880 1
796 798 799 1
1140 1052 3113 1
822 851 852 1
3155 351 3156 1
2903 2906 2907 1
1518 1516 1748 1
1608 1609 1610 1
2425 2424 2426 1
1051 1050 1052 1
222 223 306 1
1048 1047 1133 1
777 778 779 1
544 545 546 1
2058 2297 2356 1
14 15 271 1
1631 1629 1633 1
2341 2330 3187 1
2661 1998 2662 1
1078 998 1080 1
1342 1344 1346 1
2215 2216 2217 1
2195 1663 3188 1
939 963 3137 1
1600 1599 1601 1
1959 1958 1960 1
2160 1766 2161 1
1606 1607 1608 1
2982 2981 2983 1
1864 2544 3180 1
2083 2084 2349 1
3195 1655 3196 1
1490 1706 1707 1
1612 1613 1614 1
2803 1730 3966 1
897 896 961 1
1017 1018 1044 1
1988 1820 2017 1
2423 2422 2424 1
3006 3009 3010 1
2226 2229 3060 1
1975 1976 1977 1
2476 2284 2681 1
1144 1412 3123 1
1490 1707 1708 1
539 543 544 1
959 921 3261 1
2755 2757 2759 1
936 1997 3134 1
1544 2672 2885 1
1232 1733 3399 1
741 717 806 1
2156 1925 3068 1
2243 3126 3912 1
2994 2995 2996 1
2182 2373 3596 1
2980 2979 2981 1
834 806 844 1
3620 3345 3757 1
1894 2195 3348 1
2213 2214 2215 1
1964 1962 3136 1
1338 1340 1991 1
2942 1943 2943 1
2238 2239 2571 1
1631 1634 1635 1
1598 1597 1599 1
2111 2112 2701 1
216 337 3767 1
1514 1513 1777 1
1393 1327 3069 1
937 936 938 1
3258 474 3524 1
2996 2997 2998 1
982 978 1001 1
2991 2993 2994 1
2326 2186 2327 1
974 973 978 1
1230 1231 1232 1
16 3172 3260 1
933 857 934 1
1450 1420 1513 1
1080 3098 3652 1
1504 1506 3827 1
1311 1309 3359 1
1444 1705 3174 1
935 934 936 1
1604 1605 1606 1
2998 3000 3001 1
2058 2356 2710 1
1652 1211 2025 1
1625 1624 1629 1
1613 1616 3084 1
1570 1766 1926 1
1661 1999 2354 1
618 610 717 1
1232 1731 1732 1
2391 2396 3570 1
3333 3334 3336 1
13 14 3259 1
773 772 774 1
3092 2240 3093 1
772 770 3061 1
2256 2093 2452 1
2681 2284 2682 1
430 428 3232 1
173 174 2826 1
353 233 3244 1
2978 2977 2979 1
1120 3261 3262 1
2092 2091 2093 1
1637 3026 3324 1
2211 2210 2212 1
940 867 3097 1
1733 1734 1735 1
972 971 973 1
3084 1616 3151 1
3001 3002 3003 1
3339 3340 3343 1
2119 2002 2599 1
1781 1863 2168 1
2203 2027 2792 1
3003 3004 3005 1
775 776 777 1
3754 1035 3763 1
3344 1254 3345 1
276 3392 3393 1
2429 2634 3300 1
1845 1865 2057 1
1232 1732 1733 1
2236 2237 2238 1
994 991 3319 1
2168 2438 2604 1
3442 3441 3443 1
1483 1543 2791 1
886 625 3243 1
1596 1595 1597 1
913 926 975 1
2429 2430 2634 1
1577 1578 1872 1
117 118 270 1
1936 1809 1937 1
909 911 1986 1
4260 2557 4405 1
2081 2007 3124 1
1712 1713 1714 1
1635 1768 1769 1
1849 3130 3193 1
2275 2165 3280 1
1207 1418 1419 1
1034 1049 1050 1
219 220 320 1
1623 1625 1632 1
982 1001 1017 1
1602 1603 1604 1
2034 1825 3325 1
1937 1957 1958 1
2600 2161 2747 1
2317 2319 2587 1
713 715 3288 1
2233 1885 3378 1
2984 2985 2986 1
175 176 2780 1
1714 1796 1797 1
1321 1672 3164 1
113 3388 3391 1
1821 1820 1988 1
1989 1988 2309 1
1101 1099 3233 1
3246 3247 3248 1
2453 3183 3184 1
1963 1964 2236 1
3228 530 3350 1
2427 2428 2429 1
3067 2431 3474 1
1575 1121 3111 1
1033 1024 1034 1
2020 3194 3220 1
2633 355 4223 1
1614 1615 1617 1
244 245 325 1
3006 3010 3011 1
537 538 539 1
771 770 772 1
3333 240 3334 1
1084 1144 1202 1
2489 2491 2505 1
2211 2212 2213 1
219 320 2966 1
2003 1950 2558 1
1845 1864 1865 1
934 857 2894 1
1649 3669 4484 1
3385 3386 3387 1
397 395 1715 1
3208 3209 3210 1
1416 3193 3425 1
1061 2811 4504 1
887 1219 3189 1
3013 3015 3016 1
1533 1473 1794 1
1617 1618 1620 1
1620 1621 1639 1
1961 1962 1963 1
2151 3440 3441 1
1642 1773 3368 1
1526 1655 3195 1
1664 1791 3351 1
1485 1845 3087 1
770 768 949 1
1460 1459 1461 1
1615 3084 3146 1
1418 1417 1573 1
2425 2426 2427 1
3195 3198 3213 1
1600 1601 1602 1
1352 1358 3402 1
2045 2046 2047 1
2047 2104 2422 1
2976 2975 2977 1
1255 2880 3831 1
1418 1573 3475 1
2237 2240 3092 1
2136 2137 3442 1
1404 1670 3241 1
791 794 2927 1
769 768 770 1
2161 1766 3486 1
2879 3423 3634 1
1968 1718 1984 1
1609 1627 3135 1
2168 2604 2705 1
999 998 1078 1
3098 3097 3154 1
1960 2033 3114 1
2941 1943 2942 1
1225 1489 1490 1
3070 3072 3075 1
2982 2983 2984 1
1450 1514 1515 1
532 533 534 1
868 867 940 1
2209 2806 3406 1
2423 2424 2425 1
2786 900 3885 1
974 978 982 1
2209 2208 2210 1
544 543 545 1
728 726 3344 1
546 545 608 1
518 1446 3277 1
972 973 974 1
2980 2981 2982 1
3130 2302 3131 1
1623 1622 1624 1
1327 1325 1673 1
1146 1101 3233 1
3359 1702 3360 1
3921 1773 4132 1
1598 1599 1600 1
1959 1960 1961 1
3143 3144 3577 1
1067 1145 1230 1
970 969 971 1
1661 1662 1999 1
1594 1593 1595 1
1807 1869 3138 1
2771 2531 4364 1
2195 3188 3234 1
2050 2052 2053 1
3459 3458 3460 1
11 12 318 1
941 940 998 1
2228 2226 3060 1
621 430 3232 1
1808 1807 1809 1
3252 3253 3254 1
975 1483 3064 1
1688 1867 1949 1
1207 1206 1417 1
2072 1440 3080 1
321 109 3457 1
991 989 3319 1
10 11 3291 1
2332 2330 2341 1
2423 2824 3419 1
3081 2054 3082 1
740 821 822 1
1690 1815 2387 1
1167 1165 2924 1
1596 1597 1598 1
297 2848 3229 1
1513 1420 3475 1
19 20 3091 1
234 235 3245 1
1921 2597 3036 1
2024 1887 2369 1
2978 2979 2980 1
1632 1625 3517 1
276 3391 3392 1
1015 1008 3529 1
192 193 3272 1
1023 1212 3225 1
1458 1393 1459 1
1032 993 3143 1
1165 1163 1407 1
539 538 543 1
611 610 618 1
1801 1927 3157 1
2371 3112 3115 1
3385 3383 3386 1
2869 2161 3486 1
1665 1153 2947 1
997 1023 1024 1
1160 1162 1763 1
2098 2724 2771 1
1718 1431 3796 1
2032 2031 2802 1
26 27 269 1
960 959 969 1
2039 2209 3406 1
2030 2029 2031 1
2209 2210 2211 1
1605 3110 3159 1
2047 2423 3419 1
2047 2422 2423 1
1105 1103 3302 1
2774 464 3727 1
1205 1203 1206 1
1419 1420 1449 1
537 534 538 1
1212 1485 3087 1
797 2936 3773 1
1713 1711 2054 1
1034 1050 1051 1
2654 2655 2656 1
1202 1203 1204 1
1331 1330 1482 1
2489 2505 3692 1
9 10 3625 1
3392 3389 3394 1
1165 1407 2924 1
1515 1516 1517 1
1708 1709 1710 1
1710 1711 1712 1
949 3376 3377 1
3208 3210 3211 1
2226 2224 2229 1
2089 840 2091 1
2222 2669 3147 1
1613 1611 1616 1
2900 1827 3306 1
780 778 3740 1
2496 2502 3520 1
2309 2946 4524 1
1937 1958 1959 1
970 971 972 1
1751 1462 2586 1
276 112 3391 1
2282 1774 2284 1
2409 2277 3347 1
3384 3383 3385 1
2203 2803 2804 1
2976 2977 2978 1
2241 1290 3665 1
963 962 3179 1
4018 2239 4116 1
1603 1619 3110 1
1621 1618 1622 1
1590 1589 1591 1
3184 3183 3185 1
1204 1205 1211 1
1652 2025 2026 1
1849 1982 2302 1
779 780 781 1
4068 337 4565 1
2026 2027 2202 1
1178 1499 1500 1
1684 2003 2892 1
1669 1195 3217 1
1493 1495 2941 1
1424 1425 3293 1
3096 350 4377 1
1055 1057 1661 1
1396 1677 2045 1
1362 1571 3613 1
240 241 3334 1
1277 1280 1552 1
1631 1635 3517 1
864 898 1125 1
138 3872 4122 1
529 531 532 1
1166 1168 1169 1
2847 2292 2975 1
1594 1595 1596 1
317 115 3382 1
1493 1494 1495 1
1959 2174 3436 1
785 786 788 1
3018 1333 4318 1
1392 1327 1393 1
1818 2613 2614 1
1051 1052 1140 1
2030 2031 2032 1
1091 1038 1557 1
3461 1651 3462 1
790 791 792 1
1937 1959 3436 1
788 789 790 1
3345 1254 3646 1
3339 863 3340 1
3507 3508 3509 1
2638 3326 3327 1
1207 1419 3496 1
2517 2519 2576 1
1806 1805 1807 1
2991 2988 2992 1
2039 2208 2209 1
895 894 896 1
922 921 959 1
2452 2093 2453 1
920 919 921 1
1038 1036 2893 1
3316 656 3469 1
1678 1850 2380 1
2670 1980 2703 1
2037 2038 2039 1
3999 3065 4374 1
3039 2965 3409 1
1647 1528 3213 1
2365 2366 2367 1
3396 3393 3397 1
2239 2237 3092 1
816 814 3285 1
1588 1238 1589 1
1767 1351 3636 1
1153 1476 2947 1
1275 1277 3112 1
992 991 993 1
3143 995 3144 1
2039 2097 2208 1
1366 1671 3598 1
3013 3012 3014 1
889 888 890 1
3412 3413 3503 1
623 621 1660 1
1615 1613 3084 1
1968 1984 2609 1
3057 320 3058 1
1946 2257 2258 1
2596 2275 3280 1
1568 1564 3486 1
767 766 768 1
2901 1513 3475 1
997 1024 1033 1
3214 3198 3215 1
1219 1221 3659 1
1804 1803 1805 1
2092 2093 2256 1
2365 2068 2366 1
1991 2864 4533 1
1591 1592 1593 1
1609 1607 1627 1
1144 1143 1412 1
1082 1079 1250 1
960 969 970 1
939 962 963 1
986 990 3290 1
1948 1537 2657 1
527 528 529 1
1457 1560 3193 1
3368 1773 3921 1
1552 1280 2098 1
1471 1182 1473 1
2119 2599 2697 1
1273 1275 2371 1
3270 748 3271 1
1736 1945 1946 1
883 861 3273 1
577 575 3421 1
712 3284 3370 1
1097 1094 3433 1
2258 2259 2654 1
2448 2919 4163 1
1084 1083 1143 1
2089 2091 2092 1
3358 3360 3852 1
2033 3223 3482 1
1799 1800 1801 1
2367 2368 2823 1
1973 2029 2030 1
538 534 3449 1
1358 1368 2533 1
1323 1321 3164 1
1495 1496 1736 1
2084 1575 3111 1
1517 1518 1581 1
2165 1838 2448 1
3461 2355 3554 1
1937 1809 1957 1
3244 234 3245 1
2151 3439 3440 1
1028 1025 1428 1
2847 2975 2976 1
1973 1693 2029 1
2114 3033 3276 1
1931 1971 2674 1
2802 2031 3516 1
536 534 537 1
2151 2139 3439 1
1918 2444 3672 1
1808 1809 1936 1
1052 1050 1083 1
1560 1848 1849 1
525 526 527 1
1591 1593 1594 1
2338 2336 2342 1
3010 3009 3012 1
2300 3081 3642 1
2151 3441 3442 1
1962 1960 3114 1
890 888 987 1
1236 1237 1238 1
3197 1655 3410 1
2237 1964 2240 1
3201 3197 3410 1
3006 3004 3009 1
2216 2272 3121 1
3138 1869 3139 1
1960 1958 2033 1
799 2921 2922 1
1849 2302 3130 1
2364 2068 2365 1
1512 1391 1853 1
1211 1205 3496 1
3395 3393 3396 1
1075 3498 3499 1
2472 2233 2766 1
1151 1177 1178 1
1193 1191 3287 1
2298 3351 3677 1
922 959 960 1
1605 1603 3110 1
1594 1776 3427 1
1485 1844 1845 1
1894 1663 2195 1
1419 2913 3496 1
602 577 3421 1
1591 1594 3427 1
730 863 3339 1
1139 1032 1648 1
2502 3161 3162 1
1802 1801 1803 1
852 888 889 1
1595 3125 3230 1
2993 2992 3021 1
1599 1628 3226 1
2513 2515 2521 1
3217 1193 3287 1
995 996 997 1
2222 2220 2669 1
1234 1235 1236 1
1454 2447 3593 1
2356 2297 2601 1
918 917 919 1
1807 1805 1869 1
1451 1105 3302 1
993 994 995 1
937 938 939 1
2058 1865 2297 1
3506 1759 3507 1
29 30 319 1
1635 2049 3517 1
947 985 3289 1
1801 1800 1927 1
3336 3335 3337 1
1450 1515 3531 1
2371 1275 3112 1
2752 1787 2753 1
1803 1801 3157 1
993 995 3143 1
1803 3157 3446 1
532 531 533 1
1781 1734 1863 1
1226 538 3449 1
1593 1626 3125 1
1588 1589 1590 1
840 614 3332 1
1034 1051 3479 1
3195 3196 3198 1
2766 2233 3378 1
3235 3236 3238 1
1927 2623 2624 1
116 3381 3382 1
1440 1442 3080 1
1326 1325 1327 1
2015 2940 3306 1
114 115 317 1
2498 2500 3161 1
2837 2269 2838 1
3214 3215 3216 1
2052 1769 3034 1
1099 1097 1289 1
2076 619 2080 1
1603 1601 1619 1
1560 1849 3193 1
1581 1582 2253 1
1626 2036 2037 1
3250 3282 3283 1
977 756 3408 1
3235 964 3236 1
1654 1216 3325 1
2887 2889 2890 1
1869 1805 3446 1
1018 1087 3231 1
920 921 922 1
3032 977 3408 1
992 993 1032 1
1528 1526 3195 1
2168 1863 2438 1
1236 1238 1588 1
3391 3389 3392 1
3188 2081 3234 1
1298 682 1299 1
945 3289 3363 1
1544 1484 1545 1
3320 1675 3321 1
1232 1231 1731 1
1799 1742 1800 1
1732 1731 1921 1
990 989 991 1
1888 2621 3274 1
1230 1145 1231 1
321 3457 3458 1
2204 2842 2843 1
2847 3023 3471 1
274 236 3282 1
1264 1266 3371 1
2041 1955 2269 1
2624 2623 2715 1
3340 863 3341 1
2282 2284 2476 1
3670 3063 4451 1
1740 1647 1743 1
3263 1217 3264 1
11 318 3291 1
3284 2066 3370 1
1139 1648 1649 1
401 399 547 1
2218 2216 3121 1
1051 1257 3479 1
2047 2046 2104 1
1953 2469 3338 1
2114 2639 2640 1
2665 2409 3347 1
764 762 958 1
978 1208 3242 1
1997 934 2894 1
1126 3309 3310 1
2045 1677 2046 1
3310 3309 3311 1
3873 1286 3915 1
1358 2533 3402 1
1321 1319 1672 1
1537 1461 3048 1
525 523 526 1
3140 1869 3446 1
3413 825 3414 1
3278 1013 3279 1
891 890 892 1
2111 1045 2112 1
3036 2597 3037 1
3196 3197 3199 1
2067 2066 2068 1
1798 1742 1799 1
1034 1024 1049 1
1313 1311 3357 1
1055 1661 3040 1
1528 3195 3213 1
2137 2151 3442 1
763 762 764 1
317 3383 3384 1
740 822 2059 1
521 522 523 1
1794 2081 3188 1
765 764 766 1
3351 3352 3677 1
918 919 920 1
1151 1178 3776 1
921 1209 3261 1
1000 943 3363 1
198 199 3525 1
2271 2063 2375 1
757 756 758 1
1406 1404 3241 1
111 276 3395 1
990 991 992 1
2045 3419 3430 1
3711 2307 4370 1
1526 1508 1655 1
484 1273 3400 1
916 915 917 1
1503 1770 1771 1
2216 2214 2272 1
2041 2269 2837 1
1103 1101 1146 1
1806 1807 1808 1
852 851 887 1
527 526 528 1
1741 1740 1742 1
1380 1354 1383 1
2266 1735 2605 1
761 760 762 1
758 756 977 1
3334 3335 3336 1
1492 1820 1821 1
2054 1711 3527 1
1849 1848 1982 1
1027 1136 1210 1
3340 3341 3342 1
1201 1396 3430 1
1827 1645 3306 1
3575 2634 4174 1
1599 1597 1628 1
2082 1575 2083 1
987 3190 3191 1
1379 1975 3694 1
1459 1393 3326 1
1230 3399 3544 1
667 2794 3945 1
529 528 531 1
3927 3162 4061 1
2345 2083 3152 1
2086 2728 2731 1
1266 1579 3371 1
1018 1001 1087 1
985 3290 3431 1
2114 2640 3033 1
985 986 3290 1
3357 1311 3359 1
1221 1223 1225 1
3007 3005 3018 1
745 825 3413 1
2668 3436 3437 1
3070 3071 3072 1
975 926 976 1
1196 3387 4513 1
985 984 986 1
3252 4349 4550 1
1709 1707 2020 1
1083 1050 3521 1
827 848 1234 1
2056 2113 2114 1
714 2835 4125 1
1075 953 3498 1
1179 3724 3737 1
1281 1523 3398 1
2574 2395 3426 1
1969 1586 3747 1
955 1075 3631 1
822 821 851 1
759 758 760 1
848 828 3463 1
1404 1402 1670 1
1515 1730 3531 1
978 973 1208 1
2395 2393 3426 1
2496 2498 2502 1
3198 3196 3218 1
3308 3307 3530 1
3347 2596 3734 1
399 397 3119 1
841 1217 3263 1
1324 1323 1325 1
1595 1593 3125 1
2367 2366 2368 1
3 296 3173 1
627 625 886 1
915 964 3235 1
2709 2540 3477 1
917 3235 3240 1
755 754 756 1
3928 3152 4224 1
2780 2721 2781 1
986 989 990 1
1330 1137 3682 1
1705 1953 1955 1
1693 1433 3228 1
1799 1802 3307 1
517 518 519 1
834 867 868 1
2243 1886 2298 1
1821 1988 1989 1
194 195 2844 1
521 519 522 1
1705 1955 2041 1
2277 2275 2596 1
893 892 894 1
1495 1943 2941 1
3235 3238 3240 1
754 3278 3408 1
3348 2195 3418 1
2056 2114 3276 1
1907 1905 2948 1
1300 1299 1563 1
752 1013 3278 1
2411 2665 3477 1
715 738 740 1
3263 3264 3266 1
1902 1901 1903 1
1804 1805 1806 1
2509 2503 2524 1
3072 3073 3076 1
625 623 3243 1
95 96 302 1
619 618 3108 1
3196 1655 3197 1
2351 2032 2816 1
969 959 1120 1
2817 2816 2818 1
1591 1589 1592 1
546 610 611 1
1706 2086 3194 1
524 523 525 1
1810 2100 2106 1
2668 1936 3436 1
112 113 3391 1
773 774 775 1
1240 1242 1244 1
2292 1590 3427 1
1126 699 3309 1
1661 1057 1662 1
722 1678 3515 1
2212 2210 3105 1
2089 2092 3490 1
2284 1774 2968 1
945 947 3289 1
699 697 3309 1
1064 1067 3544 1
2015 2023 2940 1
935 936 937 1
1461 1666 3048 1
1315 1675 3320 1
921 919 1209 1
947 984 985 1
1794 2007 2081 1
787 1641 1642 1
808 809 831 1
526 523 3456 1
3256 1326 3882 1
2066 1429 3370 1
246 247 359 1
3071 1673 3489 1
1845 1844 1864 1
1732 1921 3555 1
1414 1189 3528 1
986 988 989 1
3162 3161 3163 1
1174 1168 4097 1
2323 2917 2918 1
1577 1545 1578 1
942 943 1000 1
3388 3389 3391 1
1289 1097 3433 1
3204 3202 3205 1
1802 1803 1804 1
1446 1761 2056 1
1680 1290 2241 1
916 917 918 1
3248 3247 3249 1
1197 1195 1669 1
1547 1813 1931 1
1504 1502 1505 1
2411 2409 2665 1
1546 1215 1645 1
771 772 773 1
1593 1592 1626 1
1108 1105 1451 1
2039 2038 2097 1
2031 2029 2926 1
93 94 360 1
2037 2036 2038 1
884 883 915 1
1112 1110 1510 1
1236 1235 1237 1
1549 464 2774 1
319 30 3465 1
3165 3166 3167 1
1195 1193 3217 1
917 915 3235 1
1516 1514 3117 1
1579 2189 2201 1
1214 1215 1546 1
1123 1121 1575 1
1228 3339 3343 1
2969 3325 3493 1
863 728 3344 1
1913 1911 1983 1
2092 2737 3490 1
3684 2831 3685 1
885 2715 4564 1
1234 848 1235 1
862 861 883 1
942 931 943 1
842 841 861 1
3325 1216 3493 1
754 752 3278 1
1546 1645 1827 1
3341 3345 3620 1
789 786 3429 1
3199 3197 3200 1
1664 1480 1791 1
1645 2015 3306 1
1579 2201 3371 1
933 934 935 1
2484 2486 3692 1
1739 1647 1740 1
618 741 3108 1
2091 840 3332 1
2887 1019 2889 1
316 24 3317 1
1131 3416 3435 1
769 770 771 1
1444 1704 1705 1
539 544 1227 1
640 1272 3549 1
1490 1489 1706 1
1322 1321 1323 1
868 940 941 1
997 996 1023 1
2337 2339 3476 1
1317 1315 3320 1
2640 2639 2810 1
1244 1242 3174 1
97 98 358 1
782 785 3660 1
1927 2048 2623 1
2542 2540 2709 1
1642 1643 1773 1
2502 2498 3161 1
2904 2370 4048 1
708 705 709 1
999 1078 1079 1
1246 3461 3554 1
2724 2256 4212 1
708 709 710 1
1118 1114 1542 1
701 699 1126 1
753 752 754 1
520 519 521 1
735 730 3339 1
1799 1801 1802 1
3022 661 4330 1
861 841 3263 1
953 951 3498 1
941 998 999 1
2287 1827 2900 1
993 991 994 1
1871 1540 3403 1
1191 1189 1414 1
1715 395 3599 1
31 32 356 1
767 768 769 1
1686 1429 2066 1
3100 2280 3101 1
1508 1406 3410 1
1242 1444 3174 1
1291 1651 3461 1
3904 3414 3924 1
951 897 3500 1
172 173 297 1
2567 2338 3303 1
1187 1690 3610 1
533 2372 3449 1
841 816 1217 1
1500 1810 3330 1
930 931 942 1
3498 951 3500 1
2096 2900 3916 1
817 816 841 1
943 945 3363 1
989 1870 3319 1
1325 1323 3489 1
2723 2429 3300 1
2432 2433 4138 1
3166 1672 3472 1
2595 2593 2768 1
3309 697 3316 1
1291 1650 1651 1
1127 1000 1128 1
4118 2646 4175 1
915 883 964 1
1260 1083 3521 1
50 51 329 1
1248 526 3456 1
44 45 326 1
1644 1642 3368 1
1871 3403 3404 1
2413 1974 3688 1
3341 863 3344 1
196 197 3122 1
2098 2099 2724 1
2015 2022 2023 1
3666 1238 3792 1
1254 724 3559 1
1228 735 3339 1
1540 1521 3403 1
1834 1585 1854 1
2637 2638 4198 1
114 317 3388 1
1646 1528 1647 1
1863 1734 3555 1
3372 878 3423 1
2269 1955 2443 1
1658 1825 1826 1
280 3658 4325 1
752 746 1013 1
600 597 3432 1
747 746 752 1
1214 1128 1215 1
778 776 3470 1
804 827 3434 1
3298 3296 3299 1
608 609 1760 1
884 915 916 1
882 930 3423 1
532 534 536 1
513 516 517 1
812 810 3349 1
1029 939 3137 1
1972 1693 1973 1
2364 2365 2534 1
3352 3356 3677 1
1798 1799 3307 1
1709 2020 3527 1
285 9 3625 1
3215 3198 3218 1
3289 985 3431 1
1705 1704 1953 1
745 744 746 1
1658 1654 1825 1
2114 2113 2639 1
3074 3071 3489 1
2612 3464 4356 1
1784 1992 1995 1
1569 1568 1570 1
2324 2785 2917 1
102 103 324 1
1741 1742 1798 1
2056 1761 2113 1
1527 1526 1528 1
995 994 996 1
1826 2012 2013 1
831 832 859 1
3457 3396 3458 1
947 983 984 1
1138 1032 1139 1
1555 2660 3447 1
42 43 357 1
2846 2292 2847 1
1832 1827 2287 1
1533 1794 3188 1
2291 1590 2292 1
1230 1232 3399 1
1645 1840 2015 1
740 738 821 1
276 3393 3395 1
943 944 945 1
52 53 362 1
945 946 947 1
2820 2287 2880 1
2059 822 3587 1
3083 2054 3527 1
611 618 619 1
2453 3182 3183 1
1460 1461 1537 1
2326 2327 2328 1
3070 1673 3071 1
814 812 924 1
726 724 1254 1
847 871 3401 1
3165 1672 3166 1
1082 1250 3049 1
882 929 930 1
540 537 3304 1
815 814 816 1
539 1227 3304 1
3400 2371 3731 1
3578 3463 3647 1
2505 2491 2508 1
1296 3513 4167 1
1257 1140 1431 1
3482 3223 4192 1
1282 1279 3454 1
3139 3140 3141 1
3383 3382 3390 1
37 38 323 1
1826 1825 2012 1
1493 1180 1494 1
1792 1793 1925 1
3321 3322 3323 1
1320 1319 1321 1
875 876 923 1
2013 2012 3379 1
2012 2812 3379 1
942 1000 1127 1
1433 530 3228 1
1129 1128 1214 1
2543 1936 2668 1
537 539 3304 1
2825 1407 4178 1
1157 2188 3416 1
1471 1473 1533 1
1657 1654 1658 1
170 171 344 1
246 359 3586 1
3169 3166 3472 1
527 529 1229 1
2829 346 4203 1
510 512 513 1
2037 2039 3406 1
5 6 354 1
756 754 3408 1
1648 3143 3577 1
1225 1223 1489 1
1392 1393 1458 1
1031 1076 1077 1
750 735 1228 1
3286 924 3709 1
2357 3754 3763 1
1315 1313 1675 1
1572 2809 4266 1
2131 3832 3874 1
930 929 931 1
2069 1894 3348 1
108 109 321 1
517 516 518 1
2088 840 2089 1
1273 2371 3400 1
1466 1431 1718 1
755 756 757 1
2120 1698 3467 1
1319 1317 3472 1
1819 1718 1968 1
1661 2354 3040 1
862 883 884 1
239 240 3333 1
3200 3201 3202 1
197 198 348 1
1318 1317 1319 1
842 861 862 1
1127 1128 1129 1
1129 1214 1216 1
171 172 3229 1
1835 1879 3747 1
1771 1875 1985 1
1273 1274 1275 1
3085 2966 3086 1
3436 2174 3437 1
508 509 510 1
2242 2834 3733 1
1566 1564 1568 1
825 3939 3944 1
3031 977 3032 1
706 705 708 1
708 712 3370 1
1275 1276 1277 1
2690 1331 4020 1
2093 2091 3182 1
1158 1245 1684 1
1739 1740 1741 1
872 874 875 1
924 812 3349 1
2368 2876 3127 1
1277 1278 1280 1
2439 1863 3555 1
704 703 705 1
1763 2873 2874 1
1458 1459 1460 1
35 36 355 1
708 710 712 1
2067 2068 2364 1
116 117 3381 1
852 889 3587 1
1093 3059 3863 1
115 116 3382 1
1925 2305 2627 1
2369 3274 3275 1
1410 1211 1652 1
101 102 3567 1
1692 1433 1693 1
817 841 842 1
715 740 3288 1
1525 1508 1526 1
1982 2065 2652 1
1837 2323 2919 1
986 984 988 1
761 762 763 1
1003 3040 3650 1
859 860 965 1
923 876 3372 1
989 988 1870 1
2915 2202 2916 1
757 758 759 1
763 764 765 1
730 728 863 1
2939 2035 3666 1
2033 3222 3223 1
765 766 767 1
3104 3103 3787 1
2012 2034 2812 1
245 246 3586 1
3311 3309 3316 1
1826 2013 2014 1
887 1130 1219 1
3236 3237 3239 1
1316 1315 1317 1
1975 2821 3694 1
633 631 682 1
533 535 2372 1
2576 2519 2577 1
2045 2047 3419 1
1446 2056 3277 1
3290 990 3576 1
828 830 3463 1
99 100 284 1
2637 1659 2638 1
2608 4261 4501 1
2725 2508 2726 1
1521 1282 3454 1
3360 1702 3361 1
1237 1239 1240 1
3329 777 3845 1
56 57 364 1
1560 1847 1848 1
759 760 761 1
2137 2139 2151 1
1958 1957 3222 1
2049 1769 2050 1
1326 1327 1392 1
1348 1347 1349 1
3114 2033 3482 1
1346 1344 1347 1
1573 1574 1887 1
2217 2219 2230 1
813 812 814 1
508 506 509 1
2139 2141 3439 1
2304 1798 3307 1
2213 2215 2698 1
47 48 283 1
525 527 3350 1
702 701 703 1
847 870 871 1
2825 2421 4040 1
3403 1521 3454 1
3131 2302 3942 1
753 754 755 1
3249 3250 3251 1
1655 1508 3410 1
1543 2885 3417 1
739 745 3413 1
2223 2225 2466 1
2304 3307 3308 1
536 537 540 1
827 828 848 1
1897 1745 1924 1
1548 1512 2121 1
1546 1827 1832 1
2023 2022 2285 1
1384 1383 1479 1
1590 1591 3427 1
3508 3680 3834 1
1495 1494 1496 1
365 3826 4166 1
521 523 524 1
1350 1349 1353 1
88 89 365 1
1653 1216 1654 1
2209 2211 2806 1
2133 2135 2136 1
597 595 1253 1
1815 1814 3678 1
1028 1428 3682 1
1733 1735 2266 1
105 106 281 1
1507 1406 1508 1
45 46 3603 1
31 356 3465 1
965 966 1047 1
2003 2809 2892 1
8 9 285 1
3321 1675 3322 1
1832 2287 2820 1
1167 2925 4097 1
612 606 1249 1
815 816 817 1
1927 1800 2048 1
1824 1535 3584 1
321 3459 3548 1
2012 1825 2034 1
1720 1540 1871 1
1017 1044 1135 1
3865 2400 3905 1
1396 2045 3430 1
830 847 3401 1
510 509 512 1
1645 1215 1840 1
517 519 520 1
131 132 3305 1
876 878 3372 1
2412 1974 2413 1
3264 1217 3265 1
527 1229 3350 1
1675 1313 3357 1
40 41 280 1
745 746 747 1
1555 2187 2660 1
1216 1214 3493 1
875 874 876 1
1857 1859 1885 1
2437 1940 3545 1
1511 1391 1512 1
513 512 516 1
710 711 713 1
58 59 308 1
642 640 3549 1
710 709 711 1
1285 1434 3535 1
2030 2032 2351 1
1805 1803 3446 1
1479 2280 3100 1
747 752 753 1
1651 1650 1839 1
1240 1241 1242 1
2817 4136 4244 1
1405 1404 1406 1
90 91 286 1
1936 1937 3436 1
1946 1945 2257 1
530 525 3350 1
1396 1397 1677 1
1007 1014 1031 1
1736 1496 1945 1
407 405 511 1
513 517 3374 1
2972 2971 2974 1
2272 3258 3524 1
1854 3293 3518 1
2623 2048 2625 1
2708 2052 3034 1
534 533 3449 1
54 55 288 1
1832 2969 3493 1
1157 1524 2188 1
3167 3166 3168 1
2015 1840 2022 1
1173 1172 1421 1
1324 1325 1326 1
1314 1313 1315 1
1457 1559 1560 1
2171 2456 3742 1
1420 1418 3475 1
3360 3361 3362 1
616 614 840 1
1851 3578 3647 1
1622 3146 3543 1
1838 1837 2919 1
1444 1445 1704 1
2258 2257 2259 1
2263 4082 4175 1
1131 1157 3416 1
704 705 706 1
1242 1243 1444 1
395 392 3599 1
1606 1608 1637 1
943 931 944 1
702 703 704 1
1953 1954 2469 1
1042 1147 1148 1
700 699 701 1
2062 1330 3682 1
2994 2996 2999 1
878 882 3423 1
3003 3005 3007 1
603 600 805 1
1646 1647 1739 1
2427 2429 2723 1
667 659 697 1
2506 2882 2883 1
86 87 309 1
1742 1740 3582 1
805 600 3432 1
1602 1604 1674 1
2998 3001 3008 1
933 935 3424 1
1686 2066 2067 1
2666 2868 3978 1
575 573 3606 1
1598 1600 1749 1
2682 2284 2968 1
805 3432 4541 1
2713 2714 4541 1
2122 2121 3534 1
111 112 276 1
2238 2571 2659 1
503 505 506 1
3468 2719 4540 1
1312 1311 1313 1
1182 1082 3049 1
1154 1002 3538 1
2368 2366 2876 1
2438 2439 2782 1
1698 1700 3467 1
2227 2581 2582 1
804 824 827 1
2656 2655 3557 1
2141 2152 3439 1
834 868 3614 1
195 196 299 1
3395 3396 3457 1
3412 739 3413 1
3386 3383 3390 1
1955 1953 3338 1
1684 1890 1950 1
739 744 745 1
827 1234 3434 1
706 708 3370 1
1546 1832 3493 1
3508 1759 3680 1
1322 1323 1324 1
507 506 508 1
2455 435 3738 1
888 887 3189 1
2423 2425 2824 1
785 2169 3660 1
972 974 1046 1
652 650 658 1
871 870 872 1
2141 2143 2152 1
1594 1596 1776 1
2393 2391 3570 1
2351 2816 2817 1
844 806 866 1
1527 1528 1646 1
1217 816 3285 1
1963 2236 2555 1
523 522 3456 1
1390 1268 1391 1
1700 1725 2166 1
1138 1139 2157 1
2175 2122 3534 1
1446 1447 1761 1
633 682 1298 1
1921 1922 2597 1
1653 1654 1657 1
992 1032 1138 1
2254 2253 2649 1
1024 1023 3225 1
3072 3071 3073 1
1169 1170 1171 1
33 34 275 1
3108 741 3614 1
813 814 815 1
1708 1710 2261 1
524 525 530 1
501 502 503 1
945 944 946 1
1626 2035 2036 1
1227 544 3609 1
325 245 3586 1
546 611 3609 1
1766 1568 3486 1
830 3401 3463 1
1648 3577 3669 1
947 946 983 1
509 506 3485 1
518 542 1446 1
3236 964 3237 1
2186 2177 3809 1
1625 1631 3517 1
543 538 1226 1
928 1131 3435 1
890 987 3601 1
484 493 1273 1
964 883 3273 1
811 810 812 1
1281 1519 1523 1
2373 2180 3847 1
1129 1216 1653 1
833 2856 4557 1
1783 1782 2264 1
3388 3384 3389 1
510 513 1218 1
2184 2182 3596 1
1840 1215 3523 1
1067 1068 1145 1
1612 1614 1638 1
1205 1207 3496 1
3007 3018 3022 1
1865 1864 3180 1
1033 1034 3479 1
444 448 3710 1
1949 1867 2440 1
1617 1620 1636 1
1467 1184 3703 1
1830 1774 2282 1
2654 2259 2655 1
517 520 3374 1
3322 3357 3358 1
2581 2228 4100 1
1002 967 3538 1
1940 1938 3545 1
1123 1575 2082 1
2124 2122 2175 1
2118 2002 2119 1
1678 1780 1850 1
1077 1152 1153 1
1889 2434 2436 1
1972 1973 2404 1
2082 2083 2345 1
1672 1319 3472 1
2457 2459 2538 1
3254 3253 3255 1
1959 1961 2174 1
1864 2401 2544 1
3113 1202 3706 1
2145 2147 2153 1
3127 2059 3639 1
988 984 3554 1
648 646 1233 1
700 701 702 1
3503 3414 3904 1
3204 3205 3206 1
2056 3276 3277 1
2712 2630 2872 1
1201 1252 1396 1
74 75 372 1
1310 1309 1311 1
233 234 3244 1
1309 1307 1702 1
2098 1280 2099 1
713 714 715 1
734 749 801 1
1255 509 3485 1
1748 1516 3117 1
2963 1853 3957 1
1818 2200 2613 1
889 1498 3587 1
2171 2173 2456 1
698 697 699 1
882 928 929 1
1588 1590 2291 1
848 3463 3578 1
1525 1526 1527 1
1888 2128 2621 1
672 674 1262 1
1850 2260 2695 1
2715 885 4548 1
1692 1693 1972 1
739 716 744 1
2498 2499 2500 1
1153 1475 1476 1
922 960 1009 1
499 500 501 1
1454 1737 2447 1
684 688 1261 1
2586 2727 4502 1
1700 2166 3467 1
60 61 367 1
1305 1303 2102 1
532 536 3588 1
1434 1695 3535 1
1086 1176 1411 1
2776 2607 4469 1
1723 1722 1729 1
2154 3279 4082 1
310 2764 4507 1
1320 1321 1322 1
3127 2876 3128 1
1048 1134 3795 1
1995 2242 2738 1
2660 2187 2739 1
1695 1698 2120 1
566 564 1030 1
2954 2953 4248 1
593 590 743 1
751 750 810 1
1403 1402 1404 1
503 502 505 1
1305 2102 3450 1
1431 1140 3676 1
736 735 750 1
3421 575 3606 1
691 694 732 1
250 251 361 1
2939 3666 3792 1
501 503 3497 1
715 716 738 1
2573 2395 2574 1
1023 1043 1212 1
1021 3424 3743 1
3200 3197 3201 1
668 670 689 1
644 642 655 1
1061 1062 2811 1
876 877 878 1
3139 1869 3140 1
160 161 3292 1
38 39 3589 1
2532 2283 2673 1
3361 1702 3450 1
1234 1236 3640 1
878 881 882 1
1316 1317 1318 1
1072 1074 1155 1
528 526 1248 1
508 510 3415 1
3358 3357 3359 1
84 85 368 1
679 681 692 1
1128 1000 3523 1
987 3189 3190 1
1673 1325 3489 1
1678 2380 3515 1
1711 1709 3527 1
1267 1265 1268 1
1237 1235 1239 1
1753 2607 3563 1
1229 529 3588 1
811 812 813 1
745 747 825 1
2290 1798 2304 1
496 2194 3556 1
1240 1239 1241 1
1994 1785 3880 1
2125 1767 2126 1
1685 2162 2388 1
512 509 1255 1
3426 2393 3570 1
1091 1557 1558 1
2214 2212 3258 1
663 665 1292 1
3056 2706 4269 1
1318 1319 1320 1
2430 2428 3494 1
1832 2820 2969 1
1727 1728 1889 1
3296 3294 3480 1
3340 3342 3791 1
1452 1385 1774 1
1759 1373 3680 1
1218 513 3374 1
1055 1056 1057 1
1369 1366 3598 1
1064 1066 1067 1
711 709 1656 1
2886 2888 4023 1
2878 2055 3346 1
2149 2158 2159 1
1219 1220 1221 1
2353 1840 3523 1
1077 1665 3961 1
1298 1299 1300 1
1953 1704 1954 1
731 730 735 1
722 820 1678 1
497 498 499 1
3349 810 3771 1
2453 2093 3182 1
2018 1657 2055 1
698 699 700 1
822 852 3587 1
1364 1362 3613 1
2830 2262 3376 1
503 506 507 1
501 500 502 1
2799 2798 2800 1
1444 1243 1445 1
2127 2126 2386 1
44 326 3664 1
1506 1505 1782 1
1125 898 1387 1
3440 3439 3444 1
3413 3414 3503 1
3185 3183 3451 1
821 738 3412 1
1982 1848 2065 1
1879 2929 3747 1
1307 1305 3450 1
2291 2292 2846 1
499 501 1256 1
586 584 719 1
3322 1675 3357 1
2618 2109 2619 1
2031 2926 3516 1
497 495 498 1
608 545 609 1
132 300 3305 1
2521 3965 4090 1
1314 1315 1316 1
2088 2089 2090 1
1702 1307 3450 1
889 890 891 1
1375 1373 1759 1
580 577 602 1
1051 1140 1257 1
1079 1078 3737 1
1212 1213 1485 1
1507 1508 1525 1
2793 1186 4478 1
2092 2256 2737 1
2670 4260 4461 1
348 198 3525 1
499 498 500 1
1721 1720 1722 1
1050 1049 3521 1
1445 1555 3447 1
506 505 3485 1
2391 2184 2396 1
3 4 296 1
1579 1580 2189 1
3604 1942 4547 1
1242 1241 1243 1
2059 3587 3639 1
1271 4350 4433 1
1058 1060 1061 1
713 711 714 1
1449 1450 3531 1
1258 2827 4506 1
2934 2932 2935 1
1214 1546 3493 1
2443 1955 3338 1
827 824 828 1
872 873 874 1
108 321 3548 1
1906 1905 1907 1
500 498 1270 1
1558 1837 1838 1
107 108 3548 1
1388 1387 1389 1
849 781 1717 1
1476 1786 1787 1
252 253 305 1
289 2721 2780 1
1275 1274 1276 1
1485 1486 1844 1
1151 1148 1177 1
518 516 542 1
1429 706 3370 1
1308 1307 1309 1
1277 1276 1278 1
929 928 3435 1
1401 1199 1402 1
1312 1313 1314 1
2048 1800 3582 1
1310 1311 1312 1
94 95 3723 1
1256 3497 3560 1
1273 493 1274 1
1405 1406 1507 1
2121 1512 3890 1
1926 2267 2288 1
1371 1369 1640 1
30 31 3465 1
652 658 3469 1
616 840 2088 1
2094 2416 2417 1
497 499 3488 1
1951 1717 1998 1
43 44 3664 1
1414 4070 4309 1
2355 988 3554 1
955 953 1075 1
3724 2938 3737 1
916 918 957 1
3122 348 4016 1
515 508 3415 1
738 739 3412 1
2958 2156 3722 1
1808 1936 2543 1
507 508 515 1
3404 3403 3752 1
2563 2565 2680 1
2079 2244 3687 1
573 571 721 1
505 2074 3485 1
1067 1230 3544 1
2553 2551 2554 1
323 38 3589 1
2033 1958 3222 1
102 324 3567 1
1889 1728 2434 1
356 32 3597 1
496 504 2194 1
1627 3160 3537 1
2602 2386 2833 1
887 851 1130 1
658 650 3466 1
795 793 1996 1
360 94 3723 1
1366 1364 1671 1
510 1218 3415 1
2652 2065 2667 1
1246 1291 3461 1
644 655 3453 1
3249 3247 3250 1
1761 1447 1762 1
488 486 1287 1
2846 2847 3471 1
1244 3174 3903 1
2587 2319 2588 1
2182 2180 2373 1
2102 1303 3637 1
2042 1989 2043 1
1690 1814 1815 1
1755 1860 2095 1
1777 1513 2901 1
1598 1749 3448 1
496 495 497 1
2194 504 2414 1
1776 1596 3448 1
1306 1305 1307 1
2094 515 2416 1
2046 1677 2060 1
533 531 535 1
1219 1130 1220 1
1198 1197 1199 1
2240 1964 3136 1
1446 542 1447 1
976 979 980 1
1707 1706 3194 1
1725 1726 1727 1
1215 1128 3523 1
1589 1238 3666 1
2016 2964 3583 1
1596 1598 3448 1
1541 1540 1720 1
931 929 3422 1
503 507 3497 1
751 810 811 1
1704 1445 3447 1
2639 2113 2853 1
1221 1222 1223 1
1233 646 3453 1
636 654 3681 1
1755 2095 3574 1
876 874 877 1
3501 961 4023 1
1626 1592 2035 1
505 514 2074 1
1721 1722 1723 1
1760 609 2432 1
1278 1281 3398 1
3439 2152 3444 1
2038 2036 2040 1
2231 2150 2263 1
1257 1431 1466 1
3265 1217 3285 1
868 1697 3614 1
1555 1852 2187 1
980 1041 1042 1
2427 2723 3445 1
1362 1360 1571 1
1653 1657 2018 1
1734 1732 3555 1
46 47 3705 1
1445 1554 1555 1
818 792 819 1
2824 2425 3445 1
1256 501 3497 1
2414 504 2415 1
1204 1211 1410 1
2425 2427 3445 1
992 1138 3576 1
1706 2085 2086 1
1489 1223 3594 1
2346 541 2530 1
648 1233 3466 1
3307 1802 3530 1
2124 2175 3572 1
1691 2782 4288 1
474 3105 3789 1
1466 1718 1819 1
1560 1559 1847 1
3442 3443 3884 1
1804 1806 1923 1
1224 1304 1509 1
646 644 3453 1
1012 1054 1055 1
163 164 3375 1
3093 2240 3094 1
1712 1714 1934 1
82 83 291 1
2608 4072 4261 1
2136 2135 2137 1
1511 1512 1548 1
611 2075 3609 1
1752 1941 1942 1
930 942 3634 1
987 888 3189 1
740 2059 3288 1
2026 2202 2915 1
2372 535 2643 1
736 750 751 1
650 648 3466 1
1494 1180 3652 1
492 495 496 1
236 237 3282 1
2303 1998 2661 1
640 638 1272 1
1663 1533 3188 1
801 749 802 1
2645 2263 2646 1
1755 1723 1756 1
1578 1817 1818 1
2747 2161 2869 1
2753 2754 2755 1
731 735 736 1
1571 1360 3748 1
492 494 495 1
738 716 739 1
1187 1474 1690 1
1127 1129 3533 1
24 25 3317 1
166 167 349 1
3715 3162 3927 1
715 714 716 1
729 728 730 1
1403 1404 1405 1
1419 1449 2913 1
755 757 826 1
787 783 1641 1
1246 1247 1291 1
2022 1840 2353 1
248 249 279 1
39 40 3648 1
1356 1351 1767 1
1308 1309 1310 1
1266 1269 1579 1
62 63 287 1
1860 1756 2028 1
1931 1813 1971 1
1306 1308 1531 1
2339 2569 3476 1
317 3384 3388 1
529 532 3588 1
1424 1389 1425 1
2563 2680 3760 1
1127 3533 3634 1
326 45 3603 1
536 2308 3588 1
1839 3483 3484 1
2218 3121 3805 1
507 515 2094 1
3938 1727 3956 1
2018 2055 2878 1
1522 1521 1540 1
638 636 3681 1
499 1256 3488 1
1873 1487 2400 1
656 652 3469 1
407 511 3622 1
2645 2646 2835 1
2434 1728 2435 1
1300 1563 1564 1
2964 2963 3957 1
1961 1963 3452 1
494 491 541 1
821 3412 3565 1
4244 3262 4270 1
632 633 634 1
1270 498 3562 1
1963 2555 3452 1
763 765 3541 1
3497 2094 3560 1
2001 1985 2002 1
2090 2089 3490 1
1081 1079 1082 1
1196 1195 1197 1
1304 1303 1305 1
1700 1701 1725 1
2085 1489 3594 1
1695 2120 3535 1
2075 619 2076 1
882 881 928 1
507 2094 3497 1
2906 2905 3663 1
2755 2756 2757 1
842 862 885 1
489 491 492 1
2573 2574 3591 1
878 877 881 1
1501 1503 3777 1
667 697 698 1
520 521 3630 1
1390 1391 1511 1
1727 1726 1728 1
983 1016 1246 1
1548 2121 2122 1
1011 1002 1154 1
496 497 504 1
630 631 632 1
3267 2048 3582 1
512 1255 3566 1
475 471 1286 1
3168 3166 3169 1
432 430 621 1
884 916 3487 1
1285 530 1433 1
1520 1282 1521 1
505 502 514 1
727 726 728 1
1792 1633 1793 1
1541 1720 1721 1
504 497 3488 1
2174 1961 3452 1
2095 1860 2465 1
1642 1641 1643 1
3507 3509 3514 1
1726 1701 1876 1
2682 2968 3506 1
1138 3186 3576 1
872 870 873 1
932 857 933 1
1438 1439 1440 1
1783 2264 3880 1
2355 3462 3865 1
1629 1624 1630 1
487 489 1263 1
1132 1010 1874 1
3832 2358 3874 1
326 3603 3604 1
1304 1305 1306 1
1291 1465 1650 1
2415 504 3488 1
2821 1977 2822 1
1892 1891 2450 1
856 819 857 1
2381 1940 2437 1
2148 2146 2154 1
1918 1915 2444 1
1721 1723 1755 1
3237 964 3273 1
1306 1307 1308 1
850 3063 3670 1
3308 3530 3657 1
1515 1517 1730 1
1447 542 2096 1
2369 1887 3274 1
1049 1024 3225 1
494 541 2346 1
2872 1497 4113 1
2438 1863 2439 1
1566 1568 1569 1
3345 3646 3757 1
1267 1268 1390 1
2795 2735 2796 1
1383 1354 3772 1
984 983 3554 1
1954 1704 3447 1
847 869 870 1
1755 1756 1860 1
1472 1765 2197 1
725 724 726 1
1440 1441 1442 1
3680 1640 3834 1
1442 1529 1530 1
891 892 893 1
944 931 3422 1
622 621 623 1
1698 1699 1700 1
492 491 494 1
1023 996 1043 1
1829 1901 1902 1
1434 1433 1692 1
2018 2878 2879 1
1158 1133 1245 1
2231 2263 2645 1
1143 1083 1260 1
40 280 3648 1
1396 1252 1397 1
956 968 1156 1
628 629 630 1
987 3191 3601 1
1878 1877 4091 1
1410 1652 1757 1
1635 1769 2049 1
344 2814 4240 1
544 546 3609 1
1194 1193 1195 1
808 800 809 1
1870 988 2355 1
1231 1145 1667 1
1696 1694 1855 1
1690 2387 3610 1
1138 2157 3186 1
2065 1848 3612 1
1206 3123 3735 1
2297 1865 3180 1
1921 1731 1922 1
1361 3571 4470 1
1725 1701 1726 1
161 162 314 1
1938 1918 3672 1
1181 1082 1182 1
1310 1312 1448 1
1741 1798 2290 1
967 955 3631 1
707 706 1429 1
1744 1423 1891 1
10 3291 3625 1
1612 1638 3473 1
1610 1612 3473 1
516 512 3566 1
1573 1417 1574 1
729 730 731 1
813 815 879 1
1522 1540 1541 1
2669 2220 3805 1
1445 1243 1554 1
1280 1278 3398 1
487 488 489 1
1555 1554 1852 1
1830 2282 2283 1
1129 1653 3533 1
1430 1429 1686 1
488 1287 3542 1
2431 1767 3636 1
761 763 835 1
2734 2733 2735 1
1522 1541 1772 1
2837 2839 3903 1
247 248 3762 1
3422 929 3435 1
1221 1220 1222 1
2158 2150 2231 1
2077 2076 2078 1
994 3319 3573 1
1678 820 1780 1
3648 3632 4236 1
983 1246 3554 1
3560 2417 3561 1
990 992 3576 1
1470 1182 1471 1
1223 1222 1224 1
472 476 1831 1
1800 1742 3582 1
750 1228 3771 1
1852 1554 2105 1
2116 2686 2828 1
2086 2087 2728 1
592 3734 4460 1
2970 2971 2972 1
1224 1222 1303 1
1192 1191 1193 1
2625 2048 3267 1
753 755 3539 1
2281 1816 2402 1
1581 2253 2254 1
874 873 3481 1
3082 2054 3083 1
3892 2571 4406 1
1562 1533 1663 1
498 495 3562 1
1695 1696 1698 1
1569 1570 1745 1
2094 2417 3560 1
47 283 3705 1
2286 4077 4172 1
542 516 3566 1
489 488 491 1
626 627 628 1
550 552 1408 1
741 834 3614 1
482 480 490 1
4310 3943 4389 1
3059 2072 3683 1
3491 1523 4195 1
1855 1694 3602 1
2079 2078 2244 1
2081 3124 3850 1
3135 1627 3537 1
1956 2398 2775 1
828 829 830 1
830 846 847 1
1452 1774 1830 1
1700 1699 1701 1
485 483 486 1
2290 2304 2547 1
2149 2150 2158 1
461 459 1284 1
916 957 3487 1
2158 2231 2666 1
2456 2173 2457 1
928 1010 1131 1
3189 1219 3659 1
1179 1492 3724 1
3389 3384 3668 1
1646 1739 1929 1
831 809 832 1
723 617 724 1
1278 1279 1281 1
2142 2140 2155 1
1264 3371 3585 1
1509 1304 3552 1
1947 1537 1948 1
32 33 3597 1
1822 1882 2385 1
1247 1016 1862 1
1401 1402 1403 1
2149 2148 2150 1
202 203 331 1
1190 1189 1191 1
1281 1282 1519 1
2123 2787 2788 1
950 952 1294 1
655 642 3549 1
1224 1303 1304 1
1806 1808 3504 1
1316 1318 1491 1
165 166 3550 1
348 3525 3526 1
2734 2735 2795 1
487 486 488 1
155 156 3628 1
2496 2497 2498 1
1131 1132 1157 1
1524 1744 1883 1
1220 1130 1843 1
450 446 1288 1
1322 1324 1561 1
1434 1694 1695 1
1864 1844 2401 1
199 311 3525 1
1685 2388 3580 1
1520 1521 1522 1
1241 1239 1851 1
1157 1423 1524 1
2797 2796 2798 1
877 874 3481 1
1706 1489 2085 1
2193 2191 2374 1
2549 2548 2550 1
1306 1531 3552 1
1274 493 2103 1
755 826 3539 1
1224 1509 3594 1
1451 3302 4382 1
2344 2105 2389 1
485 486 487 1
1698 1696 1699 1
2531 2771 4368 1
649 648 650 1
651 650 652 1
3538 967 3631 1
33 275 3597 1
647 646 648 1
2096 542 3566 1
1095 1107 1438 1
2339 2338 2567 1
1852 2105 2344 1
1123 2082 3528 1
481 483 484 1
983 946 1016 1
870 869 3585 1
2396 2184 3596 1
1235 848 3578 1
1482 2062 2063 1
1717 781 3660 1
645 644 646 1
1183 1089 1185 1
2272 2214 3258 1
1814 1956 3678 1
2147 2148 2149 1
2732 2730 2733 1
2797 2798 2799 1
1519 1520 1775 1
469 467 474 1
2293 1868 2294 1
1536 1861 2004 1
1588 2291 3640 1
804 823 824 1
3153 2349 4141 1
1850 1780 2260 1
1160 1763 3795 1
2143 2144 2145 1
1031 1014 1076 1
895 896 897 1
2254 2649 2650 1
495 494 3562 1
1874 1010 3629 1
895 950 3671 1
2137 2138 2139 1
484 485 493 1
2145 2146 2147 1
2400 1487 3699 1
1653 2018 3533 1
3024 643 3888 1
767 769 838 1
2272 3524 3618 1
1668 1663 1894 1
2357 3043 3959 1
1212 1043 1213 1
2597 1922 2598 1
913 925 926 1
3073 3071 3074 1
727 728 729 1
1246 1016 1247 1
541 491 3542 1
1882 1881 2406 1
1884 3643 4447 1
1972 2404 2405 1
80 81 371 1
524 530 1285 1
484 483 485 1
2139 2140 2141 1
823 803 1283 1
2141 2142 2143 1
1802 1804 3530 1
802 803 804 1
773 775 845 1
2729 2087 2730 1
2732 2733 2734 1
2163 1866 2691 1
3533 2879 3634 1
1285 1433 1434 1
976 980 3763 1
704 706 707 1
859 832 860 1
1579 1269 1580 1
2719 3468 4091 1
2702 1764 4009 1
1833 1494 3652 1
580 602 3651 1
1485 1213 1486 1
1519 1282 1520 1
1067 1066 1068 1
489 492 3556 1
1507 1525 1841 1
2486 2488 2489 1
1434 1692 1694 1
1198 1199 1401 1
1254 3559 3646 1
928 881 1010 1
3625 3291 3626 1
1472 2197 3759 1
1925 1793 2305 1
199 200 311 1
1821 1989 2042 1
1839 1650 3483 1
653 652 656 1
1057 1056 1058 1
485 487 3558 1
1895 1894 2069 1
1640 1369 3598 1
1790 1751 1981 1
1719 2268 2449 1
1744 1891 1892 1
1287 486 3579 1
1463 1462 1751 1
725 726 727 1
1677 1397 3425 1
2090 3490 3491 1
3621 2103 3752 1
1923 3504 3505 1
2365 2367 3920 1
3468 1944 4091 1
1188 1124 1189 1
3371 2201 3782 1
828 824 829 1
1264 948 1265 1
1822 2385 3483 1
1531 1308 3564 1
1695 1694 1696 1
1278 1276 1279 1
2147 2146 2148 1
494 2346 3562 1
632 631 633 1
437 439 737 1
643 642 644 1
1500 1499 1810 1
893 895 3671 1
2307 3711 4456 1
1281 1279 1282 1
492 496 3556 1
2424 2422 4239 1
457 455 463 1
2049 2050 2051 1
436 434 3656 1
3144 1033 3895 1
1757 1652 3532 1
528 1248 3655 1
630 629 631 1
1397 1416 3425 1
1842 1819 1868 1
2535 1948 2626 1
3246 3248 3983 1
1739 1741 3546 1
616 2088 3559 1
1892 2451 2589 1
324 103 3638 1
657 656 659 1
2540 2411 3477 1
1304 1306 3552 1
736 751 855 1
1778 2115 2116 1
3515 2380 3841 1
1312 1314 3568 1
1981 3626 3835 1
893 894 895 1
628 627 629 1
1808 2543 3504 1
1671 1364 3613 1
660 659 667 1
624 623 625 1
826 757 3633 1
1745 1570 3502 1
550 1408 3716 1
1752 1942 3608 1
1887 1574 1888 1
3721 1009 4346 1
3560 3561 3615 1
1903 1905 1906 1
1291 1247 1465 1
2145 2144 2146 1
2728 2087 2729 1
2018 2879 3533 1
254 255 366 1
626 625 627 1
1822 1465 1881 1
624 625 626 1
446 444 3710 1
168 169 303 1
1131 1010 1132 1
1137 1028 3682 1
1887 1888 3274 1
1497 2872 4067 1
491 488 3542 1
873 870 3585 1
1184 1536 3703 1
543 1226 3690 1
1848 1847 3612 1
483 482 3579 1
869 846 948 1
1314 1316 3569 1
2333 2332 2334 1
1005 3875 3918 1
3435 3416 3766 1
2951 2949 3898 1
2143 2142 2144 1
2960 2958 3722 1
1679 1290 1680 1
2492 2494 2496 1
64 65 369 1
835 763 3541 1
4008 4006 4468 1
1977 2836 3871 1
2744 2745 2746 1
3302 1146 4312 1
3192 3190 3659 1
622 623 624 1
2751 721 4241 1
869 948 1264 1
2067 2364 2591 1
2729 2730 2732 1
2086 2085 2087 1
1923 1806 3504 1
1236 1588 3640 1
103 104 3638 1
1580 1269 2107 1
1844 1486 3608 1
1293 1053 1462 1
1308 1310 3564 1
1196 1197 1198 1
72 73 295 1
3299 3296 3480 1
1077 1076 1152 1
690 687 718 1
1061 1060 1062 1
2191 2079 3687 1
487 1263 3558 1
2331 2330 2332 1
2329 2328 2330 1
911 912 913 1
723 724 725 1
2337 2336 2338 1
1804 1923 3530 1
3077 2065 3612 1
536 540 2308 1
683 680 1297 1
733 695 836 1
1892 2450 2451 1
1842 2293 2295 1
2106 2100 3600 1
673 671 1469 1
481 482 483 1
2549 2550 2551 1
868 941 1697 1
2546 2044 2965 1
1392 1458 1750 1
1484 1035 3754 1
2489 2490 2491 1
669 666 677 1
1239 1235 3578 1
2402 1816 3695 1
1122 1121 1123 1
2099 1280 3398 1
1248 3033 3817 1
1237 1240 3792 1
1157 1132 1423 1
164 165 312 1
4154 2844 4281 1
2335 2334 2336 1
1243 1241 3590 1
2795 2796 2797 1
678 675 686 1
1823 1535 1824 1
2291 2846 2860 1
702 704 3580 1
432 621 622 1
1570 1926 3502 1
493 485 3558 1
942 1127 3634 1
1178 1177 1499 1
1457 1534 1559 1
2141 2140 2142 1
1524 1423 1744 1
1055 1054 1056 1
1266 1265 1267 1
468 470 479 1
1650 1465 1822 1
2613 2200 2793 1
1541 1721 3574 1
2797 2799 3536 1
3545 1938 3672 1
433 2455 3797 1
1310 1448 3564 1
611 619 2075 1
727 729 839 1
2139 2138 2140 1
1652 2026 3532 1
2131 2132 2133 1
847 846 869 1
1263 489 3556 1
965 860 966 1
802 749 803 1
1721 1755 3574 1
2129 2130 2131 1
734 748 749 1
698 700 1026 1
2070 2069 2561 1
1882 2406 2407 1
2133 2136 3832 1
1448 1312 3568 1
1180 1080 3652 1
2071 1944 3468 1
77 78 304 1
2667 2065 3077 1
2442 1896 2677 1
830 829 846 1
2133 2134 2135 1
1264 1265 1266 1
759 761 3581 1
1416 1456 1457 1
1456 1415 1676 1
1649 1648 3669 1
920 922 3721 1
1684 1245 1890 1
2108 2107 2109 1
1565 1567 2167 1
1822 1881 1882 1
1746 1965 2129 1
444 442 448 1
946 944 3592 1
3851 2676 4516 1
1390 1511 1587 1
2020 1707 3194 1
615 614 616 1
1772 1541 3574 1
2137 2135 2138 1
999 1079 1081 1
2301 2109 2618 1
1119 1118 1121 1
1200 1175 1453 1
481 480 482 1
1378 1386 1539 1
1065 1063 1290 1
460 462 1295 1
781 782 3660 1
2123 2122 2124 1
2655 2762 2763 1
1681 1680 1682 1
1073 1071 1142 1
869 1264 3585 1
4178 1572 4266 1
478 480 481 1
1090 1184 1467 1
996 994 3573 1
2677 1896 3835 1
1194 1195 1196 1
937 939 1029 1
3454 1279 3621 1
476 477 478 1
447 451 1296 1
2498 2497 2499 1
1403 1405 1899 1
2692 1967 2693 1
2255 1974 2412 1
1223 1224 3594 1
2619 2109 3736 1
757 759 3633 1
1795 1534 1974 1
664 662 1691 1
3709 3349 4424 1
1397 1415 1416 1
2088 2090 3646 1
1580 2107 2108 1
2643 535 2644 1
531 528 3655 1
3513 3512 3726 1
1022 1090 3617 1
636 634 654 1
823 1283 2016 1
3587 1498 3639 1
3488 1256 3615 1
1482 2271 4020 1
1266 1267 1269 1
613 612 614 1
1926 2288 3502 1
2291 2860 3640 1
299 196 3122 1
2589 2451 2632 1
1140 3113 3676 1
804 803 823 1
1980 1978 3171 1
2026 2915 3532 1
1350 1379 3694 1
2167 2358 2359 1
696 733 734 1
1486 1213 1487 1
1089 1021 3743 1
2564 2562 2622 1
2035 1592 3666 1
632 634 635 1
478 477 480 1
889 891 1498 1
535 531 3655 1
2105 1554 3590 1
2325 2186 2326 1
2509 2524 3057 1
3136 3114 4120 1
2655 2763 3557 1
476 475 477 1
1132 1874 3623 1
1130 851 3565 1
1683 1682 1970 1
1469 3037 4499 1
2461 2462 2463 1
3589 39 3648 1
185 186 328 1
486 483 3579 1
2531 2283 2532 1
607 606 612 1
1891 1423 3623 1
694 695 696 1
1486 1487 1752 1
1466 1819 1842 1
1842 1868 2293 1
1690 1474 1814 1
138 139 3872 1
183 184 278 1
1939 2019 2696 1
1192 1193 1194 1
1548 2122 2123 1
3765 2864 4410 1
3454 3621 3752 1
1090 1467 3617 1
2170 1970 2772 1
3319 1870 3905 1
1268 1265 3769 1
272 2687 4508 1
1752 1487 1873 1
1115 1114 1118 1
1692 1972 3602 1
357 43 3664 1
1843 1130 3565 1
3939 3362 3944 1
2517 2518 2519 1
1752 1873 1941 1
1741 2290 3546 1
1941 1873 2378 1
520 3630 3810 1
1256 3560 3615 1
2108 2109 2301 1
2134 2132 2262 1
691 693 694 1
1316 1491 3569 1
950 897 951 1
1554 1243 3590 1
2103 493 3558 1
2060 1677 3425 1
1156 968 3650 1
472 475 476 1
761 835 3581 1
1496 1494 1833 1
1818 1817 2200 1
628 630 1271 1
765 767 3595 1
851 821 3565 1
2347 1757 2805 1
1476 1475 1786 1
1471 1533 1562 1
2185 2177 2186 1
609 545 3690 1
2001 2002 2118 1
3416 2188 3866 1
909 910 911 1
4223 323 4367 1
707 1429 1430 1
1941 2378 2379 1
2552 2612 2827 1
2197 1765 2383 1
42 357 3658 1
1421 1703 3860 1
2808 2262 2830 1
1374 1376 1497 1
2529 2522 4308 1
1650 1822 3483 1
1791 3100 3353 1
1198 1401 1754 1
2753 1787 2754 1
1592 1589 3666 1
1190 1191 1192 1
3568 1314 3569 1
3530 1923 3657 1
1624 1622 3543 1
1818 2614 3954 1
1578 1545 1817 1
944 3422 3592 1
2042 2043 2688 1
2241 3665 3702 1
3541 765 3595 1
779 781 849 1
1694 1692 3602 1
1153 1152 1475 1
2911 2910 4393 1
443 445 454 1
615 617 722 1
2415 3488 3615 1
2520 2523 2615 1
686 3696 3697 1
2123 2124 2787 1
1113 1112 1114 1
2085 3594 3718 1
688 690 691 1
1460 1537 1947 1
433 435 2455 1
707 1430 1685 1
3384 3385 3668 1
1784 1995 3827 1
722 723 820 1
2967 347 3911 1
2075 2076 2077 1
1830 2283 2531 1
456 458 473 1
1166 1169 3836 1
411 409 1427 1
1201 1251 1252 1
724 617 3559 1
1851 1239 3578 1
849 1717 1951 1
1276 1274 3621 1
1780 820 1884 1
604 603 606 1
107 3548 3732 1
166 349 3550 1
1731 1231 3575 1
634 633 3540 1
1929 1739 3546 1
1730 1517 3704 1
950 951 952 1
2787 2124 2789 1
41 42 3658 1
2401 1844 3608 1
2281 2402 2403 1
1565 1564 1566 1
3011 3010 3990 1
1241 1851 3590 1
521 524 3630 1
1386 1385 1452 1
601 600 603 1
952 951 953 1
1011 1154 3662 1
3037 1469 4454 1
1397 1252 1415 1
1951 1998 2303 1
1043 996 3573 1
545 543 3690 1
1685 1866 2162 1
281 106 3732 1
1274 2103 3621 1
1430 1686 3667 1
1370 1372 1468 1
1021 933 3424 1
1176 1200 1201 1
2163 2691 2699 1
635 637 2467 1
435 437 3738 1
2117 1779 2177 1
734 733 748 1
1111 1110 1112 1
2106 3600 4137 1
615 616 617 1
976 926 979 1
3322 3358 3770 1
2077 2078 2079 1
790 792 818 1
1086 1175 1176 1
1007 1031 3875 1
1081 1082 1181 1
1171 1172 1173 1
1923 3505 3657 1
1303 1222 3637 1
2457 2458 2459 1
1188 1189 1190 1
2789 2124 3572 1
2628 2595 2767 1
3463 3401 3647 1
684 687 688 1
3433 1092 3801 1
3510 3508 3834 1
1074 1085 1086 1
1929 3546 3547 1
785 788 2169 1
604 607 620 1
1267 1390 3635 1
3513 1296 4344 1
2739 2187 3686 1
722 617 723 1
681 683 684 1
633 1298 3540 1
2270 1990 3106 1
2107 3635 3736 1
679 680 681 1
645 647 685 1
2133 2132 2134 1
3581 3323 3633 1
2907 2908 4086 1
1016 946 3592 1
2162 2163 2742 1
1789 1788 2352 1
641 640 642 1
2246 2011 2477 1
280 41 3658 1
472 471 475 1
343 194 2844 1
1109 1108 1110 1
1247 1862 3627 1
1862 1016 3592 1
676 678 679 1
156 157 363 1
1686 2067 3605 1
1072 1073 1074 1
1457 1456 1534 1
1559 1534 1795 1
1285 3535 3630 1
2303 2661 2663 1
2385 1882 3632 1
598 597 600 1
3232 428 3674 1
2087 2085 3718 1
1956 2775 3678 1
2134 2262 2808 1
2520 2615 3519 1
2064 2898 4560 1
2432 609 2433 1
2171 2172 2173 1
654 634 3540 1
2131 2130 2132 1
598 601 1301 1
3094 2240 3136 1
2426 2424 4179 1
1181 1182 1470 1
696 695 733 1
1746 1745 1897 1
379 380 381 1
1192 1194 1576 1
1480 1479 3100 1
1228 3343 4357 1
1231 1667 3575 1
311 200 3380 1
643 644 645 1
630 632 3616 1
2273 2193 2296 1
1933 927 2362 1
1416 1415 1456 1
3635 1587 3736 1
1795 1974 2255 1
617 616 3559 1
393 548 3838 1
2129 1965 2130 1
415 413 464 1
2192 2193 2273 1
952 953 954 1
639 641 742 1
1068 1069 1070 1
2155 2140 3685 1
3559 2088 3646 1
1965 1897 2178 1
694 693 695 1
1972 2405 3602 1
1204 1410 3706 1
881 877 3629 1
2644 535 3655 1
1685 1430 1866 1
2950 2951 3553 1
613 614 615 1
1279 1276 3621 1
4138 2433 4183 1
1189 1124 3528 1
2750 1872 3954 1
1836 1549 1990 1
2255 2412 2851 1
2405 2404 4321 1
470 471 472 1
1222 1220 3637 1
661 3022 4396 1
1220 1843 3637 1
468 469 470 1
2359 3443 4035 1
2135 2134 3684 1
2123 2788 3645 1
691 690 693 1
1070 1071 1072 1
1486 1752 3608 1
674 675 676 1
470 469 471 1
1272 638 3681 1
2772 1970 4180 1
468 467 469 1
1410 1757 2347 1
607 612 613 1
1856 1551 1857 1
1363 1365 1381 1
1683 2170 2171 1
2125 2126 2127 1
1947 1948 2535 1
1386 1452 1538 1
1252 1251 3607 1
905 907 909 1
2077 2079 2190 1
759 3581 3633 1
3361 3924 3944 1
426 1329 1336 1
672 673 674 1
1922 1731 3575 1
645 646 647 1
2190 2191 2192 1
1124 1123 3528 1
950 1294 3671 1
2167 1567 2358 1
767 838 3595 1
1679 1681 2384 1
1336 1337 1338 1
2339 2567 2568 1
2865 2863 3914 1
2755 2754 2756 1
1562 1663 1668 1
2655 2259 2762 1
1122 1123 1124 1
2023 3186 4144 1
670 671 672 1
2420 2445 2671 1
2127 2386 2602 1
624 626 858 1
2457 2173 2458 1
665 666 668 1
431 430 432 1
668 669 670 1
2594 2593 2595 1
924 3349 3709 1
1378 1377 1385 1
1852 2344 3701 1
1643 2299 2560 1
649 651 1333 1
661 662 663 1
2187 1852 3701 1
1338 1339 1340 1
1550 1437 1551 1
2107 1269 3635 1
3537 3160 4491 1
3343 3340 3791 1
1358 1359 1368 1
877 3481 3629 1
647 648 649 1
663 664 665 1
2459 2460 2461 1
657 660 661 1
2162 1866 2163 1
2515 2516 2517 1
853 854 864 1
2203 2804 3958 1
1356 1767 2125 1
2062 3682 3883 1
2254 2650 2651 1
688 687 690 1
2840 2838 4209 1
2279 1383 3772 1
1340 1341 1342 1
1202 1204 3706 1
1010 881 3629 1
1006 1004 3691 1
604 606 607 1
1064 1065 1066 1
2713 2712 2714 1
1345 3402 3728 1
649 650 651 1
1565 1566 1567 1
524 1285 3630 1
1201 1200 1251 1
1971 2196 2199 1
1106 1105 1108 1
269 2851 4323 1
1269 1267 3635 1
466 467 468 1
1003 1011 1012 1
1668 1894 1895 1
3013 3016 3990 1
2192 2191 2193 1
1065 1290 1679 1
651 652 653 1
1679 1680 1681 1
2041 2837 3903 1
1293 1462 1463 1
1300 1564 1565 1
1947 2535 2536 1
1068 1066 1069 1
1502 1500 3330 1
684 683 687 1
1881 1465 3627 1
2394 2572 2635 1
2206 2207 2608 1
639 638 640 1
681 680 683 1
657 659 660 1
1463 1751 1790 1
1423 1132 3623 1
3008 3001 3856 1
1738 1455 1788 1
2190 2079 2191 1
679 678 680 1
1511 1548 3645 1
2592 2542 2593 1
3875 2770 3918 1
1352 1357 1358 1
438 436 1040 1
1376 1375 1377 1
2918 579 3963 1
1062 1063 1064 1
2475 2549 3755 1
2612 2553 3464 1
1586 1835 3747 1
1342 1343 1344 1
3686 2187 3701 1
67 68 307 1
1176 1175 1200 1
1058 1059 1060 1
1012 1053 1054 1
704 707 3580 1
1122 1124 1187 1
1086 1085 1175 1
653 656 657 1
2311 2312 2313 1
2541 2540 2542 1
2552 2551 2553 1
1371 1640 3680 1
1119 1121 1122 1
1058 1056 1059 1
1585 1424 3293 1
1378 1385 1386 1
3603 46 3705 1
2769 1966 2770 1
641 642 643 1
1074 1073 1085 1
2584 2573 3591 1
560 570 853 1
3155 3156 4207 1
1463 1790 1893 1
1888 2110 2128 1
2446 2421 2825 1
1104 1103 1105 1
2337 2338 2339 1
676 675 678 1
626 628 3641 1
3025 2467 4503 1
1886 1664 3351 1
2128 2205 2206 1
425 424 3674 1
1814 1474 1816 1
478 3400 3731 1
1187 1188 1474 1
2711 2630 2712 1
596 595 597 1
2492 2496 3520 1
1353 1355 1477 1
1462 1053 3662 1
2691 1866 3667 1
466 465 467 1
1465 1247 3627 1
1882 2407 3632 1
3123 1412 3979 1
1008 1006 1399 1
429 430 431 1
554 556 981 1
601 603 604 1
2374 2191 3687 1
1436 1422 1437 1
1102 1101 1103 1
3833 2437 4069 1
2042 2688 2938 1
2563 2564 2565 1
1893 1896 2441 1
1681 1682 1683 1
2383 1765 2648 1
980 979 1041 1
2392 2394 3495 1
1908 1907 1909 1
1072 1071 1073 1
2868 2881 3978 1
954 953 955 1
1374 1373 1375 1
1683 1970 2170 1
1814 1816 1956 1
674 673 675 1
1096 1094 1097 1
2461 2460 2462 1
899 901 914 1
162 163 3619 1
1181 1470 1472 1
1390 1587 3635 1
2433 609 3690 1
1569 1745 1746 1
106 107 3732 1
1115 1118 1119 1
1688 1689 1867 1
922 1009 3721 1
1872 1578 3954 1
1956 1816 2281 1
95 302 3723 1
1042 1041 1147 1
968 1002 1003 1
2183 2390 2611 1
1078 1179 3737 1
1100 1099 1101 1
672 671 673 1
400 401 402 1
1517 1581 3704 1
2717 4006 4007 1
3003 3007 3856 1
2549 2551 2552 1
3479 1257 3764 1
398 399 400 1
402 403 404 1
248 279 3762 1
2914 304 4525 1
404 405 406 1
2629 2584 2630 1
941 999 3644 1
2513 2514 2515 1
670 669 671 1
406 407 408 1
1746 1897 1965 1
598 600 601 1
1895 2069 2070 1
668 666 669 1
1187 1124 1188 1
1062 1060 1063 1
3462 1651 4034 1
408 409 410 1
388 386 1302 1
1477 1478 1688 1
410 411 412 1
2406 3975 4010 1
1412 3090 4046 1
1070 1069 1071 1
412 413 414 1
1630 1624 3543 1
462 461 465 1
414 415 416 1
3030 3031 3910 1
1771 1985 2001 1
723 725 3643 1
2138 2135 3684 1
460 459 461 1
2134 2808 3684 1
665 664 666 1
871 872 3991 1
1536 2004 3703 1
1492 1821 3724 1
1668 1895 2286 1
661 660 662 1
3116 2529 4308 1
2305 2306 2307 1
2442 2677 2678 1
3343 4336 4357 1
2171 2170 2172 1
2173 2172 3624 1
818 819 856 1
1286 471 3789 1
864 865 898 1
663 662 664 1
1676 1415 3607 1
2577 2519 3519 1
1007 1008 1014 1
476 478 3731 1
1763 2875 3795 1
1427 409 3622 1
635 634 636 1
1916 1919 2176 1
1003 1002 1011 1
637 636 638 1
594 596 605 1
1472 1764 1765 1
2422 2104 3896 1
2067 2591 3605 1
908 906 1036 1
12 13 3821 1
429 428 430 1
594 593 595 1
462 465 466 1
460 461 462 1
2491 2490 2492 1
1482 1330 2062 1
3101 3102 3103 1
1012 1011 1053 1
2594 2628 2777 1
458 457 459 1
1372 1371 1373 1
458 459 460 1
2070 2562 2563 1
3532 2432 4138 1
1148 1147 3593 1
856 857 932 1
2539 2411 2540 1
396 397 398 1
932 933 1021 1
2140 2138 3685 1
2326 2328 2329 1
589 591 1332 1
2005 2692 2694 1
2070 2561 2562 1
1888 1574 2110 1
1415 1252 3607 1
1376 1377 1378 1
2499 2501 2506 1
1113 1114 1115 1
69 70 373 1
954 955 956 1
1834 1854 3917 1
1472 1470 1764 1
1022 3617 3830 1
1975 1977 2821 1
783 780 3740 1
2333 2334 2335 1
1786 1967 2005 1
2335 2336 2337 1
2583 2573 2584 1
1587 1511 3645 1
2693 1967 3794 1
1054 1053 1293 1
2206 2205 2207 1
591 590 593 1
2064 2062 3883 1
3190 3189 3659 1
2331 2332 2333 1
1893 1790 1896 1
895 897 950 1
1629 1630 3750 1
1417 1206 3735 1
3032 3408 4037 1
1686 3605 3667 1
1522 1772 3785 1
820 723 3643 1
1479 2279 2280 1
2506 2507 2882 1
1064 1063 1065 1
2561 2069 3824 1
1288 446 3710 1
956 967 968 1
447 1296 3788 1
1113 1115 1141 1
1574 1417 3735 1
3397 1841 4404 1
3315 4083 4115 1
1831 476 3731 1
2344 2389 3730 1
1098 1097 1099 1
1391 1268 3957 1
1548 2123 3645 1
3300 3301 4127 1
2475 2548 2549 1
1793 1633 3750 1
2508 2491 3520 1
3512 3510 3834 1
718 687 3689 1
1374 1375 1376 1
1370 1369 1371 1
2128 2110 2205 1
1775 1520 3785 1
589 588 590 1
3380 201 3719 1
620 3153 4205 1
1060 1059 3665 1
2499 2497 2501 1
2511 2512 2513 1
1786 1475 1967 1
3404 3752 3818 1
2005 1967 2692 1
2210 2208 3915 1
596 597 598 1
1037 1036 1038 1
2410 2409 2411 1
968 1003 3650 1
1111 1112 1113 1
2441 1896 2442 1
1547 1812 1813 1
2459 2458 2460 1
1410 2347 3706 1
2910 2300 4219 1
2389 2105 3846 1
1409 464 1549 1
1477 1688 4001 1
1005 1006 1007 1
3102 2280 3478 1
1866 1430 3667 1
2232 1885 2233 1
2563 2562 2564 1
1438 1107 1439 1
1995 2845 3827 1
1270 3562 3753 1
956 955 967 1
2479 2481 4272 1
1643 1641 2299 1
683 1297 3689 1
844 866 3900 1
2164 1838 2165 1
2408 2277 2409 1
686 675 3696 1
639 640 641 1
968 967 1002 1
2251 2658 2856 1
3036 3037 4345 1
831 859 4148 1
1039 1038 1091 1
2276 2275 2277 1
1956 2281 2398 1
3630 3535 3810 1
3424 935 3649 1
414 413 415 1
1290 1063 3665 1
1147 1454 3593 1
2756 2754 2758 1
1040 436 3656 1
1440 1439 1441 1
2329 2330 2331 1
359 247 3762 1
158 159 332 1
2496 2494 2497 1
2711 2712 2713 1
1884 820 3643 1
1186 2801 4478 1
340 190 2706 1
2541 2592 3054 1
2320 2322 2348 1
2730 2087 3718 1
2916 2202 3958 1
456 457 458 1
673 1469 3696 1
1442 1441 1529 1
1109 1110 1111 1
1106 1109 1117 1
3511 4344 4552 1
412 411 413 1
3610 2387 3894 1
2394 2635 3495 1
3181 2544 4101 1
2572 2395 2573 1
2305 1793 2306 1
3594 1509 3718 1
2274 2165 2275 1
3592 3422 3766 1
2352 1788 4149 1
1425 1426 1547 1
1046 4024 4120 1
2754 1787 3725 1
849 1951 1952 1
935 937 3649 1
2569 2568 2704 1
1458 1460 3675 1
1821 2042 3724 1
1974 1534 3688 1
410 409 411 1
1456 1676 3688 1
4378 2799 4444 1
1846 2687 4298 1
2629 2630 2711 1
1890 1966 2653 1
1372 1373 1374 1
1178 1501 3776 1
3520 2502 3715 1
1633 1629 3750 1
456 455 457 1
826 3633 3770 1
1787 1786 3725 1
2507 2501 2528 1
3782 2201 3848 1
453 452 455 1
2616 2475 3755 1
2001 2118 2801 1
637 638 639 1
1970 1682 4145 1
451 450 452 1
469 474 3789 1
1719 2449 3739 1
1257 1466 3764 1
2200 1817 2357 1
2063 2062 2064 1
1530 1529 1778 1
408 407 409 1
1367 1366 1369 1
2394 2393 2395 1
3557 369 3986 1
707 1685 3580 1
437 737 3738 1
2552 2553 2612 1
1288 3710 3711 1
1245 1133 3768 1
913 912 925 1
904 902 1432 1
406 405 407 1
2157 2854 4144 1
201 202 3719 1
2489 2488 2490 1
2594 2595 2628 1
215 216 3767 1
3609 2075 3815 1
344 3229 3952 1
1200 1453 3698 1
926 925 3739 1
1697 941 3644 1
873 3585 3782 1
404 403 405 1
3534 2121 3886 1
1581 2254 3704 1
2519 2518 2520 1
1399 1006 3691 1
3646 2090 3757 1
3480 316 4390 1
1487 1213 3699 1
966 1004 1005 1
310 137 4122 1
1106 1108 1109 1
1365 1364 1366 1
594 595 596 1
402 401 403 1
329 51 3751 1
1750 1458 3675 1
1842 2295 3764 1
585 587 599 1
357 3664 3708 1
1373 1371 3680 1
2583 2584 2629 1
2116 2115 2686 1
2339 2568 2569 1
1942 3604 4250 1
587 586 588 1
2346 2530 3756 1
429 431 433 1
1152 1076 1328 1
1370 1371 1372 1
635 2467 3616 1
1565 2167 3714 1
1035 976 3763 1
447 446 450 1
999 1081 3644 1
1185 1089 3743 1
911 910 912 1
400 399 401 1
2458 2173 3624 1
1227 3609 3815 1
1044 1088 4032 1
2475 2474 2548 1
51 52 3751 1
2138 3684 3685 1
453 455 456 1
2833 441 4452 1
1746 2129 3729 1
451 452 453 1
3484 3483 3745 1
1213 1043 3699 1
4192 3223 4259 1
1890 1245 1966 1
2405 4321 4369 1
2483 2484 2525 1
163 3375 3619 1
2177 1779 3842 1
2592 2593 2594 1
256 257 292 1
447 450 451 1
3374 520 3810 1
398 397 399 1
172 297 3229 1
334 3405 4058 1
1378 1539 3713 1
3055 2477 3056 1
2486 2489 3692 1
1983 2954 2955 1
3278 3279 4037 1
205 206 333 1
1836 1990 2270 1
581 583 1334 1
3323 3322 3770 1
1862 3592 3766 1
810 750 3771 1
2313 2314 2315 1
1971 1813 2196 1
3650 2354 4293 1
1056 1054 3679 1
1286 3789 3915 1
591 593 594 1
285 2736 4328 1
3403 3454 3752 1
3365 3364 3366 1
2392 2391 2393 1
1298 1300 3714 1
427 425 428 1
325 2795 4380 1
1363 1362 1364 1
3203 3204 3909 1
1906 1907 1908 1
3770 3358 3852 1
4057 2441 4108 1
1861 2044 2545 1
1545 1484 3754 1
414 416 417 1
635 636 637 1
2109 2107 3736 1
2541 2542 2592 1
1536 1823 1861 1
3641 4433 4458 1
2431 3636 3993 1
3599 3807 4054 1
557 555 1687 1
2327 2186 3809 1
1431 3676 3796 1
2199 2196 2748 1
589 590 591 1
432 622 1724 1
585 584 586 1
1014 1008 1015 1
2090 3491 3757 1
2610 2778 4388 1
2552 2827 3755 1
1367 1369 1370 1
384 382 843 1
2506 2501 2507 1
2504 2510 2511 1
1506 1784 3827 1
582 580 3651 1
408 410 720 1
3753 2346 3756 1
2244 4002 4213 1
2185 2186 2325 1
2545 2044 2546 1
1184 1535 1536 1
1133 1047 3768 1
4521 4543 4559 1
2517 2516 2518 1
1017 1135 3922 1
1043 3573 3699 1
1104 1105 1106 1
2572 2573 2583 1
1497 1376 3713 1
1536 1535 1823 1
1026 700 3803 1
1361 1360 1362 1
1007 1006 1008 1
2329 2331 2575 1
702 3580 3803 1
2603 2602 3364 1
1347 1344 3728 1
1703 2246 3860 1
3633 3323 3770 1
966 860 1004 1
1359 1357 1360 1
4070 2695 4309 1
1134 1160 3795 1
1861 1823 2044 1
1238 1237 3792 1
2953 2950 3553 1
1100 1102 1116 1
2777 1542 4556 1
3401 871 3940 1
369 3557 4106 1
2569 2704 2871 1
2315 2316 2317 1
3566 1255 3831 1
2471 2233 2472 1
1164 1166 3836 1
2390 2184 2391 1
1729 1722 4025 1
1409 1836 2198 1
1567 1566 3729 1
700 702 3803 1
1365 1366 1367 1
2075 2077 3815 1
2726 2508 3715 1
1354 1353 3772 1
632 635 3616 1
1184 1183 1535 1
3540 1298 3714 1
2694 2819 4017 1
445 444 446 1
1534 1456 3688 1
2539 2540 2541 1
423 421 424 1
2117 2177 2185 1
1053 1011 3662 1
8 285 3833 1
2325 2326 3744 1
1063 1060 3665 1
3562 2346 3753 1
576 578 592 1
402 404 419 1
583 582 584 1
1102 1103 1104 1
2491 2492 3520 1
445 446 447 1
2220 2218 3805 1
1271 630 3616 1
3352 1791 3353 1
443 442 444 1
441 440 442 1
164 312 3375 1
1460 1947 3675 1
312 165 3550 1
3580 2388 3803 1
439 438 440 1
2653 1966 2769 1
2333 2335 2340 1
2848 2199 3952 1
2764 2101 2765 1
3253 3251 3849 1
2394 2395 2572 1
2110 1574 3735 1
1662 1057 3985 1
2952 2950 2953 1
1510 2777 4556 1
587 588 589 1
687 683 3689 1
581 580 582 1
2183 2182 2184 1
1100 1101 1102 1
52 362 3751 1
1358 1357 1359 1
1566 1569 3729 1
2317 2318 2319 1
3599 390 3807 1
2520 2518 2522 1
3057 2524 4481 1
3233 1289 4162 1
578 577 580 1
561 559 562 1
3365 3366 3367 1
1090 1183 1184 1
1435 1532 2247 1
423 425 426 1
1409 1549 1836 1
1188 1190 3695 1
1363 1364 1365 1
2519 2520 3519 1
572 574 1394 1
1559 1795 3820 1
3422 3435 3766 1
1169 1413 3836 1
2473 2475 2616 1
2127 2602 2603 1
1251 1200 3698 1
418 416 420 1
979 926 3739 1
2416 515 3934 1
832 809 1395 1
3266 1876 4545 1
409 407 3622 1
428 425 3674 1
4029 2108 4066 1
1879 2928 2929 1
628 1271 3641 1
1725 1727 3938 1
1090 1089 1183 1
864 854 865 1
1336 1329 1337 1
1812 1426 2234 1
418 421 422 1
1520 1522 3785 1
909 907 910 1
1345 1343 1351 1
2326 2329 3744 1
443 444 445 1
427 428 429 1
2392 2393 2394 1
825 747 3939 1
396 398 3707 1
932 1021 1022 1
675 673 3696 1
3343 3791 4336 1
937 1029 3649 1
1474 1188 3695 1
2019 2381 2727 1
2306 1793 3750 1
1340 1339 1341 1
1069 1066 3717 1
441 442 443 1
1338 1337 1339 1
439 440 441 1
1342 1341 1343 1
142 338 4171 1
2264 2265 2631 1
2882 2507 2884 1
1005 1004 1006 1
853 570 854 1
1810 1811 2100 1
1370 1468 3774 1
2369 3275 4048 1
1857 1885 2232 1
2758 2754 3725 1
1098 1099 1100 1
2603 3364 3365 1
1344 1343 1345 1
1816 1474 3695 1
3481 873 3782 1
2703 1980 3171 1
1022 1021 1089 1
553 551 837 1
2042 2938 3724 1
396 395 397 1
1789 2352 2641 1
411 1427 3727 1
2097 2841 3873 1
4491 3160 4561 1
1738 1788 1789 1
1339 1337 1920 1
1361 1362 1363 1
2181 2180 2182 1
818 856 1398 1
1352 1351 1356 1
1729 4025 4030 1
2473 2472 2474 1
1466 1842 3764 1
415 464 1409 1
1054 1293 3679 1
1265 948 3769 1
2776 2311 3712 1
1173 1421 1422 1
2410 2411 2539 1
437 436 438 1
3611 295 4284 1
1679 2384 3717 1
1387 898 3661 1
1353 1349 1355 1
4287 2294 4313 1
1916 1915 1918 1
2254 2651 3704 1
398 400 1335 1
1919 1918 1938 1
1748 2907 4086 1
2179 1689 2180 1
259 260 334 1
1300 1565 3714 1
585 586 587 1
858 626 3641 1
2389 3846 3940 1
1939 1940 2019 1
2727 2381 2736 1
2605 2700 4504 1
53 54 3799 1
2872 2630 3992 1
437 438 439 1
2867 3921 4132 1
2515 2514 2516 1
1066 1065 3717 1
3789 3105 3915 1
3374 3810 3868 1
423 424 425 1
2401 3608 3779 1
257 258 3907 1
7 8 3833 1
4151 2348 4257 1
2019 1940 2381 1
1022 1089 1090 1
342 2781 4271 1
898 865 899 1
1795 2255 3901 1
1359 1360 1361 1
2100 2360 3600 1
1947 2536 3675 1
3839 3552 3858 1
3483 2385 3745 1
2235 2234 2289 1
1353 1477 3772 1
1582 1518 4140 1
3361 3450 3924 1
464 413 3727 1
1558 1838 2164 1
2838 2269 4045 1
2615 2523 3761 1
2169 788 3804 1
2408 2409 2410 1
2390 2391 2392 1
331 203 3428 1
1641 783 3740 1
1147 1149 1454 1
1059 1056 3679 1
1939 2696 3783 1
2516 2514 2527 1
362 53 3799 1
1939 1938 1940 1
1447 2096 3916 1
3718 1509 3839 1
2730 3718 3839 1
3536 2799 4378 1
3585 3371 3782 1
1509 3552 3839 1
3101 2280 3102 1
2383 2648 4164 1
3764 2295 3895 1
1096 1097 1098 1
800 797 3773 1
418 420 421 1
3665 1059 3702 1
3124 2537 4438 1
2520 2522 2523 1
433 431 434 1
576 575 577 1
2129 2131 3874 1
788 790 3804 1
1326 1392 3882 1
1177 1148 3593 1
1478 1355 1898 1
2382 1994 3880 1
1919 1938 1939 1
1867 1689 2179 1
2523 2522 2529 1
2276 2277 2408 1
1076 1014 3741 1
435 434 436 1
2946 4087 4524 1
1817 1545 3754 1
1550 1551 1856 1
925 912 927 1
2 3 3173 1
3766 3416 3866 1
2416 3938 3956 1
1454 1455 1737 1
1147 1041 1149 1
2809 2559 4373 1
1966 1245 3768 1
583 584 585 1
566 1030 3787 1
2320 2348 3700 1
4173 4492 4554 1
1376 1378 3713 1
249 250 3775 1
293 192 3272 1
1906 1908 2278 1
1916 1918 1919 1
567 569 579 1
2450 1891 4012 1
1737 1738 1930 1
4015 540 4043 1
3927 4061 4544 1
2513 2512 2514 1
1683 2171 3742 1
2183 2184 2390 1
777 779 3845 1
1488 2690 4376 1
1789 2641 2642 1
622 624 3746 1
2971 2973 4110 1
1688 1478 1689 1
1059 3679 3702 1
4233 3738 4360 1
2614 2613 4372 1
2274 2275 2276 1
2100 2101 2360 1
1547 1426 1812 1
2354 1999 4381 1
2247 2248 2249 1
2512 2510 2526 1
2208 2097 3873 1
908 1036 1037 1
2362 927 3790 1
1095 1096 1107 1
3713 1539 3870 1
2787 2789 4353 1
3857 1576 3943 1
1065 1679 3717 1
3693 3428 4343 1
1479 1383 2279 1
1791 1480 3100 1
2738 314 4522 1
2445 2446 2683 1
2929 2928 3654 1
1381 1365 3749 1
581 582 583 1
2420 2421 2445 1
643 645 3888 1
1039 1091 1092 1
1569 1746 3729 1
578 580 581 1
1786 2005 3725 1
1352 1356 1357 1
1477 1355 1478 1
370 215 3767 1
2497 2494 3720 1
925 927 1719 1
2384 1681 3742 1
3251 3250 3849 1
2523 2529 2585 1
3539 3362 3939 1
1425 1389 1426 1
2164 2165 2274 1
101 3567 3972 1
1142 1071 3878 1
1910 1909 1911 1
1039 1092 1093 1
753 3539 3939 1
1847 1559 3820 1
2492 2493 2494 1
1037 1038 1039 1
1093 1094 1095 1
2495 2493 2503 1
289 2720 2721 1
1763 2874 2875 1
435 436 437 1
2723 3300 4127 1
899 914 3661 1
1441 1439 1443 1
2581 4100 4133 1
2406 1881 3975 1
1095 1094 1096 1
729 731 3909 1
2504 2503 2509 1
2181 2182 2183 1
2103 3558 3818 1
471 469 3789 1
3608 1942 3779 1
1345 1351 1352 1
2298 1886 3351 1
1778 1529 1779 1
613 3515 3841 1
1058 1061 3985 1
574 573 575 1
433 434 435 1
1778 1779 2115 1
4156 335 4272 1
3180 3181 4047 1
426 425 427 1
1910 1912 1932 1
4246 2403 4310 1
2167 2359 3913 1
893 3671 3822 1
1505 1502 3330 1
552 551 553 1
1161 1572 4178 1
556 555 557 1
3001 3003 3856 1
554 553 555 1
161 314 3292 1
1984 2805 4183 1
3402 2533 4105 1
721 571 4022 1
2311 2010 2312 1
3880 2264 3881 1
2588 2319 3700 1
91 92 3892 1
560 559 561 1
1812 2234 2235 1
2179 2180 2181 1
1785 1783 3880 1
576 577 578 1
1914 1915 1916 1
558 557 559 1
1719 1933 2268 1
1914 1913 1915 1
417 416 418 1
891 893 3822 1
1527 1646 3947 1
2549 2552 3755 1
3250 3283 3849 1
176 289 2780 1
267 1 4160 1
572 571 573 1
422 421 423 1
1854 1585 3293 1
908 1037 1747 1
3479 3764 3895 1
2115 1779 2117 1
1908 1909 1910 1
1454 1149 1455 1
1436 1437 1550 1
2128 2206 3855 1
55 56 3819 1
1344 1345 3728 1
4129 3563 4159 1
3656 434 3758 1
2348 2322 2418 1
607 613 3841 1
326 3604 3968 1
2142 2155 3933 1
1917 2950 2952 1
426 427 1329 1
1451 4382 4443 1
1719 927 1933 1
2556 2243 3912 1
2555 3723 4338 1
1218 3374 3868 1
1218 3868 3897 1
1069 3717 3878 1
3557 2763 4106 1
549 449 1758 1
727 839 3906 1
905 906 907 1
3519 1185 4551 1
2511 2510 2512 1
2486 2487 2488 1
2418 2419 2420 1
569 568 571 1
1737 1455 1738 1
3535 2120 3810 1
2311 2313 3712 1
1810 1499 1811 1
454 445 3788 1
1841 3397 4303 1
89 90 3826 1
3173 296 3876 1
3229 2848 3952 1
2962 294 4188 1
2136 3442 3884 1
1681 1683 3742 1
550 549 551 1
1014 1015 3741 1
826 3770 3852 1
413 411 3727 1
560 561 570 1
1181 1472 3759 1
3558 1263 3818 1
1567 3729 3874 1
1093 1092 1094 1
1498 891 3822 1
3234 2081 3850 1
277 3297 4176 1
3257 3246 3983 1
1208 973 4062 1
2096 3566 3831 1
1192 1576 3857 1
2420 2419 2421 1
2768 2593 4099 1
350 2962 4301 1
2473 2474 2475 1
2268 1933 2454 1
2232 2233 2471 1
2949 2685 3898 1
1463 1893 3843 1
2413 3480 4390 1
912 910 3790 1
2280 2279 3478 1
3481 3782 3848 1
809 800 3773 1
3886 2121 3890 1
2445 2421 2446 1
3810 2120 3868 1
1550 1856 1858 1
2456 2457 4028 1
318 12 3821 1
54 288 3799 1
2770 1966 3768 1
2928 2204 3996 1
2154 2146 3977 1
3186 2157 4144 1
4033 1756 4038 1
3655 1248 3817 1
1843 3503 3904 1
2402 3695 3857 1
1146 3233 4253 1
2251 2250 2252 1
1081 1181 3759 1
903 904 905 1
1995 2738 2845 1
2492 2490 2493 1
907 906 908 1
2131 2133 3832 1
3682 1428 3883 1
3092 3093 3902 1
2077 2190 3815 1
394 392 395 1
1722 1720 4019 1
2329 2575 3744 1
558 559 560 1
284 100 3972 1
426 1336 3765 1
2286 1895 3760 1
2299 1641 3740 1
2733 2730 3839 1
1046 974 4024 1
2070 2563 3760 1
431 432 3758 1
2601 2297 4047 1
567 566 568 1
677 3037 4454 1
2508 3520 3715 1
3691 1004 3784 1
721 2751 4514 1
394 395 396 1
2069 3348 3824 1
866 806 4011 1
2619 3736 3877 1
574 575 576 1
3174 2041 3903 1
2576 2577 4354 1
2076 2080 4103 1
3556 2194 3960 1
2471 2472 2473 1
2176 1919 3783 1
2319 2318 2320 1
422 423 3765 1
2528 2501 3720 1
790 818 3804 1
2852 3030 3910 1
901 902 903 1
1912 1911 1913 1
554 555 556 1
925 1719 3739 1
624 858 3746 1
556 557 558 1
184 185 2606 1
1851 3647 3846 1
2248 1532 2250 1
2320 2318 2321 1
548 550 3716 1
1169 1171 1413 1
565 564 566 1
2925 2321 4218 1
1328 1076 3741 1
2638 3328 4198 1
3901 2255 3967 1
2251 2252 2658 1
3717 2384 3878 1
3963 1394 4163 1
288 55 3819 1
473 3511 4552 1
2733 3839 3858 1
1676 3299 4453 1
899 865 900 1
2418 2322 2419 1
1691 662 3945 1
552 553 554 1
2282 2476 4073 1
3080 1442 4316 1
1356 2125 3748 1
1036 906 3829 1
3924 3414 3944 1
381 380 382 1
860 832 3784 1
1367 1370 3774 1
3752 2103 3818 1
2741 307 4157 1
898 899 3661 1
2367 2823 4126 1
2933 2934 3889 1
3729 2129 3874 1
1301 2832 4190 1
90 286 3826 1
2120 3467 3868 1
3643 725 3906 1
1503 1771 3777 1
327 140 4289 1
905 904 906 1
550 551 552 1
572 573 574 1
2494 2493 2495 1
620 607 3841 1
3381 270 4246 1
327 4289 4467 1
1858 1856 2361 1
880 844 3900 1
3850 291 3923 1
3590 1851 3846 1
1895 2070 3760 1
2524 3793 3949 1
1877 1834 3917 1
2944 2942 4284 1
563 562 564 1
1365 1367 3749 1
2490 2488 3793 1
2100 1811 2101 1
2621 2128 3855 1
1967 1475 3794 1
3593 2447 3853 1
3644 1081 3759 1
2317 2316 2318 1
2580 2071 3468 1
837 3126 4201 1
1475 1152 3794 1
2504 2509 2510 1
2501 2497 3720 1
563 565 2245 1
3848 2201 3941 1
1797 1829 3997 1
2495 2503 2504 1
569 571 572 1
3539 826 3852 1
1874 3848 3941 1
1524 1883 4010 1
899 900 901 1
87 88 3854 1
1437 1422 3860 1
2247 1532 2248 1
1912 1913 1914 1
445 447 3788 1
2248 2250 2251 1
2822 1977 3871 1
2104 3133 3896 1
2175 3534 3901 1
2735 2733 3858 1
779 849 3845 1
56 364 3819 1
3768 1047 3918 1
1862 3766 3866 1
4356 1210 4506 1
2357 1817 3754 1
1874 3629 3848 1
2481 2482 2483 1
660 667 3945 1
3700 2348 4151 1
2105 3590 3846 1
2313 2312 2314 1
2360 2101 2764 1
2644 3655 3817 1
1771 2001 3777 1
2561 3824 4450 1
2196 1813 3816 1
3499 3498 4199 1
250 361 3775 1
1896 1790 3835 1
1703 2011 2246 1
2943 3611 4284 1
2479 2480 2481 1
4082 3279 4175 1
2255 2851 3967 1
279 249 3775 1
2542 2709 4099 1
3679 1293 3843 1
3405 2397 4058 1
3858 1531 3891 1
2001 2801 3777 1
3552 1531 3858 1
3868 3467 3897 1
4030 3561 4053 1
2194 2414 4004 1
1295 462 3964 1
567 568 569 1
668 689 4076 1
3129 1697 3948 1
365 89 3826 1
3695 1190 3857 1
1360 1357 3748 1
4004 2414 4019 1
1902 1903 4003 1
2935 3368 3921 1
2102 3904 3924 1
1756 1723 4038 1
903 902 904 1
2584 3591 3992 1
1293 1463 3843 1
424 4169 4487 1
3495 2635 4420 1
2153 3315 4115 1
3466 3314 4430 1
1190 1192 3857 1
2315 2314 2316 1
400 402 3780 1
2523 2585 3761 1
1813 1812 3816 1
1870 2355 3865 1
1790 1981 3835 1
2735 3858 3891 1
3749 1367 3774 1
3702 3679 3843 1
808 833 4557 1
2402 3857 3943 1
829 3583 4049 1
1119 3610 3894 1
1910 1911 1912 1
88 365 3854 1
2494 2495 3720 1
393 392 394 1
3979 1412 4046 1
391 390 392 1
2777 1510 4535 1
3076 771 4197 1
2264 1782 2265 1
901 900 902 1
48 49 4101 1
1091 1558 3801 1
4350 2707 4433 1
475 1286 3998 1
35 355 4051 1
1386 1538 3946 1
3304 1227 3970 1
3629 3481 3848 1
2316 2314 2470 1
1414 3528 4070 1
2388 2162 4055 1
1970 4145 4180 1
1152 1328 3794 1
548 549 550 1
2266 2605 4504 1
565 566 567 1
27 28 4211 1
3787 3103 4022 1
314 162 3619 1
849 1952 3845 1
969 1120 4136 1
572 1394 3963 1
2673 2283 4073 1
1357 1356 3748 1
1724 622 3746 1
3268 885 4564 1
1916 2176 3908 1
253 254 3867 1
1919 1939 3783 1
568 566 3787 1
1435 1422 1436 1
434 431 3758 1
1115 1119 3894 1
904 1432 3829 1
3404 3818 3960 1
389 388 390 1
1286 3873 3998 1
2319 2320 3700 1
2322 2321 3823 1
3298 4005 4306 1
429 433 3797 1
416 415 3781 1
1847 3820 3886 1
275 34 4051 1
4372 2613 4422 1
3637 1843 3904 1
2028 1756 4033 1
468 479 4014 1
388 1302 3807 1
387 386 388 1
427 429 3797 1
561 562 563 1
2288 2267 4132 1
6 7 4069 1
1757 3532 4138 1
854 570 1400 1
563 564 565 1
1349 1347 3806 1
2102 3637 3904 1
59 60 3879 1
3825 837 4201 1
337 3085 4041 1
3943 1576 4389 1
151 152 376 1
1893 2441 4057 1
4047 3181 4464 1
3746 4523 4549 1
2555 2236 4089 1
1013 746 4118 1
1092 1091 3801 1
3866 2188 3975 1
717 3035 4011 1
2198 1836 3798 1
139 327 3872 1
432 1724 3758 1
3500 3501 4199 1
1587 3645 3877 1
1262 2990 4398 1
3645 2788 3877 1
2656 3557 3986 1
3846 3647 3940 1
3627 1862 3866 1
2331 2333 3800 1
3139 3141 4346 1
385 384 386 1
1173 1422 1435 1
423 426 3765 1
2631 2265 2647 1
2320 2321 2322 1
966 1005 3918 1
1292 665 4076 1
2800 2798 3951 1
2798 2796 3926 1
568 3787 4022 1
2568 2567 4337 1
1471 1562 4009 1
1395 809 3773 1
1004 860 3784 1
2472 2766 4154 1
1836 2270 3798 1
2796 2735 3891 1
85 86 3887 1
1297 4060 4130 1
1227 3815 3970 1
383 382 384 1
3818 1263 3960 1
1889 2436 3962 1
846 829 4049 1
1531 3564 3891 1
3415 1218 3897 1
286 91 3892 1
2343 3052 4159 1
1392 1750 3882 1
2246 2477 3055 1
2358 1567 3874 1
2575 2331 3800 1
1571 3748 3919 1
304 2914 4524 1
818 1398 3804 1
2382 3880 3881 1
3362 3361 3944 1
2534 2365 3920 1
927 912 3790 1
309 87 3854 1
4031 2028 4033 1
2333 2340 3800 1
2145 2153 4115 1
1435 1436 1532 1
3612 1847 3886 1
2428 2426 4130 1
3540 3714 3913 1
3642 366 3937 1
308 59 3879 1
1722 4019 4025 1
982 1017 3922 1
3537 2466 4415 1
2483 2525 4221 1
4114 1831 4407 1
1439 1107 3813 1
3940 871 3991 1
221 3050 4291 1
589 1332 3971 1
2404 3262 4321 1
832 1395 3784 1
2613 2793 4422 1
3077 3612 3890 1
1005 1007 3875 1
645 685 3888 1
2397 2912 4058 1
3145 2576 4286 1
2263 2150 4082 1
3467 2166 3897 1
2686 2115 3802 1
2238 2659 4089 1
3518 2781 4361 1
3960 2194 4004 1
725 727 3906 1
227 228 4150 1
1071 1069 3878 1
391 392 393 1
3975 2188 4010 1
2486 2485 2487 1
1701 1699 4085 1
202 331 3719 1
1347 3728 3806 1
3714 2167 3913 1
2152 2143 4115 1
4009 1562 4172 1
3736 1587 3877 1
2770 3768 3918 1
2345 3152 3928 1
856 932 3830 1
3105 2210 3915 1
1580 2108 4029 1
686 3494 4060 1
86 309 3887 1
389 390 391 1
2625 3268 4564 1
4420 2635 4490 1
1289 3433 4056 1
4369 3238 4448 1
3543 3146 4297 1
1389 1387 3837 1
3035 2916 4011 1
3397 3393 4184 1
2785 2784 3980 1
1762 1447 3916 1
2273 4015 4043 1
420 416 3781 1
2453 3184 4249 1
1226 3449 4214 1
932 1022 3830 1
548 3716 3838 1
351 3116 4308 1
1297 680 4060 1
347 3802 3911 1
2416 3934 3938 1
548 449 549 1
398 1335 3707 1
4142 1671 4177 1
2234 1426 3837 1
3815 2190 3970 1
1558 2164 3801 1
3450 2102 3924 1
1107 1096 3812 1
2115 2117 3802 1
3612 3886 3890 1
2726 3715 3927 1
1033 3479 3895 1
1727 1889 3956 1
3607 1251 4005 1
3726 3955 4142 1
2201 2189 3941 1
1812 2235 3816 1
2376 2382 4117 1
1329 427 3797 1
2082 2345 4070 1
3415 3897 3934 1
910 907 3814 1
2712 2872 4113 1
3392 3394 4184 1
387 388 389 1
2386 3067 4307 1
2400 3699 3905 1
3208 3211 4021 1
1873 2400 3988 1
2148 2154 4082 1
3018 3005 4228 1
1561 3252 4550 1
1687 555 3825 1
1141 1115 3894 1
1403 1899 4042 1
2521 3145 4215 1
1867 2179 3932 1
2010 1935 3840 1
1930 1738 3828 1
3820 1795 3901 1
1398 856 3830 1
1096 1098 3812 1
839 729 3909 1
3742 2456 3969 1
1499 1177 3853 1
393 394 449 1
2117 2185 3911 1
305 253 3867 1
2798 3926 3951 1
2200 2357 3959 1
3534 3820 3901 1
385 386 387 1
1355 1349 3806 1
2180 1689 3847 1
562 559 3811 1
1047 966 3918 1
3053 2587 4486 1
1898 1355 3806 1
1789 2642 3828 1
393 449 548 1
2249 2857 4220 1
273 188 3925 1
182 379 2570 1
1374 1497 4067 1
1754 1401 4042 1
1682 1680 4108 1
3006 3011 4228 1
415 1409 3781 1
555 553 3825 1
2484 2485 2486 1
3897 2166 3934 1
559 557 3811 1
4381 1999 4409 1
262 263 301 1
2127 2603 3919 1
1387 3661 3837 1
1764 1470 4009 1
3206 3208 4021 1
515 3415 3934 1
83 84 3923 1
678 686 4060 1
1409 2198 3781 1
2527 2514 3844 1
2202 2203 3958 1
1422 1421 3860 1
3769 948 4049 1
2247 2249 4243 1
1407 1163 4178 1
557 1687 3811 1
3932 2179 4093 1
73 74 3987 1
908 1747 3814 1
1443 1439 3813 1
599 587 3971 1
2170 2772 4036 1
3280 3281 4460 1
383 384 385 1
60 367 3879 1
3414 825 3944 1
402 419 3780 1
1338 1991 4533 1
3759 2197 3948 1
3262 2404 4270 1
907 908 3814 1
2419 2322 3823 1
3891 3564 3926 1
3708 3664 3968 1
380 1753 4129 1
2450 4012 4029 1
2166 1725 3938 1
1738 1789 3828 1
294 2967 4065 1
3956 1889 3962 1
1529 1441 3842 1
157 158 3851 1
387 389 1020 1
3437 2174 4134 1
3150 3148 4463 1
2504 2511 3984 1
1031 1077 3961 1
1478 1898 3847 1
1259 1488 4462 1
906 904 3829 1
1111 1113 4064 1
747 753 3939 1
3126 837 4092 1
716 714 4125 1
3564 1448 3926 1
3135 3537 4415 1
381 382 383 1
3859 1858 4039 1
4281 299 4423 1
3735 3123 3979 1
3411 2689 3953 1
3302 4312 4382 1
2746 2745 3930 1
2144 2142 3933 1
1853 1391 3957 1
368 85 3887 1
2125 2127 3919 1
3790 910 3814 1
2512 2526 3844 1
390 388 3807 1
490 480 4112 1
65 66 3986 1
3615 3561 4030 1
3926 1448 3951 1
3151 2582 4297 1
4179 2424 4239 1
2934 2935 4394 1
472 1831 4114 1
100 101 3972 1
1857 2232 3994 1
2568 4337 4383 1
3820 3534 3886 1
4024 3094 4120 1
1779 1529 3842 1
1578 1818 3954 1
1426 1389 3837 1
2110 3735 3979 1
1748 4086 4140 1
2685 2684 4440 1
2352 4149 4217 1
382 380 4129 1
2378 1873 3988 1
3115 3112 4362 1
396 3707 3862 1
2244 2078 4164 1
3096 4377 4498 1
3864 3124 4438 1
3240 3238 4369 1
394 396 3862 1
3066 3065 3999 1
2376 1994 2382 1
3141 3721 4346 1
2250 3859 4039 1
1335 400 3780 1
1441 1443 3842 1
2796 3891 3926 1
2503 2493 3793 1
1468 1372 4067 1
2099 3398 4147 1
553 837 3825 1
1788 1455 4080 1
3299 1676 4355 1
2918 3963 4163 1
2526 4347 4457 1
2884 2507 3965 1
1142 3878 3969 1
654 3540 3913 1
2493 2490 3793 1
2514 2512 3844 1
1435 2247 3931 1
1646 1929 3947 1
1149 1041 3936 1
2417 2416 3956 1
2800 3951 3974 1
84 368 3923 1
3054 1510 4485 1
540 3304 4043 1
1539 1386 3946 1
858 4458 4523 1
4433 2708 4458 1
1039 1093 3863 1
1689 1478 3847 1
3232 3674 4529 1
3573 3319 3905 1
3780 419 4260 1
979 3739 3936 1
3748 2125 3919 1
255 256 3937 1
3870 1539 4249 1
2464 2761 4386 1
4077 2702 4172 1
438 1040 4050 1
1811 1499 3853 1
3683 2072 4275 1
3889 2934 4292 1
1782 1505 3869 1
2990 1262 4519 1
3079 2566 4511 1
2417 3956 3962 1
3913 2359 4035 1
2999 2996 4204 1
2450 4029 4066 1
3298 4306 4563 1
3561 2417 3962 1
4216 2461 4264 1
3056 2477 4475 1
1107 3812 3813 1
3797 2455 3981 1
1177 3593 3853 1
3623 1874 3941 1
3244 3257 4258 1
3010 3013 3990 1
3304 3970 4043 1
3051 2169 4044 1
1924 3502 4277 1
1041 979 3936 1
3262 3261 4321 1
3699 3573 3905 1
328 186 2610 1
2440 1867 3932 1
2290 2547 4094 1
3734 592 4555 1
3163 3161 4226 1
1920 1337 3981 1
567 579 3893 1
3636 1341 3993 1
383 385 1846 1
2793 2200 3959 1
1448 3568 3951 1
1046 3482 4192 1
3255 3253 3973 1
1914 1916 3908 1
3664 326 3968 1
3834 1640 3955 1
2403 2402 3943 1
3572 2175 3967 1
3061 949 4027 1
1730 3704 3966 1
1747 1037 3863 1
1037 1039 3863 1
479 470 4114 1
3802 2117 3911 1
1263 3556 3960 1
1523 1519 4195 1
2144 3933 3977 1
662 660 3945 1
3231 1087 4213 1
1436 1550 3859 1
3647 3401 3940 1
2312 2010 3840 1
1640 3598 3955 1
3547 3546 4094 1
4133 1630 4237 1
2250 1532 3859 1
2775 2398 3982 1
1550 1858 3859 1
462 466 3964 1
2547 3638 4265 1
254 366 3867 1
2507 2528 3965 1
448 442 4161 1
2488 2487 3949 1
3611 3079 4026 1
270 118 4088 1
3129 3948 4123 1
2279 3772 4001 1
264 265 375 1
2206 2608 4235 1
3126 2298 4201 1
982 3922 4024 1
1735 1781 4558 1
2562 2561 4166 1
3084 3151 4297 1
3653 3437 4134 1
972 1046 4192 1
2511 2513 4090 1
3460 3458 4404 1
3793 2488 3949 1
291 83 3923 1
26 269 4323 1
1697 3644 3948 1
2175 3901 3967 1
1906 2278 4003 1
1715 4054 4151 1
3428 204 4343 1
570 561 3861 1
865 854 3885 1
4002 2244 4164 1
2146 2144 3977 1
170 344 4240 1
3512 3834 3955 1
4292 2934 4394 1
2998 3008 4204 1
355 36 4223 1
1341 1339 3993 1
1136 1258 4506 1
4422 2793 4478 1
2190 2192 3970 1
1057 1058 3985 1
3760 2680 4013 1
3568 3569 3974 1
1505 3330 3869 1
3644 3759 3948 1
271 3260 4036 1
1073 1142 4128 1
3878 2384 3969 1
719 584 4276 1
806 717 4011 1
2418 2420 4206 1
4103 2383 4164 1
2400 3865 3988 1
3739 2449 3936 1
2467 3025 4459 1
2595 2768 4267 1
1729 4030 4053 1
4117 2382 4417 1
1075 3499 4280 1
2098 2771 4364 1
2404 1973 4270 1
587 589 3971 1
3951 3568 3974 1
2722 349 4482 1
146 147 378 1
37 323 4223 1
2633 4223 4367 1
3478 2279 4001 1
649 1333 4135 1
961 2886 4023 1
477 475 3998 1
206 207 4074 1
1532 1436 3859 1
3404 3960 4004 1
2361 1856 3994 1
2396 3596 4255 1
3627 3866 3975 1
74 372 3987 1
1687 4331 4392 1
2811 2266 4504 1
1496 1833 4143 1
2522 2518 4071 1
3396 3397 4404 1
2990 2991 4398 1
3919 2603 4081 1
2715 3487 4518 1
2624 2715 4518 1
329 4047 4464 1
1149 3936 4080 1
1542 1114 4556 1
2265 1782 3869 1
2842 2399 4315 1
3948 2197 4123 1
401 547 4319 1
1510 1110 4485 1
2604 2438 4571 1
1009 960 4259 1
1881 3627 3975 1
3317 25 4323 1
956 1156 4232 1
3825 4201 4331 1
2778 2310 4388 1
4193 2560 4277 1
1856 1857 3994 1
685 647 4135 1
3704 2651 3966 1
1453 1175 4189 1
3720 2495 3984 1
2720 2719 4466 1
2506 2883 4324 1
3239 3237 4545 1
2241 4057 4108 1
2569 2871 3989 1
949 3377 4027 1
3865 3462 3988 1
1871 3404 4004 1
208 209 335 1
672 1262 4300 1
2205 2110 3979 1
1331 1482 4020 1
1488 4376 4413 1
900 865 3885 1
3734 2596 4460 1
2825 4178 4266 1
3154 3097 4429 1
771 773 4197 1
2727 2586 4562 1
2955 2954 3876 1
2676 2849 4516 1
2483 2482 2484 1
3281 1394 4340 1
2245 565 3893 1
3786 2694 4017 1
569 572 3963 1
1751 2586 4502 1
1329 3797 3981 1
1146 4253 4312 1
1871 4004 4019 1
303 169 4240 1
2630 2584 3992 1
2765 2101 4109 1
1294 952 4196 1
2183 2611 4182 1
561 563 3861 1
1171 1173 3931 1
3253 3849 3973 1
2389 3940 3991 1
4169 2759 4487 1
105 281 4265 1
3638 2547 4403 1
3367 4142 4177 1
3474 4233 4360 1
563 2245 3861 1
1470 1471 4009 1
2627 2305 4234 1
565 567 3893 1
1643 2560 4193 1
153 154 336 1
837 551 4092 1
2403 3943 4310 1
369 65 3986 1
2691 4409 4488 1
3408 3278 4037 1
2636 4156 4272 1
2188 1524 4010 1
2459 2461 4216 1
2799 2800 4444 1
2384 3742 3969 1
1829 1902 3997 1
1758 449 3862 1
2030 2351 4270 1
3964 466 4014 1
2528 3720 3984 1
366 255 3937 1
1337 1329 3981 1
4105 2533 4186 1
598 1301 4190 1
2704 2568 4383 1
2762 2259 4155 1
258 259 3995 1
1527 3947 4539 1
242 243 4378 1
2534 4196 4232 1
2436 4033 4038 1
2484 2482 2485 1
3418 3234 4371 1
2466 2225 4351 1
1753 3563 4129 1
320 220 4291 1
3613 1571 4081 1
2289 2234 4084 1
1413 1171 3931 1
3418 3887 4363 1
391 3838 3950 1
2582 3151 4351 1
243 3536 4378 1
1948 2657 4477 1
1720 1871 4019 1
449 394 3862 1
2516 2527 4071 1
974 982 4024 1
2370 2369 4048 1
3151 1616 4415 1
2230 2219 4561 1
3730 2389 3991 1
654 3913 4035 1
3726 3512 3955 1
2481 2480 2482 1
295 73 3987 1
2421 2419 4040 1
579 569 3963 1
2457 2538 4028 1
4018 2622 4406 1
554 981 4231 1
1903 1906 4003 1
2715 2623 4564 1
3970 2192 4043 1
2470 2314 4000 1
3367 3726 4142 1
1339 1920 3993 1
604 620 4205 1
2782 1691 4571 1
2481 2636 4272 1
3765 1336 4533 1
4059 2356 4072 1
1724 3746 4549 1
549 1758 4092 1
1668 2286 4172 1
1400 570 3861 1
3058 320 4291 1
4354 2577 4431 1
2204 2843 3996 1
2281 2403 4185 1
3941 2189 4012 1
3313 3312 4430 1
3934 2166 3938 1
292 257 3907 1
348 3526 4016 1
743 590 4490 1
1651 1839 4034 1
843 3053 4366 1
466 468 4014 1
1102 1104 4095 1
3681 654 4035 1
339 4131 4540 1
3822 3671 4126 1
2884 3965 4215 1
854 1400 3885 1
424 421 4169 1
1922 3575 4174 1
661 663 4330 1
3654 1408 4231 1
1891 3623 4012 1
2172 2170 4036 1
299 3122 4423 1
3184 3870 4249 1
742 3025 4503 1
1135 1044 4032 1
118 119 4088 1
3314 3313 4430 1
1819 1968 4311 1
2564 2622 4018 1
28 29 4353 1
2414 2415 4025 1
3223 3222 4295 1
4025 2415 4030 1
4444 2800 4520 1
2399 2579 4256 1
4143 1833 4471 1
3476 2569 3989 1
2308 540 4015 1
328 2610 4388 1
2856 2857 4534 1
689 670 4300 1
3743 4431 4551 1
594 605 4202 1
4060 3494 4130 1
3141 3140 4449 1
1408 552 4231 1
2495 2504 3984 1
2436 2434 4033 1
1112 1510 4556 1
2269 2443 4045 1
2375 2063 4283 1
2189 1580 4029 1
3623 3941 4012 1
3236 3239 4489 1
3505 3504 4242 1
341 4247 4468 1
2606 328 4469 1
2434 2435 4031 1
3553 4160 4248 1
2823 3822 4126 1
743 4490 4546 1
405 403 4299 1
76 77 4087 1
1910 1932 4124 1
285 3625 4421 1
1108 1451 4485 1
1723 1729 4038 1
2710 2356 4059 1
2832 1301 4141 1
333 3693 4343 1
1301 601 4205 1
156 363 3628 1
70 71 4026 1
843 4129 4159 1
4034 1839 4063 1
2434 4031 4033 1
677 666 4288 1
2857 2249 4534 1
1168 1167 4097 1
364 57 4251 1
1288 3150 4463 1
2468 3056 4269 1
375 3898 4119 1
1196 1198 4262 1
1251 3698 4005 1
350 4301 4377 1
3525 311 4542 1
404 406 4187 1
1737 1930 4191 1
3254 3255 4200 1
4232 1156 4268 1
2716 2717 4326 1
605 596 4190 1
2591 2364 4268 1
2314 2312 4000 1
2205 3979 4046 1
3936 2449 4080 1
1173 1435 3931 1
3037 2597 4499 1
3464 2500 4324 1
266 267 330 1
1401 1403 4042 1
2407 2406 4153 1
2500 2499 4324 1
34 35 4051 1
973 971 4062 1
2415 3615 4030 1
2547 2304 4403 1
3638 104 4265 1
2301 2618 4320 1
2534 3920 4196 1
3869 2106 4137 1
2673 4114 4407 1
1087 3242 4296 1
2717 4007 4104 1
1571 3919 4081 1
3772 1477 4001 1
2297 3180 4047 1
477 3998 4112 1
3162 3163 4061 1
3801 2164 4056 1
4183 2433 4222 1
3962 2436 4053 1
3911 2185 4065 1
3433 3801 4056 1
3233 4162 4253 1
2108 2301 4066 1
1530 1778 4335 1
2227 2582 4351 1
957 918 4412 1
3443 3441 4282 1
4019 2414 4025 1
93 360 4446 1
541 3542 4473 1
3710 448 4456 1
4181 2352 4217 1
920 3721 4412 1
1332 591 4202 1
3984 2511 4090 1
2192 2273 4043 1
2286 3760 4013 1
158 332 3851 1
948 846 4049 1
3690 1226 4222 1
2356 2601 4072 1
2278 1908 4124 1
4394 2935 4483 1
2708 2961 4458 1
4286 2576 4354 1
2385 3632 4325 1
1507 1841 4303 1
2994 2999 4398 1
1839 3484 4063 1
4203 2642 4434 1
2288 4132 4193 1
571 568 4022 1
2973 2929 4334 1
324 3638 4403 1
2466 3537 4491 1
3291 318 4225 1
1899 1405 4303 1
2455 3738 4233 1
440 438 4050 1
836 695 4365 1
690 718 4294 1
2774 3727 4391 1
2381 2437 4328 1
1491 1318 4349 1
886 3786 4017 1
3499 3908 4280 1
2223 2466 4491 1
1289 4056 4162 1
2162 2742 4055 1
885 862 4548 1
3132 3131 4435 1
3658 357 4327 1
482 490 4348 1
1715 3599 4054 1
4294 3133 4365 1
3920 1294 4196 1
2702 4009 4172 1
2207 2205 4046 1
320 3057 4481 1
1262 674 4519 1
664 1691 4288 1
2551 2550 4500 1
3119 1715 4151 1
374 2 3173 1
719 3495 4420 1
3998 2841 4112 1
3441 3440 4333 1
4231 981 4334 1
3873 2841 3998 1
49 50 4464 1
1944 1878 4091 1
3896 3133 4294 1
179 180 4131 1
3303 1141 4263 1
3217 3287 4302 1
3841 2380 4224 1
2544 2401 4359 1
256 292 3937 1
586 719 4420 1
3947 1929 4152 1
3750 1630 4133 1
3662 1154 4436 1
3743 3424 4431 1
2591 4268 4293 1
389 391 3950 1
1469 671 4454 1
2458 3624 4245 1
2795 2797 4380 1
1860 2028 4424 1
2312 3840 4000 1
1302 386 4366 1
582 3651 4276 1
3603 3705 4250 1
4052 2301 4320 1
4489 3239 4531 1
2283 2282 4073 1
3275 3274 4476 1
2827 1258 4566 1
2080 3129 4123 1
2704 4383 4472 1
3487 2715 4548 1
349 167 4482 1
1811 3853 4109 1
680 678 4060 1
58 308 4251 1
3528 2082 4070 1
356 3597 4570 1
1942 1941 4547 1
2392 3495 4358 1
1682 4108 4145 1
884 3487 4548 1
2782 2439 4345 1
3513 3726 4167 1
2857 2858 4220 1
456 473 4552 1
4012 2189 4029 1
3444 2152 4083 1
1772 3574 4336 1
4213 1087 4296 1
2252 2250 4039 1
1699 1696 4531 1
2451 2450 4066 1
302 3653 4134 1
1372 1374 4067 1
441 443 4452 1
2236 2238 4089 1
1841 1525 4539 1
1113 1141 4064 1
2373 3847 4186 1
1951 2303 4273 1
1322 1561 4550 1
1 374 4160 1
4062 971 4136 1
2919 2918 4163 1
3495 719 4358 1
2558 1950 4528 1
168 303 4482 1
4130 2426 4179 1
2028 3709 4424 1
2350 2832 4141 1
2966 320 4481 1
1854 3518 4361 1
3572 269 4211 1
639 742 4503 1
3837 3661 4084 1
2528 3984 4090 1
2899 2922 4560 1
2581 4133 4237 1
1830 2531 4368 1
3853 2447 4109 1
665 668 4076 1
658 3466 4430 1
1142 4028 4128 1
441 2833 4509 1
1296 451 4344 1
3947 3460 4539 1
1538 1452 4368 1
2150 2148 4082 1
2765 4109 4191 1
4291 3050 4457 1
3817 2640 4287 1
354 6 4069 1
373 70 4026 1
1876 1701 4085 1
3955 3598 4142 1
3721 3141 4412 1
2234 3837 4084 1
657 661 4396 1
1333 651 4318 1
2294 2810 4484 1
3929 369 4106 1
2164 2274 4056 1
2251 2856 4534 1
3561 3962 4053 1
1361 1363 4479 1
137 138 4122 1
3907 258 3995 1
1020 389 3950 1
148 149 341 1
551 549 4092 1
2566 2741 4511 1
2518 2516 4071 1
2437 3833 4328 1
450 1288 4463 1
270 4088 4185 1
2185 2325 4065 1
733 836 4567 1
261 262 4079 1
363 157 3851 1
2169 3804 4044 1
406 408 4568 1
3047 310 4507 1
3791 1772 4336 1
387 1020 3976 1
2271 2375 4139 1
2321 2318 4218 1
2974 2971 4110 1
3908 2176 4280 1
3622 511 4379 1
385 387 3976 1
3314 3466 4442 1
576 592 4340 1
669 677 4454 1
3060 3150 4527 1
3843 1893 4057 1
2564 4018 4116 1
3965 2521 4215 1
1855 3602 4448 1
2078 2076 4103 1
859 2923 4148 1
2443 3338 4397 1
2556 3912 4532 1
1100 1116 4332 1
4085 3239 4545 1
2594 2777 4535 1
283 48 4101 1
4293 2354 4381 1
3830 3617 4096 1
2373 4186 4322 1
286 3892 4406 1
2658 4173 4554 1
718 3896 4294 1
3465 356 4107 1
737 439 4509 1
1510 3054 4535 1
77 304 4087 1
2593 2542 4099 1
3338 2469 4427 1
3546 2290 4094 1
2541 3054 4443 1
4118 744 4125 1
581 1334 4555 1
2349 2350 4141 1
154 155 4098 1
2348 2418 4257 1
746 744 4118 1
880 3900 4526 1
3569 1491 4408 1
4397 3338 4427 1
1680 2241 4108 1
4347 3058 4457 1
2843 2842 4497 1
2689 2914 4525 1
4333 3440 4385 1
2795 325 4505 1
2603 3365 4081 1
330 267 4160 1
2611 2390 4358 1
836 4365 4435 1
3726 3367 4167 1
2526 2510 4347 1
3367 3366 4167 1
2935 3921 4483 1
307 68 4157 1
2467 637 4503 1
417 418 4285 1
2143 2145 4115 1
2179 2181 4093 1
2241 3702 4057 1
1518 1748 4140 1
2967 3911 4065 1
2462 3091 4176 1
2473 2616 4413 1
2307 2306 4100 1
3702 3843 4057 1
1334 3734 4555 1
1933 2362 4399 1
3954 2614 4165 1
1116 1102 4095 1
1455 1149 4080 1
3057 3058 4347 1
4215 3145 4286 1
3279 1013 4175 1
3242 1208 4414 1
79 80 4418 1
1437 3860 4075 1
2419 3823 4040 1
3994 2232 4376 1
259 334 3995 1
744 716 4125 1
4282 3441 4333 1
470 472 4114 1
3688 1676 4453 1
368 3418 4371 1
69 373 4157 1
3806 3728 4105 1
3398 1523 4147 1
2480 3767 4068 1
3781 2198 4111 1
971 969 4136 1
1883 3042 4153 1
2714 2712 4113 1
3613 4081 4177 1
480 477 4112 1
4230 2604 4571 1
2362 3790 4158 1
2265 3869 4137 1
2794 2604 4230 1
420 3781 4111 1
323 3589 4121 1
2671 2445 4402 1
2267 2867 4132 1
3804 1398 4044 1
1846 385 3976 1
4280 2176 4384 1
1932 1912 4278 1
1671 3613 4177 1
440 4050 4161 1
2509 3057 4347 1
3598 1671 4142 1
2962 4188 4301 1
2644 3817 4287 1
1453 4189 4216 1
1368 1359 4470 1
3892 92 4446 1
141 142 4171 1
4289 2647 4467 1
4331 3356 4392 1
2316 2470 4218 1
4006 2664 4102 1
2174 3452 4134 1
2572 2583 4546 1
1788 4080 4149 1
4044 1398 4096 1
1750 3675 4254 1
3968 3604 4547 1
311 4061 4542 1
2565 2564 4116 1
2814 2750 4274 1
119 3982 4088 1
3440 3444 4385 1
2286 4013 4077 1
4128 2538 4189 1
4010 1883 4153 1
294 4065 4188 1
2691 3667 4409 1
2550 4016 4500 1
2478 370 2479 1
1914 3908 4278 1
2461 2463 4264 1
3661 914 4084 1
3844 2526 4290 1
1747 3683 4158 1
3039 3409 4252 1
3054 2592 4535 1
3119 4151 4257 1
1898 3806 4105 1
2197 2383 4123 1
1394 574 4340 1
333 206 4074 1
3094 3136 4120 1
68 69 4157 1
306 3155 4207 1
836 3942 4567 1
1858 2361 4078 1
298 227 4150 1
2805 1757 4138 1
4263 2387 4337 1
207 208 4156 1
3881 338 4417 1
1945 1496 4143 1
2910 4219 4393 1
4348 2443 4397 1
2257 1945 4146 1
3091 277 4176 1
331 4512 4517 1
4290 2526 4457 1
1085 1073 4128 1
4186 2533 4322 1
1908 1910 4124 1
2772 4180 4342 1
3494 2428 4130 1
1163 1161 4178 1
843 382 4129 1
647 649 4135 1
3912 4341 4532 1
384 843 4366 1
2101 1811 4109 1
1398 3830 4096 1
4225 318 4536 1
1855 4448 4489 1
155 3628 4098 1
2920 1413 4243 1
2259 2257 4155 1
3600 327 4467 1
4384 3783 4411 1
3671 1294 4126 1
592 578 4555 1
2802 4015 4170 1
3908 3499 4278 1
2850 2377 4326 1
4266 2809 4373 1
3860 2246 4075 1
2529 3116 4494 1
302 4134 4338 1
3102 2751 4241 1
3060 3711 4370 1
1453 4216 4264 1
2436 4038 4053 1
490 4045 4348 1
263 264 4119 1
2649 4143 4471 1
2449 2268 4149 1
1929 3547 4152 1
2659 3892 4446 1
721 4022 4241 1
547 4206 4319 1
4056 2274 4162 1
2441 2442 4145 1
3393 3392 4184 1
4088 2398 4185 1
2622 2562 4166 1
2288 4193 4277 1
1271 3616 4350 1
1945 4143 4146 1
4385 3444 4428 1
4038 1729 4053 1
4096 3617 4352 1
3728 3402 4105 1
4081 3365 4177 1
346 3046 4203 1
4157 373 4511 1
2474 2472 4154 1
4100 2306 4133 1
1691 3945 4230 1
3642 3937 4219 1
3982 2398 4088 1
3589 3648 4236 1
2257 4146 4155 1
4093 2181 4182 1
442 440 4161 1
3965 2528 4090 1
3178 2341 4426 1
2636 2483 4221 1
2648 4002 4164 1
2487 2485 4565 1
2298 3677 4201 1
2306 3750 4133 1
4181 1530 4335 1
4109 2447 4191 1
3681 4035 4282 1
67 307 4314 1
3812 1098 4332 1
2656 3986 4314 1
141 4171 4289 1
3746 858 4523 1
2646 2263 4175 1
2580 4131 4508 1
338 2790 4417 1
3405 334 4455 1
3328 3329 4538 1
2246 3055 4075 1
3799 288 4235 1
2249 2248 4534 1
3299 3480 4453 1
3312 658 4430 1
2176 3783 4384 1
2053 2707 4459 1
3465 4107 4210 1
2662 4096 4352 1
269 27 4211 1
213 214 2478 1
4065 2325 4188 1
2252 4139 4173 1
2273 2296 4170 1
2618 2619 4570 1
3411 371 4438 1
2849 363 4516 1
4176 3297 4563 1
4214 2372 4238 1
2256 2452 4212 1
2532 2673 4407 1
2598 1922 4174 1
970 972 4192 1
1085 4128 4189 1
3348 3418 4363 1
2650 2649 4471 1
2790 4117 4417 1
2463 2462 4176 1
4305 2641 4335 1
4137 3600 4467 1
421 420 4169 1
2841 2840 4209 1
3953 79 4418 1
490 4112 4209 1
2647 2265 4137 1
4296 3242 4414 1
3480 2413 4453 1
1562 1668 4172 1
288 3855 4235 1
3983 1750 4254 1
2172 4036 4375 1
2485 2482 4068 1
2274 2276 4162 1
2996 2998 4204 1
4035 3443 4282 1
4145 2442 4180 1
4083 4387 4428 1
3449 2372 4214 1
1773 1643 4193 1
4227 1666 4229 1
2908 3929 4106 1
1676 3607 4355 1
4028 2538 4128 1
319 3465 4210 1
2380 3928 4224 1
383 1846 4298 1
3474 1920 4233 1
3137 2884 4215 1
3900 2804 4432 1
2379 3968 4547 1
2641 2352 4181 1
1519 1775 4195 1
3498 3500 4199 1
2661 2662 4352 1
2442 2678 4180 1
296 3673 4329 1
1898 4105 4186 1
2447 1737 4191 1
3689 1297 4179 1
2398 2281 4185 1
2181 2183 4182 1
3814 1747 4158 1
596 598 4190 1
3161 2500 4226 1
3626 3291 4225 1
3365 3367 4177 1
3297 3298 4563 1
3597 275 4320 1
4409 1999 4488 1
1666 2637 4229 1
3390 3381 4246 1
2582 2581 4237 1
2420 2671 4206 1
306 4207 4290 1
3005 3006 4228 1
2695 2260 4309 1
4039 1858 4078 1
1175 1085 4189 1
4045 2443 4348 1
773 845 4197 1
952 954 4196 1
448 4234 4456 1
265 266 4168 1
2805 4138 4183 1
3790 3814 4158 1
2658 2252 4173 1
3654 4231 4334 1
3048 1666 4227 1
2482 2480 4068 1
36 37 4223 1
2474 4154 4281 1
2677 3835 4225 1
601 604 4205 1
4036 3260 4375 1
3687 2244 4213 1
420 4111 4169 1
1395 3889 4292 1
4108 2441 4145 1
2761 3812 4332 1
4264 2463 4306 1
3355 3811 4392 1
4080 2449 4149 1
3986 66 4314 1
3563 2343 4159 1
2538 2459 4216 1
2750 3954 4165 1
334 260 4455 1
2697 2722 4279 1
3703 2004 4480 1
1141 3894 4263 1
1968 4238 4311 1
3945 2794 4230 1
353 4258 4395 1
2325 3744 4188 1
591 594 4202 1
2300 3642 4219 1
2479 370 2480 1
4016 3526 4500 1
2898 2899 4560 1
3937 292 4219 1
3900 4432 4526 1
419 404 4187 1
3779 1942 4250 1
152 153 4194 1
970 4192 4259 1
2690 3994 4376 1
547 3119 4257 1
1120 3262 4244 1
3571 2396 4255 1
4149 2268 4217 1
353 3244 4258 1
3894 2387 4263 1
2865 3914 4208 1
57 58 4251 1
3172 3624 4375 1
4401 4227 4480 1
3596 2373 4322 1
3917 1854 4361 1
169 170 4240 1
4458 2961 4523 1
4295 3142 4346 1
2741 4157 4511 1
2864 2865 4410 1
4196 954 4232 1
2607 2606 4469 1
262 301 4079 1
3784 1395 4292 1
4079 3405 4455 1
2363 2670 4461 1
4134 3452 4338 1
209 210 4339 1
2372 2643 4238 1
205 333 4343 1
1780 1884 4400 1
2228 3060 4370 1
2789 3572 4211 1
275 4052 4320 1
4431 2577 4551 1
1687 3825 4331 1
3142 3139 4346 1
3604 3603 4250 1
4139 2375 4173 1
2800 3974 4520 1
2305 2307 4234 1
1861 2545 4493 1
3103 3102 4241 1
2310 2776 4388 1
2072 3080 4275 1
2433 3690 4222 1
3707 1335 4532 1
2318 2316 4218 1
3140 3158 4449 1
4449 3158 4518 1
2534 4232 4268 1
2439 3036 4345 1
140 141 4289 1
2252 4039 4139 1
960 970 4259 1
2268 2454 4217 1
3619 2617 4522 1
4437 3775 4510 1
3835 3626 4225 1
2921 807 4554 1
2406 4010 4153 1
2351 2817 4244 1
3847 1898 4186 1
954 956 4232 1
4132 1773 4193 1
3050 306 4290 1
4543 2626 4559 1
1194 1196 4513 1
3222 3142 4295 1
3504 2543 4242 1
1920 3981 4233 1
4041 2487 4565 1
3212 3217 4302 1
104 105 4265 1
220 221 4291 1
4162 2276 4253 1
1297 4130 4179 1
858 3641 4458 1
3048 4227 4401 1
204 205 4343 1
333 4074 4221 1
2661 4352 4419 1
4078 2271 4139 1
1973 2030 4270 1
2677 4225 4536 1
3271 748 4567 1
3632 2407 4236 1
4015 2273 4170 1
1491 4200 4408 1
3850 3923 4371 1
1630 3543 4237 1
2942 2943 4284 1
2460 2458 4245 1
314 3619 4522 1
718 3689 4239 1
211 212 377 1
2303 4229 4273 1
3855 2206 4235 1
2767 2595 4267 1
2759 2757 4487 1
620 3841 4224 1
378 147 4416 1
3833 285 4328 1
3631 1075 4280 1
4074 2636 4221 1
552 554 4231 1
301 263 4119 1
4208 417 4285 1
2364 2534 4268 1
2307 4100 4370 1
2855 2374 4414 1
4039 4078 4139 1
1198 1754 4262 1
511 405 4299 1
2405 4369 4448 1
3257 3983 4254 1
3689 4179 4239 1
2699 4488 4515 1
3287 1414 4309 1
2663 2661 4419 1
4119 3898 4440 1
4307 737 4509 1
3711 3060 4527 1
2699 2691 4488 1
331 3428 4512 1
4072 2601 4261 1
3390 4246 4310 1
3146 3084 4297 1
4311 2643 4313 1
4554 807 4557 1
290 3028 4543 1
3025 2053 4459 1
3466 1233 4442 1
4492 2921 4554 1
2657 3048 4401 1
3687 4213 4296 1
3112 1552 4362 1
2586 3662 4436 1
4074 207 4156 1
3930 417 4208 1
4235 2608 4501 1
3783 2696 4411 1
2276 2408 4253 1
2559 4304 4379 1
3187 2464 4386 1
2833 2386 4307 1
2293 2294 4484 1
584 582 4276 1
2773 2725 4512 1
2116 4305 4335 1
3698 1453 4264 1
4255 1368 4470 1
3751 362 4261 1
3502 2288 4277 1
3607 4005 4355 1
2446 2825 4266 1
2362 4275 4399 1
1442 1530 4316 1
2548 2474 4281 1
1029 3137 4286 1
2619 4107 4570 1
3675 2536 4254 1
2914 2309 4524 1
4362 1552 4364 1
3708 3484 4327 1
4268 1156 4293 1
4091 1877 4466 1
3156 351 4308 1
371 3411 4418 1
3028 353 4395 1
2116 2828 4305 1
1952 1951 4273 1
66 67 4314 1
1950 3107 4528 1
2063 2064 4283 1
3981 2455 4233 1
3187 4386 4426 1
2828 2829 4434 1
264 375 4119 1
2260 1780 4400 1
418 422 4285 1
3137 4215 4286 1
3028 4395 4543 1
3386 3390 4310 1
666 664 4288 1
1156 3650 4293 1
4189 2538 4216 1
3912 1758 4341 1
1868 4311 4313 1
1912 1914 4278 1
2707 2708 4433 1
670 672 4300 1
663 1292 4330 1
3484 3745 4327 1
4521 290 4543 1
3261 1209 4321 1
1778 2116 4335 1
25 26 4323 1
1831 3115 4407 1
693 690 4294 1
1209 3240 4369 1
2721 3917 4361 1
1405 1507 4303 1
2619 3877 4425 1
2294 1868 4313 1
2922 4283 4560 1
4188 3744 4301 1
1868 1819 4311 1
2953 3553 4248 1
4512 2725 4517 1
2440 3606 4514 1
3386 4310 4389 1
2643 2644 4313 1
4061 3163 4542 1
3444 4083 4428 1
2387 1815 4337 1
4299 2671 4402 1
2533 1368 4322 1
1616 3135 4415 1
3549 1272 4333 1
2019 2727 4562 1
2557 2556 4405 1
4121 3589 4236 1
4261 362 4501 1
3761 2585 4252 1
2651 2650 4526 1
268 242 4378 1
2078 4103 4164 1
309 3824 4363 1
1427 4304 4391 1
3824 3348 4363 1
3237 3266 4545 1
3260 3172 4375 1
1272 3681 4282 1
2579 2580 4508 1
4336 2095 4357 1
3380 4537 4544 1
3116 298 4494 1
29 319 4353 1
2675 2674 4474 1
4166 2561 4450 1
4201 3677 4331 1
1924 4277 4451 1
1427 3622 4304 1
2548 4281 4423 1
268 4378 4444 1
2700 2699 4515 1
3317 2412 4390 1
3574 2095 4336 1
1552 2098 4364 1
3931 2247 4243 1
335 3935 4272 1
2842 4315 4497 1
1539 3946 4249 1
1272 4282 4333 1
1185 3743 4551 1
4112 2841 4209 1
2499 2506 4324 1
4253 2408 4312 1
1258 1259 4462 1
375 265 4168 1
2225 2227 4351 1
3097 880 4429 1
3298 3299 4355 1
2374 3687 4296 1
4321 1209 4369 1
2477 2578 4475 1
4022 3103 4241 1
3150 1288 4527 1
3631 4280 4384 1
3452 2555 4338 1
3038 290 4521 1
3234 3850 4371 1
651 653 4318 1
403 401 4319 1
3549 4333 4385 1
2731 4437 4510 1
2412 2413 4390 1
3387 3386 4389 1
3691 3784 4292 1
4537 3927 4544 1
3243 1660 4569 1
3677 3356 4331 1
693 4294 4365 1
4490 2635 4546 1
2408 2410 4312 1
3719 4517 4537 1
807 808 4557 1
3579 482 4348 1
3723 302 4338 1
1318 1320 4349 1
1833 3154 4471 1
3698 4264 4306 1
316 3317 4390 1
4523 2959 4549 1
381 383 4298 1
2736 2381 4328 1
147 148 4416 1
2413 3688 4453 1
2642 2641 4305 1
3691 4292 4394 1
357 3708 4327 1
2095 2465 4357 1
4507 2765 4530 1
337 4041 4565 1
2341 3187 4426 1
4337 1815 4383 1
1660 4529 4569 1
3942 3271 4567 1
2119 2697 4372 1
451 453 4344 1
1413 3931 4243 1
1758 3862 4341 1
3606 721 4514 1
146 378 4102 1
1876 4085 4545 1
4285 422 4410 1
2781 2721 4361 1
1815 3678 4383 1
1098 1100 4332 1
3458 3396 4404 1
3050 4290 4457 1
3335 268 4444 1
2991 2994 4398 1
2959 2960 4549 1
3744 2575 4301 1
2922 2921 4492 1
3274 2621 4476 1
2119 4372 4422 1
4083 3315 4387 1
3315 3314 4442 1
2961 2959 4523 1
3538 4384 4411 1
3067 3474 4360 1
1846 3976 4256 1
1287 4397 4427 1
695 693 4365 1
3625 3626 4421 1
153 336 4194 1
1233 3453 4387 1
3745 2385 4325 1
92 93 4446 1
1452 1830 4368 1
3211 3210 4447 1
2446 4266 4373 1
574 576 4340 1
3617 1467 4352 1
1029 4286 4354 1
261 4079 4455 1
266 330 4168 1
2797 3536 4380 1
2636 4074 4156 1
2545 2546 4559 1
4095 3178 4426 1
3775 361 4510 1
2865 4285 4410 1
3755 2827 4566 1
2390 2392 4358 1
4352 1467 4419 1
336 154 4098 1
1662 3985 4515 1
1660 3232 4529 1
2591 4293 4381 1
3845 1952 4538 1
3616 2467 4350 1
4318 653 4396 1
1210 1136 4506 1
918 920 4412 1
2587 2588 4486 1
2731 2728 4437 1
2004 1861 4493 1
3058 4291 4457 1
2304 3308 4403 1
279 4437 4439 1
260 261 4455 1
3133 3132 4435 1
2550 2548 4423 1
2616 3755 4566 1
3624 2172 4375 1
2560 3670 4451 1
3039 4252 4317 1
1467 3703 4419 1
1287 3579 4397 1
4247 4008 4468 1
4005 3298 4355 1
386 384 4366 1
2596 3280 4460 1
2401 3779 4359 1
655 3549 4385 1
3158 2624 4518 1
3579 4348 4397 1
1154 3538 4411 1
3649 1029 4354 1
4312 2410 4382 1
443 454 4452 1
2510 2509 4347 1
655 4385 4428 1
4301 2575 4377 1
4365 3133 4435 1
2445 2683 4402 1
3453 655 4428 1
1576 1194 4513 1
3529 1399 4483 1
2725 2726 4517 1
4387 3453 4428 1
2605 1735 4558 1
3538 3631 4384 1
2696 2019 4562 1
3586 359 4465 1
2118 2119 4422 1
1999 1662 4488 1
2751 2440 4514 1
2729 2732 4445 1
2465 1860 4424 1
4349 1320 4550 1
2374 4296 4414 1
3605 2591 4381 1
3542 1287 4427 1
3238 3236 4489 1
4437 2728 4439 1
2929 3654 4334 1
2469 1954 4495 1
588 586 4420 1
2626 1948 4477 1
2221 2223 4491 1
2732 2734 4465 1
653 657 4396 1
3711 3710 4456 1
2438 2782 4571 1
3862 3707 4341 1
80 371 4418 1
2554 2551 4500 1
3220 2731 4510 1
3335 4444 4520 1
2410 2539 4382 1
1363 1381 4479 1
3337 3335 4520 1
1981 1751 4502 1
2530 541 4473 1
588 4420 4490 1
167 168 4482 1
3738 737 4360 1
2728 2729 4439 1
4210 4107 4425 1
2683 2446 4373 1
1110 1108 4485 1
1336 1338 4533 1
3727 1427 4391 1
2221 4491 4561 1
4445 2732 4465 1
3411 3953 4418 1
2232 2471 4376 1
2734 2795 4505 1
2219 2221 4561 1
4344 453 4552 1
3935 335 4339 1
2454 1933 4399 1
3667 3605 4409 1
3669 2293 4484 1
50 329 4464 1
4387 3315 4442 1
4383 3678 4472 1
2623 2625 4564 1
3762 279 4439 1
3719 331 4517 1
4488 1662 4515 1
3605 4381 4409 1
208 335 4156 1
4005 3698 4306 1
671 669 4454 1
2597 2598 4499 1
452 450 4463 1
1399 3691 4394 1
3047 4507 4530 1
359 4445 4465 1
1114 1112 4556 1
4107 2619 4425 1
2463 4176 4563 1
590 588 4490 1
318 3821 4536 1
2382 3881 4417 1
422 3765 4410 1
3602 2405 4448 1
914 3999 4374 1
2118 4422 4478 1
4165 2614 4279 1
325 3586 4505 1
3674 424 4487 1
3887 309 4363 1
4087 304 4524 1
4382 2539 4443 1
2289 4084 4374 1
862 884 4548 1
674 676 4519 1
3762 4439 4445 1
4517 2726 4537 1
2539 2541 4443 1
4173 2375 4492 1
2575 3800 4377 1
3821 2678 4536 1
2471 2473 4413 1
279 3775 4437 1
2707 4350 4459 1
3876 296 4329 1
1525 1527 4539 1
371 3864 4438 1
1696 1855 4531 1
4104 2850 4326 1
1359 1361 4470 1
4465 2734 4505 1
3086 2966 4481 1
4376 2471 4413 1
3641 1271 4433 1
4439 2729 4445 1
4315 1020 4497 1
1941 2379 4547 1
1855 4489 4531 1
1320 1322 4550 1
3877 2788 4425 1
3424 3649 4431 1
2865 4208 4285 1
2801 2118 4478 1
3678 2775 4472 1
3526 3525 4542 1
2641 4181 4335 1
359 3762 4445 1
637 639 4503 1
3923 368 4371 1
1399 4394 4483 1
439 441 4509 1
748 733 4567 1
1335 4405 4532 1
3976 1020 4315 1
2678 2677 4536 1
2719 4091 4466 1
3586 4465 4505 1
335 209 4339 1
3811 1687 4392 1
2577 3519 4551 1
2750 4165 4274 1
453 456 4552 1
4191 1930 4530 1
3380 3719 4537 1
3649 4354 4431 1
1288 3711 4527 1
362 3799 4501 1
408 720 4568 1
2592 2594 4535 1
3854 365 4450 1
2585 2529 4494 1
4448 3238 4489 1
4317 2585 4494 1
376 152 4194 1
4198 3328 4538 1
2635 2572 4546 1
301 4119 4440 1
2248 2251 4534 1
273 3925 4441 1
2764 2765 4507 1
578 581 4555 1
3898 2685 4440 1
2580 3468 4540 1
311 3380 4544 1
4160 374 4248 1
4219 292 4393 1
4121 3042 4367 1
298 4317 4494 1
2717 4104 4326 1
3925 2578 4441 1
3974 3569 4408 1
2726 3927 4537 1
2642 4305 4434 1
3966 2651 4432 1
149 150 4496 1
298 4150 4317 1
323 4121 4367 1
4131 2580 4540 1
3800 2340 4498 1
4150 3039 4317 1
4252 2585 4317 1
4084 914 4374 1
292 3907 4393 1
1952 4198 4538 1
3985 2700 4515 1
4229 2637 4273 1
4206 2671 4319 1
4305 2828 4434 1
4377 3800 4498 1
4238 2643 4311 1
2571 4018 4406 1
4271 2675 4474 1
4256 3976 4315 1
4279 2614 4372 1
4247 341 4496 1
365 4166 4450 1
3329 3845 4538 1
3953 2689 4525 1
4180 2678 4342 1
4100 2228 4370 1
4200 3337 4408 1
212 213 4553 1
4302 2260 4400 1
1691 4230 4571 1
1020 3950 4497 1
3799 4235 4501 1
1233 4387 4442 1
2697 4279 4372 1
2788 4210 4425 1
2004 4401 4480 1
4061 311 4544 1
2650 4429 4526 1
363 3851 4516 1
2399 4256 4315 1
4234 2307 4456 1
3571 4255 4470 1
2647 4137 4467 1
4277 2560 4451 1
2765 4191 4530 1
148 341 4416 1
341 149 4496 1
419 4187 4461 1
4275 3080 4399 1
2829 4203 4434 1
4304 3622 4379 1
4107 356 4570 1
4227 2663 4480 1
4477 2545 4559 1
4462 2616 4566 1
3212 4302 4400 1
2485 4068 4565 1
511 4299 4402 1
4401 2004 4493 1
4389 1576 4513 1
213 2478 4553 1
4436 2696 4562 1
4432 2651 4526 1
2833 4307 4509 1
378 4416 4468 1
4350 2467 4459 1
2546 4521 4559 1
4473 2469 4495 1
4341 3707 4532 1
4283 2064 4560 1
4306 2463 4563 1
2657 4401 4493 1
377 212 4553 1
3387 4389 4513 1
4416 341 4468 1
2530 4473 4495 1
4429 880 4526 1
4405 2556 4532 1
2586 4436 4562 1
2626 4477 4559 1
1258 4462 4566 1
145 146 4102 1
210 211 377 1

End
