MeshVersionFormatted 2
Dimension 3

Vertices
3056
-3.1782172489758032e-01 -3.6856667278138888e-01 0.0000000000000000e+00 1
-3.1191222338825192e-01 -3.7133024302447593e-01 0.0000000000000000e+00 1
-3.0599056263343127e-01 -3.7318847357101148e-01 0.0000000000000000e+00 1
-3.0005695328653897e-01 -3.7417722598928038e-01 0.0000000000000000e+00 1
-2.9411160600099578e-01 -3.7433236184756769e-01 0.0000000000000000e+00 1
-2.8815473143022230e-01 -3.7368974271415822e-01 0.0000000000000000e+00 1
-2.8218654022763934e-01 -3.7228523015733700e-01 0.0000000000000000e+00 1
-2.7620724304666772e-01 -3.7015468574538890e-01 0.0000000000000000e+00 1
-2.7021705054072792e-01 -3.6733397104659887e-01 0.0000000000000000e+00 1
-2.6421617336324071e-01 -3.6385894762925169e-01 0.0000000000000000e+00 1
-2.5820482216762691e-01 -3.5976547706163259e-01 0.0000000000000000e+00 1
-2.5218320760730706e-01 -3.5508942091202622e-01 0.0000000000000000e+00 1
-2.4615154033570186e-01 -3.4986664074871737e-01 0.0000000000000000e+00 1
-2.4011003100623218e-01 -3.4413299813999154e-01 0.0000000000000000e+00 1
-2.3405889027231852e-01 -3.3792435465413306e-01 0.0000000000000000e+00 1
-2.2799832878738177e-01 -3.3127657185942716e-01 0.0000000000000000e+00 1
-2.2192855720484256e-01 -3.2422551132415872e-01 0.0000000000000000e+00 1
-2.1584978617812153e-01 -3.1680703461661264e-01 0.0000000000000000e+00 1
-2.0976222636063943e-01 -3.0905700330507380e-01 0.0000000000000000e+00 1
-2.0366608840581696e-01 -3.0101127895782714e-01 0.0000000000000000e+00 1
-1.9756158296707493e-01 -2.9270572314315779e-01 0.0000000000000000e+00 1
-1.9144892069783379e-01 -2.8417619742935030e-01 0.0000000000000000e+00 1
-1.8532831225151447e-01 -2.7545856338468988e-01 0.0000000000000000e+00 1
-1.7919996828153753e-01 -2.6658868257746138e-01 0.0000000000000000e+00 1
-1.7306409944132381e-01 -2.5760241657594968e-01 0.0000000000000000e+00 1
-1.6692091638429390e-01 -2.4853562694843970e-01 0.0000000000000000e+00 1
-1.6077062976386858e-01 -2.3942417526321644e-01 0.0000000000000000e+00 1
-1.5461345023346845e-01 -2.3030392308856479e-01 0.0000000000000000e+00 1
-1.4844958844651426e-01 -2.2121073199276958e-01 0.0000000000000000e+00 1
-1.4227925505642680e-01 -2.1218046354411590e-01 0.0000000000000000e+00 1
-1.3610266071662666e-01 -2.0324897931088856e-01 0.0000000000000000e+00 1
-1.2992001608053461e-01 -1.9445214086137252e-01 0.0000000000000000e+00 1
-1.2373153180157129e-01 -1.8582580976385271e-01 0.0000000000000000e+00 1
-1.1753741853315747e-01 -1.7740584758661404e-01 0.0000000000000000e+00 1
-1.1133788692871378e-01 -1.6922811589794146e-01 0.0000000000000000e+00 1
-1.0513314764166098e-01 -1.6132847626611985e-01 0.0000000000000000e+00 1
-9.8923411325419777e-02 -1.5374279025943413e-01 0.0000000000000000e+00 1
-9.2708888633410785e-02 -1.4650691944616925e-01 0.0000000000000000e+00 1
-8.6489790219054799e-02 -1.3965672539461016e-01 0.0000000000000000e+00 1
-8.0266326735772525e-02 -1.3322806967304177e-01 0.0000000000000000e+00 1
-7.4038708836984615e-02 -1.2725681384974896e-01 0.0000000000000000e+00 1
-6.7807147176111776e-02 -1.2177881949301672e-01 0.0000000000000000e+00 1
-6.1571852406574742e-02 -1.1682994817112993e-01 0.0000000000000000e+00 1
-5.5333035181794180e-02 -1.1244606145237351e-01 0.0000000000000000e+00 1
-4.9090906155190794e-02 -1.0866302090503238e-01 0.0000000000000000e+00 1
-4.2845675980185335e-02 -1.0551668809739152e-01 0.0000000000000000e+00 1
-3.6597555310198468e-02 -1.0304292459773581e-01 0.0000000000000000e+00 1
-3.1742684192768975e-02 -1.0189486487034544e-01 0.0000000000000000e+00 1
-2.6632144378805504e-02 -1.0162324625987607e-01 0.0000000000000000e+00 1
-2.1285031241721982e-02 -1.0217024631349553e-01 0.0000000000000000e+00 1
-1.5720440154932302e-02 -1.0347804257837169e-01 0.0000000000000000e+00 1
-9.9574664918503832e-03 -1.0548881260167242e-01 0.0000000000000000e+00 1
-4.0152056258901322e-03 -1.0814473393056551e-01 0.0000000000000000e+00 1
2.0872470695345417e-03 -1.1138798411221892e-01 0.0000000000000000e+00 1
8.3307962210097293e-03 -1.1516074069380045e-01 0.0000000000000000e+00 1
1.4696346455121512e-02 -1.1940518122247790e-01 0.0000000000000000e+00 1
2.1164802398455990e-02 -1.2406348324541919e-01 0.0000000000000000e+00 1
2.7717068677599262e-02 -1.2907782430979217e-01 0.0000000000000000e+00 1
3.4334049919137383e-02 -1.3439038196276465e-01 0.0000000000000000e+00 1
4.0996650749656499e-02 -1.3994333375150456e-01 0.0000000000000000e+00 1
4.7685775795742624e-02 -1.4567885722317966e-01 0.0000000000000000e+00 1
5.4382329683981920e-02 -1.5153912992495785e-01 0.0000000000000000e+00 1
6.1067217040960450e-02 -1.5746632940400704e-01 0.0000000000000000e+00 1
6.7721342493264294e-02 -1.6340263320749496e-01 0.0000000000000000e+00 1
7.4325610667479558e-02 -1.6929021888258958e-01 0.0000000000000000e+00 1
8.0860926190192320e-02 -1.7507126397645870e-01 0.0000000000000000e+00 1
8.7308193687988672e-02 -1.8068794603627014e-01 0.0000000000000000e+00 1
9.3648317787454721e-02 -1.8608244260919185e-01 0.0000000000000000e+00 1
9.9862203115176532e-02 -1.9119693124239159e-01 0.0000000000000000e+00 1
1.0593075429774020e-01 -1.9597358948303725e-01 0.0000000000000000e+00 1
1.1183487596173182e-01 -2.0035459487829668e-01 0.0000000000000000e+00 1
1.1755547273373750e-01 -2.0428212497533776e-01 0.0000000000000000e+00 1
1.2307344924034329e-01 -2.0769835732132833e-01 0.0000000000000000e+00 1
1.2836971010813530e-01 -2.1054546946343619e-01 0.0000000000000000e+00 1
1.3342515996369966e-01 -2.1276563894882930e-01 0.0000000000000000e+00 1
1.3822070343362239e-01 -2.1430104332467539e-01 0.0000000000000000e+00 1
1.4273724514448963e-01 -2.1509386013814244e-01 0.0000000000000000e+00 1
1.4695568972288744e-01 -2.1508626693639821e-01 0.0000000000000000e+00 1
1.5085694179540193e-01 -2.1422044126661058e-01 0.0000000000000000e+00 1
1.5442190598861921e-01 -2.1243856067594744e-01 0.0000000000000000e+00 1
1.5763148692912532e-01 -2.0968280271157658e-01 0.0000000000000000e+00 1
1.6046658924350635e-01 -2.0589534492066588e-01 0.0000000000000000e+00 1
1.6519591703914149e-01 -1.9809941786062693e-01 0.0000000000000000e+00 1
1.7010768573533491e-01 -1.8988752218552174e-01 0.0000000000000000e+00 1
1.7518865197136330e-01 -1.8127557824221555e-01 0.0000000000000000e+00 1
1.8042557238650320e-01 -1.7227950637757355e-01 0.0000000000000000e+00 1
1.8580520362003111e-01 -1.6291522693846092e-01 0.0000000000000000e+00 1
1.9131430231122365e-01 -1.5319866027174284e-01 0.0000000000000000e+00 1
1.9693962509935731e-01 -1.4314572672428452e-01 0.0000000000000000e+00 1
2.0266792862370878e-01 -1.3277234664295121e-01 0.0000000000000000e+00 1
2.0848596952355464e-01 -1.2209444037460807e-01 0.0000000000000000e+00 1
2.1438050443817136e-01 -1.1112792826612025e-01 0.0000000000000000e+00 1
2.2033829000683552e-01 -9.9888730664353012e-02 0.0000000000000000e+00 1
2.2634608286882368e-01 -8.8392767916171539e-02 0.0000000000000000e+00 1
2.3239063966341247e-01 -7.6655960368441023e-02 0.0000000000000000e+00 1
2.3845871702987850e-01 -6.4694228368026657e-02 0.0000000000000000e+00 1
2.4453707160749819e-01 -5.2523492261793626e-02 0.0000000000000000e+00 1
2.5061246003554821e-01 -4.0159672396607178e-02 0.0000000000000000e+00 1
2.5667163895330514e-01 -2.7618689119332483e-02 0.0000000000000000e+00 1
2.6270136500004554e-01 -1.4916462776834755e-02 0.0000000000000000e+00 1
2.6868839481504603e-01 -2.0689137159791357e-03 0.0000000000000000e+00 1
2.7461948503758304e-01 1.0908037716369154e-02 0.0000000000000000e+00 1
2.8048139230693325e-01 2.3998471173344839e-02 0.0000000000000000e+00 1
2.8626087326237321e-01 3.7186466308082859e-02 0.0000000000000000e+00 1
2.9194468454317946e-01 5.0456102773717919e-02 0.0000000000000000e+00 1
2.9751958278862844e-01 6.3791460223384777e-02 0.0000000000000000e+00 1
3.0297232463799700e-01 7.7176618310218409e-02 0.0000000000000000e+00 1
3.0828966673056157e-01 9.0595656687353476e-02 0.0000000000000000e+00 1
3.1345836570559871e-01 1.0403265500792486e-01 0.0000000000000000e+00 1
3.1846517820238501e-01 1.1747169292506715e-01 0.0000000000000000e+00 1
3.2329686086019704e-01 1.3089685009191546e-01 0.0000000000000000e+00 1
3.2794017031831141e-01 1.4429220616160446e-01 0.0000000000000000e+00 1
3.3238186321600460e-01 1.5764184078726884e-01 0.0000000000000000e+00 1
3.3660869619255324e-01 1.7092983362204359e-01 0.0000000000000000e+00 1
3.4060742588723381e-01 1.8414026431906338e-01 0.0000000000000000e+00 1
3.4436480893932303e-01 1.9725721253146308e-01 0.0000000000000000e+00 1
3.4786760198809746e-01 2.1026475791237756e-01 0.0000000000000000e+00 1
3.5110256167283344e-01 2.2314698011494125e-01 0.0000000000000000e+00 1
3.5405644463280778e-01 2.3588795879228944e-01 0.0000000000000000e+00 1
3.5671600750729698e-01 2.4847177359755676e-01 0.0000000000000000e+00 1
3.5906800693557761e-01 2.6088250418387798e-01 0.0000000000000000e+00 1
3.6109919955692626e-01 2.7310423020438784e-01 0.0000000000000000e+00 1
3.6279634201061944e-01 2.8512103131222116e-01 0.0000000000000000e+00 1
3.6414619093593376e-01 2.9691698716051279e-01 0.0000000000000000e+00 1
3.6513550297214575e-01 3.0847617740239758e-01 0.0000000000000000e+00 1
3.6575103475853210e-01 3.1978268169101026e-01 0.0000000000000000e+00 1
3.6597954293436918e-01 3.3082057967948569e-01 0.0000000000000000e+00 1
3.6580778413893378e-01 3.4157395102095855e-01 0.0000000000000000e+00 1
3.6522251501150227e-01 3.5202687536856375e-01 0.0000000000000000e+00 1
3.6421049219135138e-01 3.6216343237543608e-01 0.0000000000000000e+00 1
3.6275847231775754e-01 3.7196770169471033e-01 0.0000000000000000e+00 1
3.6085321202999743e-01 3.8142376297952135e-01 0.0000000000000000e+00 1
3.5848146796734759e-01 3.9051569588300378e-01 0.0000000000000000e+00 1
3.5562999676908458e-01 3.9922758005829267e-01 0.0000000000000000e+00 1
3.5228555507448500e-01 4.0754349515852262e-01 0.0000000000000000e+00 1
3.4843489952282536e-01 4.1544752083682851e-01 0.0000000000000000e+00 1
3.4406478675338226e-01 4.2292373674634509e-01 0.0000000000000000e+00 1
3.3916197340543230e-01 4.2995622254020721e-01 0.0000000000000000e+00 1
3.3371321611825194e-01 4.3652905787154972e-01 0.0000000000000000e+00 1
3.2770527153111795e-01 4.4262632239350735e-01 0.0000000000000000e+00 1
3.2112489628330665e-01 4.4823209575921485e-01 0.0000000000000000e+00 1
3.1395884701409482e-01 4.5333045762180724e-01 0.0000000000000000e+00 1
3.0619388036275896e-01 4.5790548763441902e-01 0.0000000000000000e+00 1
2.9796250758196757e-01 4.6187524344073655e-01 0.0000000000000000e+00 1
2.8960490595106453e-01 4.6507745778200654e-01 0.0000000000000000e+00 1
2.8112698497089833e-01 4.6753181034096786e-01 0.0000000000000000e+00 1
2.7253465414231781e-01 4.6925798080035880e-01 0.0000000000000000e+00 1
2.6383382296617175e-01 4.7027564884291800e-01 0.0000000000000000e+00 1
2.5503040094330881e-01 4.7060449415138422e-01 0.0000000000000000e+00 1
2.4613029757457791e-01 4.7026419640849620e-01 0.0000000000000000e+00 1
2.3713942236082761e-01 4.6927443529699225e-01 0.0000000000000000e+00 1
2.2806368480290665e-01 4.6765489049961123e-01 0.0000000000000000e+00 1
2.1890899440166392e-01 4.6542524169909144e-01 0.0000000000000000e+00 1
2.0968126065794790e-01 4.6260516857817152e-01 0.0000000000000000e+00 1
2.0038639307260753e-01 4.5921435081959033e-01 0.0000000000000000e+00 1
1.9103030114649155e-01 4.5527246810608635e-01 0.0000000000000000e+00 1
1.8161889438044868e-01 4.5079920012039815e-01 0.0000000000000000e+00 1
1.7215808227532758e-01 4.4581422654526426e-01 0.0000000000000000e+00 1
1.6265377433197703e-01 4.4033722706342343e-01 0.0000000000000000e+00 1
1.5311188005124576e-01 4.3438788135761414e-01 0.0000000000000000e+00 1
1.4353830893398259e-01 4.2798586911057501e-01 0.0000000000000000e+00 1
1.3393897048103615e-01 4.2115087000504464e-01 0.0000000000000000e+00 1
1.2431977419325520e-01 4.1390256372376166e-01 0.0000000000000000e+00 1
1.1468662957148852e-01 4.0626062994946466e-01 0.0000000000000000e+00 1
1.0504544611658474e-01 3.9824474836489215e-01 0.0000000000000000e+00 1
9.5402133329392805e-02 3.8987459865278284e-01 0.0000000000000000e+00 1
8.5762600710761264e-02 3.8116986049587526e-01 0.0000000000000000e+00 1
7.6132757761538994e-02 3.7215021357690825e-01 0.0000000000000000e+00 1
6.6518513982574620e-02 3.6283533757862008e-01 0.0000000000000000e+00 1
5.6925778874716920e-02 3.5324491218374948e-01 0.0000000000000000e+00 1
4.7360461938814657e-02 3.4339861707503511e-01 0.0000000000000000e+00 1
3.7828472675716540e-02 3.3331613193521548e-01 0.0000000000000000e+00 1
2.8335720586271335e-02 3.2301713644702934e-01 0.0000000000000000e+00 1
1.8888115171327758e-02 3.1252131029321506e-01 0.0000000000000000e+00 1
9.4915659317345580e-03 3.0184833315651138e-01 0.0000000000000000e+00 1
1.5198236834046419e-04 2.9101788471965684e-01 0.0000000000000000e+00 1
-9.1247260180058014e-03 2.8004964466539012e-01 0.0000000000000000e+00 1
-1.8332649726455454e-02 2.6896329267644981e-01 0.0000000000000000e+00 1
-2.7465879256159769e-02 2.5777850843557443e-01 0.0000000000000000e+00 1
-3.6518505106270097e-02 2.4651497162550254e-01 0.0000000000000000e+00 1
-4.5484617775937541e-02 2.3519236192897300e-01 0.0000000000000000e+00 1
-5.4358307764313482e-02 2.2383035902872409e-01 0.0000000000000000e+00 1
-6.3133665570549113e-02 2.1244864260749466e-01 0.0000000000000000e+00 1
-7.1804781693795741e-02 2.0106689234802319e-01 0.0000000000000000e+00 1
-8.0365746633204616e-02 1.8970478793304829e-01 0.0000000000000000e+00 1
-8.8810650887926987e-02 1.7838200904530851e-01 0.0000000000000000e+00 1
-9.7133584957114202e-02 1.6711823536754247e-01 0.0000000000000000e+00 1
-1.0532863933991736e-01 1.5593314658248891e-01 0.0000000000000000e+00 1
-1.1338990453548783e-01 1.4484642237288628e-01 0.0000000000000000e+00 1
-1.2131147104297683e-01 1.3387774242147324e-01 0.0000000000000000e+00 1
-1.2908742936153564e-01 1.2304678641098840e-01 0.0000000000000000e+00 1
-1.3671186999031554e-01 1.1237323402417029e-01 0.0000000000000000e+00 1
-1.4417888342846777e-01 1.0187676494375758e-01 0.0000000000000000e+00 1
-1.5148256017514361e-01 9.1577058852488874e-02 0.0000000000000000e+00 1
-1.5861699072949428e-01 8.1493795433102673e-02 0.0000000000000000e+00 1
-1.6557626559067112e-01 7.1646654368337642e-02 0.0000000000000000e+00 1
-1.7235447525782532e-01 6.2055315340932428e-02 0.0000000000000000e+00 1
-1.7894571023010816e-01 5.2739458033625598e-02 0.0000000000000000e+00 1
-1.8534406100667086e-01 4.3718762129155715e-02 0.0000000000000000e+00 1
-1.9154361808666481e-01 3.5012907310261444e-02 0.0000000000000000e+00 1
-1.9753847196924113e-01 2.6641573259681341e-02 0.0000000000000000e+00 1
-2.0332271315355116e-01 1.8624439660153987e-02 0.0000000000000000e+00 1
-2.0889043213874617e-01 1.0981186194417979e-02 0.0000000000000000e+00 1
-2.1423571942397734e-01 3.7314925452119896e-03 0.0000000000000000e+00 1
-2.1935266550839602e-01 -3.1049616047254189e-03 0.0000000000000000e+00 1
-2.2310538535569882e-01 -8.1737272683675560e-03 0.0000000000000000e+00 1
-2.2705299859947597e-01 -1.3698750926508435e-02 0.0000000000000000e+00 1
-2.3117733193808454e-01 -1.9657639395112680e-02 0.0000000000000000e+00 1
-2.3546021206988194e-01 -2.6027999490144910e-02 0.0000000000000000e+00 1
-2.3988346569322519e-01 -3.2787438027569740e-02 0.0000000000000000e+00 1
-2.4442891950647164e-01 -3.9913561823351790e-02 0.0000000000000000e+00 1
-2.4907840020797839e-01 -4.7383977693455689e-02 0.0000000000000000e+00 1
-2.5381373449610267e-01 -5.5176292453846032e-02 0.0000000000000000e+00 1
-2.5861674906920168e-01 -6.3268112920487452e-02 0.0000000000000000e+00 1
-2.6346927062563275e-01 -7.1637045909344610e-02 0.0000000000000000e+00 1
-2.6835312586375287e-01 -8.0260698236382058e-02 0.0000000000000000e+00 1
-2.7325014148191923e-01 -8.9116676717564430e-02 0.0000000000000000e+00 1
-2.7814214417848937e-01 -9.8182588168856388e-02 0.0000000000000000e+00 1
-2.8301096065182008e-01 -1.0743603940622254e-01 0.0000000000000000e+00 1
-2.8783841760026874e-01 -1.1685463724562745e-01 0.0000000000000000e+00 1
-2.9260634172219263e-01 -1.2641598850303579e-01 0.0000000000000000e+00 1
-2.9729655971594887e-01 -1.3609769999441218e-01 0.0000000000000000e+00 1
-3.0189089827989463e-01 -1.4587737853572119e-01 0.0000000000000000e+00 1
-3.0637118411238717e-01 -1.5573263094292752e-01 0.0000000000000000e+00 1
-3.1071924391178374e-01 -1.6564106403199574e-01 0.0000000000000000e+00 1
-3.1491690437644138e-01 -1.7558028461889047e-01 0.0000000000000000e+00 1
-3.1894599220471753e-01 -1.8552789951957638e-01 0.0000000000000000e+00 1
-3.2278833409496910e-01 -1.9546151555001798e-01 0.0000000000000000e+00 1
-3.2642575674555357e-01 -2.0535873952617997e-01 0.0000000000000000e+00 1
-3.2984008685482791e-01 -2.1519717826402696e-01 0.0000000000000000e+00 1
-3.3301315112114949e-01 -2.2495443857952355e-01 0.0000000000000000e+00 1
-3.3592677624287542e-01 -2.3460812728863437e-01 0.0000000000000000e+00 1
-3.3856278891836289e-01 -2.4413585120732412e-01 0.0000000000000000e+00 1
-3.4090301584596927e-01 -2.5351521715155723e-01 0.0000000000000000e+00 1
-3.4292928372405157e-01 -2.6272383193729848e-01 0.0000000000000000e+00 1
-3.4462341925096712e-01 -2.7173930238051247e-01 0.0000000000000000e+00 1
-3.4596724912507293e-01 -2.8053923529716374e-01 0.0000000000000000e+00 1
-3.4694260004472649e-01 -2.8910123750321703e-01 0.0000000000000000e+00 1
-3.4753129870828475e-01 -2.9740291581463679e-01 0.0000000000000000e+00 1
-3.4771517181410505e-01 -3.0542187704738782e-01 0.0000000000000000e+00 1
-3.4747604606054450e-01 -3.1313572801743467e-01 0.0000000000000000e+00 1
-3.4679574814596043e-01 -3.2052207554074191e-01 0.0000000000000000e+00 1
-3.4565610476871000e-01 -3.2755852643327427e-01 0.0000000000000000e+00 1
-3.4403894262715029e-01 -3.3422268751099621e-01 0.0000000000000000e+00 1
-3.4192608841963862e-01 -3.4049216558987250e-01 0.0000000000000000e+00 1
-3.3929936884453227e-01 -3.4634456748586767e-01 0.0000000000000000e+00 1
-3.3614061060018818e-01 -3.5175750001494638e-01 0.0000000000000000e+00 1
-3.3243164038496381e-01 -3.5670856999307327e-01 0.0000000000000000e+00 1
-3.2815428489721621e-01 -3.6117538423621287e-01 0.0000000000000000e+00 1
-3.2329037083530265e-01 -3.6513554956032984e-01 0.0000000000000000e+00 1
1.6289922985946246e-03 -1.0452412475407810e-01 0.0000000000000000e+00 1
-2.3515582063648927e-02 -9.7472887259092048e-02 0.0000000000000000e+00 1
2.8074013499448276e-02 -1.2120826640270535e-01 0.0000000000000000e+00 1
2.5494507664613020e-01 -3.5615845553546373e-03 0.0000000000000000e+00 1
-7.4459391667390476e-02 1.7600375282802955e-01 0.0000000000000000e+00 1
-2.1626740331195116e-01 -8.7363561920997847e-03 0.0000000000000000e+00 1
-3.3025850389903112e-02 2.3413001892724261e-01 0.0000000000000000e+00 1
-1.1610169718255861e-01 1.2160353301193497e-01 0.0000000000000000e+00 1
-6.8622525902477402e-02 -1.1446579111114061e-01 0.0000000000000000e+00 1
1.2557764211838792e-02 2.8930916395224138e-01 0.0000000000000000e+00 1
2.8297107677123523e-01 6.1556158163935892e-02 0.0000000000000000e+00 1
6.0619643664214976e-02 3.4008713113762457e-01 0.0000000000000000e+00 1
3.1846274417663800e-01 1.5432349327903577e-01 0.0000000000000000e+00 1
1.1674099913123043e-01 3.9398375924399637e-01 0.0000000000000000e+00 1
1.7265708583413034e-01 4.3416428197542706e-01 0.0000000000000000e+00 1
2.2592580765773287e-01 -6.5711547264279135e-02 0.0000000000000000e+00 1
2.4340149738119443e-01 4.6240875651432356e-01 0.0000000000000000e+00 1
3.5303301900698175e-01 2.9177653765895384e-01 0.0000000000000000e+00 1
-1.6103003512683292e-01 5.9865451990128923e-02 0.0000000000000000e+00 1
-4.1876672217667728e-02 -9.9684651021368281e-02 0.0000000000000000e+00 1
3.5448930954731384e-01 3.5738018468125221e-01 0.0000000000000000e+00 1
3.3914419499792320e-01 2.1955726344688825e-01 0.0000000000000000e+00 1
5.6966142184643395e-02 -1.4381869728013519e-01 0.0000000000000000e+00 1
-9.5214087347051460e-02 -1.3809827446263945e-01 0.0000000000000000e+00 1
-1.9266840029894747e-01 1.7042706499746096e-02 0.0000000000000000e+00 1
-2.3580213072203371e-01 -3.9298063721826419e-02 0.0000000000000000e+00 1
3.3120487902068385e-01 4.2891063519435646e-01 0.0000000000000000e+00 1
-2.5436747992495734e-01 -7.0996318281568715e-02 0.0000000000000000e+00 1
2.0201647417438573e-01 -1.1148404040446386e-01 0.0000000000000000e+00 1
-1.2149356698022985e-01 -1.6803796766248993e-01 0.0000000000000000e+00 1
-2.7648083519679467e-01 -1.1568538394255044e-01 0.0000000000000000e+00 1
-3.3763549941937193e-01 -3.3555544792783082e-01 0.0000000000000000e+00 1
-2.4843356696998989e-01 -3.4166331032326913e-01 0.0000000000000000e+00 1
8.2788857612701369e-02 -1.6686466094924662e-01 0.0000000000000000e+00 1
-2.9546970117893712e-01 -1.5452923238205490e-01 0.0000000000000000e+00 1
-3.3683421684620762e-01 -2.6909880718168749e-01 0.0000000000000000e+00 1
-1.4688774501908655e-01 -2.0239198551976195e-01 0.0000000000000000e+00 1
-3.1300330506742452e-01 -1.9420592707257778e-01 0.0000000000000000e+00 1
-3.2717511702843505e-01 -2.3167304206426470e-01 0.0000000000000000e+00 1
2.9052483084380554e-01 4.5578308158117437e-01 0.0000000000000000e+00 1
-1.7172416754044556e-01 -2.3873807739945632e-01 0.0000000000000000e+00 1
-2.1951284195690557e-01 -3.0783894725833760e-01 0.0000000000000000e+00 1
-1.9588230607283316e-01 -2.7455609740137699e-01 0.0000000000000000e+00 1
-2.7523764336503087e-01 -3.6355618836005404e-01 0.0000000000000000e+00 1
-3.4081000138274870e-01 -3.0156862246048771e-01 0.0000000000000000e+00 1
1.8070578305101184e-01 -1.5416289050073545e-01 0.0000000000000000e+00 1
2.0641380732604345e-01 4.5316172414245992e-01 0.0000000000000000e+00 1
3.4995584064597979e-01 3.9207324564356938e-01 0.0000000000000000e+00 1
-1.3900785546647715e-01 9.0470484469869258e-02 0.0000000000000000e+00 1
-3.1698142008286606e-01 -3.6144791749662686e-01 0.0000000000000000e+00 1
1.0681787012274251e-01 -1.8764875192054958e-01 0.0000000000000000e+00 1
2.9827202062187669e-01 1.0087449832211889e-01 0.0000000000000000e+00 1
8.8697930250197954e-02 3.6838546700578589e-01 0.0000000000000000e+00 1
3.4774774810477072e-01 2.5513646614998964e-01 0.0000000000000000e+00 1
1.4608947305601264e-01 4.1652194772174245e-01 0.0000000000000000e+00 1
1.3693971442469260e-01 -2.1043036498074566e-01 0.0000000000000000e+00 1
3.5597134143084430e-01 3.2530519674312453e-01 0.0000000000000000e+00 1
1.6562373201197328e-01 -1.8131684732438313e-01 0.0000000000000000e+00 1
1.2391090041993011e-01 -2.0289583857995885e-01 0.0000000000000000e+00 1
-2.9686936631272193e-01 -3.6932111436769871e-01 0.0000000000000000e+00 1
2.6754639714442102e-01 4.6251285948472753e-01 0.0000000000000000e+00 1
3.1328515478517843e-01 4.4561508983300852e-01 0.0000000000000000e+00 1
-1.1360849666525952e-02 -9.9654009171258467e-02 0.0000000000000000e+00 1
-5.5404325320848921e-02 -1.0546555166757218e-01 0.0000000000000000e+00 1
-3.2999897134397954e-01 -3.5102142072356801e-01 0.0000000000000000e+00 1
-8.3141927233162882e-02 -1.2554968509398995e-01 0.0000000000000000e+00 1
1.4947832074941859e-02 -1.1175429173386504e-01 0.0000000000000000e+00 1
1.5804452517915873e-01 -1.9817972489512059e-01 0.0000000000000000e+00 1
-1.0850021930271243e-01 -1.5231806251451391e-01 0.0000000000000000e+00 1
-1.8108651719221244e-01 3.4224084358615445e-02 0.0000000000000000e+00 1
4.2422358722184778e-02 -1.3145925418235940e-01 0.0000000000000000e+00 1
-2.0560463057715933e-01 3.1949228106102441e-03 0.0000000000000000e+00 1
-1.3422286130812064e-01 -1.8487159371969847e-01 0.0000000000000000e+00 1
1.8946594085463422e-01 -1.3373135191144031e-01 0.0000000000000000e+00 1
-1.0037397945670437e-01 1.4368998705857361e-01 0.0000000000000000e+00 1
-2.4436993313334726e-01 -5.5516445156887695e-02 0.0000000000000000e+00 1
2.1345960143189338e-01 -8.9522856859742483e-02 0.0000000000000000e+00 1
-1.5917705763763512e-01 -2.2066602171245336e-01 0.0000000000000000e+00 1
2.3724979471682719e-01 -4.0943251482027293e-02 0.0000000000000000e+00 1
6.9515196405123908e-02 -1.5469434015595052e-01 0.0000000000000000e+00 1
-5.9108619202291247e-02 1.9929126912144804e-01 0.0000000000000000e+00 1
-2.6321139289932749e-01 -8.8885798806059471e-02 0.0000000000000000e+00 1
-1.8387853817108460e-01 -2.5680619642310520e-01 0.0000000000000000e+00 1
-2.2769361185919523e-01 -2.6914258629024215e-02 0.0000000000000000e+00 1
2.6635890381639632e-01 2.1888275522968313e-02 0.0000000000000000e+00 1
-1.4070456579877988e-02 2.5417881399906050e-01 0.0000000000000000e+00 1
-2.0743566149697085e-01 -2.9176975117782000e-01 0.0000000000000000e+00 1
9.5252777052590581e-02 -1.7951584668683712e-01 0.0000000000000000e+00 1
3.0913901452729309e-01 1.2925606906187215e-01 0.0000000000000000e+00 1
4.3005408557598948e-02 3.1859443835017420e-01 0.0000000000000000e+00 1
-2.8659557855442008e-01 -1.3530477131359028e-01 0.0000000000000000e+00 1
3.3075494180232917e-01 1.9260990127804253e-01 0.0000000000000000e+00 1
-3.0430400680048786e-01 -1.7379198239997923e-01 0.0000000000000000e+00 1
-3.1967550726835486e-01 -2.1321301859838546e-01 0.0000000000000000e+00 1
-2.3087356359408578e-01 -3.2248238784976629e-01 0.0000000000000000e+00 1
-3.3174488462427087e-01 -2.4964476798471119e-01 0.0000000000000000e+00 1
-3.3916686734578166e-01 -2.8565046432580760e-01 0.0000000000000000e+00 1
1.9101725563642313e-01 4.4652443674064679e-01 0.0000000000000000e+00 1
1.4787144967329630e-01 -2.1112927103271439e-01 0.0000000000000000e+00 1
-2.5932893904192555e-01 -3.5256318078599369e-01 0.0000000000000000e+00 1
-3.4036726595004529e-01 -3.1602604829968522e-01 0.0000000000000000e+00 1
3.5252823849715276e-01 3.7543206608936774e-01 0.0000000000000000e+00 1
2.2546722936802882e-01 4.5844774994374948e-01 0.0000000000000000e+00 1
3.4350505385119534e-01 4.0791884103596471e-01 0.0000000000000000e+00 1
-2.8637311309884111e-01 -3.6787780320171271e-01 0.0000000000000000e+00 1
-3.0775976871028987e-01 -3.6736053543485153e-01 0.0000000000000000e+00 1
1.5370920344452685e-01 -2.0836153993139936e-01 0.0000000000000000e+00 1
1.4947064558036954e-01 -2.0587685348612561e-01 0.0000000000000000e+00 1
-3.5382229874014612e-02 -9.7378034958022025e-02 0.0000000000000000e+00 1
-4.0559780126106976e-02 -9.3983206305699341e-02 0.0000000000000000e+00 1
-3.5485737230789072e-02 -9.1804308181249183e-02 0.0000000000000000e+00 1
-4.0033683628822328e-02 -8.8263011026362262e-02 0.0000000000000000e+00 1
-3.4478838250255786e-02 -8.6012228179657202e-02 0.0000000000000000e+00 1
-3.9235168295123510e-02 -8.2230355045162212e-02 0.0000000000000000e+00 1
-3.3400518738963138e-02 -7.9928970027280999e-02 0.0000000000000000e+00 1
-3.8669699357093974e-02 -7.5672921041144203e-02 0.0000000000000000e+00 1
-3.2353309765295192e-02 -7.3628594345665724e-02 0.0000000000000000e+00 1
-3.7773464490896372e-02 -6.8932515904775005e-02 0.0000000000000000e+00 1
-3.1305833959111136e-02 -6.6767969595314405e-02 0.0000000000000000e+00 1
-3.6618065170023452e-02 -6.2245549991267010e-02 0.0000000000000000e+00 1
-2.9972277912496809e-02 -5.9801820785354967e-02 0.0000000000000000e+00 1
-3.5584169313864343e-02 -5.5349609583006699e-02 0.0000000000000000e+00 1
-2.8723039260922418e-02 -5.2598511926126648e-02 0.0000000000000000e+00 1
-4.2256875685170808e-02 -5.7281912901417806e-02 0.0000000000000000e+00 1
-3.4466983723312902e-02 -4.7914412974005019e-02 0.0000000000000000e+00 1
-2.7467232995881552e-02 -4.5131014229135451e-02 0.0000000000000000e+00 1
-3.3477654021000447e-02 -4.0311562313599662e-02 0.0000000000000000e+00 1
-2.6185526012304536e-02 -3.7411338485216973e-02 0.0000000000000000e+00 1
-3.2386060222485774e-02 -3.2417358881581426e-02 0.0000000000000000e+00 1
-2.4875181854684587e-02 -2.9468487302155361e-02 0.0000000000000000e+00 1
-1.8582629058399500e-02 -3.4619665461278544e-02 0.0000000000000000e+00 1
-1.7180219029998691e-02 -2.6459199774854017e-02 0.0000000000000000e+00 1
-1.0636112987150637e-02 -3.1819844229597313e-02 0.0000000000000000e+00 1
-9.2370421800504164e-03 -2.3379021464464744e-02 0.0000000000000000e+00 1
-2.5238924413144171e-03 -2.8892819577809932e-02 0.0000000000000000e+00 1
-1.0635573694428176e-03 -2.0220545258747911e-02 0.0000000000000000e+00 1
5.8326473933683733e-03 -2.5876662568970511e-02 0.0000000000000000e+00 1
7.3138986500444073e-03 -1.6987831197907234e-02 0.0000000000000000e+00 1
1.4359891573648609e-02 -2.2779380634410221e-02 0.0000000000000000e+00 1
1.5871403055458675e-02 -1.3703686320930665e-02 0.0000000000000000e+00 1
2.2983796318091408e-02 -1.9595966155004221e-02 0.0000000000000000e+00 1
2.4567498773361344e-02 -1.0358144564835961e-02 0.0000000000000000e+00 1
3.1940108679030202e-02 -1.6443355506858867e-02 0.0000000000000000e+00 1
3.3508408614475516e-02 -6.9534023301647350e-03 0.0000000000000000e+00 1
2.6015961078619955e-02 -8.3237869823523021e-04 0.0000000000000000e+00 1
3.5153097552276358e-02 2.6841129917161560e-03 0.0000000000000000e+00 1
2.7337623274046853e-02 8.9941689147526628e-03 0.0000000000000000e+00 1
3.6815411426504546e-02 1.2512568495469547e-02 0.0000000000000000e+00 1
4.0951530923890228e-02 -1.3083786710421534e-02 0.0000000000000000e+00 1
-3.1245349756827932e-02 -2.4324524257953319e-02 0.0000000000000000e+00 1
-3.8893942073648005e-02 -2.7387049368207406e-02 0.0000000000000000e+00 1
2.8789099348778956e-02 1.9057342231899838e-02 0.0000000000000000e+00 1
3.8552969396495530e-02 2.2740414414035466e-02 0.0000000000000000e+00 1
-3.7752311268415259e-02 -1.9116280601912138e-02 0.0000000000000000e+00 1
-4.5605854062201363e-02 -2.2222227285875862e-02 0.0000000000000000e+00 1
3.0439746116330650e-02 2.9328718145060079e-02 0.0000000000000000e+00 1
4.0340785556927071e-02 3.3173998654926290e-02 0.0000000000000000e+00 1
4.8565856450195247e-02 2.6314251074617125e-02 0.0000000000000000e+00 1
5.0416026178930297e-02 3.6995764984211865e-02 0.0000000000000000e+00 1
5.8835081669424055e-02 2.9901410458287321e-02 0.0000000000000000e+00 1
6.0716820764397064e-02 4.0883477445390309e-02 0.0000000000000000e+00 1
5.2138650263063281e-02 4.7937638630838983e-02 0.0000000000000000e+00 1
6.2606756888756554e-02 5.1924024922382489e-02 0.0000000000000000e+00 1
6.9237248621186631e-02 3.3828647908842935e-02 0.0000000000000000e+00 1
-4.4340571967091930e-02 -1.3987538060566178e-02 0.0000000000000000e+00 1
-5.2306046835199765e-02 -1.6854478306996688e-02 0.0000000000000000e+00 1
5.3864064999898729e-02 5.9029855199047396e-02 0.0000000000000000e+00 1
6.4504025836726681e-02 6.3118906194127883e-02 0.0000000000000000e+00 1
5.5490910218737477e-02 7.0482387760635007e-02 0.0000000000000000e+00 1
6.6457726340093989e-02 7.4613957237852080e-02 0.0000000000000000e+00 1
-5.0529802906497175e-02 -8.6572265504308594e-03 0.0000000000000000e+00 1
-5.9356964377232015e-02 -1.1638572806940766e-02 0.0000000000000000e+00 1
5.7358954118368645e-02 8.2055629891146800e-02 0.0000000000000000e+00 1
6.8563140533164035e-02 8.6026743549328377e-02 0.0000000000000000e+00 1
7.7653349510632116e-02 7.8667726636533569e-02 0.0000000000000000e+00 1
7.9829434829021162e-02 9.0240939744260174e-02 0.0000000000000000e+00 1
8.9045826612078327e-02 8.2763974838156451e-02 0.0000000000000000e+00 1
9.1134712856218575e-02 9.4753372202276781e-02 0.0000000000000000e+00 1
8.2843155320785969e-02 1.0243354757149528e-01 0.0000000000000000e+00 1
9.3595882206956013e-02 1.0686728417094098e-01 0.0000000000000000e+00 1
1.0294728005376115e-01 9.9097747945946682e-02 0.0000000000000000e+00 1
1.0491801028952102e-01 1.1131581742329710e-01 0.0000000000000000e+00 1
9.5179256108894023e-02 1.1918962475505432e-01 0.0000000000000000e+00 1
1.0687971518877272e-01 1.2361627901932778e-01 0.0000000000000000e+00 1
1.1659832109635494e-01 1.1565864068957471e-01 0.0000000000000000e+00 1
1.1869615499129722e-01 1.2807823246060959e-01 0.0000000000000000e+00 1
1.0890567587603774e-01 1.3612163183167469e-01 0.0000000000000000e+00 1
1.2080786883004370e-01 1.4061868485345319e-01 0.0000000000000000e+00 1
1.1092828355565082e-01 1.4870813018109272e-01 0.0000000000000000e+00 1
1.2290973439597171e-01 1.5324120840506733e-01 0.0000000000000000e+00 1
-5.7421891541288891e-02 -2.9233287701791863e-03 0.0000000000000000e+00 1
-6.6191762017601838e-02 -5.9599336249026511e-03 0.0000000000000000e+00 1
1.3282243235474039e-01 1.4508773476387354e-01 0.0000000000000000e+00 1
1.3495362809187389e-01 1.5778207744185757e-01 0.0000000000000000e+00 1
1.2497125887050059e-01 1.6595499268039687e-01 0.0000000000000000e+00 1
1.3706496709771926e-01 1.7054220461895014e-01 0.0000000000000000e+00 1
1.2702877470295529e-01 1.7874891373846702e-01 0.0000000000000000e+00 1
1.3917539676815241e-01 1.8334778320145600e-01 0.0000000000000000e+00 1
1.4920141621108912e-01 1.7511516783811354e-01 0.0000000000000000e+00 1
1.5132907791801053e-01 1.8793823351449912e-01 0.0000000000000000e+00 1
4.6277683443555262e-02 7.7849788163025513e-02 0.0000000000000000e+00 1
1.4130778938665989e-01 1.9609043462479114e-01 0.0000000000000000e+00 1
1.5343873502142291e-01 2.0075280148213942e-01 0.0000000000000000e+00 1
1.6349145395320397e-01 1.9253187574316311e-01 0.0000000000000000e+00 1
1.6557241278396231e-01 2.0537061731617245e-01 0.0000000000000000e+00 1
1.5552127853124295e-01 2.1357279257758893e-01 0.0000000000000000e+00 1
1.6763335650776473e-01 2.1819228635110249e-01 0.0000000000000000e+00 1
1.5758708661971321e-01 2.2637484702256599e-01 0.0000000000000000e+00 1
1.6970693098652273e-01 2.3097827115968517e-01 0.0000000000000000e+00 1
3.9345357544093448e-02 -2.2661673700762497e-02 0.0000000000000000e+00 1
4.8316869333880137e-02 -1.9443438132975794e-02 0.0000000000000000e+00 1
-6.5028093360114253e-02 2.8649927359677011e-03 0.0000000000000000e+00 1
-7.3570598117524352e-02 -5.3473724633883049e-04 0.0000000000000000e+00 1
-7.4590507414365612e-02 -1.0775719844396242e-02 0.0000000000000000e+00 1
1.7972453855226694e-01 2.2281100416031047e-01 0.0000000000000000e+00 1
1.8177073252311279e-01 2.3558214802688343e-01 0.0000000000000000e+00 1
1.7178021700620308e-01 2.4368697286244539e-01 0.0000000000000000e+00 1
1.8376989776112979e-01 2.4828501585862986e-01 0.0000000000000000e+00 1
4.6773453162387971e-02 -2.8966285673496107e-02 0.0000000000000000e+00 1
5.5845438310117596e-02 -2.5728285145062275e-02 0.0000000000000000e+00 1
5.4303509564574984e-02 -3.5319292374165707e-02 0.0000000000000000e+00 1
6.3428123681898374e-02 -3.2097486597223626e-02 0.0000000000000000e+00 1
-8.1960588502910534e-02 -4.4653573085506621e-03 0.0000000000000000e+00 1
-8.3330971907796147e-02 -1.3117033453551030e-02 0.0000000000000000e+00 1
1.7382760940798891e-01 2.5637437560848308e-01 0.0000000000000000e+00 1
1.8577524408952009e-01 2.6090408807449428e-01 0.0000000000000000e+00 1
1.9564152119854464e-01 2.5292348685807597e-01 0.0000000000000000e+00 1
1.9761017350793675e-01 2.6546670590853660e-01 0.0000000000000000e+00 1
1.8781240195190521e-01 2.7341347223265655e-01 0.0000000000000000e+00 1
1.9959565203883489e-01 2.7782961045461224e-01 0.0000000000000000e+00 1
6.1910361118775660e-02 -4.1795811556786105e-02 0.0000000000000000e+00 1
7.1115485499365194e-02 -3.8499132873154852e-02 0.0000000000000000e+00 1
2.0931338480733230e-01 2.7000791302957522e-01 0.0000000000000000e+00 1
2.1123699877461460e-01 2.8228249225630908e-01 0.0000000000000000e+00 1
2.0160324518303491e-01 2.9005773509222721e-01 0.0000000000000000e+00 1
2.1310192008369638e-01 2.9446459601276570e-01 0.0000000000000000e+00 1
-5.5926239285266896e-02 6.1603642198588757e-03 0.0000000000000000e+00 1
-6.3785309488212552e-02 1.2085766527287573e-02 0.0000000000000000e+00 1
-5.4857872949340469e-02 1.5572632531590899e-02 0.0000000000000000e+00 1
6.9590992131138646e-02 -4.8281277844415091e-02 0.0000000000000000e+00 1
7.9069677052743967e-02 -4.4685190837215713e-02 0.0000000000000000e+00 1
7.7299412853667773e-02 -5.4647858478642314e-02 0.0000000000000000e+00 1
8.6916313453631044e-02 -5.1166434779496291e-02 0.0000000000000000e+00 1
8.8716520842401628e-02 -4.1040700871657315e-02 0.0000000000000000e+00 1
9.6341533733268425e-02 -4.7421856202050083e-02 0.0000000000000000e+00 1
9.8551448929928273e-02 -3.7272275913603201e-02 0.0000000000000000e+00 1
9.4339772435066763e-02 -5.8730847669676900e-02 0.0000000000000000e+00 1
-9.0489397801619256e-02 -7.8300788649787560e-03 0.0000000000000000e+00 1
-9.1852017716527359e-02 -1.6751068170896343e-02 0.0000000000000000e+00 1
2.0355648971190515e-01 3.0220224269279639e-01 0.0000000000000000e+00 1
2.1492408518531131e-01 3.0652404426509244e-01 0.0000000000000000e+00 1
2.2437457618434764e-01 2.9896984309568997e-01 0.0000000000000000e+00 1
2.2611153621384289e-01 3.1088390675051109e-01 0.0000000000000000e+00 1
2.1690348546019017e-01 3.1832927970167302e-01 0.0000000000000000e+00 1
2.2800086061401159e-01 3.2251346091881866e-01 0.0000000000000000e+00 1
-6.2583053793244497e-02 2.1648126317191017e-02 0.0000000000000000e+00 1
-5.3263708235132434e-02 2.5271847633634856e-02 0.0000000000000000e+00 1
1.0689065767382497e-01 -4.5394164869739018e-02 0.0000000000000000e+00 1
1.0870219772802733e-01 -3.3616810019494882e-02 0.0000000000000000e+00 1
-9.9033237103539298e-02 -1.1334921925224502e-02 0.0000000000000000e+00 1
-1.0039774632358701e-01 -2.0314470420372408e-02 0.0000000000000000e+00 1
2.3710933374962606e-01 3.1521615441814160e-01 0.0000000000000000e+00 1
2.3885031121598760e-01 3.2672748535305979e-01 0.0000000000000000e+00 1
2.2986874133785321e-01 3.3395365529335336e-01 0.0000000000000000e+00 1
2.4052351353566617e-01 3.3808377670098616e-01 0.0000000000000000e+00 1
4.8143818790172745e-02 8.9557747597448112e-02 0.0000000000000000e+00 1
3.6973966729859094e-02 8.5241523390007679e-02 0.0000000000000000e+00 1
3.8877799378774183e-02 9.6991347029202174e-02 0.0000000000000000e+00 1
2.7596141402584866e-02 9.2731657329932007e-02 0.0000000000000000e+00 1
2.9800131742606973e-02 1.0458095263070413e-01 0.0000000000000000e+00 1
1.8050728313180824e-02 1.0033512811973119e-01 0.0000000000000000e+00 1
-1.0772469391108577e-01 -1.4537481785467835e-02 0.0000000000000000e+00 1
-1.0894913210919879e-01 -2.3763262764523303e-02 0.0000000000000000e+00 1
2.3160992594476021e-01 3.4525994173446556e-01 0.0000000000000000e+00 1
2.4214698492326092e-01 3.4930348658177685e-01 0.0000000000000000e+00 1
-6.1257341313471277e-02 3.1523298041387225e-02 0.0000000000000000e+00 1
2.5103953860289829e-01 3.4220722495684719e-01 0.0000000000000000e+00 1
2.5249371473983434e-01 3.5330950373491798e-01 0.0000000000000000e+00 1
-4.3796699953371487e-02 -7.8346159563353612e-02 0.0000000000000000e+00 1
-1.0167645292284318e-01 -2.9416044390448776e-02 0.0000000000000000e+00 1
-1.1015365371770472e-01 -3.2930937536081180e-02 0.0000000000000000e+00 1
-1.1747672050427463e-01 -2.7365408988174494e-02 0.0000000000000000e+00 1
-1.1860737037568825e-01 -3.6502297180800711e-02 0.0000000000000000e+00 1
-1.2589502655882875e-01 -3.0995785686702169e-02 0.0000000000000000e+00 1
-1.2697427336785244e-01 -4.0068657538730207e-02 0.0000000000000000e+00 1
-1.1974757166058972e-01 -4.5563224786067509e-02 0.0000000000000000e+00 1
-1.2807659987336906e-01 -4.9056680304075249e-02 0.0000000000000000e+00 1
-1.3530036207643067e-01 -4.3677110629283755e-02 0.0000000000000000e+00 1
-1.3635348775031766e-01 -5.2596634072086451e-02 0.0000000000000000e+00 1
-1.4357559228606556e-01 -4.7236151541912338e-02 0.0000000000000000e+00 1
-1.4463966275096873e-01 -5.6102392089536691e-02 0.0000000000000000e+00 1
-1.3780620151431225e-01 -6.1258268489967280e-02 0.0000000000000000e+00 1
-1.4607005038506649e-01 -6.4991041131361352e-02 0.0000000000000000e+00 1
-1.5316921454160223e-01 -5.9185861163678063e-02 0.0000000000000000e+00 1
-1.5427364623340190e-01 -6.8244332862385654e-02 0.0000000000000000e+00 1
2.0304235251051503e-02 1.1246852550204380e-01 0.0000000000000000e+00 1
-9.6710934556356737e-02 -2.4825423003433807e-03 0.0000000000000000e+00 1
1.1708088601475111e-01 -4.0392868248717934e-02 0.0000000000000000e+00 1
1.1899754125186515e-01 -2.9471633083204097e-02 0.0000000000000000e+00 1
2.4390686847096035e-01 3.6027643081001559e-01 0.0000000000000000e+00 1
2.5415496235017204e-01 3.6413182402460786e-01 0.0000000000000000e+00 1
-1.4775029176758658e-01 -7.3656026071386688e-02 0.0000000000000000e+00 1
-1.5587044372796721e-01 -7.7464988300351048e-02 0.0000000000000000e+00 1
-1.6318971409012414e-01 -7.1366506595329865e-02 0.0000000000000000e+00 1
-1.6375415530673693e-01 -8.1138898409112425e-02 0.0000000000000000e+00 1
4.2240732324460330e-03 -3.4664753410174311e-02 0.0000000000000000e+00 1
8.3724147606657855e-03 1.0799344294812382e-01 0.0000000000000000e+00 1
2.6258651104696379e-01 3.5738584237524862e-01 0.0000000000000000e+00 1
2.6406066138432860e-01 3.6806793794043530e-01 0.0000000000000000e+00 1
-1.5705474851087098e-01 -8.7942907390367128e-02 0.0000000000000000e+00 1
-1.6560867756005215e-01 -9.0515361256048643e-02 0.0000000000000000e+00 1
-2.4854284299745608e-02 -6.4315349981859976e-02 0.0000000000000000e+00 1
2.5583475142917533e-01 3.7468535337033715e-01 0.0000000000000000e+00 1
-1.7346226695533690e-01 -8.4235443177107100e-02 0.0000000000000000e+00 1
-1.7414254903846707e-01 -9.3820167485921507e-02 0.0000000000000000e+00 1
5.3455287597850377e-02 -4.5151086194416969e-02 0.0000000000000000e+00 1
1.2759732587776440e-01 -3.6474214448948564e-02 0.0000000000000000e+00 1
1.2954208208543008e-01 -2.5372622547944128e-02 0.0000000000000000e+00 1
1.2652591070961205e-01 -4.7086954137732548e-02 0.0000000000000000e+00 1
-5.1903233115043211e-02 3.5201491501272116e-02 0.0000000000000000e+00 1
-6.0247712370727194e-02 4.1251957787696560e-02 0.0000000000000000e+00 1
-1.6682748936174902e-01 -9.9799084045639044e-02 0.0000000000000000e+00 1
-1.7519291048797617e-01 -1.0338626971690676e-01 0.0000000000000000e+00 1
1.0308593292013283e-02 1.2035624617066218e-01 0.0000000000000000e+00 1
2.2342033670099605e-02 1.2483939393232560e-01 0.0000000000000000e+00 1
2.6567431301883321e-01 3.7858368987675889e-01 0.0000000000000000e+00 1
-1.8317007958591117e-01 -9.7115766741491694e-02 0.0000000000000000e+00 1
-1.8424956750379476e-01 -1.0678471364431449e-01 0.0000000000000000e+00 1
-1.7638505350860945e-01 -1.1294953827081522e-01 0.0000000000000000e+00 1
-1.8551741749916695e-01 -1.1654814282097314e-01 0.0000000000000000e+00 1
-1.3687450158889356e-03 1.1578612634312375e-01 0.0000000000000000e+00 1
-6.9540753049817813e-02 3.7755877912320816e-02 0.0000000000000000e+00 1
2.7232199135945967e-01 3.6153965791376841e-01 0.0000000000000000e+00 1
2.5748651354425622e-01 3.8506077093885693e-01 0.0000000000000000e+00 1
1.2213221417656014e-02 1.3284630778664488e-01 0.0000000000000000e+00 1
2.4287717106201305e-02 1.3742248031003332e-01 0.0000000000000000e+00 1
-6.8118515529293738e-02 4.9277745733744924e-02 0.0000000000000000e+00 1
1.3834956561459971e-01 -3.2770023875181221e-02 0.0000000000000000e+00 1
1.4035858214192168e-01 -2.1382375276225753e-02 0.0000000000000000e+00 1
-7.7940303635007924e-02 4.4193031198412114e-02 0.0000000000000000e+00 1
1.3138120870927833e-01 -1.3970967595604318e-02 0.0000000000000000e+00 1
1.4233844748164898e-01 -9.8744230929662009e-03 0.0000000000000000e+00 1
1.3324166372980104e-01 -2.4469084606115873e-03 0.0000000000000000e+00 1
1.4431389695177241e-01 1.7951077529134505e-03 0.0000000000000000e+00 1
-1.7771081323904375e-01 -1.2264103261877624e-01 0.0000000000000000e+00 1
-1.8685262801900726e-01 -1.2636173496084818e-01 0.0000000000000000e+00 1
-1.9468713459289821e-01 -1.2020751245238927e-01 0.0000000000000000e+00 1
-1.9606283197695060e-01 -1.3008717414327778e-01 0.0000000000000000e+00 1
-1.8820045547023656e-01 -1.3627092483196052e-01 0.0000000000000000e+00 1
-1.9756832313501585e-01 -1.4001683269109205e-01 0.0000000000000000e+00 1
-5.0300208108435142e-02 4.5645390404238220e-02 0.0000000000000000e+00 1
2.2888735867099177e-04 -1.1872178740369034e-02 0.0000000000000000e+00 1
2.6704340501387502e-01 3.8893646955128497e-01 0.0000000000000000e+00 1
1.5353451752990283e-01 -5.8005770185868399e-03 0.0000000000000000e+00 1
1.5556918649077670e-01 6.0679932315376803e-03 0.0000000000000000e+00 1
1.4619798322300470e-01 1.3725183309910599e-02 0.0000000000000000e+00 1
1.5758977547127148e-01 1.8097554351268298e-02 0.0000000000000000e+00 1
1.4090584752986768e-02 1.4551156295434292e-01 0.0000000000000000e+00 1
2.6400620675151715e-02 1.5017312465300720e-01 0.0000000000000000e+00 1
-2.0389737657195600e-01 -1.2388519185293263e-01 0.0000000000000000e+00 1
1.5501715264735970e-02 8.8212386931521697e-02 0.0000000000000000e+00 1
1.4822849945687011e-01 2.5439793602692707e-02 0.0000000000000000e+00 1
1.5978710471303062e-01 2.9842221298677966e-02 0.0000000000000000e+00 1
2.5895472064465874e-01 3.9533708714909166e-01 0.0000000000000000e+00 1
2.4946465649617169e-01 3.9155428014457694e-01 0.0000000000000000e+00 1
2.0595189449709873e-02 2.5526696063607072e-02 0.0000000000000000e+00 1
-1.8959325917764172e-01 -1.4630788483768226e-01 0.0000000000000000e+00 1
-1.9907437706164091e-01 -1.5008428995380169e-01 0.0000000000000000e+00 1
1.6927336091894624e-01 2.2338863839158937e-02 0.0000000000000000e+00 1
1.7136958102430883e-01 3.4693084189457407e-02 0.0000000000000000e+00 1
1.6129244181817021e-01 4.1395557296131189e-02 0.0000000000000000e+00 1
1.7332307352834159e-01 4.7087352459354449e-02 0.0000000000000000e+00 1
-7.7066137916309535e-02 5.5131073835561512e-02 0.0000000000000000e+00 1
1.6092434694599232e-02 1.5828566312570524e-01 0.0000000000000000e+00 1
2.8356874640389496e-02 1.6305709715338593e-01 0.0000000000000000e+00 1
2.6820667763585959e-01 3.9928217098017127e-01 0.0000000000000000e+00 1
2.7650253439402239e-01 3.9268460268844718e-01 0.0000000000000000e+00 1
-8.6748131085505623e-02 5.0693191510084154e-02 0.0000000000000000e+00 1
-1.9095324205094388e-01 -1.5643067939758454e-01 0.0000000000000000e+00 1
-2.0050478068533245e-01 -1.6027655962752929e-01 0.0000000000000000e+00 1
-2.0865084036210990e-01 -1.5385363396838092e-01 0.0000000000000000e+00 1
-2.1009800936383349e-01 -1.6411839465133243e-01 0.0000000000000000e+00 1
-2.1823859086506164e-01 -1.5767544151804325e-01 0.0000000000000000e+00 1
-2.1972608203187241e-01 -1.6795953394214583e-01 0.0000000000000000e+00 1
-2.1156109437355330e-01 -1.7440217143335263e-01 0.0000000000000000e+00 1
-2.2123228045637791e-01 -1.7826841056860945e-01 0.0000000000000000e+00 1
-2.1303231137367545e-01 -1.8473366175174127e-01 0.0000000000000000e+00 1
-2.2275037694962624e-01 -1.8861675938244996e-01 0.0000000000000000e+00 1
-2.3094452640989416e-01 -1.8212340349261241e-01 0.0000000000000000e+00 1
-2.3247657136533345e-01 -1.9249451791049080e-01 0.0000000000000000e+00 1
-2.2438008236118856e-01 -1.9895380694407785e-01 0.0000000000000000e+00 1
-2.3399877836124094e-01 -2.0285083008096755e-01 0.0000000000000000e+00 1
1.8323706047220387e-01 3.9236825029873509e-02 0.0000000000000000e+00 1
1.8532394928354501e-01 5.1905487853345623e-02 0.0000000000000000e+00 1
1.7526272740719412e-01 6.0032914401078837e-02 0.0000000000000000e+00 1
1.8733514261472023e-01 6.4727511511811983e-02 0.0000000000000000e+00 1
1.7721907210842364e-01 7.2870698291580688e-02 0.0000000000000000e+00 1
1.8937306974360082e-01 7.7628725926667155e-02 0.0000000000000000e+00 1
-2.4219297142534962e-01 -1.9637598781959270e-01 0.0000000000000000e+00 1
-2.4366794799977792e-01 -2.0673088905913839e-01 0.0000000000000000e+00 1
-2.3548470133230032e-01 -2.1316862097196990e-01 0.0000000000000000e+00 1
-2.4513325112238388e-01 -2.1704810848399708e-01 0.0000000000000000e+00 1
-2.3697732521870873e-01 -2.2344871010043771e-01 0.0000000000000000e+00 1
-2.4660547946644273e-01 -2.2729539929824380e-01 0.0000000000000000e+00 1
-2.5470203928153945e-01 -2.2092234682843340e-01 0.0000000000000000e+00 1
-2.5611078886319483e-01 -2.3111197444103984e-01 0.0000000000000000e+00 1
-2.4809121260215683e-01 -2.3741157408989422e-01 0.0000000000000000e+00 1
-2.5752561367169047e-01 -2.4121487863236013e-01 0.0000000000000000e+00 1
-2.4957993341058565e-01 -2.4744216368233246e-01 0.0000000000000000e+00 1
-2.5895186874471338e-01 -2.5116871883034608e-01 0.0000000000000000e+00 1
2.5089952409316907e-01 4.0179022886890103e-01 0.0000000000000000e+00 1
2.4148702636356134e-01 3.9800856501966342e-01 0.0000000000000000e+00 1
-4.3845976369512214e-02 2.9161868458447305e-02 0.0000000000000000e+00 1
6.5648861523760385e-02 -2.1895497403106593e-02 0.0000000000000000e+00 1
4.0628845096937916e-03 1.5354343228815692e-01 0.0000000000000000e+00 1
1.9959438852347461e-01 6.9399374929253341e-02 0.0000000000000000e+00 1
2.0164036220834730e-01 8.2411987624714966e-02 0.0000000000000000e+00 1
1.9134548183320110e-01 9.0646157831995325e-02 0.0000000000000000e+00 1
2.0364261358333055e-01 9.5481772350416771e-02 0.0000000000000000e+00 1
1.9329728494676934e-01 1.0375631588368335e-01 0.0000000000000000e+00 1
2.0564651665027436e-01 1.0863928339393514e-01 0.0000000000000000e+00 1
-5.3558543318021616e-02 -2.5523551125971933e-02 0.0000000000000000e+00 1
-2.6680484642927277e-01 -2.4500597115084038e-01 0.0000000000000000e+00 1
-2.6812927236835460e-01 -2.5487747548252893e-01 0.0000000000000000e+00 1
-2.6040231103812145e-01 -2.6093591111649583e-01 0.0000000000000000e+00 1
-2.6946253530908026e-01 -2.6461167487754900e-01 0.0000000000000000e+00 1
-2.6200094444487265e-01 -2.7052212481612470e-01 0.0000000000000000e+00 1
-2.7081946326113349e-01 -2.7416443052027872e-01 0.0000000000000000e+00 1
1.7919090200916175e-02 1.7114602221251252e-01 0.0000000000000000e+00 1
3.0348068657769046e-02 1.7606280732071869e-01 0.0000000000000000e+00 1
-1.8159849557871016e-01 -1.5253525971754467e-01 0.0000000000000000e+00 1
-2.7829377856985144e-01 -2.6828039370314916e-01 0.0000000000000000e+00 1
-2.7949989399743214e-01 -2.7766828248486347e-01 0.0000000000000000e+00 1
-2.7219152777712613e-01 -2.8337603195716521e-01 0.0000000000000000e+00 1
-2.8071958019702498e-01 -2.8685930737341209e-01 0.0000000000000000e+00 1
-2.7357019003354843e-01 -2.9240783924705616e-01 0.0000000000000000e+00 1
-2.8196010932684701e-01 -2.9575628349447319e-01 0.0000000000000000e+00 1
2.1606744415232640e-01 1.0029192142992821e-01 0.0000000000000000e+00 1
2.1806759464250086e-01 1.1350717047105637e-01 0.0000000000000000e+00 1
2.0761197438933021e-01 1.2183681267519593e-01 0.0000000000000000e+00 1
2.2003461155731954e-01 1.2674165069797833e-01 0.0000000000000000e+00 1
-8.5189733433750581e-02 6.1656898039280580e-02 0.0000000000000000e+00 1
-7.5503229040153330e-02 6.5891546385631938e-02 0.0000000000000000e+00 1
-2.8895094500642771e-01 -2.9032804401386136e-01 0.0000000000000000e+00 1
-2.9001163739169783e-01 -2.9907699738170995e-01 0.0000000000000000e+00 1
-2.8306112742667977e-01 -3.0434343800643771e-01 0.0000000000000000e+00 1
-2.9122059452913546e-01 -3.0763103757482729e-01 0.0000000000000000e+00 1
-2.8454389579570399e-01 -3.1277620888170232e-01 0.0000000000000000e+00 1
-2.9214837435439422e-01 -3.1590096200492435e-01 0.0000000000000000e+00 1
2.7791139626782757e-01 4.0261798199096710e-01 0.0000000000000000e+00 1
2.8568509107230389e-01 3.9646796954678964e-01 0.0000000000000000e+00 1
2.0956771705750549e-01 1.3504785398769170e-01 0.0000000000000000e+00 1
2.2200311667768471e-01 1.3999335494046342e-01 0.0000000000000000e+00 1
-3.6550474630356253e-02 -1.0934610790882121e-02 0.0000000000000000e+00 1
4.0653225254167993e-02 1.6772507254146427e-01 0.0000000000000000e+00 1
4.2749670318349919e-02 1.8077811733235222e-01 0.0000000000000000e+00 1
3.2424771807742364e-02 1.8923208548969589e-01 0.0000000000000000e+00 1
4.4929406472522616e-02 1.9398548854601622e-01 0.0000000000000000e+00 1
2.3250951898502262e-01 1.3164934239186521e-01 0.0000000000000000e+00 1
2.3445376408663349e-01 1.4493061682330347e-01 0.0000000000000000e+00 1
2.2394813152500054e-01 1.5324143050332967e-01 0.0000000000000000e+00 1
2.3636057834790702e-01 1.5819298617351005e-01 0.0000000000000000e+00 1
2.2605580673138695e-01 1.6688735064059318e-01 0.0000000000000000e+00 1
2.3827835321919957e-01 1.7147793813217396e-01 0.0000000000000000e+00 1
3.4540338781371208e-02 2.0249330626965389e-01 0.0000000000000000e+00 1
4.7135495294099286e-02 2.0725931472620784e-01 0.0000000000000000e+00 1
5.7547667807215895e-02 1.9870712400915203e-01 0.0000000000000000e+00 1
5.9795174584407820e-02 2.1200417775702757e-01 0.0000000000000000e+00 1
4.9385732664669148e-02 2.2047204275811555e-01 0.0000000000000000e+00 1
6.2011593215371009e-02 2.2526132340562410e-01 0.0000000000000000e+00 1
-2.8577186458878806e-01 -3.2085932219656793e-01 0.0000000000000000e+00 1
-2.9327989047179881e-01 -3.2379414007333795e-01 0.0000000000000000e+00 1
-2.9952406841736079e-01 -3.1902521976439857e-01 0.0000000000000000e+00 1
2.4302729984595983e-01 4.0815732300929342e-01 0.0000000000000000e+00 1
2.3326848788436388e-01 4.0490694698641089e-01 0.0000000000000000e+00 1
7.2459184205423813e-02 2.1676001776329762e-01 0.0000000000000000e+00 1
7.4663426751078038e-02 2.3003957994273361e-01 0.0000000000000000e+00 1
6.4241701378553728e-02 2.3854633049715152e-01 0.0000000000000000e+00 1
7.6916072435711330e-02 2.4330511601920041e-01 0.0000000000000000e+00 1
8.7274632344069208e-02 2.3474832753010849e-01 0.0000000000000000e+00 1
8.9528838415222384e-02 2.4800754109461623e-01 0.0000000000000000e+00 1
7.9194158532681788e-02 2.5659311261125617e-01 0.0000000000000000e+00 1
9.1797680743614676e-02 2.6126791144762873e-01 0.0000000000000000e+00 1
-1.8289312890756115e-01 -1.6277631675673004e-01 0.0000000000000000e+00 1
-3.0052090975998225e-01 -3.2679490087962432e-01 0.0000000000000000e+00 1
2.2821882381847747e-01 1.8054576928039506e-01 0.0000000000000000e+00 1
2.4022821331206390e-01 1.8473864353445768e-01 0.0000000000000000e+00 1
2.5072164973265210e-01 1.7656820611025784e-01 0.0000000000000000e+00 1
2.5247471248847919e-01 1.8959970260726419e-01 0.0000000000000000e+00 1
2.4206707209794412e-01 1.9772478318208245e-01 0.0000000000000000e+00 1
2.5425267441359767e-01 2.0264336578966829e-01 0.0000000000000000e+00 1
2.4390835779219991e-01 2.1074402310405010e-01 0.0000000000000000e+00 1
2.5603412923355939e-01 2.1562636858422093e-01 0.0000000000000000e+00 1
-9.5219308735426889e-02 5.7443283479254648e-02 0.0000000000000000e+00 1
-9.6654080255526534e-02 4.5988233232514976e-02 0.0000000000000000e+00 1
-2.7739039190013454e-01 -3.1826942685849163e-01 0.0000000000000000e+00 1
-2.9443663352600613e-01 -3.3145900289423569e-01 0.0000000000000000e+00 1
-1.0530354492643276e-01 5.3132412781679607e-02 0.0000000000000000e+00 1
-1.0659363103724462e-01 4.1860499959631481e-02 0.0000000000000000e+00 1
2.6449623845215020e-01 1.9464678548883679e-01 0.0000000000000000e+00 1
-8.3790234074398257e-02 7.2713564809306630e-02 0.0000000000000000e+00 1
-7.3049713449422723e-02 7.6860471162617780e-02 0.0000000000000000e+00 1
-2.9694439676477458e-01 -2.9379035673631076e-01 0.0000000000000000e+00 1
9.9298056441847485e-02 -2.6896955811965474e-02 0.0000000000000000e+00 1
2.8709152087958378e-01 4.0620597614164217e-01 0.0000000000000000e+00 1
2.7886888470549670e-01 4.1264703524980173e-01 0.0000000000000000e+00 1
2.9480059798393998e-01 4.0010574494408724e-01 0.0000000000000000e+00 1
2.9341399996175321e-01 3.9043077566572443e-01 0.0000000000000000e+00 1
3.0252389183862249e-01 3.9408648704148158e-01 0.0000000000000000e+00 1
3.0116665640334889e-01 3.8444286057772659e-01 0.0000000000000000e+00 1
2.3180809157365950e-01 3.9426860164325872e-01 0.0000000000000000e+00 1
2.2345274616744015e-01 4.0130780552247280e-01 0.0000000000000000e+00 1
2.2196299454660998e-01 3.9041334708562725e-01 0.0000000000000000e+00 1
2.1353737798865424e-01 3.9736242782692655e-01 0.0000000000000000e+00 1
2.1194435450016791e-01 3.8643347992930377e-01 0.0000000000000000e+00 1
2.0335757549975014e-01 3.9350882503362039e-01 0.0000000000000000e+00 1
2.0172016139354235e-01 3.8239613031168745e-01 0.0000000000000000e+00 1
1.9314718194149499e-01 3.8933202110781367e-01 0.0000000000000000e+00 1
1.9132245433739353e-01 3.7824795528593724e-01 0.0000000000000000e+00 1
8.1480200247308940e-02 2.6984802182928685e-01 0.0000000000000000e+00 1
9.4080681877284328e-02 2.7445314147242650e-01 0.0000000000000000e+00 1
1.0534385727414219e-01 2.6627089656986436e-01 0.0000000000000000e+00 1
1.0727791909336637e-01 2.7920095397048555e-01 0.0000000000000000e+00 1
-1.7341699010016293e-01 -1.5884091132598335e-01 0.0000000000000000e+00 1
9.6505709899365494e-02 2.8767299506196892e-01 0.0000000000000000e+00 1
1.0903634997154171e-01 2.9208936129968577e-01 0.0000000000000000e+00 1
1.1926185077975188e-01 2.8372839240600128e-01 0.0000000000000000e+00 1
1.2122821872379066e-01 2.9664587913513096e-01 0.0000000000000000e+00 1
1.1123169178273490e-01 3.0519900823235147e-01 0.0000000000000000e+00 1
1.2348378116163602e-01 3.0933573758105454e-01 0.0000000000000000e+00 1
1.3389484893235709e-01 3.0078706716022130e-01 0.0000000000000000e+00 1
1.3588729901767449e-01 3.1353792264182967e-01 0.0000000000000000e+00 1
2.2203645055800476e-02 3.5934668077251465e-02 0.0000000000000000e+00 1
1.2281804651698086e-02 3.2063815468556356e-02 0.0000000000000000e+00 1
1.2590822336988086e-01 3.2127738883303680e-01 0.0000000000000000e+00 1
1.3803065461379352e-01 3.2547676211935495e-01 0.0000000000000000e+00 1
2.4578362464788972e-01 2.2362161720519996e-01 0.0000000000000000e+00 1
2.5780763536680606e-01 2.2847139708176270e-01 0.0000000000000000e+00 1
2.4503816693568437e-01 1.3658993953453613e-01 0.0000000000000000e+00 1
1.4742831010283167e-01 3.1801061366286476e-01 0.0000000000000000e+00 1
1.4961497865838785e-01 3.3027812289818892e-01 0.0000000000000000e+00 1
1.4132343188059204e-01 3.3780296379745628e-01 0.0000000000000000e+00 1
1.8246649344493632e-01 3.8543108843271434e-01 0.0000000000000000e+00 1
-3.0672152727315560e-01 -3.2202875844737655e-01 0.0000000000000000e+00 1
-2.7595503455377962e-01 -2.4879781366145753e-01 0.0000000000000000e+00 1
-1.4251373802311904e-01 -3.8372898768972930e-02 0.0000000000000000e+00 1
2.3503902295696139e-01 4.1524058179419782e-01 0.0000000000000000e+00 1
2.4455160911514856e-01 4.1833868048512163e-01 0.0000000000000000e+00 1
-1.2483691235629939e-01 -2.1882614564866520e-02 0.0000000000000000e+00 1
2.4791673413348395e-01 3.1948931051662860e-01 0.0000000000000000e+00 1
1.8069586041859378e-01 3.7408286579151695e-01 0.0000000000000000e+00 1
1.8964699642405694e-01 3.6691066285929685e-01 0.0000000000000000e+00 1
1.7174257253135788e-01 3.8132583941404719e-01 0.0000000000000000e+00 1
-3.0142680269638789e-01 -3.3430570270449850e-01 0.0000000000000000e+00 1
-2.8681865863191347e-01 -2.7200217538908411e-01 0.0000000000000000e+00 1
2.2093355096663581e-01 2.7449571173510467e-01 0.0000000000000000e+00 1
6.7917254289031670e-02 -5.8144161802758644e-02 0.0000000000000000e+00 1
-2.5185384978383157e-01 -2.0029317448881892e-01 0.0000000000000000e+00 1
-2.6422168732849144e-01 -2.2478749202496653e-01 0.0000000000000000e+00 1
-3.3760096856294592e-03 1.0348507160893514e-01 0.0000000000000000e+00 1
-1.2972673304742135e-02 1.1122364042638663e-01 0.0000000000000000e+00 1
-1.4919716036098714e-02 9.9048720278043734e-02 0.0000000000000000e+00 1
-2.4437139482129923e-02 1.0666986606973347e-01 0.0000000000000000e+00 1
-2.2662997316527871e-02 1.1897704284169613e-01 0.0000000000000000e+00 1
-3.4221319907182884e-02 1.1432569089692327e-01 0.0000000000000000e+00 1
-3.2470920274856013e-02 1.2676666188516197e-01 0.0000000000000000e+00 1
-4.4169266919312097e-02 1.2215308367339001e-01 0.0000000000000000e+00 1
-2.6160163001618629e-02 9.4559475564343215e-02 0.0000000000000000e+00 1
-1.6851572212764475e-02 8.7080920718048627e-02 0.0000000000000000e+00 1
-8.4876882871216780e-02 -2.2894100014443034e-02 0.0000000000000000e+00 1
9.9825753379843674e-02 2.3942964287840068e-01 0.0000000000000000e+00 1
3.7952599934694103e-02 -3.1796778968260199e-02 0.0000000000000000e+00 1
2.6803324146666874e-01 2.2052365206140551e-01 0.0000000000000000e+00 1
2.6979005288040947e-01 2.3331598200344383e-01 0.0000000000000000e+00 1
2.7999833545663644e-01 2.2544349329129287e-01 0.0000000000000000e+00 1
2.8168338584499542e-01 2.3819547035269850e-01 0.0000000000000000e+00 1
2.7159727318834337e-01 2.4598646865560925e-01 0.0000000000000000e+00 1
2.8320616274658661e-01 2.5080404054145328e-01 0.0000000000000000e+00 1
2.7338881067873255e-01 2.5848682376935006e-01 0.0000000000000000e+00 1
2.8481162403384830e-01 2.6324101035989433e-01 0.0000000000000000e+00 1
2.7515778689863424e-01 2.7081154186213280e-01 0.0000000000000000e+00 1
2.8671906392627428e-01 2.7526536466199369e-01 0.0000000000000000e+00 1
1.6512491459468925e-01 6.8146189753938588e-02 0.0000000000000000e+00 1
1.4491893011597151e-01 1.4956710838920900e-01 0.0000000000000000e+00 1
2.1455247942484784e-01 1.6240069470926355e-01 0.0000000000000000e+00 1
1.8130500279857811e-01 9.8800477721063762e-02 0.0000000000000000e+00 1
1.3703977142185267e-01 2.1216455844800381e-02 0.0000000000000000e+00 1
-1.6858823545664867e-01 -1.1896943799271062e-01 0.0000000000000000e+00 1
6.7289903940213142e-02 2.2665706365535016e-02 0.0000000000000000e+00 1
7.7832106598524478e-02 2.6539021084195705e-02 0.0000000000000000e+00 1
2.2855546932634635e-01 1.0512495933498645e-01 0.0000000000000000e+00 1
-2.5040910839992014e-01 -1.8990575337251656e-01 0.0000000000000000e+00 1
-2.6012115106518030e-01 -1.9382644189873025e-01 0.0000000000000000e+00 1
-2.5866284224711128e-01 -1.8340286047277921e-01 0.0000000000000000e+00 1
-2.6502179414366200e-01 -2.8908784080499139e-01 0.0000000000000000e+00 1
-2.4014276069007934e-01 -2.4373227101465869e-01 0.0000000000000000e+00 1
-2.4162966077808826e-01 -2.5373518830061798e-01 0.0000000000000000e+00 1
-2.3219658572118312e-01 -2.5003868063750878e-01 0.0000000000000000e+00 1
1.2846638456069912e-01 1.1998919550947368e-01 0.0000000000000000e+00 1
-2.0249133739660974e-01 -1.1403262711566972e-01 0.0000000000000000e+00 1
-2.1171594571671198e-01 -1.1769723017347269e-01 0.0000000000000000e+00 1
-2.1025451316661598e-01 -1.0789153624776079e-01 0.0000000000000000e+00 1
-2.1946309446573936e-01 -1.1150711359950721e-01 0.0000000000000000e+00 1
-2.1802033161092804e-01 -1.0175879464499606e-01 0.0000000000000000e+00 1
1.6184076276451509e-01 2.5181839323314653e-01 0.0000000000000000e+00 1
6.8785174804057839e-02 2.6517159045908822e-01 0.0000000000000000e+00 1
-8.2218707906812155e-02 8.4054223648724696e-02 0.0000000000000000e+00 1
-2.2732374001462957e-01 -2.1961427887390028e-01 0.0000000000000000e+00 1
-2.2785646660057363e-01 -1.6151507641990684e-01 0.0000000000000000e+00 1
2.1907709543316445e-02 1.9766023514349920e-01 0.0000000000000000e+00 1
2.7103528440907876e-01 3.5080114945154028e-01 0.0000000000000000e+00 1
2.8084317889940663e-01 3.5493449860371440e-01 0.0000000000000000e+00 1
2.7953593600713639e-01 3.4419109734659092e-01 0.0000000000000000e+00 1
2.8958953169853979e-01 3.4822746521232317e-01 0.0000000000000000e+00 1
2.8805911072228380e-01 3.3747206881814634e-01 0.0000000000000000e+00 1
2.9821990689078226e-01 3.4154332626995121e-01 0.0000000000000000e+00 1
2.9664761266342193e-01 3.3071097110545988e-01 0.0000000000000000e+00 1
3.0678460669713187e-01 3.3484088890307345e-01 0.0000000000000000e+00 1
3.0531724954571093e-01 3.2389705737984542e-01 0.0000000000000000e+00 1
3.0832466329657215e-01 3.4560634869805035e-01 0.0000000000000000e+00 1
1.2645136268155591e-01 1.0749967197391987e-01 0.0000000000000000e+00 1
5.2992204895129492e-02 1.7238067247671018e-01 0.0000000000000000e+00 1
5.0939871861773622e-02 1.5937799330114294e-01 0.0000000000000000e+00 1
2.1193995691347947e-01 7.4103056787753419e-02 0.0000000000000000e+00 1
2.4052053774479637e-02 2.1110469432357104e-01 0.0000000000000000e+00 1
-2.1389695590419967e-02 -4.9839656898206977e-02 0.0000000000000000e+00 1
1.9536065992260090e-01 4.3771475892397348e-02 0.0000000000000000e+00 1
1.9327232082057305e-01 3.0972386680606923e-02 0.0000000000000000e+00 1
2.0551235609032073e-01 3.5508451410390690e-02 0.0000000000000000e+00 1
2.0337126845553258e-01 2.2557726688809142e-02 0.0000000000000000e+00 1
-2.2636856980975220e-01 -1.5123567827860412e-01 0.0000000000000000e+00 1
-2.3599540729367130e-01 -1.5506457008132413e-01 0.0000000000000000e+00 1
-2.3449857393369614e-01 -1.4477720753256060e-01 0.0000000000000000e+00 1
1.1490222782454966e-01 1.7413928847736770e-01 0.0000000000000000e+00 1
7.5515756873537718e-02 -6.4517493339178209e-02 0.0000000000000000e+00 1
6.6229103928782451e-02 -6.7837929392215834e-02 0.0000000000000000e+00 1
7.3716088833420887e-02 -7.4178586301026278e-02 0.0000000000000000e+00 1
6.4574534853809873e-02 -7.7464761473588689e-02 0.0000000000000000e+00 1
7.1957252201769600e-02 -8.3736792291876541e-02 0.0000000000000000e+00 1
6.2974919583007813e-02 -8.6973249093166338e-02 0.0000000000000000e+00 1
5.5729128508107975e-02 -8.0899815783666618e-02 0.0000000000000000e+00 1
7.0280403119283297e-02 -9.3220375829198038e-02 0.0000000000000000e+00 1
7.9314331751264691e-02 -8.9986803725750797e-02 0.0000000000000000e+00 1
7.7717676740819447e-02 -9.9366641572146419e-02 0.0000000000000000e+00 1
8.6762397063282953e-02 -9.6268099152878386e-02 0.0000000000000000e+00 1
8.5156314011814060e-02 -1.0572130996477903e-01 0.0000000000000000e+00 1
9.4258975298280270e-02 -1.0259523751442248e-01 0.0000000000000000e+00 1
9.2432929587771287e-02 -1.1229586719718840e-01 0.0000000000000000e+00 1
1.0174294995656853e-01 -1.0902810850175410e-01 0.0000000000000000e+00 1
1.0000068442542659e-01 -1.1876050345882851e-01 0.0000000000000000e+00 1
1.0931218808856052e-01 -1.1543566896467064e-01 0.0000000000000000e+00 1
1.0757564469308908e-01 -1.2521868978405948e-01 0.0000000000000000e+00 1
1.1690940609780565e-01 -1.2189231333145796e-01 0.0000000000000000e+00 1
1.1871815718979215e-01 -1.1192041533039249e-01 0.0000000000000000e+00 1
1.1503676135513037e-01 -1.3165976519481304e-01 0.0000000000000000e+00 1
1.2653758352601896e-01 -1.1859401979531795e-01 0.0000000000000000e+00 1
1.2838150609452598e-01 -1.0833980399740425e-01 0.0000000000000000e+00 1
1.3639153814265462e-01 -1.1520717847317787e-01 0.0000000000000000e+00 1
1.3838725395402404e-01 -1.0482362655211443e-01 0.0000000000000000e+00 1
1.3019545298481283e-01 -9.7887920905726872e-02 0.0000000000000000e+00 1
1.4036824696314124e-01 -9.4251633505413740e-02 0.0000000000000000e+00 1
1.4864944999168100e-01 -1.0129841341806375e-01 0.0000000000000000e+00 1
1.5069087437565881e-01 -9.0477993101382714e-02 0.0000000000000000e+00 1
5.4184106041098246e-02 -9.0070163503560299e-02 0.0000000000000000e+00 1
4.7164674838973845e-02 -8.4273265197403843e-02 0.0000000000000000e+00 1
1.3850047303647389e-01 3.3504637643459761e-02 0.0000000000000000e+00 1
-2.9558006957766214e-01 -3.3887053228082747e-01 0.0000000000000000e+00 1
-2.8867026777451532e-01 -3.3617401142188275e-01 0.0000000000000000e+00 1
3.4619732116763481e-02 1.2929189099492491e-01 0.0000000000000000e+00 1
2.1493867465336294e-01 4.0862674796806581e-01 0.0000000000000000e+00 1
1.3828025963507611e-02 4.2624192570103955e-02 0.0000000000000000e+00 1
3.7563682713903806e-03 3.8720893191793913e-02 0.0000000000000000e+00 1
1.8670081712943941e-03 2.8169859437455660e-02 0.0000000000000000e+00 1
7.9763924944041678e-02 3.7659079450049301e-02 0.0000000000000000e+00 1
-1.0289996632391095e-01 -3.8408096379725740e-02 0.0000000000000000e+00 1
1.8357085797918002e-01 1.1369909336411345e-01 0.0000000000000000e+00 1
1.3443482521772465e-01 -1.2553690267154205e-01 0.0000000000000000e+00 1
1.6492468593885226e-01 -1.6997643455750246e-03 0.0000000000000000e+00 1
1.6289153062775008e-01 -1.3674052250203858e-02 0.0000000000000000e+00 1
1.7439354490211581e-01 -9.5346556980616150e-03 0.0000000000000000e+00 1
1.7233809033953409e-01 -2.1711431530331414e-02 0.0000000000000000e+00 1
1.8394978535046502e-01 -1.7450552783949573e-02 0.0000000000000000e+00 1
1.8180935387612790e-01 -2.9755290408357560e-02 0.0000000000000000e+00 1
-2.4411387578768590e-01 -1.4861844367439081e-01 0.0000000000000000e+00 1
-2.4262641067007909e-01 -1.3832973934447704e-01 0.0000000000000000e+00 1
-1.2095866931820333e-01 -5.4316422275045358e-02 0.0000000000000000e+00 1
-1.1529352146606817e-01 4.8933625778229746e-02 0.0000000000000000e+00 1
-1.1673218463303231e-01 3.8241127746570416e-02 0.0000000000000000e+00 1
1.4432535123670731e-01 -1.2210933660628152e-01 0.0000000000000000e+00 1
1.4239091709295240e-01 -1.3252130462444628e-01 0.0000000000000000e+00 1
-1.5070498905982474e-01 -4.1893779703714697e-02 0.0000000000000000e+00 1
-1.4968759953475974e-01 -3.3140064227034360e-02 0.0000000000000000e+00 1
-1.5774966346894226e-01 -3.6586121542012684e-02 0.0000000000000000e+00 1
-1.5674729337664445e-01 -2.7915958520932514e-02 0.0000000000000000e+00 1
-1.6479038643424593e-01 -3.1349042407805866e-02 0.0000000000000000e+00 1
-1.6380518719717493e-01 -2.2736822247903746e-02 0.0000000000000000e+00 1
-1.7165172703090753e-01 -2.6260543843236357e-02 0.0000000000000000e+00 1
-1.7254435890520220e-01 -3.4583727578243122e-02 0.0000000000000000e+00 1
-1.7933914976162177e-01 -2.9574520345869507e-02 0.0000000000000000e+00 1
-1.8020868345436708e-01 -3.7722722298106776e-02 0.0000000000000000e+00 1
-1.8681536722985093e-01 -3.2953260869105057e-02 0.0000000000000000e+00 1
-1.8771484687161979e-01 -4.0992798977236608e-02 0.0000000000000000e+00 1
-1.5569769973977998e-01 -1.9111969211270535e-02 0.0000000000000000e+00 1
-1.6293087062009984e-01 -1.3881229840253483e-02 0.0000000000000000e+00 1
-1.5468631062458549e-01 -1.0161039366039026e-02 0.0000000000000000e+00 1
-1.6217717637195186e-01 -4.7300934199512850e-03 0.0000000000000000e+00 1
-1.5363334868593964e-01 -9.1685274350364874e-04 0.0000000000000000e+00 1
-1.9423150184973015e-01 -3.6219445624996995e-02 0.0000000000000000e+00 1
-1.9522000801686848e-01 -4.4360236599261360e-02 0.0000000000000000e+00 1
-1.9337701233785654e-01 -2.8335738187942709e-02 0.0000000000000000e+00 1
-1.7862295108999537e-01 -2.1710810429381951e-02 0.0000000000000000e+00 1
-8.0606167092508424e-02 4.6843848299563196e-03 0.0000000000000000e+00 1
-1.7469482003221418e-01 -1.6913039712553693e-01 0.0000000000000000e+00 1
6.8369504762242045e-02 -1.0208541984319405e-01 0.0000000000000000e+00 1
-1.8891776594166215e-01 -4.8936448915897934e-02 0.0000000000000000e+00 1
-1.9643118874380638e-01 -5.2336035463993687e-02 0.0000000000000000e+00 1
1.7564260203319437e-01 1.9714568436823529e-01 0.0000000000000000e+00 1
2.3203176111889645e-01 2.0657709135949934e-01 0.0000000000000000e+00 1
2.9660515269831705e-01 4.1128137122426833e-01 0.0000000000000000e+00 1
-2.7293250769829712e-02 -7.7217725899376144e-02 0.0000000000000000e+00 1
2.9626300274152484e-01 2.6715965184167384e-01 0.0000000000000000e+00 1
8.8376151340692793e-02 3.0377327263300946e-02 0.0000000000000000e+00 1
8.6446251657387507e-02 1.9220845951189839e-02 0.0000000000000000e+00 1
2.9499356508783658e-01 3.1972297990363485e-01 0.0000000000000000e+00 1
3.0380401380798816e-01 3.1278097185741111e-01 0.0000000000000000e+00 1
1.1695049906374655e-01 1.8699956444026472e-01 0.0000000000000000e+00 1
3.1021804245431422e-01 3.8815608157855341e-01 0.0000000000000000e+00 1
-1.0411768631778526e-01 6.4059564276443520e-02 0.0000000000000000e+00 1
1.0579211755121440e-01 -1.3493124594236222e-01 0.0000000000000000e+00 1
1.1314173104577535e-01 -1.4121021649091456e-01 0.0000000000000000e+00 1
8.9548950007395281e-02 -1.2226610032325777e-01 0.0000000000000000e+00 1
9.0684452422245487e-02 4.1145748827606195e-02 0.0000000000000000e+00 1
-2.3364626830408811e-01 -2.6009718945374649e-01 0.0000000000000000e+00 1
-4.2404953191148467e-02 1.3470643457634415e-01 0.0000000000000000e+00 1
-2.2745904047657500e-01 -1.0513065089232992e-01 0.0000000000000000e+00 1
-2.2573246101674938e-01 -9.5580421586014444e-02 0.0000000000000000e+00 1
-2.1667581064328695e-01 -9.2076877358292911e-02 0.0000000000000000e+00 1
2.9321441274460236e-01 2.4298293793266373e-01 0.0000000000000000e+00 1
9.5883804228277469e-02 -9.2706865298130103e-02 0.0000000000000000e+00 1
1.7355644781965968e-01 1.8426405115270653e-01 0.0000000000000000e+00 1
1.9208897169070671e-01 2.9784268210248194e-01 0.0000000000000000e+00 1
1.9406437515717570e-01 3.0993960876916943e-01 0.0000000000000000e+00 1
2.4623369124816433e-01 3.0796065258664290e-01 0.0000000000000000e+00 1
-2.0286245166305311e-01 -4.7609568632983636e-02 0.0000000000000000e+00 1
-2.0418778379669988e-01 -5.5728892028262464e-02 0.0000000000000000e+00 1
-1.9648702586074332e-01 -5.9477656467106399e-02 0.0000000000000000e+00 1
-2.2453523430993499e-01 -8.6376478649510785e-02 0.0000000000000000e+00 1
3.1407547586518059e-01 3.1708333514800979e-01 0.0000000000000000e+00 1
3.1273175058533986e-01 3.0583577646165222e-01 0.0000000000000000e+00 1
-4.5039025830941215e-02 -9.0863996971439820e-02 0.0000000000000000e+00 1
9.9286874707526465e-02 1.4454455323706705e-01 0.0000000000000000e+00 1
1.5914972960581689e-01 -9.7697235720150266e-02 0.0000000000000000e+00 1
1.6123982522205321e-01 -8.6622322433933419e-02 0.0000000000000000e+00 1
5.6242295954302733e-03 4.8893544193574980e-02 0.0000000000000000e+00 1
-4.6820248809706349e-03 4.5436026911759270e-02 0.0000000000000000e+00 1
3.1155157014770052e-01 3.9776408869068036e-01 0.0000000000000000e+00 1
3.1682338814407446e-01 3.3900588632562523e-01 0.0000000000000000e+00 1
3.1826844903870588e-01 3.4965644924943312e-01 0.0000000000000000e+00 1
2.2098153331883336e-01 3.4116190864417273e-01 0.0000000000000000e+00 1
4.5575949575844564e-02 -9.3053472831017336e-02 0.0000000000000000e+00 1
3.8940052295260555e-02 -8.7434775016768496e-02 0.0000000000000000e+00 1
4.0380910847442442e-02 -7.8853709648812997e-02 0.0000000000000000e+00 1
3.2373475226035509e-02 -8.1908859973026174e-02 0.0000000000000000e+00 1
3.3660652512691763e-02 -7.3579790613988033e-02 0.0000000000000000e+00 1
2.5838382608181765e-02 -7.6544033238980735e-02 0.0000000000000000e+00 1
2.7079915837952634e-02 -6.8386353288596782e-02 0.0000000000000000e+00 1
1.9333102651503880e-02 -7.1343445891948590e-02 0.0000000000000000e+00 1
1.8004043324214809e-02 -7.8943658479764325e-02 0.0000000000000000e+00 1
1.1707425752710651e-02 -7.4031151622443558e-02 0.0000000000000000e+00 1
1.2939496843569712e-02 -6.6218257183789875e-02 0.0000000000000000e+00 1
5.4880240495671258e-03 -6.9192812389172034e-02 0.0000000000000000e+00 1
1.6389077304990005e-01 2.6449814594400106e-01 0.0000000000000000e+00 1
-2.7905112986996154e-02 8.2743547096529160e-02 0.0000000000000000e+00 1
4.3073650327712168e-03 -7.6827250630668947e-02 0.0000000000000000e+00 1
1.0475315628179471e-01 1.8236917498840272e-01 0.0000000000000000e+00 1
1.5259336532920376e-01 -7.9354281855617714e-02 0.0000000000000000e+00 1
1.6327659559441671e-01 -7.5379670206074334e-02 0.0000000000000000e+00 1
1.9473015062342217e-01 4.0073794750243169e-01 0.0000000000000000e+00 1
1.1250749659890600e-02 2.0617914378483271e-01 0.0000000000000000e+00 1
2.6175162065718394e-01 2.5383218204188951e-01 0.0000000000000000e+00 1
7.1086249926083658e-02 2.7855178533270275e-01 0.0000000000000000e+00 1
1.4534402516013675e-01 2.2165818256071482e-01 0.0000000000000000e+00 1
2.1904297099560460e-01 2.6220738759668344e-01 0.0000000000000000e+00 1
2.1575492178858799e-01 2.7184609327084931e-02 0.0000000000000000e+00 1
2.1349739980991567e-01 1.4272902755181087e-02 0.0000000000000000e+00 1
-1.6514088821554729e-01 -1.6520703364947523e-01 0.0000000000000000e+00 1
-1.6404865574696376e-01 -1.5490905952076850e-01 0.0000000000000000e+00 1
1.3207896942111585e-01 -8.7335027931373405e-02 0.0000000000000000e+00 1
-5.4265363888659490e-02 1.3002246508296866e-01 0.0000000000000000e+00 1
-1.6122627752994256e-01 4.5950988416625250e-03 0.0000000000000000e+00 1
-1.5255311727039592e-01 8.5113782661065066e-03 0.0000000000000000e+00 1
-1.4487005680295326e-01 2.8685071939976740e-03 0.0000000000000000e+00 1
-1.4373925182163527e-01 1.2430725557507145e-02 0.0000000000000000e+00 1
-1.3590437187955784e-01 6.6482550953471092e-03 0.0000000000000000e+00 1
-1.5139278329160366e-01 1.7712910638528055e-02 0.0000000000000000e+00 1
1.7889644299897514e-01 3.6264716626500998e-01 0.0000000000000000e+00 1
1.8778110277978591e-01 3.5590154748030056e-01 0.0000000000000000e+00 1
2.3682510486030545e-01 4.2465848460391759e-01 0.0000000000000000e+00 1
2.4606029219044756e-01 4.2820045662207884e-01 0.0000000000000000e+00 1
-3.0228931482300381e-01 -3.4169409344785612e-01 0.0000000000000000e+00 1
-3.0827529476331816e-01 -3.3712010884149035e-01 0.0000000000000000e+00 1
-1.2537980349552666e-01 4.4827599326828789e-02 0.0000000000000000e+00 1
-2.6843743961504596e-01 -1.8732268169707877e-01 0.0000000000000000e+00 1
-2.6687480931054630e-01 -1.7697920571799269e-01 0.0000000000000000e+00 1
1.9177879740779208e-01 2.2743996182178897e-01 0.0000000000000000e+00 1
-2.0055770177792087e-01 -3.1424124755921670e-02 0.0000000000000000e+00 1
1.9357859746863282e-01 -2.5447487131148160e-02 0.0000000000000000e+00 1
1.9140386375587620e-01 -3.7865143230390655e-02 0.0000000000000000e+00 1
5.0188372338006965e-02 -1.0468022247794775e-02 0.0000000000000000e+00 1
-7.0259112202522192e-02 8.8493277496466030e-02 0.0000000000000000e+00 1
-8.0377069278256399e-02 9.5748552223036326e-02 0.0000000000000000e+00 1
-9.1609695238986613e-02 9.1253044490164026e-02 0.0000000000000000e+00 1
1.5231521347545479e-01 -1.2902834063245705e-01 0.0000000000000000e+00 1
1.5022104173506690e-01 -1.3933500424675899e-01 0.0000000000000000e+00 1
2.7693750661922861e-01 2.8301165880518242e-01 0.0000000000000000e+00 1
2.6463068159584341e-01 2.7974023675285281e-01 0.0000000000000000e+00 1
-2.9666970786607250e-01 -3.4606363296894493e-01 0.0000000000000000e+00 1
1.7356136136564088e-01 3.9275593868484504e-01 0.0000000000000000e+00 1
-1.0823444500777100e-01 3.1828178540683288e-02 0.0000000000000000e+00 1
1.7212849376642680e-01 -8.2811863826237689e-02 0.0000000000000000e+00 1
1.3829021479197703e-01 1.1186298226315722e-01 0.0000000000000000e+00 1
1.3627386737365066e-01 9.9254819482199969e-02 0.0000000000000000e+00 1
1.6277916000296452e-01 3.8865183871906384e-01 0.0000000000000000e+00 1
1.6087858704012156e-01 3.7713195656065596e-01 0.0000000000000000e+00 1
2.5707674892424875e-01 3.1225260452032177e-01 0.0000000000000000e+00 1
-2.2411938634542208e-01 -2.5636066103552402e-01 0.0000000000000000e+00 1
-1.5567035458267894e-01 -1.6126790553967291e-01 0.0000000000000000e+00 1
-1.5448626849488900e-01 -1.5112581496671407e-01 0.0000000000000000e+00 1
3.1220506249512850e-02 -9.0388359923903122e-02 0.0000000000000000e+00 1
9.7064805034982382e-02 2.3036883261340641e-02 0.0000000000000000e+00 1
9.4963653476082113e-02 1.1953467677232214e-02 0.0000000000000000e+00 1
1.4047641761752652e-01 -1.4277198678923092e-01 0.0000000000000000e+00 1
1.4811906913487721e-01 -1.4946423436374845e-01 0.0000000000000000e+00 1
1.3861272112289977e-01 -1.5271091886451571e-01 0.0000000000000000e+00 1
1.5765214078005164e-02 5.1828512111108380e-02 0.0000000000000000e+00 1
5.8288173683164524e-02 2.7381932131026276e-01 0.0000000000000000e+00 1
1.5445676456248553e-01 -6.8020805795762612e-02 0.0000000000000000e+00 1
1.0692727559656991e-01 1.9498955430385437e-01 0.0000000000000000e+00 1
-2.5226420264889049e-01 -1.4218052714105153e-01 0.0000000000000000e+00 1
-2.5073102154211430e-01 -1.3191617983535670e-01 0.0000000000000000e+00 1
3.2671581322039983e-01 3.4312252111042213e-01 0.0000000000000000e+00 1
1.0413066823615397e-01 -1.4434617017890078e-01 0.0000000000000000e+00 1
1.1126095192661224e-01 -1.5051709346489334e-01 0.0000000000000000e+00 1
-1.2393723130703799e-01 5.5676390367670053e-02 0.0000000000000000e+00 1
-1.9973135798070926e-01 -2.3770102628937202e-02 0.0000000000000000e+00 1
1.5188886827817141e-01 2.5994478755607187e-01 0.0000000000000000e+00 1
-1.6981749414717334e-01 6.6879684183596675e-04 0.0000000000000000e+00 1
-3.0574911867159904e-01 -3.1432960160925499e-01 0.0000000000000000e+00 1
-3.1295440888790726e-01 -3.1736209762252698e-01 0.0000000000000000e+00 1
-3.1200988579212718e-01 -3.0968452443639255e-01 0.0000000000000000e+00 1
-1.7379543169543424e-01 -4.2799803770464315e-02 0.0000000000000000e+00 1
-2.1074266635225131e-01 -5.0871037858883042e-02 0.0000000000000000e+00 1
-2.1212073816312371e-01 -5.9028613745837566e-02 0.0000000000000000e+00 1
8.4449637318212534e-02 8.1223291808675824e-03 0.0000000000000000e+00 1
-2.6638941379997616e-01 -2.9809555477497801e-01 0.0000000000000000e+00 1
-2.5795586814486732e-01 -2.9479141000598874e-01 0.0000000000000000e+00 1
-2.5923073024339305e-01 -3.0382457491357240e-01 0.0000000000000000e+00 1
-2.5083974409619270e-01 -3.0045534541514052e-01 0.0000000000000000e+00 1
-2.4940540363328315e-01 -2.9134366809518158e-01 0.0000000000000000e+00 1
1.8577501081751441e-01 1.8889230256167211e-01 0.0000000000000000e+00 1
6.6166780524461594e-03 -6.1203198448814722e-02 0.0000000000000000e+00 1
1.4184475808571122e-02 -5.8158782107162091e-02 0.0000000000000000e+00 1
-2.6986932913150757e-01 -1.9775546008018621e-01 0.0000000000000000e+00 1
1.3458141226841547e-02 2.1981479729104181e-01 0.0000000000000000e+00 1
6.2649320121498209e-02 1.6378894675200348e-01 0.0000000000000000e+00 1
6.1042934290842593e-02 1.5106431673613577e-01 0.0000000000000000e+00 1
-4.0718079866616089e-02 -4.3198509856893531e-02 0.0000000000000000e+00 1
-1.6576218007514137e-03 -7.2134239068386077e-02 0.0000000000000000e+00 1
3.1918744605164717e-01 3.9188264536135720e-01 0.0000000000000000e+00 1
3.1792876670954129e-01 3.8222446321934667e-01 0.0000000000000000e+00 1
3.2824138300866001e-01 3.5359051465898123e-01 0.0000000000000000e+00 1
-1.6650952598332061e-01 -1.7552723460654673e-01 0.0000000000000000e+00 1
-1.7618682867057772e-01 -1.7947485465436896e-01 0.0000000000000000e+00 1
2.1033828895938050e-01 3.7563529581680732e-01 0.0000000000000000e+00 1
1.6989525954637344e-01 -3.2985253632029157e-02 0.0000000000000000e+00 1
-2.8202270094184888e-03 -7.9750491283745770e-02 0.0000000000000000e+00 1
3.2313509946685059e-01 3.1017190083344565e-01 0.0000000000000000e+00 1
3.2176011422166756e-01 2.9877403846607942e-01 0.0000000000000000e+00 1
1.7424530069295741e-01 -7.1289695958067820e-02 0.0000000000000000e+00 1
-2.2262028279845197e-01 -2.4627199305833725e-01 0.0000000000000000e+00 1
5.0408160688122282e-02 1.0137590074493702e-01 0.0000000000000000e+00 1
2.1792393086723277e-01 4.0205605547691932e-02 0.0000000000000000e+00 1
4.1606699727205924e-02 -7.0398823665839619e-02 0.0000000000000000e+00 1
-7.9310463405570797e-02 3.3706497860858844e-02 0.0000000000000000e+00 1
-2.3328164474999202e-01 -8.9599872576255041e-02 0.0000000000000000e+00 1
-6.3323433410441665e-02 6.8736458830375866e-02 0.0000000000000000e+00 1
-5.2484455024752658e-02 1.4273830867719844e-01 0.0000000000000000e+00 1
-4.0427636163585898e-02 1.4752115018799852e-01 0.0000000000000000e+00 1
1.4602275186757011e-01 -1.5924130987968285e-01 0.0000000000000000e+00 1
1.3691463875701920e-01 -1.6241040152198866e-01 0.0000000000000000e+00 1
1.8184133529854977e-02 5.2399012417224076e-03 0.0000000000000000e+00 1
-2.7819618530391510e-01 -1.9126049662440309e-01 0.0000000000000000e+00 1
-2.7961036172324516e-01 -2.0166291926748642e-01 0.0000000000000000e+00 1
-2.2577707602915575e-01 -2.6652061709751595e-01 0.0000000000000000e+00 1
1.8266264178512143e-01 3.0560759012344951e-01 0.0000000000000000e+00 1
1.8462672272355340e-01 3.1768502356765765e-01 0.0000000000000000e+00 1
-2.5222487889393896e-01 -3.0943804135127362e-01 0.0000000000000000e+00 1
-4.6858617921552465e-02 9.5005467775373387e-03 0.0000000000000000e+00 1
-2.3193763548881788e-01 -8.0247942699854427e-02 0.0000000000000000e+00 1
1.5172171563995812e-01 3.8457505017503368e-01 0.0000000000000000e+00 1
1.4975562470352291e-01 3.7286804033329091e-01 0.0000000000000000e+00 1
1.2237983386302578e-01 -6.6226730987338552e-03 0.0000000000000000e+00 1
3.1838873370386837e-03 -8.5372496550933305e-02 0.0000000000000000e+00 1
-1.6032193301036841e-02 -1.8733942818592954e-02 0.0000000000000000e+00 1
-2.5980104642614526e-03 5.5345729584335618e-02 0.0000000000000000e+00 1
-1.2979134750014013e-02 5.1528403007376822e-02 0.0000000000000000e+00 1
-1.4862703279432673e-02 4.1348762506054272e-02 0.0000000000000000e+00 1
-2.1450276314379246e-01 -2.5260162117759055e-01 0.0000000000000000e+00 1
-2.1296102088082350e-01 -2.4235372122524707e-01 0.0000000000000000e+00 1
-3.1923861964266015e-01 -3.1272051698544251e-01 0.0000000000000000e+00 1
-3.1829884680166681e-01 -3.0493092497753627e-01 0.0000000000000000e+00 1
-3.2010349450203041e-01 -3.2042795467629337e-01 0.0000000000000000e+00 1
-3.0313515377471534e-01 -3.4879237644451383e-01 0.0000000000000000e+00 1
1.7659566244882002e-01 3.5114270343736598e-01 0.0000000000000000e+00 1
1.4393935679064418e-01 -1.6868808573852614e-01 0.0000000000000000e+00 1
1.3520384809463468e-01 -1.7176077196680012e-01 0.0000000000000000e+00 1
1.4191905311033584e-01 -1.7769163540742849e-01 0.0000000000000000e+00 1
1.3350880352745409e-01 -1.8066617260300241e-01 0.0000000000000000e+00 1
1.2699598542603679e-01 -1.7485727034447368e-01 0.0000000000000000e+00 1
1.8366926758450514e-01 1.7596946059555410e-01 0.0000000000000000e+00 1
-3.7227660672724830e-02 9.0074481574923676e-02 0.0000000000000000e+00 1
3.1006866598394578e-01 3.5563754537138964e-01 0.0000000000000000e+00 1
9.4685036502410294e-02 1.9025044096521229e-01 0.0000000000000000e+00 1
2.3841876581030821e-01 4.3434172359247986e-01 0.0000000000000000e+00 1
2.2916759963140410e-01 4.3088132480412067e-01 0.0000000000000000e+00 1
2.4759956752503501e-01 4.3782615588677343e-01 0.0000000000000000e+00 1
2.5511991321947403e-01 4.3177472327269684e-01 0.0000000000000000e+00 1
2.2830905640297949e-01 3.1834337730288813e-02 0.0000000000000000e+00 1
2.3052862984188854e-01 4.5073857219472380e-02 0.0000000000000000e+00 1
3.2038206114585865e-01 4.0139772490447845e-01 0.0000000000000000e+00 1
-2.0662563580651444e-01 -2.6754861140627792e-02 0.0000000000000000e+00 1
-2.1890167103809371e-01 -5.4157941386506460e-02 0.0000000000000000e+00 1
1.3996063978097872e-01 -1.8616685359526822e-01 0.0000000000000000e+00 1
-1.3480077706906501e-01 1.6372859619156237e-02 0.0000000000000000e+00 1
-1.2627933701706329e-01 1.2525010660443654e-02 0.0000000000000000e+00 1
1.0562818854522711e-01 1.6116717883666247e-02 0.0000000000000000e+00 1
1.0825543277286301e-01 2.6142232090180052e-02 0.0000000000000000e+00 1
1.5401131541389002e-01 2.7247212667868653e-01 0.0000000000000000e+00 1
-8.9991134904482462e-02 1.0310573206587617e-01 0.0000000000000000e+00 1
6.0647305775040530e-02 2.8731314925564871e-01 0.0000000000000000e+00 1
-8.6942296245005879e-03 -7.4952416202524019e-02 0.0000000000000000e+00 1
-8.0638746100635626e-03 -6.7131827427163046e-02 0.0000000000000000e+00 1
-9.8470805310016084e-03 -8.2134461704008122e-02 0.0000000000000000e+00 1
-6.8848334954929702e-02 1.0041946834470780e-01 0.0000000000000000e+00 1
-1.6891075115959653e-01 1.0138434400340981e-02 0.0000000000000000e+00 1
2.3058665556039193e-01 2.6672823912834720e-01 0.0000000000000000e+00 1
2.2873287838494061e-01 2.5434436053392184e-01 0.0000000000000000e+00 1
-6.4504901807541176e-02 1.3791343904047587e-01 0.0000000000000000e+00 1
-1.6992712343457841e-01 -1.2868855045030292e-01 0.0000000000000000e+00 1
-1.6040791118586975e-01 -1.2518650265623413e-01 0.0000000000000000e+00 1
-2.1555245688840874e-01 -8.3264634045308386e-02 0.0000000000000000e+00 1
-2.0789644649822941e-01 -8.8389928174855942e-02 0.0000000000000000e+00 1
-1.4652968566362409e-01 -1.5736122092106175e-01 0.0000000000000000e+00 1
-1.4493959744835952e-01 -1.4742109370306464e-01 0.0000000000000000e+00 1
-2.1689640390331025e-01 -4.5585440622443608e-02 0.0000000000000000e+00 1
5.6665517531688980e-04 2.1486508113196379e-01 0.0000000000000000e+00 1
-1.6074990911892893e-03 2.0118808564660526e-01 0.0000000000000000e+00 1
-2.2120830044202122e-01 -1.2123811983127419e-01 0.0000000000000000e+00 1
-2.4212990820945252e-01 -2.9713856978510600e-01 0.0000000000000000e+00 1
2.9198229949994270e-01 3.8063733928316523e-01 0.0000000000000000e+00 1
-1.6836783821052737e-01 -1.8588133214770181e-01 0.0000000000000000e+00 1
-1.7774977730324987e-01 -1.8991568967492151e-01 0.0000000000000000e+00 1
-2.4059327138408462e-01 -2.8802292117317013e-01 0.0000000000000000e+00 1
-2.4565271964594354e-01 -1.5886687041156605e-01 0.0000000000000000e+00 1
2.0308606477064578e-01 -3.2865233448713463e-02 0.0000000000000000e+00 1
2.0546941146271203e-01 -2.0851117189027855e-02 0.0000000000000000e+00 1
1.0250126643790966e-01 -1.5358117939857094e-01 0.0000000000000000e+00 1
9.5916564207805949e-02 -1.4778264589801021e-01 0.0000000000000000e+00 1
1.0912760477540152e-01 -1.5952473741341780e-01 0.0000000000000000e+00 1
2.7823993985602058e-01 3.3329972423821586e-01 0.0000000000000000e+00 1
1.6029363274430974e-01 -1.3595121890051268e-01 0.0000000000000000e+00 1
1.6247895274429239e-01 -1.2558582569327584e-01 0.0000000000000000e+00 1
-1.0117435416944472e-01 9.8550764146343783e-02 0.0000000000000000e+00 1
1.8305024463021272e-01 -7.8869946196219273e-02 0.0000000000000000e+00 1
-2.0336605615428693e-01 -1.8082949238691548e-01 0.0000000000000000e+00 1
-2.0483969507798289e-01 -1.9115271206848691e-01 0.0000000000000000e+00 1
2.9335395240180695e-01 3.0862982427535390e-01 0.0000000000000000e+00 1
-2.0659836494134901e-02 1.3134286739037696e-01 0.0000000000000000e+00 1
1.8499693160772990e-01 -6.7617086785505501e-02 0.0000000000000000e+00 1
2.0187787000418050e-01 -4.5599569372961897e-02 0.0000000000000000e+00 1
9.2481575098731672e-02 1.7761550355818317e-01 0.0000000000000000e+00 1
-1.3362598482009547e-01 5.1410673420695344e-02 0.0000000000000000e+00 1
1.8045604414714339e-01 -9.1399174386715187e-02 0.0000000000000000e+00 1
2.5648700377451783e-01 4.4126850689085884e-01 0.0000000000000000e+00 1
2.6397010495682738e-01 4.3529013696930768e-01 0.0000000000000000e+00 1
1.4801089958400640e-01 1.0372210904774107e-01 0.0000000000000000e+00 1
1.5029988430050290e-01 1.1629033341413930e-01 0.0000000000000000e+00 1
3.2689038985131141e-01 3.8601078627733665e-01 0.0000000000000000e+00 1
9.2851199387089370e-02 9.2591176168700055e-04 0.0000000000000000e+00 1
-1.4730935757695465e-01 -1.5605124727150950e-02 0.0000000000000000e+00 1
1.8601086859787869e-01 -5.2513372497692166e-03 0.0000000000000000e+00 1
3.1105558051181115e-01 2.9436388048396600e-01 0.0000000000000000e+00 1
3.2026829038699778e-01 2.8713935151290809e-01 0.0000000000000000e+00 1
-1.3534005297921850e-01 4.0648104706526439e-02 0.0000000000000000e+00 1
-2.3336668789112034e-02 4.7991709721928122e-02 0.0000000000000000e+00 1
1.2534165563386396e-01 -1.8328591246012288e-01 0.0000000000000000e+00 1
2.3025037493375045e-01 3.8384829757143346e-01 0.0000000000000000e+00 1
1.2196181965446748e-01 -9.0992255703377156e-02 0.0000000000000000e+00 1
1.2379401748655174e-01 -8.0467235545071375e-02 0.0000000000000000e+00 1
-5.0670174458825726e-02 1.5572352782508328e-01 0.0000000000000000e+00 1
-3.8370937365046577e-02 1.6055665107868844e-01 0.0000000000000000e+00 1
-1.3224498595448841e-01 6.2407592184513375e-02 0.0000000000000000e+00 1
-2.6041896666829623e-01 -1.3573571523451031e-01 0.0000000000000000e+00 1
-2.6195609598580927e-01 -1.4606662787488245e-01 0.0000000000000000e+00 1
4.2782149648703804e-02 5.4894162444955603e-02 0.0000000000000000e+00 1
8.6917018539224358e-02 7.0946818552927060e-02 0.0000000000000000e+00 1
9.8337343658718129e-02 7.5048026139306084e-02 0.0000000000000000e+00 1
-2.9763647409210048e-01 -3.5306302325270167e-01 0.0000000000000000e+00 1
-2.9121301045993286e-01 -3.5044321706027454e-01 0.0000000000000000e+00 1
-3.8908258748212576e-02 7.8419800087812547e-02 0.0000000000000000e+00 1
-1.2793413846820473e-01 1.1960987221950930e-03 0.0000000000000000e+00 1
1.5525463059468556e-01 -1.5616481199682375e-01 0.0000000000000000e+00 1
9.7474532107043904e-02 2.2657379131260513e-01 0.0000000000000000e+00 1
1.1006172094951479e-01 2.3096215682387392e-01 0.0000000000000000e+00 1
4.7749559993332510e-02 2.8261539829561361e-01 0.0000000000000000e+00 1
4.5407921280943273e-02 2.6900784476883688e-01 0.0000000000000000e+00 1
-1.6987237011590434e-01 -1.9636050501647320e-01 0.0000000000000000e+00 1
-1.7939641753537819e-01 -2.0013374463593381e-01 0.0000000000000000e+00 1
8.2372158513988825e-02 -2.7303872920167627e-03 0.0000000000000000e+00 1
1.4575311019957696e-01 9.1120491886494140e-02 0.0000000000000000e+00 1
1.3410051788553384e-01 8.6671139032818645e-02 0.0000000000000000e+00 1
2.6263372881162494e-01 4.2582662566276097e-01 0.0000000000000000e+00 1
2.7154491684497878e-01 4.2908524501541823e-01 0.0000000000000000e+00 1
2.7279199825053502e-01 4.3867497394732269e-01 0.0000000000000000e+00 1
2.8027805305524528e-01 4.3255891958982273e-01 0.0000000000000000e+00 1
-1.2374541913962759e-02 2.0988458802968812e-01 0.0000000000000000e+00 1
-1.4524809324688442e-02 1.9618955019036027e-01 0.0000000000000000e+00 1
-2.5321680662114755e-02 2.0490549493177615e-01 0.0000000000000000e+00 1
-2.6819732912447568e-02 1.9100769231858367e-01 0.0000000000000000e+00 1
-1.5340886038471450e-02 1.8219637774206124e-01 0.0000000000000000e+00 1
1.6469358224885225e-01 4.0009367320324851e-01 0.0000000000000000e+00 1
1.5299421054229129e-01 3.4257036940442420e-01 0.0000000000000000e+00 1
-1.1894315188651358e-01 5.0750445790254013e-03 0.0000000000000000e+00 1
2.2275471089164167e-01 3.5244228622877510e-01 0.0000000000000000e+00 1
-4.9145632857765811e-02 1.6843707017300358e-01 0.0000000000000000e+00 1
-2.8794211744812293e-01 -1.9520710896519114e-01 0.0000000000000000e+00 1
-2.8938191041397676e-01 -2.0559001307279226e-01 0.0000000000000000e+00 1
-2.2001947592652560e-01 -6.2747219947465016e-02 0.0000000000000000e+00 1
3.2577930780571740e-01 3.7642963392890061e-01 0.0000000000000000e+00 1
-1.5922722393387675e-01 -1.8120326600879233e-01 0.0000000000000000e+00 1
-2.6062705595414704e-01 -3.1266894141746754e-01 0.0000000000000000e+00 1
-2.5366576775895716e-01 -3.1819247052915178e-01 0.0000000000000000e+00 1
-2.6187338570828689e-01 -3.2131029553729779e-01 0.0000000000000000e+00 1
1.4052129935130592e-01 3.8042490746113350e-01 0.0000000000000000e+00 1
1.3849844256509086e-01 3.6846150072790756e-01 0.0000000000000000e+00 1
1.1910502206769405e-01 -1.7803542569813904e-01 0.0000000000000000e+00 1
1.5897636835501722e-01 3.3490322715195608e-01 0.0000000000000000e+00 1
-1.3789090132002368e-01 -1.5343259802527631e-01 0.0000000000000000e+00 1
-1.3585000141287190e-01 -1.4361696091541065e-01 0.0000000000000000e+00 1
-1.4378427836989549e-01 -1.3760860299620065e-01 0.0000000000000000e+00 1
-1.3435759858648938e-01 -1.3397639185223295e-01 0.0000000000000000e+00 1
-1.4223771134199542e-01 -1.2803422182167368e-01 0.0000000000000000e+00 1
-1.3310997708812727e-01 -1.2447349033885519e-01 0.0000000000000000e+00 1
-1.4099749992218275e-01 -1.1862849523781671e-01 0.0000000000000000e+00 1
-1.3190824470706541e-01 -1.1515251049228550e-01 0.0000000000000000e+00 1
-1.2444236613848711e-01 -1.2073989024590172e-01 0.0000000000000000e+00 1
-1.2329991212050108e-01 -1.1155793157886192e-01 0.0000000000000000e+00 1
-1.3057207543059327e-01 -1.0594874480689609e-01 0.0000000000000000e+00 1
-1.2204703507357414e-01 -1.0253371809053415e-01 0.0000000000000000e+00 1
-1.1484528460799071e-01 -1.0803176084198798e-01 0.0000000000000000e+00 1
-1.1364003075238346e-01 -9.9132301549222673e-02 0.0000000000000000e+00 1
-1.0653138405656988e-01 -1.0456860565667041e-01 0.0000000000000000e+00 1
-1.0538166242286563e-01 -9.5836794595670696e-02 0.0000000000000000e+00 1
-1.1238618535758356e-01 -9.0370059269038253e-02 0.0000000000000000e+00 1
-1.0417303193215667e-01 -8.7173915188302281e-02 0.0000000000000000e+00 1
-9.7317973062664070e-02 -9.2504383443832716e-02 0.0000000000000000e+00 1
-9.6117385761821883e-02 -8.3994994557943015e-02 0.0000000000000000e+00 1
-8.9480883225463159e-02 -8.9105474051232661e-02 0.0000000000000000e+00 1
-8.8307455611333158e-02 -8.0862180778186604e-02 0.0000000000000000e+00 1
-8.1783191306009501e-02 -8.5875626673217353e-02 0.0000000000000000e+00 1
-8.0577620872340661e-02 -7.7693762533653482e-02 0.0000000000000000e+00 1
-8.7105913401422319e-02 -7.2632161557745878e-02 0.0000000000000000e+00 1
-7.9344497748469786e-02 -6.9514760402107412e-02 0.0000000000000000e+00 1
-7.4261625127954728e-02 -8.2760363368342846e-02 0.0000000000000000e+00 1
-8.5887431957961502e-02 -6.4421136217220246e-02 0.0000000000000000e+00 1
-7.8154466022150176e-02 -6.1377200393924011e-02 0.0000000000000000e+00 1
-7.1686787298496674e-02 -6.6448342998786492e-02 0.0000000000000000e+00 1
-7.0494968463755830e-02 -5.8390138367079902e-02 0.0000000000000000e+00 1
-7.6889205584218273e-02 -5.3220222118111983e-02 0.0000000000000000e+00 1
-9.3690824889174129e-02 -6.7461550663594674e-02 0.0000000000000000e+00 1
-6.9166267456880731e-02 -5.0230841644057569e-02 0.0000000000000000e+00 1
-9.0554214016467016e-02 -9.7499225928389596e-02 0.0000000000000000e+00 1
-1.1110134704945257e-01 -8.1743019174818327e-02 0.0000000000000000e+00 1
-1.1932287116276447e-01 -8.4899775875291184e-02 0.0000000000000000e+00 1
-7.5393479840105984e-02 -9.0629348769430018e-02 0.0000000000000000e+00 1
-6.8174973111147660e-02 -8.7720264301405962e-02 0.0000000000000000e+00 1
-1.0771798811283137e-01 -1.1339092670224271e-01 0.0000000000000000e+00 1
-6.4225554658920853e-02 -6.3513124702132800e-02 0.0000000000000000e+00 1
-7.5367199533259238e-02 -4.4986856754106463e-02 0.0000000000000000e+00 1
-9.2438240199225641e-02 -5.9135402334747164e-02 0.0000000000000000e+00 1
-6.7635328321438953e-02 -4.2022256651092244e-02 0.0000000000000000e+00 1
-6.1336557377392201e-02 -4.7534615856692580e-02 0.0000000000000000e+00 1
-1.0034295397247903e-01 -6.2215540007140899e-02 0.0000000000000000e+00 1
-6.9378895167614529e-02 -9.4888241278462571e-02 0.0000000000000000e+00 1
-1.1805019759331428e-01 -7.6246047391671137e-02 0.0000000000000000e+00 1
-6.2315772083710086e-02 -9.2168401928780785e-02 0.0000000000000000e+00 1
-6.1269767242845996e-02 -8.5056755069901763e-02 0.0000000000000000e+00 1
-1.2635308823943889e-01 -1.3916892843309275e-01 0.0000000000000000e+00 1
-1.2630967625895645e-01 -7.9414818058734432e-02 0.0000000000000000e+00 1
1.8601224151989093e-01 3.4457183023802929e-01 0.0000000000000000e+00 1
-2.0578834884636793e-01 -1.9358690164909542e-02 0.0000000000000000e+00 1
-1.9896390108507170e-01 -1.6389359083946970e-02 0.0000000000000000e+00 1
-9.4926394849292828e-02 -3.4913369834687562e-02 0.0000000000000000e+00 1
5.9117257884926708e-02 -6.1623936634199780e-02 0.0000000000000000e+00 1
-2.1255467020707097e-01 -2.2290028734516180e-02 0.0000000000000000e+00 1
-2.0651286429711649e-01 -7.9538900004994736e-02 0.0000000000000000e+00 1
-1.9922777453003873e-01 -8.4893648274980332e-02 0.0000000000000000e+00 1
2.7311780607981039e-03 2.2858815232281571e-01 0.0000000000000000e+00 1
1.5694405205836828e-02 2.3335981265511416e-01 0.0000000000000000e+00 1
7.7129742006284913e-03 -5.3085857186455893e-02 0.0000000000000000e+00 1
1.5445780631592545e-02 -4.9893546726041384e-02 0.0000000000000000e+00 1
1.4195015142514170e-01 2.6791788199408095e-01 0.0000000000000000e+00 1
1.3981455013012725e-01 2.5533290654371116e-01 0.0000000000000000e+00 1
-2.4114379976481765e-01 -1.2808950827215099e-01 0.0000000000000000e+00 1
-2.4917418143537864e-01 -1.2171670308312035e-01 0.0000000000000000e+00 1
3.3653125308764631e-01 3.4714076504689484e-01 0.0000000000000000e+00 1
3.3514644708404551e-01 3.3660525924913220e-01 0.0000000000000000e+00 1
-2.3320355301502929e-01 -2.9377614136514918e-01 0.0000000000000000e+00 1
7.1375447199508724e-02 1.5579167696387261e-01 0.0000000000000000e+00 1
7.0289614905148082e-02 1.4286313512323148e-01 0.0000000000000000e+00 1
5.8947548144108221e-02 1.3827653854246125e-01 0.0000000000000000e+00 1
6.8859444055245744e-02 1.3020900780844535e-01 0.0000000000000000e+00 1
5.2446559462485026e-02 -9.8917260211913396e-02 0.0000000000000000e+00 1
4.4068019108103221e-02 -1.0180677624947085e-01 0.0000000000000000e+00 1
5.0674772445200175e-02 -1.0749914759224174e-01 0.0000000000000000e+00 1
7.4020147209579126e-02 4.3386242413204438e-03 0.0000000000000000e+00 1
-9.9538275031405138e-02 -1.1001389665089842e-01 0.0000000000000000e+00 1
-1.0065522405571276e-01 -1.1867900483650118e-01 0.0000000000000000e+00 1
2.9068222615043326e-01 3.5915177161523398e-01 0.0000000000000000e+00 1
3.1292693038728159e-01 4.0714456290642187e-01 0.0000000000000000e+00 1
3.2162625693678354e-01 4.1066510682524010e-01 0.0000000000000000e+00 1
3.1486521774654619e-01 4.1593881253271592e-01 0.0000000000000000e+00 1
-2.7940843614805633e-01 -3.2590621924865254e-01 0.0000000000000000e+00 1
-2.1347806550707918e-01 -2.9672543731969328e-02 0.0000000000000000e+00 1
2.1261206375423514e-01 3.4828724459911814e-01 0.0000000000000000e+00 1
-1.7751012525436738e-01 6.1140497458819602e-03 0.0000000000000000e+00 1
-1.7850452852241594e-01 -3.4551973940903993e-03 0.0000000000000000e+00 1
-1.8600947916140692e-01 2.1414922345509842e-03 0.0000000000000000e+00 1
-7.6392725765016475e-02 -9.8305154959634461e-02 0.0000000000000000e+00 1
-2.8118534804075995e-01 -2.1201404922892902e-01 0.0000000000000000e+00 1
-2.9122801325821135e-01 -2.1557250156058561e-01 0.0000000000000000e+00 1
-2.8227839024275991e-01 -2.2229548199187676e-01 0.0000000000000000e+00 1
-2.9341076373931446e-01 -2.2649745869357582e-01 0.0000000000000000e+00 1
-2.2782471112693176e-02 5.9338215849905701e-02 0.0000000000000000e+00 1
1.7576500911466475e-01 -6.0081433106930475e-02 0.0000000000000000e+00 1
1.9627106633172703e-01 3.2173359724428030e-01 0.0000000000000000e+00 1
6.5912055892572256e-05 -5.6247255358508302e-02 0.0000000000000000e+00 1
-2.0122065285392432e-01 -1.0412899959762213e-01 0.0000000000000000e+00 1
2.3236152273831706e-01 2.7905213964131642e-01 0.0000000000000000e+00 1
-1.5951912187036066e-01 -1.1524428066104782e-01 0.0000000000000000e+00 1
1.7546003161440937e-01 4.0414107993536086e-01 0.0000000000000000e+00 1
1.6661890016977615e-01 4.1141885030720277e-01 0.0000000000000000e+00 1
-2.4308133610156202e-01 -2.6360433709432729e-01 0.0000000000000000e+00 1
1.1328426492016019e-01 2.4470457260651940e-01 0.0000000000000000e+00 1
8.1485974685156864e-02 1.8631120904758247e-01 0.0000000000000000e+00 1
1.9593286203451091e-01 1.8062438181782062e-01 0.0000000000000000e+00 1
1.9802774277718135e-01 1.9357836559456795e-01 0.0000000000000000e+00 1
-2.9595470184177908e-01 -2.8494987663993865e-01 0.0000000000000000e+00 1
-3.0394172064778147e-01 -2.8836711477664512e-01 0.0000000000000000e+00 1
-3.0301318361188162e-01 -2.7964369168000258e-01 0.0000000000000000e+00 1
-3.1102102856432390e-01 -2.8305123866822879e-01 0.0000000000000000e+00 1
-3.1005913582760214e-01 -2.7432642371476956e-01 0.0000000000000000e+00 1
-3.1819864804728576e-01 -2.7786260719910338e-01 0.0000000000000000e+00 1
-3.1719833591582286e-01 -2.6894416928233045e-01 0.0000000000000000e+00 1
-3.0907669227484824e-01 -2.6533797840005036e-01 0.0000000000000000e+00 1
-3.1920844773997498e-01 -2.8784649371092758e-01 0.0000000000000000e+00 1
2.4048286663590940e-01 3.6863943813124550e-02 0.0000000000000000e+00 1
2.4321477663702573e-01 5.0061282664517009e-02 0.0000000000000000e+00 1
2.3960087709275676e-01 2.2617917159185021e-02 0.0000000000000000e+00 1
1.6607599228617126e-01 2.7700084909819134e-01 0.0000000000000000e+00 1
1.5591333250317330e-01 2.8459448753113653e-01 0.0000000000000000e+00 1
-4.5712588622524655e-02 1.0979619492193024e-01 0.0000000000000000e+00 1
-3.2558582346259368e-01 -3.0801248355408783e-01 0.0000000000000000e+00 1
1.7729527836310688e-01 4.1532437039289488e-01 0.0000000000000000e+00 1
-2.0511232863751805e-01 -2.4873218216557072e-01 0.0000000000000000e+00 1
-2.0363868841969537e-01 -2.3830895926990064e-01 0.0000000000000000e+00 1
3.5258130540440732e-02 7.3431659231714311e-02 0.0000000000000000e+00 1
-2.8576327969348259e-01 -2.6265928698032914e-01 0.0000000000000000e+00 1
-1.5895245610871658e-01 -4.5055840053570530e-02 0.0000000000000000e+00 1
2.1653263906133910e-02 -2.8484112174908656e-02 0.0000000000000000e+00 1
1.9795731503750372e-01 1.3000863273960761e-01 0.0000000000000000e+00 1
1.9982423597095655e-01 1.4364894499721714e-01 0.0000000000000000e+00 1
1.8744277018169245e-01 1.3827707426081096e-01 0.0000000000000000e+00 1
7.3472927890732634e-02 2.9200455432067324e-01 0.0000000000000000e+00 1
6.3027820304359550e-02 3.0076233741449931e-01 0.0000000000000000e+00 1
7.5798926753986973e-02 3.0545620281217734e-01 0.0000000000000000e+00 1
1.7382947510101399e-01 3.1323329185906701e-01 0.0000000000000000e+00 1
2.4799390715698380e-01 2.3683193738331923e-01 0.0000000000000000e+00 1
2.3619833221313735e-01 2.3285029078723954e-01 0.0000000000000000e+00 1
-1.4779690645010990e-01 -1.6749791425380295e-01 0.0000000000000000e+00 1
1.4244231960805068e-01 3.9216748296876158e-01 0.0000000000000000e+00 1
-2.8784005922320760e-01 -1.8339254635748872e-01 0.0000000000000000e+00 1
-6.6238223858402417e-02 1.2521299506795608e-01 0.0000000000000000e+00 1
-1.0875793972393336e-01 -1.2197401638781011e-01 0.0000000000000000e+00 1
1.1813773933879951e-01 -1.5671305288327650e-01 0.0000000000000000e+00 1
1.1923395959937369e-01 1.9953402790606095e-01 0.0000000000000000e+00 1
-1.4451099524769481e-01 4.8729443047057473e-02 0.0000000000000000e+00 1
2.7827255596963346e-01 2.1260820991634546e-01 0.0000000000000000e+00 1
2.9031149357288055e-01 2.1753249729786955e-01 0.0000000000000000e+00 1
2.8859870300952789e-01 2.0456185967731702e-01 0.0000000000000000e+00 1
3.0073523570222260e-01 2.0954722496703299e-01 0.0000000000000000e+00 1
2.9901568079683699e-01 1.9643927018080376e-01 0.0000000000000000e+00 1
3.0242247527140431e-01 2.2253990459433595e-01 0.0000000000000000e+00 1
1.2361339033916918e-01 2.3651062152755481e-01 0.0000000000000000e+00 1
1.7143120444731311e-01 1.7136218218898538e-01 0.0000000000000000e+00 1
4.2683014674185157e-02 -1.1039604853870810e-01 0.0000000000000000e+00 1
3.6227921718915264e-02 -1.0433811653729785e-01 0.0000000000000000e+00 1
4.9070064721626283e-02 -1.1604383681465225e-01 0.0000000000000000e+00 1
-2.4890427913534932e-01 -1.7950342077412940e-01 0.0000000000000000e+00 1
3.3801322117655619e-01 3.5709790923656809e-01 0.0000000000000000e+00 1
-2.4809239060411652e-02 3.7405862475365662e-02 0.0000000000000000e+00 1
-1.6614649355897154e-02 3.0900884670384106e-02 0.0000000000000000e+00 1
8.2856174201192567e-02 -7.0887171367256516e-02 0.0000000000000000e+00 1
2.4308075564118303e-01 1.2324394555192741e-01 0.0000000000000000e+00 1
2.5570110421143633e-01 1.2817807275605583e-01 0.0000000000000000e+00 1
2.5368900241361958e-01 1.1471851928963073e-01 0.0000000000000000e+00 1
2.5767090457489211e-01 1.4163698101068944e-01 0.0000000000000000e+00 1
2.6840419457360010e-01 1.3318570511480549e-01 0.0000000000000000e+00 1
2.7039296718977518e-01 1.4673671268372990e-01 0.0000000000000000e+00 1
2.8066291848747238e-01 1.3830427937735335e-01 0.0000000000000000e+00 1
2.8252332200499736e-01 1.5191262132278943e-01 0.0000000000000000e+00 1
2.7905377100317319e-01 1.2473756138886172e-01 0.0000000000000000e+00 1
2.7229240436692725e-01 1.6030141148241348e-01 0.0000000000000000e+00 1
2.8445635037795414e-01 1.6549207480161940e-01 0.0000000000000000e+00 1
-2.9921166672855093e-01 -2.0936876289340384e-01 0.0000000000000000e+00 1
5.7039563843659102e-02 1.2567911854058833e-01 0.0000000000000000e+00 1
-3.1615185530668788e-01 -2.5984788123557612e-01 0.0000000000000000e+00 1
-3.0778293204304158e-01 -2.5613861918506026e-01 0.0000000000000000e+00 1
-3.1504894979972875e-01 -2.5051037380300034e-01 0.0000000000000000e+00 1
-3.0669287530957573e-01 -2.4668270853891122e-01 0.0000000000000000e+00 1
1.4354486752240925e-01 7.8581725752065332e-02 0.0000000000000000e+00 1
1.3181994156557258e-01 7.4198162650705030e-02 0.0000000000000000e+00 1
1.4142004053704299e-01 6.6130555354191267e-02 0.0000000000000000e+00 1
1.2971529741862442e-01 6.1802840647582936e-02 0.0000000000000000e+00 1
1.2232643866884958e-01 8.2645400852495679e-02 0.0000000000000000e+00 1
2.4209995376955701e-01 2.7093910663541454e-01 0.0000000000000000e+00 1
2.4333637848846484e-01 2.8383299758026675e-01 0.0000000000000000e+00 1
-1.2921314233281114e-01 -9.6974082914208740e-02 0.0000000000000000e+00 1
-1.3780274445271037e-01 -1.0033863542833411e-01 0.0000000000000000e+00 1
-1.3633484073715835e-01 -9.1384488094142083e-02 0.0000000000000000e+00 1
3.3239410265269187e-01 3.0314232099859689e-01 0.0000000000000000e+00 1
3.3341819541624351e-01 3.1454840348611596e-01 0.0000000000000000e+00 1
2.2652875522455920e-01 9.1804940635292542e-02 0.0000000000000000e+00 1
-2.8140323702549125e-02 1.5230847213228518e-01 0.0000000000000000e+00 1
2.1714657859418929e-01 2.4970287211215053e-01 0.0000000000000000e+00 1
-7.3997959611962705e-02 -3.6652945422485247e-02 0.0000000000000000e+00 1
1.4394926978032818e-01 -7.2193791395901832e-02 0.0000000000000000e+00 1
1.4564514709977106e-01 -6.0732024344164977e-02 0.0000000000000000e+00 1
-1.2377859695688954e-02 -3.9744257219229848e-02 0.0000000000000000e+00 1
-2.2487733682085911e-01 -1.4101652697378936e-01 0.0000000000000000e+00 1
2.3914781144925884e-01 9.6671343023565684e-02 0.0000000000000000e+00 1
2.3705631177075476e-01 8.3455736953373785e-02 0.0000000000000000e+00 1
2.4984566323008450e-01 8.8147342517966423e-02 0.0000000000000000e+00 1
-2.2700679361679491e-01 -5.7562502520772316e-02 0.0000000000000000e+00 1
1.6746764922967308e-01 3.5856593530110736e-01 0.0000000000000000e+00 1
1.5634715438577199e-01 -5.6653394037123807e-02 0.0000000000000000e+00 1
-8.2754065957494849e-02 -4.7596736552788330e-02 0.0000000000000000e+00 1
-1.0280512139452933e-01 8.6750043186705678e-02 0.0000000000000000e+00 1
-1.1233725221674391e-01 9.3873063065648812e-02 0.0000000000000000e+00 1
-1.1298850983962468e-01 8.1894767578500796e-02 0.0000000000000000e+00 1
2.4003255377803537e-01 4.4384493201706121e-01 0.0000000000000000e+00 1
-2.6248042767906807e-02 2.7049573188547758e-02 0.0000000000000000e+00 1
-1.8274474155617192e-02 2.0682117283282717e-02 0.0000000000000000e+00 1
-2.7585105525380713e-02 1.6890583661053081e-02 0.0000000000000000e+00 1
-1.9680214366905365e-02 1.0670513364286833e-02 0.0000000000000000e+00 1
-1.0490903747520571e-02 1.4335224943140568e-02 0.0000000000000000e+00 1
-1.2088688215997056e-02 4.5729187170050574e-03 0.0000000000000000e+00 1
-2.8811770889727948e-03 8.0424106232220953e-03 0.0000000000000000e+00 1
-2.1032796159193859e-02 1.0026923673932928e-03 0.0000000000000000e+00 1
2.8472997693931101e-01 3.1558803508572947e-01 0.0000000000000000e+00 1
1.1384299742356296e-01 -8.4049168490175852e-02 0.0000000000000000e+00 1
1.1555843378313570e-01 -7.3637903165779575e-02 0.0000000000000000e+00 1
1.0570091137194505e-01 -7.7194702160993861e-02 0.0000000000000000e+00 1
3.0035474927422956e-01 3.7438581513709462e-01 0.0000000000000000e+00 1
2.5543525795527927e-01 3.0068822719731553e-01 0.0000000000000000e+00 1
3.3472483009189002e-01 3.8009005170482746e-01 0.0000000000000000e+00 1
7.3327339372744479e-02 5.5752433160195514e-02 0.0000000000000000e+00 1
-1.1273409812426863e-01 -5.0975385603701059e-02 0.0000000000000000e+00 1
-2.0486476493379097e-01 -1.2166369757968178e-02 0.0000000000000000e+00 1
-1.9789608751109580e-01 -8.2827513246684185e-03 0.0000000000000000e+00 1
-1.9196667759871033e-01 -1.3215972777393125e-02 0.0000000000000000e+00 1
-3.2710308777192727e-02 5.3079910028265766e-02 0.0000000000000000e+00 1
3.1286115564918815e-01 2.1457243465879056e-01 0.0000000000000000e+00 1
3.1391945540838062e-01 2.2740689818837106e-01 0.0000000000000000e+00 1
2.8692569033461562e-01 1.9160596485435172e-01 0.0000000000000000e+00 1
1.6708402026038871e-01 8.0952406542663627e-02 0.0000000000000000e+00 1
-2.1151732176527838e-01 -2.3201968620772698e-01 0.0000000000000000e+00 1
-2.0179437098029190e-01 -2.2788853156572975e-01 0.0000000000000000e+00 1
-1.9300562473055960e-01 -2.3565498698698309e-01 0.0000000000000000e+00 1
-1.9213712171232861e-01 -2.2399491319654455e-01 0.0000000000000000e+00 1
-2.0029416423573926e-01 -2.1736794808942453e-01 0.0000000000000000e+00 1
-1.4148996803764621e-01 -2.9511768772332154e-02 0.0000000000000000e+00 1
-1.1696967071265735e-01 1.3074014664931858e-02 0.0000000000000000e+00 1
9.6190145114256054e-02 6.3310008166011303e-02 0.0000000000000000e+00 1
-2.4064246974280251e-01 -8.3611665061795071e-02 0.0000000000000000e+00 1
-2.4222252973899611e-01 -9.3050739694428050e-02 0.0000000000000000e+00 1
-7.6471940771644695e-02 1.3305146128017112e-01 0.0000000000000000e+00 1
-7.4701711721366360e-02 1.4627367736007460e-01 0.0000000000000000e+00 1
3.4488771219313469e-01 3.4083543231048413e-01 0.0000000000000000e+00 1
-2.5507329127001993e-01 -3.2671563475326149e-01 0.0000000000000000e+00 1
-2.6294896985862981e-01 -3.2987582962416329e-01 0.0000000000000000e+00 1
-7.1629859929730116e-02 1.7959838314708747e-02 0.0000000000000000e+00 1
1.2412918329010750e-01 4.9195264428822279e-03 0.0000000000000000e+00 1
5.7290437636479161e-02 -1.1320368108919998e-01 0.0000000000000000e+00 1
5.5651803844252765e-02 -1.2186459766737892e-01 0.0000000000000000e+00 1
6.4037644815740757e-02 -1.1906674682381382e-01 0.0000000000000000e+00 1
6.2440344234994311e-02 -1.2774847221625601e-01 0.0000000000000000e+00 1
7.0830845424027816e-02 -1.2503777612240177e-01 0.0000000000000000e+00 1
6.9263654170779523e-02 -1.3375872701261504e-01 0.0000000000000000e+00 1
2.2048549029799976e-02 -5.5203432839394218e-02 0.0000000000000000e+00 1
2.3586623416149009e-02 -4.4674224645023651e-02 0.0000000000000000e+00 1
3.0257779504264476e-02 -5.1707198926571121e-02 0.0000000000000000e+00 1
4.4562751628051497e-02 5.9240260990526972e-03 0.0000000000000000e+00 1
-4.8147194309763032e-02 8.5662570321309056e-02 0.0000000000000000e+00 1
1.9559405707127792e-01 -7.6864121744606828e-02 0.0000000000000000e+00 1
1.4820727631635916e-01 -1.8359927296188583e-01 0.0000000000000000e+00 1
1.3537174889257336e-01 -6.5016757631138247e-02 0.0000000000000000e+00 1
2.5854397046819882e-01 3.2377074170896203e-01 0.0000000000000000e+00 1
2.6586512495186931e-01 3.0614774428179486e-01 0.0000000000000000e+00 1
1.2911711588438171e-01 3.7597596514369147e-01 0.0000000000000000e+00 1
1.2701663021018392e-01 3.6396840206941172e-01 0.0000000000000000e+00 1
1.1745612597248024e-01 3.7169407004885047e-01 0.0000000000000000e+00 1
1.1550952193997813e-01 3.5969898506243825e-01 0.0000000000000000e+00 1
1.2979027592806666e-01 2.6339608157961736e-01 0.0000000000000000e+00 1
6.5563441524632476e-02 3.1370054747399195e-01 0.0000000000000000e+00 1
7.8175683887396458e-02 3.1867303972045441e-01 0.0000000000000000e+00 1
-3.2447089178232036e-01 -3.0050650748687174e-01 0.0000000000000000e+00 1
-2.4745153500016465e-01 -2.8245235877460795e-01 0.0000000000000000e+00 1
-2.3179542760432445e-01 -2.8424502864911616e-01 0.0000000000000000e+00 1
1.8154763722781675e-01 1.6302436488925376e-01 0.0000000000000000e+00 1
1.6914948286941139e-01 1.5877027789205789e-01 0.0000000000000000e+00 1
-1.7650705702041727e-01 1.5268986068205866e-02 0.0000000000000000e+00 1
-1.6796910565508094e-01 1.9576620997959905e-02 0.0000000000000000e+00 1
1.0087551671995587e-01 -1.6247770691538357e-01 0.0000000000000000e+00 1
2.3243564274859141e-01 5.7921624739619038e-02 0.0000000000000000e+00 1
2.1691195935199092e-01 -2.8475363797245787e-02 0.0000000000000000e+00 1
2.1763740534051607e-01 -1.6174707102562767e-02 0.0000000000000000e+00 1
1.9097650040092512e-01 1.8441533120843127e-02 0.0000000000000000e+00 1
1.3071046554772361e-01 -1.4575873946859005e-01 0.0000000000000000e+00 1
2.4752208100567108e-01 7.5068006779187207e-02 0.0000000000000000e+00 1
2.6067753920554082e-01 7.9618998273935732e-02 0.0000000000000000e+00 1
2.6267767307214984e-01 9.3137688096071605e-02 0.0000000000000000e+00 1
2.7440851230923013e-01 8.4489425227587428e-02 0.0000000000000000e+00 1
2.5806308518206894e-01 6.6663233472785341e-02 0.0000000000000000e+00 1
-2.3475663819656734e-01 -3.0319050526327107e-01 0.0000000000000000e+00 1
2.8152147892655655e-01 4.4211943419382871e-01 0.0000000000000000e+00 1
2.8877590302284573e-01 4.3632301647137567e-01 0.0000000000000000e+00 1
2.8769829935291957e-01 4.2695908964957680e-01 0.0000000000000000e+00 1
2.9610868799887669e-01 4.3070899123923595e-01 0.0000000000000000e+00 1
2.9731349396166801e-01 4.3979756181950386e-01 0.0000000000000000e+00 1
-1.4590169728684724e-01 3.6776605774392436e-02 0.0000000000000000e+00 1
-1.5389453472580814e-01 4.2876511985762311e-02 0.0000000000000000e+00 1
-6.5630944530312790e-02 -7.1847874132126621e-02 0.0000000000000000e+00 1
-5.8270289675354622e-02 -6.8824194214340911e-02 0.0000000000000000e+00 1
-5.6927726412599716e-02 -6.0789130031364921e-02 0.0000000000000000e+00 1
2.8845590555238820e-01 2.8660750601474361e-01 0.0000000000000000e+00 1
-3.0390992116955823e-01 -3.5553370489708130e-01 0.0000000000000000e+00 1
-3.0943220900702695e-01 -3.5149534820066825e-01 0.0000000000000000e+00 1
1.0762474000045198e-01 6.7256236192856270e-02 0.0000000000000000e+00 1
1.0520282723488009e-01 5.5067046075185436e-02 0.0000000000000000e+00 1
2.9723426025206945e-01 1.8322047306887057e-01 0.0000000000000000e+00 1
2.0770266044179975e-01 -8.7081909451627842e-03 0.0000000000000000e+00 1
-2.9658413184164123e-02 -8.9323020840368181e-02 0.0000000000000000e+00 1
7.7268861796941174e-02 -1.3097571331750338e-01 0.0000000000000000e+00 1
7.5849557954822316e-02 -1.3950700660405740e-01 0.0000000000000000e+00 1
-2.7467641985384128e-01 -2.3892260079945055e-01 0.0000000000000000e+00 1
-2.8388698474778218e-01 -2.4272346006654794e-01 0.0000000000000000e+00 1
-1.6177820573049223e-01 -1.3492150537752601e-01 0.0000000000000000e+00 1
-2.9223483597012279e-01 -3.5724979639313559e-01 0.0000000000000000e+00 1
-2.8586179767713643e-01 -3.5472149432475375e-01 0.0000000000000000e+00 1
-2.8474227246746209e-01 -3.4791457305745443e-01 0.0000000000000000e+00 1
-2.7932028055789138e-01 -3.5227334285053569e-01 0.0000000000000000e+00 1
-2.7816252622434590e-01 -3.4527494353921984e-01 0.0000000000000000e+00 1
-2.7254916873283996e-01 -3.4980695278422536e-01 0.0000000000000000e+00 1
-2.7116619353204563e-01 -3.4231262389216638e-01 0.0000000000000000e+00 1
-2.4504239376897011e-01 -3.1538910514562435e-01 0.0000000000000000e+00 1
-2.3938405074789734e-01 -7.5047586787211795e-02 0.0000000000000000e+00 1
2.7533978989155056e-01 9.8231766646515783e-02 0.0000000000000000e+00 1
1.7038542822857772e-01 -1.3283959853896715e-01 0.0000000000000000e+00 1
1.7337843596588889e-01 -1.2330999622005726e-01 0.0000000000000000e+00 1
-9.8904176152917384e-02 -5.3649028931506963e-02 0.0000000000000000e+00 1
-6.6355117442354367e-02 -3.3588912238887034e-02 0.0000000000000000e+00 1
-3.0482735377602088e-01 -3.0643707171249002e-01 0.0000000000000000e+00 1
-1.2459822228140058e-01 -7.0875518999825859e-02 0.0000000000000000e+00 1
1.4930367188486446e-01 -2.8838961198181141e-02 0.0000000000000000e+00 1
2.5176292468790090e-01 4.1214504684000522e-02 0.0000000000000000e+00 1
-1.1408183175774471e-01 -5.9766894219852207e-02 0.0000000000000000e+00 1
-2.0695548720357596e-01 -2.5871325876868789e-01 0.0000000000000000e+00 1
-1.5412297032255870e-02 -7.7765227781437407e-02 0.0000000000000000e+00 1
-1.6114225797207525e-02 -8.4726041153322912e-02 0.0000000000000000e+00 1
-3.0015210103749657e-01 -2.5188283454840465e-01 0.0000000000000000e+00 1
1.0736829860219327e-01 -1.6801491458705381e-01 0.0000000000000000e+00 1
3.4302343866095703e-01 3.0756349874479988e-01 0.0000000000000000e+00 1
8.8475799406829661e-02 3.0996974544496392e-01 0.0000000000000000e+00 1
9.0753705741503460e-02 3.2330086122273372e-01 0.0000000000000000e+00 1
8.0762273644579136e-02 3.3160987371873107e-01 0.0000000000000000e+00 1
9.2930294732419164e-02 3.3612326419232796e-01 0.0000000000000000e+00 1
8.2459368336227495e-02 3.4558031448006177e-01 0.0000000000000000e+00 1
1.0307087544281482e-01 3.2716241477787633e-01 0.0000000000000000e+00 1
9.4373703478532994e-02 3.4857313684207336e-01 0.0000000000000000e+00 1
2.7423477502905158e-01 4.4784005150332551e-01 0.0000000000000000e+00 1
2.1029411227273923e-01 3.3705248241913766e-01 0.0000000000000000e+00 1
-2.6296459850455534e-01 -2.1453603173571004e-01 0.0000000000000000e+00 1
1.6060491939183466e-01 1.0806964825076712e-01 0.0000000000000000e+00 1
1.6004453348215181e-01 1.2071225199543845e-01 0.0000000000000000e+00 1
-2.3939367834534289e-01 -1.1809962890848141e-01 0.0000000000000000e+00 1
-2.4764225302419943e-01 -1.1169309041226767e-01 0.0000000000000000e+00 1
-2.5717471196974701e-01 -1.1535326940862779e-01 0.0000000000000000e+00 1
-2.5576039972152420e-01 -1.0526507963073783e-01 0.0000000000000000e+00 1
-9.2741411725992956e-02 -1.1502038617278748e-01 0.0000000000000000e+00 1
1.2198755360591054e-01 2.2379573546660403e-01 0.0000000000000000e+00 1
1.7118036147706378e-01 3.0120946743081034e-01 0.0000000000000000e+00 1
9.5630728989060582e-02 2.0199864857377098e-01 0.0000000000000000e+00 1
3.1685060442699192e-01 3.7104010192161035e-01 0.0000000000000000e+00 1
9.0789349610432696e-02 -9.7980886054837516e-03 0.0000000000000000e+00 1
1.0154497800191670e-01 -5.7318462086974956e-03 0.0000000000000000e+00 1
1.8977665438782113e-01 2.1463587084186458e-01 0.0000000000000000e+00 1
2.0183798844572601e-01 2.1927299028636196e-01 0.0000000000000000e+00 1
3.0430399169805217e-01 4.3421807786363359e-01 0.0000000000000000e+00 1
-1.1003968364018459e-01 8.4729739597716024e-03 0.0000000000000000e+00 1
2.0366581001963718e-01 2.3216593476194025e-01 0.0000000000000000e+00 1
2.1354252964676285e-01 2.2405581350704928e-01 0.0000000000000000e+00 1
2.1175365217593112e-01 2.1114586786760492e-01 0.0000000000000000e+00 1
1.0097653987089675e-01 1.5688603890813030e-01 0.0000000000000000e+00 1
6.6797011168812481e-02 1.1803334760513262e-01 0.0000000000000000e+00 1
-1.2083639343313257e-01 -4.7034696461809456e-03 0.0000000000000000e+00 1
-1.7117909816341115e-01 -1.3856677831307299e-01 0.0000000000000000e+00 1
1.1242700872620720e-01 -9.4796391577971761e-02 0.0000000000000000e+00 1
1.4611022536527929e-01 -1.9207745269249260e-01 0.0000000000000000e+00 1
1.3853602942376092e-01 -1.9414560962733574e-01 0.0000000000000000e+00 1
2.7380107192789210e-01 1.7369336855047796e-01 0.0000000000000000e+00 1
9.4922041043309026e-04 -4.8452299162260112e-02 0.0000000000000000e+00 1
-6.9118094673279729e-03 -5.1614261240794553e-02 0.0000000000000000e+00 1
8.5204399824428886e-02 -1.3644311617443172e-01 0.0000000000000000e+00 1
-1.1065167414939053e-02 -8.9018734625331969e-02 0.0000000000000000e+00 1
1.4756709300836204e-01 2.3455535847220935e-01 0.0000000000000000e+00 1
7.3160800804463813e-02 -1.1686230763140315e-01 0.0000000000000000e+00 1
1.4270920227767070e-01 1.3689979071233518e-01 0.0000000000000000e+00 1
1.5461598409331498e-01 1.4143809863964876e-01 0.0000000000000000e+00 1
3.0924129570146097e-01 1.8835114793507263e-01 0.0000000000000000e+00 1
1.3919193587109496e-01 5.4143555067805889e-02 0.0000000000000000e+00 1
1.2689974838429863e-01 5.0149313076481926e-02 0.0000000000000000e+00 1
7.9201096575413327e-02 1.3513530597676376e-01 0.0000000000000000e+00 1
8.0609570348781856e-02 -1.3148428331579306e-02 0.0000000000000000e+00 1
-1.0153318525949334e-01 -7.0513522684753790e-02 0.0000000000000000e+00 1
-1.9780997184610274e-01 -7.6056549820647384e-02 0.0000000000000000e+00 1
-1.9065860551152439e-01 -8.1302208683832755e-02 0.0000000000000000e+00 1
-1.8897102043015424e-01 -7.2331672990810891e-02 0.0000000000000000e+00 1
-2.2893250495482809e-01 -2.2988147199047038e-01 0.0000000000000000e+00 1
-1.8590022596052239e-01 -1.8340645839469988e-01 0.0000000000000000e+00 1
3.5089385383340894e-02 2.7780000618547351e-01 0.0000000000000000e+00 1
3.2475535475692735e-02 2.6416365829429667e-01 0.0000000000000000e+00 1
4.3089135136058540e-02 2.5541404664253520e-01 0.0000000000000000e+00 1
3.6810939469768413e-02 2.9372010566804818e-01 0.0000000000000000e+00 1
3.2879793783055322e-01 4.0502013745739568e-01 0.0000000000000000e+00 1
3.3068329423125048e-01 4.1492504287469084e-01 0.0000000000000000e+00 1
3.0859362923949163e-01 1.7556273087912455e-01 0.0000000000000000e+00 1
5.3140522662960578e-03 2.4186660845163721e-01 0.0000000000000000e+00 1
-1.7074993155481666e-01 -2.0698138887918521e-01 0.0000000000000000e+00 1
2.9540484696525482e-01 1.5554017330655523e-01 0.0000000000000000e+00 1
2.0972228519908775e-01 6.1205477971786215e-02 0.0000000000000000e+00 1
-2.2589404650513065e-01 -2.9003431018086662e-01 0.0000000000000000e+00 1
-7.7795306546515119e-02 1.2017342674054624e-01 0.0000000000000000e+00 1
-5.0822394363027053e-02 -6.5979272451318335e-02 0.0000000000000000e+00 1
1.2491224460656215e-01 3.5209412381886285e-01 0.0000000000000000e+00 1
-1.2976256412791359e-01 -8.4582425748091963e-03 0.0000000000000000e+00 1
-9.8280452427996740e-02 1.1087469231873837e-01 0.0000000000000000e+00 1
1.2691267994520883e-01 2.7730107802460456e-02 0.0000000000000000e+00 1
1.4663455286867669e-01 -4.9667440689431915e-02 0.0000000000000000e+00 1
-2.9629609556933584e-01 -1.8872326308011272e-01 0.0000000000000000e+00 1
3.0943864141850075e-01 2.8282069826497047e-01 0.0000000000000000e+00 1
3.1875449919579285e-01 2.7537322571631356e-01 0.0000000000000000e+00 1
3.2978213293908254e-01 2.7989306399668507e-01 0.0000000000000000e+00 1
3.2808068275864888e-01 2.6793911724637048e-01 0.0000000000000000e+00 1
3.1698997500152920e-01 2.6331566725611472e-01 0.0000000000000000e+00 1
3.2648768091032659e-01 2.5575402337426878e-01 0.0000000000000000e+00 1
3.1534973809198619e-01 2.5120830448754011e-01 0.0000000000000000e+00 1
3.2510868457653253e-01 2.4336274780664019e-01 0.0000000000000000e+00 1
-3.2580756085942364e-01 -2.8100295026735095e-01 0.0000000000000000e+00 1
-1.9039038140467485e-01 -2.1337616909066318e-01 0.0000000000000000e+00 1
-1.8265756102406538e-01 -2.2101738330616921e-01 0.0000000000000000e+00 1
3.3967175168291930e-01 2.7371132328334258e-01 0.0000000000000000e+00 1
-2.7001640181018327e-01 -1.3970012040371715e-01 0.0000000000000000e+00 1
-2.7171537648106958e-01 -1.4997535822199118e-01 0.0000000000000000e+00 1
-2.6345688876969942e-01 -1.5644949797127830e-01 0.0000000000000000e+00 1
-2.7335781610417298e-01 -1.6033885452346078e-01 0.0000000000000000e+00 1
1.6218650345082651e-02 -4.1211591061170401e-02 0.0000000000000000e+00 1
3.0139353193961348e-02 2.5047528274303116e-01 0.0000000000000000e+00 1
1.9397150146323851e-02 2.5930182668901636e-01 0.0000000000000000e+00 1
4.0838782127817393e-02 2.4166712271268440e-01 0.0000000000000000e+00 1
2.1991497861684331e-01 -3.6449037712035612e-03 0.0000000000000000e+00 1
2.2982897462544796e-01 -1.1426822004814754e-02 0.0000000000000000e+00 1
2.3281747095371008e-01 1.1871028524077921e-03 0.0000000000000000e+00 1
-2.7687447388050362e-01 -3.3795880341414286e-01 0.0000000000000000e+00 1
3.0323254822293122e-01 4.2535676122507693e-01 0.0000000000000000e+00 1
3.1088844887910494e-01 4.2907751969308477e-01 0.0000000000000000e+00 1
-1.9868801451179047e-01 -2.0716682714942264e-01 0.0000000000000000e+00 1
-2.0844145979077688e-01 -2.1129355356477211e-01 0.0000000000000000e+00 1
1.5678323233952557e-01 -1.0833703031619202e-01 0.0000000000000000e+00 1
1.6764841113100803e-01 -1.0503461052927271e-01 0.0000000000000000e+00 1
1.1426953111602564e-01 3.4636356690846715e-01 0.0000000000000000e+00 1
-7.2783674124459866e-02 -2.8558064381530888e-02 0.0000000000000000e+00 1
-3.1385369080283493e-01 -2.4129524055066298e-01 0.0000000000000000e+00 1
-3.0499467569288086e-01 -2.3713501824051303e-01 0.0000000000000000e+00 1
-3.1243557313610992e-01 -2.3224976599962435e-01 0.0000000000000000e+00 1
-8.6975462568458867e-02 1.2729521828787888e-01 0.0000000000000000e+00 1
-2.2191991065170780e-01 -2.8300779544006205e-01 0.0000000000000000e+00 1
1.9794859819921232e-01 3.6120239559021394e-01 0.0000000000000000e+00 1
3.3535255684135118e-01 3.8984412247162770e-01 0.0000000000000000e+00 1
4.1516452992768037e-02 -1.1841196228707485e-01 0.0000000000000000e+00 1
2.8268763862446178e-01 3.0450179589782644e-01 0.0000000000000000e+00 1
2.0820709316782174e-01 1.8528527510794376e-01 0.0000000000000000e+00 1
-2.9436568326093204e-01 -2.6640183073403223e-01 0.0000000000000000e+00 1
8.1709651472944900e-02 -1.4479837872339887e-01 0.0000000000000000e+00 1
-1.4469202731044220e-01 -9.4843646534819040e-02 0.0000000000000000e+00 1
-1.4635270024060079e-01 -1.0380928903311032e-01 0.0000000000000000e+00 1
1.4789293843150311e-01 3.6102786921774110e-01 0.0000000000000000e+00 1
-1.5657972585447777e-01 3.2839290426411580e-02 0.0000000000000000e+00 1
-1.6455227650031445e-01 3.8676094904752475e-02 0.0000000000000000e+00 1
-9.2623011809409794e-02 -1.2386495350107110e-01 0.0000000000000000e+00 1
1.0793321922994899e-01 -6.6905472336140331e-02 0.0000000000000000e+00 1
1.1699789494465951e-01 -6.2405243286494008e-02 0.0000000000000000e+00 1
-1.8276798880941372e-02 7.5861904321490689e-02 0.0000000000000000e+00 1
-7.6881775667663153e-03 7.9525455145555521e-02 0.0000000000000000e+00 1
-1.2243370041024110e-01 6.6586415691160333e-02 0.0000000000000000e+00 1
-1.3140806174655686e-01 7.2773640044907051e-02 0.0000000000000000e+00 1
-1.4183121151761205e-01 6.9210352488525112e-02 0.0000000000000000e+00 1
-2.2877801356639810e-01 -6.5525252444299797e-02 0.0000000000000000e+00 1
-8.6848738087112794e-03 2.3925754693569573e-01 0.0000000000000000e+00 1
-5.5476209703765517e-02 -8.9644759857568423e-02 0.0000000000000000e+00 1
-5.5428246069388468e-02 -8.3621625442931544e-02 0.0000000000000000e+00 1
-1.6766280714013926e-02 -9.1152351565637918e-02 0.0000000000000000e+00 1
-1.3277985198943268e-01 -7.4430000914803465e-02 0.0000000000000000e+00 1
-2.6797540654902358e-01 -1.2957567914008702e-01 0.0000000000000000e+00 1
-1.3625812233698995e-02 -4.9861627845880765e-03 0.0000000000000000e+00 1
-6.9353688282609863e-02 -1.0110292341179940e-01 0.0000000000000000e+00 1
-7.7153580515948894e-02 -1.0589309533073367e-01 0.0000000000000000e+00 1
6.4234782892890890e-02 1.7659891715080026e-01 0.0000000000000000e+00 1
1.6770628720493660e-01 -1.4410904155918436e-01 0.0000000000000000e+00 1
1.2036214106163774e-01 -1.6954001433515128e-01 0.0000000000000000e+00 1
-2.6143930888046493e-02 1.6518234412609578e-01 0.0000000000000000e+00 1
-1.6494106485477868e-02 1.5663572983107454e-01 0.0000000000000000e+00 1
-2.6559380374768232e-01 -1.0974670383651139e-01 0.0000000000000000e+00 1
1.5129628775758625e-01 5.8528883961800671e-02 0.0000000000000000e+00 1
-2.2080228636797081e-02 -7.0165147657048951e-03 0.0000000000000000e+00 1
2.1544642033196662e-01 3.5945851782184013e-01 0.0000000000000000e+00 1
2.2562954849939235e-01 3.6343654210847781e-01 0.0000000000000000e+00 1
-6.4933791298414520e-02 -2.5100805553898129e-02 0.0000000000000000e+00 1
-6.1250074238133792e-02 1.6388508559141812e-01 0.0000000000000000e+00 1
1.7631010863975063e-01 3.2549172547531963e-01 0.0000000000000000e+00 1
1.9629213105287929e-01 -6.4361589884494169e-02 0.0000000000000000e+00 1
2.0634051751616667e-01 -7.0860655147666055e-02 0.0000000000000000e+00 1
-2.0538822528148942e-01 -7.1637179335270917e-02 0.0000000000000000e+00 1
-3.2463554176105414e-01 -2.6351218730468778e-01 0.0000000000000000e+00 1
-4.8468767089248216e-02 -1.0137177040683487e-01 0.0000000000000000e+00 1
-5.4450829254642077e-02 -9.9642489616163843e-02 0.0000000000000000e+00 1
1.1620223629833053e-01 -1.8681934270698930e-01 0.0000000000000000e+00 1
1.2228697190732055e-01 -1.9135823037655122e-01 0.0000000000000000e+00 1
-2.5030258069056965e-01 -8.6774156971489713e-02 0.0000000000000000e+00 1
-3.7669742344859099e-02 2.0025227435262075e-01 0.0000000000000000e+00 1
-3.5071709693049798e-02 2.1348118458952553e-01 0.0000000000000000e+00 1
-3.9814808299848285e-02 1.8630496643437036e-01 0.0000000000000000e+00 1
-2.2277610733797470e-02 -8.7527340794605474e-02 0.0000000000000000e+00 1
-1.0993990647680218e-01 1.7035287524585371e-02 0.0000000000000000e+00 1
-1.0093683126471975e-01 1.2305109895551796e-02 0.0000000000000000e+00 1
-9.9250240417072061e-02 2.3220221070283324e-02 0.0000000000000000e+00 1
-9.1316762635628879e-02 1.5123115307738931e-02 0.0000000000000000e+00 1
-9.7734214393799104e-02 3.4513915881919537e-02 0.0000000000000000e+00 1
5.2981341107063630e-02 -1.2984221407215504e-01 0.0000000000000000e+00 1
-1.1801937267456766e-01 2.7837911910144394e-02 0.0000000000000000e+00 1
3.1693482088701756e-02 -4.3953469925194978e-02 0.0000000000000000e+00 1
3.8051409756646087e-02 -4.9185674421004973e-02 0.0000000000000000e+00 1
3.6643654698180983e-02 -5.7374629899176889e-02 0.0000000000000000e+00 1
4.4737238010440980e-02 -5.5810112080033482e-02 0.0000000000000000e+00 1
1.2335628637636881e-01 3.4015969829912984e-01 0.0000000000000000e+00 1
3.2043753896191041e-01 1.8109802275157535e-01 0.0000000000000000e+00 1
1.6102481826720280e-01 3.1097482648774338e-01 0.0000000000000000e+00 1
-2.8970477270796522e-02 -9.7359082024705126e-02 0.0000000000000000e+00 1
1.5758702640196931e-01 -4.5598960753959070e-02 0.0000000000000000e+00 1
-1.3757249011553971e-01 2.8551343742480667e-02 0.0000000000000000e+00 1
9.7649266799208934e-02 -7.0161425227293572e-02 0.0000000000000000e+00 1
-5.2887217981018864e-02 -7.2368936939336131e-02 0.0000000000000000e+00 1
-1.5370218294134017e-01 -9.8106326118308371e-02 0.0000000000000000e+00 1
3.3344553137555266e-01 3.7057427584430414e-01 0.0000000000000000e+00 1
-5.0247744007043280e-02 7.3953168384220364e-02 0.0000000000000000e+00 1
-4.0972183892275096e-02 6.7641343578487570e-02 0.0000000000000000e+00 1
-5.1380686116316396e-02 6.2715237097656931e-02 0.0000000000000000e+00 1
-2.5583904855610712e-01 -3.3559755349120568e-01 0.0000000000000000e+00 1
6.6486893400486843e-02 -1.4151019300350159e-01 0.0000000000000000e+00 1
-2.4853661124351439e-01 -3.3211430034950112e-01 0.0000000000000000e+00 1
-2.2192513278343642e-01 -7.0369454228095013e-02 0.0000000000000000e+00 1
-3.2762878784126120e-01 -2.8867714734786765e-01 0.0000000000000000e+00 1
3.4429251590086363e-01 3.3033339974139087e-01 0.0000000000000000e+00 1
-3.1723258838012575e-01 -2.9697300621871925e-01 0.0000000000000000e+00 1
-2.8378615995740697e-01 -1.5428646109712274e-01 0.0000000000000000e+00 1
-2.8358859110152024e-01 -1.6587167334631908e-01 0.0000000000000000e+00 1
1.0359218641462657e-01 3.6755209191442828e-01 0.0000000000000000e+00 1
-1.2471600352646628e-01 8.9647506965420606e-02 0.0000000000000000e+00 1
-1.2087602778125223e-01 1.0043506584853473e-01 0.0000000000000000e+00 1
-1.6004453504007660e-01 -2.0205989843757038e-01 0.0000000000000000e+00 1
-1.8201063552116115e-01 -7.7896768961152801e-02 0.0000000000000000e+00 1
-1.8090794533421017e-01 -6.8762568637605437e-02 0.0000000000000000e+00 1
1.8848578808192765e-01 -4.8053080818062033e-02 0.0000000000000000e+00 1
1.5363204982276546e-01 -1.9090427804992072e-01 0.0000000000000000e+00 1
-1.4274214762035686e-01 -8.6582537622811817e-02 0.0000000000000000e+00 1
2.8690157140348493e-01 9.0196975287813841e-02 0.0000000000000000e+00 1
2.0194200246950067e-01 3.4425648135243736e-01 0.0000000000000000e+00 1
-3.1031366401597427e-01 -3.5822982605791220e-01 0.0000000000000000e+00 1
-3.1576676560118155e-01 -3.5428238303267134e-01 0.0000000000000000e+00 1
-3.1501004465496163e-01 -3.4721738908854932e-01 0.0000000000000000e+00 1
-3.2072847923678349e-01 -3.4994678131717755e-01 0.0000000000000000e+00 1
-3.2028144405084152e-01 -3.4345777639947206e-01 0.0000000000000000e+00 1
2.7022792723959133e-01 4.1970434874772966e-01 0.0000000000000000e+00 1
2.6123893105769241e-01 4.1620363137140926e-01 0.0000000000000000e+00 1
-2.3556400595068439e-01 -6.0754727957395949e-02 0.0000000000000000e+00 1
-2.3462138299114749e-01 -5.2663637715655298e-02 0.0000000000000000e+00 1
1.7845998665676274e-01 -1.3908155789686777e-01 0.0000000000000000e+00 1
1.0690137381687118e-01 3.7975589626644879e-01 0.0000000000000000e+00 1
8.2055050487442188e-02 1.7320074562342835e-01 0.0000000000000000e+00 1
2.0720454470743560e-01 -5.7701546171731587e-02 0.0000000000000000e+00 1
2.1430225378737980e-01 -4.6621379805418264e-02 0.0000000000000000e+00 1
1.5585145871475986e-01 4.0747971017981538e-01 0.0000000000000000e+00 1
1.5820051425092171e-01 4.1890267461654840e-01 0.0000000000000000e+00 1
-6.1229447665200401e-02 -1.0194089407846438e-01 0.0000000000000000e+00 1
1.1291583762829599e-01 -1.8389855261937322e-04 0.0000000000000000e+00 1
-9.5731610407728748e-02 -4.3769386083885010e-02 0.0000000000000000e+00 1
2.6615671099416233e-01 2.9364390823912900e-01 0.0000000000000000e+00 1
9.0169873979912579e-02 1.5298325547560992e-01 0.0000000000000000e+00 1
-2.4371812777069041e-01 -6.4435053029809244e-02 0.0000000000000000e+00 1
-2.7100874543652576e-01 -3.2525510468368823e-01 0.0000000000000000e+00 1
1.1677548345799532e-01 1.9917621629927287e-02 0.0000000000000000e+00 1
-1.9122308069064692e-01 -9.0887567598063657e-02 0.0000000000000000e+00 1
1.2236790033173887e-01 -1.3810667589246120e-01 0.0000000000000000e+00 1
2.9321957557356965e-01 1.2972328277900302e-01 0.0000000000000000e+00 1
1.2694784424221003e-01 2.5026782312659046e-01 0.0000000000000000e+00 1
-1.5024964044764982e-01 -1.2198765689480276e-01 0.0000000000000000e+00 1
3.4104582665716143e-01 2.8488721171210774e-01 0.0000000000000000e+00 1
8.9765875654070210e-02 -2.0211370433745202e-02 0.0000000000000000e+00 1
7.8660713893017487e-02 -2.3673593324216910e-02 0.0000000000000000e+00 1
-2.5692112817115598e-01 -3.4400298814212099e-01 0.0000000000000000e+00 1
-1.7293763264680301e-01 -7.4594939770829705e-02 0.0000000000000000e+00 1
-1.7006033616111582e-01 -6.5438168375482469e-02 0.0000000000000000e+00 1
-1.7754840401174446e-01 -5.9652205056342361e-02 0.0000000000000000e+00 1
-1.6890696345760037e-01 -5.6491970956568237e-02 0.0000000000000000e+00 1
-1.8723280687565813e-01 -6.2363558781627013e-02 0.0000000000000000e+00 1
-5.9356272377034669e-02 1.7740036490309963e-01 0.0000000000000000e+00 1
-7.5191699430376319e-02 1.6095542836508606e-01 0.0000000000000000e+00 1
9.6708712507636713e-02 -8.1869477772779822e-02 0.0000000000000000e+00 1
-2.6899485400045753e-01 -3.1577527691981011e-01 0.0000000000000000e+00 1
-2.9570808476780085e-02 -2.2043946508910426e-03 0.0000000000000000e+00 1
-4.9660652305286651e-03 -1.0184210088048784e-01 0.0000000000000000e+00 1
3.3172122110504686e-04 -9.7770530775033393e-02 0.0000000000000000e+00 1
7.2661250274574755e-03 -1.0047169948050216e-01 0.0000000000000000e+00 1
5.5462357820476871e-03 -9.3180737126269411e-02 0.0000000000000000e+00 1
1.2798370631354002e-02 -9.6057831432053889e-02 0.0000000000000000e+00 1
1.1086107546479252e-02 -8.8686249669931133e-02 0.0000000000000000e+00 1
1.8149163871822853e-02 -9.1108852861863682e-02 0.0000000000000000e+00 1
1.8801641774198130e-02 -9.7570426118409603e-02 0.0000000000000000e+00 1
-6.5542915773020060e-03 -9.4324823472689695e-02 0.0000000000000000e+00 1
-1.9618812364496663e-01 -2.5529670876728533e-01 0.0000000000000000e+00 1
-8.5970783417054861e-03 6.9607879259127037e-02 0.0000000000000000e+00 1
1.6570945321118433e-03 7.2667293374925515e-02 0.0000000000000000e+00 1
2.8992885244405620e-01 1.1508573442283401e-01 0.0000000000000000e+00 1
3.6963378420513085e-03 8.3924329888311000e-02 0.0000000000000000e+00 1
1.7528093777435760e-01 3.3940186033749004e-01 0.0000000000000000e+00 1
8.2464612228204080e-03 -1.0797272705088179e-01 0.0000000000000000e+00 1
-1.7607450815820186e-02 -9.7536148706644621e-02 0.0000000000000000e+00 1
-2.1166672002465453e-01 -3.0344290117753220e-03 0.0000000000000000e+00 1
-3.0367847304035417e-01 -2.2728611157571962e-01 0.0000000000000000e+00 1
-7.1920088345375638e-02 -1.9789480369576919e-02 0.0000000000000000e+00 1
-2.1952355136008120e-01 -2.4844038808987560e-02 0.0000000000000000e+00 1
-2.2099847177921517e-01 -3.2178698073683634e-02 0.0000000000000000e+00 1
-2.1776489914707550e-01 -1.8954657973930075e-02 0.0000000000000000e+00 1
-2.2835368821565027e-01 -3.5218964537138020e-02 0.0000000000000000e+00 1
-2.1486656033021251e-01 -3.7284125778049779e-02 0.0000000000000000e+00 1
-6.0403333226429413e-02 8.1100661784633210e-02 0.0000000000000000e+00 1
-5.8320769511351803e-02 9.3020655147857026e-02 0.0000000000000000e+00 1
2.9145028556958141e-01 3.6998125238489366e-01 0.0000000000000000e+00 1
2.8298033135142042e-01 3.7641881929587845e-01 0.0000000000000000e+00 1
1.3103770368768158e-01 2.7581696498529817e-01 0.0000000000000000e+00 1
-7.7164888300060616e-02 -1.1890578413108571e-01 0.0000000000000000e+00 1
2.6923646324344819e-01 4.0964463527403233e-01 0.0000000000000000e+00 1
1.2970296977589323e-02 7.6525119862142651e-02 0.0000000000000000e+00 1
1.4368117906675587e-01 -2.0097428462836522e-01 0.0000000000000000e+00 1
1.3619925184505147e-01 -2.0159694948546572e-01 0.0000000000000000e+00 1
1.3262685093112114e-01 -1.9694968730134824e-01 0.0000000000000000e+00 1
1.3011454743109369e-01 -2.0253584345215681e-01 0.0000000000000000e+00 1
1.3122425982994490e-01 -1.8987171142309545e-01 0.0000000000000000e+00 1
-2.3820091863944245e-01 -1.0790134867969524e-01 0.0000000000000000e+00 1
3.4375626872122134e-01 3.8399219211091895e-01 0.0000000000000000e+00 1
1.0909914412783339e-01 -5.6287356942261016e-02 0.0000000000000000e+00 1
-2.6346491879425626e-01 -3.3931917195302913e-01 0.0000000000000000e+00 1
1.1102616905475468e-01 -1.8059922483243840e-01 0.0000000000000000e+00 1
-3.0434430713067695e-01 -2.9739058549659791e-01 0.0000000000000000e+00 1
-2.7594506731468821e-01 -3.0988470551791392e-01 0.0000000000000000e+00 1
-3.3292107790229730e-01 -3.0348152275914919e-01 0.0000000000000000e+00 1
-3.3294957711021200e-01 -3.1141113162522893e-01 0.0000000000000000e+00 1
1.4441492839026782e-01 -2.0787010438640219e-01 0.0000000000000000e+00 1
-8.1012544339146231e-02 -3.1876256922641295e-02 0.0000000000000000e+00 1
-3.2256328287473690e-01 -2.4578385927603366e-01 0.0000000000000000e+00 1
1.1660159883091326e-01 2.5833325205247232e-01 0.0000000000000000e+00 1
-1.9993577964180220e-01 9.9808770063417544e-03 0.0000000000000000e+00 1
-1.9660280746195735e-01 7.7793882221590044e-04 0.0000000000000000e+00 1
-5.9068673114671982e-02 -7.7448628450877674e-02 0.0000000000000000e+00 1
1.1587499048741741e-01 -1.9404538081768527e-01 0.0000000000000000e+00 1
2.1489567679538552e-02 -1.1625995117621488e-01 0.0000000000000000e+00 1
2.1879792983727251e-02 -1.0892879066422441e-01 0.0000000000000000e+00 1
2.8297133279448456e-02 -1.1341049657686729e-01 0.0000000000000000e+00 1
-6.1488232906803976e-02 5.7508622675839116e-02 0.0000000000000000e+00 1
-9.1624562981895766e-02 -1.0626658651512824e-01 0.0000000000000000e+00 1
-8.3476766106924574e-02 -1.1131673581227904e-01 0.0000000000000000e+00 1
1.0714448034113672e-02 6.6561662235941454e-02 0.0000000000000000e+00 1
2.2432796202085666e-02 6.9977451441443975e-02 0.0000000000000000e+00 1
-7.1383494787101583e-04 -9.1356826760060558e-02 0.0000000000000000e+00 1
-3.1313667956406649e-01 -2.2206602232994599e-01 0.0000000000000000e+00 1
4.7000765722360296e-02 1.3376117320673708e-01 0.0000000000000000e+00 1
4.4692887360464784e-02 1.2114347760506267e-01 0.0000000000000000e+00 1
-1.8244453621717460e-01 -8.7542987107928252e-02 0.0000000000000000e+00 1
1.3245677668425357e-01 -1.3553749482946983e-01 0.0000000000000000e+00 1
-7.3524054070952492e-03 -5.9299346390971508e-02 0.0000000000000000e+00 1
-1.5503009368256776e-02 -5.5573527986741235e-02 0.0000000000000000e+00 1
-1.4422846499594419e-02 -6.3652266940104896e-02 0.0000000000000000e+00 1
-1.4838055027039200e-02 -7.0679194229319800e-02 0.0000000000000000e+00 1
-7.3111824834531186e-02 -7.4749625049887566e-02 0.0000000000000000e+00 1
-4.5260510704071402e-02 -7.2058315759202296e-02 0.0000000000000000e+00 1
-2.3162234126938924e-01 -1.2427706976407127e-01 0.0000000000000000e+00 1
-2.6548947183337190e-01 -3.4721835411642665e-01 0.0000000000000000e+00 1
-2.6738709161277280e-01 -3.5437967490277966e-01 0.0000000000000000e+00 1
3.7550957475090831e-02 -9.5916052872410520e-02 0.0000000000000000e+00 1
2.9510111036900596e-02 -9.8537918624374235e-02 0.0000000000000000e+00 1
3.6800778778497772e-02 1.4195807160093118e-01 0.0000000000000000e+00 1
-2.1012700952094305e-02 -7.4348743211744173e-02 0.0000000000000000e+00 1
-1.0215946407405174e-01 -1.4502017434471398e-01 0.0000000000000000e+00 1
-1.1148636662761381e-01 -1.4362086490340248e-01 0.0000000000000000e+00 1
-1.1795452170959010e-01 -1.5116643740340893e-01 0.0000000000000000e+00 1
-1.0436372138339579e-01 -1.3557784707343276e-01 0.0000000000000000e+00 1
-1.1588803512565493e-01 -1.3512606818562412e-01 0.0000000000000000e+00 1
3.3634021829336824e-01 2.4909148335811354e-01 0.0000000000000000e+00 1
3.3499386069654907e-01 2.3716814569408129e-01 0.0000000000000000e+00 1
2.8280298321691733e-01 4.5120030669792699e-01 0.0000000000000000e+00 1
2.7520465544487555e-01 4.5634285123761931e-01 0.0000000000000000e+00 1
6.0899725435772496e-02 -5.1790351720450489e-02 0.0000000000000000e+00 1
5.3396023847581464e-02 3.0894654454777593e-01 0.0000000000000000e+00 1
-5.7435094464463377e-02 1.0521173817675861e-01 0.0000000000000000e+00 1
-2.6992864617473755e-01 -3.3423025211821616e-01 0.0000000000000000e+00 1
-1.9116375975337752e-01 -5.6620606765888639e-03 0.0000000000000000e+00 1
-1.8460190588589429e-01 -1.0367896315292283e-02 0.0000000000000000e+00 1
-1.6297643735506129e-01 4.8289009365287516e-02 0.0000000000000000e+00 1
1.8596898820669422e-01 4.0809764658122405e-01 0.0000000000000000e+00 1
1.8777571926335451e-01 4.1915401096603189e-01 0.0000000000000000e+00 1
1.9631824943398027e-01 4.1220268990912567e-01 0.0000000000000000e+00 1
1.9798749258523213e-01 4.2300469144765035e-01 0.0000000000000000e+00 1
1.8988301601210072e-01 4.2932884215342926e-01 0.0000000000000000e+00 1
1.9994948920162181e-01 4.3292814346814046e-01 0.0000000000000000e+00 1
2.0793069077987220e-01 4.2686985006941819e-01 0.0000000000000000e+00 1
2.0971788129668467e-01 4.3672322294044974e-01 0.0000000000000000e+00 1
2.1929971406471785e-01 4.3058461286201088e-01 0.0000000000000000e+00 1
2.1920291540051592e-01 4.4071178058334898e-01 0.0000000000000000e+00 1
2.1681746540701247e-01 4.1964339724333910e-01 0.0000000000000000e+00 1
2.0143383761115730e-01 4.4334542415889266e-01 0.0000000000000000e+00 1
5.7353123269060960e-02 -7.1396124775647773e-02 0.0000000000000000e+00 1
4.9817259779038017e-02 -6.4960729304754647e-02 0.0000000000000000e+00 1
2.3804319479196433e-02 -8.5345916404661312e-02 0.0000000000000000e+00 1
1.2787108224448318e-01 -1.5622318538092067e-01 0.0000000000000000e+00 1
-9.3667171864984827e-02 -2.5944821404125656e-02 0.0000000000000000e+00 1
3.0651944868352010e-01 4.1301778195160016e-01 0.0000000000000000e+00 1
3.4761259793306236e-02 -1.2686164884108725e-01 0.0000000000000000e+00 1
-2.7250998062937448e-01 -2.1844243776597833e-01 0.0000000000000000e+00 1
-6.6598732247106236e-03 3.4696729119508878e-02 0.0000000000000000e+00 1
2.4454778592842533e-01 2.9623476605538457e-01 0.0000000000000000e+00 1
-3.2655499677827776e-01 -3.1578371444119685e-01 0.0000000000000000e+00 1
-3.2716076004203343e-01 -3.2332351790656466e-01 0.0000000000000000e+00 1
-3.2112488751573831e-01 -3.2776040846544385e-01 0.0000000000000000e+00 1
-3.2767589192955482e-01 -3.3036456575006479e-01 0.0000000000000000e+00 1
-3.3365568555043945e-01 -3.2620092357915104e-01 0.0000000000000000e+00 1
-3.2184554029365270e-01 -3.3598528837467223e-01 0.0000000000000000e+00 1
-3.3002196595922551e-01 -3.3741805628776955e-01 0.0000000000000000e+00 1
-3.1504809319658067e-01 -3.3234302022933515e-01 0.0000000000000000e+00 1
-1.2403053205546953e-03 1.7780270852838495e-02 0.0000000000000000e+00 1
6.3993154528900632e-03 1.1127039678489657e-02 0.0000000000000000e+00 1
4.4592154494427745e-03 1.5106263188083796e-03 0.0000000000000000e+00 1
-6.1676877700987023e-02 -1.0990279662778275e-01 0.0000000000000000e+00 1
-3.2190807268728316e-01 -3.5689440732693417e-01 0.0000000000000000e+00 1
-8.7747876490865753e-02 3.9663015987843997e-02 0.0000000000000000e+00 1
1.3507130053459743e-01 2.2962677230065065e-01 0.0000000000000000e+00 1
1.3309553479835623e-01 2.1648333415192375e-01 0.0000000000000000e+00 1
6.0818200500902531e-03 9.5885150328086866e-02 0.0000000000000000e+00 1
-3.3353900083877230e-01 -3.1915487715650626e-01 0.0000000000000000e+00 1
-1.1140047737433070e-01 -4.1882917152193680e-02 0.0000000000000000e+00 1
-2.1238863188071241e-01 -1.4861234680095418e-02 0.0000000000000000e+00 1
2.9973359015083989e-01 3.5215630736132503e-01 0.0000000000000000e+00 1
3.0185619420704213e-01 3.6341575325339920e-01 0.0000000000000000e+00 1
-2.9854663221743832e-01 -3.5936217652822766e-01 0.0000000000000000e+00 1
-1.2682438312029945e-01 3.4011377423451734e-02 0.0000000000000000e+00 1
1.1743789104010177e-01 5.8078841662932493e-02 0.0000000000000000e+00 1
1.1454553578786519e-01 4.7114636435338822e-02 0.0000000000000000e+00 1
1.4442594042271781e-01 4.0372283920381868e-01 0.0000000000000000e+00 1
9.8285646113281083e-02 -1.2827697086784254e-01 0.0000000000000000e+00 1
-9.8491345261977906e-02 -1.0111491546509833e-01 0.0000000000000000e+00 1
-2.8564176401449017e-02 7.0574482318043585e-02 0.0000000000000000e+00 1
-1.8705967702447993e-01 2.6203555697406695e-02 0.0000000000000000e+00 1
2.2671059819400066e-01 2.4168119723809667e-01 0.0000000000000000e+00 1
2.3835388178997297e-01 2.4570530451958944e-01 0.0000000000000000e+00 1
7.5875975120205719e-02 1.5466166355104543e-02 0.0000000000000000e+00 1
6.5336763891390981e-02 1.1774901992070715e-02 0.0000000000000000e+00 1
6.3122263729273070e-02 1.3297428874056057e-03 0.0000000000000000e+00 1
7.2177867670613932e-02 -5.8224343870978360e-03 0.0000000000000000e+00 1
6.1444252608554087e-02 -9.5532643807100821e-03 0.0000000000000000e+00 1
-1.9215064061373954e-01 -1.0045002669564837e-01 0.0000000000000000e+00 1
3.0578716431573971e-01 2.5927594744448479e-01 0.0000000000000000e+00 1
1.6544910394940754e-01 3.4490008048193027e-01 0.0000000000000000e+00 1
3.2037416829799154e-01 3.6044363307098748e-01 0.0000000000000000e+00 1
1.1978132946779402e-01 7.0537416561296432e-02 0.0000000000000000e+00 1
-4.8162441317599839e-03 -1.2256169022730997e-03 0.0000000000000000e+00 1
1.0300309249946711e-01 -1.8114015225601487e-01 0.0000000000000000e+00 1
-1.2785411254467013e-01 -1.7634912140263898e-01 0.0000000000000000e+00 1
-1.3093330734883016e-01 -1.6685224740227672e-01 0.0000000000000000e+00 1
-1.3922194691295123e-01 -1.7412745880947533e-01 0.0000000000000000e+00 1
-1.4303078533383939e-01 -1.8298486535772096e-01 0.0000000000000000e+00 1
-1.2430080661055301e-01 -1.5914786096868222e-01 0.0000000000000000e+00 1
1.7826412019149263e-01 1.5002368923913662e-01 0.0000000000000000e+00 1
-1.8522256378031507e-01 1.1327057170381721e-02 0.0000000000000000e+00 1
-2.8465965905937496e-01 -2.5280365867136212e-01 0.0000000000000000e+00 1
-2.8333077729725109e-01 -2.3264261579118242e-01 0.0000000000000000e+00 1
-2.9195863293241542e-01 -2.3721790975925872e-01 0.0000000000000000e+00 1
2.4907742036769059e-01 4.4716759457673688e-01 0.0000000000000000e+00 1
2.5797253489396937e-01 4.5042023029251832e-01 0.0000000000000000e+00 1
2.5033935185796635e-01 4.5607647691823688e-01 0.0000000000000000e+00 1
4.6003164657177999e-02 -3.8027569748048870e-02 0.0000000000000000e+00 1
-1.8622148196269123e-01 -2.5194683182693578e-02 0.0000000000000000e+00 1
-1.7409638350030993e-01 4.3265679451630144e-02 0.0000000000000000e+00 1
-1.7030514170410471e-01 -8.8335597119538582e-03 0.0000000000000000e+00 1
-2.5264739688403060e-01 -2.6701403071625862e-01 0.0000000000000000e+00 1
-3.0765994992415352e-01 -3.2957991517739660e-01 0.0000000000000000e+00 1
3.2267320368523311e-01 4.1905362356754916e-01 0.0000000000000000e+00 1
2.6547062664426707e-01 4.4448120351897746e-01 0.0000000000000000e+00 1
1.7512822496649602e-01 -1.6314979670555252e-01 0.0000000000000000e+00 1
-2.2625914457611374e-01 -4.8352734638141534e-02 0.0000000000000000e+00 1
5.4553584731232022e-02 8.8638501742288878e-03 0.0000000000000000e+00 1
5.6822289585406312e-02 1.9273025001671530e-02 0.0000000000000000e+00 1
-1.0879728984790679e-01 1.3313525075676391e-01 0.0000000000000000e+00 1
2.8990090129498325e-01 4.4573163812137540e-01 0.0000000000000000e+00 1
2.9911104292304663e-01 4.5091608358808322e-01 0.0000000000000000e+00 1
2.8819874115564553e-01 4.1607167622159463e-01 0.0000000000000000e+00 1
-1.3711053873478718e-01 -2.7884679434962466e-03 0.0000000000000000e+00 1
-1.3878847514455717e-01 -1.1975492064895650e-02 0.0000000000000000e+00 1
-1.4715845336428546e-01 8.0291691878929816e-02 0.0000000000000000e+00 1
-1.5371480270405782e-01 7.0646533262381961e-02 0.0000000000000000e+00 1
-1.4923247609493420e-01 5.9949785113007317e-02 0.0000000000000000e+00 1
1.4877143152228101e-01 4.5928826876553946e-02 0.0000000000000000e+00 1
1.0342281963025371e-02 2.0108985702282717e-02 0.0000000000000000e+00 1
1.9097547922224381e-01 1.5359471819428577e-01 0.0000000000000000e+00 1
1.7515810200932019e-01 1.3894571938730502e-01 0.0000000000000000e+00 1
1.7873814065329577e-01 1.2764203730710055e-01 0.0000000000000000e+00 1
5.4132295741565459e-02 1.1329313773249980e-01 0.0000000000000000e+00 1
6.2919263586319302e-02 1.0578830884319325e-01 0.0000000000000000e+00 1
8.2624218877403302e-02 -1.1466539070853328e-01 0.0000000000000000e+00 1
3.0336223357567527e-01 2.3507725694187157e-01 0.0000000000000000e+00 1
-1.2517702800317251e-01 -1.2989353457088121e-01 0.0000000000000000e+00 1
-1.5332174344528063e-01 -1.4118766079252065e-01 0.0000000000000000e+00 1
1.7982345552774631e-01 4.2561723264350759e-01 0.0000000000000000e+00 1
-2.0908880078963810e-01 -9.8042994584665921e-02 0.0000000000000000e+00 1
-2.8692589501630204e-02 7.1068551332062200e-03 0.0000000000000000e+00 1
-3.7494943057225408e-02 3.9455437305876877e-03 0.0000000000000000e+00 1
3.2790244205762747e-01 3.9563921069710994e-01 0.0000000000000000e+00 1
3.3728189028243016e-01 4.0027447635671337e-01 0.0000000000000000e+00 1
-2.1797203623561235e-02 -8.0902166424604988e-02 0.0000000000000000e+00 1
1.2046056941398217e-01 -1.0160454241984321e-01 0.0000000000000000e+00 1
-1.7079975078526866e-01 -1.7846597423227598e-02 0.0000000000000000e+00 1
2.3358935162906772e-01 3.5635244626692880e-01 0.0000000000000000e+00 1
2.3596269091005209e-01 3.6711926697144726e-01 0.0000000000000000e+00 1
1.7916429337286593e-01 -4.0357578849646344e-02 0.0000000000000000e+00 1
1.7014537863984774e-01 -1.7242490126264537e-01 0.0000000000000000e+00 1
1.6001099073923380e-01 -1.7325750372754839e-01 0.0000000000000000e+00 1
1.6354352132128935e-01 -1.6252549157357621e-01 0.0000000000000000e+00 1
1.7075351377005887e-01 -1.5390310959117831e-01 0.0000000000000000e+00 1
-1.6288881923038986e-01 -1.4484720501785081e-01 0.0000000000000000e+00 1
1.1031407442528923e-01 7.8946090921818909e-02 0.0000000000000000e+00 1
1.1296453720656680e-01 9.1086666577667064e-02 0.0000000000000000e+00 1
1.6947636294399052e-01 4.2262748132427275e-01 0.0000000000000000e+00 1
2.1800076808838448e-01 -7.6938770175379798e-02 0.0000000000000000e+00 1
2.0560147432213632e-01 3.1406736516657457e-01 0.0000000000000000e+00 1
2.3172131169534543e-01 -5.3526036182277671e-02 0.0000000000000000e+00 1
-6.2927945536195393e-02 -5.5568696488212180e-02 0.0000000000000000e+00 1
-5.5383764231717522e-02 -5.2975651682630534e-02 0.0000000000000000e+00 1
-5.3762673665839485e-02 -4.5023791092295706e-02 0.0000000000000000e+00 1
-4.7160370026236811e-02 -5.0003091257998983e-02 0.0000000000000000e+00 1
-5.9337987672582228e-02 -3.9396208221768036e-02 0.0000000000000000e+00 1
-5.1458738446793439e-02 -3.7144059368176219e-02 0.0000000000000000e+00 1
2.5723570755646120e-02 8.0817375429154958e-02 0.0000000000000000e+00 1
3.1275970928815094e-02 6.1553976149759430e-02 0.0000000000000000e+00 1
-2.6769951488820121e-01 -3.0688686655985664e-01 0.0000000000000000e+00 1
-1.5195573282139943e-01 -5.0470189224948836e-02 0.0000000000000000e+00 1
-3.6101742303523308e-03 1.8749727360575955e-01 0.0000000000000000e+00 1
-4.3868799211654718e-03 1.7405339804239753e-01 0.0000000000000000e+00 1
9.3949820685000268e-02 -1.5673601522937561e-01 0.0000000000000000e+00 1
9.1734224011995102e-02 -1.6461059425011465e-01 0.0000000000000000e+00 1
-3.4421883812410958e-02 3.3254584275447203e-02 0.0000000000000000e+00 1
-3.3199560756480673e-02 4.3066600916908261e-02 0.0000000000000000e+00 1
8.4502889457043456e-02 5.9670345513039083e-02 0.0000000000000000e+00 1
2.0770927956109908e-01 -1.0054637091954113e-01 0.0000000000000000e+00 1
1.9544319903574484e-01 -1.0187181755985571e-01 0.0000000000000000e+00 1
1.9010524810824880e-01 -1.1215531305364410e-01 0.0000000000000000e+00 1
2.0001691749958672e-01 -9.0175312330460389e-02 0.0000000000000000e+00 1
1.9633070403833933e-01 -1.2231032737384560e-01 0.0000000000000000e+00 1
1.8456878747553032e-01 -1.2239335810512154e-01 0.0000000000000000e+00 1
8.6191602378275070e-02 2.9676923654565690e-01 0.0000000000000000e+00 1
-6.7491601309910901e-02 1.1268334395354243e-01 0.0000000000000000e+00 1
2.4956177184006417e-01 3.3089702119618819e-01 0.0000000000000000e+00 1
2.5973231871741814e-01 3.3532588478462466e-01 0.0000000000000000e+00 1
-2.3585773283783540e-01 -2.6992439943961177e-01 0.0000000000000000e+00 1
1.8736503682409011e-01 3.3169588952336820e-01 0.0000000000000000e+00 1
-8.8862247212200374e-02 -1.3185354233097810e-01 0.0000000000000000e+00 1
-2.0154742390887495e-01 -3.9379908145001349e-02 0.0000000000000000e+00 1
2.6715319685104466e-01 3.1738906498469555e-01 0.0000000000000000e+00 1
3.3404216069652437e-01 3.2584704417923016e-01 0.0000000000000000e+00 1
-1.5324786956270792e-01 -2.1139983892126674e-01 0.0000000000000000e+00 1
-1.5232269500411427e-01 -1.9523431670613578e-01 0.0000000000000000e+00 1
2.0482721159400286e-01 4.0490311150834501e-01 0.0000000000000000e+00 1
-1.9338612507668890e-01 -1.1035867038776953e-01 0.0000000000000000e+00 1
3.2548054871677379e-01 2.1934230488508177e-01 0.0000000000000000e+00 1
3.2263978153984957e-01 2.0474985052371447e-01 0.0000000000000000e+00 1
1.5910137406372982e-01 3.2451173516936865e-01 0.0000000000000000e+00 1
1.4773690204307130e-01 3.0489077470763370e-01 0.0000000000000000e+00 1
1.4533716248331011e-01 2.9266912785269517e-01 0.0000000000000000e+00 1
7.7491845632955317e-02 1.2269707833080740e-01 0.0000000000000000e+00 1
9.0722554521340468e-03 1.9250067772337040e-01 0.0000000000000000e+00 1
9.5591322741144208e-02 -1.3782929941256647e-01 0.0000000000000000e+00 1
-9.2838584692980647e-02 1.5473548230277068e-01 0.0000000000000000e+00 1
1.0104167789643248e-01 3.1397254699836746e-01 0.0000000000000000e+00 1
-3.5712164510215680e-02 1.0211195890241238e-01 0.0000000000000000e+00 1
1.2021370591786724e-01 -1.4754700676999621e-01 0.0000000000000000e+00 1
3.4442851699109533e-01 3.1881112930100891e-01 0.0000000000000000e+00 1
3.5486238739908371e-01 3.1396965453567866e-01 0.0000000000000000e+00 1
2.2260175517322889e-01 2.8680809427032561e-01 0.0000000000000000e+00 1
7.4996405871235782e-03 1.7929917109629367e-01 0.0000000000000000e+00 1
-2.3300378536194555e-01 -1.3460045694016404e-01 0.0000000000000000e+00 1
-2.7126278742413745e-01 -2.0811579593729918e-01 0.0000000000000000e+00 1
6.1183502335288305e-02 -9.5994256261800304e-02 0.0000000000000000e+00 1
-2.1678631919525185e-01 -1.4742418784220537e-01 0.0000000000000000e+00 1
-2.1511010745454942e-01 -1.3740139322680706e-01 0.0000000000000000e+00 1
-2.0717504728766065e-01 -1.4366105020124764e-01 0.0000000000000000e+00 1
-1.1643337733588344e-01 -1.8185624924253067e-02 0.0000000000000000e+00 1
-1.5028990714282936e-01 -1.1257343361443330e-01 0.0000000000000000e+00 1
-1.3311005119840036e-01 -2.5940666388319690e-02 0.0000000000000000e+00 1
1.0273033226064938e-01 2.5300230277491692e-01 0.0000000000000000e+00 1
-1.6171539277751054e-01 -6.2345658458454169e-02 0.0000000000000000e+00 1
2.4600758460219752e-01 3.7086291323707343e-01 0.0000000000000000e+00 1
-2.7414455491267720e-01 -3.5671590338890058e-01 0.0000000000000000e+00 1
2.7950241146378002e-01 4.2213689507892416e-01 0.0000000000000000e+00 1
2.5963077473809648e-01 1.5509023348996906e-01 0.0000000000000000e+00 1
-1.2753767990630599e-01 2.3755861977123875e-02 0.0000000000000000e+00 1
-3.1396707185549683e-01 -3.2488699996205472e-01 0.0000000000000000e+00 1
3.2124579009191613e-02 1.1676113585537513e-01 0.0000000000000000e+00 1
-1.6553823247779911e-01 -2.2966621470110482e-01 0.0000000000000000e+00 1
-1.7126277891005534e-01 -2.1850788820609204e-01 0.0000000000000000e+00 1
2.5979245898493897e-01 2.4129577003241304e-01 0.0000000000000000e+00 1
2.1217660025532484e-01 1.4843748701598503e-01 0.0000000000000000e+00 1
-1.1220242801875818e-01 -6.7125397977964914e-04 0.0000000000000000e+00 1
6.6291236294254527e-02 3.2758551707280908e-01 0.0000000000000000e+00 1
-1.5221982808850712e-01 -1.3145522796726783e-01 0.0000000000000000e+00 1
2.6058872865631744e-01 9.3341645729204687e-03 0.0000000000000000e+00 1
2.4576502704790470e-01 8.1262626570359400e-03 0.0000000000000000e+00 1
-2.9730053767602499e-01 -1.9920058504729923e-01 0.0000000000000000e+00 1
-3.0675538181240802e-01 -2.0197412182437818e-01 0.0000000000000000e+00 1
2.9183205607769902e-01 2.3029526006845535e-01 0.0000000000000000e+00 1
2.4347600228909760e-01 -2.9008041780308080e-02 0.0000000000000000e+00 1
2.3032201159042076e-01 -2.9852584809163134e-02 0.0000000000000000e+00 1
2.4974047430861504e-01 -1.6653639164865095e-02 0.0000000000000000e+00 1
8.4899226216059082e-02 2.2190159411235583e-01 0.0000000000000000e+00 1
8.2679220862946837e-02 2.0740486717815382e-01 0.0000000000000000e+00 1
6.9362270432501788e-02 2.0346027026922758e-01 0.0000000000000000e+00 1
6.8256000135937078e-02 1.8953284974021281e-01 0.0000000000000000e+00 1
8.3771219733576346e-02 2.8307521975746475e-01 0.0000000000000000e+00 1
1.7591864262071177e-01 2.6895292576424140e-01 0.0000000000000000e+00 1
1.7814080047206018e-01 2.8141130131710668e-01 0.0000000000000000e+00 1
2.2959727141315880e-01 4.4086220518369501e-01 0.0000000000000000e+00 1
2.3226605634020175e-01 4.5115319241637658e-01 0.0000000000000000e+00 1
3.0034253001050454e-01 2.9034686680838356e-01 0.0000000000000000e+00 1
-5.0888309823257434e-02 -9.4111112047292333e-02 0.0000000000000000e+00 1
-2.5804611348549666e-01 -7.9624944017365043e-02 0.0000000000000000e+00 1
-2.5500757946936303e-01 -9.5361683445497170e-02 0.0000000000000000e+00 1
-2.6640581837289207e-01 -9.8984829652108502e-02 0.0000000000000000e+00 1
1.9367972722927998e-01 2.4022006570100102e-01 0.0000000000000000e+00 1
2.0075951300200243e-01 1.0254366984059741e-02 0.0000000000000000e+00 1
-2.8731676508027992e-01 -3.2859647874401698e-01 0.0000000000000000e+00 1
2.6341695586371033e-01 2.6670797033431481e-01 0.0000000000000000e+00 1
2.5191329180181121e-01 2.6232836163376605e-01 0.0000000000000000e+00 1
2.3407633095554986e-01 2.1988812930767615e-01 0.0000000000000000e+00 1
-2.0998741305130844e-01 -2.2171050863986447e-01 0.0000000000000000e+00 1
3.4245968091987788e-01 3.7430823448014100e-01 0.0000000000000000e+00 1
3.4876907226367765e-01 3.6644227085554215e-01 0.0000000000000000e+00 1
1.1345981532868951e-01 3.1774287090447456e-01 0.0000000000000000e+00 1
4.7339555569296379e-02 -1.2443284363516444e-01 0.0000000000000000e+00 1
-9.3137146882266347e-02 7.9762051477825280e-02 0.0000000000000000e+00 1
1.0934154144494432e-01 2.1897284074206363e-01 0.0000000000000000e+00 1
2.6133277313252107e-01 1.6842125794773422e-01 0.0000000000000000e+00 1
2.5321607732011087e-01 2.7547588481418028e-01 0.0000000000000000e+00 1
2.3026298856710495e-01 1.9388093871740167e-01 0.0000000000000000e+00 1
-1.1490908891653440e-01 -1.6003656683666345e-01 0.0000000000000000e+00 1
1.5057789814196385e-01 -1.7501237939462846e-01 0.0000000000000000e+00 1
1.5310656469985626e-01 -1.6578825718814694e-01 0.0000000000000000e+00 1
-3.2450491509453921e-01 -2.7242020126741839e-01 0.0000000000000000e+00 1
-8.2897028166432379e-02 -9.3870967981619452e-02 0.0000000000000000e+00 1
1.2075014423564685e-01 -1.8165827802736029e-02 0.0000000000000000e+00 1
-1.7577157581238512e-01 -5.1116187788014349e-02 0.0000000000000000e+00 1
-1.7781113800253390e-01 -2.4779983325916022e-01 0.0000000000000000e+00 1
-1.8853064088266330e-01 -2.4670792820613363e-01 0.0000000000000000e+00 1
-1.9015298147627097e-01 -2.6585061143592570e-01 0.0000000000000000e+00 1
-1.8264636970181355e-01 -2.3805535048685436e-01 0.0000000000000000e+00 1
3.4614422731216915e-01 3.5116941639944788e-01 0.0000000000000000e+00 1
3.5496766467153329e-01 3.4633393906233401e-01 0.0000000000000000e+00 1
-1.4204084198719838e-01 -1.9275976299897213e-01 0.0000000000000000e+00 1
3.0415459862323030e-01 4.0390000612642329e-01 0.0000000000000000e+00 1
2.4698209596396983e-01 1.4993575778372459e-01 0.0000000000000000e+00 1
5.5137989673704139e-02 1.8540010823597425e-01 0.0000000000000000e+00 1
-1.6750840568771275e-01 -1.0939497740778567e-01 0.0000000000000000e+00 1
3.1537066908875988e-01 3.2817730738834416e-01 0.0000000000000000e+00 1
1.9626116629333337e-01 1.1707680445867230e-01 0.0000000000000000e+00 1
-2.5871601740531064e-01 -1.2556020780889010e-01 0.0000000000000000e+00 1
-4.0570652951553822e-03 -3.7244660947647307e-02 0.0000000000000000e+00 1
2.0646996407557711e-01 4.1587508135765727e-01 0.0000000000000000e+00 1
2.2527624436185270e-01 4.1193745423444272e-01 0.0000000000000000e+00 1
5.5984922727473879e-02 2.6030204762569709e-01 0.0000000000000000e+00 1
1.4705692774131407e-01 1.6232391516674008e-01 0.0000000000000000e+00 1
1.8422236786609963e-01 3.9674928704073154e-01 0.0000000000000000e+00 1
-2.3616952896415869e-01 -3.2960895302443294e-01 0.0000000000000000e+00 1
1.7921796549169533e-01 8.5789041883576736e-02 0.0000000000000000e+00 1
1.8782509134616551e-01 2.0176540163311357e-01 0.0000000000000000e+00 1
9.8806124936328246e-02 3.0083743772836696e-01 0.0000000000000000e+00 1
-8.7797731409337873e-02 -4.0048484098381430e-02 0.0000000000000000e+00 1
-1.8416088963643645e-02 1.4398846612813768e-01 0.0000000000000000e+00 1
2.7239663291877303e-01 3.4762094875441990e-02 0.0000000000000000e+00 1
2.7800909652892170e-01 4.8055790248268955e-02 0.0000000000000000e+00 1
-1.6578038249334104e-01 -3.9761637436689888e-02 0.0000000000000000e+00 1
1.3213215463308284e-02 -3.2226098147710595e-02 0.0000000000000000e+00 1
-2.6354987561764864e-01 -2.7991153267990959e-01 0.0000000000000000e+00 1
3.0344260556850244e-02 -2.5644535526724702e-02 0.0000000000000000e+00 1
1.7769577593519581e-01 2.0998681077846648e-01 0.0000000000000000e+00 1
-2.9319739718892063e-01 -3.6421456497761717e-01 0.0000000000000000e+00 1
2.5310434762201017e-01 2.0393306728313618e-02 0.0000000000000000e+00 1
-2.5104875115951686e-01 -2.5731672495672969e-01 0.0000000000000000e+00 1
-2.0177850070821216e-01 -2.8319452291157360e-01 0.0000000000000000e+00 1
-2.0589102597644304e-01 -2.7437076828230739e-01 0.0000000000000000e+00 1
-2.1152013073368897e-01 -2.8291859052599733e-01 0.0000000000000000e+00 1
1.8990595152223030e-01 2.8564268857677733e-01 0.0000000000000000e+00 1
2.4786062829052205e-01 3.8128567427982596e-01 0.0000000000000000e+00 1
-1.8745480248677984e-01 -1.9354582878753937e-01 0.0000000000000000e+00 1
2.4888437085572429e-01 1.6328106327289493e-01 0.0000000000000000e+00 1
-2.5327528831308355e-01 -2.1064664887049850e-01 0.0000000000000000e+00 1
2.6277636144294104e-02 2.2446898225290829e-01 0.0000000000000000e+00 1
1.3060969857377250e-01 1.3252414929336914e-01 0.0000000000000000e+00 1
-2.0197547073998459e-01 -1.7050772739159337e-01 0.0000000000000000e+00 1
-2.4067862077753915e-01 -1.8599663574567027e-01 0.0000000000000000e+00 1
1.2462387553544535e-01 -1.2855452861917699e-01 0.0000000000000000e+00 1
1.6898114620597968e-01 9.3835784987489901e-02 0.0000000000000000e+00 1
1.6136490823021135e-01 1.7967701790069068e-01 0.0000000000000000e+00 1
2.2458648750349423e-02 2.7236386754166259e-01 0.0000000000000000e+00 1
9.5896219298473341e-03 2.6837107612132349e-01 0.0000000000000000e+00 1
1.9356490167356413e-01 1.6697669875855276e-01 0.0000000000000000e+00 1
1.5968215310942610e-01 2.3910398193260668e-01 0.0000000000000000e+00 1
1.2918527981105579e-01 1.9144259907055489e-01 0.0000000000000000e+00 1
1.3680870484506893e-01 -5.3514822225064672e-02 0.0000000000000000e+00 1
-2.2939183882925279e-01 -1.7179522255109533e-01 0.0000000000000000e+00 1
-2.3913563783847303e-01 -1.7563124836211086e-01 0.0000000000000000e+00 1
-2.1472499776150125e-01 -1.9494678122909059e-01 0.0000000000000000e+00 1
-2.3859124981782248e-01 -2.3364146111388800e-01 0.0000000000000000e+00 1
-2.5701915743649961e-01 -1.7303764907080399e-01 0.0000000000000000e+00 1
1.6321504443649829e-01 5.4786835469051706e-02 0.0000000000000000e+00 1
-1.5728900027546541e-01 -1.7115358530736363e-01 0.0000000000000000e+00 1
3.0374716784579653e-01 1.1607398875313665e-01 0.0000000000000000e+00 1
3.0169106946768365e-01 1.4154854882574389e-01 0.0000000000000000e+00 1
-2.3139007264830747e-02 2.4397021913970002e-01 0.0000000000000000e+00 1
2.5225988970545554e-01 4.1209980040175537e-01 0.0000000000000000e+00 1
-2.6545132888804202e-01 -2.3498434371576338e-01 0.0000000000000000e+00 1
-2.2586723329902703e-01 -2.0928882038997862e-01 0.0000000000000000e+00 1
-9.3638010794697191e-02 6.5849492359001064e-03 0.0000000000000000e+00 1
-7.2419009813422892e-04 -6.4226402558077711e-02 0.0000000000000000e+00 1
-2.4322214747790483e-01 -3.0658502024094370e-01 0.0000000000000000e+00 1
-1.2941470331790919e-01 -5.7518323451831867e-02 0.0000000000000000e+00 1
1.1152485793793031e-01 -1.1168068868381819e-02 0.0000000000000000e+00 1
-1.3421413868534954e-01 -3.4725085733587388e-02 0.0000000000000000e+00 1
-1.8433298123896280e-01 -1.7303462886362769e-01 0.0000000000000000e+00 1
1.3533534557603949e-01 9.2618931355144957e-03 0.0000000000000000e+00 1
1.4335377037387759e-01 2.0874873598490795e-01 0.0000000000000000e+00 1
-2.7705175631616541e-01 -2.5867062848582340e-01 0.0000000000000000e+00 1
2.1003856461066098e-01 1.9822290111377816e-01 0.0000000000000000e+00 1
-3.5678292478306582e-02 2.3081643676072884e-02 0.0000000000000000e+00 1
-3.6877869758496211e-02 1.3250554161378970e-02 0.0000000000000000e+00 1
-4.6383497945040597e-02 -4.6757067000236657e-05 0.0000000000000000e+00 1
-4.5230389618723395e-02 1.9306515539777039e-02 0.0000000000000000e+00 1
-2.8255606913299047e-01 -1.2529231777036234e-01 0.0000000000000000e+00 1
2.6105694861628181e-01 3.4647434074123407e-01 0.0000000000000000e+00 1
-2.6155783403704924e-01 -2.0419559216854050e-01 0.0000000000000000e+00 1
1.9861922708166939e-02 1.8431683316434835e-01 0.0000000000000000e+00 1
2.2743811325787639e-02 2.9890270678904624e-01 0.0000000000000000e+00 1
1.5726390322459582e-01 -1.4624577305047151e-01 0.0000000000000000e+00 1
6.9577038608061609e-02 3.4995316036385848e-01 0.0000000000000000e+00 1
-2.1369477554087613e-01 -3.0020858773936276e-01 0.0000000000000000e+00 1
-2.3750677472131826e-01 -1.6532225538942913e-01 0.0000000000000000e+00 1
3.2055122508259939e-02 3.0852290212487243e-01 0.0000000000000000e+00 1
1.5256660293375197e-02 -1.0409123945716404e-01 0.0000000000000000e+00 1
-2.7675669955027904e-01 -1.8070501701986080e-01 0.0000000000000000e+00 1
2.3055278128488069e-01 1.1836803483102006e-01 0.0000000000000000e+00 1
-2.4723672427108290e-01 -1.6915859668693339e-01 0.0000000000000000e+00 1
3.8700184867920366e-02 1.5478249653302911e-01 0.0000000000000000e+00 1
4.8959941188745165e-02 1.4645580196353328e-01 0.0000000000000000e+00 1
-2.8651770907465973e-01 -3.6163840737916908e-01 0.0000000000000000e+00 1
-2.8031121636007550e-01 -3.5927790789073200e-01 0.0000000000000000e+00 1
1.5687138204209344e-01 1.5436397014438330e-01 0.0000000000000000e+00 1
-2.4742629126731291e-01 -3.2366577916133754e-01 0.0000000000000000e+00 1
-2.7483920786067256e-01 -3.0118426637591311e-01 0.0000000000000000e+00 1
9.7857374140529418e-02 1.3198682203223086e-01 0.0000000000000000e+00 1
-2.8781673715816136e-01 -2.8129144838634990e-01 0.0000000000000000e+00 1
-2.1609232558242089e-01 -2.6233232660162914e-01 0.0000000000000000e+00 1
-2.9083004292184111e-01 -1.4492211986692036e-01 0.0000000000000000e+00 1
-1.7660085236271994e-01 2.5486607104125848e-02 0.0000000000000000e+00 1
2.8850110366986259e-01 7.5490379148603265e-02 0.0000000000000000e+00 1
4.1800417320753125e-02 4.3884028395329233e-02 0.0000000000000000e+00 1
2.6627707778611631e-01 2.0764056486520827e-01 0.0000000000000000e+00 1
2.0736770559484519e-01 2.5753870206395157e-01 0.0000000000000000e+00 1
1.5365236277288385e-01 3.9611509907495690e-01 0.0000000000000000e+00 1
1.3387675085442502e-01 3.9885321915095939e-01 0.0000000000000000e+00 1
5.0217242500504335e-02 2.9611419580668091e-01 0.0000000000000000e+00 1
1.9742503175620935e-01 5.6576847825557643e-02 0.0000000000000000e+00 1
2.1397696020585633e-01 8.7210463814822531e-02 0.0000000000000000e+00 1
2.4565279192001405e-03 1.4069471502970571e-01 0.0000000000000000e+00 1
3.6745356056696599e-02 2.1574855582071475e-01 0.0000000000000000e+00 1
-2.2443164938108565e-01 -2.9920720124429218e-01 0.0000000000000000e+00 1
1.1291639800695448e-01 1.6142023944513567e-01 0.0000000000000000e+00 1
1.6045816977871644e-01 -2.4962351676255257e-02 0.0000000000000000e+00 1
1.9802641053415934e-02 1.4935756431081849e-02 0.0000000000000000e+00 1
7.8429405058347196e-02 3.5883550329478819e-01 0.0000000000000000e+00 1
1.5917952822837633e-01 1.6689387497100572e-01 0.0000000000000000e+00 1
-9.9993452304013471e-03 2.2385956056141490e-01 0.0000000000000000e+00 1
5.1658759764413496e-02 3.3041134625211416e-01 0.0000000000000000e+00 1
2.0554424274005570e-01 1.7172932187085629e-01 0.0000000000000000e+00 1
7.6076394115896590e-02 -1.6075260465962510e-01 0.0000000000000000e+00 1
8.5099646041475921e-02 -1.5877358426771931e-01 0.0000000000000000e+00 1
1.8118001277262313e-01 2.6656305873376366e-02 0.0000000000000000e+00 1
1.9987661562391434e-01 2.0643689955621516e-01 0.0000000000000000e+00 1
-2.5373140828478452e-01 -1.5242842357312780e-01 0.0000000000000000e+00 1
-1.2069686321711533e-01 -9.3680283227421862e-02 0.0000000000000000e+00 1
1.7877352896723200e-01 1.4456886010043595e-02 0.0000000000000000e+00 1
-2.2507327300458596e-01 -3.1547534328519267e-01 0.0000000000000000e+00 1
-2.3515404262981365e-01 -3.1307871902534734e-01 0.0000000000000000e+00 1
-3.0034333378369626e-01 -1.6417074374868107e-01 0.0000000000000000e+00 1
-2.9304545585779807e-01 -1.7230635923213439e-01 0.0000000000000000e+00 1
4.4386794358258673e-02 6.6414108869225108e-02 0.0000000000000000e+00 1
-2.6676953285425364e-01 -1.1950813403083987e-01 0.0000000000000000e+00 1
2.6631194036891420e-01 1.1983537205110420e-01 0.0000000000000000e+00 1
1.0079062913543868e-01 8.6949313104195319e-02 0.0000000000000000e+00 1
-5.5095529348528991e-03 9.1491607994496807e-02 0.0000000000000000e+00 1
-6.6919634660244046e-02 -7.9930585062090401e-02 0.0000000000000000e+00 1
-2.8006392194189911e-01 -1.4299907622135655e-01 0.0000000000000000e+00 1
-1.1599576559076352e-01 -1.1692849402106417e-01 0.0000000000000000e+00 1
-3.0882917556186251e-01 -3.4424666112090702e-01 0.0000000000000000e+00 1
-1.0189311298717210e-01 -1.2673634272147266e-01 0.0000000000000000e+00 1
3.1070002886280063e-01 2.0125734591206512e-01 0.0000000000000000e+00 1
-3.0703609506597934e-01 -1.8446254803273376e-01 0.0000000000000000e+00 1
-1.6719387781187511e-01 -4.8107765124729626e-02 0.0000000000000000e+00 1
6.6466191574348646e-02 2.5181224592986157e-01 0.0000000000000000e+00 1
1.3640171813044488e-01 3.5669811050032840e-01 0.0000000000000000e+00 1
1.0282003459424888e-01 1.6955624757929069e-01 0.0000000000000000e+00 1
2.3532981426936131e-01 3.0347485096452298e-01 0.0000000000000000e+00 1
-1.7904082670537863e-01 -1.3246713615263353e-01 0.0000000000000000e+00 1
-1.9243190793565756e-01 -1.6664215366783314e-01 0.0000000000000000e+00 1
1.4974284653352748e-01 2.4724805127202742e-01 0.0000000000000000e+00 1
-2.2350369440870536e-02 2.1785376896643532e-01 0.0000000000000000e+00 1
-1.3948981734533084e-01 -1.0941532824134800e-01 0.0000000000000000e+00 1
-1.0959768712367324e-01 -7.3442174446849376e-02 0.0000000000000000e+00 1
2.7227581541197421e-01 7.1000560808944374e-02 0.0000000000000000e+00 1
-8.7204100327097508e-02 1.4166114165496999e-01 0.0000000000000000e+00 1
2.0545160446546359e-01 2.4492384687868768e-01 0.0000000000000000e+00 1
3.2952077848344002e-02 5.0477303370109687e-02 0.0000000000000000e+00 1
1.7588695253975391e-02 -4.4627340256882088e-03 0.0000000000000000e+00 1
1.6976651870985021e-01 3.6991394558480351e-01 0.0000000000000000e+00 1
-4.6600113587125729e-02 -3.0467265590748183e-02 0.0000000000000000e+00 1
2.2598269147079203e-01 1.8790059513530570e-02 0.0000000000000000e+00 1
-2.7374476403996001e-01 -2.2867916201486965e-01 0.0000000000000000e+00 1
8.4515953942028127e-02 -6.1190916124746864e-02 0.0000000000000000e+00 1
-3.2376119471806653e-01 -2.2269554262363650e-01 0.0000000000000000e+00 1
7.1200725059167080e-02 4.4767337054646139e-02 0.0000000000000000e+00 1
-1.1140343232640897e-02 1.2347483311114826e-01 0.0000000000000000e+00 1
5.3339362406734875e-04 1.2810585696659760e-01 0.0000000000000000e+00 1
-8.4565722310421837e-02 -5.6107554149632269e-02 0.0000000000000000e+00 1
2.6003910603497138e-01 4.0580053917226833e-01 0.0000000000000000e+00 1
1.2553081263701821e-01 -6.9504274130755633e-02 0.0000000000000000e+00 1
1.3383491851080412e-01 -7.6353481040796756e-02 0.0000000000000000e+00 1
1.0267277189677733e-01 4.4217513629872557e-02 0.0000000000000000e+00 1
8.7610813462825343e-03 -4.5188919018623576e-02 0.0000000000000000e+00 1
1.6698170353546549e-01 1.0304064306376190e-02 0.0000000000000000e+00 1
-2.0531437919706452e-01 -1.3377984181220282e-01 0.0000000000000000e+00 1
3.4206645732836077e-01 2.9677644592381225e-01 0.0000000000000000e+00 1
1.5148081990746740e-01 -1.7422123418736508e-02 0.0000000000000000e+00 1
2.2428831461528503e-01 7.8900556924718826e-02 0.0000000000000000e+00 1
-1.7653647952643395e-01 -2.2929134337966134e-01 0.0000000000000000e+00 1
1.4634918243204778e-01 -1.1175993368150665e-01 0.0000000000000000e+00 1
3.3121948736432694e-01 2.9176873876836484e-01 0.0000000000000000e+00 1
2.1898967951502271e-01 3.2978103421726523e-01 0.0000000000000000e+00 1
-2.3411010435368501e-02 -5.7280096483851989e-02 0.0000000000000000e+00 1
5.9726471326832210e-02 9.3563882623379890e-02 0.0000000000000000e+00 1
-2.1341672651585586e-01 -1.2751907777510407e-01 0.0000000000000000e+00 1
1.0969584909839863e-01 -2.2608983167742045e-02 0.0000000000000000e+00 1
1.4044454478061116e-01 1.2438304389488897e-01 0.0000000000000000e+00 1
2.8891035671941335e-02 -3.5477961883541811e-02 0.0000000000000000e+00 1
8.0771691766312631e-02 -8.0455552445579018e-02 0.0000000000000000e+00 1
3.0223365126906804e-01 3.0160141834138199e-01 0.0000000000000000e+00 1
-2.2325424971283206e-01 -1.3111268975393506e-01 0.0000000000000000e+00 1
-6.3133836113499334e-02 1.5124824447655605e-01 0.0000000000000000e+00 1
-8.8475203116206470e-03 2.4352638181852845e-02 0.0000000000000000e+00 1
1.9981508680184956e-01 3.7182996865455198e-01 0.0000000000000000e+00 1
7.5560391509410824e-02 6.7128364549112529e-02 0.0000000000000000e+00 1
-2.9763125334384283e-01 -3.0254535273431649e-01 0.0000000000000000e+00 1
-4.7092578681840559e-02 9.7646266507531831e-02 0.0000000000000000e+00 1
1.2844179033198980e-01 -1.6578408393354452e-01 0.0000000000000000e+00 1
1.6928903516452964e-01 -9.4047620737446783e-02 0.0000000000000000e+00 1
3.0908807993298570e-01 3.7825805405902313e-01 0.0000000000000000e+00 1
1.6518598119923716e-01 -6.3998119826694025e-02 0.0000000000000000e+00 1
-1.2784314792893697e-01 -1.4962120546860969e-01 0.0000000000000000e+00 1
2.5364406068330714e-01 4.2207398630263715e-01 0.0000000000000000e+00 1
2.4109364022211344e-01 1.0993296145663453e-01 0.0000000000000000e+00 1
2.0788934408650878e-01 3.2567541832643609e-01 0.0000000000000000e+00 1
2.7652467097598488e-01 1.9959752714530402e-01 0.0000000000000000e+00 1
9.1559565972798740e-02 1.6547883951809866e-01 0.0000000000000000e+00 1
2.2031079211491195e-01 3.7999791224745483e-01 0.0000000000000000e+00 1
1.9566034635632992e-01 -1.3205184922509022e-02 0.0000000000000000e+00 1
2.8429078841392252e-01 3.8670561275320670e-01 0.0000000000000000e+00 1
1.1467363177777837e-01 1.0330467431296765e-01 0.0000000000000000e+00 1
-1.4625712625302958e-01 -6.4459817279655766e-03 0.0000000000000000e+00 1
3.1890293595513403e-02 3.9837251954180516e-02 0.0000000000000000e+00 1
3.5152830214654751e-01 2.7981506705142600e-01 0.0000000000000000e+00 1
-1.1398291332826543e-01 5.9676326500081311e-02 0.0000000000000000e+00 1
-3.0419959798319674e-02 1.3943900871671738e-01 0.0000000000000000e+00 1
5.3704566971227524e-02 2.4691358012827408e-01 0.0000000000000000e+00 1
2.7360162037782931e-01 3.7227471355212782e-01 0.0000000000000000e+00 1
-1.8040030573892424e-01 -1.4244828235155071e-01 0.0000000000000000e+00 1
-9.4917151401906763e-02 -7.5723094918588613e-02 0.0000000000000000e+00 1
2.8663253756768237e-01 3.2659870302441668e-01 0.0000000000000000e+00 1
-1.1088272134191549e-01 1.0774748083594331e-01 0.0000000000000000e+00 1
7.9974827153263123e-02 -3.4731964382790304e-02 0.0000000000000000e+00 1
-3.3287428881525000e-01 -2.6010823457410776e-01 0.0000000000000000e+00 1
-2.0148185559247796e-02 -4.2326733214112136e-02 0.0000000000000000e+00 1
1.4225260739670864e-01 -8.3327701471747673e-02 0.0000000000000000e+00 1
4.8651454659700791e-02 -7.5589576065461198e-02 0.0000000000000000e+00 1
1.8442299748206892e-01 -1.0217452567468985e-01 0.0000000000000000e+00 1
-1.1671050266926805e-01 -1.2575763621044994e-01 0.0000000000000000e+00 1
5.1543876006484170e-02 2.3359223234928028e-01 0.0000000000000000e+00 1
1.8041507007890326e-01 2.9348545117017233e-01 0.0000000000000000e+00 1
4.6645477202980852e-02 1.5938022543179206e-02 0.0000000000000000e+00 1
-1.6023283577102276e-01 1.3944471756905830e-02 0.0000000000000000e+00 1
-8.3867253291398602e-02 -1.0171748323895946e-01 0.0000000000000000e+00 1
-3.1484567754072196e-01 -3.3939520313885940e-01 0.0000000000000000e+00 1
8.4595610044506178e-03 -7.0087752324546415e-03 0.0000000000000000e+00 1
2.3988029875187927e-01 3.8776843208333411e-01 0.0000000000000000e+00 1
-2.9010998444472857e-01 -3.4343581825349395e-01 0.0000000000000000e+00 1
2.1511421175995438e-01 2.3700874608045386e-01 0.0000000000000000e+00 1
-4.9606539255201074e-02 -5.8381942942115891e-02 0.0000000000000000e+00 1
3.2532933331392605e-01 3.3240291849314291e-01 0.0000000000000000e+00 1
-1.2762423768217288e-01 -8.8168964480506415e-02 0.0000000000000000e+00 1
-2.3058837775199884e-01 -2.3997411345040803e-01 0.0000000000000000e+00 1
-2.4638901092450471e-01 -1.0189915794151007e-01 0.0000000000000000e+00 1
-3.3856214953365082e-01 -2.7743200942698049e-01 0.0000000000000000e+00 1
-3.8013394139856299e-02 1.7272817936954613e-01 0.0000000000000000e+00 1
-5.5885356510545478e-02 1.1751330347942432e-01 0.0000000000000000e+00 1
-9.4056998953058440e-02 6.8448951558698901e-02 0.0000000000000000e+00 1
4.2588631581324546e-02 -3.7237133267300428e-03 0.0000000000000000e+00 1
1.3712617079799888e-01 2.4225692220712394e-01 0.0000000000000000e+00 1
2.4167403416423977e-01 4.5318453166478090e-01 0.0000000000000000e+00 1
2.8012033413015935e-01 2.9473217738929136e-01 0.0000000000000000e+00 1
2.3375863879702419e-01 2.9139544860125099e-01 0.0000000000000000e+00 1
1.6848283744835790e-01 2.8912718893222211e-01 0.0000000000000000e+00 1
-7.0338909683220360e-02 2.7640842332628347e-02 0.0000000000000000e+00 1
-3.9596991536725135e-02 -3.5363810681530522e-02 0.0000000000000000e+00 1
-1.4345390441972303e-01 2.0240949338040701e-02 0.0000000000000000e+00 1
-2.0022898998712407e-01 -9.4335900058161754e-02 0.0000000000000000e+00 1
-2.9495664327439119e-01 -2.7594100441693986e-01 0.0000000000000000e+00 1
-3.0148653504845472e-02 -1.6688427891930792e-02 0.0000000000000000e+00 1
-1.9391156511506391e-01 -1.7691205463857529e-01 0.0000000000000000e+00 1
-2.3493291938824648e-01 -9.8959161157313916e-02 0.0000000000000000e+00 1
1.3192208055696911e-01 3.8755579164152248e-01 0.0000000000000000e+00 1
-2.5528599448941680e-01 -1.6267288260515472e-01 0.0000000000000000e+00 1
1.5223249694219398e-01 1.2873274005443452e-01 0.0000000000000000e+00 1
-1.0436552620876072e-01 -4.7099128839055968e-02 0.0000000000000000e+00 1
2.0610244828125294e-02 -6.3250291546080376e-02 0.0000000000000000e+00 1
-2.9851679384872548e-01 -3.1097820756670191e-01 0.0000000000000000e+00 1
-2.2955789560641832e-01 -1.1469232194589320e-01 0.0000000000000000e+00 1
-7.2523838360810902e-02 8.5997708377697785e-03 0.0000000000000000e+00 1
2.0751585632458996e-01 4.8301050814988408e-02 0.0000000000000000e+00 1
-1.3434861768570208e-01 -8.2969999519264745e-02 0.0000000000000000e+00 1
8.9507540726741497e-02 -3.0699305175167491e-02 0.0000000000000000e+00 1
-2.3568955869463996e-02 -2.1779870915204114e-02 0.0000000000000000e+00 1
2.6290070100626012e-01 1.8157518312905599e-01 0.0000000000000000e+00 1
-3.4081454106977149e-01 -2.9367614462843805e-01 0.0000000000000000e+00 1
-2.4044572372606848e-01 -4.6808886766764209e-02 0.0000000000000000e+00 1
2.4035294121999928e-01 2.5826564375428301e-01 0.0000000000000000e+00 1
-1.4858604320060759e-01 -2.4370921236272037e-02 0.0000000000000000e+00 1
2.5178405287507105e-01 1.0152743171181855e-01 0.0000000000000000e+00 1
-8.3015725547967260e-03 -1.5570610562306884e-02 0.0000000000000000e+00 1
-4.8520716068909370e-02 2.0976402675105685e-01 0.0000000000000000e+00 1
-1.7225539409309368e-01 -1.4869124937446182e-01 0.0000000000000000e+00 1
1.1107947183408755e-01 -1.0569046700418686e-01 0.0000000000000000e+00 1
2.6679793485251491e-01 4.5346348674669934e-01 0.0000000000000000e+00 1
1.9908298426265739e-01 3.3305912275961441e-01 0.0000000000000000e+00 1
-3.3988516370318811e-01 -3.0891342936342170e-01 0.0000000000000000e+00 1
-9.0624019568652375e-02 -5.0292106860160196e-02 0.0000000000000000e+00 1
1.8214719427544890e-01 4.4130529273702512e-01 0.0000000000000000e+00 1
-1.5801072999942645e-01 -1.0525737092341178e-01 0.0000000000000000e+00 1
3.0767384713277257e-01 2.7114660242356864e-01 0.0000000000000000e+00 1
1.5853415918057631e-01 2.9719210212529040e-01 0.0000000000000000e+00 1
2.8180046238510448e-01 3.6584018313478006e-01 0.0000000000000000e+00 1
-2.4549851707354686e-01 -2.7319272389158522e-01 0.0000000000000000e+00 1
1.5326148812173576e-01 7.1004749179648177e-02 0.0000000000000000e+00 1
-1.9539820110445993e-01 -1.8719806811913936e-01 0.0000000000000000e+00 1
1.7650787367453674e-01 2.4723412810176808e-03 0.0000000000000000e+00 1
1.5879840819200466e-01 3.6579228698862831e-01 0.0000000000000000e+00 1
-2.8150972550095247e-02 -8.3485242027648815e-02 0.0000000000000000e+00 1
2.6968421305426232e-01 3.3990545770838942e-01 0.0000000000000000e+00 1
9.9028969809562883e-02 -1.7195526214904303e-01 0.0000000000000000e+00 1
-1.0331954315488190e-01 7.5097488030579793e-02 0.0000000000000000e+00 1
2.5878879358889323e-01 4.5873956365885016e-01 0.0000000000000000e+00 1
-3.4009575197944425e-01 -3.2316202607080363e-01 0.0000000000000000e+00 1
1.3251382022419103e-01 2.8825811794470446e-01 0.0000000000000000e+00 1
-2.0764923242727179e-01 -3.4511345573967685e-02 0.0000000000000000e+00 1
-2.6518957280512123e-01 -1.6670594221723745e-01 0.0000000000000000e+00 1
-2.5642203947951281e-01 -2.8567298065283231e-01 0.0000000000000000e+00 1
-7.9377617178834070e-02 2.3939548518145400e-02 0.0000000000000000e+00 1
-8.8320194968521420e-02 2.9430259997834121e-02 0.0000000000000000e+00 1
-8.1206619743851002e-02 1.4554369795398630e-02 0.0000000000000000e+00 1
-4.3366865151780683e-02 5.6278910716184891e-02 0.0000000000000000e+00 1
1.7713253439789264e-01 -1.1160915537229528e-01 0.0000000000000000e+00 1
-6.6910895334948761e-02 1.8847326065579537e-01 0.0000000000000000e+00 1
2.2018092784691759e-01 5.3071728016388854e-02 0.0000000000000000e+00 1
1.5449068095596691e-01 -1.1871603890410387e-01 0.0000000000000000e+00 1
-3.2359067899858684e-01 -2.5466883579327082e-01 0.0000000000000000e+00 1
1.0327069984659698e-01 -9.8671163809860463e-02 0.0000000000000000e+00 1
2.5014196048129322e-01 2.4966375899338605e-01 0.0000000000000000e+00 1
-7.8849223047672931e-02 1.0781401679553278e-01 0.0000000000000000e+00 1
-1.0290663142141739e-01 -7.8765120161875882e-02 0.0000000000000000e+00 1
3.0486205517356302e-01 4.4403770462010261e-01 0.0000000000000000e+00 1
1.3140903233609796e-01 2.0389084504581195e-01 0.0000000000000000e+00 1
1.6656390677462352e-01 -5.3091850046266459e-02 0.0000000000000000e+00 1
2.9504071995181558e-01 4.2183043240989815e-01 0.0000000000000000e+00 1
6.0660224780939853e-03 1.6630794310548297e-01 0.0000000000000000e+00 1
-2.2104412716237110e-01 -2.3613784186900777e-01 0.0000000000000000e+00 1
1.0463902235070439e-01 -8.8214628184985294e-02 0.0000000000000000e+00 1
-1.9287679662116117e-01 -2.0791923545107689e-02 0.0000000000000000e+00 1
2.6437818645731448e-01 1.0652649783265140e-01 0.0000000000000000e+00 1
-2.7505431814197850e-01 -1.7080628115656527e-01 0.0000000000000000e+00 1
2.7499933269384774e-01 3.8273459492212425e-01 0.0000000000000000e+00 1
-2.2278439473043798e-01 -4.0201094154072581e-02 0.0000000000000000e+00 1
5.8845521043613472e-02 -1.0469906908976966e-01 0.0000000000000000e+00 1
-1.6633780516859059e-01 2.9092296533197039e-02 0.0000000000000000e+00 1
3.9027646334840772e-02 2.2875079186552599e-01 0.0000000000000000e+00 1
3.2422848897458079e-01 3.2137181825471478e-01 0.0000000000000000e+00 1
-2.1607156250696249e-01 -2.7336641261819766e-01 0.0000000000000000e+00 1
-1.1606257840493286e-01 -6.8030599603229353e-02 0.0000000000000000e+00 1
1.0362865198971212e-01 5.5768880944865847e-03 0.0000000000000000e+00 1
2.2217617765740250e-01 6.6036583347223732e-02 0.0000000000000000e+00 1
8.7983653109245163e-02 -8.6392725723734534e-02 0.0000000000000000e+00 1
2.5455381538038097e-01 2.8826933677318811e-01 0.0000000000000000e+00 1
3.5341524437300720e-01 3.0286912127765475e-01 0.0000000000000000e+00 1
1.2459940333237915e-01 9.4973903956853567e-02 0.0000000000000000e+00 1
2.1589116191779759e-01 4.5577288111674685e-01 0.0000000000000000e+00 1
2.2253310462912240e-01 4.4896992949858050e-01 0.0000000000000000e+00 1
5.0355801907749631e-02 -1.3780935219934845e-01 0.0000000000000000e+00 1
2.6841310984736078e-01 3.2874821873670024e-01 0.0000000000000000e+00 1
-2.1954480561930725e-01 -2.2588571218627179e-01 0.0000000000000000e+00 1
1.0420301652401577e-02 -8.1424728785658471e-02 0.0000000000000000e+00 1
-3.5730683987308179e-03 2.6516723304462492e-01 0.0000000000000000e+00 1
1.1870419698346103e-01 2.7113989492734775e-01 0.0000000000000000e+00 1
3.2222216646264606e-01 1.6848555127918757e-01 0.0000000000000000e+00 1
2.7503374719353468e-01 1.8670270499110131e-01 0.0000000000000000e+00 1
1.5538758610847625e-01 8.3794500925701523e-02 0.0000000000000000e+00 1
-3.1113102295631778e-01 -3.0198323736270488e-01 0.0000000000000000e+00 1
-3.2560781041155307e-01 -3.4703969941834512e-01 0.0000000000000000e+00 1
-3.3175179662146898e-01 -3.4511098044638167e-01 0.0000000000000000e+00 1
3.5311500557233977e-01 3.8468739254127621e-01 0.0000000000000000e+00 1
-3.0215211712846118e-01 -2.7056658809559003e-01 0.0000000000000000e+00 1
3.4931450943310605e-01 2.6722213246616328e-01 0.0000000000000000e+00 1
1.1597286150179625e-01 3.3130422837166162e-01 0.0000000000000000e+00 1
2.3531173003698242e-02 4.6006479203746897e-02 0.0000000000000000e+00 1
3.1459517747883725e-01 1.4202876478201867e-01 0.0000000000000000e+00 1
-9.0097634950088157e-03 1.3602916139431870e-01 0.0000000000000000e+00 1
-1.4015394679208865e-01 -2.0835458781155364e-02 0.0000000000000000e+00 1
-4.2609937007068360e-02 3.8998876998857748e-02 0.0000000000000000e+00 1
2.3466865406956650e-01 4.6035392605597236e-01 0.0000000000000000e+00 1
-4.4747422179127638e-02 -8.4184926348374073e-02 0.0000000000000000e+00 1
2.8583786221198011e-02 -6.0168411149467763e-02 0.0000000000000000e+00 1
-3.0440373801353138e-01 -3.6199179553259153e-01 0.0000000000000000e+00 1
2.8421299790132210e-02 2.3753469902351526e-01 0.0000000000000000e+00 1
2.7700806646219239e-01 1.1138122367276554e-01 0.0000000000000000e+00 1
-1.6042328508971776e-01 -5.3534565582788483e-02 0.0000000000000000e+00 1
8.2207550865058959e-02 4.8549562708028501e-02 0.0000000000000000e+00 1
-2.8352082897926550e-01 -3.4078276529621815e-01 0.0000000000000000e+00 1
2.3805243857312922e-01 3.7749592945932570e-01 0.0000000000000000e+00 1
-2.1798883460899104e-01 -2.1552285480789574e-01 0.0000000000000000e+00 1
2.9459658507439224e-01 2.5510562609719867e-01 0.0000000000000000e+00 1
-2.0895986226592000e-01 -4.2546248604643677e-02 0.0000000000000000e+00 1
3.3587103751105535e-01 2.0651989953182037e-01 0.0000000000000000e+00 1
1.5670478722004549e-01 -1.8246816383812903e-01 0.0000000000000000e+00 1
8.9495658060838479e-02 -1.7311759567466170e-01 0.0000000000000000e+00 1
3.5472824010147974e-01 3.3562442352162997e-01 0.0000000000000000e+00 1
3.4680757410914498e-01 4.0016657460359983e-01 0.0000000000000000e+00 1
1.4346058095623127e-01 2.8028811783110030e-01 0.0000000000000000e+00 1
3.3976671206452763e-01 4.1543164793243942e-01 0.0000000000000000e+00 1
-2.4773231360689593e-01 -7.7737532453356489e-02 0.0000000000000000e+00 1
-2.0462919331912635e-01 -4.8004635943296398e-03 0.0000000000000000e+00 1
-5.8217308180135874e-02 -3.1869444350563152e-02 0.0000000000000000e+00 1
-2.3962179813523804e-01 -3.2216317686356605e-01 0.0000000000000000e+00 1
3.1995855632047565e-01 4.4020761394887759e-01 0.0000000000000000e+00 1
-2.1633029545818697e-01 -2.0514755149516919e-01 0.0000000000000000e+00 1
9.3765973935111629e-02 5.2302432242634762e-02 0.0000000000000000e+00 1
1.7772719323942910e-02 2.4637475482457494e-01 0.0000000000000000e+00 1
-2.2429063286368622e-01 -1.9628184897631434e-02 0.0000000000000000e+00 1
-2.4178661842170934e-01 -3.3603643992522580e-01 0.0000000000000000e+00 1
1.5574753229797478e-01 9.6108507019638759e-02 0.0000000000000000e+00 1
-1.9691349658124613e-01 -1.9709625847046303e-01 0.0000000000000000e+00 1
-8.7801413248083188e-02 1.1513474173955510e-01 0.0000000000000000e+00 1
-2.9218046137863618e-01 -2.4760166036576783e-01 0.0000000000000000e+00 1
-3.3906868461679618e-01 -3.2978159068204821e-01 0.0000000000000000e+00 1
-2.5524291052260339e-02 -9.2634383393040143e-02 0.0000000000000000e+00 1
-3.1136917919112028e-01 -2.9194043037489953e-01 0.0000000000000000e+00 1
5.9749029500952885e-02 -1.3574794263066853e-01 0.0000000000000000e+00 1
-2.5459505141662930e-01 -2.7646095858855302e-01 0.0000000000000000e+00 1
-2.0665632653024746e-01 -2.0113394732956738e-01 0.0000000000000000e+00 1
2.8251827061194168e-01 4.5990410257737591e-01 0.0000000000000000e+00 1
-1.8927707398578164e-01 -2.0356055991365707e-01 0.0000000000000000e+00 1
3.5030599474197621e-02 -6.5483777585077840e-02 0.0000000000000000e+00 1
7.9058060846110029e-02 -1.5281412596495123e-01 0.0000000000000000e+00 1
-2.1307584671361471e-01 -6.6982708231826199e-02 0.0000000000000000e+00 1
1.0003118857119692e-01 3.3459708139717020e-02 0.0000000000000000e+00 1
2.9119900199806475e-01 2.9773659812116343e-01 0.0000000000000000e+00 1
1.0043649445743266e-01 -1.6069218849335962e-02 0.0000000000000000e+00 1
6.6376800846546402e-02 -1.1068120133711398e-01 0.0000000000000000e+00 1
3.3608597443725030e-01 4.2258645772282538e-01 0.0000000000000000e+00 1
-1.8142454969233759e-01 -4.5723937865771822e-02 0.0000000000000000e+00 1
1.2493495261823580e-01 3.8073370201536845e-02 0.0000000000000000e+00 1
2.9814883179699414e-01 2.7889111500255559e-01 0.0000000000000000e+00 1
-3.1678199749529540e-01 -2.0390585341567893e-01 0.0000000000000000e+00 1
1.8826071710865352e-01 6.4991210835261357e-03 0.0000000000000000e+00 1
3.2575271908566028e-01 4.3486981719503304e-01 0.0000000000000000e+00 1
-1.5871274592359119e-01 2.3217082914255633e-02 0.0000000000000000e+00 1
7.5558505297224424e-03 2.5522100870298980e-01 0.0000000000000000e+00 1
-1.8062235740246196e-01 -2.1059618900528343e-01 0.0000000000000000e+00 1
4.1672642320120870e-02 1.0902432526629682e-01 0.0000000000000000e+00 1
3.0446590968740928e-01 2.4725673796240946e-01 0.0000000000000000e+00 1
6.2800407434294700e-02 -1.4930079617261049e-01 0.0000000000000000e+00 1
-1.3777656267943594e-02 -4.7202946827827608e-02 0.0000000000000000e+00 1
2.8556727144290228e-01 1.7896780012110841e-01 0.0000000000000000e+00 1
-1.7748262706932955e-01 -1.3656618466636204e-02 0.0000000000000000e+00 1
1.3637986228547555e-01 -4.3040290163456368e-02 0.0000000000000000e+00 1
1.6531870792242906e-01 -1.1543210950586616e-01 0.0000000000000000e+00 1
2.3465669106439346e-01 7.0646040987397962e-02 0.0000000000000000e+00 1
-1.0778262666817300e-01 -6.5309579290253078e-02 0.0000000000000000e+00 1
1.9788402416284734e-01 -1.3271510253107259e-03 0.0000000000000000e+00 1
-1.2379446556419110e-01 1.1209908397096971e-01 0.0000000000000000e+00 1
1.7354965138455353e-01 1.0649618757929868e-01 0.0000000000000000e+00 1
-3.0215203346543057e-01 -2.1856374014396973e-01 0.0000000000000000e+00 1
1.1946212794554405e-01 3.8475662519148546e-01 0.0000000000000000e+00 1
-1.0636853548072389e-01 -5.6502592815251690e-02 0.0000000000000000e+00 1
1.3448980481405207e-01 4.0970026577174123e-01 0.0000000000000000e+00 1
2.2452539550310985e-01 2.2885141274872639e-01 0.0000000000000000e+00 1
2.9607849653456852e-01 1.7041256552885922e-01 0.0000000000000000e+00 1
-1.0439806035980501e-01 1.2137276298844786e-01 0.0000000000000000e+00 1
7.5567552673881488e-02 -1.0823037850952832e-01 0.0000000000000000e+00 1
3.1225047796045668e-01 4.3741801050363421e-01 0.0000000000000000e+00 1
1.5112770804687059e-01 -1.9861464701426204e-01 0.0000000000000000e+00 1
-1.8529540670463032e-01 -1.7489650786084134e-02 0.0000000000000000e+00 1
2.6903357533390776e-01 5.8185170566818607e-02 0.0000000000000000e+00 1
5.2743309436073693e-02 -1.2712301324246183e-03 0.0000000000000000e+00 1
2.2396208409421953e-01 -4.1452360241298968e-02 0.0000000000000000e+00 1
-2.8404893312856699e-01 -1.7451760830746765e-01 0.0000000000000000e+00 1
-2.8113891086215237e-01 -3.6579837045573227e-01 0.0000000000000000e+00 1
3.0816876196640530e-01 3.7007966067103554e-01 0.0000000000000000e+00 1
2.4471928285599914e-01 6.2443785645333781e-02 0.0000000000000000e+00 1
-1.3253630546080095e-01 1.0043359255626230e-01 0.0000000000000000e+00 1
-7.0319302863066299e-03 1.4873524608987090e-01 0.0000000000000000e+00 1
-3.0985057959534934e-01 -2.1164290692684123e-01 0.0000000000000000e+00 1
-3.1287869259762169e-01 -3.6569680089429168e-01 0.0000000000000000e+00 1
1.2706628708564893e-01 -5.7775913366924975e-02 0.0000000000000000e+00 1
3.3794043186385658e-01 2.6147575764637465e-01 0.0000000000000000e+00 1
-5.2430642487608569e-03 -8.6572227397392135e-02 0.0000000000000000e+00 1
2.7682795620779987e-01 3.2212420773780703e-01 0.0000000000000000e+00 1
1.0430337328923175e-01 3.4025449909145794e-01 0.0000000000000000e+00 1
2.4232627858171499e-01 -6.0171223005379068e-03 0.0000000000000000e+00 1
-2.8214882859591417e-01 -3.3344035747542322e-01 0.0000000000000000e+00 1
1.2608041645311213e-01 1.5797067413916229e-02 0.0000000000000000e+00 1
-4.0037295723040191e-02 -5.0749507314664405e-02 0.0000000000000000e+00 1
1.6136219087901549e-01 4.2933350218970978e-01 0.0000000000000000e+00 1
2.2810946548835276e-01 3.7376496201679538e-01 0.0000000000000000e+00 1
-1.2265481817791099e-01 -6.2666605458116587e-02 0.0000000000000000e+00 1
2.8568508656039937e-02 -1.0603035743910592e-01 0.0000000000000000e+00 1
9.6071244904369968e-02 3.7734758286706427e-01 0.0000000000000000e+00 1
3.5423415501496386e-02 -1.1244829107267504e-01 0.0000000000000000e+00 1
2.2707085854704234e-01 4.2215764259033817e-01 0.0000000000000000e+00 1
2.5530100804536893e-01 5.4027181370929427e-02 0.0000000000000000e+00 1
-5.0292239451171103e-02 -8.6844888629021927e-02 0.0000000000000000e+00 1
2.2246291520642336e-01 2.1592111040767947e-01 0.0000000000000000e+00 1
3.2501141872402883e-01 3.6738078166266230e-01 0.0000000000000000e+00 1
-2.0053501361508519e-01 -2.6620514073692891e-01 0.0000000000000000e+00 1
-2.7392671242953570e-01 -1.0600710900124986e-01 0.0000000000000000e+00 1
1.4731950372372427e-01 -3.9109979362077885e-02 0.0000000000000000e+00 1
7.8889422836236234e-02 -1.2267677558926793e-01 0.0000000000000000e+00 1
-2.6927636443041114e-01 -3.6089423429817352e-01 0.0000000000000000e+00 1
-5.3054051560110088e-03 1.6131067264163915e-01 0.0000000000000000e+00 1
-5.9367880632537000e-02 -1.8583025172655712e-02 0.0000000000000000e+00 1
9.0490396633555195e-02 -1.3046581061709817e-01 0.0000000000000000e+00 1
3.2406973100983921e-01 4.2688147928527698e-01 0.0000000000000000e+00 1
-2.9174124280634034e-01 -3.6988711742175090e-01 0.0000000000000000e+00 1
2.6410172451596686e-01 4.4483774222181985e-02 0.0000000000000000e+00 1
-2.6211231020453106e-02 -7.0773196841915520e-02 0.0000000000000000e+00 1
1.0447772012467546e-01 3.5444098764665882e-01 0.0000000000000000e+00 1
-3.0229637807356147e-01 -3.6931776503993385e-01 0.0000000000000000e+00 1
1.2077689241851575e-01 2.1152010012052913e-01 0.0000000000000000e+00 1
1.6576895801828978e-01 1.3182580068127916e-01 0.0000000000000000e+00 1
1.6642770384884290e-01 1.4674576581342563e-01 0.0000000000000000e+00 1
1.5633081080493638e-01 3.5393896924750856e-01 0.0000000000000000e+00 1
2.2060930969448869e-01 2.0316014603334132e-01 0.0000000000000000e+00 1
-4.3722974944731686e-02 -6.4146584991682715e-02 0.0000000000000000e+00 1
3.1446394001256245e-01 2.3943819694072616e-01 0.0000000000000000e+00 1
-3.0115710187904604e-01 -2.6151788953738864e-01 0.0000000000000000e+00 1
2.8549006016463213e-01 1.0315403967040959e-01 0.0000000000000000e+00 1
1.9079429854125546e-01 -8.6379351339273991e-02 0.0000000000000000e+00 1
-1.2445949126851744e-02 -9.4277675460271049e-02 0.0000000000000000e+00 1
-1.1313075721195055e-01 7.0627978372255762e-02 0.0000000000000000e+00 1
-2.7693044129771816e-01 -1.3275991067361428e-01 0.0000000000000000e+00 1
1.0776070788033074e-01 2.0700512942470567e-01 0.0000000000000000e+00 1
1.6185773200911310e-01 -1.9042480231286135e-01 0.0000000000000000e+00 1
-1.8332126426615886e-01 -5.4031437928625234e-02 0.0000000000000000e+00 1
-1.9214773632176618e-01 8.1651927387494314e-03 0.0000000000000000e+00 1
2.1877236772579770e-01 1.8998886175359231e-01 0.0000000000000000e+00 1
2.1678265830819443e-01 1.7646982183807730e-01 0.0000000000000000e+00 1
7.1641922159152507e-02 9.8296954955275989e-02 0.0000000000000000e+00 1
1.1308524693240435e-01 -1.7300626039454883e-01 0.0000000000000000e+00 1
-3.2977057759742345e-01 -2.4074566373417078e-01 0.0000000000000000e+00 1
-1.3164818005214435e-01 -1.7202014155332106e-02 0.0000000000000000e+00 1
2.0288468445110502e-01 1.5736788198157475e-01 0.0000000000000000e+00 1
9.5827999483432624e-02 2.1427313370337470e-01 0.0000000000000000e+00 1
-8.6312066320442596e-02 -1.1896053749161507e-01 0.0000000000000000e+00 1
2.4406508989724695e-02 -9.3795593900622615e-02 0.0000000000000000e+00 1
-2.2951458680793368e-01 -4.1829698308117391e-02 0.0000000000000000e+00 1
1.1666303001837681e-01 -5.0540531316381657e-02 0.0000000000000000e+00 1
-3.3026871244183614e-01 -2.9618144917434114e-01 0.0000000000000000e+00 1
7.1708253208945555e-02 -1.4818643565342144e-02 0.0000000000000000e+00 1
5.6288758822863841e-02 -1.7417701461929901e-02 0.0000000000000000e+00 1
8.6036559230382698e-02 1.9632771589984388e-01 0.0000000000000000e+00 1
2.1042779035475034e-01 2.9880083227306654e-03 0.0000000000000000e+00 1
7.4613873072269715e-02 1.1027313484429248e-01 0.0000000000000000e+00 1
-7.5314803407545969e-02 -1.1227541184578516e-01 0.0000000000000000e+00 1
2.3796136442706260e-02 2.8507525013450219e-01 0.0000000000000000e+00 1
-1.4963081420520608e-01 -1.7690775332625269e-01 0.0000000000000000e+00 1
-2.9295623080493582e-01 -2.5745345687424936e-01 0.0000000000000000e+00 1
-3.3612694385284747e-01 -3.4098424354754447e-01 0.0000000000000000e+00 1
-1.3955936148300258e-01 -1.6327456586300920e-01 0.0000000000000000e+00 1
3.2435343130071603e-01 2.3222161702369359e-01 0.0000000000000000e+00 1
1.7121003026459208e-01 1.1807467378015948e-01 0.0000000000000000e+00 1
-6.6060165680921101e-02 -1.5307922895395069e-02 0.0000000000000000e+00 1
-1.3123291463033493e-01 -6.6179217603006171e-02 0.0000000000000000e+00 1
1.8634675711455195e-01 -1.4472381529374473e-01 0.0000000000000000e+00 1
3.0786072134976585e-03 2.7913546340259870e-01 0.0000000000000000e+00 1
-2.1577651138724886e-02 2.3035024088359518e-01 0.0000000000000000e+00 1
3.3582626359126272e-01 4.0878828837798248e-01 0.0000000000000000e+00 1
3.4641352874924902e-01 2.4357900023062476e-01 0.0000000000000000e+00 1
-2.3863980323441916e-01 -2.7936120924416580e-01 0.0000000000000000e+00 1
2.5177539936890980e-01 4.6403940328802495e-01 0.0000000000000000e+00 1
2.1216397433268144e-01 4.4569072342756305e-01 0.0000000000000000e+00 1
-1.6295870111503974e-01 -2.1192320717539403e-01 0.0000000000000000e+00 1
-6.1110767530289743e-03 -4.4163369118315920e-02 0.0000000000000000e+00 1
3.1875471737367017e-01 1.9361325368009402e-01 0.0000000000000000e+00 1
1.1143737431958081e-01 3.6241118338990720e-02 0.0000000000000000e+00 1
-1.2301025906174481e-01 -1.3484827277303916e-02 0.0000000000000000e+00 1
-2.2778568903379162e-01 -3.0775814321528822e-01 0.0000000000000000e+00 1
-3.2715458533152209e-01 -3.5593671325610499e-01 0.0000000000000000e+00 1
1.3565970828647686e-01 4.4359940573167674e-02 0.0000000000000000e+00 1
2.2299098419752023e-01 7.6426265650565168e-03 0.0000000000000000e+00 1
-1.1434344642545724e-01 -9.7417785956290855e-03 0.0000000000000000e+00 1
1.4480162980460851e-01 3.4974919994252063e-01 0.0000000000000000e+00 1
-2.7603850410364494e-01 -3.3153594840057388e-01 0.0000000000000000e+00 1
8.7840344305563173e-02 -1.5079890015990849e-01 0.0000000000000000e+00 1
-1.3932337701881137e-01 -6.9725623692519223e-02 0.0000000000000000e+00 1
3.0718073561105630e-01 1.6298108023033425e-01 0.0000000000000000e+00 1
3.0704120552290082e-01 1.5185542127194046e-01 0.0000000000000000e+00 1
2.1971203141537621e-01 -5.5187882928204125e-02 0.0000000000000000e+00 1
-5.3391459565906393e-02 5.4311438528207488e-02 0.0000000000000000e+00 1
-1.0550207088511351e-01 -5.7158399330946028e-03 0.0000000000000000e+00 1
1.5507502640392620e-01 -2.0443515215985833e-01 0.0000000000000000e+00 1
-1.2272933591966768e-01 7.7527092272251352e-02 0.0000000000000000e+00 1
1.5822352246324414e-01 -3.5604338786765929e-02 0.0000000000000000e+00 1
2.1819948952287993e-01 3.7024366554696547e-01 0.0000000000000000e+00 1
3.5673747830402908e-01 3.6639204525788560e-01 0.0000000000000000e+00 1
-1.3152869432371064e-01 8.2947800783985226e-02 0.0000000000000000e+00 1
7.1765602350260901e-02 -3.0179534916098462e-02 0.0000000000000000e+00 1
2.7528108922958183e-01 3.1143762827322252e-01 0.0000000000000000e+00 1
2.3462256966913431e-01 1.2047649496027324e-02 0.0000000000000000e+00 1
1.3292463628375506e-01 -2.0741163331992457e-01 0.0000000000000000e+00 1
-1.0317165985997165e-01 3.0822328130009780e-03 0.0000000000000000e+00 1
1.1502459090091990e-01 -1.6490617897299686e-01 0.0000000000000000e+00 1
1.4111649196520309e-01 -2.1094361869106817e-01 0.0000000000000000e+00 1
-8.8538064701169927e-02 5.9539322034637618e-04 0.0000000000000000e+00 1
2.0638654093051828e-01 -8.1313175767139270e-02 0.0000000000000000e+00 1
-4.2851483123917622e-02 -7.4928441522661817e-03 0.0000000000000000e+00 1
4.1567090337812702e-02 -6.2805614506976484e-02 0.0000000000000000e+00 1
1.1485962689407503e-01 1.0357320485376534e-02 0.0000000000000000e+00 1
-3.3456068918511472e-01 -2.9068705899853053e-01 0.0000000000000000e+00 1
-1.5432889571006628e-01 5.1942040300248710e-02 0.0000000000000000e+00 1
-2.1029957318320511e-01 -8.8832913492932104e-03 0.0000000000000000e+00 1
8.5990040565592812e-02 1.1438957175985043e-01 0.0000000000000000e+00 1
-2.1706596067355596e-01 -2.9136568319653067e-01 0.0000000000000000e+00 1
-2.1447421612215284e-01 -7.5042911951879690e-02 0.0000000000000000e+00 1
-4.2490600080601175e-02 2.2370787913564419e-01 0.0000000000000000e+00 1
7.1730092483168306e-02 3.3875722779122686e-01 0.0000000000000000e+00 1
-4.7713684761193920e-02 -4.2419657351455364e-02 0.0000000000000000e+00 1
-8.0185900170240187e-02 -4.0232255950080557e-02 0.0000000000000000e+00 1
-1.5425886151530135e-02 1.6869646060345078e-01 0.0000000000000000e+00 1
-2.2030394375343518e-01 -1.3458352708589104e-02 0.0000000000000000e+00 1
-1.4123152056807992e-01 -7.8378621374354557e-02 0.0000000000000000e+00 1
-1.9729508126308060e-01 -2.4494015307917466e-01 0.0000000000000000e+00 1
5.2836221449697449e-02 -5.5086005367795163e-02 0.0000000000000000e+00 1
-2.5088775033506877e-01 -6.2556397412467921e-02 0.0000000000000000e+00 1
-2.2968883636264747e-01 -2.7631996067736708e-01 0.0000000000000000e+00 1
-5.0200901442280697e-02 -7.9089146146058012e-02 0.0000000000000000e+00 1
2.5897464715393259e-01 3.1673362084924259e-02 0.0000000000000000e+00 1
-1.9639902038897841e-01 -6.7971912211191449e-02 0.0000000000000000e+00 1
-5.4171254810978620e-02 1.8781592536222075e-01 0.0000000000000000e+00 1
-4.0437375960191514e-02 4.7413937812890973e-02 0.0000000000000000e+00 1
1.5131599010936519e-01 3.5222207343503113e-02 0.0000000000000000e+00 1
1.2638548247803860e-01 -1.9692741810010056e-01 0.0000000000000000e+00 1
2.4435759166954313e-02 5.4168237314935086e-02 0.0000000000000000e+00 1
-8.8456145066795722e-02 -3.1135406454855796e-02 0.0000000000000000e+00 1
8.9150086933685424e-02 1.3975090114778402e-01 0.0000000000000000e+00 1
-1.1967661502646355e-01 -1.4328669419298223e-01 0.0000000000000000e+00 1
-8.5433986522160499e-02 1.6626365648991692e-01 0.0000000000000000e+00 1
-3.0397314289260796e-01 -1.9354597029958112e-01 0.0000000000000000e+00 1
-1.0952266237788484e-01 -1.2903438211575791e-01 0.0000000000000000e+00 1
1.9805631895854459e-01 4.5150368079353520e-01 0.0000000000000000e+00 1
3.4026148579967819e-01 3.6569746320676766e-01 0.0000000000000000e+00 1
8.7799163692397236e-02 1.2694438924711676e-01 0.0000000000000000e+00 1
8.9252456510377429e-02 -1.4353046807366315e-01 0.0000000000000000e+00 1
-2.9906270236123478e-01 -3.6484148328921384e-01 0.0000000000000000e+00 1
2.0796894712618400e-01 3.6607112808995163e-01 0.0000000000000000e+00 1
1.3359674907618016e-01 3.4551938029342022e-01 0.0000000000000000e+00 1
-2.5241861491759493e-01 -3.4872324832116292e-01 0.0000000000000000e+00 1
4.3096947376742620e-02 3.0517963729951031e-01 0.0000000000000000e+00 1
2.0279880016203337e-03 -4.1226790962667681e-02 0.0000000000000000e+00 1
8.9356298703111486e-02 -7.6160340608479066e-02 0.0000000000000000e+00 1
1.2446212686541029e-01 4.0375827300493178e-01 0.0000000000000000e+00 1
-2.2413304260499123e-01 -7.8341254237421526e-02 0.0000000000000000e+00 1
-1.8538976750442487e-01 -2.2976314617829144e-01 0.0000000000000000e+00 1
-2.6926439738366705e-02 1.7768600343235130e-01 0.0000000000000000e+00 1
5.5982973997696174e-02 3.1984767873937309e-01 0.0000000000000000e+00 1
-2.9161330683444159e-01 -1.6241432631188732e-01 0.0000000000000000e+00 1
1.7925171583627877e-01 -1.3027117253449080e-01 0.0000000000000000e+00 1
3.4218710803169505e-01 3.9396180936853598e-01 0.0000000000000000e+00 1
-2.9807606891490684e-01 -1.8028080601801658e-01 0.0000000000000000e+00 1
-1.4028913072696500e-01 5.8341569250759728e-02 0.0000000000000000e+00 1
-3.3333012335566126e-01 -3.3198993257023335e-01 0.0000000000000000e+00 1
3.4345745497118846e-01 2.3109531548889967e-01 0.0000000000000000e+00 1
2.9077535768778501e-01 1.4367555534669399e-01 0.0000000000000000e+00 1
9.5666472335903099e-02 3.5861204203448827e-01 0.0000000000000000e+00 1
-9.6591236147845913e-02 -1.3122619201791882e-01 0.0000000000000000e+00 1
1.0670235537967646e-01 -1.7494316284381978e-01 0.0000000000000000e+00 1
-1.4893555781529710e-01 2.6556363805684845e-02 0.0000000000000000e+00 1
-2.0460977336744157e-01 -6.3471160336582483e-02 0.0000000000000000e+00 1
3.3148447491283156e-01 3.6250145964878566e-01 0.0000000000000000e+00 1
2.3773622677967213e-01 -1.9052819115144583e-02 0.0000000000000000e+00 1
-4.5366511017444315e-02 -9.6002947350526932e-02 0.0000000000000000e+00 1
-3.3309369905364672e-01 -2.8247900931545616e-01 0.0000000000000000e+00 1
-2.3100974927735757e-01 -7.2777013613697247e-02 0.0000000000000000e+00 1
-2.9927507733518311e-03 2.5057024154887564e-01 0.0000000000000000e+00 1
-9.7196204265420971e-02 1.3198718348141772e-01 0.0000000000000000e+00 1
3.1683119293575068e-01 4.2432874657863151e-01 0.0000000000000000e+00 1
3.0743269070056567e-01 4.5052095849784279e-01 0.0000000000000000e+00 1
1.6309749272414624e-02 -8.5204677159062991e-02 0.0000000000000000e+00 1
-1.7015798904773080e-01 5.3511566546427247e-02 0.0000000000000000e+00 1
1.1926767501111743e-01 -1.9848133205687918e-01 0.0000000000000000e+00 1
1.4461916097922886e-01 -2.1202462423694513e-01 0.0000000000000000e+00 1
3.1829185436521457e-01 4.3213053120075628e-01 0.0000000000000000e+00 1
1.6757366520824768e-01 -4.3081114947244516e-02 0.0000000000000000e+00 1
-1.8367070116815440e-01 1.8832354711646623e-02 0.0000000000000000e+00 1
8.1288164676850405e-02 1.6030931780733571e-01 0.0000000000000000e+00 1
-2.9929813377777870e-01 -2.4239022840642840e-01 0.0000000000000000e+00 1
-7.8665094354285842e-02 -1.8354570879415805e-02 0.0000000000000000e+00 1
-1.9028532401899093e-01 -5.5755303776477153e-02 0.0000000000000000e+00 1
8.9743493216121573e-02 -6.7426140199490586e-02 0.0000000000000000e+00 1
1.2206651469508309e-01 -1.6263809422453304e-01 0.0000000000000000e+00 1
7.2569961252297116e-02 -1.4710414010407832e-01 0.0000000000000000e+00 1
9.8613244064243242e-03 -3.8308920269665328e-02 0.0000000000000000e+00 1
1.2935216213814041e-01 3.3183100987700848e-01 0.0000000000000000e+00 1
8.0245714045086416e-02 1.4780559874909957e-01 0.0000000000000000e+00 1
2.1136284398812721e-02 -3.5899205468180637e-02 0.0000000000000000e+00 1
3.7888766234166080e-02 -3.9921725767410383e-02 0.0000000000000000e+00 1
-4.8328023012646742e-02 1.7883274883110431e-01 0.0000000000000000e+00 1
2.1529932294140691e-01 -6.5688740370154347e-02 0.0000000000000000e+00 1
3.0923694647795325e-01 4.2136418114069063e-01 0.0000000000000000e+00 1
-2.3380134187790730e-01 -3.1940501592923880e-02 0.0000000000000000e+00 1
1.5207352786182773e-01 4.2558146680097331e-01 0.0000000000000000e+00 1
-1.7266194522328776e-01 3.4347188441501690e-02 0.0000000000000000e+00 1
-2.0290248724195069e-02 -6.7784092591886322e-02 0.0000000000000000e+00 1
4.5701725885240810e-02 -4.7379190160287979e-02 0.0000000000000000e+00 1
2.9772223802127973e-01 8.7020011092367747e-02 0.0000000000000000e+00 1
-6.8406069958670240e-02 -1.0792582178003041e-01 0.0000000000000000e+00 1
-3.3148354088791754e-01 -2.7524483344008110e-01 0.0000000000000000e+00 1
-1.6086912170879369e-01 -1.9139333062779018e-01 0.0000000000000000e+00 1
-8.6898327876681544e-02 8.8019075103393622e-03 0.0000000000000000e+00 1
-1.4950991943079864e-01 -8.2487086016048261e-02 0.0000000000000000e+00 1
2.0530047237335791e-01 3.5510100238552500e-01 0.0000000000000000e+00 1
3.2894341647685144e-01 4.2247144772893980e-01 0.0000000000000000e+00 1
3.3098390702940444e-01 1.7984284133083148e-01 0.0000000000000000e+00 1
-3.2085727783271256e-01 -2.3700271524965649e-01 0.0000000000000000e+00 1
3.4563889982514284e-01 3.5900109308398048e-01 0.0000000000000000e+00 1
1.5145578674865270e-01 -2.1096142756841274e-01 0.0000000000000000e+00 1
1.9162140671772221e-01 4.3765315127298055e-01 0.0000000000000000e+00 1
-2.1036073278982936e-02 -9.3424965607267901e-02 0.0000000000000000e+00 1
7.2420063877431441e-04 6.3504170759552558e-02 0.0000000000000000e+00 1
1.9568470029307505e-01 3.5073329472779968e-01 0.0000000000000000e+00 1
1.1071762822586645e-01 -1.9278656881414954e-01 0.0000000000000000e+00 1
-1.7725253150321692e-02 6.7053269046477126e-02 0.0000000000000000e+00 1
1.1645593333753781e-02 2.3017666171192101e-03 0.0000000000000000e+00 1
3.0186602941397017e-01 4.1853034406149503e-01 0.0000000000000000e+00 1
-3.3350763673434897e-02 6.2328827039825702e-02 0.0000000000000000e+00 1
-4.7857028145377324e-02 1.9668569240434333e-01 0.0000000000000000e+00 1
-3.2560434316737713e-01 -3.4162317437855788e-01 0.0000000000000000e+00 1
-2.7414245700615608e-01 -1.2456428511149079e-01 0.0000000000000000e+00 1
2.7584526324408909e-01 4.6348910782456065e-01 0.0000000000000000e+00 1
-1.4971916409912434e-01 -8.9962741884540592e-02 0.0000000000000000e+00 1
1.1799442999657805e-01 2.8869876532678061e-02 0.0000000000000000e+00 1
-2.3758676067618650e-01 -6.8010238582629334e-02 0.0000000000000000e+00 1
-1.6040000111517511e-01 -9.5735333642246040e-02 0.0000000000000000e+00 1
-8.2380321114135985e-02 1.5362230071972721e-01 0.0000000000000000e+00 1
1.0224442650631914e-01 -6.1016680925763615e-02 0.0000000000000000e+00 1
1.0846823815697733e-01 3.8945816208771250e-01 0.0000000000000000e+00 1
-3.1499360285484716e-02 -9.3737242005212454e-02 0.0000000000000000e+00 1
1.2741895693512997e-01 -2.0623267203882512e-01 0.0000000000000000e+00 1
-2.9455895198128586e-02 -9.2811133062664364e-03 0.0000000000000000e+00 1
-2.2647111362092735e-02 -1.4373460056598310e-02 0.0000000000000000e+00 1
-1.5649727598711576e-02 -1.1337981845010416e-02 0.0000000000000000e+00 1
-6.3959844071988944e-02 -9.6866402155133202e-02 0.0000000000000000e+00 1
-2.0910908297689748e-01 -2.6699758140155017e-01 0.0000000000000000e+00 1
-3.6453068170602183e-02 -3.8380882924515134e-03 0.0000000000000000e+00 1
1.7672917170322838e-01 -5.0461597235011063e-02 0.0000000000000000e+00 1
3.4897568905808057e-02 -1.1963164937396775e-01 0.0000000000000000e+00 1
-8.6863504974079589e-02 2.1464209863582148e-02 0.0000000000000000e+00 1
1.3930760563030511e-01 -2.0628149689323277e-01 0.0000000000000000e+00 1
-3.2376188563710367e-01 -2.9403692078774546e-01 0.0000000000000000e+00 1
-2.9880908914605764e-01 -2.3324529146421125e-01 0.0000000000000000e+00 1
-7.2281817162146468e-03 -8.0578917363376516e-03 0.0000000000000000e+00 1
-2.6339251397864699e-01 -3.5860787373949132e-01 0.0000000000000000e+00 1
1.7545767515034127e-01 -1.0078811947312272e-01 0.0000000000000000e+00 1
7.2555346838815135e-02 1.6804224610898161e-01 0.0000000000000000e+00 1
2.3105430477593652e-02 -1.0252167363008140e-01 0.0000000000000000e+00 1
-4.5403213986866309e-02 -3.6986494851802103e-02 0.0000000000000000e+00 1
-2.4288292829081148e-01 -3.2873555212280881e-01 0.0000000000000000e+00 1
-7.7851656806896874e-02 -2.4294494513521586e-02 0.0000000000000000e+00 1
3.1206637433041906e-01 3.6371937483794525e-01 0.0000000000000000e+00 1
-1.8506527188698144e-01 -4.0861495859914635e-03 0.0000000000000000e+00 1
1.8950132385241061e-01 -9.4664029033023511e-02 0.0000000000000000e+00 1
8.4280406219711362e-02 -1.2856550320431179e-01 0.0000000000000000e+00 1
-3.0883896583435427e-01 -3.6331973947991170e-01 0.0000000000000000e+00 1
-1.0659624530036917e-02 6.1062944584462472e-02 0.0000000000000000e+00 1
1.2431132831568659e-03 -4.7011015780925886e-03 0.0000000000000000e+00 1
1.8613219811670076e-01 -5.7664725635679828e-02 0.0000000000000000e+00 1
7.4003240419316219e-02 1.7960375663893757e-01 0.0000000000000000e+00 1
-2.3384042169809938e-01 -4.5931190479557668e-02 0.0000000000000000e+00 1
3.3250077679393875e-01 2.2694083404387611e-01 0.0000000000000000e+00 1
1.6844630601112953e-01 3.3202991455721342e-01 0.0000000000000000e+00 1
1.2562896209989852e-01 3.9487273190817646e-01 0.0000000000000000e+00 1
-5.9198391367651135e-02 4.9544745517708988e-02 0.0000000000000000e+00 1
-1.3210550493826925e-01 -1.5846569554557083e-01 0.0000000000000000e+00 1
-2.4671185338210344e-01 -7.0584865372022451e-02 0.0000000000000000e+00 1
-3.3612614793347512e-01 -2.9758037859892444e-01 0.0000000000000000e+00 1
1.9397119651669409e-01 3.3992806704118633e-01 0.0000000000000000e+00 1
-9.4916899993373036e-02 1.2154536422875813e-01 0.0000000000000000e+00 1
1.6776400074060310e-01 3.2043312800846169e-01 0.0000000000000000e+00 1
1.7579887190191248e-01 -1.4706665687874959e-01 0.0000000000000000e+00 1
-5.7715289223352700e-02 -9.4777271604789687e-02 0.0000000000000000e+00 1
2.2624384871517683e-01 -2.0728121588543515e-02 0.0000000000000000e+00 1
2.5929338272799873e-01 4.6562999004911543e-01 0.0000000000000000e+00 1
8.7190821411482572e-02 3.5410852676349502e-01 0.0000000000000000e+00 1
-1.5179913044806673e-01 -1.8613445951722654e-01 0.0000000000000000e+00 1
1.8654359975909075e-02 6.0974915739951049e-02 0.0000000000000000e+00 1
8.1474069763285070e-03 5.7851422437410677e-02 0.0000000000000000e+00 1
4.1020109637719737e-02 -1.2511349610935005e-01 0.0000000000000000e+00 1
2.1159908152557691e-01 -3.7698884586450994e-02 0.0000000000000000e+00 1
-1.1951337818910174e-01 2.0468511584384654e-02 0.0000000000000000e+00 1
2.7431839820217213e-01 3.0267129013460631e-01 0.0000000000000000e+00 1
1.8913151879370715e-01 1.2493907631313234e-01 0.0000000000000000e+00 1
-3.1947316845587809e-01 -2.2913741765342566e-01 0.0000000000000000e+00 1
1.0220072993953763e-01 -5.2998302453446264e-02 0.0000000000000000e+00 1
-3.2978483757889576e-01 -2.6785465051751067e-01 0.0000000000000000e+00 1
1.6245590757115524e-01 -1.5252140801051822e-01 0.0000000000000000e+00 1
2.4820543953775734e-01 2.9735316870139552e-02 0.0000000000000000e+00 1
2.2431687512744916e-01 4.3575998085829387e-01 0.0000000000000000e+00 1
-1.3829729959292791e-01 7.8351926767211019e-02 0.0000000000000000e+00 1
-6.9682232340368050e-02 5.9334816865621302e-02 0.0000000000000000e+00 1
1.8274815026511290e-01 4.3315481075863754e-01 0.0000000000000000e+00 1
-1.1110184411117285e-01 2.4602643478649891e-02 0.0000000000000000e+00 1
9.9329761897355331e-02 -1.8551177758644957e-01 0.0000000000000000e+00 1
-3.2543159986322850e-01 -3.5165901221173246e-01 0.0000000000000000e+00 1
-3.1570937968549456e-02 2.2347639593914698e-01 0.0000000000000000e+00 1
7.6651921825117542e-02 1.9614992837353257e-01 0.0000000000000000e+00 1
-1.9789844526842758e-02 -6.1672679519155518e-02 0.0000000000000000e+00 1
1.3567518755079595e-02 1.0687444432226415e-02 0.0000000000000000e+00 1
1.3959045368363466e-02 2.7870944607048731e-01 0.0000000000000000e+00 1
-5.2442670292272467e-02 -3.1321884480474523e-02 0.0000000000000000e+00 1
1.9659601542925564e-01 -5.4362310837708622e-02 0.0000000000000000e+00 1

Edges
250
1 2 1
2 3 1
3 4 1
4 5 1
5 6 1
6 7 1
7 8 1
8 9 1
9 10 1
10 11 1
11 12 1
12 13 1
13 14 1
14 15 1
15 16 1
16 17 1
17 18 1
18 19 1
19 20 1
20 21 1
21 22 1
22 23 1
23 24 1
24 25 1
25 26 1
26 27 1
27 28 1
28 29 1
29 30 1
30 31 1
31 32 1
32 33 1
33 34 1
34 35 1
35 36 1
36 37 1
37 38 1
38 39 1
39 40 1
40 41 1
41 42 1
42 43 1
43 44 1
44 45 1
45 46 1
46 47 1
47 48 1
48 49 1
49 50 1
50 51 1
51 52 1
52 53 1
53 54 1
54 55 1
55 56 1
56 57 1
57 58 1
58 59 1
59 60 1
60 61 1
61 62 1
62 63 1
63 64 1
64 65 1
65 66 1
66 67 1
67 68 1
68 69 1
69 70 1
70 71 1
71 72 1
72 73 1
73 74 1
74 75 1
75 76 1
76 77 1
77 78 1
78 79 1
79 80 1
80 81 1
81 82 1
82 83 1
83 84 1
84 85 1
85 86 1
86 87 1
87 88 1
88 89 1
89 90 1
90 91 1
91 92 1
92 93 1
93 94 1
94 95 1
95 96 1
96 97 1
97 98 1
98 99 1
99 100 1
100 101 1
101 102 1
102 103 1
103 104 1
104 105 1
105 106 1
106 107 1
107 108 1
108 109 1
109 110 1
110 111 1
111 112 1
112 113 1
113 114 1
114 115 1
115 116 1
116 117 1
117 118 1
118 119 1
119 120 1
120 121 1
121 122 1
122 123 1
123 124 1
124 125 1
125 126 1
126 127 1
127 128 1
128 129 1
129 130 1
130 131 1
131 132 1
132 133 1
133 134 1
134 135 1
135 136 1
136 137 1
137 138 1
138 139 1
139 140 1
140 141 1
141 142 1
142 143 1
143 144 1
144 145 1
145 146 1
146 147 1
147 148 1
148 149 1
149 150 1
150 151 1
151 152 1
152 153 1
153 154 1
154 155 1
155 156 1
156 157 1
157 158 1
158 159 1
159 160 1
160 161 1
161 162 1
162 163 1
163 164 1
164 165 1
165 166 1
166 167 1
167 168 1
168 169 1
169 170 1
170 171 1
171 172 1
172 173 1
173 174 1
174 175 1
175 176 1
176 177 1
177 178 1
178 179 1
179 180 1
180 181 1
181 182 1
182 183 1
183 184 1
184 185 1
185 186 1
186 187 1
187 188 1
188 189 1
189 190 1
190 191 1
191 192 1
192 193 1
193 194 1
194 195 1
195 196 1
196 197 1
197 198 1
198 199 1
199 200 1
200 201 1
201 202 1
202 203 1
203 204 1
204 205 1
205 206 1
206 207 1
207 208 1
208 209 1
209 210 1
210 211 1
211 212 1
212 213 1
213 214 1
214 215 1
215 216 1
216 217 1
217 218 1
218 219 1
219 220 1
220 221 1
221 222 1
222 223 1
223 224 1
224 225 1
225 226 1
226 227 1
227 228 1
228 229 1
229 230 1
230 231 1
231 232 1
232 233 1
233 234 1
234 235 1
235 236 1
236 237 1
237 238 1
238 239 1
239 240 1
240 241 1
241 242 1
242 243 1
243 244 1
244 245 1
245 246 1
246 247 1
247 248 1
248 249 1
249 250 1
250 1 1

Triangles
5860
1561 2456 2941 1
2606 1144 2871 1
1940 352 2628 1
339 1884 2321 1
1835 1136 1837 1
258 2490 2715 1
1799 255 1897 1
352 1940 2241 1
2104 2766 2807 1
1757 2606 2871 1
1561 1821 2456 1
127 128 2653 1
2027 282 2804 1
746 1383 1880 1
332 1809 2231 1
1961 1931 2800 1
487 441 2340 1
217 218 2233 1
1931 1961 2790 1
1832 1604 1954 1
1348 1987 2109 1
1066 1065 1877 1
1832 1954 2872 1
745 749 1818 1
1718 916 2688 1
1807 301 2967 1
1613 1813 2567 1
205 256 1918 1
1530 1953 2658 1
2688 916 2825 1
143 144 2093 1
2007 2009 2746 1
2206 1709 2695 1
555 554 1891 1
255 1799 1896 1
1954 1781 2872 1
2520 1606 2683 1
1445 2014 2182 1
326 1865 1866 1
1953 1530 1996 1
1066 1877 2611 1
1793 281 2400 1
46 270 1805 1
1809 332 2232 1
281 1793 2752 1
1819 2616 2674 1
1827 790 2174 1
249 250 2033 1
1546 2232 2512 1
2100 621 2319 1
529 1975 2872 1
285 1845 2366 1
1905 1903 2352 1
2329 1626 2396 1
1794 2100 2319 1
1813 1613 2672 1
2058 2056 2721 1
2616 273 2674 1
1761 2520 2683 1
1393 1391 2709 1
1153 1904 1906 1
301 1807 1943 1
300 1858 1859 1
2578 1816 2993 1
1830 1184 2202 1
1805 270 2917 1
2622 1707 2832 1
746 1880 1899 1
790 1827 2173 1
782 781 2174 1
283 1838 1890 1
1175 2007 2746 1
2040 256 2866 1
1854 1679 2718 1
1884 1913 2321 1
2631 1751 2735 1
1546 1809 2232 1
359 48 1828 1
1928 1379 2042 1
833 1536 2563 1
2563 1536 2624 1
2624 2306 2667 1
1825 1751 2631 1
1536 2306 2624 1
307 1843 2183 1
833 1794 2319 1
282 2027 2907 1
1770 316 2790 1
1388 1953 1996 1
1400 1200 1886 1
2346 1704 2351 1
1404 1454 1885 1
1595 2329 2396 1
2014 1589 2182 1
1897 1548 2460 1
1852 1892 1893 1
1885 1454 2518 1
128 2262 2653 1
263 2622 2832 1
1838 283 1840 1
1148 2114 2339 1
1794 833 2563 1
1524 1928 2042 1
1850 287 2168 1
1935 2846 2994 1
2368 1593 2422 1
2743 1958 2745 1
1685 1909 2733 1
762 725 2273 1
1987 1348 2882 1
1427 1963 2141 1
1731 2206 2695 1
1184 1830 2525 1
1975 1832 2872 1
2248 1066 2611 1
1404 1885 1951 1
1772 2731 2793 1
2194 1766 2558 1
350 1890 1977 1
1921 334 1922 1
316 1770 2163 1
1060 752 1926 1
2104 2103 2766 1
1895 996 2874 1
1404 1951 2196 1
1779 336 2323 1
2454 2331 2684 1
1680 1183 1938 1
1961 1787 2502 1
1904 1153 1964 1
318 1854 2718 1
204 205 1918 1
1698 1895 2874 1
1877 1065 2520 1
2490 1717 2715 1
1935 1937 2846 1
564 555 1891 1
2026 1862 2503 1
1919 1393 2709 1
1604 1603 1954 1
1830 1601 2913 1
321 1819 2244 1
2766 1655 2807 1
1845 285 2902 1
1457 2743 2745 1
2175 1421 2560 1
441 421 2340 1
672 1798 2659 1
2194 1304 2420 1
1059 2058 2721 1
2490 258 2707 1
2351 1704 2894 1
1848 299 2842 1
2233 218 2752 1
1136 1835 1926 1
299 1848 2727 1
2174 2175 2560 1
358 1934 1948 1
1858 300 2730 1
2168 2263 3030 1
1963 1427 2140 1
1971 876 2451 1
2228 2519 2637 1
1837 1136 1959 1
1948 1934 2994 1
144 290 2093 1
1184 1185 2202 1
1279 1812 2900 1
2525 1830 2913 1
1816 1817 2993 1
529 366 1975 1
1818 1816 2578 1
1799 1897 2460 1
2359 2358 2724 1
2295 1757 2859 1
773 772 2621 1
2379 2349 2859 1
309 1937 2878 1
1851 564 1891 1
2141 1255 2399 1
2154 1565 2774 1
2202 1185 3035 1
2168 287 2263 1
1780 2230 2748 1
920 2009 2272 1
2627 2027 2804 1
1819 321 2616 1
287 1850 2167 1
1060 1926 1927 1
250 300 2033 1
1971 2451 3052 1
2035 1661 2036 1
1852 1891 1892 1
1813 2117 2567 1
1350 1915 2162 1
1891 554 1892 1
1798 672 2757 1
336 1779 2920 1
745 1818 2034 1
564 1851 1968 1
1922 334 1924 1
2114 1148 2340 1
2590 1669 2717 1
2028 1051 2084 1
1766 1833 2558 1
2878 1808 2926 1
1915 1800 2162 1
305 1872 1873 1
790 782 2174 1
1923 2040 2866 1
1565 2154 2851 1
2071 1433 2102 1
752 1136 1926 1
366 368 1975 1
2615 2614 2817 1
2008 2227 2615 1
338 2569 2652 1
1951 772 2196 1
1858 2730 3009 1
1986 274 2911 1
1936 1680 1938 1
1442 2398 2905 1
2846 306 2994 1
1069 1816 1818 1
1769 1998 2081 1
1454 1661 2035 1
749 1069 1818 1
1874 1786 2952 1
1433 1432 2102 1
2508 1714 2770 1
1454 2035 2518 1
1860 2407 2503 1
1960 1961 2502 1
2581 1750 2703 1
303 1847 2744 1
1947 351 2038 1
1194 1060 1927 1
1865 326 1879 1
1909 1964 2733 1
326 1866 2545 1
272 2171 2650 1
1903 1916 2352 1
1798 2757 2808 1
664 1889 2795 1
1117 2137 2739 1
1757 1712 2859 1
2073 2670 2803 1
2230 1000 2748 1
2094 1598 2200 1
128 129 2262 1
756 1863 1932 1
626 700 1932 1
1946 295 2555 1
300 1859 2033 1
1148 487 2340 1
2174 781 2175 1
2492 1804 2585 1
2440 2682 2821 1
1890 1942 1977 1
2408 1986 2911 1
1828 2672 2983 1
2778 2246 2789 1
1884 339 2322 1
1847 303 2910 1
2707 192 2727 1
2698 330 2937 1
1507 2281 2556 1
1663 2778 2789 1
2387 2310 2788 1
1812 2514 2900 1
1915 1164 2061 1
1529 2658 2857 1
1889 664 2843 1
2290 355 2358 1
1949 2281 2864 1
2569 2147 2652 1
246 247 2627 1
1882 577 1968 1
1400 1886 2194 1
2735 1751 2763 1
2094 969 2593 1
2058 664 2795 1
772 1951 2621 1
1915 2061 3016 1
1920 1798 2808 1
2027 2627 2973 1
1539 2258 2260 1
1654 2306 2708 1
2398 1442 2723 1
2306 1654 2667 1
129 271 2262 1
332 217 2233 1
916 2100 2825 1
725 797 2273 1
1889 2491 2541 1
1300 1302 2211 1
1650 2735 2763 1
2625 1944 2673 1
700 756 1932 1
1826 342 2820 1
2106 2784 2799 1
2281 1876 2556 1
354 2116 2654 1
2178 1684 2889 1
338 2065 2569 1
2137 1117 2863 1
1933 1963 2140 1
1828 252 2672 1
2171 2172 2650 1
1684 2178 2758 1
923 2029 2101 1
2281 1949 2880 1
2593 969 2970 1
2630 1732 2732 1
2784 429 2799 1
353 2228 2637 1
1939 1656 2537 1
284 2147 2389 1
307 2183 2184 1
292 2349 2379 1
2029 2030 2101 1
2670 1641 2803 1
2100 916 2877 1
1589 1883 2182 1
1844 2625 2673 1
2874 996 2914 1
1275 1273 2200 1
1880 1383 2829 1
342 1826 2959 1
2061 1297 3016 1
2748 2638 2872 1
55 317 1916 1
1936 1938 2878 1
2366 1845 2405 1
1888 1889 2541 1
554 545 2197 1
1192 1972 1973 1
611 1933 2140 1
985 1939 2537 1
1808 1955 2926 1
1863 756 2200 1
2263 2069 3030 1
2210 262 2386 1
664 2058 2796 1
290 2092 2093 1
273 1839 2674 1
2231 1809 2657 1
1856 1593 2368 1
1803 2874 2914 1
1839 2698 2937 1
2105 1967 2696 1
2009 920 2273 1
2658 1918 2857 1
312 2590 2717 1
1937 309 2984 1
290 1990 2092 1
2106 1131 2452 1
1872 305 2047 1
1192 1970 1972 1
835 713 2783 1
2105 1131 2106 1
1947 1946 2555 1
2032 1874 2952 1
82 83 318 1
351 1947 2555 1
355 2290 2760 1
1427 2141 2399 1
304 2630 2732 1
261 2368 2422 1
2227 2228 2615 1
2358 355 2724 1
1849 2707 2727 1
51 313 1917 1
1698 1852 1895 1
1839 273 2698 1
920 762 2273 1
47 48 359 1
1886 1200 2211 1
2147 2146 2389 1
1816 1069 3047 1
1712 2379 2859 1
1954 1603 2404 1
1394 2050 2971 1
792 2892 2939 1
1153 1906 2619 1
1826 1707 2622 1
2050 1394 2968 1
2125 1262 2252 1
1766 2194 2420 1
2133 2722 2834 1
1787 1961 2800 1
1183 1168 1938 1
1875 1666 2331 1
2238 2237 2248 1
359 1828 2983 1
240 241 2555 1
1995 1880 2829 1
23 24 2259 1
1887 268 2444 1
1787 2800 2952 1
577 1882 2059 1
1416 1844 2673 1
1553 2738 2854 1
346 2492 2585 1
1910 333 2258 1
2562 2083 2675 1
2569 2065 2912 1
2860 1841 2898 1
1201 2860 2898 1
1697 1882 1968 1
2573 1930 2655 1
2012 1133 2495 1
1908 1905 2352 1
1630 2581 2703 1
1486 2238 2248 1
1846 2398 2723 1
1937 1936 2878 1
1051 2028 2503 1
2175 2573 2655 1
1843 307 2653 1
308 2651 2779 1
1419 2213 2291 1
1655 1654 2807 1
2892 1825 2939 1
1164 1505 2061 1
2627 2626 2973 1
2110 1618 2127 1
2258 1539 2868 1
2081 1998 2925 1
2331 1666 2684 1
1631 1876 2534 1
1862 2026 2973 1
1883 1589 1969 1
374 2508 2770 1
53 251 1901 1
1887 1732 2482 1
1953 1388 2781 1
46 47 270 1
307 127 2653 1
2398 1846 2902 1
1439 1438 2053 1
1983 274 1986 1
124 125 2612 1
1153 1126 2733 1
2074 1393 2075 1
1654 2708 2807 1
2183 1643 2184 1
247 315 2627 1
2519 267 2637 1
1892 554 2197 1
1639 1191 1973 1
1786 1874 2988 1
2052 1439 2053 1
1609 1610 2045 1
1440 2068 2805 1
2169 920 2272 1
1964 1153 2733 1
2117 970 2567 1
1925 1205 2649 1
611 1914 1933 1
1886 1304 2194 1
2791 1908 3001 1
54 55 1916 1
2011 2012 2495 1
1942 1551 1995 1
2109 1987 2497 1
42 259 1931 1
1078 2110 2127 1
2722 1871 2834 1
1868 166 2744 1
333 1910 2259 1
2512 1939 2530 1
334 1921 2665 1
1706 2656 2686 1
1609 2045 2063 1
1955 1807 2967 1
1901 251 1902 1
1692 2045 2046 1
1664 2062 2750 1
1625 1942 1995 1
1546 2512 2530 1
1551 1880 1995 1
626 1932 2437 1
2407 1051 2503 1
575 546 2204 1
2227 2008 3043 1
1862 1860 2503 1
1293 1291 1899 1
2092 1600 2093 1
981 2107 2754 1
1379 1928 2561 1
1447 2099 2856 1
1972 1971 3052 1
2651 1854 2779 1
1851 1697 1968 1
316 1931 2790 1
1255 2141 2425 1
981 2754 3008 1
2025 2038 2572 1
268 1887 2482 1
1914 611 2037 1
964 2685 2716 1
1938 1808 2878 1
2867 552 2956 1
1194 1927 1994 1
45 46 1805 1
2482 1732 2630 1
1913 302 2321 1
2283 2761 2873 1
696 698 1945 1
1838 1551 1942 1
560 1833 2976 1
2534 1528 2711 1
2099 1447 2906 1
1666 1875 2608 1
1392 1393 2074 1
1598 2094 2593 1
1786 1787 2952 1
1880 1293 1899 1
1965 344 2432 1
324 1867 2810 1
143 2093 2923 1
2116 354 2813 1
1603 1974 2404 1
2242 271 2841 1
1131 2105 2696 1
2209 2836 2847 1
2028 2084 2203 1
1917 313 2775 1
601 2580 2835 1
2111 265 2130 1
1387 1997 2701 1
2682 1187 2821 1
1876 1631 2556 1
166 1868 2982 1
1969 927 2305 1
766 764 2169 1
1944 1633 2464 1
835 2387 2788 1
352 2241 2242 1
1302 1886 2211 1
1833 560 2979 1
923 2019 2461 1
1898 989 2596 1
1844 1416 2995 1
2062 1664 3005 1
271 2242 2961 1
2836 547 2847 1
374 2137 2508 1
322 204 1918 1
2586 1678 2596 1
1737 1561 2941 1
2230 1780 3026 1
1598 1275 2200 1
2869 566 2950 1
1966 919 1967 1
1980 2791 3001 1
1985 2070 2250 1
1230 1870 1871 1
2685 1687 2716 1
2028 2026 2503 1
1422 1994 2465 1
1831 497 2935 1
1855 2867 2956 1
2110 1300 2211 1
2029 923 2461 1
1934 1680 1935 1
2410 1720 2905 1
1846 1845 2902 1
2142 1105 2362 1
2166 1492 2183 1
2210 2386 2901 1
2365 1144 2606 1
203 322 1952 1
1843 2166 2183 1
1191 1192 1973 1
2213 1419 2845 1
779 2180 2280 1
1205 1102 2649 1
544 2143 2643 1
2640 356 2764 1
989 2586 2596 1
1718 1881 2738 1
497 1831 2981 1
1606 832 2689 1
1994 1927 2465 1
1148 2339 2341 1
278 2231 2657 1
1856 302 2773 1
2738 1881 2854 1
2228 353 2615 1
590 628 2034 1
1867 324 2903 1
2614 297 2817 1
1970 1192 2328 1
2765 2246 2778 1
1720 2410 2884 1
754 1888 2541 1
1679 1934 2718 1
1332 1960 2502 1
44 314 2032 1
2699 1683 2819 1
271 2261 2262 1
1941 1772 2793 1
1824 2012 2869 1
1916 317 2352 1
2077 2553 2571 1
350 1977 1978 1
2387 835 2783 1
1854 318 2779 1
862 1379 2561 1
2014 1445 2936 1
2444 268 2612 1
1661 2246 2765 1
293 23 2259 1
2680 2389 2830 1
1065 1606 2520 1
2068 2067 2805 1
2396 1626 2660 1
2082 1387 2701 1
1618 2110 2211 1
996 1895 2934 1
545 544 2197 1
1952 322 1953 1
1883 1969 2305 1
1011 1079 1979 1
57 253 1956 1
2009 2273 2746 1
2731 569 2793 1
1563 2089 2500 1
1240 2096 2480 1
314 1874 2032 1
1398 2059 2526 1
2088 1205 2601 1
1321 1324 1974 1
1273 1863 2200 1
2124 2125 2252 1
1824 2869 2950 1
2580 601 2876 1
2640 2764 2890 1
2180 1644 2280 1
777 773 2621 1
2184 1643 2612 1
2761 1636 2873 1
2096 2095 2480 1
1548 1897 2980 1
1205 1925 2601 1
2062 1121 2915 1
754 2454 2684 1
1999 1028 2001 1
1391 1475 2709 1
1679 1680 1934 1
1874 1806 3026 1
302 1856 2951 1
2898 1841 2919 1
2030 2031 2969 1
1942 1625 1977 1
1768 2603 2693 1
1639 1973 1982 1
274 39 2163 1
2056 2089 2721 1
125 2184 2612 1
314 45 1805 1
1888 754 2684 1
1037 1078 2127 1
2322 1710 2909 1
1543 1814 3035 1
241 351 2555 1
1392 2074 2430 1
1185 1543 3035 1
81 82 2837 1
24 333 2259 1
2694 2620 2920 1
989 1898 2610 1
756 2094 2200 1
2012 1824 2853 1
2063 1485 2128 1
2213 1743 2736 1
1841 1778 2919 1
2129 431 2402 1
1890 1838 1942 1
1679 1183 1680 1
1694 1269 2057 1
1956 253 1958 1
2113 1514 2339 1
2089 2090 2500 1
276 1924 2946 1
1772 2438 2731 1
2218 1586 2722 1
1457 1979 1980 1
961 2701 2719 1
1768 1769 2603 1
294 2359 2724 1
270 47 359 1
614 626 2437 1
1649 2180 2243 1
2070 1985 2470 1
2237 1066 2248 1
207 2665 2866 1
1578 2562 2675 1
2018 1392 2430 1
1979 1079 1980 1
38 274 1983 1
1893 1892 1894 1
764 920 2169 1
1134 590 2034 1
1643 2444 2612 1
1609 2063 2128 1
546 520 2204 1
2025 2022 2038 1
1692 2046 2688 1
1909 1902 1964 1
1208 1976 2459 1
1744 1625 1995 1
698 746 1945 1
1960 1332 2049 1
1852 1893 1895 1
481 566 1992 1
2516 2245 2570 1
1901 1902 1909 1
2348 1648 2383 1
309 2878 2926 1
3035 1814 3047 1
1934 1935 2994 1
1945 2142 2362 1
2206 1731 2447 1
1764 2680 2830 1
1848 1849 2727 1
1971 1683 2699 1
2114 2113 2339 1
41 42 1931 1
1631 2534 2711 1
203 204 322 1
507 489 2341 1
126 307 2184 1
2988 1874 3026 1
1710 2322 2833 1
1689 2766 2767 1
696 1945 2362 1
2068 1440 2802 1
125 126 2184 1
919 1966 1981 1
2022 2021 2038 1
891 888 2011 1
753 1944 2464 1
320 2051 2367 1
1632 1341 2138 1
2038 351 2572 1
1881 1718 2977 1
1376 2055 2056 1
1982 970 2117 1
2363 2881 2888 1
1487 2020 2521 1
1167 1168 1183 1
609 586 1981 1
1010 1011 1979 1
1600 1669 2590 1
1935 1936 1937 1
1793 1659 2233 1
820 499 2015 1
1924 276 2792 1
1162 2021 2022 1
464 1920 2808 1
1167 1166 1168 1
777 1930 2573 1
1015 1018 2013 1
809 1653 2018 1
2030 2969 3053 1
1316 1313 2049 1
1399 1487 2521 1
1659 2232 2233 1
1127 1492 2605 1
919 575 2204 1
1878 2931 2940 1
1840 283 2666 1
2179 325 2423 1
2232 1659 2512 1
1656 1976 2537 1
923 922 2019 1
839 410 2090 1
255 1896 2582 1
2137 374 2739 1
1379 2041 2042 1
565 564 1968 1
2016 969 2264 1
2553 311 2571 1
1967 919 2204 1
1246 1807 1808 1
1793 2233 2752 1
1939 985 2530 1
774 1037 2551 1
2942 1822 2950 1
259 43 2032 1
578 2059 2170 1
2229 1606 2689 1
628 745 2034 1
2672 1613 2983 1
410 408 2090 1
1687 2107 2716 1
2093 1600 2590 1
1920 464 2933 1
2070 280 2250 1
1028 766 2169 1
577 565 1968 1
2059 1882 2526 1
2115 1759 2116 1
1808 1807 1955 1
978 2516 2570 1
1162 1160 2021 1
1930 777 2621 1
1709 2206 2818 1
2180 779 2243 1
59 321 2017 1
1685 1640 1782 1
2013 1907 2791 1
2809 542 2831 1
1297 2173 3016 1
1028 1999 2276 1
201 275 2051 1
2001 1028 2169 1
301 1943 2065 1
2638 529 2872 1
1953 322 2658 1
2084 794 2203 1
1101 2256 2411 1
1923 1355 2040 1
1323 1321 1974 1
44 45 314 1
1397 1970 2328 1
1238 1759 2115 1
1032 2035 2036 1
1630 2156 2581 1
1782 1917 2775 1
1403 2083 2562 1
1991 311 2553 1
1193 1639 1640 1
1950 346 2585 1
1777 2097 2098 1
2150 1256 2463 1
2078 267 2519 1
1639 1982 2117 1
1820 938 2044 1
2128 2129 2402 1
3016 2173 3024 1
871 2479 2613 1
1262 2125 3041 1
1974 1324 2404 1
1909 1685 2775 1
1168 1246 1938 1
1379 864 2041 1
2381 929 2445 1
489 1148 2341 1
1350 2162 3022 1
249 2033 2824 1
746 1899 1945 1
1443 2158 2515 1
1918 256 2857 1
586 919 1981 1
1165 1140 1166 1
2066 2067 2068 1
2931 1369 2940 1
2238 1486 2546 1
2130 265 2740 1
295 240 2555 1
1376 2054 2055 1
200 201 2051 1
508 1941 2793 1
1051 804 2084 1
37 38 1983 1
1421 2175 2655 1
302 1913 2773 1
925 531 2039 1
2073 1428 2336 1
2177 2186 2345 1
1617 2074 2075 1
1332 1316 2049 1
954 2082 2119 1
2008 2615 2817 1
1165 1166 1167 1
1037 2127 2551 1
940 927 1969 1
275 202 1952 1
2046 2440 2821 1
891 2011 2495 1
294 2199 2359 1
2131 1802 2851 1
2044 1830 2202 1
840 839 2054 1
1958 253 2992 1
1260 1836 2050 1
1872 2047 2372 1
890 914 2189 1
1400 2194 2558 1
1949 820 2880 1
308 85 2123 1
578 577 2059 1
2205 2206 2447 1
1126 1191 1193 1
914 1373 2189 1
1800 1915 3016 1
1181 1095 1351 1
609 1981 2356 1
1336 1344 1346 1
2054 839 2055 1
1383 721 2236 1
2037 810 2403 1
1168 1169 1246 1
1914 2037 2403 1
2855 1842 2918 1
1235 1274 2086 1
1274 1651 2086 1
1492 2166 2605 1
202 203 1952 1
2197 544 2643 1
527 2159 2160 1
2045 1610 2046 1
1143 1390 2188 1
1849 2490 2707 1
1024 1118 1126 1
305 1873 2947 1
2018 1653 2188 1
1182 1205 2088 1
2156 2153 2581 1
490 481 1992 1
1859 1861 2033 1
900 981 2048 1
1827 2174 2560 1
2309 2620 2694 1
775 2157 2224 1
2313 1719 2702 1
2083 1403 2292 1
2047 1441 2372 1
1313 1312 2049 1
1527 2150 2463 1
1777 2098 2099 1
50 51 1917 1
2546 2053 2587 1
1056 960 1095 1
2239 2713 2749 1
2186 679 2345 1
1487 2248 2611 1
34 280 2066 1
1992 566 2869 1
1720 1442 2905 1
1783 2809 2831 1
2162 1396 2554 1
1976 2187 2459 1
1782 1640 1813 1
1010 915 1011 1
922 1005 2019 1
1899 1291 2142 1
1692 2688 2825 1
804 735 2084 1
1965 2432 3038 1
888 886 2011 1
795 2073 2336 1
1193 1640 1685 1
798 2324 2471 1
1497 1567 2439 1
1993 340 2894 1
308 2123 2124 1
1716 2095 2096 1
1269 1376 2057 1
251 54 1916 1
469 822 2079 1
1347 1346 1780 1
1258 1607 2043 1
85 86 2123 1
2238 2546 2587 1
611 521 2037 1
1524 2042 2725 1
1246 1808 1938 1
809 2018 2430 1
2031 1518 2064 1
190 258 2091 1
1433 2071 2103 1
938 1052 2044 1
2881 1693 2888 1
914 891 915 1
1714 1832 1975 1
1714 1604 1832 1
1635 2381 2445 1
2072 275 2781 1
969 757 2264 1
2172 342 2650 1
2282 1494 2484 1
1644 2157 2280 1
316 41 1931 1
499 511 2015 1
2066 280 2067 1
324 90 2155 1
987 854 2112 1
2023 2028 2203 1
1387 1386 1388 1
1019 1021 1024 1
2053 1438 2587 1
1705 2115 2116 1
397 402 2382 1
1355 1351 2040 1
2098 269 2099 1
2158 1994 2515 1
2286 1737 2941 1
1162 2023 2203 1
1050 1051 2407 1
1921 1355 1923 1
1162 2022 2023 1
1935 1680 1936 1
521 557 2037 1
2256 1894 2411 1
1107 1105 2142 1
1973 1972 2949 1
2201 2247 2299 1
1324 1335 1336 1
2023 2022 2024 1
1649 2243 2631 1
2750 2062 2915 1
1714 1975 2770 1
2076 1234 2077 1
1566 1183 1679 1
1864 2324 2437 1
1810 1811 2550 1
1084 1589 2014 1
1970 1971 1972 1
2155 2153 2156 1
1013 1015 2013 1
1338 1603 1604 1
1139 1084 1140 1
314 1805 1806 1
1842 1729 2918 1
1193 1191 1639 1
1475 2215 2729 1
2021 1947 2038 1
527 2160 2343 1
1597 1600 2092 1
1202 987 2112 1
907 910 2118 1
973 840 2054 1
1716 1261 2095 1
2026 2024 2027 1
299 194 2097 1
49 252 1828 1
1126 1118 1191 1
815 1422 2181 1
1797 2120 2121 1
954 956 2082 1
1336 1335 1344 1
1306 1303 2109 1
324 2155 2156 1
199 320 2081 1
1083 1082 1084 1
1453 2108 2216 1
1515 1514 2113 1
914 915 1010 1
320 200 2051 1
1932 1864 2437 1
2011 1354 2012 1
864 866 2041 1
2701 1997 2719 1
2104 926 3037 1
958 951 960 1
890 888 891 1
1456 1374 1457 1
1015 1017 1018 1
1067 1163 1258 1
822 2456 2942 1
1008 1121 2062 1
1246 1296 1807 1
1024 1021 1118 1
886 1354 2011 1
1550 1293 1551 1
327 94 2131 1
2157 1434 2224 1
697 2464 2536 1
1317 1316 1318 1
890 891 914 1
1907 2013 2924 1
1633 1944 2625 1
1381 1706 2085 1
358 357 2837 1
2108 988 2216 1
1011 1013 1079 1
2055 839 2090 1
1338 1327 1603 1
2239 1439 2713 1
2138 2139 2659 1
576 2486 2600 1
525 550 2120 1
52 53 1901 1
2077 2086 2553 1
1785 1519 1795 1
1141 397 2382 1
1960 1660 1961 1
196 269 2098 1
393 391 2288 1
904 907 2118 1
279 92 2151 1
1321 1320 1324 1
524 525 2120 1
1176 1234 2076 1
917 1050 1067 1
2421 1333 2589 1
1389 2254 2502 1
698 697 699 1
696 695 697 1
1292 1291 1293 1
1976 1208 2537 1
2056 2055 2089 1
569 2313 2702 1
2247 738 2299 1
2722 1586 3034 1
747 735 804 1
1940 298 2904 1
1820 2044 2202 1
1390 2018 2188 1
1925 1922 2601 1
100 254 2219 1
2079 2942 2950 1
1258 1163 1607 1
1067 1050 1163 1
1024 1126 1153 1
945 946 947 1
1397 1683 1970 1
279 2151 2152 1
1403 847 2292 1
212 326 2545 1
784 923 2101 1
2702 1719 2753 1
1619 1258 2043 1
1319 1318 1320 1
1168 1166 1169 1
268 124 2612 1
1160 1423 2021 1
90 91 2155 1
1814 1816 3047 1
341 2366 2405 1
1079 1013 2013 1
557 810 2037 1
917 804 1050 1
1282 2061 2768 1
266 96 2133 1
1423 1947 2021 1
297 2010 2817 1
721 699 722 1
747 804 917 1
33 34 2066 1
1228 2282 2484 1
1023 1260 2050 1
1018 1017 1019 1
1303 1301 2109 1
391 1430 2288 1
582 1134 2523 1
1517 1519 1785 1
1513 1514 1515 1
2456 1821 2942 1
2059 1398 2170 1
383 1499 2271 1
2045 1484 2063 1
2097 195 2098 1
1427 517 2140 1
1513 1512 1514 1
417 419 2399 1
1218 1092 2178 1
933 1125 2122 1
1219 1584 1642 1
1324 1320 1335 1
1517 1515 1519 1
288 228 2690 1
431 2129 2479 1
945 947 948 1
2479 2129 2613 1
980 1092 1093 1
501 504 2132 1
886 807 1354 1
1139 1140 1165 1
686 685 687 1
883 1500 2187 1
319 37 1983 1
1097 1386 1387 1
820 2015 2880 1
722 735 747 1
1097 1387 2082 1
1462 1512 1513 1
279 2152 2153 1
1376 2056 2057 1
2023 2024 2026 1
55 56 317 1
1462 1461 1512 1
722 723 735 1
527 515 2159 1
793 768 2276 1
943 944 945 1
755 969 2094 1
1866 1504 2088 1
1084 1082 1589 1
687 694 695 1
2665 1923 2866 1
1181 1351 1355 1
530 925 1353 1
1140 1084 2014 1
515 513 2159 1
1099 1160 1162 1
1806 2230 3026 1
500 501 2132 1
1306 2109 2497 1
2324 1864 2471 1
2067 280 2070 1
873 2356 2357 1
2057 2056 2058 1
42 43 259 1
1377 1660 1960 1
1056 1095 1181 1
1970 1683 1971 1
1341 1342 2138 1
1244 1601 1830 1
325 189 2091 1
696 697 698 1
1416 1729 1842 1
40 41 316 1
1147 1107 1291 1
1318 1332 2254 1
43 44 2032 1
1484 1482 2063 1
1011 1012 1013 1
1200 1618 2211 1
1064 940 1082 1
687 695 696 1
36 319 2250 1
1083 1084 1139 1
2118 1678 2552 1
698 699 721 1
768 1028 2276 1
1423 1946 1947 1
1032 2036 2335 1
2112 1398 2526 1
199 200 320 1
1551 1293 1880 1
188 325 2179 1
2087 296 2126 1
193 194 299 1
1788 2223 2266 1
1335 1320 2254 1
958 960 1056 1
1093 1217 1219 1
1093 1092 1217 1
1336 1346 1347 1
1157 1461 1462 1
92 93 2151 1
1374 1010 1979 1
189 190 2091 1
684 683 685 1
2006 2007 2008 1
2147 284 2652 1
1836 1835 1837 1
1550 1551 1838 1
819 1023 1773 1
1092 979 2178 1
1234 1235 2086 1
278 215 2231 1
663 507 2341 1
2004 2005 2006 1
948 947 949 1
2000 2001 2002 1
661 614 2437 1
1113 1143 2188 1
1605 1604 1714 1
566 471 2079 1
208 209 334 1
956 1097 2082 1
735 794 2084 1
531 533 2039 1
2120 550 2121 1
997 987 1201 1
1292 1293 1550 1
824 827 2207 1
980 979 1092 1
1260 1835 1836 1
53 54 251 1
2024 2022 2025 1
1773 1023 2050 1
2259 1910 2751 1
1504 1182 2088 1
749 938 1069 1
1219 1217 1584 1
1182 1102 1205 1
2114 2340 2990 1
2095 1042 2480 1
1311 1310 1312 1
1719 1829 2753 1
2453 1208 2459 1
1351 1529 2040 1
1069 938 1820 1
2003 2002 2004 1
2223 717 2266 1
1567 2438 2439 1
1511 1176 2076 1
1389 1335 2254 1
905 979 980 1
819 818 1023 1
631 618 2192 1
1429 943 2285 1
2144 1280 2145 1
2057 2058 2795 1
618 600 2192 1
1192 1118 2328 1
319 1985 2250 1
1327 1323 1974 1
983 1403 2161 1
1172 1008 2062 1
1255 417 2399 1
196 197 269 1
544 541 2143 1
1424 1999 2000 1
1380 1180 1381 1
753 1409 1944 1
94 95 2131 1
2076 2077 2078 1
1259 1258 1619 1
1118 1021 2328 1
1064 1082 1083 1
625 609 2356 1
2186 2145 2594 1
1328 1327 1338 1
1174 1049 1176 1
1994 1422 2515 1
1855 1490 2540 1
1119 1238 2115 1
812 818 819 1
902 900 2048 1
1147 1291 1292 1
1318 1316 1332 1
885 807 886 1
905 902 979 1
1356 1696 1803 1
502 486 2185 1
678 682 683 1
1381 1705 1706 1
597 580 2170 1
1382 1381 2085 1
198 199 2081 1
1429 2285 2411 1
945 948 2285 1
387 556 2286 1
1048 798 1049 1
677 676 678 1
471 469 2079 1
1282 2768 2828 1
486 484 2185 1
530 531 925 1
573 579 2267 1
1607 1608 1858 1
1457 1374 1979 1
1300 1299 1301 1
1220 2568 2617 1
1204 1300 2110 1
1302 1301 1303 1
941 943 1429 1
827 1030 2207 1
1665 1269 1694 1
580 578 2170 1
1888 1694 1889 1
1523 1831 1898 1
97 329 2133 1
1373 1010 1374 1
1176 1177 1234 1
1789 1221 2347 1
84 85 308 1
2000 2003 2111 1
1006 1119 1180 1
2222 717 2223 1
1261 1044 2095 1
1438 2207 2587 1
1326 1323 1327 1
986 987 997 1
1239 1104 1269 1
1516 1515 1517 1
870 1008 1172 1
687 696 2362 1
876 1971 2699 1
887 886 888 1
1248 1521 1678 1
1514 2338 2339 1
1204 1298 1299 1
1052 1244 2044 1
215 216 2231 1
2136 2135 2137 1
854 852 2112 1
1928 1929 2561 1
889 888 890 1
1283 1676 2209 1
684 685 686 1
1353 925 1876 1
1315 1313 1316 1
279 2153 2155 1
1984 1983 1986 1
481 471 566 1
941 942 943 1
1377 1378 1660 1
2438 1567 2731 1
898 896 2107 1
1269 1104 1376 1
96 97 2133 1
1309 1310 1311 1
2464 1633 2536 1
1601 1602 1768 1
201 202 275 1
718 717 2222 1
2766 2103 2767 1
584 576 603 1
38 39 274 1
2088 2601 2792 1
254 2212 2213 1
843 1113 2344 1
212 213 326 1
1055 1671 2234 1
95 266 2131 1
1482 1485 2063 1
1411 1413 1416 1
1026 1497 2494 1
756 755 2094 1
678 683 684 1
519 611 2140 1
563 559 576 1
2000 1999 2001 1
56 57 1956 1
1146 1396 2162 1
2004 2002 2005 1
190 191 258 1
794 1099 2203 1
797 724 798 1
195 196 2098 1
614 603 626 1
2227 1511 2228 1
2157 775 2280 1
2006 2005 2007 1
1121 1366 1460 1
1402 1401 1424 1
1277 1280 2144 1
751 857 2245 1
1424 2111 2130 1
1317 1318 1319 1
735 723 794 1
188 189 325 1
1008 1091 1121 1
280 35 2250 1
93 327 2151 1
1157 1245 1461 1
1651 1596 1990 1
86 87 2087 1
1853 1058 2122 1
1169 1166 2466 1
1819 1555 2244 1
550 528 551 1
1006 1380 2264 1
722 699 723 1
1301 1348 2109 1
1006 1180 1380 1
57 58 253 1
1640 1639 2117 1
30 287 2167 1
1588 878 2390 1
1174 1176 1511 1
1787 1389 2502 1
755 757 969 1
1011 915 1012 1
36 37 319 1
700 701 755 1
1893 1894 2256 1
1774 1773 1911 1
1315 1316 1317 1
524 515 525 1
626 627 700 1
1311 1312 1313 1
1347 1780 1781 1
986 854 987 1
1380 2016 2264 1
1342 2134 2135 1
2709 1475 2729 1
981 898 2107 1
1978 1624 2199 1
1342 1331 2134 1
1873 2130 2740 1
784 922 923 1
870 1007 1008 1
958 1056 2164 1
1050 804 1051 1
687 685 694 1
256 2040 2857 1
551 558 559 1
1375 1374 1456 1
1204 1299 1300 1
821 1404 2196 1
675 674 676 1
1999 1401 2276 1
1910 1638 2751 1
616 784 2101 1
1238 1526 1759 1
2039 1528 2534 1
1244 1447 1601 1
514 513 515 1
1013 1014 1015 1
210 211 276 1
949 961 2080 1
2121 550 2198 1
1458 1456 1760 1
492 490 807 1
89 90 324 1
93 94 327 1
2151 327 2154 1
2009 2005 2272 1
900 898 981 1
759 977 1006 1
910 1248 2118 1
1596 1597 2092 1
1424 1401 1999 1
1988 1989 2814 1
1065 832 1606 1
1443 1713 2158 1
2005 2002 2272 1
2001 2169 2272 1
59 60 321 1
2159 1568 2160 1
2356 1981 2357 1
2339 2338 2341 1
1396 2132 2473 1
2077 1234 2086 1
323 33 2066 1
2177 2144 2186 1
1081 973 1104 1
1894 1892 2197 1
2004 2006 2010 1
1274 1275 1596 1
1201 1202 1356 1
1336 1347 2404 1
345 17 2395 1
469 460 822 1
1140 2014 2466 1
87 296 2087 1
971 2060 2559 1
1695 2421 2589 1
504 503 505 1
254 101 2212 1
525 527 528 1
1929 2486 2561 1
97 98 329 1
194 195 2097 1
511 523 530 1
536 936 1528 1
1569 1877 3036 1
2125 2087 2126 1
2340 2852 2990 1
1048 1049 1174 1
1312 1377 2049 1
852 1398 2112 1
831 1066 2237 1
1152 1875 2331 1
894 892 964 1
1372 1675 2176 1
517 519 2140 1
1651 1990 1991 1
1312 1337 1377 1
2128 1485 2129 1
1676 1261 1716 1
860 1029 2177 1
86 2087 2123 1
1449 1453 2216 1
1380 1381 1382 1
935 883 2187 1
2000 2002 2003 1
2190 631 2192 1
1309 1307 1310 1
1781 2748 2872 1
584 603 614 1
1058 933 2122 1
551 559 563 1
943 945 2285 1
2090 408 2500 1
1023 1171 1260 1
95 96 266 1
1283 1261 1676 1
1284 524 2120 1
539 538 540 1
1723 1887 2449 1
1356 1357 1696 1
563 576 584 1
695 694 753 1
1176 1049 1177 1
950 949 951 1
1005 1157 2019 1
1649 2631 2735 1
1737 2286 2938 1
1597 1599 1600 1
1420 2225 2226 1
319 1983 1984 1
15 16 2277 1
810 811 812 1
797 798 1048 1
1897 255 2883 1
1476 1967 2105 1
852 850 1398 1
1274 1596 1651 1
1796 1284 1797 1
807 490 1992 1
348 2557 2963 1
505 512 513 1
1078 1203 1204 1
1790 1169 2466 1
1260 1564 1835 1
525 528 550 1
1304 1303 1305 1
678 684 2287 1
1619 2290 2358 1
1235 1273 1274 1
16 17 345 1
1865 1504 1866 1
2255 2331 2454 1
1746 2922 2928 1
700 755 756 1
1005 1156 1157 1
1743 2213 2845 1
2191 2453 2459 1
660 673 674 1
812 813 818 1
2310 2102 2788 1
831 830 832 1
831 832 1065 1
2175 781 2573 1
927 906 2305 1
829 831 2237 1
731 821 2196 1
1301 1299 1348 1
91 92 279 1
1302 1303 1304 1
745 748 749 1
1381 1180 1705 1
87 88 296 1
1424 2000 2111 1
32 323 2263 1
572 573 2267 1
2568 2160 2617 1
275 1952 2781 1
1795 1519 1900 1
1144 983 2161 1
1797 1284 2120 1
979 902 2048 1
346 1950 2786 1
337 21 2293 1
1078 1204 2110 1
1967 2204 2696 1
1281 1068 1401 1
216 217 332 1
2191 2192 2443 1
829 830 831 1
500 486 501 1
2181 1422 2465 1
1245 1532 2149 1
2201 1473 2247 1
474 499 820 1
1508 1509 1510 1
2030 1518 2031 1
805 1763 2527 1
1544 1256 2150 1
501 502 503 1
892 890 2189 1
239 240 295 1
91 279 2155 1
2322 339 2633 1
534 2195 2332 1
237 238 347 1
1282 1297 2061 1
1135 997 1149 1
1019 1020 1021 1
1125 2839 2929 1
1657 1656 1939 1
862 864 1379 1
2107 1687 2754 1
1453 1534 2108 1
1528 936 1637 1
829 828 830 1
2367 2051 2930 1
675 676 677 1
1234 1177 1235 1
475 476 2225 1
684 845 2287 1
880 1588 2235 1
1174 1511 2227 1
1933 1912 1962 1
2199 1622 2359 1
337 2293 2295 1
1647 1645 1649 1
505 513 514 1
1675 2105 2106 1
323 2069 2263 1
983 847 1403 1
1584 2146 2147 1
485 484 486 1
755 701 757 1
511 530 2015 1
2148 663 2338 1
1576 1644 1645 1
2195 1542 2332 1
1194 1994 2158 1
1037 1077 1078 1
1696 1697 1698 1
700 627 701 1
1300 1301 1302 1
451 517 1427 1
1402 1424 2130 1
979 2048 2178 1
838 1200 1400 1
659 658 660 1
1185 1044 1261 1
795 1617 2073 1
660 674 675 1
827 828 829 1
2041 1172 2042 1
1595 2396 2823 1
1691 1484 1692 1
786 790 791 1
1523 1771 1831 1
2134 1605 2135 1
329 2217 2218 1
1692 1484 2045 1
476 479 2225 1
549 568 2255 1
2141 1963 3031 1
866 868 870 1
1499 381 2493 1
1545 1149 1627 1
1521 1522 1523 1
214 215 278 1
948 1101 2285 1
857 1062 2245 1
1670 1283 2209 1
2654 2116 2904 1
514 515 524 1
501 503 504 1
39 40 2163 1
2220 726 2221 1
626 603 627 1
1230 1058 1853 1
1372 1476 1675 1
1576 1436 1644 1
1557 1555 1819 1
2486 1929 2600 1
1497 1498 1567 1
1290 2954 3030 1
1675 1476 2105 1
1365 1364 1656 1
787 1439 2239 1
800 1075 1568 1
1876 925 2534 1
822 2288 2456 1
800 1568 2159 1
1858 1608 1859 1
1015 1016 1017 1
2123 2087 2125 1
992 500 2132 1
185 186 255 1
780 781 782 1
17 18 2395 1
583 862 2561 1
824 826 827 1
749 937 938 1
1146 992 1396 1
1600 1599 1669 1
1596 1275 1597 1
1305 1306 1307 1
678 676 682 1
2221 1663 2789 1
1239 1269 1665 1
633 631 2190 1
292 19 2349 1
1483 1482 1484 1
1277 1279 1280 1
2187 1500 2459 1
1244 1830 2044 1
1990 1596 2092 1
1282 791 1297 1
2076 2078 2519 1
802 1758 2462 1
776 777 778 1
1800 1146 2162 1
1665 1694 1888 1
523 522 2193 1
345 2395 2396 1
1365 1656 1657 1
1113 2188 2344 1
827 826 828 1
1341 1331 1342 1
1372 1371 1476 1
1305 1303 1306 1
1607 1163 1608 1
1698 1851 1852 1
866 870 2041 1
683 682 805 1
788 824 2207 1
1416 1413 1729 1
1370 1371 1372 1
1248 1249 1521 1
1029 1207 2177 1
1081 1104 1239 1
2010 348 2963 1
1052 1232 1244 1
1603 1327 1974 1
19 20 2349 1
1248 1678 2118 1
1207 1277 2144 1
1615 1559 1839 1
11 12 350 1
933 931 1125 1
1082 940 1969 1
100 101 254 1
460 393 2288 1
1006 977 1119 1
1392 1391 1393 1
2144 2145 2186 1
757 759 2264 1
606 837 2334 1
1319 1320 1321 1
263 2832 2833 1
1274 1273 1275 1
333 2257 2258 1
657 656 658 1
1044 1042 2095 1
29 30 2167 1
1281 1401 1402 1
1934 358 2718 1
187 188 2179 1
1443 1547 1713 1
683 805 2364 1
582 590 1134 1
1759 1526 1940 1
519 521 611 1
960 951 2080 1
2137 2135 2508 1
480 483 484 1
1399 1486 1487 1
533 532 534 1
551 528 558 1
1432 702 2208 1
513 800 2159 1
1396 992 2132 1
1390 1391 1392 1
742 787 2239 1
1067 1258 1259 1
572 2267 2558 1
786 782 790 1
1873 1402 2130 1
1671 1672 2507 1
792 791 1282 1
32 33 323 1
964 2189 2602 1
1246 1169 1296 1
20 21 337 1
1469 1473 2201 1
1648 1647 1650 1
1467 2201 2265 1
2745 1958 2992 1
724 661 2324 1
1291 1107 2142 1
323 2066 2068 1
1433 2103 2104 1
668 836 2278 1
34 35 280 1
746 721 1383 1
1482 1271 1485 1
806 1399 2185 1
541 540 2143 1
2234 1671 2424 1
1099 1162 2203 1
13 14 283 1
1105 686 2362 1
1320 1318 2254 1
525 515 527 1
21 22 2293 1
785 782 786 1
1977 1624 1978 1
1595 1209 2329 1
628 744 745 1
1152 1553 1875 1
779 778 780 1
1127 1491 1492 1
1062 1223 1508 1
557 581 810 1
479 478 480 1
780 778 781 1
1481 1271 1482 1
1693 1372 2176 1
1338 1605 2134 1
2225 479 2226 1
241 242 351 1
1026 1087 1497 1
1607 1858 2640 1
1397 1682 1683 1
333 25 2257 1
480 484 485 1
1347 1954 2404 1
492 807 885 1
694 685 2364 1
2251 2124 2252 1
559 558 583 1
291 2205 2447 1
727 726 2220 1
1308 1307 1309 1
837 916 1718 1
183 184 331 1
1204 1203 1298 1
1390 1287 1391 1
1370 1116 1371 1
401 2428 2524 1
233 234 346 1
102 335 2212 1
1890 350 2893 1
776 773 777 1
787 788 1438 1
1512 1461 2148 1
537 538 539 1
536 537 936 1
819 1773 1774 1
1512 2148 2338 1
695 753 2464 1
1513 1515 1516 1
1115 873 1116 1
660 675 2292 1
1207 2144 2177 1
742 743 787 1
484 806 2185 1
774 1036 1037 1
1143 1287 1390 1
726 718 2222 1
787 743 788 1
845 686 1105 1
1167 1183 1566 1
1201 987 1202 1
2230 1805 2917 1
964 892 2189 1
1369 1116 1370 1
1646 1645 1647 1
291 27 2205 1
1116 873 2357 1
771 772 773 1
18 19 292 1
485 486 500 1
357 81 2837 1
1062 1508 2245 1
102 103 335 1
466 1055 2234 1
537 535 538 1
1768 1602 1769 1
872 705 873 1
1518 1517 2064 1
654 655 656 1
1473 1474 1681 1
1338 1604 1605 1
815 817 1422 1
910 1038 1248 1
287 31 2263 1
1185 1261 1283 1
1460 1366 2261 1
1326 1327 1328 1
1157 1462 2019 1
405 416 672 1
1104 973 2054 1
985 854 986 1
1078 1077 1203 1
810 812 2403 1
1407 2337 2391 1
216 332 2231 1
533 535 536 1
742 741 743 1
505 503 512 1
2579 1817 2955 1
1645 1644 2180 1
1008 1007 1091 1
880 878 1588 1
806 1196 1399 1
1436 1434 2157 1
1121 1091 1366 1
675 2083 2292 1
568 591 2255 1
1256 425 2463 1
948 949 950 1
2191 2443 2453 1
235 236 286 1
1354 807 1992 1
853 852 854 1
2185 1399 2521 1
1723 1732 1887 1
1039 1198 1443 1
885 886 887 1
501 486 502 1
328 29 2167 1
1134 2034 2578 1
1068 793 2276 1
771 733 772 1
1568 1075 2165 1
850 597 2170 1
1377 1960 2049 1
1090 1364 1365 1
1490 1488 2510 1
740 741 742 1
402 616 2382 1
883 881 1500 1
1492 1643 2183 1
1517 1785 2064 1
2205 328 2206 1
660 658 673 1
1877 2520 3036 1
579 838 2267 1
1476 1966 1967 1
775 773 776 1
533 536 2039 1
654 656 657 1
144 145 290 1
120 121 304 1
1656 1364 1976 1
2644 982 2663 1
540 796 941 1
851 850 852 1
1588 2390 2394 1
1774 1911 1912 1
2247 1681 2543 1
476 477 478 1
1514 1512 2338 1
674 795 2336 1
1902 1904 1964 1
1111 1360 1397 1
824 825 826 1
1483 1484 1691 1
1660 1378 1770 1
2293 2294 2295 1
1975 368 2770 1
558 528 2343 1
101 102 2212 1
1810 2550 2972 1
1438 788 2207 1
1188 1022 1420 1
674 673 795 1
721 722 2236 1
2963 2557 3046 1
1270 1072 1271 1
1344 1389 1786 1
1157 1156 1245 1
657 658 659 1
1575 1436 1576 1
476 478 479 1
1312 1310 1337 1
504 2450 2473 1
1090 935 1364 1
1750 2581 2999 1
903 902 905 1
533 534 535 1
161 162 305 1
1075 1569 2165 1
1314 1313 1315 1
480 485 2296 1
645 833 2319 1
167 168 303 1
229 230 344 1
682 676 2336 1
1049 798 2471 1
1500 2190 2191 1
591 593 1152 1
24 25 333 1
870 868 1007 1
475 468 476 1
914 1010 1373 1
126 127 307 1
737 739 740 1
1537 1538 2240 1
887 888 889 1
653 652 654 1
1998 269 2925 1
2034 1818 2578 1
1217 1092 1218 1
298 1940 2628 1
1037 1036 1077 1
606 612 837 1
1106 1105 1107 1
1453 1533 1534 1
872 873 1115 1
1859 1860 1861 1
467 466 468 1
670 671 2269 1
1933 1962 1963 1
786 791 792 1
702 703 2208 1
1024 1153 2619 1
1984 1986 1987 1
1023 818 1171 1
1305 1307 1308 1
1421 1420 2522 1
99 100 2219 1
1398 850 2170 1
25 26 2257 1
788 823 824 1
731 730 821 1
513 512 800 1
1370 1372 1693 1
740 739 741 1
1108 1107 1147 1
385 383 2271 1
1308 1309 1488 1
329 98 2217 1
1356 1202 1357 1
591 1152 2255 1
363 1613 2567 1
1328 1338 2134 1
1469 1471 1473 1
1467 1469 2201 1
821 1263 1264 1
1408 694 2364 1
926 670 2269 1
1257 1256 1544 1
1404 1264 1454 1
1584 1217 2146 1
1435 1434 1436 1
1022 475 2225 1
28 29 328 1
1420 1022 2225 1
733 731 2196 1
497 493 2431 1
889 890 892 1
881 633 2190 1
1122 1290 2320 1
22 23 293 1
480 478 483 1
1644 1436 2157 1
615 614 661 1
2922 2759 2928 1
115 116 342 1
1584 2147 2569 1
1481 1482 1483 1
231 232 289 1
1115 1116 1369 1
1188 1420 1421 1
485 991 2296 1
1669 1745 1746 1
796 538 2332 1
335 103 2283 1
780 782 785 1
536 1528 2039 1
484 483 806 1
2278 836 2306 1
1649 1645 2180 1
821 730 1263 1
1431 1432 1433 1
860 2177 2345 1
776 778 779 1
610 597 850 1
221 222 341 1
1143 1286 1287 1
645 647 833 1
651 650 652 1
1516 1517 1518 1
110 111 339 1
58 59 2017 1
405 672 2428 1
108 109 302 1
2371 477 2424 1
2337 1673 2391 1
951 949 2080 1
219 220 281 1
1658 1657 1659 1
1784 1253 2270 1
1270 1271 1481 1
169 170 2348 1
668 670 836 1
856 1086 2274 1
729 727 730 1
1013 1012 1014 1
967 2279 2289 1
1703 1738 1740 1
952 951 958 1
1601 1447 1602 1
926 2104 2807 1
30 31 287 1
1538 1541 2240 1
821 1264 1404 1
123 124 268 1
690 702 1431 1
901 900 902 1
2265 2201 2299 1
654 652 655 1
656 655 809 1
770 733 771 1
1473 1471 1474 1
172 173 340 1
1806 1805 2230 1
747 917 918 1
387 385 556 1
831 1065 1066 1
1696 1357 1697 1
713 714 736 1
1217 1218 2146 1
827 829 1030 1
2245 1508 2570 1
1113 1142 1143 1
2152 2151 2154 1
556 385 2271 1
164 165 264 1
2188 1653 2344 1
1431 702 1432 1
870 1172 2041 1
1399 1196 1486 1
1454 1264 1661 1
662 661 724 1
791 790 2173 1
531 532 533 1
1259 1619 1620 1
759 1006 2264 1
1487 1486 2248 1
962 2538 2579 1
1473 1681 2247 1
882 881 883 1
1342 2135 2136 1
740 968 2249 1
1076 1144 2365 1
117 118 272 1
1529 1530 2658 1
832 830 971 1
654 657 2317 1
540 538 796 1
459 465 466 1
711 713 835 1
275 2072 2930 1
2221 726 2222 1
725 724 797 1
459 466 467 1
787 1438 1439 1
968 742 2239 1
1492 1491 1643 1
980 1093 2182 1
1086 1266 2274 1
656 809 2325 1
1279 1810 1812 1
1277 1278 1279 1
2215 288 2690 1
1597 1598 1599 1
225 226 343 1
550 551 2198 1
1428 682 2336 1
1035 880 2235 1
1434 1031 2224 1
1619 2043 2290 1
740 742 968 1
861 558 2343 1
1541 1747 1748 1
317 1957 2352 1
736 737 2249 1
35 36 2250 1
802 1047 1758 1
813 815 2181 1
772 733 2196 1
1383 2236 2737 1
736 714 737 1
991 500 992 1
737 740 2249 1
543 541 544 1
703 710 711 1
711 712 713 1
1364 935 2187 1
729 730 731 1
1500 881 2190 1
2143 1429 2643 1
1390 1392 2018 1
1646 1647 1648 1
64 65 2388 1
2552 1678 2586 1
158 159 265 1
1055 1668 1671 1
61 62 273 1
812 811 813 1
931 929 2381 1
1093 1219 1445 1
1030 829 2237 1
303 168 2383 1
2191 2190 2192 1
673 658 2325 1
810 581 811 1
1678 1521 2596 1
141 142 312 1
1235 1272 1273 1
1609 1544 1610 1
156 157 348 1
530 523 531 1
51 52 313 1
642 649 650 1
1190 1031 1434 1
419 451 2399 1
170 171 262 1
1377 1337 1378 1
467 468 475 1
1260 1171 1564 1
1449 1451 1453 1
1373 1374 1375 1
1921 1923 2665 1
671 690 2269 1
28 328 2205 1
178 179 336 1
838 1199 1200 1
2228 1511 2519 1
16 345 2277 1
540 941 2143 1
1231 1869 2475 1
642 650 651 1
1266 1702 1703 1
532 523 2193 1
476 468 477 1
720 718 726 1
1835 1564 1926 1
1111 1397 2328 1
1145 992 1146 1
348 2010 2886 1
1009 524 1284 1
1706 2686 2958 1
939 927 940 1
2025 2572 2671 1
1576 1645 1646 1
536 535 537 1
1207 1276 1277 1
1391 1287 1475 1
2002 2001 2272 1
227 228 288 1
703 711 2208 1
27 28 2205 1
1698 1697 1851 1
1476 1371 1966 1
1576 1646 2210 1
713 712 714 1
112 113 263 1
838 1400 2267 1
1437 1146 1800 1
705 625 2356 1
1385 1284 1796 1
730 727 2220 1
1351 1095 1352 1
925 2039 2534 1
2470 1985 2882 1
1063 940 1064 1
1523 1522 1771 1
1541 1748 2240 1
383 381 1499 1
986 997 1135 1
1567 1498 2313 1
1244 1232 1447 1
129 130 271 1
716 708 717 1
1807 1296 1943 1
1541 1730 1747 1
1872 1402 1873 1
847 659 2292 1
1441 2047 2373 1
757 758 759 1
2007 1175 3043 1
1523 1898 2596 1
836 670 926 1
1375 1456 1458 1
1684 1615 1764 1
1657 1939 2512 1
717 708 2266 1
843 1053 1113 1
720 726 727 1
771 775 2224 1
458 457 459 1
559 583 2486 1
1497 1087 1498 1
732 731 733 1
771 773 775 1
530 1353 2015 1
2279 1667 2289 1
949 947 961 1
1521 1249 1522 1
63 64 330 1
749 748 937 1
1538 1540 1541 1
466 465 1055 1
706 705 872 1
651 652 653 1
1264 1263 2246 1
794 1098 1099 1
31 32 2263 1
846 659 847 1
655 652 2300 1
456 455 457 1
1408 2364 2527 1
711 835 2208 1
26 27 291 1
833 647 1536 1
468 466 2234 1
340 2351 2894 1
281 220 2342 1
1510 1509 1848 1
650 808 2300 1
110 339 2321 1
649 640 2304 1
671 689 690 1
168 169 2383 1
859 633 881 1
1311 1313 1314 1
175 176 260 1
657 846 2317 1
26 291 2257 1
1366 1549 2261 1
1322 1321 1323 1
2261 1549 2262 1
455 967 2289 1
711 710 712 1
822 460 2288 1
690 1431 2269 1
936 537 2330 1
681 774 2551 1
837 612 916 1
828 826 988 1
1401 1068 2276 1
1852 1851 1891 1
1299 1298 2470 1
1012 915 2495 1
2258 2257 2260 1
819 1774 2403 1
2101 2030 3053 1
234 235 2492 1
899 898 900 1
641 640 642 1
453 455 456 1
180 181 257 1
1180 1119 2115 1
1266 1703 2274 1
340 173 2351 1
174 175 2346 1
154 155 297 1
737 738 739 1
453 454 455 1
1286 1720 2214 1
1231 1405 1869 1
8 9 294 1
788 743 823 1
442 463 464 1
1508 1223 1509 1
2965 1911 3010 1
1671 1668 1672 1
1459 2304 2315 1
459 457 465 1
1099 1100 1160 1
1457 1980 2743 1
1248 1038 1249 1
459 467 2311 1
690 691 702 1
1353 1876 2281 1
1443 1198 1547 1
2217 99 2219 1
1297 791 2173 1
1080 973 1081 1
859 881 882 1
764 762 920 1
220 221 2342 1
745 744 748 1
1580 1455 1581 1
1494 1138 2484 1
427 425 1256 1
650 649 808 1
851 852 853 1
1575 1576 2210 1
1376 1104 2054 1
2257 291 2260 1
1791 1494 1792 1
2164 2574 2649 1
389 387 2286 1
677 678 2287 1
1661 1264 2246 1
105 106 261 1
934 883 935 1
853 854 985 1
610 850 851 1
1263 730 2220 1
223 224 285 1
905 980 1883 1
1337 1310 2406 1
1110 1406 1407 1
842 649 2304 1
1713 1547 1756 1
1119 1120 1238 1
1459 842 2304 1
98 99 2217 1
2060 1725 2559 1
638 640 641 1
759 760 977 1
1018 1019 2619 1
1039 1443 2515 1
1435 1436 1575 1
239 295 2544 1
534 532 799 1
770 771 2224 1
1581 1455 2384 1
716 717 718 1
539 542 2330 1
1251 1138 1494 1
414 410 839 1
855 475 1022 1
579 595 838 1
1489 1488 1490 1
1152 593 1553 1
1616 673 2325 1
848 847 983 1
457 455 2289 1
511 522 523 1
2019 1462 2461 1
805 1428 1763 1
586 575 919 1
642 640 649 1
2060 971 2648 1
753 1408 1409 1
680 625 705 1
1767 1295 2413 1
1096 1022 1188 1
2350 1214 2355 1
1663 2221 2797 1
2415 502 2521 1
1703 1702 1738 1
1113 1053 1142 1
452 450 453 1
1076 983 1144 1
448 450 452 1
824 823 825 1
1794 1691 2100 1
173 174 2351 1
1110 1407 2279 1
1351 1352 1529 1
235 286 2492 1
538 535 2332 1
638 639 640 1
1089 935 1090 1
844 842 1459 1
448 449 450 1
1143 1142 1286 1
2270 1658 2400 1
455 454 967 1
808 843 2344 1
1212 1700 2298 1
938 937 1052 1
652 650 2300 1
1314 1315 1333 1
1488 1309 2393 1
963 734 2333 1
1135 1149 1545 1
553 545 554 1
534 799 2195 1
1025 1173 1231 1
2235 1588 2691 1
1765 1490 1855 1
1541 1540 1730 1
1542 796 2332 1
702 691 703 1
1307 1306 2406 1
1422 817 2515 1
2232 332 2233 1
908 906 927 1
2226 2499 2522 1
1212 1123 1700 1
467 855 2311 1
2304 639 2315 1
1190 1434 1435 1
238 239 2544 1
1816 1815 1817 1
741 739 750 1
1093 1445 2182 1
1179 1418 1585 1
844 1459 2318 1
1073 1068 1281 1
464 473 474 1
131 132 352 1
583 861 862 1
230 231 2432 1
1175 1174 2227 1
1388 1386 2072 1
2023 2026 2028 1
972 840 973 1
728 727 729 1
1479 1950 2585 1
2538 1552 2579 1
2450 1652 2473 1
2089 2055 2090 1
171 172 2386 1
1981 1966 2357 1
768 766 1028 1
1653 2300 2344 1
103 104 2283 1
825 1449 2216 1
795 1616 1617 1
640 639 2304 1
1534 1533 2171 1
1114 875 2301 1
1469 1470 1471 1
1384 1355 1921 1
456 457 458 1
465 457 2289 1
1536 2278 2306 1
1653 655 2300 1
535 534 2332 1
1019 1017 1020 1
1580 1581 2071 1
1123 963 2333 1
2315 2350 2355 1
774 963 1036 1
1359 1114 2301 1
250 1 300 1
1365 1657 1658 1
1467 1468 1469 1
1368 1209 1595 1
1075 1525 1569 1
2007 2005 2009 1
1430 389 2286 1
642 651 2326 1
1071 871 1072 1
1458 1760 2244 1
1814 1670 1815 1
2499 1662 2522 1
1030 2237 2238 1
109 110 2321 1
2212 335 2291 1
1423 1577 1946 1
1029 1206 1207 1
302 109 2321 1
1976 1364 2187 1
244 245 282 1
648 667 668 1
1236 1072 1270 1
262 171 2386 1
1792 1494 2282 1
1658 1793 2400 1
1543 1283 1670 1
1238 1289 1526 1
453 450 454 1
1160 1161 1423 1
1097 1195 1386 1
2954 2168 3030 1
391 389 1430 1
231 289 2432 1
681 734 774 1
659 660 2292 1
862 863 864 1
1414 1804 2253 1
858 653 1699 1
2814 1989 2908 1
1988 304 2732 1
105 261 2284 1
1822 1562 1823 1
872 1788 2266 1
479 480 2296 1
732 733 770 1
897 896 898 1
551 563 2198 1
658 656 2325 1
798 724 2324 1
2293 293 2294 1
729 731 732 1
336 179 2323 1
728 2412 2485 1
800 993 1075 1
872 1115 1788 1
668 669 670 1
1453 1451 1533 1
676 674 2336 1
1170 990 1455 1
152 153 353 1
1409 1410 1411 1
690 689 691 1
2648 988 2697 1
1344 1335 1389 1
67 68 338 1
1870 1230 3056 1
1407 1406 1762 1
1757 2295 2606 1
706 872 2266 1
2397 343 2398 1
454 450 2307 1
943 942 944 1
882 883 934 1
1497 2439 2494 1
1170 1455 1580 1
1574 1362 1930 1
478 477 2371 1
504 505 2450 1
806 1033 1196 1
1733 1253 1784 1
1817 1815 2327 1
1495 2371 2424 1
703 709 710 1
1325 1323 1326 1
1090 1365 2270 1
675 677 2083 1
1032 458 1686 1
1614 1559 1615 1
1774 1914 2403 1
584 614 615 1
1380 1382 2016 1
2226 479 2296 1
531 523 532 1
2316 2662 2676 1
1629 1221 1789 1
967 1110 2279 1
427 1256 1257 1
803 793 1068 1
779 780 2243 1
1055 1667 1668 1
698 721 746 1
1703 1740 2485 1
1088 976 1446 1
775 776 2280 1
895 894 896 1
747 918 2236 1
1159 1426 1537 1
447 446 448 1
170 262 2348 1
1889 1694 2795 1
2283 104 2284 1
686 687 2362 1
789 1467 2265 1
175 260 2346 1
684 686 845 1
2213 2212 2291 1
1616 2325 2430 1
2020 1487 2611 1
1122 1211 1290 1
461 460 469 1
1324 1336 2404 1
1015 1014 1016 1
648 668 2278 1
638 636 639 1
2380 884 2414 1
1358 1114 1359 1
719 718 720 1
485 500 991 1
1941 508 3039 1
1048 1174 1175 1
1699 653 2317 1
450 449 2307 1
1257 1544 1609 1
474 498 499 1
1669 1599 1745 1
448 446 449 1
2318 1459 2355 1
617 629 681 1
1519 1515 2113 1
1589 1082 1969 1
1311 1314 2393 1
632 633 634 1
1231 1173 1405 1
737 714 738 1
539 540 541 1
22 293 2293 1
1537 1426 1538 1
869 998 2268 1
722 747 2236 1
864 865 866 1
221 341 2342 1
470 469 471 1
685 683 2364 1
1254 1734 1735 1
399 393 460 1
1597 1275 1598 1
1287 1286 2214 1
1366 1367 1549 1
991 992 1145 1
467 475 855 1
808 842 843 1
1294 1150 1441 1
849 435 871 1
503 502 2415 1
680 705 706 1
1279 1278 1810 1
453 456 2335 1
639 2314 2315 1
630 618 631 1
104 105 2284 1
2300 808 2344 1
1456 1457 2745 1
472 471 481 1
447 448 2312 1
1461 1245 2149 1
834 443 1688 1
653 654 2317 1
1410 1408 2527 1
2249 2769 2782 1
1686 458 2311 1
1277 1276 1278 1
1513 1516 2461 1
477 468 2234 1
1268 1212 2298 1
2656 1706 2813 1
322 1918 2658 1
1158 1076 2365 1
637 636 638 1
1883 980 2182 1
720 727 728 1
1308 1488 1489 1
893 892 894 1
1197 2052 2053 1
1302 1304 1886 1
651 858 2326 1
1667 465 2289 1
1580 2071 2102 1
1110 1170 1406 1
20 337 2349 1
458 459 2311 1
638 641 2316 1
1314 1334 2393 1
632 631 633 1
180 257 2323 1
834 1688 1689 1
995 994 1102 1
967 990 1110 1
634 633 859 1
1235 1177 1272 1
1887 2444 2449 1
645 646 647 1
1715 1751 1825 1
440 444 445 1
855 1022 1096 1
670 669 671 1
1002 912 1749 1
1145 1146 1437 1
499 510 511 1
1727 1725 2060 1
448 452 2312 1
1425 1158 1638 1
179 180 2323 1
150 151 267 1
514 524 1009 1
537 539 2330 1
1592 1593 1628 1
1444 1337 2406 1
1365 1658 2270 1
843 844 1053 1
528 527 2343 1
635 637 1225 1
789 1465 1467 1
445 447 884 1
342 2172 2820 1
1847 1572 1868 1
784 921 922 1
1055 465 1667 1
445 444 446 1
491 490 492 1
637 638 2316 1
451 516 517 1
630 631 632 1
1658 1659 1793 1
616 783 784 1
1349 1345 1634 1
1032 1686 2035 1
440 443 444 1
1474 1471 1710 1
1200 1199 1618 1
866 867 868 1
561 555 564 1
482 481 490 1
1254 1735 2392 1
2249 968 2769 1
1700 1123 2333 1
1736 1845 1846 1
1441 1150 2372 1
511 510 522 1
1225 637 1226 1
622 644 645 1
632 634 635 1
323 2068 2069 1
106 107 2368 1
1215 1058 1230 1
2153 2152 2496 1
657 659 846 1
934 935 1089 1
884 447 976 1
1021 1020 1111 1
1096 1188 1362 1
1914 1912 1933 1
752 693 1136 1
321 60 2616 1
635 634 636 1
823 743 2370 1
446 444 2275 1
1089 1090 1253 1
1713 1756 2669 1
1749 912 2448 1
1446 976 2312 1
1103 1102 1182 1
456 458 1032 1
641 642 2326 1
651 653 858 1
1203 1077 1440 1
941 796 942 1
956 1040 1097 1
884 976 1025 1
2046 1610 2440 1
1411 1412 1413 1
1147 1292 1626 1
808 649 842 1
2376 874 2446 1
757 701 758 1
630 632 2303 1
1184 1044 1185 1
712 710 2265 1
1674 2380 2414 1
567 548 569 1
1730 1540 1731 1
2255 1152 2331 1
699 697 2536 1
1411 1416 2673 1
341 222 2366 1
668 667 669 1
1334 1333 1345 1
1286 1442 1720 1
826 825 2216 1
71 1955 2967 1
261 106 2368 1
714 712 2299 1
1245 1394 1532 1
838 595 1199 1
715 708 716 1
1170 1580 2310 1
1483 1691 1794 1
1253 1090 2270 1
1226 637 2316 1
930 929 931 1
133 134 298 1
1110 990 1170 1
708 706 2266 1
2313 569 2731 1
1001 1674 1878 1
967 454 990 1
495 493 497 1
444 443 834 1
1538 1539 1540 1
2074 1616 2430 1
616 2101 2382 1
1266 1701 1702 1
1624 1622 2199 1
474 473 498 1
945 944 946 1
437 439 1001 1
849 871 1071 1
1672 1668 1673 1
1207 1206 1276 1
843 842 844 1
976 447 2312 1
1721 1242 2229 1
1216 1587 1612 1
452 453 2335 1
959 958 2164 1
1071 1072 1236 1
716 718 719 1
809 655 1653 1
226 227 2410 1
2279 1407 2391 1
2158 1713 2588 1
445 446 447 1
1267 1709 1850 1
1550 1838 1840 1
1173 1088 1663 1
1558 1557 1559 1
873 705 2356 1
922 1004 1005 1
2107 896 2716 1
434 436 437 1
741 750 2370 1
543 544 545 1
928 604 929 1
1025 976 1088 1
1406 1170 2310 1
1053 844 1054 1
1025 1231 2414 1
2080 961 2719 1
2096 1240 2635 1
1571 1573 1715 1
1469 1468 1470 1
205 206 256 1
1025 1088 1173 1
1580 2102 2310 1
1489 1490 1765 1
1397 1360 1682 1
1735 1734 1736 1
1900 2113 2114 1
2338 663 2341 1
1990 290 2677 1
440 438 443 1
456 1032 2335 1
707 706 708 1
1371 1116 2357 1
990 454 2307 1
1125 931 2381 1
1536 647 2278 1
1267 1212 1268 1
1031 770 2224 1
966 959 994 1
1944 1409 2673 1
598 597 610 1
1005 1155 1156 1
932 931 933 1
879 878 880 1
1475 2214 2215 1
412 417 1255 1
635 636 637 1
636 634 2314 1
703 691 709 1
1251 1494 1791 1
1009 1284 1385 1
869 975 998 1
882 934 1214 1
1054 844 2318 1
1057 933 1058 1
227 288 2410 1
1191 1118 1192 1
1067 1259 2506 1
444 834 2275 1
856 770 1031 1
174 2346 2351 1
414 839 840 1
671 688 689 1
1034 880 1035 1
2324 661 2437 1
710 709 789 1
2 3 356 1
225 343 2397 1
1273 1272 1863 1
1281 1402 1872 1
1817 2579 2993 1
2254 1332 2502 1
2138 2136 2139 1
877 643 878 1
1086 1265 1266 1
1459 2315 2355 1
1304 1305 2420 1
1455 990 2307 1
950 951 952 1
1407 1762 2337 1
1286 1142 1442 1
573 565 577 1
1498 1719 2313 1
596 580 597 1
1086 1031 1190 1
1738 1702 1739 1
1329 1328 1331 1
1368 1595 2379 1
1166 1140 2466 1
837 1718 2738 1
806 483 1033 1
613 620 621 1
1151 1295 1767 1
615 661 662 1
1089 1253 1254 1
639 636 2314 1
1798 1632 2659 1
2523 1134 2577 1
825 1448 1449 1
998 999 1127 1
634 859 2314 1
395 397 1141 1
1705 1180 2115 1
710 789 2265 1
1224 1070 1233 1
1254 1253 1733 1
743 741 2370 1
1701 1265 1704 1
437 436 438 1
845 1105 1106 1
846 847 848 1
1133 1012 2495 1
1083 1139 1262 1
1861 1860 1862 1
1295 1571 2413 1
517 518 519 1
2124 2123 2125 1
818 813 2181 1
635 1225 2303 1
1237 1654 1655 1
1688 443 2302 1
1096 1362 1363 1
2390 619 2394 1
2360 1581 2384 1
1358 1359 1708 1
402 406 616 1
1349 1634 1783 1
1322 1323 1325 1
1267 1268 1709 1
1475 1287 2214 1
1859 1608 1860 1
1704 1265 2374 1
629 618 630 1
1363 1574 1885 1
1339 1331 1341 1
419 423 451 1
439 438 440 1
1211 1123 1212 1
1723 1724 1732 1
185 255 2582 1
1363 1362 1574 1
542 541 543 1
1467 1465 1468 1
681 629 734 1
1667 2279 2391 1
445 884 2380 1
72 73 309 1
647 646 648 1
1414 1477 1804 1
776 779 2280 1
2150 2644 2663 1
774 734 963 1
1501 1493 1502 1
438 436 2302 1
1538 1426 1539 1
1736 1734 1845 1
1496 1341 1632 1
1001 439 1674 1
2315 2314 2350 1
1239 1665 1666 1
1417 1178 1419 1
1196 1033 1197 1
1036 963 1122 1
1071 1236 1237 1
874 666 1711 1
1617 1616 2074 1
813 814 815 1
1331 1328 2134 1
1493 2376 2446 1
1233 1070 2467 1
436 435 849 1
434 435 436 1
732 770 856 1
738 714 2299 1
859 882 2350 1
841 688 1493 1
1254 1733 1734 1
563 584 2297 1
1237 1236 1654 1
449 446 2275 1
780 785 2243 1
172 340 2386 1
2132 504 2473 1
795 673 1616 1
632 635 2303 1
553 554 555 1
2369 1255 2425 1
662 724 725 1
1628 1593 1856 1
1227 974 1520 1
2838 1848 2842 1
1314 1333 1334 1
2058 1059 2796 1
1885 1574 1951 1
330 64 2388 1
1043 1042 1044 1
222 223 2366 1
451 1427 2399 1
1334 1345 1349 1
1479 1753 1950 1
583 558 861 1
568 589 591 1
645 644 646 1
1425 1638 1910 1
1498 1506 1719 1
1614 1615 1684 1
1449 1450 1451 1
1503 1591 1592 1
789 709 1464 1
464 463 473 1
1406 2310 2387 1
1668 1667 2391 1
647 648 2278 1
851 853 1208 1
2301 875 2378 1
1690 1707 1826 1
430 432 433 1
728 729 2412 1
1211 1212 1267 1
1784 2270 2400 1
1119 977 1120 1
519 520 521 1
169 2348 2383 1
1452 1611 1690 1
1931 259 2800 1
1396 2473 2554 1
1726 1728 1988 1
1448 823 2370 1
882 1214 2350 1
552 545 553 1
918 917 2506 1
1127 1128 1491 1
499 498 510 1
331 184 2582 1
224 225 2397 1
1142 1053 2353 1
1216 1612 2477 1
585 608 2377 1
521 546 557 1
434 432 435 1
691 689 2354 1
437 438 439 1
557 574 581 1
1122 1123 1211 1
539 541 542 1
1752 1632 1798 1
606 607 612 1
1075 993 1525 1
1310 1307 2406 1
1122 963 1123 1
812 819 2403 1
1053 1054 2353 1
1480 1478 1641 1
1288 1182 1504 1
972 973 1080 1
1435 1575 1993 1
941 1429 2143 1
680 706 707 1
715 716 2378 1
1080 1081 1186 1
805 682 1428 1
430 428 431 1
1129 1229 1395 1
1026 1027 1087 1
1702 1701 2308 1
1556 1555 1557 1
648 666 667 1
802 1046 1047 1
803 1068 1073 1
570 507 663 1
848 983 1076 1
2620 336 2920 1
713 736 2783 1
1452 1450 1535 1
1106 1107 1108 1
1243 1722 1723 1
689 688 841 1
223 285 2366 1
343 226 2410 1
707 708 715 1
707 715 860 1
436 849 2302 1
712 2265 2299 1
1762 1406 2387 1
1159 1425 1426 1
789 1464 1465 1
430 431 432 1
1620 1619 2358 1
426 427 428 1
2192 600 2443 1
1266 1265 1701 1
1047 1164 1350 1
1771 1772 1941 1
799 532 2193 1
308 2124 2651 1
591 592 593 1
759 758 760 1
1662 1437 1827 1
825 823 1448 1
1036 1122 2320 1
2394 619 2442 1
489 487 1148 1
841 1493 1501 1
1516 2029 2461 1
671 669 688 1
594 605 606 1
1546 1545 1809 1
1309 1311 2393 1
1503 1502 1590 1
834 1689 2360 1
426 428 429 1
608 624 665 1
1455 2307 2384 1
1569 1525 1877 1
856 1031 1086 1
2325 809 2430 1
800 512 993 1
689 841 2354 1
1197 1033 1495 1
1638 1158 2365 1
1197 1495 2052 1
794 723 1098 1
769 801 802 1
2020 2415 2521 1
901 902 903 1
49 50 252 1
65 66 284 1
679 625 680 1
1465 1464 1466 1
1470 1472 1884 1
1185 1283 1543 1
147 148 311 1
1739 1702 2308 1
543 545 552 1
599 600 617 1
1470 1468 1472 1
2198 563 2297 1
1592 1591 1593 1
69 70 301 1
2129 1485 2613 1
135 136 354 1
1086 1190 1265 1
622 645 2319 1
815 816 817 1
2029 1518 2030 1
433 432 434 1
630 2303 2417 1
1662 1827 2560 1
994 959 2164 1
862 861 863 1
1163 1050 2407 1
1902 251 1903 1
1652 1857 2554 1
1077 1036 2320 1
2318 2532 2575 1
908 927 939 1
1591 1590 1594 1
596 597 598 1
817 984 1039 1
496 509 754 1
899 900 901 1
2314 859 2350 1
1039 1137 1198 1
1940 1526 2241 1
1393 1919 2996 1
617 600 618 1
2307 449 2384 1
596 598 599 1
2631 785 2939 1
138 139 277 1
1739 2308 2309 1
584 615 2297 1
1632 2138 2659 1
910 911 1038 1
599 598 600 1
1007 868 2268 1
860 715 875 1
617 618 629 1
1442 1142 2353 1
624 609 625 1
913 1003 1026 1
860 875 1029 1
317 56 1956 1
561 564 565 1
2412 2274 2485 1
716 719 2378 1
1041 957 1042 1
283 1890 2893 1
412 1255 2369 1
2440 1610 2663 1
2275 834 2360 1
1884 1472 1913 1
864 863 865 1
1358 1708 1779 1
572 2558 2979 1
1715 1573 1751 1
988 826 2216 1
1159 1158 1425 1
778 777 2573 1
573 577 578 1
426 425 427 1
1449 1448 1450 1
285 224 2397 1
1618 1677 2127 1
1966 1371 2357 1
553 555 560 1
608 586 609 1
1130 1158 1159 1
1490 2510 2540 1
648 646 666 1
573 578 579 1
1206 1114 1358 1
729 732 2412 1
1145 1437 1662 1
1029 875 1114 1
939 940 1063 1
579 580 595 1
929 604 2445 1
1452 1690 2409 1
367 365 970 1
2288 1430 2456 1
2416 599 2487 1
621 622 2319 1
2318 2355 2532 1
792 1282 2828 1
608 665 2377 1
483 478 2371 1
877 878 879 1
753 694 1408 1
1250 1285 1799 1
1778 1504 1865 1
319 1984 1985 1
1130 1076 1158 1
433 434 2363 1
1878 1674 2475 1
431 428 2402 1
1330 1343 1695 1
1029 1114 1206 1
1485 1271 2613 1
1928 1210 1929 1
1452 1535 1611 1
432 431 2479 1
1238 1120 1289 1
1766 1765 1833 1
2178 2048 2758 1
2171 1533 2172 1
437 1001 2363 1
1021 1111 2328 1
1568 2165 2617 1
443 438 2302 1
907 909 910 1
667 666 874 1
856 2274 2412 1
955 953 1240 1
617 681 2487 1
879 880 1034 1
2229 1242 2458 1
440 445 2380 1
1319 1321 1322 1
1945 1899 2142 1
1073 1281 2372 1
1686 2311 2418 1
18 292 2395 1
1774 1912 1914 1
424 420 425 1
2164 1056 2574 1
985 986 2530 1
679 680 2345 1
1652 1385 1857 1
765 767 1124 1
560 555 561 1
1451 1450 1452 1
1612 1587 1741 1
669 667 2376 1
897 898 899 1
1489 1765 1766 1
1554 1458 1555 1
998 1127 2605 1
2173 1827 3024 1
709 691 2354 1
1673 1668 2391 1
621 620 622 1
1501 1502 1503 1
585 575 586 1
866 865 867 1
1052 1094 1232 1
1063 1064 1221 1
928 929 930 1
1308 1489 2420 1
1690 1611 1707 1
254 2213 2736 1
1618 1199 1677 1
1348 1299 2470 1
1257 1609 2128 1
1677 2416 2487 1
879 1034 1132 1
1637 2607 2705 1
1366 1091 1367 1
895 896 897 1
1305 1308 2420 1
595 580 596 1
269 1998 2856 1
429 428 430 1
344 230 2432 1
960 2080 2597 1
65 284 2388 1
878 643 2390 1
442 462 463 1
422 441 442 1
561 565 572 1
1440 1077 2320 1
622 643 644 1
434 437 2363 1
416 421 422 1
1558 1559 1614 1
1190 1435 2374 1
579 578 580 1
1179 1417 1418 1
1810 1278 1811 1
868 867 869 1
1089 1254 2392 1
1643 1491 2444 1
405 415 416 1
1132 1178 1179 1
875 715 2378 1
399 460 461 1
439 440 2380 1
1686 2418 2518 1
813 811 814 1
1729 1413 2253 1
1555 1458 2244 1
1062 1189 1223 1
628 692 744 1
946 954 2119 1
590 623 628 1
1047 1046 1164 1
930 931 932 1
1164 1046 1505 1
893 894 895 1
409 411 412 1
1330 1325 1340 1
848 1076 1130 1
697 695 2464 1
449 2275 2384 1
1697 1357 1882 1
574 546 575 1
1629 1789 1867 1
1057 1058 1215 1
932 933 1057 1
1002 1749 1750 1
1526 1289 1834 1
517 516 518 1
629 630 2417 1
644 643 877 1
582 587 590 1
2354 841 2472 1
948 950 1101 1
680 707 2345 1
1214 934 2392 1
1571 1715 2413 1
761 763 1247 1
1520 974 2489 1
906 903 2305 1
915 891 2495 1
998 975 999 1
1813 1640 2117 1
612 607 613 1
411 410 414 1
1486 1196 2546 1
427 1257 2402 1
624 625 679 1
1245 1156 1394 1
2086 1651 2553 1
1704 2346 2801 1
371 369 562 1
572 565 573 1
1350 1164 1915 1
401 404 405 1
1922 1924 2601 1
2883 2179 2980 1
1252 1776 1777 1
885 887 1463 1
363 361 1613 1
2275 2360 2384 1
1250 1138 1251 1
1553 593 2334 1
1343 1340 1631 1
1845 1734 2405 1
2473 1652 2554 1
802 801 1046 1
424 425 426 1
1711 666 2375 1
451 423 516 1
2073 1617 2670 1
2333 734 2417 1
1464 709 2354 1
491 492 493 1
1814 1815 1816 1
1734 1733 2405 1
934 1089 2392 1
608 609 624 1
1674 439 2380 1
1503 1590 1591 1
1535 2474 2623 1
418 413 1527 1
2285 1101 2411 1
1202 2112 2526 1
871 435 2479 1
472 481 482 1
857 1061 1062 1
884 1025 2414 1
428 427 2402 1
1420 2226 2522 1
720 728 2498 1
832 971 2689 1
622 620 643 1
409 410 411 1
40 316 2163 1
2261 271 2961 1
620 619 2390 1
1651 1991 2553 1
1418 1417 1636 1
1132 1034 1178 1
470 471 472 1
1543 1670 1814 1
1265 1190 2374 1
968 2239 2749 1
461 469 470 1
732 856 2412 1
1547 1198 1548 1
585 586 608 1
1099 1098 1100 1
2243 785 2631 1
557 546 574 1
1409 1408 1410 1
942 796 1542 1
482 490 491 1
784 783 921 1
2148 1461 2149 1
1322 1325 1330 1
2052 1495 2507 1
2133 329 2722 1
2388 284 2389 1
526 571 582 1
801 793 803 1
2575 1736 2599 1
1179 1178 1417 1
1863 1864 1932 1
510 498 547 1
1280 1279 2900 1
1525 993 2020 1
594 606 2334 1
1498 1087 1506 1
1674 2414 2475 1
1009 1385 1652 1
1462 1513 2461 1
1330 1340 1343 1
889 892 893 1
1096 1363 2418 1
1378 1337 1444 1
521 520 546 1
1822 1823 1824 1
969 2016 2970 1
1334 1349 2510 1
581 574 2435 1
803 1073 1074 1
1500 2191 2459 1
1227 1520 1761 1
1033 483 2371 1
2424 1671 2507 1
606 605 607 1
1209 1108 2329 1
401 405 2428 1
707 860 2345 1
253 58 2017 1
868 869 2268 1
966 994 995 1
1109 1213 1578 1
549 2255 2454 1
2574 1925 2649 1
734 629 2417 1
376 373 876 1
1900 1519 2113 1
1137 984 1138 1
613 607 619 1
2311 855 2418 1
477 2234 2424 1
1139 1165 2252 1
2418 1363 2518 1
505 514 2450 1
591 589 592 1
2240 1748 2647 1
816 814 1228 1
739 738 2543 1
1339 1341 1496 1
1549 1367 1843 1
1988 1728 1989 1
246 2627 2804 1
603 576 2600 1
995 1102 1103 1
1054 2575 2599 1
1386 1195 1582 1
61 273 2616 1
1782 1813 2964 1
395 1141 2426 1
519 518 520 1
1723 1722 1724 1
1799 1285 1896 1
952 958 959 1
327 2131 2851 1
646 644 2375 1
1771 1522 1772 1
1741 1742 1743 1
1526 1834 2241 1
922 921 1004 1
1329 1331 1339 1
1127 999 1128 1
903 905 2305 1
317 1956 1957 1
616 406 783 1
1345 1333 2421 1
667 874 2376 1
574 575 585 1
1699 2317 2511 1
1495 2424 2507 1
1276 1206 2385 1
738 2247 2543 1
1705 2116 2813 1
593 592 594 1
596 599 2416 1
1187 1186 1881 1
1496 1632 1752 1
613 619 620 1
1573 1572 1847 1
815 814 816 1
1171 818 2181 1
379 400 401 1
1074 1073 1150 1
1342 2136 2138 1
1571 1572 1573 1
211 212 2545 1
1386 1582 2072 1
409 408 410 1
1326 1328 1329 1
1167 1566 2251 1
304 1988 2814 1
598 610 2443 1
1411 1410 1412 1
1250 1251 1285 1
1097 1040 1195 1
1741 1587 1742 1
182 183 2550 1
1435 1993 2374 1
1108 1147 2329 1
1726 1725 1727 1
1325 1326 2436 1
1719 1506 1829 1
1724 1722 1725 1
2260 291 2447 1
1571 1570 1572 1
924 840 972 1
1533 1451 2409 1
514 1009 2450 1
1057 1215 1216 1
1419 1178 2429 1
1135 1545 1546 1
610 851 2453 1
817 816 984 1
1071 1237 2455 1
1039 984 1137 1
930 932 1241 1
208 334 2665 1
502 2185 2521 1
2406 1306 2497 1
851 1208 2453 1
407 409 2369 1
1329 1339 1507 1
1496 1752 1949 1
1199 595 2416 1
1556 1557 1558 1
1537 2240 2618 1
1493 688 2376 1
1005 1004 1155 1
1510 1848 2838 1
761 725 762 1
855 1096 2418 1
1495 1033 2371 1
1358 1779 2385 1
767 766 768 1
1770 1378 2408 1
1421 2522 2560 1
1295 1570 1571 1
1160 1100 1161 1
1150 1073 2372 1
769 768 793 1
1863 1272 1864 1
1221 1064 2347 1
1257 2128 2402 1
2364 805 2527 1
518 516 1131 1
1278 1276 2419 1
1294 1441 2531 1
1295 1294 1570 1
512 503 2415 1
765 764 766 1
1592 1628 2598 1
1468 1465 2401 1
1206 1358 2385 1
1769 1602 1998 1
1464 2354 2472 1
2296 991 2499 1
1151 1150 1294 1
1064 1083 2347 1
1074 1150 1151 1
1034 1035 2429 1
1281 1872 2372 1
1120 977 2468 1
375 377 1117 1
576 559 2486 1
1151 1294 1295 1
488 506 1552 1
1080 1186 1187 1
1103 1182 1288 1
1626 1292 2361 1
407 403 408 1
1413 1412 1414 1
869 867 974 1
1216 1586 1587 1
82 318 2837 1
769 793 801 1
2535 1016 2639 1
2393 1334 2510 1
594 592 604 1
242 243 2572 1
1491 1128 2449 1
1128 999 1242 1
1423 1161 1577 1
1292 1550 2361 1
763 762 764 1
1926 1564 1927 1
2443 610 2453 1
2013 1018 2924 1
1726 1727 1728 1
605 604 928 1
1755 1919 1965 1
84 308 2779 1
600 598 2443 1
1441 2373 2531 1
1216 1215 1586 1
2455 1237 2533 1
1181 1355 1384 1
1839 1559 2674 1
917 1067 2506 1
1472 1468 2401 1
865 863 1220 1
1465 1466 2401 1
1724 1725 1726 1
1566 1679 1854 1
2527 1763 2629 1
1797 2121 2741 1
736 2249 2782 1
2522 1662 2560 1
1072 871 2613 1
1026 1003 1027 1
1198 1137 2460 1
1043 1044 1184 1
1489 1766 2420 1
1177 1049 2471 1
688 669 2376 1
6 7 355 1
1451 1452 2409 1
1756 1547 2423 1
946 953 954 1
423 420 424 1
585 2377 2435 1
568 588 589 1
595 596 2416 1
1516 1518 2029 1
589 588 1635 1
1755 1754 1919 1
869 974 975 1
414 840 924 1
701 627 2478 1
398 396 1563 1
1488 2393 2510 1
644 877 2375 1
1243 1242 1721 1
1137 1138 1250 1
2162 2554 3022 1
758 701 2478 1
1259 1621 2506 1
2485 1740 2498 1
496 754 2541 1
643 620 2390 1
2035 1686 2518 1
261 2422 2720 1
849 1071 2455 1
594 604 605 1
1557 1819 2674 1
1850 2168 2954 1
392 393 394 1
760 1210 1524 1
390 392 2426 1
975 974 1227 1
1499 2699 2819 1
392 394 395 1
122 123 2482 1
1752 1798 1920 1
1502 1493 2446 1
1052 937 1094 1
390 391 392 1
1179 1585 2583 1
1109 1108 1209 1
1165 1167 2251 1
1087 1027 2469 1
1330 1695 2488 1
1197 2053 2546 1
419 420 423 1
392 391 393 1
419 418 420 1
344 1965 2729 1
412 411 413 1
1579 1368 1712 1
394 393 399 1
1712 1368 2379 1
346 234 2492 1
2302 849 2455 1
748 744 978 1
910 909 911 1
390 389 391 1
568 567 588 1
1128 1242 1243 1
1688 2302 2455 1
1041 1042 1043 1
593 594 2334 1
388 387 389 1
1621 1620 1622 1
1102 994 2649 1
1243 1721 1722 1
760 758 1210 1
1333 1315 2589 1
1786 1389 1787 1
662 725 761 1
388 389 390 1
767 768 769 1
1898 1831 2896 1
1213 1209 1368 1
947 946 2119 1
1554 1555 1556 1
991 1145 2499 1
549 548 567 1
549 567 568 1
1622 1620 2359 1
380 378 381 1
765 766 767 1
1439 2052 2713 1
1413 1414 2253 1
1550 1840 2361 1
666 646 2375 1
1699 2511 2595 1
1126 1193 2733 1
386 387 388 1
904 903 906 1
1620 2358 2359 1
1511 2076 2519 1
977 760 2468 1
1753 1754 1755 1
1243 1723 2449 1
386 385 387 1
1027 1003 1070 1
1375 1458 1554 1
412 413 417 1
191 192 2707 1
417 418 419 1
1753 1480 1754 1
2172 1533 2409 1
2414 1231 2475 1
1677 1199 2416 1
2010 297 2886 1
1083 1262 2347 1
407 408 409 1
895 897 989 1
1659 1657 2512 1
417 413 418 1
574 585 2435 1
924 972 982 1
763 764 765 1
1479 1478 1480 1
719 720 2498 1
2417 2303 2529 1
1111 1112 1360 1
1535 1450 2474 1
113 114 2622 1
1361 1561 1737 1
1591 1594 2422 1
386 388 602 1
1326 1329 2436 1
761 762 763 1
1009 1652 2450 1
970 1982 2762 1
1262 1139 2252 1
1129 1395 2469 1
1004 921 1085 1
2539 1132 2583 1
2662 1748 2676 1
1466 1464 2472 1
993 512 2415 1
2370 750 2474 1
1276 2385 2419 1
911 909 912 1
1610 1544 2663 1
894 964 2716 1
1811 1278 2419 1
509 548 549 1
2470 1298 3019 1
954 955 956 1
1801 1565 1802 1
754 509 2454 1
1289 1120 1664 1
1556 1558 1687 1
1288 1504 1778 1
1524 1210 1928 1
1801 1802 1870 1
1038 911 2494 1
509 508 548 1
1479 1480 1753 1
493 492 2431 1
907 906 908 1
966 995 996 1
409 412 2369 1
1579 1712 1757 1
1229 1565 1801 1
1477 1478 1479 1
1129 1070 1224 1
1843 1367 2166 1
2135 1605 2508 1
1017 1016 2535 1
496 495 508 1
728 2485 2498 1
1229 1224 1565 1
2274 1703 2485 1
1593 1591 2422 1
1848 1509 1849 1
1340 1325 2436 1
1232 1094 1252 1
1106 1108 1109 1
1027 1070 1129 1
2444 1491 2449 1
247 248 315 1
1477 1415 1478 1
2226 2296 2499 1
1213 1368 1579 1
1223 1189 1717 1
901 903 904 1
494 493 495 1
2145 1280 2865 1
1688 2455 2533 1
1062 1061 1189 1
491 493 494 1
1129 1224 1229 1
769 802 2462 1
1109 1209 1213 1
123 268 2482 1
841 1501 2472 1
2647 1748 2662 1
1347 1781 1954 1
628 623 692 1
1252 1094 1775 1
1288 1778 1841 1
590 587 623 1
954 953 955 1
1240 953 2547 1
1061 1060 1194 1
1079 2013 2791 1
811 581 2434 1
1042 957 2480 1
435 432 2479 1
913 912 1002 1
1178 1034 2429 1
1222 1221 1629 1
1007 2268 2509 1
1548 1198 2460 1
1041 1043 1045 1
801 803 2427 1
1250 1799 2460 1
2161 1403 2562 1
1208 853 2537 1
2149 1532 2876 1
1348 2470 2882 1
1503 1592 2548 1
1091 1007 2509 1
1095 960 2597 1
360 359 361 1
956 957 1040 1
913 1002 1003 1
956 955 957 1
692 623 693 1
904 906 907 1
492 885 2431 1
1414 1415 1477 1
663 2148 2636 1
411 414 2433 1
1159 1537 2595 1
1414 1412 1415 1
1285 1251 2514 1
1594 1590 2726 1
582 571 587 1
1599 1598 2593 1
496 508 509 1
2369 2425 2481 1
857 752 1060 1
803 1074 2427 1
1894 2197 2643 1
1483 1794 2563 1
1151 1767 2566 1
1802 2131 2944 1
1046 801 2427 1
1505 1046 2427 1
470 472 664 1
907 908 909 1
1329 1507 2436 1
405 404 415 1
1506 1087 2469 1
1125 2381 2839 1
1014 1012 1133 1
1124 767 2462 1
911 912 913 1
1357 1202 2526 1
494 495 496 1
1522 1249 2438 1
402 403 406 1
296 2810 3025 1
416 415 421 1
1137 1250 2460 1
1165 2251 2252 1
2434 581 2435 1
1251 1791 2514 1
2753 1829 2839 1
422 421 441 1
177 178 2620 1
1249 1038 2439 1
751 2245 2516 1
1623 1622 1624 1
442 441 462 1
1836 1837 2580 1
339 111 2633 1
406 403 407 1
965 959 966 1
286 236 2513 1
1823 1562 2639 1
913 1026 2494 1
1608 1163 2407 1
2020 993 2415 1
765 1124 2476 1
599 617 2487 1
399 461 1059 1
751 693 752 1
473 463 962 1
736 2782 2783 1
1907 1905 1908 1
1128 1243 2449 1
1860 1608 2407 1
1664 1120 2468 1
1040 957 1041 1
761 1247 2505 1
401 400 404 1
1147 1626 2329 1
1361 1112 1560 1
1634 1345 2607 1
1547 1548 2423 1
814 811 2434 1
402 398 403 1
1689 1688 2533 1
2027 2024 2907 1
1384 1921 1922 1
2127 1677 2551 1
1582 1583 2367 1
744 692 2516 1
1063 1221 1222 1
571 570 601 1
1145 1662 2499 1
350 1978 2998 1
237 347 2513 1
48 49 1828 1
904 2118 2552 1
1210 758 2478 1
1582 1195 1583 1
397 398 402 1
365 363 2567 1
1625 1624 1977 1
371 562 2451 1
425 420 2463 1
1605 1714 2508 1
1444 2406 2497 1
1272 1177 2471 1
905 1883 2305 1
1448 2370 2474 1
955 1240 2480 1
236 237 2513 1
1561 1560 1562 1
315 2626 2627 1
964 2602 2685 1
1378 1444 2408 1
340 1993 2901 1
1929 1210 2478 1
1821 1562 1822 1
857 1060 1061 1
384 385 386 1
1879 326 2870 1
4 5 310 1
1322 1330 2488 1
1228 814 2434 1
2189 1373 2602 1
1111 1020 1112 1
379 378 380 1
370 372 374 1
2317 846 2511 1
1252 1775 1776 1
1363 1885 2518 1
1700 2529 2564 1
1188 1421 2655 1
2949 1972 3052 1
377 376 378 1
1259 1620 1621 1
413 411 2433 1
2343 2160 2568 1
607 605 2442 1
1450 1448 2474 1
1682 1360 2441 1
1642 1584 2569 1
526 507 570 1
1247 763 2476 1
482 491 2491 1
1700 2333 2529 1
692 693 751 1
2207 1030 2587 1
452 2335 2591 1
2486 583 2561 1
751 752 857 1
1574 1930 2621 1
885 1463 2431 1
679 2186 2594 1
375 373 376 1
2125 2126 3041 1
2392 1735 2532 1
605 928 2442 1
1222 1629 1630 1
2148 2149 2636 1
1711 2539 2583 1
2333 2417 2529 1
723 699 2536 1
828 988 2648 1
1527 413 2433 1
2466 2014 2936 1
1796 1797 2840 1
879 1132 2539 1
848 1130 2511 1
1186 1081 2608 1
887 889 2457 1
304 121 2630 1
619 607 2442 1
177 2620 2811 1
952 959 965 1
1319 1322 2488 1
382 381 383 1
986 1135 2530 1
183 331 2550 1
1027 1129 2469 1
347 238 2544 1
1564 1171 2465 1
2060 2648 2697 1
516 423 2452 1
971 830 2648 1
526 570 571 1
2543 1681 2623 1
817 1039 2515 1
2298 1700 2564 1
384 383 385 1
2511 1130 2595 1
423 424 2452 1
2335 2036 2591 1
2532 1735 2575 1
1131 516 2452 1
397 396 398 1
1650 1647 2735 1
1446 2312 2591 1
418 1527 2463 1
876 373 2451 1
592 589 2445 1
395 394 396 1
311 1991 2975 1
360 361 362 1
2306 836 2708 1
1317 1319 2488 1
395 396 397 1
2419 2812 3050 1
589 1635 2445 1
853 985 2537 1
2102 1432 2788 1
1100 1098 1633 1
2355 1214 2532 1
946 944 953 1
1978 2199 2755 1
1367 1091 2509 1
1138 984 2484 1
2078 2077 2571 1
999 975 2458 1
462 441 487 1
372 371 373 1
2607 2421 2705 1
760 1524 2468 1
342 116 2650 1
112 263 2633 1
908 939 2448 1
2474 750 2623 1
379 380 400 1
377 378 379 1
1098 723 2536 1
509 549 2454 1
1637 936 2742 1
526 582 2523 1
2427 1074 2566 1
375 376 377 1
1623 1625 1744 1
2070 2470 3019 1
1677 2487 2551 1
1360 1112 1361 1
547 2327 2847 1
1054 2318 2575 1
750 739 2543 1
1601 1768 2913 1
1755 1965 3038 1
1772 1522 2438 1
767 769 2462 1
1463 887 2457 1
1237 1655 2533 1
1296 1169 1790 1
414 924 2433 1
420 418 2463 1
975 1227 2458 1
382 384 1154 1
2529 1225 2564 1
816 1228 2484 1
2488 1695 2589 1
1736 1846 2599 1
2303 1225 2529 1
1577 1161 1844 1
372 373 375 1
392 395 2426 1
889 893 2457 1
1057 1216 2477 1
506 489 507 1
1759 1940 2904 1
506 507 526 1
15 2277 2666 1
1561 1562 1821 1
2287 845 2576 1
1242 999 2458 1
1509 1223 2490 1
932 1057 2477 1
1349 1783 2540 1
2375 877 2539 1
2472 1501 2548 1
1681 1474 2700 1
911 913 2494 1
1135 1546 2530 1
937 748 2483 1
1241 932 2477 1
846 848 2511 1
604 592 2445 1
2439 1038 2494 1
1361 1560 1561 1
1882 1357 2526 1
1466 2472 2548 1
1214 2392 2532 1
488 487 489 1
867 865 2489 1
1340 2436 2556 1
1910 2258 2868 1
1002 1750 2467 1
1505 2427 2566 1
1508 1510 2570 1
415 404 704 1
379 401 2524 1
615 662 2505 1
370 371 372 1
1711 2375 2539 1
1864 1272 2471 1
2273 797 2746 1
1268 2298 2678 1
1955 71 2926 1
974 867 2489 1
1930 1362 2655 1
488 489 506 1
380 381 382 1
978 744 2516 1
2509 2268 2605 1
984 816 2484 1
462 487 488 1
1660 1770 2790 1
2297 615 2505 1
1665 1888 2684 1
407 2369 2481 1
763 765 2476 1
2121 2198 2646 1
1070 1003 2467 1
2411 1894 2643 1
382 383 384 1
1352 1095 2597 1
295 1946 3021 1
1223 1717 2490 1
783 406 2481 1
2394 2442 2565 1
865 1220 2489 1
2436 1507 2556 1
1481 1483 2563 1
2618 2240 2647 1
1725 1722 2559 1
2284 261 2720 1
1196 1197 2546 1
270 359 360 1
269 197 2925 1
1239 1666 2608 1
877 879 2539 1
909 908 2448 1
792 2828 2892 1
912 909 2448 1
1171 2181 2465 1
1903 251 1916 1
404 400 2528 1
1003 1002 2467 1
2069 2068 2802 1
2438 1249 2439 1
1927 1564 2465 1
1109 1578 2576 1
408 403 2500 1
953 944 2547 1
1361 1737 2441 1
957 955 2480 1
1570 1294 2531 1
2267 1400 2558 1
117 272 2650 1
370 369 371 1
1621 1622 1623 1
2010 2006 2817 1
2595 1537 2618 1
968 2749 2769 1
2487 681 2551 1
273 62 2698 1
1552 506 2523 1
781 778 2573 1
930 1241 2565 1
1873 2740 2947 1
192 193 2727 1
899 901 2552 1
1884 2322 2909 1
970 365 2567 1
624 679 2594 1
376 876 2493 1
1117 377 2524 1
692 751 2516 1
89 324 2810 1
1268 2678 2695 1
398 1563 2500 1
1913 1472 2642 1
662 761 2505 1
157 158 2557 1
373 371 2451 1
942 1542 2547 1
2012 1354 2869 1
944 942 2547 1
1594 2726 2747 1
2031 2504 2969 1
406 407 2481 1
491 494 2491 1
2166 1367 2509 1
1560 2535 2639 1
2558 1833 2979 1
1225 1226 2564 1
2043 1607 2640 1
1549 1843 2653 1
1623 1624 1625 1
1617 2075 2670 1
1779 2323 2812 1
1317 2488 2589 1
2510 1349 2540 1
2103 2071 2767 1
1501 1503 2548 1
2083 677 2675 1
748 978 2483 1
1902 1903 1904 1
2478 627 2600 1
1924 334 2946 1
1474 1710 2714 1
1709 1268 2695 1
388 390 2504 1
2316 641 2662 1
2209 1676 2827 1
1802 1565 2851 1
1094 937 2483 1
1360 1361 2441 1
276 211 2545 1
1344 1786 2988 1
63 330 2698 1
158 265 2557 1
488 1552 2538 1
1195 1040 2501 1
2277 345 2660 1
394 399 2517 1
1803 1696 2874 1
1904 1905 1906 1
1743 1742 2736 1
570 663 2636 1
1631 1340 2556 1
901 904 2552 1
1041 1045 2501 1
1144 2161 2871 1
1521 1523 2596 1
381 378 2493 1
2594 2145 2756 1
166 167 2744 1
719 2498 2604 1
390 2426 2504 1
1529 1352 1530 1
1019 1024 2619 1
845 1106 2576 1
368 369 370 1
403 398 2500 1
2235 2691 2706 1
1040 1041 2501 1
1384 1922 1925 1
362 361 363 1
1906 1905 1907 1
1432 2208 2788 1
2442 928 2565 1
351 242 2572 1
997 1201 2898 1
961 947 2119 1
1563 396 2517 1
1525 2020 2611 1
1220 863 2568 1
928 930 2565 1
1633 1098 2536 1
463 462 2538 1
1849 1509 2490 1
378 376 2493 1
1155 2965 3010 1
2119 2082 2701 1
1775 1094 2483 1
1847 1868 2744 1
1654 1236 2667 1
1957 1956 1958 1
494 496 2541 1
1373 1375 2602 1
1405 2223 3013 1
1853 2122 2991 1
1825 2631 2939 1
184 185 2582 1
2106 2452 2784 1
228 229 2690 1
602 388 2504 1
1722 1721 2559 1
2800 259 2952 1
1074 1151 2566 1
1749 2448 2584 1
1477 1479 2585 1
989 897 2586 1
366 367 368 1
1194 2158 2588 1
2166 2509 2605 1
861 2343 2568 1
1735 1736 2575 1
1675 2106 2799 1
1043 1184 2525 1
2588 1713 2669 1
1356 1803 2860 1
386 602 2549 1
1315 1317 2589 1
2622 114 2959 1
1868 1572 2710 1
1583 1195 2501 1
348 157 2557 1
2388 2389 2680 1
2548 1592 2598 1
2301 2378 2604 1
1020 1017 2535 1
399 1059 2517 1
2301 2604 2641 1
1186 2608 2854 1
1809 1545 2657 1
672 416 2757 1
182 2550 2861 1
1904 1903 1905 1
1804 2492 3040 1
627 603 2600 1
1552 2523 2577 1
368 367 369 1
267 2078 2816 1
1045 1043 2525 1
1796 2840 2891 1
2312 452 2591 1
506 526 2523 1
1061 1194 2588 1
396 394 2517 1
314 1806 1874 1
1030 2238 2587 1
2598 1628 2642 1
1929 2478 2600 1
1745 1599 2593 1
1773 2050 2968 1
897 899 2586 1
2383 1648 3029 1
2865 1280 2900 1
377 379 2524 1
2223 1405 3051 1
962 463 2538 1
895 989 2610 1
1769 2081 2948 1
1959 1136 3045 1
362 363 364 1
2071 1581 2767 1
2051 275 2930 1
982 2440 2663 1
665 624 2594 1
2498 1740 2604 1
1132 1179 2583 1
1506 2469 2592 1
1412 1410 2629 1
2700 1474 2714 1
1056 1181 2574 1
2570 1510 2776 1
1670 2209 2847 1
60 61 2616 1
567 569 2702 1
219 281 2752 1
863 861 2568 1
939 1063 2584 1
1590 1502 2704 1
2620 2309 2811 1
1481 2563 2624 1
1271 1072 2613 1
284 66 2652 1
1081 1239 2608 1
2256 1101 2687 1
2353 1054 2599 1
1560 1112 2535 1
122 2482 2630 1
67 338 2652 1
2896 1831 2935 1
1804 1477 2585 1
2295 2294 2606 1
335 2283 2873 1
2150 1527 2644 1
364 366 529 1
1130 1159 2595 1
2220 2221 2789 1
2124 2251 2651 1
1063 1222 2584 1
2179 2423 2980 1
2577 1134 2578 1
210 276 2946 1
2576 1578 2675 1
366 365 367 1
274 2163 2911 1
2204 520 2696 1
1106 1109 2576 1
2491 494 2541 1
384 386 2549 1
283 14 2666 1
2246 1263 2789 1
364 365 366 1
303 2383 3029 1
2268 998 2605 1
2382 2101 3053 1
2153 2496 2581 1
587 1959 3045 1
1410 2527 2629 1
2448 939 2584 1
1829 1506 2592 1
1466 2548 2598 1
899 2552 2586 1
1085 921 2632 1
2634 2377 2728 1
704 404 2528 1
1813 2672 2964 1
313 52 1901 1
2160 1568 2617 1
1428 2073 2803 1
1530 1352 1531 1
1586 2218 3027 1
1542 2195 2635 1
2042 1172 3005 1
2718 358 2837 1
2367 1583 2603 1
2617 2165 2734 1
1683 1682 2819 1
121 122 2630 1
2736 1742 2916 1
1429 2411 2643 1
2378 719 2604 1
214 278 2870 1
353 2614 2615 1
1531 1352 2597 1
2457 893 2610 1
2099 269 2856 1
2126 1789 3041 1
1676 1716 2822 1
1112 1020 2535 1
313 1901 1909 1
1726 1988 2732 1
2446 874 2609 1
2401 1466 2598 1
1189 1061 2588 1
2469 1395 2592 1
2819 1682 2895 1
255 186 2883 1
178 336 2620 1
1699 2595 2618 1
66 67 2652 1
2209 2827 2836 1
2327 1815 2847 1
2687 965 2780 1
400 380 2542 1
893 895 2610 1
2583 1585 2609 1
1528 1637 2711 1
1270 1481 2624 1
2604 1740 2641 1
2706 1612 2798 1
364 363 365 1
858 1699 2618 1
296 88 2810 1
2776 1510 2838 1
1375 1554 2602 1
1359 2301 2641 1
263 113 2622 1
153 154 2614 1
1877 1525 2611 1
2435 2377 2634 1
442 464 2808 1
1227 1761 2683 1
198 2081 2925 1
2136 2137 2863 1
289 2786 2960 1
1101 950 2687 1
1996 1531 1997 1
462 488 2538 1
797 1048 2746 1
982 972 2682 1
2221 2222 3051 1
1080 1187 2682 1
2550 1811 2861 1
1694 2057 2795 1
2440 982 2682 1
2287 2576 2675 1
2879 2141 3031 1
380 382 2542 1
2282 1228 2634 1
111 112 2633 1
874 1711 2609 1
1154 384 2549 1
924 982 2644 1
1530 1531 1996 1
70 71 2967 1
1777 2099 2906 1
2607 1637 2742 1
1951 1574 2621 1
310 2290 2890 1
206 207 2866 1
154 297 2614 1
132 133 2628 1
1532 2580 2876 1
382 1154 2542 1
2446 2609 2704 1
2061 1505 2768 1
1240 2547 2635 1
1181 1384 2574 1
1553 2334 2738 1
621 2100 2877 1
783 2481 2632 1
187 2179 2883 1
1732 1724 2732 1
289 232 2786 1
2580 1532 2971 1
1298 1203 2805 1
2100 1691 2825 1
2506 1621 2645 1
1442 2353 2723 1
1748 1747 2676 1
548 508 2793 1
2505 1247 2646 1
1359 2641 2664 1
1532 1394 2971 1
1690 1826 2820 1
1716 2096 2787 1
1789 2347 3041 1
1856 2368 2951 1
1445 1219 2848 1
2528 400 2542 1
1552 2577 2579 1
1100 1633 2625 1
116 117 2650 1
1345 2421 2607 1
2320 1290 2802 1
520 518 2696 1
1556 1687 2685 1
2580 1837 2835 1
14 15 2666 1
464 474 2933 1
1641 1478 2772 1
1676 2822 2827 1
1740 1738 2641 1
2812 257 3050 1
2659 2139 3055 1
1764 1615 2937 1
2078 2571 2816 1
1826 2622 2959 1
2047 305 2712 1
1663 1088 2778 1
2433 924 2644 1
2340 421 2852 1
360 362 1000 1
1708 1359 2664 1
1844 1161 2625 1
162 163 2712 1
252 50 1917 1
1912 1911 2965 1
1288 1841 2681 1
1161 1100 2625 1
207 208 2665 1
352 132 2628 1
830 828 2648 1
1861 1862 2626 1
2308 2801 3054 1
337 2295 2859 1
1853 2991 3012 1
918 2506 2645 1
2152 2154 3007 1
1535 2623 2700 1
2850 962 2955 1
2297 2505 2646 1
326 213 2870 1
1499 2493 2699 1
2004 2010 2963 1
260 176 2811 1
1991 1990 2677 1
2547 1542 2635 1
1628 1856 2773 1
2550 331 2972 1
151 152 2637 1
2481 2425 2632 1
1621 1623 2645 1
361 359 2983 1
136 137 2656 1
921 783 2632 1
1270 2624 2667 1
562 369 2762 1
1527 2433 2644 1
375 1117 2739 1
233 346 2786 1
2609 1585 2704 1
2713 1672 2749 1
2559 1721 2689 1
2052 2507 2713 1
1014 1133 2679 1
353 153 2614 1
368 370 2770 1
952 965 2687 1
2434 2435 2634 1
1570 2531 2710 1
1173 1663 2797 1
2262 1549 2653 1
926 2269 3037 1
1415 1412 2629 1
858 2618 2647 1
2326 858 2647 1
140 141 2661 1
265 159 2740 1
257 181 2861 1
2608 1875 2854 1
750 2543 2623 1
542 543 2831 1
324 2156 2903 1
1669 1746 2717 1
1544 2150 2663 1
120 304 2814 1
426 429 2784 1
2282 2634 2728 1
2235 2706 2798 1
1715 1825 2892 1
2352 1957 3001 1
152 353 2637 1
1606 2229 2683 1
2198 2297 2646 1
2565 1241 2691 1
1384 1925 2574 1
2584 1222 2703 1
1433 2104 3037 1
290 145 2677 1
2507 1672 2713 1
1751 1573 2763 1
2096 2635 2787 1
2641 1738 2664 1
2161 2562 2815 1
1472 2401 2642 1
345 2396 2660 1
988 2108 2697 1
601 570 2636 1
367 970 2762 1
1545 1627 2657 1
2635 2195 2787 1
1362 1188 2655 1
1431 1433 3037 1
2326 2647 2662 1
1708 2664 2694 1
2091 258 2715 1
2462 1758 2891 1
2290 310 2760 1
1409 1411 2673 1
918 2645 2737 1
1917 1782 2964 1
134 135 2654 1
1750 1749 2703 1
2363 1001 2881 1
1228 2434 2634 1
2401 2598 2642 1
1562 1560 2639 1
1623 1744 2645 1
1747 2668 2676 1
786 792 2939 1
1831 1771 2981 1
2229 2458 2683 1
1626 2361 2660 1
272 118 2908 1
133 298 2628 1
1236 1270 2667 1
13 283 2893 1
145 146 2677 1
2645 1744 2737 1
1866 2088 3014 1
1634 2607 2742 1
1559 1557 2674 1
1136 693 3045 1
1353 2281 2880 1
141 312 2661 1
2156 1630 2903 1
1230 1871 3034 1
164 264 2897 1
1836 2580 2971 1
641 2326 2662 1
2308 1701 2801 1
1711 2583 2609 1
2121 2646 2741 1
243 244 2671 1
334 209 2946 1
2218 2217 2916 1
288 2215 2884 1
2360 1689 2767 1
2065 338 3048 1
2161 2815 2871 1
1133 2012 2853 1
267 151 2637 1
1855 2540 2867 1
1778 1865 2978 1
2710 2531 3017 1
1189 2588 2669 1
1648 2348 2862 1
108 302 2951 1
1747 1730 2678 1
1565 1224 2774 1
1738 1739 2664 1
2839 1829 2929 1
613 621 2877 1
916 612 2877 1
2477 1612 2706 1
343 2410 2905 1
2734 2165 2844 1
1226 2316 2676 1
161 305 2947 1
2985 2528 2986 1
2016 1382 2945 1
2668 1226 2676 1
1582 2367 2930 1
352 2242 2841 1
2206 328 2818 1
1289 1664 2750 1
2199 294 2755 1
2720 1594 2747 1
2504 2031 3011 1
2036 1661 2765 1
971 2559 2689 1
298 134 2654 1
1895 1893 2780 1
1539 1426 2868 1
1823 2639 2679 1
1590 2704 2726 1
1812 2875 2943 1
1875 1553 2854 1
2978 1879 3020 1
1687 1558 2754 1
2219 254 2736 1
1721 2229 2689 1
1641 2772 2803 1
2048 981 2758 1
75 76 306 1
1868 2710 2982 1
2394 2565 2691 1
1627 2978 3020 1
2712 163 2897 1
429 430 2858 1
2256 2687 2780 1
229 344 2690 1
330 2388 2680 1
2603 1583 2693 1
1016 1014 2679 1
1047 1350 2966 1
1984 1987 2882 1
2368 107 2951 1
305 162 2712 1
1803 2681 2860 1
115 342 2959 1
972 1080 2682 1
1575 2210 2901 1
2327 547 2850 1
1666 1665 2684 1
2491 1889 2843 1
1267 1850 2954 1
820 1949 3004 1
1425 1910 2868 1
349 358 1948 1
1710 1471 2909 1
1749 2584 2703 1
165 166 2982 1
552 553 2956 1
2678 1730 2695 1
2215 2214 2884 1
338 68 3048 1
62 63 2698 1
374 372 2739 1
2623 1681 2700 1
3012 1801 3056 1
994 2164 2649 1
2452 424 2784 1
2720 2747 2761 1
137 138 2686 1
139 140 2692 1
1252 1777 2906 1
2602 1554 2685 1
2281 1507 2864 1
2664 1739 2694 1
2875 1812 2972 1
1447 1232 2906 1
2108 1534 2771 1
2910 303 3029 1
258 191 2707 1
1717 1189 2669 1
1578 1213 2815 1
354 136 2656 1
1290 1211 2954 1
950 952 2687 1
677 2287 2675 1
2167 1850 2818 1
271 130 2841 1
1470 1884 2909 1
11 350 2998 1
1986 2408 2885 1
2870 278 3020 1
299 2097 3044 1
1554 1556 2685 1
2386 340 2901 1
1534 2171 2806 1
510 547 2836 1
1739 2309 2694 1
2810 1867 3025 1
1730 1731 2695 1
2290 2043 2890 1
1496 1949 2864 1
156 348 2886 1
1827 1437 3024 1
2122 1125 2929 1
2987 2549 2997 1
1430 2286 2941 1
318 83 2779 1
1908 2352 3001 1
1783 1634 2809 1
470 664 2796 1
2423 325 2921 1
2298 2564 2668 1
2572 243 2671 1
1897 2883 2980 1
2089 1563 2721 1
560 561 2979 1
1857 1385 2957 1
547 498 2850 1
272 2908 3015 1
135 354 2654 1
497 2431 2935 1
2725 2042 3005 1
1 2 2730 1
1727 2060 2697 1
2419 2385 2812 1
1103 1288 2681 1
2458 1227 2683 1
1588 2394 2691 1
245 246 2804 1
1602 1447 2856 1
2334 837 2738 1
2165 1569 2844 1
2562 1578 2815 1
71 72 2926 1
518 1131 2696 1
2251 1566 2651 1
1704 2374 2894 1
244 282 2671 1
1507 1339 2864 1
329 2218 2722 1
1611 1535 2700 1
1059 461 2796 1
1480 1641 2932 1
2601 1924 2792 1
262 2210 2862 1
836 926 2708 1
2468 1524 2725 1
2397 2398 2902 1
1215 1230 3034 1
1792 2282 2728 1
2172 2409 2820 1
277 139 2692 1
2564 1226 2668 1
138 277 2686 1
1637 2705 2711 1
1388 2072 2781 1
193 299 2727 1
2797 2221 3051 1
1296 1790 2785 1
896 894 2716 1
1567 2313 2731 1
1285 2514 2943 1
482 2491 2843 1
2629 1763 2772 1
588 567 2702 1
1821 1822 2942 1
1733 1784 2777 1
1756 2423 2921 1
362 364 2638 1
1634 2742 2809 1
2786 1950 2960 1
1878 2475 2931 1
1388 1996 3006 1
1587 1586 3027 1
2646 1247 2741 1
2690 344 2729 1
664 472 2843 1
2373 2047 2712 1
1907 1908 2791 1
2421 1695 2705 1
259 2032 2952 1
473 962 2850 1
266 2133 2834 1
966 996 2934 1
1611 2700 2714 1
159 160 2740 1
1394 1156 3010 1
2891 1758 2957 1
1572 1570 2710 1
1566 1854 2651 1
2639 1016 2679 1
1824 1823 2853 1
1753 1755 2960 1
1980 1079 2791 1
2489 1220 2734 1
292 2379 2823 1
1689 2533 2766 1
1716 2787 2822 1
1965 1919 2709 1
350 12 2893 1
1647 1649 2735 1
1760 1456 2745 1
1695 1343 2705 1
1343 1631 2711 1
8 294 2724 1
1229 1801 3012 1
2680 1764 2937 1
7 8 2724 1
1685 1782 2775 1
131 352 2841 1
1585 1418 2726 1
2816 2571 3028 1
2396 2395 2823 1
2599 1846 2723 1
364 529 2638 1
150 267 2816 1
9 10 2755 1
2017 321 3033 1
1222 1630 2703 1
1707 1611 2714 1
297 155 2886 1
1415 2629 2772 1
2026 2027 2973 1
2405 1733 2777 1
2966 1350 3022 1
1792 2728 2756 1
294 9 2755 1
2093 2590 2923 1
301 2065 3048 1
2705 1343 2711 1
996 995 2914 1
1630 1629 2903 1
936 2330 2742 1
2633 263 2833 1
623 587 3045 1
2597 2080 2719 1
2091 2715 2921 1
2215 2690 2729 1
2373 2712 2897 1
167 303 2744 1
1744 1995 2829 1
2422 1594 2720 1
1502 2446 2704 1
1646 1648 2862 1
293 2259 2751 1
1797 2741 2840 1
2016 2945 2970 1
1446 2765 2778 1
2514 1812 2943 1
2668 1747 2678 1
2236 918 2737 1
2921 2715 3023 1
421 415 2852 1
1241 2477 2706 1
1416 1842 2995 1
1193 1685 2733 1
1520 2489 2734 1
2025 2671 2907 1
2801 260 3054 1
2501 1045 2693 1
341 2405 2777 1
265 2111 3046 1
588 2702 2753 1
1752 1920 3004 1
2410 288 2884 1
1724 1726 2732 1
1837 1959 2835 1
309 73 2984 1
1731 1540 2899 1
2691 1241 2706 1
2277 2660 3003 1
1220 2617 2734 1
1233 2467 2999 1
2075 1393 2996 1
218 219 2752 1
358 349 2962 1
313 1909 2775 1
1583 2501 2693 1
1155 1004 3032 1
2493 876 2699 1
2377 665 2728 1
2771 1534 2806 1
1614 1684 3008 1
1781 1780 2748 1
2726 1418 2747 1
1505 2566 2768 1
1539 2260 2899 1
1959 587 3018 1
1913 2642 2773 1
1018 2619 2924 1
1795 2985 2986 1
1857 2957 2966 1
300 1 2730 1
1997 1531 2719 1
1664 2468 2725 1
83 84 2779 1
1997 1387 3006 1
1727 2697 2771 1
1520 2734 2844 1
571 601 3018 1
372 375 2739 1
2447 1731 2899 1
2728 665 2756 1
2033 1861 3049 1
1048 1175 2746 1
312 142 2923 1
2298 2668 2678 1
961 2119 2701 1
2769 2337 2782 1
1779 1708 2920 1
1672 1673 2749 1
1370 1693 2940 1
2710 264 2982 1
2389 2146 2830 1
2346 260 2801 1
416 422 2757 1
264 2710 3017 1
1418 1636 2747 1
2283 2284 2761 1
2294 293 2751 1
2895 2441 2938 1
1641 2670 2932 1
2 356 2730 1
74 75 2846 1
1000 362 2638 1
1978 2755 2998 1
1871 2722 3034 1
1247 2476 2741 1
1834 1289 2750 1
1961 1660 2790 1
1952 1953 2781 1
69 301 3048 1
2656 137 2686 1
2327 2850 2955 1
1768 2693 2913 1
2219 2736 2916 1
2581 2496 2999 1
2365 2606 2989 1
2457 2610 2896 1
2768 1767 2828 1
2697 2108 2771 1
140 2661 2692 1
328 2167 2818 1
2492 286 3040 1
2785 1790 2848 1
2423 1548 2980 1
1635 588 2753 1
2353 2599 2723 1
80 81 357 1
2517 1059 2721 1
978 2570 2776 1
2704 1585 2726 1
2088 2792 3014 1
2496 1233 2999 1
2271 1499 2819 1
2154 2774 3007 1
1558 1614 2754 1
232 233 2786 1
349 1948 2927 1
2176 1675 2799 1
1218 2178 2889 1
78 79 349 1
2504 2426 2969 1
1563 2517 2721 1
1673 2337 2769 1
2483 978 2776 1
1154 2549 2987 1
3 4 2764 1
5 6 2760 1
2757 422 2808 1
1957 1958 2743 1
2763 1847 2910 1
2919 1778 2978 1
562 2762 2949 1
1121 1460 2915 1
1573 1847 2763 1
2968 1394 3010 1
2671 282 2907 1
1000 2230 2917 1
1581 2360 2767 1
1776 2838 2842 1
1446 2591 2765 1
355 7 2724 1
2566 1767 2768 1
2040 1529 2857 1
1035 2235 2798 1
2208 835 2788 1
1088 1446 2778 1
2640 1858 3009 1
147 311 2975 1
330 2680 2937 1
2323 257 2812 1
2742 2330 2809 1
311 148 3028 1
1263 2220 2789 1
1445 2848 2936 1
88 89 2810 1
569 548 2793 1
1117 2524 3002 1
1224 1233 2774 1
2342 341 2777 1
566 2079 2950 1
2590 312 2923 1
2322 2633 2833 1
1893 2256 2780 1
2006 2008 2817 1
356 3 2764 1
370 374 2770 1
1478 1415 2772 1
1965 2709 2729 1
1728 1727 2771 1
1789 2126 3025 1
320 2367 2948 1
2782 1762 2783 1
1706 1705 2813 1
357 358 2962 1
1871 1870 2834 1
2337 1762 2782 1
424 426 2784 1
2195 799 2787 1
1833 1765 2976 1
2802 1290 3030 1
1762 2387 2783 1
2749 1673 2769 1
1946 1577 2794 1
76 77 2849 1
2131 266 2944 1
369 367 2762 1
119 120 2814 1
2210 1646 2862 1
2772 1763 2803 1
2777 1784 2974 1
2193 522 2827 1
2932 2075 2996 1
2557 265 3046 1
2085 1706 2958 1
6 355 2760 1
1383 2737 2829 1
2661 312 2717 1
1405 1173 2797 1
149 150 2816 1
2008 2007 3043 1
2271 2819 2895 1
2154 327 2851 1
1682 2441 2895 1
2681 1841 2860 1
2533 1655 2766 1
2799 429 2858 1
422 442 2808 1
1103 2681 2914 1
176 177 2811 1
1203 1440 2805 1
2679 1133 2853 1
2591 2036 2765 1
1701 1704 2801 1
282 245 2804 1
2822 2193 2827 1
2997 602 3011 1
2050 1836 2971 1
2126 296 3025 1
2992 2017 3033 1
1612 1741 2798 1
1943 1296 2785 1
1035 2798 2826 1
2660 2361 3003 1
2330 542 2809 1
665 2594 2756 1
461 470 2796 1
2571 311 3028 1
1763 1428 2803 1
360 1000 2917 1
2610 1898 2896 1
1691 1692 2825 1
1728 2771 2806 1
2714 1710 2832 1
2693 1045 2913 1
2395 292 2823 1
1440 2320 2802 1
1760 2992 3033 1
130 131 2841 1
2642 1628 2773 1
2079 822 2942 1
315 248 2824 1
1801 1870 3056 1
1850 1709 2818 1
2429 1035 2826 1
2146 1218 2830 1
2218 2916 3027 1
1444 2497 2885 1
2400 281 2974 1
2031 2064 3011 1
2065 1943 2912 1
2379 1595 2823 1
1865 1879 2978 1
1788 3000 3013 1
1531 2597 2719 1
1219 1642 2848 1
2367 2603 2948 1
310 5 2760 1
2429 2826 2845 1
1387 1388 3006 1
2827 522 2836 1
1989 1728 2806 1
1815 1670 2847 1
2669 1756 3023 1
2524 2428 3002 1
1775 2483 2776 1
4 310 2764 1
2409 1690 2820 1
2385 1779 2812 1
2381 1635 2839 1
2619 1906 2924 1
248 249 2824 1
1775 2776 2838 1
1767 2413 2828 1
2798 1741 2826 1
1201 1356 2860 1
799 2193 2822 1
1213 1579 2815 1
543 552 2831 1
2681 1803 2914 1
2081 320 2948 1
2787 799 2822 1
2408 1444 2885 1
2116 1759 2904 1
213 214 2870 1
2603 1769 2948 1
2242 2241 2887 1
1642 2569 2912 1
331 2582 2875 1
1741 1743 2826 1
12 13 2893 1
2670 2075 2932 1
1149 2898 2919 1
1718 2688 2977 1
2740 160 2947 1
1696 1698 2874 1
522 510 2836 1
1354 1992 2869 1
2024 2025 2907 1
1693 2176 2888 1
2097 1777 3044 1
1000 2638 2748 1
2840 1124 2891 1
1788 1115 3000 1
1540 1539 2899 1
2139 2136 2863 1
1460 2887 2915 1
286 2513 2953 1
1346 2988 3026 1
1149 997 2898 1
1684 2758 3008 1
1780 1346 3026 1
1729 2253 2953 1
2497 1987 2885 1
181 182 2861 1
2826 1743 2845 1
1636 1417 3042 1
2223 1788 3013 1
2756 2145 2865 1
508 495 3039 1
1853 3012 3056 1
155 156 2886 1
1761 1520 2844 1
498 473 2850 1
2540 1783 2867 1
2636 2149 2876 1
119 2814 2908 1
2965 1155 3032 1
2425 2141 2879 1
472 482 2843 1
354 2656 2813 1
325 2091 2921 1
556 2895 2938 1
1987 1986 2885 1
1369 1370 2940 1
2741 2476 2840 1
1419 2429 2845 1
2747 1636 2761 1
1627 1149 2919 1
1881 1186 2854 1
186 187 2883 1
1791 1792 2865 1
2815 1579 2871 1
430 433 2858 1
2908 1989 3015 1
2015 1353 2880 1
1346 1344 2988 1
163 164 2897 1
2476 1124 2840 1
277 2692 2759 1
2348 262 2862 1
2475 1869 2931 1
2291 335 2873 1
1776 1775 2838 1
2214 1720 2884 1
2342 2777 2974 1
1879 2870 3020 1
256 206 2866 1
1796 2891 2957 1
197 198 2925 1
2286 556 2938 1
2828 2413 2892 1
2677 146 2975 1
2122 2929 2991 1
1426 1425 2868 1
209 210 2946 1
1115 1369 3000 1
298 2654 2904 1
1642 2785 2848 1
118 119 2908 1
1823 2679 2853 1
1001 1878 2881 1
2666 2277 3003 1
1382 2085 2922 1
2349 337 2859 1
2606 2294 2989 1
2176 2858 2888 1
1339 1496 2864 1
1664 2725 3005 1
2762 1982 2949 1
347 2855 2918 1
474 820 2933 1
2217 2219 2916 1
612 613 2877 1
1998 1602 2856 1
142 143 2923 1
2398 343 2905 1
1684 1764 2889 1
1985 1984 2882 1
2858 433 2888 1
601 2835 3018 1
556 2271 2895 1
1795 1900 2985 1
1579 1757 2871 1
2717 1746 2928 1
73 74 2984 1
1785 1795 2987 1
433 2363 2888 1
415 704 2852 1
2960 1755 3038 1
2842 299 3044 1
2284 2720 2761 1
1982 1973 2949 1
1298 2805 3019 1
1812 1810 2972 1
1991 2677 2975 1
1785 2987 2997 1
1791 2865 2900 1
1993 1575 2901 1
257 2861 3050 1
1613 361 2983 1
1920 2933 3004 1
1187 1881 2977 1
2111 2003 3046 1
2549 602 2997 1
1069 1820 3047 1
277 2759 2958 1
1471 1470 2909 1
2171 272 3015 1
160 161 2947 1
1615 1839 2937 1
1635 2753 2839 1
2064 2997 3011 1
285 2397 2902 1
2579 2577 2993 1
1911 1773 2968 1
2241 1834 2887 1
2163 1770 2911 1
2582 1896 2875 1
2374 1993 2894 1
785 786 2939 1
10 11 2998 1
1962 1912 2965 1
2003 2004 2963 1
2897 264 3017 1
3000 1869 3013 1
1460 2261 2961 1
2863 1117 3002 1
2260 2447 2899 1
1124 2462 2891 1
2413 1715 2892 1
1232 1252 2906 1
1765 1855 2976 1
1792 2756 2865 1
2755 10 2998 1
1817 2327 2955 1
1770 2408 2911 1
2528 2542 2986 1
1963 1962 3031 1
1172 2062 3005 1
1629 1867 2903 1
2688 2821 2977 1
2428 672 3055 1
1746 1745 2945 1
2794 1577 2995 1
2072 1582 2930 1
601 2636 2876 1
2514 1791 2900 1
347 2544 2855 1
114 115 2959 1
107 108 2951 1
2708 926 2807 1
1085 2632 2879 1
2688 2046 2821 1
2887 1834 2915 1
2064 1785 2997 1
995 1103 2914 1
1784 2400 2974 1
1463 2457 2896 1
2632 2425 2879 1
1419 2291 3042 1
2067 2070 3019 1
1463 2896 2935 1
1900 2114 2990 1
2513 347 2918 1
2003 2963 3046 1
260 2811 3054 1
306 2849 2994 1
1764 2830 2889 1
68 69 3048 1
1820 3035 3047 1
1754 1480 2932 1
2830 1218 2889 1
2759 2085 2958 1
270 360 2917 1
553 560 2956 1
1820 2202 3035 1
1790 2466 2936 1
1141 2382 3053 1
2456 1430 2941 1
1211 1267 2954 1
2222 2223 3051 1
1385 1796 2957 1
1417 1419 3042 1
1896 1285 2943 1
1771 1941 2981 1
1717 2669 3023 1
281 2342 2974 1
2244 1760 3033 1
1758 1047 2966 1
1693 2881 2940 1
495 497 3039 1
2428 2139 3002 1
1648 1650 3029 1
1230 1853 3056 1
2743 1980 3001 1
965 966 2934 1
1777 1776 3044 1
1842 2794 2995 1
146 147 2975 1
1870 1802 2944 1
2043 2640 2890 1
321 2244 3033 1
2441 1737 2938 1
2069 2802 3030 1
1754 2932 2996 1
2253 1804 3040 1
561 572 2979 1
1950 1753 2960 1
77 78 2927 1
2657 1627 3020 1
2715 1717 3023 1
75 306 2846 1
301 70 2967 1
1045 2525 2913 1
2431 1463 2935 1
1906 1907 2924 1
2426 1141 2969 1
253 2017 2992 1
2269 1431 3037 1
1822 1824 2950 1
1840 2666 3003 1
1800 3016 3024 1
1895 2780 2934 1
264 165 2982 1
149 2816 3028 1
1869 1405 3013 1
602 2504 3011 1
148 149 3028 1
2309 2308 3054 1
1437 1800 3024 1
2432 289 3038 1
2824 2033 3049 1
1867 1789 3025 1
1707 2714 2832 1
1919 1754 2996 1
962 2579 2955 1
3031 1962 3032 1
2544 295 3021 1
2832 1710 2833 1
2969 1141 3053 1
1638 2365 2989 1
2577 2578 2993 1
2737 1744 2829 1
2991 1395 3012 1
2139 2428 3055 1
252 1917 2964 1
2849 1948 2994 1
2887 1460 2961 1
72 309 2926 1
1742 1587 3027 1
74 2846 2984 1
1857 2966 3022 1
1829 2592 2929 1
1586 1215 3034 1
2945 1745 2970 1
2626 315 3049 1
1156 1155 3010 1
693 623 3045 1
2361 1840 3003 1
1175 2227 3043 1
1395 1229 3012 1
1949 1752 3004 1
1233 2496 3007 1
2520 1761 3036 1
1085 3031 3032 1
1943 2785 2912 1
2758 981 3008 1
2496 2152 3007 1
2347 1262 3041 1
306 76 2849 1
1577 1844 2995 1
2672 252 2964 1
2806 2171 3015 1
1783 2831 2867 1
1004 1085 3032 1
2957 1758 2966 1
587 571 3018 1
2451 562 3052 1
2467 1750 2999 1
1861 2626 3049 1
2848 1790 2936 1
2780 965 2934 1
2531 2373 3017 1
2085 2759 2922 1
1745 2593 2970 1
2554 1857 3022 1
1811 2419 3050 1
276 2545 3014 1
2692 2661 2928 1
1708 2694 2920 1
79 80 2962 1
286 2953 3040 1
356 2640 3009 1
2855 2544 3021 1
2794 2855 3021 1
2176 2799 2858 1
2542 1154 2986 1
2844 1569 3036 1
704 2528 2985 1
704 2985 2990 1
2661 2717 2928 1
2592 1395 2991 1
2873 1636 3042 1
2545 1866 3014 1
1996 1997 3006 1
1756 2921 3023 1
1834 2750 2915 1
2759 2692 2928 1
2794 1842 2855 1
2918 1729 2953 1
2821 1187 2977 1
2626 1862 2973 1
2764 310 2890 1
2831 552 2867 1
2242 2887 2961 1
1405 2797 3051 1
2294 2751 2989 1
1650 2763 2910 1
1946 2794 3021 1
2686 277 2958 1
2985 1900 2990 1
562 2949 3052 1
2929 2592 2991 1
2751 1638 2989 1
2846 1937 2984 1
672 2659 3055 1
278 2657 3020 1
2785 1642 2912 1
2916 1742 3027 1
2834 1870 2944 1
1369 2931 3000 1
1911 2968 3010 1
266 2834 2944 1
1957 2743 3001 1
2849 77 2927 1
1760 2745 2992 1
2805 2067 3019 1
318 2718 2837 1
2730 356 3009 1
2953 2253 3040 1
2835 1959 3018 1
78 349 2927 1
2754 1614 3008 1
2875 1896 2943 1
2774 1233 3007 1
2811 2309 3054 1
2922 1746 2945 1
2881 1878 2940 1
80 357 2962 1
1627 2919 2978 1
1855 2956 2976 1
349 79 2962 1
315 2824 3049 1
2792 276 3014 1
1382 2922 2945 1
2513 2918 2953 1
289 2960 3038 1
1948 2849 2927 1
331 2875 2972 1
1989 2806 3015 1
2852 704 2990 1
497 2981 3039 1
1962 2965 3032 1
1776 2842 3044 1
2139 2863 3002 1
2373 2897 3017 1
2861 1811 3050 1
2933 820 3004 1
1761 2844 3036 1
1085 2879 3031 1
2956 560 2976 1
2291 2873 3042 1
2931 1869 3000 1
1650 2910 3029 1
2986 1154 2987 1
1795 2986 2987 1
2981 1941 3039 1

End
