MeshVersionFormatted 2
Dimension 3

Vertices
2955
-2.6563677847865258e-01 5.3937740859454075e-05 0.0000000000000000e+00 1
-2.5777879269853249e-01 -4.3141733675501823e-03 0.0000000000000000e+00 1
-2.4966122577662359e-01 -8.9856423796430968e-03 0.0000000000000000e+00 1
-2.4129273202698198e-01 -1.3946670483454916e-02 0.0000000000000000e+00 1
-2.3268196576366379e-01 -1.9183458867021309e-02 0.0000000000000000e+00 1
-2.2383758130072490e-01 -2.4682208718377931e-02 0.0000000000000000e+00 1
-2.1476823295222147e-01 -3.0429121225560386e-02 0.0000000000000000e+00 1
-2.0548257503220951e-01 -3.6410397576604366e-02 0.0000000000000000e+00 1
-1.9598926185474513e-01 -4.2612238959545475e-02 0.0000000000000000e+00 1
-1.8629694773388433e-01 -4.9020846562419403e-02 0.0000000000000000e+00 1
-1.7641428698368317e-01 -5.5622421573261770e-02 0.0000000000000000e+00 1
-1.6634993391819769e-01 -6.2403165180108223e-02 0.0000000000000000e+00 1
-1.5611254285148396e-01 -6.9349278570994405e-02 0.0000000000000000e+00 1
-1.4571076809759809e-01 -7.6446962933955975e-02 0.0000000000000000e+00 1
-1.3515326397059599e-01 -8.3682419457028534e-02 0.0000000000000000e+00 1
-1.2444868478453380e-01 -9.1041849328247798e-02 0.0000000000000000e+00 1
-1.1360568485346761e-01 -9.8511453735649401e-02 0.0000000000000000e+00 1
-1.0263291849145340e-01 -1.0607743386726895e-01 0.0000000000000000e+00 1
-9.1539040012547229e-02 -1.1372599091114208e-01 0.0000000000000000e+00 1
-8.0332703730805158e-02 -1.2144332605530447e-01 0.0000000000000000e+00 1
-6.9022563960283279e-02 -1.2921564048779180e-01 0.0000000000000000e+00 1
-5.7617275015037578e-02 -1.3702913539663966e-01 0.0000000000000000e+00 1
-4.6125491209124146e-02 -1.4487001196988372e-01 0.0000000000000000e+00 1
-3.4555866856599032e-02 -1.5272447139555961e-01 0.0000000000000000e+00 1
-2.2917056271518271e-02 -1.6057871486170297e-01 0.0000000000000000e+00 1
-1.1217713767937940e-02 -1.6841894355634948e-01 0.0000000000000000e+00 1
5.3350634008593467e-04 -1.7623135866753478e-01 0.0000000000000000e+00 1
1.2327949738497310e-02 -1.8400216138329448e-01 0.0000000000000000e+00 1
2.4156962113240102e-02 -1.9171755289166426e-01 0.0000000000000000e+00 1
3.6011889150258283e-02 -1.9936373438067975e-01 0.0000000000000000e+00 1
4.7884076535495770e-02 -2.0692690703837660e-01 0.0000000000000000e+00 1
5.9764869954896563e-02 -2.1439327205279049e-01 0.0000000000000000e+00 1
7.1645615094404577e-02 -2.2174903061195697e-01 0.0000000000000000e+00 1
8.3517657639963758e-02 -2.2898038390391182e-01 0.0000000000000000e+00 1
9.5372343277518076e-02 -2.3607353311669052e-01 0.0000000000000000e+00 1
1.0720101769301145e-01 -2.4301467943832891e-01 0.0000000000000000e+00 1
1.1899502657238785e-01 -2.4979002405686249e-01 0.0000000000000000e+00 1
1.3074571560159121e-01 -2.5638576816032693e-01 0.0000000000000000e+00 1
1.4244443046656552e-01 -2.6278811293675797e-01 0.0000000000000000e+00 1
1.5408251685325469e-01 -2.6898325957419117e-01 0.0000000000000000e+00 1
1.6565132044760261e-01 -2.7495740926066209e-01 0.0000000000000000e+00 1
1.7714218693555339e-01 -2.8069676318420661e-01 0.0000000000000000e+00 1
1.8854646200305086e-01 -2.8618752253286017e-01 0.0000000000000000e+00 1
1.9985549133603892e-01 -2.9141588849465849e-01 0.0000000000000000e+00 1
2.1106062062046166e-01 -2.9636806225763723e-01 0.0000000000000000e+00 1
2.2215319554226293e-01 -3.0103024500983194e-01 0.0000000000000000e+00 1
2.3312456178738677e-01 -3.0538863793927845e-01 0.0000000000000000e+00 1
2.4396606504177698e-01 -3.0942944223401231e-01 0.0000000000000000e+00 1
2.5466905099137765e-01 -3.1313885908206907e-01 0.0000000000000000e+00 1
2.6522486532213269e-01 -3.1650308967148449e-01 0.0000000000000000e+00 1
2.7562485371998596e-01 -3.1950833519029426e-01 0.0000000000000000e+00 1
2.8586036187088154e-01 -3.2214079682653390e-01 0.0000000000000000e+00 1
2.9592273546076325e-01 -3.2438667576823915e-01 0.0000000000000000e+00 1
3.0580332017557516e-01 -3.2623217320344555e-01 0.0000000000000000e+00 1
3.1549346170126119e-01 -3.2766349032018888e-01 0.0000000000000000e+00 1
3.2498450572376525e-01 -3.2866682830650468e-01 0.0000000000000000e+00 1
3.3426779792903127e-01 -3.2922838835042861e-01 0.0000000000000000e+00 1
3.4333468400300327e-01 -3.2933437163999640e-01 0.0000000000000000e+00 1
3.5217650963162517e-01 -3.2897097936324354e-01 0.0000000000000000e+00 1
3.6078462050084087e-01 -3.2812441270820591e-01 0.0000000000000000e+00 1
3.6915036229659437e-01 -3.2678087286291896e-01 0.0000000000000000e+00 1
3.7726508070482967e-01 -3.2492656101541839e-01 0.0000000000000000e+00 1
3.8512012141149060e-01 -3.2254767835373982e-01 0.0000000000000000e+00 1
3.9270683010252116e-01 -3.1963042606591896e-01 0.0000000000000000e+00 1
4.0001655246386530e-01 -3.1616100533999142e-01 0.0000000000000000e+00 1
4.0604820839720185e-01 -3.1253358966216588e-01 0.0000000000000000e+00 1
4.1123955984439209e-01 -3.0842094697635219e-01 0.0000000000000000e+00 1
4.1561365925230631e-01 -3.0383967368359172e-01 0.0000000000000000e+00 1
4.1919355906781525e-01 -2.9880636618492573e-01 0.0000000000000000e+00 1
4.2200231173778963e-01 -2.9333762088139592e-01 0.0000000000000000e+00 1
4.2406296970910029e-01 -2.8745003417404374e-01 0.0000000000000000e+00 1
4.2539858542861775e-01 -2.8116020246391055e-01 0.0000000000000000e+00 1
4.2603221134321245e-01 -2.7448472215203773e-01 0.0000000000000000e+00 1
4.2598689989975536e-01 -2.6744018963946681e-01 0.0000000000000000e+00 1
4.2528570354511713e-01 -2.6004320132723940e-01 0.0000000000000000e+00 1
4.2395167472616846e-01 -2.5231035361639681e-01 0.0000000000000000e+00 1
4.2200786588977990e-01 -2.4425824290798034e-01 0.0000000000000000e+00 1
4.1947732948282201e-01 -2.3590346560303163e-01 0.0000000000000000e+00 1
4.1638311795216587e-01 -2.2726261810259216e-01 0.0000000000000000e+00 1
4.1274828374468175e-01 -2.1835229680770332e-01 0.0000000000000000e+00 1
4.0859587930724051e-01 -2.0918909811940647e-01 0.0000000000000000e+00 1
4.0394895708671258e-01 -1.9978961843874310e-01 0.0000000000000000e+00 1
3.9883056952996909e-01 -1.9017045416675482e-01 0.0000000000000000e+00 1
3.9326376908388050e-01 -1.8034820170448301e-01 0.0000000000000000e+00 1
3.8727160819531714e-01 -1.7033945745296894e-01 0.0000000000000000e+00 1
3.8087713931114997e-01 -1.6016081781325425e-01 0.0000000000000000e+00 1
3.7410341487824994e-01 -1.4982887918638044e-01 0.0000000000000000e+00 1
3.6697348734348739e-01 -1.3936023797338881e-01 0.0000000000000000e+00 1
3.5951040915373284e-01 -1.2877149057532083e-01 0.0000000000000000e+00 1
3.5173723275585722e-01 -1.1807923339321794e-01 0.0000000000000000e+00 1
3.4367701059673128e-01 -1.0730006282812174e-01 0.0000000000000000e+00 1
3.3535279512322563e-01 -9.6450575281073619e-02 0.0000000000000000e+00 1
3.2678763878221057e-01 -8.5547367153114895e-02 0.0000000000000000e+00 1
3.1800459402055725e-01 -7.4607034845287107e-02 0.0000000000000000e+00 1
3.0902671328513620e-01 -6.3646174758631796e-02 0.0000000000000000e+00 1
2.9987704902281798e-01 -5.2681383294190344e-02 0.0000000000000000e+00 1
2.9057865368047325e-01 -4.1729256853004083e-02 0.0000000000000000e+00 1
2.8115457970497276e-01 -3.0806391836114604e-02 0.0000000000000000e+00 1
2.7162787954318734e-01 -1.9929384644563390e-02 0.0000000000000000e+00 1
2.6202160564198751e-01 -9.1148316793918452e-03 0.0000000000000000e+00 1
2.5235881044824382e-01 1.6206706583586847e-03 0.0000000000000000e+00 1
2.4266254640882706e-01 1.2260525967646624e-02 0.0000000000000000e+00 1
2.3295586597060791e-01 2.2788137847430515e-02 0.0000000000000000e+00 1
2.2326182158045710e-01 3.3186909896668934e-02 0.0000000000000000e+00 1
2.1360346568524508e-01 4.3440245714320508e-02 0.0000000000000000e+00 1
2.0400385073184280e-01 5.3531548899343723e-02 0.0000000000000000e+00 1
1.9448602916712077e-01 6.3444223050697052e-02 0.0000000000000000e+00 1
1.8507305343794972e-01 7.3161671767339120e-02 0.0000000000000000e+00 1
1.7578797599120022e-01 8.2667298648228499e-02 0.0000000000000000e+00 1
1.6665384927374305e-01 9.1944507292323757e-02 0.0000000000000000e+00 1
1.5769372573244883e-01 1.0097670129858327e-01 0.0000000000000000e+00 1
1.4893065781418829e-01 1.0974728426596575e-01 0.0000000000000000e+00 1
1.4038769796583200e-01 1.1823965979342976e-01 0.0000000000000000e+00 1
1.3208789863425069e-01 1.2643723147993380e-01 0.0000000000000000e+00 1
1.2405431226631507e-01 1.3432340292443631e-01 0.0000000000000000e+00 1
1.1630999130889579e-01 1.4188157772589599e-01 0.0000000000000000e+00 1
1.0887798820886342e-01 1.4909515948327137e-01 0.0000000000000000e+00 1
1.0178135541308873e-01 1.5594755179552094e-01 0.0000000000000000e+00 1
9.5043145368442397e-02 1.6242215826160325e-01 0.0000000000000000e+00 1
8.8686410521795087e-02 1.6850238248047689e-01 0.0000000000000000e+00 1
8.2734203320017422e-02 1.7417162805110042e-01 0.0000000000000000e+00 1
7.7209576209980105e-02 1.7941329857243235e-01 0.0000000000000000e+00 1
7.3217724222525440e-02 1.8298757118890033e-01 0.0000000000000000e+00 1
6.8814568347005847e-02 1.8654792699435591e-01 0.0000000000000000e+00 1
6.4019913700993511e-02 1.9008907851440965e-01 0.0000000000000000e+00 1
5.8853565402060451e-02 1.9360573827467217e-01 0.0000000000000000e+00 1
5.3335328567778825e-02 1.9709261880075407e-01 0.0000000000000000e+00 1
4.7485008315720764e-02 2.0054443261826599e-01 0.0000000000000000e+00 1
4.1322409763458468e-02 2.0395589225281860e-01 0.0000000000000000e+00 1
3.4867338028564024e-02 2.0732171023002244e-01 0.0000000000000000e+00 1
2.8139598228609480e-02 2.1063659907548815e-01 0.0000000000000000e+00 1
2.1158995481167051e-02 2.1389527131482630e-01 0.0000000000000000e+00 1
1.3945334903808865e-02 2.1709243947364759e-01 0.0000000000000000e+00 1
6.5184216141070256e-03 2.2022281607756258e-01 0.0000000000000000e+00 1
-1.1019392703663089e-03 2.2328111365218192e-01 0.0000000000000000e+00 1
-8.8959426320390778e-03 2.2626204472311615e-01 0.0000000000000000e+00 1
-1.6843783353339054e-02 2.2916032181597604e-01 0.0000000000000000e+00 1
-2.4925656316694182e-02 2.3197065745637205e-01 0.0000000000000000e+00 1
-3.3121756404532299e-02 2.3468776416991491e-01 0.0000000000000000e+00 1
-4.1412278499281280e-02 2.3730635448221518e-01 0.0000000000000000e+00 1
-4.9777417483369044e-02 2.3982114091888335e-01 0.0000000000000000e+00 1
-5.8197368239223377e-02 2.4222683600553027e-01 0.0000000000000000e+00 1
-6.6652325649272218e-02 2.4451815226776644e-01 0.0000000000000000e+00 1
-7.5122484595943423e-02 2.4668980223120249e-01 0.0000000000000000e+00 1
-8.3588039961664834e-02 2.4873649842144899e-01 0.0000000000000000e+00 1
-9.2029186628864362e-02 2.5065295336411664e-01 0.0000000000000000e+00 1
-1.0042611947996981e-01 2.5243387958481600e-01 0.0000000000000000e+00 1
-1.0875903339740914e-01 2.5407398960915772e-01 0.0000000000000000e+00 1
-1.1700812326361018e-01 2.5556799596275237e-01 0.0000000000000000e+00 1
-1.2515358396100079e-01 2.5691061117121061e-01 0.0000000000000000e+00 1
-1.3317561037200887e-01 2.5809654776014301e-01 0.0000000000000000e+00 1
-1.4105439737906222e-01 2.5912051825516025e-01 0.0000000000000000e+00 1
-1.4877013986458884e-01 2.5997723518187293e-01 0.0000000000000000e+00 1
-1.5630303271101650e-01 2.6066141106589164e-01 0.0000000000000000e+00 1
-1.6363327080077311e-01 2.6116775843282697e-01 0.0000000000000000e+00 1
-1.7074104901628648e-01 2.6149098980828955e-01 0.0000000000000000e+00 1
-1.7760656223998456e-01 2.6162581771789006e-01 0.0000000000000000e+00 1
-1.8421000535429519e-01 2.6156695468723906e-01 0.0000000000000000e+00 1
-1.9053157324164621e-01 2.6130911324194711e-01 0.0000000000000000e+00 1
-1.9655146078446556e-01 2.6084700590762500e-01 0.0000000000000000e+00 1
-2.0224986286518110e-01 2.6017534520988317e-01 0.0000000000000000e+00 1
-2.0760697436622061e-01 2.5928884367433230e-01 0.0000000000000000e+00 1
-2.1210299931164012e-01 2.5822261161926530e-01 0.0000000000000000e+00 1
-2.1674853205752059e-01 2.5673448276689925e-01 0.0000000000000000e+00 1
-2.2152863613810331e-01 2.5484358115716066e-01 0.0000000000000000e+00 1
-2.2642837508762981e-01 2.5256903082997606e-01 0.0000000000000000e+00 1
-2.3143281244034142e-01 2.4992995582527197e-01 0.0000000000000000e+00 1
-2.3652701173047941e-01 2.4694548018297452e-01 0.0000000000000000e+00 1
-2.4169603649228544e-01 2.4363472794301055e-01 0.0000000000000000e+00 1
-2.4692495026000066e-01 2.4001682314530634e-01 0.0000000000000000e+00 1
-2.5219881656786663e-01 2.3611088982978834e-01 0.0000000000000000e+00 1
-2.5750269895012468e-01 2.3193605203638307e-01 0.0000000000000000e+00 1
-2.6282166094101622e-01 2.2751143380501698e-01 0.0000000000000000e+00 1
-2.6814076607478265e-01 2.2285615917561649e-01 0.0000000000000000e+00 1
-2.7344507788566536e-01 2.1798935218810817e-01 0.0000000000000000e+00 1
-2.7871965990790576e-01 2.1293013688241838e-01 0.0000000000000000e+00 1
-2.8394957567574525e-01 2.0769763729847354e-01 0.0000000000000000e+00 1
-2.8911988872342526e-01 2.0231097747620033e-01 0.0000000000000000e+00 1
-2.9421566258518705e-01 1.9678928145552493e-01 0.0000000000000000e+00 1
-2.9922196079527219e-01 1.9115167327637403e-01 0.0000000000000000e+00 1
-3.0412384688792199e-01 1.8541727697867394e-01 0.0000000000000000e+00 1
-3.0890638439737789e-01 1.7960521660235121e-01 0.0000000000000000e+00 1
-3.1355463685788121e-01 1.7373461618733230e-01 0.0000000000000000e+00 1
-3.1805366780367345e-01 1.6782459977354358e-01 0.0000000000000000e+00 1
-3.2238854076899592e-01 1.6189429140091161e-01 0.0000000000000000e+00 1
-3.2654431928809008e-01 1.5596281510936283e-01 0.0000000000000000e+00 1
-3.3050606689519729e-01 1.5004929493882369e-01 0.0000000000000000e+00 1
-3.3425884712455900e-01 1.4417285492922066e-01 0.0000000000000000e+00 1
-3.3778772351041647e-01 1.3835261912048019e-01 0.0000000000000000e+00 1
-3.4107775958701131e-01 1.3260771155252876e-01 0.0000000000000000e+00 1
-3.4411401888858478e-01 1.2695725626529278e-01 0.0000000000000000e+00 1
-3.4688156494937833e-01 1.2142037729869878e-01 0.0000000000000000e+00 1
-3.4936546130363327e-01 1.1601619869267321e-01 0.0000000000000000e+00 1
-3.5155077148559105e-01 1.1076384448714249e-01 0.0000000000000000e+00 1
-3.5342255902949321e-01 1.0568243872203312e-01 0.0000000000000000e+00 1
-3.5496588746958085e-01 1.0079110543727157e-01 0.0000000000000000e+00 1
-3.5616582034009564e-01 9.6108968672784262e-02 0.0000000000000000e+00 1
-3.5665515372491563e-01 9.2500612073025457e-02 0.0000000000000000e+00 1
-3.5655952936457713e-01 8.8773885883493470e-02 0.0000000000000000e+00 1
-3.5591367516516559e-01 8.4943463035221434e-02 0.0000000000000000e+00 1
-3.5475231903276594e-01 8.1024016459242537e-02 0.0000000000000000e+00 1
-3.5311018887346340e-01 7.7030219086589885e-02 0.0000000000000000e+00 1
-3.5102201259334298e-01 7.2976743848296596e-02 0.0000000000000000e+00 1
-3.4852251809848989e-01 6.8878263675395873e-02 0.0000000000000000e+00 1
-3.4564643329498929e-01 6.4749451498920849e-02 0.0000000000000000e+00 1
-3.4242848608892623e-01 6.0604980249904648e-02 0.0000000000000000e+00 1
-3.3890340438638578e-01 5.6459522859380433e-02 0.0000000000000000e+00 1
-3.3510591609345308e-01 5.2327752258381335e-02 0.0000000000000000e+00 1
-3.3107074911621343e-01 4.8224341377940509e-02 0.0000000000000000e+00 1
-3.2683263136075180e-01 4.4163963149091101e-02 0.0000000000000000e+00 1
-3.2242629073315332e-01 4.0161290502866251e-02 0.0000000000000000e+00 1
-3.1788645513950309e-01 3.6230996370299105e-02 0.0000000000000000e+00 1
-3.1324785248588632e-01 3.2387753682422832e-02 0.0000000000000000e+00 1
-3.0854521067838808e-01 2.8646235370270542e-02 0.0000000000000000e+00 1
-3.0381325762309358e-01 2.5021114364875384e-02 0.0000000000000000e+00 1
-2.9908672122608776e-01 2.1527063597270517e-02 0.0000000000000000e+00 1
-2.9440032939345590e-01 1.8178755998489098e-02 0.0000000000000000e+00 1
-2.8978881003128304e-01 1.4990864499564254e-02 0.0000000000000000e+00 1
-2.8528689104565436e-01 1.1978062031529124e-02 0.0000000000000000e+00 1
-2.8092930034265495e-01 9.1550215254168690e-03 0.0000000000000000e+00 1
-2.7675076582836994e-01 6.5364159122606319e-03 0.0000000000000000e+00 1
-2.7278601540888447e-01 4.1369181230935595e-03 0.0000000000000000e+00 1
-2.6906977699028362e-01 1.9712010889487847e-03 0.0000000000000000e+00 1
5.8159079182967754e-02 1.8749850509796395e-01 0.0000000000000000e+00 1
-2.6528569100415694e-01 4.3185596551871047e-03 0.0000000000000000e+00 1
-2.6703954360491722e-01 2.1582515609033637e-01 0.0000000000000000e+00 1
8.5652220017510411e-03 2.1218530397148413e-01 0.0000000000000000e+00 1
-1.4432195901967088e-01 2.5314705395274367e-01 0.0000000000000000e+00 1
9.2969576528712600e-02 1.5352059112632516e-01 0.0000000000000000e+00 1
-3.0202157010598513e-01 1.7848644359605115e-01 0.0000000000000000e+00 1
-4.7302347294500467e-02 2.3154597469716298e-01 0.0000000000000000e+00 1
-9.7579113558138822e-02 2.4480938392593224e-01 0.0000000000000000e+00 1
-2.8938033736891600e-01 2.0511146829017845e-02 0.0000000000000000e+00 1
-2.3325295279160732e-01 -9.5005371308180698e-03 0.0000000000000000e+00 1
-2.2682607238252339e-01 2.4731133961012475e-01 0.0000000000000000e+00 1
-1.5618677823316438e-01 -5.6972599765274821e-02 0.0000000000000000e+00 1
-1.0173357179028593e-01 -9.2810869605079852e-02 0.0000000000000000e+00 1
1.2839799672054725e-01 1.1480174626204089e-01 0.0000000000000000e+00 1
-3.2705194859807846e-01 1.4368049233870869e-01 0.0000000000000000e+00 1
-3.1224806629240581e-01 3.8315348478874342e-02 0.0000000000000000e+00 1
-4.5195536044748491e-02 -1.3095441400949276e-01 0.0000000000000000e+00 1
1.7227456851611725e-01 7.0192456539089690e-02 0.0000000000000000e+00 1
-1.8717876244202422e-01 2.5641421967239680e-01 0.0000000000000000e+00 1
2.6229770637188222e-02 -1.8015234949245851e-01 0.0000000000000000e+00 1
-3.3334047197235395e-01 5.7635904004803819e-02 0.0000000000000000e+00 1
8.3824735285949761e-02 -2.1511512699442001e-01 0.0000000000000000e+00 1
2.1814565374764389e-01 1.7424574862321178e-02 0.0000000000000000e+00 1
-1.9543465122115108e-01 -3.1396536403869406e-02 0.0000000000000000e+00 1
1.4283294729688481e-01 -2.4865467731173405e-01 0.0000000000000000e+00 1
1.9869099512704166e-01 -2.7908973224859329e-01 0.0000000000000000e+00 1
2.6692842028171099e-01 -3.5255429069841089e-02 0.0000000000000000e+00 1
2.5169479209625700e-01 -3.0336844814038721e-01 0.0000000000000000e+00 1
3.1373590246650429e-01 -8.7025166806871904e-02 0.0000000000000000e+00 1
3.0244090846691413e-01 -3.1686162980329768e-01 0.0000000000000000e+00 1
-3.4364744248728696e-01 1.1633874288350231e-01 0.0000000000000000e+00 1
3.5434943089985538e-01 -1.4001112173013408e-01 0.0000000000000000e+00 1
3.4744666310871075e-01 -3.2206656004377637e-01 0.0000000000000000e+00 1
3.8234868731655891e-01 -1.8071316935354456e-01 0.0000000000000000e+00 1
4.0740084191529313e-01 -2.2575890811979690e-01 0.0000000000000000e+00 1
3.4815576320630204e-02 1.9981172355285848e-01 0.0000000000000000e+00 1
-3.5168544981698541e-01 8.4116875541123945e-02 0.0000000000000000e+00 1
4.2022302264689504e-01 -2.7189879415251467e-01 0.0000000000000000e+00 1
-2.4616964538544273e-01 2.3350102503140327e-01 0.0000000000000000e+00 1
3.8717477872167910e-01 -3.1479351046479204e-01 0.0000000000000000e+00 1
7.6105242231287812e-02 1.7271708587192858e-01 0.0000000000000000e+00 1
-2.0915297137781921e-01 2.5451977721752256e-01 0.0000000000000000e+00 1
-1.0547059338927627e-02 -1.5429917319163344e-01 0.0000000000000000e+00 1
-7.2932610058118671e-02 2.3754663868561895e-01 0.0000000000000000e+00 1
-1.5890891140616672e-02 2.2159999444192494e-01 0.0000000000000000e+00 1
-1.2233171792163317e-01 2.4938514612089005e-01 0.0000000000000000e+00 1
-3.1545310940723015e-01 1.6141133875508337e-01 0.0000000000000000e+00 1
-2.8191349820600564e-01 2.0075082593712176e-01 0.0000000000000000e+00 1
-1.6839526751405681e-01 2.5547595473359969e-01 0.0000000000000000e+00 1
-2.7666631808022013e-01 1.1387868149929899e-02 0.0000000000000000e+00 1
4.1340624476121685e-01 -2.9830641900691474e-01 0.0000000000000000e+00 1
-3.5020886956711128e-01 1.0171208806095290e-01 0.0000000000000000e+00 1
-3.4359099192556597e-01 6.9247379664718001e-02 0.0000000000000000e+00 1
4.1666895345537069e-01 -2.4972032162890981e-01 0.0000000000000000e+00 1
-2.1435803935863618e-01 -1.9531235612750424e-02 0.0000000000000000e+00 1
-2.5028662797809703e-01 4.2157395263404096e-05 0.0000000000000000e+00 1
1.0693238691316871e-01 1.3942232818371561e-01 0.0000000000000000e+00 1
-1.7605100561866663e-01 -4.4219289496373770e-02 0.0000000000000000e+00 1
-1.3430865945445702e-01 -7.1008938122248774e-02 0.0000000000000000e+00 1
1.4613888865748775e-01 9.8142245798459968e-02 0.0000000000000000e+00 1
-7.9609336378098985e-02 -1.0822289694904368e-01 0.0000000000000000e+00 1
1.9171671081218866e-01 5.0505482381936022e-02 0.0000000000000000e+00 1
2.3875709325662459e-01 -2.2391211682820547e-03 0.0000000000000000e+00 1
4.8490025165273676e-02 -1.9290735436053449e-01 0.0000000000000000e+00 1
2.9461161466957914e-01 -6.5433921712703569e-02 0.0000000000000000e+00 1
-2.9843478016782826e-01 2.7219038289087227e-02 0.0000000000000000e+00 1
3.3942481026251803e-01 -1.1896629615158051e-01 0.0000000000000000e+00 1
1.1893973747323949e-01 -2.3644690348361228e-01 0.0000000000000000e+00 1
3.6796196406093051e-01 -1.6006680428984937e-01 0.0000000000000000e+00 1
-3.1277639264430716e-02 2.2642610194929591e-01 0.0000000000000000e+00 1
1.7681013369648352e-01 -2.6745860547127270e-01 0.0000000000000000e+00 1
-2.9192782897061853e-01 1.9070906618598435e-01 0.0000000000000000e+00 1
2.1049859498374270e-02 2.0706740802402870e-01 0.0000000000000000e+00 1
2.1957692268035658e-01 -2.9036803718447407e-01 0.0000000000000000e+00 1
-2.5644851350087572e-01 2.2524142215870638e-01 0.0000000000000000e+00 1
-3.3383878314026794e-01 1.3335696572949066e-01 0.0000000000000000e+00 1
3.9216407953393767e-01 -1.9861075637008402e-01 0.0000000000000000e+00 1
-3.2118739944990743e-01 4.5951818997879319e-02 0.0000000000000000e+00 1
2.7332297713046466e-01 -3.0878909772511842e-01 0.0000000000000000e+00 1
4.7218726223546975e-02 1.9373533525349029e-01 0.0000000000000000e+00 1
-2.3629905592394043e-01 2.4089904225921405e-01 0.0000000000000000e+00 1
3.2125546349870898e-01 -3.1926027816635127e-01 0.0000000000000000e+00 1
-1.9883459246197924e-01 2.5570861550736973e-01 0.0000000000000000e+00 1
3.6400425976774187e-01 -3.2073748913807559e-01 0.0000000000000000e+00 1
-3.5277788928187526e-01 9.4177491471879302e-02 0.0000000000000000e+00 1
3.9998365060882646e-01 -3.0927787867746481e-01 0.0000000000000000e+00 1
6.7918460455168486e-02 1.8006413017345005e-01 0.0000000000000000e+00 1
-2.1716275154979059e-01 2.5199270189912731e-01 0.0000000000000000e+00 1
-3.4855452069852411e-01 7.6887675704583491e-02 0.0000000000000000e+00 1
4.1984932795213759e-01 -2.8282012056177469e-01 0.0000000000000000e+00 1
-2.5652220787076346e-01 3.8544792732971536e-03 0.0000000000000000e+00 1
-2.5058445092302628e-01 7.7650050934439021e-03 0.0000000000000000e+00 1
-2.5778581065897488e-01 1.0885128738131638e-02 0.0000000000000000e+00 1
-2.5068820301035105e-01 1.5087400994900477e-02 0.0000000000000000e+00 1
-2.5717191617370178e-01 1.8662331259420822e-02 0.0000000000000000e+00 1
-2.5092034060298157e-01 2.2428595373979222e-02 0.0000000000000000e+00 1
-2.5713857263288664e-01 2.6054359222505260e-02 0.0000000000000000e+00 1
-2.5100856826861279e-01 2.9781384475048633e-02 0.0000000000000000e+00 1
-2.5863969591030522e-01 3.3689618798436280e-02 0.0000000000000000e+00 1
-2.5116323247495498e-01 3.7162230883356046e-02 0.0000000000000000e+00 1
-2.5789253963126824e-01 4.1172150896007932e-02 0.0000000000000000e+00 1
-2.5112462416644260e-01 4.4507356172373121e-02 0.0000000000000000e+00 1
-2.5760724512443911e-01 4.8232402265232011e-02 0.0000000000000000e+00 1
-2.5111706447042559e-01 5.1784598103183498e-02 0.0000000000000000e+00 1
-2.4464111939845062e-01 4.8139433517638310e-02 0.0000000000000000e+00 1
-2.4469812245499528e-01 5.5581685721435313e-02 0.0000000000000000e+00 1
-2.3810982013035431e-01 5.1891906837602926e-02 0.0000000000000000e+00 1
-2.3817022470677154e-01 5.9565802475000935e-02 0.0000000000000000e+00 1
-2.3141698169945060e-01 5.5753030649574625e-02 0.0000000000000000e+00 1
-2.3149054042218317e-01 6.3602113522968920e-02 0.0000000000000000e+00 1
-2.2465082349345400e-01 5.9845735127229328e-02 0.0000000000000000e+00 1
-2.2465419459219649e-01 6.7754116650326837e-02 0.0000000000000000e+00 1
-2.1763363411273345e-01 6.3753332677585900e-02 0.0000000000000000e+00 1
-2.1768873732972549e-01 7.1895654318507682e-02 0.0000000000000000e+00 1
-2.1064933943238628e-01 6.8046350389391594e-02 0.0000000000000000e+00 1
-2.1064243247374129e-01 7.6125361694348970e-02 0.0000000000000000e+00 1
-2.0350644300111004e-01 7.2164357214248062e-02 0.0000000000000000e+00 1
-2.0354612983134857e-01 8.0337982126820529e-02 0.0000000000000000e+00 1
-1.9635946838257795e-01 7.6320260749173405e-02 0.0000000000000000e+00 1
-1.9644431696031117e-01 8.4542336901422030e-02 0.0000000000000000e+00 1
-1.8929054746959972e-01 8.0599012979541154e-02 0.0000000000000000e+00 1
-1.8935158696923929e-01 8.8765443816722814e-02 0.0000000000000000e+00 1
-1.8220984128219556e-01 8.4836470215689089e-02 0.0000000000000000e+00 1
-1.8226490219856861e-01 9.2979922786247629e-02 0.0000000000000000e+00 1
-1.7513517360405914e-01 8.9059180355246126e-02 0.0000000000000000e+00 1
-1.7519023407183534e-01 9.7186262007204219e-02 0.0000000000000000e+00 1
-1.6809785090750029e-01 9.3315910441007441e-02 0.0000000000000000e+00 1
-1.6813294858941702e-01 1.0139163433392306e-01 0.0000000000000000e+00 1
-1.6105379284477933e-01 9.7530418061534660e-02 0.0000000000000000e+00 1
-1.7525322782023919e-01 1.0537317772326697e-01 0.0000000000000000e+00 1
-1.6105986913537826e-01 1.0555678608319934e-01 0.0000000000000000e+00 1
-1.5392015706803977e-01 1.0162502467704966e-01 0.0000000000000000e+00 1
-1.5369333807190716e-01 9.3842855133376188e-02 0.0000000000000000e+00 1
-1.4667084932420194e-01 9.7639154109662452e-02 0.0000000000000000e+00 1
-1.4683236046395071e-01 1.0587079290018885e-01 0.0000000000000000e+00 1
-1.3955466874641220e-01 1.0183286141803786e-01 0.0000000000000000e+00 1
-1.3942206243522157e-01 9.3456914516235917e-02 0.0000000000000000e+00 1
-1.3219075236999733e-01 9.7762264837599769e-02 0.0000000000000000e+00 1
-1.3208839178356818e-01 8.9326089197866651e-02 0.0000000000000000e+00 1
-1.2471806274571745e-01 9.3663670433774313e-02 0.0000000000000000e+00 1
-1.2490629415696441e-01 8.4917008193003074e-02 0.0000000000000000e+00 1
-1.1684381921045942e-01 8.9859541665704173e-02 0.0000000000000000e+00 1
-1.1698512564648018e-01 8.0730889087719679e-02 0.0000000000000000e+00 1
-1.0873149129312727e-01 8.6069626939794142e-02 0.0000000000000000e+00 1
-1.0912034839902646e-01 7.6434250666635714e-02 0.0000000000000000e+00 1
-1.0107006087370241e-01 8.1440445308785567e-02 0.0000000000000000e+00 1
-1.0125035815524830e-01 7.1909056999471296e-02 0.0000000000000000e+00 1
-9.3338177290887753e-02 7.6648527012378107e-02 0.0000000000000000e+00 1
-9.3267214021341485e-02 6.7261464611912208e-02 0.0000000000000000e+00 1
-8.5133072960953737e-02 7.2177734914352212e-02 0.0000000000000000e+00 1
-8.5085545581836522e-02 6.2589229155105092e-02 0.0000000000000000e+00 1
-7.6859461098590598e-02 6.7509432834790384e-02 0.0000000000000000e+00 1
-7.6749892538592643e-02 5.7815689017401924e-02 0.0000000000000000e+00 1
-6.8444138009576910e-02 6.2794518058748153e-02 0.0000000000000000e+00 1
-6.8626414559728954e-02 7.2494880442088322e-02 0.0000000000000000e+00 1
-6.0109813904471440e-02 6.7845884173000026e-02 0.0000000000000000e+00 1
-5.9894821875656125e-02 5.8007718059672725e-02 0.0000000000000000e+00 1
-5.1432039042988160e-02 6.3155639068713701e-02 0.0000000000000000e+00 1
-5.1190358001374871e-02 5.3163393581769740e-02 0.0000000000000000e+00 1
-4.2548221020971187e-02 5.8384217548130578e-02 0.0000000000000000e+00 1
-4.2325283137771209e-02 4.8211411134322979e-02 0.0000000000000000e+00 1
-1.1730969988602054e-01 9.8154257327970507e-02 0.0000000000000000e+00 1
-2.0359794408792292e-01 8.8499387021892362e-02 0.0000000000000000e+00 1
-3.3525502807801179e-02 5.3541360762232870e-02 0.0000000000000000e+00 1
-3.3339635447508398e-02 4.3213615673826485e-02 0.0000000000000000e+00 1
-2.4335294364745536e-02 4.8616483518422036e-02 0.0000000000000000e+00 1
-2.3926021189377270e-02 3.8407633946529858e-02 0.0000000000000000e+00 1
-6.0376916335362255e-02 7.7540346795481524e-02 0.0000000000000000e+00 1
-2.5490135954881400e-02 5.8879217175708230e-02 0.0000000000000000e+00 1
-2.3146481551735618e-01 7.1269752573877174e-02 0.0000000000000000e+00 1
-2.5743171094233974e-01 5.5293370915096736e-02 0.0000000000000000e+00 1
-1.4924579432380744e-02 4.3644180822871310e-02 0.0000000000000000e+00 1
-1.4510815543715694e-02 3.3185989580626227e-02 0.0000000000000000e+00 1
-5.3568132727874413e-03 3.8528349939942766e-02 0.0000000000000000e+00 1
-5.1199349307778762e-03 2.7554344959461921e-02 0.0000000000000000e+00 1
4.3532497678763389e-03 3.3255428114799888e-02 0.0000000000000000e+00 1
4.8819724438580988e-03 2.2592744922192449e-02 0.0000000000000000e+00 1
-1.8207515063879448e-01 7.6973578519769464e-02 0.0000000000000000e+00 1
1.4305611562485901e-02 2.8002365507432205e-02 0.0000000000000000e+00 1
1.4839761509942550e-02 1.7118341430056572e-02 0.0000000000000000e+00 1
-1.1749872678990571e-01 7.1320009300915518e-02 0.0000000000000000e+00 1
2.4412460652044277e-02 2.2605895418175540e-02 0.0000000000000000e+00 1
2.4615586925396102e-02 1.1109713892381924e-02 0.0000000000000000e+00 1
1.2676752539584255e-02 3.9223355714494701e-02 0.0000000000000000e+00 1
3.4607957404143783e-02 1.7013172996266038e-02 0.0000000000000000e+00 1
3.4844905099363478e-02 5.2069202752035157e-03 0.0000000000000000e+00 1
-4.2126584528710029e-02 3.8073823063567096e-02 0.0000000000000000e+00 1
-8.5121260275529853e-02 5.2875113642331419e-02 0.0000000000000000e+00 1
4.5068256590266122e-02 1.1374417149462197e-02 0.0000000000000000e+00 1
4.5340092782862780e-02 -6.3097834861582677e-04 0.0000000000000000e+00 1
1.3457435962793233e-02 7.8646638814225314e-03 0.0000000000000000e+00 1
5.5318588368718204e-02 5.6302247092575829e-03 0.0000000000000000e+00 1
5.5939974299155273e-02 -6.5110035663287933e-03 0.0000000000000000e+00 1
6.5602851753043603e-02 -1.2150545591393193e-04 0.0000000000000000e+00 1
6.6659096097854836e-02 -1.2494345556945426e-02 0.0000000000000000e+00 1
5.5924442968157462e-02 -1.8929713747061677e-02 0.0000000000000000e+00 1
6.7016330630930404e-02 -2.4986636907056336e-02 0.0000000000000000e+00 1
7.7753569620938726e-02 -1.8477892934092657e-02 0.0000000000000000e+00 1
7.8082668853225123e-02 -3.1115836983818299e-02 0.0000000000000000e+00 1
8.8930884192423398e-02 -2.4511553195408858e-02 0.0000000000000000e+00 1
8.9261323400936815e-02 -3.7297946436988187e-02 0.0000000000000000e+00 1
7.8290775286467384e-02 -4.3917688923997882e-02 0.0000000000000000e+00 1
8.9542897398698390e-02 -5.0173090490178908e-02 0.0000000000000000e+00 1
1.0059893829560339e-01 -4.3467009458211525e-02 0.0000000000000000e+00 1
1.0093288972191596e-01 -5.6484295946765933e-02 0.0000000000000000e+00 1
1.1212718703485150e-01 -4.9645476350000571e-02 0.0000000000000000e+00 1
1.1242967024905698e-01 -6.2835527099271773e-02 0.0000000000000000e+00 1
5.4573886344964691e-02 1.7734834283644984e-02 0.0000000000000000e+00 1
-2.0333438224112163e-01 6.4482426913777563e-02 0.0000000000000000e+00 1
1.2371501942969927e-01 -5.5968146463334617e-02 0.0000000000000000e+00 1
1.2402383660060064e-01 -6.9221798526466580e-02 0.0000000000000000e+00 1
-1.3214727311225031e-02 2.1971396642605112e-02 0.0000000000000000e+00 1
-1.3973576608588856e-01 1.1011236249001775e-01 0.0000000000000000e+00 1
7.8454835774252912e-02 -5.6844674723450901e-02 0.0000000000000000e+00 1
1.1261166412680219e-01 -7.6098035383614662e-02 0.0000000000000000e+00 1
1.2426530459993691e-01 -8.2559887934023121e-02 0.0000000000000000e+00 1
1.3569820316656639e-01 -7.5626873814822290e-02 0.0000000000000000e+00 1
1.3601742152098098e-01 -8.8998047591810417e-02 0.0000000000000000e+00 1
1.4747873520962154e-01 -8.2043006487571277e-02 0.0000000000000000e+00 1
1.4779193145428135e-01 -9.5487091715961092e-02 0.0000000000000000e+00 1
1.5929275442041052e-01 -8.8526975892516277e-02 0.0000000000000000e+00 1
1.5962156173294659e-01 -1.0199796237412141e-01 0.0000000000000000e+00 1
1.7165244773527072e-01 -9.5338365495222732e-02 0.0000000000000000e+00 1
1.7153185097864354e-01 -1.0865157440539454e-01 0.0000000000000000e+00 1
1.5992266633438035e-01 -1.1551404331234889e-01 0.0000000000000000e+00 1
1.7181290101725713e-01 -1.2207490214516721e-01 0.0000000000000000e+00 1
1.8332773574751682e-01 -1.1513542743419279e-01 0.0000000000000000e+00 1
1.8367196322274720e-01 -1.2856859892529221e-01 0.0000000000000000e+00 1
1.9520429679730425e-01 -1.2155537829990480e-01 0.0000000000000000e+00 1
1.9552550165000085e-01 -1.3503223862719507e-01 0.0000000000000000e+00 1
1.2443507669530623e-01 -9.6021730269971337e-02 0.0000000000000000e+00 1
2.0704012103730265e-01 -1.2803510192036682e-01 0.0000000000000000e+00 1
2.0730701483161729e-01 -1.4149253358231603e-01 0.0000000000000000e+00 1
1.2338178630721267e-01 -4.2721055655232029e-02 0.0000000000000000e+00 1
1.9631714170323372e-01 -1.4857795603806595e-01 0.0000000000000000e+00 1
2.0786020094522223e-01 -1.5488134036125259e-01 0.0000000000000000e+00 1
2.1903123054184370e-01 -1.4796135697172982e-01 0.0000000000000000e+00 1
2.1933316672009984e-01 -1.6121222994307785e-01 0.0000000000000000e+00 1
2.3059415439684836e-01 -1.5439865642827424e-01 0.0000000000000000e+00 1
2.3086265917106386e-01 -1.6759894549885987e-01 0.0000000000000000e+00 1
1.6020371568634054e-01 -1.2904806113494086e-01 0.0000000000000000e+00 1
2.4206546070830154e-01 -1.6077752480962690e-01 0.0000000000000000e+00 1
2.4240491980971157e-01 -1.7381294596568453e-01 0.0000000000000000e+00 1
-2.2438547745194837e-01 5.2278826308699407e-02 0.0000000000000000e+00 1
2.5348167611008393e-01 -1.6708315640155916e-01 0.0000000000000000e+00 1
2.5370719973044620e-01 -1.8000993506039450e-01 0.0000000000000000e+00 1
2.4276749269407719e-01 -1.8669951215203684e-01 0.0000000000000000e+00 1
2.5400518400649674e-01 -1.9275095556200172e-01 0.0000000000000000e+00 1
2.6483294670773627e-01 -1.8620279980424104e-01 0.0000000000000000e+00 1
2.6510814923594844e-01 -1.9888094686894248e-01 0.0000000000000000e+00 1
2.7581077878032373e-01 -1.9235556265041323e-01 0.0000000000000000e+00 1
2.7613432782336100e-01 -2.0475615419565171e-01 0.0000000000000000e+00 1
2.0828697525946047e-01 -1.6809806675815778e-01 0.0000000000000000e+00 1
2.8658892097612326e-01 -1.9835353907423839e-01 0.0000000000000000e+00 1
2.8680607512197009e-01 -2.1061207390330086e-01 0.0000000000000000e+00 1
-9.3245493217796294e-02 8.6392438826694437e-02 0.0000000000000000e+00 1
1.5951256986826659e-01 -7.5250201442284517e-02 0.0000000000000000e+00 1
2.7651892179513754e-01 -2.1694327592855356e-01 0.0000000000000000e+00 1
2.8707966736835505e-01 -2.2267698360440122e-01 0.0000000000000000e+00 1
2.9737345873585352e-01 -2.1616037504122865e-01 0.0000000000000000e+00 1
2.9753131982770098e-01 -2.2822970184512545e-01 0.0000000000000000e+00 1
3.0759918362928551e-01 -2.2220748448057140e-01 0.0000000000000000e+00 1
3.0779162268371940e-01 -2.3379381062070700e-01 0.0000000000000000e+00 1
3.1764823644153090e-01 -2.2783720152922457e-01 0.0000000000000000e+00 1
3.1782072880818518e-01 -2.3914684321610680e-01 0.0000000000000000e+00 1
3.2746489767220049e-01 -2.3334449994241030e-01 0.0000000000000000e+00 1
3.2768432846107065e-01 -2.4429230481009492e-01 0.0000000000000000e+00 1
2.0676556553307757e-01 -1.1450528114985099e-01 0.0000000000000000e+00 1
-2.6384662011673826e-01 5.1853429508210085e-02 0.0000000000000000e+00 1
-2.6370818612748892e-01 5.8793759220689655e-02 0.0000000000000000e+00 1
-2.6984789574605172e-01 5.5247297725139630e-02 0.0000000000000000e+00 1
-2.6985697358514782e-01 6.2219413015220333e-02 0.0000000000000000e+00 1
2.4313666459566088e-01 -1.9939797258896785e-01 0.0000000000000000e+00 1
2.4177470556604791e-01 -1.4777344004120341e-01 0.0000000000000000e+00 1
-2.7586415758481059e-01 5.8671319029144936e-02 0.0000000000000000e+00 1
-2.7595293598155246e-01 6.5627811995831620e-02 0.0000000000000000e+00 1
-2.6990686695271843e-01 6.9238475458667140e-02 0.0000000000000000e+00 1
-2.7625578712786941e-01 7.2738280055201984e-02 0.0000000000000000e+00 1
-2.6976923446745793e-01 7.6336294480884137e-02 0.0000000000000000e+00 1
-2.7637668693827366e-01 7.9875079233144644e-02 0.0000000000000000e+00 1
-2.6981325880899482e-01 8.3486145223999608e-02 0.0000000000000000e+00 1
-2.7631314220335179e-01 8.6993291064877951e-02 0.0000000000000000e+00 1
-2.7010647771842805e-01 9.0666036997253244e-02 0.0000000000000000e+00 1
-2.7643699559370016e-01 9.4190942726799065e-02 0.0000000000000000e+00 1
-2.6995479187739368e-01 9.7846584383386989e-02 0.0000000000000000e+00 1
-2.8262094396855797e-01 9.0450303100146040e-02 0.0000000000000000e+00 1
-2.7651657241062200e-01 1.0141923762936311e-01 0.0000000000000000e+00 1
-2.7000154989271791e-01 1.0508747514407012e-01 0.0000000000000000e+00 1
-2.7660932782770142e-01 1.0864182064549949e-01 0.0000000000000000e+00 1
-2.7038074659663464e-01 1.1238709760441055e-01 0.0000000000000000e+00 1
-2.6384328028619108e-01 1.0882812255520151e-01 0.0000000000000000e+00 1
-2.6417669431459656e-01 1.1615362332675254e-01 0.0000000000000000e+00 1
-2.7055873002228414e-01 1.1968786109573164e-01 0.0000000000000000e+00 1
-2.6432089542919213e-01 1.2346961587335525e-01 0.0000000000000000e+00 1
-2.5785189464411468e-01 1.1990986993536894e-01 0.0000000000000000e+00 1
-2.5803209185486614e-01 1.2726915984044804e-01 0.0000000000000000e+00 1
-2.5155557931473449e-01 1.2370215021755143e-01 0.0000000000000000e+00 1
-2.5169628372645281e-01 1.3108396904753425e-01 0.0000000000000000e+00 1
-2.4523202029135827e-01 1.2752253422037507e-01 0.0000000000000000e+00 1
-2.4535416482678887e-01 1.3490631093939209e-01 0.0000000000000000e+00 1
-2.3886696267218932e-01 1.3134023408532688e-01 0.0000000000000000e+00 1
-2.3897844051519038e-01 1.3873102944548490e-01 0.0000000000000000e+00 1
-2.3246748875362588e-01 1.3512870680898642e-01 0.0000000000000000e+00 1
-2.3261467089671090e-01 1.4255564135982748e-01 0.0000000000000000e+00 1
-2.3908373615660000e-01 1.4612290006930018e-01 0.0000000000000000e+00 1
-2.3273540539098225e-01 1.4994015145112322e-01 0.0000000000000000e+00 1
-2.2631446029279817e-01 1.4637194507966811e-01 0.0000000000000000e+00 1
-2.2643128492911829e-01 1.5369478758714469e-01 0.0000000000000000e+00 1
-2.2004563384658796e-01 1.5015291660017746e-01 0.0000000000000000e+00 1
-2.2018060237598694e-01 1.5744506749440212e-01 0.0000000000000000e+00 1
-2.1380345141344295e-01 1.5393145854189619e-01 0.0000000000000000e+00 1
-2.1396007039476755e-01 1.6117913974625503e-01 0.0000000000000000e+00 1
-2.0755004487253517e-01 1.5768531476818409e-01 0.0000000000000000e+00 1
-2.0770426900017330e-01 1.6494394628793493e-01 0.0000000000000000e+00 1
-2.0128669313148079e-01 1.6144568435164255e-01 0.0000000000000000e+00 1
-2.0137387357718239e-01 1.6886909067507586e-01 0.0000000000000000e+00 1
-1.9499413585542974e-01 1.6523653519152498e-01 0.0000000000000000e+00 1
-1.9507288465478947e-01 1.7279222455214183e-01 0.0000000000000000e+00 1
-1.8866693222106579e-01 1.6903343732398926e-01 0.0000000000000000e+00 1
-1.8879172915113601e-01 1.7652200221220979e-01 0.0000000000000000e+00 1
-1.8231219284143618e-01 1.7282288189510578e-01 0.0000000000000000e+00 1
-1.8244185547117825e-01 1.8030274460925286e-01 0.0000000000000000e+00 1
-1.7592933189790727e-01 1.7662262827062869e-01 0.0000000000000000e+00 1
-1.8889390063219405e-01 1.8407206047134758e-01 0.0000000000000000e+00 1
-2.0775327856431250e-01 1.7244040157784285e-01 0.0000000000000000e+00 1
-1.7603865865885582e-01 1.8417962357471671e-01 0.0000000000000000e+00 1
-1.6945579269906103e-01 1.8051832536866264e-01 0.0000000000000000e+00 1
-2.2659475209579347e-01 1.6098248231080764e-01 0.0000000000000000e+00 1
-1.6959913155268094e-01 1.8805536299266035e-01 0.0000000000000000e+00 1
-1.6291634494263021e-01 1.8437606336864451e-01 0.0000000000000000e+00 1
-1.6280627961245464e-01 1.7680237107515678e-01 0.0000000000000000e+00 1
-1.5620978111714148e-01 1.8076317302280567e-01 0.0000000000000000e+00 1
-1.5630955185121959e-01 1.8839910597277817e-01 0.0000000000000000e+00 1
-1.4949218846751328e-01 1.8465562291605453e-01 0.0000000000000000e+00 1
-1.4928886547879430e-01 1.7693812841533038e-01 0.0000000000000000e+00 1
-1.4268707874822106e-01 1.8066555654087776e-01 0.0000000000000000e+00 1
-1.4233801209945857e-01 1.7290927799591249e-01 0.0000000000000000e+00 1
-1.3557359726742563e-01 1.7655622133306925e-01 0.0000000000000000e+00 1
-2.5885811026629801e-01 1.3471274484137644e-01 0.0000000000000000e+00 1
-1.3530592733583718e-01 1.6917088458656560e-01 0.0000000000000000e+00 1
-1.2835064113737696e-01 1.7289250587471536e-01 0.0000000000000000e+00 1
-1.2762268677408878e-01 1.6587440602783737e-01 0.0000000000000000e+00 1
-1.2123967132316815e-01 1.6941779203615864e-01 0.0000000000000000e+00 1
-1.2134328095717126e-01 1.7662678132603823e-01 0.0000000000000000e+00 1
-1.1413641185512753e-01 1.7310995718414773e-01 0.0000000000000000e+00 1
-1.1371385666525165e-01 1.6547402005905579e-01 0.0000000000000000e+00 1
-1.0699320819796487e-01 1.6945451284046084e-01 0.0000000000000000e+00 1
-1.0657727617825238e-01 1.6119687157968920e-01 0.0000000000000000e+00 1
-9.9729842425832604e-02 1.6547499484644221e-01 0.0000000000000000e+00 1
-9.9408607009216457e-02 1.5740043807200055e-01 0.0000000000000000e+00 1
-9.2395771724950879e-02 1.6148294343022745e-01 0.0000000000000000e+00 1
-9.2310833859333988e-02 1.5297979799223740e-01 0.0000000000000000e+00 1
-8.5042796638561194e-02 1.5733939029702948e-01 0.0000000000000000e+00 1
-8.5211754779333237e-02 1.6581714530186145e-01 0.0000000000000000e+00 1
-7.7789785404342018e-02 1.6170819500206537e-01 0.0000000000000000e+00 1
-7.7636260014653999e-02 1.5320736525877526e-01 0.0000000000000000e+00 1
-7.0338694598469476e-02 1.5759516064902104e-01 0.0000000000000000e+00 1
-7.0175928790383632e-02 1.4905339326840167e-01 0.0000000000000000e+00 1
-6.2858757513593336e-02 1.5347917354601479e-01 0.0000000000000000e+00 1
-6.2301528965986536e-02 1.6184619739257725e-01 0.0000000000000000e+00 1
-5.5546620726788003e-02 1.5790854046585764e-01 0.0000000000000000e+00 1
-5.5373894754632114e-02 1.4938427903365128e-01 0.0000000000000000e+00 1
-4.8050298342265110e-02 1.5378711820100663e-01 0.0000000000000000e+00 1
-4.7884980753148301e-02 1.4523288526160749e-01 0.0000000000000000e+00 1
-4.0534561373384875e-02 1.4966013793033359e-01 0.0000000000000000e+00 1
-4.0373890976524086e-02 1.4108099444558272e-01 0.0000000000000000e+00 1
-3.2991302134842991e-02 1.4550578864308822e-01 0.0000000000000000e+00 1
-3.2816958375055869e-02 1.3688316006350001e-01 0.0000000000000000e+00 1
-2.5044501320092883e-02 1.4134533039132588e-01 0.0000000000000000e+00 1
-2.5180320190103831e-02 1.3266622083622312e-01 0.0000000000000000e+00 1
-1.7265805899061626e-02 1.3730261259406312e-01 0.0000000000000000e+00 1
-1.7534193260013320e-02 1.2845500180048350e-01 0.0000000000000000e+00 1
-9.7231762946261048e-03 1.3317384323719025e-01 0.0000000000000000e+00 1
-9.9118765884560565e-03 1.2425742552963735e-01 0.0000000000000000e+00 1
-2.2203512193314200e-03 1.2890752247275528e-01 0.0000000000000000e+00 1
-2.3805064489953445e-03 1.1990728909832749e-01 0.0000000000000000e+00 1
5.5640269514914218e-03 1.2463350111732306e-01 0.0000000000000000e+00 1
-1.5038884694846002e-03 1.3807543447597451e-01 0.0000000000000000e+00 1
5.4514345313692600e-03 1.1540521458551027e-01 0.0000000000000000e+00 1
1.3432734500532383e-02 1.2013976897123903e-01 0.0000000000000000e+00 1
-2.5213570339621742e-02 1.4996556196796257e-01 0.0000000000000000e+00 1
-1.8226836959797088e-01 1.6526275771035689e-01 0.0000000000000000e+00 1
-1.0706620923156419e-01 1.7683379046972733e-01 0.0000000000000000e+00 1
1.3623948856579398e-02 1.1094134271117712e-01 0.0000000000000000e+00 1
2.1559520305580733e-02 1.1572455966096755e-01 0.0000000000000000e+00 1
2.1338927724887012e-02 1.2492024168212910e-01 0.0000000000000000e+00 1
2.9462453252845473e-02 1.2059297601469511e-01 0.0000000000000000e+00 1
2.9815913827296599e-02 1.1127592558335042e-01 0.0000000000000000e+00 1
-1.4305041253201792e-01 1.8798048520415242e-01 0.0000000000000000e+00 1
-4.8262566413079674e-02 1.6230188812008706e-01 0.0000000000000000e+00 1
2.9099785486508913e-02 1.2974827579486412e-01 0.0000000000000000e+00 1
3.7798649362995214e-02 1.1621519141071858e-01 0.0000000000000000e+00 1
3.8202253565558737e-02 1.0668156156544815e-01 0.0000000000000000e+00 1
-2.8330507217567930e-01 6.9786930663258431e-02 0.0000000000000000e+00 1
-1.4167931700426165e-01 1.6565949446257208e-01 0.0000000000000000e+00 1
-2.1413388130654054e-01 1.4634065665406937e-01 0.0000000000000000e+00 1
4.6393112204434213e-02 1.1173262191332638e-01 0.0000000000000000e+00 1
4.6728308274052666e-02 1.0201291387530299e-01 0.0000000000000000e+00 1
-4.7838175378872062e-02 1.3690665086197679e-01 0.0000000000000000e+00 1
3.3663529541988252e-01 -2.3927640859883550e-01 0.0000000000000000e+00 1
3.3721355982883172e-01 -2.4953474404344170e-01 0.0000000000000000e+00 1
-2.4489693442915236e-01 1.2012554227799344e-01 0.0000000000000000e+00 1
-1.7755520715453131e-02 1.1964546811641995e-01 0.0000000000000000e+00 1
5.5216051009390976e-02 1.0724720433723040e-01 0.0000000000000000e+00 1
5.5354531639741800e-02 9.7189206529874575e-02 0.0000000000000000e+00 1
2.8641958596861666e-01 -1.8599895823772383e-01 0.0000000000000000e+00 1
2.7718826506898264e-01 -2.2831785213101041e-01 0.0000000000000000e+00 1
3.1898533019118158e-01 -2.5005719262936066e-01 0.0000000000000000e+00 1
6.4185791177812340e-02 1.0259868129984594e-01 0.0000000000000000e+00 1
6.4319383090237187e-02 9.2188438517072369e-02 0.0000000000000000e+00 1
3.1866279349998805e-01 -2.1542509590716596e-01 0.0000000000000000e+00 1
-2.4457216987738406e-01 1.9855871094685121e-02 0.0000000000000000e+00 1
-1.0625750228113534e-01 1.5382040096573438e-01 0.0000000000000000e+00 1
3.4599296696494652e-01 -2.4440249672167580e-01 0.0000000000000000e+00 1
3.4652328781165015e-01 -2.5447163171800746e-01 0.0000000000000000e+00 1
3.8119487843137574e-02 9.7017791093290284e-02 0.0000000000000000e+00 1
3.5491426492616684e-01 -2.4987828885942631e-01 0.0000000000000000e+00 1
3.5534901550454212e-01 -2.5949009811229867e-01 0.0000000000000000e+00 1
3.4691642963677172e-01 -2.6458949642438129e-01 0.0000000000000000e+00 1
3.4510644233373272e-01 -2.3305956952613799e-01 0.0000000000000000e+00 1
3.5558262178370470e-01 -2.6912381057369550e-01 0.0000000000000000e+00 1
3.6398569011180559e-01 -2.6420068994232176e-01 0.0000000000000000e+00 1
5.4214591715752020e-03 1.0609898366105763e-01 0.0000000000000000e+00 1
5.3548843469311699e-02 1.1712926630804875e-01 0.0000000000000000e+00 1
7.3310002181109016e-02 9.7751642162425878e-02 0.0000000000000000e+00 1
7.3736518927864356e-02 8.7192685950297555e-02 0.0000000000000000e+00 1
6.4495806897653760e-02 8.1551149589339345e-02 0.0000000000000000e+00 1
7.4123226916401358e-02 7.6399645025708438e-02 0.0000000000000000e+00 1
8.3435747413670769e-02 8.2158544069254560e-02 0.0000000000000000e+00 1
8.3824172777104175e-02 7.1132780198548753e-02 0.0000000000000000e+00 1
3.4717034060470509e-01 -2.7433692068738019e-01 0.0000000000000000e+00 1
-2.7586139249973457e-01 5.1712386747526477e-02 0.0000000000000000e+00 1
-2.6292125218822626e-01 8.6843470798564359e-02 0.0000000000000000e+00 1
3.6438015172504640e-01 -2.7338023439275971e-01 0.0000000000000000e+00 1
3.7246463314437472e-01 -2.6860591013308838e-01 0.0000000000000000e+00 1
9.3391295977735711e-02 7.7026458570184211e-02 0.0000000000000000e+00 1
9.3737073162021692e-02 6.5523176733692443e-02 0.0000000000000000e+00 1
6.4828537413562842e-02 7.0755276098474609e-02 0.0000000000000000e+00 1
1.0372633829558188e-01 7.2062552425248852e-02 0.0000000000000000e+00 1
1.0408614880823987e-01 6.0064915259828440e-02 0.0000000000000000e+00 1
9.4022245065325680e-02 5.3900184188896215e-02 0.0000000000000000e+00 1
1.0441585576263672e-01 4.8200271662358039e-02 0.0000000000000000e+00 1
1.1466142666951458e-01 5.4637827048641667e-02 0.0000000000000000e+00 1
1.1502237569020399e-01 4.2401040659186005e-02 0.0000000000000000e+00 1
2.9908275939466217e-01 -2.3982672655711690e-01 0.0000000000000000e+00 1
-2.8285926803965339e-01 1.0495276680058423e-01 0.0000000000000000e+00 1
3.7221454184903180e-01 -2.5932376401169266e-01 0.0000000000000000e+00 1
3.8049328180406705e-01 -2.6394919708732073e-01 0.0000000000000000e+00 1
3.8061534578200479e-01 -2.7295138652437062e-01 0.0000000000000000e+00 1
-2.3915266399682725e-01 1.5348214987094486e-01 0.0000000000000000e+00 1
-2.8174120002694797e-01 5.5141138106703673e-02 0.0000000000000000e+00 1
1.0452360796201435e-01 3.6014833504052428e-02 0.0000000000000000e+00 1
1.1538130046639400e-01 3.0114220384283342e-02 0.0000000000000000e+00 1
1.2595306555454022e-01 3.6596786732524929e-02 0.0000000000000000e+00 1
1.2633897355722107e-01 2.4101282345587657e-02 0.0000000000000000e+00 1
1.3706411333954491e-01 3.0719637342030825e-02 0.0000000000000000e+00 1
1.3747584870073792e-01 1.7991108868031448e-02 0.0000000000000000e+00 1
-2.1774670925520206e-01 8.0042740631169076e-02 0.0000000000000000e+00 1
-1.7617717385491885e-01 1.9171269567117008e-01 0.0000000000000000e+00 1
-1.8941454782472325e-01 9.6928195149175195e-02 0.0000000000000000e+00 1
-6.4820735985588983e-03 4.9170388745633557e-02 0.0000000000000000e+00 1
-2.8295731066081325e-01 1.1212308740792454e-01 0.0000000000000000e+00 1
-2.8908681465471797e-01 1.0848211583772614e-01 0.0000000000000000e+00 1
-2.8920725913389145e-01 1.1555021859602238e-01 0.0000000000000000e+00 1
-2.9526482068821169e-01 1.1195081099440322e-01 0.0000000000000000e+00 1
-2.9536936835621663e-01 1.1895584753292154e-01 0.0000000000000000e+00 1
-3.0135416519137764e-01 1.1540459799722143e-01 0.0000000000000000e+00 1
-3.0124525684361175e-01 1.0848568518402901e-01 0.0000000000000000e+00 1
-3.0720441527990006e-01 1.1185648633425536e-01 0.0000000000000000e+00 1
-3.0699615684082349e-01 1.0492848469318074e-01 0.0000000000000000e+00 1
-3.1284610363604815e-01 1.0827345483580202e-01 0.0000000000000000e+00 1
-3.1282907833240747e-01 1.0175393597438719e-01 0.0000000000000000e+00 1
-3.0149673918249775e-01 1.2237655192184248e-01 0.0000000000000000e+00 1
-2.9551452777040799e-01 1.2597957062927481e-01 0.0000000000000000e+00 1
-3.1838452939963952e-01 1.0489126489397849e-01 0.0000000000000000e+00 1
-3.1835662715746910e-01 9.8565204334640000e-02 0.0000000000000000e+00 1
-3.1277035588075752e-01 9.5185444733051225e-02 0.0000000000000000e+00 1
-3.1824416244089426e-01 9.2256654817612985e-02 0.0000000000000000e+00 1
-3.1288628707947208e-01 8.9225488771416478e-02 0.0000000000000000e+00 1
-3.1819832394441194e-01 8.6141879800096369e-02 0.0000000000000000e+00 1
-3.1286779877702203e-01 8.3034485972754701e-02 0.0000000000000000e+00 1
-3.2350319316911164e-01 8.9239927562474758e-02 0.0000000000000000e+00 1
-3.2343942166924222e-01 8.3205977429473332e-02 0.0000000000000000e+00 1
-3.0166499657963114e-01 1.2939934552786661e-01 0.0000000000000000e+00 1
-2.9563142112709190e-01 1.3303392159005786e-01 0.0000000000000000e+00 1
-3.2375768731841853e-01 1.0163155460189684e-01 0.0000000000000000e+00 1
-3.1308018286607181e-01 1.1494459505800549e-01 0.0000000000000000e+00 1
-7.7962647951276623e-02 1.7018369762454263e-01 0.0000000000000000e+00 1
3.3999912935539278e-02 3.0722134868930624e-02 0.0000000000000000e+00 1
7.3046904073865174e-02 1.0863347279137799e-01 0.0000000000000000e+00 1
-4.3389545206815275e-02 6.8351452842375982e-02 0.0000000000000000e+00 1
-1.6977261819880285e-01 1.9558938886982127e-01 0.0000000000000000e+00 1
-1.7630365350398139e-01 1.9917862694957675e-01 0.0000000000000000e+00 1
-1.6996750854876941e-01 2.0303441292006252e-01 0.0000000000000000e+00 1
-1.7645854361456068e-01 2.0660703687815479e-01 0.0000000000000000e+00 1
-1.7015631082756155e-01 2.1042160872189156e-01 0.0000000000000000e+00 1
-1.7661927662064561e-01 2.1387749653951957e-01 0.0000000000000000e+00 1
-1.8279017135193509e-01 2.1015340459333839e-01 0.0000000000000000e+00 1
-1.8295658389116529e-01 2.1739670202698461e-01 0.0000000000000000e+00 1
-1.8900897100398031e-01 2.1369852856133850e-01 0.0000000000000000e+00 1
-1.8923388778159317e-01 2.2070306762512507e-01 0.0000000000000000e+00 1
-1.9514956678534393e-01 2.1710699724610261e-01 0.0000000000000000e+00 1
-1.7047180114709734e-01 2.1761554815091866e-01 0.0000000000000000e+00 1
-1.6389148823346655e-01 2.1427537763907159e-01 0.0000000000000000e+00 1
-1.9524188049873831e-01 2.2399413482797526e-01 0.0000000000000000e+00 1
-2.0110728336772543e-01 2.2045689221307799e-01 0.0000000000000000e+00 1
-2.0104205799237612e-01 2.1358028322332837e-01 0.0000000000000000e+00 1
-2.0697187624461172e-01 2.1685886182901168e-01 0.0000000000000000e+00 1
-2.0694649457697833e-01 2.1006754280135934e-01 0.0000000000000000e+00 1
-2.1287552849713867e-01 2.1334420007154187e-01 0.0000000000000000e+00 1
-2.1285287645937201e-01 2.0656635907141949e-01 0.0000000000000000e+00 1
-2.1884087577042965e-01 2.0993782896722979e-01 0.0000000000000000e+00 1
-2.1878066737837534e-01 2.0309476831606663e-01 0.0000000000000000e+00 1
-2.2469868304531027e-01 2.0632949484730501e-01 0.0000000000000000e+00 1
-2.2471708470378660e-01 1.9952920743718497e-01 0.0000000000000000e+00 1
-2.3065173509986661e-01 2.0280310164112011e-01 0.0000000000000000e+00 1
-2.3067896534696725e-01 1.9598663281843196e-01 0.0000000000000000e+00 1
-2.3662993547213221e-01 1.9924101183146506e-01 0.0000000000000000e+00 1
-2.3666915471489114e-01 1.9242154817893767e-01 0.0000000000000000e+00 1
-2.4267146866297284e-01 1.9569308629271578e-01 0.0000000000000000e+00 1
-2.4271352320830591e-01 1.8882875573311189e-01 0.0000000000000000e+00 1
-2.4887373473717700e-01 1.9230619099079552e-01 0.0000000000000000e+00 1
-2.4870512518070190e-01 1.8545134336378713e-01 0.0000000000000000e+00 1
-1.6416746939346707e-01 2.2156694570393554e-01 0.0000000000000000e+00 1
-1.5750994595188636e-01 2.1814659544655113e-01 0.0000000000000000e+00 1
-2.0669961481155208e-01 2.2380922173682471e-01 0.0000000000000000e+00 1
-2.2482816566552788e-01 2.1335299885105971e-01 0.0000000000000000e+00 1
-1.8946997479607303e-01 2.2754800881269102e-01 0.0000000000000000e+00 1
-1.6737536563673983e-01 8.5534957884290400e-02 0.0000000000000000e+00 1
-2.5501234893674390e-01 1.8878286272183373e-01 0.0000000000000000e+00 1
-2.5476567750289869e-01 1.8088833943568600e-01 0.0000000000000000e+00 1
-2.7072163562358836e-01 1.2698623622561045e-01 0.0000000000000000e+00 1
6.7078764526376247e-02 -5.0555874751054060e-02 0.0000000000000000e+00 1
6.7309471518845185e-02 -6.3536437567014839e-02 0.0000000000000000e+00 1
5.5825327732167335e-02 -5.7213062492659679e-02 0.0000000000000000e+00 1
5.6154180931289932e-02 -7.0214419254171989e-02 0.0000000000000000e+00 1
4.4666840518109430e-02 -6.3882691215841836e-02 0.0000000000000000e+00 1
4.4963211440422708e-02 -7.6945624596114717e-02 0.0000000000000000e+00 1
3.3548712491575372e-02 -7.0557826458138295e-02 0.0000000000000000e+00 1
5.6422996854014175e-02 -8.3351408215334197e-02 0.0000000000000000e+00 1
4.5127639511534041e-02 -9.0127974653181370e-02 0.0000000000000000e+00 1
5.6721703575367988e-02 -9.6613726818498599e-02 0.0000000000000000e+00 1
4.5332702785546221e-02 -1.0346009917342523e-01 0.0000000000000000e+00 1
5.6980888878883550e-02 -1.0996767239340084e-01 0.0000000000000000e+00 1
3.3281395609094828e-02 -5.7570124538635685e-02 0.0000000000000000e+00 1
2.2199950164316154e-02 -6.4208573102604291e-02 0.0000000000000000e+00 1
2.1996870296209316e-02 -5.1323809954358396e-02 0.0000000000000000e+00 1
1.0918719401071151e-02 -5.7891114845766367e-02 0.0000000000000000e+00 1
1.1113146869691544e-02 -7.0762515224860240e-02 0.0000000000000000e+00 1
-9.7137962316573963e-05 -6.4405806414169084e-02 0.0000000000000000e+00 1
-2.6830388028434001e-04 -5.1619440099854773e-02 0.0000000000000000e+00 1
-1.1233060398135188e-02 -5.8062376405395799e-02 0.0000000000000000e+00 1
-1.1395644610597753e-02 -4.5547109657095776e-02 0.0000000000000000e+00 1
-2.2062443745755819e-02 -5.1815605980523809e-02 0.0000000000000000e+00 1
-2.2339631183695325e-02 -3.9446011168349865e-02 0.0000000000000000e+00 1
-3.2786989074992029e-02 -4.5894452797627987e-02 0.0000000000000000e+00 1
-3.3102012622826721e-02 -3.3387958523291732e-02 0.0000000000000000e+00 1
-4.3547634601819159e-02 -3.9796366875734401e-02 0.0000000000000000e+00 1
-4.3805026265894650e-02 -2.7361550233885416e-02 0.0000000000000000e+00 1
-5.4398566907137652e-02 -3.3622722731983454e-02 0.0000000000000000e+00 1
-5.4365446509914359e-02 -2.1461457907548196e-02 0.0000000000000000e+00 1
-6.5152411795567994e-02 -2.8044601596140653e-02 0.0000000000000000e+00 1
-6.4747362790791491e-02 -1.5747158998751822e-02 0.0000000000000000e+00 1
-7.5173514713067949e-02 -2.2085073315960043e-02 0.0000000000000000e+00 1
-7.4882259473991727e-02 -1.0047110608025654e-02 0.0000000000000000e+00 1
-8.5352746365432788e-02 -1.6255268051945701e-02 0.0000000000000000e+00 1
-8.4929974942517153e-02 -4.4427345799029619e-03 0.0000000000000000e+00 1
-9.5270788946985346e-02 -1.0488604514503988e-02 0.0000000000000000e+00 1
-9.4809154330167192e-02 1.0725379498503058e-03 0.0000000000000000e+00 1
-1.0437446069662941e-01 -4.4658421325193959e-03 0.0000000000000000e+00 1
-1.0441161713691149e-01 6.5461993360735387e-03 0.0000000000000000e+00 1
-1.1384954410919590e-01 1.0399512193605975e-03 0.0000000000000000e+00 1
-1.1391224617341722e-01 1.1859471011793249e-02 0.0000000000000000e+00 1
-1.2320298349874298e-01 6.4456209960485067e-03 0.0000000000000000e+00 1
-1.2325319203931098e-01 1.7059091140882936e-02 0.0000000000000000e+00 1
-1.3222858994708608e-01 1.1959797151195854e-02 0.0000000000000000e+00 1
-1.3242856891690991e-01 2.2208459964756264e-02 0.0000000000000000e+00 1
-1.4118516211780638e-01 1.7309678446996352e-02 0.0000000000000000e+00 1
-1.4137128640457830e-01 2.7216888647514034e-02 0.0000000000000000e+00 1
-1.5010423858186442e-01 2.2213807697983787e-02 0.0000000000000000e+00 1
-1.5010728813086530e-01 3.2096030072156584e-02 0.0000000000000000e+00 1
-1.5871053524297590e-01 2.7070730114452966e-02 0.0000000000000000e+00 1
-1.5870229110287137e-01 1.7262973400000183e-02 0.0000000000000000e+00 1
-1.6736045398320423e-01 2.2169087229511265e-02 0.0000000000000000e+00 1
-8.6044893994181845e-02 -2.8631666930176131e-02 0.0000000000000000e+00 1
-1.3223717717460620e-01 1.5030906172898535e-03 0.0000000000000000e+00 1
-2.1648668845999676e-02 -6.4755212332087836e-02 0.0000000000000000e+00 1
-5.4264198229596196e-02 -4.6069712896607697e-02 0.0000000000000000e+00 1
-1.6703706937808216e-01 3.2091683007162135e-02 0.0000000000000000e+00 1
-1.7586340601420808e-01 2.7063227763368568e-02 0.0000000000000000e+00 1
-1.7594158177732092e-01 1.7321027830134953e-02 0.0000000000000000e+00 1
-1.8432898394428748e-01 2.2278910710495051e-02 0.0000000000000000e+00 1
-1.2399406891660733e-01 2.7641439938793505e-02 0.0000000000000000e+00 1
4.5461071860202540e-02 -1.1686660475237741e-01 0.0000000000000000e+00 1
5.7238583248341274e-02 -1.2340590506486700e-01 0.0000000000000000e+00 1
3.3926277412268314e-02 -1.1026053734737834e-01 0.0000000000000000e+00 1
-8.5294430352414602e-02 6.4785404503804088e-03 0.0000000000000000e+00 1
6.8780690595990679e-02 -1.1648033340224923e-01 0.0000000000000000e+00 1
6.9054115475505107e-02 -1.2996275866656176e-01 0.0000000000000000e+00 1
-1.8446086623815178e-01 1.2525394866143572e-02 0.0000000000000000e+00 1
-1.9275801864506920e-01 1.7576185845743223e-02 0.0000000000000000e+00 1
-5.4690195940881571e-02 -9.6587685525902963e-03 0.0000000000000000e+00 1
-1.5738383750079840e-05 -7.7367847264423070e-02 0.0000000000000000e+00 1
-1.4163044924520990e-01 3.7134111424608353e-02 0.0000000000000000e+00 1
-1.5026985228974077e-01 4.1937254801895460e-02 0.0000000000000000e+00 1
-1.1376356584518374e-01 -9.7032581195244539e-03 0.0000000000000000e+00 1
-3.2854986185448343e-01 8.6195196101172447e-02 0.0000000000000000e+00 1
-2.3221885360161987e-01 1.2792081222479543e-01 0.0000000000000000e+00 1
-1.4698577122148587e-01 1.1414643707877069e-01 0.0000000000000000e+00 1
-1.3989840111374782e-01 1.1841902212554430e-01 0.0000000000000000e+00 1
-1.4714476829207404e-01 1.2241628688745089e-01 0.0000000000000000e+00 1
-1.4008439556418048e-01 1.2669329079555780e-01 0.0000000000000000e+00 1
-1.3279763835078881e-01 1.2270120576243519e-01 0.0000000000000000e+00 1
-1.4732204170595153e-01 1.3064206559889360e-01 0.0000000000000000e+00 1
-1.5431526848352461e-01 1.2640973981839984e-01 0.0000000000000000e+00 1
-1.5448601729504177e-01 1.3454329370579948e-01 0.0000000000000000e+00 1
-1.6140129862004235e-01 1.3039479670881071e-01 0.0000000000000000e+00 1
-1.6157566671140619e-01 1.3841207480105511e-01 0.0000000000000000e+00 1
-1.6840736908206577e-01 1.3431619363873495e-01 0.0000000000000000e+00 1
-2.6430782448666418e-01 2.8599260811894688e-02 0.0000000000000000e+00 1
-1.7612929146691769e-01 3.8155230044972066e-02 0.0000000000000000e+00 1
9.2689432338972449e-02 8.8229505916569625e-02 0.0000000000000000e+00 1
-7.7506667649276162e-02 1.4465155784719963e-01 0.0000000000000000e+00 1
-7.6670822468570182e-02 4.7976934357349156e-02 0.0000000000000000e+00 1
-1.7598024091430481e-01 7.4697130025579766e-03 0.0000000000000000e+00 1
-2.8176922925637571e-01 4.8409003537553813e-02 0.0000000000000000e+00 1
-2.8749607096073776e-01 5.1665374662543263e-02 0.0000000000000000e+00 1
-2.0124657363098813e-01 1.5398694779898192e-01 0.0000000000000000e+00 1
-1.9268672842569984e-01 2.7046291186810529e-02 0.0000000000000000e+00 1
-2.0090818332415136e-01 2.2460259364223304e-02 0.0000000000000000e+00 1
-1.3299315288001234e-01 1.3101011856957914e-01 0.0000000000000000e+00 1
-1.2579814251414456e-01 1.2722626156955366e-01 0.0000000000000000e+00 1
-1.3943278222909053e-01 8.4940960112500172e-02 0.0000000000000000e+00 1
-1.0121896989821186e-01 6.2490555637343077e-02 0.0000000000000000e+00 1
-2.5752541651518407e-01 6.2473357471381719e-02 0.0000000000000000e+00 1
3.8054887529923731e-01 -2.5457961794766959e-01 0.0000000000000000e+00 1
-3.2712376961159473e-02 1.2814708341823969e-01 0.0000000000000000e+00 1
-2.1448657638382402e-02 -2.7752698841664345e-02 0.0000000000000000e+00 1
-2.4493210884266614e-01 3.3082170056454058e-02 0.0000000000000000e+00 1
-2.3044273498937101e-01 1.8886354744756265e-01 0.0000000000000000e+00 1
8.0626829839025971e-02 -1.2298382629547121e-01 0.0000000000000000e+00 1
8.0895651407398600e-02 -1.3653028364797551e-01 0.0000000000000000e+00 1
9.2232294260408909e-02 -1.2953373866210074e-01 0.0000000000000000e+00 1
9.2728805299050962e-02 -1.4310033772174782e-01 0.0000000000000000e+00 1
1.2658719135414614e-01 1.1356298025979457e-02 0.0000000000000000e+00 1
1.3768739668616833e-01 4.8115941319799875e-03 0.0000000000000000e+00 1
1.4883638250883915e-01 1.1802107578079991e-02 0.0000000000000000e+00 1
1.4908739664922094e-01 -1.5474747643753279e-03 0.0000000000000000e+00 1
1.6044058502621680e-01 5.6225547638403947e-03 0.0000000000000000e+00 1
1.6082045842381706e-01 -7.6971001140531898e-03 0.0000000000000000e+00 1
1.0375071119085802e-01 -1.3603051263983948e-01 0.0000000000000000e+00 1
1.0455587536885864e-01 -1.4967038948203137e-01 0.0000000000000000e+00 1
9.2986299715393850e-02 -1.5670245979902916e-01 0.0000000000000000e+00 1
1.0491892583871917e-01 -1.6328969489519651e-01 0.0000000000000000e+00 1
1.1655969558732066e-01 -1.5624973638827830e-01 0.0000000000000000e+00 1
1.1686775577789861e-01 -1.6984821184041152e-01 0.0000000000000000e+00 1
1.2835511092049900e-01 -1.6304449755509307e-01 0.0000000000000000e+00 1
1.2875360316915713e-01 -1.7641544187264360e-01 0.0000000000000000e+00 1
1.4022151114821643e-01 -1.6966719237714589e-01 0.0000000000000000e+00 1
1.4062422852909121e-01 -1.8292616484587498e-01 0.0000000000000000e+00 1
1.5217134859600917e-01 -1.7598661939371860e-01 0.0000000000000000e+00 1
1.5247580376610292e-01 -1.8937852677959446e-01 0.0000000000000000e+00 1
-1.9534343906861634e-01 2.3076930804205717e-01 0.0000000000000000e+00 1
-2.1288138566215542e-01 1.9953086753563523e-01 0.0000000000000000e+00 1
3.3920441188486514e-02 -1.2379668434039591e-01 0.0000000000000000e+00 1
2.2458126559722114e-02 -1.1702053863960553e-01 0.0000000000000000e+00 1
-2.6116916517198996e-01 1.8502003700973593e-01 0.0000000000000000e+00 1
-2.6150060794738306e-01 1.7780398453125607e-01 0.0000000000000000e+00 1
-2.3678503458549935e-01 2.0642218299869303e-01 0.0000000000000000e+00 1
1.0483295392913419e-01 2.3729396241288298e-02 0.0000000000000000e+00 1
-3.0180320585523801e-01 1.3643326041649836e-01 0.0000000000000000e+00 1
-2.9572882229711639e-01 1.4011299232188462e-01 0.0000000000000000e+00 1
-3.2387928163793533e-01 1.0788127078777238e-01 0.0000000000000000e+00 1
-1.5769258180640244e-01 2.2561319666186622e-01 0.0000000000000000e+00 1
-1.5101470871622996e-01 2.2204178743328776e-01 0.0000000000000000e+00 1
6.9302004439378576e-02 -1.4349891695549941e-01 0.0000000000000000e+00 1
-1.0462189034131694e-01 1.7346756434945796e-02 0.0000000000000000e+00 1
1.7226358507342399e-01 -5.4375156124400546e-04 0.0000000000000000e+00 1
1.7262165242766181e-01 -1.4100575548608883e-02 0.0000000000000000e+00 1
-3.0737065962156990e-01 8.5588250655620368e-02 0.0000000000000000e+00 1
-3.0749104095021124e-01 7.9893440632356108e-02 0.0000000000000000e+00 1
-3.1287244947205750e-01 7.6873761113275929e-02 0.0000000000000000e+00 1
-3.0754293436632085e-01 7.3670634025136919e-02 0.0000000000000000e+00 1
-3.1291220963537159e-01 7.0669838694351658e-02 0.0000000000000000e+00 1
-3.0760867515319967e-01 6.7473715533355821e-02 0.0000000000000000e+00 1
3.8852447001418716e-01 -2.6824918306943685e-01 0.0000000000000000e+00 1
3.8844349856732446e-01 -2.7700465734389557e-01 0.0000000000000000e+00 1
3.8093763960767058e-01 -2.8167730804049573e-01 0.0000000000000000e+00 1
-1.5567361845984865e-04 -3.9275739824857298e-02 0.0000000000000000e+00 1
-1.4195358982112730e-01 4.6840495431715000e-02 0.0000000000000000e+00 1
-1.5020516413477050e-01 5.1546151947310423e-02 0.0000000000000000e+00 1
3.4406529356050680e-02 -6.5068449889851129e-03 0.0000000000000000e+00 1
-1.6453059203557219e-01 2.2883184861076269e-01 0.0000000000000000e+00 1
-2.4204237460687994e-01 1.8200804194546588e-01 0.0000000000000000e+00 1
-3.2898864505932535e-01 1.0501625785645546e-01 0.0000000000000000e+00 1
-2.6740774617567542e-01 1.8149993997821051e-01 0.0000000000000000e+00 1
-2.6716698226390123e-01 1.7425906075229433e-01 0.0000000000000000e+00 1
-2.6040063031146676e-01 1.7001434004405952e-01 0.0000000000000000e+00 1
-2.6722835316375310e-01 1.6709321905733479e-01 0.0000000000000000e+00 1
-2.7291591996971176e-01 1.7040085490230761e-01 0.0000000000000000e+00 1
-2.7324885377770852e-01 1.6312600976365635e-01 0.0000000000000000e+00 1
-2.6625157740319910e-01 1.5947186815694997e-01 0.0000000000000000e+00 1
-2.7321229385335161e-01 1.5603251549260300e-01 0.0000000000000000e+00 1
-2.7912610914670705e-01 1.5918691742156263e-01 0.0000000000000000e+00 1
-2.0096700808545936e-01 2.0668908149358386e-01 0.0000000000000000e+00 1
1.3662695360979352e-01 4.3333192727398225e-02 0.0000000000000000e+00 1
-2.0109325203264905e-01 1.3065823626523717e-02 0.0000000000000000e+00 1
-2.0902420397821941e-01 1.7943896013669532e-02 0.0000000000000000e+00 1
-2.0065816636719586e-01 3.1797726600220670e-02 0.0000000000000000e+00 1
-3.2848980888968815e-01 8.0382307846399784e-02 0.0000000000000000e+00 1
1.2913054340676142e-01 -1.8994272806631465e-01 0.0000000000000000e+00 1
6.7923469683009496e-02 -8.9724553670576232e-02 0.0000000000000000e+00 1
1.8419332944616262e-01 -6.9591593417484103e-03 0.0000000000000000e+00 1
1.8454364593652578e-01 -2.0537468642010902e-02 0.0000000000000000e+00 1
1.7291632145891561e-01 -2.7660074096876475e-02 0.0000000000000000e+00 1
1.8486514367235377e-01 -3.4184462275641203e-02 0.0000000000000000e+00 1
1.9659085603354098e-01 -2.7077392530292361e-02 0.0000000000000000e+00 1
1.9691541505256094e-01 -4.0812538249820403e-02 0.0000000000000000e+00 1
2.0870110201697695e-01 -3.3660040255067823e-02 0.0000000000000000e+00 1
2.0900746695394301e-01 -4.7477766056248615e-02 0.0000000000000000e+00 1
1.6396922900079103e-01 -1.8240534574798045e-01 0.0000000000000000e+00 1
1.6423052248657699e-01 -1.9577838073347309e-01 0.0000000000000000e+00 1
1.5279775751196195e-01 -2.0271422929364813e-01 0.0000000000000000e+00 1
1.6449862536453946e-01 -2.0911923404516169e-01 0.0000000000000000e+00 1
1.7584877558808115e-01 -2.0220506581325046e-01 0.0000000000000000e+00 1
1.7610482774445360e-01 -2.1541961605324786e-01 0.0000000000000000e+00 1
1.8733482146885330e-01 -2.0861170636355930e-01 0.0000000000000000e+00 1
1.8764186327034771e-01 -2.2164181163077093e-01 0.0000000000000000e+00 1
1.9881716166408386e-01 -2.1476405212076857e-01 0.0000000000000000e+00 1
1.9904837945383991e-01 -2.2789021183349736e-01 0.0000000000000000e+00 1
-1.5081331256375644e-01 2.1449241500371732e-01 0.0000000000000000e+00 1
-1.4425651220852306e-01 2.1840171303142458e-01 0.0000000000000000e+00 1
-1.4445007227792903e-01 2.2611110574553026e-01 0.0000000000000000e+00 1
-1.3761589808106139e-01 2.2243747806450698e-01 0.0000000000000000e+00 1
-1.3740379922582641e-01 2.1462088831300274e-01 0.0000000000000000e+00 1
-1.3069386308229849e-01 2.1870699942716884e-01 0.0000000000000000e+00 1
-1.3051336184045234e-01 2.1071007949828616e-01 0.0000000000000000e+00 1
-1.2365988203449835e-01 2.1494828016571163e-01 0.0000000000000000e+00 1
-1.2353667729173906e-01 2.0675853752551310e-01 0.0000000000000000e+00 1
-1.1657928177760746e-01 2.1103443843146100e-01 0.0000000000000000e+00 1
-1.1678556993870559e-01 2.1920444203337416e-01 0.0000000000000000e+00 1
-1.0963293697755028e-01 2.1533215391528790e-01 0.0000000000000000e+00 1
-1.0941367821740577e-01 2.0711594186561119e-01 0.0000000000000000e+00 1
-1.0239094286862735e-01 2.1142838501487973e-01 0.0000000000000000e+00 1
-1.0217400578320177e-01 2.0315863933361486e-01 0.0000000000000000e+00 1
-9.5082126027738481e-02 2.0750264058034981e-01 0.0000000000000000e+00 1
-9.4872563729631168e-02 1.9915799606864160e-01 0.0000000000000000e+00 1
-8.7725478014090807e-02 2.0353247573065059e-01 0.0000000000000000e+00 1
-9.5332747321878478e-02 2.1582348895609765e-01 0.0000000000000000e+00 1
-2.4895243275559975e-01 1.9954913698286272e-01 0.0000000000000000e+00 1
-2.6131147690062917e-01 1.9219358687462273e-01 0.0000000000000000e+00 1
-3.0783729783820668e-01 1.3279683963464881e-01 0.0000000000000000e+00 1
1.4786810990894123e-01 3.7448941996807927e-02 0.0000000000000000e+00 1
1.9720968090150906e-01 -5.4625260650791867e-02 0.0000000000000000e+00 1
2.0929950828502233e-01 -6.1310797793162543e-02 0.0000000000000000e+00 1
2.2113599086123109e-01 -5.4145611179029954e-02 0.0000000000000000e+00 1
2.2144055942538768e-01 -6.8015010468828518e-02 0.0000000000000000e+00 1
2.3333533311956089e-01 -6.0819920939966472e-02 0.0000000000000000e+00 1
2.3369627335181692e-01 -7.4611050042323115e-02 0.0000000000000000e+00 1
2.4555084272396321e-01 -6.7506626912608073e-02 0.0000000000000000e+00 1
2.4582877606815473e-01 -8.1460872008696297e-02 0.0000000000000000e+00 1
-1.8466383028901998e-01 2.5599104441930425e-03 0.0000000000000000e+00 1
-1.7586115734609434e-01 -2.6501259398789387e-03 0.0000000000000000e+00 1
-1.8968545926340646e-01 2.3429449898739388e-01 0.0000000000000000e+00 1
-1.6858276800627237e-01 1.4227935581836565e-01 0.0000000000000000e+00 1
-1.7533644437214863e-01 1.3819069125070477e-01 0.0000000000000000e+00 1
-1.6178236102593807e-01 1.4637171354769990e-01 0.0000000000000000e+00 1
9.3256580082538301e-02 -1.7034975291198451e-01 0.0000000000000000e+00 1
-3.0147808921881197e-01 7.6672112252261268e-02 0.0000000000000000e+00 1
9.3971500633753063e-02 2.9660922758835504e-02 0.0000000000000000e+00 1
2.1196935505765797e-02 1.3396537585174387e-01 0.0000000000000000e+00 1
2.8730496191773362e-02 1.3863117617405285e-01 0.0000000000000000e+00 1
2.1124801140343701e-02 1.4277649970815937e-01 0.0000000000000000e+00 1
2.8396151927264180e-02 1.4729908492787172e-01 0.0000000000000000e+00 1
2.0964563668479617e-02 1.5134259265514996e-01 0.0000000000000000e+00 1
2.8166884567947931e-02 1.5571994435195907e-01 0.0000000000000000e+00 1
2.0879410606496271e-02 1.5965646753369353e-01 0.0000000000000000e+00 1
3.5503708256181502e-02 1.5179547707697857e-01 0.0000000000000000e+00 1
3.5260724232103961e-02 1.6008127354788818e-01 0.0000000000000000e+00 1
4.2493359156375893e-02 1.5626530788412088e-01 0.0000000000000000e+00 1
4.2887215404494639e-02 1.4789866908545146e-01 0.0000000000000000e+00 1
4.9915760087212692e-02 1.5244048572787341e-01 0.0000000000000000e+00 1
4.2129352396714705e-02 1.6440902318435643e-01 0.0000000000000000e+00 1
3.5082124702211781e-02 1.6813358960391719e-01 0.0000000000000000e+00 1
1.3602491797201872e-02 1.5538554360682369e-01 0.0000000000000000e+00 1
1.3511723032939727e-02 1.6371573995430141e-01 0.0000000000000000e+00 1
6.2409569500800422e-03 1.5944844436234215e-01 0.0000000000000000e+00 1
6.1019543190796027e-03 1.6782366033909135e-01 0.0000000000000000e+00 1
1.3479973462214509e-02 1.7194199652548844e-01 0.0000000000000000e+00 1
5.9424778292946510e-03 1.7615160880317973e-01 0.0000000000000000e+00 1
-1.2088310410442917e-03 1.7189489283727102e-01 0.0000000000000000e+00 1
-1.3370438695363639e-03 1.8024659162011983e-01 0.0000000000000000e+00 1
-8.4835005691884634e-03 1.7597251133636568e-01 0.0000000000000000e+00 1
-8.5919675597844487e-03 1.8431521499759443e-01 0.0000000000000000e+00 1
-1.5769364094748620e-02 1.8004942241264929e-01 0.0000000000000000e+00 1
-1.5865559668738996e-02 1.8839652426075670e-01 0.0000000000000000e+00 1
-2.3148999530820585e-02 1.8400542480401708e-01 0.0000000000000000e+00 1
-2.3184085177288129e-02 1.9248660127386222e-01 0.0000000000000000e+00 1
-3.0500040711313819e-02 1.8808217501862098e-01 0.0000000000000000e+00 1
-3.0527724993357805e-02 1.9663567686835906e-01 0.0000000000000000e+00 1
-3.7799397947486553e-02 1.9232977859682990e-01 0.0000000000000000e+00 1
-3.7875397196476285e-02 2.0082115329470682e-01 0.0000000000000000e+00 1
-4.5180737641512821e-02 1.9650023138807626e-01 0.0000000000000000e+00 1
1.3402870723248342e-02 1.8011228712966590e-01 0.0000000000000000e+00 1
2.1011159476656030e-01 -2.2100233685062806e-01 0.0000000000000000e+00 1
2.1032940015166549e-01 -2.3400267762927895e-01 0.0000000000000000e+00 1
2.2132462278236234e-01 -2.2706447786886977e-01 0.0000000000000000e+00 1
2.2147094076618365e-01 -2.4000110487296908e-01 0.0000000000000000e+00 1
2.3232204519251223e-01 -2.3315215872758635e-01 0.0000000000000000e+00 1
2.3259406034497654e-01 -2.4560274509589641e-01 0.0000000000000000e+00 1
-1.4747296977006297e-01 1.3889137936331467e-01 0.0000000000000000e+00 1
-2.8744705987384656e-01 4.5083498127775165e-02 0.0000000000000000e+00 1
-2.9288653821900296e-01 4.8301479628910952e-02 0.0000000000000000e+00 1
-2.8183938901617683e-01 4.1861836557630788e-02 0.0000000000000000e+00 1
-3.1296284680601016e-01 6.4458463595979634e-02 0.0000000000000000e+00 1
-3.1824490433830599e-01 6.7855752518308415e-02 0.0000000000000000e+00 1
-1.7521345982081332e-01 1.3026648769513463e-01 0.0000000000000000e+00 1
-1.8209890379294461e-01 1.3411184425490191e-01 0.0000000000000000e+00 1
-1.8199485257787232e-01 1.2623762836023547e-01 0.0000000000000000e+00 1
-1.8884997767270822e-01 1.3006779272175237e-01 0.0000000000000000e+00 1
-1.8874629128457365e-01 1.2221099979477588e-01 0.0000000000000000e+00 1
-1.9561345827426760e-01 1.2604112520194788e-01 0.0000000000000000e+00 1
1.2621860961631981e-01 -2.1696783041169096e-03 0.0000000000000000e+00 1
-1.4208539508587664e-01 5.6337832472092647e-02 0.0000000000000000e+00 1
-1.3386644390732355e-01 5.1759082826655901e-02 0.0000000000000000e+00 1
-1.5025672499539125e-01 6.0853052513116380e-02 0.0000000000000000e+00 1
-1.5822828474822070e-01 5.6210370369677742e-02 0.0000000000000000e+00 1
-6.8782253896826642e-02 8.2116525683247246e-02 0.0000000000000000e+00 1
-6.0688453105044900e-02 8.7080771813231858e-02 0.0000000000000000e+00 1
-6.8954617284196884e-02 9.1622052283904701e-02 0.0000000000000000e+00 1
-6.0872723041796202e-02 9.6520764662374955e-02 0.0000000000000000e+00 1
-6.9077521559092123e-02 1.0095930184187238e-01 0.0000000000000000e+00 1
-5.2597247165467494e-02 9.2085936617675709e-02 0.0000000000000000e+00 1
-6.0519130490798004e-02 1.0608037011629069e-01 0.0000000000000000e+00 1
-6.8852168955951754e-02 1.1035098916890974e-01 0.0000000000000000e+00 1
-7.7015686493896840e-02 1.0545686870530512e-01 0.0000000000000000e+00 1
-7.7423807737532629e-02 1.1407790440568427e-01 0.0000000000000000e+00 1
-8.5016490834117525e-02 1.0981896651527492e-01 0.0000000000000000e+00 1
-8.5287388785113452e-02 1.1854295226177107e-01 0.0000000000000000e+00 1
-9.2784492330309568e-02 1.1417125239244345e-01 0.0000000000000000e+00 1
-9.3163815610830036e-02 1.2255496986139959e-01 0.0000000000000000e+00 1
3.3846596934926820e-01 -2.6982912967936606e-01 0.0000000000000000e+00 1
3.3871740379490878e-01 -2.7958108045069546e-01 0.0000000000000000e+00 1
3.4768192701791956e-01 -2.8437734778891366e-01 0.0000000000000000e+00 1
3.2998716393985428e-01 -2.7512320732589363e-01 0.0000000000000000e+00 1
3.3023820623799105e-01 -2.8494979595674880e-01 0.0000000000000000e+00 1
3.2143829734856705e-01 -2.8046578037888598e-01 0.0000000000000000e+00 1
-1.9549557576210891e-01 1.1819278893995956e-01 0.0000000000000000e+00 1
-2.0235609340967112e-01 1.2199794994606590e-01 0.0000000000000000e+00 1
-2.0223351046128096e-01 1.1415711502781360e-01 0.0000000000000000e+00 1
-2.0868827239894039e-01 1.1798376609078969e-01 0.0000000000000000e+00 1
-2.4547570477695776e-01 1.4972108332312309e-01 0.0000000000000000e+00 1
-3.3334835459406120e-01 8.3184345566970935e-02 0.0000000000000000e+00 1
-3.3353838693610083e-01 8.8843923537854141e-02 0.0000000000000000e+00 1
2.3188186414187953e-01 -1.9337789414063467e-01 0.0000000000000000e+00 1
3.8859550416724492e-01 -2.8571581990830425e-01 0.0000000000000000e+00 1
3.8139039888434839e-01 -2.9026263119494539e-01 0.0000000000000000e+00 1
-6.9876337424318771e-02 1.1797819125285058e-01 0.0000000000000000e+00 1
2.9724083172192695e-01 -1.9187620549161732e-01 0.0000000000000000e+00 1
2.9703254175375077e-01 -1.7962528919744883e-01 0.0000000000000000e+00 1
3.0792561983257738e-01 -1.8550099786579002e-01 0.0000000000000000e+00 1
3.0770271136894689e-01 -1.7326436775839812e-01 0.0000000000000000e+00 1
2.9691463243958527e-01 -1.6715105984094181e-01 0.0000000000000000e+00 1
3.1854935846510068e-01 -1.7931489935773290e-01 0.0000000000000000e+00 1
3.0769030833773570e-01 -1.6065540987554647e-01 0.0000000000000000e+00 1
2.9664355046033825e-01 -1.5446450812574206e-01 0.0000000000000000e+00 1
3.0750702918305228e-01 -1.4791376248412069e-01 0.0000000000000000e+00 1
2.9623221000810374e-01 -1.4163976007232526e-01 0.0000000000000000e+00 1
1.7672105585213538e-01 -2.2832116004343730e-01 0.0000000000000000e+00 1
-2.0892143058755186e-01 1.1015242596784285e-01 0.0000000000000000e+00 1
1.4833032481148783e-01 -1.2253345802635308e-01 0.0000000000000000e+00 1
-4.5278222639741725e-02 2.0500995475827596e-01 0.0000000000000000e+00 1
-5.2597323842056343e-02 2.0066336616682956e-01 0.0000000000000000e+00 1
-5.2483059017382830e-02 1.9217031598895476e-01 0.0000000000000000e+00 1
-5.9817198869427324e-02 1.9617864761890955e-01 0.0000000000000000e+00 1
-5.9744461185625354e-02 2.0442497443858562e-01 0.0000000000000000e+00 1
2.1863434276925711e-01 -1.2101700578806074e-01 0.0000000000000000e+00 1
-2.3270897252897653e-02 1.7568807875661427e-01 0.0000000000000000e+00 1
-3.0766256084232124e-01 6.1281207214168520e-02 0.0000000000000000e+00 1
-3.0224220079161129e-01 6.4326804916326863e-02 0.0000000000000000e+00 1
-3.0798539738299674e-01 1.3981429009412663e-01 0.0000000000000000e+00 1
1.3504774949754905e-01 -4.9062955259754154e-02 0.0000000000000000e+00 1
-3.0111872318336930e-01 1.0151924688171610e-01 0.0000000000000000e+00 1
-1.0049507376292795e-01 1.1836577721174962e-01 0.0000000000000000e+00 1
-8.7454068173487082e-02 1.9549802479305439e-01 0.0000000000000000e+00 1
-2.2587503573623707e-01 1.3156103650488141e-01 0.0000000000000000e+00 1
-2.1604590641418700e-01 1.1465421311567348e-01 0.0000000000000000e+00 1
-2.1575766851651301e-01 1.0625297434305288e-01 0.0000000000000000e+00 1
-2.2275846972058932e-01 1.0977969553558724e-01 0.0000000000000000e+00 1
-2.2245278043545655e-01 1.0209724687361196e-01 0.0000000000000000e+00 1
-2.2929731059417741e-01 1.0587305483249664e-01 0.0000000000000000e+00 1
-2.2917359413525457e-01 9.8128457419285567e-02 0.0000000000000000e+00 1
-2.3594048187896666e-01 1.0187953022464374e-01 0.0000000000000000e+00 1
-2.3583872477539469e-01 9.4161226378229004e-02 0.0000000000000000e+00 1
-2.4257810840902472e-01 9.7906193651812787e-02 0.0000000000000000e+00 1
-2.4246869681269168e-01 9.0232595187877809e-02 0.0000000000000000e+00 1
-1.2585852379755172e-01 1.3537065786343652e-01 0.0000000000000000e+00 1
5.0382827495878336e-02 1.4403598190691380e-01 0.0000000000000000e+00 1
5.7524417658153082e-02 1.4853413120017259e-01 0.0000000000000000e+00 1
-8.5182985600053079e-02 4.2937336208203052e-02 0.0000000000000000e+00 1
-7.6465083044550006e-02 3.7918957882331975e-02 0.0000000000000000e+00 1
1.8378029102117147e-01 6.6835700696114752e-03 0.0000000000000000e+00 1
5.5173244406781209e-02 7.5942945394145311e-02 0.0000000000000000e+00 1
5.5410353382727852e-02 6.5188195743312305e-02 0.0000000000000000e+00 1
4.5885825556120342e-02 7.0373224633466666e-02 0.0000000000000000e+00 1
-1.0064389009217226e-01 1.2708284998826988e-01 0.0000000000000000e+00 1
3.2184470202888110e-01 -2.9055767617054423e-01 0.0000000000000000e+00 1
3.1284389261740181e-01 -2.8594159477786979e-01 0.0000000000000000e+00 1
3.3205463992691087e-01 -2.9525885364279825e-01 0.0000000000000000e+00 1
-2.8955566527639270e-01 1.3674829198303309e-01 0.0000000000000000e+00 1
-1.3783135302539554e-01 2.3023998033145429e-01 0.0000000000000000e+00 1
6.4644210662617912e-02 5.9496277154523512e-02 0.0000000000000000e+00 1
-8.6731087496614238e-03 1.9262201381861144e-01 0.0000000000000000e+00 1
5.7104314511765931e-02 1.5695119183239839e-01 0.0000000000000000e+00 1
6.4558464683726891e-02 1.5323243496154906e-01 0.0000000000000000e+00 1
6.5182262640040206e-02 1.4455903425438366e-01 0.0000000000000000e+00 1
1.3834058535097567e-02 1.0148699896978149e-01 0.0000000000000000e+00 1
5.5598098985027685e-03 9.6580255272790586e-02 0.0000000000000000e+00 1
1.4110457142978934e-02 9.1868094661550437e-02 0.0000000000000000e+00 1
5.6183966637959985e-03 8.7001575578635429e-02 0.0000000000000000e+00 1
-2.8544927142002794e-03 9.1701515473308237e-02 0.0000000000000000e+00 1
1.4419069264538936e-02 8.2472106042705565e-02 0.0000000000000000e+00 1
-2.8567134970116639e-03 8.2044432029515807e-02 0.0000000000000000e+00 1
-1.1313705516434311e-02 8.6777740098217412e-02 0.0000000000000000e+00 1
-1.8220511620445137e-01 1.4196947947245972e-01 0.0000000000000000e+00 1
3.9568525953843842e-01 -2.8144675335846381e-01 0.0000000000000000e+00 1
8.7437204434681073e-02 -1.1786792271493825e-02 0.0000000000000000e+00 1
2.2301278628897737e-02 -1.3075053882421481e-01 0.0000000000000000e+00 1
1.1421767333231525e-02 -1.2415666075655163e-01 0.0000000000000000e+00 1
3.4141442860039548e-02 -1.3740078168205330e-01 0.0000000000000000e+00 1
3.1869871088623414e-01 -1.5417777458421231e-01 0.0000000000000000e+00 1
-1.5796690717186809e-01 2.3305355840181097e-01 0.0000000000000000e+00 1
-2.0927371272004996e-01 8.6025183301028183e-03 0.0000000000000000e+00 1
-2.1712984215263603e-01 1.3482534675752604e-02 0.0000000000000000e+00 1
-2.1673678238405347e-01 2.2757903608534674e-02 0.0000000000000000e+00 1
-5.9341940709609915e-02 1.8780795282346988e-01 0.0000000000000000e+00 1
-1.9553739612530685e-01 2.3738792736184211e-01 0.0000000000000000e+00 1
2.8544356931170856e-01 -1.4822910299854877e-01 0.0000000000000000e+00 1
2.8483044764010634e-01 -1.3525821701016011e-01 0.0000000000000000e+00 1
2.9671410150157185e-01 -1.2661752353035352e-01 0.0000000000000000e+00 1
2.8456299604543461e-01 -1.2208084366604456e-01 0.0000000000000000e+00 1
1.6371599303661294e-01 -1.6901954698959457e-01 0.0000000000000000e+00 1
9.1270446479205306e-02 -1.1582776893818593e-01 0.0000000000000000e+00 1
2.0964626743625317e-01 -7.5036072897305309e-02 0.0000000000000000e+00 1
-8.3835734688468642e-03 1.6762893299592391e-01 0.0000000000000000e+00 1
2.4558232388975568e-01 -2.3868825806990551e-01 0.0000000000000000e+00 1
2.4398615076064720e-01 -2.5107787671266890e-01 0.0000000000000000e+00 1
4.1817096028839616e-02 1.7236784773016356e-01 0.0000000000000000e+00 1
3.4881937762306366e-02 1.7611844388867648e-01 0.0000000000000000e+00 1
4.6052699465295679e-02 5.9582636950255959e-02 0.0000000000000000e+00 1
3.6689786340220749e-02 6.4569788093014890e-02 0.0000000000000000e+00 1
2.7319838857727341e-01 -1.2892525302432142e-01 0.0000000000000000e+00 1
2.7317913839281355e-01 -1.1604320256898687e-01 0.0000000000000000e+00 1
-1.0985598101734165e-01 2.2349920894573333e-01 0.0000000000000000e+00 1
2.3288493363909271e-01 -4.7207580633080226e-02 0.0000000000000000e+00 1
2.6195438927291659e-01 -1.2258145575839979e-01 0.0000000000000000e+00 1
-2.4512273299252976e-01 1.5705186547428623e-01 0.0000000000000000e+00 1
3.1241211599497598e-01 -2.7561805472523293e-01 0.0000000000000000e+00 1
3.0348452009941151e-01 -2.8124660358898906e-01 0.0000000000000000e+00 1
3.0316154838744092e-01 -2.7062089253265253e-01 0.0000000000000000e+00 1
2.9410365382144471e-01 -2.7628194007382889e-01 0.0000000000000000e+00 1
2.9449557115608066e-01 -2.8704853724057183e-01 0.0000000000000000e+00 1
2.8497532588618263e-01 -2.8208203345443533e-01 0.0000000000000000e+00 1
2.8444451452884312e-01 -2.7114080801831181e-01 0.0000000000000000e+00 1
2.7511915669749909e-01 -2.7708225789935187e-01 0.0000000000000000e+00 1
2.7459961492035484e-01 -2.6592962800198933e-01 0.0000000000000000e+00 1
2.6508140595507462e-01 -2.7199024983987447e-01 0.0000000000000000e+00 1
2.2237165193834910e-01 -2.5188284316839338e-01 0.0000000000000000e+00 1
-3.8450495027163557e-02 1.8391414765044961e-01 0.0000000000000000e+00 1
-1.1700497871867489e-01 2.2731610563594920e-01 0.0000000000000000e+00 1
1.3515740573963603e-01 -3.5708776982151288e-02 0.0000000000000000e+00 1
1.9941364122684108e-01 -2.4061132784484310e-01 0.0000000000000000e+00 1
-1.0924926856143591e-01 1.9887742471632117e-01 0.0000000000000000e+00 1
-3.2932914641641164e-01 1.1092009920647723e-01 0.0000000000000000e+00 1
-1.9567415810709177e-01 1.3386167273149957e-01 0.0000000000000000e+00 1
-3.3811852477001925e-01 8.5914695703309021e-02 0.0000000000000000e+00 1
-3.3826965973455331e-01 9.1249187005227828e-02 0.0000000000000000e+00 1
-1.8369844918659242e-01 2.3110424312904845e-01 0.0000000000000000e+00 1
-1.8395750437248329e-01 2.3790886078880646e-01 0.0000000000000000e+00 1
3.9588993934399014e-01 -2.8946455807098936e-01 0.0000000000000000e+00 1
3.2997054180392220e-02 -4.4728022941201193e-02 0.0000000000000000e+00 1
-2.4378218844463301e-01 4.7389996113426413e-03 0.0000000000000000e+00 1
2.5779070439389429e-01 -7.4267180137439937e-02 0.0000000000000000e+00 1
-2.6709795072951148e-01 1.5259415100872506e-01 0.0000000000000000e+00 1
-2.7303638639144701e-01 1.4886924496267509e-01 0.0000000000000000e+00 1
-3.1826156572907588e-01 6.1549970263832021e-02 0.0000000000000000e+00 1
2.8394214941928708e-01 -1.1029287676723322e-01 0.0000000000000000e+00 1
1.9852483130329271e-01 -2.0149730842547633e-01 0.0000000000000000e+00 1
1.7320388168316739e-01 -4.1251392510026963e-02 0.0000000000000000e+00 1
-1.6485265833187607e-01 2.3605646086503573e-01 0.0000000000000000e+00 1
2.0835621150002681e-01 -1.9889682939250492e-02 0.0000000000000000e+00 1
1.5311930695180215e-01 -2.1604787111770382e-01 0.0000000000000000e+00 1
-1.6870696991602743e-01 1.5019522772938412e-01 0.0000000000000000e+00 1
-1.6195172807876806e-01 1.5428909068368676e-01 0.0000000000000000e+00 1
1.1320295262003255e-02 -8.3811100457782825e-02 0.0000000000000000e+00 1
4.7000418278890315e-05 -9.0484746099145211e-02 0.0000000000000000e+00 1
-3.0572836262434466e-02 2.0513359818940866e-01 0.0000000000000000e+00 1
2.1855174403587196e-01 -1.0777035352852106e-01 0.0000000000000000e+00 1
-2.8734226779558425e-01 3.8616291428358797e-02 0.0000000000000000e+00 1
-2.8184895596656379e-01 3.5459495883453075e-02 0.0000000000000000e+00 1
2.2409327382060001e-02 -1.4441142831174744e-01 0.0000000000000000e+00 1
9.8370445231019302e-02 -1.7739707891782461e-02 0.0000000000000000e+00 1
-1.2608681987907625e-01 1.1893371741218771e-01 0.0000000000000000e+00 1
-2.8966186179810149e-01 1.4376256025957418e-01 0.0000000000000000e+00 1
-2.9588659214507118e-01 1.4722312547429137e-01 0.0000000000000000e+00 1
-8.5397463069350518e-02 1.7428437371103406e-01 0.0000000000000000e+00 1
-7.7934865175099108e-02 1.7833919115056776e-01 0.0000000000000000e+00 1
-6.9994589607239588e-02 1.4044157486337708e-01 0.0000000000000000e+00 1
-1.1252414065022217e-02 9.6522583406253720e-02 0.0000000000000000e+00 1
-1.9676349656533539e-02 9.1678627605693397e-02 0.0000000000000000e+00 1
-3.3330474961027801e-01 7.7596598049838178e-02 0.0000000000000000e+00 1
-2.0847799912933246e-01 1.2620318522489790e-01 0.0000000000000000e+00 1
2.5341862727448311e-01 -2.4667008118200776e-01 0.0000000000000000e+00 1
-2.7626575918360596e-01 3.8621813522378305e-02 0.0000000000000000e+00 1
1.4738569149480313e-01 5.0217155400320374e-02 0.0000000000000000e+00 1
2.6632903307047651e-01 -2.2317279635209689e-01 0.0000000000000000e+00 1
1.7545023291073136e-01 -1.7545593952606786e-01 0.0000000000000000e+00 1
-1.5823025975699812e-01 6.5369549267659546e-02 0.0000000000000000e+00 1
-1.6615710966566655e-01 6.0746255243084891e-02 0.0000000000000000e+00 1
1.4874973872239580e-01 -1.3583356284242409e-01 0.0000000000000000e+00 1
-8.4954514588111291e-02 3.3149992243648403e-02 0.0000000000000000e+00 1
-9.3445814348742703e-02 3.8451430740661298e-02 0.0000000000000000e+00 1
-7.6235119434483883e-02 2.7676157646908107e-02 0.0000000000000000e+00 1
1.5881551241511208e-01 4.4245950872552460e-02 0.0000000000000000e+00 1
-1.0031086289095609e-01 1.0968283020431728e-01 0.0000000000000000e+00 1
-8.0491333591519526e-02 1.9958658438318216e-01 0.0000000000000000e+00 1
-8.0585103579388070e-02 2.0796874121775732e-01 0.0000000000000000e+00 1
-1.8487525552891948e-01 -7.6898327700031304e-03 0.0000000000000000e+00 1
-1.7596946173256112e-01 -1.3080633920031547e-02 0.0000000000000000e+00 1
-1.6675988334392669e-01 -7.8616197509937917e-03 0.0000000000000000e+00 1
-1.6683898275532275e-01 -1.8524698219297531e-02 0.0000000000000000e+00 1
-1.5743315576916064e-01 -1.3180064766694468e-02 0.0000000000000000e+00 1
-1.5750562536527665e-01 -2.4095824265730148e-02 0.0000000000000000e+00 1
-1.4791740914687831e-01 -1.8631119132869845e-02 0.0000000000000000e+00 1
-1.4796991613895039e-01 -2.9791014095539647e-02 0.0000000000000000e+00 1
-1.3817725311185569e-01 -2.4213891170228794e-02 0.0000000000000000e+00 1
-1.3822859378050584e-01 -3.5592921214171673e-02 0.0000000000000000e+00 1
-1.2822906198862288e-01 -2.9908120313497835e-02 0.0000000000000000e+00 1
-1.2809732708043595e-01 -4.1161165817405088e-02 0.0000000000000000e+00 1
-1.1808578928119978e-01 -3.5655146335243061e-02 0.0000000000000000e+00 1
-1.1805021578471014e-01 -4.7199554376524677e-02 0.0000000000000000e+00 1
-1.0781341862959433e-01 -4.1557205026240225e-02 0.0000000000000000e+00 1
-1.0769949157692506e-01 -5.3227786038419843e-02 0.0000000000000000e+00 1
-9.7360133165069029e-02 -4.7549678550027584e-02 0.0000000000000000e+00 1
-9.7256364391257122e-02 -5.9426781723842449e-02 0.0000000000000000e+00 1
-8.6776582505937894e-02 -5.3652449458964191e-02 0.0000000000000000e+00 1
-8.6690481020798904e-02 -6.5718826781448914e-02 0.0000000000000000e+00 1
1.3682936811855784e-01 -1.2942043134657330e-01 0.0000000000000000e+00 1
-6.7567279099142119e-02 3.2925913660572619e-02 0.0000000000000000e+00 1
-6.7109748773196601e-02 2.2501551037009813e-02 0.0000000000000000e+00 1
2.3022796513892366e-01 -1.1391403386146104e-01 0.0000000000000000e+00 1
9.4273684045376199e-02 1.7363101963042960e-02 0.0000000000000000e+00 1
-9.2864397457066858e-02 1.3175203993818677e-01 0.0000000000000000e+00 1
-3.3442056043469487e-01 1.0798743680305814e-01 0.0000000000000000e+00 1
-1.9732001568576726e-02 8.1917249430130859e-02 0.0000000000000000e+00 1
-2.8132401177826317e-02 8.6901295632449915e-02 0.0000000000000000e+00 1
-2.7930050786320607e-02 9.6628286381612763e-02 0.0000000000000000e+00 1
3.4069541933910513e-02 -1.5058866179405017e-01 0.0000000000000000e+00 1
-1.3741285428820640e-01 2.0668815076172353e-01 0.0000000000000000e+00 1
-1.0810353659816904e-01 -6.5802369873551814e-02 0.0000000000000000e+00 1
8.3507491993893859e-02 2.3324959612656022e-02 0.0000000000000000e+00 1
-1.5824990198377192e-01 2.4044669601249000e-01 0.0000000000000000e+00 1
-3.1397135007143240e-01 1.3612359960509302e-01 0.0000000000000000e+00 1
3.6756476102118060e-02 5.3854366513554214e-02 0.0000000000000000e+00 1
4.6360196256745166e-02 4.8496655508575418e-02 0.0000000000000000e+00 1
2.7348497203679246e-02 5.8902959485701206e-02 0.0000000000000000e+00 1
7.3710782902737373e-02 1.4985944267453585e-01 0.0000000000000000e+00 1
7.3065287597635739e-02 1.4044515244874350e-01 0.0000000000000000e+00 1
2.6374640150234852e-01 -1.0898299135257054e-01 0.0000000000000000e+00 1
3.1340550935003331e-01 -2.9592116697906051e-01 0.0000000000000000e+00 1
4.0252695328920213e-01 -2.8536889805694143e-01 0.0000000000000000e+00 1
4.0249398923331886e-01 -2.7757718842906431e-01 0.0000000000000000e+00 1
3.1852996697692720e-01 -1.4140178177630539e-01 0.0000000000000000e+00 1
2.4431425385370689e-01 -2.2506709233118702e-01 0.0000000000000000e+00 1
-3.1415429244011173e-01 1.4313860120110325e-01 0.0000000000000000e+00 1
-1.3402949254803170e-01 6.1177033429075038e-02 0.0000000000000000e+00 1
-1.2575748158975064e-01 5.6745233471708963e-02 0.0000000000000000e+00 1
-2.2473115573874497e-01 1.8322066873123561e-02 0.0000000000000000e+00 1
-2.2439950388691238e-01 2.7209123714655701e-02 0.0000000000000000e+00 1
-2.7636858650440954e-01 3.2258839605835608e-02 0.0000000000000000e+00 1
-7.5929625759179400e-02 -5.9684954044707382e-02 0.0000000000000000e+00 1
-7.5919538836088360e-02 -7.2075741332626314e-02 0.0000000000000000e+00 1
-6.5020810395386694e-02 -6.5935629347102911e-02 0.0000000000000000e+00 1
-6.5091376733763862e-02 -7.8621077827366603e-02 0.0000000000000000e+00 1
-5.4111184422135306e-02 -7.2469538416414500e-02 0.0000000000000000e+00 1
-5.4096436437154768e-02 -8.5177390903647718e-02 0.0000000000000000e+00 1
-3.2852267772902283e-01 7.4742557589534922e-02 0.0000000000000000e+00 1
6.5502727115660589e-02 1.3548197732246764e-01 0.0000000000000000e+00 1
7.3904292226933593e-02 1.3164521760321735e-01 0.0000000000000000e+00 1
8.1476419349762866e-02 1.3619803821673052e-01 0.0000000000000000e+00 1
8.2385883417038855e-02 1.2728517626094932e-01 0.0000000000000000e+00 1
-3.2346166706578833e-01 6.5118024832909460e-02 0.0000000000000000e+00 1
-1.7512183896384645e-01 1.2236655568394565e-01 0.0000000000000000e+00 1
-3.3331512460679480e-01 7.2035083014590065e-02 0.0000000000000000e+00 1
-2.6351212167753163e-01 1.5430982537491068e-02 0.0000000000000000e+00 1
-2.4913018391363512e-01 9.3976181890780233e-02 0.0000000000000000e+00 1
-2.4902797190305917e-01 8.6345475882151468e-02 0.0000000000000000e+00 1
-2.4924388234507067e-01 1.0156481099982624e-01 0.0000000000000000e+00 1
-1.9269696363363656e-01 3.6344644855235642e-02 0.0000000000000000e+00 1
-2.0059662514385257e-01 4.0939160657309605e-02 0.0000000000000000e+00 1
-1.9372171491050730e-01 4.5373695036313486e-02 0.0000000000000000e+00 1
-2.0840242840277484e-01 3.6491176850582722e-02 0.0000000000000000e+00 1
-2.0103605483180792e-01 2.3396379270651593e-01 0.0000000000000000e+00 1
-2.0120148179760711e-01 2.4037722074321380e-01 0.0000000000000000e+00 1
-2.0655774786696207e-01 2.3708104420256590e-01 0.0000000000000000e+00 1
-1.9588483794674821e-01 2.4376971133038514e-01 0.0000000000000000e+00 1
-3.1382793683501975e-01 1.2921411547437608e-01 0.0000000000000000e+00 1
-2.8898225364332863e-01 1.0141851016565125e-01 0.0000000000000000e+00 1
3.1871179383904791e-01 -1.9141366237103827e-01 0.0000000000000000e+00 1
3.2910419685433756e-01 -1.8536354725140491e-01 0.0000000000000000e+00 1
3.2920775777732725e-01 -1.9735676381262560e-01 0.0000000000000000e+00 1
3.3943265595245570e-01 -1.9131434018684731e-01 0.0000000000000000e+00 1
3.3943308654737925e-01 -1.7935119829644675e-01 0.0000000000000000e+00 1
3.3957067330124624e-01 -2.0306445648032154e-01 0.0000000000000000e+00 1
3.4958090698286109e-01 -1.9714018101891806e-01 0.0000000000000000e+00 1
3.4976640976747575e-01 -2.0858902836828994e-01 0.0000000000000000e+00 1
3.5956934165249266e-01 -2.0285826919817782e-01 0.0000000000000000e+00 1
3.5966505007737026e-01 -2.1403742674813656e-01 0.0000000000000000e+00 1
3.6919228207262567e-01 -2.0847055515392679e-01 0.0000000000000000e+00 1
3.6928189017676294e-01 -2.1926453065335946e-01 0.0000000000000000e+00 1
3.6004790354526822e-01 -1.9197036819717020e-01 0.0000000000000000e+00 1
-9.4153721842812274e-02 1.9162178277658765e-01 0.0000000000000000e+00 1
-2.0830160700715133e-01 4.5364179929852720e-02 0.0000000000000000e+00 1
3.4975864900724539e-02 7.5770917171753577e-02 0.0000000000000000e+00 1
-1.8270325275800492e-01 1.9532770072887273e-01 0.0000000000000000e+00 1
-1.1935403522930910e-01 1.3154921701984854e-01 0.0000000000000000e+00 1
-3.1985744312819042e-01 1.3248154893553429e-01 0.0000000000000000e+00 1
-3.1936606774623522e-01 1.2512935357105945e-01 0.0000000000000000e+00 1
-1.1012548500416491e-01 2.3165743891000826e-01 0.0000000000000000e+00 1
-2.8763382416494154e-01 5.8561740313762392e-02 0.0000000000000000e+00 1
2.1857350225771999e-02 -3.8572225777772778e-02 0.0000000000000000e+00 1
-3.4274215888494752e-01 8.8547414385221249e-02 0.0000000000000000e+00 1
8.3232330872085272e-02 3.5521051052993323e-02 0.0000000000000000e+00 1
2.8407154037977800e-01 -2.5994337315400462e-01 0.0000000000000000e+00 1
-2.1728009609297563e-01 4.1523159565080283e-03 0.0000000000000000e+00 1
-2.0954327991736335e-01 -6.6480297749492120e-04 0.0000000000000000e+00 1
-3.0246390701300557e-01 5.8332768403704938e-02 0.0000000000000000e+00 1
-3.0777169380344371e-01 5.5112507447526514e-02 0.0000000000000000e+00 1
-1.0795398042502172e-01 1.1393567222628223e-01 0.0000000000000000e+00 1
3.7860826755100296e-01 -2.1376555464283228e-01 0.0000000000000000e+00 1
3.7867792019685020e-01 -2.2447908188429275e-01 0.0000000000000000e+00 1
3.6958463783762052e-01 -2.2987205025169002e-01 0.0000000000000000e+00 1
-2.3919783832043923e-01 1.6079075642247512e-01 0.0000000000000000e+00 1
-2.4556409527865200e-01 1.6433534342950892e-01 0.0000000000000000e+00 1
-2.3938169611505525e-01 1.6805046888105860e-01 0.0000000000000000e+00 1
4.9000845464903672e-02 1.6866414322869483e-01 0.0000000000000000e+00 1
-1.3317609963345278e-01 1.3932704912051386e-01 0.0000000000000000e+00 1
-1.2608713114764014e-01 1.4366732644225402e-01 0.0000000000000000e+00 1
-1.3334967668022779e-01 1.4763151703177513e-01 0.0000000000000000e+00 1
-4.3031280909319403e-02 -7.8959829436949555e-02 0.0000000000000000e+00 1
-4.3016556663086791e-02 -9.1869883815770173e-02 0.0000000000000000e+00 1
-3.2024085107711563e-02 -8.4964343940882758e-02 0.0000000000000000e+00 1
-3.2013659138523373e-02 -9.8164571559073988e-02 0.0000000000000000e+00 1
-5.4799067785057450e-02 -9.7545886566944795e-02 0.0000000000000000e+00 1
-1.0076440593143066e-01 1.3586742770306920e-01 0.0000000000000000e+00 1
-2.7692955071968384e-01 1.2317579858947168e-01 0.0000000000000000e+00 1
-3.4284894485389333e-01 9.3765095264275095e-02 0.0000000000000000e+00 1
1.3615297779681040e-01 5.6049074556710050e-02 0.0000000000000000e+00 1
1.4682813110693868e-01 6.2921785197558477e-02 0.0000000000000000e+00 1
1.3568451158083200e-01 6.8796633559034856e-02 0.0000000000000000e+00 1
-7.7366128824964187e-02 1.3599689660292733e-01 0.0000000000000000e+00 1
-1.5018201757154603e-01 7.0092694206170897e-02 0.0000000000000000e+00 1
-5.2416288494966434e-02 1.8388034596548783e-01 0.0000000000000000e+00 1
-5.9677640497045367e-02 1.7933298930736991e-01 0.0000000000000000e+00 1
3.2757614385600917e-02 -3.2074102806668399e-02 0.0000000000000000e+00 1
2.2207710753976581e-02 -2.5840942638846998e-02 0.0000000000000000e+00 1
4.4163743255429828e-02 -3.8146356951116296e-02 0.0000000000000000e+00 1
-2.5166527863301130e-01 1.5975829412162534e-01 0.0000000000000000e+00 1
3.7921864447535564e-01 -2.3502453579303859e-01 0.0000000000000000e+00 1
-1.2558862660402578e-01 4.7254466921790861e-02 0.0000000000000000e+00 1
-1.1734442122050628e-01 5.2238859321330898e-02 0.0000000000000000e+00 1
1.4137823425081247e-01 -2.0966072701521490e-01 0.0000000000000000e+00 1
-1.5505302489464190e-01 1.5051460049520229e-01 0.0000000000000000e+00 1
-3.3836485575282876e-01 9.6534151670693680e-02 0.0000000000000000e+00 1
3.8773100909518932e-01 -2.1924523933764542e-01 0.0000000000000000e+00 1
-1.6130816679801480e-01 1.2227957288404034e-01 0.0000000000000000e+00 1
1.2325158626968610e-01 -2.9705030886459153e-02 0.0000000000000000e+00 1
-3.0815109393181350e-01 1.4685149084199603e-01 0.0000000000000000e+00 1
8.1283453314606222e-02 -1.6372230088153505e-01 0.0000000000000000e+00 1
8.1818069276811872e-02 -1.7713191052672100e-01 0.0000000000000000e+00 1
9.3593850198609677e-02 -1.8402567015396312e-01 0.0000000000000000e+00 1
7.0024100175983095e-02 -1.7020019934116301e-01 0.0000000000000000e+00 1
-1.6334527730307305e-01 1.9956600640512215e-01 0.0000000000000000e+00 1
1.4177446644219044e-01 -2.2298456164825278e-01 0.0000000000000000e+00 1
1.5392840590021567e-01 -2.2885813628769380e-01 0.0000000000000000e+00 1
-1.8909861998769054e-01 2.0625763636774519e-01 0.0000000000000000e+00 1
-1.8862081139671019e-01 1.1433443992453035e-01 0.0000000000000000e+00 1
1.9580445896384280e-01 2.2733890935145608e-04 0.0000000000000000e+00 1
-1.4469683757941620e-01 2.3379987371714497e-01 0.0000000000000000e+00 1
-1.3840691440722910e-01 2.3801506565935296e-01 0.0000000000000000e+00 1
-1.6884663463783670e-01 1.5800014225206599e-01 0.0000000000000000e+00 1
-1.7560103520344308e-01 1.5382395828639361e-01 0.0000000000000000e+00 1
2.2057264770869872e-01 -2.6429901113957089e-02 0.0000000000000000e+00 1
-2.8733613801508617e-01 3.2396158518795563e-02 0.0000000000000000e+00 1
-1.0292651676044282e-01 2.2793556202078469e-01 0.0000000000000000e+00 1
-1.3092116931443207e-01 2.3546954511778850e-01 0.0000000000000000e+00 1
-2.4465961018855314e-01 6.2599098094953134e-02 0.0000000000000000e+00 1
1.1569377025556110e-01 4.6977297528264976e-03 0.0000000000000000e+00 1
7.8634389404498670e-02 -6.9812684534404465e-02 0.0000000000000000e+00 1
2.0753687782987687e-01 -1.0176609631703470e-01 0.0000000000000000e+00 1
3.7356112913368478e-01 -2.8631216893422706e-01 0.0000000000000000e+00 1
3.7396406229865647e-01 -2.9504152107686515e-01 0.0000000000000000e+00 1
3.6614441134022346e-01 -2.9097648878745375e-01 0.0000000000000000e+00 1
3.6656230348458629e-01 -2.9980279252642233e-01 0.0000000000000000e+00 1
-2.0664586410514413e-01 2.4331255507276461e-01 0.0000000000000000e+00 1
-2.1196215911824506e-01 2.4013515956333184e-01 0.0000000000000000e+00 1
-2.1192592516600933e-01 2.3388169137571493e-01 0.0000000000000000e+00 1
-2.1739347059471018e-01 2.3695408014398753e-01 0.0000000000000000e+00 1
-2.1732508312176757e-01 2.3066935734488622e-01 0.0000000000000000e+00 1
-2.2283690425047381e-01 2.3375697028098227e-01 0.0000000000000000e+00 1
-2.2280014315618604e-01 2.2744720134967322e-01 0.0000000000000000e+00 1
-2.2836408608133277e-01 2.3052889533462931e-01 0.0000000000000000e+00 1
4.8495530807531460e-02 1.7642869459517729e-01 0.0000000000000000e+00 1
5.5396584018967340e-02 1.7289189876540845e-01 0.0000000000000000e+00 1
2.7418278839364407e-01 -2.5470827356201819e-01 0.0000000000000000e+00 1
1.6131989590913515e-01 -1.4257803550048329e-01 0.0000000000000000e+00 1
8.2272304223766135e-02 1.0426917091963535e-01 0.0000000000000000e+00 1
-2.7720132009967535e-01 1.3026585351508294e-01 0.0000000000000000e+00 1
-2.7167095324514784e-01 1.3423655625795741e-01 0.0000000000000000e+00 1
2.6593010662075406e-01 -2.8281741616663919e-01 0.0000000000000000e+00 1
2.5553972531025637e-01 -2.7817218043097408e-01 0.0000000000000000e+00 1
6.4603775539494909e-02 1.6295501735206691e-01 0.0000000000000000e+00 1
1.5928260282327653e-01 3.1446873298949823e-02 0.0000000000000000e+00 1
-3.2331336618440182e-01 5.8973828839407196e-02 0.0000000000000000e+00 1
3.2971848064206760e-01 -1.4771258055293648e-01 0.0000000000000000e+00 1
-2.0222844125375833e-01 1.0614308743917877e-01 0.0000000000000000e+00 1
2.5748580520118847e-01 -6.0263948608553379e-02 0.0000000000000000e+00 1
3.6456304377985936e-02 1.3457268917024592e-01 0.0000000000000000e+00 1
-1.0798860817800238e-01 -2.7704529603202330e-02 0.0000000000000000e+00 1
-2.6339323236674395e-01 7.2597361351633111e-02 0.0000000000000000e+00 1
3.3982452623622283e-01 -2.1443635827035437e-01 0.0000000000000000e+00 1
1.2998295065315635e-01 -2.1662696681382229e-01 0.0000000000000000e+00 1
-2.4236944327988613e-01 8.2592632393216903e-02 0.0000000000000000e+00 1
-2.4895497620722840e-01 7.8691650085407724e-02 0.0000000000000000e+00 1
3.7176014091629739e-01 -2.4990072193913146e-01 0.0000000000000000e+00 1
1.4810131326231096e-01 -4.1936433191609265e-02 0.0000000000000000e+00 1
-1.5755732122407498e-01 -2.5928789132327588e-03 0.0000000000000000e+00 1
1.9518557753194660e-01 1.3551536998707273e-02 0.0000000000000000e+00 1
1.8319569380808523e-01 2.0045334379553650e-02 0.0000000000000000e+00 1
-1.6218821470581854e-01 1.6207351909869663e-01 0.0000000000000000e+00 1
3.8190878051822802e-01 -2.9875465552703218e-01 0.0000000000000000e+00 1
-2.1579646788220147e-01 9.8084021791863443e-02 0.0000000000000000e+00 1
-2.5602694218453831e-01 9.7759351124843338e-02 0.0000000000000000e+00 1
1.4901177128035592e-01 -1.4809853949735293e-02 0.0000000000000000e+00 1
-2.2980801841642362e-01 8.9951238525566052e-02 0.0000000000000000e+00 1
-8.5085137478309564e-02 1.0081113457484434e-01 0.0000000000000000e+00 1
-2.3813737808228608e-01 4.4269982478000743e-02 0.0000000000000000e+00 1
-1.6613557678098409e-01 5.1660097841279735e-02 0.0000000000000000e+00 1
-1.7401981800420049e-01 5.6184958992169666e-02 0.0000000000000000e+00 1
1.7519379178757757e-01 -1.6207818283061634e-01 0.0000000000000000e+00 1
-3.2406898219233549e-01 1.1409761037647277e-01 0.0000000000000000e+00 1
-3.2965246318292157e-01 1.1718690130486802e-01 0.0000000000000000e+00 1
-2.9271244267495883e-01 3.5446367687820481e-02 0.0000000000000000e+00 1
3.5869259474819348e-01 -2.9576654521858065e-01 0.0000000000000000e+00 1
3.5895179948082784e-01 -3.0456797389339402e-01 0.0000000000000000e+00 1
3.5105851188991327e-01 -3.0054571957704845e-01 0.0000000000000000e+00 1
-7.6160273736420231e-02 -4.7263514918491359e-02 0.0000000000000000e+00 1
-1.1717478882017113e-01 4.2592174787134424e-02 0.0000000000000000e+00 1
6.3796203137489026e-03 1.5105732530673752e-01 0.0000000000000000e+00 1
-1.4648385908756878e-03 1.5506583866514001e-01 0.0000000000000000e+00 1
-2.2826511097941940e-01 2.2409817731312978e-01 0.0000000000000000e+00 1
-2.3392574516981507e-01 2.2725447338231072e-01 0.0000000000000000e+00 1
-2.3390405916835944e-01 2.2080460290436832e-01 0.0000000000000000e+00 1
-2.3956811004850562e-01 2.2394270083101087e-01 0.0000000000000000e+00 1
-2.8372297821033576e-01 1.4053309240322640e-01 0.0000000000000000e+00 1
-1.7785206727871897e-01 2.3470194048531687e-01 0.0000000000000000e+00 1
-1.7812764508706230e-01 2.4157838904976062e-01 0.0000000000000000e+00 1
2.8552449851757578e-01 -2.9288254340355363e-01 0.0000000000000000e+00 1
2.9497936272758407e-01 -2.9776519666020090e-01 0.0000000000000000e+00 1
-2.2989883303626163e-01 1.1336841885241893e-01 0.0000000000000000e+00 1
2.2296637044406573e-02 8.7241361354295124e-02 0.0000000000000000e+00 1
-1.0914037009699831e-01 4.7700558801054699e-02 0.0000000000000000e+00 1
-1.7619329938554446e-01 -2.3403584549612541e-02 0.0000000000000000e+00 1
2.3221500343757490e-01 -2.0648669286303753e-01 0.0000000000000000e+00 1
1.4618423633115998e-01 7.5319019081395336e-02 0.0000000000000000e+00 1
1.3505040881936961e-01 8.0874257738760044e-02 0.0000000000000000e+00 1
-2.8993458332926730e-01 1.5112086173290404e-01 0.0000000000000000e+00 1
-2.9607312728917567e-01 1.5443920834446911e-01 0.0000000000000000e+00 1
1.3588777403898539e-02 1.3830616179931959e-01 0.0000000000000000e+00 1
-3.1841276657492124e-01 5.5552264249844850e-02 0.0000000000000000e+00 1
-6.6862906658820942e-02 1.9073386504614262e-01 0.0000000000000000e+00 1
2.8160470063366617e-02 1.7196063195688929e-01 0.0000000000000000e+00 1
2.8012956379439999e-02 1.7986247132321784e-01 0.0000000000000000e+00 1
3.4664730759160732e-02 1.8394870696408602e-01 0.0000000000000000e+00 1
2.7885045776494546e-02 1.8762414901439917e-01 0.0000000000000000e+00 1
1.7024624124196652e-01 3.8577951874444204e-02 0.0000000000000000e+00 1
-5.8520882472220127e-02 2.7930327532557059e-02 0.0000000000000000e+00 1
-5.8248032074164333e-02 1.4708603496728824e-02 0.0000000000000000e+00 1
-6.9463042142632880e-02 1.1592402264896563e-02 0.0000000000000000e+00 1
-4.9135502845739705e-02 2.2498917366287816e-02 0.0000000000000000e+00 1
-4.8364645593258537e-02 1.1881081159942302e-02 0.0000000000000000e+00 1
-3.9366856648574068e-02 1.7475155135817946e-02 0.0000000000000000e+00 1
-3.8048543041052915e-02 5.8872663351861180e-03 0.0000000000000000e+00 1
-3.2952646917748496e-01 9.8756808416218769e-02 0.0000000000000000e+00 1
8.2339457306916414e-02 -1.8978225047155142e-01 0.0000000000000000e+00 1
-1.5760532843831543e-01 -3.4999767779919068e-02 0.0000000000000000e+00 1
7.3034712302893018e-02 2.9501682063042881e-02 0.0000000000000000e+00 1
9.0191100920587325e-02 1.3214303273192665e-01 0.0000000000000000e+00 1
9.0721152187851165e-02 1.2193603465879860e-01 0.0000000000000000e+00 1
2.6244019428755166e-01 -1.3573536147013160e-01 0.0000000000000000e+00 1
-1.6594815171183883e-01 6.9540374883507075e-02 0.0000000000000000e+00 1
-4.3154605588382924e-02 -6.5887747651881559e-02 0.0000000000000000e+00 1
-2.3960109928192322e-01 2.1745743449833321e-01 0.0000000000000000e+00 1
-2.4522172106174048e-01 2.2051815087032889e-01 0.0000000000000000e+00 1
-2.4533834960027534e-01 2.1400347264777131e-01 0.0000000000000000e+00 1
-1.1767642361305272e-01 2.3489650348114680e-01 0.0000000000000000e+00 1
1.9532506658822182e-01 2.8162894639229098e-02 0.0000000000000000e+00 1
2.3091988769975455e-01 -1.0079205088246759e-01 0.0000000000000000e+00 1
-3.4264207886796383e-01 8.3388099135253510e-02 0.0000000000000000e+00 1
-7.7169772913823015e-02 8.6714039015095015e-02 0.0000000000000000e+00 1
-2.6686319223614174e-01 1.4546876512174739e-01 0.0000000000000000e+00 1
-2.6090961701030158e-01 1.4872113089696434e-01 0.0000000000000000e+00 1
-7.6934170059946877e-02 -8.3591336692015072e-02 0.0000000000000000e+00 1
-2.8158507632325091e-02 7.7224931547378931e-02 0.0000000000000000e+00 1
-3.6492166665065010e-02 8.2326587956549610e-02 0.0000000000000000e+00 1
2.6982206001198206e-01 -6.6989745070462778e-02 0.0000000000000000e+00 1
2.7003323716120453e-01 -8.1012439282140844e-02 0.0000000000000000e+00 1
1.2472528670219316e-01 7.4234712770616676e-02 0.0000000000000000e+00 1
1.2435695740993311e-01 8.6906925172482302e-02 0.0000000000000000e+00 1
2.5190067051778087e-01 -1.2880370817282985e-01 0.0000000000000000e+00 1
3.2951206344323858e-01 -2.6519792054857733e-01 0.0000000000000000e+00 1
-1.8421957738230882e-01 2.4451016616918411e-01 0.0000000000000000e+00 1
-1.7819391381986630e-01 2.4921987408446597e-01 0.0000000000000000e+00 1
-1.7239712203746241e-01 2.4548581856042664e-01 0.0000000000000000e+00 1
-2.1758440742668045e-01 2.2405347642707443e-01 0.0000000000000000e+00 1
-2.1633804130761053e-01 4.0507262793111114e-02 0.0000000000000000e+00 1
-1.1188676043452130e-01 2.3986612547389538e-01 0.0000000000000000e+00 1
2.2093529557964597e-01 -2.0052654254406579e-01 0.0000000000000000e+00 1
2.2053388711224181e-01 -1.8729410386969647e-01 0.0000000000000000e+00 1
1.3649698976586297e-01 -1.1599476578550644e-01 0.0000000000000000e+00 1
1.2497040975681076e-01 -1.2291833088280905e-01 0.0000000000000000e+00 1
-1.7748709138927288e-01 2.2785753324068728e-01 0.0000000000000000e+00 1
8.3705653724887891e-02 1.1015019643953490e-02 0.0000000000000000e+00 1
7.2839634509139758e-02 4.1175916183364150e-02 0.0000000000000000e+00 1
6.3028052821770583e-02 3.5378260051521872e-02 0.0000000000000000e+00 1
-1.2614871112783957e-01 1.5170911289716826e-01 0.0000000000000000e+00 1
-2.8328149661396979e-01 1.2640208696760344e-01 0.0000000000000000e+00 1
1.1457208712545519e-02 -9.6915045535004130e-02 0.0000000000000000e+00 1
7.8395744872504611e-04 -1.0395000351563261e-01 0.0000000000000000e+00 1
1.4740082385956005e-01 -5.5358296450569881e-02 0.0000000000000000e+00 1
3.2980158027784273e-01 -1.6056495053150288e-01 0.0000000000000000e+00 1
-3.0262312140820852e-01 5.2638266353321674e-02 0.0000000000000000e+00 1
-3.0790957589346013e-01 4.9034916505498238e-02 0.0000000000000000e+00 1
-3.0262747019116165e-01 4.6895469903079322e-02 0.0000000000000000e+00 1
4.6007626853505547e-02 -1.4392996148229198e-01 0.0000000000000000e+00 1
4.4908877409518891e-02 -1.5863854032709165e-01 0.0000000000000000e+00 1
-1.3711330263685798e-01 -4.6368953388735229e-02 0.0000000000000000e+00 1
2.2635985108670997e-02 -9.0262207468357725e-02 0.0000000000000000e+00 1
4.0236946266309098e-01 -2.9310776721244314e-01 0.0000000000000000e+00 1
3.9611448844245972e-01 -2.9721963418786324e-01 0.0000000000000000e+00 1
-1.6906246528624913e-01 1.6577801673301920e-01 0.0000000000000000e+00 1
-1.0841097645203697e-01 3.8268268364748309e-02 0.0000000000000000e+00 1
9.4130159942532210e-02 -1.9726141238487530e-01 0.0000000000000000e+00 1
1.0560964904373474e-01 -1.9057054791483527e-01 0.0000000000000000e+00 1
1.0608298340479894e-01 -2.0400469324176354e-01 0.0000000000000000e+00 1
-5.9758038745471358e-02 4.8049498666208904e-02 0.0000000000000000e+00 1
4.0781357436101640e-01 -2.8922350855932261e-01 0.0000000000000000e+00 1
-2.9306727684831897e-02 1.1610755835732577e-02 0.0000000000000000e+00 1
-2.8395884902259451e-02 6.3895227585885857e-04 0.0000000000000000e+00 1
-1.9195207641956903e-02 6.6870900189248033e-03 0.0000000000000000e+00 1
-1.8892207856377279e-02 -4.8051523119197461e-03 0.0000000000000000e+00 1
-9.2698111579032471e-03 6.6854567570424287e-04 0.0000000000000000e+00 1
-8.8675665928118780e-03 -1.0584874232311419e-02 0.0000000000000000e+00 1
-2.8913222467050227e-02 -1.0676346805732435e-02 0.0000000000000000e+00 1
3.4052252705225905e-01 -1.5444216456854198e-01 0.0000000000000000e+00 1
2.3053562622418930e-01 -1.2756691868369441e-01 0.0000000000000000e+00 1
-3.3777375669844228e-01 7.4997278379840174e-02 0.0000000000000000e+00 1
-2.4608416199792893e-01 1.7167352197509819e-01 0.0000000000000000e+00 1
2.5496807331665561e-01 -2.6679261074998584e-01 0.0000000000000000e+00 1
2.4526583268141158e-01 -2.7314010015462004e-01 0.0000000000000000e+00 1
2.4609981908002215e-01 -2.8402486970171686e-01 0.0000000000000000e+00 1
-5.2265065570708098e-02 1.7517648652517254e-01 0.0000000000000000e+00 1
1.5001370387091320e-01 -1.4934221930747374e-01 0.0000000000000000e+00 1
-2.1756347465562972e-01 -4.6008802692765376e-03 0.0000000000000000e+00 1
-1.1949079826482492e-01 1.4764260571553312e-01 0.0000000000000000e+00 1
1.8675511766382694e-01 -1.6863212111763529e-01 0.0000000000000000e+00 1
1.8678398876399374e-01 -1.8204913043671384e-01 0.0000000000000000e+00 1
1.2738753920736090e-01 -1.4933593515166693e-01 0.0000000000000000e+00 1
-2.5090513108550905e-01 2.1695273003151591e-01 0.0000000000000000e+00 1
-2.5117147732076256e-01 2.1052114051691825e-01 0.0000000000000000e+00 1
-3.1434336472451396e-01 1.5022803924877851e-01 0.0000000000000000e+00 1
-3.0816987778707161e-01 1.5364873098779308e-01 0.0000000000000000e+00 1
-1.9330253622575708e-01 -1.7788232915672639e-03 0.0000000000000000e+00 1
-1.9433787806691538e-01 -1.1471269637166217e-02 0.0000000000000000e+00 1
-2.9031806086232104e-01 1.5842463601030510e-01 0.0000000000000000e+00 1
-2.9630241225092124e-01 1.6170460167791581e-01 0.0000000000000000e+00 1
-2.9038158005611514e-01 1.6546902811074685e-01 0.0000000000000000e+00 1
-2.3170424081958840e-01 2.2920044027855527e-02 0.0000000000000000e+00 1
-2.3116413626326804e-01 1.5437610970139817e-02 0.0000000000000000e+00 1
-2.3186165950202570e-01 3.1484775546804511e-02 0.0000000000000000e+00 1
-2.2528624482008969e-01 1.2423199696364214e-01 0.0000000000000000e+00 1
-1.1221286380998181e-02 -8.3965379630011341e-02 0.0000000000000000e+00 1
-7.3518993709138267e-02 2.0391801625659539e-01 0.0000000000000000e+00 1
-7.3587477707337923e-02 2.1240513376657696e-01 0.0000000000000000e+00 1
-8.0831410054342176e-02 2.1643669526116327e-01 0.0000000000000000e+00 1
-7.3650019240142986e-02 2.2089355966937299e-01 0.0000000000000000e+00 1
-8.1081154249169174e-02 2.2491052951308477e-01 0.0000000000000000e+00 1
-6.6498207435121581e-02 2.1682160455795974e-01 0.0000000000000000e+00 1
-6.6670724326758718e-02 2.2493726004369083e-01 0.0000000000000000e+00 1
-5.9271764482312542e-02 2.2114520111404726e-01 0.0000000000000000e+00 1
2.1942552805484183e-01 -1.2742425966431438e-02 0.0000000000000000e+00 1
2.3308658408185998e-01 -1.6450455495599391e-02 0.0000000000000000e+00 1
2.3595016020508808e-01 -2.7926085390156824e-01 0.0000000000000000e+00 1
2.3489381864539510e-01 -2.6810717199944828e-01 0.0000000000000000e+00 1
9.4522472692112641e-02 4.9782731277217109e-03 0.0000000000000000e+00 1
-1.2935430007991139e-01 -1.8568166750810251e-02 0.0000000000000000e+00 1
2.2471795455298466e-01 -2.7409561998161802e-01 0.0000000000000000e+00 1
-2.4248059458540236e-01 7.5132332550815181e-02 0.0000000000000000e+00 1
-8.0612728221313254e-02 1.9098339333819428e-01 0.0000000000000000e+00 1
6.6787174931344589e-02 1.2525006571509512e-01 0.0000000000000000e+00 1
5.8500486871577724e-02 1.3105016368020067e-01 0.0000000000000000e+00 1
-9.3905190682655404e-02 1.3993728052208976e-01 0.0000000000000000e+00 1
2.7507792194611802e-02 4.8488213615196958e-02 0.0000000000000000e+00 1
1.8001028912547293e-02 5.3880663514346748e-02 0.0000000000000000e+00 1
1.7568413496066963e-02 6.3956530566287265e-02 0.0000000000000000e+00 1
8.6655936338255572e-03 5.9245180711715272e-02 0.0000000000000000e+00 1
3.7971899409041415e-01 -2.0320615489215385e-01 0.0000000000000000e+00 1
2.8347589233253534e-01 -2.4707892290944977e-01 0.0000000000000000e+00 1
-2.9684083669290129e-01 6.1140215770854628e-02 0.0000000000000000e+00 1
-2.9686028189302599e-01 6.7278102621384686e-02 0.0000000000000000e+00 1
-1.9757736247415721e-02 7.2116857825944583e-02 0.0000000000000000e+00 1
-2.1723573302064253e-01 2.4292061430772563e-01 0.0000000000000000e+00 1
-3.4273320793181916e-01 9.9107668572306185e-02 0.0000000000000000e+00 1
2.9297164396639397e-01 -2.5492292143784651e-01 0.0000000000000000e+00 1
-3.2503586191898420e-01 1.2774357878447776e-01 0.0000000000000000e+00 1
1.1569900049274669e-01 -8.2071561005808685e-03 0.0000000000000000e+00 1
-1.4528455979633295e-01 2.4107673310904598e-01 0.0000000000000000e+00 1
-1.3914704648430112e-01 2.4626726716006017e-01 0.0000000000000000e+00 1
3.1201938750721364e-01 -2.6542324137895318e-01 0.0000000000000000e+00 1
-8.5464977777590337e-02 2.4285096799874312e-02 0.0000000000000000e+00 1
3.6683783016654214e-01 -3.0817946986356520e-01 0.0000000000000000e+00 1
-2.9592497478467839e-01 1.6900167605537697e-01 0.0000000000000000e+00 1
-2.8998711031589658e-01 1.7271785575181747e-01 0.0000000000000000e+00 1
-3.0295055023529288e-01 1.6596510115935581e-01 0.0000000000000000e+00 1
-2.2787474662965340e-01 2.3668327457878466e-01 0.0000000000000000e+00 1
-7.0053453622590481e-02 1.3215014410330062e-01 0.0000000000000000e+00 1
-6.2459252134698579e-02 1.3630477838601138e-01 0.0000000000000000e+00 1
2.2367699355756117e-02 -1.5786206974090067e-01 0.0000000000000000e+00 1
1.0708145915998129e-02 -1.5244623286656492e-01 0.0000000000000000e+00 1
7.1786533293765791e-03 6.8646208827802327e-02 0.0000000000000000e+00 1
-7.3616787019620787e-04 6.4122603365063383e-02 0.0000000000000000e+00 1
9.8874727256438172e-02 1.2716761008046379e-01 0.0000000000000000e+00 1
9.9648197612915532e-02 1.1698466662812181e-01 0.0000000000000000e+00 1
1.0936905546703973e-01 1.2280280028446169e-01 0.0000000000000000e+00 1
1.0921329380405523e-01 1.1205315765885616e-01 0.0000000000000000e+00 1
1.0031559922105021e-01 1.0650009388730912e-01 0.0000000000000000e+00 1
1.1072272107737866e-01 1.0182770447150065e-01 0.0000000000000000e+00 1
-6.2975286022353166e-02 1.2875098054758519e-01 0.0000000000000000e+00 1
1.6991677512584616e-01 5.1333234977989008e-02 0.0000000000000000e+00 1
-3.1173171678572281e-02 2.2555309900791992e-02 0.0000000000000000e+00 1
-7.2328818280515017e-02 1.7453622299034430e-01 0.0000000000000000e+00 1
-3.4700638617062807e-01 9.0774501258278031e-02 0.0000000000000000e+00 1
9.0268993649166419e-04 -5.1870733661086603e-03 0.0000000000000000e+00 1
1.4528726356338737e-03 -1.6322543126750622e-02 0.0000000000000000e+00 1
1.1696224540181415e-02 -1.0214642524995200e-02 0.0000000000000000e+00 1
-2.8449698249793509e-01 1.6939491494397382e-01 0.0000000000000000e+00 1
-2.8417143944982975e-01 1.7670575126750221e-01 0.0000000000000000e+00 1
2.4307552915881905e-01 -1.0737166858514434e-01 0.0000000000000000e+00 1
-6.1053407863900878e-02 2.2913131428310654e-01 0.0000000000000000e+00 1
2.6901531539960322e-01 -5.2434915795697971e-02 0.0000000000000000e+00 1
-2.5665398753555946e-01 2.1438463170996702e-01 0.0000000000000000e+00 1
-2.5815604372424678e-01 2.0792152206867157e-01 0.0000000000000000e+00 1
3.5114869540315174e-01 -3.0899351504133860e-01 0.0000000000000000e+00 1
3.4346402028031875e-01 -3.0518558009278485e-01 0.0000000000000000e+00 1
-2.7070832651251753e-01 3.5503567381877384e-02 0.0000000000000000e+00 1
-2.7041781652223196e-01 4.1908896458959004e-02 0.0000000000000000e+00 1
-1.3337313244575413e-01 1.5510343047381558e-01 0.0000000000000000e+00 1
-1.4037950200861371e-01 1.5122534228081677e-01 0.0000000000000000e+00 1
2.6788966518856372e-01 -2.3562448981466219e-01 0.0000000000000000e+00 1
2.3377414256682549e-02 7.7415676154285754e-02 0.0000000000000000e+00 1
2.8578165964466684e-01 -3.0349952984547740e-01 0.0000000000000000e+00 1
-1.0969902798573994e-01 1.0470661307776970e-01 0.0000000000000000e+00 1
-1.0051742625580658e-01 1.0085865285743516e-01 0.0000000000000000e+00 1
-1.1590983523347348e-01 1.1026629810463280e-01 0.0000000000000000e+00 1
3.4296957426440411e-01 -2.9566593666940744e-01 0.0000000000000000e+00 1
-2.9033106620181087e-01 1.7997018328521064e-01 0.0000000000000000e+00 1
-2.8391744734068258e-01 1.8340377287292176e-01 0.0000000000000000e+00 1
-2.7814021411462558e-01 1.8078451706219020e-01 0.0000000000000000e+00 1
-2.7834379582522445e-01 1.8783486251447237e-01 0.0000000000000000e+00 1
-2.1967735215778778e-01 1.2755575585298565e-01 0.0000000000000000e+00 1
-2.1995710526674189e-01 1.3539230940498465e-01 0.0000000000000000e+00 1
3.2859653012733159e-01 -1.3467980485206674e-01 0.0000000000000000e+00 1
3.1834484092599097e-01 -1.2840973639796804e-01 0.0000000000000000e+00 1
1.3561091675426462e-01 -2.2588779560365282e-02 0.0000000000000000e+00 1
-7.8138943307465181e-02 1.2853733668399206e-01 0.0000000000000000e+00 1
4.0248528496036001e-01 -3.0137790560077343e-01 0.0000000000000000e+00 1
-2.5568834617204805e-01 8.2697771102110310e-02 0.0000000000000000e+00 1
8.9399080560863167e-02 1.4273813518040482e-01 0.0000000000000000e+00 1
8.8197579910066271e-04 6.7817755181631377e-03 0.0000000000000000e+00 1
-3.2354048521982198e-01 5.2937785825800936e-02 0.0000000000000000e+00 1
-2.4513431025550647e-01 2.0690982223945911e-01 0.0000000000000000e+00 1
-2.3361612934570641e-01 2.1400959556385804e-01 0.0000000000000000e+00 1
8.1658306454141877e-02 1.1663776341418558e-01 0.0000000000000000e+00 1
-8.4661263400950398e-02 1.8299352994390861e-01 0.0000000000000000e+00 1
-9.2285238772220904e-02 1.7770389768282066e-01 0.0000000000000000e+00 1
2.3710821890491457e-01 -2.9139198213837192e-01 0.0000000000000000e+00 1
1.6094329882940120e-01 -3.4795165969694002e-02 0.0000000000000000e+00 1
1.6124017225471221e-01 -4.8281778305652175e-02 0.0000000000000000e+00 1
1.7293908068326450e-01 -5.4936339812592772e-02 0.0000000000000000e+00 1
2.0738970616744395e-01 7.4276688769935048e-03 0.0000000000000000e+00 1
-2.5606601555658459e-01 1.0518559005510981e-01 0.0000000000000000e+00 1
-2.4944976672572491e-01 1.0908208303424440e-01 0.0000000000000000e+00 1
-3.2660184671514170e-01 1.3505374346236082e-01 0.0000000000000000e+00 1
-1.1951850101247070e-01 1.5470767796909354e-01 0.0000000000000000e+00 1
-9.4974563508013789e-03 -2.2108474537569058e-02 0.0000000000000000e+00 1
-2.4193050290603471e-01 -4.4714596070805955e-03 0.0000000000000000e+00 1
-2.3302869481319355e-01 3.3041064689637095e-05 0.0000000000000000e+00 1
2.4377356618890458e-01 -2.1215348288560534e-01 0.0000000000000000e+00 1
-1.1454992928789257e-01 1.1859523747711413e-01 0.0000000000000000e+00 1
-1.0814086737067929e-01 1.3139851704784999e-01 0.0000000000000000e+00 1
-1.0744202926713639e-01 1.3962867980377838e-01 0.0000000000000000e+00 1
-3.2848226737379571e-01 6.8644441737914674e-02 0.0000000000000000e+00 1
-3.3338335543005027e-01 6.6459651941278675e-02 0.0000000000000000e+00 1
-3.2349654411194356e-01 7.1497037259015794e-02 0.0000000000000000e+00 1
-2.4975442506060530e-01 7.1674982266680801e-02 0.0000000000000000e+00 1
-2.2417249805793196e-01 3.5764223103925352e-02 0.0000000000000000e+00 1
-3.3852225131093966e-01 1.0154219162683735e-01 0.0000000000000000e+00 1
-3.4299825052311594e-01 1.0532168350302801e-01 0.0000000000000000e+00 1
3.5787687827645143e-01 -2.8698860642426033e-01 0.0000000000000000e+00 1
2.5583230525559103e-01 -4.5855279597790025e-02 0.0000000000000000e+00 1
2.5394704917271754e-01 -3.3475094263761287e-02 0.0000000000000000e+00 1
1.1411916640752097e-01 7.9935071216861039e-02 0.0000000000000000e+00 1
-1.0885896990496313e-01 9.5296848918704102e-02 0.0000000000000000e+00 1
-1.2586264120791235e-01 6.6181612042645790e-02 0.0000000000000000e+00 1
-1.3378548429369586e-01 7.0704289629326775e-02 0.0000000000000000e+00 1
6.3696390283608267e-02 4.7250513051483374e-02 0.0000000000000000e+00 1
-3.4718012348148691e-01 8.6052983672827738e-02 0.0000000000000000e+00 1
-1.7403143337932411e-01 4.7162872689033977e-02 0.0000000000000000e+00 1
-1.8172755283986181e-01 5.1947758022314237e-02 0.0000000000000000e+00 1
-1.8187257192006481e-01 6.0528550301659496e-02 0.0000000000000000e+00 1
-1.8902491134441635e-01 5.6815377922739621e-02 0.0000000000000000e+00 1
-1.8929946479435444e-01 6.4750391501055729e-02 0.0000000000000000e+00 1
-1.6666282686550402e-01 4.2191234347422849e-02 0.0000000000000000e+00 1
3.4663429783942830e-02 1.9198108875079112e-01 0.0000000000000000e+00 1
2.7844809671143850e-02 1.9542620637863334e-01 0.0000000000000000e+00 1
2.0420728629469233e-02 1.9182681102441165e-01 0.0000000000000000e+00 1
4.1429619561168411e-02 1.8812459947162533e-01 0.0000000000000000e+00 1
4.4259428369828498e-02 -2.5484525630754443e-02 0.0000000000000000e+00 1
1.5914638053717028e-01 6.9642298532201483e-02 0.0000000000000000e+00 1
-2.3960743429905584e-01 2.3050142801887349e-01 0.0000000000000000e+00 1
-7.0838999463354174e-02 1.8240535209323069e-01 0.0000000000000000e+00 1
5.5826290441896007e-02 -3.1532879770356674e-02 0.0000000000000000e+00 1
-1.2519953337008588e-01 7.5821631496054920e-02 0.0000000000000000e+00 1
-3.1338979075789652e-01 1.2190124338255683e-01 0.0000000000000000e+00 1
-3.2895075191513878e-01 6.2107446560608869e-02 0.0000000000000000e+00 1
-2.6343111714554313e-01 2.2132425727953851e-02 0.0000000000000000e+00 1
-2.6992813961866696e-01 1.8166612045954676e-02 0.0000000000000000e+00 1
-2.6880238511443016e-01 1.1952020607278823e-02 0.0000000000000000e+00 1
-2.7014855033248414e-01 2.4613534469350520e-02 0.0000000000000000e+00 1
-2.7593310785544040e-01 2.1421947553119745e-02 0.0000000000000000e+00 1
5.5294605875501224e-02 1.8074710542452968e-01 0.0000000000000000e+00 1
4.7758567555107351e-02 1.8333724915387520e-01 0.0000000000000000e+00 1
2.2119770310855760e-01 -2.1390721062506632e-01 0.0000000000000000e+00 1
-5.9571696341935841e-02 1.7083400011577440e-01 0.0000000000000000e+00 1
1.1951490176703013e-01 1.0773896867375971e-01 0.0000000000000000e+00 1
3.1876209420645146e-01 -2.0325966665233977e-01 0.0000000000000000e+00 1
-2.8501379516111719e-01 1.8953857318362263e-01 0.0000000000000000e+00 1
4.1433734098303886e-02 1.8043718090276947e-01 0.0000000000000000e+00 1
2.5605454236523600e-01 -2.2963597037520977e-01 0.0000000000000000e+00 1
-1.1731061940119984e-01 6.2139319704570227e-02 0.0000000000000000e+00 1
-3.3846603383581647e-01 6.9263254927397794e-02 0.0000000000000000e+00 1
-2.6472420936715535e-01 3.8619482699566741e-02 0.0000000000000000e+00 1
6.1991033834642752e-02 1.7666197305527984e-01 0.0000000000000000e+00 1
1.4831394271944964e-01 -2.8517975400489008e-02 0.0000000000000000e+00 1
-2.3648164606674521e-01 7.9498145921666263e-02 0.0000000000000000e+00 1
8.3355956840559325e-02 4.7355617674507806e-02 0.0000000000000000e+00 1
2.8216864723028884e-01 -7.3564132676053148e-02 0.0000000000000000e+00 1
2.8224138744151217e-01 -8.7164058119628532e-02 0.0000000000000000e+00 1
2.6966129410082679e-01 -9.5395183868198688e-02 0.0000000000000000e+00 1
2.9396977899423077e-01 -8.0628319528449247e-02 0.0000000000000000e+00 1
2.9434795697246408e-01 -9.4524362488886196e-02 0.0000000000000000e+00 1
2.0878182220662032e-02 1.7586904186841076e-01 0.0000000000000000e+00 1
-1.1498435323927020e-03 1.4675033585565767e-01 0.0000000000000000e+00 1
-8.8694717855201978e-03 1.5070366111201522e-01 0.0000000000000000e+00 1
-2.1644032235779020e-01 3.1703556056261746e-02 0.0000000000000000e+00 1
-2.9120806637284374e-01 6.4262672683164920e-02 0.0000000000000000e+00 1
-2.9118921133401993e-01 7.0279653349036117e-02 0.0000000000000000e+00 1
-1.8593967880459178e-01 4.1186486428542828e-02 0.0000000000000000e+00 1
2.5514374743133228e-01 -2.1775814201376142e-01 0.0000000000000000e+00 1
-3.3797960943665656e-01 8.0525476727479797e-02 0.0000000000000000e+00 1
-3.4286896806475409e-01 7.7615143167116249e-02 0.0000000000000000e+00 1
8.6663688873556202e-02 1.5982896809480773e-01 0.0000000000000000e+00 1
8.4040069337520132e-02 1.5109412596200758e-01 0.0000000000000000e+00 1
7.7931545132557220e-02 1.5713571034664922e-01 0.0000000000000000e+00 1
-1.6562230220191293e-01 2.4292977271691663e-01 0.0000000000000000e+00 1
-1.5951037464248696e-01 2.4763712303157595e-01 0.0000000000000000e+00 1
-3.1995978880725695e-01 1.4702348403890153e-01 0.0000000000000000e+00 1
-2.6265719810899157e-01 1.0139893373265821e-01 0.0000000000000000e+00 1
9.9394249586312391e-02 1.4599937821828354e-01 0.0000000000000000e+00 1
-2.0141368279176089e-01 2.4639589821344735e-01 0.0000000000000000e+00 1
-2.7232687073519590e-01 1.4159081324868364e-01 0.0000000000000000e+00 1
1.5689353697982389e-01 8.2418624301825935e-02 0.0000000000000000e+00 1
1.1152668853451378e-02 -3.2906358297744492e-02 0.0000000000000000e+00 1
3.8023161751836637e-01 -2.4507586631915587e-01 0.0000000000000000e+00 1
3.8861905298714228e-01 -2.4991434195878048e-01 0.0000000000000000e+00 1
3.8826636971490758e-01 -2.4020889040159485e-01 0.0000000000000000e+00 1
3.9678183722702109e-01 -2.4518028610386336e-01 0.0000000000000000e+00 1
3.9689957613959492e-01 -2.5429127221471814e-01 0.0000000000000000e+00 1
3.9632575307827606e-01 -2.3551630333722098e-01 0.0000000000000000e+00 1
4.0529485582256142e-01 -2.4088932937394342e-01 0.0000000000000000e+00 1
3.8791553454786676e-01 -2.3014373858215639e-01 0.0000000000000000e+00 1
3.9769748196871912e-01 -2.2505228141490619e-01 0.0000000000000000e+00 1
3.9665450621066589e-01 -2.1429042026313366e-01 0.0000000000000000e+00 1
4.0421410268079133e-01 -2.5022958332631656e-01 0.0000000000000000e+00 1
4.0433920844191462e-01 -2.5881430384459514e-01 0.0000000000000000e+00 1
3.9705325480696130e-01 -2.6318219486146266e-01 0.0000000000000000e+00 1
4.0458187790654421e-01 -2.6864330609075709e-01 0.0000000000000000e+00 1
4.1170310745130084e-01 -2.6252779162198914e-01 0.0000000000000000e+00 1
3.8889579103042021e-01 -2.5908173756374614e-01 0.0000000000000000e+00 1
2.9559110949616657e-01 -3.0839240829937814e-01 0.0000000000000000e+00 1
3.0487442359850009e-01 -3.0268841109026440e-01 0.0000000000000000e+00 1
3.1208279980304576e-01 -3.1119608819427252e-01 0.0000000000000000e+00 1
4.1300812136169573e-01 -2.7023013683521119e-01 0.0000000000000000e+00 1
-2.9283399554336165e-01 4.1587880822589553e-02 0.0000000000000000e+00 1
-2.9756501058079915e-01 3.8440193095487143e-02 0.0000000000000000e+00 1
-3.1307829155050865e-01 5.2374979697981938e-02 0.0000000000000000e+00 1
-3.1360495220562312e-01 4.5871326455746118e-02 0.0000000000000000e+00 1
-2.9298117549368202e-01 2.9668501595250928e-02 0.0000000000000000e+00 1
-2.8774291670383867e-01 2.6396180745642709e-02 0.0000000000000000e+00 1
-2.8212172127435348e-01 2.9411302177338939e-02 0.0000000000000000e+00 1
-2.8232399280066428e-01 2.3200191369883372e-02 0.0000000000000000e+00 1
-2.8427334070180704e-01 1.7712662656164030e-02 0.0000000000000000e+00 1
-2.0515502585253509e-01 -2.5726522745807012e-02 0.0000000000000000e+00 1
-2.0369555644778861e-01 -1.5361619189970544e-02 0.0000000000000000e+00 1
1.0652259251803329e-02 -1.6529388384087040e-01 0.0000000000000000e+00 1
-3.2372965679294868e-01 9.5513168653337796e-02 0.0000000000000000e+00 1
-3.2879543551557322e-01 9.2089310306537955e-02 0.0000000000000000e+00 1
3.4972180770251921e-01 -2.2160425754144764e-01 0.0000000000000000e+00 1
-1.7168244191974200e-01 2.3145633926281561e-01 0.0000000000000000e+00 1
4.0866857451086092e-01 -2.8156744798999506e-01 0.0000000000000000e+00 1
-1.8583386079704151e-01 -3.7931006081638088e-02 0.0000000000000000e+00 1
-1.9599291422045581e-01 2.5046731827597984e-01 0.0000000000000000e+00 1
-1.9008561330489948e-01 2.4713926953513213e-01 0.0000000000000000e+00 1
-1.4209237845630074e-01 6.5666773527759431e-02 0.0000000000000000e+00 1
-1.4190793557095871e-01 7.6370550455881828e-02 0.0000000000000000e+00 1
-1.5099763665757543e-01 7.9139203653743329e-02 0.0000000000000000e+00 1
-1.5803378253842268e-01 7.4715730762102320e-02 0.0000000000000000e+00 1
-1.5927894399187126e-01 8.2334806951348108e-02 0.0000000000000000e+00 1
2.0952842898485366e-01 -1.9430390251125146e-01 0.0000000000000000e+00 1
-2.1670244064116656e-01 4.8734171714664237e-02 0.0000000000000000e+00 1
-2.0894135692566618e-01 5.3539760223531789e-02 0.0000000000000000e+00 1
3.9616725755924009e-01 -2.7239955278360922e-01 0.0000000000000000e+00 1
-2.0098140996241623e-01 2.2727968348992877e-01 0.0000000000000000e+00 1
3.6052568878417707e-01 -2.2523513040822088e-01 0.0000000000000000e+00 1
3.6197439549124227e-01 -2.3543509659997611e-01 0.0000000000000000e+00 1
-9.5335837637448809e-02 1.1491531211548639e-02 0.0000000000000000e+00 1
-1.1455498812896203e-01 2.2550471653530007e-02 0.0000000000000000e+00 1
-6.4543613020283511e-02 -4.6170448412703137e-03 0.0000000000000000e+00 1
-5.4987127630511189e-02 1.9254790520163484e-03 0.0000000000000000e+00 1
-3.2450723254929970e-01 1.2088894177173649e-01 0.0000000000000000e+00 1
-3.3021546220120596e-01 1.2353786393038717e-01 0.0000000000000000e+00 1
-3.3533471531623754e-01 1.2004343771501749e-01 0.0000000000000000e+00 1
-1.3304067610482487e-01 3.2412912855183058e-02 0.0000000000000000e+00 1
3.7446549232144505e-01 -3.0357981603202594e-01 0.0000000000000000e+00 1
3.7379788917148804e-01 -3.1192787702002356e-01 0.0000000000000000e+00 1
-7.4687216544077076e-02 1.6202896426385650e-03 0.0000000000000000e+00 1
-1.7409635056972775e-01 6.5129112735749312e-02 0.0000000000000000e+00 1
-1.0492221274224564e-01 2.7926199229310777e-02 0.0000000000000000e+00 1
3.2938489004603977e-01 -2.0905438650318831e-01 0.0000000000000000e+00 1
3.0803577408246369e-01 -2.0949425870721422e-01 0.0000000000000000e+00 1
3.2968519522911643e-01 -2.2232912231233540e-01 0.0000000000000000e+00 1
-1.6649608791722811e-01 -5.0574689544908749e-02 0.0000000000000000e+00 1
-2.2442715942806560e-01 -1.5492048200934206e-02 0.0000000000000000e+00 1
1.2076915848791583e-01 1.2439357411406933e-01 0.0000000000000000e+00 1
1.2900236103695434e-01 1.0414132032207397e-01 0.0000000000000000e+00 1
-2.2257606641739669e-01 2.3971795708660776e-01 0.0000000000000000e+00 1
-1.8254297623798971e-01 1.8785595849648257e-01 0.0000000000000000e+00 1
-1.8903458846240334e-01 1.9142424660702653e-01 0.0000000000000000e+00 1
-1.9527332239609876e-01 1.8766382526676015e-01 0.0000000000000000e+00 1
-1.9544908502777761e-01 1.9486786798123445e-01 0.0000000000000000e+00 1
-2.0157882207028277e-01 1.9112180348914595e-01 0.0000000000000000e+00 1
-2.0144801059668710e-01 1.8396177576456188e-01 0.0000000000000000e+00 1
-2.0770623385707601e-01 1.8741823221262291e-01 0.0000000000000000e+00 1
-2.0166033803774200e-01 1.9839807148467217e-01 0.0000000000000000e+00 1
-2.0773190316098850e-01 1.7996544861121322e-01 0.0000000000000000e+00 1
-2.1394936806556952e-01 1.8349975612997013e-01 0.0000000000000000e+00 1
-2.1394902296487711e-01 1.9087705304853472e-01 0.0000000000000000e+00 1
-2.2003066696322376e-01 1.8720515947040597e-01 0.0000000000000000e+00 1
-2.2031835870374722e-01 1.7959614405540664e-01 0.0000000000000000e+00 1
-1.8911901939203216e-01 1.9877065795292895e-01 0.0000000000000000e+00 1
1.2510693111889817e-01 6.1459031787211481e-02 0.0000000000000000e+00 1
3.4033542785899995e-01 -1.6680461360997126e-01 0.0000000000000000e+00 1
3.5349389871258219e-01 -1.6069035784267388e-01 0.0000000000000000e+00 1
3.5096845019585077e-01 -1.7353343052191414e-01 0.0000000000000000e+00 1
4.5663149723967324e-02 8.1218748363702298e-02 0.0000000000000000e+00 1
3.6787097253401894e-02 8.6474009766315946e-02 0.0000000000000000e+00 1
3.8886360826462696e-01 -2.0919226822742962e-01 0.0000000000000000e+00 1
3.8242022328549263e-01 -1.9248672933019698e-01 0.0000000000000000e+00 1
3.7240381604776651e-01 -1.8758962563966894e-01 0.0000000000000000e+00 1
3.7078085748636685e-01 -1.7736144254582822e-01 0.0000000000000000e+00 1
-2.8272493999052090e-01 9.7787795057495477e-02 0.0000000000000000e+00 1
-2.8886623201251943e-01 9.4283031540652928e-02 0.0000000000000000e+00 1
-2.8878734534029438e-01 8.7202249565151879e-02 0.0000000000000000e+00 1
-2.9482264071841346e-01 9.0800621981580634e-02 0.0000000000000000e+00 1
-2.9439677153010485e-01 8.3935055605002085e-02 0.0000000000000000e+00 1
-2.8905183963864411e-01 8.0470153794160490e-02 0.0000000000000000e+00 1
-2.9431656581922533e-01 7.7128573848564211e-02 0.0000000000000000e+00 1
-3.0081548298196609e-01 8.6992675585690377e-02 0.0000000000000000e+00 1
-3.0101886844483944e-01 9.4440834577533495e-02 0.0000000000000000e+00 1
-2.8275482856771905e-01 8.3570879589847727e-02 0.0000000000000000e+00 1
-2.8289618014345702e-01 7.6804868904629883e-02 0.0000000000000000e+00 1
4.9615814839432087e-02 1.6063171617729913e-01 0.0000000000000000e+00 1
1.0916938546293276e-02 -4.5264781466725683e-02 0.0000000000000000e+00 1
-2.2579082455189559e-01 8.8703015156524987e-03 0.0000000000000000e+00 1
-1.4555864315290806e-01 -6.3863180191253574e-02 0.0000000000000000e+00 1
-2.0677179328563208e-01 2.4933532934139555e-01 0.0000000000000000e+00 1
-2.1178297727235212e-01 2.4615001850219650e-01 0.0000000000000000e+00 1
3.0946179890966663e-01 -2.4501549856506974e-01 0.0000000000000000e+00 1
3.7104576562578978e-01 -2.4018648215551705e-01 0.0000000000000000e+00 1
-4.2302621596868623e-02 -1.4134829858195253e-02 0.0000000000000000e+00 1
1.3483312736629881e-02 1.2935560886442055e-01 0.0000000000000000e+00 1
5.9021818803846049e-03 1.3366385982205489e-01 0.0000000000000000e+00 1
-1.3582922570997541e-01 -5.8110360569787751e-02 0.0000000000000000e+00 1
-1.2311164289005481e-01 -6.5514094312091362e-02 0.0000000000000000e+00 1
-3.0781978550109879e-01 4.2877723154673329e-02 0.0000000000000000e+00 1
-3.0610482722639598e-01 3.6854964216194282e-02 0.0000000000000000e+00 1
2.8048846495235857e-01 -5.8951194858783605e-02 0.0000000000000000e+00 1
-2.9243590391969912e-03 1.0128669918512143e-01 0.0000000000000000e+00 1
-1.1247908434715978e-02 1.0615154873463180e-01 0.0000000000000000e+00 1
-1.9622238788338030e-02 1.0129187918582172e-01 0.0000000000000000e+00 1
-2.7837348124260974e-02 1.0606565818384517e-01 0.0000000000000000e+00 1
-3.6080547977364853e-02 1.0154420214216546e-01 0.0000000000000000e+00 1
-3.5875584443225084e-02 1.1080738140482543e-01 0.0000000000000000e+00 1
-4.4070259046541702e-02 1.0631931734058260e-01 0.0000000000000000e+00 1
-4.3799271607159164e-02 1.1553274984045923e-01 0.0000000000000000e+00 1
-2.7732762965036215e-02 1.1537051870768678e-01 0.0000000000000000e+00 1
-5.2003464724723961e-02 1.1098387159302293e-01 0.0000000000000000e+00 1
-5.0537117005050931e-02 1.2038439627848337e-01 0.0000000000000000e+00 1
-4.2753994209527260e-02 1.2451874052413504e-01 0.0000000000000000e+00 1
-5.9840678110098598e-02 1.1601436257597460e-01 0.0000000000000000e+00 1
-5.2406580397950438e-02 1.0150712607094059e-01 0.0000000000000000e+00 1
-3.6256127921822145e-02 9.2014546499671154e-02 0.0000000000000000e+00 1
-2.3305808105082043e-01 1.6453733861377751e-01 0.0000000000000000e+00 1
-2.3319655685143958e-01 1.7175915881503340e-01 0.0000000000000000e+00 1
-2.5638976303655109e-01 7.5758366031662652e-02 0.0000000000000000e+00 1
2.8791080052713891e-01 -2.3555336258576445e-01 0.0000000000000000e+00 1
-3.1820757659361587e-01 8.0137396564816485e-02 0.0000000000000000e+00 1
2.3252453242726973e-01 -2.1963851921689204e-01 0.0000000000000000e+00 1
-2.5612896638572957e-01 9.0327320387638410e-02 0.0000000000000000e+00 1
3.2276758974204350e-01 -3.0016596239854476e-01 0.0000000000000000e+00 1
3.3078402430218601e-01 -3.0514663400708225e-01 0.0000000000000000e+00 1
3.8890401272025726e-01 -2.9395932070015723e-01 0.0000000000000000e+00 1
3.8942260564916709e-01 -3.0214801602003050e-01 0.0000000000000000e+00 1
-1.0780286222310065e-01 1.2266216812773091e-01 0.0000000000000000e+00 1
-4.4875708353599116e-02 -3.4244264276172328e-03 0.0000000000000000e+00 1
-3.0769388528519681e-01 1.2580073828232971e-01 0.0000000000000000e+00 1
8.0981123523011539e-02 1.6637178032909922e-01 0.0000000000000000e+00 1
7.3017476834129291e-02 1.6529835124726508e-01 0.0000000000000000e+00 1
6.8198961796748156e-02 1.7222880415385472e-01 0.0000000000000000e+00 1
-7.6979816966910364e-02 7.7165277061131243e-02 0.0000000000000000e+00 1
3.7218738683835406e-02 1.2546528359481515e-01 0.0000000000000000e+00 1
4.4539604422104570e-02 1.3050905953709860e-01 0.0000000000000000e+00 1
-2.0140140401020695e-01 1.7652556402440087e-01 0.0000000000000000e+00 1
-3.3820764012408072e-01 6.3998455141281912e-02 0.0000000000000000e+00 1
-1.8893310782436529e-01 1.3790462489119426e-01 0.0000000000000000e+00 1
-1.8902216691974219e-01 1.4560118750939846e-01 0.0000000000000000e+00 1
-1.8233193710727444e-01 1.4971233968588499e-01 0.0000000000000000e+00 1
-1.8884879181080305e-01 1.5354079295844505e-01 0.0000000000000000e+00 1
-1.9568696005183098e-01 1.4157919932050014e-01 0.0000000000000000e+00 1
-2.0236919150284297e-01 1.3759266073112322e-01 0.0000000000000000e+00 1
-2.0187569170117123e-01 1.4564206961960094e-01 0.0000000000000000e+00 1
-2.0226239484262803e-01 1.2992427957044425e-01 0.0000000000000000e+00 1
-2.0856229774975268e-01 1.3434827712212702e-01 0.0000000000000000e+00 1
-1.8231994306874741e-01 1.5751107888611846e-01 0.0000000000000000e+00 1
-1.1303376177947033e-01 -8.5831494870329025e-02 0.0000000000000000e+00 1
-1.0107144279126343e-01 -7.9427679811557420e-02 0.0000000000000000e+00 1
-8.9371406527293737e-02 -8.8168908299493878e-02 0.0000000000000000e+00 1
-9.0764220086267028e-02 -1.0088358936845386e-01 0.0000000000000000e+00 1
3.2226907263017784e-01 -3.0905531346396736e-01 0.0000000000000000e+00 1
3.3188277203039690e-01 -3.1449784665724950e-01 0.0000000000000000e+00 1
-1.8989506473252549e-01 2.4083507236212395e-01 0.0000000000000000e+00 1
-2.0154269120996560e-01 4.9384506285098918e-02 0.0000000000000000e+00 1
5.5569661729892889e-02 -4.4302014592765816e-02 0.0000000000000000e+00 1
-2.3610012555177798e-01 1.0954861176267133e-01 0.0000000000000000e+00 1
-2.3699234381871503e-01 1.1705555842912059e-01 0.0000000000000000e+00 1
-2.2689797436475920e-01 1.6826895599244587e-01 0.0000000000000000e+00 1
-2.2702613043609984e-01 1.7546846737336139e-01 0.0000000000000000e+00 1
-2.3330874204325125e-01 1.7895620725392872e-01 0.0000000000000000e+00 1
-2.2052279675816772e-01 1.7196717962609853e-01 0.0000000000000000e+00 1
-2.2674397831501206e-01 1.8278983730915027e-01 0.0000000000000000e+00 1
-2.1408088230494698e-01 1.7596549439034451e-01 0.0000000000000000e+00 1
-2.0775147121391507e-01 1.9467645052236324e-01 0.0000000000000000e+00 1
7.2177270947871547e-02 1.1758556319050988e-01 0.0000000000000000e+00 1
-2.6036199522806391e-01 1.4183646624339685e-01 0.0000000000000000e+00 1
-2.5506631712727557e-01 1.4555288542998313e-01 0.0000000000000000e+00 1
-2.5532766841982724e-01 1.5232618728020492e-01 0.0000000000000000e+00 1
-2.5881668414307124e-01 1.5907518734855788e-01 0.0000000000000000e+00 1
-1.9256373277163882e-02 1.1069384573041859e-01 0.0000000000000000e+00 1
-3.3104965135354124e-02 1.5407838072142854e-01 0.0000000000000000e+00 1
-2.5787988738470019e-02 1.5851659157882511e-01 0.0000000000000000e+00 1
-3.3330582640609736e-02 1.6260933031537197e-01 0.0000000000000000e+00 1
-1.7961507067529650e-02 1.5447373497759806e-01 0.0000000000000000e+00 1
-1.8324795722882824e-02 1.6298531487667917e-01 0.0000000000000000e+00 1
-1.0229345313809032e-02 1.5899734833070286e-01 0.0000000000000000e+00 1
-1.6490043888510914e-02 1.4599625845577888e-01 0.0000000000000000e+00 1
-2.9513254494140734e-01 1.0498708209216674e-01 0.0000000000000000e+00 1
-2.9499021049064622e-01 9.7908221206550183e-02 0.0000000000000000e+00 1
-3.0709078280927915e-01 9.8280891071813439e-02 0.0000000000000000e+00 1
-2.8312655363260347e-01 1.1926527231906470e-01 0.0000000000000000e+00 1
2.7570527484349439e-01 -2.9768877975588420e-01 0.0000000000000000e+00 1
2.6705643317590139e-01 -3.0086044647155130e-01 0.0000000000000000e+00 1
-3.4802793047781266e-01 9.6360257421408815e-02 0.0000000000000000e+00 1
-2.2443287737919804e-01 7.5307898089940387e-02 0.0000000000000000e+00 1
2.6466139637654512e-01 -1.7339077150891960e-01 0.0000000000000000e+00 1
2.6454051276937779e-01 -1.6045610270183897e-01 0.0000000000000000e+00 1
2.7571562097339120e-01 -1.6683826110418423e-01 0.0000000000000000e+00 1
2.5776420151884860e-01 -8.7645706999568015e-02 0.0000000000000000e+00 1
1.7556377480304866e-01 -1.8889865102440836e-01 0.0000000000000000e+00 1
-2.0862997397100513e-01 2.7382598701948462e-02 0.0000000000000000e+00 1
6.3410309936033846e-02 1.1452985938879248e-01 0.0000000000000000e+00 1
-2.1067066519891020e-01 8.4240640421767279e-02 0.0000000000000000e+00 1
-2.1699929248222161e-01 8.8791516510844895e-02 0.0000000000000000e+00 1
3.3822454966001322e-02 -1.8967364504223250e-02 0.0000000000000000e+00 1
-1.7546071180160286e-01 1.4602850870719877e-01 0.0000000000000000e+00 1
-1.3926225323082692e-01 -1.3089001291003341e-02 0.0000000000000000e+00 1
-3.3456844213599390e-01 1.1387881555349903e-01 0.0000000000000000e+00 1
-3.3991867013903598e-01 1.1044593635676045e-01 0.0000000000000000e+00 1
-8.5077004691528416e-02 8.1951872409596574e-02 0.0000000000000000e+00 1
-8.5039705416832700e-02 9.1491557334867676e-02 0.0000000000000000e+00 1
7.3423076722769626e-02 1.7599872272110132e-02 0.0000000000000000e+00 1
-8.6744279946066705e-02 -4.1404539082528030e-02 0.0000000000000000e+00 1
-2.5756668050940673e-01 1.1246654613189398e-01 0.0000000000000000e+00 1
-9.7312179968457868e-02 -3.5229423222395563e-02 0.0000000000000000e+00 1
-9.6896292623959546e-02 -2.2981962332987185e-02 0.0000000000000000e+00 1
-2.8175599106210492e-01 6.2213139663608703e-02 0.0000000000000000e+00 1
-9.9889231056794633e-02 1.4314808590577358e-01 0.0000000000000000e+00 1
5.5318186668943420e-02 8.6741011541332028e-02 0.0000000000000000e+00 1
-1.1965766983336691e-01 -2.3777357143585556e-02 0.0000000000000000e+00 1
-1.4038991492398775e-01 1.4328076501385326e-01 0.0000000000000000e+00 1
-1.4757354526685199e-01 1.4716400153442050e-01 0.0000000000000000e+00 1
-1.4788330482948614e-01 1.5466047520063181e-01 0.0000000000000000e+00 1
9.3920249522729052e-02 4.1775480140273880e-02 0.0000000000000000e+00 1
8.3740960116961263e-02 5.9294612860257750e-02 0.0000000000000000e+00 1
-2.3410676747514311e-01 2.3461304423405382e-01 0.0000000000000000e+00 1
-2.3919676027425257e-01 2.7065319092938002e-02 0.0000000000000000e+00 1
-2.3286167096399682e-01 1.5723794437604549e-01 0.0000000000000000e+00 1
2.1078773288032354e-01 -2.4649315430626587e-01 0.0000000000000000e+00 1
1.9980335761412429e-01 -2.5329720266991562e-01 0.0000000000000000e+00 1
1.8866601240140168e-01 -2.4728929636484950e-01 0.0000000000000000e+00 1
1.8890957409036860e-01 -2.6001516892199478e-01 0.0000000000000000e+00 1
1.7753827388875143e-01 -2.5380002551389580e-01 0.0000000000000000e+00 1
1.6604579167180911e-01 -2.6076880132586461e-01 0.0000000000000000e+00 1
1.6674614527932061e-01 -2.4703780801326924e-01 0.0000000000000000e+00 1
2.1166892115688068e-01 -2.5872170300407071e-01 0.0000000000000000e+00 1
1.9980811791564407e-01 -2.6588252987438238e-01 0.0000000000000000e+00 1
2.1243031965288792e-01 -2.7224443805882342e-01 0.0000000000000000e+00 1
1.5484291560294419e-01 -2.5418699397386074e-01 0.0000000000000000e+00 1
1.2459982174827333e-01 -1.0952892684226576e-01 0.0000000000000000e+00 1
1.1346228505942060e-01 -1.1587808290574679e-01 0.0000000000000000e+00 1
1.1302062382135383e-01 -1.0265333145905604e-01 0.0000000000000000e+00 1
-6.8280230792570257e-02 -1.1582702517279277e-01 0.0000000000000000e+00 1
-5.6858799383478861e-02 -1.2348741285771873e-01 0.0000000000000000e+00 1
-4.4419829263929886e-02 -1.1770194670077010e-01 0.0000000000000000e+00 1
-3.2858127500222420e-02 -1.2493656462295188e-01 0.0000000000000000e+00 1
-3.3662549241190796e-02 -1.3863212584572993e-01 0.0000000000000000e+00 1
-2.1389329871324528e-02 -1.3235152531436581e-01 0.0000000000000000e+00 1
-2.0837531790992226e-02 -1.1876541252777194e-01 0.0000000000000000e+00 1
-9.8688796414522929e-03 -1.2554226957057532e-01 0.0000000000000000e+00 1
-1.0185353251742125e-02 -1.3970720813046181e-01 0.0000000000000000e+00 1
-2.2209535805217062e-02 -1.4638220312324221e-01 0.0000000000000000e+00 1
-1.4856538751665260e-01 -7.7122833899638419e-03 0.0000000000000000e+00 1
-1.4933469668827221e-01 2.5887024342485915e-03 0.0000000000000000e+00 1
-5.4137597938785129e-02 -5.9610778896177212e-02 0.0000000000000000e+00 1
-4.3363745174999017e-02 -5.2561329444541838e-02 0.0000000000000000e+00 1
-6.5068553080978225e-02 -5.3007283557510575e-02 0.0000000000000000e+00 1
-6.5505535740888812e-02 -4.0547276873770008e-02 0.0000000000000000e+00 1
-1.8274554343470079e-01 2.0271584391176944e-01 0.0000000000000000e+00 1
-3.0736986309382336e-01 1.1871403549603521e-01 0.0000000000000000e+00 1
-2.1828306443041656e-01 2.1697344453896630e-01 0.0000000000000000e+00 1
3.4111624073584057e-01 -1.4088034388696041e-01 0.0000000000000000e+00 1
-2.2037801272764412e-01 1.6469815344416427e-01 0.0000000000000000e+00 1
-4.0679312034819559e-02 1.5819320374410234e-01 0.0000000000000000e+00 1
-4.0711827705768644e-02 1.6649979151146690e-01 0.0000000000000000e+00 1
-3.3258528948088617e-02 1.7108290282779415e-01 0.0000000000000000e+00 1
-4.1232104693198060e-02 1.7515723769054964e-01 0.0000000000000000e+00 1
-1.9649577279112021e-01 9.2703134058242986e-02 0.0000000000000000e+00 1
-2.0305288396735424e-01 9.7114783464039511e-02 0.0000000000000000e+00 1
-1.2396086175888049e-01 -7.8660109016417512e-02 0.0000000000000000e+00 1
-1.8231323324867335e-01 1.0117268231166587e-01 0.0000000000000000e+00 1
-1.8950144604453287e-01 1.0516949168807509e-01 0.0000000000000000e+00 1
2.0075279353566827e-01 4.1011228865800366e-02 0.0000000000000000e+00 1
2.0949357764111481e-01 3.0364760210631624e-02 0.0000000000000000e+00 1
2.0985250256783233e-01 -2.0766689217954273e-01 0.0000000000000000e+00 1
1.1275048754157070e-01 -8.9423729060780000e-02 0.0000000000000000e+00 1
1.0118484781284039e-01 -8.2882089924867897e-02 0.0000000000000000e+00 1
1.0119769690029118e-01 -9.6183734603826454e-02 0.0000000000000000e+00 1
9.0000934918651021e-02 -8.9318739495048483e-02 0.0000000000000000e+00 1
2.1882823830637710e-01 -1.3451947108273699e-01 0.0000000000000000e+00 1
-1.4023976241294128e-01 1.3497411141028534e-01 0.0000000000000000e+00 1
-2.9255243195600450e-01 5.4325775556941035e-02 0.0000000000000000e+00 1
3.8249812637516967e-01 -3.0770859431686409e-01 0.0000000000000000e+00 1
-1.5531819384731615e-01 1.5833707673224326e-01 0.0000000000000000e+00 1
-1.5568487266719566e-01 1.6590910285259117e-01 0.0000000000000000e+00 1
1.8469898694146017e-01 -1.4228861142490959e-01 0.0000000000000000e+00 1
1.7267925485819358e-01 -1.3571624770458932e-01 0.0000000000000000e+00 1
-3.2026611162670193e-01 1.3958357826361689e-01 0.0000000000000000e+00 1
-1.6282566656478863e-02 5.3904583766785752e-02 0.0000000000000000e+00 1
1.6503522190392766e-01 -2.2206563860366005e-01 0.0000000000000000e+00 1
2.2170814092622190e-01 -8.1904337111177214e-02 0.0000000000000000e+00 1
-4.4322617585854575e-02 9.6850923243431322e-02 0.0000000000000000e+00 1
1.1756946129474047e-01 -1.9700817567535037e-01 0.0000000000000000e+00 1
-2.5229125902618343e-01 1.3949196519398277e-01 0.0000000000000000e+00 1
-2.4505882711815646e-01 1.4250268279026659e-01 0.0000000000000000e+00 1
1.8011202170378673e-01 5.9268191375385963e-02 0.0000000000000000e+00 1
-1.2517502283633894e-01 1.0172928419563437e-01 0.0000000000000000e+00 1
-2.2619009077087215e-01 1.3897724580643289e-01 0.0000000000000000e+00 1
1.1180100835039866e-01 -3.6501871005262171e-02 0.0000000000000000e+00 1
-1.3121422181218440e-01 2.4981525085769862e-01 0.0000000000000000e+00 1
-1.2715539361465267e-01 2.4283653180171003e-01 0.0000000000000000e+00 1
-9.2506598715046254e-02 1.6975349176534180e-01 0.0000000000000000e+00 1
-1.5419010083320733e-01 1.1821291937557597e-01 0.0000000000000000e+00 1
-1.6118568777106806e-01 1.1395078946939736e-01 0.0000000000000000e+00 1
-1.6820281848941326e-01 1.0966646011672572e-01 0.0000000000000000e+00 1
-1.7521464073793125e-01 1.1379467843562090e-01 0.0000000000000000e+00 1
-2.5236677898232873e-01 1.6819859782935984e-01 0.0000000000000000e+00 1
-2.5791918238798971e-02 1.6704107818910455e-01 0.0000000000000000e+00 1
-8.8227259981872100e-02 2.2032664522027778e-01 0.0000000000000000e+00 1
-8.8503515075104316e-02 2.2880004627433281e-01 0.0000000000000000e+00 1
-8.1017494481026742e-02 2.3320412849391736e-01 0.0000000000000000e+00 1
-8.8788855721062654e-02 2.3733327430997350e-01 0.0000000000000000e+00 1
-9.5656385978097891e-02 2.3216128961973106e-01 0.0000000000000000e+00 1
-2.4034160442058067e-01 1.7531128087499190e-01 0.0000000000000000e+00 1
-1.9294231825973054e-01 7.9555239257585696e-03 0.0000000000000000e+00 1
-2.4267038964155097e-01 1.0549712951731392e-01 0.0000000000000000e+00 1
1.4807831579407804e-01 -1.0899300110745679e-01 0.0000000000000000e+00 1
1.9751269809903896e-01 -6.8435290476598729e-02 0.0000000000000000e+00 1
1.9743836720062874e-01 -8.2136622858551403e-02 0.0000000000000000e+00 1
1.8513250537791573e-01 -7.5397336673039203e-02 0.0000000000000000e+00 1
1.8388276711872370e-01 -8.8802412632812966e-02 0.0000000000000000e+00 1
-3.1302495421771348e-01 5.8388232078222246e-02 0.0000000000000000e+00 1
2.5719686207310594e-03 4.4358499505822574e-02 0.0000000000000000e+00 1
1.3719526928804093e-01 -9.6528902347446845e-03 0.0000000000000000e+00 1
7.9671103122880574e-02 -1.0939964030535847e-01 0.0000000000000000e+00 1
-3.4718179140833430e-02 6.3593956484017930e-02 0.0000000000000000e+00 1
-7.7057073524358505e-02 9.6175825625981523e-02 0.0000000000000000e+00 1
-1.4570138917220266e-03 1.8856782519079474e-01 0.0000000000000000e+00 1
-1.5003740964110361e-03 1.9680456344524488e-01 0.0000000000000000e+00 1
-8.7154768923919136e-03 2.0090804572078760e-01 0.0000000000000000e+00 1
5.6963354901731211e-03 1.9270574423687806e-01 0.0000000000000000e+00 1
-1.7442329751906410e-03 2.0466124967240698e-01 0.0000000000000000e+00 1
-8.5938764807302146e-03 2.0920264355355869e-01 0.0000000000000000e+00 1
-1.5907730497529693e-02 2.0499863222264819e-01 0.0000000000000000e+00 1
-4.4878049789541849e-04 2.1348736870094914e-01 0.0000000000000000e+00 1
5.8553889015304133e-03 1.8440468205891961e-01 0.0000000000000000e+00 1
1.3115237648957445e-02 1.8835118147792049e-01 0.0000000000000000e+00 1
1.2852934393187675e-02 1.9650447545154592e-01 0.0000000000000000e+00 1
5.4056168612623585e-03 2.0039978754220675e-01 0.0000000000000000e+00 1
1.2534071858993370e-02 2.0467611431324190e-01 0.0000000000000000e+00 1
1.8545827353700622e-01 -6.1844425405896485e-02 0.0000000000000000e+00 1
1.7256080481954644e-01 -6.8584215028334283e-02 0.0000000000000000e+00 1
-2.6500457586822318e-01 1.3093126681853010e-01 0.0000000000000000e+00 1
-9.5013128757776233e-02 2.0965778102856061e-02 0.0000000000000000e+00 1
1.8700518013959427e-01 -1.9533375386695853e-01 0.0000000000000000e+00 1
-2.1870948506199575e-01 1.9599809037624660e-01 0.0000000000000000e+00 1
1.1538360920277170e-01 -1.4252748507050084e-01 0.0000000000000000e+00 1
-5.2640313285879162e-02 2.0905267321169943e-01 0.0000000000000000e+00 1
-4.5250680742729373e-02 2.1339494896208810e-01 0.0000000000000000e+00 1
-2.7858357102771514e-01 1.5206205341579163e-01 0.0000000000000000e+00 1
1.7167030457621751e-01 1.2648736454546271e-02 0.0000000000000000e+00 1
-1.9553917432011769e-01 2.0216906919525798e-01 0.0000000000000000e+00 1
1.1719875850280850e-01 -1.8345207743768641e-01 0.0000000000000000e+00 1
1.0525101872395981e-01 -1.7692496126461565e-01 0.0000000000000000e+00 1
-1.0062350674517147e-01 9.1423864343034358e-02 0.0000000000000000e+00 1
-2.7289214862327293e-01 8.9489232719587187e-03 0.0000000000000000e+00 1
-1.5404475700412862e-01 1.0990017534102819e-01 0.0000000000000000e+00 1
-2.7687201357739677e-01 2.0591895664812745e-01 0.0000000000000000e+00 1
-2.7468780113243862e-01 1.9914333721148308e-01 0.0000000000000000e+00 1
-2.6989815780996490e-01 2.0415377313126748e-01 0.0000000000000000e+00 1
-2.6718181460139728e-01 1.9669017879155523e-01 0.0000000000000000e+00 1
-2.6315555846549299e-01 2.0274862493252799e-01 0.0000000000000000e+00 1
2.2961807899456022e-01 8.0250925806435169e-03 0.0000000000000000e+00 1
-9.3415847899406962e-02 4.8061843823932505e-02 0.0000000000000000e+00 1
-2.3804710562750236e-01 6.6922672903998962e-02 0.0000000000000000e+00 1
-2.9604252708676326e-01 1.8386775151855658e-01 0.0000000000000000e+00 1
-2.5546750098115256e-01 1.9524461279875838e-01 0.0000000000000000e+00 1
3.2179356243580204e-01 -9.8284619211049418e-02 0.0000000000000000e+00 1
3.0693611377368235e-01 -9.9551557008911426e-02 0.0000000000000000e+00 1
3.1645350253924198e-01 -1.1320502534975697e-01 0.0000000000000000e+00 1
3.0329110565070561e-01 -1.1331086862427307e-01 0.0000000000000000e+00 1
3.3009339836827950e-01 -1.0897138534830639e-01 0.0000000000000000e+00 1
1.8511694246280752e-01 -4.7910427907437346e-02 0.0000000000000000e+00 1
-5.2456244977191785e-02 8.2607509507752044e-02 0.0000000000000000e+00 1
-5.2073301505648636e-02 7.2955464204225315e-02 0.0000000000000000e+00 1
2.2347539227621383e-02 3.4366788328820473e-02 0.0000000000000000e+00 1
-3.3616557275202696e-01 1.2653460773198319e-01 0.0000000000000000e+00 1
-1.2388036657897955e-01 2.2301635595922856e-01 0.0000000000000000e+00 1
-3.1194941054875677e-02 1.7937297320924137e-01 0.0000000000000000e+00 1
3.1857638629550311e-01 -1.6688506951934545e-01 0.0000000000000000e+00 1
-3.1956588444182793e-01 1.5467389963120989e-01 0.0000000000000000e+00 1
-4.5253700495167477e-02 1.8819496748939529e-01 0.0000000000000000e+00 1
-1.8225504153214098e-01 1.0939904451602621e-01 0.0000000000000000e+00 1
-2.3230131310807294e-02 2.0088611774685289e-01 0.0000000000000000e+00 1
-2.3213220169057913e-02 2.0922633687711853e-01 0.0000000000000000e+00 1
-3.0381294893692071e-02 2.1323812501525205e-01 0.0000000000000000e+00 1
-2.2907406701757324e-02 2.1701181776425127e-01 0.0000000000000000e+00 1
-3.7878850905193148e-02 2.0924401630237188e-01 0.0000000000000000e+00 1
-3.7006830733990394e-02 2.1905801414069717e-01 0.0000000000000000e+00 1
-4.5360037834766470e-02 2.2211586102462522e-01 0.0000000000000000e+00 1
-1.0190648643046918e-01 1.9498338845418950e-01 0.0000000000000000e+00 1
-1.0900650192516936e-01 1.9092087652362191e-01 0.0000000000000000e+00 1
-1.1629734179986739e-01 1.9466802703165142e-01 0.0000000000000000e+00 1
-1.1556259298764311e-01 1.8736565880199635e-01 0.0000000000000000e+00 1
-1.2313778893641458e-01 1.9086740957855233e-01 0.0000000000000000e+00 1
-1.2340158899691296e-01 1.9864971264564774e-01 0.0000000000000000e+00 1
-1.3017832205527821e-01 1.9453320115313877e-01 0.0000000000000000e+00 1
-1.2939311010011623e-01 1.8718946375460147e-01 0.0000000000000000e+00 1
-1.0106810653432366e-01 1.8743764824921388e-01 0.0000000000000000e+00 1
4.4417337170847754e-02 -5.0973712122036746e-02 0.0000000000000000e+00 1
2.7410992072650975e-01 -1.4194012223474128e-01 0.0000000000000000e+00 1
-2.6713560572019568e-01 1.8880969840215797e-01 0.0000000000000000e+00 1
-6.9235473314062101e-02 1.6738971439554215e-01 0.0000000000000000e+00 1
2.4819378548166138e-01 -1.1849297621980844e-02 0.0000000000000000e+00 1
-6.7317508126959399e-02 -1.0320433272190678e-01 0.0000000000000000e+00 1
-1.6680338546776446e-01 2.5374495696115513e-03 0.0000000000000000e+00 1
5.9873225268846392e-02 -2.0040021647768383e-01 0.0000000000000000e+00 1
6.0093084538772143e-02 -1.8705872580037727e-01 0.0000000000000000e+00 1
4.8605410870791080e-02 -1.7969631093349062e-01 0.0000000000000000e+00 1
3.6816406741243923e-02 -1.8587482312369605e-01 0.0000000000000000e+00 1
-1.1641297277416142e-01 2.0285068036936760e-01 0.0000000000000000e+00 1
-2.6134257872400557e-01 2.1982503412404394e-01 0.0000000000000000e+00 1
-1.7419188303316394e-01 7.3170760064524928e-02 0.0000000000000000e+00 1
-1.2968225556947992e-03 1.6351448006117356e-01 0.0000000000000000e+00 1
-2.7676036990995345e-01 1.1588015627701709e-01 0.0000000000000000e+00 1
4.4294003764631093e-02 2.3560278806046650e-02 0.0000000000000000e+00 1
4.4137845398280723e-02 3.4962347999917195e-02 0.0000000000000000e+00 1
1.0115985634938802e-01 -6.9602894143799804e-02 0.0000000000000000e+00 1
1.3623659282979714e-01 -1.0250392721882862e-01 0.0000000000000000e+00 1
-3.0365642176286312e-01 3.1306401465171413e-02 0.0000000000000000e+00 1
-2.5120649857859706e-01 5.8847606867523723e-02 0.0000000000000000e+00 1
-7.3885097595757579e-02 2.2936729141961279e-01 0.0000000000000000e+00 1
-1.1433772009772604e-01 2.4794883493149056e-01 0.0000000000000000e+00 1
2.1986539847868214e-01 -1.7432454199802039e-01 0.0000000000000000e+00 1
-3.0234198618604591e-01 1.5791353810061259e-01 0.0000000000000000e+00 1
9.5489617827698159e-02 -2.2242388190329432e-01 0.0000000000000000e+00 1
1.6077124085660019e-01 -2.1263457513242805e-02 0.0000000000000000e+00 1
2.5313436529420907e-01 -1.5427535593268255e-01 0.0000000000000000e+00 1
-1.7488910036455402e-01 2.5574492380496056e-01 0.0000000000000000e+00 1
2.7558735399792955e-01 -1.7988608506100245e-01 0.0000000000000000e+00 1
1.3693578033796071e-02 1.4692884221312108e-01 0.0000000000000000e+00 1
1.5949017050318309e-01 -6.1673325089061502e-02 0.0000000000000000e+00 1
1.4100322472919388e-01 -1.9631502193248984e-01 0.0000000000000000e+00 1
2.3024114071940566e-01 -1.4139835515987709e-01 0.0000000000000000e+00 1
7.1392356868767326e-02 -2.0811130806050357e-01 0.0000000000000000e+00 1
6.8151837997049797e-02 -1.0304982500680332e-01 0.0000000000000000e+00 1
-3.2120890211773383e-02 -7.2084379677887875e-02 0.0000000000000000e+00 1
8.1148948155054426e-02 -1.5008951454909053e-01 0.0000000000000000e+00 1
-1.3245729931509731e-01 1.0604485304887871e-01 0.0000000000000000e+00 1
-1.3044346760593858e-01 2.0267591854694500e-01 0.0000000000000000e+00 1
-1.3705192985048933e-01 1.9889154934774081e-01 0.0000000000000000e+00 1
-1.4394279741404722e-01 2.0328059200173262e-01 0.0000000000000000e+00 1
2.8104586518538532e-02 1.6388572786791564e-01 0.0000000000000000e+00 1
-1.5915022469356246e-02 1.7167436960923921e-01 0.0000000000000000e+00 1
-1.8467324696091975e-01 3.1911434228460274e-02 0.0000000000000000e+00 1
3.6863380896254565e-02 -1.7181177546378618e-01 0.0000000000000000e+00 1
1.9520624867706193e-01 -1.0852346229462219e-01 0.0000000000000000e+00 1
1.8823146373988156e-01 -2.3451790121382410e-01 0.0000000000000000e+00 1
-2.5170082387842652e-01 1.7491484561045001e-01 0.0000000000000000e+00 1
-1.5256656889914821e-01 2.5257467097536362e-01 0.0000000000000000e+00 1
-1.6822490302890780e-01 1.1810548852278789e-01 0.0000000000000000e+00 1
-1.9502359612452308e-01 2.1020344527018023e-01 0.0000000000000000e+00 1
-1.1923162309200783e-01 1.3968670167767869e-01 0.0000000000000000e+00 1
1.0718730670252609e-01 -2.2972330438289534e-01 0.0000000000000000e+00 1
-1.5923905963963415e-02 1.9670061159636598e-01 0.0000000000000000e+00 1
2.9742424530756861e-01 -2.0395621568693170e-01 0.0000000000000000e+00 1
3.4955231431326711e-01 -1.8554075020714544e-01 0.0000000000000000e+00 1
-1.5123526602301254e-01 2.2961453028135861e-01 0.0000000000000000e+00 1
8.9787878628291476e-02 -6.3181445132450845e-02 0.0000000000000000e+00 1
-2.9367104339230132e-01 2.3916781175793045e-02 0.0000000000000000e+00 1
1.4257246832511664e-01 -2.3572829876223511e-01 0.0000000000000000e+00 1
-1.4998831410757107e-01 1.9224337437961073e-01 0.0000000000000000e+00 1
-1.5675581964983462e-01 1.9601331213833481e-01 0.0000000000000000e+00 1
3.6120113064043552e-01 -1.5000677921896843e-01 0.0000000000000000e+00 1
-1.5474493240452653e-01 1.4255563005086974e-01 0.0000000000000000e+00 1
4.5713629508152401e-02 -1.3037413120367239e-01 0.0000000000000000e+00 1
-1.0255507164029591e-02 -9.7867980783457612e-02 0.0000000000000000e+00 1
2.4485418680073814e-01 -5.3834345216033835e-02 0.0000000000000000e+00 1
-1.0890131916236192e-02 -7.0962198976259591e-02 0.0000000000000000e+00 1
-9.9626954142916668e-02 1.7326586829744695e-01 0.0000000000000000e+00 1
-3.0197459026369294e-01 1.4347304218703719e-01 0.0000000000000000e+00 1
-6.2679465642716731e-02 1.4491558966422710e-01 0.0000000000000000e+00 1
-2.6147484402447769e-03 1.1075880234721058e-01 0.0000000000000000e+00 1
2.5707226345206974e-01 -2.8784029967766189e-01 0.0000000000000000e+00 1
1.3549166495788242e-01 -6.2332630621719128e-02 0.0000000000000000e+00 1
-2.4540518241878587e-01 2.2689482868175503e-01 0.0000000000000000e+00 1
-2.5138822859396842e-01 2.2952402127925298e-01 0.0000000000000000e+00 1
1.6277258327035837e-01 -1.5588563739872444e-01 0.0000000000000000e+00 1
-3.1078379360364666e-01 1.6704862306400792e-01 0.0000000000000000e+00 1
-3.0646237624094219e-01 1.7293699353264783e-01 0.0000000000000000e+00 1
1.1133939336407965e-01 -2.1643616641252889e-02 0.0000000000000000e+00 1
1.1822821670113640e-01 -2.1021473661344578e-01 0.0000000000000000e+00 1
7.6141046519832667e-02 -5.8898855012410878e-03 0.0000000000000000e+00 1
5.7051257419619708e-02 1.6506014520635107e-01 0.0000000000000000e+00 1
6.9612946005422061e-02 -1.5700360506810673e-01 0.0000000000000000e+00 1
-8.7964020829885012e-02 2.1193178116104941e-01 0.0000000000000000e+00 1
-2.7184084928106328e-01 2.1100547402625455e-01 0.0000000000000000e+00 1
1.3076645424453273e-01 -2.4282117302191608e-01 0.0000000000000000e+00 1
2.2084176126188676e-01 -4.0326515433053649e-02 0.0000000000000000e+00 1
2.5450492568948707e-01 -2.0532832330630005e-01 0.0000000000000000e+00 1
-1.2302874756802384e-01 -3.9800936683642343e-03 0.0000000000000000e+00 1
-2.0689310783359910e-01 2.0322500248584610e-01 0.0000000000000000e+00 1
-1.5845459089835884e-01 3.7040348653433440e-02 0.0000000000000000e+00 1
1.0994907877787815e-02 -1.3871139466507831e-01 0.0000000000000000e+00 1
6.7065924930064746e-02 -3.7679181934113591e-02 0.0000000000000000e+00 1
-8.4739593906580674e-02 1.4917091763805368e-01 0.0000000000000000e+00 1
-1.6827755910592793e-01 1.2637297577024664e-01 0.0000000000000000e+00 1
1.0298837476757081e-01 8.3075212202251947e-02 0.0000000000000000e+00 1
-2.3661116110108846e-01 1.8546695226868817e-01 0.0000000000000000e+00 1
3.0388033909666878e-01 -2.9187421806093977e-01 0.0000000000000000e+00 1
1.0007653776452168e-01 -3.0313911580022290e-02 0.0000000000000000e+00 1
-1.0263003377089010e-01 2.1966938724091337e-01 0.0000000000000000e+00 1
-3.9487818773638404e-02 2.2896594707479750e-01 0.0000000000000000e+00 1
-9.2733795564473975e-02 1.0535458670497798e-01 0.0000000000000000e+00 1
2.3138603690127596e-01 -1.8051799060415544e-01 0.0000000000000000e+00 1
1.8809678355339432e-01 -2.7268749158600042e-01 0.0000000000000000e+00 1
-1.3264189950294289e-01 1.1440195399837891e-01 0.0000000000000000e+00 1
-1.6315949058593693e-01 1.9198850836446238e-01 0.0000000000000000e+00 1
-1.5705728742268252e-01 2.0353495627319296e-01 0.0000000000000000e+00 1
1.9621920967175713e-01 -1.3405946196722198e-02 0.0000000000000000e+00 1
-1.4407873228420859e-01 2.1069437623833323e-01 0.0000000000000000e+00 1
-1.8190307202377487e-01 1.1839222362022968e-01 0.0000000000000000e+00 1
3.0731218464004911e-01 -1.3506471429138156e-01 0.0000000000000000e+00 1
2.0897581921626043e-01 -1.8132553564981926e-01 0.0000000000000000e+00 1
1.2954877183930016e-01 -2.0329472601943960e-01 0.0000000000000000e+00 1
-2.2023226349981309e-01 1.4278602493996154e-01 0.0000000000000000e+00 1
1.0507326378519313e-01 1.1385132570722097e-02 0.0000000000000000e+00 1
-1.3083694646500041e-01 2.2680067452334718e-01 0.0000000000000000e+00 1
6.7521423468989331e-02 -7.6515384463731531e-02 0.0000000000000000e+00 1
1.5137295566309977e-01 -1.6284805246971071e-01 0.0000000000000000e+00 1
1.5808321095268499e-01 5.7107964032962442e-02 0.0000000000000000e+00 1
4.5098945195197290e-02 1.2126316825519762e-01 0.0000000000000000e+00 1
2.7584849857335869e-01 -2.8743916001987063e-01 0.0000000000000000e+00 1
-8.5290454083577494e-02 1.4019133167368081e-01 0.0000000000000000e+00 1
-1.4648226627599559e-01 8.9442704538386736e-02 0.0000000000000000e+00 1
-3.4597319759687506e-01 1.1130776326230883e-01 0.0000000000000000e+00 1
2.0960734481715768e-01 -2.8450350879487779e-01 0.0000000000000000e+00 1
-2.8937180674198221e-01 1.2257105173395570e-01 0.0000000000000000e+00 1
2.2427905630109927e-02 -7.7162513785571582e-02 0.0000000000000000e+00 1
-1.7562281062173013e-01 1.6157688973042356e-01 0.0000000000000000e+00 1
-1.9504299642027567e-01 1.5760741370966661e-01 0.0000000000000000e+00 1
4.4948820457009327e-02 -1.2838405130994849e-02 0.0000000000000000e+00 1
2.3358064798399816e-02 -1.2551738108197178e-02 0.0000000000000000e+00 1
1.2558728840662681e-01 4.9079492251945384e-02 0.0000000000000000e+00 1
-1.5155459861676199e-01 2.3707902838864750e-01 0.0000000000000000e+00 1
-1.5232440983139653e-01 2.4434406729964994e-01 0.0000000000000000e+00 1
1.1569590695063076e-01 1.7792908217624307e-02 0.0000000000000000e+00 1
-1.6365074837158902e-01 2.0696211643871254e-01 0.0000000000000000e+00 1
5.7529560696387358e-02 -1.3692931883485870e-01 0.0000000000000000e+00 1
-3.0209954460047844e-01 1.5059152265603318e-01 0.0000000000000000e+00 1
2.2086234351878890e-02 9.6976947274001857e-02 0.0000000000000000e+00 1
-2.6299584784000363e-01 7.9619901498142340e-02 0.0000000000000000e+00 1
-1.8869019482904878e-01 1.6136533596335023e-01 0.0000000000000000e+00 1
-1.7581795047050791e-01 1.6919267963383924e-01 0.0000000000000000e+00 1
-1.8560809350743185e-01 -1.7547873945394598e-02 0.0000000000000000e+00 1
9.1102311041413767e-02 1.1097790038775381e-01 0.0000000000000000e+00 1
9.1998306548757708e-02 9.9539672818472411e-02 0.0000000000000000e+00 1
2.9359293662479152e-01 -2.6547712155198122e-01 0.0000000000000000e+00 1
-2.6504232210058337e-01 2.0909037638123795e-01 0.0000000000000000e+00 1
1.4839289235257591e-01 2.4649293380983303e-02 0.0000000000000000e+00 1
1.4751202792751333e-01 -6.8714055651004760e-02 0.0000000000000000e+00 1
-2.1406655162500199e-01 1.6853238584543997e-01 0.0000000000000000e+00 1
-2.3144796592526676e-01 4.0062891899865373e-02 0.0000000000000000e+00 1
-1.1340312231103405e-02 7.7113508100063607e-02 0.0000000000000000e+00 1
-1.0246138264418673e-02 6.8218055065302555e-02 0.0000000000000000e+00 1
2.0766526665965113e-02 1.8383625137940013e-01 0.0000000000000000e+00 1
-1.6136545121733387e-01 2.5446363598971250e-01 0.0000000000000000e+00 1
1.8158238524099049e-01 3.2989511093848525e-02 0.0000000000000000e+00 1
2.6562318417429048e-01 -2.1113993977755099e-01 0.0000000000000000e+00 1
-2.3630474916989092e-01 8.6530721072393416e-02 0.0000000000000000e+00 1
-3.0223514639164878e-01 7.0493861105700814e-02 0.0000000000000000e+00 1
-3.5253289739996752e-02 1.1976825095841336e-01 0.0000000000000000e+00 1
3.5863574474192875e-02 1.4333095072375548e-01 0.0000000000000000e+00 1
-1.9557238674228311e-01 1.1006283775063887e-01 0.0000000000000000e+00 1
-3.4718597504382120e-01 8.1329361240859585e-02 0.0000000000000000e+00 1
-3.1816779450405069e-01 7.4085396064794126e-02 0.0000000000000000e+00 1
-2.6325541347026155e-01 9.4197822510721257e-02 0.0000000000000000e+00 1
-2.2475449663612607e-01 8.3752699866091337e-02 0.0000000000000000e+00 1
2.6466357027452292e-01 -2.6082343715908435e-01 0.0000000000000000e+00 1
2.8635050561106984e-01 -1.7342892119630582e-01 0.0000000000000000e+00 1
-5.5199501758632454e-02 1.4079482842851282e-01 0.0000000000000000e+00 1
-2.5327745820081397e-02 1.2400103689049553e-01 0.0000000000000000e+00 1
-2.0646018719605755e-01 2.3068475141312175e-01 0.0000000000000000e+00 1
3.2930000604986048e-01 -1.7304737976106735e-01 0.0000000000000000e+00 1
-2.4472030691453833e-01 4.0715438070488545e-02 0.0000000000000000e+00 1
5.7984319078358326e-02 1.3992288660108426e-01 0.0000000000000000e+00 1
-1.3363545164297519e-01 4.2215507189380504e-02 0.0000000000000000e+00 1
3.0247264481101521e-01 -2.6061876587809335e-01 0.0000000000000000e+00 1
2.3255664118897040e-01 -3.2537483165773463e-02 0.0000000000000000e+00 1
-2.6375380341890103e-01 6.5705017461623758e-02 0.0000000000000000e+00 1
1.1440421633365808e-01 6.7065685084734691e-02 0.0000000000000000e+00 1
-1.9539411643603274e-01 1.4949084611654981e-01 0.0000000000000000e+00 1
8.2907051939023396e-02 9.3190203639442540e-02 0.0000000000000000e+00 1
3.4701236515095074e-01 -1.2988438431041802e-01 0.0000000000000000e+00 1
-1.0931808414985246e-01 5.7192014786556576e-02 0.0000000000000000e+00 1
1.1390695370727739e-01 1.3238468999661682e-01 0.0000000000000000e+00 1
3.2875937548074946e-01 -2.5500246420575606e-01 0.0000000000000000e+00 1
-2.2470572695536992e-01 1.9262129499619332e-01 0.0000000000000000e+00 1
-3.2024622917246739e-02 -2.1536916449329285e-02 0.0000000000000000e+00 1
-5.0910987225245702e-02 4.3277929103118340e-02 0.0000000000000000e+00 1
2.0770312509142888e-01 -6.3183386168866708e-03 0.0000000000000000e+00 1
2.7792935924748671e-02 2.0319590126197376e-01 0.0000000000000000e+00 1
-7.7125030486634411e-02 1.8323330645901550e-02 0.0000000000000000e+00 1
-1.5832604928626315e-01 4.6764242993503270e-02 0.0000000000000000e+00 1
-1.9514687524018540e-01 1.8025624204857030e-01 0.0000000000000000e+00 1
-1.7175570614279578e-01 2.3870145349004532e-01 0.0000000000000000e+00 1
-1.2411250842269490e-01 2.3081375185089423e-01 0.0000000000000000e+00 1
1.3054836770987510e-01 -2.2968446464826331e-01 0.0000000000000000e+00 1
-1.8330394886612777e-01 2.2425002556587539e-01 0.0000000000000000e+00 1
-9.5546076481380929e-02 2.2411940322202287e-01 0.0000000000000000e+00 1
2.0835724317369610e-02 1.6783826761778312e-01 0.0000000000000000e+00 1
-2.4315807631160183e-01 1.1297608560924559e-01 0.0000000000000000e+00 1
-3.1850218638326966e-01 1.1121157225280923e-01 0.0000000000000000e+00 1
-6.8289992894436866e-02 5.2966339804119265e-02 0.0000000000000000e+00 1
-9.3197214728456518e-02 5.7788745652533786e-02 0.0000000000000000e+00 1
3.7296045946152923e-01 -2.7754531975102492e-01 0.0000000000000000e+00 1
3.3830740126234576e-02 -8.3537804292419859e-02 0.0000000000000000e+00 1
3.6362146847061672e-01 -2.5476736414916351e-01 0.0000000000000000e+00 1
1.0505592499783445e-01 -1.5983249216244483e-03 0.0000000000000000e+00 1
2.1849393574859797e-02 1.0640185260478408e-01 0.0000000000000000e+00 1
-2.5124465959575382e-01 1.1639471177317047e-01 0.0000000000000000e+00 1
-1.0928618446557409e-01 6.6914201182582053e-02 0.0000000000000000e+00 1
-1.9615871751047276e-01 1.0116856618233618e-01 0.0000000000000000e+00 1
-2.4080321425330148e-01 2.3660705626748160e-01 0.0000000000000000e+00 1
7.4039001899530582e-02 6.4896224377219480e-02 0.0000000000000000e+00 1
8.9939787390863002e-02 -7.6222681127282713e-02 0.0000000000000000e+00 1
-1.4760051255032713e-01 -4.0443093199935977e-02 0.0000000000000000e+00 1
3.3789844759175158e-01 -2.5977089776992157e-01 0.0000000000000000e+00 1
3.4021252284664322e-02 -9.6917604221600229e-02 0.0000000000000000e+00 1
4.1105075839822824e-01 -2.3406815926023972e-01 0.0000000000000000e+00 1
-3.4086915896389458e-01 1.2150503773822872e-01 0.0000000000000000e+00 1
-1.6737156853595345e-01 1.2356670761918090e-02 0.0000000000000000e+00 1
-3.2951078779604243e-01 5.2893365778620784e-02 0.0000000000000000e+00 1
-4.4466608980410660e-02 8.7352909443851393e-02 0.0000000000000000e+00 1
1.0216142550031812e-01 9.5128446767236877e-02 0.0000000000000000e+00 1
3.2106655597143402e-01 -2.7046767043781755e-01 0.0000000000000000e+00 1
-2.7603309531563441e-01 4.5180638885331283e-02 0.0000000000000000e+00 1
1.9805039504103975e-01 -1.8841418514829633e-01 0.0000000000000000e+00 1
-6.3725387357836852e-02 2.3675918266016285e-01 0.0000000000000000e+00 1
-1.6683267881779934e-01 -2.8998777604755711e-02 0.0000000000000000e+00 1
6.1517376049918032e-03 1.4246365991214421e-01 0.0000000000000000e+00 1
-3.2338730391626053e-01 7.7341778792339069e-02 0.0000000000000000e+00 1
-8.4447810653696803e-02 1.3182757532239611e-01 0.0000000000000000e+00 1
-1.2481342758815178e-01 1.1014312072555964e-01 0.0000000000000000e+00 1
-3.5076200014767439e-01 8.8435462081359745e-02 0.0000000000000000e+00 1
-1.7697770615206981e-01 2.2089059856071616e-01 0.0000000000000000e+00 1
-2.2316410833128064e-01 9.3467530164543886e-02 0.0000000000000000e+00 1
-1.0269000158813631e-01 2.3741493360300869e-01 0.0000000000000000e+00 1
-2.0790405255451933e-01 1.4978703195181431e-01 0.0000000000000000e+00 1
-7.5796818321032258e-02 -3.4662778786177705e-02 0.0000000000000000e+00 1
5.7569796783046863e-02 -1.5068446695215681e-01 0.0000000000000000e+00 1
-4.0508227680948750e-02 1.3270317417685082e-01 0.0000000000000000e+00 1
-2.8946648904894151e-01 1.2971495576999226e-01 0.0000000000000000e+00 1
-2.8388529052134439e-03 1.7088856667289428e-02 0.0000000000000000e+00 1
-3.2224696733529762e-02 -1.1160538157968693e-01 0.0000000000000000e+00 1
-2.2409681621658961e-01 4.4244661238045525e-02 0.0000000000000000e+00 1
2.0138168129266845e-02 1.9913850414102846e-01 0.0000000000000000e+00 1
-1.8101594795168813e-01 2.5590609625804284e-01 0.0000000000000000e+00 1
1.7200564155668890e-01 -8.1983251194034990e-02 0.0000000000000000e+00 1
2.2777944411026034e-02 -1.0333954192368565e-01 0.0000000000000000e+00 1
-2.0984501317887533e-01 9.3193459829276515e-02 0.0000000000000000e+00 1
-2.0137540612773613e-01 3.7846520635151288e-03 0.0000000000000000e+00 1
-2.3126573991764926e-01 4.8083549901964756e-02 0.0000000000000000e+00 1
-2.0911311054464193e-01 1.0212074090842717e-01 0.0000000000000000e+00 1
4.1155794994744609e-02 1.9635884531664161e-01 0.0000000000000000e+00 1
4.1817276061947473e-01 -2.5728879399238047e-01 0.0000000000000000e+00 1
1.5983690701289213e-01 1.8523735574913741e-02 0.0000000000000000e+00 1
-3.4837375387294761e-01 1.0608328759372805e-01 0.0000000000000000e+00 1
-3.4565219511828654e-01 7.3239682048903368e-02 0.0000000000000000e+00 1
-5.5458628865317112e-02 1.3297903964579730e-01 0.0000000000000000e+00 1
1.3432165708508342e-01 9.4750793281117823e-02 0.0000000000000000e+00 1
3.6884698954761819e-02 4.3035644234103429e-02 0.0000000000000000e+00 1
7.8808862832029675e-02 -8.2951177790296662e-02 0.0000000000000000e+00 1
-2.0826625405502744e-01 1.4219862869552860e-01 0.0000000000000000e+00 1
3.5940698642870417e-01 -3.1364271799188653e-01 0.0000000000000000e+00 1
-1.9322834402353875e-01 2.5616386514328560e-01 0.0000000000000000e+00 1
-2.1211471853637748e-01 2.2714721813276370e-01 0.0000000000000000e+00 1
-1.0593726407829196e-01 2.4621906644985683e-01 0.0000000000000000e+00 1
1.1816036150972740e-02 -1.1028393991498743e-01 0.0000000000000000e+00 1
1.8352760772087198e-01 -1.0211053014676214e-01 0.0000000000000000e+00 1
-3.2475929004000585e-02 3.3360895783629836e-02 0.0000000000000000e+00 1
-2.3828049584424610e-01 1.2424085923123500e-01 0.0000000000000000e+00 1
5.8141827204766822e-02 -1.6381354815398949e-01 0.0000000000000000e+00 1
-1.9194381749266184e-02 -1.6161508921206460e-02 0.0000000000000000e+00 1
3.0815492212940654e-01 -1.9748559849339403e-01 0.0000000000000000e+00 1
-2.7004498541568167e-01 4.8569896487939364e-02 0.0000000000000000e+00 1
-2.1963440024565886e-01 1.2087042915823566e-01 0.0000000000000000e+00 1
2.4475922138564715e-01 -9.4052633808073272e-02 0.0000000000000000e+00 1
-8.4457556055317507e-03 2.1779561498712521e-01 0.0000000000000000e+00 1
-9.8697976576146117e-03 -1.1127656553607281e-01 0.0000000000000000e+00 1
4.1417403168647215e-01 -2.4200141345425605e-01 0.0000000000000000e+00 1
-9.2874177446398420e-02 9.6055372440308984e-02 0.0000000000000000e+00 1
3.3828721060816458e-01 -3.2196618301295465e-01 0.0000000000000000e+00 1
3.4277959630985955e-01 -3.1409674916929858e-01 0.0000000000000000e+00 1
2.6392285336792470e-01 -2.4793303322778529e-01 0.0000000000000000e+00 1
-1.6938301814245504e-01 1.7310511451485985e-01 0.0000000000000000e+00 1
-3.1881907374918472e-01 1.1802888606877336e-01 0.0000000000000000e+00 1
2.0851910859582171e-01 -8.8806362731580601e-02 0.0000000000000000e+00 1
-1.0448817570216629e-01 -1.5275675764314803e-02 0.0000000000000000e+00 1
1.1312454723254399e-01 9.1063159356202975e-02 0.0000000000000000e+00 1
2.3315568079553731e-01 -8.8053167421131673e-02 0.0000000000000000e+00 1
-2.8070082887416287e-01 1.4212544213841077e-02 0.0000000000000000e+00 1
-2.7617311508153053e-01 1.6539921823553357e-02 0.0000000000000000e+00 1
-2.3159379197395469e-01 2.4436485133177077e-01 0.0000000000000000e+00 1
-1.5826480099203927e-02 2.1330583997443778e-01 0.0000000000000000e+00 1
-1.7088618367287026e-01 2.2470313558830599e-01 0.0000000000000000e+00 1
1.7746391111133897e-01 -2.4105269573586952e-01 0.0000000000000000e+00 1
3.7022470431359822e-01 -1.9777937580087310e-01 0.0000000000000000e+00 1
-4.3861897769389403e-02 -1.0459183847234861e-01 0.0000000000000000e+00 1
-6.8018021586348246e-02 4.3038160133566143e-02 0.0000000000000000e+00 1
4.3490453143916065e-02 1.3937056361097205e-01 0.0000000000000000e+00 1
3.5591925948571135e-01 -3.2163930292394577e-01 0.0000000000000000e+00 1
-2.6438647418677075e-01 9.5810293845628777e-03 0.0000000000000000e+00 1
-1.1007867358784545e-02 -3.3614386735079778e-02 0.0000000000000000e+00 1
3.0072194929744868e-02 1.0186370270460597e-01 0.0000000000000000e+00 1
-1.5047245228856682e-01 2.0710256764067866e-01 0.0000000000000000e+00 1
2.4158602776624072e-01 -1.2072406892343164e-01 0.0000000000000000e+00 1
-1.5742047910927606e-01 2.1089139909502946e-01 0.0000000000000000e+00 1
4.6328460233874109e-02 9.1775613528303018e-02 0.0000000000000000e+00 1
-2.1038037238524827e-02 -1.0521187769955428e-01 0.0000000000000000e+00 1
5.2910769060748861e-02 1.9103635199267163e-01 0.0000000000000000e+00 1
-2.9797039521846375e-01 3.2852864981408721e-02 0.0000000000000000e+00 1
1.9767958894492210e-01 -1.7512208368101492e-01 0.0000000000000000e+00 1
-2.8352699335389664e-01 1.3342084380008506e-01 0.0000000000000000e+00 1
-3.2522890440317143e-02 -5.8833121314091817e-02 0.0000000000000000e+00 1
1.7096902245057138e-01 2.5705357112709368e-02 0.0000000000000000e+00 1
3.3986334777224264e-01 -2.2451991857425460e-01 0.0000000000000000e+00 1
-1.5819098278386257e-01 7.3461076710500586e-03 0.0000000000000000e+00 1
2.7374265542538323e-01 -2.4448198855340636e-01 0.0000000000000000e+00 1
3.6505665236509566e-01 -2.8223788793692761e-01 0.0000000000000000e+00 1
-1.6262993518432348e-01 1.6945303899101752e-01 0.0000000000000000e+00 1
-3.1747063276411858e-01 4.1306156161133027e-02 0.0000000000000000e+00 1
-1.0126359030230944e-01 5.2708320970094223e-02 0.0000000000000000e+00 1
1.1862559567710126e-01 -2.2326305335629060e-01 0.0000000000000000e+00 1
1.6583910961041998e-01 -2.3462781407471603e-01 0.0000000000000000e+00 1
7.3534657468774217e-02 5.2974544419438739e-02 0.0000000000000000e+00 1
-2.1249912313543487e-01 2.2019880570639130e-01 0.0000000000000000e+00 1
-3.3190782981769273e-01 1.3892333511605218e-01 0.0000000000000000e+00 1
2.8622314364056217e-01 -1.6094147250804361e-01 0.0000000000000000e+00 1
-1.3288673690072722e-01 8.0346754847438889e-02 0.0000000000000000e+00 1
3.9415208574595467e-01 -3.1207466415474894e-01 0.0000000000000000e+00 1
-1.0527822317504858e-02 1.1523572992610760e-01 0.0000000000000000e+00 1
7.8833172126166515e-02 -9.6113023450736579e-02 0.0000000000000000e+00 1
-1.2500998844157976e-01 3.7597728976289352e-02 0.0000000000000000e+00 1
-2.8388489652344362e-01 1.4760572522980861e-01 0.0000000000000000e+00 1
2.8420411942781748e-01 -3.1304242828515644e-01 0.0000000000000000e+00 1
-2.6408890269625240e-01 4.5059376385985860e-02 0.0000000000000000e+00 1
1.9723625844724721e-01 -1.6186317572121481e-01 0.0000000000000000e+00 1
-2.2169342776334347e-01 2.4985730178637364e-01 0.0000000000000000e+00 1
-3.0888052657718562e-01 1.6029152870452051e-01 0.0000000000000000e+00 1
2.1687064990579735e-02 -1.0039922244368820e-03 0.0000000000000000e+00 1
-1.9645146839335642e-01 6.8477273606984440e-02 0.0000000000000000e+00 1
3.5564453533006063e-01 -2.7827213496581638e-01 0.0000000000000000e+00 1
5.5186139046462829e-02 5.4251744079824117e-02 0.0000000000000000e+00 1
1.8586087044331243e-01 -1.5571203896454777e-01 0.0000000000000000e+00 1
-5.6144228333177074e-02 -1.1047029856677520e-01 0.0000000000000000e+00 1
2.1871283719892498e-01 9.6365964631508442e-04 0.0000000000000000e+00 1
-5.9247325800109218e-02 3.8166660139674909e-02 0.0000000000000000e+00 1
-1.4910986087793196e-01 1.6950244550553970e-01 0.0000000000000000e+00 1
-1.4969075061162210e-01 1.2440053213478505e-02 0.0000000000000000e+00 1
-3.3376680929400765e-01 9.4466875603853862e-02 0.0000000000000000e+00 1
-2.7283470704620721e-01 1.9242100003301826e-01 0.0000000000000000e+00 1
-9.1670383115993563e-03 1.4200035762177990e-01 0.0000000000000000e+00 1
2.7498385466385283e-01 -1.5459308945733938e-01 0.0000000000000000e+00 1
-2.6887041522129984e-01 6.8181086885049777e-03 0.0000000000000000e+00 1
-8.1746038397156828e-02 2.4130662127064165e-01 0.0000000000000000e+00 1
-1.9596751167431084e-01 6.0935951968023892e-02 0.0000000000000000e+00 1
-1.8934990349370123e-01 7.2664716308769306e-02 0.0000000000000000e+00 1
-2.0429184259580449e-01 2.5588527796101129e-01 0.0000000000000000e+00 1
4.1906326925403975e-01 -2.6490481792813353e-01 0.0000000000000000e+00 1
4.1527241149482980e-01 -2.7754119749355738e-01 0.0000000000000000e+00 1
1.7392961220278194e-01 -1.4924202605429213e-01 0.0000000000000000e+00 1
5.3518291560782985e-02 4.0737491054552204e-02 0.0000000000000000e+00 1
9.0358974595617245e-02 -1.0237451850645995e-01 0.0000000000000000e+00 1
-2.2322961368825150e-01 2.2087131198874724e-01 0.0000000000000000e+00 1
-1.8181422074163442e-01 6.8869518238588043e-02 0.0000000000000000e+00 1
3.6098972747715735e-01 -1.8101604976488206e-01 0.0000000000000000e+00 1
-1.7438946611826858e-01 8.1182638018875361e-02 0.0000000000000000e+00 1
-1.5607802816526944e-01 1.7330735176034048e-01 0.0000000000000000e+00 1
1.2394232738381852e-01 -1.6788972189370185e-02 0.0000000000000000e+00 1
3.7184731546283617e-01 -3.1957208135921022e-01 0.0000000000000000e+00 1
3.6320933593886950e-01 -1.7027116776683429e-01 0.0000000000000000e+00 1
1.0676798770688720e-01 -2.1661602474932817e-01 0.0000000000000000e+00 1
-2.1397717627117500e-02 -7.7698967068931271e-02 0.0000000000000000e+00 1
5.3693674045356909e-02 2.9514682724866535e-02 0.0000000000000000e+00 1
4.0562557392872728e-01 -3.0659753871531797e-01 0.0000000000000000e+00 1
-4.4297405936856993e-02 7.7958978185407909e-02 0.0000000000000000e+00 1
1.4512927125112401e-01 8.6831500812824244e-02 0.0000000000000000e+00 1
-1.1567783725026715e-01 3.2762713824967725e-02 0.0000000000000000e+00 1
7.0982264954446924e-04 -2.7534067889126657e-02 0.0000000000000000e+00 1
1.1349397694861938e-02 -2.1276329507047852e-02 0.0000000000000000e+00 1
-5.2419208063960054e-02 2.1724914437635209e-01 0.0000000000000000e+00 1
5.0998735673389611e-02 1.3523604035057460e-01 0.0000000000000000e+00 1
3.2023329537062528e-01 -2.6033680678037768e-01 0.0000000000000000e+00 1
-5.9601524589559224e-02 2.1276182328030027e-01 0.0000000000000000e+00 1
-1.8516242931524141e-01 2.5090442399560287e-01 0.0000000000000000e+00 1
-1.6619715607922447e-01 7.7682069421619690e-02 0.0000000000000000e+00 1
2.5502056176733284e-01 -2.5602261254308095e-01 0.0000000000000000e+00 1
-6.6322934410134232e-02 -9.0739243548429271e-02 0.0000000000000000e+00 1
2.2328085708427506e-01 -2.6363733165095843e-01 0.0000000000000000e+00 1
-6.6836476553217616e-02 2.0836152177481546e-01 0.0000000000000000e+00 1
-1.1994326405635972e-01 2.4218510382430009e-01 0.0000000000000000e+00 1
1.0192302497594360e-01 -1.0889977766788282e-01 0.0000000000000000e+00 1
2.4282528575414494e-01 -3.0047457924177606e-01 0.0000000000000000e+00 1
-3.5190052066084299e-01 9.7898351865866776e-02 0.0000000000000000e+00 1
-6.6817060039685142e-02 1.9962311253246320e-01 0.0000000000000000e+00 1
2.4518356498425722e-01 -2.6229148064396707e-01 0.0000000000000000e+00 1
1.3919368731566600e-01 -1.5598957824356929e-01 0.0000000000000000e+00 1
-2.5091621826619775e-01 2.2312608283674451e-01 0.0000000000000000e+00 1
3.5165589723937640e-01 -2.9266883113564213e-01 0.0000000000000000e+00 1
-2.2876861576945295e-01 2.1862733732423262e-01 0.0000000000000000e+00 1
-2.3838269659017258e-01 3.6113429524091870e-02 0.0000000000000000e+00 1
-3.3453388736012701e-01 9.9070120890637506e-02 0.0000000000000000e+00 1
6.2699610232713254e-02 1.8360145320999813e-01 0.0000000000000000e+00 1
1.1409773755812831e-01 -1.2868939575700516e-01 0.0000000000000000e+00 1
1.3791813259373303e-01 -1.4211736446205500e-01 0.0000000000000000e+00 1
-2.2385710108861409e-01 2.1353343658525191e-04 0.0000000000000000e+00 1
1.2602545502967685e-01 -1.3551847303186307e-01 0.0000000000000000e+00 1
-1.5035955580416671e-01 1.9972784221149467e-01 0.0000000000000000e+00 1
1.0269762735090709e-01 -1.2249496774346795e-01 0.0000000000000000e+00 1
3.1141519072910107e-01 -3.2024273193751113e-01 0.0000000000000000e+00 1
-3.0699207280298058e-01 9.1618930899187545e-02 0.0000000000000000e+00 1
2.6361294215533060e-01 -1.4838977279342810e-01 0.0000000000000000e+00 1
2.3363263952957264e-01 -2.5685751526526573e-01 0.0000000000000000e+00 1
-3.5105769069311199e-01 8.0077629606479878e-02 0.0000000000000000e+00 1
2.6459765647884683e-02 6.8971268315595066e-02 0.0000000000000000e+00 1
-2.1271036766435204e-02 -9.1114429550045881e-02 0.0000000000000000e+00 1
-7.3931495862156610e-02 1.9547377204593722e-01 0.0000000000000000e+00 1
2.7847072808235357e-01 -4.3939847672208286e-02 0.0000000000000000e+00 1
9.8466393839616501e-02 1.3649249019031942e-01 0.0000000000000000e+00 1
-1.3786238788910360e-01 2.5285789909385070e-01 0.0000000000000000e+00 1
-2.1320465330875724e-01 2.5438575538378622e-01 0.0000000000000000e+00 1
-1.7637664142179954e-01 -3.3571438250718066e-02 0.0000000000000000e+00 1
-3.1796477900015646e-01 5.0537635045450641e-02 0.0000000000000000e+00 1
-2.4250839572959922e-03 7.2964751328580657e-02 0.0000000000000000e+00 1
7.2529992983141986e-02 1.7748217799211319e-01 0.0000000000000000e+00 1
-1.0124497767849820e-01 4.3137549324684950e-02 0.0000000000000000e+00 1
3.3833235024842684e-01 -2.8796660290171266e-01 0.0000000000000000e+00 1
-2.7774700475306319e-01 1.3754056705679202e-01 0.0000000000000000e+00 1
9.4891229744091032e-02 -2.0975781246017336e-01 0.0000000000000000e+00 1
1.5487537464126905e-01 -2.4132397871897990e-01 0.0000000000000000e+00 1
-2.3616714099027186e-01 9.3283108861317836e-03 0.0000000000000000e+00 1
-2.4389196394622648e-01 1.2597621120200546e-02 0.0000000000000000e+00 1
-1.8626359191153180e-01 -2.7699615487157596e-02 0.0000000000000000e+00 1
4.1094042661982050e-01 -2.5429162606093708e-01 0.0000000000000000e+00 1
3.0556385109311374e-01 -7.5639810376019509e-02 0.0000000000000000e+00 1
4.1797549144487256e-01 -2.8938131496199881e-01 0.0000000000000000e+00 1
-1.6034836879573494e-01 8.9944824091531025e-02 0.0000000000000000e+00 1
-1.9508246616789227e-01 -2.1533906234894224e-02 0.0000000000000000e+00 1
-5.0224152902003272e-02 3.3093468096405121e-02 0.0000000000000000e+00 1
6.3536798164227484e-02 2.3899502410937631e-02 0.0000000000000000e+00 1
-2.3011594954838210e-01 2.0858347478040720e-01 0.0000000000000000e+00 1
2.9944518455019963e-02 9.2218879498132497e-02 0.0000000000000000e+00 1
6.2379023197689796e-03 7.7816048104398031e-02 0.0000000000000000e+00 1
1.8044304510628459e-01 4.5404607163535525e-02 0.0000000000000000e+00 1
6.1448322521894576e-02 1.6995956770659221e-01 0.0000000000000000e+00 1
-7.8386595931450032e-02 -9.5801717929890409e-02 0.0000000000000000e+00 1
-2.5710395121634499e-01 6.8927102580345664e-02 0.0000000000000000e+00 1
-2.6584761626317843e-01 1.3812943542194864e-01 0.0000000000000000e+00 1
2.5838396386312618e-01 -2.1824713526181910e-02 0.0000000000000000e+00 1
3.2757690105490117e-01 -1.2124229920213248e-01 0.0000000000000000e+00 1
3.7946293954329374e-01 -3.1802579906045514e-01 0.0000000000000000e+00 1
2.5226757004734807e-01 -1.4205564377855531e-01 0.0000000000000000e+00 1
3.6290210708888238e-01 -2.4514645887827782e-01 0.0000000000000000e+00 1
-5.3479194636926221e-02 2.2617132332209008e-01 0.0000000000000000e+00 1
-2.7659383781434327e-01 2.6817310681315619e-02 0.0000000000000000e+00 1
3.9560021739571827e-01 -3.0452621993318951e-01 0.0000000000000000e+00 1
7.0757716317466510e-02 1.5837742883234929e-01 0.0000000000000000e+00 1
4.0929029096266567e-01 -3.0255140081494258e-01 0.0000000000000000e+00 1
-1.6673055216782262e-01 -3.9573916429900560e-02 0.0000000000000000e+00 1
-2.9549401265176800e-01 1.7623432886202647e-01 0.0000000000000000e+00 1
2.4399885593906015e-01 -3.9394585765197394e-02 0.0000000000000000e+00 1
-2.9722035294898985e-01 4.4810685328175004e-02 0.0000000000000000e+00 1
-1.4092775158321377e-01 7.3106799644336645e-03 0.0000000000000000e+00 1
-3.5864817503942541e-02 7.3277744397148889e-02 0.0000000000000000e+00 1
4.1683574642668325e-01 -2.9466068468753764e-01 0.0000000000000000e+00 1
8.2795290076680572e-02 -2.0231872951838922e-01 0.0000000000000000e+00 1
-2.8011998660927906e-01 1.9429764602326091e-01 0.0000000000000000e+00 1
1.9588881044121687e-01 -9.5601683293494097e-02 0.0000000000000000e+00 1
-2.6165255644420671e-01 1.6422407032467859e-01 0.0000000000000000e+00 1
-2.4009498461378215e-01 2.1176050158962292e-01 0.0000000000000000e+00 1
2.4104074686227112e-01 -1.3543052654837973e-01 0.0000000000000000e+00 1
-2.1723928236258877e-01 5.6476889523955472e-02 0.0000000000000000e+00 1
-1.4340043187517354e-01 1.9539910666937080e-01 0.0000000000000000e+00 1
-4.7487294752573447e-02 1.6886290817654692e-01 0.0000000000000000e+00 1
4.0461939862932006e-01 -2.1852860094498927e-01 0.0000000000000000e+00 1
-2.5099760953509459e-01 6.5482059395003206e-02 0.0000000000000000e+00 1
8.0109871780916664e-02 1.4424515185338327e-01 0.0000000000000000e+00 1
1.2184052426815392e-01 9.7738145212856231e-02 0.0000000000000000e+00 1
-9.6971743795290499e-04 -1.6204867942572324e-01 0.0000000000000000e+00 1
-4.5923530856240728e-02 1.8126463706421100e-01 0.0000000000000000e+00 1
-6.9458228664853738e-04 -1.4728805884231599e-01 0.0000000000000000e+00 1
-4.0750366267933318e-02 2.7842928224416631e-02 0.0000000000000000e+00 1
-1.3660156697774944e-01 1.9127113952684263e-01 0.0000000000000000e+00 1
-5.4446494676588360e-02 1.6587618448584718e-01 0.0000000000000000e+00 1
-2.0213659564831737e-01 -5.7177020025105003e-03 0.0000000000000000e+00 1
-2.1030513888013605e-01 6.0589032848002218e-02 0.0000000000000000e+00 1
3.0797640524785630e-01 -1.2369337673161297e-01 0.0000000000000000e+00 1
7.1338808947948029e-02 -1.9505816168326495e-01 0.0000000000000000e+00 1
2.2006523998051403e-01 -9.4848727998652127e-02 0.0000000000000000e+00 1
-1.4826843277641058e-01 1.6208935485483880e-01 0.0000000000000000e+00 1
-2.8730164687367477e-01 1.9583688520063666e-01 0.0000000000000000e+00 1
-2.3542811583386759e-02 2.2436499868071158e-01 0.0000000000000000e+00 1
3.3013554995801342e-01 -3.2272390489869768e-01 0.0000000000000000e+00 1
-2.0146096507112651e-01 2.5155848785984075e-01 0.0000000000000000e+00 1
-8.7755276197161114e-02 -7.6532618298116348e-02 0.0000000000000000e+00 1
-3.0290109146831129e-01 8.2016172175032542e-02 0.0000000000000000e+00 1
-2.4612598957317944e-01 2.6442668018621007e-02 0.0000000000000000e+00 1
1.3868698727193013e-01 1.0785038738315939e-01 0.0000000000000000e+00 1
-2.4203463634634212e-01 2.0156304806903916e-01 0.0000000000000000e+00 1
6.4163591633318640e-02 1.1921808539858017e-02 0.0000000000000000e+00 1
4.1353008414757308e-01 -2.8566754866151695e-01 0.0000000000000000e+00 1
2.4502781328789927e-01 -2.5921938306415714e-02 0.0000000000000000e+00 1
-1.4103280587461001e-01 1.5852946295976994e-01 0.0000000000000000e+00 1
6.8443232117507103e-04 -1.1807081461381584e-01 0.0000000000000000e+00 1
2.9280384694450856e-01 -3.1696478779652099e-01 0.0000000000000000e+00 1
3.1086762492333653e-01 -2.5547459535286332e-01 0.0000000000000000e+00 1
-8.1137297421591398e-03 5.8993172819641095e-02 0.0000000000000000e+00 1
1.1358092186347437e-04 -1.3272086643706399e-01 0.0000000000000000e+00 1
-2.6142904191318889e-01 2.0255611566458954e-03 0.0000000000000000e+00 1
-1.6752920558402148e-01 2.4930053545973752e-01 0.0000000000000000e+00 1
-3.0270469475934436e-01 4.0572126590301662e-02 0.0000000000000000e+00 1
7.4258162492833485e-02 6.6736713894006176e-03 0.0000000000000000e+00 1
-1.4045333005233218e-01 -2.5724429926239248e-03 0.0000000000000000e+00 1
-1.5702157079312673e-01 -4.5079535902728028e-02 0.0000000000000000e+00 1
-2.7257102357555513e-01 1.8492383511652136e-01 0.0000000000000000e+00 1
-1.1993083336174923e-01 1.2297768639864287e-01 0.0000000000000000e+00 1
-1.2896903197875811e-01 1.8013062732032481e-01 0.0000000000000000e+00 1
2.0587266470945298e-01 1.8962707285449659e-02 0.0000000000000000e+00 1
-1.1385624916356761e-01 -7.5047149576789415e-02 0.0000000000000000e+00 1
-9.6175420199729925e-02 -6.9381655297703390e-02 0.0000000000000000e+00 1
-2.5201271711210288e-01 2.0502467638778032e-01 0.0000000000000000e+00 1
2.5315117137988918e-01 -1.1459583328459538e-01 0.0000000000000000e+00 1
1.5450696748818918e-02 2.1098330741944568e-01 0.0000000000000000e+00 1
-2.7260151572734115e-01 1.7772992690256251e-01 0.0000000000000000e+00 1
-1.2695068850074831e-01 1.5876308161621244e-01 0.0000000000000000e+00 1
-1.3604579960071472e-01 1.8396558227997806e-01 0.0000000000000000e+00 1
-2.2196036087531540e-01 2.4491775527701409e-01 0.0000000000000000e+00 1
3.7675007935223787e-01 -1.6953234570542283e-01 0.0000000000000000e+00 1
-3.2468822585288254e-01 1.5043548870516157e-01 0.0000000000000000e+00 1
4.0737142302899176e-01 -2.9676592090670606e-01 0.0000000000000000e+00 1
-2.7855960093172771e-01 1.7343853519736999e-01 0.0000000000000000e+00 1
-3.5368900482198234e-01 9.0540880160261475e-02 0.0000000000000000e+00 1
-1.4655167217939327e-01 -5.1806287169619221e-02 0.0000000000000000e+00 1
-2.7896011503454088e-01 1.6606214131058322e-01 0.0000000000000000e+00 1
-2.7816436887370333e-01 1.4484196188032114e-01 0.0000000000000000e+00 1
-2.8461119497045884e-01 1.6242486201932174e-01 0.0000000000000000e+00 1
9.5768329573318899e-04 5.4398408436898381e-02 0.0000000000000000e+00 1
-1.1325224387932495e-01 1.5806758322856729e-01 0.0000000000000000e+00 1
-2.7179958681957269e-02 6.8416015345932377e-02 0.0000000000000000e+00 1
-2.4775810645738883e-01 1.7903919156214584e-01 0.0000000000000000e+00 1
3.5025609584134398e-01 -1.4976362383878639e-01 0.0000000000000000e+00 1
-2.8440973597665209e-01 1.5513750930494893e-01 0.0000000000000000e+00 1
-2.9750602753976912e-01 5.0828493778209360e-02 0.0000000000000000e+00 1
-2.3105087924667561e-01 1.2048036437416158e-01 0.0000000000000000e+00 1
-2.1430815349730203e-01 1.3880310226672954e-01 0.0000000000000000e+00 1
-1.1683672589224543e-01 -5.6564887037292615e-02 0.0000000000000000e+00 1
8.5180394949055299e-02 5.6376310173656427e-04 0.0000000000000000e+00 1
-8.9393431892959008e-02 2.4397210649089926e-01 0.0000000000000000e+00 1
-1.1486481986192650e-01 1.8032677182679904e-01 0.0000000000000000e+00 1
3.5415722830465157e-01 -2.3981792929178672e-01 0.0000000000000000e+00 1
-1.3432742632254999e-01 1.6218346002112882e-01 0.0000000000000000e+00 1
-2.5568197828636974e-01 2.1976852571997321e-01 0.0000000000000000e+00 1
-3.3421860824606098e-01 6.2059330733468206e-02 0.0000000000000000e+00 1
7.1033326322381046e-02 -1.8245803960081877e-01 0.0000000000000000e+00 1
-3.2642841058854738e-01 4.8834255025866517e-02 0.0000000000000000e+00 1
-2.5649511712784501e-01 2.0133606781976751e-01 0.0000000000000000e+00 1
-2.7988087706272102e-01 1.8617453523312316e-02 0.0000000000000000e+00 1
-2.2789494023086446e-02 2.8375493272045124e-02 0.0000000000000000e+00 1
-2.0261891006775393e-01 5.7179271754649548e-02 0.0000000000000000e+00 1
-2.3755763043169253e-01 1.8810139040699347e-02 0.0000000000000000e+00 1
5.1693343433646184e-02 1.2644269862521282e-01 0.0000000000000000e+00 1
1.5873536385719780e-02 7.3212973001845663e-02 0.0000000000000000e+00 1
2.6727432558417441e-01 -2.9219294491775255e-01 0.0000000000000000e+00 1
-2.1068449134202016e-01 -9.7573296406655123e-03 0.0000000000000000e+00 1
-1.2650640666571328e-01 -5.2486502583639454e-02 0.0000000000000000e+00 1
-1.2221177080367163e-01 1.8375111876805197e-01 0.0000000000000000e+00 1
-2.7068318207737863e-01 3.0278852198217521e-02 0.0000000000000000e+00 1
-2.2375448083284485e-01 1.1636814124559926e-01 0.0000000000000000e+00 1
3.9830479310655209e-01 -2.0603548385872852e-01 0.0000000000000000e+00 1
-1.3105506858603994e-01 -8.2374741307627928e-03 0.0000000000000000e+00 1
4.2135511177313845e-01 -2.7758100736475888e-01 0.0000000000000000e+00 1
-1.2396175180423841e-01 2.3724028721516793e-01 0.0000000000000000e+00 1
-2.2722348961903843e-01 2.4218689697647808e-01 0.0000000000000000e+00 1
-2.9721585893134639e-01 7.2370460635389405e-02 0.0000000000000000e+00 1
1.5450185437892550e-01 9.2062715900803435e-02 0.0000000000000000e+00 1
2.5617594389741777e-01 -9.9923629777621717e-02 0.0000000000000000e+00 1
-3.3037150534552540e-01 1.2924535192773992e-01 0.0000000000000000e+00 1
4.0355393823661556e-01 -2.3225699630122143e-01 0.0000000000000000e+00 1
-3.0160026990957323e-01 3.6005310069712637e-02 0.0000000000000000e+00 1
-1.1355089984818047e-01 1.4373002465614118e-01 0.0000000000000000e+00 1
-9.9180627514871236e-02 1.8037452217988895e-01 0.0000000000000000e+00 1
3.8900764825361689e-01 -3.0868913845740620e-01 0.0000000000000000e+00 1
-5.5589187145959465e-02 2.3427596198115597e-01 0.0000000000000000e+00 1
1.6639504404520719e-01 7.8418157286032658e-02 0.0000000000000000e+00 1
-1.2038294135917540e-01 1.6205076015615416e-01 0.0000000000000000e+00 1
2.7460680245874430e-01 -1.0580874345782297e-01 0.0000000000000000e+00 1
2.9279336127874783e-01 -1.1527488431667732e-01 0.0000000000000000e+00 1
2.9464190155327707e-01 -1.0518310352072820e-01 0.0000000000000000e+00 1
-1.1346841166160679e-01 1.3549805066067477e-01 0.0000000000000000e+00 1
5.9367872217459122e-02 -1.7505861798282074e-01 0.0000000000000000e+00 1
-2.1408615021300417e-01 1.3069137819780738e-01 0.0000000000000000e+00 1
-2.0956592858321944e-02 1.5947983705509219e-02 0.0000000000000000e+00 1
1.0396083379576562e-02 4.9412553700809096e-02 0.0000000000000000e+00 1
2.9428383473412950e-02 8.3382190316562577e-02 0.0000000000000000e+00 1
-2.3152744424675348e-01 8.3373045977077440e-02 0.0000000000000000e+00 1
-2.8639578143258276e-01 6.5318953799195709e-02 0.0000000000000000e+00 1
-1.0779147634258299e-01 1.8387654467520789e-01 0.0000000000000000e+00 1
3.1520284173832980e-01 -3.0374381290593017e-01 0.0000000000000000e+00 1
-3.6507196072166063e-02 -4.3418768960999891e-03 0.0000000000000000e+00 1
3.3729675764919193e-01 -3.0136638002250205e-01 0.0000000000000000e+00 1
3.3722767219190192e-01 -3.0842536954567684e-01 0.0000000000000000e+00 1
-4.8712595391643396e-02 1.2906738391082401e-01 0.0000000000000000e+00 1
-3.3875509732666204e-01 1.1668908193481298e-01 0.0000000000000000e+00 1
-3.1358384224382641e-01 1.5576184016027031e-01 0.0000000000000000e+00 1
2.6190840486501826e-01 -3.0804418631969238e-01 0.0000000000000000e+00 1
-9.2435395535237302e-02 1.8485780636130147e-01 0.0000000000000000e+00 1
-9.8494994076396239e-02 1.5056095840682929e-01 0.0000000000000000e+00 1
-7.7364110931489857e-02 1.8484087298119573e-01 0.0000000000000000e+00 1
-1.8080189719805365e-02 6.3653905992323526e-02 0.0000000000000000e+00 1
-1.3339281459965857e-01 2.4237229486938505e-01 0.0000000000000000e+00 1
3.5405319302293903e-01 -2.3098566516522639e-01 0.0000000000000000e+00 1
5.8788031728382810e-02 1.2288041074346998e-01 0.0000000000000000e+00 1
-3.4153567809003649e-01 7.2736975312683430e-02 0.0000000000000000e+00 1
4.0880499490144984e-01 -2.7511185536771698e-01 0.0000000000000000e+00 1
-1.9028076099066163e-01 2.5223691825439570e-01 0.0000000000000000e+00 1
-1.1321144639486208e-01 1.5065000962169786e-01 0.0000000000000000e+00 1
-1.1365063994332431e-01 1.2707967497057926e-01 0.0000000000000000e+00 1
9.5858141023465210e-02 -5.4808335294673459e-03 0.0000000000000000e+00 1
3.1746255917897218e-02 -1.6143852560939939e-01 0.0000000000000000e+00 1
-1.0800808984519461e-02 1.1044637213579773e-02 0.0000000000000000e+00 1
3.0110534897642699e-01 -2.5025610593185349e-01 0.0000000000000000e+00 1
-3.4179246757208659e-01 6.5706891849671628e-02 0.0000000000000000e+00 1
-1.0012674863729221e-01 3.5580790268388812e-02 0.0000000000000000e+00 1
-3.0057069680373338e-01 1.7252490864109168e-01 0.0000000000000000e+00 1
4.8923903375271208e-02 -1.6906710047859450e-01 0.0000000000000000e+00 1
2.8288014101071079e-01 -9.9043030064586826e-02 0.0000000000000000e+00 1
1.6736593582826012e-01 6.1118083286545936e-02 0.0000000000000000e+00 1
-2.8847406679559029e-01 7.5277493587424818e-02 0.0000000000000000e+00 1
-2.1617002564386623e-01 2.4749429453826871e-01 0.0000000000000000e+00 1
4.3777463984139373e-03 2.0692072064263378e-01 0.0000000000000000e+00 1
-9.1423729833770701e-02 1.4637645238104621e-01 0.0000000000000000e+00 1
-2.9023196635451453e-02 2.2001981151004160e-01 0.0000000000000000e+00 1
-1.2175526561387387e-01 -1.3234124812870405e-02 0.0000000000000000e+00 1
3.0253400455182661e-01 -8.7454829170985085e-02 0.0000000000000000e+00 1
2.1870976365658201e-01 -2.8107120898543453e-01 0.0000000000000000e+00 1
-2.9737828536811928e-01 5.6137693983897528e-02 0.0000000000000000e+00 1
2.2820472894523119e-01 -5.2085042368721253e-03 0.0000000000000000e+00 1
3.5169651747664549e-01 -3.1629365829848699e-01 0.0000000000000000e+00 1
-1.0647435048741750e-01 1.4692302655999243e-01 0.0000000000000000e+00 1
-1.7289628434804932e-01 2.5073836628997154e-01 0.0000000000000000e+00 1
-9.3987899475293069e-02 3.0059881230789943e-02 0.0000000000000000e+00 1
-3.5381064348764335e-01 8.7308248106663350e-02 0.0000000000000000e+00 1
-3.3855293738015735e-01 1.0596990696568512e-01 0.0000000000000000e+00 1
2.2732392872008780e-01 -2.8509040987406975e-01 0.0000000000000000e+00 1
-2.1386235351696870e-01 1.2226381787134365e-01 0.0000000000000000e+00 1
1.9766685945509940e-02 4.4810885502403384e-02 0.0000000000000000e+00 1
-3.0877829908619570e-01 3.3179359871736321e-02 0.0000000000000000e+00 1
-2.5671960455981452e-01 1.6424195897534233e-01 0.0000000000000000e+00 1
-2.6108184512677096e-01 6.1329516415649333e-03 0.0000000000000000e+00 1
-3.5045264217999450e-01 9.2057718478637474e-02 0.0000000000000000e+00 1
-8.6690621548780128e-02 1.2522755576845918e-01 0.0000000000000000e+00 1
1.1715387525112306e-01 1.1610660927826318e-01 0.0000000000000000e+00 1
-1.4678045504987730e-01 2.4725015228077690e-01 0.0000000000000000e+00 1
-6.4019765439546128e-02 4.8221191182498966e-03 0.0000000000000000e+00 1
5.2989048136228518e-02 1.8582483232069585e-01 0.0000000000000000e+00 1
-2.7296645331750707e-01 1.3471967310763514e-02 0.0000000000000000e+00 1
-1.5270543717217597e-01 8.6294493339898887e-02 0.0000000000000000e+00 1
-6.4215325796947928e-02 1.8306093725293668e-01 0.0000000000000000e+00 1
1.0600681780032931e-01 1.3148445674712217e-01 0.0000000000000000e+00 1
-3.2766531563812135e-01 5.7193040841201713e-02 0.0000000000000000e+00 1
-5.6821075281116608e-02 1.2472405173978578e-01 0.0000000000000000e+00 1
2.9235402347896933e-01 -2.4560133192476122e-01 0.0000000000000000e+00 1
-6.5514320674766965e-02 1.7590691439784842e-01 0.0000000000000000e+00 1
-3.4608887503549940e-01 1.0171190752690307e-01 0.0000000000000000e+00 1
-2.1194042878941127e-01 2.5059285298583067e-01 0.0000000000000000e+00 1
-8.7602669226851115e-02 1.8910374119812315e-01 0.0000000000000000e+00 1
2.2785736552700175e-01 -2.9465386242920516e-01 0.0000000000000000e+00 1
3.6740336129306966e-01 -3.1503388905837021e-01 0.0000000000000000e+00 1
-7.8622656111881933e-02 1.2114974907080368e-01 0.0000000000000000e+00 1
-2.9250186461677119e-01 5.9384929656078903e-02 0.0000000000000000e+00 1
3.9031053017458339e-01 -1.8834172558735443e-01 0.0000000000000000e+00 1
2.4848778022193835e-01 -2.9324900680453364e-01 0.0000000000000000e+00 1
-8.5931101286774850e-02 1.5134078679727221e-02 0.0000000000000000e+00 1
-2.3154914736564797e-01 2.3976876985349529e-01 0.0000000000000000e+00 1
1.0567764749654486e-01 -1.1038882298373890e-02 0.0000000000000000e+00 1
-1.2047705349178789e-01 1.1539136343461871e-01 0.0000000000000000e+00 1
-1.9516221836660413e-01 5.3275549064503346e-02 0.0000000000000000e+00 1
6.2444585620962207e-03 1.4289276483824826e-02 0.0000000000000000e+00 1
-7.7651766185909396e-02 9.6166956666639096e-03 0.0000000000000000e+00 1
-9.4741470339192113e-02 2.3893598066633545e-01 0.0000000000000000e+00 1
2.2552331878941331e-02 -1.6957863800732295e-01 0.0000000000000000e+00 1
-2.6072229361530341e-01 1.9764261424344637e-01 0.0000000000000000e+00 1
-2.4383992808893606e-01 6.9116651442512875e-02 0.0000000000000000e+00 1
-2.6190068354768370e-01 2.1337101649358028e-01 0.0000000000000000e+00 1
-1.1868606871053265e-01 1.0478704174916112e-01 0.0000000000000000e+00 1
-1.1317722818520651e-01 -1.7987834823269652e-02 0.0000000000000000e+00 1
-2.1768812141130403e-01 -1.1997321041819060e-02 0.0000000000000000e+00 1
3.3737410787738115e-01 -1.2914665795061628e-01 0.0000000000000000e+00 1
4.1282209402839226e-01 -2.9233423279733278e-01 0.0000000000000000e+00 1
-2.5684889059350696e-01 1.7438274593763128e-01 0.0000000000000000e+00 1
4.1034017491502267e-01 -2.4735288539246095e-01 0.0000000000000000e+00 1
-7.0970360260229848e-02 1.2531649362186767e-01 0.0000000000000000e+00 1
-2.6194645593739929e-01 1.5426026142552104e-01 0.0000000000000000e+00 1
-3.3353893503602161e-01 1.0341065842570658e-01 0.0000000000000000e+00 1
2.8931605322543696e-01 -5.2195572655718565e-02 0.0000000000000000e+00 1
-2.2562241532937582e-01 -7.3871110846473699e-03 0.0000000000000000e+00 1
-1.4565935535544089e-01 8.3108123966789418e-02 0.0000000000000000e+00 1
1.9011135771839249e-01 4.0014581568481235e-02 0.0000000000000000e+00 1
2.8633096569695898e-02 4.0281319840056833e-02 0.0000000000000000e+00 1
2.5765975105816724e-01 -2.3924009333188875e-01 0.0000000000000000e+00 1
-1.8797789246606908e-01 4.9716616467836310e-02 0.0000000000000000e+00 1
3.0374731034115665e-01 -3.0978463434680314e-01 0.0000000000000000e+00 1
-6.3898289954655713e-02 1.2215433924259490e-01 0.0000000000000000e+00 1
-2.8931471468694203e-01 1.8530558485561840e-01 0.0000000000000000e+00 1
4.7872948919833153e-02 1.8849818608977723e-01 0.0000000000000000e+00 1
9.7250782458293411e-03 -3.5185374319101460e-04 0.0000000000000000e+00 1
-2.3177665411218074e-01 1.8401913606983245e-01 0.0000000000000000e+00 1
-7.3593662561514242e-02 1.8905757889497929e-01 0.0000000000000000e+00 1
2.7880453333414357e-01 -2.3748289816045684e-01 0.0000000000000000e+00 1
-3.3741972216356148e-01 6.0151638597767794e-02 0.0000000000000000e+00 1
3.3526020625386876e-01 -2.3092816370853311e-01 0.0000000000000000e+00 1
-2.4925658478260113e-01 1.5333919260943540e-01 0.0000000000000000e+00 1
-2.3710028789577431e-01 7.2994412084951568e-02 0.0000000000000000e+00 1
-6.7904345399172367e-02 2.3138523329072078e-01 0.0000000000000000e+00 1
-2.2548077680574419e-01 1.8786995980582805e-01 0.0000000000000000e+00 1
-2.3053319080819096e-01 7.7339021166068569e-02 0.0000000000000000e+00 1
2.5879450988635033e-01 -2.9715101657045129e-01 0.0000000000000000e+00 1
-2.6585816742596102e-01 3.3493140338293606e-02 0.0000000000000000e+00 1
-2.4949323858900441e-01 1.4633249392561218e-01 0.0000000000000000e+00 1
-2.9859433352171189e-01 8.1135519031173761e-02 0.0000000000000000e+00 1
7.5421522297626400e-02 1.2393276689510842e-01 0.0000000000000000e+00 1
-1.8025080752328493e-01 4.5474663544876601e-02 0.0000000000000000e+00 1

Edges
223
1 2 1
2 3 1
3 4 1
4 5 1
5 6 1
6 7 1
7 8 1
8 9 1
9 10 1
10 11 1
11 12 1
12 13 1
13 14 1
14 15 1
15 16 1
16 17 1
17 18 1
18 19 1
19 20 1
20 21 1
21 22 1
22 23 1
23 24 1
24 25 1
25 26 1
26 27 1
27 28 1
28 29 1
29 30 1
30 31 1
31 32 1
32 33 1
33 34 1
34 35 1
35 36 1
36 37 1
37 38 1
38 39 1
39 40 1
40 41 1
41 42 1
42 43 1
43 44 1
44 45 1
45 46 1
46 47 1
47 48 1
48 49 1
49 50 1
50 51 1
51 52 1
52 53 1
53 54 1
54 55 1
55 56 1
56 57 1
57 58 1
58 59 1
59 60 1
60 61 1
61 62 1
62 63 1
63 64 1
64 65 1
65 66 1
66 67 1
67 68 1
68 69 1
69 70 1
70 71 1
71 72 1
72 73 1
73 74 1
74 75 1
75 76 1
76 77 1
77 78 1
78 79 1
79 80 1
80 81 1
81 82 1
82 83 1
83 84 1
84 85 1
85 86 1
86 87 1
87 88 1
88 89 1
89 90 1
90 91 1
91 92 1
92 93 1
93 94 1
94 95 1
95 96 1
96 97 1
97 98 1
98 99 1
99 100 1
100 101 1
101 102 1
102 103 1
103 104 1
104 105 1
105 106 1
106 107 1
107 108 1
108 109 1
109 110 1
110 111 1
111 112 1
112 113 1
113 114 1
114 115 1
115 116 1
116 117 1
117 118 1
118 119 1
119 120 1
120 121 1
121 122 1
122 123 1
123 124 1
124 125 1
125 126 1
126 127 1
127 128 1
128 129 1
129 130 1
130 131 1
131 132 1
132 133 1
133 134 1
134 135 1
135 136 1
136 137 1
137 138 1
138 139 1
139 140 1
140 141 1
141 142 1
142 143 1
143 144 1
144 145 1
145 146 1
146 147 1
147 148 1
148 149 1
149 150 1
150 151 1
151 152 1
152 153 1
153 154 1
154 155 1
155 156 1
156 157 1
157 158 1
158 159 1
159 160 1
160 161 1
161 162 1
162 163 1
163 164 1
164 165 1
165 166 1
166 167 1
167 168 1
168 169 1
169 170 1
170 171 1
171 172 1
172 173 1
173 174 1
174 175 1
175 176 1
176 177 1
177 178 1
178 179 1
179 180 1
180 181 1
181 182 1
182 183 1
183 184 1
184 185 1
185 186 1
186 187 1
187 188 1
188 189 1
189 190 1
190 191 1
191 192 1
192 193 1
193 194 1
194 195 1
195 196 1
196 197 1
197 198 1
198 199 1
199 200 1
200 201 1
201 202 1
202 203 1
203 204 1
204 205 1
205 206 1
206 207 1
207 208 1
208 209 1
209 210 1
210 211 1
211 212 1
212 213 1
213 214 1
214 215 1
215 216 1
216 217 1
217 218 1
218 219 1
219 220 1
220 221 1
221 222 1
222 223 1
223 1 1

Triangles
5685
293 1907 2604 1
366 368 1747 1
584 1778 2235 1
2235 1778 2896 1
1641 301 1912 1
301 1641 1911 1
1873 1512 2887 1
1727 300 2810 1
203 204 2491 1
1515 1512 1873 1
1 2 2742 1
2018 1484 2246 1
190 191 2209 1
1736 1737 1769 1
1907 293 2296 1
1801 618 2861 1
1747 368 2187 1
1515 1873 1969 1
247 1724 2579 1
1742 2041 2358 1
1316 1736 1769 1
1517 1515 1969 1
1859 1749 2562 1
2665 2664 2793 1
1810 2389 2743 1
790 792 2048 1
1732 1298 1803 1
368 370 2187 1
264 2115 2684 1
1641 1912 2530 1
1684 251 1744 1
1636 1277 2356 1
386 1696 2918 1
1296 1831 1866 1
1446 1972 1973 1
134 135 2167 1
2221 294 2335 1
1731 1928 2664 1
300 1727 2560 1
1102 2098 2140 1
714 1441 1717 1
1345 1913 2599 1
2356 1277 2465 1
2034 1634 2845 1
2115 1879 2684 1
1469 2400 2469 1
2470 232 2500 1
1696 386 1747 1
857 1859 2562 1
2140 2017 2276 1
1102 2140 2276 1
1679 2573 2939 1
1934 1588 2832 1
1889 2493 2731 1
1837 262 2592 1
287 1626 2236 1
1682 2755 2809 1
2400 2036 2469 1
1775 1787 2636 1
2007 1634 2034 1
1468 1708 1788 1
2026 309 2883 1
1588 1934 2421 1
918 2002 2331 1
2098 1102 2211 1
39 40 2071 1
1446 1973 2678 1
2493 284 2731 1
1783 1170 2933 1
1929 1937 2766 1
1832 1837 2592 1
2002 918 2146 1
251 1684 2651 1
224 1775 2636 1
1291 1807 1808 1
618 1801 2829 1
386 366 1747 1
1298 1170 1783 1
1849 28 2914 1
1592 2146 2773 1
1912 1913 2530 1
1390 2365 2613 1
809 790 2048 1
1758 1761 2487 1
2017 1169 2276 1
227 134 2167 1
1169 2017 2018 1
1736 1316 1738 1
2195 247 2579 1
605 593 2019 1
2045 809 2047 1
302 1841 2656 1
1922 1923 2644 1
657 1711 1963 1
1913 1914 2599 1
27 28 1849 1
1845 233 1846 1
1742 2358 2490 1
1937 1571 2766 1
635 488 1885 1
1712 229 1807 1
1874 1649 1875 1
1679 2365 2573 1
239 1727 2120 1
311 1787 1973 1
1843 233 1845 1
488 490 1885 1
1836 306 1993 1
1316 1040 1738 1
2156 1047 2602 1
786 788 2472 1
1831 1296 2847 1
1963 1467 2399 1
309 2026 2627 1
1759 2424 2479 1
4 234 1730 1
1841 302 2554 1
2047 809 2048 1
1169 2018 2246 1
1721 1460 1722 1
2153 2152 2481 1
1082 1059 1954 1
1352 1649 1874 1
1298 1783 1803 1
2209 191 2453 1
1695 303 2568 1
1730 234 1731 1
1596 2099 2713 1
595 597 2585 1
2099 1596 2707 1
1761 304 2487 1
1460 1564 1722 1
303 1695 2024 1
2175 563 2681 1
2174 1723 2264 1
1928 1613 2664 1
40 2066 2071 1
1193 2099 2211 1
657 1963 2399 1
1068 1699 2632 1
229 1712 1813 1
904 1922 2644 1
1059 1058 1954 1
323 1786 2951 1
2068 2070 2622 1
2146 918 2773 1
1547 2261 2480 1
2222 2221 2335 1
323 325 1786 1
2755 1293 2809 1
2664 1613 2793 1
1716 751 2633 1
512 509 1812 1
1707 2202 2720 1
447 2153 2481 1
1807 1291 2710 1
1699 1068 2660 1
1551 2470 2500 1
1871 1882 2611 1
2169 1760 2170 1
481 2174 2264 1
922 2139 2923 1
1626 287 2870 1
2365 1679 2613 1
2669 2734 2922 1
644 1852 2549 1
1708 1468 2156 1
1588 2421 2506 1
1774 1845 2790 1
1809 1548 2428 1
2139 922 2881 1
1883 635 1885 1
1214 1809 2428 1
2457 2330 2522 1
751 1716 2674 1
313 203 2491 1
1852 644 2844 1
313 1805 2397 1
1841 240 1939 1
694 696 2022 1
2700 272 2724 1
2421 862 2506 1
2394 1950 2404 1
2099 2098 2211 1
1652 228 2886 1
911 1150 1866 1
1708 1195 1788 1
1798 2016 2019 1
1811 239 2120 1
975 2193 2234 1
2058 305 2446 1
1768 1352 2519 1
1466 2036 2483 1
861 2394 2404 1
306 1836 2643 1
2824 1704 2878 1
297 2172 2479 1
861 1953 2394 1
618 1925 2861 1
1206 1730 1731 1
228 1652 2653 1
1466 2483 2486 1
1550 1864 2478 1
1717 1441 2378 1
2008 563 2126 1
1834 2568 2738 1
2483 2101 2486 1
1453 2048 2521 1
1798 1484 2018 1
2202 1707 2683 1
2009 2008 2126 1
2036 1466 2469 1
1746 663 2413 1
1532 1682 2510 1
2604 1914 2761 1
888 1901 2006 1
1532 2510 2523 1
240 1841 2554 1
1453 2521 2919 1
1834 1695 2568 1
1236 2824 2878 1
1711 657 2374 1
1953 861 2474 1
2411 2694 2735 1
2282 1810 2368 1
260 1758 2487 1
293 2604 2761 1
1551 2255 2624 1
1901 888 2178 1
1696 1698 2918 1
1864 468 2478 1
1694 1348 2827 1
1809 1810 2743 1
81 1827 2708 1
40 41 2066 1
2070 1631 2622 1
2573 415 2939 1
1352 1874 2519 1
1058 1951 1954 1
1542 1746 2413 1
1752 845 1757 1
1781 2700 2724 1
1460 1721 1788 1
367 365 1767 1
1811 1605 2213 1
2016 1798 2018 1
2424 297 2479 1
2293 249 2663 1
2389 273 2743 1
311 1973 2658 1
1667 1523 2378 1
1928 1731 2639 1
1751 261 2397 1
845 813 1757 1
1454 1959 2374 1
2184 1410 2284 1
1845 1774 2688 1
2026 276 2627 1
714 1717 2007 1
1348 1694 2648 1
1902 1901 2178 1
1902 2178 2420 1
713 2249 2494 1
1882 1576 2611 1
1568 2695 2776 1
300 190 2209 1
2698 2669 2922 1
2016 605 2019 1
2006 1898 2324 1
1903 2001 2003 1
1726 2434 2443 1
1994 2515 2516 1
1899 1900 2005 1
1710 310 2608 1
2090 786 2472 1
2019 595 2585 1
1760 2169 2388 1
2282 2368 2886 1
1639 2648 2795 1
1758 260 1759 1
2169 1028 2388 1
2311 1658 2312 1
713 2494 2932 1
370 480 2187 1
1985 2471 2496 1
593 595 2019 1
405 367 1767 1
888 2006 2324 1
2471 620 2496 1
2170 1760 2479 1
2523 2123 2722 1
2648 1694 2795 1
249 39 2071 1
1501 2567 2775 1
1206 1731 2664 1
1739 1959 2680 1
1780 635 1883 1
505 503 2374 1
502 504 1925 1
2576 1289 2595 1
2600 2245 2619 1
1797 602 2463 1
1675 2235 2896 1
2069 250 2070 1
233 1843 2292 1
1170 1237 2933 1
1827 81 2802 1
917 1214 1853 1
2 280 315 1
2687 231 2816 1
1739 2680 2709 1
1683 2687 2816 1
2059 1614 2634 1
1725 515 1812 1
1774 1773 2688 1
563 2008 2681 1
1999 626 2434 1
2012 1943 2564 1
204 277 2491 1
1133 1699 2660 1
2070 250 2359 1
1993 306 1994 1
1910 1909 2541 1
831 706 1851 1
1825 1823 1826 1
1699 1133 2833 1
1566 1568 2776 1
1771 2525 2889 1
1512 1513 2887 1
515 512 1812 1
1771 1774 2525 1
2041 255 2358 1
325 327 2569 1
636 2059 2730 1
2737 2082 2741 1
2520 2151 2701 1
1853 1214 2428 1
1750 2576 2595 1
1990 1284 2752 1
1738 1040 2398 1
549 1899 2005 1
2043 1534 2159 1
1951 1058 1955 1
1150 1296 1866 1
618 502 1925 1
1808 1971 1972 1
2791 1674 2825 1
2273 2706 2716 1
2434 626 2443 1
1748 405 1767 1
310 1710 2689 1
1805 313 2491 1
1811 2213 2762 1
753 2600 2619 1
602 1936 2463 1
117 118 1813 1
1031 1033 1962 1
627 1950 2012 1
2539 1590 2704 1
266 1930 2591 1
696 701 2022 1
1862 753 2619 1
1720 47 2626 1
295 2064 2065 1
484 486 1884 1
2187 480 2514 1
1516 1674 2715 1
1107 1923 2021 1
1319 1770 1771 1
916 2037 2364 1
2037 1762 2364 1
515 1725 2046 1
1878 1879 2115 1
1028 1013 1796 1
1298 1732 1962 1
1727 239 2560 1
1047 1650 2602 1
1649 1727 2810 1
1830 910 1866 1
2694 1745 2735 1
304 1761 2938 1
1615 2777 2801 1
2203 1164 2720 1
276 2026 2897 1
910 1830 1833 1
28 244 2914 1
1550 1740 1799 1
1303 1159 1799 1
863 2059 2634 1
1722 1564 2264 1
2059 636 2793 1
436 2791 2825 1
1153 2737 2741 1
2723 2055 2736 1
169 170 2446 1
1195 1460 1788 1
1950 627 2404 1
2194 1686 2381 1
480 2043 2514 1
2001 1903 2004 1
626 1999 2504 1
1904 1410 2184 1
1164 2203 2820 1
812 2087 2088 1
1786 325 2569 1
1390 2037 2365 1
1028 1796 2388 1
1818 1393 1933 1
872 870 2156 1
1898 929 2324 1
420 1762 1766 1
1498 1552 1777 1
2165 2511 2527 1
2104 2396 2445 1
2512 2299 2542 1
1740 1550 2478 1
2777 1494 2801 1
1843 1842 2292 1
751 2093 2597 1
929 1898 2184 1
750 2499 2559 1
1284 1990 2753 1
788 809 2472 1
1470 2043 2159 1
249 2071 2663 1
1370 1926 2316 1
1530 1551 2624 1
1913 1345 2530 1
3 4 1730 1
1450 2101 2445 1
47 1720 2900 1
2167 135 2511 1
640 1910 2541 1
2381 1686 2917 1
1759 260 2424 1
2688 1773 2800 1
1960 1642 2895 1
218 219 1846 1
1393 1820 1825 1
405 1748 1784 1
1762 1391 1766 1
1908 1337 2289 1
1923 1107 2022 1
844 323 2951 1
2048 792 2521 1
2119 1440 2594 1
2396 1450 2445 1
294 2221 2865 1
2706 613 2716 1
1078 831 1851 1
2057 2447 2558 1
619 2723 2736 1
860 672 1833 1
1082 1954 2936 1
1650 2313 2602 1
1393 1818 1820 1
1714 302 2656 1
2330 1746 2522 1
784 786 2090 1
2132 1652 2843 1
852 1985 2414 1
1293 1793 2809 1
268 2143 2254 1
2237 2621 2679 1
751 2597 2633 1
2 3 280 1
2261 1547 2873 1
1467 1812 2399 1
1399 1365 1825 1
627 2012 2564 1
782 812 2088 1
1532 2523 2722 1
1319 1771 1772 1
41 295 2066 1
1994 306 2726 1
2552 658 2575 1
2567 2182 2775 1
1831 1830 1866 1
1107 694 2022 1
1982 2363 2414 1
1642 1960 2942 1
118 229 1813 1
1793 1293 2819 1
2499 1549 2559 1
1966 1465 1967 1
1729 862 2536 1
1725 1726 2046 1
1523 1717 2378 1
1881 2245 2598 1
599 601 1936 1
2152 2174 2481 1
315 280 316 1
2654 312 2898 1
1723 1722 2264 1
1693 2517 2551 1
2535 1772 2587 1
1749 1767 2562 1
1799 1159 2033 1
2172 2170 2479 1
250 2069 2338 1
1906 1337 1908 1
2707 1596 2717 1
1319 319 1770 1
1459 1818 1933 1
1899 549 1977 1
302 1714 2788 1
910 911 1866 1
809 2045 2472 1
1715 974 2732 1
549 540 1977 1
1740 1303 1799 1
2101 1450 2486 1
2734 1581 2922 1
974 2754 2789 1
2593 1854 2734 1
1716 893 2674 1
1399 1825 1826 1
1668 1888 2418 1
1411 2104 2215 1
1769 1737 2786 1
1757 813 2325 1
2087 812 2089 1
1959 1711 2374 1
1591 1804 1805 1
2010 1392 2011 1
929 2184 2284 1
1563 2299 2512 1
2046 1726 2443 1
1848 1608 2718 1
1808 1806 1971 1
2199 974 2789 1
1900 1903 2005 1
1708 2156 2602 1
1768 711 2092 1
672 910 1833 1
812 784 2090 1
2621 1537 2679 1
2363 852 2414 1
710 1518 1850 1
862 1729 2506 1
1773 844 2800 1
2278 2852 2914 1
1776 1761 1782 1
1937 1938 2798 1
1596 1778 2717 1
1526 2269 2547 1
2249 1289 2494 1
1081 1465 1966 1
1438 1370 2316 1
2536 913 2612 1
1544 2539 2704 1
1440 1597 2310 1
2064 295 2338 1
314 2593 2734 1
1410 1904 2091 1
2231 2814 2839 1
233 218 1846 1
1812 509 2399 1
748 917 2528 1
1938 2779 2798 1
974 1715 2754 1
1284 1938 2752 1
2310 1597 2352 1
1826 1823 2811 1
1744 251 1745 1
232 2470 2913 1
2591 1930 2727 1
1762 420 2364 1
1985 852 2471 1
780 782 2088 1
1652 2132 2653 1
1305 1307 2089 1
244 2278 2914 1
486 635 1884 1
1903 2003 2005 1
42 43 2338 1
893 1715 2732 1
1715 893 2703 1
1424 2520 2701 1
2397 261 2647 1
1021 1023 2211 1
1033 1298 1962 1
2041 1742 2876 1
1796 1013 2433 1
317 1319 2535 1
663 1746 2330 1
312 2862 2898 1
602 599 1936 1
2563 2689 2815 1
2174 481 2481 1
1547 2480 2618 1
196 197 2627 1
1764 2058 2446 1
893 1716 2703 1
503 1454 2374 1
1903 1902 2004 1
2510 1682 2809 1
1549 2093 2559 1
2517 1693 2933 1
2069 2064 2338 1
1346 2231 2839 1
2313 1650 2908 1
255 2041 2836 1
261 1751 2467 1
2563 310 2689 1
1777 1552 2107 1
1684 1941 2651 1
1851 1518 2583 1
2581 559 2601 1
1525 1242 1861 1
753 1862 2670 1
1907 1908 2604 1
504 1924 1925 1
814 845 2277 1
1743 2552 2575 1
2245 402 2598 1
1172 1437 1782 1
1136 1750 2558 1
2891 1765 2896 1
1850 1518 1851 1
1658 2311 2572 1
1926 1138 2316 1
706 1850 1851 1
1159 932 2033 1
917 1853 2528 1
1918 1916 2021 1
1498 1777 1962 1
1765 1675 2896 1
1994 2516 2834 1
1317 2138 2283 1
1819 860 1833 1
2153 447 2502 1
657 505 2374 1
845 1802 2277 1
2856 1882 2874 1
711 1768 2519 1
1083 2288 2507 1
1068 1743 2575 1
1938 1284 2779 1
870 1047 2156 1
607 2814 2830 1
2234 2193 2584 1
1013 1010 2433 1
484 1884 2288 1
1670 1667 2378 1
636 2665 2793 1
1905 1542 2413 1
1766 1391 1997 1
1543 2493 2711 1
1674 2503 2715 1
305 2058 2907 1
953 1029 2107 1
307 1856 2498 1
2143 268 2588 1
2215 2138 2344 1
1777 1031 1962 1
1289 2249 2595 1
2771 570 2818 1
1386 1859 1860 1
1591 1235 1804 1
2447 1136 2558 1
924 2764 2767 1
1828 1822 1829 1
372 374 2042 1
1997 757 2327 1
1040 908 2398 1
1386 1858 1859 1
1906 1565 2406 1
1857 1546 2618 1
1864 1865 2705 1
2764 1680 2767 1
1729 2536 2612 1
305 169 2446 1
540 542 1977 1
635 1780 1884 1
2104 1411 2396 1
1397 2054 2055 1
1035 2054 2297 1
1437 1776 1782 1
317 2535 2882 1
119 120 1806 1
295 2065 2066 1
1882 2176 2874 1
606 1988 2362 1
1917 1920 1924 1
1365 1393 1825 1
597 602 2585 1
1905 667 2366 1
647 603 2305 1
281 117 1813 1
1685 2244 2917 1
1770 844 1773 1
2128 1673 2677 1
1337 1906 2406 1
1724 247 2751 1
1904 1349 2091 1
542 544 2427 1
1646 1430 1931 1
1481 1305 2089 1
2814 2231 2830 1
568 2782 2799 1
1468 872 2156 1
1691 2758 2784 1
510 1917 1924 1
1574 1966 1967 1
1420 2133 2843 1
700 710 1850 1
1764 263 2308 1
1411 2215 2344 1
231 2222 2335 1
1382 1905 2366 1
238 1779 1889 1
2138 2137 2283 1
2840 637 2872 1
2705 1865 2719 1
1397 2055 2116 1
1835 1294 2332 1
1463 2390 2548 1
1923 1918 2021 1
1301 1395 1784 1
2042 1534 2043 1
1440 2310 2594 1
289 1791 1794 1
2244 1685 2785 1
651 634 2051 1
1784 2417 2444 1
1728 2771 2818 1
1608 1848 2671 1
2077 2531 2578 1
1821 1822 1828 1
1504 1840 2154 1
1732 1803 2322 1
290 1842 2544 1
1805 1533 2397 1
2571 2760 2862 1
1859 857 2930 1
601 1935 1936 1
279 7 1847 1
1748 1301 1784 1
1676 2026 2883 1
813 806 2325 1
1295 1581 1854 1
510 1916 1917 1
1476 1875 1876 1
2172 297 2756 1
1665 1664 2657 1
510 1915 1916 1
1670 2379 2457 1
1791 289 1941 1
1633 1718 2841 1
2288 1884 2507 1
2138 1317 2344 1
2511 269 2527 1
1820 1823 1825 1
1465 1878 2115 1
2840 2050 2864 1
2398 1961 2464 1
1671 2457 2522 1
1990 1991 2728 1
2020 1107 2021 1
263 1764 2446 1
1058 1055 1955 1
1591 1805 2846 1
1533 1356 1751 1
1307 2087 2089 1
1923 2022 2644 1
248 9 1855 1
548 1892 1893 1
1771 1770 1773 1
279 1847 1848 1
548 1891 1892 1
2165 2167 2511 1
2121 2740 2842 1
1006 1138 1926 1
1804 1533 1805 1
2630 1597 2638 1
1948 1951 1955 1
1468 1788 2259 1
1602 2630 2638 1
2105 1531 2106 1
2312 1658 2857 1
2050 1636 2864 1
317 319 1319 1
1713 415 2911 1
2142 2145 2432 1
1686 1685 2917 1
1036 1037 1838 1
2651 1941 2928 1
1386 1050 1858 1
1356 1676 1751 1
170 263 2446 1
6 279 1887 1
562 2750 2759 1
648 2034 2845 1
480 372 2042 1
2252 1940 2880 1
415 1713 2939 1
2236 1626 2735 1
1366 1344 1868 1
1990 2728 2753 1
1356 1381 1676 1
1295 1204 1573 1
228 2282 2886 1
1203 1546 1995 1
267 2083 2084 1
1977 542 2427 1
2278 1570 2852 1
1295 1573 1581 1
1982 1988 2375 1
1476 1874 1875 1
1771 1773 1774 1
1790 665 2057 1
1888 115 2418 1
2093 1549 2597 1
2050 2840 2872 1
2583 1518 2635 1
2133 1420 2805 1
2269 811 2547 1
1513 1880 2887 1
2002 2001 2004 1
1766 1997 2327 1
750 730 1867 1
374 1974 2042 1
1150 1204 1295 1
43 250 2338 1
1712 1807 2710 1
1200 1533 1804 1
1035 2053 2054 1
1489 2661 2768 1
1102 1021 2211 1
2054 1397 2297 1
693 691 2092 1
750 1867 2405 1
2712 1663 2714 1
1839 2695 2744 1
932 854 2033 1
16 1989 2102 1
2089 812 2090 1
995 1503 1935 1
1150 1080 1204 1
846 2379 2415 1
610 995 1935 1
1055 1057 1955 1
901 795 1870 1
1698 2466 2918 1
817 799 1871 1
828 803 1877 1
1023 1193 2211 1
2145 1419 2432 1
1842 1477 2544 1
1788 1721 2259 1
676 666 2056 1
1029 1777 2107 1
910 673 911 1
2657 1664 2676 1
1817 913 1927 1
634 629 2051 1
1455 1338 1883 1
911 1080 1150 1
114 115 1888 1
1173 1172 1782 1
1432 1646 1890 1
1970 1768 2092 1
821 791 1880 1
282 11 1886 1
1546 1857 1995 1
1344 1342 1868 1
963 961 2272 1
19 285 1992 1
321 844 1770 1
665 1790 2056 1
1465 1426 1878 1
1281 1944 1945 1
227 2167 2863 1
2782 2226 2799 1
548 546 1891 1
603 600 2305 1
1366 1868 1869 1
1050 1048 1858 1
1916 1332 2021 1
280 3 1730 1
1940 2252 2812 1
1242 1386 1861 1
1844 1843 1845 1
1832 1831 1837 1
1829 1830 1831 1
1750 1136 2576 1
7 8 1847 1
2493 1889 2711 1
1829 1831 1832 1
1443 2175 2681 1
1278 2040 2041 1
1760 1759 2479 1
1243 1525 1881 1
2417 858 2444 1
771 1355 1927 1
934 831 1077 1
1824 1821 1828 1
1281 1234 1944 1
816 814 2277 1
1988 1416 2362 1
1863 1212 2107 1
2137 2136 2283 1
1418 1843 1844 1
1235 1077 1804 1
707 706 831 1
1738 2398 2464 1
1455 1883 1885 1
2172 227 2863 1
1731 234 2929 1
711 693 2092 1
1570 2278 2858 1
1942 647 2305 1
2267 2699 2721 1
1200 1356 1533 1
1299 1811 2120 1
1821 1819 1822 1
2164 2161 2171 1
2758 566 2784 1
1718 1633 2899 1
2363 1982 2375 1
1278 1198 2040 1
9 10 1855 1
1671 1670 2457 1
295 42 2338 1
1132 1183 2332 1
1948 1955 2124 1
817 1871 2611 1
1539 1280 1956 1
1192 2068 2622 1
632 489 1932 1
1380 1561 2023 1
2023 1561 2360 1
672 673 910 1
1212 953 2107 1
1437 1438 1775 1
259 1826 2811 1
2390 1510 2548 1
1338 1335 1883 1
2466 1698 2909 1
1149 990 2038 1
1787 311 2636 1
319 321 1770 1
2255 1551 2500 1
672 659 673 1
1981 1416 1988 1
1302 1303 1612 1
675 499 2049 1
2531 1378 2578 1
1806 120 1971 1
1377 2542 2649 1
1354 675 2049 1
1077 1078 1200 1
710 919 1518 1
1200 1201 1356 1
355 2136 2137 1
121 122 265 1
1416 1981 2038 1
1418 1477 1842 1
236 13 1929 1
1912 258 1913 1
1865 1347 1996 1
803 801 1877 1
1224 1223 1418 1
1876 2209 2453 1
1861 1862 2619 1
1772 2188 2587 1
1612 1303 1614 1
2219 2217 2527 1
799 797 1871 1
1835 1836 2831 1
497 1732 2322 1
1743 1068 2632 1
315 316 317 1
2136 355 2189 1
1917 1916 1918 1
2639 1731 2929 1
1915 1332 1916 1
669 485 1960 1
2163 2169 2170 1
1236 1986 1987 1
795 793 1870 1
227 2172 2756 1
1829 1822 1830 1
646 658 659 1
1924 1920 1925 1
1077 1200 1804 1
489 487 1932 1
1836 254 2643 1
1327 1161 1328 1
510 508 1915 1
2202 2203 2720 1
1199 1984 1986 1
1955 1057 2124 1
648 628 2034 1
1302 1159 1303 1
538 549 2384 1
2945 2010 2952 1
11 12 1886 1
1355 1817 1927 1
1959 1454 2680 1
1318 1235 1591 1
2104 2103 2215 1
1573 1574 1710 1
704 702 706 1
1329 1328 1429 1
791 789 1880 1
229 119 1806 1
2228 963 2272 1
1364 1344 1365 1
700 699 710 1
225 2535 2587 1
8 248 1847 1
2053 1035 2113 1
321 323 844 1
2325 829 2426 1
1840 1362 2154 1
1080 1081 1966 1
646 645 658 1
2010 2009 2952 1
1294 1132 2332 1
2117 2581 2601 1
1343 1342 1344 1
1732 1498 1962 1
546 550 1891 1
1872 826 1873 1
2488 1832 2592 1
1365 1366 1393 1
1014 1028 2168 1
1935 1503 1936 1
2076 241 2077 1
911 912 1080 1
761 759 2232 1
1607 986 2147 1
1418 1842 1843 1
2168 1028 2169 1
10 282 1855 1
692 1107 2020 1
1158 1159 1302 1
1384 1542 1905 1
1707 1706 2683 1
625 2419 2450 1
1386 1860 1861 1
656 675 850 1
1418 1223 1477 1
995 615 996 1
1371 2053 2113 1
759 757 1997 1
1296 1295 1854 1
1341 1340 1342 1
1461 2085 2086 1
1130 1734 1968 1
1761 1776 2938 1
696 699 700 1
1158 932 1159 1
707 831 934 1
1347 1324 1996 1
610 615 995 1
1342 1852 1868 1
2800 844 2951 1
485 483 1960 1
1842 290 2292 1
1986 1984 1987 1
694 695 696 1
704 706 707 1
1127 651 2051 1
825 853 854 1
934 1077 1235 1
2740 2387 2842 1
1481 2089 2090 1
1758 1508 1761 1
670 1332 1915 1
641 639 642 1
1767 365 2562 1
704 707 1961 1
197 309 2627 1
1641 1364 1911 1
689 692 2020 1
642 645 646 1
1461 1256 2085 1
850 851 1036 1
1878 1655 1879 1
1089 1086 2212 1
887 1327 1867 1
2173 1723 2174 1
1199 1979 1983 1
638 625 639 1
825 816 853 1
1172 1370 1437 1
997 996 998 1
2163 2168 2169 1
2000 552 2095 1
327 493 2569 1
1340 1455 1852 1
661 654 2057 1
624 491 625 1
1711 1321 1963 1
995 996 997 1
961 1283 2272 1
994 676 2056 1
1453 2047 2048 1
1142 647 1942 1
1885 490 2944 1
1979 1980 1983 1
374 376 1974 1
1364 1365 1399 1
1969 1934 2832 1
490 489 491 1
787 826 1872 1
1944 1943 2012 1
1919 1918 1922 1
692 693 694 1
854 853 933 1
1630 1262 2052 1
13 14 1929 1
1814 1330 1856 1
726 725 729 1
2068 2062 2069 1
1328 1330 1814 1
1676 1381 2026 1
696 695 699 1
22 241 2076 1
988 1203 1995 1
1700 2198 2693 1
1861 1860 1862 1
1318 1591 1785 1
666 665 2056 1
1348 1909 1910 1
286 2128 2677 1
1540 1791 1941 1
694 693 695 1
1437 1775 1776 1
1428 1655 1878 1
474 2322 2391 1
433 2719 2792 1
1086 1088 2212 1
1436 1659 2058 1
1339 1338 1340 1
1008 1007 1172 1
887 988 1161 1
656 499 675 1
1432 1430 1646 1
2037 916 2365 1
1332 2020 2021 1
1917 1918 1919 1
1453 1266 2047 1
887 1161 1327 1
1426 1428 1878 1
805 828 829 1
2003 2000 2095 1
1976 1975 2354 1
1659 1434 1890 1
801 817 1877 1
729 752 887 1
1199 1044 1979 1
1326 1324 1347 1
1343 1344 1364 1
1003 1004 1007 1
829 914 915 1
772 771 1927 1
1975 616 2354 1
2004 1902 2948 1
1332 687 2020 1
1893 1892 1894 1
1981 1149 2038 1
1429 1328 1814 1
1805 2491 2846 1
797 901 1871 1
495 499 656 1
1534 1054 2159 1
642 643 645 1
393 390 2121 1
1336 1335 1338 1
1533 1751 2397 1
1046 1199 1986 1
1413 1651 2367 1
933 1324 1326 1
171 172 2309 1
697 708 1970 1
238 114 1888 1
1331 1351 1352 1
488 487 489 1
1857 2618 2848 1
1775 1438 1787 1
990 989 2038 1
1965 1993 1994 1
915 1048 1050 1
793 821 1870 1
1224 1418 1844 1
1233 1942 1943 1
814 813 845 1
1757 2325 2426 1
638 639 641 1
624 625 638 1
1790 2057 2558 1
1341 1342 1343 1
1542 1500 1543 1
1133 1964 1965 1
12 236 1886 1
405 1784 2444 1
279 1848 2797 1
604 610 1935 1
628 633 2034 1
1380 2023 2247 1
1335 1780 1883 1
279 2797 2920 1
1848 1847 2671 1
1077 831 1078 1
710 897 919 1
963 2228 2243 1
549 2005 2384 1
490 491 624 1
1989 237 1990 1
1640 1639 1664 1
1957 552 2000 1
804 803 805 1
177 272 2190 1
23 24 2079 1
901 1870 2176 1
25 267 2084 1
1434 1432 1890 1
1367 674 2060 1
722 1410 2091 1
845 1752 2955 1
1051 1050 1242 1
1326 1347 1550 1
1243 1242 1525 1
802 801 803 1
1934 783 2421 1
1559 1558 1750 1
1352 1351 1649 1
1291 1808 2690 1
682 2035 2036 1
2072 455 2074 1
1737 1318 1785 1
1476 1876 2040 1
671 659 672 1
789 1872 1880 1
800 799 801 1
1755 1754 1756 1
692 691 693 1
850 675 851 1
2005 2003 2384 1
2062 2064 2069 1
1210 1040 1316 1
1448 1316 1769 1
798 797 799 1
1907 1906 1908 1
18 19 1992 1
1542 1543 1746 1
724 723 725 1
719 722 2091 1
1537 1991 2679 1
1892 1349 1904 1
702 700 1850 1
759 1997 2232 1
116 117 281 1
1909 2051 2541 1
486 485 487 1
730 729 1867 1
1458 1711 1959 1
488 489 490 1
1493 1834 1835 1
1737 1785 1978 1
685 398 2155 1
689 691 692 1
8 9 248 1
796 795 797 1
933 1323 1324 1
1138 1139 1446 1
1972 265 1973 1
1129 1127 1909 1
999 998 1000 1
1807 1806 1808 1
930 1382 2366 1
2079 24 2084 1
1175 1129 1348 1
1334 1333 1335 1
2061 2062 2068 1
1342 1340 1852 1
1108 1130 1968 1
1550 1347 1864 1
1365 1344 1366 1
1212 1863 2460 1
1871 901 1882 1
808 806 813 1
794 793 795 1
14 283 1929 1
1858 1749 1859 1
1881 1525 2245 1
829 828 914 1
1038 1036 1223 1
729 887 1867 1
1300 1748 1749 1
614 2096 2097 1
1052 1534 1974 1
1753 1473 1754 1
1684 1540 1941 1
1339 1340 1341 1
1820 1819 1821 1
1003 1007 1008 1
552 1957 2060 1
1349 717 2091 1
1382 1384 1905 1
1837 1831 2847 1
1521 1357 1558 1
855 1371 2113 1
2003 2095 2384 1
487 669 1932 1
1437 1370 1438 1
177 178 272 1
1384 1500 1542 1
506 510 1924 1
382 715 2207 1
394 336 2027 1
1145 1142 1942 1
1493 1695 1834 1
665 661 2057 1
1473 1243 1881 1
732 730 750 1
1000 1002 1003 1
2229 2272 2273 1
6 7 279 1
701 700 702 1
801 799 817 1
797 795 901 1
299 173 2244 1
919 1198 1278 1
1723 2173 2205 1
1888 1668 2885 1
655 1067 1068 1
805 803 828 1
1772 1771 2889 1
793 791 821 1
1507 1173 1508 1
706 702 1850 1
2385 2478 2485 1
1638 1290 1639 1
2749 1227 2909 1
1823 1821 1824 1
1430 1429 1931 1
1340 1338 1455 1
792 791 793 1
915 914 1048 1
2030 2028 2262 1
1509 1508 1758 1
1471 2385 2485 1
1751 1676 2467 1
1210 1504 2154 1
1070 1131 1133 1
1039 908 1040 1
2193 975 2915 1
1502 2257 2372 1
2080 2079 2084 1
1328 1161 1330 1
2074 455 2108 1
1929 283 1937 1
946 949 2032 1
715 384 2158 1
1589 1565 1906 1
1399 1826 1827 1
1810 2282 2389 1
1233 1145 1942 1
926 2011 2702 1
327 395 493 1
788 787 789 1
682 340 2035 1
1567 1362 1840 1
789 787 1872 1
10 11 282 1
790 789 791 1
719 721 722 1
1464 1218 2116 1
464 2256 2337 1
1348 1129 1909 1
1192 1032 2061 1
1749 1748 1767 1
2083 2080 2084 1
1428 1479 1655 1
1421 332 2197 1
1036 851 1037 1
193 194 2358 1
526 529 2127 1
722 721 723 1
1242 1050 1386 1
1384 1499 1500 1
1778 584 2717 1
787 785 826 1
1198 1476 2040 1
1331 1287 1351 1
786 785 787 1
486 487 488 1
484 483 485 1
1939 240 1940 1
1947 1945 1950 1
1998 1494 1999 1
17 237 1989 1
1567 1840 1841 1
1505 1765 2891 1
1039 1040 1210 1
269 2219 2527 1
1052 1053 1054 1
1648 1358 2380 1
1946 1945 1947 1
172 173 299 1
1493 1835 2332 1
516 515 2046 1
2133 2132 2843 1
1552 1863 2107 1
1234 1233 1944 1
1393 1366 1933 1
1327 1328 1329 1
1048 1300 1858 1
1336 1338 1339 1
215 216 290 1
670 687 1332 1
1895 1898 2006 1
610 611 615 1
1601 2032 2177 1
146 147 232 1
1157 932 1158 1
784 783 785 1
1443 1815 2661 1
239 188 2560 1
480 2042 2043 1
1039 1210 2154 1
1281 1945 1946 1
1148 1145 1233 1
697 1970 2092 1
683 717 1349 1
2431 723 2468 1
1016 1014 2168 1
1088 1085 1333 1
478 476 479 1
1849 1663 2712 1
782 781 783 1
408 403 2208 1
1974 1534 2042 1
118 119 229 1
493 494 495 1
713 2248 2249 1
174 175 226 1
2068 2069 2070 1
1754 1473 1881 1
1739 1458 1959 1
808 813 814 1
479 482 483 1
1032 1030 2061 1
1382 1383 1384 1
1081 1426 1465 1
376 379 1974 1
1210 1316 1448 1
1186 1492 1493 1
179 180 296 1
1988 606 2375 1
156 157 2261 1
804 805 806 1
1961 707 2464 1
1852 1455 2549 1
1260 1630 2039 1
1304 1224 1844 1
2139 2281 2923 1
931 854 932 1
903 874 2259 1
1170 1034 1171 1
780 779 781 1
997 998 999 1
356 359 2189 1
1331 1768 1970 1
1335 1333 1780 1
519 516 2046 1
108 242 2128 1
379 392 1052 1
1841 1840 2656 1
1521 1558 1559 1
475 474 476 1
1508 1173 1782 1
1334 1335 1336 1
483 631 1960 1
691 697 2092 1
1200 1078 1201 1
1822 1819 1833 1
1753 1754 1755 1
1324 1325 1996 1
506 508 510 1
915 1050 1051 1
729 725 752 1
1429 1814 1930 1
1051 1242 1243 1
2683 1706 2921 1
1578 2125 2185 1
1115 1494 1998 1
674 530 2060 1
2087 1526 2088 1
670 686 687 1
2125 935 2185 1
557 2295 2340 1
484 485 486 1
544 548 2427 1
336 338 2027 1
781 779 862 1
511 670 1915 1
2161 2163 2171 1
1909 1127 2051 1
1640 1664 1665 1
1223 1036 1838 1
107 108 2128 1
1355 1389 1390 1
802 803 804 1
1033 1032 1034 1
1302 1612 1613 1
1207 985 2031 1
291 91 2204 1
778 777 779 1
722 723 724 1
2281 1592 2773 1
2190 272 2191 1
2173 978 2205 1
495 496 499 1
1957 1367 2060 1
976 1287 1331 1
1285 994 1357 1
529 1076 2127 1
1638 1639 1640 1
1270 1481 2045 1
642 639 643 1
1192 2061 2068 1
1280 1234 1281 1
2190 2192 2319 1
149 150 270 1
849 987 2238 1
2053 1692 2054 1
184 185 271 1
487 485 669 1
800 801 802 1
2200 2201 2202 1
1612 1614 2059 1
719 720 721 1
1170 1171 1237 1
724 725 726 1
1052 392 1053 1
1876 1875 2209 1
2349 1629 2441 1
504 506 1924 1
1573 1204 1574 1
776 775 777 1
1324 1323 1325 1
751 736 2093 1
172 299 2309 1
683 716 717 1
1449 1155 1565 1
2216 2166 2217 1
150 151 2132 1
455 2072 2251 1
777 775 913 1
2750 2230 2759 1
293 87 2296 1
479 483 484 1
798 799 800 1
1818 860 1819 1
338 682 2027 1
473 472 474 1
14 15 283 1
945 946 2032 1
1054 1055 1056 1
1687 1688 2516 1
1558 1357 1790 1
1539 1956 2456 1
1199 1983 1984 1
1038 1223 1224 1
1033 1034 1170 1
1422 869 2369 1
491 489 632 1
379 1052 1974 1
1589 1906 1907 1
517 1380 2247 1
1285 1521 2044 1
687 688 689 1
1006 1123 1138 1
703 702 704 1
796 797 798 1
1893 1894 1895 1
4 5 234 1
1984 1983 1985 1
210 211 302 1
1060 1059 1061 1
906 705 1961 1
911 673 912 1
82 83 301 1
771 1205 1355 1
1366 1869 1933 1
111 112 284 1
645 643 655 1
1373 1692 2053 1
1031 1030 1032 1
440 439 2108 1
1054 1053 1055 1
470 473 2028 1
1300 1749 1858 1
2314 1456 2347 1
614 587 2096 1
1590 2112 2266 1
1062 1061 1063 1
1477 1838 1839 1
170 171 263 1
1877 817 2566 1
1000 998 1002 1
1920 1919 1921 1
1285 1357 1521 1
1172 1007 1370 1
2072 1554 2251 1
1262 1264 2052 1
1088 1333 1334 1
1726 1322 2148 1
689 690 691 1
1356 1201 1381 1
1553 2256 2346 1
1948 1947 1949 1
1895 1894 1898 1
2313 1226 2333 1
153 154 2282 1
794 795 796 1
270 150 2132 1
550 683 1891 1
717 718 719 1
1218 1397 2116 1
1214 1286 1809 1
2379 1441 2415 1
1952 1949 1953 1
1256 1258 2085 1
1052 1054 1534 1
2161 2160 2163 1
500 502 618 1
1031 1032 1033 1
687 689 2020 1
12 13 236 1
1321 1320 1963 1
1266 1268 2047 1
1784 1395 2417 1
1012 1010 1013 1
713 409 2248 1
508 511 1915 1
604 609 610 1
1965 1964 1993 1
1203 1491 1546 1
1309 1526 2087 1
1056 1058 1059 1
1390 1389 2037 1
1967 1465 2115 1
470 471 472 1
91 92 2204 1
2141 973 2318 1
854 933 2033 1
1726 2148 2434 1
874 1468 2259 1
1008 1172 1173 1
2419 1545 2450 1
1458 1321 1711 1
1014 1013 1028 1
806 805 2325 1
1233 1943 1944 1
1979 1149 1980 1
1779 238 2885 1
1998 1999 2434 1
1003 1008 2275 1
2322 1803 2391 1
1320 1322 1467 1
16 17 1989 1
1264 1453 2052 1
1891 1349 1892 1
770 769 771 1
933 853 1323 1
1322 1119 2148 1
1093 950 2122 1
1133 1131 1964 1
1389 1762 2037 1
726 729 730 1
792 793 794 1
1060 1061 1062 1
2110 2109 2111 1
917 1156 1214 1
2295 1407 2340 1
1619 2141 2318 1
843 842 989 1
475 476 478 1
2013 605 2014 1
2131 2313 2333 1
1268 2045 2047 1
1951 1949 1952 1
2088 1526 2547 1
469 467 470 1
841 840 842 1
1153 890 2501 1
1355 1205 1389 1
2081 2512 2542 1
1044 1042 1979 1
828 1877 2409 1
824 816 825 1
705 704 1961 1
499 500 2049 1
1467 1725 1812 1
1148 1233 1234 1
1217 1415 1416 1
465 1440 2119 1
1331 1352 1768 1
493 395 494 1
1326 1799 2033 1
1117 1998 2148 1
1922 1918 1923 1
1064 1063 1065 1
1161 988 1995 1
1486 1436 2058 1
1120 1119 1320 1
1062 1063 1064 1
450 465 2119 1
143 144 268 1
346 684 2100 1
176 177 2190 1
189 190 300 1
15 16 2102 1
86 87 293 1
90 291 2416 1
1980 1982 2414 1
455 440 2108 1
771 769 1205 1
1056 1055 1058 1
1029 954 1030 1
1449 1565 1589 1
1110 1705 2130 1
591 605 2013 1
1042 990 1149 1
1568 1567 1939 1
1392 2010 2945 1
355 356 2189 1
1061 1059 1082 1
87 88 2296 1
24 25 2084 1
908 906 2398 1
479 476 482 1
774 772 775 1
1150 1295 1296 1
2202 2201 2203 1
1311 1235 1318 1
350 354 2103 1
1980 1981 1982 1
296 180 2198 1
1764 1486 2058 1
1863 1553 2346 1
1029 1030 1031 1
950 948 2122 1
597 599 602 1
790 791 792 1
1320 1119 1322 1
2054 1692 2055 1
1826 259 2708 1
2108 2109 2110 1
843 989 990 1
1108 1065 1130 1
1436 1434 1659 1
737 739 2178 1
976 1331 1970 1
2103 354 2215 1
470 472 473 1
113 114 238 1
907 906 908 1
1046 1044 1199 1
1864 1347 1865 1
826 1934 1969 1
708 976 1970 1
850 1036 1038 1
17 18 237 1
473 474 475 1
2125 2314 2347 1
786 787 788 1
839 1400 2135 1
788 789 790 1
1075 1073 1236 1
1329 1429 1430 1
841 842 843 1
19 20 285 1
717 719 2091 1
1258 2039 2085 1
1566 1362 1567 1
2135 2136 2189 1
1115 1113 1494 1
1493 1492 1695 1
736 734 2093 1
1287 1299 2120 1
839 838 840 1
263 171 2309 1
1117 1115 1998 1
2171 2170 2172 1
1064 1065 1108 1
930 1239 1382 1
1947 1950 2394 1
1734 1379 1735 1
90 91 291 1
696 700 701 1
2256 1553 2337 1
682 2036 2400 1
909 908 1039 1
1048 1049 1300 1
1792 1541 1793 1
1073 1046 1986 1
953 952 954 1
1614 1303 1740 1
633 714 2034 1
497 1498 1732 1
544 546 548 1
483 482 631 1
839 840 841 1
999 1000 1001 1
684 2103 2104 1
466 464 467 1
217 218 233 1
524 526 2127 1
387 2100 2101 1
511 513 670 1
105 2105 2106 1
835 839 2135 1
1698 1363 1733 1
1042 1149 1979 1
1302 1613 1928 1
236 1929 2766 1
2316 1446 2678 1
2066 2065 2067 1
1131 1294 1964 1
479 484 2288 1
1300 1301 1748 1
1118 1117 1119 1
2498 1856 2848 1
2273 1283 2274 1
1946 1947 1948 1
784 785 786 1
500 618 2049 1
1056 1059 1060 1
967 964 2243 1
1004 1006 1926 1
1464 2116 2117 1
587 589 2096 1
738 736 751 1
173 174 2244 1
1008 1506 2275 1
1880 1513 2912 1
2655 1497 2666 1
1137 2160 2161 1
332 334 2197 1
2666 2377 2671 1
2227 2228 2229 1
575 578 2134 1
1449 1589 2094 1
1590 1101 2112 1
888 737 2178 1
84 85 258 1
782 783 784 1
1467 1322 1725 1
1355 1390 1817 1
338 340 682 1
951 950 952 1
1280 1281 1956 1
780 781 782 1
692 694 1107 1
1130 1277 1379 1
1507 1508 1509 1
2190 2191 2192 1
953 954 1029 1
1236 1073 1986 1
591 593 605 1
1373 1691 1692 1
785 783 1934 1
181 182 230 1
1001 1000 2275 1
463 462 464 1
602 1797 2585 1
989 991 1217 1
2661 1815 2768 1
763 761 769 1
271 185 2213 1
656 2459 2508 1
106 107 286 1
1371 1373 2053 1
1326 1550 1799 1
340 342 2035 1
1010 1001 2433 1
1217 1218 1415 1
1130 1379 1734 1
601 604 1935 1
1384 1383 1499 1
2108 439 2109 1
951 952 953 1
1894 1892 1904 1
2257 1606 2372 1
646 659 671 1
529 528 530 1
1429 1930 1931 1
2099 1193 2713 1
1003 1002 1004 1
573 575 2134 1
1415 1464 1575 1
670 513 686 1
1137 1018 2160 1
120 121 1971 1
534 536 2095 1
469 470 2028 1
354 2137 2138 1
778 779 780 1
995 997 1503 1
1361 1103 1362 1
1504 1448 1714 1
987 1254 2238 1
538 540 549 1
221 222 2188 1
873 902 2183 1
1120 1320 1321 1
550 553 683 1
88 89 256 1
659 658 2438 1
835 838 839 1
1761 1508 1782 1
470 467 471 1
2077 241 2078 1
776 777 778 1
1985 1983 2414 1
342 387 2035 1
1320 1467 1963 1
242 1763 2860 1
949 948 950 1
667 1905 2413 1
2227 2225 2228 1
1183 1186 2332 1
1901 1897 2006 1
396 685 2121 1
1264 1266 1453 1
887 752 988 1
2163 2170 2171 1
1345 1341 2530 1
981 1168 2123 1
1800 1354 2829 1
187 188 239 1
1260 1262 1630 1
461 460 462 1
92 93 2200 1
949 950 951 1
1258 1260 2039 1
1801 1921 2807 1
5 6 1887 1
957 1413 2290 1
1268 1270 2045 1
136 137 269 1
2226 2225 2227 1
1155 1089 2212 1
589 591 2013 1
1642 1358 1648 1
532 534 552 1
769 761 2232 1
1541 1207 2031 1
905 705 906 1
2141 2142 2432 1
775 772 1927 1
2043 1470 2514 1
781 862 2421 1
1897 1895 2006 1
1900 1897 1901 1
1951 1952 1954 1
2224 1197 2225 1
2013 2015 2096 1
79 80 259 1
1270 1305 1481 1
428 430 2131 1
1946 1948 2124 1
185 186 2213 1
946 948 949 1
1116 1115 1117 1
2283 1400 2329 1
1948 1949 1951 1
472 471 497 1
2014 2017 2140 1
2135 1400 2136 1
457 459 460 1
916 410 2573 1
390 396 2121 1
2096 2015 2097 1
774 775 776 1
748 898 917 1
1600 1241 1601 1
835 836 838 1
1363 1108 1968 1
517 756 1380 1
2142 2144 2145 1
1371 1372 1373 1
1034 1032 1192 1
989 1217 2038 1
458 1401 2131 1
388 393 2158 1
212 213 240 1
964 963 2243 1
945 886 946 1
1980 1149 1981 1
2078 2080 2081 1
1405 1578 2186 1
1307 1309 2087 1
108 109 242 1
1566 1567 1568 1
1380 1442 1561 1
270 2132 2133 1
2134 1719 2302 1
1945 1944 2012 1
520 563 2175 1
1030 1196 2061 1
481 2264 2383 1
1249 1108 1363 1
1362 1103 2154 1
530 532 2060 1
2228 2225 2243 1
95 96 289 1
1246 1124 2196 1
104 105 2106 1
21 22 2076 1
1379 1636 2050 1
976 1105 1287 1
770 771 772 1
1254 1256 1461 1
1012 1013 1014 1
466 467 469 1
457 461 2112 1
1632 1458 1739 1
996 615 1452 1
1130 1065 1277 1
1124 412 2196 1
1696 1363 1698 1
1488 1486 1764 1
499 496 500 1
983 981 2123 1
710 699 897 1
1373 1560 1691 1
933 1326 2033 1
1368 1367 1369 1
1972 1446 2690 1
530 531 532 1
1041 990 1042 1
458 1195 1401 1
1415 1575 2362 1
855 1121 1371 1
1791 1541 1792 1
1309 1374 1526 1
833 834 835 1
526 528 529 1
684 348 2103 1
430 458 2131 1
2032 949 2177 1
746 974 2199 1
946 947 948 1
1982 1981 1988 1
815 814 816 1
25 26 267 1
321 322 323 1
1162 1163 2233 1
960 962 2210 1
1592 1369 2146 1
532 533 534 1
241 23 2079 1
463 464 466 1
1794 1792 1795 1
2192 2193 2194 1
1047 869 1422 1
687 686 688 1
2367 1651 2368 1
2013 2014 2015 1
683 1349 1891 1
1181 1367 1368 1
763 769 770 1
1114 1113 1115 1
286 107 2128 1
323 324 325 1
1128 1127 1129 1
1958 2002 2146 1
1275 1101 1590 1
149 270 2255 1
22 23 241 1
1018 1016 2160 1
529 530 674 1
701 702 703 1
1950 1945 2012 1
101 102 287 1
457 460 461 1
204 205 277 1
2036 2035 2483 1
2229 2273 2716 1
388 390 393 1
1516 1582 1674 1
1317 2283 2329 1
1884 1780 2507 1
589 2013 2096 1
2160 1016 2168 1
1379 1277 1636 1
1314 1522 1712 1
2163 2160 2168 1
495 494 496 1
1030 954 1196 1
325 326 327 1
902 1126 2183 1
1990 237 1991 1
384 388 2158 1
1213 939 1721 1
1118 1119 1120 1
1953 1949 2394 1
1422 2349 2441 1
621 628 648 1
1389 1391 1762 1
1472 1243 1473 1
1181 674 1367 1
1752 1473 1753 1
1368 1592 2139 1
446 444 2149 1
885 886 945 1
354 352 2137 1
836 855 2113 1
319 320 321 1
398 400 2155 1
1382 1239 1383 1
93 94 253 1
215 290 2252 1
2200 253 2201 1
1735 1379 2050 1
885 884 886 1
662 651 1127 1
400 408 2155 1
2014 2016 2017 1
1578 1579 2125 1
1616 827 2301 1
387 344 2100 1
1380 756 1442 1
1509 1758 1759 1
683 553 716 1
1567 1841 1939 1
244 29 2242 1
2223 1197 2224 1
138 139 294 1
452 450 2119 1
969 1197 2223 1
1873 826 1969 1
695 693 711 1
1368 1369 1592 1
176 2190 2319 1
103 247 2195 1
708 895 976 1
344 346 2100 1
1230 1718 1719 1
2227 2229 2230 1
1241 945 2032 1
396 398 685 1
1581 1573 2763 1
155 156 273 1
1043 1042 1044 1
1174 1129 1175 1
1578 2185 2186 1
2264 1564 2383 1
359 833 2189 1
989 842 991 1
1369 1957 1958 1
350 352 354 1
552 534 2095 1
1793 1541 2031 1
456 454 457 1
1733 1363 1968 1
2126 524 2127 1
1168 979 2150 1
1216 1409 2122 1
379 380 392 1
2223 2224 2231 1
1112 1111 1113 1
2196 412 2437 1
462 460 477 1
461 462 463 1
346 348 684 1
1655 1479 2497 1
1407 2295 2341 1
585 587 614 1
522 524 2126 1
578 1230 2134 1
807 806 808 1
1139 1291 2690 1
1126 1462 1463 1
2162 2161 2164 1
1900 1901 1902 1
1119 1117 2148 1
1276 994 1285 1
1540 1207 1541 1
2023 686 2247 1
840 838 1035 1
342 344 387 1
1557 1285 2044 1
174 226 2244 1
45 46 298 1
952 950 1093 1
1168 2150 2151 1
1299 1605 1811 1
2529 1093 2557 1
1896 1895 1897 1
1601 1241 2032 1
1158 1302 1928 1
2452 1824 2513 1
621 648 2354 1
1586 1677 1713 1
472 497 2322 1
207 208 245 1
1958 2001 2002 1
2224 2225 2226 1
2200 2202 2204 1
348 350 2103 1
1409 2293 2663 1
457 454 459 1
2015 2014 2140 1
50 51 303 1
2151 2150 2152 1
181 230 2198 1
957 1135 1413 1
1098 1387 2214 1
1216 1408 1409 1
2074 2108 2110 1
833 835 2135 1
1126 1463 2183 1
102 103 2195 1
1288 1175 1290 1
1401 1195 1708 1
2152 2173 2174 1
382 384 715 1
1405 1577 1578 1
883 884 885 1
526 527 528 1
1917 1919 1920 1
247 104 2106 1
981 979 1168 1
1958 2000 2001 1
1252 986 1607 1
1083 478 2288 1
865 1167 2157 1
630 478 1083 1
41 42 295 1
851 675 1354 1
1369 1958 2146 1
1392 1368 2139 1
1369 1367 1957 1
1578 1577 1579 1
1413 1414 1651 1
103 104 247 1
2151 2152 2153 1
939 903 2259 1
2097 2015 2098 1
2014 605 2016 1
334 336 394 1
195 196 276 1
1213 1721 1722 1
2017 2016 2018 1
1045 1044 1046 1
979 978 2150 1
1020 1018 1137 1
2141 1621 2142 1
731 730 732 1
491 632 2419 1
2166 2216 2287 1
1217 1416 2038 1
534 535 536 1
962 965 2210 1
1076 674 1181 1
327 328 395 1
449 446 2149 1
686 513 2247 1
285 20 2075 1
400 403 408 1
1084 1083 1085 1
2165 2164 2167 1
2272 1283 2273 1
1230 1719 2134 1
1194 1353 1530 1
1637 1290 1638 1
1217 991 1218 1
984 983 985 1
584 583 585 1
1357 994 2056 1
101 287 2236 1
93 253 2200 1
317 318 319 1
1619 1621 2141 1
1163 1176 2233 1
2275 1506 2433 1
883 882 884 1
1094 1075 1111 1
2081 2080 2082 1
714 2007 2034 1
689 688 690 1
1230 1231 1718 1
1457 1321 1458 1
717 716 718 1
742 740 893 1
456 457 2112 1
1546 1491 1547 1
517 518 756 1
1009 1001 1010 1
36 37 292 1
1166 945 1241 1
30 31 288 1
1701 1702 1703 1
2101 2100 2445 1
453 452 454 1
1474 1241 1600 1
851 1354 2114 1
1371 1121 1372 1
1937 283 1938 1
1116 1117 1118 1
948 1216 2122 1
1086 1085 1088 1
133 134 227 1
287 102 2195 1
1958 1957 2000 1
1415 1218 1464 1
1080 912 1081 1
733 732 734 1
2192 2191 2193 1
1176 1180 1524 1
2216 1022 2287 1
1072 1046 1073 1
288 2239 2240 1
184 271 2311 1
1554 2149 2251 1
2362 1575 2376 1
131 132 297 1
835 834 836 1
1733 2749 2909 1
530 528 531 1
719 718 720 1
454 452 2118 1
48 49 252 1
226 175 2319 1
288 2240 2241 1
2150 978 2173 1
881 882 883 1
1064 1108 1249 1
1763 242 2817 1
1373 1372 1560 1
1037 851 2114 1
722 724 1410 1
245 1769 2786 1
721 720 727 1
1649 1351 1727 1
2098 2015 2140 1
376 378 379 1
927 928 2182 1
476 474 2391 1
1997 1391 2232 1
822 865 2157 1
524 525 526 1
229 1806 1807 1
34 35 2258 1
894 676 994 1
946 886 947 1
43 44 250 1
684 2104 2445 1
2124 1057 2456 1
1893 1895 1896 1
1011 1010 1012 1
2181 2220 2221 1
1701 1681 1702 1
879 1602 2179 1
826 785 1934 1
1221 2216 2217 1
1736 1318 1737 1
352 355 2137 1
1074 1073 1075 1
2061 1196 2062 1
380 382 2207 1
965 1178 1194 1
1110 1704 1705 1
29 30 2242 1
403 406 2208 1
1181 1368 1392 1
881 880 882 1
462 477 2256 1
581 583 584 1
451 450 452 1
352 351 353 1
1254 1461 2238 1
839 841 1400 1
344 345 346 1
2152 2150 2173 1
76 77 278 1
2073 2072 2074 1
1033 1170 1298 1
1882 901 2176 1
865 867 1167 1
1209 927 2182 1
2029 2028 2030 1
355 353 356 1
152 153 228 1
20 21 2075 1
92 2200 2204 1
55 56 306 1
168 169 305 1
350 349 351 1
1809 1286 1810 1
285 2075 2237 1
28 29 244 1
38 39 249 1
2142 2143 2144 1
593 594 595 1
448 449 450 1
53 54 254 1
1555 1554 2072 1
1899 1897 1900 1
843 990 1041 1
691 690 697 1
1554 1095 2149 1
1114 1115 1116 1
98 99 251 1
350 351 352 1
370 372 480 1
1249 1363 1696 1
876 878 879 1
879 880 881 1
754 746 2199 1
520 522 563 1
1095 449 2149 1
948 947 1216 1
2001 2000 2003 1
63 64 264 1
348 349 350 1
876 879 2179 1
1196 954 2280 1
346 347 348 1
1029 1031 1777 1
1210 1448 1504 1
467 464 2337 1
532 552 2060 1
944 942 978 1
2075 21 2076 1
1287 1105 1299 1
952 1093 2280 1
913 775 1927 1
2097 2098 2099 1
497 1079 1498 1
1657 1611 1680 1
1027 1097 1098 1
591 592 593 1
459 2118 2577 1
262 1837 2593 1
348 347 349 1
1197 967 2243 1
342 343 344 1
1294 1835 2831 1
406 713 2208 1
879 881 1602 1
346 345 347 1
1894 1904 2184 1
992 1405 2186 1
825 854 931 1
971 969 2223 1
927 925 928 1
978 942 2205 1
1279 1234 1280 1
1272 1095 1554 1
31 32 2239 1
406 409 713 1
951 953 1212 1
1054 1056 2159 1
1565 1155 2212 1
450 449 465 1
288 31 2239 1
2118 452 2119 1
330 332 1421 1
2181 1096 2220 1
976 895 1105 1
940 939 1213 1
1725 1322 1726 1
33 34 246 1
536 537 538 1
758 757 759 1
192 193 255 1
1700 1681 1701 1
1027 1098 2214 1
465 1244 1440 1
1147 1145 1148 1
879 878 880 1
536 538 2384 1
36 292 2286 1
653 846 2415 1
1538 1280 1539 1
1060 1062 1470 1
518 520 2175 1
1101 456 2112 1
1048 914 1049 1
875 876 2179 1
840 1035 2297 1
352 353 355 1
907 908 909 1
891 754 975 1
35 36 2286 1
909 1039 1103 1
1440 1244 1597 1
1791 1792 1794 1
448 450 451 1
1160 1099 1505 1
1230 712 1231 1
359 437 833 1
1701 1703 1781 1
1096 1026 2220 1
1540 1541 1791 1
465 1095 1244 1
1536 2009 2010 1
919 897 1198 1
1463 1462 1531 1
884 882 935 1
631 1240 1693 1
746 744 974 1
885 945 1166 1
641 642 2440 1
538 539 540 1
890 820 2482 1
237 18 1992 1
1361 1362 1566 1
822 2157 2268 1
344 343 345 1
1047 1422 1650 1
1555 2072 2073 1
757 426 2327 1
1026 1221 2220 1
1231 1675 1765 1
529 674 1076 1
453 454 456 1
965 1194 2210 1
1098 1097 1099 1
1137 2161 2162 1
1015 1014 1016 1
633 649 714 1
1634 1312 1635 1
624 638 644 1
1556 2431 2468 1
1138 1446 2316 1
1389 1205 1391 1
891 975 2234 1
975 754 2199 1
1503 997 2263 1
1364 1399 1911 1
1272 1554 1555 1
563 522 2126 1
1619 1620 1621 1
1898 1894 2184 1
1387 1388 1596 1
1297 1155 1449 1
671 672 860 1
230 182 2312 1
465 449 1095 1
1000 1003 2275 1
944 978 979 1
1657 1680 1681 1
522 523 524 1
1112 1113 1114 1
1214 1156 1286 1
905 906 907 1
735 734 736 1
1251 1618 1619 1
362 364 2129 1
1098 1160 1387 1
448 446 449 1
833 437 834 1
2030 2262 2402 1
1109 971 1346 1
991 842 2297 1
514 516 517 1
514 517 2247 1
587 588 589 1
508 509 511 1
1099 1097 1100 1
589 590 591 1
409 413 2248 1
1098 1099 1160 1
1818 1819 1820 1
578 577 579 1
982 981 983 1
1176 1524 2233 1
1103 1039 2154 1
2181 2221 2222 1
585 586 587 1
1413 1135 1414 1
511 512 513 1
1506 1173 1507 1
1055 1053 1057 1
364 366 386 1
1244 1095 1272 1
1221 1024 2216 1
1041 1042 1043 1
364 386 2129 1
936 766 2268 1
1166 1241 1474 1
1524 1180 1544 1
1222 1101 1275 1
290 216 2292 1
354 2138 2215 1
984 985 1207 1
949 951 2177 1
451 452 453 1
1506 1796 2433 1
878 992 2186 1
1565 2212 2406 1
760 759 761 1
951 1212 2177 1
2063 1196 2280 1
969 967 1197 1
923 924 925 1
938 903 939 1
58 59 257 1
655 1066 1067 1
1896 1897 1899 1
853 816 2277 1
532 531 533 1
1387 1160 1388 1
922 921 923 1
1535 1209 1815 1
2218 2217 2219 1
459 454 2118 1
327 326 328 1
32 33 2267 1
1154 1282 1569 1
610 609 611 1
444 442 2251 1
334 394 2197 1
100 101 2236 1
2028 473 2262 1
1009 1010 1011 1
1027 1096 1097 1
867 868 875 1
581 584 2235 1
703 704 705 1
875 868 876 1
917 898 1156 1
340 341 342 1
1025 1027 2214 1
579 581 2235 1
1532 1275 1682 1
2078 2079 2080 1
923 925 926 1
226 2319 2381 1
534 533 535 1
658 645 2575 1
1300 1049 1301 1
876 877 878 1
2149 444 2251 1
947 886 2265 1
926 925 927 1
1706 1449 2094 1
438 426 757 1
1017 1016 1018 1
1405 1519 1577 1
325 324 326 1
1026 1024 1221 1
30 288 2242 1
2225 1197 2243 1
639 625 2450 1
865 866 867 1
1346 971 2223 1
1346 2223 2231 1
1420 2350 2429 1
880 878 2186 1
2245 1525 2619 1
575 577 578 1
1231 712 1675 1
773 772 774 1
1673 2128 2860 1
517 516 518 1
1596 1388 1778 1
418 419 2315 1
2 315 2742 1
447 446 448 1
513 512 514 1
1094 1111 1112 1
578 712 1230 1
892 921 922 1
1208 927 1209 1
1610 1656 1658 1
768 819 822 1
833 2135 2189 1
323 322 324 1
1144 1142 1145 1
1002 998 2395 1
727 748 2528 1
1091 1089 1155 1
1245 1124 1246 1
249 2293 2320 1
1023 1025 1193 1
1657 1681 1700 1
1015 1016 1017 1
2242 2241 2278 1
896 1228 1229 1
458 1106 1195 1
413 416 432 1
254 1836 2935 1
1229 1501 1502 1
756 518 2175 1
244 2242 2278 1
1477 1223 1838 1
182 183 2312 1
540 541 542 1
464 462 2256 1
33 246 2267 1
766 768 2268 1
1956 1946 2124 1
1194 1178 1353 1
838 836 2113 1
1137 2162 2287 1
1043 1044 1045 1
422 424 1151 1
2142 1621 2143 1
822 823 865 1
2162 2164 2165 1
762 761 763 1
896 1229 2303 1
486 488 635 1
1070 1071 1131 1
1750 1558 2558 1
731 732 733 1
1595 1627 1720 1
884 935 2265 1
492 456 1101 1
882 880 2185 1
342 341 343 1
653 660 846 1
554 557 2340 1
2709 1421 2916 1
923 921 924 1
1213 1722 1723 1
105 106 2105 1
1067 1069 1070 1
1060 1470 2159 1
1193 1025 2214 1
1025 1026 1027 1
855 856 1121 1
288 2241 2242 1
737 736 738 1
140 141 231 1
982 983 984 1
321 320 322 1
442 455 2251 1
961 959 1283 1
712 579 2235 1
733 734 735 1
2062 2063 2064 1
1154 1569 2298 1
2139 1592 2281 1
1229 1228 1501 1
2011 926 2926 1
1442 756 1443 1
1619 1618 1620 1
527 1110 2130 1
1560 1599 1728 1
578 579 712 1
356 358 359 1
892 920 921 1
520 521 522 1
889 820 890 1
1019 1018 1020 1
1186 1187 1492 1
697 698 708 1
246 34 2258 1
1820 1821 1823 1
1854 2593 2847 1
2198 230 2693 1
1484 1011 2246 1
1530 1353 1551 1
611 616 1975 1
2094 256 2416 1
60 61 308 1
1954 1952 2894 1
2319 2192 2381 1
1248 1673 2353 1
992 1404 1405 1
1220 827 1616 1
836 837 855 1
1635 1312 2408 1
1131 1132 1294 1
595 596 597 1
1056 1060 2159 1
504 505 506 1
867 866 868 1
2109 439 2250 1
526 525 527 1
2360 1561 2475 1
780 2088 2547 1
894 994 1276 1
1396 947 2265 1
1343 1364 1641 1
996 1452 2395 1
1381 1647 2026 1
818 767 820 1
980 979 981 1
1444 1445 2306 1
1900 1902 1903 1
1152 1153 2326 1
445 444 446 1
1276 1285 1557 1
1250 1109 1633 1
1216 1396 1408 1
506 507 508 1
1397 991 2297 1
1045 1046 1072 1
2180 1096 2181 1
1251 1250 1617 1
1017 1018 1019 1
1943 1942 2305 1
1569 1282 1570 1
581 582 583 1
846 2330 2457 1
940 1213 2205 1
1251 1619 2318 1
148 149 2255 1
865 823 866 1
1502 1501 1609 1
938 939 940 1
180 181 2198 1
1610 1658 2257 1
511 509 512 1
1238 1224 1304 1
999 1001 1009 1
2112 461 2266 1
442 440 455 1
1213 1723 2205 1
1194 1530 2429 1
1074 1075 1094 1
1251 1617 1618 1
106 286 2105 1
1011 1012 2246 1
478 479 2288 1
972 1250 1251 1
564 561 619 1
1138 1123 1139 1
413 432 2248 1
1403 2270 2317 1
1656 1611 1657 1
2229 2228 2272 1
2274 1283 2343 1
569 571 607 1
876 868 877 1
585 583 586 1
2270 900 2317 1
183 2311 2312 1
1419 2145 2470 1
935 882 2185 1
1479 1480 1687 1
1019 1020 1021 1
878 877 992 1
1721 939 2259 1
1499 1763 1816 1
926 927 1208 1
387 2101 2483 1
542 543 544 1
2577 2118 2594 1
1208 1209 1535 1
359 360 437 1
886 884 2265 1
1431 1430 1432 1
1400 841 2329 1
544 545 546 1
1152 890 1153 1
579 580 581 1
1983 1980 2414 1
1007 1004 1926 1
807 2454 2550 1
822 819 823 1
338 339 340 1
497 471 1079 1
874 872 1468 1
513 514 2247 1
1072 1073 1074 1
1867 1327 2405 1
1208 1535 1536 1
954 952 2280 1
2239 32 2267 1
435 431 439 1
1229 1502 2372 1
1445 1594 1595 1
428 2131 2333 1
2185 880 2186 1
1024 1022 2216 1
475 478 630 1
435 439 440 1
2162 2166 2287 1
1536 2008 2009 1
1023 1024 1025 1
2118 2119 2594 1
739 738 740 1
443 442 444 1
943 942 944 1
469 2028 2029 1
920 891 2234 1
931 932 1157 1
1339 1341 1345 1
2157 1167 2596 1
431 429 2250 1
1445 1595 2306 1
524 523 525 1
518 519 520 1
992 877 1403 1
1405 1404 1519 1
1221 2217 2218 1
1012 1014 1015 1
1327 1329 2405 1
1334 1336 1337 1
1675 712 2235 1
1064 1249 2336 1
829 915 2426 1
1651 1414 1652 1
1281 1946 1956 1
1100 1097 2180 1
2136 1400 2283 1
1299 1402 1605 1
764 766 936 1
575 576 577 1
565 567 568 1
1021 1020 1022 1
129 130 260 1
1183 1185 1186 1
708 709 895 1
536 535 537 1
1189 1191 1444 1
1608 1607 2718 1
492 1101 1222 1
1015 1017 1169 1
1097 1096 2180 1
973 970 2318 1
1027 1026 1096 1
441 440 442 1
1621 1620 2254 1
430 434 458 1
1020 1137 2287 1
2699 1519 2721 1
842 840 2297 1
942 940 2205 1
1219 1562 1572 1
1797 1484 1798 1
463 466 498 1
883 885 2352 1
419 422 2315 1
1019 1021 1102 1
941 940 942 1
435 440 441 1
2349 1422 2369 1
1498 1079 1552 1
1021 1022 1023 1
934 1235 1311 1
1228 1134 1489 1
1051 1243 1472 1
500 501 502 1
2111 2109 2448 1
1222 1275 1532 1
1662 1225 1663 1
502 503 504 1
1404 1403 1406 1
843 1041 2329 1
1023 1022 1024 1
443 445 481 1
574 572 637 1
1780 1333 2507 1
755 754 891 1
944 979 980 1
2078 241 2079 1
892 891 920 1
972 1109 1250 1
1536 1535 2008 1
866 823 900 1
438 757 758 1
445 446 447 1
1195 1106 1460 1
1921 1801 2861 1
330 1421 2253 1
735 736 737 1
1620 1618 1622 1
579 577 580 1
758 759 760 1
492 1222 1424 1
2082 2080 2083 1
1790 1357 2056 1
992 1403 1404 1
1433 1432 1434 1
808 814 815 1
737 738 739 1
379 378 380 1
2258 35 2286 1
528 527 2130 1
1560 1372 1599 1
2130 1705 2348 1
768 822 2268 1
732 750 2559 1
1120 1321 1457 1
232 147 2500 1
1025 1024 1026 1
1410 724 2284 1
1216 947 1396 1
1451 1207 1540 1
818 820 889 1
359 358 360 1
284 2493 2610 1
1470 1062 2336 1
1428 1478 1479 1
912 673 2438 1
688 686 2023 1
1176 1177 1180 1
755 891 892 1
538 537 539 1
1502 1609 1610 1
453 456 492 1
1443 756 2175 1
1325 1323 1802 1
214 215 2252 1
870 869 1047 1
110 1816 2817 1
1483 1011 1484 1
768 818 819 1
508 507 509 1
745 747 918 1
1457 1458 1632 1
1232 1660 1661 1
1409 1408 2293 1
804 806 807 1
2131 1401 2313 1
1012 1015 2246 1
726 730 731 1
1035 838 2113 1
439 431 2250 1
741 740 742 1
685 2155 2770 1
986 824 2147 1
1283 959 2343 1
557 558 2294 1
1739 2709 2916 1
362 2129 2271 1
1526 1374 2269 1
896 1134 1228 1
743 742 744 1
443 444 445 1
1329 1431 2405 1
573 574 575 1
630 1083 1084 1
1610 1609 1611 1
968 970 973 1
980 981 982 1
540 539 541 1
458 434 1106 1
1426 1427 1428 1
2220 2218 2221 1
1620 1622 1623 1
597 598 599 1
474 472 2322 1
568 567 569 1
514 515 516 1
1221 2218 2220 1
745 744 746 1
1507 1509 2388 1
972 971 1109 1
1403 877 2270 1
1408 1396 1456 1
805 829 2325 1
1186 1493 2332 1
522 521 523 1
1351 1287 2120 1
747 746 754 1
662 1127 1128 1
392 380 2207 1
631 482 1240 1
965 966 1178 1
1460 1106 1564 1
451 453 2279 1
1151 424 1226 1
1205 769 2232 1
303 2024 2025 1
317 316 318 1
836 834 837 1
1015 1169 2246 1
1163 1165 1176 1
558 560 613 1
441 442 443 1
1374 1376 2269 1
2062 1196 2063 1
770 772 773 1
1225 1152 2326 1
776 778 811 1
1299 1105 1402 1
1128 1129 1174 1
760 761 762 1
557 2294 2295 1
747 754 755 1
868 866 2270 1
1009 1011 1483 1
970 972 2318 1
319 318 320 1
518 516 519 1
962 964 965 1
422 1151 2315 1
340 339 341 1
1697 1696 1747 1
2143 1621 2254 1
970 969 971 1
571 572 573 1
1620 1623 2254 1
889 890 1152 1
1359 1158 1928 1
88 256 2296 1
1220 1616 2299 1
434 431 435 1
725 723 2431 1
546 547 550 1
75 76 2488 1
1121 856 1350 1
1148 1234 1279 1
930 977 1239 1
1472 1473 1752 1
1984 1985 2496 1
1022 1020 2287 1
2125 1579 2314 1
1461 2086 2550 1
427 426 438 1
1435 1434 1436 1
527 832 1110 1
115 116 2418 1
721 727 2468 1
554 556 557 1
1126 1412 1462 1
855 837 856 1
607 571 2302 1
777 913 2536 1
1174 1175 1288 1
569 570 571 1
2177 1212 2460 1
889 1152 1154 1
1218 991 1397 1
1502 1610 2257 1
514 512 515 1
766 767 768 1
941 942 943 1
550 551 553 1
739 740 741 1
2066 2067 2071 1
782 784 812 1
183 184 2311 1
1084 1085 1086 1
1662 1663 1849 1
1017 1019 2276 1
1374 1375 1376 1
461 463 2266 1
1610 1611 1656 1
708 698 709 1
1252 1607 1608 1
1232 847 1385 1
1085 1083 2507 1
1154 1225 1282 1
1297 1449 1706 1
1116 1118 1469 1
938 940 941 1
941 943 1215 1
175 176 2319 1
573 2134 2302 1
2064 2063 2065 1
741 742 743 1
678 680 930 1
1693 1240 1783 1
735 737 888 1
558 613 2294 1
569 567 570 1
743 744 745 1
935 2125 2347 1
984 1207 1451 1
741 743 864 1
283 15 2102 1
1605 1402 1606 1
877 868 2270 1
968 967 969 1
1309 1310 1374 1
296 1781 2724 1
794 796 830 1
1623 1622 1624 1
768 767 818 1
1041 1317 2329 1
1166 1474 2310 1
1248 1510 1673 1
292 37 2320 1
1215 1417 1625 1
902 937 1126 1
425 423 426 1
1091 1155 1297 1
1896 1899 1977 1
745 746 747 1
1288 1290 1637 1
980 982 1179 1
1110 1615 1704 1
1661 1660 1672 1
65 66 310 1
895 709 896 1
1660 1385 1709 1
587 586 588 1
425 427 428 1
571 573 2302 1
430 429 431 1
1353 1178 1419 1
583 582 2304 1
798 800 810 1
2162 2165 2166 1
593 592 594 1
1396 2265 2347 1
2256 477 2346 1
2093 734 2559 1
773 774 827 1
966 964 967 1
970 971 972 1
866 900 2270 1
1180 1177 1293 1
1307 1308 1309 1
336 337 338 1
695 711 2435 1
37 38 2320 1
2076 2077 2578 1
466 469 2260 1
2719 1865 2792 1
421 420 1766 1
575 574 576 1
228 153 2282 1
1451 1684 1744 1
841 843 2329 1
1648 2380 2410 1
520 519 521 1
1189 1444 2355 1
988 1202 1203 1
957 958 1135 1
896 709 1134 1
1062 1064 2336 1
1154 1152 1225 1
425 426 427 1
2350 2210 2429 1
1385 2356 2465 1
2596 1167 2625 1
727 728 748 1
815 816 824 1
436 2825 2853 1
1305 1306 1307 1
571 570 572 1
1215 943 1417 1
764 762 765 1
473 475 2262 1
1169 1017 2276 1
1483 1484 1797 1
2460 2346 2545 1
764 765 766 1
430 431 434 1
542 541 543 1
1625 1417 1626 1
493 495 2508 1
681 679 869 1
531 528 2130 1
506 505 507 1
1282 1225 1662 1
788 790 809 1
1279 1280 1538 1
419 417 420 1
766 765 767 1
760 762 764 1
1090 1092 1162 1
565 566 567 1
453 492 2279 1
1019 1102 2276 1
697 690 698 1
438 758 1423 1
589 588 590 1
1041 1043 1317 1
1270 1271 1305 1
1451 1540 1684 1
1008 1173 1506 1
492 1424 2279 1
968 969 970 1
308 2497 2534 1
2377 1608 2671 1
591 590 592 1
1552 1553 1863 1
1623 1624 1683 1
1485 1436 1486 1
1509 1760 2388 1
573 572 574 1
544 543 545 1
731 733 929 1
548 1893 2427 1
595 594 596 1
1311 1318 1736 1
428 427 429 1
862 779 2536 1
764 936 2351 1
519 2046 2443 1
582 580 847 1
581 580 582 1
1372 1121 2285 1
294 139 2335 1
2515 1994 2726 1
965 964 966 1
1249 1697 2336 1
1456 1396 2347 1
234 5 1887 1
1081 1425 1426 1
523 521 626 1
2178 739 2420 1
646 671 2440 1
966 967 968 1
1121 1350 2285 1
2077 2078 2477 1
527 525 832 1
714 649 1441 1
899 956 957 1
1249 1696 1697 1
1406 1403 2317 1
677 676 894 1
982 984 2300 1
1601 2177 2460 1
1552 1079 1553 1
1112 1114 1466 1
577 576 2328 1
1176 1165 1177 1
1391 1205 2232 1
1506 1507 1796 1
419 421 422 1
972 1251 2318 1
1695 1492 2024 1
565 564 566 1
937 903 938 1
1414 1135 1420 1
1769 245 2893 1
463 498 2266 1
1045 1072 1411 1
999 1009 2263 1
428 429 430 1
1110 832 1615 1
944 980 2321 1
1232 1661 2304 1
1846 219 2524 1
819 818 2298 1
2265 935 2347 1
1232 1385 1660 1
2320 2293 2430 1
273 156 2261 1
435 441 2307 1
160 161 307 1
1487 1486 1488 1
1074 1094 1450 1
1053 392 2206 1
2290 1413 2367 1
469 2029 2260 1
582 847 1232 1
656 850 2459 1
2542 2299 2649 1
943 944 2321 1
504 503 505 1
1190 1188 1358 1
1663 1225 2326 1
1268 1269 1270 1
38 249 2320 1
1439 1358 1642 1
414 410 916 1
216 217 2292 1
1562 1220 1563 1
1416 1415 2362 1
1104 1103 1361 1
1564 1106 2307 1
958 956 959 1
655 643 1066 1
1126 937 1412 1
562 564 565 1
586 583 2304 1
856 837 1227 1
1144 1145 1147 1
557 556 558 1
558 556 559 1
546 545 547 1
1219 1220 1562 1
553 551 554 1
360 362 2271 1
962 961 963 1
1607 2147 2484 1
554 551 555 1
419 420 421 1
1219 827 1220 1
2455 1714 2893 1
535 533 620 1
498 466 2260 1
158 159 243 1
437 360 2271 1
427 438 2291 1
1266 1267 1268 1
2250 429 2291 1
471 467 2337 1
1203 1490 1491 1
1425 912 2438 1
937 938 2342 1
1991 237 1992 1
1529 1528 1603 1
834 437 2339 1
1599 1372 2285 1
364 365 366 1
773 827 1219 1
356 353 357 1
1009 1483 2263 1
1105 895 2303 1
351 349 753 1
2095 536 2384 1
1677 1678 1679 1
885 1166 2352 1
960 959 961 1
1162 1092 1163 1
895 896 2303 1
1765 1505 2941 1
765 2439 2451 1
1836 1835 2935 1
1595 1594 1627 1
434 435 2307 1
494 395 859 1
668 666 676 1
562 561 564 1
1381 1398 1647 1
475 630 2262 1
429 427 2291 1
998 996 2395 1
980 1179 2321 1
424 423 425 1
560 559 561 1
1836 1993 2831 1
1462 1412 1724 1
2308 263 2309 1
347 345 402 1
1166 2310 2352 1
580 577 2328 1
962 963 964 1
1264 1265 1266 1
139 140 2335 1
1444 1191 1445 1
748 749 898 1
1157 1158 1359 1
655 1068 2575 1
997 999 2263 1
846 660 2330 1
1106 434 2307 1
422 421 423 1
889 1154 2298 1
1177 1165 1211 1
1276 1557 1629 1
599 600 601 1
2192 2194 2381 1
818 889 2298 1
902 874 903 1
1527 1488 1528 1
681 869 870 1
606 2362 2376 1
560 561 562 1
500 496 501 1
217 233 2292 1
558 559 560 1
1049 914 2409 1
1163 1092 1164 1
545 543 606 1
362 363 364 1
2298 1569 2371 1
360 361 362 1
550 547 551 1
334 335 336 1
422 423 424 1
202 203 313 1
827 774 2301 1
443 481 2383 1
539 537 852 1
957 956 958 1
873 872 874 1
745 918 2331 1
1499 1383 1763 1
718 716 1407 1
837 834 2339 1
960 961 962 1
1971 265 1972 1
1262 1263 1264 1
554 555 556 1
1913 258 1914 1
726 731 2284 1
1385 847 2356 1
1586 1587 1677 1
984 1451 2300 1
968 973 2334 1
824 825 2147 1
1604 1603 1685 1
1863 2346 2460 1
2307 441 2383 1
1412 937 2342 1
1163 1164 1165 1
1402 1105 2303 1
897 699 2435 1
2459 1690 2508 1
366 367 368 1
615 611 1975 1
733 735 2324 1
1582 1583 1584 1
899 749 955 1
1516 1517 1582 1
2027 682 2400 1
1830 1822 1833 1
774 776 2301 1
395 328 2253 1
1219 1572 2361 1
1451 1744 2300 1
904 705 905 1
1260 1261 1262 1
871 870 872 1
1376 1375 1377 1
664 661 665 1
1179 982 2300 1
727 720 728 1
1529 1604 1715 1
1563 1220 2299 1
1273 1274 1511 1
1511 1512 1514 1
681 870 871 1
958 959 960 1
356 357 358 1
1184 1182 1653 1
1654 2176 2906 1
2148 1998 2434 1
1198 1475 1476 1
338 337 339 1
1514 1515 1516 1
900 823 2371 1
1697 1747 2187 1
1584 1585 1586 1
1330 1161 1995 1
1239 977 1248 1
1178 966 2334 1
1419 1178 2334 1
1204 1080 1966 1
1301 1394 1395 1
983 2123 2523 1
1564 2307 2383 1
2538 955 2540 1
1815 1443 2681 1
1374 1310 1375 1
1488 1764 2308 1
763 770 2361 1
902 903 937 1
1949 1947 2394 1
582 1232 2304 1
418 417 419 1
1079 471 2337 1
941 1215 2342 1
380 381 382 1
1431 1432 1433 1
1989 1990 2752 1
1336 1339 2289 1
1087 1086 1089 1
416 417 418 1
135 136 2511 1
938 941 2342 1
930 680 977 1
1125 1247 1273 1
407 404 415 1
1148 1279 2386 1
382 383 384 1
372 373 374 1
1309 1308 1310 1
1395 1482 1496 1
960 2210 2350 1
1417 943 2321 1
1004 1005 1006 1
2303 1229 2372 1
1186 1185 1187 1
873 874 902 1
819 2298 2371 1
731 929 2284 1
502 501 503 1
1090 1089 1091 1
724 726 2284 1
2144 2143 2588 1
370 371 372 1
438 1423 2291 1
820 767 2451 1
368 369 370 1
1528 1488 2308 1
1604 1685 1686 1
1131 1071 1132 1
399 397 436 1
1057 1053 2206 1
1354 2049 2829 1
1067 1066 1069 1
590 588 623 1
1337 1336 2289 1
1628 2629 2646 1
871 872 873 1
1156 898 2290 1
743 745 2331 1
739 741 2420 1
1433 1434 1435 1
1297 1706 1707 1
1070 1069 1071 1
1936 1503 2463 1
1005 1002 2395 1
1248 977 1447 1
1088 1334 2406 1
2282 154 2389 1
597 596 598 1
374 375 376 1
864 743 2331 1
1307 1306 1308 1
770 773 2361 1
899 957 2290 1
360 358 361 1
776 811 2301 1
847 580 2328 1
1375 1310 1378 1
413 414 416 1
1258 1259 1260 1
899 955 956 1
416 414 417 1
1509 1759 1760 1
44 45 2359 1
1168 2151 2520 1
1647 1741 1742 1
898 749 899 1
601 603 604 1
1678 1587 1729 1
735 888 2324 1
1813 1712 2652 1
1754 1881 2598 1
823 819 2371 1
1783 1240 1803 1
604 608 609 1
376 377 378 1
1614 1740 2385 1
1529 1603 1604 1
1727 1351 2120 1
1938 283 2102 1
1227 837 2339 1
78 79 2452 1
750 2405 2499 1
421 1766 2327 1
409 410 413 1
1043 1045 2344 1
482 476 2391 1
400 401 403 1
1135 958 2350 1
1090 1091 1092 1
1308 1306 1537 1
1435 1436 1485 1
1952 1953 2835 1
1237 1171 2620 1
1305 1271 1306 1
384 385 388 1
2606 1376 2649 1
1487 1527 1716 1
140 231 2335 1
668 676 677 1
1419 2334 2432 1
688 2023 2360 1
956 955 2343 1
716 553 2340 1
1527 1528 1529 1
2555 1496 2659 1
89 90 2416 1
403 404 406 1
748 728 749 1
783 781 2421 1
413 410 414 1
533 531 2348 1
966 968 2334 1
594 592 861 1
398 399 400 1
1084 1086 1087 1
406 407 409 1
1492 1187 2355 1
1420 1135 2350 1
1868 1852 2844 1
652 651 662 1
1087 1089 1090 1
1248 1447 1510 1
507 505 657 1
1485 1486 1487 1
553 554 2340 1
396 397 398 1
2419 632 2616 1
2073 2625 2642 1
1001 2275 2433 1
425 428 2333 1
1687 1480 1688 1
390 391 396 1
1143 1146 1495 1
1118 1120 2392 1
1256 1257 1258 1
1141 1143 2373 1
2217 2166 2527 1
1553 1079 2337 1
668 677 678 1
1457 1632 1789 1
1943 2305 2564 1
1339 1345 2289 1
1215 1625 2423 1
341 339 433 1
758 760 2351 1
929 733 2324 1
1452 1976 2533 1
1270 1269 1271 1
1487 1488 1527 1
1627 1628 1631 1
1585 1583 1588 1
664 665 666 1
1226 424 2333 1
426 423 2327 1
599 598 600 1
388 389 390 1
1329 1430 1431 1
154 155 2389 1
409 407 410 1
1254 1255 1256 1
625 491 2419 1
760 764 2351 1
959 956 2343 1
1677 1587 1678 1
1954 2894 2936 1
796 798 2323 1
1627 1594 1628 1
611 612 616 1
423 421 2327 1
2714 2326 2741 1
1463 1531 2390 1
909 1103 1104 1
1120 1457 2392 1
389 385 411 1
27 1849 2712 1
894 1276 2349 1
45 298 2359 1
250 44 2359 1
2876 1741 2927 1
773 1219 2361 1
1423 758 2351 1
1072 1074 2396 1
664 666 667 1
1445 1593 1594 1
1190 1358 1439 1
1856 1330 1857 1
598 596 627 1
424 425 2333 1
1606 1402 2372 1
380 378 381 1
383 381 1580 1
1469 1118 2392 1
1670 2378 2379 1
698 690 2360 1
1808 1972 2690 1
403 401 404 1
650 634 651 1
1445 1191 1593 1
2334 973 2432 1
1479 1478 1480 1
914 828 2409 1
1893 1896 2427 1
406 404 407 1
905 907 993 1
1147 1148 2386 1
987 1253 1254 1
2439 1572 2451 1
898 899 2290 1
1518 919 2927 1
1323 853 2277 1
1317 1043 2344 1
332 333 334 1
988 752 1202 1
503 501 1454 1
680 679 681 1
1268 1267 1269 1
521 519 2443 1
1547 1491 1548 1
1475 897 2435 1
441 443 2383 1
2179 1602 2640 1
678 930 2366 1
673 659 2438 1
1189 1190 1191 1
1810 1286 2368 1
1045 1411 2344 1
400 399 401 1
890 2482 2501 1
906 1961 2398 1
1275 1590 2539 1
1402 2303 2372 1
1586 1585 1587 1
1301 1049 1394 1
1286 1156 2367 1
2321 1179 2411 1
1795 2201 2867 1
363 361 857 1
2183 1463 2548 1
1408 1456 2430 1
703 705 904 1
1269 1267 1284 1
1266 1265 1267 1
2106 1531 2751 1
1512 1274 1513 1
616 617 621 1
678 679 680 1
1407 716 2340 1
2122 1409 2557 1
2176 1870 2906 1
142 143 2461 1
678 677 679 1
1279 1538 1645 1
621 622 628 1
958 960 2350 1
2100 684 2445 1
1383 1239 2353 1
690 688 2360 1
384 383 385 1
289 1794 2668 1
1091 1297 2345 1
1582 1517 1583 1
1417 2321 2411 1
437 2271 2339 1
1370 1007 1926 1
398 397 399 1
1459 860 1818 1
420 417 2364 1
1584 1583 1585 1
373 371 858 1
1104 1361 1643 1
2067 2529 2557 1
366 365 367 1
1411 1072 2396 1
369 367 405 1
973 2141 2432 1
869 679 2369 1
622 617 640 1
1452 1975 1976 1
377 375 412 1
1428 1427 1478 1
2206 392 2207 1
671 1459 2440 1
2212 1088 2406 1
620 533 2348 1
396 391 397 1
382 381 383 1
1394 1049 2409 1
1239 1248 2353 1
608 603 647 1
1516 1515 1517 1
330 331 332 1
677 894 2369 1
1264 1263 1265 1
364 363 365 1
667 666 668 1
1051 1472 2426 1
1175 1348 2648 1
1074 1450 2396 1
336 335 337 1
859 395 2253 1
830 796 2323 1
1247 1245 1654 1
328 329 330 1
1004 1002 1005 1
531 2130 2348 1
541 539 2363 1
2379 846 2457 1
127 128 304 1
1511 1274 1512 1
1639 1290 2648 1
1203 1202 1490 1
1038 1224 1238 1
1514 1512 1515 1
1125 1124 1245 1
1334 1337 2406 1
1602 2638 2640 1
1143 1142 1144 1
628 629 633 1
667 668 2366 1
1187 1188 1189 1
390 389 391 1
1273 1247 1274 1
1070 1133 2660 1
255 193 2358 1
2695 1568 2744 1
2293 1408 2430 1
328 330 2253 1
1104 1643 1644 1
374 373 375 1
496 494 2412 1
1141 647 1142 1
481 445 2481 1
1143 1495 2373 1
166 167 235 1
1262 1261 1263 1
447 448 2502 1
414 916 2364 1
848 412 1124 1
1426 1425 1427 1
362 361 363 1
1189 1188 1190 1
2682 2236 2735 1
388 385 389 1
1276 1629 2349 1
1174 1288 1289 1
1006 1122 1123 1
798 810 2323 1
660 661 663 1
2024 1492 2355 1
1433 1435 1549 1
1796 1507 2388 1
1279 1645 2386 1
509 507 2399 1
372 371 373 1
763 2361 2439 1
2269 1376 2606 1
2361 1572 2439 1
623 2403 2492 1
663 661 664 1
849 824 986 1
368 367 369 1
376 375 377 1
1259 1257 1520 1
765 762 2439 1
1569 1570 2473 1
1669 1667 1670 1
370 369 371 1
699 695 2435 1
1092 1091 2345 1
616 621 2354 1
915 1051 2426 1
2365 916 2573 1
662 1128 1136 1
1240 482 2391 1
1164 1092 2345 1
1991 1992 2679 1
1358 1188 2380 1
1263 1261 1571 1
807 808 2454 1
1496 1482 1576 1
1187 1185 1188 1
1472 1752 1757 1
642 646 2440 1
1779 1671 2711 1
1395 1394 1482 1
1729 1587 2506 1
663 664 2413 1
2566 817 2611 1
1260 1259 1261 1
148 2255 2500 1
873 2183 2489 1
315 317 2882 1
1183 1184 1185 1
239 1811 2762 1
328 326 329 1
1973 1787 2678 1
1802 1323 2277 1
1255 1253 1497 1
987 986 1252 1
601 600 603 1
143 268 2461 1
220 221 274 1
1132 1182 1183 1
847 2328 2356 1
2045 1481 2472 1
1476 1475 1874 1
604 603 608 1
1626 1417 2411 1
1644 1800 1801 1
1187 1189 2355 1
611 609 612 1
1956 2124 2456 1
1481 2090 2472 1
1816 110 2808 1
1490 1202 1556 1
543 541 2375 1
1139 1140 1291 1
539 852 2363 1
1653 1182 2458 1
1399 1827 1911 1
417 414 2364 1
1922 904 2729 1
2111 2448 2495 1
312 2571 2862 1
1125 1245 1247 1
660 663 2330 1
1495 1146 1694 1
1457 1789 2392 1
358 357 2357 1
2280 1093 2529 1
1116 1469 2469 1
1353 1419 2470 1
1644 1643 1800 1
2250 2291 2448 1
606 543 2375 1
650 652 653 1
545 606 2376 1
1412 2342 2423 1
1185 1184 2380 1
273 2261 2873 1
1297 1707 2345 1
130 131 2424 1
720 718 2370 1
1395 1496 2417 1
1156 2290 2367 1
900 2371 2473 1
653 654 660 1
1132 1071 1182 1
894 2349 2369 1
875 2179 2637 1
848 1124 1125 1
1491 1490 2428 1
1407 2341 2370 1
1068 1067 2660 1
1763 1383 2353 1
1258 1257 1259 1
1134 2475 2546 1
2403 1661 2492 1
741 864 2420 1
116 281 2418 1
1183 1182 1184 1
660 654 661 1
633 634 649 1
408 2208 2879 1
547 545 2376 1
501 496 2412 1
377 412 848 1
1580 381 2436 1
2584 1703 2748 1
2257 1658 2572 1
2207 715 2609 1
155 273 2389 1
1069 1066 1545 1
616 612 617 1
1198 897 1475 1
815 824 849 1
1100 2623 2628 1
621 617 622 1
1503 2263 2463 1
2291 1423 2448 1
1490 1556 1853 1
2057 654 2447 1
628 622 629 1
608 647 1141 1
728 720 2370 1
1134 709 2475 1
623 588 2403 1
1466 1114 2469 1
1143 1144 1146 1
1896 1977 2427 1
650 651 652 1
907 909 2393 1
679 677 2369 1
1839 1838 2695 1
2342 1215 2423 1
1236 1987 2824 1
681 871 2382 1
1141 1142 1143 1
1254 1253 1255 1
1256 1255 1257 1
586 2304 2403 1
762 763 2439 1
1572 1562 2482 1
1614 2385 2634 1
1525 1861 2619 1
668 678 2366 1
2210 1194 2429 1
191 192 2453 1
630 1084 2402 1
2637 2179 2640 1
588 586 2403 1
1650 1422 2441 1
1292 1313 1314 1
1452 615 1975 1
1211 2821 2859 1
208 209 2455 1
494 859 2412 1
1671 2522 2711 1
643 639 2450 1
1378 2237 2578 1
334 333 335 1
1908 2289 2599 1
977 680 2382 1
451 2279 2502 1
1724 1412 2423 1
778 780 2547 1
292 2320 2430 1
73 74 262 1
1447 977 2382 1
718 1407 2370 1
1184 1653 2410 1
1803 1240 2391 1
1688 1480 1699 1
664 667 2413 1
1359 1928 2639 1
535 620 2471 1
1523 1315 1717 1
2454 2238 2550 1
1802 845 2955 1
633 629 634 1
698 2360 2475 1
2262 630 2402 1
680 681 2382 1
2263 1483 2463 1
1801 1800 2829 1
2382 871 2489 1
723 721 2468 1
653 652 654 1
1252 1608 2377 1
1286 2367 2368 1
507 657 2399 1
1381 1201 1398 1
1601 2460 2545 1
256 89 2416 1
460 459 2570 1
849 986 987 1
285 2237 2679 1
987 1252 1253 1
361 358 2357 1
1078 1851 2583 1
541 2363 2375 1
1450 1094 2486 1
1081 912 1425 1
268 144 2588 1
2378 1441 2379 1
1112 1466 2486 1
922 2702 2881 1
1912 301 2904 1
671 860 1459 1
1511 1514 2672 1
1084 1087 2402 1
852 537 2471 1
2155 408 2826 1
1472 1757 2426 1
1844 1845 2688 1
1114 1116 2469 1
1314 1315 1522 1
131 297 2424 1
1478 1427 1743 1
626 521 2443 1
825 931 2147 1
1522 1523 1666 1
1238 1304 1689 1
1006 1005 1122 1
2109 2250 2448 1
302 211 2554 1
1292 1140 1312 1
596 594 2404 1
1447 2382 2489 1
2304 1661 2403 1
1311 1736 1738 1
767 765 2451 1
1669 1671 1779 1
1313 1312 1634 1
1188 1185 2380 1
1593 1191 2401 1
332 331 333 1
2854 669 2895 1
1191 1190 2401 1
1669 1670 1671 1
219 220 2524 1
2473 1570 2505 1
238 1888 2885 1
594 861 2404 1
331 329 1471 1
523 626 2504 1
2078 2081 2477 1
792 794 2521 1
1709 1385 2465 1
1454 501 2412 1
2512 2082 2737 1
2386 1645 2387 1
832 525 2504 1
1360 1359 1598 1
1548 1491 2428 1
2268 2157 2565 1
2261 157 2480 1
1483 1797 2463 1
590 623 2474 1
627 596 2404 1
649 634 650 1
79 259 2452 1
324 322 863 1
1853 1556 2528 1
1987 1984 2496 1
1666 1667 1668 1
2371 1569 2473 1
537 535 2471 1
1932 669 2854 1
1663 2326 2714 1
861 592 2474 1
1647 1398 1741 1
1139 1123 1140 1
1551 1353 2470 1
381 378 2436 1
707 934 2464 1
752 725 2431 1
330 329 331 1
1190 1439 2401 1
1624 1622 2617 1
1690 1689 1786 1
2616 632 2739 1
2821 1795 2859 1
326 324 2407 1
2035 387 2483 1
2476 436 2853 1
1238 1689 1690 1
1745 251 2682 1
1710 1574 2689 1
1141 2373 2442 1
849 2238 2454 1
212 240 2554 1
993 907 2393 1
378 377 2436 1
1441 649 2415 1
1341 1343 2530 1
2341 2538 2540 1
1501 1228 2567 1
909 1104 2393 1
1651 1652 2886 1
913 1817 2612 1
2286 2556 2605 1
2358 194 2490 1
857 361 2357 1
2317 900 2473 1
411 385 2422 1
1991 1537 2728 1
612 609 2442 1
245 208 2455 1
2031 985 2510 1
157 158 2480 1
609 608 2442 1
1057 2206 2456 1
592 590 2474 1
1477 1839 2544 1
1556 2468 2528 1
555 551 2518 1
399 436 2476 1
1714 2455 2788 1
2614 1624 2617 1
555 2518 2553 1
1490 1853 2428 1
2888 2543 2938 1
1442 1443 2661 1
401 399 2476 1
1094 1112 2486 1
2271 2129 2466 1
2380 1184 2410 1
2620 1171 2629 1
709 698 2475 1
1066 643 2450 1
2208 713 2932 1
2475 1561 2546 1
383 1580 2422 1
1470 2336 2514 1
1857 1330 1995 1
1543 1500 2493 1
1907 2296 2774 1
1513 1274 2425 1
1497 1253 2377 1
1291 1140 1292 1
71 72 314 1
445 447 2481 1
335 333 468 1
1828 1829 2667 1
1247 1654 2425 1
662 1136 2447 1
2451 1572 2482 1
2313 1401 2602 1
652 662 2447 1
1253 1252 2377 1
2073 2074 2625 1
1034 1192 2646 1
1666 1523 1667 1
850 1038 2459 1
808 815 2454 1
258 1912 2904 1
820 2451 2482 1
1668 1667 1669 1
2770 2155 2826 1
561 559 2581 1
2077 2477 2531 1
1104 1644 2393 1
1574 1204 1966 1
1464 2117 2553 1
1292 1312 1313 1
2510 985 2523 1
385 383 2422 1
1314 1712 2710 1
1314 1313 1315 1
2255 270 2624 1
2237 2075 2578 1
858 371 2444 1
412 375 2437 1
1157 1359 1360 1
1123 1122 2408 1
1522 1315 1523 1
1499 1816 2610 1
1479 1687 2497 1
2132 151 2653 1
373 858 2437 1
883 2352 2630 1
1274 1247 2425 1
194 195 2490 1
2022 701 2644 1
2044 2673 2733 1
1561 1442 2546 1
369 405 2444 1
738 751 2674 1
1125 1273 2532 1
188 189 2560 1
2317 2473 2505 1
1658 1656 2857 1
1781 296 2937 1
147 148 2500 1
1333 1085 2507 1
1710 2691 2763 1
650 653 2415 1
128 129 2487 1
1202 752 2431 1
2067 2065 2529 1
2286 292 2556 1
1661 1672 2492 1
1746 1543 2522 1
2026 1647 2897 1
377 848 2436 1
1090 1162 2561 1
2635 1518 2927 1
1288 1637 2494 1
1709 2884 2902 1
254 1834 2738 1
495 656 2508 1
2448 1423 2495 1
1571 1261 2449 1
260 130 2424 1
64 65 2563 1
1227 2339 2466 1
2339 2271 2466 1
2123 1168 2520 1
2065 2063 2529 1
2354 648 2794 1
375 373 2437 1
1855 2655 2666 1
1556 1202 2431 1
2181 2222 2614 1
1375 1378 2531 1
1259 1520 2449 1
284 112 2731 1
2686 1869 2783 1
1146 2676 2795 1
1933 1869 2686 1
448 451 2502 1
2044 1521 2673 1
136 269 2511 1
1273 1511 2580 1
164 165 312 1
1520 1257 2462 1
1919 1922 2953 1
2387 1665 2657 1
192 255 2453 1
1999 1494 2777 1
1785 277 2855 1
1289 1288 2494 1
371 369 2444 1
871 873 2489 1
391 389 2503 1
1071 1069 2458 1
1514 1516 2715 1
2151 2153 2701 1
608 1141 2442 1
1319 1772 2535 1
1687 2516 2871 1
955 749 2540 1
649 650 2415 1
2351 936 2495 1
2167 2164 2863 1
303 51 2568 1
1587 1585 2506 1
525 523 2504 1
1545 1066 2450 1
2081 2082 2512 1
1797 1798 2585 1
1602 881 2630 1
1255 1497 2462 1
68 69 275 1
1697 2187 2514 1
418 2315 2745 1
2009 2126 2952 1
1261 1259 2449 1
893 740 2674 1
1504 1714 2656 1
1712 1522 2652 1
547 2376 2518 1
95 289 2668 1
2051 629 2541 1
1099 1100 2628 1
654 652 2447 1
2826 408 2879 1
1562 1563 2501 1
934 1311 2464 1
1182 1071 2458 1
2352 1597 2630 1
1140 1123 2408 1
1938 2102 2752 1
867 875 2642 1
1704 1615 2509 1
1151 1226 2851 1
2376 1575 2518 1
2561 1162 2586 1
389 411 2503 1
357 2670 2890 1
1444 2306 2796 1
1880 1872 2887 1
2672 1514 2715 1
2171 2172 2863 1
815 849 2454 1
1069 1545 2458 1
1423 2351 2495 1
985 983 2523 1
1921 993 2807 1
1581 2763 2922 1
1987 2778 2824 1
179 296 2724 1
2128 242 2860 1
2085 2039 2746 1
1733 1968 2850 1
1312 1140 2408 1
77 78 2513 1
81 82 2802 1
1433 1549 2499 1
272 178 2724 1
1952 2835 2894 1
1973 265 2658 1
640 617 2537 1
98 251 2651 1
2252 290 2544 1
329 326 2407 1
1005 2395 2533 1
1612 2059 2793 1
1597 1244 2638 1
2144 2588 2781 1
2468 727 2528 1
2477 1377 2531 1
1630 2052 2866 1
57 58 2515 1
811 2269 2606 1
1622 1618 2623 1
2111 2495 2565 1
1455 1885 2549 1
1406 2317 2505 1
2030 2402 2561 1
1257 1255 2462 1
2041 2040 2836 1
2336 1697 2514 1
2222 231 2687 1
612 2442 2537 1
2478 468 2485 1
1617 1250 2650 1
1585 1588 2506 1
256 2094 2774 1
2198 1700 2937 1
632 1932 2739 1
159 160 2498 1
402 2245 2600 1
1798 2019 2585 1
2248 432 2607 1
779 777 2536 1
125 126 224 1
794 830 2521 1
2495 936 2565 1
1709 2465 2884 1
238 1889 2731 1
253 94 2668 1
2126 2127 2952 1
1580 2436 2532 1
728 2370 2540 1
1376 1377 2649 1
316 280 1206 1
2055 1692 2736 1
551 547 2518 1
2417 1496 2555 1
1574 1967 2689 1
76 278 2488 1
2435 711 2519 1
1775 224 2888 1
1038 1238 2459 1
2482 1562 2501 1
2402 1087 2561 1
2395 1452 2533 1
200 201 261 1
931 1157 2484 1
1827 1826 2708 1
47 48 2626 1
1427 1425 2552 1
2385 1740 2478 1
320 318 636 1
167 168 2526 1
559 556 2601 1
2052 1453 2919 1
109 110 2817 1
410 407 2573 1
2518 1575 2553 1
2305 600 2564 1
2438 658 2552 1
2301 811 2606 1
1238 1690 2459 1
2851 1226 2908 1
1162 2233 2586 1
251 99 2682 1
1311 1738 2464 1
129 260 2487 1
2063 2280 2529 1
341 433 2574 1
1600 1601 2545 1
1744 1745 2694 1
1431 1433 2499 1
100 2236 2682 1
2502 2279 2701 1
121 265 1971 1
1425 2438 2552 1
2405 1431 2499 1
584 585 2717 1
1559 1750 2595 1
2166 2165 2527 1
1122 1005 2533 1
2097 2099 2707 1
2204 2202 2683 1
1278 2876 2927 1
2477 2081 2542 1
1535 1815 2681 1
1886 236 2747 1
402 345 2590 1
715 2158 2697 1
282 1886 2692 1
324 863 2407 1
1377 1375 2531 1
2010 2011 2926 1
802 804 2582 1
347 402 2600 1
629 622 2541 1
1682 1275 2539 1
2237 1378 2621 1
1387 1596 2713 1
2436 848 2532 1
2556 2314 2605 1
753 349 2600 1
2196 2555 2659 1
146 232 2781 1
2442 2373 2537 1
2902 1082 2925 1
1471 329 2407 1
86 293 2761 1
2879 2208 2932 1
59 60 2534 1
1600 2545 2570 1
2470 2145 2913 1
1690 1786 2569 1
600 598 2564 1
974 744 2732 1
365 363 2562 1
2746 2039 2803 1
2401 1439 2517 1
1626 2411 2735 1
26 27 2712 1
2493 1500 2610 1
1193 2214 2713 1
2629 1171 2646 1
195 276 2490 1
168 305 2526 1
1832 2488 2667 1
742 893 2732 1
1061 1082 2902 1
2515 257 2516 1
58 257 2515 1
1343 1641 2530 1
2599 1914 2604 1
2219 269 2725 1
2609 715 2697 1
1714 1448 2893 1
1093 2122 2557 1
1378 1310 2621 1
2545 477 2570 1
1656 1657 2693 1
113 238 2731 1
2308 2309 2631 1
1590 2266 2704 1
152 228 2653 1
138 294 2725 1
468 1864 2705 1
923 926 2702 1
211 212 2554 1
1558 1790 2558 1
1113 1111 2801 1
1174 1289 2576 1
2295 2294 2641 1
1157 1360 2484 1
331 1471 2485 1
2509 1615 2801 1
257 59 2534 1
1136 1128 2576 1
1528 2308 2631 1
1489 1134 2546 1
858 2417 2555 1
1575 1464 2553 1
2745 2315 2780 1
2743 273 2873 1
2094 1589 2774 1
2628 1617 2650 1
1539 2456 2609 1
2430 1456 2556 1
2201 1795 2821 1
51 52 2568 1
158 243 2480 1
2147 931 2484 1
2617 1622 2623 1
1793 2031 2809 1
78 2452 2513 1
1308 1537 2621 1
1459 1933 2686 1
1487 1716 2633 1
254 54 2643 1
804 807 2582 1
1691 1560 2758 1
493 2508 2569 1
333 331 2485 1
2370 2341 2540 1
2213 186 2762 1
1586 1713 2853 1
1710 2608 2691 1
875 2637 2642 1
1439 1642 2551 1
110 111 2808 1
622 640 2541 1
269 137 2725 1
2425 2906 2912 1
2409 1877 2566 1
1628 1594 2629 1
848 1125 2532 1
2326 1153 2741 1
749 728 2540 1
2489 2183 2548 1
2343 955 2538 1
811 778 2547 1
1704 2509 2878 1
1111 1075 2878 1
1987 2496 2778 1
1201 1078 2583 1
2315 1151 2780 1
669 1960 2895 1
2508 1690 2569 1
1549 1435 2597 1
1524 1544 2685 1
80 81 2708 1
734 732 2559 1
631 1693 2942 1
210 302 2788 1
2191 272 2700 1
644 638 2783 1
1209 2182 2768 1
468 333 2485 1
2311 271 2572 1
1874 1475 2519 1
617 612 2537 1
2233 1524 2645 1
264 64 2563 1
1840 1504 2656 1
2239 2267 2721 1
810 800 2696 1
84 258 2904 1
1595 1720 2905 1
2517 1439 2551 1
142 2461 2816 1
1456 2314 2556 1
2027 2400 2949 1
1475 2435 2519 1
126 127 2543 1
2550 2086 2582 1
1681 1680 2764 1
701 703 2644 1
2196 2437 2555 1
1510 1447 2548 1
1394 2409 2566 1
161 162 2591 1
1941 289 2928 1
1424 1222 2722 1
278 77 2513 1
1447 2489 2548 1
351 753 2670 1
60 308 2534 1
562 565 2750 1
2513 1824 2924 1
1680 1611 2769 1
2767 1680 2769 1
925 924 2767 1
2346 477 2545 1
924 921 2757 1
2238 1461 2550 1
402 2590 2598 1
357 353 2670 1
2274 2343 2538 1
2570 459 2577 1
832 2504 2777 1
133 227 2756 1
936 2268 2565 1
292 2430 2556 1
393 2121 2842 1
2532 1273 2580 1
1674 1582 2825 1
2039 1630 2803 1
1743 1427 2552 1
645 655 2575 1
2030 2561 2586 1
252 2838 2950 1
1544 1180 2755 1
1497 2377 2666 1
1529 1715 2703 1
243 159 2498 1
1703 1702 2748 1
477 460 2570 1
189 300 2560 1
220 274 2524 1
55 306 2643 1
1228 1489 2567 1
568 569 2782 1
1718 1231 2841 1
1377 2477 2542 1
1277 1065 2884 1
2533 1976 2615 1
1531 1462 2751 1
1742 2490 2897 1
1910 640 2675 1
1517 1969 2832 1
1609 1501 2775 1
274 221 2188 1
301 1911 2802 1
572 570 2771 1
66 67 2608 1
416 418 2733 1
1087 1090 2561 1
343 341 2574 1
1922 2729 2953 1
2153 2502 2701 1
248 1855 2666 1
304 128 2487 1
2234 2584 2748 1
802 2582 2696 1
1755 1756 2589 1
363 857 2562 1
1325 1802 2934 1
598 627 2564 1
2461 1683 2816 1
1606 2257 2572 1
1838 1037 2695 1
2565 2157 2596 1
1940 240 2880 1
289 96 2928 1
1536 2010 2926 1
1181 1392 2945 1
1724 2423 2579 1
1713 1677 2939 1
2641 2294 2706 1
187 239 2762 1
296 2198 2937 1
2685 1544 2704 1
258 85 2761 1
924 2757 2764 1
1635 2408 2615 1
1699 1480 2632 1
2625 1167 2642 1
1856 307 2727 1
2456 2206 2609 1
308 61 2603 1
46 47 2900 1
1146 1144 2676 1
747 755 2773 1
1291 1292 2710 1
2748 1702 2757 1
613 560 2759 1
2123 2520 2722 1
1474 1600 2577 1
1701 1781 2937 1
2075 2076 2578 1
2058 1659 2907 1
755 2281 2773 1
1993 1964 2831 1
2059 863 2730 1
1160 1505 2891 1
2386 2387 2657 1
1571 1937 2798 1
2244 226 2917 1
2623 1617 2628 1
2553 2117 2601 1
1537 1306 2728 1
904 905 2729 1
1482 1394 2566 1
1716 1527 2703 1
2586 2233 2645 1
2614 2222 2687 1
619 561 2581 1
240 213 2880 1
1745 2682 2735 1
2411 1179 2694 1
2524 274 2525 1
407 415 2573 1
306 56 2726 1
856 1227 2749 1
252 49 2838 1
1756 1754 2598 1
2281 755 2923 1
160 307 2498 1
2201 253 2867 1
1206 2664 2665 1
1914 258 2761 1
1128 1174 2576 1
607 2302 2814 1
755 892 2923 1
165 166 2571 1
2423 1625 2579 1
1478 1743 2632 1
2300 1744 2694 1
231 141 2816 1
2158 393 2772 1
297 132 2756 1
1911 1827 2802 1
433 339 2719 1
345 343 2590 1
926 1208 2926 1
1631 2868 2877 1
1580 2532 2580 1
2465 1277 2884 1
1996 1325 2910 1
144 145 2588 1
1625 1626 2870 1
1817 1390 2613 1
1570 1282 2852 1
2029 2030 2586 1
574 637 2840 1
2193 2191 2584 1
2071 2067 2663 1
2341 2295 2641 1
564 619 2784 1
1715 1604 2754 1
349 347 2600 1
2083 267 2714 1
1616 2301 2606 1
1713 2476 2853 1
2110 2111 2596 1
1616 2606 2649 1
1474 2577 2594 1
2253 1421 2709 1
1992 285 2679 1
436 397 2791 1
65 310 2563 1
2689 1967 2815 1
61 62 2603 1
993 1921 2953 1
2934 1802 2955 1
1165 1164 2820 1
1401 1708 2602 1
2221 2218 2865 1
1623 1683 2947 1
2425 1654 2906 1
343 2574 2590 1
2866 2052 2919 1
624 644 2944 1
74 75 2592 1
2645 1524 2685 1
53 254 2738 1
2110 2596 2625 1
1293 1177 2819 1
2289 1345 2599 1
301 83 2904 1
807 2550 2582 1
2509 1111 2878 1
1111 2509 2801 1
1728 1599 2849 1
1361 1566 2869 1
2504 1999 2777 1
2437 858 2555 1
1500 1499 2610 1
267 2712 2714 1
1237 2517 2933 1
235 167 2526 1
1284 1267 2779 1
2520 1424 2722 1
2176 1654 2874 1
1644 1801 2807 1
1414 1420 2843 1
2310 1474 2594 1
1860 1859 2930 1
2670 1862 2890 1
1568 1939 2744 1
1603 1528 2631 1
63 264 2684 1
1192 2622 2646 1
415 404 2911 1
2249 2248 2607 1
1654 1245 2874 1
2676 1664 2795 1
1978 1785 2855 1
318 316 2665 1
1703 2584 2700 1
2227 2230 2799 1
205 206 2855 1
1854 1581 2734 1
1631 2070 2868 1
1583 1517 2832 1
214 2252 2880 1
1269 1284 2753 1
2440 1459 2686 1
1672 1660 2925 1
1829 1832 2667 1
1435 1485 2597 1
567 566 2818 1
268 2254 2947 1
1446 1139 2690 1
1693 2551 2942 1
2400 2828 2949 1
1683 1624 2687 1
50 303 2838 1
162 163 266 1
556 555 2601 1
222 223 2587 1
1546 1547 2618 1
1653 2616 2739 1
1548 1809 2743 1
1627 1631 2877 1
2760 1646 2862 1
1646 1931 2862 1
2574 433 2589 1
54 55 2643 1
1634 2007 2954 1
1939 1940 2744 1
1398 1201 2583 1
2258 2286 2605 1
1814 1856 2727 1
127 304 2543 1
1672 2925 2936 1
1855 282 2655 1
2117 2116 2723 1
2607 432 2673 1
2490 276 2897 1
281 1813 2652 1
2673 432 2733 1
2422 1580 2580 1
2180 2181 2614 1
2539 1544 2755 1
2007 1717 2954 1
75 2488 2592 1
1920 1921 2861 1
1655 2497 2901 1
2314 1579 2605 1
303 2025 2838 1
2466 2129 2918 1
287 2195 2870 1
1824 1828 2924 1
2593 1837 2847 1
2356 2328 2864 1
1482 2566 2611 1
555 2553 2601 1
2025 2024 2796 1
1164 2345 2720 1
1682 2539 2755 1
2074 2110 2625 1
270 2133 2624 1
1100 2180 2617 1
1636 2356 2864 1
2401 2517 2620 1
2580 1511 2672 1
1856 1857 2848 1
1679 1678 2613 1
2180 2614 2617 1
2182 2567 2768 1
1834 254 2935 1
2697 2158 2772 1
1618 1617 2623 1
1438 2316 2678 1
248 2666 2671 1
1505 1099 2628 1
1683 2461 2947 1
151 152 2653 1
2206 2207 2609 1
2294 613 2706 1
2024 2355 2796 1
206 1978 2855 1
335 468 2705 1
2551 1642 2942 1
307 161 2591 1
2557 1409 2663 1
1717 1315 2954 1
1310 1308 2621 1
881 883 2630 1
2695 1037 2776 1
1153 2501 2737 1
1290 1175 2648 1
1678 1729 2612 1
1171 1034 2646 1
391 2503 2791 1
1847 248 2671 1
2522 1543 2711 1
2309 299 2631 1
2385 1471 2634 1
2582 2086 2696 1
1263 1571 2798 1
48 252 2626 1
2675 1495 2827 1
2258 2605 2662 1
2605 1579 2662 1
1576 1482 2611 1
2029 2586 2645 1
1887 279 2920 1
1930 1814 2727 1
245 2455 2893 1
2749 1733 2850 1
1167 867 2642 1
1555 2073 2637 1
1244 1272 2638 1
2516 257 2871 1
1763 2353 2860 1
2480 243 2618 1
2102 1989 2752 1
863 322 2730 1
1272 1555 2640 1
247 2106 2751 1
277 1785 2846 1
197 198 309 1
2692 1886 2747 1
1631 1628 2622 1
1653 2458 2616 1
2638 1272 2640 1
2574 1756 2590 1
2733 418 2745 1
1555 2637 2640 1
201 202 2647 1
1848 2718 2797 1
644 2549 2944 1
1226 2313 2908 1
97 98 2651 1
1539 2609 2697 1
1787 1438 2678 1
2373 1495 2675 1
1122 2533 2615 1
1781 1703 2700 1
1678 2612 2613 1
2455 209 2788 1
1668 1669 2885 1
166 235 2571 1
1593 2620 2629 1
2597 1485 2633 1
276 196 2627 1
1250 1633 2650 1
1206 280 1730 1
1067 1070 2660 1
313 2397 2647 1
1469 2392 2828 1
1485 1487 2633 1
1594 1593 2629 1
2725 294 2865 1
2407 863 2634 1
1454 2412 2680 1
1720 2626 2905 1
641 2686 2783 1
2780 1151 2851 1
1519 1404 2787 1
2260 2029 2645 1
2299 1616 2649 1
2400 1469 2828 1
1480 1478 2632 1
1593 2401 2620 1
2111 2565 2596 1
1776 2888 2938 1
94 95 2668 1
2224 2226 2830 1
1545 2419 2616 1
1600 2570 2577 1
401 2476 2911 1
1579 1577 2662 1
2796 2306 2950 1
2408 1122 2615 1
2070 2359 2868 1
1862 1860 2890 1
353 351 2670 1
2538 2341 2641 1
2910 1325 2934 1
1665 2387 2740 1
2067 2557 2663 1
70 71 2669 1
291 2204 2683 1
1598 1359 2639 1
703 904 2644 1
2794 648 2845 1
1100 2617 2623 1
1816 1763 2817 1
620 2348 2778 1
1531 2105 2931 1
2590 1756 2598 1
1246 2196 2659 1
2188 222 2587 1
1304 1844 2688 1
1521 1559 2673 1
2517 1237 2620 1
2568 52 2738 1
2747 236 2766 1
2121 685 2740 1
1471 2407 2634 1
1496 1576 2659 1
310 66 2608 1
640 2537 2675 1
1522 1666 2652 1
641 2440 2686 1
246 2258 2662 1
740 738 2674 1
2525 1774 2790 1
2474 623 2835 1
2803 1630 2866 1
2781 232 2913 1
2534 2497 2871 1
1741 1398 2635 1
810 2696 2746 1
124 125 2636 1
614 2097 2707 1
123 124 311 1
320 636 2730 1
2772 393 2842 1
62 63 2684 1
2503 1674 2791 1
99 100 2682 1
1686 2194 2789 1
202 313 2647 1
1348 1910 2827 1
163 164 2654 1
1147 2386 2657 1
2588 145 2781 1
1398 2583 2635 1
57 2515 2726 1
2496 620 2778 1
2612 1817 2613 1
2662 1577 2699 1
1635 2615 2794 1
2008 1535 2681 1
1756 2574 2589 1
1890 1646 2760 1
2637 2073 2642 1
2567 1489 2768 1
1505 2628 2650 1
2002 2004 2940 1
1664 1639 2795 1
1930 266 2898 1
1313 1634 2954 1
644 2783 2844 1
2274 2641 2706 1
2458 1545 2616 1
1144 1147 2676 1
1673 1510 2677 1
614 2707 2717 1
2476 1713 2911 1
1563 2512 2737 1
2787 1406 2823 1
1510 2390 2677 1
1304 2688 2800 1
246 2662 2699 1
2462 1497 2655 1
265 122 2658 1
2501 1563 2737 1
2083 2714 2741 1
224 126 2543 1
1889 1779 2711 1
2260 2645 2685 1
291 2683 2921 1
1910 2675 2827 1
2595 2249 2607 1
1147 2657 2676 1
2390 1531 2931 1
2497 308 2901 1
2615 1976 2794 1
2546 1442 2661 1
1603 2631 2785 1
1953 2474 2835 1
411 2672 2715 1
2549 1885 2944 1
498 2260 2685 1
1573 1710 2763 1
1657 1700 2693 1
2429 1530 2805 1
2838 2025 2950 1
262 74 2592 1
800 802 2696 1
2273 2274 2706 1
2537 2373 2675 1
411 2422 2672 1
1577 1519 2699 1
261 2467 2875 1
498 2685 2704 1
267 26 2712 1
922 923 2702 1
2240 2787 2823 1
2412 859 2680 1
112 113 2731 1
2214 1387 2713 1
1538 1539 2697 1
2267 246 2699 1
2203 2201 2821 1
2581 2117 2723 1
56 57 2726 1
2230 2229 2716 1
67 68 2691 1
1659 1890 2806 1
2195 2579 2870 1
1354 1800 2903 1
1179 2300 2694 1
312 165 2571 1
316 1206 2665 1
1559 2595 2607 1
585 614 2717 1
1624 2614 2687 1
2011 1392 2881 1
993 2393 2807 1
2680 859 2709 1
1420 2429 2805 1
1792 1793 2859 1
1706 2094 2921 1
2274 2538 2641 1
2279 1424 2701 1
2422 2580 2672 1
1133 1965 2833 1
2240 2239 2721 1
2603 62 2684 1
52 53 2738 1
137 138 2725 1
1292 1314 2710 1
1527 1529 2703 1
2862 1931 2898 1
2716 613 2759 1
2266 498 2704 1
1109 1346 2899 1
1865 1996 2792 1
178 179 2724 1
1692 1691 2736 1
69 70 2698 1
2631 299 2785 1
1559 2607 2673 1
636 318 2665 1
2194 2193 2915 1
2116 2055 2723 1
223 1 225 1
1520 2692 2747 1
1835 1834 2935 1
1606 2572 2837 1
2461 268 2947 1
1222 1532 2722 1
259 80 2708 1
859 2253 2709 1
337 335 2705 1
744 742 2732 1
1278 2041 2876 1
2572 271 2837 1
339 337 2719 1
2086 2085 2746 1
73 262 2804 1
2543 304 2938 1
1795 1792 2859 1
810 2746 2803 1
322 320 2730 1
2164 2171 2863 1
432 416 2733 1
1489 2546 2661 1
1875 1649 2810 1
97 2651 2928 1
1513 2425 2912 1
1908 2599 2604 1
2739 1932 2854 1
821 1880 2912 1
2094 2416 2921 1
132 133 2756 1
2453 255 2836 1
2593 314 2804 1
85 86 2761 1
1520 2462 2692 1
1306 1271 2728 1
2082 2083 2741 1
619 2736 2784 1
1978 206 2943 1
1879 2603 2684 1
2822 1350 2850 1
1557 2044 2745 1
1404 1406 2787 1
2488 278 2667 1
1879 1655 2901 1
2296 256 2774 1
186 187 2762 1
1685 1603 2785 1
2691 275 2763 1
619 2581 2723 1
2345 1707 2720 1
905 993 2729 1
1785 1591 2846 1
206 207 2943 1
337 2705 2719 1
565 568 2750 1
1648 2854 2895 1
2618 243 2848 1
71 314 2669 1
253 2668 2867 1
1823 1824 2811 1
1828 2667 2924 1
2622 1628 2646 1
1566 2776 2869 1
299 2244 2785 1
2778 1705 2824 1
1576 1882 2856 1
2524 2525 2790 1
1965 1994 2834 1
920 2234 2748 1
2814 1719 2839 1
2209 1875 2810 1
1560 1728 2758 1
1845 1846 2790 1
1613 1612 2793 1
920 2748 2757 1
1607 2484 2718 1
300 2209 2810 1
2771 1728 2849 1
1037 2114 2776 1
921 920 2757 1
1350 856 2749 1
164 312 2654 1
162 266 2591 1
1702 1681 2764 1
1876 2453 2836 1
1538 2697 2772 1
1462 1724 2751 1
2226 2227 2799 1
2920 1598 2929 1
2503 411 2715 1
1815 1209 2768 1
262 2593 2804 1
2890 1860 2930 1
2410 1653 2739 1
1180 1293 2755 1
928 925 2767 1
2728 1271 2753 1
1734 2822 2850 1
1604 1686 2754 1
2302 1719 2814 1
928 2767 2769 1
82 301 2802 1
2182 928 2775 1
1589 1907 2774 1
72 73 2804 1
209 210 2788 1
566 2758 2818 1
145 146 2781 1
637 572 2771 1
864 2004 2948 1
638 641 2783 1
1640 1665 2770 1
560 562 2759 1
2231 2224 2830 1
2213 1605 2837 1
2230 2750 2799 1
1968 1734 2850 1
125 224 2636 1
1271 1269 2753 1
1611 1609 2769 1
975 2199 2915 1
2905 252 2950 1
1557 2745 2780 1
2462 2655 2692 1
569 607 2782 1
2610 1816 2808 1
1976 2354 2794 1
1846 2524 2790 1
2757 1702 2764 1
918 747 2773 1
2241 2240 2823 1
566 564 2784 1
1632 2916 2946 1
261 201 2647 1
2004 864 2940 1
198 199 2765 1
1656 2693 2857 1
919 1278 2927 1
1494 1113 2801 1
2760 235 2806 1
1615 832 2777 1
122 123 2658 1
207 245 2943 1
1967 2115 2815 1
1698 1733 2909 1
2348 1705 2778 1
314 72 2804 1
1734 1735 2822 1
1629 1557 2780 1
2449 1520 2747 1
242 109 2817 1
2355 1444 2796 1
1737 1978 2786 1
1964 1294 2831 1
271 2213 2837 1
1645 1538 2772 1
68 275 2691 1
1925 1920 2861 1
1776 1775 2888 1
307 2591 2727 1
2416 291 2921 1
1267 1265 2779 1
2115 264 2815 1
275 69 2698 1
2484 1360 2718 1
1824 2452 2811 1
1887 2920 2929 1
1735 2050 2872 1
2331 2002 2940 1
1872 1873 2887 1
1640 2770 2826 1
49 50 2838 1
2655 282 2692 1
1931 1930 2898 1
2040 1876 2836 1
2584 2191 2700 1
141 142 2816 1
111 284 2808 1
2049 618 2829 1
1633 1109 2899 1
2906 821 2912 1
570 567 2818 1
2868 298 2877 1
223 225 2587 1
1789 2946 2949 1
397 391 2791 1
1709 2902 2925 1
394 2027 2949 1
1296 1854 2847 1
1869 1868 2844 1
2721 1519 2787 1
2044 2733 2745 1
1632 1739 2916 1
2278 2241 2858 1
2608 67 2691 1
2441 2851 2908 1
2497 1687 2871 1
1571 2449 2766 1
1719 1718 2839 1
1870 821 2906 1
1582 1584 2825 1
1921 1919 2953 1
1421 2197 2916 1
2916 2197 2946 1
1705 1704 2824 1
1448 1769 2893 1
2825 1584 2853 1
1638 1640 2826 1
200 261 2875 1
2718 1360 2797 1
83 84 2904 1
2779 1265 2798 1
1689 1304 2800 1
2219 2725 2865 1
1265 1263 2798 1
1694 1146 2795 1
1599 2285 2813 1
1211 1165 2820 1
1231 1765 2841 1
2696 2086 2746 1
2285 1350 2822 1
2323 810 2803 1
2754 1686 2789 1
2353 1673 2860 1
1075 1236 2878 1
1177 1211 2819 1
2946 394 2949 1
1647 1742 2897 1
1588 1583 2832 1
199 200 2875 1
1605 1606 2837 1
1638 2826 2879 1
1666 1668 2892 1
1890 2760 2806 1
1584 1586 2853 1
2226 2782 2830 1
1794 1795 2867 1
225 1 2742 1
1360 1598 2797 1
1065 1063 2884 1
576 574 2840 1
2884 1063 2902 1
1902 2420 2948 1
2813 2285 2822 1
264 2563 2815 1
230 2312 2857 1
213 214 2880 1
1634 1635 2845 1
1652 1414 2843 1
298 46 2900 1
1063 1061 2902 1
281 2652 2892 1
2571 235 2760 1
1960 631 2942 1
2218 2219 2865 1
266 163 2654 1
1282 1662 2852 1
1392 2139 2881 1
576 2840 2864 1
1645 2772 2842 1
2127 1076 2952 1
1735 2813 2822 1
1495 1694 2827 1
2145 2144 2913 1
1642 1648 2895 1
1530 2624 2805 1
2467 1676 2883 1
2114 1354 2903 1
2328 576 2864 1
490 624 2944 1
1245 1246 2874 1
1637 1638 2879 1
2393 1644 2807 1
1388 1160 2891 1
2452 259 2811 1
96 97 2928 1
1388 2891 2896 1
1720 1627 2877 1
234 1887 2929 1
2667 278 2924 1
1778 1388 2896 1
2306 2905 2950 1
2449 2747 2766 1
2441 1629 2851 1
2392 1789 2828 1
1753 2934 2955 1
2852 1662 2914 1
2387 1645 2842 1
1643 1361 2869 1
1688 1699 2833 1
2129 386 2918 1
1741 2635 2927 1
1076 1181 2945 1
2105 286 2931 1
1753 1755 2934 1
1547 1548 2873 1
274 2188 2889 1
1700 1701 2937 1
2652 1666 2892 1
892 922 2923 1
2359 298 2868 1
1677 1679 2939 1
1208 1536 2926 1
70 2669 2698 1
2031 2510 2809 1
830 2323 2866 1
1693 1783 2933 1
1669 1779 2885 1
277 205 2855 1
2306 1595 2905 1
1662 1849 2914 1
1752 1753 2955 1
1643 2869 2903 1
2740 685 2770 1
2323 2803 2866 1
1789 1632 2946 1
226 2381 2917 1
2197 394 2946 1
830 2866 2919 1
1076 2945 2952 1
623 2492 2835 1
2869 2114 2903 1
1406 2505 2823 1
2603 1879 2901 1
2925 1082 2936 1
2418 281 2892 1
1660 1709 2925 1
404 401 2911 1
1648 2410 2854 1
1800 1643 2903 1
1689 2800 2951 1
2254 1623 2947 1
2357 357 2890 1
1668 2418 2892 1
2420 864 2948 1
1742 1741 2876 1
1246 2856 2874 1
864 2331 2940 1
2626 252 2905 1
2669 314 2734 1
2544 1839 2812 1
2252 2544 2812 1
1637 2879 2932 1
2516 1688 2834 1
2535 225 2882 1
311 124 2636 1
2835 2492 2894 1
2368 1651 2886 1
1629 2780 2851 1
2491 277 2846 1
2589 433 2792 1
2505 1570 2858 1
2894 1672 2936 1
284 2610 2808 1
235 2526 2806 1
2783 1869 2844 1
1786 1689 2951 1
2668 1794 2867 1
1755 2910 2934 1
2410 2739 2854 1
1650 2441 2908 1
243 2498 2848 1
1839 2744 2812 1
1227 2466 2909 1
2823 2505 2858 1
2492 1672 2894 1
2650 1633 2941 1
1346 2839 2899 1
1315 1313 2954 1
2144 2781 2913 1
257 2534 2871 1
2241 2823 2858 1
2624 2133 2805 1
2494 1637 2932 1
857 2357 2930 1
1211 2820 2821 1
2525 274 2889 1
2230 2716 2759 1
2357 2890 2930 1
2744 1940 2812 1
2188 1772 2889 1
1793 2819 2859 1
2521 830 2919 1
2526 305 2907 1
1665 2740 2770 1
2702 2011 2881 1
309 198 2765 1
1635 2794 2845 1
2025 2796 2950 1
308 2603 2901 1
2579 1625 2870 1
278 2513 2924 1
2659 1576 2856 1
2240 2721 2787 1
2736 1691 2784 1
1688 2833 2834 1
123 311 2658 1
2693 230 2857 1
1659 2806 2907 1
286 2677 2931 1
2769 1609 2775 1
928 2769 2775 1
2199 2789 2915 1
1246 2659 2856 1
266 2654 2898 1
2677 2390 2931 1
1598 2639 2929 1
2833 1965 2834 1
2765 199 2875 1
2750 568 2799 1
1548 2743 2873 1
1350 2749 2850 1
2729 993 2953 1
224 2543 2888 1
1755 2589 2910 1
1633 2841 2941 1
2467 2765 2875 1
2758 1728 2818 1
245 2786 2943 1
2806 2526 2907 1
1505 2650 2941 1
2782 607 2830 1
2792 1996 2910 1
637 2771 2849 1
2820 2203 2821 1
2763 275 2922 1
2589 2792 2910 1
1599 2813 2849 1
637 2849 2872 1
2776 2114 2869 1
2765 2467 2883 1
2849 2813 2872 1
2819 1211 2859 1
2813 1735 2872 1
225 2742 2882 1
275 2698 2922 1
2841 1765 2941 1
2789 2194 2915 1
2797 1598 2920 1
2786 1978 2943 1
2839 1718 2899 1
2742 315 2882 1
1720 2877 2900 1
2877 298 2900 1
309 2765 2883 1
2828 1789 2949 1

End
