MeshVersionFormatted 2
Dimension 3

Vertices
3258
-2.8116758660540536e-01 -1.5145811855561342e-01 0.0000000000000000e+00 1
-2.8387824612853035e-01 -1.5471127412909247e-01 0.0000000000000000e+00 1
-2.8721112543256644e-01 -1.5812686712828605e-01 0.0000000000000000e+00 1
-2.9111127063009268e-01 -1.6169272823434638e-01 0.0000000000000000e+00 1
-2.9552372783368858e-01 -1.6539668812842595e-01 0.0000000000000000e+00 1
-3.0039354315593308e-01 -1.6922657749167702e-01 0.0000000000000000e+00 1
-3.0566576270940543e-01 -1.7317022700525181e-01 0.0000000000000000e+00 1
-3.1128543260668495e-01 -1.7721546735030275e-01 0.0000000000000000e+00 1
-3.1719759896035077e-01 -1.8135012920798216e-01 0.0000000000000000e+00 1
-3.2334730788298199e-01 -1.8556204325944231e-01 0.0000000000000000e+00 1
-3.2967960548715808e-01 -1.8983904018583558e-01 0.0000000000000000e+00 1
-3.3613953788545797e-01 -1.9416895066831424e-01 0.0000000000000000e+00 1
-3.4267215119046096e-01 -1.9853960538803062e-01 0.0000000000000000e+00 1
-3.4922249151474632e-01 -2.0293883502613708e-01 0.0000000000000000e+00 1
-3.5573560497089318e-01 -2.0735447026378589e-01 0.0000000000000000e+00 1
-3.6215653767148082e-01 -2.1177434178212945e-01 0.0000000000000000e+00 1
-3.6843033572908829e-01 -2.1618628026232006e-01 0.0000000000000000e+00 1
-3.7450204525629499e-01 -2.2057811638550995e-01 0.0000000000000000e+00 1
-3.8031671236567999e-01 -2.2493768083285148e-01 0.0000000000000000e+00 1
-3.8581938316982256e-01 -2.2925280428549705e-01 0.0000000000000000e+00 1
-3.9095510378130188e-01 -2.3351131742459896e-01 0.0000000000000000e+00 1
-3.9566892031269713e-01 -2.3770105093130944e-01 0.0000000000000000e+00 1
-3.9990587887658752e-01 -2.4180983548678092e-01 0.0000000000000000e+00 1
-4.0361102558555234e-01 -2.4582550177216567e-01 0.0000000000000000e+00 1
-4.0672940655217066e-01 -2.4973588046861606e-01 0.0000000000000000e+00 1
-4.0920606788902175e-01 -2.5352880225728430e-01 0.0000000000000000e+00 1
-4.1098605570868491e-01 -2.5719209781932284e-01 0.0000000000000000e+00 1
-4.1201441612373912e-01 -2.6071359783588394e-01 0.0000000000000000e+00 1
-4.1223619524676375e-01 -2.6408113298811986e-01 0.0000000000000000e+00 1
-4.1159643919033800e-01 -2.6728253395718310e-01 0.0000000000000000e+00 1
-4.1004019406704101e-01 -2.7030563142422581e-01 0.0000000000000000e+00 1
-4.0751250598945205e-01 -2.7313825607040043e-01 0.0000000000000000e+00 1
-4.0228654776095574e-01 -2.7776661851904816e-01 0.0000000000000000e+00 1
-3.9663950802334119e-01 -2.8260756165796536e-01 0.0000000000000000e+00 1
-3.9058851880550655e-01 -2.8764475860584354e-01 0.0000000000000000e+00 1
-3.8415071213635060e-01 -2.9286188248137429e-01 0.0000000000000000e+00 1
-3.7734322004477183e-01 -2.9824260640324918e-01 0.0000000000000000e+00 1
-3.7018317455966865e-01 -3.0377060349015972e-01 0.0000000000000000e+00 1
-3.6268770770993991e-01 -3.0942954686079771e-01 0.0000000000000000e+00 1
-3.5487395152448387e-01 -3.1520310963385456e-01 0.0000000000000000e+00 1
-3.4675903803219899e-01 -3.2107496492802179e-01 0.0000000000000000e+00 1
-3.3836009926198424e-01 -3.2702878586199147e-01 0.0000000000000000e+00 1
-3.2969426724273776e-01 -3.3304824555445456e-01 0.0000000000000000e+00 1
-3.2077867400335819e-01 -3.3911701712410286e-01 0.0000000000000000e+00 1
-3.1163045157274427e-01 -3.4521877368962822e-01 0.0000000000000000e+00 1
-3.0226673197979431e-01 -3.5133718836972200e-01 0.0000000000000000e+00 1
-2.9270464725340672e-01 -3.5745593428307570e-01 0.0000000000000000e+00 1
-2.8296132942248048e-01 -3.6355868454838119e-01 0.0000000000000000e+00 1
-2.7305391051591388e-01 -3.6962911228432976e-01 0.0000000000000000e+00 1
-2.6299952256260534e-01 -3.7565089060961310e-01 0.0000000000000000e+00 1
-2.5281529759145355e-01 -3.8160769264292294e-01 0.0000000000000000e+00 1
-2.4251836763135706e-01 -3.8748319150295080e-01 0.0000000000000000e+00 1
-2.3212586471121435e-01 -3.9326106030838803e-01 0.0000000000000000e+00 1
-2.2165492085992394e-01 -3.9892497217792644e-01 0.0000000000000000e+00 1
-2.1112266810638450e-01 -4.0445860023025776e-01 0.0000000000000000e+00 1
-2.0054623847949440e-01 -4.0984561758407317e-01 0.0000000000000000e+00 1
-1.8994276400815227e-01 -4.1506969735806459e-01 0.0000000000000000e+00 1
-1.7932937672125671e-01 -4.2011451267092359e-01 0.0000000000000000e+00 1
-1.6872320864770615e-01 -4.2496373664134168e-01 0.0000000000000000e+00 1
-1.5814139181639914e-01 -4.2960104238801045e-01 0.0000000000000000e+00 1
-1.4760105825623432e-01 -4.3401010302962140e-01 0.0000000000000000e+00 1
-1.3711933999611012e-01 -4.3817459168486628e-01 0.0000000000000000e+00 1
-1.2671336906492514e-01 -4.4207818147243655e-01 0.0000000000000000e+00 1
-1.1640027749157786e-01 -4.4570454551102390e-01 0.0000000000000000e+00 1
-1.0619719730496688e-01 -4.4903735691931979e-01 0.0000000000000000e+00 1
-9.6121260533990768e-02 -4.5206028881601590e-01 0.0000000000000000e+00 1
-8.6189599207547929e-02 -4.5475701431980387e-01 0.0000000000000000e+00 1
-7.6419345354537080e-02 -4.5711120654937515e-01 0.0000000000000000e+00 1
-6.6827631003856594e-02 -4.5910653862342143e-01 0.0000000000000000e+00 1
-5.7431588184405094e-02 -4.6072668366063430e-01 0.0000000000000000e+00 1
-4.8248348925081175e-02 -4.6195531477970531e-01 0.0000000000000000e+00 1
-3.9295045254783237e-02 -4.6277610509932604e-01 0.0000000000000000e+00 1
-3.0588809202409920e-02 -4.6317272773818807e-01 0.0000000000000000e+00 1
-2.2146772796859778e-02 -4.6312885581498309e-01 0.0000000000000000e+00 1
-1.3986068067031256e-02 -4.6262816244840244e-01 0.0000000000000000e+00 1
-6.1238270418229636e-03 -4.6165432075713797e-01 0.0000000000000000e+00 1
1.4228182498665330e-03 -4.6019100385988126e-01 0.0000000000000000e+00 1
8.6367357791387774e-03 -4.5822188487532378e-01 0.0000000000000000e+00 1
1.5500793517095140e-02 -4.5573063692215704e-01 0.0000000000000000e+00 1
2.1997859434837171e-02 -4.5270093311907283e-01 0.0000000000000000e+00 1
2.8110801503466291e-02 -4.4911644658476257e-01 0.0000000000000000e+00 1
3.3822487694083914e-02 -4.4496085043791800e-01 0.0000000000000000e+00 1
3.9115785977791584e-02 -4.4021781779723057e-01 0.0000000000000000e+00 1
4.6220281368160310e-02 -4.3293641194938787e-01 0.0000000000000000e+00 1
5.3238493401152512e-02 -4.2529184416535287e-01 0.0000000000000000e+00 1
6.0170604396764221e-02 -4.1729334903253773e-01 0.0000000000000000e+00 1
6.7016796674991358e-02 -4.0895016113835458e-01 0.0000000000000000e+00 1
7.3777252555829995e-02 -4.0027151507021569e-01 0.0000000000000000e+00 1
8.0452154359276162e-02 -3.9126664541553346e-01 0.0000000000000000e+00 1
8.7041684405325781e-02 -3.8194478676171995e-01 0.0000000000000000e+00 1
9.3546025013974896e-02 -3.7231517369618733e-01 0.0000000000000000e+00 1
9.9965358505219509e-02 -3.6238704080634787e-01 0.0000000000000000e+00 1
1.0629986719905563e-01 -3.5216962267961394e-01 0.0000000000000000e+00 1
1.1254973341547925e-01 -3.4167215390339772e-01 0.0000000000000000e+00 1
1.1871513947448634e-01 -3.3090386906511121e-01 0.0000000000000000e+00 1
1.2479626769607294e-01 -3.1987400275216682e-01 0.0000000000000000e+00 1
1.3079330040023510e-01 -3.0859178955197697e-01 0.0000000000000000e+00 1
1.3670641990696880e-01 -2.9706646405195358e-01 0.0000000000000000e+00 1
1.4253580853626993e-01 -2.8530726083950891e-01 0.0000000000000000e+00 1
1.4828164860813461e-01 -2.7332341450205527e-01 0.0000000000000000e+00 1
1.5394412244255881e-01 -2.6112415962700497e-01 0.0000000000000000e+00 1
1.5952341235953860e-01 -2.4871873080177004e-01 0.0000000000000000e+00 1
1.6501970067906979e-01 -2.3611636261376279e-01 0.0000000000000000e+00 1
1.7043316972114858e-01 -2.2332628965039542e-01 0.0000000000000000e+00 1
1.7576400180577093e-01 -2.1035774649908034e-01 0.0000000000000000e+00 1
1.8101237925293281e-01 -1.9721996774722961e-01 0.0000000000000000e+00 1
1.8617848438263018e-01 -1.8392218798225540e-01 0.0000000000000000e+00 1
1.9126249951485910e-01 -1.7047364179156999e-01 0.0000000000000000e+00 1
1.9626460696961562e-01 -1.5688356376258572e-01 0.0000000000000000e+00 1
2.0118498906689569e-01 -1.4316118848271481e-01 0.0000000000000000e+00 1
2.0602382812669526e-01 -1.2931575053936922e-01 0.0000000000000000e+00 1
2.1078130646901033e-01 -1.1535648451996140e-01 0.0000000000000000e+00 1
2.1545760641383707e-01 -1.0129262501190368e-01 0.0000000000000000e+00 1
2.2005291028117141e-01 -8.7133406602608113e-02 0.0000000000000000e+00 1
2.2456740039100925e-01 -7.2888063879486861e-02 0.0000000000000000e+00 1
2.2900125906334656e-01 -5.8565831429952211e-02 0.0000000000000000e+00 1
2.3335466861817955e-01 -4.4175943841416557e-02 0.0000000000000000e+00 1
2.3762781137550415e-01 -2.9727635701292048e-02 0.0000000000000000e+00 1
2.4182086965531618e-01 -1.5230141596990696e-02 0.0000000000000000e+00 1
2.4593402577761192e-01 -6.9269611592490815e-04 0.0000000000000000e+00 1
2.4996746206238718e-01 1.3875466154492977e-02 0.0000000000000000e+00 1
2.5392136082963801e-01 2.8465110626850879e-02 0.0000000000000000e+00 1
2.5779590439936045e-01 4.3067002713736646e-02 0.0000000000000000e+00 1
2.6159127509155050e-01 5.7671907827737984e-02 0.0000000000000000e+00 1
2.6530765522620414e-01 7.2270591381442539e-02 0.0000000000000000e+00 1
2.6894522712331737e-01 8.6853818787438142e-02 0.0000000000000000e+00 1
2.7250417310288616e-01 1.0141235545831277e-01 0.0000000000000000e+00 1
2.7598467548490663e-01 1.1593696680665400e-01 0.0000000000000000e+00 1
2.7938691658937459e-01 1.3041841824504952e-01 0.0000000000000000e+00 1
2.8271107873628626e-01 1.4484747518608726e-01 0.0000000000000000e+00 1
2.8595734424563751e-01 1.5921490304235503e-01 0.0000000000000000e+00 1
2.8912589543742434e-01 1.7351146722644056e-01 0.0000000000000000e+00 1
2.9221691463164284e-01 1.8772793315093150e-01 0.0000000000000000e+00 1
2.9523058414828895e-01 2.0185506622841570e-01 0.0000000000000000e+00 1
2.9816708630735872e-01 2.1588363187148107e-01 0.0000000000000000e+00 1
3.0102660342884802e-01 2.2980439549271525e-01 0.0000000000000000e+00 1
3.0380931783275306e-01 2.4360812250470593e-01 0.0000000000000000e+00 1
3.0651541183906955e-01 2.5728557832004101e-01 0.0000000000000000e+00 1
3.0914506776779388e-01 2.7082752835130830e-01 0.0000000000000000e+00 1
3.1169846793892170e-01 2.8422473801109549e-01 0.0000000000000000e+00 1
3.1417579467244922e-01 2.9746797271199027e-01 0.0000000000000000e+00 1
3.1657723028837231e-01 3.1054799786658055e-01 0.0000000000000000e+00 1
3.1890295710668720e-01 3.2345557888745424e-01 0.0000000000000000e+00 1
3.2115315744738965e-01 3.3618148118719882e-01 0.0000000000000000e+00 1
3.2332801363047575e-01 3.4871647017840207e-01 0.0000000000000000e+00 1
3.2542770797594150e-01 3.6105131127365198e-01 0.0000000000000000e+00 1
3.2745242280378301e-01 3.7317676988553627e-01 0.0000000000000000e+00 1
3.2940234043399608e-01 3.8508361142664266e-01 0.0000000000000000e+00 1
3.3127764318657682e-01 3.9676260130955887e-01 0.0000000000000000e+00 1
3.3307851338152117e-01 4.0820450494687271e-01 0.0000000000000000e+00 1
3.3480513333882528e-01 4.1940008775117199e-01 0.0000000000000000e+00 1
3.3645768537848503e-01 4.3034011513504455e-01 0.0000000000000000e+00 1
3.3803635182049646e-01 4.4101535251107804e-01 0.0000000000000000e+00 1
3.3954131498485557e-01 4.5141656529186019e-01 0.0000000000000000e+00 1
3.4097275719155834e-01 4.6153451888997893e-01 0.0000000000000000e+00 1
3.4233086076060087e-01 4.7135997871802204e-01 0.0000000000000000e+00 1
3.4242000471517886e-01 4.7544190952248266e-01 0.0000000000000000e+00 1
3.4157745438951337e-01 4.7928462049703885e-01 0.0000000000000000e+00 1
3.3985978583422988e-01 4.8288886675689568e-01 0.0000000000000000e+00 1
3.3732357509995442e-01 4.8625540341725859e-01 0.0000000000000000e+00 1
3.3402539823731264e-01 4.8938498559333243e-01 0.0000000000000000e+00 1
3.3002183129692997e-01 4.9227836840032224e-01 0.0000000000000000e+00 1
3.2536945032943254e-01 4.9493630695343344e-01 0.0000000000000000e+00 1
3.2012483138544590e-01 4.9735955636787110e-01 0.0000000000000000e+00 1
3.1434455051559584e-01 4.9954887175884022e-01 0.0000000000000000e+00 1
3.0808518377050809e-01 5.0150500824154598e-01 0.0000000000000000e+00 1
3.0140330720080805e-01 5.0322872093119342e-01 0.0000000000000000e+00 1
2.9435549685712192e-01 5.0472076494298779e-01 0.0000000000000000e+00 1
2.8699832879007520e-01 5.0598189539213423e-01 0.0000000000000000e+00 1
2.7938837905029368e-01 5.0701286739383777e-01 0.0000000000000000e+00 1
2.7158222368840307e-01 5.0781443606330368e-01 0.0000000000000000e+00 1
2.6363643875502907e-01 5.0838735651573697e-01 0.0000000000000000e+00 1
2.5560760030079743e-01 5.0873238386634279e-01 0.0000000000000000e+00 1
2.4755228437633381e-01 5.0885027323032617e-01 0.0000000000000000e+00 1
2.3952706703226406e-01 5.0874177972289247e-01 0.0000000000000000e+00 1
2.3158852431921384e-01 5.0840765845924663e-01 0.0000000000000000e+00 1
2.2379323228780884e-01 5.0784866455459388e-01 0.0000000000000000e+00 1
2.1619776698867485e-01 5.0706555312413926e-01 0.0000000000000000e+00 1
2.0885870447243760e-01 5.0605907928308802e-01 0.0000000000000000e+00 1
2.0183262078972281e-01 5.0482999814664509e-01 0.0000000000000000e+00 1
1.9517609199115615e-01 5.0337906483001582e-01 0.0000000000000000e+00 1
1.8894569412736342e-01 5.0170703444840525e-01 0.0000000000000000e+00 1
1.8319800324897029e-01 4.9981466211701842e-01 0.0000000000000000e+00 1
1.7798959540660253e-01 4.9770270295106050e-01 0.0000000000000000e+00 1
1.7337704665088585e-01 4.9537191206573672e-01 0.0000000000000000e+00 1
1.6941693303244598e-01 4.9282304457625209e-01 0.0000000000000000e+00 1
1.6616583060190865e-01 4.9005685559781187e-01 0.0000000000000000e+00 1
1.6014756139592642e-01 4.8393710085956226e-01 0.0000000000000000e+00 1
1.5402947247105706e-01 4.7750542944271374e-01 0.0000000000000000e+00 1
1.4781514742973498e-01 4.7077126988997103e-01 0.0000000000000000e+00 1
1.4150816987439463e-01 4.6374405074403874e-01 0.0000000000000000e+00 1
1.3511212340747050e-01 4.5643320054762143e-01 0.0000000000000000e+00 1
1.2863059163139701e-01 4.4884814784342397e-01 0.0000000000000000e+00 1
1.2206715814860869e-01 4.4099832117415116e-01 0.0000000000000000e+00 1
1.1542540656153988e-01 4.3289314908250737e-01 0.0000000000000000e+00 1
1.0870892047262506e-01 4.2454206011119733e-01 0.0000000000000000e+00 1
1.0192128348429871e-01 4.1595448280292585e-01 0.0000000000000000e+00 1
9.5066079198995235e-02 4.0713984570039724e-01 0.0000000000000000e+00 1
8.8146891219149162e-02 3.9810757734631663e-01 0.0000000000000000e+00 1
8.1167303147194891e-02 3.8886710628338850e-01 0.0000000000000000e+00 1
7.4130898585566873e-02 3.7942786105431758e-01 0.0000000000000000e+00 1
6.7041261136699573e-02 3.6979927020180836e-01 0.0000000000000000e+00 1
5.9901974403027428e-02 3.5999076226856563e-01 0.0000000000000000e+00 1
5.2716621986984888e-02 3.5001176579729415e-01 0.0000000000000000e+00 1
4.5488787491006391e-02 3.3987170933069838e-01 0.0000000000000000e+00 1
3.8222054517526430e-02 3.2958002141148318e-01 0.0000000000000000e+00 1
3.0920006668979396e-02 3.1914613058235314e-01 0.0000000000000000e+00 1
2.3586227547799769e-02 3.0857946538601277e-01 0.0000000000000000e+00 1
1.6224300756421974e-02 2.9788945436516689e-01 0.0000000000000000e+00 1
8.8378098972805401e-03 2.8708552606252030e-01 0.0000000000000000e+00 1
1.4303385728098410e-03 2.7617710902077758e-01 0.0000000000000000e+00 1
-5.9945296145556236e-03 2.6517363178264330e-01 0.0000000000000000e+00 1
-1.3433211062381453e-02 2.5408452289082228e-01 0.0000000000000000e+00 1
-2.0882122168233194e-02 2.4291921088801893e-01 0.0000000000000000e+00 1
-2.8337679329676346e-02 2.3168712431693822e-01 0.0000000000000000e+00 1
-3.5796298944276481e-02 2.2039769172028467e-01 0.0000000000000000e+00 1
-4.3254397409599174e-02 2.0906034164076298e-01 0.0000000000000000e+00 1
-5.0708391123209948e-02 1.9768450262107784e-01 0.0000000000000000e+00 1
-5.8154696482674344e-02 1.8627960320393383e-01 0.0000000000000000e+00 1
-6.5589729885557946e-02 1.7485507193203575e-01 0.0000000000000000e+00 1
-7.3009907729426282e-02 1.6342033734808820e-01 0.0000000000000000e+00 1
-8.0411646411844909e-02 1.5198482799479579e-01 0.0000000000000000e+00 1
-8.7791362330379374e-02 1.4055797241486329e-01 0.0000000000000000e+00 1
-9.5145471882595256e-02 1.2914919915099521e-01 0.0000000000000000e+00 1
-1.0247039146605806e-01 1.1776793674589643e-01 0.0000000000000000e+00 1
-1.0976253747833334e-01 1.0642361374227154e-01 0.0000000000000000e+00 1
-1.1701832631698665e-01 9.5125658682825201e-02 0.0000000000000000e+00 1
-1.2423417437958358e-01 8.3883500110262035e-02 0.0000000000000000e+00 1
-1.3140649806368959e-01 7.2706566567286829e-02 0.0000000000000000e+00 1
-1.3853171376687035e-01 6.1604286596604128e-02 0.0000000000000000e+00 1
-1.4560623788669136e-01 5.0586088740918578e-02 0.0000000000000000e+00 1
-1.5262648682071811e-01 3.9661401542935008e-02 0.0000000000000000e+00 1
-1.5958887696651619e-01 2.8839653545357981e-02 0.0000000000000000e+00 1
-1.6648982472165116e-01 1.8130273290892222e-02 0.0000000000000000e+00 1
-1.7332574648368859e-01 7.5426893222423214e-03 0.0000000000000000e+00 1
-1.8009305865019398e-01 -2.9136698178869810e-03 0.0000000000000000e+00 1
-1.8678817761873290e-01 -1.3229375586791062e-02 0.0000000000000000e+00 1
-1.9340751978687093e-01 -2.3394999441765221e-02 0.0000000000000000e+00 1
-1.9994750155217358e-01 -3.3401112840104802e-02 0.0000000000000000e+00 1
-2.0640453931220648e-01 -4.3238287239105194e-02 0.0000000000000000e+00 1
-2.1277504946453502e-01 -5.2897094096061609e-02 0.0000000000000000e+00 1
-2.1905544840672489e-01 -6.2368104868269450e-02 0.0000000000000000e+00 1
-2.2524215253634158e-01 -7.1641891013024026e-02 0.0000000000000000e+00 1
-2.3133157825095066e-01 -8.0709023987620657e-02 0.0000000000000000e+00 1
-2.3732014194811765e-01 -8.9560075249354720e-02 0.0000000000000000e+00 1
-2.4320426002540818e-01 -9.8185616255521510e-02 0.0000000000000000e+00 1
-2.4898034888038770e-01 -1.0657621846341640e-01 0.0000000000000000e+00 1
-2.5464482491062185e-01 -1.1472245333033466e-01 0.0000000000000000e+00 1
-2.6019410451367608e-01 -1.2261489231357163e-01 0.0000000000000000e+00 1
-2.6562460408711602e-01 -1.3024410687042265e-01 0.0000000000000000e+00 1
-2.7093274002850715e-01 -1.3760066845818308e-01 0.0000000000000000e+00 1
-2.7611492873541510e-01 -1.4467514853414820e-01 0.0000000000000000e+00 1
-2.7970560099787206e-01 -1.5543219635038938e-01 0.0000000000000000e+00 1
-2.5640558639090727e-01 -1.3105890260524899e-01 0.0000000000000000e+00 1
-1.5946409743916440e-01 -4.1816506833548300e-01 0.0000000000000000e+00 1
1.1266185857684800e-01 -3.2042308326515101e-01 0.0000000000000000e+00 1
-2.2115500516229725e-01 -8.1006772199781585e-02 0.0000000000000000e+00 1
1.4566464347725411e-01 -2.4958488798562040e-01 0.0000000000000000e+00 1
-1.8090455267902611e-01 -2.3990120404277081e-02 0.0000000000000000e+00 1
-2.3261389941502833e-01 -3.8143256980972884e-01 0.0000000000000000e+00 1
-1.4677446682917444e-01 2.8276389837942860e-02 0.0000000000000000e+00 1
-2.9505368483687555e-01 -1.7179454162156241e-01 0.0000000000000000e+00 1
-8.7520949366252265e-02 -4.4571889955663457e-01 0.0000000000000000e+00 1
1.7676327487761545e-01 -1.7300988232693021e-01 0.0000000000000000e+00 1
7.4624109040631312e-02 -3.8111182894042051e-01 0.0000000000000000e+00 1
-1.1123655836266795e-01 8.3582130031046989e-02 0.0000000000000000e+00 1
2.0187081665659007e-01 -1.0252394496082889e-01 0.0000000000000000e+00 1
2.1343428180813928e-01 5.0025594039038457e-01 0.0000000000000000e+00 1
-7.4233913467709481e-02 1.3812899609724430e-01 0.0000000000000000e+00 1
-3.1607049205257526e-01 -1.8795992937969519e-01 0.0000000000000000e+00 1
2.2299232680820899e-01 -3.3255188075955039e-02 0.0000000000000000e+00 1
-3.6895287428454250e-02 1.9744463551569541e-01 0.0000000000000000e+00 1
-2.8207119196194935e-01 -3.5215424968640863e-01 0.0000000000000000e+00 1
2.4201514321998552e-01 3.9309357510146310e-02 0.0000000000000000e+00 1
-1.1275247007782561e-03 2.5419398030114709e-01 0.0000000000000000e+00 1
-2.7073075519379156e-02 -4.5637888924987308e-01 0.0000000000000000e+00 1
1.5144933924720691e-01 4.6068252756688843e-01 0.0000000000000000e+00 1
3.6237366757343445e-02 3.0705873918884269e-01 0.0000000000000000e+00 1
2.6104940565289841e-01 1.1314144722899877e-01 0.0000000000000000e+00 1
7.0999463410049007e-02 3.5871125454556874e-01 0.0000000000000000e+00 1
2.5149753726398916e-01 5.0237790608933275e-01 0.0000000000000000e+00 1
2.7871408144699727e-01 1.8249763412482503e-01 0.0000000000000000e+00 1
1.0652362147791686e-01 4.0553485397962347e-01 0.0000000000000000e+00 1
2.9387094576951522e-01 2.5215271793358923e-01 0.0000000000000000e+00 1
3.0480005109840091e-01 3.0598718378897599e-01 0.0000000000000000e+00 1
3.1376217655071781e-01 3.5672010219563977e-01 0.0000000000000000e+00 1
-3.1991831419210204e-01 -3.2843706081747859e-01 0.0000000000000000e+00 1
1.7841331858022291e-01 4.9265326953111926e-01 0.0000000000000000e+00 1
4.3766186189987025e-02 -4.2395361405155585e-01 0.0000000000000000e+00 1
3.2237809561416436e-01 4.0402599722323618e-01 0.0000000000000000e+00 1
-3.4306696808199039e-01 -2.0516819384644969e-01 0.0000000000000000e+00 1
2.8253281613499198e-01 4.9993081594255151e-01 0.0000000000000000e+00 1
-3.5341387585864814e-01 -3.0536010417170345e-01 0.0000000000000000e+00 1
-3.6801177165672516e-01 -2.2354396629779294e-01 0.0000000000000000e+00 1
9.8933105699144652e-03 -4.5130855738691900e-01 0.0000000000000000e+00 1
-2.3982961417522267e-01 -1.0664417190525240e-01 0.0000000000000000e+00 1
3.2842514277090307e-01 4.3728103942160423e-01 0.0000000000000000e+00 1
-1.9972270091363445e-01 -5.4698786856229989e-02 0.0000000000000000e+00 1
1.3249998094797857e-01 4.4118376506937845e-01 0.0000000000000000e+00 1
1.6192072442729466e-01 -2.1224726127337379e-01 0.0000000000000000e+00 1
1.2950373254196096e-01 -2.8617137384023755e-01 0.0000000000000000e+00 1
-2.0142382379118831e-01 -3.9806603539062935e-01 0.0000000000000000e+00 1
3.2961754584877739e-01 4.8750240513052112e-01 0.0000000000000000e+00 1
3.0984561122751836e-01 4.9633057853974744e-01 0.0000000000000000e+00 1
-3.7619207266149846e-01 -2.8978956242284010e-01 0.0000000000000000e+00 1
9.4774571779783351e-02 -3.5221699081004221e-01 0.0000000000000000e+00 1
-1.2814174832811587e-01 -4.3143591889495758e-01 0.0000000000000000e+00 1
-3.8471030087342073e-01 -2.3529493819556718e-01 0.0000000000000000e+00 1
-5.9471832506399272e-02 -4.5152869258339956e-01 0.0000000000000000e+00 1
-3.9842791247760889e-01 -2.4689066761136683e-01 0.0000000000000000e+00 1
1.9343432386621418e-01 4.9743112300855935e-01 0.0000000000000000e+00 1
-4.0877711053445848e-01 -2.5973393348656904e-01 0.0000000000000000e+00 1
2.6978827162980952e-02 -4.4262485123499029e-01 0.0000000000000000e+00 1
-3.9706918620754583e-01 -2.7589993519804268e-01 0.0000000000000000e+00 1
-2.8600417052882643e-01 -1.6305139218189774e-01 0.0000000000000000e+00 1
1.6726783968651177e-01 4.8315310795096217e-01 0.0000000000000000e+00 1
-3.0501131034776230e-01 -1.7967373277654125e-01 0.0000000000000000e+00 1
3.3523236454096439e-01 4.6892562400502336e-01 0.0000000000000000e+00 1
-2.6793426201084797e-01 -1.4464260216606564e-01 0.0000000000000000e+00 1
-1.6769772535595773e-01 -3.6289096082913024e-03 0.0000000000000000e+00 1
3.1831897974294338e-01 3.8031741751585246e-01 0.0000000000000000e+00 1
3.0915734972070374e-01 3.3175180182349689e-01 0.0000000000000000e+00 1
-1.3145823714411664e-01 4.8764748004442887e-02 0.0000000000000000e+00 1
2.9920987180597081e-01 2.8040933756466435e-01 0.0000000000000000e+00 1
-3.3755300540085142e-01 -3.1679772588724314e-01 0.0000000000000000e+00 1
-9.6114309052652322e-02 1.0656353807045686e-01 0.0000000000000000e+00 1
-3.2887143143210884e-01 -1.9773486653331707e-01 0.0000000000000000e+00 1
2.8759625102949055e-01 2.2530910140883811e-01 0.0000000000000000e+00 1
-3.0167756706609183e-01 -3.4026249528493735e-01 0.0000000000000000e+00 1
2.3041010615964863e-02 2.8635459053051976e-01 0.0000000000000000e+00 1
-5.9744224157502447e-02 1.6208862039927585e-01 0.0000000000000000e+00 1
5.7873247948321230e-02 3.3832379709796090e-01 0.0000000000000000e+00 1
-1.4659390705299953e-02 2.2892235017338658e-01 0.0000000000000000e+00 1
2.7235715018583662e-01 1.5634506625820832e-01 0.0000000000000000e+00 1
1.1948021152312112e-01 4.2280303486843623e-01 0.0000000000000000e+00 1
9.2589687874462284e-02 3.8749563262691389e-01 0.0000000000000000e+00 1
2.5451498649882326e-01 8.2707947232851672e-02 0.0000000000000000e+00 1
-2.6231595359285176e-01 -3.6414278801349759e-01 0.0000000000000000e+00 1
2.3533784546524550e-01 1.0083474229938567e-02 0.0000000000000000e+00 1
2.1104998197625041e-01 -7.6120167042894676e-02 0.0000000000000000e+00 1
1.8633167664762249e-01 -1.4759944832294522e-01 0.0000000000000000e+00 1
-3.5526744187855208e-01 -2.1490691025772735e-01 0.0000000000000000e+00 1
-1.8001821408178956e-01 -4.0904297458263139e-01 0.0000000000000000e+00 1
-1.0787917061015342e-01 -4.3902777823497974e-01 0.0000000000000000e+00 1
5.6507509477096436e-02 -4.0812979446330849e-01 0.0000000000000000e+00 1
2.6745578592198072e-01 5.0040003308603342e-01 0.0000000000000000e+00 1
2.2813914736388619e-01 5.0191872358931633e-01 0.0000000000000000e+00 1
2.9661446252098306e-01 4.9799968209570977e-01 0.0000000000000000e+00 1
-4.0617463445762558e-01 -2.6927910937249422e-01 0.0000000000000000e+00 1
-4.2497859287769973e-02 -4.5416397650691975e-01 0.0000000000000000e+00 1
-1.0472949992781503e-02 -4.5412029522461450e-01 0.0000000000000000e+00 1
3.2072469548083221e-01 4.9177076962684174e-01 0.0000000000000000e+00 1
-4.0486477293629364e-01 -2.5426335398447236e-01 0.0000000000000000e+00 1
3.3768162403717350e-01 4.7880290925356839e-01 0.0000000000000000e+00 1
-4.0913392446796493e-01 -2.6482172147357197e-01 0.0000000000000000e+00 1
3.3815965707389506e-01 4.7406960351199834e-01 0.0000000000000000e+00 1
3.3272497084539687e-01 4.7545474741164540e-01 0.0000000000000000e+00 1
3.2717492269396675e-01 4.7003582568145419e-01 0.0000000000000000e+00 1
3.2985901560326841e-01 4.6245063148756194e-01 0.0000000000000000e+00 1
3.2086071591550358e-01 4.6433515905488598e-01 0.0000000000000000e+00 1
3.1896151788115090e-01 4.7276536851184769e-01 0.0000000000000000e+00 1
3.1250125674232210e-01 4.6708333435776866e-01 0.0000000000000000e+00 1
3.1386855101230171e-01 4.5838204183396247e-01 0.0000000000000000e+00 1
3.0543475170250445e-01 4.6125389678656903e-01 0.0000000000000000e+00 1
3.0683781315125752e-01 4.5228142560907159e-01 0.0000000000000000e+00 1
2.9813268482246458e-01 4.5533269930004372e-01 0.0000000000000000e+00 1
2.9978145768453701e-01 4.4599945167313204e-01 0.0000000000000000e+00 1
2.9078067707832805e-01 4.4923425383573967e-01 0.0000000000000000e+00 1
2.9243729619239078e-01 4.3968837242552938e-01 0.0000000000000000e+00 1
2.8360130922844512e-01 4.4257864856119600e-01 0.0000000000000000e+00 1
2.8501661740726425e-01 4.3322211281529271e-01 0.0000000000000000e+00 1
2.7459346102874060e-01 4.3692011514877416e-01 0.0000000000000000e+00 1
2.7718501321317507e-01 4.2681826315216376e-01 0.0000000000000000e+00 1
2.6741832826122403e-01 4.2978696454145698e-01 0.0000000000000000e+00 1
2.6924095832092659e-01 4.2040039226378867e-01 0.0000000000000000e+00 1
2.5993414097968198e-01 4.2370327480589354e-01 0.0000000000000000e+00 1
2.6171784364613510e-01 4.1348309276961837e-01 0.0000000000000000e+00 1
2.5187882326016037e-01 4.1703165687561783e-01 0.0000000000000000e+00 1
2.5340012018307029e-01 4.0693835931568811e-01 0.0000000000000000e+00 1
2.4371897184829538e-01 4.1015856188194305e-01 0.0000000000000000e+00 1
2.4513451784917220e-01 4.0009709384155784e-01 0.0000000000000000e+00 1
2.3528993620453648e-01 4.0339144090272527e-01 0.0000000000000000e+00 1
2.3671591545140347e-01 3.9306820706715451e-01 0.0000000000000000e+00 1
2.2679351287134578e-01 3.9641754850842348e-01 0.0000000000000000e+00 1
2.2873284223185480e-01 3.8548327363453638e-01 0.0000000000000000e+00 1
2.1828336559982633e-01 3.8926221684277201e-01 0.0000000000000000e+00 1
2.2027400066774819e-01 3.7758900442979920e-01 0.0000000000000000e+00 1
2.3294540063237579e-01 4.1316738529953689e-01 0.0000000000000000e+00 1
2.0957542023455369e-01 3.8196387341984744e-01 0.0000000000000000e+00 1
2.1143472497407162e-01 3.7007746378756995e-01 0.0000000000000000e+00 1
2.0073446590314750e-01 3.7462022832591280e-01 0.0000000000000000e+00 1
2.0262076138463109e-01 3.6316509623612903e-01 0.0000000000000000e+00 1
1.9190019522859331e-01 3.6727890312509881e-01 0.0000000000000000e+00 1
1.9387386228903564e-01 3.5575471004254389e-01 0.0000000000000000e+00 1
2.0488393613131439e-01 3.5054938680281583e-01 0.0000000000000000e+00 1
1.9530501338921416e-01 3.4375829669156688e-01 0.0000000000000000e+00 1
1.8478699701916615e-01 3.4820034224092000e-01 0.0000000000000000e+00 1
1.8667745930197921e-01 3.3630202599691361e-01 0.0000000000000000e+00 1
1.9813234067944352e-01 3.3224715642791380e-01 0.0000000000000000e+00 1
1.8948772591601842e-01 3.2457860028690255e-01 0.0000000000000000e+00 1
1.7726126050705721e-01 3.2888078796865861e-01 0.0000000000000000e+00 1
1.7927531523848916e-01 3.1654281951707303e-01 0.0000000000000000e+00 1
1.9280269836201303e-01 3.1275658253939392e-01 0.0000000000000000e+00 1
1.8216507254627784e-01 3.0431509490827746e-01 0.0000000000000000e+00 1
1.6926779513001139e-01 3.0876242840725709e-01 0.0000000000000000e+00 1
1.7169879347222539e-01 2.9606794563176736e-01 0.0000000000000000e+00 1
1.8425791059880625e-01 2.9179060426205777e-01 0.0000000000000000e+00 1
1.7388640089411972e-01 2.8345860474515361e-01 0.0000000000000000e+00 1
1.6154917260439908e-01 2.8806317553915894e-01 0.0000000000000000e+00 1
1.6374119764493672e-01 2.7527044391000743e-01 0.0000000000000000e+00 1
1.7597374321685802e-01 2.7067569625904347e-01 0.0000000000000000e+00 1
1.6590793360574077e-01 2.6238674120418254e-01 0.0000000000000000e+00 1
1.5362173208120805e-01 2.6703312642993066e-01 0.0000000000000000e+00 1
1.5575406719415286e-01 2.5404542535273622e-01 0.0000000000000000e+00 1
1.4345645981629249e-01 2.5874445113019562e-01 0.0000000000000000e+00 1
1.4553250769171394e-01 2.4568103083077836e-01 0.0000000000000000e+00 1
1.5789288469737439e-01 2.4103625740971252e-01 0.0000000000000000e+00 1
1.4756358982742579e-01 2.3260817819641871e-01 0.0000000000000000e+00 1
1.3522797468534853e-01 2.3734344558778164e-01 0.0000000000000000e+00 1
1.3725852577022468e-01 2.2405970583044416e-01 0.0000000000000000e+00 1
1.4983014311917123e-01 2.1932735217015475e-01 0.0000000000000000e+00 1
1.3935659188633195e-01 2.1072814867138875e-01 0.0000000000000000e+00 1
1.2659264082880486e-01 2.1591528583772018e-01 0.0000000000000000e+00 1
1.2879237723420972e-01 2.0223004967800207e-01 0.0000000000000000e+00 1
1.4246647544352209e-01 1.9721834461268128e-01 0.0000000000000000e+00 1
1.3185112739818228e-01 1.8865930918126930e-01 0.0000000000000000e+00 1
1.1808882790739064e-01 1.9423196111172342e-01 0.0000000000000000e+00 1
1.2027574717578124e-01 1.8055996673778485e-01 0.0000000000000000e+00 1
1.3521768873116782e-01 1.7517976784025327e-01 0.0000000000000000e+00 1
1.2323644396154737e-01 1.6664589613106068e-01 0.0000000000000000e+00 1
1.0953117295064897e-01 1.7239189863177251e-01 0.0000000000000000e+00 1
1.1171896706222668e-01 1.5800880378895105e-01 0.0000000000000000e+00 1
1.2518092102688008e-01 1.5293885933918969e-01 0.0000000000000000e+00 1
1.1380228289899715e-01 1.4417395139375971e-01 0.0000000000000000e+00 1
1.0074069476419385e-01 1.4919216398916307e-01 0.0000000000000000e+00 1
1.0282696145525712e-01 1.3546116185643239e-01 0.0000000000000000e+00 1
8.9957859739888499e-02 1.4054884990994254e-01 0.0000000000000000e+00 1
9.2113454471219783e-02 1.2680866539932881e-01 0.0000000000000000e+00 1
1.0510585102420011e-01 1.2145881988713021e-01 0.0000000000000000e+00 1
9.4259724750871091e-02 1.1275534709474516e-01 0.0000000000000000e+00 1
8.1266903146146624e-02 1.1870223887818694e-01 0.0000000000000000e+00 1
8.3188414476998707e-02 1.0440495192176238e-01 0.0000000000000000e+00 1
9.6190014637459895e-02 9.9058401366557941e-02 0.0000000000000000e+00 1
8.5175840609760592e-02 9.0567054170625938e-02 0.0000000000000000e+00 1
7.1481025016728206e-02 9.5704915805082502e-02 0.0000000000000000e+00 1
7.3622652946906078e-02 8.1949572307437546e-02 0.0000000000000000e+00 1
8.7047011628935050e-02 7.6508443698158318e-02 0.0000000000000000e+00 1
7.6068235839372042e-02 6.8136371803931908e-02 0.0000000000000000e+00 1
6.3131757289708448e-02 7.3202090684301280e-02 0.0000000000000000e+00 1
6.5291385018909534e-02 5.9562931913776998e-02 0.0000000000000000e+00 1
7.8140863466064386e-02 5.4432494981603838e-02 0.0000000000000000e+00 1
6.7311870913878663e-02 4.5865209440773741e-02 0.0000000000000000e+00 1
5.4568315789009149e-02 5.1031542117552731e-02 0.0000000000000000e+00 1
5.6459960555204580e-02 3.7324865739875826e-02 0.0000000000000000e+00 1
6.9283653433668768e-02 3.2170484553700085e-02 0.0000000000000000e+00 1
5.8385169751000145e-02 2.3655930124726755e-02 0.0000000000000000e+00 1
4.5609078649663432e-02 2.8804399008581606e-02 0.0000000000000000e+00 1
4.7519374699768219e-02 1.5192906520251834e-02 0.0000000000000000e+00 1
3.4835674570289452e-02 2.0319283035765332e-02 0.0000000000000000e+00 1
3.6733207438094939e-02 6.7522489834727153e-03 0.0000000000000000e+00 1
4.9282974704626954e-02 1.6622628055092863e-03 0.0000000000000000e+00 1
3.8511599408646360e-02 -6.7538617000379936e-03 0.0000000000000000e+00 1
2.6317284929741631e-02 -2.0795496210033178e-03 0.0000000000000000e+00 1
2.7922961651998663e-02 -1.5169250206447295e-02 0.0000000000000000e+00 1
4.0321692397520544e-02 -2.0215342575727879e-02 0.0000000000000000e+00 1
2.9668555420933641e-02 -2.8485000460722498e-02 0.0000000000000000e+00 1
1.7277958028326094e-02 -2.3421668539679301e-02 0.0000000000000000e+00 1
1.9098200040284730e-02 -3.6719842343680378e-02 0.0000000000000000e+00 1
3.1448629430161745e-02 -4.1785363919871012e-02 0.0000000000000000e+00 1
2.0872074715254516e-02 -4.9933784602767130e-02 0.0000000000000000e+00 1
8.5880189166729418e-03 -4.4891198579512410e-02 0.0000000000000000e+00 1
1.0353153698951007e-02 -5.7997678616388638e-02 0.0000000000000000e+00 1
-1.8693137941445093e-03 -5.2963790579389998e-02 0.0000000000000000e+00 1
-1.1579645054924884e-04 -6.6007261899349925e-02 0.0000000000000000e+00 1
1.2089311157587067e-02 -7.1182084451451952e-02 0.0000000000000000e+00 1
1.5857329513235927e-03 -7.9027720260940459e-02 0.0000000000000000e+00 1
-9.7260563358539474e-03 -7.3930732725514536e-02 0.0000000000000000e+00 1
-8.6138636913672822e-03 -8.6956566930456836e-02 0.0000000000000000e+00 1
3.2147372890103144e-03 -9.1949354365437552e-02 0.0000000000000000e+00 1
-7.1207435069422344e-03 -9.9796149357629260e-02 0.0000000000000000e+00 1
-1.8975459210256767e-02 -9.4896612679360143e-02 0.0000000000000000e+00 1
-1.7395841939089482e-02 -1.0762418105375028e-01 0.0000000000000000e+00 1
-5.5440409942064967e-03 -1.1261048719159562e-01 0.0000000000000000e+00 1
-1.5832154218534688e-02 -1.2035230938399562e-01 0.0000000000000000e+00 1
-2.7619112464071172e-02 -1.1539180452579122e-01 0.0000000000000000e+00 1
-2.6058699111116260e-02 -1.2804481914340954e-01 0.0000000000000000e+00 1
-3.7794174488187698e-02 -1.2310389554949085e-01 0.0000000000000000e+00 1
-3.6175410033836258e-02 -1.3572096170715744e-01 0.0000000000000000e+00 1
-2.4521687908872193e-02 -1.4066915141472983e-01 0.0000000000000000e+00 1
-3.4665088519403892e-02 -1.4824726047202269e-01 0.0000000000000000e+00 1
-4.6241298259441517e-02 -1.4334518353260722e-01 0.0000000000000000e+00 1
-4.4735664760637256e-02 -1.5578083664472459e-01 0.0000000000000000e+00 1
-5.6218323286547418e-02 -1.5087710765709453e-01 0.0000000000000000e+00 1
-5.4703512619767559e-02 -1.6324961243501135e-01 0.0000000000000000e+00 1
-4.3268166877450505e-02 -1.6816782803104618e-01 0.0000000000000000e+00 1
-5.3200446833987960e-02 -1.7561689668949360e-01 0.0000000000000000e+00 1
-6.4583969150642878e-02 -1.7072061160703988e-01 0.0000000000000000e+00 1
-6.3085524172024399e-02 -1.8298806965072684e-01 0.0000000000000000e+00 1
-7.4387291872595213e-02 -1.7820171412329655e-01 0.0000000000000000e+00 1
-7.2937055517505581e-02 -1.9035078426237720e-01 0.0000000000000000e+00 1
-6.1558970194475607e-02 -1.9526124358929009e-01 0.0000000000000000e+00 1
-7.1509947199951990e-02 -2.0238825514673647e-01 0.0000000000000000e+00 1
-8.2625295562002460e-02 -1.9765704449028471e-01 0.0000000000000000e+00 1
-8.1206130076900501e-02 -2.0951205235752515e-01 0.0000000000000000e+00 1
-9.2164309895282001e-02 -2.0480575204314816e-01 0.0000000000000000e+00 1
-7.0188703402165917e-02 -2.1446953661368134e-01 0.0000000000000000e+00 1
-9.0770206204038209e-02 -2.1657920618543852e-01 0.0000000000000000e+00 1
-1.0155310133796276e-01 -2.1193025882151331e-01 0.0000000000000000e+00 1
-1.0003535638352769e-01 -2.2371261617387209e-01 0.0000000000000000e+00 1
-1.1090531753713848e-01 -2.1896712347831482e-01 0.0000000000000000e+00 1
-1.0931577786267101e-01 -2.3061271819128529e-01 0.0000000000000000e+00 1
-1.1999503695007160e-01 -2.2598911116634346e-01 0.0000000000000000e+00 1
-1.1894557165406845e-01 -2.3676241479284901e-01 0.0000000000000000e+00 1
-1.2903251889160267e-01 -2.3275342596366697e-01 0.0000000000000000e+00 1
-1.0802012287034424e-01 -2.4266956151099528e-01 0.0000000000000000e+00 1
-1.1226447375027745e-01 -2.0753199183763732e-01 0.0000000000000000e+00 1
-1.2806561678985753e-01 -2.4331951270555544e-01 0.0000000000000000e+00 1
-1.3792830024201286e-01 -2.3949917185545774e-01 0.0000000000000000e+00 1
-1.3663738570329742e-01 -2.5040238230756517e-01 0.0000000000000000e+00 1
-1.4665920576888897e-01 -2.4608120725742280e-01 0.0000000000000000e+00 1
-1.4795908673003569e-01 -2.3532549824192001e-01 0.0000000000000000e+00 1
-1.5660024632476144e-01 -2.4178503194670972e-01 0.0000000000000000e+00 1
-1.5818535897192629e-01 -2.3175835809656992e-01 0.0000000000000000e+00 1
-1.6642956744216525e-01 -2.3775164889483325e-01 0.0000000000000000e+00 1
-1.6508768030895932e-01 -2.4806142870353312e-01 0.0000000000000000e+00 1
-1.7467456280037508e-01 -2.4387298026283588e-01 0.0000000000000000e+00 1
-1.7595382706076129e-01 -2.3371349213510217e-01 0.0000000000000000e+00 1
-1.8406608471189534e-01 -2.3975893788359148e-01 0.0000000000000000e+00 1
-1.8536776146272521e-01 -2.3005126166483530e-01 0.0000000000000000e+00 1
-1.9329044238018347e-01 -2.3583916014138140e-01 0.0000000000000000e+00 1
-1.9214393514659656e-01 -2.4566440830334665e-01 0.0000000000000000e+00 1
-2.0128152118918999e-01 -2.4172350104532225e-01 0.0000000000000000e+00 1
-2.0016229884445036e-01 -2.5154632786881242e-01 0.0000000000000000e+00 1
-2.0920923630119861e-01 -2.4751669726497699e-01 0.0000000000000000e+00 1
-2.1033574987322326e-01 -2.3788407175004336e-01 0.0000000000000000e+00 1
-2.1810619131304704e-01 -2.4354833257702230e-01 0.0000000000000000e+00 1
-2.1921662736010317e-01 -2.3408044727235378e-01 0.0000000000000000e+00 1
-2.2686718077646653e-01 -2.3958989498930322e-01 0.0000000000000000e+00 1
-2.2590771571899204e-01 -2.4918839480208183e-01 0.0000000000000000e+00 1
-2.3458698079459778e-01 -2.4495571408063210e-01 0.0000000000000000e+00 1
-2.2780624731152121e-01 -2.3019006324700420e-01 0.0000000000000000e+00 1
-2.3370928948336789e-01 -2.5478653122332434e-01 0.0000000000000000e+00 1
-2.4244626025908905e-01 -2.5060666288745054e-01 0.0000000000000000e+00 1
-2.4156119519104827e-01 -2.6043848268889136e-01 0.0000000000000000e+00 1
-2.5037488613593140e-01 -2.5644407095007621e-01 0.0000000000000000e+00 1
-2.5111157808003026e-01 -2.4655399977415304e-01 0.0000000000000000e+00 1
-2.5905495998543532e-01 -2.5243127646829039e-01 0.0000000000000000e+00 1
-2.5994895437248461e-01 -2.4301531367864332e-01 0.0000000000000000e+00 1
-2.6753196280395808e-01 -2.4848383511996808e-01 0.0000000000000000e+00 1
-2.4946745505830514e-01 -2.6613957153588830e-01 0.0000000000000000e+00 1
-2.4054129071306099e-01 -2.7022614598030437e-01 0.0000000000000000e+00 1
-2.6843532124818681e-01 -2.3932376031658023e-01 0.0000000000000000e+00 1
-2.7593393892627516e-01 -2.4465841219318710e-01 0.0000000000000000e+00 1
-2.7509782592974830e-01 -2.5386766372095876e-01 0.0000000000000000e+00 1
-2.8353936312403910e-01 -2.4999315843073611e-01 0.0000000000000000e+00 1
2.0716873946590925e-01 3.9333208527212871e-01 0.0000000000000000e+00 1
-2.2035677596633974e-01 -2.2487985244695721e-01 0.0000000000000000e+00 1
-2.2873492061726833e-01 -2.2114447852650101e-01 0.0000000000000000e+00 1
-2.2152968003334778e-01 -2.1586224061204209e-01 0.0000000000000000e+00 1
-2.2971618109097053e-01 -2.1225321534158648e-01 0.0000000000000000e+00 1
-2.2241332975228240e-01 -2.0695925809361654e-01 0.0000000000000000e+00 1
-2.3068139835299434e-01 -2.0327619722595747e-01 0.0000000000000000e+00 1
-2.2325735616893430e-01 -1.9791746197666044e-01 0.0000000000000000e+00 1
2.5684525480681758e-01 4.3451380267987227e-01 0.0000000000000000e+00 1
-2.8271270728213349e-01 -2.5924031866258690e-01 0.0000000000000000e+00 1
-2.9119444273780626e-01 -2.5532771464991744e-01 0.0000000000000000e+00 1
-2.4856930438727035e-01 -2.7601584879582397e-01 0.0000000000000000e+00 1
-2.3949450368232841e-01 -2.8014539589416976e-01 0.0000000000000000e+00 1
2.3102758346357533e-01 3.7471325331114813e-01 0.0000000000000000e+00 1
-2.7710714075656512e-01 -2.3565718828395524e-01 0.0000000000000000e+00 1
-2.3176384807618552e-01 -1.9416690575509754e-01 0.0000000000000000e+00 1
-2.2447009848611638e-01 -1.8867600127615439e-01 0.0000000000000000e+00 1
-2.1565030348851982e-01 -1.9247844974457021e-01 0.0000000000000000e+00 1
-2.1678387645755662e-01 -1.8295611629390524e-01 0.0000000000000000e+00 1
-2.0783237410966765e-01 -1.8683612647806822e-01 0.0000000000000000e+00 1
-2.0888721786016989e-01 -1.7702407805786291e-01 0.0000000000000000e+00 1
-1.9976348529456356e-01 -1.8102045649843648e-01 0.0000000000000000e+00 1
-2.0085803228990343e-01 -1.7099732713818408e-01 0.0000000000000000e+00 1
-1.9173200798711657e-01 -1.7482522279772156e-01 0.0000000000000000e+00 1
-1.9246276389547190e-01 -1.6515148917911979e-01 0.0000000000000000e+00 1
-1.8317221427909358e-01 -1.6840507090543305e-01 0.0000000000000000e+00 1
-1.8433647231206099e-01 -1.5866725828806841e-01 0.0000000000000000e+00 1
-1.7442271624501327e-01 -1.6241173668065009e-01 0.0000000000000000e+00 1
-1.7548548110237949e-01 -1.5252172949892923e-01 0.0000000000000000e+00 1
-1.6571501470566066e-01 -1.5708699244415664e-01 0.0000000000000000e+00 1
-1.6707458866511035e-01 -1.4580483308868444e-01 0.0000000000000000e+00 1
-1.5709759531005146e-01 -1.5129445445356621e-01 0.0000000000000000e+00 1
-1.5827573965053296e-01 -1.3929321378940757e-01 0.0000000000000000e+00 1
-1.4819504904376360e-01 -1.4432739886653445e-01 0.0000000000000000e+00 1
-1.4931117023920173e-01 -1.3247741531678975e-01 0.0000000000000000e+00 1
-1.3885647697020009e-01 -1.3705174455787397e-01 0.0000000000000000e+00 1
-1.4008287237730715e-01 -1.2556237686670391e-01 0.0000000000000000e+00 1
-1.5063505603121671e-01 -1.2098162611200815e-01 0.0000000000000000e+00 1
-1.4140420883344867e-01 -1.1397905199776326e-01 0.0000000000000000e+00 1
-1.3070619075941411e-01 -1.1865185593505891e-01 0.0000000000000000e+00 1
-1.3205314029003568e-01 -1.0693737502305303e-01 0.0000000000000000e+00 1
-2.9036075068056483e-01 -2.6462076524349204e-01 0.0000000000000000e+00 1
-2.9877900985875266e-01 -2.6057192530754231e-01 0.0000000000000000e+00 1
-2.4770915452527859e-01 -2.8603187676305492e-01 0.0000000000000000e+00 1
-2.3843365873718242e-01 -2.9025291926343483e-01 0.0000000000000000e+00 1
-2.9962246700011924e-01 -2.5136830523248876e-01 0.0000000000000000e+00 1
-3.0713074396436135e-01 -2.5657246338791578e-01 0.0000000000000000e+00 1
-1.2120442777665624e-01 -1.1167891539527343e-01 0.0000000000000000e+00 1
-1.2254603664314023e-01 -9.9892056381573752e-02 0.0000000000000000e+00 1
-1.3349233525207094e-01 -9.5174443198705008e-02 0.0000000000000000e+00 1
-1.2392686905077079e-01 -8.8015789665225969e-02 0.0000000000000000e+00 1
-1.1288123165027387e-01 -9.2760538586064450e-02 0.0000000000000000e+00 1
-1.1427859109759200e-01 -8.0743428657262861e-02 0.0000000000000000e+00 1
-2.3885519404680591e-01 -1.9961518271832190e-01 0.0000000000000000e+00 1
-1.0310891351395673e-01 -8.5544806004887494e-02 0.0000000000000000e+00 1
-1.0452580257419627e-01 -7.3387377183977878e-02 0.0000000000000000e+00 1
-1.7713775050359043e-01 -1.4143946277134653e-01 0.0000000000000000e+00 1
-1.1587783499145868e-01 -6.8516140402173298e-02 0.0000000000000000e+00 1
-1.0606233306396773e-01 -6.1106520557591588e-02 0.0000000000000000e+00 1
-9.4596350538934088e-02 -6.6072906989694674e-02 0.0000000000000000e+00 1
-9.6098611026030317e-02 -5.3672333821607063e-02 0.0000000000000000e+00 1
-2.4010968536865052e-01 -1.9078824340583306e-01 0.0000000000000000e+00 1
-2.4682838773294868e-01 -1.9594432450811194e-01 0.0000000000000000e+00 1
-2.4798438470889320e-01 -1.8765104909773847e-01 0.0000000000000000e+00 1
-2.5450064990642851e-01 -1.9255252955841573e-01 0.0000000000000000e+00 1
-2.9797622894537096e-01 -2.6992820292384379e-01 0.0000000000000000e+00 1
-2.0136006772646464e-01 -1.6021702958158743e-01 0.0000000000000000e+00 1
2.5497427087138463e-01 3.9637600154323482e-01 0.0000000000000000e+00 1
-2.4683069835026053e-01 -2.9624817321053115e-01 0.0000000000000000e+00 1
-2.3737143880595041e-01 -3.0051195267361314e-01 0.0000000000000000e+00 1
-2.2896483645329646e-01 -2.9443867083190678e-01 0.0000000000000000e+00 1
-2.2780358561437303e-01 -3.0473877246614384e-01 0.0000000000000000e+00 1
-2.1930614017176980e-01 -2.9863802366793951e-01 0.0000000000000000e+00 1
-2.1815249165241893e-01 -3.0911072426853636e-01 0.0000000000000000e+00 1
-2.0953499924033464e-01 -3.0292120089918478e-01 0.0000000000000000e+00 1
-2.0842664240110514e-01 -3.1358376372146052e-01 0.0000000000000000e+00 1
-2.0011585491896558e-01 -3.0732800027968493e-01 0.0000000000000000e+00 1
-1.9859463263634158e-01 -3.1801065173814957e-01 0.0000000000000000e+00 1
-1.9041414787320224e-01 -3.1216449041491678e-01 0.0000000000000000e+00 1
-1.8865182028844912e-01 -3.2261820756047227e-01 0.0000000000000000e+00 1
-1.7994905075847356e-01 -3.1663909204848517e-01 0.0000000000000000e+00 1
-1.7848221878442835e-01 -3.2711591170410920e-01 0.0000000000000000e+00 1
-1.6956187266880202e-01 -3.2073162532702426e-01 0.0000000000000000e+00 1
-1.6836573993813192e-01 -3.3162239604651883e-01 0.0000000000000000e+00 1
-1.5935929147648800e-01 -3.2521242198433448e-01 0.0000000000000000e+00 1
-1.5815132075437033e-01 -3.3620998949291880e-01 0.0000000000000000e+00 1
-1.4914016841683070e-01 -3.2971660056286162e-01 0.0000000000000000e+00 1
-1.4794786910120025e-01 -3.4074574790700596e-01 0.0000000000000000e+00 1
-1.3894518370413284e-01 -3.3424220647687863e-01 0.0000000000000000e+00 1
-1.3774095362691824e-01 -3.4526806647868652e-01 0.0000000000000000e+00 1
-1.2877857723355285e-01 -3.3878904552288958e-01 0.0000000000000000e+00 1
-1.2758112766126459e-01 -3.4980758138696944e-01 0.0000000000000000e+00 1
-1.1862360522173616e-01 -3.4330201843624220e-01 0.0000000000000000e+00 1
-1.1746664289643183e-01 -3.5430676917116705e-01 0.0000000000000000e+00 1
-1.0849815136932681e-01 -3.4779554265259527e-01 0.0000000000000000e+00 1
-1.0963762952804267e-01 -3.3677798997643044e-01 0.0000000000000000e+00 1
-9.9400081061208803e-02 -3.4144740291979697e-01 0.0000000000000000e+00 1
-9.7864676648780027e-02 -3.5236644305348896e-01 0.0000000000000000e+00 1
-8.9053378367785610e-02 -3.4593625923175719e-01 0.0000000000000000e+00 1
-8.9716428389018402e-02 -3.3376107202590338e-01 0.0000000000000000e+00 1
-7.9779532520498325e-02 -3.3970769981374321e-01 0.0000000000000000e+00 1
-7.8712985227443577e-02 -3.5054485024760063e-01 0.0000000000000000e+00 1
-7.0006004919577092e-02 -3.4398700976096974e-01 0.0000000000000000e+00 1
-7.1301241905801019e-02 -3.3279479890475483e-01 0.0000000000000000e+00 1
-6.1323236482219302e-02 -3.3707963109476269e-01 0.0000000000000000e+00 1
-6.0037119765666974e-02 -3.4856059592371996e-01 0.0000000000000000e+00 1
-5.0990737997149205e-02 -3.4203054719278897e-01 0.0000000000000000e+00 1
-5.2256893831564906e-02 -3.3047732173167865e-01 0.0000000000000000e+00 1
-4.1831289820176927e-02 -3.3552908447354529e-01 0.0000000000000000e+00 1
-4.3180778417813023e-02 -3.2374287145329161e-01 0.0000000000000000e+00 1
-3.2540925105028068e-02 -3.2897610035227115e-01 0.0000000000000000e+00 1
-3.3920933723980445e-02 -3.1710873060533723e-01 0.0000000000000000e+00 1
-4.9973196777934978e-02 -3.5313675233950237e-01 0.0000000000000000e+00 1
-2.3476878431547419e-02 -3.2197941210716369e-01 0.0000000000000000e+00 1
-2.4127445034192653e-02 -3.1111591569963365e-01 0.0000000000000000e+00 1
-1.3658231619691253e-02 -3.1594246740462378e-01 0.0000000000000000e+00 1
-1.4523436195912781e-02 -3.0461740586674374e-01 0.0000000000000000e+00 1
-4.4087445961384216e-03 -3.0884586348788556e-01 0.0000000000000000e+00 1
-5.1711253360274935e-03 -2.9764676063597978e-01 0.0000000000000000e+00 1
-2.1237013226710556e-02 -3.3281002544625354e-01 0.0000000000000000e+00 1
5.4598279007463434e-03 -3.0247963331933247e-01 0.0000000000000000e+00 1
4.4459834135922244e-03 -2.9078302252472843e-01 0.0000000000000000e+00 1
-3.3998491907571933e-02 -3.0546111265870146e-01 0.0000000000000000e+00 1
1.5199621536036448e-02 -2.9577214563107601e-01 0.0000000000000000e+00 1
1.4281621784683710e-02 -2.8408800519529709e-01 0.0000000000000000e+00 1
4.1249997721736799e-03 -3.1375277533589319e-01 0.0000000000000000e+00 1
3.2903956814076081e-03 -2.7892158915690385e-01 0.0000000000000000e+00 1
1.3037058023574608e-02 -2.7195926940762921e-01 0.0000000000000000e+00 1
2.4278399273779772e-02 -2.7739804663426321e-01 0.0000000000000000e+00 1
2.3036884406657316e-02 -2.6506578410951026e-01 0.0000000000000000e+00 1
1.1867362328878724e-02 -2.5988582453466103e-01 0.0000000000000000e+00 1
2.1832770177925998e-02 -2.5281834126000424e-01 0.0000000000000000e+00 1
3.3029327571831503e-02 -2.5799327297144203e-01 0.0000000000000000e+00 1
3.1845325210423894e-02 -2.4566771037439078e-01 0.0000000000000000e+00 1
4.3043962340512998e-02 -2.5082479463626361e-01 0.0000000000000000e+00 1
4.1934224623972373e-02 -2.3844441863059307e-01 0.0000000000000000e+00 1
3.0585890170944322e-02 -2.3327498954650788e-01 0.0000000000000000e+00 1
4.0735391924909922e-02 -2.2595507060412703e-01 0.0000000000000000e+00 1
5.2073290586561481e-02 -2.3121688507319840e-01 0.0000000000000000e+00 1
5.0934073804425883e-02 -2.1864099576026019e-01 0.0000000000000000e+00 1
3.9467348219293374e-02 -2.1336931987298804e-01 0.0000000000000000e+00 1
4.9812842870332316e-02 -2.0597922873003677e-01 0.0000000000000000e+00 1
6.1277798368850014e-02 -2.1119651474932682e-01 0.0000000000000000e+00 1
6.0235474392374991e-02 -1.9848885745949088e-01 0.0000000000000000e+00 1
4.8684161297021716e-02 -1.9338165026601534e-01 0.0000000000000000e+00 1
5.8998115863760386e-02 -1.8565650592391325e-01 0.0000000000000000e+00 1
7.0839231025554575e-02 -1.9099523875585150e-01 0.0000000000000000e+00 1
6.9558630580799696e-02 -1.7795165541674379e-01 0.0000000000000000e+00 1
-1.4007780319943899e-01 -3.2312856522575462e-01 0.0000000000000000e+00 1
8.1502298836515871e-02 -1.8342819159483384e-01 0.0000000000000000e+00 1
8.0151717556163571e-02 -1.7031303299567141e-01 0.0000000000000000e+00 1
6.8202072154060239e-02 -1.6489225942685640e-01 0.0000000000000000e+00 1
7.8854878592753641e-02 -1.5714017261941507e-01 0.0000000000000000e+00 1
6.6835443861793242e-02 -1.5170933621596511e-01 0.0000000000000000e+00 1
7.7616515242982784e-02 -1.4391592461062647e-01 0.0000000000000000e+00 1
8.9508953173309480e-02 -1.4930411557094095e-01 0.0000000000000000e+00 1
8.8306875185275926e-02 -1.3602936364060103e-01 0.0000000000000000e+00 1
7.4721910673460568e-02 -1.2988344546940922e-01 0.0000000000000000e+00 1
8.7229463941671886e-02 -1.2304249626709177e-01 0.0000000000000000e+00 1
9.9056586555346215e-02 -1.2806853606807883e-01 0.0000000000000000e+00 1
9.7847741417592782e-02 -1.1469214818451093e-01 0.0000000000000000e+00 1
8.4771218730120071e-02 -1.0951104553796283e-01 0.0000000000000000e+00 1
9.6882451440451794e-02 -1.0166964023502681e-01 0.0000000000000000e+00 1
1.0879941118523551e-01 -1.0597941992655409e-01 0.0000000000000000e+00 1
1.0755016878003439e-01 -9.2672433692469372e-02 0.0000000000000000e+00 1
-1.0762427772209665e-01 -4.8762641934568834e-02 0.0000000000000000e+00 1
-9.7605482556733403e-02 -4.1219085800187114e-02 0.0000000000000000e+00 1
-8.5978802711350083e-02 -4.6166262205511274e-02 0.0000000000000000e+00 1
-8.7538288264148112e-02 -3.3593441389514297e-02 0.0000000000000000e+00 1
-3.0797452748632909e-01 -2.4760209745560663e-01 0.0000000000000000e+00 1
-3.1531678786522066e-01 -2.5268304968798072e-01 0.0000000000000000e+00 1
-1.6478952011066733e-01 -1.6732807451290146e-01 0.0000000000000000e+00 1
-7.5868798293594372e-02 -3.8548830214558724e-02 0.0000000000000000e+00 1
-7.7403989420880948e-02 -2.5896705027412564e-02 0.0000000000000000e+00 1
-8.9114682615324695e-02 -2.1012520055625802e-02 0.0000000000000000e+00 1
-7.8986315971862980e-02 -1.3196463888046076e-02 0.0000000000000000e+00 1
-6.7126717395121507e-02 -1.8181865484169803e-02 0.0000000000000000e+00 1
-6.8704531531501037e-02 -5.3567184147748255e-03 0.0000000000000000e+00 1
2.8166251059940184e-01 4.5260829212707426e-01 0.0000000000000000e+00 1
9.5115927423413890e-02 -8.7356109417139921e-02 0.0000000000000000e+00 1
1.0621228137134830e-01 -7.9113759126867633e-02 0.0000000000000000e+00 1
1.1850691267968935e-01 -8.3563765902408230e-02 0.0000000000000000e+00 1
1.1742782328841797e-01 -7.0925963419113600e-02 0.0000000000000000e+00 1
-1.2640595265274851e-01 -3.6083101352126201e-01 0.0000000000000000e+00 1
-1.8776032409729471e-01 -3.3334915624223005e-01 0.0000000000000000e+00 1
1.0515785320247102e-01 -6.5969966767252211e-02 0.0000000000000000e+00 1
1.1596815065566338e-01 -5.7135662354235311e-02 0.0000000000000000e+00 1
1.2825598107667902e-01 -6.1300446112162579e-02 0.0000000000000000e+00 1
1.2716327894936583e-01 -4.8688981350336037e-02 0.0000000000000000e+00 1
-1.7068601182473886e-01 -3.0957094216400383e-01 0.0000000000000000e+00 1
-5.6760423060912855e-02 -1.0409876146545479e-02 0.0000000000000000e+00 1
-5.8339514263831951e-02 2.5203782457638626e-03 0.0000000000000000e+00 1
-7.0356573505615888e-02 7.5891348070090594e-03 0.0000000000000000e+00 1
-5.9963607569624489e-02 1.5493516684655142e-02 0.0000000000000000e+00 1
1.1479640081054246e-01 -4.3775541405372834e-02 0.0000000000000000e+00 1
1.2565166790358451e-01 -3.4789228855706331e-02 0.0000000000000000e+00 1
1.3799352599852713e-01 -3.9618976224098990e-02 0.0000000000000000e+00 1
1.3657825942209012e-01 -2.6164221520774012e-02 0.0000000000000000e+00 1
-1.5692840138472811e-01 -3.4718997192667456e-01 0.0000000000000000e+00 1
-4.7857313414201699e-02 1.0396151922322495e-02 0.0000000000000000e+00 1
-4.9448635585468512e-02 2.3440736425762502e-02 0.0000000000000000e+00 1
-1.3784133602392723e-01 -1.4890473087970957e-01 0.0000000000000000e+00 1
-2.1723910997711066e-01 -3.1973271147992066e-01 0.0000000000000000e+00 1
-2.5554146698479457e-01 -1.8461424702736498e-01 0.0000000000000000e+00 1
-2.4925745201741981e-01 -1.7970823186887203e-01 0.0000000000000000e+00 1
-2.6187556330690637e-01 -1.8937793782894008e-01 0.0000000000000000e+00 1
-2.4583093779651854e-01 -3.0655499729394947e-01 0.0000000000000000e+00 1
-2.5533650015587939e-01 -3.0224302497157052e-01 0.0000000000000000e+00 1
-7.2054587679890869e-02 2.0555475850717458e-02 0.0000000000000000e+00 1
1.2393881143885299e-01 -1.9325859777003455e-02 0.0000000000000000e+00 1
1.3510720043225860e-01 -1.1244045882473158e-02 0.0000000000000000e+00 1
1.4832015511663704e-01 -1.7750108714756348e-02 0.0000000000000000e+00 1
1.4659410241156101e-01 -3.4417367885239934e-03 0.0000000000000000e+00 1
1.3376792492670225e-01 3.4862872725127171e-03 0.0000000000000000e+00 1
1.4521738886432156e-01 1.0913335359417013e-02 0.0000000000000000e+00 1
-3.1608340529689977e-01 -2.4384162127219525e-01 0.0000000000000000e+00 1
-3.2344971318072691e-01 -2.4893204358070867e-01 0.0000000000000000e+00 1
-3.2266204722843095e-01 -2.5771116033589453e-01 0.0000000000000000e+00 1
-3.3062186977092972e-01 -2.5389767524516399e-01 0.0000000000000000e+00 1
-3.2991333605323148e-01 -2.6269195951082946e-01 0.0000000000000000e+00 1
-3.3777124732612568e-01 -2.5882722068959169e-01 0.0000000000000000e+00 1
-3.0884107220400264e-01 -2.3874460110737866e-01 0.0000000000000000e+00 1
1.5809323643697798e-01 4.9388916525665277e-03 0.0000000000000000e+00 1
1.5644780420067672e-01 1.9276281874776965e-02 0.0000000000000000e+00 1
1.4338072808648830e-01 2.4883524749192483e-02 0.0000000000000000e+00 1
1.5468297224327604e-01 3.3525296541864071e-02 0.0000000000000000e+00 1
-3.7258473668444918e-02 1.8302239362196132e-02 0.0000000000000000e+00 1
-3.8887796053895515e-02 3.1486478566612755e-02 0.0000000000000000e+00 1
1.6789434814347393e-01 2.7891502110012720e-02 0.0000000000000000e+00 1
1.6611887799565070e-01 4.2186291314006905e-02 0.0000000000000000e+00 1
1.5286729133806767e-01 4.7782649714845776e-02 0.0000000000000000e+00 1
1.6430603905375568e-01 5.6462668776974652e-02 0.0000000000000000e+00 1
-2.6106127304598004e-01 -1.9740490119661158e-01 0.0000000000000000e+00 1
-2.6809335396716705e-01 -1.9394150361146029e-01 0.0000000000000000e+00 1
-1.9091168896489819e-01 -1.8408228417968001e-01 0.0000000000000000e+00 1
1.5105883587050434e-01 6.2021024584675614e-02 0.0000000000000000e+00 1
1.6249859192352184e-01 7.0720686466961821e-02 0.0000000000000000e+00 1
1.7575005120520740e-01 6.5163832793546178e-02 0.0000000000000000e+00 1
1.7393317340136638e-01 7.9447428125097280e-02 0.0000000000000000e+00 1
1.6041069842458255e-01 8.5103472175025674e-02 0.0000000000000000e+00 1
1.7188777573116687e-01 9.3848559749040675e-02 0.0000000000000000e+00 1
1.8529966686667637e-01 8.8268608234604973e-02 0.0000000000000000e+00 1
1.8344533841867622e-01 1.0248914330906803e-01 0.0000000000000000e+00 1
-2.5655753528917208e-01 -1.7675655297830542e-01 0.0000000000000000e+00 1
-2.5030053204138164e-01 -1.7196425900809692e-01 0.0000000000000000e+00 1
-3.3851621800869458e-01 -2.5028064119153537e-01 0.0000000000000000e+00 1
-3.4557018760116615e-01 -2.5521264122095216e-01 0.0000000000000000e+00 1
-3.4487261084005438e-01 -2.6362329600768131e-01 0.0000000000000000e+00 1
-3.5255725692947981e-01 -2.6002977400492294e-01 0.0000000000000000e+00 1
2.7782179547531688e-01 4.1725378248731160e-01 0.0000000000000000e+00 1
-2.6642478307504245e-02 2.6344320351642241e-02 0.0000000000000000e+00 1
-2.8309885259873619e-02 3.9599275822235269e-02 0.0000000000000000e+00 1
-4.0556318404651834e-02 4.4655511239512766e-02 0.0000000000000000e+00 1
-2.9973095523300054e-02 5.2877674700432295e-02 0.0000000000000000e+00 1
-4.2284134789213279e-02 5.7874934199490094e-02 0.0000000000000000e+00 1
-3.1673310146758678e-02 6.6203641778477457e-02 0.0000000000000000e+00 1
-1.9283484590656520e-02 6.1042963465637409e-02 0.0000000000000000e+00 1
-2.0938679811099335e-02 7.4398189747566873e-02 0.0000000000000000e+00 1
-3.3411099518593453e-02 7.9619313441043046e-02 0.0000000000000000e+00 1
-2.2639846854620272e-02 8.7831688414424708e-02 0.0000000000000000e+00 1
-1.0135270178114554e-02 8.2587055584979530e-02 0.0000000000000000e+00 1
-1.1842552078550943e-02 9.6065315495807838e-02 0.0000000000000000e+00 1
7.0267606396605940e-04 9.0798606386669034e-02 0.0000000000000000e+00 1
-1.0137483577854671e-03 1.0431211819848374e-01 0.0000000000000000e+00 1
-1.3590248524352640e-02 1.0958226876360688e-01 0.0000000000000000e+00 1
-2.7473720437285760e-03 1.1785367898113924e-01 0.0000000000000000e+00 1
9.8452602859699923e-03 1.1258637080138081e-01 0.0000000000000000e+00 1
8.1242242342240509e-03 1.2613575745567332e-01 0.0000000000000000e+00 1
-4.4926083532377762e-03 1.3139758171498422e-01 0.0000000000000000e+00 1
6.3723068212815587e-03 1.3969095127820866e-01 0.0000000000000000e+00 1
1.8994521672055995e-02 1.3442183012249381e-01 0.0000000000000000e+00 1
1.7242186509475805e-02 1.4799175999009451e-01 0.0000000000000000e+00 1
-2.3689936944490250e-01 -2.1745871058483934e-01 0.0000000000000000e+00 1
-2.8944764413191659e-01 -2.7403345497889359e-01 0.0000000000000000e+00 1
-2.9725914688744537e-01 -2.7953363989538710e-01 0.0000000000000000e+00 1
-2.5433603136460359e-01 -3.1259923488975055e-01 0.0000000000000000e+00 1
-2.6375099653991835e-01 -3.0843013532465036e-01 0.0000000000000000e+00 1
-1.4538410033129384e-01 -2.5701378079447768e-01 0.0000000000000000e+00 1
-1.3527607802066499e-01 -2.6145652044260725e-01 0.0000000000000000e+00 1
2.9660758305754936e-01 4.6457095812054999e-01 0.0000000000000000e+00 1
-3.1680301336891248e-01 -2.3510109449066585e-01 0.0000000000000000e+00 1
-3.0974023476369544e-01 -2.3008351727474466e-01 0.0000000000000000e+00 1
1.6922345502569938e-01 1.0869198835257972e-01 0.0000000000000000e+00 1
1.8160782466986183e-01 1.1668041158803839e-01 0.0000000000000000e+00 1
1.9490707046796241e-01 1.1154480946644094e-01 0.0000000000000000e+00 1
1.9291466172938027e-01 1.2553218506593861e-01 0.0000000000000000e+00 1
1.7909631107320573e-01 1.3117969770546622e-01 0.0000000000000000e+00 1
1.9095288025131643e-01 1.3966499085047168e-01 0.0000000000000000e+00 1
2.0424273819693689e-01 1.3470657134060782e-01 0.0000000000000000e+00 1
2.0227601985977434e-01 1.4844863009620343e-01 0.0000000000000000e+00 1
1.8913358398501876e-01 1.5372238903448379e-01 0.0000000000000000e+00 1
2.0022397326073685e-01 1.6209608993576513e-01 0.0000000000000000e+00 1
-9.3708910285880798e-02 -1.9281913615290727e-01 0.0000000000000000e+00 1
-2.0216658919392277e-01 -2.9674160110824538e-01 0.0000000000000000e+00 1
-2.1958122824825044e-01 -1.7256212130233739e-01 0.0000000000000000e+00 1
-1.4415471919950879e-01 -2.6807832709118873e-01 0.0000000000000000e+00 1
-1.3398391755593464e-01 -2.7250127116102213e-01 0.0000000000000000e+00 1
-1.3056555979916776e-01 -2.2089088835846632e-01 0.0000000000000000e+00 1
-5.8913580722966361e-02 -3.5947507502110565e-01 0.0000000000000000e+00 1
-4.9019221189845835e-02 -3.6401987942770553e-01 0.0000000000000000e+00 1
-5.7767742955301994e-02 -3.7028707956263840e-01 0.0000000000000000e+00 1
-4.8047729471323200e-02 -3.7477050804478274e-01 0.0000000000000000e+00 1
-5.6684917040500035e-02 -3.8092437195621931e-01 0.0000000000000000e+00 1
-4.7017085776408479e-02 -3.8533862219550380e-01 0.0000000000000000e+00 1
-3.8517661432688748e-02 -3.7923169279733893e-01 0.0000000000000000e+00 1
-3.7451139986524801e-02 -3.8968786931104693e-01 0.0000000000000000e+00 1
-2.9109870628444112e-02 -3.8373225373537778e-01 0.0000000000000000e+00 1
-2.8067766648074245e-02 -3.9396327167436651e-01 0.0000000000000000e+00 1
-1.9765010536962564e-02 -3.8806044730755912e-01 0.0000000000000000e+00 1
-1.8788964418590640e-02 -3.9820553098244593e-01 0.0000000000000000e+00 1
-1.0401120039607541e-02 -3.9232514011437269e-01 0.0000000000000000e+00 1
-5.5654739596779981e-02 -3.9142241609234246e-01 0.0000000000000000e+00 1
-6.5257607165256734e-02 -3.8708798183240717e-01 0.0000000000000000e+00 1
-9.4694574117400506e-03 -4.0242720987530500e-01 0.0000000000000000e+00 1
-1.0985646306674948e-03 -3.9660473139191083e-01 0.0000000000000000e+00 1
-2.0004540167411623e-03 -3.8627190153394642e-01 0.0000000000000000e+00 1
-2.7440957426389006e-02 -4.0432054412804291e-01 0.0000000000000000e+00 1
7.4610321221911125e-03 -3.9068752428457965e-01 0.0000000000000000e+00 1
6.5940512250871573e-03 -3.8016553664713160e-01 0.0000000000000000e+00 1
-6.4227559697317221e-02 -3.9757278855640604e-01 0.0000000000000000e+00 1
-7.4073056342393528e-02 -3.9328770383406569e-01 0.0000000000000000e+00 1
1.6203017507819290e-02 -3.8469558233182943e-01 0.0000000000000000e+00 1
1.5336671325558691e-02 -3.7394679574905704e-01 0.0000000000000000e+00 1
-3.0778357276632173e-04 -4.0670000216834867e-01 0.0000000000000000e+00 1
-8.4292324156386503e-03 -4.1233891991585936e-01 0.0000000000000000e+00 1
2.5116799515046390e-02 -3.7851602755463842e-01 0.0000000000000000e+00 1
2.4229109691100276e-02 -3.6764091595590143e-01 0.0000000000000000e+00 1
-6.2432782421486827e-03 1.4494972048921193e-01 0.0000000000000000e+00 1
-7.5866136937364353e-02 -1.6600745329393080e-01 0.0000000000000000e+00 1
3.3225886431468649e-02 -5.5043574575029564e-02 0.0000000000000000e+00 1
7.1137690974921369e-02 1.8552992504799727e-02 0.0000000000000000e+00 1
-1.7745700188689487e-01 -2.2403468686747130e-01 0.0000000000000000e+00 1
-4.1192970028174417e-03 -1.2524071162845932e-01 0.0000000000000000e+00 1
1.8991254130862159e-01 3.7869237990927190e-01 0.0000000000000000e+00 1
-2.3008317840607476e-02 -1.5323340758352577e-01 0.0000000000000000e+00 1
-5.7739246213264775e-02 -1.3853072811907935e-01 0.0000000000000000e+00 1
-4.1790560195000222e-02 -1.8053787860836734e-01 0.0000000000000000e+00 1
-3.9346494009716709e-02 -1.1050525337056422e-01 0.0000000000000000e+00 1
2.9871517701943399e-02 1.4272460845008966e-01 0.0000000000000000e+00 1
2.8113692561136473e-02 1.5630008362443629e-01 0.0000000000000000e+00 1
1.7943945840288492e-01 3.6611648375074558e-02 0.0000000000000000e+00 1
-1.7348107630144577e-01 -2.5411272531964613e-01 0.0000000000000000e+00 1
5.6151822525835893e-02 -1.5942227841671455e-01 0.0000000000000000e+00 1
1.5502144819540195e-02 1.6155712899848257e-01 0.0000000000000000e+00 1
2.6369937125794721e-02 1.6985900038759782e-01 0.0000000000000000e+00 1
3.8959619324780703e-02 1.6461600053502395e-01 0.0000000000000000e+00 1
3.7197388114204463e-02 1.7816113586603746e-01 0.0000000000000000e+00 1
2.4621169834207528e-02 1.8339708213324302e-01 0.0000000000000000e+00 1
3.5446142604255770e-02 1.9167899087325205e-01 0.0000000000000000e+00 1
4.8009630105116344e-02 1.8644693686683081e-01 0.0000000000000000e+00 1
4.6269871313846606e-02 1.9992426691208259e-01 0.0000000000000000e+00 1
5.8800918181686992e-02 1.9471961708118818e-01 0.0000000000000000e+00 1
5.7020047825305932e-02 2.0816950116646118e-01 0.0000000000000000e+00 1
4.4503391260389727e-02 2.1335530662474378e-01 0.0000000000000000e+00 1
5.5268662641485125e-02 2.2154746231484990e-01 0.0000000000000000e+00 1
6.7723093083227576e-02 2.1640137353268324e-01 0.0000000000000000e+00 1
6.5933720866036216e-02 2.2973861265091627e-01 0.0000000000000000e+00 1
5.3642297287418692e-02 2.3489996366915847e-01 0.0000000000000000e+00 1
6.4246176725775997e-02 2.4299529725234859e-01 0.0000000000000000e+00 1
7.6540712214503592e-02 2.3789749503592991e-01 0.0000000000000000e+00 1
7.4788455717946928e-02 2.5108698664508577e-01 0.0000000000000000e+00 1
3.1972191646398404e-02 3.2431792394191868e-02 0.0000000000000000e+00 1
-3.6404839471891001e-03 -3.9909827351831226e-02 0.0000000000000000e+00 1
-1.3291989213582489e-02 -4.7868461018862662e-02 0.0000000000000000e+00 1
1.4133885415343975e-01 2.7171467256353293e-01 0.0000000000000000e+00 1
-7.4314213768474760e-02 -5.1175087679984278e-02 0.0000000000000000e+00 1
-8.2431516210442590e-02 1.2643013863761933e-02 0.0000000000000000e+00 1
-8.4137249589600310e-02 2.5616252957324954e-02 0.0000000000000000e+00 1
-1.1609881124985980e-01 -3.6525672306346524e-01 0.0000000000000000e+00 1
-1.2522036674204121e-01 -3.7182372572035832e-01 0.0000000000000000e+00 1
-1.1498416659464974e-01 -3.7628160580556197e-01 0.0000000000000000e+00 1
-1.2409663275762092e-01 -3.8282754236378230e-01 0.0000000000000000e+00 1
-1.3421271153682154e-01 -3.7834039308629791e-01 0.0000000000000000e+00 1
-1.1399457735673124e-01 -3.8725955043299609e-01 0.0000000000000000e+00 1
-8.8486647724982784e-02 -2.2812995301571248e-01 0.0000000000000000e+00 1
-1.0180072029179688e-01 -9.7567846559652699e-02 0.0000000000000000e+00 1
6.3115585090582228e-03 -1.1759206453031852e-01 0.0000000000000000e+00 1
7.9734226054492888e-03 -1.3023690776089483e-01 0.0000000000000000e+00 1
1.8112252487908119e-02 -1.2262495913340776e-01 0.0000000000000000e+00 1
-3.5134068271192337e-02 9.3045284735684589e-02 0.0000000000000000e+00 1
-4.5896533834246092e-02 8.4835556742100485e-02 0.0000000000000000e+00 1
1.3965630379514915e-01 5.3360737929783499e-02 0.0000000000000000e+00 1
4.4249913991064739e-02 -2.6321118640814589e-01 0.0000000000000000e+00 1
8.2131374053646775e-02 2.7003814277360809e-02 0.0000000000000000e+00 1
1.3118380949517938e-01 2.6346069393158961e-01 0.0000000000000000e+00 1
1.2910643805485550e-01 2.7638957951056287e-01 0.0000000000000000e+00 1
1.8121594411946862e-01 2.2171771041500813e-02 0.0000000000000000e+00 1
8.2634304091675936e-02 -1.9633033786893872e-01 0.0000000000000000e+00 1
9.3407304624953169e-02 -1.8876584484595971e-01 0.0000000000000000e+00 1
9.4613998380813996e-02 -2.0186461123464339e-01 0.0000000000000000e+00 1
1.0551922866363796e-01 -1.9421905648395860e-01 0.0000000000000000e+00 1
4.3851823902619359e-02 -4.6855116010911829e-02 0.0000000000000000e+00 1
4.5619200401631123e-02 -6.0206886612202651e-02 0.0000000000000000e+00 1
1.7819103886676946e-01 2.5775970601842890e-01 0.0000000000000000e+00 1
1.8829013938787770e-01 2.6614569657178300e-01 0.0000000000000000e+00 1
1.9055568044378460e-01 2.5315707472606080e-01 0.0000000000000000e+00 1
2.0079399209353579e-01 2.6164754932432094e-01 0.0000000000000000e+00 1
2.0301965934663518e-01 2.4851569323564521e-01 0.0000000000000000e+00 1
2.1333357943292533e-01 2.5707633698808491e-01 0.0000000000000000e+00 1
2.1558004536407319e-01 2.4383109887614457e-01 0.0000000000000000e+00 1
2.0521477789639131e-01 2.3525065244520144e-01 0.0000000000000000e+00 1
2.1788675406229652e-01 2.3050579615164596e-01 0.0000000000000000e+00 1
2.2589107139076303e-01 2.5243407148424646e-01 0.0000000000000000e+00 1
2.2363233531146071e-01 2.6565291853319473e-01 0.0000000000000000e+00 1
2.0740042932331798e-01 2.2185764740043792e-01 0.0000000000000000e+00 1
2.1993541025117927e-01 2.1741185902871479e-01 0.0000000000000000e+00 1
2.3616991970969692e-01 2.6103743734126938e-01 0.0000000000000000e+00 1
2.3388468580179289e-01 2.7418955424368907e-01 0.0000000000000000e+00 1
1.0681892451628451e-01 -2.0756394547476323e-01 0.0000000000000000e+00 1
9.5641408713938461e-02 -2.1475087829226225e-01 0.0000000000000000e+00 1
-1.5421827877133011e-02 -2.9342439309540086e-01 0.0000000000000000e+00 1
-1.2014830135684192e-01 -1.2334438104611507e-01 0.0000000000000000e+00 1
-9.1898803172002996e-02 -9.0416156715209861e-02 0.0000000000000000e+00 1
1.8110726039801220e-01 3.7138762246422768e-01 0.0000000000000000e+00 1
1.7916369445111430e-01 3.8271602124409354e-01 0.0000000000000000e+00 1
1.7034937159381361e-01 3.7539107865741644e-01 0.0000000000000000e+00 1
1.6849379174653506e-01 3.8665505013749085e-01 0.0000000000000000e+00 1
1.5963090164590274e-01 3.7938611215773621e-01 0.0000000000000000e+00 1
1.7716095704710494e-01 3.9385473770146340e-01 0.0000000000000000e+00 1
1.6669200032003539e-01 3.9774430939536121e-01 0.0000000000000000e+00 1
1.7508459153217051e-01 4.0478857612192576e-01 0.0000000000000000e+00 1
5.4341294832118588e-02 -2.5604339433434486e-01 0.0000000000000000e+00 1
5.5447252182457718e-02 -2.6843099770772055e-01 0.0000000000000000e+00 1
6.5656838757181341e-02 -2.6125469151299835e-01 0.0000000000000000e+00 1
6.6735168453170818e-02 -2.7368521825240810e-01 0.0000000000000000e+00 1
7.7003614091187861e-02 -2.6650766891878119e-01 0.0000000000000000e+00 1
5.6564707527472863e-02 -2.8082919545223273e-01 0.0000000000000000e+00 1
6.7793897138781839e-02 -2.8607336595507493e-01 0.0000000000000000e+00 1
5.7653470360638545e-02 -2.9311652194476956e-01 0.0000000000000000e+00 1
-5.4350101404565941e-02 -3.1845010414989727e-01 0.0000000000000000e+00 1
1.0696584612703638e-02 -2.4773255394810534e-01 0.0000000000000000e+00 1
7.4852730358052023e-04 -2.5480778632589424e-01 0.0000000000000000e+00 1
-4.2368532178123331e-04 -2.4268410278675059e-01 0.0000000000000000e+00 1
-1.0321865421223798e-02 -2.4976741182454934e-01 0.0000000000000000e+00 1
-1.1512971455333561e-02 -2.3765943986201554e-01 0.0000000000000000e+00 1
-2.1384515780469501e-02 -2.4472694761580152e-01 0.0000000000000000e+00 1
-2.2529403087677122e-02 -2.3270505486887763e-01 0.0000000000000000e+00 1
-1.2702513755771609e-02 -2.2554384034943090e-01 0.0000000000000000e+00 1
-3.2351600509855132e-02 -2.3979969323493680e-01 0.0000000000000000e+00 1
-3.1173267598146679e-02 -2.5177073039540360e-01 0.0000000000000000e+00 1
-4.2195942944614512e-02 -2.4676222238885828e-01 0.0000000000000000e+00 1
-4.0968849490947118e-02 -2.5866909251192904e-01 0.0000000000000000e+00 1
-5.1838122319294758e-02 -2.5375430941868604e-01 0.0000000000000000e+00 1
-5.0675732560005238e-02 -2.6548352202607284e-01 0.0000000000000000e+00 1
-6.1410460138383444e-02 -2.6062731965328678e-01 0.0000000000000000e+00 1
-6.0253489336704338e-02 -2.7225511549139908e-01 0.0000000000000000e+00 1
-7.0869059642642604e-02 -2.6745719995895700e-01 0.0000000000000000e+00 1
-6.9762762061808370e-02 -2.7896709874471093e-01 0.0000000000000000e+00 1
-8.0247617683666103e-02 -2.7420610937893541e-01 0.0000000000000000e+00 1
-7.9157330880557972e-02 -2.8562948239653452e-01 0.0000000000000000e+00 1
-1.0916727500936843e-01 -3.6365500849576238e-02 0.0000000000000000e+00 1
-1.1914870512077247e-01 -4.3902493985636434e-02 0.0000000000000000e+00 1
-1.2070945147981402e-01 -3.1531672543939793e-02 0.0000000000000000e+00 1
-1.3061847755920913e-01 -3.9034123707091112e-02 0.0000000000000000e+00 1
-1.3494317225412555e-01 -8.3346364581431770e-02 0.0000000000000000e+00 1
-1.4444784680422904e-01 -9.0468328147145699e-02 0.0000000000000000e+00 1
-1.4592043217786727e-01 -7.8728920341653158e-02 0.0000000000000000e+00 1
-1.5541179676835998e-01 -8.5872497633180486e-02 0.0000000000000000e+00 1
-1.5683252098078110e-01 -7.4145563853026786e-02 0.0000000000000000e+00 1
-1.6623920673029285e-01 -8.1154167670654420e-02 0.0000000000000000e+00 1
-2.6897416518368233e-01 -1.8634555774513353e-01 0.0000000000000000e+00 1
-2.7496388883665790e-01 -1.9073205417679653e-01 0.0000000000000000e+00 1
-2.7436621596603827e-01 -1.9833673267369148e-01 0.0000000000000000e+00 1
-2.8119463168338044e-01 -1.9504385320967033e-01 0.0000000000000000e+00 1
-2.8070838632978612e-01 -2.0266904794626173e-01 0.0000000000000000e+00 1
-2.8772622018214022e-01 -1.9933014358174753e-01 0.0000000000000000e+00 1
-2.7377326708407496e-01 -2.0602510758890491e-01 0.0000000000000000e+00 1
1.4287289233195577e-02 -3.6304278375587329e-01 0.0000000000000000e+00 1
2.3279676886036833e-02 -3.5663354356770505e-01 0.0000000000000000e+00 1
3.3364017086526879e-02 -3.6134396890645942e-01 0.0000000000000000e+00 1
3.2457216593603136e-02 -3.5017563541765767e-01 0.0000000000000000e+00 1
4.2672942146529724e-02 -3.5488754949362367e-01 0.0000000000000000e+00 1
4.1749916213069990e-02 -3.4358616743533160e-01 0.0000000000000000e+00 1
-3.0443140901424111e-03 -3.7570128082745524e-01 0.0000000000000000e+00 1
6.8729453372806809e-02 -2.9848101440522024e-01 0.0000000000000000e+00 1
-2.2496875153873500e-01 -2.5884409869138969e-01 0.0000000000000000e+00 1
-9.4522843643433191e-02 1.7690045633044431e-02 0.0000000000000000e+00 1
1.6522079119531180e-01 4.0833246734623807e-01 0.0000000000000000e+00 1
1.7313673779494204e-01 4.1539961031516237e-01 0.0000000000000000e+00 1
1.5740461978613773e-01 4.0053406978785083e-01 0.0000000000000000e+00 1
-2.5004204145137404e-02 1.3086392955532905e-02 0.0000000000000000e+00 1
1.6150573430648713e-01 3.6800500384023649e-01 0.0000000000000000e+00 1
1.5064157152128849e-01 3.7207095803853474e-01 0.0000000000000000e+00 1
1.5255375338857713e-01 3.6054493000022070e-01 0.0000000000000000e+00 1
1.4148624177012620e-01 3.6470562781813476e-01 0.0000000000000000e+00 1
1.4348219013480196e-01 3.5300656413640630e-01 0.0000000000000000e+00 1
1.3228420223331075e-01 3.5721872641267471e-01 0.0000000000000000e+00 1
1.3431189414589190e-01 3.4537798601893860e-01 0.0000000000000000e+00 1
1.2305182911720160e-01 3.4961011821906057e-01 0.0000000000000000e+00 1
1.2504926859602999e-01 3.3765713348524773e-01 0.0000000000000000e+00 1
-1.7102499303244069e-02 1.3666336216508357e-01 0.0000000000000000e+00 1
-7.3003308116826426e-02 -4.0375817831869903e-01 0.0000000000000000e+00 1
-6.3255863194374734e-02 -4.0801095672379717e-01 0.0000000000000000e+00 1
2.3848919772611946e-01 2.4816312253772135e-01 0.0000000000000000e+00 1
-2.8710640890072886e-01 -2.0704786582616225e-01 0.0000000000000000e+00 1
2.1343282984514714e-01 1.5715103625592586e-01 0.0000000000000000e+00 1
-2.9420052004415659e-01 -2.0366746406191272e-01 0.0000000000000000e+00 1
-8.9578311087382900e-02 -2.8090429453333698e-01 0.0000000000000000e+00 1
7.8211211613706737e-04 -4.1594507756953158e-01 0.0000000000000000e+00 1
1.1366444681977679e-01 3.4193650668941561e-01 0.0000000000000000e+00 1
1.1567517025356390e-01 3.2985375535135980e-01 0.0000000000000000e+00 1
1.8716057945358483e-01 1.6756517093463416e-01 0.0000000000000000e+00 1
7.8956192005150985e-02 -2.9134652522630833e-01 0.0000000000000000e+00 1
-2.0703147047928028e-01 -1.9612604031176184e-01 0.0000000000000000e+00 1
-3.5198913123661935e-01 -2.6840850985219233e-01 0.0000000000000000e+00 1
-3.5942032320994510e-01 -2.6460684166425774e-01 0.0000000000000000e+00 1
-3.6001192931784232e-01 -2.5655580071316991e-01 0.0000000000000000e+00 1
-3.6660413814952569e-01 -2.6091394848950045e-01 0.0000000000000000e+00 1
-3.4431304296082521e-01 -2.7211480750097344e-01 0.0000000000000000e+00 1
2.4631588139744792e-01 2.6968058224812375e-01 0.0000000000000000e+00 1
2.4400475706571984e-01 2.8274264068490085e-01 0.0000000000000000e+00 1
1.2701452683079067e-01 3.2580208387599896e-01 0.0000000000000000e+00 1
-6.4168644145519135e-02 -4.3540784737272221e-02 0.0000000000000000e+00 1
-6.2708500871307998e-02 -5.6100681757574003e-02 0.0000000000000000e+00 1
-9.0556345528801832e-02 -1.0251457075449545e-01 0.0000000000000000e+00 1
-8.7811548017679791e-02 -2.9219877941585781e-01 0.0000000000000000e+00 1
-3.4632830451684371e-01 -2.4698801067932866e-01 0.0000000000000000e+00 1
6.2554325261799604e-02 2.5616152882368476e-01 0.0000000000000000e+00 1
7.3020301428331949e-02 2.6418786083731455e-01 0.0000000000000000e+00 1
1.3957850083201387e-01 3.7608156696583356e-01 0.0000000000000000e+00 1
8.5743096067677164e-03 -4.1088263661572549e-01 0.0000000000000000e+00 1
1.2676989034073580e-01 1.3908601621791183e-01 0.0000000000000000e+00 1
-3.1750229528045637e-01 -2.2650584532117529e-01 0.0000000000000000e+00 1
2.4046579112397262e-03 7.7292290557657628e-02 0.0000000000000000e+00 1
1.3279736301578405e-02 8.5524271405289023e-02 0.0000000000000000e+00 1
3.1631243880841986e-02 1.2912782573644760e-01 0.0000000000000000e+00 1
5.6322516911547521e-02 -5.1956465256221177e-02 0.0000000000000000e+00 1
1.0413580876805598e-01 3.3417360758918679e-01 0.0000000000000000e+00 1
1.0618877308003129e-01 3.2196976273641048e-01 0.0000000000000000e+00 1
-1.4258269071956023e-01 -2.7907493516875059e-01 0.0000000000000000e+00 1
-1.3266601557992602e-01 -2.8354727930700485e-01 0.0000000000000000e+00 1
-6.8743586126659619e-03 -4.2203613004728069e-01 0.0000000000000000e+00 1
2.3183096036965473e-01 2.8731550736053957e-01 0.0000000000000000e+00 1
2.4185505048503586e-01 2.9565437520182652e-01 0.0000000000000000e+00 1
-1.6752401796367722e-02 -3.5658530983460821e-02 0.0000000000000000e+00 1
2.2897976850558131e-02 1.9689478209442135e-01 0.0000000000000000e+00 1
1.3786836151389709e-01 6.7529179865459740e-02 0.0000000000000000e+00 1
8.4008247849434059e-02 1.3334372818948163e-02 0.0000000000000000e+00 1
-8.0600165366972121e-02 -9.5291160246600726e-02 0.0000000000000000e+00 1
1.2071361346851528e-02 1.8864736612918356e-01 0.0000000000000000e+00 1
-3.0101622359857545e-02 -3.7330421122177748e-01 0.0000000000000000e+00 1
2.5404873747079249e-01 2.9121183236359044e-01 0.0000000000000000e+00 1
2.5170032151681365e-01 3.0399811436720736e-01 0.0000000000000000e+00 1
2.3968679887974631e-01 3.0838914036499587e-01 0.0000000000000000e+00 1
2.4938013605850698e-01 3.1661197161629401e-01 0.0000000000000000e+00 1
1.0794671675892936e-01 -2.2028442891583824e-01 0.0000000000000000e+00 1
5.2155310463447409e-02 -3.4842236489718126e-01 0.0000000000000000e+00 1
1.6375438300217043e-01 4.1827272531289994e-01 0.0000000000000000e+00 1
1.7164261588720192e-01 4.2530047080807809e-01 0.0000000000000000e+00 1
1.8100006014659947e-01 4.2215554431004798e-01 0.0000000000000000e+00 1
1.7917915024818193e-01 4.3214374509107528e-01 0.0000000000000000e+00 1
1.8850546312853966e-01 4.2888170473914267e-01 0.0000000000000000e+00 1
1.8673812622179281e-01 4.3851923058001968e-01 0.0000000000000000e+00 1
1.9583590772958509e-01 4.3530398622075606e-01 0.0000000000000000e+00 1
1.9430047841839787e-01 4.4448711121940454e-01 0.0000000000000000e+00 1
2.0299248670588249e-01 4.4151370826891628e-01 0.0000000000000000e+00 1
2.0151787213045663e-01 4.5045452117785434e-01 0.0000000000000000e+00 1
2.1004949104295123e-01 4.4757055663350892e-01 0.0000000000000000e+00 1
2.0840634359152505e-01 4.5651393108988497e-01 0.0000000000000000e+00 1
2.1697281938468255e-01 4.5350219159026595e-01 0.0000000000000000e+00 1
1.9986581288083141e-01 4.5963882636092057e-01 0.0000000000000000e+00 1
2.1546148556829686e-01 4.6242514306421550e-01 0.0000000000000000e+00 1
2.2387899615145868e-01 4.5938570666147571e-01 0.0000000000000000e+00 1
1.8498957083033191e-01 4.4709601066919902e-01 0.0000000000000000e+00 1
2.2553514522969356e-01 4.5043114806923168e-01 0.0000000000000000e+00 1
2.3241214990092476e-01 4.5641798131301781e-01 0.0000000000000000e+00 1
2.3071257677250812e-01 4.6526753539508570e-01 0.0000000000000000e+00 1
2.3921472252841078e-01 4.6238596131219950e-01 0.0000000000000000e+00 1
2.3743381232833008e-01 4.7112762660706120e-01 0.0000000000000000e+00 1
2.4590461486698451e-01 4.6829478546037590e-01 0.0000000000000000e+00 1
2.2911676271620654e-01 4.7397795089922973e-01 0.0000000000000000e+00 1
6.0579193592765590e-02 1.8121555146980489e-01 0.0000000000000000e+00 1
8.7068811187227854e-02 2.4601595122219869e-01 0.0000000000000000e+00 1
-4.7624930834046376e-02 9.8246854768760730e-02 0.0000000000000000e+00 1
-1.4349695099684378e-02 2.1151355166007434e-02 0.0000000000000000e+00 1
2.9409820163443035e-01 4.3020365531636040e-01 0.0000000000000000e+00 1
2.3748161573157475e-01 3.2096044869000029e-01 0.0000000000000000e+00 1
2.4710719399702799e-01 3.2899796903726009e-01 0.0000000000000000e+00 1
2.5891864711140389e-01 3.2479236910794507e-01 0.0000000000000000e+00 1
2.5670650699789443e-01 3.3708364089103771e-01 0.0000000000000000e+00 1
-2.3820166692682672e-02 -2.2050012919019329e-01 0.0000000000000000e+00 1
-1.4362223066756736e-02 -2.1352223699545364e-01 0.0000000000000000e+00 1
-2.6316104068478441e-01 -3.1880808639354730e-01 0.0000000000000000e+00 1
-2.5331314572002767e-01 -3.2319492959654827e-01 0.0000000000000000e+00 1
-2.7262606907155351e-01 -3.1452065118843792e-01 0.0000000000000000e+00 1
-1.3304643546784145e-01 -3.8935777530459786e-01 0.0000000000000000e+00 1
-1.4320930696896533e-01 -3.8486340115123641e-01 0.0000000000000000e+00 1
-2.6083616557205330e-01 -2.3223558193380348e-01 0.0000000000000000e+00 1
5.1161417822533500e-02 -3.3690812334903442e-01 0.0000000000000000e+00 1
1.3171233498754648e-02 -3.5197178684244801e-01 0.0000000000000000e+00 1
-1.3222264696608610e-01 -2.6694184865409049e-02 0.0000000000000000e+00 1
-1.2227217307555623e-01 -1.9126111083776189e-02 0.0000000000000000e+00 1
-2.7559711627777150e-01 -1.8333571002170224e-01 0.0000000000000000e+00 1
4.0614835026385673e-02 -3.3191308831941574e-01 0.0000000000000000e+00 1
2.0500409244534062e-01 4.3225404270455103e-01 0.0000000000000000e+00 1
1.7607145756694528e-01 1.5911381214734180e-01 0.0000000000000000e+00 1
1.1777613454769695e-01 -1.9988452206256629e-01 0.0000000000000000e+00 1
1.1642079195412108e-01 -1.8639074539869899e-01 0.0000000000000000e+00 1
6.0856085887760016e-02 2.6921776292175081e-01 0.0000000000000000e+00 1
7.1271416893979436e-02 2.7719269263547280e-01 0.0000000000000000e+00 1
5.0381083569317871e-02 2.6124791293816274e-01 0.0000000000000000e+00 1
8.3280787738606046e-02 2.7207716461608777e-01 0.0000000000000000e+00 1
8.1438401062890020e-02 2.8512787528630645e-01 0.0000000000000000e+00 1
-2.5687747057199217e-01 -2.8173439338254402e-01 0.0000000000000000e+00 1
-1.8850459082241446e-02 1.5020884950193880e-01 0.0000000000000000e+00 1
-2.8851774765367250e-01 -2.8364150205625815e-01 0.0000000000000000e+00 1
-2.9652252705114535e-01 -2.8921962669249923e-01 0.0000000000000000e+00 1
-3.0522576786373951e-01 -2.8513617911093825e-01 0.0000000000000000e+00 1
-3.0454744148404062e-01 -2.9482305062421321e-01 0.0000000000000000e+00 1
-3.1334782181320986e-01 -2.9070640945427095e-01 0.0000000000000000e+00 1
2.5992791221884852e-02 -3.8921242260725075e-01 0.0000000000000000e+00 1
3.4917170455489338e-02 -3.8314461820752171e-01 0.0000000000000000e+00 1
1.9286397248255410e-01 3.0983186494462689e-02 0.0000000000000000e+00 1
5.4765483549743275e-02 -1.4632691106634763e-01 0.0000000000000000e+00 1
4.4280483049003477e-02 -1.5449489939569330e-01 0.0000000000000000e+00 1
-1.4169152404321636e-01 -3.5261062690060366e-02 0.0000000000000000e+00 1
4.2543007513214298e-02 1.3745297357170566e-01 0.0000000000000000e+00 1
-1.6764542489846201e-01 -6.9598318978161461e-02 0.0000000000000000e+00 1
-1.7691264360783349e-01 -7.6665332885089074e-02 0.0000000000000000e+00 1
-1.7555036682980890e-01 -8.8046368846668971e-02 0.0000000000000000e+00 1
9.5062258835376570e-02 2.1822732031677370e-02 0.0000000000000000e+00 1
-3.2470606715916728e-01 -2.3158021994842398e-01 0.0000000000000000e+00 1
-2.5749183879177451e-01 -1.6885178831900499e-01 0.0000000000000000e+00 1
-2.5120029347665401e-01 -1.6400093314483891e-01 0.0000000000000000e+00 1
7.5911991089164563e-02 -2.5395894823790033e-01 0.0000000000000000e+00 1
8.7399168869619098e-02 -2.5927684741151802e-01 0.0000000000000000e+00 1
-7.2049405903329117e-02 -4.1442321807850102e-01 0.0000000000000000e+00 1
-8.2091834046683756e-02 -4.1050382564243831e-01 0.0000000000000000e+00 1
-6.2110239110425763e-02 -4.1837129115259730e-01 0.0000000000000000e+00 1
-3.6712254326744631e-01 -2.5315092451827376e-01 0.0000000000000000e+00 1
-3.7352598972723017e-01 -2.5750007229305394e-01 0.0000000000000000e+00 1
7.1385412620347380e-02 1.8951499960937712e-01 0.0000000000000000e+00 1
2.1184955206039813e-01 1.7049985162172224e-01 0.0000000000000000e+00 1
2.2468170947883254e-01 1.6583883756707127e-01 0.0000000000000000e+00 1
2.2709598132994238e-01 1.5247598867875523e-01 0.0000000000000000e+00 1
9.4532287457206654e-02 3.2633245886583473e-01 0.0000000000000000e+00 1
1.7012381881304120e-01 4.3482191144591653e-01 0.0000000000000000e+00 1
1.2650335512273775e-01 5.8902954335730784e-02 0.0000000000000000e+00 1
-1.5250840525076387e-01 -2.7429804321719475e-01 0.0000000000000000e+00 1
-1.0427951730161067e-01 -3.8054100438903793e-01 0.0000000000000000e+00 1
-9.6228287206426927e-02 3.0669713249836666e-02 0.0000000000000000e+00 1
-8.5808249588545521e-02 3.8625544137970529e-02 0.0000000000000000e+00 1
8.8843428670815419e-02 2.3280798546186421e-01 0.0000000000000000e+00 1
-3.5152849594431262e-01 -2.7701341157214110e-01 0.0000000000000000e+00 1
-3.4366576022685646e-01 -2.8089805230139564e-01 0.0000000000000000e+00 1
1.2104740957640020e-01 3.6149059581179638e-01 0.0000000000000000e+00 1
-1.9451549951511710e-01 -2.2614662154276594e-01 0.0000000000000000e+00 1
5.8071947662249268e-02 -6.5383953432929437e-02 0.0000000000000000e+00 1
4.7336861540145034e-02 -7.3597609379688053e-02 0.0000000000000000e+00 1
1.9463448127454508e-01 1.6402673359635203e-02 0.0000000000000000e+00 1
2.6838745808534492e-01 3.3287851815470876e-01 0.0000000000000000e+00 1
2.6625974420736209e-01 3.4502195101656907e-01 0.0000000000000000e+00 1
-5.8367295058625590e-02 9.0037749532345140e-02 0.0000000000000000e+00 1
-1.2998927656295248e-02 8.2496708515940285e-03 0.0000000000000000e+00 1
-7.4964767974487256e-02 -3.8276193181895390e-01 0.0000000000000000e+00 1
-3.7301388340832264e-01 -2.6507838718096971e-01 0.0000000000000000e+00 1
-1.0657147291070759e-01 2.2782460409107745e-02 0.0000000000000000e+00 1
-3.7968727919340162e-01 -2.6156255006170775e-01 0.0000000000000000e+00 1
1.2880205655787336e-01 -1.9209649285679123e-01 0.0000000000000000e+00 1
1.2747891149128671e-01 -1.7853127154555504e-01 0.0000000000000000e+00 1
-1.2548820795007035e-01 -2.6615587227050197e-01 0.0000000000000000e+00 1
-2.8164244342492621e-03 -2.1844148630906085e-01 0.0000000000000000e+00 1
-4.0634784639342041e-03 -2.0617074184135589e-01 0.0000000000000000e+00 1
-1.3384809111069523e-01 -1.4288535808665912e-02 0.0000000000000000e+00 1
1.9469049870826419e-01 2.2661509808620642e-01 0.0000000000000000e+00 1
1.9687987055308417e-01 2.1317929899991628e-01 0.0000000000000000e+00 1
-1.4127254836504358e-01 -2.9012104532286376e-01 0.0000000000000000e+00 1
-1.3138897011824352e-01 -2.9462103044200194e-01 0.0000000000000000e+00 1
-2.2104095499889143e-01 -2.8840768507637277e-01 0.0000000000000000e+00 1
7.9870233906996366e-02 -3.0379329230975910e-01 0.0000000000000000e+00 1
9.0152639978434590e-02 -2.9660764887908331e-01 0.0000000000000000e+00 1
2.6391669201409040e-01 2.9963127872828837e-01 0.0000000000000000e+00 1
1.4983582344660962e-02 7.1967999377275410e-02 0.0000000000000000e+00 1
9.6318043641029603e-03 -4.1994222304117734e-01 0.0000000000000000e+00 1
-1.8607059870497245e-01 -8.3558726644802267e-02 0.0000000000000000e+00 1
-1.8468307335408651e-01 -9.4858908831745442e-02 0.0000000000000000e+00 1
-9.7943365242770086e-02 4.3682968089709284e-02 0.0000000000000000e+00 1
-8.7490173320389969e-02 5.1659200276256000e-02 0.0000000000000000e+00 1
-2.9362511605348829e-01 -2.1138585720128256e-01 0.0000000000000000e+00 1
-3.0033965147412633e-01 -2.0803349381772435e-01 0.0000000000000000e+00 1
2.3583828468785664e-01 4.7972519048478329e-01 0.0000000000000000e+00 1
2.4505777373539733e-01 3.4123507545581644e-01 0.0000000000000000e+00 1
-2.9485143876997848e-02 1.4195206976233291e-01 0.0000000000000000e+00 1
6.9581706187202316e-02 2.9005849571024034e-01 0.0000000000000000e+00 1
-7.9076725255080749e-02 -1.0729358958542104e-01 0.0000000000000000e+00 1
-8.9554084804447154e-02 -1.1417995686792681e-01 0.0000000000000000e+00 1
2.4771431964775364e-01 4.5946552361440485e-01 0.0000000000000000e+00 1
2.5443371257529568e-01 4.6547555671264007e-01 0.0000000000000000e+00 1
2.5260113963134573e-01 4.7420230908756977e-01 0.0000000000000000e+00 1
2.6105070896064564e-01 4.7146616858084728e-01 0.0000000000000000e+00 1
-8.1421447273925543e-02 -2.6275558223370554e-01 0.0000000000000000e+00 1
6.1705246656832552e-02 -3.4183420974053769e-01 0.0000000000000000e+00 1
-1.2248946404224879e-01 -2.8799144016201023e-01 0.0000000000000000e+00 1
-1.2121899366230535e-01 -2.9909660755008033e-01 0.0000000000000000e+00 1
-7.7990682631313105e-02 -2.9698212464391743e-01 0.0000000000000000e+00 1
1.4526609686056499e-01 3.4158247010435600e-01 0.0000000000000000e+00 1
-2.4346253206443186e-01 -1.6704021045541242e-01 0.0000000000000000e+00 1
-2.4450995806750081e-01 -1.5855682172970742e-01 0.0000000000000000e+00 1
1.7403009486996004e-01 1.7265312686357764e-01 0.0000000000000000e+00 1
-2.8853787614426346e-01 -1.9059014097974794e-01 0.0000000000000000e+00 1
-5.2412403516625995e-02 -4.8550899485407938e-02 0.0000000000000000e+00 1
-5.1179908667805252e-02 -6.1026357976613932e-02 0.0000000000000000e+00 1
1.9097727919021792e-01 4.1873211881615491e-01 0.0000000000000000e+00 1
2.3413190247572305e-01 4.4734822786006023e-01 0.0000000000000000e+00 1
2.2711069540010353e-01 4.4123771102612486e-01 0.0000000000000000e+00 1
-2.3423437085483410e-02 -9.2070810151740918e-05 0.0000000000000000e+00 1
-6.3246249279861763e-02 -2.4933410332199324e-01 0.0000000000000000e+00 1
5.9795522582484703e-02 -7.8778797998881919e-02 0.0000000000000000e+00 1
4.9108128163892720e-02 -8.6974562005777759e-02 0.0000000000000000e+00 1
-6.0107189362850484e-02 1.0344744933680405e-01 0.0000000000000000e+00 1
2.2778659724951150e-01 3.1282684861304599e-01 0.0000000000000000e+00 1
-3.2513521174687865e-01 -2.2303683230870677e-01 0.0000000000000000e+00 1
-3.3263423743424214e-01 -2.2838594369246051e-01 0.0000000000000000e+00 1
-5.9224530650132452e-02 -2.8381130231687168e-01 0.0000000000000000e+00 1
-3.0184834415325124e-01 -2.3368802963224289e-01 0.0000000000000000e+00 1
-3.1233171902699702e-01 -3.0089272879686013e-01 0.0000000000000000e+00 1
-3.0371660419432112e-01 -3.0465284183289254e-01 0.0000000000000000e+00 1
-3.2126359013872918e-01 -2.9577651798922572e-01 0.0000000000000000e+00 1
4.4522909442031501e-02 1.2353137688059029e-01 0.0000000000000000e+00 1
1.3833109675184532e-01 1.4726682849201181e-01 0.0000000000000000e+00 1
-2.6230259599227745e-01 -3.2944347943058450e-01 0.0000000000000000e+00 1
-2.5225019597202047e-01 -3.3391971537877613e-01 0.0000000000000000e+00 1
1.3975127312606522e-01 1.3367430433862629e-01 0.0000000000000000e+00 1
-4.3407563363112370e-02 -2.3479574312010926e-01 0.0000000000000000e+00 1
-8.7219578596906058e-02 -3.0356678884497879e-01 0.0000000000000000e+00 1
1.0221127434314765e-01 3.4633707434070171e-01 0.0000000000000000e+00 1
1.7304657675890713e-02 -4.1498197060157449e-01 0.0000000000000000e+00 1
2.5811697986710295e-02 8.0041470055825167e-02 0.0000000000000000e+00 1
-1.7400005701386184e-01 -9.9587042699344222e-02 0.0000000000000000e+00 1
-1.8327045059435249e-01 -1.0620949216792791e-01 0.0000000000000000e+00 1
-1.9367375060803504e-01 -1.0153913148085486e-01 0.0000000000000000e+00 1
-1.9236644895641378e-01 -1.1258507471641599e-01 0.0000000000000000e+00 1
-2.0245459032446148e-01 -1.0818673039877391e-01 0.0000000000000000e+00 1
-2.0114750280615384e-01 -1.1915037198786604e-01 0.0000000000000000e+00 1
-2.1100817693758683e-01 -1.1484427333354458e-01 0.0000000000000000e+00 1
-2.0983347539506358e-01 -1.2539050204862567e-01 0.0000000000000000e+00 1
1.0354175353608941e-02 2.0212042161551694e-01 0.0000000000000000e+00 1
-3.9438484569612992e-02 -2.6965692152584331e-01 0.0000000000000000e+00 1
1.3996443898757488e-01 -1.8424123560648945e-01 0.0000000000000000e+00 1
1.3866081620042103e-01 -1.7058195469780257e-01 0.0000000000000000e+00 1
1.2610898274717694e-01 -1.6488560495395113e-01 0.0000000000000000e+00 1
1.3731234278955376e-01 -1.5686847930432987e-01 0.0000000000000000e+00 1
7.3207435855913591e-02 1.7574835147172302e-01 0.0000000000000000e+00 1
2.6629817336987199e-01 2.8675941461141774e-01 0.0000000000000000e+00 1
-3.8016055910492730e-01 -2.5437997008783919e-01 0.0000000000000000e+00 1
-3.8609382700606815e-01 -2.5821976866254731e-01 0.0000000000000000e+00 1
2.2327605837903644e-01 1.7951291502263603e-01 0.0000000000000000e+00 1
2.3592308418272423e-01 1.7460551552540329e-01 0.0000000000000000e+00 1
9.7008070534745319e-02 8.0128973576586784e-03 0.0000000000000000e+00 1
8.5800653946480010e-02 -2.7865656952196671e-04 0.0000000000000000e+00 1
1.1904221335418286e-01 2.6835145092322704e-01 0.0000000000000000e+00 1
1.1693149462446084e-01 2.8108357227279990e-01 0.0000000000000000e+00 1
1.2705308320064682e-01 2.8926500017980594e-01 0.0000000000000000e+00 1
-5.3860708355980398e-02 -4.1230519230362345e-01 0.0000000000000000e+00 1
-5.2730540560088468e-02 -4.2238932735132245e-01 0.0000000000000000e+00 1
1.2472078814415287e-01 7.3015864888171883e-02 0.0000000000000000e+00 1
-1.6205305365530491e-02 -2.0155740328657934e-01 0.0000000000000000e+00 1
-5.7643227405622978e-03 -1.9404540765444092e-01 0.0000000000000000e+00 1
5.9279655213369687e-03 -1.9892086285264532e-01 0.0000000000000000e+00 1
5.0480867701986343e-03 -1.8646531487003590e-01 0.0000000000000000e+00 1
6.0705464538584337e-02 -3.3015506331769001e-01 0.0000000000000000e+00 1
6.8853468850769983e-02 -5.7150402939115399e-02 0.0000000000000000e+00 1
6.7071350144360817e-02 -4.3626876136907411e-02 0.0000000000000000e+00 1
-1.0401555857746914e-01 -3.9173271243755164e-01 0.0000000000000000e+00 1
-1.1284382829254874e-01 -3.9813130114778611e-01 0.0000000000000000e+00 1
2.7762728744595044e-01 3.4083190828505605e-01 0.0000000000000000e+00 1
2.7546224176119788e-01 3.5287693282580107e-01 0.0000000000000000e+00 1
2.6419322530434991e-01 3.5699531002960250e-01 0.0000000000000000e+00 1
2.7323470620641011e-01 3.6471785134223178e-01 0.0000000000000000e+00 1
-2.3239249562957581e-03 1.6356074354431899e-02 0.0000000000000000e+00 1
-3.6972584684141331e-03 2.9337168675084971e-02 0.0000000000000000e+00 1
-2.8725031689055103e-01 -2.1520709350511880e-01 0.0000000000000000e+00 1
-3.1835575603290289e-01 -2.1819502583558018e-01 0.0000000000000000e+00 1
-5.3579171953193130e-04 1.9385918079750419e-01 0.0000000000000000e+00 1
5.2931989672985166e-02 -3.5974528098888414e-01 0.0000000000000000e+00 1
9.9337096752227821e-02 2.4094331408806074e-01 0.0000000000000000e+00 1
1.2979822539490507e-01 -2.0523380227335619e-01 0.0000000000000000e+00 1
3.1099367311956266e-01 4.7598125243673084e-01 0.0000000000000000e+00 1
-7.0491366920969717e-02 -4.2496501062419301e-01 0.0000000000000000e+00 1
-1.5829140310102618e-01 -6.2482596009479724e-02 0.0000000000000000e+00 1
-1.6915633177299777e-01 -5.7925165842152057e-02 0.0000000000000000e+00 1
7.1366106448914862e-02 -3.3514055393856018e-01 0.0000000000000000e+00 1
-3.2190824025370590e-01 -2.6659722191155633e-01 0.0000000000000000e+00 1
-1.2385515191765378e-01 -6.6698658328542418e-03 0.0000000000000000e+00 1
2.5918742053712718e-01 4.8006432049102588e-01 0.0000000000000000e+00 1
2.6754480273146608e-01 4.7737156093333716e-01 0.0000000000000000e+00 1
-4.9398166946771301e-02 1.1168782205087587e-01 0.0000000000000000e+00 1
-3.7934644031686604e-01 -2.6905652298106653e-01 0.0000000000000000e+00 1
2.3391088626064849e-01 1.8816597669043916e-01 0.0000000000000000e+00 1
-6.9606273690259540e-02 -9.9892064551627593e-02 0.0000000000000000e+00 1
-1.4438701992665526e-01 -3.7378920891927742e-01 0.0000000000000000e+00 1
-1.5343556911635137e-01 -3.8034611231017124e-01 0.0000000000000000e+00 1
2.5633715987178368e-01 4.5655927802921276e-01 0.0000000000000000e+00 1
-7.5309604922071574e-02 4.6598101535823305e-02 0.0000000000000000e+00 1
-7.7176421185627342e-02 5.9824998092795761e-02 0.0000000000000000e+00 1
-3.0118502350685972e-01 -2.0028408934172284e-01 0.0000000000000000e+00 1
-2.7433423445132205e-01 -2.6320257805224118e-01 0.0000000000000000e+00 1
-2.1947363404737749e-01 -1.2124017469236824e-01 0.0000000000000000e+00 1
-2.1820117235975081e-01 -1.3156045536440089e-01 0.0000000000000000e+00 1
-2.2760303644389360e-01 -1.2746185137433247e-01 0.0000000000000000e+00 1
-2.2604859041708839e-01 -1.3706487170029522e-01 0.0000000000000000e+00 1
-7.0633625789149820e-02 -8.7827978544322616e-02 0.0000000000000000e+00 1
2.8004623229169312e-01 3.2872518607564183e-01 0.0000000000000000e+00 1
-2.0873204353898483e-01 -1.3573670688077222e-01 0.0000000000000000e+00 1
-1.1364592696454128e-02 -3.7043027959168997e-03 0.0000000000000000e+00 1
-7.1488809293448422e-03 -1.8169745414672236e-01 0.0000000000000000e+00 1
3.1851551354167180e-03 -1.7420131089232394e-01 0.0000000000000000e+00 1
1.5291631540825268e-02 -1.7916316382145336e-01 0.0000000000000000e+00 1
1.4012427563445156e-02 -1.6652774231948059e-01 0.0000000000000000e+00 1
2.2761855301075595e-01 4.8248412122557666e-01 0.0000000000000000e+00 1
-2.3627543137944992e-01 -1.6189496743277079e-01 0.0000000000000000e+00 1
-1.3517554257438003e-01 -2.2142144718782612e-03 0.0000000000000000e+00 1
9.6665530902470279e-02 3.1415658690483261e-01 0.0000000000000000e+00 1
8.4942102407917400e-02 3.1849520611673543e-01 0.0000000000000000e+00 1
2.3600663808822575e-01 4.3802791478878406e-01 0.0000000000000000e+00 1
-3.0712545120915113e-01 -2.0434434829560633e-01 0.0000000000000000e+00 1
2.6208097170607231e-01 3.6876989552278555e-01 0.0000000000000000e+00 1
2.7108870502957383e-01 3.7632427943184071e-01 0.0000000000000000e+00 1
2.8213114547370394e-01 3.7241268242846043e-01 0.0000000000000000e+00 1
2.8000130645473925e-01 3.8388282775000948e-01 0.0000000000000000e+00 1
-1.4203590493423565e-01 -3.9594704009880743e-01 0.0000000000000000e+00 1
1.8407326987073969e-01 2.1794722040709785e-01 0.0000000000000000e+00 1
8.6202945541425435e-02 -2.4675542489025351e-01 0.0000000000000000e+00 1
9.7808738371455345e-02 -2.5212912166051393e-01 0.0000000000000000e+00 1
9.8952811671707191e-02 -2.6468007823896428e-01 0.0000000000000000e+00 1
1.0956716772276706e-01 -2.5735376513010794e-01 0.0000000000000000e+00 1
-2.8761612190581992e-01 -2.9343693672923871e-01 0.0000000000000000e+00 1
-2.4342237508634815e-01 -3.2761690788900583e-01 0.0000000000000000e+00 1
-2.4228500517831233e-01 -3.3842144067891045e-01 0.0000000000000000e+00 1
1.2472897301760319e-01 -1.5119279931663923e-01 0.0000000000000000e+00 1
1.3595825340627951e-01 -1.4306698622346972e-01 0.0000000000000000e+00 1
1.4855007765488065e-01 -1.4878258367297595e-01 0.0000000000000000e+00 1
1.4727853079661637e-01 -1.3489148686325003e-01 0.0000000000000000e+00 1
-3.7265246035433353e-01 -2.7262133592555832e-01 0.0000000000000000e+00 1
2.2561051062668239e-01 3.2524473975590185e-01 0.0000000000000000e+00 1
-5.9826187120724364e-02 -9.2360176781909026e-02 0.0000000000000000e+00 1
1.3449214196366888e-01 -1.2916515244055934e-01 0.0000000000000000e+00 1
1.4584197631502940e-01 -1.2088029949048136e-01 0.0000000000000000e+00 1
1.5875156978697577e-01 -1.2667504314772124e-01 0.0000000000000000e+00 1
1.5731315425835091e-01 -1.1258859025358861e-01 0.0000000000000000e+00 1
1.8644076870369589e-01 2.0480830672189956e-01 0.0000000000000000e+00 1
7.9469561902744165e-02 -4.8877676217540161e-02 0.0000000000000000e+00 1
7.7814198708640703e-02 -3.5375127405841117e-02 0.0000000000000000e+00 1
1.4435173709879984e-01 -1.0681890112280586e-01 0.0000000000000000e+00 1
1.5584409056942811e-01 -9.8468573651681934e-02 0.0000000000000000e+00 1
1.7028742819482573e-01 -1.1840402338413261e-01 0.0000000000000000e+00 1
2.0720396715508088e-01 2.5471068769022710e-02 0.0000000000000000e+00 1
2.0469302921107940e-01 3.9909110693403714e-02 0.0000000000000000e+00 1
4.3067259897570112e-02 -1.4143589087371569e-01 0.0000000000000000e+00 1
4.8713345716091164e-02 2.7427411284595637e-01 0.0000000000000000e+00 1
3.8009469260185495e-02 2.6660328662420074e-01 0.0000000000000000e+00 1
-2.7968121416072356e-01 -2.8772579461975412e-01 0.0000000000000000e+00 1
2.9033129263262214e-01 3.7992545951709983e-01 0.0000000000000000e+00 1
2.8866818806574546e-01 3.9130971153681526e-01 0.0000000000000000e+00 1
3.5802890655597379e-02 -3.9395924411369382e-01 0.0000000000000000e+00 1
4.4793423631094453e-02 -3.8780011146719406e-01 0.0000000000000000e+00 1
-1.8198260298711255e-01 -1.1732030131740495e-01 0.0000000000000000e+00 1
2.7123352902667694e-02 6.7229887259915522e-02 0.0000000000000000e+00 1
1.6535829728526828e-02 5.8568117168283196e-02 0.0000000000000000e+00 1
-2.5861572240380221e-01 -1.6111952390829165e-01 0.0000000000000000e+00 1
-2.6451031703694905e-01 -1.6584416693831630e-01 0.0000000000000000e+00 1
-3.1193517215788089e-02 1.5549839909883231e-01 0.0000000000000000e+00 1
-2.0557733399123836e-02 1.6375295044783844e-01 0.0000000000000000e+00 1
5.5505052650586029e-02 1.3182541706726864e-01 0.0000000000000000e+00 1
-1.0267299731587146e-01 -4.0252212703900359e-01 0.0000000000000000e+00 1
-1.1162610000333154e-01 -4.0893738086526504e-01 0.0000000000000000e+00 1
-1.0150054378605083e-01 -4.1329712973383692e-01 0.0000000000000000e+00 1
-7.6767051797471536e-02 -3.0857482172318107e-01 0.0000000000000000e+00 1
-2.1244621711491579e-01 -1.0406535546194315e-01 0.0000000000000000e+00 1
2.7624721842415684e-01 2.9523713407280294e-01 0.0000000000000000e+00 1
1.5130949886268225e-03 -1.6191088407155579e-01 0.0000000000000000e+00 1
-3.2576355855305150e-01 -2.1479865124942799e-01 0.0000000000000000e+00 1
2.8880075140565681e-01 3.4889180441746265e-01 0.0000000000000000e+00 1
-6.8836171721696843e-02 -1.1100943281823483e-01 0.0000000000000000e+00 1
-3.2121794720377306e-01 -2.8538777716016528e-01 0.0000000000000000e+00 1
1.0806840786513330e-01 1.6614390602947626e-02 0.0000000000000000e+00 1
1.0604291569444139e-01 3.0392042888205587e-02 0.0000000000000000e+00 1
-4.4680877082022431e-02 -4.1655634230739952e-01 0.0000000000000000e+00 1
-4.3641868168919670e-02 -4.2637211375981537e-01 0.0000000000000000e+00 1
-3.5684164395379317e-02 -4.2068313837904758e-01 0.0000000000000000e+00 1
-3.4692384305821819e-02 -4.3032339745916015e-01 0.0000000000000000e+00 1
1.6273622377640601e-01 1.6410901376996290e-01 0.0000000000000000e+00 1
8.2866541795732176e-02 3.3075838269809948e-01 0.0000000000000000e+00 1
-3.6069067199290417e-01 -2.4870403962801302e-01 0.0000000000000000e+00 1
-3.6769746531273778e-01 -2.4542015005084764e-01 0.0000000000000000e+00 1
-3.6120903179139391e-01 -2.4066240027550839e-01 0.0000000000000000e+00 1
8.4019745669891566e-02 1.8425568655419766e-01 0.0000000000000000e+00 1
2.6922319869649713e-01 4.6903778627837356e-01 0.0000000000000000e+00 1
2.7560390757575592e-01 4.7504128793652178e-01 0.0000000000000000e+00 1
2.7399868361982654e-01 4.8323240930808165e-01 0.0000000000000000e+00 1
2.8211903229355928e-01 4.8067146860947074e-01 0.0000000000000000e+00 1
1.9872766964213587e-01 1.9959843574750669e-01 0.0000000000000000e+00 1
-5.1503114563404728e-02 -4.3203455511464417e-01 0.0000000000000000e+00 1
6.1529533388034172e-02 -9.2148778397656395e-02 0.0000000000000000e+00 1
5.0829290697993246e-02 -1.0026845856942225e-01 0.0000000000000000e+00 1
3.8300765728963432e-02 -9.4997066951584344e-02 0.0000000000000000e+00 1
-3.5103041937850182e-01 -2.8578848076974367e-01 0.0000000000000000e+00 1
-3.4267714651663544e-01 -2.9162271680615776e-01 0.0000000000000000e+00 1
-2.4590778168279476e-01 -2.0463716359844691e-01 0.0000000000000000e+00 1
1.8137831870013180e-02 -4.2449278492699127e-01 0.0000000000000000e+00 1
9.3378528889739281e-03 -4.2930108562836383e-01 0.0000000000000000e+00 1
2.2107263182619885e-01 4.7692372642978853e-01 0.0000000000000000e+00 1
2.5090232774362176e-01 4.8277130805030855e-01 0.0000000000000000e+00 1
1.8554044711499126e-01 4.0109984370320906e-01 0.0000000000000000e+00 1
-9.9664536758650349e-02 5.6710555126875936e-02 0.0000000000000000e+00 1
1.0112487666529886e-01 2.2770044714847815e-01 0.0000000000000000e+00 1
1.1344175324479928e-01 6.4428803399854351e-02 0.0000000000000000e+00 1
-2.6111981216170121e-01 -3.4021967771653727e-01 0.0000000000000000e+00 1
2.4783781041902755e-01 1.8336971436541338e-01 0.0000000000000000e+00 1
2.4534929266707098e-01 1.9652264387388962e-01 0.0000000000000000e+00 1
-8.5558691761807165e-02 -1.7355306569715073e-01 0.0000000000000000e+00 1
-8.7036319033712617e-02 -1.6135975658328869e-01 0.0000000000000000e+00 1
-9.6595188751167710e-02 -1.6874945719586587e-01 0.0000000000000000e+00 1
-9.8060367736029080e-02 -1.5665473639611138e-01 0.0000000000000000e+00 1
-1.0747119242392064e-01 -1.6399639424846896e-01 0.0000000000000000e+00 1
-8.8574605385654731e-02 -1.4900791432011545e-01 0.0000000000000000e+00 1
-1.0873807206036892e-01 -1.5210180159677256e-01 0.0000000000000000e+00 1
-1.0612280499470968e-01 -1.7580516351547651e-01 0.0000000000000000e+00 1
-1.1683504863974800e-01 -1.7116597459853128e-01 0.0000000000000000e+00 1
-1.1552662284894574e-01 -1.8259424690328957e-01 0.0000000000000000e+00 1
-1.2610599063732739e-01 -1.7809735707575480e-01 0.0000000000000000e+00 1
-1.2455716635692340e-01 -1.8963624659533243e-01 0.0000000000000000e+00 1
-1.3514317420095462e-01 -1.8498625079410358e-01 0.0000000000000000e+00 1
-1.3361327816063245e-01 -1.9639234164167779e-01 0.0000000000000000e+00 1
-1.4404069489490978e-01 -1.9180988349152617e-01 0.0000000000000000e+00 1
-1.4264155185923039e-01 -2.0315699983268123e-01 0.0000000000000000e+00 1
-1.5282413687563334e-01 -1.9852966346432888e-01 0.0000000000000000e+00 1
-1.3632311835938377e-01 -1.7330071985123133e-01 0.0000000000000000e+00 1
2.7792517803852224e-01 3.9507068129145845e-01 0.0000000000000000e+00 1
2.5304461976694181e-01 3.6113157167583088e-01 0.0000000000000000e+00 1
1.0836055119708375e-01 3.0966007971604753e-01 0.0000000000000000e+00 1
-3.3141416625643405e-02 1.6900801858385095e-01 0.0000000000000000e+00 1
-2.3593174836589809e-01 -1.3432075497524767e-01 0.0000000000000000e+00 1
4.6535197149525517e-02 -2.8793303657335090e-01 0.0000000000000000e+00 1
4.7602134171774176e-02 -3.0009766099689994e-01 0.0000000000000000e+00 1
-2.1289828429820337e-01 -2.1921758194731034e-01 0.0000000000000000e+00 1
-3.8647449037380854e-01 -2.5141855285300807e-01 0.0000000000000000e+00 1
-7.0842316625045518e-02 9.5244043025881880e-02 0.0000000000000000e+00 1
-7.2583108223316539e-02 1.0864449753780921e-01 0.0000000000000000e+00 1
-1.5391857546258381e-01 -9.7390245254594859e-02 0.0000000000000000e+00 1
-1.2894782617316292e-01 -5.1511310244092369e-02 0.0000000000000000e+00 1
2.5609666141075085e-02 -1.7173411400208810e-01 0.0000000000000000e+00 1
-9.1557654922737042e-03 -2.6182747197966338e-01 0.0000000000000000e+00 1
3.1023036014630861e-01 4.4227279188734536e-01 0.0000000000000000e+00 1
-3.2026300802204632e-01 -3.0684898203502853e-01 0.0000000000000000e+00 1
-1.5161232182567155e-01 -2.0925282564165809e-01 0.0000000000000000e+00 1
-1.6149849257389334e-01 -2.0498925946255819e-01 0.0000000000000000e+00 1
-1.6280483796798209e-01 -1.9433572666207538e-01 0.0000000000000000e+00 1
-1.7130400747004515e-01 -2.0076849567469093e-01 0.0000000000000000e+00 1
3.2987707447635392e-02 -1.5009081470896030e-01 0.0000000000000000e+00 1
2.0884429237492497e-01 1.0822524807041357e-02 0.0000000000000000e+00 1
1.9649407885479497e-01 1.8100360033626204e-03 0.0000000000000000e+00 1
2.1007195939036560e-01 -3.9756967493222387e-03 0.0000000000000000e+00 1
1.9815683046821064e-01 -1.2845694722034593e-02 0.0000000000000000e+00 1
-2.2329282483112917e-02 1.7727928004566507e-01 0.0000000000000000e+00 1
2.1132850395755295e-02 2.1035295039170354e-01 0.0000000000000000e+00 1
8.6422010201690058e-03 2.1556240148526187e-01 0.0000000000000000e+00 1
1.9388407434701587e-02 2.2376918518846395e-01 0.0000000000000000e+00 1
3.9205356225416321e-02 -1.0739221041472088e-01 0.0000000000000000e+00 1
5.1122984422035792e-02 -1.1227664136134098e-01 0.0000000000000000e+00 1
-9.2616540769684147e-02 4.6071774080657501e-03 0.0000000000000000e+00 1
1.3603753368132993e-01 8.1633349087183574e-02 0.0000000000000000e+00 1
1.2294047143433563e-01 8.7085355975777226e-02 0.0000000000000000e+00 1
1.3406246221608817e-01 9.5833998688506880e-02 0.0000000000000000e+00 1
9.8916361982099535e-02 -5.7769870127679125e-03 0.0000000000000000e+00 1
-4.0101739389164719e-02 -3.5776862838125539e-01 0.0000000000000000e+00 1
-1.1285056932864392e-01 -2.9251042103882918e-01 0.0000000000000000e+00 1
-1.1207323129976601e-01 -3.0315694252270181e-01 0.0000000000000000e+00 1
-1.2015979602726098e-01 -3.1014343740395739e-01 0.0000000000000000e+00 1
-1.1071197449947887e-01 -3.1363212632299192e-01 0.0000000000000000e+00 1
1.9845060399630993e-01 2.7465720097316276e-01 0.0000000000000000e+00 1
8.2042494200625649e-02 1.9784913657749159e-01 0.0000000000000000e+00 1
1.6383389151610028e-01 1.5027343694859244e-01 0.0000000000000000e+00 1
7.2211804369271770e-02 -3.4671651724449465e-01 0.0000000000000000e+00 1
-9.7103300966861587e-03 1.7204985351337398e-01 0.0000000000000000e+00 1
1.8464139767083868e-01 -7.0690347683401225e-03 0.0000000000000000e+00 1
1.8632487358659278e-01 -2.1651231711141344e-02 0.0000000000000000e+00 1
-3.1845295526035079e-02 -1.7309862546457178e-01 0.0000000000000000e+00 1
-2.7160224507642566e-01 -3.3541762823870303e-01 0.0000000000000000e+00 1
-6.7063390732771774e-02 -3.0173016682472853e-01 0.0000000000000000e+00 1
5.3381026146837020e-02 1.4573768220949818e-01 0.0000000000000000e+00 1
-2.3536289707931277e-01 -1.7062442908402436e-01 0.0000000000000000e+00 1
-4.1396823073350304e-02 -5.3625358360681052e-02 0.0000000000000000e+00 1
-3.9466979016289296e-02 -6.6195283301050151e-02 0.0000000000000000e+00 1
-4.3116747735435598e-02 -4.0963233470134031e-02 0.0000000000000000e+00 1
-1.2163226325069015e-01 -4.0458061194129574e-01 0.0000000000000000e+00 1
3.3323224915318646e-02 1.1558091281075653e-01 0.0000000000000000e+00 1
4.5995027333649866e-02 1.0943932049445103e-01 0.0000000000000000e+00 1
-3.3000923515461794e-01 -3.0053837771238395e-01 0.0000000000000000e+00 1
1.2879358465348906e-01 1.2518633126224432e-01 0.0000000000000000e+00 1
1.4185164624290802e-01 1.2004037927145501e-01 0.0000000000000000e+00 1
-2.7906446345126346e-02 1.2838924660240358e-01 0.0000000000000000e+00 1
-4.0255780465602159e-02 1.3337781426381512e-01 0.0000000000000000e+00 1
7.3349562289286213e-02 3.2303883165329061e-01 0.0000000000000000e+00 1
1.2098574200953868e-01 2.5521655666531945e-01 0.0000000000000000e+00 1
3.9848207826712972e-02 2.5330006536428940e-01 0.0000000000000000e+00 1
2.7431033267389895e-02 2.5868210104673295e-01 0.0000000000000000e+00 1
-3.0005583935758956e-01 -2.1595582211751352e-01 0.0000000000000000e+00 1
-1.1367378941133277e-01 -2.8148721803770999e-01 0.0000000000000000e+00 1
-3.5873190270806338e-01 -2.8154851022284388e-01 0.0000000000000000e+00 1
-2.6963676386447855e-02 -4.2457850633683819e-01 0.0000000000000000e+00 1
-2.6581057072414392e-02 -4.3422707704923252e-01 0.0000000000000000e+00 1
1.6625958774114477e-02 -1.0988011185829338e-01 0.0000000000000000e+00 1
4.1774255177071231e-03 -3.5843816208807910e-01 0.0000000000000000e+00 1
2.9954735963387278e-03 -3.4735641019642738e-01 0.0000000000000000e+00 1
-6.0319260351500469e-03 -3.5385745908436872e-01 0.0000000000000000e+00 1
1.2129105309620820e-02 -3.4077349152006486e-01 0.0000000000000000e+00 1
1.8180892774335878e-03 -3.3609465845145620e-01 0.0000000000000000e+00 1
-6.7681357149091834e-02 -3.6587531283073299e-01 0.0000000000000000e+00 1
2.3059728043553304e-01 2.2583000774392870e-01 0.0000000000000000e+00 1
9.7602875486590690e-02 2.5414886745611398e-01 0.0000000000000000e+00 1
9.5094998967341689e-03 -2.3554794417553646e-01 0.0000000000000000e+00 1
1.8024259226069822e-01 2.4474452800580193e-01 0.0000000000000000e+00 1
-1.5988495780171064e-01 -5.0734657545597452e-02 0.0000000000000000e+00 1
-2.6960039125081586e-01 -1.7865220023654405e-01 0.0000000000000000e+00 1
-2.7612575007359869e-01 -1.7606386932159723e-01 0.0000000000000000e+00 1
-2.8172451395848208e-01 -1.8033746521636423e-01 0.0000000000000000e+00 1
-1.5458993064464260e-01 -3.6921839605546036e-01 0.0000000000000000e+00 1
-1.6371817528360913e-01 -3.7577388296954628e-01 0.0000000000000000e+00 1
-1.6241628548799275e-01 -3.8674929017753834e-01 0.0000000000000000e+00 1
-1.7284897391283077e-01 -3.8239296251596011e-01 0.0000000000000000e+00 1
-1.7404392435389940e-01 -3.7114999788770231e-01 0.0000000000000000e+00 1
-1.8306818246173157e-01 -3.7745640625067411e-01 0.0000000000000000e+00 1
-1.8440799340129488e-01 -3.6645848357978156e-01 0.0000000000000000e+00 1
-1.9370736950432810e-01 -3.7238914700630149e-01 0.0000000000000000e+00 1
-1.9484762840162473e-01 -3.6174219568756910e-01 0.0000000000000000e+00 1
-2.0432983632057891e-01 -3.6804702476755469e-01 0.0000000000000000e+00 1
-2.0529237280625701e-01 -3.5715467908697685e-01 0.0000000000000000e+00 1
-2.1424488379430642e-01 -3.6327031077148170e-01 0.0000000000000000e+00 1
-2.1542044922620596e-01 -3.5277025615622543e-01 0.0000000000000000e+00 1
-2.2482832675926284e-01 -3.5930981852144711e-01 0.0000000000000000e+00 1
-2.0643791678631612e-01 -3.4602324824939346e-01 0.0000000000000000e+00 1
-1.7522878424255495e-01 -3.5988578479819150e-01 0.0000000000000000e+00 1
-2.1618144076156823e-01 -3.4174336075166245e-01 0.0000000000000000e+00 1
-1.7077473605441232e-01 -4.6289388532122888e-02 0.0000000000000000e+00 1
-5.6558447416388845e-02 7.6554031778849480e-02 0.0000000000000000e+00 1
6.5250809801346510e-02 -3.0132892744164919e-02 0.0000000000000000e+00 1
-2.0817974329044206e-01 -2.5746362239417353e-01 0.0000000000000000e+00 1
-1.9897946202730502e-01 -2.6153950679603361e-01 0.0000000000000000e+00 1
-2.0710844659528105e-01 -2.6756278354105417e-01 0.0000000000000000e+00 1
-1.9778648843467117e-01 -2.7167526028569428e-01 0.0000000000000000e+00 1
2.1962444869725919e-01 4.8522541668045427e-01 0.0000000000000000e+00 1
2.1329913633941389e-01 4.7989648799029472e-01 0.0000000000000000e+00 1
-1.1230250327847943e-01 -1.1535081903164077e-02 0.0000000000000000e+00 1
-1.2550927776503326e-01 5.6532092517868789e-03 0.0000000000000000e+00 1
-1.8749511269166699e-01 -7.2202859451745163e-02 0.0000000000000000e+00 1
-1.9653826628669235e-01 -7.9091106719545806e-02 0.0000000000000000e+00 1
-1.4034145229342193e-01 -3.0120881840078373e-01 0.0000000000000000e+00 1
-1.4986624354914563e-01 -2.9609964815239642e-01 0.0000000000000000e+00 1
7.4735759049857450e-02 -2.4140764773068851e-01 0.0000000000000000e+00 1
2.1599774938258959e-01 3.1723764364708618e-01 0.0000000000000000e+00 1
2.1803815926734429e-01 3.0475926876179649e-01 0.0000000000000000e+00 1
2.9232007879876287e-01 3.6873911334614573e-01 0.0000000000000000e+00 1
-1.2862398768787425e-01 -1.4192178754788137e-01 0.0000000000000000e+00 1
-2.3164651272370002e-01 -2.7427561908474474e-01 0.0000000000000000e+00 1
1.6349945482400538e-01 3.5652423494250773e-01 0.0000000000000000e+00 1
9.1208388742590060e-02 -3.0893791822822708e-01 0.0000000000000000e+00 1
1.0127912692368918e-01 -3.0203224425130676e-01 0.0000000000000000e+00 1
1.0045891648084657e-01 -2.8954680480812967e-01 0.0000000000000000e+00 1
-3.8068497571283222e-01 -2.4727015958605450e-01 0.0000000000000000e+00 1
2.4955571318151540e-01 4.5050515931186791e-01 0.0000000000000000e+00 1
-7.2930317380390020e-02 -6.3728467456999990e-02 0.0000000000000000e+00 1
-2.3780914083997945e-01 -1.5291962400363918e-01 0.0000000000000000e+00 1
-2.3022207320112825e-01 -1.5525883577361815e-01 0.0000000000000000e+00 1
-2.4640748983616903e-01 -1.4820486522669629e-01 0.0000000000000000e+00 1
1.7406254070480270e-01 2.1011615894944546e-01 0.0000000000000000e+00 1
-1.2544698550945645e-02 -1.4518068635452758e-01 0.0000000000000000e+00 1
1.6114269610301701e-01 1.7819915931978070e-01 0.0000000000000000e+00 1
-3.6815903173849668e-01 -2.3784897061309890e-01 0.0000000000000000e+00 1
-3.2920427264190738e-01 -2.7137966339948555e-01 0.0000000000000000e+00 1
1.2843239314811947e-01 4.5006250923677965e-02 0.0000000000000000e+00 1
1.1367385780833551e-01 -1.5938385755767964e-01 0.0000000000000000e+00 1
-1.8963086870711837e-01 -2.6562492450407549e-01 0.0000000000000000e+00 1
-1.8829827282409631e-01 -2.7588405141123695e-01 0.0000000000000000e+00 1
2.2867393910627137e-01 4.3183884811304041e-01 0.0000000000000000e+00 1
2.3438397641259751e-01 4.8797549795260997e-01 0.0000000000000000e+00 1
8.4718936927069711e-03 2.5625387799859737e-02 0.0000000000000000e+00 1
-2.1417988511947758e-01 -3.7483707223206592e-01 0.0000000000000000e+00 1
1.1043552263283440e-01 -2.7001311425235586e-01 0.0000000000000000e+00 1
1.2129896057643816e-01 -2.6278830137027531e-01 0.0000000000000000e+00 1
1.2021454331608997e-01 -2.4982233849993479e-01 0.0000000000000000e+00 1
-8.3512966937429642e-02 -3.8896062491918026e-01 0.0000000000000000e+00 1
-8.4649954378937436e-02 -3.7834879155389911e-01 0.0000000000000000e+00 1
-3.9202742112773237e-01 -2.5519109350167224e-01 0.0000000000000000e+00 1
-3.9168640872714994e-01 -2.6157297732545437e-01 0.0000000000000000e+00 1
9.9012993000648822e-02 3.0180433486873637e-01 0.0000000000000000e+00 1
-2.8239157369589379e-01 -1.7399526789406156e-01 0.0000000000000000e+00 1
-2.7725047703433714e-01 -1.6989064033805229e-01 0.0000000000000000e+00 1
-3.3574849103382140e-02 -4.3978883678307928e-01 0.0000000000000000e+00 1
-3.3932495748220304e-01 -2.4193960571380191e-01 0.0000000000000000e+00 1
-3.4693398651706647e-01 -2.3860241766868076e-01 0.0000000000000000e+00 1
2.5144061671031304e-01 3.7224601742390334e-01 0.0000000000000000e+00 1
1.5269231012426532e-01 1.2851942476108949e-01 0.0000000000000000e+00 1
2.6421058741272211e-02 -1.8421725942223000e-01 0.0000000000000000e+00 1
2.5056440086166754e-01 1.6856732083072887e-01 0.0000000000000000e+00 1
-1.7243546711151059e-01 -1.9021068046000159e-01 0.0000000000000000e+00 1
1.4313569683099664e-01 -9.2663350613018836e-02 0.0000000000000000e+00 1
1.5437643843974552e-01 -8.4274378358938515e-02 0.0000000000000000e+00 1
1.6742843281371339e-01 -9.0101535380068321e-02 0.0000000000000000e+00 1
1.6591282621194209e-01 -7.5786494990013803e-02 0.0000000000000000e+00 1
1.7909278589628513e-01 -8.1672388524933887e-02 0.0000000000000000e+00 1
1.7756460141728383e-01 -6.7304502722636619e-02 0.0000000000000000e+00 1
1.6434709659565444e-01 -6.1433660534918430e-02 0.0000000000000000e+00 1
1.7601463592267577e-01 -5.2915671218808337e-02 0.0000000000000000e+00 1
1.8951520171809239e-01 -5.8890818579051596e-02 0.0000000000000000e+00 1
8.7876232453692207e-02 1.5447141441726592e-01 0.0000000000000000e+00 1
-2.6551714828393325e-01 -1.5860897441692734e-01 0.0000000000000000e+00 1
2.5732887705561552e-01 4.8824936763901516e-01 0.0000000000000000e+00 1
-1.4480656409243819e-01 -9.4680721636454593e-03 0.0000000000000000e+00 1
-1.4654334892409693e-01 4.6250997217421553e-03 0.0000000000000000e+00 1
-1.7989370827025106e-01 -2.6962637375389431e-01 0.0000000000000000e+00 1
-1.7886538340406166e-01 -2.8014580725034610e-01 0.0000000000000000e+00 1
4.7392736522526846e-02 -1.8080554169401669e-01 0.0000000000000000e+00 1
1.6306584417321141e-01 -4.7478868077323724e-02 0.0000000000000000e+00 1
-3.5899557306304458e-01 -2.9061823872996539e-01 0.0000000000000000e+00 1
8.2807296634284600e-02 -6.3445805505880790e-02 0.0000000000000000e+00 1
1.2100117601736457e-01 1.0126676535186618e-01 0.0000000000000000e+00 1
1.5124768461217422e-01 -1.7629581801906047e-01 0.0000000000000000e+00 1
-1.6174722461813840e-01 -3.7174756499919033e-02 0.0000000000000000e+00 1
-1.1037886015568819e-01 -4.1950791189580250e-01 0.0000000000000000e+00 1
-1.0051970605800926e-01 -4.2386263815638681e-01 0.0000000000000000e+00 1
-4.5316696758270575e-02 -4.0626058605878612e-01 0.0000000000000000e+00 1
-8.5872256614759751e-02 -3.1509071609188261e-01 0.0000000000000000e+00 1
-2.3383786422665809e-01 -3.3197001167426365e-01 0.0000000000000000e+00 1
-1.7970765001096814e-01 -5.3860364831060367e-02 0.0000000000000000e+00 1
-1.6387187634692105e-01 -2.5871444299005569e-01 0.0000000000000000e+00 1
3.9684720522943993e-02 7.5129020263500115e-02 0.0000000000000000e+00 1
-2.2241922323311004e-02 -1.2483896541897233e-02 0.0000000000000000e+00 1
7.0492767017329899e-02 -3.2323409164969297e-01 0.0000000000000000e+00 1
8.1343446911059963e-02 -3.2842192527907543e-01 0.0000000000000000e+00 1
5.9640164072138409e-02 -3.1793884180008070e-01 0.0000000000000000e+00 1
-1.1873719956482294e-01 -3.2131991920905839e-01 0.0000000000000000e+00 1
2.5878803378650995e-02 -4.1914554956941474e-01 0.0000000000000000e+00 1
2.5232099145434721e-02 -4.0943607625230310e-01 0.0000000000000000e+00 1
1.0680191938841130e-01 2.7286997883170122e-01 0.0000000000000000e+00 1
7.4781003817170908e-03 2.2847770806911694e-01 0.0000000000000000e+00 1
-1.4953226362183439e-01 -3.0777629030845688e-01 0.0000000000000000e+00 1
-1.2737201658428685e-01 -1.5340504507909122e-01 0.0000000000000000e+00 1
-2.6430345955464785e-01 -2.9782174979403842e-01 0.0000000000000000e+00 1
-5.8151535840579409e-03 -2.7141711237310295e-02 0.0000000000000000e+00 1
-2.5944294615124402e-01 -1.5374499958784943e-01 0.0000000000000000e+00 1
2.9999404712175981e-01 3.8615890633579131e-01 0.0000000000000000e+00 1
2.9751004298805839e-01 3.9847966636009541e-01 0.0000000000000000e+00 1
-2.0601598655908379e-01 -2.7763023594916714e-01 0.0000000000000000e+00 1
3.6613911469493318e-02 -2.9500618586879407e-01 0.0000000000000000e+00 1
3.7695548646486172e-02 -3.0698429077845935e-01 0.0000000000000000e+00 1
2.9272884228330485e-02 2.4522647383681231e-01 0.0000000000000000e+00 1
-1.1036345496796085e-01 -1.1643927067451038e-01 0.0000000000000000e+00 1
-1.1019463953521447e-01 -1.2835567858303382e-01 0.0000000000000000e+00 1
-1.3653677963049821e-01 -7.1472825013200847e-02 0.0000000000000000e+00 1
-3.0456512608173950e-02 -1.8535521925002535e-01 0.0000000000000000e+00 1
-4.0334153342455034e-02 -1.9283872970240890e-01 0.0000000000000000e+00 1
-1.8192865353673576e-01 -3.8770219873197292e-01 0.0000000000000000e+00 1
1.1183447558761159e-01 2.3525274030142698e-01 0.0000000000000000e+00 1
1.5238220151541720e-01 -1.8990445791740940e-01 0.0000000000000000e+00 1
-3.4134961616246656e-02 -7.8231413344971787e-03 0.0000000000000000e+00 1
-3.7918787434579138e-01 -2.7666912499990554e-01 0.0000000000000000e+00 1
-6.7628874606636968e-02 -1.4613015704779225e-01 0.0000000000000000e+00 1
-6.8867190614339546e-02 -1.3417278693688192e-01 0.0000000000000000e+00 1
-2.0707271118223608e-01 -3.3511431270975789e-01 0.0000000000000000e+00 1
-1.0979935777766545e-01 4.8331633957500633e-02 0.0000000000000000e+00 1
-1.1257702318295879e-01 5.9960407970312379e-02 0.0000000000000000e+00 1
9.2073824467494195e-02 -4.1632793947996412e-02 0.0000000000000000e+00 1
1.2217757322192685e-02 -1.5418399662418047e-01 0.0000000000000000e+00 1
9.0626587984636159e-02 2.1954744679327501e-01 0.0000000000000000e+00 1
1.0300143551919690e-01 2.1412171678427974e-01 0.0000000000000000e+00 1
-3.9766779404621772e-01 -2.5816088521243646e-01 0.0000000000000000e+00 1
-3.9707676730396679e-01 -2.6443280851739470e-01 0.0000000000000000e+00 1
4.4008171865846643e-02 -3.7691810614101995e-01 0.0000000000000000e+00 1
5.3907002381396965e-02 -3.8161815999343363e-01 0.0000000000000000e+00 1
2.1834398026975926e-01 3.4407856435250281e-02 0.0000000000000000e+00 1
2.1628999462562590e-01 4.8802045265667816e-02 0.0000000000000000e+00 1
2.0266388501407004e-01 5.4495868670951034e-02 0.0000000000000000e+00 1
2.1440043276554258e-01 6.3431975536859045e-02 0.0000000000000000e+00 1
2.2709915893217558e-01 5.7578192520797301e-02 0.0000000000000000e+00 1
2.2595708084413119e-01 7.2365484507333627e-02 0.0000000000000000e+00 1
2.1240268291237230e-01 7.7919443156776624e-02 0.0000000000000000e+00 1
2.2413215719272678e-01 8.6968499636682434e-02 0.0000000000000000e+00 1
6.2330895782192836e-02 1.6742943362870633e-01 0.0000000000000000e+00 1
1.9875510212603120e-01 -2.7348095736575768e-02 0.0000000000000000e+00 1
2.3818400113525814e-01 4.2864897894483223e-01 0.0000000000000000e+00 1
6.6192818932961389e-02 1.4052708954287468e-01 0.0000000000000000e+00 1
2.3990311946186879e-02 9.3626312463853667e-02 0.0000000000000000e+00 1
2.1186340791365449e-01 4.8763741599172122e-01 0.0000000000000000e+00 1
2.0565193309743218e-01 4.8258545418440080e-01 0.0000000000000000e+00 1
2.0672739924470254e-01 4.7450121830042358e-01 0.0000000000000000e+00 1
1.9947398139859202e-01 4.7758981476972640e-01 0.0000000000000000e+00 1
1.9836635207865366e-01 4.8511325253149284e-01 0.0000000000000000e+00 1
1.9226525423163579e-01 4.8034472146649648e-01 0.0000000000000000e+00 1
1.9339501433261089e-01 4.7273776817135715e-01 0.0000000000000000e+00 1
1.8625675304433448e-01 4.7555503341703825e-01 0.0000000000000000e+00 1
1.8730885610852371e-01 4.6773134344128098e-01 0.0000000000000000e+00 1
1.8023534643259237e-01 4.7028384668802459e-01 0.0000000000000000e+00 1
1.8100351654993421e-01 4.6258325587028365e-01 0.0000000000000000e+00 1
1.7353576023588146e-01 4.6519381117109965e-01 0.0000000000000000e+00 1
1.7443300208765825e-01 4.5738275242483517e-01 0.0000000000000000e+00 1
1.6651871280752006e-01 4.6005109823936891e-01 0.0000000000000000e+00 1
1.6769367320186285e-01 4.5189668318956439e-01 0.0000000000000000e+00 1
1.8549129850896554e-01 4.8313988110116668e-01 0.0000000000000000e+00 1
-3.1905579801898215e-01 -2.1083149561313258e-01 0.0000000000000000e+00 1
9.4391316705448924e-02 1.9272395344864926e-01 0.0000000000000000e+00 1
7.2251654621796002e-02 -8.3977497254957498e-02 0.0000000000000000e+00 1
-2.3701499474929788e-01 -1.2402027377318531e-01 0.0000000000000000e+00 1
-1.4552303580995832e-01 -3.6277415933780854e-01 0.0000000000000000e+00 1
1.7301691682612277e-01 -1.5379851802432076e-02 0.0000000000000000e+00 1
1.1931524121734635e-01 2.4247554726727388e-02 0.0000000000000000e+00 1
2.2180488440936913e-01 1.9193878614787799e-01 0.0000000000000000e+00 1
-6.4748040731576917e-02 5.4607749854930394e-02 0.0000000000000000e+00 1
-6.3207720293432856e-02 4.1513633568977124e-02 0.0000000000000000e+00 1
7.1056822707823968e-03 3.7419453939901745e-02 0.0000000000000000e+00 1
-5.3307659685925355e-03 4.2586923373095192e-02 0.0000000000000000e+00 1
-6.0595873312744825e-02 -8.0308717006569608e-02 0.0000000000000000e+00 1
-4.9454107033618674e-02 -8.5139365548308976e-02 0.0000000000000000e+00 1
2.7366561428578806e-01 3.0802564052948866e-01 0.0000000000000000e+00 1
7.6173033799400242e-02 -2.1980627600163540e-02 0.0000000000000000e+00 1
-5.5245989635964138e-02 -2.3244528016674572e-02 0.0000000000000000e+00 1
2.8378653694169842e-01 4.7291628192471524e-01 0.0000000000000000e+00 1
2.9013198158711828e-01 4.7835049295326637e-01 0.0000000000000000e+00 1
2.8815889988258292e-01 4.8600898884110666e-01 0.0000000000000000e+00 1
2.9594901246974048e-01 4.8363242422648078e-01 0.0000000000000000e+00 1
2.1051206513486662e-01 9.2363210182601616e-02 0.0000000000000000e+00 1
2.2224459991629769e-01 1.0150380219605776e-01 0.0000000000000000e+00 1
-3.2903020655545276e-02 -2.0593359230008785e-02 0.0000000000000000e+00 1
1.7171249177547163e-01 2.2310113821213312e-01 0.0000000000000000e+00 1
2.3561983303383410e-01 9.6241650387438551e-02 0.0000000000000000e+00 1
2.3396401225672681e-01 1.1047488861890761e-01 0.0000000000000000e+00 1
2.2018944263335241e-01 1.1586320114284512e-01 0.0000000000000000e+00 1
2.3200234830795569e-01 1.2481349454288432e-01 0.0000000000000000e+00 1
1.8663867024501224e-01 1.9245191728047734e-01 0.0000000000000000e+00 1
6.3409155193523123e-02 -1.6604138897339325e-02 0.0000000000000000e+00 1
7.8722369518960805e-02 2.9838849484010943e-01 0.0000000000000000e+00 1
6.6954038615633676e-02 3.0314917586708867e-01 0.0000000000000000e+00 1
5.7590662205615054e-02 2.9507596935917252e-01 0.0000000000000000e+00 1
5.6087696830817046e-02 3.0779589211867403e-01 0.0000000000000000e+00 1
-1.4927763060511898e-01 -5.5067098344359966e-02 0.0000000000000000e+00 1
8.5296335799708370e-02 -2.3438899010737616e-01 0.0000000000000000e+00 1
-1.8702206456907799e-01 -2.8600195971488412e-01 0.0000000000000000e+00 1
-1.7745490043094858e-01 -2.9059736337207026e-01 0.0000000000000000e+00 1
-1.6922451778594674e-01 -2.8458943938329895e-01 0.0000000000000000e+00 1
-3.6133012466238779e-01 -2.3292473519870333e-01 0.0000000000000000e+00 1
1.3214910947688691e-01 -1.0127385324869062e-01 0.0000000000000000e+00 1
-2.3508989800435481e-01 -3.2119797439228631e-01 0.0000000000000000e+00 1
2.7817454601370945e-01 2.8219671864556339e-01 0.0000000000000000e+00 1
2.6856765399942789e-01 2.7371959403148438e-01 0.0000000000000000e+00 1
-2.8807149276427479e-01 -1.7822781287114112e-01 0.0000000000000000e+00 1
7.3511211755096506e-02 -2.2862284128328425e-01 0.0000000000000000e+00 1
-3.0788716333078248e-01 -1.9709910962335908e-01 0.0000000000000000e+00 1
-3.0179358683568497e-01 -1.9263653191159621e-01 0.0000000000000000e+00 1
-2.3341393987218284e-01 -3.4341883031950493e-01 0.0000000000000000e+00 1
-2.4084109609887788e-01 -3.4761059629271907e-01 0.0000000000000000e+00 1
-1.8083536033478576e-01 -1.9677406411260895e-01 0.0000000000000000e+00 1
-1.7986629149702493e-01 -2.0673975643528278e-01 0.0000000000000000e+00 1
-1.8915051500985569e-01 -2.0328319301656597e-01 0.0000000000000000e+00 1
1.6612204992000568e-01 4.6878621878613796e-01 0.0000000000000000e+00 1
2.5831596337609303e-01 1.9199833170241035e-01 0.0000000000000000e+00 1
2.5662217094596024e-01 2.0552804811598474e-01 0.0000000000000000e+00 1
2.6904783610139238e-01 2.0123625282942087e-01 0.0000000000000000e+00 1
2.6705076402357852e-01 2.1463534443826449e-01 0.0000000000000000e+00 1
2.5474761834906323e-01 2.1877413883842159e-01 0.0000000000000000e+00 1
2.6506186673738574e-01 2.2830189857609806e-01 0.0000000000000000e+00 1
1.1236269399866219e-01 -1.4599018145191367e-01 0.0000000000000000e+00 1
-4.8856508940358902e-02 -1.1821603196787112e-01 0.0000000000000000e+00 1
1.1175925788526800e-01 -2.9474074061135841e-01 0.0000000000000000e+00 1
-1.6412953777855011e-01 -1.8398753338478338e-01 0.0000000000000000e+00 1
1.7989885841781708e-01 -9.6020185670321404e-02 0.0000000000000000e+00 1
2.7241203669083884e-02 -4.2913161601432970e-01 0.0000000000000000e+00 1
-2.1528384148680349e-01 -2.7324115867266097e-01 0.0000000000000000e+00 1
3.1730693146572592e-01 4.8096768257783673e-01 0.0000000000000000e+00 1
3.1088116234803143e-01 4.8305802811526599e-01 0.0000000000000000e+00 1
-1.8267456691178274e-01 -4.4013500212898460e-02 0.0000000000000000e+00 1
2.3791211857054631e-01 6.3950661475469767e-02 0.0000000000000000e+00 1
2.2002877379946284e-01 4.3532298983470957e-01 0.0000000000000000e+00 1
2.2064803553385259e-01 4.2606403080165450e-01 0.0000000000000000e+00 1
1.5190447812879609e-01 -5.6442863905352809e-02 0.0000000000000000e+00 1
-2.7027984417919104e-01 -1.6258107003809080e-01 0.0000000000000000e+00 1
-1.6085124243418270e-01 -2.1473086729833726e-01 0.0000000000000000e+00 1
5.3391961090754905e-02 -1.3323657498818614e-01 0.0000000000000000e+00 1
4.1242738007178092e-02 -1.2915115292249085e-01 0.0000000000000000e+00 1
3.0816971299684309e-01 3.9502443674476512e-01 0.0000000000000000e+00 1
3.0554228194113531e-01 4.0590130122527457e-01 0.0000000000000000e+00 1
2.9619839123206676e-01 4.0987920778493342e-01 0.0000000000000000e+00 1
3.0451871562099775e-01 4.1687813269639246e-01 0.0000000000000000e+00 1
2.8108242215070872e-01 2.6919723621022290e-01 0.0000000000000000e+00 1
2.7068507429705724e-01 2.6169637385960176e-01 0.0000000000000000e+00 1
-1.4991847815406173e-01 -2.2542307567180364e-01 0.0000000000000000e+00 1
-2.7958679612969989e-01 -2.9837024772151510e-01 0.0000000000000000e+00 1
-2.8846497584200498e-01 -3.0372441495689317e-01 0.0000000000000000e+00 1
1.0230013237594256e-02 1.0826717918882676e-02 0.0000000000000000e+00 1
2.5879408196493503e-01 4.4552236475109558e-01 0.0000000000000000e+00 1
2.6501123552146655e-01 4.5332768922203998e-01 0.0000000000000000e+00 1
1.9240975898688892e-01 -8.8497981689056371e-02 0.0000000000000000e+00 1
-4.0222047834670965e-01 -2.6193959181996046e-01 0.0000000000000000e+00 1
-2.5138629070255027e-02 -4.4347491952695894e-01 0.0000000000000000e+00 1
-1.7856578707209171e-02 -4.3740513324013663e-01 0.0000000000000000e+00 1
-1.8826780209082464e-01 -2.1227333301890627e-01 0.0000000000000000e+00 1
-1.9748072009505263e-01 -2.0849387991942084e-01 0.0000000000000000e+00 1
3.0538800884599086e-02 5.3916046819077697e-02 0.0000000000000000e+00 1
-1.6782769441219691e-01 -2.9536870833008699e-01 0.0000000000000000e+00 1
2.5281770689101712e-01 2.3230358100914311e-01 0.0000000000000000e+00 1
-2.7158392390942132e-01 -1.5581149082423176e-01 0.0000000000000000e+00 1
2.9764743366506230e-01 4.7528404396088952e-01 0.0000000000000000e+00 1
-3.8748752822562033e-01 -2.4519398960892563e-01 0.0000000000000000e+00 1
1.1404926015983738e-02 -3.2990588737590654e-01 0.0000000000000000e+00 1
2.1467584302853240e-02 -3.3420054214966016e-01 0.0000000000000000e+00 1
2.0397350714247583e-02 -3.2273271197171799e-01 0.0000000000000000e+00 1
1.4202623198350434e-01 -7.8719101048793649e-02 0.0000000000000000e+00 1
-2.9601285564785768e-02 -5.7784759384270468e-02 0.0000000000000000e+00 1
2.6297676326590830e-01 2.4107871840794809e-01 0.0000000000000000e+00 1
1.7558105285699080e-01 -3.9558390246996492e-02 0.0000000000000000e+00 1
-3.9145708037593963e-01 -2.6783833010082014e-01 0.0000000000000000e+00 1
-3.3538890892993262e-01 -2.8473322588832811e-01 0.0000000000000000e+00 1
-3.1421778147831791e-01 -2.0130728648307156e-01 0.0000000000000000e+00 1
2.4923285899339445e-01 4.9054458288172864e-01 0.0000000000000000e+00 1
1.7120472533306835e-01 -1.3186551840108743e-01 0.0000000000000000e+00 1
1.8262871066143763e-01 -1.2444640429376810e-01 0.0000000000000000e+00 1
1.8909796869884077e-01 4.5993190526042027e-01 0.0000000000000000e+00 1
1.9985820320548027e-02 -1.3462809155693792e-01 0.0000000000000000e+00 1
2.8559536076438463e-01 3.0436289346436679e-01 0.0000000000000000e+00 1
-1.8523222086671592e-01 -2.9614330870754424e-01 0.0000000000000000e+00 1
5.4684119435578160e-02 -3.9261595927649345e-01 0.0000000000000000e+00 1
2.3152014352747319e-01 2.1320295796781555e-01 0.0000000000000000e+00 1
-2.9076967773854590e-02 -7.0750257459131535e-02 0.0000000000000000e+00 1
1.6229289003845337e-01 -3.4416465080650327e-02 0.0000000000000000e+00 1
1.0891568764610782e-01 2.9647547194741675e-01 0.0000000000000000e+00 1
1.2036810613316179e-01 3.0561259728708251e-01 0.0000000000000000e+00 1
1.0028166181073631e-01 2.8992909825312185e-01 0.0000000000000000e+00 1
-6.6434384865936724e-02 -3.1316002991417624e-01 0.0000000000000000e+00 1
-5.6874204596910040e-02 -3.0639391911182312e-01 0.0000000000000000e+00 1
-1.7820636697684352e-02 -4.1984197080651747e-01 0.0000000000000000e+00 1
-1.3195549983542870e-01 -2.0889006883140337e-01 0.0000000000000000e+00 1
2.1185525006082762e-01 3.3071084144930885e-01 0.0000000000000000e+00 1
2.2335783275055840e-01 3.3785231793292325e-01 0.0000000000000000e+00 1
3.3201524058470461e-02 -4.1409958060385915e-01 0.0000000000000000e+00 1
-1.0348332205295260e-01 7.1599364678743574e-02 0.0000000000000000e+00 1
-1.7315997863390634e-01 -1.8078711320490126e-01 0.0000000000000000e+00 1
-3.1208408887002576e-01 -2.1476425380332831e-01 0.0000000000000000e+00 1
1.7617946374398261e-02 2.5040740611250767e-01 0.0000000000000000e+00 1
1.6196797675855946e-02 2.6336395438707388e-01 0.0000000000000000e+00 1
-3.7326082650979037e-01 -2.8091343947810971e-01 0.0000000000000000e+00 1
-2.7606110223833835e-01 -1.5215595748308364e-01 0.0000000000000000e+00 1
-1.9795355384036586e-01 -6.7531988079328878e-02 0.0000000000000000e+00 1
-2.0696609727096027e-01 -7.4721051437472305e-02 0.0000000000000000e+00 1
-2.0555798768550745e-01 -8.5828989861153185e-02 0.0000000000000000e+00 1
1.4954149623145641e-01 1.6961450337502895e-01 0.0000000000000000e+00 1
2.4200871008050032e-01 3.6526529236784877e-01 0.0000000000000000e+00 1
2.4553885553095883e-01 4.3515829524305727e-01 0.0000000000000000e+00 1
-2.7097813130673742e-01 -3.4640884816798079e-01 0.0000000000000000e+00 1
-1.0365647187798976e-01 -2.8682631478145715e-01 0.0000000000000000e+00 1
-1.0633447910632667e-01 -2.7374588095726426e-01 0.0000000000000000e+00 1
3.7088844060039254e-02 -4.3109537756176886e-01 0.0000000000000000e+00 1
1.9817751168001943e-01 1.8732363990772860e-01 0.0000000000000000e+00 1
-9.1775489553111059e-02 -4.1764520872197292e-01 0.0000000000000000e+00 1
-8.9594275068674470e-02 -4.2748102162494145e-01 0.0000000000000000e+00 1
1.7231002325644820e-01 1.8740152550672054e-01 0.0000000000000000e+00 1
1.5704155000970182e-01 1.9234026919977948e-01 0.0000000000000000e+00 1
-9.7181530316838849e-02 -2.9788164515443089e-01 0.0000000000000000e+00 1
3.6567792641594751e-02 2.7937969131999019e-01 0.0000000000000000e+00 1
2.4595778913241423e-01 1.1923063852795868e-01 0.0000000000000000e+00 1
2.4367340264587670e-01 1.3373773371304609e-01 0.0000000000000000e+00 1
2.5722584391274833e-01 1.2912445028147598e-01 0.0000000000000000e+00 1
2.5335161159204417e-01 1.4396244544936232e-01 0.0000000000000000e+00 1
-3.2623202775993104e-01 -2.0594494874442038e-01 0.0000000000000000e+00 1
-3.3186121117807066e-01 -2.1078130399003236e-01 0.0000000000000000e+00 1
-2.5339839844642713e-02 -4.4549407236694004e-02 0.0000000000000000e+00 1
-1.3693170768507085e-01 -1.6069399607609669e-01 0.0000000000000000e+00 1
2.0592651718297794e-01 3.0892046231165693e-01 0.0000000000000000e+00 1
2.0805904635485423e-01 2.9659941939771339e-01 0.0000000000000000e+00 1
-3.3995227237243553e-01 -2.3361335890766746e-01 0.0000000000000000e+00 1
-3.4744572513862559e-01 -2.3020963971722666e-01 0.0000000000000000e+00 1
2.7649461502504336e-01 2.3659253728579127e-01 0.0000000000000000e+00 1
8.5923765788004494e-02 1.6958635251374632e-01 0.0000000000000000e+00 1
-2.4653950750378542e-01 -1.3014363100176632e-01 0.0000000000000000e+00 1
7.5056679796563996e-02 -9.8629511854058008e-02 0.0000000000000000e+00 1
-1.1392256867850734e-01 -1.9460632352770219e-01 0.0000000000000000e+00 1
-3.4038825818711271e-01 -2.2522090822195742e-01 0.0000000000000000e+00 1
-3.4826106326554451e-01 -2.2284209217854639e-01 0.0000000000000000e+00 1
-3.4309855272997336e-01 -2.1775644514191589e-01 0.0000000000000000e+00 1
-3.5476711582848380e-01 -2.2801616991366463e-01 0.0000000000000000e+00 1
1.5910744580141267e-01 4.5485835693440962e-01 0.0000000000000000e+00 1
1.6028730525365761e-01 4.4582975072073416e-01 0.0000000000000000e+00 1
1.5156773734036857e-01 4.4909558767989194e-01 0.0000000000000000e+00 1
1.5273880355555980e-01 4.3947167804619164e-01 0.0000000000000000e+00 1
1.4362699056933056e-01 4.4308296056334162e-01 0.0000000000000000e+00 1
1.4542462145430990e-01 4.3282462521068160e-01 0.0000000000000000e+00 1
1.5387742091536510e-01 4.2969344334532639e-01 0.0000000000000000e+00 1
1.4630231225214110e-01 4.2303853325265189e-01 0.0000000000000000e+00 1
1.3714430393930391e-01 4.2651424582143244e-01 0.0000000000000000e+00 1
1.3852309130382306e-01 4.1653109499613994e-01 0.0000000000000000e+00 1
1.4728618481974542e-01 4.1293375879100380e-01 0.0000000000000000e+00 1
1.3949337694346120e-01 4.0597720024212008e-01 0.0000000000000000e+00 1
1.3053420137178950e-01 4.1008724876741809e-01 0.0000000000000000e+00 1
1.3120596979923260e-01 3.9968772008019060e-01 0.0000000000000000e+00 1
1.4112018854176042e-01 3.9475587703210618e-01 0.0000000000000000e+00 1
1.2080193956864009e-01 4.0392896256299449e-01 0.0000000000000000e+00 1
1.2294627761007319e-01 3.9235196661647764e-01 0.0000000000000000e+00 1
1.6998113983919030e-01 4.8806700875119458e-01 0.0000000000000000e+00 1
1.7330179553161879e-01 4.8397297242550980e-01 0.0000000000000000e+00 1
-5.0024349495144095e-02 -1.0630732941266810e-01 0.0000000000000000e+00 1
-4.0996938401502842e-02 -9.7979864048548415e-02 0.0000000000000000e+00 1
-9.3635651731230937e-02 -3.9593100057101693e-01 0.0000000000000000e+00 1
-2.6356522693919793e-01 -1.7374418509707001e-01 0.0000000000000000e+00 1
-3.3210651839576177e-01 -2.3683081761790703e-01 0.0000000000000000e+00 1
-2.6169814394455831e-01 -3.5221243257448265e-01 0.0000000000000000e+00 1
1.5519045046501584e-01 1.1458744647768454e-01 0.0000000000000000e+00 1
-3.2127827550032373e-01 -2.7573106472733100e-01 0.0000000000000000e+00 1
-3.1379127914467564e-01 -2.7072219563900035e-01 0.0000000000000000e+00 1
-1.3215462903722166e-02 -4.2857433635116077e-01 0.0000000000000000e+00 1
-8.2830602848254827e-03 -4.3464906056425179e-01 0.0000000000000000e+00 1
-1.0261705104278793e-02 -4.4371417329874613e-01 0.0000000000000000e+00 1
-2.1799623438136630e-03 -4.3999766880088925e-01 0.0000000000000000e+00 1
-2.0575101367140483e-05 -4.2911372646518597e-01 0.0000000000000000e+00 1
-3.1596916185803216e-03 -4.4888623913260428e-01 0.0000000000000000e+00 1
-2.7103185566799015e-01 -1.7018489101023934e-01 0.0000000000000000e+00 1
-3.7532591376098440e-01 -2.4184987084053200e-01 0.0000000000000000e+00 1
-3.7421899472378339e-01 -2.3433389336796984e-01 0.0000000000000000e+00 1
-2.8867772844775989e-02 -1.9737130113286874e-01 0.0000000000000000e+00 1
-3.8945139508774547e-02 -2.0493026652355395e-01 0.0000000000000000e+00 1
2.8215045466388550e-01 2.1116198949478826e-01 0.0000000000000000e+00 1
-2.6228270300539719e-01 -1.3814075184263258e-01 0.0000000000000000e+00 1
-2.5276631772803537e-01 -1.4003701034871102e-01 0.0000000000000000e+00 1
6.3569858570808352e-02 -3.8671687991310200e-01 0.0000000000000000e+00 1
6.3033724695695181e-02 -3.7524925561961237e-01 0.0000000000000000e+00 1
7.3431057851084489e-02 -3.6908988445382834e-01 0.0000000000000000e+00 1
3.1516425932311753e-01 4.1219152613993726e-01 0.0000000000000000e+00 1
3.1229966128573361e-01 4.2406557981859483e-01 0.0000000000000000e+00 1
-3.0904705803450666e-01 -1.9025350814445996e-01 0.0000000000000000e+00 1
-8.0682195176064953e-02 -4.2117843835295227e-01 0.0000000000000000e+00 1
-7.8336852995509423e-02 -4.3103480880302614e-01 0.0000000000000000e+00 1
-6.7865122838870862e-02 -4.3429261191905255e-01 0.0000000000000000e+00 1
-7.6220217854440706e-02 -4.4138659838597738e-01 0.0000000000000000e+00 1
2.6879561459123225e-01 4.4457409260082270e-01 0.0000000000000000e+00 1
-2.0248312971094674e-02 -1.7765033251525902e-01 0.0000000000000000e+00 1
1.6380717768149283e-01 -1.8174760088309808e-01 0.0000000000000000e+00 1
1.6581313521774318e-01 -1.9697805206439917e-01 0.0000000000000000e+00 1
1.6268007379581825e-01 -1.6784140528927188e-01 0.0000000000000000e+00 1
1.7398349627276266e-01 -1.5822194804596185e-01 0.0000000000000000e+00 1
-3.0233835028328132e-01 -2.2384700055806511e-01 0.0000000000000000e+00 1
-2.9442327500717164e-01 -2.2816987961980217e-01 0.0000000000000000e+00 1
-2.9401418980544880e-01 -2.3714525447665938e-01 0.0000000000000000e+00 1
-2.8588573346327295e-01 -2.3200850429944164e-01 0.0000000000000000e+00 1
-1.2897691030971886e-01 -3.1684458239428503e-01 0.0000000000000000e+00 1
4.5012965624474839e-05 -1.4951540316468639e-01 0.0000000000000000e+00 1
-9.3868891883404915e-02 -3.8481810452944526e-01 0.0000000000000000e+00 1
-9.4822495375713370e-02 -3.7397157824121896e-01 0.0000000000000000e+00 1
-8.5709538672442673e-02 -3.6761832290786300e-01 0.0000000000000000e+00 1
-1.0492649217121415e-01 -3.6947020971453159e-01 0.0000000000000000e+00 1
3.2235815555898678e-01 4.2074163996580971e-01 0.0000000000000000e+00 1
6.7973078399121992e-02 1.2684015557126535e-01 0.0000000000000000e+00 1
-4.5693052332208967e-02 1.6149037602376831e-01 0.0000000000000000e+00 1
-4.5682845710604672e-02 1.7575604722671218e-01 0.0000000000000000e+00 1
-5.4478308424177620e-02 1.5009168392409494e-01 0.0000000000000000e+00 1
-3.6438447927317026e-03 2.2079606220997056e-01 0.0000000000000000e+00 1
-4.0192544607008984e-01 -2.6715426541710346e-01 0.0000000000000000e+00 1
-1.1116546205835597e-02 -1.5761808852608730e-01 0.0000000000000000e+00 1
-3.8595627117509296e-01 -2.7322248919544129e-01 0.0000000000000000e+00 1
-1.7710807975385805e-02 -4.4876462367291670e-01 0.0000000000000000e+00 1
-2.8255450109850538e-01 -1.5906574801879197e-01 0.0000000000000000e+00 1
-2.7813185394284134e-01 -1.5981639578535492e-01 0.0000000000000000e+00 1
3.2551465478035974e-01 4.7849303947606642e-01 0.0000000000000000e+00 1
-2.9008534522236673e-01 -1.6810282287548720e-01 0.0000000000000000e+00 1
-2.7083938936911668e-02 -4.1477288648834004e-01 0.0000000000000000e+00 1
-2.9986296903373044e-01 -1.7585352382045411e-01 0.0000000000000000e+00 1
-2.9835972074126971e-01 -1.8205707572186358e-01 0.0000000000000000e+00 1
7.0900830557039315e-02 3.3730581118064734e-01 0.0000000000000000e+00 1
8.0844318692210412e-02 3.4305061643616197e-01 0.0000000000000000e+00 1
2.4277993209320475e-01 4.8546351872352234e-01 0.0000000000000000e+00 1
2.4082034850285203e-01 4.9436073575897665e-01 0.0000000000000000e+00 1
1.3213336302991635e-01 -2.5546874737312059e-01 0.0000000000000000e+00 1
1.3218756670248225e-01 -2.4268326878522267e-01 0.0000000000000000e+00 1
1.4434991830501981e-01 -2.3459394208649548e-01 0.0000000000000000e+00 1
1.3177296295493490e-01 -2.2975782204198719e-01 0.0000000000000000e+00 1
1.4272352497804097e-01 -2.2192422690730568e-01 0.0000000000000000e+00 1
1.1989185309927591e-01 -2.3718356880591546e-01 0.0000000000000000e+00 1
1.3363078288452240e-01 -2.6775419740446732e-01 0.0000000000000000e+00 1
-2.6268572482576147e-01 -1.8158178015222631e-01 0.0000000000000000e+00 1
1.9001832106447687e-02 -4.3399842080877710e-01 0.0000000000000000e+00 1
1.1173797839312997e-02 -4.3875780779225138e-01 0.0000000000000000e+00 1
1.0990695654429711e-01 9.2572862275166506e-02 0.0000000000000000e+00 1
2.6677550356971051e-02 -3.0179884065473389e-01 0.0000000000000000e+00 1
-2.8640923665316759e-01 -1.8410466864233599e-01 0.0000000000000000e+00 1
-2.9471672942874622e-01 -1.9583694430721921e-01 0.0000000000000000e+00 1
-4.4277750153165901e-02 -3.1163444134082596e-01 0.0000000000000000e+00 1
-4.4806671198991531e-02 -2.9817232061230342e-01 0.0000000000000000e+00 1
-3.3119591838805550e-02 -2.9434597417242314e-01 0.0000000000000000e+00 1
-4.1078333705596680e-02 -2.8729081742030521e-01 0.0000000000000000e+00 1
-3.0068992684312207e-02 -2.8355884083202965e-01 0.0000000000000000e+00 1
-2.3875228874999441e-01 -1.4370158375747924e-01 0.0000000000000000e+00 1
2.1810459841214994e-01 4.9374593146499340e-01 0.0000000000000000e+00 1
1.2098733142544929e-01 1.0131929640358948e-02 0.0000000000000000e+00 1
1.6688903282129167e-01 1.2279796728166482e-01 0.0000000000000000e+00 1
1.5742747288631886e-01 1.0027561320629694e-01 0.0000000000000000e+00 1
-5.7856435867509749e-02 -2.9452429151830284e-01 0.0000000000000000e+00 1
-3.2422903149948318e-01 -2.4019880596457943e-01 0.0000000000000000e+00 1
2.0762284596480529e-01 4.6579377466194966e-01 0.0000000000000000e+00 1
1.7778812339101180e-01 4.4100532550228444e-01 0.0000000000000000e+00 1
1.7050824892295885e-01 4.7715533549007022e-01 0.0000000000000000e+00 1
6.9700037783730781e-02 -3.1079285434689502e-01 0.0000000000000000e+00 1
-3.8542245072832948e-01 -2.8111323517404085e-01 0.0000000000000000e+00 1
-2.3789376824748545e-01 -2.0842178536133343e-01 0.0000000000000000e+00 1
-2.4507068788803621e-01 -2.1342161919853425e-01 0.0000000000000000e+00 1
-2.4442398953875225e-01 -2.2208619817654177e-01 0.0000000000000000e+00 1
-2.5227484816840234e-01 -2.1839396771577102e-01 0.0000000000000000e+00 1
-2.5153032796822178e-01 -2.2708647836932019e-01 0.0000000000000000e+00 1
-2.4370622286061572e-01 -2.3123845399869949e-01 0.0000000000000000e+00 1
-2.5944884012241853e-01 -2.2345444297743028e-01 0.0000000000000000e+00 1
-2.6004474898873692e-01 -2.1475404280639235e-01 0.0000000000000000e+00 1
-2.6706673985654134e-01 -2.1952227853546230e-01 0.0000000000000000e+00 1
-2.5170229763903407e-01 -2.3670449207208269e-01 0.0000000000000000e+00 1
-2.4316232125080309e-01 -2.4087736755613842e-01 0.0000000000000000e+00 1
-2.9664972693724495e-01 -1.8844171537016030e-01 0.0000000000000000e+00 1
-2.5297007225470874e-01 -2.0949182022318286e-01 0.0000000000000000e+00 1
-2.6092443160344914e-01 -2.0627219617530784e-01 0.0000000000000000e+00 1
-3.9265372333781717e-01 -2.4910549868303850e-01 0.0000000000000000e+00 1
-2.7040866855356521e-01 -2.3026509186049759e-01 0.0000000000000000e+00 1
-2.7932016266529397e-01 -2.2728492228073965e-01 0.0000000000000000e+00 1
2.6561172925778026e-01 4.8572157171391767e-01 0.0000000000000000e+00 1
2.7201871776866493e-01 4.9173255451463593e-01 0.0000000000000000e+00 1
2.8023421888069511e-01 4.8829292043724837e-01 0.0000000000000000e+00 1
2.0430243956226046e-01 4.9144357163055241e-01 0.0000000000000000e+00 1
3.5465997610657260e-02 -2.8273277255650348e-01 0.0000000000000000e+00 1
-1.5898742263601495e-01 -2.8912663960353691e-01 0.0000000000000000e+00 1
-2.8743596630322171e-01 -2.2357766931934736e-01 0.0000000000000000e+00 1
2.2611923023244040e-01 4.9023817137420794e-01 0.0000000000000000e+00 1
2.8736568289027581e-01 4.0259222549433393e-01 0.0000000000000000e+00 1
2.4755901684086212e-01 1.0469313000107097e-01 0.0000000000000000e+00 1
-1.5956284826628897e-01 -3.0338212375643442e-01 0.0000000000000000e+00 1
4.8734767830720047e-02 -3.1244900828701649e-01 0.0000000000000000e+00 1
3.8914770401512006e-02 -3.1923880449620023e-01 0.0000000000000000e+00 1
-9.2582672660529108e-02 -4.0658390897719365e-01 0.0000000000000000e+00 1
2.3985514578967981e-01 1.4787927236065379e-01 0.0000000000000000e+00 1
-2.8475849048367108e-01 -2.4093189646773366e-01 0.0000000000000000e+00 1
-3.2489715926685231e-02 -4.4894294418560543e-01 0.0000000000000000e+00 1
-4.1708157563249672e-02 -4.4452944080663703e-01 0.0000000000000000e+00 1
-4.9815966578848077e-02 -4.4824968532633674e-01 0.0000000000000000e+00 1
2.5947024021080408e-03 -3.2502474220444599e-01 0.0000000000000000e+00 1
-8.3942434774979171e-03 -3.3123488500252757e-01 0.0000000000000000e+00 1
3.2969278629144372e-01 4.4743955540851105e-01 0.0000000000000000e+00 1
3.2072535709978239e-01 4.4430556013359535e-01 0.0000000000000000e+00 1
3.1859158831403889e-01 4.3330711219092011e-01 0.0000000000000000e+00 1
-3.5378204032568822e-01 -2.4361401193714741e-01 0.0000000000000000e+00 1
-2.0247115297531637e-01 -2.3200059965210584e-01 0.0000000000000000e+00 1
-2.0396850757746393e-01 -2.2275719976731562e-01 0.0000000000000000e+00 1
-3.2245990801866564e-01 -1.9272421619667374e-01 0.0000000000000000e+00 1
-3.6757451738715835e-02 -4.0018153969880071e-01 0.0000000000000000e+00 1
-4.6166981717013972e-02 -3.9579662889398676e-01 0.0000000000000000e+00 1
-8.3366099904392754e-02 1.0060121653777376e-01 0.0000000000000000e+00 1
-8.1546399006647896e-02 8.7145116627112579e-02 0.0000000000000000e+00 1
-8.3772661751108327e-02 1.1452309815712761e-01 0.0000000000000000e+00 1
-7.3538193694466611e-02 1.2273606204549169e-01 0.0000000000000000e+00 1
-3.5424467071060761e-01 -2.3567156245182189e-01 0.0000000000000000e+00 1
-2.4584163258173614e-01 -1.2025764605799361e-01 0.0000000000000000e+00 1
-2.4164805284959226e-01 -1.8271132371980725e-01 0.0000000000000000e+00 1
-2.3327226189676137e-01 -1.8565001064965653e-01 0.0000000000000000e+00 1
-2.2634935089177380e-01 -1.8009874095502681e-01 0.0000000000000000e+00 1
-9.3603979766420375e-02 9.2273000588690007e-02 0.0000000000000000e+00 1
-7.9015179655792911e-02 -1.4120581724515008e-01 0.0000000000000000e+00 1
-7.9107561647295904e-02 -1.3004579822368723e-01 0.0000000000000000e+00 1
-8.9724472118288226e-02 -1.3715082898934963e-01 0.0000000000000000e+00 1
2.6947820404700640e-01 3.8722449682748228e-01 0.0000000000000000e+00 1
2.6733334256208208e-01 3.9891515461984856e-01 0.0000000000000000e+00 1
2.7806355734903865e-01 4.0674184334628094e-01 0.0000000000000000e+00 1
2.8898993483655205e-01 4.5818922334139700e-01 0.0000000000000000e+00 1
2.8043686202380808e-01 4.6164426676374204e-01 0.0000000000000000e+00 1
-2.1694303076783183e-01 -1.4160734273353687e-01 0.0000000000000000e+00 1
-2.0735200185464092e-01 -1.4543433801691424e-01 0.0000000000000000e+00 1
-1.9918789411516072e-01 -1.3981483389947286e-01 0.0000000000000000e+00 1
-2.1442315321916006e-01 -1.5040721925494477e-01 0.0000000000000000e+00 1
-1.9854134835949727e-01 -1.5011392041356542e-01 0.0000000000000000e+00 1
-1.8942071303375296e-01 -1.4402175405729084e-01 0.0000000000000000e+00 1
-1.9069288887595717e-01 -1.3354461912718757e-01 0.0000000000000000e+00 1
-9.9390451172948938e-02 -1.4486564519134443e-01 0.0000000000000000e+00 1
2.6062240757900357e-01 3.7960425018902022e-01 0.0000000000000000e+00 1
2.5016439720850742e-01 3.8364790137221094e-01 0.0000000000000000e+00 1
-1.5229799595616372e-01 -1.0912390771029963e-01 0.0000000000000000e+00 1
-1.6135987476402858e-01 -1.1625816469981959e-01 0.0000000000000000e+00 1
-1.2134056325751753e-01 -2.1405939377768493e-01 0.0000000000000000e+00 1
-1.4260789437835475e-01 -2.1621070368596254e-01 0.0000000000000000e+00 1
2.4395021812285525e-01 3.5367038309158366e-01 0.0000000000000000e+00 1
2.3289039297606551e-01 3.5760640381867426e-01 0.0000000000000000e+00 1
-1.9709839691589920e-01 -3.3960660631617884e-01 0.0000000000000000e+00 1
-6.3384739007095597e-02 -3.2553163331808199e-01 0.0000000000000000e+00 1
-7.5359847003759750e-02 -3.2174583308525379e-01 0.0000000000000000e+00 1
-8.4067064635458766e-02 -1.8564729191376297e-01 0.0000000000000000e+00 1
-9.5179104812263465e-02 -1.8062604497214046e-01 0.0000000000000000e+00 1
2.2248996597129428e-01 4.6828472779676594e-01 0.0000000000000000e+00 1
-1.7058628817399163e-01 -2.1039321731538543e-01 0.0000000000000000e+00 1
8.0831825122780962e-02 -3.1600032276207346e-01 0.0000000000000000e+00 1
9.1502307336991218e-02 -3.2189967286913412e-01 0.0000000000000000e+00 1
9.1927302782947473e-02 -3.3404796017895155e-01 0.0000000000000000e+00 1
-2.2678219563342245e-01 -9.0257743350157640e-02 0.0000000000000000e+00 1
-2.1493884297138291e-01 -9.1330532468134426e-02 0.0000000000000000e+00 1
-5.0202427467257310e-02 -2.0017324215027543e-01 0.0000000000000000e+00 1
-4.8755035896254441e-02 -2.1240396373281159e-01 0.0000000000000000e+00 1
-3.6863366041413111e-02 -2.1659330387081258e-01 0.0000000000000000e+00 1
-2.9234149170532553e-01 -2.4619682676196164e-01 0.0000000000000000e+00 1
-1.0950114001930614e-01 -1.4028533565698997e-01 0.0000000000000000e+00 1
-1.0310588873207785e-01 -1.9981260295676465e-01 0.0000000000000000e+00 1
1.1212015909979828e-01 -3.0686071755055055e-01 0.0000000000000000e+00 1
1.8773986617223862e-01 3.9001095126151020e-01 0.0000000000000000e+00 1
1.9615669141006892e-01 3.9728779289391675e-01 0.0000000000000000e+00 1
1.9360633221455506e-01 4.0818747161446389e-01 0.0000000000000000e+00 1
2.0452289672718851e-01 4.0438630845869517e-01 0.0000000000000000e+00 1
2.0140913526079221e-01 4.1523063713132613e-01 0.0000000000000000e+00 1
2.1270058205222711e-01 4.1114801709382270e-01 0.0000000000000000e+00 1
2.1017702764616353e-01 4.2233861345043044e-01 0.0000000000000000e+00 1
1.9856236700040980e-01 3.8602756800888849e-01 0.0000000000000000e+00 1
-3.6078755665385775e-01 -2.9978299887998483e-01 0.0000000000000000e+00 1
-1.9511062956129555e-01 -9.0278704579579594e-02 0.0000000000000000e+00 1
-3.1093570822334110e-01 -2.2197156045814426e-01 0.0000000000000000e+00 1
-2.2060995647731413e-01 -1.1089385966797630e-01 0.0000000000000000e+00 1
-1.8172197884492390e-02 -4.0865117703275178e-01 0.0000000000000000e+00 1
1.9160788104216064e-01 4.8728864116935339e-01 0.0000000000000000e+00 1
1.8458169774075314e-01 4.9037050430844575e-01 0.0000000000000000e+00 1
3.1906141474752997e-01 3.9267905038874729e-01 0.0000000000000000e+00 1
2.3525408636406200e-01 3.3327882001849118e-01 0.0000000000000000e+00 1
2.3384069940880642e-01 3.4586596147128962e-01 0.0000000000000000e+00 1
2.2253389250390013e-01 3.5155276851024914e-01 0.0000000000000000e+00 1
2.2347891842648990e-01 3.6529384941645471e-01 0.0000000000000000e+00 1
2.4405990608439632e-01 4.7696828909503286e-01 0.0000000000000000e+00 1
4.5976361436750358e-02 -1.6811830336630498e-01 0.0000000000000000e+00 1
-2.2287411661172707e-01 -1.0053950854248364e-01 0.0000000000000000e+00 1
-1.4553532206990710e-01 -1.8064962097992598e-01 0.0000000000000000e+00 1
-1.4705228146549854e-01 -1.6953789457941257e-01 0.0000000000000000e+00 1
-1.4772592245585459e-01 -1.5732648145882042e-01 0.0000000000000000e+00 1
-1.5664960618080995e-01 -1.7558927672020919e-01 0.0000000000000000e+00 1
-2.9187141990705645e-01 -3.4626276746090667e-01 0.0000000000000000e+00 1
-2.9171315636089351e-01 -3.3524657993078189e-01 0.0000000000000000e+00 1
-3.0105615773880978e-01 -3.2941585673494572e-01 0.0000000000000000e+00 1
-2.9151544924021022e-01 -3.2450213674666850e-01 0.0000000000000000e+00 1
-3.0110628977280568e-01 -3.1939078383451480e-01 0.0000000000000000e+00 1
-2.8198427626622702e-01 -3.3015065685402145e-01 0.0000000000000000e+00 1
-2.9185447900945105e-01 -3.1380864339886999e-01 0.0000000000000000e+00 1
-3.1043214608817854e-01 -3.2375772886367254e-01 0.0000000000000000e+00 1
-5.8336110918452817e-02 -1.2643120879149702e-01 0.0000000000000000e+00 1
-3.9737350690962026e-01 -2.5217684882144276e-01 0.0000000000000000e+00 1
-1.2277518214934977e-01 -2.0191971378534579e-01 0.0000000000000000e+00 1
2.2151948372544697e-01 2.7884222231475114e-01 0.0000000000000000e+00 1
2.1103960911434486e-01 2.7019384164433619e-01 0.0000000000000000e+00 1
2.0900960518969625e-01 2.8333571517901962e-01 0.0000000000000000e+00 1
1.9669727981558210e-01 2.8760399546703364e-01 0.0000000000000000e+00 1
-1.5427398532560460e-01 -2.6372043548046220e-01 0.0000000000000000e+00 1
-1.6270982235895035e-01 -2.6931729519946812e-01 0.0000000000000000e+00 1
-2.0414010072847955e-01 -9.6795363939376058e-02 0.0000000000000000e+00 1
4.7228320395505154e-02 2.8721060697181999e-01 0.0000000000000000e+00 1
3.5701141717321951e-02 2.9289049807362516e-01 0.0000000000000000e+00 1
2.5480758579916080e-02 2.7212954965697811e-01 0.0000000000000000e+00 1
-3.7198698064765494e-02 -7.9474161828795520e-02 0.0000000000000000e+00 1
-3.7396516137273167e-01 -2.5003512538362832e-01 0.0000000000000000e+00 1
-2.7217977679074851e-01 -3.5801768587918004e-01 0.0000000000000000e+00 1
-2.5249083295029678e-01 -3.5892446063289341e-01 0.0000000000000000e+00 1
3.1607093863028868e-01 3.6883812741040584e-01 0.0000000000000000e+00 1
3.0788895556610352e-01 3.7694087007741006e-01 0.0000000000000000e+00 1
-2.8075171099137758e-01 -1.6398394741489833e-01 0.0000000000000000e+00 1
-6.6074894445454335e-02 -1.5851636403217703e-01 0.0000000000000000e+00 1
-2.0150553566883316e-02 -2.5679625503109632e-01 0.0000000000000000e+00 1
-1.8816023872734244e-02 -2.6845814452753025e-01 0.0000000000000000e+00 1
-7.8156029612510385e-03 -2.7379842247419911e-01 0.0000000000000000e+00 1
-1.8672337590787031e-02 -2.8136391172267383e-01 0.0000000000000000e+00 1
-2.3326573072133383e-01 -9.8828371111743918e-02 0.0000000000000000e+00 1
-3.3547190936188620e-01 -2.0299321929222766e-01 0.0000000000000000e+00 1
-2.9725392105295404e-02 -2.6317966539581567e-01 0.0000000000000000e+00 1
2.2416228337150748e-01 4.0668813510499563e-01 0.0000000000000000e+00 1
2.1560523001466739e-01 4.0020571854680626e-01 0.0000000000000000e+00 1
8.4274417683279979e-02 -2.2143261130632119e-01 0.0000000000000000e+00 1
-6.0244991176892748e-02 -2.0739573209013909e-01 0.0000000000000000e+00 1
-5.9254862901251176e-02 -2.1967815130803958e-01 0.0000000000000000e+00 1
-6.9073541312187597e-02 -2.2611987532982547e-01 0.0000000000000000e+00 1
-5.8464445830205672e-02 -2.3165621511068041e-01 0.0000000000000000e+00 1
-6.6713452818795232e-02 -2.3795231457945176e-01 0.0000000000000000e+00 1
-3.2895889851121274e-01 -3.2248986468110213e-01 0.0000000000000000e+00 1
-3.1975561365815131e-01 -3.1769450228768170e-01 0.0000000000000000e+00 1
-3.1010906095054841e-01 -3.1304909300092854e-01 0.0000000000000000e+00 1
-3.1091555177688074e-01 -3.3436815541912746e-01 0.0000000000000000e+00 1
-1.9472915710197000e-01 -4.3864149417529086e-02 0.0000000000000000e+00 1
3.1850143586741222e-02 2.1856799187102122e-01 0.0000000000000000e+00 1
3.1138516712662628e-01 3.4425432905583531e-01 0.0000000000000000e+00 1
3.0202396617023208e-01 3.5225839584815022e-01 0.0000000000000000e+00 1
2.9950330749902199e-01 3.4021247041342600e-01 0.0000000000000000e+00 1
2.9800485185655146e-01 3.2781681577557048e-01 0.0000000000000000e+00 1
9.6520149380233844e-02 -2.2764485468604989e-01 0.0000000000000000e+00 1
1.3919392148340073e-01 2.8458985403305487e-01 0.0000000000000000e+00 1
1.3751565770644086e-01 2.9683057190297391e-01 0.0000000000000000e+00 1
1.4934624715535744e-01 2.9262010333502808e-01 0.0000000000000000e+00 1
1.4717862717430497e-01 3.0526879514394767e-01 0.0000000000000000e+00 1
1.3471872075992750e-01 3.0938528155534994e-01 0.0000000000000000e+00 1
1.4607633681583870e-01 3.1812193901559943e-01 0.0000000000000000e+00 1
1.5715965483714839e-01 3.1336225734034839e-01 0.0000000000000000e+00 1
1.5628715247818742e-01 3.2603940825736533e-01 0.0000000000000000e+00 1
1.6753014390485343e-01 3.2125535577326325e-01 0.0000000000000000e+00 1
1.6634006484656122e-01 3.3338885131548790e-01 0.0000000000000000e+00 1
1.5936671506224109e-01 3.0069078423291790e-01 0.0000000000000000e+00 1
-1.1443436501651465e-02 1.8557455994587502e-01 0.0000000000000000e+00 1
-2.4079616909960386e-02 1.9109786906705212e-01 0.0000000000000000e+00 1
-1.3071404898483650e-02 1.9920357400453886e-01 0.0000000000000000e+00 1
7.9671997290803216e-03 -4.0100513158294732e-01 0.0000000000000000e+00 1
1.6880080623121737e-02 -3.9511007596507530e-01 0.0000000000000000e+00 1
1.5146518752045696e-01 2.7988189596845214e-01 0.0000000000000000e+00 1
-1.1755763252985635e-01 -5.6213778953569299e-02 0.0000000000000000e+00 1
2.1797641765934544e-01 1.2969381690175014e-01 0.0000000000000000e+00 1
-2.2886093558801882e-01 -1.1783691987649444e-01 0.0000000000000000e+00 1
1.1777144091328683e-03 1.8034626443490601e-01 0.0000000000000000e+00 1
-1.5369405425429972e-01 1.7485948329776520e-02 0.0000000000000000e+00 1
-1.4079328696481547e-01 1.7277626542652386e-02 0.0000000000000000e+00 1
-1.3401017446682473e-01 2.7644175346962868e-02 0.0000000000000000e+00 1
-1.6069720442542174e-01 6.5546636952925107e-03 0.0000000000000000e+00 1
-1.5984527783704977e-01 -1.2779467351902823e-01 0.0000000000000000e+00 1
-1.7030099324822434e-01 -1.2331555097816142e-01 0.0000000000000000e+00 1
-1.7196342941846637e-01 -1.1172639429301010e-01 0.0000000000000000e+00 1
-1.8053490252364948e-01 -1.2847813069946104e-01 0.0000000000000000e+00 1
-1.6325472318495388e-01 -1.0426833528588778e-01 0.0000000000000000e+00 1
-1.7831878866571055e-01 -6.5157824464239664e-02 0.0000000000000000e+00 1
-1.0486851298645081e-01 9.7661705646762843e-03 0.0000000000000000e+00 1
2.1228486790393611e-01 3.4215373415374267e-01 0.0000000000000000e+00 1
-3.2899727250155725e-01 -3.1186233213901215e-01 0.0000000000000000e+00 1
3.6712285171476490e-02 -8.1793431457405155e-02 0.0000000000000000e+00 1
2.5831736708269833e-02 -8.9518131008021695e-02 0.0000000000000000e+00 1
2.4304967445121787e-02 -7.6340871665802057e-02 0.0000000000000000e+00 1
3.4978388715693011e-02 -6.8350281739474772e-02 0.0000000000000000e+00 1
5.8676671265301461e-02 -3.0547931696348024e-01 0.0000000000000000e+00 1
1.0130734093596634e-01 -3.2773359026208793e-01 0.0000000000000000e+00 1
-9.0758421072970025e-02 -8.3802642046422841e-03 0.0000000000000000e+00 1
-3.5674383802426497e-02 5.2152632030894571e-03 0.0000000000000000e+00 1
-2.8198849521047620e-01 -3.1973917861409279e-01 0.0000000000000000e+00 1
-2.7251765013992629e-01 -3.2477754166691547e-01 0.0000000000000000e+00 1
-2.8139017561880886e-01 -3.4100200799981872e-01 0.0000000000000000e+00 1
1.4621017231950789e-01 1.8353522558813212e-01 0.0000000000000000e+00 1
1.5276149023954155e-01 2.0590723768485858e-01 0.0000000000000000e+00 1
1.3691622429376477e-01 1.6097212418488299e-01 0.0000000000000000e+00 1
1.5023561832138610e-01 1.5560845577646160e-01 0.0000000000000000e+00 1
9.2567072597328784e-02 3.3858384425176330e-01 0.0000000000000000e+00 1
9.1167263070282917e-02 3.5082518280113040e-01 0.0000000000000000e+00 1
1.0046442797835695e-01 3.5836243232730813e-01 0.0000000000000000e+00 1
8.9657412033913933e-02 3.6301239620042108e-01 0.0000000000000000e+00 1
9.8584620370374867e-02 3.6975028830384887e-01 0.0000000000000000e+00 1
8.7311758971129541e-02 3.7601062251912520e-01 0.0000000000000000e+00 1
1.0977723067476246e-01 3.6583392536621984e-01 0.0000000000000000e+00 1
1.0734200619854893e-01 3.7706621206242696e-01 0.0000000000000000e+00 1
1.1860548504144922e-01 3.7341213302025383e-01 0.0000000000000000e+00 1
1.3031996493478537e-01 3.6896105184768169e-01 0.0000000000000000e+00 1
1.2778369980708004e-01 3.8200928924951372e-01 0.0000000000000000e+00 1
1.1172151447365397e-01 3.5395870797204099e-01 0.0000000000000000e+00 1
-3.4585098978523299e-01 -3.1112031678432456e-01 0.0000000000000000e+00 1
-3.4506219363275198e-01 -3.0148145585449099e-01 0.0000000000000000e+00 1
-1.1385065581025092e-02 -6.0870478911302539e-02 0.0000000000000000e+00 1
2.6136737707625807e-01 3.1229569405258234e-01 0.0000000000000000e+00 1
-4.0909856597770439e-02 -3.4671916999987373e-01 0.0000000000000000e+00 1
-3.1478859338820470e-02 -3.5111358024579986e-01 0.0000000000000000e+00 1
-2.5827381413332734e-01 -2.6210440542985136e-01 0.0000000000000000e+00 1
8.5162038252074829e-02 2.5914475429084882e-01 0.0000000000000000e+00 1
-3.3400393775611054e-01 -2.1882585390392442e-01 0.0000000000000000e+00 1
-9.5796495152060068e-02 -3.1002798415346583e-01 0.0000000000000000e+00 1
-9.5189934672720633e-02 -3.2253474639098806e-01 0.0000000000000000e+00 1
1.4809678226552125e-01 3.8468403422749131e-01 0.0000000000000000e+00 1
1.0785903236967342e-01 1.0681178185362782e-01 0.0000000000000000e+00 1
1.1500375197765092e-01 -1.7286146628702323e-01 0.0000000000000000e+00 1
1.0279369304845040e-01 -1.6762238789653841e-01 0.0000000000000000e+00 1
1.9953291473194528e-03 -2.6686672731315847e-01 0.0000000000000000e+00 1
-1.7457192655181611e-01 -1.3827497772904682e-02 0.0000000000000000e+00 1
-1.6284859049253694e-01 -1.4866548088456916e-02 0.0000000000000000e+00 1
-1.6884928769780430e-01 -2.4885127216032137e-02 0.0000000000000000e+00 1
-1.5692984135996108e-01 -2.4883433835060115e-02 0.0000000000000000e+00 1
-6.8932911070373221e-02 8.1740169005707644e-02 0.0000000000000000e+00 1
-7.9821695024481512e-02 7.3716316023905479e-02 0.0000000000000000e+00 1
3.0145158881408524e-01 2.9290998092862713e-01 0.0000000000000000e+00 1
1.1157470023861545e-01 7.8746359250714631e-02 0.0000000000000000e+00 1
1.0035254775854674e-01 7.0120984197296080e-02 0.0000000000000000e+00 1
1.0198561300294270e-01 5.6701008093738327e-02 0.0000000000000000e+00 1
1.3335142229368269e-01 -1.1514282365790260e-01 0.0000000000000000e+00 1
1.2225148650619952e-01 -1.2401759506985435e-01 0.0000000000000000e+00 1
1.8296770203637774e-01 7.5830357840367540e-03 0.0000000000000000e+00 1
-1.9604788210375718e-01 -3.5063903059807250e-01 0.0000000000000000e+00 1
-1.8568413301363265e-01 -3.5529616036333650e-01 0.0000000000000000e+00 1
-1.7645181299980672e-01 -3.4895440751454326e-01 0.0000000000000000e+00 1
1.5775069602629831e-02 -1.0530276682678081e-02 0.0000000000000000e+00 1
1.4412567756511929e-01 1.0586085347048732e-01 0.0000000000000000e+00 1
4.2883804032921274e-02 2.2674609965487272e-01 0.0000000000000000e+00 1
-9.0088951942085466e-02 -2.6944577610269393e-01 0.0000000000000000e+00 1
-9.1583861329044461e-02 -2.5805963468464133e-01 0.0000000000000000e+00 1
-8.2731335076248913e-02 -2.5158824985467781e-01 0.0000000000000000e+00 1
-9.3206693391312587e-02 -2.4665819027671454e-01 0.0000000000000000e+00 1
-1.0270624695070003e-01 -2.5443324312781185e-01 0.0000000000000000e+00 1
-1.1415466491741688e-01 -2.5248658086435949e-01 0.0000000000000000e+00 1
-1.0950252660301528e-01 -2.6260017834520955e-01 0.0000000000000000e+00 1
-8.5814793128584879e-02 -2.4001325794765507e-01 0.0000000000000000e+00 1
-9.7907293521465599e-02 -2.3587572545328089e-01 0.0000000000000000e+00 1
-1.6810210530767300e-01 -2.2815306706851712e-01 0.0000000000000000e+00 1
-4.0250981263965135e-01 -2.7226933496018801e-01 0.0000000000000000e+00 1
-4.6830091097585947e-03 -3.6486214659371619e-01 0.0000000000000000e+00 1
-1.4585246458260408e-02 -3.6050514013667917e-01 0.0000000000000000e+00 1
-1.4839970681499720e-02 -3.4929449674293922e-01 0.0000000000000000e+00 1
-1.2839126142044133e-02 -3.7146197809458942e-01 0.0000000000000000e+00 1
-6.8751760887642677e-02 -3.5499438122389515e-01 0.0000000000000000e+00 1
2.9461836666780700e-01 2.6655914180649926e-01 0.0000000000000000e+00 1
-9.6071287873679009e-02 -3.6319835722802718e-01 0.0000000000000000e+00 1
-5.1695347034200090e-02 -1.8790267673176034e-01 0.0000000000000000e+00 1
-3.5896496918318183e-01 -2.7271784696984069e-01 0.0000000000000000e+00 1
-4.8395182168426219e-02 -2.7773586175465081e-01 0.0000000000000000e+00 1
3.0351074173791642e-01 3.6540176051802142e-01 0.0000000000000000e+00 1
-3.6842673893422062e-01 -2.9483162081916109e-01 0.0000000000000000e+00 1
2.4138453049741857e-02 1.1437055787467980e-02 0.0000000000000000e+00 1
2.9046503440135119e-01 2.3904841288475437e-01 0.0000000000000000e+00 1
6.2860212496212611e-02 -1.0550738236553404e-01 0.0000000000000000e+00 1
6.4797024343932599e-02 -1.1876821319088088e-01 0.0000000000000000e+00 1
-2.6041601539113057e-01 -1.4623647147175450e-01 0.0000000000000000e+00 1
-1.4483609631136446e-01 -2.3013059791040440e-02 0.0000000000000000e+00 1
2.8374353972935296e-01 3.1638100769906463e-01 0.0000000000000000e+00 1
-1.6486588783731720e-01 -3.6464130859899130e-01 0.0000000000000000e+00 1
1.1507973698704790e-01 5.0980261300075033e-02 0.0000000000000000e+00 1
-1.2553389314958693e-01 6.1152822326102446e-02 0.0000000000000000e+00 1
-1.9074698234490423e-01 -4.0372549368727773e-01 0.0000000000000000e+00 1
6.9507968967471842e-02 2.0298438403931307e-01 0.0000000000000000e+00 1
1.4171608952586776e-01 3.9196557140337339e-02 0.0000000000000000e+00 1
-1.3930274549427796e-01 -2.2854839027015322e-01 0.0000000000000000e+00 1
-5.4763572951030820e-02 -4.0189304102938095e-01 0.0000000000000000e+00 1
7.4421683298242156e-02 -8.2808431801455924e-03 0.0000000000000000e+00 1
3.3683396001924465e-02 2.0512904812787072e-01 0.0000000000000000e+00 1
8.7447221316768131e-02 -1.3916862363659965e-02 0.0000000000000000e+00 1
1.0022046395402810e-01 -1.9873535559560427e-02 0.0000000000000000e+00 1
1.1155489618235541e-01 -1.1721953409369820e-02 0.0000000000000000e+00 1
1.1195279254646776e-01 3.9562906388006419e-01 0.0000000000000000e+00 1
1.1341687154900909e-01 4.1458985424332201e-01 0.0000000000000000e+00 1
9.9428632985328391e-02 3.9658781578767011e-01 0.0000000000000000e+00 1
4.5412775315210506e-02 -2.7558814307910467e-01 0.0000000000000000e+00 1
1.2352890941580237e-01 -1.3770362247164197e-01 0.0000000000000000e+00 1
1.5840748176913205e-01 3.9044776196312181e-01 0.0000000000000000e+00 1
1.9527189027344793e-01 3.0034286923185483e-01 0.0000000000000000e+00 1
-4.4057524396867588e-02 7.1284791075986925e-02 0.0000000000000000e+00 1
1.4918638285667887e-01 7.6207033611163322e-02 0.0000000000000000e+00 1
2.0068550787166187e-01 6.8740783259995164e-02 0.0000000000000000e+00 1
4.3530199055282492e-03 -1.9124218789014772e-02 0.0000000000000000e+00 1
2.9547777988001150e-03 -5.0612922478535226e-03 0.0000000000000000e+00 1
4.1391449235855006e-02 4.3246528671754277e-02 0.0000000000000000e+00 1
2.7532693893511956e-01 1.6920552265694055e-01 0.0000000000000000e+00 1
2.6336889685906378e-01 1.7892627488190496e-01 0.0000000000000000e+00 1
3.9696559496554505e-03 6.3908500529935075e-02 0.0000000000000000e+00 1
2.8978371155120239e-03 1.6680344201301114e-01 0.0000000000000000e+00 1
7.0202751688645759e-02 1.0972462802257409e-01 0.0000000000000000e+00 1
5.8091612296826384e-02 1.0240308059579070e-01 0.0000000000000000e+00 1
5.7048405301810247e-02 1.1729399643865668e-01 0.0000000000000000e+00 1
4.6372153247920836e-02 9.5650054490284089e-02 0.0000000000000000e+00 1
5.7280661325730446e-02 8.7098399346746916e-02 0.0000000000000000e+00 1
5.0635066849081166e-02 6.5221658390518966e-02 0.0000000000000000e+00 1
4.2809217078250097e-02 3.1873631161195104e-01 0.0000000000000000e+00 1
-1.5341748684737568e-02 1.2312238583583597e-01 0.0000000000000000e+00 1
-2.6155549098726256e-02 1.1483270299285081e-01 0.0000000000000000e+00 1
1.9103122148646717e-01 4.5435744201305181e-02 0.0000000000000000e+00 1
-3.0877539111676559e-02 -3.6245397951597197e-01 0.0000000000000000e+00 1
2.0840715880197697e-01 1.0646429447601094e-01 0.0000000000000000e+00 1
9.8681788854167368e-02 1.6312123497805747e-01 0.0000000000000000e+00 1
7.5188364849697834e-02 1.6120555122923730e-01 0.0000000000000000e+00 1
-1.0827948928433159e-01 3.5642873349074913e-02 0.0000000000000000e+00 1
-1.1976753608350246e-01 4.1465267944570679e-02 0.0000000000000000e+00 1
-1.2053067827579193e-01 2.8121890676182218e-02 0.0000000000000000e+00 1
-7.2309939991732602e-02 -2.5634323713821905e-01 0.0000000000000000e+00 1
-2.1166811435745375e-01 -2.9256293732393140e-01 0.0000000000000000e+00 1
4.6240707441208779e-03 1.5324623735036172e-01 0.0000000000000000e+00 1
6.0191511603268182e-02 1.0097492578217009e-02 0.0000000000000000e+00 1
-3.4719124110787855e-02 1.8286409118330771e-01 0.0000000000000000e+00 1
2.2637297027346005e-02 -6.3141379275152343e-02 0.0000000000000000e+00 1
1.5333037994005605e-01 -7.0097848954199626e-02 0.0000000000000000e+00 1
1.7127316063463721e-01 -1.0703777634179200e-03 0.0000000000000000e+00 1
-1.3020925119984367e-01 -3.0567911105420742e-01 0.0000000000000000e+00 1
2.4814082264199222e-01 5.3792119493786102e-02 0.0000000000000000e+00 1
1.9683609094525903e-01 9.7351539499730022e-02 0.0000000000000000e+00 1
-7.9733154934278697e-03 1.5850184221928931e-01 0.0000000000000000e+00 1
2.1291322408997196e-01 -2.0973706676166628e-02 0.0000000000000000e+00 1
2.2360808250301850e-01 -9.7898399973526135e-03 0.0000000000000000e+00 1
-2.1365569776972959e-03 2.0737070299978702e-01 0.0000000000000000e+00 1
-1.4605926931955180e-02 2.1263172336694980e-01 0.0000000000000000e+00 1
-2.4309902285676633e-02 2.0527708443538356e-01 0.0000000000000000e+00 1
-1.6970553143562200e-01 -4.1377001100920224e-01 0.0000000000000000e+00 1
-1.6010756303763679e-01 -4.0751319439437883e-01 0.0000000000000000e+00 1
-1.4991179422747331e-01 -4.1194951633837495e-01 0.0000000000000000e+00 1
-1.4898939776025977e-01 -4.2280377625075377e-01 0.0000000000000000e+00 1
-1.3952107702652733e-01 -4.1663219135977358e-01 0.0000000000000000e+00 1
1.7710199499371473e-01 1.4518052691524774e-01 0.0000000000000000e+00 1
2.8020535744006734e-02 -1.1474482147598522e-01 0.0000000000000000e+00 1
-2.5607308397403816e-01 -2.9189818602985507e-01 0.0000000000000000e+00 1
-2.6474061714042790e-01 -2.8712895008769423e-01 0.0000000000000000e+00 1
-2.6527189319835953e-01 -2.7710434035716736e-01 0.0000000000000000e+00 1
1.1886826192565764e-01 -2.1252960681482080e-01 0.0000000000000000e+00 1
9.6551927380513797e-02 1.7823515305656934e-01 0.0000000000000000e+00 1
-8.3477884551802620e-02 -3.9972323267642662e-01 0.0000000000000000e+00 1
-1.8286455955821260e-01 -2.4974425468997802e-01 0.0000000000000000e+00 1
-3.1803718102186532e-02 -3.3970422598145689e-01 0.0000000000000000e+00 1
4.0733427751054374e-02 1.5103225467504791e-01 0.0000000000000000e+00 1
5.9206922881025525e-02 2.8217160674073544e-01 0.0000000000000000e+00 1
1.3096351226160988e-01 1.1117297157633234e-01 0.0000000000000000e+00 1
3.0698419005339705e-01 3.1912434592946104e-01 0.0000000000000000e+00 1
2.3934279720923826e-01 2.3980951557091710e-02 0.0000000000000000e+00 1
2.2419585869908398e-01 2.0564106459197450e-02 0.0000000000000000e+00 1
1.1155369920611653e-01 -2.9053441922582877e-02 0.0000000000000000e+00 1
-6.7541497120200064e-02 1.5113298886504023e-01 0.0000000000000000e+00 1
5.0113752161868010e-02 3.2876944742837166e-01 0.0000000000000000e+00 1
1.3790132201896276e-02 1.7511426964972304e-01 0.0000000000000000e+00 1
-1.3169897007941200e-01 -4.0008654333865629e-01 0.0000000000000000e+00 1
2.1444557748578524e-01 4.7130417970723970e-01 0.0000000000000000e+00 1
-4.2423983632192498e-02 -4.3552735318552621e-01 0.0000000000000000e+00 1
1.0272148557158825e-01 -5.2253727888928680e-02 0.0000000000000000e+00 1
-3.3278927714066590e-02 -1.6072572922317285e-01 0.0000000000000000e+00 1
2.0724410198161586e-02 1.2086452268487353e-01 0.0000000000000000e+00 1
-2.4364208369310067e-02 1.0130604458617953e-01 0.0000000000000000e+00 1
-4.7523791475590327e-02 -1.3089133494461716e-01 0.0000000000000000e+00 1
-7.9387798264858069e-03 2.4230122193560688e-01 0.0000000000000000e+00 1
8.8430848563758296e-02 -2.7187694693844888e-01 0.0000000000000000e+00 1
-2.3616522294075193e-01 -2.2622046450956645e-01 0.0000000000000000e+00 1
3.0523559601516152e-02 2.3193121273706721e-01 0.0000000000000000e+00 1
9.3594655096903900e-02 -7.3624213469399818e-02 0.0000000000000000e+00 1
-1.0709722599857430e-01 -3.5874027348500054e-01 0.0000000000000000e+00 1
1.2765476722997643e-01 4.3135373591901566e-01 0.0000000000000000e+00 1
-2.9201852681601081e-02 -1.0274188759997510e-01 0.0000000000000000e+00 1
-3.1039510334447955e-02 -9.0409666637367006e-02 0.0000000000000000e+00 1
-2.1004555116639034e-01 -1.6712046510222434e-01 0.0000000000000000e+00 1
-2.1791223233512627e-01 -1.6402938458160890e-01 0.0000000000000000e+00 1
2.1882767763194388e-01 -4.7810414771869043e-02 0.0000000000000000e+00 1
2.1484066714010824e-01 -6.1872910265065292e-02 0.0000000000000000e+00 1
2.0271718373514008e-01 -5.0832355118024537e-02 0.0000000000000000e+00 1
6.4428846781515725e-02 3.4899974388427474e-01 0.0000000000000000e+00 1
-6.1732319204557691e-02 1.1697298169251227e-01 0.0000000000000000e+00 1
-6.3556696854321262e-02 1.3029373343571890e-01 0.0000000000000000e+00 1
-3.8690403148075043e-02 1.2005416807434065e-01 0.0000000000000000e+00 1
1.2466375278834585e-01 2.2904359495201565e-01 0.0000000000000000e+00 1
2.3920944487496354e-01 8.0639764047214263e-02 0.0000000000000000e+00 1
-8.4858358100669568e-03 6.9191872642832622e-02 0.0000000000000000e+00 1
-1.2392425286666303e-01 -2.7713561483434035e-01 0.0000000000000000e+00 1
1.1585385252528171e-01 1.3032000569886260e-01 0.0000000000000000e+00 1
-6.8509188804015575e-02 -2.9027407774084429e-01 0.0000000000000000e+00 1
-1.4376645971424582e-02 -1.3280835431842963e-01 0.0000000000000000e+00 1
-1.4023823055881462e-01 -4.6913582165305806e-02 0.0000000000000000e+00 1
-3.6879121342737874e-02 1.0647177224962606e-01 0.0000000000000000e+00 1
1.8303004314867471e-01 3.5988843180661206e-01 0.0000000000000000e+00 1
-4.4791806622555018e-02 -1.5486079424637304e-02 0.0000000000000000e+00 1
1.1538703740079122e-02 9.9030353073027572e-02 0.0000000000000000e+00 1
1.5967162158172326e-02 -3.1016110464400948e-01 0.0000000000000000e+00 1
5.4517398889068459e-02 -3.8503019431604446e-02 0.0000000000000000e+00 1
-1.0026773681856596e-01 -1.2142616337406210e-01 0.0000000000000000e+00 1
9.2932548861925007e-02 3.5387647608360308e-02 0.0000000000000000e+00 1
4.9768071696245711e-02 1.7287187300432286e-01 0.0000000000000000e+00 1
-2.3539328414598101e-01 -2.3542424719505889e-01 0.0000000000000000e+00 1
1.1592606218250268e-01 2.0775408585722427e-01 0.0000000000000000e+00 1
-2.1149270834344680e-01 -3.9313632564826212e-01 0.0000000000000000e+00 1
-2.0203049120298192e-01 -3.8778049851697666e-01 0.0000000000000000e+00 1
-2.2095043402535330e-01 -3.8582675955121687e-01 0.0000000000000000e+00 1
4.5382217155013282e-02 -3.9816098011039081e-01 0.0000000000000000e+00 1
1.8226544041881915e-01 2.3154037821324597e-01 0.0000000000000000e+00 1
2.5553837804022390e-02 -2.8976204873954481e-01 0.0000000000000000e+00 1
-1.7131666225430189e-01 -3.9264578852909865e-01 0.0000000000000000e+00 1
1.7760160638538364e-01 5.0929166199962628e-02 0.0000000000000000e+00 1
3.4270501356024892e-02 -2.7036864598581223e-01 0.0000000000000000e+00 1
-1.2028730029279197e-01 -4.1512732666117447e-01 0.0000000000000000e+00 1
7.7956499305285490e-02 -2.7899389739813457e-01 0.0000000000000000e+00 1
6.2466673767919173e-02 -3.5317569487478551e-01 0.0000000000000000e+00 1
3.8312228361223090e-02 -2.0085641501279755e-01 0.0000000000000000e+00 1
2.7958087921260664e-02 -2.0824578977603106e-01 0.0000000000000000e+00 1
2.9300802577543951e-02 -2.2076415054102605e-01 0.0000000000000000e+00 1
1.7884105494882209e-02 -2.1579072662068929e-01 0.0000000000000000e+00 1
-3.3146811099485501e-01 -2.4534545232026722e-01 0.0000000000000000e+00 1
-6.5908847294441431e-03 -3.4282355883191468e-01 0.0000000000000000e+00 1
-1.6007868676840856e-02 3.4415027661711346e-02 0.0000000000000000e+00 1
-1.3836047093173801e-01 -4.2735054335451939e-01 0.0000000000000000e+00 1
-8.4524374341302916e-02 -5.8678880074058887e-02 0.0000000000000000e+00 1
-8.3249547473411956e-02 -7.1057738056103659e-02 0.0000000000000000e+00 1
-1.8899556901233514e-01 -6.0694904797229887e-02 0.0000000000000000e+00 1
-1.0798040312671092e-01 -3.2486871018772023e-01 0.0000000000000000e+00 1
6.5435927281524350e-02 -1.3859007185912409e-01 0.0000000000000000e+00 1
-3.6160681056281466e-02 -4.1046250617673607e-01 0.0000000000000000e+00 1
-2.4268081501755856e-01 -3.7594280258863000e-01 0.0000000000000000e+00 1
-2.3163585448315496e-01 -3.6836543345312822e-01 0.0000000000000000e+00 1
-1.3978455435401457e-01 3.9127086933309373e-02 0.0000000000000000e+00 1
-1.2714312642751971e-01 -1.6628348132848136e-01 0.0000000000000000e+00 1
-1.3535472076815605e-01 -3.6734425371142643e-01 0.0000000000000000e+00 1
-1.2290388676014311e-01 -3.9370718994320358e-01 0.0000000000000000e+00 1
4.7725331728298553e-03 -1.0479128558404438e-01 0.0000000000000000e+00 1
1.6964878488082660e-01 1.3503975912344528e-02 0.0000000000000000e+00 1
-7.3717614951521571e-02 3.3559283286925194e-02 0.0000000000000000e+00 1
1.3324224577266802e-01 2.5046903671164861e-01 0.0000000000000000e+00 1
1.7498371182490292e-02 4.6327716174216285e-02 0.0000000000000000e+00 1
6.8018545035602052e-03 -3.1787450091644472e-02 0.0000000000000000e+00 1
1.4714816010048667e-01 9.0386656263349560e-02 0.0000000000000000e+00 1
-7.9658420465156088e-02 -2.2102304358537497e-01 0.0000000000000000e+00 1
2.1831202879043360e-02 2.4392588014836326e-02 0.0000000000000000e+00 1
1.0968889337781171e-01 2.4320748399092752e-03 0.0000000000000000e+00 1
8.9003626962542520e-02 -3.6235552857552422e-01 0.0000000000000000e+00 1
7.0518626145331373e-02 -7.0602600783142525e-02 0.0000000000000000e+00 1
2.0296354327607719e-01 3.2124101901453517e-01 0.0000000000000000e+00 1
1.8408325990049566e-02 2.3695096497659451e-01 0.0000000000000000e+00 1
5.2055347224340999e-02 2.4814461893822454e-01 0.0000000000000000e+00 1
-4.6259733796695776e-02 -2.5978839224173574e-03 0.0000000000000000e+00 1
1.6161026505101837e-02 -1.9151552865045007e-01 0.0000000000000000e+00 1
-7.7366001677435972e-02 -1.5370457708707569e-01 0.0000000000000000e+00 1
1.5979278342933234e-01 -1.4043097457516490e-01 0.0000000000000000e+00 1
8.0063050010235531e-02 4.0680712764320351e-02 0.0000000000000000e+00 1
-1.6317952452525003e-03 -2.3058170049853025e-01 0.0000000000000000e+00 1
1.3599940540438362e-02 -8.4085862075462481e-02 0.0000000000000000e+00 1
-1.1073084613089909e-01 -2.3957525926397581e-02 0.0000000000000000e+00 1
-3.4786331508187529e-01 -2.1091248913186450e-01 0.0000000000000000e+00 1
-1.5418551459326382e-01 -1.8767184944838447e-01 0.0000000000000000e+00 1
5.7713289847288907e-02 -1.7280775737409160e-01 0.0000000000000000e+00 1
1.8717960591577398e-01 7.4052439246960908e-02 0.0000000000000000e+00 1
-2.2510275355664372e-01 -1.4722034514828861e-01 0.0000000000000000e+00 1
-6.5669373240012124e-02 -3.0897691418983249e-02 0.0000000000000000e+00 1
1.6801461927045647e-01 2.4944707850029005e-01 0.0000000000000000e+00 1
2.0885844348881658e-01 2.0866447739842486e-01 0.0000000000000000e+00 1
7.8290565118809413e-02 2.2460743162389099e-01 0.0000000000000000e+00 1
1.1813760908586257e-01 1.1618401002520673e-01 0.0000000000000000e+00 1
1.8854653500477353e-01 -4.5857962290905510e-02 0.0000000000000000e+00 1
2.4862343201785436e-01 2.5717748102997895e-01 0.0000000000000000e+00 1
-8.0642316510346104e-02 -3.4902007143774050e-04 0.0000000000000000e+00 1
7.1858463602668496e-02 -2.0371758559406472e-01 0.0000000000000000e+00 1
-9.9151230546126845e-02 -2.8761455247917098e-02 0.0000000000000000e+00 1
1.8322424133224602e-01 4.1172719414682729e-01 0.0000000000000000e+00 1
-1.5215200583021707e-01 -3.9127063143489571e-01 0.0000000000000000e+00 1
2.2332547444785220e-02 1.0735887860704497e-01 0.0000000000000000e+00 1
5.1489540475486165e-02 1.5931605468045973e-01 0.0000000000000000e+00 1
1.8625934631825894e-01 2.7905529971303900e-01 0.0000000000000000e+00 1
1.6876669500307975e-01 -1.0429351381397652e-01 0.0000000000000000e+00 1
-1.4293580663017549e-01 -1.0212679084602500e-01 0.0000000000000000e+00 1
2.0662555954832518e-02 -2.4063765357116551e-01 0.0000000000000000e+00 1
2.3417409491156369e-02 -1.5891594004019902e-01 0.0000000000000000e+00 1
1.4988949774237353e-01 -1.6256957423576565e-01 0.0000000000000000e+00 1
-2.5222031846911536e-01 -1.5573949088289415e-01 0.0000000000000000e+00 1
4.2076715978498165e-02 -3.3550811887062028e-02 0.0000000000000000e+00 1
-6.6394216871546216e-02 -3.7653901472042728e-01 0.0000000000000000e+00 1
-9.3249557327912513e-02 -7.8294383065205947e-02 0.0000000000000000e+00 1
2.2988734742026035e-01 3.0021474687395971e-01 0.0000000000000000e+00 1
-6.2449308716242833e-03 -2.8596257280888349e-01 0.0000000000000000e+00 1
2.8137146173810947e-02 -3.1422543013610538e-01 0.0000000000000000e+00 1
5.3190664232765132e-02 -2.4366547194891283e-01 0.0000000000000000e+00 1
-1.2545982205711909e-01 -7.5978400446573363e-02 0.0000000000000000e+00 1
1.4091121130713744e-01 -1.9745114116551554e-01 0.0000000000000000e+00 1
-1.1979444010505298e-01 -3.3230890257552248e-01 0.0000000000000000e+00 1
1.0418415570510864e-01 -1.8094459776009342e-01 0.0000000000000000e+00 1
2.6291796516996169e-01 4.6266683020004146e-01 0.0000000000000000e+00 1
-1.4753708740363236e-01 -6.7001082796488559e-02 0.0000000000000000e+00 1
-2.1717313459849331e-02 -1.6541796461353825e-01 0.0000000000000000e+00 1
1.8992515148288458e-01 -7.3449939920512880e-02 0.0000000000000000e+00 1
-6.6959856017408836e-02 6.8177422212024968e-02 0.0000000000000000e+00 1
-3.6629903548258985e-01 -2.8634485954999439e-01 0.0000000000000000e+00 1
-2.8104183686478162e-01 -2.7801730657498508e-01 0.0000000000000000e+00 1
9.8273853217732285e-02 8.4839640489974111e-02 0.0000000000000000e+00 1
1.9520184452553169e-01 -1.1668988342748972e-01 0.0000000000000000e+00 1
8.0075847893637558e-02 2.1125167626867722e-01 0.0000000000000000e+00 1
2.2806845715051638e-01 2.3921240911668035e-01 0.0000000000000000e+00 1
2.5503703278691980e-01 3.4929916980872661e-01 0.0000000000000000e+00 1
-1.1163451796097359e-01 -1.0464383481652587e-01 0.0000000000000000e+00 1
1.0862597953794274e-01 -2.4491353101122271e-01 0.0000000000000000e+00 1
-1.3655326898932060e-01 -3.5628814594510172e-01 0.0000000000000000e+00 1
-1.7639499026781684e-02 4.7740683499055123e-02 0.0000000000000000e+00 1
-1.1385404733434412e-01 9.3633109639478700e-04 0.0000000000000000e+00 1
-3.9444252159092766e-02 -3.6859148323147195e-01 0.0000000000000000e+00 1
-1.6886154207135953e-01 -1.3435431080768151e-01 0.0000000000000000e+00 1
-1.6472912099831019e-01 -9.2719776231721784e-02 0.0000000000000000e+00 1
6.4492464440141006e-02 -2.4887057011949862e-01 0.0000000000000000e+00 1
-3.7421763201107294e-01 -2.2758313484858661e-01 0.0000000000000000e+00 1
1.2312437793772991e-01 -2.9889974121706075e-01 0.0000000000000000e+00 1
1.9266477484576541e-01 2.3997057078536027e-01 0.0000000000000000e+00 1
2.6286429381454240e-01 4.9393605966782511e-01 0.0000000000000000e+00 1
2.8904505977094441e-01 2.9060610862419178e-01 0.0000000000000000e+00 1
-6.1567793558605768e-02 2.8500242455009039e-02 0.0000000000000000e+00 1
-1.2974370993319939e-01 -1.3023199876500113e-01 0.0000000000000000e+00 1
2.5632643727736065e-01 2.7827966887072347e-01 0.0000000000000000e+00 1
-5.3722704808828903e-02 -2.4222501132090524e-01 0.0000000000000000e+00 1
-1.2712394221809958e-01 -6.3966991379470012e-02 0.0000000000000000e+00 1
-1.2532960670514601e-01 -2.5419678931068690e-01 0.0000000000000000e+00 1
-2.9412251855557059e-01 -1.7802144775368070e-01 0.0000000000000000e+00 1
2.2338305297100142e-02 -3.4546568750584333e-01 0.0000000000000000e+00 1
2.8439953983676941e-01 3.6075484077561359e-01 0.0000000000000000e+00 1
1.9373527991481360e-02 -2.2816012883901438e-01 0.0000000000000000e+00 1
1.5139262764142163e-02 -9.7116710184690813e-02 0.0000000000000000e+00 1
4.9961903281978984e-02 -3.2476715492823960e-01 0.0000000000000000e+00 1
-1.5529904048148055e-01 -2.5232472941668610e-01 0.0000000000000000e+00 1
4.1371016700206757e-02 2.4004140570007074e-01 0.0000000000000000e+00 1
2.7102147809664012e-01 3.2051640260323855e-01 0.0000000000000000e+00 1
-2.5737941458022751e-01 -2.7181546738017087e-01 0.0000000000000000e+00 1
8.9189059841370683e-02 -2.8427019857251523e-01 0.0000000000000000e+00 1
-1.2978029949465930e-01 -3.2779992800892088e-01 0.0000000000000000e+00 1
-2.3047040911367711e-01 -2.8433092009585914e-01 0.0000000000000000e+00 1
-1.3936428584724841e-01 -3.1217902590891256e-01 0.0000000000000000e+00 1
-1.6724005896614794e-01 -3.4257030048611914e-01 0.0000000000000000e+00 1
-5.1141340199000358e-02 1.2497046014322155e-01 0.0000000000000000e+00 1
-1.1777689773690699e-01 -4.3541492375657304e-01 0.0000000000000000e+00 1
1.1748660208134484e-01 3.1811940991812582e-01 0.0000000000000000e+00 1
-1.0459431672539746e-01 -1.8771058633804674e-01 0.0000000000000000e+00 1
-2.5070050662138083e-01 -3.4690172316447015e-01 0.0000000000000000e+00 1
3.0443046581855077e-01 4.7045849424535957e-01 0.0000000000000000e+00 1
1.3613850597572150e-01 3.3379809080084366e-01 0.0000000000000000e+00 1
-1.4671382341687811e-01 -3.5170380123445738e-01 0.0000000000000000e+00 1
-2.0870870926249047e-01 -6.3911859565231044e-02 0.0000000000000000e+00 1
-2.3625251821304930e-01 -3.1080126056947355e-01 0.0000000000000000e+00 1
-2.4470748436415035e-01 -3.1699421743850231e-01 0.0000000000000000e+00 1
-2.1154118300844163e-01 -2.2846995880601434e-01 0.0000000000000000e+00 1
-2.0533051510153910e-01 -2.1392644328167870e-01 0.0000000000000000e+00 1
-1.9908344662880043e-01 -1.9035916068638559e-01 0.0000000000000000e+00 1
-3.6189200769010937e-01 -2.1897387866958729e-01 0.0000000000000000e+00 1
1.5434130052024850e-01 3.4920262819872883e-01 0.0000000000000000e+00 1
-2.6740203588458233e-01 -2.1100340701519374e-01 0.0000000000000000e+00 1
-2.7382412343620477e-01 -2.1484413880847031e-01 0.0000000000000000e+00 1
3.4031741856089953e-02 -3.7232965615108227e-01 0.0000000000000000e+00 1
1.7228980060129523e-01 3.6396439829336125e-01 0.0000000000000000e+00 1
1.2293414881271422e-01 -2.7648501534462122e-01 0.0000000000000000e+00 1
-8.9966083074361436e-02 6.5456069570139552e-02 0.0000000000000000e+00 1
-5.4006323693962938e-02 -3.5890632144402274e-02 0.0000000000000000e+00 1
-6.9243542033031978e-03 5.5889943597540528e-02 0.0000000000000000e+00 1
-2.8397900284392458e-01 -1.6852292849267375e-01 0.0000000000000000e+00 1
-3.0091999708086836e-01 -2.4241463131423469e-01 0.0000000000000000e+00 1
2.2260267794176694e-01 4.2400451372132057e-03 0.0000000000000000e+00 1
5.4446856836079223e-03 -3.6935945094355205e-01 0.0000000000000000e+00 1
-1.5037101955709570e-01 -3.1875793049561990e-01 0.0000000000000000e+00 1
-1.1679518103978188e-01 1.5144419610329819e-02 0.0000000000000000e+00 1
-1.9644496451490265e-01 -2.8147661766589305e-01 0.0000000000000000e+00 1
-3.0567976385469864e-01 -2.7538404340521422e-01 0.0000000000000000e+00 1
-2.5369876603771829e-01 -2.0105048921001278e-01 0.0000000000000000e+00 1
8.1728945717296997e-02 -3.3988309689139029e-01 0.0000000000000000e+00 1
-2.6667138776533578e-01 -2.5771593680391858e-01 0.0000000000000000e+00 1
1.8915197964642733e-01 5.9802972395453513e-02 0.0000000000000000e+00 1
-2.1707912797335155e-01 -2.5332226306671962e-01 0.0000000000000000e+00 1
-1.6059874383129200e-01 -3.1426775209457403e-01 0.0000000000000000e+00 1
-9.1538148211017925e-02 7.9138804526940512e-02 0.0000000000000000e+00 1
1.9865148423343981e-01 4.2545685051039350e-01 0.0000000000000000e+00 1
2.1856123166073960e-01 4.4451177046359824e-01 0.0000000000000000e+00 1
-2.1833127139138455e-02 -8.0693278345727176e-02 0.0000000000000000e+00 1
6.2872761050598289e-02 -3.9834282223617179e-01 0.0000000000000000e+00 1
-2.8193534739843884e-01 -2.6854097336711247e-01 0.0000000000000000e+00 1
-2.3276902081290951e-01 -2.6446232242383139e-01 0.0000000000000000e+00 1
-1.5577051954947410e-01 -3.5818365201420987e-01 0.0000000000000000e+00 1
1.5677379853012985e-01 4.6935581934022280e-01 0.0000000000000000e+00 1
5.0196485837096738e-02 -4.1626517058732843e-01 0.0000000000000000e+00 1
9.2430231301387278e-02 2.0615098742735030e-01 0.0000000000000000e+00 1
-2.9612689567579387e-01 -2.9884419661286921e-01 0.0000000000000000e+00 1
-3.3469629512984705e-01 -2.9394734548178408e-01 0.0000000000000000e+00 1
-5.1046906387975544e-02 3.6472341117846654e-02 0.0000000000000000e+00 1
-2.8123346584747289e-01 -1.8754384206195990e-01 0.0000000000000000e+00 1
9.5889202249192909e-02 2.6645747250392116e-01 0.0000000000000000e+00 1
-2.0017544739831589e-01 -1.2946564084604092e-01 0.0000000000000000e+00 1
1.9052554013318995e-02 -4.4188663317361643e-01 0.0000000000000000e+00 1
1.8111281115466599e-01 -1.1036582434877219e-01 0.0000000000000000e+00 1
-2.1610312967769466e-01 -2.6337243267067362e-01 0.0000000000000000e+00 1
1.1034517455442590e-01 2.4816964082708962e-01 0.0000000000000000e+00 1
2.7457074792573227e-01 4.9891241701107503e-01 0.0000000000000000e+00 1
1.2293927684235256e-01 2.4244619824059738e-01 0.0000000000000000e+00 1
-3.5324064396800636e-01 -2.5190434485081958e-01 0.0000000000000000e+00 1
-1.9092218181824486e-01 -2.5561375195713110e-01 0.0000000000000000e+00 1
-3.1451549368949722e-01 -2.6162560346782959e-01 0.0000000000000000e+00 1
-3.3707098430579235e-01 -2.6745438673813732e-01 0.0000000000000000e+00 1
5.2737927216498982e-02 -2.5186107123547154e-02 0.0000000000000000e+00 1
-1.1418829817174320e-02 -3.8191284799583664e-01 0.0000000000000000e+00 1
-2.6730483547902778e-01 -2.0169392170467296e-01 0.0000000000000000e+00 1
-1.0077610139260562e-01 -1.0946547672764316e-01 0.0000000000000000e+00 1
-4.3791023000597465e-02 -2.8212826268085148e-02 0.0000000000000000e+00 1
-1.3037852340052475e-01 -4.1056570488286215e-01 0.0000000000000000e+00 1
-1.6608091083000481e-01 -3.5357090422312154e-01 0.0000000000000000e+00 1
2.1972410038787610e-01 2.9184447998129665e-01 0.0000000000000000e+00 1
2.5933471356007343e-01 5.0187421701403900e-01 0.0000000000000000e+00 1
-2.1494386342380370e-01 -2.0150003315094167e-01 0.0000000000000000e+00 1
-1.0075241873106823e-01 -1.6262351967999585e-02 0.0000000000000000e+00 1
2.0644053637620469e-01 4.9930931905949621e-01 0.0000000000000000e+00 1
2.4363087973661013e-01 5.0204970405351046e-01 0.0000000000000000e+00 1
-9.7106246577800509e-02 -4.4251306977537813e-01 0.0000000000000000e+00 1
-5.2747979617930513e-02 4.9568911235616617e-02 0.0000000000000000e+00 1
3.2308063171108664e-01 4.8508181032234099e-01 0.0000000000000000e+00 1
1.5989731571188570e-01 -8.9260126282156623e-03 0.0000000000000000e+00 1
2.3602709121265442e-01 5.0180759844754652e-01 0.0000000000000000e+00 1
2.4096092977505004e-01 4.5339775551757788e-01 0.0000000000000000e+00 1
1.0104680410139930e-01 -3.4057574625443071e-01 0.0000000000000000e+00 1
-7.6069135006517893e-02 -3.7216435740035558e-01 0.0000000000000000e+00 1
5.4757364932598732e-03 5.0783442463828661e-02 0.0000000000000000e+00 1
-3.9396372564402032e-01 -2.4332326760913198e-01 0.0000000000000000e+00 1
4.3365436712520862e-02 -3.6590045321487874e-01 0.0000000000000000e+00 1
8.2990529402764177e-02 -3.5223100092452247e-01 0.0000000000000000e+00 1
1.7573687108332753e-01 3.4068744568262516e-01 0.0000000000000000e+00 1
-2.6635696730684355e-01 -1.5156693829421808e-01 0.0000000000000000e+00 1
-6.0586367247269790e-02 -4.2809108901901088e-01 0.0000000000000000e+00 1
-2.1675198868538639e-01 -3.3047856105466633e-01 0.0000000000000000e+00 1
3.2321531962398603e-01 4.5450275854843092e-01 0.0000000000000000e+00 1
5.0952389053329043e-02 -1.1793598832785772e-02 0.0000000000000000e+00 1
2.6782005959084287e-01 1.4085569397854517e-01 0.0000000000000000e+00 1
2.5868170184074207e-01 1.5616601482527837e-01 0.0000000000000000e+00 1
8.1712382082457305e-03 -2.2330791184734700e-01 0.0000000000000000e+00 1
-2.6594094251808115e-01 -2.6734569078563758e-01 0.0000000000000000e+00 1
-4.8386835284941816e-02 -2.2415044783780344e-01 0.0000000000000000e+00 1
-7.0427560223578781e-02 -4.5022154191835062e-01 0.0000000000000000e+00 1
-8.1951613149895269e-02 -8.3123666491389858e-02 0.0000000000000000e+00 1
2.8628545709771364e-01 4.2383201314827057e-01 0.0000000000000000e+00 1
1.1385720726196009e-01 2.2163131181352413e-01 0.0000000000000000e+00 1
3.1507590246733538e-02 -3.3882042357173275e-01 0.0000000000000000e+00 1
2.7208984031166905e-01 4.5988946351739002e-01 0.0000000000000000e+00 1
-2.0744443754907638e-01 -3.2420035586650048e-01 0.0000000000000000e+00 1
-5.4559330494897654e-02 6.3011306726149741e-02 0.0000000000000000e+00 1
8.8779555598071949e-02 6.2975783349860731e-02 0.0000000000000000e+00 1
9.2028935709461704e-02 -1.7571206217377094e-01 0.0000000000000000e+00 1
-1.1776927602448499e-01 -1.5928398145414641e-01 0.0000000000000000e+00 1
9.9738604994793228e-02 -2.7708163499099608e-01 0.0000000000000000e+00 1
-1.9145887965857519e-01 -1.2315681113232121e-01 0.0000000000000000e+00 1
-3.1342347589673669e-01 -2.8051127824948663e-01 0.0000000000000000e+00 1
2.5843897664643323e-01 2.6568865243853340e-01 0.0000000000000000e+00 1
1.9881926994110169e-01 8.3116003930111551e-02 0.0000000000000000e+00 1
6.3340272763171293e-02 -2.3629328085925777e-01 0.0000000000000000e+00 1
4.6321023729819194e-02 3.0004818671093320e-01 0.0000000000000000e+00 1
-2.8065870329294151e-01 -2.1101396348593782e-01 0.0000000000000000e+00 1
-8.5058728109582898e-02 -3.2491493159646201e-01 0.0000000000000000e+00 1
1.0154264902979837e-01 -3.1491390863775515e-01 0.0000000000000000e+00 1
3.0162678598280718e-01 4.3659908728256591e-01 0.0000000000000000e+00 1
-1.0252540736216610e-01 -3.4780031677781862e-03 0.0000000000000000e+00 1
1.5618923812871965e-01 -2.2575994763399843e-01 0.0000000000000000e+00 1
2.8978101023438813e-01 4.9924126771710797e-01 0.0000000000000000e+00 1
1.4338806049395950e-01 4.5354030246304211e-01 0.0000000000000000e+00 1
6.1824282866741388e-02 -3.2817484251080583e-03 0.0000000000000000e+00 1
-1.7754104051653039e-01 -3.3787076300419233e-01 0.0000000000000000e+00 1
4.2915555146971540e-02 5.5684701686194951e-02 0.0000000000000000e+00 1
-3.6605573723351276e-01 -2.6864282528901551e-01 0.0000000000000000e+00 1
-3.8564498023197791e-01 -2.6499691208711851e-01 0.0000000000000000e+00 1
-1.8686337957303703e-01 -3.4432971732279571e-01 0.0000000000000000e+00 1
5.7050755828416851e-03 2.4288236530609425e-01 0.0000000000000000e+00 1
6.4435050542292108e-02 1.5333408043409985e-01 0.0000000000000000e+00 1
-1.9764126554946765e-01 -3.2877941600163052e-01 0.0000000000000000e+00 1
1.8730850148570460e-01 4.9615733618304808e-01 0.0000000000000000e+00 1
2.6948584586355608e-02 -3.9946504289701229e-01 0.0000000000000000e+00 1
2.2063491703833751e-01 5.0125534433278462e-01 0.0000000000000000e+00 1
7.2742481926797997e-02 5.1751279732501418e-03 0.0000000000000000e+00 1
2.2887790260520130e-01 4.3381952705291729e-02 0.0000000000000000e+00 1
1.2940030468924446e-01 4.2034418191786621e-01 0.0000000000000000e+00 1
5.3090772738566862e-02 -3.7074713578861040e-01 0.0000000000000000e+00 1
2.0660296530002009e-01 -8.9548818278195483e-02 0.0000000000000000e+00 1
3.3185469439299392e-01 4.8174378523617023e-01 0.0000000000000000e+00 1
1.6997610110159184e-01 2.3636416279007655e-01 0.0000000000000000e+00 1
-3.5159802484980079e-01 -2.9544227728788464e-01 0.0000000000000000e+00 1
-1.1825889179809126e-01 7.2233518888432421e-02 0.0000000000000000e+00 1
1.1073191729625387e-01 -2.8251924119733934e-01 0.0000000000000000e+00 1
-2.2702233723115423e-01 -1.6478936842164571e-01 0.0000000000000000e+00 1
-7.1899674606124758e-02 -7.5756353227653825e-02 0.0000000000000000e+00 1
-3.4559822496613699e-02 -2.2809072868712213e-01 0.0000000000000000e+00 1
1.7844716166595057e-01 4.7828355324260502e-01 0.0000000000000000e+00 1
-3.0628386368058896e-01 -2.6546752984463007e-01 0.0000000000000000e+00 1
9.0740123519074872e-02 -1.6248780395466322e-01 0.0000000000000000e+00 1
9.0816408389089456e-02 4.8983616461103371e-02 0.0000000000000000e+00 1
-2.6927721932575269e-02 -2.0919385167042193e-01 0.0000000000000000e+00 1
6.2224330394024238e-02 -2.2377808907854740e-01 0.0000000000000000e+00 1
-3.3744387426246392e-01 -3.0680454023063358e-01 0.0000000000000000e+00 1
-1.8115184576580373e-02 -1.8961285299764924e-01 0.0000000000000000e+00 1
1.0510027465514132e-01 2.0038574947370330e-01 0.0000000000000000e+00 1
-6.4838615128228097e-02 -4.4296450472472554e-01 0.0000000000000000e+00 1
1.7151155227775137e-02 -4.0514682231910626e-01 0.0000000000000000e+00 1
3.0417684047389055e-02 -3.2758142060248835e-01 0.0000000000000000e+00 1
2.9425791217844205e-01 4.9096137835327436e-01 0.0000000000000000e+00 1
3.0064094017413440e-01 4.8986097515020743e-01 0.0000000000000000e+00 1
1.7409577162944462e-01 3.5242187832105754e-01 0.0000000000000000e+00 1
1.6118157554597976e-01 -1.5392992379886997e-01 0.0000000000000000e+00 1
3.6294776736921670e-02 -4.0543476368406783e-01 0.0000000000000000e+00 1
-7.7238625759286417e-02 -3.6146854674907414e-01 0.0000000000000000e+00 1
1.6494471964788696e-01 1.3656098025005861e-01 0.0000000000000000e+00 1
2.4292148128727575e-01 4.4435974519329619e-01 0.0000000000000000e+00 1
2.0643958158149237e-01 1.2063414639893223e-01 0.0000000000000000e+00 1
-6.1609138138042731e-02 -6.8255801986755057e-02 0.0000000000000000e+00 1
1.0716337203937340e-01 1.8668154568706968e-01 0.0000000000000000e+00 1
7.2304816300632610e-02 -3.5811657152985865e-01 0.0000000000000000e+00 1
-3.2210392911009605e-01 -2.0027561348248685e-01 0.0000000000000000e+00 1
2.4988211234949309e-01 4.2661270388415856e-01 0.0000000000000000e+00 1
3.4720199790008677e-02 1.0150295237599750e-01 0.0000000000000000e+00 1
6.3017160137029002e-02 -3.6432521944838359e-01 0.0000000000000000e+00 1
1.9980229420568102e-01 4.9807235695157220e-01 0.0000000000000000e+00 1
1.5975498707462538e-01 2.2789415112189421e-01 0.0000000000000000e+00 1
7.8482082166668354e-02 3.6711756636894455e-01 0.0000000000000000e+00 1
2.7187269324152157e-02 -1.0227484198221605e-01 0.0000000000000000e+00 1
-1.7648255753368250e-01 -3.0100218127204992e-01 0.0000000000000000e+00 1
1.0158061526104550e-01 -1.5444319360481634e-01 0.0000000000000000e+00 1
8.9013810475323113e-02 -2.7521550704882561e-02 0.0000000000000000e+00 1
-9.6986138863781775e-03 -1.6987284348216158e-01 0.0000000000000000e+00 1
2.0057869171037923e-01 4.6995522482545299e-01 0.0000000000000000e+00 1
-3.3633726594400476e-01 -2.7610044345854301e-01 0.0000000000000000e+00 1
3.0338272588413351e-01 4.9708900941987633e-01 0.0000000000000000e+00 1
-4.9917450705544375e-02 -7.3399947941348867e-02 0.0000000000000000e+00 1
7.2724982770738605e-02 -2.1625039399237359e-01 0.0000000000000000e+00 1
-2.5260604271636422e-01 -3.7019085628546589e-01 0.0000000000000000e+00 1
-1.3827691609822107e-01 -5.9322148323819580e-02 0.0000000000000000e+00 1
2.1593495677172159e-01 1.4351325639674561e-01 0.0000000000000000e+00 1
6.8624285755127671e-03 -2.1120051022271835e-01 0.0000000000000000e+00 1
-8.7304860812818699e-02 -3.5698185952805284e-01 0.0000000000000000e+00 1
-2.2667711943007457e-01 -3.1509298291363874e-01 0.0000000000000000e+00 1
-1.8146916726916001e-01 -2.5976328661131265e-01 0.0000000000000000e+00 1
1.0036593862934003e-01 -1.4110406844396106e-01 0.0000000000000000e+00 1
2.2942304208408695e-01 1.3868559376563916e-01 0.0000000000000000e+00 1
5.0120003841187767e-03 -4.4476551814737958e-01 0.0000000000000000e+00 1
1.6500471795282165e-01 3.4508603191816178e-01 0.0000000000000000e+00 1
7.9706472976707063e-02 1.3244890085027627e-01 0.0000000000000000e+00 1
2.1160206024773356e-01 4.3852453079228926e-01 0.0000000000000000e+00 1
3.1590150282883844e-01 4.8739804898679334e-01 0.0000000000000000e+00 1
9.5089686846565991e-02 2.8037284603529522e-01 0.0000000000000000e+00 1
-2.4233383458341964e-01 -3.6487650322523851e-01 0.0000000000000000e+00 1
6.1689728005784969e-02 3.2703686827515277e-01 0.0000000000000000e+00 1
2.5102680208142591e-01 4.4186946282486250e-01 0.0000000000000000e+00 1
-2.2405502962769219e-01 -2.6861288076978906e-01 0.0000000000000000e+00 1
2.3735026975367260e-01 1.6120307540747028e-01 0.0000000000000000e+00 1
2.3907839138464038e-01 3.8370819018801178e-01 0.0000000000000000e+00 1
-2.0229207727691374e-03 -1.3759048043971511e-01 0.0000000000000000e+00 1
8.3313244024318195e-02 -2.0883359908730798e-01 0.0000000000000000e+00 1
-2.0950620101549484e-02 -3.7768625787341203e-01 0.0000000000000000e+00 1
7.7819013840481358e-02 1.4612723938011310e-01 0.0000000000000000e+00 1
1.6264956055131163e-01 4.7675547775334243e-01 0.0000000000000000e+00 1
2.4183011482198191e-01 4.1982035395439121e-01 0.0000000000000000e+00 1
1.6988920268700716e-02 -2.0376981548637080e-01 0.0000000000000000e+00 1
-4.0232785246848712e-01 -2.5004736993583826e-01 0.0000000000000000e+00 1
2.0895071121104969e-01 -3.7324966159277703e-02 0.0000000000000000e+00 1
2.2118296096088513e-01 4.1623490875922803e-01 0.0000000000000000e+00 1
1.5276805370765112e-01 -2.0314752262184227e-01 0.0000000000000000e+00 1
1.1137990760240087e-01 -1.3278902032741569e-01 0.0000000000000000e+00 1
-1.9162388455703616e-01 -3.9264547340341305e-01 0.0000000000000000e+00 1
-2.1400250243247634e-01 -2.1038300625735076e-01 0.0000000000000000e+00 1
1.9404926874623721e-01 4.6599901361188634e-01 0.0000000000000000e+00 1
-3.8909667292337430e-01 -2.3937529053022172e-01 0.0000000000000000e+00 1
2.9519901684454986e-01 3.1441229051041497e-01 0.0000000000000000e+00 1
2.8152678595828162e-01 1.9592744125055445e-01 0.0000000000000000e+00 1
1.3127684854410607e-01 3.0620882982660271e-02 0.0000000000000000e+00 1
2.9669664948207570e-02 -1.2623728726085931e-01 0.0000000000000000e+00 1
1.1494684486741856e-01 3.8483075673761025e-01 0.0000000000000000e+00 1
-2.7358736535760192e-01 -2.7271242762878556e-01 0.0000000000000000e+00 1
-3.9684842747016325e-01 -2.7005665819397512e-01 0.0000000000000000e+00 1
2.3189438226617273e-01 4.9545387771263594e-01 0.0000000000000000e+00 1
-1.8897649698439273e-01 -3.3431427947759607e-02 0.0000000000000000e+00 1
-1.9838103451663647e-01 -1.9953819663629141e-01 0.0000000000000000e+00 1
-3.8179445870318579e-01 -2.4122717941179719e-01 0.0000000000000000e+00 1
8.7444041872027853e-02 3.0665647258190626e-01 0.0000000000000000e+00 1
-1.2902355652310749e-01 -4.2104567867663312e-01 0.0000000000000000e+00 1
-5.2561080607494044e-02 1.3774020289462308e-01 0.0000000000000000e+00 1
1.1015915265851302e-01 -1.1912756472426969e-01 0.0000000000000000e+00 1
2.8872537757962402e-01 3.3516177460377217e-01 0.0000000000000000e+00 1
-1.7217430767192576e-01 -2.6424805358921588e-01 0.0000000000000000e+00 1
2.7319712279488869e-02 -1.9647509172187158e-01 0.0000000000000000e+00 1
2.3996639392431310e-01 2.3451035790639521e-01 0.0000000000000000e+00 1
1.9682701080295920e-01 4.9202173725806819e-01 0.0000000000000000e+00 1
1.7250624482016341e-01 -1.4458358628403423e-01 0.0000000000000000e+00 1
-1.7565447749092611e-01 -3.4964053468834869e-02 0.0000000000000000e+00 1
1.6210390530968102e-01 2.1477428395919154e-01 0.0000000000000000e+00 1
3.1556408797238356e-01 4.9404344964107055e-01 0.0000000000000000e+00 1
-1.2840139933238726e-01 1.7264378993745888e-02 0.0000000000000000e+00 1
2.8604119473781264e-01 4.9312228880458264e-01 0.0000000000000000e+00 1
2.5912039592541525e-01 9.6869729414393979e-02 0.0000000000000000e+00 1
-4.1911224057438509e-02 1.4688084572954069e-01 0.0000000000000000e+00 1
3.6307933852190631e-02 8.7362235389594714e-02 0.0000000000000000e+00 1
2.3011062126294343e-01 4.2262644958797074e-01 0.0000000000000000e+00 1
1.3232424384406893e-01 1.7380585788478134e-02 0.0000000000000000e+00 1
1.0390058420122895e-01 4.3356916276907118e-02 0.0000000000000000e+00 1
-1.1618942976251026e-01 -2.7019444787254981e-01 0.0000000000000000e+00 1
1.0844452117372372e-01 2.6086899453456203e-01 0.0000000000000000e+00 1
-1.1879632840652497e-01 -4.2515662557876749e-01 0.0000000000000000e+00 1
-3.2878046351561191e-01 -2.8037291617408949e-01 0.0000000000000000e+00 1
-1.5613506595978804e-01 -5.1999667622049262e-03 0.0000000000000000e+00 1
-4.0219153007562947e-01 -2.5741159605669645e-01 0.0000000000000000e+00 1
-1.5121028571411232e-01 -4.3663436830938943e-02 0.0000000000000000e+00 1
3.4264494535130245e-02 -4.2273727628718283e-01 0.0000000000000000e+00 1
2.0128245626032373e-01 -6.6777635402597152e-02 0.0000000000000000e+00 1
7.5717762655325496e-02 3.1132009362007212e-01 0.0000000000000000e+00 1
-3.1043725098734010e-01 -1.8369304734617486e-01 0.0000000000000000e+00 1
-3.6599415524524526e-01 -2.7713146957256041e-01 0.0000000000000000e+00 1
1.9292118763173144e-01 4.5285940754335285e-01 0.0000000000000000e+00 1
3.0328134540694934e-01 4.2729317001752842e-01 0.0000000000000000e+00 1
1.4125815585704174e-01 -2.0990592199212346e-01 0.0000000000000000e+00 1
1.2100895250581602e-01 -1.1043823629087492e-01 0.0000000000000000e+00 1
9.6841047900419572e-02 -2.3990329599165011e-01 0.0000000000000000e+00 1
-2.3072004824162351e-01 -1.0839417991456024e-01 0.0000000000000000e+00 1
-1.0019366366617954e-01 -3.3153258893729831e-01 0.0000000000000000e+00 1
9.9444266330161374e-02 -3.1923787846803137e-02 0.0000000000000000e+00 1
-1.1941787478825744e-01 -1.3528403477508516e-01 0.0000000000000000e+00 1
1.5163148491459150e-01 1.4198390509447334e-01 0.0000000000000000e+00 1
1.2250750963057169e-01 -4.3735945526775823e-03 0.0000000000000000e+00 1
-1.4034132553054632e-01 -4.0592087708912888e-01 0.0000000000000000e+00 1
3.7437321438683183e-02 -1.8889954758522393e-01 0.0000000000000000e+00 1
-3.1595249354396372e-02 -3.4075230232468813e-02 0.0000000000000000e+00 1
-2.4263326541860100e-01 -1.7502718694963676e-01 0.0000000000000000e+00 1
3.0757484687107513e-03 -4.5318962136714691e-01 0.0000000000000000e+00 1
6.4620838883502479e-02 3.1517460474186337e-01 0.0000000000000000e+00 1
1.3068831700640071e-01 -8.8023975257306097e-02 0.0000000000000000e+00 1
-2.7250211107052574e-01 -3.0443536119045000e-01 0.0000000000000000e+00 1
-1.9022216821449875e-02 -4.5605496701678272e-01 0.0000000000000000e+00 1
9.0362155508666969e-02 -5.3964191664563427e-02 0.0000000000000000e+00 1
3.6160143814307689e-02 -1.7658695965809443e-01 0.0000000000000000e+00 1
1.3304146059043507e-02 2.7542638067017339e-01 0.0000000000000000e+00 1
1.6785913326578188e-02 -4.4894007189330815e-01 0.0000000000000000e+00 1
2.7273470399216232e-01 4.5086012604187825e-01 0.0000000000000000e+00 1
-1.8188957553898083e-01 -1.8727879278438544e-01 0.0000000000000000e+00 1
-2.2429792078115238e-01 -3.7552653977044709e-01 0.0000000000000000e+00 1
2.1264156229999670e-01 3.5925069225733203e-01 0.0000000000000000e+00 1
1.4907352163008311e-01 -3.1216064275428397e-02 0.0000000000000000e+00 1
-7.9314926162597305e-02 -1.1876189181672300e-01 0.0000000000000000e+00 1
1.1675322842980972e-01 3.7628476791985520e-02 0.0000000000000000e+00 1
8.2903494364043623e-02 -7.8066956672582247e-02 0.0000000000000000e+00 1
1.9338671387534093e-01 -1.3266748963148944e-01 0.0000000000000000e+00 1
1.7890104094384873e-01 4.8662691055355639e-01 0.0000000000000000e+00 1
-1.5054227675764031e-01 -4.0136166298606496e-01 0.0000000000000000e+00 1
2.5461368116243249e-01 4.9568406293740158e-01 0.0000000000000000e+00 1
1.4051308273582808e-01 -6.5613622447103087e-02 0.0000000000000000e+00 1
-3.4388901038205501e-02 -4.5708692855598249e-01 0.0000000000000000e+00 1
8.3223673815740806e-02 -3.7235441298800709e-01 0.0000000000000000e+00 1
-2.2296944899546778e-01 -2.7849793564795278e-01 0.0000000000000000e+00 1
2.4237043941741238e-01 2.2230425762062503e-01 0.0000000000000000e+00 1
-2.2576926952001303e-01 -3.2585370048206763e-01 0.0000000000000000e+00 1
4.2844788496830682e-03 -4.3568274913845045e-01 0.0000000000000000e+00 1
-2.4478176015576867e-02 2.1938258427372004e-01 0.0000000000000000e+00 1
1.5556356063721311e-01 3.3773801486962968e-01 0.0000000000000000e+00 1
8.2398668782274365e-02 -8.9397366855103494e-02 0.0000000000000000e+00 1
-4.0530069267984054e-01 -2.6500935916404500e-01 0.0000000000000000e+00 1
-9.9404206141905593e-02 -2.6568352289753933e-01 0.0000000000000000e+00 1
1.1984929711542586e-01 -2.2495685465372051e-01 0.0000000000000000e+00 1
-1.0873049252014473e-01 -4.2908649284727357e-01 0.0000000000000000e+00 1
9.0331525685304961e-02 2.9371318697757925e-01 0.0000000000000000e+00 1
-1.5569733315997894e-01 -1.6401095281157180e-01 0.0000000000000000e+00 1
1.1978381193901047e-01 -9.6991947386383892e-02 0.0000000000000000e+00 1
-2.8029091460954075e-01 -2.1897849075283926e-01 0.0000000000000000e+00 1
-2.9418814398255055e-01 -2.1969055372018825e-01 0.0000000000000000e+00 1
7.2938933530125871e-02 -1.1058032798118833e-01 0.0000000000000000e+00 1
9.9066110193850535e-03 -1.4211359596498152e-01 0.0000000000000000e+00 1
-2.8739073959074629e-01 -1.7211350025164571e-01 0.0000000000000000e+00 1
2.9540548550910534e-01 4.2046670380493756e-01 0.0000000000000000e+00 1
-1.6079532507996874e-01 -3.9694827382028786e-01 0.0000000000000000e+00 1
1.3753368103400831e-01 3.8583660411614923e-01 0.0000000000000000e+00 1
1.0820878254477635e-01 -2.3255301801901920e-01 0.0000000000000000e+00 1
1.6159566173699458e-01 4.3686933579408593e-01 0.0000000000000000e+00 1
-1.1849184471876653e-01 -1.4719500607542166e-01 0.0000000000000000e+00 1
3.2097842969613502e-02 -4.3709882613214857e-01 0.0000000000000000e+00 1
-2.8100497037817818e-01 -3.0975201324251300e-01 0.0000000000000000e+00 1
2.9166904954528333e-01 4.7048613336557432e-01 0.0000000000000000e+00 1
3.0337801599482711e-01 4.8119576631196959e-01 0.0000000000000000e+00 1
2.8330136072578610e-01 2.4724889904866584e-01 0.0000000000000000e+00 1
-1.9632485798470922e-01 -2.1757100927698453e-01 0.0000000000000000e+00 1
2.5295401352795838e-01 6.7643071882392117e-02 0.0000000000000000e+00 1
-4.5232068971146212e-02 1.8800577595014537e-01 0.0000000000000000e+00 1
1.8310752504146047e-01 4.5492380212872341e-01 0.0000000000000000e+00 1
-2.4445661879333419e-01 -1.3866401690964464e-01 0.0000000000000000e+00 1
-3.6165511665329947e-01 -2.2608456440334107e-01 0.0000000000000000e+00 1
1.4273091208847727e-01 -2.6145108137845369e-01 0.0000000000000000e+00 1
3.4652256058750969e-02 -1.6364029695173388e-01 0.0000000000000000e+00 1
-1.9021301570913246e-01 -1.9371884671858991e-01 0.0000000000000000e+00 1
-1.0514451972601882e-01 9.5358750991133057e-02 0.0000000000000000e+00 1
-2.0916470938428092e-02 -2.4724192790272485e-02 0.0000000000000000e+00 1
-2.7571149734363665e-01 -1.6448017881294116e-01 0.0000000000000000e+00 1
-1.7093585297757877e-01 -2.7436123279306229e-01 0.0000000000000000e+00 1
-1.7024834043697418e-01 -4.0322231700075972e-01 0.0000000000000000e+00 1
-2.4271381508556355e-02 -3.0022880785799599e-01 0.0000000000000000e+00 1
-2.7288554256726760e-01 -2.8226219841484823e-01 0.0000000000000000e+00 1
-8.6825378757367788e-02 -4.3643850062797274e-01 0.0000000000000000e+00 1
1.9861167985369152e-01 1.7489722627093984e-01 0.0000000000000000e+00 1
-2.2105552424557834e-02 -3.6697191688019509e-01 0.0000000000000000e+00 1
-8.4218881852570537e-02 1.2807757323785049e-01 0.0000000000000000e+00 1
-2.2474308996226672e-01 -3.4847779913225874e-01 0.0000000000000000e+00 1
-4.0765975685969702e-01 -2.5654424562433575e-01 0.0000000000000000e+00 1
-3.7989945311882145e-01 -2.3122840923849602e-01 0.0000000000000000e+00 1
-3.1529772200415729e-01 -1.9493661055162437e-01 0.0000000000000000e+00 1
-3.6807915497043375e-01 -2.3074973050159492e-01 0.0000000000000000e+00 1
-2.7188575945826088e-01 -1.4921295155991404e-01 0.0000000000000000e+00 1
1.2956972479508655e-01 -7.4691145697814543e-02 0.0000000000000000e+00 1
2.6026642753369578e-01 2.5354665782683317e-01 0.0000000000000000e+00 1
-9.8442544932025047e-02 -4.3306825021115536e-01 0.0000000000000000e+00 1
-7.7321323998173333e-02 -2.3325590204411897e-01 0.0000000000000000e+00 1
1.8504565950613211e-01 1.7982961991367236e-01 0.0000000000000000e+00 1
-1.0003307943561704e-01 -1.3330355595501600e-01 0.0000000000000000e+00 1
-3.0354977564730140e-01 -1.8612593521179935e-01 0.0000000000000000e+00 1
-2.2511626550467917e-01 -3.3699037723573727e-01 0.0000000000000000e+00 1
2.3299848082949551e-01 2.0077008311266348e-01 0.0000000000000000e+00 1
1.3071173803766767e-01 -2.1738470578055230e-01 0.0000000000000000e+00 1
-8.8383903063204653e-03 -1.5373269067044198e-02 0.0000000000000000e+00 1
-7.9355534401271355e-02 -4.4983905214602826e-01 0.0000000000000000e+00 1
4.6739339387439655e-02 -4.0737684079997610e-01 0.0000000000000000e+00 1
1.8229822329245071e-01 4.9533969501813840e-01 0.0000000000000000e+00 1
-2.1367040164758302e-01 -2.8248113727615831e-01 0.0000000000000000e+00 1
2.1833522441016238e-02 -1.4632188431890047e-01 0.0000000000000000e+00 1
3.2576283093341174e-01 4.9031393208669183e-01 0.0000000000000000e+00 1
3.0920594822716752e-01 4.3270754823939089e-01 0.0000000000000000e+00 1
-1.8702683738954545e-01 -2.2108770007116518e-01 0.0000000000000000e+00 1
3.1497548020672728e-01 4.5034891560248114e-01 0.0000000000000000e+00 1
1.0330286210523471e-01 3.8644097674744948e-01 0.0000000000000000e+00 1
1.7679075637088656e-01 1.9941551481504122e-01 0.0000000000000000e+00 1
1.3665154941002722e-01 4.4861767529736146e-01 0.0000000000000000e+00 1
-2.1570205170058498e-01 -7.1689154245200240e-02 0.0000000000000000e+00 1
2.1056367198201695e-01 4.9442560736463936e-01 0.0000000000000000e+00 1
-2.0619501767479803e-01 -2.0499459992624086e-01 0.0000000000000000e+00 1
3.2812754107224779e-01 4.2821399889291012e-01 0.0000000000000000e+00 1
-1.5047256929434621e-01 -2.8506345236929803e-01 0.0000000000000000e+00 1
2.1349199793451065e-01 4.3090084151672703e-01 0.0000000000000000e+00 1
-1.8071197296163569e-01 -3.9831410621650964e-01 0.0000000000000000e+00 1
-2.8268599197279913e-02 -2.7390247729504913e-01 0.0000000000000000e+00 1
1.7621877213935672e-01 4.4956370732302720e-01 0.0000000000000000e+00 1
2.4393469095607925e-01 2.0951702158823332e-01 0.0000000000000000e+00 1
8.1437151278886039e-02 3.5561693627097835e-01 0.0000000000000000e+00 1
-2.3457351454329481e-01 -3.5558038854589569e-01 0.0000000000000000e+00 1
-1.6080643171726677e-01 -2.7945935042764314e-01 0.0000000000000000e+00 1
-3.7973378762820947e-01 -2.8306561877381381e-01 0.0000000000000000e+00 1
-4.9423528088377022e-02 -4.4011577518982120e-01 0.0000000000000000e+00 1
2.5052332022648460e-01 2.4446331978633662e-01 0.0000000000000000e+00 1
-2.1085603256121022e-01 -1.5852729142723720e-01 0.0000000000000000e+00 1
-8.9869087310391033e-02 -1.2590885633890037e-01 0.0000000000000000e+00 1
2.7567079029587671e-01 2.2320017424075603e-01 0.0000000000000000e+00 1
1.3951908014229930e-01 -5.2554848424496856e-02 0.0000000000000000e+00 1
-7.4689515715566104e-02 -2.4474784414768597e-01 0.0000000000000000e+00 1
5.1931949376646303e-02 7.6578073072821010e-02 0.0000000000000000e+00 1
2.8685672825891950e-01 4.1346096267767801e-01 0.0000000000000000e+00 1
1.7468995639778254e-01 -1.8711135578611154e-01 0.0000000000000000e+00 1
-1.7934035157103068e-01 -2.1560506106775582e-01 0.0000000000000000e+00 1
-5.8711048386812528e-02 -4.3659785923171607e-01 0.0000000000000000e+00 1
2.2779246288640398e-01 -2.1795302409551406e-02 0.0000000000000000e+00 1
1.6910749547783571e-01 4.4345410620373882e-01 0.0000000000000000e+00 1
-2.5370933589759603e-01 -1.4880100874263430e-01 0.0000000000000000e+00 1
-2.0418356469171708e-01 -2.8654654287279158e-01 0.0000000000000000e+00 1
-2.2785255423237952e-02 -3.5556941814876375e-01 0.0000000000000000e+00 1
-2.3821722907555787e-01 -1.1517118757977944e-01 0.0000000000000000e+00 1
1.5128413396459964e-01 -4.3664200507927700e-02 0.0000000000000000e+00 1
-2.7230686032218188e-01 -2.9250210512276553e-01 0.0000000000000000e+00 1
-3.1980794066466707e-03 -4.5568481626378560e-01 0.0000000000000000e+00 1
1.6304845210188748e-01 4.2763765698310019e-01 0.0000000000000000e+00 1
2.3386070026859179e-01 -2.2778316686232897e-03 0.0000000000000000e+00 1
1.6518711841932232e-01 2.0197287959753535e-01 0.0000000000000000e+00 1
2.2074874315569651e-01 2.0439035918859288e-01 0.0000000000000000e+00 1
1.5516033718594985e-01 4.2042561618421026e-01 0.0000000000000000e+00 1
2.9421101558986756e-01 3.5920918298107873e-01 0.0000000000000000e+00 1
-1.8222627284636675e-01 -1.7776823421095983e-01 0.0000000000000000e+00 1
-2.7005308545301528e-03 5.3333736162276355e-03 0.0000000000000000e+00 1
2.1010961781158993e-01 1.9592881607309723e-01 0.0000000000000000e+00 1
1.4604128750169112e-01 3.3015861821138121e-01 0.0000000000000000e+00 1
-2.5272513118014533e-01 -1.2375950506178304e-01 0.0000000000000000e+00 1
5.3701999345837331e-02 3.1781213953715348e-01 0.0000000000000000e+00 1
1.6191774554632077e-01 -2.1269375725089638e-02 0.0000000000000000e+00 1
-1.1982720946756605e-01 5.1934976040585813e-02 0.0000000000000000e+00 1
5.0164106945735174e-03 2.6565706285797064e-01 0.0000000000000000e+00 1
-1.9280746290933704e-01 -3.8260313353010572e-01 0.0000000000000000e+00 1
-4.0525939306908204e-01 -2.5886772323234708e-01 0.0000000000000000e+00 1
7.1354666235696307e-02 -3.9149942567657076e-01 0.0000000000000000e+00 1
3.1464452177025898e-02 -1.3797752027364407e-01 0.0000000000000000e+00 1
-3.6994882418558274e-03 2.3179346344466778e-01 0.0000000000000000e+00 1
2.4740705011782765e-01 9.2503422081816167e-02 0.0000000000000000e+00 1
-2.3492021969538740e-01 -1.7788338358958453e-01 0.0000000000000000e+00 1
-5.1906163847773780e-02 -4.5541583569433713e-01 0.0000000000000000e+00 1
3.1038491591135386e-01 3.8597100533419110e-01 0.0000000000000000e+00 1
3.0832431314446784e-01 4.8974308228057772e-01 0.0000000000000000e+00 1
-2.2859050319978008e-02 -3.4416439749635436e-01 0.0000000000000000e+00 1
1.8515415531106719e-01 -1.6050973697066914e-01 0.0000000000000000e+00 1
1.5883119723701541e-02 9.1853103096314719e-04 0.0000000000000000e+00 1
2.6855514996052748e-01 1.2532282690857280e-01 0.0000000000000000e+00 1
-1.9480144377241188e-01 -2.9105585001532547e-01 0.0000000000000000e+00 1
2.8644127022337118e-01 4.6562810312459874e-01 0.0000000000000000e+00 1
2.6384887289067083e-01 1.6654585212523115e-01 0.0000000000000000e+00 1
2.8829681067451884e-01 2.7731829986410689e-01 0.0000000000000000e+00 1
-2.9641118527960297e-01 -3.0676165282994916e-01 0.0000000000000000e+00 1
-1.5272503244761201e-01 -1.6170991484735650e-02 0.0000000000000000e+00 1
1.5441688316024529e-01 -2.3899187711987008e-01 0.0000000000000000e+00 1
-5.6388466628729240e-02 -4.4388345831923326e-01 0.0000000000000000e+00 1
1.5922908142163611e-01 4.6223482883090877e-01 0.0000000000000000e+00 1
2.6621111313634111e-02 2.9860943422792641e-01 0.0000000000000000e+00 1
-5.0296180184281863e-02 -2.8782442560347310e-01 0.0000000000000000e+00 1
-1.7347546122836333e-01 -1.7181514927076211e-01 0.0000000000000000e+00 1
-3.0611785452049245e-01 -2.1173053739427986e-01 0.0000000000000000e+00 1
-1.9168066156468272e-01 -1.5474189201431135e-01 0.0000000000000000e+00 1
-1.3533627798210995e-01 8.3697670257440130e-03 0.0000000000000000e+00 1
-3.1306629951418163e-01 -2.0762641019835265e-01 0.0000000000000000e+00 1
-1.8923496349454785e-01 -5.1384473587854765e-02 0.0000000000000000e+00 1
1.7389854576303543e-01 4.8991918631722808e-01 0.0000000000000000e+00 1
1.3621697714623454e-01 3.2218069900017149e-01 0.0000000000000000e+00 1
1.1941787391115853e-01 -2.8794302761469232e-01 0.0000000000000000e+00 1
-6.8721277354794802e-02 -1.2221527232540497e-01 0.0000000000000000e+00 1
2.8333882930094889e-01 2.5823368004670166e-01 0.0000000000000000e+00 1
1.7603149843673269e-01 -2.7028626754435028e-02 0.0000000000000000e+00 1
-1.5156091648760028e-01 -3.3354255891952164e-02 0.0000000000000000e+00 1
-1.1818400942700417e-01 -2.6043727663225114e-01 0.0000000000000000e+00 1
-1.9244754444532075e-01 -3.0186440933740410e-01 0.0000000000000000e+00 1
1.5669327002438976e-01 4.1097757942027979e-01 0.0000000000000000e+00 1
-5.9187930712046199e-02 -1.1464136224828538e-01 0.0000000000000000e+00 1
1.8785547532171523e-01 -3.3381227327674887e-02 0.0000000000000000e+00 1
-6.3370982530539757e-02 1.4108346742674230e-01 0.0000000000000000e+00 1
2.1063821736568411e-01 1.8335020584066700e-01 0.0000000000000000e+00 1
1.4868740582769246e-01 4.0314358022436025e-01 0.0000000000000000e+00 1
3.3255779639816246e-01 4.5483600645665806e-01 0.0000000000000000e+00 1
-1.6971749809159267e-01 -2.1948464298616824e-01 0.0000000000000000e+00 1
-1.8210605271217115e-01 -3.0735689454112797e-01 0.0000000000000000e+00 1
-3.9112136786060037e-01 -2.7887220913360589e-01 0.0000000000000000e+00 1
2.7217004587757676e-01 2.4973022576907311e-01 0.0000000000000000e+00 1
-3.2855940667875194e-01 -2.9012602673432941e-01 0.0000000000000000e+00 1
-2.0297991229857432e-01 -3.7825484382675301e-01 0.0000000000000000e+00 1
3.1381249255900096e-01 4.0183196116523662e-01 0.0000000000000000e+00 1
2.2585191088236319e-02 -4.4705378720115008e-01 0.0000000000000000e+00 1
9.6922684416527738e-02 3.7918335850229345e-01 0.0000000000000000e+00 1
-1.8361221570329331e-01 -1.5027841932598929e-01 0.0000000000000000e+00 1
-4.0982104838198252e-01 -2.6234750388768324e-01 0.0000000000000000e+00 1
-1.2933288142146662e-01 3.6991783866347910e-02 0.0000000000000000e+00 1
3.2533542089925477e-01 4.1224300191550312e-01 0.0000000000000000e+00 1
2.5433844653603724e-02 -4.3588963348079357e-01 0.0000000000000000e+00 1
2.6934122084339163e-01 4.1032827867667532e-01 0.0000000000000000e+00 1
1.2716098659029185e-01 3.1622001432734576e-01 0.0000000000000000e+00 1
2.7677487479852964e-01 4.6764672625853798e-01 0.0000000000000000e+00 1
1.5097193941974962e-01 -2.1459697608572870e-01 0.0000000000000000e+00 1
2.6919394429826171e-01 1.8956641062339080e-01 0.0000000000000000e+00 1
2.3055513640065364e-01 3.2328844933395495e-02 0.0000000000000000e+00 1
1.2297712619855131e-01 4.1466508071234043e-01 0.0000000000000000e+00 1
-4.0894353247561038e-01 -2.6782897199637112e-01 0.0000000000000000e+00 1
9.0724553406778319e-02 -3.4327318378783683e-01 0.0000000000000000e+00 1
1.8121161426752655e-01 -1.3623248938666488e-01 0.0000000000000000e+00 1
3.3613159061627873e-01 4.8299832975834089e-01 0.0000000000000000e+00 1
3.3379056083906344e-01 4.8557698182712461e-01 0.0000000000000000e+00 1
-2.9224733493295380e-01 -1.8369639235832808e-01 0.0000000000000000e+00 1
-2.2822051380249037e-01 -1.7263352864649986e-01 0.0000000000000000e+00 1
1.8989333012530429e-01 -1.0234093550294486e-01 0.0000000000000000e+00 1
-3.3922764903165092e-01 -2.1107291755106908e-01 0.0000000000000000e+00 1
4.1757724628138065e-02 -4.1512901160673377e-01 0.0000000000000000e+00 1
-1.4373785548421348e-02 -3.2399996865476821e-01 0.0000000000000000e+00 1
-1.4872374935387046e-02 -3.3979060722107540e-01 0.0000000000000000e+00 1
-1.6615543204321737e-01 -1.7581325330331549e-01 0.0000000000000000e+00 1
2.6135335962121276e-01 4.0520817738501302e-01 0.0000000000000000e+00 1
6.1772409806184980e-02 -1.2879382835124017e-01 0.0000000000000000e+00 1
1.8194189956814509e-02 3.4714365491892496e-02 0.0000000000000000e+00 1
5.1749655292418484e-02 -1.2341704037872156e-01 0.0000000000000000e+00 1
3.9597724814509752e-02 -1.1870013682306857e-01 0.0000000000000000e+00 1
7.4180942383672441e-02 3.4965507241561183e-01 0.0000000000000000e+00 1
-2.3290166055302192e-01 -1.4794494836325747e-01 0.0000000000000000e+00 1
-2.4452548567117306e-02 -2.9060585148223289e-01 0.0000000000000000e+00 1
2.6056326851643219e-01 3.8887598730851136e-01 0.0000000000000000e+00 1
-2.1057047846087729e-01 -3.8392061193176941e-01 0.0000000000000000e+00 1
-1.6032640685179572e-01 -2.2322952195722945e-01 0.0000000000000000e+00 1
2.2464468354791675e-01 4.9660278617744830e-01 0.0000000000000000e+00 1
1.3552025184583139e-01 -2.7820585173298074e-01 0.0000000000000000e+00 1
-2.9114568301137272e-01 -1.7410144908340949e-01 0.0000000000000000e+00 1
-1.0080741034124370e-01 8.4642959673051882e-02 0.0000000000000000e+00 1
-5.9985639371580274e-02 -1.0353130130250834e-01 0.0000000000000000e+00 1
-3.7591828036749139e-02 -2.7872588675441617e-01 0.0000000000000000e+00 1
-2.7297022401469750e-01 -2.2236400973033160e-01 0.0000000000000000e+00 1
2.4742380628698035e-01 4.9712224433246910e-01 0.0000000000000000e+00 1
-5.4001746896791200e-03 -3.1893461642641097e-01 0.0000000000000000e+00 1
1.2151437087677465e-02 -4.4512851414930921e-01 0.0000000000000000e+00 1
1.2744349051300957e-01 2.9834975529325258e-01 0.0000000000000000e+00 1
1.5028727506395387e-01 3.9395113137428600e-01 0.0000000000000000e+00 1
-4.0675210791333966e-01 -2.6211997217736277e-01 0.0000000000000000e+00 1
-3.5522472620825268e-01 -2.2121421534782204e-01 0.0000000000000000e+00 1
-3.8389744578152618e-01 -2.8686940510917802e-01 0.0000000000000000e+00 1
4.6455078259796945e-02 8.4960724498690410e-02 0.0000000000000000e+00 1
1.9795413944178158e-01 -4.0088064132650106e-02 0.0000000000000000e+00 1
2.6512997361725565e-01 4.3775550113889361e-01 0.0000000000000000e+00 1
1.2134324910199162e-01 -3.1092558289151462e-01 0.0000000000000000e+00 1
2.7907158436423574e-01 4.9483581077458128e-01 0.0000000000000000e+00 1
-5.0232460306101241e-02 -9.5991873572590952e-02 0.0000000000000000e+00 1
2.9566342963295456e-01 3.0093991897093436e-01 0.0000000000000000e+00 1
-2.1227546553746304e-01 -8.1037318595890445e-02 0.0000000000000000e+00 1
7.6982516540987325e-02 -1.1896521462307783e-01 0.0000000000000000e+00 1
1.0961720694880489e-01 -3.3274621153615447e-01 0.0000000000000000e+00 1
-3.0577908328848058e-01 -2.1823070946823098e-01 0.0000000000000000e+00 1
-1.5263400473604341e-01 -2.1743485087175313e-01 0.0000000000000000e+00 1
-5.5756498900193914e-02 1.7221965528226646e-01 0.0000000000000000e+00 1
8.6712287395529969e-02 -9.8528806063212085e-02 0.0000000000000000e+00 1
-2.2158198457232156e-01 -1.5652231213066051e-01 0.0000000000000000e+00 1
1.1790092551490644e-01 2.9175144863805497e-01 0.0000000000000000e+00 1
2.4157098574987279e-01 3.7417613594874410e-01 0.0000000000000000e+00 1
2.1308606470978680e-01 3.5087664543103486e-01 0.0000000000000000e+00 1
8.0053864126316959e-02 -3.6292423184828787e-01 0.0000000000000000e+00 1
2.8251981008410965e-02 4.2751002754189846e-02 0.0000000000000000e+00 1
2.0025406280127356e-01 -7.8878908466651312e-02 0.0000000000000000e+00 1
-1.8444656373423748e-01 -1.3687099166382147e-01 0.0000000000000000e+00 1
1.0897828212537073e-02 -3.2031544430639464e-01 0.0000000000000000e+00 1
-1.1926466248787244e-01 -2.4565038905740955e-01 0.0000000000000000e+00 1
-4.0233684293610288e-02 -8.8613542995590058e-02 0.0000000000000000e+00 1
2.7617379450225854e-01 4.4448679323546247e-01 0.0000000000000000e+00 1
2.4536031438945011e-01 3.9149003594888881e-01 0.0000000000000000e+00 1
2.9850438732164608e-01 3.7553760601562947e-01 0.0000000000000000e+00 1
-3.4961947279861283e-01 -2.1673884080075592e-01 0.0000000000000000e+00 1
2.8836983497887059e-01 3.2449246265547621e-01 0.0000000000000000e+00 1
2.8961232086074733e-03 -4.2294265383947788e-01 0.0000000000000000e+00 1
-9.7346993331415679e-02 -2.7729787460601285e-01 0.0000000000000000e+00 1
1.0758196727539959e-01 2.8391459523772933e-01 0.0000000000000000e+00 1
-1.9667742547485937e-02 -6.7104041373634557e-02 0.0000000000000000e+00 1
8.6817411253782301e-03 2.5530095379295870e-01 0.0000000000000000e+00 1
-9.5019539832803812e-02 -2.8718145836378567e-01 0.0000000000000000e+00 1
-2.0583842404130726e-01 -1.5300466164204257e-01 0.0000000000000000e+00 1
-3.3478821620606981e-02 2.1075140373622919e-01 0.0000000000000000e+00 1
1.3767534076913707e-01 4.3461640711028560e-01 0.0000000000000000e+00 1
-2.4179389963089253e-02 -4.5021522231607791e-01 0.0000000000000000e+00 1
4.6927387863242721e-02 3.0960194044866862e-01 0.0000000000000000e+00 1
2.3355027210007187e-01 3.6626735980041059e-01 0.0000000000000000e+00 1
9.4807880190095076e-02 -6.2969783587811412e-02 0.0000000000000000e+00 1
2.0418110220361696e-01 3.3973158019308425e-01 0.0000000000000000e+00 1
-1.0574352106648306e-01 -2.9709673463827635e-01 0.0000000000000000e+00 1
1.3144300415578727e-01 3.9104781072837408e-01 0.0000000000000000e+00 1
-1.0295580250917676e-01 -3.0510834969396267e-01 0.0000000000000000e+00 1
1.9075188298755838e-01 4.9265386838549485e-01 0.0000000000000000e+00 1
2.3657648104255247e-01 5.1110715553233849e-02 0.0000000000000000e+00 1
1.7392832488218393e-01 4.7161752102916588e-01 0.0000000000000000e+00 1
-2.7586616991082813e-01 -1.5652645983206606e-01 0.0000000000000000e+00 1
3.7819324754343589e-02 6.4205962254402907e-02 0.0000000000000000e+00 1
2.4752628949889116e-01 1.5640653354613981e-01 0.0000000000000000e+00 1
-1.9903332052008477e-02 -5.5400560329868731e-02 0.0000000000000000e+00 1
-3.7936842282199534e-01 -2.3672522441605348e-01 0.0000000000000000e+00 1
-2.2201034840091208e-01 -3.6756844804210820e-01 0.0000000000000000e+00 1
-3.3813044993424723e-01 -2.9937983299392018e-01 0.0000000000000000e+00 1
-1.0179717952709642e-01 -3.1633448473807507e-01 0.0000000000000000e+00 1
-4.0100815090158864e-01 -2.5404641105464765e-01 0.0000000000000000e+00 1
-9.2893969679295668e-02 1.1965237365370307e-01 0.0000000000000000e+00 1
-2.6526342649407492e-01 -2.2571324719434213e-01 0.0000000000000000e+00 1
-2.4544565279608829e-01 -1.1279138802247535e-01 0.0000000000000000e+00 1
-2.7431465785718373e-01 -1.5984311905853696e-01 0.0000000000000000e+00 1
-2.0822687991975848e-02 -4.2895109474086618e-01 0.0000000000000000e+00 1
1.0423626912403657e-01 -4.0614270927229829e-02 0.0000000000000000e+00 1
-3.9249046661786835e-01 -2.7317792436437704e-01 0.0000000000000000e+00 1
5.3199124404187469e-02 -4.0021602011515794e-01 0.0000000000000000e+00 1
3.2744737435702026e-01 4.8332614312474287e-01 0.0000000000000000e+00 1
-2.4418795695945397e-01 -3.5477873437224339e-01 0.0000000000000000e+00 1
-3.4795738226279682e-02 -4.6406252244199961e-02 0.0000000000000000e+00 1
-6.5076446907511619e-03 -4.2848281732949361e-01 0.0000000000000000e+00 1
-7.9710266580960115e-02 -3.3100482951937471e-01 0.0000000000000000e+00 1
-3.0129335562404347e-01 -3.1163324650678281e-01 0.0000000000000000e+00 1
-2.3217580249448896e-01 -1.4135197948818645e-01 0.0000000000000000e+00 1
-3.1883880466028830e-01 -2.0472956936492936e-01 0.0000000000000000e+00 1

Edges
252
1 2 1
2 3 1
3 4 1
4 5 1
5 6 1
6 7 1
7 8 1
8 9 1
9 10 1
10 11 1
11 12 1
12 13 1
13 14 1
14 15 1
15 16 1
16 17 1
17 18 1
18 19 1
19 20 1
20 21 1
21 22 1
22 23 1
23 24 1
24 25 1
25 26 1
26 27 1
27 28 1
28 29 1
29 30 1
30 31 1
31 32 1
32 33 1
33 34 1
34 35 1
35 36 1
36 37 1
37 38 1
38 39 1
39 40 1
40 41 1
41 42 1
42 43 1
43 44 1
44 45 1
45 46 1
46 47 1
47 48 1
48 49 1
49 50 1
50 51 1
51 52 1
52 53 1
53 54 1
54 55 1
55 56 1
56 57 1
57 58 1
58 59 1
59 60 1
60 61 1
61 62 1
62 63 1
63 64 1
64 65 1
65 66 1
66 67 1
67 68 1
68 69 1
69 70 1
70 71 1
71 72 1
72 73 1
73 74 1
74 75 1
75 76 1
76 77 1
77 78 1
78 79 1
79 80 1
80 81 1
81 82 1
82 83 1
83 84 1
84 85 1
85 86 1
86 87 1
87 88 1
88 89 1
89 90 1
90 91 1
91 92 1
92 93 1
93 94 1
94 95 1
95 96 1
96 97 1
97 98 1
98 99 1
99 100 1
100 101 1
101 102 1
102 103 1
103 104 1
104 105 1
105 106 1
106 107 1
107 108 1
108 109 1
109 110 1
110 111 1
111 112 1
112 113 1
113 114 1
114 115 1
115 116 1
116 117 1
117 118 1
118 119 1
119 120 1
120 121 1
121 122 1
122 123 1
123 124 1
124 125 1
125 126 1
126 127 1
127 128 1
128 129 1
129 130 1
130 131 1
131 132 1
132 133 1
133 134 1
134 135 1
135 136 1
136 137 1
137 138 1
138 139 1
139 140 1
140 141 1
141 142 1
142 143 1
143 144 1
144 145 1
145 146 1
146 147 1
147 148 1
148 149 1
149 150 1
150 151 1
151 152 1
152 153 1
153 154 1
154 155 1
155 156 1
156 157 1
157 158 1
158 159 1
159 160 1
160 161 1
161 162 1
162 163 1
163 164 1
164 165 1
165 166 1
166 167 1
167 168 1
168 169 1
169 170 1
170 171 1
171 172 1
172 173 1
173 174 1
174 175 1
175 176 1
176 177 1
177 178 1
178 179 1
179 180 1
180 181 1
181 182 1
182 183 1
183 184 1
184 185 1
185 186 1
186 187 1
187 188 1
188 189 1
189 190 1
190 191 1
191 192 1
192 193 1
193 194 1
194 195 1
195 196 1
196 197 1
197 198 1
198 199 1
199 200 1
200 201 1
201 202 1
202 203 1
203 204 1
204 205 1
205 206 1
206 207 1
207 208 1
208 209 1
209 210 1
210 211 1
211 212 1
212 213 1
213 214 1
214 215 1
215 216 1
216 217 1
217 218 1
218 219 1
219 220 1
220 221 1
221 222 1
222 223 1
223 224 1
224 225 1
225 226 1
226 227 1
227 228 1
228 229 1
229 230 1
230 231 1
231 232 1
232 233 1
233 234 1
234 235 1
235 236 1
236 237 1
237 238 1
238 239 1
239 240 1
240 241 1
241 242 1
242 243 1
243 244 1
244 245 1
245 246 1
246 247 1
247 248 1
248 249 1
249 250 1
250 251 1
251 252 1
252 1 1

Triangles
6262
1964 351 1967 1
1402 1506 2446 1
259 2873 2886 1
1883 2038 2047 1
1883 2037 2038 1
446 445 2396 1
2116 2079 3049 1
400 403 2540 1
1916 2731 2732 1
2731 334 2732 1
1992 1993 2963 1
1632 1843 2536 1
1843 2355 2536 1
283 1949 2376 1
2293 2295 2869 1
2342 314 2871 1
1535 2047 2482 1
2385 2386 3014 1
2074 2711 2815 1
805 2116 3049 1
1556 1884 2016 1
2162 293 2781 1
2335 515 2336 1
426 429 2281 1
1917 327 2215 1
1927 254 1975 1
337 2478 2979 1
665 667 2037 1
2065 2018 3010 1
1853 745 2081 1
1889 266 2782 1
1985 263 3015 1
1803 2065 3010 1
200 201 2290 1
1918 1917 2215 1
2873 1825 2886 1
351 1964 2011 1
1882 985 1883 1
564 1844 2845 1
135 328 1973 1
252 1 1895 1
1844 564 3186 1
429 1899 2281 1
1143 2058 2060 1
1571 1570 1968 1
271 2421 2857 1
1949 283 2375 1
263 1985 2994 1
2640 1333 2976 1
403 1921 2540 1
1995 2070 2077 1
1271 1500 2227 1
2098 2811 3001 1
2217 2159 2218 1
348 2800 2825 1
1885 853 2131 1
1553 1992 2963 1
298 1896 2518 1
1934 277 1936 1
336 200 2290 1
2478 1826 2979 1
853 1885 2132 1
1910 425 2281 1
1464 1650 2389 1
515 2335 2340 1
425 1910 2282 1
2843 2523 3038 1
2007 333 2424 1
1483 1920 2178 1
1927 1975 2982 1
1975 1620 2982 1
1620 1975 3055 1
2489 1860 2582 1
1670 2162 2781 1
2315 1674 2316 1
2232 1428 2233 1
734 2118 2741 1
1884 1556 3247 1
757 589 2179 1
2093 1499 2094 1
1995 570 2070 1
2072 346 2612 1
2685 1544 3128 1
1544 1273 3128 1
2295 1950 2869 1
134 135 1973 1
2386 1360 3014 1
2076 1853 2081 1
587 585 2960 1
346 2072 2694 1
2016 1884 2166 1
2058 1143 2063 1
1604 2076 2081 1
1643 1968 2989 1
196 197 2376 1
2146 1424 2198 1
1643 1571 1968 1
2713 2994 3006 1
745 1853 2819 1
2202 2467 2676 1
569 387 2173 1
1500 2226 2227 1
300 105 1989 1
348 2799 2800 1
1856 2640 2976 1
1860 2489 3206 1
425 426 2281 1
338 1958 2204 1
1570 1956 1968 1
1918 2215 3153 1
1963 1965 1966 1
2264 612 2606 1
2257 1665 2258 1
2639 2205 3252 1
2424 333 2952 1
1877 2202 2676 1
1362 1426 2822 1
449 446 2396 1
734 2741 2933 1
33 314 2342 1
765 766 2919 1
985 1882 2136 1
1968 1830 2989 1
1958 2205 2639 1
2159 2217 2858 1
2446 1506 2661 1
2811 1867 3001 1
1334 1182 1982 1
1894 305 2593 1
2094 1499 3021 1
2087 350 2946 1
2224 1262 2617 1
850 2784 3151 1
1182 1183 1982 1
2909 1871 2981 1
1856 835 2640 1
1936 277 2761 1
2523 1586 3038 1
2215 291 3153 1
350 2087 2088 1
1137 1312 2791 1
269 2104 2475 1
1183 1907 1982 1
1313 1361 2794 1
612 2264 3205 1
387 390 2173 1
1674 2315 2886 1
2223 2224 2617 1
105 106 1989 1
1717 1889 2782 1
441 2003 2392 1
2074 2815 2884 1
2024 258 2025 1
850 2469 2784 1
1828 2160 2858 1
2178 1920 2179 1
1932 1930 2305 1
2023 258 2024 1
170 171 2694 1
1643 2208 2659 1
1958 1902 2204 1
3007 2339 3047 1
765 2374 2447 1
2159 2157 2218 1
1441 2095 2105 1
2158 2160 2674 1
2374 2373 2447 1
1119 2909 2981 1
1913 279 1915 1
2713 263 2994 1
1980 2002 2094 1
2160 1150 2674 1
2869 2375 3024 1
1966 1965 2951 1
985 665 2037 1
2047 1269 2482 1
1535 1883 2047 1
2224 3007 3047 1
842 2431 2805 1
2421 1735 2857 1
1899 429 2283 1
1930 1268 2305 1
430 433 2283 1
2837 2032 2951 1
1896 298 2643 1
2104 269 2997 1
660 663 2136 1
1901 564 2845 1
1997 1622 2009 1
1976 265 1977 1
667 678 2037 1
2339 930 2340 1
1852 2387 2764 1
1962 1884 3247 1
399 1886 3227 1
2162 1670 2354 1
1312 1971 2791 1
2149 2735 2786 1
1426 1997 2009 1
1361 1987 2794 1
1906 1784 3008 1
1886 399 2540 1
835 1856 2975 1
1426 2009 2822 1
1424 2146 2176 1
2093 2092 2729 1
2375 2377 3024 1
1272 1271 2227 1
2095 1646 2105 1
1481 1501 2132 1
1951 1952 3108 1
2223 1279 2735 1
155 156 318 1
198 199 2377 1
330 1912 2200 1
2995 1906 3008 1
1952 2942 3108 1
404 407 2381 1
1991 341 2885 1
1726 1402 2446 1
2735 1279 2786 1
1279 2223 2617 1
1885 2131 2191 1
1887 2172 2268 1
1982 1908 1983 1
838 839 2045 1
1871 1116 2863 1
1964 1849 2011 1
564 1901 2812 1
2374 765 2919 1
445 2393 2396 1
2387 1852 3203 1
1660 2472 2561 1
2922 1090 2988 1
2307 655 2755 1
399 400 2540 1
589 587 2179 1
1116 1871 2909 1
187 188 316 1
1919 1090 2922 1
1741 2049 2452 1
2157 556 2218 1
157 354 356 1
2262 2264 2606 1
872 2016 2166 1
1268 1923 1957 1
332 2019 2473 1
2841 2888 3086 1
2179 587 2960 1
1923 1268 1930 1
273 1902 2280 1
341 1991 3088 1
2799 2760 2890 1
2392 2003 2394 1
1907 1183 2084 1
1846 267 2778 1
1665 2257 2260 1
1902 273 2204 1
1543 2393 2394 1
1423 1678 2137 1
735 2940 2954 1
155 318 359 1
1195 1319 1998 1
735 2463 2940 1
1977 265 1978 1
2077 2070 2962 1
1920 757 2179 1
1959 838 2045 1
1170 1505 2985 1
2386 1843 3069 1
1929 516 2152 1
1255 2035 3150 1
2335 2339 2340 1
335 196 2376 1
1849 1848 2011 1
1956 1570 2030 1
1933 1795 2105 1
2226 1500 2269 1
2861 2365 3033 1
2049 1117 2452 1
2182 2181 2280 1
1901 1736 2812 1
1843 2386 3089 1
1810 1464 2389 1
348 2760 2799 1
2551 1932 3153 1
2888 304 3086 1
32 33 2342 1
799 1956 2030 1
2354 1670 2593 1
2772 1689 2803 1
1921 403 2381 1
2858 388 2894 1
1284 1285 2263 1
1177 1268 1957 1
262 2017 2620 1
2593 1555 2908 1
1885 1481 2132 1
267 1846 3152 1
1883 985 2037 1
1195 1998 1999 1
1437 1899 2284 1
2812 1736 2854 1
570 1995 2086 1
2405 2769 2852 1
2359 319 2726 1
1528 2284 2918 1
655 2307 2915 1
1912 330 2201 1
2927 1694 3060 1
839 842 2045 1
1926 1661 2404 1
1416 1830 1968 1
2473 2019 3163 1
155 359 3123 1
2027 2025 2759 1
1661 1926 2405 1
1932 2305 3153 1
2132 1840 2368 1
2016 872 2521 1
2045 842 2805 1
279 1913 2080 1
759 799 2030 1
2498 1633 2935 1
1453 2298 3240 1
2495 423 2739 1
1962 1849 1963 1
2262 1412 2264 1
1689 1888 2803 1
1477 1479 2191 1
2094 2002 3030 1
1528 1437 2284 1
2298 1453 2781 1
1969 1615 2203 1
546 543 2064 1
2065 1255 3150 1
305 2354 2593 1
1841 1842 2974 1
2022 2717 2872 1
431 428 2809 1
853 2132 2368 1
1983 1908 2994 1
119 2422 3053 1
2389 1650 3093 1
1795 1441 2105 1
2938 1241 3044 1
872 2099 2521 1
1926 2404 2437 1
2268 2172 3201 1
2422 119 3063 1
2404 431 2437 1
197 283 2376 1
1955 1637 1998 1
2715 352 2841 1
1552 1406 2201 1
838 1959 2046 1
2711 2074 3028 1
1319 1955 1998 1
1258 2158 2674 1
3111 2189 3118 1
2927 1841 2974 1
2393 1543 2395 1
2005 219 3196 1
219 2005 2980 1
1419 1274 2394 1
2805 1528 2918 1
1898 2146 2198 1
251 319 1974 1
1412 2262 2263 1
767 2937 3074 1
1841 2927 3060 1
1956 1416 1968 1
2160 2159 2858 1
2854 1736 2894 1
1633 2498 3167 1
1920 1483 2525 1
2421 271 3053 1
1428 2232 3067 1
349 2955 3145 1
2772 2251 2797 1
1911 1903 3228 1
2022 2712 2717 1
1258 2156 2158 1
1721 2495 2739 1
1696 2359 2726 1
2465 1942 3222 1
1894 2593 2908 1
2086 1994 2150 1
1195 1999 2001 1
2397 1682 3235 1
1805 2639 3252 1
1795 1933 2983 1
1903 1911 3219 1
2063 546 2064 1
2155 556 2157 1
1177 1957 2048 1
2083 2582 2798 1
1723 1722 1847 1
388 2854 2894 1
2800 2976 3086 1
1429 3111 3118 1
2759 2025 3097 1
1806 2934 2986 1
2408 2259 2889 1
1682 2397 3048 1
2217 388 2858 1
1178 1416 1956 1
2995 1188 3121 1
1116 2049 2823 1
2130 2129 2265 1
2305 1918 3153 1
548 546 2063 1
1631 2021 2022 1
1942 2465 2776 1
266 1889 3172 1
516 1929 2191 1
2194 1922 2195 1
1334 1982 1983 1
429 430 2283 1
1910 1909 3064 1
1072 1646 2095 1
1986 1844 3186 1
293 2298 2781 1
1237 2133 2171 1
1865 2010 2766 1
659 660 2136 1
327 1917 2811 1
358 357 2014 1
1420 1422 2084 1
1906 2995 3121 1
1637 1955 2438 1
2032 2837 3178 1
1958 338 2205 1
1642 1643 2659 1
1938 1936 2761 1
1693 1920 2525 1
2233 1428 2880 1
292 170 2694 1
1693 2525 2746 1
1047 876 2438 1
1909 3025 3064 1
2112 2938 3044 1
433 1275 2283 1
1929 2152 2638 1
199 336 2377 1
1708 2861 3033 1
234 235 2260 1
278 2200 2753 1
663 985 2136 1
2688 1566 2898 1
298 2518 3107 1
299 1938 3026 1
2008 2342 2871 1
270 1981 2907 1
2225 2226 2269 1
2437 431 2809 1
924 926 2001 1
1995 1994 2086 1
2152 848 2638 1
2652 2754 2962 1
2290 201 2817 1
2307 2519 2915 1
1285 1412 2263 1
1276 1138 2279 1
1534 2186 2280 1
2666 1961 2749 1
407 2195 2381 1
2082 2083 2625 1
788 2067 2667 1
2099 1677 2521 1
315 4 2015 1
2035 1255 2687 1
2651 1022 2652 1
2336 515 2337 1
1973 328 3045 1
403 404 2381 1
439 440 2309 1
1143 548 2063 1
1935 2971 3054 1
556 2155 2161 1
795 796 2046 1
262 6 2017 1
1988 264 1990 1
1631 1236 2021 1
2186 2182 2280 1
2942 288 3108 1
2093 2729 3023 1
2083 1149 2625 1
2195 1922 2381 1
2582 1860 2798 1
1874 3116 3125 1
1505 2574 2985 1
2321 2320 2595 1
1116 2823 2863 1
1932 2551 3212 1
171 346 2694 1
2067 2066 2667 1
2004 331 2006 1
1854 2883 2949 1
1925 328 2356 1
1620 2042 2982 1
2754 1327 2962 1
331 2004 3196 1
2194 2192 2707 1
965 2219 2235 1
2240 1880 3179 1
1496 2484 2829 1
1880 2240 3139 1
2024 2026 2028 1
2769 1737 2852 1
1049 2883 3042 1
9 270 2907 1
1090 1695 2988 1
2219 1791 2235 1
623 2128 3166 1
2519 2307 3241 1
717 1928 2964 1
1361 1362 2822 1
727 2180 2960 1
349 2008 2955 1
283 198 2377 1
304 2825 3086 1
1446 1774 2073 1
251 252 319 1
2131 516 2191 1
1887 2171 2172 1
1938 2761 3026 1
2825 2800 3086 1
1689 2772 2797 1
2001 2349 2464 1
2133 2134 2171 1
2976 1824 3086 1
1178 1415 1416 1
4 5 2015 1
2275 2144 2719 1
300 1989 2859 1
2988 1695 3014 1
543 540 2064 1
1952 2051 2787 1
1960 1430 2749 1
318 156 356 1
3116 634 3125 1
1136 1137 2791 1
2186 1534 2279 1
651 2519 2586 1
509 511 2340 1
2879 2324 2912 1
654 653 2832 1
2259 2408 3135 1
2046 2330 2534 1
2937 1878 3074 1
1882 1423 2137 1
2302 3057 3087 1
2010 1343 2766 1
2068 310 2190 1
1985 1983 2994 1
2691 2596 3152 1
1814 1854 2949 1
1312 1313 2794 1
1479 1885 2191 1
2059 2058 2063 1
704 2633 2663 1
713 2358 3159 1
2393 2392 2394 1
2519 1687 2586 1
1784 1909 3008 1
2202 1539 2826 1
447 2321 2595 1
2153 1613 2756 1
262 2620 3171 1
1938 299 3222 1
1692 2081 2672 1
1284 2263 2265 1
2181 273 2280 1
1919 1862 3237 1
2586 1687 2631 1
254 1927 3072 1
2308 1948 2969 1
2663 1692 2672 1
299 2465 3222 1
1687 1996 2631 1
427 2795 2809 1
2633 1692 2663 1
2864 1857 2875 1
1993 2077 2963 1
2029 100 2984 1
2115 2116 3138 1
1021 1255 2036 1
1677 2099 2100 1
796 838 2046 1
1631 2022 2872 1
933 2849 2965 1
2955 355 3145 1
1830 1662 1855 1
1818 2153 2610 1
1895 1855 3003 1
1909 1784 3025 1
926 1195 2001 1
2994 1908 3006 1
1406 1912 2201 1
684 680 2501 1
2349 653 2464 1
2255 2914 3058 1
2561 2472 3185 1
405 402 2244 1
421 422 2282 1
1862 1919 3253 1
2454 1718 2929 1
719 2879 2912 1
2089 309 3084 1
270 2098 3001 1
2047 2038 3101 1
2317 2318 2592 1
1782 2254 2807 1
761 759 2030 1
402 401 2244 1
2934 790 2986 1
2330 1519 2534 1
1416 1662 1830 1
1916 1915 2731 1
2463 1671 2940 1
422 425 2282 1
2115 3138 3158 1
2129 1495 2265 1
3077 1580 3129 1
2360 2316 3114 1
1440 1969 2203 1
2081 745 2672 1
2358 713 3192 1
1803 2036 2065 1
2264 1412 2748 1
2315 259 2886 1
83 84 1905 1
1143 2060 3244 1
2156 1258 2566 1
1686 2082 2625 1
1961 1960 2749 1
585 727 2960 1
1893 1552 2201 1
1922 2194 2707 1
2318 1350 2592 1
2031 1456 2032 1
2430 2515 2877 1
1333 1824 2976 1
2843 3038 3252 1
2137 1678 2755 1
2867 1761 2895 1
1301 1492 1639 1
2431 1528 2805 1
1274 1543 2394 1
1905 1821 2973 1
2867 1626 2939 1
1965 2837 2951 1
305 1894 3040 1
1929 1477 2191 1
2878 1548 2892 1
1422 1907 2084 1
1022 2651 2702 1
1861 2945 3004 1
6 7 2017 1
308 2864 2875 1
1800 2620 3150 1
704 1996 2633 1
1255 1019 2687 1
315 2015 2659 1
1514 1451 2818 1
2003 1419 2394 1
2242 405 2244 1
1737 2839 2852 1
2292 2293 2869 1
361 358 2014 1
2787 2051 3233 1
1737 2003 2839 1
2243 2244 2245 1
581 3068 3102 1
2125 2264 2748 1
2652 1022 2754 1
1333 361 1823 1
1723 1847 2008 1
2149 1136 2791 1
189 2681 2853 1
1996 704 2631 1
1870 2596 2691 1
2128 623 3210 1
2059 2063 2064 1
1615 1969 2875 1
802 1072 2696 1
1519 2330 2443 1
1225 1030 2052 1
2258 1665 3105 1
235 320 2260 1
1455 1456 2031 1
1899 2283 2284 1
1955 1420 2084 1
2075 684 2501 1
2263 2130 2265 1
1416 1415 1662 1
1928 717 3197 1
609 1454 2054 1
1672 1519 2443 1
1108 1119 2050 1
1138 1140 2279 1
1695 2385 3014 1
1761 2044 2895 1
427 2495 2795 1
1136 2149 2786 1
100 2029 3170 1
2082 1686 2274 1
3 315 2012 1
324 2319 2613 1
1298 1734 2405 1
2124 2123 3104 1
2038 2040 3101 1
3155 2091 3177 1
1976 1875 2677 1
2604 2267 2664 1
1926 1298 2405 1
2014 357 2779 1
1971 1312 2794 1
1823 361 2014 1
2196 1681 2197 1
675 2091 3155 1
2425 2424 2952 1
2651 2067 2702 1
837 1992 2164 1
1072 2095 2696 1
291 2551 3153 1
766 769 2919 1
1471 2111 2113 1
799 1178 1956 1
2036 1255 2065 1
2257 234 2260 1
1288 1286 2198 1
405 2242 2246 1
1690 2688 2898 1
1466 1468 2139 1
1640 1639 1722 1
772 2048 2512 1
2091 2090 3177 1
1468 1473 2139 1
612 2124 3133 1
1948 2308 3180 1
2100 867 2369 1
287 2188 2226 1
2004 2005 3196 1
1672 2443 2560 1
2309 1672 2560 1
2208 1643 2989 1
828 2055 2056 1
353 2999 3078 1
2693 1709 2695 1
2096 2097 2646 1
1963 1849 1964 1
1974 319 2359 1
309 2089 3098 1
880 869 2166 1
325 2225 2269 1
1661 2405 2852 1
134 1973 2866 1
2021 1236 2174 1
1600 2604 2664 1
2019 2020 3163 1
2842 1690 3216 1
562 609 2054 1
2484 1790 2829 1
3031 1194 3039 1
2068 1857 2722 1
440 443 2309 1
1639 2068 2190 1
2061 2057 2066 1
1471 2113 2126 1
2034 2489 2582 1
2497 3077 3129 1
1183 1047 2438 1
2248 272 2413 1
3117 1944 3122 1
1158 2842 2959 1
2091 675 3156 1
511 515 2340 1
2656 2318 2673 1
1640 1722 1723 1
1459 2156 2566 1
2071 1445 2072 1
1987 1361 2822 1
876 1637 2438 1
2688 1690 2842 1
1550 2693 2695 1
2061 2066 2067 1
3103 1371 3106 1
1904 2338 2897 1
2124 3104 3133 1
2612 346 2708 1
2160 1828 3032 1
1677 2100 2369 1
2097 1491 2646 1
1915 279 3090 1
423 2477 2739 1
828 2054 2055 1
2066 1454 2667 1
3057 2345 3087 1
620 619 759 1
1981 270 3001 1
2103 2104 2997 1
924 2001 2464 1
965 945 2850 1
256 2153 2756 1
443 2033 2309 1
540 538 2494 1
1534 1276 2279 1
1572 1571 1642 1
1821 1455 2031 1
1148 1570 1571 1
3062 1940 3066 1
2200 278 3100 1
1768 2202 2826 1
1889 2656 2673 1
1341 1445 2071 1
2830 2254 2836 1
1213 1300 1301 1
2489 681 3206 1
1149 2083 2798 1
795 2046 2534 1
1301 1300 1492 1
2275 2719 3193 1
1333 1823 1824 1
2064 540 2494 1
1849 1962 3247 1
1029 2343 2346 1
1244 1458 2174 1
2914 296 3058 1
1830 1855 3246 1
771 836 2048 1
1713 2111 2545 1
2003 441 2839 1
1106 1108 2050 1
2170 1237 2171 1
653 2349 2832 1
1984 1985 2796 1
1990 264 1991 1
2188 2185 2227 1
1722 1639 2190 1
1225 2052 2142 1
2035 1800 3150 1
1769 2361 2628 1
2212 2213 2581 1
268 2043 2773 1
2681 1809 2853 1
1052 1021 2036 1
439 2309 2560 1
2024 2025 2026 1
1796 2926 2961 1
1305 2370 2372 1
2998 1589 3011 1
2971 1192 3054 1
328 1925 3045 1
1671 2463 3226 1
1445 1446 2073 1
1718 2454 3248 1
618 617 619 1
2034 679 2489 1
2370 1770 2372 1
1966 1456 3214 1
1190 2830 2836 1
1017 1016 1148 1
272 2248 2425 1
859 867 2100 1
2813 1738 2893 1
1884 880 2166 1
2043 1597 2078 1
836 1177 2048 1
1698 1836 2079 1
2111 1471 2545 1
2254 844 2807 1
1709 2477 2695 1
2293 2294 2295 1
2226 2188 2227 1
2213 966 2581 1
930 509 2340 1
1171 2360 3114 1
659 2136 2137 1
7 317 2017 1
3068 1890 3102 1
574 850 2109 1
2244 401 2245 1
1823 2715 2841 1
1985 2736 2796 1
1424 1288 2198 1
2957 1101 2970 1
153 154 2092 1
679 2034 2501 1
2138 1466 2139 1
372 1986 3186 1
2052 1030 2274 1
1642 1571 1643 1
2403 840 2419 1
2407 323 3135 1
499 1466 2138 1
2320 2033 2595 1
601 2150 2660 1
1686 2052 2274 1
2150 1994 2660 1
1754 1744 2167 1
1776 2403 2419 1
1334 1983 1984 1
2033 443 2595 1
250 251 1974 1
1902 1534 2280 1
2133 1237 2599 1
2229 1825 2873 1
2238 409 2246 1
2054 1454 2055 1
1516 2267 2758 1
1455 1229 1456 1
366 835 2117 1
1965 1964 1967 1
1732 1776 2751 1
2048 1957 2512 1
428 427 2809 1
684 2075 2504 1
1133 1237 2170 1
1286 2163 2198 1
571 572 2108 1
3092 1772 3140 1
1063 1185 1186 1
3012 1465 3036 1
569 2173 3225 1
2361 1358 2628 1
1430 1960 2900 1
2584 613 2618 1
789 761 1016 1
618 619 620 1
270 10 2098 1
1622 1997 2849 1
2079 1836 3049 1
5 262 2015 1
1166 877 2251 1
2146 2145 2176 1
2188 287 2228 1
848 2139 2638 1
1781 1780 2080 1
680 679 2501 1
3199 1879 3216 1
1492 1857 2068 1
1913 1781 2080 1
1237 1135 2599 1
560 562 2054 1
1166 2251 2772 1
1754 2167 2168 1
1742 1740 1743 1
1148 1016 1570 1
475 2272 2414 1
1126 1457 2140 1
2015 262 3171 1
2338 1904 2956 1
389 556 2161 1
2196 833 2626 1
1639 1492 2068 1
2108 572 2109 1
297 153 2092 1
265 1976 3079 1
2232 286 2353 1
2849 1997 2965 1
1559 2343 2662 1
2046 1959 2330 1
2124 612 3205 1
1458 2021 2174 1
1029 2346 2701 1
2731 1915 3090 1
2071 2072 2612 1
151 2002 3136 1
1300 1186 2203 1
2425 2952 3221 1
2883 1854 3042 1
2477 1709 2739 1
2361 1873 2865 1
555 2086 2150 1
2049 1741 2823 1
2180 1819 2552 1
1060 1061 2351 1
339 2446 2661 1
1802 1803 1981 1
1042 1040 2294 1
2610 2153 3187 1
2008 349 2342 1
772 771 2048 1
2432 1514 2818 1
2002 151 3030 1
1472 1469 2126 1
828 2056 2461 1
1114 1117 2049 1
1612 2142 2143 1
501 502 2220 1
264 1988 3050 1
2027 2911 3013 1
3065 2558 3070 1
1148 1571 1572 1
1373 2114 2127 1
329 2183 2228 1
1446 1773 1774 1
2197 1681 2881 1
2001 1999 2349 1
1116 1114 2049 1
2243 2245 2953 1
1112 1114 1116 1
3179 1880 3199 1
1597 1365 2078 1
2803 1888 3154 1
774 772 2512 1
1681 2196 2626 1
1122 1126 2140 1
1241 1070 2703 1
2472 1660 2905 1
1802 1351 1803 1
530 1202 2096 1
1184 1334 2727 1
2096 1202 2097 1
1963 1964 1965 1
1774 1773 1775 1
187 316 1951 1
1879 1881 3216 1
1213 1186 1300 1
552 1143 2069 1
2067 788 2702 1
2103 2997 3243 1
409 2238 2252 1
1684 1685 2142 1
1495 1013 2607 1
318 357 358 1
2132 1501 3195 1
1967 351 3061 1
2382 1591 2743 1
1061 804 1062 1
1103 1034 1104 1
2393 2395 2396 1
2072 1445 2073 1
869 865 2166 1
620 759 761 1
1125 1244 2174 1
2177 2180 2552 1
2006 2878 2892 1
2042 1488 2982 1
1504 1807 2141 1
1108 1110 1119 1
1842 2187 2974 1
835 364 2640 1
1063 1062 1185 1
1459 974 2154 1
326 2101 2103 1
2114 1484 2115 1
1040 1075 2294 1
1035 3117 3122 1
1746 1744 1754 1
2052 1684 2142 1
7 8 317 1
22 23 2722 1
2155 2154 2161 1
1615 1300 2203 1
1354 1356 2119 1
1227 1769 2300 1
1117 2140 2452 1
1106 1107 1108 1
1740 1739 2074 1
879 869 880 1
1484 2079 2116 1
149 290 2169 1
2057 2055 2066 1
2742 1715 2770 1
254 250 1974 1
336 2290 3132 1
2147 501 2220 1
682 2212 2581 1
2176 2145 2214 1
1108 1109 1110 1
2148 2220 2221 1
10 11 2098 1
2101 326 2110 1
5 6 262 1
2336 2337 2338 1
1061 1062 1063 1
297 2092 2093 1
1591 2317 2592 1
510 516 2131 1
2219 965 2850 1
1469 1471 2126 1
1104 1105 1106 1
1301 1639 1640 1
758 2728 2742 1
1922 1921 2381 1
879 880 1054 1
995 997 2216 1
1744 1743 2167 1
409 406 2246 1
2343 1029 2662 1
1192 1106 2050 1
1526 2195 2570 1
1140 2278 2279 1
1440 1624 1969 1
1495 2129 2572 1
305 37 2354 1
759 760 799 1
2612 2708 2944 1
2596 267 3152 1
2012 315 2208 1
1787 1786 2906 1
391 389 2161 1
558 560 828 1
319 252 3003 1
1132 1133 2170 1
45 329 2228 1
37 38 2354 1
1598 1597 1739 1
1886 2268 3227 1
2062 2651 2652 1
2945 743 3004 1
325 42 2225 1
1409 1698 2079 1
2028 2026 2957 1
1715 2135 2770 1
2495 1721 2795 1
1761 2867 2939 1
1704 967 2917 1
1598 1739 1740 1
1078 837 2164 1
2532 1414 2721 1
2685 1453 3240 1
1375 1484 2114 1
2076 3031 3039 1
1054 880 1087 1
329 46 2181 1
538 537 541 1
1880 1879 3199 1
1286 1231 2163 1
2500 1220 2611 1
536 535 537 1
1185 1440 2203 1
1825 2229 3107 1
1975 1974 2359 1
1743 1740 2074 1
2122 2119 2555 1
1033 976 1034 1
1211 1186 1213 1
1016 761 2030 1
2322 2321 2744 1
516 508 2152 1
502 506 2220 1
1969 1624 1970 1
609 617 618 1
147 321 2206 1
2037 678 2038 1
1786 2876 2906 1
946 1153 2587 1
2272 2273 2414 1
2465 335 2776 1
329 2181 2182 1
384 2217 2218 1
1572 1642 1800 1
1253 1620 2576 1
1334 1984 2727 1
323 2407 3075 1
2212 682 2312 1
2193 2192 2194 1
33 34 314 1
789 1016 1017 1
406 405 2246 1
1365 1631 2078 1
997 1293 2216 1
293 40 2297 1
277 1934 3099 1
1758 1355 2255 1
1459 2154 2155 1
1126 1236 1365 1
2171 2134 2172 1
1305 1093 2774 1
2019 332 2844 1
2200 2199 2753 1
974 970 2154 1
1742 1743 1744 1
1891 3103 3106 1
318 356 357 1
734 2117 2118 1
1459 2155 2156 1
2308 973 2380 1
552 548 1143 1
2156 2157 2158 1
570 2069 2070 1
2206 321 2207 1
382 388 2217 1
2158 2159 2160 1
1350 2318 2656 1
2173 390 2936 1
2239 2238 2246 1
2242 2239 2246 1
1502 1504 2141 1
2469 3043 3198 1
1372 1373 2127 1
2261 2262 2606 1
244 245 2145 1
293 2297 2298 1
1087 1966 3214 1
2231 2232 2233 1
1354 1355 1356 1
1340 1341 2071 1
1492 1615 1857 1
500 499 2138 1
1705 2584 2618 1
1021 1019 1255 1
273 48 2204 1
570 552 2069 1
2115 1484 2116 1
1557 1644 1848 1
1897 1896 2643 1
508 505 2152 1
1033 1034 1103 1
1110 1111 1112 1
2195 407 2570 1
1336 1680 2266 1
1526 952 2193 1
1445 1444 1446 1
148 149 2169 1
1341 1444 1445 1
1456 1966 2951 1
734 368 2117 1
40 41 2297 1
2462 2331 2627 1
534 532 535 1
2271 2272 2549 1
1365 1236 1631 1
776 801 802 1
1458 1340 1663 1
2416 2325 2529 1
1817 2189 2458 1
541 557 558 1
1427 1328 1755 1
688 685 2504 1
1126 1124 1236 1
1836 1835 1837 1
1104 1106 1192 1
1122 1124 1126 1
802 801 1072 1
1739 1597 2043 1
624 599 2433 1
609 618 1454 1
1244 1340 1458 1
368 366 2117 1
1556 1436 1557 1
1356 1355 1488 1
861 859 2100 1
2026 2027 3013 1
549 548 552 1
547 546 548 1
2728 1715 2742 1
1354 1353 1355 1
1472 2126 2151 1
1427 1755 1917 1
2180 727 3157 1
836 837 1078 1
522 523 524 1
1828 2858 2894 1
836 777 837 1
145 286 2231 1
350 2088 2089 1
1355 1353 2255 1
1788 2199 2442 1
1291 1353 1354 1
2183 2188 2228 1
2210 995 2216 1
1778 1711 2487 1
1984 1983 1985 1
1457 1365 1597 1
1435 1434 1436 1
2291 1201 2293 1
2265 1495 2607 1
42 43 2225 1
2666 621 2788 1
538 541 2494 1
11 327 2098 1
562 571 609 1
2020 2285 2286 1
1698 1835 1836 1
3160 917 3203 1
975 974 976 1
1602 1898 2163 1
553 570 2086 1
1728 2384 2670 1
1104 1034 1105 1
1484 1409 2079 1
2167 1743 2884 1
1613 1612 2756 1
865 863 872 1
1976 2677 3079 1
884 497 2209 1
1688 1455 1821 1
2402 1521 2605 1
329 2182 2183 1
1267 1328 1427 1
1148 1572 2687 1
2231 286 2232 1
599 1159 2433 1
528 527 529 1
1850 1808 1851 1
1375 1409 1484 1
1201 1042 2294 1
778 2416 2529 1
1185 1439 1440 1
2664 2408 2889 1
2044 769 2895 1
146 147 2206 1
553 552 570 1
2300 1769 2628 1
2267 2604 2758 1
1282 1229 1455 1
776 774 801 1
511 510 512 1
1433 1310 1434 1
1163 2666 2749 1
1526 2193 2194 1
1076 1054 1229 1
558 559 560 1
1491 2097 2647 1
324 2613 3094 1
497 494 2209 1
2294 1075 2295 1
1458 1663 1868 1
850 576 2468 1
1712 1343 2010 1
1186 1185 2203 1
1244 1245 1340 1
2056 2059 2461 1
1776 2419 2751 1
1372 1324 1373 1
2321 447 2744 1
526 524 527 1
2149 2148 2735 1
771 777 836 1
1309 1184 1310 1
850 2468 2469 1
362 361 1333 1
1499 2093 3023 1
2175 1668 2553 1
2705 2430 2877 1
1371 1351 1802 1
1373 1375 2114 1
152 153 297 1
1291 1290 1353 1
1557 1848 1849 1
366 364 835 1
1231 1230 2163 1
44 45 2228 1
545 543 546 1
47 273 2181 1
2145 245 2214 1
2183 2184 2185 1
2163 1898 2198 1
1516 2276 2563 1
1106 1105 1107 1
2322 2744 2790 1
975 976 1033 1
1072 1645 1646 1
740 2135 2767 1
857 858 859 1
1060 804 1061 1
1647 2127 2128 1
803 802 804 1
2272 2270 2273 1
535 532 2096 1
501 2147 2350 1
1289 1288 1290 1
594 596 2572 1
9 10 270 1
664 2301 2440 1
1807 1806 1808 1
1273 1165 1430 1
1108 1107 1109 1
2249 1329 2423 1
828 560 2054 1
1323 1324 1372 1
1848 1644 2087 1
952 954 2193 1
2536 917 3160 1
520 521 522 1
1177 1078 1267 1
1807 1808 1850 1
1118 1122 2140 1
541 537 557 1
1568 2500 2611 1
1112 1113 1114 1
360 358 361 1
2006 331 2448 1
1612 1225 2142 1
1694 2433 2434 1
1501 1482 1502 1
2172 2134 2173 1
528 529 530 1
972 970 974 1
566 555 2150 1
1289 1290 1291 1
602 601 725 1
1557 1436 1644 1
1351 1052 2036 1
2270 1204 2273 1
2842 1881 2959 1
1454 618 2667 1
1267 1427 2305 1
870 869 879 1
1647 1372 2127 1
1114 1115 1117 1
1287 1286 1288 1
496 498 2350 1
1831 1502 2141 1
2060 2057 2061 1
46 47 2181 1
144 145 2231 1
2966 2015 3171 1
726 725 771 1
530 529 1202 1
45 46 329 1
991 995 2210 1
2230 909 2331 1
598 566 601 1
855 856 857 1
513 512 514 1
1287 1288 1289 1
613 2253 2618 1
487 1817 2458 1
972 974 975 1
1267 1078 1328 1
922 1516 2563 1
2056 2055 2057 1
1481 1480 1482 1
49 338 2204 1
1323 1322 1324 1
1457 1597 1598 1
509 508 510 1
837 1270 1992 1
963 1088 2192 1
526 527 528 1
1309 1677 2369 1
1096 2402 2605 1
1837 1979 1980 1
321 148 2169 1
504 503 505 1
1110 1109 1111 1
1427 1918 2305 1
2192 1088 2707 1
2462 1702 2541 1
771 725 777 1
865 872 2166 1
382 380 388 1
2055 1454 2066 1
285 142 2444 1
726 771 772 1
3 4 315 1
2151 1704 2917 1
47 48 273 1
2271 2549 2624 1
2183 2182 2184 1
1048 1182 1184 1
1132 1100 1133 1
38 39 2162 1
1048 1309 2369 1
1281 1055 2296 1
1122 1123 1124 1
2917 1609 2972 1
1083 1281 2285 1
2301 2302 2440 1
2348 1838 3112 1
1955 2084 2438 1
507 505 508 1
41 42 325 1
1821 1905 2904 1
2185 2184 2187 1
1803 1351 2036 1
517 514 518 1
2075 2378 2504 1
141 285 2319 1
2247 1329 2249 1
532 530 2096 1
1504 1806 1807 1
1435 1436 1556 1
2117 835 3092 1
1207 1322 1323 1
1383 1797 2645 1
1133 1135 1237 1
601 566 2150 1
609 571 617 1
1646 1923 1924 1
1702 1892 2541 1
1409 1697 1698 1
1564 854 2347 1
2209 1713 2545 1
1340 1245 1341 1
2287 1281 2296 1
3016 2803 3154 1
1359 1354 2119 1
1924 1931 1933 1
556 386 2218 1
970 889 2154 1
1105 1034 2566 1
1479 1478 1480 1
1502 1503 1504 1
1235 1052 1351 1
2185 2187 3256 1
1504 1651 1806 1
668 854 855 1
1048 1184 1309 1
2434 1159 2435 1
1488 1758 1927 1
854 661 2347 1
863 861 2099 1
1285 1286 1287 1
2021 1868 2022 1
2031 2032 2690 1
2491 1241 2703 1
1741 1740 1742 1
1602 1897 1898 1
2156 2155 2157 1
2288 2287 2289 1
2199 1405 2442 1
2435 1159 2629 1
541 558 2461 1
976 974 1459 1
2136 1882 2137 1
613 614 2253 1
866 865 869 1
836 1078 1177 1
1191 1083 2285 1
149 150 290 1
1433 1434 1435 1
2289 2291 2292 1
1644 1436 2453 1
1309 1310 1433 1
614 721 2253 1
1117 1118 2140 1
2313 259 2315 1
1201 2291 2296 1
1711 2277 2543 1
386 384 2218 1
2084 1183 2438 1
1477 1476 1478 1
1285 1231 1286 1
534 535 536 1
521 518 2368 1
602 725 726 1
1663 1340 2071 1
1698 1834 1835 1
2120 2119 2122 1
2158 2157 2159 1
2177 2178 2180 1
1230 1602 2163 1
1702 2462 2627 1
1099 1100 1132 1
43 44 287 1
514 512 853 1
139 324 2348 1
1175 1230 1231 1
1175 1174 1230 1
1373 1374 1375 1
864 863 865 1
520 518 521 1
2129 594 2572 1
49 50 338 1
1475 1474 1476 1
1886 1390 1887 1
1526 2194 2195 1
2690 313 3137 1
1199 1060 2351 1
598 601 602 1
944 946 2587 1
860 859 861 1
1099 1098 1100 1
1118 1121 1122 1
1691 1513 2541 1
2261 2130 2262 1
1075 1038 2308 1
2327 1588 2328 1
519 518 520 1
1375 1408 1409 1
1434 1310 1448 1
502 500 503 1
1125 1243 1244 1
413 410 2252 1
1501 1502 1831 1
2248 2249 2425 1
3126 2010 3249 1
685 684 2504 1
510 508 516 1
2328 1588 2706 1
1088 1066 1089 1
147 148 321 1
1765 2532 2721 1
2060 2061 2062 1
1481 1482 1501 1
2220 506 2221 1
1087 1884 1962 1
522 521 523 1
2286 1281 2287 1
1479 1480 1481 1
1485 1372 1647 1
2059 2064 2494 1
1975 2359 3055 1
1015 1174 1175 1
1177 1267 1268 1
889 391 2161 1
683 686 2312 1
1473 1470 1474 1
1392 2324 2379 1
1887 2170 2171 1
1993 1995 2077 1
799 800 1178 1
2272 475 2549 1
1194 2196 2197 1
668 661 854 1
1579 1588 2327 1
1888 2904 3154 1
467 2385 2533 1
701 703 2553 1
2343 2344 2346 1
2293 1201 2294 1
1063 1186 1211 1
48 49 2204 1
370 368 734 1
1477 1478 1479 1
1126 1365 1457 1
535 2096 2646 1
588 590 2261 1
1089 1098 1099 1
1475 1476 1477 1
1153 2310 2587 1
2288 2289 2290 1
57 343 2365 1
1823 2014 2715 1
2062 2061 2651 1
1329 2247 2256 1
254 1974 1975 1
3074 1878 3113 1
2088 1644 2453 1
36 37 305 1
2247 1530 2256 1
2249 2423 2424 1
1258 1105 2566 1
140 141 2319 1
1157 1074 2304 1
2238 2236 2252 1
233 234 2257 1
1653 1655 2415 1
832 763 1694 1
514 853 2368 1
505 848 2152 1
287 44 2228 1
2385 1695 2533 1
505 503 848 1
39 40 293 1
950 1526 2570 1
1924 1930 1931 1
1011 1013 1495 1
11 12 327 1
2828 2522 2843 1
1074 916 2304 1
1038 973 2308 1
1224 628 2410 1
43 287 2225 1
1473 1474 1475 1
1434 1448 2453 1
782 755 2277 1
1907 1908 1982 1
2135 1587 2326 1
2221 2223 2735 1
1646 1645 1923 1
2240 2239 2241 1
376 374 564 1
286 146 2206 1
2187 3095 3256 1
57 58 343 1
2142 1685 2143 1
1572 2035 2687 1
723 616 2516 1
498 501 2350 1
2904 289 3154 1
1133 1134 1135 1
963 1066 1088 1
2285 1281 2286 1
137 284 2356 1
1392 2323 2324 1
1001 1269 2352 1
3112 1839 3127 1
2286 2287 2288 1
2902 1722 3242 1
976 1459 2566 1
1587 1583 2326 1
1440 1441 1624 1
959 963 2192 1
2139 1473 2638 1
1135 1206 1207 1
2236 920 2252 1
593 2130 2261 1
2328 2763 2767 1
862 861 863 1
257 244 2145 1
1207 1321 1322 1
2183 2185 2188 1
545 546 547 1
1755 1328 1891 1
477 474 2299 1
55 56 302 1
1840 521 2368 1
1468 1470 1473 1
2221 506 2222 1
590 593 2261 1
525 524 526 1
1511 1091 2371 1
984 1489 1490 1
804 802 2696 1
499 884 1466 1
555 553 2086 1
1861 1653 2415 1
1230 1601 1602 1
1490 1700 1701 1
1602 1896 1897 1
60 61 2429 1
1502 1482 1503 1
1171 1146 2360 1
39 293 2162 1
512 510 2131 1
1591 2592 2743 1
682 683 2312 1
536 537 538 1
498 497 499 1
875 1047 1048 1
524 523 2341 1
1466 1467 1468 1
2283 1275 2284 1
1468 1469 1470 1
138 139 2348 1
410 409 2252 1
892 496 2350 1
2177 1483 2178 1
2225 287 2226 1
1194 851 2196 1
2082 1701 2083 1
1013 1014 1015 1
855 854 856 1
969 889 970 1
775 774 776 1
2241 2242 2243 1
2926 737 2961 1
560 561 562 1
1015 1173 1174 1
494 493 2209 1
1055 1044 2296 1
502 503 504 1
145 146 286 1
617 571 2108 1
286 2206 2353 1
322 144 2231 1
41 325 2297 1
2292 2291 2293 1
909 2230 2371 1
859 858 867 1
1513 2230 2462 1
1036 782 2277 1
662 661 668 1
857 856 858 1
1011 1012 1013 1
1266 1132 1390 1
522 524 525 1
1452 1199 1555 1
2370 1305 2774 1
1284 1231 1285 1
773 772 774 1
1098 1227 2300 1
1390 1132 2170 1
2317 2102 2318 1
1623 1910 2281 1
2119 1356 2555 1
1555 1199 2351 1
1907 1676 1908 1
1804 2998 3011 1
2075 1489 2378 1
1089 1097 1098 1
1585 1583 1587 1
1124 1125 2174 1
999 1001 2352 1
2223 2222 2224 1
1585 1587 1589 1
2053 2010 3126 1
143 144 322 1
2289 2287 2291 1
1886 1887 2268 1
1103 3062 3066 1
1814 1815 1854 1
59 60 255 1
2433 1159 2434 1
1896 1601 2518 1
2237 2239 2240 1
1606 1390 1886 1
1778 2487 2704 1
59 255 2426 1
657 654 2832 1
851 833 2196 1
1478 1483 2177 1
2019 1438 2020 1
2180 2178 2960 1
2487 1711 2543 1
2310 1627 2311 1
1489 982 2378 1
492 491 493 1
1268 1267 2305 1
593 2129 2130 1
1185 1062 1439 1
995 996 997 1
2496 302 2497 1
997 998 999 1
1007 1009 1496 1
1307 941 1308 1
1668 701 2553 1
1308 2236 2237 1
1490 2082 2274 1
2426 255 2427 1
1392 1393 2323 1
1854 1815 1863 1
857 859 860 1
1490 1489 1700 1
989 991 2210 1
136 137 2356 1
1187 1527 2366 1
999 1000 1001 1
62 63 307 1
1072 801 1645 1
2237 2238 2239 1
1011 1495 2572 1
302 56 2365 1
325 2269 2793 1
971 970 972 1
999 998 1000 1
1178 1179 1415 1
1589 1587 1715 1
1498 2210 2211 1
547 548 549 1
98 99 301 1
1153 1215 2310 1
1518 2033 2320 1
1811 1813 1814 1
997 996 998 1
1496 1009 2484 1
1480 1478 2177 1
1422 1676 1907 1
2256 1530 2391 1
984 982 1489 1
2266 1680 2518 1
1701 1700 2034 1
1504 1503 1651 1
2165 1424 2176 1
1493 2102 2317 1
2099 861 2100 1
2522 260 2523 1
983 982 984 1
1001 1000 1002 1
62 307 2515 1
322 2231 2233 1
493 891 1713 1
95 96 256 1
1184 1182 1334 1
763 624 2433 1
1290 1424 2165 1
2427 255 2428 1
788 761 789 1
1239 1158 1786 1
2085 1190 2836 1
518 514 2368 1
954 959 2193 1
1353 1290 2165 1
626 1224 2632 1
496 494 497 1
1215 1296 2310 1
1840 2132 3195 1
877 873 2251 1
1032 1212 2267 1
1001 1002 1003 1
1646 1924 2105 1
2009 890 2590 1
2428 2429 2430 1
2083 1701 2582 1
2111 2112 2113 1
1030 984 2274 1
1438 1191 2285 1
2352 2040 3174 1
240 298 2229 1
938 688 2504 1
995 994 996 1
1154 1074 1155 1
2211 2210 2216 1
1236 1124 2174 1
511 512 513 1
1713 1714 2111 1
1430 1165 2749 1
1814 1813 1815 1
1458 1868 2021 1
486 485 487 1
1296 1627 2310 1
1195 929 1319 1
255 60 2429 1
1924 1923 1930 1
2 3 2012 1
493 1713 2209 1
61 62 2515 1
499 497 884 1
389 386 556 1
837 777 1270 1
991 994 995 1
963 1065 1066 1
3161 1515 3162 1
1927 1758 2106 1
1393 1399 2323 1
1085 851 1194 1
572 574 2109 1
509 510 511 1
470 468 471 1
2212 2211 2213 1
1073 916 1074 1
2115 623 3166 1
1003 1002 1004 1
1961 2666 2788 1
898 1170 2175 1
562 563 571 1
1091 904 2371 1
1851 2874 3029 1
987 989 1498 1
240 241 298 1
605 1010 1011 1
1205 942 2325 1
1972 2147 2148 1
926 929 1195 1
1986 372 3209 1
141 142 285 1
1302 1344 1762 1
504 505 507 1
1478 1476 1483 1
1290 1288 1424 1
1462 2322 2363 1
139 140 324 1
2388 282 2389 1
1498 989 2210 1
1244 1243 1245 1
2478 337 3082 1
476 474 477 1
132 282 2388 1
1623 1909 1910 1
2314 2313 2315 1
104 105 300 1
1112 1111 1113 1
1446 1772 1773 1
1155 1157 1158 1
1490 1701 2082 1
616 615 2516 1
959 962 963 1
1319 1420 1955 1
474 473 2299 1
1931 1930 1932 1
470 472 2414 1
84 85 289 1
1212 2406 2408 1
490 488 491 1
1450 1264 1451 1
2406 2407 2408 1
1269 1003 2482 1
549 552 553 1
1323 1372 1485 1
660 658 661 1
1838 2348 3094 1
101 102 258 1
1101 965 2235 1
1048 1047 1182 1
393 391 889 1
1488 1355 1758 1
1422 1675 1676 1
2154 889 2161 1
503 500 2138 1
470 471 472 1
1399 1796 2323 1
496 497 498 1
507 508 509 1
980 978 982 1
780 781 2367 1
2221 2222 2223 1
2020 1438 2285 1
1003 1004 1005 1
1887 1390 2170 1
1383 1679 1797 1
1227 1425 1769 1
545 547 2303 1
480 478 481 1
1532 1531 1760 1
1450 1451 1514 1
1678 2307 2755 1
1336 1590 1680 1
466 467 468 1
487 893 1817 1
920 413 2252 1
55 302 2496 1
759 619 760 1
330 2200 3100 1
692 693 2510 1
1353 2165 2255 1
1239 1786 1787 1
910 913 2331 1
1005 1004 1053 1
1683 1711 1778 1
2230 1511 2371 1
1527 1756 2683 1
1789 1787 2925 1
1212 1196 2406 1
324 140 2319 1
1399 1652 1796 1
1466 884 1467 1
2262 2130 2263 1
492 493 494 1
466 464 467 1
1924 1933 2105 1
1280 1911 2306 1
1235 1351 1371 1
384 382 2217 1
1782 1783 2254 1
1516 1032 2267 1
1005 1053 1071 1
1451 2270 2271 1
1371 1802 1867 1
1155 1158 1239 1
1296 1385 1627 1
1914 1916 2085 1
1912 1405 2199 1
984 1490 2274 1
193 194 299 1
472 471 473 1
922 1032 1516 1
2148 2147 2220 1
2017 317 2018 1
1972 1707 2147 1
493 491 891 1
1593 2671 2692 1
686 987 2312 1
1658 1669 1829 1
1837 1835 1979 1
1498 2212 2312 1
1507 1205 2325 1
1437 1254 1623 1
135 136 328 1
92 93 306 1
498 499 500 1
1977 1978 2814 1
1122 1121 1123 1
243 244 257 1
1539 1257 2826 1
1119 1110 2909 1
476 477 478 1
484 482 485 1
490 491 492 1
873 2250 2251 1
2205 338 2828 1
1373 1324 1374 1
2241 2239 2242 1
1876 3012 3036 1
1531 2325 2416 1
1971 1707 1972 1
1073 1074 1154 1
846 847 1057 1
1693 757 1920 1
1009 1146 1171 1
2451 1541 2527 1
1581 1579 2327 1
1193 1462 2363 1
2026 2025 2027 1
1583 1581 2326 1
472 475 2414 1
343 58 2426 1
239 240 2229 1
261 233 2257 1
1517 1092 2383 1
1291 1354 1359 1
1151 1057 1254 1
486 487 488 1
1729 1732 2384 1
1128 1566 2304 1
898 1169 1170 1
1584 1583 1585 1
1623 1254 1909 1
1899 1623 2281 1
978 938 2378 1
1007 1008 1009 1
941 920 2236 1
1683 1261 1711 1
1468 1467 1469 1
1470 1469 1472 1
473 919 2299 1
1102 1330 2507 1
480 481 482 1
721 1007 2253 1
137 138 284 1
769 2044 2919 1
1170 1404 1505 1
1531 1507 2325 1
531 530 532 1
462 463 464 1
245 246 2214 1
1301 1640 2766 1
1124 1123 1125 1
1420 1421 1422 1
1044 1201 2296 1
2384 2554 2670 1
1577 1574 2362 1
2428 255 2429 1
914 916 1073 1
462 460 463 1
2243 2242 2244 1
843 845 846 1
1319 1320 1420 1
86 87 345 1
811 814 2382 1
661 658 2347 1
1204 948 2273 1
1311 1518 2320 1
1018 1017 1019 1
38 2162 2354 1
472 473 474 1
1114 1113 1115 1
1146 1219 2360 1
109 110 341 1
668 855 1521 1
996 1279 2617 1
1306 941 1307 1
1732 1733 1776 1
1000 1262 2409 1
898 2175 2553 1
484 485 486 1
914 915 916 1
964 945 965 1
1912 2199 2200 1
1133 1100 1134 1
1503 1482 2552 1
195 196 335 1
916 1128 2304 1
940 920 941 1
1513 2462 2541 1
469 468 470 1
574 576 850 1
913 912 914 1
1264 1204 2270 1
2230 2331 2462 1
1509 1507 1531 1
1135 1207 2599 1
707 709 898 1
246 247 296 1
693 696 2510 1
1515 1514 3162 1
1777 1781 1782 1
107 108 264 1
983 984 1030 1
328 136 2356 1
1092 791 2383 1
1230 1174 1601 1
1678 2306 2307 1
52 53 260 1
917 457 2387 1
131 132 2388 1
1219 1664 2360 1
2291 2287 2296 1
1117 1115 1118 1
954 958 959 1
959 2192 2193 1
2143 1685 2144 1
2333 2335 2336 1
487 485 893 1
23 310 2722 1
1574 1573 2362 1
1308 941 2236 1
896 1168 2401 1
2461 2059 2494 1
1360 1261 1683 1
1280 1071 1911 1
872 863 2099 1
926 927 929 1
2237 2236 2238 1
909 908 910 1
937 1092 1193 1
1498 2211 2212 1
1621 1377 1779 1
2355 459 2536 1
1193 1311 1462 1
1706 892 1707 1
1992 1553 3194 1
458 459 460 1
867 875 2369 1
1462 2320 2321 1
130 131 334 1
320 2313 2314 1
320 236 2313 1
1728 1729 2384 1
235 236 320 1
1250 1071 1280 1
284 138 2348 1
1480 2177 2552 1
2395 1543 2813 1
2476 1342 2485 1
1128 1331 1566 1
1155 1239 2442 1
1559 1561 2343 1
839 841 842 1
1240 1070 1241 1
1713 891 1714 1
910 912 913 1
656 654 657 1
1040 1038 1075 1
1089 1066 1097 1
721 1006 1007 1
1462 1311 2320 1
950 952 1526 1
987 1498 2312 1
1678 1280 2306 1
891 491 2458 1
1193 1092 1311 1
997 999 1293 1
786 791 937 1
2400 2476 2485 1
1087 880 1884 1
465 464 466 1
909 910 2331 1
1992 1270 1993 1
2111 1714 2112 1
1069 921 1617 1
458 457 459 1
132 133 282 1
1155 1074 1157 1
1423 1280 1678 1
937 791 1092 1
1013 1012 1014 1
810 811 2382 1
1151 1254 1437 1
1099 1132 1266 1
2390 1079 2479 1
846 845 847 1
2865 1873 3190 1
1729 1731 1732 1
919 1090 1919 1
2033 1672 2309 1
114 115 340 1
980 982 983 1
1485 1647 1900 1
776 802 803 1
846 1057 1151 1
64 65 344 1
1655 1658 2415 1
1285 1287 1412 1
517 518 519 1
1293 999 2352 1
236 237 2313 1
2510 2509 2511 1
1449 1264 1450 1
1173 1336 2266 1
91 92 2538 1
456 454 457 1
457 454 2387 1
557 537 2646 1
1509 1531 1532 1
796 798 838 1
2395 2813 2893 1
991 992 994 1
1877 1539 2202 1
1627 1385 1816 1
989 990 991 1
910 911 912 1
987 988 989 1
1588 1577 2362 1
1375 1374 1408 1
475 474 476 1
473 918 919 1
1972 2148 2149 1
1175 1231 1284 1
696 2508 2509 1
456 457 458 1
1811 1812 1813 1
513 514 517 1
1602 1601 1896 1
2729 2092 3123 1
112 113 267 1
2135 2326 2767 1
1518 1672 2033 1
1015 1014 1173 1
1208 1493 2317 1
1782 1781 1783 1
495 494 496 1
1164 1163 1165 1
2391 899 2450 1
1263 1204 1264 1
1437 1623 1899 1
2471 2470 2472 1
936 1208 1591 1
237 238 259 1
1001 1003 1269 1
1219 1367 1664 1
1403 1727 1728 1
1451 1264 2270 1
1168 1403 2401 1
1007 1496 2253 1
501 500 502 1
1239 1788 2442 1
846 1151 2431 1
1512 1511 1513 1
1209 1036 1261 1
2168 288 2942 1
1088 1089 2580 1
1414 1228 2390 1
1284 2265 2607 1
1011 1010 1012 1
1249 1223 2417 1
2267 1212 2664 1
2148 2221 2735 1
1579 1577 1588 1
906 908 909 1
52 260 2522 1
125 126 337 1
937 1626 2367 1
1151 1528 2431 1
781 786 2367 1
1271 1165 1273 1
649 924 2464 1
890 490 2455 1
1591 1208 2317 1
1044 1042 1201 1
1411 1410 2499 1
2373 2372 2821 1
1698 1697 1834 1
1409 1408 1697 1
237 259 2313 1
2271 2270 2272 1
1493 2101 2102 1
924 925 926 1
246 296 2214 1
340 115 2471 1
1500 1273 1544 1
2189 891 2458 1
1032 1196 1212 1
1465 1810 1811 1
922 923 1032 1
1617 2516 2517 1
415 413 920 1
489 488 490 1
58 59 2426 1
1518 1519 1672 1
1626 1193 2363 1
452 450 453 1
1266 1390 1606 1
1311 1517 1518 1
334 131 2388 1
533 532 534 1
1817 893 1953 1
2343 1561 2344 1
1261 1036 2277 1
842 841 843 1
2510 2511 2623 1
820 2399 2400 1
1776 1777 2403 1
1549 1438 2019 1
875 1048 2369 1
461 460 462 1
792 795 2383 1
464 463 2329 1
56 57 2365 1
1141 2451 2527 1
1223 1603 2417 1
1707 892 2350 1
127 128 279 1
1875 1411 2499 1
1023 1559 2662 1
2326 1581 2327 1
906 907 908 1
2102 2101 2110 1
1512 1513 1691 1
1135 1134 1206 1
2411 2391 2420 1
1776 1733 1777 1
838 798 839 1
199 200 336 1
230 231 323 1
479 478 480 1
2256 2391 2450 1
696 2509 2510 1
903 904 1091 1
120 121 339 1
2460 981 2506 1
888 484 2483 1
792 794 795 1
648 647 649 1
686 986 987 1
1167 1166 1410 1
1706 1707 1971 1
903 902 904 1
1692 1604 2081 1
982 978 2378 1
452 453 454 1
2406 1716 2407 1
1228 1079 2390 1
483 482 484 1
460 459 2355 1
1292 1091 1511 1
937 1193 1626 1
2331 913 2627 1
1196 1232 2406 1
916 915 1128 1
1188 1189 1302 1
519 520 833 1
675 666 2440 1
1403 1728 2401 1
1207 1206 1321 1
1203 948 1204 1
232 233 261 1
893 485 2466 1
1344 1464 1465 1
117 118 271 1
1004 1002 1246 1
904 905 906 1
1788 1787 1789 1
948 885 2273 1
1005 1071 1250 1
1462 2321 2322 1
448 446 449 1
748 764 922 1
230 323 2364 1
2403 1782 2807 1
437 435 1661 1
1668 2175 2930 1
898 709 1169 1
820 2400 2457 1
1156 1154 1405 1
630 849 2410 1
786 787 791 1
2332 1246 2333 1
649 739 924 1
1170 1169 1404 1
1302 1303 1344 1
2634 639 2763 1
1250 1280 1423 1
1004 1246 2332 1
904 906 2371 1
1292 1511 1512 1
1083 1055 1281 1
2515 307 2877 1
628 630 2410 1
867 868 875 1
432 431 2404 1
1582 1581 1583 1
597 566 598 1
646 645 647 1
1661 435 2404 1
1013 1015 2607 1
910 908 911 1
1732 1731 1733 1
1053 1004 2332 1
1422 1421 1675 1
1187 1442 1527 1
310 2068 2722 1
664 662 2301 1
1513 1511 2230 1
786 937 2367 1
781 785 786 1
596 605 2572 1
495 496 892 1
2669 1352 2734 1
1819 1503 2552 1
171 172 346 1
2304 1566 2688 1
2249 2424 2425 1
847 1051 1188 1
2383 795 2534 1
626 628 1224 1
459 457 917 1
1406 1405 1912 1
204 205 332 1
814 936 2382 1
1319 929 1320 1
914 912 915 1
190 191 277 1
122 123 274 1
899 2391 2411 1
435 432 2404 1
444 442 445 1
842 843 2431 1
1000 998 1262 1
658 657 2347 1
445 2392 2393 1
630 632 849 1
936 1591 2382 1
453 450 2397 1
1715 1587 2135 1
1322 1321 1428 1
1232 1716 2406 1
2303 2669 2734 1
964 965 1101 1
229 230 2364 1
1787 2906 2925 1
206 207 2398 1
1405 1154 2442 1
900 902 903 1
1427 1917 1918 1
2357 1515 2358 1
442 441 2392 1
1369 1191 1438 1
1680 1590 1825 1
1112 1116 2909 1
463 460 2355 1
454 453 2387 1
1601 2266 2518 1
1209 1261 1360 1
488 487 2458 1
467 464 2329 1
1348 1845 2588 1
261 2257 2258 1
1980 1979 2002 1
1377 1220 2500 1
450 449 2397 1
448 449 450 1
1563 2091 2513 1
1728 1727 1729 1
1098 1097 1227 1
2391 1530 2420 1
51 52 2522 1
1777 1782 2403 1
642 641 643 1
1559 1560 1561 1
298 241 2643 1
455 454 456 1
1518 1517 1519 1
1603 1222 1604 1
820 821 2399 1
1525 1524 1687 1
669 666 675 1
1475 1477 1929 1
646 647 648 1
1450 1515 2357 1
445 442 2392 1
2516 615 2517 1
1232 1460 1716 1
652 650 653 1
197 198 283 1
795 794 796 1
473 471 918 1
1359 2119 2120 1
1341 1443 1444 1
770 779 780 1
2184 2182 2186 1
907 1187 2366 1
1669 1864 1878 1
1954 893 2466 1
648 649 650 1
2405 1734 2769 1
1306 1307 1690 1
1694 763 2433 1
440 438 441 1
2314 2315 2316 1
899 895 900 1
975 1033 1035 1
1420 1320 1421 1
1009 1008 1146 1
1304 1093 1305 1
1658 1659 1669 1
489 490 890 1
1386 1392 2379 1
1493 1494 2101 1
791 792 2383 1
2175 1170 2985 1
1311 1092 1517 1
1479 1481 1885 1
1413 1228 1414 1
827 899 2411 1
1208 1265 1493 1
940 941 1306 1
117 271 2470 1
2222 506 2535 1
1711 1261 2277 1
921 723 2516 1
963 962 1065 1
1007 1006 1008 1
936 1129 1208 1
642 643 644 1
636 638 745 1
466 468 469 1
1023 1145 1559 1
2647 2097 2978 1
209 210 330 1
89 90 265 1
565 555 566 1
2248 2247 2249 1
1450 1514 1515 1
467 2329 2385 1
1914 1915 1916 1
821 824 2399 1
482 481 2466 1
1547 1238 1548 1
959 958 962 1
2399 1547 2400 1
1095 1091 1292 1
393 889 969 1
1289 2689 2748 1
1769 1425 1873 1
415 920 940 1
653 650 2464 1
644 643 645 1
202 203 280 1
225 226 326 1
710 713 2520 1
1954 2466 2467 1
1162 830 1163 1
703 707 2553 1
1687 1524 1996 1
1524 1249 2417 1
1863 1815 1925 1
814 935 936 1
827 895 899 1
1436 1434 2453 1
25 26 353 1
2028 2957 2970 1
492 494 495 1
1573 1346 1759 1
1760 1531 2416 1
919 918 1090 1
1892 1552 1893 1
2038 678 2039 1
2147 1707 2350 1
257 2145 2146 1
1046 1238 1547 1
766 768 769 1
644 645 646 1
904 902 905 1
996 994 1279 1
2366 1527 2597 1
462 464 465 1
791 787 792 1
947 1082 2490 1
440 441 442 1
1725 1411 1875 1
339 121 2445 1
1652 1653 1861 1
1523 1249 1524 1
1658 1829 2415 1
1580 1579 1581 1
1520 1305 2372 1
883 2411 2420 1
260 53 2498 1
906 909 2371 1
2005 1487 2413 1
486 488 489 1
881 877 1166 1
2187 2184 2278 1
1527 1442 1756 1
843 844 845 1
1769 1873 2361 1
1584 1585 1586 1
1783 1913 1914 1
1449 1450 2357 1
444 445 446 1
116 117 2470 1
227 228 266 1
1655 1657 1658 1
900 901 902 1
926 925 927 1
539 538 540 1
1417 1160 1418 1
824 825 883 1
1523 1524 1525 1
1510 1530 2247 1
906 905 907 1
542 540 543 1
498 500 501 1
1700 1489 2075 1
750 751 2447 1
1046 1547 2399 1
751 765 2447 1
1699 1595 1822 1
480 482 483 1
824 823 825 1
825 827 2411 1
1510 2247 2248 1
1547 1548 2476 1
476 478 479 1
1487 1418 1510 1
544 543 545 1
2058 2057 2060 1
1399 1400 1652 1
115 116 2471 1
2004 1487 2005 1
207 208 278 1
899 900 2450 1
1263 1264 1449 1
214 215 333 1
1238 1160 1417 1
483 484 888 1
1046 883 1160 1
451 450 452 1
969 970 971 1
1160 883 2420 1
2477 419 2695 1
839 840 841 1
1417 1418 1487 1
989 988 990 1
991 990 992 1
469 470 885 1
649 647 739 1
576 578 2468 1
843 846 2431 1
751 753 765 1
801 774 2512 1
1760 2416 2716 1
660 661 662 1
1046 1160 1238 1
987 986 988 1
821 823 824 1
2899 2636 2958 1
468 467 2533 1
640 641 642 1
15 16 342 1
1759 1346 2526 1
642 644 704 1
1451 2271 2818 1
922 764 923 1
2466 481 2467 1
1181 981 2460 1
786 785 787 1
1032 923 1196 1
748 922 2563 1
1203 1204 1263 1
122 274 2445 1
529 527 887 1
1223 1222 1603 1
1487 1510 2413 1
656 657 658 1
883 825 2411 1
434 432 435 1
879 1054 1076 1
2273 885 2414 1
857 860 2605 1
824 883 1046 1
2525 1474 2746 1
274 123 2418 1
554 553 555 1
436 437 438 1
1417 1487 2004 1
502 504 506 1
1664 1367 1665 1
458 460 461 1
176 177 347 1
1510 1418 1530 1
2541 1892 2768 1
323 231 2524 1
741 742 2454 1
860 861 862 1
541 2461 2494 1
1172 1536 2441 1
2206 2207 2353 1
472 474 475 1
1002 1000 2409 1
2101 1494 2103 1
1578 1577 1579 1
903 1091 1095 1
1413 1414 1852 1
1603 1604 1692 1
824 1046 2399 1
63 64 2636 1
827 894 895 1
742 744 750 1
900 895 901 1
1418 1160 2420 1
1493 1265 1494 1
220 221 331 1
1323 1485 2599 1
935 815 2457 1
1510 2248 2413 1
20 21 308 1
1211 1213 1343 1
1777 1780 1781 1
1512 1691 2007 1
1996 1524 2417 1
848 2138 2139 1
2277 755 2543 1
1154 1155 2442 1
856 854 1564 1
1508 1507 1509 1
676 673 681 1
742 750 2454 1
1058 1030 1225 1
1208 1129 1265 1
1226 1225 1612 1
924 739 925 1
936 935 1129 1
436 435 437 1
1086 1085 1222 1
443 442 444 1
212 213 275 1
123 124 2418 1
796 797 798 1
1612 2143 2756 1
1592 1770 1785 1
735 736 2463 1
1380 1181 2460 1
13 291 2215 1
447 446 448 1
1486 1880 2637 1
875 876 1047 1
825 826 827 1
1073 1154 1156 1
780 779 781 1
1172 1419 1536 1
1563 2090 2091 1
290 1979 3130 1
1533 892 1706 1
1320 929 2527 1
2378 938 2504 1
2364 1717 2782 1
1535 1423 1882 1
522 525 2626 1
913 914 2542 1
1095 1292 1329 1
116 2470 2471 1
1716 1460 1717 1
2429 61 2515 1
2318 2102 2673 1
873 870 2250 1
1530 1418 2420 1
726 772 773 1
1309 1433 1677 1
1274 1081 1542 1
736 738 741 1
430 428 431 1
1318 1398 1592 1
2671 1031 2692 1
1521 855 2605 1
831 763 832 1
817 819 820 1
232 261 2524 1
1393 1395 1399 1
885 470 2414 1
1304 1305 1520 1
852 851 1085 1
1151 1437 1528 1
2423 2007 2424 1
507 509 930 1
1813 1812 1973 1
1712 2010 2053 1
1082 1318 2490 1
815 817 2457 1
1506 1205 1507 1
2385 2329 2386 1
1247 1102 2507 1
736 741 2463 1
825 823 826 1
1329 1292 2423 1
456 458 2412 1
718 720 735 1
528 530 531 1
222 223 269 1
900 903 2450 1
339 2445 2446 1
1315 1314 2544 1
1296 1297 1385 1
979 978 980 1
2467 481 2676 1
452 454 455 1
1811 1810 1812 1
1086 1222 1223 1
903 1095 2450 1
1292 1512 2423 1
886 456 2412 1
652 653 654 1
1156 1405 1406 1
439 438 440 1
1396 1377 1621 1
1651 1819 1890 1
1763 1349 1764 1
977 938 978 1
1326 1765 1766 1
1095 2256 2450 1
2655 1634 2783 1
2325 942 2529 1
1386 1388 1392 1
1138 832 1140 1
1239 1787 1788 1
599 567 1159 1
455 456 886 1
2457 2400 2485 1
908 907 2366 1
1404 1832 1833 1
217 218 272 1
821 822 823 1
971 972 973 1
1512 2007 2423 1
1099 1266 2580 1
1729 1730 1731 1
1130 1036 1209 1
1337 1247 1529 1
964 1101 2436 1
1221 1220 1377 1
714 716 717 1
1102 1027 1330 1
2559 911 2597 1
643 641 754 1
1622 890 2009 1
1328 1078 2164 1
221 222 2448 1
1128 1198 1331 1
1188 1051 1189 1
2184 2186 2278 1
648 650 651 1
820 819 821 1
550 545 2303 1
847 845 1051 1
1567 2573 2623 1
491 488 2458 1
960 956 1220 1
69 70 309 1
195 335 2465 1
1818 1613 2153 1
707 708 709 1
1522 1249 1523 1
1536 1419 1737 1
746 732 1771 1
2476 1548 2635 1
814 815 935 1
1274 1542 1543 1
2118 3092 3140 1
1862 1539 1877 1
676 681 2489 1
434 435 436 1
1576 1574 1577 1
762 624 763 1
1619 2784 3198 1
1538 1257 1539 1
792 793 794 1
895 894 2441 1
1465 1464 1810 1
1476 1474 2525 1
2358 1515 3161 1
1331 1461 1709 1
2276 731 2563 1
121 122 2445 1
1068 921 1069 1
420 419 2477 1
1486 1879 1880 1
1302 1189 1303 1
1369 1438 1549 1
1440 1439 1441 1
1256 1069 1257 1
1381 1380 1634 1
1020 1019 1021 1
827 826 894 1
485 482 2466 1
833 520 2626 1
651 650 652 1
1492 1300 1615 1
806 782 1036 1
808 809 810 1
973 972 2380 1
769 768 770 1
907 1127 1187 1
1095 1329 2256 1
1080 1079 1228 1
811 813 814 1
710 712 713 1
2351 1061 2765 1
475 476 2549 1
1520 2372 2373 1
818 816 1079 1
826 823 2456 1
331 221 2448 1
54 2496 2498 1
426 424 427 1
918 471 2533 1
1248 1223 1249 1
422 420 423 1
1215 1295 1296 1
1669 1659 1864 1
1265 1129 1342 1
1344 1303 1464 1
448 450 451 1
640 639 641 1
458 461 2412 1
537 535 2646 1
1509 1532 1735 1
765 753 766 1
98 301 2610 1
179 180 2711 1
2010 1865 3249 1
690 688 938 1
64 344 2636 1
206 2398 2449 1
728 723 921 1
783 807 808 1
111 112 2596 1
1283 1228 1413 1
803 804 1060 1
839 798 840 1
419 416 2531 1
1452 1555 1670 1
1009 1171 2484 1
1187 1298 1442 1
1632 1325 1843 1
261 2259 2524 1
2484 1171 2903 1
1322 1428 2622 1
452 455 2547 1
1582 1583 1584 1
725 601 2660 1
823 822 2456 1
852 1085 1086 1
440 442 443 1
894 1172 2441 1
1080 1283 1738 1
817 820 2457 1
525 526 897 1
821 819 822 1
2400 1547 2476 1
495 892 1533 1
1403 1726 1727 1
843 841 844 1
2207 1697 3211 1
1658 1657 1659 1
894 826 1081 1
2602 645 2642 1
896 2401 2503 1
834 833 851 1
1783 1781 1913 1
884 2209 2545 1
700 701 1668 1
1542 1081 2456 1
1764 1349 2530 1
1172 1081 1274 1
901 895 2441 1
650 649 2464 1
2634 2328 2706 1
1220 956 2611 1
894 1081 1172 1
2333 2334 2335 1
1497 1363 1649 1
213 214 2459 1
1570 1016 2030 1
2302 1521 2402 1
444 446 447 1
1426 1719 1997 1
424 423 2495 1
703 706 707 1
750 744 751 1
1771 732 2556 1
142 143 2444 1
810 809 811 1
932 888 933 1
1374 1324 2622 1
1546 1545 2443 1
2103 1494 2104 1
817 818 819 1
1250 1423 1535 1
1003 1005 2482 1
2190 310 2856 1
593 594 2129 1
1379 1381 2601 1
1172 1274 1419 1
322 2233 2234 1
1196 1197 1232 1
912 911 2559 1
1959 1546 2330 1
934 933 1872 1
418 416 419 1
436 438 439 1
1326 1766 2514 1
1541 1320 2527 1
1379 1181 1380 1
1797 2644 2645 1
423 420 2477 1
867 858 868 1
1855 1662 2726 1
1914 1913 1915 1
1737 1419 2003 1
1928 1449 2357 1
1081 826 2456 1
781 784 785 1
605 606 1010 1
222 269 2448 1
796 794 797 1
1777 1733 1780 1
864 865 866 1
814 813 815 1
907 905 1127 1
430 431 432 1
2278 2186 2279 1
1485 2133 2599 1
53 54 2498 1
911 908 2366 1
207 278 2398 1
815 816 817 1
818 1079 1080 1
610 607 931 1
558 828 2461 1
1146 1147 1219 1
249 250 254 1
1785 1770 2370 1
1080 1228 1283 1
1714 891 2189 1
927 928 1141 1
54 55 2496 1
748 749 764 1
1175 1284 2607 1
2330 1546 2443 1
489 890 1622 1
2493 901 2569 1
1996 2417 2633 1
902 901 2493 1
1652 1400 1653 1
638 639 640 1
1298 1127 1734 1
1779 1377 2500 1
92 306 2538 1
1598 1740 1741 1
1592 1398 1770 1
1278 1077 1545 1
1283 1413 1682 1
696 697 2508 1
1953 893 1954 1
1545 1077 2481 1
808 807 809 1
1362 1364 1426 1
721 722 1006 1
1363 1315 2544 1
1756 1442 2437 1
968 931 1070 1
169 170 292 1
975 1035 2380 1
817 816 818 1
1086 1223 1248 1
946 945 964 1
972 975 2380 1
1535 1882 1883 1
815 813 816 1
1345 1240 1429 1
944 943 945 1
1034 976 2566 1
1757 1449 1928 1
461 2730 2762 1
1232 1233 1460 1
214 333 2459 1
1174 1173 2266 1
1094 1070 1240 1
2023 1635 2029 1
655 654 656 1
1313 1315 1361 1
853 512 2131 1
427 424 2495 1
1100 1098 2300 1
231 232 2524 1
511 513 515 1
733 747 748 1
811 809 812 1
1605 1791 1801 1
1463 1276 1534 1
1246 1002 2409 1
730 731 2276 1
927 925 928 1
697 699 700 1
1176 1431 1432 1
12 13 2215 1
167 168 348 1
939 1176 2492 1
596 604 605 1
1248 1249 1522 1
479 480 2528 1
1576 1577 1578 1
1517 2383 2534 1
773 774 775 1
1580 1581 1582 1
1318 1592 2490 1
1508 1509 2421 1
1494 1265 2474 1
875 868 876 1
1347 1346 1573 1
1816 1385 2379 1
939 886 1093 1
1617 921 2516 1
1187 1127 1298 1
2422 2421 3053 1
1168 1402 1403 1
1442 1298 1926 1
667 670 678 1
770 778 779 1
1270 777 2660 1
647 645 2602 1
523 521 1840 1
992 993 1136 1
806 1036 1130 1
741 738 742 1
862 863 864 1
1128 915 1198 1
1142 928 1346 1
1509 1735 2421 1
1506 1507 1508 1
1695 918 2533 1
1607 1606 1921 1
1278 1546 1648 1
1729 1727 1730 1
507 930 2535 1
735 720 736 1
1266 1607 2580 1
1082 948 1203 1
1129 935 2485 1
1137 1218 1312 1
614 616 721 1
433 432 434 1
433 1077 1275 1
2384 1732 2751 1
1130 1209 1325 1
848 503 2138 1
1482 1480 2552 1
204 332 2473 1
2573 692 2623 1
1176 1093 1304 1
455 939 2547 1
693 695 696 1
1578 1579 1580 1
465 466 2577 1
792 787 793 1
2327 2328 2767 1
1988 1710 1989 1
1248 1522 1554 1
1414 2390 2721 1
1533 1706 1987 1
1399 1395 1400 1
1073 1156 2542 1
1342 1129 2485 1
947 885 948 1
2038 2039 2040 1
705 702 943 1
686 687 986 1
608 611 613 1
1404 1169 1832 1
1265 1342 2474 1
412 410 413 1
426 427 428 1
935 2457 2485 1
1636 2024 2028 1
1551 1406 1552 1
811 812 813 1
2408 2407 3135 1
724 729 730 1
746 1771 2487 1
1079 816 2479 1
689 691 692 1
950 951 952 1
1761 1431 2044 1
451 452 2547 1
1214 1152 1332 1
1529 1247 2507 1
2135 740 2770 1
1702 1552 1892 1
1648 1959 2045 1
1435 1556 2016 1
471 468 2533 1
411 949 950 1
484 486 2483 1
1397 1317 1671 1
1855 2726 3003 1
834 851 852 1
2073 1774 2890 1
1180 1378 1605 1
1525 1687 2519 1
652 654 655 1
525 1681 2626 1
1731 1730 1826 1
2430 2429 2515 1
1090 918 1695 1
590 592 593 1
1703 967 1704 1
1671 1317 2539 1
2143 2144 2275 1
731 733 2563 1
798 797 2419 1
1278 1545 1546 1
603 595 967 1
1219 1339 1367 1
433 434 1077 1
813 812 2479 1
2104 2474 2475 1
1519 1517 2534 1
855 857 2605 1
1326 1632 1765 1
1173 1335 1336 1
297 2093 2094 1
1196 923 1197 1
483 888 932 1
1700 2075 2501 1
459 917 2536 1
697 700 2508 1
983 1030 1058 1
578 580 622 1
506 504 2535 1
1469 1467 1471 1
1221 1377 1396 1
2205 2828 2843 1
479 2528 2624 1
1176 1432 2492 1
929 927 2527 1
1538 1539 1862 1
822 819 2488 1
2169 1834 3085 1
173 174 281 1
2061 2067 2651 1
66 67 263 1
638 637 639 1
434 436 2481 1
1232 1197 1233 1
1442 1926 2437 1
1673 1294 1710 1
1141 1376 2451 1
205 206 2449 1
1080 1738 2488 1
1256 1257 1538 1
766 767 768 1
1275 1077 1278 1
1392 1388 1393 1
1077 434 2481 1
1068 1069 1256 1
1331 1198 1461 1
2623 2511 2733 1
2443 1545 2560 1
1130 1325 1326 1
1775 1773 1856 1
490 492 2455 1
1233 1197 1349 1
677 680 682 1
414 413 415 1
717 716 718 1
2104 1494 2474 1
683 685 686 1
2109 850 3151 1
672 674 966 1
1350 1349 1763 1
2316 1674 3114 1
327 12 2215 1
1554 1522 1903 1
261 2258 2259 1
584 586 612 1
2491 3009 3044 1
275 213 2459 1
662 668 2301 1
2902 353 3078 1
408 406 409 1
558 557 559 1
819 818 2488 1
905 902 2493 1
637 635 740 1
1575 1576 2502 1
1163 830 2666 1
794 793 2554 1
659 658 660 1
728 921 1068 1
429 428 430 1
1432 1431 1761 1
783 806 807 1
1923 1645 1957 1
422 423 424 1
2056 2057 2058 1
930 2339 3007 1
709 708 710 1
781 779 784 1
715 2835 2860 1
1326 1325 1632 1
2333 1246 2334 1
1648 1546 1959 1
455 886 939 1
914 1073 2542 1
960 1220 1221 1
1559 1145 1560 1
418 419 420 1
1385 1297 1386 1
1156 1406 1551 1
2044 1431 2537 1
890 2455 2590 1
2087 1644 2088 1
707 898 2553 1
1576 1578 1708 1
852 1086 2480 1
1554 1903 1904 1
1141 1142 1376 1
1383 1384 1679 1
939 1093 1176 1
2375 283 2377 1
1233 1349 1350 1
940 1306 1550 1
713 712 714 1
492 495 2455 1
1717 1460 1889 1
816 813 2479 1
1156 1551 2542 1
1050 1021 1052 1
1347 1574 1575 1
1176 1304 1431 1
751 752 753 1
954 955 958 1
2133 1900 2134 1
1551 1552 1702 1
663 662 664 1
1385 1386 2379 1
952 953 954 1
666 664 2440 1
1852 1414 2532 1
663 665 985 1
1401 1394 1869 1
648 651 2586 1
636 637 638 1
1675 1421 2505 1
822 2488 2568 1
1263 1449 1757 1
856 1564 2578 1
1520 2373 2374 1
578 622 2468 1
2344 1561 2345 1
1005 1250 2482 1
642 704 2663 1
443 444 2595 1
1701 2034 2582 1
818 1080 2488 1
931 607 2600 1
748 747 749 1
203 204 2473 1
476 479 2549 1
1762 3065 3070 1
1491 557 2646 1
478 477 2676 1
783 782 806 1
1296 1295 1297 1
1720 2559 2597 1
745 638 2672 1
430 432 433 1
2347 657 2804 1
495 1533 2455 1
1733 1731 2478 1
785 784 896 1
1734 2493 2569 1
707 706 708 1
388 380 2854 1
1336 1569 1590 1
770 768 778 1
1461 1198 1720 1
932 933 934 1
1609 757 1693 1
1058 1225 1226 1
605 1011 2572 1
1347 1573 1574 1
1146 1008 1147 1
1142 1346 1347 1
957 961 1565 1
2441 1536 2569 1
1318 1397 1398 1
1421 1320 1541 1
756 755 782 1
756 782 783 1
749 747 755 1
486 489 2483 1
779 778 2529 1
1141 928 1142 1
527 524 2341 1
1167 1410 1411 1
404 402 405 1
1734 1127 2493 1
1361 1315 1362 1
742 743 744 1
1731 1826 2478 1
1461 1720 1721 1
1082 1317 1318 1
690 938 977 1
992 990 993 1
988 986 1567 1
17 18 294 1
531 532 533 1
1127 905 2493 1
2488 1738 2568 1
1403 1402 1726 1
977 978 979 1
1310 1184 2727 1
71 72 350 1
897 526 2439 1
1655 1656 1657 1
1426 1364 1719 1
896 784 942 1
927 1141 2527 1
275 2459 2768 1
1227 1299 1425 1
749 755 756 1
591 589 757 1
1368 1191 1369 1
840 798 2419 1
915 912 2559 1
1070 931 2703 1
766 753 767 1
797 794 2554 1
2034 1700 2501 1
1656 1654 1820 1
932 934 1558 1
1545 2481 2560 1
834 852 1216 1
1168 942 1205 1
421 420 422 1
979 980 981 1
1653 1654 1655 1
808 810 2714 1
1312 1218 1313 1
665 664 666 1
1649 1363 2544 1
1089 1099 2580 1
1226 1612 1613 1
1256 1538 1540 1
1346 928 2526 1
1402 1205 1506 1
787 785 2503 1
1136 993 1137 1
426 428 429 1
1576 1708 2502 1
1508 2421 2422 1
881 1166 1167 1
425 424 426 1
704 644 2631 1
1575 1574 1576 1
751 744 752 1
143 322 2444 1
1125 1242 1243 1
1381 1636 2601 1
1159 567 2629 1
1999 1638 2000 1
1094 1240 1345 1
1082 1203 1317 1
700 699 701 1
393 969 2486 1
2140 1457 2452 1
2310 2311 2587 1
1152 964 2436 1
730 729 731 1
533 534 1593 1
998 996 2617 1
1779 2500 2780 1
1012 1010 1705 1
634 635 636 1
947 948 1082 1
860 1096 2605 1
1250 1535 2482 1
2275 256 2756 1
1725 1875 1976 1
733 732 746 1
1555 2351 2908 1
1182 1047 1183 1
3159 2358 3161 1
636 635 637 1
670 669 671 1
939 2492 2547 1
950 949 951 1
731 729 732 1
1332 1152 2436 1
1234 1052 1235 1
736 737 738 1
1470 1472 2746 1
436 439 2481 1
610 931 968 1
396 394 397 1
469 885 947 1
1137 993 1217 1
968 1070 1094 1
1219 1147 1339 1
489 1622 2483 1
414 415 416 1
2481 439 2560 1
667 666 669 1
1780 1733 2478 1
588 2261 2606 1
721 616 722 1
526 528 2439 1
1624 1441 1795 1
1313 1218 1314 1
1189 1051 1190 1
13 14 291 1
1086 1248 2480 1
1473 1475 2638 1
896 942 1168 1
733 746 747 1
2172 2173 2936 1
656 658 659 1
1318 1317 1397 1
400 398 401 1
692 691 693 1
1362 1315 1363 1
784 779 2529 1
2085 1916 3236 1
696 695 697 1
422 424 425 1
1006 722 2565 1
1439 1062 2696 1
1398 1397 1718 1
376 564 2812 1
1659 1657 1660 1
418 420 421 1
2362 2680 2706 1
241 242 2643 1
1084 1083 1191 1
1168 1205 1402 1
1381 1634 1635 1
718 719 720 1
663 664 665 1
686 685 687 1
866 869 870 1
731 732 733 1
925 739 2526 1
2722 1857 2864 1
1921 1606 2540 1
1139 1277 1383 1
1651 1503 1819 1
1558 934 2432 1
923 764 2530 1
682 680 683 1
724 723 728 1
742 738 743 1
807 806 2514 1
322 2234 2444 1
613 611 614 1
2041 2213 3034 1
679 676 2489 1
722 616 723 1
480 483 2528 1
634 633 635 1
1447 1396 1784 1
646 648 2586 1
1316 1684 1686 1
709 710 2520 1
785 896 2503 1
1379 1380 1381 1
672 671 673 1
1637 1638 1998 1
1606 1886 2540 1
1304 1520 2537 1
1464 1303 1650 1
806 1130 2514 1
1162 1163 1164 1
1248 1554 2480 1
967 595 2615 1
1663 2071 2612 1
585 583 727 1
1446 1444 1772 1
1094 1345 1357 1
1759 2526 2602 1
2390 2479 2658 1
643 754 2642 1
705 943 944 1
944 945 946 1
1801 1791 2219 1
736 720 737 1
928 925 2526 1
632 633 634 1
1221 1396 1447 1
2401 1728 2670 1
957 956 960 1
1362 1363 1364 1
946 964 1152 1
955 953 956 1
1137 1217 1218 1
1767 1391 1768 1
412 413 414 1
1367 1339 1600 1
2335 2334 2339 1
1653 1400 1654 1
1066 1065 2616 1
1169 709 2520 1
1130 1326 2514 1
687 685 688 1
597 598 621 1
1348 1844 1845 1
1364 1363 1497 1
1393 1394 1395 1
2456 822 2568 1
714 715 716 1
1216 852 2480 1
677 676 679 1
1989 106 3050 1
1339 1147 1599 1
1313 1314 1315 1
670 671 672 1
1605 1801 2752 1
2334 1246 2409 1
1207 1323 2599 1
683 680 684 1
733 748 2563 1
2040 2039 2041 1
417 416 418 1
1605 1378 1791 1
1056 1055 1083 1
667 669 670 1
1173 1014 1335 1
1198 915 2559 1
539 540 542 1
1357 1391 1767 1
1431 1304 2537 1
724 728 729 1
2245 401 2725 1
1822 1595 2692 1
2689 2125 2748 1
1401 1869 1870 1
722 723 724 1
901 2441 2569 1
962 958 1049 1
614 611 615 1
1752 1750 1809 1
665 666 667 1
18 19 2609 1
1065 962 2562 1
1118 1120 1121 1
1164 1165 1271 1
415 940 2531 1
1039 1038 1040 1
674 673 676 1
1266 1606 1607 1
1999 2000 2349 1
1386 1387 1388 1
1043 1042 1044 1
1180 1605 2608 1
1045 1044 1055 1
1677 1433 2521 1
718 716 719 1
762 763 831 1
579 577 790 1
112 267 2596 1
544 545 550 1
952 951 953 1
1542 2456 2568 1
2121 2120 2123 1
1673 1710 1988 1
332 205 2449 1
519 833 834 1
1655 1654 1656 1
810 2382 2743 1
980 983 2506 1
1447 1784 1906 1
605 604 606 1
1656 1820 1846 1
1357 1345 1391 1
2108 2109 3083 1
1041 1040 1042 1
710 711 712 1
520 522 2626 1
1203 1263 2539 1
2301 1521 2302 1
1608 1374 2622 1
1998 1638 1999 1
714 712 715 1
710 708 711 1
1916 2732 3236 1
603 967 1703 1
876 1210 1637 1
812 2603 2658 1
528 531 2439 1
701 699 702 1
1393 1388 1394 1
793 787 2503 1
1963 1966 3254 1
97 98 2610 1
1565 961 1876 1
542 543 544 1
1197 923 2530 1
2276 1516 2758 1
565 566 597 1
1703 1704 2491 1
1561 1560 2513 1
954 953 955 1
1483 1476 2525 1
693 691 694 1
1084 1368 1486 1
554 555 565 1
1010 606 2584 1
677 679 680 1
614 615 616 1
414 416 417 1
687 688 689 1
689 688 690 1
1271 1273 1500 1
1603 1692 2633 1
194 195 2465 1
2619 2337 3207 1
951 949 1568 1
1386 1297 1387 1
754 641 2634 1
674 676 677 1
3043 2122 3198 1
943 702 2564 1
660 662 663 1
701 702 703 1
1349 1197 2530 1
1630 1260 1827 1
990 988 2548 1
703 705 706 1
812 809 2603 1
981 980 2506 1
1500 1544 2269 1
697 695 698 1
672 673 674 1
1037 973 1038 1
1028 1144 1149 1
724 730 2565 1
2514 1766 2603 1
1601 1174 2266 1
689 690 691 1
416 415 2531 1
942 784 2529 1
730 2276 2710 1
1764 2530 2614 1
946 1152 1153 1
619 617 2107 1
876 868 1210 1
1015 1175 2607 1
1832 1169 2520 1
408 409 410 1
1592 1785 2700 1
2362 1573 2680 1
831 832 1138 1
14 15 2551 1
1350 1763 2592 1
392 391 393 1
1607 1921 1922 1
390 389 391 1
689 692 2573 1
2657 1540 2704 1
593 592 594 1
697 698 699 1
2636 344 2958 1
1858 1562 1859 1
1317 1203 2539 1
1467 884 2545 1
1673 1988 1990 1
385 384 386 1
1759 2602 2642 1
1560 1563 2513 1
683 684 685 1
1395 1394 1401 1
1520 2374 2537 1
746 2487 2543 1
483 932 2528 1
1084 1191 1368 1
1486 1641 1879 1
1864 1659 2561 1
1215 1294 1295 1
465 2577 2700 1
958 955 2598 1
130 334 2731 1
1388 1387 2546 1
381 380 382 1
1793 1792 1874 1
955 956 957 1
1720 1198 2559 1
1637 1210 1638 1
957 960 961 1
1463 1534 1902 1
575 573 1059 1
986 687 2573 1
1710 1294 2585 1
1153 1214 1215 1
1180 981 1181 1
600 625 626 1
692 2510 2623 1
703 702 705 1
444 447 2595 1
1331 1709 2693 1
1667 1629 1792 1
1341 1245 1443 1
940 1550 2531 1
1214 1332 2585 1
693 694 695 1
551 568 1610 1
1008 1006 2550 1
411 412 949 1
387 386 389 1
739 647 2602 1
608 610 611 1
699 698 2564 1
2528 1558 2624 1
1679 1384 1804 1
1794 1853 2076 1
677 682 2581 1
383 382 384 1
608 607 610 1
646 2586 2631 1
1153 1152 1214 1
404 405 406 1
411 950 2570 1
1019 1017 2687 1
307 63 2636 1
979 981 1180 1
466 469 2577 1
1667 1793 1794 1
2240 2241 3109 1
1227 1097 1299 1
2763 740 2767 1
1560 1562 1563 1
630 631 632 1
631 629 758 1
1076 1229 1282 1
1563 1858 2090 1
1190 2085 2847 1
1582 1584 1633 1
1421 1541 2505 1
755 747 2543 1
1485 1900 2133 1
1433 1435 2521 1
608 613 2584 1
1486 1368 1641 1
632 631 633 1
1134 1100 2300 1
1879 1641 1881 1
2413 272 2980 1
1324 1322 2622 1
1336 1335 1569 1
1161 1382 1407 1
1774 2799 2890 1
1869 1394 2546 1
1567 986 2573 1
1180 1181 1378 1
807 2514 2603 1
1376 1142 2567 1
1347 1575 2567 1
747 746 2543 1
628 629 630 1
1295 1294 1673 1
829 1161 2594 1
504 507 2535 1
1400 1395 2571 1
1993 1994 1995 1
1273 1430 3128 1
1215 1214 1294 1
411 410 412 1
1378 1181 1379 1
966 674 2581 1
1263 1757 2539 1
983 1058 2506 1
369 368 370 1
1614 1613 1818 1
1891 1328 2164 1
1590 1569 1674 1
809 807 2603 1
377 376 378 1
728 1068 2556 1
722 724 2565 1
2530 764 2614 1
2051 1809 3233 1
1023 1024 1145 1
2029 1635 2655 1
606 604 607 1
620 761 788 1
1705 1010 2584 1
911 2366 2597 1
1056 1083 1084 1
280 203 2473 1
379 378 380 1
1471 1467 2545 1
1226 1613 1614 1
960 1221 2558 1
1636 2028 2601 1
1370 1736 1901 1
932 1558 2528 1
1381 1635 1636 1
606 607 608 1
1412 1287 2748 1
154 155 3123 1
1045 1056 1067 1
591 757 1609 1
1342 2476 2635 1
2550 1006 2565 1
407 406 408 1
1722 2190 3242 1
1994 1270 2660 1
408 410 411 1
1684 1337 1685 1
1636 1635 2023 1
1316 1247 1337 1
988 1567 2548 1
1144 1102 1247 1
1343 1213 2766 1
1018 1019 1020 1
404 406 407 1
1028 1027 1102 1
2526 739 2602 1
550 2303 2629 1
993 990 2548 1
1686 1684 2052 1
2417 1603 2633 1
1569 1335 1790 1
367 366 368 1
1142 1347 2567 1
2253 1496 2618 1
23 24 310 1
612 586 2606 1
596 603 604 1
407 408 2570 1
626 627 628 1
373 372 374 1
104 300 2759 1
375 374 376 1
1636 2023 2024 1
1838 1799 1839 1
1425 1299 1798 1
749 756 2614 1
1026 1025 1027 1
1634 1380 2747 1
1041 1043 1251 1
776 803 2699 1
2618 1496 2829 1
1107 1105 1258 1
1147 1008 2550 1
732 729 2556 1
1045 1055 1056 1
644 646 2631 1
596 595 603 1
630 629 631 1
1024 882 1025 1
1043 1044 1045 1
400 401 402 1
1435 2016 2521 1
729 728 2556 1
1321 1206 1358 1
783 808 2686 1
2474 1342 2635 1
764 749 2614 1
2714 810 2743 1
1394 1388 2546 1
1667 1792 1793 1
1979 290 3136 1
947 2490 2577 1
371 370 372 1
1041 1042 1043 1
1820 1654 2571 1
668 1521 2301 1
874 873 877 1
365 364 366 1
1253 1618 1620 1
957 1565 2598 1
594 592 595 1
1950 1949 2375 1
2603 1766 2658 1
1330 1027 2723 1
396 397 398 1
1804 1384 1805 1
789 1017 1018 1
1798 1299 1799 1
1560 1145 1562 1
1659 1660 2561 1
2288 2290 2817 1
1383 1277 1384 1
1660 1657 2591 1
461 462 2730 1
878 882 1023 1
1533 1987 2590 1
2680 754 2706 1
1745 1744 1746 1
645 643 2642 1
1039 1040 1041 1
2143 2275 2756 1
1719 1364 2574 1
1794 1793 1853 1
702 699 2564 1
1475 1929 2638 1
594 595 596 1
1657 1656 2591 1
1563 1562 1858 1
870 879 2250 1
1628 1629 1666 1
1889 1460 2656 1
1217 993 2548 1
1858 1859 1860 1
1233 1350 2656 1
1262 998 2617 1
1037 1039 1611 1
397 394 2486 1
573 563 2709 1
1364 1497 2574 1
628 627 629 1
2517 615 2579 1
469 947 2577 1
641 639 2634 1
2199 1788 2753 1
687 689 2573 1
1297 1295 2575 1
1289 1291 2689 1
1161 1407 2594 1
412 414 2557 1
1395 1401 2571 1
1316 1337 1684 1
1144 1247 1316 1
1028 1102 1144 1
1049 958 2598 1
2614 756 2686 1
1594 1593 1595 1
2345 1561 2513 1
400 402 403 1
1859 1562 2621 1
2455 1533 2590 1
955 957 2598 1
3113 1864 3119 1
2877 307 2899 1
1026 1027 1028 1
403 402 404 1
961 960 2558 1
1596 1595 1699 1
913 2542 2627 1
949 412 2557 1
878 877 881 1
871 874 1029 1
2990 1794 3039 1
962 1049 2562 1
610 968 2579 1
1037 1038 1039 1
1851 2647 2978 1
549 553 554 1
1654 1400 2571 1
1724 1411 1725 1
1594 1596 1628 1
590 591 592 1
1457 1598 2452 1
674 677 2581 1
1599 1147 2550 1
2387 453 2764 1
2630 1614 2747 1
615 611 2579 1
201 202 2817 1
1666 1629 1667 1
1221 1447 2558 1
338 50 2828 1
1536 1737 2769 1
525 897 1681 1
2017 2018 2620 1
563 561 2709 1
1798 1799 1838 1
971 973 1037 1
625 624 762 1
536 538 539 1
394 393 2486 1
302 2365 2861 1
1945 1943 1946 1
600 599 624 1
1014 1012 2589 1
690 977 2583 1
611 610 2579 1
1463 1902 1958 1
868 858 2578 1
392 393 394 1
1024 1025 1026 1
2328 2634 2763 1
871 870 873 1
1551 1702 2627 1
1947 1946 1949 1
2475 2474 2635 1
396 398 399 1
1157 2304 2688 1
15 342 2551 1
1025 2653 2723 1
626 625 627 1
1277 1276 1463 1
1873 1425 2613 1
1771 2556 2657 1
606 608 2584 1
2784 2469 3198 1
1212 2408 2664 1
1408 1374 1608 1
600 624 625 1
1779 2780 2816 1
568 567 599 1
1841 1382 1842 1
691 690 2583 1
2144 1685 2668 1
1294 1214 2585 1
590 589 591 1
1771 2657 2704 1
399 398 400 1
182 183 2771 1
2297 325 2793 1
1338 775 1625 1
1295 1673 2575 1
1337 1529 2668 1
2653 1724 2723 1
1656 1846 2591 1
21 22 2864 1
1139 1138 1276 1
390 391 392 1
408 411 2570 1
1256 1540 2657 1
2616 1065 2750 1
1508 2422 2661 1
178 179 268 1
858 856 2578 1
1568 949 2557 1
834 1216 2619 1
694 691 2583 1
1645 801 2512 1
1673 1990 2575 1
1897 2643 3027 1
447 448 2744 1
360 361 362 1
1012 1705 2589 1
481 478 2676 1
1167 1411 1724 1
1023 882 1024 1
1588 2362 2706 1
299 194 2465 1
1456 1229 3214 1
1670 1555 2593 1
2123 622 3104 1
16 17 2649 1
568 599 600 1
551 550 567 1
640 642 2663 1
777 725 2660 1
831 1138 1139 1
1387 1297 2575 1
387 389 390 1
395 394 396 1
588 589 590 1
2549 479 2624 1
1062 804 2696 1
2095 1439 2696 1
2216 1293 3034 1
392 394 395 1
1980 2094 3021 1
1139 1276 1277 1
640 2663 2672 1
874 877 878 1
2004 2006 2892 1
1339 1599 2604 1
2121 2123 2124 1
2303 547 2669 1
385 386 387 1
1282 1455 1688 1
829 621 830 1
1460 1233 2656 1
1017 1148 2687 1
1872 3019 3080 1
1359 2120 2121 1
1210 868 2578 1
864 866 2701 1
1407 1382 1841 1
956 953 2611 1
533 1593 1594 1
2542 1551 2627 1
586 587 588 1
1972 2149 2791 1
414 417 2557 1
1316 1686 2625 1
1742 1744 1745 1
602 726 2698 1
190 277 2681 1
584 585 586 1
1600 1339 2604 1
1125 1123 1242 1
588 587 589 1
793 2503 2670 1
1593 534 2671 1
1725 1976 1977 1
860 862 1096 1
1425 1798 2613 1
1685 1337 2668 1
2416 778 2716 1
871 873 874 1
114 340 2778 1
1628 1596 1629 1
1764 2614 2686 1
383 384 385 1
1111 1109 1150 1
2983 294 3002 1
1488 1927 2982 1
307 2636 2899 1
586 585 587 1
2288 2817 3037 1
2102 2110 2673 1
1594 1595 1596 1
603 1703 2600 1
1338 1960 1961 1
878 881 882 1
2642 754 2680 1
381 382 383 1
2121 2124 2125 1
519 834 2619 1
551 567 568 1
544 550 551 1
1847 1722 2902 1
2958 344 3006 1
1335 1014 2589 1
1161 830 1162 1
1506 1508 2661 1
1068 1256 2657 1
560 559 561 1
1635 1634 2655 1
584 583 585 1
2460 2506 2630 1
582 583 584 1
2460 2630 2747 1
951 1568 2611 1
977 979 2608 1
1598 1741 2452 1
790 577 2648 1
2577 2490 2700 1
73 74 276 1
953 951 2611 1
1050 1052 1234 1
1709 1461 2739 1
2479 812 2658 1
1957 1645 2512 1
1020 1021 1050 1
2556 1068 2657 1
604 603 2600 1
597 621 829 1
866 871 2701 1
1691 2541 2768 1
1097 1066 2616 1
1139 1383 2645 1
778 768 2716 1
607 604 2600 1
1941 1939 1942 1
602 2698 2788 1
554 565 1352 1
1945 1947 1948 1
267 113 2778 1
2799 1775 2800 1
379 380 381 1
580 581 582 1
1118 1115 1120 1
1234 1235 1553 1
189 190 2681 1
1063 1211 2765 1
385 387 569 1
2503 2401 2670 1
2031 2690 3137 1
1093 886 2774 1
2587 2311 2745 1
979 1180 2608 1
582 581 583 1
1149 1144 2625 1
229 2364 2782 1
1993 1270 1994 1
1627 1816 2820 1
578 579 580 1
917 2387 3203 1
1164 1271 1272 1
1366 1252 1537 1
1947 1949 1950 1
93 94 2719 1
191 192 2761 1
539 542 1031 1
829 830 1161 1
1243 1242 1348 1
789 1018 2702 1
1084 1486 2637 1
1279 994 2786 1
1161 1162 1382 1
576 577 578 1
1845 1844 1986 1
1200 1453 1866 1
517 519 2619 1
2554 793 2670 1
1145 1024 2621 1
377 378 379 1
580 579 581 1
638 640 2672 1
1914 2085 2836 1
1058 1226 2630 1
266 228 2782 1
1562 1145 2621 1
2580 1607 2707 1
575 1059 2648 1
1573 1759 2680 1
291 14 2551 1
2795 1756 2809 1
1706 1971 2794 1
2730 1785 2762 1
829 2594 2678 1
86 345 2682 1
375 376 377 1
578 577 579 1
2597 1527 2683 1
2752 1801 2792 1
87 88 2677 1
586 588 2606 1
711 2789 2820 1
600 626 2632 1
1610 568 2632 1
1802 1981 3001 1
1641 2876 2959 1
1245 1243 2588 1
1206 1134 2628 1
1630 1827 1828 1
2913 2601 2970 1
2000 1638 2720 1
401 398 2725 1
1945 1946 1947 1
2777 1977 2814 1
1790 1335 2589 1
419 2531 2695 1
1941 1943 1944 1
1226 1614 2630 1
289 85 2682 1
2583 977 2608 1
1607 1922 2707 1
551 1610 2679 1
1697 2207 3085 1
1566 1331 2693 1
342 16 2649 1
574 575 576 1
379 381 623 1
85 86 2682 1
373 374 375 1
567 550 2629 1
279 2080 2891 1
595 592 2615 1
576 575 577 1
773 775 1338 1
2050 1119 3035 1
592 591 2615 1
1827 1260 2675 1
591 1609 2615 1
1025 882 2653 1
1121 1120 1259 1
2254 1783 2836 1
82 83 2973 1
639 637 2763 1
1064 1060 1199 1
2506 1058 2630 1
1067 1056 2637 1
2571 1401 2691 1
1299 1097 2616 1
1200 1199 1452 1
1144 1316 2625 1
2486 969 2654 1
369 370 371 1
371 372 373 1
1950 2295 3229 1
1937 1939 1940 1
1056 1084 2637 1
698 2792 2827 1
1937 1936 1938 1
797 2554 2751 1
1792 1629 2665 1
1730 1727 2775 1
2056 2058 2059 1
1088 2580 2707 1
1864 2561 3119 1
1024 1026 2621 1
367 368 369 1
881 1167 2653 1
756 783 2686 1
1878 1864 3113 1
1338 1625 1960 1
345 87 2677 1
2176 2214 2914 1
1045 1067 2641 1
1257 1069 2808 1
174 175 2712 1
762 831 2645 1
2746 1472 2972 1
992 1136 2786 1
2710 2276 2758 1
1842 1382 2684 1
2367 1626 2867 1
1862 3217 3237 1
633 2742 2770 1
2785 1767 2808 1
363 362 364 1
51 2522 2828 1
740 635 2770 1
844 2254 2830 1
887 527 2341 1
931 2600 2703 1
1251 1043 2641 1
969 971 2654 1
574 573 575 1
1543 1542 2813 1
365 366 367 1
1094 1357 2737 1
2076 1604 3031 1
803 1064 2699 1
1243 1348 2588 1
1978 2810 2814 1
1620 1618 2042 1
933 888 2849 1
1944 1943 1945 1
2550 2565 2710 1
1799 1299 2616 1
1721 1720 2683 1
2700 1785 2730 1
1043 1045 2641 1
1820 2571 2691 1
1041 1251 2650 1
258 2023 2984 1
1463 1958 2639 1
866 870 871 1
1759 2642 2680 1
1277 1463 2639 1
2578 1564 2720 1
1213 1301 2766 1
568 600 2632 1
618 620 2667 1
1862 1877 3217 1
625 762 2644 1
1805 1384 2639 1
621 598 2788 1
1384 1277 2639 1
165 166 304 1
1989 1710 2859 1
1134 2300 2628 1
1611 1039 2650 1
1941 1942 1943 1
1662 1415 1696 1
1401 1870 2691 1
2686 808 2714 1
1358 1206 2628 1
1889 2673 3172 1
2020 2286 3037 1
1978 265 2947 1
840 2403 2807 1
882 881 2653 1
2800 1775 2976 1
754 2634 2706 1
572 573 574 1
1028 1149 2740 1
2240 3109 3139 1
2324 2323 2912 1
945 943 2850 1
1594 1628 2697 1
705 944 2745 1
2379 2324 2860 1
627 625 2644 1
1589 1715 2728 1
1866 1453 2685 1
2977 3112 3127 1
181 182 311 1
2189 1817 3118 1
841 840 2807 1
1039 1041 2650 1
1596 1699 2665 1
2491 1704 3009 1
2128 2127 3166 1
633 631 2742 1
65 66 2713 1
1747 1746 1748 1
1541 2451 2705 1
830 621 2666 1
775 776 2699 1
878 1023 2662 1
1720 2597 2683 1
2390 2658 2721 1
1763 1764 2714 1
75 76 351 1
1037 1611 2654 1
84 289 1905 1
373 375 805 1
1799 2616 2750 1
1443 1245 2588 1
835 2975 3092 1
2435 2629 2734 1
1158 1157 2842 1
620 788 2667 1
1348 1242 1616 1
344 65 2713 1
2487 1771 2704 1
2025 258 3097 1
2531 1550 2695 1
2745 2311 2789 1
571 563 572 1
944 2587 2745 1
441 438 2839 1
172 173 2708 1
1029 874 2662 1
2930 2175 2985 1
1766 1765 2721 1
1065 2562 2750 1
1167 1724 2653 1
1050 1234 1327 1
768 767 2716 1
2372 1770 2821 1
1123 1121 2718 1
2040 2352 3101 1
1448 1310 2727 1
1441 1439 2095 1
2600 1703 2703 1
831 1139 2645 1
1330 2777 2814 1
1599 2550 2710 1
1703 2491 2703 1
971 1037 2654 1
832 1694 2927 1
1054 1087 3214 1
1259 1120 1260 1
1595 1593 2692 1
2579 968 2737 1
1940 1939 1941 1
369 371 1131 1
363 364 365 1
1200 1452 1453 1
2804 657 2832 1
2490 1592 2700 1
1966 1087 3254 1
562 561 563 1
1162 1164 2684 1
1935 1934 1936 1
129 130 2731 1
1629 1596 2665 1
1881 2842 3216 1
788 789 2702 1
577 575 2648 1
1348 1616 1844 1
175 176 2717 1
1937 1938 1939 1
1059 573 2709 1
2647 1851 3029 1
2554 2384 2751 1
2683 1756 2795 1
1165 1163 2749 1
1389 1343 1712 1
559 557 1491 1
845 844 2830 1
462 465 2730 1
549 554 2669 1
547 549 2669 1
1474 1470 2746 1
2658 1766 2721 1
1370 1260 1630 1
1410 2772 2803 1
1774 1775 2799 1
1382 1162 2684 1
2187 2278 2974 1
306 93 2719 1
8 9 2907 1
534 536 2671 1
874 878 2662 1
398 397 2725 1
542 544 2679 1
2644 762 2645 1
2737 1357 2785 1
565 597 2678 1
1210 2578 2720 1
1370 1630 1736 1
1638 1210 2720 1
1811 1814 3036 1
1822 2692 2846 1
536 539 2671 1
1018 1022 2702 1
2698 1961 2788 1
1259 1260 1370 1
1859 2621 2740 1
1689 1688 1888 1
1150 2160 3032 1
346 172 2708 1
871 1029 2701 1
2269 1544 2793 1
1121 1259 2718 1
2565 730 2710 1
1734 2569 2769 1
259 238 2873 1
1625 775 2699 1
2505 1541 2705 1
1970 1624 3002 1
554 1352 2669 1
2538 306 2724 1
2241 2243 3071 1
1291 1359 2689 1
803 1060 1064 1
1064 1199 1200 1
1806 1651 2934 1
1770 1398 2821 1
27 28 312 1
711 708 2789 1
1287 1289 2748 1
1704 2151 3009 1
1935 1936 1937 1
531 533 2697 1
294 18 2609 1
1763 2714 2743 1
1018 1020 1022 1
1115 1113 2675 1
2718 1259 2806 1
698 695 2792 1
1764 2686 2714 1
2444 2234 2865 1
239 2229 2873 1
68 69 2736 1
726 773 2698 1
1572 1800 2035 1
1861 2415 2945 1
1314 2831 2855 1
362 1333 2640 1
1360 2386 3069 1
597 829 2678 1
2000 2720 2804 1
418 421 2816 1
539 1031 2671 1
2835 1816 2860 1
1724 1725 2777 1
448 451 2744 1
1741 1742 2823 1
544 551 2679 1
1338 1961 2698 1
1824 1823 2841 1
1164 1272 2684 1
1107 1258 2674 1
2621 1026 2740 1
1352 565 2678 1
2439 531 2697 1
1027 1025 2723 1
1061 1063 2765 1
103 104 2759 1
1109 1107 2674 1
2121 2125 2689 1
968 1094 2737 1
17 294 2649 1
1461 1721 2739 1
133 134 2866 1
2771 2168 3231 1
1370 1901 2806 1
2547 2492 2790 1
1618 1366 1619 1
365 367 1499 1
533 1594 2697 1
2546 1387 2802 1
879 1076 2250 1
2187 1842 3095 1
1567 2623 2733 1
1748 2787 3233 1
1211 1389 2765 1
2419 797 2751 1
2588 1845 2741 1
1836 1837 2967 1
1617 2785 2808 1
1990 1991 2802 1
1586 2523 3239 1
1788 1789 2753 1
1981 1803 3010 1
1031 542 2679 1
1242 1123 2718 1
2668 1529 2724 1
2733 2511 2831 1
2768 1892 3218 1
631 758 2742 1
706 705 2745 1
1359 2121 2689 1
2725 397 2801 1
465 2700 2730 1
799 760 800 1
35 2053 3126 1
2517 2579 2737 1
2088 2453 3041 1
1796 1652 2926 1
2724 1529 2810 1
1314 1218 2831 1
1640 1865 2766 1
281 174 2712 1
337 126 2891 1
173 281 2708 1
1745 1746 1747 1
2326 2327 2767 1
2412 461 2762 1
2592 1763 2743 1
2098 327 2811 1
2608 1605 2752 1
453 2397 2764 1
623 2115 3158 1
3083 2109 3151 1
2790 2492 2896 1
1946 1943 2776 1
1380 2460 2747 1
2114 2115 3166 1
2629 2303 2734 1
1253 1366 1618 1
1357 1767 2785 1
2201 330 2931 1
2546 2802 2885 1
2596 1870 2941 1
1026 1028 2740 1
1190 1051 2830 1
2428 2430 2920 1
2470 271 2857 1
111 2596 2941 1
1809 2051 2853 1
2141 1807 3051 1
1839 1799 2750 1
1599 2710 2758 1
127 279 2891 1
1617 2517 2785 1
1443 2588 2741 1
176 347 2717 1
2548 1567 2733 1
1785 2370 2762 1
2336 2338 2956 1
260 2498 2935 1
2483 1622 2849 1
1410 1166 2772 1
1614 1818 2783 1
1749 1748 1750 1
715 712 2835 1
1537 1252 2923 1
2043 268 3028 1
637 740 2763 1
635 633 2770 1
2768 2459 3081 1
2447 2373 2916 1
2740 1149 2798 1
2568 1738 2813 1
1853 1793 2819 1
2412 2762 2774 1
769 770 2895 1
1548 1238 2892 1
1747 1749 1871 1
1179 1253 2576 1
1664 1665 2901 1
1120 1115 2675 1
2251 2250 2797 1
2427 2428 2943 1
1417 2004 2892 1
1566 2693 2898 1
1150 1109 2674 1
1753 1752 1934 1
1693 2746 2972 1
177 178 2773 1
1217 2548 2733 1
2234 2233 2880 1
572 563 573 1
2583 2608 2752 1
2973 1821 3137 1
2723 1724 2777 1
1753 1934 1935 1
22 2722 2864 1
2110 326 2987 1
694 2583 2752 1
168 169 2760 1
2500 1568 2780 1
2789 2311 2820 1
1727 1726 2775 1
758 629 2833 1
351 2011 2928 1
66 263 2713 1
2762 2370 2774 1
2609 1970 3002 1
886 2412 2774 1
2089 2088 3041 1
1189 1190 2847 1
773 1338 2698 1
2590 1987 2822 1
344 2713 3006 1
2569 1536 2769 1
1240 1241 2938 1
1650 1303 2847 1
2486 2654 2801 1
2077 1327 2963 1
2792 1801 2827 1
2517 2737 2785 1
2165 2176 2914 1
1747 1748 1749 1
2009 2590 2822 1
2604 1599 2758 1
1211 1343 1389 1
1634 2747 2783 1
364 362 2640 1
1751 1750 1752 1
994 992 2786 1
2151 2917 2972 1
228 229 2782 1
1738 1283 2893 1
113 114 2778 1
1585 1589 2998 1
1282 1688 1689 1
2787 1754 2942 1
2440 2302 3087 1
2950 1679 3011 1
2720 1564 2804 1
2284 1275 2918 1
2151 2126 3009 1
700 1668 2921 1
2744 451 2790 1
383 385 2848 1
359 358 360 1
2654 1611 2801 1
2107 617 2108 1
2333 2336 2956 1
421 2282 2887 1
188 189 2853 1
2725 2801 2838 1
2624 1558 2818 1
1554 1904 2897 1
1971 1972 2791 1
694 2752 2792 1
1564 2347 2804 1
706 2745 2789 1
2432 934 2868 1
277 191 2761 1
2436 1101 2957 1
1453 1452 2781 1
1330 2723 2777 1
1746 1754 2787 1
1748 1746 2787 1
341 110 2941 1
1616 2718 2806 1
2235 1791 2913 1
1428 1321 2880 1
598 602 2788 1
1725 1977 2777 1
1104 1192 3062 1
69 309 2736 1
100 101 2984 1
2298 2297 2793 1
1616 1242 2718 1
1837 1980 2910 1
1859 2740 2798 1
1568 2557 2780 1
1452 1670 2781 1
1826 2418 2979 1
31 32 349 1
2229 298 3107 1
2271 2624 2818 1
651 652 2915 1
1253 1252 1366 1
2741 1845 2933 1
347 177 2773 1
1822 2846 2948 1
2070 2069 3175 1
1275 1278 2918 1
1751 1752 1753 1
1389 1712 1894 1
150 151 3136 1
2519 651 2915 1
1260 1120 2675 1
2430 2705 2920 1
2499 1410 2803 1
708 706 2789 1
1550 1306 2898 1
1834 2169 3130 1
2682 345 3016 1
2968 2502 2991 1
2208 315 2659 1
1717 2364 3075 1
2712 175 2717 1
36 305 3183 1
719 716 2879 1
451 2547 2790 1
2816 421 2887 1
330 210 2931 1
1590 1674 2886 1
2168 2167 3231 1
2224 2222 3007 1
1749 1750 1751 1
2018 2065 3150 1
1641 1368 2876 1
2213 2041 3165 1
2428 2920 2943 1
360 362 363 1
1965 1967 2837 1
1987 1706 2794 1
1855 1895 3234 1
1628 1666 2834 1
2747 1614 2783 1
288 2168 3017 1
1366 1537 2784 1
151 152 3030 1
1217 2733 2831 1
2760 292 2890 1
1344 1465 3012 1
252 1895 3003 1
1075 2308 2969 1
847 1188 2995 1
1662 1696 2726 1
2575 1990 2802 1
2213 2211 3034 1
695 694 2792 1
1020 1050 2754 1
1069 1617 2808 1
373 805 2738 1
2365 343 3033 1
371 373 2738 1
125 337 2979 1
332 2449 2844 1
1648 2045 2805 1
333 215 2952 1
2232 2353 3067 1
1790 2484 2903 1
321 2169 3085 1
2834 1666 2881 1
2337 2619 3115 1
2701 2346 2851 1
1943 1942 2776 1
2824 1866 2900 1
2078 1631 2872 1
91 2538 2947 1
627 2644 2833 1
2418 124 2979 1
163 164 352 1
169 292 2760 1
1909 1254 3008 1
1200 1866 2824 1
1085 1194 3031 1
2376 1949 3144 1
2507 1330 2814 1
2697 1628 2834 1
2557 417 2780 1
844 841 2807 1
2705 2451 2920 1
523 1840 3168 1
2810 2507 2814 1
2635 1548 2878 1
1111 1150 2840 1
1756 2437 2809 1
1680 1825 3107 1
326 226 2987 1
2820 1816 2835 1
1179 1252 1253 1
1216 2480 2897 1
1050 1327 2754 1
1619 1366 2784 1
378 2812 2854 1
1860 1859 2798 1
1575 2502 2968 1
1131 371 2738 1
2069 1143 3244 1
1718 1397 2929 1
2106 248 3072 1
2373 2821 2916 1
2322 2790 2896 1
2090 681 3177 1
2311 1627 2820 1
767 753 2937 1
2544 1314 2855 1
369 1131 2757 1
1791 1378 2913 1
367 369 2757 1
1096 862 2851 1
1721 2683 2795 1
2676 477 3217 1
2355 1843 3089 1
2780 417 2816 1
2074 1739 3028 1
193 299 3026 1
1767 1768 2826 1
2817 280 3037 1
268 179 2711 1
1379 2601 2913 1
2259 2258 2889 1
1257 2808 2826 1
227 266 2987 1
1665 2260 2901 1
1178 800 1179 1
2632 1224 2948 1
1262 2224 3047 1
1415 1179 2576 1
2044 2537 2919 1
2008 1847 2955 1
202 280 2817 1
1569 1790 2903 1
34 35 3126 1
378 376 2812 1
2337 515 3207 1
1387 2575 2802 1
2363 2322 2896 1
272 218 2980 1
1609 1693 2972 1
1542 2568 2813 1
2564 698 2827 1
3215 1903 3219 1
1604 1222 3031 1
2876 1786 2959 1
417 418 2816 1
243 257 3027 1
78 79 295 1
2644 1797 2833 1
333 2007 3081 1
285 2444 2865 1
1928 2357 2964 1
1647 2128 3200 1
2439 2697 2834 1
397 2486 2801 1
269 223 2997 1
1558 2432 2818 1
1793 1874 2819 1
2235 2913 2970 1
2761 192 3026 1
1022 1020 2754 1
1049 2598 2883 1
2469 2468 3043 1
720 719 2961 1
390 392 2936 1
2643 242 3027 1
752 3046 3059 1
1 2 253 1
1557 1849 3247 1
1529 2507 2810 1
2544 2855 2882 1
2522 2523 2843 1
1705 2618 2829 1
50 51 2828 1
1621 1779 2887 1
1398 1718 2821 1
1851 1808 2874 1
1669 1878 3059 1
2831 2511 2855 1
180 181 2815 1
2802 1991 2885 1
107 264 3050 1
760 619 2107 1
352 2715 3020 1
2589 1705 2829 1
2693 1550 2898 1
166 167 2825 1
3175 2069 3244 1
1991 264 3088 1
672 966 2992 1
318 358 359 1
1051 845 2830 1
348 168 2760 1
374 372 3186 1
1671 2539 2940 1
1663 2612 2944 1
1640 1723 1865 1
1813 1973 3045 1
2764 2397 3235 1
449 2396 3048 1
1952 2787 2942 1
1783 1914 2836 1
2409 1262 3047 1
1625 2824 2900 1
1804 1805 3038 1
1499 367 2757 1
2875 1969 3238 1
2153 256 3187 1
265 90 2947 1
248 249 3072 1
1224 2410 3018 1
2427 2943 2968 1
1801 2219 2827 1
529 887 3022 1
1877 2676 3217 1
2736 309 2796 1
678 670 2992 1
359 2729 3123 1
1827 2675 2840 1
370 734 3209 1
1904 1903 3215 1
1218 1217 2831 1
2039 678 2992 1
2675 1113 2840 1
1742 1745 2823 1
2349 2000 2832 1
359 360 2729 1
438 437 2839 1
2197 2990 3039 1
897 2439 2834 1
1809 1750 3233 1
1949 1946 3144 1
326 2103 3243 1
1893 2201 2931 1
1259 1370 2806 1
888 2483 2849 1
463 2355 3089 1
1758 2255 3058 1
256 2275 3193 1
1969 1970 3238 1
712 711 2835 1
2564 2827 2850 1
2839 437 2852 1
360 363 2729 1
1778 2922 2988 1
738 737 3004 1
109 341 3088 1
2032 1456 2951 1
864 2701 2851 1
118 119 3053 1
1549 2019 2844 1
629 627 2833 1
2237 2240 3179 1
343 2426 2991 1
340 2471 2905 1
3168 1840 3195 1
1113 1111 2840 1
2241 3071 3109 1
2418 1826 3232 1
1716 1717 3075 1
1925 1815 3045 1
1667 1794 2990 1
1327 2077 2962 1
1874 3091 3116 1
119 120 3063 1
919 1919 3237 1
279 128 3090 1
1935 1937 2971 1
967 2615 2917 1
897 2834 2881 1
1404 1833 3080 1
2289 2292 3132 1
1784 1396 3025 1
2655 2783 3110 1
272 2425 3221 1
1826 1730 3232 1
437 1661 2852 1
2471 2472 2905 1
275 2768 3218 1
2732 334 3093 1
3046 1829 3059 1
1856 1773 2975 1
1209 1360 3069 1
2122 2555 3198 1
178 268 2773 1
1743 2074 2884 1
334 2388 3093 1
1736 1630 2894 1
276 2087 2946 1
2837 1967 2924 1
1303 1189 2847 1
2815 311 2884 1
2497 302 2861 1
95 256 3193 1
2000 2804 2832 1
297 2094 3030 1
636 745 3125 1
264 108 3088 1
1843 1325 3069 1
1790 2589 2829 1
1874 1792 3091 1
1797 1679 2950 1
1076 1282 2797 1
212 275 3076 1
780 2367 2867 1
2827 2219 2850 1
744 743 3046 1
2609 19 3000 1
1626 2363 2939 1
2511 2509 2855 1
2472 2470 2857 1
1691 2768 3081 1
2120 2122 3220 1
2014 2779 3251 1
209 330 3100 1
258 102 3097 1
1905 289 2904 1
750 2447 3248 1
1911 1071 3219 1
2363 2896 2939 1
1611 2650 2838 1
294 2609 3002 1
1648 2805 2918 1
741 2454 3226 1
2622 1428 3067 1
1808 1806 2986 1
2359 1696 3055 1
2709 561 2862 1
2801 1611 2838 1
167 348 2825 1
966 2213 3165 1
1282 1689 2797 1
681 673 3177 1
2250 1076 2797 1
2141 3051 3124 1
1179 800 1252 1
2711 180 2815 1
383 2848 3210 1
1747 1871 2863 1
385 569 2848 1
659 2137 3255 1
282 133 2866 1
2112 1714 3111 1
284 2348 3112 1
1625 2699 2824 1
943 2564 2850 1
1650 2732 3093 1
1779 2816 2887 1
1831 2141 3124 1
584 612 3133 1
380 378 2854 1
2178 2179 2960 1
2855 2509 2882 1
1710 2585 2859 1
1850 1851 2978 1
2243 2953 3071 1
2410 849 3056 1
1979 1835 3130 1
681 2090 3206 1
669 675 3155 1
2574 1505 3019 1
2316 2360 3096 1
862 864 2851 1
1786 1158 2959 1
1816 2379 2860 1
1719 2574 3019 1
2535 930 3007 1
780 2867 2895 1
238 239 2873 1
2386 2329 3089 1
89 265 3079 1
2353 1608 3067 1
2169 290 3130 1
1973 1812 2866 1
323 2524 3135 1
99 100 3170 1
3034 1293 3174 1
2728 2950 3011 1
1157 2688 2842 1
2197 2881 2990 1
1649 2544 2882 1
263 67 3015 1
278 208 3100 1
718 735 3197 1
714 717 3192 1
225 326 3243 1
2292 2869 3024 1
632 634 3116 1
1235 1371 3103 1
1064 1200 2824 1
2885 341 3147 1
2699 1064 2824 1
1708 1578 3077 1
2227 2185 3256 1
2808 1767 2826 1
1665 1367 3105 1
2692 1031 2846 1
219 220 3196 1
934 1872 2868 1
256 96 3187 1
2260 320 2901 1
583 581 3102 1
1872 933 2965 1
2562 1049 3042 1
2339 2334 3047 1
2268 395 3227 1
217 272 3221 1
1491 2647 2862 1
2348 324 3094 1
2921 1668 2930 1
2167 2884 3231 1
24 25 2856 1
1413 1852 3235 1
2715 303 3020 1
515 513 3207 1
1110 1112 2909 1
2679 1610 2846 1
2445 274 3143 1
1876 961 3065 1
3230 1525 3241 1
3019 1505 3080 1
2116 805 3138 1
350 72 2946 1
2245 2725 2838 1
559 1491 2862 1
2996 2344 3057 1
1950 2375 2869 1
655 656 3255 1
2346 2344 2996 1
1096 2851 2996 1
622 580 3104 1
2128 2848 3200 1
579 790 3068 1
97 2610 3187 1
2558 1447 3070 1
2719 94 3193 1
2509 2508 2882 1
561 559 2862 1
2278 1140 2974 1
2846 1610 2948 1
2520 713 3159 1
1523 1525 3230 1
1696 1415 2576 1
1903 1522 3228 1
1368 1369 2876 1
1754 2168 2942 1
2613 1798 3094 1
2435 2870 2993 1
81 82 313 1
1739 2043 3028 1
622 2123 3220 1
1940 1941 3066 1
1649 2882 2921 1
711 2820 2835 1
2860 2324 2879 1
1745 1747 2863 1
2773 2043 3169 1
1580 1582 3129 1
1488 2042 3257 1
2214 296 2914 1
29 30 355 1
2678 2594 2870 1
770 780 2895 1
1825 1590 2886 1
2659 2015 2966 1
1327 1234 2963 1
126 127 2891 1
308 21 2864 1
1837 2910 2967 1
1216 2897 3115 1
1538 1862 3253 1
1031 2679 2846 1
1321 1358 2880 1
20 308 3000 1
74 75 2928 1
1238 1417 2892 1
2164 1992 3194 1
2146 1898 3191 1
2819 1874 3125 1
1970 2609 3000 1
716 715 2879 1
3016 345 3250 1
1844 1616 2845 1
1283 1682 2893 1
2655 301 3170 1
1795 2983 3002 1
83 1905 2973 1
309 70 3084 1
1681 897 2881 1
1857 1615 2875 1
2029 2655 3170 1
1846 1820 3152 1
2598 1565 2883 1
3018 2410 3056 1
2435 2734 2870 1
1306 1690 2898 1
2841 352 2888 1
2323 1796 2912 1
1888 1688 2904 1
1809 2681 3099 1
1814 2949 3036 1
2353 2207 3211 1
1694 2434 3060 1
2876 1369 2906 1
2475 2635 2878 1
1600 2664 2889 1
2648 1059 2874 1
1752 1809 3099 1
320 2314 2901 1
2637 1880 3139 1
129 2731 3090 1
2555 1619 3198 1
317 8 2907 1
1869 2546 2885 1
1944 1945 3122 1
1633 1584 3239 1
1696 2576 3055 1
1293 2352 3174 1
1697 1408 3211 1
2806 1901 2845 1
2736 1985 3015 1
1927 2106 3072 1
2492 1432 2896 1
2480 1554 2897 1
1369 1549 2906 1
395 396 3227 1
1675 2505 2899 1
1192 2971 3062 1
1608 2353 3211 1
2717 347 2872 1
1780 2478 3082 1
2883 1565 2949 1
103 2759 3097 1
2870 2594 2993 1
2505 2877 2899 1
2002 1979 3136 1
1630 1828 2894 1
2948 1224 3018 1
164 165 2888 1
1847 3078 3181 1
1868 1663 2944 1
1850 2978 3022 1
2755 655 3255 1
1660 2591 2905 1
1674 1569 2903 1
2090 1858 3206 1
343 2991 3033 1
1852 2764 3235 1
734 2933 3209 1
1723 2008 2871 1
758 2833 2950 1
2704 1540 2922 1
276 74 2928 1
2505 2705 2877 1
72 73 2946 1
2823 1745 2863 1
365 1499 3023 1
2734 1352 2870 1
1525 2519 3241 1
652 655 2915 1
1772 1444 3140 1
2859 2585 2911 1
2724 2810 3202 1
2882 2508 2921 1
2677 88 3079 1
1140 832 2927 1
1652 1861 2926 1
2585 1332 2911 1
1352 2678 2870 1
311 182 2771 1
2434 2435 2993 1
1939 1938 3222 1
1278 1648 2918 1
313 82 2973 1
745 2819 3125 1
2896 1432 2939 1
253 2 2012 1
1378 1379 2913 1
517 2619 3207 1
356 354 357 1
2255 2165 2914 1
210 211 2931 1
77 78 2924 1
1871 1749 2981 1
1651 1890 2934 1
2006 2448 3120 1
2043 2078 3169 1
2523 260 2935 1
1619 2555 3164 1
379 623 3158 1
1960 1625 2900 1
310 24 2856 1
719 2912 2961 1
1616 2806 2845 1
2537 2374 2919 1
1933 1931 3182 1
2906 1549 2925 1
1778 2704 2922 1
274 2775 3143 1
2498 2496 3167 1
2451 1376 2920 1
183 184 3017 1
1838 1839 3112 1
68 2736 3015 1
1675 2899 2958 1
1397 1671 2929 1
1033 1103 3117 1
73 276 2946 1
90 91 2947 1
2620 2018 3150 1
1497 1649 2930 1
3022 887 3051 1
2508 700 2921 1
1893 2931 3076 1
1753 1935 3054 1
2848 2128 3210 1
2576 1620 3055 1
350 2089 3084 1
2072 2073 3188 1
110 111 2941 1
1828 1827 3032 1
1917 1755 3258 1
1894 1712 3040 1
304 166 2825 1
1925 2356 2977 1
1429 1240 2938 1
2920 1376 2943 1
1931 1932 3212 1
1865 1723 2871 1
1948 1947 3229 1
79 80 2932 1
181 311 2815 1
3009 2113 3044 1
305 3040 3183 1
1688 1821 2904 1
2351 2765 2908 1
1863 1925 3127 1
2447 2916 3248 1
753 752 2937 1
2415 1829 2945 1
2615 1609 2917 1
1432 1761 2939 1
1831 3124 3168 1
1845 1986 2933 1
1833 2868 3080 1
3200 569 3225 1
285 2865 3190 1
1632 2536 3160 1
623 381 3210 1
2649 294 2983 1
215 216 2952 1
1800 1642 2966 1
2779 354 3148 1
392 395 2936 1
1101 2235 2970 1
71 350 3084 1
1765 1632 3160 1
2005 2413 2980 1
1443 2741 3140 1
2716 767 3074 1
2295 1075 2969 1
2851 2346 2996 1
2356 284 2977 1
2555 1356 3257 1
184 185 288 1
1951 316 1952 1
2332 2333 2956 1
301 2655 3110 1
2874 1059 3029 1
737 2926 3004 1
19 20 3000 1
2013 2012 2208 1
1618 1619 3164 1
2427 2968 2991 1
2432 2868 3162 1
2911 1332 3013 1
2910 1980 3021 1
1565 1876 2949 1
2539 1757 2940 1
1751 1753 3035 1
1676 1675 2958 1
805 375 3138 1
75 351 2928 1
1878 2937 3059 1
1472 2151 2972 1
1376 2567 2943 1
2861 1708 3077 1
2454 2929 3226 1
1836 2967 3049 1
3056 849 3091 1
1824 2841 3086 1
248 2106 3245 1
2903 1171 3114 1
2097 1202 2978 1
1757 1928 2954 1
2838 2650 2953 1
1241 2491 3044 1
2087 276 3223 1
2874 1808 2986 1
2940 1757 2954 1
2998 1804 3038 1
1962 1963 3254 1
2956 1904 3215 1
2729 363 3023 1
2377 336 3024 1
2757 1131 2910 1
2538 2724 3202 1
2709 2862 3029 1
2741 2118 3140 1
2910 1131 2967 1
2357 2358 2964 1
1389 1894 2908 1
1952 316 2051 1
1497 2930 2985 1
2122 3043 3220 1
2173 2134 3225 1
2282 1910 3064 1
1119 2981 3035 1
2402 2996 3057 1
1664 2901 3096 1
1881 1641 2959 1
1988 1989 3050 1
1610 2632 2948 1
2765 1389 2908 1
1997 1719 2965 1
1842 2684 3095 1
1676 2958 3006 1
1775 1856 2976 1
737 720 2961 1
2092 154 3123 1
2821 1718 2916 1
743 2945 3046 1
1839 2750 3005 1
1773 1772 2975 1
161 162 303 1
1537 2923 3083 1
1302 1762 3121 1
2938 2112 3111 1
124 125 2979 1
2862 2647 3029 1
101 258 2984 1
2364 323 3075 1
3027 257 3191 1
353 26 2999 1
218 219 2980 1
226 227 2987 1
2728 758 2950 1
2833 1797 2950 1
1937 1940 2971 1
2245 2838 2953 1
1683 1778 2988 1
715 2860 2879 1
2402 1096 2996 1
2650 1251 2953 1
3041 1448 3052 1
25 353 2856 1
2708 281 2944 1
357 354 2779 1
2126 2113 3009 1
2567 1575 2968 1
165 304 2888 1
790 2934 3068 1
2434 2993 3060 1
2978 1202 3022 1
26 27 2999 1
1234 1553 2963 1
3182 1931 3212 1
2051 316 2853 1
2078 2872 3169 1
2023 2029 2984 1
735 2954 3197 1
2426 2427 2991 1
2922 1540 3253 1
2771 183 3017 1
2943 2567 2968 1
1057 847 2995 1
1867 1802 3001 1
2661 2422 3063 1
2897 2338 3115 1
257 2146 3191 1
1057 2995 3008 1
317 2907 3010 1
1683 2988 3014 1
1586 1585 2998 1
1891 2164 3194 1
717 2964 3192 1
1760 3074 3113 1
223 224 2997 1
1819 2180 3157 1
67 68 3015 1
2453 1448 3041 1
2308 2380 3180 1
2601 2028 2970 1
3035 1753 3054 1
2681 277 3099 1
2649 2983 3182 1
2344 2345 3057 1
2292 3024 3132 1
1822 2948 3018 1
1834 1697 3085 1
351 76 3061 1
2865 2234 3213 1
2866 1812 3142 1
1252 800 2923 1
2648 2874 2986 1
2574 1497 2985 1
192 193 3026 1
1908 1676 3006 1
1621 2887 3064 1
269 2475 3120 1
1869 2885 3147 1
670 672 2992 1
1254 1057 3008 1
2924 1967 3061 1
2868 1872 3080 1
2931 211 3076 1
1762 1344 3012 1
242 243 3027 1
1666 1667 2990 1
2652 2962 3175 1
2724 306 3146 1
790 2648 2986 1
1854 1863 3042 1
2840 1150 3032 1
247 248 3245 1
339 2661 3063 1
1624 1795 3002 1
1360 1683 3014 1
2727 1984 3052 1
340 2905 3204 1
2935 1633 3239 1
2901 2314 3096 1
1649 2921 2930 1
1465 1811 3036 1
1848 2087 3223 1
2955 1847 3181 1
1202 529 3022 1
1749 1751 2981 1
2872 347 3169 1
282 2866 3142 1
1794 2076 3039 1
2668 2724 3146 1
253 2012 2013 1
295 2837 2924 1
1549 2844 2925 1
1679 1804 3011 1
303 2715 3251 1
2881 1666 2990 1
2053 35 3183 1
743 738 3004 1
1867 2811 3258 1
2222 2535 3007 1
152 297 3030 1
2234 2880 3213 1
2694 2072 3188 1
1192 2050 3054 1
2690 2032 3178 1
1919 2922 3253 1
2211 2216 3034 1
335 2376 3144 1
2264 2125 3205 1
2594 1407 2993 1
2953 1251 3071 1
760 2107 2923 1
2796 309 3098 1
2811 1917 3258 1
1699 1822 3018 1
1332 2436 3013 1
1984 2796 3052 1
2125 2124 3205 1
1396 1621 3025 1
1103 1104 3062 1
2878 2006 3120 1
2848 569 3200 1
1194 2197 3039 1
1222 1085 3031 1
1760 2716 3074 1
2497 2861 3077 1
2844 2449 3073 1
1140 2927 2974 1
2712 2022 3176 1
276 2928 3223 1
2137 2755 3255 1
1821 2031 3137 1
2286 2288 3037 1
337 2891 3082 1
1131 2738 2967 1
1087 1962 3254 1
800 760 2923 1
3041 3052 3098 1
313 2690 3131 1
2172 2936 3201 1
2750 2562 3005 1
1269 2047 3101 1
3012 1876 3065 1
1682 3048 3184 1
2113 2112 3044 1
1807 1850 3051 1
2993 1407 3060 1
2080 1780 3082 1
1815 1813 3045 1
1345 1429 3173 1
2868 1833 3162 1
106 107 3050 1
1188 1302 3121 1
2759 300 3141 1
2502 1708 3033 1
2397 449 3048 1
2018 317 3010 1
76 77 3061 1
1865 2871 3249 1
271 118 3053 1
2332 2956 3215 1
1873 2613 3190 1
2380 1035 3180 1
2020 3037 3163 1
363 365 3023 1
2969 1948 3229 1
2952 216 3221 1
162 163 3020 1
2890 292 3188 1
1642 2659 2966 1
2345 2513 3156 1
2905 2591 3204 1
1829 1669 3059 1
2127 2114 3166 1
752 744 3046 1
2207 321 3085 1
3051 887 3124 1
2987 266 3172 1
2991 2502 3033 1
2334 2409 3047 1
78 295 2924 1
2513 2091 3156 1
1699 3018 3056 1
2118 2117 3092 1
1589 2728 3011 1
2468 622 3043 1
2992 966 3165 1
2887 2282 3064 1
2011 1848 3223 1
2168 2771 3017 1
120 339 3063 1
1712 2053 3040 1
1827 2840 3032 1
70 71 3084 1
2912 1796 2961 1
2106 1758 3058 1
2613 2319 3190 1
2925 2844 3073 1
274 2418 3232 1
1035 1033 3117 1
2983 1933 3182 1
1890 1819 3157 1
1430 2900 3128 1
88 89 3079 1
2928 2011 3223 1
2610 301 3110 1
2997 224 3243 1
2302 2402 3057 1
295 79 2932 1
2889 2258 3105 1
1755 1891 3106 1
1 253 1895 1
1868 2944 3176 1
2944 281 3176 1
352 164 2888 1
1941 1944 3066 1
1325 1209 3069 1
2352 1269 3101 1
211 212 3076 1
2459 333 3081 1
675 2440 3087 1
1229 1054 3214 1
3091 849 3116 1
158 159 354 1
1272 2227 3256 1
2407 1716 3075 1
2449 2398 3073 1
1505 1404 3080 1
1059 2709 3029 1
1818 2610 3110 1
1407 1841 3060 1
1448 2727 3052 1
2837 295 3178 1
2907 1981 3010 1
1447 1906 3070 1
1537 3083 3151 1
2360 1664 3096 1
2619 1216 3115 1
2062 3175 3244 1
2932 2690 3178 1
108 109 3088 1
2027 2759 3141 1
2022 1868 3176 1
2338 2337 3115 1
2007 1691 3081 1
345 2677 3250 1
2926 1861 3004 1
961 2558 3065 1
1391 1345 3173 1
2013 2208 2989 1
581 579 3068 1
1608 2622 3067 1
2329 463 3089 1
3164 2555 3257 1
2916 1718 3248 1
2665 1699 3056 1
2499 2803 3016 1
102 103 3097 1
1925 2977 3127 1
2532 3160 3203 1
316 188 2853 1
2778 340 3204 1
128 129 3090 1
290 150 3136 1
1810 2389 3142 1
1578 1580 3077 1
2757 2910 3021 1
1499 2757 3021 1
2388 2389 3093 1
2290 2289 3132 1
208 209 3100 1
2900 1866 3128 1
1391 3173 3189 1
3076 275 3218 1
35 36 3183 1
1768 1391 3189 1
2190 2856 3242 1
2499 3016 3250 1
727 583 3102 1
1103 3066 3117 1
1532 1760 3113 1
2361 2865 3213 1
2738 805 3049 1
296 247 3245 1
268 2711 3028 1
2937 752 3059 1
2314 2316 3096 1
1726 2446 3143 1
2389 282 3142 1
2202 1768 3208 1
1251 2641 3071 1
1356 1488 3257 1
2677 1875 3250 1
1532 3113 3119 1
1817 1953 3118 1
2732 1650 3236 1
564 374 3186 1
1798 1838 3094 1
249 254 3072 1
3038 1805 3252 1
1768 3189 3208 1
1714 2189 3111 1
1367 1600 3105 1
849 632 3116 1
1835 1834 3130 1
77 2924 3061 1
2947 2538 3202 1
341 2941 3147 1
1833 3161 3162 1
2880 1358 3213 1
1544 2685 3240 1
1735 1532 3119 1
2448 269 3120 1
580 582 3104 1
1850 3022 3051 1
2341 523 3168 1
1553 1235 3103 1
2945 1829 3046 1
2319 285 3190 1
395 2268 3201 1
2871 314 3249 1
1371 1867 3106 1
1792 2665 3091 1
634 636 3125 1
2396 2395 3184 1
2496 2497 3167 1
1934 1752 3099 1
1898 1897 3191 1
2893 1682 3184 1
2050 3035 3054 1
2518 1680 3107 1
1945 1948 3122 1
3104 582 3133 1
2775 274 3232 1
3109 1067 3139 1
2929 1671 3226 1
1556 1557 3247 1
2967 2738 3049 1
314 34 3126 1
2398 278 3224 1
2962 2070 3175 1
1358 2361 3213 1
1308 3179 3199 1
80 81 3131 1
1308 2237 3179 1
2446 2445 3143 1
2923 2107 3083 1
2859 2911 3141 1
2107 2108 3083 1
2524 2259 3135 1
1582 1633 3129 1
477 2299 3217 1
2726 319 3003 1
2934 1890 3068 1
96 97 3187 1
1429 2938 3111 1
163 352 3020 1
2641 1067 3109 1
2436 2957 3013 1
582 584 3133 1
94 95 3193 1
1307 1308 3199 1
1812 1810 3142 1
306 2719 3146 1
2957 2026 3013 1
27 312 2999 1
1444 1443 3140 1
3025 1621 3064 1
2793 1544 3240 1
2062 2652 3175 1
671 669 3155 1
1900 1647 3200 1
3217 2299 3237 1
1307 3199 3216 1
1870 1869 3147 1
1514 2432 3162 1
301 99 3170 1
1839 3005 3127 1
2665 3056 3091 1
2684 1272 3095 1
671 3155 3177 1
355 2955 3181 1
1650 2847 3236 1
2620 1800 3171 1
160 161 3149 1
2532 1765 3160 1
1833 1832 3161 1
2306 1911 3230 1
1846 2778 3204 1
1600 2889 3105 1
2891 2080 3082 1
28 29 3134 1
2467 2202 3208 1
887 2341 3124 1
2719 2144 3146 1
1071 1053 3219 1
372 370 3209 1
1053 3215 3219 1
3071 2641 3109 1
1866 2685 3128 1
673 671 3177 1
1900 3200 3225 1
2041 2039 3165 1
1501 1831 3195 1
2123 2120 3220 1
2299 919 3237 1
2306 3230 3241 1
1690 1307 3216 1
1053 2332 3215 1
375 377 3138 1
1832 3159 3161 1
186 187 1951 1
1832 2520 3159 1
1954 2467 3208 1
2134 1900 3225 1
1953 1954 3189 1
280 2473 3163 1
2307 2306 3241 1
220 331 3196 1
1067 2637 3139 1
2040 2041 3174 1
3103 1891 3194 1
2041 3034 3174 1
713 714 3192 1
2776 335 3144 1
303 2779 3149 1
2954 1928 3197 1
717 718 3197 1
1831 3168 3195 1
30 31 3145 1
3173 1953 3189 1
216 217 3221 1
224 225 3243 1
1892 1893 3218 1
1942 1939 3222 1
2965 1719 3019 1
312 28 3134 1
342 3182 3212 1
2783 1818 3110 1
185 186 3108 1
1875 2499 3250 1
292 2694 3188 1
1847 2902 3078 1
289 2682 3154 1
2949 1876 3036 1
377 379 3158 1
1946 2776 3144 1
81 313 3131 1
3124 2341 3168 1
2775 1726 3143 1
1789 2925 3073 1
2463 741 3226 1
1762 3070 3121 1
3189 1954 3208 1
2454 750 3248 1
1682 1413 3235 1
1522 1523 3228 1
2964 2358 3192 1
2884 311 3231 1
3138 377 3158 1
2144 2668 3146 1
2523 2935 3239 1
1872 2965 3019 1
1852 2532 3203 1
2060 2062 3244 1
1674 2903 3114 1
513 517 3207 1
1730 2775 3232 1
2673 2110 3172 1
2073 2890 3188 1
2932 80 3131 1
2042 1618 3164 1
342 2649 3182 1
1858 1860 3206 1
396 399 3227 1
278 2753 3224 1
1408 1608 3211 1
1820 2691 3152 1
656 659 3255 1
2981 1751 3035 1
1584 1586 3239 1
1750 1748 3233 1
1540 1538 3253 1
2857 1735 3185 1
1863 3005 3042 1
3000 308 3238 1
2933 1986 3209 1
1897 3027 3191 1
2551 342 3212 1
2591 1846 3204 1
184 288 3017 1
2784 1537 3151 1
381 383 3210 1
2472 2857 3185 1
1947 1950 3229 1
300 2859 3141 1
314 3126 3249 1
2971 1940 3062 1
31 349 3145 1
159 160 3148 1
3005 2562 3042 1
2715 2014 3251 1
1586 2998 3038 1
347 2773 3169 1
2295 2969 3229 1
281 2712 3176 1
156 157 356 1
1789 3073 3224 1
349 32 2342 1
2690 2932 3131 1
2753 1789 3224 1
2039 2992 3165 1
2475 2878 3120 1
2110 2987 3172 1
3087 2345 3156 1
3005 1863 3127 1
1762 3012 3065 1
2810 1978 3202 1
3078 312 3181 1
2298 2793 3240 1
1429 3118 3173 1
2999 312 3078 1
1035 3122 3180 1
1978 2947 3202 1
3073 2398 3224 1
2975 1772 3092 1
2911 2027 3141 1
353 2902 3242 1
3102 1890 3157 1
2977 284 3112 1
2013 2989 3246 1
2205 2843 3252 1
313 2973 3137 1
2395 2893 3184 1
2941 1870 3147 1
2089 3041 3098 1
303 162 3020 1
29 355 3134 1
2847 2085 3236 1
2779 303 3251 1
253 2013 3234 1
355 30 3145 1
3052 2796 3098 1
288 185 3108 1
161 303 3149 1
3134 355 3181 1
3024 336 3132 1
1895 253 3234 1
308 2875 3238 1
2856 353 3242 1
1735 3119 3185 1
2682 3016 3154 1
3037 280 3163 1
3066 1944 3117 1
2936 395 3201 1
3070 1906 3121 1
3058 296 3245 1
3043 622 3220 1
1800 2966 3171 1
3040 2053 3183 1
311 2771 3231 1
1970 3000 3238 1
295 2932 3178 1
1893 3076 3218 1
3048 2396 3184 1
3095 1272 3256 1
2989 1830 3246 1
2497 3129 3167 1
675 3087 3156 1
727 3102 3157 1
1755 3106 3258 1
312 3134 3181 1
3106 1867 3258 1
3129 1633 3167 1
3118 1953 3173 1
3119 2561 3185 1
2106 3058 3245 1
3122 1948 3180 1
1553 3103 3194 1
3148 160 3149 1
354 159 3148 1
186 1951 3108 1
2042 3164 3257 1
3228 1523 3230 1
2779 3148 3149 1
1911 3228 3230 1
3234 2013 3246 1
1855 3234 3246 1
157 158 354 1

End
