MeshVersionFormatted 2
Dimension 3

Vertices
3740
-4.3753485944198389e-01 -2.2095951722699078e-01 0.0000000000000000e+00 1
-4.3938693266242096e-01 -2.2532724902190845e-01 0.0000000000000000e+00 1
-4.4023988517277984e-01 -2.2898286336203641e-01 0.0000000000000000e+00 1
-4.4013880711903902e-01 -2.3196014472965126e-01 0.0000000000000000e+00 1
-4.3912878864717736e-01 -2.3429287760702988e-01 0.0000000000000000e+00 1
-4.3725491990317317e-01 -2.3601484647644896e-01 0.0000000000000000e+00 1
-4.3456229103300476e-01 -2.3715983582018513e-01 0.0000000000000000e+00 1
-4.3109599218265088e-01 -2.3776163012051524e-01 0.0000000000000000e+00 1
-4.2690111349809012e-01 -2.3785401385971602e-01 0.0000000000000000e+00 1
-4.2202274512530091e-01 -2.3747077152006424e-01 0.0000000000000000e+00 1
-4.1650597721026161e-01 -2.3664568758383647e-01 0.0000000000000000e+00 1
-4.1039589989895076e-01 -2.3541254653330956e-01 0.0000000000000000e+00 1
-4.0373760333734726e-01 -2.3380513285076029e-01 0.0000000000000000e+00 1
-3.9657617767142922e-01 -2.3185723101846531e-01 0.0000000000000000e+00 1
-3.8895671304717511e-01 -2.2960262551870136e-01 0.0000000000000000e+00 1
-3.8092429961056368e-01 -2.2707510083374521e-01 0.0000000000000000e+00 1
-3.7252402750757352e-01 -2.2430844144587361e-01 0.0000000000000000e+00 1
-3.6380098688418294e-01 -2.2133643183736323e-01 0.0000000000000000e+00 1
-3.5480026788637042e-01 -2.1819285649049086e-01 0.0000000000000000e+00 1
-3.4556696066011461e-01 -2.1491149988753316e-01 0.0000000000000000e+00 1
-3.3614615535139403e-01 -2.1152614651076698e-01 0.0000000000000000e+00 1
-3.2658294210618716e-01 -2.0807058084246896e-01 0.0000000000000000e+00 1
-3.1692241107047237e-01 -2.0457858736491588e-01 0.0000000000000000e+00 1
-3.0720965239022846e-01 -2.0108395056038447e-01 0.0000000000000000e+00 1
-2.9748975621143375e-01 -1.9762045491115143e-01 0.0000000000000000e+00 1
-2.8780781268006683e-01 -1.9422188489949355e-01 0.0000000000000000e+00 1
-2.7820891194210612e-01 -1.9092202500768748e-01 0.0000000000000000e+00 1
-2.6873814414353020e-01 -1.8775465971801006e-01 0.0000000000000000e+00 1
-2.5944059943031766e-01 -1.8475357351273797e-01 0.0000000000000000e+00 1
-2.5036136794844693e-01 -1.8195255087414794e-01 0.0000000000000000e+00 1
-2.4154553984389651e-01 -1.7938537628451667e-01 0.0000000000000000e+00 1
-2.3303820526264496e-01 -1.7708583422612098e-01 0.0000000000000000e+00 1
-2.2488445435067078e-01 -1.7508770918123756e-01 0.0000000000000000e+00 1
-2.1712937725395251e-01 -1.7342478563214314e-01 0.0000000000000000e+00 1
-2.0981806411846859e-01 -1.7213084806111445e-01 0.0000000000000000e+00 1
-2.0299560509019760e-01 -1.7123968095042824e-01 0.0000000000000000e+00 1
-1.9670709031511804e-01 -1.7078506878236122e-01 0.0000000000000000e+00 1
-1.9099760993920845e-01 -1.7080079603919016e-01 0.0000000000000000e+00 1
-1.8633042257587779e-01 -1.7119654946822876e-01 0.0000000000000000e+00 1
-1.8151347099618209e-01 -1.7192435807568537e-01 0.0000000000000000e+00 1
-1.7655780558238190e-01 -1.7296273773078852e-01 0.0000000000000000e+00 1
-1.7147447671673799e-01 -1.7429020430276687e-01 0.0000000000000000e+00 1
-1.6627453478151086e-01 -1.7588527366084900e-01 0.0000000000000000e+00 1
-1.6096903015896108e-01 -1.7772646167426345e-01 0.0000000000000000e+00 1
-1.5556901323134933e-01 -1.7979228421223895e-01 0.0000000000000000e+00 1
-1.5008553438093622e-01 -1.8206125714400401e-01 0.0000000000000000e+00 1
-1.4452964398998233e-01 -1.8451189633878720e-01 0.0000000000000000e+00 1
-1.3891239244074829e-01 -1.8712271766581723e-01 0.0000000000000000e+00 1
-1.3324483011549465e-01 -1.8987223699432254e-01 0.0000000000000000e+00 1
-1.2753800739648205e-01 -1.9273897019353187e-01 0.0000000000000000e+00 1
-1.2180297466597115e-01 -1.9570143313267377e-01 0.0000000000000000e+00 1
-1.1605078230622246e-01 -1.9873814168097681e-01 0.0000000000000000e+00 1
-1.1029248069949668e-01 -2.0182761170766969e-01 0.0000000000000000e+00 1
-1.0453912022805437e-01 -2.0494835908198089e-01 0.0000000000000000e+00 1
-9.8801751274156163e-02 -2.0807889967313906e-01 0.0000000000000000e+00 1
-9.3091424220062613e-02 -2.1119774935037280e-01 0.0000000000000000e+00 1
-8.7419189448034368e-02 -2.1428342398291073e-01 0.0000000000000000e+00 1
-8.1796097340332052e-02 -2.1731443943998138e-01 0.0000000000000000e+00 1
-7.6233198279216235e-02 -2.2026931159081342e-01 0.0000000000000000e+00 1
-7.0741542646947542e-02 -2.2312655630463543e-01 0.0000000000000000e+00 1
-6.5332180825786582e-02 -2.2586468945067603e-01 0.0000000000000000e+00 1
-6.0016163197993966e-02 -2.2846222689816373e-01 0.0000000000000000e+00 1
-5.4804540145830291e-02 -2.3089768451632722e-01 0.0000000000000000e+00 1
-4.9708362051556182e-02 -2.3314957817439511e-01 0.0000000000000000e+00 1
-4.4738679297432200e-02 -2.3519642374159591e-01 0.0000000000000000e+00 1
-3.9906542265719019e-02 -2.3701673708715829e-01 0.0000000000000000e+00 1
-3.5223001338677201e-02 -2.3858903408031085e-01 0.0000000000000000e+00 1
-3.0699106898567360e-02 -2.3989183059028213e-01 0.0000000000000000e+00 1
-2.6345909327650123e-02 -2.4090364248630078e-01 0.0000000000000000e+00 1
-2.0148042379262075e-02 -2.4223964491727895e-01 0.0000000000000000e+00 1
-1.3500368331072196e-02 -2.4383115899327260e-01 0.0000000000000000e+00 1
-6.4284432285209303e-03 -2.4565865306951298e-01 0.0000000000000000e+00 1
1.0421768829512804e-03 -2.4770259550123155e-01 0.0000000000000000e+00 1
8.8859359579040037e-03 -2.4994345464365969e-01 0.0000000000000000e+00 1
1.7077277950896801e-02 -2.5236169885202880e-01 0.0000000000000000e+00 1
2.5590646816489218e-02 -2.5493779648157011e-01 0.0000000000000000e+00 1
3.4400486509240831e-02 -2.5765221588751508e-01 0.0000000000000000e+00 1
4.3481240983711221e-02 -2.6048542542509523e-01 0.0000000000000000e+00 1
5.2807354194459886e-02 -2.6341789344954170e-01 0.0000000000000000e+00 1
6.2353270096046430e-02 -2.6643008831608583e-01 0.0000000000000000e+00 1
7.2093432643030420e-02 -2.6950247837995933e-01 0.0000000000000000e+00 1
8.2002285789971402e-02 -2.7261553199639310e-01 0.0000000000000000e+00 1
9.2054273491428917e-02 -2.7574971752061894e-01 0.0000000000000000e+00 1
1.0222383970196255e-01 -2.7888550330786799e-01 0.0000000000000000e+00 1
1.1248542837613185e-01 -2.8200335771337159e-01 0.0000000000000000e+00 1
1.2281348346849641e-01 -2.8508374909236134e-01 0.0000000000000000e+00 1
1.3318244893361580e-01 -2.8810714580006846e-01 0.0000000000000000e+00 1
1.4356676872604945e-01 -2.9105401619172416e-01 0.0000000000000000e+00 1
1.5394088680035714e-01 -2.9390482862256018e-01 0.0000000000000000e+00 1
1.6427924711109820e-01 -2.9664005144780758e-01 0.0000000000000000e+00 1
1.7455629361283234e-01 -2.9924015302269780e-01 0.0000000000000000e+00 1
1.8474647026011906e-01 -3.0168560170246228e-01 0.0000000000000000e+00 1
1.9482422100751792e-01 -3.0395686584233239e-01 0.0000000000000000e+00 1
2.0476398980958854e-01 -3.0603441379753948e-01 0.0000000000000000e+00 1
2.1454022062089045e-01 -3.0789871392331486e-01 0.0000000000000000e+00 1
2.2412735739598322e-01 -3.0953023457489004e-01 0.0000000000000000e+00 1
2.3349984408942631e-01 -3.1090944410749621e-01 0.0000000000000000e+00 1
2.4263212465577938e-01 -3.1201681087636490e-01 0.0000000000000000e+00 1
2.5149864304960201e-01 -3.1283280323672735e-01 0.0000000000000000e+00 1
2.6007384322545368e-01 -3.1333788954381514e-01 0.0000000000000000e+00 1
2.6833216913789404e-01 -3.1351253815285940e-01 0.0000000000000000e+00 1
2.7624806474148256e-01 -3.1333721741909165e-01 0.0000000000000000e+00 1
2.8379597399077883e-01 -3.1279239569774314e-01 0.0000000000000000e+00 1
2.9095034084034249e-01 -3.1185854134404534e-01 0.0000000000000000e+00 1
2.9768560924473308e-01 -3.1051612271322959e-01 0.0000000000000000e+00 1
3.0397622315851003e-01 -3.0874560816052732e-01 0.0000000000000000e+00 1
3.0979662653623297e-01 -3.0652746604116987e-01 0.0000000000000000e+00 1
3.1512126333246143e-01 -3.0384216471038850e-01 0.0000000000000000e+00 1
3.1992457750175507e-01 -3.0067017252341466e-01 0.0000000000000000e+00 1
3.2418101299867341e-01 -2.9699195783547983e-01 0.0000000000000000e+00 1
3.2786501377777599e-01 -2.9278798900181524e-01 0.0000000000000000e+00 1
3.3095102379362240e-01 -2.8803873437765226e-01 0.0000000000000000e+00 1
3.3341348700077217e-01 -2.8272466231822235e-01 0.0000000000000000e+00 1
3.3522684735378483e-01 -2.7682624117875687e-01 0.0000000000000000e+00 1
3.3742434440632690e-01 -2.6718144250727005e-01 0.0000000000000000e+00 1
3.3952311309410782e-01 -2.5706568290442566e-01 0.0000000000000000e+00 1
3.4152090470944685e-01 -2.4649746418565754e-01 0.0000000000000000e+00 1
3.4341547054466404e-01 -2.3549528816639959e-01 0.0000000000000000e+00 1
3.4520456189207865e-01 -2.2407765666208562e-01 0.0000000000000000e+00 1
3.4688593004401075e-01 -2.1226307148814966e-01 0.0000000000000000e+00 1
3.4845732629277970e-01 -2.0007003446002558e-01 0.0000000000000000e+00 1
3.4991650193070517e-01 -1.8751704739314723e-01 0.0000000000000000e+00 1
3.5126120825010698e-01 -1.7462261210294855e-01 0.0000000000000000e+00 1
3.5248919654330468e-01 -1.6140523040486338e-01 0.0000000000000000e+00 1
3.5359821810261782e-01 -1.4788340411432571e-01 0.0000000000000000e+00 1
3.5458602422036639e-01 -1.3407563504676942e-01 0.0000000000000000e+00 1
3.5545036618886977e-01 -1.2000042501762835e-01 0.0000000000000000e+00 1
3.5618899530044767e-01 -1.0567627584233649e-01 0.0000000000000000e+00 1
3.5679966284741971e-01 -9.1121689336327666e-02 0.0000000000000000e+00 1
3.5728012012210558e-01 -7.6355167315035805e-02 0.0000000000000000e+00 1
3.5762811841682496e-01 -6.1395211593894800e-02 0.0000000000000000e+00 1
3.5784140902389766e-01 -4.6260323988338570e-02 0.0000000000000000e+00 1
3.5791774323564318e-01 -3.0969006313801034e-02 0.0000000000000000e+00 1
3.5785487234438096e-01 -1.5539760385716063e-02 0.0000000000000000e+00 1
3.5765054764243109e-01 8.9119804825010807e-06 0.0000000000000000e+00 1
3.5730252042211280e-01 1.5658508969360607e-02 0.0000000000000000e+00 1
3.5680854197574619e-01 3.1390528765484454e-02 0.0000000000000000e+00 1
3.5616636359565063e-01 4.7186469553420179e-02 0.0000000000000000e+00 1
3.5537373657414573e-01 6.3027829517733808e-02 0.0000000000000000e+00 1
3.5442841220355120e-01 7.8896106842991504e-02 0.0000000000000000e+00 1
3.5332814177618677e-01 9.4772799713759265e-02 0.0000000000000000e+00 1
3.5207067658437224e-01 1.1063940631460326e-01 0.0000000000000000e+00 1
3.5065376792042702e-01 1.2647742483008961e-01 0.0000000000000000e+00 1
3.4907516707667086e-01 1.4226835344478439e-01 0.0000000000000000e+00 1
3.4733262534542331e-01 1.5799369034325364e-01 0.0000000000000000e+00 1
3.4542389401900409e-01 1.7363493371006353e-01 0.0000000000000000e+00 1
3.4334672438973302e-01 1.8917358172978019e-01 0.0000000000000000e+00 1
3.4109886774992954e-01 2.0459113258696962e-01 0.0000000000000000e+00 1
3.3867807539191347e-01 2.1986908446619793e-01 0.0000000000000000e+00 1
3.3608209860800436e-01 2.3498893555203135e-01 0.0000000000000000e+00 1
3.3330868869052194e-01 2.4993218402903591e-01 0.0000000000000000e+00 1
3.3035559693178573e-01 2.6468032808177755e-01 0.0000000000000000e+00 1
3.2722057462411541e-01 2.7921486589482258e-01 0.0000000000000000e+00 1
3.2390137305983080e-01 2.9351729565273699e-01 0.0000000000000000e+00 1
3.2039574353125150e-01 3.0756911554008692e-01 0.0000000000000000e+00 1
3.1670143733069711e-01 3.2135182374143867e-01 0.0000000000000000e+00 1
3.1281620575048730e-01 3.3484691844135783e-01 0.0000000000000000e+00 1
3.0873780008294172e-01 3.4803589782441091e-01 0.0000000000000000e+00 1
3.0446397162038003e-01 3.6090026007516385e-01 0.0000000000000000e+00 1
2.9999247165512188e-01 3.7342150337818292e-01 0.0000000000000000e+00 1
2.9532105147948695e-01 3.8558112591803417e-01 0.0000000000000000e+00 1
2.9044746238579494e-01 3.9736062587928345e-01 0.0000000000000000e+00 1
2.8536945566636540e-01 4.0874150144649712e-01 0.0000000000000000e+00 1
2.8008478261351810e-01 4.1970525080424115e-01 0.0000000000000000e+00 1
2.7459119451957259e-01 4.3023337213708168e-01 0.0000000000000000e+00 1
2.6888644267684858e-01 4.4030736362958489e-01 0.0000000000000000e+00 1
2.6296827837766579e-01 4.4990872346631683e-01 0.0000000000000000e+00 1
2.5683445291434370e-01 4.5901894983184355e-01 0.0000000000000000e+00 1
2.5048271757920210e-01 4.6761954091073110e-01 0.0000000000000000e+00 1
2.4391082366456074e-01 4.7569199488754565e-01 0.0000000000000000e+00 1
2.3711652246273901e-01 4.8321780994685326e-01 0.0000000000000000e+00 1
2.3009756526605685e-01 4.9017848427322019e-01 0.0000000000000000e+00 1
2.2285170336683369e-01 4.9655551605121240e-01 0.0000000000000000e+00 1
2.1537668805738935e-01 5.0233040346539604e-01 0.0000000000000000e+00 1
2.0767027063004340e-01 5.0748464470033716e-01 0.0000000000000000e+00 1
1.9973020237711547e-01 5.1199973794060183e-01 0.0000000000000000e+00 1
1.9155423459092535e-01 5.1585718137075620e-01 0.0000000000000000e+00 1
1.8314011856379253e-01 5.1903847317536633e-01 0.0000000000000000e+00 1
1.7448560558803675e-01 5.2152511153899850e-01 0.0000000000000000e+00 1
1.6558844695597771e-01 5.2329859464621853e-01 0.0000000000000000e+00 1
1.5644639395993498e-01 5.2434042068159270e-01 0.0000000000000000e+00 1
1.4657218729418511e-01 5.2474185184741973e-01 0.0000000000000000e+00 1
1.3669677252223375e-01 5.2452766261534933e-01 0.0000000000000000e+00 1
1.2682223998327122e-01 5.2371141086679907e-01 0.0000000000000000e+00 1
1.1695068001648806e-01 5.2230665448318647e-01 0.0000000000000000e+00 1
1.0708418296107497e-01 5.2032695134592954e-01 0.0000000000000000e+00 1
9.7224839156222431e-02 5.1778585933644627e-01 0.0000000000000000e+00 1
8.7374738941121077e-02 5.1469693633615421e-01 0.0000000000000000e+00 1
7.7535972654961288e-02 5.1107374022647123e-01 0.0000000000000000e+00 1
6.7710630636933777e-02 5.0692982888881510e-01 0.0000000000000000e+00 1
5.7900803226229029e-02 5.0227876020460371e-01 0.0000000000000000e+00 1
4.8108580762037674e-02 4.9713409205525494e-01 0.0000000000000000e+00 1
3.8336053583550141e-02 4.9150938232218611e-01 0.0000000000000000e+00 1
2.8585312029957080e-02 4.8541818888681532e-01 0.0000000000000000e+00 1
1.8858446440449032e-02 4.7887406963056056e-01 0.0000000000000000e+00 1
9.1575471542165374e-03 4.7189058243483950e-01 0.0000000000000000e+00 1
-5.1529548954983712e-04 4.6448128518106979e-01 0.0000000000000000e+00 1
-1.0157991151659562e-02 4.5665973575066920e-01 0.0000000000000000e+00 1
-1.9768449492922030e-02 4.4843949202505584e-01 0.0000000000000000e+00 1
-2.9344580174146727e-02 4.3983411188564725e-01 0.0000000000000000e+00 1
-3.8884292856143109e-02 4.3085715321386109e-01 0.0000000000000000e+00 1
-4.8385497199720601e-02 4.2152217389111546e-01 0.0000000000000000e+00 1
-5.7846102865688608e-02 4.1184273179882813e-01 0.0000000000000000e+00 1
-6.7264019514856638e-02 4.0183238481841688e-01 0.0000000000000000e+00 1
-7.6637156808034124e-02 3.9150469083129913e-01 0.0000000000000000e+00 1
-8.5963424406030470e-02 3.8087320771889310e-01 0.0000000000000000e+00 1
-9.5240731969655157e-02 3.6995149336261646e-01 0.0000000000000000e+00 1
-1.0446698915971764e-01 3.5875310564388718e-01 0.0000000000000000e+00 1
-1.1364010563702737e-01 3.4729160244412249e-01 0.0000000000000000e+00 1
-1.2275799106239368e-01 3.3558054164474072e-01 0.0000000000000000e+00 1
-1.3181855509662616e-01 3.2363348112715962e-01 0.0000000000000000e+00 1
-1.4081970740053418e-01 3.1146397877279697e-01 0.0000000000000000e+00 1
-1.4975935763492723e-01 2.9908559246307020e-01 0.0000000000000000e+00 1
-1.5863541546061469e-01 2.8651188007939732e-01 0.0000000000000000e+00 1
-1.6744579053840605e-01 2.7375639950319652e-01 0.0000000000000000e+00 1
-1.7618839252911075e-01 2.6083270861588526e-01 0.0000000000000000e+00 1
-1.8486113109353822e-01 2.4775436529888104e-01 0.0000000000000000e+00 1
-1.9346191589249795e-01 2.3453492743360196e-01 0.0000000000000000e+00 1
-2.0198865658679929e-01 2.2118795290146606e-01 0.0000000000000000e+00 1
-2.1043926283725176e-01 2.0772699958389071e-01 0.0000000000000000e+00 1
-2.1881164430466482e-01 1.9416562536229390e-01 0.0000000000000000e+00 1
-2.2710371064984791e-01 1.8051738811809329e-01 0.0000000000000000e+00 1
-2.3531337153361037e-01 1.6679584573270695e-01 0.0000000000000000e+00 1
-2.4343853661676174e-01 1.5301455608755249e-01 0.0000000000000000e+00 1
-2.5147711556011149e-01 1.3918707706404762e-01 0.0000000000000000e+00 1
-2.5942701802446899e-01 1.2532696654361022e-01 0.0000000000000000e+00 1
-2.6728615367064368e-01 1.1144778240765824e-01 0.0000000000000000e+00 1
-2.7505243215944508e-01 9.7563082537609230e-02 0.0000000000000000e+00 1
-2.8272376315168263e-01 8.3686424814881061e-02 0.0000000000000000e+00 1
-2.9029805630816574e-01 6.9831367120891552e-02 0.0000000000000000e+00 1
-2.9777322128970374e-01 5.6011467337058585e-02 0.0000000000000000e+00 1
-3.0514716775710626e-01 4.2240283344799914e-02 0.0000000000000000e+00 1
-3.1241780537118274e-01 2.8531373025533130e-02 0.0000000000000000e+00 1
-3.1958304379274249e-01 1.4898294260676181e-02 0.0000000000000000e+00 1
-3.2664079268259505e-01 1.3546049316470188e-03 0.0000000000000000e+00 1
-3.3358896170154984e-01 -1.2086137080136727e-02 0.0000000000000000e+00 1
-3.4042546051041628e-01 -2.5410373893257371e-02 0.0000000000000000e+00 1
-3.4714819877000386e-01 -3.8604547626296976e-02 0.0000000000000000e+00 1
-3.5375508614112194e-01 -5.1655100397837647e-02 0.0000000000000000e+00 1
-3.6024403228458007e-01 -6.4548474326461755e-02 0.0000000000000000e+00 1
-3.6661294686118773e-01 -7.7271111530751543e-02 0.0000000000000000e+00 1
-3.7285973953175422e-01 -8.9809454129289132e-02 0.0000000000000000e+00 1
-3.7898231995708898e-01 -1.0214994424065661e-01 0.0000000000000000e+00 1
-3.8497859779800159e-01 -1.1427902398343633e-01 0.0000000000000000e+00 1
-3.9084648271530154e-01 -1.2618313547621055e-01 0.0000000000000000e+00 1
-3.9658388436979802e-01 -1.3784872083756139e-01 0.0000000000000000e+00 1
-4.0218871242230064e-01 -1.4926222218607096e-01 0.0000000000000000e+00 1
-4.0765887653361887e-01 -1.6041008164032156e-01 0.0000000000000000e+00 1
-4.1299228636456209e-01 -1.7127874131889551e-01 0.0000000000000000e+00 1
-4.1818685157593971e-01 -1.8185464334037488e-01 0.0000000000000000e+00 1
-4.2324048182856128e-01 -1.9212422982334182e-01 0.0000000000000000e+00 1
-4.2815108678323621e-01 -2.0207394288637862e-01 0.0000000000000000e+00 1
-4.3291657610077389e-01 -2.1169022464806755e-01 0.0000000000000000e+00 1
-7.6724110002132154e-02 -2.1384888417728731e-01 0.0000000000000000e+00 1
-1.6608323273986576e-03 -2.4046553538093737e-01 0.0000000000000000e+00 1
-1.1603636267228115e-01 -1.9212252079885866e-01 0.0000000000000000e+00 1
-1.5131307922958287e-01 -1.7592321133209909e-01 0.0000000000000000e+00 1
3.4175750382556003e-01 7.0145393065416298e-02 0.0000000000000000e+00 1
-2.0346962718680398e-01 1.9352435918087632e-01 0.0000000000000000e+00 1
5.0544319501136720e-02 -2.5401816357782431e-01 0.0000000000000000e+00 1
-1.7817070386299860e-01 -1.6768969837694908e-01 0.0000000000000000e+00 1
-1.4356800269640591e-01 2.8597340914409891e-01 0.0000000000000000e+00 1
3.4464721943501925e-01 -2.3197346298432314e-02 0.0000000000000000e+00 1
3.3543552567052448e-01 1.6431815611889530e-01 0.0000000000000000e+00 1
-8.1171268436990324e-02 3.6770512197605210e-01 0.0000000000000000e+00 1
1.1004435902444445e-01 -2.7159191597432136e-01 0.0000000000000000e+00 1
-2.5165174588583950e-01 1.1160030533146127e-01 0.0000000000000000e+00 1
3.1976729201910714e-01 2.5688910463330472e-01 0.0000000000000000e+00 1
-1.8387624224757475e-02 4.3728559780852982e-01 0.0000000000000000e+00 1
2.9945820513880184e-01 3.3794131554296364e-01 0.0000000000000000e+00 1
4.8047192544475967e-02 4.8593886448235374e-01 0.0000000000000000e+00 1
-4.5842774574171574e-02 -2.2952928327437597e-01 0.0000000000000000e+00 1
3.4419001408668520e-01 -9.7850200682156288e-02 0.0000000000000000e+00 1
2.7394673554003118e-01 4.0997836809722049e-01 0.0000000000000000e+00 1
-2.0044122220598884e-01 -1.6584984778584094e-01 0.0000000000000000e+00 1
1.6146851611623805e-01 -2.8635817646189876e-01 0.0000000000000000e+00 1
2.2754046137369033e-01 4.8000639382173527e-01 0.0000000000000000e+00 1
-2.8960393664600270e-01 4.3015698393978265e-02 0.0000000000000000e+00 1
1.1318114867682294e-01 5.1296020499448669e-01 0.0000000000000000e+00 1
3.4088504323576019e-01 -1.6668175543850941e-01 0.0000000000000000e+00 1
2.1050177495706116e-01 -2.9863889430068330e-01 0.0000000000000000e+00 1
-2.3064397239308349e-01 -1.6922041038223604e-01 0.0000000000000000e+00 1
3.3654229084650400e-01 -2.1672121131072253e-01 0.0000000000000000e+00 1
-3.1813386707390295e-01 -9.8140920214533217e-03 0.0000000000000000e+00 1
1.7675159402458399e-01 5.1312316572816707e-01 0.0000000000000000e+00 1
2.7275502182584344e-01 -3.0639446349480731e-01 0.0000000000000000e+00 1
-2.6649728587318045e-01 -1.7832202124974095e-01 0.0000000000000000e+00 1
3.1017382186793352e-01 -3.0065368502408918e-01 0.0000000000000000e+00 1
-2.2260679692658693e-02 -2.3699610384154218e-01 0.0000000000000000e+00 1
2.5229487215924917e-01 4.4855861244500012e-01 0.0000000000000000e+00 1
-3.4605449967908691e-01 -6.3675589305941402e-02 0.0000000000000000e+00 1
3.3054861705512495e-01 -2.6024432676974441e-01 0.0000000000000000e+00 1
-2.9554013943213409e-01 -1.8841746717924937e-01 0.0000000000000000e+00 1
-1.3396523254267298e-01 -1.8374968185646040e-01 0.0000000000000000e+00 1
2.4207645293780618e-02 -2.4588307141996593e-01 0.0000000000000000e+00 1
-9.9083234770694945e-02 -2.0110585007571019e-01 0.0000000000000000e+00 1
7.9646552005834204e-02 -2.6307374600523070e-01 0.0000000000000000e+00 1
-2.2776244052200117e-01 1.5280195619473652e-01 0.0000000000000000e+00 1
-1.7817836202159093e-01 2.3459324948640262e-01 0.0000000000000000e+00 1
-3.6548862159897438e-01 -1.0125351280056639e-01 0.0000000000000000e+00 1
3.4370553455514508e-01 2.3675236085339425e-02 0.0000000000000000e+00 1
3.3825798193729723e-01 1.1671966590676319e-01 0.0000000000000000e+00 1
3.2668689943052837e-01 2.0970188780217935e-01 0.0000000000000000e+00 1
-1.0882373312447398e-01 3.3465411216941787e-01 0.0000000000000000e+00 1
-3.2450299118018600e-01 -1.9868195923543913e-01 0.0000000000000000e+00 1
3.1095648647244517e-01 2.9820241400210756e-01 0.0000000000000000e+00 1
-5.3396565306781163e-02 3.9859025097647793e-01 0.0000000000000000e+00 1
-6.0612845042869304e-02 -2.2219077734118692e-01 0.0000000000000000e+00 1
2.8747330300563290e-01 3.7556882756151261e-01 0.0000000000000000e+00 1
2.3937648022410674e-01 -3.0247857413945589e-01 0.0000000000000000e+00 1
9.9419924017647328e-03 4.6067403963823611e-01 0.0000000000000000e+00 1
7.7021941587739964e-02 5.0060077393333580e-01 0.0000000000000000e+00 1
-3.5321050708718255e-01 -2.0854712562850469e-01 0.0000000000000000e+00 1
-3.8364596726201472e-01 -1.3676414659461608e-01 0.0000000000000000e+00 1
1.4070875121475387e-01 5.1643223497770330e-01 0.0000000000000000e+00 1
2.0802795908895350e-01 4.9776494251430004e-01 0.0000000000000000e+00 1
3.2485533103781439e-01 -2.8763409845082999e-01 0.0000000000000000e+00 1
2.9234801745271305e-01 -3.0517734200241392e-01 0.0000000000000000e+00 1
-3.7875668328944118e-01 -2.1913587697377995e-01 0.0000000000000000e+00 1
-4.0103898883253403e-01 -1.7040147792771404e-01 0.0000000000000000e+00 1
-1.8839912515889490e-01 -1.6652118105933855e-01 0.0000000000000000e+00 1
-1.6710194850456112e-01 -1.6983799163637076e-01 0.0000000000000000e+00 1
-2.1455321407596853e-01 -1.6667820711512485e-01 0.0000000000000000e+00 1
-4.0172334578028190e-01 -2.2714031002566462e-01 0.0000000000000000e+00 1
-2.4814592042844252e-01 -1.7321680401372114e-01 0.0000000000000000e+00 1
-4.2482061603383214e-01 -2.3433323477567219e-01 0.0000000000000000e+00 1
-3.3229401803595410e-01 -3.7653779453861565e-02 0.0000000000000000e+00 1
-3.0426301963732344e-01 1.5816359502425669e-02 0.0000000000000000e+00 1
-2.7537710310098928e-01 7.0451782390900552e-02 0.0000000000000000e+00 1
-8.7582508195459513e-02 -2.0817589630699632e-01 0.0000000000000000e+00 1
3.3265691397465702e-01 -2.3961757915026044e-01 0.0000000000000000e+00 1
3.3730930057472819e-01 -1.9247737001616166e-01 0.0000000000000000e+00 1
3.4236462052222594e-01 -1.4007145370500457e-01 0.0000000000000000e+00 1
3.4456067705322013e-01 -6.8522161337398996e-02 0.0000000000000000e+00 1
1.2954891172710575e-01 -2.7722732584082832e-01 0.0000000000000000e+00 1
-1.6068734674888480e-01 2.5971922225993310e-01 0.0000000000000000e+00 1
-1.2582961662143635e-01 3.0979017779199763e-01 0.0000000000000000e+00 1
-4.3792020079796601e-01 -2.3063211981644957e-01 0.0000000000000000e+00 1
1.8175414908627205e-01 -2.9170065352944741e-01 0.0000000000000000e+00 1
-4.1195598288706514e-01 -1.9129906442760630e-01 0.0000000000000000e+00 1
-3.5896356534789738e-02 4.1830650751798604e-01 0.0000000000000000e+00 1
-4.1446274774271602e-01 -2.3101571460878323e-01 0.0000000000000000e+00 1
2.8962429157060487e-02 4.7433766285659418e-01 0.0000000000000000e+00 1
2.6325183758548193e-01 4.3028660157993637e-01 0.0000000000000000e+00 1
2.5621526149252177e-01 -3.0580160453950272e-01 0.0000000000000000e+00 1
-3.5996424885009690e-02 -2.3410878568446436e-01 0.0000000000000000e+00 1
2.3984750134961144e-01 4.6672532898765184e-01 0.0000000000000000e+00 1
9.3886368970253611e-02 5.0604147018699086e-01 0.0000000000000000e+00 1
1.9308778621098852e-01 5.0839565300000711e-01 0.0000000000000000e+00 1
1.6012149892684752e-01 5.1595777082916217e-01 0.0000000000000000e+00 1
-4.3250150175808755e-01 -2.3460250249039738e-01 0.0000000000000000e+00 1
-4.2304501128146349e-01 -2.1081310434389883e-01 0.0000000000000000e+00 1
3.2934194228589503e-01 -2.7824498869185643e-01 0.0000000000000000e+00 1
-4.3490018797868280e-01 -2.2465324965893493e-01 0.0000000000000000e+00 1
3.1855570174059028e-01 -2.9603294295572408e-01 0.0000000000000000e+00 1
-4.2630522047912589e-01 -2.1874064912304764e-01 0.0000000000000000e+00 1
-4.1844035456833534e-01 -2.1840141785846040e-01 0.0000000000000000e+00 1
-4.1376487696124459e-01 -2.1097166724264074e-01 0.0000000000000000e+00 1
-4.2230970585126859e-01 -2.2572301474750273e-01 0.0000000000000000e+00 1
-4.0996949972733687e-01 -2.1817278328691153e-01 0.0000000000000000e+00 1
-4.0453570028515073e-01 -2.1160698303976624e-01 0.0000000000000000e+00 1
-4.0849905468452186e-01 -2.0289227264740356e-01 0.0000000000000000e+00 1
-3.9908352626672899e-01 -2.0405635799333960e-01 0.0000000000000000e+00 1
-3.9529577574652319e-01 -2.1192271115246200e-01 0.0000000000000000e+00 1
-3.8944544319998875e-01 -2.0491458939457771e-01 0.0000000000000000e+00 1
-3.9346984204370583e-01 -1.9600695771117738e-01 0.0000000000000000e+00 1
-3.8337029787810661e-01 -1.9712025094998037e-01 0.0000000000000000e+00 1
-3.8752707344462800e-01 -1.8758703630075307e-01 0.0000000000000000e+00 1
-3.7687680447814748e-01 -1.8872643461690147e-01 0.0000000000000000e+00 1
-3.8130589781190383e-01 -1.7881924005776209e-01 0.0000000000000000e+00 1
-3.7028651537789392e-01 -1.7998887891427295e-01 0.0000000000000000e+00 1
-3.7486524115790631e-01 -1.6972445486406787e-01 0.0000000000000000e+00 1
-3.6370548879571901e-01 -1.7099534889850451e-01 0.0000000000000000e+00 1
-3.5920037180045095e-01 -1.8126999274853489e-01 0.0000000000000000e+00 1
-3.5253791982557475e-01 -1.7231516854990894e-01 0.0000000000000000e+00 1
-3.5694367462149224e-01 -1.6195080091627950e-01 0.0000000000000000e+00 1
-3.4564538095935582e-01 -1.6327356322621858e-01 0.0000000000000000e+00 1
-3.5008834312395848e-01 -1.5268934257806227e-01 0.0000000000000000e+00 1
-3.3857474469836013e-01 -1.5410108119825983e-01 0.0000000000000000e+00 1
-3.4310981038448918e-01 -1.4333624000704609e-01 0.0000000000000000e+00 1
-3.3145208409065796e-01 -1.4468451732953785e-01 0.0000000000000000e+00 1
-3.3606070252299802e-01 -1.3389967801274774e-01 0.0000000000000000e+00 1
-3.2431837640336630e-01 -1.3525488593312687e-01 0.0000000000000000e+00 1
-3.2863132296782588e-01 -1.2403973639955986e-01 0.0000000000000000e+00 1
-3.1710439111323657e-01 -1.2594766719935127e-01 0.0000000000000000e+00 1
-3.1267551007006034e-01 -1.3665773240934109e-01 0.0000000000000000e+00 1
-3.0569763680715434e-01 -1.2745929089568014e-01 0.0000000000000000e+00 1
-3.1005568620684132e-01 -1.1683518124814081e-01 0.0000000000000000e+00 1
-2.9875801291529563e-01 -1.1831346530011405e-01 0.0000000000000000e+00 1
-3.0306968581602933e-01 -1.0777333586635340e-01 0.0000000000000000e+00 1
-2.9182859138120165e-01 -1.0924431205064569e-01 0.0000000000000000e+00 1
-2.9536746162813055e-01 -9.8454314730610518e-02 0.0000000000000000e+00 1
-2.8465018056369729e-01 -1.0045961991106336e-01 0.0000000000000000e+00 1
-2.8087586359849326e-01 -1.1109379924235402e-01 0.0000000000000000e+00 1
-2.7394139384657368e-01 -1.0192790159395809e-01 0.0000000000000000e+00 1
-2.7790269112525579e-01 -9.1911534200508141e-02 0.0000000000000000e+00 1
-2.6731832355233859e-01 -9.3407214692118226e-02 0.0000000000000000e+00 1
-2.7128900660067023e-01 -8.3357211337454606e-02 0.0000000000000000e+00 1
-2.6069982382743978e-01 -8.4989506071304538e-02 0.0000000000000000e+00 1
-2.5681856394677915e-01 -9.4816379693282382e-02 0.0000000000000000e+00 1
-2.5021328003997645e-01 -8.6531384489086705e-02 0.0000000000000000e+00 1
-2.5407335267881559e-01 -7.6695662112558655e-02 0.0000000000000000e+00 1
-2.4355218250002647e-01 -7.8324004870116648e-02 0.0000000000000000e+00 1
-2.4736021196387628e-01 -6.8368996754931105e-02 0.0000000000000000e+00 1
-2.3687397967278317e-01 -7.0138695338845453e-02 0.0000000000000000e+00 1
-2.3210587174188693e-01 -8.0494683556159866e-02 0.0000000000000000e+00 1
-2.2651904911639612e-01 -7.1934360567640160e-02 0.0000000000000000e+00 1
-2.3009025632375252e-01 -6.2012473020629268e-02 0.0000000000000000e+00 1
-2.1967775592045849e-01 -6.3883101679174797e-02 0.0000000000000000e+00 1
-2.1608039342718879e-01 -7.3346189147105945e-02 0.0000000000000000e+00 1
-2.0936699190330479e-01 -6.5853445255933243e-02 0.0000000000000000e+00 1
-2.1277145124760813e-01 -5.5813308306223497e-02 0.0000000000000000e+00 1
-2.0233026276663790e-01 -5.7816352019720699e-02 0.0000000000000000e+00 1
-2.0569958077515066e-01 -4.7629526757262133e-02 0.0000000000000000e+00 1
-1.9503413008388540e-01 -4.9786413384426409e-02 0.0000000000000000e+00 1
-1.9173121195182813e-01 -5.9920120110381211e-02 0.0000000000000000e+00 1
-1.8439334141645589e-01 -5.2080931974050448e-02 0.0000000000000000e+00 1
-1.8770819714707296e-01 -4.1612892246888911e-02 0.0000000000000000e+00 1
-1.7687872455074213e-01 -4.3939703951726472e-02 0.0000000000000000e+00 1
-1.7355607954719415e-01 -5.4353439613091303e-02 0.0000000000000000e+00 1
-1.6594396893158805e-01 -4.6379164459662260e-02 0.0000000000000000e+00 1
-1.6932064146976558e-01 -3.5662653907261824e-02 0.0000000000000000e+00 1
-1.5822129371768989e-01 -3.8223715451826235e-02 0.0000000000000000e+00 1
-1.6142393574384289e-01 -2.7487131671905113e-02 0.0000000000000000e+00 1
-1.5044497264212492e-01 -2.9949384066134000e-02 0.0000000000000000e+00 1
-1.4712072775740015e-01 -4.0847322048843726e-02 0.0000000000000000e+00 1
-1.3936370885544691e-01 -3.2581269800956283e-02 0.0000000000000000e+00 1
-1.3618201306947353e-01 -4.3463572346919922e-02 0.0000000000000000e+00 1
-1.2829430671225409e-01 -3.5230620986787656e-02 0.0000000000000000e+00 1
-1.3150699756457848e-01 -2.4328073655820161e-02 0.0000000000000000e+00 1
-1.2027211282637008e-01 -2.6922412857727909e-02 0.0000000000000000e+00 1
-1.1699943181319827e-01 -3.7972687650836619e-02 0.0000000000000000e+00 1
-1.0889592913682536e-01 -2.9765285355772171e-02 0.0000000000000000e+00 1
-1.1218445307723686e-01 -1.8471420921293828e-02 0.0000000000000000e+00 1
-1.0083419261228312e-01 -2.1355444184128360e-02 0.0000000000000000e+00 1
-9.7534553599578494e-02 -3.2661627614401986e-02 0.0000000000000000e+00 1
-8.9477869471027593e-02 -2.4284911899740101e-02 0.0000000000000000e+00 1
-8.6281453762211913e-02 -3.5512641823609754e-02 0.0000000000000000e+00 1
-7.8200404615043309e-02 -2.7214418031172263e-02 0.0000000000000000e+00 1
-8.1303147930220906e-02 -1.5855550346292567e-02 0.0000000000000000e+00 1
-6.9836504899992352e-02 -1.8826567925500311e-02 0.0000000000000000e+00 1
-7.2935915044016711e-02 -7.3129159593216461e-03 0.0000000000000000e+00 1
-6.1220564867022445e-02 -1.0390677990556658e-02 0.0000000000000000e+00 1
-6.4488282349329518e-02 1.3591104662180611e-03 0.0000000000000000e+00 1
-5.2715121151029581e-02 -1.7245313818562841e-03 0.0000000000000000e+00 1
-4.9552387491911418e-02 -1.3500965512475448e-02 0.0000000000000000e+00 1
-4.0931418013117407e-02 -4.8575573578377024e-03 0.0000000000000000e+00 1
-4.4098466698100455e-02 7.0201095770028258e-03 0.0000000000000000e+00 1
-3.2184295137202674e-02 3.8323209736553245e-03 0.0000000000000000e+00 1
-3.5622865746568852e-02 1.6120833489702613e-02 0.0000000000000000e+00 1
-2.3344430062309827e-02 1.2675308458255591e-02 0.0000000000000000e+00 1
-2.6836170422730791e-02 2.5087807368407645e-02 0.0000000000000000e+00 1
-1.4361169849602198e-02 2.1553461308548370e-02 0.0000000000000000e+00 1
-1.1599179954803820e-02 9.1851859347094160e-03 0.0000000000000000e+00 1
-1.7875674066453115e-02 3.4068223513048154e-02 0.0000000000000000e+00 1
-5.2931888080492654e-03 3.0517586340624937e-02 0.0000000000000000e+00 1
-8.8404703297833669e-03 4.3155281659808073e-02 0.0000000000000000e+00 1
3.5398198648823476e-03 3.9500002406465132e-02 0.0000000000000000e+00 1
4.5440822836541805e-04 5.2080017570679933e-02 0.0000000000000000e+00 1
1.2784980401813129e-02 4.8713462216202777e-02 0.0000000000000000e+00 1
9.6904441351292944e-03 6.1303005350751873e-02 0.0000000000000000e+00 1
2.2413877467168417e-02 5.8009990394953838e-02 0.0000000000000000e+00 1
1.8789678224135735e-02 7.0888459697918640e-02 0.0000000000000000e+00 1
3.1786735495924021e-02 6.7248575313566386e-02 0.0000000000000000e+00 1
2.8117057060672985e-02 8.0317674452369342e-02 0.0000000000000000e+00 1
3.4517072999001572e-02 5.4428203431385769e-02 0.0000000000000000e+00 1
4.1232846936897660e-02 7.6613930459684315e-02 0.0000000000000000e+00 1
3.7775240039656204e-02 8.9515890398423142e-02 0.0000000000000000e+00 1
5.0772868118245232e-02 8.6009515648850302e-02 0.0000000000000000e+00 1
4.7314049926777554e-02 9.8987127624075355e-02 0.0000000000000000e+00 1
6.0363065155773901e-02 9.5492652376292134e-02 0.0000000000000000e+00 1
5.6884735486142840e-02 1.0859120705331030e-01 0.0000000000000000e+00 1
7.0000393567248770e-02 1.0505059959695268e-01 0.0000000000000000e+00 1
6.6505616033668738e-02 1.1820758309095286e-01 0.0000000000000000e+00 1
-3.1658037105843036e-02 3.7846543411438602e-02 0.0000000000000000e+00 1
5.3887633593185423e-03 7.4532115775106100e-02 0.0000000000000000e+00 1
4.3735898337750420e-02 1.1201166308959098e-01 0.0000000000000000e+00 1
7.2970380753097849e-02 9.1839877164138134e-02 0.0000000000000000e+00 1
7.9662439155393380e-02 1.1464995915596259e-01 0.0000000000000000e+00 1
7.6160162728937275e-02 1.2784042038368912e-01 0.0000000000000000e+00 1
8.9346296570163991e-02 1.2427006659589224e-01 0.0000000000000000e+00 1
8.5836728864314010e-02 1.3748326117870491e-01 0.0000000000000000e+00 1
9.9035091331199060e-02 1.3390145217838018e-01 0.0000000000000000e+00 1
9.5523157997302877e-02 1.4709840702610036e-01 0.0000000000000000e+00 1
8.2366998447153866e-02 1.5064057989115776e-01 0.0000000000000000e+00 1
9.2006985616258655e-02 1.6027078225862512e-01 0.0000000000000000e+00 1
7.8848861606476223e-02 1.6380153067955494e-01 0.0000000000000000e+00 1
8.8488427691765986e-02 1.7345573786768059e-01 0.0000000000000000e+00 1
7.5305288206245879e-02 1.7698611990439786e-01 0.0000000000000000e+00 1
8.4951908779554941e-02 1.8665227351139685e-01 0.0000000000000000e+00 1
7.1770320435283100e-02 1.9019778448065430e-01 0.0000000000000000e+00 1
8.1453455772940400e-02 1.9983237217266572e-01 0.0000000000000000e+00 1
9.4572718044800247e-02 1.9629847089137062e-01 0.0000000000000000e+00 1
9.0689206126616698e-02 2.0932252499703388e-01 0.0000000000000000e+00 1
7.7915710771994898e-02 2.1296734441832679e-01 0.0000000000000000e+00 1
8.7511528511715689e-02 2.2246099028166161e-01 0.0000000000000000e+00 1
9.9491885324720947e-02 2.1862541004769723e-01 0.0000000000000000e+00 1
9.6686469360983046e-02 2.3213479148059160e-01 0.0000000000000000e+00 1
1.0863023777996202e-01 1.4313676977021145e-01 0.0000000000000000e+00 1
1.1226442358675100e-01 1.3021018690760564e-01 0.0000000000000000e+00 1
8.4072446048620880e-02 2.3547002314433865e-01 0.0000000000000000e+00 1
9.3616835304113494e-02 2.4494053005118982e-01 0.0000000000000000e+00 1
1.0621924515087962e-01 2.4172602574929086e-01 0.0000000000000000e+00 1
1.0305899130961994e-01 2.5432388264901490e-01 0.0000000000000000e+00 1
9.0292857254710743e-02 2.5773031885397119e-01 0.0000000000000000e+00 1
1.0009930840863641e-01 2.6653916151617646e-01 0.0000000000000000e+00 1
1.1238504748089007e-01 2.6358080314834181e-01 0.0000000000000000e+00 1
1.0895276873738463e-01 2.7618697421098787e-01 0.0000000000000000e+00 1
1.2192430527069538e-01 1.3951882645844146e-01 0.0000000000000000e+00 1
1.2567232212405041e-01 1.2678483120862730e-01 0.0000000000000000e+00 1
9.5977210863964865e-02 2.7949714100390610e-01 0.0000000000000000e+00 1
1.0588042745321093e-01 2.8835374146921505e-01 0.0000000000000000e+00 1
1.1799701291212578e-01 2.8549743690076240e-01 0.0000000000000000e+00 1
1.1465204360187138e-01 2.9789184086185888e-01 0.0000000000000000e+00 1
1.0207887568299216e-01 3.0138930568635824e-01 0.0000000000000000e+00 1
1.1168723822832995e-01 3.1041318753534392e-01 0.0000000000000000e+00 1
1.2365559185584865e-01 3.0704347079715461e-01 0.0000000000000000e+00 1
1.2045453782116847e-01 3.1932315852325044e-01 0.0000000000000000e+00 1
1.3544156324108739e-01 1.3643984282583932e-01 0.0000000000000000e+00 1
1.3905679475016897e-01 1.2297557168250500e-01 0.0000000000000000e+00 1
1.0856054668709400e-01 3.2266559551618024e-01 0.0000000000000000e+00 1
1.1699004434438887e-01 3.3147337784010544e-01 0.0000000000000000e+00 1
1.3275188115519293e-01 3.1612115043548028e-01 0.0000000000000000e+00 1
1.4901395513021293e-01 1.3291172012162047e-01 0.0000000000000000e+00 1
1.5270816568332610e-01 1.1954004322525126e-01 0.0000000000000000e+00 1
1.0496282217880795e-01 3.3468759932279674e-01 0.0000000000000000e+00 1
1.1380326166097920e-01 3.4352282820639629e-01 0.0000000000000000e+00 1
1.6264092636193805e-01 1.2929717525377268e-01 0.0000000000000000e+00 1
1.6629835475438509e-01 1.1561901170142774e-01 0.0000000000000000e+00 1
1.0166562583150374e-01 3.4670159533976302e-01 0.0000000000000000e+00 1
1.1041531145852304e-01 3.5546860196688695e-01 0.0000000000000000e+00 1
1.5468884935288046e-01 1.0455875132449240e-01 0.0000000000000000e+00 1
1.6966757216662970e-01 1.0169211146095350e-01 0.0000000000000000e+00 1
1.6018639940549612e-01 9.1328969502962667e-02 0.0000000000000000e+00 1
1.7355804777352316e-01 8.8018587171586976e-02 0.0000000000000000e+00 1
1.6354707001814853e-01 7.8055156755998834e-02 0.0000000000000000e+00 1
1.7716280083856809e-01 7.4398395726486877e-02 0.0000000000000000e+00 1
1.6714094397767543e-01 6.4466351558123289e-02 0.0000000000000000e+00 1
1.8074565822362337e-01 6.0765810710265752e-02 0.0000000000000000e+00 1
1.7076362406181428e-01 5.0867276161097576e-02 0.0000000000000000e+00 1
1.8365086438577774e-01 4.7000382150646287e-02 0.0000000000000000e+00 1
1.7427474675832222e-01 3.7293266117012072e-02 0.0000000000000000e+00 1
1.8705928168839586e-01 3.3437779344890076e-02 0.0000000000000000e+00 1
1.7786430616287074e-01 2.3794392410132419e-02 0.0000000000000000e+00 1
1.9123903702788714e-01 2.0149056495474944e-02 0.0000000000000000e+00 1
1.8155355086460689e-01 1.0414466850618729e-02 0.0000000000000000e+00 1
1.9490737755490928e-01 6.7842179223907961e-03 0.0000000000000000e+00 1
1.8511241464078998e-01 -2.8855077500600634e-03 0.0000000000000000e+00 1
1.7190322823659748e-01 6.9693265493932319e-04 0.0000000000000000e+00 1
1.7539310112061637e-01 -1.2478472408236446e-02 0.0000000000000000e+00 1
1.6228468406125043e-01 -8.9677320932103829e-03 0.0000000000000000e+00 1
1.6619185247202639e-01 -2.1895482990595357e-02 0.0000000000000000e+00 1
1.7876164214270432e-01 -2.5576910054961273e-02 0.0000000000000000e+00 1
1.6922874467380436e-01 -3.4953241673939935e-02 0.0000000000000000e+00 1
1.5719407298308824e-01 -3.0754557289915458e-02 0.0000000000000000e+00 1
1.5990795358578719e-01 -4.4235204234793865e-02 0.0000000000000000e+00 1
1.7249069744815773e-01 -4.7832024591739887e-02 0.0000000000000000e+00 1
1.6313756792166292e-01 -5.7046193296671890e-02 0.0000000000000000e+00 1
1.5049620499173572e-01 -5.3614159999122529e-02 0.0000000000000000e+00 1
1.5379697001802523e-01 -6.6193044278123572e-02 0.0000000000000000e+00 1
1.4181992053514733e-01 -6.3293328020070372e-02 0.0000000000000000e+00 1
1.4446789766426577e-01 -7.5133433428670376e-02 0.0000000000000000e+00 1
1.3281115637513030e-01 -7.2425426998452405e-02 0.0000000000000000e+00 1
1.5764918467759617e-01 -7.9520712094756932e-02 0.0000000000000000e+00 1
1.3534267800151775e-01 -8.4035826174879535e-02 0.0000000000000000e+00 1
1.2332794541004860e-01 -8.0898652126447923e-02 0.0000000000000000e+00 1
1.2640372282674339e-01 -9.2910372263998939e-02 0.0000000000000000e+00 1
1.1442398097975146e-01 -8.9674427436522791e-02 0.0000000000000000e+00 1
1.1753544200200652e-01 -1.0153901866148665e-01 0.0000000000000000e+00 1
1.0569181448431585e-01 -9.8292352306560735e-02 0.0000000000000000e+00 1
1.0890747086417332e-01 -1.0967758108337114e-01 0.0000000000000000e+00 1
9.7314217384542337e-02 -1.0676436221716101e-01 0.0000000000000000e+00 1
1.2054025520344513e-01 -1.1227093587671533e-01 0.0000000000000000e+00 1
9.9930126556283874e-02 -1.1757291331035875e-01 0.0000000000000000e+00 1
8.8873511072873473e-02 -1.1484861988954823e-01 0.0000000000000000e+00 1
8.6003213938195613e-02 -1.0399386715083161e-01 0.0000000000000000e+00 1
7.8030179831185570e-02 -1.1216442930217177e-01 0.0000000000000000e+00 1
8.0668021650435420e-02 -1.2282501126711680e-01 0.0000000000000000e+00 1
7.0089165371969242e-02 -1.1996908710528260e-01 0.0000000000000000e+00 1
6.7361757703613925e-02 -1.0957644893671031e-01 0.0000000000000000e+00 1
5.9627561874052853e-02 -1.1732340637442648e-01 0.0000000000000000e+00 1
6.2366480407180028e-02 -1.2760188684271032e-01 0.0000000000000000e+00 1
5.2109893457266382e-02 -1.2487049675843712e-01 0.0000000000000000e+00 1
4.9259395132241417e-02 -1.1465219299238689e-01 0.0000000000000000e+00 1
4.1887299469917885e-02 -1.2214463491228442e-01 0.0000000000000000e+00 1
3.9065548619722335e-02 -1.1200875008671178e-01 0.0000000000000000e+00 1
3.1768072127477967e-02 -1.1952124671622985e-01 0.0000000000000000e+00 1
3.4662469067340065e-02 -1.2914828603557707e-01 0.0000000000000000e+00 1
2.4603883276174451e-02 -1.2676699090769319e-01 0.0000000000000000e+00 1
1.2111111647725999e-01 -6.8132099811407151e-02 0.0000000000000000e+00 1
2.1637385996153145e-02 -1.1695273951507082e-01 0.0000000000000000e+00 1
1.4698321831875267e-02 -1.2431058156988631e-01 0.0000000000000000e+00 1
1.7598018768409714e-02 -1.3360270844809430e-01 0.0000000000000000e+00 1
7.8691706860966985e-03 -1.3139324836953026e-01 0.0000000000000000e+00 1
4.7355092384587724e-03 -1.2182595392817781e-01 0.0000000000000000e+00 1
-1.7127906252086037e-03 -1.2909162872833518e-01 0.0000000000000000e+00 1
1.1059562648144711e-03 -1.3840156007591933e-01 0.0000000000000000e+00 1
-8.2400434150749040e-03 -1.3607060068017235e-01 0.0000000000000000e+00 1
-1.1541917570219504e-02 -1.2670622727884170e-01 0.0000000000000000e+00 1
-1.7565745078062689e-02 -1.3387518587520336e-01 0.0000000000000000e+00 1
-1.4784577800473122e-02 -1.4281937048174970e-01 0.0000000000000000e+00 1
-2.3792143436678251e-02 -1.4064435662270791e-01 0.0000000000000000e+00 1
-2.6570413342982564e-02 -1.3183794146999889e-01 0.0000000000000000e+00 1
-3.2760973719114045e-02 -1.3856674472382219e-01 0.0000000000000000e+00 1
-3.5542181326901505e-02 -1.2981434295213273e-01 0.0000000000000000e+00 1
-4.1764474234906770e-02 -1.3652861013770576e-01 0.0000000000000000e+00 1
9.8474109360996764e-02 3.5861746413960538e-01 0.0000000000000000e+00 1
8.9726938352347782e-02 3.4990332379390027e-01 0.0000000000000000e+00 1
1.0717040169388432e-01 3.6725694497235334e-01 0.0000000000000000e+00 1
1.1908647610132800e-01 3.6422126725933412e-01 0.0000000000000000e+00 1
1.1577258730931841e-01 3.7585664349823977e-01 0.0000000000000000e+00 1
1.2743469741747238e-01 3.7282343375108817e-01 0.0000000000000000e+00 1
1.2431506900629025e-01 3.8430314603020072e-01 0.0000000000000000e+00 1
1.3581267058085217e-01 3.8127983437200175e-01 0.0000000000000000e+00 1
1.3270320700364177e-01 3.9277944162459127e-01 0.0000000000000000e+00 1
1.7959377680697489e-01 1.1219209109411246e-01 0.0000000000000000e+00 1
-4.4494037056107771e-02 -1.2780553461871100e-01 0.0000000000000000e+00 1
-5.0533338718907472e-02 -1.3418837409765622e-01 0.0000000000000000e+00 1
1.4414998585003286e-01 3.8971799712747679e-01 0.0000000000000000e+00 1
1.4117672793388386e-01 4.0108724258325579e-01 0.0000000000000000e+00 1
-5.3418010023737333e-02 -1.2591950888923581e-01 0.0000000000000000e+00 1
-5.9596655138787341e-02 -1.3196691486946088e-01 0.0000000000000000e+00 1
-6.2351257899436949e-02 -1.2401483886562531e-01 0.0000000000000000e+00 1
-6.8652633483264489e-02 -1.3023338871998294e-01 0.0000000000000000e+00 1
-4.7356362324468895e-02 -1.1948666001958790e-01 0.0000000000000000e+00 1
-2.1125633683355873e-02 -1.4938382529911989e-01 0.0000000000000000e+00 1
-3.7829832166404093e-02 -1.6631091200140554e-02 0.0000000000000000e+00 1
1.1312308217427704e-01 3.8751148510845812e-01 0.0000000000000000e+00 1
1.9524231156650218e-01 5.7016521069878368e-02 0.0000000000000000e+00 1
8.6506187506884824e-02 3.6187014872736922e-01 0.0000000000000000e+00 1
7.7669219019800270e-02 3.5309633819521291e-01 0.0000000000000000e+00 1
-7.1195636095185783e-02 -1.2190402357670438e-01 0.0000000000000000e+00 1
-7.7181067535840364e-02 -1.2785148886251835e-01 0.0000000000000000e+00 1
1.5898605587183426e-01 1.4294029867252356e-01 0.0000000000000000e+00 1
2.0478721430883712e-01 1.6532698550112537e-02 0.0000000000000000e+00 1
2.0834273562966166e-01 3.0876961148646482e-03 0.0000000000000000e+00 1
1.5245902835369796e-01 3.9807544042954801e-01 0.0000000000000000e+00 1
1.5558690959934332e-01 3.8686859700431764e-01 0.0000000000000000e+00 1
1.4933978674120846e-01 4.0930145142522451e-01 0.0000000000000000e+00 1
-7.9936018281093479e-02 -1.1976277067509136e-01 0.0000000000000000e+00 1
-8.6049379939814555e-02 -1.2614720251302575e-01 0.0000000000000000e+00 1
1.3827392655917575e-01 4.1231268059784754e-01 0.0000000000000000e+00 1
-4.8137989028170868e-02 -1.4396515899867693e-01 0.0000000000000000e+00 1
7.4423903774057859e-02 3.6528125562074720e-01 0.0000000000000000e+00 1
6.5512730128713073e-02 3.5633769123840953e-01 0.0000000000000000e+00 1
-8.8714553693912068e-02 -1.1784422412013497e-01 0.0000000000000000e+00 1
-9.4934498215188637e-02 -1.2475727543126737e-01 0.0000000000000000e+00 1
1.4627428043251539e-01 4.2039301283490066e-01 0.0000000000000000e+00 1
1.6385996275927567e-01 3.9514401180203979e-01 0.0000000000000000e+00 1
1.6703014386082921e-01 3.8386488015882653e-01 0.0000000000000000e+00 1
-9.7461672000786606e-02 -1.1596683818692194e-01 0.0000000000000000e+00 1
-1.0354282322944824e-01 -1.2283506246493381e-01 0.0000000000000000e+00 1
1.3532091626114653e-01 4.2334267656726438e-01 0.0000000000000000e+00 1
2.1828038534481847e-01 1.2893154581439914e-02 0.0000000000000000e+00 1
2.2187251310985695e-01 -7.1430140341119700e-04 0.0000000000000000e+00 1
-7.5526109978887646e-02 -1.3580803988862228e-01 0.0000000000000000e+00 1
-1.0613121477330464e-01 -1.1403991052939279e-01 0.0000000000000000e+00 1
-1.1207154891044099e-01 -1.2094157741138352e-01 0.0000000000000000e+00 1
6.2068276691766108e-02 1.8050326670909389e-01 0.0000000000000000e+00 1
-7.3810292294265320e-02 -1.1324619705997929e-01 0.0000000000000000e+00 1
-1.1472908877117299e-01 -1.1212526107015974e-01 0.0000000000000000e+00 1
-1.2059432632260443e-01 -1.1862430621563753e-01 0.0000000000000000e+00 1
6.2247440442720528e-02 3.6863716612792513e-01 0.0000000000000000e+00 1
5.3238744621983483e-02 3.5960038838287894e-01 0.0000000000000000e+00 1
1.7540730242125069e-01 3.9222515231781935e-01 0.0000000000000000e+00 1
1.7853576297034249e-01 3.8067535383735579e-01 0.0000000000000000e+00 1
1.4328961068805507e-01 4.3131316762859540e-01 0.0000000000000000e+00 1
1.5798460110132459e-01 5.4389997188171821e-02 0.0000000000000000e+00 1
-1.0103392450198211e-01 -1.3194414958688672e-01 0.0000000000000000e+00 1
5.6538675118416155e-02 3.4726144178796314e-01 0.0000000000000000e+00 1
4.4100442284154669e-02 3.5055322205301193e-01 0.0000000000000000e+00 1
4.7809428955890500e-02 3.3765748632464399e-01 0.0000000000000000e+00 1
3.4883424137324370e-02 3.4135193413276377e-01 0.0000000000000000e+00 1
3.8657619897100433e-02 3.2826531818870652e-01 0.0000000000000000e+00 1
2.5931162462059738e-02 3.3199139017526363e-01 0.0000000000000000e+00 1
2.9302369330395643e-02 3.1884192122238059e-01 0.0000000000000000e+00 1
1.6412721182665416e-02 3.2224948744517667e-01 0.0000000000000000e+00 1
2.0068826423508879e-02 3.0896291772584050e-01 0.0000000000000000e+00 1
6.4404908817266363e-03 3.1269941621730646e-01 0.0000000000000000e+00 1
1.0233034174958343e-02 2.9957847534620402e-01 0.0000000000000000e+00 1
-2.8293177228429353e-03 3.0301893316165213e-01 0.0000000000000000e+00 1
4.0473148114494872e-04 2.9009176664056341e-01 0.0000000000000000e+00 1
-1.4494192226649725e-02 2.9460084811337767e-01 0.0000000000000000e+00 1
-9.7071243614764054e-03 2.8051850518996246e-01 0.0000000000000000e+00 1
-2.2989387108262534e-02 2.8412541715092182e-01 0.0000000000000000e+00 1
-1.9398130654671594e-02 2.7061787188191500e-01 0.0000000000000000e+00 1
-3.2955956617753732e-02 2.7424358919223235e-01 0.0000000000000000e+00 1
-2.9327359900114786e-02 2.6064898162913164e-01 0.0000000000000000e+00 1
-1.2331080893530050e-01 -1.1013863420593238e-01 0.0000000000000000e+00 1
-1.2916052182111684e-01 -1.1659536107204388e-01 0.0000000000000000e+00 1
1.5414178306619433e-01 4.2841629879753401e-01 0.0000000000000000e+00 1
1.3236763184551442e-01 4.3428834544647438e-01 0.0000000000000000e+00 1
-1.5757600373341025e-02 2.5704634677052562e-01 0.0000000000000000e+00 1
-2.5655521853526073e-02 2.4707843229525916e-01 0.0000000000000000e+00 1
-3.9256125754421403e-02 2.5067216829753808e-01 0.0000000000000000e+00 1
-3.5587847906476594e-02 2.3706153308032868e-01 0.0000000000000000e+00 1
-4.9265415976537559e-02 2.4067226167868364e-01 0.0000000000000000e+00 1
-4.5576520536684074e-02 2.2698208282976354e-01 0.0000000000000000e+00 1
-5.9309039617174084e-02 2.3062605092025232e-01 0.0000000000000000e+00 1
-5.5578476355616281e-02 2.1689273292376771e-01 0.0000000000000000e+00 1
-4.1859059631079901e-02 2.1327754575943869e-01 0.0000000000000000e+00 1
-5.1860314390763530e-02 2.0316910640525998e-01 0.0000000000000000e+00 1
-6.5592748563941025e-02 2.0680033192528857e-01 0.0000000000000000e+00 1
-6.1863565599126182e-02 1.9306284575645083e-01 0.0000000000000000e+00 1
-7.5583601691843902e-02 1.9667852124317875e-01 0.0000000000000000e+00 1
-7.1816428525717235e-02 1.8297172448822396e-01 0.0000000000000000e+00 1
-5.8135798804652639e-02 1.7937501843295325e-01 0.0000000000000000e+00 1
-6.8056132820949480e-02 1.6932400563177588e-01 0.0000000000000000e+00 1
-8.1764437153483055e-02 1.7289013975654879e-01 0.0000000000000000e+00 1
-7.7994397144039607e-02 1.5925034526235929e-01 0.0000000000000000e+00 1
-9.1697765191803976e-02 1.6278988479470288e-01 0.0000000000000000e+00 1
-8.7983152542090132e-02 1.4909935381812567e-01 0.0000000000000000e+00 1
-1.0165637531899685e-01 1.5269781088257087e-01 0.0000000000000000e+00 1
-9.7926796028773341e-02 1.3901222692066914e-01 0.0000000000000000e+00 1
-1.1159579419018512e-01 1.4259380382465564e-01 0.0000000000000000e+00 1
-1.0777504065371840e-01 1.2897725437189064e-01 0.0000000000000000e+00 1
-9.4252750142083966e-02 1.2543608849320034e-01 0.0000000000000000e+00 1
-1.0402808183033271e-01 1.1548247951550733e-01 0.0000000000000000e+00 1
-1.1751498671436561e-01 1.1895983446672126e-01 0.0000000000000000e+00 1
-1.1381112435175490e-01 1.0558027724960037e-01 0.0000000000000000e+00 1
-1.2720970832709577e-01 1.0902708561281060e-01 0.0000000000000000e+00 1
-1.2347744230636766e-01 9.5725108957062544e-02 0.0000000000000000e+00 1
-1.3683696107460325e-01 9.9109904476534588e-02 0.0000000000000000e+00 1
-1.3339023175225329e-01 8.6124147844055116e-02 0.0000000000000000e+00 1
-1.4648470836336364e-01 8.9250956832872402e-02 0.0000000000000000e+00 1
-1.4309870370476496e-01 7.6363231873075116e-02 0.0000000000000000e+00 1
-1.5605831900087902e-01 7.9476518159164344e-02 0.0000000000000000e+00 1
-5.4396731906994539e-02 1.6578513412544660e-01 0.0000000000000000e+00 1
2.3187797287648187e-01 9.2181635841677330e-03 0.0000000000000000e+00 1
2.3548604537420262e-01 -4.4967403774174792e-03 0.0000000000000000e+00 1
-7.6225172967998592e-02 4.3926848672096522e-03 0.0000000000000000e+00 1
-7.5145476824022520e-02 -3.8398371348985549e-02 0.0000000000000000e+00 1
-1.2649591653945480e-01 -1.2476365714571915e-01 0.0000000000000000e+00 1
-1.3478213825941499e-01 -1.2281371362219062e-01 0.0000000000000000e+00 1
-1.3740014692319080e-01 -1.1486031819604237e-01 0.0000000000000000e+00 1
-1.4293833199839681e-01 -1.2102277568127176e-01 0.0000000000000000e+00 1
-1.4554590855974270e-01 -1.1313940475464340e-01 0.0000000000000000e+00 1
-1.5105797248389047e-01 -1.1928125755220188e-01 0.0000000000000000e+00 1
1.8703228907242414e-01 3.8923099442444747e-01 0.0000000000000000e+00 1
1.9018576955059166e-01 3.7754678511944872e-01 0.0000000000000000e+00 1
1.5122790129550318e-01 4.3917026308622603e-01 0.0000000000000000e+00 1
1.6189515490886899e-01 4.3637631734336746e-01 0.0000000000000000e+00 1
-1.5241594961743454e-01 6.6412839073956398e-02 0.0000000000000000e+00 1
-1.6552090301775393e-01 6.9701283686840587e-02 0.0000000000000000e+00 1
-1.1008073696358978e-01 9.2344093960467943e-02 0.0000000000000000e+00 1
-1.0040013785198712e-01 -1.0730024670404714e-01 0.0000000000000000e+00 1
5.0025594803845080e-02 3.7190521541129473e-01 0.0000000000000000e+00 1
5.8982977633059971e-02 3.8092110176359462e-01 0.0000000000000000e+00 1
-1.5367346820296826e-01 -1.1139021702491514e-01 0.0000000000000000e+00 1
-1.5920616652008790e-01 -1.1756231596669388e-01 0.0000000000000000e+00 1
2.3028406350929245e-02 3.4413618531394863e-01 0.0000000000000000e+00 1
-1.2084985866046855e-02 2.4350847184356841e-01 0.0000000000000000e+00 1
-1.4106509928099648e-01 1.1217300464201248e-01 0.0000000000000000e+00 1
2.4558104360677882e-01 5.5171230255620695e-03 0.0000000000000000e+00 1
2.4914225305503751e-01 -8.2423489290893090e-03 0.0000000000000000e+00 1
2.4194588971542932e-01 1.9300795653913141e-02 0.0000000000000000e+00 1
2.3906721523115776e-01 -1.8215256338445927e-02 0.0000000000000000e+00 1
2.5268549957735847e-01 -2.1979357685725398e-02 0.0000000000000000e+00 1
2.4294672372378190e-01 -3.1788172461375094e-02 0.0000000000000000e+00 1
2.5618934642928287e-01 -3.5631211734750770e-02 0.0000000000000000e+00 1
2.4656013586440120e-01 -4.5375045350909346e-02 0.0000000000000000e+00 1
2.5966597140730574e-01 -4.9234950357959634e-02 0.0000000000000000e+00 1
2.4966486171409555e-01 -5.9003315084261883e-02 0.0000000000000000e+00 1
-1.1542106430105710e-01 1.5633204573554935e-01 0.0000000000000000e+00 1
-1.6188986439135591e-01 5.6701915328329446e-02 0.0000000000000000e+00 1
-1.7496352605803328e-01 5.9989063975128751e-02 0.0000000000000000e+00 1
-1.3235694636039624e-01 -1.3069444327742541e-01 0.0000000000000000e+00 1
2.6308128916331608e-01 -6.2711403677894045e-02 0.0000000000000000e+00 1
2.5312380795114392e-01 -7.2422821843459328e-02 0.0000000000000000e+00 1
-1.3871818666105096e-01 6.4163764566908157e-02 0.0000000000000000e+00 1
-1.4808981199435964e-01 -1.0511332497004892e-01 0.0000000000000000e+00 1
1.5907630875622214e-01 4.4692339595011354e-01 0.0000000000000000e+00 1
1.6957008816341496e-01 4.4418650207195137e-01 0.0000000000000000e+00 1
-5.6811309445336843e-03 3.1450588809689484e-01 0.0000000000000000e+00 1
4.6830675140929555e-02 3.8416453172776888e-01 0.0000000000000000e+00 1
5.5744731422415379e-02 3.9305024242554271e-01 0.0000000000000000e+00 1
-1.6174833484348808e-01 -1.0979912583735281e-01 0.0000000000000000e+00 1
-1.6734774668583671e-01 -1.1593815257568357e-01 0.0000000000000000e+00 1
-1.6475414276987541e-01 -1.2362809001390870e-01 0.0000000000000000e+00 1
-1.7296634660399515e-01 -1.2216693121600598e-01 0.0000000000000000e+00 1
1.3949040908886115e-02 2.8636415876349230e-01 0.0000000000000000e+00 1
-1.7546365175722670e-01 -1.1434172830454561e-01 0.0000000000000000e+00 1
-1.8117018674354460e-01 -1.2075620033213672e-01 0.0000000000000000e+00 1
1.9867019574619307e-01 3.8617715775770672e-01 0.0000000000000000e+00 1
2.0197563233452923e-01 3.7440513608149467e-01 0.0000000000000000e+00 1
1.9331134317937407e-01 3.6564893496382656e-01 0.0000000000000000e+00 1
2.0530478574015010e-01 3.6244413929089037e-01 0.0000000000000000e+00 1
1.9647518044873702e-01 3.5354214753227686e-01 0.0000000000000000e+00 1
2.0870406635595487e-01 3.5028178062051785e-01 0.0000000000000000e+00 1
1.9972416872381507e-01 3.4120260091252164e-01 0.0000000000000000e+00 1
2.1216775715345437e-01 3.3795012268565561e-01 0.0000000000000000e+00 1
2.0304570553761189e-01 3.2873952580878679e-01 0.0000000000000000e+00 1
2.1524970363946067e-01 3.2530214479602060e-01 0.0000000000000000e+00 1
2.0634137708351552e-01 3.1605215129030662e-01 0.0000000000000000e+00 1
2.1860405771414254e-01 3.1215971176683477e-01 0.0000000000000000e+00 1
2.0971736000855129e-01 3.0315095023597705e-01 0.0000000000000000e+00 1
2.2258133214961973e-01 2.9932802227911676e-01 0.0000000000000000e+00 1
2.1113622530008969e-01 2.8838810161683992e-01 0.0000000000000000e+00 1
2.2600583705898747e-01 2.8642870941297827e-01 0.0000000000000000e+00 1
2.1671012075384180e-01 2.7537413223982560e-01 0.0000000000000000e+00 1
2.2997778787324935e-01 2.7330102077509422e-01 0.0000000000000000e+00 1
2.2070898054565583e-01 2.6313770132894376e-01 0.0000000000000000e+00 1
2.3378666894901290e-01 2.6022996491108924e-01 0.0000000000000000e+00 1
2.2404107892191300e-01 2.5035634513943694e-01 0.0000000000000000e+00 1
2.1070834555473467e-01 2.5292283097081730e-01 0.0000000000000000e+00 1
2.1416815829816355e-01 2.4040557434357346e-01 0.0000000000000000e+00 1
2.2762550463501663e-01 2.3701138588367068e-01 0.0000000000000000e+00 1
2.1792480782270621e-01 2.2707757893929451e-01 0.0000000000000000e+00 1
2.3136663899664969e-01 2.2340713895465317e-01 0.0000000000000000e+00 1
2.0477582206237277e-01 2.2902468510091356e-01 0.0000000000000000e+00 1
2.2135169369607249e-01 2.1340507465443340e-01 0.0000000000000000e+00 1
2.3493637242863133e-01 2.0963922095858206e-01 0.0000000000000000e+00 1
2.2520043620278354e-01 1.9960457212812671e-01 0.0000000000000000e+00 1
2.3876623059308996e-01 1.9581806083173292e-01 0.0000000000000000e+00 1
2.2870097470045309e-01 1.8563646982381213e-01 0.0000000000000000e+00 1
2.4244246521665347e-01 1.8179793932031019e-01 0.0000000000000000e+00 1
2.6651309088933561e-01 -7.6086946962315466e-02 0.0000000000000000e+00 1
2.5669858740560481e-01 -8.5623885927261181e-02 0.0000000000000000e+00 1
2.4137376959659262e-01 -8.2776818478163691e-02 0.0000000000000000e+00 1
2.4707116077306870e-01 -9.5118549408093389e-02 0.0000000000000000e+00 1
2.5998476335674842e-01 -9.8710915795149165e-02 0.0000000000000000e+00 1
2.5036774760679914e-01 -1.0797978376910684e-01 0.0000000000000000e+00 1
2.3767830343258942e-01 -1.0446046146703000e-01 0.0000000000000000e+00 1
2.4099408908925282e-01 -1.1718425923510729e-01 0.0000000000000000e+00 1
2.5353811535127224e-01 -1.2070295587703936e-01 0.0000000000000000e+00 1
2.4420485206246384e-01 -1.2969998372589059e-01 0.0000000000000000e+00 1
2.3184411296639132e-01 -1.2622870444011813e-01 0.0000000000000000e+00 1
2.3498459050684883e-01 -1.3860244269999492e-01 0.0000000000000000e+00 1
2.2275155858437570e-01 -1.3522804426950771e-01 0.0000000000000000e+00 1
2.2590398587152943e-01 -1.4741934026094514e-01 0.0000000000000000e+00 1
2.3800438329543222e-01 -1.5084569239640527e-01 0.0000000000000000e+00 1
2.2926307892917414e-01 -1.5978777251561882e-01 0.0000000000000000e+00 1
2.1707566112164534e-01 -1.5621324730239461e-01 0.0000000000000000e+00 1
2.2041855595879103e-01 -1.6842040666750427e-01 0.0000000000000000e+00 1
2.0840240390969450e-01 -1.6489425421727416e-01 0.0000000000000000e+00 1
2.1089389491244151e-01 -1.7613261916021219e-01 0.0000000000000000e+00 1
1.9928866766840095e-01 -1.7308786039597646e-01 0.0000000000000000e+00 1
2.2300700150891656e-01 -1.8118461381288942e-01 0.0000000000000000e+00 1
2.0199104544784102e-01 -1.8433056083539034e-01 0.0000000000000000e+00 1
1.9062559137467708e-01 -1.8145404140203514e-01 0.0000000000000000e+00 1
1.9386437003046267e-01 -1.9309866449625024e-01 0.0000000000000000e+00 1
1.8259109670295506e-01 -1.9002360917729044e-01 0.0000000000000000e+00 1
1.8561428404156077e-01 -2.0146448321511709e-01 0.0000000000000000e+00 1
1.9682676503047061e-01 -2.0463410196940260e-01 0.0000000000000000e+00 1
1.7433568912880473e-01 -1.9827187198642640e-01 0.0000000000000000e+00 1
1.7093781438504829e-01 -1.8675528663759727e-01 0.0000000000000000e+00 1
1.6302852748066521e-01 -1.9515794798240607e-01 0.0000000000000000e+00 1
1.9579955736044652e-01 -1.6121698468534379e-01 0.0000000000000000e+00 1
1.6601613896353157e-01 -2.0638955216807991e-01 0.0000000000000000e+00 1
1.5484606717866453e-01 -2.0329947243532892e-01 0.0000000000000000e+00 1
1.5192819415188502e-01 -1.9216891321171159e-01 0.0000000000000000e+00 1
1.4379303385215578e-01 -2.0022258550827260e-01 0.0000000000000000e+00 1
1.4087467722015254e-01 -1.8915602892458994e-01 0.0000000000000000e+00 1
1.3279020018614346e-01 -1.9713713421339510e-01 0.0000000000000000e+00 1
1.2990384163283514e-01 -1.8618345462371383e-01 0.0000000000000000e+00 1
1.2186846964527839e-01 -1.9410975129633637e-01 0.0000000000000000e+00 1
1.1842048159877686e-01 -1.8298636296674473e-01 0.0000000000000000e+00 1
1.1103736719602571e-01 -1.9113960250524023e-01 0.0000000000000000e+00 1
1.1388851024268157e-01 -2.0186508521832081e-01 0.0000000000000000e+00 1
1.0324650690311477e-01 -1.9892151173519745e-01 0.0000000000000000e+00 1
1.0046137467493668e-01 -1.8836673209984456e-01 0.0000000000000000e+00 1
9.2783091073434548e-02 -1.9602534049692261e-01 0.0000000000000000e+00 1
1.3794921609318034e-01 -1.7813186329442909e-01 0.0000000000000000e+00 1
-1.6965516211743292e-01 8.2600606903082324e-02 0.0000000000000000e+00 1
9.0040672815246983e-02 -1.8561334322923420e-01 0.0000000000000000e+00 1
8.2504324762610798e-02 -1.9311045053233816e-01 0.0000000000000000e+00 1
-6.3033200750566620e-02 2.4440821209027419e-01 0.0000000000000000e+00 1
-1.7137362733427269e-01 4.7046465871227537e-02 0.0000000000000000e+00 1
-1.8438292891294031e-01 5.0365182495501072e-02 0.0000000000000000e+00 1
1.5778528665215688e-01 -2.1432092900635402e-01 0.0000000000000000e+00 1
1.9824286384597961e-01 2.9441697159880231e-01 0.0000000000000000e+00 1
2.5579785849717995e-01 1.5572859825167137e-02 0.0000000000000000e+00 1
2.5221061740073836e-01 2.9440978020662027e-02 0.0000000000000000e+00 1
-3.6575787279953545e-02 2.8786253815363222e-01 0.0000000000000000e+00 1
7.9800231094016141e-02 -1.8290038323862914e-01 0.0000000000000000e+00 1
7.2375715345249669e-02 -1.9023974261797372e-01 0.0000000000000000e+00 1
2.3238459898489700e-01 1.7154224224683703e-01 0.0000000000000000e+00 1
2.4649147065253765e-01 1.6780491727033559e-01 0.0000000000000000e+00 1
-8.3072696479342803e-02 -4.6543717958494532e-02 0.0000000000000000e+00 1
-7.1970555173664949e-02 -4.9311466204789448e-02 0.0000000000000000e+00 1
6.9746308685048192e-02 -1.8023638525278213e-01 0.0000000000000000e+00 1
6.2477521427526495e-02 -1.8747126795427946e-01 0.0000000000000000e+00 1
-1.8077141627212870e-01 3.7514900737772763e-02 0.0000000000000000e+00 1
-1.9367800511883443e-01 4.0767882546084669e-02 0.0000000000000000e+00 1
7.5013082590038790e-02 -2.0032867701620749e-01 0.0000000000000000e+00 1
2.1381037655041268e-01 3.7153219339086735e-01 0.0000000000000000e+00 1
4.3695508438747921e-02 3.9633060546056442e-01 0.0000000000000000e+00 1
5.2535129251381388e-02 4.0510136147167508e-01 0.0000000000000000e+00 1
2.3617713686002043e-01 1.5740939961522221e-01 0.0000000000000000e+00 1
2.4992169342833784e-01 1.5354371320061447e-01 0.0000000000000000e+00 1
2.3990627503741602e-01 1.4318074767367572e-01 0.0000000000000000e+00 1
2.5374204941842093e-01 1.3926861919819492e-01 0.0000000000000000e+00 1
2.4371076836984612e-01 1.2892808861903887e-01 0.0000000000000000e+00 1
2.5800310184314906e-01 1.2509536452529813e-01 0.0000000000000000e+00 1
2.4761211098921487e-01 1.1464224942529340e-01 0.0000000000000000e+00 1
2.6194038897644406e-01 1.1080300266907486e-01 0.0000000000000000e+00 1
1.6670369405028390e-01 4.5459187400071693e-01 0.0000000000000000e+00 1
1.5636692505346333e-01 4.5734285066024427e-01 0.0000000000000000e+00 1
-1.9013109130576425e-01 2.8020188860877138e-02 0.0000000000000000e+00 1
-2.0292850824531938e-01 3.1229193934204126e-02 0.0000000000000000e+00 1
2.2344337102039716e-01 3.3401863280114991e-01 0.0000000000000000e+00 1
-1.7022569233668169e-01 -1.2963431107470066e-01 0.0000000000000000e+00 1
1.7711531631874991e-01 4.5186844673570159e-01 0.0000000000000000e+00 1
-1.8359762809018682e-01 -1.1275241600706713e-01 0.0000000000000000e+00 1
-1.8922736552433228e-01 -1.1918349420641680e-01 0.0000000000000000e+00 1
2.4464909347045818e-01 2.1936296087865786e-01 0.0000000000000000e+00 1
1.0615541789942987e-01 -2.0901230018429784e-01 0.0000000000000000e+00 1
1.9549031097235528e-01 3.9779705704372248e-01 0.0000000000000000e+00 1
-1.9742514271246331e-01 5.3739333923038313e-02 0.0000000000000000e+00 1
-1.6843247588565755e-01 3.4583884474069335e-02 0.0000000000000000e+00 1
5.9881168267295656e-02 -1.7763541263229179e-01 0.0000000000000000e+00 1
5.2782093926434327e-02 -1.8470165275294842e-01 0.0000000000000000e+00 1
2.6622390756332021e-01 -2.5785691229177964e-02 0.0000000000000000e+00 1
2.3593435751589442e-01 2.9654036273649870e-01 0.0000000000000000e+00 1
2.1574157548900244e-01 1.8864505046744506e-01 0.0000000000000000e+00 1
2.6615590491481822e-01 2.5699281471486181e-02 0.0000000000000000e+00 1
-1.9925646322590010e-01 1.9272335405624303e-02 0.0000000000000000e+00 1
-2.1215540576733372e-01 2.1946936684683407e-02 0.0000000000000000e+00 1
2.5616615325091063e-01 1.7799484057657783e-01 0.0000000000000000e+00 1
-7.9997680617980169e-02 -5.7396757673284837e-02 0.0000000000000000e+00 1
-6.9304742741642347e-02 -6.0169052129828517e-02 0.0000000000000000e+00 1
1.2438534549241305e-01 4.2630753990238812e-01 0.0000000000000000e+00 1
1.2147269975802033e-01 4.3727585350255216e-01 0.0000000000000000e+00 1
1.1348545578905565e-01 4.2929181930667581e-01 0.0000000000000000e+00 1
1.1063432177434954e-01 4.4024172186591271e-01 0.0000000000000000e+00 1
1.1859299179070233e-01 4.4816426325885628e-01 0.0000000000000000e+00 1
1.0777398840480978e-01 4.5119003865140633e-01 0.0000000000000000e+00 1
9.9768949702525950e-02 4.4327663753077751e-01 0.0000000000000000e+00 1
1.1567807530031411e-01 4.5879367493915391e-01 0.0000000000000000e+00 1
5.0222482258732132e-02 -1.7507226432879508e-01 0.0000000000000000e+00 1
4.3306029673067972e-02 -1.8204511196304030e-01 0.0000000000000000e+00 1
4.5640980759269797e-02 -1.9144332154204308e-01 0.0000000000000000e+00 1
3.6442092095755815e-02 -1.8885679898150554e-01 0.0000000000000000e+00 1
3.8762107335339718e-02 -1.9797446188976459e-01 0.0000000000000000e+00 1
2.9790090927121704e-02 -1.9536848153324782e-01 0.0000000000000000e+00 1
2.7476153508729284e-02 -1.8648738126747502e-01 0.0000000000000000e+00 1
2.0965537787904859e-02 -1.9287604641328110e-01 0.0000000000000000e+00 1
1.8646660461667512e-02 -1.8441917936144284e-01 0.0000000000000000e+00 1
1.2413255770047437e-02 -1.9064893375494529e-01 0.0000000000000000e+00 1
1.4624328838628279e-02 -1.9893524667916168e-01 0.0000000000000000e+00 1
6.3496283720059030e-03 -1.9655412384193041e-01 0.0000000000000000e+00 1
4.1692117156265024e-03 -1.8847512975985703e-01 0.0000000000000000e+00 1
-1.7199608879375564e-03 -1.9426198520862492e-01 0.0000000000000000e+00 1
8.7237303884332762e-02 -1.7533306504932017e-01 0.0000000000000000e+00 1
3.4811971862239069e-02 3.8755575495683059e-01 0.0000000000000000e+00 1
4.2643718506198469e-02 3.1477756047607952e-01 0.0000000000000000e+00 1
-1.9189344139824094e-01 -1.1112605449566479e-01 0.0000000000000000e+00 1
-1.9741935338482333e-01 -1.1757234549715846e-01 0.0000000000000000e+00 1
-1.9470607279056851e-01 -1.2555818923121562e-01 0.0000000000000000e+00 1
-2.0302474624199376e-01 -1.2416856885682739e-01 0.0000000000000000e+00 1
-3.0137135181530017e-01 -1.3800821725272416e-01 0.0000000000000000e+00 1
-3.8708225922559590e-03 -1.8634565902051536e-01 0.0000000000000000e+00 1
-9.5831574805481309e-03 -1.9217053512261575e-01 0.0000000000000000e+00 1
-7.5507124370262956e-03 -1.9983710036024405e-01 0.0000000000000000e+00 1
-1.5159851533588984e-02 -1.9773767546529725e-01 0.0000000000000000e+00 1
-1.7232497527325991e-02 -1.9020756167106728e-01 0.0000000000000000e+00 1
-2.2675772553072938e-02 -1.9570756135205514e-01 0.0000000000000000e+00 1
-2.4749461965829739e-02 -1.8827077928911551e-01 0.0000000000000000e+00 1
-3.0111161826407568e-02 -1.9371796322821713e-01 0.0000000000000000e+00 1
-3.2165948932790650e-02 -1.8634003394402843e-01 0.0000000000000000e+00 1
-3.7496624216580218e-02 -1.9175266312537778e-01 0.0000000000000000e+00 1
-3.9539304406376652e-02 -1.8442143357198937e-01 0.0000000000000000e+00 1
-4.4855774767000534e-02 -1.8972671252047674e-01 0.0000000000000000e+00 1
-4.6877596060923572e-02 -1.8249522137705354e-01 0.0000000000000000e+00 1
-5.2171963629883363e-02 -1.8777795670270409e-01 0.0000000000000000e+00 1
-5.4185208264086432e-02 -1.8058454118174966e-01 0.0000000000000000e+00 1
-5.9449705050846569e-02 -1.8592646920050676e-01 0.0000000000000000e+00 1
-6.1496129986190168e-02 -1.7881670392581206e-01 0.0000000000000000e+00 1
-6.6715838816609238e-02 -1.8404308199632885e-01 0.0000000000000000e+00 1
-6.8757873278355044e-02 -1.7695178207165407e-01 0.0000000000000000e+00 1
-2.0592261181007113e-01 -1.1609673863590875e-01 0.0000000000000000e+00 1
-2.1157420030968616e-01 -1.2281999612176393e-01 0.0000000000000000e+00 1
2.6252470065640443e-01 3.9725605991894404e-02 0.0000000000000000e+00 1
2.7644406749750949e-01 -6.6419359139994943e-02 0.0000000000000000e+00 1
1.8742066053662282e-01 3.4457967563028602e-01 0.0000000000000000e+00 1
4.0576010893509998e-02 4.0841364388297907e-01 0.0000000000000000e+00 1
4.9364716051751495e-02 4.1710058467029487e-01 0.0000000000000000e+00 1
-1.8630478942746775e-01 -1.0457425914824969e-01 0.0000000000000000e+00 1
-2.8144782855807553e-02 -2.0107332814976245e-01 0.0000000000000000e+00 1
1.6385520190215941e-01 4.6486573567226075e-01 0.0000000000000000e+00 1
1.5373143496116404e-01 4.6761476935174440e-01 0.0000000000000000e+00 1
2.7657728180698804e-01 3.5970971671117118e-02 0.0000000000000000e+00 1
2.8009876505550985e-01 2.2276404015644045e-02 0.0000000000000000e+00 1
9.6932954036506716e-02 4.5425148827306222e-01 0.0000000000000000e+00 1
-2.0816310193562168e-01 8.8281445716932479e-03 0.0000000000000000e+00 1
-2.2148034972081287e-01 1.2522948331320619e-02 0.0000000000000000e+00 1
-2.2501960988641515e-01 2.5207859221244484e-02 0.0000000000000000e+00 1
-2.3424098997361922e-01 1.5611322006580688e-02 0.0000000000000000e+00 1
-2.3077616156918504e-01 3.1034336492363050e-03 0.0000000000000000e+00 1
-2.4339775803942271e-01 6.0540863000483891e-03 0.0000000000000000e+00 1
-2.3972983648424478e-01 -6.9831180879973672e-03 0.0000000000000000e+00 1
-7.3957307673275158e-02 -1.8214313369887214e-01 0.0000000000000000e+00 1
-7.5966569388082911e-02 -1.7497983945229661e-01 0.0000000000000000e+00 1
-1.6260168062016556e-01 -1.3119880683083843e-01 0.0000000000000000e+00 1
-1.6768887656704273e-01 -1.3680562357052006e-01 0.0000000000000000e+00 1
-1.6045236126118995e-01 -1.3831262490271376e-01 0.0000000000000000e+00 1
3.2041389662532040e-02 -2.0420200951756720e-01 0.0000000000000000e+00 1
4.0964786391065856e-02 -2.0697313586602628e-01 0.0000000000000000e+00 1
2.6815815831397122e-01 1.3415999241918494e-01 0.0000000000000000e+00 1
-4.2557495042461153e-02 -1.9655141643203278e-01 0.0000000000000000e+00 1
-2.5192042606677745e-01 -3.9960261924821220e-03 0.0000000000000000e+00 1
-2.0020863144793985e-01 -1.3195541056579638e-01 0.0000000000000000e+00 1
-1.2873876147860747e-02 -2.0515765419370019e-01 0.0000000000000000e+00 1
8.4084014603780319e-03 -2.0462348825536641e-01 0.0000000000000000e+00 1
-1.2427552820489001e-02 -1.5156422844631745e-01 0.0000000000000000e+00 1
6.4580722712745162e-02 4.0184001607378139e-01 0.0000000000000000e+00 1
-7.7042495520719456e-02 -6.7837795298749934e-02 0.0000000000000000e+00 1
-8.7429766030243675e-02 -6.5208445278218619e-02 0.0000000000000000e+00 1
-6.6730650386104290e-02 -7.0505525286003581e-02 0.0000000000000000e+00 1
-5.8599576214500966e-02 -6.2939815604404814e-02 0.0000000000000000e+00 1
-5.6247224846536194e-02 -7.3286260896017114e-02 0.0000000000000000e+00 1
-4.8407708772366290e-02 -6.5829124305987863e-02 0.0000000000000000e+00 1
-4.5738780722422843e-02 -7.6157882448686029e-02 0.0000000000000000e+00 1
-3.8123602328645485e-02 -6.8566916747344692e-02 0.0000000000000000e+00 1
-3.5324251046453523e-02 -7.8935300607564346e-02 0.0000000000000000e+00 1
-2.7740562654306578e-02 -7.1336509632217660e-02 0.0000000000000000e+00 1
-2.4806171366410029e-02 -8.1187216179925067e-02 0.0000000000000000e+00 1
-1.7390702486563145e-02 -7.4048322005219047e-02 0.0000000000000000e+00 1
-2.0107693591142849e-02 -6.3555708699323005e-02 0.0000000000000000e+00 1
-9.6618022665130102e-03 -6.6791348156742383e-02 0.0000000000000000e+00 1
-1.2308045683195176e-02 -5.5691113443883833e-02 0.0000000000000000e+00 1
-1.4905143196428964e-03 -5.9016348729345504e-02 0.0000000000000000e+00 1
-4.3250905184750114e-03 -4.7630885134695891e-02 0.0000000000000000e+00 1
6.7640565077797853e-03 -5.0631631316226895e-02 0.0000000000000000e+00 1
9.5839498876307029e-03 -6.2124879466243357e-02 0.0000000000000000e+00 1
1.7948823082149446e-02 -5.3709458322220335e-02 0.0000000000000000e+00 1
1.5048606414041580e-02 -4.2319871075491622e-02 0.0000000000000000e+00 1
2.6401877073966754e-02 -4.5454172885870336e-02 0.0000000000000000e+00 1
2.3467149283586387e-02 -3.3959697710184866e-02 0.0000000000000000e+00 1
3.5152516112291685e-02 -3.7204563767680415e-02 0.0000000000000000e+00 1
3.1613209395094696e-02 -2.5420983700642955e-02 0.0000000000000000e+00 1
4.3757347850518387e-02 -2.8723543664299068e-02 0.0000000000000000e+00 1
4.6892592855243921e-02 -4.0583432624914553e-02 0.0000000000000000e+00 1
5.5720815195973231e-02 -3.1997582227178252e-02 0.0000000000000000e+00 1
5.2322053850352025e-02 -2.0020883961405712e-02 0.0000000000000000e+00 1
6.4647053775563901e-02 -2.3372722171189929e-02 0.0000000000000000e+00 1
6.1232071827865983e-02 -1.1129930413780364e-02 0.0000000000000000e+00 1
7.3876272726500769e-02 -1.4753259816727607e-02 0.0000000000000000e+00 1
7.0534570869475843e-02 -2.1132464904879784e-03 0.0000000000000000e+00 1
8.3163508551742482e-02 -5.9056658956771453e-03 0.0000000000000000e+00 1
7.9798687169960039e-02 6.9092207842196942e-03 0.0000000000000000e+00 1
9.2404489918286217e-02 3.1509806931728414e-03 0.0000000000000000e+00 1
8.9213018317858619e-02 1.5865132954813274e-02 0.0000000000000000e+00 1
5.8640818467431813e-02 -4.3917705920009709e-02 0.0000000000000000e+00 1
1.0187234820851943e-01 1.2194924722403612e-02 0.0000000000000000e+00 1
9.8635986227513378e-02 2.4998433712003290e-02 0.0000000000000000e+00 1
9.5649056617402098e-02 -9.6270329379130673e-03 0.0000000000000000e+00 1
2.0747986400079646e-02 -6.4926305541052137e-02 0.0000000000000000e+00 1
5.7481703884331700e-02 1.5041984288467387e-03 0.0000000000000000e+00 1
2.3628418587885228e-01 -5.4144188692834161e-02 0.0000000000000000e+00 1
-2.4672777484190869e-01 -9.6263530487627494e-02 0.0000000000000000e+00 1
-2.5257605554260265e-01 -1.0459992019950393e-01 0.0000000000000000e+00 1
4.0788545906358088e-02 -1.7256843056983351e-01 0.0000000000000000e+00 1
-1.4382612532444583e-01 -5.1665305291714092e-02 0.0000000000000000e+00 1
2.5665689884638909e-01 -1.3325129382891215e-01 0.0000000000000000e+00 1
2.4188419196322167e-01 -1.6346365281426162e-01 0.0000000000000000e+00 1
1.3818844312549600e-01 -9.6533393646878879e-02 0.0000000000000000e+00 1
1.3567297509950754e-01 -2.0805463005100916e-01 0.0000000000000000e+00 1
1.4948315706451509e-01 8.0790733024283565e-02 0.0000000000000000e+00 1
1.7575368083445467e-01 -6.0579352501043751e-02 0.0000000000000000e+00 1
8.5948177727607045e-02 2.8608295481224157e-02 0.0000000000000000e+00 1
9.5403942768248803e-02 3.7854796864131644e-02 0.0000000000000000e+00 1
-9.0614298057041437e-02 1.1202858056317951e-01 0.0000000000000000e+00 1
1.6459208729450872e-01 2.7434891956508924e-02 0.0000000000000000e+00 1
1.8855950805025584e-01 -2.1276116422961666e-01 0.0000000000000000e+00 1
1.9960070865616200e-01 -2.1590056089093426e-01 0.0000000000000000e+00 1
1.9144733030352340e-01 -2.2387139806700765e-01 0.0000000000000000e+00 1
2.0229336719397556e-01 -2.2697174490973729e-01 0.0000000000000000e+00 1
1.9420347013899089e-01 -2.3480447394374682e-01 0.0000000000000000e+00 1
2.0495681307215474e-01 -2.3783831633607128e-01 0.0000000000000000e+00 1
2.1298574353668565e-01 -2.3014733733292550e-01 0.0000000000000000e+00 1
2.1578212824612264e-01 -2.4083747384077805e-01 0.0000000000000000e+00 1
2.2357467263144515e-01 -2.3327940487025728e-01 0.0000000000000000e+00 1
2.2637236956059725e-01 -2.4383275851457289e-01 0.0000000000000000e+00 1
2.3406280319562156e-01 -2.3635964316102498e-01 0.0000000000000000e+00 1
2.3666971522855079e-01 -2.4687063856916611e-01 0.0000000000000000e+00 1
2.4442476655098438e-01 -2.3941354023534780e-01 0.0000000000000000e+00 1
2.4697745377334104e-01 -2.4979348864560930e-01 0.0000000000000000e+00 1
2.5476864540588534e-01 -2.4241523576161234e-01 0.0000000000000000e+00 1
2.5222542279646393e-01 -2.3189439492379607e-01 0.0000000000000000e+00 1
2.6270996111538458e-01 -2.3498101646999492e-01 0.0000000000000000e+00 1
2.6493173398524672e-01 -2.4559848050966818e-01 0.0000000000000000e+00 1
2.5971071493798514e-01 -2.2384276631265587e-01 0.0000000000000000e+00 1
2.7071377580621203e-01 -2.2736636476909322e-01 0.0000000000000000e+00 1
2.6765839008156883e-01 -2.1602332947735584e-01 0.0000000000000000e+00 1
2.7892155108364453e-01 -2.1966856419310959e-01 0.0000000000000000e+00 1
2.7597864106137993e-01 -2.0827821707712429e-01 0.0000000000000000e+00 1
2.0821373251280223e-01 -2.4839518844780178e-01 0.0000000000000000e+00 1
2.3932135577907970e-01 -2.5712372394546157e-01 0.0000000000000000e+00 1
2.4937438867880118e-01 -2.5999240944919400e-01 0.0000000000000000e+00 1
1.2606542684495936e-01 3.4045915664247722e-01 0.0000000000000000e+00 1
2.7298584545820237e-01 5.0061420864872787e-02 0.0000000000000000e+00 1
2.6013502756302542e-01 5.5073587008219127e-02 0.0000000000000000e+00 1
1.3732198838597087e-01 -5.0393769440911472e-02 0.0000000000000000e+00 1
1.0254170274290127e-01 -8.6793918247673935e-02 0.0000000000000000e+00 1
1.8001271625020868e-01 4.4145897776374055e-01 0.0000000000000000e+00 1
1.8751660880619031e-01 4.4920272714866494e-01 0.0000000000000000e+00 1
1.8456330274484012e-01 4.5951916806921927e-01 0.0000000000000000e+00 1
2.7986466206280020e-01 -7.9858357751669079e-02 0.0000000000000000e+00 1
-4.1602659344312780e-02 -1.7724384876008464e-01 0.0000000000000000e+00 1
8.9295921412762824e-02 4.4642755754840513e-01 0.0000000000000000e+00 1
-8.0841080382230812e-02 1.2186341663257258e-01 0.0000000000000000e+00 1
-7.7176229315090605e-02 1.0855666320139169e-01 0.0000000000000000e+00 1
-6.7518910065044152e-02 1.1830778896496980e-01 0.0000000000000000e+00 1
-6.3878917662503171e-02 1.0508147029796429e-01 0.0000000000000000e+00 1
-5.4277748350180129e-02 1.1478288017178245e-01 0.0000000000000000e+00 1
-5.0753019778441225e-02 1.0161382200122183e-01 0.0000000000000000e+00 1
-4.1199216144563539e-02 1.1086872492755284e-01 0.0000000000000000e+00 1
-6.0248644511912593e-02 9.1972651537792549e-02 0.0000000000000000e+00 1
-2.4837804153565779e-01 -1.6843044266764882e-02 0.0000000000000000e+00 1
1.1387968837569798e-02 -7.4017069654132767e-02 0.0000000000000000e+00 1
2.8119184315166207e-01 -2.3033879400603841e-01 0.0000000000000000e+00 1
-8.1167030327858117e-02 -1.8022658061037117e-01 0.0000000000000000e+00 1
-8.3172265877157966e-02 -1.7309904119771363e-01 0.0000000000000000e+00 1
-8.8332936154964570e-02 -1.7838488611920991e-01 0.0000000000000000e+00 1
-9.0338782199880979e-02 -1.7119438035594975e-01 0.0000000000000000e+00 1
-3.8191856634765542e-02 1.9953321398839954e-01 0.0000000000000000e+00 1
2.2207131816090334e-01 1.6125763029618759e-01 0.0000000000000000e+00 1
5.8532549092760212e-02 1.9376205970046939e-01 0.0000000000000000e+00 1
4.8791839592198238e-02 1.8402366250749885e-01 0.0000000000000000e+00 1
4.5233439935592687e-02 1.9732770452777509e-01 0.0000000000000000e+00 1
3.5474970113221961e-02 1.8758870362711133e-01 0.0000000000000000e+00 1
3.9045998799689119e-02 1.7424070805673833e-01 0.0000000000000000e+00 1
2.5695644154701134e-02 1.7780113702349615e-01 0.0000000000000000e+00 1
2.2113701942089441e-02 1.9118010443771430e-01 0.0000000000000000e+00 1
-1.3317148901134473e-01 -5.4205043443843005e-02 0.0000000000000000e+00 1
-4.7232640702388626e-02 8.8535610842820051e-02 0.0000000000000000e+00 1
-5.6693023859638876e-02 7.8969582336199023e-02 0.0000000000000000e+00 1
1.9238591570860936e-01 3.1870191902801143e-01 0.0000000000000000e+00 1
2.1955463478795834e-01 -1.2287829205076700e-01 0.0000000000000000e+00 1
2.6603543315019607e-01 -1.2425807439794015e-01 0.0000000000000000e+00 1
2.6923118987064371e-01 -1.3693273173044129e-01 0.0000000000000000e+00 1
2.7856400326096864e-01 -1.2785995646238027e-01 0.0000000000000000e+00 1
2.8178503790258536e-01 -1.4058076015997345e-01 0.0000000000000000e+00 1
6.2259401958363984e-03 2.6820846642202845e-02 0.0000000000000000e+00 1
-1.5391259823890024e-01 -1.9440739492779913e-02 0.0000000000000000e+00 1
1.0164746111018362e-01 1.6989907695041759e-01 0.0000000000000000e+00 1
2.4039983958962206e-02 9.3152795209803879e-02 0.0000000000000000e+00 1
-1.4046617038660170e-01 -6.2076708045161924e-02 0.0000000000000000e+00 1
-1.3022988934871146e-01 -6.4549374633489892e-02 0.0000000000000000e+00 1
-7.3178215106925487e-02 2.3428964978016079e-01 0.0000000000000000e+00 1
-7.6921061696304582e-02 2.4826057761881473e-01 0.0000000000000000e+00 1
-8.7199087833365857e-02 2.3797467485519502e-01 0.0000000000000000e+00 1
-2.6133034612755851e-01 -1.2917939322470061e-02 0.0000000000000000e+00 1
1.8821018392302930e-01 8.4902742971804279e-02 0.0000000000000000e+00 1
2.8733458721197813e-01 -2.1186720410699594e-01 0.0000000000000000e+00 1
2.8434553716603178e-01 -2.0026501114980005e-01 0.0000000000000000e+00 1
-4.7912074142686931e-02 1.9132930038739379e-02 0.0000000000000000e+00 1
7.6803827567222843e-02 -2.6942352146335367e-02 0.0000000000000000e+00 1
1.2318944339288557e-02 1.8138262757989168e-01 0.0000000000000000e+00 1
1.5911200311942882e-02 1.6799569637958489e-01 0.0000000000000000e+00 1
2.0704936039694868e-01 3.9481924782137973e-01 0.0000000000000000e+00 1
2.0382295132725195e-01 4.0630533593094315e-01 0.0000000000000000e+00 1
2.1533055603955609e-01 4.0337614818346823e-01 0.0000000000000000e+00 1
2.1213072769924882e-01 4.1470575607747062e-01 0.0000000000000000e+00 1
1.3587267399888114e-01 3.0377787292439790e-01 0.0000000000000000e+00 1
1.1545550210310462e-01 1.1748605908287693e-01 0.0000000000000000e+00 1
1.3182735581961758e-01 1.4988886075707875e-01 0.0000000000000000e+00 1
6.6977767222581766e-02 -1.7058616760176953e-01 0.0000000000000000e+00 1
1.3916328173682699e-01 3.6977967102684989e-01 0.0000000000000000e+00 1
-9.5434932716547294e-02 1.7641689077830364e-01 0.0000000000000000e+00 1
2.4351576670726227e-01 2.7019412134240173e-01 0.0000000000000000e+00 1
-5.7626596838656799e-02 -1.9401058137449873e-01 0.0000000000000000e+00 1
-7.0288840712441097e-02 -1.6996168634343811e-01 0.0000000000000000e+00 1
2.3137617814863298e-01 -2.2609259053675793e-01 0.0000000000000000e+00 1
-3.1432638582672356e-01 -1.0490981157957102e-01 0.0000000000000000e+00 1
7.9894571479983259e-02 3.3977322645059171e-01 0.0000000000000000e+00 1
4.6495993573119579e-02 -1.0436680080861158e-01 0.0000000000000000e+00 1
1.9523784248945144e-03 -1.8041256080100759e-01 0.0000000000000000e+00 1
-2.9683048239014576e-02 -1.2296004414346365e-01 0.0000000000000000e+00 1
8.6194954448233788e-02 4.5730494531191246e-01 0.0000000000000000e+00 1
-2.5795395821525779e-01 -6.6598185864449058e-02 0.0000000000000000e+00 1
-9.0996942410901366e-02 2.5201577792309832e-01 0.0000000000000000e+00 1
-1.0133523007915538e-01 2.4164305232934866e-01 0.0000000000000000e+00 1
-8.0646124620369020e-02 2.6237776080910236e-01 0.0000000000000000e+00 1
2.6439466559128821e-01 -2.0415920328337878e-01 0.0000000000000000e+00 1
-2.8162283578347208e-01 -8.1517947060371909e-02 0.0000000000000000e+00 1
-1.1731536764591023e-01 -1.0350585465157755e-01 0.0000000000000000e+00 1
-1.4550997853913426e-02 -8.4570861587084586e-02 0.0000000000000000e+00 1
2.5311852297956738e-03 1.7156937333353894e-01 0.0000000000000000e+00 1
6.5552205555449872e-03 1.5830983417657213e-01 0.0000000000000000e+00 1
-1.6512470479300104e-01 -1.4342036334284480e-01 0.0000000000000000e+00 1
-1.5778315824999634e-01 -1.4426119557990730e-01 0.0000000000000000e+00 1
-1.7221320481365482e-01 -1.4216754362059053e-01 0.0000000000000000e+00 1
7.9549943486787261e-02 4.4951186616751060e-01 0.0000000000000000e+00 1
2.9115908030187010e-01 -1.3144669855648158e-01 0.0000000000000000e+00 1
-3.0815880640762611e-01 -1.4702906795216455e-01 0.0000000000000000e+00 1
1.6107464763113180e-01 4.7499701357242108e-01 0.0000000000000000e+00 1
1.5109476948227224e-01 4.7771291692818407e-01 0.0000000000000000e+00 1
-1.7200160783828536e-01 -2.4994492344718275e-02 0.0000000000000000e+00 1
2.9430707082824076e-01 -1.4415090197365693e-01 0.0000000000000000e+00 1
1.9490041829871788e-01 4.5687065581772179e-01 0.0000000000000000e+00 1
-2.9701026636089767e-01 -1.4838122815948493e-01 0.0000000000000000e+00 1
5.4216172454544603e-02 7.2985693646020866e-02 0.0000000000000000e+00 1
4.7651453953711141e-02 -1.6554981605667571e-01 0.0000000000000000e+00 1
1.1133175640118639e-01 2.1358584988959338e-02 0.0000000000000000e+00 1
1.1457696859819601e-01 8.4824887212581884e-03 0.0000000000000000e+00 1
9.4146547683047060e-02 4.6515321611514282e-01 0.0000000000000000e+00 1
-2.1460323365466349e-01 -1.1451458803350226e-01 0.0000000000000000e+00 1
-2.2021978309894824e-01 -1.2130720053160500e-01 0.0000000000000000e+00 1
-2.1717029067395549e-01 -1.2962906133977753e-01 0.0000000000000000e+00 1
-2.2578694225502419e-01 -1.2818968203704298e-01 0.0000000000000000e+00 1
-2.2263770690545223e-01 -1.3635488339884394e-01 0.0000000000000000e+00 1
-2.3134861996063805e-01 -1.3504577876572424e-01 0.0000000000000000e+00 1
1.8518274549003211e-01 -5.1349629072067339e-02 0.0000000000000000e+00 1
1.8847832631650432e-01 -6.4151915778811755e-02 0.0000000000000000e+00 1
2.8712338322752251e-01 4.6321184918160160e-02 0.0000000000000000e+00 1
2.8349854194862900e-01 6.0550540603210613e-02 0.0000000000000000e+00 1
3.7464406242095627e-02 4.2037258441448833e-01 0.0000000000000000e+00 1
2.8612154221426427e-02 4.1171326105400452e-01 0.0000000000000000e+00 1
-1.9488136980571619e-01 -1.0288998907370013e-01 0.0000000000000000e+00 1
-2.3791632485673855e-01 2.8441562142492723e-02 0.0000000000000000e+00 1
2.8991316004281431e-01 -7.0176944815690867e-02 0.0000000000000000e+00 1
2.9327541967388260e-01 -8.3727456528457769e-02 0.0000000000000000e+00 1
8.7164356469156302e-03 1.9478676193702277e-01 0.0000000000000000e+00 1
1.8441961654897220e-02 2.0424156393774084e-01 0.0000000000000000e+00 1
-2.6689171539643036e-02 -1.8064355678053318e-01 0.0000000000000000e+00 1
2.8497429559187060e-01 -1.5319609837521667e-01 0.0000000000000000e+00 1
3.4247116033036928e-02 -2.1322349030180934e-01 0.0000000000000000e+00 1
4.3148345804449172e-02 -2.1598575945141305e-01 0.0000000000000000e+00 1
9.2415035136350146e-02 4.3514149066848501e-01 0.0000000000000000e+00 1
-9.5411651044659665e-02 -1.7666789134993238e-01 0.0000000000000000e+00 1
-9.7509785182636935e-02 -1.6943880166033698e-01 0.0000000000000000e+00 1
-9.2301465322430776e-02 -1.6398798614760760e-01 0.0000000000000000e+00 1
-9.9594770606150212e-02 -1.6207435253112290e-01 0.0000000000000000e+00 1
-1.0471508855301781e-01 -1.6781624941880585e-01 0.0000000000000000e+00 1
-1.0685984397545012e-01 -1.6033512454790111e-01 0.0000000000000000e+00 1
-1.1196686217544985e-01 -1.6592715627147225e-01 0.0000000000000000e+00 1
-1.1408092407129575e-01 -1.5856532926670994e-01 0.0000000000000000e+00 1
-1.1910514789394738e-01 -1.6346345177655525e-01 0.0000000000000000e+00 1
-1.2126397084080787e-01 -1.5675121972046585e-01 0.0000000000000000e+00 1
-1.2618530547342771e-01 -1.6152136803193667e-01 0.0000000000000000e+00 1
-5.6055477786194463e-02 -1.7389148770337662e-01 0.0000000000000000e+00 1
1.4499605255352210e-01 3.1288032216046302e-01 0.0000000000000000e+00 1
1.4825516183016416e-01 3.0040340438589969e-01 0.0000000000000000e+00 1
1.1425968261749197e-02 -3.0832859844063920e-02 0.0000000000000000e+00 1
-1.8908496555786292e-01 -9.6168220332851537e-02 0.0000000000000000e+00 1
1.7263998515197126e-01 1.3927103727566789e-01 0.0000000000000000e+00 1
1.6820688015976107e-01 1.5292299035733034e-01 0.0000000000000000e+00 1
2.9731927529546098e-01 -1.5679064586529795e-01 0.0000000000000000e+00 1
2.2351744140619217e-01 4.1185105082385653e-01 0.0000000000000000e+00 1
2.2679956300717954e-01 4.0049839878930438e-01 0.0000000000000000e+00 1
2.2026828581397223e-01 4.2305921595612717e-01 0.0000000000000000e+00 1
2.4193009384670869e-01 -2.6722288273347744e-01 0.0000000000000000e+00 1
2.5142591253709712e-01 -2.7011513973482043e-01 0.0000000000000000e+00 1
-2.1647453452656734e-01 -4.5514930585193465e-02 0.0000000000000000e+00 1
-2.0918948349384794e-01 -3.7054266353965915e-02 0.0000000000000000e+00 1
2.2894980913271040e-01 1.3225574901427989e-01 0.0000000000000000e+00 1
-1.2828045330148902e-01 -1.5495753802364465e-01 0.0000000000000000e+00 1
-1.3326383142433143e-01 -1.6007193676406578e-01 0.0000000000000000e+00 1
4.6246609994486855e-02 4.2894475958854611e-01 0.0000000000000000e+00 1
-3.9990505969240024e-02 -5.8418147721495048e-02 0.0000000000000000e+00 1
-5.3654773731321770e-02 -8.3526712913705475e-02 0.0000000000000000e+00 1
2.2891645682535161e-01 -2.7729048909244519e-02 0.0000000000000000e+00 1
6.3046311836523344e-02 1.3135232844052508e-01 0.0000000000000000e+00 1
-1.3178049545242695e-02 5.5887957029281052e-02 0.0000000000000000e+00 1
3.8167090279455099e-02 -1.6302202005804950e-01 0.0000000000000000e+00 1
2.9590427385283108e-01 -2.0390094028571704e-01 0.0000000000000000e+00 1
2.9853914814638455e-01 -2.1542869645414858e-01 0.0000000000000000e+00 1
1.9563843781749555e-02 1.5466733789212880e-01 0.0000000000000000e+00 1
9.8266682629819316e-03 1.4490568965200440e-01 0.0000000000000000e+00 1
-2.5959222165994871e-03 1.4909832077235619e-01 0.0000000000000000e+00 1
3.1899756256274921e-04 1.3516391632860150e-01 0.0000000000000000e+00 1
-9.4782897810128441e-02 2.6614626041636097e-01 0.0000000000000000e+00 1
-8.4394514410888508e-02 2.7650292849605984e-01 0.0000000000000000e+00 1
-1.3525244301250322e-01 -1.5328069203216599e-01 0.0000000000000000e+00 1
-1.4013788480296507e-01 -1.5845512477247004e-01 0.0000000000000000e+00 1
-7.1893667040804438e-02 -1.8912171404606398e-01 0.0000000000000000e+00 1
-1.8664220026444261e-01 1.7276370257989018e-02 0.0000000000000000e+00 1
-2.5113840358372785e-01 -5.8054405807819273e-02 0.0000000000000000e+00 1
-2.6215844158480711e-01 -5.6243005068405932e-02 0.0000000000000000e+00 1
-9.4273006222625647e-02 -1.5656800471499127e-01 0.0000000000000000e+00 1
-1.2538597675485944e-01 -1.3128317072060205e-01 0.0000000000000000e+00 1
-8.4547145894837014e-02 -7.5449725423670178e-02 0.0000000000000000e+00 1
-9.4338357164570577e-02 -7.3232100768019906e-02 0.0000000000000000e+00 1
-1.3726668422486102e-01 -7.4044478592795948e-02 0.0000000000000000e+00 1
2.3754904214447467e-01 3.5429913972743671e-02 0.0000000000000000e+00 1
-1.4744328744129026e-01 -7.0123098574641801e-02 0.0000000000000000e+00 1
-3.3418467628522702e-01 -1.6480317229330302e-01 0.0000000000000000e+00 1
1.9201993602407647e-01 4.6701682021480778e-01 0.0000000000000000e+00 1
-2.9042101544612042e-01 -1.3955195262736106e-01 0.0000000000000000e+00 1
-2.8626073350062009e-01 -1.4957561930383650e-01 0.0000000000000000e+00 1
-2.7982222566288550e-01 -1.4111299042948258e-01 0.0000000000000000e+00 1
-1.6903341682416689e-01 -1.4804471664695773e-01 0.0000000000000000e+00 1
-1.7621224884976286e-01 -1.4726335645915398e-01 0.0000000000000000e+00 1
3.6115277097709439e-02 -1.0170529741491470e-01 0.0000000000000000e+00 1
4.3352312413989826e-02 -9.4005546773655024e-02 0.0000000000000000e+00 1
2.3199480485466731e-01 -2.6441105687674904e-01 0.0000000000000000e+00 1
-2.5597727460250685e-01 6.8421470260039072e-03 0.0000000000000000e+00 1
1.8340563473382623e-01 -2.3178665232620468e-01 0.0000000000000000e+00 1
1.8619694279460564e-01 -2.4257624781018053e-01 0.0000000000000000e+00 1
1.7547702681727020e-01 -2.3961000836489935e-01 0.0000000000000000e+00 1
1.7825169956492753e-01 -2.5031754228998898e-01 0.0000000000000000e+00 1
1.6760330946882820e-01 -2.4737961403540099e-01 0.0000000000000000e+00 1
-6.9647106730513733e-02 8.2364465663569530e-02 0.0000000000000000e+00 1
-6.6145248866078907e-02 6.9501984567544722e-02 0.0000000000000000e+00 1
-1.2660773735269976e-01 -7.5402882580312219e-02 0.0000000000000000e+00 1
2.5148093181418857e-01 1.0032617621326774e-01 0.0000000000000000e+00 1
2.3721628438616385e-01 1.0418001084930470e-01 0.0000000000000000e+00 1
-7.8996319887381150e-02 7.2842892306370061e-02 0.0000000000000000e+00 1
-7.5348845217558108e-02 6.0015896719671072e-02 0.0000000000000000e+00 1
-8.8203755621678120e-02 6.3390363047172188e-02 0.0000000000000000e+00 1
-8.4733787803421237e-02 5.0703321985596274e-02 0.0000000000000000e+00 1
-9.7397394400218218e-02 5.4024076895183369e-02 0.0000000000000000e+00 1
-9.3926050296165298e-02 4.1486701397396575e-02 0.0000000000000000e+00 1
-1.0647968904224255e-01 4.4735418742684177e-02 0.0000000000000000e+00 1
-1.0304983352576896e-01 3.2321270627573950e-02 0.0000000000000000e+00 1
-1.1548210512566995e-01 3.5533944728617331e-02 0.0000000000000000e+00 1
-1.1206042397105727e-01 2.3497065794106854e-02 0.0000000000000000e+00 1
-1.2443252650001270e-01 2.6411866664360309e-02 0.0000000000000000e+00 1
-3.1331608141949581e-02 -8.9391198632784996e-02 0.0000000000000000e+00 1
2.5499337691770797e-02 4.2373435466692544e-01 0.0000000000000000e+00 1
1.6561794097225940e-02 4.1500651930648963e-01 0.0000000000000000e+00 1
-4.4547975832121757e-02 1.2451266790307430e-01 0.0000000000000000e+00 1
4.9917715889971466e-02 -5.2402512479317667e-02 0.0000000000000000e+00 1
6.1514707120259512e-02 -5.5733779808863640e-02 0.0000000000000000e+00 1
8.3425333285390951e-02 4.6818854107855645e-01 0.0000000000000000e+00 1
-2.2310397227710884e-03 2.5342205569468557e-01 0.0000000000000000e+00 1
2.1053045627834854e-01 -1.3179453179230249e-01 0.0000000000000000e+00 1
2.0734996253942806e-01 -1.1958845572426936e-01 0.0000000000000000e+00 1
1.9840078950112217e-01 -1.2844898507470032e-01 0.0000000000000000e+00 1
1.9520514082807974e-01 -1.1627574505656303e-01 0.0000000000000000e+00 1
1.8628526204848886e-01 -1.2509925864627097e-01 0.0000000000000000e+00 1
2.0407092119271225e-01 -1.0769198648434906e-01 0.0000000000000000e+00 1
1.8309612993786611e-01 -1.1296825406891442e-01 0.0000000000000000e+00 1
1.7419292678428416e-01 -1.2176608463798075e-01 0.0000000000000000e+00 1
1.7735841872285074e-01 -1.3379119402620249e-01 0.0000000000000000e+00 1
1.6543300863429788e-01 -1.3049437195212354e-01 0.0000000000000000e+00 1
1.6850616517957978e-01 -1.4236643554907699e-01 0.0000000000000000e+00 1
1.5689285585811569e-01 -1.3910238322520152e-01 0.0000000000000000e+00 1
1.6493121192420501e-01 4.2568849341879034e-01 0.0000000000000000e+00 1
8.3687305374311030e-02 3.7376574316744576e-01 0.0000000000000000e+00 1
2.0740744829932695e-01 -2.0805862532468550e-01 0.0000000000000000e+00 1
-9.7400821241751159e-02 2.2762937135192340e-01 0.0000000000000000e+00 1
-1.1172335973510178e-01 2.3117476782059942e-01 0.0000000000000000e+00 1
-1.1561990403127445e-01 2.4542876913692513e-01 0.0000000000000000e+00 1
-1.2609743096841736e-01 2.3492585791451948e-01 0.0000000000000000e+00 1
-1.2215708596136544e-01 2.2056022483314944e-01 0.0000000000000000e+00 1
-1.2543519855915730e-01 1.4613164305985971e-01 0.0000000000000000e+00 1
-1.2929509445385212e-01 1.5998141135831473e-01 0.0000000000000000e+00 1
-1.3940943802005898e-01 1.4970544378323170e-01 0.0000000000000000e+00 1
-1.4331979334114686e-01 1.6369779121169109e-01 0.0000000000000000e+00 1
-1.5360144639157952e-01 1.5323269341365267e-01 0.0000000000000000e+00 1
-1.5750666065399155e-01 1.6743629089802237e-01 0.0000000000000000e+00 1
-1.6784519212468862e-01 1.5691133055993900e-01 0.0000000000000000e+00 1
-1.4725041436288683e-01 1.7751604725030048e-01 0.0000000000000000e+00 1
-1.6390212896125619e-01 1.4268119348165034e-01 0.0000000000000000e+00 1
-1.7756401546634787e-01 1.4574636415871178e-01 0.0000000000000000e+00 1
-1.7409250861675352e-01 1.3204172955410215e-01 0.0000000000000000e+00 1
-1.8774874308107628e-01 1.3506624499168984e-01 0.0000000000000000e+00 1
-1.8428769721609708e-01 1.2147564232583330e-01 0.0000000000000000e+00 1
-1.9846787344535938e-01 1.2494005265332998e-01 0.0000000000000000e+00 1
-1.9470958945338218e-01 1.1101488364241349e-01 0.0000000000000000e+00 1
2.3452695219092007e-01 -2.7432207388432184e-01 0.0000000000000000e+00 1
2.2484882444768670e-01 -2.7161190796916657e-01 0.0000000000000000e+00 1
8.2603828506442753e-02 4.1435921170622531e-02 0.0000000000000000e+00 1
9.2129472960808895e-02 5.0784399136935221e-02 0.0000000000000000e+00 1
1.0502662025441689e-01 4.7147303643413636e-02 0.0000000000000000e+00 1
1.0174359506216717e-01 6.0191780355666240e-02 0.0000000000000000e+00 1
7.3095313796990663e-02 3.2125537246854886e-02 0.0000000000000000e+00 1
1.1474944923263249e-01 5.6513344712486084e-02 0.0000000000000000e+00 1
1.1144514883282972e-01 6.9688284909150799e-02 0.0000000000000000e+00 1
-2.8394825089449717e-02 2.0924117233456843e-01 0.0000000000000000e+00 1
1.7086801955365266e-01 3.7228850082797149e-01 0.0000000000000000e+00 1
2.4728011806906305e-01 2.5674508925972872e-01 0.0000000000000000e+00 1
2.5718496543883262e-01 2.6683851955408211e-01 0.0000000000000000e+00 1
2.6092334067252371e-01 2.5316015024884969e-01 0.0000000000000000e+00 1
2.7092146655131644e-01 2.6329277591634204e-01 0.0000000000000000e+00 1
2.6712044693224302e-01 2.7701917903606066e-01 0.0000000000000000e+00 1
2.7477677794467481e-01 2.4948812963912506e-01 0.0000000000000000e+00 1
2.8643101699432344e-01 -5.6570105196355427e-02 0.0000000000000000e+00 1
3.0008066438678949e-01 -6.0380729858050791e-02 0.0000000000000000e+00 1
2.9650366498041281e-01 -4.6612053552271340e-02 0.0000000000000000e+00 1
4.4893154693778949e-02 -1.5618793162772981e-01 0.0000000000000000e+00 1
-1.1756175574294980e-01 -1.7128069434818111e-01 0.0000000000000000e+00 1
1.5837624953672769e-01 4.8497168956215997e-01 0.0000000000000000e+00 1
1.6824829062904470e-01 4.8232903637751812e-01 0.0000000000000000e+00 1
1.4845043528668705e-01 4.8767607871709268e-01 0.0000000000000000e+00 1
1.4112718513778505e-01 4.8042053842697008e-01 0.0000000000000000e+00 1
1.3849854674425172e-01 4.9042796686227358e-01 0.0000000000000000e+00 1
1.3116713163326837e-01 4.8325177878071945e-01 0.0000000000000000e+00 1
-2.7568271512128045e-01 -1.5102939044230260e-01 0.0000000000000000e+00 1
-2.6942510785501961e-01 -1.4244712428166550e-01 0.0000000000000000e+00 1
-6.1446691967342090e-03 -1.7773613306897246e-01 0.0000000000000000e+00 1
-2.8667129043346564e-04 -1.7179574282961652e-01 0.0000000000000000e+00 1
-6.3351972480242602e-02 -4.1367924667683638e-02 0.0000000000000000e+00 1
2.4102779798559229e-01 8.9935509866281182e-02 0.0000000000000000e+00 1
2.3502328494162533e-01 4.0901811771120278e-01 0.0000000000000000e+00 1
2.3837366215042813e-01 3.9755508049499194e-01 0.0000000000000000e+00 1
-2.3461622713603519e-01 -1.2671718407259483e-01 0.0000000000000000e+00 1
-2.4026684194524123e-01 -1.3380451428564327e-01 0.0000000000000000e+00 1
-2.3689245042182472e-01 -1.4217308150290298e-01 0.0000000000000000e+00 1
3.1000860969444732e-01 -5.0303054625103316e-02 0.0000000000000000e+00 1
3.0674773060687732e-01 -3.6424868904945659e-02 0.0000000000000000e+00 1
1.2412813474872744e-01 1.7681065338051253e-02 0.0000000000000000e+00 1
-1.5305505989926910e-01 -1.3914839945015969e-01 0.0000000000000000e+00 1
-2.2853138873345313e-01 3.8262591481315153e-02 0.0000000000000000e+00 1
1.5985239349791303e-01 -1.5087827519729194e-01 0.0000000000000000e+00 1
1.4816481388555000e-01 -1.4770821731081665e-01 0.0000000000000000e+00 1
3.6385376184160760e-02 -2.2270362382847569e-01 0.0000000000000000e+00 1
2.6176296659268159e-02 -2.2037575374208065e-01 0.0000000000000000e+00 1
4.5188471197030990e-02 -2.2542413211435863e-01 0.0000000000000000e+00 1
5.2194132293426565e-02 -2.1863192500493636e-01 0.0000000000000000e+00 1
5.4012467227385320e-02 -2.2831027403049434e-01 0.0000000000000000e+00 1
-1.2614269971896330e-01 -1.0156629018521840e-01 0.0000000000000000e+00 1
-1.4976236959276686e-02 -4.5004624511941906e-02 0.0000000000000000e+00 1
-8.6245649885455758e-02 -1.8549471608432416e-01 0.0000000000000000e+00 1
-8.6785972582798188e-02 -1.5853307931720942e-01 0.0000000000000000e+00 1
-1.6143530528330649e-01 1.8170596549905702e-01 0.0000000000000000e+00 1
-3.0368406531455061e-01 -1.5725465494571739e-01 0.0000000000000000e+00 1
-1.8030399633256447e-01 -9.7939634752214344e-02 0.0000000000000000e+00 1
-1.8313015171513120e-01 -8.9244714561856370e-02 0.0000000000000000e+00 1
-1.7403350014281668e-01 -9.1122198812241206e-02 0.0000000000000000e+00 1
-2.4180394121127968e-01 4.1686814152994953e-02 0.0000000000000000e+00 1
-2.3209890565702851e-01 5.1672456948428411e-02 0.0000000000000000e+00 1
3.0385085339127410e-01 -1.3505723441259349e-01 0.0000000000000000e+00 1
3.0063222364961029e-01 -1.2216170160421826e-01 0.0000000000000000e+00 1
2.0218945510117681e-01 4.6442615507381191e-01 0.0000000000000000e+00 1
2.0513010682774224e-01 4.5429377786089875e-01 0.0000000000000000e+00 1
-7.9901487401606866e-02 3.6506122862108296e-02 0.0000000000000000e+00 1
-2.2371774026008223e-01 -1.1255202763138519e-01 0.0000000000000000e+00 1
-2.1777580244928862e-01 -1.0598553824833823e-01 0.0000000000000000e+00 1
-1.1635045607938779e-01 -1.5137466465036356e-01 0.0000000000000000e+00 1
2.9776710974620901e-01 5.6779393625996877e-02 0.0000000000000000e+00 1
2.9394029060648608e-01 7.1277854346252820e-02 0.0000000000000000e+00 1
3.0152045184662912e-01 4.2316630808845658e-02 0.0000000000000000e+00 1
-1.0402048842146817e-01 -9.9845965932659955e-03 0.0000000000000000e+00 1
-1.1545910737733618e-01 -7.4268818444740608e-03 0.0000000000000000e+00 1
-1.7946833560810807e-01 -1.4108045939714980e-01 0.0000000000000000e+00 1
-1.8339725268063992e-01 -1.4639506790611614e-01 0.0000000000000000e+00 1
-6.2355341511707081e-02 5.6684193755681962e-02 0.0000000000000000e+00 1
9.1408403882732206e-02 4.7592501957963940e-01 0.0000000000000000e+00 1
-3.4740617641946386e-01 -1.3278372658198934e-01 0.0000000000000000e+00 1
-1.3656536274070882e-01 2.2432320160477312e-01 0.0000000000000000e+00 1
2.9316484890396560e-01 -1.9250573412999561e-01 0.0000000000000000e+00 1
2.8139861710067415e-01 -1.8761308650315617e-01 0.0000000000000000e+00 1
1.2729116712424721e-01 4.7618071434005049e-03 0.0000000000000000e+00 1
1.5733110459825833e-01 3.0958816158509195e-01 0.0000000000000000e+00 1
1.5400135960368955e-01 3.2200014422354606e-01 0.0000000000000000e+00 1
1.6076929731248074e-01 2.9709652318691410e-01 0.0000000000000000e+00 1
1.5156729632070437e-01 2.8783710729176565e-01 0.0000000000000000e+00 1
1.6423870205929286e-01 2.8446036232255645e-01 0.0000000000000000e+00 1
1.5492193930413053e-01 2.7509324660122048e-01 0.0000000000000000e+00 1
1.6774866169461902e-01 2.7168511315544264e-01 0.0000000000000000e+00 1
1.5833106164764052e-01 2.6222929041724591e-01 0.0000000000000000e+00 1
1.7129666181919434e-01 2.5877471095746529e-01 0.0000000000000000e+00 1
1.6178864965298237e-01 2.4923947168629723e-01 0.0000000000000000e+00 1
1.4892130922945782e-01 2.5259086147494864e-01 0.0000000000000000e+00 1
1.5222866000151630e-01 2.3964731431382696e-01 0.0000000000000000e+00 1
1.6532470805488456e-01 2.3613584786160202e-01 0.0000000000000000e+00 1
1.5564527996077585e-01 2.2648577983950194e-01 0.0000000000000000e+00 1
1.6887875085797924e-01 2.2292609261904800e-01 0.0000000000000000e+00 1
1.5912300214058847e-01 2.1321100872836030e-01 0.0000000000000000e+00 1
1.7245746717241608e-01 2.0962504992176889e-01 0.0000000000000000e+00 1
1.6266323455519729e-01 1.9987595406695960e-01 0.0000000000000000e+00 1
1.4931508085321077e-01 2.0349650495332972e-01 0.0000000000000000e+00 1
1.5283674460376628e-01 1.9013501704996494e-01 0.0000000000000000e+00 1
1.3949029700113186e-01 1.9378768376482480e-01 0.0000000000000000e+00 1
1.7606132930236945e-01 1.9622443734455922e-01 0.0000000000000000e+00 1
1.4259400991236260e-01 2.2985474203976775e-01 0.0000000000000000e+00 1
1.9790290198941796e-01 -5.4907761933484310e-02 0.0000000000000000e+00 1
2.0117431613083794e-01 -6.7726832558513222e-02 0.0000000000000000e+00 1
-9.7132122022420414e-02 -6.3429290372522748e-02 0.0000000000000000e+00 1
1.4180294998132940e-03 2.3995082236530474e-01 0.0000000000000000e+00 1
1.1230498401252079e-02 2.4977606245480513e-01 0.0000000000000000e+00 1
6.1366381275149581e-02 -2.2148014351419132e-01 0.0000000000000000e+00 1
6.3459682575683324e-02 -2.3093259310836978e-01 0.0000000000000000e+00 1
7.0889748373307485e-02 -2.2405076078318392e-01 0.0000000000000000e+00 1
7.3195418763504383e-02 -2.3384257044494206e-01 0.0000000000000000e+00 1
8.0535301812080531e-02 -2.2701825727986247e-01 0.0000000000000000e+00 1
8.2947603733866795e-02 -2.3682379923951602e-01 0.0000000000000000e+00 1
1.9069815566395870e-01 4.3852485976410255e-01 0.0000000000000000e+00 1
1.5378498172989341e-01 -1.2732708087821970e-01 0.0000000000000000e+00 1
-1.9796467862654937e-01 -9.4416942941554852e-02 0.0000000000000000e+00 1
-2.6598837507890011e-01 -1.5263974554384058e-01 0.0000000000000000e+00 1
-4.3779900737704158e-02 7.5585961438150495e-02 0.0000000000000000e+00 1
-3.4313455407482277e-02 8.5070893203539222e-02 0.0000000000000000e+00 1
-1.8690929567673500e-02 -1.5791299867534775e-01 0.0000000000000000e+00 1
-2.7122092172662510e-02 -1.5582994867404468e-01 0.0000000000000000e+00 1
-2.2038793731870704e-01 -3.4928318041425883e-02 0.0000000000000000e+00 1
-2.1283433375468777e-01 -2.6191978744625616e-02 0.0000000000000000e+00 1
1.8258336607347594e-01 1.4931999311918820e-01 0.0000000000000000e+00 1
-2.0884702704765323e-01 1.1448089954488214e-01 0.0000000000000000e+00 1
-2.0495488617919039e-01 1.0050671715474908e-01 0.0000000000000000e+00 1
5.7961791356527875e-02 4.2574088300259427e-01 0.0000000000000000e+00 1
1.9237568734342206e-01 -7.6764609781287879e-02 0.0000000000000000e+00 1
1.9147394918403149e-01 4.0908452449676097e-01 0.0000000000000000e+00 1
2.2684855708347706e-01 9.3752034814263877e-02 0.0000000000000000e+00 1
2.3061804338708419e-01 7.9634521024708943e-02 0.0000000000000000e+00 1
3.0461390479419925e-01 -1.9587147600097107e-01 0.0000000000000000e+00 1
-2.8190871051085953e-01 -1.5916453574477010e-01 0.0000000000000000e+00 1
1.4611819283212674e-01 4.6024631835402940e-01 0.0000000000000000e+00 1
1.7100299479692696e-01 -1.0964695880379682e-01 0.0000000000000000e+00 1
-1.3822533145397878e-01 -1.6509089035348753e-01 0.0000000000000000e+00 1
-1.7699127609189066e-01 -8.2223546665200889e-02 0.0000000000000000e+00 1
2.8089719005235941e-01 2.7347785914760320e-01 0.0000000000000000e+00 1
2.7704282589969176e-01 2.8717106612028276e-01 0.0000000000000000e+00 1
1.7034503553988259e-01 -2.5802828871198269e-01 0.0000000000000000e+00 1
1.5974321762694443e-01 -2.5510118173853574e-01 0.0000000000000000e+00 1
1.8092561360380793e-01 -2.6096736787739505e-01 0.0000000000000000e+00 1
1.5697065513617869e-01 -2.4450153594383262e-01 0.0000000000000000e+00 1
1.4915519403472005e-01 -2.5218355111293633e-01 0.0000000000000000e+00 1
1.4636324637133558e-01 -2.4158966859290248e-01 0.0000000000000000e+00 1
1.3855633760228331e-01 -2.4925968679743499e-01 0.0000000000000000e+00 1
1.3576351283991861e-01 -2.3867978582009491e-01 0.0000000000000000e+00 1
1.2796437355382745e-01 -2.4633720622819308e-01 0.0000000000000000e+00 1
1.2519391881107383e-01 -2.3580216376297472e-01 0.0000000000000000e+00 1
1.1772098045591189e-01 -2.4334091173832728e-01 0.0000000000000000e+00 1
-1.4538314826840901e-01 -7.8696910473811083e-02 0.0000000000000000e+00 1
-9.9055164361379539e-02 2.8090531309015543e-01 0.0000000000000000e+00 1
-8.8697421129868781e-02 2.9131881709824020e-01 0.0000000000000000e+00 1
3.5521880454179533e-02 -1.5360316663483334e-01 0.0000000000000000e+00 1
2.8904730457668393e-02 -1.6047557532033729e-01 0.0000000000000000e+00 1
5.2807783392133781e-02 -6.3988893956199888e-02 0.0000000000000000e+00 1
6.4306142048637632e-02 -6.7355448205585366e-02 0.0000000000000000e+00 1
7.3041753329699449e-02 -5.9065975218245456e-02 0.0000000000000000e+00 1
1.1633290293404550e-01 4.1824939386471388e-01 0.0000000000000000e+00 1
1.3365743155525373e-02 1.3162789283271267e-01 0.0000000000000000e+00 1
3.7018122897555543e-03 1.2192298636077210e-01 0.0000000000000000e+00 1
3.1298282397249055e-01 -1.2526446011663558e-01 0.0000000000000000e+00 1
3.1017493511703770e-01 -1.1260899456104059e-01 0.0000000000000000e+00 1
-1.8027916460939097e-01 -1.5294961743096538e-01 0.0000000000000000e+00 1
-1.8754542333496610e-01 -1.5158328534762486e-01 0.0000000000000000e+00 1
1.3445281980628609e-02 4.2713868556161316e-01 0.0000000000000000e+00 1
4.3604543363982423e-03 4.1833276372675582e-01 0.0000000000000000e+00 1
7.6011820014999319e-03 4.0602805496191374e-01 0.0000000000000000e+00 1
9.0499038956512734e-02 -2.2956586154949080e-01 0.0000000000000000e+00 1
-2.5510454531863885e-01 -4.7630265563949954e-02 0.0000000000000000e+00 1
-2.6667047049665554e-01 -4.5976091745351874e-02 0.0000000000000000e+00 1
-2.7352502548279178e-01 -5.4606444587805725e-02 0.0000000000000000e+00 1
-2.7850738462054003e-01 -4.4104458693689348e-02 0.0000000000000000e+00 1
-2.8590426246047290e-01 -5.3068601636018634e-02 0.0000000000000000e+00 1
-2.9078599359757112e-01 -4.2062191409886714e-02 0.0000000000000000e+00 1
-2.9851786656413237e-01 -5.1636669560087688e-02 0.0000000000000000e+00 1
1.8075055800267326e-01 2.6831980871802902e-01 0.0000000000000000e+00 1
-7.4119946224671676e-02 2.8672128009561298e-01 0.0000000000000000e+00 1
-7.8110844175331220e-02 3.0016562846042683e-01 0.0000000000000000e+00 1
-4.8304226261725852e-03 4.0941708663426840e-01 0.0000000000000000e+00 1
-1.5074843636054464e-03 3.9686056077010995e-01 0.0000000000000000e+00 1
7.5708968848458583e-02 -7.0606505068859932e-02 0.0000000000000000e+00 1
8.4521186848367416e-02 -6.2304360211921081e-02 0.0000000000000000e+00 1
6.7095608019566613e-02 -7.8762973011768767e-02 0.0000000000000000e+00 1
-9.1837218460145101e-02 -8.2958837865867580e-02 0.0000000000000000e+00 1
-8.1903301833060715e-02 -8.5390241601004169e-02 0.0000000000000000e+00 1
-1.0065861263326953e-01 -8.1658397981496655e-02 0.0000000000000000e+00 1
-2.4897848075269669e-02 1.9475722783936814e-01 0.0000000000000000e+00 1
-1.8291539004036908e-01 1.5890322995503567e-01 0.0000000000000000e+00 1
-8.8795490509310418e-02 -1.5095613136311620e-01 0.0000000000000000e+00 1
9.2933855432003054e-02 -2.3957560306431763e-01 0.0000000000000000e+00 1
-1.4109514076087768e-02 4.0034374556521091e-01 0.0000000000000000e+00 1
-1.0819846758474369e-02 3.8765150570587009e-01 0.0000000000000000e+00 1
1.8832575827137316e-03 3.8421731307421036e-01 0.0000000000000000e+00 1
-7.4787373005868654e-03 3.7486987064950106e-01 0.0000000000000000e+00 1
-2.0303938778241326e-02 3.7835781742109842e-01 0.0000000000000000e+00 1
-1.6918077707407955e-02 3.6540219923220546e-01 0.0000000000000000e+00 1
-2.9917646467776358e-02 3.6893139445395057e-01 0.0000000000000000e+00 1
-2.6416404711811566e-02 3.5570977065579312e-01 0.0000000000000000e+00 1
-3.9666818597854481e-02 3.5935162108133845e-01 0.0000000000000000e+00 1
-3.6086362595405416e-02 3.4593728936696178e-01 0.0000000000000000e+00 1
-4.9432113104628861e-02 3.4954781276151065e-01 0.0000000000000000e+00 1
-4.5943459267617670e-02 3.3612589649238089e-01 0.0000000000000000e+00 1
-5.9404730832491481e-02 3.3972704192478453e-01 0.0000000000000000e+00 1
-1.3313664538197054e-02 3.5231866282276270e-01 0.0000000000000000e+00 1
-3.4826363459747817e-01 -1.8257760007723267e-01 0.0000000000000000e+00 1
1.5191530589856489e-01 -2.6278109968332247e-01 0.0000000000000000e+00 1
5.4883545882791152e-02 4.3744345542368301e-01 0.0000000000000000e+00 1
4.3276868429409102e-02 4.4065222575126139e-01 0.0000000000000000e+00 1
5.1828801915155584e-02 4.4902098273117647e-01 0.0000000000000000e+00 1
1.4850434485858212e-02 2.3640276367708352e-01 0.0000000000000000e+00 1
2.4611129948961811e-02 2.4617249434655575e-01 0.0000000000000000e+00 1
2.8222228616553310e-02 2.3285939842372913e-01 0.0000000000000000e+00 1
3.7906469493970862e-02 2.4264260365187718e-01 0.0000000000000000e+00 1
3.4354023535857363e-02 2.5586402654420382e-01 0.0000000000000000e+00 1
4.7577038540976647e-02 2.5232885213231754e-01 0.0000000000000000e+00 1
4.4060453443091299e-02 2.6545010233204097e-01 0.0000000000000000e+00 1
5.1146029594967390e-02 2.3915867239882616e-01 0.0000000000000000e+00 1
5.7125357196045785e-02 2.6194972272232386e-01 0.0000000000000000e+00 1
5.3656401585719563e-02 2.7496137559439693e-01 0.0000000000000000e+00 1
2.1240540082010334e-01 4.6190193496416265e-01 0.0000000000000000e+00 1
2.1545747540607521e-01 4.5200001030208520e-01 0.0000000000000000e+00 1
-9.4333366019992079e-03 1.2533221363764988e-01 0.0000000000000000e+00 1
-5.9759770451668498e-03 1.1235563304538351e-01 0.0000000000000000e+00 1
5.1118064833988505e-03 2.0821392379925655e-01 0.0000000000000000e+00 1
-1.4487378058123340e-01 -1.6343104520767174e-01 0.0000000000000000e+00 1
-8.1104493943917486e-02 -1.5299854040531682e-01 0.0000000000000000e+00 1
2.6580900030363153e-01 9.6475846083177982e-02 0.0000000000000000e+00 1
2.7540198228435575e-01 1.0672812918603006e-01 0.0000000000000000e+00 1
1.9930758952306649e-01 4.7437953689206919e-01 0.0000000000000000e+00 1
-2.4372025105546938e-01 -1.2523009019543094e-01 0.0000000000000000e+00 1
3.7865971242204324e-02 -2.3289445357984140e-01 0.0000000000000000e+00 1
3.3256946072739636e-02 -9.1404747208747805e-02 0.0000000000000000e+00 1
-2.8293368136563785e-01 -3.1851694653072374e-02 0.0000000000000000e+00 1
-1.6789885135165997e-01 -8.4139288955708103e-02 0.0000000000000000e+00 1
2.2740222111329922e-01 -2.8136723991582946e-01 0.0000000000000000e+00 1
2.1758977221635839e-01 -2.7871994931238908e-01 0.0000000000000000e+00 1
-5.5712979606784653e-02 3.2700478283680257e-01 0.0000000000000000e+00 1
-4.2282716496210696e-02 3.2269915354313733e-01 0.0000000000000000e+00 1
-6.9364988186285476e-02 3.3082141241690005e-01 0.0000000000000000e+00 1
6.9799411739068035e-02 4.4986324730011559e-02 0.0000000000000000e+00 1
6.0261119108086236e-02 3.5784744768751424e-02 0.0000000000000000e+00 1
-1.1065283140284972e-01 5.7655823691214615e-02 0.0000000000000000e+00 1
-9.6465615191118251e-02 -1.4896295288847389e-01 0.0000000000000000e+00 1
1.7635817430687251e-01 1.6233039467751179e-01 0.0000000000000000e+00 1
1.6559260818601174e-01 4.9210457030527077e-01 0.0000000000000000e+00 1
1.7560666977468470e-01 4.8946424088399226e-01 0.0000000000000000e+00 1
1.8591413294620854e-01 2.0606710322967417e-01 0.0000000000000000e+00 1
-1.1999118748212542e-01 -9.4757512157099114e-02 0.0000000000000000e+00 1
1.2851376107663515e-01 4.9321365840717951e-01 0.0000000000000000e+00 1
1.2113876949987828e-01 4.8600731454799539e-01 0.0000000000000000e+00 1
8.9514993764003736e-02 6.3605279399082254e-02 0.0000000000000000e+00 1
5.2879543320203306e-03 3.7146559779006783e-01 0.0000000000000000e+00 1
1.1636134607686646e-01 -2.3287011822928289e-01 0.0000000000000000e+00 1
-1.4679016729122080e-01 -1.5690065998620570e-01 0.0000000000000000e+00 1
-1.5142325253690281e-01 -1.6180095479490622e-01 0.0000000000000000e+00 1
-1.3219960905763584e-01 2.1005960259867218e-01 0.0000000000000000e+00 1
-1.4630080898735789e-01 2.1401387766692717e-01 0.0000000000000000e+00 1
-1.1816962414920917e-01 2.0621638210537332e-01 0.0000000000000000e+00 1
-2.4559826404804044e-01 -1.4091239721954490e-01 0.0000000000000000e+00 1
-2.4232801777675522e-01 -1.4944770309052333e-01 0.0000000000000000e+00 1
-2.3220926736446032e-01 -1.5117086938242744e-01 0.0000000000000000e+00 1
2.0453394116290774e-01 -8.0499240240653316e-02 0.0000000000000000e+00 1
3.1482601295535073e-01 -6.1904239054202177e-02 0.0000000000000000e+00 1
1.4313542219711903e-01 1.8088591327149287e-01 0.0000000000000000e+00 1
-3.0346677298067515e-01 -4.0069497280324093e-02 0.0000000000000000e+00 1
6.6607855863718049e-02 2.7147822982427466e-01 0.0000000000000000e+00 1
6.3137986730592732e-02 2.8440219785928167e-01 0.0000000000000000e+00 1
3.0185814592615090e-01 -1.8388618997911343e-01 0.0000000000000000e+00 1
-2.7343248718846042e-01 -1.3291746247154093e-01 0.0000000000000000e+00 1
-2.1975887818560408e-01 1.0467595132144414e-01 0.0000000000000000e+00 1
-2.1542006268716654e-01 8.9457028878090844e-02 0.0000000000000000e+00 1
-2.0118595635936237e-01 8.6397939946496791e-02 0.0000000000000000e+00 1
5.0248050828854696e-02 2.8790007371649806e-01 0.0000000000000000e+00 1
5.9664719086135409e-02 2.9732825426236997e-01 0.0000000000000000e+00 1
7.2492641389570428e-02 2.9380728045707316e-01 0.0000000000000000e+00 1
6.9056434680642043e-02 3.0660968963625129e-01 0.0000000000000000e+00 1
-1.9005420580850899e-01 -1.4535759887719246e-01 0.0000000000000000e+00 1
-1.9397320724122802e-01 -1.5051389929359341e-01 0.0000000000000000e+00 1
1.2969515645187812e-01 1.8415246855709105e-01 0.0000000000000000e+00 1
1.2618548142275690e-01 1.9742004241778344e-01 0.0000000000000000e+00 1
-2.1426337805276385e-01 -1.3771672031358945e-01 0.0000000000000000e+00 1
-5.3791316417384806e-02 3.1543511385371953e-01 0.0000000000000000e+00 1
1.3678408061303760e-01 1.4171734157564460e-02 0.0000000000000000e+00 1
1.3374628540640782e-01 2.6992736821761065e-02 0.0000000000000000e+00 1
1.7148055969969606e-01 -1.5412136958230291e-01 0.0000000000000000e+00 1
1.6287250371174461e-01 -1.6254175222407236e-01 0.0000000000000000e+00 1
-9.2316051691612680e-02 3.0597136557779148e-01 0.0000000000000000e+00 1
-2.2100426665145392e-01 1.1761188192886725e-01 0.0000000000000000e+00 1
-1.0033271443418731e-01 2.0668726706818789e-02 0.0000000000000000e+00 1
-2.2999201065937327e-01 9.3234826023357961e-02 0.0000000000000000e+00 1
5.5230013860203382e-02 -1.3498157496903704e-01 0.0000000000000000e+00 1
6.5076973652401032e-02 -1.3783764536121201e-01 0.0000000000000000e+00 1
-2.4516955886150327e-01 5.5429791412661578e-02 0.0000000000000000e+00 1
-2.5701375177452257e-01 4.5778895849694391e-02 0.0000000000000000e+00 1
-2.2722849981185089e-01 -1.0341459299483713e-01 0.0000000000000000e+00 1
-2.2099989293652436e-01 -9.7196837578287468e-02 0.0000000000000000e+00 1
-1.7021557047086439e-01 1.1799316040623932e-01 0.0000000000000000e+00 1
-2.7024041929310449e-01 -1.1239049268359150e-01 0.0000000000000000e+00 1
3.1225029667717324e-01 5.2822619675093725e-02 0.0000000000000000e+00 1
2.3696735968102217e-01 -2.8406016746264851e-01 0.0000000000000000e+00 1
2.4669151729086369e-01 4.0615351987356385e-01 0.0000000000000000e+00 1
2.5009306996691960e-01 3.9454125736097001e-01 0.0000000000000000e+00 1
2.4176607071926903e-01 3.8585542773949683e-01 0.0000000000000000e+00 1
2.5356607874293263e-01 3.8271141353384325e-01 0.0000000000000000e+00 1
2.4501678814265621e-01 3.7379553588041026e-01 0.0000000000000000e+00 1
2.5708714921573189e-01 3.7064383015709945e-01 0.0000000000000000e+00 1
2.4820663578301083e-01 3.6152498499629593e-01 0.0000000000000000e+00 1
2.6069048872715828e-01 3.5835383886365269e-01 0.0000000000000000e+00 1
2.5160104621165424e-01 3.4903009548898101e-01 0.0000000000000000e+00 1
2.6430579879851401e-01 3.4581005650917795e-01 0.0000000000000000e+00 1
2.5507436939376205e-01 3.3632085383355853e-01 0.0000000000000000e+00 1
2.6800822239994992e-01 3.3305276054718946e-01 0.0000000000000000e+00 1
2.5867258352706124e-01 3.2341938588395674e-01 0.0000000000000000e+00 1
2.7193371692814489e-01 3.2071084833728680e-01 0.0000000000000000e+00 1
2.6464768666867594e-01 3.1162388870440283e-01 0.0000000000000000e+00 1
2.4330402642350379e-01 4.1757243769149166e-01 0.0000000000000000e+00 1
-1.8596309318071974e-01 -7.9910870855309471e-02 0.0000000000000000e+00 1
-1.3002842012771357e-01 2.4933476660685805e-01 0.0000000000000000e+00 1
2.5899092917946215e-01 -2.6310894044427741e-01 0.0000000000000000e+00 1
2.6098811935581134e-01 -2.7284862291369633e-01 0.0000000000000000e+00 1
2.6823839211611072e-01 -2.6605070435003203e-01 0.0000000000000000e+00 1
2.7047820090081653e-01 -2.7533969956057613e-01 0.0000000000000000e+00 1
2.7741636806357883e-01 -2.6885320294781606e-01 0.0000000000000000e+00 1
2.7965494787702827e-01 -2.7800458043329979e-01 0.0000000000000000e+00 1
2.8639202614096559e-01 -2.7161968681568610e-01 0.0000000000000000e+00 1
2.8961360860072133e-01 -2.8149707863573364e-01 0.0000000000000000e+00 1
2.9520591789631762e-01 -2.7427333512300417e-01 0.0000000000000000e+00 1
2.9310578012880423e-01 -2.6528166733549385e-01 0.0000000000000000e+00 1
3.0183387271247353e-01 -2.6805517148325964e-01 0.0000000000000000e+00 1
2.9990451810461288e-01 -2.5890687533125323e-01 0.0000000000000000e+00 1
3.0392371572255894e-01 -2.7660594465944566e-01 0.0000000000000000e+00 1
2.9099267728956679e-01 -2.5614495817173011e-01 0.0000000000000000e+00 1
2.9811993974854412e-01 -2.4955363071755526e-01 0.0000000000000000e+00 1
2.6292937195789468e-01 -2.8234176408813838e-01 0.0000000000000000e+00 1
3.1026426873487722e-01 -2.7075284462429994e-01 0.0000000000000000e+00 1
2.8217126451818642e-01 -2.8680494227498332e-01 0.0000000000000000e+00 1
3.0693451139601607e-01 -2.5265722197816959e-01 0.0000000000000000e+00 1
3.0543085110160040e-01 -2.4268963730049625e-01 0.0000000000000000e+00 1
6.5253101222330551e-02 -2.4083889365189387e-01 0.0000000000000000e+00 1
2.8973712212618891e-01 -2.9077329551864950e-01 0.0000000000000000e+00 1
-5.5423834445323897e-03 -2.0741604277467734e-01 0.0000000000000000e+00 1
-1.0893367844846857e-02 -2.1256588709212343e-01 0.0000000000000000e+00 1
-3.7939521708132513e-03 -2.1486453646908713e-01 0.0000000000000000e+00 1
-9.3467931330739988e-03 -2.2017118424031049e-01 0.0000000000000000e+00 1
-1.6962899306793046e-02 -2.1813435568112322e-01 0.0000000000000000e+00 1
-2.1238918086477184e-03 -2.2220075551433541e-01 0.0000000000000000e+00 1
1.2455129040367738e-01 6.5974561931574249e-02 0.0000000000000000e+00 1
1.2121653315304259e-01 7.9242287388448088e-02 0.0000000000000000e+00 1
1.0804319784324778e-01 8.2942387419220109e-02 0.0000000000000000e+00 1
1.0329087063440665e-01 4.7371452015286025e-01 0.0000000000000000e+00 1
9.8509703050015773e-02 4.8413404085105260e-01 0.0000000000000000e+00 1
-5.2972629044621244e-02 3.6262015892224397e-01 0.0000000000000000e+00 1
8.9060776374810982e-02 -2.2048968646247216e-01 0.0000000000000000e+00 1
-4.6256833651871734e-02 -2.5163660669964852e-02 0.0000000000000000e+00 1
-1.3026895505437991e-01 -1.4801945861596189e-01 0.0000000000000000e+00 1
-1.3736803617539511e-01 -1.4631948833250358e-01 0.0000000000000000e+00 1
-1.2001855144023650e-01 -6.7235815978669081e-02 0.0000000000000000e+00 1
-3.7282598324333271e-01 -1.9854231468294253e-01 0.0000000000000000e+00 1
-2.1954604926118376e-01 -1.4412012339031521e-01 0.0000000000000000e+00 1
-2.1153171267258153e-01 -1.4547966350053254e-01 0.0000000000000000e+00 1
-3.6127300264868645e-01 -1.5154609035654876e-01 0.0000000000000000e+00 1
1.1686918723815905e-01 -2.1451020536977036e-01 0.0000000000000000e+00 1
-3.5198461040701123e-02 -2.7752192755571302e-02 0.0000000000000000e+00 1
-2.6220214558478200e-02 -1.9828649754982448e-02 0.0000000000000000e+00 1
2.1157448636011714e-01 -1.0279592616262045e-02 0.0000000000000000e+00 1
2.2302444953636968e-01 1.0788615465531040e-01 0.0000000000000000e+00 1
8.0724863456753670e-02 4.7897034656712811e-01 0.0000000000000000e+00 1
7.3053642472141994e-02 4.7135474768284774e-01 0.0000000000000000e+00 1
7.0111659791181766e-02 4.8206607169427651e-01 0.0000000000000000e+00 1
1.6634732510076891e-01 3.1875317441211937e-01 0.0000000000000000e+00 1
1.6291970401971395e-01 3.3109697658922443e-01 0.0000000000000000e+00 1
1.5066452375120948e-01 3.3430084561574080e-01 0.0000000000000000e+00 1
1.5948887525601046e-01 3.4327607672278232e-01 0.0000000000000000e+00 1
-4.6584627415630853e-02 2.7790680045459504e-01 0.0000000000000000e+00 1
2.8256412601641406e-01 -9.3101445176146824e-02 0.0000000000000000e+00 1
1.7201224623305744e-01 4.0352437646828498e-01 0.0000000000000000e+00 1
-7.4349065051302413e-02 1.4555329543559403e-01 0.0000000000000000e+00 1
2.5991232502222467e-01 -1.4590839521366566e-01 0.0000000000000000e+00 1
-4.4511141939737403e-02 1.7577413144499399e-01 0.0000000000000000e+00 1
-4.0826825015419156e-02 1.6222366986741565e-01 0.0000000000000000e+00 1
-3.0955511762067629e-02 1.7216801142385776e-01 0.0000000000000000e+00 1
-5.0651665880022012e-02 1.5228187407532270e-01 0.0000000000000000e+00 1
-3.7238676241680826e-02 1.4884332417145080e-01 0.0000000000000000e+00 1
2.2504225366394685e-02 4.3571044721440899e-01 0.0000000000000000e+00 1
3.1355242722428112e-01 -1.8753942436179533e-01 0.0000000000000000e+00 1
3.1766553857530244e-01 -2.0001474650215323e-01 0.0000000000000000e+00 1
3.1082454040340601e-01 -1.7525546539077677e-01 0.0000000000000000e+00 1
5.9219401020993101e-02 -2.1264412461443372e-01 0.0000000000000000e+00 1
-8.6766644770700910e-02 9.8762659479635223e-02 0.0000000000000000e+00 1
5.4980442855411829e-02 2.0703819192934872e-01 0.0000000000000000e+00 1
-7.3657976937711311e-03 -2.2728853995110523e-01 0.0000000000000000e+00 1
1.8395233941360392e-01 2.5572547155996173e-01 0.0000000000000000e+00 1
2.5615117729759170e-02 -9.9077366099397352e-02 0.0000000000000000e+00 1
2.1497647784123866e-01 -2.6881079951547415e-01 0.0000000000000000e+00 1
2.0820149823098735e-01 -2.7587478602342441e-01 0.0000000000000000e+00 1
1.1772659996624113e-01 -4.4189724912130747e-03 0.0000000000000000e+00 1
1.3042294796774859e-01 -8.1442470927442362e-03 0.0000000000000000e+00 1
1.2089259095440441e-01 -1.7257282863577007e-02 0.0000000000000000e+00 1
2.1390811340054167e-01 -7.1314362471508436e-02 0.0000000000000000e+00 1
2.1714326450972546e-01 -8.4156393887530240e-02 0.0000000000000000e+00 1
-1.2906851265098118e-01 -9.2754310895667602e-02 0.0000000000000000e+00 1
3.1832409385779742e-01 -1.3784980290112972e-01 0.0000000000000000e+00 1
-1.2788699324121119e-01 3.8735172964104836e-02 0.0000000000000000e+00 1
-1.3680073962359057e-01 2.9554547117538341e-02 0.0000000000000000e+00 1
-1.3341943358862085e-01 1.7310905442044850e-02 0.0000000000000000e+00 1
-1.4567171181254251e-01 2.0408436000747654e-02 0.0000000000000000e+00 1
-1.4216463830780657e-01 8.3288161314719854e-03 0.0000000000000000e+00 1
-1.5435402958268782e-01 1.1360240232473904e-02 0.0000000000000000e+00 1
3.1203478267961915e-01 -2.7904322032245937e-01 0.0000000000000000e+00 1
3.0616379099430180e-01 -2.8457005682239556e-01 0.0000000000000000e+00 1
6.9204594522424945e-02 1.5416242771568356e-01 0.0000000000000000e+00 1
-2.6319242669552323e-01 -1.3558897679903714e-01 0.0000000000000000e+00 1
1.7973592649117567e-01 -1.0142788951200184e-01 0.0000000000000000e+00 1
-2.1131399719050753e-01 7.6050559537399184e-02 0.0000000000000000e+00 1
4.0360489908107006e-02 4.5225716444260017e-01 0.0000000000000000e+00 1
4.8711674938967317e-02 4.6011560446429212e-01 0.0000000000000000e+00 1
3.1588881687803866e-01 3.8182939866523394e-02 0.0000000000000000e+00 1
3.0529983039753628e-01 2.7954021416131264e-02 0.0000000000000000e+00 1
1.8639464128515107e-01 1.3558627881113786e-01 0.0000000000000000e+00 1
1.9649169000688477e-01 1.4566979775104388e-01 0.0000000000000000e+00 1
2.0026078476856751e-01 1.3183621460992206e-01 0.0000000000000000e+00 1
1.4729685610406146e-01 3.4641676441410518e-01 0.0000000000000000e+00 1
-2.0571253448604992e-01 -7.5420604714037859e-02 0.0000000000000000e+00 1
3.2279069260243826e-01 -1.1578502553768617e-01 0.0000000000000000e+00 1
3.2003644485780630e-01 -1.0313247316364454e-01 0.0000000000000000e+00 1
2.8370984344234501e-01 -2.9529719795966625e-01 0.0000000000000000e+00 1
2.7609077741595123e-01 -2.9280507512335796e-01 0.0000000000000000e+00 1
-7.7424820441534094e-03 2.2761284511340030e-01 0.0000000000000000e+00 1
-3.1144399617294227e-01 -4.9999430954656435e-02 0.0000000000000000e+00 1
-3.0666587604170614e-01 -6.1850884308038118e-02 0.0000000000000000e+00 1
9.2876410275945565e-02 1.1103124136130380e-01 0.0000000000000000e+00 1
-1.0911061775631162e-01 2.7007582361384885e-01 0.0000000000000000e+00 1
2.1656360233753663e-01 8.3418000899595293e-02 0.0000000000000000e+00 1
2.2030038746653607e-01 6.9364194563332995e-02 0.0000000000000000e+00 1
-9.0866965032745634e-02 -1.4317734118047101e-01 0.0000000000000000e+00 1
2.1501696174294566e-01 2.6072070740943504e-02 0.0000000000000000e+00 1
6.0022388611947947e-02 3.3474418286726931e-01 0.0000000000000000e+00 1
-1.1922649832509020e-01 1.6977958552795916e-01 0.0000000000000000e+00 1
-6.7796729479619150e-02 1.3037371480743654e-02 0.0000000000000000e+00 1
1.0530189116263255e-01 4.2125272277847237e-01 0.0000000000000000e+00 1
1.6843045490098050e-02 1.1844499335919918e-01 0.0000000000000000e+00 1
2.6521951338941370e-02 1.2809323347614823e-01 0.0000000000000000e+00 1
1.9467952897696411e-01 -4.2039403559651529e-02 0.0000000000000000e+00 1
2.0817404771985071e-01 -4.5394358415504377e-02 0.0000000000000000e+00 1
1.0812233407352276e-01 4.1013685780883563e-01 0.0000000000000000e+00 1
9.6961759651552876e-02 4.1313192261477366e-01 0.0000000000000000e+00 1
-1.7044348941304682e-01 -7.5185480480616601e-02 0.0000000000000000e+00 1
1.7437519426088061e-01 2.9372714373254782e-01 0.0000000000000000e+00 1
1.2781197224460261e-01 5.2809220304741347e-02 0.0000000000000000e+00 1
9.5874170856645208e-02 3.2458568226335688e-01 0.0000000000000000e+00 1
-2.1711452214993238e-01 -1.5276745309397563e-01 0.0000000000000000e+00 1
-2.0875021965709389e-01 -1.5293015032021737e-01 0.0000000000000000e+00 1
8.1854845273475918e-02 -5.0638020372146930e-02 0.0000000000000000e+00 1
9.3525284899616548e-02 -5.4230044780092870e-02 0.0000000000000000e+00 1
7.8852578240355159e-02 -8.1633762335706087e-02 0.0000000000000000e+00 1
1.3337001030603274e-01 4.7343213597353501e-01 0.0000000000000000e+00 1
-7.2643162279218349e-03 -3.6511163191006286e-02 0.0000000000000000e+00 1
2.7286608660798817e-01 3.5585406667378627e-01 0.0000000000000000e+00 1
-2.4662343465531471e-02 -1.6413078611638121e-01 0.0000000000000000e+00 1
-3.2950770157509704e-02 -1.6213002820840164e-01 0.0000000000000000e+00 1
2.0945787216239323e-01 4.4415607211349589e-01 0.0000000000000000e+00 1
1.8296884399228830e-01 4.3089934165028981e-01 0.0000000000000000e+00 1
1.4231564712376474e-01 2.7860077477762946e-01 0.0000000000000000e+00 1
3.2005601819448359e-01 -4.0707416340237931e-02 0.0000000000000000e+00 1
3.1772318526270127e-01 -2.6249009972255738e-02 0.0000000000000000e+00 1
3.0306485770311903e-01 -2.2211652223434384e-02 0.0000000000000000e+00 1
3.1421588277656881e-01 -1.1864974458002886e-02 0.0000000000000000e+00 1
2.9941005577686913e-01 -7.9716182225300393e-03 0.0000000000000000e+00 1
5.4386544104284215e-02 -1.5963113073392002e-01 0.0000000000000000e+00 1
3.9652486911635559e-02 -8.3510015538154861e-02 0.0000000000000000e+00 1
-2.4430009545077408e-01 -4.9953467980566851e-02 0.0000000000000000e+00 1
2.4855472333002054e-01 -2.2115612160580644e-01 0.0000000000000000e+00 1
1.4341962107263576e-01 -2.3080885223723491e-01 0.0000000000000000e+00 1
-2.0167067616980400e-01 -2.8503974606592892e-02 0.0000000000000000e+00 1
-2.0511992033563201e-01 -1.7408173500025780e-02 0.0000000000000000e+00 1
-3.1921690533661040e-01 -6.1036679728197346e-02 0.0000000000000000e+00 1
-3.1402281835252599e-01 -7.2575870893954744e-02 0.0000000000000000e+00 1
2.5666974616252107e-02 -1.5110929754994223e-01 0.0000000000000000e+00 1
1.8930946034662437e-02 -1.5812425765911994e-01 0.0000000000000000e+00 1
2.6467534032297479e-01 2.3935682001792449e-01 0.0000000000000000e+00 1
2.7861336753113242e-01 2.3547812629878029e-01 0.0000000000000000e+00 1
2.8878728344596549e-01 2.4582911111454345e-01 0.0000000000000000e+00 1
2.9279974058178826e-01 2.3175414228571853e-01 0.0000000000000000e+00 1
2.8240493246357912e-01 2.2125437998914127e-01 0.0000000000000000e+00 1
2.9673285740193217e-01 2.1747622160676897e-01 0.0000000000000000e+00 1
2.8622729251967899e-01 2.0689029791925906e-01 0.0000000000000000e+00 1
3.0069081639804351e-01 2.0307314415500838e-01 0.0000000000000000e+00 1
2.9009400535525753e-01 1.9240495578827302e-01 0.0000000000000000e+00 1
3.0466869446551964e-01 1.8857866338656964e-01 0.0000000000000000e+00 1
2.9401282834492254e-01 1.7781913530102456e-01 0.0000000000000000e+00 1
2.7196890712999594e-01 2.1065942159219375e-01 0.0000000000000000e+00 1
1.7309038539740285e-01 -2.6859247639412698e-01 0.0000000000000000e+00 1
1.8381278702026960e-01 -2.7359619710128352e-01 0.0000000000000000e+00 1
1.9336996404568155e-01 -2.6525179881816463e-01 0.0000000000000000e+00 1
-1.6513061307554849e-01 -9.3129119878549438e-02 0.0000000000000000e+00 1
-2.3574580428542291e-01 6.5465779615178660e-02 0.0000000000000000e+00 1
5.3513584039801117e-02 -9.6439757391507105e-02 0.0000000000000000e+00 1
3.0763285872141372e-01 2.2818873199247205e-01 0.0000000000000000e+00 1
-2.3778208063524203e-01 -1.1798771106155551e-01 0.0000000000000000e+00 1
2.8801873259207372e-01 -1.6567149173874812e-01 0.0000000000000000e+00 1
2.7586909002786369e-01 -1.6215568991381973e-01 0.0000000000000000e+00 1
1.4611223605503762e-01 4.9751255407763556e-01 0.0000000000000000e+00 1
-3.3959228422751758e-02 3.8193316324215598e-01 0.0000000000000000e+00 1
1.3346600571424894e-01 -2.0884163118221114e-02 0.0000000000000000e+00 1
1.2402454510685038e-01 -2.9979725405736013e-02 0.0000000000000000e+00 1
1.1151703673566621e-01 -2.6336135622468466e-02 0.0000000000000000e+00 1
1.1328740968791140e-01 -3.8441640892687493e-02 0.0000000000000000e+00 1
-8.8968772839075921e-02 -9.2494071893846425e-02 0.0000000000000000e+00 1
-7.9361238004746287e-02 -9.5033120060687315e-02 0.0000000000000000e+00 1
-1.1310480561836893e-01 2.8431800509489524e-01 0.0000000000000000e+00 1
1.5375191134544719e-01 1.5645639474213788e-01 0.0000000000000000e+00 1
2.7563437094504661e-01 -2.5950228986961538e-01 0.0000000000000000e+00 1
1.6734795876248959e-02 -2.0722993592933139e-01 0.0000000000000000e+00 1
9.9399417650764404e-03 -2.1235786248622160e-01 0.0000000000000000e+00 1
9.1141696650312798e-02 -4.2759131884663577e-02 0.0000000000000000e+00 1
1.7481798334090981e-01 -1.6603763653153297e-01 0.0000000000000000e+00 1
-1.1110496042225149e-01 -9.6859914987995399e-02 0.0000000000000000e+00 1
1.3072223164597149e-01 -2.5693181284271216e-01 0.0000000000000000e+00 1
1.8935468826575344e-01 1.9250880271306606e-01 0.0000000000000000e+00 1
8.1040049180974849e-03 -1.7439932431318500e-01 0.0000000000000000e+00 1
-4.3168943085208092e-02 -3.6364104458975963e-02 0.0000000000000000e+00 1
-3.5473116678227612e-02 -1.5404196862944605e-01 0.0000000000000000e+00 1
-4.1327719246101978e-02 -1.6068318754387462e-01 0.0000000000000000e+00 1
-7.2100970313320911e-02 -8.7917366119159762e-02 0.0000000000000000e+00 1
-6.9688051216509866e-02 -9.7460775080194198e-02 0.0000000000000000e+00 1
-3.0884834221746014e-02 7.2173990264492574e-02 0.0000000000000000e+00 1
-2.1415542638622078e-02 8.1584763502744753e-02 0.0000000000000000e+00 1
-4.0284717531037156e-02 6.2781447109406863e-02 0.0000000000000000e+00 1
-2.4846654159070693e-02 9.4505436846840388e-02 0.0000000000000000e+00 1
-1.1923497002640174e-02 9.0970744629751576e-02 0.0000000000000000e+00 1
-3.1464525106453761e-01 -1.5605785464164934e-01 0.0000000000000000e+00 1
-3.1013040469404984e-01 -1.6609779150291359e-01 0.0000000000000000e+00 1
-2.9930379134444879e-01 -1.6723060655261759e-01 0.0000000000000000e+00 1
4.1112882252413954e-02 2.1140314723968018e-01 0.0000000000000000e+00 1
9.9865917676994861e-02 4.0187710315147301e-01 0.0000000000000000e+00 1
8.8231557207789774e-02 4.0499572813673368e-01 0.0000000000000000e+00 1
8.5791966414007909e-02 4.1612830159476039e-01 0.0000000000000000e+00 1
-1.9396364750989062e-01 -1.9897001928829535e-02 0.0000000000000000e+00 1
2.3624412806452594e-01 3.6490650855665169e-01 0.0000000000000000e+00 1
-1.6251938100560484e-01 -5.8882157458107730e-02 0.0000000000000000e+00 1
2.5128608561231853e-02 -1.7735227313419172e-01 0.0000000000000000e+00 1
5.8788916662190840e-03 -1.6594434997053062e-01 0.0000000000000000e+00 1
-2.2413409982522839e-01 -2.3476802958925198e-02 0.0000000000000000e+00 1
1.8905996247779847e-01 4.7701761515734908e-01 0.0000000000000000e+00 1
1.7832181454042409e-01 2.3261397021458646e-01 0.0000000000000000e+00 1
2.3421538765786160e-01 6.5679701503980573e-02 0.0000000000000000e+00 1
2.2411149975229239e-01 5.5720994739592487e-02 0.0000000000000000e+00 1
-1.5064108198122267e-01 2.2879483845052773e-01 0.0000000000000000e+00 1
1.9354636521285742e-01 4.2817022813714889e-01 0.0000000000000000e+00 1
2.6140953982714066e-01 3.9183768368486216e-01 0.0000000000000000e+00 1
-2.5897056353209813e-01 -3.6256633504247772e-02 0.0000000000000000e+00 1
-2.0225171573083975e-01 1.3993098745992624e-01 0.0000000000000000e+00 1
-1.6491966109451438e-02 -1.6624747028939302e-01 0.0000000000000000e+00 1
1.2682406066334309e-01 4.5590678734413476e-01 0.0000000000000000e+00 1
-1.9718189595978691e-01 -8.5134236728505557e-03 0.0000000000000000e+00 1
-1.8580485570360161e-01 -1.0889895607060123e-02 0.0000000000000000e+00 1
1.7227636146462355e-01 -2.2867950937103768e-01 0.0000000000000000e+00 1
1.0797748532432549e-02 4.3882405889125803e-01 0.0000000000000000e+00 1
1.9646590438179612e-01 4.8393855713698458e-01 0.0000000000000000e+00 1
2.0636261807112666e-01 4.8148478923840404e-01 0.0000000000000000e+00 1
2.3010419511078983e-01 -2.9037764219329204e-01 0.0000000000000000e+00 1
1.5595950860168706e-01 3.5503695031955507e-01 0.0000000000000000e+00 1
-2.4870991521389421e-01 6.9237454236002333e-02 0.0000000000000000e+00 1
3.0945957460693875e-02 2.6916908643388743e-01 0.0000000000000000e+00 1
-9.1818610732307335e-02 7.6143837910142634e-02 0.0000000000000000e+00 1
-2.3158094047945549e-01 -3.2724216673397560e-02 0.0000000000000000e+00 1
-1.2764042745005133e-01 1.9614488956132148e-01 0.0000000000000000e+00 1
1.5976080360403411e-01 4.8232344729511037e-03 0.0000000000000000e+00 1
-7.2935919048877557e-02 3.4342485410614276e-01 0.0000000000000000e+00 1
1.1818643633829891e-01 9.2219821373250604e-02 0.0000000000000000e+00 1
9.5989072147620813e-02 -6.5342918506116759e-02 0.0000000000000000e+00 1
3.2808062886168665e-01 4.8962496346768740e-02 0.0000000000000000e+00 1
-1.9676200326676654e-01 -1.4447960988287123e-01 0.0000000000000000e+00 1
-1.4865848999818931e-01 -1.2698732574409449e-01 0.0000000000000000e+00 1
4.1031273035360347e-02 -6.0452594421320560e-02 0.0000000000000000e+00 1
-1.9216786685445422e-01 -1.5645903367092998e-01 0.0000000000000000e+00 1
-1.4033025871298996e-01 4.1929123248922236e-02 0.0000000000000000e+00 1
1.1637706506978916e-01 1.8772993557016876e-01 0.0000000000000000e+00 1
3.1570202739760583e-01 -2.4661493443262542e-01 0.0000000000000000e+00 1
3.1290334043645540e-01 -2.3531722902559257e-01 0.0000000000000000e+00 1
-2.3900083380517584e-01 -1.5762607907164491e-01 0.0000000000000000e+00 1
-2.4837011417888188e-01 -1.5708848046396617e-01 0.0000000000000000e+00 1
2.2282959496553414e-01 4.5996367234124191e-01 0.0000000000000000e+00 1
2.2571914474211635e-01 4.4916378086275754e-01 0.0000000000000000e+00 1
5.7026820067084906e-02 4.8529854567387634e-02 0.0000000000000000e+00 1
2.4595638028106862e-01 3.2649111408562936e-01 0.0000000000000000e+00 1
7.6467357331124145e-03 2.6333573519905851e-01 0.0000000000000000e+00 1
3.1037728385499652e-01 1.5659180646861635e-03 0.0000000000000000e+00 1
3.2403396518553695e-01 -1.2043526276322182e-03 0.0000000000000000e+00 1
1.1870144793418233e-01 4.9577340548357907e-01 0.0000000000000000e+00 1
1.2619767616464755e-01 5.0291219828217193e-01 0.0000000000000000e+00 1
-2.4094011122778713e-03 -1.6300164346322699e-01 0.0000000000000000e+00 1
3.8715041135083225e-03 -1.5720860507275705e-01 0.0000000000000000e+00 1
-2.9983782127729669e-01 -7.3852164089043520e-02 0.0000000000000000e+00 1
-3.0960982714281071e-01 -8.4095236087303807e-02 0.0000000000000000e+00 1
-3.2185213367232568e-01 -8.2550939544072069e-02 0.0000000000000000e+00 1
1.6738253500393077e-01 3.5182237340698241e-01 0.0000000000000000e+00 1
2.0169728351292060e-01 -1.4071077357093600e-01 0.0000000000000000e+00 1
4.7572965184822458e-02 3.9257116654485454e-02 0.0000000000000000e+00 1
5.0802222799925079e-02 2.6603917655148891e-02 0.0000000000000000e+00 1
3.8496775092593132e-02 2.9793891139801618e-02 0.0000000000000000e+00 1
4.1528671792028481e-02 1.7374246573223135e-02 0.0000000000000000e+00 1
2.9282614457066820e-02 2.0634090277695492e-02 0.0000000000000000e+00 1
3.2309673767259808e-02 8.3681053771237739e-03 0.0000000000000000e+00 1
2.0050313337262791e-02 1.1677901450439430e-02 0.0000000000000000e+00 1
2.3137223548165158e-02 -5.1343291469715566e-04 0.0000000000000000e+00 1
1.1010384286440043e-02 2.7710344295052390e-03 0.0000000000000000e+00 1
3.5776053649299255e-02 -4.1461646481620205e-03 0.0000000000000000e+00 1
1.4631826735718091e-02 -9.5229562216721485e-03 0.0000000000000000e+00 1
2.1766529668951276e-03 -6.0159545472088863e-03 0.0000000000000000e+00 1
6.2833983582661013e-02 4.7446497312484076e-01 0.0000000000000000e+00 1
9.0837851539107756e-02 3.9360589061908469e-01 0.0000000000000000e+00 1
-1.6040517625460093e-01 2.1962611163026735e-01 0.0000000000000000e+00 1
1.6790610688126709e-01 -9.7756224736324573e-02 0.0000000000000000e+00 1
1.5949118641506210e-01 -1.0638396978026232e-01 0.0000000000000000e+00 1
4.1915656532096418e-02 -1.4724097150648202e-01 0.0000000000000000e+00 1
-1.9199809224306721e-01 -1.3350788983277645e-01 0.0000000000000000e+00 1
3.0844575794571572e-01 1.7418787617434575e-01 0.0000000000000000e+00 1
2.9792171850612137e-01 1.6317352031673388e-01 0.0000000000000000e+00 1
2.8335283307943593e-01 1.6754894828710101e-01 0.0000000000000000e+00 1
2.8768946432731879e-01 1.5258202138472388e-01 0.0000000000000000e+00 1
3.0199084963139133e-01 1.4845083789512950e-01 0.0000000000000000e+00 1
2.9137711396626192e-01 1.3771804879750321e-01 0.0000000000000000e+00 1
3.0600691635248667e-01 1.3399434138253036e-01 0.0000000000000000e+00 1
3.1665405051904633e-01 1.4405142567522827e-01 0.0000000000000000e+00 1
-7.9503806507127517e-02 1.6092251921445207e-02 0.0000000000000000e+00 1
2.7547532138248243e-01 -1.1521399244302019e-01 0.0000000000000000e+00 1
3.2201570164021009e-01 -1.7916693194749994e-01 0.0000000000000000e+00 1
3.2013730305295995e-01 -1.6658651301983418e-01 0.0000000000000000e+00 1
-7.9394866630369265e-02 2.1040590455157049e-01 0.0000000000000000e+00 1
-8.9410046985358885e-02 1.9996933897847508e-01 0.0000000000000000e+00 1
6.6342008957540902e-02 4.3387514554721118e-01 0.0000000000000000e+00 1
-8.2915583639828039e-02 3.3334931467239637e-01 0.0000000000000000e+00 1
2.0439102025825653e-01 -3.2607442727414310e-02 0.0000000000000000e+00 1
5.9355503521795701e-02 4.5649127285586155e-01 0.0000000000000000e+00 1
2.8082816828567203e-01 7.6377855351023149e-02 0.0000000000000000e+00 1
2.9119629339353548e-01 8.7071176747702997e-02 0.0000000000000000e+00 1
3.0476148304190531e-01 8.2083015339785917e-02 0.0000000000000000e+00 1
3.0091548649146832e-01 9.6678180492385996e-02 0.0000000000000000e+00 1
3.1547715557732570e-01 9.3520653378394297e-02 0.0000000000000000e+00 1
3.1292246644604266e-01 1.0816663631901871e-01 0.0000000000000000e+00 1
2.9573255122975023e-01 1.2427591154034509e-01 0.0000000000000000e+00 1
2.3441524594022618e-02 -8.8425493764537205e-02 0.0000000000000000e+00 1
1.5161560979127492e-02 -9.6343112436002853e-02 0.0000000000000000e+00 1
-8.5875048327715447e-02 -1.0193903122774500e-01 0.0000000000000000e+00 1
-1.5323474708451801e-01 -1.5550943430566355e-01 0.0000000000000000e+00 1
-1.5784632970001367e-01 -1.6023065348529672e-01 0.0000000000000000e+00 1
-1.5607318704677076e-01 -1.6648117855235542e-01 0.0000000000000000e+00 1
-1.4870521002132178e-01 -1.5060460655434893e-01 0.0000000000000000e+00 1
2.9074725197920070e-01 2.8313203706693679e-01 0.0000000000000000e+00 1
2.8649706278213444e-01 2.9741376241840084e-01 0.0000000000000000e+00 1
2.9477602781634415e-01 2.6984106734631952e-01 0.0000000000000000e+00 1
3.1854680357382265e-01 2.3227755468284920e-02 0.0000000000000000e+00 1
-1.1369401618600983e-01 1.9254905375709858e-01 0.0000000000000000e+00 1
-1.3535545176890634e-01 1.3587535454676236e-01 0.0000000000000000e+00 1
1.1904159642095491e-01 4.0715963218233214e-01 0.0000000000000000e+00 1
-2.3006594354950871e-01 -9.5293239530377785e-02 0.0000000000000000e+00 1
1.7137975281585449e-02 -1.4878242502105837e-01 0.0000000000000000e+00 1
1.7504816612650834e-01 3.2782782385040626e-01 0.0000000000000000e+00 1
-3.5509111544270661e-01 -1.9114017044979797e-01 0.0000000000000000e+00 1
-3.4318950372080342e-01 -1.9378486982757245e-01 0.0000000000000000e+00 1
-3.3910789505797989e-01 -1.8469374652728912e-01 0.0000000000000000e+00 1
-1.4284602097332538e-01 -1.6970687138009766e-01 0.0000000000000000e+00 1
-1.3658766070776154e-01 -1.7152018213149295e-01 0.0000000000000000e+00 1
2.8273353303331505e-01 -4.2798667388489579e-02 0.0000000000000000e+00 1
-1.9836177846100383e-01 -1.5587715555150591e-01 0.0000000000000000e+00 1
8.5142173014964476e-02 -2.4678220218193170e-01 0.0000000000000000e+00 1
9.5309172919200200e-02 -2.4961496305740100e-01 0.0000000000000000e+00 1
2.8829939487905276e-01 -2.4625114647074209e-01 0.0000000000000000e+00 1
-2.1250548895127211e-01 -8.3339927657075027e-02 0.0000000000000000e+00 1
-1.8906654645979366e-02 1.1603517219629153e-01 0.0000000000000000e+00 1
-2.2210013276645634e-02 1.2944740550675560e-01 0.0000000000000000e+00 1
3.1917511997768583e-01 -2.7242193222203048e-01 0.0000000000000000e+00 1
3.1529317852087752e-01 -2.6532684255225619e-01 0.0000000000000000e+00 1
2.8917610633713831e-01 -1.8721713665975748e-02 0.0000000000000000e+00 1
2.8530784201112724e-01 -4.4529596394594379e-03 0.0000000000000000e+00 1
-1.2295472547261613e-01 2.7237069231300193e-01 0.0000000000000000e+00 1
1.4321983463943724e-02 3.8120932565576343e-01 0.0000000000000000e+00 1
1.7813338820096388e-02 3.6839689268519721e-01 0.0000000000000000e+00 1
8.2545906787090551e-03 3.5880204547893207e-01 0.0000000000000000e+00 1
2.5490592786863880e-01 4.1478790792294856e-01 0.0000000000000000e+00 1
7.1192434186644865e-02 -9.0131398276258518e-02 0.0000000000000000e+00 1
6.7711841357130195e-02 5.7234751944364906e-02 0.0000000000000000e+00 1
6.9890738241571368e-02 2.5883446794012238e-01 0.0000000000000000e+00 1
-1.1730456644974174e-01 -7.7016752890269172e-02 0.0000000000000000e+00 1
-1.0659583486511483e-01 1.0706793288027235e-03 0.0000000000000000e+00 1
-9.5536115896820956e-02 -1.4588326202232924e-03 0.0000000000000000e+00 1
8.1307315100195482e-02 3.0300791670371907e-01 0.0000000000000000e+00 1
7.8130471049233582e-02 3.1498879995154161e-01 0.0000000000000000e+00 1
-1.5905805709161422e-01 -8.5846208723868056e-02 0.0000000000000000e+00 1
1.0473326611555477e-01 -5.7333068339311934e-02 0.0000000000000000e+00 1
1.3737193337700040e-01 6.2147460597261422e-02 0.0000000000000000e+00 1
3.0275446424042607e-01 -2.3361944684091962e-01 0.0000000000000000e+00 1
3.1030902477919065e-01 -2.2576789807280634e-01 0.0000000000000000e+00 1
3.2003124957085005e-01 -2.2834289221115694e-01 0.0000000000000000e+00 1
-4.0825224339190599e-02 3.1040462990229833e-01 0.0000000000000000e+00 1
-2.9585803407537779e-02 3.1907218924650432e-01 0.0000000000000000e+00 1
-2.1887088928396942e-01 4.8725939522365855e-02 0.0000000000000000e+00 1
1.9905968059076984e-01 2.0406193441949219e-01 0.0000000000000000e+00 1
1.9383740904311714e-01 2.6597820435490599e-01 0.0000000000000000e+00 1
3.1875300398050910e-01 1.8484835903397312e-01 0.0000000000000000e+00 1
-5.0281605058637477e-02 2.9162372562777911e-01 0.0000000000000000e+00 1
-3.0593373235169580e-01 -1.7563309135163055e-01 0.0000000000000000e+00 1
-3.1646335728179648e-01 -1.7497270024654027e-01 0.0000000000000000e+00 1
-3.1282921682837256e-01 -1.8504531518101680e-01 0.0000000000000000e+00 1
1.5643742129597243e-01 1.7702285251532479e-01 0.0000000000000000e+00 1
-1.3024175216934725e-01 5.6786306027232451e-03 0.0000000000000000e+00 1
-1.3864500197924329e-01 -2.9318885785105595e-03 0.0000000000000000e+00 1
-2.0383917939711749e-01 -1.0141702593872362e-01 0.0000000000000000e+00 1
1.1341604911109372e-01 2.0102151637880042e-01 0.0000000000000000e+00 1
1.2298750807108694e-01 2.1044623177427138e-01 0.0000000000000000e+00 1
-2.7522183309749582e-01 -7.2931986490641143e-02 0.0000000000000000e+00 1
2.0968618580622805e-01 1.4190129266922910e-01 0.0000000000000000e+00 1
3.1848623572765000e-01 -2.1765678021528079e-01 0.0000000000000000e+00 1
-7.9239528459464054e-02 -1.6059799044487372e-01 0.0000000000000000e+00 1
-7.3425344630812753e-02 -1.5499999711182921e-01 0.0000000000000000e+00 1
-1.3511855763438035e-01 -9.9518584933069268e-02 0.0000000000000000e+00 1
1.7672267997025640e-01 -8.8291639444915318e-02 0.0000000000000000e+00 1
-2.4475238411633823e-04 -2.2930263633661824e-01 0.0000000000000000e+00 1
5.2689814531569250e-03 -2.2442434731886021e-01 0.0000000000000000e+00 1
7.3618687447815122e-03 -2.3151306395701779e-01 0.0000000000000000e+00 1
1.3030339597204663e-02 -2.2625211596197251e-01 0.0000000000000000e+00 1
1.5055898284582864e-02 -2.3412169550970435e-01 0.0000000000000000e+00 1
2.9744132090157926e-01 -1.0932985187817060e-01 0.0000000000000000e+00 1
1.2004548722560329e-01 1.7448443399846988e-01 0.0000000000000000e+00 1
1.9640324040285206e-01 -8.8389656754156887e-02 0.0000000000000000e+00 1
3.1884305114869127e-01 7.8630358420897856e-02 0.0000000000000000e+00 1
3.2993724028777593e-01 8.9261621688063592e-02 0.0000000000000000e+00 1
2.7088897519594604e-02 3.2709208338932809e-02 0.0000000000000000e+00 1
-3.1305099083672308e-02 -3.8489834787102578e-02 0.0000000000000000e+00 1
2.7368133566750957e-01 1.5831126562100770e-01 0.0000000000000000e+00 1
2.6315165502190419e-01 2.8999013247090405e-01 0.0000000000000000e+00 1
9.8917990167957839e-02 -2.2361117025834004e-01 0.0000000000000000e+00 1
1.3066979006358895e-01 8.9286504487824214e-02 0.0000000000000000e+00 1
1.2923209582137796e-01 1.0176378808748875e-01 0.0000000000000000e+00 1
1.7267056501499028e-01 4.9863978877849358e-01 0.0000000000000000e+00 1
1.6353418816188808e-01 5.0110580640889923e-01 0.0000000000000000e+00 1
1.8268043753711877e-01 4.9582572537190922e-01 0.0000000000000000e+00 1
-3.9847222149753864e-01 -1.8722211964203916e-01 0.0000000000000000e+00 1
-1.6073997556827341e-02 4.1320013898753982e-01 0.0000000000000000e+00 1
6.8035850138768908e-02 4.2441295562845038e-01 0.0000000000000000e+00 1
2.0550037088785381e-01 7.2628189996691475e-02 0.0000000000000000e+00 1
2.8052311932069007e-01 3.3060940936204186e-01 0.0000000000000000e+00 1
2.8469473368758091e-01 3.1837034280943033e-01 0.0000000000000000e+00 1
1.4278130058679256e-01 -1.2493851820558760e-02 0.0000000000000000e+00 1
-2.6741326600110964e-02 4.0387873745540215e-01 0.0000000000000000e+00 1
-1.5110984099937541e-01 1.9160353546541506e-01 0.0000000000000000e+00 1
-1.6650181675561926e-01 1.9596075540277530e-01 0.0000000000000000e+00 1
-1.7571696822308031e-01 1.8564049759574192e-01 0.0000000000000000e+00 1
-1.8021500537291146e-01 1.9932593736362825e-01 0.0000000000000000e+00 1
2.0840330652369085e-01 4.2566798640125897e-01 0.0000000000000000e+00 1
2.2704283950992932e-01 -7.5586831530977200e-02 0.0000000000000000e+00 1
-8.6141049307825540e-02 3.4525393768722301e-01 0.0000000000000000e+00 1
-1.5960161935325903e-01 -1.5435139780316148e-01 0.0000000000000000e+00 1
-1.6400941906613103e-01 -1.5893339218516811e-01 0.0000000000000000e+00 1
3.1356061544840341e-01 -2.8606213910195288e-01 0.0000000000000000e+00 1
-4.4894178730354563e-03 1.9844013899243568e-01 0.0000000000000000e+00 1
-1.9739819365241265e-01 7.2560103131997802e-02 0.0000000000000000e+00 1
-3.0472911824503998e-02 -1.6956367112960899e-01 0.0000000000000000e+00 1
-1.4119656267875735e-01 -1.7542794931929317e-01 0.0000000000000000e+00 1
-7.1026323301922212e-02 2.5167820986144954e-02 0.0000000000000000e+00 1
1.9015962358251520e-01 2.7772866465433271e-01 0.0000000000000000e+00 1
-2.4277550543800336e-01 -1.0717643662847548e-01 0.0000000000000000e+00 1
1.7977490346490482e-01 1.8334924657807777e-01 0.0000000000000000e+00 1
1.9425817480482049e-01 1.8086828290046977e-01 0.0000000000000000e+00 1
-3.2289294255234929e-01 -1.8353949913766127e-01 0.0000000000000000e+00 1
-1.5546377899703823e-01 -9.5421846268490887e-02 0.0000000000000000e+00 1
5.1420365662766948e-02 2.2032912226177592e-01 0.0000000000000000e+00 1
7.9033839360561881e-02 3.9697810029401592e-01 0.0000000000000000e+00 1
1.0292475818738962e-01 -2.4401927341887486e-01 0.0000000000000000e+00 1
1.0447217412639694e-01 -2.5478112826400096e-01 0.0000000000000000e+00 1
9.6945684285418082e-02 -2.5998403577594364e-01 0.0000000000000000e+00 1
1.0621147211917255e-01 9.5330152271087279e-02 0.0000000000000000e+00 1
9.6335670471636770e-02 8.5779869259741806e-02 0.0000000000000000e+00 1
1.7536292190573122e-01 -2.7852817752932257e-01 0.0000000000000000e+00 1
-2.8645919219936261e-01 -7.1173407270517394e-02 0.0000000000000000e+00 1
-8.3534885073786383e-03 2.1184051862493572e-01 0.0000000000000000e+00 1
-2.4714275494832766e-01 -1.1643889015045165e-01 0.0000000000000000e+00 1
-2.5499196540513580e-01 -1.2313304520220417e-01 0.0000000000000000e+00 1
1.4025438633482096e-01 4.8807014223482867e-02 0.0000000000000000e+00 1
1.9365470710297805e-01 -2.7574695868412985e-01 0.0000000000000000e+00 1
-1.3818562925136071e-01 -9.0859081484406523e-02 0.0000000000000000e+00 1
3.0506881981432432e-01 2.7734769833927470e-01 0.0000000000000000e+00 1
2.1978519886618519e-01 4.6979871757037650e-01 0.0000000000000000e+00 1
-1.1142893123763492e-01 -6.9982259864568991e-02 0.0000000000000000e+00 1
-1.1291205772582082e-01 -5.9616218705818042e-02 0.0000000000000000e+00 1
-3.8840209715308055e-01 -1.6804180613103978e-01 0.0000000000000000e+00 1
-3.7969644424091764e-01 -1.5839497446120829e-01 0.0000000000000000e+00 1
2.0497774014757783e-01 -2.6596911315673066e-01 0.0000000000000000e+00 1
3.2160814197206239e-01 1.3151605697305244e-01 0.0000000000000000e+00 1
1.4573785374153192e-01 2.3128540222841457e-02 0.0000000000000000e+00 1
2.0156455408457858e-02 2.2327295043974385e-01 0.0000000000000000e+00 1
3.0840920394785959e-01 -2.9206637054343176e-01 0.0000000000000000e+00 1
3.0126299024473879e-01 -2.8999374032869835e-01 0.0000000000000000e+00 1
-1.3314670547816848e-01 -1.4099026206895615e-01 0.0000000000000000e+00 1
-1.4095278493821956e-01 -1.3999567662885273e-01 0.0000000000000000e+00 1
-1.2597821869606787e-01 -1.4291218272264761e-01 0.0000000000000000e+00 1
1.2240584413795369e-01 -2.2521606523396287e-01 0.0000000000000000e+00 1
-7.6831721225199337e-02 3.2162497243525490e-01 0.0000000000000000e+00 1
1.3658526842433116e-01 -3.3689549564121700e-02 0.0000000000000000e+00 1
2.3799275460579608e-01 5.1555087092381838e-02 0.0000000000000000e+00 1
5.8460305545809617e-02 -1.4460705074082289e-01 0.0000000000000000e+00 1
6.8173254413733023e-02 -1.4791544394855521e-01 0.0000000000000000e+00 1
7.5317049873888445e-02 -1.4068190831727206e-01 0.0000000000000000e+00 1
7.7968602256078504e-02 -1.5103158335658656e-01 0.0000000000000000e+00 1
8.5608854329097844e-02 -1.4352965657347500e-01 0.0000000000000000e+00 1
8.8325689274826980e-02 -1.5407130029944333e-01 0.0000000000000000e+00 1
9.6165221486372521e-02 -1.4638289776266961e-01 0.0000000000000000e+00 1
9.8911739928478348e-02 -1.5711478367998541e-01 0.0000000000000000e+00 1
1.0689515163017334e-01 -1.4931617625630644e-01 0.0000000000000000e+00 1
1.0970960806535818e-01 -1.6010601509343461e-01 0.0000000000000000e+00 1
1.1767322945746723e-01 -1.5215567917126299e-01 0.0000000000000000e+00 1
1.1491691329594940e-01 -1.4124816404099919e-01 0.0000000000000000e+00 1
1.2112434812252842e-01 -1.6285217691894074e-01 0.0000000000000000e+00 1
1.2600120225819647e-01 -1.4431602048081277e-01 0.0000000000000000e+00 1
1.2338577292390843e-01 -1.3327094877586879e-01 0.0000000000000000e+00 1
1.3432424619793762e-01 -1.3514395855083439e-01 0.0000000000000000e+00 1
9.3414109291314745e-02 -1.3600220355491896e-01 0.0000000000000000e+00 1
1.0158996731774611e-01 -1.6796306252106596e-01 0.0000000000000000e+00 1
8.0638072938403069e-02 -1.6077711607100992e-01 0.0000000000000000e+00 1
1.3148821012171438e-01 -1.2467280808365576e-01 0.0000000000000000e+00 1
1.1287063388457770e-01 -1.3078860982022805e-01 0.0000000000000000e+00 1
-1.8585737554537470e-02 -3.3413426203597177e-02 0.0000000000000000e+00 1
-9.8604662131703807e-03 -2.6142231542134145e-02 0.0000000000000000e+00 1
-2.2388492448458339e-01 -8.7866219721310049e-02 0.0000000000000000e+00 1
-1.8743560359696004e-01 8.2724434882443784e-02 0.0000000000000000e+00 1
2.1046362954665752e-02 -2.2845325972021682e-01 0.0000000000000000e+00 1
6.5798168980156543e-02 3.2192583265290037e-01 0.0000000000000000e+00 1
1.5782024302202727e-01 -9.3155375814448410e-02 0.0000000000000000e+00 1
2.1719429678360511e-01 4.3410404286761767e-01 0.0000000000000000e+00 1
2.2930451050814030e-01 4.3077142420361392e-01 0.0000000000000000e+00 1
1.4071141990754661e-02 -1.6732136267430320e-01 0.0000000000000000e+00 1
3.1993846337682408e-01 -2.8185314393434213e-01 0.0000000000000000e+00 1
-2.6707745612509709e-01 -1.2484356036228858e-01 0.0000000000000000e+00 1
-2.3194032209687601e-01 -1.5879170860834468e-01 0.0000000000000000e+00 1
-9.8741990711231103e-02 -1.4094459498392636e-01 0.0000000000000000e+00 1
-1.0415840131680126e-01 -1.4702835429749367e-01 0.0000000000000000e+00 1
-1.0673089342753657e-01 -1.3890166643164575e-01 0.0000000000000000e+00 1
-1.0960067257098943e-01 -1.3067898237418990e-01 0.0000000000000000e+00 1
-1.1424822384297420e-01 -1.3744033977981274e-01 0.0000000000000000e+00 1
-2.7718758101936025e-01 -1.2205243195630791e-01 0.0000000000000000e+00 1
1.7901257622923408e-01 3.1510145515266219e-01 0.0000000000000000e+00 1
-2.0767518091174156e-01 -4.8716718841864889e-03 0.0000000000000000e+00 1
2.0008200034680686e-02 4.4734462886673498e-01 0.0000000000000000e+00 1
-9.1338158930973787e-02 3.2031808541969053e-01 0.0000000000000000e+00 1
-1.0454684532737857e-01 3.1280201147377468e-01 0.0000000000000000e+00 1
2.7874921623830073e-01 -1.7470883831745929e-01 0.0000000000000000e+00 1
2.6693244077469719e-01 -1.7097061621618576e-01 0.0000000000000000e+00 1
2.1061378564293262e-01 -2.8512787852661287e-01 0.0000000000000000e+00 1
9.0531253433737066e-03 -2.3927068901689941e-01 0.0000000000000000e+00 1
-4.3740555640866785e-01 -2.3318588385407879e-01 0.0000000000000000e+00 1
-4.3469396156021672e-01 -2.3106706175427180e-01 0.0000000000000000e+00 1
-4.3078061164143955e-01 -2.3112690572336314e-01 0.0000000000000000e+00 1
-2.6918628480572821e-02 5.9513232899071053e-02 0.0000000000000000e+00 1
-2.5648327998620468e-01 -1.1302858076245510e-01 0.0000000000000000e+00 1
1.1993977289251948e-02 -8.5990761005009977e-02 0.0000000000000000e+00 1
4.5930732350920687e-03 -9.3722623830468435e-02 0.0000000000000000e+00 1
7.8289605369188768e-03 -1.0408634592278454e-01 0.0000000000000000e+00 1
-2.6515022988733965e-03 -1.0140929969045775e-01 0.0000000000000000e+00 1
2.5766652633924490e-03 -8.2282275551760070e-02 0.0000000000000000e+00 1
-2.0621519484541789e-01 -1.3932419584160646e-01 0.0000000000000000e+00 1
7.6309523566589918e-02 4.3041647801383698e-01 0.0000000000000000e+00 1
7.2556190123948764e-03 -1.8674577465924991e-02 0.0000000000000000e+00 1
-7.5457982481582975e-02 -1.4754525202341251e-01 0.0000000000000000e+00 1
-6.7578073895183388e-02 -1.4980338537954180e-01 0.0000000000000000e+00 1
-6.5559730730330820e-02 -1.5731239175824718e-01 0.0000000000000000e+00 1
-5.9720071248843987e-02 -1.5175551234522758e-01 0.0000000000000000e+00 1
-5.7612104807015049e-02 -1.5960031074604050e-01 0.0000000000000000e+00 1
-5.2140272560102049e-02 -1.5287909262871452e-01 0.0000000000000000e+00 1
-6.2492872496688334e-02 -1.4478693646752666e-01 0.0000000000000000e+00 1
4.6664122809185644e-02 3.0104028155590307e-01 0.0000000000000000e+00 1
3.7318392993422871e-02 2.9146953790123548e-01 0.0000000000000000e+00 1
1.9546084891866303e-01 2.1707897086671418e-01 0.0000000000000000e+00 1
3.0232306158439620e-01 -2.9810518099550337e-01 0.0000000000000000e+00 1
1.6619367625985360e-01 -1.7434284136403708e-01 0.0000000000000000e+00 1
1.5440986200486881e-01 -1.7096070930767115e-01 0.0000000000000000e+00 1
-2.2705972896724233e-01 -9.6966982701759755e-03 0.0000000000000000e+00 1
1.8315215615411906e-01 -1.5749801547798012e-01 0.0000000000000000e+00 1
1.1103967260721977e-01 4.8865339878468078e-01 0.0000000000000000e+00 1
1.0906897395531917e-01 4.9858494909543472e-01 0.0000000000000000e+00 1
1.1367977263021092e-01 4.7845785286286618e-01 0.0000000000000000e+00 1
8.5569887445270512e-02 2.8894007609138517e-01 0.0000000000000000e+00 1
-2.0716971972450884e-01 -1.6615090600522014e-01 0.0000000000000000e+00 1
1.4107474339099230e-01 9.8474158411436613e-02 0.0000000000000000e+00 1
1.7873105526343702e-01 4.7962760420742778e-01 0.0000000000000000e+00 1
2.2845556310154524e-01 -8.9621165435235031e-02 0.0000000000000000e+00 1
2.2029888016609095e-01 -9.6987074808453685e-02 0.0000000000000000e+00 1
-2.5803980745950049e-02 3.0524770149008618e-01 0.0000000000000000e+00 1
-2.3966211297159015e-01 8.0814256790816622e-02 0.0000000000000000e+00 1
-2.5364132003392537e-01 8.3627907452072894e-02 0.0000000000000000e+00 1
2.3660145210139032e-02 -7.6281872229046616e-02 0.0000000000000000e+00 1
1.2600437330491203e-04 -1.1148837920984994e-01 0.0000000000000000e+00 1
-9.4207493800977319e-03 -1.0911473105537375e-01 0.0000000000000000e+00 1
-1.3752456652768400e-02 -9.6906686195891933e-02 0.0000000000000000e+00 1
-1.9823593400303298e-02 -1.0653915803227301e-01 0.0000000000000000e+00 1
-1.5086274430785421e-02 -1.1727442696745308e-01 0.0000000000000000e+00 1
-2.4718252070890116e-02 -9.7131700338234622e-02 0.0000000000000000e+00 1
-2.9042291344767688e-02 -1.0630946459724810e-01 0.0000000000000000e+00 1
-3.1752171485400443e-01 -3.7927508235813319e-02 0.0000000000000000e+00 1
-3.0767296249621756e-01 -2.8693452866659287e-02 0.0000000000000000e+00 1
1.8479946496646575e-02 -2.1539537070469103e-01 0.0000000000000000e+00 1
7.8120333494751240e-02 2.6894810698075378e-01 0.0000000000000000e+00 1
2.6971965518277013e-01 -1.8330295462810278e-01 0.0000000000000000e+00 1
2.5798085719722469e-01 -1.7935474962598122e-01 0.0000000000000000e+00 1
2.6104197200666945e-01 -1.9154936395229127e-01 0.0000000000000000e+00 1
2.4936844896077442e-01 -1.8772949253789686e-01 0.0000000000000000e+00 1
2.5267122589822788e-01 -1.9898128854115019e-01 0.0000000000000000e+00 1
2.4128463195052802e-01 -1.9537438261546761e-01 0.0000000000000000e+00 1
2.3705727535361079e-01 -1.8423943763925632e-01 0.0000000000000000e+00 1
2.2891491350387311e-01 -1.9290144112097973e-01 0.0000000000000000e+00 1
2.3268968102247428e-01 -2.0441528695824082e-01 0.0000000000000000e+00 1
2.1733822180652845e-01 -1.9292472596890545e-01 0.0000000000000000e+00 1
2.5434494404096958e-01 -1.6703351609566147e-01 0.0000000000000000e+00 1
2.0609604559456435e-01 1.5587328822945129e-01 0.0000000000000000e+00 1
-1.8950714500814059e-01 -3.3444301171618756e-04 0.0000000000000000e+00 1
-1.7811183003961095e-01 -2.4859031157589708e-03 0.0000000000000000e+00 1
-2.1169033763711076e-01 -1.5994975266856573e-01 0.0000000000000000e+00 1
-2.1967054695192489e-01 -1.6110737940023143e-01 0.0000000000000000e+00 1
-3.6285693953688261e-02 5.0248566316641471e-02 0.0000000000000000e+00 1
-7.9796459197460923e-03 7.7971947975610981e-02 0.0000000000000000e+00 1
1.1232517508555505e-03 8.7445289978051260e-02 0.0000000000000000e+00 1
2.3108048383921085e-02 -2.3664644751534075e-01 0.0000000000000000e+00 1
9.0996828936701427e-02 3.1110551123569330e-01 0.0000000000000000e+00 1
-2.0387201913841263e-01 -1.5923106497970002e-01 0.0000000000000000e+00 1
-1.1432720880060399e-01 -8.7648414038931810e-02 0.0000000000000000e+00 1
2.9584573655410357e-01 -2.9423933880911035e-01 0.0000000000000000e+00 1
-3.9176185538808794e-01 -1.5687813931819700e-01 0.0000000000000000e+00 1
-2.2242206508690116e-01 -1.6828606293615428e-01 0.0000000000000000e+00 1
1.8629534505252501e-01 -1.6925113351684939e-01 0.0000000000000000e+00 1
-2.9807357497564713e-01 -8.6740160312744161e-02 0.0000000000000000e+00 1
-6.1675283140901260e-02 -9.0625465094284277e-02 0.0000000000000000e+00 1
-5.9508469555287213e-02 -1.0050451174221814e-01 0.0000000000000000e+00 1
2.1416072713283635e-01 1.2858326031186273e-01 0.0000000000000000e+00 1
2.0395583066796566e-01 1.1783796661105062e-01 0.0000000000000000e+00 1
-1.5788035366608130e-01 2.3443327454736859e-02 0.0000000000000000e+00 1
-1.6563083812510720e-01 1.3866673174579253e-02 0.0000000000000000e+00 1
-1.6232405696838648e-01 2.5297238014935193e-03 0.0000000000000000e+00 1
1.2484492180186298e-01 4.6607510845856065e-01 0.0000000000000000e+00 1
1.8575524911267322e-01 4.2018370350968470e-01 0.0000000000000000e+00 1
-2.0705471138794543e-01 -9.2565257595272982e-02 0.0000000000000000e+00 1
-2.0184843147818737e-01 -8.5045873139983491e-02 0.0000000000000000e+00 1
1.8629567984033957e-01 4.8662258829552529e-01 0.0000000000000000e+00 1
1.9328006942059389e-01 4.9259844760050897e-01 0.0000000000000000e+00 1
-9.1312535820859367e-02 -1.3370840913027013e-01 0.0000000000000000e+00 1
-8.3626243971152384e-02 -1.3858882773087564e-01 0.0000000000000000e+00 1
-2.3578183751980897e-01 -2.0120983312326927e-02 0.0000000000000000e+00 1
-2.4537895231121634e-01 -3.0278470595243946e-02 0.0000000000000000e+00 1
-1.8675635603861207e-01 -1.2710768329997829e-01 0.0000000000000000e+00 1
-1.8301679952954442e-01 -1.3442323691602698e-01 0.0000000000000000e+00 1
-1.7815373332664744e-01 -1.2822263904256359e-01 0.0000000000000000e+00 1
-1.9406454517468830e-01 -1.6618080525733425e-01 0.0000000000000000e+00 1
7.9097671148101146e-04 -7.0227819922266913e-02 0.0000000000000000e+00 1
3.3166070145209187e-01 1.4048724835450510e-01 0.0000000000000000e+00 1
-1.5696887765964018e-01 -1.2526642471323296e-01 0.0000000000000000e+00 1
2.0280048588660071e-01 8.6796480805112444e-02 0.0000000000000000e+00 1
2.3313710450323102e-01 4.5811018665362513e-01 0.0000000000000000e+00 1
2.3566982898536515e-01 4.4772860160917094e-01 0.0000000000000000e+00 1
3.7456340672326172e-02 4.6371013058781363e-01 0.0000000000000000e+00 1
4.5709527875138531e-02 4.7238944039217368e-01 0.0000000000000000e+00 1
1.8159451279215422e-01 4.6962137507247614e-01 0.0000000000000000e+00 1
-1.6077969060444751e-02 -2.3756591197453766e-01 0.0000000000000000e+00 1
-1.8658698489184930e-02 -2.3165686406704344e-01 0.0000000000000000e+00 1
-2.4826614852874407e-02 -2.3136181846918574e-01 0.0000000000000000e+00 1
-2.1505646427121945e-02 -2.2573667210082016e-01 0.0000000000000000e+00 1
-2.7876855022347234e-02 -2.2549383904560305e-01 0.0000000000000000e+00 1
-2.4540050731276276e-02 -2.1929194921944983e-01 0.0000000000000000e+00 1
-3.1108533426368271e-02 -2.1935704696206720e-01 0.0000000000000000e+00 1
-2.2053642984986525e-02 -2.1361167780652848e-01 0.0000000000000000e+00 1
-3.4332111244004843e-02 -2.2486734839420333e-01 0.0000000000000000e+00 1
-3.7593319159723908e-02 -2.1899813679780608e-01 0.0000000000000000e+00 1
-3.4101303841599623e-02 -2.1344019101799439e-01 0.0000000000000000e+00 1
-4.0679315936223419e-02 -2.1309377077115371e-01 0.0000000000000000e+00 1
-4.4259422851955672e-02 -2.1862776969635539e-01 0.0000000000000000e+00 1
-4.7281744587408150e-02 -2.1283238922979475e-01 0.0000000000000000e+00 1
-3.7083515498068501e-02 -2.0780924952291260e-01 0.0000000000000000e+00 1
-5.0676841879977161e-02 -2.1828697792567214e-01 0.0000000000000000e+00 1
-5.3773262230740644e-02 -2.1251661181795362e-01 0.0000000000000000e+00 1
-5.0346334582425073e-02 -2.0699111877103293e-01 0.0000000000000000e+00 1
-5.6997647106742655e-02 -2.0672831310755116e-01 0.0000000000000000e+00 1
-6.0013615370008613e-02 -2.1218054282296939e-01 0.0000000000000000e+00 1
-6.3592302564609127e-02 -2.0652100541011059e-01 0.0000000000000000e+00 1
-6.6365107632629108e-02 -2.1292175532391414e-01 0.0000000000000000e+00 1
-6.9947311099965048e-02 -2.0635800229314652e-01 0.0000000000000000e+00 1
-6.6812759592252677e-02 -2.0101696867033697e-01 0.0000000000000000e+00 1
-7.3532309526135500e-02 -2.0066767726089907e-01 0.0000000000000000e+00 1
-5.3529937505860985e-02 -2.0093569366799180e-01 0.0000000000000000e+00 1
-7.6763989888150141e-02 -2.0700193771348230e-01 0.0000000000000000e+00 1
-8.0198295963681596e-02 -2.0125471948945439e-01 0.0000000000000000e+00 1
-9.1957536319558393e-03 -2.3887195243044373e-01 0.0000000000000000e+00 1
-1.2812197436082551e-01 2.8568897729343556e-01 0.0000000000000000e+00 1
-1.6237385183760678e-01 -1.6501300279703085e-01 0.0000000000000000e+00 1
-1.6853919283813659e-01 -1.6381254751035829e-01 0.0000000000000000e+00 1
-1.7022067901571308e-01 -1.5794979697891220e-01 0.0000000000000000e+00 1
-1.7442332434425714e-01 -1.6297476528136778e-01 0.0000000000000000e+00 1
-1.6076440418289784e-01 -1.7190102975234267e-01 0.0000000000000000e+00 1
-1.3338660064093733e-01 5.1593944085218481e-02 0.0000000000000000e+00 1
-1.4978504023524253e-01 -1.6902979673543442e-01 0.0000000000000000e+00 1
2.2523505446191111e-01 -6.2780125320465396e-02 0.0000000000000000e+00 1
2.3926986707464121e-01 -2.9316978910515779e-01 0.0000000000000000e+00 1
2.4618744378866456e-01 -2.8674142993614626e-01 0.0000000000000000e+00 1
2.4883563485149574e-01 -2.9688170110505341e-01 0.0000000000000000e+00 1
2.5527195763741972e-01 -2.8952803973523195e-01 0.0000000000000000e+00 1
2.5335447401227484e-01 -2.7997704857827116e-01 0.0000000000000000e+00 1
2.6481409156708369e-01 -2.9164382796365379e-01 0.0000000000000000e+00 1
7.6361541662160443e-02 3.2764737780225006e-01 0.0000000000000000e+00 1
-1.4029149631077750e-01 -1.2829650717393223e-01 0.0000000000000000e+00 1
2.3285288651944902e-01 -1.7202602952669555e-01 0.0000000000000000e+00 1
-3.5349098585580122e-02 -1.9822702113618265e-01 0.0000000000000000e+00 1
-5.4531653334965173e-02 -3.3633283453137014e-02 0.0000000000000000e+00 1
-5.1968415152003844e-02 -4.4380676821561632e-02 0.0000000000000000e+00 1
-1.1850501535370399e-01 -1.2879875050232761e-01 0.0000000000000000e+00 1
-1.7282319440159297e-01 -1.6875712017979241e-01 0.0000000000000000e+00 1
-1.7966761229645167e-01 -1.6251098966345459e-01 0.0000000000000000e+00 1
-2.3915121715087631e-01 -1.7140159403130800e-01 0.0000000000000000e+00 1
-1.0492371566825927e-01 2.9763809117845486e-01 0.0000000000000000e+00 1
2.0039929114705438e-01 -2.8231587579402773e-01 0.0000000000000000e+00 1
-1.9990457518152115e-02 -2.0290992257143053e-01 0.0000000000000000e+00 1
3.3401268202333134e-02 3.0500489194417862e-01 0.0000000000000000e+00 1
2.9870029592022018e-01 -2.8249240063521730e-01 0.0000000000000000e+00 1
-6.4865311321011115e-02 -1.9081949359895845e-01 0.0000000000000000e+00 1
2.5206910217084427e-01 4.2676663363756362e-01 0.0000000000000000e+00 1
2.4033300444779673e-01 4.2839056482661886e-01 0.0000000000000000e+00 1
2.4825096005634764e-01 4.3722327827527624e-01 0.0000000000000000e+00 1
-7.9089172330146548e-02 -1.8732816703137362e-01 0.0000000000000000e+00 1
-8.4506873935138338e-02 -1.9213095792615290e-01 0.0000000000000000e+00 1
-9.1198695892551834e-02 -1.9059538776786483e-01 0.0000000000000000e+00 1
-8.9382539447821777e-02 -1.9632519787932204e-01 0.0000000000000000e+00 1
-9.3277613140808804e-02 -1.8369973210899171e-01 0.0000000000000000e+00 1
-1.0027277606378093e-01 -1.8214258132950234e-01 0.0000000000000000e+00 1
-9.8077246082922967e-02 -1.8906830047575973e-01 0.0000000000000000e+00 1
-1.0498668448088196e-01 -1.8743051894179974e-01 0.0000000000000000e+00 1
-1.0723287844106884e-01 -1.8078144380978367e-01 0.0000000000000000e+00 1
-1.0210682771202674e-01 -1.9416372345278959e-01 0.0000000000000000e+00 1
-1.1174520471148869e-01 -1.8619847389076685e-01 0.0000000000000000e+00 1
-1.1426665180376444e-01 -1.7927795531647323e-01 0.0000000000000000e+00 1
-1.1840772828160037e-01 -1.8485097184940014e-01 0.0000000000000000e+00 1
-1.2085977803558084e-01 -1.7824329410721668e-01 0.0000000000000000e+00 1
-1.2469473076735785e-01 -1.7210033933612445e-01 0.0000000000000000e+00 1
-1.2416827343176842e-01 -1.8272673009603702e-01 0.0000000000000000e+00 1
-1.0971995049653127e-01 -1.7338152181415414e-01 0.0000000000000000e+00 1
-6.4047275199001955e-02 -1.6485531337648537e-01 0.0000000000000000e+00 1
2.3888494358553905e-01 -6.8111039373673202e-02 0.0000000000000000e+00 1
2.2270157752392067e-01 -4.9285314581717386e-02 0.0000000000000000e+00 1
-2.2433619596367313e-01 -1.4948481856707785e-01 0.0000000000000000e+00 1
1.9261175440012102e-01 -1.4924017608121160e-01 0.0000000000000000e+00 1
-2.0873486638802258e-01 -1.3108729429900787e-01 0.0000000000000000e+00 1
-1.9551945899919887e-01 -7.7588593291418151e-02 0.0000000000000000e+00 1
1.6910228412865091e-01 -2.1757517062901938e-01 0.0000000000000000e+00 1
1.6131016595924288e-01 -2.2553891781425395e-01 0.0000000000000000e+00 1
-9.7883493848368475e-02 -9.1062107395533776e-02 0.0000000000000000e+00 1
5.1833426859551793e-02 3.2463198247756930e-01 0.0000000000000000e+00 1
-1.7801090428465910e-01 2.5665539664690193e-02 0.0000000000000000e+00 1
-4.7443972807787095e-02 1.3862875857431151e-01 0.0000000000000000e+00 1
-4.2675033417015201e-02 -8.6405771743955501e-02 0.0000000000000000e+00 1
-4.0807265319598857e-02 -9.6433330335745859e-02 0.0000000000000000e+00 1
-5.1445470634498926e-02 -9.3644998829159332e-02 0.0000000000000000e+00 1
-5.0196602211658156e-02 -1.0337874681032451e-01 0.0000000000000000e+00 1
-5.8165837788120213e-02 -1.0939667977984482e-01 0.0000000000000000e+00 1
-3.9604342698739407e-02 -1.0619054212933100e-01 0.0000000000000000e+00 1
1.8970603798699556e-01 -2.8417392214777165e-01 0.0000000000000000e+00 1
1.9638712029849509e-01 -2.9239276917739432e-01 0.0000000000000000e+00 1
1.3848022230078816e-01 3.3742522766780103e-01 0.0000000000000000e+00 1
1.3492138208158805e-01 3.4943944135847105e-01 0.0000000000000000e+00 1
-2.5728595862024028e-01 -1.7562240726142145e-01 0.0000000000000000e+00 1
-2.6449368219633784e-01 -1.6911817635561791e-01 0.0000000000000000e+00 1
-2.7379618844465492e-01 -1.7266056517103029e-01 0.0000000000000000e+00 1
-2.7223399027126716e-01 -1.6182168021695478e-01 0.0000000000000000e+00 1
-2.5484573193834564e-01 -1.6525542700517148e-01 0.0000000000000000e+00 1
-2.9462454614914613e-01 -1.2906703384232529e-01 0.0000000000000000e+00 1
-3.6611195631101812e-01 -1.9000811001456547e-01 0.0000000000000000e+00 1
-3.6131682967792889e-01 -2.0130454756931662e-01 0.0000000000000000e+00 1
-3.7027470753995673e-01 -2.0801030143612345e-01 0.0000000000000000e+00 1
-2.6004873964431729e-01 -1.4565104217775873e-01 0.0000000000000000e+00 1
-2.9699911386187194e-01 2.9386860858616415e-02 0.0000000000000000e+00 1
-2.8919409671467278e-01 1.6632209501016831e-02 0.0000000000000000e+00 1
-2.9612359112092473e-01 3.5334175530392108e-03 0.0000000000000000e+00 1
-2.8184427997330513e-01 4.1557608687846246e-03 0.0000000000000000e+00 1
-2.8822702498935820e-01 -8.2269577171999210e-03 0.0000000000000000e+00 1
-2.7462100481415891e-01 1.7736654036679261e-02 0.0000000000000000e+00 1
-3.0218747278787145e-01 -9.3273201700329982e-03 0.0000000000000000e+00 1
-2.9501606209897074e-01 -2.0877934233273013e-02 0.0000000000000000e+00 1
1.0185487702882093e-01 -3.5165058779748293e-02 0.0000000000000000e+00 1
9.8684152331122876e-02 -2.2385297299922835e-02 0.0000000000000000e+00 1
-2.6309054868834175e-01 -1.0537447993309169e-01 0.0000000000000000e+00 1
-2.8238692903286428e-01 5.6655245699389789e-02 0.0000000000000000e+00 1
-2.7394944377426578e-01 4.3827579822842605e-02 0.0000000000000000e+00 1
-2.6734693284523559e-01 5.7600422415552376e-02 0.0000000000000000e+00 1
-2.6542631934267386e-01 3.1553794422498664e-02 0.0000000000000000e+00 1
-3.9061293195424562e-02 -1.4524252944459889e-01 0.0000000000000000e+00 1
2.1246781503641937e-01 -2.5862851191227815e-01 0.0000000000000000e+00 1
-4.9472727538539235e-02 5.3466588204907441e-02 0.0000000000000000e+00 1
-4.5431788529592454e-02 4.1073464456645239e-02 0.0000000000000000e+00 1
-2.0376627543795578e-01 -1.4656741511313470e-01 0.0000000000000000e+00 1
-3.2274311596279515e-01 -2.4050242888844314e-02 0.0000000000000000e+00 1
4.5227739724229617e-02 -1.3173213939724429e-01 0.0000000000000000e+00 1
1.9918875817662562e-01 4.1735292242554456e-01 0.0000000000000000e+00 1
4.1296365460757996e-02 -2.5131611987649793e-01 0.0000000000000000e+00 1
4.8325413884947849e-02 -2.4477922760291085e-01 0.0000000000000000e+00 1
3.9425143976015639e-02 -2.4238119261261915e-01 0.0000000000000000e+00 1
5.7701460769126280e-02 -2.4748756950923306e-01 0.0000000000000000e+00 1
-2.3932542152244857e-01 -8.8533355623149249e-02 0.0000000000000000e+00 1
6.4829228051205029e-02 -1.9719603851335438e-01 0.0000000000000000e+00 1
5.4937843859292360e-02 -1.9415438527019890e-01 0.0000000000000000e+00 1
5.4091444653497370e-02 1.4135326827343914e-02 0.0000000000000000e+00 1
1.8343314732007521e-01 4.0058899040187756e-01 0.0000000000000000e+00 1
-2.7328190894333554e-01 -7.4930795497661108e-03 0.0000000000000000e+00 1
5.5636810815233764e-02 -2.3802761997330635e-01 0.0000000000000000e+00 1
6.7399756512427772e-02 -2.5056185559222521e-01 0.0000000000000000e+00 1
-1.5111253549894213e-01 -5.9935119690978381e-02 0.0000000000000000e+00 1
-1.5770578124405343e-01 -6.7733542745082781e-02 0.0000000000000000e+00 1
-2.8163231919227427e-01 3.0358799505938672e-02 0.0000000000000000e+00 1
-9.4149842063648931e-02 -4.3753081432387708e-02 0.0000000000000000e+00 1
-1.0537724497999694e-01 -4.1170034517903131e-02 0.0000000000000000e+00 1
-1.0277926282358713e-01 -5.3455411020083519e-02 0.0000000000000000e+00 1
-2.2600059520163335e-02 -1.7300243369279206e-01 0.0000000000000000e+00 1
-1.4207083054555016e-02 -1.7547639675410998e-01 0.0000000000000000e+00 1
2.9017122764058656e-01 -1.7971559494150094e-01 0.0000000000000000e+00 1
-2.9279348512419273e-01 -1.5833772769076035e-01 0.0000000000000000e+00 1
-2.8897354300006550e-01 -1.6782780099659189e-01 0.0000000000000000e+00 1
3.2616749088534173e-02 -2.4876457794475421e-01 0.0000000000000000e+00 1
1.0484823399394363e-01 4.6226721497435419e-01 0.0000000000000000e+00 1
-3.3916913209830507e-01 -5.0653151568377339e-02 0.0000000000000000e+00 1
1.8505703957062854e-02 -1.0680588722454074e-01 0.0000000000000000e+00 1
-3.7959917586688285e-01 -2.0567085453753081e-01 0.0000000000000000e+00 1
-1.2519592754575026e-01 -4.6106623353224942e-02 0.0000000000000000e+00 1
9.4215526087821994e-02 -9.5413258827948225e-02 0.0000000000000000e+00 1
9.0754290646221328e-02 -8.4183461649954244e-02 0.0000000000000000e+00 1
-1.5479067203927849e-01 -4.9322130733522075e-02 0.0000000000000000e+00 1
-1.5050661998014359e-01 -2.7895099040582417e-04 0.0000000000000000e+00 1
2.5686147694050993e-01 -2.5292931814334763e-01 0.0000000000000000e+00 1
-1.3047175782555689e-01 -1.6720193871967265e-01 0.0000000000000000e+00 1
1.1137081728509468e-02 -1.4193899502132654e-01 0.0000000000000000e+00 1
2.7058301353239098e-03 -1.4821306527555617e-01 0.0000000000000000e+00 1
-5.9976457185361449e-03 -1.4521057944897292e-01 0.0000000000000000e+00 1
9.5593894994616901e-02 -2.0632322761922617e-01 0.0000000000000000e+00 1
8.5295012298624309e-02 -2.0290975177953158e-01 0.0000000000000000e+00 1
7.7064083386997634e-02 -2.0931134566213266e-01 0.0000000000000000e+00 1
-1.3195843689345604e-01 -8.3779630349269565e-02 0.0000000000000000e+00 1
1.7412761047657233e-01 4.6220880002241893e-01 0.0000000000000000e+00 1
-2.5998451452307147e-01 9.7631502379294036e-02 0.0000000000000000e+00 1
3.0808383950151852e-01 2.6441246860505502e-01 0.0000000000000000e+00 1
-3.7139896937717110e-01 -1.1321932278647293e-01 0.0000000000000000e+00 1
-3.5831640848593366e-01 -1.1212159093733370e-01 0.0000000000000000e+00 1
-3.5227787666600935e-01 -1.0055755717444848e-01 0.0000000000000000e+00 1
-3.4576505481380293e-01 -1.1141653442849753e-01 0.0000000000000000e+00 1
-3.3938091431350981e-01 -1.0000464751631706e-01 0.0000000000000000e+00 1
-3.4587654261907752e-01 -8.8361598370996122e-02 0.0000000000000000e+00 1
-3.6455259070756008e-01 -1.2354232701838427e-01 0.0000000000000000e+00 1
-3.3372068807944527e-01 -1.1222024833796093e-01 0.0000000000000000e+00 1
-3.2661901206041827e-01 -1.0231624310494117e-01 0.0000000000000000e+00 1
-3.7746718816541741e-01 -1.2507811894031953e-01 0.0000000000000000e+00 1
-3.7072732073442732e-01 -1.3457685628692589e-01 0.0000000000000000e+00 1
-3.5234027427183229e-01 -7.6316715773328367e-02 0.0000000000000000e+00 1
-3.3677519940254858e-01 -7.6424822126783531e-02 0.0000000000000000e+00 1
-1.2107342040697051e-01 1.4865580185734403e-02 0.0000000000000000e+00 1
-1.5691032626572340e-01 4.2723768735412261e-02 0.0000000000000000e+00 1
-1.4727519771491535e-01 5.3920892506457832e-02 0.0000000000000000e+00 1
-1.2452841788756808e-01 6.0768130762503737e-02 0.0000000000000000e+00 1
-3.2701423716301636e-01 -1.5555181211499292e-01 0.0000000000000000e+00 1
2.7260093789874867e-01 -1.4962341167265936e-01 0.0000000000000000e+00 1
2.5085937287580484e-01 -1.5471421037648170e-01 0.0000000000000000e+00 1
3.8079497358155009e-02 -4.8827781783045823e-02 0.0000000000000000e+00 1
6.2585701889968870e-02 4.4511367099625265e-01 0.0000000000000000e+00 1
-5.8434897364908291e-02 4.4327592934444132e-02 0.0000000000000000e+00 1
-5.3044023559861521e-02 3.1861140203693392e-02 0.0000000000000000e+00 1
-7.1285619684725424e-02 4.7388661926208012e-02 0.0000000000000000e+00 1
-3.8729510530150842e-02 -1.6739892687790450e-01 0.0000000000000000e+00 1
-4.5676367110721601e-02 -1.6622613700476771e-01 0.0000000000000000e+00 1
-9.0906832052568179e-02 2.9073607045315725e-02 0.0000000000000000e+00 1
2.8026151355963536e-02 -1.3545963659727295e-01 0.0000000000000000e+00 1
-2.7830099350189472e-02 -2.3615383644111898e-01 0.0000000000000000e+00 1
-7.0890200843333639e-02 1.3187194367731819e-01 0.0000000000000000e+00 1
3.0188951374839741e-02 1.1517395853111317e-01 0.0000000000000000e+00 1
2.1723741945883857e-01 -3.6162624627619648e-02 0.0000000000000000e+00 1
8.8606330547158996e-02 4.8665191849226352e-01 0.0000000000000000e+00 1
9.5327767022176602e-02 4.9461691623894227e-01 0.0000000000000000e+00 1
-3.2770810837399372e-01 -1.7385819389566717e-01 0.0000000000000000e+00 1
2.1386891733400085e-01 -1.4407733993913091e-01 0.0000000000000000e+00 1
1.4032285252109952e-01 4.4216376617550224e-01 0.0000000000000000e+00 1
1.2939387818988868e-01 4.4525080735148420e-01 0.0000000000000000e+00 1
1.3796883268175966e-01 4.5277358275395541e-01 0.0000000000000000e+00 1
2.7285788810269773e-01 -2.3779516886351210e-01 0.0000000000000000e+00 1
2.7561874739489206e-01 -2.4861833902025848e-01 0.0000000000000000e+00 1
-7.7658288066874318e-02 -1.9473741329421679e-01 0.0000000000000000e+00 1
-5.8054655641441584e-02 -2.1939919123284902e-02 0.0000000000000000e+00 1
-1.0040396422411917e-01 1.0213025359096559e-01 0.0000000000000000e+00 1
7.5104552113925360e-02 -2.4376206855471430e-01 0.0000000000000000e+00 1
1.3618221492268762e-01 5.0023841867260876e-01 0.0000000000000000e+00 1
1.3391978243050745e-01 5.0960288754750649e-01 0.0000000000000000e+00 1
1.5595907492132638e-01 4.9466579121337678e-01 0.0000000000000000e+00 1
1.5491299158296926e-01 5.0560916594639715e-01 0.0000000000000000e+00 1
3.2047348919287587e-02 -6.7888271536975561e-02 0.0000000000000000e+00 1
1.8943163667653529e-01 -1.3715326263962652e-01 0.0000000000000000e+00 1
2.7292293406119000e-01 -2.8425000302688291e-01 0.0000000000000000e+00 1
6.8344022314057007e-02 3.8949262688969838e-01 0.0000000000000000e+00 1
7.5476111169369864e-02 4.0855618519852011e-01 0.0000000000000000e+00 1
7.1594827796288257e-02 3.7723344776438594e-01 0.0000000000000000e+00 1
-3.1115529784922669e-01 2.7435440093836264e-03 0.0000000000000000e+00 1
3.1697232003180711e-02 -1.7005613550188384e-01 0.0000000000000000e+00 1
1.9707185256520679e-01 -2.4550769607002404e-01 0.0000000000000000e+00 1
2.0056962291978433e-01 -2.5616916440287330e-01 0.0000000000000000e+00 1
2.5452769590525354e-01 -2.1128580369854327e-01 0.0000000000000000e+00 1
2.4298939067713349e-01 -2.1175662486917263e-01 0.0000000000000000e+00 1
-1.1982339852110153e-01 8.2785728420241164e-02 0.0000000000000000e+00 1
-1.0558200122393616e-01 7.9350374244277128e-02 0.0000000000000000e+00 1
2.9227043649856805e-02 -2.3024843496271874e-01 0.0000000000000000e+00 1
-1.5988513874587351e-01 1.2864874849509791e-01 0.0000000000000000e+00 1
-1.5613196865572235e-01 1.1448601287809738e-01 0.0000000000000000e+00 1
-1.6549882671612809e-01 1.0484184397637730e-01 0.0000000000000000e+00 1
-1.8032449581706439e-01 1.0777184416858623e-01 0.0000000000000000e+00 1
-1.9092095895934330e-01 9.7108635132056725e-02 0.0000000000000000e+00 1
-1.7191935430577124e-01 -9.9839630263360873e-02 0.0000000000000000e+00 1
1.4671987193686320e-01 -2.1114708856062794e-01 0.0000000000000000e+00 1
1.3933229531383146e-01 -2.1928094058276343e-01 0.0000000000000000e+00 1
-1.1733135078779450e-02 -1.8412236479474420e-01 0.0000000000000000e+00 1
-6.0905812748826504e-02 1.4201325319726868e-01 0.0000000000000000e+00 1
2.0943010558787969e-01 4.7190046446056144e-01 0.0000000000000000e+00 1
2.1639128114872622e-01 4.7990933800261232e-01 0.0000000000000000e+00 1
2.1200142608033751e-01 4.8865941576260996e-01 0.0000000000000000e+00 1
2.3005278476350449e-01 4.6892399820855390e-01 0.0000000000000000e+00 1
1.6200965660682967e-01 4.0984551484956312e-02 0.0000000000000000e+00 1
2.6626081899847442e-02 -1.2885510422314833e-02 0.0000000000000000e+00 1
2.7104061613869385e-01 2.9954015079947427e-01 0.0000000000000000e+00 1
2.2514255215762394e-01 -1.4147121995495825e-02 0.0000000000000000e+00 1
2.3195842559020508e-01 4.2011046853548512e-01 0.0000000000000000e+00 1
1.2249078774293261e-01 3.5243171211256485e-01 0.0000000000000000e+00 1
2.5336765007283879e-01 2.8025910738295834e-01 0.0000000000000000e+00 1
1.5479148284217081e-01 6.7660205368856724e-02 0.0000000000000000e+00 1
2.2920770834055954e-01 -2.5424690342945988e-01 0.0000000000000000e+00 1
-1.0858126302958729e-01 -1.9270376752859725e-01 0.0000000000000000e+00 1
2.2047946941169766e-01 -2.8760832922188972e-01 0.0000000000000000e+00 1
2.2258843532281603e-01 -2.9810850396194405e-01 0.0000000000000000e+00 1
1.5129861727514918e-01 -1.5927947593960168e-01 0.0000000000000000e+00 1
1.3970469531968938e-01 -1.5662698772230274e-01 0.0000000000000000e+00 1
1.2089350100919713e-01 -2.5381505000983040e-01 0.0000000000000000e+00 1
1.2282074279216872e-01 -2.6511466466952960e-01 0.0000000000000000e+00 1
-1.8580698094606948e-01 -1.5737555134780629e-01 0.0000000000000000e+00 1
-2.9459066835093939e-01 -1.7817741225393111e-01 0.0000000000000000e+00 1
-2.8348173198488191e-01 -1.7628910050910379e-01 0.0000000000000000e+00 1
1.7736716202473160e-01 -2.0956859874534478e-01 0.0000000000000000e+00 1
1.2499021060808214e-01 -4.2951210717653211e-02 0.0000000000000000e+00 1
1.2393220921181813e-01 -5.5507962942351087e-02 0.0000000000000000e+00 1
3.5718203111784826e-04 -2.0211645467471429e-01 0.0000000000000000e+00 1
6.4652459072789867e-02 2.1675748532524161e-01 0.0000000000000000e+00 1
1.0817193213587512e-01 -1.8057032622510186e-01 0.0000000000000000e+00 1
1.2943649643547378e-01 3.2835746697958035e-01 0.0000000000000000e+00 1
2.7797548365031466e-01 -3.0054030364628626e-01 0.0000000000000000e+00 1
-3.4635316786423967e-02 1.8562456116443432e-01 0.0000000000000000e+00 1
-2.1347091207973002e-02 1.8103177934295092e-01 0.0000000000000000e+00 1
-1.7872628104695740e-02 1.6763800653046035e-01 0.0000000000000000e+00 1
1.6062455322556612e-01 4.0637543287730826e-01 0.0000000000000000e+00 1
1.6840775439027778e-01 4.1469218033859812e-01 0.0000000000000000e+00 1
-2.8785208029478870e-01 -1.2020294608080670e-01 0.0000000000000000e+00 1
-5.3121826674117557e-02 6.6164959568648415e-02 0.0000000000000000e+00 1
-1.4321027847725865e-02 -2.2588332275818590e-01 0.0000000000000000e+00 1
2.0794565668552240e-01 -9.2782727296343293e-02 0.0000000000000000e+00 1
1.1120746622933815e-01 -7.8344839042171002e-02 0.0000000000000000e+00 1
1.6544285124352540e-01 -2.7620665303853331e-01 0.0000000000000000e+00 1
1.8939761591566895e-01 -2.5346496954477105e-01 0.0000000000000000e+00 1
2.3372202918542301e-01 1.1787928311533487e-01 0.0000000000000000e+00 1
-9.6198320739669940e-02 8.9061825057724697e-02 0.0000000000000000e+00 1
2.6972375781052177e-01 -8.9266055167609340e-02 0.0000000000000000e+00 1
4.4776627335068916e-02 4.8856968524178656e-03 0.0000000000000000e+00 1
6.6920063370133467e-02 1.0703075716131535e-02 0.0000000000000000e+00 1
4.8706949875274332e-02 -7.6900165290413117e-03 0.0000000000000000e+00 1
-4.7812964435257746e-02 -2.2381229800518698e-01 0.0000000000000000e+00 1
-4.1120187520198491e-02 -2.2530173654969166e-01 0.0000000000000000e+00 1
-5.4469347143787546e-02 -2.2424021363715618e-01 0.0000000000000000e+00 1
9.1039865945761883e-02 -1.6542633578989926e-01 0.0000000000000000e+00 1
-6.6520111299284590e-02 -3.0230080758293948e-02 0.0000000000000000e+00 1
4.4281108440934885e-02 -7.2135983068586637e-02 0.0000000000000000e+00 1
5.6070987465755465e-02 -7.5878273024804821e-02 0.0000000000000000e+00 1
1.7954864409873553e-01 -7.4731109812206764e-02 0.0000000000000000e+00 1
1.4137595224453567e-01 -2.5989614089405594e-01 0.0000000000000000e+00 1
1.4446415675589996e-01 -2.7090458097259440e-01 0.0000000000000000e+00 1
1.5514411487103091e-01 -2.7551524630991059e-01 0.0000000000000000e+00 1
7.5038439467106310e-02 -1.0140809803963968e-01 0.0000000000000000e+00 1
-1.4806832342941911e-01 -8.6916222643604907e-02 0.0000000000000000e+00 1
1.6679714840435095e-01 -6.9400714424452933e-02 0.0000000000000000e+00 1
2.8784517587980812e-02 -1.0934521450947754e-01 0.0000000000000000e+00 1
-7.0303860620355013e-02 2.7232369239591420e-01 0.0000000000000000e+00 1
-6.6675313113821133e-02 2.5827208905204180e-01 0.0000000000000000e+00 1
1.0441419091485932e-01 3.7899046333672315e-01 0.0000000000000000e+00 1
-5.8867217091408911e-03 2.6693066085761918e-01 0.0000000000000000e+00 1
-3.3965553632964607e-01 -1.7467353792907689e-01 0.0000000000000000e+00 1
1.4342533850248246e-01 3.5822901017240172e-01 0.0000000000000000e+00 1
1.5150649111525702e-01 3.6670939173183803e-01 0.0000000000000000e+00 1
-2.4373271337077909e-01 1.2605792066709540e-01 0.0000000000000000e+00 1
-2.3570170409469551e-01 1.4000475417763547e-01 0.0000000000000000e+00 1
-2.1971340183374105e-01 1.4011394487466075e-01 0.0000000000000000e+00 1
-2.1199587699233627e-01 1.5310456128831640e-01 0.0000000000000000e+00 1
-1.9742508190464747e-01 1.5495024297755619e-01 0.0000000000000000e+00 1
-2.0498821670480200e-01 1.6663349511095174e-01 0.0000000000000000e+00 1
2.4941410071102507e-01 2.9322065787313956e-01 0.0000000000000000e+00 1
3.4434750612821627e-02 4.3223639886787663e-01 0.0000000000000000e+00 1
-6.3959327592295154e-02 2.9553309426364915e-01 0.0000000000000000e+00 1
-6.7742362240694159e-02 3.0936190403777597e-01 0.0000000000000000e+00 1
-3.2504012928055034e-02 3.3248431861118199e-01 0.0000000000000000e+00 1
-1.9988986774432897e-02 3.2912578933098385e-01 0.0000000000000000e+00 1
-1.8107364076632135e-02 6.8673509276225633e-02 0.0000000000000000e+00 1
-4.2944024414727050e-01 -2.2538771749021974e-01 0.0000000000000000e+00 1
2.8945112948648410e-01 -2.2256838781911173e-01 0.0000000000000000e+00 1
1.6261348509622520e-01 -2.6603749097940194e-01 0.0000000000000000e+00 1
9.5503947655539739e-02 3.7038703037799153e-01 0.0000000000000000e+00 1
2.1035624060776137e-01 -2.1918740410026177e-01 0.0000000000000000e+00 1
2.1901641406377725e-01 -2.1107179024458178e-01 0.0000000000000000e+00 1
1.0864222138977003e-02 3.9375118490644800e-01 0.0000000000000000e+00 1
7.1035465888114158e-02 -1.5722876708926156e-01 0.0000000000000000e+00 1
6.3523809127569858e-02 4.1430755823340526e-01 0.0000000000000000e+00 1
6.9780402654025285e-03 1.0908361394104507e-01 0.0000000000000000e+00 1
2.7958905181506993e-01 1.8265614559093341e-01 0.0000000000000000e+00 1
2.7576686486615620e-01 1.9683428125074068e-01 0.0000000000000000e+00 1
2.6175063064929571e-01 2.0119513811160419e-01 0.0000000000000000e+00 1
8.1013738794858584e-02 2.4811000136838296e-01 0.0000000000000000e+00 1
7.1261231935897437e-02 2.3895255166120277e-01 0.0000000000000000e+00 1
2.2577056777233148e-01 1.4699365583954260e-01 0.0000000000000000e+00 1
-1.2143592864511078e-01 1.3248015937165647e-01 0.0000000000000000e+00 1
5.5943431820311647e-02 3.1105226684351223e-01 0.0000000000000000e+00 1
1.2956810709315061e-01 -1.0434766009613278e-01 0.0000000000000000e+00 1
1.4146999084049122e-01 -1.0830130580985142e-01 0.0000000000000000e+00 1
-1.0775299624049574e-01 2.1699702078438235e-01 0.0000000000000000e+00 1
7.5315521319533577e-02 2.8071054006287699e-01 0.0000000000000000e+00 1
3.0690807935722364e-01 -1.4808355164890102e-01 0.0000000000000000e+00 1
3.1924218136450006e-01 -1.5302633041236946e-01 0.0000000000000000e+00 1
-1.4956317651384582e-01 1.3931080950197963e-01 0.0000000000000000e+00 1
2.5506769836027510e-01 8.6244825095208810e-02 0.0000000000000000e+00 1
1.1558709555414166e-01 2.5091762099155379e-01 0.0000000000000000e+00 1
1.2447733847785228e-01 2.5998518255845804e-01 0.0000000000000000e+00 1
1.1793010773001703e-01 2.3770967314057301e-01 0.0000000000000000e+00 1
-2.7378909643359730e-02 1.5863595185433177e-01 0.0000000000000000e+00 1
-2.4671085839067797e-02 1.4443983631363944e-01 0.0000000000000000e+00 1
-3.3146446954351136e-02 -1.1410143643458956e-01 0.0000000000000000e+00 1
2.8510338337105623e-01 -3.0241067025241142e-01 0.0000000000000000e+00 1
-1.0349576329720324e-01 2.0323887264702878e-01 0.0000000000000000e+00 1
-3.2010199750114682e-02 2.2343164255537368e-01 0.0000000000000000e+00 1
2.1007082848452588e-01 5.9148345257519268e-02 0.0000000000000000e+00 1
2.0468922419800883e-01 4.5978271617206537e-02 0.0000000000000000e+00 1
2.0598743819670834e-01 -1.9556016976356391e-01 0.0000000000000000e+00 1
-7.3375918252347891e-02 9.5396273556868832e-02 0.0000000000000000e+00 1
2.1323785595794043e-01 9.6990072733664626e-02 0.0000000000000000e+00 1
1.9868658721790744e-01 1.0103238485076109e-01 0.0000000000000000e+00 1
1.0765971216736364e-01 -2.1936126476790996e-01 0.0000000000000000e+00 1
6.0920925024570832e-02 2.4818912722455266e-01 0.0000000000000000e+00 1
1.3600022757561572e-01 2.0715828385861582e-01 0.0000000000000000e+00 1
1.3281715717299539e-01 2.2011810618885608e-01 0.0000000000000000e+00 1
1.2063417458034847e-01 2.2391648281451748e-01 0.0000000000000000e+00 1
6.8217489666863362e-02 2.0342587300445106e-01 0.0000000000000000e+00 1
2.9222649203788139e-02 4.5529466842277333e-01 0.0000000000000000e+00 1
2.1947387686190628e-01 1.7538271500542313e-01 0.0000000000000000e+00 1
4.1268291243023447e-03 2.7664345040956811e-01 0.0000000000000000e+00 1
1.7604179377941412e-02 2.7308018915481913e-01 0.0000000000000000e+00 1
3.4433772527413026e-01 -1.1219674753072668e-01 0.0000000000000000e+00 1
1.8849675014768946e-01 -1.6088825796519456e-02 0.0000000000000000e+00 1
1.9830663125311210e-01 -6.4824761163942164e-03 0.0000000000000000e+00 1
1.0827131034476035e-01 -1.3447429094974175e-02 0.0000000000000000e+00 1
1.6873404657303859e-01 1.4187665189982560e-02 0.0000000000000000e+00 1
-1.4620463068600434e-01 -1.3443568212596282e-01 0.0000000000000000e+00 1
7.8382772073881779e-02 4.8969988301051132e-01 0.0000000000000000e+00 1
6.6669641940303934e-02 4.9433389177343373e-01 0.0000000000000000e+00 1
5.9517705575514591e-02 4.8471732875906876e-01 0.0000000000000000e+00 1
2.9281427330076038e-02 1.6443760307186955e-01 0.0000000000000000e+00 1
3.2868397550206825e-02 1.5113474786077358e-01 0.0000000000000000e+00 1
4.2641592400106683e-02 1.6095784809615743e-01 0.0000000000000000e+00 1
4.6279996670532841e-02 1.4781445141355523e-01 0.0000000000000000e+00 1
3.6376907561939717e-02 1.3798654250616110e-01 0.0000000000000000e+00 1
2.9702805563948320e-01 5.4728099069723231e-03 0.0000000000000000e+00 1
1.7126373324593017e-01 3.3998748686750269e-01 0.0000000000000000e+00 1
-1.9245827590634335e-01 2.0667458659970978e-01 0.0000000000000000e+00 1
-1.8627852475314280e-01 2.2050896809738474e-01 0.0000000000000000e+00 1
1.4343895886473742e-02 8.4320824967865735e-02 0.0000000000000000e+00 1
3.4470407368889566e-01 -3.8548893082593690e-02 0.0000000000000000e+00 1
3.4485678247782953e-01 -5.3827556547407396e-02 0.0000000000000000e+00 1
3.3028632205335651e-01 -6.1852684022341627e-02 0.0000000000000000e+00 1
3.3184605134839812e-01 -7.6456495968571569e-02 0.0000000000000000e+00 1
3.4431986619346999e-01 -8.3356721037196269e-02 0.0000000000000000e+00 1
3.2973572499105219e-01 -9.1627194934406797e-02 0.0000000000000000e+00 1
3.1800340915237835e-01 -8.2359381556280864e-02 0.0000000000000000e+00 1
3.4502614645249741e-01 7.6588310723145455e-03 0.0000000000000000e+00 1
3.4535066738446563e-01 -7.8687806522505527e-03 0.0000000000000000e+00 1
3.3047342266263696e-01 -1.4465608942991500e-02 0.0000000000000000e+00 1
1.2476946320391524e-01 -2.0520136745138223e-01 0.0000000000000000e+00 1
5.2391157288596696e-02 1.7078494223658031e-01 0.0000000000000000e+00 1
-3.8692187681639778e-01 -2.2200470121490185e-01 0.0000000000000000e+00 1
1.6241928768908451e-01 -1.1858333113544468e-01 0.0000000000000000e+00 1
-2.9779112323121811e-02 -1.4726015642820056e-01 0.0000000000000000e+00 1
1.4578360910207405e-01 2.1679514340325753e-01 0.0000000000000000e+00 1
3.4362901669309809e-01 -1.2628944882120474e-01 0.0000000000000000e+00 1
3.3215326927949940e-01 -1.3257027591081377e-01 0.0000000000000000e+00 1
8.6015952349451266e-02 -1.8375749851961515e-02 0.0000000000000000e+00 1
-1.8328624678632860e-01 -1.6717979328376481e-01 0.0000000000000000e+00 1
-6.4392300925355750e-02 1.5570131795462783e-01 0.0000000000000000e+00 1
2.3241303511714249e-02 -2.0142657979894196e-01 0.0000000000000000e+00 1
1.3421954878015330e-01 1.7173386303516994e-01 0.0000000000000000e+00 1
1.2484130524656312e-01 1.6156370011291382e-01 0.0000000000000000e+00 1
-1.6959308371895079e-01 2.4712024972874205e-01 0.0000000000000000e+00 1
-1.5508617146246831e-01 2.4449679129163510e-01 0.0000000000000000e+00 1
-1.4387290726921523e-01 2.5667163244532470e-01 0.0000000000000000e+00 1
-3.7623079047829450e-01 -1.4520496081498310e-01 0.0000000000000000e+00 1
2.2901399383531279e-01 -1.1419404691391491e-01 0.0000000000000000e+00 1
-2.9157883078126227e-02 -8.0392177743523613e-03 0.0000000000000000e+00 1
-1.8052181620491985e-02 -1.0819806430643092e-02 0.0000000000000000e+00 1
2.4555451440504789e-01 -1.7547518846967808e-01 0.0000000000000000e+00 1
2.1057148222305842e-02 2.5954156129041273e-01 0.0000000000000000e+00 1
2.3087251941890791e-02 1.4140257403665479e-01 0.0000000000000000e+00 1
-2.1965137726872683e-02 2.3319370685963148e-01 0.0000000000000000e+00 1
2.0340423241790101e-01 2.7464156487942282e-01 0.0000000000000000e+00 1
1.7121283596825970e-01 4.7229301756633868e-01 0.0000000000000000e+00 1
3.0742761689442732e-01 -2.0746751987239090e-01 0.0000000000000000e+00 1
-1.3185834021483456e-01 -1.0828441659672461e-01 0.0000000000000000e+00 1
-5.2392709067702794e-03 -8.9337790805173373e-02 0.0000000000000000e+00 1
2.4297890098253111e-01 3.3938324882546134e-01 0.0000000000000000e+00 1
2.0507838736203204e-01 -1.5290798008870754e-01 0.0000000000000000e+00 1
2.4457141728652554e-01 7.5925723158717498e-02 0.0000000000000000e+00 1
2.5764869151291780e-01 7.1080605413313541e-02 0.0000000000000000e+00 1
3.4011057292006097e-01 1.0117326764040740e-01 0.0000000000000000e+00 1
1.4310287321666387e-01 -1.6769938613246138e-01 0.0000000000000000e+00 1
5.3286675291431121e-02 1.2161394804144256e-01 0.0000000000000000e+00 1
2.6840575982419695e-01 2.2512591859502096e-01 0.0000000000000000e+00 1
-9.5544184022619466e-02 -1.9518311420190798e-01 0.0000000000000000e+00 1
3.4289048216162704e-01 3.9316122924767702e-02 0.0000000000000000e+00 1
3.4223171548970649e-01 5.4347076797016058e-02 0.0000000000000000e+00 1
-1.5369020165970429e-01 -7.7526214279729666e-02 0.0000000000000000e+00 1
-1.5197008136676429e-01 2.7225867014486316e-01 0.0000000000000000e+00 1
1.2124102270734911e-01 2.7285178227670032e-01 0.0000000000000000e+00 1
7.2689048741466103e-02 1.4100397905337292e-01 0.0000000000000000e+00 1
5.9561345576410588e-02 1.4445761203582236e-01 0.0000000000000000e+00 1
2.1038946403481246e-01 3.8320860528822892e-01 0.0000000000000000e+00 1
2.2197869529494788e-01 3.8043303200993234e-01 0.0000000000000000e+00 1
-4.8199665692578199e-02 1.8942314619874862e-01 0.0000000000000000e+00 1
1.9161696794777923e-03 4.3063484481780645e-01 0.0000000000000000e+00 1
1.0597304250141778e-03 4.4229000104730709e-01 0.0000000000000000e+00 1
-9.3180402819612873e-02 -2.0513120643428523e-01 0.0000000000000000e+00 1
-7.4483331936884722e-02 -7.7959792392089666e-02 0.0000000000000000e+00 1
1.8453854284597865e-01 3.5688680897860453e-01 0.0000000000000000e+00 1
9.8149761230212768e-02 1.8313519081605087e-01 0.0000000000000000e+00 1
-3.3442518984640196e-01 -2.0157671587477621e-01 0.0000000000000000e+00 1
2.4396712386051697e-01 -2.7714868230553530e-01 0.0000000000000000e+00 1
2.0063211608647460e-01 2.4129251906664950e-01 0.0000000000000000e+00 1
3.4175838100754585e-01 -1.5362927952861638e-01 0.0000000000000000e+00 1
1.9699974474284956e-01 3.0666791563296564e-01 0.0000000000000000e+00 1
1.8706097231331764e-01 2.9804664760137567e-01 0.0000000000000000e+00 1
-1.8126704129771620e-01 -6.2376543815632818e-02 0.0000000000000000e+00 1
-1.8894522853265408e-01 -7.0138695903592646e-02 0.0000000000000000e+00 1
7.1430726618626319e-03 2.2640844744762259e-01 0.0000000000000000e+00 1
2.5831909111684453e-01 4.0333267163317316e-01 0.0000000000000000e+00 1
-3.1971071086654407e-01 -1.4587264506346875e-01 0.0000000000000000e+00 1
3.3553115660088634e-01 -2.2820976277597416e-01 0.0000000000000000e+00 1
1.0465434459046331e-01 1.5615127381292418e-01 0.0000000000000000e+00 1
3.1614028530343660e-02 2.0033199942840163e-01 0.0000000000000000e+00 1
3.4008553925924373e-01 -1.7928442821004689e-01 0.0000000000000000e+00 1
1.3968768500352963e-01 2.4291470891712963e-01 0.0000000000000000e+00 1
-2.2919914012813743e-02 3.4237826980509201e-01 0.0000000000000000e+00 1
-1.0082168503082623e-02 3.3940574248940214e-01 0.0000000000000000e+00 1
-8.4373840831635710e-02 1.3547272082957998e-01 0.0000000000000000e+00 1
1.9055996338579123e-01 3.3205116465599599e-01 0.0000000000000000e+00 1
1.6472118511848738e-01 -2.3667257336908121e-01 0.0000000000000000e+00 1
-8.4308193070676272e-04 1.8502584538062222e-01 0.0000000000000000e+00 1
-2.7792824305832770e-03 1.7913621479554213e-02 0.0000000000000000e+00 1
1.4575466015336963e-01 2.6559623799114784e-01 0.0000000000000000e+00 1
6.1098301257947095e-02 2.2988689792856540e-01 0.0000000000000000e+00 1
1.1796346626423254e-01 4.3432171372044227e-02 0.0000000000000000e+00 1
1.4851350219002907e-01 4.4977002949667844e-01 0.0000000000000000e+00 1
-4.0115667353093590e-02 2.8803719219951174e-02 0.0000000000000000e+00 1
2.4743707043486057e-01 -1.4217033637355836e-01 0.0000000000000000e+00 1
2.6353809097450454e-01 -1.5856263650372482e-01 0.0000000000000000e+00 1
1.8035971345093521e-01 -2.2070708222803848e-01 0.0000000000000000e+00 1
-2.4522855167235241e-01 9.6342424094825879e-02 0.0000000000000000e+00 1
1.5724269854290074e-01 4.1746682192270868e-01 0.0000000000000000e+00 1
-2.1148616308902418e-01 1.8033649168937521e-01 0.0000000000000000e+00 1
-1.9796416750333368e-01 1.7845262432438919e-01 0.0000000000000000e+00 1
3.3188617824238642e-01 -2.5054288424026128e-01 0.0000000000000000e+00 1
3.2317592992090893e-01 -2.5399501483230069e-01 0.0000000000000000e+00 1
-9.0670033061156771e-02 -5.4806446967697459e-02 0.0000000000000000e+00 1
1.2530375466031099e-01 -1.7418660230723781e-01 0.0000000000000000e+00 1
1.8023631187370848e-01 -1.4562918843843775e-01 0.0000000000000000e+00 1
1.4522947092514021e-01 1.4648445955707848e-01 0.0000000000000000e+00 1
4.7699186499881460e-02 -2.0061419074119582e-01 0.0000000000000000e+00 1
1.9138802408085390e-01 1.5915302105589096e-01 0.0000000000000000e+00 1
9.9182556351766871e-02 7.3303987037132590e-02 0.0000000000000000e+00 1
-6.0999585313249484e-02 -5.2345308010037818e-02 0.0000000000000000e+00 1
3.3760072244835804e-01 -2.0520026008710091e-01 0.0000000000000000e+00 1
1.6623729565696932e-01 1.8663234147772173e-01 0.0000000000000000e+00 1
8.6368763732551979e-02 4.9727009067555367e-01 0.0000000000000000e+00 1
2.4469767413372381e-01 4.5611100239255298e-01 0.0000000000000000e+00 1
6.5692145125129678e-02 1.6732662392596057e-01 0.0000000000000000e+00 1
-3.3191777102265824e-01 -8.9908036929849236e-02 0.0000000000000000e+00 1
2.3983387355874391e-02 2.9539561681042681e-01 0.0000000000000000e+00 1
1.0508346227556753e-01 -6.1084006454427983e-04 0.0000000000000000e+00 1
3.2403157686238804e-01 2.2494029566423082e-01 0.0000000000000000e+00 1
1.4692046071313228e-01 -2.8083505819197474e-01 0.0000000000000000e+00 1
7.4589296480202835e-02 2.2594713774620540e-01 0.0000000000000000e+00 1
1.8354815435596900e-01 9.9685556951707402e-02 0.0000000000000000e+00 1
2.6931115326895305e-01 1.1946303754576545e-02 0.0000000000000000e+00 1
-2.2411383628891932e-02 4.6986863230032351e-02 0.0000000000000000e+00 1
3.2148244636625287e-02 3.5371690907446196e-01 0.0000000000000000e+00 1
6.3744171784583775e-02 8.2573227814244310e-02 0.0000000000000000e+00 1
7.5563825703056892e-02 7.9291503812916719e-02 0.0000000000000000e+00 1
1.3966086201632211e-01 8.0202658903399623e-04 0.0000000000000000e+00 1
3.0722166093912262e-01 3.1144539314763142e-01 0.0000000000000000e+00 1
-1.7205609453012308e-01 -6.5740725847127035e-02 0.0000000000000000e+00 1
2.7281318135146893e-01 -1.9586130609897556e-01 0.0000000000000000e+00 1
4.3818576442969721e-02 6.3580180941115338e-02 0.0000000000000000e+00 1
-7.5249091907432335e-04 3.4900022672165526e-01 0.0000000000000000e+00 1
1.5286468431218467e-03 3.3688003419608681e-01 0.0000000000000000e+00 1
8.2141301855023829e-02 1.0134561807469129e-01 0.0000000000000000e+00 1
6.7520098233588954e-02 -3.5431345039763126e-02 0.0000000000000000e+00 1
-1.7627505058496862e-01 -1.5727343831217019e-01 0.0000000000000000e+00 1
2.5137705043374436e-01 3.1381477316476591e-01 0.0000000000000000e+00 1
2.3891279508551735e-01 3.1683835679444139e-01 0.0000000000000000e+00 1
-1.1399571044744582e-01 -4.8917713099584356e-02 0.0000000000000000e+00 1
-2.2215224308370368e-01 6.2118282986178823e-02 0.0000000000000000e+00 1
-2.2572042449155777e-01 7.6366227525231201e-02 0.0000000000000000e+00 1
9.7574836523063854e-02 -1.7801471630800689e-01 0.0000000000000000e+00 1
2.9376134311499796e-02 -5.6876430748414121e-02 0.0000000000000000e+00 1
-3.7792278866957255e-02 9.7903452874192665e-02 0.0000000000000000e+00 1
1.7628227483569664e-01 1.2563576186529110e-01 0.0000000000000000e+00 1
-8.2800486852153493e-02 8.5761992329051823e-02 0.0000000000000000e+00 1
1.3913220604025983e-01 2.9125464773216991e-01 0.0000000000000000e+00 1
-5.7597436774548878e-02 1.2835288208145415e-01 0.0000000000000000e+00 1
2.0844198810067252e-03 -2.0975494131988015e-01 0.0000000000000000e+00 1
3.2532128140642808e-01 -1.9111322393804220e-01 0.0000000000000000e+00 1
7.9883522926838188e-02 5.3920593755357751e-02 0.0000000000000000e+00 1
2.9292083746681286e-01 -3.2740672058000880e-02 0.0000000000000000e+00 1
-1.0254022550759637e-01 -1.7514457116756438e-01 0.0000000000000000e+00 1
-1.7496087329395565e-01 -1.3531966402897794e-01 0.0000000000000000e+00 1
1.4744200634441307e-01 3.7840188300298666e-01 0.0000000000000000e+00 1
1.9075614057616966e-01 7.0696253883257801e-02 0.0000000000000000e+00 1
4.0689119572488060e-02 2.7850737613732912e-01 0.0000000000000000e+00 1
-2.0607832339573647e-02 6.0552544641196673e-04 0.0000000000000000e+00 1
-4.2878616780542063e-02 2.6428897182860711e-01 0.0000000000000000e+00 1
1.4899138925966754e-01 -1.8110099498249077e-01 0.0000000000000000e+00 1
-3.9552406364679448e-03 6.5074758829609253e-02 0.0000000000000000e+00 1
2.6278807083861883e-01 -1.2055810259707679e-02 0.0000000000000000e+00 1
3.0235908155076785e-01 2.4207048402860445e-01 0.0000000000000000e+00 1
3.1823759792201323e-01 2.4000730735563600e-01 0.0000000000000000e+00 1
1.0253522876464807e-01 1.2093485741778143e-01 0.0000000000000000e+00 1
7.6989303027114181e-02 -1.7292273479511872e-01 0.0000000000000000e+00 1
-1.0134508224664066e-01 6.6629087409990434e-02 0.0000000000000000e+00 1
2.2031324232020669e-01 3.4690935250286203e-01 0.0000000000000000e+00 1
7.6304651210541419e-02 4.6066656001849943e-01 0.0000000000000000e+00 1
2.6892264740506200e-01 3.6815972026607297e-01 0.0000000000000000e+00 1
-7.1726770972563456e-02 3.7836028326331445e-01 0.0000000000000000e+00 1
-6.7272588226375760e-02 3.6490618828777738e-01 0.0000000000000000e+00 1
-6.9339156459497286e-02 2.2054446766021782e-01 0.0000000000000000e+00 1
2.0136254363061012e-01 3.1827505703180048e-02 0.0000000000000000e+00 1
-1.2369519336020471e-01 -1.6098340189839772e-02 0.0000000000000000e+00 1
3.1261351684900746e-01 1.5915511785273828e-01 0.0000000000000000e+00 1
-1.4052128547569553e-01 2.3871712862051958e-01 0.0000000000000000e+00 1
2.3986730521786798e-01 3.5245739932029196e-01 0.0000000000000000e+00 1
-1.4463793665558372e-01 -1.4561227123061876e-01 0.0000000000000000e+00 1
-1.0521861560161561e-01 2.5582200029521823e-01 0.0000000000000000e+00 1
-8.5479734653213860e-02 1.8644530719685373e-01 0.0000000000000000e+00 1
3.7837980840815827e-02 3.7529089900144869e-01 0.0000000000000000e+00 1
-1.0166749935829170e-01 -1.5478950409281733e-01 0.0000000000000000e+00 1
-1.1615609992475928e-01 3.2098050112770882e-01 0.0000000000000000e+00 1
1.3546295005895650e-01 7.6607877069217858e-02 0.0000000000000000e+00 1
2.9914864549887282e-01 -1.7114516446025446e-01 0.0000000000000000e+00 1
2.5096816682181966e-01 2.4319639623168449e-01 0.0000000000000000e+00 1
1.3427170971597657e-01 -2.6819823553378708e-01 0.0000000000000000e+00 1
1.8212253949035406e-01 2.1938452523333796e-01 0.0000000000000000e+00 1
-4.1534042424228017e-03 3.6197643378252070e-01 0.0000000000000000e+00 1
2.9558975862105136e-01 3.5080993655253684e-01 0.0000000000000000e+00 1
2.7199511374899521e-01 1.2000181522503041e-01 0.0000000000000000e+00 1
1.6940000927814342e-01 3.0607200834752019e-01 0.0000000000000000e+00 1
3.4139776958053952e-02 -1.7956102190298831e-01 0.0000000000000000e+00 1
-3.4373819194176092e-01 -2.0520952730126921e-01 0.0000000000000000e+00 1
-1.4912874982830224e-01 3.2575267195228748e-02 0.0000000000000000e+00 1
2.9090111981636663e-01 3.2387627196139676e-02 0.0000000000000000e+00 1
1.0817482217049611e-01 3.4202586357957351e-02 0.0000000000000000e+00 1
1.9186599286425018e-01 -1.0464387982748459e-01 0.0000000000000000e+00 1
3.1523590281566533e-01 1.9923812515459352e-01 0.0000000000000000e+00 1
-1.0536389194467316e-01 1.6625782507023934e-01 0.0000000000000000e+00 1
9.2916691925279682e-02 3.3793785220081840e-01 0.0000000000000000e+00 1
1.7471526948505395e-01 2.4583690845770459e-01 0.0000000000000000e+00 1
3.1634530592533537e-02 4.4391592226094262e-01 0.0000000000000000e+00 1
1.5985945898386403e-01 -1.8389990087533895e-01 0.0000000000000000e+00 1
-8.2025291113040383e-02 -2.1100819245687491e-01 0.0000000000000000e+00 1
1.7211258537139767e-01 -2.8751288460736418e-01 0.0000000000000000e+00 1
2.8316326415640020e-01 3.8746619685275374e-01 0.0000000000000000e+00 1
-1.8003200237825157e-01 -3.3418626136446535e-02 0.0000000000000000e+00 1
2.5908921840341725e-01 1.7221427918168290e-03 0.0000000000000000e+00 1
3.2840341467045597e-01 -2.7085127220001232e-01 0.0000000000000000e+00 1
3.1763673260872247e-02 3.9970085338851147e-01 0.0000000000000000e+00 1
-3.5944059450210397e-01 -8.9132970072677772e-02 0.0000000000000000e+00 1
4.1183256473749361e-02 3.6295832983964749e-01 0.0000000000000000e+00 1
1.7694803512482454e-01 2.8112644642168089e-01 0.0000000000000000e+00 1
2.6980218992609090e-01 -2.9853887274830360e-01 0.0000000000000000e+00 1
3.0841836114657328e-01 6.7487456253372310e-02 0.0000000000000000e+00 1
-3.3225038204900936e-01 -6.2886347354384864e-02 0.0000000000000000e+00 1
4.1083859596838884e-02 2.2901376904581111e-01 0.0000000000000000e+00 1
2.1151600187108002e-01 -5.8568125880198843e-02 0.0000000000000000e+00 1
-2.0845609667154211e-01 6.1683412080803204e-02 0.0000000000000000e+00 1
3.0618762555312301e-01 -7.3920930382851038e-02 0.0000000000000000e+00 1
-1.3322852462457974e-01 1.7344727134532245e-01 0.0000000000000000e+00 1
-3.2135877044094213e-01 -1.6507231547211032e-01 0.0000000000000000e+00 1
8.2676080427724202e-02 -9.2793974380056390e-02 0.0000000000000000e+00 1
2.8480618059017160e-01 2.5969127337623599e-01 0.0000000000000000e+00 1
1.8196085192010369e-01 -3.8497949303780504e-02 0.0000000000000000e+00 1
1.4704273691476324e-01 -4.1180398850125657e-02 0.0000000000000000e+00 1
-2.2711139794872073e-01 -4.3441065788365069e-02 0.0000000000000000e+00 1
-4.3190716067537084e-02 3.7236021492473143e-01 0.0000000000000000e+00 1
-5.7453439089012466e-02 3.7523875156073477e-01 0.0000000000000000e+00 1
5.5961805263866904e-02 1.5758398423729320e-01 0.0000000000000000e+00 1
1.2171285844461245e-01 3.9587880607861137e-01 0.0000000000000000e+00 1
1.0265039934629544e-01 4.3223865007160983e-01 0.0000000000000000e+00 1
-6.3123072154354365e-02 3.8851660144175348e-01 0.0000000000000000e+00 1
3.1183515193832845e-01 2.1376973439587549e-01 0.0000000000000000e+00 1
2.3744119920075646e-01 2.4686932603472606e-01 0.0000000000000000e+00 1
2.2821531067465275e-01 2.3167988340146974e-02 0.0000000000000000e+00 1
2.1696942234882258e-01 3.5945041514390513e-01 0.0000000000000000e+00 1
2.1856823086207600e-01 3.9199153453881391e-01 0.0000000000000000e+00 1
-6.4909894671040845e-03 4.2209608410931765e-01 0.0000000000000000e+00 1
-5.2864070043734397e-02 2.5430565801343036e-01 0.0000000000000000e+00 1
-2.2766724197376166e-02 -5.3195771040964818e-02 0.0000000000000000e+00 1
-2.2810692544310246e-01 -1.4289206038542490e-01 0.0000000000000000e+00 1
1.2726958077642359e-01 4.1531417750982891e-01 0.0000000000000000e+00 1
1.8967667776868419e-01 1.2222728952542336e-01 0.0000000000000000e+00 1
-2.4438555769937143e-02 3.9134700181825505e-01 0.0000000000000000e+00 1
-1.7165081026954687e-01 1.7065942436524575e-01 0.0000000000000000e+00 1
2.0338508777209129e-02 1.0577376908385885e-01 0.0000000000000000e+00 1
2.3970258332320954e-01 2.8332399658717844e-01 0.0000000000000000e+00 1
1.4176607316084569e-01 3.2522710844365410e-01 0.0000000000000000e+00 1
2.7650430646147478e-01 3.4357782607482912e-01 0.0000000000000000e+00 1
3.0352445931858973e-01 3.2476104000139178e-01 0.0000000000000000e+00 1
-1.3130110498864589e-01 1.2237281032190768e-01 0.0000000000000000e+00 1
1.4019612731022402e-01 1.5951605119095419e-01 0.0000000000000000e+00 1
-5.6010814526515851e-02 1.0006965244928270e-02 0.0000000000000000e+00 1
2.7295661881849043e-01 -5.2873844707958251e-02 0.0000000000000000e+00 1
1.2833692909514055e-01 -2.1640803667059882e-01 0.0000000000000000e+00 1
2.6501643968118604e-01 3.8027672157584058e-01 0.0000000000000000e+00 1
-1.1973610622341313e-01 4.8170405829057190e-02 0.0000000000000000e+00 1
-1.4508804476501930e-01 -9.6682675990143088e-02 0.0000000000000000e+00 1
-6.4148705725844857e-02 -8.0636853783543294e-02 0.0000000000000000e+00 1
3.0702573640674446e-01 -9.9762471446609075e-02 0.0000000000000000e+00 1
1.4375781668143950e-01 4.7045372747752040e-01 0.0000000000000000e+00 1
2.5291677977849671e-02 -2.0994775872106278e-01 0.0000000000000000e+00 1
7.6476502091475940e-02 1.9532794944606177e-02 0.0000000000000000e+00 1
2.6301978299662099e-01 -1.1151341694589502e-01 0.0000000000000000e+00 1
1.1255314322295637e-02 -1.1424498122838503e-01 0.0000000000000000e+00 1
-4.5259680099453317e-02 4.0908758226642850e-01 0.0000000000000000e+00 1
-3.7938041853348627e-02 3.9683608373966833e-01 0.0000000000000000e+00 1
1.0057163355551157e-01 -2.3411708962684302e-01 0.0000000000000000e+00 1
6.0092417525314620e-02 -2.5697951051510765e-01 0.0000000000000000e+00 1
-1.5465685002074306e-01 -1.3255821062783366e-01 0.0000000000000000e+00 1
-3.0221686871527889e-02 -2.0773262837653314e-01 0.0000000000000000e+00 1
1.1954258507766942e-01 -2.7620420265808243e-01 0.0000000000000000e+00 1
-8.3298709071845944e-02 2.2418676446075209e-01 0.0000000000000000e+00 1
6.8649726878467335e-02 3.4430054407302624e-01 0.0000000000000000e+00 1
3.3898772069199203e-02 1.0243586732281090e-01 0.0000000000000000e+00 1
2.9182122439920488e-01 3.6344440671980427e-01 0.0000000000000000e+00 1
2.9136110121615050e-01 -2.3396492077117104e-01 0.0000000000000000e+00 1
1.2691052441698769e-01 2.9461936915334108e-01 0.0000000000000000e+00 1
2.2097808818420700e-01 -2.2263405812287845e-01 0.0000000000000000e+00 1
7.2622140732821694e-02 -1.3041987823726542e-01 0.0000000000000000e+00 1
2.8799734333102389e-01 -1.1874594522967620e-01 0.0000000000000000e+00 1
2.1691775524881612e-01 -1.0991328458603566e-01 0.0000000000000000e+00 1
7.0282840768159910e-02 -4.7294256721867309e-02 0.0000000000000000e+00 1
2.7271731713222797e-01 -1.0221477939311439e-01 0.0000000000000000e+00 1
8.7208803138440288e-02 -2.5656154458558489e-01 0.0000000000000000e+00 1
1.9774010908227259e-02 4.0301903902256803e-01 0.0000000000000000e+00 1
-9.2579984057734099e-02 -1.2921671779442891e-02 0.0000000000000000e+00 1
3.1617878054584700e-02 2.2032555524295461e-01 0.0000000000000000e+00 1
-1.7518691353542332e-01 -1.4098954064967280e-02 0.0000000000000000e+00 1
-4.1827223705288014e-01 -2.0193863192905034e-01 0.0000000000000000e+00 1
2.4161418707764604e-01 -2.2913164838837119e-01 0.0000000000000000e+00 1
-1.4270768163923844e-01 -2.1946531869689468e-02 0.0000000000000000e+00 1
-2.6963608927612105e-02 4.2773769726442068e-01 0.0000000000000000e+00 1
-2.1567368735602960e-01 3.4750311201042113e-02 0.0000000000000000e+00 1
2.0257641437104923e-01 4.3521017035018994e-01 0.0000000000000000e+00 1
-2.8388998929346021e-01 -1.3081746956797075e-01 0.0000000000000000e+00 1
1.2097343662433219e-01 3.0555527593472583e-02 0.0000000000000000e+00 1
3.3171254695987246e-01 -3.0486307437490798e-02 0.0000000000000000e+00 1
-3.1471871800284767e-01 -1.9535506532560179e-01 0.0000000000000000e+00 1
4.9676282737752167e-02 1.3466514125733628e-01 0.0000000000000000e+00 1
1.7245750950273830e-01 4.3365062826522860e-01 0.0000000000000000e+00 1
3.9833591597366151e-02 1.2487890513778807e-01 0.0000000000000000e+00 1
3.7464250912128756e-03 -3.9412250597215204e-02 0.0000000000000000e+00 1
1.8203199522708982e-01 3.6904034289638848e-01 0.0000000000000000e+00 1
-7.1331658860909891e-02 -2.1688646329390671e-01 0.0000000000000000e+00 1
-3.1263650280567261e-02 -2.3124323747047038e-01 0.0000000000000000e+00 1
1.7061974672198305e-01 1.7473754497847219e-01 0.0000000000000000e+00 1
1.0420116066739706e-01 -1.3872899295217156e-01 0.0000000000000000e+00 1
-1.0536109586678704e-02 -1.6024389361330671e-01 0.0000000000000000e+00 1
5.7100748879462683e-02 -1.6859478357295221e-01 0.0000000000000000e+00 1
-1.1946610152192241e-01 2.5962231835172772e-01 0.0000000000000000e+00 1
2.7415012944884451e-02 2.8233099420019836e-01 0.0000000000000000e+00 1
-3.8384031531153703e-02 -1.2119066180642254e-01 0.0000000000000000e+00 1
-7.6376206707376826e-02 -1.0424849007203942e-01 0.0000000000000000e+00 1
1.9837992935500853e-01 4.4637637717584561e-01 0.0000000000000000e+00 1
6.0353354764745140e-02 -8.7892746354811604e-02 0.0000000000000000e+00 1
1.7857691785266144e-01 -1.7797742477155704e-01 0.0000000000000000e+00 1
-2.4907330083754844e-01 -1.3212641665999739e-01 0.0000000000000000e+00 1
-1.4201903996519824e-01 -1.5177581048200747e-01 0.0000000000000000e+00 1
-2.4755678245888738e-01 1.7942810417319561e-02 0.0000000000000000e+00 1
-8.5102677251914366e-02 -1.6591101810770367e-01 0.0000000000000000e+00 1
-1.0898103435718294e-01 -1.5317283569621584e-01 0.0000000000000000e+00 1
-2.2325524305790589e-01 -5.3801614366056828e-02 0.0000000000000000e+00 1
-6.0216630362267660e-02 -2.0089513667691006e-01 0.0000000000000000e+00 1
-2.3417210096785956e-01 1.1132992501861638e-01 0.0000000000000000e+00 1
-4.8938313610871101e-02 -1.7544813615315935e-01 0.0000000000000000e+00 1
-3.4017271991298878e-02 -1.7958138576875640e-01 0.0000000000000000e+00 1
1.2379238503123779e-01 5.1347391982845880e-01 0.0000000000000000e+00 1
-9.3458867244504029e-02 2.1373787879568865e-01 0.0000000000000000e+00 1
-1.9535234781049425e-02 -1.8195384883039370e-01 0.0000000000000000e+00 1
-2.5109873111074382e-01 -1.4799202857949278e-01 0.0000000000000000e+00 1
-3.0156311825898285e-02 -6.1190465152905174e-02 0.0000000000000000e+00 1
2.7897362657251729e-01 3.9904433489018842e-01 0.0000000000000000e+00 1
-2.4059621774185741e-01 -6.0134558251196193e-02 0.0000000000000000e+00 1
-2.0891686499125890e-02 -1.2482645370053735e-01 0.0000000000000000e+00 1
9.4722839955134197e-02 4.2391160325357524e-01 0.0000000000000000e+00 1
-4.3823033049056756e-02 -2.0745501262857929e-01 0.0000000000000000e+00 1
-3.6775992829175574e-01 -1.6081617477600973e-01 0.0000000000000000e+00 1
-1.2346020200986990e-01 -1.4982737549824798e-01 0.0000000000000000e+00 1
6.6727417261009184e-02 -2.0643986706126241e-01 0.0000000000000000e+00 1
4.9885163048603243e-02 -2.0972658784553969e-01 0.0000000000000000e+00 1
3.2212904036450463e-01 6.4404124780252203e-02 0.0000000000000000e+00 1
-1.4555032332566503e-01 1.2547779006430954e-01 0.0000000000000000e+00 1
-2.5700604662388266e-01 -1.5578136567043255e-01 0.0000000000000000e+00 1
6.9712448036518604e-02 -2.6004512817106423e-01 0.0000000000000000e+00 1
1.3252367863693221e-01 -1.6568417880311914e-01 0.0000000000000000e+00 1
5.6857337445241588e-02 -1.0696455869982133e-01 0.0000000000000000e+00 1
-6.6009379629895254e-02 -2.1969851606503732e-01 0.0000000000000000e+00 1
-4.9926424277291909e-03 -1.1957031342665264e-01 0.0000000000000000e+00 1
-4.0882320876330447e-01 -2.2935329360129736e-01 0.0000000000000000e+00 1
2.6671260842687805e-01 -2.5596801205619979e-01 0.0000000000000000e+00 1
-1.2258727091988492e-01 -5.6771798202438217e-02 0.0000000000000000e+00 1
-2.1594071958004016e-01 -1.3465028372983918e-02 0.0000000000000000e+00 1
-4.9875076922722195e-02 -1.9490096043778468e-01 0.0000000000000000e+00 1
1.9368601954670689e-02 4.6788778599104186e-01 0.0000000000000000e+00 1
2.6872154675133153e-01 4.2047324036055900e-01 0.0000000000000000e+00 1
1.9149253145134204e-01 -2.9169945008877984e-02 0.0000000000000000e+00 1
-1.9836993062592617e-01 -3.9303978082530042e-02 0.0000000000000000e+00 1
2.0140602318550516e-01 -1.9512844572779187e-02 0.0000000000000000e+00 1
-3.5394847670788820e-01 -1.4253545288830524e-01 0.0000000000000000e+00 1
2.4772495925313484e-01 -3.0541397180358576e-01 0.0000000000000000e+00 1
-3.4058224684923910e-01 -1.2270784115408713e-01 0.0000000000000000e+00 1
1.0241480248974083e-02 -1.8244458837861971e-01 0.0000000000000000e+00 1
-8.3010542476895877e-02 -1.4585864906667090e-01 0.0000000000000000e+00 1
-3.0663178194692498e-01 -9.6210180704309881e-02 0.0000000000000000e+00 1
2.4100145891194424e-01 2.3338566217283446e-01 0.0000000000000000e+00 1
-1.1151469451849495e-01 -1.4547784168532266e-01 0.0000000000000000e+00 1
-1.5503100737704420e-01 -1.7187014144222298e-01 0.0000000000000000e+00 1
-1.7813834707917106e-01 -1.0642142601063467e-01 0.0000000000000000e+00 1
-2.6460002335049893e-01 -7.4914893873891802e-02 0.0000000000000000e+00 1
-1.0888226606404063e-01 -1.0558543723470540e-01 0.0000000000000000e+00 1
2.6944892839516366e-01 -3.9419122207199522e-02 0.0000000000000000e+00 1
2.5958096985181556e-01 1.6345880638723304e-01 0.0000000000000000e+00 1
1.3265647668051050e-01 -2.2798810840509254e-01 0.0000000000000000e+00 1
6.3487498113646859e-02 2.3199031837243055e-02 0.0000000000000000e+00 1
1.3002964952311535e-01 4.0408866342941108e-01 0.0000000000000000e+00 1
2.9790824246159453e-01 2.5559335670976241e-01 0.0000000000000000e+00 1
1.1287740724478636e-01 -2.6109187947224904e-01 0.0000000000000000e+00 1
3.8151648140045742e-02 4.8037969381935430e-01 0.0000000000000000e+00 1
-3.9451396379753617e-01 -2.2471580623781046e-01 0.0000000000000000e+00 1
-1.8755343977469663e-01 6.2868352827014154e-02 0.0000000000000000e+00 1
-2.0048039682533816e-01 -1.0954132992768791e-01 0.0000000000000000e+00 1
1.3074982145787664e-01 3.9856292015513099e-02 0.0000000000000000e+00 1
-4.3991442044176987e-02 -1.5266251404110021e-01 0.0000000000000000e+00 1
-2.2940563241282608e-01 -1.1936344519029024e-01 0.0000000000000000e+00 1
-1.5027729315953939e-01 1.0227184450821028e-01 0.0000000000000000e+00 1
1.5375402492707646e-01 -2.3349437987401966e-01 0.0000000000000000e+00 1
2.2213319653650837e-01 -2.6149719479228006e-01 0.0000000000000000e+00 1
3.2509339612679732e-02 -1.4436372872366549e-01 0.0000000000000000e+00 1
-1.2320960827160135e-01 -8.5226583818591578e-02 0.0000000000000000e+00 1
-2.8054158484704633e-01 -1.9060498419219519e-02 0.0000000000000000e+00 1
-2.7046222935591951e-01 -2.7482590073310192e-02 0.0000000000000000e+00 1
-3.2174291437574842e-01 -1.1437814797825416e-01 0.0000000000000000e+00 1
-1.9225179659294159e-01 -8.7062535853828962e-02 0.0000000000000000e+00 1
1.3108699393043838e-01 3.6115408928011822e-01 0.0000000000000000e+00 1
3.3019929748424431e-01 -1.5957514287420327e-01 0.0000000000000000e+00 1
1.5006968495511730e-01 -2.2214918029653877e-01 0.0000000000000000e+00 1
-5.6525906147176598e-02 2.6813584731035311e-01 0.0000000000000000e+00 1
3.0893000416207056e-01 -1.6181461179957229e-01 0.0000000000000000e+00 1
-1.6081492195124061e-01 9.2112960229559615e-02 0.0000000000000000e+00 1
2.2340344197751250e-01 3.6250506244469620e-02 0.0000000000000000e+00 1
-1.5655552805539932e-01 -1.0479990198750849e-01 0.0000000000000000e+00 1
-1.7848021949531750e-01 7.2857350941437027e-02 0.0000000000000000e+00 1
2.5820340517194235e-01 2.1532082773112360e-01 0.0000000000000000e+00 1
-9.4690009934376262e-02 -1.0031662064216701e-01 0.0000000000000000e+00 1
1.1255985269406746e-01 -1.7063748838407097e-01 0.0000000000000000e+00 1
-8.4382982017528488e-02 -4.2706138831143806e-03 0.0000000000000000e+00 1
-8.2685316520642732e-02 -1.1107725738695998e-01 0.0000000000000000e+00 1
9.3104623282631999e-02 3.8218614381183591e-01 0.0000000000000000e+00 1
2.8431813107726400e-01 -2.6260381932967231e-01 0.0000000000000000e+00 1
-3.2506882740023507e-01 -4.9511008590922119e-02 0.0000000000000000e+00 1
-4.0618394558562554e-01 -1.8020278929232075e-01 0.0000000000000000e+00 1
1.5111209646643745e-01 -1.1517648865807770e-01 0.0000000000000000e+00 1
1.3017946062389826e-01 2.8207222699642537e-01 0.0000000000000000e+00 1
-2.4459566165952729e-01 -1.6489344618130791e-01 0.0000000000000000e+00 1
1.4248853789427429e-01 3.5784410128424329e-02 0.0000000000000000e+00 1
-1.4001730625605571e-01 -1.0702731098804147e-01 0.0000000000000000e+00 1
-1.7691522235010057e-01 9.4235990997650954e-02 0.0000000000000000e+00 1
2.5886310630848647e-01 -2.9758743191732007e-01 0.0000000000000000e+00 1
-4.1573999270374189e-02 -4.7604235582863322e-02 0.0000000000000000e+00 1
-2.6846438376725512e-01 6.2416353954249876e-03 0.0000000000000000e+00 1
1.4564495417561513e-01 -2.4978222664857594e-02 0.0000000000000000e+00 1
-2.2011223003486080e-01 1.6631208332126310e-01 0.0000000000000000e+00 1
8.2994259984324970e-02 -1.3321934350920822e-01 0.0000000000000000e+00 1
1.8735907778331642e-01 2.4305648580286335e-01 0.0000000000000000e+00 1
-9.1637789721570023e-02 -1.0907403637799601e-01 0.0000000000000000e+00 1
-3.9287643235657599e-01 -1.7839287717861219e-01 0.0000000000000000e+00 1
-8.7504890706142979e-02 7.1943840157158555e-03 0.0000000000000000e+00 1
-1.9893428143994563e-01 -6.7789635215847299e-02 0.0000000000000000e+00 1
2.6434026531938171e-01 -3.0586213339943469e-01 0.0000000000000000e+00 1
3.2247805635575549e-01 -2.3822868513755130e-01 0.0000000000000000e+00 1
-6.0295878843127794e-02 2.8204074002465057e-01 0.0000000000000000e+00 1
1.6231321869076512e-02 -2.4303784282626645e-01 0.0000000000000000e+00 1
-1.8956066009450826e-02 2.1801368002147159e-01 0.0000000000000000e+00 1
7.9171789609701490e-02 -3.8968613956803275e-02 0.0000000000000000e+00 1
-3.4414328008285103e-02 1.3468931314036464e-01 0.0000000000000000e+00 1
-2.3431102109162455e-01 -1.0942686580755802e-01 0.0000000000000000e+00 1
2.3016677376555722e-01 3.8903015751825054e-01 0.0000000000000000e+00 1
-1.6973661348510605e-01 -1.0810250980471869e-01 0.0000000000000000e+00 1
2.0032902814823608e-01 1.6900244340055776e-01 0.0000000000000000e+00 1
-1.3526180589369635e-01 -1.7757828268508508e-01 0.0000000000000000e+00 1
3.2964046839188343e-01 1.9456635698318739e-01 0.0000000000000000e+00 1
3.0817457727517961e-01 -2.6215392169667112e-01 0.0000000000000000e+00 1
-1.1549823898650242e-01 7.0220031920533055e-02 0.0000000000000000e+00 1
-2.0617205489802637e-01 4.5149345534589713e-02 0.0000000000000000e+00 1
2.1477799304094880e-01 -2.3406445908135919e-02 0.0000000000000000e+00 1
-2.5785370069556159e-03 9.9870966284357057e-02 0.0000000000000000e+00 1
3.0990844901681254e-02 -2.3974037492524969e-01 0.0000000000000000e+00 1
1.4379865873898862e-01 5.0720797400788065e-01 0.0000000000000000e+00 1
1.5068596129173648e-01 5.1480274620447708e-01 0.0000000000000000e+00 1
-1.2179195672334909e-02 1.3987171783735036e-01 0.0000000000000000e+00 1
1.0363793253606524e-01 5.1083440164580229e-01 0.0000000000000000e+00 1
-1.5502321846753228e-02 1.0338710249877220e-01 0.0000000000000000e+00 1
2.5465053742055599e-01 2.2929143093787430e-01 0.0000000000000000e+00 1
-1.5791119668102410e-01 -8.6192349325051060e-03 0.0000000000000000e+00 1
1.3548063916109410e-01 4.6314794339362259e-01 0.0000000000000000e+00 1
1.1069448596046884e-01 3.9893813778042930e-01 0.0000000000000000e+00 1
2.4967972172047306e-01 4.5601461821573097e-02 0.0000000000000000e+00 1
3.9800282753397684e-02 -1.6481183820977647e-02 0.0000000000000000e+00 1
1.7543216673817444e-01 4.2316490997197315e-01 0.0000000000000000e+00 1
3.3101391015712250e-01 -1.4615869063479203e-01 0.0000000000000000e+00 1
1.9500113574212087e-02 -2.2127611587740577e-02 0.0000000000000000e+00 1
-1.1839970588495142e-02 -2.3244412097283412e-01 0.0000000000000000e+00 1
-7.7722407085841966e-02 -1.6784597577296451e-01 0.0000000000000000e+00 1
2.9952389221673148e-01 -3.0443254835918843e-01 0.0000000000000000e+00 1
-2.5917261773930045e-01 -2.3513783117123488e-02 0.0000000000000000e+00 1
-4.2366818230427268e-03 -1.5421795997522816e-01 0.0000000000000000e+00 1
-1.4918873767833610e-02 1.5368239823495528e-01 0.0000000000000000e+00 1
1.3342096369309259e-01 2.6909335135637569e-01 0.0000000000000000e+00 1
8.9569048242072194e-02 -2.6624360577049427e-01 0.0000000000000000e+00 1
3.3083967304352513e-01 1.3697074055488258e-02 0.0000000000000000e+00 1
-1.3761102548705911e-01 2.7091947743722844e-01 0.0000000000000000e+00 1
-9.9376868275479438e-02 1.8969169934335164e-01 0.0000000000000000e+00 1
2.4623292085491702e-02 4.5125813637837110e-02 0.0000000000000000e+00 1
2.2994105584247793e-02 3.9068395738471257e-01 0.0000000000000000e+00 1
-2.8355834432869039e-02 1.0689888094940284e-01 0.0000000000000000e+00 1
8.2932611010354002e-04 -2.8547093021806632e-02 0.0000000000000000e+00 1
3.2617711024446167e-01 -2.0986217220923375e-01 0.0000000000000000e+00 1
-2.5211225192406206e-01 3.0808809127819754e-02 0.0000000000000000e+00 1
-2.7597872506136700e-01 -1.8204838347627234e-01 0.0000000000000000e+00 1
-1.9085163016813206e-01 -3.0966948703887942e-02 0.0000000000000000e+00 1
-4.1987000899368426e-01 -2.3300867974611028e-01 0.0000000000000000e+00 1
1.9137092573134834e-01 2.2997900120397502e-01 0.0000000000000000e+00 1
2.5795358217107289e-01 4.3884186883894627e-01 0.0000000000000000e+00 1
2.8518942553664928e-01 -1.0593866879467040e-01 0.0000000000000000e+00 1
4.6742379723802970e-02 -2.3530281665225511e-01 0.0000000000000000e+00 1
2.1930354869847887e-01 -2.5127398905055282e-01 0.0000000000000000e+00 1
2.7933362582130666e-01 -2.9377358827784548e-02 0.0000000000000000e+00 1
1.4571349617050983e-01 -1.3596617048517906e-01 0.0000000000000000e+00 1
-1.3032126992458176e-01 -1.7407244298415056e-01 0.0000000000000000e+00 1
2.3101516342339634e-01 -2.1597399176652093e-01 0.0000000000000000e+00 1
-6.3533673881647108e-03 -1.6215213015157701e-02 0.0000000000000000e+00 1
-2.6813021517102659e-01 8.4194186436182872e-02 0.0000000000000000e+00 1
-4.0229612547591209e-01 -1.9629535448431323e-01 0.0000000000000000e+00 1
-1.0941450594763588e-01 1.7955112067715664e-01 0.0000000000000000e+00 1
-6.7045896815404973e-02 -1.0668205698138275e-01 0.0000000000000000e+00 1
-5.6798638814579437e-02 -2.1783929880674541e-01 0.0000000000000000e+00 1
3.2688602523439553e-01 1.0578487740894268e-01 0.0000000000000000e+00 1
2.2226496670411666e-01 -2.0058236178053385e-01 0.0000000000000000e+00 1
-9.2624818541179234e-03 -3.1464378330574735e-03 0.0000000000000000e+00 1
2.4737383339109989e-01 6.0819360999697598e-02 0.0000000000000000e+00 1
-2.9334961914833679e-01 -6.2588240791813424e-02 0.0000000000000000e+00 1
-3.8551143573436830e-01 -2.1353398373447896e-01 0.0000000000000000e+00 1
8.1100411611159662e-02 3.8554365875774438e-01 0.0000000000000000e+00 1
1.7918278603733223e-01 4.1167183766023041e-01 0.0000000000000000e+00 1
2.3368364917157522e-01 3.7719497010144737e-01 0.0000000000000000e+00 1
-3.0510013882408399e-01 -1.9187588139559633e-01 0.0000000000000000e+00 1
-1.2246269295329398e-01 -1.8950631994103634e-01 0.0000000000000000e+00 1
-2.0905717752647279e-01 -1.0793030643439169e-01 0.0000000000000000e+00 1
1.3659783581142662e-01 2.5602669624498714e-01 0.0000000000000000e+00 1
-4.0076490771482415e-01 -2.1946706652761086e-01 0.0000000000000000e+00 1
6.6492785644092153e-02 6.9970168786814946e-02 0.0000000000000000e+00 1
9.1093712640837668e-02 -1.2544306899458513e-01 0.0000000000000000e+00 1
-3.1605670390077403e-02 1.2040869410390695e-01 0.0000000000000000e+00 1
2.3061183751421652e-01 -3.0356378089796882e-01 0.0000000000000000e+00 1
-6.2494998630036935e-02 3.5272110957096137e-01 0.0000000000000000e+00 1
3.2999198984564082e-01 3.1176937457862069e-02 0.0000000000000000e+00 1
-2.3380737917469629e-01 -5.1796490187605751e-02 0.0000000000000000e+00 1
2.7579074728757441e-01 -1.5466467381285523e-02 0.0000000000000000e+00 1
2.0861848140450229e-01 2.1621001533049589e-01 0.0000000000000000e+00 1
-9.9810649210047495e-02 3.4611003347255098e-01 0.0000000000000000e+00 1
1.2281662550482036e-01 4.7595215832824200e-01 0.0000000000000000e+00 1
-7.2458552564810663e-03 -7.7876403004707717e-02 0.0000000000000000e+00 1
1.9967001369389492e-01 5.0366019261877670e-01 0.0000000000000000e+00 1
2.6254652037735766e-02 3.7830336246645679e-01 0.0000000000000000e+00 1
1.0707523938657921e-02 9.6607876577496948e-02 0.0000000000000000e+00 1
1.4159483001252934e-01 -1.2301696382624050e-01 0.0000000000000000e+00 1
3.3256999423941469e-01 -4.7291300768770167e-02 0.0000000000000000e+00 1
8.8945382589438696e-02 -3.0766033986572478e-02 0.0000000000000000e+00 1
9.9556690741340270e-02 -2.6947705873919459e-01 0.0000000000000000e+00 1
1.0209081622407408e-01 3.9067441493510491e-01 0.0000000000000000e+00 1
-7.1771715889053053e-02 -1.6251279601439200e-01 0.0000000000000000e+00 1
2.7060817027156969e-01 6.6067136332168375e-02 0.0000000000000000e+00 1
1.6842018423640140e-01 5.1504986386066609e-01 0.0000000000000000e+00 1
1.8545640620002585e-01 5.1016287183129228e-01 0.0000000000000000e+00 1
-6.4821874666389834e-02 -1.1556622182693460e-01 0.0000000000000000e+00 1
-2.1866534965257894e-01 1.1452563914187330e-04 0.0000000000000000e+00 1
1.6545137909422254e-02 -1.7551873933794140e-01 0.0000000000000000e+00 1
7.7174822317810768e-02 -2.5353832876350191e-01 0.0000000000000000e+00 1
2.2940282852497874e-02 -1.6742708322804770e-01 0.0000000000000000e+00 1
-2.6882776121714219e-01 -6.4804643837589243e-02 0.0000000000000000e+00 1
1.4697347658528434e-01 -8.7581607739402739e-02 0.0000000000000000e+00 1
2.1197252997078922e-01 2.0175502925481528e-01 0.0000000000000000e+00 1
-1.3498360086292321e-01 -1.3873175434969369e-02 0.0000000000000000e+00 1
-5.0256631781955788e-02 -5.5252884674391739e-02 0.0000000000000000e+00 1
-4.0854693075244856e-02 -2.3220989991947258e-01 0.0000000000000000e+00 1
3.0584287097566415e-01 -8.7865181664808917e-02 0.0000000000000000e+00 1
-4.7679133602200052e-02 3.8531914475530166e-01 0.0000000000000000e+00 1
2.4827774554046714e-01 2.0551535043741978e-01 0.0000000000000000e+00 1
1.1346135948075949e-01 4.6885678431528088e-01 0.0000000000000000e+00 1
-5.9914495108229049e-02 2.1803703889606819e-02 0.0000000000000000e+00 1
2.2521716661741203e-01 3.6859149311124917e-01 0.0000000000000000e+00 1
2.7220358907313935e-01 -1.9886999031065817e-03 0.0000000000000000e+00 1
-3.8867412082984643e-01 -1.4722381606117116e-01 0.0000000000000000e+00 1
-3.6186956840480500e-01 -2.1269552143378179e-01 0.0000000000000000e+00 1
3.6645155720103581e-03 -2.1724147483406289e-01 0.0000000000000000e+00 1
3.3267652470380810e-01 -1.0602812595618188e-01 0.0000000000000000e+00 1
1.5946454237879715e-01 3.7512955299927825e-01 0.0000000000000000e+00 1
-3.1856865590872390e-04 5.5584521086420331e-03 0.0000000000000000e+00 1
-1.6623384447672426e-01 -1.5358783293976011e-01 0.0000000000000000e+00 1
8.7223630789944273e-02 -7.3398506501521882e-02 0.0000000000000000e+00 1
-1.2684037791036140e-01 -5.1753840957576612e-03 0.0000000000000000e+00 1
1.2744717391622942e-01 2.4669012938669246e-01 0.0000000000000000e+00 1
2.0274326245321800e-01 4.9015320649364741e-01 0.0000000000000000e+00 1
6.4052817934525483e-02 -9.8735501283124763e-02 0.0000000000000000e+00 1
1.3024731696719821e-01 2.3326337966778857e-01 0.0000000000000000e+00 1
-8.3459833916884503e-03 -1.6908354666977093e-01 0.0000000000000000e+00 1
-1.7927770384102507e-01 -7.2595977261246572e-02 0.0000000000000000e+00 1
-1.8297344285559741e-01 -2.2377653130984946e-02 0.0000000000000000e+00 1
2.9487647127379599e-02 3.6627772594135177e-01 0.0000000000000000e+00 1
-4.3221941762956739e-01 -2.2028627162945214e-01 0.0000000000000000e+00 1
-2.1213928171408283e-01 1.2797064642279465e-01 0.0000000000000000e+00 1
2.0302398754574497e-01 1.9114376112998571e-01 0.0000000000000000e+00 1
-6.6451670128778506e-02 3.5516975406386736e-02 0.0000000000000000e+00 1
3.0515872507276082e-01 -3.0369289771609564e-01 0.0000000000000000e+00 1
1.0535876774519233e-01 1.0820048885489314e-01 0.0000000000000000e+00 1
3.3272141198493571e-01 1.7984505559162875e-01 0.0000000000000000e+00 1
-3.3085657849133510e-01 -1.9065850897731773e-01 0.0000000000000000e+00 1
-1.6718661022581925e-05 4.5332838140173221e-01 0.0000000000000000e+00 1
1.0230782004651112e-01 -1.2804244847830543e-01 0.0000000000000000e+00 1
2.6845296698758558e-01 8.2844071765375352e-02 0.0000000000000000e+00 1
-1.2953027685885343e-01 -1.7959680781485615e-01 0.0000000000000000e+00 1
-1.6408896573626114e-01 2.3335401043608350e-01 0.0000000000000000e+00 1
5.7216373290164053e-02 -2.0346253234099745e-01 0.0000000000000000e+00 1
-6.9694108492155432e-02 -1.9548274218339859e-01 0.0000000000000000e+00 1
1.2860628845947703e-01 -1.5465251396786223e-01 0.0000000000000000e+00 1
-4.2881239352927208e-01 -2.3444354408809628e-01 0.0000000000000000e+00 1
-2.8805583522035005e-01 -8.9695018453240044e-02 0.0000000000000000e+00 1
1.2957260312136920e-01 1.1468846247435308e-01 0.0000000000000000e+00 1
1.4859072876758317e-01 9.4171955206110627e-03 0.0000000000000000e+00 1
-4.1400932729342221e-01 -2.2511955604665085e-01 0.0000000000000000e+00 1
1.0222252616776342e-01 -4.6713222558220704e-02 0.0000000000000000e+00 1
-3.5244632437844614e-01 -1.2250396677737976e-01 0.0000000000000000e+00 1
2.7829023617810578e-01 9.1997653782904323e-02 0.0000000000000000e+00 1
1.4204235907841367e-01 1.1064637191253060e-01 0.0000000000000000e+00 1
-1.4644444989691213e-01 -1.1181753549810040e-02 0.0000000000000000e+00 1
-1.3478251110775874e-01 2.9816260520691035e-01 0.0000000000000000e+00 1
-2.1228921738498580e-01 -9.9367838287513027e-02 0.0000000000000000e+00 1
8.6770746925419716e-03 1.4476607963035439e-02 0.0000000000000000e+00 1
1.6600100915885885e-01 -8.7079586954248778e-02 0.0000000000000000e+00 1
-1.7368976635582178e-01 2.1082782188606919e-01 0.0000000000000000e+00 1
2.5191835058754020e-01 1.9173256087760437e-01 0.0000000000000000e+00 1
3.1322267681206239e-01 -2.9567038286142777e-01 0.0000000000000000e+00 1
-3.1849281861197687e-01 -9.3331741325007836e-02 0.0000000000000000e+00 1
-1.9022275366469760e-01 -1.6196364834122287e-01 0.0000000000000000e+00 1
-1.0939555294367831e-01 1.2103469986597792e-02 0.0000000000000000e+00 1
-1.2339082823801552e-01 1.8261166958598754e-01 0.0000000000000000e+00 1
2.8312273526870446e-01 8.7900680802611257e-03 0.0000000000000000e+00 1
-1.3999257477607924e-01 -1.8115583455798817e-01 0.0000000000000000e+00 1
-1.1826767427880139e-01 3.5193490272710732e-03 0.0000000000000000e+00 1
1.6332227165265406e-01 3.6369707382279148e-01 0.0000000000000000e+00 1
1.0528892362320765e-02 -1.6016932341684842e-01 0.0000000000000000e+00 1
-2.7731009346239417e-02 -2.1351937477886890e-01 0.0000000000000000e+00 1
-4.7050727699073029e-02 -2.0156197206595838e-01 0.0000000000000000e+00 1
2.3401133413240777e-01 -4.1128844941171971e-02 0.0000000000000000e+00 1
2.9522314991848891e-01 -9.6620845914810585e-02 0.0000000000000000e+00 1
2.8297266431716445e-01 -2.5462411057240364e-01 0.0000000000000000e+00 1
2.2837138239637672e-01 3.5612502080922470e-01 0.0000000000000000e+00 1
1.7952059238757570e-01 5.0413645157249309e-01 0.0000000000000000e+00 1
2.9478700656401413e-01 1.9486550346939857e-02 0.0000000000000000e+00 1
-6.2892360342716419e-02 -1.7182727887032848e-01 0.0000000000000000e+00 1
1.0863565922023223e-01 2.2782412602868995e-01 0.0000000000000000e+00 1
2.2081567011427816e-01 4.8845601429976904e-01 0.0000000000000000e+00 1
1.7698751564192022e-02 2.3479603849382254e-02 0.0000000000000000e+00 1
1.7068146639657245e-01 5.0687092498223474e-01 0.0000000000000000e+00 1
-6.5387188175747873e-02 -1.3761435463568109e-01 0.0000000000000000e+00 1
-3.5114165856212276e-01 -1.9984244477808330e-01 0.0000000000000000e+00 1
-4.2647140562934904e-01 -2.2943198306555881e-01 0.0000000000000000e+00 1
2.0228410866133535e-02 3.5612114763291325e-01 0.0000000000000000e+00 1
2.6563355171103276e-01 1.8756646908038940e-01 0.0000000000000000e+00 1
9.9092698368629176e-02 -7.6031500558412513e-02 0.0000000000000000e+00 1
1.1118830898056761e-01 2.1452258233256805e-01 0.0000000000000000e+00 1
-7.6378715564446933e-02 3.5574354908418881e-01 0.0000000000000000e+00 1
2.9884683341621920e-01 1.1134331992764768e-01 0.0000000000000000e+00 1
-1.2917619625220689e-01 7.3404172564552714e-02 0.0000000000000000e+00 1
1.3708579038189334e-01 -1.4573564475296799e-01 0.0000000000000000e+00 1
2.8045108722253520e-01 -3.0727142813337849e-01 0.0000000000000000e+00 1
-5.6293452172588625e-02 -1.1800882432357422e-01 0.0000000000000000e+00 1
-2.6069300281825730e-01 1.8520975070957686e-02 0.0000000000000000e+00 1
-3.7034543409070919e-01 -2.1641540487194422e-01 0.0000000000000000e+00 1
-1.9966819689068244e-01 1.3804808686252088e-03 0.0000000000000000e+00 1
-5.0563436490004929e-02 -2.2819223196681096e-01 0.0000000000000000e+00 1
1.5109167895065258e-02 3.5942053936562149e-02 0.0000000000000000e+00 1
3.1026922760473691e-01 1.2150728397305899e-01 0.0000000000000000e+00 1
-1.1878170628023324e-01 -1.4414860403422383e-01 0.0000000000000000e+00 1
-2.8054794893426693e-01 -6.3195554102397591e-02 0.0000000000000000e+00 1
2.9846772080547335e-01 3.0276200476732257e-01 0.0000000000000000e+00 1
-1.3721252482009783e-01 1.8687756617483367e-01 0.0000000000000000e+00 1
-1.6342570379372523e-01 -1.0184868900666352e-01 0.0000000000000000e+00 1
2.8080585324006774e-01 3.6615519503535071e-01 0.0000000000000000e+00 1
-2.3811334556831476e-01 -9.8341702064156281e-02 0.0000000000000000e+00 1
6.8811482842687177e-02 -2.1546265973225057e-01 0.0000000000000000e+00 1
-1.8651360420084201e-01 -1.4024027488814522e-01 0.0000000000000000e+00 1
2.6966731589596238e-01 1.7292274592387372e-01 0.0000000000000000e+00 1
3.6366960290879158e-02 4.1430199360149175e-02 0.0000000000000000e+00 1
-2.3835845833209707e-01 -4.1402626644590740e-02 0.0000000000000000e+00 1
-1.4562406759567881e-01 -1.7876627591107278e-01 0.0000000000000000e+00 1
-9.8204685021469479e-02 9.5202809161265296e-03 0.0000000000000000e+00 1
2.7652214918979084e-01 3.7822994835073803e-01 0.0000000000000000e+00 1
-1.0577099083253530e-01 -1.9881495508554842e-01 0.0000000000000000e+00 1
-1.9721940701603891e-01 -1.6107778676456391e-01 0.0000000000000000e+00 1
3.0816751919222984e-01 1.4735416832207898e-02 0.0000000000000000e+00 1
4.2850213241250878e-03 3.2491552097444215e-01 0.0000000000000000e+00 1
3.3072116170287491e-01 -1.7247229043896850e-01 0.0000000000000000e+00 1
1.1140605883503286e-01 -1.2010784315824502e-01 0.0000000000000000e+00 1
3.1281426980459867e-02 -8.2937578026951078e-02 0.0000000000000000e+00 1
-1.4138123268968683e-01 2.0032672992456008e-01 0.0000000000000000e+00 1
-4.3299346817161166e-01 -2.2785731499682674e-01 0.0000000000000000e+00 1
-1.6252820379644115e-01 -7.7309997700516039e-02 0.0000000000000000e+00 1
3.2215840869092005e-01 1.7037924676749486e-01 0.0000000000000000e+00 1
3.2697163547417751e-01 -2.8258227626299753e-01 0.0000000000000000e+00 1
2.8456230941740956e-01 3.5401634444831576e-01 0.0000000000000000e+00 1
1.1721866619835267e-01 5.0471690445343531e-01 0.0000000000000000e+00 1
1.0209388673921443e-01 2.0530848942923965e-01 0.0000000000000000e+00 1
8.4987402194100947e-02 5.0600958219127856e-01 0.0000000000000000e+00 1
4.5847457661780382e-02 5.0471950823854334e-02 0.0000000000000000e+00 1
-4.7070649231257516e-03 -2.3391141553236761e-01 0.0000000000000000e+00 1
2.3155585207178075e-01 3.4289850205087036e-01 0.0000000000000000e+00 1
2.3478904744923834e-01 3.3018343506434389e-01 0.0000000000000000e+00 1
-2.4829379774289478e-01 -4.0852223081904254e-02 0.0000000000000000e+00 1
-1.9302743112804668e-01 -1.4039831459547700e-01 0.0000000000000000e+00 1
1.0794068741937210e-01 -6.7424928149002486e-02 0.0000000000000000e+00 1
-1.6473683697672392e-01 -1.6718842575287690e-02 0.0000000000000000e+00 1
3.2179323351751665e-01 -2.9206329410561604e-01 0.0000000000000000e+00 1
3.1916576200184432e-01 -2.8781585167300755e-01 0.0000000000000000e+00 1
1.1216300867146979e-02 3.4671230108533019e-01 0.0000000000000000e+00 1
-5.7110828353563660e-02 -1.6682739365103449e-01 0.0000000000000000e+00 1
-1.8448534529184510e-01 1.7335923168367845e-01 0.0000000000000000e+00 1
1.5495644398686279e-01 -1.7717254371030423e-02 0.0000000000000000e+00 1
-5.5682407859611233e-02 -1.4653231867313671e-01 0.0000000000000000e+00 1
2.8186579494889097e-01 -2.3939367382634438e-01 0.0000000000000000e+00 1
-3.2482348776260406e-01 -7.1094931929478508e-02 0.0000000000000000e+00 1
2.8837130275438699e-01 3.4130768013570600e-01 0.0000000000000000e+00 1
8.6173564939236252e-02 3.2998108018753669e-01 0.0000000000000000e+00 1
-1.8467352821728988e-01 -1.6226221584913414e-01 0.0000000000000000e+00 1
1.1368318119847273e-01 -4.9912986444298452e-02 0.0000000000000000e+00 1
5.5587245811165129e-02 6.0104858577322944e-02 0.0000000000000000e+00 1
2.3910992853136587e-01 -2.2082219543332582e-01 0.0000000000000000e+00 1
2.7233659098840335e-01 3.8972417015085209e-01 0.0000000000000000e+00 1
-5.7670477527893386e-03 1.6268879492799115e-01 0.0000000000000000e+00 1
1.0558666426818328e-01 1.9206536144821543e-01 0.0000000000000000e+00 1
1.7445403792856629e-01 3.6062503551094777e-01 0.0000000000000000e+00 1
2.6313466297105237e-01 1.4885400313761987e-01 0.0000000000000000e+00 1
2.0272095728173051e-01 -2.9770796220979362e-01 0.0000000000000000e+00 1
3.8672082120235152e-02 -1.3830302858317434e-01 0.0000000000000000e+00 1
-3.9888153683747735e-02 -2.0257333362928931e-01 0.0000000000000000e+00 1
-1.5656477367374366e-01 2.0539313866266901e-01 0.0000000000000000e+00 1
2.6824986342492396e-01 4.0082627458843267e-01 0.0000000000000000e+00 1
-1.5539441407934476e-01 -1.4982475062135114e-01 0.0000000000000000e+00 1
-2.3549713876689096e-01 -1.6435518736346569e-01 0.0000000000000000e+00 1
-8.2692943425480045e-02 -2.0583301004530394e-01 0.0000000000000000e+00 1
-2.1534684702906223e-01 -9.2067216167891708e-02 0.0000000000000000e+00 1
1.0902481471081327e-01 1.7883694617046947e-01 0.0000000000000000e+00 1
-1.8978427640239404e-01 1.9107879986933329e-01 0.0000000000000000e+00 1
2.1938360085500694e-01 4.4399256128791081e-01 0.0000000000000000e+00 1
7.7863283588639545e-02 6.6939769763078485e-02 0.0000000000000000e+00 1
1.3168531525042548e-01 -1.1556094579114089e-01 0.0000000000000000e+00 1
-2.6153244661753994e-01 7.0808114299016650e-02 0.0000000000000000e+00 1
3.4252481766863324e-01 8.5627611419536953e-02 0.0000000000000000e+00 1
2.9038774116203736e-01 -2.9811063210890709e-01 0.0000000000000000e+00 1
7.2827975902360426e-02 4.4192308987109491e-01 0.0000000000000000e+00 1
2.7880122532843821e-01 1.4270529849047775e-01 0.0000000000000000e+00 1
1.1756874710667019e-01 1.5174710017647913e-01 0.0000000000000000e+00 1
2.1163844572363734e-02 -1.4188532018775762e-01 0.0000000000000000e+00 1
1.5157886498496503e-01 -4.3821051269851315e-03 0.0000000000000000e+00 1
5.6094856315957814e-02 4.6758146702213438e-01 0.0000000000000000e+00 1
-5.0116221507157735e-02 -1.6113467111367935e-01 0.0000000000000000e+00 1
2.2794470971025882e-01 4.4055399381336546e-01 0.0000000000000000e+00 1
-2.2221914554426547e-01 -7.9396276129858223e-02 0.0000000000000000e+00 1
1.0183953207835256e-01 3.1403185644738651e-01 0.0000000000000000e+00 1
-8.9406928684176469e-03 1.7609235795286876e-01 0.0000000000000000e+00 1
-1.9951085568656390e-01 -1.3865764155410407e-01 0.0000000000000000e+00 1
5.4440653178749576e-02 4.7701841475611428e-01 0.0000000000000000e+00 1
1.1296369333171613e-01 1.6544708853694567e-01 0.0000000000000000e+00 1
3.2650322296220768e-01 1.5370414166401536e-01 0.0000000000000000e+00 1
2.8228251856395348e-01 1.2867101919277352e-01 0.0000000000000000e+00 1
-9.0359992961016072e-02 3.5781735734998671e-01 0.0000000000000000e+00 1
2.1216874931952096e-01 3.7954455421408212e-02 0.0000000000000000e+00 1
-4.3668910605727956e-01 -2.2808664310173798e-01 0.0000000000000000e+00 1
1.5689243888239549e-01 1.8500763382052060e-02 0.0000000000000000e+00 1
3.2154939142741057e-01 -5.2411738962131041e-02 0.0000000000000000e+00 1
-1.1887583421266926e-01 2.9645809389420757e-01 0.0000000000000000e+00 1
1.2189604103651731e-01 -1.2277868191764227e-01 0.0000000000000000e+00 1
-1.2631399149023061e-02 1.8968492402486095e-01 0.0000000000000000e+00 1
1.1473710052602518e-02 -2.1964198304795415e-01 0.0000000000000000e+00 1
-1.0334093097947997e-01 -9.8913976057555392e-02 0.0000000000000000e+00 1
-8.7178996200450581e-02 -2.0218575035072037e-01 0.0000000000000000e+00 1
2.3129432663704097e-01 3.0766011450070396e-01 0.0000000000000000e+00 1
2.8822969330241832e-01 1.0182580186576881e-01 0.0000000000000000e+00 1
9.1398823193092144e-02 2.9892491695398060e-01 0.0000000000000000e+00 1
2.9242890231727109e-01 3.2853243288261968e-01 0.0000000000000000e+00 1
3.1622144105922328e-01 2.8419863144195945e-01 0.0000000000000000e+00 1
3.1531175771573267e-01 -2.5739629259800728e-01 0.0000000000000000e+00 1
-2.9597509450781451e-01 -3.2710954088643093e-02 0.0000000000000000e+00 1
2.2704888359096614e-01 3.2102706595391572e-01 0.0000000000000000e+00 1
4.8379701143348594e-02 -1.4115242970835717e-01 0.0000000000000000e+00 1
-2.6322120476269406e-01 -1.6094973808824017e-01 0.0000000000000000e+00 1
-1.7172956082845754e-02 3.1673404058295601e-01 0.0000000000000000e+00 1
1.5393911331367649e-01 3.2013052929417272e-02 0.0000000000000000e+00 1
9.8919780064593218e-03 -1.5224804170753131e-01 0.0000000000000000e+00 1
8.7039416005769546e-02 7.6125728657822467e-02 0.0000000000000000e+00 1
1.7773512037388087e-01 3.4838377513148117e-01 0.0000000000000000e+00 1
-3.5880649127063990e-01 -1.3305797780253048e-01 0.0000000000000000e+00 1
-2.4612223478057998e-02 -1.1533516397926077e-01 0.0000000000000000e+00 1
-8.9650043967406515e-02 1.7950839553725902e-02 0.0000000000000000e+00 1
-2.8535431979178472e-01 -1.8599592311576804e-01 0.0000000000000000e+00 1
6.1052176083271611e-02 -1.5375435260836723e-01 0.0000000000000000e+00 1
6.6082030142257581e-02 4.6402035449844725e-01 0.0000000000000000e+00 1
1.1733614620808593e-01 1.0494812869065830e-01 0.0000000000000000e+00 1
-3.2202456550602200e-02 -2.3599734485332935e-01 0.0000000000000000e+00 1
6.9450967692285190e-02 4.5295446906794434e-01 0.0000000000000000e+00 1
3.2744216048905206e-01 -2.2220007927659730e-01 0.0000000000000000e+00 1
4.9537305672810325e-02 -8.4977053691920004e-02 0.0000000000000000e+00 1
8.5239644711490758e-02 2.7700759820179044e-01 0.0000000000000000e+00 1
7.9161573430246504e-02 -2.1791663317505450e-01 0.0000000000000000e+00 1
1.3733709838341383e-02 3.3448081986504130e-01 0.0000000000000000e+00 1
-1.6287174117267895e-02 2.0366294363960674e-01 0.0000000000000000e+00 1
1.4785517452453883e-01 1.6902356623233075e-01 0.0000000000000000e+00 1
-1.2850748375571974e-01 -1.8697099193847244e-01 0.0000000000000000e+00 1
-1.0936586385896691e-01 -8.0196785431917328e-02 0.0000000000000000e+00 1
2.9719315023715476e-01 -2.4121575642017687e-01 0.0000000000000000e+00 1
3.2406249892507116e-01 -2.7709634248730952e-01 0.0000000000000000e+00 1
-1.7021309554700340e-02 -2.1007708494165567e-01 0.0000000000000000e+00 1
-2.4360838221677932e-02 -2.0768275529064065e-01 0.0000000000000000e+00 1
1.8680475343224970e-01 3.0813670588616016e-01 0.0000000000000000e+00 1
-1.5121332587210307e-01 -1.4487822184858196e-01 0.0000000000000000e+00 1
1.9109220536350024e-01 1.1059505780661097e-01 0.0000000000000000e+00 1
2.4433949668080054e-01 3.0382555193534033e-01 0.0000000000000000e+00 1
2.8541478209094873e-01 1.1547433282293258e-01 0.0000000000000000e+00 1
2.9599605361051817e-01 3.1555590435865000e-01 0.0000000000000000e+00 1
-4.8845453817516774e-02 -1.1182592165067586e-01 0.0000000000000000e+00 1
2.0750396919265740e-01 2.6457563579883847e-01 0.0000000000000000e+00 1
2.3768670919216217e-01 4.3828060983964900e-01 0.0000000000000000e+00 1
8.4602102668588142e-02 8.8675110910686333e-02 0.0000000000000000e+00 1
9.3828993222366791e-02 9.7856968508845107e-02 0.0000000000000000e+00 1
3.3373567070202614e-01 -1.1933693947157561e-01 0.0000000000000000e+00 1
5.1514589683764891e-02 -1.5042897782094650e-01 0.0000000000000000e+00 1
1.1463163868259103e-01 -5.9577332994223187e-02 0.0000000000000000e+00 1
-1.4645424944868479e-01 -1.7360982243072787e-01 0.0000000000000000e+00 1
1.9733220951231734e-01 2.5392519125900603e-01 0.0000000000000000e+00 1
1.4949732319926676e-01 -1.0204740131001552e-01 0.0000000000000000e+00 1
5.6170186421559826e-02 4.9330529105886667e-01 0.0000000000000000e+00 1
-3.1663288699675746e-02 -5.0495734261798993e-02 0.0000000000000000e+00 1
-5.6303817906938433e-02 -1.3948168958424240e-01 0.0000000000000000e+00 1
-3.7033414353293999e-02 -2.2919205060259529e-01 0.0000000000000000e+00 1
3.3852261480406826e-01 1.2991059206217903e-01 0.0000000000000000e+00 1
1.9057384330381402e-01 5.0160748981486636e-01 0.0000000000000000e+00 1
-2.0280187615907552e-01 -1.5277184300945562e-01 0.0000000000000000e+00 1
3.0047387188537378e-01 2.9058260117385359e-01 0.0000000000000000e+00 1
1.6177982683822117e-01 1.6569417115726265e-01 0.0000000000000000e+00 1
3.2904657920178748e-01 -1.9997599613697117e-01 0.0000000000000000e+00 1
-2.2783654034961467e-01 1.2978616576326280e-01 0.0000000000000000e+00 1
-7.8519290229413369e-03 3.2692783594512759e-01 0.0000000000000000e+00 1
1.8110411023963957e-01 3.3611620278075238e-01 0.0000000000000000e+00 1
2.1214469521568333e-01 1.0862600499591374e-01 0.0000000000000000e+00 1
2.6408790626705780e-01 4.1210423915069355e-01 0.0000000000000000e+00 1
-2.8201493503836630e-02 2.9398093250626101e-01 0.0000000000000000e+00 1
1.8245676105273917e-02 -2.2210060945817500e-01 0.0000000000000000e+00 1
-1.0620455625497660e-01 -8.9712130978610222e-02 0.0000000000000000e+00 1
-2.5427212341916516e-01 -1.3881302193971015e-01 0.0000000000000000e+00 1
3.1882259077331015e-01 2.7058854567217350e-01 0.0000000000000000e+00 1
1.3844031864311168e-01 -2.8078890680037211e-01 0.0000000000000000e+00 1
-1.7304240072678778e-01 -1.5284479312798660e-01 0.0000000000000000e+00 1
1.0204854620318565e-01 5.0146971071055313e-01 0.0000000000000000e+00 1
-1.6212895990502299e-01 -1.4895701108855941e-01 0.0000000000000000e+00 1
8.2602397920802817e-02 4.3816616901044714e-01 0.0000000000000000e+00 1
2.2003839849366053e-01 1.1899865350152727e-01 0.0000000000000000e+00 1
-2.8037642060127249e-01 -1.6732194485029012e-01 0.0000000000000000e+00 1
-8.1579840138223725e-02 2.5534056856971125e-02 0.0000000000000000e+00 1
-1.9348646438093633e-01 1.6610738368200481e-01 0.0000000000000000e+00 1
-1.7565795534829060e-01 1.5368153994669540e-02 0.0000000000000000e+00 1
-3.9807675572935769e-02 2.9837545934995607e-01 0.0000000000000000e+00 1
-7.2214527823863339e-02 -2.1134295152592486e-01 0.0000000000000000e+00 1
1.3235041923987909e-01 5.1770892459700968e-01 0.0000000000000000e+00 1
2.0760742985604577e-01 1.7856423427153373e-01 0.0000000000000000e+00 1
8.8219519460920603e-02 -2.1141119794436442e-01 0.0000000000000000e+00 1
1.8424174392393372e-01 3.2462983520799815e-01 0.0000000000000000e+00 1
2.9920896392328783e-01 -2.2437794880771117e-01 0.0000000000000000e+00 1
6.4017295314568540e-02 -1.6258456179441594e-01 0.0000000000000000e+00 1
8.5215988019966327e-02 4.2557653179335031e-01 0.0000000000000000e+00 1
-3.0279877915744519e-01 -1.8382983347228488e-01 0.0000000000000000e+00 1
-2.3154042909436193e-01 -8.7818521120763604e-02 0.0000000000000000e+00 1
1.9471147995990836e-02 4.5746462825690803e-01 0.0000000000000000e+00 1
-1.3115921079497758e-01 2.6106174712786157e-01 0.0000000000000000e+00 1
-9.5571589000974136e-02 3.3387432416311535e-01 0.0000000000000000e+00 1
-2.7011005603620097e-01 -1.7509549146575022e-02 0.0000000000000000e+00 1
9.5977205609648897e-02 2.9092481009458038e-01 0.0000000000000000e+00 1
1.5059626272063226e-01 4.4628060656135546e-02 0.0000000000000000e+00 1
1.8617961855592632e-01 2.8753864829844233e-01 0.0000000000000000e+00 1
2.5789119485804357e-01 3.0117343680257991e-01 0.0000000000000000e+00 1
-2.7129810314012093e-01 -3.7136812839271664e-02 0.0000000000000000e+00 1
3.1592269172065657e-01 -9.3037760835945199e-02 0.0000000000000000e+00 1
1.6353406586093575e-01 5.0891870640547177e-01 0.0000000000000000e+00 1
2.4438368445326553e-01 4.4516277272657107e-01 0.0000000000000000e+00 1
1.8545467525461182e-01 1.7157348893183003e-01 0.0000000000000000e+00 1
-1.4721274761023598e-01 -1.4081405025683522e-01 0.0000000000000000e+00 1
-1.0298702858817091e-01 -7.2082974707755973e-02 0.0000000000000000e+00 1
2.2553887794701417e-03 -2.3590432212352982e-01 0.0000000000000000e+00 1
2.1359157301654050e-01 -2.0095802955800704e-01 0.0000000000000000e+00 1
1.0103280148344012e-02 4.4965091822338366e-01 0.0000000000000000e+00 1
2.1605459855903247e-01 4.7953323852043261e-02 0.0000000000000000e+00 1
1.0809959895564669e-01 -2.2908309846768043e-01 0.0000000000000000e+00 1
-1.7187156863590164e-01 5.6454276271297151e-03 0.0000000000000000e+00 1
-1.3419366309925431e-02 3.0619492809514504e-01 0.0000000000000000e+00 1
-6.3562944383775230e-02 -1.9650104274263652e-01 0.0000000000000000e+00 1
3.0790379863275175e-01 -2.1645462784255914e-01 0.0000000000000000e+00 1
3.1839304897002219e-01 1.0404362358607006e-02 0.0000000000000000e+00 1
9.8323666176416080e-02 -2.1456268855394206e-01 0.0000000000000000e+00 1
1.8657451325806795e-01 -8.4780419602736357e-02 0.0000000000000000e+00 1
-2.6291361125706608e-01 -1.1623884267958522e-01 0.0000000000000000e+00 1
3.3131861439105120e-01 7.6319819348163120e-02 0.0000000000000000e+00 1
-1.6835706713951171e-01 -5.6246305433159680e-03 0.0000000000000000e+00 1
-7.8162841462624151e-03 4.3457039994781321e-01 0.0000000000000000e+00 1
-6.1672942770229187e-02 -2.1720085467590480e-01 0.0000000000000000e+00 1
1.0499007783871668e-01 -2.6339118180354665e-01 0.0000000000000000e+00 1
2.2785773636873818e-01 -1.0314178934157157e-01 0.0000000000000000e+00 1
-9.1812228752683120e-03 4.4542893466351785e-01 0.0000000000000000e+00 1
-1.8065845045129722e-01 -1.5802213139921784e-01 0.0000000000000000e+00 1
2.8666575947171612e-02 4.6514527178396337e-01 0.0000000000000000e+00 1
-2.5595452106253913e-01 5.9770935642585468e-02 0.0000000000000000e+00 1
2.8682859575573605e-01 -3.0815351828993132e-01 0.0000000000000000e+00 1
-2.9078368484970352e-01 -8.0164538027743065e-02 0.0000000000000000e+00 1
-2.5718259262661192e-01 -1.3075713448315329e-01 0.0000000000000000e+00 1
7.3843114970408810e-02 -1.6545887671811038e-01 0.0000000000000000e+00 1
2.3600403834535344e-01 4.7531427200091236e-01 0.0000000000000000e+00 1
-2.3859417298907677e-02 -4.4119878161081094e-02 0.0000000000000000e+00 1
-4.1467327465245986e-02 -1.1455904440812137e-01 0.0000000000000000e+00 1
-1.8276829942744915e-01 7.6009419622815981e-03 0.0000000000000000e+00 1
-5.3507379505926211e-02 3.0244834073503279e-01 0.0000000000000000e+00 1
1.4732909166863978e-01 5.7906361688939291e-02 0.0000000000000000e+00 1
3.1559597785481025e-01 -2.9933821990602127e-01 0.0000000000000000e+00 1
-1.6873961230047127e-02 4.2607704138030372e-01 0.0000000000000000e+00 1
3.2249689724939951e-01 -2.6356385087085499e-01 0.0000000000000000e+00 1
2.7807544346671692e-01 3.0918720093541646e-01 0.0000000000000000e+00 1
-2.1680230995986333e-02 -8.9560854596016828e-02 0.0000000000000000e+00 1
-1.7166763606901686e-01 2.2391217351861414e-01 0.0000000000000000e+00 1
-4.3528364613262999e-01 -2.3440602607907640e-01 0.0000000000000000e+00 1
1.5293969235572627e-01 -2.8570090236280238e-01 0.0000000000000000e+00 1
2.5954238532688667e-01 4.2231365650331620e-01 0.0000000000000000e+00 1
3.3563049163429431e-01 -3.8849115487600702e-04 0.0000000000000000e+00 1
3.1604178136139249e-01 -2.0911571000176044e-01 0.0000000000000000e+00 1
1.9808906796985376e-01 2.8430953962686589e-01 0.0000000000000000e+00 1
-1.1460613194050787e-01 3.0709456358855786e-01 0.0000000000000000e+00 1
-1.6740443433636260e-01 2.4199108269298907e-02 0.0000000000000000e+00 1
1.1197738059836498e-01 -2.4966784195747221e-01 0.0000000000000000e+00 1
3.3821778588590695e-01 1.5098498444315700e-01 0.0000000000000000e+00 1
3.2056616327069165e-01 -7.1548295373505336e-02 0.0000000000000000e+00 1
-1.2371764404758170e-01 -1.6679710050161625e-01 0.0000000000000000e+00 1
2.6999771279697601e-02 2.1076666553185699e-01 0.0000000000000000e+00 1
-7.0775717658459428e-02 -1.4290729501526958e-01 0.0000000000000000e+00 1
-3.2635747796283816e-02 -9.7723813749672525e-02 0.0000000000000000e+00 1
1.9423081127813840e-01 4.2869592039075394e-02 0.0000000000000000e+00 1
-1.0544788047952686e-01 -6.3713230934149850e-02 0.0000000000000000e+00 1
2.3715614214863706e-01 -9.4542456369989591e-02 0.0000000000000000e+00 1
-1.2929231664558596e-01 -1.3604812003179947e-01 0.0000000000000000e+00 1
-1.2177663329243760e-01 -1.3708253517582022e-01 0.0000000000000000e+00 1
3.2517982117826272e-01 -2.4579981955859981e-01 0.0000000000000000e+00 1
8.9253990345770820e-02 2.6773231611461934e-01 0.0000000000000000e+00 1
-1.1142614292042291e-01 -1.9702955181273302e-01 0.0000000000000000e+00 1
3.3100408554483146e-01 -1.8353897114371753e-01 0.0000000000000000e+00 1
-3.6477156439860459e-01 -1.4297381032595466e-01 0.0000000000000000e+00 1
-1.9469288350071112e-01 9.8413577806364307e-03 0.0000000000000000e+00 1
2.9608568979399630e-01 -3.0001300845502460e-01 0.0000000000000000e+00 1
7.6208872903057168e-02 4.1867579241600361e-01 0.0000000000000000e+00 1
-1.6495295545151906e-01 -6.9542146268087815e-02 0.0000000000000000e+00 1
1.3813624484347449e-02 2.1382054161707459e-01 0.0000000000000000e+00 1
1.4147809199469860e-01 8.8070102987584109e-02 0.0000000000000000e+00 1
1.1018953740129522e-01 -2.3941062055215279e-01 0.0000000000000000e+00 1
-1.3713621602832554e-01 -1.3448227943882912e-01 0.0000000000000000e+00 1
2.1155501480912392e-01 -1.0185810602253288e-01 0.0000000000000000e+00 1
2.0483061350009779e-01 -2.9076645240509769e-01 0.0000000000000000e+00 1
8.0065501664897523e-02 2.5832225472867981e-01 0.0000000000000000e+00 1
1.7933070110276508e-01 3.0421679214405317e-01 0.0000000000000000e+00 1
-4.4156427598826133e-02 -1.7176786415282197e-01 0.0000000000000000e+00 1
1.7033084082983260e-01 -7.8869908813988129e-02 0.0000000000000000e+00 1
1.9991435688510376e-01 -9.8756103692050790e-02 0.0000000000000000e+00 1
2.2814362378666736e-01 4.5520138305034458e-02 0.0000000000000000e+00 1
1.1950947892824830e-03 2.1748693180339873e-01 0.0000000000000000e+00 1
1.4398657033506621e-01 7.0116316502739806e-02 0.0000000000000000e+00 1
2.8918341514375184e-01 3.0807320770388169e-01 0.0000000000000000e+00 1
-2.6314221592528400e-02 4.1625781841667053e-01 0.0000000000000000e+00 1
3.1568116662866308e-01 -2.9146658277229665e-01 0.0000000000000000e+00 1
-3.0941390469741581e-01 -1.7417323057508489e-02 0.0000000000000000e+00 1
-2.5764602005153171e-02 -2.7918058623297323e-02 0.0000000000000000e+00 1
1.8122288268227360e-01 -2.8350104138571752e-01 0.0000000000000000e+00 1
-2.2510356818680868e-01 -1.5636122225148869e-01 0.0000000000000000e+00 1
3.4816368669997419e-02 -7.6126463312607515e-02 0.0000000000000000e+00 1
1.0398621809235409e-01 4.9192923216524065e-01 0.0000000000000000e+00 1
1.8833217435855748e-01 -9.4765450733812095e-02 0.0000000000000000e+00 1
-5.0849858545142596e-02 -1.6959202208035215e-01 0.0000000000000000e+00 1
3.0880212121356099e-01 2.5173625028142721e-01 0.0000000000000000e+00 1
7.0922766140974897e-02 2.4878067598156736e-01 0.0000000000000000e+00 1
1.9957538947017106e-01 4.9682194849445610e-01 0.0000000000000000e+00 1
3.2649845621186047e-01 1.1974743769575963e-01 0.0000000000000000e+00 1
2.1202180281771946e-01 1.6538252781269963e-01 0.0000000000000000e+00 1
-3.9904078945360077e-01 -1.6188882268716551e-01 0.0000000000000000e+00 1
-8.3784998722793325e-02 -1.9732680778797329e-01 0.0000000000000000e+00 1
-1.5855298191816605e-01 3.2847465569036179e-02 0.0000000000000000e+00 1
-3.6057945811093089e-02 -1.7343630543945959e-01 0.0000000000000000e+00 1
2.1961931990407721e-01 1.3794071212447381e-01 0.0000000000000000e+00 1
2.1587754000930395e-01 1.5155818449526398e-01 0.0000000000000000e+00 1
2.1593982903731818e-01 4.9518142787681385e-01 0.0000000000000000e+00 1
1.8875820110426994e-01 -2.9503127207006086e-01 0.0000000000000000e+00 1
-2.6215106764114399e-01 -2.7426910245332181e-03 0.0000000000000000e+00 1
3.9151589272600953e-03 -2.4265731933325158e-01 0.0000000000000000e+00 1
-9.3416560229698589e-02 -1.9984022556000161e-01 0.0000000000000000e+00 1
-1.0360530655627884e-01 3.2424999392407633e-01 0.0000000000000000e+00 1
1.0972512719331787e-01 5.0621287693062667e-01 0.0000000000000000e+00 1
-3.7596676572813892e-01 -2.1244414306570761e-01 0.0000000000000000e+00 1
-3.5100199548729588e-02 4.0848385525819325e-01 0.0000000000000000e+00 1
-3.3204421216106078e-01 -1.8148469729340244e-01 0.0000000000000000e+00 1
8.6104017617269851e-02 3.2089786208518789e-01 0.0000000000000000e+00 1
-4.0672173917373539e-01 -2.2406586214826826e-01 0.0000000000000000e+00 1
8.3400785431671162e-02 -1.6865391295708665e-01 0.0000000000000000e+00 1
-1.9922627365180035e-01 -1.4945869654611868e-01 0.0000000000000000e+00 1
-1.3982104069327983e-01 -8.3160848225897643e-02 0.0000000000000000e+00 1
1.0661774601253282e-01 4.8259456072825346e-01 0.0000000000000000e+00 1
-2.2757614222290740e-01 -1.6335677346621519e-01 0.0000000000000000e+00 1
-1.7492713996687597e-02 -2.1271176679724026e-02 0.0000000000000000e+00 1
-7.7940262795487436e-02 -1.4201631753771943e-01 0.0000000000000000e+00 1
3.7068218409718960e-02 4.7192052939584705e-01 0.0000000000000000e+00 1
1.4991094518280662e-01 9.3606877532822569e-02 0.0000000000000000e+00 1
1.3181286919559954e-01 -6.2388861685849707e-02 0.0000000000000000e+00 1
3.2788491994396080e-01 -2.3240765693721574e-01 0.0000000000000000e+00 1
-6.4688673535269678e-02 3.2084963711609060e-01 0.0000000000000000e+00 1
3.3393452269729190e-01 6.1725487815913936e-02 0.0000000000000000e+00 1
-1.2577040680889590e-01 -1.7716932073011610e-01 0.0000000000000000e+00 1
3.2322741048538656e-01 -1.2625382977536426e-01 0.0000000000000000e+00 1
-3.3710094236519259e-02 -2.0370697072362209e-01 0.0000000000000000e+00 1
2.1151762989073103e-01 -1.8560030463685095e-01 0.0000000000000000e+00 1
1.1427913771519792e-01 -2.2420815041372133e-01 0.0000000000000000e+00 1
-4.1750380677981702e-01 -2.2890681383652092e-01 0.0000000000000000e+00 1
-3.9259432949320550e-01 -2.1864500980239290e-01 0.0000000000000000e+00 1
-1.8907989652361207e-01 1.4658196078527028e-01 0.0000000000000000e+00 1
2.0060056048611868e-01 -2.7270506705861852e-01 0.0000000000000000e+00 1
2.4517506014342791e-01 -2.0337213671681001e-01 0.0000000000000000e+00 1
-8.2041648300788431e-02 3.1072779673544310e-01 0.0000000000000000e+00 1
-2.8694698965157035e-02 -1.7515567401627968e-01 0.0000000000000000e+00 1
-3.2173638787371200e-01 -1.9113945130456750e-01 0.0000000000000000e+00 1
2.9531760822447695e-01 -2.8786062148735181e-01 0.0000000000000000e+00 1
-3.7007571828581337e-01 -1.5228537915944962e-01 0.0000000000000000e+00 1
1.9717110155266804e-01 7.8511375748594708e-02 0.0000000000000000e+00 1
-1.5696931631584937e-01 -1.7572321269793947e-01 0.0000000000000000e+00 1
-8.2665683440064225e-02 -1.3191395196673464e-01 0.0000000000000000e+00 1
2.1418972108817014e-01 -2.9205243985167456e-01 0.0000000000000000e+00 1
6.9853126519055911e-02 3.3410207823267907e-01 0.0000000000000000e+00 1
2.3307461154114240e-01 -2.9706456401564452e-01 0.0000000000000000e+00 1

Edges
253
1 2 1
2 3 1
3 4 1
4 5 1
5 6 1
6 7 1
7 8 1
8 9 1
9 10 1
10 11 1
11 12 1
12 13 1
13 14 1
14 15 1
15 16 1
16 17 1
17 18 1
18 19 1
19 20 1
20 21 1
21 22 1
22 23 1
23 24 1
24 25 1
25 26 1
26 27 1
27 28 1
28 29 1
29 30 1
30 31 1
31 32 1
32 33 1
33 34 1
34 35 1
35 36 1
36 37 1
37 38 1
38 39 1
39 40 1
40 41 1
41 42 1
42 43 1
43 44 1
44 45 1
45 46 1
46 47 1
47 48 1
48 49 1
49 50 1
50 51 1
51 52 1
52 53 1
53 54 1
54 55 1
55 56 1
56 57 1
57 58 1
58 59 1
59 60 1
60 61 1
61 62 1
62 63 1
63 64 1
64 65 1
65 66 1
66 67 1
67 68 1
68 69 1
69 70 1
70 71 1
71 72 1
72 73 1
73 74 1
74 75 1
75 76 1
76 77 1
77 78 1
78 79 1
79 80 1
80 81 1
81 82 1
82 83 1
83 84 1
84 85 1
85 86 1
86 87 1
87 88 1
88 89 1
89 90 1
90 91 1
91 92 1
92 93 1
93 94 1
94 95 1
95 96 1
96 97 1
97 98 1
98 99 1
99 100 1
100 101 1
101 102 1
102 103 1
103 104 1
104 105 1
105 106 1
106 107 1
107 108 1
108 109 1
109 110 1
110 111 1
111 112 1
112 113 1
113 114 1
114 115 1
115 116 1
116 117 1
117 118 1
118 119 1
119 120 1
120 121 1
121 122 1
122 123 1
123 124 1
124 125 1
125 126 1
126 127 1
127 128 1
128 129 1
129 130 1
130 131 1
131 132 1
132 133 1
133 134 1
134 135 1
135 136 1
136 137 1
137 138 1
138 139 1
139 140 1
140 141 1
141 142 1
142 143 1
143 144 1
144 145 1
145 146 1
146 147 1
147 148 1
148 149 1
149 150 1
150 151 1
151 152 1
152 153 1
153 154 1
154 155 1
155 156 1
156 157 1
157 158 1
158 159 1
159 160 1
160 161 1
161 162 1
162 163 1
163 164 1
164 165 1
165 166 1
166 167 1
167 168 1
168 169 1
169 170 1
170 171 1
171 172 1
172 173 1
173 174 1
174 175 1
175 176 1
176 177 1
177 178 1
178 179 1
179 180 1
180 181 1
181 182 1
182 183 1
183 184 1
184 185 1
185 186 1
186 187 1
187 188 1
188 189 1
189 190 1
190 191 1
191 192 1
192 193 1
193 194 1
194 195 1
195 196 1
196 197 1
197 198 1
198 199 1
199 200 1
200 201 1
201 202 1
202 203 1
203 204 1
204 205 1
205 206 1
206 207 1
207 208 1
208 209 1
209 210 1
210 211 1
211 212 1
212 213 1
213 214 1
214 215 1
215 216 1
216 217 1
217 218 1
218 219 1
219 220 1
220 221 1
221 222 1
222 223 1
223 224 1
224 225 1
225 226 1
226 227 1
227 228 1
228 229 1
229 230 1
230 231 1
231 232 1
232 233 1
233 234 1
234 235 1
235 236 1
236 237 1
237 238 1
238 239 1
239 240 1
240 241 1
241 242 1
242 243 1
243 244 1
244 245 1
245 246 1
246 247 1
247 248 1
248 249 1
249 250 1
250 251 1
251 252 1
252 253 1
253 1 1

Triangles
7225
2215 1111 2219 1
1111 2215 2250 1
857 2833 3139 1
2101 629 2695 1
1145 2314 2700 1
1145 2700 2851 1
2110 1908 2455 1
629 2101 2886 1
2951 2057 3178 1
4 5 2210 1
335 2595 3005 1
322 2350 2351 1
2595 335 2918 1
2535 348 2842 1
1858 2122 2137 1
771 2126 3135 1
3334 2107 3440 1
1936 2515 2926 1
2674 2702 2819 1
1811 1810 2276 1
2199 2370 3649 1
2215 2002 2250 1
2253 1179 3628 1
322 2351 2371 1
1908 2110 3028 1
74 75 3166 1
2209 74 3166 1
1942 2315 2579 1
2126 771 2991 1
348 2535 3557 1
2122 1052 2137 1
2360 345 3152 1
2515 1936 2516 1
819 2111 2245 1
95 96 2591 1
2268 838 2269 1
1601 2517 2990 1
2138 2193 3616 1
2193 2138 3603 1
2634 2918 3555 1
2702 1576 2819 1
2189 1820 3028 1
1657 2193 3603 1
2276 1810 2277 1
641 647 2303 1
2255 599 3082 1
1179 2253 2769 1
326 3215 3361 1
2193 1657 2200 1
2219 1111 2311 1
3145 2098 3160 1
1396 2716 3003 1
2214 2443 3603 1
2351 2353 2371 1
2918 335 3555 1
190 191 2718 1
1955 2513 2845 1
2382 2380 3217 1
1972 3334 3440 1
1677 2756 2907 1
2475 2474 3063 1
345 2360 3094 1
2394 1375 2396 1
2252 2255 3082 1
2363 1786 2553 1
2380 344 3217 1
1576 2127 2819 1
2370 1273 3649 1
2111 819 2401 1
2977 2105 3000 1
2122 1858 3170 1
1910 2306 3199 1
1704 2323 2614 1
2127 1576 2949 1
2438 2447 2470 1
353 114 2941 1
2833 2173 3139 1
3170 1654 3384 1
1657 394 2200 1
150 151 2894 1
2474 1217 3063 1
168 169 2843 1
1083 1085 2561 1
1166 2509 3126 1
1893 2127 2949 1
320 3145 3160 1
2143 277 2577 1
2513 1955 3425 1
281 95 2591 1
1510 1511 2374 1
2323 1704 2325 1
2631 2630 3506 1
1893 2949 3021 1
2353 261 2371 1
276 2617 2635 1
2137 1052 2214 1
2562 2270 3224 1
1999 2087 3231 1
1968 2222 3195 1
2350 322 2354 1
2765 798 3635 1
2402 1803 2950 1
1862 2977 3000 1
288 2152 2233 1
266 2595 3111 1
643 2228 3117 1
2595 266 3005 1
2128 1006 2554 1
2290 2291 2415 1
1375 2394 2399 1
800 798 2765 1
2076 2991 3150 1
276 2635 3631 1
1006 2128 2555 1
2192 317 3404 1
62 63 2627 1
2628 944 2872 1
909 2117 2951 1
1811 2276 2283 1
652 658 2198 1
2117 3114 3136 1
2248 1649 2826 1
2630 1829 3506 1
277 2143 2579 1
1176 2264 2266 1
2098 340 3227 1
909 2951 3178 1
2647 3058 3545 1
3058 1647 3545 1
1522 2866 3556 1
2249 2248 2826 1
1630 1649 2871 1
2716 1933 3003 1
2941 2032 3515 1
2222 1236 3195 1
1649 1629 3058 1
2117 909 3114 1
2134 2617 2937 1
1401 2186 2565 1
1653 2445 2447 1
2414 2416 2418 1
1882 3117 3460 1
1253 2290 2415 1
392 2289 3098 1
2195 669 2197 1
1590 2565 3181 1
2668 2555 3657 1
2443 1657 3603 1
2254 2257 3497 1
2716 1396 3589 1
2185 2117 3136 1
1936 2355 2516 1
2358 310 2360 1
181 182 3183 1
2509 2508 3126 1
1239 1603 3543 1
114 115 2941 1
2178 2628 2872 1
1285 1522 3556 1
2617 276 2937 1
1908 2298 2455 1
2445 1653 2446 1
2562 3224 3431 1
350 2550 3586 1
2756 2755 2907 1
3118 1421 3170 1
2214 1052 2443 1
2355 770 2516 1
313 2430 3288 1
2753 1158 2985 1
2315 347 2579 1
1400 1401 2565 1
3215 359 3361 1
838 2268 2366 1
2298 1487 2455 1
257 2356 3101 1
2270 2665 3224 1
2574 2475 3063 1
2550 350 3183 1
2236 991 2305 1
2349 262 3205 1
2360 310 3094 1
2306 1110 3199 1
2752 2753 2985 1
2308 1429 2884 1
2795 2020 2925 1
2289 1954 3098 1
2458 1590 3181 1
2306 1910 3413 1
2991 771 3150 1
2837 3173 3588 1
475 2278 2451 1
1646 2204 2205 1
340 2098 3145 1
2152 288 3336 1
2727 2109 3334 1
1853 2148 2560 1
2140 1852 2419 1
2160 3191 3234 1
2859 2801 3301 1
1649 2248 2871 1
2427 1941 3077 1
2665 2270 3232 1
1420 2120 3307 1
2147 2757 3287 1
3177 2563 3368 1
2100 2668 3657 1
641 2303 3737 1
312 190 2718 1
1254 2533 3348 1
2601 2600 3429 1
2036 2349 3205 1
3173 2124 3588 1
2120 3284 3307 1
2773 3266 3314 1
2536 2644 3704 1
338 4 2210 1
2419 1852 3678 1
3191 1093 3234 1
2257 2691 3497 1
2728 2727 3334 1
1228 1375 2399 1
1875 2234 3050 1
2110 2189 3028 1
2833 863 3079 1
3284 2524 3307 1
2185 864 3151 1
2597 293 3499 1
2324 2328 3039 1
2414 2415 2416 1
2392 296 2778 1
338 2211 3472 1
2234 846 3050 1
3266 1995 3314 1
307 2965 3281 1
2305 1110 2306 1
2536 1279 2644 1
2946 3152 3163 1
1603 3040 3543 1
1837 3122 3457 1
2286 2147 3287 1
1796 2187 3739 1
3117 2228 3460 1
2447 2438 3372 1
1941 2427 3148 1
2120 1420 3562 1
3271 1900 3273 1
672 674 2410 1
2199 2198 2370 1
2769 2219 3256 1
2345 1163 3057 1
2228 643 3423 1
261 2353 2372 1
1654 2016 3384 1
151 268 2894 1
2297 1913 3189 1
2148 1853 3728 1
1179 2769 3256 1
2533 2402 3348 1
3167 1363 3510 1
1226 1228 2399 1
2952 2736 3640 1
2683 2682 3132 1
1902 2236 2305 1
362 340 3023 1
2258 2259 2453 1
1297 1276 2497 1
2236 3086 3270 1
1826 1824 2739 1
2143 1942 2579 1
3525 2059 3533 1
1050 2357 2401 1
320 2146 3689 1
863 2775 3079 1
2797 3158 3216 1
2517 2355 2990 1
2032 2941 3626 1
991 1110 2305 1
100 101 3163 1
2497 1276 3709 1
647 669 2303 1
2187 1796 2410 1
2146 320 3160 1
1786 2363 2946 1
1693 2361 2363 1
2598 2597 3499 1
2192 3404 3515 1
902 780 2309 1
43 44 2354 1
3268 3352 3540 1
2097 2301 2302 1
3169 1314 3247 1
2235 2775 2890 1
2269 838 2271 1
2136 1787 3167 1
2775 863 2890 1
2453 2259 3676 1
2198 658 2370 1
337 3330 3475 1
2204 1646 3730 1
1811 2283 3541 1
3204 301 3250 1
1475 1382 2426 1
1094 2159 2600 1
1436 2206 2262 1
805 3525 3533 1
3276 2058 3306 1
2604 2178 2872 1
1988 2683 3132 1
475 2451 2822 1
810 2797 3216 1
2524 1148 2822 1
2481 2948 3144 1
1869 1510 2374 1
2496 3508 3569 1
2159 2958 3155 1
3049 1856 3298 1
2626 272 3279 1
1006 2555 2668 1
864 2185 3136 1
3260 2679 3450 1
1404 1402 3219 1
1721 2157 2988 1
3275 1057 3534 1
1967 2581 3192 1
2357 2111 2401 1
2309 2308 2884 1
946 2230 2677 1
3086 2202 3270 1
1025 1022 2311 1
1787 2136 3671 1
915 3276 3306 1
1831 1083 2561 1
1806 2859 3301 1
1384 2475 2574 1
2251 595 2998 1
2183 3210 3225 1
2958 555 3155 1
2178 2604 3139 1
2946 2363 3152 1
2361 1693 2362 1
2842 348 3408 1
1693 2363 2553 1
2690 3184 3201 1
3315 294 3512 1
1953 2135 3235 1
2517 3177 3368 1
3184 1262 3201 1
2211 3401 3472 1
840 837 2288 1
2028 2542 3350 1
2432 1475 3077 1
1056 2272 2520 1
2213 1256 2659 1
3064 2432 3077 1
2087 2774 3231 1
2747 1761 3194 1
2041 3049 3298 1
2303 2304 3737 1
2197 669 2198 1
1703 1704 2614 1
1782 2029 2300 1
2845 2509 3337 1
1815 2297 3189 1
169 347 2843 1
2145 2473 2869 1
2217 2251 2998 1
2297 3255 3283 1
2356 257 3532 1
2159 1094 2958 1
384 2508 3095 1
2469 1899 3658 1
669 2195 2303 1
3403 2906 3468 1
2357 2402 2950 1
832 834 2366 1
3053 3212 3372 1
2097 1605 2301 1
3508 1712 3569 1
3386 1976 3414 1
3146 2679 3260 1
3210 2222 3225 1
322 43 2354 1
1773 2870 2951 1
2200 394 2612 1
3255 2240 3283 1
2415 2291 2416 1
2452 1932 3465 1
2542 2028 3424 1
2264 1176 2860 1
1803 2402 2533 1
2136 3167 3510 1
2870 1773 2871 1
1511 1646 2374 1
2157 1721 3724 1
3039 2328 3538 1
2418 2257 3644 1
2604 857 3139 1
1955 2845 3337 1
2029 2299 2300 1
2220 1002 2405 1
2020 2795 3311 1
323 2276 2277 1
2870 2057 2951 1
2308 1976 3386 1
308 62 2627 1
2212 3320 3361 1
676 678 2377 1
296 2392 3393 1
1693 1679 2362 1
1085 1176 2561 1
2948 1835 3144 1
1931 2779 2780 1
2396 1375 2397 1
1472 3028 3048 1
2279 2659 2891 1
1163 2345 3087 1
669 652 2198 1
1532 3235 3379 1
2517 1601 3177 1
2256 2253 3628 1
2044 1297 3123 1
2581 1031 3192 1
2659 1256 2891 1
1605 2244 2301 1
3153 2369 3278 1
3359 2229 3537 1
2542 1082 3084 1
2414 2418 3644 1
351 2211 3630 1
256 2393 2395 1
2128 2554 3237 1
2398 3315 3512 1
2135 1953 3615 1
2447 2445 2470 1
2988 2157 3107 1
2573 2988 3107 1
37 38 2310 1
2826 1649 3058 1
2160 1277 3191 1
327 2258 2453 1
2848 1857 2966 1
2206 1436 2476 1
1899 2859 3658 1
2260 1401 2995 1
2468 1899 2469 1
3073 2461 3317 1
1087 1147 2860 1
599 2255 3068 1
2520 2272 2824 1
2626 3279 3538 1
357 356 359 1
2848 150 2894 1
33 34 2287 1
2138 2214 3603 1
2901 2902 2961 1
1217 2474 3731 1
2377 678 2846 1
1698 1467 2466 1
3322 2094 3328 1
1297 2497 3123 1
3257 3540 3686 1
342 3083 3324 1
208 3254 3470 1
2705 3355 3365 1
3421 2108 3447 1
3377 2000 3687 1
1948 1826 2739 1
2097 2302 3540 1
2372 2353 2866 1
2244 1903 2301 1
3355 497 3365 1
837 848 2288 1
2094 2243 3328 1
1858 3118 3170 1
350 181 3183 1
2188 3275 3534 1
450 452 2822 1
1773 1630 2871 1
290 168 2843 1
1382 1491 2426 1
622 3359 3537 1
2554 2556 3237 1
2736 2952 3280 1
1277 2160 3670 1
3133 2568 3151 1
3324 3083 3706 1
1679 1245 2362 1
3338 1935 3394 1
678 680 2846 1
1176 2266 2561 1
264 3403 3468 1
1737 2520 2824 1
2211 2210 3630 1
184 185 3061 1
2732 1622 3640 1
2232 2058 3253 1
2430 313 3360 1
2049 2637 2781 1
2186 1401 3551 1
2272 1056 2761 1
2278 475 2853 1
864 3133 3151 1
352 253 356 1
2341 3081 3607 1
2430 2431 3288 1
2637 1509 2781 1
2449 1088 2560 1
1590 1400 2565 1
2598 2425 3561 1
2220 2452 3465 1
2290 1253 2992 1
3122 2529 3457 1
1796 672 2410 1
2869 2484 3085 1
1252 3153 3278 1
2090 1979 3387 1
3396 677 3509 1
848 2237 2288 1
3253 2058 3276 1
2548 2547 3182 1
323 2277 2287 1
2126 1854 3382 1
2028 3010 3424 1
2187 2364 3739 1
1871 2542 3084 1
1899 2468 2487 1
2600 1866 3429 1
1399 3222 3369 1
1685 1699 3733 1
1384 1385 3300 1
3198 2233 3656 1
1838 2191 3273 1
2441 2442 3262 1
1256 2213 2853 1
2425 2598 3213 1
2012 3204 3250 1
1629 1647 3058 1
3438 1975 3489 1
1622 2732 3474 1
2109 2107 3334 1
780 783 2309 1
2454 3438 3489 1
3235 2135 3379 1
2230 946 2377 1
2378 1685 3733 1
662 733 2370 1
2318 271 3112 1
2000 3231 3687 1
463 465 2729 1
2148 2449 2560 1
574 3313 3398 1
38 321 2310 1
3211 1745 3634 1
2512 2506 2513 1
476 2279 2891 1
2234 2235 2935 1
3550 2247 3565 1
2188 564 3275 1
2237 848 2404 1
2440 1592 3124 1
2007 2350 2354 1
2235 2890 2935 1
2184 2029 3462 1
1622 2952 3640 1
2513 2506 2845 1
2459 1698 2466 1
2247 2055 3565 1
3323 2857 3458 1
2191 3271 3273 1
3330 2349 3475 1
3322 1157 3502 1
2397 2490 3223 1
2251 2252 3082 1
2965 2961 3281 1
1111 1025 2311 1
1784 2735 3585 1
2779 1931 3250 1
2000 1999 3231 1
674 946 2410 1
1022 1020 2311 1
1037 1049 2624 1
455 457 2853 1
2403 1620 3679 1
2173 2833 3079 1
72 255 2348 1
3314 1995 3327 1
349 3268 3540 1
2341 3038 3081 1
1903 2244 2319 1
74 2209 3698 1
2279 476 2280 1
3309 1790 3528 1
2182 2089 3619 1
282 33 2287 1
1226 2399 2883 1
2368 1386 2369 1
284 2439 2557 1
254 2346 2936 1
1745 3211 3544 1
2735 1784 3290 1
3485 2142 3554 1
2829 3421 3447 1
2176 3222 3260 1
75 295 3166 1
1995 1996 3327 1
2418 2416 3524 1
834 838 2366 1
2499 2249 2826 1
3540 2302 3686 1
946 676 2377 1
353 2941 3515 1
2508 2504 3095 1
271 2318 3466 1
2153 1769 2378 1
2029 2184 3445 1
2265 2263 2761 1
2141 2637 2991 1
564 2188 3333 1
2644 2021 3704 1
2466 1404 3219 1
1279 2536 2954 1
1401 1219 2995 1
3245 1194 3430 1
2089 2182 3677 1
880 921 2839 1
2522 3454 3504 1
2863 3396 3509 1
2016 2460 3384 1
2490 2397 3641 1
1487 2298 3238 1
2282 515 3463 1
1761 2683 3194 1
2518 1279 2954 1
2180 2176 3260 1
2448 643 3117 1
1421 1654 3170 1
1620 2194 3679 1
2090 3436 3455 1
2004 3138 3159 1
515 2282 3483 1
2356 2007 3101 1
340 251 3023 1
2142 2500 3554 1
303 2848 2966 1
2718 191 3535 1
2240 1709 3283 1
1933 2313 3003 1
2451 2524 2822 1
2637 2141 3709 1
2581 1968 3195 1
3454 1185 3504 1
1035 1037 2624 1
2202 985 3270 1
3010 2028 3514 1
2473 2145 3646 1
902 2309 2884 1
3313 2181 3398 1
1467 1404 2466 1
2293 3548 3560 1
1747 3073 3317 1
352 356 357 1
810 2232 3253 1
182 315 3183 1
3436 999 3455 1
3207 460 3376 1
2612 2428 3029 1
3291 2646 3344 1
1874 2441 3262 1
34 323 2287 1
2372 2866 3611 1
1182 1284 3558 1
1056 832 2366 1
3018 2026 3272 1
2325 1704 2327 1
2292 2293 3560 1
2031 2690 3169 1
733 1273 2370 1
315 2548 3182 1
1049 2622 2624 1
3022 1915 3302 1
1895 1896 2555 1
2406 2300 3127 1
2232 810 3216 1
2475 1384 3300 1
3254 2112 3470 1
2383 2384 2543 1
1253 1011 2992 1
779 994 2313 1
317 2192 3418 1
3138 746 3159 1
846 2234 2935 1
2184 406 3575 1
1254 2583 3179 1
1769 1690 2378 1
2739 1824 3031 1
3500 2161 3530 1
1138 2979 3259 1
1471 1469 2546 1
1820 2189 3448 1
101 286 3163 1
1859 2206 2476 1
1002 2220 3465 1
2418 3524 3620 1
2288 1875 3050 1
2410 946 2677 1
340 362 3227 1
2293 2700 3548 1
1093 2773 3234 1
3414 1976 3465 1
2031 3169 3247 1
1436 2262 2860 1
2041 2636 2955 1
2773 1093 3266 1
2191 1838 3345 1
284 2453 3676 1
406 2184 3462 1
1676 2406 3127 1
2310 3338 3394 1
2433 2434 2470 1
2200 2612 3029 1
2690 2031 3184 1
2128 1895 2555 1
3028 1820 3048 1
1386 2368 2629 1
2460 2016 3575 1
1176 1087 2860 1
2649 1911 2650 1
2700 2293 3520 1
2448 1881 2744 1
2392 2589 3393 1
2755 1907 2907 1
1828 3500 3530 1
2591 96 3248 1
2464 1487 3238 1
3485 306 3542 1
2281 295 3181 1
1002 950 2405 1
2518 1890 2805 1
2567 753 3076 1
1768 1769 2115 1
3125 1910 3199 1
1916 2408 2815 1
2902 1711 2961 1
1934 2551 2630 1
2233 3198 3308 1
2212 2660 3401 1
2564 1924 2620 1
871 2800 3582 1
2362 1245 2796 1
2146 2286 3689 1
3450 573 3476 1
3320 326 3361 1
3135 2126 3382 1
2094 3322 3502 1
1916 2407 2408 1
2304 656 3737 1
2145 2869 3085 1
1782 2300 2406 1
3448 2189 3461 1
1492 2540 2821 1
2573 1832 3130 1
2393 256 2589 1
1900 2558 3273 1
354 2660 3304 1
2348 255 3410 1
359 356 2660 1
2412 2575 2878 1
783 2307 2309 1
871 3582 3635 1
2245 2246 3609 1
2695 629 2696 1
1857 2848 2894 1
1223 1226 2883 1
2540 2538 2821 1
1364 3291 3344 1
1240 1859 2916 1
1160 2645 2646 1
2243 532 3328 1
3120 2408 3130 1
1976 1002 3465 1
2189 2190 3461 1
2682 1240 3132 1
2369 1386 2839 1
1148 450 2822 1
1750 1703 2614 1
2076 2141 2991 1
2658 3491 3546 1
1314 2412 2878 1
247 2286 3287 1
2132 3309 3528 1
2491 2492 3493 1
2627 63 3375 1
2867 3521 3583 1
2017 2491 3493 1
2284 2044 3123 1
1402 1590 3219 1
2277 1810 3679 1
2236 1902 3086 1
3257 349 3540 1
2582 2010 3627 1
1620 2403 2974 1
511 2241 3507 1
2625 272 2626 1
1698 2459 2467 1
2456 2458 2479 1
2422 2645 3128 1
2660 354 3401 1
2473 1463 2832 1
2400 2225 3265 1
1832 3120 3130 1
2412 1314 3169 1
3393 2589 3652 1
1164 2400 3265 1
2509 1166 3337 1
1160 2646 2885 1
2730 3031 3261 1
783 905 2307 1
245 314 2510 1
2925 2020 3360 1
2683 1988 3129 1
2507 2510 2511 1
1859 2476 2916 1
2245 3609 3647 1
1284 3293 3558 1
1768 1690 1769 1
2406 2802 3162 1
1311 2256 3628 1
1236 2222 3210 1
1614 2007 2356 1
2533 1254 3179 1
1049 2463 2622 1
3222 2176 3369 1
2655 1536 3165 1
1694 1690 1768 1
1491 2477 2478 1
2802 416 3162 1
2019 2429 2430 1
356 253 3304 1
2287 2277 3711 1
2032 1768 2192 1
1147 1436 2860 1
2434 2438 2470 1
1952 2492 3200 1
750 779 2313 1
985 2202 3374 1
2115 1769 2152 1
1924 2564 2897 1
2901 2961 2965 1
3491 774 3546 1
3627 2010 3673 1
1853 2140 3728 1
658 662 2370 1
1039 1041 2623 1
2492 2493 3200 1
2578 316 3297 1
1129 2201 3518 1
2142 3485 3542 1
3106 2090 3387 1
476 463 2729 1
36 275 2242 1
452 475 2822 1
185 279 3061 1
595 2251 3082 1
2558 1900 2924 1
2632 2077 3602 1
2499 228 3226 1
2482 2217 2998 1
2566 2567 3076 1
2404 2552 2834 1
2213 2278 2853 1
1907 2755 3316 1
1040 1038 2748 1
1736 2531 2575 1
1590 2458 3219 1
1401 2260 3551 1
2567 2568 3119 1
950 972 2405 1
2387 1222 2388 1
2350 2114 2351 1
656 2304 3713 1
1301 1303 2525 1
921 1010 2839 1
2122 3170 3384 1
2241 511 3580 1
1072 1088 3220 1
2125 3311 3732 1
840 2288 3050 1
1832 2573 3107 1
2519 1737 2824 1
2729 1138 3259 1
2575 2531 2878 1
256 2395 3241 1
680 781 2846 1
2915 1059 3660 1
1814 2041 2955 1
3000 307 3281 1
1913 2540 3189 1
1853 2560 2618 1
3311 2125 3704 1
2201 1129 3570 1
2346 254 3566 1
1190 3022 3302 1
345 100 3163 1
475 455 2853 1
3212 2447 3372 1
1927 3323 3458 1
769 763 2401 1
465 1138 2729 1
2508 384 3126 1
1472 1908 3028 1
2026 1471 2546 1
3449 1610 3494 1
2268 2265 2761 1
2007 2354 3101 1
531 527 2585 1
1091 2421 2422 1
2381 2190 2584 1
2506 2512 2943 1
323 35 2242 1
961 1000 2367 1
736 1933 2365 1
2510 314 2511 1
2407 1916 2825 1
2438 3154 3372 1
359 3215 3725 1
2416 2291 2417 1
2197 2198 2199 1
2042 3245 3430 1
2368 2544 2629 1
2770 3411 3412 1
2680 2693 3062 1
2383 1407 2384 1
1115 1222 2387 1
1047 2442 2714 1
2277 3679 3711 1
957 979 2376 1
2599 2407 2825 1
1719 1810 1811 1
1752 2482 2639 1
252 253 352 1
2389 2392 2778 1
2482 591 2639 1
3119 2568 3133 1
1059 2915 3672 1
1245 1244 2796 1
1148 2524 3284 1
2129 3638 3661 1
1098 1280 2319 1
2237 2404 2834 1
457 1256 2853 1
3154 1289 3372 1
1303 1420 2525 1
2624 1967 3192 1
400 397 2443 1
683 2247 3550 1
1957 2404 2771 1
2471 2473 2832 1
1675 2381 2584 1
244 245 2510 1
2249 2499 3226 1
2486 1814 2955 1
2315 2316 2843 1
2525 1420 3307 1
1276 1509 3709 1
2512 241 2943 1
369 1717 2429 1
2256 1311 3644 1
2551 1934 2873 1
1052 400 2443 1
2389 2388 2390 1
1592 2440 3487 1
2019 2430 3360 1
2247 683 3597 1
2180 3450 3476 1
3000 2105 3703 1
2645 1160 3128 1
1484 1631 2570 1
2283 2025 3541 1
1240 2916 3132 1
2129 2130 3638 1
2710 1946 2762 1
3137 2777 3187 1
969 1268 2379 1
604 2448 2744 1
1098 2319 2498 1
433 432 2472 1
598 601 2493 1
2158 2204 3730 1
2006 2114 2350 1
1088 2449 3220 1
1053 2558 2924 1
1862 3000 3281 1
381 2518 2805 1
1113 1407 2383 1
1674 2867 3583 1
2328 2329 2626 1
1768 2115 2192 1
1685 1695 1699 1
432 2484 2869 1
522 518 2605 1
2413 1253 2415 1
2276 2242 2283 1
3204 1948 3633 1
2423 325 2427 1
1934 2521 2873 1
1392 1620 2974 1
1090 1678 2489 1
2193 1771 3616 1
949 1002 1976 1
301 2779 3250 1
2387 2388 2389 1
819 769 2401 1
2203 1743 2934 1
770 2355 2517 1
2828 2652 2829 1
2576 2143 2577 1
2262 2264 2860 1
2263 2272 2761 1
2856 3449 3494 1
1646 2205 2374 1
3353 2725 3395 1
912 932 2462 1
2433 328 2434 1
2088 3207 3376 1
2828 222 3156 1
1280 1903 2319 1
1469 1698 2546 1
2357 1050 2402 1
2055 1641 3622 1
2637 2126 2991 1
1699 1695 1785 1
951 1281 2428 1
1268 2383 2543 1
347 2315 2843 1
2473 2472 2869 1
1686 1685 2378 1
2602 1700 2879 1
2570 2185 3151 1
323 2242 2276 1
278 2433 2470 1
2543 2384 3690 1
1132 1737 2519 1
235 284 2557 1
601 1005 2493 1
781 2710 3045 1
1866 2441 3325 1
2280 476 2729 1
2361 2360 3152 1
1091 2422 2585 1
2717 312 2718 1
3142 2642 3264 1
2033 2032 3626 1
2444 278 2445 1
1386 880 2839 1
69 70 289 1
295 2281 3166 1
2996 1360 3108 1
3595 3001 3661 1
1695 1683 2553 1
2406 1676 2802 1
798 871 3635 1
421 1899 2487 1
2242 275 2283 1
1923 2710 2762 1
1838 2017 3493 1
1579 2143 2576 1
899 1269 2411 1
2077 2632 3668 1
371 369 2429 1
2498 2319 2766 1
2431 1717 2483 1
1078 1090 2489 1
2061 2655 3165 1
281 2591 3738 1
1494 2023 2490 1
2365 1933 2716 1
1182 1184 1284 1
1523 1935 2596 1
3565 2055 3622 1
1709 2240 3710 1
1049 1039 2623 1
1038 1149 2748 1
2846 781 3045 1
2810 3296 3299 1
443 441 2544 1
3047 660 3229 1
233 328 2433 1
1584 1614 2356 1
795 3481 3488 1
1013 1253 2413 1
2468 1054 2487 1
1631 2185 2570 1
1491 1282 2477 1
2429 1717 2430 1
2258 327 3144 1
2257 2418 2691 1
2541 1082 2542 1
2427 325 3148 1
2430 1717 2431 1
1423 3055 3100 1
401 1051 2460 1
71 72 2348 1
994 902 995 1
231 278 2444 1
1748 2620 2876 1
2439 2435 2557 1
288 2233 3308 1
763 1050 2401 1
2586 2653 2980 1
1786 1695 2553 1
610 531 2585 1
1640 1718 1719 1
1890 2518 2954 1
996 995 1182 1
1735 665 2464 1
237 327 2453 1
2319 2244 2766 1
286 2606 2946 1
2776 3033 3035 1
2286 247 3689 1
532 2243 3715 1
1201 1203 1640 1
2571 1411 3102 1
1690 1686 2378 1
3031 1823 3261 1
1081 1082 2541 1
2444 2445 2446 1
866 885 2495 1
1250 1494 2490 1
882 912 2462 1
2435 328 2557 1
1685 1683 1695 1
2693 1990 3062 1
1703 1701 1704 1
1810 2403 3679 1
1436 1435 2476 1
2539 2538 2540 1
745 2564 2620 1
1155 2110 2455 1
2220 1719 2452 1
644 1332 2556 1
1221 3559 3573 1
3569 1712 3601 1
1383 1475 2432 1
47 3342 3390 1
1719 1811 2452 1
1282 1193 2477 1
1030 1028 2521 1
927 929 2480 1
585 588 2454 1
1688 1686 1690 1
1388 1675 2584 1
1694 1768 2032 1
3573 2221 3657 1
1289 3053 3372 1
423 421 2487 1
2439 284 3676 1
576 572 2485 1
2285 1699 3453 1
2442 1047 2748 1
2611 1331 2827 1
2322 2324 3039 1
1919 2577 2578 1
1522 1523 2596 1
663 644 2556 1
2707 2203 2934 1
2007 2006 2350 1
387 951 2428 1
572 570 2485 1
239 291 2481 1
1542 1515 2631 1
1056 2366 2761 1
36 37 275 1
1031 2581 3195 1
35 36 2242 1
779 780 902 1
2652 2828 3156 1
1285 1430 1522 1
2807 3456 3467 1
1614 2006 2007 1
692 2538 2539 1
3692 3060 3731 1
606 643 2448 1
1620 1940 2194 1
77 2456 2479 1
2461 882 2462 1
2692 318 3453 1
2404 848 2771 1
1953 1954 2289 1
1653 2447 3212 1
733 734 767 1
2831 3486 3626 1
1719 1718 1810 1
1818 2118 2474 1
1948 3204 3600 1
779 902 994 1
1475 2426 3490 1
2491 597 2492 1
2610 2611 2827 1
1640 2220 2405 1
2389 2390 2392 1
2520 1737 2823 1
1700 1702 2879 1
394 391 2612 1
1494 1584 2022 1
290 2382 3217 1
862 866 2495 1
750 778 779 1
2565 2281 3181 1
3055 2196 3100 1
3125 3199 3579 1
1681 1693 2553 1
1684 1683 1685 1
765 2515 2516 1
905 949 2307 1
940 939 941 1
1938 1696 3486 1
527 1091 2585 1
2620 1924 2876 1
972 1201 2405 1
2653 914 2980 1
2307 1976 2308 1
1140 1139 1276 1
1435 1627 2476 1
2650 1911 2651 1
2022 1584 2356 1
2026 2546 3272 1
2818 3202 3243 1
2152 2153 2233 1
2404 1957 2552 1
2495 885 2496 1
1047 1040 2748 1
2527 1882 3460 1
34 35 323 1
1431 1301 2525 1
1633 1635 2677 1
1641 2656 3622 1
943 954 2602 1
903 1098 2498 1
2233 2285 3656 1
2421 1091 2605 1
1405 2076 2768 1
3345 1838 3493 1
955 957 2376 1
2351 2352 2353 1
662 690 733 1
1861 2549 2550 1
1640 1203 1718 1
594 597 2491 1
2756 1677 3577 1
2289 392 3321 1
2485 2486 2955 1
1604 2096 2549 1
954 955 1003 1
2313 994 3003 1
2476 1627 2916 1
734 736 2365 1
1091 522 2605 1
1126 1054 1139 1
1182 995 1184 1
733 690 734 1
397 395 2443 1
1494 1267 1584 1
994 995 996 1
2544 441 2629 1
1854 1413 2571 1
597 598 2493 1
2003 2217 2482 1
2375 2140 2419 1
876 882 2461 1
2569 1353 2570 1
2531 1736 2813 1
1353 1484 2570 1
2450 1431 2523 1
954 1700 2602 1
1736 712 2813 1
297 3018 3272 1
1789 1836 1953 1
1250 1267 1494 1
2547 1861 3182 1
1852 2134 3678 1
436 433 2472 1
1276 1278 1509 1
1004 941 2602 1
2537 1957 2771 1
2623 1041 2996 1
1767 2296 2488 1
736 738 1933 1
1082 2489 3084 1
2930 303 2966 1
2384 1407 2385 1
291 2512 2513 1
2494 862 2495 1
959 961 2367 1
2434 328 2435 1
2488 3188 3329 1
1682 1681 1683 1
957 959 979 1
1284 1184 1285 1
1392 1619 1620 1
1383 1382 1475 1
2501 244 2510 1
3033 2724 3035 1
2434 2435 2436 1
1003 955 2376 1
389 2428 2612 1
943 953 954 1
2221 2100 3657 1
954 953 955 1
2867 2868 3521 1
1376 1604 2549 1
2250 2002 3399 1
1994 1568 2522 1
1887 1476 2613 1
1678 1245 1679 1
1288 1089 2588 1
1523 1637 1935 1
2751 1872 2995 1
2384 2385 2386 1
329 2444 2446 1
1737 1055 2823 1
2507 2511 3496 1
1460 2704 2745 1
2359 2358 2360 1
1307 1648 2528 1
937 938 939 1
665 739 2464 1
2259 2440 3676 1
393 391 394 1
934 933 935 1
399 397 400 1
393 394 395 1
833 830 2537 1
387 386 951 1
1090 1244 1245 1
1919 2576 2577 1
1659 1920 2358 1
406 403 2460 1
1089 1076 2588 1
989 991 2236 1
2436 2435 2437 1
1640 1719 2220 1
395 394 1657 1
1431 2450 2613 1
574 572 575 1
2532 2979 3008 1
1873 1004 2879 1
2560 2559 2618 1
518 523 2605 1
935 936 937 1
601 602 626 1
1557 1559 2811 1
1681 1679 1693 1
2117 1773 2951 1
278 232 2433 1
767 734 2365 1
432 429 2484 1
1911 2649 3305 1
2463 1049 2623 1
1219 997 2995 1
2623 2996 3108 1
1748 1063 2545 1
1688 1690 1694 1
1771 1383 2432 1
753 2567 3119 1
1134 1132 2519 1
1782 410 2029 1
979 959 2367 1
1047 2714 2847 1
1086 1112 2661 1
1351 1353 2569 1
2436 2437 2465 1
1033 1030 2521 1
2445 278 2470 1
2963 615 3109 1
243 244 2501 1
2868 3481 3521 1
3352 2097 3540 1
1884 3047 3229 1
275 37 2310 1
2502 2501 2507 1
2725 1947 3395 1
329 230 2444 1
379 1279 2518 1
1286 1752 2639 1
647 652 669 1
420 2801 2859 1
284 236 2453 1
1935 2025 3394 1
1257 1513 2558 1
1126 1139 1140 1
2534 1710 2535 1
2481 291 2948 1
1543 1545 2409 1
1309 1310 2514 1
1563 2811 2812 1
1103 1748 2698 1
682 684 2709 1
523 1234 2981 1
906 3137 3187 1
1184 995 2884 1
1413 1411 2571 1
1283 1282 1382 1
941 942 943 1
2235 2592 2775 1
1153 1155 2455 1
1011 1009 2992 1
1274 1275 1543 1
1996 1998 3482 1
589 593 2529 1
1545 3513 3552 1
2709 1946 2710 1
2297 1815 3255 1
446 443 2544 1
403 401 2460 1
1380 1861 2547 1
738 750 2313 1
1088 1070 2559 1
860 862 2494 1
1478 1479 1818 1
1818 1819 2118 1
1544 1543 1867 1
3411 901 3412 1
961 963 1000 1
250 251 340 1
1953 1836 1954 1
1078 1089 1090 1
389 387 2428 1
571 570 572 1
2979 1138 3008 1
967 969 2379 1
883 899 2411 1
1088 2559 2560 1
1283 1382 1383 1
583 585 2454 1
937 939 940 1
2006 2113 2114 1
965 967 1163 1
1614 2005 2006 1
1228 1230 1375 1
428 426 1054 1
1564 374 2019 1
992 1113 2383 1
624 633 656 1
880 879 920 1
1868 1867 2004 1
984 927 2480 1
2630 2551 3680 1
2472 432 2869 1
327 238 2481 1
598 600 601 1
1140 1276 1297 1
1281 1193 1282 1
2366 2268 2761 1
1736 2575 2750 1
1201 1640 2405 1
3354 1233 3420 1
2909 2008 3052 1
921 920 1007 1
358 357 360 1
949 950 1002 1
291 240 2512 1
405 403 406 1
2526 1882 2527 1
1007 1008 1274 1
401 400 1051 1
1293 1500 2618 1
374 371 2429 1
940 941 1004 1
240 241 2512 1
1584 1613 1614 1
1090 1089 1244 1
300 2501 2502 1
1933 738 2313 1
3339 2514 3343 1
2492 597 2493 1
1546 2607 2608 1
2471 2472 2473 1
1546 1117 2607 1
604 606 2448 1
1940 1941 3148 1
300 243 2501 1
1311 2413 2414 1
868 910 2515 1
606 618 643 1
1323 1327 2552 1
1400 1219 1401 1
594 596 597 1
2549 2096 2550 1
409 407 410 1
395 1657 2443 1
226 267 2647 1
2041 1542 3049 1
969 992 1268 1
2217 2218 2251 1
2023 2022 2119 1
2688 2705 3299 1
3516 2376 3517 1
1113 1115 1407 1
1281 1282 1283 1
3295 1428 3343 1
1222 1223 2883 1
385 386 387 1
2696 2904 3471 1
732 438 879 1
932 931 933 1
655 1724 2583 1
1680 1679 1681 1
1872 2260 2995 1
1684 1685 1686 1
2505 2504 2508 1
428 1054 1126 1
1078 1076 1089 1
937 940 2751 1
2477 1892 2478 1
3460 3420 3683 1
1354 1594 1659 1
997 935 2751 1
2329 2332 2626 1
2017 1837 3457 1
2166 2179 2628 1
1683 1681 2553 1
923 692 2539 1
1500 1853 2618 1
1005 626 1478 1
1712 2092 3601 1
1478 626 1479 1
849 2407 2599 1
1432 1710 2534 1
830 829 2537 1
2521 1028 2873 1
2572 1058 2573 1
2635 2849 3631 1
1564 2019 2020 1
1818 1479 1819 1
2698 1748 2876 1
2503 2502 2504 1
951 1193 1281 1
593 594 2491 1
1163 967 2379 1
2635 2617 2662 1
667 741 2538 1
852 1058 2572 1
951 1187 1193 1
352 358 3023 1
996 1182 1183 1
2545 745 2620 1
2324 2326 2328 1
1201 1202 1203 1
2792 1883 2992 1
308 2627 3230 1
2252 2254 2255 1
943 952 953 1
2227 2225 2400 1
1232 1250 2490 1
578 577 579 1
2566 1656 2567 1
2471 436 2472 1
1819 1882 2526 1
32 282 2373 1
558 560 2638 1
899 917 1269 1
2381 2380 2382 1
2118 1819 2526 1
2722 2723 2962 1
601 600 602 1
1064 542 2580 1
1479 626 2744 1
325 31 2373 1
582 581 583 1
1892 2062 2597 1
1276 1139 1278 1
225 2647 2648 1
233 234 328 1
238 239 2481 1
2478 2597 2598 1
1912 1818 2474 1
360 3324 3706 1
1063 718 2545 1
1082 1079 2489 1
231 232 278 1
1752 2003 2482 1
597 596 598 1
1659 2358 2359 1
411 410 1782 1
570 1095 2485 1
1881 1479 2744 1
1268 992 2383 1
2301 1918 2302 1
934 935 997 1
876 881 882 1
273 2734 2735 1
639 637 2610 1
2235 1645 2592 1
882 911 912 1
912 930 931 1
845 849 2599 1
236 237 2453 1
1604 1605 2095 1
312 2717 2842 1
940 1872 2751 1
385 383 386 1
1013 1011 1253 1
426 423 2487 1
2003 2216 2217 1
1051 1052 2122 1
1081 1079 1082 1
905 948 949 1
743 765 2516 1
2359 2360 2361 1
949 1976 2307 1
2110 1243 2189 1
229 230 329 1
3486 2033 3626 1
2831 1938 3486 1
2605 523 2981 1
2395 2396 2398 1
1620 1619 1940 1
1881 2448 3117 1
588 589 2529 1
235 236 284 1
1305 1307 2528 1
588 587 589 1
1015 1013 2413 1
2251 2218 2252 1
1675 2380 2381 1
75 76 295 1
560 564 2638 1
866 875 876 1
2450 1887 2613 1
1867 1543 2409 1
298 2648 2649 1
593 592 594 1
1635 2187 2677 1
1274 1543 1544 1
1407 1115 2387 1
1722 1713 1880 1
1903 1588 1918 1
585 587 588 1
1017 1015 1311 1
1513 1837 1838 1
589 592 593 1
1232 1249 1250 1
438 436 2471 1
732 879 880 1
2538 741 2821 1
1748 2545 2620 1
1801 2724 2763 1
1880 2368 2369 1
1070 1069 2559 1
1659 2359 2796 1
1258 1259 2767 1
1341 1343 2684 1
2427 3077 3490 1
668 538 2587 1
569 568 570 1
2392 2390 2589 1
1568 1566 2522 1
2118 3692 3731 1
237 238 327 1
582 583 1650 1
1112 1084 2541 1
2647 267 3058 1
2014 1341 2684 1
2414 2413 2415 1
2019 374 2429 1
248 249 320 1
571 572 574 1
579 581 582 1
885 876 2461 1
1522 1430 1523 1
1563 1557 2811 1
2270 2562 3729 1
1700 1003 1701 1
1543 1275 1545 1
1602 2196 2913 1
1476 1128 2613 1
1090 1245 1678 1
2217 2216 2218 1
1193 1410 2477 1
2674 2819 2850 1
880 920 921 1
1965 1968 2581 1
932 933 934 1
2606 1786 2946 1
1659 1594 1920 1
267 227 2499 1
3057 1163 3598 1
1487 1153 2455 1
1634 1626 2681 1
2066 1766 2067 1
912 931 932 1
1230 1231 1232 1
381 379 2518 1
1376 1377 1604 1
1349 1656 2566 1
941 939 942 1
569 570 571 1
1155 1243 2110 1
2100 1485 2668 1
748 663 2556 1
1544 1867 1868 1
2552 1327 2834 1
862 865 866 1
2206 2207 2262 1
1311 1015 2413 1
1963 1967 2622 1
1859 1860 2206 1
1883 2290 2992 1
232 233 2433 1
1000 963 3087 1
2437 2439 2440 1
781 682 2709 1
935 933 936 1
965 1163 3087 1
1280 1418 1588 1
1410 1891 1892 1
1940 3148 3443 1
1621 2085 2615 1
1274 1008 1275 1
2461 2462 3317 1
1094 2600 2601 1
921 1007 1009 1
2211 351 2212 1
1048 1025 1111 1
1650 583 2454 1
3362 2039 3419 1
1785 1786 2606 1
1098 1192 1280 1
779 778 780 1
955 956 957 1
1274 1544 2792 1
2262 2263 2264 1
1814 1542 2041 1
575 577 578 1
1373 1394 2882 1
910 883 2411 1
399 400 401 1
327 2481 3144 1
2375 2419 2420 1
1544 1883 2792 1
575 576 577 1
298 224 2648 1
868 883 910 1
1007 920 1008 1
1631 1773 2117 1
1250 1266 1267 1
1718 1203 2974 1
2187 2410 2677 1
730 655 2583 1
2607 1117 2788 1
273 129 2734 1
1240 1218 1859 1
1162 1366 2586 1
2351 2114 2352 1
991 1001 1110 1
1065 2599 2825 1
1009 1007 2792 1
2717 2534 2842 1
2230 1633 2677 1
226 227 267 1
772 773 897 1
658 661 662 1
710 1736 2750 1
1628 1383 1771 1
2359 2362 2796 1
1485 977 2668 1
2264 2265 2266 1
888 1006 2668 1
2660 2212 3361 1
1054 426 2487 1
2573 1058 2988 1
2428 1281 3029 1
989 990 991 1
879 438 2471 1
2819 2603 2850 1
1053 1257 2558 1
908 1153 1487 1
2049 1854 2126 1
2253 2218 2769 1
1725 1299 2619 1
1717 367 2483 1
898 897 980 1
1228 1229 1230 1
1410 1892 2477 1
2645 1921 2646 1
1316 1315 1514 1
2179 2164 2667 1
1166 3098 3337 1
239 240 291 1
733 767 1273 1
1280 1588 1903 1
2564 2563 3177 1
722 724 2563 1
1051 400 1052 1
1429 1184 2884 1
1831 2561 2562 1
627 446 1713 1
2456 2457 2458 1
42 322 2371 1
860 861 862 1
230 231 2444 1
907 860 2494 1
333 126 2746 1
129 130 2734 1
765 868 2515 1
579 580 581 1
1961 1963 2622 1
1903 1918 2301 1
1892 1891 2062 1
2390 2391 2393 1
1734 1099 2621 1
1279 377 2644 1
245 246 314 1
981 980 1188 1
741 742 772 1
1189 1188 1376 1
1950 2547 2548 1
879 2471 2832 1
601 626 1005 1
1514 1315 1934 1
1764 1766 2066 1
2241 1634 2681 1
1432 1709 1710 1
2625 2335 2627 1
2218 2216 2769 1
2095 1605 2097 1
1559 2657 2811 1
242 243 300 1
2815 2408 3120 1
937 936 938 1
3188 1136 3329 1
1068 1069 1070 1
1226 1227 1228 1
1890 1187 2805 1
2740 1721 2988 1
1563 2812 2862 1
333 2746 2747 1
941 943 2602 1
31 32 2373 1
1418 1579 2576 1
2332 2333 2335 1
2505 2508 2509 1
2312 2149 3539 1
3404 353 3515 1
929 1913 2297 1
1864 1866 2600 1
30 325 2423 1
3559 2221 3573 1
897 903 2498 1
1506 1508 2594 1
420 417 2801 1
334 2732 2733 1
1339 2014 2676 1
1604 1377 1605 1
1595 2208 2590 1
1257 1512 1513 1
1540 1515 1542 1
334 2731 2732 1
1077 1076 1078 1
495 2603 2706 1
1484 1630 1631 1
1722 1880 2089 1
2478 1892 2597 1
652 657 658 1
1675 2040 2380 1
328 234 2557 1
903 1097 1098 1
1566 1991 2522 1
392 391 393 1
972 1200 1201 1
1155 1241 1243 1
2523 1431 2525 1
223 224 298 1
1084 1081 2541 1
2603 1749 2706 1
2622 1967 2624 1
1627 1746 2916 1
2393 2394 2395 1
1142 867 2641 1
391 389 2612 1
2424 2423 2427 1
1579 1942 2143 1
1859 1218 1860 1
390 389 391 1
1645 1398 2592 1
859 858 860 1
917 918 985 1
2610 1735 2611 1
866 876 885 1
1764 1765 1766 1
734 735 736 1
396 395 397 1
2339 2341 3607 1
1429 2308 3386 1
2511 314 2757 1
1162 2586 2980 1
1066 1067 1068 1
1566 1485 1991 1
726 743 770 1
1376 1188 1377 1
388 387 389 1
334 131 2731 1
32 33 282 1
2004 1867 3138 1
1072 1070 1088 1
1079 1078 2489 1
1851 1498 2662 1
295 2479 3181 1
417 416 2801 1
2434 2436 2438 1
1076 1074 2588 1
653 648 667 1
2567 1656 2568 1
1775 1568 1994 1
1789 1953 3235 1
850 852 2572 1
421 420 1899 1
379 377 1279 1
1075 1074 1076 1
1809 2282 3463 1
1251 1485 1566 1
542 540 2580 1
662 689 690 1
1244 1288 1354 1
1153 1154 1155 1
1318 1946 2643 1
2206 1860 2207 1
642 639 648 1
575 572 576 1
263 2738 2739 1
2164 2162 2667 1
627 1713 1722 1
1880 1713 2368 1
570 568 1095 1
2329 2331 2332 1
1432 1198 1709 1
1378 1376 2549 1
591 2482 2998 1
1515 1514 2631 1
1702 1701 1703 1
1861 1378 2549 1
566 590 2616 1
1845 1850 2671 1
908 1152 1153 1
844 1065 1066 1
2693 2013 3206 1
620 637 639 1
1968 1969 2222 1
567 569 2678 1
383 381 2805 1
888 776 1006 1
957 958 959 1
818 819 820 1
818 769 819 1
1191 1134 1218 1
1251 977 1485 1
817 769 818 1
1631 1630 1773 1
220 259 2727 1
2601 3429 3531 1
30 31 325 1
1494 2022 2023 1
1045 1042 2847 1
667 691 741 1
1069 1291 2559 1
1044 1033 1315 1
2556 1332 3237 1
684 2643 2709 1
1008 920 2832 1
1193 1187 1410 1
876 875 881 1
2671 1850 2672 1
2503 2504 2505 1
602 604 2744 1
649 1735 2610 1
1420 1305 2528 1
1066 1065 1067 1
1048 1111 2250 1
280 124 2798 1
569 573 2678 1
2583 1724 3179 1
951 386 1187 1
1781 1921 2645 1
1715 2909 3052 1
1504 1877 2633 1
1608 1380 2547 1
2262 2207 2263 1
1743 1312 2654 1
844 843 1065 1
2437 2440 3124 1
1726 2534 2717 1
929 926 1913 1
1071 1070 1072 1
1726 1432 2534 1
1317 1198 1432 1
882 881 911 1
1950 1608 2547 1
1299 895 2619 1
770 743 2516 1
1068 1067 1069 1
866 865 875 1
139 258 2780 1
822 823 824 1
2024 1373 2882 1
1382 1282 1491 1
899 900 917 1
1321 1323 2552 1
856 857 858 1
1604 2095 2096 1
826 827 828 1
1307 1309 1648 1
2390 2393 2589 1
1377 1188 2766 1
375 374 1564 1
115 116 292 1
692 667 2538 1
2592 1399 2593 1
124 125 2798 1
136 301 2737 1
927 926 929 1
647 651 652 1
959 960 961 1
1244 1354 2796 1
2734 2733 2735 1
583 584 585 1
2507 2501 2510 1
1291 1293 2618 1
912 911 930 1
78 260 2456 1
2403 1718 2974 1
1058 854 2740 1
2332 2335 2625 1
2168 2166 2628 1
117 118 331 1
2267 2269 2270 1
1593 1413 1854 1
2442 1865 2714 1
712 714 2813 1
980 897 2498 1
1965 1966 1968 1
931 930 1053 1
126 127 2746 1
2264 2263 2265 1
261 2372 2749 1
1175 1142 2641 1
234 235 2557 1
1853 1852 2140 1
1478 1818 1912 1
1767 2295 2296 1
772 897 898 1
2390 2388 2391 1
2409 1545 3552 1
567 568 569 1
819 2245 3647 1
1951 1952 3200 1
81 82 297 1
1117 702 2788 1
2735 2733 2736 1
1349 1351 1656 1
828 829 830 1
316 2578 3695 1
1307 1308 1309 1
565 566 567 1
1731 1732 1781 1
832 833 834 1
3042 1951 3200 1
980 2498 2766 1
1956 1732 2726 1
763 761 1050 1
2391 2388 2883 1
589 591 592 1
1497 2010 2582 1
2015 2963 3109 1
1347 1349 2566 1
1073 1072 1074 1
477 2776 3035 1
263 134 2738 1
562 563 565 1
641 646 647 1
822 820 823 1
637 649 2610 1
1963 1964 1965 1
298 2649 2650 1
1972 1907 3316 1
1187 386 2805 1
859 1721 2740 1
834 835 836 1
833 2537 2771 1
615 619 620 1
1380 1378 1861 1
299 218 2728 1
836 837 839 1
768 763 769 1
1749 1119 2706 1
1303 1305 1420 1
2317 1775 2318 1
826 824 827 1
1732 1730 2726 1
1781 1732 1921 1
825 824 826 1
633 640 641 1
1305 1306 1307 1
1918 1588 1919 1
2385 2387 2389 1
556 555 2958 1
852 854 1058 1
1774 1568 1775 1
739 908 2464 1
1865 1757 2714 1
2904 2696 3645 1
2407 870 2408 1
862 861 865 1
1500 1851 1852 1
1961 1962 1963 1
859 860 907 1
1567 1566 1568 1
2339 2340 2341 1
883 884 899 1
1329 1330 1398 1
1398 1399 2592 1
2043 1577 2702 1
2862 2039 2920 1
567 566 568 1
2704 2703 2745 1
1526 1539 2666 1
1967 1965 2581 1
415 413 416 1
538 536 2587 1
1369 1497 2091 1
77 78 2456 1
1866 1865 2441 1
1864 1865 1866 1
1678 1679 1680 1
2723 2785 2962 1
1388 1660 1675 1
78 79 260 1
373 371 374 1
717 716 718 1
889 1118 2675 1
2307 2308 2309 1
1917 1743 2203 1
831 830 832 1
976 888 977 1
1766 1767 2488 1
624 632 633 1
821 820 822 1
585 586 587 1
1332 630 2663 1
1949 1608 1950 1
2632 1060 2638 1
2559 1291 2618 1
1248 2292 3560 1
1509 2637 3709 1
1130 827 2758 1
856 859 2740 1
1463 1008 2832 1
860 858 861 1
2178 2168 2628 1
1327 1328 1329 1
220 221 259 1
565 563 566 1
620 639 642 1
1731 1730 1732 1
2266 2265 2267 1
887 776 888 1
1241 1388 2584 1
358 362 3023 1
136 137 301 1
300 2502 2503 1
986 988 989 1
1927 549 2715 1
961 962 963 1
2451 2523 2524 1
607 531 609 1
1319 1321 1957 1
1366 1369 2586 1
815 915 2708 1
828 827 829 1
560 561 562 1
983 3341 3353 1
250 340 3145 1
726 727 743 1
2640 1175 2641 1
519 524 2835 1
1759 1621 2615 1
1439 1730 1731 1
1559 1561 2657 1
1069 1290 1291 1
870 850 2572 1
2462 932 2836 1
594 595 596 1
530 527 531 1
1631 2117 2185 1
2680 1617 2693 1
1398 1330 1399 1
1042 1047 2847 1
854 855 856 1
897 773 903 1
772 742 773 1
834 836 838 1
925 923 926 1
1473 1328 2743 1
720 722 745 1
1209 977 1251 1
427 426 428 1
1060 558 2638 1
1132 1055 1737 1
2385 2389 2778 1
602 603 604 1
2062 2063 2064 1
856 858 859 1
1743 2654 2934 1
1323 1326 1327 1
849 847 850 1
613 614 615 1
2244 1377 2766 1
2724 2721 2763 1
1171 984 1198 1
1514 1934 2630 1
759 757 1254 1
2456 260 2457 1
1716 1297 2044 1
562 561 563 1
2314 1792 2699 1
2246 1759 2615 1
745 2563 2564 1
2670 1847 2671 1
1959 1960 1961 1
639 2610 2827 1
2328 2326 2329 1
598 599 600 1
1761 2747 3721 1
622 623 624 1
544 1064 2715 1
1752 2002 2003 1
526 522 527 1
133 263 2730 1
1539 1552 2666 1
1280 1192 1418 1
2066 3295 3343 1
2252 2253 2254 1
1223 1225 1226 1
714 716 717 1
1957 1321 2552 1
1329 1328 1330 1
1577 1574 2702 1
1819 1881 1882 1
1852 1851 2134 1
1486 1206 2632 1
611 612 613 1
667 648 691 1
827 824 2758 1
1310 1763 1764 1
834 833 835 1
1912 2474 2475 1
775 748 776 1
1303 1304 1305 1
1968 1966 1969 1
832 830 833 1
1334 1335 2680 1
558 559 560 1
868 869 883 1
1310 1764 2514 1
1191 1218 1240 1
549 546 2715 1
2048 2047 2282 1
1935 1637 2025 1
1705 1703 1750 1
1343 1347 2684 1
693 1318 2643 1
843 845 2599 1
765 766 868 1
1635 1634 2047 1
1621 1486 2085 1
739 784 908 1
1327 1326 1328 1
743 744 765 1
2421 1781 2422 1
1328 1326 2743 1
604 605 606 1
606 617 618 1
618 621 622 1
1626 1625 2681 1
2336 2338 2339 1
1098 1097 1192 1
1127 1109 1128 1
1784 1783 3290 1
419 417 420 1
836 835 837 1
1206 1060 2632 1
130 131 334 1
3001 2129 3661 1
1552 2037 2666 1
717 718 1063 1
2849 2634 3555 1
2278 2450 2451 1
2617 1851 2662 1
1838 1837 2017 1
1316 1514 1515 1
849 850 870 1
1864 1757 1865 1
609 610 611 1
2091 1497 2582 1
550 551 552 1
125 126 333 1
2213 1887 2278 1
336 2754 2755 1
963 964 965 1
745 722 2563 1
1991 2100 2221 1
1146 1086 2661 1
724 725 726 1
1301 1302 1303 1
127 128 2711 1
1513 1512 1837 1
841 843 844 1
1635 2047 2048 1
839 840 841 1
649 665 1735 1
1296 1301 1431 1
931 1053 2924 1
1214 1099 1734 1
965 966 967 1
2342 2344 2346 1
992 993 1113 1
1506 1507 1508 1
2234 1645 2235 1
1113 1114 1115 1
969 970 992 1
2254 2256 2257 1
2586 2091 2653 1
967 968 969 1
898 980 981 1
1644 1398 1645 1
1105 1103 2698 1
841 842 843 1
1115 1116 1222 1
741 691 742 1
2021 2020 3311 1
2643 1946 2709 1
943 942 952 1
736 737 738 1
2070 1639 2703 1
2532 477 3035 1
1453 1451 2745 1
1540 1542 1814 1
121 122 332 1
579 577 580 1
1602 2195 2196 1
1771 2432 3553 1
554 555 556 1
2897 2564 3177 1
2722 2721 2723 1
1789 1835 1836 1
1451 1460 2745 1
2279 1886 2659 1
1785 2606 2692 1
1086 1084 1112 1
1296 1300 1301 1
1877 1506 2594 1
776 748 2554 1
1259 1146 2661 1
560 559 561 1
2657 2056 2658 1
2684 2566 3076 1
2003 2215 2216 1
139 140 258 1
845 847 849 1
439 438 732 1
1633 1634 1635 1
718 720 2545 1
405 406 407 1
852 853 854 1
1963 1962 1964 1
548 549 550 1
1847 1845 2671 1
558 556 559 1
132 133 2730 1
2070 2703 2704 1
936 933 2924 1
2245 1759 2246 1
2067 1766 2488 1
794 1129 2799 1
540 538 668 1
1971 3142 3264 1
2463 1961 2622 1
1792 1488 2699 1
1651 1650 2161 1
1979 1849 2670 1
1044 1315 1316 1
544 542 1064 1
1885 1476 1887 1
1849 1847 2670 1
540 668 2580 1
29 30 2423 1
1965 1964 1966 1
320 249 3145 1
829 1319 2537 1
1335 1338 2680 1
818 821 2621 1
1500 1498 1851 1
1127 1128 1476 1
133 134 263 1
2609 1740 2689 1
217 218 299 1
1004 2602 2879 1
1633 1626 1634 1
609 531 610 1
831 832 1056 1
521 518 522 1
772 898 2821 1
1617 1926 2013 1
762 761 763 1
2363 2361 3152 1
2314 2699 2700 1
642 648 653 1
550 549 551 1
1293 1498 1500 1
1578 1577 1625 1
1961 1960 1962 1
1369 2091 2586 1
131 132 2731 1
3002 80 3078 1
1010 1009 1011 1
409 410 411 1
2656 2655 3622 1
1103 1063 1748 1
2189 1243 2190 1
3481 2868 3488 1
1462 1206 1486 1
1519 1582 2669 1
2801 2802 3301 1
1875 1645 2234 1
398 397 399 1
554 552 555 1
1793 2101 2695 1
548 546 549 1
839 837 840 1
1198 984 2480 1
1920 2590 2591 1
1721 2701 3724 1
2159 1864 2600 1
2554 748 2556 1
336 2755 2756 1
1575 1574 1577 1
1524 1312 1743 1
3098 1954 3337 1
1885 1887 2213 1
437 436 438 1
1537 1536 2655 1
977 888 2668 1
515 514 516 1
710 712 1736 1
1561 1597 2657 1
2422 1781 2645 1
981 1188 1189 1
334 2733 2734 1
1191 1240 2682 1
1128 1295 1296 1
3455 999 3469 1
653 667 692 1
1500 1852 1853 1
2070 2704 2705 1
1600 1958 1959 1
1338 1617 2680 1
1863 1757 1864 1
2720 2721 2722 1
1107 1109 1127 1
144 2312 3539 1
227 228 2499 1
1578 1625 1626 1
1107 1105 1109 1
1410 1890 1891 1
1913 2539 2540 1
760 759 761 1
1498 1499 2662 1
1286 1591 1752 1
955 953 956 1
516 517 518 1
1563 2862 2920 1
72 73 255 1
557 556 558 1
1065 843 2599 1
1682 1683 1684 1
843 842 845 1
477 2532 3008 1
1218 1134 2519 1
701 1363 2694 1
1552 1611 2037 1
1535 2121 2945 1
2801 416 2802 1
828 830 831 1
1291 1292 1293 1
128 129 273 1
611 613 628 1
425 423 426 1
2485 1095 2486 1
541 540 542 1
1963 1965 1967 1
225 226 2647 1
1265 1175 2640 1
1338 1615 1617 1
722 723 724 1
1756 1755 1757 1
130 334 2734 1
1959 1958 1960 1
301 137 2779 1
1873 2879 3289 1
219 2727 2728 1
790 975 2814 1
1189 1376 1378 1
1102 1063 1103 1
757 730 2583 1
1575 1577 1578 1
536 1059 2587 1
2601 590 3716 1
431 429 432 1
1508 1507 1612 1
1597 2056 2657 1
1825 1827 2034 1
1639 1458 2703 1
2347 2543 3690 1
1872 1004 1873 1
123 124 280 1
119 120 283 1
841 840 842 1
543 542 544 1
505 504 506 1
1405 1760 2076 1
747 663 748 1
850 851 852 1
1724 636 2713 1
758 757 759 1
644 630 1332 1
128 273 2711 1
611 628 2642 1
2661 1112 3010 1
2697 2271 3723 1
1298 1387 2685 1
718 719 720 1
1728 1726 2717 1
1625 2043 2261 1
1573 1572 1574 1
1511 1265 1536 1
781 2709 2710 1
1766 1765 1767 1
935 937 2751 1
547 546 548 1
553 552 554 1
536 534 1059 1
435 433 436 1
2585 2422 3128 1
1317 1432 1726 1
2354 44 3736 1
142 143 302 1
1573 1574 1575 1
1656 1351 2569 1
511 508 512 1
3539 2149 3687 1
1104 1103 1105 1
545 544 546 1
856 855 857 1
998 997 1219 1
214 215 2782 1
1315 1033 2521 1
527 522 1091 1
1883 1868 1884 1
1158 519 2835 1
2451 2450 2523 1
361 360 3244 1
2170 2168 2178 1
1980 1979 2090 1
1880 2369 3153 1
135 136 2737 1
926 923 2539 1
2634 2633 2918 1
925 926 927 1
512 513 514 1
825 826 1055 1
336 216 2754 1
891 889 2675 1
1012 1011 1013 1
1597 2055 2056 1
1793 1792 2101 1
1489 1488 1792 1
1537 2655 2656 1
1123 2720 2722 1
2484 1126 3085 1
1034 1044 2865 1
822 824 825 1
1959 1961 2463 1
502 503 504 1
720 721 722 1
539 538 540 1
1251 1567 2654 1
691 648 2827 1
768 769 817 1
1777 1426 2927 1
1698 2467 2546 1
1319 1957 2537 1
1387 1299 1488 1
135 2737 2738 1
2187 2048 2364 1
1906 1793 2695 1
1329 1398 1644 1
449 2759 2888 1
2765 2059 3525 1
1534 1788 1789 1
620 619 637 1
501 498 502 1
1298 895 1299 1
952 1384 2574 1
1877 2594 2595 1
849 870 2407 1
1171 1198 1317 1
1840 1839 2777 1
2166 2164 2179 1
132 2730 2731 1
1536 1265 2640 1
818 820 821 1
1900 936 2924 1
898 1492 2821 1
1734 2621 3017 1
877 815 2708 1
224 225 2648 1
1504 1506 1877 1
696 2694 2764 1
845 846 847 1
707 708 728 1
1153 1152 1154 1
2395 2394 2396 1
609 2642 2663 1
1565 2633 2634 1
217 299 2754 1
708 710 2750 1
1283 1383 1628 1
829 1130 1319 1
1248 891 2675 1
1319 1320 1321 1
1625 2261 2681 1
1068 1070 1071 1
1502 1504 2633 1
1055 826 2823 1
1293 1294 1498 1
1484 1629 1630 1
565 567 1057 1
1291 1290 1292 1
134 135 2738 1
560 562 564 1
1764 1763 1765 1
1321 1322 1323 1
1439 1729 1730 1
1057 567 2678 1
1347 2566 2684 1
1323 1325 1326 1
1155 1154 1241 1
817 818 2621 1
2290 1884 2291 1
1437 1197 1755 1
1739 1741 1742 1
1617 2013 2693 1
1318 1464 1465 1
1489 1792 1793 1
1488 1725 2699 1
1334 2680 3062 1
204 205 2965 1
1731 1781 2421 1
609 611 2642 1
1584 1267 1613 1
2572 2573 3130 1
583 581 584 1
215 216 336 1
1307 1306 1308 1
1728 2718 2719 1
259 2828 2829 1
1511 1536 1537 1
1387 1488 1489 1
2219 2311 3256 1
2759 2760 2888 1
634 1239 1870 1
512 514 515 1
1309 1308 1310 1
714 715 716 1
2278 1887 2450 1
1465 1569 1570 1
2437 2435 2439 1
1910 3125 3584 1
2575 1741 2750 1
1742 1741 2412 1
369 367 1717 1
117 331 2830 1
516 518 521 1
453 454 2817 1
300 2503 2943 1
954 1003 1700 1
908 1487 2464 1
2714 1755 2847 1
1251 1566 1567 1
1118 877 2708 1
1570 1571 1572 1
1800 1519 2669 1
1123 1124 2720 1
506 507 508 1
1617 1615 1926 1
495 494 496 1
1738 728 1739 1
1570 1572 1573 1
1462 1486 1621 1
1644 1645 1875 1
496 497 498 1
611 610 612 1
1298 1299 1387 1
1353 1483 1484 1
546 544 2715 1
367 365 2483 1
160 161 309 1
1570 1573 2762 1
154 155 306 1
219 220 2727 1
1354 1355 1594 1
1128 1296 2613 1
613 612 614 1
1499 1502 1565 1
1632 1626 1633 1
155 156 2858 1
1069 1067 1290 1
1567 1568 1774 1
578 579 3013 1
1349 1350 1351 1
655 636 1724 1
1741 728 2750 1
2127 1749 2603 1
447 446 627 1
1774 1775 2317 1
537 536 538 1
1443 1822 2818 1
1978 1849 1979 1
1244 1089 1288 1
2689 1742 2690 1
1614 1613 2005 1
2152 1769 2153 1
502 504 505 1
615 614 619 1
626 602 2744 1
707 706 708 1
1106 1105 1107 1
1573 1923 2762 1
1739 728 1741 1
755 730 757 1
2255 2254 3497 1
1728 2717 2718 1
693 752 1318 1
55 56 2791 1
2034 1827 2035 1
1347 1348 1349 1
1565 2634 2635 1
738 749 750 1
1305 1304 1306 1
1565 1502 2633 1
893 891 1248 1
1139 1054 2468 1
2332 2625 2626 1
1991 1485 2100 1
1351 1352 1353 1
1477 1476 1885 1
828 831 2823 1
1488 1299 1725 1
1946 1465 2762 1
704 706 707 1
2399 2391 2883 1
2479 2458 3181 1
1757 1755 2714 1
516 514 517 1
1638 1458 1639 1
908 784 1152 1
1318 1465 1946 1
1318 752 1464 1
2603 495 2850 1
1258 1146 1259 1
895 893 2619 1
2534 2535 2842 1
1514 2630 2631 1
218 219 2728 1
1519 1581 1582 1
1458 1456 2703 1
702 704 2788 1
1675 1660 2040 1
1518 1263 1519 1
2984 2014 3076 1
1490 1258 2767 1
1499 1565 2662 1
1301 1300 1302 1
506 508 511 1
1303 1302 1304 1
1937 1639 2069 1
1232 1231 1249 1
2006 2005 2113 1
1254 757 2583 1
854 853 855 1
1006 776 2554 1
1068 1071 2664 1
1574 1576 2702 1
2723 2721 2724 1
1843 1840 2777 1
2047 1634 2241 1
521 522 526 1
1493 1973 1974 1
554 556 557 1
1128 1109 1295 1
1666 1898 2908 1
502 505 2673 1
492 493 494 1
1565 2635 2662 1
526 527 530 1
3124 1592 3125 1
976 977 1209 1
158 159 2921 1
1518 1519 1800 1
1625 1577 2043 1
701 702 1117 1
2056 2055 2247 1
148 149 303 1
698 701 2694 1
557 558 1060 1
887 888 976 1
1234 1438 1439 1
1066 1068 2664 1
1708 2133 2838 1
530 531 607 1
2037 1611 2038 1
1497 2009 2010 1
1260 1181 1261 1
1363 1117 1546 1
384 383 385 1
289 2322 2530 1
2226 2225 2227 1
287 29 2423 1
1102 1103 1104 1
889 877 1118 1
1680 1681 1682 1
1498 1294 1499 1
720 745 2545 1
1465 1464 1569 1
2101 1792 2314 1
854 856 2740 1
491 490 492 1
1504 1505 1506 1
2069 1639 2070 1
363 361 364 1
1524 1743 1917 1
1360 1599 1600 1
775 776 887 1
2421 2605 2981 1
1638 1639 1937 1
496 498 501 1
161 162 2938 1
1369 1496 1497 1
1574 1572 1576 1
1014 1013 1015 1
1764 2066 2514 1
1863 1864 2159 1
1293 1292 1294 1
1740 1739 2689 1
1296 1295 1300 1
127 2711 2746 1
1493 1974 2743 1
1536 2640 3165 1
1670 1668 2770 1
1188 980 2766 1
209 210 304 1
2467 2459 3002 1
1119 491 2706 1
844 1066 1333 1
1018 1017 1179 1
203 204 307 1
1456 1453 2745 1
750 777 778 1
762 763 768 1
839 841 2697 1
1756 1757 1863 1
1016 1015 1017 1
2608 1740 2609 1
717 1063 1102 1
1209 1251 2654 1
1061 1356 1360 1
1905 1793 1906 1
1151 1181 1260 1
1570 1569 1571 1
550 552 553 1
535 534 536 1
1220 1219 1400 1
707 728 1738 1
607 609 2663 1
1329 1644 2834 1
1845 1843 1850 1
165 166 344 1
850 847 851 1
1120 1123 2741 1
686 693 2643 1
2592 2593 2775 1
1261 1518 2763 1
1123 2722 2741 1
893 1248 2619 1
1201 1200 1202 1
815 813 915 1
1124 1151 2720 1
2720 1260 2721 1
502 498 503 1
1261 1263 1518 1
2735 2736 3585 1
1738 1739 1740 1
506 504 507 1
211 212 337 1
512 508 513 1
589 587 591 1
712 713 714 1
1776 1426 1777 1
1261 1262 1263 1
1877 2595 2918 1
2393 2391 2394 1
1506 1505 1507 1
1331 691 2827 1
2062 1891 2063 1
2789 1917 2790 1
548 2712 2713 1
659 1120 2741 1
1437 1755 1756 1
2577 277 3356 1
492 494 495 1
1739 1742 2689 1
216 217 2754 1
821 2997 3017 1
698 700 701 1
2386 2385 2778 1
1518 1801 2763 1
201 202 341 1
1333 1066 2664 1
701 700 702 1
550 553 2712 1
157 158 270 1
287 2423 2424 1
2441 1865 2442 1
844 1333 2697 1
472 474 2776 1
2064 2063 2125 1
831 2520 2823 1
1394 1825 2882 1
3594 3134 3670 1
760 761 762 1
1535 2059 2121 1
1057 2678 2679 1
1564 2021 2644 1
2721 1260 2763 1
852 851 853 1
696 698 2694 1
1230 1229 1231 1
1600 1944 1958 1
806 805 2797 1
1414 1653 3212 1
86 87 335 1
1385 1951 3300 1
1071 1072 1073 1
1738 2607 2788 1
548 550 2712 1
1402 1400 1590 1
693 694 752 1
1893 1749 2127 1
2811 2658 2812 1
561 559 1094 1
1007 1274 2792 1
824 823 2758 1
1713 446 2544 1
3401 354 3472 1
1709 1198 2480 1
1644 2237 2834 1
1564 2020 2021 1
482 483 484 1
149 150 2848 1
747 748 775 1
205 206 2901 1
3296 2688 3299 1
788 786 2793 1
1628 1771 2193 1
97 98 310 1
701 1117 1363 1
1945 1670 2770 1
1354 1659 2796 1
1333 2664 2665 1
1158 2835 2985 1
728 708 2750 1
1278 2469 2781 1
1339 1341 2014 1
758 759 760 1
151 152 268 1
566 563 590 1
267 2499 2826 1
707 1738 2788 1
1250 1249 1266 1
482 484 485 1
1889 1886 2279 1
524 634 2835 1
2730 263 3031 1
551 549 1927 1
480 482 2784 1
1104 1105 1106 1
1635 2048 2187 1
2197 2199 3100 1
989 2236 3270 1
1721 907 2701 1
167 168 290 1
2385 1407 2387 1
1151 1180 1181 1
1513 1838 3273 1
732 1386 2629 1
1921 1732 1956 1
975 788 2793 1
382 381 383 1
628 613 2963 1
541 542 543 1
1228 1227 1229 1
810 806 2797 1
2478 2598 3561 1
1603 1482 2837 1
1519 1263 1581 1
710 711 712 1
373 374 375 1
445 443 446 1
2650 2651 2652 1
480 481 482 1
1978 1979 1980 1
1502 1503 1504 1
1197 1045 2847 1
262 214 2782 1
539 540 541 1
1708 2132 2133 1
1595 1754 2208 1
518 517 523 1
686 688 693 1
718 716 719 1
1586 1298 2685 1
1343 1345 1347 1
1549 1471 2026 1
501 502 2673 1
2779 138 2780 1
196 197 311 1
1542 2631 3049 1
545 546 547 1
496 494 497 1
393 395 396 1
684 686 2643 1
796 794 2799 1
56 330 2791 1
163 164 274 1
1330 1328 1473 1
594 592 595 1
2267 2268 2269 1
1782 2406 3162 1
492 490 493 1
2685 1387 2772 1
569 571 573 1
1151 1260 2720 1
1913 926 2539 1
1261 1181 1262 1
1699 1785 3453 1
708 709 710 1
547 548 2713 1
543 544 545 1
385 387 388 1
474 480 1255 1
123 280 2809 1
428 1126 2484 1
1801 1800 2532 1
1075 1076 1077 1
896 895 1298 1
1582 1581 2030 1
2568 1656 2569 1
1035 2624 3192 1
1121 1119 1749 1
1744 1490 1745 1
841 844 2697 1
1278 2468 2469 1
215 336 2782 1
2703 1456 2745 1
2442 2748 3262 1
206 207 265 1
1623 1458 1638 1
2867 1945 2868 1
1745 1490 2767 1
1850 1843 2777 1
142 302 2774 1
2332 2331 2333 1
533 532 534 1
829 827 1130 1
755 757 758 1
145 146 264 1
1296 1431 2613 1
2388 1222 2883 1
2154 3648 3662 1
182 183 315 1
1606 2232 2919 1
1235 1156 2877 1
1578 1626 1632 1
91 92 339 1
1026 1025 1048 1
995 902 2884 1
213 214 262 1
289 2321 2322 1
991 990 1001 1
28 29 287 1
1457 1456 1458 1
2641 867 2972 1
957 956 958 1
2224 2075 2225 1
734 690 735 1
1366 1368 1369 1
798 796 871 1
1260 1261 2763 1
726 725 727 1
576 2485 2955 1
307 204 2965 1
2412 1741 2575 1
2596 1935 3338 1
1255 480 2784 1
54 55 296 1
138 139 2780 1
985 918 986 1
121 332 2840 1
1465 1570 2762 1
1510 1265 1511 1
837 835 848 1
482 485 2784 1
792 790 2814 1
474 479 480 1
804 802 805 1
2505 2509 2845 1
184 3061 3567 1
693 688 694 1
1077 1078 1079 1
194 195 343 1
808 806 810 1
989 988 990 1
262 2349 3330 1
199 200 269 1
1255 2784 2785 1
125 333 2798 1
1449 1448 2810 1
3202 2687 3243 1
1226 1225 1227 1
1309 2514 3339 1
858 857 2604 1
1127 1476 1477 1
490 488 2794 1
582 1650 1651 1
1360 1356 1599 1
1073 1074 1075 1
922 692 923 1
1499 1501 1502 1
917 900 918 1
2346 2344 2347 1
1730 2018 2726 1
1885 2213 2659 1
1106 1107 1108 1
537 538 539 1
298 2650 3156 1
1451 1449 1460 1
845 842 846 1
899 884 900 1
1632 1633 2230 1
704 705 706 1
76 77 2479 1
1208 1425 1995 1
1216 1125 2808 1
2127 2603 2819 1
2607 1740 2608 1
1455 1453 1456 1
2252 2218 2253 1
702 703 704 1
2134 1851 2617 1
1213 1214 2952 1
1234 1439 2981 1
1819 1479 1881 1
386 383 2805 1
1585 1408 2074 1
1824 1823 3031 1
1321 1320 1322 1
1730 1729 2018 1
119 283 2806 1
715 1339 2676 1
3206 2013 3228 1
794 792 1129 1
1319 1130 1320 1
1460 1449 2810 1
1323 1322 1325 1
1326 1325 1493 1
2074 1408 3054 1
1886 1885 2659 1
1573 1575 1923 1
535 536 537 1
1489 1793 1905 1
973 1092 1093 1
997 2751 2995 1
56 57 330 1
1239 1482 1603 1
1606 2058 2232 1
1509 1278 2781 1
743 727 744 1
634 1238 1239 1
1264 1175 1265 1
1518 1800 1801 1
1597 1641 2055 1
2335 2333 2336 1
2503 2506 2943 1
81 297 3078 1
1504 1503 1505 1
704 707 2788 1
1983 1982 2001 1
1124 1150 1151 1
1099 817 2621 1
894 893 895 1
2352 3293 3556 1
2237 1875 2288 1
489 488 490 1
1338 1434 1615 1
1392 1618 1619 1
2676 2014 2984 1
1934 1315 2521 1
1962 1960 2088 1
529 525 532 1
1326 1493 2743 1
903 1096 1097 1
1034 1033 1044 1
1561 1596 1597 1
1974 1973 2188 1
1727 1726 1728 1
694 696 2764 1
1889 2279 2280 1
485 484 486 1
659 2741 2844 1
1884 1868 3047 1
496 501 2850 1
1905 1906 2160 1
84 85 266 1
741 772 2821 1
920 879 2832 1
1053 1195 1257 1
1439 1438 1729 1
2793 786 3037 1
859 907 1721 1
1445 1443 2818 1
429 428 2484 1
1379 1378 1380 1
1981 1980 1982 1
1121 1749 1893 1
303 149 2848 1
1038 1036 1149 1
1477 1885 1886 1
491 492 2706 1
1447 1445 1448 1
2633 1877 2918 1
336 2756 2782 1
2196 2195 2197 1
765 744 766 1
380 379 381 1
2786 886 2787 1
1464 752 1787 1
868 766 869 1
156 157 2983 1
724 723 725 1
1588 1418 2576 1
477 472 2776 1
928 927 984 1
485 1770 2784 1
959 958 960 1
2752 2084 2753 1
648 639 2827 1
1638 1937 2084 1
137 138 2779 1
1860 1218 2519 1
598 596 599 1
2467 3002 3078 1
627 1722 1723 1
7 8 351 1
1186 1134 1191 1
1110 1001 1144 1
1204 1391 1392 1
2741 2722 2962 1
1024 1022 1025 1
1776 1777 2012 1
2723 2724 3033 1
453 451 454 1
1381 1380 1608 1
375 1564 2644 1
753 2984 3076 1
732 880 1386 1
1131 1055 1132 1
1133 1132 1134 1
169 170 347 1
2650 2652 3156 1
1758 1621 1759 1
458 456 1135 1
1215 1125 1216 1
1593 1854 2049 1
1151 1150 1180 1
1825 1826 1827 1
1469 1467 1698 1
1638 2084 2752 1
892 891 893 1
2111 1759 2245 1
439 732 2629 1
1752 1591 2002 1
1761 2682 2683 1
924 923 925 1
602 600 603 1
585 584 586 1
720 719 721 1
1415 1397 2057 1
1600 1599 1944 1
1899 420 2859 1
1609 1608 1949 1
871 2799 2800 1
474 1255 2776 1
871 796 2799 1
99 100 345 1
1516 1515 1540 1
2238 1949 2239 1
1109 1105 2698 1
456 453 2817 1
2121 2059 2765 1
1738 1740 2607 1
487 486 488 1
680 682 781 1
11 12 342 1
883 869 884 1
402 401 403 1
1032 1030 1033 1
1120 1122 1123 1
1623 1638 2752 1
2049 2126 2637 1
2657 2658 2811 1
296 55 2791 1
2446 1653 3613 1
1731 2421 2981 1
1457 1458 1623 1
1418 1419 1579 1
415 416 417 1
425 426 427 1
2003 2002 2215 1
1571 1569 2151 1
658 657 661 1
1036 1034 2865 1
1576 1572 2949 1
89 90 276 1
1335 1337 1338 1
1443 1441 1822 1
464 466 2861 1
637 638 649 1
2292 1780 2293 1
1205 1060 1206 1
1744 1745 2880 1
2511 2757 3654 1
1708 1929 2132 1
708 706 709 1
2082 2080 2209 1
3456 2753 3467 1
961 960 962 1
1870 1239 3543 1
192 193 271 1
790 788 975 1
722 721 723 1
241 242 2943 1
1461 1206 1462 1
698 699 700 1
756 873 1277 1
674 676 946 1
2685 2772 2773 1
472 473 474 1
1215 1216 1583 1
1123 1122 1124 1
1651 2161 2162 1
1312 1209 2654 1
659 491 1119 1
1502 1501 1503 1
1511 1537 1646 1
921 1009 1010 1
752 694 2764 1
533 534 535 1
419 420 421 1
1129 792 2814 1
1524 1917 2789 1
41 42 2371 1
1785 1695 1786 1
1441 1235 2877 1
306 155 2858 1
2665 2664 3012 1
2640 2641 3131 1
1361 1358 2820 1
2063 1891 2954 1
1143 1174 1334 1
2322 2323 2324 1
1672 1670 1945 1
489 490 491 1
1101 984 1171 1
435 436 437 1
1257 1374 1512 1
1455 1456 1457 1
896 1298 1586 1
431 432 433 1
1482 1779 2837 1
1395 1197 1437 1
1387 1489 2772 1
1779 2072 2273 1
1140 1297 1716 1
1499 1294 1501 1
2341 2340 2342 1
524 528 634 1
1108 1107 2874 1
2438 2436 3154 1
826 828 2823 1
1489 1905 2772 1
890 889 891 1
510 500 1157 1
1552 1553 1611 1
488 1137 2794 1
346 3039 3538 1
1808 1361 2820 1
1349 1348 1350 1
974 817 1099 1
2216 2215 2219 1
2254 2253 2256 1
2568 2569 3151 1
2263 2207 2272 1
1416 1191 2682 1
485 486 487 1
702 700 703 1
670 672 1796 1
2339 2338 2340 1
1135 456 2817 1
469 467 1194 1
259 221 2828 1
630 607 2663 1
1520 1416 1761 1
696 697 698 1
454 451 2888 1
1354 1288 1355 1
1120 1119 1121 1
1042 1040 1047 1
1124 1122 1125 1
2820 1358 2928 1
714 717 2813 1
2051 1808 2139 1
529 532 533 1
804 805 806 1
485 487 1770 1
714 713 715 1
1813 1541 1930 1
504 503 2686 1
999 2922 3469 1
1605 1377 2244 1
1761 1416 2682 1
1497 1496 2009 1
694 695 696 1
1196 1045 1197 1
1124 1125 1150 1
1464 1787 2803 1
1668 1666 2908 1
507 2687 2783 1
1061 1360 2996 1
634 1870 2835 1
659 1119 1120 1
1243 1241 2584 1
1327 1329 2834 1
1579 1580 1942 1
1310 1762 1763 1
2635 2634 2849 1
1555 1557 1563 1
1767 2294 2295 1
2784 1770 2785 1
1888 1886 1889 1
1448 1445 2818 1
586 1286 2639 1
1009 2792 2992 1
1362 1707 1708 1
1121 1893 2808 1
1814 2486 3294 1
636 547 2713 1
3654 2757 3734 1
1222 1116 1223 1
1173 1142 1175 1
1539 1551 1552 1
157 270 2983 1
487 488 489 1
1995 1425 1996 1
1394 1824 1825 1
478 2855 2856 1
1215 1583 2116 1
1102 1104 2531 1
484 483 499 1
1410 1187 1890 1
1127 1477 2874 1
831 1056 2520 1
1150 1125 1215 1
1415 2057 2870 1
2116 1583 2136 1
1347 1345 1348 1
470 477 3008 1
878 877 889 1
1526 2666 3019 1
482 481 483 1
1630 1629 1649 1
189 190 312 1
488 486 1137 1
949 948 950 1
963 962 964 1
2208 1754 2375 1
604 603 605 1
1213 1099 1214 1
1357 1610 2881 1
486 484 2807 1
416 413 3162 1
712 711 713 1
1706 1361 1808 1
1357 1359 1610 1
427 428 429 1
606 605 617 1
618 617 621 1
1067 1065 2825 1
1484 1483 1629 1
1351 1350 1352 1
2130 2027 2131 1
25 26 293 1
480 479 481 1
390 391 392 1
1644 1875 2237 1
508 507 2783 1
568 566 2616 1
1113 993 1114 1
1578 1632 2887 1
1115 1114 1116 1
470 472 477 1
141 142 2774 1
493 490 2794 1
1755 1197 2847 1
501 2674 2850 1
509 519 1158 1
2532 1800 2979 1
756 1277 2968 1
965 964 966 1
489 491 659 1
992 970 993 1
1369 1368 1496 1
1239 1238 1482 1
1010 1011 1012 1
969 968 970 1
464 462 466 1
894 895 896 1
624 623 632 1
404 403 405 1
967 966 968 1
1525 2789 2971 1
1569 1464 2803 1
1735 2464 3238 1
449 447 2759 1
1353 1352 1483 1
633 632 640 1
445 446 447 1
673 671 2854 1
79 80 3002 1
1895 1805 1896 1
1920 1594 2590 1
1120 1121 1122 1
1787 752 2764 1
710 709 711 1
2030 1581 2031 1
1923 1575 2887 1
652 651 657 1
1447 1448 1449 1
1544 1868 1883 1
2694 1363 3167 1
608 607 630 1
1210 1209 1312 1
686 687 688 1
635 547 636 1
492 495 2706 1
861 858 2604 1
1970 1728 2719 1
2627 2335 3230 1
634 528 1238 1
221 222 2828 1
1125 1122 2808 1
2463 2623 3108 1
1292 1290 1916 1
1942 1943 2315 1
2035 1827 2725 1
647 646 651 1
1477 1888 2874 1
1180 1150 2816 1
670 1796 3007 1
1612 1507 2157 1
2267 2265 2268 1
2397 1375 3641 1
465 468 1138 1
1977 1849 1978 1
1264 1265 1510 1
821 822 2997 1
2712 3090 3092 1
474 473 479 1
892 893 894 1
729 655 730 1
495 496 2850 1
1061 1062 1356 1
3199 1144 3579 1
654 636 655 1
1981 1982 1983 1
467 464 2861 1
704 703 705 1
1122 1121 2808 1
473 471 478 1
631 630 644 1
2666 2037 3208 1
622 621 623 1
2496 885 3073 1
1000 3087 3347 1
2216 2219 2769 1
2353 2352 2866 1
470 471 472 1
684 685 686 1
1597 1596 1641 1
1716 2044 2144 1
916 872 2852 1
1978 1980 1981 1
1058 2740 2988 1
553 554 2957 1
641 640 646 1
2151 1569 2803 1
437 438 439 1
716 715 2676 1
484 499 2807 1
1848 1847 1849 1
2034 2035 3252 1
694 688 695 1
48 49 294 1
1779 2273 2837 1
1463 2473 3646 1
1371 1373 2024 1
1106 1108 1314 1
1708 1707 1929 1
934 997 998 1
754 730 755 1
1954 1836 1955 1
1241 1242 1388 1
187 188 348 1
1393 1372 1622 1
468 469 470 1
645 644 663 1
649 650 665 1
2231 2230 2377 1
1454 1453 1455 1
70 71 2320 1
662 661 689 1
664 663 747 1
1666 1664 1898 1
1149 1036 2865 1
816 815 877 1
535 537 1145 1
1615 1434 1616 1
251 252 3023 1
2408 870 3130 1
2368 1713 2544 1
1150 1215 2816 1
751 673 2854 1
653 692 922 1
1295 1109 2698 1
1452 1451 1453 1
1215 2116 2816 1
1672 1945 2867 1
1756 1863 2104 1
1048 2250 2551 1
1878 1459 2123 1
1285 1429 1430 1
1457 1623 2065 1
2862 2812 2863 1
982 916 983 1
388 389 390 1
814 813 815 1
185 186 279 1
2770 1668 2908 1
785 886 2786 1
1313 1312 1524 1
1338 1337 1434 1
665 666 739 1
465 467 468 1
742 691 1331 1
1709 2480 3283 1
1095 568 2616 1
1825 2034 2882 1
481 479 1790 1
1846 1845 1847 1
1827 1826 1947 1
557 1060 1205 1
1043 1046 1061 1
933 931 2924 1
1733 874 2061 1
1194 467 2861 1
1157 500 2895 1
1173 1175 1264 1
675 673 751 1
890 891 892 1
2057 1397 3027 1
983 916 2852 1
171 172 277 1
1779 1778 1780 1
523 1156 1234 1
1860 2519 2824 1
1107 1127 2874 1
1493 1772 1973 1
1770 487 2844 1
1462 1621 1758 1
1477 1886 1888 1
875 865 944 1
835 833 2771 1
1549 2026 2027 1
469 1194 2855 1
1334 1174 1335 1
1866 3325 3429 1
1482 1778 1779 1
847 846 2935 1
857 855 2833 1
1883 1884 2290 1
1827 1947 2725 1
2037 2038 3258 1
1005 1478 3042 1
461 463 476 1
614 612 1160 1
1275 1008 1463 1
1944 1599 2042 1
1444 1446 1535 1
812 811 813 1
1395 1437 1642 1
528 525 529 1
463 464 465 1
94 95 281 1
1844 1843 1845 1
457 459 1256 1
925 927 928 1
1992 1928 2112 1
1482 1238 1778 1
2072 1780 2292 1
1550 1538 2099 1
615 620 3109 1
1575 1578 2887 1
507 2686 2687 1
1302 1300 1924 1
637 619 638 1
2710 1923 3045 1
2001 3367 3377 1
1234 1235 1438 1
1196 1197 1395 1
1535 1751 2059 1
1658 1426 1776 1
489 659 2844 1
739 740 784 1
1450 1449 1451 1
1372 1213 2952 1
1037 1039 1049 1
898 981 1492 1
524 520 525 1
1779 1780 2072 1
1450 1452 1904 1
501 2673 2674 1
698 697 699 1
878 889 890 1
1706 1808 2051 1
1929 2093 2094 1
717 1102 2813 1
682 683 684 1
211 337 2914 1
1822 1441 2877 1
514 513 3011 1
715 764 1339 1
472 471 473 1
2172 2175 2181 1
1454 1459 1606 1
2686 503 2688 1
470 469 471 1
2172 2181 3041 1
1610 1359 2838 1
1594 1595 2590 1
681 679 774 1
529 533 616 1
1929 1707 2093 1
396 397 398 1
825 1055 1131 1
1424 1207 1426 1
2246 3015 3609 1
499 500 509 1
1842 1840 1843 1
1340 764 1797 1
2038 1611 2039 1
291 2513 2948 1
1996 1997 1998 1
1440 1442 1807 1
1294 1292 2815 1
709 706 2911 1
519 510 520 1
1359 1361 1362 1
1362 1708 2838 1
1632 2231 2887 1
911 881 1159 1
1505 1503 1832 1
1998 1999 2000 1
785 787 886 1
461 462 463 1
2997 1986 3017 1
1517 1804 2015 1
1356 1062 1357 1
378 377 379 1
1556 1554 1862 1
468 467 469 1
1339 1340 1341 1
1825 1824 1826 1
1102 2531 2813 1
1409 1346 2106 1
1601 2897 3177 1
940 1004 1872 1
292 2830 2831 1
487 489 2844 1
2724 1801 3035 1
2076 1760 2141 1
304 210 2914 1
559 556 2958 1
1012 1013 1014 1
780 782 783 1
1388 1389 1660 1
696 695 697 1
521 526 1809 1
206 265 2901 1
1606 1878 2058 1
509 500 510 1
2293 1780 2976 1
539 541 629 1
210 211 2914 1
499 483 500 1
1306 1304 1601 1
1053 930 1195 1
1613 1267 3052 1
807 806 808 1
465 464 467 1
58 59 254 1
2359 2361 2362 1
809 808 811 1
39 40 2749 1
2327 1704 3516 1
1440 1807 2923 1
1362 1706 1707 1
2913 2196 3055 1
1758 1759 2111 1
545 547 635 1
2400 3354 3420 1
703 700 2903 1
104 105 318 1
3285 2969 3351 1
922 923 924 1
1455 1457 2841 1
688 687 2889 1
513 508 2783 1
687 685 874 1
51 52 256 1
1632 2230 2231 1
1359 1358 1361 1
1594 1355 1595 1
1801 2532 3035 1
459 460 461 1
903 773 1096 1
1317 1726 1727 1
1357 1358 1359 1
463 462 464 1
2901 265 2902 1
1205 1206 1461 1
447 627 2759 1
705 1989 1990 1
789 791 2898 1
473 478 2864 1
1454 1455 1459 1
1999 1997 2086 1
1810 1718 2403 1
973 982 1092 1
21 22 2795 1
1700 1701 1702 1
1357 1062 1358 1
2298 3193 3238 1
478 471 2855 1
1452 1453 1454 1
2123 1459 2841 1
803 802 804 1
1878 2123 2124 1
408 407 409 1
1724 2713 3092 1
1501 1294 2815 1
1310 1308 1762 1
1661 1909 2804 1
509 510 519 1
461 460 462 1
1032 1033 1034 1
1528 1270 1830 1
524 525 528 1
1560 1558 1711 1
801 800 802 1
519 520 524 1
86 335 3005 1
816 877 878 1
1552 1551 1553 1
507 504 2686 1
1283 1628 3029 1
699 867 1141 1
2094 2093 2243 1
758 760 913 1
1208 1424 1425 1
1687 1686 1688 1
1538 1525 2971 1
2171 2170 2173 1
873 916 973 1
1344 1342 1346 1
1598 1562 1928 1
799 798 800 1
2999 307 3000 1
1711 2960 2961 1
1450 1451 1452 1
1791 1510 1869 1
1092 1207 1208 1
1978 1981 2906 1
1661 1663 1909 1
1061 1046 1062 1
270 158 2921 1
684 683 685 1
533 535 2851 1
699 697 867 1
459 458 460 1
1379 1380 1381 1
896 1586 1587 1
1016 1017 1018 1
768 817 974 1
1789 1788 1835 1
1189 1378 1379 1
457 458 459 1
1362 1361 1706 1
577 576 2636 1
686 685 687 1
1137 486 2807 1
1959 2463 3108 1
855 853 863 1
928 984 1101 1
1417 1521 2083 1
775 887 945 1
2233 2153 2285 1
1598 1992 2158 1
448 450 1148 1
2169 2168 2170 1
1561 1562 1596 1
1446 1445 1447 1
613 615 2963 1
2705 2704 3299 1
1606 1459 1878 1
816 878 919 1
783 904 905 1
1359 1362 2838 1
1667 1669 1817 1
1370 1367 1839 1
1014 1015 1016 1
1395 1642 1643 1
59 60 3038 1
1572 1571 2949 1
1665 1667 2900 1
1984 1983 2149 1
1131 1132 1133 1
1790 479 2864 1
1447 1449 1450 1
2536 2063 2954 1
687 874 1733 1
1264 1510 1791 1
1919 1588 2576 1
848 835 2771 1
452 455 475 1
457 456 458 1
791 793 901 1
1727 1728 1970 1
1381 1608 1609 1
1367 1365 2917 1
736 735 737 1
1643 1642 2150 1
122 123 2809 1
2274 1915 2275 1
705 703 1989 1
892 894 999 1
1609 1949 2238 1
2170 2178 3139 1
1996 1425 1997 1
1133 1134 1186 1
1162 1365 1366 1
1450 1904 2933 1
1555 1563 2920 1
654 655 729 1
729 730 754 1
1041 1043 2996 1
711 709 1161 1
309 161 2938 1
1292 1916 2815 1
1316 1515 1516 1
1842 1844 1857 1
2231 2377 2846 1
700 699 2903 1
3152 345 3163 1
635 636 654 1
1493 1325 1772 1
1080 1079 1081 1
1862 1554 2977 1
689 1405 2768 1
1322 1320 1324 1
3049 2631 3506 1
680 681 682 1
523 517 1156 1
1186 1191 1416 1
2551 2250 3680 1
448 447 449 1
1141 867 1142 1
530 607 608 1
953 952 2574 1
1872 1873 2260 1
2531 1104 2878 1
756 872 873 1
797 796 798 1
2018 1729 2201 1
1437 1756 2857 1
706 705 2911 1
801 803 1162 1
1559 1560 1561 1
455 456 457 1
1642 1437 2857 1
678 679 680 1
1339 764 1340 1
804 806 807 1
2716 2155 3662 1
1774 2317 2707 1
814 815 816 1
1141 1142 1143 1
1335 1336 1337 1
1611 1553 2920 1
676 677 678 1
1143 1334 3006 1
455 453 456 1
2226 2227 2228 1
1667 1817 2900 1
2009 2011 2142 1
797 799 914 1
377 375 2644 1
1671 1673 2102 1
1418 1192 1419 1
1848 1977 2060 1
1616 1907 1972 1
535 1145 2851 1
2376 979 3517 1
1335 1174 1336 1
1046 1045 1196 1
1535 1446 1751 1
2786 2787 2970 1
1332 2663 3142 1
976 1209 1210 1
2875 616 2976 1
1848 1849 1977 1
1104 1106 2878 1
1143 1173 1174 1
1101 1171 1185 1
479 473 2864 1
695 688 2889 1
452 451 453 1
1444 1443 1445 1
812 813 814 1
1341 1342 1343 1
1998 1997 1999 1
1424 1426 1658 1
1457 2065 2841 1
1459 1455 2841 1
1385 1901 1951 1
1981 1983 1984 1
973 916 982 1
791 901 2898 1
2491 2017 3457 1
809 812 906 1
2916 1746 3132 1
57 58 2936 1
939 938 3096 1
452 453 455 1
529 616 2875 1
1043 1042 1045 1
715 713 764 1
635 654 1795 1
3280 1214 3349 1
1041 1040 1042 1
450 449 451 1
2457 2459 2466 1
998 1219 1220 1
1161 709 2911 1
1360 1600 3108 1
1024 1025 1026 1
1203 1202 1204 1
1599 1356 2881 1
1984 2149 2312 1
2440 2439 3676 1
1290 1067 2825 1
2459 260 3002 1
1658 1776 1931 1
729 754 756 1
1767 1765 2294 1
1846 1847 1848 1
1442 1441 1443 1
205 2901 2965 1
1977 1978 2906 1
2086 1997 2947 1
1813 1930 2050 1
120 121 2840 1
481 1790 2895 1
1092 982 1207 1
2844 2741 2962 1
2352 2114 3293 1
528 529 2875 1
674 675 676 1
1440 1235 1441 1
1027 1029 1236 1
873 872 916 1
1356 1357 2881 1
1778 2875 2976 1
1043 1045 1046 1
974 1099 1213 1
1616 1434 1907 1
537 539 2886 1
1143 1142 1173 1
2130 3111 3638 1
1343 1344 1345 1
2045 1427 2046 1
471 469 2855 1
1366 1367 1368 1
1778 1238 2875 1
1763 1762 1936 1
1041 1042 1043 1
1841 1842 2893 1
2224 2225 2226 1
1337 1336 1677 1
1238 528 2875 1
2449 3121 3220 1
3642 2151 3659 1
2743 1974 3146 1
1844 1845 1846 1
1257 1195 1374 1
1208 1207 1424 1
754 755 2940 1
719 716 2676 1
19 20 313 1
450 451 452 1
1370 1840 1841 1
22 23 305 1
1842 1843 1844 1
1152 784 2786 1
1300 1295 2876 1
1409 2107 2108 1
2460 1051 3384 1
1973 1772 2077 1
1145 537 2886 1
616 533 2851 1
1039 1038 1040 1
2759 1723 2760 1
1438 1235 1440 1
1444 1445 1446 1
1409 2106 2107 1
587 586 2639 1
1234 1156 1235 1
795 794 796 1
1106 1314 2878 1
682 681 683 1
1039 1040 1041 1
445 447 448 1
1525 1524 2789 1
1585 2074 2075 1
809 811 812 1
1462 1758 2950 1
2654 1567 2934 1
448 449 450 1
252 352 3023 1
1989 703 2903 1
442 444 731 1
2329 2330 2331 1
440 439 441 1
1255 2785 3033 1
807 808 809 1
1278 1139 2468 1
444 443 445 1
680 679 681 1
448 1148 2986 1
1598 1928 1992 1
678 677 679 1
2036 1869 2349 1
1205 1461 1802 1
608 630 631 1
376 375 377 1
2158 1992 2204 1
1512 1374 1975 1
2768 2076 3150 1
672 673 674 1
434 433 435 1
1756 2104 2857 1
468 470 3008 1
793 792 794 1
592 591 2998 1
631 644 645 1
1914 1897 1915 1
1596 1562 1598 1
1557 1558 1559 1
554 557 2957 1
664 747 2944 1
756 754 872 1
645 663 664 1
1097 1096 1472 1
1550 2099 2105 1
649 638 650 1
1839 1367 2917 1
1916 1290 2825 1
1791 1869 2036 1
1561 1560 1562 1
582 1651 3013 1
676 675 677 1
1037 1036 1038 1
242 300 2943 1
1999 2086 2087 1
483 481 2895 1
2324 2325 2326 1
932 934 2836 1
1800 2669 2979 1
2167 2166 2168 1
1341 1340 1342 1
1442 1443 1444 1
687 1733 2889 1
2985 1870 3511 1
1770 2844 2962 1
2042 1599 2881 1
500 483 2895 1
1344 1346 1409 1
2207 1860 2824 1
2426 1491 3561 1
670 671 672 1
1684 1686 1687 1
1802 1461 1803 1
15 16 2742 1
952 1169 1384 1
90 91 2937 1
442 441 443 1
266 85 3005 1
2190 1243 2584 1
1947 1826 1948 1
925 928 2964 1
1348 1345 1547 1
1802 1803 1993 1
1674 1672 2867 1
2039 1611 2920 1
2046 1427 3020 1
2852 872 2940 1
801 802 803 1
2854 671 2944 1
1516 1540 1541 1
1170 2691 3046 1
246 247 3287 1
1241 1154 1242 1
1162 803 1365 1
1440 1441 1442 1
1210 1312 1313 1
1370 1839 1840 1
842 840 3050 1
1846 1848 2930 1
1037 1038 1039 1
982 983 2927 1
3648 2156 3649 1
799 800 801 1
1461 1462 2950 1
755 758 2892 1
853 851 2890 1
2785 1770 2962 1
1595 1753 1754 1
791 790 792 1
645 664 670 1
1993 1803 2533 1
1673 1672 1674 1
430 429 431 1
797 798 799 1
1439 1731 2981 1
2785 2723 3033 1
45 46 257 1
1842 1857 2893 1
1366 1365 1367 1
938 936 1900 1
1527 1471 1549 1
1553 1554 1555 1
1517 924 1799 1
2395 2398 3241 1
2129 2027 2130 1
1313 1524 1525 1
674 673 675 1
628 2963 3190 1
1 2 354 1
619 614 2885 1
1622 1372 2952 1
705 1990 2911 1
1555 1556 1557 1
451 449 2888 1
1553 1551 1554 1
118 119 2806 1
1841 1840 1842 1
922 924 1517 1
1304 1302 2897 1
116 117 2830 1
1559 1558 1560 1
1035 1034 1036 1
3140 731 3161 1
2009 1496 2011 1
1981 1984 2906 1
2302 1918 3297 1
1904 1452 2919 1
543 545 2904 1
1220 1400 1402 1
1579 1419 1580 1
1246 1480 2959 1
330 57 2936 1
1211 1474 2068 1
1394 1823 1824 1
2858 156 2983 1
1295 2698 2876 1
1314 1108 3247 1
1891 1890 2954 1
1549 2027 2129 1
1454 1606 2919 1
894 896 2922 1
459 461 2891 1
699 1141 2903 1
672 671 673 1
1758 2111 2357 1
411 1782 3162 1
2493 1005 3200 1
380 381 382 1
2040 1660 2804 1
539 629 2886 1
731 1798 1985 1
1950 2548 3061 1
670 664 671 1
861 2604 2872 1
723 721 753 1
1130 2758 3015 1
295 76 2479 1
1834 1833 1897 1
1924 1300 2876 1
2108 2107 2109 1
1539 1550 1551 1
2093 1707 2915 1
1343 1342 1344 1
382 383 384 1
1426 1207 2927 1
1256 459 2891 1
1517 1799 1804 1
1470 1527 1712 1
1850 2777 3137 1
1083 1081 1084 1
1035 1036 1037 1
996 1183 1396 1
738 737 749 1
1371 2024 2987 1
2540 1492 3189 1
461 476 2891 1
1797 764 2931 1
1804 1799 1805 1
789 788 790 1
1444 1535 2945 1
1480 1902 1925 1
1368 1367 1370 1
2163 2162 2164 1
608 631 1167 1
325 2373 3148 1
85 86 3005 1
2797 805 3533 1
1925 2305 2306 1
442 443 444 1
1481 1247 1833 1
1286 1287 1591 1
924 925 2964 1
1373 1393 1394 1
1671 1670 1672 1
1074 1072 3220 1
579 582 3013 1
422 421 423 1
974 1213 1371 1
1031 1030 1032 1
934 998 2836 1
399 401 402 1
1173 1264 2910 1
20 21 2925 1
1855 1415 2870 1
2865 1044 3016 1
1707 1706 2915 1
2148 1753 2449 1
1147 1435 1436 1
1371 1213 1372 1
627 1723 2759 1
1026 1048 2873 1
2420 93 3437 1
2102 1673 2103 1
795 796 797 1
1480 1925 2959 1
665 650 666 1
793 794 795 1
434 1427 1428 1
1352 1350 1911 1
1936 1762 2355 1
2683 3129 3194 1
1989 2903 3006 1
2571 3102 3172 1
1394 1393 1823 1
557 1205 2957 1
2949 1571 3021 1
586 1168 1286 1
2690 1742 3169 1
1894 1805 1895 1
1371 1372 1373 1
1971 1895 2128 1
865 861 2872 1
855 863 2833 1
1971 2128 3237 1
1021 1023 1406 1
787 786 788 1
355 3417 3675 1
1804 1805 1894 1
1526 1538 1539 1
1807 1442 2945 1
424 423 425 1
2457 260 2459 1
1313 1525 1526 1
1373 1372 1393 1
332 122 2809 1
744 727 864 1
1894 1895 1971 1
1729 1438 2923 1
16 17 319 1
1434 1337 2907 1
1032 1034 1035 1
614 1160 2885 1
1557 1556 1558 1
2503 2505 2506 1
1406 1816 2182 1
2165 2164 2166 1
596 595 3082 1
1848 2060 2930 1
791 792 793 1
2843 2316 3587 1
1555 1554 1556 1
2893 1857 2894 1
1940 1619 1941 1
2903 1141 3006 1
1094 559 2958 1
440 441 442 1
2169 2170 2171 1
928 1101 1221 1
1171 1317 2899 1
2269 2271 3232 1
1325 1322 2929 1
822 825 2997 1
2139 1808 3116 1
1073 1075 1165 1
638 619 2885 1
2142 2011 2500 1
713 711 2931 1
911 1159 3043 1
1919 2578 3297 1
747 775 2912 1
1704 1701 3516 1
441 439 2629 1
1702 1703 1705 1
2131 2027 3018 1
418 417 419 1
1706 2051 2915 1
642 653 2975 1
851 847 2935 1
1780 1778 2976 1
1447 1450 2933 1
1336 1174 2910 1
739 666 740 1
1302 1924 2897 1
2109 2727 3447 1
986 987 988 1
1264 1791 2910 1
1358 1062 2928 1
1452 1454 2919 1
1185 1171 2899 1
174 175 316 1
762 768 2987 1
2125 2063 2536 1
2712 553 3090 1
1942 1580 1943 1
1539 1538 1550 1
2099 1538 2971 1
1985 1798 2120 1
1174 1173 2910 1
1403 1466 1747 1
360 357 3324 1
1526 1525 1538 1
1446 1447 2933 1
3193 2611 3238 1
2342 2343 2344 1
1388 1242 1389 1
1019 1021 2973 1
1896 1805 3069 1
437 439 440 1
1669 1668 1670 1
23 24 3032 1
1340 1797 2953 1
2621 821 3017 1
784 740 785 1
3090 1993 3092 1
731 444 1798 1
886 787 2969 1
1028 1026 2873 1
872 754 2940 1
789 790 791 1
3047 2004 3141 1
1671 1672 1673 1
1062 1046 2928 1
1417 2083 3014 1
1027 1236 3036 1
101 102 286 1
610 2585 3128 1
1085 1087 1176 1
896 1587 2922 1
3677 2182 3712 1
1812 1813 1874 1
1131 1133 1986 1
1997 1425 2947 1
1754 1753 2148 1
1417 1416 1520 1
91 339 2937 1
758 913 2892 1
785 740 786 1
545 635 2904 1
789 2898 2969 1
1392 1391 1618 1
1553 1555 2920 1
93 2420 3696 1
1438 1440 2923 1
526 530 2932 1
3511 1870 3543 1
2705 2688 3355 1
297 82 3203 1
1046 1196 2928 1
755 2892 2940 1
1601 1304 2897 1
1556 1862 2960 1
1812 1541 1813 1
2272 2207 2824 1
666 650 1364 1
2315 1943 2316 1
1425 1424 2947 1
999 894 2922 1
1527 1549 3001 1
1609 2238 2240 1
1379 1381 1815 1
3290 1783 3529 1
1765 1763 2926 1
574 575 3246 1
1746 1988 3132 1
1029 1028 1030 1
517 514 3011 1
1029 1030 1031 1
1085 1084 1086 1
1337 1677 2907 1
1603 2837 3588 1
1628 2200 3029 1
431 433 434 1
581 580 3080 1
787 788 789 1
1660 1389 1661 1
1308 1306 2990 1
412 411 413 1
1186 1416 1417 1
276 90 2937 1
1758 2357 2950 1
260 79 3002 1
750 749 777 1
1856 3080 3298 1
1320 1130 3015 1
1711 1558 2960 1
875 944 2896 1
3146 1974 3534 1
1147 1146 1258 1
1470 1469 1471 1
42 43 322 1
1987 1744 2880 1
1087 1086 1146 1
1414 1652 1653 1
1517 2015 2975 1
863 853 2890 1
263 2739 3031 1
785 786 787 1
711 1161 2931 1
3021 2151 3642 1
1567 1774 2934 1
2167 2168 2169 1
1266 1714 1715 1
1370 1841 2956 1
1306 1601 2990 1
180 181 350 1
202 203 2999 1
1346 1342 2953 1
3197 1164 3265 1
887 976 2942 1
1223 1224 1225 1
1763 1936 2926 1
2322 2321 2323 1
1207 982 2927 1
747 2912 2944 1
2318 3459 3466 1
1077 1079 1080 1
1669 1670 1671 1
1496 1368 2956 1
867 697 2972 1
1080 1081 1083 1
784 785 2786 1
2155 2154 3662 1
580 577 2636 1
881 875 2896 1
203 307 2999 1
1922 1855 2248 1
434 435 1427 1
884 869 909 1
1667 1666 1668 1
804 807 2967 1
905 947 948 1
1516 1541 1812 1
1027 1026 1028 1
2820 2928 3030 1
2835 1870 2985 1
775 945 2912 1
1468 1467 1469 1
2248 1855 2871 1
928 1221 2964 1
1317 1727 2899 1
1751 1446 2933 1
2917 1365 2967 1
1868 2004 3047 1
553 2957 3090 1
1492 981 2994 1
1043 1061 2996 1
1521 1520 1783 1
764 713 2931 1
1399 1330 3222 1
825 1131 2997 1
1435 1258 1490 1
803 804 2967 1
1627 1490 1744 1
1809 526 2932 1
1715 2155 2909 1
2336 2337 2338 1
671 664 2944 1
1907 1434 2907 1
2640 3131 3165 1
2636 576 2955 1
1138 468 3008 1
1665 1664 1666 1
1428 1427 2045 1
430 431 2905 1
402 403 404 1
2921 159 3009 1
378 379 380 1
427 429 430 1
1665 2900 2989 1
159 160 3009 1
1417 1520 1521 1
2201 1729 2923 1
372 371 373 1
9 10 326 1
635 1795 2904 1
768 974 2987 1
1652 1415 1855 1
1705 1750 2078 1
2169 2171 2172 1
1281 1283 3029 1
1772 1325 2929 1
1322 1324 2929 1
273 2735 3290 1
1080 1083 1831 1
1205 1802 2957 1
1442 1444 2945 1
1204 1392 2974 1
1629 1483 1647 1
1857 1844 2966 1
1663 1662 1664 1
1715 2154 2155 1
2541 2542 3424 1
2336 2339 3230 1
1424 1658 2947 1
1019 1018 1020 1
653 922 2975 1
2182 1816 2183 1
1532 1534 3235 1
1027 1028 1029 1
1712 1527 2092 1
1602 1794 2195 1
1661 1389 1662 1
2008 1613 3052 1
801 1162 2980 1
1817 1669 2982 1
1651 2162 2163 1
2689 2690 3201 1
2910 1791 3044 1
1595 1355 1753 1
742 1331 3034 1
944 865 2872 1
1909 1663 2989 1
445 448 2986 1
945 887 2942 1
1466 1404 1467 1
981 1189 2994 1
1023 1022 1024 1
2175 2174 2176 1
697 695 2972 1
2394 2391 2399 1
1521 1783 1784 1
1667 1668 1669 1
1855 2870 2871 1
2664 1071 3012 1
27 28 3213 1
1803 1461 2950 1
1044 1316 3016 1
690 689 2768 1
3011 513 3147 1
2425 2424 2426 1
1336 2910 3044 1
972 1199 1200 1
914 799 2980 1
1272 1548 1602 1
2175 2176 2180 1
1660 1661 2804 1
600 599 3068 1
1571 2151 3021 1
1671 2102 2982 1
1651 2163 3013 1
414 413 415 1
3030 1643 3116 1
1024 1026 1027 1
1923 2887 3045 1
1021 1020 1022 1
1762 1308 2990 1
283 120 2840 1
1663 1664 1665 1
2083 1521 2993 1
695 2889 2972 1
530 608 2932 1
1523 1636 1637 1
1395 1643 3030 1
1048 2551 2873 1
1547 1345 2978 1
1237 978 1411 1
1665 1666 1667 1
341 202 2999 1
1746 1744 1987 1
729 756 2968 1
2489 1678 3084 1
2172 2171 2174 1
424 425 1136 1
1795 654 2968 1
1021 1406 2973 1
1914 1915 2274 1
1863 2159 3155 1
1472 1821 1908 1
2781 2469 3402 1
1414 1397 1415 1
1549 2129 3001 1
1345 1344 2978 1
1470 1471 1527 1
2294 1765 2926 1
333 2747 3194 1
2877 1156 3011 1
1368 1370 2956 1
773 742 3034 1
1846 2930 2966 1
1861 2550 3182 1
2157 1507 3107 1
2506 2505 2845 1
1661 1662 1663 1
2776 1255 3033 1
1141 1143 3006 1
591 587 2639 1
160 309 3009 1
976 1210 2942 1
1472 1096 1821 1
3471 3134 3594 1
422 423 424 1
1342 1340 2953 1
1097 1472 3048 1
950 971 972 1
721 719 2984 1
654 729 2968 1
176 177 349 1
1409 2108 2978 1
1412 1411 1413 1
444 445 2986 1
2165 2167 2177 1
1374 1195 1828 1
986 918 987 1
1212 987 1397 1
40 41 261 1
419 421 422 1
1951 1901 1952 1
1159 881 2896 1
780 778 782 1
2172 2174 2175 1
1156 517 3011 1
3229 660 3269 1
1774 2707 2934 1
1799 924 2964 1
1406 1023 1816 1
1087 1146 1147 1
1083 1084 1085 1
431 434 2905 1
2890 851 2935 1
1680 1682 1871 1
373 375 376 1
200 201 3026 1
1285 1184 1429 1
331 118 2806 1
1154 1152 2970 1
178 179 285 1
2616 590 3415 1
1468 1469 1470 1
422 424 1190 1
1844 1846 2966 1
2271 838 3723 1
1287 1168 1856 1
434 1428 2905 1
2642 628 3264 1
2458 2457 3219 1
1591 1287 1829 1
1016 1018 1019 1
1189 1379 2994 1
595 592 2998 1
586 584 1168 1
1908 1821 2298 1
2165 2166 2167 1
1324 1320 3015 1
2347 2344 2543 1
3138 2409 3479 1
222 223 3156 1
2311 1020 3256 1
2964 1221 3069 1
2329 2326 2330 1
1403 1402 1404 1
1365 803 2967 1
1495 1413 1593 1
1147 1258 1435 1
2014 2684 3076 1
1554 1551 2977 1
1096 773 3034 1
846 842 3050 1
2563 724 3368 1
1316 1516 3016 1
1787 2764 3167 1
1085 1086 1087 1
974 1371 2987 1
929 2297 3283 1
1915 1897 3302 1
1435 1490 1627 1
1558 1556 2960 1
1628 2193 2200 1
922 1517 2975 1
1580 1419 1820 1
2011 1496 2956 1
2928 1196 3030 1
1466 1467 1468 1
952 942 1169 1
1021 1022 1023 1
1012 1014 1252 1
1551 1550 2977 1
201 341 3026 1
2800 1807 3582 1
409 411 412 1
1344 1409 2978 1
1196 1395 3030 1
621 617 625 1
1627 1744 1746 1
405 407 408 1
2250 3399 3680 1
799 801 2980 1
1505 1832 3107 1
1286 1168 1287 1
3664 281 3738 1
2092 1527 3001 1
61 62 308 1
1652 1855 1922 1
1192 1097 3048 1
2029 410 3462 1
2163 2164 2165 1
612 610 3128 1
2275 1915 3022 1
960 958 1217 1
3018 297 3203 1
1019 1020 1021 1
973 1093 3191 1
956 953 2574 1
2882 2034 3221 1
885 2461 3073 1
415 417 418 1
376 377 378 1
1550 2105 2977 1
1799 2964 3069 1
2223 2075 2224 1
1152 2786 2970 1
3479 2409 3552 1
783 782 904 1
1834 1897 1914 1
622 624 3359 1
1830 1270 3067 1
787 789 2969 1
1227 1225 2913 1
1001 990 1289 1
905 904 947 1
1530 1531 1532 1
605 603 1170 1
2046 3140 3161 1
963 965 3087 1
2342 2340 2343 1
1263 1262 3184 1
988 987 1212 1
80 81 3078 1
608 1167 2932 1
964 962 1100 1
930 911 3043 1
1414 1415 1652 1
1223 1116 1224 1
292 116 2830 1
363 364 365 1
878 890 3106 1
689 1178 1405 1
1589 1390 1858 1
1131 1986 2997 1
1746 1987 1988 1
1798 444 2986 1
1421 1199 1422 1
3121 2588 3220 1
1478 1912 3042 1
58 254 2936 1
3087 2345 3347 1
2303 1794 2304 1
1272 1224 1408 1
2887 2231 3045 1
2355 1762 2990 1
645 670 3007 1
1231 1229 1423 1
329 2446 3451 1
418 419 2939 1
1548 1408 1585 1
993 970 1164 1
1403 1404 1466 1
968 966 1233 1
719 2676 2984 1
1271 1529 1530 1
2027 2026 3018 1
1003 2376 3516 1
1267 1266 3052 1
2490 2023 3223 1
2086 2947 3075 1
753 721 2984 1
1419 1192 3048 1
1384 1169 1385 1
2016 1655 2184 1
1677 1336 3044 1
162 163 3066 1
2151 2803 3659 1
1841 2893 3110 1
115 292 2941 1
2231 2846 3045 1
107 108 288 1
1405 1607 1760 1
1212 1397 1414 1
22 305 2795 1
305 23 3032 1
1481 1833 1834 1
2465 2437 3124 1
2495 2496 3569 1
1532 1533 1534 1
1832 1503 3120 1
913 760 3105 1
809 906 3099 1
1922 2248 2249 1
2324 2323 2325 1
2527 3460 3683 1
642 2975 3109 1
2938 162 3066 1
303 2930 3175 1
2180 3260 3450 1
2053 1939 2054 1
640 632 660 1
1167 631 3007 1
1619 1618 3064 1
3208 2037 3258 1
1126 1140 3085 1
1589 2137 2138 1
2820 3030 3116 1
370 369 371 1
1288 2588 3121 1
1242 1154 2970 1
1834 1914 2202 1
1669 1671 2982 1
2382 290 3587 1
1716 2144 2145 1
1277 873 3191 1
1071 1073 3012 1
1272 1602 2913 1
2440 2259 3487 1
1516 1812 3016 1
2336 2333 2337 1
1654 1422 1655 1
631 645 3007 1
2967 807 3099 1
2957 1802 3090 1
3252 2035 3286 1
1266 1249 1714 1
1925 1902 2305 1
404 405 3067 1
2044 2284 3513 1
408 409 3056 1
599 596 3082 1
2841 2065 3040 1
1200 1199 1421 1
2713 2712 3092 1
3141 2004 3159 1
1220 1402 1403 1
972 971 1199 1
1501 2815 3120 1
985 986 3270 1
287 2424 2425 1
269 200 3026 1
372 373 3071 1
1534 1624 1788 1
3659 2803 3671 1
657 651 746 1
1379 1815 2994 1
2947 1658 3075 1
2224 2226 2229 1
1585 2075 2223 1
462 460 3207 1
1521 1784 2993 1
2144 3513 3590 1
2441 1874 3325 1
376 378 1720 1
2402 1050 3348 1
2975 2015 3109 1
3453 318 3656 1
1663 1665 2989 1
1203 1204 2974 1
1225 1224 1272 1
1607 1178 1876 1
2852 3286 3341 1
267 2826 3058 1
1427 435 3020 1
590 2601 3531 1
1133 1186 3014 1
2123 2841 3040 1
1791 2036 3044 1
2775 2593 3079 1
3 4 338 1
2379 1268 3318 1
21 2795 2925 1
3342 2119 3390 1
1512 1975 3122 1
2186 2082 2281 1
2777 1839 3187 1
3142 1971 3237 1
409 412 3056 1
384 385 3126 1
1654 1655 2016 1
2195 1794 2303 1
1602 1548 1794 1
454 2888 3233 1
1266 1715 3052 1
419 422 2939 1
2449 1753 3121 1
1019 2973 3065 1
770 2517 3368 1
1284 1285 3556 1
2817 454 3292 1
2595 2594 3111 1
412 413 414 1
1313 1526 3019 1
380 382 1433 1
2068 1474 2299 1
414 415 3091 1
2081 2080 2082 1
228 229 3226 1
399 402 3103 1
435 437 3020 1
564 562 3275 1
254 59 3038 1
2331 2330 2334 1
2260 1873 3478 1
1507 1505 3107 1
1821 1096 3034 1
1715 1714 2154 1
762 2987 3105 1
262 2782 3205 1
2134 2937 3678 1
1136 425 3025 1
1979 2670 3387 1
1385 1879 1901 1
1421 1422 1654 1
1167 2364 3427 1
1448 2818 3243 1
2646 1921 3344 1
2338 2337 2345 1
1073 1165 3012 1
1697 1696 1938 1
2031 1581 3184 1
1990 1989 3062 1
412 414 1246 1
195 196 3088 1
1901 1879 2191 1
1986 1133 3014 1
1697 1939 2052 1
2917 2967 3099 1
1658 1931 3075 1
208 209 3254 1
2258 1624 2259 1
1385 1169 1879 1
1186 1417 3014 1
1165 1075 3024 1
437 440 3020 1
425 427 3025 1
1930 3294 3364 1
2182 2183 3712 1
786 740 3037 1
994 996 3003 1
1272 1408 1548 1
1246 2959 3056 1
3157 2177 3246 1
1210 1313 3019 1
13 14 324 1
3006 1334 3062 1
2154 1714 2156 1
358 360 361 1
2678 573 3450 1
1075 1077 3024 1
2894 268 3684 1
2488 2296 3188 1
1600 1959 3108 1
2641 2972 3131 1
60 61 3081 1
2987 2024 3105 1
1195 930 3043 1
1204 1390 1391 1
2146 2147 2286 1
2079 2078 2080 1
2334 2330 3004 1
164 165 3089 1
1805 1799 3069 1
1589 1858 2137 1
1080 1831 3024 1
666 1364 3037 1
1941 3064 3077 1
286 2946 3163 1
2299 1474 2300 1
2005 1613 2008 1
2979 2669 3259 1
2141 1760 2497 1
370 372 2146 1
1867 2409 3138 1
656 633 3737 1
1833 1247 3091 1
918 900 3027 1
751 3362 3419 1
723 753 3119 1
620 642 3109 1
1711 2902 3249 1
778 777 3172 1
1024 1027 3036 1
760 762 3105 1
2530 2322 3039 1
442 731 3140 1
27 3213 3499 1
98 99 3094 1
388 390 1166 1
2365 2716 3662 1
1480 1247 1481 1
1375 1230 3641 1
1177 398 2071 1
405 408 3067 1
3080 580 3298 1
1077 1080 3024 1
2138 2137 2214 1
3258 2038 3303 1
2115 2152 3675 1
196 311 3088 1
1897 1833 3214 1
1412 1495 1676 1
2877 3011 3147 1
1802 1993 3090 1
2569 2570 3151 1
915 813 3276 1
2155 2716 3589 1
163 274 3066 1
996 1396 3003 1
2669 1582 3180 1
2942 1210 3019 1
2582 1674 3583 1
1108 2874 3209 1
398 399 3103 1
280 2798 3129 1
2053 2054 2073 1
1696 1689 3176 1
1692 1689 1696 1
427 430 3025 1
1023 1024 3036 1
565 1057 3275 1
870 2572 3130 1
1237 1411 1412 1
2196 2197 3100 1
2550 2096 3586 1
2320 71 2348 1
1820 1419 3048 1
919 878 3106 1
422 1190 2939 1
368 367 369 1
193 194 3112 1
1246 1247 1480 1
1533 1531 1592 1
1480 1481 1902 1
1403 1747 3074 1
1246 414 1247 1
947 978 1211 1
1211 1237 1474 1
1460 2810 3299 1
947 904 978 1
689 661 1178 1
2190 2381 3526 1
1523 1430 1636 1
370 371 372 1
1941 1619 3064 1
740 666 3037 1
864 727 3133 1
2972 2889 3131 1
1473 2743 3146 1
1948 2739 3633 1
2956 1841 3110 1
1211 2068 3115 1
2015 1804 3190 1
3341 2725 3353 1
1225 1272 2913 1
373 376 3071 1
869 766 3114 1
2046 3020 3140 1
3158 1904 3216 1
2186 2281 2565 1
1607 1876 2284 1
2169 2172 3041 1
147 148 3175 1
808 810 3253 1
807 809 3099 1
2081 2082 2186 1
1503 1501 3120 1
352 357 358 1
1412 1413 1495 1
1405 1178 1607 1
759 1254 3348 1
2400 1164 3354 1
1172 404 1270 1
313 20 2925 1
1391 1390 1589 1
1495 1593 1806 1
2672 1850 3137 1
2225 2075 3265 1
1771 3553 3616 1
1989 3006 3062 1
2851 2700 3520 1
735 690 2768 1
2011 2956 3110 1
950 948 971 1
617 605 3046 1
1208 1995 3266 1
1905 2160 3234 1
2025 2283 3394 1
274 164 3089 1
909 869 3114 1
2146 372 2147 1
725 723 3119 1
2803 1787 3671 1
105 106 3198 1
402 404 1172 1
2757 314 3287 1
744 864 3136 1
990 988 3053 1
2963 2015 3190 1
1816 1023 3036 1
1050 761 3348 1
1116 1114 3054 1
2417 2291 3229 1
1014 1016 3065 1
1529 1528 1910 1
726 770 3368 1
1532 1531 1533 1
2167 2169 3041 1
396 398 1177 1
966 964 3059 1
249 250 3145 1
2089 1880 3153 1
749 737 771 1
1898 1664 3239 1
2679 3146 3534 1
2436 2465 3154 1
2854 3303 3362 1
415 418 3091 1
2685 2773 3314 1
584 581 3080 1
1817 2982 3405 1
1530 1529 1531 1
2865 3016 3168 1
343 195 3088 1
1271 1270 1528 1
988 1212 3053 1
3100 2199 3378 1
2052 1939 2053 1
2079 2080 2081 1
962 960 3060 1
603 600 3068 1
194 343 3112 1
588 2529 3438 1
2177 2167 3041 1
2299 2029 3445 1
1687 1689 1691 1
1540 1814 3294 1
1229 1227 3055 1
3111 2130 3608 1
1211 978 1237 1
310 98 3094 1
1204 1202 1390 1
2663 2642 3142 1
2968 1277 3134 1
1808 2820 3116 1
69 289 2530 1
2731 2730 3261 1
1093 1092 3266 1
165 344 3089 1
1534 1533 1624 1
2919 2232 3216 1
987 918 3027 1
1397 987 3027 1
1662 3171 3239 1
1247 414 3091 1
1788 1624 2258 1
513 2783 3147 1
3010 1112 3424 1
3327 1996 3482 1
1691 1692 2028 1
223 298 3156 1
1032 1035 3192 1
2340 2338 3057 1
1990 2693 3206 1
727 725 3133 1
147 3175 3310 1
1828 1195 3043 1
1697 1938 1939 1
593 2491 3457 1
2773 2772 3234 1
1160 612 3128 1
1411 978 3102 1
1331 2611 3193 1
84 266 3263 1
2727 259 3447 1
628 3190 3264 1
2836 998 3074 1
2074 3197 3265 1
40 261 2749 1
2500 2011 3110 1
958 956 3063 1
766 744 3136 1
2638 564 3668 1
1016 1019 3065 1
1837 1512 3122 1
917 985 3655 1
1882 1881 3117 1
2281 2082 3166 1
1705 2078 2079 1
368 369 370 1
998 1220 3074 1
578 3157 3246 1
2764 2694 3167 1
2147 372 3071 1
2144 2044 3513 1
3417 3418 3675 1
412 1246 3056 1
1149 2865 3168 1
2648 2647 3545 1
2113 3442 3558 1
2139 3116 3149 1
366 365 367 1
2333 2331 3070 1
2905 1428 3295 1
1249 1231 3072 1
3020 440 3140 1
25 293 3240 1
2546 2467 3272 1
3221 2034 3252 1
2045 3339 3343 1
2933 1904 3158 1
2670 2671 3363 1
2173 2170 3139 1
2241 2681 3507 1
2131 3018 3203 1
51 256 3241 1
2338 2345 3057 1
1029 1031 3195 1
2057 3027 3178 1
1252 1014 3065 1
2755 2754 3316 1
1271 1528 1529 1
625 617 3046 1
1856 1168 3080 1
1289 990 3053 1
2328 2626 3538 1
1140 1716 3085 1
1835 1788 3144 1
1172 1270 1271 1
1618 1391 3051 1
904 782 3102 1
3129 2798 3194 1
1692 1696 1697 1
3016 1812 3168 1
3405 2982 3426 1
2310 321 3338 1
2855 1194 3245 1
2817 3292 3332 1
366 368 2098 1
942 939 3096 1
287 2425 3213 1
646 640 3141 1
2082 2209 3166 1
96 97 3248 1
605 1170 3046 1
271 193 3112 1
3410 255 3591 1
2889 1733 3131 1
1928 1562 3249 1
2829 2652 3563 1
2809 280 3397 1
2074 3054 3197 1
2318 1775 3459 1
1408 1224 3054 1
1678 1680 3084 1
1232 2490 3641 1
1742 2412 3169 1
2165 2177 3157 1
2104 1863 3155 1
1854 2571 3382 1
1687 1688 1689 1
1927 2715 3473 1
960 1217 3060 1
1662 1389 3171 1
390 392 3098 1
148 303 3175 1
344 166 3217 1
964 1100 3059 1
2909 2155 3589 1
1734 3017 3218 1
1871 1682 3143 1
440 442 3140 1
1930 1541 3294 1
725 3119 3133 1
1643 2150 3149 1
1931 1776 3250 1
886 2969 3285 1
1270 404 3067 1
2993 3280 3349 1
1355 1288 3121 1
2282 1809 3705 1
14 15 3113 1
1753 1355 3121 1
1227 2913 3055 1
376 1720 3071 1
1100 962 3060 1
1224 1116 3054 1
1177 2071 2135 1
532 525 3328 1
1135 2817 3332 1
1233 966 3059 1
402 1172 3103 1
2937 339 3678 1
2304 1794 3097 1
2496 3073 3385 1
3576 311 3593 1
1170 603 3068 1
884 909 3178 1
1560 1711 3249 1
1168 584 3080 1
1993 2533 3179 1
1795 2968 3134 1
2364 1167 3739 1
2802 1676 3301 1
578 3013 3157 1
1920 2591 3740 1
1585 2223 3097 1
2522 1991 3454 1
2331 2334 3070 1
1589 2138 3051 1
2593 1399 3369 1
1200 1421 3118 1
382 384 3095 1
264 146 3310 1
2343 2340 3057 1
1858 1390 3118 1
3038 60 3081 1
661 657 3104 1
3114 766 3136 1
1548 1585 3097 1
1733 2061 3165 1
3147 2783 3202 1
1691 1689 1692 1
1423 1229 3055 1
3010 2052 3571 1
2023 2119 3174 1
651 646 3159 1
378 380 3093 1
1642 2857 3323 1
1212 1414 3212 1
1217 958 3063 1
948 947 3115 1
2089 3153 3536 1
571 574 3398 1
2911 1990 3206 1
1220 1403 3074 1
2701 2092 3595 1
2070 2705 3365 1
3099 906 3187 1
1017 1311 3628 1
3148 2373 3443 1
2886 2101 3735 1
2323 2321 2614 1
2885 2646 3291 1
956 2574 3063 1
46 47 3390 1
1637 1636 1932 1
1680 1871 3084 1
407 406 3462 1
3131 1733 3165 1
1481 1834 3086 1
2863 2812 3546 1
1391 1589 3051 1
3096 938 3271 1
1822 2877 3147 1
2636 2041 3298 1
640 660 3141 1
3032 24 3240 1
2656 1641 3718 1
1231 1423 3072 1
3034 1331 3193 1
2054 1939 3164 1
99 345 3094 1
510 1157 3322 1
2071 398 3103 1
2656 2158 3730 1
1202 1200 3118 1
1650 2454 3489 1
2500 268 3554 1
971 948 3115 1
2737 301 3204 1
498 497 3355 1
1834 2202 3086 1
3400 1616 3440 1
213 262 3330 1
3571 2053 3599 1
3175 2060 3310 1
366 367 368 1
1582 2030 3186 1
2467 3078 3272 1
1720 378 3093 1
1714 1249 3072 1
2609 2689 3201 1
2337 2333 3070 1
385 388 3126 1
2325 2327 3346 1
2131 3203 3263 1
1242 2970 3171 1
2839 1010 3278 1
731 1985 3161 1
337 212 3330 1
1876 1178 3104 1
392 393 3321 1
782 778 3172 1
454 3233 3292 1
380 1433 3093 1
1135 3332 3357 1
2183 1816 3210 1
1788 2258 3144 1
2970 2787 3171 1
365 364 3236 1
1716 2145 3085 1
1902 1481 3086 1
2064 2125 3732 1
913 3105 3221 1
746 651 3159 1
1581 1263 3184 1
2524 2523 3307 1
1889 2280 3180 1
1794 1548 3097 1
1433 382 3095 1
2497 1760 3123 1
1751 2933 3158 1
167 290 3217 1
294 3174 3342 1
3171 2787 3239 1
1962 2088 3357 1
1812 1874 3168 1
2089 3536 3619 1
2239 1949 3406 1
2188 1973 3333 1
657 746 3104 1
1724 3092 3179 1
1925 2306 3389 1
1169 942 3096 1
1020 1018 3256 1
2818 1822 3202 1
2058 1878 3306 1
1547 2651 3727 1
1888 1889 3186 1
166 167 3217 1
2419 339 3696 1
1760 1607 3123 1
48 294 3342 1
363 365 366 1
3357 2088 3376 1
2291 1884 3229 1
906 812 3282 1
2687 2686 3296 1
900 884 3178 1
1889 3180 3186 1
3180 1582 3186 1
1945 2770 3412 1
2300 1474 3127 1
947 1211 3115 1
413 411 3162 1
555 552 3422 1
2619 1248 3560 1
3027 900 3178 1
2156 1714 3072 1
82 83 3203 1
2837 2273 3173 1
197 198 3312 1
2106 1346 3381 1
3092 1993 3179 1
938 1900 3271 1
1389 1242 3171 1
2327 3516 3517 1
1546 2608 3477 1
2092 2701 3601 1
109 110 355 1
1609 2240 3255 1
3079 2593 3319 1
16 319 2742 1
993 1164 3197 1
2917 3099 3187 1
2298 1821 3193 1
1822 3147 3202 1
3019 2666 3208 1
978 904 3102 1
2799 1129 3518 1
2271 2697 3592 1
2774 2087 3452 1
1815 1381 3255 1
186 187 3185 1
873 973 3191 1
1268 2543 3318 1
1110 1144 3199 1
3116 1643 3149 1
1178 661 3104 1
839 2697 3723 1
1390 1202 3118 1
1797 3228 3340 1
838 836 3723 1
3244 360 3706 1
1821 3034 3193 1
3032 2064 3732 1
2658 2056 3491 1
1031 1032 3192 1
1166 390 3098 1
229 329 3226 1
2120 1798 3284 1
1684 1687 3143 1
2282 2047 3483 1
3319 2593 3369 1
12 13 3083 1
73 74 3698 1
3022 1190 3416 1
2782 2756 3205 1
1879 1169 3096 1
2688 503 3355 1
660 3047 3141 1
2880 1745 3544 1
2930 2060 3175 1
3013 2163 3157 1
1236 1029 3195 1
1687 1691 3143 1
1114 993 3197 1
2267 2270 3729 1
466 462 3207 1
258 140 3452 1
2529 3122 3438 1
2163 2165 3157 1
1005 3042 3200 1
1983 2001 3377 1
1412 1676 3127 1
1939 1938 3164 1
1797 2931 3228 1
289 2320 2321 1
737 735 3150 1
2783 2687 3202 1
2926 2515 3691 1
816 919 3335 1
2158 2656 3718 1
979 3004 3517 1
1486 2632 3602 1
1682 1684 3143 1
2342 2346 3566 1
2171 2173 3319 1
247 248 3689 1
3312 198 3610 1
1804 1894 3190 1
1474 1237 3127 1
3182 2550 3183 1
1010 1012 3278 1
1364 650 3291 1
646 3141 3159 1
2091 2582 3583 1
777 749 3135 1
3286 2035 3341 1
638 2885 3291 1
2203 3576 3593 1
1980 2090 3455 1
1898 3285 3351 1
2369 2839 3278 1
2092 3001 3595 1
2514 2066 3343 1
1363 1546 3510 1
1422 1199 3242 1
362 361 363 1
2312 144 3639 1
3015 2246 3663 1
1534 1789 3235 1
2504 2502 3326 1
2222 1969 3225 1
2292 1248 3693 1
430 2905 3277 1
3054 1114 3197 1
1607 2284 3123 1
2665 3012 3224 1
2874 1888 3209 1
388 1166 3126 1
1330 1473 3222 1
2088 1960 3388 1
2960 1862 3281 1
1095 2616 3364 1
515 516 3463 1
2798 333 3194 1
1352 1911 3305 1
1839 2917 3187 1
2162 2161 3500 1
497 494 3407 1
2895 1790 3309 1
3091 418 3214 1
2700 2699 3548 1
2104 3422 3458 1
2480 929 3283 1
261 41 2371 1
1271 1530 3274 1
54 296 3393 1
370 2146 3160 1
28 287 3213 1
2024 2882 3221 1
1161 2911 3206 1
1615 1616 3400 1
3294 2486 3364 1
1158 2753 3456 1
187 348 3185 1
2260 3478 3551 1
2942 3019 3208 1
460 458 3376 1
1262 1181 3433 1
1888 3186 3209 1
2140 2375 3728 1
2852 2940 3286 1
1237 1412 3127 1
2052 2053 3571 1
61 308 3081 1
64 65 272 1
1874 1813 3325 1
2588 1074 3220 1
2173 3079 3319 1
2067 2488 3329 1
2364 2048 3705 1
2733 2732 3640 1
800 2765 3525 1
2661 3010 3571 1
1750 2614 3196 1
2064 3032 3240 1
332 2880 3544 1
2670 3363 3387 1
366 2098 3227 1
2502 2507 3326 1
292 2831 3626 1
2747 2746 3529 1
3105 2024 3221 1
679 677 3396 1
2039 2862 3419 1
50 51 3241 1
19 313 3288 1
172 173 3356 1
2270 2269 3232 1
2614 2321 3196 1
1904 2919 3216 1
1647 1483 3305 1
2927 983 3353 1
141 2774 3452 1
3102 782 3172 1
945 2942 3208 1
279 186 3185 1
2701 907 3601 1
2209 2080 3591 1
2457 2466 3219 1
354 2 3472 1
1674 2582 3627 1
1094 2601 3716 1
1492 2994 3189 1
2608 2609 3464 1
771 737 3150 1
3061 279 3406 1
820 819 3647 1
1734 3218 3349 1
3241 2398 3512 1
3122 1975 3438 1
971 3115 3242 1
2888 2760 3233 1
2772 1905 3234 1
2425 2426 3561 1
2558 1513 3273 1
2774 302 3231 1
2982 2102 3426 1
10 11 3215 1
3115 2068 3242 1
2879 1702 3289 1
3042 1912 3300 1
749 771 3135 1
2986 1148 3284 1
2854 2944 3303 1
3036 1236 3210 1
3134 1277 3670 1
1950 3061 3406 1
2049 2781 3402 1
2696 629 3645 1
338 2210 2211 1
24 25 3240 1
3137 906 3282 1
2578 2577 3356 1
2335 2336 3230 1
3014 2083 3218 1
3203 83 3263 1
2692 2606 3370 1
1694 2032 2033 1
1530 1532 3379 1
2102 2103 3484 1
2321 2320 3196 1
509 1158 3456 1
2704 1460 3299 1
2760 3225 3233 1
802 800 3525 1
2790 1917 3593 1
364 361 3244 1
2283 275 3394 1
660 632 3269 1
418 2939 3214 1
2672 3282 3335 1
1833 3091 3214 1
2543 2344 3318 1
2739 2738 3633 1
3186 2030 3209 1
3415 590 3531 1
2611 1735 3238 1
3303 2038 3362 1
1830 3067 3251 1
735 2768 3150 1
3367 2000 3377 1
1161 3206 3228 1
1836 1835 3425 1
3017 1986 3218 1
2420 2419 3696 1
561 1094 3716 1
207 208 3470 1
2591 3248 3740 1
111 112 317 1
2424 2427 3490 1
2900 1817 3383 1
1332 3142 3237 1
575 578 3246 1
1722 2089 3677 1
2994 1815 3189 1
2562 2561 3729 1
1928 3249 3366 1
2002 1591 3399 1
293 26 3499 1
93 94 3437 1
2326 2325 3346 1
3053 1212 3212 1
1108 3209 3247 1
1954 1955 3337 1
2483 365 3236 1
3106 890 3436 1
15 2742 3113 1
2931 1161 3228 1
3335 919 3363 1
1214 1734 3349 1
2810 1448 3243 1
3437 281 3664 1
315 3182 3183 1
2719 2718 3535 1
2672 3137 3282 1
2561 2266 3729 1
3213 2598 3499 1
2807 499 3456 1
283 2840 3211 1
368 370 3160 1
143 144 3539 1
1879 3096 3271 1
92 93 3696 1
512 515 3580 1
3228 2013 3340 1
2132 1929 3502 1
1986 3014 3218 1
466 3388 3409 1
154 306 3485 1
945 3208 3258 1
2320 2348 3196 1
3078 297 3272 1
1537 2656 3730 1
986 989 3270 1
2856 2855 3245 1
2098 368 3160 1
2861 466 3409 1
3155 555 3422 1
3190 1894 3264 1
2609 3433 3464 1
1688 1694 3176 1
3041 2181 3313 1
3222 1473 3260 1
2608 3464 3477 1
3095 2504 3326 1
2010 2009 3542 1
268 152 3554 1
3067 408 3251 1
1018 1179 3256 1
1610 2838 3494 1
1149 3168 3262 1
2748 1149 3262 1
892 999 3436 1
506 511 3651 1
795 797 3481 1
87 88 3555 1
1057 2679 3534 1
209 304 3254 1
2280 2729 3259 1
2030 2031 3247 1
1977 2906 3403 1
1776 2012 3250 1
2542 1871 3350 1
2591 2590 3738 1
358 361 362 1
1816 3036 3210 1
1333 2665 3592 1
45 257 3736 1
1546 3477 3510 1
3012 1165 3224 1
1593 2049 3402 1
1623 2752 3511 1
2013 1926 3340 1
2589 256 3652 1
1491 2478 3561 1
1647 3305 3545 1
2893 2894 3684 1
2791 330 3480 1
2209 3591 3698 1
2732 2731 3261 1
3426 2102 3484 1
88 2849 3555 1
1664 1662 3239 1
3225 2760 3712 1
2032 2192 3515 1
811 808 3253 1
97 310 3248 1
2020 2019 3360 1
3218 2083 3349 1
1422 3242 3331 1
590 563 3716 1
564 3333 3668 1
1747 1466 3385 1
83 84 3263 1
521 1809 3463 1
1897 3214 3302 1
2212 351 3320 1
2496 3385 3508 1
2660 356 3304 1
314 246 3287 1
1275 1463 3590 1
294 49 3512 1
1562 1560 3249 1
811 3253 3276 1
1901 2191 3345 1
562 565 3275 1
2596 3338 3428 1
2861 3409 3430 1
1702 1705 3289 1
277 2579 3618 1
685 683 3550 1
2106 3381 3400 1
968 1233 3354 1
2181 2175 3476 1
2808 1893 3642 1
2606 286 3370 1
913 3221 3252 1
2948 2513 3425 1
2154 2156 3648 1
2752 2985 3511 1
18 19 3288 1
2108 2109 3447 1
1699 2285 3733 1
1381 1609 3255 1
2989 3392 3432 1
1835 2948 3425 1
1164 970 3354 1
363 366 3227 1
1676 1495 3301 1
621 625 3371 1
2114 2113 3293 1
1194 2861 3430 1
901 793 3488 1
1470 1712 3508 1
643 618 3537 1
2417 3229 3269 1
2579 347 3618 1
3004 3346 3517 1
318 105 3198 1
2864 3527 3528 1
357 359 3324 1
2892 913 3252 1
2900 3383 3392 1
88 89 3631 1
113 114 353 1
985 3374 3655 1
2904 1795 3471 1
2066 2067 3295 1
2989 2900 3392 1
2042 2881 3449 1
175 176 3257 1
3073 1747 3385 1
199 269 3610 1
1199 971 3242 1
3004 2330 3346 1
1909 2989 3432 1
2105 2099 3674 1
2548 315 3567 1
282 2287 3711 1
3172 777 3382 1
2906 1984 3468 1
1092 1208 3266 1
2104 3155 3422 1
11 342 3215 1
3428 2372 3611 1
2112 1928 3366 1
3451 2446 3613 1
1430 1429 3386 1
3207 2088 3388 1
1406 2182 3619 1
2912 945 3258 1
2293 2976 3520 1
3243 2687 3296 1
1691 2028 3350 1
2669 3180 3259 1
1598 2158 3718 1
813 811 3276 1
3111 2594 3638 1
318 2692 3614 1
2367 1000 3439 1
3233 1969 3292 1
2651 1911 3727 1
1951 3042 3300 1
2711 273 3290 1
616 2851 3520 1
1918 1919 3297 1
2202 1914 3374 1
1520 1761 3721 1
2183 3225 3712 1
1689 1688 3176 1
189 312 3408 1
3168 1874 3262 1
629 541 3645 1
1873 3289 3478 1
1894 1971 3264 1
2153 2378 3733 1
2742 319 3236 1
362 363 3227 1
1992 2112 3578 1
2809 3397 3653 1
2090 3106 3436 1
2849 88 3631 1
13 324 3083 1
1396 1183 3519 1
3484 2103 3523 1
1953 2289 3615 1
2971 2789 3606 1
3293 1284 3556 1
1807 2800 3666 1
1655 1422 3331 1
2961 2960 3281 1
1170 3068 3497 1
1893 3021 3642 1
632 623 3269 1
2075 2074 3265 1
408 3056 3251 1
681 774 3597 1
2113 2005 3442 1
2375 1754 3728 1
2226 2228 3423 1
3201 1262 3433 1
1641 1596 3718 1
2194 1940 3443 1
2952 1214 3280 1
310 2358 3740 1
2597 2062 3574 1
179 180 3267 1
177 178 3268 1
1910 1528 3413 1
2105 3674 3703 1
3068 2255 3497 1
1190 424 3416 1
2096 2095 3358 1
256 52 3652 1
1969 1966 3292 1
2523 2525 3307 1
2093 2915 3660 1
293 2597 3574 1
2023 3174 3223 1
3015 2758 3609 1
192 271 3535 1
3496 2511 3654 1
271 2719 3535 1
1727 1970 3501 1
312 2842 3408 1
319 17 3373 1
68 69 2530 1
1912 2475 3300 1
2971 3606 3625 1
1807 2945 3582 1
2790 3312 3610 1
2205 2914 3636 1
396 1177 3321 1
3103 1172 3274 1
2857 2104 3458 1
812 814 3282 1
2625 2627 3375 1
1972 3316 3629 1
3323 1927 3473 1
580 2636 3298 1
2864 478 3527 1
1348 1547 3727 1
1580 1820 3448 1
2123 3040 3588 1
3125 1592 3584 1
543 2904 3645 1
2940 2892 3286 1
1101 1185 3559 1
2892 3252 3286 1
66 67 346 1
1012 1252 3278 1
2791 3480 3699 1
272 2625 3375 1
2686 2688 3296 1
146 147 3310 1
2259 1624 3487 1
348 188 3408 1
2191 1879 3271 1
650 638 3291 1
1673 1674 3627 1
1911 1350 3727 1
5 6 2210 1
3209 2030 3247 1
3356 173 3695 1
2609 3201 3433 1
2754 299 3316 1
3040 1603 3588 1
337 3475 3636 1
3599 2073 3634 1
574 3246 3313 1
1541 1540 3294 1
2787 886 3285 1
2152 3336 3675 1
2071 3103 3274 1
1157 2895 3309 1
3180 2280 3259 1
1878 2124 3306 1
1898 3239 3285 1
2914 337 3636 1
3378 2199 3649 1
1856 3049 3506 1
1586 2685 3314 1
2077 1772 3682 1
316 175 3257 1
466 3207 3388 1
269 3606 3610 1
1483 1352 3305 1
286 102 3370 1
324 14 3113 1
1697 2052 3514 1
2492 1952 3493 1
257 3101 3736 1
2052 3010 3514 1
2880 332 3653 1
8 9 3320 1
2978 2108 3421 1
1287 1856 3506 1
3396 2863 3546 1
3242 2068 3331 1
1616 1972 3440 1
3056 2959 3251 1
1798 2986 3284 1
2337 3070 3347 1
3101 2354 3736 1
3225 1969 3233 1
347 170 3618 1
2095 2097 3352 1
1473 3146 3260 1
268 2500 3684 1
3025 430 3277 1
324 3113 3244 1
2184 1655 3445 1
2840 332 3544 1
258 3452 3604 1
3292 1966 3332 1
2944 2912 3303 1
311 197 3312 1
2396 2397 3720 1
2912 3258 3303 1
1830 3251 3389 1
106 107 3308 1
102 103 3370 1
212 213 3330 1
2086 3075 3604 1
1777 3353 3395 1
1172 1271 3274 1
2314 1145 3735 1
1648 1309 3339 1
2465 1144 3697 1
1777 2927 3353 1
3249 2902 3366 1
2130 2131 3608 1
520 3322 3328 1
2830 331 3650 1
3277 2905 3295 1
17 18 3373 1
520 510 3322 1
2192 2115 3418 1
1653 1652 3613 1
2150 1642 3323 1
1705 2079 3289 1
2045 2046 3391 1
176 349 3257 1
38 39 321 1
2665 3232 3592 1
3204 2012 3600 1
1586 3314 3327 1
315 183 3567 1
1966 1964 3332 1
3061 2548 3567 1
47 48 3342 1
2692 3370 3614 1
3282 814 3335 1
3214 2939 3302 1
2398 2396 3720 1
525 520 3328 1
3459 1970 3466 1
1694 2033 3176 1
3185 3557 3701 1
2932 1167 3427 1
2119 2022 3532 1
3347 3070 3439 1
299 2728 3629 1
180 350 3267 1
2201 2923 3666 1
3383 1817 3405 1
393 396 3321 1
1587 1586 3327 1
2344 2343 3318 1
624 656 3359 1
342 12 3083 1
1831 2562 3431 1
349 177 3268 1
2150 3473 3492 1
2174 2171 3319 1
321 39 2749 1
2528 1648 3498 1
3513 2284 3552 1
2274 3621 3655 1
65 66 3279 1
2022 2356 3532 1
1495 1806 3301 1
1592 1531 3584 1
3064 1618 3553 1
3069 1221 3573 1
2124 3173 3568 1
2747 3529 3721 1
1751 3158 3533 1
63 64 3375 1
178 285 3268 1
2795 305 3311 1
2224 2229 3643 1
2 3 3472 1
1921 1956 3344 1
1001 1289 3697 1
1790 2864 3528 1
1931 2780 3719 1
3174 294 3315 1
761 759 3348 1
285 179 3267 1
3224 1165 3431 1
1973 2077 3333 1
1813 2050 3325 1
3037 1364 3435 1
2462 2836 3317 1
2737 3204 3633 1
3251 2959 3389 1
1612 3595 3661 1
2112 3366 3470 1
814 816 3335 1
3604 3075 3719 1
3427 2364 3705 1
2205 2204 3700 1
290 2843 3587 1
2381 2382 3526 1
2035 2725 3341 1
2939 1190 3302 1
50 3241 3512 1
1533 1592 3487 1
3274 1530 3379 1
3435 1956 3495 1
983 2852 3341 1
3332 1964 3357 1
3245 2042 3449 1
2999 3000 3703 1
2908 1898 3351 1
3364 2616 3415 1
3340 1926 3381 1
18 3288 3373 1
2053 2073 3599 1
1428 2045 3343 1
1135 3357 3376 1
2454 588 3438 1
2177 3041 3313 1
1163 2379 3598 1
724 726 3368 1
2099 2971 3625 1
1869 2374 3475 1
3444 2347 3480 1
1136 3025 3329 1
2936 2346 3444 1
3158 2797 3533 1
1964 1962 3357 1
503 498 3355 1
3305 2649 3545 1
3022 3416 3605 1
3389 2306 3413 1
1167 3007 3739 1
1393 1622 3474 1
3442 1183 3558 1
3309 2132 3502 1
2953 1797 3340 1
3174 2119 3342 1
2596 3428 3611 1
3312 2790 3593 1
2969 2898 3351 1
2555 1896 3657 1
2702 2674 3685 1
289 70 2320 1
2671 2672 3363 1
2068 2299 3331 1
1420 2528 3562 1
3321 1177 3615 1
1051 2122 3384 1
751 2854 3362 1
2174 3319 3369 1
2112 3254 3578 1
2106 3400 3440 1
2028 1692 3514 1
3269 623 3371 1
2069 2070 3365 1
3365 497 3407 1
3074 1747 3317 1
277 172 3356 1
2757 2147 3734 1
2373 282 3443 1
3590 1463 3646 1
1952 1901 3345 1
970 968 3354 1
171 277 3618 1
3346 2327 3517 1
9 326 3320 1
1998 2000 3367 1
3024 1831 3431 1
2571 3172 3382 1
2345 2337 3347 1
2672 3335 3363 1
2008 2909 3519 1
1529 1910 3584 1
3044 2036 3577 1
3326 2507 3496 1
2083 2993 3349 1
2651 1547 3563 1
3513 1545 3590 1
677 675 3509 1
2072 3693 3694 1
3025 3277 3329 1
2486 1095 3364 1
1183 1182 3558 1
2330 2326 3346 1
2806 283 3505 1
2038 2039 3362 1
1273 3648 3649 1
1970 3459 3501 1
3236 319 3702 1
2836 3074 3317 1
1433 3095 3326 1
3473 1064 3492 1
458 1135 3376 1
1938 2831 3650 1
2149 1983 3377 1
2711 3290 3529 1
2810 3243 3296 1
3223 3174 3315 1
2902 265 3366 1
2194 3443 3711 1
2432 3064 3553 1
2856 3245 3449 1
1289 3154 3697 1
3306 2124 3568 1
3198 106 3308 1
2176 2174 3369 1
3351 2898 3411 1
3236 364 3726 1
3693 2675 3694 1
3380 2010 3542 1
1423 3100 3378 1
2411 1269 3564 1
3239 2787 3285 1
3521 2653 3583 1
3211 2073 3505 1
623 621 3371 1
3077 1475 3490 1
1922 2249 3451 1
1710 1709 3710 1
2431 2483 3702 1
2793 3435 3495 1
3185 348 3557 1
1960 1958 3388 1
2071 3274 3379 1
1914 2274 3374 1
264 3310 3403 1
2529 593 3457 1
3621 1269 3655 1
313 2925 3360 1
2149 3377 3687 1
53 54 3393 1
573 571 3398 1
306 2858 3380 1
1823 1393 3474 1
145 264 3639 1
2908 3351 3411 1
275 2310 3394 1
188 189 3408 1
1112 2541 3424 1
2012 1777 3395 1
2227 2400 3420 1
410 407 3462 1
174 316 3695 1
2021 3311 3704 1
326 10 3215 1
1949 1950 3406 1
1522 2596 3611 1
2257 2256 3644 1
2922 1587 3522 1
3388 1958 3409 1
774 679 3396 1
2452 1811 3541 1
2804 1909 3441 1
2036 3205 3577 1
344 2380 3632 1
1926 1615 3400 1
1828 3043 3572 1
1374 1828 3530 1
2067 3277 3295 1
2535 1710 3681 1
2868 1945 3412 1
1064 2580 3492 1
3153 1252 3536 1
2804 3441 3549 1
2227 3420 3460 1
2691 2418 3620 1
1871 3143 3350 1
1346 2953 3381 1
3277 2067 3329 1
3363 919 3387 1
3398 2181 3476 1
2417 3269 3371 1
3480 2347 3690 1
107 288 3308 1
1994 2522 3504 1
359 2660 3361 1
3416 3188 3605 1
3402 2469 3658 1
1937 2069 3434 1
552 551 3422 1
2578 3356 3695 1
494 493 3407 1
534 532 3715 1
3072 1423 3378 1
104 318 3614 1
515 3483 3580 1
2793 3037 3435 1
668 2587 3623 1
3246 2177 3313 1
283 3211 3505 1
3196 2348 3410 1
1466 1468 3385 1
511 3507 3651 1
2862 2863 3419 1
1958 1944 3409 1
3383 309 3392 1
2953 3340 3381 1
3009 309 3383 1
1937 3434 3446 1
2060 1977 3403 1
1696 3176 3486 1
1252 3065 3536 1
1183 3442 3519 1
1144 2465 3579 1
3289 2079 3478 1
2580 668 3581 1
2898 901 3411 1
3422 551 3458 1
2500 3110 3684 1
3581 668 3623 1
675 751 3509 1
1591 1829 3399 1
2084 1937 3446 1
257 46 3390 1
1988 1987 3397 1
64 272 3375 1
259 2829 3447 1
618 622 3537 1
3412 901 3488 1
1775 1994 3459 1
2474 2118 3731 1
2099 3625 3674 1
2416 2417 3524 1
1433 3326 3496 1
2135 2071 3379 1
746 3138 3479 1
2753 2084 3467 1
309 2938 3392 1
2050 1930 3415 1
1991 2221 3454 1
3288 2431 3373 1
3046 2691 3620 1
2078 1750 3410 1
3060 1217 3731 1
2069 3407 3434 1
1181 1180 3433 1
3352 285 3358 1
1655 3331 3445 1
67 68 3503 1
3315 2398 3720 1
2715 1064 3473 1
3366 265 3470 1
2959 1925 3389 1
2483 3236 3702 1
3434 2794 3446 1
3409 1944 3430 1
3578 304 3700 1
1701 1003 3516 1
2679 2678 3450 1
2921 3009 3405 1
2346 2347 3444 1
1932 2452 3708 1
2025 1637 3708 1
1364 3344 3435 1
2379 3318 3598 1
2667 2162 3500 1
3407 493 3434 1
424 1136 3416 1
3129 1988 3397 1
1636 1430 3386 1
1944 2042 3430 1
493 2794 3434 1
1528 1830 3413 1
919 3106 3387 1
2691 1170 3497 1
2921 3405 3426 1
2587 1059 3672 1
1982 3455 3469 1
2708 915 3568 1
1975 1374 3530 1
3263 266 3608 1
1982 1980 3455 1
2770 2908 3411 1
2147 3071 3734 1
2062 2064 3574 1
331 3164 3650 1
2161 1650 3489 1
551 1927 3458 1
324 3244 3706 1
3392 2938 3432 1
2794 1137 3446 1
2374 2205 3636 1
1806 1593 3402 1
140 141 3452 1
890 892 3436 1
2302 3297 3686 1
2881 1610 3449 1
1547 2978 3421 1
3433 1180 3464 1
1185 2899 3504 1
2156 3072 3378 1
321 2749 3428 1
2742 3236 3726 1
2528 3498 3562 1
2838 2133 3494 1
3602 2077 3682 1
2719 271 3466 1
110 111 3417 1
332 2809 3653 1
1809 2932 3427 1
7 351 3630 1
2107 2106 3440 1
3339 2045 3391 1
2084 3446 3467 1
2001 1982 3469 1
2285 2153 3733 1
1956 2726 3495 1
1955 1836 3425 1
153 154 3485 1
330 2936 3444 1
1932 3414 3465 1
2229 2226 3423 1
516 521 3463 1
3143 1691 3350 1
2806 3505 3717 1
499 509 3456 1
3423 643 3537 1
774 3491 3597 1
2118 2526 3692 1
2046 3161 3391 1
2289 3321 3615 1
2228 2227 3460 1
2047 2241 3483 1
3381 1926 3400 1
254 3038 3566 1
270 2921 3426 1
1785 2692 3453 1
1000 3347 3439 1
1180 2816 3464 1
406 2460 3575 1
2056 2247 3491 1
777 3135 3382 1
3311 305 3732 1
280 3129 3397 1
3104 746 3479 1
914 2653 3521 1
3461 2190 3526 1
339 2419 3678 1
3446 1137 3467 1
2515 910 3691 1
2695 2696 3594 1
2005 2008 3442 1
2249 3226 3451 1
94 281 3437 1
3380 2858 3523 1
2938 3066 3432 1
1970 2719 3466 1
797 914 3481 1
2229 3359 3643 1
1750 3196 3410 1
1648 3391 3498 1
1943 1580 3448 1
3338 321 3428 1
26 27 3499 1
1932 1636 3414 1
1984 2312 3468 1
265 207 3470 1
3154 2465 3697 1
2040 2804 3549 1
2778 296 3699 1
1165 3024 3431 1
3385 1468 3508 1
112 113 3404 1
2816 2116 3477 1
3464 2816 3477 1
2304 3097 3713 1
2749 2372 3428 1
1137 2807 3467 1
2095 3352 3358 1
2349 1869 3475 1
3205 2756 3577 1
2426 2424 3490 1
272 65 3279 1
1185 3454 3559 1
3075 1931 3719 1
3596 2275 3605 1
3527 2133 3528 1
288 108 3624 1
2681 2261 3507 1
2983 270 3484 1
979 2367 3722 1
2316 1943 3461 1
2530 3039 3503 1
478 2856 3527 1
975 2793 3495 1
3441 274 3549 1
270 3426 3484 1
944 2628 3707 1
53 3393 3652 1
49 50 3512 1
1829 2630 3680 1
2728 3334 3629 1
3318 2343 3598 1
3477 2116 3510 1
3443 282 3711 1
3164 1938 3650 1
3524 625 3620 1
2175 2180 3476 1
1136 3188 3416 1
1157 3309 3502 1
2800 2799 3518 1
3268 285 3352 1
1929 2094 3502 1
793 795 3488 1
3681 1710 3710 1
191 192 3535 1
3495 2726 3547 1
3066 274 3441 1
3582 2121 3635 1
1725 2619 3560 1
2203 2707 3576 1
3591 255 3698 1
2526 2527 3667 1
805 802 3525 1
3564 2295 3637 1
3038 2341 3566 1
2494 3569 3601 1
1943 3448 3461 1
2073 3211 3634 1
2649 2648 3545 1
3391 3161 3498 1
3557 2239 3701 1
1876 3479 3552 1
3070 2334 3439 1
2208 3664 3738 1
3518 2201 3666 1
6 7 3630 1
2494 2495 3569 1
975 3495 3547 1
3648 767 3662 1
302 143 3539 1
2767 1259 3599 1
1974 2188 3534 1
266 3111 3608 1
2116 2136 3510 1
285 3267 3358 1
2133 2132 3528 1
153 3485 3554 1
3547 2018 3570 1
2050 3415 3531 1
2628 2179 3707 1
2375 2420 3664 1
1636 3386 3414 1
3331 2299 3445 1
3370 103 3614 1
2945 2121 3582 1
2065 1623 3511 1
2814 975 3547 1
3623 2587 3672 1
1259 3571 3599 1
2615 2085 3669 1
3480 2386 3699 1
1230 1232 3641 1
2746 2711 3529 1
3397 1987 3653 1
2079 2081 3478 1
296 2791 3699 1
767 2365 3662 1
2899 1727 3501 1
2590 2208 3738 1
2239 3406 3701 1
152 153 3554 1
3688 2273 3694 1
2859 1806 3658 1
3371 625 3524 1
3261 1823 3474 1
144 145 3639 1
2699 1725 3548 1
3009 3383 3405 1
910 2411 3637 1
2726 2018 3547 1
1624 1533 3487 1
2812 2658 3546 1
1468 1470 3508 1
2914 2205 3700 1
3230 2339 3607 1
1930 3364 3415 1
2296 3596 3605 1
1273 767 3648 1
2139 3581 3623 1
2411 3564 3637 1
2059 1751 3533 1
103 104 3614 1
1829 1287 3506 1
3643 656 3713 1
2078 3410 3591 1
3482 3367 3522 1
3548 1725 3560 1
633 641 3737 1
2009 2142 3542 1
1795 3134 3471 1
1 354 3304 1
351 8 3320 1
2814 3547 3570 1
2767 3599 3634 1
335 87 3555 1
2594 1508 3638 1
2073 2054 3505 1
2358 1920 3740 1
304 2914 3700 1
2976 616 3520 1
3638 1508 3661 1
2065 3511 3543 1
3505 2054 3717 1
1269 917 3655 1
874 685 3550 1
874 3550 3565 1
2341 2342 3566 1
2652 2651 3563 1
907 2494 3601 1
2866 1522 3611 1
3310 2060 3403 1
1259 2661 3571 1
2655 2061 3622 1
1311 2414 3644 1
2204 3578 3700 1
2384 2386 3690 1
3526 2382 3587 1
1648 3339 3391 1
1909 3432 3441 1
2179 2667 3617 1
2156 3378 3649 1
1179 1017 3628 1
2653 2091 3583 1
2061 874 3565 1
2085 1486 3602 1
2858 2983 3523 1
1917 2203 3593 1
183 184 3567 1
3498 1985 3562 1
2296 2295 3596 1
1059 534 3715 1
511 512 3580 1
1876 3104 3479 1
3367 2001 3522 1
2697 1333 3592 1
3254 304 3578 1
170 171 3618 1
2983 3484 3523 1
1906 2695 3594 1
3149 2150 3492 1
1692 1697 3514 1
2780 258 3719 1
198 199 3610 1
3124 3125 3579 1
3226 329 3451 1
3421 2829 3563 1
302 3539 3687 1
3478 2081 3551 1
2211 2212 3401 1
2736 3280 3585 1
3065 2973 3536 1
3390 2119 3532 1
2246 2615 3663 1
3093 1433 3496 1
3572 1159 3617 1
2043 2702 3685 1
1896 3069 3573 1
1545 1275 3590 1
1906 3594 3670 1
1248 2675 3693 1
1998 3367 3482 1
1221 1101 3559 1
3481 914 3521 1
308 3230 3607 1
3043 1159 3572 1
2266 2267 3729 1
2018 2201 3570 1
2738 2737 3633 1
2675 1118 3694 1
1129 2814 3570 1
3344 1956 3435 1
2273 2072 3694 1
2150 3323 3473 1
2380 2040 3632 1
3081 308 3607 1
1985 2120 3562 1
3452 2087 3604 1
3248 310 3740 1
1508 1612 3661 1
3040 2065 3543 1
2261 2043 3665 1
3536 2973 3619 1
3240 293 3574 1
2012 3395 3600 1
3500 1828 3572 1
2632 2638 3668 1
3606 269 3625 1
66 346 3279 1
1830 3389 3413 1
355 110 3417 1
1216 3642 3659 1
3232 2271 3592 1
3665 2043 3685 1
2124 2123 3588 1
3439 2334 3722 1
3609 823 3647 1
2204 1992 3578 1
2707 2317 3612 1
2736 2733 3640 1
2081 2186 3551 1
823 820 3647 1
109 355 3624 1
108 109 3624 1
505 506 3651 1
1216 2808 3642 1
1118 3688 3694 1
2048 2282 3705 1
2121 2765 3635 1
2673 505 3665 1
836 839 3723 1
2284 1876 3552 1
2667 3572 3617 1
1145 2886 3735 1
3679 2194 3711 1
1896 3573 3657 1
683 681 3597 1
2275 3022 3605 1
2789 2790 3606 1
2758 823 3609 1
3651 2261 3665 1
3161 1985 3498 1
2080 2078 3591 1
3039 346 3503 1
2673 3665 3685 1
1723 1722 3677 1
3007 1796 3739 1
2317 2318 3714 1
68 2530 3503 1
1745 2767 3634 1
1118 2708 3688 1
2087 2086 3604 1
2208 2375 3664 1
52 53 3652 1
2051 2139 3623 1
248 320 3689 1
44 45 3736 1
2160 1906 3670 1
173 174 3695 1
1952 3345 3493 1
3432 3066 3441 1
274 3089 3549 1
2101 2314 3735 1
346 67 3503 1
1583 1216 3659 1
1947 1948 3600 1
2386 2778 3699 1
563 561 3716 1
505 3651 3665 1
1583 3659 3671 1
2866 2352 3556 1
339 92 3696 1
2016 2184 3575 1
1618 3051 3553 1
541 543 3645 1
311 3312 3593 1
89 276 3631 1
2136 1583 3671 1
3325 2050 3429 1
3606 2790 3610 1
2732 3261 3474 1
3674 341 3703 1
1677 3044 3577 1
2923 1807 3666 1
2295 2294 3637 1
1723 3677 3712 1
2274 2275 3621 1
2103 1673 3627 1
1646 1537 3730 1
2243 2093 3660 1
1652 1922 3613 1
2760 1723 3712 1
2064 3240 3574 1
111 317 3417 1
2899 3501 3504 1
1612 2157 3724 1
2069 3365 3407 1
2674 2673 3685 1
3612 2317 3714 1
2051 3623 3672 1
343 3612 3714 1
3088 311 3576 1
1159 2896 3617 1
2238 2239 3681 1
1531 1529 3584 1
3004 979 3722 1
3469 2922 3522 1
2993 1784 3585 1
2367 3439 3722 1
3176 2033 3486 1
2831 2830 3650 1
2072 2292 3693 1
331 2806 3717 1
264 3468 3639 1
3359 656 3643 1
3380 3523 3673 1
3333 2077 3668 1
3089 344 3632 1
2465 3124 3579 1
1783 1520 3721 1
2397 3223 3720 1
3501 1994 3504 1
2973 1406 3619 1
915 3306 3568 1
269 3026 3625 1
2915 2051 3672 1
1324 3663 3669 1
3110 2893 3684 1
2145 2144 3646 1
1596 1598 3718 1
2125 2536 3704 1
1922 3451 3613 1
3336 288 3624 1
258 3604 3719 1
751 3419 3509 1
3244 3113 3726 1
3669 2085 3682 1
3541 2025 3708 1
1987 2880 3653 1
1350 1348 3727 1
2223 2224 3643 1
910 3637 3691 1
2929 1324 3669 1
3663 2615 3669 1
1754 2148 3728 1
2896 944 3707 1
3026 341 3674 1
1177 2135 3615 1
3529 1783 3721 1
3173 2273 3688 1
2238 3681 3710 1
3637 2294 3691 1
317 112 3404 1
342 3324 3725 1
3519 2909 3589 1
1324 3015 3663 1
343 3088 3612 1
1772 2929 3682 1
1637 1932 3708 1
3459 1994 3501 1
3223 3315 3720 1
2240 2238 3710 1
3267 350 3586 1
1587 3327 3482 1
2103 3627 3673 1
341 2999 3703 1
113 353 3404 1
2294 2926 3691 1
2139 3149 3581 1
3549 3089 3632 1
2343 3057 3598 1
1144 1001 3697 1
3211 2840 3544 1
2223 3643 3713 1
3417 317 3418 1
3280 2993 3585 1
625 3046 3620 1
3051 2138 3616 1
2929 3669 3682 1
305 3032 3732 1
2141 2497 3709 1
355 3336 3624 1
3617 2896 3707 1
2526 3667 3692 1
3358 3267 3586 1
3093 3496 3654 1
255 73 3698 1
2318 3112 3714 1
1720 3654 3734 1
3489 1975 3530 1
3553 3051 3616 1
1720 3093 3654 1
2179 3617 3707 1
3667 1100 3692 1
1587 3482 3522 1
3188 2296 3605 1
2334 3004 3722 1
2144 3590 3646 1
3324 359 3725 1
2316 3526 3587 1
2040 3549 3632 1
2061 3565 3622 1
3568 3173 3688 1
2239 3557 3681 1
2417 3371 3524 1
3112 343 3714 1
306 3380 3542 1
3059 1100 3667 1
2096 3358 3586 1
2708 3568 3688 1
3149 3492 3581 1
1233 3059 3683 1
2941 292 3626 1
3097 2223 3713 1
3 338 3472 1
1100 3060 3692 1
3164 331 3717 1
319 3373 3702 1
573 3398 3476 1
2054 3164 3717 1
330 3444 3480 1
3293 2113 3558 1
3557 2535 3681 1
3492 2580 3581 1
3374 2274 3655 1
2868 3412 3488 1
3625 3026 3674 1
3316 299 3629 1
2131 3263 3608 1
3576 2707 3612 1
257 3390 3532 1
3475 2374 3636 1
3071 1720 3734 1
3419 2863 3509 1
3059 3667 3683 1
3088 3576 3612 1
2856 3494 3527 1
3231 302 3687 1
364 3244 3726 1
279 3185 3701 1
3429 2050 3531 1
3113 2742 3726 1
2316 3461 3526 1
2229 3423 3537 1
3442 2008 3519 1
774 3396 3546 1
3083 324 3706 1
3297 316 3686 1
3667 2527 3683 1
3334 1972 3629 1
3336 355 3675 1
2001 3469 3522 1
1396 3519 3589 1
3279 346 3538 1
1809 3427 3705 1
3454 2221 3559 1
2285 3453 3656 1
318 3198 3656 1
3494 2133 3527 1
1547 3421 3563 1
2161 3489 3530 1
3399 1829 3680 1
316 3257 3686 1
2420 3437 3664 1
2386 3480 3690 1
3395 1947 3600 1
2696 3471 3594 1
3420 1233 3683 1
2210 6 3630 1
3373 2431 3702 1
3483 2241 3580 1
2667 3500 3572 1
3215 342 3725 1
3491 2247 3597 1
3418 2115 3675 1
2010 3380 3673 1
1806 3402 3658 1
3468 2312 3639 1
3507 2261 3651 1
2275 3596 3621 1
2085 3602 3682 1
2295 3564 3596 1
3406 279 3701 1
3596 3564 3621 1
3564 1269 3621 1
2800 3518 3666 1
3523 2103 3673 1
3660 1059 3715 1
2452 3541 3708 1
3595 1612 3724 1
2701 3595 3724 1
2243 3660 3715 1
253 1 3304 1

End
