MeshVersionFormatted 2
Dimension 3

Vertices
2540
1.4987731790471165e-01 -4.4086401656394336e-01 0.0000000000000000e+00 1
1.5828949928636010e-01 -4.3979982107862725e-01 0.0000000000000000e+00 1
1.6640846938742621e-01 -4.3794282408599133e-01 0.0000000000000000e+00 1
1.7423656313711788e-01 -4.3531549951669324e-01 0.0000000000000000e+00 1
1.8177611546464312e-01 -4.3194032130139076e-01 0.0000000000000000e+00 1
1.8902946129920978e-01 -4.2783976337074142e-01 0.0000000000000000e+00 1
1.9599893557002560e-01 -4.2303629965540263e-01 0.0000000000000000e+00 1
2.0268687320629861e-01 -4.1755240408603211e-01 0.0000000000000000e+00 1
2.0909560913723677e-01 -4.1141055059328779e-01 0.0000000000000000e+00 1
2.1522747829204783e-01 -4.0463321310782691e-01 0.0000000000000000e+00 1
2.2108481559993973e-01 -3.9724286556030702e-01 0.0000000000000000e+00 1
2.2666995599012035e-01 -3.8926198188138600e-01 0.0000000000000000e+00 1
2.3198523439179766e-01 -3.8071303600172135e-01 0.0000000000000000e+00 1
2.3703298573417955e-01 -3.7161850185197082e-01 0.0000000000000000e+00 1
2.4181554494647373e-01 -3.6200085336279159e-01 0.0000000000000000e+00 1
2.4633524695788819e-01 -3.5188256446484167e-01 0.0000000000000000e+00 1
2.5059442669763105e-01 -3.4128610908877871e-01 0.0000000000000000e+00 1
2.5459541909490996e-01 -3.3023396116526016e-01 0.0000000000000000e+00 1
2.5834055907893283e-01 -3.1874859462494348e-01 0.0000000000000000e+00 1
2.6183218157890753e-01 -3.0685248339848648e-01 0.0000000000000000e+00 1
2.6507262152404210e-01 -2.9456810141654682e-01 0.0000000000000000e+00 1
2.6806421384354434e-01 -2.8191792260978205e-01 0.0000000000000000e+00 1
2.7080929346662208e-01 -2.6892442090884960e-01 0.0000000000000000e+00 1
2.7331019532248335e-01 -2.5561007024440735e-01 0.0000000000000000e+00 1
2.7556925434033597e-01 -2.4199734454711289e-01 0.0000000000000000e+00 1
2.7758880544938785e-01 -2.2810871774762362e-01 0.0000000000000000e+00 1
2.7937118357884683e-01 -2.1396666377659726e-01 0.0000000000000000e+00 1
2.8091872365792087e-01 -1.9959365656469147e-01 0.0000000000000000e+00 1
2.8223376061581790e-01 -1.8501217004256384e-01 0.0000000000000000e+00 1
2.8331862938174568e-01 -1.7024467814087207e-01 0.0000000000000000e+00 1
2.8417566488491214e-01 -1.5531365479027343e-01 0.0000000000000000e+00 1
2.8480720205452520e-01 -1.4024157392142581e-01 0.0000000000000000e+00 1
2.8521557581979284e-01 -1.2505090946498693e-01 0.0000000000000000e+00 1
2.8540312110992289e-01 -1.0976413535161417e-01 0.0000000000000000e+00 1
2.8537217285412314e-01 -9.4403725511965159e-02 0.0000000000000000e+00 1
2.8512506598160170e-01 -7.8992153876697585e-02 0.0000000000000000e+00 1
2.8466413542156621e-01 -6.3551894376469131e-02 0.0000000000000000e+00 1
2.8399171610322477e-01 -4.8105420941937267e-02 0.0000000000000000e+00 1
2.8311014295578513e-01 -3.2675207503759594e-02 0.0000000000000000e+00 1
2.8202175090845527e-01 -1.7283727992593728e-02 0.0000000000000000e+00 1
2.8072887489044307e-01 -1.9534563390975132e-03 0.0000000000000000e+00 1
2.7923384983095634e-01 1.3293133526071664e-02 0.0000000000000000e+00 1
2.7753901065920317e-01 2.8433567672256251e-02 0.0000000000000000e+00 1
2.7564669230439126e-01 4.3445372168798575e-02 0.0000000000000000e+00 1
2.7355922969572855e-01 5.8306073085040801e-02 0.0000000000000000e+00 1
2.7127895776242300e-01 7.2993196490325554e-02 0.0000000000000000e+00 1
2.6880821143368244e-01 8.7484268453995234e-02 0.0000000000000000e+00 1
2.6614932563871480e-01 1.0175681504539222e-01 0.0000000000000000e+00 1
2.6330463530672787e-01 1.1578836233385872e-01 0.0000000000000000e+00 1
2.6027647536692972e-01 1.2955643638873726e-01 0.0000000000000000e+00 1
2.5706718074852813e-01 1.4303856327937031e-01 0.0000000000000000e+00 1
2.5367908638073100e-01 1.5621226907510019e-01 0.0000000000000000e+00 1
2.5011452719274629e-01 1.6905507984526918e-01 0.0000000000000000e+00 1
2.4637583811378178e-01 1.8154452165921972e-01 0.0000000000000000e+00 1
2.4246535407304548e-01 1.9365812058629439e-01 0.0000000000000000e+00 1
2.3838540999974517e-01 2.0537340269583540e-01 0.0000000000000000e+00 1
2.3413834082308882e-01 2.1666789405718506e-01 0.0000000000000000e+00 1
2.2972648147228433e-01 2.2751912073968591e-01 0.0000000000000000e+00 1
2.2515216687653955e-01 2.3790460881268036e-01 0.0000000000000000e+00 1
2.2041773196506237e-01 2.4780188434551073e-01 0.0000000000000000e+00 1
2.1552551166706074e-01 2.5718847340751932e-01 0.0000000000000000e+00 1
2.1047784091174251e-01 2.6604190206804867e-01 0.0000000000000000e+00 1
2.0527705462831555e-01 2.7433969639644112e-01 0.0000000000000000e+00 1
1.9992548774598778e-01 2.8205938246203910e-01 0.0000000000000000e+00 1
1.9485672607377438e-01 2.8835871581367539e-01 0.0000000000000000e+00 1
1.8909166542720382e-01 2.9436854541393298e-01 0.0000000000000000e+00 1
1.8265947194354595e-01 3.0009044190279754e-01 0.0000000000000000e+00 1
1.7558931176007067e-01 3.0552597592025477e-01 0.0000000000000000e+00 1
1.6791035101404800e-01 3.1067671810629061e-01 0.0000000000000000e+00 1
1.5965175584274779e-01 3.1554423910089063e-01 0.0000000000000000e+00 1
1.5084269238344003e-01 3.2013010954404075e-01 0.0000000000000000e+00 1
1.4151232677339445e-01 3.2443590007572642e-01 0.0000000000000000e+00 1
1.3168982514988123e-01 3.2846318133593377e-01 0.0000000000000000e+00 1
1.2140435365017006e-01 3.3221352396464826e-01 0.0000000000000000e+00 1
1.1068507841153109e-01 3.3568849860185590e-01 0.0000000000000000e+00 1
9.9561165571233998e-02 3.3888967588754215e-01 0.0000000000000000e+00 1
8.8061781266548844e-02 3.4181862646169292e-01 0.0000000000000000e+00 1
7.6216091634745575e-02 3.4447692096429394e-01 0.0000000000000000e+00 1
6.4053262813093981e-02 3.4686613003533101e-01 0.0000000000000000e+00 1
5.1602460938864100e-02 3.4898782431478981e-01 0.0000000000000000e+00 1
3.8892852149325793e-02 3.5084357444265607e-01 0.0000000000000000e+00 1
2.5953602581748995e-02 3.5243495105891570e-01 0.0000000000000000e+00 1
1.2813878373403613e-02 3.5376352480355422e-01 0.0000000000000000e+00 1
-4.9715433844039515e-04 3.5483086631655752e-01 0.0000000000000000e+00 1
-1.3950329416513101e-02 3.5563854623791130e-01 0.0000000000000000e+00 1
-2.7516480723544623e-02 3.5618813520760151e-01 0.0000000000000000e+00 1
-4.1166442122265091e-02 3.5648120386561355e-01 0.0000000000000000e+00 1
-5.4871047475404493e-02 3.5651932285193355e-01 0.0000000000000000e+00 1
-6.8601130645692981e-02 3.5630406280654681e-01 0.0000000000000000e+00 1
-8.2327525495860546e-02 3.5583699436943955e-01 0.0000000000000000e+00 1
-9.6021065888637389e-02 3.5511968818059714e-01 0.0000000000000000e+00 1
-1.0965258568675341e-01 3.5415371488000563e-01 0.0000000000000000e+00 1
-1.2319291875293893e-01 3.5294064510765061e-01 0.0000000000000000e+00 1
-1.3661289894992382e-01 3.5148204950351786e-01 0.0000000000000000e+00 1
-1.4988336014043829e-01 3.4977949870759306e-01 0.0000000000000000e+00 1
-1.6297513618721238e-01 3.4783456335986213e-01 0.0000000000000000e+00 1
-1.7585906095297615e-01 3.4564881410031068e-01 0.0000000000000000e+00 1
-1.8850596830045968e-01 3.4322382156892445e-01 0.0000000000000000e+00 1
-2.0088669209239304e-01 3.4056115640568929e-01 0.0000000000000000e+00 1
-2.1297206619150638e-01 3.3766238925059083e-01 0.0000000000000000e+00 1
-2.2473292446052973e-01 3.3452909074361498e-01 0.0000000000000000e+00 1
-2.3614010076219319e-01 3.3116283152474740e-01 0.0000000000000000e+00 1
-2.4716442895922680e-01 3.2756518223397385e-01 0.0000000000000000e+00 1
-2.5777674291436065e-01 3.2373771351128000e-01 0.0000000000000000e+00 1
-2.6794787649032475e-01 3.1968199599665187e-01 0.0000000000000000e+00 1
-2.7764866354984941e-01 3.1539960033007486e-01 0.0000000000000000e+00 1
-2.8684993795566455e-01 3.1089209715153487e-01 0.0000000000000000e+00 1
-2.9552253357050023e-01 3.0616105710101776e-01 0.0000000000000000e+00 1
-3.0363728425708658e-01 3.0120805081850910e-01 0.0000000000000000e+00 1
-3.1116502387815365e-01 2.9603464894399473e-01 0.0000000000000000e+00 1
-3.1807658629643154e-01 2.9064242211746044e-01 0.0000000000000000e+00 1
-3.2434280537465038e-01 2.8503294097889192e-01 0.0000000000000000e+00 1
-3.2993451497554011e-01 2.7920777616827491e-01 0.0000000000000000e+00 1
-3.3482254896183095e-01 2.7316849832559520e-01 0.0000000000000000e+00 1
-3.3897774119625285e-01 2.6691667809083852e-01 0.0000000000000000e+00 1
-3.4237092554153609e-01 2.6045388610399067e-01 0.0000000000000000e+00 1
-3.4497293586041056e-01 2.5378169300503733e-01 0.0000000000000000e+00 1
-3.4675460601560648e-01 2.4690166943396430e-01 0.0000000000000000e+00 1
-3.4768676986985375e-01 2.3981538603075728e-01 0.0000000000000000e+00 1
-3.4810072230525368e-01 2.3070238930233397e-01 0.0000000000000000e+00 1
-3.4811189409213328e-01 2.2122560068535088e-01 0.0000000000000000e+00 1
-3.4772810352133715e-01 2.1140033908588754e-01 0.0000000000000000e+00 1
-3.4695716888370903e-01 2.0124192341002320e-01 0.0000000000000000e+00 1
-3.4580690847009332e-01 1.9076567256383750e-01 0.0000000000000000e+00 1
-3.4428514057133414e-01 1.7998690545340970e-01 0.0000000000000000e+00 1
-3.4239968347827582e-01 1.6892094098481944e-01 0.0000000000000000e+00 1
-3.4015835548176232e-01 1.5758309806414600e-01 0.0000000000000000e+00 1
-3.3756897487263821e-01 1.4598869559746891e-01 0.0000000000000000e+00 1
-3.3463935994174709e-01 1.3415305249086756e-01 0.0000000000000000e+00 1
-3.3137732897993377e-01 1.2209148765042144e-01 0.0000000000000000e+00 1
-3.2779070027804191e-01 1.0981931998220992e-01 0.0000000000000000e+00 1
-3.2388729212691614e-01 9.7351868392312524e-02 0.0000000000000000e+00 1
-3.1967492281740029e-01 8.4704451786808632e-02 0.0000000000000000e+00 1
-3.1516141064033859e-01 7.1892389071777696e-02 0.0000000000000000e+00 1
-3.1035457388657545e-01 5.8930999153299107e-02 0.0000000000000000e+00 1
-3.0526223084695492e-01 4.5835600937452439e-02 0.0000000000000000e+00 1
-2.9989219981232118e-01 3.2621513330317015e-02 0.0000000000000000e+00 1
-2.9425229907351835e-01 1.9304055237972302e-02 0.0000000000000000e+00 1
-2.8835034692139067e-01 5.8985455664977496e-03 0.0000000000000000e+00 1
-2.8219416164678246e-01 -7.5796967780271951e-03 0.0000000000000000e+00 1
-2.7579156154053786e-01 -2.1115352889523070e-02 0.0000000000000000e+00 1
-2.6915036489350069e-01 -3.4693103861910504e-02 0.0000000000000000e+00 1
-2.6227838999651559e-01 -4.8297630789109959e-02 0.0000000000000000e+00 1
-2.5518345514042662e-01 -6.1913614765042084e-02 0.0000000000000000e+00 1
-2.4787337861607789e-01 -7.5525736883627431e-02 0.0000000000000000e+00 1
-2.4035597871431372e-01 -8.9118678238786525e-02 0.0000000000000000e+00 1
-2.3263907372597806e-01 -1.0267711992443995e-01 0.0000000000000000e+00 1
-2.2473048194191519e-01 -1.1618574303450824e-01 0.0000000000000000e+00 1
-2.1663802165296944e-01 -1.2962922866291193e-01 0.0000000000000000e+00 1
-2.0836951114998495e-01 -1.4299225790357170e-01 0.0000000000000000e+00 1
-1.9993276872380569e-01 -1.5625951185040793e-01 0.0000000000000000e+00 1
-1.9133561266527602e-01 -1.6941567159734136e-01 0.0000000000000000e+00 1
-1.8258586126524023e-01 -1.8244541823829244e-01 0.0000000000000000e+00 1
-1.7369133281454235e-01 -1.9533343286718169e-01 0.0000000000000000e+00 1
-1.6465984560402655e-01 -2.0806439657792988e-01 0.0000000000000000e+00 1
-1.5549921792453708e-01 -2.2062299046445730e-01 0.0000000000000000e+00 1
-1.4621726806691804e-01 -2.3299389562068465e-01 0.0000000000000000e+00 1
-1.3682181432201379e-01 -2.4516179314053252e-01 0.0000000000000000e+00 1
-1.2732067498066832e-01 -2.5711136411792146e-01 0.0000000000000000e+00 1
-1.1772166833372602e-01 -2.6882728964677188e-01 0.0000000000000000e+00 1
-1.0803261267203086e-01 -2.8029425082100456e-01 0.0000000000000000e+00 1
-9.8261326286427170e-02 -2.9149692873453986e-01 0.0000000000000000e+00 1
-8.8415627467759036e-02 -3.0242000448129858e-01 0.0000000000000000e+00 1
-7.8503334506870789e-02 -3.1304815915520101e-01 0.0000000000000000e+00 1
-6.8532265694606395e-02 -3.2336607385016786e-01 0.0000000000000000e+00 1
-5.8510239321810258e-02 -3.3335842966011958e-01 0.0000000000000000e+00 1
-4.8445073679326475e-02 -3.4300990767897693e-01 0.0000000000000000e+00 1
-3.8344587057999160e-02 -3.5230518900066038e-01 0.0000000000000000e+00 1
-2.8216597748672620e-02 -3.6122895471909039e-01 0.0000000000000000e+00 1
-1.8068924042190924e-02 -3.6976588592818765e-01 0.0000000000000000e+00 1
-7.9093842293984171e-03 -3.7790066372187259e-01 0.0000000000000000e+00 1
2.2542033988609319e-03 -3.8561796919406593e-01 0.0000000000000000e+00 1
1.2414020551742738e-02 -3.9290248343868811e-01 0.0000000000000000e+00 1
2.2562248938402960e-02 -3.9973888754965969e-01 0.0000000000000000e+00 1
3.2691070267997294e-02 -4.0611186262090126e-01 0.0000000000000000e+00 1
4.2792666249681685e-02 -4.1200608974633340e-01 0.0000000000000000e+00 1
5.2859218592611799e-02 -4.1740625001987658e-01 0.0000000000000000e+00 1
6.2882909005943607e-02 -4.2229702453545154e-01 0.0000000000000000e+00 1
7.2855919198832761e-02 -4.2666309438697864e-01 0.0000000000000000e+00 1
8.2770430880435245e-02 -4.3048914066837857e-01 0.0000000000000000e+00 1
9.2618625759906717e-02 -4.3375984447357191e-01 0.0000000000000000e+00 1
1.0239268554640313e-01 -4.3645988689647913e-01 0.0000000000000000e+00 1
1.1208479194908016e-01 -4.3857394903102076e-01 0.0000000000000000e+00 1
1.2168712667709369e-01 -4.4008671197111748e-01 0.0000000000000000e+00 1
1.3119187143959965e-01 -4.4098285681068977e-01 0.0000000000000000e+00 1
1.4059120794575364e-01 -4.4124706464365820e-01 0.0000000000000000e+00 1
1.8368740775728185e-02 3.4217867967319304e-01 0.0000000000000000e+00 1
2.4698695236510781e-01 1.3313555047012884e-01 0.0000000000000000e+00 1
-2.5401328283167046e-01 -3.5597918502916881e-02 0.0000000000000000e+00 1
2.6476644845381919e-01 3.5452243992119346e-02 0.0000000000000000e+00 1
-7.5318409985538570e-02 3.4427091771525686e-01 0.0000000000000000e+00 1
-2.1008271259460687e-01 -1.1620206343698643e-01 0.0000000000000000e+00 1
2.2053389195793824e-01 2.2957817924160626e-01 0.0000000000000000e+00 1
-1.5728045199659366e-01 -1.9436900596935228e-01 0.0000000000000000e+00 1
-2.9011546781877240e-01 4.3238262556727330e-02 0.0000000000000000e+00 1
2.7031013860633946e-01 -5.5664488955816188e-02 0.0000000000000000e+00 1
-9.3455200663968743e-02 -2.7774876485465977e-01 0.0000000000000000e+00 1
1.0118820840418222e-01 3.2899490062294884e-01 0.0000000000000000e+00 1
-1.5555945024397383e-01 3.3804801096172288e-01 0.0000000000000000e+00 1
2.7391795893759957e-01 -1.4812445427493082e-01 0.0000000000000000e+00 1
-3.4326557600068343e-02 -3.4003683338085372e-01 0.0000000000000000e+00 1
-3.1803869913401805e-01 1.2071993781632297e-01 0.0000000000000000e+00 1
2.6631404760022021e-01 -2.3300279365758306e-01 0.0000000000000000e+00 1
3.2767064357220661e-02 -3.9474669604362872e-01 0.0000000000000000e+00 1
-2.2896002222430406e-01 3.2201324129486980e-01 0.0000000000000000e+00 1
2.4816370477299171e-01 -3.0940659034381568e-01 0.0000000000000000e+00 1
2.2673537714801353e-01 -3.7087438119772165e-01 0.0000000000000000e+00 1
1.9193572420045751e-01 2.8081937276399155e-01 0.0000000000000000e+00 1
9.0494699520275085e-02 -4.2369308657489507e-01 0.0000000000000000e+00 1
-2.8716621401706649e-01 3.0115736811646665e-01 0.0000000000000000e+00 1
-3.3586349950708660e-01 1.8624829965313636e-01 0.0000000000000000e+00 1
1.7508393610101650e-01 -4.2709977753961170e-01 0.0000000000000000e+00 1
-3.3156067222373664e-01 2.6649377597255375e-01 0.0000000000000000e+00 1
1.5101202370170702e-01 3.1135284831336740e-01 0.0000000000000000e+00 1
2.3341711374343305e-01 1.8430286553484110e-01 0.0000000000000000e+00 1
-3.4023088634677534e-01 2.2607439379494915e-01 0.0000000000000000e+00 1
1.3791504187016254e-01 -4.3213098242779330e-01 0.0000000000000000e+00 1
2.0655999587981200e-01 -4.0256698106180588e-01 0.0000000000000000e+00 1
-2.3273166425070357e-01 -7.6040267181493149e-02 0.0000000000000000e+00 1
-2.7406925820514882e-01 5.6426984232564557e-03 0.0000000000000000e+00 1
2.6925599741794976e-01 -9.7263347164691163e-03 0.0000000000000000e+00 1
-1.8469687936432180e-01 -1.5446229258787836e-01 0.0000000000000000e+00 1
2.5438242185524723e-01 9.1722361547099451e-02 0.0000000000000000e+00 1
-1.2176340235047026e-01 -2.4294078262998120e-01 0.0000000000000000e+00 1
2.7266283382907108e-01 -1.0329739947437003e-01 0.0000000000000000e+00 1
-3.0642607796864774e-01 8.2170780998711779e-02 0.0000000000000000e+00 1
2.6883636540883404e-01 -1.9109410327984444e-01 0.0000000000000000e+00 1
-6.4966111591296227e-02 -3.1019466349360070e-01 0.0000000000000000e+00 1
-1.1527064912902935e-01 3.4290868592234691e-01 0.0000000000000000e+00 1
-2.1476505248368492e-02 3.4433225733651307e-01 0.0000000000000000e+00 1
-3.2846715507020458e-01 1.5277028240762003e-01 0.0000000000000000e+00 1
2.5764252880876837e-01 -2.7347703587909172e-01 0.0000000000000000e+00 1
-1.9252752283328417e-01 3.3250677311086568e-01 0.0000000000000000e+00 1
5.8176158623255717e-02 3.3793034632611785e-01 0.0000000000000000e+00 1
-5.9840714632604739e-03 -3.6520562838953496e-01 0.0000000000000000e+00 1
-2.5959397574434440e-01 3.1415828898867793e-01 0.0000000000000000e+00 1
2.3927347098874568e-01 -3.4177290638244801e-01 0.0000000000000000e+00 1
2.0539429181672866e-01 2.5891563371986465e-01 0.0000000000000000e+00 1
6.3624512970423625e-02 -4.1126283654256368e-01 0.0000000000000000e+00 1
-3.1115327811807286e-01 2.8717298428241450e-01 0.0000000000000000e+00 1
1.7438367102324726e-01 2.9715576461638654e-01 0.0000000000000000e+00 1
-3.3990549574682349e-01 2.4879870960393674e-01 0.0000000000000000e+00 1
2.5964928553654598e-01 6.2908281319876969e-02 0.0000000000000000e+00 1
-1.4055246099687776e-01 -2.1745302976310302e-01 0.0000000000000000e+00 1
2.4085577687894880e-01 1.5933125381194402e-01 0.0000000000000000e+00 1
-4.9162420181937706e-02 3.4505917672367314e-01 0.0000000000000000e+00 1
2.2682470068294416e-01 2.0790458491982650e-01 0.0000000000000000e+00 1
1.3471599455033834e-02 -3.7995023677857864e-01 0.0000000000000000e+00 1
8.1800627513127805e-02 3.3424458754739972e-01 0.0000000000000000e+00 1
-3.3891965677840874e-01 2.0684755148615222e-01 0.0000000000000000e+00 1
1.2334841853050672e-01 3.2156586402125314e-01 0.0000000000000000e+00 1
1.0903621660281368e-01 -4.2820855805054475e-01 0.0000000000000000e+00 1
2.1781551072736285e-01 -3.8857272900104078e-01 0.0000000000000000e+00 1
1.5403699497159287e-01 -4.3247730755915798e-01 0.0000000000000000e+00 1
1.9395771822514246e-01 -4.1463368232000197e-01 0.0000000000000000e+00 1
-3.2220868007184145e-01 2.7803680835734768e-01 0.0000000000000000e+00 1
-3.4052982463896375e-01 2.3497772885288498e-01 0.0000000000000000e+00 1
-3.3232608406724484e-01 2.3125125786090678e-01 0.0000000000000000e+00 1
-3.3157977304837022e-01 2.2185231374068373e-01 0.0000000000000000e+00 1
-3.2342554120306743e-01 2.2746736126703629e-01 0.0000000000000000e+00 1
-3.2245649015058864e-01 2.1745019435389029e-01 0.0000000000000000e+00 1
-3.1423494259780649e-01 2.2301809911172599e-01 0.0000000000000000e+00 1
-3.1302626553077673e-01 2.1282949410789037e-01 0.0000000000000000e+00 1
-3.0441154376404089e-01 2.1869981592920021e-01 0.0000000000000000e+00 1
-3.0311048750814817e-01 2.0820485921773235e-01 0.0000000000000000e+00 1
-2.9391350681166067e-01 2.1481283770427187e-01 0.0000000000000000e+00 1
-2.9278067876961095e-01 2.0352143825676863e-01 0.0000000000000000e+00 1
-2.8317721928354056e-01 2.1033191283053745e-01 0.0000000000000000e+00 1
-2.8201622791092362e-01 1.9881807780905392e-01 0.0000000000000000e+00 1
-2.7237343206395759e-01 2.0560800552522929e-01 0.0000000000000000e+00 1
-2.7110893428282729e-01 1.9384679600965873e-01 0.0000000000000000e+00 1
-2.6150437551998684e-01 2.0039301805273368e-01 0.0000000000000000e+00 1
-2.5991195443269605e-01 1.8891303849070762e-01 0.0000000000000000e+00 1
-2.5020450496737251e-01 1.9552183544753909e-01 0.0000000000000000e+00 1
-2.4881230095452686e-01 1.8333525095636188e-01 0.0000000000000000e+00 1
-2.3880622897220677e-01 1.9015746744949227e-01 0.0000000000000000e+00 1
-2.3707009014636551e-01 1.7847002083405078e-01 0.0000000000000000e+00 1
-2.2693381732867862e-01 1.8554703539476006e-01 0.0000000000000000e+00 1
-2.2525978409215910e-01 1.7344682397465833e-01 0.0000000000000000e+00 1
-2.1502557637057984e-01 1.8045224865267889e-01 0.0000000000000000e+00 1
-2.1375385285950768e-01 1.6762620341284876e-01 0.0000000000000000e+00 1
-2.0318492009535224e-01 1.7505929942771395e-01 0.0000000000000000e+00 1
-2.0216963866020704e-01 1.6148423344893215e-01 0.0000000000000000e+00 1
-1.9126160437116349e-01 1.6961912845099775e-01 0.0000000000000000e+00 1
-1.9005317743047928e-01 1.5596902836713722e-01 0.0000000000000000e+00 1
-1.7914618470118018e-01 1.6403773946321187e-01 0.0000000000000000e+00 1
-1.7790956170016739e-01 1.5045344600196348e-01 0.0000000000000000e+00 1
-1.6695034870161288e-01 1.5856875247661217e-01 0.0000000000000000e+00 1
-1.6578554380426896e-01 1.4477399514225389e-01 0.0000000000000000e+00 1
-1.5464030317266908e-01 1.5325299819063712e-01 0.0000000000000000e+00 1
-1.5353418781648620e-01 1.3925700410598937e-01 0.0000000000000000e+00 1
-1.4234002912675009e-01 1.4779212375064193e-01 0.0000000000000000e+00 1
-1.4109234668889459e-01 1.3405456608912125e-01 0.0000000000000000e+00 1
-1.2997257536320636e-01 1.4234683976172585e-01 0.0000000000000000e+00 1
-1.2873059862968128e-01 1.2858282418013381e-01 0.0000000000000000e+00 1
-1.1760905900425268e-01 1.3684568810924824e-01 0.0000000000000000e+00 1
-1.1635188334865555e-01 1.2310061511243044e-01 0.0000000000000000e+00 1
-1.0537713536627849e-01 1.3102916435255621e-01 0.0000000000000000e+00 1
-1.0400462016013752e-01 1.1751420419353359e-01 0.0000000000000000e+00 1
-9.3020101594119442e-02 1.2544074059828852e-01 0.0000000000000000e+00 1
-9.1498778251117754e-02 1.1222403829270114e-01 0.0000000000000000e+00 1
-8.0449301941498380e-02 1.2023499823936282e-01 0.0000000000000000e+00 1
-7.9027945583967418e-02 1.0675554918004576e-01 0.0000000000000000e+00 1
-6.7964123422926445e-02 1.1477677166662058e-01 0.0000000000000000e+00 1
-6.6559235204011316e-02 1.0115961161844075e-01 0.0000000000000000e+00 1
-5.5445854902945638e-02 1.0918380198816363e-01 0.0000000000000000e+00 1
-5.4047877898419146e-02 9.5536207811777352e-02 0.0000000000000000e+00 1
-4.3056180858035177e-02 1.0318170674046581e-01 0.0000000000000000e+00 1
-4.1455290890047090e-02 8.9877814822404672e-02 0.0000000000000000e+00 1
-3.0466666483391802e-02 9.7511126629533096e-02 0.0000000000000000e+00 1
-2.8845779014872050e-02 8.4130657254790575e-02 0.0000000000000000e+00 1
-1.7612811451304992e-02 9.2240087075086380e-02 0.0000000000000000e+00 1
-1.6153435741926396e-02 7.8429946764837360e-02 0.0000000000000000e+00 1
-2.6610592293195526e-02 7.0367755744968202e-02 0.0000000000000000e+00 1
-1.4539707028378495e-02 6.4501319404919363e-02 0.0000000000000000e+00 1
-4.6058519121658821e-03 8.6089782630335343e-02 0.0000000000000000e+00 1
-2.5114212464788708e-02 5.6309120998851582e-02 0.0000000000000000e+00 1
-1.3005160031126839e-02 5.0418487808363804e-02 0.0000000000000000e+00 1
-6.2920722360219096e-03 1.0048574002678341e-01 0.0000000000000000e+00 1
-2.4712434818317225e-02 4.2080780081352825e-02 0.0000000000000000e+00 1
-1.1546532341111889e-02 3.6276601266429620e-02 0.0000000000000000e+00 1
6.7211444467331462e-03 9.4188153971035304e-02 0.0000000000000000e+00 1
5.0102654711581887e-03 1.0852746058865821e-01 0.0000000000000000e+00 1
-2.3725444208477595e-02 2.7378070087507478e-02 0.0000000000000000e+00 1
-1.0107387353482353e-02 2.1955999984830298e-02 0.0000000000000000e+00 1
1.8243806082244327e-02 1.0234593996449659e-01 0.0000000000000000e+00 1
1.6316005700165150e-02 1.1660714301729019e-01 0.0000000000000000e+00 1
-2.1885606381864098e-02 1.3301678838865644e-02 0.0000000000000000e+00 1
-8.5783931077013410e-03 7.5800958412251609e-03 0.0000000000000000e+00 1
-8.2046330066962353e-02 1.3369602139305897e-01 0.0000000000000000e+00 1
-2.0442438925765076e-02 -9.5872985569221691e-04 0.0000000000000000e+00 1
-7.1908852199804810e-03 -6.8976099410826284e-03 0.0000000000000000e+00 1
4.7595895025551258e-03 1.7286268315042897e-03 0.0000000000000000e+00 1
6.1098970862452587e-03 -1.2849331979485481e-02 0.0000000000000000e+00 1
1.7991547334390148e-02 -4.2423219867504282e-03 0.0000000000000000e+00 1
1.9425433556091210e-02 -1.8818538883466861e-02 0.0000000000000000e+00 1
7.5624677164889652e-03 -2.7399363166362756e-02 0.0000000000000000e+00 1
2.0920916899381192e-02 -3.3390397507448114e-02 0.0000000000000000e+00 1
9.0355886224968481e-03 -4.1982399090894046e-02 0.0000000000000000e+00 1
2.2432308427659725e-02 -4.7990224902057094e-02 0.0000000000000000e+00 1
2.9471179868036622e-02 1.1049133542467074e-01 0.0000000000000000e+00 1
2.7549264413659388e-02 1.2468671485437588e-01 0.0000000000000000e+00 1
3.1234732723509635e-02 -1.0252535800691159e-02 0.0000000000000000e+00 1
-1.0246444235923111e-01 1.0438326650707483e-01 0.0000000000000000e+00 1
1.0518675712627337e-02 -5.6605742671743245e-02 0.0000000000000000e+00 1
2.3942495228054250e-02 -6.2625556228297893e-02 0.0000000000000000e+00 1
4.0052857785976101e-02 1.1911943648241083e-01 0.0000000000000000e+00 1
3.8582523427190915e-02 1.3281522163487949e-01 0.0000000000000000e+00 1
-3.3614313995843470e-02 4.8907395704684995e-03 0.0000000000000000e+00 1
1.2007758870933676e-02 -7.1254040844014419e-02 0.0000000000000000e+00 1
2.5455101998559413e-02 -7.7284115221606275e-02 0.0000000000000000e+00 1
3.7387814846539316e-02 -6.8640719505856179e-02 0.0000000000000000e+00 1
3.8899831344991538e-02 -8.3310587683660620e-02 0.0000000000000000e+00 1
2.6976746961096407e-02 -9.1962593334168313e-02 0.0000000000000000e+00 1
4.0420405107582637e-02 -9.7970157346187595e-02 0.0000000000000000e+00 1
5.2343782279465401e-02 -8.9338488297528745e-02 0.0000000000000000e+00 1
5.3831118277466547e-02 -1.0398936099064660e-01 0.0000000000000000e+00 1
4.1922499181859335e-02 -1.1259167036240460e-01 0.0000000000000000e+00 1
5.5302697757679528e-02 -1.1861057387048114e-01 0.0000000000000000e+00 1
-1.3135238623538395e-01 1.5582850135152887e-01 0.0000000000000000e+00 1
4.3423418319128770e-02 -1.2718616062701787e-01 0.0000000000000000e+00 1
5.6779238805472254e-02 -1.3319643694311542e-01 0.0000000000000000e+00 1
5.0997360362584357e-02 1.2727309442315959e-01 0.0000000000000000e+00 1
4.9519875438669786e-02 1.4084094093751248e-01 0.0000000000000000e+00 1
3.7180666556194467e-02 1.4635849276056151e-01 0.0000000000000000e+00 1
4.8099751121839812e-02 1.5425985936305742e-01 0.0000000000000000e+00 1
3.5815058630925566e-02 1.5977065229738879e-01 0.0000000000000000e+00 1
4.4918674474687684e-02 -1.4174508418756579e-01 0.0000000000000000e+00 1
5.8218826122251682e-02 -1.4771966898339511e-01 0.0000000000000000e+00 1
6.5782272936647540e-02 -9.5379737617581284e-02 0.0000000000000000e+00 1
6.0357667515738629e-02 1.4880261497626693e-01 0.0000000000000000e+00 1
5.8951693768918609e-02 1.6210525482714971e-01 0.0000000000000000e+00 1
4.6186783834946711e-02 -1.5671255409531448e-01 0.0000000000000000e+00 1
5.9411914154869183e-02 -1.6273159551191929e-01 0.0000000000000000e+00 1
7.1370404631408951e-02 -1.5386250332938489e-01 0.0000000000000000e+00 1
7.2771745907893398e-02 -1.6827546107348940e-01 0.0000000000000000e+00 1
6.1043418586184339e-02 -1.7690036041621970e-01 0.0000000000000000e+00 1
7.4263541381813486e-02 -1.8252140094232663e-01 0.0000000000000000e+00 1
-1.5203100232424330e-01 1.2483010036441070e-01 0.0000000000000000e+00 1
8.5886624635739109e-02 -1.7414746776687309e-01 0.0000000000000000e+00 1
8.7364788788055828e-02 -1.8832865858092154e-01 0.0000000000000000e+00 1
7.5755997937889050e-02 -1.9662535889864374e-01 0.0000000000000000e+00 1
8.8642193003067249e-02 -2.0248187730539269e-01 0.0000000000000000e+00 1
3.3061063644490352e-02 -1.5035975030258145e-01 0.0000000000000000e+00 1
7.7194824642311782e-02 -2.1066074865001932e-01 0.0000000000000000e+00 1
9.0091464500469676e-02 -2.1643249463158568e-01 0.0000000000000000e+00 1
7.1103373035921041e-02 1.5673317626950228e-01 0.0000000000000000e+00 1
6.9734500380564474e-02 1.6986423510981333e-01 0.0000000000000000e+00 1
-1.8152593560684627e-01 1.7780580064449306e-01 0.0000000000000000e+00 1
7.8569357987368124e-02 -2.2461264820569796e-01 0.0000000000000000e+00 1
9.1262162407130101e-02 -2.3034796983056163e-01 0.0000000000000000e+00 1
5.2008047914227230e-02 1.1430818476969279e-01 0.0000000000000000e+00 1
9.9078675341959466e-02 -1.8003095391396509e-01 0.0000000000000000e+00 1
8.1771409929291675e-02 1.6456378419116699e-01 0.0000000000000000e+00 1
8.0400469062143612e-02 1.7757414151264356e-01 0.0000000000000000e+00 1
7.9987105021414109e-02 -2.3840163669147654e-01 0.0000000000000000e+00 1
9.2530127867648887e-02 -2.4404728808845272e-01 0.0000000000000000e+00 1
6.7368608295324345e-02 -2.3269734000525491e-01 0.0000000000000000e+00 1
1.0370929626555803e-01 -2.3615026284124699e-01 0.0000000000000000e+00 1
1.0487172349268604e-01 -2.4972534391900825e-01 0.0000000000000000e+00 1
9.3904055233156009e-02 -2.5752755411963080e-01 0.0000000000000000e+00 1
1.0617910122078129e-01 -2.6304819150620068e-01 0.0000000000000000e+00 1
-1.4372583836450852e-03 -6.5219909207306789e-02 0.0000000000000000e+00 1
9.2316089827862116e-02 1.7231465316222572e-01 0.0000000000000000e+00 1
9.3768222698442344e-02 1.5932151412222648e-01 0.0000000000000000e+00 1
9.0865930195854983e-02 1.8521740417305824e-01 0.0000000000000000e+00 1
7.9112268839598140e-02 1.9041952255081590e-01 0.0000000000000000e+00 1
1.1702895359027850e-01 -2.5537336846272551e-01 0.0000000000000000e+00 1
1.1819050291051909e-01 -2.6857892490877278e-01 0.0000000000000000e+00 1
1.0753052570084289e-01 -2.7617250889566042e-01 0.0000000000000000e+00 1
1.1934754359419403e-01 -2.8163044794979530e-01 0.0000000000000000e+00 1
8.9545494048630950e-02 1.9791399253020217e-01 0.0000000000000000e+00 1
7.7882308559067234e-02 2.0318703092503890e-01 0.0000000000000000e+00 1
-2.2851550745957427e-01 1.9776755875008475e-01 0.0000000000000000e+00 1
1.0883620333122987e-01 -2.8908700760882700e-01 0.0000000000000000e+00 1
1.2042504602568585e-01 -2.9443974922524085e-01 0.0000000000000000e+00 1
-2.0120294384488455e-01 1.4698072864846787e-01 0.0000000000000000e+00 1
1.0112122367514029e-01 1.9278892896275060e-01 0.0000000000000000e+00 1
1.2904769524246454e-01 -2.6097499075094749e-01 0.0000000000000000e+00 1
9.9861987525112064e-02 2.0526521911742657e-01 0.0000000000000000e+00 1
1.0999910031040711e-01 -3.0187887536392022e-01 0.0000000000000000e+00 1
1.2146946835943041e-01 -3.0711148452077830e-01 0.0000000000000000e+00 1
9.8456375960875891e-02 -2.9655093682151790e-01 0.0000000000000000e+00 1
1.3374642735104519e-01 -2.9954244629838889e-01 0.0000000000000000e+00 1
1.3284079081745867e-01 -3.1229522702563828e-01 0.0000000000000000e+00 1
1.2214680125022084e-01 -3.1974592093380005e-01 0.0000000000000000e+00 1
1.3343908039028457e-01 -3.2461664945293833e-01 0.0000000000000000e+00 1
1.1125182730561106e-01 2.0021586801741459e-01 0.0000000000000000e+00 1
1.1001754451482393e-01 2.1254693281972675e-01 0.0000000000000000e+00 1
-2.6267619598366176e-01 2.1253550713860658e-01 0.0000000000000000e+00 1
1.4338897657909008e-01 -3.1804617168426252e-01 0.0000000000000000e+00 1
1.4448816254869354e-01 -3.2954198314689365e-01 0.0000000000000000e+00 1
1.3461332309430518e-01 -3.3643086824491508e-01 0.0000000000000000e+00 1
-2.3603535453628474e-01 1.6562863300716069e-01 0.0000000000000000e+00 1
1.2133286432940700e-01 2.0751978299118540e-01 0.0000000000000000e+00 1
1.1999570030831659e-01 2.1972305236858208e-01 0.0000000000000000e+00 1
1.0884974308124987e-01 2.2468410971384437e-01 0.0000000000000000e+00 1
1.4541128629777647e-01 -3.4115956085312826e-01 0.0000000000000000e+00 1
2.4045203445693351e-03 1.2391916888947103e-01 0.0000000000000000e+00 1
1.3606562562808563e-01 -3.4773915584081738e-01 0.0000000000000000e+00 1
2.9827346701726980e-02 4.3234399820840444e-03 0.0000000000000000e+00 1
4.3062229857742287e-02 -1.6662320109904578e-03 0.0000000000000000e+00 1
1.5436095622091317e-01 -3.2278013280000939e-01 0.0000000000000000e+00 1
-3.9089417796076713e-02 5.0173453516542545e-02 0.0000000000000000e+00 1
1.2262981022588901e-01 1.9517343419797800e-01 0.0000000000000000e+00 1
1.4633069799990484e-01 -3.5252461555077713e-01 0.0000000000000000e+00 1
1.3269211091607896e-01 2.0252741454610412e-01 0.0000000000000000e+00 1
1.3402997394047483e-01 1.9014582029131122e-01 0.0000000000000000e+00 1
1.1867909726169473e-01 2.3180121008469196e-01 0.0000000000000000e+00 1
1.0769179742508946e-01 2.3672961416735519e-01 0.0000000000000000e+00 1
4.1595715879369298e-02 1.2833714138502325e-02 0.0000000000000000e+00 1
5.4847717918197703e-02 6.8856336366662088e-03 0.0000000000000000e+00 1
-2.9526620433876827e-01 2.2658489431907791e-01 0.0000000000000000e+00 1
1.3718539579240274e-01 -3.5894815334518110e-01 0.0000000000000000e+00 1
1.2670971178638868e-01 -3.5448473920086815e-01 0.0000000000000000e+00 1
5.3356644786521704e-02 2.1353629578165112e-02 0.0000000000000000e+00 1
6.6609749944086805e-02 1.5428033141858560e-02 0.0000000000000000e+00 1
6.8142425719443608e-02 9.3729356391523294e-04 0.0000000000000000e+00 1
7.9971675617733065e-02 9.5275326902414560e-03 0.0000000000000000e+00 1
8.1489456335547966e-02 -5.0147601483280851e-03 0.0000000000000000e+00 1
9.3302923751865829e-02 3.5847526867421437e-03 0.0000000000000000e+00 1
9.1792549694424214e-02 1.8115578915904585e-02 0.0000000000000000e+00 1
1.0528366691021597e-01 1.2207001946506243e-02 0.0000000000000000e+00 1
1.0671926004521470e-01 -2.3438322546142573e-03 0.0000000000000000e+00 1
1.0373115355426145e-01 2.6690821410033747e-02 0.0000000000000000e+00 1
1.1873557375767058e-01 6.3517260132751078e-03 0.0000000000000000e+00 1
1.2014313890581807e-01 -8.2943256356980168e-03 0.0000000000000000e+00 1
1.3213890767572284e-01 4.6506344392080717e-04 0.0000000000000000e+00 1
1.3357013175806395e-01 -1.4254760474173961e-02 0.0000000000000000e+00 1
1.4551144403055061e-01 -5.5325903490260446e-03 0.0000000000000000e+00 1
1.4709295505858899e-01 -2.0244836930476198e-02 0.0000000000000000e+00 1
1.4406230034549150e-01 9.2023991607600771e-03 0.0000000000000000e+00 1
1.5741507037835267e-01 3.2061487563947106e-03 0.0000000000000000e+00 1
1.5581630763965984e-01 1.7863654631211152e-02 0.0000000000000000e+00 1
1.3513380215311985e-01 -2.8983895431934817e-02 0.0000000000000000e+00 1
1.4869517925640480e-01 -3.4989844645342438e-02 0.0000000000000000e+00 1
1.4717585253455634e-01 -3.6365226379023441e-01 0.0000000000000000e+00 1
1.5634929039040116e-01 -3.5742866613007157e-01 0.0000000000000000e+00 1
1.4413124682089329e-01 1.9751634943001523e-01 0.0000000000000000e+00 1
1.4549102798885039e-01 1.8503758499963777e-01 0.0000000000000000e+00 1
1.3670097536073197e-01 -4.3767548226960142e-02 0.0000000000000000e+00 1
1.5028508521878942e-01 -4.9801355399112152e-02 0.0000000000000000e+00 1
1.6231672958172130e-01 -4.0994763807996756e-02 0.0000000000000000e+00 1
1.6389712639008841e-01 -5.5813013901792531e-02 0.0000000000000000e+00 1
1.5187136932093043e-01 -6.4628059506938756e-02 0.0000000000000000e+00 1
1.6537533415997221e-01 -7.0649074431979736e-02 0.0000000000000000e+00 1
1.5345198007285341e-01 -7.9424195416088875e-02 0.0000000000000000e+00 1
1.6694220712096647e-01 -8.5449527911303017e-02 0.0000000000000000e+00 1
1.5504652197886537e-01 -9.4198681991604277e-02 0.0000000000000000e+00 1
1.6860445845147934e-01 -1.0020278510941717e-01 0.0000000000000000e+00 1
1.1742142034523320e-01 2.4374107164814207e-01 0.0000000000000000e+00 1
1.0649148963374455e-01 2.4867253967147787e-01 0.0000000000000000e+00 1
1.2824393134094325e-01 2.3884927120130664e-01 0.0000000000000000e+00 1
1.6926114488043772e-01 1.1921130248091419e-02 0.0000000000000000e+00 1
1.6763113590388889e-01 2.6530768336645673e-02 0.0000000000000000e+00 1
-2.6827816941876903e-01 1.8225920317515387e-01 0.0000000000000000e+00 1
1.5664685185926547e-01 -1.0892362619936455e-01 0.0000000000000000e+00 1
1.7016067683412056e-01 -1.1492006377601756e-01 0.0000000000000000e+00 1
1.7589498145333626e-01 -4.7016520210216906e-02 0.0000000000000000e+00 1
1.8043895462156068e-01 -9.1556845275127433e-02 0.0000000000000000e+00 1
1.3824540832436225e-01 -3.6992286215703324e-01 0.0000000000000000e+00 1
-3.2243378739417870e-02 -9.4626635941457461e-03 0.0000000000000000e+00 1
-4.5526809008850755e-02 -3.4305757061654806e-03 0.0000000000000000e+00 1
-4.4094429974930113e-02 -1.7952651717064123e-02 0.0000000000000000e+00 1
-5.7474272503739578e-02 -1.1908247795640016e-02 0.0000000000000000e+00 1
-5.5991984284745763e-02 -2.6519534025623771e-02 0.0000000000000000e+00 1
-6.9453237286735331e-02 -2.0432379310746651e-02 0.0000000000000000e+00 1
-6.7938358944495375e-02 -3.5125368805932408e-02 0.0000000000000000e+00 1
-8.1418958151021736e-02 -2.9031744226549389e-02 0.0000000000000000e+00 1
-7.9928487652979024e-02 -4.3776573477874642e-02 0.0000000000000000e+00 1
-9.3421831785347131e-02 -3.7671659102609466e-02 0.0000000000000000e+00 1
-9.4896589852330140e-02 -2.2925805555315790e-02 0.0000000000000000e+00 1
-9.1971487576650385e-02 -5.2466404724740290e-02 0.0000000000000000e+00 1
-1.0687432279427084e-01 -3.1459264080680838e-02 0.0000000000000000e+00 1
-1.0840682606776927e-01 -1.6923369140265893e-02 0.0000000000000000e+00 1
-1.2033786352812538e-01 -2.5341712739860318e-02 0.0000000000000000e+00 1
-1.2187424726991904e-01 -1.0847257158142130e-02 0.0000000000000000e+00 1
-1.3379974761970770e-01 -1.9277558469203405e-02 0.0000000000000000e+00 1
-1.3529955573414337e-01 -4.6413689545105642e-03 0.0000000000000000e+00 1
-1.3198612809115171e-01 -3.3943804063868599e-02 0.0000000000000000e+00 1
-1.4720616115633131e-01 -1.3133573571049842e-02 0.0000000000000000e+00 1
-1.4873388344900101e-01 1.4642588573531552e-03 0.0000000000000000e+00 1
-1.2357090037355975e-01 3.9225574134689675e-03 0.0000000000000000e+00 1
-7.8413670887008513e-02 -5.8576353477636935e-02 0.0000000000000000e+00 1
-9.0494119968236017e-02 -6.7298904433774828e-02 0.0000000000000000e+00 1
-7.6877133454928581e-02 -7.3441868047649739e-02 0.0000000000000000e+00 1
-8.9011103114926660e-02 -8.2178263969323151e-02 0.0000000000000000e+00 1
-7.5360389333069794e-02 -8.8326043606282156e-02 0.0000000000000000e+00 1
-8.7471575804160956e-02 -9.6968036319089290e-02 0.0000000000000000e+00 1
-7.3838964382999653e-02 -1.0323421874461537e-01 0.0000000000000000e+00 1
-8.5667263633773028e-02 -1.1185143447487152e-01 0.0000000000000000e+00 1
-7.2271689393141839e-02 -1.1817007901969184e-01 0.0000000000000000e+00 1
-1.0073353900053268e-01 -9.0927910055081496e-02 0.0000000000000000e+00 1
-8.4171846507664197e-02 -1.2691958485310090e-01 0.0000000000000000e+00 1
-7.0939959256914070e-02 -1.3316941740697361e-01 0.0000000000000000e+00 1
-1.6062973559594990e-01 -7.0862152634791429e-03 0.0000000000000000e+00 1
-1.6210842264141317e-01 7.4998875883250937e-03 0.0000000000000000e+00 1
-8.2997781896983772e-02 -1.4194842613011621e-01 0.0000000000000000e+00 1
-6.9533348828861530e-02 -1.4817650705460200e-01 0.0000000000000000e+00 1
-5.9025167466425832e-02 -1.2400973747221899e-01 0.0000000000000000e+00 1
-1.7407757002658231e-01 -1.0242705395441803e-03 0.0000000000000000e+00 1
-1.7544856877518056e-01 1.3561078168515275e-02 0.0000000000000000e+00 1
-1.6355129042136471e-01 2.2052726290788621e-02 0.0000000000000000e+00 1
-1.7677183936046792e-01 2.8043987831009004e-02 0.0000000000000000e+00 1
-1.6502086831487908e-01 3.6433431700985133e-02 0.0000000000000000e+00 1
-1.7828211226263882e-01 4.2433659406907090e-02 0.0000000000000000e+00 1
-1.8989142526366234e-01 3.4063840970443411e-02 0.0000000000000000e+00 1
-1.9144778760389602e-01 4.8389390965735531e-02 0.0000000000000000e+00 1
1.5825071932147100e-01 -1.2361384827725330e-01 0.0000000000000000e+00 1
1.7170218680554819e-01 -1.2959029983866804e-01 0.0000000000000000e+00 1
1.4797830318841979e-01 -3.7451824318882998e-01 0.0000000000000000e+00 1
-1.7253154921780056e-01 -1.5696564129362909e-02 0.0000000000000000e+00 1
-9.6064269477348918e-02 -1.3567935188899166e-01 0.0000000000000000e+00 1
-8.1557378258548724e-02 -1.5693764371910107e-01 0.0000000000000000e+00 1
-6.7885946757564708e-02 -1.6313440286412989e-01 0.0000000000000000e+00 1
1.5558996129956676e-01 1.9250732335078441e-01 0.0000000000000000e+00 1
1.5702759576906694e-01 1.7992862891652806e-01 0.0000000000000000e+00 1
1.4451075946361550e-01 -1.1762123543667681e-01 0.0000000000000000e+00 1
1.1616901983564204e-01 2.5565108726699382e-01 0.0000000000000000e+00 1
1.0524222941438588e-01 2.6065459450429151e-01 0.0000000000000000e+00 1
9.5442866156587106e-02 2.5358924125222648e-01 0.0000000000000000e+00 1
9.4210446207969992e-02 2.6572831410700115e-01 0.0000000000000000e+00 1
8.4338254657751466e-02 2.5875943680298347e-01 0.0000000000000000e+00 1
1.4675018018887975e-01 1.7235184266875092e-01 0.0000000000000000e+00 1
1.5851898681486232e-01 1.6712887716502456e-01 0.0000000000000000e+00 1
1.4802479839371582e-01 1.5944386156577528e-01 0.0000000000000000e+00 1
1.6022740987219489e-01 1.5412732481068336e-01 0.0000000000000000e+00 1
1.4941455603537046e-01 1.4634806201217682e-01 0.0000000000000000e+00 1
1.6177031044640688e-01 1.4095755603355353e-01 0.0000000000000000e+00 1
1.5070750492158363e-01 1.3315602868727666e-01 0.0000000000000000e+00 1
1.6305519653820705e-01 1.2762457696716381e-01 0.0000000000000000e+00 1
1.5200938030983377e-01 1.1971254800414212e-01 0.0000000000000000e+00 1
1.6452735670069651e-01 1.1413399201187649e-01 0.0000000000000000e+00 1
1.5350103297682616e-01 1.0607126295481809e-01 0.0000000000000000e+00 1
1.4091396696060440e-01 1.1171199577569348e-01 0.0000000000000000e+00 1
1.6606590563999268e-01 1.0048558226924328e-01 0.0000000000000000e+00 1
1.4240141281238564e-01 9.7980000590449784e-02 0.0000000000000000e+00 1
1.2984685309230018e-01 1.0359751024444423e-01 0.0000000000000000e+00 1
-2.0294679416485809e-01 4.0049922921186601e-02 0.0000000000000000e+00 1
-2.0437631318156196e-01 5.4270668541535984e-02 0.0000000000000000e+00 1
8.3039521799228994e-02 2.7093355932455748e-01 0.0000000000000000e+00 1
7.3029776030031066e-02 2.6386311003058044e-01 0.0000000000000000e+00 1
1.5982337589756135e-01 -1.3825927498220897e-01 0.0000000000000000e+00 1
1.7282093222944506e-01 -1.4418781375318171e-01 0.0000000000000000e+00 1
1.8504171361462102e-01 -1.3555871903149944e-01 0.0000000000000000e+00 1
1.8652457543742162e-01 -1.5014733827052004e-01 0.0000000000000000e+00 1
1.7380256271572586e-01 -1.5868595115984199e-01 0.0000000000000000e+00 1
1.8789073394286770e-01 -1.6464789416058601e-01 0.0000000000000000e+00 1
1.7633167086893298e-01 -1.7319186724521068e-01 0.0000000000000000e+00 1
1.8967371942381073e-01 -1.7918189908301055e-01 0.0000000000000000e+00 1
1.7739912686157633e-01 -1.8753460383876810e-01 0.0000000000000000e+00 1
1.9102901478679785e-01 -1.9351945661263598e-01 0.0000000000000000e+00 1
1.7884568692003724e-01 -2.0170939999266013e-01 0.0000000000000000e+00 1
1.9220500680540759e-01 -2.0748767451467001e-01 0.0000000000000000e+00 1
1.8111959229841867e-01 2.0633554230580851e-02 0.0000000000000000e+00 1
-1.6683322477409512e-01 5.0821146130225182e-02 0.0000000000000000e+00 1
-8.0012067856342600e-02 -1.7189486927623915e-01 0.0000000000000000e+00 1
-6.6326352095982824e-02 -1.7802993573288767e-01 0.0000000000000000e+00 1
-5.4180012357677713e-02 -1.6931470389057873e-01 0.0000000000000000e+00 1
-5.2743159383603980e-02 -1.8418725864879251e-01 0.0000000000000000e+00 1
1.7718054828902055e-01 1.0866304927027931e-01 0.0000000000000000e+00 1
1.7872996920704964e-01 9.4897264134141845e-02 0.0000000000000000e+00 1
2.0504983277796093e-02 8.7512097430515412e-02 0.0000000000000000e+00 1
-6.4840442038591933e-02 -1.9292639797202352e-01 0.0000000000000000e+00 1
-5.1270459703839241e-02 -1.9894086498394795e-01 0.0000000000000000e+00 1
-3.9268244725915551e-02 -1.9031290085986741e-01 0.0000000000000000e+00 1
-3.7794593351973743e-02 -2.0495059921423159e-01 0.0000000000000000e+00 1
-2.5842596520867202e-02 -1.9636526446529126e-01 0.0000000000000000e+00 1
-2.4423114104632524e-02 -2.1095023561160689e-01 0.0000000000000000e+00 1
-3.6152359156362009e-02 -2.1950134511824182e-01 0.0000000000000000e+00 1
-2.2898880078649514e-02 -2.2540316622243406e-01 0.0000000000000000e+00 1
-1.1171233780987605e-02 -2.1693285686593075e-01 0.0000000000000000e+00 1
-9.7323461378414217e-03 -2.3130728582867113e-01 0.0000000000000000e+00 1
-2.1356135586200035e-02 -2.3975273836901201e-01 0.0000000000000000e+00 1
-8.2975200159571307e-03 -2.4560421050194020e-01 0.0000000000000000e+00 1
1.3922052939284071e-01 -3.8068756490127142e-01 0.0000000000000000e+00 1
1.8170611414799126e-01 -2.1554610889144571e-01 0.0000000000000000e+00 1
1.9401283899942812e-01 -2.2144238986909393e-01 0.0000000000000000e+00 1
7.1737270066934783e-02 2.7612583285057085e-01 0.0000000000000000e+00 1
6.1510457437723681e-02 2.6891768475198352e-01 0.0000000000000000e+00 1
-2.1592174528269764e-01 4.5994696446525166e-02 0.0000000000000000e+00 1
-2.1720015327834541e-01 6.0173165637581967e-02 0.0000000000000000e+00 1
-2.0570612530723570e-01 6.8411666978620916e-02 0.0000000000000000e+00 1
-2.1848413515271753e-01 7.4242338877440292e-02 0.0000000000000000e+00 1
-2.1470440266196250e-01 3.1742467504090863e-02 0.0000000000000000e+00 1
1.7057551921770869e-01 1.6194188593410774e-01 0.0000000000000000e+00 1
1.5423798382695209e-01 2.0483819335099498e-01 0.0000000000000000e+00 1
-1.5346521016690687e-01 4.4853024743139638e-02 0.0000000000000000e+00 1
-4.5161019521019620e-02 1.1635229876415656e-01 0.0000000000000000e+00 1
1.8351555789105817e-01 -2.2934753349922998e-01 0.0000000000000000e+00 1
1.9636676892081797e-01 -2.3540527812841389e-01 0.0000000000000000e+00 1
1.8442900112986607e-01 -2.4310195300536613e-01 0.0000000000000000e+00 1
1.9727266423214213e-01 -2.4877360354261491e-01 0.0000000000000000e+00 1
1.8575775430681030e-01 -2.5651483278692588e-01 0.0000000000000000e+00 1
1.9782577885279345e-01 -2.6202889147455044e-01 0.0000000000000000e+00 1
2.0167243265488269e-01 -1.7089224991740642e-01 0.0000000000000000e+00 1
-6.0322221663166406e-02 3.1338078056597275e-03 0.0000000000000000e+00 1
6.2774220463030828e-02 2.5672575826003252e-01 0.0000000000000000e+00 1
5.1135615601631386e-02 2.6145278912848097e-01 0.0000000000000000e+00 1
4.9919396656085829e-02 2.7421344320593410e-01 0.0000000000000000e+00 1
3.9437998896247432e-02 2.6667568856525803e-01 0.0000000000000000e+00 1
4.0726548658509977e-02 2.5383055523015063e-01 0.0000000000000000e+00 1
2.8899189688807562e-02 2.5913251723327324e-01 0.0000000000000000e+00 1
3.0289555255591259e-02 2.4602915225707114e-01 0.0000000000000000e+00 1
1.8285616988655405e-02 2.5151249096861172e-01 0.0000000000000000e+00 1
1.9688755049021196e-02 2.3830697246855639e-01 0.0000000000000000e+00 1
7.5989219918491824e-03 2.4384151467601695e-01 0.0000000000000000e+00 1
8.9009421271714299e-03 2.3076185105038993e-01 0.0000000000000000e+00 1
-3.1468648369538180e-03 2.3617800208382533e-01 0.0000000000000000e+00 1
-1.6656380663166415e-03 2.2297995815917984e-01 0.0000000000000000e+00 1
-1.3865638304387523e-02 2.2845040288427909e-01 0.0000000000000000e+00 1
-1.5211279230312080e-02 2.4161718891128861e-01 0.0000000000000000e+00 1
-2.5982226699018424e-02 2.3389225231774841e-01 0.0000000000000000e+00 1
-2.7301575561871825e-02 2.4714064507653702e-01 0.0000000000000000e+00 1
-3.8124481104524079e-02 2.3935314950036268e-01 0.0000000000000000e+00 1
-2.4583586198753893e-02 2.2063034602612519e-01 0.0000000000000000e+00 1
-3.9439677913581071e-02 2.5265701303388122e-01 0.0000000000000000e+00 1
-5.0306112414718038e-02 2.4483153438824273e-01 0.0000000000000000e+00 1
-5.1632127147936843e-02 2.5815730437261064e-01 0.0000000000000000e+00 1
-6.2525992125043173e-02 2.5033911434527778e-01 0.0000000000000000e+00 1
-6.1171650045231354e-02 2.3700351749182147e-01 0.0000000000000000e+00 1
-7.3407696830834798e-02 2.4250577308891333e-01 0.0000000000000000e+00 1
-7.2051907129884532e-02 2.2915346601509240e-01 0.0000000000000000e+00 1
-8.4284595727462677e-02 2.3466281044793583e-01 0.0000000000000000e+00 1
-8.5636086548657009e-02 2.4799740677580853e-01 0.0000000000000000e+00 1
-9.6515889638508934e-02 2.4017400894613261e-01 0.0000000000000000e+00 1
-9.7859246813711789e-02 2.5350057609496324e-01 0.0000000000000000e+00 1
-1.0873474911341881e-01 2.4568279341696742e-01 0.0000000000000000e+00 1
-1.1007982371492572e-01 2.5899348091156243e-01 0.0000000000000000e+00 1
-1.2093285615016683e-01 2.5116054001352850e-01 0.0000000000000000e+00 1
1.7123231385460867e-02 2.6460971156657487e-01 0.0000000000000000e+00 1
-1.1959324298720855e-01 2.3787618179199299e-01 0.0000000000000000e+00 1
-1.3175098744523006e-01 2.4338448217126368e-01 0.0000000000000000e+00 1
-1.3309939340245455e-01 2.5660764862047358e-01 0.0000000000000000e+00 1
-1.4390147556135338e-01 2.4884670626499672e-01 0.0000000000000000e+00 1
-1.4522164862928580e-01 2.6204155374848837e-01 0.0000000000000000e+00 1
-1.5596754980526073e-01 2.5434964246015174e-01 0.0000000000000000e+00 1
-8.2935521307630836e-02 2.2131992876048767e-01 0.0000000000000000e+00 1
-4.0736996522291360e-02 2.6597825658232627e-01 0.0000000000000000e+00 1
-9.9206824915393496e-02 2.6683258587723058e-01 0.0000000000000000e+00 1
-1.3041825558966011e-01 2.3016874804596280e-01 0.0000000000000000e+00 1
-1.5726267511868022e-01 2.6745056984953625e-01 0.0000000000000000e+00 1
-1.6794438894193711e-01 2.5974739726143709e-01 0.0000000000000000e+00 1
-1.6666477923756928e-01 2.4671091768551914e-01 0.0000000000000000e+00 1
-1.7854879110926750e-01 2.5215396349585767e-01 0.0000000000000000e+00 1
-1.7983511041929318e-01 2.6506322610651423e-01 0.0000000000000000e+00 1
-1.9035595591169047e-01 2.5754083732602728e-01 0.0000000000000000e+00 1
-1.4655278475919173e-01 2.7517957185023734e-01 0.0000000000000000e+00 1
2.1398493400718206e-02 2.2501426433190430e-01 0.0000000000000000e+00 1
-7.0699271033106081e-02 2.1580268908207206e-01 0.0000000000000000e+00 1
-8.1593980862134097e-02 2.0796650541668021e-01 0.0000000000000000e+00 1
-6.9334092351981458e-02 2.0244711776432370e-01 0.0000000000000000e+00 1
1.6706447875811453e-01 -2.1127786229962917e-01 0.0000000000000000e+00 1
-5.2952135777905418e-02 2.7150857640068127e-01 0.0000000000000000e+00 1
-1.9822920846116341e-02 -2.5398400503817997e-01 0.0000000000000000e+00 1
-6.8867422947054904e-03 -2.5978545571861911e-01 0.0000000000000000e+00 1
-1.9158414989428513e-01 2.7039573120685212e-01 0.0000000000000000e+00 1
-2.0203003705735217e-01 2.6278783882743389e-01 0.0000000000000000e+00 1
-4.2034318013939816e-02 2.7933076695585113e-01 0.0000000000000000e+00 1
-1.5513645243136220e-01 5.9096669034951588e-02 0.0000000000000000e+00 1
-1.4195133338991256e-01 5.3225486490974562e-02 0.0000000000000000e+00 1
-6.5223523320927512e-02 8.7452670366578611e-02 0.0000000000000000e+00 1
1.4888277022662150e-01 -3.8506696259046286e-01 0.0000000000000000e+00 1
-2.0711936608030407e-01 8.2377472171630162e-02 0.0000000000000000e+00 1
-2.1979821732444729e-01 8.8174280214422612e-02 0.0000000000000000e+00 1
-2.3112401571600164e-01 8.0096761404659322e-02 0.0000000000000000e+00 1
-2.3243700440609577e-01 9.3899455604121579e-02 0.0000000000000000e+00 1
-1.8609930319574064e-01 -9.5816702854467431e-03 0.0000000000000000e+00 1
1.6558533706997469e-01 1.9994092729566004e-01 0.0000000000000000e+00 1
1.6424535770659382e-01 2.1212068113287125e-01 0.0000000000000000e+00 1
1.5426581393934752e-01 3.2435115406344119e-02 0.0000000000000000e+00 1
-1.7729064656129118e-01 2.3923787283222114e-01 0.0000000000000000e+00 1
1.8701372022754420e-01 -2.6968875546309690e-01 0.0000000000000000e+00 1
2.0031856721889463e-01 -2.7559348739293299e-01 0.0000000000000000e+00 1
1.3125104484117567e-01 8.9846307307151069e-02 0.0000000000000000e+00 1
1.1861900304162915e-01 9.5502373905938243e-02 0.0000000000000000e+00 1
-1.8455376332392803e-01 -2.4376703731972347e-02 0.0000000000000000e+00 1
1.1496738682441027e-01 2.6749370211843099e-01 0.0000000000000000e+00 1
1.8996882073861857e-01 1.0316618806802061e-01 0.0000000000000000e+00 1
1.9149604833837180e-01 8.9262959132738046e-02 0.0000000000000000e+00 1
2.0627812126850245e-01 -2.1378612319300988e-01 0.0000000000000000e+00 1
-5.4280042783442270e-02 2.8487894451295814e-01 0.0000000000000000e+00 1
1.9455392518514343e-03 -2.2287329442610876e-01 0.0000000000000000e+00 1
-8.0257985205764687e-02 1.9459373137181135e-01 0.0000000000000000e+00 1
-6.7971895204456401e-02 1.8907330041788376e-01 0.0000000000000000e+00 1
-1.8323030409633952e-02 -2.6811906371454208e-01 0.0000000000000000e+00 1
-5.4179566256078882e-03 -2.7378831051557495e-01 0.0000000000000000e+00 1
5.8879320816632164e-03 -2.6560533724167990e-01 0.0000000000000000e+00 1
7.2996386869657419e-03 -2.7950714871020266e-01 0.0000000000000000e+00 1
1.8519554486420113e-02 -2.7138718267869977e-01 0.0000000000000000e+00 1
1.9942367755438107e-02 -2.8504215566324642e-01 0.0000000000000000e+00 1
3.0492360043418855e-02 -2.7722276177360305e-01 0.0000000000000000e+00 1
3.2251943263814482e-02 -2.9059570220668796e-01 0.0000000000000000e+00 1
2.1020440234443442e-02 -2.9852654541481360e-01 0.0000000000000000e+00 1
3.3633352338271187e-02 -3.0398028485801476e-01 0.0000000000000000e+00 1
2.2419928217235641e-02 -3.1181392443290562e-01 0.0000000000000000e+00 1
3.4689113463337487e-02 -3.1720396201062195e-01 0.0000000000000000e+00 1
-2.4367772160868012e-01 8.5914103086771859e-02 0.0000000000000000e+00 1
-2.4491539900441867e-01 9.9640354151089391e-02 0.0000000000000000e+00 1
1.2563707607621050e-01 2.6264369459559345e-01 0.0000000000000000e+00 1
1.5743315819185544e-01 -3.7915970333158527e-01 0.0000000000000000e+00 1
9.9598190672109566e-02 -3.0928062411363144e-01 0.0000000000000000e+00 1
1.0177782527265378e-01 -2.0829197135188163e-01 0.0000000000000000e+00 1
-3.1320796374118387e-02 -2.6235985838185572e-01 0.0000000000000000e+00 1
1.6372404276512637e-01 -1.8159227649315243e-01 0.0000000000000000e+00 1
-4.1762482568152050e-03 -2.8785002157610351e-01 0.0000000000000000e+00 1
-6.3262592458734349e-02 -2.0761176429194547e-01 0.0000000000000000e+00 1
1.9850787830763694e-01 -1.4158577774335060e-01 0.0000000000000000e+00 1
-2.0078214498782468e-01 2.5014907792879837e-01 0.0000000000000000e+00 1
-2.1230533369162363e-01 2.5550183055616060e-01 0.0000000000000000e+00 1
-2.1356373146156765e-01 2.6792730962557831e-01 0.0000000000000000e+00 1
-2.2369625530615755e-01 2.6076233225182827e-01 0.0000000000000000e+00 1
-2.2485559115669856e-01 2.7301379622122063e-01 0.0000000000000000e+00 1
-2.3484402380138336e-01 2.6586240715307652e-01 0.0000000000000000e+00 1
4.0133063299371233e-02 2.7262281720887016e-02 0.0000000000000000e+00 1
5.1840859533604483e-02 3.5087863846124070e-02 0.0000000000000000e+00 1
-1.5857425909800096e-01 2.8057323032391118e-01 0.0000000000000000e+00 1
5.7722622803439774e-02 1.7522221537337668e-01 0.0000000000000000e+00 1
-2.2865067946991885e-01 5.2114561649506508e-02 0.0000000000000000e+00 1
6.4312461911411059e-02 -2.0515799910681401e-01 0.0000000000000000e+00 1
1.4160275592746471e-01 -8.8083814606113989e-02 0.0000000000000000e+00 1
-1.5701484711137231e-01 1.6670431789275708e-01 0.0000000000000000e+00 1
3.4594795971717253e-02 -1.6480084205753914e-01 0.0000000000000000e+00 1
2.1298002254944787e-02 -1.5887865390476144e-01 0.0000000000000000e+00 1
-6.1890780234006716e-02 -9.4202086937453855e-02 0.0000000000000000e+00 1
6.8649716972315353e-02 -1.2464206385794924e-01 0.0000000000000000e+00 1
-2.0457681376672918e-01 1.8805259202394140e-01 0.0000000000000000e+00 1
7.2598111144845295e-02 1.4348299875485721e-01 0.0000000000000000e+00 1
-9.2496090631845995e-02 2.0012379486491486e-01 0.0000000000000000e+00 1
5.1456904625952052e-05 -7.9901899624692851e-02 0.0000000000000000e+00 1
4.1427110603212094e-02 -2.8272416743695494e-01 0.0000000000000000e+00 1
3.0054753520736836e-02 -1.2124173779877336e-01 0.0000000000000000e+00 1
1.2945603553702517e-01 -3.7620362855999057e-01 0.0000000000000000e+00 1
1.3045963736801741e-01 -3.8686289235481369e-01 0.0000000000000000e+00 1
1.2070308231318512e-01 -3.8241896227637523e-01 0.0000000000000000e+00 1
1.2320056706877260e-01 -3.7585085906958582e-02 0.0000000000000000e+00 1
-9.3757717235899443e-02 -1.6573587247370428e-01 0.0000000000000000e+00 1
-9.2221823153253293e-02 -1.8072794790079674e-01 0.0000000000000000e+00 1
6.4292202892562600e-02 -8.0701914936061853e-02 0.0000000000000000e+00 1
6.9670517423426587e-02 -1.3602478433067586e-02 0.0000000000000000e+00 1
1.7441851569725358e-01 1.3579818201065208e-01 0.0000000000000000e+00 1
9.7547908058417801e-02 -1.6578760873243953e-01 0.0000000000000000e+00 1
1.8276922577318702e-01 5.9562695900581952e-03 0.0000000000000000e+00 1
1.9467680731583739e-01 1.4718893456544035e-02 0.0000000000000000e+00 1
1.9633304954844008e-01 -1.3639204357670281e-05 0.0000000000000000e+00 1
1.9327302676152036e-01 3.2222790550267562e-02 0.0000000000000000e+00 1
-1.7688969135247407e-01 1.3580504705778648e-01 0.0000000000000000e+00 1
7.7758639714508193e-02 -8.6755694906241895e-02 0.0000000000000000e+00 1
3.8213899800702299e-02 2.7948982406383877e-01 0.0000000000000000e+00 1
-1.2707726543375147e-01 1.1342464996952009e-01 0.0000000000000000e+00 1
1.5222368638591821e-01 -3.1043824978907664e-01 0.0000000000000000e+00 1
1.6393057960111976e-01 -3.1628703487185589e-01 0.0000000000000000e+00 1
-2.1484191513049877e-01 2.8023734703521186e-01 0.0000000000000000e+00 1
1.5823622326866518e-01 -3.8955216398046894e-01 0.0000000000000000e+00 1
1.6666233136383130e-01 -3.8372331785363589e-01 0.0000000000000000e+00 1
-5.4501148443937809e-02 -4.1141507148663679e-02 0.0000000000000000e+00 1
-3.1413845757395875e-01 2.3353116735380741e-01 0.0000000000000000e+00 1
-2.7303908711774690e-02 -1.8174589303348287e-01 0.0000000000000000e+00 1
2.0965333875939701e-01 -2.5460196566132004e-01 0.0000000000000000e+00 1
7.6257641686039032e-02 -7.2068293689776783e-02 0.0000000000000000e+00 1
-2.9083549623133315e-01 1.9212511657185297e-01 0.0000000000000000e+00 1
9.3469008480753860e-02 2.7763420300213998e-01 0.0000000000000000e+00 1
1.2792485516186847e-01 -2.4772157495065247e-01 0.0000000000000000e+00 1
8.8156461536157554e-02 -3.0399851704629888e-01 0.0000000000000000e+00 1
8.9325896600646729e-02 -3.1658262270227921e-01 0.0000000000000000e+00 1
2.0833921628539315e-01 8.8170048644698115e-03 0.0000000000000000e+00 1
2.0998337580959758e-01 -6.0249845754872487e-03 0.0000000000000000e+00 1
1.7541346098255717e-01 2.0736716882772044e-01 0.0000000000000000e+00 1
1.7390552965365838e-01 2.1942996281387761e-01 0.0000000000000000e+00 1
-1.0723651268952096e-01 1.4415949428523145e-01 0.0000000000000000e+00 1
-2.3370185412307054e-01 2.5376165612231566e-01 0.0000000000000000e+00 1
-2.4473326332253065e-01 2.5886678644009498e-01 0.0000000000000000e+00 1
-4.3337973023054310e-02 2.9270162217590712e-01 0.0000000000000000e+00 1
-3.1094412179706418e-02 2.8713774162231209e-01 0.0000000000000000e+00 1
-1.4791262456408200e-01 2.8830740324990028e-01 0.0000000000000000e+00 1
1.2449453014208284e-01 2.7418308049460477e-01 0.0000000000000000e+00 1
1.3451149774650695e-01 2.6997998817056179e-01 0.0000000000000000e+00 1
1.1722950469023843e-01 1.0923266252142613e-01 0.0000000000000000e+00 1
1.0601264846336728e-01 1.0116926526462144e-01 0.0000000000000000e+00 1
1.0738365856963239e-01 8.7379520232509722e-02 0.0000000000000000e+00 1
1.4982219310063297e-01 -3.9533206834519335e-01 0.0000000000000000e+00 1
4.8734123072333282e-02 2.8693429997299391e-01 0.0000000000000000e+00 1
3.6988638572542649e-02 2.9231379955722259e-01 0.0000000000000000e+00 1
4.1840055455541050e-02 2.4090825156305351e-01 0.0000000000000000e+00 1
-2.3367040360944472e-01 1.0757932539024236e-01 0.0000000000000000e+00 1
-2.4616843954002926e-01 1.1317808079786014e-01 0.0000000000000000e+00 1
-2.5721591401628818e-01 1.0536839171142889e-01 0.0000000000000000e+00 1
-2.5847291255011939e-01 1.1878978483865241e-01 0.0000000000000000e+00 1
1.6758234191321125e-01 8.6745616300016898e-02 0.0000000000000000e+00 1
-2.4576236319446967e-01 2.7072614003968842e-01 0.0000000000000000e+00 1
-2.5535318414420694e-01 2.6392061738058403e-01 0.0000000000000000e+00 1
-1.9816722007018292e-01 -1.8203006399301114e-02 0.0000000000000000e+00 1
1.1069914996332342e-01 -1.7173839015401229e-01 0.0000000000000000e+00 1
2.4311820396639535e-02 -3.2494470664451358e-01 0.0000000000000000e+00 1
3.5663640263898296e-02 -3.3039109400957672e-01 0.0000000000000000e+00 1
1.0839902164345622e-02 -3.2057988404120269e-01 0.0000000000000000e+00 1
-2.6938822209644431e-01 1.1106307002527505e-01 0.0000000000000000e+00 1
-2.7056929887179015e-01 1.2436194986474935e-01 0.0000000000000000e+00 1
-2.0849115912748920e-01 9.6199789509522973e-02 0.0000000000000000e+00 1
-1.9584790700663215e-01 9.0490223691967381e-02 0.0000000000000000e+00 1
-1.5990157699471280e-01 2.9371740013231945e-01 0.0000000000000000e+00 1
1.0923903924902606e-01 -1.5740034534237882e-01 0.0000000000000000e+00 1
2.0276335980705487e-01 9.7570056737790581e-02 0.0000000000000000e+00 1
2.0436990576531591e-01 8.3575033025174786e-02 0.0000000000000000e+00 1
2.0121020140555315e-01 1.1147275600335396e-01 0.0000000000000000e+00 1
-2.1113255346806126e-01 2.4302755223658573e-01 0.0000000000000000e+00 1
2.7646519178916258e-02 -2.6361368082491404e-01 0.0000000000000000e+00 1
-1.9674365998946999e-01 -3.3051357329313039e-02 0.0000000000000000e+00 1
-1.8302000843025090e-01 -3.9254594631362744e-02 0.0000000000000000e+00 1
9.4729064202816210e-02 9.3094430605385192e-02 0.0000000000000000e+00 1
9.5896928630912329e-02 7.9510119791121533e-02 0.0000000000000000e+00 1
1.0855981847740809e-01 7.4486855423821011e-02 0.0000000000000000e+00 1
8.3321868689630624e-02 8.5041397064146110e-02 0.0000000000000000e+00 1
-5.5608263495765919e-02 2.9827947729142618e-01 0.0000000000000000e+00 1
5.2731651366043591e-04 -2.0854137628029304e-01 0.0000000000000000e+00 1
-2.5637760298564799e-01 2.7569559050752873e-01 0.0000000000000000e+00 1
-2.6585316201609127e-01 2.6886988635112635e-01 0.0000000000000000e+00 1
-2.6479524869285609e-01 2.5747925364005092e-01 0.0000000000000000e+00 1
-2.7501894913293129e-01 2.6217321221138240e-01 0.0000000000000000e+00 1
-1.0602665067529672e-01 -1.7454486699583005e-01 0.0000000000000000e+00 1
3.8671909437722883e-02 4.0851959322032394e-02 0.0000000000000000e+00 1
1.2164285191598541e-01 -3.9310978188712264e-01 0.0000000000000000e+00 1
1.1196822952880736e-01 -3.8866398935589902e-01 0.0000000000000000e+00 1
1.1086065741037590e-01 -3.7783982163417168e-01 0.0000000000000000e+00 1
1.0194189637977515e-01 -3.8421481859550100e-01 0.0000000000000000e+00 1
1.0083677629468989e-01 -3.7319034854805799e-01 0.0000000000000000e+00 1
9.1622407532686301e-02 -3.7979687568711484e-01 0.0000000000000000e+00 1
9.0562053635077105e-02 -3.6842902681016670e-01 0.0000000000000000e+00 1
8.1144238068351374e-02 -3.7523589128394114e-01 0.0000000000000000e+00 1
8.0458964388144497e-02 -3.6296215567137335e-01 0.0000000000000000e+00 1
7.0618138866183969e-02 -3.7032845866155661e-01 0.0000000000000000e+00 1
1.6753859507920793e-01 -3.9375131871644015e-01 0.0000000000000000e+00 1
1.7571652049958864e-01 -3.8808801883329036e-01 0.0000000000000000e+00 1
1.7500277600177558e-01 -3.7807489058545074e-01 0.0000000000000000e+00 1
8.9730752193636631e-02 -7.8119358608944117e-02 0.0000000000000000e+00 1
9.1228238358045638e-02 -9.2814071955330729e-02 0.0000000000000000e+00 1
-1.4367874637352904e-01 6.7471048450493676e-02 0.0000000000000000e+00 1
-1.3040234156982949e-01 6.1522959718535282e-02 0.0000000000000000e+00 1
-1.3421436467401040e-02 -7.3850871431894477e-02 0.0000000000000000e+00 1
-1.1928063426617827e-02 -8.8561539753011800e-02 0.0000000000000000e+00 1
7.0397431136740324e-02 -3.5692667805412992e-01 0.0000000000000000e+00 1
6.0206606276812513e-02 -3.6474406020056360e-01 0.0000000000000000e+00 1
1.4246902567823738e-02 -2.1394327614565237e-01 0.0000000000000000e+00 1
-2.6824773899838422e-01 9.7590710902182881e-02 0.0000000000000000e+00 1
8.9644192899900152e-02 -3.5685962453821507e-01 0.0000000000000000e+00 1
8.5451415327217423e-02 2.4708739656064807e-01 0.0000000000000000e+00 1
-2.9760380889684301e-02 -2.7648138057823307e-01 0.0000000000000000e+00 1
-2.4673222109444770e-01 2.8305103925677011e-01 0.0000000000000000e+00 1
-4.2817575698897443e-02 -2.7076916237741072e-01 0.0000000000000000e+00 1
1.7496371701523722e-01 -2.6434871971805818e-01 0.0000000000000000e+00 1
8.4505882321690942e-02 7.1383423497113407e-02 0.0000000000000000e+00 1
7.1893570035253665e-02 7.6907604367346616e-02 0.0000000000000000e+00 1
-2.3511431715231779e-01 1.2109102395524274e-01 0.0000000000000000e+00 1
1.6306818546924259e-01 2.2403439768804345e-01 0.0000000000000000e+00 1
1.7249018166370023e-01 2.3105784750857078e-01 0.0000000000000000e+00 1
1.6154014621881752e-01 2.3559961590900280e-01 0.0000000000000000e+00 1
1.7103107177317889e-01 2.4240367114742251e-01 0.0000000000000000e+00 1
-7.8917719540647274e-02 1.8120284172573164e-01 0.0000000000000000e+00 1
-6.6623978241593468e-02 1.7567660654793285e-01 0.0000000000000000e+00 1
-5.5680084872680266e-02 1.8355161105496212e-01 0.0000000000000000e+00 1
-5.4330217283080101e-02 1.7014953540912267e-01 0.0000000000000000e+00 1
-4.3392596916091875e-02 1.7802907755996944e-01 0.0000000000000000e+00 1
-4.2028956065972622e-02 1.6460802493396437e-01 0.0000000000000000e+00 1
-3.1079405056917246e-02 1.7250165514242796e-01 0.0000000000000000e+00 1
-2.9719072646720496e-02 1.5907161358267435e-01 0.0000000000000000e+00 1
-1.8771088826280820e-02 1.6696815151532640e-01 0.0000000000000000e+00 1
1.3730277801170532e-01 1.5174801538431082e-01 0.0000000000000000e+00 1
2.4683607603667002e-02 -3.3864186258468543e-01 0.0000000000000000e+00 1
1.8411450886163830e-01 -3.8246124863243941e-01 0.0000000000000000e+00 1
1.8355531690140073e-01 -3.7243796871040635e-01 0.0000000000000000e+00 1
7.7901912365931136e-02 -3.1137437986136579e-01 0.0000000000000000e+00 1
-3.2396655923006883e-02 3.0050768885107859e-01 0.0000000000000000e+00 1
-2.0188665405541671e-02 2.9497373438180852e-01 0.0000000000000000e+00 1
-1.5740131578024719e-01 7.3396679310253093e-02 0.0000000000000000e+00 1
1.9297186732131313e-01 7.5211634766918639e-02 0.0000000000000000e+00 1
2.0595943895436825e-01 6.9457596673755270e-02 0.0000000000000000e+00 1
1.2234542127637130e-01 -1.6340725202020268e-01 0.0000000000000000e+00 1
1.2375884994845560e-01 -1.7771183445279229e-01 0.0000000000000000e+00 1
2.2201707348685809e-01 2.8331937720562439e-03 0.0000000000000000e+00 1
2.2369383734011553e-01 -1.2066594139575750e-02 0.0000000000000000e+00 1
2.2035767205655865e-01 1.7700254616801074e-02 0.0000000000000000e+00 1
1.7212886539024289e-01 -2.3594498261240654e-01 0.0000000000000000e+00 1
1.6523516181310050e-01 -3.2787539528736370e-01 0.0000000000000000e+00 1
1.7497637476940942e-01 -3.2124952040010701e-01 0.0000000000000000e+00 1
1.7582959347068497e-01 -3.3294838781971264e-01 0.0000000000000000e+00 1
1.8559233855197071e-01 -3.2638264440733550e-01 0.0000000000000000e+00 1
1.8622496492673285e-01 -3.3767440800222520e-01 0.0000000000000000e+00 1
1.9586721424362052e-01 -3.3107295233773004e-01 0.0000000000000000e+00 1
1.9524644925283841e-01 -3.1969022613580000e-01 0.0000000000000000e+00 1
1.9627426473862158e-01 -3.4307449597822831e-01 0.0000000000000000e+00 1
2.0565210646080689e-01 -3.2453335827916896e-01 0.0000000000000000e+00 1
2.0503561651019445e-01 -3.1298322686967828e-01 0.0000000000000000e+00 1
1.7263034151067339e-01 -3.0949248905713378e-01 0.0000000000000000e+00 1
-1.2896021034457653e-01 4.7410466286641792e-02 0.0000000000000000e+00 1
-1.1739987876115256e-01 5.5786868670872097e-02 0.0000000000000000e+00 1
-2.0142267834512770e-02 1.8037635374084160e-01 0.0000000000000000e+00 1
-8.4438732988070947e-03 1.7479895326314288e-01 0.0000000000000000e+00 1
6.8774905170397027e-02 -2.4646538803327805e-01 0.0000000000000000e+00 1
-1.9530753026107553e-01 -4.8005239032767780e-02 0.0000000000000000e+00 1
-1.8155079472911412e-01 -5.4232211303646784e-02 0.0000000000000000e+00 1
2.4866369726214331e-02 1.5191314053375449e-01 0.0000000000000000e+00 1
-9.6816511391347532e-02 -8.2419896919598921e-03 0.0000000000000000e+00 1
-1.6539522693219114e-01 2.3369521791160686e-01 0.0000000000000000e+00 1
-1.7606828058664883e-01 2.2618119120707564e-01 0.0000000000000000e+00 1
-1.6402475694492027e-01 2.2052869795212365e-01 0.0000000000000000e+00 1
1.7690451561305323e-01 1.9509653196121746e-01 0.0000000000000000e+00 1
1.8671836977600090e-01 2.0258237445121119e-01 0.0000000000000000e+00 1
1.8825866057172042e-01 1.9023553152046027e-01 0.0000000000000000e+00 1
-2.4365733252739219e-01 2.4682774896658688e-01 0.0000000000000000e+00 1
2.1399670614980706e-01 1.0590425617693827e-01 0.0000000000000000e+00 1
-1.6405843759066865e-02 2.5500644558879038e-01 0.0000000000000000e+00 1
-1.1142161423770827e-01 2.7229821995074993e-01 0.0000000000000000e+00 1
-1.0053888995447792e-01 2.8017672792845710e-01 0.0000000000000000e+00 1
-1.1277044165850303e-01 2.8565502321006497e-01 0.0000000000000000e+00 1
-1.0188745196121754e-01 2.9353843850507982e-01 0.0000000000000000e+00 1
-1.1410034987735951e-01 2.9901392827823781e-01 0.0000000000000000e+00 1
8.3031134397853978e-02 -1.9580396550815664e-02 0.0000000000000000e+00 1
7.1176432361746811e-02 -2.8195881154068726e-02 0.0000000000000000e+00 1
-1.0401205470323036e-01 -6.1145643085868118e-02 0.0000000000000000e+00 1
1.9701535907619430e-01 -1.2691835283171918e-01 0.0000000000000000e+00 1
2.1053060688666353e-01 -1.3297803246414844e-01 0.0000000000000000e+00 1
2.0899391235634640e-01 -1.1819930849665453e-01 0.0000000000000000e+00 1
2.2255173503116671e-01 -1.2424280602475479e-01 0.0000000000000000e+00 1
2.2100699960318901e-01 -1.0940959477783581e-01 0.0000000000000000e+00 1
2.2408607733664168e-01 -1.3907646931985362e-01 0.0000000000000000e+00 1
-3.0828335617386547e-02 -2.3912424503936287e-02 0.0000000000000000e+00 1
-1.0322574998282696e-01 3.0691945679999233e-01 0.0000000000000000e+00 1
-1.1595728952827677e-01 4.1655343657930007e-02 0.0000000000000000e+00 1
-1.0441532466015091e-01 4.9966495837439354e-02 0.0000000000000000e+00 1
-1.0295682621311675e-01 3.5828502236711968e-02 0.0000000000000000e+00 1
-9.1387213268661172e-02 4.4155848219082340e-02 0.0000000000000000e+00 1
-1.0447843312462143e-01 -1.8959562711422812e-01 0.0000000000000000e+00 1
-1.7014956252517557e-03 5.8739376912010775e-02 0.0000000000000000e+00 1
-1.9387714475068329e-01 -6.3046021883998382e-02 0.0000000000000000e+00 1
-1.8007608234521996e-01 -6.9297021124450270e-02 0.0000000000000000e+00 1
8.6654146244927829e-02 -2.9136558767933757e-01 0.0000000000000000e+00 1
8.4591035928004210e-02 -3.4142195447956325e-02 0.0000000000000000e+00 1
1.3363220279242533e-01 2.8088470974368340e-01 0.0000000000000000e+00 1
1.4272216474727004e-01 2.7713520061906238e-01 0.0000000000000000e+00 1
1.2346899120599493e-01 2.8545053457208058e-01 0.0000000000000000e+00 1
-4.4414109128556020e-02 -2.5657538440545419e-01 0.0000000000000000e+00 1
1.0467615519661656e-01 1.1487136577271811e-01 0.0000000000000000e+00 1
-1.6775812062178941e-01 -6.0445207679419938e-02 0.0000000000000000e+00 1
-1.6624620489286718e-01 -7.5534639854702670e-02 0.0000000000000000e+00 1
-1.5394801022124538e-01 -6.6670360313697413e-02 0.0000000000000000e+00 1
-1.5239473286652572e-01 -8.1759239723223187e-02 0.0000000000000000e+00 1
-1.6471795176041257e-01 -9.0656666413651082e-02 0.0000000000000000e+00 1
-1.5083486654529396e-01 -9.6903344694864460e-02 0.0000000000000000e+00 1
-1.6320626957497383e-01 -1.0584051977385303e-01 0.0000000000000000e+00 1
-1.4927703053276412e-01 -1.1211871333530690e-01 0.0000000000000000e+00 1
2.1232913005787402e-01 1.1976941766104438e-01 0.0000000000000000e+00 1
2.1159859516868640e-01 -2.0947142841260244e-02 0.0000000000000000e+00 1
2.2536236481744801e-01 -2.7021332446810587e-02 0.0000000000000000e+00 1
2.1320303574176425e-01 -3.5964084435333304e-02 0.0000000000000000e+00 1
2.2703162570430568e-01 -4.2040363909736485e-02 0.0000000000000000e+00 1
2.1484400253521954e-01 -5.1002433992801834e-02 0.0000000000000000e+00 1
2.2868722395685173e-01 -5.7080811820308060e-02 0.0000000000000000e+00 1
1.2482949953788441e-01 -5.2220570080773139e-02 0.0000000000000000e+00 1
1.2400341298229940e-01 1.8276479403131318e-01 0.0000000000000000e+00 1
-2.5978773983691045e-01 1.3199477025215359e-01 0.0000000000000000e+00 1
-2.7180214921997897e-01 1.3741352192124842e-01 0.0000000000000000e+00 1
9.2908025600346972e-02 -3.9084131960226770e-01 0.0000000000000000e+00 1
2.1639897699952085e-01 -6.5899635276614313e-02 0.0000000000000000e+00 1
2.3012024974251324e-01 -7.1860171974776316e-02 0.0000000000000000e+00 1
6.1064837458429402e-02 -3.7722898801834892e-01 0.0000000000000000e+00 1
1.6526318830044112e-01 4.0847528358817990e-02 0.0000000000000000e+00 1
1.5233095322584325e-01 4.6255042245557196e-02 0.0000000000000000e+00 1
1.6048960254291864e-01 2.4691409602640962e-01 0.0000000000000000e+00 1
1.6983770644794327e-01 2.5358975391447391e-01 0.0000000000000000e+00 1
1.8152929508737620e-01 2.3795748886433069e-01 0.0000000000000000e+00 1
-2.0852787148783830e-01 -4.1694393778568872e-02 0.0000000000000000e+00 1
4.7523191754205871e-02 2.9972451998431315e-01 0.0000000000000000e+00 1
3.5791574730939420e-02 3.0515648941925066e-01 0.0000000000000000e+00 1
2.5178505845876192e-02 2.9768521428598604e-01 0.0000000000000000e+00 1
-1.4923203402731267e-01 3.0141963463371685e-01 0.0000000000000000e+00 1
-2.7403525096573700e-01 2.5122982711986253e-01 0.0000000000000000e+00 1
-2.8389223287546395e-01 2.5609822487676082e-01 0.0000000000000000e+00 1
-2.8490777673428652e-01 2.6658446055684615e-01 0.0000000000000000e+00 1
-2.9339958859143567e-01 2.6080135295032059e-01 0.0000000000000000e+00 1
-2.8242926372422777e-01 1.2990189239768257e-01 0.0000000000000000e+00 1
-2.8365101080340449e-01 1.4280850806335382e-01 0.0000000000000000e+00 1
-1.0574474819751292e-01 6.4139353704365493e-02 0.0000000000000000e+00 1
-1.3244230831111212e-01 7.5879989300558920e-02 0.0000000000000000e+00 1
1.1304213599127730e-01 -3.9932051917613853e-01 0.0000000000000000e+00 1
1.2260121103929297e-01 -4.0369572329057396e-01 0.0000000000000000e+00 1
7.9159200442804112e-02 -3.2388420253214151e-01 0.0000000000000000e+00 1
2.1577117435961940e-01 -3.1832425311101537e-01 0.0000000000000000e+00 1
2.1510552710307373e-01 -3.0635231435279681e-01 0.0000000000000000e+00 1
1.2315790488158583e-02 -2.0007698750070879e-01 0.0000000000000000e+00 1
-8.9985440718340762e-02 2.9991074923612138e-02 0.0000000000000000e+00 1
-7.8433759781366824e-02 3.8401799731911726e-02 0.0000000000000000e+00 1
-1.9720543244788569e-01 1.0424934473990984e-01 0.0000000000000000e+00 1
-1.8460887530412357e-01 9.8558954742641203e-02 0.0000000000000000e+00 1
-5.2982526777220887e-02 1.5670805742328334e-01 0.0000000000000000e+00 1
9.0276055954130130e-02 3.2589380647266200e-02 0.0000000000000000e+00 1
2.1744647395737474e-01 7.7909725184935288e-02 0.0000000000000000e+00 1
2.1907628977842769e-01 6.3661227569769038e-02 0.0000000000000000e+00 1
1.9275137695989011e-01 -3.7681349810407294e-01 0.0000000000000000e+00 1
2.3612516922404606e-01 -1.3032995283686910e-01 0.0000000000000000e+00 1
-1.6125223809463748e-01 3.0678029117541061e-01 0.0000000000000000e+00 1
-1.7182710843545346e-01 2.9914229282771165e-01 0.0000000000000000e+00 1
-2.1490243445704764e-02 3.0828814295294438e-01 0.0000000000000000e+00 1
-1.7480938132794543e-01 2.1294424505766768e-01 0.0000000000000000e+00 1
-1.6274300649129991e-01 2.0702157018932760e-01 0.0000000000000000e+00 1
-1.8670917322295094e-01 2.1871920384711785e-01 0.0000000000000000e+00 1
5.6183493265301566e-02 -2.4081343277730169e-01 0.0000000000000000e+00 1
-1.8012808033624483e-02 1.5345168445265336e-01 0.0000000000000000e+00 1
-2.6705614727780219e-01 2.7996189948253319e-01 0.0000000000000000e+00 1
-3.1186885805052084e-01 2.0175090896489492e-01 0.0000000000000000e+00 1
1.4097620079214138e-01 3.8229243152897524e-02 0.0000000000000000e+00 1
2.6243884377929020e-02 -2.0504232745563458e-01 0.0000000000000000e+00 1
-5.6015813692779311e-02 -2.6502665766342703e-01 0.0000000000000000e+00 1
-5.7609674736854362e-02 -2.5066861430329268e-01 0.0000000000000000e+00 1
1.2099427342736986e-01 -1.4902960110784180e-01 0.0000000000000000e+00 1
1.0780866611817623e-01 -1.4300458364888557e-01 0.0000000000000000e+00 1
2.3760831446941738e-01 -1.4515300764029992e-01 0.0000000000000000e+00 1
2.6973290490274315e-02 3.3199425988493625e-02 0.0000000000000000e+00 1
-2.8043915411549081e-01 1.0338699351336068e-01 0.0000000000000000e+00 1
1.7279377151581718e-02 -2.2875145887552564e-01 0.0000000000000000e+00 1
1.3973424634787687e-01 -2.5291835999856210e-01 0.0000000000000000e+00 1
1.4046429359065574e-01 -2.6479321180828952e-01 0.0000000000000000e+00 1
1.3891955194201910e-01 -2.4003217959836590e-01 0.0000000000000000e+00 1
-1.1834256384013020e-01 -1.8340335256783769e-01 0.0000000000000000e+00 1
-1.1995968494153116e-01 -1.6843713441398073e-01 0.0000000000000000e+00 1
1.1578602477784586e-01 1.2287190582460977e-01 0.0000000000000000e+00 1
5.0144961051271295e-02 -3.7238206976696231e-01 0.0000000000000000e+00 1
2.3293829412893700e-02 1.6482825960294506e-01 0.0000000000000000e+00 1
-9.3130303163952138e-03 1.8822279111917806e-01 0.0000000000000000e+00 1
-7.9841251308702843e-02 5.2522158531705235e-02 0.0000000000000000e+00 1
-1.1826198739096627e-01 2.2459895535550170e-01 0.0000000000000000e+00 1
-1.2907521667186583e-01 2.1682667627296451e-01 0.0000000000000000e+00 1
-1.9243156338424994e-01 -7.8185164482728456e-02 0.0000000000000000e+00 1
1.3897280035645096e-01 5.1972706917944193e-02 0.0000000000000000e+00 1
-1.6170101500822742e-01 -1.2108447474666836e-01 0.0000000000000000e+00 1
-1.4771606225901435e-01 -1.2735362911303894e-01 0.0000000000000000e+00 1
-1.3532283404151640e-01 -1.1838980596049531e-01 0.0000000000000000e+00 1
-9.3047445297417819e-03 3.0274587298104971e-01 0.0000000000000000e+00 1
-8.0172847907271378e-03 2.8946976441503941e-01 0.0000000000000000e+00 1
-4.4736774907373440e-02 1.9143550528833581e-01 0.0000000000000000e+00 1
-8.8312986451674028e-02 2.7467110384192256e-01 0.0000000000000000e+00 1
2.3404601013433715e-01 1.1723081999760812e-02 0.0000000000000000e+00 1
-1.4906548257914789e-02 -5.9164044259214135e-02 0.0000000000000000e+00 1
-2.6900395979741528e-02 -6.7791035189264229e-02 0.0000000000000000e+00 1
-9.0949324429734218e-02 3.0138994963424875e-01 0.0000000000000000e+00 1
3.4254255690372985e-02 -3.9370006490985210e-02 0.0000000000000000e+00 1
1.8438061376591167e-01 -8.7775480658078102e-03 0.0000000000000000e+00 1
-1.9960030801319067e-01 -3.4288108557966068e-03 0.0000000000000000e+00 1
-2.1165941070565292e-01 -1.2017424262262235e-02 0.0000000000000000e+00 1
1.7637014305576454e-01 -3.9796280808055895e-01 0.0000000000000000e+00 1
1.6848388470458242e-01 -4.0348717561595288e-01 0.0000000000000000e+00 1
1.0320283695960392e-01 -8.4175920504396887e-02 0.0000000000000000e+00 1
1.0453160672283623e-01 -9.8998979814110960e-02 0.0000000000000000e+00 1
4.9163632908738875e-02 -3.5989278902893751e-01 0.0000000000000000e+00 1
2.3283483662362062e-01 2.7020283972288173e-02 0.0000000000000000e+00 1
-2.6114151009840691e-01 1.4501176110397498e-01 0.0000000000000000e+00 1
1.7636393421614330e-01 -2.7735000549839628e-01 0.0000000000000000e+00 1
-1.0110490771936625e-02 3.1440645124275468e-01 0.0000000000000000e+00 1
-7.7566651234846018e-02 1.6779627129957941e-01 0.0000000000000000e+00 1
-8.9861596118255394e-02 1.7332910134953342e-01 0.0000000000000000e+00 1
2.3893173107332591e-01 -3.3115729307144993e-02 0.0000000000000000e+00 1
6.7752292817324977e-02 -3.1882066232516648e-01 0.0000000000000000e+00 1
-1.4012466210405788e-01 -7.2850894989428788e-02 0.0000000000000000e+00 1
-3.3680400800433066e-02 3.1387473810036981e-01 0.0000000000000000e+00 1
6.6129190725329079e-02 -3.0654271960935642e-01 0.0000000000000000e+00 1
8.2531805009174147e-02 9.8201134999375717e-02 0.0000000000000000e+00 1
2.4022078689808234e-02 3.1071641449063520e-01 0.0000000000000000e+00 1
9.0510984926678251e-02 -3.2902994391957585e-01 0.0000000000000000e+00 1
1.3260660152890827e-01 2.9198330556771057e-01 0.0000000000000000e+00 1
-9.2279779899305442e-02 3.1481997229670439e-01 0.0000000000000000e+00 1
-1.3395955708287899e-01 -1.3331363995544288e-01 0.0000000000000000e+00 1
-1.4612987807885561e-01 -1.4258384534783955e-01 0.0000000000000000e+00 1
7.3275558133071031e-02 6.2897514136474139e-02 0.0000000000000000e+00 1
6.0482383934343228e-02 6.8680373235449579e-02 0.0000000000000000e+00 1
1.9814938519293185e-01 1.9767148582531840e-01 0.0000000000000000e+00 1
1.9980714745195483e-01 1.8554692162947542e-01 0.0000000000000000e+00 1
1.9629095767313334e-01 2.1003576517584790e-01 0.0000000000000000e+00 1
1.0394122987434590e-01 1.2865441486511933e-01 0.0000000000000000e+00 1
1.2247725607994492e-01 2.9671856986514566e-01 0.0000000000000000e+00 1
-2.7930442763093133e-01 8.9883700790976601e-02 0.0000000000000000e+00 1
-2.9421502360159513e-01 1.3533533454009569e-01 0.0000000000000000e+00 1
-2.9525439706473955e-01 1.4804796899810840e-01 0.0000000000000000e+00 1
-4.1243299037404112e-02 -2.8491604529472192e-01 0.0000000000000000e+00 1
-2.8480358872959938e-02 1.4557756410822376e-01 0.0000000000000000e+00 1
3.9022816180721509e-02 -3.6754923142511042e-01 0.0000000000000000e+00 1
-2.9446312978654682e-01 2.7081678674803444e-01 0.0000000000000000e+00 1
-3.0275756913585439e-01 2.6491871126590538e-01 0.0000000000000000e+00 1
-3.0178668497410532e-01 2.5525496324293129e-01 0.0000000000000000e+00 1
-3.1065164150765917e-01 2.5939672673042025e-01 0.0000000000000000e+00 1
-2.8493980816659281e-01 1.5541120470980796e-01 0.0000000000000000e+00 1
-2.9633555805421513e-01 1.6057168288155493e-01 0.0000000000000000e+00 1
-1.1543747173877941e-01 3.1229639921853236e-01 0.0000000000000000e+00 1
1.5155309201768058e-01 2.2884696617831057e-01 0.0000000000000000e+00 1
5.9106198022855952e-02 8.2635580227744157e-02 0.0000000000000000e+00 1
4.7689910213670590e-02 7.4496601872312385e-02 0.0000000000000000e+00 1
-3.0574989666910318e-01 1.4074113526785675e-01 0.0000000000000000e+00 1
2.1617286974666045e-01 -3.2934678587180483e-01 0.0000000000000000e+00 1
2.2637222413229829e-01 -3.2357111644237979e-01 0.0000000000000000e+00 1
1.0256394881184901e-01 4.0911089354002242e-02 0.0000000000000000e+00 1
1.3540509187345062e-01 -1.6941357875870677e-01 0.0000000000000000e+00 1
1.3688167262235429e-01 -1.8366104487660018e-01 0.0000000000000000e+00 1
6.8955062255097871e-02 -3.3123030536219750e-01 0.0000000000000000e+00 1
5.7639690990635352e-02 -2.5452101780630715e-01 0.0000000000000000e+00 1
3.4814941206889743e-02 3.1807066766312375e-01 0.0000000000000000e+00 1
1.7646708602787778e-01 -3.4413666700088619e-01 0.0000000000000000e+00 1
3.1307715443492849e-03 1.8211186572441462e-01 0.0000000000000000e+00 1
-2.8604537512420569e-01 2.7679846282823029e-01 0.0000000000000000e+00 1
2.2494101217059140e-01 1.1429061280656480e-01 0.0000000000000000e+00 1
1.6302351961553285e-01 5.5883533369365149e-02 0.0000000000000000e+00 1
1.9443218040555366e-01 6.1013028382186578e-02 0.0000000000000000e+00 1
-1.8321739256196945e-01 8.4799094561076538e-02 0.0000000000000000e+00 1
1.2987397946399422e-02 1.5678814680992195e-01 0.0000000000000000e+00 1
1.9214876106977677e-01 -3.6661145993809374e-01 0.0000000000000000e+00 1
2.0148309973204248e-01 -3.7104888088806792e-01 0.0000000000000000e+00 1
1.3688597054047405e-01 2.5870506243957919e-01 0.0000000000000000e+00 1
1.5970684228339280e-01 2.5792316231304524e-01 0.0000000000000000e+00 1
1.6858190866259154e-01 2.6431079266283192e-01 0.0000000000000000e+00 1
1.7832366139925737e-01 2.6006741841805370e-01 0.0000000000000000e+00 1
-2.2603857812846428e-01 2.8524442338447631e-01 0.0000000000000000e+00 1
-2.1617134591383327e-01 2.9235758946067436e-01 0.0000000000000000e+00 1
-2.2733386464884875e-01 2.9723988648947341e-01 0.0000000000000000e+00 1
1.1962853045339895e-01 -1.3457910379862159e-01 0.0000000000000000e+00 1
2.5645308976741752e-02 4.6717830165458808e-02 0.0000000000000000e+00 1
1.1561375701987403e-01 1.3677899269673344e-01 0.0000000000000000e+00 1
-1.2724031448934067e-01 3.3156881733729125e-02 0.0000000000000000e+00 1
-1.7199156186910061e-01 9.2906136635391406e-02 0.0000000000000000e+00 1
-1.7358864095192542e-01 1.0662353819434994e-01 0.0000000000000000e+00 1
-1.6083730176003344e-01 1.0101166530280589e-01 0.0000000000000000e+00 1
-6.9366142697939601e-02 -2.5923389367118499e-01 0.0000000000000000e+00 1
-7.0969845650732929e-02 -2.4477975090275683e-01 0.0000000000000000e+00 1
-8.2814900908492667e-02 -2.5336891772440218e-01 0.0000000000000000e+00 1
-8.4980122799878127e-02 -2.3902839959433031e-01 0.0000000000000000e+00 1
2.0412993851280548e-01 -3.0094599091073071e-01 0.0000000000000000e+00 1
2.1436913917174638e-01 -2.9409072319460433e-01 0.0000000000000000e+00 1
2.2546917801875532e-01 -2.9961685903125351e-01 0.0000000000000000e+00 1
2.2474021574412639e-01 -2.8711191416030502e-01 0.0000000000000000e+00 1
1.7702581937778897e-01 -4.0756797389247523e-01 0.0000000000000000e+00 1
7.0108986509669402e-02 -2.6011305890528735e-01 0.0000000000000000e+00 1
1.6741336374153236e-03 1.9595891181962991e-01 0.0000000000000000e+00 1
1.3439280526016189e-02 1.9109134530436639e-01 0.0000000000000000e+00 1
-1.7567167635893885e-01 -1.1480613257060983e-01 0.0000000000000000e+00 1
1.2510968837608097e-01 -1.9195315559336096e-01 0.0000000000000000e+00 1
1.3818098284397359e-01 -1.9782649385014278e-01 0.0000000000000000e+00 1
1.2646410981530132e-01 -2.0605646110030526e-01 0.0000000000000000e+00 1
1.3890433210493158e-01 -2.1212223336191682e-01 0.0000000000000000e+00 1
1.0642584769222109e-01 -1.2858297800872961e-01 0.0000000000000000e+00 1
1.9964258936998250e-01 1.2528445356750476e-01 0.0000000000000000e+00 1
2.1065980457795203e-01 1.3346873373762808e-01 0.0000000000000000e+00 1
1.9817342586505782e-01 1.3885415234047571e-01 0.0000000000000000e+00 1
2.0903290391144125e-01 1.4692946065370593e-01 0.0000000000000000e+00 1
1.9671298467574339e-01 1.5228561664474019e-01 0.0000000000000000e+00 1
2.0600263897061269e-01 1.6061808072597478e-01 0.0000000000000000e+00 1
2.3065309214869234e-01 7.2210498187304462e-02 0.0000000000000000e+00 1
2.3288453330198458e-01 5.8032287920081846e-02 0.0000000000000000e+00 1
5.9146681754641189e-02 2.9444665620515886e-01 0.0000000000000000e+00 1
5.7975459779133501e-02 3.0707108181373910e-01 0.0000000000000000e+00 1
7.0023167166136269e-02 3.0070667016666941e-01 0.0000000000000000e+00 1
-2.0978012083115621e-01 1.0991689552536017e-01 0.0000000000000000e+00 1
-1.9859541379669254e-01 1.1787423570618827e-01 0.0000000000000000e+00 1
-2.1103809661840367e-01 1.2347918817393946e-01 0.0000000000000000e+00 1
-2.8252918926568685e-02 -2.9057652346680563e-01 0.0000000000000000e+00 1
-6.7709043961327486e-02 -2.7371383429371676e-01 0.0000000000000000e+00 1
-2.4886482537262328e-01 1.3965685262724359e-01 0.0000000000000000e+00 1
-2.1497747964968505e-02 1.9374789059457212e-01 0.0000000000000000e+00 1
3.3739004321568823e-02 1.7366295800823928e-01 0.0000000000000000e+00 1
-3.9630322709780390e-02 -2.9887831581454438e-01 0.0000000000000000e+00 1
-2.6809722146626337e-02 -3.0459653297139877e-01 0.0000000000000000e+00 1
-1.7317944176143441e-01 3.1206602003358386e-01 0.0000000000000000e+00 1
-1.8358859330011523e-01 3.0451002839889624e-01 0.0000000000000000e+00 1
2.1930317522665727e-01 3.3037525795240434e-02 0.0000000000000000e+00 1
2.2560728134946428e-01 -1.5384649141850382e-01 0.0000000000000000e+00 1
2.3904325621872013e-01 -1.5990019363900740e-01 0.0000000000000000e+00 1
2.2708526105610538e-01 -1.6851048361969106e-01 0.0000000000000000e+00 1
2.4046578731658522e-01 -1.7451538268251432e-01 0.0000000000000000e+00 1
2.2861497128031183e-01 -1.8301540640241423e-01 0.0000000000000000e+00 1
2.4184621932396427e-01 -1.8898390227753836e-01 0.0000000000000000e+00 1
2.3014876464824408e-01 -1.9740455152175718e-01 0.0000000000000000e+00 1
2.4319620132873243e-01 -2.0330631444280284e-01 0.0000000000000000e+00 1
2.3161616118694739e-01 -2.1163717848120048e-01 0.0000000000000000e+00 1
6.2495272523409334e-02 1.2281101625700952e-01 0.0000000000000000e+00 1
-2.9338952772091453e-01 1.2221599606140250e-01 0.0000000000000000e+00 1
9.2324459222059466e-02 1.2052835478727589e-01 0.0000000000000000e+00 1
8.8145406167947055e-02 -6.3401360154324168e-02 0.0000000000000000e+00 1
7.2804759114873607e-02 -4.2722005007478782e-02 0.0000000000000000e+00 1
-1.1693485797617081e-01 2.1129721242315075e-01 0.0000000000000000e+00 1
-1.2776564407950911e-01 2.0345659717286507e-01 0.0000000000000000e+00 1
-5.8399792350254144e-02 2.1030253468831933e-01 0.0000000000000000e+00 1
-2.1302546576797182e-01 2.6865351984858704e-03 0.0000000000000000e+00 1
-2.2500300846112811e-01 -5.6299517389994946e-03 0.0000000000000000e+00 1
-2.2646261642641125e-01 8.8556328591324670e-03 0.0000000000000000e+00 1
-2.3838731238451627e-01 5.7423185688894665e-04 0.0000000000000000e+00 1
-2.3900330127084940e-01 1.5520161286371490e-02 0.0000000000000000e+00 1
-6.4991458790557288e-02 -6.4531854423764273e-02 0.0000000000000000e+00 1
-2.4246235906320077e-01 7.2122099651614854e-02 0.0000000000000000e+00 1
-9.0706104067220308e-02 -1.9575475430669798e-01 0.0000000000000000e+00 1
-1.0291568722959904e-01 -2.0462805093382549e-01 0.0000000000000000e+00 1
-1.1561632505310071e-01 1.9797480453015687e-01 0.0000000000000000e+00 1
-1.2637961265445286e-01 1.9040132674618931e-01 0.0000000000000000e+00 1
-1.3868664587969765e-01 1.9570638891035780e-01 0.0000000000000000e+00 1
-1.1428669530545076e-01 1.8465486460876884e-01 0.0000000000000000e+00 1
-2.3261804058366853e-01 2.4161036647815029e-01 0.0000000000000000e+00 1
-2.4269699784037735e-01 2.3472655236292755e-01 0.0000000000000000e+00 1
-2.3163985351073257e-01 2.2942567236050795e-01 0.0000000000000000e+00 1
-2.5350660720641627e-01 2.4051624596525223e-01 0.0000000000000000e+00 1
1.5750547753215537e-03 -9.4611927331560750e-02 0.0000000000000000e+00 1
-1.0420642193468209e-02 -1.0330424723314637e-01 0.0000000000000000e+00 1
-2.3947271601874737e-02 -9.7230115480151064e-02 0.0000000000000000e+00 1
-2.2437227800311082e-02 -1.1198330465611990e-01 0.0000000000000000e+00 1
-8.9055476627994991e-03 -1.1805408107833401e-01 0.0000000000000000e+00 1
-2.0910717307667019e-02 -1.2673828420797553e-01 0.0000000000000000e+00 1
-7.3989892102451181e-03 -1.3278904384713272e-01 0.0000000000000000e+00 1
-1.9206620837814117e-02 -1.4186538163361212e-01 0.0000000000000000e+00 1
-5.3819787721918998e-03 -1.4774697250147595e-01 0.0000000000000000e+00 1
6.7349991544016843e-02 1.9569565737501171e-01 0.0000000000000000e+00 1
6.6555933574082959e-02 2.0857040345759204e-01 0.0000000000000000e+00 1
5.5477696326627225e-02 2.0118616985081655e-01 0.0000000000000000e+00 1
7.6657391572476252e-02 2.1602320480361761e-01 0.0000000000000000e+00 1
6.5419221048879456e-02 2.2139151503437804e-01 0.0000000000000000e+00 1
-1.3875702840094361e-02 -1.8758860382183801e-01 0.0000000000000000e+00 1
1.9332037429050403e-01 -3.8695274092961407e-01 0.0000000000000000e+00 1
9.6437786292279143e-02 -2.5540625049566217e-02 0.0000000000000000e+00 1
2.0269323584894194e-01 -5.9802653719261009e-02 0.0000000000000000e+00 1
1.9750499951188633e-02 -1.4446447469018231e-01 0.0000000000000000e+00 1
1.1323147991753077e-01 2.9023330764724942e-01 0.0000000000000000e+00 1
1.1220474495594603e-01 3.0164086605314161e-01 0.0000000000000000e+00 1
4.4590427626521829e-02 -1.6212106129002382e-02 0.0000000000000000e+00 1
-1.3229303517422047e-01 -1.7719430739117070e-01 0.0000000000000000e+00 1
-2.2335942023141589e-01 -1.9727837859546148e-02 0.0000000000000000e+00 1
-2.5492423282758170e-01 7.7975553011056603e-02 0.0000000000000000e+00 1
-2.5379426456738607e-01 6.4128058949594641e-02 0.0000000000000000e+00 1
-2.6619202979169304e-01 7.0079474451079454e-02 0.0000000000000000e+00 1
-2.6518159755344944e-01 5.6046746953713159e-02 0.0000000000000000e+00 1
1.3162955168127830e-01 3.0301137463692729e-01 0.0000000000000000e+00 1
-4.3284935847642501e-03 -3.5952224541415188e-02 0.0000000000000000e+00 1
2.2888332653261567e-01 8.6392415201273831e-02 0.0000000000000000e+00 1
-6.6529641478832169e-02 2.9039697552381516e-01 0.0000000000000000e+00 1
-2.0489731959415247e-01 2.8749527635862449e-01 0.0000000000000000e+00 1
-2.0618678499395232e-01 2.9981524221332584e-01 0.0000000000000000e+00 1
5.4904692067064303e-02 -2.2728265087123450e-01 0.0000000000000000e+00 1
4.3482390542684657e-02 -2.3522188937689759e-01 0.0000000000000000e+00 1
-6.7872456169651027e-02 3.0380647779605746e-01 0.0000000000000000e+00 1
-5.6916189122758226e-02 3.1173136016548975e-01 0.0000000000000000e+00 1
-6.9208474014581869e-02 3.1726609394638472e-01 0.0000000000000000e+00 1
-2.4166267647734510e-01 2.2254906959471779e-01 0.0000000000000000e+00 1
9.4577465306083422e-02 -1.3701456707706189e-01 0.0000000000000000e+00 1
4.6493993909811501e-02 9.1093750276604102e-02 0.0000000000000000e+00 1
1.4391745394340894e-01 8.4207729962920114e-02 0.0000000000000000e+00 1
2.0740509533880674e-01 -1.0352520029161540e-01 0.0000000000000000e+00 1
1.0413234517771326e-01 1.6711616571825630e-01 0.0000000000000000e+00 1
6.2720939716796820e-02 -6.6004650009204135e-02 0.0000000000000000e+00 1
2.3539875734514254e-01 -2.9268019024894443e-01 0.0000000000000000e+00 1
2.3515113680302896e-01 -2.8004922599528237e-01 0.0000000000000000e+00 1
9.8085799566410864e-02 -4.0048838820316637e-02 0.0000000000000000e+00 1
-6.6409782204786189e-02 4.6584057126073469e-02 0.0000000000000000e+00 1
-6.5075377525948649e-02 3.2168086105256774e-02 0.0000000000000000e+00 1
-2.8307041496887414e-01 2.4513797890384803e-01 0.0000000000000000e+00 1
1.2724591173400412e-01 -2.3440147384177346e-01 0.0000000000000000e+00 1
1.1868815941461804e-01 -1.2006362071982501e-01 0.0000000000000000e+00 1
-2.8220507677716090e-02 -5.3036325415881859e-02 0.0000000000000000e+00 1
-1.8553569392640848e-01 2.0540031046291599e-01 0.0000000000000000e+00 1
-1.9740868309105031e-01 2.1131541835177400e-01 0.0000000000000000e+00 1
2.2140621145789924e-01 1.4168872508612074e-01 0.0000000000000000e+00 1
1.9956738319306588e-01 -2.9704824077545284e-02 0.0000000000000000e+00 1
-5.9364113657363118e-02 -2.3642322139481414e-01 0.0000000000000000e+00 1
9.2262243950783598e-02 -1.0770626289050853e-01 0.0000000000000000e+00 1
-1.5559668735367560e-01 -5.1624563560532057e-02 0.0000000000000000e+00 1
-1.0137763110804879e-01 2.1592448350502925e-02 0.0000000000000000e+00 1
-8.8187288419644419e-02 1.5713901613815990e-02 0.0000000000000000e+00 1
2.4005172220022297e-02 -1.9133751576911529e-01 0.0000000000000000e+00 1
1.1069282706463743e-02 -1.8397245757367978e-01 0.0000000000000000e+00 1
3.7084312787859779e-02 -1.9753000353173808e-01 0.0000000000000000e+00 1
1.9063311794318874e-01 1.7805423231099077e-01 0.0000000000000000e+00 1
9.7785379491160687e-02 2.2972334783588691e-01 0.0000000000000000e+00 1
-2.5256043968557057e-01 5.0127599257523858e-02 0.0000000000000000e+00 1
-2.6398432497866225e-01 4.1939125869710367e-02 0.0000000000000000e+00 1
2.0422452702740024e-01 -7.4648616957444944e-02 0.0000000000000000e+00 1
1.7513669140430391e-01 -3.6758606830071194e-01 0.0000000000000000e+00 1
-3.5907826464246208e-02 -1.0590482283917953e-01 0.0000000000000000e+00 1
-3.7375322632007324e-02 -9.1120228410913912e-02 0.0000000000000000e+00 1
-2.7319805376484640e-01 2.4016051380674777e-01 0.0000000000000000e+00 1
-3.9549909844244613e-02 -3.1494051079342006e-01 0.0000000000000000e+00 1
-2.5294147159234497e-02 -3.1851720662288086e-01 0.0000000000000000e+00 1
-1.4308685184290987e-02 -3.1027940997911052e-01 0.0000000000000000e+00 1
-1.2697295698360063e-02 -3.2390695974341571e-01 0.0000000000000000e+00 1
1.8503166713074076e-01 -4.0213553491950466e-01 0.0000000000000000e+00 1
1.1411268041433484e-01 -4.0981752714839453e-01 0.0000000000000000e+00 1
1.2362221710978935e-01 -4.1398027924309633e-01 0.0000000000000000e+00 1
1.3187019116276250e-01 -4.0808347904043096e-01 0.0000000000000000e+00 1
1.0451729445207578e-01 -4.0555508950419394e-01 0.0000000000000000e+00 1
-3.2731561023631020e-02 -1.3548059968153342e-01 0.0000000000000000e+00 1
-3.0930172155120707e-02 -1.5096492294894734e-01 0.0000000000000000e+00 1
-8.9281218498108383e-02 -2.1063259558902464e-01 0.0000000000000000e+00 1
-1.0134299829080247e-01 -2.1961995702205664e-01 0.0000000000000000e+00 1
2.5233097631136947e-01 -1.6616064993197763e-01 0.0000000000000000e+00 1
-1.6738693218679469e-02 1.3993688548485250e-01 0.0000000000000000e+00 1
1.0963921008264894e-01 -3.6732058839716825e-01 0.0000000000000000e+00 1
-6.8297858203939382e-02 6.0753915433592855e-02 0.0000000000000000e+00 1
-8.1329767594120694e-02 6.6541785673117387e-02 0.0000000000000000e+00 1
2.2377928802010083e-01 -2.7435935674225687e-01 0.0000000000000000e+00 1
2.3450881215778949e-01 -2.6715647535093828e-01 0.0000000000000000e+00 1
1.0279803751618344e-01 2.9498158271432529e-01 0.0000000000000000e+00 1
1.0185342811360301e-01 3.0644567957792851e-01 0.0000000000000000e+00 1
2.0939807831648594e-01 1.9282504774598966e-01 0.0000000000000000e+00 1
2.4254457071415406e-01 -6.3117491336154852e-02 0.0000000000000000e+00 1
2.4392716478257520e-01 -7.7940261642039654e-02 0.0000000000000000e+00 1
1.7681710249080732e-01 2.7052419979634934e-01 0.0000000000000000e+00 1
1.6750037508441351e-01 2.7465551839940278e-01 0.0000000000000000e+00 1
-1.5040615733140905e-01 3.1429356877501335e-01 0.0000000000000000e+00 1
-1.3660012814963091e-01 1.8289036793848737e-01 0.0000000000000000e+00 1
-1.4931749666924538e-01 1.8820013307284650e-01 0.0000000000000000e+00 1
1.6458571517230589e-01 -2.7210773831085866e-01 0.0000000000000000e+00 1
1.6589878230863159e-01 -2.8494151915386928e-01 0.0000000000000000e+00 1
1.6315623040711097e-01 -2.5936630506846742e-01 0.0000000000000000e+00 1
9.2108299158310009e-02 2.9997284849626971e-01 0.0000000000000000e+00 1
9.1157992257997394e-02 3.1155251725378802e-01 0.0000000000000000e+00 1
1.6917208883723611e-01 -4.1277622921538859e-01 0.0000000000000000e+00 1
1.6075414740880423e-01 -4.0895836956333237e-01 0.0000000000000000e+00 1
1.6149446692643565e-01 -4.1813090659395502e-01 0.0000000000000000e+00 1
1.5317322854509527e-01 -4.1449677709038590e-01 0.0000000000000000e+00 1
-1.5177339203984669e-02 -1.7229572715448699e-01 0.0000000000000000e+00 1
5.1542293399970573e-02 -3.8414330317183781e-01 0.0000000000000000e+00 1
6.2293029004538231e-02 -3.8895203297142050e-01 0.0000000000000000e+00 1
1.3276062016391410e-01 7.6751404201193155e-02 0.0000000000000000e+00 1
1.3305821392189654e-01 -1.4068405772673617e-01 0.0000000000000000e+00 1
-1.2161749083344878e-01 -1.2432278575287317e-01 0.0000000000000000e+00 1
-1.2329001840831694e-01 -1.0943349683409022e-01 0.0000000000000000e+00 1
-1.2109869791603607e-01 -1.3873252086538140e-01 0.0000000000000000e+00 1
2.4417925335600846e-01 -2.1749769797632507e-01 0.0000000000000000e+00 1
2.3305006611311077e-01 -2.2568168316582538e-01 0.0000000000000000e+00 1
-1.3072102192097948e-01 -1.9238966259196030e-01 0.0000000000000000e+00 1
2.1664973694786940e-01 -1.9144447139325022e-01 0.0000000000000000e+00 1
-1.8239227097015237e-01 2.9168547024626684e-01 0.0000000000000000e+00 1
1.2787013522257651e-01 4.4230944209835026e-02 0.0000000000000000e+00 1
1.8629243252402788e-01 2.6627769338397661e-01 0.0000000000000000e+00 1
1.8805093215315344e-01 2.5585174983368414e-01 0.0000000000000000e+00 1
-8.8221781685482725e-02 1.5999748132434199e-01 0.0000000000000000e+00 1
-9.9860363525725318e-02 1.6568868325103681e-01 0.0000000000000000e+00 1
1.3728012310980132e-02 3.8909633026597709e-02 0.0000000000000000e+00 1
1.2704076066644376e-01 1.3092811911137606e-01 0.0000000000000000e+00 1
-1.9965387440267574e-01 2.3751294116316929e-01 0.0000000000000000e+00 1
-2.1006688612433033e-01 2.3056357926247112e-01 0.0000000000000000e+00 1
6.9907973836871168e-02 3.1442771147855181e-01 0.0000000000000000e+00 1
1.2924452869532296e-01 2.9637831165617221e-02 0.0000000000000000e+00 1
-2.9534375049578920e-01 2.8102848024864613e-01 0.0000000000000000e+00 1
1.5295727168031847e-02 2.4767167869517347e-02 0.0000000000000000e+00 1
1.4515995229970782e-02 1.4396695090621270e-01 0.0000000000000000e+00 1
-7.5985825318530181e-02 1.5449468909143627e-01 0.0000000000000000e+00 1
-2.7684265489056609e-01 6.2251710110619654e-02 0.0000000000000000e+00 1
-1.7417990660965688e-01 -1.3009272380221043e-01 0.0000000000000000e+00 1
2.1122607309558222e-01 1.8035994660979840e-01 0.0000000000000000e+00 1
-2.0100621857132728e-01 1.1290083825752008e-02 0.0000000000000000e+00 1
1.2294171641791330e-02 2.0404258851471990e-01 0.0000000000000000e+00 1
2.4545476084282133e-02 1.9852084087344746e-01 0.0000000000000000e+00 1
-1.5324490375042663e-01 2.2806486536371146e-01 0.0000000000000000e+00 1
-1.3581075324070932e-01 2.8298786489193867e-01 0.0000000000000000e+00 1
-9.6597914186808714e-02 -2.4783387232022080e-01 0.0000000000000000e+00 1
2.0091036776100449e-01 -3.6073498575329199e-01 0.0000000000000000e+00 1
4.6176268972292012e-03 -1.2406842625440703e-01 0.0000000000000000e+00 1
-3.0994491698315479e-01 2.5000433539511391e-01 0.0000000000000000e+00 1
-3.1834107199569339e-01 2.5425073304666379e-01 0.0000000000000000e+00 1
-3.0143279585866956e-01 2.4515319036894803e-01 0.0000000000000000e+00 1
-1.0608058009888931e-01 2.1908442306310968e-01 0.0000000000000000e+00 1
-1.3845662304339851e-01 3.0912407791218993e-01 0.0000000000000000e+00 1
-1.3979934402524083e-01 3.2234863946415099e-01 0.0000000000000000e+00 1
-2.8636337440630943e-01 1.6751927385820922e-01 0.0000000000000000e+00 1
-2.7455923651706349e-01 1.6250267877968552e-01 0.0000000000000000e+00 1
-2.9749795696213976e-01 1.7302199381527533e-01 0.0000000000000000e+00 1
-3.0741481538013338e-01 1.6582635191128514e-01 0.0000000000000000e+00 1
-3.0871883630149288e-01 1.7784410921000787e-01 0.0000000000000000e+00 1
-3.1886094649304719e-01 1.7115121531215119e-01 0.0000000000000000e+00 1
2.1000474441544342e-01 -3.6519690329522303e-01 0.0000000000000000e+00 1
2.0971784764918083e-01 -3.5469758855917061e-01 0.0000000000000000e+00 1
-2.0701422733722996e-01 -7.0811719160986303e-02 0.0000000000000000e+00 1
-2.0769243876191962e-01 -8.7668646763961480e-02 0.0000000000000000e+00 1
-2.6824467648897350e-02 1.3219400699885075e-01 0.0000000000000000e+00 1
-3.8251418740288270e-02 1.3797619807805256e-01 0.0000000000000000e+00 1
1.3299585892871911e-02 3.0310462804666266e-01 0.0000000000000000e+00 1
1.4734287138559329e-02 2.9028248448781646e-01 0.0000000000000000e+00 1
1.2495281681803390e-02 3.1592379888042899e-01 0.0000000000000000e+00 1
5.9383815765513333e-02 -3.6730983397408636e-02 0.0000000000000000e+00 1
1.7416548014413824e-01 -3.2211128032479990e-02 0.0000000000000000e+00 1
5.7461593225502011e-02 -3.2671140352007116e-01 0.0000000000000000e+00 1
5.8719739753094184e-02 -3.3860182394253779e-01 0.0000000000000000e+00 1
-1.9131870844496796e-01 -9.3407127691355354e-02 0.0000000000000000e+00 1
2.4942195434959094e-01 -1.3600285345379018e-01 0.0000000000000000e+00 1
2.4822319421089095e-01 -1.2148662262670763e-01 0.0000000000000000e+00 1
3.7768277166657115e-02 -3.5537064503850280e-01 0.0000000000000000e+00 1
2.7518282561793797e-02 -3.6295352641009193e-01 0.0000000000000000e+00 1
2.5549554536691998e-01 -2.1074763290395152e-01 0.0000000000000000e+00 1
1.1654363955379994e-01 -9.0359380233462683e-02 0.0000000000000000e+00 1
1.1485624847089812e-01 -7.5538062642004272e-02 0.0000000000000000e+00 1
-1.1495128103753051e-01 -2.1308216292012541e-01 0.0000000000000000e+00 1
1.7824103094528010e-01 -2.9002030149465052e-01 0.0000000000000000e+00 1
1.9073692486039132e-01 -6.8236696431584268e-02 0.0000000000000000e+00 1
1.7489690490355062e-01 2.8011610534535847e-01 0.0000000000000000e+00 1
1.6615963490061769e-01 2.8430470455669721e-01 0.0000000000000000e+00 1
-4.0142441915336446e-02 -6.1660201489179028e-02 0.0000000000000000e+00 1
-4.4413044319354902e-02 -1.4476921939463805e-01 0.0000000000000000e+00 1
2.1938862756621758e-01 -9.4716853386639960e-02 0.0000000000000000e+00 1
2.3312616380085049e-01 -1.0068518117562895e-01 0.0000000000000000e+00 1
-2.5105755372546507e-01 3.5991798134460705e-02 0.0000000000000000e+00 1
-2.6271985817307525e-01 2.7720834815600184e-02 0.0000000000000000e+00 1
5.2558023553851259e-02 -3.9519704346699780e-01 0.0000000000000000e+00 1
5.9265125975559552e-02 -2.6761295109619093e-01 0.0000000000000000e+00 1
7.1394338866630075e-02 -2.7343961918201554e-01 0.0000000000000000e+00 1
4.5071476729910923e-02 -3.0951379763452674e-01 0.0000000000000000e+00 1
-3.1889590648408750e-01 2.6273228042143032e-01 0.0000000000000000e+00 1
-5.7566897695572168e-02 3.2455075862716820e-01 0.0000000000000000e+00 1
7.5710047313461482e-02 2.2842581136324439e-01 0.0000000000000000e+00 1
6.3754236740391282e-02 2.3411393632674224e-01 0.0000000000000000e+00 1
4.2250359546475644e-02 -2.2226802805129170e-01 0.0000000000000000e+00 1
1.3254173354173540e-01 -4.1781141646994069e-01 0.0000000000000000e+00 1
1.2488412398040249e-01 -4.2371795091355546e-01 0.0000000000000000e+00 1
-3.1921386715972400e-01 1.8289116676554651e-01 0.0000000000000000e+00 1
8.6700017828760662e-02 5.8482471199769272e-02 0.0000000000000000e+00 1
7.5474684126216815e-02 4.9995840905939261e-02 0.0000000000000000e+00 1
9.3323891983405849e-02 1.3429577832231365e-01 0.0000000000000000e+00 1
-2.9119665139967821e-01 9.6186560202420446e-02 0.0000000000000000e+00 1
2.2043490829789344e-01 -3.6073589259108002e-01 0.0000000000000000e+00 1
2.1905754732172147e-01 -3.4925489775792601e-01 0.0000000000000000e+00 1
1.5390707329585782e-01 -2.8019707681391393e-01 0.0000000000000000e+00 1
1.4145037909929356e-01 2.9741701360088696e-01 0.0000000000000000e+00 1
5.4593111411452316e-02 2.2471621463811886e-01 0.0000000000000000e+00 1
-2.3097103771466065e-01 2.1742527363958647e-01 0.0000000000000000e+00 1
2.6145049751574262e-01 -1.2693615990951984e-01 0.0000000000000000e+00 1
-1.1028972812908092e-01 -1.1490894188997282e-01 0.0000000000000000e+00 1
2.4544449401558960e-01 2.0602889733395455e-02 0.0000000000000000e+00 1
2.4697739908641370e-01 5.6495710349881234e-03 0.0000000000000000e+00 1
-5.2427092583111040e-02 -2.9276683441364160e-01 0.0000000000000000e+00 1
4.8962006768140554e-02 6.1033123500245909e-02 0.0000000000000000e+00 1
3.6136038561636920e-02 6.6980815670437815e-02 0.0000000000000000e+00 1
-1.3326766660424189e-01 -1.6227597091903534e-01 0.0000000000000000e+00 1
-1.4591995675216549e-01 -1.7109965314096709e-01 0.0000000000000000e+00 1
-2.5070866492169203e-01 1.5208705268103173e-01 0.0000000000000000e+00 1
-2.3812973359829182e-01 1.4674233027999695e-01 0.0000000000000000e+00 1
-2.5053125607628457e-01 8.0258288354590011e-03 0.0000000000000000e+00 1
-2.5143492204126344e-01 -7.8211750910738564e-03 0.0000000000000000e+00 1
1.5510799807645689e-01 -2.9196446113703600e-01 0.0000000000000000e+00 1
1.5227906719178252e-01 2.5203866957948889e-01 0.0000000000000000e+00 1
1.0563396617779111e-01 1.5423495685616989e-01 0.0000000000000000e+00 1
1.1601108040901237e-01 1.6208468289009259e-01 0.0000000000000000e+00 1
2.4440815487107043e-01 3.5506815164111499e-02 0.0000000000000000e+00 1
1.8231769677438359e-01 6.6966767736877750e-02 0.0000000000000000e+00 1
1.5042636171503088e-01 -2.4368518583013360e-01 0.0000000000000000e+00 1
1.5089994994087974e-01 -2.3131491521211589e-01 0.0000000000000000e+00 1
1.8445957538850222e-01 5.4157813337368285e-02 0.0000000000000000e+00 1
-1.8826499585693224e-01 -1.2376057315230925e-01 0.0000000000000000e+00 1
-2.8732949814985032e-01 2.8652537813310519e-01 0.0000000000000000e+00 1
5.6835024965723215e-02 3.1902380964341454e-01 0.0000000000000000e+00 1
1.4339641086135380e-01 -2.8879014219379318e-01 0.0000000000000000e+00 1
1.9543126266939664e-03 1.4923192711162792e-01 0.0000000000000000e+00 1
2.4517274228730945e-01 -2.3205786028577324e-01 0.0000000000000000e+00 1
2.3442881193346016e-01 -2.3962665278406395e-01 0.0000000000000000e+00 1
2.4666155372316217e-01 -2.4593904121114218e-01 0.0000000000000000e+00 1
2.2193546054415614e-01 -2.3394175500795758e-01 0.0000000000000000e+00 1
6.4974110786882575e-02 1.0816387600057682e-01 0.0000000000000000e+00 1
-1.3482658826733513e-02 1.2700824872894159e-01 0.0000000000000000e+00 1
-2.4139589048213086e-02 1.1875609539528761e-01 0.0000000000000000e+00 1
1.2480629641975466e-01 5.7119406136099227e-02 0.0000000000000000e+00 1
1.4591410563738255e-01 7.1376743676843879e-02 0.0000000000000000e+00 1
6.1265826320603498e-02 -2.8072665780786693e-01 0.0000000000000000e+00 1
2.7728203444006290e-02 -3.7612218605680459e-01 0.0000000000000000e+00 1
1.5845006705864761e-01 2.7889963349759417e-01 0.0000000000000000e+00 1
1.5771222799881746e-01 2.8885679453036461e-01 0.0000000000000000e+00 1
2.0930018706036915e-01 -3.7592616155347730e-01 0.0000000000000000e+00 1
1.9107110843537711e-01 -3.5563868364792517e-01 0.0000000000000000e+00 1
-2.8237174259745362e-01 2.3385429438868746e-01 0.0000000000000000e+00 1
-2.7271300497249873e-01 2.2894250418696910e-01 0.0000000000000000e+00 1
1.0563278109060356e-01 -4.1598915040979917e-01 0.0000000000000000e+00 1
2.4680944098775467e-01 -2.8584069487316760e-01 0.0000000000000000e+00 1
2.2780294443109936e-01 -3.5422013662397300e-01 0.0000000000000000e+00 1
-2.4133178330542843e-01 2.1116164100635820e-01 0.0000000000000000e+00 1
-5.4982498863346746e-02 5.5062801107008140e-02 0.0000000000000000e+00 1
-5.6862646267176561e-02 6.9164286691513616e-02 0.0000000000000000e+00 1
-3.3319896937812771e-01 2.3916835114657098e-01 0.0000000000000000e+00 1
1.4932459119939262e-01 2.6157256082863528e-01 0.0000000000000000e+00 1
9.5850739238737548e-02 -4.1276181960896685e-01 0.0000000000000000e+00 1
-2.9601015897127692e-01 2.8921945278809302e-01 0.0000000000000000e+00 1
1.5166208918899204e-01 -2.0412581752245679e-01 0.0000000000000000e+00 1
-2.7579423080239651e-01 3.4090261718686177e-02 0.0000000000000000e+00 1
-1.9996094327351790e-01 1.3144195571858597e-01 0.0000000000000000e+00 1
-2.1252922904952690e-01 1.3736237834896425e-01 0.0000000000000000e+00 1
-2.1491254500392235e-01 1.5351073100809151e-01 0.0000000000000000e+00 1
3.5606434961736766e-02 -1.8214621178274670e-01 0.0000000000000000e+00 1
1.1164588784722071e-01 3.1325138363145727e-01 0.0000000000000000e+00 1
1.4038843370847875e-01 -4.1343993220628772e-01 0.0000000000000000e+00 1
1.3981803337167170e-01 -4.2271426524228845e-01 0.0000000000000000e+00 1
2.5650592105098002e-01 -6.9277874699011546e-02 0.0000000000000000e+00 1
2.5811933826598688e-01 -8.3857858799665064e-02 0.0000000000000000e+00 1
-2.9240984504003387e-01 8.2030400171623427e-02 0.0000000000000000e+00 1
4.8657225916583287e-02 -1.8932428116645356e-01 0.0000000000000000e+00 1
2.5964170137974613e-01 1.3492260529247683e-02 0.0000000000000000e+00 1
-4.4964873487061574e-02 6.2665004148906148e-02 0.0000000000000000e+00 1
6.9988514493736553e-02 -3.4367841675548788e-01 0.0000000000000000e+00 1
2.2765323852157018e-01 -3.3454532253463382e-01 0.0000000000000000e+00 1
2.3702004338885269e-01 -3.2882810733879098e-01 0.0000000000000000e+00 1
2.3682288451806999e-01 -3.1669428678442768e-01 0.0000000000000000e+00 1
-1.8460333789791311e-01 3.1646587131570575e-01 0.0000000000000000e+00 1
-1.7330747750345890e-01 3.2496647405160578e-01 0.0000000000000000e+00 1
8.0826107177235929e-02 1.2635924503304774e-01 0.0000000000000000e+00 1
1.9599478616090615e-01 4.6703792551861488e-02 0.0000000000000000e+00 1
-1.8784709961383383e-01 1.2635286809382246e-01 0.0000000000000000e+00 1
1.4870477118225381e-01 -1.7541352369469881e-01 0.0000000000000000e+00 1
1.4716888799721800e-01 -1.6111586045315718e-01 0.0000000000000000e+00 1
2.2300405297019588e-01 -2.4748257995748274e-01 0.0000000000000000e+00 1
4.7616077497662015e-02 -2.6143956575666688e-01 0.0000000000000000e+00 1
-5.2889017791290661e-02 4.0175273392401657e-02 0.0000000000000000e+00 1
-5.1494812547054972e-02 2.5348653575061261e-02 0.0000000000000000e+00 1
2.4227347465206819e-01 8.1017692952907658e-02 0.0000000000000000e+00 1
-3.2696992396683844e-01 2.5901497246496102e-01 0.0000000000000000e+00 1
-3.2620029019003161e-01 2.5025163787567994e-01 0.0000000000000000e+00 1
1.4193131582830590e-01 -4.0300281832722246e-01 0.0000000000000000e+00 1
1.7755988934996267e-01 -4.1799042291870309e-01 0.0000000000000000e+00 1
-1.9528296075567433e-01 3.0877525689752972e-01 0.0000000000000000e+00 1
2.2702177723987010e-02 -1.7435280602426825e-01 0.0000000000000000e+00 1
9.8010473620926374e-03 -1.6817551119110813e-01 0.0000000000000000e+00 1
-6.3844849117704938e-02 1.7937925249290602e-02 0.0000000000000000e+00 1
-3.2862788245176067e-01 1.7662282741796426e-01 0.0000000000000000e+00 1
4.7851849746789590e-02 -3.4804406366255591e-01 0.0000000000000000e+00 1
-2.8834400905674663e-02 -1.6662471434686821e-01 0.0000000000000000e+00 1
6.4838188537447314e-02 3.2693285239895270e-01 0.0000000000000000e+00 1
-1.6297280300582975e-01 1.1503632586468049e-01 0.0000000000000000e+00 1
-1.5007548235196838e-01 1.0961863237803711e-01 0.0000000000000000e+00 1
-1.4824544007855461e-01 9.5573307389241760e-02 0.0000000000000000e+00 1
-3.7752006888673535e-02 3.3989973213130034e-02 0.0000000000000000e+00 1
-1.3746338420864956e-01 1.0402856300913924e-01 0.0000000000000000e+00 1
7.3601952036159213e-02 -2.8620777472335279e-01 0.0000000000000000e+00 1
2.2014601702265571e-01 4.9294408184603657e-02 0.0000000000000000e+00 1
-2.2532319247417565e-01 1.4270415113234339e-01 0.0000000000000000e+00 1
-3.1175754799616207e-01 2.6824598823455548e-01 0.0000000000000000e+00 1
-3.0411226578500244e-01 2.7433989388930419e-01 0.0000000000000000e+00 1
-1.7052995336466287e-01 7.9091455942400676e-02 0.0000000000000000e+00 1
-1.8177264785155495e-01 7.0880897950896443e-02 0.0000000000000000e+00 1
-3.1055564129812524e-01 1.9007497487419969e-01 0.0000000000000000e+00 1
1.8579669857906053e-01 1.4419652170866454e-01 0.0000000000000000e+00 1
2.0322059726187208e-01 -2.8867978851621118e-01 0.0000000000000000e+00 1
1.9175096324263563e-01 -2.9515232178846734e-01 0.0000000000000000e+00 1
1.8445765042267331e-01 1.5764384284380834e-01 0.0000000000000000e+00 1
1.6143249893505632e-01 -1.6712931690629979e-01 0.0000000000000000e+00 1
1.4524472318632550e-01 -2.9998147895268729e-01 0.0000000000000000e+00 1
-2.3704572410996672e-01 2.9023518409736193e-01 0.0000000000000000e+00 1
-2.3821143496071812e-01 3.0218588905569987e-01 0.0000000000000000e+00 1
-2.4809753148129424e-01 2.9494673438307401e-01 0.0000000000000000e+00 1
-2.5782188795741440e-01 2.8734701749812086e-01 0.0000000000000000e+00 1
-2.6867844145102643e-01 2.9098102141730497e-01 0.0000000000000000e+00 1
-2.5963988941355964e-01 2.9809496216728071e-01 0.0000000000000000e+00 1
-2.6997522521734474e-01 3.0093557301979468e-01 0.0000000000000000e+00 1
-2.2825364719153390e-01 3.0912237794352665e-01 0.0000000000000000e+00 1
-2.3889864244265874e-01 3.1342818090076685e-01 0.0000000000000000e+00 1
-2.1776871903533151e-01 3.1536122881451378e-01 0.0000000000000000e+00 1
2.5711651121577341e-02 1.8517739648730877e-01 0.0000000000000000e+00 1
3.5552669497750065e-02 1.9401963995067401e-01 0.0000000000000000e+00 1
3.4705229125611116e-02 2.0630564359460285e-01 0.0000000000000000e+00 1
3.0984708929011874e-02 -2.2993247914414072e-01 0.0000000000000000e+00 1
3.3105240438580111e-02 -2.4311017273937188e-01 0.0000000000000000e+00 1
2.5440305337517466e-01 -5.2931163021743277e-02 0.0000000000000000e+00 1
2.6432705714664240e-01 -4.1698068537649194e-02 0.0000000000000000e+00 1
1.1382898985523704e-01 4.9205585509639140e-02 0.0000000000000000e+00 1
-1.0013605848408465e-01 7.1586321093665764e-03 0.0000000000000000e+00 1
-3.1299004323084095e-01 2.7773647993699591e-01 0.0000000000000000e+00 1
-1.1492637706501160e-01 -2.2906886813957938e-01 0.0000000000000000e+00 1
-2.2680634940225236e-01 2.3667721008106761e-02 0.0000000000000000e+00 1
-3.1833357635806814e-01 1.5906546263225682e-01 0.0000000000000000e+00 1
1.8532880182985681e-01 -4.1165302895897238e-01 0.0000000000000000e+00 1
-1.8112857557130715e-01 2.7808881930887641e-01 0.0000000000000000e+00 1
-2.0038491506274422e-03 -3.1550113573932342e-01 0.0000000000000000e+00 1
-3.1017408972637865e-04 -3.2915195201272784e-01 0.0000000000000000e+00 1
-1.1107381825283306e-02 -3.3726892962260302e-01 0.0000000000000000e+00 1
1.1717214645721166e-03 -3.4255698874756679e-01 0.0000000000000000e+00 1
9.2074982537379314e-03 -3.0685288225817969e-01 0.0000000000000000e+00 1
-8.6927004585351676e-03 -3.5075687545211709e-01 0.0000000000000000e+00 1
-2.0649546991060898e-02 -3.4504925299143541e-01 0.0000000000000000e+00 1
1.2328806461102005e-02 -3.3396693234384572e-01 0.0000000000000000e+00 1
1.3601948079695394e-02 -3.4674659475817926e-01 0.0000000000000000e+00 1
1.5198024929429149e-01 -2.1822392792779743e-01 0.0000000000000000e+00 1
1.6400966635955905e-01 -2.2508720603905058e-01 0.0000000000000000e+00 1
1.6488670125074723e-01 -1.9597123514662954e-01 0.0000000000000000e+00 1
-1.6452213720572301e-01 1.3000020960849087e-01 0.0000000000000000e+00 1
1.1156781480493670e-02 1.7060977834404267e-01 0.0000000000000000e+00 1
-2.7754987636569961e-01 2.8325224170201901e-01 0.0000000000000000e+00 1
1.1967965579330263e-02 5.2375841023415845e-02 0.0000000000000000e+00 1
1.4173692274001126e-01 2.8717258514993105e-01 0.0000000000000000e+00 1
1.2701438870577730e-01 1.4438775924174169e-01 0.0000000000000000e+00 1
2.3995055969747314e-01 9.5668791536110853e-02 0.0000000000000000e+00 1
2.5134633413596658e-01 1.0566288325368380e-01 0.0000000000000000e+00 1
8.2619694013332218e-02 -2.6547329864657776e-01 0.0000000000000000e+00 1
7.1015947824938572e-02 2.8848116204919261e-01 0.0000000000000000e+00 1
4.6870379944952037e-02 -1.7313850292037583e-01 0.0000000000000000e+00 1
2.3519494287991766e-01 -2.5334297137305967e-01 0.0000000000000000e+00 1
2.4868829829814190e-01 -2.6093812205958861e-01 0.0000000000000000e+00 1
2.5888177533378487e-01 -2.5159264246940560e-01 0.0000000000000000e+00 1
-1.8640057321946663e-01 -1.3806387152080871e-01 0.0000000000000000e+00 1
-2.6248390136833150e-01 1.5766941327383457e-01 0.0000000000000000e+00 1
-2.5135160161016218e-01 1.6521749987252993e-01 0.0000000000000000e+00 1
1.1357217498646373e-01 -2.0011408426788474e-01 0.0000000000000000e+00 1
1.1464686811861904e-01 -2.1429723050939276e-01 0.0000000000000000e+00 1
-3.1857119900866970e-01 2.4412342251845354e-01 0.0000000000000000e+00 1
-2.9290713912210248e-01 2.3930496338058510e-01 0.0000000000000000e+00 1
-3.0334745822518211e-01 2.3543371713185293e-01 0.0000000000000000e+00 1
-2.8387580941701612e-01 2.2206468668329665e-01 0.0000000000000000e+00 1
-1.3560456027777154e-01 8.9767471122825904e-02 0.0000000000000000e+00 1
-1.2440348374051220e-01 9.7888804643783106e-02 0.0000000000000000e+00 1
2.0817147421909568e-01 -3.4482696301552196e-01 0.0000000000000000e+00 1
-1.7106192600691510e-02 -1.5680790520395660e-01 0.0000000000000000e+00 1
1.1584978834583859e-01 3.5261305039655452e-02 0.0000000000000000e+00 1
1.0013356872775070e-01 5.3782962140371961e-02 0.0000000000000000e+00 1
2.2093712241641533e-01 1.8821751542647938e-01 0.0000000000000000e+00 1
2.2394888124528223e-01 1.7582791513066148e-01 0.0000000000000000e+00 1
-2.5106469344070048e-01 3.0663333170201090e-01 0.0000000000000000e+00 1
-2.2238867421815522e-01 1.1549494020557122e-01 0.0000000000000000e+00 1
1.9331186532491099e-01 1.6546178662549446e-01 0.0000000000000000e+00 1
1.5511412516062717e-01 -3.3455570687944564e-01 0.0000000000000000e+00 1
1.6595968319738624e-01 -3.3945636162441561e-01 0.0000000000000000e+00 1
1.6624573463074374e-01 -3.5090735571694054e-01 0.0000000000000000e+00 1
1.7765276449653239e-01 -3.5580517342259721e-01 0.0000000000000000e+00 1
8.0413958729517981e-02 -3.3626038601277375e-01 0.0000000000000000e+00 1
9.1996619314176548e-02 -3.4348708689802243e-01 0.0000000000000000e+00 1
1.0161466417636933e-01 -3.3454647683980543e-01 0.0000000000000000e+00 1
1.0379246836527364e-01 -3.4654321799298909e-01 0.0000000000000000e+00 1
1.1308761811863129e-01 -3.3918482751899248e-01 0.0000000000000000e+00 1
1.1600563783945851e-01 -3.5039183767394388e-01 0.0000000000000000e+00 1
1.1177781203796484e-01 -3.2709457123961511e-01 0.0000000000000000e+00 1
1.2259489751567240e-01 -3.3223979353561722e-01 0.0000000000000000e+00 1
1.1091641766133148e-01 -3.1449174342602770e-01 0.0000000000000000e+00 1
-2.7991306883632977e-01 2.9466294661726966e-01 0.0000000000000000e+00 1
1.9136651757750180e-03 3.0559834794787959e-02 0.0000000000000000e+00 1
-2.8870973853549753e-01 1.7979194285809322e-01 0.0000000000000000e+00 1
-7.4991848682080857e-05 2.0961519470744541e-01 0.0000000000000000e+00 1
1.6730255023666468e-01 -2.9763279717170732e-01 0.0000000000000000e+00 1
1.2701339953565596e-01 2.5089715077207853e-01 0.0000000000000000e+00 1
1.3710269866540542e-01 2.4591364418631412e-01 0.0000000000000000e+00 1
1.3914144278727650e-01 2.3407113692526779e-01 0.0000000000000000e+00 1
1.8948480218539493e-01 -2.8274744335895918e-01 0.0000000000000000e+00 1
2.0174364159366676e-01 -3.8145279249053843e-01 0.0000000000000000e+00 1
2.0230464176317267e-01 -3.9322335082765747e-01 0.0000000000000000e+00 1
1.9292160204579714e-01 -3.9708144245161747e-01 0.0000000000000000e+00 1
1.4022753830176587e-01 -3.9143008731155599e-01 0.0000000000000000e+00 1
1.4170734324197637e-01 3.0711320316248308e-01 0.0000000000000000e+00 1
1.5448667341673258e-01 -4.2324440777732386e-01 0.0000000000000000e+00 1
1.6151875864765614e-01 -4.2670621507084416e-01 0.0000000000000000e+00 1
2.6044255895712187e-01 -1.1270066556172247e-01 0.0000000000000000e+00 1
1.1568466309209426e-01 -4.2018569935506744e-01 0.0000000000000000e+00 1
1.5683806239891768e-01 -3.6846518085370250e-01 0.0000000000000000e+00 1
1.8453638930420591e-01 -3.9243678860109216e-01 0.0000000000000000e+00 1
-4.3495332916329002e-03 1.3655248370682690e-01 0.0000000000000000e+00 1
7.1692339295058541e-02 -3.8209522595594858e-01 0.0000000000000000e+00 1
7.2912840155028288e-02 -3.9360128661322696e-01 0.0000000000000000e+00 1
-2.9260342908944986e-01 1.0904027043356808e-01 0.0000000000000000e+00 1
-3.0291705834671567e-01 1.0198467243659756e-01 0.0000000000000000e+00 1
-3.0462364053721075e-01 1.1458604396941838e-01 0.0000000000000000e+00 1
-3.0527854957400735e-01 1.2780935506062496e-01 0.0000000000000000e+00 1
-3.1639595236911233e-01 1.3427654105718656e-01 0.0000000000000000e+00 1
-3.1691818354376861e-01 1.4640747377335228e-01 0.0000000000000000e+00 1
1.8311071345844857e-01 2.2660354212846762e-01 0.0000000000000000e+00 1
1.9208155446724073e-01 2.3359885664788793e-01 0.0000000000000000e+00 1
1.8990849679944821e-01 2.4489403905105039e-01 0.0000000000000000e+00 1
2.0104440557975317e-01 2.4124964082982303e-01 0.0000000000000000e+00 1
2.0298431681261420e-01 2.2974443417087526e-01 0.0000000000000000e+00 1
1.8484800850929750e-01 2.1473523569314434e-01 0.0000000000000000e+00 1
-1.6888617416883236e-01 6.5106843276959883e-02 0.0000000000000000e+00 1
-9.4646624824956810e-02 -2.6190023266280249e-01 0.0000000000000000e+00 1
-1.1034174133684106e-01 -2.5575207035720526e-01 0.0000000000000000e+00 1
1.2972171104449787e-01 -2.7339518420200415e-01 0.0000000000000000e+00 1
1.1771114534640667e-01 -1.0539379259409917e-01 0.0000000000000000e+00 1
-1.8918490940479937e-01 1.4096825535556765e-01 0.0000000000000000e+00 1
-1.9844864774410192e-01 2.2460040183457930e-01 0.0000000000000000e+00 1
-2.0916620358739008e-01 2.1766417854375031e-01 0.0000000000000000e+00 1
-2.0886304389488686e-01 2.0370110460803376e-01 0.0000000000000000e+00 1
1.4280869350679434e-01 2.0976912714354207e-01 0.0000000000000000e+00 1
1.3127480221512330e-01 2.1473782721905593e-01 0.0000000000000000e+00 1
1.4125219874095643e-01 2.2187411661913106e-01 0.0000000000000000e+00 1
2.2290729287125338e-01 -2.6114457962267268e-01 0.0000000000000000e+00 1
2.1150890570589478e-01 -2.6838413550389945e-01 0.0000000000000000e+00 1
1.5574410181593715e-01 -3.4612488901675975e-01 0.0000000000000000e+00 1
-8.3258135351220591e-03 1.1426907440790014e-01 0.0000000000000000e+00 1
-2.7447302727797773e-01 2.1272098726543419e-02 0.0000000000000000e+00 1
-1.5085740789924931e-01 2.0119557307815297e-01 0.0000000000000000e+00 1
-1.6154954252587761e-01 1.9386819436676617e-01 0.0000000000000000e+00 1
-1.5944994194568851e-01 1.8046189461654483e-01 0.0000000000000000e+00 1
-1.5198233773800476e-01 2.1470179816503210e-01 0.0000000000000000e+00 1
-6.9035301113729824e-02 3.3194152503367702e-01 0.0000000000000000e+00 1
1.8839995175981389e-01 1.1691701187192560e-01 0.0000000000000000e+00 1
8.8386129935053639e-02 2.1050301210544392e-01 0.0000000000000000e+00 1
9.3314891235238187e-02 -1.2246906679218988e-01 0.0000000000000000e+00 1
4.3349979195081947e-02 -2.9644470793722583e-01 0.0000000000000000e+00 1
-1.7361029654884308e-01 1.9976771584899114e-01 0.0000000000000000e+00 1
-1.8460183346124065e-01 1.9226891923877956e-01 0.0000000000000000e+00 1
1.3114929381528406e-01 -2.8585102677903351e-01 0.0000000000000000e+00 1
9.5135870526204092e-02 -2.7079174413424928e-01 0.0000000000000000e+00 1
8.1320812302602935e-02 -2.5200470408078379e-01 0.0000000000000000e+00 1
-1.2495997281337023e-01 2.9093790699846450e-01 0.0000000000000000e+00 1
2.1361732676446579e-01 -1.6242311062218001e-01 0.0000000000000000e+00 1
2.1806608724009607e-01 -2.0562093824054722e-01 0.0000000000000000e+00 1
2.2001192715119999e-01 -2.1985863779173243e-01 0.0000000000000000e+00 1
2.0853537921664753e-01 -2.2788046722893765e-01 0.0000000000000000e+00 1
-9.2797701809904917e-02 5.8307226082063249e-02 0.0000000000000000e+00 1
-9.4257904663626740e-02 7.2367465541437651e-02 0.0000000000000000e+00 1
-1.0708577190042484e-01 7.8176799297124067e-02 0.0000000000000000e+00 1
-9.5680768555619786e-02 8.6358460986404553e-02 0.0000000000000000e+00 1
-8.2904374999143327e-02 8.0679507992340346e-02 0.0000000000000000e+00 1
-1.5678754497936820e-02 -2.9627058861883415e-01 0.0000000000000000e+00 1
1.2669412705416638e-01 -2.2056669291111747e-01 0.0000000000000000e+00 1
2.0747664694422388e-01 2.0475550400407194e-01 0.0000000000000000e+00 1
2.0458296134983714e-01 2.1709566185312151e-01 0.0000000000000000e+00 1
4.5617179342870972e-03 -2.5152134660360503e-01 0.0000000000000000e+00 1
-1.1881155501772259e-01 6.9938963532991977e-02 0.0000000000000000e+00 1
-1.2047301562374327e-01 8.4026236903341739e-02 0.0000000000000000e+00 1
-1.9935489372862207e-02 1.0542601025028853e-01 0.0000000000000000e+00 1
3.6551600081550168e-03 -2.3721735874059813e-01 0.0000000000000000e+00 1
1.5362661203899963e-02 -2.4394207336966317e-01 0.0000000000000000e+00 1
2.1853679128039308e-01 1.5498691118274344e-01 0.0000000000000000e+00 1
1.0250714482700514e-01 1.8005161520083401e-01 0.0000000000000000e+00 1
1.5221041916312056e-01 -4.0511589769760675e-01 0.0000000000000000e+00 1
3.3353387413439569e-03 1.6173940692823199e-02 0.0000000000000000e+00 1
-2.5435130214974760e-01 2.5235574792271737e-01 0.0000000000000000e+00 1
-1.7050810300979607e-01 2.8599366020167338e-01 0.0000000000000000e+00 1
8.2228011740210008e-02 -3.8675609356101448e-01 0.0000000000000000e+00 1
8.3621321151667066e-02 -3.9781859057344976e-01 0.0000000000000000e+00 1
7.4000068049921708e-02 -4.0470827828041411e-01 0.0000000000000000e+00 1
8.4624088998258379e-02 -4.0956917592723369e-01 0.0000000000000000e+00 1
7.3330201506793022e-02 -4.1605318128499880e-01 0.0000000000000000e+00 1
1.5067337664224120e-01 -1.8976506526394671e-01 0.0000000000000000e+00 1
-1.9258032691724142e-01 2.8387323635045769e-01 0.0000000000000000e+00 1
-2.2974169087398649e-01 1.5485328265216658e-01 0.0000000000000000e+00 1
-2.3594041087216860e-01 2.7786069818306181e-01 0.0000000000000000e+00 1
7.8699453701147948e-02 2.3716369598909902e-02 0.0000000000000000e+00 1
6.5233585329833282e-02 2.9071463356685187e-02 0.0000000000000000e+00 1
-1.6934881601041139e-02 -2.8218098141168224e-01 0.0000000000000000e+00 1
2.1522631550407745e-01 -1.7701733033556144e-01 0.0000000000000000e+00 1
2.0297557336606711e-01 -1.8526539164732173e-01 0.0000000000000000e+00 1
1.4922425047638777e-01 2.4230163384900089e-01 0.0000000000000000e+00 1
2.1203874102584311e-01 -1.4767873803720966e-01 0.0000000000000000e+00 1
1.7782232881079291e-01 3.5268987930804387e-02 0.0000000000000000e+00 1
-8.6600652384038079e-02 1.4653195540992367e-01 0.0000000000000000e+00 1
6.0343979468776232e-02 2.8151984650597228e-01 0.0000000000000000e+00 1
8.2614859652641232e-02 2.8273122212399127e-01 0.0000000000000000e+00 1
1.0269714170399560e-01 -2.2245254260455682e-01 0.0000000000000000e+00 1
-1.5030925270921441e-01 1.6021262802086642e-02 0.0000000000000000e+00 1
-1.3692503935156761e-01 1.0009964958089770e-02 0.0000000000000000e+00 1
-1.2554575103264887e-01 1.8759416475686384e-02 0.0000000000000000e+00 1
1.9565667653491664e-01 2.6200439254014773e-01 0.0000000000000000e+00 1
1.0045518714698434e-01 -1.9421358156247473e-01 0.0000000000000000e+00 1
-2.2109426325279805e-01 1.0187744774154013e-01 0.0000000000000000e+00 1
-8.3005479218686451e-02 -1.4335240772183989e-02 0.0000000000000000e+00 1
-8.5870972878588803e-02 8.8534265527487810e-04 0.0000000000000000e+00 1
-7.2026580451661895e-02 -5.3217928120099841e-03 0.0000000000000000e+00 1
4.6759407072858139e-02 1.6757276113007244e-01 0.0000000000000000e+00 1
4.5559542466607955e-02 1.8078873325456390e-01 0.0000000000000000e+00 1
1.8702338466808313e-01 1.3066534795467452e-01 0.0000000000000000e+00 1
-1.8746619358996525e-01 5.0877774462591372e-03 0.0000000000000000e+00 1
1.2846991947342284e-01 1.1728128768629442e-01 0.0000000000000000e+00 1
1.3964227832908321e-01 1.2525106324065433e-01 0.0000000000000000e+00 1
2.3735809020586979e-01 1.7188600604101806e-01 0.0000000000000000e+00 1
-1.8116779480605470e-03 -1.7779231776012153e-01 0.0000000000000000e+00 1
-2.5259348508948737e-01 2.2905148642422363e-01 0.0000000000000000e+00 1
-4.2245398244713551e-02 -1.6044522232551384e-01 0.0000000000000000e+00 1
-3.0665205416078134e-01 1.5334445786690948e-01 0.0000000000000000e+00 1
1.1731277625581084e-01 2.0922716446743123e-02 0.0000000000000000e+00 1
2.0115462500088321e-01 -4.4649335021276999e-02 0.0000000000000000e+00 1
-1.6926407275975913e-01 -4.5446220274177412e-02 0.0000000000000000e+00 1
-1.5737562038304201e-01 -3.6604513560438742e-02 0.0000000000000000e+00 1
-1.8886740886543414e-02 2.8167193369131988e-01 0.0000000000000000e+00 1
-6.7125226905792434e-03 2.7611543802914673e-01 0.0000000000000000e+00 1
-1.7592766934259683e-02 2.6837494378332855e-01 0.0000000000000000e+00 1
-5.4341124650056491e-03 2.6292229241236803e-01 0.0000000000000000e+00 1
-1.4182929679672499e-01 -5.7827182252071931e-02 0.0000000000000000e+00 1
-1.2800247563987968e-01 -6.3955149365328923e-02 0.0000000000000000e+00 1
-1.2663914947795865e-01 -7.8892664703782284e-02 0.0000000000000000e+00 1
-1.2998318054721936e-01 -4.8883560402443585e-02 0.0000000000000000e+00 1
2.3303726828559451e-02 2.1163249447560120e-01 0.0000000000000000e+00 1
3.3273080985496126e-02 2.1937937099580124e-01 0.0000000000000000e+00 1
4.5959131817840525e-02 2.1333451534964021e-01 0.0000000000000000e+00 1
1.4616169054939007e-01 -1.3228882143091852e-01 0.0000000000000000e+00 1
1.2958242689483793e-01 2.2689008405742059e-01 0.0000000000000000e+00 1
-3.2462663968486079e-02 1.8591162759567462e-01 0.0000000000000000e+00 1
-3.3763967395491895e-02 1.9925422271378715e-01 0.0000000000000000e+00 1
-2.3006895219912161e-02 2.0717721728394151e-01 0.0000000000000000e+00 1
-4.6103178566480427e-02 2.0476792938236268e-01 0.0000000000000000e+00 1
-5.7172652269241134e-02 1.2227176666931540e-01 0.0000000000000000e+00 1
-3.4505585260386482e-02 -2.3391677900746144e-01 0.0000000000000000e+00 1
3.1425735511483373e-02 2.3279513246225964e-01 0.0000000000000000e+00 1
7.1094943438664279e-02 9.0014691344277378e-02 0.0000000000000000e+00 1
-1.5193169913335622e-01 3.0497207239278238e-02 0.0000000000000000e+00 1
1.3994714649209883e-01 -7.3186969204033586e-02 0.0000000000000000e+00 1
-1.3695099086920073e-01 -1.0317691074257870e-01 0.0000000000000000e+00 1
-1.2521796262919399e-01 -9.4115479179669698e-02 0.0000000000000000e+00 1
9.3551492458166366e-02 1.0673395499617984e-01 0.0000000000000000e+00 1
5.0334460225653944e-02 -2.0295038072249327e-01 0.0000000000000000e+00 1
2.2323256583304651e-01 1.2812055836319605e-01 0.0000000000000000e+00 1
2.3604181438589716e-01 1.2344307681336393e-01 0.0000000000000000e+00 1
-4.9579119271052886e-02 -2.1349774483319431e-01 0.0000000000000000e+00 1
2.0743209447652988e-01 2.4704725954675339e-02 0.0000000000000000e+00 1
1.4318266848017261e-01 -1.0290521450851300e-01 0.0000000000000000e+00 1
4.5552591002849141e-02 -2.4818101793977343e-01 0.0000000000000000e+00 1
-7.8532578129492131e-02 -1.8688475438530064e-01 0.0000000000000000e+00 1
3.0775974045361707e-03 -1.0937482841367785e-01 0.0000000000000000e+00 1
2.5651391832289655e-01 7.7649778415444612e-02 0.0000000000000000e+00 1
-6.0455510539576401e-02 -1.0898105711020772e-01 0.0000000000000000e+00 1
-1.1922369807609841e-01 1.4993069014081731e-01 0.0000000000000000e+00 1
-1.2151820456353138e-01 1.6377802516116485e-01 0.0000000000000000e+00 1
-1.3312821853258094e-01 1.6938422208194026e-01 0.0000000000000000e+00 1
-6.3498399657392054e-02 -7.9285918857651794e-02 0.0000000000000000e+00 1
-6.9446980924146556e-02 1.2819800024888434e-01 0.0000000000000000e+00 1
-5.9662251065122886e-02 1.3616124648675038e-01 0.0000000000000000e+00 1
-7.1790289253297362e-02 1.4175381147933691e-01 0.0000000000000000e+00 1
-1.2230367643390599e-01 2.6442715060512428e-01 0.0000000000000000e+00 1
-1.0791107359424542e-02 2.0167767421667060e-01 0.0000000000000000e+00 1
7.9078421981423397e-02 -1.0147118689825096e-01 0.0000000000000000e+00 1
-2.9818040180456726e-02 2.7383448154666606e-01 0.0000000000000000e+00 1
-1.3869372741537181e-01 -8.7949755672257851e-02 0.0000000000000000e+00 1
-1.6920885202650240e-01 2.7281948384199139e-01 0.0000000000000000e+00 1
1.0435044997755123e-01 2.7238481900484157e-01 0.0000000000000000e+00 1
6.9963148859162563e-02 -1.3931169038785027e-01 0.0000000000000000e+00 1
2.5661700636457024e-01 -1.8123722132982856e-01 0.0000000000000000e+00 1
2.6678796635537932e-01 -1.7051439624620127e-01 0.0000000000000000e+00 1
1.5286091854470329e-01 2.1691391368548224e-01 0.0000000000000000e+00 1
-1.4436103161282982e-01 1.6146190349098383e-01 0.0000000000000000e+00 1
-1.6155947933083123e-01 3.1894308505813351e-01 0.0000000000000000e+00 1
-1.8629417617424951e-01 1.1232628776545600e-01 0.0000000000000000e+00 1
-7.4753240353655076e-02 2.5583685672202872e-01 0.0000000000000000e+00 1
1.3145545760268831e-01 -3.9769746370195325e-01 0.0000000000000000e+00 1
6.7144705445971176e-02 -1.1003762500544674e-01 0.0000000000000000e+00 1
8.7435654137022562e-02 2.2282342894788590e-01 0.0000000000000000e+00 1
6.3428637793205818e-03 -1.3866677088551405e-01 0.0000000000000000e+00 1
-6.8664622605052609e-03 1.6007892444308006e-01 0.0000000000000000e+00 1
-1.6218004521903244e-02 -4.4486670545264048e-02 0.0000000000000000e+00 1
-5.9810368121115780e-02 2.2364288661091497e-01 0.0000000000000000e+00 1
1.5027449742504008e-02 -1.0065401667415264e-01 0.0000000000000000e+00 1
1.3124485453301754e-01 -1.1173574066283742e-01 0.0000000000000000e+00 1
5.9744652213739965e-02 -3.5138617481478995e-01 0.0000000000000000e+00 1
1.3833754201123605e-01 -5.8378360142744126e-02 0.0000000000000000e+00 1
3.5811881177449975e-02 -5.3996068233647006e-02 0.0000000000000000e+00 1
1.2165522774892421e-01 -2.2948833963814412e-02 0.0000000000000000e+00 1
-1.2610235610160671e-02 -2.0253320257975488e-01 0.0000000000000000e+00 1
-4.7613870535489961e-02 1.1088543812705437e-02 0.0000000000000000e+00 1
-5.7019370224689732e-02 1.9693392572927532e-01 0.0000000000000000e+00 1
-4.8963312230878533e-02 2.3149157818829863e-01 0.0000000000000000e+00 1
-4.7527569985810016e-02 2.1814352837564199e-01 0.0000000000000000e+00 1
-1.0186020514982574e-01 1.7927960619617911e-01 0.0000000000000000e+00 1
-9.1140505556973006e-02 1.8683336160862843e-01 0.0000000000000000e+00 1
4.9193209811852968e-02 -5.9982553045187778e-02 0.0000000000000000e+00 1
1.9999661301875776e-01 -1.5621014532426003e-01 0.0000000000000000e+00 1
-2.4733897955907230e-01 1.2651466657396288e-01 0.0000000000000000e+00 1
-4.5829389183716415e-02 3.1950163495319539e-01 0.0000000000000000e+00 1
2.5555291870274965e-01 -1.9630458860026032e-01 0.0000000000000000e+00 1
-9.5173095979996805e-02 2.2684849258231632e-01 0.0000000000000000e+00 1
-9.3830973424665565e-02 2.1349433891813926e-01 0.0000000000000000e+00 1
-6.3852520480720279e-02 2.6367466087033048e-01 0.0000000000000000e+00 1
-1.3941167993953141e-01 1.1908988933172701e-01 0.0000000000000000e+00 1
-4.3769269748831904e-03 2.4941971000808061e-01 0.0000000000000000e+00 1
4.6462645247867793e-02 3.1243056458799673e-01 0.0000000000000000e+00 1
4.4978406334245852e-02 3.2469113563290647e-01 0.0000000000000000e+00 1
3.3725956858093493e-02 3.3037773984200824e-01 0.0000000000000000e+00 1
2.3421998058945966e-02 3.2306922878003497e-01 0.0000000000000000e+00 1
1.1821151000614817e-02 3.2945471533809806e-01 0.0000000000000000e+00 1
5.3014909747848707e-03 3.4197762978791069e-01 0.0000000000000000e+00 1
-2.8568302433920265e-03 3.3179573945878466e-01 0.0000000000000000e+00 1
1.5599107272309041e-02 1.3072092353880752e-01 0.0000000000000000e+00 1
2.5063265106426896e-01 -1.5096353163588030e-01 0.0000000000000000e+00 1
-1.7098040724571420e-01 -3.0497486509844782e-02 0.0000000000000000e+00 1
-2.3589863485946236e-01 1.3434138345061936e-01 0.0000000000000000e+00 1
1.0162995244109604e-01 -6.9481667596047611e-02 0.0000000000000000e+00 1
9.9887820566293750e-02 -5.4714472126392577e-02 0.0000000000000000e+00 1
7.4499758570471905e-02 -5.7328300384399816e-02 0.0000000000000000e+00 1
1.3512285102544562e-02 -8.5928965098268167e-02 0.0000000000000000e+00 1
1.2203410089576175e-01 3.0832889448110767e-01 0.0000000000000000e+00 1
3.4769215543603113e-02 8.0715174947770141e-02 0.0000000000000000e+00 1
2.2546398629725368e-02 7.3028299961177212e-02 0.0000000000000000e+00 1
8.4312467970435040e-03 7.9822648480249017e-02 0.0000000000000000e+00 1
3.2316204517164562e-02 9.5716104381892125e-02 0.0000000000000000e+00 1
1.8204048821571164e-01 -1.0624651330449233e-01 0.0000000000000000e+00 1
1.5951554894362452e-01 -1.5273830509562475e-01 0.0000000000000000e+00 1
1.7339007275093055e-01 1.4892798721883749e-01 0.0000000000000000e+00 1
-5.6079922031862892e-02 -1.5421673194619362e-01 0.0000000000000000e+00 1
6.1334723591901709e-02 1.3604426217132892e-01 0.0000000000000000e+00 1
-1.8856519295777016e-01 1.9710254364075072e-02 0.0000000000000000e+00 1
5.0806296815368107e-02 -7.4663152246249864e-02 0.0000000000000000e+00 1
-5.7375603885154811e-03 -2.1398155773295336e-02 0.0000000000000000e+00 1
-2.8142305148771324e-01 1.1668017973984462e-01 0.0000000000000000e+00 1
6.2670955862491939e-02 -1.9134909468584294e-01 0.0000000000000000e+00 1
-3.4266254348482864e-02 -1.2066854980275397e-01 0.0000000000000000e+00 1
-7.7035215687058664e-02 -2.0183234951576209e-01 0.0000000000000000e+00 1
-7.5328560916140652e-02 -2.1627245166255471e-01 0.0000000000000000e+00 1
5.2893657555715132e-03 2.7034030677149379e-01 0.0000000000000000e+00 1
-8.6976261786749387e-02 2.6133391965260883e-01 0.0000000000000000e+00 1
2.8481454473360025e-02 -1.0664699192515201e-01 0.0000000000000000e+00 1
2.9778127788497900e-03 -3.5554573424650826e-01 0.0000000000000000e+00 1
7.4660370710295902e-03 -3.6769009867345992e-01 0.0000000000000000e+00 1
-2.2168418972371696e-02 3.2242544253783362e-01 0.0000000000000000e+00 1
-1.0527736346041827e-01 -4.6200236467240141e-02 0.0000000000000000e+00 1
-1.0739325753483143e-01 2.3237747585933677e-01 0.0000000000000000e+00 1
-6.5095011826952875e-02 1.6259641505347242e-01 0.0000000000000000e+00 1
3.2744933253435082e-02 -2.4794885985090456e-02 0.0000000000000000e+00 1
-2.1642878782791722e-01 1.9318383941968145e-01 0.0000000000000000e+00 1
1.0050713333785606e-01 -3.2183898438442143e-01 0.0000000000000000e+00 1
1.6062520689508808e-01 -2.6229267330016768e-02 0.0000000000000000e+00 1
-1.0474483624077642e-01 2.0575390547353634e-01 0.0000000000000000e+00 1
-2.8694296630878292e-03 -5.0571886619147043e-02 0.0000000000000000e+00 1
-2.5409055724625158e-02 -8.2495991607579908e-02 0.0000000000000000e+00 1
8.4680777839298838e-03 -2.9327747994035119e-01 0.0000000000000000e+00 1
-2.5602010844506662e-01 9.1749537017753430e-02 0.0000000000000000e+00 1
1.5900202522770848e-01 -1.1494454603673342e-02 0.0000000000000000e+00 1
-4.4620607365241288e-02 3.0608390274625530e-01 0.0000000000000000e+00 1
-2.8563006545999688e-02 2.6051324664485892e-01 0.0000000000000000e+00 1
1.3649042882785645e-01 1.6485439088847578e-01 0.0000000000000000e+00 1
-8.9650088194333899e-02 2.8801625866061276e-01 0.0000000000000000e+00 1
-3.6717794185536237e-02 2.2600362913400357e-01 0.0000000000000000e+00 1
1.7978019394339287e-01 2.4912735353816920e-01 0.0000000000000000e+00 1
-1.6014177648851541e-01 -1.3635565776905406e-01 0.0000000000000000e+00 1
-1.5919864381831347e-01 -1.5092652196578488e-01 0.0000000000000000e+00 1
1.6881217611634416e-01 1.7484128456580683e-01 0.0000000000000000e+00 1
2.1563028570192636e-01 9.1983056866756632e-02 0.0000000000000000e+00 1
-4.0365798503590664e-02 1.5152938592624232e-01 0.0000000000000000e+00 1
-2.2750738400608075e-01 3.8106415009260042e-02 0.0000000000000000e+00 1
1.6212581675186702e-02 -2.5788816055575203e-01 0.0000000000000000e+00 1
2.6382321104256482e-02 1.3841024070476524e-01 0.0000000000000000e+00 1
9.4868661078430894e-02 -1.0965272975899392e-02 0.0000000000000000e+00 1
-9.4833932639705701e-02 -1.5070830425418374e-01 0.0000000000000000e+00 1
1.0321953815522802e-01 -3.9498693468166907e-01 0.0000000000000000e+00 1
2.8425662433609850e-02 1.8806324755759749e-02 0.0000000000000000e+00 1
-1.8999628152121029e-02 -1.5408093850379688e-02 0.0000000000000000e+00 1
-1.5928939730905903e-01 8.7348787907513020e-02 0.0000000000000000e+00 1
1.6601733425456889e-02 -1.1530666047889672e-01 0.0000000000000000e+00 1
8.2890343145113315e-02 1.5190081962942548e-01 0.0000000000000000e+00 1
4.1378207576897981e-02 1.0561349073672656e-01 0.0000000000000000e+00 1
1.4256618294725312e-01 2.3792642770366846e-02 0.0000000000000000e+00 1
-1.9406968022551940e-01 2.9630867441546366e-01 0.0000000000000000e+00 1
-6.5171137382796271e-02 2.7703394921197183e-01 0.0000000000000000e+00 1
-1.4255064212423799e-01 2.3573353441274283e-01 0.0000000000000000e+00 1
-7.6089185637404938e-02 2.6916498860369925e-01 0.0000000000000000e+00 1
-1.7863271377773537e-01 -8.4435687289132172e-02 0.0000000000000000e+00 1
-2.7309626936229636e-01 1.5013618130865086e-01 0.0000000000000000e+00 1
9.6082644032249684e-02 -1.5141960102048371e-01 0.0000000000000000e+00 1
5.6358744052212764e-02 -7.6254045653917305e-03 0.0000000000000000e+00 1
2.3748819052785253e-01 -1.8092898503878612e-02 0.0000000000000000e+00 1
2.5031901817175073e-01 -2.4305310750125462e-02 0.0000000000000000e+00 1
-1.0229026894784680e-01 -7.5989365676470536e-02 0.0000000000000000e+00 1
-2.2371535739534024e-01 1.2907884421111337e-01 0.0000000000000000e+00 1
-1.0467930485843581e-01 3.2004609818103602e-01 0.0000000000000000e+00 1
-9.3918064302405180e-02 3.3015333791205231e-01 0.0000000000000000e+00 1
-1.1764156153775679e-01 3.2418924995833975e-01 0.0000000000000000e+00 1
2.4049717507168988e-01 -4.7940092184926161e-02 0.0000000000000000e+00 1
2.4526898679867526e-01 6.7399692032685782e-02 0.0000000000000000e+00 1
2.4755242730870100e-01 5.1285793613159422e-02 0.0000000000000000e+00 1
-1.1676934938726022e-01 -1.9844738173246659e-01 0.0000000000000000e+00 1
6.4143494469413535e-03 2.5710767106719096e-01 0.0000000000000000e+00 1
1.2835213194199668e-01 -3.6539320266009889e-01 0.0000000000000000e+00 1
-7.7414288273427806e-02 2.8250446424071990e-01 0.0000000000000000e+00 1
-1.5462076290183982e-01 2.4123348068312139e-01 0.0000000000000000e+00 1
-2.3013747872068575e-02 -3.3186630019604402e-01 0.0000000000000000e+00 1
-6.6508856671531585e-02 -4.9769666222818844e-02 0.0000000000000000e+00 1
3.1593321404101232e-02 -1.3580852823555636e-01 0.0000000000000000e+00 1
2.3461864571083252e-01 -1.1549393616647248e-01 0.0000000000000000e+00 1
7.9910503249689846e-02 1.1137141582879857e-01 0.0000000000000000e+00 1
-1.0335744298966211e-01 1.9243672288036406e-01 0.0000000000000000e+00 1
-2.2986472873677749e-01 6.6197792788291354e-02 0.0000000000000000e+00 1
2.7163498008079651e-01 -7.1720732761732214e-02 0.0000000000000000e+00 1
1.3412921195854949e-01 -1.5508040129334882e-01 0.0000000000000000e+00 1
-2.6523958989427243e-01 1.6994798060648256e-01 0.0000000000000000e+00 1
-3.8746366939330402e-02 -7.6400744460706022e-02 0.0000000000000000e+00 1
-2.1392937597938558e-01 1.7338366966963191e-02 0.0000000000000000e+00 1
1.9799192078223837e-01 -1.4804680915525241e-02 0.0000000000000000e+00 1
-4.0762520721560017e-02 -1.7543844885085058e-01 0.0000000000000000e+00 1
-4.2687831435588075e-02 -3.2431684388499374e-02 0.0000000000000000e+00 1
-2.9704723468798450e-01 5.6764947310073033e-02 0.0000000000000000e+00 1
2.3563437060122297e-01 -3.1907561087953368e-03 0.0000000000000000e+00 1
-1.2362546767119170e-01 2.7767851487838591e-01 0.0000000000000000e+00 1
5.2264179433941294e-02 2.4928655523966617e-01 0.0000000000000000e+00 1
2.4994054935297105e-01 1.1986331472462647e-01 0.0000000000000000e+00 1
1.8358084739630551e-01 -1.2093857692610183e-01 0.0000000000000000e+00 1
-1.8909654010798940e-01 2.4477374603122684e-01 0.0000000000000000e+00 1
-2.6026955265312812e-01 -2.1695839783522870e-02 0.0000000000000000e+00 1
-2.4592307506496738e-01 -2.3354187860070798e-02 0.0000000000000000e+00 1
-2.3929976028230440e-01 -3.6435932232540769e-02 0.0000000000000000e+00 1
-2.6771482910695787e-01 -8.2864145540909873e-03 0.0000000000000000e+00 1
-2.3986484574092889e-01 -6.2456023704684067e-02 0.0000000000000000e+00 1
-2.2243004877720493e-01 -6.3313227634804764e-02 0.0000000000000000e+00 1
-5.4384741576262052e-02 -2.7921070955790989e-01 0.0000000000000000e+00 1
1.7088184617381619e-01 -2.7705574431686063e-03 0.0000000000000000e+00 1
-2.0176360677503546e-01 2.5724471896121190e-02 0.0000000000000000e+00 1
-8.1256074356105185e-02 -2.6812623502598160e-01 0.0000000000000000e+00 1
-7.8335587439564855e-02 -2.8306156852117331e-01 0.0000000000000000e+00 1
-6.6095624484052928e-02 -2.8807172330454139e-01 0.0000000000000000e+00 1
-1.4406509370438864e-01 -1.8599205702853053e-01 0.0000000000000000e+00 1
-1.4240800732405123e-01 -2.0111550997425520e-01 0.0000000000000000e+00 1
-1.2856530936000929e-01 -2.0702288095502486e-01 0.0000000000000000e+00 1
-2.4711219094943729e-01 -4.9064352152181669e-02 0.0000000000000000e+00 1
1.0826332107149647e-01 -1.6937015616685740e-02 0.0000000000000000e+00 1
-3.5238619630731272e-02 2.1261941450784397e-01 0.0000000000000000e+00 1
-1.3447314300074778e-01 2.6977936043330220e-01 0.0000000000000000e+00 1
6.1986429205022543e-02 5.5492612638314016e-02 0.0000000000000000e+00 1
-3.3172751271103246e-01 1.6514021463178857e-01 0.0000000000000000e+00 1
-2.1012964347731436e-01 -2.6667629706478645e-02 0.0000000000000000e+00 1
-1.1491192739125949e-01 1.0821385885216883e-01 0.0000000000000000e+00 1
6.8531322582224760e-02 1.8282606842414661e-01 0.0000000000000000e+00 1
-2.0761380254763745e-01 -5.6542294191554057e-02 0.0000000000000000e+00 1
-1.0725723629764028e-01 -1.5964226743280047e-01 0.0000000000000000e+00 1
-1.0839992381776779e-01 9.1920329568597553e-02 0.0000000000000000e+00 1
8.0700107122322090e-02 -3.4952627755935828e-01 0.0000000000000000e+00 1
2.2676480034885460e-01 1.0047719133812669e-01 0.0000000000000000e+00 1
4.0341333570134946e-02 -3.7957040628393018e-01 0.0000000000000000e+00 1
1.3185500991916277e-01 3.1335135022693184e-01 0.0000000000000000e+00 1
-1.7237236788546734e-01 -1.4457677609255559e-01 0.0000000000000000e+00 1
-7.3087111500546936e-04 -1.9341749091939930e-01 0.0000000000000000e+00 1
5.7877640754757667e-02 -2.2187813057953656e-02 0.0000000000000000e+00 1
8.4453392955145340e-02 -1.5982995984220605e-01 0.0000000000000000e+00 1
-1.4039064874257745e-01 3.8944069458263689e-02 0.0000000000000000e+00 1
6.0810868151319017e-02 9.6111854180614936e-02 0.0000000000000000e+00 1
1.7388534892152557e-01 -2.5082423176145935e-01 0.0000000000000000e+00 1
1.1983914638856859e-01 8.2220967656929378e-02 0.0000000000000000e+00 1
-5.4971834118652772e-02 -3.1978744735447773e-01 0.0000000000000000e+00 1
2.7710585498814607e-02 2.7196868631027993e-01 0.0000000000000000e+00 1
1.7564915040967485e-01 1.2227374052845461e-01 0.0000000000000000e+00 1
-1.9444662022866280e-01 7.6585740373332309e-02 0.0000000000000000e+00 1
-2.2495385387075423e-01 -8.9327717581257335e-02 0.0000000000000000e+00 1
-2.1712019786472617e-01 -1.0244948484578535e-01 0.0000000000000000e+00 1
-2.7666194242062625e-01 4.8043784679722611e-02 0.0000000000000000e+00 1
-1.3104517638244131e-01 -2.3121131800701988e-01 0.0000000000000000e+00 1
1.5498062498209333e-01 9.2364289789730963e-02 0.0000000000000000e+00 1
-1.7604349292107313e-01 -1.6880671171999276e-01 0.0000000000000000e+00 1
-1.6758111730035843e-01 -1.8135571310568133e-01 0.0000000000000000e+00 1
6.6138791367002500e-02 -2.1921377139379039e-01 0.0000000000000000e+00 1
1.7724919772441597e-01 -6.1940856765399212e-02 0.0000000000000000e+00 1
1.6705035838441687e-01 1.8753247624508396e-01 0.0000000000000000e+00 1
1.1211228762721126e-01 -1.8596033332408171e-01 0.0000000000000000e+00 1
4.6063626089311201e-02 -3.0778453935225936e-02 0.0000000000000000e+00 1
-1.2331309499579470e-02 2.1508846554627359e-01 0.0000000000000000e+00 1
1.6641000765783686e-02 1.0314498017751923e-02 0.0000000000000000e+00 1
2.6501684375247220e-02 2.8485008049137811e-01 0.0000000000000000e+00 1
2.6992846427091566e-01 -2.6508986333839600e-02 0.0000000000000000e+00 1
-2.0474298854471196e-01 3.2982577708601629e-01 0.0000000000000000e+00 1
2.2607584476582213e-04 4.4546629138600954e-02 0.0000000000000000e+00 1
2.0737523025585397e-01 5.5310323301150856e-02 0.0000000000000000e+00 1
-2.2015793847721413e-01 2.1202989463778327e-01 0.0000000000000000e+00 1
-3.0175659054773718e-01 6.9928278881897274e-02 0.0000000000000000e+00 1
2.3187993747311714e-01 1.4988977591681971e-01 0.0000000000000000e+00 1
-3.2898215227802383e-02 -2.4816983222170952e-01 0.0000000000000000e+00 1
-8.9650202423653125e-02 9.9751389350712885e-02 0.0000000000000000e+00 1
-2.2249328979782024e-01 2.4849870968116408e-01 0.0000000000000000e+00 1
1.3221536805598944e-01 -1.2616209662926925e-01 0.0000000000000000e+00 1
-7.8758716931331213e-02 2.9589464843885216e-01 0.0000000000000000e+00 1
-1.2803865839488696e-01 3.4167548524278440e-01 0.0000000000000000e+00 1
1.8035772177223974e-01 8.1014644009191908e-02 0.0000000000000000e+00 1
2.4820771333121577e-01 -9.3321437300739035e-03 0.0000000000000000e+00 1
-1.7575942595491615e-02 -2.9903837414802237e-02 0.0000000000000000e+00 1
-2.0344715231626245e-01 2.7517656173085558e-01 0.0000000000000000e+00 1
1.5924480996735338e-01 2.6844833154717396e-01 0.0000000000000000e+00 1
9.8793138422948568e-02 2.1755356551697366e-01 0.0000000000000000e+00 1
-1.9301628256428061e-01 6.2555086885802455e-02 0.0000000000000000e+00 1
2.3400436915600112e-01 1.3702683285342548e-01 0.0000000000000000e+00 1
1.1587631411698447e-01 -2.4215164518969459e-01 0.0000000000000000e+00 1
1.0982400645614762e-01 -3.1467108052765008e-02 0.0000000000000000e+00 1
-3.5034831010101991e-02 3.2799856567932328e-01 0.0000000000000000e+00 1
8.1030099967168839e-02 3.0631046582789634e-01 0.0000000000000000e+00 1
8.1631723689714261e-02 3.1620585657908468e-01 0.0000000000000000e+00 1
8.9330006174528881e-02 3.2375288807277602e-01 0.0000000000000000e+00 1
-3.2775916583356584e-03 7.2144581578159339e-02 0.0000000000000000e+00 1
1.4664282154470665e-01 -1.4669445349699906e-01 0.0000000000000000e+00 1
-1.3721377170472623e-01 2.9605264205113557e-01 0.0000000000000000e+00 1
-3.5466169460961844e-02 3.4249914342476617e-01 0.0000000000000000e+00 1
2.6382030972319497e-02 -3.5035849234730371e-01 0.0000000000000000e+00 1
-1.6805873926654735e-01 3.3677528713778565e-01 0.0000000000000000e+00 1
-1.3872378424311754e-01 2.4564800444522306e-02 0.0000000000000000e+00 1
-3.2159979352166457e-01 2.0711160888675298e-01 0.0000000000000000e+00 1
-3.2153857693006699e-01 1.9539156835914206e-01 0.0000000000000000e+00 1
-2.6713964421504710e-01 8.4008109243991019e-02 0.0000000000000000e+00 1
1.7250653241141795e-01 -1.7462695191145149e-02 0.0000000000000000e+00 1
9.6671583404970562e-02 -2.8378666602067981e-01 0.0000000000000000e+00 1
1.8160133163005562e-02 -1.2992609972388830e-01 0.0000000000000000e+00 1
-1.7719306689062633e-01 -9.9624491381133246e-02 0.0000000000000000e+00 1
7.4326276073920547e-02 2.4102082110687451e-01 0.0000000000000000e+00 1
2.4674814637569342e-01 -1.0676037112116381e-01 0.0000000000000000e+00 1
1.9389546107224059e-01 -3.0738930668639175e-01 0.0000000000000000e+00 1
1.9550263023430933e-01 -1.1225405788695231e-01 0.0000000000000000e+00 1
-2.7291314039441084e-01 2.1742548553570473e-01 0.0000000000000000e+00 1
-1.8787786043760962e-01 2.3183755948589835e-01 0.0000000000000000e+00 1
2.6714679849002920e-01 -2.1915993462962305e-01 0.0000000000000000e+00 1
-1.4117623104211258e-01 2.2237263414683808e-01 0.0000000000000000e+00 1
4.7554222960295836e-02 -4.5364216727829469e-02 0.0000000000000000e+00 1
-1.0167873625095565e-01 3.4305339175634880e-01 0.0000000000000000e+00 1
-6.2225224587777753e-02 3.4495186858672311e-01 0.0000000000000000e+00 1
-8.8567436416130657e-02 3.4389325789009234e-01 0.0000000000000000e+00 1
-8.0093198191730566e-02 3.0931367197361570e-01 0.0000000000000000e+00 1
8.4346264182037306e-02 -2.7851078173103544e-01 0.0000000000000000e+00 1
-7.5116188457333422e-02 -2.9809951165625376e-01 0.0000000000000000e+00 1
-3.1511170913690650e-01 1.0654265617109479e-01 0.0000000000000000e+00 1
-7.7636014228579228e-02 9.3242491289737300e-02 0.0000000000000000e+00 1
1.0692784013873616e-02 2.1734105853987343e-01 0.0000000000000000e+00 1
-4.5347308934986015e-02 -3.2954366124281576e-01 0.0000000000000000e+00 1
5.6953780149900005e-02 1.8773934772628245e-01 0.0000000000000000e+00 1
-1.9610729161635593e-01 1.9806852169997641e-01 0.0000000000000000e+00 1
6.1026117656634071e-02 -5.1355451428584761e-02 0.0000000000000000e+00 1
1.1258878115419713e-01 1.8766890465677361e-01 0.0000000000000000e+00 1
2.3588616716956981e-01 -3.0481788690599176e-01 0.0000000000000000e+00 1
-1.8876955321395172e-01 -1.0843294073901906e-01 0.0000000000000000e+00 1
-1.2627750784481900e-01 3.0418164425719885e-01 0.0000000000000000e+00 1
-1.4154086734213905e-01 3.3695419189709996e-01 0.0000000000000000e+00 1
4.4666246328480132e-02 3.3761812832390481e-01 0.0000000000000000e+00 1
-2.2380913160531371e-01 -3.5725265044135680e-02 0.0000000000000000e+00 1
2.2590452588356438e-01 -3.1156278610464416e-01 0.0000000000000000e+00 1
-8.1046807096412002e-02 3.2298169675949451e-01 0.0000000000000000e+00 1
6.2962695156217691e-02 -4.0007627158826953e-01 0.0000000000000000e+00 1
-2.4123918894868135e-01 5.8147799259856421e-02 0.0000000000000000e+00 1
-1.5913742935950462e-01 -2.1606322731754543e-02 0.0000000000000000e+00 1
8.6335763319000225e-02 -4.8726195323478050e-02 0.0000000000000000e+00 1
-2.3203341170477781e-01 -4.9684992918796293e-02 0.0000000000000000e+00 1
9.6686668637314094e-02 2.4175449137470365e-01 0.0000000000000000e+00 1
2.1298945218710585e-01 -2.8136990091836822e-01 0.0000000000000000e+00 1
1.7864655624474857e-01 1.8258143111107450e-01 0.0000000000000000e+00 1
-1.3988451859747522e-01 2.0895667928996264e-01 0.0000000000000000e+00 1
-6.9450577966838387e-02 7.4512385279218898e-02 0.0000000000000000e+00 1
2.3000291265862916e-01 1.9662749302064803e-01 0.0000000000000000e+00 1
-3.3318994494500653e-01 2.5355344917891992e-01 0.0000000000000000e+00 1
1.8602584776842085e-01 -2.3532372764635812e-02 0.0000000000000000e+00 1
8.3024455323735646e-02 -1.4540011228994634e-01 0.0000000000000000e+00 1
1.3536419425837934e-01 1.7776462020660161e-01 0.0000000000000000e+00 1
2.1299279157297946e-01 2.3714354471820065e-01 0.0000000000000000e+00 1
1.1412572109139989e-01 2.7888495826037663e-01 0.0000000000000000e+00 1
2.5389763483455041e-01 -2.9690104382481297e-01 0.0000000000000000e+00 1
1.3871213764261106e-01 1.3871640017914333e-01 0.0000000000000000e+00 1
-1.8003970487088294e-01 5.6697837436087764e-02 0.0000000000000000e+00 1
9.9801964563284509e-02 -3.6207974737674364e-01 0.0000000000000000e+00 1
-2.9464878268958414e-02 -3.8420746060661273e-02 0.0000000000000000e+00 1
8.1185052955675720e-03 -1.5307774621266876e-01 0.0000000000000000e+00 1
8.0292510468179687e-02 -1.1617462924168363e-01 0.0000000000000000e+00 1
1.9389316950784230e-01 -9.7655095579839937e-02 0.0000000000000000e+00 1
9.4026155458446781e-02 1.4729916056153103e-01 0.0000000000000000e+00 1
-1.2780197205549637e-01 3.1709794938270885e-01 0.0000000000000000e+00 1
-8.3933644003416109e-03 3.4352138435178714e-01 0.0000000000000000e+00 1
-3.3805602726282946e-01 1.9711964983887831e-01 0.0000000000000000e+00 1
-4.5993438761343597e-02 -2.4238473544580452e-01 0.0000000000000000e+00 1
9.4123501266052290e-02 -4.0192215498296335e-01 0.0000000000000000e+00 1
7.6219866942045661e-02 -2.9889602145049010e-01 0.0000000000000000e+00 1
1.1969380684169530e-01 -3.7175786607486178e-01 0.0000000000000000e+00 1
1.5645971364747790e-01 7.8937611900904869e-02 0.0000000000000000e+00 1
-3.2483467917838860e-01 2.3642412146714570e-01 0.0000000000000000e+00 1
-2.7638130099611502e-01 2.7263583009966408e-01 0.0000000000000000e+00 1
1.5983027380869011e-01 -3.9949043439010495e-01 0.0000000000000000e+00 1
1.3067671161287864e-01 1.5062063166780529e-02 0.0000000000000000e+00 1
-2.7830044232370210e-01 7.6332617023473867e-02 0.0000000000000000e+00 1
-2.2150570161433999e-01 2.3632852044194419e-01 0.0000000000000000e+00 1
-3.3966813923134065e-01 2.1661232624914264e-01 0.0000000000000000e+00 1
-6.1577836209526622e-02 -2.2190334947827259e-01 0.0000000000000000e+00 1
2.3115195526990914e-02 -3.8796765412950079e-01 0.0000000000000000e+00 1
-1.4560271035029415e-01 -2.7813880517024540e-02 0.0000000000000000e+00 1
1.6877458592031272e-01 7.0622835464655045e-02 0.0000000000000000e+00 1
-5.2566012158276033e-02 8.2041867393390505e-02 0.0000000000000000e+00 1
1.2512509416766676e-01 -3.4332362028946328e-01 0.0000000000000000e+00 1
1.6606241686950193e-01 -3.7325025633866649e-01 0.0000000000000000e+00 1
1.1401926790923794e-01 1.7501878753035136e-01 0.0000000000000000e+00 1
1.8412500836538043e-01 -3.1417034067299771e-01 0.0000000000000000e+00 1
8.1637031360785803e-02 -1.3083535494111354e-01 0.0000000000000000e+00 1
1.2973679074936992e-01 -9.6688543911721159e-02 0.0000000000000000e+00 1
-1.1423573155724383e-01 2.7365520423893119e-02 0.0000000000000000e+00 1
2.2305337368222000e-01 2.1955257432741609e-01 0.0000000000000000e+00 1
1.0548898239368396e-01 -1.1386911680324385e-01 0.0000000000000000e+00 1
1.9398308537842857e-01 2.2196891594489071e-01 0.0000000000000000e+00 1
-4.1347330677302868e-02 -4.6948248373253287e-02 0.0000000000000000e+00 1
6.4155471376570072e-02 -2.9403791151303948e-01 0.0000000000000000e+00 1
2.0426772268145893e-01 -1.9952532353599917e-01 0.0000000000000000e+00 1
2.4432348211350224e-01 1.4663989966313434e-01 0.0000000000000000e+00 1
-1.9301863123808022e-01 1.8271955202546777e-01 0.0000000000000000e+00 1
-2.9268368008312806e-01 2.5047506940920827e-01 0.0000000000000000e+00 1
1.1209251835056117e-01 3.2493344530185253e-01 0.0000000000000000e+00 1
-4.0748411390068691e-02 7.4399202064121983e-02 0.0000000000000000e+00 1
1.5919694621042934e-02 2.7753233860626092e-01 0.0000000000000000e+00 1
4.2663821285527821e-02 -4.0085392522232255e-01 0.0000000000000000e+00 1
1.8759641448125991e-01 -3.8310118117530420e-02 0.0000000000000000e+00 1
-1.4372893725368463e-01 -4.2782917392729908e-02 0.0000000000000000e+00 1
1.1149678633805371e-01 -4.6155364591486399e-02 0.0000000000000000e+00 1
-5.3240198325535948e-02 -5.5599940136751846e-02 0.0000000000000000e+00 1
1.2813568065535810e-01 -8.1653320865300735e-02 0.0000000000000000e+00 1
2.0920498103109136e-01 2.4893942152296250e-01 0.0000000000000000e+00 1
-2.2069335648696503e-01 2.2416057432471009e-01 0.0000000000000000e+00 1
-4.7532764125338980e-02 -2.2804192487800221e-01 0.0000000000000000e+00 1
1.1318191391520123e-01 -6.0795965912558494e-02 0.0000000000000000e+00 1
1.8922089656153809e-01 -5.3326030044211471e-02 0.0000000000000000e+00 1
-2.6397462278954942e-01 2.4634609558442983e-01 0.0000000000000000e+00 1
-7.7094620576126260e-02 2.4365657756678552e-02 0.0000000000000000e+00 1
1.9222027999072766e-01 -8.3000617611736119e-02 0.0000000000000000e+00 1
2.4490377727666085e-01 -2.7341669390465612e-01 0.0000000000000000e+00 1
3.6532210105259255e-02 -3.4316713204818206e-01 0.0000000000000000e+00 1
2.3182861735769617e-01 -3.6244748688222506e-01 0.0000000000000000e+00 1
-1.6017179873910614e-01 -1.6681255802634648e-01 0.0000000000000000e+00 1
1.0038282356163306e-01 -4.2439807103560628e-01 0.0000000000000000e+00 1
2.4674865429956605e-01 -3.2285349868176771e-01 0.0000000000000000e+00 1
1.2654800518044612e-01 -6.6962208141235713e-02 0.0000000000000000e+00 1
1.5952559609381625e-01 3.0650601032850766e-01 0.0000000000000000e+00 1
1.5074953902796526e-01 3.0173665386190945e-01 0.0000000000000000e+00 1
1.7882714974633901e-01 -7.6805603071188278e-02 0.0000000000000000e+00 1
-1.1033046346881639e-01 -2.3709626470532620e-03 0.0000000000000000e+00 1
-5.2340896131637088e-02 -3.0587097171651667e-01 0.0000000000000000e+00 1
4.6886210334651006e-02 -3.3587021730112621e-01 0.0000000000000000e+00 1
-3.0153776784241371e-01 1.9674123229887963e-01 0.0000000000000000e+00 1
2.7962813409699791e-03 2.9622977077156282e-01 0.0000000000000000e+00 1
-1.1852341527225699e-01 -4.0112951962182904e-02 0.0000000000000000e+00 1
-2.4003954464123511e-01 4.4216277983669165e-02 0.0000000000000000e+00 1
2.7248702903652677e-01 -8.7316949234116731e-02 0.0000000000000000e+00 1
1.6648359155319067e-01 2.9333152997496470e-01 0.0000000000000000e+00 1
2.0995533211617248e-01 -2.4136251559444435e-01 0.0000000000000000e+00 1
-2.5223188946397274e-01 2.1769879422339999e-01 0.0000000000000000e+00 1
1.7968687678997241e-03 3.0868230660979701e-01 0.0000000000000000e+00 1
1.1842149470693245e-01 -4.3062503275716596e-01 0.0000000000000000e+00 1
1.8721935293254002e-01 -4.2008501083335942e-01 0.0000000000000000e+00 1
-5.1747651378905413e-02 -7.0346151097229082e-02 0.0000000000000000e+00 1
1.8107281421159571e-01 1.7008741056521373e-01 0.0000000000000000e+00 1
2.2273845018193666e-01 -3.8015135634088476e-01 0.0000000000000000e+00 1
1.6530148185632773e-01 -3.6249237710691301e-01 0.0000000000000000e+00 1
-7.3399045907885152e-02 -2.3056383074821823e-01 0.0000000000000000e+00 1
1.1514494316555460e-01 -2.2833664131629700e-01 0.0000000000000000e+00 1
2.0570617963376320e-01 -8.9031449362801648e-02 0.0000000000000000e+00 1
1.9292673166028299e-01 -4.0615528102971143e-01 0.0000000000000000e+00 1
-1.4611029468837888e-01 8.1572880580147722e-02 0.0000000000000000e+00 1
2.1777029019087185e-01 -8.0398354351461102e-02 0.0000000000000000e+00 1
-3.5116011931541943e-02 1.8983803435332076e-02 0.0000000000000000e+00 1
-9.8829694299766693e-02 -1.0599781153350731e-01 0.0000000000000000e+00 1
-3.5929393112114020e-03 -1.6264936333730295e-01 0.0000000000000000e+00 1
-8.8173796213669497e-02 -2.2497581145658108e-01 0.0000000000000000e+00 1
2.3154616646430426e-01 -8.6355786777845250e-02 0.0000000000000000e+00 1
-1.7535242471733928e-01 1.2102404609743103e-01 0.0000000000000000e+00 1
-3.3264789472196507e-03 -3.0184383095245604e-01 0.0000000000000000e+00 1
1.2744863090898745e-01 -4.3261896371644648e-01 0.0000000000000000e+00 1
-2.1635562461659402e-01 3.2672371800040184e-01 0.0000000000000000e+00 1
-5.0316411836453440e-02 -8.5181471793499122e-02 0.0000000000000000e+00 1
-2.0059852037990769e-01 -1.3036956751281281e-01 0.0000000000000000e+00 1
2.1199018870311484e-01 -3.9543517980493970e-01 0.0000000000000000e+00 1
-4.8835393881682621e-02 -9.9987697763580047e-02 0.0000000000000000e+00 1
1.0358968034842408e-01 2.8384812900422673e-01 0.0000000000000000e+00 1
4.0016368958062289e-03 2.8332835051355332e-01 0.0000000000000000e+00 1
5.2910156301385639e-02 -4.0613373609772729e-01 0.0000000000000000e+00 1
-9.9156109264041517e-02 -2.3398542905254383e-01 0.0000000000000000e+00 1
2.4531612890782012e-01 -9.2391978767824859e-02 0.0000000000000000e+00 1
-2.1727928561069976e-01 3.0411907506629865e-01 0.0000000000000000e+00 1
1.9509671101231954e-01 2.7273037814682671e-01 0.0000000000000000e+00 1
4.5810372503259422e-02 -3.2274050145269756e-01 0.0000000000000000e+00 1
1.2546684007899178e-01 1.7016289717265148e-01 0.0000000000000000e+00 1
2.3329727993180668e-01 4.3594810552070262e-02 0.0000000000000000e+00 1
-4.7333028089125012e-02 -1.1480687304996026e-01 0.0000000000000000e+00 1
-2.8869534178476752e-01 6.6918883941948976e-02 0.0000000000000000e+00 1
2.3788495934636517e-01 1.0953613184894695e-01 0.0000000000000000e+00 1
1.8185558547409356e-01 -3.0157894687196984e-01 0.0000000000000000e+00 1
-1.1678441049064481e-01 -5.4965465800308963e-02 0.0000000000000000e+00 1
-1.7157376473293712e-01 1.8587648893759770e-01 0.0000000000000000e+00 1
-4.5998472821670751e-02 -1.2986588592480064e-01 0.0000000000000000e+00 1
-1.1253275600406704e-01 1.2737935354310784e-02 0.0000000000000000e+00 1
-2.0209227073455049e-01 -1.0418456986516590e-01 0.0000000000000000e+00 1
-5.7664985787514986e-02 -1.3903458319990447e-01 0.0000000000000000e+00 1
-1.2077611993949375e-01 -1.5360127000999810e-01 0.0000000000000000e+00 1
-3.3070901583491852e-01 2.1216495317192130e-01 0.0000000000000000e+00 1
1.8228275970267167e-02 -3.6944299137804482e-01 0.0000000000000000e+00 1
-2.0682919060372951e-01 3.1142397139861600e-01 0.0000000000000000e+00 1
8.6232573496682799e-02 2.3513921619820721e-01 0.0000000000000000e+00 1
-3.0951414514063746e-01 2.4142052991812973e-01 0.0000000000000000e+00 1
-2.4901000362014836e-01 3.1808001010925163e-01 0.0000000000000000e+00 1
1.5290982253965960e-01 -2.6742727945611422e-01 0.0000000000000000e+00 1
1.8135070816449875e-01 2.9208687399430150e-01 0.0000000000000000e+00 1
1.1803668675132165e-01 -3.6122700235557603e-01 0.0000000000000000e+00 1
-1.1521671398455088e-01 -6.9917946512509543e-02 0.0000000000000000e+00 1
2.6869356204709738e-01 -2.0546495631838660e-01 0.0000000000000000e+00 1
5.6199978054903565e-02 -3.1454013314727142e-01 0.0000000000000000e+00 1
1.4596595042653532e-01 -4.3477620547193202e-01 0.0000000000000000e+00 1
2.0084483840341971e-01 -4.0917038871168920e-01 0.0000000000000000e+00 1
2.6294212494188873e-01 4.9158356517930199e-02 0.0000000000000000e+00 1
-2.6345696167621702e-01 2.3531120519034904e-01 0.0000000000000000e+00 1
2.0725405498402052e-01 4.0212261056299888e-02 0.0000000000000000e+00 1
2.5904851671312451e-01 -9.8015596949561717e-02 0.0000000000000000e+00 1
1.3885048316815840e-01 -2.2645800715602771e-01 0.0000000000000000e+00 1
-4.6459513013228385e-02 3.3232123567610594e-01 0.0000000000000000e+00 1
-1.5896591370889505e-02 3.3344338695558784e-01 0.0000000000000000e+00 1
-1.6927683713327285e-01 1.7224249900520278e-01 0.0000000000000000e+00 1
-2.9964257286183366e-01 1.8493322827138473e-01 0.0000000000000000e+00 1
-1.1374353785164246e-01 -8.5093946501458906e-02 0.0000000000000000e+00 1
1.9745919424695105e-01 2.5217948564476755e-01 0.0000000000000000e+00 1
2.6349309465718262e-01 -1.5697507481676637e-01 0.0000000000000000e+00 1
-7.4557755517815447e-02 9.4524737114516262e-03 0.0000000000000000e+00 1
-3.2769993572705852e-01 2.7238113901761363e-01 0.0000000000000000e+00 1
1.8475099488717250e-01 2.7752593230830669e-01 0.0000000000000000e+00 1
2.7343182345048117e-01 -1.1781876386343940e-01 0.0000000000000000e+00 1
-2.3915036380634583e-01 3.0055595702200746e-02 0.0000000000000000e+00 1
-3.3535312226882869e-01 2.6029131897962571e-01 0.0000000000000000e+00 1
9.2907318298863076e-02 2.8890177624366864e-01 0.0000000000000000e+00 1
-1.4664527733689128e-01 1.7485047318225994e-01 0.0000000000000000e+00 1
2.6920089900969491e-01 2.8742985754303956e-03 0.0000000000000000e+00 1
-3.2675433672810728e-01 1.4109710075921325e-01 0.0000000000000000e+00 1
-2.5063966031672880e-01 2.2396969924426954e-02 0.0000000000000000e+00 1
1.6919099998382420e-01 -4.2161278214732656e-01 0.0000000000000000e+00 1
2.1813421042956507e-01 2.0026242933056956e-01 0.0000000000000000e+00 1
-2.3654945077596573e-01 -1.3046339071420353e-02 0.0000000000000000e+00 1
1.0159348614544604e-01 3.1720676268041909e-01 0.0000000000000000e+00 1
-1.8036464901177285e-01 3.3495572038748123e-01 0.0000000000000000e+00 1
-1.1201741338642227e-01 -1.0007959766563004e-01 0.0000000000000000e+00 1
-2.6249376310068362e-01 1.4651551586605105e-02 0.0000000000000000e+00 1
-1.2430461602971493e-01 1.7776248211634776e-01 0.0000000000000000e+00 1
1.6029064572325870e-02 -3.5878957296893133e-01 0.0000000000000000e+00 1
-2.7889210476891152e-01 3.0572110248294471e-01 0.0000000000000000e+00 1
-3.3033277531932209e-01 2.0263065263283353e-01 0.0000000000000000e+00 1
2.5138484560632723e-01 -3.9354993714469336e-02 0.0000000000000000e+00 1
7.4489716902745917e-02 2.5235835990243005e-01 0.0000000000000000e+00 1
-9.7277210756735344e-02 -1.2076556155653376e-01 0.0000000000000000e+00 1
1.6715424769346776e-01 3.0197840952423372e-01 0.0000000000000000e+00 1
-1.0891387101467792e-01 -1.2980129810838420e-01 0.0000000000000000e+00 1
-1.1176507831315574e-01 1.7129167537160217e-01 0.0000000000000000e+00 1
1.5675128703518953e-01 6.6910085047440754e-02 0.0000000000000000e+00 1
3.1134293999312883e-02 3.4170275601485267e-01 0.0000000000000000e+00 1
-1.9679100308686326e-01 3.2088310627042355e-01 0.0000000000000000e+00 1
-1.5092489959415753e-01 3.2635401634745614e-01 0.0000000000000000e+00 1
-1.0786549009832197e-01 -1.4460972817041257e-01 0.0000000000000000e+00 1
-3.1150222032797314e-01 9.3989420041537874e-02 0.0000000000000000e+00 1
-1.2996746004635229e-01 3.2899164305247491e-01 0.0000000000000000e+00 1
1.2675964257878525e-01 1.5735056570917624e-01 0.0000000000000000e+00 1
-3.0361778167380415e-01 2.8297475443167391e-01 0.0000000000000000e+00 1
-3.4075308643603985e-01 2.4222163515360734e-01 0.0000000000000000e+00 1
1.8735281511761648e-01 2.8693047004328548e-01 0.0000000000000000e+00 1
8.1973017999587644e-02 2.9443887595217022e-01 0.0000000000000000e+00 1
4.1999198090490533e-02 -3.8987349005344468e-01 0.0000000000000000e+00 1
-1.0955053258400767e-01 1.5790026061623474e-01 0.0000000000000000e+00 1
-1.0910703624182497e-01 3.3245162045795495e-01 0.0000000000000000e+00 1
-2.1883724983931635e-01 -7.7176667549735456e-02 0.0000000000000000e+00 1
-1.3340924479370161e-01 -1.4709502832610988e-01 0.0000000000000000e+00 1
1.0575868574990373e-02 6.6009086854295490e-02 0.0000000000000000e+00 1
-2.7966476253707073e-01 1.8667430882101321e-01 0.0000000000000000e+00 1
2.2767368814864536e-01 1.6357714775547549e-01 0.0000000000000000e+00 1
2.3873393041659544e-02 5.9830529020691692e-02 0.0000000000000000e+00 1
-9.5141363290523792e-02 1.3804594272697776e-01 0.0000000000000000e+00 1
3.7412149607214285e-02 5.3935914889368608e-02 0.0000000000000000e+00 1
7.7427105160073215e-02 3.6990733489207277e-02 0.0000000000000000e+00 1
1.2211664947743198e-01 6.9611242427622094e-02 0.0000000000000000e+00 1
1.6209646481521284e-01 -2.4650928039236367e-01 0.0000000000000000e+00 1
8.9620195227117311e-02 4.5251594378216395e-02 0.0000000000000000e+00 1
5.4607857664830596e-02 -3.0167030849779664e-01 0.0000000000000000e+00 1
5.0235509327114049e-02 4.8091511098419200e-02 0.0000000000000000e+00 1
-1.4634953146439736e-01 -1.5679892962101386e-01 0.0000000000000000e+00 1
-9.7748764067349142e-02 1.5219654842665251e-01 0.0000000000000000e+00 1
-2.8722998625061991e-01 2.9128485268635713e-02 0.0000000000000000e+00 1
-3.0367297890296407e-01 2.9252894743192559e-01 0.0000000000000000e+00 1
6.3699695446977400e-02 4.2455004222448169e-02 0.0000000000000000e+00 1
2.7381740736605348e-01 -1.3269960133620531e-01 0.0000000000000000e+00 1
9.7844223693981505e-02 6.6604834271026606e-02 0.0000000000000000e+00 1
-2.6273527513454109e-01 2.2394448751646040e-01 0.0000000000000000e+00 1
6.3706533436771101e-02 2.4517041232525874e-01 0.0000000000000000e+00 1
-6.2814578001783097e-02 1.4985203217670084e-01 0.0000000000000000e+00 1
2.0240724909908514e-01 1.7326366539190002e-01 0.0000000000000000e+00 1
2.5587019844420222e-01 -2.2553368243992825e-01 0.0000000000000000e+00 1
1.8391292846147819e-01 -3.6361587080394692e-01 0.0000000000000000e+00 1
2.8434351121274931e-02 -2.1823956802894853e-01 0.0000000000000000e+00 1
2.5829728799973201e-01 -2.8654095972068022e-01 0.0000000000000000e+00 1
5.3914582907453219e-02 -2.1469784620695420e-01 0.0000000000000000e+00 1
-5.0147097798238005e-02 1.4347720886201062e-01 0.0000000000000000e+00 1
-2.1891880693504329e-01 -4.9826760621937680e-02 0.0000000000000000e+00 1
-3.1979392152393260e-01 2.7077200579196670e-01 0.0000000000000000e+00 1
2.1742303743453464e-01 -3.7239295115293203e-01 0.0000000000000000e+00 1
4.2556842980524534e-02 2.2749529232850665e-01 0.0000000000000000e+00 1
-3.1775427861836741e-01 2.8372432713462209e-01 0.0000000000000000e+00 1
6.9692424366236919e-02 3.3629230989941300e-01 0.0000000000000000e+00 1
1.8553803772502833e-01 -3.4726588561037236e-01 0.0000000000000000e+00 1
-8.1577203782843236e-02 3.3464814706211465e-01 0.0000000000000000e+00 1
2.1496588697326680e-01 1.6810561113275893e-01 0.0000000000000000e+00 1
-3.3506334282120409e-02 -3.2698090244720290e-01 0.0000000000000000e+00 1
-4.7731622663028855e-02 1.3021082253715463e-01 0.0000000000000000e+00 1
1.5034180032493152e-01 2.8295959345629840e-01 0.0000000000000000e+00 1
-1.0878485730962251e-01 -2.4285014782236775e-01 0.0000000000000000e+00 1
1.7402329741775557e-01 2.8871304752767785e-01 0.0000000000000000e+00 1
-1.8097834286666552e-02 -3.5765712877989186e-01 0.0000000000000000e+00 1
-2.7713581188483039e-01 1.7478256468310627e-01 0.0000000000000000e+00 1
-2.6990528117028367e-01 3.1098739418517396e-01 0.0000000000000000e+00 1
2.6165987074887093e-01 -2.6225711255579093e-01 0.0000000000000000e+00 1
5.3119159909770265e-02 2.3694844373689106e-01 0.0000000000000000e+00 1
3.9656716504970546e-02 -2.0981694079637678e-01 0.0000000000000000e+00 1
2.0923942049650918e-01 -3.8624144789532344e-01 0.0000000000000000e+00 1
2.1508437563405103e-01 2.1245949130852707e-01 0.0000000000000000e+00 1
-3.2903433736342719e-02 1.0993107513547934e-01 0.0000000000000000e+00 1
1.6835620944892890e-01 -4.3100423760774764e-01 0.0000000000000000e+00 1
5.7601018835776500e-02 2.1383976366610913e-01 0.0000000000000000e+00 1
-2.5154173916714828e-01 2.0625084466252430e-01 0.0000000000000000e+00 1
-3.5953637373353289e-02 1.2482071165683953e-01 0.0000000000000000e+00 1
1.1617578345146243e-01 1.4998223177478173e-01 0.0000000000000000e+00 1
7.6037117006756347e-04 3.2059372374056538e-01 0.0000000000000000e+00 1
1.1126912617736635e-01 6.1983173573962470e-02 0.0000000000000000e+00 1
2.0122901256065595e-01 -3.5179454339082761e-01 0.0000000000000000e+00 1
4.3755246388862495e-02 2.0111264216510261e-01 0.0000000000000000e+00 1
2.3623331486863308e-01 -3.5274517939904759e-01 0.0000000000000000e+00 1
-3.2688764518657604e-01 1.8790780339771859e-01 0.0000000000000000e+00 1
1.4192476752455147e-01 -2.7674232020885803e-01 0.0000000000000000e+00 1
2.0565499638807549e-01 -3.3483736347700677e-01 0.0000000000000000e+00 1
-1.0542645765317848e-01 -2.6826528534024419e-01 0.0000000000000000e+00 1
8.2213138730949875e-02 -4.2038272696734574e-01 0.0000000000000000e+00 1
1.0478579732755433e-01 1.4187425584610819e-01 0.0000000000000000e+00 1
-3.3915848487252109e-01 2.5537581137430204e-01 0.0000000000000000e+00 1
-1.2600812096837408e-01 -2.1956765195697053e-01 0.0000000000000000e+00 1
1.6052163254978635e-01 -2.3522046425226514e-01 0.0000000000000000e+00 1
2.6195259016377082e-01 -1.4139243474246022e-01 0.0000000000000000e+00 1
5.0239651752244055e-02 -2.7526937232209409e-01 0.0000000000000000e+00 1
2.4554931494363907e-01 -3.3320945183336848e-01 0.0000000000000000e+00 1
1.3252151273459192e-01 -4.2579871575400485e-01 0.0000000000000000e+00 1
5.2507649485423705e-02 -2.8847885425249631e-01 0.0000000000000000e+00 1
-2.6008503212538704e-02 3.3413975918680477e-01 0.0000000000000000e+00 1
-2.9606795982250639e-01 2.9771967744410555e-01 0.0000000000000000e+00 1
1.5093029487452617e-01 -2.5612715346334158e-01 0.0000000000000000e+00 1
1.6210612023341656e-01 -3.0709704300466106e-01 0.0000000000000000e+00 1
-1.7049663654565639e-01 -1.5711697207851164e-01 0.0000000000000000e+00 1
2.2779806387223600e-01 -3.4532249511854457e-01 0.0000000000000000e+00 1
9.1984792129002041e-02 3.3342792558029982e-01 0.0000000000000000e+00 1
2.1164011479547461e-02 1.7525505596531210e-01 0.0000000000000000e+00 1
1.4676267325423795e-01 -4.2749644983915741e-01 0.0000000000000000e+00 1
1.5053907651061643e-01 2.7280713700017434e-01 0.0000000000000000e+00 1
-3.3343260175588202e-01 2.4616615860246904e-01 0.0000000000000000e+00 1
-3.2555272268549756e-01 1.3013863108121487e-01 0.0000000000000000e+00 1
2.0238051498080459e-01 2.6680640057426575e-01 0.0000000000000000e+00 1
2.1741803167822651e-01 -3.3968897129590625e-01 0.0000000000000000e+00 1
1.3569249706836262e-01 6.4093534030856228e-02 0.0000000000000000e+00 1
3.6390042248863365e-02 -2.5629568176103346e-01 0.0000000000000000e+00 1
-1.5500368369852247e-01 -1.7992579745417553e-01 0.0000000000000000e+00 1
-2.5663435748877361e-01 1.7723780925087101e-01 0.0000000000000000e+00 1
3.2122652376238015e-02 -3.8472956613195120e-01 0.0000000000000000e+00 1
8.2686702844914112e-02 1.3983571719939419e-01 0.0000000000000000e+00 1
1.4937531370138696e-01 5.8168469408637936e-02 0.0000000000000000e+00 1
1.4187992386342801e-01 3.1622382626171186e-01 0.0000000000000000e+00 1
-3.0089037061660973e-01 9.1272366770178220e-02 0.0000000000000000e+00 1
-2.8581528321858152e-01 5.4205350154006612e-02 0.0000000000000000e+00 1
-2.4058437836023386e-01 2.0104866109392294e-01 0.0000000000000000e+00 1
3.8968626887386101e-02 -2.6942753831254440e-01 0.0000000000000000e+00 1
1.0750970815520480e-01 -3.5684653595458049e-01 0.0000000000000000e+00 1
2.5412275080327490e-01 4.1867973795243645e-02 0.0000000000000000e+00 1
2.7460030548194470e-01 -1.6123134957860538e-01 0.0000000000000000e+00 1
6.3929924291211639e-04 1.6921258298941827e-01 0.0000000000000000e+00 1
2.5661297336777938e-01 -2.3928192548454480e-01 0.0000000000000000e+00 1
-6.2500105942737458e-02 -2.9865805842941578e-01 0.0000000000000000e+00 1
-1.5242441731163675e-01 -2.0869290678700780e-01 0.0000000000000000e+00 1
-2.3406705138533990e-01 -2.5622919575824063e-02 0.0000000000000000e+00 1
-2.4598074094722255e-01 1.7397784278419490e-01 0.0000000000000000e+00 1
-3.2498407198513074e-01 2.6627883473370512e-01 0.0000000000000000e+00 1
-2.3956153821959916e-01 3.2295736331880065e-01 0.0000000000000000e+00 1
-5.6363038124362989e-02 3.3561620638925149e-01 0.0000000000000000e+00 1
7.2075028938097307e-02 1.3257533242109676e-01 0.0000000000000000e+00 1
-8.7841971624360044e-03 1.4777579348542300e-01 0.0000000000000000e+00 1
1.6135719901380430e-01 -4.3387293145839267e-01 0.0000000000000000e+00 1
1.8193591111277965e-01 -4.2509557593092517e-01 0.0000000000000000e+00 1
-2.3108481507628123e-01 2.0731784293637992e-01 0.0000000000000000e+00 1
-8.6996927769052754e-02 -2.9124240420854552e-01 0.0000000000000000e+00 1
-3.0663354324690939e-01 2.2725057493734435e-01 0.0000000000000000e+00 1
-2.0849750517744603e-01 3.2084356031399430e-01 0.0000000000000000e+00 1
1.9911156195049690e-01 -4.0163948881649630e-01 0.0000000000000000e+00 1
2.4386755908996818e-01 -2.9824136892568859e-01 0.0000000000000000e+00 1
1.4279666014885201e-01 2.6803998981160260e-01 0.0000000000000000e+00 1
1.4141457160910870e-01 -3.0833011954954120e-01 0.0000000000000000e+00 1
2.3694428138539073e-02 3.3335662392963739e-01 0.0000000000000000e+00 1
4.6286610962528077e-02 1.9102386049859404e-01 0.0000000000000000e+00 1
-2.6161472366287325e-01 2.5591781126921356e-03 0.0000000000000000e+00 1
2.1184809768120852e-01 2.2471482650483088e-01 0.0000000000000000e+00 1
-2.4144821870545810e-01 1.5687243334353046e-01 0.0000000000000000e+00 1
6.3862832262887650e-03 1.3673344227058204e-01 0.0000000000000000e+00 1
2.6696808437760955e-01 2.3937042605283301e-02 0.0000000000000000e+00 1
1.5852492437606963e-01 2.9746240392988060e-01 0.0000000000000000e+00 1
1.4981088557556571e-01 2.9248533933663773e-01 0.0000000000000000e+00 1
1.5927582318751366e-03 -3.7585621454107987e-01 0.0000000000000000e+00 1
-2.8947126114362287e-01 2.9401731028998995e-01 0.0000000000000000e+00 1
-3.3715705120859985e-01 1.7550780627261098e-01 0.0000000000000000e+00 1
2.5589193898351825e-01 2.8476537636566813e-02 0.0000000000000000e+00 1
3.6239827539012212e-02 1.8354998805470329e-01 0.0000000000000000e+00 1
1.3435014716088753e-01 3.2095954624772177e-01 0.0000000000000000e+00 1
1.4768224124738707e-01 -4.1911747831516061e-01 0.0000000000000000e+00 1
9.8329930850903302e-02 -3.5326426523181081e-01 0.0000000000000000e+00 1
2.5752586174865033e-01 -1.0940318780666195e-03 0.0000000000000000e+00 1
8.8872652026349169e-02 -4.1611039553739892e-01 0.0000000000000000e+00 1
-1.9663886565504399e-01 -1.4484544518856274e-01 0.0000000000000000e+00 1
-1.6188200918779377e-01 3.2901737471134079e-01 0.0000000000000000e+00 1
2.5367458593231473e-02 -2.5092735700660418e-01 0.0000000000000000e+00 1
1.5544016393834426e-01 -3.0152656345878781e-01 0.0000000000000000e+00 1
2.7205582561599034e-01 -1.8049406818268202e-01 0.0000000000000000e+00 1
-1.9757001352713074e-01 -1.1694715571388779e-01 0.0000000000000000e+00 1
1.4373901600463693e-01 2.5241047448433057e-01 0.0000000000000000e+00 1
2.5912388352103227e-01 -3.0143274493593913e-02 0.0000000000000000e+00 1
7.2570172304669833e-02 1.1951463180989838e-01 0.0000000000000000e+00 1
1.7436636966549651e-01 5.9233623028665056e-02 0.0000000000000000e+00 1
7.2059992696300132e-02 1.0087115619420178e-01 0.0000000000000000e+00 1
-3.2724754790221994e-01 2.4322673832206385e-01 0.0000000000000000e+00 1
-2.2328454202139131e-01 1.6333066085060552e-01 0.0000000000000000e+00 1
7.5962127224538184e-02 3.2491819159092206e-01 0.0000000000000000e+00 1
-2.6352874183130021e-01 3.0625241644725765e-01 0.0000000000000000e+00 1
-1.8439392522606005e-01 3.2659389500499775e-01 0.0000000000000000e+00 1
1.3784197881464181e-02 1.8090420565421139e-01 0.0000000000000000e+00 1
-2.8417070677319778e-01 1.5816210322401793e-02 0.0000000000000000e+00 1
5.3961478665865786e-02 3.2878209813048581e-01 0.0000000000000000e+00 1
1.7522092345875045e-01 4.8038934483079346e-02 0.0000000000000000e+00 1
1.4733266264117650e-01 -4.1068901800000152e-01 0.0000000000000000e+00 1
3.9742658071987838e-03 1.6118427193961815e-01 0.0000000000000000e+00 1
2.5906015641025237e-01 -1.6851680317028099e-02 0.0000000000000000e+00 1
5.2562452635133969e-02 1.0329647114925515e-01 0.0000000000000000e+00 1
-1.2071470325889924e-01 3.3419792733861342e-01 0.0000000000000000e+00 1
2.4223885077187684e-02 -2.3724047537268847e-01 0.0000000000000000e+00 1
2.1530938870111663e-01 -3.8089009568886700e-01 0.0000000000000000e+00 1
2.7573083892460404e-01 -4.0837098832500383e-02 0.0000000000000000e+00 1
-2.2013772247460306e-01 2.0195348048153100e-01 0.0000000000000000e+00 1
1.8601285093396663e-01 4.3001137964279221e-02 0.0000000000000000e+00 1
-2.8585198365363652e-02 -3.5158497483625090e-01 0.0000000000000000e+00 1
-3.4433618515765388e-02 6.2632990091786162e-02 0.0000000000000000e+00 1
1.8047494409811879e-01 2.8507448584378597e-01 0.0000000000000000e+00 1
-3.3051297620608500e-01 1.9418079606518332e-01 0.0000000000000000e+00 1
2.6613764919292077e-01 -2.4429695528061074e-01 0.0000000000000000e+00 1
1.7425773716575765e-01 -2.2337671411404270e-01 0.0000000000000000e+00 1
-1.0466539542762440e-02 3.2523665941143354e-01 0.0000000000000000e+00 1

Edges
186
1 2 1
2 3 1
3 4 1
4 5 1
5 6 1
6 7 1
7 8 1
8 9 1
9 10 1
10 11 1
11 12 1
12 13 1
13 14 1
14 15 1
15 16 1
16 17 1
17 18 1
18 19 1
19 20 1
20 21 1
21 22 1
22 23 1
23 24 1
24 25 1
25 26 1
26 27 1
27 28 1
28 29 1
29 30 1
30 31 1
31 32 1
32 33 1
33 34 1
34 35 1
35 36 1
36 37 1
37 38 1
38 39 1
39 40 1
40 41 1
41 42 1
42 43 1
43 44 1
44 45 1
45 46 1
46 47 1
47 48 1
48 49 1
49 50 1
50 51 1
51 52 1
52 53 1
53 54 1
54 55 1
55 56 1
56 57 1
57 58 1
58 59 1
59 60 1
60 61 1
61 62 1
62 63 1
63 64 1
64 65 1
65 66 1
66 67 1
67 68 1
68 69 1
69 70 1
70 71 1
71 72 1
72 73 1
73 74 1
74 75 1
75 76 1
76 77 1
77 78 1
78 79 1
79 80 1
80 81 1
81 82 1
82 83 1
83 84 1
84 85 1
85 86 1
86 87 1
87 88 1
88 89 1
89 90 1
90 91 1
91 92 1
92 93 1
93 94 1
94 95 1
95 96 1
96 97 1
97 98 1
98 99 1
99 100 1
100 101 1
101 102 1
102 103 1
103 104 1
104 105 1
105 106 1
106 107 1
107 108 1
108 109 1
109 110 1
110 111 1
111 112 1
112 113 1
113 114 1
114 115 1
115 116 1
116 117 1
117 118 1
118 119 1
119 120 1
120 121 1
121 122 1
122 123 1
123 124 1
124 125 1
125 126 1
126 127 1
127 128 1
128 129 1
129 130 1
130 131 1
131 132 1
132 133 1
133 134 1
134 135 1
135 136 1
136 137 1
137 138 1
138 139 1
139 140 1
140 141 1
141 142 1
142 143 1
143 144 1
144 145 1
145 146 1
146 147 1
147 148 1
148 149 1
149 150 1
150 151 1
151 152 1
152 153 1
153 154 1
154 155 1
155 156 1
156 157 1
157 158 1
158 159 1
159 160 1
160 161 1
161 162 1
162 163 1
163 164 1
164 165 1
165 166 1
166 167 1
167 168 1
168 169 1
169 170 1
170 171 1
171 172 1
172 173 1
173 174 1
174 175 1
175 176 1
176 177 1
177 178 1
178 179 1
179 180 1
180 181 1
181 182 1
182 183 1
183 184 1
184 185 1
185 186 1
186 1 1

Triangles
4892
693 1518 1614 1
786 1831 2304 1
239 178 1760 1
1602 1409 2031 1
881 870 2038 1
1320 2050 2128 1
1458 207 2222 1
1413 2054 2055 1
217 2300 2443 1
453 1506 1637 1
341 326 1909 1
883 1059 2384 1
2077 1738 2126 1
344 1738 2077 1
1489 424 1579 1
2361 1647 2396 1
1526 217 2443 1
1738 344 2037 1
1696 1697 2156 1
1738 1739 2126 1
1750 2361 2396 1
1540 786 2304 1
207 1458 2390 1
1512 444 1532 1
291 289 1617 1
1696 2212 2312 1
444 1512 1546 1
1758 239 1760 1
1508 252 1681 1
1906 603 1907 1
1520 417 1521 1
2092 2099 2307 1
1533 881 2038 1
424 1489 1727 1
2016 1412 2035 1
2033 1641 2037 1
63 64 2273 1
1501 248 2183 1
1496 439 1684 1
224 159 1701 1
1785 637 2314 1
1516 209 2224 1
251 1524 1905 1
1556 637 1874 1
439 1496 1714 1
2409 2194 2488 1
283 281 1522 1
1739 702 2126 1
702 1739 2150 1
702 2150 2186 1
631 633 2239 1
202 1690 1691 1
214 1677 2228 1
2150 1513 2186 1
1506 453 1639 1
1059 1593 2384 1
1309 1308 1554 1
1743 2409 2488 1
202 1689 1690 1
787 1541 2259 1
1547 1556 1874 1
7 255 2243 1
1309 1554 1555 1
379 1561 1562 1
1534 237 1535 1
821 1551 1752 1
1496 1497 1714 1
1677 1461 2228 1
2156 1697 2488 1
231 1602 2031 1
1714 1497 1747 1
790 1565 1641 1
1585 1648 2518 1
1432 1576 1672 1
1659 1660 2187 1
1209 1094 2276 1
1529 226 2074 1
1518 693 1616 1
1660 455 2187 1
2119 1979 2121 1
1316 1654 2247 1
326 603 1909 1
322 316 1908 1
1983 1193 2276 1
637 1556 2314 1
1707 767 2130 1
1547 1874 2254 1
232 1629 2220 1
252 1508 2224 1
1587 205 1588 1
885 1656 2038 1
693 1614 1615 1
209 1516 2503 1
1523 763 1554 1
178 179 1760 1
603 1906 1909 1
1403 2136 2345 1
767 1707 1933 1
1093 882 1869 1
1456 1117 2426 1
1412 2016 2357 1
1308 1523 1554 1
1544 799 1711 1
1460 2294 2422 1
593 591 1616 1
2099 2092 2435 1
1656 885 2501 1
1536 206 2133 1
1853 227 2508 1
181 182 2224 1
324 320 1564 1
2054 1413 2357 1
320 444 1564 1
2136 1403 2348 1
1564 1547 2254 1
248 1501 2289 1
1132 1671 1710 1
1585 1582 1648 1
232 1509 2385 1
1648 236 2518 1
1481 1983 2276 1
1654 1653 2247 1
195 1519 2056 1
1575 714 1672 1
1567 1209 2276 1
2186 1513 2204 1
763 1523 1627 1
896 1008 1770 1
287 285 1704 1
1509 232 2220 1
1734 631 2239 1
1513 1532 2204 1
1569 1599 2389 1
1530 377 1627 1
1521 417 1522 1
417 1520 1704 1
374 373 1627 1
1576 1575 1672 1
1907 603 1908 1
344 2033 2037 1
1614 1484 1615 1
790 1641 2033 1
745 1542 1761 1
1712 714 2147 1
870 885 2038 1
1524 251 2203 1
1629 232 2405 1
2050 1320 2231 1
379 1562 1888 1
1381 2093 2094 1
618 631 1734 1
1576 1432 2280 1
721 618 1734 1
417 283 1522 1
714 1575 2147 1
1320 2128 2397 1
2212 238 2312 1
589 587 1578 1
289 787 1617 1
1381 1196 2093 1
834 836 1612 1
227 1853 1884 1
1909 1285 1964 1
1617 787 2259 1
379 291 1617 1
1674 218 2265 1
908 1612 1613 1
1527 196 1595 1
159 160 1701 1
1856 1840 2321 1
1614 1184 2306 1
1599 256 2389 1
53 54 1792 1
6 7 2243 1
1668 933 2280 1
836 1606 1612 1
1309 1555 1793 1
1508 1516 2224 1
1827 760 1919 1
1964 1285 2527 1
1409 1557 2031 1
1773 330 1844 1
2166 1456 2426 1
603 322 1908 1
1578 587 1911 1
1519 195 2373 1
1530 1827 1919 1
1196 1626 2353 1
1696 2156 2212 1
1711 799 1712 1
799 635 1712 1
1386 1773 1844 1
217 1526 2433 1
48 49 1624 1
1757 1759 2171 1
1413 2055 2285 1
1551 821 1676 1
341 1909 1964 1
635 714 1712 1
1898 2313 2430 1
1733 721 1734 1
587 584 1911 1
908 834 1612 1
1541 787 1704 1
1453 1573 2104 1
2294 1061 2422 1
1293 1294 1546 1
1549 213 2319 1
1048 1584 1619 1
433 427 1662 1
196 1527 1996 1
1640 1023 1746 1
64 208 2273 1
1759 1516 2171 1
42 1531 2322 1
1459 2440 2448 1
1542 745 1578 1
1154 1515 2483 1
908 1613 2100 1
1602 231 1692 1
237 1534 2440 1
1671 1132 1770 1
1907 2359 2362 1
1251 1330 1643 1
206 1536 2225 1
1641 1746 2037 1
377 1530 1919 1
1588 205 2471 1
1148 2185 2342 1
1629 1339 2220 1
1531 42 2491 1
736 734 1609 1
2099 246 2307 1
1565 790 1888 1
1512 1293 1546 1
1678 254 1679 1
1982 1193 1983 1
1330 1559 1643 1
1505 930 2394 1
1515 1154 2510 1
1125 1383 1570 1
2185 1148 2513 1
427 426 1662 1
1427 2100 2333 1
478 1653 1713 1
453 1637 1638 1
1628 1339 1629 1
881 1533 1869 1
218 1674 2481 1
1352 2367 2437 1
693 593 1616 1
1615 1484 2429 1
239 1758 2141 1
1529 2074 2278 1
745 589 1578 1
1732 721 1733 1
836 1605 1606 1
227 1884 2298 1
1548 223 1623 1
84 85 2168 1
1641 1640 1746 1
1793 1258 2043 1
2008 1829 2279 1
1718 2282 2309 1
1598 942 1784 1
1307 1598 1784 1
1681 252 2242 1
1432 1668 2280 1
1359 1793 2256 1
224 1600 2057 1
240 1599 2350 1
1048 856 1583 1
2387 1843 2398 1
1619 1584 1664 1
255 1603 2243 1
1558 1093 1869 1
930 1505 2418 1
1484 1614 2306 1
1939 746 2260 1
1979 2119 2356 1
1741 1635 2249 1
882 881 1869 1
591 745 1616 1
243 1836 1982 1
1670 1770 2510 1
295 293 1888 1
2282 389 2309 1
191 1720 2120 1
1415 2387 2398 1
2360 1666 2403 1
1752 1551 2524 1
1551 1676 1860 1
251 1905 2041 1
1854 1853 2508 1
1770 1478 2510 1
1008 1478 1770 1
1732 1370 2199 1
2382 1491 2465 1
377 374 1627 1
2440 1534 2448 1
140 141 2014 1
1650 1311 2245 1
1522 281 2516 1
888 1580 1582 1
1116 1743 2196 1
223 1548 1836 1
224 1701 2400 1
1573 1049 2104 1
877 1023 2252 1
2223 1472 2371 1
1527 1528 1996 1
1524 2203 2328 1
426 1661 1662 1
2190 2112 2280 1
285 417 1704 1
633 799 2239 1
1884 1428 2298 1
1949 2223 2371 1
1376 2341 2355 1
2341 1839 2355 1
444 1546 1564 1
1831 1209 2304 1
373 763 1627 1
2093 1196 2353 1
888 1582 1583 1
1507 1506 1639 1
2138 2013 2145 1
787 287 1704 1
210 1664 2334 1
1252 1251 1643 1
1743 1697 2196 1
1577 1650 2245 1
2313 200 2430 1
182 252 2224 1
1840 1348 2321 1
1664 1586 2334 1
2359 1620 2362 1
799 1544 2239 1
721 1732 2199 1
1654 1505 2394 1
1561 379 1617 1
1276 1762 1966 1
496 2360 2403 1
1553 1277 1966 1
1895 84 2168 1
797 1638 2292 1
205 1587 1589 1
1583 1582 1585 1
1996 1528 2237 1
1908 316 2096 1
2110 1448 2291 1
2022 2021 2124 1
299 297 2033 1
1048 1583 1584 1
1476 2011 2012 1
1452 1681 2242 1
2130 767 2201 1
54 215 1792 1
1422 1558 1869 1
1679 254 2475 1
1255 1811 2419 1
2107 1728 2123 1
225 2237 2305 1
1811 1255 2412 1
212 1552 2325 1
1132 1710 1855 1
1132 896 1770 1
1505 1654 2383 1
234 1560 2393 1
1661 426 1663 1
1373 2273 2316 1
2120 1720 2472 1
83 84 1895 1
203 2382 2465 1
797 1636 2175 1
1624 2008 2279 1
1339 1628 1711 1
2237 1528 2305 1
1324 1675 1683 1
824 2391 2406 1
2367 1483 2437 1
1653 1652 1713 1
2152 1549 2319 1
1510 1458 2222 1
1628 1544 1711 1
1689 202 2125 1
1507 1639 2114 1
223 48 1624 1
1726 2130 2201 1
2011 1476 2014 1
193 2156 2488 1
1633 434 2469 1
1296 1741 2249 1
856 888 1583 1
1676 774 1860 1
1562 1565 1888 1
836 736 1609 1
1662 1659 2187 1
1836 1548 1982 1
1559 1330 1795 1
2232 1421 2274 1
430 2240 2378 1
2041 1677 2456 1
914 1571 1699 1
1616 745 1761 1
1580 888 1764 1
1277 1276 1966 1
1023 1640 2252 1
1638 797 2479 1
1812 558 2079 1
1363 1812 2079 1
434 1633 2489 1
1546 1294 1547 1
209 181 2224 1
1048 1619 2176 1
1202 1882 1900 1
2024 244 2025 1
1610 235 1926 1
389 1726 2201 1
2287 2036 2346 1
1624 49 2008 1
700 914 1699 1
2273 208 2316 1
1560 234 2522 1
1309 1793 2043 1
2100 1613 2333 1
1653 478 2247 1
857 1048 2176 1
2203 198 2328 1
1577 626 1912 1
697 1762 2085 1
245 53 1792 1
455 1660 2296 1
2041 2456 2499 1
1535 237 2432 1
1104 2172 2198 1
1545 2450 2460 1
1637 1400 1638 1
215 1646 1647 1
584 583 1911 1
1792 1647 2361 1
1983 1481 2462 1
1566 976 2123 1
1002 1757 2171 1
2350 1517 2374 1
1191 1750 2396 1
1695 1374 1947 1
1574 781 1788 1
1474 1568 1763 1
2137 1891 2522 1
636 590 1769 1
1993 1495 2514 1
1094 1481 2276 1
2136 199 2345 1
1609 1939 2260 1
1622 1378 2159 1
1400 1637 2202 1
1422 1421 2232 1
1637 1295 2202 1
689 1809 1810 1
1784 1785 2314 1
1584 1586 1664 1
1154 1669 1670 1
2095 249 2517 1
2121 1979 2395 1
220 140 2014 1
46 47 1836 1
2172 1566 2198 1
1552 212 2476 1
886 2110 2291 1
1500 2431 2434 1
1391 1809 2127 1
567 569 1912 1
1558 1422 2232 1
2194 193 2488 1
2450 847 2460 1
1609 734 1939 1
1571 914 1961 1
1138 1597 1645 1
215 1647 1792 1
1051 883 2384 1
1495 1993 2512 1
1405 1632 1998 1
1377 1620 2071 1
293 379 1888 1
1643 1359 2256 1
243 1982 1983 1
1406 1666 2310 1
211 1557 2421 1
1523 1530 1627 1
1703 1092 2195 1
1728 1625 2123 1
1620 973 2071 1
907 1622 2159 1
187 83 1895 1
2141 1442 2269 1
790 295 1888 1
202 1691 2446 1
1692 231 2323 1
1675 1259 1683 1
324 1564 2254 1
590 592 1769 1
583 1812 2097 1
1144 925 1652 1
596 700 1699 1
1599 1570 2350 1
30 1854 2508 1
2124 2021 2478 1
1726 389 2282 1
947 1116 1698 1
1126 1125 1570 1
386 391 1776 1
1371 1604 1755 1
239 2141 2269 1
1359 1258 1793 1
1809 689 2127 1
1330 1437 1795 1
226 1529 2457 1
1710 1708 1855 1
141 2011 2014 1
1140 1182 1761 1
1768 636 1769 1
1277 1553 2290 1
933 2190 2280 1
198 2095 2328 1
644 646 1820 1
1911 583 2097 1
2073 1706 2213 1
1597 1138 1644 1
1144 1652 1653 1
1907 1908 2359 1
794 821 2177 1
201 1611 1989 1
1795 1437 1913 1
1002 1756 1757 1
1603 255 2251 1
786 1540 2533 1
2095 1354 2328 1
1710 1671 1813 1
119 120 257 1
1894 187 1895 1
1010 1695 1947 1
1382 1372 1644 1
1766 2365 2375 1
188 1829 2008 1
1892 1891 2137 1
1687 1220 1689 1
401 1625 1728 1
465 463 1797 1
625 1601 2000 1
1689 1220 1690 1
1650 1191 2381 1
1631 1486 2264 1
1762 1276 2085 1
976 2107 2123 1
1399 1446 1549 1
1568 1474 1900 1
85 230 2168 1
523 2230 2284 1
1383 1517 2350 1
1634 743 1635 1
1399 1128 1446 1
2114 430 2378 1
1300 1045 1705 1
629 2410 2414 1
1646 2151 2326 1
453 266 1639 1
1695 1696 2312 1
1670 1671 1770 1
1846 1667 2066 1
297 790 2033 1
422 421 1663 1
2081 2136 2348 1
1674 2265 2408 1
781 1574 1912 1
1372 1597 1644 1
1715 1519 2373 1
976 1566 2172 1
344 299 2033 1
689 1810 1820 1
1521 1522 1568 1
978 979 1621 1
1520 1541 1704 1
1474 1202 1900 1
2246 2390 2530 1
1759 1760 2425 1
1300 1705 1706 1
867 869 1756 1
1698 1116 2196 1
1605 836 1609 1
1393 945 1719 1
1158 1580 1764 1
1130 1407 1796 1
1829 188 2089 1
1667 650 2066 1
546 596 2160 1
1632 1405 1971 1
1166 1561 2259 1
1684 1490 2474 1
740 559 1669 1
1854 30 2463 1
1811 1462 2391 1
234 2137 2522 1
1666 801 2310 1
1405 1998 2403 1
2325 1679 2411 1
1788 781 2052 1
1019 1125 1126 1
1532 444 2535 1
433 1662 2187 1
1171 2257 2270 1
2240 1794 2378 1
821 1752 2177 1
1297 1703 2195 1
321 325 1665 1
2365 1455 2375 1
1716 1044 1717 1
2381 1191 2396 1
1709 1710 1813 1
2248 1922 2257 1
1120 1135 1690 1
1604 1371 1762 1
1721 1788 2052 1
426 422 1663 1
2431 771 2434 1
1154 740 1669 1
626 567 1912 1
2391 1462 2406 1
1570 1383 2350 1
2057 1600 2428 1
808 947 1698 1
47 223 1836 1
1019 1018 1125 1
2023 194 2024 1
1300 1707 2130 1
1717 1044 1725 1
1595 196 1596 1
1002 867 1756 1
1673 1259 1674 1
925 923 1652 1
893 825 1649 1
1665 325 1753 1
1017 1018 1019 1
596 1699 2160 1
1731 636 1768 1
1652 1651 1713 1
391 399 1776 1
1395 1171 2270 1
1882 893 1900 1
381 383 1781 1
1490 1684 2490 1
1740 746 1767 1
1927 248 2289 1
1128 1126 1569 1
2020 197 2021 1
266 268 1639 1
923 1651 1652 1
1779 1164 2102 1
893 1649 1977 1
1209 1567 2304 1
1703 1297 1868 1
1038 1259 1673 1
824 644 1820 1
2138 2145 2388 1
1184 1741 2306 1
466 468 2178 1
325 329 1753 1
869 1685 1756 1
1793 1555 2256 1
575 572 1791 1
1017 859 1018 1
1602 1692 1796 1
1812 1363 2097 1
1370 1769 2199 1
1635 743 1776 1
1626 619 1775 1
1625 401 1729 1
1023 1745 1746 1
1569 1570 1599 1
1220 1687 1918 1
1601 625 1953 1
1182 1518 1761 1
1561 1617 2259 1
697 1604 1762 1
249 2393 2517 1
1755 1604 1850 1
1700 197 2020 1
1045 944 2115 1
1200 1740 1767 1
942 1598 2230 1
746 1740 2260 1
1514 258 2175 1
1141 1533 1655 1
1759 2425 2503 1
1623 223 1624 1
1127 1126 1128 1
1644 465 1797 1
1398 1128 1399 1
243 46 1836 1
1475 1231 2324 1
569 781 1912 1
1096 1432 1672 1
1095 1632 1971 1
558 1868 2079 1
1407 1602 1796 1
1542 1140 1761 1
1220 1120 1690 1
421 742 1663 1
1674 1259 1675 1
1691 1692 2323 1
2016 2035 2388 1
1690 1135 1691 1
1144 1653 1654 1
923 443 1651 1
646 689 1820 1
213 1549 2470 1
945 1044 1719 1
1705 1045 2115 1
1574 1577 1912 1
743 386 1776 1
762 1856 2321 1
1357 1678 1679 1
831 856 857 1
743 1634 1781 1
1804 951 1889 1
1569 1126 1570 1
329 333 1753 1
1071 2117 2149 1
1097 1077 2241 1
1176 1355 1552 1
1156 1157 1345 1
857 856 1048 1
1661 1663 1934 1
436 435 1709 1
1325 1508 1681 1
616 774 1676 1
1803 951 1804 1
235 1610 2402 1
810 2363 2372 1
1794 1243 2303 1
1778 1779 2102 1
640 620 1774 1
878 935 1745 1
1635 1776 2249 1
1089 1090 1176 1
1366 2287 2346 1
1805 1808 2208 1
1382 1644 1797 1
1433 1261 2216 1
619 1626 1774 1
1599 240 2392 1
887 1200 1767 1
978 817 979 1
1654 1316 2383 1
1663 742 1934 1
1259 909 1683 1
1525 1451 1526 1
1946 1877 2028 1
2089 188 2200 1
1581 1588 1648 1
463 466 1797 1
1708 627 1855 1
626 1577 2245 1
1008 897 1009 1
636 1731 1881 1
1155 1009 1156 1
1649 825 1782 1
1584 1583 1585 1
212 2325 2411 1
572 570 1791 1
816 740 817 1
1222 1902 2144 1
1125 1146 1383 1
896 895 897 1
1176 1090 1355 1
2075 2089 2200 1
1023 878 1745 1
914 877 2252 1
2410 1497 2414 1
1089 872 1090 1
1665 1377 2071 1
551 616 703 1
559 491 1669 1
1475 2324 2331 1
2393 1560 2517 1
383 743 1781 1
1346 1345 1434 1
1418 1106 1893 1
1840 1839 2332 1
1715 2373 2521 1
831 858 1754 1
1580 1581 1582 1
1584 1585 1586 1
2112 1576 2280 1
1272 1108 1461 1
244 2024 2467 1
1687 1058 1918 1
1327 1326 1451 1
436 1709 1813 1
1645 1454 2368 1
1077 1078 2234 1
1171 2248 2257 1
477 501 551 1
1059 1748 1749 1
1691 1135 1692 1
888 830 1764 1
812 831 1754 1
1409 1408 1453 1
1504 1153 1673 1
1397 1863 2108 1
2094 2095 2517 1
2283 540 2286 1
581 802 1775 1
1351 1477 1668 1
1025 1325 1326 1
1378 1791 2159 1
831 830 856 1
1601 1229 2000 1
869 871 1685 1
1667 1391 2127 1
1582 1581 1648 1
816 817 978 1
1656 1655 2038 1
894 809 895 1
1518 1616 1761 1
1345 1157 1373 1
1061 419 1702 1
713 1096 1672 1
625 2000 2019 1
333 335 2067 1
830 754 1764 1
1118 1272 1905 1
735 1445 1724 1
741 703 794 1
1706 1380 2213 1
839 1197 1782 1
1639 268 2114 1
446 454 477 1
1393 1719 2117 1
601 1721 2052 1
858 857 859 1
795 794 872 1
873 872 1089 1
2000 1390 2019 1
479 627 1708 1
1231 1601 2318 1
1778 523 1779 1
1022 1735 1736 1
718 559 740 1
1487 1619 1664 1
438 440 446 1
1121 1130 1796 1
519 523 1778 1
1446 1128 1569 1
1108 978 1621 1
1016 859 1017 1
1731 1771 1881 1
1409 1453 1557 1
1493 1628 1629 1
951 1803 1943 1
1407 1406 1408 1
752 753 754 1
1437 2283 2286 1
1022 1736 1737 1
710 808 809 1
1324 1603 2251 1
1153 1038 1673 1
1546 1547 1564 1
757 1755 1850 1
671 1923 1985 1
2133 206 2482 1
1327 1451 1525 1
1808 520 2208 1
862 1024 1025 1
432 433 438 1
1753 333 2067 1
927 925 1144 1
812 830 831 1
1156 1009 1157 1
2230 1598 2284 1
1580 1160 1581 1
718 740 816 1
710 809 894 1
1289 1903 2131 1
1494 1368 1733 1
812 754 830 1
1862 1722 2087 1
604 1834 1921 1
1383 1487 1517 1
1757 1758 1759 1
753 1158 1764 1
1762 1371 1966 1
794 703 821 1
1043 1299 1725 1
249 2095 2441 1
397 396 1729 1
1636 797 2292 1
1156 1345 1346 1
560 718 1851 1
1521 1568 1977 1
1272 1461 1677 1
710 894 1855 1
425 426 427 1
1158 1160 1580 1
1923 1804 1985 1
627 709 710 1
1025 1327 1860 1
1025 1326 1327 1
1327 1551 1860 1
1816 1846 2066 1
1493 1492 1628 1
938 1177 1729 1
1896 2168 2308 1
1077 2234 2241 1
729 746 1939 1
1685 1361 1686 1
733 735 1724 1
1201 2020 2021 1
1418 1893 1894 1
1790 575 1791 1
396 938 1729 1
1407 1408 1409 1
393 381 1781 1
894 1132 1855 1
1199 1521 1977 1
416 421 422 1
1300 1706 1707 1
1723 1304 2164 1
1646 215 2151 1
1749 1744 1954 1
896 897 1008 1
551 501 616 1
897 895 1010 1
1709 1708 1710 1
1730 1394 2006 1
1022 969 1735 1
801 2233 2310 1
1797 466 2178 1
1631 222 2042 1
1469 2364 2370 1
1462 1811 2412 1
432 427 433 1
1659 1658 1660 1
1130 1404 1406 1
1816 656 2028 1
1368 1218 1733 1
551 741 1682 1
1044 1716 1719 1
1120 1021 1121 1
1107 1655 1656 1
1432 1351 1668 1
1507 2114 2378 1
833 393 2064 1
1461 1108 1621 1
1547 1294 1556 1
1044 1043 1725 1
493 449 1813 1
717 849 1899 1
894 895 896 1
1304 1847 2164 1
429 435 436 1
446 440 454 1
897 1010 1947 1
1121 1129 1130 1
1844 1843 2380 1
1657 1656 1658 1
1451 1326 1452 1
747 1921 1922 1
505 637 1785 1
1494 1733 1734 1
1413 1412 2357 1
961 748 1771 1
491 449 493 1
477 454 501 1
1010 1694 1695 1
714 713 1672 1
1089 1324 1683 1
438 433 440 1
1188 1574 1788 1
1038 909 1259 1
1900 893 1977 1
491 493 1669 1
1008 1009 1155 1
1130 1406 1407 1
752 751 753 1
411 415 416 1
635 634 713 1
1025 1024 1325 1
431 427 432 1
1463 2073 2213 1
1116 1742 1743 1
447 1708 1709 1
1059 723 1748 1
1568 1522 1763 1
620 619 1774 1
425 422 426 1
1759 1758 1760 1
1669 493 1670 1
1756 1686 1757 1
1096 1351 1432 1
1041 1371 1755 1
1455 2365 2368 1
601 719 1721 1
1157 1009 1947 1
1005 1360 1361 1
822 640 1774 1
1370 1214 1768 1
1324 1176 1603 1
507 505 1785 1
1312 1862 2087 1
1577 1190 1650 1
1065 818 1790 1
871 1005 1685 1
619 581 1775 1
1448 1256 1862 1
1445 2274 2299 1
1285 2047 2527 1
551 703 741 1
1241 1243 1794 1
1197 1649 1782 1
1256 413 1722 1
1658 1656 2501 1
1378 1065 1790 1
1825 1807 1849 1
1612 1608 1613 1
805 1026 1107 1
435 447 1709 1
1390 1789 1915 1
705 839 1782 1
1675 1324 2251 1
1026 1141 1655 1
811 754 812 1
1868 1297 2079 1
1453 2104 2421 1
1817 1226 1875 1
424 422 425 1
416 424 1727 1
1176 1552 1603 1
1206 1322 1740 1
1141 1422 1533 1
954 1730 2006 1
635 713 714 1
924 923 925 1
633 632 634 1
1190 1191 1650 1
928 927 930 1
1186 1188 1788 1
411 416 1727 1
1120 1121 1135 1
926 925 927 1
1190 1189 1191 1
541 542 1789 1
2332 1839 2341 1
2380 1843 2387 1
1005 1361 1685 1
1453 1408 1573 1
841 1041 1755 1
409 410 411 1
477 551 1682 1
633 634 635 1
1491 1368 1492 1
1410 1153 1504 1
737 834 835 1
1506 1295 1637 1
457 1765 1766 1
1020 1001 1021 1
1795 599 2002 1
319 1714 1747 1
1605 1323 1606 1
420 428 429 1
1606 1607 1608 1
1688 1687 1689 1
1214 1212 1768 1
1444 1500 1566 1
323 439 1714 1
1757 1686 1758 1
416 415 421 1
312 319 1747 1
756 456 1766 1
1274 1623 2039 1
1019 1126 1127 1
1695 1694 1696 1
1804 1889 1985 1
935 1022 1745 1
1370 1768 1769 1
747 604 1921 1
1361 1360 1442 1
2117 1719 2149 1
478 477 1682 1
1671 493 1813 1
1092 1304 2195 1
1049 1573 2233 1
1863 1262 2108 1
1631 2264 2504 1
1204 1786 1787 1
412 418 420 1
1688 1689 2125 1
713 890 1096 1
401 397 1729 1
1096 1350 1351 1
479 556 627 1
774 862 1860 1
1491 1492 1493 1
1177 1625 1729 1
750 751 752 1
400 401 402 1
395 404 406 1
1107 1026 1655 1
1137 1136 1534 1
735 736 737 1
1830 2182 2214 1
1243 949 1754 1
1089 1176 1324 1
1188 1187 1189 1
1177 1443 1444 1
447 479 1708 1
1351 1460 1477 1
809 808 1698 1
1492 1494 1544 1
1322 1321 1323 1
1186 1187 1188 1
1748 1744 1749 1
1834 1234 1921 1
1183 1635 1741 1
1195 1194 1196 1
1188 1189 1190 1
1581 1587 1588 1
284 389 2201 1
1346 1434 1435 1
1492 1544 1628 1
1655 1533 2038 1
1399 1550 1636 1
1121 1021 1129 1
1824 1825 1849 1
631 630 632 1
1208 1537 1553 1
1897 342 1955 1
1143 1013 1890 1
1559 1795 2002 1
838 1000 1001 1
1657 1658 1659 1
409 402 410 1
708 541 1789 1
771 733 1724 1
411 410 415 1
1894 1895 1896 1
817 740 1154 1
792 443 923 1
947 1114 1116 1
63 2273 2447 1
1771 748 1881 1
1107 1656 1657 1
437 436 449 1
732 731 733 1
865 1002 1958 1
1606 1608 1612 1
388 394 395 1
1041 1207 1208 1
1186 991 1187 1
321 1665 2071 1
733 734 735 1
741 794 795 1
1477 1489 1579 1
1367 1218 1368 1
837 828 838 1
618 617 630 1
446 478 1713 1
1448 1862 2291 1
1125 1018 1146 1
408 402 409 1
656 1946 2028 1
631 632 633 1
1783 507 1785 1
404 1288 1751 1
1226 1817 1877 1
1454 1455 2368 1
687 697 698 1
393 1781 2064 1
1902 1292 2144 1
1322 1323 1605 1
1241 949 1243 1
980 978 1108 1
446 477 478 1
696 728 1744 1
1355 1356 1357 1
965 961 1771 1
248 1927 2494 1
615 1744 1748 1
1195 1196 1381 1
754 753 1764 1
1208 1553 1966 1
753 793 1158 1
1204 367 1786 1
696 726 727 1
319 323 1714 1
750 698 751 1
618 630 631 1
730 729 731 1
1095 1473 1632 1
938 1142 1177 1
391 396 397 1
1803 1848 1943 1
1374 1157 1947 1
969 971 1735 1
552 717 1899 1
1737 1736 1738 1
1387 1270 2179 1
1217 1216 1218 1
650 1667 2127 1
1406 1404 1666 1
1444 1443 1500 1
1457 1058 1687 1
735 737 1445 1
1878 1879 1994 1
1012 822 1194 1
1501 2183 2453 1
845 991 1186 1
1208 1207 1537 1
438 446 1713 1
795 872 873 1
412 406 418 1
1399 1549 1550 1
1243 1754 2217 1
400 397 401 1
1218 1732 1733 1
1130 1129 1404 1
595 786 1772 1
1206 1321 1322 1
1925 1867 1962 1
786 784 1831 1
450 449 491 1
827 826 828 1
120 121 216 1
407 406 412 1
1200 1206 1740 1
873 1089 1683 1
859 857 2176 1
739 825 826 1
1020 1021 1120 1
728 727 729 1
1998 1633 2452 1
778 1234 1834 1
1184 1183 1741 1
615 695 696 1
1600 224 2400 1
1107 1657 1934 1
1378 1790 1791 1
1877 1817 2028 1
1118 1108 1272 1
2364 861 2370 1
386 390 391 1
726 887 1767 1
687 686 697 1
1279 1594 1833 1
628 545 1822 1
1725 1299 1726 1
2272 1277 2290 1
849 1799 1899 1
492 491 559 1
1608 1610 1926 1
594 593 617 1
457 459 1765 1
1106 1143 1893 1
1200 1205 1206 1
443 432 1651 1
1215 1214 1216 1
1685 1686 1756 1
1385 1897 1955 1
1651 438 1713 1
1206 1320 1321 1
710 709 808 1
1367 1368 1491 1
594 617 618 1
592 591 593 1
835 834 908 1
1177 1142 1443 1
522 519 1778 1
1828 1147 1829 1
590 589 591 1
560 559 718 1
1468 2017 2022 1
838 1001 1020 1
1117 1065 1163 1
1182 1183 1184 1
1213 1212 1214 1
737 736 834 1
757 841 1755 1
1012 1194 1195 1
1158 1159 1160 1
1926 235 1927 1
841 1040 1041 1
831 857 858 1
1606 1323 1607 1
1608 1607 1610 1
1360 1066 2040 1
399 397 400 1
1027 931 1136 1
1492 1368 1494 1
622 623 624 1
456 457 1766 1
310 312 1747 1
733 731 734 1
1001 1000 1095 1
420 418 428 1
1457 1687 1688 1
372 387 388 1
2133 1174 2139 1
1574 1190 1577 1
685 686 687 1
1258 608 1873 1
1182 1181 1183 1
49 50 2008 1
749 698 750 1
1156 1346 2086 1
1361 1442 2141 1
784 806 1831 1
432 438 1651 1
1211 1210 1212 1
509 507 1783 1
1657 1661 1934 1
615 696 1744 1
607 605 1830 1
1217 1218 1367 1
838 828 1000 1
1216 1370 1732 1
696 727 728 1
1079 1815 1817 1
610 607 1830 1
1390 1915 2019 1
711 1006 1007 1
391 390 396 1
425 427 431 1
624 704 705 1
1450 2386 2407 1
1632 1473 1633 1
1041 1040 1207 1
449 436 1813 1
545 543 1822 1
887 1122 1200 1
853 1105 1821 1
738 707 739 1
1429 2192 2211 1
1801 814 1848 1
982 1065 1117 1
429 428 435 1
735 734 736 1
1444 1566 2123 1
1177 1444 1625 1
723 613 1748 1
366 371 372 1
622 580 623 1
1060 419 1061 1
1212 1731 1768 1
982 818 1065 1
383 385 386 1
732 733 771 1
1903 1223 2131 1
656 1816 2066 1
742 805 1934 1
416 422 424 1
1196 1194 1626 1
1357 1358 1678 1
1231 1229 1601 1
1809 1592 1810 1
1803 1801 1848 1
592 593 594 1
730 731 732 1
686 683 1850 1
1604 686 1850 1
1129 1021 1971 1
627 556 709 1
826 825 893 1
1231 2318 2324 1
613 614 615 1
474 495 711 1
588 587 589 1
1140 1181 1182 1
1007 1006 1148 1
1256 1722 1862 1
1197 1198 1199 1
330 1842 1844 1
1215 1216 1217 1
1000 828 1882 1
2101 1538 2505 1
365 364 366 1
268 270 2114 1
856 830 888 1
395 394 404 1
827 828 837 1
685 683 686 1
590 591 592 1
429 436 437 1
1163 1378 1622 1
719 845 1721 1
348 363 364 1
613 615 1748 1
818 578 1790 1
705 704 839 1
482 481 1870 1
562 560 1851 1
711 495 1006 1
739 707 825 1
1213 1214 1215 1
1227 1087 1390 1
1824 1365 1825 1
826 893 1882 1
1199 1520 1521 1
1202 1000 1882 1
994 1302 1798 1
1541 1198 1858 1
936 1203 1814 1
839 1032 1197 1
624 623 704 1
1079 1814 1815 1
682 757 1850 1
713 634 890 1
1001 1095 1971 1
2017 1201 2022 1
1140 918 1181 1
1392 1592 1809 1
1079 1817 1875 1
542 537 543 1
381 382 383 1
729 727 746 1
838 1020 1918 1
588 589 590 1
1183 1634 1635 1
1197 1032 1198 1
1536 1535 2225 1
677 682 683 1
1218 1216 1732 1
421 423 742 1
544 543 545 1
1116 1114 1742 1
1211 1212 1213 1
1557 211 2496 1
386 385 390 1
542 543 544 1
988 1824 1849 1
883 723 1059 1
546 545 596 1
742 804 805 1
849 940 1799 1
462 465 1035 1
1692 1135 1796 1
1041 1208 1371 1
1035 465 1138 1
1127 1128 1398 1
728 729 730 1
1998 496 2403 1
544 545 546 1
348 364 365 1
621 580 622 1
1786 758 1787 1
376 377 378 1
700 877 914 1
1518 1184 1614 1
739 826 827 1
1198 1032 1858 1
360 1840 1856 1
1264 1118 1905 1
419 409 1702 1
1239 1878 1994 1
381 378 382 1
122 123 250 1
1814 1203 1815 1
1216 1214 1370 1
608 607 609 1
47 48 223 1
1702 411 1727 1
548 546 2160 1
1810 1592 1811 1
1674 1675 2481 1
1076 1365 1824 1
696 695 726 1
383 382 385 1
1143 1890 1891 1
752 754 811 1
612 611 613 1
1405 1129 1971 1
707 705 1782 1
684 683 685 1
1816 1203 1846 1
921 1094 1209 1
2192 761 2211 1
519 517 523 1
1020 1220 1918 1
395 406 407 1
606 605 607 1
1736 1337 1739 1
1096 890 1350 1
706 705 707 1
1069 1336 1337 1
1325 1328 1508 1
1087 708 1789 1
1536 2133 2139 1
998 2209 2215 1
342 347 348 1
1199 1198 1520 1
1721 1186 1788 1
1050 1007 1073 1
616 773 774 1
323 327 439 1
772 1925 1962 1
991 1147 1828 1
1257 1256 1448 1
1212 1210 1731 1
45 46 243 1
380 378 381 1
372 758 1786 1
1036 1274 1951 1
1372 1073 1498 1
388 387 394 1
50 188 2008 1
1777 522 1778 1
409 411 1702 1
22 23 232 1
558 497 1832 1
1056 965 1210 1
596 628 700 1
362 369 1852 1
700 701 877 1
845 950 991 1
657 654 1943 1
1067 367 1204 1
612 613 723 1
1865 1082 1937 1
327 341 342 1
632 630 922 1
755 756 861 1
1056 1210 1211 1
805 911 1026 1
1739 1337 2150 1
431 432 443 1
1488 1381 1560 1
1351 1350 1460 1
1078 1802 2268 1
1230 1229 1231 1
877 878 1023 1
586 584 587 1
372 371 387 1
439 327 1897 1
557 1950 2063 1
845 1186 1721 1
1607 1323 1989 1
1799 1305 1800 1
400 402 408 1
609 611 612 1
949 812 1754 1
1392 1591 1592 1
1213 1215 1853 1
515 512 942 1
2062 1433 2216 1
1341 1264 1524 1
1200 1122 1205 1
904 936 1814 1
755 456 756 1
703 616 1676 1
1968 675 1988 1
1402 2098 2135 1
1346 1502 2086 1
1026 1101 1141 1
1206 1205 1320 1
1201 2021 2022 1
615 614 695 1
1805 1102 1806 1
1191 1189 1750 1
1114 1342 1742 1
599 598 600 1
1758 1686 2141 1
600 605 606 1
1391 1392 1809 1
537 522 1777 1
372 388 758 1
1299 1045 1300 1
627 710 1855 1
1847 370 1861 1
376 374 377 1
1326 1325 1681 1
1221 1117 1456 1
600 604 605 1
366 372 1786 1
366 364 371 1
1022 1737 1745 1
839 840 1032 1
1336 1512 1513 1
1391 1179 1392 1
1069 1293 1336 1
1745 1737 1746 1
28 29 227 1
1538 1857 2505 1
497 489 1832 1
677 676 682 1
774 775 862 1
52 53 245 1
862 863 1024 1
1133 892 1821 1
1805 1806 1808 1
451 456 755 1
586 587 588 1
414 278 1933 1
606 607 608 1
302 304 1842 1
819 818 982 1
617 593 693 1
591 589 745 1
371 364 1914 1
942 1783 1784 1
402 401 1728 1
1188 1190 1574 1
139 140 220 1
765 530 1837 1
135 136 2004 1
892 853 1821 1
1984 1369 2025 1
1477 1460 1489 1
330 302 1842 1
1906 1285 1909 1
1232 526 1841 1
550 549 583 1
1228 1227 1229 1
739 827 1940 1
609 610 611 1
1229 1227 2000 1
935 969 1022 1
369 373 374 1
306 629 1818 1
1139 918 1140 1
481 998 1870 1
512 509 1783 1
369 375 1852 1
1273 1865 1937 1
792 923 924 1
940 983 1799 1
170 171 235 1
1735 1337 1736 1
362 368 369 1
579 548 580 1
985 1102 1805 1
335 441 2067 1
1178 1179 1391 1
1398 1399 1636 1
54 55 215 1
581 562 802 1
1373 1374 1780 1
1204 1590 2442 1
1274 1548 1623 1
133 134 226 1
547 546 548 1
323 326 327 1
360 1838 1839 1
1166 1167 1561 1
1197 1199 1649 1
825 707 1782 1
85 86 230 1
412 420 1722 1
555 598 599 1
459 462 1765 1
16 17 237 1
687 698 749 1
1254 413 1256 1
1163 1065 1378 1
1105 850 1826 1
1530 1310 1827 1
1390 1087 1789 1
541 537 542 1
158 159 224 1
753 751 793 1
145 146 219 1
1815 1203 1816 1
391 397 399 1
938 1046 1142 1
260 262 797 1
924 925 926 1
40 41 221 1
1883 1281 1942 1
98 99 233 1
558 1832 1868 1
971 1031 1069 1
983 985 1305 1
1234 1235 1331 1
1088 1087 1227 1
462 463 465 1
1787 758 2129 1
1738 1736 1739 1
1244 1245 1835 1
1042 913 1077 1
716 578 818 1
543 1777 1822 1
79 80 234 1
1141 1421 1422 1
1057 861 1162 1
164 165 228 1
806 921 1831 1
319 322 323 1
675 676 677 1
375 374 376 1
1043 944 1045 1
706 707 738 1
1613 1608 1926 1
1077 913 1078 1
127 128 231 1
1138 1645 2368 1
692 725 1875 1
360 294 1838 1
654 951 1943 1
1377 1162 1620 1
711 1007 1050 1
550 583 584 1
485 482 1870 1
555 597 598 1
156 157 244 1
996 994 1798 1
1183 1181 1634 1
926 927 928 1
852 2377 2417 1
1305 985 1805 1
1392 1590 1591 1
1431 1984 2025 1
543 537 1777 1
971 1069 1735 1
172 173 248 1
1134 1133 1285 1
236 1648 2293 1
990 1076 1824 1
578 575 1790 1
983 1305 1799 1
1003 996 1261 1
408 409 419 1
498 497 549 1
1867 354 1904 1
1226 692 1875 1
921 1209 1831 1
624 705 706 1
613 611 614 1
1661 1659 1662 1
1203 1068 1846 1
34 35 225 1
1244 1835 1867 1
1133 1821 2047 1
802 562 1851 1
396 398 938 1
474 494 495 1
673 674 675 1
1493 1629 1630 1
1349 1238 1716 1
768 371 1914 1
1033 1165 1166 1
2098 1730 2135 1
383 386 743 1
719 843 845 1
1826 1221 1993 1
549 558 1812 1
757 815 841 1
700 628 701 1
596 545 628 1
1365 1364 1465 1
1033 1166 1858 1
1178 1145 1179 1
912 814 913 1
342 341 347 1
637 503 1874 1
986 988 1849 1
306 308 629 1
682 688 757 1
811 812 949 1
304 1818 1842 1
348 347 363 1
669 952 1845 1
441 442 451 1
451 452 456 1
1397 1250 1863 1
490 489 497 1
877 701 878 1
1003 1261 1315 1
294 296 1838 1
823 822 1012 1
524 1232 1990 1
488 487 489 1
917 833 918 1
369 368 373 1
853 850 1105 1
1302 992 2001 1
1137 1534 1535 1
151 152 222 1
536 522 537 1
516 515 517 1
514 512 515 1
872 794 2177 1
43 44 190 1
683 682 1850 1
1113 892 1133 1
92 93 229 1
1221 1539 1993 1
498 549 550 1
1611 1607 1989 1
87 88 246 1
858 859 1016 1
1283 1241 1794 1
142 143 189 1
769 1886 1936 1
526 528 1841 1
472 473 474 1
583 549 1812 1
1349 1716 1717 1
1315 1261 1433 1
304 306 1818 1
521 519 522 1
621 622 759 1
749 750 846 1
530 532 1837 1
518 517 519 1
1068 1145 1178 1
367 366 1786 1
1244 1867 1904 1
609 607 610 1
862 1025 1860 1
827 884 1940 1
1781 1634 2064 1
2094 1354 2095 1
841 1015 1040 1
1178 1667 1846 1
359 361 362 1
778 972 1234 1
1372 1498 1597 1
1016 1017 1295 1
788 370 1847 1
936 937 1068 1
1076 1364 1365 1
1076 1110 1364 1
104 105 236 1
1815 1816 2028 1
1095 1202 1473 1
1009 897 1947 1
2233 1573 2310 1
25 26 203 1
312 316 319 1
1135 1121 1796 1
360 1839 1840 1
1036 1192 1274 1
1270 1268 2105 1
684 685 712 1
1050 1073 1372 1
1355 1090 1356 1
605 747 1830 1
459 461 462 1
677 683 684 1
942 512 1783 1
898 724 1879 1
489 761 1832 1
1524 1264 1905 1
1189 1187 1301 1
672 670 673 1
832 708 1087 1
675 674 676 1
1103 1883 1942 1
1784 1783 1785 1
954 956 1730 1
673 670 674 1
362 361 368 1
1775 802 2320 1
936 1068 1203 1
1248 1250 1397 1
904 906 936 1
990 1075 1076 1
549 497 558 1
1828 1829 2089 1
539 554 555 1
1250 1251 1252 1
595 784 786 1
1058 837 1918 1
365 366 367 1
1380 846 2180 1
1068 1178 1846 1
528 765 1841 1
1189 1301 1750 1
1092 876 1304 1
599 1795 1913 1
489 487 761 1
900 902 1079 1
19 20 206 1
1885 1401 1886 1
1261 996 1798 1
1345 1373 2316 1
1182 1184 1518 1
814 699 1848 1
913 814 1801 1
327 326 341 1
668 669 670 1
890 634 2048 1
296 298 810 1
1336 1293 1512 1
376 378 380 1
532 540 1837 1
944 712 2115 1
1842 1818 1843 1
1478 1155 1515 1
413 412 1722 1
1842 1843 1844 1
600 598 604 1
503 349 1874 1
855 723 883 1
462 1035 1765 1
532 535 540 1
839 704 840 1
724 769 1879 1
1069 1031 1293 1
472 474 1965 1
50 51 188 1
1561 1167 1562 1
697 686 1604 1
1210 965 1771 1
136 137 195 1
1245 1248 1835 1
1131 1980 2167 1
798 608 1258 1
469 467 1872 1
982 1221 1826 1
1134 1285 1906 1
1138 465 1644 1
335 343 441 1
292 360 1856 1
486 485 487 1
1106 1013 1143 1
1876 1877 1946 1
1178 1391 1667 1
988 990 1824 1
865 867 1002 1
490 497 498 1
1068 937 1145 1
1802 1803 1804 1
2452 1633 2469 1
1885 666 1930 1
1279 1593 1594 1
597 778 1834 1
759 622 1995 1
813 699 814 1
655 658 1876 1
1513 1512 1532 1
1230 1231 1475 1
167 168 201 1
1248 1249 1250 1
699 679 1848 1
528 530 765 1
487 485 1823 1
1863 1252 2163 1
1042 1077 1097 1
1079 902 1814 1
1029 883 1051 1
31 32 200 1
902 904 1814 1
633 635 799 1
1005 1066 1360 1
1308 1051 1310 1
441 451 1959 1
161 162 197 1
985 986 1102 1
936 906 937 1
605 604 747 1
994 992 1302 1
357 355 358 1
952 954 2006 1
1078 1801 1802 1
511 509 512 1
1069 1337 1735 1
1867 1835 1962 1
77 78 249 1
997 996 1003 1
323 322 326 1
544 546 547 1
187 1894 2485 1
912 913 1042 1
378 377 1919 1
1789 542 1915 1
357 358 359 1
1393 1968 1988 1
982 1117 1221 1
1076 1075 1110 1
1032 840 1033 1
1581 1160 1587 1
1166 1165 1167 1
2151 247 2326 1
154 155 194 1
1649 1199 1977 1
1364 1110 1366 1
755 861 1057 1
524 526 1232 1
475 469 1872 1
579 580 621 1
711 1050 1965 1
488 489 490 1
895 809 1693 1
1348 1238 1349 1
766 362 1852 1
1094 1466 1481 1
148 149 192 1
725 900 1875 1
2316 208 2352 1
359 362 766 1
165 166 2050 1
983 984 985 1
585 584 586 1
1043 1045 1299 1
1151 1067 1618 1
468 470 472 1
884 837 1058 1
1744 728 1954 1
1304 876 1847 1
1271 1387 2056 1
1250 1252 1863 1
356 355 357 1
1331 1235 1332 1
1523 1310 1530 1
731 729 1939 1
769 691 1886 1
395 407 2034 1
59 60 2156 1
1057 1162 1377 1
300 302 330 1
505 503 637 1
1866 1226 1877 1
99 100 2070 1
1228 1229 1230 1
141 142 2011 1
763 764 1554 1
1429 1092 1703 1
486 487 488 1
1139 1140 1542 1
288 290 762 1
828 826 1882 1
2211 1823 2226 1
1392 1179 1590 1
1298 1082 1865 1
369 374 375 1
1194 822 1774 1
353 354 355 1
380 381 393 1
632 922 2048 1
1099 898 1879 1
481 475 776 1
177 178 239 1
1248 1397 1835 1
929 932 2112 1
1254 1256 1257 1
871 882 1005 1
296 810 1838 1
1027 1136 1137 1
1250 1249 1251 1
747 1922 2182 1
819 982 1826 1
1006 495 1772 1
407 412 413 1
668 670 672 1
921 1081 1094 1
185 186 217 1
1258 1873 2043 1
1520 1198 1541 1
1823 485 1870 1
1383 1146 1487 1
1921 1331 1922 1
917 918 1139 1
1288 1480 2189 1
1237 1225 1238 1
535 538 539 1
876 788 1847 1
789 640 822 1
1201 1168 2020 1
1905 1272 2041 1
716 818 819 1
608 609 1873 1
712 685 2010 1
661 663 1866 1
547 548 579 1
1082 403 1937 1
1533 1422 1869 1
1032 1033 1858 1
668 667 669 1
468 472 2178 1
278 280 1933 1
555 554 597 1
672 673 681 1
952 953 954 1
776 475 1872 1
354 1867 1925 1
296 297 298 1
342 348 1955 1
130 131 202 1
319 316 322 1
406 404 1751 1
1234 972 1235 1
679 657 1943 1
292 294 360 1
1257 1448 1449 1
1113 1133 1134 1
813 814 912 1
816 978 980 1
1245 1247 1248 1
174 175 204 1
363 392 1219 1
1401 1885 1930 1
666 667 668 1
690 1226 1866 1
758 388 2034 1
495 595 1772 1
359 358 361 1
1091 876 1092 1
1221 1456 1539 1
1268 738 1940 1
663 662 664 1
462 461 463 1
663 690 1866 1
661 1866 1876 1
658 661 1876 1
404 405 1288 1
900 1079 1875 1
2246 207 2390 1
555 599 1913 1
687 749 2010 1
1119 1058 1457 1
373 384 763 1
441 343 442 1
353 351 354 1
594 618 721 1
1375 1099 1376 1
1879 769 1994 1
1407 1409 1602 1
298 299 300 1
327 342 1897 1
690 692 1226 1
1164 2046 2102 1
1597 1498 2417 1
1088 1227 1228 1
779 800 1289 1
664 662 665 1
900 901 902 1
481 776 998 1
991 950 1147 1
1806 1102 1807 1
1876 1866 1877 1
1357 1679 2325 1
727 726 1767 1
670 669 1845 1
280 282 767 1
1078 913 1801 1
2015 219 2016 1
662 660 1859 1
410 402 1728 1
1158 793 1159 1
678 1885 1886 1
1376 1099 1878 1
37 38 196 1
664 665 666 1
1098 898 1099 1
1083 1082 1298 1
1164 1779 2193 1
1845 2006 2029 1
385 382 760 1
875 788 876 1
1039 965 1056 1
902 903 904 1
599 600 2002 1
940 975 983 1
82 83 187 1
1537 1207 1538 1
678 664 1885 1
1903 1222 2144 1
649 647 1889 1
1289 1880 1916 1
1940 884 2105 1
1050 1382 1965 1
762 1718 2309 1
363 1219 1914 1
646 648 689 1
1802 1801 1803 1
1248 1247 1249 1
698 697 2085 1
726 744 887 1
1871 352 1880 1
800 1222 1903 1
1222 1901 1902 1
800 875 1222 1
294 295 296 1
1859 660 1887 1
690 678 691 1
691 678 1886 1
451 442 452 1
484 482 485 1
1102 986 1849 1
941 367 1067 1
612 723 855 1
997 1003 1004 1
1233 738 1268 1
1223 958 1419 1
56 57 247 1
664 666 1885 1
806 919 921 1
832 1087 1088 1
1799 1800 1899 1
879 403 1082 1
1070 681 1071 1
357 359 1861 1
1886 1401 1936 1
2046 1822 2102 1
904 905 906 1
456 452 457 1
532 534 535 1
435 445 447 1
1217 1367 1428 1
511 512 514 1
1482 915 2082 1
663 678 690 1
1349 1717 1718 1
539 555 1913 1
1040 1347 1857 1
624 706 1995 1
514 515 516 1
95 96 199 1
845 843 950 1
1237 1238 1348 1
1222 875 1901 1
1670 493 1671 1
681 673 1968 1
769 1936 1994 1
1195 1381 1488 1
338 340 1085 1
1878 1099 1879 1
370 357 1861 1
352 351 353 1
666 668 1930 1
536 537 541 1
761 487 1823 1
875 876 1091 1
724 691 769 1
516 517 518 1
638 639 2007 1
1091 1092 1429 1
918 833 2064 1
663 664 678 1
725 899 900 1
985 984 986 1
353 355 356 1
1124 1427 1501 1
798 1258 1359 1
1066 1124 2040 1
1333 1213 1853 1
290 292 1856 1
770 880 1244 1
782 842 1972 1
521 522 536 1
666 665 667 1
661 662 663 1
887 889 1122 1
909 873 1683 1
518 519 521 1
660 659 1887 1
682 676 688 1
1737 1738 2037 1
669 680 952 1
588 590 636 1
995 994 996 1
359 766 1861 1
490 498 1910 1
530 531 532 1
437 449 450 1
1224 1071 1225 1
837 838 1918 1
661 660 662 1
805 1107 1934 1
484 485 486 1
1098 1099 1375 1
2290 2344 2480 1
606 608 798 1
421 415 423 1
878 934 935 1
1443 1142 1545 1
1149 915 1482 1
361 358 772 1
528 529 530 1
956 967 1131 1
659 694 1887 1
284 286 389 1
770 1244 1904 1
800 788 875 1
1853 1215 1884 1
346 350 351 1
355 354 1925 1
954 955 956 1
1274 1192 1548 1
539 538 554 1
472 470 473 1
665 662 1859 1
694 679 699 1
674 670 1845 1
690 691 692 1
356 357 370 1
474 473 494 1
495 494 595 1
354 351 1904 1
941 1067 1151 1
1070 1071 1224 1
943 712 944 1
779 788 800 1
1288 1479 1480 1
101 102 205 1
963 961 965 1
526 527 528 1
2053 623 2088 1
566 564 1944 1
658 660 661 1
1769 592 2199 1
1880 352 1916 1
755 1057 1959 1
1414 1123 1415 1
1234 1331 1921 1
144 145 2015 1
1565 1640 1641 1
258 260 2175 1
1289 800 1903 1
364 363 1914 1
1251 1329 1330 1
935 968 969 1
749 1379 2010 1
875 1091 1901 1
124 125 211 1
990 1074 1075 1
353 356 1916 1
1244 880 1245 1
300 301 302 1
900 899 901 1
476 475 481 1
1352 890 2048 1
953 680 1080 1
1562 1563 1565 1
483 499 1420 1
292 293 294 1
2182 1303 2214 1
1394 1730 2098 1
779 370 788 1
346 351 352 1
1055 1185 1284 1
145 219 2015 1
351 350 1904 1
952 680 953 1
879 1082 1083 1
779 1289 1916 1
654 652 951 1
346 352 1871 1
969 970 971 1
1634 1181 2064 1
609 612 1873 1
1281 854 1942 1
1318 1246 1938 1
340 345 346 1
742 423 804 1
611 610 1819 1
902 901 903 1
846 750 2078 1
808 946 947 1
1968 1393 2117 1
290 291 292 1
340 346 1871 1
1131 1978 1980 1
2006 1394 2029 1
1317 1246 1318 1
650 649 651 1
89 90 191 1
971 1030 1031 1
257 258 1514 1
651 649 652 1
1802 1804 1923 1
1470 1134 1906 1
302 303 304 1
1731 1210 1771 1
1327 1525 1551 1
1447 1281 1883 1
1211 1213 1333 1
1091 1430 1901 1
158 224 2057 1
648 647 649 1
550 584 585 1
1091 1429 1430 1
1719 1716 2149 1
356 779 1916 1
1611 201 2534 1
977 958 1223 1
1083 1298 1436 1
855 883 1029 1
350 345 403 1
937 906 1864 1
1334 1496 1684 1
580 548 2088 1
598 597 1834 1
1070 1224 1401 1
762 290 1856 1
535 534 538 1
524 525 526 1
2011 189 2012 1
1554 764 1555 1
352 353 1916 1
1880 1289 2131 1
1029 1051 1308 1
1280 854 1281 1
692 691 724 1
1336 1513 2150 1
1386 1375 1773 1
672 681 1070 1
1308 1310 1523 1
983 975 984 1
1379 846 1380 1
725 724 898 1
1085 340 1871 1
565 626 1950 1
1224 1225 1236 1
350 403 770 1
1021 1001 1971 1
1236 1225 1237 1
1384 1377 1665 1
457 458 459 1
722 699 813 1
396 390 398 1
738 739 1940 1
276 278 414 1
1245 1246 1247 1
346 345 350 1
335 336 343 1
407 1253 2034 1
899 898 1098 1
339 337 1273 1
288 289 290 1
350 770 1904 1
842 1055 1972 1
722 854 1275 1
642 644 824 1
320 317 444 1
1095 1000 1202 1
669 667 680 1
331 328 349 1
597 777 778 1
304 305 306 1
668 672 1930 1
471 469 475 1
1251 1249 1329 1
280 767 1933 1
333 334 335 1
1848 679 1943 1
659 657 679 1
1098 1375 1386 1
315 318 973 1
651 653 656 1
675 677 1988 1
957 977 1260 1
335 334 336 1
1280 1281 1282 1
1338 1712 2147 1
1282 1281 1447 1
306 307 308 1
988 989 990 1
1527 1344 1528 1
904 903 905 1
338 339 340 1
1363 1054 1997 1
476 481 482 1
483 1420 1935 1
659 679 694 1
1057 1384 1959 1
770 403 879 1
894 896 1132 1
1042 1097 1928 1
110 111 240 1
1275 854 1280 1
329 332 333 1
373 368 384 1
995 996 997 1
1033 1150 1165 1
672 1070 1930 1
692 724 725 1
1071 681 2117 1
903 901 1034 1
1105 1826 1993 1
182 183 252 1
752 811 2078 1
447 448 479 1
957 780 958 1
954 953 955 1
658 659 660 1
1260 977 1292 1
805 804 911 1
1245 880 1246 1
2290 1553 2344 1
13 14 207 1
1271 1270 1387 1
1046 1279 1833 1
612 855 1873 1
336 334 337 1
463 464 466 1
725 898 899 1
993 992 994 1
652 649 1889 1
340 339 345 1
706 1233 1995 1
938 398 1046 1
1343 1004 1344 1
1110 1075 1111 1
906 905 1047 1
1236 1237 1239 1
1269 1268 1270 1
1247 1246 1317 1
298 297 299 1
763 384 764 1
533 2311 2330 1
1094 1081 1466 1
510 513 524 1
1515 1155 2086 1
334 332 1917 1
1415 1123 1952 1
906 1047 1864 1
921 919 1081 1
1559 1359 1643 1
356 370 779 1
502 349 503 1
835 908 2221 1
957 958 977 1
667 665 1924 1
315 973 2096 1
655 1876 1946 1
585 586 748 1
308 309 310 1
953 1080 1945 1
770 879 880 1
488 490 500 1
1722 420 2087 1
338 1085 1932 1
460 458 780 1
312 313 316 1
1332 1431 1600 1
1080 680 1924 1
442 343 1265 1
945 944 1043 1
1371 1208 1966 1
471 475 476 1
310 311 312 1
1338 1711 1712 1
1557 1453 2421 1
947 948 1114 1
757 688 815 1
474 711 1965 1
782 393 833 1
665 1859 1924 1
532 531 534 1
842 833 917 1
296 295 297 1
1070 1401 1930 1
1469 1134 1470 1
1470 1906 1907 1
483 482 484 1
471 476 1935 1
1887 1967 1969 1
142 189 2011 1
639 642 2007 1
951 652 1889 1
358 355 1925 1
479 480 556 1
96 97 2101 1
528 527 529 1
450 491 492 1
530 529 531 1
1385 1151 1490 1
457 452 458 1
459 460 461 1
333 332 334 1
1284 1185 1723 1
1889 647 1985 1
476 482 483 1
451 755 1959 1
1249 1247 1920 1
454 440 455 1
343 336 1932 1
772 358 1925 1
270 272 430 1
1098 1386 1931 1
459 458 460 1
586 588 1881 1
1112 892 1113 1
986 987 988 1
429 437 2087 1
387 371 768 1
655 657 658 1
778 860 972 1
336 337 338 1
2012 189 2013 1
388 395 2034 1
648 649 650 1
180 181 209 1
1962 1397 2108 1
331 349 502 1
1020 1120 1220 1
525 513 959 1
673 675 1968 1
1026 911 1101 1
375 376 2045 1
694 699 722 1
748 586 1881 1
891 853 892 1
1063 1369 1984 1
1705 1380 1706 1
907 566 1944 1
850 819 1826 1
1401 1224 1936 1
878 701 934 1
36 37 1996 1
912 1042 1103 1
730 732 847 1
1632 1633 1998 1
1161 1054 1363 1
73 74 251 1
651 652 653 1
1403 1402 2167 1
1052 1168 1201 1
403 345 1937 1
614 611 1819 1
1146 1018 2176 1
1543 1542 1578 1
1342 1389 1646 1
1924 1859 1969 1
1272 1677 2041 1
653 654 655 1
363 347 392 1
962 964 1287 1
339 1273 1937 1
506 508 796 1
899 1098 1931 1
264 266 453 1
956 955 967 1
967 955 1084 1
526 525 527 1
1835 1397 1962 1
785 783 1086 1
1080 1924 1969 1
542 544 1915 1
1969 1967 1987 1
466 467 468 1
11 12 253 1
920 807 992 1
1899 1800 2143 1
841 815 1015 1
1419 958 2044 1
1247 1317 1920 1
1034 901 1931 1
365 367 941 1
1265 343 1932 1
1473 1202 1474 1
646 647 648 1
1845 952 2006 1
338 337 339 1
1114 1115 1342 1
463 461 464 1
1224 1236 1936 1
884 1119 2105 1
980 1108 1118 1
789 822 823 1
461 460 1956 1
1330 1329 1437 1
901 899 1931 1
820 819 850 1
336 338 1932 1
1010 1693 1694 1
1266 1064 1471 1
684 712 943 1
511 514 1929 1
500 2219 2229 1
460 780 957 1
851 850 853 1
823 1012 1013 1
1047 905 1123 1
1334 1123 1414 1
1039 1056 1424 1
827 837 884 1
286 287 288 1
1170 1395 1700 1
468 469 470 1
1293 1031 1294 1
595 783 784 1
337 334 1917 1
1446 1569 2389 1
1273 337 1917 1
1047 1123 1334 1
418 406 1751 1
157 158 2057 1
1141 1101 1421 1
574 572 575 1
963 965 1039 1
1168 1170 2020 1
557 565 1950 1
1807 1102 1849 1
500 490 1910 1
466 464 467 1
1562 1167 1563 1
1887 694 1967 1
715 578 716 1
1056 1211 1898 1
166 167 2128 1
680 667 1924 1
577 575 578 1
361 772 1991 1
1323 1321 1989 1
780 1973 2044 1
1075 1074 1948 1
658 657 659 1
524 513 525 1
1329 1249 1920 1
1325 1024 1328 1
1217 1428 1884 1
622 624 1995 1
1057 1377 1384 1
483 484 499 1
879 1083 1938 1
294 293 295 1
722 1275 1967 1
504 503 505 1
1063 1266 1369 1
653 652 654 1
1215 1217 1884 1
565 567 626 1
621 759 1953 1
492 559 560 1
655 654 657 1
588 636 1881 1
460 957 1956 1
722 813 854 1
326 322 603 1
1626 1194 1774 1
604 598 1834 1
468 467 469 1
993 994 995 1
1246 880 1938 1
476 483 1935 1
1859 1887 1969 1
597 554 777 1
502 504 966 1
508 507 509 1
1890 1488 1891 1
510 509 511 1
506 505 507 1
1227 1390 2000 1
345 339 1937 1
470 469 471 1
628 1822 2046 1
1219 392 1495 1
569 571 781 1
821 703 1676 1
746 727 1767 1
222 152 2059 1
1172 1575 1576 1
780 458 1973 1
1441 1314 1519 1
1334 1414 1496 1
1169 1053 1303 1
811 1240 2078 1
941 1151 1385 1
880 879 1938 1
538 534 553 1
764 384 1262 1
1131 967 1978 1
568 566 907 1
1040 1015 1347 1
616 501 773 1
990 989 1074 1
943 944 945 1
329 331 332 1
798 1359 1559 1
1062 1060 1483 1
957 1260 1956 1
706 738 1233 1
935 934 968 1
967 1084 1109 1
1817 1815 2028 1
993 995 1100 1
1050 1372 1382 1
552 541 708 1
1287 964 1438 1
1657 1659 1661 1
969 968 970 1
955 953 1945 1
959 513 1929 1
219 146 2054 1
37 196 1996 1
1718 1717 2282 1
292 291 293 1
1063 860 1064 1
656 653 1946 1
1384 1665 1753 1
1013 1012 1890 1
300 299 301 1
529 527 533 1
464 461 1956 1
1033 840 1150 1
971 970 1030 1
646 645 647 1
803 419 1060 1
606 798 2002 1
1014 1416 1417 1
1973 1265 2044 1
1777 1778 2102 1
502 503 504 1
1072 1413 1423 1
473 470 1941 1
1438 964 1439 1
471 1935 1941 1
1424 1056 1898 1
784 785 806 1
903 1034 1952 1
1055 1161 1185 1
290 289 291 1
1347 1402 1403 1
813 912 1942 1
1187 991 1828 1
1496 1414 1497 1
1333 1853 1854 1
685 687 2010 1
717 708 832 1
1211 1333 1898 1
1314 1271 2056 1
1055 1284 1972 1
988 987 989 1
368 361 1991 1
1716 1238 2149 1
653 655 1946 1
404 394 405 1
1084 955 1945 1
997 1004 1343 1
1052 1201 2017 1
1011 848 2032 1
945 1043 1044 1
986 984 987 1
806 807 919 1
1910 498 2009 1
510 511 513 1
1682 2188 2247 1
508 509 510 1
834 736 836 1
1565 1563 1640 1
1452 1326 1681 1
1851 718 2157 1
1332 1235 1431 1
939 848 1011 1
726 695 744 1
506 507 508 1
920 993 1974 1
504 505 506 1
284 285 286 1
1185 1161 1297 1
1304 1723 2195 1
932 1172 2112 1
1113 1134 1469 1
2164 766 2191 1
674 1845 2029 1
520 2184 2208 1
1552 1355 2325 1
382 378 1919 1
1369 2024 2025 1
940 974 975 1
384 368 1991 1
600 606 2002 1
1343 1344 1527 1
1253 413 1254 1
920 992 993 1
842 917 1054 1
1149 1482 1485 1
1295 1017 2202 1
595 494 783 1
1282 1447 1720 1
329 328 331 1
1205 1122 1468 1
1103 1042 1928 1
385 760 2061 1
470 471 1941 1
782 833 842 1
1072 974 1412 1
550 585 2009 1
1466 1467 1531 1
1111 1075 1948 1
1746 1737 2037 1
348 365 1955 1
1139 1542 1543 1
1872 467 2027 1
498 550 2009 1
842 1054 1055 1
325 328 329 1
1143 1891 1892 1
1936 1236 1994 1
784 783 785 1
458 452 1973 1
1012 1195 1890 1
513 511 1929 1
136 195 2004 1
510 524 1990 1
1111 1948 1949 1
1572 2053 2088 1
1568 1900 1977 1
778 777 860 1
704 623 2053 1
849 939 940 1
1343 1527 1595 1
1589 2272 2290 1
554 538 1957 1
854 813 1942 1
905 903 1952 1
40 221 2069 1
442 1265 1973 1
1165 1150 1571 1
1425 1424 1464 1
645 643 671 1
1236 1239 1994 1
943 945 1393 1
798 1559 2002 1
1945 1080 1987 1
793 751 2085 1
1136 2423 2448 1
1318 1938 1999 1
1718 762 2321 1
1266 1471 1472 1
960 748 961 1
399 400 2090 1
1700 1395 1701 1
806 785 807 1
1063 1064 1266 1
1262 384 1991 1
1605 1609 2260 1
634 632 2048 1
1074 989 1180 1
573 576 601 1
288 287 289 1
919 807 920 1
544 547 1915 1
1459 1510 2440 1
1369 2023 2024 1
1610 1607 1611 1
1142 1046 1833 1
1388 1486 1631 1
1055 1054 1161 1
1083 1436 1999 1
302 301 303 1
1074 1180 1388 1
1466 1081 1467 1
1917 332 1960 1
694 722 1967 1
891 892 1112 1
516 518 520 1
962 961 963 1
464 1956 2027 1
579 621 625 1
688 676 2029 1
1509 2158 2385 1
601 602 719 1
1046 1278 1279 1
734 731 1939 1
642 824 2007 1
1123 905 1952 1
1938 1083 1999 1
1357 1356 1358 1
651 656 2066 1
1275 1280 2080 1
321 324 325 1
1074 1388 1948 1
147 148 2055 1
1086 783 2018 1
75 76 198 1
1195 1488 1890 1
365 941 1955 1
972 860 1063 1
152 153 2059 1
228 165 2050 1
93 94 2081 1
1288 405 1479 1
717 848 849 1
1425 1464 1680 1
1080 1969 1987 1
647 645 1985 1
525 959 1976 1
676 674 2029 1
312 311 313 1
536 541 552 1
289 287 787 1
380 393 782 1
912 1103 1942 1
318 320 321 1
796 508 1990 1
716 819 820 1
452 442 1973 1
1404 1129 1405 1
1285 1133 2047 1
851 853 891 1
1279 1450 1593 1
1543 1578 1911 1
719 720 843 1
993 1100 1974 1
585 748 960 1
791 443 792 1
1388 1180 1486 1
304 303 305 1
325 324 328 1
962 963 964 1
1088 1228 1267 1
282 283 284 1
874 873 909 1
1036 1037 1192 1
154 194 2060 1
321 320 324 1
126 127 2031 1
308 307 309 1
844 916 1036 1
1039 1424 1425 1
1029 1308 1309 1
189 143 2026 1
760 382 1919 1
310 309 311 1
1394 688 2029 1
815 688 1394 1
1112 1113 2030 1
331 502 1960 1
887 744 889 1
1240 949 1241 1
960 961 962 1
984 975 1970 1
1703 1868 2192 1
884 1058 1119 1
306 305 307 1
940 939 974 1
2010 1379 2115 1
995 997 1981 1
435 428 445 1
1379 1380 1705 1
1124 1501 2040 1
1119 1457 1529 1
332 331 1960 1
1416 1106 1418 1
1167 1165 1961 1
538 553 1957 1
297 295 790 1
1230 1475 1476 1
347 341 1964 1
1382 1797 2178 1
502 966 1960 1
820 850 851 1
1030 1306 1307 1
1974 1100 1975 1
1967 1275 1987 1
244 157 2057 1
153 154 2060 1
1956 1260 2027 1
1030 970 1306 1
2013 189 2026 1
1207 1040 1857 1
749 846 1379 1
717 832 848 1
992 807 2001 1
577 578 715 1
728 730 1954 1
1014 1013 1106 1
929 928 931 1
318 317 320 1
552 708 717 1
891 1112 1454 1
968 934 1164 1
1707 1706 2073 1
420 429 2087 1
230 86 2099 1
143 144 2026 1
777 554 1957 1
293 291 379 1
506 796 2003 1
975 974 1072 1
1072 1412 1413 1
785 1086 2001 1
527 525 1976 1
1343 1595 1981 1
774 773 775 1
585 960 2009 1
1253 1254 1255 1
1951 1274 2039 1
167 201 2128 1
1100 995 1981 1
1072 1423 1970 1
1014 1106 1416 1
1242 1241 1283 1
1959 1384 2067 1
1159 1276 1277 1
441 1959 2067 1
112 113 256 1
574 575 577 1
956 1131 2135 1
920 1974 2005 1
1117 1163 2426 1
701 628 2046 1
146 147 2054 1
286 285 287 1
1233 1268 1269 1
862 775 863 1
315 317 318 1
820 851 852 1
967 1109 1978 1
1307 1306 1598 1
467 464 2027 1
639 641 642 1
533 527 1976 1
107 108 210 1
1081 919 2005 1
849 848 939 1
508 510 1990 1
1847 1861 2164 1
1235 972 1984 1
776 1872 2091 1
148 192 2055 1
1715 220 2331 1
677 684 1988 1
1508 1328 1516 1
1463 1283 1511 1
641 640 789 1
499 484 2062 1
1165 1571 1961 1
958 780 2044 1
1170 1700 2020 1
1005 882 1066 1
392 347 1964 1
1454 1112 1455 1
644 645 646 1
1429 1703 2192 1
1257 1449 1462 1
398 390 2061 1
639 620 640 1
2363 1773 2372 1
61 62 238 1
1871 1880 2118 1
1054 917 1997 1
1379 1705 2115 1
1436 1298 2197 1
917 1139 1997 1
1276 793 2085 1
387 768 1963 1
313 311 314 1
684 943 1988 1
1571 1150 1572 1
966 504 2003 1
1868 1832 2192 1
1978 1109 1979 1
1865 1273 2084 1
997 1343 1981 1
715 716 2049 1
1441 1519 1715 1
1384 1753 2067 1
934 701 2046 1
1436 2197 2210 1
1539 1456 2454 1
1347 1015 1402 1
645 671 1985 1
1589 1587 2272 1
1563 1167 1961 1
941 1385 1955 1
390 385 2061 1
1944 564 2155 1
1502 1435 1503 1
313 314 315 1
144 2015 2026 1
280 281 282 1
473 1941 2018 1
1113 1469 2030 1
1170 1171 1395 1
394 387 1963 1
919 920 2005 1
307 305 702 1
1122 889 2017 1
9 10 218 1
963 1039 1992 1
315 314 317 1
1181 918 2064 1
2065 1085 2118 1
284 283 285 1
950 843 1951 1
301 299 344 1
582 581 619 1
1170 1169 1171 1
910 909 1038 1
494 473 2018 1
972 1063 1984 1
1180 2109 2134 1
285 283 417 1
1193 1037 1567 1
823 1013 1014 1
783 494 2018 1
1298 1865 2162 1
263 261 2103 1
730 847 1954 1
987 984 1970 1
1279 1278 1450 1
1571 1572 1699 1
504 506 2003 1
916 915 1149 1
1548 1192 1982 1
1439 964 1992 1
1064 860 2036 1
644 643 645 1
1369 1266 2023 1
1419 2044 2065 1
642 643 644 1
39 40 2069 1
840 704 2053 1
844 720 915 1
625 621 1953 1
437 1312 2087 1
577 715 1286 1
2080 1280 2122 1
94 95 2136 1
1550 1549 2152 1
1046 398 1278 1
1225 1071 2149 1
639 640 641 1
1269 1270 1271 1
2289 1427 2333 1
1932 1085 2065 1
484 486 2062 1
964 963 1992 1
807 785 2001 1
602 576 829 1
2054 147 2055 1
943 1393 1988 1
844 1036 1951 1
1155 1156 2086 1
2274 1421 2299 1
973 318 2071 1
1008 1155 1478 1
975 1072 1970 1
1036 916 1037 1
642 641 643 1
1467 1081 2005 1
2005 1974 2083 1
601 576 602 1
1149 1485 1540 1
1280 1282 2122 1
781 571 2052 1
279 277 434 1
1431 1235 1984 1
1062 1483 1484 1
318 321 2071 1
86 87 2099 1
1763 1522 2516 1
2074 2004 2278 1
547 579 2019 1
1139 1543 1997 1
1168 1169 1170 1
454 455 1986 1
1373 1157 1374 1
1388 1631 2042 1
278 279 280 1
650 651 2066 1
229 93 2081 1
423 415 2107 1
1412 974 2035 1
998 776 2209 1
1152 1038 1153 1
573 572 574 1
939 1011 2035 1
1286 715 1362 1
1455 1112 2030 1
1664 210 2495 1
1168 1053 1169 1
1519 1314 2056 1
1350 890 1352 1
1010 895 1693 1
832 1088 2032 1
1411 1410 1458 1
410 1728 2107 1
719 602 720 1
889 981 1052 1
1019 1127 2202 1
282 281 283 1
1823 1870 2226 1
1286 1362 1499 1
1278 398 2061 1
1192 1037 1193 1
1419 2065 2118 1
376 380 2045 1
1147 950 2039 1
843 720 844 1
750 752 2078 1
1150 840 2053 1
855 1029 2043 1
1291 1290 1509 1
889 744 981 1
1265 1932 2065 1
716 820 2049 1
1039 1425 1992 1
777 1957 2036 1
614 1819 2076 1
1052 981 1053 1
1052 1053 1168 1
1402 2135 2167 1
1545 1142 1833 1
1467 2005 2083 1
1014 1417 2068 1
848 832 2032 1
808 709 946 1
407 413 1253 1
375 2045 2154 1
932 931 1027 1
408 419 803 1
1175 1174 1290 1
571 570 572 1
1297 1161 2079 1
447 445 448 1
962 1287 2113 1
803 1060 1062 1
563 562 581 1
1873 855 2043 1
569 568 570 1
1459 1458 1510 1
1223 1903 2144 1
573 574 576 1
1313 1314 1440 1
860 777 2036 1
573 601 2052 1
844 915 916 1
1164 934 2046 1
1949 1948 2042 1
1440 1314 1441 1
2027 1260 2091 1
1935 1420 2106 1
273 271 496 1
648 650 2127 1
1253 1255 2129 1
582 620 638 1
135 2004 2074 1
751 698 2085 1
523 517 2230 1
1917 1960 2084 1
1301 1187 1828 1
233 99 2070 1
58 59 193 1
561 560 562 1
276 277 278 1
2013 2138 2468 1
1266 1472 2023 1
1961 914 2252 1
405 394 1963 1
782 1972 2045 1
1396 1153 1410 1
695 614 2076 1
1313 1271 1314 1
571 572 573 1
977 1223 2144 1
1468 1122 2017 1
1872 2027 2091 1
1965 1382 2178 1
1693 809 1698 1
1798 1302 2207 1
280 279 281 1
1086 2018 2106 1
2059 153 2060 1
1269 1271 1313 1
87 246 2099 1
1261 1798 2216 1
134 135 2074 1
515 942 2230 1
947 946 948 1
974 939 2035 1
802 1851 2267 1
638 620 639 1
1538 1207 1857 1
2109 1423 2134 1
2143 1800 2184 1
863 865 1958 1
2034 1253 2129 1
889 1052 2017 1
1299 1300 2130 1
1088 1267 2032 1
1945 1987 2080 1
569 570 571 1
1362 715 2049 1
1161 1363 2079 1
1342 1115 1389 1
759 1995 2142 1
1143 1892 1893 1
2044 1265 2065 1
712 2010 2115 1
380 782 2045 1
2018 1941 2106 1
843 844 1951 1
582 619 620 1
623 580 2088 1
2158 1509 2482 1
1682 741 2188 1
1029 1309 2043 1
567 566 568 1
1439 1992 2111 1
1691 2323 2446 1
1305 1805 2208 1
744 695 2076 1
579 625 2019 1
2122 1282 2140 1
567 568 569 1
1750 1301 2075 1
1915 547 2019 1
479 448 480 1
1302 2001 2153 1
1960 966 2084 1
1948 1388 2042 1
2093 1354 2094 1
820 852 2049 1
1791 570 2159 1
1180 989 2109 1
933 1668 2438 1
70 71 214 1
278 277 279 1
1626 1775 2353 1
671 643 2051 1
1282 1720 2140 1
1192 1193 1982 1
1114 948 1115 1
1445 737 2274 1
1883 1103 2092 1
556 480 557 1
1260 1292 2091 1
1426 1093 1558 1
2013 2026 2145 1
1619 1146 2176 1
1319 1295 1506 1
1173 1028 1174 1
1363 1997 2097 1
1991 772 2108 1
803 1062 1296 1
641 789 2051 1
1159 793 1276 1
1262 1863 2163 1
1910 2009 2113 1
415 410 2107 1
269 267 801 1
1268 1940 2105 1
1544 1494 2239 1
1992 1425 2111 1
226 134 2074 1
1646 1389 1647 1
1474 1763 2489 1
815 1394 2098 1
274 275 276 1
1242 1283 1463 1
1987 1275 2080 1
758 2034 2129 1
681 1968 2117 1
1625 1444 2123 1
1346 1435 1502 1
811 949 1240 1
246 88 2120 1
1353 1341 1354 1
792 924 933 1
95 199 2136 1
1572 1150 2053 1
92 229 2119 1
1489 1460 2422 1
26 27 2116 1
816 980 2157 1
1174 1028 2139 1
789 823 2068 1
1240 1241 1242 1
1822 1777 2102 1
804 423 976 1
643 641 2051 1
563 581 582 1
1024 863 1958 1
801 267 2233 1
976 423 2107 1
1273 1917 2084 1
689 648 2127 1
772 1962 2108 1
950 1951 2039 1
276 275 277 1
1974 1975 2083 1
835 2221 2232 1
1084 1945 2080 1
1322 1605 2260 1
1852 375 2154 1
1699 1572 2160 1
1084 2080 2122 1
561 563 886 1
870 868 885 1
1402 1015 2098 1
1686 1361 2141 1
981 744 2076 1
1101 911 1104 1
565 566 567 1
431 443 791 1
574 577 2058 1
823 1014 2068 1
764 1262 2163 1
163 164 2124 1
91 92 2119 1
2009 960 2113 1
987 1970 2109 1
565 564 566 1
1172 1576 2112 1
1356 1090 2177 1
1163 1622 2415 1
1726 1299 2130 1
926 928 929 1
1543 1911 2097 1
520 1808 2235 1
2132 1751 2189 1
1449 1448 2110 1
199 96 2101 1
1103 1928 2092 1
1997 1543 2097 1
989 987 2109 1
260 797 2175 1
1941 1935 2106 1
1149 1540 2072 1
571 573 2052 1
610 1830 2214 1
552 1899 2143 1
2316 2352 2536 1
1066 1093 1124 1
1049 263 2103 1
2188 1316 2247 1
829 576 2058 1
131 132 2125 1
1015 815 2098 1
1970 1423 2109 1
1085 1871 2118 1
1124 1426 1427 1
313 315 2096 1
1303 1053 2170 1
2118 1880 2131 1
1311 2148 2245 1
272 273 274 1
1301 1828 2089 1
88 89 2120 1
1567 1037 2072 1
2209 1902 2215 1
1723 2164 2191 1
916 1149 2072 1
576 574 2058 1
259 2181 2288 1
90 91 2121 1
2078 1240 2180 1
7 8 255 1
871 881 882 1
2106 1420 2153 1
1262 1991 2108 1
316 313 2096 1
557 564 565 1
795 873 874 1
437 450 1312 1
561 562 563 1
1929 2235 2281 1
1425 1680 2111 1
2026 2015 2145 1
577 1286 2058 1
2045 1972 2154 1
501 454 1986 1
761 1823 2211 1
869 870 871 1
702 305 2126 1
2051 789 2068 1
303 301 2077 1
960 962 2113 1
592 594 2199 1
274 273 275 1
536 552 2143 1
929 931 932 1
428 418 2132 1
203 26 2116 1
1696 1694 1697 1
1572 2088 2160 1
2113 1287 2165 1
1252 1643 2256 1
557 480 564 1
1428 2116 2298 1
1798 2207 2216 1
2311 1825 2330 1
866 864 1335 1
2184 1800 2208 1
863 864 865 1
1223 1419 2131 1
865 866 867 1
1338 1339 1711 1
1270 2105 2179 1
2039 1623 2279 1
448 445 999 1
120 216 257 1
1119 1529 2179 1
301 344 2077 1
418 1751 2132 1
915 720 2082 1
1109 1084 2122 1
1175 1290 1291 1
1175 1291 1338 1
1037 916 2072 1
114 115 213 1
305 303 2126 1
1240 1242 2180 1
1730 956 2135 1
164 228 2124 1
1990 1232 2210 1
1829 1147 2279 1
867 868 869 1
1320 1205 2231 1
602 829 2082 1
440 433 2187 1
1528 1344 2271 1
400 408 2090 1
556 557 2063 1
2050 166 2128 1
1723 1185 2195 1
1340 1264 1341 1
1263 1118 1264 1
1353 1354 2093 1
225 1680 2317 1
265 263 1049 1
89 191 2120 1
709 556 2063 1
1066 882 1093 1
1018 859 2176 1
1539 2454 2473 1
2015 2016 2145 1
191 90 2121 1
570 568 2159 1
1337 1336 2150 1
1660 1658 2461 1
1922 1331 2257 1
492 560 561 1
1173 1174 1175 1
445 428 2132 1
1556 1294 2218 1
1865 2084 2162 1
1622 907 2349 1
1858 1166 2259 1
270 430 2114 1
2148 1950 2245 1
270 271 272 1
1124 1093 1426 1
1427 1426 2100 1
127 231 2031 1
80 81 2137 1
1115 948 1311 1
835 2232 2274 1
932 1028 1172 1
766 1852 2191 1
2088 548 2160 1
2105 1119 2179 1
1137 1535 1536 1
1086 2106 2153 1
720 602 2082 1
1504 1673 2408 1
272 271 273 1
871 870 881 1
1307 1784 2314 1
1901 1430 2215 1
1874 349 2254 1
1172 1173 1575 1
1049 2103 2104 1
1238 1225 2149 1
1910 2113 2165 1
2076 1819 2170 1
932 1027 1028 1
2069 1596 2531 1
1109 2122 2140 1
521 536 2143 1
1751 1288 2189 1
1896 1895 2168 1
1958 1002 2171 1
520 518 2184 1
282 284 2201 1
1338 1291 1339 1
829 2058 2174 1
1292 977 2144 1
2058 1286 2174 1
1486 1180 2134 1
2024 194 2467 1
718 816 2157 1
1411 1458 1459 1
1454 1645 2377 1
946 709 2063 1
1741 1296 2306 1
2084 966 2162 1
869 868 870 1
999 2132 2189 1
910 1038 1152 1
303 2077 2126 1
1852 2154 2191 1
2278 2004 2458 1
1503 2492 2493 1
1340 1341 1353 1
1344 1004 2258 1
234 80 2137 1
1380 2180 2213 1
1294 1031 2218 1
1837 540 2277 1
863 775 864 1
980 1263 2157 1
874 909 910 1
1328 1024 1958 1
1979 1109 2140 1
568 907 2159 1
20 21 2158 1
1419 2118 2131 1
408 803 2090 1
1090 872 2177 1
791 1579 2484 1
2135 1131 2167 1
1290 1174 2133 1
1396 1410 1411 1
867 866 868 1
488 500 2229 1
2081 94 2136 1
865 864 866 1
759 2142 2236 1
1152 1153 1396 1
765 1837 2266 1
1861 766 2164 1
1298 2162 2197 1
1913 1437 2286 1
55 56 2151 1
307 702 2186 1
1004 1003 2253 1
2104 2103 2335 1
773 501 1986 1
472 1965 2178 1
1306 970 2193 1
24 1630 2405 1
1680 1464 2317 1
243 1983 2302 1
1172 1028 1173 1
1011 2032 2138 1
69 70 2227 1
968 1164 2193 1
1555 764 2163 1
268 269 270 1
225 35 2237 1
846 2078 2180 1
2063 1950 2148 1
1362 2366 2449 1
202 131 2125 1
803 1296 2090 1
52 245 2200 1
270 269 271 1
405 1963 2166 1
188 51 2200 1
980 1118 1263 1
1579 424 2484 1
539 1913 2286 1
1638 1400 2292 1
1841 765 2263 1
1479 405 2166 1
1016 1295 1319 1
2219 1433 2229 1
981 2076 2170 1
1127 1400 2202 1
2001 1086 2153 1
91 2119 2121 1
314 311 2204 1
500 1910 2165 1
215 55 2151 1
1972 1284 2154 1
2032 1267 2138 1
1269 1313 2142 1
1995 1233 2142 1
1319 1506 1507 1
2075 1301 2089 1
2210 1232 2244 1
999 445 2132 1
1030 1307 2218 1
1411 1459 1642 1
911 804 2172 1
1752 1356 2177 1
1232 1841 2244 1
1263 1264 1340 1
1929 514 2235 1
2062 486 2229 1
1482 2082 2185 1
1348 1840 2332 1
1 2 254 1
966 2003 2162 1
205 1589 2262 1
1152 1396 1505 1
328 324 2254 1
1511 1283 2240 1
2014 1476 2487 1
1302 2153 2207 1
2154 1284 2191 1
1374 1695 2312 1
2263 765 2266 1
1430 2211 2226 1
1499 2449 2455 1
2390 1504 2530 1
540 535 2286 1
245 2075 2200 1
266 267 268 1
1476 1475 2487 1
2142 1313 2236 1
1306 2193 2284 1
1810 1811 2391 1
228 2050 2231 1
1720 1447 2472 1
4 5 212 1
1358 1356 1752 1
804 976 2172 1
1053 981 2170 1
268 267 269 1
1618 1145 2464 1
2277 540 2283 1
516 520 2235 1
930 927 2394 1
561 886 2146 1
1233 1269 2142 1
2181 250 2288 1
1830 747 2182 1
521 2143 2184 1
531 2255 2338 1
874 910 1316 1
1433 2062 2229 1
1104 911 2172 1
173 174 2183 1
1286 1499 2174 1
1342 1646 2326 1
2153 1420 2207 1
518 521 2184 1
1754 858 2217 1
1004 2253 2258 1
1763 434 2489 1
1408 1406 2310 1
1476 2012 2327 1
51 52 2200 1
1287 1438 2250 1
2266 1837 2277 1
206 20 2158 1
1017 1019 2202 1
1953 759 2236 1
1027 1137 2139 1
248 173 2183 1
1615 922 2539 1
1566 1500 2198 1
824 1820 2391 1
1144 1654 2394 1
18 19 2225 1
1896 2308 2540 1
1725 1726 2282 1
1587 1160 2272 1
121 122 2181 1
36 1996 2237 1
1694 1693 2196 1
175 176 2206 1
1623 1624 2279 1
2420 237 2440 1
693 1615 2539 1
531 529 2255 1
1303 2170 2214 1
1832 761 2192 1
1064 2036 2287 1
123 124 2169 1
309 307 2186 1
1292 1902 2209 1
2189 1480 2275 1
450 492 2146 1
741 795 2188 1
122 250 2181 1
885 868 2161 1
455 440 2187 1
192 149 2264 1
1526 1451 2433 1
259 216 2181 1
240 2350 2374 1
1097 2241 2416 1
264 265 266 1
1344 2258 2271 1
19 206 2225 1
1028 1027 2139 1
266 265 267 1
933 924 2190 1
1169 1303 2248 1
1528 2271 2305 1
2234 1078 2268 1
1243 2217 2303 1
564 480 2155 1
924 926 2190 1
1284 1723 2191 1
1163 2415 2426 1
2250 1438 2253 1
1175 1338 2147 1
970 968 2193 1
1447 1883 2307 1
2197 796 2210 1
1335 864 2173 1
929 2112 2190 1
1312 450 2146 1
948 946 2148 1
1923 671 2205 1
480 448 2155 1
594 721 2199 1
1185 1297 2195 1
926 929 2190 1
1487 1146 1619 1
216 121 2181 1
1779 523 2284 1
866 1335 2161 1
448 999 2155 1
1857 1347 2345 1
56 247 2151 1
492 561 2146 1
2068 1417 2205 1
2082 829 2185 1
767 282 2201 1
1563 1961 2252 1
930 1642 2423 1
1575 1173 2147 1
1460 1350 2294 1
57 58 2194 1
1387 2179 2278 1
1800 1305 2208 1
1420 499 2207 1
2207 499 2216 1
28 227 2298 1
2163 1252 2256 1
775 773 2173 1
311 309 2204 1
2215 1430 2226 1
288 762 2309 1
2003 796 2197 1
204 175 2206 1
1173 1175 2147 1
1311 948 2148 1
1516 1328 2171 1
1437 1329 2283 1
45 243 2302 1
264 263 265 1
309 2186 2204 1
1775 2320 2353 1
190 44 2302 1
671 2051 2205 1
1430 1429 2211 1
174 204 2183 1
2095 198 2441 1
250 123 2169 1
2170 1819 2214 1
2449 1073 2455 1
1902 1901 2215 1
2162 2003 2197 1
262 263 264 1
946 2063 2148 1
183 184 2242 1
2205 1417 2268 1
67 68 241 1
1484 1483 2429 1
1819 610 2214 1
1159 1277 2272 1
2116 1428 2382 1
1137 1536 2139 1
1668 1477 2507 1
868 866 2161 1
2091 1292 2209 1
776 2091 2209 1
2225 1535 2432 1
1436 2210 2244 1
389 286 2309 1
257 216 258 1
2235 1808 2281 1
1315 1433 2219 1
2175 1636 2515 1
2070 100 2262 1
499 2062 2216 1
795 874 2188 1
1031 1030 2218 1
2051 2068 2205 1
2206 176 2269 1
1365 1465 2330 1
1610 1611 2402 1
1490 1864 2474 1
2103 261 2288 1
796 1990 2210 1
2100 1426 2221 1
238 1780 2312 1
517 515 2230 1
2386 1827 2407 1
74 75 2203 1
829 2174 2185 1
124 211 2169 1
2167 1980 2348 1
864 775 2173 1
1376 1878 2341 1
2096 973 2359 1
1870 998 2226 1
2337 638 2379 1
1127 1398 1400 1
2193 1779 2284 1
1766 1765 2365 1
486 488 2229 1
193 59 2156 1
1693 1698 2196 1
1494 1734 2239 1
34 225 2317 1
1727 1489 2422 1
14 15 2222 1
1349 1718 2321 1
453 1638 2479 1
1328 1958 2171 1
802 2267 2320 1
60 61 2212 1
1776 399 2249 1
1525 1526 2500 1
773 1986 2173 1
41 42 2322 1
2244 1841 2263 1
2317 1464 2376 1
1620 1162 2362 1
247 57 2194 1
1426 1558 2221 1
1894 1893 2485 1
478 1682 2247 1
858 1016 2217 1
1303 2182 2248 1
2092 1928 2435 1
1923 2205 2268 1
2221 1558 2232 1
176 177 2269 1
1697 1694 2196 1
1339 1291 2220 1
262 261 263 1
1603 1552 2243 1
35 36 2237 1
1478 1515 2510 1
1684 439 2490 1
1205 1468 2231 1
260 261 262 1
1551 1525 2524 1
514 516 2235 1
2059 2060 2223 1
801 1666 2360 1
330 1773 2363 1
1417 1416 2234 1
1423 1413 2285 1
2047 1821 2514 1
2356 229 2528 1
1291 1509 2220 1
1839 1838 2355 1
1016 1319 2217 1
1136 931 2423 1
1242 1463 2213 1
1740 1322 2260 1
2377 1645 2417 1
1807 1825 2311 1
1364 1366 2340 1
222 1631 2504 1
1452 2242 2261 1
874 1316 2188 1
101 205 2262 1
256 1599 2392 1
118 119 2351 1
2016 219 2357 1
1237 1348 2332 1
1802 1923 2268 1
1702 1727 2422 1
2340 1366 2346 1
1313 1440 2236 1
2234 1416 2241 1
1898 1333 2313 1
1416 1418 2241 1
2055 192 2285 1
1908 2096 2359 1
1495 2047 2514 1
1595 1596 2336 1
1503 1435 2238 1
1999 1436 2244 1
1171 1169 2248 1
1808 1806 2281 1
500 2165 2219 1
1283 1794 2240 1
2156 60 2212 1
2116 27 2298 1
100 101 2262 1
1296 1062 2306 1
1267 1228 2327 1
1101 1104 2299 1
810 298 2363 1
1311 1650 2381 1
817 1154 2483 1
2265 253 2408 1
1950 626 2245 1
1003 1315 2253 1
75 198 2203 1
300 330 2363 1
1230 1476 2327 1
1630 1629 2405 1
1366 1110 2358 1
1310 1051 2407 1
439 1897 2490 1
1541 1858 2259 1
133 226 2347 1
1794 2303 2378 1
2182 1922 2248 1
2473 1219 2512 1
2180 1242 2213 1
12 13 2246 1
349 328 2254 1
1487 1664 2495 1
1743 1742 2409 1
2101 97 2329 1
1975 1100 2336 1
1538 2101 2329 1
1680 225 2305 1
1640 1563 2252 1
553 534 2338 1
98 233 2329 1
1331 1332 2257 1
104 236 2293 1
260 259 261 1
399 2090 2249 1
1354 1341 2328 1
267 265 2233 1
1373 1780 2273 1
998 2215 2226 1
252 183 2242 1
251 74 2203 1
1352 2048 2367 1
908 2100 2221 1
197 1700 2424 1
2255 1465 2338 1
1315 2250 2253 1
1458 1410 2390 1
231 128 2323 1
2179 1529 2278 1
1321 1320 2397 1
2257 1332 2270 1
529 533 2255 1
2281 1806 2297 1
1747 1497 2410 1
207 14 2222 1
1428 1367 2382 1
2253 1438 2258 1
737 835 2274 1
1438 1439 2258 1
186 1 2300 1
928 930 2423 1
1154 1670 2510 1
58 193 2194 1
1780 1374 2312 1
2492 2228 2493 1
1318 2263 2266 1
1806 1807 2297 1
117 118 242 1
1442 2206 2269 1
1386 1844 2380 1
149 150 2264 1
1648 1588 2293 1
265 1049 2233 1
1843 1818 2398 1
1717 1725 2282 1
582 638 2337 1
1469 1470 2364 1
82 187 2343 1
1060 1061 2437 1
66 67 2295 1
1811 1592 2419 1
22 232 2385 1
258 259 260 1
184 185 2261 1
220 1715 2521 1
629 308 2410 1
1666 1404 2403 1
1332 1600 2270 1
1636 1550 2515 1
1317 1318 2266 1
1944 2155 2275 1
241 2238 2401 1
1999 2244 2263 1
106 107 2334 1
2461 1658 2501 1
1160 1159 2272 1
1318 1999 2263 1
1978 1979 2356 1
310 1747 2410 1
103 104 2293 1
2036 1957 2346 1
1981 1595 2336 1
13 207 2246 1
2275 1480 2349 1
1007 1148 2455 1
496 271 2360 1
1500 1443 2431 1
1067 1204 2442 1
553 2338 2340 1
1851 2157 2267 1
1688 2125 2347 1
200 32 2376 1
1317 2266 2277 1
264 453 2479 1
1980 2356 2528 1
1931 1386 2380 1
242 2351 2445 1
617 693 2539 1
1862 1312 2291 1
2165 1287 2250 1
195 137 2373 1
1567 2072 2304 1
2258 1439 2271 1
185 217 2261 1
1920 1317 2277 1
891 1454 2377 1
1724 2369 2434 1
535 539 2286 1
10 11 2265 1
177 239 2269 1
61 238 2212 1
2090 1296 2249 1
1193 1567 2276 1
1498 2366 2417 1
1471 1064 2287 1
70 214 2227 1
79 234 2393 1
2110 886 2337 1
1418 1894 2416 1
1329 1920 2283 1
1555 2163 2256 1
2366 1498 2449 1
886 563 2337 1
861 756 2370 1
1147 2039 2279 1
1894 1896 2416 1
852 851 2377 1
959 1929 2281 1
1630 24 2538 1
1424 1898 2430 1
1415 1952 2387 1
1920 2277 2283 1
1892 2137 2343 1
2157 1263 2267 1
23 24 2405 1
2227 214 2228 1
2219 2165 2250 1
424 425 2484 1
1642 930 2418 1
1465 2255 2330 1
1491 1493 2465 1
959 2281 2297 1
1439 2111 2271 1
1598 1306 2284 1
760 1827 2386 1
1590 1204 2498 1
27 28 2298 1
1928 2308 2435 1
1560 1381 2517 1
1263 1340 2267 1
253 12 2246 1
1387 2278 2458 1
973 1620 2359 1
1315 2219 2250 1
2021 197 2478 1
1255 1254 2412 1
1579 791 2507 1
269 801 2360 1
1011 2138 2388 1
1621 979 2399 1
430 272 2413 1
1105 1993 2514 1
2061 760 2386 1
1593 1059 2529 1
1516 1759 2503 1
922 630 2539 1
1914 1219 2473 1
1501 1427 2289 1
217 186 2300 1
2218 1307 2314 1
2297 1807 2311 1
1375 1376 2372 1
1596 196 2531 1
1450 1278 2386 1
276 414 2459 1
1553 1537 2344 1
1442 1360 2354 1
1633 1473 2489 1
11 253 2265 1
1350 1352 2294 1
44 45 2302 1
258 216 259 1
2155 999 2275 1
139 220 2521 1
2134 1423 2285 1
2125 132 2347 1
170 235 2402 1
1335 2173 2296 1
2146 886 2291 1
2423 1642 2448 1
1986 455 2296 1
1515 2086 2444 1
2217 1319 2303 1
1976 959 2297 1
314 2204 2535 1
2137 81 2343 1
1434 1345 2316 1
999 2189 2275 1
1145 937 2464 1
236 105 2404 1
1927 235 2494 1
1511 2240 2413 1
1312 2146 2291 1
1257 1462 2412 1
1529 1457 2457 1
2173 1986 2296 1
444 317 2535 1
1334 1684 2474 1
161 197 2424 1
1421 1101 2299 1
797 262 2479 1
1362 2049 2366 1
16 237 2420 1
1944 2275 2349 1
1545 1833 2450 1
130 202 2446 1
1864 1047 2474 1
31 200 2463 1
194 155 2467 1
1596 2069 2511 1
1926 1927 2333 1
1590 1179 2520 1
249 78 2393 1
1488 1560 2522 1
1509 1290 2482 1
197 162 2478 1
156 244 2467 1
201 168 2534 1
235 171 2494 1
1381 2094 2517 1
151 222 2504 1
8 9 2301 1
1724 1445 2369 1
2511 2069 2526 1
109 110 2374 1
1510 2420 2440 1
2270 1600 2400 1
106 2334 2404 1
42 43 2491 1
29 30 2508 1
1525 2500 2524 1
1483 2367 2429 1
286 288 2309 1
1760 179 2425 1
2072 1540 2304 1
1062 1484 2306 1
77 249 2441 1
196 38 2531 1
2271 2111 2305 1
434 1763 2516 1
1471 2358 2371 1
1466 1531 2497 1
1115 1311 2381 1
1600 1431 2428 1
496 1998 2452 1
128 129 2323 1
1573 1408 2310 1
434 277 2469 1
2242 184 2261 1
1417 2234 2268 1
1613 1926 2333 1
1472 1471 2371 1
2251 255 2301 1
2287 1366 2358 1
1319 1507 2303 1
2238 1435 2401 1
218 10 2265 1
2119 229 2356 1
2402 1611 2534 1
33 34 2317 1
1976 2297 2311 1
1152 1505 2383 1
205 102 2471 1
1355 1357 2325 1
2111 1680 2305 1
119 257 2351 1
2369 2198 2434 1
2204 1532 2535 1
2110 2337 2379 1
1333 1854 2313 1
1883 2092 2307 1
257 1514 2351 1
2255 533 2330 1
533 1976 2311 1
1455 2030 2375 1
1400 1398 2292 1
792 933 2438 1
261 259 2288 1
2158 21 2385 1
1495 392 2527 1
179 180 2425 1
2047 1495 2527 1
126 2031 2496 1
39 2069 2531 1
1482 2185 2513 1
2138 1267 2468 1
1556 2218 2314 1
221 41 2322 1
1780 238 2447 1
1348 1349 2321 1
2185 2174 2342 1
9 218 2301 1
115 116 2319 1
1061 2294 2437 1
113 114 2315 1
2206 1442 2354 1
273 496 2452 1
1531 1467 2502 1
1953 2236 2318 1
237 17 2432 1
1398 1636 2292 1
2267 1340 2320 1
64 65 208 1
97 98 2329 1
200 2376 2430 1
2240 430 2413 1
1677 214 2456 1
203 2116 2382 1
1979 2140 2395 1
2243 1552 2476 1
163 2124 2478 1
279 434 2516 1
1742 1342 2326 1
1411 1642 2418 1
172 248 2494 1
2438 1668 2507 1
2344 1537 2519 1
1316 910 2383 1
1385 1490 2490 1
1151 1618 2525 1
109 2374 2436 1
2459 414 2477 1
2168 230 2308 1
68 69 2339 1
2031 1557 2496 1
240 111 2392 1
1772 786 2533 1
1531 2491 2497 1
1825 1365 2330 1
73 251 2499 1
1228 1230 2327 1
1 254 2300 1
1340 1353 2320 1
1601 1953 2318 1
1511 2413 2459 1
2166 1963 2454 1
1440 1441 2324 1
18 2225 2432 1
210 108 2436 1
2129 1255 2486 1
922 1615 2429 1
206 2158 2482 1
256 113 2315 1
238 62 2447 1
228 2231 2466 1
1360 2040 2354 1
431 791 2484 1
1341 1524 2328 1
242 118 2351 1
1697 1743 2488 1
1505 1396 2418 1
2351 1514 2445 1
1414 1415 2414 1
2318 1440 2324 1
69 2227 2339 1
1239 1237 2332 1
198 76 2441 1
255 8 2301 1
2324 1441 2331 1
1441 1715 2331 1
1534 1136 2448 1
211 125 2496 1
1456 2166 2454 1
2025 244 2428 1
251 2041 2499 1
81 82 2343 1
2236 1440 2318 1
638 2007 2379 1
553 2340 2346 1
132 133 2347 1
201 1989 2397 1
1100 1981 2336 1
1465 1364 2340 1
534 531 2338 1
33 2317 2376 1
1006 1772 2523 1
1878 1239 2341 1
1622 2349 2415 1
1471 2287 2358 1
1461 1621 2493 1
254 1678 2443 1
1145 1618 2520 1
2103 2288 2335 1
563 582 2337 1
732 771 2460 1
107 210 2334 1
1347 1403 2345 1
1148 2342 2455 1
1549 1446 2470 1
233 2344 2519 1
2320 1353 2353 1
1933 1707 2532 1
2285 192 2509 1
1773 1375 2372 1
1239 2332 2341 1
2048 922 2367 1
1838 810 2355 1
112 256 2392 1
1957 553 2346 1
2296 1660 2461 1
2223 1949 2439 1
1720 191 2395 1
67 241 2295 1
194 2023 2451 1
24 25 2538 1
1980 1978 2356 1
114 213 2315 1
756 1766 2375 1
1162 861 2364 1
222 2059 2439 1
2365 1035 2368 1
2338 1465 2340 1
200 2313 2463 1
2299 1104 2369 1
298 300 2363 1
1051 2384 2407 1
2231 1468 2466 1
2222 15 2420 1
1110 1111 2358 1
219 2054 2357 1
907 1944 2349 1
1035 1138 2368 1
213 115 2319 1
2128 201 2397 1
1645 1597 2417 1
2264 150 2504 1
250 2169 2335 1
2334 1586 2404 1
233 2070 2344 1
137 138 2373 1
1765 1035 2365 1
1515 2444 2483 1
2073 1463 2477 1
1470 1907 2362 1
2042 222 2439 1
1104 2198 2369 1
2523 1772 2533 1
65 66 2352 1
2379 2007 2406 1
1701 160 2424 1
214 71 2456 1
111 112 2392 1
1927 2289 2333 1
195 2056 2458 1
1510 2222 2420 1
1353 2093 2353 1
2358 1111 2371 1
32 33 2376 1
245 1792 2361 1
1504 2408 2530 1
2288 250 2335 1
2174 1499 2342 1
21 22 2385 1
2060 194 2451 1
2007 824 2406 1
1403 2167 2348 1
927 1144 2394 1
2069 221 2526 1
241 68 2339 1
244 2057 2428 1
5 6 2476 1
1219 1495 2512 1
1111 1949 2371 1
2075 245 2361 1
2322 1531 2502 1
2238 241 2339 1
2030 1469 2370 1
1750 2075 2361 1
1367 1491 2382 1
271 269 2360 1
2073 2477 2532 1
2228 1461 2493 1
1864 1490 2525 1
2049 852 2366 1
851 891 2377 1
1410 1504 2390 1
78 79 2393 1
1376 2355 2372 1
242 2152 2427 1
1975 2511 2526 1
1498 1073 2449 1
1034 1931 2380 1
1701 1395 2400 1
1097 2416 2540 1
1497 1414 2414 1
2134 2285 2509 1
1673 1674 2408 1
1034 2380 2387 1
105 106 2404 1
1820 1810 2391 1
2145 2016 2388 1
1593 1450 2384 1
169 170 2402 1
204 2206 2354 1
1061 1702 2422 1
1818 629 2398 1
2442 1590 2520 1
103 2293 2471 1
1952 1034 2387 1
1335 2296 2461 1
1539 2473 2512 1
2323 129 2446 1
110 240 2374 1
2104 2335 2537 1
1389 1115 2381 1
2035 1011 2388 1
1278 2061 2386 1
2140 1720 2395 1
2294 1352 2437 1
2354 2040 2453 1
4 212 2411 1
221 2502 2526 1
1404 1405 2403 1
910 1152 2383 1
1749 1954 2506 1
2344 2070 2480 1
1449 2110 2379 1
1827 1310 2407 1
1449 2379 2406 1
2374 1517 2436 1
6 2243 2476 1
2347 226 2457 1
1928 1097 2540 1
191 2121 2395 1
2293 1588 2471 1
1059 1749 2529 1
1435 1434 2401 1
308 310 2410 1
232 23 2405 1
1647 1389 2396 1
254 2 2475 1
1989 1321 2397 1
1389 2381 2396 1
15 16 2420 1
1462 1449 2406 1
1954 847 2506 1
2331 220 2487 1
230 2099 2435 1
1502 1503 2399 1
771 1724 2434 1
1550 2152 2445 1
1451 1452 2433 1
204 2354 2453 1
1592 1591 2419 1
17 18 2432 1
3 4 2411 1
1503 2238 2492 1
1254 1257 2412 1
2339 2227 2492 1
1480 1479 2415 1
2376 1464 2430 1
108 109 2436 1
160 161 2424 1
1255 2419 2486 1
272 274 2413 1
246 2120 2472 1
2273 1780 2447 1
931 928 2423 1
1618 2464 2525 1
2152 2319 2427 1
1514 2175 2515 1
247 2194 2409 1
2486 1591 2498 1
1700 1701 2424 1
2349 1480 2415 1
116 117 2427 1
2152 242 2445 1
1395 2270 2400 1
2373 138 2521 1
62 63 2447 1
1431 2025 2428 1
66 2295 2352 1
1443 1545 2431 1
76 77 2441 1
129 130 2446 1
1833 1594 2450 1
1483 1060 2437 1
1464 1424 2430 1
847 732 2460 1
1787 2486 2498 1
1396 1411 2418 1
2415 1479 2426 1
1857 2345 2505 1
1452 2261 2433 1
221 2322 2502 1
2261 217 2433 1
1267 2327 2468 1
1445 2299 2369 1
2413 274 2459 1
71 72 2456 1
1618 1067 2442 1
180 209 2425 1
1415 2398 2414 1
2303 1507 2378 1
1787 2129 2486 1
2416 1896 2540 1
2399 979 2444 1
1749 2506 2529 1
192 2264 2509 1
791 792 2438 1
169 2402 2534 1
1073 1007 2455 1
979 817 2483 1
1479 2166 2426 1
2040 1501 2453 1
1949 2042 2439 1
190 2302 2462 1
1707 2073 2532 1
2004 195 2458 1
2086 1502 2444 1
102 103 2471 1
2059 2223 2439 1
2124 228 2466 1
1447 2307 2472 1
1468 2022 2466 1
30 31 2463 1
2169 211 2537 1
2030 2370 2375 1
2056 1387 2458 1
1457 1688 2457 1
117 242 2427 1
220 2014 2487 1
2300 254 2443 1
2241 1418 2416 1
155 156 2467 1
1477 1579 2507 1
125 126 2496 1
1204 1787 2498 1
256 2315 2389 1
1499 1362 2449 1
1472 2223 2451 1
162 163 2478 1
2477 414 2532 1
2022 2124 2466 1
2370 756 2375 1
2012 2013 2468 1
72 73 2499 1
1586 1585 2518 1
1963 768 2454 1
937 1864 2464 1
171 172 2494 1
2343 187 2485 1
274 276 2459 1
275 273 2452 1
2023 1472 2451 1
768 1914 2473 1
2308 1928 2540 1
2238 2339 2492 1
2223 2060 2451 1
1470 2362 2364 1
2362 1162 2364 1
2454 768 2473 1
2 3 2475 1
1047 1334 2474 1
1502 2399 2444 1
1897 1385 2490 1
2315 213 2470 1
210 2436 2495 1
1642 1459 2448 1
1493 1630 2465 1
2342 1499 2455 1
2355 810 2372 1
2319 116 2427 1
1821 1105 2514 1
2313 1854 2463 1
275 2452 2469 1
771 2431 2460 1
25 203 2538 1
1517 1487 2495 1
1473 1474 2489 1
1537 1538 2519 1
2198 1500 2434 1
1148 1006 2523 1
277 275 2469 1
1591 1590 2498 1
208 65 2352 1
168 169 2534 1
2307 246 2472 1
2326 247 2409 1
43 190 2491 1
630 617 2539 1
138 139 2521 1
425 431 2484 1
414 1933 2532 1
1481 1466 2497 1
1463 1511 2477 1
2506 1594 2529 1
150 151 2504 1
262 264 2479 1
1678 1358 2500 1
1975 2336 2511 1
1993 1539 2512 1
2348 1980 2528 1
1893 1892 2485 1
1891 1488 2522 1
1434 2316 2536 1
1179 1145 2520 1
1490 1151 2525 1
227 29 2508 1
1485 1482 2513 1
38 39 2531 1
2183 204 2453 1
1742 2326 2409 1
1511 2459 2477 1
2070 2262 2480 1
2251 2301 2481 1
2161 1335 2461 1
1594 1593 2529 1
1467 2083 2502 1
2264 1486 2509 1
2456 72 2499 1
317 314 2535 1
281 279 2516 1
1688 2347 2457 1
2227 2228 2492 1
212 5 2476 1
236 2404 2518 1
392 1964 2527 1
2329 233 2519 1
1290 2133 2482 1
199 2101 2505 1
2295 241 2401 1
1540 1485 2533 1
1485 2523 2533 1
229 2081 2528 1
2502 2083 2526 1
885 2161 2501 1
2389 2315 2470 1
2308 230 2435 1
1589 2290 2480 1
2444 979 2483 1
1486 2134 2509 1
2491 190 2497 1
2083 1975 2526 1
2262 1589 2480 1
2500 1358 2524 1
2384 1450 2407 1
1358 1752 2524 1
2301 218 2481 1
3 2411 2475 1
2399 1503 2493 1
2327 2012 2468 1
2366 852 2417 1
2161 2461 2501 1
2302 1983 2462 1
1675 2251 2481 1
2398 629 2414 1
847 2450 2506 1
1621 2399 2493 1
2367 922 2429 1
1550 2445 2515 1
2411 1679 2475 1
1892 2343 2485 1
1475 2331 2487 1
211 2421 2537 1
2425 209 2503 1
253 2246 2530 1
1538 2329 2519 1
190 2462 2497 1
2436 1517 2495 1
2345 199 2505 1
2295 2401 2536 1
2336 1596 2511 1
2462 1481 2497 1
2419 1591 2486 1
2421 2104 2537 1
2081 2348 2528 1
2408 253 2530 1
2443 1678 2500 1
2431 1545 2460 1
1446 2389 2470 1
2404 1586 2518 1
2335 2169 2537 1
1526 2443 2500 1
2401 1434 2536 1
2445 1514 2515 1
2352 2295 2536 1
791 2438 2507 1
1618 2442 2520 1
2450 1594 2506 1
203 2465 2538 1
2513 1148 2523 1
2464 1864 2525 1
2465 1630 2538 1
1485 2513 2523 1

End
