MeshVersionFormatted 2
Dimension 3

Vertices
1494
1.1828793491899761e-01 -1.5798967158050212e-01 0.0000000000000000e+00 1
1.2458591296472521e-01 -1.5654658657021775e-01 0.0000000000000000e+00 1
1.3108289513904386e-01 -1.5438139193943981e-01 0.0000000000000000e+00 1
1.3775371566122815e-01 -1.5152959395869187e-01 0.0000000000000000e+00 1
1.4457320875055282e-01 -1.4802669889849732e-01 0.0000000000000000e+00 1
1.5151620862629242e-01 -1.4390821302937981e-01 0.0000000000000000e+00 1
1.5855754950772152e-01 -1.3920964262186275e-01 0.0000000000000000e+00 1
1.6567206561411485e-01 -1.3396649394646976e-01 0.0000000000000000e+00 1
1.7283459116474703e-01 -1.2821427327372434e-01 0.0000000000000000e+00 1
1.8001996037889265e-01 -1.2198848687414998e-01 0.0000000000000000e+00 1
1.8720300747582636e-01 -1.1532464101827022e-01 0.0000000000000000e+00 1
1.9435856667482279e-01 -1.0825824197660863e-01 0.0000000000000000e+00 1
2.0146147219515662e-01 -1.0082479601968872e-01 0.0000000000000000e+00 1
2.0848655825610235e-01 -9.3059809418033990e-02 0.0000000000000000e+00 1
2.1540865907693477e-01 -8.4998788442167961e-02 0.0000000000000000e+00 1
2.2220260887692841e-01 -7.6677239362614197e-02 0.0000000000000000e+00 1
2.2884324187535798e-01 -6.8130668449896209e-02 0.0000000000000000e+00 1
2.3530539229149802e-01 -5.9394581974537487e-02 0.0000000000000000e+00 1
2.4156389434462322e-01 -5.0504486207061605e-02 0.0000000000000000e+00 1
2.4759358225400818e-01 -4.1495887417992067e-02 0.0000000000000000e+00 1
2.5336929023892751e-01 -3.2404291877852397e-02 0.0000000000000000e+00 1
2.5886585251865590e-01 -2.3265205857166106e-02 0.0000000000000000e+00 1
2.6405810331246798e-01 -1.4114135626456765e-02 0.0000000000000000e+00 1
2.6892087683963839e-01 -4.9865874562478527e-03 0.0000000000000000e+00 1
2.7342900731944164e-01 4.0819323829370674e-03 0.0000000000000000e+00 1
2.7755732897115248e-01 1.3055917620574464e-02 0.0000000000000000e+00 1
2.8128067601404555e-01 2.1899861986140856e-02 0.0000000000000000e+00 1
2.8457388266739536e-01 3.0578259209112689e-02 0.0000000000000000e+00 1
2.8741178315047672e-01 3.9055603018966455e-02 0.0000000000000000e+00 1
2.8976921168256420e-01 4.7296387145178614e-02 0.0000000000000000e+00 1
2.9162100248293232e-01 5.5265105317225595e-02 0.0000000000000000e+00 1
2.9294198977085584e-01 6.2926251264583954e-02 0.0000000000000000e+00 1
2.9370700776560921e-01 7.0244318716730147e-02 0.0000000000000000e+00 1
2.9389089068646734e-01 7.7183801403140628e-02 0.0000000000000000e+00 1
2.9346847275270471e-01 8.3709193053291886e-02 0.0000000000000000e+00 1
2.9241458818359589e-01 8.9784987396660326e-02 0.0000000000000000e+00 1
2.9070407119841557e-01 9.5375678162722521e-02 0.0000000000000000e+00 1
2.8831175601643844e-01 1.0044575908095491e-01 0.0000000000000000e+00 1
2.8521247685693901e-01 1.0495972388083397e-01 0.0000000000000000e+00 1
2.8138106793919204e-01 1.0888206629183614e-01 0.0000000000000000e+00 1
2.7679236348247210e-01 1.1217728004343791e-01 0.0000000000000000e+00 1
2.7142119770605377e-01 1.1480985886511577e-01 0.0000000000000000e+00 1
2.6333702087642824e-01 1.1784528678863021e-01 0.0000000000000000e+00 1
2.5486557067509974e-01 1.2069572788286240e-01 0.0000000000000000e+00 1
2.4602370674023233e-01 1.2336189919157764e-01 0.0000000000000000e+00 1
2.3682828870999004e-01 1.2584451775854147e-01 0.0000000000000000e+00 1
2.2729617622253714e-01 1.2814430062751925e-01 0.0000000000000000e+00 1
2.1744422891603779e-01 1.3026196484227665e-01 0.0000000000000000e+00 1
2.0728930642865603e-01 1.3219822744657891e-01 0.0000000000000000e+00 1
1.9684826839855599e-01 1.3395380548419156e-01 0.0000000000000000e+00 1
1.8613797446390187e-01 1.3552941599888008e-01 0.0000000000000000e+00 1
1.7517528426285786e-01 1.3692577603440995e-01 0.0000000000000000e+00 1
1.6397705743358804e-01 1.3814360263454659e-01 0.0000000000000000e+00 1
1.5256015361425643e-01 1.3918361284305544e-01 0.0000000000000000e+00 1
1.4094143244302729e-01 1.4004652370370194e-01 0.0000000000000000e+00 1
1.2913775355806478e-01 1.4073305226025171e-01 0.0000000000000000e+00 1
1.1716597659753306e-01 1.4124391555647001e-01 0.0000000000000000e+00 1
1.0504296119959608e-01 1.4157983063612239e-01 0.0000000000000000e+00 1
9.2785567002418107e-02 1.4174151454297423e-01 0.0000000000000000e+00 1
8.0410653644163319e-02 1.4172968432079111e-01 0.0000000000000000e+00 1
6.7935080762995800e-02 1.4154505701333847e-01 0.0000000000000000e+00 1
5.5375707997079679e-02 1.4118834966438162e-01 0.0000000000000000e+00 1
4.2749394984579067e-02 1.4066027931768618e-01 0.0000000000000000e+00 1
3.0073001363658196e-02 1.3996156301701757e-01 0.0000000000000000e+00 1
1.7363386772481133e-02 1.3909291780614122e-01 0.0000000000000000e+00 1
4.6374108492119939e-03 1.3805506072882257e-01 0.0000000000000000e+00 1
-8.0880667679850450e-03 1.3684870882882710e-01 0.0000000000000000e+00 1
-2.0796186440945882e-02 1.3547457914992031e-01 0.0000000000000000e+00 1
-3.3470088531506292e-02 1.3393338873586766e-01 0.0000000000000000e+00 1
-4.6092913401502261e-02 1.3222585463043449e-01 0.0000000000000000e+00 1
-5.8647801412769610e-02 1.3035269387738635e-01 0.0000000000000000e+00 1
-7.1117892927144086e-02 1.2831462352048872e-01 0.0000000000000000e+00 1
-8.3486328306461688e-02 1.2611236060350697e-01 0.0000000000000000e+00 1
-9.5736247912558303e-02 1.2374662217020665e-01 0.0000000000000000e+00 1
-1.0785079210726969e-01 1.2121812526435313e-01 0.0000000000000000e+00 1
-1.1981310125243175e-01 1.1852758692971199e-01 0.0000000000000000e+00 1
-1.3160631570988032e-01 1.1567572421004860e-01 0.0000000000000000e+00 1
-1.4321357584145136e-01 1.1266325414912839e-01 0.0000000000000000e+00 1
-1.5461802200898070e-01 1.0949089379071689e-01 0.0000000000000000e+00 1
-1.6580279457430405e-01 1.0615936017857952e-01 0.0000000000000000e+00 1
-1.7675103389925745e-01 1.0266937035648174e-01 0.0000000000000000e+00 1
-1.8744588034567675e-01 9.9021641368189028e-02 0.0000000000000000e+00 1
-1.9787047427539778e-01 9.5216890257466796e-02 0.0000000000000000e+00 1
-2.0800795605025632e-01 9.1255834068080549e-02 0.0000000000000000e+00 1
-2.1784146603208832e-01 8.7139189843795761e-02 0.0000000000000000e+00 1
-2.2735414458272965e-01 8.2867674628377797e-02 0.0000000000000000e+00 1
-2.3652913206401624e-01 7.8442005465592185e-02 0.0000000000000000e+00 1
-2.4534956883778372e-01 7.3862899399204429e-02 0.0000000000000000e+00 1
-2.5379859526586818e-01 6.9131073472979920e-02 0.0000000000000000e+00 1
-2.6185935171010544e-01 6.4247244730684078e-02 0.0000000000000000e+00 1
-2.6951497853233131e-01 5.9212130216082438e-02 0.0000000000000000e+00 1
-2.7674861609438162e-01 5.4026446972940435e-02 0.0000000000000000e+00 1
-2.8354340475809231e-01 4.8690912045023536e-02 0.0000000000000000e+00 1
-2.8988248488529927e-01 4.3206242476097147e-02 0.0000000000000000e+00 1
-2.9574899683783828e-01 3.7573155309926769e-02 0.0000000000000000e+00 1
-3.0112608097754517e-01 3.1792367590277877e-02 0.0000000000000000e+00 1
-3.0599687766625588e-01 2.5864596360915919e-02 0.0000000000000000e+00 1
-3.1034452726580636e-01 1.9790558665606302e-02 0.0000000000000000e+00 1
-3.1415217013803232e-01 1.3570971548114520e-02 0.0000000000000000e+00 1
-3.1677258587016432e-01 8.0594365178627385e-03 0.0000000000000000e+00 1
-3.1847244894048399e-01 2.5395402979705890e-03 0.0000000000000000e+00 1
-3.1928093694017545e-01 -2.9829457713359828e-03 0.0000000000000000e+00 1
-3.1922722746042331e-01 -8.5022503498310004e-03 0.0000000000000000e+00 1
-3.1834049809241199e-01 -1.4012602097288506e-02 0.0000000000000000e+00 1
-3.1664992642732565e-01 -1.9508229673482525e-02 0.0000000000000000e+00 1
-3.1418469005634908e-01 -2.4983361738187118e-02 0.0000000000000000e+00 1
-3.1097396657066628e-01 -3.0432226951176290e-02 0.0000000000000000e+00 1
-3.0704693356146184e-01 -3.5849053972224085e-02 0.0000000000000000e+00 1
-3.0243276861992030e-01 -4.1228071461104562e-02 0.0000000000000000e+00 1
-2.9716064933722580e-01 -4.6563508077591728e-02 0.0000000000000000e+00 1
-2.9125975330456277e-01 -5.1849592481459622e-02 0.0000000000000000e+00 1
-2.8475925811311575e-01 -5.7080553332482291e-02 0.0000000000000000e+00 1
-2.7768834135406911e-01 -6.2250619290433795e-02 0.0000000000000000e+00 1
-2.7007618061860722e-01 -6.7354019015088112e-02 0.0000000000000000e+00 1
-2.6195195349791445e-01 -7.2384981166219303e-02 0.0000000000000000e+00 1
-2.5334483758317528e-01 -7.7337734403601421e-02 0.0000000000000000e+00 1
-2.4428401046557377e-01 -8.2206507387008465e-02 0.0000000000000000e+00 1
-2.3479864973629486e-01 -8.6985528776214543e-02 0.0000000000000000e+00 1
-2.2491793298652266e-01 -9.1669027230993627e-02 0.0000000000000000e+00 1
-2.1467103780744148e-01 -9.6251231411119742e-02 0.0000000000000000e+00 1
-2.0408714179023585e-01 -1.0072636997636694e-01 0.0000000000000000e+00 1
-1.9319542252609029e-01 -1.0508867158650934e-01 0.0000000000000000e+00 1
-1.8202505760618884e-01 -1.0933236490132081e-01 0.0000000000000000e+00 1
-1.7060522462171623e-01 -1.1345167858057550e-01 0.0000000000000000e+00 1
-1.5896510116385679e-01 -1.1744084128404747e-01 0.0000000000000000e+00 1
-1.4713386482379484e-01 -1.2129408167151071e-01 0.0000000000000000e+00 1
-1.3514069319271474e-01 -1.2500562840273924e-01 0.0000000000000000e+00 1
-1.2301476386180110e-01 -1.2856971013750709e-01 0.0000000000000000e+00 1
-1.1078525442223808e-01 -1.3198055553558835e-01 0.0000000000000000e+00 1
-9.8481342465210259e-02 -1.3523239325675698e-01 0.0000000000000000e+00 1
-8.6132205581901877e-02 -1.3831945196078710e-01 0.0000000000000000e+00 1
-7.3767021363497443e-02 -1.4123596030745270e-01 0.0000000000000000e+00 1
-6.1414967401181353e-02 -1.4397614695652780e-01 0.0000000000000000e+00 1
-4.9105221286137909e-02 -1.4653424056778649e-01 0.0000000000000000e+00 1
-3.6866960609551663e-02 -1.4890446980100275e-01 0.0000000000000000e+00 1
-2.4729362962606898e-02 -1.5108106331595067e-01 0.0000000000000000e+00 1
-1.2721605936488019e-02 -1.5305824977240420e-01 0.0000000000000000e+00 1
-8.7286712237952604e-04 -1.5483025783013746e-01 0.0000000000000000e+00 1
1.0787675888534343e-02 -1.5639131614892446e-01 0.0000000000000000e+00 1
2.2230845505069079e-02 -1.5773565338853920e-01 0.0000000000000000e+00 1
3.3427464136040266e-02 -1.5885749820875580e-01 0.0000000000000000e+00 1
4.4348354190263603e-02 -1.5975107926934820e-01 0.0000000000000000e+00 1
5.4964338076554639e-02 -1.6041062523009050e-01 0.0000000000000000e+00 1
6.5246238203728893e-02 -1.6083036475075671e-01 0.0000000000000000e+00 1
7.5164876980602133e-02 -1.6100452649112088e-01 0.0000000000000000e+00 1
8.4691076815989794e-02 -1.6092733911095700e-01 0.0000000000000000e+00 1
9.3795660118707616e-02 -1.6059303127003915e-01 0.0000000000000000e+00 1
1.0244944929757113e-01 -1.5999583162814138e-01 0.0000000000000000e+00 1
1.1062326676139590e-01 -1.5912996884503769e-01 0.0000000000000000e+00 1
7.9862589449707130e-02 -1.5289603976074043e-01 0.0000000000000000e+00 1
1.8437943511674193e-01 -1.0847998745590189e-01 0.0000000000000000e+00 1
7.4465853506656091e-02 1.3139347724372855e-01 0.0000000000000000e+00 1
1.7650730777181781e-02 -1.4753464023228308e-01 0.0000000000000000e+00 1
1.2736187145407037e-02 1.2844205535440789e-01 0.0000000000000000e+00 1
2.2571631650020829e-01 -5.8835927443560983e-02 0.0000000000000000e+00 1
-3.9232134628482525e-02 -1.3643541017051702e-01 0.0000000000000000e+00 1
-5.0779844994360591e-02 1.2126211365405418e-01 0.0000000000000000e+00 1
1.3395290993745754e-01 1.3020677427920810e-01 0.0000000000000000e+00 1
-1.1184982382089001e-01 1.0936199505964592e-01 0.0000000000000000e+00 1
-1.0182045781576265e-01 -1.2296358677287771e-01 0.0000000000000000e+00 1
2.5500194009122690e-01 -1.3565003352451244e-02 0.0000000000000000e+00 1
-1.6846211111760684e-01 9.5162229577738261e-02 0.0000000000000000e+00 1
1.4413589402463114e-01 -1.3968124858987752e-01 0.0000000000000000e+00 1
-1.6043695544191910e-01 -1.0494579405214371e-01 0.0000000000000000e+00 1
-2.1867508391532747e-01 7.7737622571259379e-02 0.0000000000000000e+00 1
1.8909152844301280e-01 1.2576479580623315e-01 0.0000000000000000e+00 1
-2.1561122965977081e-01 -8.5171884638068754e-02 0.0000000000000000e+00 1
-2.6064690746029556e-01 5.6805291268742876e-02 0.0000000000000000e+00 1
-2.5343220360073115e-01 -6.8054365143401269e-02 0.0000000000000000e+00 1
2.7893311881491512e-01 3.8121066978253640e-02 0.0000000000000000e+00 1
-2.9323859590062473e-01 3.0610927312433683e-02 0.0000000000000000e+00 1
-2.8369206349354531e-01 -4.9465342966671662e-02 0.0000000000000000e+00 1
2.3063107321370444e-01 1.2050826631304573e-01 0.0000000000000000e+00 1
-3.1419986052104237e-01 -1.0321883605959172e-02 0.0000000000000000e+00 1
2.8769816109630442e-01 8.5531667293802682e-02 0.0000000000000000e+00 1
1.1380059223955731e-01 -1.5235304967122526e-01 0.0000000000000000e+00 1
5.0196568814641143e-02 -1.5108352015992793e-01 0.0000000000000000e+00 1
2.0478707566234844e-01 -8.3206316640740061e-02 0.0000000000000000e+00 1
2.6801107619073017e-01 1.1964537602498753e-02 0.0000000000000000e+00 1
2.5667456723330806e-01 1.1205832181079116e-01 0.0000000000000000e+00 1
-3.0494294004408901e-01 -3.0023841411102349e-02 0.0000000000000000e+00 1
1.6337311383874570e-01 -1.2607580292334442e-01 0.0000000000000000e+00 1
-3.0720553157997676e-01 1.3592608051619154e-02 0.0000000000000000e+00 1
2.8525900337402765e-01 5.9962993475226739e-02 0.0000000000000000e+00 1
2.7990227184595362e-01 1.0360509082351017e-01 0.0000000000000000e+00 1
-6.0976151861463455e-03 -1.4308705675342004e-01 0.0000000000000000e+00 1
5.0295786324912529e-02 1.3022122285170226e-01 0.0000000000000000e+00 1
-6.5447520799976538e-02 -1.3187822572666646e-01 0.0000000000000000e+00 1
1.0949352507566237e-01 1.3184016683041211e-01 0.0000000000000000e+00 1
-1.3838347393094327e-01 -1.1247554087315233e-01 0.0000000000000000e+00 1
-1.9524541947285035e-01 -9.4160912669181807e-02 0.0000000000000000e+00 1
-1.4673215904879924e-02 1.2550365983967751e-01 0.0000000000000000e+00 1
-8.7410144429354353e-02 1.1511593203312886e-01 0.0000000000000000e+00 1
1.6865053608926456e-01 1.2768538785706962e-01 0.0000000000000000e+00 1
-1.4698079038412831e-01 1.0047959929975442e-01 0.0000000000000000e+00 1
2.1155745370417567e-01 1.2286760724619951e-01 0.0000000000000000e+00 1
-2.3613912374432189e-01 -7.7740218529509034e-02 0.0000000000000000e+00 1
9.7618923481060466e-02 -1.5299650600294826e-01 0.0000000000000000e+00 1
-2.0009813153138592e-01 8.5639719373556578e-02 0.0000000000000000e+00 1
2.4389849799334684e-01 -3.1451226895694462e-02 0.0000000000000000e+00 1
-2.3607869268864784e-01 6.9185810940225648e-02 0.0000000000000000e+00 1
-2.6956028443135710e-01 -5.8355718453921721e-02 0.0000000000000000e+00 1
-2.7506138812695485e-01 4.6213153214937672e-02 0.0000000000000000e+00 1
-2.9530356831157573e-01 -3.9455970640556441e-02 0.0000000000000000e+00 1
1.3234889387840898e-01 -1.4724490307869242e-01 0.0000000000000000e+00 1
2.8813604634586465e-01 7.3072433867531039e-02 0.0000000000000000e+00 1
-3.1183080643648431e-01 4.0909968403153264e-03 0.0000000000000000e+00 1
-3.1063687632257464e-01 -2.0394624235300154e-02 0.0000000000000000e+00 1
2.7189023280362923e-01 1.0897121839044012e-01 0.0000000000000000e+00 1
2.8522271631055729e-01 9.5885236051511322e-02 0.0000000000000000e+00 1
6.0467996863089041e-02 -1.5173561596192597e-01 0.0000000000000000e+00 1
5.5980908444391089e-02 -1.4240725662960774e-01 0.0000000000000000e+00 1
4.5547184932414927e-02 -1.4172837557074144e-01 0.0000000000000000e+00 1
5.1414239541563780e-02 -1.3305922804510872e-01 0.0000000000000000e+00 1
6.1821092978728044e-02 -1.3378134621885895e-01 0.0000000000000000e+00 1
5.7295371298912913e-02 -1.2442980830227862e-01 0.0000000000000000e+00 1
6.7646544501828290e-02 -1.2522097179519376e-01 0.0000000000000000e+00 1
6.3186193725379453e-02 -1.1579801940467463e-01 0.0000000000000000e+00 1
5.2767501159547911e-02 -1.1496444799898455e-01 0.0000000000000000e+00 1
5.8186909880918139e-02 -1.0649525293947799e-01 0.0000000000000000e+00 1
4.8025920469186786e-02 -1.0545807654081930e-01 0.0000000000000000e+00 1
5.3524385962224676e-02 -9.6870901498436426e-02 0.0000000000000000e+00 1
4.3252479899744983e-02 -9.5807103100582297e-02 0.0000000000000000e+00 1
4.9413769748727077e-02 -8.6835073479251457e-02 0.0000000000000000e+00 1
3.8566868383184481e-02 -8.5963746200949168e-02 0.0000000000000000e+00 1
4.4826034245178337e-02 -7.6872271919408403e-02 0.0000000000000000e+00 1
3.3764238353293126e-02 -7.6031383823526810e-02 0.0000000000000000e+00 1
4.0058220512736858e-02 -6.6879157266920175e-02 0.0000000000000000e+00 1
2.8923938987689555e-02 -6.5983213410745881e-02 0.0000000000000000e+00 1
5.1165966504200827e-02 -6.7752167338878524e-02 0.0000000000000000e+00 1
4.6378013797039985e-02 -5.7691206913901491e-02 0.0000000000000000e+00 1
5.7524514337109763e-02 -5.8604372904492150e-02 0.0000000000000000e+00 1
5.2915436462382177e-02 -4.8610840848267556e-02 0.0000000000000000e+00 1
6.3952054785031714e-02 -4.9424282968187114e-02 0.0000000000000000e+00 1
5.9331212434575793e-02 -3.9389964100393061e-02 0.0000000000000000e+00 1
7.0376601543998066e-02 -4.0187528348844287e-02 0.0000000000000000e+00 1
6.5765895165240784e-02 -3.0128800937360492e-02 0.0000000000000000e+00 1
5.5698501464662112e-02 -2.8291557239938054e-02 0.0000000000000000e+00 1
7.6835684213527544e-02 -3.0886064112972351e-02 0.0000000000000000e+00 1
7.2202569829010632e-02 -2.0814469801285498e-02 0.0000000000000000e+00 1
8.3306955496319529e-02 -2.1571386455543649e-02 0.0000000000000000e+00 1
7.8673703413891086e-02 -1.1483587553181783e-02 0.0000000000000000e+00 1
8.9787221815375587e-02 -1.2258187090415727e-02 0.0000000000000000e+00 1
6.8183323339371965e-02 -1.0635194004510701e-01 0.0000000000000000e+00 1
8.5147220372819743e-02 -2.1216477626789581e-03 0.0000000000000000e+00 1
9.6291934475531277e-02 -2.8688818798202533e-03 0.0000000000000000e+00 1
9.4564092175162137e-02 -2.2513570509702815e-02 0.0000000000000000e+00 1
9.1412977812681831e-02 7.4200680672275744e-03 0.0000000000000000e+00 1
1.0274747162003292e-01 6.5483985888582594e-03 0.0000000000000000e+00 1
7.9735653589705191e-02 8.3835268330345863e-03 0.0000000000000000e+00 1
9.7855504510751312e-02 1.6832812133859686e-02 0.0000000000000000e+00 1
1.0919819124294489e-01 1.5882963014615212e-02 0.0000000000000000e+00 1
1.1405878181054666e-01 5.6355191189446036e-03 0.0000000000000000e+00 1
1.2047306454105383e-01 1.4901400690306441e-02 0.0000000000000000e+00 1
1.2529487367461442e-01 4.7611735268933437e-03 0.0000000000000000e+00 1
1.3167186365948980e-01 1.3946823707523880e-02 0.0000000000000000e+00 1
1.3644562523336642e-01 3.8524547521644678e-03 0.0000000000000000e+00 1
1.4276821643300303e-01 1.3028606914457107e-02 0.0000000000000000e+00 1
1.3807274103387185e-01 2.3048826748199198e-02 0.0000000000000000e+00 1
1.4908263171385078e-01 2.2096834926348959e-02 0.0000000000000000e+00 1
1.5377563432384500e-01 1.2150108803561011e-02 0.0000000000000000e+00 1
1.6003794068290172e-01 2.1117999485113691e-02 0.0000000000000000e+00 1
1.0434149261858780e-01 2.6196617492828436e-02 0.0000000000000000e+00 1
1.4439766306985793e-01 3.2125707612075484e-02 0.0000000000000000e+00 1
7.5474533178649050e-02 -5.0265866181848286e-02 0.0000000000000000e+00 1
1.6468949163335520e-01 1.1253646482648615e-02 0.0000000000000000e+00 1
1.7091784565518683e-01 2.0158785279592153e-02 0.0000000000000000e+00 1
2.2640405331339382e-02 -7.5248515118621226e-02 0.0000000000000000e+00 1
1.7701944871506187e-02 -6.5113663002213273e-02 0.0000000000000000e+00 1
1.1312282007658839e-02 -7.4552919322231001e-02 0.0000000000000000e+00 1
6.3088427924307446e-03 -6.4228284581862791e-02 0.0000000000000000e+00 1
1.7550111550093273e-01 1.0353561147713221e-02 0.0000000000000000e+00 1
1.6934290564477864e-01 1.4196621334388090e-03 0.0000000000000000e+00 1
1.8168189451377922e-01 1.9233524343104630e-02 0.0000000000000000e+00 1
1.7711807510215807e-01 2.8947959259192517e-02 0.0000000000000000e+00 1
1.8779176761306407e-01 2.8014613231832138e-02 0.0000000000000000e+00 1
1.8329412186555871e-01 3.7654045189703472e-02 0.0000000000000000e+00 1
1.9383994978602839e-01 3.6736739107599753e-02 0.0000000000000000e+00 1
1.8938770353188655e-01 4.6305463763437450e-02 0.0000000000000000e+00 1
1.9987381705957077e-01 4.5489532503496695e-02 0.0000000000000000e+00 1
-1.5722889067573136e-04 -7.3731739530978779e-02 0.0000000000000000e+00 1
-5.1848117149867279e-03 -6.3319261564654450e-02 0.0000000000000000e+00 1
1.7209217481333398e-03 -5.3568985977620776e-02 0.0000000000000000e+00 1
-1.0101145880586075e-02 -5.2764075013672591e-02 0.0000000000000000e+00 1
-3.1689840574088595e-03 -4.2960028395096370e-02 0.0000000000000000e+00 1
-1.5112610038998105e-02 -4.2198423066252225e-02 0.0000000000000000e+00 1
-8.5060989415115668e-03 -3.2170190353789714e-02 0.0000000000000000e+00 1
-2.0304454226887935e-02 -3.1612341366337192e-02 0.0000000000000000e+00 1
-1.3774287930851491e-02 -2.1401275445666418e-02 0.0000000000000000e+00 1
-2.5445132694447481e-02 -2.0956445976507913e-02 0.0000000000000000e+00 1
-1.8745746939544363e-02 -1.1360666859741143e-02 0.0000000000000000e+00 1
-3.0538330438342101e-02 -1.0383738014454550e-02 0.0000000000000000e+00 1
-3.7225510175622131e-02 -2.0160691500137579e-02 0.0000000000000000e+00 1
-4.2376553380636200e-02 -9.4509204841298662e-03 0.0000000000000000e+00 1
-4.9102702564858054e-02 -1.9285594804305743e-02 0.0000000000000000e+00 1
-5.4272795862221848e-02 -8.5120289938672294e-03 0.0000000000000000e+00 1
-6.1047515567898086e-02 -1.8388531262353514e-02 0.0000000000000000e+00 1
-6.6250602608791287e-02 -7.8081741319402966e-03 0.0000000000000000e+00 1
-7.2928649775278201e-02 -1.7476775888109520e-02 0.0000000000000000e+00 1
-7.8212962747070486e-02 -6.6422645468820589e-03 0.0000000000000000e+00 1
-8.4868932739681935e-02 -1.6173947951118820e-02 0.0000000000000000e+00 1
-9.0196123978339399e-02 -5.9194681282173176e-03 0.0000000000000000e+00 1
-2.3819551076225534e-02 -6.3258621718984259e-04 0.0000000000000000e+00 1
-9.6933493736936549e-02 -1.5261041150121432e-02 0.0000000000000000e+00 1
-1.0217506078090620e-01 -4.8095548817529074e-03 0.0000000000000000e+00 1
-1.0891923044275470e-01 -1.4586453684798309e-02 0.0000000000000000e+00 1
-1.1413264161784949e-01 -3.9163971643663368e-03 0.0000000000000000e+00 1
-1.2079991989426121e-01 -1.3399749414029247e-02 0.0000000000000000e+00 1
-1.2596890558553564e-01 -3.0047833854205033e-03 0.0000000000000000e+00 1
-5.9858852843971445e-02 1.5678615453572019e-03 0.0000000000000000e+00 1
-1.3260587304656729e-01 -1.2449453323987475e-02 0.0000000000000000e+00 1
-1.3774448234762582e-01 -2.5063428657299972e-03 0.0000000000000000e+00 1
-1.4432223090747467e-01 -1.1677807961795236e-02 0.0000000000000000e+00 1
-1.4942888574923760e-01 -1.8957848513618471e-03 0.0000000000000000e+00 1
-1.5593622287920608e-01 -1.0831613124928332e-02 0.0000000000000000e+00 1
-1.6096262113082727e-01 -1.3102662022864066e-03 0.0000000000000000e+00 1
-1.6740876053413473e-01 -9.9851974407870435e-03 0.0000000000000000e+00 1
-9.5741365912422660e-02 4.4191932469318665e-03 0.0000000000000000e+00 1
-1.7174035592782222e-01 -2.0929784617744791e-04 0.0000000000000000e+00 1
-1.7796800933261384e-01 -8.8380940131385175e-03 0.0000000000000000e+00 1
-6.7866689884588827e-02 -2.7815373973595382e-02 0.0000000000000000e+00 1
-1.8274524846506110e-01 1.6534675430337142e-03 0.0000000000000000e+00 1
-1.8926050201218825e-01 -9.7827933357738390e-03 0.0000000000000000e+00 1
-1.3266912558532007e-01 8.5059974815333284e-03 0.0000000000000000e+00 1
-1.2196371656256529e-02 -1.4383342825715659e-03 0.0000000000000000e+00 1
-1.7113589239949809e-02 9.1823937177044901e-03 0.0000000000000000e+00 1
-1.0438939726639047e-01 -2.4720024680107495e-02 0.0000000000000000e+00 1
-1.9431763193831797e-01 9.7063216887321318e-04 0.0000000000000000e+00 1
-2.0090188960375302e-01 -8.0398881972501262e-03 0.0000000000000000e+00 1
-1.6798169989193850e-02 -6.2090414074564927e-02 0.0000000000000000e+00 1
-5.2983165395545486e-03 8.2738240789462462e-03 0.0000000000000000e+00 1
-1.0344596505671218e-02 1.8995297594217381e-02 0.0000000000000000e+00 1
1.5527162218341366e-03 1.8041972261868256e-02 0.0000000000000000e+00 1
-3.5682686700951945e-03 2.8750651262058918e-02 0.0000000000000000e+00 1
8.3711116990519644e-03 2.7868345873483288e-02 0.0000000000000000e+00 1
-1.5760188769396066e-02 2.9588928985890755e-02 0.0000000000000000e+00 1
-2.0531472073564150e-01 1.8150595517751693e-03 0.0000000000000000e+00 1
-2.1132361074612607e-01 -6.3880381569428914e-03 0.0000000000000000e+00 1
-1.6475384925575726e-01 9.7303459817218788e-03 0.0000000000000000e+00 1
-1.4033736419412546e-01 -2.1731382178122455e-02 0.0000000000000000e+00 1
3.1118548584884451e-03 3.8578954468054365e-02 0.0000000000000000e+00 1
1.5179999857666280e-02 3.7735752144177848e-02 0.0000000000000000e+00 1
-2.1596552059045920e-01 2.6052312598624670e-03 0.0000000000000000e+00 1
-2.2175899633444696e-01 -5.3371762406779176e-03 0.0000000000000000e+00 1
-1.7386395789687734e-01 -1.9223455611481852e-02 0.0000000000000000e+00 1
2.0429686873487246e-01 3.5925943610430368e-02 0.0000000000000000e+00 1
2.1025308792499128e-01 4.4477733211251085e-02 0.0000000000000000e+00 1
-1.9850150368442965e-01 1.0967079876929662e-02 0.0000000000000000e+00 1
-2.2625462264891488e-01 3.7526787124206999e-03 0.0000000000000000e+00 1
-2.3192936004062661e-01 -4.3553772221174179e-03 0.0000000000000000e+00 1
1.9547637819490760e-01 5.5095592656714279e-02 0.0000000000000000e+00 1
1.8491445407929397e-01 5.5867261410342074e-02 0.0000000000000000e+00 1
1.8012640694737786e-01 5.4033286185298061e-04 0.0000000000000000e+00 1
1.7400640784548152e-01 -8.3777788998017511e-03 0.0000000000000000e+00 1
-2.0767701934803101e-01 -1.6378836184279991e-02 0.0000000000000000e+00 1
9.8458327471240819e-03 4.8528058736384307e-02 0.0000000000000000e+00 1
2.2011559485003971e-02 4.7653958013916489e-02 0.0000000000000000e+00 1
-2.3617624209537630e-01 4.6249698400604427e-03 0.0000000000000000e+00 1
-2.4170435642329285e-01 -3.5186277955492010e-03 0.0000000000000000e+00 1
-2.3758946776717554e-01 -1.2356944766608480e-02 0.0000000000000000e+00 1
-2.4723236346217198e-01 -1.1416230536816178e-02 0.0000000000000000e+00 1
-2.5120191626620259e-01 -2.6759306495230152e-03 0.0000000000000000e+00 1
1.8478674223218242e-01 -9.2608677560599862e-03 0.0000000000000000e+00 1
1.7866657922915857e-01 -1.8147732537271324e-02 0.0000000000000000e+00 1
2.1456471891185575e-01 3.5125070830065566e-02 0.0000000000000000e+00 1
2.2045097304195213e-01 4.3511222083096213e-02 0.0000000000000000e+00 1
1.9103720037720132e-01 6.4608619998233863e-02 0.0000000000000000e+00 1
1.8039945389326384e-01 6.5464652915858290e-02 0.0000000000000000e+00 1
-2.3072073324250766e-01 1.2804429361562345e-02 0.0000000000000000e+00 1
1.6836249752286224e-02 5.8561969898490003e-02 0.0000000000000000e+00 1
2.8912444600693789e-02 5.7621377415784353e-02 0.0000000000000000e+00 1
4.3477166617437411e-03 5.9301324993554491e-02 0.0000000000000000e+00 1
-2.5658982941237646e-01 -1.0453532797883781e-02 0.0000000000000000e+00 1
2.0400400149014349e-02 2.6947252284638921e-02 0.0000000000000000e+00 1
-2.6040856010352958e-01 -2.0856959284641999e-03 0.0000000000000000e+00 1
-2.6556618463046688e-01 -9.5647412225182901e-03 0.0000000000000000e+00 1
1.3011933975008488e-01 -5.3278322280298288e-03 0.0000000000000000e+00 1
4.9048584452377197e-03 -8.4140756103089381e-02 0.0000000000000000e+00 1
2.3735096280095055e-02 6.8547697861046378e-02 0.0000000000000000e+00 1
3.5795296269088284e-02 6.7569305856954046e-02 0.0000000000000000e+00 1
4.0964063341062180e-02 5.6674282388949074e-02 0.0000000000000000e+00 1
4.7820306162775085e-02 6.6572341006810032e-02 0.0000000000000000e+00 1
-2.4316355844275855e-01 -2.0265686973884867e-02 0.0000000000000000e+00 1
3.7381896071868773e-02 -1.0463290332018971e-01 0.0000000000000000e+00 1
1.8941925956340955e-01 -1.9018584841701932e-02 0.0000000000000000e+00 1
1.8329613171919842e-01 -2.7906358775400299e-02 0.0000000000000000e+00 1
1.7255582383904036e-01 -2.7025509407524313e-02 0.0000000000000000e+00 1
1.7718168791345593e-01 -3.6753917906283504e-02 0.0000000000000000e+00 1
1.6649350698951393e-01 -3.5917460413679332e-02 0.0000000000000000e+00 1
1.7099850769612904e-01 -4.5656891067573063e-02 0.0000000000000000e+00 1
1.6040057286764844e-01 -4.4774901690233640e-02 0.0000000000000000e+00 1
1.6484297319680724e-01 -5.4505280835908283e-02 0.0000000000000000e+00 1
1.5429375859047875e-01 -5.3553378888600615e-02 0.0000000000000000e+00 1
1.9554864862869983e-01 -1.0166186951240762e-02 0.0000000000000000e+00 1
1.5879260190432526e-01 -6.3202554479648079e-02 0.0000000000000000e+00 1
1.4826859930767131e-01 -6.2319205657697496e-02 0.0000000000000000e+00 1
1.5276443504301190e-01 -7.1870907610620940e-02 0.0000000000000000e+00 1
1.4224769950021338e-01 -7.1049564174198748e-02 0.0000000000000000e+00 1
1.3774189444145313e-01 -6.1496644375838821e-02 0.0000000000000000e+00 1
1.3136898272960978e-01 -7.0511256109787313e-02 0.0000000000000000e+00 1
1.3621062713791410e-01 -7.9752158153016312e-02 0.0000000000000000e+00 1
1.2541750298243268e-01 -7.9491546948506325e-02 0.0000000000000000e+00 1
1.3007210674180811e-01 -8.8190440302906306e-02 0.0000000000000000e+00 1
1.2008759431784033e-01 -8.7613372688968169e-02 0.0000000000000000e+00 1
1.2425438626315551e-01 -9.6518450465768207e-02 0.0000000000000000e+00 1
5.2946974075579502e-02 5.5713514762536998e-02 0.0000000000000000e+00 1
5.9782579983308694e-02 6.5581687001122824e-02 0.0000000000000000e+00 1
2.2468390414892792e-01 3.4320638241229558e-02 0.0000000000000000e+00 1
2.3042755146177005e-01 4.2607506695079428e-02 0.0000000000000000e+00 1
2.2623780683476130e-01 5.1603348484152378e-02 0.0000000000000000e+00 1
2.3609479837077685e-01 5.0706225392472333e-02 0.0000000000000000e+00 1
2.3200236547404796e-01 5.9558455012162066e-02 0.0000000000000000e+00 1
2.4158138967239662e-01 5.8688126176172008e-02 0.0000000000000000e+00 1
2.3759703638104734e-01 6.7351844635138783e-02 0.0000000000000000e+00 1
2.4689926887521324e-01 6.6567924267072934e-02 0.0000000000000000e+00 1
-2.6925290742890795e-01 -1.2079729002867994e-03 0.0000000000000000e+00 1
-2.6433583852971820e-01 6.8222424884575228e-03 0.0000000000000000e+00 1
1.8658889814093005e-01 7.4169374963754378e-02 0.0000000000000000e+00 1
1.7591664182898931e-01 7.5180994447025154e-02 0.0000000000000000e+00 1
1.2636669553016339e-01 -6.1293183000559151e-02 0.0000000000000000e+00 1
-2.7430093456262183e-01 -8.7615421457169721e-03 0.0000000000000000e+00 1
3.4724867242299918e-03 -3.3054930873456831e-02 0.0000000000000000e+00 1
-2.6199675396436167e-01 -1.7693359013232907e-02 0.0000000000000000e+00 1
1.1444860098472057e-01 -9.5931958701764047e-02 0.0000000000000000e+00 1
1.1871134855504104e-01 -1.0489458239417615e-01 0.0000000000000000e+00 1
1.0964719567423387e-01 -8.7005396064441992e-02 0.0000000000000000e+00 1
1.4089325558764901e-01 -8.9941598583788071e-02 0.0000000000000000e+00 1
3.0605401555043852e-02 7.8551295660293480e-02 0.0000000000000000e+00 1
2.1893777918018864e-01 2.5914334321990175e-02 0.0000000000000000e+00 1
1.9712688076985391e-01 7.3255661979715392e-02 0.0000000000000000e+00 1
2.4304099636127510e-01 7.5145398226776142e-02 0.0000000000000000e+00 1
2.5221850096574100e-01 7.4690550765222088e-02 0.0000000000000000e+00 1
6.1584800202481679e-02 -8.8685644374179959e-02 0.0000000000000000e+00 1
6.7770847854874668e-03 7.3221422879105828e-03 0.0000000000000000e+00 1
2.3369883264076366e-01 7.5970816980172606e-02 0.0000000000000000e+00 1
5.4664967439856063e-02 7.6452072423226713e-02 0.0000000000000000e+00 1
6.6625615316149689e-02 7.5426400969639956e-02 0.0000000000000000e+00 1
7.1704517028772424e-02 6.4613125909582458e-02 0.0000000000000000e+00 1
7.8517447211592720e-02 7.4391186633161993e-02 0.0000000000000000e+00 1
-2.7059122850582554e-02 -4.0872221928929378e-02 0.0000000000000000e+00 1
1.4975945826548037e-01 -4.4060857554336898e-02 0.0000000000000000e+00 1
6.6902812556088695e-02 -1.0376847893002432e-02 0.0000000000000000e+00 1
1.8461957473846054e-02 7.9530207085320034e-02 0.0000000000000000e+00 1
-6.6913991204047060e-03 -8.3289815551433000e-02 0.0000000000000000e+00 1
1.8167359703708533e-01 -4.6512654231003633e-02 0.0000000000000000e+00 1
-1.5635573777190404e-03 -9.3807276265697223e-02 0.0000000000000000e+00 1
-1.3294269386328758e-02 -9.2947489026164301e-02 0.0000000000000000e+00 1
2.0014079374841412e-01 -1.9891998825478322e-02 0.0000000000000000e+00 1
2.0623409795620140e-01 -1.1056618985462204e-02 0.0000000000000000e+00 1
1.2793899237824202e-01 -1.0591639956357941e-01 0.0000000000000000e+00 1
2.4036059603944729e-01 4.1576048070299611e-02 0.0000000000000000e+00 1
1.6967808771644488e-01 6.6340268681034376e-02 0.0000000000000000e+00 1
1.6508555983255480e-01 7.6346981414904397e-02 0.0000000000000000e+00 1
-2.7789539933202984e-01 -1.0614306025286341e-03 0.0000000000000000e+00 1
2.2903091225198405e-01 2.5110394696602062e-02 0.0000000000000000e+00 1
-2.8254017257859532e-01 -7.7674117120539255e-03 0.0000000000000000e+00 1
1.5877971061639068e-01 6.7248410559824501e-02 0.0000000000000000e+00 1
1.5411775896492091e-01 7.7406934712820674e-02 0.0000000000000000e+00 1
1.4771648520721520e-01 6.8166088434777575e-02 0.0000000000000000e+00 1
1.4303630032581588e-01 7.8270836836905916e-02 0.0000000000000000e+00 1
1.3656925907408704e-01 6.9084949887721916e-02 0.0000000000000000e+00 1
1.3176566911347701e-01 7.9333142771090340e-02 0.0000000000000000e+00 1
1.2526859553314990e-01 7.0365034821302214e-02 0.0000000000000000e+00 1
1.2040600932321956e-01 8.0442178760646868e-02 0.0000000000000000e+00 1
1.4964358586841758e-01 8.7763228148043271e-02 0.0000000000000000e+00 1
1.0889546090653054e-01 -1.0418705207048369e-01 0.0000000000000000e+00 1
1.1310377448667647e-01 -1.1303554845366094e-01 0.0000000000000000e+00 1
1.9274114383483182e-01 8.2796355566415028e-02 0.0000000000000000e+00 1
1.6324621349540219e-01 -7.2726025716426432e-02 0.0000000000000000e+00 1
-2.7925439230360544e-01 -1.5221702789624605e-02 0.0000000000000000e+00 1
9.2934256558533559e-02 2.7167550735682645e-02 0.0000000000000000e+00 1
9.9440627589526293e-02 3.6198414925585190e-02 0.0000000000000000e+00 1
1.7141306120889530e-01 8.5112935343151661e-02 0.0000000000000000e+00 1
2.3920520145663907e-01 8.3723053760628566e-02 0.0000000000000000e+00 1
2.2988214677010538e-01 8.4623596687122715e-02 0.0000000000000000e+00 1
6.1529708841619769e-02 8.6320409184123606e-02 0.0000000000000000e+00 1
1.0340582764822039e-01 -1.1232032576616671e-01 0.0000000000000000e+00 1
2.5096325130027164e-01 5.8100820230553796e-02 0.0000000000000000e+00 1
4.2455923858713614e-02 -4.7455705376557258e-02 0.0000000000000000e+00 1
1.0760605171730425e-01 -1.2103209037389107e-01 0.0000000000000000e+00 1
1.2699826331159100e-01 8.9768081494251986e-02 0.0000000000000000e+00 1
1.1552047190993175e-01 9.0849086863624334e-02 0.0000000000000000e+00 1
1.1710114650906302e-01 -1.2174542674811452e-01 0.0000000000000000e+00 1
1.6181247535076215e-01 -2.6357317510306972e-02 0.0000000000000000e+00 1
-8.4052938140135210e-03 -1.0337609385092589e-01 0.0000000000000000e+00 1
-1.9967093667640694e-02 -1.0272866812241252e-01 0.0000000000000000e+00 1
-2.5152535435771287e-02 -9.2033254573136825e-02 0.0000000000000000e+00 1
-3.1845826437295444e-02 -1.0197279855132926e-01 0.0000000000000000e+00 1
-3.7080191873239632e-02 -9.1149496325513862e-02 0.0000000000000000e+00 1
9.9267843048354398e-02 -1.0364348238516508e-01 0.0000000000000000e+00 1
2.5376001578031406e-02 8.9624201047623239e-02 0.0000000000000000e+00 1
1.3105381428386714e-02 9.0594055607098295e-02 0.0000000000000000e+00 1
2.2333757186829614e-01 1.6748846646546058e-02 0.0000000000000000e+00 1
2.3347439537166684e-01 1.5895468467991940e-02 0.0000000000000000e+00 1
-2.8597808759118126e-01 -6.0343423779832045e-04 0.0000000000000000e+00 1
-2.8150503537623600e-01 6.1654048847058262e-03 0.0000000000000000e+00 1
-2.9043440704086609e-01 -6.9021585077296381e-03 0.0000000000000000e+00 1
-2.4045521065806455e-01 1.3503005763682650e-02 0.0000000000000000e+00 1
-2.3502992083129015e-01 2.1661788423339233e-02 0.0000000000000000e+00 1
-2.4469985182559434e-01 2.2308341002976108e-02 0.0000000000000000e+00 1
-2.3931606685822232e-01 3.0309349490310528e-02 0.0000000000000000e+00 1
-2.2938476885604950e-01 2.9638767845035947e-02 0.0000000000000000e+00 1
1.1355113273090407e-01 7.1656242319191793e-02 0.0000000000000000e+00 1
4.6155084970996997e-02 4.5863990431851832e-02 0.0000000000000000e+00 1
5.7799282132173259e-02 4.5095743806675970e-02 0.0000000000000000e+00 1
5.1284053045209728e-02 3.5176181037957367e-02 0.0000000000000000e+00 1
-4.3880810577139842e-02 -1.0119731848093380e-01 0.0000000000000000e+00 1
-4.9202164590823563e-02 -9.0193071129214056e-02 0.0000000000000000e+00 1
-5.6047981288053120e-02 -1.0032861733811978e-01 0.0000000000000000e+00 1
-6.1372083655613932e-02 -8.9318461099494623e-02 0.0000000000000000e+00 1
-5.4487976373140762e-02 -7.9219121191168279e-02 0.0000000000000000e+00 1
-6.6673935543078891e-02 -7.8310456457538064e-02 0.0000000000000000e+00 1
-7.3577617151906027e-02 -8.8423271929742434e-02 0.0000000000000000e+00 1
-7.8891622098760786e-02 -7.7374879165087229e-02 0.0000000000000000e+00 1
-8.5826244535952140e-02 -8.7506374894432665e-02 0.0000000000000000e+00 1
-9.1143085666111900e-02 -7.6424701190156208e-02 0.0000000000000000e+00 1
-9.8093577704284146e-02 -8.6571835078989801e-02 0.0000000000000000e+00 1
-1.0340532435080407e-01 -7.5496439879415900e-02 0.0000000000000000e+00 1
-8.4269902588963413e-02 -6.6289446385579986e-02 0.0000000000000000e+00 1
-5.9785241731755097e-02 -6.8256044107854921e-02 0.0000000000000000e+00 1
-1.1034669036433477e-01 -8.5635030230747547e-02 0.0000000000000000e+00 1
-1.1563506010260440e-01 -7.4563734480511124e-02 0.0000000000000000e+00 1
-1.0875391067423060e-01 -6.4461701491898615e-02 0.0000000000000000e+00 1
-1.2092821365254054e-01 -6.3577831942286056e-02 0.0000000000000000e+00 1
-1.2777445213646194e-01 -7.3607357981509899e-02 0.0000000000000000e+00 1
-1.3302295047754101e-01 -6.2695285713444224e-02 0.0000000000000000e+00 1
-1.3984664120818804e-01 -7.2618938798743551e-02 0.0000000000000000e+00 1
-1.4507573779320210e-01 -6.1741952928943231e-02 0.0000000000000000e+00 1
-1.5184248525907434e-01 -7.1654201195752401e-02 0.0000000000000000e+00 1
-1.5704259043800839e-01 -6.0924557762149945e-02 0.0000000000000000e+00 1
-1.6368887839875587e-01 -7.0704914973789570e-02 0.0000000000000000e+00 1
-1.6876496120782086e-01 -6.0024996842343359e-02 0.0000000000000000e+00 1
1.9227286908875399e-01 1.8374434921632245e-02 0.0000000000000000e+00 1
2.2770793316775392e-01 7.5477495718686630e-03 0.0000000000000000e+00 1
-2.3343802971397815e-01 -2.1207213304381883e-02 0.0000000000000000e+00 1
-2.3925068052163229e-01 -2.9115213847398739e-02 0.0000000000000000e+00 1
-2.2927983031907848e-01 -3.0170462129990368e-02 0.0000000000000000e+00 1
-2.3507466804636629e-01 -3.8392944362661177e-02 0.0000000000000000e+00 1
-2.2495428614634541e-01 -3.9358234504863331e-02 0.0000000000000000e+00 1
-2.4500729909839564e-01 -3.7321375729707520e-02 0.0000000000000000e+00 1
1.1085780152686761e-01 3.5491407882062238e-02 0.0000000000000000e+00 1
2.1082153919152485e-01 -2.0746466283174100e-02 0.0000000000000000e+00 1
2.0473562895050457e-01 -2.9593971622305416e-02 0.0000000000000000e+00 1
3.0230121219961170e-03 -1.0351196195186325e-01 0.0000000000000000e+00 1
-2.9061996871203900e-02 9.9828851869339756e-03 0.0000000000000000e+00 1
9.7976212155933287e-02 -1.2033587986517325e-01 0.0000000000000000e+00 1
1.7262429910196808e-01 3.8651965201235039e-02 0.0000000000000000e+00 1
4.0859160369272042e-02 -1.3224741881200031e-01 0.0000000000000000e+00 1
-2.4893674594322340e-01 3.1026626580012470e-02 0.0000000000000000e+00 1
-2.4325965556680376e-01 3.8878210310777032e-02 0.0000000000000000e+00 1
-1.6221010314040116e-01 -5.0348254037588233e-02 0.0000000000000000e+00 1
-1.7381311462941287e-01 -4.9561479132301647e-02 0.0000000000000000e+00 1
-1.8031350322344991e-01 -5.9072513167160182e-02 0.0000000000000000e+00 1
-1.8529967770774067e-01 -4.8736813156480929e-02 0.0000000000000000e+00 1
-1.9173375246919078e-01 -5.8129500418221750e-02 0.0000000000000000e+00 1
1.2993047868178587e-01 6.0945534377882304e-02 0.0000000000000000e+00 1
-1.2618934026677675e-01 -5.2665183504136903e-02 0.0000000000000000e+00 1
2.3537562469867848e-01 9.2213876917273910e-02 0.0000000000000000e+00 1
2.2645934218658820e-01 9.2573613677323335e-02 0.0000000000000000e+00 1
2.4464746279016727e-01 9.1356943662281795e-02 0.0000000000000000e+00 1
-8.0483708612572313e-02 -9.8598782540613703e-02 0.0000000000000000e+00 1
1.2220604773026819e-01 1.0031416372757487e-01 0.0000000000000000e+00 1
1.1058528689639488e-01 1.0141751083429040e-01 0.0000000000000000e+00 1
-2.3087808980471886e-01 -4.7724168401398065e-02 0.0000000000000000e+00 1
-2.2056846407300451e-01 -4.8704534767593358e-02 0.0000000000000000e+00 1
-2.1317868157457578e-01 -4.0674429480378881e-02 0.0000000000000000e+00 1
8.3567512406900704e-02 6.3670237777042477e-02 0.0000000000000000e+00 1
2.2420371704144770e-01 7.7440514225865467e-02 0.0000000000000000e+00 1
-1.4680160860431271e-02 -1.1343721259449022e-01 0.0000000000000000e+00 1
2.1545091354616014e-01 -3.0425177407362461e-02 0.0000000000000000e+00 1
6.4521560133575268e-02 3.4625374960823914e-02 0.0000000000000000e+00 1
5.6633952130202350e-02 2.4561397520954036e-02 0.0000000000000000e+00 1
-4.7681748241260508e-02 -6.9126792500080053e-02 0.0000000000000000e+00 1
-5.2948309063013149e-02 -5.8228947739690812e-02 0.0000000000000000e+00 1
2.2150384566866571e-01 -2.1570831179580401e-02 0.0000000000000000e+00 1
1.0213551235233954e-01 -1.2896062175674503e-01 0.0000000000000000e+00 1
9.2909082801475307e-02 -1.2836708432612348e-01 0.0000000000000000e+00 1
-2.9371013756719333e-01 -1.1582263817659961e-04 0.0000000000000000e+00 1
1.0392069639684809e-01 9.1966401607599293e-02 0.0000000000000000e+00 1
9.8928535528194625e-02 1.0251238975673174e-01 0.0000000000000000e+00 1
1.4118910553063185e-01 -6.1979851515349370e-03 0.0000000000000000e+00 1
1.3490335714105728e-01 -1.5371529286621905e-02 0.0000000000000000e+00 1
1.2384018594887464e-01 -1.4500997852319581e-02 0.0000000000000000e+00 1
1.2863299899865493e-01 -2.4494464520514351e-02 0.0000000000000000e+00 1
2.3784053952543377e-01 6.4580375109456745e-03 0.0000000000000000e+00 1
2.4362714696205628e-01 1.5045862634021499e-02 0.0000000000000000e+00 1
2.0934672792325651e-01 -3.9285922079889263e-02 0.0000000000000000e+00 1
2.4088568261262525e-01 9.9751156972180358e-02 0.0000000000000000e+00 1
1.5250265691740464e-01 5.8096666918008071e-02 0.0000000000000000e+00 1
-2.9791745299239147e-01 -6.2570596962849261e-03 0.0000000000000000e+00 1
-2.9485456879784488e-01 -1.2891068606401806e-02 0.0000000000000000e+00 1
8.8006592882154899e-02 3.7562022286873373e-02 0.0000000000000000e+00 1
-1.3462366711723417e-01 -8.3328374302714836e-02 0.0000000000000000e+00 1
-2.5419987849729686e-01 2.3093948177520363e-02 0.0000000000000000e+00 1
-2.5827844962352625e-01 3.1557211179058048e-02 0.0000000000000000e+00 1
-2.6348002647775598e-01 2.3901714508754647e-02 0.0000000000000000e+00 1
-1.8681824890369564e-01 -6.8535889645690157e-02 0.0000000000000000e+00 1
2.0317842290325683e-01 8.1838840377533445e-02 0.0000000000000000e+00 1
1.9886259414573221e-01 9.1394791202836792e-02 0.0000000000000000e+00 1
2.1755058995562324e-01 8.1126349247182677e-03 0.0000000000000000e+00 1
2.0119652143153147e-02 1.0077491741571022e-01 0.0000000000000000e+00 1
3.2345379447597397e-02 9.9704558142822600e-02 0.0000000000000000e+00 1
7.7752227639849621e-03 1.0176780799725356e-01 0.0000000000000000e+00 1
7.6688364763378232e-04 9.1529800880054496e-02 0.0000000000000000e+00 1
1.0559939264378983e-01 4.4978571962707409e-02 0.0000000000000000e+00 1
-1.9854774111076248e-01 -6.7722023082548502e-02 0.0000000000000000e+00 1
8.8216669018102073e-02 -1.2114500272880256e-01 0.0000000000000000e+00 1
2.4795491521813554e-01 5.6357448483664984e-03 0.0000000000000000e+00 1
2.3256397461022282e-01 -2.8507647448521283e-03 0.0000000000000000e+00 1
1.5728299981429950e-01 -8.1300396825207982e-02 0.0000000000000000e+00 1
1.6769646646430103e-01 -8.2138023033580684e-02 0.0000000000000000e+00 1
1.6186813916784354e-01 -9.0029564245266341e-02 0.0000000000000000e+00 1
1.7363527955904509e-01 -7.3615394122479097e-02 0.0000000000000000e+00 1
1.7805202058113903e-01 -8.3015167493692199e-02 0.0000000000000000e+00 1
1.8418918571190349e-01 -7.4496306104151616e-02 0.0000000000000000e+00 1
1.1759645996826097e-01 -2.3661297930793183e-02 0.0000000000000000e+00 1
1.2260895164656782e-01 -3.3528659072167462e-02 0.0000000000000000e+00 1
4.4696072150889589e-02 2.5423126241861535e-02 0.0000000000000000e+00 1
4.9790688247643058e-02 1.4812322034542367e-02 0.0000000000000000e+00 1
-5.0675612740229956e-02 -1.1136053404716398e-01 0.0000000000000000e+00 1
3.8051948375873501e-02 1.5696121147873516e-02 0.0000000000000000e+00 1
4.3113694767725322e-02 5.1268978418015998e-03 0.0000000000000000e+00 1
3.1430674488919640e-02 6.0150329459880553e-03 0.0000000000000000e+00 1
3.6480003625477930e-02 -4.5234165191982744e-03 0.0000000000000000e+00 1
2.4847917206696379e-02 -3.6231894534356707e-03 0.0000000000000000e+00 1
2.9872259996455000e-02 -1.4149649837923817e-02 0.0000000000000000e+00 1
1.7880791410920360e-02 -1.3240657904562379e-02 0.0000000000000000e+00 1
2.3178901486026235e-02 -2.3800741771451920e-02 0.0000000000000000e+00 1
-1.0504692253574920e-01 -9.6732143673625232e-02 0.0000000000000000e+00 1
6.2718830370167081e-02 -6.8403316495054212e-02 0.0000000000000000e+00 1
7.1655237316832543e-02 -1.3421319106358789e-01 0.0000000000000000e+00 1
1.1141633851454424e-01 -3.2764939186042744e-02 0.0000000000000000e+00 1
-6.5109048826304805e-02 -5.7269183273255059e-02 0.0000000000000000e+00 1
-1.1702606463324267e-01 -9.5648263662057323e-02 0.0000000000000000e+00 1
1.3334704065769187e-01 3.3083869655551185e-02 0.0000000000000000e+00 1
1.6321128112273700e-01 -7.6048902874555346e-03 0.0000000000000000e+00 1
1.3369939087010879e-01 9.9194268593451373e-02 0.0000000000000000e+00 1
1.1642462969302389e-01 -4.2537040264618978e-02 0.0000000000000000e+00 1
1.0523544835761253e-01 -4.1835900323077921e-02 0.0000000000000000e+00 1
1.1025421848557983e-01 -5.1456527231410927e-02 0.0000000000000000e+00 1
9.8744430464099447e-02 -5.1026728996276090e-02 0.0000000000000000e+00 1
1.0372331977796148e-01 -6.0756856205296486e-02 0.0000000000000000e+00 1
9.2514252580720796e-02 -6.0264690634033946e-02 0.0000000000000000e+00 1
9.7505116555509003e-02 -6.9683350220792667e-02 0.0000000000000000e+00 1
8.6800271551931901e-02 -6.8876162348862083e-02 0.0000000000000000e+00 1
9.1446301230452415e-02 -7.8479265964564074e-02 0.0000000000000000e+00 1
8.0226308399222485e-02 -7.7979220017085987e-02 0.0000000000000000e+00 1
8.5296492825293863e-02 -8.7295907010760621e-02 0.0000000000000000e+00 1
-6.2603665677857079e-02 -1.1035335731928859e-01 0.0000000000000000e+00 1
-4.3916727114779723e-02 -2.9908931343609210e-02 0.0000000000000000e+00 1
1.8838299984809545e-01 9.2358182907068043e-02 0.0000000000000000e+00 1
1.9489471474730274e-01 1.0065921495211658e-01 0.0000000000000000e+00 1
1.8463175312413938e-01 1.0418873158121218e-01 0.0000000000000000e+00 1
2.0502321917902272e-01 9.9879152075364519e-02 0.0000000000000000e+00 1
-2.2659484091721421e-01 -5.7194205003837650e-02 0.0000000000000000e+00 1
1.3317410986997624e-01 -5.1863982202080459e-02 0.0000000000000000e+00 1
2.4637142590423745e-02 -5.5663202455474299e-02 0.0000000000000000e+00 1
-4.6183035023246687e-03 1.0266983673202956e-01 0.0000000000000000e+00 1
-1.1645371323860561e-02 9.2464987257429590e-02 0.0000000000000000e+00 1
-1.7038962959793010e-02 1.0361950818980084e-01 0.0000000000000000e+00 1
-2.4038614571513784e-02 9.3393658685722053e-02 0.0000000000000000e+00 1
-1.8665357757584735e-02 8.2230112746134537e-02 0.0000000000000000e+00 1
-3.1003466765211530e-02 8.3150438952377476e-02 0.0000000000000000e+00 1
-2.5663156321458470e-02 7.2019950648316261e-02 0.0000000000000000e+00 1
-3.7957951089621543e-02 7.2953753052971124e-02 0.0000000000000000e+00 1
-4.3317322426146901e-02 8.4056934049960869e-02 0.0000000000000000e+00 1
-5.0243130808806810e-02 7.3854281034509237e-02 0.0000000000000000e+00 1
-4.4879149195528309e-02 6.2775499130996365e-02 0.0000000000000000e+00 1
-5.7131428463891694e-02 6.3670615524655194e-02 0.0000000000000000e+00 1
-5.1760367916368302e-02 5.2635286449176089e-02 0.0000000000000000e+00 1
-6.3982106846325951e-02 5.3518133651874647e-02 0.0000000000000000e+00 1
-6.9356446951968867e-02 6.4531327754579759e-02 0.0000000000000000e+00 1
-7.6201187183185762e-02 5.4383851445435089e-02 0.0000000000000000e+00 1
-8.1549819896762785e-02 6.5365835660832206e-02 0.0000000000000000e+00 1
-8.8349250753760128e-02 5.5238402926026095e-02 0.0000000000000000e+00 1
-9.3707932180294967e-02 6.6230493058561865e-02 0.0000000000000000e+00 1
-1.0047373386727254e-01 5.6133223663232770e-02 0.0000000000000000e+00 1
-1.0580216105863927e-01 6.7042163940419619e-02 0.0000000000000000e+00 1
-1.1254817212344088e-01 5.6850907694746045e-02 0.0000000000000000e+00 1
-1.1780349971046539e-01 6.7787801634744571e-02 0.0000000000000000e+00 1
-1.2450143441974196e-01 5.7702628525777212e-02 0.0000000000000000e+00 1
-1.0721905569980567e-01 4.5819447301311086e-02 0.0000000000000000e+00 1
-7.0795910394970921e-02 4.3403262846856458e-02 0.0000000000000000e+00 1
-5.5631232504298064e-02 8.4965025064509273e-02 0.0000000000000000e+00 1
-1.2972852927985257e-01 6.8648505694842238e-02 0.0000000000000000e+00 1
-1.3632144676046637e-01 5.8753011756143850e-02 0.0000000000000000e+00 1
-1.3127232288032778e-01 4.8258188722752782e-02 0.0000000000000000e+00 1
-1.4294310365957957e-01 4.9074007178688872e-02 0.0000000000000000e+00 1
-1.4802687162905193e-01 5.9578565566650643e-02 0.0000000000000000e+00 1
-1.5456143660950600e-01 4.9988518930300638e-02 0.0000000000000000e+00 1
-1.5963715883437751e-01 6.0441398822613575e-02 0.0000000000000000e+00 1
-1.6606351965948546e-01 5.0879226348470467e-02 0.0000000000000000e+00 1
-1.7109116419218864e-01 6.1215303394192566e-02 0.0000000000000000e+00 1
-1.7735127349272764e-01 5.1714779882442864e-02 0.0000000000000000e+00 1
-1.5035954990740402e-01 4.0151481625229302e-02 0.0000000000000000e+00 1
-8.6931477923758507e-02 7.6354402483447617e-02 0.0000000000000000e+00 1
-1.7247187880086196e-01 4.1574310410324861e-02 0.0000000000000000e+00 1
-1.8364879065630971e-01 4.2509169421420925e-02 0.0000000000000000e+00 1
-1.8844661511736593e-01 5.2450920793341294e-02 0.0000000000000000e+00 1
-1.9464065531449209e-01 4.3423918363253322e-02 0.0000000000000000e+00 1
-1.9936149911697357e-01 5.3151180134851206e-02 0.0000000000000000e+00 1
-1.2306364354953865e-01 7.8528332739954881e-02 0.0000000000000000e+00 1
-1.5320658190686831e-01 7.0299241732764250e-02 0.0000000000000000e+00 1
-2.0541678755712603e-01 4.4258637626925099e-02 0.0000000000000000e+00 1
-3.9563915313543772e-02 5.1744025131822566e-02 0.0000000000000000e+00 1
-4.6415538243200494e-02 4.1642650790458029e-02 0.0000000000000000e+00 1
-2.1006652932765102e-01 5.3816621137329802e-02 0.0000000000000000e+00 1
-1.7885900085640977e-01 3.2423978379823623e-02 0.0000000000000000e+00 1
-1.9332162354544452e-01 6.2201953007878626e-02 0.0000000000000000e+00 1
-2.0080402686837609e-01 3.4591443235028566e-02 0.0000000000000000e+00 1
-1.3492594622766479e-01 7.9331228072874349e-02 0.0000000000000000e+00 1
-1.2841230345166704e-01 8.9328850411572708e-02 0.0000000000000000e+00 1
-1.6790957557357428e-01 3.1596697634118528e-02 0.0000000000000000e+00 1
-2.9429216732888813e-02 1.0460090804119739e-01 0.0000000000000000e+00 1
-1.1647088734896494e-01 8.8465903102033339e-02 0.0000000000000000e+00 1
-2.1597042567857042e-01 4.5133124177219971e-02 0.0000000000000000e+00 1
-2.2052026400665595e-01 5.4486853824720807e-02 0.0000000000000000e+00 1
-3.0372594696816083e-02 -8.1194535749178356e-02 0.0000000000000000e+00 1
2.0165556331745024e-01 -1.3442663889177238e-03 0.0000000000000000e+00 1
-4.8701364751234939e-02 9.5191677776942610e-02 0.0000000000000000e+00 1
-6.1039713114166325e-02 9.6100839087967793e-02 0.0000000000000000e+00 1
2.2222658775728102e-01 6.0577162530933745e-02 0.0000000000000000e+00 1
2.7111643762380920e-02 1.1046019298630014e-01 0.0000000000000000e+00 1
9.0316043865744544e-02 7.3304458072549816e-02 0.0000000000000000e+00 1
8.5396367367014420e-02 8.3967044492414669e-02 0.0000000000000000e+00 1
1.3974492988808532e-01 -2.5249335467401941e-02 0.0000000000000000e+00 1
-1.5858616114592811e-01 -8.1461023974002206e-02 0.0000000000000000e+00 1
-1.7035783010651509e-01 -8.0419656308072143e-02 0.0000000000000000e+00 1
-2.3688467142924730e-01 -5.6056281338592424e-02 0.0000000000000000e+00 1
-4.1030946728542003e-02 -5.9187034707874633e-02 0.0000000000000000e+00 1
-1.6735844740853781e-01 -4.0074936947122469e-02 0.0000000000000000e+00 1
-1.5570939420202243e-01 -4.0720727764509607e-02 0.0000000000000000e+00 1
3.9366380191837080e-02 1.0947104319577024e-01 0.0000000000000000e+00 1
1.3972653172471075e-01 4.2093927333727216e-02 0.0000000000000000e+00 1
-2.2660070655069278e-01 4.6063966048836613e-02 0.0000000000000000e+00 1
2.1970962588813236e-01 -3.9868061099887088e-02 0.0000000000000000e+00 1
2.0772009839420230e-01 7.1982264131793067e-02 0.0000000000000000e+00 1
-2.1572087451165259e-01 -5.7914857094781148e-02 0.0000000000000000e+00 1
-3.0093480475489787e-01 2.3918841974186912e-04 0.0000000000000000e+00 1
-2.9697056405455058e-01 6.4923794661014495e-03 0.0000000000000000e+00 1
-5.7903743251562417e-02 -4.7688649021540297e-02 0.0000000000000000e+00 1
-2.6740840605402838e-01 3.1862816394036028e-02 0.0000000000000000e+00 1
-2.7234275976122957e-01 2.4644648839433826e-02 0.0000000000000000e+00 1
1.2896465832580140e-01 1.0975993242295173e-01 0.0000000000000000e+00 1
1.4048866864684634e-01 1.0859781512533402e-01 0.0000000000000000e+00 1
9.3368383296782778e-02 -4.1461185453623484e-02 0.0000000000000000e+00 1
7.6672333546179250e-02 5.4425105149858072e-02 0.0000000000000000e+00 1
8.1707381678906593e-02 2.8198239861720695e-02 0.0000000000000000e+00 1
-1.9594613168474728e-01 -4.7610911341768938e-02 0.0000000000000000e+00 1
-1.9015219544054035e-01 -3.8608082046571804e-02 0.0000000000000000e+00 1
-3.4281886579829564e-02 4.0756169385351357e-02 0.0000000000000000e+00 1
-4.1135875308631616e-02 3.0705020370610486e-02 0.0000000000000000e+00 1
-5.3226474793171358e-02 3.1569744082764084e-02 0.0000000000000000e+00 1
-2.7337783807639425e-02 5.0857862218950722e-02 0.0000000000000000e+00 1
-4.7300649252338636e-02 2.0749942783037545e-02 0.0000000000000000e+00 1
-5.9590776169444790e-02 2.1598281763377775e-02 0.0000000000000000e+00 1
-7.0273079054070375e-02 -4.6810349389335350e-02 0.0000000000000000e+00 1
-3.0206397864239826e-01 -1.2159188779466760e-02 0.0000000000000000e+00 1
-2.9899119181230543e-01 -1.8498796971110412e-02 0.0000000000000000e+00 1
-2.9191782662601262e-01 -1.9542659964561979e-02 0.0000000000000000e+00 1
2.5007786332862719e-01 9.8767782337827154e-02 0.0000000000000000e+00 1
2.5356770198910539e-01 9.0386141564764058e-02 0.0000000000000000e+00 1
2.5884534245264496e-01 9.7367373696853790e-02 0.0000000000000000e+00 1
2.6219177755601053e-01 8.9919861683903923e-02 0.0000000000000000e+00 1
2.6685670636077374e-01 9.6321035817417827e-02 0.0000000000000000e+00 1
2.7011164999022130e-01 8.9210044310487860e-02 0.0000000000000000e+00 1
2.6561509439967185e-01 8.2339424534518521e-02 0.0000000000000000e+00 1
2.7344405470832966e-01 8.2081001702283343e-02 0.0000000000000000e+00 1
2.6910695248090055e-01 7.5436587684541201e-02 0.0000000000000000e+00 1
1.7965676106890388e-01 -6.5060701058976614e-02 0.0000000000000000e+00 1
1.9064218049205617e-01 -6.5810966544585611e-02 0.0000000000000000e+00 1
3.4625914084179671e-02 -2.4476862654327990e-02 0.0000000000000000e+00 1
2.7920714210040748e-02 -3.4645058321828195e-02 0.0000000000000000e+00 1
1.5081223709458225e-01 4.1015859329131918e-02 0.0000000000000000e+00 1
-1.3369162838900222e-02 7.1098540981759106e-02 0.0000000000000000e+00 1
1.1277837328694160e-01 -1.3670677562383942e-02 0.0000000000000000e+00 1
9.6764794387511510e-02 -1.3676601551097878e-01 0.0000000000000000e+00 1
1.0622197443951423e-01 -1.3716211830046804e-01 0.0000000000000000e+00 1
1.9865550592690340e-01 -3.8444976194291200e-02 0.0000000000000000e+00 1
2.0325534101668447e-01 -4.8116312156040356e-02 0.0000000000000000e+00 1
1.1702350049852758e-01 4.4572206096272493e-02 0.0000000000000000e+00 1
9.5353181891528846e-02 6.2689336491076164e-02 0.0000000000000000e+00 1
4.9527865553753277e-02 8.7404648512083849e-02 0.0000000000000000e+00 1
5.6454992342407369e-02 9.7299532707390529e-02 0.0000000000000000e+00 1
6.8477922481671907e-02 9.6250990869166844e-02 0.0000000000000000e+00 1
6.3376735353179725e-02 1.0725029113916276e-01 0.0000000000000000e+00 1
7.5543376199021073e-02 1.0574846429957507e-01 0.0000000000000000e+00 1
4.7879538009408446e-02 -5.2310234974577152e-03 0.0000000000000000e+00 1
-6.7932316266734349e-02 8.5839177920695925e-02 0.0000000000000000e+00 1
-7.3384923190247864e-02 9.6690526989804099e-02 0.0000000000000000e+00 1
-6.7670953840099135e-02 1.0688207043063537e-01 0.0000000000000000e+00 1
-2.7653824742494659e-01 3.2418681518773418e-02 0.0000000000000000e+00 1
-2.8083187411754107e-01 2.5232557007666002e-02 0.0000000000000000e+00 1
1.0872092451493068e-01 -7.0359371742470117e-02 0.0000000000000000e+00 1
-2.6256828050719100e-01 3.8865266539666543e-02 0.0000000000000000e+00 1
-2.2357619911782572e-01 -2.2161796035269909e-02 0.0000000000000000e+00 1
-2.2207687016700128e-01 -6.6206036333602392e-02 0.0000000000000000e+00 1
1.8827512751276182e-01 -8.4052375322405143e-02 0.0000000000000000e+00 1
6.1229689806415945e-02 1.4089511509501010e-02 0.0000000000000000e+00 1
-1.5971778619926030e-01 -3.0339559841049208e-02 0.0000000000000000e+00 1
2.0076984132159148e-01 1.0857042233599645e-01 0.0000000000000000e+00 1
3.4988705140022086e-02 -1.4091621937411419e-01 0.0000000000000000e+00 1
3.0206372256050058e-02 -1.3134887753189584e-01 0.0000000000000000e+00 1
1.0565206063527474e-01 1.1191665136320424e-01 0.0000000000000000e+00 1
9.3860598059218203e-02 1.1324389210999278e-01 0.0000000000000000e+00 1
3.6216469138789051e-02 -1.2250808085796042e-01 0.0000000000000000e+00 1
2.5238240331556961e-02 -1.2166639323632368e-01 0.0000000000000000e+00 1
1.9194424704301889e-02 -1.3041819298902357e-01 0.0000000000000000e+00 1
1.4048861047226219e-02 -1.2096672131072612e-01 0.0000000000000000e+00 1
2.0106854445334405e-02 -1.1263593413291528e-01 0.0000000000000000e+00 1
7.7633626695729433e-03 -1.2973883741351649e-01 0.0000000000000000e+00 1
8.8272698839489294e-02 -1.3629820360986439e-01 0.0000000000000000e+00 1
2.1103524596455564e-01 1.0805474429531020e-01 0.0000000000000000e+00 1
-1.1201701552831911e-01 -1.0696499385946209e-01 0.0000000000000000e+00 1
3.2664199398202559e-02 1.1973274217340164e-01 0.0000000000000000e+00 1
-2.3078695985977082e-01 5.4694796058042325e-02 0.0000000000000000e+00 1
2.7781116366888547e-01 8.8806351902731645e-02 0.0000000000000000e+00 1
2.7672449224941686e-01 7.5240629369901002e-02 0.0000000000000000e+00 1
2.7268291818065638e-01 6.8295175003583203e-02 0.0000000000000000e+00 1
2.6473414221309494e-01 6.8039212348738262e-02 0.0000000000000000e+00 1
2.6809961304243723e-01 6.1339477559498548e-02 0.0000000000000000e+00 1
2.5323697623666841e-01 1.4504895880403559e-02 0.0000000000000000e+00 1
2.4911243268407279e-01 2.3369142320880488e-02 0.0000000000000000e+00 1
2.5867498174692788e-01 2.2826738892537311e-02 0.0000000000000000e+00 1
2.5503868455099205e-01 3.1346105103311206e-02 0.0000000000000000e+00 1
2.6455925476737729e-01 3.0530198143038888e-02 0.0000000000000000e+00 1
2.6040687603718882e-01 3.9203588446155090e-02 0.0000000000000000e+00 1
1.8827987884020025e-03 -1.2135343851378350e-01 0.0000000000000000e+00 1
-2.7662956742754552e-01 1.7548404923733454e-02 0.0000000000000000e+00 1
-2.8367576378735604e-01 1.8281964969718595e-02 0.0000000000000000e+00 1
-2.2610683552427785e-01 6.3592796333001494e-02 0.0000000000000000e+00 1
2.6399154814953296e-01 1.0444492538647066e-01 0.0000000000000000e+00 1
2.4659767525814025e-01 1.0737997140124017e-01 0.0000000000000000e+00 1
2.4332103039769620e-03 1.1302702902296155e-01 0.0000000000000000e+00 1
9.6599931904170044e-02 -8.8373289614981143e-02 0.0000000000000000e+00 1
-2.9599375513063347e-01 -2.4996937941817180e-02 0.0000000000000000e+00 1
-2.8912441968555824e-01 -2.6216801824231979e-02 0.0000000000000000e+00 1
-1.9276923579546179e-01 -7.7542802358981894e-02 0.0000000000000000e+00 1
-1.7343943765285877e-01 1.9943746523760027e-02 0.0000000000000000e+00 1
-1.8486814675037472e-01 2.3128881012110542e-02 0.0000000000000000e+00 1
7.4000366361603162e-02 -8.7077160514941548e-02 0.0000000000000000e+00 1
7.9493579373359657e-02 -9.5630711327665888e-02 0.0000000000000000e+00 1
1.1173799502580414e-01 5.4120910932206848e-02 0.0000000000000000e+00 1
2.3751472985669173e-01 1.0707001880049725e-01 0.0000000000000000e+00 1
2.5828234872232791e-01 5.6018593768175006e-03 0.0000000000000000e+00 1
1.8349845748440710e-01 -9.2131114088553026e-02 0.0000000000000000e+00 1
-3.7439560239593246e-03 -1.2998210777005892e-01 0.0000000000000000e+00 1
-9.9657530395067875e-02 -1.0679262728720469e-01 0.0000000000000000e+00 1
7.4563165280834537e-02 -6.8960691223777015e-02 0.0000000000000000e+00 1
-2.0233927926703224e-01 -3.7375518921740472e-02 0.0000000000000000e+00 1
-1.9503390956406969e-01 -2.8779646227723291e-02 0.0000000000000000e+00 1
-1.8302829609994087e-01 -2.7471589614505749e-02 0.0000000000000000e+00 1
7.6448147520767562e-02 3.8112655243402613e-02 0.0000000000000000e+00 1
-2.5929799173824175e-01 1.5109463305351695e-02 0.0000000000000000e+00 1
-2.0539359983696759e-01 -7.7942010227444181e-02 0.0000000000000000e+00 1
7.8200445014616982e-02 -1.2498451407855235e-01 0.0000000000000000e+00 1
-1.2145773364060755e-01 9.9190300552278898e-02 0.0000000000000000e+00 1
-1.6547487290775842e-01 -9.1827290522241700e-02 0.0000000000000000e+00 1
-1.5375280435038602e-01 -9.2852731555438078e-02 0.0000000000000000e+00 1
-1.7705746938973493e-01 -8.9784735074079705e-02 0.0000000000000000e+00 1
-1.2439952304309589e-01 -1.0602282203540793e-01 0.0000000000000000e+00 1
2.1457629849012189e-01 9.9642048609331041e-02 0.0000000000000000e+00 1
2.2117987857312657e-01 1.0718828910725767e-01 0.0000000000000000e+00 1
2.7648892151871729e-01 6.0848802830209846e-02 0.0000000000000000e+00 1
2.7167327299981731e-01 5.4019373438471761e-02 0.0000000000000000e+00 1
2.6312430042253698e-01 5.4458375021200246e-02 0.0000000000000000e+00 1
1.6594328385802614e-02 -3.3413641165127156e-02 0.0000000000000000e+00 1
2.1442921066197979e-01 8.1215443499263573e-02 0.0000000000000000e+00 1
-1.4714922788243090e-01 -1.0262497247467342e-01 0.0000000000000000e+00 1
-2.8509913400049636e-01 3.1857423242406542e-02 0.0000000000000000e+00 1
7.0832707056646738e-02 1.1876531540155225e-01 0.0000000000000000e+00 1
5.7956213979905677e-02 1.1848611963737857e-01 0.0000000000000000e+00 1
2.8104517838006826e-01 8.1750970045251684e-02 0.0000000000000000e+00 1
9.2696156079456471e-02 -1.4505527033317542e-01 0.0000000000000000e+00 1
-2.0491063855823621e-01 -2.6410851429430046e-02 0.0000000000000000e+00 1
2.5063455474813279e-01 4.0272080319201910e-02 0.0000000000000000e+00 1
2.1192982944904670e-01 -1.5655085907327634e-03 0.0000000000000000e+00 1
2.7962468634941506e-01 5.3067865117638321e-02 0.0000000000000000e+00 1
2.8142785158949812e-01 6.8675161561319684e-02 0.0000000000000000e+00 1
-1.3620848641686145e-01 -1.0110520855528804e-01 0.0000000000000000e+00 1
-3.0469621682585241e-01 -5.9078661715869186e-03 0.0000000000000000e+00 1
3.8405932522537954e-02 -3.6281823626206675e-02 0.0000000000000000e+00 1
-2.8894154799064521e-02 2.9877156536628570e-02 0.0000000000000000e+00 1
1.9271509422464489e-01 -9.3289663641040577e-02 0.0000000000000000e+00 1
-1.8177120019969209e-01 1.2646590310272997e-02 0.0000000000000000e+00 1
-1.4837884361169887e-01 -3.1216787348304586e-02 0.0000000000000000e+00 1
-1.4364607376317814e-01 -4.1622745809718184e-02 0.0000000000000000e+00 1
1.9746343948181852e-02 6.9063783435484903e-03 0.0000000000000000e+00 1
2.4829035609130545e-01 8.2780771743314344e-02 0.0000000000000000e+00 1
2.7488658834363860e-01 4.5797339211005685e-02 0.0000000000000000e+00 1
-2.2018074729363048e-02 1.1479752769758081e-01 0.0000000000000000e+00 1
-3.4595874388542808e-02 1.1570202249529454e-01 0.0000000000000000e+00 1
-1.6179686701115154e-01 2.1621544089325075e-02 0.0000000000000000e+00 1
-1.5330195835940716e-01 1.3679136345292610e-02 0.0000000000000000e+00 1
-1.5129970263745357e-01 2.3737623009708199e-02 0.0000000000000000e+00 1
-1.4373300348000717e-01 1.5798378327495512e-02 0.0000000000000000e+00 1
-1.4057424425716403e-01 2.6917482687301361e-02 0.0000000000000000e+00 1
-2.3641975337974694e-01 4.6858153124636572e-02 0.0000000000000000e+00 1
-2.4114831854610064e-01 5.5376629536055634e-02 0.0000000000000000e+00 1
6.9402296701505856e-02 -9.5840218752740486e-02 0.0000000000000000e+00 1
1.1158241839074168e-01 -1.2954907153700029e-01 0.0000000000000000e+00 1
1.2088212082513011e-01 -1.3024862699232731e-01 0.0000000000000000e+00 1
1.2625008816273400e-01 -1.2270092522297685e-01 0.0000000000000000e+00 1
1.3003666748880258e-01 -1.3093082745575663e-01 0.0000000000000000e+00 1
1.3523441215629919e-01 -1.2360833048137607e-01 0.0000000000000000e+00 1
1.2451422233486067e-01 -1.3798983536670772e-01 0.0000000000000000e+00 1
1.3926067174095125e-01 -1.3160459996820364e-01 0.0000000000000000e+00 1
1.4434841111969426e-01 -1.2429927861938120e-01 0.0000000000000000e+00 1
1.4058616172116747e-01 -1.1615347809744966e-01 0.0000000000000000e+00 1
1.4964943654201898e-01 -1.1691794607073394e-01 0.0000000000000000e+00 1
1.4588746806245306e-01 -1.0842482590008175e-01 0.0000000000000000e+00 1
1.5520855241761702e-01 -1.0923332473230442e-01 0.0000000000000000e+00 1
1.5122715106544135e-01 -1.0051064649284873e-01 0.0000000000000000e+00 1
1.5373516299377823e-01 -1.2481288336134222e-01 0.0000000000000000e+00 1
1.6085433532011800e-01 -1.0163842799106439e-01 0.0000000000000000e+00 1
1.6520397348146987e-01 -1.1031550840558929e-01 0.0000000000000000e+00 1
1.7058159484289548e-01 -1.0232944445371189e-01 0.0000000000000000e+00 1
1.7507000592799996e-01 -1.0926865869920047e-01 0.0000000000000000e+00 1
1.1559922543461723e-01 -1.3757465413501191e-01 0.0000000000000000e+00 1
1.1983587790044023e-01 -1.4564953557693430e-01 0.0000000000000000e+00 1
1.5166754198261825e-01 -8.8749452140942708e-02 0.0000000000000000e+00 1
1.0150990257718528e-01 1.2246281604889761e-01 0.0000000000000000e+00 1
9.0028235733733891e-02 1.2365865568632728e-01 0.0000000000000000e+00 1
-1.4053766156416564e-01 9.0088031721552692e-02 0.0000000000000000e+00 1
1.4157078722859540e-01 -9.9646418083071869e-02 0.0000000000000000e+00 1
2.1183897767009643e-02 -4.4299391473059981e-02 0.0000000000000000e+00 1
2.5161660465563374e-01 -4.0027278074063711e-03 0.0000000000000000e+00 1
3.2929728283380991e-02 2.6284591817621192e-02 0.0000000000000000e+00 1
2.0877957970263811e-01 9.0941849647832362e-02 0.0000000000000000e+00 1
2.7377858870413729e-01 9.5492767660798866e-02 0.0000000000000000e+00 1
-2.4580242763293927e-01 5.3896455379627293e-03 0.0000000000000000e+00 1
2.4580326335033184e-01 4.9790855463495980e-02 0.0000000000000000e+00 1
2.4465499233375909e-01 3.2478550702458489e-02 0.0000000000000000e+00 1
2.5540404016187590e-01 4.8635342568710084e-02 0.0000000000000000e+00 1
1.4657306772906439e-01 -8.0654117979781406e-02 0.0000000000000000e+00 1
-2.4993899296495203e-01 1.4287606036737042e-02 0.0000000000000000e+00 1
6.7789584825447086e-02 -7.8323428251764249e-02 0.0000000000000000e+00 1
2.0160132084583507e-01 6.3810454871292499e-02 0.0000000000000000e+00 1
2.1212383631612922e-01 6.2124939780935515e-02 0.0000000000000000e+00 1
2.0591366055881827e-01 5.3931649188807940e-02 0.0000000000000000e+00 1
6.6098201131316897e-02 -1.4308890540732352e-01 0.0000000000000000e+00 1
-2.7079549941432501e-01 -1.6627814205745623e-02 0.0000000000000000e+00 1
-2.6749055858564030e-01 -2.4805978564635719e-02 0.0000000000000000e+00 1
-2.5862871438421381e-01 -2.6033665099029310e-02 0.0000000000000000e+00 1
-2.6422378228561583e-01 -3.3014356301607775e-02 0.0000000000000000e+00 1
-2.7295976355759671e-01 -3.1723402761395930e-02 0.0000000000000000e+00 1
-2.6980936083336055e-01 -3.9878864735434671e-02 0.0000000000000000e+00 1
-2.6103133422797364e-01 -4.1383018307696785e-02 0.0000000000000000e+00 1
-2.7828776320615578e-01 -3.7998887452416440e-02 0.0000000000000000e+00 1
-2.6761672159798683e-01 -4.9425633786147394e-02 0.0000000000000000e+00 1
-2.5758159049739182e-01 -5.0403308437212031e-02 0.0000000000000000e+00 1
-2.8188082312973189e-01 -3.0130553119519704e-02 0.0000000000000000e+00 1
-2.8669087984550029e-01 -3.6968958945513802e-02 0.0000000000000000e+00 1
-2.7613051072169298e-01 -2.3181543347894091e-02 0.0000000000000000e+00 1
-2.6825736918986565e-01 1.6201380951233680e-02 0.0000000000000000e+00 1
-2.7288683749242831e-01 8.6225213127786374e-03 0.0000000000000000e+00 1
-3.5649425950595802e-02 -7.0222356930923310e-02 0.0000000000000000e+00 1
-2.8882733083215907e-02 -6.0762871459136419e-02 0.0000000000000000e+00 1
6.9197609644181673e-02 -5.9376325271787003e-02 0.0000000000000000e+00 1
-5.7738879488084656e-02 -1.2186899221390984e-01 0.0000000000000000e+00 1
-4.5367257037475475e-02 -1.2328643471453145e-01 0.0000000000000000e+00 1
1.0324789761755990e-01 -7.8928997202810186e-02 0.0000000000000000e+00 1
-1.4677925526652508e-01 8.0179597570769895e-02 0.0000000000000000e+00 1
-1.5192751123921416e-01 9.0457159331157416e-02 0.0000000000000000e+00 1
-1.5804070685175164e-01 8.0481595953183022e-02 0.0000000000000000e+00 1
-1.3371404838002751e-01 1.0236981927664154e-01 0.0000000000000000e+00 1
-1.6480636682479749e-01 7.0798042721250745e-02 0.0000000000000000e+00 1
-1.7631646826941838e-01 7.1226631281819830e-02 0.0000000000000000e+00 1
-1.6991806860416356e-01 8.2925143071390969e-02 0.0000000000000000e+00 1
-1.8220924085793680e-01 8.0972251864640382e-02 0.0000000000000000e+00 1
-1.8904713296572845e-01 -1.9466587222189941e-02 0.0000000000000000e+00 1
2.5625286837378664e-01 6.7385741178233399e-02 0.0000000000000000e+00 1
-2.1141614091686334e-01 3.5553497688280790e-02 0.0000000000000000e+00 1
-2.0725939091140058e-01 2.6166925332809263e-02 0.0000000000000000e+00 1
-2.1742328979789452e-01 2.6737363902262588e-02 0.0000000000000000e+00 1
-2.1362913789949839e-01 1.8115633673933908e-02 0.0000000000000000e+00 1
-1.9658785638316029e-01 2.3012330407603011e-02 0.0000000000000000e+00 1
-3.0506497405108246e-01 6.6391175445339855e-03 0.0000000000000000e+00 1
8.7669209770247780e-03 -4.3700772526196488e-02 0.0000000000000000e+00 1
1.0594664373009802e-02 -2.2855160898938829e-02 0.0000000000000000e+00 1
5.2873357047603358e-03 -1.2216750179713451e-02 0.0000000000000000e+00 1
-1.8071425037061938e-03 -2.2223441435768269e-02 0.0000000000000000e+00 1
2.6686722669040713e-01 2.1586659165863668e-02 0.0000000000000000e+00 1
8.9510861734383024e-02 -9.6496224872366865e-02 0.0000000000000000e+00 1
8.4065090137194945e-02 -1.0539830162679377e-01 0.0000000000000000e+00 1
1.7231486404103818e-01 -9.2056000944740674e-02 0.0000000000000000e+00 1
1.2242428146406681e-01 -1.1398537887962085e-01 0.0000000000000000e+00 1
-2.5299932849224166e-01 -1.8843762248041612e-02 0.0000000000000000e+00 1
-2.4905863926120189e-01 -2.7665977997264134e-02 0.0000000000000000e+00 1
1.9828049271432294e-01 2.7192341129439305e-02 0.0000000000000000e+00 1
2.0273994425337849e-01 1.7685581890480868e-02 0.0000000000000000e+00 1
1.9681981843885149e-01 8.8782671552598436e-03 0.0000000000000000e+00 1
1.1507548126142615e-01 -6.1028936326160389e-02 0.0000000000000000e+00 1
1.3372178395631626e-01 -1.3926086210898297e-01 0.0000000000000000e+00 1
-2.2220958120149914e-01 3.6789206261016422e-02 0.0000000000000000e+00 1
-2.4118549981269660e-01 -4.6211399847231216e-02 0.0000000000000000e+00 1
-2.4766743407978226e-01 -5.2956077757842182e-02 0.0000000000000000e+00 1
-2.4347030483368043e-01 -6.3886299216789580e-02 0.0000000000000000e+00 1
-2.3259232592629145e-01 -6.4391191753600502e-02 0.0000000000000000e+00 1
-2.0395540662850686e-01 -5.6292968663483690e-02 0.0000000000000000e+00 1
1.9085108971494097e-01 -3.0316350705468709e-04 0.0000000000000000e+00 1
1.0181491303902526e-01 7.2399446903063949e-02 0.0000000000000000e+00 1
7.2599831128627751e-02 -1.1625978502503216e-01 0.0000000000000000e+00 1
1.4520011962152771e-01 9.8157272746234980e-02 0.0000000000000000e+00 1
1.5186438971108623e-01 1.0753055826281535e-01 0.0000000000000000e+00 1
1.4719116174022104e-01 1.1792312030745873e-01 0.0000000000000000e+00 1
1.5853601160658135e-01 1.1677696209891457e-01 0.0000000000000000e+00 1
1.6305721076971941e-01 1.0651271469317064e-01 0.0000000000000000e+00 1
1.6983053569532452e-01 1.1554003187570304e-01 0.0000000000000000e+00 1
1.7873791578133380e-01 1.2130099379114474e-01 0.0000000000000000e+00 1
1.8675794369992138e-01 1.1496775015924555e-01 0.0000000000000000e+00 1
1.5686381354586423e-01 1.2833119316037669e-01 0.0000000000000000e+00 1
1.5650912505837522e-01 9.7254484108893730e-02 0.0000000000000000e+00 1
1.6721577555993683e-01 9.5822606003697269e-02 0.0000000000000000e+00 1
1.9239068028068501e-01 -4.7341525222894899e-02 0.0000000000000000e+00 1
1.9691338322039290e-01 -5.7004300515345510e-02 0.0000000000000000e+00 1
2.0739942373009401e-01 -5.7963575194682482e-02 0.0000000000000000e+00 1
2.0106963021088092e-01 -6.6355362342461657e-02 0.0000000000000000e+00 1
2.1209827549831534e-01 -6.7888196366387724e-02 0.0000000000000000e+00 1
1.9562863362459054e-01 -7.6313918127607711e-02 0.0000000000000000e+00 1
-4.2412350287646061e-02 -8.0184228971012989e-02 0.0000000000000000e+00 1
-2.0416497509138079e-01 6.2724751309757867e-02 0.0000000000000000e+00 1
-1.9820620744945588e-01 7.0933327198681700e-02 0.0000000000000000e+00 1
-2.0983571309867913e-01 7.1867591367224273e-02 0.0000000000000000e+00 1
2.1669116520020615e-01 -1.1406126301217071e-02 0.0000000000000000e+00 1
2.2741438193017280e-01 -1.2581348400456178e-02 0.0000000000000000e+00 1
2.3213216761113545e-01 -2.2324135858352152e-02 0.0000000000000000e+00 1
2.3739288603230851e-01 -1.2976779675782289e-02 0.0000000000000000e+00 1
8.8609029037767101e-02 5.4018422146584394e-02 0.0000000000000000e+00 1
6.4551380297944966e-02 5.5072266259597089e-02 0.0000000000000000e+00 1
1.3393934412173489e-01 -3.4068940856842776e-02 0.0000000000000000e+00 1
4.1165672832196659e-02 -1.4812161684928576e-02 0.0000000000000000e+00 1
5.3273679617681126e-02 -1.5824931940013883e-02 0.0000000000000000e+00 1
5.4451152759222445e-02 4.4736342544276202e-03 0.0000000000000000e+00 1
6.6539370265921868e-02 3.3447322949810179e-03 0.0000000000000000e+00 1
-2.7668332767670462e-01 -4.5591534948277834e-02 0.0000000000000000e+00 1
2.2568037461492430e-01 -3.0903356361190945e-02 0.0000000000000000e+00 1
2.2874592194414517e-01 -3.9993759919516023e-02 0.0000000000000000e+00 1
-2.1060417833156464e-01 -6.6950426269688224e-02 0.0000000000000000e+00 1
1.5539915992681824e-01 3.1063224564644221e-02 0.0000000000000000e+00 1
-2.0355785375891534e-02 6.0967862274613122e-02 0.0000000000000000e+00 1
-8.0966746939557660e-03 6.0086574837605294e-02 0.0000000000000000e+00 1
-1.4948588885055757e-02 4.9993618288762538e-02 0.0000000000000000e+00 1
-6.5312325589364617e-02 3.2399090082723465e-02 0.0000000000000000e+00 1
-7.2082378083660470e-02 2.2389245050938998e-02 0.0000000000000000e+00 1
3.4121004264793413e-02 4.6773403728278137e-02 0.0000000000000000e+00 1
-9.6489092992318573e-02 -6.5357345978463988e-02 0.0000000000000000e+00 1
-1.0188415798812905e-01 -5.4372991986435228e-02 0.0000000000000000e+00 1
-8.9690466564386714e-02 -5.5220244656931872e-02 0.0000000000000000e+00 1
-9.5089508483411550e-02 -4.4615119025422402e-02 0.0000000000000000e+00 1
-1.0720071081467143e-01 -4.3626607814765898e-02 0.0000000000000000e+00 1
-8.2767516459433976e-02 -4.5688386181111415e-02 0.0000000000000000e+00 1
-8.7499006799115292e-02 -3.5748536708860003e-02 0.0000000000000000e+00 1
8.0515424296672272e-02 9.4674884209275625e-02 0.0000000000000000e+00 1
-1.3840480816201109e-01 3.7957514035764028e-02 0.0000000000000000e+00 1
-1.3053472244021513e-01 2.7837555699369437e-02 0.0000000000000000e+00 1
1.1569362584773572e-01 2.5147145296041062e-02 0.0000000000000000e+00 1
9.6665921640903436e-03 -9.4252794741934431e-02 0.0000000000000000e+00 1
-2.5310419482136720e-01 3.9163004090817972e-02 0.0000000000000000e+00 1
-2.4744015139861197e-01 4.7476069345551902e-02 0.0000000000000000e+00 1
-2.5133322753153237e-01 5.5655903854120725e-02 0.0000000000000000e+00 1
1.6179536688290519e-01 3.9783169412271238e-02 0.0000000000000000e+00 1
1.3747473253618130e-02 1.7207131546461883e-02 0.0000000000000000e+00 1
-1.1404055892091204e-01 -5.3542049075240863e-02 0.0000000000000000e+00 1
-1.1932915167094474e-01 -4.2955491750923426e-02 0.0000000000000000e+00 1
-1.3160387274730878e-01 -4.2334771675429081e-02 0.0000000000000000e+00 1
-1.2403334682632494e-01 -3.3120364235530823e-02 0.0000000000000000e+00 1
-8.2985289562518466e-02 4.4272431062925277e-02 0.0000000000000000e+00 1
-7.7531052446680140e-02 3.3292413759100685e-02 0.0000000000000000e+00 1
-8.9668689055571765e-02 3.4069573684637873e-02 0.0000000000000000e+00 1
-8.4105017444438573e-02 2.3390137754079738e-02 0.0000000000000000e+00 1
-9.5830922671445842e-02 2.4234440017864307e-02 0.0000000000000000e+00 1
-7.8055307489527437e-02 1.2710890349443067e-02 0.0000000000000000e+00 1
-1.0165870484481838e-01 3.4849187211388494e-02 0.0000000000000000e+00 1
-1.0758890350720433e-01 2.4863161392568098e-02 0.0000000000000000e+00 1
-1.1353180388505120e-01 3.6197143221236544e-02 0.0000000000000000e+00 1
-1.1928703454399110e-01 4.7410034887631548e-02 0.0000000000000000e+00 1
-9.5059120630624494e-02 4.5063710974920262e-02 0.0000000000000000e+00 1
1.4747881629189247e-01 2.9927679498119256e-03 0.0000000000000000e+00 1
1.4599015558424813e-01 -1.6115996110193466e-02 0.0000000000000000e+00 1
1.5096270398119185e-01 -2.5701280056443010e-02 0.0000000000000000e+00 1
2.5727276894049944e-01 8.2650617470324053e-02 0.0000000000000000e+00 1
-2.5516837631973377e-01 6.1926534082798424e-03 0.0000000000000000e+00 1
-6.3354169594278444e-03 8.1306035446306379e-02 0.0000000000000000e+00 1
8.1716209866849035e-02 -4.0938363479022494e-02 0.0000000000000000e+00 1
1.0107723442283376e-01 -1.3170896271546592e-02 0.0000000000000000e+00 1
-1.1936977394492357e-01 6.7218245797958133e-03 0.0000000000000000e+00 1
-1.2475252300714593e-01 1.7219940950240278e-02 0.0000000000000000e+00 1
-1.0751936292206733e-01 5.7916314268295242e-03 0.0000000000000000e+00 1
5.6249830982700338e-02 -7.7811983643089458e-02 0.0000000000000000e+00 1
6.7517706721069617e-02 2.2973188926311221e-02 0.0000000000000000e+00 1
2.7300281283030161e-02 3.6867205237241643e-02 0.0000000000000000e+00 1
6.0794927044192319e-03 8.0433436459032101e-02 0.0000000000000000e+00 1
-1.8223587585271289e-01 6.1755943039429634e-02 0.0000000000000000e+00 1
-2.1505798107684548e-01 6.2608693594841613e-02 0.0000000000000000e+00 1
-4.5979807450757394e-02 -4.8750987931143797e-02 0.0000000000000000e+00 1
1.6266196700503836e-02 -8.4768140628630945e-02 0.0000000000000000e+00 1
2.1165219466310257e-02 -9.4447247913903146e-02 0.0000000000000000e+00 1
7.5252886433406788e-02 -1.4378558555911503e-01 0.0000000000000000e+00 1
-8.0291797769274961e-02 8.6742636989436933e-02 0.0000000000000000e+00 1
-8.5725049341870460e-02 9.7203102291821289e-02 0.0000000000000000e+00 1
-9.2582778225224011e-02 8.7624812165972274e-02 0.0000000000000000e+00 1
-9.8040843130926439e-02 9.7369288034969123e-02 0.0000000000000000e+00 1
-9.9105342191129389e-02 7.7275546420946639e-02 0.0000000000000000e+00 1
1.8793408220789942e-01 -3.7617867716242190e-02 0.0000000000000000e+00 1
1.5227978446943433e-01 -6.8573122880817442e-03 0.0000000000000000e+00 1
1.8594778906397208e-01 -5.6286821677736548e-02 0.0000000000000000e+00 1
-3.2638246511257581e-02 6.1897542190048338e-02 0.0000000000000000e+00 1
-1.4146630440772343e-01 6.9409684926575357e-02 0.0000000000000000e+00 1
-7.2047073607333881e-02 -6.7267260977045412e-02 0.0000000000000000e+00 1
2.1306077290063621e-01 -4.8891232626401548e-02 0.0000000000000000e+00 1
1.9403023368605490e-01 -2.8745626329236558e-02 0.0000000000000000e+00 1
-1.7531226573885689e-01 -6.9647422908231338e-02 0.0000000000000000e+00 1
8.7318917946408017e-02 -5.0686163093513897e-02 0.0000000000000000e+00 1
2.3906796897921559e-01 2.4257876990472660e-02 0.0000000000000000e+00 1
-6.2503090306762946e-02 7.4725703822197356e-02 0.0000000000000000e+00 1
1.6348929153730696e-01 5.7519526366461265e-02 0.0000000000000000e+00 1
1.0764170249412407e-01 -3.6344504169204036e-03 0.0000000000000000e+00 1
-5.3872398907007790e-02 1.0830514799310123e-01 0.0000000000000000e+00 1
1.5846298558100708e-01 2.2256637989871795e-03 0.0000000000000000e+00 1
-5.8582120630566933e-02 4.2528027983975460e-02 0.0000000000000000e+00 1
-1.3835715520289787e-01 -5.2027290413666979e-02 0.0000000000000000e+00 1
-7.4760824852543720e-02 7.5593180771864943e-02 0.0000000000000000e+00 1
7.3495191152493894e-02 8.5183476432346958e-02 0.0000000000000000e+00 1
-4.7602510458785052e-02 7.9435362771824829e-04 0.0000000000000000e+00 1
1.4136220456304729e-01 5.9593801719741574e-02 0.0000000000000000e+00 1
1.8616935872508400e-01 9.5337400367775278e-03 0.0000000000000000e+00 1
1.2206912637492708e-01 3.4314367882054803e-02 0.0000000000000000e+00 1
-7.7359514516748856e-02 -5.6424145143876517e-02 0.0000000000000000e+00 1
-2.1811623111441233e-02 3.9986224501782602e-02 0.0000000000000000e+00 1
8.8368381147291425e-02 -3.1557392447191419e-02 0.0000000000000000e+00 1
-5.5832117453334752e-02 -2.8856110687593049e-02 0.0000000000000000e+00 1
-1.2220638793443372e-01 -8.4443812231620896e-02 0.0000000000000000e+00 1
6.2150887048249073e-02 1.3054048039685001e-01 0.0000000000000000e+00 1
-3.8485041666762206e-02 -1.1218898162573848e-01 0.0000000000000000e+00 1
-3.2982218670928043e-02 -1.2417601096988952e-01 0.0000000000000000e+00 1
-2.5937356178564994e-02 -1.3517750816185400e-01 0.0000000000000000e+00 1
-2.1110267976291106e-02 -1.2403612851209168e-01 0.0000000000000000e+00 1
-1.4254270556151343e-02 -1.3335312914845798e-01 0.0000000000000000e+00 1
2.1617774192007089e-01 5.2649142332306498e-02 0.0000000000000000e+00 1
-2.8962427228745691e-01 6.1424624540965507e-03 0.0000000000000000e+00 1
-2.9340899461583075e-01 1.2439844665019678e-02 0.0000000000000000e+00 1
-3.2088067919945555e-02 -3.0485258818135592e-02 0.0000000000000000e+00 1
2.0866969905580643e-01 2.6580354337235219e-02 0.0000000000000000e+00 1
-1.8463525541535311e-02 -8.2250872503785141e-02 0.0000000000000000e+00 1
-3.5690217569175543e-02 4.9201610799397333e-05 0.0000000000000000e+00 1
-1.7294883147875562e-01 -1.0149736971381842e-01 0.0000000000000000e+00 1
-1.7872488468048287e-01 -3.9113534192601197e-02 0.0000000000000000e+00 1
-1.8735061800121813e-01 7.1094049855907060e-02 0.0000000000000000e+00 1
1.6631544789198968e-01 2.9953850533674806e-02 0.0000000000000000e+00 1
1.6792561869935066e-01 -1.7337236554919283e-02 0.0000000000000000e+00 1
3.9542303514867268e-02 3.6067705629859899e-02 0.0000000000000000e+00 1
-9.2873207767536742e-02 -9.7396149857457703e-02 0.0000000000000000e+00 1
1.1733291535906096e-01 1.1071167549487494e-01 0.0000000000000000e+00 1
1.2523349175753698e-01 1.2027865417906758e-01 0.0000000000000000e+00 1
1.1900451737204451e-01 -4.4435550973231106e-03 0.0000000000000000e+00 1
2.6365553457785223e-02 1.6557127076661786e-02 0.0000000000000000e+00 1
3.5631512529273116e-02 -5.6844950045027751e-02 0.0000000000000000e+00 1
1.0657014372851795e-01 -2.2823946563904182e-02 0.0000000000000000e+00 1
-1.6156563060129109e-01 4.0937622060979340e-02 0.0000000000000000e+00 1
-3.6377077044778786e-02 9.4297115534788548e-02 0.0000000000000000e+00 1
-2.4132249501435344e-03 4.9265088558152620e-02 0.0000000000000000e+00 1
-9.4824802601906760e-04 7.0284713856145153e-02 0.0000000000000000e+00 1
1.2690723364835252e-01 2.4019377261467044e-02 0.0000000000000000e+00 1
-6.7973168118838911e-02 -9.9321468330032942e-02 0.0000000000000000e+00 1
1.0006289233621060e-01 -3.2106430678217078e-02 0.0000000000000000e+00 1
6.1220463246759432e-03 -1.4586246264558944e-01 0.0000000000000000e+00 1
-3.5193028791643002e-02 2.0097000451763193e-02 0.0000000000000000e+00 1
1.4795153318396283e-02 1.1162238323680071e-01 0.0000000000000000e+00 1
-5.3050996773556403e-02 -1.3399657505832313e-01 0.0000000000000000e+00 1
-5.3934515940035955e-04 1.2491159840774005e-01 0.0000000000000000e+00 1
-2.2571515968880407e-02 1.9696390669762899e-02 0.0000000000000000e+00 1
4.2644826097976485e-02 7.7515869032006690e-02 0.0000000000000000e+00 1
1.6923958843848674e-01 -6.4168518609474617e-02 0.0000000000000000e+00 1
1.1418710807728539e-02 6.9443225025598021e-02 0.0000000000000000e+00 1
-2.9354547159304989e-01 -3.2214942540371938e-02 0.0000000000000000e+00 1
-7.7562433000212275e-02 -1.2922066893774115e-01 0.0000000000000000e+00 1
-8.9765476856120796e-02 -1.2661449263549771e-01 0.0000000000000000e+00 1
-8.2040754578187602e-02 -1.1836998556700402e-01 0.0000000000000000e+00 1
8.6941418652869279e-02 1.7996892411120458e-02 0.0000000000000000e+00 1
1.7429173297844738e-01 5.6746425016169166e-02 0.0000000000000000e+00 1
1.2041958380743770e-01 -7.0392933956182402e-02 0.0000000000000000e+00 1
-1.8990141280485376e-01 3.3181620136539997e-02 0.0000000000000000e+00 1
2.7497217963824490e-02 -8.5238008879478078e-02 0.0000000000000000e+00 1
-1.1112498963651625e-01 7.7834676321443863e-02 0.0000000000000000e+00 1
1.2827439762507892e-01 4.3121777762210392e-02 0.0000000000000000e+00 1
-1.8152713698414949e-01 -7.8948062269395394e-02 0.0000000000000000e+00 1
1.3098740853925888e-02 -5.4663469890124022e-02 0.0000000000000000e+00 1
2.7162570956801479e-01 1.0211098238587513e-01 0.0000000000000000e+00 1
1.4374214173019056e-01 -5.2765589475406105e-02 0.0000000000000000e+00 1
-1.1448410554653708e-01 -1.1907047579490226e-01 0.0000000000000000e+00 1
1.3836891357751663e-01 8.8668238727977827e-02 0.0000000000000000e+00 1
-7.5297593053205214e-02 1.1697039059095060e-01 0.0000000000000000e+00 1
-2.5510708575294350e-01 -3.4626780973076712e-02 0.0000000000000000e+00 1
-2.0546329259284285e-01 -8.9926776087981497e-02 0.0000000000000000e+00 1
1.6056771072070322e-01 8.6881718398408594e-02 0.0000000000000000e+00 1
3.7455119607342401e-02 8.8545550732672076e-02 0.0000000000000000e+00 1
-1.5041582730312178e-01 -5.1194601852067728e-02 0.0000000000000000e+00 1
-9.9664047400347344e-02 1.1272960903693079e-01 0.0000000000000000e+00 1
-2.6511768213224790e-02 -1.1308996672932527e-01 0.0000000000000000e+00 1
2.0722919384254984e-01 7.8709736719176082e-03 0.0000000000000000e+00 1
1.8220802362021868e-01 8.3815486525733007e-02 0.0000000000000000e+00 1
-6.6247215301018708e-02 1.1734086714119518e-02 0.0000000000000000e+00 1
2.6977979208269220e-01 3.8269744543754508e-02 0.0000000000000000e+00 1
2.4218958079208067e-01 -3.4309215537617799e-03 0.0000000000000000e+00 1
-1.4694039444863921e-01 -8.2351813273453783e-02 0.0000000000000000e+00 1
-2.2621330414217167e-01 -8.1704290008021457e-02 0.0000000000000000e+00 1
2.3470432086918397e-01 3.3391835899356959e-02 0.0000000000000000e+00 1
-3.0037058804276973e-01 1.2900954245550281e-02 0.0000000000000000e+00 1
-2.9698130720396071e-01 1.8761127818917811e-02 0.0000000000000000e+00 1
2.0099624487095183e-01 1.2473378355271802e-01 0.0000000000000000e+00 1
-4.1772477021676815e-02 1.0538907570253103e-01 0.0000000000000000e+00 1
-1.7905499520593596e-01 9.1703098122983578e-02 0.0000000000000000e+00 1
4.6830106662285709e-02 -1.2355811711901352e-01 0.0000000000000000e+00 1
-1.1806154656581089e-02 -7.2755082534625384e-02 0.0000000000000000e+00 1
2.5223324433294329e-02 1.2967400571032348e-01 0.0000000000000000e+00 1
1.0871261561880836e-01 8.1656969553449421e-02 0.0000000000000000e+00 1
2.2212844871254162e-01 1.2103002864462958e-01 0.0000000000000000e+00 1
2.1317184036750736e-01 1.7364851176159594e-02 0.0000000000000000e+00 1
7.0348798176975147e-02 -1.5222350632183040e-01 0.0000000000000000e+00 1
3.2515457859789418e-02 -9.4939457641718156e-02 0.0000000000000000e+00 1
2.3225547994996915e-01 1.0041674920430101e-01 0.0000000000000000e+00 1
1.2353553417960817e-02 -2.8649878869330637e-03 0.0000000000000000e+00 1
1.7880859575246580e-01 4.7215671589976568e-02 0.0000000000000000e+00 1
3.9627847704869032e-02 -1.5033471727930384e-01 0.0000000000000000e+00 1
1.0459077095323568e-01 -9.5317928199771584e-02 0.0000000000000000e+00 1
2.2820585786381012e-01 6.8320670620128643e-02 0.0000000000000000e+00 1
4.4425049089417565e-02 9.8436453641277982e-02 0.0000000000000000e+00 1
-1.0450440396035997e-01 8.7908310090564157e-02 0.0000000000000000e+00 1
-1.1636126582399350e-01 -2.3664973192347283e-02 0.0000000000000000e+00 1
2.4956814430553337e-01 -2.2243772034212510e-02 0.0000000000000000e+00 1
1.2211024764086620e-01 -5.1500859245377437e-02 0.0000000000000000e+00 1
-2.2739957636457120e-01 7.3498242922578644e-02 0.0000000000000000e+00 1
1.7535351936050889e-01 -5.5443500364391482e-02 0.0000000000000000e+00 1
-2.8726760065968465e-01 -1.3807425675576463e-02 0.0000000000000000e+00 1
-2.6209897313492481e-01 -6.3331108842838379e-02 0.0000000000000000e+00 1
9.2705659139190752e-02 -1.1183150595919421e-01 0.0000000000000000e+00 1
-2.8218910007718451e-01 4.0720000778765697e-02 0.0000000000000000e+00 1
-2.1146268224431083e-01 -4.9749241809108620e-02 0.0000000000000000e+00 1
-4.1815254828148594e-04 -2.3378504153459593e-03 0.0000000000000000e+00 1
2.7443757197560775e-01 2.8613575929627703e-02 0.0000000000000000e+00 1
1.5703033653462067e-01 -1.6662338801233335e-02 0.0000000000000000e+00 1
5.1379222942485786e-02 1.0830878628598531e-01 0.0000000000000000e+00 1
1.3618853568877304e-01 1.1910085273360399e-01 0.0000000000000000e+00 1
1.5974563220956220e-01 -1.1780535405014149e-01 0.0000000000000000e+00 1
1.4563773325765697e-01 1.2906541928903517e-01 0.0000000000000000e+00 1
-2.2759744806239193e-01 -1.3270756841708080e-02 0.0000000000000000e+00 1
1.7366763256810416e-01 1.0522802030137250e-01 0.0000000000000000e+00 1
1.3900820137973324e-01 -4.3433514665959468e-02 0.0000000000000000e+00 1
1.7791987432156497e-01 9.4420993777039108e-02 0.0000000000000000e+00 1
-3.0773821822371228e-01 -6.4507684245959358e-04 0.0000000000000000e+00 1
-3.1369998154220236e-01 -1.8205874028967191e-03 0.0000000000000000e+00 1
-6.3196152630719052e-02 1.1901348737123771e-01 0.0000000000000000e+00 1
9.7087292493026917e-02 8.2698401117127271e-02 0.0000000000000000e+00 1
-2.1950452303928031e-01 -3.1398061227436456e-02 0.0000000000000000e+00 1
1.0158317100118909e-01 -1.4496970511962878e-01 0.0000000000000000e+00 1
2.3936103996308827e-01 1.1564879650516313e-01 0.0000000000000000e+00 1
2.6668283133140269e-01 4.6468917601572658e-02 0.0000000000000000e+00 1
-1.8974883570811224e-01 8.8671298954971445e-02 0.0000000000000000e+00 1
8.8723089907789501e-02 -1.5309743806734172e-01 0.0000000000000000e+00 1
-2.3662100652989671e-02 -7.1546022208702265e-02 0.0000000000000000e+00 1
-1.7085360641992314e-01 -2.9298191580551334e-02 0.0000000000000000e+00 1
1.5572850913896941e-01 -3.5263051296198077e-02 0.0000000000000000e+00 1
-2.2511126374255647e-01 2.0820674300961524e-02 0.0000000000000000e+00 1
-2.6785737871652859e-01 5.1264905393565111e-02 0.0000000000000000e+00 1
1.4866950658450240e-01 -1.3152821599502562e-01 0.0000000000000000e+00 1
9.2311877776875273e-02 9.3215234534563221e-02 0.0000000000000000e+00 1
-2.5862678998950461e-01 4.7635115345272219e-02 0.0000000000000000e+00 1
-2.1743416450338593e-01 -1.4287815273508904e-02 0.0000000000000000e+00 1
-2.5126337391153053e-01 -4.3816993508794401e-02 0.0000000000000000e+00 1
-9.4091153252973403e-03 1.1408819331496503e-01 0.0000000000000000e+00 1
2.2230964571883760e-01 -2.1238939234452013e-03 0.0000000000000000e+00 1
-2.8958966634845917e-01 -4.4472558386057050e-02 0.0000000000000000e+00 1
4.2198853049059057e-02 -1.1408699431134811e-01 0.0000000000000000e+00 1
2.6546291335379041e-01 1.1162592224828959e-01 0.0000000000000000e+00 1
-6.9857867645224864e-02 -1.2009959158625812e-01 0.0000000000000000e+00 1
1.3154446049342072e-01 -1.1523073718066736e-01 0.0000000000000000e+00 1
1.6806881967908682e-01 4.8192070551160107e-02 0.0000000000000000e+00 1
1.1034986349055063e-01 -1.4478005268031202e-01 0.0000000000000000e+00 1
-9.2316732546072200e-03 3.9360577677450298e-02 0.0000000000000000e+00 1
-2.2138619826202091e-02 -5.1369513701318176e-02 0.0000000000000000e+00 1
-1.0960378911458779e-01 9.7901543881035211e-02 0.0000000000000000e+00 1
1.0607087771188742e-01 -1.5237085232454889e-01 0.0000000000000000e+00 1
-8.0084907016994944e-02 -2.6476189591439592e-02 0.0000000000000000e+00 1
-2.4583264827757981e-01 6.4816378710787201e-02 0.0000000000000000e+00 1
1.4488151862920509e-01 -3.4668637764575572e-02 0.0000000000000000e+00 1
-2.2051860020312050e-01 1.1503899016299645e-02 0.0000000000000000e+00 1
-3.3944781732775570e-02 -5.0057258420282448e-02 0.0000000000000000e+00 1
2.8730481292297900e-02 -1.4946042742049082e-01 0.0000000000000000e+00 1
1.7130355398374347e-01 -1.1947665880753466e-01 0.0000000000000000e+00 1
1.2124181976572009e-01 1.3078633285324842e-01 0.0000000000000000e+00 1
-1.6260654857134418e-01 -1.9682996498023932e-02 0.0000000000000000e+00 1
2.1815155133914169e-01 7.0276832464819999e-02 0.0000000000000000e+00 1
-3.0065998640425595e-01 -3.5038821613145255e-02 0.0000000000000000e+00 1
-2.8440202733925879e-01 -2.0579808646442984e-02 0.0000000000000000e+00 1
8.7321517168177668e-02 1.0401367139916563e-01 0.0000000000000000e+00 1
-2.3286508873550238e-01 3.8089608846768847e-02 0.0000000000000000e+00 1
3.1421515792909166e-02 -1.1327380150376025e-01 0.0000000000000000e+00 1
-2.7726297313083392e-01 -5.4248503544447810e-02 0.0000000000000000e+00 1
-1.8495306285610266e-01 -9.7982293460310094e-02 0.0000000000000000e+00 1
2.4876289489196907e-01 1.1557496779879162e-01 0.0000000000000000e+00 1
-3.0354172207037505e-01 1.9339615949901603e-02 0.0000000000000000e+00 1
8.2769291149084517e-02 1.1468716348485543e-01 0.0000000000000000e+00 1
-1.2708451191501843e-01 -1.1822883544874174e-01 0.0000000000000000e+00 1
-1.5160186148035532e-01 -2.0770528602758853e-02 0.0000000000000000e+00 1
4.4758619149723573e-02 1.1964096907160283e-01 0.0000000000000000e+00 1
-3.0840077189847881e-01 -1.1352409894561427e-02 0.0000000000000000e+00 1
1.2582998209831742e-01 -1.5001308721917900e-01 0.0000000000000000e+00 1
1.5731611098519960e-01 4.9199246565561017e-02 0.0000000000000000e+00 1
1.2787758072531702e-01 -4.2822166051174428e-02 0.0000000000000000e+00 1
-8.7376682050391286e-02 -1.0791549595483192e-01 0.0000000000000000e+00 1
1.3850669925422748e-01 -1.4514866132694842e-01 0.0000000000000000e+00 1
2.2231642989916731e-01 8.5506798042447985e-02 0.0000000000000000e+00 1
-6.9423943123132882e-03 -1.1829719769801132e-02 0.0000000000000000e+00 1
-4.1263322975592716e-02 1.0426405220901241e-02 0.0000000000000000e+00 1
-3.0570218308185282e-01 -1.7213180991463621e-02 0.0000000000000000e+00 1
-3.0342498268243273e-01 -2.3767943352009296e-02 0.0000000000000000e+00 1
2.4223072550486911e-02 -1.3982984880087901e-01 0.0000000000000000e+00 1
2.5523739928445072e-01 1.0400367492663659e-01 0.0000000000000000e+00 1
-2.0984980843441461e-01 8.1852430907073143e-02 0.0000000000000000e+00 1
-2.4521833685494807e-01 -7.3079772689084763e-02 0.0000000000000000e+00 1
1.3681460898177228e-01 -1.0699176389640315e-01 0.0000000000000000e+00 1
-2.7186713528021855e-01 3.9049214228436629e-02 0.0000000000000000e+00 1
2.6048943255074224e-02 -1.0397659100153263e-01 0.0000000000000000e+00 1
8.0978125030454318e-02 -5.9738316458970375e-02 0.0000000000000000e+00 1
-3.8752987023183194e-02 -3.9582930346137357e-02 0.0000000000000000e+00 1
-1.3590517936140081e-01 -3.1970939676308298e-02 0.0000000000000000e+00 1
-5.3643887833525222e-02 1.1145155275751920e-02 0.0000000000000000e+00 1
2.3117978539131684e-01 -5.0387313130851166e-02 0.0000000000000000e+00 1
-1.5812165045760618e-01 9.8579069135796948e-02 0.0000000000000000e+00 1
1.4614360216885228e-01 5.0176995965135425e-02 0.0000000000000000e+00 1
-2.5445441437104283e-01 -5.9070143427179214e-02 0.0000000000000000e+00 1
-7.1882947157554056e-02 2.2257553926634272e-03 0.0000000000000000e+00 1
-2.1796358218818312e-01 -7.5168177688983054e-02 0.0000000000000000e+00 1
1.1341061919507341e-01 1.2133271612828414e-01 0.0000000000000000e+00 1
1.2046806002440756e-01 -1.5251038612361167e-01 0.0000000000000000e+00 1
3.1705853912999800e-02 -4.5865021883025686e-02 0.0000000000000000e+00 1
-2.1416466861640288e-01 -2.3935792084511982e-02 0.0000000000000000e+00 1
-5.0675117597027315e-02 -3.8598601832018922e-02 0.0000000000000000e+00 1
-8.4050060469999924e-02 3.5205141827732559e-03 0.0000000000000000e+00 1
-1.0111486719316931e-01 1.4464882509456961e-02 0.0000000000000000e+00 1
2.8781268394000203e-01 7.9569864384028813e-02 0.0000000000000000e+00 1
-1.9007224024890745e-01 1.5356782007284376e-02 0.0000000000000000e+00 1
4.8978214922831081e-02 -3.7436469491689883e-02 0.0000000000000000e+00 1
-1.1303557110679817e-01 1.5469581816093871e-02 0.0000000000000000e+00 1
4.5273499303567173e-02 -2.5730622435496321e-02 0.0000000000000000e+00 1
1.3462925492165370e-01 5.1589309806618473e-02 0.0000000000000000e+00 1
-2.8812016040459509e-01 2.4952473972673080e-02 0.0000000000000000e+00 1
-6.3042149722049426e-02 -3.7828764760996142e-02 0.0000000000000000e+00 1
-8.9816256863500601e-02 1.3790009676758199e-02 0.0000000000000000e+00 1
-7.5383156137662347e-02 -3.6863810642128937e-02 0.0000000000000000e+00 1
-7.5055974447178667e-02 -1.0910978021633821e-01 0.0000000000000000e+00 1
-2.6992957977581118e-02 1.2525179385945995e-01 0.0000000000000000e+00 1
-1.1934882370033228e-01 2.6869879489912308e-02 0.0000000000000000e+00 1
-7.9782937685079894e-02 1.0639885826475393e-01 0.0000000000000000e+00 1
1.5740433160782946e-01 -1.3195050393957203e-01 0.0000000000000000e+00 1
-1.1243380857171612e-01 -3.4247430397669552e-02 0.0000000000000000e+00 1
1.0586073468520714e-01 6.2761548488034224e-02 0.0000000000000000e+00 1
6.2768691726536679e-02 -2.1087321562320072e-02 0.0000000000000000e+00 1
-3.0883269113522238e-01 -2.5920399537555039e-02 0.0000000000000000e+00 1
5.7809310641664516e-02 -4.7228873562130784e-03 0.0000000000000000e+00 1
1.3344393324999448e-01 -9.7048399211859954e-02 0.0000000000000000e+00 1
-3.1232168605728100e-01 -1.5467155083009235e-02 0.0000000000000000e+00 1
1.4511650932290787e-02 -1.0365330525583534e-01 0.0000000000000000e+00 1
-1.2834049152444554e-01 -2.2722810336720928e-02 0.0000000000000000e+00 1
-3.1067296259532962e-01 9.0739470878182637e-03 0.0000000000000000e+00 1
6.9882956750793354e-02 4.5341472403103912e-02 0.0000000000000000e+00 1
9.9845996718564367e-02 5.3660781172420076e-02 0.0000000000000000e+00 1
2.8279985697145726e-01 4.5944948539834281e-02 0.0000000000000000e+00 1
2.8818263053326754e-01 6.7053983922981661e-02 0.0000000000000000e+00 1
2.6086672122894905e-01 7.5090355663596231e-02 0.0000000000000000e+00 1
2.2802050041016800e-01 1.1078478299119868e-01 0.0000000000000000e+00 1
2.1162380414026294e-01 -7.7466800110366330e-02 0.0000000000000000e+00 1
1.1459011648573919e-01 -7.8965269767229854e-02 0.0000000000000000e+00 1
7.0605031629949966e-02 1.3754023279805081e-02 0.0000000000000000e+00 1
7.5399752039685311e-02 -2.4507648161695133e-03 0.0000000000000000e+00 1
-2.9941139289176044e-01 2.5418393013043376e-02 0.0000000000000000e+00 1
1.2311656998053724e-01 5.3055607770101487e-02 0.0000000000000000e+00 1
-1.2783239325272439e-01 -9.3880112732184703e-02 0.0000000000000000e+00 1
2.8706076794877977e-01 9.0921258446545500e-02 0.0000000000000000e+00 1
-9.9709407291149549e-02 -3.4566119665314227e-02 0.0000000000000000e+00 1
1.2846558739085912e-02 -1.3848630432083087e-01 0.0000000000000000e+00 1
9.8356582952050159e-02 1.3298196675799290e-01 0.0000000000000000e+00 1
-1.4249443100935391e-01 -9.2324443026332317e-02 0.0000000000000000e+00 1
-1.9780518200866773e-01 -1.8143100432774537e-02 0.0000000000000000e+00 1
-9.2247524141711459e-02 -2.5490976624493587e-02 0.0000000000000000e+00 1
3.7627387609061702e-02 1.2998179702362234e-01 0.0000000000000000e+00 1
-1.3433542035545687e-01 1.9136904275966340e-02 0.0000000000000000e+00 1
-1.8822060858134837e-01 -8.7287842239609406e-02 0.0000000000000000e+00 1
-4.3287435438682347e-03 -1.1293461361492774e-01 0.0000000000000000e+00 1
-1.5712838127585724e-01 3.1524544848460442e-02 0.0000000000000000e+00 1
-2.8649698107997934e-01 1.2192422998397541e-02 0.0000000000000000e+00 1
1.1824425110623138e-01 6.2150813118119805e-02 0.0000000000000000e+00 1
8.2074056318968830e-03 -1.1250932913000852e-01 0.0000000000000000e+00 1
-1.9350489427942613e-01 7.9148565903475965e-02 0.0000000000000000e+00 1
-1.2378995806829254e-01 1.0916297459215525e-01 0.0000000000000000e+00 1
2.6057409754644001e-01 -4.7883286903687983e-03 0.0000000000000000e+00 1
-1.4383189110479205e-01 6.1849613288333938e-03 0.0000000000000000e+00 1
2.7646758887506517e-01 1.0636151237032568e-01 0.0000000000000000e+00 1
2.8370207313681051e-01 1.0029474584633856e-01 0.0000000000000000e+00 1
-1.0189674085895970e-02 -1.2257145944193439e-01 0.0000000000000000e+00 1
1.9640079344167505e-01 -8.5969114068952246e-02 0.0000000000000000e+00 1
2.7988131213828449e-01 9.6521089376852623e-02 0.0000000000000000e+00 1
9.4059923982641735e-02 4.5324137505525094e-02 0.0000000000000000e+00 1
-3.1069206546645600e-01 -6.4423960220028487e-03 0.0000000000000000e+00 1
-1.2575453802682363e-01 3.8053197776260018e-02 0.0000000000000000e+00 1
8.6132183455115641e-02 1.3287483467119335e-01 0.0000000000000000e+00 1
8.2279830620050648e-02 4.5797302455891239e-02 0.0000000000000000e+00 1
8.4114410867045797e-02 -1.4412210754457716e-01 0.0000000000000000e+00 1
-9.4256069885014296e-02 -1.1635798305737649e-01 0.0000000000000000e+00 1
2.5251349762455827e-03 -1.3737689099715267e-01 0.0000000000000000e+00 1
2.0596770682493118e-01 1.1608042191872980e-01 0.0000000000000000e+00 1
-2.6226239680654068e-01 -5.6117182589459746e-02 0.0000000000000000e+00 1
2.6584348132371555e-01 2.3746826431273339e-03 0.0000000000000000e+00 1
2.1681880644289273e-01 1.1396115966745017e-01 0.0000000000000000e+00 1
2.5997240621901446e-01 6.0720464047719087e-02 0.0000000000000000e+00 1
2.2245226928707851e-01 -4.9266928761775297e-02 0.0000000000000000e+00 1
-2.0987548512403448e-01 1.0175272438662031e-02 0.0000000000000000e+00 1
1.7872515617376464e-01 1.1224510554173560e-01 0.0000000000000000e+00 1
1.9512984991520560e-01 1.1764464981278649e-01 0.0000000000000000e+00 1
-3.9027629721868753e-02 1.2452833439294142e-01 0.0000000000000000e+00 1
2.8256011571029538e-01 9.1717265142131812e-02 0.0000000000000000e+00 1
2.3856300238494260e-01 -4.0248190926847491e-02 0.0000000000000000e+00 1
2.1689932025955494e-01 -5.8252986211844063e-02 0.0000000000000000e+00 1
2.0666324115748362e-02 1.1963808110400126e-01 0.0000000000000000e+00 1
-2.0482195983814269e-01 1.7807444032462580e-02 0.0000000000000000e+00 1
8.0272061331776529e-02 -1.3479071431123707e-01 0.0000000000000000e+00 1
-1.6093867342140311e-01 8.9725172636835243e-02 0.0000000000000000e+00 1
-2.2893836056449204e-01 -7.2529970714237349e-02 0.0000000000000000e+00 1
7.6791479607738078e-02 -1.0929230731486697e-01 0.0000000000000000e+00 1
2.4598246456991524e-01 -1.2146831859140065e-02 0.0000000000000000e+00 1
1.5221398010014126e-01 -1.3732849342205564e-01 0.0000000000000000e+00 1
2.3449460581498630e-01 -3.0303153665764495e-02 0.0000000000000000e+00 1
-2.8311512402386524e-01 -4.2794462444004984e-02 0.0000000000000000e+00 1
1.9114205280178534e-01 -1.0103688700340693e-01 0.0000000000000000e+00 1
1.7949773503581129e-01 -1.0088368210758580e-01 0.0000000000000000e+00 1
1.9244040441786406e-01 1.0894740270932721e-01 0.0000000000000000e+00 1
2.0413955983769583e-01 -7.4447810679276985e-02 0.0000000000000000e+00 1
2.4050595522000717e-01 -2.1780820231546320e-02 0.0000000000000000e+00 1
2.8278017366517988e-01 7.5985512479511977e-02 0.0000000000000000e+00 1
-9.2487036677247475e-02 1.0558089899319167e-01 0.0000000000000000e+00 1
8.2096529007578412e-02 -1.1481856945554032e-01 0.0000000000000000e+00 1
2.2115195260207299e-01 -6.5957003566860628e-02 0.0000000000000000e+00 1
-2.8955174812348172e-01 3.6990452290547274e-02 0.0000000000000000e+00 1
-1.8533094850098956e-02 -1.4382985784921257e-01 0.0000000000000000e+00 1
-3.1539406725377450e-01 -6.1052062204086013e-03 0.0000000000000000e+00 1
-2.3537321695994992e-01 6.1225165620371114e-02 0.0000000000000000e+00 1
2.8617375348773433e-01 5.2331429767962984e-02 0.0000000000000000e+00 1
-1.9777132698979114e-01 -8.5308247605707654e-02 0.0000000000000000e+00 1
2.0077019875598545e-01 -9.1269939957691115e-02 0.0000000000000000e+00 1
2.6101452191741226e-01 1.5296938183624161e-02 0.0000000000000000e+00 1
8.5432973838982809e-02 -1.2885454252475478e-01 0.0000000000000000e+00 1
2.2427454656932952e-01 1.0045495568724501e-01 0.0000000000000000e+00 1
7.7293154761484073e-02 2.0148045394990086e-02 0.0000000000000000e+00 1
1.2713728021021056e-01 -1.4404415492455663e-01 0.0000000000000000e+00 1
-2.6743738949100576e-01 4.4215366924440433e-02 0.0000000000000000e+00 1
7.9609956979934574e-02 1.2333428119570905e-01 0.0000000000000000e+00 1
-2.9954239075757977e-01 -2.9415698789443619e-02 0.0000000000000000e+00 1
6.1867692010829818e-02 -9.8913409403079078e-02 0.0000000000000000e+00 1
-2.7946331660695034e-01 1.1940596971880591e-02 0.0000000000000000e+00 1
-1.0585776275114184e-01 -1.1442001788334689e-01 0.0000000000000000e+00 1
-2.1953186971013838e-01 6.9519385230059128e-02 0.0000000000000000e+00 1
9.1820680422793233e-02 -1.0403538030832393e-01 0.0000000000000000e+00 1
2.7645223887482318e-01 1.0011157640618525e-01 0.0000000000000000e+00 1
7.3334462664496641e-02 2.9665557180259677e-02 0.0000000000000000e+00 1
-2.5506561990716425e-01 6.2288608559555259e-02 0.0000000000000000e+00 1
-1.5057535656653692e-01 -1.1211487792921015e-01 0.0000000000000000e+00 1
1.6578702931645972e-01 -9.6400475527751606e-02 0.0000000000000000e+00 1
2.1728733745765005e-01 9.1695993188472297e-02 0.0000000000000000e+00 1
1.5637651556118376e-01 -9.5385473822844263e-02 0.0000000000000000e+00 1
-2.9381119204139738e-01 2.3585437232406394e-02 0.0000000000000000e+00 1
-4.3946285996797757e-02 1.1429677192833992e-01 0.0000000000000000e+00 1
1.7974162371294661e-01 1.2997959942534154e-01 0.0000000000000000e+00 1
7.5587153831834106e-02 -1.0250269581343481e-01 0.0000000000000000e+00 1
-1.7428563015967261e-01 8.4554336108919707e-03 0.0000000000000000e+00 1
-2.0341633212844781e-01 7.7580748173098651e-02 0.0000000000000000e+00 1
-1.8191275114044464e-01 -1.6732701358558859e-02 0.0000000000000000e+00 1
-2.1112410361697773e-01 -3.2249919693970147e-02 0.0000000000000000e+00 1
-1.4761552389373439e-01 3.1694440391289713e-02 0.0000000000000000e+00 1
2.8323507736086667e-01 8.7745502566092676e-02 0.0000000000000000e+00 1
9.7069466357239592e-02 -9.6672372669884765e-02 0.0000000000000000e+00 1
-1.8894192231740581e-01 7.4991020270906315e-03 0.0000000000000000e+00 1
9.4091585882429100e-03 1.1911919383214919e-01 0.0000000000000000e+00 1
-2.9539765305751954e-02 -1.4370085521080916e-01 0.0000000000000000e+00 1
-1.0378636747222400e-01 1.0464779596341670e-01 0.0000000000000000e+00 1
-2.8799685079238990e-01 -3.1564116930193453e-02 0.0000000000000000e+00 1
-2.9041573318885316e-01 1.8368878609522181e-02 0.0000000000000000e+00 1
1.8005696302172527e-01 -1.1503659178383396e-01 0.0000000000000000e+00 1
2.5702033214765607e-01 5.5243848008781890e-02 0.0000000000000000e+00 1
2.7404171220382667e-01 1.9391290752452123e-02 0.0000000000000000e+00 1
-1.5475638801005387e-01 4.8394675839161551e-03 0.0000000000000000e+00 1
1.4685489651462177e-01 -9.4984276539191906e-02 0.0000000000000000e+00 1
-2.0464837823280435e-01 -4.5762069551545881e-02 0.0000000000000000e+00 1
-2.3828748459449409e-01 -7.0062470521722361e-02 0.0000000000000000e+00 1

Edges
149
1 2 1
2 3 1
3 4 1
4 5 1
5 6 1
6 7 1
7 8 1
8 9 1
9 10 1
10 11 1
11 12 1
12 13 1
13 14 1
14 15 1
15 16 1
16 17 1
17 18 1
18 19 1
19 20 1
20 21 1
21 22 1
22 23 1
23 24 1
24 25 1
25 26 1
26 27 1
27 28 1
28 29 1
29 30 1
30 31 1
31 32 1
32 33 1
33 34 1
34 35 1
35 36 1
36 37 1
37 38 1
38 39 1
39 40 1
40 41 1
41 42 1
42 43 1
43 44 1
44 45 1
45 46 1
46 47 1
47 48 1
48 49 1
49 50 1
50 51 1
51 52 1
52 53 1
53 54 1
54 55 1
55 56 1
56 57 1
57 58 1
58 59 1
59 60 1
60 61 1
61 62 1
62 63 1
63 64 1
64 65 1
65 66 1
66 67 1
67 68 1
68 69 1
69 70 1
70 71 1
71 72 1
72 73 1
73 74 1
74 75 1
75 76 1
76 77 1
77 78 1
78 79 1
79 80 1
80 81 1
81 82 1
82 83 1
83 84 1
84 85 1
85 86 1
86 87 1
87 88 1
88 89 1
89 90 1
90 91 1
91 92 1
92 93 1
93 94 1
94 95 1
95 96 1
96 97 1
97 98 1
98 99 1
99 100 1
100 101 1
101 102 1
102 103 1
103 104 1
104 105 1
105 106 1
106 107 1
107 108 1
108 109 1
109 110 1
110 111 1
111 112 1
112 113 1
113 114 1
114 115 1
115 116 1
116 117 1
117 118 1
118 119 1
119 120 1
120 121 1
121 122 1
122 123 1
123 124 1
124 125 1
125 126 1
126 127 1
127 128 1
128 129 1
129 130 1
130 131 1
131 132 1
132 133 1
133 134 1
134 135 1
135 136 1
136 137 1
137 138 1
138 139 1
139 140 1
140 141 1
141 142 1
142 143 1
143 144 1
144 145 1
145 146 1
146 147 1
147 148 1
148 149 1
149 1 1

Triangles
2837
647 849 937 1
951 997 1270 1
978 207 1251 1
849 630 937 1
997 996 1270 1
77 78 966 1
454 416 956 1
916 1245 1290 1
323 329 1385 1
180 832 1275 1
1372 1218 1415 1
961 156 1136 1
1316 1307 1363 1
207 978 1366 1
417 854 955 1
814 861 1191 1
1191 861 1304 1
173 1218 1372 1
169 998 1332 1
202 950 1299 1
426 835 1226 1
209 832 1189 1
841 433 900 1
998 997 1332 1
1136 156 1137 1
882 773 1337 1
194 1007 1009 1
950 1036 1299 1
835 426 962 1
1237 985 1442 1
433 841 937 1
400 420 1182 1
1245 182 1290 1
1061 168 1268 1
858 164 859 1
868 737 1293 1
1409 812 1427 1
208 1316 1363 1
1007 194 1012 1
432 972 1371 1
339 839 1475 1
871 152 1134 1
1354 1076 1406 1
417 955 956 1
606 1000 1039 1
969 162 1213 1
1099 1409 1427 1
839 339 893 1
1000 738 1039 1
420 993 1182 1
1060 1061 1268 1
180 833 1319 1
934 827 1258 1
1056 1354 1406 1
1025 1026 1272 1
971 323 1385 1
496 454 956 1
568 868 1293 1
156 961 1170 1
186 847 1139 1
609 1026 1028 1
479 882 1337 1
794 962 1374 1
1257 833 1301 1
163 907 994 1
640 993 1232 1
841 647 937 1
1344 238 1346 1
1238 792 1323 1
882 1344 1346 1
859 164 869 1
285 283 979 1
993 420 1232 1
972 820 1371 1
854 417 1083 1
837 952 1295 1
832 180 1319 1
834 1171 1271 1
1119 157 1253 1
952 954 1295 1
167 855 1334 1
607 1237 1442 1
855 167 1195 1
1026 609 1272 1
442 1033 1359 1
872 871 1134 1
844 833 1257 1
345 1262 1292 1
1033 442 1361 1
77 966 1396 1
1268 1265 1456 1
287 422 982 1
832 209 1275 1
78 195 966 1
1262 800 1292 1
27 28 1241 1
345 852 1262 1
977 348 1343 1
852 345 1477 1
863 1372 1415 1
1329 19 1423 1
168 1265 1268 1
1435 846 1436 1
866 934 1258 1
630 849 959 1
502 975 995 1
641 746 1114 1
657 926 1188 1
1306 187 1387 1
201 831 1233 1
416 417 956 1
1327 1067 1365 1
324 896 1398 1
926 979 1188 1
896 324 1388 1
764 762 1082 1
831 201 1447 1
101 102 1252 1
898 899 1060 1
1038 1329 1423 1
190 861 880 1
265 959 1325 1
995 735 1297 1
844 1257 1372 1
1006 1007 1012 1
864 184 879 1
1155 1291 1335 1
609 1028 1205 1
815 1306 1387 1
962 426 1374 1
451 876 932 1
163 994 1312 1
340 1327 1365 1
348 977 1426 1
1171 192 1271 1
833 180 1301 1
746 1085 1114 1
976 975 1264 1
1291 189 1335 1
961 960 1170 1
1257 173 1372 1
164 858 1147 1
1379 593 1384 1
628 627 980 1
184 864 878 1
976 1264 1287 1
791 1119 1253 1
979 283 1188 1
653 1011 1419 1
402 400 1182 1
1317 208 1360 1
955 829 956 1
918 151 1436 1
818 819 879 1
16 1019 1373 1
422 867 980 1
1006 1012 1246 1
550 898 1060 1
203 1238 1323 1
151 1435 1436 1
1316 208 1317 1
450 1322 1362 1
970 969 1213 1
162 969 1428 1
1019 16 1443 1
1035 250 1375 1
767 764 1082 1
250 1035 1376 1
855 606 1039 1
608 585 1205 1
932 876 934 1
1139 847 1401 1
975 502 1264 1
422 980 982 1
176 920 1279 1
756 1203 1328 1
747 1367 1408 1
1279 1256 1283 1
158 1155 1244 1
422 285 979 1
204 953 1176 1
1138 569 1200 1
996 540 1270 1
540 536 989 1
540 989 1194 1
566 850 1478 1
981 1240 1314 1
839 885 1475 1
187 872 1134 1
289 287 982 1
833 761 1319 1
847 186 1411 1
1060 899 1061 1
959 849 1325 1
819 864 879 1
861 190 1304 1
867 628 980 1
850 566 1493 1
823 825 933 1
880 1379 1384 1
1322 925 1362 1
867 422 979 1
1244 1006 1246 1
870 792 1238 1
906 902 919 1
502 995 1297 1
879 206 1440 1
478 932 934 1
856 607 1442 1
1155 158 1291 1
207 101 1252 1
1292 800 1305 1
1016 771 1018 1
28 170 1241 1
643 641 1114 1
607 856 1452 1
1367 853 1408 1
738 1000 1239 1
375 362 1083 1
1136 1138 1200 1
876 827 934 1
997 951 1332 1
876 451 933 1
1223 434 1240 1
1011 653 1437 1
1248 1014 1250 1
170 890 1204 1
843 1358 1368 1
431 432 889 1
980 627 981 1
982 981 1314 1
855 1039 1334 1
906 919 920 1
158 1244 1246 1
800 886 1305 1
942 470 954 1
653 1248 1250 1
1324 1098 1364 1
605 843 1368 1
877 600 1201 1
194 1009 1010 1
679 681 1077 1
991 1201 1219 1
638 640 1232 1
953 204 1273 1
771 1016 1107 1
1018 771 1020 1
1016 1015 1107 1
874 198 1256 1
442 1035 1361 1
936 854 1083 1
1085 746 1131 1
845 179 1451 1
617 638 1310 1
737 939 1293 1
159 857 1282 1
930 817 1403 1
571 853 1367 1
914 182 1245 1
722 939 1140 1
1099 941 1220 1
917 918 1436 1
877 1025 1272 1
766 817 930 1
907 163 1266 1
981 1223 1240 1
883 1168 1172 1
1043 1130 1280 1
329 355 1385 1
1417 1111 1424 1
1136 1137 1138 1
825 876 933 1
615 798 1020 1
901 778 919 1
561 1311 1352 1
902 901 919 1
918 916 1290 1
857 159 1396 1
1403 817 1422 1
1035 442 1376 1
1168 545 1172 1
960 188 1170 1
179 845 1414 1
920 919 1279 1
1138 1139 1401 1
1088 1056 1388 1
773 926 1337 1
590 739 881 1
576 778 901 1
356 372 1162 1
956 829 1460 1
417 375 1083 1
958 1281 1288 1
182 914 1356 1
762 889 1082 1
869 190 880 1
280 347 940 1
828 1390 1401 1
823 933 1115 1
150 1099 1220 1
771 615 1020 1
763 764 765 1
870 171 1348 1
883 336 1130 1
765 766 930 1
939 940 1140 1
362 931 1083 1
1203 310 1328 1
1201 600 1219 1
761 762 763 1
927 608 1205 1
1186 1347 1378 1
1281 440 1288 1
166 1010 1011 1
884 846 1435 1
544 1390 1394 1
175 873 1342 1
896 894 1398 1
847 828 1401 1
943 942 954 1
818 879 1440 1
372 1042 1162 1
238 1033 1346 1
958 957 1261 1
500 594 936 1
810 1324 1364 1
155 1417 1424 1
585 609 1205 1
434 888 1063 1
327 1381 1386 1
1074 682 1076 1
1381 1053 1386 1
473 1014 1196 1
336 883 1172 1
474 431 889 1
1080 1081 1242 1
719 992 1001 1
681 687 1077 1
330 958 1261 1
832 765 1189 1
374 1063 1157 1
1231 1431 1439 1
594 854 936 1
954 470 1295 1
1251 1252 1405 1
1066 887 1122 1
1056 1088 1354 1
598 868 929 1
766 768 817 1
195 924 966 1
853 571 1465 1
427 921 935 1
739 978 1251 1
924 195 964 1
888 434 1223 1
1004 465 1013 1
1015 445 1107 1
1398 894 1491 1
497 578 590 1
1131 746 1166 1
194 53 1012 1
362 359 931 1
1412 1211 1420 1
763 762 764 1
712 857 966 1
682 1074 1078 1
975 973 995 1
53 54 1012 1
682 679 1077 1
872 187 1306 1
763 765 832 1
247 1131 1166 1
972 478 1416 1
54 55 1246 1
758 590 881 1
703 965 967 1
503 1358 1393 1
889 432 1082 1
743 829 955 1
703 963 965 1
198 874 1260 1
801 1412 1420 1
178 1020 1402 1
1063 888 1157 1
206 879 1370 1
458 453 1196 1
590 578 739 1
478 934 1489 1
610 397 935 1
27 1241 1490 1
536 383 989 1
456 495 497 1
455 1115 1208 1
693 691 967 1
478 413 932 1
881 1251 1405 1
600 877 1272 1
1033 238 1359 1
941 211 1220 1
1081 484 1242 1
351 280 940 1
421 454 456 1
591 590 758 1
949 952 953 1
43 180 1275 1
1130 336 1280 1
868 568 1313 1
151 918 1488 1
735 898 1297 1
761 560 762 1
1076 682 1077 1
1115 933 1208 1
949 946 952 1
596 743 955 1
858 860 1147 1
445 390 1234 1
817 768 873 1
765 764 766 1
413 411 932 1
376 416 421 1
924 712 966 1
977 840 1183 1
904 906 994 1
98 99 183 1
483 903 987 1
1399 1189 1464 1
456 454 495 1
559 1453 1469 1
921 610 935 1
359 358 931 1
497 495 578 1
467 483 987 1
1012 54 1246 1
1086 247 1159 1
940 347 1140 1
480 576 901 1
341 356 1162 1
373 375 376 1
638 1232 1310 1
966 857 1396 1
1093 1163 1175 1
693 967 968 1
691 703 967 1
599 598 929 1
967 965 969 1
374 928 1092 1
893 339 894 1
1086 776 1118 1
840 708 1183 1
483 901 902 1
1004 637 1192 1
886 340 1305 1
963 703 1109 1
421 416 454 1
431 415 432 1
355 875 1385 1
498 500 936 1
845 1397 1414 1
538 540 996 1
1139 1137 1445 1
376 375 416 1
123 1147 1300 1
1248 653 1419 1
971 852 1477 1
928 374 1157 1
1001 992 1127 1
1110 633 1129 1
845 927 1397 1
596 742 743 1
904 902 906 1
1013 465 1196 1
768 818 873 1
467 480 483 1
743 792 793 1
168 1061 1466 1
829 793 830 1
212 211 941 1
646 835 962 1
576 777 778 1
1079 1106 1120 1
1022 1024 1095 1
450 987 1277 1
594 595 596 1
361 362 373 1
1042 372 1163 1
1159 247 1166 1
757 1052 1129 1
483 480 901 1
946 943 954 1
397 398 935 1
1138 1137 1139 1
1204 890 1258 1
373 362 375 1
1046 1092 1152 1
450 425 987 1
588 560 761 1
414 413 415 1
1061 899 1285 1
350 358 359 1
465 1004 1192 1
938 351 940 1
743 742 792 1
367 351 938 1
497 590 591 1
557 1066 1122 1
726 1031 1286 1
596 595 742 1
415 478 972 1
840 977 1343 1
795 595 1059 1
992 719 1201 1
340 886 1327 1
1390 828 1394 1
1014 1013 1196 1
793 792 870 1
361 359 362 1
453 473 1196 1
1356 1266 1432 1
704 716 973 1
358 498 931 1
1076 1077 1406 1
719 877 1201 1
318 1340 1350 1
611 612 986 1
595 549 1059 1
594 549 595 1
500 549 594 1
947 946 949 1
350 349 358 1
383 361 988 1
1071 1070 1072 1
344 349 350 1
931 498 936 1
555 749 1000 1
973 716 995 1
346 278 990 1
412 411 413 1
528 1122 1198 1
405 424 425 1
914 1266 1356 1
405 425 450 1
984 842 985 1
1285 899 1447 1
735 816 898 1
143 144 211 1
1163 372 1175 1
1092 928 1152 1
344 343 349 1
825 824 826 1
425 466 467 1
1307 174 1363 1
540 1194 1270 1
718 957 1021 1
716 717 735 1
696 1100 1102 1
859 869 1384 1
980 981 982 1
415 413 478 1
813 654 862 1
1045 1044 1069 1
403 404 405 1
813 862 863 1
1107 445 1234 1
598 737 868 1
192 891 1271 1
338 343 344 1
410 409 411 1
1256 198 1283 1
898 816 899 1
945 943 946 1
825 826 827 1
338 337 343 1
1311 1179 1352 1
1106 636 1120 1
677 682 1078 1
1453 862 1469 1
42 43 1275 1
711 963 1109 1
209 1189 1399 1
735 717 816 1
920 176 1336 1
360 359 361 1
696 1102 1104 1
421 456 470 1
432 415 972 1
1020 178 1438 1
329 337 338 1
1069 1070 1071 1
411 451 932 1
644 646 962 1
704 707 716 1
170 1204 1241 1
246 1086 1118 1
1044 683 1069 1
700 701 704 1
1079 581 1106 1
508 489 1021 1
239 1085 1131 1
729 996 997 1
854 596 955 1
226 224 1090 1
916 912 1245 1
1358 843 1393 1
875 355 1338 1
401 403 427 1
823 822 824 1
933 451 1208 1
353 1001 1127 1
217 215 631 1
1054 785 1124 1
823 824 825 1
560 474 889 1
952 946 954 1
716 707 717 1
557 1065 1066 1
968 970 1149 1
586 823 1115 1
467 477 480 1
969 965 1428 1
739 740 978 1
591 758 759 1
558 474 560 1
743 793 829 1
598 430 737 1
329 328 337 1
555 554 749 1
1082 432 1371 1
366 408 409 1
43 44 180 1
990 991 1144 1
698 699 700 1
1231 161 1431 1
278 276 990 1
1041 754 1043 1
642 794 993 1
586 822 823 1
358 369 498 1
725 1054 1124 1
401 402 403 1
425 467 987 1
881 739 1251 1
749 750 850 1
704 701 707 1
217 631 856 1
606 555 1000 1
747 438 1030 1
648 842 984 1
765 930 1189 1
421 470 942 1
1025 575 1026 1
1048 1051 1064 1
1062 1040 1150 1
700 699 701 1
1222 1372 1453 1
633 757 1129 1
465 458 1196 1
498 499 500 1
1074 1070 1078 1
323 322 328 1
232 630 959 1
414 415 431 1
215 212 941 1
611 610 612 1
217 856 1003 1
323 328 329 1
347 365 366 1
519 1110 1129 1
675 677 1078 1
564 538 996 1
850 851 875 1
480 546 576 1
957 718 1261 1
411 409 451 1
974 973 975 1
1045 1069 1071 1
1043 754 1130 1
594 596 854 1
489 718 1021 1
654 599 929 1
898 550 1297 1
766 767 768 1
903 902 904 1
710 704 973 1
320 322 323 1
376 421 942 1
692 693 694 1
500 501 549 1
709 699 1094 1
553 552 554 1
729 564 996 1
547 1062 1150 1
991 992 1201 1
612 610 921 1
320 319 322 1
631 215 941 1
423 376 942 1
445 1015 1105 1
626 772 1032 1
1445 1137 1484 1
801 654 813 1
468 430 598 1
1066 1067 1327 1
438 407 1030 1
1064 1051 1065 1
622 788 1034 1
1122 887 1198 1
699 694 1094 1
789 1100 1123 1
882 479 1344 1
698 694 699 1
280 346 347 1
317 316 319 1
646 648 835 1
586 608 822 1
794 644 962 1
576 577 777 1
244 900 1459 1
317 319 320 1
835 648 984 1
1007 1005 1008 1
860 728 1187 1
383 988 989 1
1147 860 1300 1
923 922 1383 1
532 551 552 1
557 1064 1065 1
373 376 423 1
423 942 943 1
777 874 1256 1
1097 1098 1184 1
412 413 414 1
531 530 532 1
683 1044 1121 1
754 1041 1108 1
265 234 959 1
157 1119 1472 1
929 868 1469 1
1007 1008 1009 1
410 411 412 1
692 691 693 1
690 691 692 1
642 644 794 1
504 381 1046 1
697 694 698 1
1100 696 1123 1
446 544 1058 1
925 427 1362 1
678 676 1104 1
523 1048 1064 1
1193 791 1253 1
553 554 555 1
538 536 540 1
394 719 1001 1
469 397 610 1
366 409 410 1
142 143 177 1
395 396 397 1
588 761 833 1
542 575 1025 1
745 637 1004 1
430 367 938 1
398 400 401 1
776 1086 1159 1
236 265 1085 1
749 554 750 1
523 1047 1048 1
1347 556 1378 1
257 581 1079 1
652 599 654 1
907 904 994 1
777 812 874 1
523 518 1047 1
532 552 553 1
846 614 986 1
737 938 939 1
885 322 1475 1
1046 357 1092 1
745 1004 1005 1
1113 597 1187 1
640 642 993 1
388 445 1105 1
614 611 986 1
570 736 1037 1
1008 1013 1014 1
315 316 317 1
511 508 1021 1
826 824 983 1
986 917 1436 1
963 964 965 1
470 456 1235 1
662 775 1084 1
315 314 316 1
305 318 1089 1
716 735 995 1
280 278 346 1
688 689 690 1
267 272 274 1
483 902 903 1
532 553 1113 1
584 617 1031 1
1080 726 1081 1
347 346 365 1
395 397 469 1
762 560 889 1
398 401 935 1
968 969 970 1
234 232 959 1
774 264 1040 1
690 689 691 1
529 528 530 1
1144 991 1219 1
224 433 1090 1
1128 635 1186 1
366 365 408 1
644 645 646 1
313 312 314 1
279 278 280 1
553 597 1113 1
719 449 877 1
230 226 1090 1
642 643 644 1
418 367 430 1
276 533 990 1
558 560 588 1
275 274 276 1
117 118 197 1
277 276 278 1
850 750 851 1
1340 1073 1350 1
243 247 1086 1
405 404 424 1
774 1040 1062 1
839 708 840 1
582 726 1080 1
433 937 1090 1
374 335 1063 1
1114 265 1325 1
781 541 1128 1
1047 519 1049 1
1097 1058 1098 1
425 424 466 1
276 274 533 1
121 122 191 1
1022 1023 1024 1
313 314 315 1
711 924 963 1
1059 1060 1268 1
640 641 642 1
25 26 179 1
1093 1084 1163 1
693 968 1094 1
671 683 1121 1
262 266 267 1
635 734 1186 1
14 15 178 1
862 654 929 1
494 585 586 1
113 114 202 1
646 647 648 1
137 138 186 1
386 388 1105 1
541 263 1057 1
256 257 258 1
350 359 360 1
1416 478 1489 1
532 530 551 1
268 270 1097 1
1182 794 1374 1
963 924 964 1
1066 1065 1067 1
1005 1004 1013 1
681 685 686 1
768 769 818 1
700 704 710 1
394 449 719 1
1072 1070 1074 1
931 936 1083 1
655 564 729 1
529 530 531 1
552 551 731 1
567 747 1029 1
1068 675 1078 1
381 371 1046 1
798 614 846 1
1037 736 1038 1
659 662 1084 1
679 680 681 1
572 799 1091 1
688 686 689 1
619 622 1034 1
497 591 1235 1
724 567 782 1
597 838 1187 1
366 410 1140 1
311 309 312 1
689 686 1109 1
527 526 528 1
703 689 1109 1
624 626 1032 1
772 773 882 1
905 904 907 1
687 686 688 1
1102 1103 1229 1
968 967 969 1
311 312 313 1
985 1237 1463 1
673 675 1068 1
574 730 1096 1
505 506 571 1
439 438 567 1
1008 1005 1013 1
730 957 958 1
403 402 404 1
945 946 947 1
726 584 1031 1
676 696 1104 1
677 678 679 1
254 255 256 1
406 504 505 1
469 610 611 1
138 139 1167 1
638 639 640 1
681 680 685 1
788 1032 1033 1
252 249 253 1
582 584 726 1
974 975 976 1
60 61 152 1
648 841 842 1
533 274 1127 1
571 572 1091 1
346 990 1144 1
57 58 189 1
152 871 1457 1
455 494 1115 1
392 393 395 1
1106 1080 1242 1
214 212 215 1
45 1257 1301 1
724 782 1002 1
581 582 1080 1
62 63 187 1
1055 897 1056 1
1041 664 1108 1
260 261 262 1
631 941 1099 1
1006 1005 1007 1
1072 1074 1075 1
692 694 697 1
139 153 1167 1
115 116 169 1
710 973 974 1
232 230 630 1
679 678 680 1
270 378 1097 1
574 573 730 1
1128 1057 1164 1
799 1034 1035 1
990 533 991 1
626 628 772 1
688 695 1055 1
308 307 309 1
750 554 1148 1
177 143 211 1
236 234 265 1
119 120 167 1
139 140 153 1
378 1058 1097 1
358 349 369 1
518 516 1047 1
252 253 254 1
446 485 544 1
437 407 438 1
308 309 311 1
505 504 506 1
637 481 1192 1
787 785 1054 1
378 446 1058 1
126 127 190 1
622 624 788 1
571 506 572 1
267 274 275 1
782 567 1029 1
552 731 1148 1
589 459 1126 1
443 492 1093 1
401 400 402 1
397 396 398 1
697 698 708 1
123 124 1147 1
526 524 557 1
525 524 526 1
567 438 747 1
257 377 581 1
772 628 773 1
407 406 1030 1
572 619 799 1
728 531 1113 1
799 619 1034 1
659 661 662 1
788 624 1032 1
527 528 529 1
581 377 582 1
394 448 449 1
992 533 1127 1
707 1022 1095 1
406 381 504 1
635 1128 1164 1
120 121 1195 1
52 53 194 1
390 391 392 1
1045 1071 1073 1
520 511 573 1
337 328 348 1
246 243 1086 1
492 604 1093 1
216 215 217 1
522 523 524 1
597 555 606 1
439 567 724 1
132 133 188 1
604 1084 1093 1
48 49 196 1
526 557 1122 1
382 381 406 1
253 1118 1156 1
688 690 695 1
344 1247 1269 1
260 258 261 1
617 632 638 1
685 711 1109 1
256 255 257 1
1075 1074 1076 1
243 241 247 1
780 1015 1016 1
838 606 855 1
662 663 664 1
694 693 1094 1
785 476 1124 1
20 21 200 1
468 598 599 1
380 371 381 1
109 110 204 1
363 394 1001 1
267 266 272 1
388 390 445 1
520 573 574 1
262 261 266 1
371 357 1046 1
239 236 1085 1
249 246 1118 1
839 840 885 1
451 409 1208 1
683 673 1068 1
437 438 439 1
981 627 1223 1
744 637 745 1
218 217 1003 1
254 253 255 1
410 722 1140 1
1069 1068 1070 1
730 573 957 1
1118 776 1156 1
662 661 663 1
604 659 1084 1
677 676 678 1
675 676 677 1
741 574 1096 1
775 664 1041 1
342 335 374 1
822 608 845 1
522 518 523 1
306 305 307 1
737 430 938 1
1042 1041 1043 1
83 84 199 1
584 616 617 1
677 679 682 1
683 1068 1069 1
167 120 1195 1
406 505 1030 1
731 800 1262 1
1026 1027 1028 1
681 686 687 1
705 754 1108 1
852 750 1148 1
687 688 1055 1
124 125 164 1
467 466 477 1
306 307 308 1
498 369 499 1
87 88 201 1
742 595 795 1
251 249 252 1
652 654 801 1
668 705 1108 1
1155 744 1244 1
937 630 1090 1
504 1046 1152 1
176 1279 1283 1
1049 519 1129 1
259 258 260 1
152 61 1134 1
1100 1101 1102 1
319 316 339 1
418 430 468 1
1052 1049 1129 1
416 375 417 1
798 846 884 1
46 47 173 1
751 706 752 1
1026 575 1027 1
78 79 195 1
575 570 1037 1
55 56 158 1
825 827 876 1
662 664 775 1
572 618 619 1
705 670 706 1
711 712 924 1
673 674 675 1
1048 1050 1051 1
775 1041 1042 1
751 752 883 1
619 621 622 1
705 706 751 1
329 338 355 1
279 280 351 1
244 218 1003 1
429 365 1144 1
1085 265 1114 1
622 623 624 1
521 518 522 1
998 169 1321 1
582 583 584 1
382 406 407 1
275 276 277 1
363 385 394 1
388 389 390 1
67 68 192 1
1048 1047 1049 1
1048 1049 1050 1
729 998 999 1
333 331 434 1
671 673 683 1
630 230 1090 1
500 499 501 1
73 74 193 1
365 346 1144 1
624 625 626 1
525 526 527 1
134 135 156 1
642 641 643 1
780 779 1015 1
605 541 781 1
668 670 705 1
447 444 1145 1
519 514 1110 1
395 393 396 1
858 728 860 1
668 669 670 1
1070 1068 1078 1
734 264 774 1
877 449 1025 1
664 663 665 1
258 257 1079 1
1135 1136 1200 1
50 51 166 1
363 354 364 1
516 519 1047 1
385 364 386 1
773 867 926 1
256 258 259 1
530 528 1198 1
685 702 711 1
408 429 455 1
910 908 914 1
665 667 668 1
613 611 614 1
727 531 728 1
449 542 1025 1
1017 1016 1018 1
517 516 518 1
516 514 519 1
360 361 383 1
380 381 382 1
1050 1052 1053 1
307 305 1089 1
277 278 279 1
644 643 645 1
752 753 755 1
353 363 1001 1
1102 1101 1103 1
522 524 525 1
304 305 306 1
586 585 608 1
675 674 676 1
65 66 154 1
672 669 1116 1
183 978 1209 1
816 717 831 1
708 698 1183 1
939 938 940 1
357 342 1092 1
640 639 641 1
626 627 628 1
111 112 172 1
312 309 324 1
394 385 448 1
353 354 363 1
342 374 1092 1
494 586 1115 1
510 508 511 1
512 511 520 1
701 699 709 1
684 721 789 1
392 395 1174 1
260 262 1040 1
542 570 575 1
435 431 474 1
700 710 1183 1
671 672 673 1
472 263 541 1
92 93 203 1
248 246 249 1
145 146 150 1
549 501 550 1
789 790 1100 1
401 427 935 1
707 701 1022 1
670 669 671 1
80 81 162 1
549 550 1059 1
692 697 1160 1
304 302 305 1
85 86 165 1
257 255 377 1
524 523 1064 1
11 12 151 1
752 706 753 1
480 477 546 1
664 665 1108 1
684 789 1116 1
1008 1014 1248 1
1050 1049 1052 1
272 273 353 1
695 690 1160 1
751 883 1130 1
646 645 647 1
333 434 1063 1
581 1080 1106 1
488 507 1135 1
587 779 780 1
668 667 669 1
562 481 637 1
335 333 1063 1
392 391 393 1
633 574 741 1
241 239 1131 1
543 448 1112 1
267 275 1150 1
686 685 1109 1
669 667 1116 1
75 76 159 1
891 192 1353 1
386 1105 1112 1
390 392 1234 1
70 71 157 1
665 668 1108 1
353 273 354 1
573 511 1021 1
449 448 542 1
731 732 800 1
673 672 674 1
893 894 895 1
729 997 998 1
659 660 661 1
542 543 570 1
670 671 1121 1
390 389 391 1
220 218 244 1
301 300 302 1
531 532 1113 1
317 320 345 1
90 91 168 1
129 130 160 1
386 387 388 1
541 1057 1128 1
1044 753 1121 1
753 706 1121 1
755 753 756 1
385 386 1112 1
923 1383 1407 1
352 368 1181 1
455 493 494 1
950 202 1413 1
638 632 639 1
487 447 1145 1
8 9 182 1
363 364 385 1
171 870 1444 1
510 511 512 1
691 689 703 1
572 506 618 1
648 647 841 1
1116 789 1123 1
459 461 1126 1
517 518 521 1
264 260 1040 1
436 407 437 1
489 487 718 1
705 751 754 1
701 709 1022 1
745 1005 1006 1
1100 790 1101 1
617 616 632 1
1014 473 1250 1
993 794 1182 1
786 785 787 1
789 721 790 1
522 525 1133 1
301 302 304 1
1178 1177 1179 1
448 385 1112 1
386 364 387 1
619 618 621 1
756 1044 1045 1
622 621 623 1
883 752 1168 1
224 222 433 1
1015 779 1105 1
17 18 155 1
305 302 318 1
495 454 496 1
1184 1098 1221 1
733 602 1228 1
261 258 1079 1
31 32 184 1
915 912 916 1
781 1128 1186 1
697 713 1160 1
582 377 583 1
461 463 556 1
22 23 161 1
252 254 1057 1
671 669 672 1
778 1256 1279 1
1040 262 1150 1
780 1016 1017 1
947 949 1036 1
557 524 1064 1
851 852 971 1
624 623 625 1
55 158 1246 1
263 252 1057 1
520 574 633 1
1022 709 1023 1
655 729 999 1
784 476 785 1
287 285 422 1
62 187 1134 1
773 628 867 1
457 589 1117 1
584 583 616 1
779 543 1112 1
507 620 1135 1
61 62 1134 1
309 307 1087 1
615 614 798 1
528 526 1122 1
253 249 1118 1
379 371 380 1
665 666 667 1
259 260 264 1
347 366 1140 1
299 298 300 1
13 884 1435 1
272 266 273 1
723 602 733 1
587 543 779 1
370 357 371 1
245 243 246 1
576 546 577 1
626 625 627 1
604 658 659 1
667 684 1116 1
775 1042 1163 1
587 780 1111 1
515 514 516 1
520 633 1110 1
326 325 331 1
842 841 900 1
542 448 543 1
28 29 170 1
311 313 340 1
251 252 263 1
356 342 357 1
512 520 1110 1
605 781 843 1
591 760 1235 1
685 680 702 1
261 1079 1120 1
553 555 597 1
472 541 605 1
710 977 1183 1
341 335 342 1
95 96 171 1
299 300 301 1
756 753 1044 1
242 241 243 1
736 587 1111 1
332 331 333 1
334 333 335 1
457 459 589 1
248 249 251 1
1349 321 1351 1
620 960 961 1
124 164 1147 1
706 670 1121 1
957 573 1021 1
525 593 1133 1
633 741 757 1
667 666 684 1
214 215 216 1
864 865 878 1
711 702 712 1
388 387 389 1
819 821 864 1
240 239 241 1
570 543 587 1
272 353 1127 1
1084 775 1163 1
439 724 725 1
1204 826 1241 1
515 516 517 1
917 916 918 1
303 291 325 1
256 259 1164 1
492 603 604 1
1017 1018 1019 1
469 611 613 1
514 512 1110 1
304 306 327 1
134 156 1170 1
1135 961 1136 1
665 663 666 1
1341 1075 1345 1
296 294 1125 1
398 399 400 1
354 273 636 1
661 660 714 1
133 134 1170 1
237 236 239 1
473 419 1202 1
991 533 992 1
926 867 979 1
452 457 1117 1
461 556 1126 1
274 272 1127 1
228 226 230 1
297 298 299 1
495 496 1141 1
298 296 310 1
676 674 696 1
713 708 839 1
297 296 298 1
262 267 1150 1
247 241 1131 1
235 234 236 1
513 512 514 1
290 291 292 1
601 491 602 1
1217 579 1254 1
231 230 232 1
275 547 1150 1
739 578 740 1
107 108 181 1
618 506 1152 1
874 812 1409 1
382 407 436 1
233 232 234 1
293 295 650 1
562 637 744 1
583 377 1156 1
324 1087 1088 1
570 587 736 1
777 577 812 1
597 606 838 1
288 289 290 1
754 751 1130 1
408 365 429 1
678 1104 1185 1
814 634 861 1
1087 307 1089 1
554 552 1148 1
529 531 727 1
368 452 1181 1
216 217 218 1
684 720 721 1
428 1173 1197 1
1105 779 1112 1
189 922 1335 1
303 325 326 1
718 487 1145 1
869 880 1384 1
661 714 1161 1
284 285 286 1
245 246 248 1
443 1093 1175 1
674 672 1123 1
1031 1249 1286 1
521 522 1133 1
132 188 1177 1
286 287 288 1
284 283 285 1
672 1116 1123 1
659 658 660 1
629 521 634 1
352 351 367 1
290 292 293 1
436 437 476 1
827 826 1204 1
634 521 1133 1
387 364 1151 1
790 721 791 1
613 614 615 1
731 551 732 1
852 1148 1262 1
364 354 1151 1
620 961 1135 1
1027 575 1037 1
784 785 786 1
254 256 1164 1
242 243 245 1
525 527 593 1
1057 254 1164 1
286 285 287 1
509 508 510 1
786 787 871 1
297 299 321 1
455 429 493 1
255 253 1156 1
240 241 242 1
326 331 332 1
332 333 334 1
928 618 1152 1
188 133 1170 1
690 692 1160 1
266 261 1120 1
310 296 1125 1
237 239 240 1
354 636 1151 1
510 512 513 1
379 380 428 1
604 603 658 1
484 1081 1263 1
696 674 1123 1
295 294 296 1
650 295 1132 1
393 391 441 1
370 371 379 1
74 75 1199 1
273 266 1120 1
295 296 297 1
288 287 289 1
780 1017 1111 1
186 138 1167 1
290 289 291 1
292 291 303 1
235 236 237 1
341 342 356 1
880 861 1379 1
324 309 1087 1
334 335 341 1
128 129 1191 1
259 635 1164 1
408 455 1208 1
723 733 815 1
475 474 558 1
356 357 370 1
494 534 585 1
506 504 1152 1
800 732 886 1
67 192 1171 1
437 439 1124 1
621 618 928 1
476 437 1124 1
233 234 235 1
635 264 734 1
513 514 515 1
684 666 720 1
727 728 858 1
231 232 233 1
1042 1043 1162 1
601 602 723 1
663 661 1161 1
282 271 283 1
636 273 1120 1
757 1349 1351 1
625 623 888 1
286 288 440 1
471 263 472 1
177 211 212 1
389 387 484 1
709 1094 1149 1
776 583 1156 1
154 66 1171 1
714 891 892 1
471 592 748 1
361 373 988 1
666 663 1161 1
303 326 545 1
378 444 446 1
439 725 1124 1
235 237 238 1
288 290 1143 1
377 255 1156 1
721 720 1119 1
293 294 295 1
651 599 652 1
332 334 336 1
517 521 629 1
228 230 231 1
240 242 442 1
494 493 534 1
293 292 294 1
75 159 1199 1
1059 550 1060 1
368 367 418 1
295 297 1132 1
958 330 1281 1
293 650 1143 1
1168 755 1315 1
1173 783 1197 1
698 700 1183 1
446 447 485 1
903 904 905 1
755 756 1328 1
129 160 1191 1
1072 1075 1341 1
827 1204 1258 1
485 486 569 1
752 755 1168 1
507 489 508 1
204 1176 1294 1
282 283 284 1
398 396 399 1
791 721 1119 1
507 509 620 1
460 458 465 1
270 281 378 1
620 649 960 1
714 660 891 1
356 370 372 1
728 1113 1187 1
484 387 1151 1
428 380 1173 1
245 248 250 1
616 583 776 1
434 331 1240 1
770 615 771 1
702 680 1185 1
851 750 852 1
513 515 561 1
1094 968 1149 1
748 592 853 1
259 264 635 1
697 708 713 1
379 428 443 1
809 807 810 1
712 715 857 1
297 321 1132 1
1054 725 1267 1
131 132 1177 1
492 601 603 1
279 351 352 1
471 472 592 1
463 464 503 1
510 513 1165 1
783 476 784 1
515 517 1153 1
632 616 1159 1
602 491 1197 1
1125 294 1146 1
629 634 814 1
482 563 579 1
641 639 746 1
443 491 492 1
400 399 420 1
453 419 473 1
269 229 657 1
443 428 491 1
294 292 1146 1
680 678 1185 1
292 303 1146 1
787 1054 1296 1
488 487 489 1
282 284 330 1
658 603 834 1
380 382 1173 1
620 509 649 1
130 131 1178 1
714 892 1212 1
756 1045 1203 1
770 771 1107 1
66 67 1171 1
464 462 481 1
482 481 562 1
231 233 479 1
227 226 228 1
805 804 922 1
580 563 804 1
436 476 783 1
1315 755 1328 1
1154 744 1155 1
717 707 1095 1
629 814 848 1
251 263 471 1
382 436 1173 1
766 764 767 1
873 175 1480 1
492 491 601 1
160 130 1178 1
73 193 1193 1
227 228 229 1
509 510 1165 1
275 277 547 1
890 170 1369 1
461 462 463 1
507 508 509 1
513 561 1165 1
410 412 722 1
1002 1217 1254 1
623 621 1157 1
797 655 999 1
147 148 198 1
895 894 896 1
121 191 1195 1
613 615 770 1
786 871 872 1
290 293 1143 1
712 702 715 1
720 666 1161 1
452 1117 1181 1
1247 796 1269 1
905 907 908 1
225 224 226 1
72 73 1193 1
211 144 1220 1
223 222 224 1
488 489 507 1
221 220 222 1
393 441 1190 1
420 399 656 1
1002 503 1217 1
895 896 897 1
517 629 1153 1
281 271 282 1
713 839 893 1
459 460 461 1
213 212 214 1
227 229 268 1
64 65 1216 1
886 732 887 1
562 744 1154 1
803 548 806 1
440 288 1143 1
486 447 487 1
621 928 1157 1
424 404 426 1
579 563 580 1
1162 1043 1280 1
303 545 1146 1
580 804 805 1
378 281 444 1
710 974 977 1
414 431 435 1
463 462 464 1
464 481 482 1
888 623 1157 1
131 1177 1178 1
482 562 563 1
21 22 1231 1
805 922 923 1
193 74 1199 1
639 632 1166 1
268 1097 1184 1
647 645 849 1
396 393 1190 1
270 269 271 1
561 515 1153 1
228 231 1158 1
486 487 488 1
715 702 1185 1
1053 1052 1351 1
395 469 1174 1
229 228 1158 1
352 367 368 1
446 444 447 1
1342 873 1440 1
457 458 459 1
1045 1073 1203 1
436 783 1173 1
409 408 1208 1
629 848 1153 1
219 218 220 1
268 229 269 1
332 336 1172 1
482 579 1217 1
435 474 475 1
649 509 1165 1
585 534 609 1
248 251 1180 1
616 776 1159 1
468 599 651 1
326 332 1172 1
551 530 1198 1
225 226 227 1
657 229 1158 1
534 493 600 1
225 227 1184 1
545 326 1172 1
461 460 462 1
327 306 1230 1
485 447 486 1
793 870 1348 1
471 748 1180 1
529 727 1206 1
1229 1103 1282 1
760 759 836 1
1185 1104 1229 1
871 787 1303 1
593 527 1206 1
368 418 419 1
768 767 769 1
270 271 281 1
452 453 457 1
834 603 1169 1
1161 714 1212 1
392 1174 1234 1
527 529 1206 1
372 370 1175 1
469 613 1174 1
370 379 1175 1
81 82 1213 1
456 497 1235 1
603 601 1169 1
1023 709 1149 1
535 383 536 1
368 419 452 1
565 564 655 1
379 443 1175 1
908 907 1266 1
250 248 1180 1
459 458 460 1
601 723 1169 1
744 745 1244 1
922 189 1383 1
283 271 1188 1
627 625 1223 1
804 563 1154 1
715 1185 1229 1
563 562 1154 1
727 858 859 1
915 916 917 1
231 479 1158 1
632 1159 1166 1
944 943 945 1
778 777 1256 1
268 269 270 1
201 1285 1447 1
399 396 1190 1
460 465 1192 1
223 224 225 1
948 947 950 1
539 538 564 1
746 639 1166 1
738 655 797 1
457 453 458 1
344 350 1247 1
651 652 653 1
221 222 223 1
733 1228 1243 1
251 471 1180 1
613 770 1174 1
491 428 1197 1
537 536 538 1
188 960 1276 1
452 419 453 1
119 167 1207 1
488 1135 1200 1
190 869 1467 1
806 548 1214 1
355 338 1269 1
950 947 1036 1
1215 330 1261 1
481 462 1192 1
845 608 927 1
783 784 1228 1
216 218 219 1
890 865 1258 1
1137 156 1484 1
219 220 221 1
450 1277 1322 1
803 806 807 1
65 154 1216 1
656 399 1190 1
118 119 1207 1
831 717 1095 1
271 269 1188 1
720 1161 1212 1
269 657 1188 1
22 161 1231 1
569 486 1200 1
725 724 1254 1
162 81 1213 1
730 958 1288 1
818 769 819 1
722 412 1227 1
732 551 1198 1
221 223 384 1
727 859 1206 1
282 330 1215 1
1119 720 1212 1
49 50 1211 1
227 268 1184 1
501 499 502 1
1197 783 1228 1
811 809 828 1
157 71 1253 1
1031 617 1310 1
1251 207 1252 1
1145 444 1215 1
911 910 912 1
197 118 1207 1
868 1313 1469 1
811 828 847 1
33 34 206 1
441 1263 1286 1
352 1181 1224 1
865 866 1258 1
913 912 915 1
475 558 559 1
281 282 1215 1
911 913 925 1
177 212 213 1
462 460 1192 1
200 21 1231 1
149 1 176 1
1333 1073 1340 1
105 106 208 1
144 145 1220 1
419 418 1202 1
636 1106 1242 1
45 46 1257 1
887 732 1198 1
141 142 1225 1
279 352 1224 1
803 807 808 1
808 807 809 1
1213 82 1259 1
47 48 1218 1
808 809 811 1
761 763 1319 1
418 468 1202 1
477 466 490 1
926 657 1337 1
444 281 1215 1
50 166 1211 1
547 277 1224 1
837 836 1176 1
213 214 548 1
486 488 1200 1
277 279 1224 1
1151 636 1242 1
196 49 1211 1
1104 1102 1229 1
539 565 566 1
306 308 1230 1
855 1195 1449 1
441 391 1263 1
429 1144 1219 1
48 196 1218 1
909 908 910 1
565 655 738 1
577 546 607 1
389 484 1263 1
625 888 1223 1
464 482 1217 1
539 564 565 1
360 383 535 1
787 1296 1303 1
423 944 988 1
988 944 989 1
503 464 1217 1
786 872 1243 1
1203 1073 1333 1
826 983 1241 1
349 343 1287 1
82 83 1259 1
1145 1215 1261 1
427 403 1362 1
1174 770 1234 1
738 797 1039 1
435 475 568 1
420 656 1232 1
46 173 1257 1
93 94 1238 1
468 651 1202 1
1009 1008 1248 1
588 833 844 1
911 912 913 1
602 1197 1228 1
537 538 539 1
373 423 988 1
72 1193 1253 1
1148 731 1262 1
86 87 1233 1
493 429 1219 1
213 548 802 1
331 325 1240 1
600 493 1219 1
535 537 796 1
423 943 944 1
535 536 537 1
770 1107 1234 1
927 161 1397 1
864 821 865 1
289 982 1314 1
802 548 803 1
900 244 1474 1
214 216 1214 1
740 1141 1142 1
173 47 1218 1
909 910 911 1
945 947 948 1
791 1193 1355 1
412 414 1227 1
141 1225 1289 1
57 189 1291 1
405 450 1362 1
784 786 1243 1
747 1030 1367 1
299 301 1284 1
185 1399 1464 1
745 1006 1244 1
578 495 1141 1
114 115 1236 1
225 1184 1221 1
1088 1345 1354 1
878 865 890 1
424 426 1226 1
165 86 1233 1
153 140 1289 1
905 908 909 1
891 660 1271 1
5 6 163 1
484 1151 1242 1
795 1059 1268 1
912 910 1245 1
724 1002 1254 1
71 72 1253 1
970 1213 1259 1
658 834 1271 1
87 201 1233 1
939 722 1293 1
815 733 1306 1
223 225 1221 1
919 778 1279 1
317 345 1292 1
115 169 1236 1
548 214 1214 1
473 1202 1250 1
466 424 1226 1
591 759 760 1
1081 726 1286 1
944 945 1194 1
558 588 1222 1
384 223 1221 1
1228 784 1243 1
836 759 1317 1
334 341 1280 1
146 147 1260 1
216 219 1214 1
795 1268 1456 1
286 440 1281 1
1235 760 1295 1
829 830 1460 1
330 284 1281 1
414 435 1227 1
948 950 951 1
83 199 1259 1
142 177 1225 1
341 1162 1280 1
391 389 1263 1
978 740 1209 1
559 558 1222 1
879 184 1370 1
145 150 1220 1
205 994 1455 1
327 1230 1357 1
1225 802 1289 1
1000 749 1493 1
158 56 1291 1
186 1139 1445 1
1190 441 1249 1
910 914 1245 1
651 653 1250 1
202 114 1236 1
1033 1032 1346 1
499 369 1264 1
1287 343 1418 1
878 890 1369 1
490 466 1226 1
1284 1053 1351 1
1284 301 1386 1
914 908 1266 1
892 891 1353 1
1010 166 1473 1
1202 651 1250 1
900 433 1459 1
534 600 1272 1
340 313 1305 1
964 195 1330 1
190 127 1304 1
165 1024 1320 1
945 948 1194 1
1263 1081 1286 1
987 903 1277 1
177 213 1225 1
819 820 821 1
546 477 1237 1
718 1145 1261 1
502 499 1264 1
772 882 1346 1
435 568 1227 1
1035 1034 1361 1
742 795 1323 1
566 565 1239 1
758 1307 1316 1
338 344 1269 1
103 104 174 1
1054 1267 1296 1
122 123 1300 1
1098 1058 1364 1
350 360 1247 1
588 844 1222 1
91 92 1265 1
656 1190 1249 1
810 807 1298 1
1020 798 1402 1
203 93 1238 1
9 10 1290 1
760 836 837 1
869 164 1467 1
327 1357 1381 1
201 88 1285 1
150 146 1260 1
221 384 1274 1
1056 897 1388 1
579 580 1267 1
989 944 1194 1
565 738 1239 1
547 1224 1278 1
322 885 1482 1
994 906 1455 1
213 802 1225 1
539 566 1255 1
607 546 1237 1
819 769 820 1
725 1254 1267 1
1067 1065 1357 1
550 501 1297 1
477 490 1237 1
1177 188 1276 1
1209 1142 1210 1
128 1191 1304 1
788 1033 1361 1
291 289 1314 1
865 821 866 1
1062 547 1278 1
99 100 1366 1
760 837 1295 1
117 197 1321 1
100 101 207 1
1372 863 1453 1
660 658 1271 1
503 1002 1358 1
535 796 1247 1
168 91 1265 1
846 986 1436 1
740 578 1141 1
323 971 1477 1
1179 1177 1276 1
113 202 1299 1
740 1142 1209 1
1003 856 1442 1
781 1186 1378 1
505 571 1367 1
1171 834 1483 1
1274 384 1298 1
796 537 1255 1
360 535 1247 1
1222 844 1372 1
875 851 1385 1
887 1066 1327 1
631 1099 1427 1
1224 1181 1278 1
44 45 1301 1
857 715 1282 1
1318 808 1382 1
195 79 1330 1
537 539 1255 1
806 1214 1274 1
884 13 1450 1
799 1035 1375 1
1142 1392 1487 1
298 310 1333 1
92 203 1265 1
318 302 1340 1
609 534 1272 1
922 804 1335 1
960 649 1276 1
1187 838 1389 1
886 887 1327 1
172 1036 1434 1
199 84 1320 1
1095 1024 1462 1
1240 325 1314 1
284 286 1281 1
470 1235 1295 1
1024 165 1462 1
643 1114 1325 1
1254 579 1267 1
110 111 1273 1
183 1209 1302 1
1036 949 1434 1
1214 219 1274 1
1019 1018 1438 1
861 634 1379 1
1239 1000 1493 1
219 221 1274 1
1096 730 1288 1
336 334 1280 1
88 89 1285 1
192 68 1353 1
978 183 1366 1
544 485 1390 1
1230 1067 1357 1
1181 1117 1278 1
18 19 1329 1
194 1010 1473 1
140 141 1289 1
161 927 1431 1
1050 1053 1381 1
310 1203 1333 1
3 4 205 1
561 1153 1311 1
645 643 1325 1
184 878 1448 1
321 299 1284 1
80 162 1330 1
1400 185 1403 1
695 1160 1391 1
369 349 1287 1
1088 1087 1345 1
1241 983 1490 1
235 238 1344 1
324 1088 1388 1
1264 369 1287 1
790 791 1355 1
822 845 1451 1
836 1317 1458 1
1036 172 1299 1
111 172 1273 1
758 881 1307 1
311 340 1365 1
1216 815 1387 1
56 57 1291 1
315 317 1292 1
35 36 175 1
545 1168 1315 1
64 1216 1387 1
337 348 1418 1
878 1369 1448 1
312 324 1398 1
187 63 1387 1
169 116 1321 1
806 1274 1298 1
905 909 1277 1
850 875 1478 1
85 165 1320 1
179 983 1451 1
322 319 1475 1
147 198 1260 1
148 149 1283 1
189 58 1383 1
440 1143 1326 1
112 113 1299 1
479 233 1344 1
240 442 1359 1
1146 545 1315 1
41 42 209 1
1133 593 1379 1
903 905 1277 1
715 1229 1282 1
1278 1117 1309 1
566 1239 1493 1
238 237 1359 1
355 1269 1338 1
983 179 1490 1
1053 1284 1386 1
196 1412 1415 1
37 38 210 1
830 1392 1460 1
1037 1038 1433 1
320 323 1477 1
767 1082 1371 1
1154 1155 1335 1
911 925 1322 1
1209 1210 1302 1
656 1249 1310 1
15 16 1373 1
976 1287 1418 1
60 152 1407 1
1062 1278 1309 1
1317 181 1458 1
803 808 1318 1
1249 1031 1310 1
442 242 1376 1
245 250 1376 1
1267 580 1296 1
304 327 1386 1
892 1353 1421 1
172 112 1299 1
1236 169 1332 1
182 9 1290 1
816 831 1447 1
159 76 1396 1
1230 308 1365 1
1194 948 1270 1
1038 1423 1433 1
97 98 1302 1
741 1096 1339 1
196 1211 1412 1
1407 152 1457 1
948 951 1270 1
1165 561 1352 1
568 475 1313 1
2 3 1308 1
1067 1230 1365 1
1038 736 1417 1
204 110 1273 1
108 109 1294 1
1096 1326 1339 1
894 339 1491 1
315 1292 1305 1
179 26 1490 1
404 402 1374 1
983 824 1451 1
556 463 1393 1
109 204 1294 1
433 222 1459 1
569 1138 1401 1
774 1062 1309 1
126 190 1467 1
52 194 1473 1
156 135 1484 1
580 805 1296 1
39 40 185 1
1249 441 1286 1
657 1158 1337 1
8 182 1356 1
161 23 1397 1
757 741 1349 1
402 1182 1374 1
472 605 1404 1
1218 196 1415 1
14 178 1450 1
952 837 1486 1
809 810 1394 1
339 316 1491 1
810 1298 1324 1
170 29 1369 1
722 1227 1293 1
348 328 1482 1
1243 872 1306 1
313 315 1305 1
501 502 1297 1
807 806 1298 1
191 122 1300 1
137 186 1445 1
70 157 1421 1
1277 909 1322 1
1073 1071 1350 1
774 1309 1331 1
127 128 1304 1
220 244 1459 1
994 205 1312 1
11 151 1488 1
820 972 1416 1
897 1055 1479 1
1296 805 1303 1
1431 1028 1439 1
1071 1072 1350 1
759 758 1316 1
180 44 1301 1
1178 1179 1410 1
1055 695 1479 1
198 148 1283 1
19 20 1423 1
741 1339 1349 1
164 125 1467 1
1052 757 1351 1
12 13 1435 1
1288 440 1326 1
593 1206 1384 1
1111 1017 1424 1
893 895 1391 1
805 923 1303 1
25 179 1414 1
1023 1395 1476 1
1345 1075 1354 1
171 96 1377 1
4 5 1312 1
713 893 1391 1
723 815 1425 1
1117 589 1309 1
1276 649 1352 1
733 1243 1306 1
734 774 1331 1
1179 1276 1352 1
977 974 1426 1
116 117 1321 1
184 32 1370 1
1227 568 1293 1
153 1318 1382 1
653 652 1437 1
325 291 1314 1
917 986 1468 1
166 51 1473 1
1392 830 1487 1
815 1216 1425 1
1226 835 1481 1
84 85 1320 1
1153 848 1311 1
1309 589 1331 1
1418 348 1426 1
100 207 1366 1
1193 193 1355 1
1216 154 1425 1
734 1331 1347 1
1389 838 1449 1
79 80 1330 1
769 767 1371 1
1125 1146 1315 1
475 559 1313 1
1433 200 1439 1
1096 1288 1326 1
792 742 1323 1
181 108 1294 1
1125 1315 1328 1
1232 656 1310 1
1395 199 1476 1
830 793 1348 1
106 107 1360 1
107 181 1360 1
321 1284 1351 1
589 1126 1331 1
921 427 1492 1
763 832 1319 1
1149 970 1395 1
153 1289 1318 1
1089 318 1341 1
1176 953 1486 1
496 956 1460 1
250 1180 1454 1
98 183 1302 1
927 1205 1431 1
155 18 1329 1
1143 650 1326 1
1089 1341 1345 1
32 33 1370 1
1032 772 1346 1
1326 650 1339 1
300 298 1333 1
310 1125 1328 1
802 803 1318 1
7 8 1356 1
90 168 1466 1
200 1231 1439 1
849 645 1325 1
1142 1141 1392 1
1039 797 1334 1
1373 1019 1438 1
1403 185 1464 1
183 99 1366 1
403 405 1362 1
300 1333 1340 1
29 30 1369 1
1119 1212 1472 1
909 911 1322 1
302 300 1340 1
1290 10 1488 1
885 840 1343 1
1331 1126 1347 1
687 1055 1406 1
1055 1056 1406 1
821 820 1416 1
804 1154 1335 1
1034 788 1361 1
650 1132 1339 1
1158 479 1337 1
1238 94 1444 1
1221 1098 1324 1
384 1221 1324 1
1298 384 1324 1
1087 1089 1345 1
1207 167 1334 1
1058 544 1364 1
1343 348 1482 1
233 235 1344 1
95 171 1444 1
97 1302 1377 1
1358 782 1368 1
1329 1038 1417 1
1065 1051 1357 1
1075 1076 1354 1
5 163 1312 1
1126 556 1347 1
1002 782 1358 1
34 35 1342 1
860 1187 1389 1
1186 734 1347 1
1421 157 1472 1
906 920 1455 1
796 1255 1338 1
1425 154 1483 1
871 1303 1457 1
1429 999 1494 1
1339 1132 1349 1
68 69 1353 1
934 866 1489 1
870 1238 1444 1
1101 790 1355 1
1 2 1336 1
1252 102 1446 1
1132 321 1349 1
1179 1311 1410 1
308 311 1365 1
782 1029 1368 1
1030 505 1367 1
96 97 1377 1
1023 1149 1395 1
1289 802 1318 1
1091 799 1375 1
1260 874 1409 1
427 925 1492 1
1285 89 1466 1
31 184 1448 1
237 240 1359 1
838 855 1449 1
953 1273 1434 1
197 1429 1494 1
1355 193 1441 1
649 1165 1352 1
33 206 1370 1
178 15 1373 1
1061 1285 1466 1
1269 796 1338 1
150 1260 1409 1
1357 1051 1381 1
810 1364 1394 1
1010 1009 1419 1
1441 1199 1485 1
918 1290 1488 1
104 105 1363 1
154 1171 1483 1
605 1368 1404 1
149 176 1283 1
843 781 1378 1
242 245 1376 1
16 17 1443 1
759 1316 1317 1
1378 556 1393 1
1141 496 1392 1
985 1430 1442 1
1051 1050 1381 1
863 862 1453 1
634 1133 1379 1
801 1420 1437 1
1103 1441 1485 1
851 971 1385 1
58 59 1383 1
426 404 1374 1
1167 153 1382 1
206 34 1342 1
1302 1210 1377 1
206 1342 1440 1
1294 1176 1458 1
176 1 1336 1
951 950 1413 1
808 811 1382 1
208 106 1360 1
178 1402 1450 1
1029 747 1408 1
1266 163 1432 1
63 64 1387 1
985 842 1474 1
301 304 1386 1
1011 1010 1419 1
485 569 1390 1
23 24 1397 1
820 769 1371 1
970 1259 1395 1
105 208 1363 1
873 818 1440 1
1072 1341 1350 1
76 77 1396 1
817 873 1480 1
953 952 1486 1
1160 713 1391 1
463 503 1393 1
314 312 1398 1
577 607 1452 1
1099 150 1409 1
163 6 1432 1
897 896 1388 1
1206 859 1384 1
923 1407 1457 1
1353 69 1421 1
36 37 1380 1
166 1011 1420 1
1410 848 1461 1
205 4 1312 1
571 1091 1465 1
1101 1355 1441 1
1077 687 1406 1
181 1317 1360 1
1383 59 1407 1
828 809 1394 1
1382 811 1411 1
1375 250 1454 1
1404 1029 1408 1
3 205 1308 1
1330 162 1428 1
695 1391 1479 1
102 103 1446 1
1018 1020 1438 1
798 884 1402 1
1091 1454 1465 1
160 1410 1461 1
814 1191 1461 1
1233 831 1462 1
1167 1382 1411 1
59 60 1407 1
24 25 1414 1
17 155 1443 1
165 1233 1462 1
1369 30 1448 1
209 42 1275 1
592 472 1404 1
7 1356 1432 1
1265 203 1456 1
1259 199 1395 1
1412 813 1415 1
856 631 1427 1
1397 24 1414 1
314 1398 1491 1
191 1300 1389 1
174 104 1363 1
986 612 1468 1
1390 569 1401 1
801 813 1412 1
40 41 1399 1
592 1404 1408 1
343 337 1418 1
813 863 1415 1
949 953 1434 1
6 7 1432 1
38 39 1400 1
811 847 1411 1
1176 836 1458 1
853 592 1408 1
30 31 1448 1
842 900 1474 1
160 1178 1410 1
736 1111 1417 1
1334 797 1429 1
797 999 1429 1
193 1199 1441 1
1300 860 1389 1
69 70 1421 1
984 985 1463 1
1380 1422 1480 1
965 964 1428 1
1341 318 1350 1
186 1167 1411 1
1207 1334 1429 1
20 200 1423 1
94 95 1444 1
2 1308 1336 1
835 984 1481 1
175 1380 1480 1
1189 930 1464 1
612 921 1470 1
1323 795 1456 1
812 577 1452 1
1338 1255 1478 1
35 175 1342 1
1017 1019 1424 1
244 1003 1430 1
136 137 1445 1
1313 559 1469 1
824 822 1451 1
1211 166 1420 1
899 816 1447 1
749 850 1493 1
13 14 1450 1
974 976 1426 1
26 27 1490 1
1028 1027 1439 1
862 929 1469 1
1027 1037 1433 1
155 1329 1417 1
89 90 1466 1
1103 1101 1441 1
202 1236 1413 1
1169 723 1425 1
10 11 1488 1
1423 200 1433 1
1027 1433 1439 1
174 1307 1405 1
203 1323 1456 1
191 1389 1449 1
175 36 1380 1
999 998 1494 1
866 821 1416 1
51 52 1473 1
1308 920 1336 1
652 801 1437 1
197 1207 1429 1
125 126 1467 1
1273 172 1434 1
328 322 1482 1
151 12 1435 1
1307 881 1405 1
319 339 1475 1
135 136 1484 1
1009 1248 1419 1
136 1445 1484 1
316 314 1491 1
1454 748 1465 1
345 320 1477 1
222 220 1459 1
1205 1028 1431 1
1024 1023 1476 1
1191 160 1461 1
875 1338 1478 1
1212 892 1472 1
830 1348 1487 1
1180 748 1454 1
1321 197 1494 1
748 853 1465 1
1195 191 1449 1
848 814 1461 1
1311 848 1410 1
976 1418 1426 1
1169 1425 1483 1
920 1308 1455 1
37 210 1380 1
895 897 1479 1
831 1095 1462 1
199 1320 1476 1
41 209 1399 1
1199 159 1485 1
210 38 1400 1
964 1330 1428 1
559 1222 1453 1
1348 1471 1487 1
834 1169 1483 1
1368 1029 1404 1
1282 1103 1485 1
915 1468 1470 1
915 917 1468 1
103 174 1446 1
885 1343 1482 1
913 915 1470 1
1364 544 1394 1
892 1421 1472 1
39 185 1400 1
1463 490 1481 1
843 1378 1393 1
185 40 1399 1
925 913 1492 1
984 1463 1481 1
913 1470 1492 1
1091 1375 1454 1
1468 612 1470 1
1470 921 1492 1
1237 490 1463 1
1332 951 1413 1
1236 1332 1413 1
171 1377 1471 1
1255 566 1478 1
490 1226 1481 1
837 1176 1486 1
1430 985 1474 1
1210 1142 1487 1
210 1403 1422 1
1391 895 1479 1
1420 1011 1437 1
178 1373 1438 1
159 1282 1485 1
1303 923 1457 1
210 1400 1403 1
181 1294 1458 1
155 1424 1443 1
1380 210 1422 1
1427 812 1452 1
1348 171 1471 1
1320 1024 1476 1
1402 884 1450 1
998 1321 1494 1
1308 205 1455 1
174 1405 1446 1
1405 1252 1446 1
866 1416 1489 1
1377 1210 1471 1
1392 496 1460 1
1424 1019 1443 1
1430 1003 1442 1
1471 1210 1487 1
856 1427 1452 1
1422 817 1480 1
930 1403 1464 1
244 1430 1474 1

End
