NODE
1 -0.0005 -0.5
2 -0.0005 0.5
3 0.0005 0.5
4 0.0005 -0.5
5 -0.0005 -0.4995000000000014
6 -0.0005 -0.4990000000000028
7 -0.0005 -0.49850000000000416
8 -0.0005 -0.49800000000000555
9 -0.0005 -0.49750000000000694
10 -0.0005 -0.4970000000000083
11 -0.0005 -0.4965000000000097
12 -0.0005 -0.4960000000000111
13 -0.0005 -0.4955000000000125
14 -0.0005 -0.4950000000000139
15 -0.0005 -0.49450000000001526
16 -0.0005 -0.49400000000001665
17 -0.0005 -0.49350000000001804
18 -0.0005 -0.4930000000000194
19 -0.0005 -0.4925000000000208
20 -0.0005 -0.4920000000000222
21 -0.0005 -0.4915000000000236
22 -0.0005 -0.491000000000025
23 -0.0005 -0.4905000000000264
24 -0.0005 -0.4900000000000278
25 -0.0005 -0.4895000000000292
26 -0.0005 -0.4890000000000306
27 -0.0005 -0.48850000000003196
28 -0.0005 -0.48800000000003335
29 -0.0005 -0.48750000000003474
30 -0.0005 -0.4870000000000361
31 -0.0005 -0.4865000000000375
32 -0.0005 -0.4860000000000389
33 -0.0005 -0.4855000000000403
34 -0.0005 -0.4850000000000417
35 -0.0005 -0.48450000000004306
36 -0.0005 -0.48400000000004445
37 -0.0005 -0.48350000000004584
38 -0.0005 -0.4830000000000472
39 -0.0005 -0.4825000000000486
40 -0.0005 -0.48200000000005
41 -0.0005 -0.4815000000000514
42 -0.0005 -0.4810000000000528
43 -0.0005 -0.48050000000005416
44 -0.0005 -0.48000000000005555
45 -0.0005 -0.47950000000005694
46 -0.0005 -0.4790000000000583
47 -0.0005 -0.4785000000000597
48 -0.0005 -0.4780000000000611
49 -0.0005 -0.4775000000000625
50 -0.0005 -0.4770000000000639
51 -0.0005 -0.47650000000006526
52 -0.0005 -0.47600000000006665
53 -0.0005 -0.4755000000000681
54 -0.0005 -0.4750000000000695
55 -0.0005 -0.47450000000007087
56 -0.0005 -0.47400000000007225
57 -0.0005 -0.47350000000007364
58 -0.0005 -0.473000000000075
59 -0.0005 -0.4725000000000764
60 -0.0005 -0.4720000000000778
61 -0.0005 -0.4715000000000792
62 -0.0005 -0.4710000000000806
63 -0.0005 -0.47050000000008196
64 -0.0005 -0.47000000000008335
65 -0.0005 -0.46950000000008474
66 -0.0005 -0.4690000000000861
67 -0.0005 -0.4685000000000875
68 -0.0005 -0.4680000000000889
69 -0.0005 -0.4675000000000903
70 -0.0005 -0.4670000000000917
71 -0.0005 -0.46650000000009306
72 -0.0005 -0.46600000000009445
73 -0.0005 -0.46550000000009584
74 -0.0005 -0.4650000000000972
75 -0.0005 -0.4645000000000986
76 -0.0005 -0.4640000000001
77 -0.0005 -0.4635000000001014
78 -0.0005 -0.4630000000001028
79 -0.0005 -0.46250000000010416
80 -0.0005 -0.46200000000010555
81 -0.0005 -0.46150000000010694
82 -0.0005 -0.4610000000001083
83 -0.0005 -0.4605000000001097
84 -0.0005 -0.4600000000001111
85 -0.0005 -0.4595000000001125
86 -0.0005 -0.4590000000001139
87 -0.0005 -0.45850000000011526
88 -0.0005 -0.45800000000011665
89 -0.0005 -0.45750000000011803
90 -0.0005 -0.4570000000001194
91 -0.0005 -0.45650000000012086
92 -0.0005 -0.45600000000012225
93 -0.0005 -0.45550000000012364
94 -0.0005 -0.455000000000125
95 -0.0005 -0.4545000000001264
96 -0.0005 -0.4540000000001278
97 -0.0005 -0.4535000000001292
98 -0.0005 -0.4530000000001306
99 -0.0005 -0.45250000000013196
100 -0.0005 -0.45200000000013335
101 -0.0005 -0.45150000000013474
102 -0.0005 -0.4510000000001361
103 -0.0005 -0.4505000000001375
104 -0.0005 -0.4500000000001389
105 -0.0005 -0.4495000000001403
106 -0.0005 -0.4490000000001417
107 -0.0005 -0.44850000000014306
108 -0.0005 -0.44800000000014445
109 -0.0005 -0.44750000000014584
110 -0.0005 -0.4470000000001472
111 -0.0005 -0.4465000000001486
112 -0.0005 -0.44600000000015
113 -0.0005 -0.4455000000001514
114 -0.0005 -0.4450000000001528
115 -0.0005 -0.44450000000015416
116 -0.0005 -0.44400000000015555
117 -0.0005 -0.443500000000157
118 -0.0005 -0.4430000000001584
119 -0.0005 -0.44250000000015977
120 -0.0005 -0.44200000000016115
121 -0.0005 -0.44150000000016254
122 -0.0005 -0.4410000000001639
123 -0.0005 -0.4405000000001653
124 -0.0005 -0.4400000000001667
125 -0.0005 -0.4395000000001681
126 -0.0005 -0.4390000000001695
127 -0.0005 -0.43850000000017086
128 -0.0005 -0.43800000000017225
129 -0.0005 -0.43750000000017364
130 -0.0005 -0.437000000000175
131 -0.0005 -0.4365000000001764
132 -0.0005 -0.4360000000001778
133 -0.0005 -0.4355000000001792
134 -0.0005 -0.4350000000001806
135 -0.0005 -0.43450000000018196
136 -0.0005 -0.43400000000018335
137 -0.0005 -0.43350000000018474
138 -0.0005 -0.4330000000001861
139 -0.0005 -0.4325000000001875
140 -0.0005 -0.4320000000001889
141 -0.0005 -0.4315000000001903
142 -0.0005 -0.4310000000001917
143 -0.0005 -0.43050000000019306
144 -0.0005 -0.43000000000019445
145 -0.0005 -0.42950000000019584
146 -0.0005 -0.4290000000001972
147 -0.0005 -0.4285000000001986
148 -0.0005 -0.4280000000002
149 -0.0005 -0.4275000000002014
150 -0.0005 -0.4270000000002028
151 -0.0005 -0.4265000000002042
152 -0.0005 -0.4260000000002056
153 -0.0005 -0.425500000000207
154 -0.0005 -0.4250000000002084
155 -0.0005 -0.42450000000020977
156 -0.0005 -0.42400000000021115
157 -0.0005 -0.42350000000021254
158 -0.0005 -0.4230000000002139
159 -0.0005 -0.4225000000002153
160 -0.0005 -0.4220000000002167
161 -0.0005 -0.4215000000002181
162 -0.0005 -0.4210000000002195
163 -0.0005 -0.42050000000022086
164 -0.0005 -0.42000000000022225
165 -0.0005 -0.41950000000022364
166 -0.0005 -0.419000000000225
167 -0.0005 -0.4185000000002264
168 -0.0005 -0.4180000000002278
169 -0.0005 -0.4175000000002292
170 -0.0005 -0.4170000000002306
171 -0.0005 -0.416500000000232
172 -0.0005 -0.41600000000023335
173 -0.0005 -0.4155000000002348
174 -0.0005 -0.4150000000002361
175 -0.0005 -0.41450000000023757
176 -0.0005 -0.4140000000002389
177 -0.0005 -0.41350000000024034
178 -0.0005 -0.41300000000024173
179 -0.0005 -0.4125000000002431
180 -0.0005 -0.4120000000002445
181 -0.0005 -0.4115000000002459
182 -0.0005 -0.4110000000002473
183 -0.0005 -0.41050000000024867
184 -0.0005 -0.41000000000025005
185 -0.0005 -0.40950000000025144
186 -0.0005 -0.40900000000025283
187 -0.0005 -0.4085000000002542
188 -0.0005 -0.4080000000002556
189 -0.0005 -0.407500000000257
190 -0.0005 -0.4070000000002584
191 -0.0005 -0.40650000000025976
192 -0.0005 -0.40600000000026115
193 -0.0005 -0.40550000000026254
194 -0.0005 -0.4050000000002639
195 -0.0005 -0.4045000000002653
196 -0.0005 -0.4040000000002667
197 -0.0005 -0.4035000000002681
198 -0.0005 -0.4030000000002695
199 -0.0005 -0.40250000000027086
200 -0.0005 -0.40200000000027225
201 -0.0005 -0.40150000000027364
202 -0.0005 -0.401000000000275
203 -0.0005 -0.4005000000002764
204 -0.0005 -0.4000000000002778
205 -0.0005 -0.3995000000002792
206 -0.0005 -0.3990000000002806
207 -0.0005 -0.39850000000028196
208 -0.0005 -0.39800000000028335
209 -0.0005 -0.39750000000028474
210 -0.0005 -0.3970000000002861
211 -0.0005 -0.39650000000028757
212 -0.0005 -0.3960000000002889
213 -0.0005 -0.39550000000029034
214 -0.0005 -0.3950000000002917
215 -0.0005 -0.3945000000002931
216 -0.0005 -0.3940000000002945
217 -0.0005 -0.3935000000002959
218 -0.0005 -0.3930000000002973
219 -0.0005 -0.39250000000029867
220 -0.0005 -0.39200000000030005
221 -0.0005 -0.39150000000030144
222 -0.0005 -0.3910000000003028
223 -0.0005 -0.3905000000003042
224 -0.0005 -0.3900000000003056
225 -0.0005 -0.389500000000307
226 -0.0005 -0.3890000000003084
227 -0.0005 -0.38850000000030976
228 -0.0005 -0.38800000000031115
229 -0.0005 -0.38750000000031254
230 -0.0005 -0.3870000000003139
231 -0.0005 -0.3865000000003153
232 -0.0005 -0.3860000000003167
233 -0.0005 -0.3855000000003181
234 -0.0005 -0.38500000000031953
235 -0.0005 -0.3845000000003209
236 -0.0005 -0.3840000000003223
237 -0.0005 -0.3835000000003237
238 -0.0005 -0.3830000000003251
239 -0.0005 -0.38250000000032647
240 -0.0005 -0.38200000000032786
241 -0.0005 -0.38150000000032924
242 -0.0005 -0.38100000000033063
243 -0.0005 -0.380500000000332
244 -0.0005 -0.3800000000003334
245 -0.0005 -0.3795000000003348
246 -0.0005 -0.3790000000003362
247 -0.0005 -0.37850000000033757
248 -0.0005 -0.37800000000033895
249 -0.0005 -0.37750000000034034
250 -0.0005 -0.37700000000034173
251 -0.0005 -0.3765000000003431
252 -0.0005 -0.3760000000003445
253 -0.0005 -0.3755000000003459
254 -0.0005 -0.3750000000003473
255 -0.0005 -0.37450000000034867
256 -0.0005 -0.37400000000035005
257 -0.0005 -0.37350000000035144
258 -0.0005 -0.3730000000003528
259 -0.0005 -0.3725000000003542
260 -0.0005 -0.3720000000003556
261 -0.0005 -0.371500000000357
262 -0.0005 -0.3710000000003584
263 -0.0005 -0.37050000000035976
264 -0.0005 -0.37000000000036115
265 -0.0005 -0.36950000000036254
266 -0.0005 -0.3690000000003639
267 -0.0005 -0.3685000000003653
268 -0.0005 -0.3680000000003667
269 -0.0005 -0.3675000000003681
270 -0.0005 -0.3670000000003695
271 -0.0005 -0.36650000000037086
272 -0.0005 -0.36600000000037225
273 -0.0005 -0.36550000000037364
274 -0.0005 -0.365000000000375
275 -0.0005 -0.3645000000003764
276 -0.0005 -0.3640000000003778
277 -0.0005 -0.3635000000003792
278 -0.0005 -0.3630000000003806
279 -0.0005 -0.36250000000038196
280 -0.0005 -0.3620000000003834
281 -0.0005 -0.3615000000003848
282 -0.0005 -0.3610000000003861
283 -0.0005 -0.3605000000003875
284 -0.0005 -0.36000000000038895
285 -0.0005 -0.35950000000039034
286 -0.0005 -0.3590000000003917
287 -0.0005 -0.35850000000039306
288 -0.0005 -0.3580000000003945
289 -0.0005 -0.3575000000003959
290 -0.0005 -0.3570000000003973
291 -0.0005 -0.35650000000039866
292 -0.0005 -0.35600000000040005
293 -0.0005 -0.35550000000040144
294 -0.0005 -0.3550000000004028
295 -0.0005 -0.35450000000040427
296 -0.0005 -0.3540000000004056
297 -0.0005 -0.353500000000407
298 -0.0005 -0.35300000000040843
299 -0.0005 -0.3525000000004098
300 -0.0005 -0.3520000000004112
301 -0.0005 -0.35150000000041254
302 -0.0005 -0.351000000000414
303 -0.0005 -0.35050000000041537
304 -0.0005 -0.35000000000041676
305 -0.0005 -0.3495000000004181
306 -0.0005 -0.34900000000041953
307 -0.0005 -0.3485000000004209
308 -0.0005 -0.3480000000004223
309 -0.0005 -0.3475000000004237
310 -0.0005 -0.3470000000004251
311 -0.0005 -0.34650000000042647
312 -0.0005 -0.34600000000042785
313 -0.0005 -0.34550000000042924
314 -0.0005 -0.34500000000043063
315 -0.0005 -0.344500000000432
316 -0.0005 -0.3440000000004334
317 -0.0005 -0.3435000000004348
318 -0.0005 -0.3430000000004362
319 -0.0005 -0.34250000000043757
320 -0.0005 -0.34200000000043895
321 -0.0005 -0.34150000000044034
322 -0.0005 -0.3410000000004417
323 -0.0005 -0.3405000000004431
324 -0.0005 -0.3400000000004445
325 -0.0005 -0.3395000000004459
326 -0.0005 -0.3390000000004473
327 -0.0005 -0.33850000000044866
328 -0.0005 -0.33800000000045005
329 -0.0005 -0.33750000000045144
330 -0.0005 -0.3370000000004528
331 -0.0005 -0.3365000000004542
332 -0.0005 -0.3360000000004556
333 -0.0005 -0.335500000000457
334 -0.0005 -0.3350000000004584
335 -0.0005 -0.33450000000045976
336 -0.0005 -0.33400000000046115
337 -0.0005 -0.33350000000046254
338 -0.0005 -0.333000000000464
339 -0.0005 -0.3325000000004653
340 -0.0005 -0.3320000000004667
341 -0.0005 -0.3315000000004681
342 -0.0005 -0.33100000000046953
343 -0.0005 -0.33050000000047086
344 -0.0005 -0.33000000000047225
345 -0.0005 -0.3295000000004737
346 -0.0005 -0.3290000000004751
347 -0.0005 -0.32850000000047647
348 -0.0005 -0.3280000000004778
349 -0.0005 -0.32750000000047924
350 -0.0005 -0.32700000000048063
351 -0.0005 -0.326500000000482
352 -0.0005 -0.32600000000048346
353 -0.0005 -0.3255000000004848
354 -0.0005 -0.3250000000004862
355 -0.0005 -0.32450000000048757
356 -0.0005 -0.324000000000489
357 -0.0005 -0.3235000000004904
358 -0.0005 -0.3230000000004917
359 -0.0005 -0.3225000000004931
360 -0.0005 -0.32200000000049456
361 -0.0005 -0.32150000000049594
362 -0.0005 -0.3210000000004973
363 -0.0005 -0.3205000000004987
364 -0.0005 -0.3200000000005001
365 -0.0005 -0.3195000000005015
366 -0.0005 -0.3190000000005029
367 -0.0005 -0.31850000000050427
368 -0.0005 -0.31800000000050566
369 -0.0005 -0.31750000000050704
370 -0.0005 -0.31700000000050843
371 -0.0005 -0.3165000000005098
372 -0.0005 -0.3160000000005112
373 -0.0005 -0.3155000000005126
374 -0.0005 -0.315000000000514
375 -0.0005 -0.31450000000051537
376 -0.0005 -0.31400000000051675
377 -0.0005 -0.31350000000051814
378 -0.0005 -0.31300000000051953
379 -0.0005 -0.3125000000005209
380 -0.0005 -0.3120000000005223
381 -0.0005 -0.3115000000005237
382 -0.0005 -0.3110000000005251
383 -0.0005 -0.31050000000052647
384 -0.0005 -0.31000000000052785
385 -0.0005 -0.30950000000052924
386 -0.0005 -0.30900000000053063
387 -0.0005 -0.308500000000532
388 -0.0005 -0.3080000000005334
389 -0.0005 -0.3075000000005348
390 -0.0005 -0.3070000000005362
391 -0.0005 -0.30650000000053756
392 -0.0005 -0.30600000000053895
393 -0.0005 -0.30550000000054034
394 -0.0005 -0.3050000000005417
395 -0.0005 -0.3045000000005431
396 -0.0005 -0.3040000000005445
397 -0.0005 -0.3035000000005459
398 -0.0005 -0.3030000000005473
399 -0.0005 -0.3025000000005487
400 -0.0005 -0.30200000000055005
401 -0.0005 -0.30150000000055144
402 -0.0005 -0.3010000000005528
403 -0.0005 -0.30050000000055427
404 -0.0005 -0.30000000000055566
405 -0.0005 -0.299500000000557
406 -0.0005 -0.2990000000005584
407 -0.0005 -0.2985000000005598
408 -0.0005 -0.2980000000005612
409 -0.0005 -0.2975000000005626
410 -0.0005 -0.297000000000564
411 -0.0005 -0.29650000000056537
412 -0.0005 -0.29600000000056675
413 -0.0005 -0.29550000000056814
414 -0.0005 -0.29500000000056953
415 -0.0005 -0.2945000000005709
416 -0.0005 -0.2940000000005723
417 -0.0005 -0.29350000000057375
418 -0.0005 -0.29300000000057513
419 -0.0005 -0.29250000000057647
420 -0.0005 -0.29200000000057785
421 -0.0005 -0.2915000000005793
422 -0.0005 -0.2910000000005807
423 -0.0005 -0.29050000000058207
424 -0.0005 -0.2900000000005834
425 -0.0005 -0.28950000000058485
426 -0.0005 -0.28900000000058623
427 -0.0005 -0.2885000000005876
428 -0.0005 -0.288000000000589
429 -0.0005 -0.2875000000005904
430 -0.0005 -0.2870000000005918
431 -0.0005 -0.28650000000059317
432 -0.0005 -0.28600000000059456
433 -0.0005 -0.28550000000059594
434 -0.0005 -0.28500000000059733
435 -0.0005 -0.2845000000005987
436 -0.0005 -0.2840000000006001
437 -0.0005 -0.2835000000006015
438 -0.0005 -0.2830000000006029
439 -0.0005 -0.28250000000060427
440 -0.0005 -0.28200000000060566
441 -0.0005 -0.28150000000060704
442 -0.0005 -0.28100000000060843
443 -0.0005 -0.2805000000006098
444 -0.0005 -0.2800000000006112
445 -0.0005 -0.2795000000006126
446 -0.0005 -0.279000000000614
447 -0.0005 -0.27850000000061537
448 -0.0005 -0.27800000000061675
449 -0.0005 -0.27750000000061814
450 -0.0005 -0.27700000000061953
451 -0.0005 -0.2765000000006209
452 -0.0005 -0.2760000000006223
453 -0.0005 -0.2755000000006237
454 -0.0005 -0.2750000000006251
455 -0.0005 -0.27450000000062647
456 -0.0005 -0.27400000000062785
457 -0.0005 -0.27350000000062924
458 -0.0005 -0.2730000000006306
459 -0.0005 -0.272500000000632
460 -0.0005 -0.2720000000006334
461 -0.0005 -0.27150000000063484
462 -0.0005 -0.2710000000006362
463 -0.0005 -0.27050000000063756
464 -0.0005 -0.270000000000639
465 -0.0005 -0.2695000000006404
466 -0.0005 -0.2690000000006418
467 -0.0005 -0.2685000000006431
468 -0.0005 -0.26800000000064456
469 -0.0005 -0.26750000000064594
470 -0.0005 -0.26700000000064733
471 -0.0005 -0.2665000000006487
472 -0.0005 -0.2660000000006501
473 -0.0005 -0.2655000000006515
474 -0.0005 -0.2650000000006529
475 -0.0005 -0.2645000000006543
476 -0.0005 -0.26400000000065565
477 -0.0005 -0.26350000000065704
478 -0.0005 -0.26300000000065843
479 -0.0005 -0.26250000000065987
480 -0.0005 -0.26200000000066126
481 -0.0005 -0.2615000000006626
482 -0.0005 -0.26100000000066403
483 -0.0005 -0.2605000000006654
484 -0.0005 -0.2600000000006668
485 -0.0005 -0.25950000000066814
486 -0.0005 -0.2590000000006696
487 -0.0005 -0.25850000000067097
488 -0.0005 -0.25800000000067236
489 -0.0005 -0.25750000000067375
490 -0.0005 -0.25700000000067513
491 -0.0005 -0.2565000000006765
492 -0.0005 -0.2560000000006779
493 -0.0005 -0.2555000000006793
494 -0.0005 -0.2550000000006807
495 -0.0005 -0.25450000000068207
496 -0.0005 -0.25400000000068346
497 -0.0005 -0.25350000000068484
498 -0.0005 -0.25300000000068623
499 -0.0005 -0.2525000000006876
500 -0.0005 -0.252000000000689
501 -0.0005 -0.2515000000006904
502 -0.0005 -0.2510000000006918
503 -0.0005 -0.25050000000069317
504 -0.0005 -0.25000000000069456
505 -0.0005 -0.24950000000069594
506 -0.0005 -0.24900000000069733
507 -0.0005 -0.24850000000069872
508 -0.0005 -0.2480000000007001
509 -0.0005 -0.2475000000007015
510 -0.0005 -0.24700000000070288
511 -0.0005 -0.24650000000070432
512 -0.0005 -0.24600000000070565
513 -0.0005 -0.24550000000070704
514 -0.0005 -0.24500000000070843
515 -0.0005 -0.24450000000070987
516 -0.0005 -0.2440000000007112
517 -0.0005 -0.24350000000071265
518 -0.0005 -0.24300000000071398
519 -0.0005 -0.24250000000071542
520 -0.0005 -0.2420000000007168
521 -0.0005 -0.24150000000071814
522 -0.0005 -0.24100000000071958
523 -0.0005 -0.24050000000072091
524 -0.0005 -0.2400000000007223
525 -0.0005 -0.23950000000072375
526 -0.0005 -0.23900000000072508
527 -0.0005 -0.23850000000072652
528 -0.0005 -0.2380000000007279
529 -0.0005 -0.23750000000072924
530 -0.0005 -0.23700000000073068
531 -0.0005 -0.23650000000073207
532 -0.0005 -0.2360000000007334
533 -0.0005 -0.23550000000073484
534 -0.0005 -0.23500000000073618
535 -0.0005 -0.23450000000073756
536 -0.0005 -0.234000000000739
537 -0.0005 -0.23350000000074034
538 -0.0005 -0.23300000000074178
539 -0.0005 -0.23250000000074317
540 -0.0005 -0.2320000000007445
541 -0.0005 -0.23150000000074594
542 -0.0005 -0.23100000000074733
543 -0.0005 -0.23050000000074866
544 -0.0005 -0.2300000000007501
545 -0.0005 -0.2295000000007515
546 -0.0005 -0.22900000000075282
547 -0.0005 -0.22850000000075427
548 -0.0005 -0.2280000000007556
549 -0.0005 -0.22750000000075704
550 -0.0005 -0.22700000000075843
551 -0.0005 -0.22650000000075976
552 -0.0005 -0.2260000000007612
553 -0.0005 -0.2255000000007626
554 -0.0005 -0.22500000000076392
555 -0.0005 -0.22450000000076537
556 -0.0005 -0.22400000000076675
557 -0.0005 -0.22350000000076808
558 -0.0005 -0.22300000000076953
559 -0.0005 -0.22250000000077086
560 -0.0005 -0.2220000000007723
561 -0.0005 -0.2215000000007737
562 -0.0005 -0.22100000000077502
563 -0.0005 -0.22050000000077646
564 -0.0005 -0.22000000000077785
565 -0.0005 -0.21950000000077918
566 -0.0005 -0.21900000000078063
567 -0.0005 -0.218500000000782
568 -0.0005 -0.21800000000078334
569 -0.0005 -0.2175000000007848
570 -0.0005 -0.21700000000078612
571 -0.0005 -0.2165000000007875
572 -0.0005 -0.21600000000078895
573 -0.0005 -0.21550000000079028
574 -0.0005 -0.21500000000079172
575 -0.0005 -0.2145000000007931
576 -0.0005 -0.21400000000079444
577 -0.0005 -0.2135000000007959
578 -0.0005 -0.21300000000079727
579 -0.0005 -0.2125000000007986
580 -0.0005 -0.21200000000080005
581 -0.0005 -0.21150000000080144
582 -0.0005 -0.21100000000080277
583 -0.0005 -0.2105000000008042
584 -0.0005 -0.21000000000080554
585 -0.0005 -0.20950000000080699
586 -0.0005 -0.20900000000080837
587 -0.0005 -0.2085000000008097
588 -0.0005 -0.20800000000081115
589 -0.0005 -0.20750000000081253
590 -0.0005 -0.20700000000081387
591 -0.0005 -0.2065000000008153
592 -0.0005 -0.2060000000008167
593 -0.0005 -0.20550000000081803
594 -0.0005 -0.20500000000081947
595 -0.0005 -0.2045000000008208
596 -0.0005 -0.20400000000082225
597 -0.0005 -0.20350000000082363
598 -0.0005 -0.20300000000082496
599 -0.0005 -0.2025000000008264
600 -0.0005 -0.2020000000008278
601 -0.0005 -0.20150000000082913
602 -0.0005 -0.20100000000083057
603 -0.0005 -0.20050000000083196
604 -0.0005 -0.2000000000008333
605 -0.0005 -0.19950000000083473
606 -0.0005 -0.19900000000083606
607 -0.0005 -0.1985000000008375
608 -0.0005 -0.1980000000008389
609 -0.0005 -0.19750000000084023
610 -0.0005 -0.19700000000084167
611 -0.0005 -0.19650000000084306
612 -0.0005 -0.1960000000008444
613 -0.0005 -0.19550000000084583
614 -0.0005 -0.19500000000084722
615 -0.0005 -0.19450000000084855
616 -0.0005 -0.19400000000085
617 -0.0005 -0.19350000000085138
618 -0.0005 -0.1930000000008527
619 -0.0005 -0.19250000000085415
620 -0.0005 -0.1920000000008555
621 -0.0005 -0.19150000000085693
622 -0.0005 -0.19100000000085832
623 -0.0005 -0.19050000000085965
624 -0.0005 -0.1900000000008611
625 -0.0005 -0.18950000000086248
626 -0.0005 -0.1890000000008638
627 -0.0005 -0.18850000000086525
628 -0.0005 -0.18800000000086664
629 -0.0005 -0.18750000000086797
630 -0.0005 -0.18700000000086942
631 -0.0005 -0.18650000000087075
632 -0.0005 -0.1860000000008722
633 -0.0005 -0.18550000000087358
634 -0.0005 -0.1850000000008749
635 -0.0005 -0.18450000000087635
636 -0.0005 -0.18400000000087774
637 -0.0005 -0.18350000000087907
638 -0.0005 -0.18300000000088051
639 -0.0005 -0.1825000000008819
640 -0.0005 -0.18200000000088323
641 -0.0005 -0.18150000000088468
642 -0.0005 -0.181000000000886
643 -0.0005 -0.18050000000088745
644 -0.0005 -0.18000000000088884
645 -0.0005 -0.17950000000089017
646 -0.0005 -0.1790000000008916
647 -0.0005 -0.178500000000893
648 -0.0005 -0.17800000000089433
649 -0.0005 -0.17750000000089577
650 -0.0005 -0.17700000000089716
651 -0.0005 -0.1765000000008985
652 -0.0005 -0.17600000000089994
653 -0.0005 -0.17550000000090127
654 -0.0005 -0.1750000000009027
655 -0.0005 -0.1745000000009041
656 -0.0005 -0.17400000000090543
657 -0.0005 -0.17350000000090687
658 -0.0005 -0.17300000000090826
659 -0.0005 -0.1725000000009096
660 -0.0005 -0.17200000000091104
661 -0.0005 -0.17150000000091242
662 -0.0005 -0.17100000000091375
663 -0.0005 -0.1705000000009152
664 -0.0005 -0.17000000000091658
665 -0.0005 -0.16950000000091792
666 -0.0005 -0.16900000000091936
667 -0.0005 -0.1685000000009207
668 -0.0005 -0.16800000000092213
669 -0.0005 -0.16750000000092352
670 -0.0005 -0.16700000000092485
671 -0.0005 -0.1665000000009263
672 -0.0005 -0.16600000000092768
673 -0.0005 -0.16550000000092902
674 -0.0005 -0.16500000000093046
675 -0.0005 -0.16450000000093185
676 -0.0005 -0.16400000000093318
677 -0.0005 -0.16350000000093462
678 -0.0005 -0.16300000000093595
679 -0.0005 -0.1625000000009374
680 -0.0005 -0.16200000000093878
681 -0.0005 -0.1615000000009401
682 -0.0005 -0.16100000000094156
683 -0.0005 -0.16050000000094294
684 -0.0005 -0.16000000000094428
685 -0.0005 -0.15950000000094572
686 -0.0005 -0.1590000000009471
687 -0.0005 -0.15850000000094844
688 -0.0005 -0.15800000000094988
689 -0.0005 -0.1575000000009512
690 -0.0005 -0.15700000000095266
691 -0.0005 -0.15650000000095404
692 -0.0005 -0.15600000000095537
693 -0.0005 -0.15550000000095682
694 -0.0005 -0.1550000000009582
695 -0.0005 -0.15450000000095954
696 -0.0005 -0.15400000000096098
697 -0.0005 -0.15350000000096237
698 -0.0005 -0.1530000000009637
699 -0.0005 -0.15250000000096514
700 -0.0005 -0.15200000000096653
701 -0.0005 -0.15150000000096792
702 -0.0005 -0.1510000000009693
703 -0.0005 -0.15050000000097064
704 -0.0005 -0.15000000000097208
705 -0.0005 -0.14950000000097347
706 -0.0005 -0.1490000000009748
707 -0.0005 -0.14850000000097624
708 -0.0005 -0.14800000000097763
709 -0.0005 -0.14750000000097896
710 -0.0005 -0.1470000000009804
711 -0.0005 -0.1465000000009818
712 -0.0005 -0.14600000000098318
713 -0.0005 -0.14550000000098456
714 -0.0005 -0.1450000000009859
715 -0.0005 -0.14450000000098734
716 -0.0005 -0.14400000000098873
717 -0.0005 -0.14350000000099006
718 -0.0005 -0.1430000000009915
719 -0.0005 -0.1425000000009929
720 -0.0005 -0.14200000000099422
721 -0.0005 -0.14150000000099566
722 -0.0005 -0.14100000000099705
723 -0.0005 -0.14050000000099838
724 -0.0005 -0.14000000000099982
725 -0.0005 -0.13950000000100116
726 -0.0005 -0.1390000000010026
727 -0.0005 -0.138500000001004
728 -0.0005 -0.13800000000100532
729 -0.0005 -0.13750000000100676
730 -0.0005 -0.13700000000100815
731 -0.0005 -0.13650000000100948
732 -0.0005 -0.13600000000101092
733 -0.0005 -0.1355000000010123
734 -0.0005 -0.13500000000101364
735 -0.0005 -0.13450000000101509
736 -0.0005 -0.13400000000101647
737 -0.0005 -0.13350000000101786
738 -0.0005 -0.13300000000101925
739 -0.0005 -0.13250000000102058
740 -0.0005 -0.13200000000102202
741 -0.0005 -0.1315000000010234
742 -0.0005 -0.13100000000102474
743 -0.0005 -0.13050000000102618
744 -0.0005 -0.13000000000102757
745 -0.0005 -0.1295000000010289
746 -0.0005 -0.12900000000103035
747 -0.0005 -0.12850000000103173
748 -0.0005 -0.12800000000103312
749 -0.0005 -0.1275000000010345
750 -0.0005 -0.12700000000103584
751 -0.0005 -0.12650000000103728
752 -0.0005 -0.12600000000103867
753 -0.0005 -0.12550000000104
754 -0.0005 -0.12500000000104144
755 -0.0005 -0.12450000000104283
756 -0.0005 -0.12400000000104416
757 -0.0005 -0.1235000000010456
758 -0.0005 -0.123000000001047
759 -0.0005 -0.12250000000104838
760 -0.0005 -0.12200000000104977
761 -0.0005 -0.1215000000010511
762 -0.0005 -0.12100000000105254
763 -0.0005 -0.12050000000105393
764 -0.0005 -0.12000000000105526
765 -0.0005 -0.1195000000010567
766 -0.0005 -0.11900000000105809
767 -0.0005 -0.11850000000105942
768 -0.0005 -0.11800000000106087
769 -0.0005 -0.11750000000106225
770 -0.0005 -0.11700000000106359
771 -0.0005 -0.11650000000106503
772 -0.0005 -0.11600000000106636
773 -0.0005 -0.1155000000010678
774 -0.0005 -0.11500000000106919
775 -0.0005 -0.11450000000107052
776 -0.0005 -0.11400000000107197
777 -0.0005 -0.11350000000107335
778 -0.0005 -0.11300000000107469
779 -0.0005 -0.11250000000107613
780 -0.0005 -0.11200000000107752
781 -0.0005 -0.11150000000107885
782 -0.0005 -0.11100000000108029
783 -0.0005 -0.11050000000108168
784 -0.0005 -0.11000000000108306
785 -0.0005 -0.10950000000108445
786 -0.0005 -0.10900000000108578
787 -0.0005 -0.10850000000108723
788 -0.0005 -0.10800000000108861
789 -0.0005 -0.10750000000108995
790 -0.0005 -0.10700000000109139
791 -0.0005 -0.10650000000109278
792 -0.0005 -0.10600000000109411
793 -0.0005 -0.10550000000109555
794 -0.0005 -0.10500000000109694
795 -0.0005 -0.10450000000109833
796 -0.0005 -0.10400000000109971
797 -0.0005 -0.10350000000110104
798 -0.0005 -0.10300000000110249
799 -0.0005 -0.10250000000110387
800 -0.0005 -0.1020000000011052
801 -0.0005 -0.10150000000110665
802 -0.0005 -0.10100000000110804
803 -0.0005 -0.10050000000110937
804 -0.0005 -0.10000000000111081
805 -0.0005 -0.0995000000011122
806 -0.0005 -0.09900000000111359
807 -0.0005 -0.09850000000111497
808 -0.0005 -0.0980000000011163
809 -0.0005 -0.09750000000111775
810 -0.0005 -0.09700000000111914
811 -0.0005 -0.09650000000112047
812 -0.0005 -0.09600000000112191
813 -0.0005 -0.0955000000011233
814 -0.0005 -0.09500000000112463
815 -0.0005 -0.09450000000112607
816 -0.0005 -0.09400000000112746
817 -0.0005 -0.09350000000112879
818 -0.0005 -0.09300000000113023
819 -0.0005 -0.09250000000113162
820 -0.0005 -0.09200000000113301
821 -0.0005 -0.0915000000011344
822 -0.0005 -0.09100000000113573
823 -0.0005 -0.09050000000113717
824 -0.0005 -0.09000000000113856
825 -0.0005 -0.08950000000113989
826 -0.0005 -0.08900000000114133
827 -0.0005 -0.08850000000114272
828 -0.0005 -0.08800000000114405
829 -0.0005 -0.0875000000011455
830 -0.0005 -0.08700000000114688
831 -0.0005 -0.08650000000114827
832 -0.0005 -0.08600000000114966
833 -0.0005 -0.08550000000115099
834 -0.0005 -0.08500000000115243
835 -0.0005 -0.08450000000115382
836 -0.0005 -0.08400000000115515
837 -0.0005 -0.0835000000011566
838 -0.0005 -0.08300000000115798
839 -0.0005 -0.08250000000115931
840 -0.0005 -0.08200000000116076
841 -0.0005 -0.08150000000116214
842 -0.0005 -0.08100000000116353
843 -0.0005 -0.08050000000116492
844 -0.0005 -0.08000000000116625
845 -0.0005 -0.07950000000116769
846 -0.0005 -0.07900000000116908
847 -0.0005 -0.07850000000117041
848 -0.0005 -0.07800000000117185
849 -0.0005 -0.07750000000117324
850 -0.0005 -0.07700000000117457
851 -0.0005 -0.07650000000117602
852 -0.0005 -0.0760000000011774
853 -0.0005 -0.07550000000117879
854 -0.0005 -0.07500000000118018
855 -0.0005 -0.07450000000118157
856 -0.0005 -0.07400000000118295
857 -0.0005 -0.07350000000118434
858 -0.0005 -0.07300000000118567
859 -0.0005 -0.07250000000118711
860 -0.0005 -0.0720000000011885
861 -0.0005 -0.07150000000118983
862 -0.0005 -0.07100000000119128
863 -0.0005 -0.07050000000119266
864 -0.0005 -0.070000000001194
865 -0.0005 -0.06950000000119544
866 -0.0005 -0.06900000000119683
867 -0.0005 -0.06850000000119821
868 -0.0005 -0.0680000000011996
869 -0.0005 -0.06750000000120093
870 -0.0005 -0.06700000000120238
871 -0.0005 -0.06650000000120376
872 -0.0005 -0.0660000000012051
873 -0.0005 -0.06550000000120654
874 -0.0005 -0.06500000000120792
875 -0.0005 -0.06450000000120926
876 -0.0005 -0.0640000000012107
877 -0.0005 -0.06350000000121209
878 -0.0005 -0.06300000000121347
879 -0.0005 -0.06250000000121486
880 -0.0005 -0.06200000000121619
881 -0.0005 -0.061500000001217636
882 -0.0005 -0.061000000001219024
883 -0.0005 -0.060500000001220355
884 -0.0005 -0.0600000000012218
885 -0.0005 -0.059500000001223186
886 -0.0005 -0.05900000000122452
887 -0.0005 -0.05850000000122596
888 -0.0005 -0.05800000000122735
889 -0.0005 -0.057500000001228735
890 -0.0005 -0.05700000000123012
891 -0.0005 -0.05650000000123151
892 -0.0005 -0.0560000000012329
893 -0.0005 -0.055500000001234284
894 -0.0005 -0.055000000001235616
895 -0.0005 -0.05450000000123706
896 -0.0005 -0.054000000001238446
897 -0.0005 -0.05350000000123978
898 -0.0005 -0.05300000000124122
899 -0.0005 -0.05250000000124261
900 -0.0005 -0.052000000001243996
901 -0.0005 -0.05150000000124538
902 -0.0005 -0.05100000000124677
903 -0.0005 -0.05050000000124816
904 -0.0005 -0.050000000001249545
905 -0.0005 -0.04950000000125088
906 -0.0005 -0.04900000000125232
907 -0.0005 -0.04850000000125371
908 -0.0005 -0.04800000000125504
909 -0.0005 -0.04750000000125648
910 -0.0005 -0.04700000000125787
911 -0.0005 -0.0465000000012592
912 -0.0005 -0.046000000001260644
913 -0.0005 -0.04550000000126203
914 -0.0005 -0.04500000000126342
915 -0.0005 -0.044500000001264806
916 -0.0005 -0.04400000000126614
917 -0.0005 -0.04350000000126758
918 -0.0005 -0.04300000000126897
919 -0.0005 -0.0425000000012703
920 -0.0005 -0.04200000000127174
921 -0.0005 -0.04150000000127313
922 -0.0005 -0.04100000000127446
923 -0.0005 -0.040500000001275904
924 -0.0005 -0.04000000000127729
925 -0.0005 -0.03950000000127868
926 -0.0005 -0.039000000001280066
927 -0.0005 -0.0385000000012814
928 -0.0005 -0.03800000000128284
929 -0.0005 -0.03750000000128423
930 -0.0005 -0.03700000000128556
931 -0.0005 -0.036500000001287
932 -0.0005 -0.03600000000128839
933 -0.0005 -0.03550000000128972
934 -0.0005 -0.035000000001291165
935 -0.0005 -0.03450000000129255
936 -0.0005 -0.03400000000129394
937 -0.0005 -0.03350000000129533
938 -0.0005 -0.033000000001296714
939 -0.0005 -0.0325000000012981
940 -0.0005 -0.03200000000129949
941 -0.0005 -0.03150000000130082
942 -0.0005 -0.031000000001302264
943 -0.0005 -0.03050000000130365
944 -0.0005 -0.030000000001304983
945 -0.0005 -0.029500000001306426
946 -0.0005 -0.029000000001307813
947 -0.0005 -0.0285000000013092
948 -0.0005 -0.028000000001310588
949 -0.0005 -0.027500000001311975
950 -0.0005 -0.027000000001313362
951 -0.0005 -0.02650000000131475
952 -0.0005 -0.02600000000131608
953 -0.0005 -0.025500000001317524
954 -0.0005 -0.02500000000131891
955 -0.0005 -0.024500000001320243
956 -0.0005 -0.024000000001321686
957 -0.0005 -0.023500000001323074
958 -0.0005 -0.023000000001324405
959 -0.0005 -0.02250000000132585
960 -0.0005 -0.022000000001327236
961 -0.0005 -0.021500000001328623
962 -0.0005 -0.02100000000133001
963 -0.0005 -0.020500000001331342
964 -0.0005 -0.020000000001332785
965 -0.0005 -0.019500000001334172
966 -0.0005 -0.019000000001335504
967 -0.0005 -0.018500000001336947
968 -0.0005 -0.018000000001338334
969 -0.0005 -0.017500000001339666
970 -0.0005 -0.01700000000134111
971 -0.0005 -0.016500000001342496
972 -0.0005 -0.016000000001343884
973 -0.0005 -0.015500000001345271
974 -0.0005 -0.015000000001346658
975 -0.0005 -0.014500000001348046
976 -0.0005 -0.014000000001349433
977 -0.0005 -0.013500000001350765
978 -0.0005 -0.013000000001352208
979 -0.0005 -0.012500000001353595
980 -0.0005 -0.012000000001354927
981 -0.0005 -0.01150000000135637
982 -0.0005 -0.011000000001357757
983 -0.0005 -0.010500000001359144
984 -0.0005 -0.010000000001360532
985 -0.0005 -0.009500000001361919
986 -0.0005 -0.009000000001363306
987 -0.0005 -0.008500000001364694
988 -0.0005 -0.008000000001366026
989 -0.0005 -0.007500000001367024
990 -0.0005 -0.0070000000013677455
991 -0.0005 -0.006500000001368411
992 -0.0005 -0.006000000001369132
993 -0.0005 -0.0055000000013698536
994 -0.0005 -0.005000000001370464
995 -0.0005 -0.004500000001371185
996 -0.0005 -0.004000000001371906
997 -0.0005 -0.003500000001372572
998 -0.0005 -0.003000000001373293
999 -0.0005 -0.0025000000013739587
1000 -0.0005 -0.00200000000137468
1001 -0.0005 -0.0015000000013754011
1002 -0.0005 -0.0010000000013760668
1003 -0.0005 -0.000500000001376788
1004 -0.0005 -1.377509217803663e-12
1005 -0.0005 0.0004999999986232684
1006 -0.0005 0.0009999999986238794
1007 -0.0005 0.0014999999986246015
1008 -0.0005 0.0019999999986253236
1009 -0.0005 0.0024999999986260457
1010 -0.0005 0.0029999999986266568
1011 -0.0005 0.003499999998627379
1012 -0.0005 0.003999999998628101
1013 -0.0005 0.004499999998628823
1014 -0.0005 0.004999999998629434
1015 -0.0005 0.005499999998630156
1016 -0.0005 0.005999999998630878
1017 -0.0005 0.0064999999986316
1018 -0.0005 0.0069999999986322115
1019 -0.0005 0.0074999999986329335
1020 -0.0005 0.007999999998633878
1021 -0.0005 0.008499999998635266
1022 -0.0005 0.008999999998636654
1023 -0.0005 0.009499999998638042
1024 -0.0005 0.00999999999863943
1025 -0.0005 0.010499999998640819
1026 -0.0005 0.010999999998642207
1027 -0.0005 0.011499999998643595
1028 -0.0005 0.011999999998644983
1029 -0.0005 0.012499999998646372
1030 -0.0005 0.012999999998647649
1031 -0.0005 0.013499999998649148
1032 -0.0005 0.013999999998650536
1033 -0.0005 0.014499999998651925
1034 -0.0005 0.014999999998653313
1035 -0.0005 0.01549999999865459
1036 -0.0005 0.015999999998655978
1037 -0.0005 0.016499999998657477
1038 -0.0005 0.016999999998658866
1039 -0.0005 0.017499999998660254
1040 -0.0005 0.01799999999866153
1041 -0.0005 0.01849999999866292
1042 -0.0005 0.01899999999866442
1043 -0.0005 0.019499999998665807
1044 -0.0005 0.019999999998667195
1045 -0.0005 0.020499999998668583
1046 -0.0005 0.02099999999866986
1047 -0.0005 0.02149999999867125
1048 -0.0005 0.021999999998672748
1049 -0.0005 0.022499999998674136
1050 -0.0005 0.022999999998675524
1051 -0.0005 0.0234999999986768
1052 -0.0005 0.02399999999867819
1053 -0.0005 0.02449999999867969
1054 -0.0005 0.024999999998681077
1055 -0.0005 0.025499999998682465
1056 -0.0005 0.025999999998683854
1057 -0.0005 0.02649999999868513
1058 -0.0005 0.02699999999868652
1059 -0.0005 0.02749999999868802
1060 -0.0005 0.027999999998689407
1061 -0.0005 0.028499999998690795
1062 -0.0005 0.028999999998692183
1063 -0.0005 0.02949999999869346
1064 -0.0005 0.02999999999869496
1065 -0.0005 0.030499999998696348
1066 -0.0005 0.030999999998697736
1067 -0.0005 0.031499999998699124
1068 -0.0005 0.0319999999987004
1069 -0.0005 0.03249999999870179
1070 -0.0005 0.03299999999870329
1071 -0.0005 0.03349999999870468
1072 -0.0005 0.033999999998706065
1073 -0.0005 0.034499999998707453
1074 -0.0005 0.03499999999870873
1075 -0.0005 0.03549999999871012
1076 -0.0005 0.03599999999871162
1077 -0.0005 0.036499999998713006
1078 -0.0005 0.036999999998714395
1079 -0.0005 0.03749999999871567
1080 -0.0005 0.03799999999871706
1081 -0.0005 0.03849999999871856
1082 -0.0005 0.03899999999871995
1083 -0.0005 0.039499999998721336
1084 -0.0005 0.039999999998722724
1085 -0.0005 0.040499999998724
1086 -0.0005 0.04099999999872539
1087 -0.0005 0.04149999999872689
1088 -0.0005 0.04199999999872828
1089 -0.0005 0.042499999998729665
1090 -0.0005 0.04299999999873105
1091 -0.0005 0.04349999999873233
1092 -0.0005 0.04399999999873383
1093 -0.0005 0.04449999999873522
1094 -0.0005 0.044999999998736606
1095 -0.0005 0.045499999998737994
1096 -0.0005 0.04599999999873927
1097 -0.0005 0.04649999999874066
1098 -0.0005 0.04699999999874216
1099 -0.0005 0.04749999999874355
1100 -0.0005 0.047999999998744936
1101 -0.0005 0.048499999998746324
1102 -0.0005 0.0489999999987476
1103 -0.0005 0.0494999999987491
1104 -0.0005 0.04999999999875049
1105 -0.0005 0.05049999999875188
1106 -0.0005 0.050999999998753265
1107 -0.0005 0.05149999999875454
1108 -0.0005 0.05199999999875593
1109 -0.0005 0.05249999999875743
1110 -0.0005 0.05299999999875882
1111 -0.0005 0.053499999998760206
1112 -0.0005 0.053999999998761594
1113 -0.0005 0.05449999999876287
1114 -0.0005 0.05499999999876437
1115 -0.0005 0.05549999999876576
1116 -0.0005 0.05599999999876715
1117 -0.0005 0.056499999998768535
1118 -0.0005 0.056999999998769924
1119 -0.0005 0.0574999999987712
1120 -0.0005 0.0579999999987727
1121 -0.0005 0.05849999999877409
1122 -0.0005 0.058999999998775476
1123 -0.0005 0.059499999998776865
1124 -0.0005 0.05999999999877814
1125 -0.0005 0.06049999999877964
1126 -0.0005 0.06099999999878103
1127 -0.0005 0.06149999999878242
1128 -0.0005 0.061999999998783806
1129 -0.0005 0.062499999998785194
1130 -0.0005 0.06299999999878647
1131 -0.0005 0.06349999999878797
1132 -0.0005 0.06399999999878936
1133 -0.0005 0.06449999999879075
1134 -0.0005 0.06499999999879214
1135 -0.0005 0.06549999999879341
1136 -0.0005 0.06599999999879491
1137 -0.0005 0.0664999999987963
1138 -0.0005 0.06699999999879769
1139 -0.0005 0.06749999999879908
1140 -0.0005 0.06799999999880046
1141 -0.0005 0.06849999999880174
1142 -0.0005 0.06899999999880324
1143 -0.0005 0.06949999999880463
1144 -0.0005 0.06999999999880602
1145 -0.0005 0.0704999999988074
1146 -0.0005 0.07099999999880868
1147 -0.0005 0.07149999999881007
1148 -0.0005 0.07199999999881157
1149 -0.0005 0.07249999999881296
1150 -0.0005 0.07299999999881435
1151 -0.0005 0.07349999999881573
1152 -0.0005 0.07399999999881701
1153 -0.0005 0.07449999999881851
1154 -0.0005 0.0749999999988199
1155 -0.0005 0.07549999999882129
1156 -0.0005 0.07599999999882268
1157 -0.0005 0.07649999999882406
1158 -0.0005 0.07699999999882534
1159 -0.0005 0.07749999999882684
1160 -0.0005 0.07799999999882823
1161 -0.0005 0.07849999999882962
1162 -0.0005 0.078999999998831
1163 -0.0005 0.07949999999883228
1164 -0.0005 0.07999999999883378
1165 -0.0005 0.08049999999883517
1166 -0.0005 0.08099999999883656
1167 -0.0005 0.08149999999883795
1168 -0.0005 0.08199999999883933
1169 -0.0005 0.08249999999884061
1170 -0.0005 0.08299999999884211
1171 -0.0005 0.0834999999988435
1172 -0.0005 0.08399999999884489
1173 -0.0005 0.08449999999884628
1174 -0.0005 0.08499999999884755
1175 -0.0005 0.08549999999884905
1176 -0.0005 0.08599999999885044
1177 -0.0005 0.08649999999885183
1178 -0.0005 0.08699999999885322
1179 -0.0005 0.0874999999988546
1180 -0.0005 0.08799999999885588
1181 -0.0005 0.08849999999885738
1182 -0.0005 0.08899999999885877
1183 -0.0005 0.08949999999886016
1184 -0.0005 0.08999999999886155
1185 -0.0005 0.09049999999886293
1186 -0.0005 0.09099999999886432
1187 -0.0005 0.09149999999886571
1188 -0.0005 0.0919999999988671
1189 -0.0005 0.09249999999886849
1190 -0.0005 0.09299999999886988
1191 -0.0005 0.09349999999887115
1192 -0.0005 0.09399999999887265
1193 -0.0005 0.09449999999887404
1194 -0.0005 0.09499999999887543
1195 -0.0005 0.09549999999887682
1196 -0.0005 0.0959999999988782
1197 -0.0005 0.0964999999988796
1198 -0.0005 0.09699999999888098
1199 -0.0005 0.09749999999888237
1200 -0.0005 0.09799999999888376
1201 -0.0005 0.09849999999888515
1202 -0.0005 0.09899999999888642
1203 -0.0005 0.09949999999888792
1204 -0.0005 0.09999999999888931
1205 -0.0005 0.1004999999988907
1206 -0.0005 0.10099999999889209
1207 -0.0005 0.10149999999889348
1208 -0.0005 0.10199999999889486
1209 -0.0005 0.10249999999889625
1210 -0.0005 0.10299999999889764
1211 -0.0005 0.10349999999889903
1212 -0.0005 0.10399999999890042
1213 -0.0005 0.1044999999989018
1214 -0.0005 0.10499999999890319
1215 -0.0005 0.10549999999890458
1216 -0.0005 0.10599999999890597
1217 -0.0005 0.10649999999890736
1218 -0.0005 0.10699999999890875
1219 -0.0005 0.10749999999891013
1220 -0.0005 0.10799999999891152
1221 -0.0005 0.10849999999891291
1222 -0.0005 0.1089999999989143
1223 -0.0005 0.10949999999891569
1224 -0.0005 0.10999999999891708
1225 -0.0005 0.11049999999891846
1226 -0.0005 0.11099999999891985
1227 -0.0005 0.11149999999892124
1228 -0.0005 0.11199999999892263
1229 -0.0005 0.11249999999892402
1230 -0.0005 0.1129999999989253
1231 -0.0005 0.11349999999892679
1232 -0.0005 0.11399999999892818
1233 -0.0005 0.11449999999892957
1234 -0.0005 0.11499999999893096
1235 -0.0005 0.11549999999893235
1236 -0.0005 0.11599999999893373
1237 -0.0005 0.11649999999893512
1238 -0.0005 0.11699999999893651
1239 -0.0005 0.1174999999989379
1240 -0.0005 0.11799999999893929
1241 -0.0005 0.11849999999894056
1242 -0.0005 0.11899999999894206
1243 -0.0005 0.11949999999894345
1244 -0.0005 0.11999999999894484
1245 -0.0005 0.12049999999894623
1246 -0.0005 0.12099999999894762
1247 -0.0005 0.121499999998949
1248 -0.0005 0.12199999999895039
1249 -0.0005 0.12249999999895178
1250 -0.0005 0.12299999999895317
1251 -0.0005 0.12349999999895456
1252 -0.0005 0.12399999999895595
1253 -0.0005 0.12449999999895733
1254 -0.0005 0.12499999999895872
1255 -0.0005 0.1254999999989601
1256 -0.0005 0.1259999999989615
1257 -0.0005 0.1264999999989629
1258 -0.0005 0.12699999999896427
1259 -0.0005 0.12749999999896566
1260 -0.0005 0.12799999999896705
1261 -0.0005 0.12849999999896844
1262 -0.0005 0.12899999999896983
1263 -0.0005 0.12949999999897122
1264 -0.0005 0.1299999999989726
1265 -0.0005 0.130499999998974
1266 -0.0005 0.13099999999897538
1267 -0.0005 0.13149999999897677
1268 -0.0005 0.13199999999897816
1269 -0.0005 0.13249999999897966
1270 -0.0005 0.13299999999898093
1271 -0.0005 0.13349999999898232
1272 -0.0005 0.1339999999989837
1273 -0.0005 0.1344999999989851
1274 -0.0005 0.1349999999989865
1275 -0.0005 0.13549999999898787
1276 -0.0005 0.13599999999898926
1277 -0.0005 0.13649999999899065
1278 -0.0005 0.13699999999899204
1279 -0.0005 0.13749999999899343
1280 -0.0005 0.13799999999899493
1281 -0.0005 0.1384999999989962
1282 -0.0005 0.1389999999989976
1283 -0.0005 0.13949999999899898
1284 -0.0005 0.13999999999900037
1285 -0.0005 0.14049999999900176
1286 -0.0005 0.14099999999900314
1287 -0.0005 0.14149999999900453
1288 -0.0005 0.14199999999900592
1289 -0.0005 0.1424999999990073
1290 -0.0005 0.1429999999990087
1291 -0.0005 0.1434999999990102
1292 -0.0005 0.14399999999901147
1293 -0.0005 0.14449999999901286
1294 -0.0005 0.14499999999901425
1295 -0.0005 0.14549999999901564
1296 -0.0005 0.14599999999901703
1297 -0.0005 0.14649999999901842
1298 -0.0005 0.1469999999990198
1299 -0.0005 0.1474999999990212
1300 -0.0005 0.14799999999902258
1301 -0.0005 0.14849999999902397
1302 -0.0005 0.14899999999902547
1303 -0.0005 0.14949999999902674
1304 -0.0005 0.14999999999902813
1305 -0.0005 0.15049999999902952
1306 -0.0005 0.1509999999990309
1307 -0.0005 0.1514999999990323
1308 -0.0005 0.1519999999990338
1309 -0.0005 0.15249999999903507
1310 -0.0005 0.15299999999903646
1311 -0.0005 0.15349999999903785
1312 -0.0005 0.15399999999903924
1313 -0.0005 0.15449999999904063
1314 -0.0005 0.15499999999904202
1315 -0.0005 0.1554999999990434
1316 -0.0005 0.1559999999990448
1317 -0.0005 0.15649999999904618
1318 -0.0005 0.15699999999904757
1319 -0.0005 0.15749999999904907
1320 -0.0005 0.15799999999905034
1321 -0.0005 0.15849999999905173
1322 -0.0005 0.15899999999905312
1323 -0.0005 0.1594999999990545
1324 -0.0005 0.1599999999990559
1325 -0.0005 0.16049999999905729
1326 -0.0005 0.16099999999905867
1327 -0.0005 0.16149999999906006
1328 -0.0005 0.16199999999906145
1329 -0.0005 0.16249999999906284
1330 -0.0005 0.16299999999906434
1331 -0.0005 0.16349999999906561
1332 -0.0005 0.163999999999067
1333 -0.0005 0.1644999999990684
1334 -0.0005 0.16499999999906978
1335 -0.0005 0.16549999999907117
1336 -0.0005 0.16599999999907267
1337 -0.0005 0.16649999999907394
1338 -0.0005 0.16699999999907533
1339 -0.0005 0.16749999999907672
1340 -0.0005 0.1679999999990781
1341 -0.0005 0.1684999999990796
1342 -0.0005 0.16899999999908089
1343 -0.0005 0.16949999999908227
1344 -0.0005 0.16999999999908366
1345 -0.0005 0.17049999999908505
1346 -0.0005 0.17099999999908644
1347 -0.0005 0.17149999999908794
1348 -0.0005 0.17199999999908921
1349 -0.0005 0.1724999999990906
1350 -0.0005 0.172999999999092
1351 -0.0005 0.17349999999909338
1352 -0.0005 0.17399999999909488
1353 -0.0005 0.17449999999909616
1354 -0.0005 0.17499999999909754
1355 -0.0005 0.17549999999909893
1356 -0.0005 0.17599999999910032
1357 -0.0005 0.1764999999991017
1358 -0.0005 0.1769999999991032
1359 -0.0005 0.17749999999910449
1360 -0.0005 0.17799999999910587
1361 -0.0005 0.17849999999910726
1362 -0.0005 0.17899999999910865
1363 -0.0005 0.17949999999911015
1364 -0.0005 0.17999999999911154
1365 -0.0005 0.18049999999911281
1366 -0.0005 0.1809999999991142
1367 -0.0005 0.1814999999991156
1368 -0.0005 0.18199999999911698
1369 -0.0005 0.18249999999911848
1370 -0.0005 0.18299999999911976
1371 -0.0005 0.18349999999912114
1372 -0.0005 0.18399999999912253
1373 -0.0005 0.18449999999912392
1374 -0.0005 0.18499999999912542
1375 -0.0005 0.1854999999991268
1376 -0.0005 0.18599999999912809
1377 -0.0005 0.18649999999912947
1378 -0.0005 0.18699999999913086
1379 -0.0005 0.18749999999913225
1380 -0.0005 0.18799999999913375
1381 -0.0005 0.18849999999913503
1382 -0.0005 0.18899999999913641
1383 -0.0005 0.1894999999991378
1384 -0.0005 0.1899999999991392
1385 -0.0005 0.19049999999914058
1386 -0.0005 0.19099999999914208
1387 -0.0005 0.19149999999914336
1388 -0.0005 0.19199999999914474
1389 -0.0005 0.19249999999914613
1390 -0.0005 0.19299999999914752
1391 -0.0005 0.19349999999914902
1392 -0.0005 0.1939999999991504
1393 -0.0005 0.19449999999915168
1394 -0.0005 0.19499999999915307
1395 -0.0005 0.19549999999915446
1396 -0.0005 0.19599999999915585
1397 -0.0005 0.19649999999915735
1398 -0.0005 0.19699999999915863
1399 -0.0005 0.19749999999916001
1400 -0.0005 0.1979999999991614
1401 -0.0005 0.1984999999991628
1402 -0.0005 0.1989999999991643
1403 -0.0005 0.19949999999916568
1404 -0.0005 0.19999999999916696
1405 -0.0005 0.20049999999916834
1406 -0.0005 0.20099999999916973
1407 -0.0005 0.20149999999917112
1408 -0.0005 0.20199999999917262
1409 -0.0005 0.2024999999991739
1410 -0.0005 0.20299999999917528
1411 -0.0005 0.20349999999917667
1412 -0.0005 0.20399999999917806
1413 -0.0005 0.20449999999917956
1414 -0.0005 0.20499999999918095
1415 -0.0005 0.20549999999918223
1416 -0.0005 0.20599999999918361
1417 -0.0005 0.206499999999185
1418 -0.0005 0.2069999999991864
1419 -0.0005 0.2074999999991879
1420 -0.0005 0.20799999999918917
1421 -0.0005 0.20849999999919056
1422 -0.0005 0.20899999999919194
1423 -0.0005 0.20949999999919333
1424 -0.0005 0.20999999999919483
1425 -0.0005 0.21049999999919622
1426 -0.0005 0.2109999999991975
1427 -0.0005 0.21149999999919888
1428 -0.0005 0.21199999999920027
1429 -0.0005 0.21249999999920166
1430 -0.0005 0.21299999999920316
1431 -0.0005 0.21349999999920455
1432 -0.0005 0.21399999999920583
1433 -0.0005 0.2144999999992072
1434 -0.0005 0.2149999999992086
1435 -0.0005 0.2154999999992101
1436 -0.0005 0.2159999999992115
1437 -0.0005 0.21649999999921277
1438 -0.0005 0.21699999999921415
1439 -0.0005 0.21749999999921554
1440 -0.0005 0.21799999999921693
1441 -0.0005 0.21849999999921843
1442 -0.0005 0.21899999999921982
1443 -0.0005 0.2194999999992211
1444 -0.0005 0.21999999999922248
1445 -0.0005 0.22049999999922387
1446 -0.0005 0.22099999999922537
1447 -0.0005 0.22149999999922676
1448 -0.0005 0.22199999999922804
1449 -0.0005 0.22249999999922943
1450 -0.0005 0.2229999999992308
1451 -0.0005 0.2234999999992322
1452 -0.0005 0.2239999999992337
1453 -0.0005 0.2244999999992351
1454 -0.0005 0.22499999999923637
1455 -0.0005 0.22549999999923775
1456 -0.0005 0.22599999999923914
1457 -0.0005 0.22649999999924064
1458 -0.0005 0.22699999999924203
1459 -0.0005 0.22749999999924342
1460 -0.0005 0.2279999999992447
1461 -0.0005 0.22849999999924608
1462 -0.0005 0.22899999999924747
1463 -0.0005 0.22949999999924897
1464 -0.0005 0.22999999999925036
1465 -0.0005 0.23049999999925164
1466 -0.0005 0.23099999999925303
1467 -0.0005 0.2314999999992544
1468 -0.0005 0.2319999999992558
1469 -0.0005 0.2324999999992573
1470 -0.0005 0.2329999999992587
1471 -0.0005 0.23349999999925997
1472 -0.0005 0.23399999999926135
1473 -0.0005 0.23449999999926274
1474 -0.0005 0.23499999999926424
1475 -0.0005 0.23549999999926563
1476 -0.0005 0.2359999999992669
1477 -0.0005 0.2364999999992683
1478 -0.0005 0.23699999999926968
1479 -0.0005 0.23749999999927107
1480 -0.0005 0.23799999999927257
1481 -0.0005 0.23849999999927396
1482 -0.0005 0.23899999999927524
1483 -0.0005 0.23949999999927662
1484 -0.0005 0.239999999999278
1485 -0.0005 0.2404999999992795
1486 -0.0005 0.2409999999992809
1487 -0.0005 0.24149999999928218
1488 -0.0005 0.24199999999928357
1489 -0.0005 0.24249999999928495
1490 -0.0005 0.24299999999928634
1491 -0.0005 0.24349999999928784
1492 -0.0005 0.24399999999928923
1493 -0.0005 0.2444999999992905
1494 -0.0005 0.2449999999992919
1495 -0.0005 0.24549999999929328
1496 -0.0005 0.24599999999929478
1497 -0.0005 0.24649999999929617
1498 -0.0005 0.24699999999929756
1499 -0.0005 0.24749999999929884
1500 -0.0005 0.24799999999930022
1501 -0.0005 0.2484999999993016
1502 -0.0005 0.2489999999993031
1503 -0.0005 0.2494999999993045
1504 -0.0005 0.24999999999930578
1505 -0.0005 0.25049999999930717
1506 -0.0005 0.25099999999930855
1507 -0.0005 0.25149999999931005
1508 -0.0005 0.25199999999931144
1509 -0.0005 0.25249999999931283
1510 -0.0005 0.2529999999993141
1511 -0.0005 0.2534999999993155
1512 -0.0005 0.2539999999993169
1513 -0.0005 0.2544999999993184
1514 -0.0005 0.25499999999931977
1515 -0.0005 0.25549999999932105
1516 -0.0005 0.25599999999932244
1517 -0.0005 0.2564999999993238
1518 -0.0005 0.2569999999993253
1519 -0.0005 0.2574999999993267
1520 -0.0005 0.2579999999993281
1521 -0.0005 0.2584999999993294
1522 -0.0005 0.25899999999933077
1523 -0.0005 0.25949999999933215
1524 -0.0005 0.25999999999933365
1525 -0.0005 0.26049999999933504
1526 -0.0005 0.26099999999933643
1527 -0.0005 0.2614999999993377
1528 -0.0005 0.2619999999993391
1529 -0.0005 0.2624999999993406
1530 -0.0005 0.262999999999342
1531 -0.0005 0.26349999999934337
1532 -0.0005 0.26399999999934465
1533 -0.0005 0.26449999999934604
1534 -0.0005 0.2649999999993474
1535 -0.0005 0.2654999999993489
1536 -0.0005 0.2659999999993503
1537 -0.0005 0.2664999999993517
1538 -0.0005 0.266999999999353
1539 -0.0005 0.26749999999935437
1540 -0.0005 0.26799999999935586
1541 -0.0005 0.26849999999935725
1542 -0.0005 0.26899999999935864
1543 -0.0005 0.2694999999993599
1544 -0.0005 0.2699999999993613
1545 -0.0005 0.2704999999993627
1546 -0.0005 0.2709999999993642
1547 -0.0005 0.2714999999993656
1548 -0.0005 0.27199999999936697
1549 -0.0005 0.27249999999936825
1550 -0.0005 0.27299999999936964
1551 -0.0005 0.273499999999371
1552 -0.0005 0.2739999999993725
1553 -0.0005 0.2744999999993739
1554 -0.0005 0.2749999999993753
1555 -0.0005 0.2754999999993766
1556 -0.0005 0.27599999999937797
1557 -0.0005 0.27649999999937946
1558 -0.0005 0.27699999999938085
1559 -0.0005 0.27749999999938224
1560 -0.0005 0.2779999999993835
1561 -0.0005 0.2784999999993849
1562 -0.0005 0.2789999999993863
1563 -0.0005 0.2794999999993878
1564 -0.0005 0.2799999999993892
1565 -0.0005 0.28049999999939057
1566 -0.0005 0.28099999999939185
1567 -0.0005 0.28149999999939324
1568 -0.0005 0.28199999999939473
1569 -0.0005 0.2824999999993961
1570 -0.0005 0.2829999999993975
1571 -0.0005 0.2834999999993988
1572 -0.0005 0.2839999999994002
1573 -0.0005 0.28449999999940156
1574 -0.0005 0.28499999999940306
1575 -0.0005 0.28549999999940445
1576 -0.0005 0.28599999999940584
1577 -0.0005 0.2864999999994071
1578 -0.0005 0.2869999999994085
1579 -0.0005 0.28749999999941
1580 -0.0005 0.2879999999994114
1581 -0.0005 0.2884999999994128
1582 -0.0005 0.28899999999941417
1583 -0.0005 0.28949999999941545
1584 -0.0005 0.28999999999941684
1585 -0.0005 0.29049999999941833
1586 -0.0005 0.2909999999994197
1587 -0.0005 0.2914999999994211
1588 -0.0005 0.2919999999994224
1589 -0.0005 0.2924999999994238
1590 -0.0005 0.2929999999994253
1591 -0.0005 0.29349999999942666
1592 -0.0005 0.29399999999942805
1593 -0.0005 0.29449999999942944
1594 -0.0005 0.2949999999994307
1595 -0.0005 0.2954999999994321
1596 -0.0005 0.2959999999994336
1597 -0.0005 0.296499999999435
1598 -0.0005 0.2969999999994364
1599 -0.0005 0.29749999999943766
1600 -0.0005 0.29799999999943905
1601 -0.0005 0.29849999999944055
1602 -0.0005 0.29899999999944193
1603 -0.0005 0.2994999999994433
1604 -0.0005 0.2999999999994447
1605 -0.0005 0.300499999999446
1606 -0.0005 0.3009999999994474
1607 -0.0005 0.3014999999994489
1608 -0.0005 0.30199999999945026
1609 -0.0005 0.30249999999945165
1610 -0.0005 0.30299999999945293
1611 -0.0005 0.3034999999994543
1612 -0.0005 0.3039999999994558
1613 -0.0005 0.3044999999994572
1614 -0.0005 0.3049999999994586
1615 -0.0005 0.30549999999946
1616 -0.0005 0.30599999999946126
1617 -0.0005 0.30649999999946265
1618 -0.0005 0.30699999999946415
1619 -0.0005 0.30749999999946553
1620 -0.0005 0.3079999999994669
1621 -0.0005 0.3084999999994683
1622 -0.0005 0.3089999999994696
1623 -0.0005 0.309499999999471
1624 -0.0005 0.3099999999994725
1625 -0.0005 0.31049999999947386
1626 -0.0005 0.31099999999947525
1627 -0.0005 0.31149999999947653
1628 -0.0005 0.3119999999994779
1629 -0.0005 0.3124999999994794
1630 -0.0005 0.3129999999994808
1631 -0.0005 0.3134999999994822
1632 -0.0005 0.3139999999994836
1633 -0.0005 0.31449999999948486
1634 -0.0005 0.31499999999948625
1635 -0.0005 0.31549999999948775
1636 -0.0005 0.31599999999948913
1637 -0.0005 0.3164999999994905
1638 -0.0005 0.3169999999994918
1639 -0.0005 0.3174999999994932
1640 -0.0005 0.3179999999994947
1641 -0.0005 0.3184999999994961
1642 -0.0005 0.31899999999949746
1643 -0.0005 0.31949999999949885
1644 -0.0005 0.31999999999950013
1645 -0.0005 0.3204999999995015
1646 -0.0005 0.320999999999503
1647 -0.0005 0.3214999999995044
1648 -0.0005 0.3219999999995058
1649 -0.0005 0.3224999999995072
1650 -0.0005 0.32299999999950846
1651 -0.0005 0.32349999999950996
1652 -0.0005 0.32399999999951135
1653 -0.0005 0.32449999999951273
1654 -0.0005 0.3249999999995141
1655 -0.0005 0.3254999999995154
1656 -0.0005 0.3259999999995168
1657 -0.0005 0.3264999999995183
1658 -0.0005 0.3269999999995197
1659 -0.0005 0.32749999999952106
1660 -0.0005 0.32799999999952245
1661 -0.0005 0.32849999999952373
1662 -0.0005 0.32899999999952523
1663 -0.0005 0.3294999999995266
1664 -0.0005 0.329999999999528
1665 -0.0005 0.3304999999995294
1666 -0.0005 0.33099999999953067
1667 -0.0005 0.33149999999953206
1668 -0.0005 0.33199999999953356
1669 -0.0005 0.33249999999953495
1670 -0.0005 0.33299999999953633
1671 -0.0005 0.3334999999995377
1672 -0.0005 0.333999999999539
1673 -0.0005 0.3344999999995405
1674 -0.0005 0.3349999999995419
1675 -0.0005 0.3354999999995433
1676 -0.0005 0.33599999999954466
1677 -0.0005 0.33649999999954605
1678 -0.0005 0.33699999999954733
1679 -0.0005 0.3374999999995488
1680 -0.0005 0.3379999999995502
1681 -0.0005 0.3384999999995516
1682 -0.0005 0.338999999999553
1683 -0.0005 0.33949999999955427
1684 -0.0005 0.33999999999955577
1685 -0.0005 0.34049999999955716
1686 -0.0005 0.34099999999955855
1687 -0.0005 0.34149999999955993
1688 -0.0005 0.3419999999995613
1689 -0.0005 0.3424999999995626
1690 -0.0005 0.3429999999995641
1691 -0.0005 0.3434999999995655
1692 -0.0005 0.3439999999995669
1693 -0.0005 0.34449999999956826
1694 -0.0005 0.34499999999956954
1695 -0.0005 0.34549999999957104
1696 -0.0005 0.3459999999995724
1697 -0.0005 0.3464999999995738
1698 -0.0005 0.3469999999995752
1699 -0.0005 0.3474999999995766
1700 -0.0005 0.34799999999957787
1701 -0.0005 0.34849999999957937
1702 -0.0005 0.34899999999958076
1703 -0.0005 0.34949999999958214
1704 -0.0005 0.34999999999958353
1705 -0.0005 0.3504999999995848
1706 -0.0005 0.3509999999995862
1707 -0.0005 0.3514999999995877
1708 -0.0005 0.3519999999995891
1709 -0.0005 0.3524999999995905
1710 -0.0005 0.35299999999959186
1711 -0.0005 0.35349999999959314
1712 -0.0005 0.35399999999959464
1713 -0.0005 0.354499999999596
1714 -0.0005 0.3549999999995974
1715 -0.0005 0.3554999999995988
1716 -0.0005 0.3559999999996002
1717 -0.0005 0.35649999999960147
1718 -0.0005 0.35699999999960297
1719 -0.0005 0.35749999999960436
1720 -0.0005 0.35799999999960574
1721 -0.0005 0.35849999999960713
1722 -0.0005 0.3589999999996084
1723 -0.0005 0.3594999999996099
1724 -0.0005 0.3599999999996113
1725 -0.0005 0.3604999999996127
1726 -0.0005 0.3609999999996141
1727 -0.0005 0.36149999999961546
1728 -0.0005 0.36199999999961674
1729 -0.0005 0.36249999999961824
1730 -0.0005 0.3629999999996196
1731 -0.0005 0.363499999999621
1732 -0.0005 0.3639999999996224
1733 -0.0005 0.3644999999996237
1734 -0.0005 0.3649999999996252
1735 -0.0005 0.36549999999962657
1736 -0.0005 0.36599999999962796
1737 -0.0005 0.36649999999962934
1738 -0.0005 0.36699999999963073
1739 -0.0005 0.367499999999632
1740 -0.0005 0.3679999999996335
1741 -0.0005 0.3684999999996349
1742 -0.0005 0.3689999999996363
1743 -0.0005 0.3694999999996377
1744 -0.0005 0.36999999999963906
1745 -0.0005 0.37049999999964045
1746 -0.0005 0.37099999999964184
1747 -0.0005 0.3714999999996432
1748 -0.0005 0.3719999999996446
1749 -0.0005 0.372499999999646
1750 -0.0005 0.3729999999996473
1751 -0.0005 0.3734999999996488
1752 -0.0005 0.37399999999965017
1753 -0.0005 0.37449999999965156
1754 -0.0005 0.37499999999965294
1755 -0.0005 0.37549999999965433
1756 -0.0005 0.3759999999996557
1757 -0.0005 0.3764999999996571
1758 -0.0005 0.3769999999996585
1759 -0.0005 0.3774999999996599
1760 -0.0005 0.3779999999996613
1761 -0.0005 0.37849999999966255
1762 -0.0005 0.37899999999966405
1763 -0.0005 0.37949999999966544
1764 -0.0005 0.3799999999996668
1765 -0.0005 0.3804999999996682
1766 -0.0005 0.3809999999996696
1767 -0.0005 0.381499999999671
1768 -0.0005 0.3819999999996724
1769 -0.0005 0.38249999999967377
1770 -0.0005 0.38299999999967516
1771 -0.0005 0.38349999999967654
1772 -0.0005 0.38399999999967793
1773 -0.0005 0.3844999999996793
1774 -0.0005 0.3849999999996807
1775 -0.0005 0.3854999999996821
1776 -0.0005 0.3859999999996835
1777 -0.0005 0.3864999999996849
1778 -0.0005 0.38699999999968615
1779 -0.0005 0.38749999999968765
1780 -0.0005 0.38799999999968904
1781 -0.0005 0.3884999999996904
1782 -0.0005 0.3889999999996918
1783 -0.0005 0.3894999999996932
1784 -0.0005 0.3899999999996946
1785 -0.0005 0.390499999999696
1786 -0.0005 0.39099999999969737
1787 -0.0005 0.39149999999969876
1788 -0.0005 0.39199999999970014
1789 -0.0005 0.3924999999997014
1790 -0.0005 0.3929999999997029
1791 -0.0005 0.3934999999997043
1792 -0.0005 0.3939999999997057
1793 -0.0005 0.3944999999997071
1794 -0.0005 0.3949999999997085
1795 -0.0005 0.39549999999970986
1796 -0.0005 0.39599999999971125
1797 -0.0005 0.39649999999971264
1798 -0.0005 0.396999999999714
1799 -0.0005 0.3974999999997154
1800 -0.0005 0.3979999999997167
1801 -0.0005 0.3984999999997182
1802 -0.0005 0.3989999999997196
1803 -0.0005 0.39949999999972097
1804 -0.0005 0.39999999999972236
1805 -0.0005 0.40049999999972374
1806 -0.0005 0.40099999999972513
1807 -0.0005 0.4014999999997265
1808 -0.0005 0.4019999999997279
1809 -0.0005 0.4024999999997293
1810 -0.0005 0.4029999999997307
1811 -0.0005 0.4034999999997321
1812 -0.0005 0.40399999999973346
1813 -0.0005 0.40449999999973485
1814 -0.0005 0.40499999999973624
1815 -0.0005 0.4054999999997376
1816 -0.0005 0.405999999999739
1817 -0.0005 0.4064999999997404
1818 -0.0005 0.4069999999997418
1819 -0.0005 0.4074999999997432
1820 -0.0005 0.40799999999974457
1821 -0.0005 0.40849999999974596
1822 -0.0005 0.40899999999974734
1823 -0.0005 0.40949999999974873
1824 -0.0005 0.4099999999997501
1825 -0.0005 0.4104999999997515
1826 -0.0005 0.4109999999997529
1827 -0.0005 0.4114999999997543
1828 -0.0005 0.4119999999997558
1829 -0.0005 0.41249999999975706
1830 -0.0005 0.41299999999975845
1831 -0.0005 0.41349999999975984
1832 -0.0005 0.4139999999997612
1833 -0.0005 0.4144999999997626
1834 -0.0005 0.414999999999764
1835 -0.0005 0.4154999999997654
1836 -0.0005 0.4159999999997668
1837 -0.0005 0.41649999999976817
1838 -0.0005 0.41699999999976956
1839 -0.0005 0.41749999999977105
1840 -0.0005 0.41799999999977233
1841 -0.0005 0.4184999999997737
1842 -0.0005 0.4189999999997751
1843 -0.0005 0.4194999999997765
1844 -0.0005 0.4199999999997779
1845 -0.0005 0.4204999999997793
1846 -0.0005 0.42099999999978066
1847 -0.0005 0.42149999999978205
1848 -0.0005 0.42199999999978344
1849 -0.0005 0.4224999999997848
1850 -0.0005 0.4229999999997863
1851 -0.0005 0.4234999999997876
1852 -0.0005 0.423999999999789
1853 -0.0005 0.4244999999997904
1854 -0.0005 0.42499999999979177
1855 -0.0005 0.42549999999979315
1856 -0.0005 0.42599999999979454
1857 -0.0005 0.42649999999979593
1858 -0.0005 0.4269999999997973
1859 -0.0005 0.4274999999997987
1860 -0.0005 0.4279999999998001
1861 -0.0005 0.4284999999998015
1862 -0.0005 0.4289999999998029
1863 -0.0005 0.42949999999980426
1864 -0.0005 0.42999999999980565
1865 -0.0005 0.43049999999980704
1866 -0.0005 0.4309999999998084
1867 -0.0005 0.4314999999998099
1868 -0.0005 0.4319999999998112
1869 -0.0005 0.4324999999998126
1870 -0.0005 0.432999999999814
1871 -0.0005 0.43349999999981537
1872 -0.0005 0.43399999999981675
1873 -0.0005 0.43449999999981814
1874 -0.0005 0.43499999999981953
1875 -0.0005 0.4354999999998209
1876 -0.0005 0.4359999999998223
1877 -0.0005 0.4364999999998237
1878 -0.0005 0.4369999999998252
1879 -0.0005 0.43749999999982647
1880 -0.0005 0.43799999999982786
1881 -0.0005 0.43849999999982925
1882 -0.0005 0.43899999999983064
1883 -0.0005 0.439499999999832
1884 -0.0005 0.4399999999998334
1885 -0.0005 0.4404999999998348
1886 -0.0005 0.4409999999998362
1887 -0.0005 0.4414999999998376
1888 -0.0005 0.44199999999983897
1889 -0.0005 0.44249999999984047
1890 -0.0005 0.44299999999984174
1891 -0.0005 0.44349999999984313
1892 -0.0005 0.4439999999998445
1893 -0.0005 0.4444999999998459
1894 -0.0005 0.4449999999998473
1895 -0.0005 0.4454999999998488
1896 -0.0005 0.44599999999985007
1897 -0.0005 0.44649999999985146
1898 -0.0005 0.44699999999985285
1899 -0.0005 0.44749999999985424
1900 -0.0005 0.44799999999985574
1901 -0.0005 0.448499999999857
1902 -0.0005 0.4489999999998584
1903 -0.0005 0.4494999999998598
1904 -0.0005 0.4499999999998612
1905 -0.0005 0.45049999999986257
1906 -0.0005 0.45099999999986407
1907 -0.0005 0.45149999999986534
1908 -0.0005 0.45199999999986673
1909 -0.0005 0.4524999999998681
1910 -0.0005 0.4529999999998695
1911 -0.0005 0.453499999999871
1912 -0.0005 0.4539999999998723
1913 -0.0005 0.45449999999987367
1914 -0.0005 0.45499999999987506
1915 -0.0005 0.45549999999987645
1916 -0.0005 0.45599999999987784
1917 -0.0005 0.45649999999987934
1918 -0.0005 0.4569999999998806
1919 -0.0005 0.457499999999882
1920 -0.0005 0.4579999999998834
1921 -0.0005 0.4584999999998848
1922 -0.0005 0.4589999999998863
1923 -0.0005 0.45949999999988766
1924 -0.0005 0.45999999999988894
1925 -0.0005 0.46049999999989033
1926 -0.0005 0.4609999999998917
1927 -0.0005 0.4614999999998931
1928 -0.0005 0.4619999999998946
1929 -0.0005 0.4624999999998959
1930 -0.0005 0.46299999999989727
1931 -0.0005 0.46349999999989866
1932 -0.0005 0.46399999999990005
1933 -0.0005 0.46449999999990155
1934 -0.0005 0.46499999999990294
1935 -0.0005 0.4654999999999042
1936 -0.0005 0.4659999999999056
1937 -0.0005 0.466499999999907
1938 -0.0005 0.4669999999999084
1939 -0.0005 0.4674999999999099
1940 -0.0005 0.46799999999991115
1941 -0.0005 0.46849999999991254
1942 -0.0005 0.46899999999991393
1943 -0.0005 0.4694999999999153
1944 -0.0005 0.4699999999999167
1945 -0.0005 0.4704999999999182
1946 -0.0005 0.4709999999999195
1947 -0.0005 0.47149999999992087
1948 -0.0005 0.47199999999992226
1949 -0.0005 0.47249999999992365
1950 -0.0005 0.47299999999992515
1951 -0.0005 0.4734999999999264
1952 -0.0005 0.4739999999999278
1953 -0.0005 0.4744999999999292
1954 -0.0005 0.4749999999999306
1955 -0.0005 0.475499999999932
1956 -0.0005 0.4759999999999335
1957 -0.0005 0.47649999999993475
1958 -0.0005 0.47699999999993614
1959 -0.0005 0.47749999999993753
1960 -0.0005 0.4779999999999389
1961 -0.0005 0.4784999999999404
1962 -0.0005 0.4789999999999418
1963 -0.0005 0.4794999999999431
1964 -0.0005 0.47999999999994447
1965 -0.0005 0.48049999999994586
1966 -0.0005 0.48099999999994725
1967 -0.0005 0.48149999999994875
1968 -0.0005 0.48199999999995
1969 -0.0005 0.4824999999999514
1970 -0.0005 0.4829999999999528
1971 -0.0005 0.4834999999999542
1972 -0.0005 0.4839999999999557
1973 -0.0005 0.4844999999999571
1974 -0.0005 0.48499999999995835
1975 -0.0005 0.48549999999995974
1976 -0.0005 0.48599999999996113
1977 -0.0005 0.4864999999999625
1978 -0.0005 0.486999999999964
1979 -0.0005 0.4874999999999653
1980 -0.0005 0.4879999999999667
1981 -0.0005 0.48849999999996807
1982 -0.0005 0.48899999999996946
1983 -0.0005 0.48949999999997096
1984 -0.0005 0.48999999999997235
1985 -0.0005 0.4904999999999736
1986 -0.0005 0.490999999999975
1987 -0.0005 0.4914999999999764
1988 -0.0005 0.4919999999999778
1989 -0.0005 0.4924999999999793
1990 -0.0005 0.4929999999999807
1991 -0.0005 0.49349999999998195
1992 -0.0005 0.49399999999998334
1993 -0.0005 0.49449999999998473
1994 -0.0005 0.49499999999998623
1995 -0.0005 0.4954999999999876
1996 -0.0005 0.4959999999999889
1997 -0.0005 0.4964999999999903
1998 -0.0005 0.49699999999999167
1999 -0.0005 0.49749999999999306
2000 -0.0005 0.49799999999999456
2001 -0.0005 0.49849999999999595
2002 -0.0005 0.4989999999999972
2003 -0.0005 0.4994999999999986
2004 -1.2809848667916235e-15 0.5
2005 0.0005 0.4995000000000014
2006 0.0005 0.4990000000000028
2007 0.0005 0.49850000000000416
2008 0.0005 0.49800000000000555
2009 0.0005 0.49750000000000694
2010 0.0005 0.4970000000000083
2011 0.0005 0.4965000000000097
2012 0.0005 0.4960000000000111
2013 0.0005 0.4955000000000125
2014 0.0005 0.4950000000000139
2015 0.0005 0.49450000000001526
2016 0.0005 0.49400000000001665
2017 0.0005 0.49350000000001804
2018 0.0005 0.4930000000000194
2019 0.0005 0.4925000000000208
2020 0.0005 0.4920000000000222
2021 0.0005 0.4915000000000236
2022 0.0005 0.491000000000025
2023 0.0005 0.4905000000000264
2024 0.0005 0.4900000000000278
2025 0.0005 0.4895000000000292
2026 0.0005 0.4890000000000306
2027 0.0005 0.48850000000003196
2028 0.0005 0.48800000000003335
2029 0.0005 0.48750000000003474
2030 0.0005 0.4870000000000361
2031 0.0005 0.4865000000000375
2032 0.0005 0.4860000000000389
2033 0.0005 0.4855000000000403
2034 0.0005 0.4850000000000417
2035 0.0005 0.48450000000004306
2036 0.0005 0.48400000000004445
2037 0.0005 0.48350000000004584
2038 0.0005 0.4830000000000472
2039 0.0005 0.4825000000000486
2040 0.0005 0.48200000000005
2041 0.0005 0.4815000000000514
2042 0.0005 0.4810000000000528
2043 0.0005 0.48050000000005416
2044 0.0005 0.48000000000005555
2045 0.0005 0.47950000000005694
2046 0.0005 0.4790000000000583
2047 0.0005 0.4785000000000597
2048 0.0005 0.4780000000000611
2049 0.0005 0.4775000000000625
2050 0.0005 0.4770000000000639
2051 0.0005 0.47650000000006526
2052 0.0005 0.47600000000006665
2053 0.0005 0.4755000000000681
2054 0.0005 0.4750000000000695
2055 0.0005 0.47450000000007087
2056 0.0005 0.47400000000007225
2057 0.0005 0.47350000000007364
2058 0.0005 0.473000000000075
2059 0.0005 0.4725000000000764
2060 0.0005 0.4720000000000778
2061 0.0005 0.4715000000000792
2062 0.0005 0.4710000000000806
2063 0.0005 0.47050000000008196
2064 0.0005 0.47000000000008335
2065 0.0005 0.46950000000008474
2066 0.0005 0.4690000000000861
2067 0.0005 0.4685000000000875
2068 0.0005 0.4680000000000889
2069 0.0005 0.4675000000000903
2070 0.0005 0.4670000000000917
2071 0.0005 0.46650000000009306
2072 0.0005 0.46600000000009445
2073 0.0005 0.46550000000009584
2074 0.0005 0.4650000000000972
2075 0.0005 0.4645000000000986
2076 0.0005 0.4640000000001
2077 0.0005 0.4635000000001014
2078 0.0005 0.4630000000001028
2079 0.0005 0.46250000000010416
2080 0.0005 0.46200000000010555
2081 0.0005 0.46150000000010694
2082 0.0005 0.4610000000001083
2083 0.0005 0.4605000000001097
2084 0.0005 0.4600000000001111
2085 0.0005 0.4595000000001125
2086 0.0005 0.4590000000001139
2087 0.0005 0.45850000000011526
2088 0.0005 0.45800000000011665
2089 0.0005 0.45750000000011803
2090 0.0005 0.4570000000001194
2091 0.0005 0.45650000000012086
2092 0.0005 0.45600000000012225
2093 0.0005 0.45550000000012364
2094 0.0005 0.455000000000125
2095 0.0005 0.4545000000001264
2096 0.0005 0.4540000000001278
2097 0.0005 0.4535000000001292
2098 0.0005 0.4530000000001306
2099 0.0005 0.45250000000013196
2100 0.0005 0.45200000000013335
2101 0.0005 0.45150000000013474
2102 0.0005 0.4510000000001361
2103 0.0005 0.4505000000001375
2104 0.0005 0.4500000000001389
2105 0.0005 0.4495000000001403
2106 0.0005 0.4490000000001417
2107 0.0005 0.44850000000014306
2108 0.0005 0.44800000000014445
2109 0.0005 0.44750000000014584
2110 0.0005 0.4470000000001472
2111 0.0005 0.4465000000001486
2112 0.0005 0.44600000000015
2113 0.0005 0.4455000000001514
2114 0.0005 0.4450000000001528
2115 0.0005 0.44450000000015416
2116 0.0005 0.44400000000015555
2117 0.0005 0.443500000000157
2118 0.0005 0.4430000000001584
2119 0.0005 0.44250000000015977
2120 0.0005 0.44200000000016115
2121 0.0005 0.44150000000016254
2122 0.0005 0.4410000000001639
2123 0.0005 0.4405000000001653
2124 0.0005 0.4400000000001667
2125 0.0005 0.4395000000001681
2126 0.0005 0.4390000000001695
2127 0.0005 0.43850000000017086
2128 0.0005 0.43800000000017225
2129 0.0005 0.43750000000017364
2130 0.0005 0.437000000000175
2131 0.0005 0.4365000000001764
2132 0.0005 0.4360000000001778
2133 0.0005 0.4355000000001792
2134 0.0005 0.4350000000001806
2135 0.0005 0.43450000000018196
2136 0.0005 0.43400000000018335
2137 0.0005 0.43350000000018474
2138 0.0005 0.4330000000001861
2139 0.0005 0.4325000000001875
2140 0.0005 0.4320000000001889
2141 0.0005 0.4315000000001903
2142 0.0005 0.4310000000001917
2143 0.0005 0.43050000000019306
2144 0.0005 0.43000000000019445
2145 0.0005 0.42950000000019584
2146 0.0005 0.4290000000001972
2147 0.0005 0.4285000000001986
2148 0.0005 0.4280000000002
2149 0.0005 0.4275000000002014
2150 0.0005 0.4270000000002028
2151 0.0005 0.4265000000002042
2152 0.0005 0.4260000000002056
2153 0.0005 0.425500000000207
2154 0.0005 0.4250000000002084
2155 0.0005 0.42450000000020977
2156 0.0005 0.42400000000021115
2157 0.0005 0.42350000000021254
2158 0.0005 0.4230000000002139
2159 0.0005 0.4225000000002153
2160 0.0005 0.4220000000002167
2161 0.0005 0.4215000000002181
2162 0.0005 0.4210000000002195
2163 0.0005 0.42050000000022086
2164 0.0005 0.42000000000022225
2165 0.0005 0.41950000000022364
2166 0.0005 0.419000000000225
2167 0.0005 0.4185000000002264
2168 0.0005 0.4180000000002278
2169 0.0005 0.4175000000002292
2170 0.0005 0.4170000000002306
2171 0.0005 0.416500000000232
2172 0.0005 0.41600000000023335
2173 0.0005 0.4155000000002348
2174 0.0005 0.4150000000002361
2175 0.0005 0.41450000000023757
2176 0.0005 0.4140000000002389
2177 0.0005 0.41350000000024034
2178 0.0005 0.41300000000024173
2179 0.0005 0.4125000000002431
2180 0.0005 0.4120000000002445
2181 0.0005 0.4115000000002459
2182 0.0005 0.4110000000002473
2183 0.0005 0.41050000000024867
2184 0.0005 0.41000000000025005
2185 0.0005 0.40950000000025144
2186 0.0005 0.40900000000025283
2187 0.0005 0.4085000000002542
2188 0.0005 0.4080000000002556
2189 0.0005 0.407500000000257
2190 0.0005 0.4070000000002584
2191 0.0005 0.40650000000025976
2192 0.0005 0.40600000000026115
2193 0.0005 0.40550000000026254
2194 0.0005 0.4050000000002639
2195 0.0005 0.4045000000002653
2196 0.0005 0.4040000000002667
2197 0.0005 0.4035000000002681
2198 0.0005 0.4030000000002695
2199 0.0005 0.40250000000027086
2200 0.0005 0.40200000000027225
2201 0.0005 0.40150000000027364
2202 0.0005 0.401000000000275
2203 0.0005 0.4005000000002764
2204 0.0005 0.4000000000002778
2205 0.0005 0.3995000000002792
2206 0.0005 0.3990000000002806
2207 0.0005 0.39850000000028196
2208 0.0005 0.39800000000028335
2209 0.0005 0.39750000000028474
2210 0.0005 0.3970000000002861
2211 0.0005 0.39650000000028757
2212 0.0005 0.3960000000002889
2213 0.0005 0.39550000000029034
2214 0.0005 0.3950000000002917
2215 0.0005 0.3945000000002931
2216 0.0005 0.3940000000002945
2217 0.0005 0.3935000000002959
2218 0.0005 0.3930000000002973
2219 0.0005 0.39250000000029867
2220 0.0005 0.39200000000030005
2221 0.0005 0.39150000000030144
2222 0.0005 0.3910000000003028
2223 0.0005 0.3905000000003042
2224 0.0005 0.3900000000003056
2225 0.0005 0.389500000000307
2226 0.0005 0.3890000000003084
2227 0.0005 0.38850000000030976
2228 0.0005 0.38800000000031115
2229 0.0005 0.38750000000031254
2230 0.0005 0.3870000000003139
2231 0.0005 0.3865000000003153
2232 0.0005 0.3860000000003167
2233 0.0005 0.3855000000003181
2234 0.0005 0.38500000000031953
2235 0.0005 0.3845000000003209
2236 0.0005 0.3840000000003223
2237 0.0005 0.3835000000003237
2238 0.0005 0.3830000000003251
2239 0.0005 0.38250000000032647
2240 0.0005 0.38200000000032786
2241 0.0005 0.38150000000032924
2242 0.0005 0.38100000000033063
2243 0.0005 0.380500000000332
2244 0.0005 0.3800000000003334
2245 0.0005 0.3795000000003348
2246 0.0005 0.3790000000003362
2247 0.0005 0.37850000000033757
2248 0.0005 0.37800000000033895
2249 0.0005 0.37750000000034034
2250 0.0005 0.37700000000034173
2251 0.0005 0.3765000000003431
2252 0.0005 0.3760000000003445
2253 0.0005 0.3755000000003459
2254 0.0005 0.3750000000003473
2255 0.0005 0.37450000000034867
2256 0.0005 0.37400000000035005
2257 0.0005 0.37350000000035144
2258 0.0005 0.3730000000003528
2259 0.0005 0.3725000000003542
2260 0.0005 0.3720000000003556
2261 0.0005 0.371500000000357
2262 0.0005 0.3710000000003584
2263 0.0005 0.37050000000035976
2264 0.0005 0.37000000000036115
2265 0.0005 0.36950000000036254
2266 0.0005 0.3690000000003639
2267 0.0005 0.3685000000003653
2268 0.0005 0.3680000000003667
2269 0.0005 0.3675000000003681
2270 0.0005 0.3670000000003695
2271 0.0005 0.36650000000037086
2272 0.0005 0.36600000000037225
2273 0.0005 0.36550000000037364
2274 0.0005 0.365000000000375
2275 0.0005 0.3645000000003764
2276 0.0005 0.3640000000003778
2277 0.0005 0.3635000000003792
2278 0.0005 0.3630000000003806
2279 0.0005 0.36250000000038196
2280 0.0005 0.3620000000003834
2281 0.0005 0.3615000000003848
2282 0.0005 0.3610000000003861
2283 0.0005 0.3605000000003875
2284 0.0005 0.36000000000038895
2285 0.0005 0.35950000000039034
2286 0.0005 0.3590000000003917
2287 0.0005 0.35850000000039306
2288 0.0005 0.3580000000003945
2289 0.0005 0.3575000000003959
2290 0.0005 0.3570000000003973
2291 0.0005 0.35650000000039866
2292 0.0005 0.35600000000040005
2293 0.0005 0.35550000000040144
2294 0.0005 0.3550000000004028
2295 0.0005 0.35450000000040427
2296 0.0005 0.3540000000004056
2297 0.0005 0.353500000000407
2298 0.0005 0.35300000000040843
2299 0.0005 0.3525000000004098
2300 0.0005 0.3520000000004112
2301 0.0005 0.35150000000041254
2302 0.0005 0.351000000000414
2303 0.0005 0.35050000000041537
2304 0.0005 0.35000000000041676
2305 0.0005 0.3495000000004181
2306 0.0005 0.34900000000041953
2307 0.0005 0.3485000000004209
2308 0.0005 0.3480000000004223
2309 0.0005 0.3475000000004237
2310 0.0005 0.3470000000004251
2311 0.0005 0.34650000000042647
2312 0.0005 0.34600000000042785
2313 0.0005 0.34550000000042924
2314 0.0005 0.34500000000043063
2315 0.0005 0.344500000000432
2316 0.0005 0.3440000000004334
2317 0.0005 0.3435000000004348
2318 0.0005 0.3430000000004362
2319 0.0005 0.34250000000043757
2320 0.0005 0.34200000000043895
2321 0.0005 0.34150000000044034
2322 0.0005 0.3410000000004417
2323 0.0005 0.3405000000004431
2324 0.0005 0.3400000000004445
2325 0.0005 0.3395000000004459
2326 0.0005 0.3390000000004473
2327 0.0005 0.33850000000044866
2328 0.0005 0.33800000000045005
2329 0.0005 0.33750000000045144
2330 0.0005 0.3370000000004528
2331 0.0005 0.3365000000004542
2332 0.0005 0.3360000000004556
2333 0.0005 0.335500000000457
2334 0.0005 0.3350000000004584
2335 0.0005 0.33450000000045976
2336 0.0005 0.33400000000046115
2337 0.0005 0.33350000000046254
2338 0.0005 0.333000000000464
2339 0.0005 0.3325000000004653
2340 0.0005 0.3320000000004667
2341 0.0005 0.3315000000004681
2342 0.0005 0.33100000000046953
2343 0.0005 0.33050000000047086
2344 0.0005 0.33000000000047225
2345 0.0005 0.3295000000004737
2346 0.0005 0.3290000000004751
2347 0.0005 0.32850000000047647
2348 0.0005 0.3280000000004778
2349 0.0005 0.32750000000047924
2350 0.0005 0.32700000000048063
2351 0.0005 0.326500000000482
2352 0.0005 0.32600000000048346
2353 0.0005 0.3255000000004848
2354 0.0005 0.3250000000004862
2355 0.0005 0.32450000000048757
2356 0.0005 0.324000000000489
2357 0.0005 0.3235000000004904
2358 0.0005 0.3230000000004917
2359 0.0005 0.3225000000004931
2360 0.0005 0.32200000000049456
2361 0.0005 0.32150000000049594
2362 0.0005 0.3210000000004973
2363 0.0005 0.3205000000004987
2364 0.0005 0.3200000000005001
2365 0.0005 0.3195000000005015
2366 0.0005 0.3190000000005029
2367 0.0005 0.31850000000050427
2368 0.0005 0.31800000000050566
2369 0.0005 0.31750000000050704
2370 0.0005 0.31700000000050843
2371 0.0005 0.3165000000005098
2372 0.0005 0.3160000000005112
2373 0.0005 0.3155000000005126
2374 0.0005 0.315000000000514
2375 0.0005 0.31450000000051537
2376 0.0005 0.31400000000051675
2377 0.0005 0.31350000000051814
2378 0.0005 0.31300000000051953
2379 0.0005 0.3125000000005209
2380 0.0005 0.3120000000005223
2381 0.0005 0.3115000000005237
2382 0.0005 0.3110000000005251
2383 0.0005 0.31050000000052647
2384 0.0005 0.31000000000052785
2385 0.0005 0.30950000000052924
2386 0.0005 0.30900000000053063
2387 0.0005 0.308500000000532
2388 0.0005 0.3080000000005334
2389 0.0005 0.3075000000005348
2390 0.0005 0.3070000000005362
2391 0.0005 0.30650000000053756
2392 0.0005 0.30600000000053895
2393 0.0005 0.30550000000054034
2394 0.0005 0.3050000000005417
2395 0.0005 0.3045000000005431
2396 0.0005 0.3040000000005445
2397 0.0005 0.3035000000005459
2398 0.0005 0.3030000000005473
2399 0.0005 0.3025000000005487
2400 0.0005 0.30200000000055005
2401 0.0005 0.30150000000055144
2402 0.0005 0.3010000000005528
2403 0.0005 0.30050000000055427
2404 0.0005 0.30000000000055566
2405 0.0005 0.299500000000557
2406 0.0005 0.2990000000005584
2407 0.0005 0.2985000000005598
2408 0.0005 0.2980000000005612
2409 0.0005 0.2975000000005626
2410 0.0005 0.297000000000564
2411 0.0005 0.29650000000056537
2412 0.0005 0.29600000000056675
2413 0.0005 0.29550000000056814
2414 0.0005 0.29500000000056953
2415 0.0005 0.2945000000005709
2416 0.0005 0.2940000000005723
2417 0.0005 0.29350000000057375
2418 0.0005 0.29300000000057513
2419 0.0005 0.29250000000057647
2420 0.0005 0.29200000000057785
2421 0.0005 0.2915000000005793
2422 0.0005 0.2910000000005807
2423 0.0005 0.29050000000058207
2424 0.0005 0.2900000000005834
2425 0.0005 0.28950000000058485
2426 0.0005 0.28900000000058623
2427 0.0005 0.2885000000005876
2428 0.0005 0.288000000000589
2429 0.0005 0.2875000000005904
2430 0.0005 0.2870000000005918
2431 0.0005 0.28650000000059317
2432 0.0005 0.28600000000059456
2433 0.0005 0.28550000000059594
2434 0.0005 0.28500000000059733
2435 0.0005 0.2845000000005987
2436 0.0005 0.2840000000006001
2437 0.0005 0.2835000000006015
2438 0.0005 0.2830000000006029
2439 0.0005 0.28250000000060427
2440 0.0005 0.28200000000060566
2441 0.0005 0.28150000000060704
2442 0.0005 0.28100000000060843
2443 0.0005 0.2805000000006098
2444 0.0005 0.2800000000006112
2445 0.0005 0.2795000000006126
2446 0.0005 0.279000000000614
2447 0.0005 0.27850000000061537
2448 0.0005 0.27800000000061675
2449 0.0005 0.27750000000061814
2450 0.0005 0.27700000000061953
2451 0.0005 0.2765000000006209
2452 0.0005 0.2760000000006223
2453 0.0005 0.2755000000006237
2454 0.0005 0.2750000000006251
2455 0.0005 0.27450000000062647
2456 0.0005 0.27400000000062785
2457 0.0005 0.27350000000062924
2458 0.0005 0.2730000000006306
2459 0.0005 0.272500000000632
2460 0.0005 0.2720000000006334
2461 0.0005 0.27150000000063484
2462 0.0005 0.2710000000006362
2463 0.0005 0.27050000000063756
2464 0.0005 0.270000000000639
2465 0.0005 0.2695000000006404
2466 0.0005 0.2690000000006418
2467 0.0005 0.2685000000006431
2468 0.0005 0.26800000000064456
2469 0.0005 0.26750000000064594
2470 0.0005 0.26700000000064733
2471 0.0005 0.2665000000006487
2472 0.0005 0.2660000000006501
2473 0.0005 0.2655000000006515
2474 0.0005 0.2650000000006529
2475 0.0005 0.2645000000006543
2476 0.0005 0.26400000000065565
2477 0.0005 0.26350000000065704
2478 0.0005 0.26300000000065843
2479 0.0005 0.26250000000065987
2480 0.0005 0.26200000000066126
2481 0.0005 0.2615000000006626
2482 0.0005 0.26100000000066403
2483 0.0005 0.2605000000006654
2484 0.0005 0.2600000000006668
2485 0.0005 0.25950000000066814
2486 0.0005 0.2590000000006696
2487 0.0005 0.25850000000067097
2488 0.0005 0.25800000000067236
2489 0.0005 0.25750000000067375
2490 0.0005 0.25700000000067513
2491 0.0005 0.2565000000006765
2492 0.0005 0.2560000000006779
2493 0.0005 0.2555000000006793
2494 0.0005 0.2550000000006807
2495 0.0005 0.25450000000068207
2496 0.0005 0.25400000000068346
2497 0.0005 0.25350000000068484
2498 0.0005 0.25300000000068623
2499 0.0005 0.2525000000006876
2500 0.0005 0.252000000000689
2501 0.0005 0.2515000000006904
2502 0.0005 0.2510000000006918
2503 0.0005 0.25050000000069317
2504 0.0005 0.25000000000069456
2505 0.0005 0.24950000000069594
2506 0.0005 0.24900000000069733
2507 0.0005 0.24850000000069872
2508 0.0005 0.2480000000007001
2509 0.0005 0.2475000000007015
2510 0.0005 0.24700000000070288
2511 0.0005 0.24650000000070432
2512 0.0005 0.24600000000070565
2513 0.0005 0.24550000000070704
2514 0.0005 0.24500000000070843
2515 0.0005 0.24450000000070987
2516 0.0005 0.2440000000007112
2517 0.0005 0.24350000000071265
2518 0.0005 0.24300000000071398
2519 0.0005 0.24250000000071542
2520 0.0005 0.2420000000007168
2521 0.0005 0.24150000000071814
2522 0.0005 0.24100000000071958
2523 0.0005 0.24050000000072091
2524 0.0005 0.2400000000007223
2525 0.0005 0.23950000000072375
2526 0.0005 0.23900000000072508
2527 0.0005 0.23850000000072652
2528 0.0005 0.2380000000007279
2529 0.0005 0.23750000000072924
2530 0.0005 0.23700000000073068
2531 0.0005 0.23650000000073207
2532 0.0005 0.2360000000007334
2533 0.0005 0.23550000000073484
2534 0.0005 0.23500000000073618
2535 0.0005 0.23450000000073756
2536 0.0005 0.234000000000739
2537 0.0005 0.23350000000074034
2538 0.0005 0.23300000000074178
2539 0.0005 0.23250000000074317
2540 0.0005 0.2320000000007445
2541 0.0005 0.23150000000074594
2542 0.0005 0.23100000000074733
2543 0.0005 0.23050000000074866
2544 0.0005 0.2300000000007501
2545 0.0005 0.2295000000007515
2546 0.0005 0.22900000000075282
2547 0.0005 0.22850000000075427
2548 0.0005 0.2280000000007556
2549 0.0005 0.22750000000075704
2550 0.0005 0.22700000000075843
2551 0.0005 0.22650000000075976
2552 0.0005 0.2260000000007612
2553 0.0005 0.2255000000007626
2554 0.0005 0.22500000000076392
2555 0.0005 0.22450000000076537
2556 0.0005 0.22400000000076675
2557 0.0005 0.22350000000076808
2558 0.0005 0.22300000000076953
2559 0.0005 0.22250000000077086
2560 0.0005 0.2220000000007723
2561 0.0005 0.2215000000007737
2562 0.0005 0.22100000000077502
2563 0.0005 0.22050000000077646
2564 0.0005 0.22000000000077785
2565 0.0005 0.21950000000077918
2566 0.0005 0.21900000000078063
2567 0.0005 0.218500000000782
2568 0.0005 0.21800000000078334
2569 0.0005 0.2175000000007848
2570 0.0005 0.21700000000078612
2571 0.0005 0.2165000000007875
2572 0.0005 0.21600000000078895
2573 0.0005 0.21550000000079028
2574 0.0005 0.21500000000079172
2575 0.0005 0.2145000000007931
2576 0.0005 0.21400000000079444
2577 0.0005 0.2135000000007959
2578 0.0005 0.21300000000079727
2579 0.0005 0.2125000000007986
2580 0.0005 0.21200000000080005
2581 0.0005 0.21150000000080144
2582 0.0005 0.21100000000080277
2583 0.0005 0.2105000000008042
2584 0.0005 0.21000000000080554
2585 0.0005 0.20950000000080699
2586 0.0005 0.20900000000080837
2587 0.0005 0.2085000000008097
2588 0.0005 0.20800000000081115
2589 0.0005 0.20750000000081253
2590 0.0005 0.20700000000081387
2591 0.0005 0.2065000000008153
2592 0.0005 0.2060000000008167
2593 0.0005 0.20550000000081803
2594 0.0005 0.20500000000081947
2595 0.0005 0.2045000000008208
2596 0.0005 0.20400000000082225
2597 0.0005 0.20350000000082363
2598 0.0005 0.20300000000082496
2599 0.0005 0.2025000000008264
2600 0.0005 0.2020000000008278
2601 0.0005 0.20150000000082913
2602 0.0005 0.20100000000083057
2603 0.0005 0.20050000000083196
2604 0.0005 0.2000000000008333
2605 0.0005 0.19950000000083473
2606 0.0005 0.19900000000083606
2607 0.0005 0.1985000000008375
2608 0.0005 0.1980000000008389
2609 0.0005 0.19750000000084023
2610 0.0005 0.19700000000084167
2611 0.0005 0.19650000000084306
2612 0.0005 0.1960000000008444
2613 0.0005 0.19550000000084583
2614 0.0005 0.19500000000084722
2615 0.0005 0.19450000000084855
2616 0.0005 0.19400000000085
2617 0.0005 0.19350000000085138
2618 0.0005 0.1930000000008527
2619 0.0005 0.19250000000085415
2620 0.0005 0.1920000000008555
2621 0.0005 0.19150000000085693
2622 0.0005 0.19100000000085832
2623 0.0005 0.19050000000085965
2624 0.0005 0.1900000000008611
2625 0.0005 0.18950000000086248
2626 0.0005 0.1890000000008638
2627 0.0005 0.18850000000086525
2628 0.0005 0.18800000000086664
2629 0.0005 0.18750000000086797
2630 0.0005 0.18700000000086942
2631 0.0005 0.18650000000087075
2632 0.0005 0.1860000000008722
2633 0.0005 0.18550000000087358
2634 0.0005 0.1850000000008749
2635 0.0005 0.18450000000087635
2636 0.0005 0.18400000000087774
2637 0.0005 0.18350000000087907
2638 0.0005 0.18300000000088051
2639 0.0005 0.1825000000008819
2640 0.0005 0.18200000000088323
2641 0.0005 0.18150000000088468
2642 0.0005 0.181000000000886
2643 0.0005 0.18050000000088745
2644 0.0005 0.18000000000088884
2645 0.0005 0.17950000000089017
2646 0.0005 0.1790000000008916
2647 0.0005 0.178500000000893
2648 0.0005 0.17800000000089433
2649 0.0005 0.17750000000089577
2650 0.0005 0.17700000000089716
2651 0.0005 0.1765000000008985
2652 0.0005 0.17600000000089994
2653 0.0005 0.17550000000090127
2654 0.0005 0.1750000000009027
2655 0.0005 0.1745000000009041
2656 0.0005 0.17400000000090543
2657 0.0005 0.17350000000090687
2658 0.0005 0.17300000000090826
2659 0.0005 0.1725000000009096
2660 0.0005 0.17200000000091104
2661 0.0005 0.17150000000091242
2662 0.0005 0.17100000000091375
2663 0.0005 0.1705000000009152
2664 0.0005 0.17000000000091658
2665 0.0005 0.16950000000091792
2666 0.0005 0.16900000000091936
2667 0.0005 0.1685000000009207
2668 0.0005 0.16800000000092213
2669 0.0005 0.16750000000092352
2670 0.0005 0.16700000000092485
2671 0.0005 0.1665000000009263
2672 0.0005 0.16600000000092768
2673 0.0005 0.16550000000092902
2674 0.0005 0.16500000000093046
2675 0.0005 0.16450000000093185
2676 0.0005 0.16400000000093318
2677 0.0005 0.16350000000093462
2678 0.0005 0.16300000000093595
2679 0.0005 0.1625000000009374
2680 0.0005 0.16200000000093878
2681 0.0005 0.1615000000009401
2682 0.0005 0.16100000000094156
2683 0.0005 0.16050000000094294
2684 0.0005 0.16000000000094428
2685 0.0005 0.15950000000094572
2686 0.0005 0.1590000000009471
2687 0.0005 0.15850000000094844
2688 0.0005 0.15800000000094988
2689 0.0005 0.1575000000009512
2690 0.0005 0.15700000000095266
2691 0.0005 0.15650000000095404
2692 0.0005 0.15600000000095537
2693 0.0005 0.15550000000095682
2694 0.0005 0.1550000000009582
2695 0.0005 0.15450000000095954
2696 0.0005 0.15400000000096098
2697 0.0005 0.15350000000096237
2698 0.0005 0.1530000000009637
2699 0.0005 0.15250000000096514
2700 0.0005 0.15200000000096653
2701 0.0005 0.15150000000096792
2702 0.0005 0.1510000000009693
2703 0.0005 0.15050000000097064
2704 0.0005 0.15000000000097208
2705 0.0005 0.14950000000097347
2706 0.0005 0.1490000000009748
2707 0.0005 0.14850000000097624
2708 0.0005 0.14800000000097763
2709 0.0005 0.14750000000097896
2710 0.0005 0.1470000000009804
2711 0.0005 0.1465000000009818
2712 0.0005 0.14600000000098318
2713 0.0005 0.14550000000098456
2714 0.0005 0.1450000000009859
2715 0.0005 0.14450000000098734
2716 0.0005 0.14400000000098873
2717 0.0005 0.14350000000099006
2718 0.0005 0.1430000000009915
2719 0.0005 0.1425000000009929
2720 0.0005 0.14200000000099422
2721 0.0005 0.14150000000099566
2722 0.0005 0.14100000000099705
2723 0.0005 0.14050000000099838
2724 0.0005 0.14000000000099982
2725 0.0005 0.13950000000100116
2726 0.0005 0.1390000000010026
2727 0.0005 0.138500000001004
2728 0.0005 0.13800000000100532
2729 0.0005 0.13750000000100676
2730 0.0005 0.13700000000100815
2731 0.0005 0.13650000000100948
2732 0.0005 0.13600000000101092
2733 0.0005 0.1355000000010123
2734 0.0005 0.13500000000101364
2735 0.0005 0.13450000000101509
2736 0.0005 0.13400000000101647
2737 0.0005 0.13350000000101786
2738 0.0005 0.13300000000101925
2739 0.0005 0.13250000000102058
2740 0.0005 0.13200000000102202
2741 0.0005 0.1315000000010234
2742 0.0005 0.13100000000102474
2743 0.0005 0.13050000000102618
2744 0.0005 0.13000000000102757
2745 0.0005 0.1295000000010289
2746 0.0005 0.12900000000103035
2747 0.0005 0.12850000000103173
2748 0.0005 0.12800000000103312
2749 0.0005 0.1275000000010345
2750 0.0005 0.12700000000103584
2751 0.0005 0.12650000000103728
2752 0.0005 0.12600000000103867
2753 0.0005 0.12550000000104
2754 0.0005 0.12500000000104144
2755 0.0005 0.12450000000104283
2756 0.0005 0.12400000000104416
2757 0.0005 0.1235000000010456
2758 0.0005 0.123000000001047
2759 0.0005 0.12250000000104838
2760 0.0005 0.12200000000104977
2761 0.0005 0.1215000000010511
2762 0.0005 0.12100000000105254
2763 0.0005 0.12050000000105393
2764 0.0005 0.12000000000105526
2765 0.0005 0.1195000000010567
2766 0.0005 0.11900000000105809
2767 0.0005 0.11850000000105942
2768 0.0005 0.11800000000106087
2769 0.0005 0.11750000000106225
2770 0.0005 0.11700000000106359
2771 0.0005 0.11650000000106503
2772 0.0005 0.11600000000106636
2773 0.0005 0.1155000000010678
2774 0.0005 0.11500000000106919
2775 0.0005 0.11450000000107052
2776 0.0005 0.11400000000107197
2777 0.0005 0.11350000000107335
2778 0.0005 0.11300000000107469
2779 0.0005 0.11250000000107613
2780 0.0005 0.11200000000107752
2781 0.0005 0.11150000000107885
2782 0.0005 0.11100000000108029
2783 0.0005 0.11050000000108168
2784 0.0005 0.11000000000108306
2785 0.0005 0.10950000000108445
2786 0.0005 0.10900000000108578
2787 0.0005 0.10850000000108723
2788 0.0005 0.10800000000108861
2789 0.0005 0.10750000000108995
2790 0.0005 0.10700000000109139
2791 0.0005 0.10650000000109278
2792 0.0005 0.10600000000109411
2793 0.0005 0.10550000000109555
2794 0.0005 0.10500000000109694
2795 0.0005 0.10450000000109833
2796 0.0005 0.10400000000109971
2797 0.0005 0.10350000000110104
2798 0.0005 0.10300000000110249
2799 0.0005 0.10250000000110387
2800 0.0005 0.1020000000011052
2801 0.0005 0.10150000000110665
2802 0.0005 0.10100000000110804
2803 0.0005 0.10050000000110937
2804 0.0005 0.10000000000111081
2805 0.0005 0.0995000000011122
2806 0.0005 0.09900000000111359
2807 0.0005 0.09850000000111497
2808 0.0005 0.0980000000011163
2809 0.0005 0.09750000000111775
2810 0.0005 0.09700000000111914
2811 0.0005 0.09650000000112047
2812 0.0005 0.09600000000112191
2813 0.0005 0.0955000000011233
2814 0.0005 0.09500000000112463
2815 0.0005 0.09450000000112607
2816 0.0005 0.09400000000112746
2817 0.0005 0.09350000000112879
2818 0.0005 0.09300000000113023
2819 0.0005 0.09250000000113162
2820 0.0005 0.09200000000113301
2821 0.0005 0.0915000000011344
2822 0.0005 0.09100000000113573
2823 0.0005 0.09050000000113717
2824 0.0005 0.09000000000113856
2825 0.0005 0.08950000000113989
2826 0.0005 0.08900000000114133
2827 0.0005 0.08850000000114272
2828 0.0005 0.08800000000114405
2829 0.0005 0.0875000000011455
2830 0.0005 0.08700000000114688
2831 0.0005 0.08650000000114827
2832 0.0005 0.08600000000114966
2833 0.0005 0.08550000000115099
2834 0.0005 0.08500000000115243
2835 0.0005 0.08450000000115382
2836 0.0005 0.08400000000115515
2837 0.0005 0.0835000000011566
2838 0.0005 0.08300000000115798
2839 0.0005 0.08250000000115931
2840 0.0005 0.08200000000116076
2841 0.0005 0.08150000000116214
2842 0.0005 0.08100000000116353
2843 0.0005 0.08050000000116492
2844 0.0005 0.08000000000116625
2845 0.0005 0.07950000000116769
2846 0.0005 0.07900000000116908
2847 0.0005 0.07850000000117041
2848 0.0005 0.07800000000117185
2849 0.0005 0.07750000000117324
2850 0.0005 0.07700000000117457
2851 0.0005 0.07650000000117602
2852 0.0005 0.0760000000011774
2853 0.0005 0.07550000000117879
2854 0.0005 0.07500000000118018
2855 0.0005 0.07450000000118157
2856 0.0005 0.07400000000118295
2857 0.0005 0.07350000000118434
2858 0.0005 0.07300000000118567
2859 0.0005 0.07250000000118711
2860 0.0005 0.0720000000011885
2861 0.0005 0.07150000000118983
2862 0.0005 0.07100000000119128
2863 0.0005 0.07050000000119266
2864 0.0005 0.070000000001194
2865 0.0005 0.06950000000119544
2866 0.0005 0.06900000000119683
2867 0.0005 0.06850000000119821
2868 0.0005 0.0680000000011996
2869 0.0005 0.06750000000120093
2870 0.0005 0.06700000000120238
2871 0.0005 0.06650000000120376
2872 0.0005 0.0660000000012051
2873 0.0005 0.06550000000120654
2874 0.0005 0.06500000000120792
2875 0.0005 0.06450000000120926
2876 0.0005 0.0640000000012107
2877 0.0005 0.06350000000121209
2878 0.0005 0.06300000000121347
2879 0.0005 0.06250000000121486
2880 0.0005 0.06200000000121619
2881 0.0005 0.061500000001217636
2882 0.0005 0.061000000001219024
2883 0.0005 0.060500000001220355
2884 0.0005 0.0600000000012218
2885 0.0005 0.059500000001223186
2886 0.0005 0.05900000000122452
2887 0.0005 0.05850000000122596
2888 0.0005 0.05800000000122735
2889 0.0005 0.057500000001228735
2890 0.0005 0.05700000000123012
2891 0.0005 0.05650000000123151
2892 0.0005 0.0560000000012329
2893 0.0005 0.055500000001234284
2894 0.0005 0.055000000001235616
2895 0.0005 0.05450000000123706
2896 0.0005 0.054000000001238446
2897 0.0005 0.05350000000123978
2898 0.0005 0.05300000000124122
2899 0.0005 0.05250000000124261
2900 0.0005 0.052000000001243996
2901 0.0005 0.05150000000124538
2902 0.0005 0.05100000000124677
2903 0.0005 0.05050000000124816
2904 0.0005 0.050000000001249545
2905 0.0005 0.04950000000125088
2906 0.0005 0.04900000000125232
2907 0.0005 0.04850000000125371
2908 0.0005 0.04800000000125504
2909 0.0005 0.04750000000125648
2910 0.0005 0.04700000000125787
2911 0.0005 0.0465000000012592
2912 0.0005 0.046000000001260644
2913 0.0005 0.04550000000126203
2914 0.0005 0.04500000000126342
2915 0.0005 0.044500000001264806
2916 0.0005 0.04400000000126614
2917 0.0005 0.04350000000126758
2918 0.0005 0.04300000000126897
2919 0.0005 0.0425000000012703
2920 0.0005 0.04200000000127174
2921 0.0005 0.04150000000127313
2922 0.0005 0.04100000000127446
2923 0.0005 0.040500000001275904
2924 0.0005 0.04000000000127729
2925 0.0005 0.03950000000127868
2926 0.0005 0.039000000001280066
2927 0.0005 0.0385000000012814
2928 0.0005 0.03800000000128284
2929 0.0005 0.03750000000128423
2930 0.0005 0.03700000000128556
2931 0.0005 0.036500000001287
2932 0.0005 0.03600000000128839
2933 0.0005 0.03550000000128972
2934 0.0005 0.035000000001291165
2935 0.0005 0.03450000000129255
2936 0.0005 0.03400000000129394
2937 0.0005 0.03350000000129533
2938 0.0005 0.033000000001296714
2939 0.0005 0.0325000000012981
2940 0.0005 0.03200000000129949
2941 0.0005 0.03150000000130082
2942 0.0005 0.031000000001302264
2943 0.0005 0.03050000000130365
2944 0.0005 0.030000000001304983
2945 0.0005 0.029500000001306426
2946 0.0005 0.029000000001307813
2947 0.0005 0.0285000000013092
2948 0.0005 0.028000000001310588
2949 0.0005 0.027500000001311975
2950 0.0005 0.027000000001313362
2951 0.0005 0.02650000000131475
2952 0.0005 0.02600000000131608
2953 0.0005 0.025500000001317524
2954 0.0005 0.02500000000131891
2955 0.0005 0.024500000001320243
2956 0.0005 0.024000000001321686
2957 0.0005 0.023500000001323074
2958 0.0005 0.023000000001324405
2959 0.0005 0.02250000000132585
2960 0.0005 0.022000000001327236
2961 0.0005 0.021500000001328623
2962 0.0005 0.02100000000133001
2963 0.0005 0.020500000001331342
2964 0.0005 0.020000000001332785
2965 0.0005 0.019500000001334172
2966 0.0005 0.019000000001335504
2967 0.0005 0.018500000001336947
2968 0.0005 0.018000000001338334
2969 0.0005 0.017500000001339666
2970 0.0005 0.01700000000134111
2971 0.0005 0.016500000001342496
2972 0.0005 0.016000000001343884
2973 0.0005 0.015500000001345271
2974 0.0005 0.015000000001346658
2975 0.0005 0.014500000001348046
2976 0.0005 0.014000000001349433
2977 0.0005 0.013500000001350765
2978 0.0005 0.013000000001352208
2979 0.0005 0.012500000001353595
2980 0.0005 0.012000000001354927
2981 0.0005 0.01150000000135637
2982 0.0005 0.011000000001357757
2983 0.0005 0.010500000001359144
2984 0.0005 0.010000000001360532
2985 0.0005 0.009500000001361919
2986 0.0005 0.009000000001363306
2987 0.0005 0.008500000001364694
2988 0.0005 0.008000000001366026
2989 0.0005 0.007500000001367024
2990 0.0005 0.0070000000013677455
2991 0.0005 0.006500000001368411
2992 0.0005 0.006000000001369132
2993 0.0005 0.0055000000013698536
2994 0.0005 0.005000000001370464
2995 0.0005 0.004500000001371185
2996 0.0005 0.004000000001371906
2997 0.0005 0.003500000001372572
2998 0.0005 0.003000000001373293
2999 0.0005 0.0025000000013739587
3000 0.0005 0.00200000000137468
3001 0.0005 0.0015000000013754011
3002 0.0005 0.0010000000013760668
3003 0.0005 0.000500000001376788
3004 0.0005 1.377509217803663e-12
3005 0.0005 -0.0004999999986232684
3006 0.0005 -0.0009999999986238794
3007 0.0005 -0.0014999999986246015
3008 0.0005 -0.0019999999986253236
3009 0.0005 -0.0024999999986260457
3010 0.0005 -0.0029999999986266568
3011 0.0005 -0.003499999998627379
3012 0.0005 -0.003999999998628101
3013 0.0005 -0.004499999998628823
3014 0.0005 -0.004999999998629434
3015 0.0005 -0.005499999998630156
3016 0.0005 -0.005999999998630878
3017 0.0005 -0.0064999999986316
3018 0.0005 -0.0069999999986322115
3019 0.0005 -0.0074999999986329335
3020 0.0005 -0.007999999998633878
3021 0.0005 -0.008499999998635266
3022 0.0005 -0.008999999998636654
3023 0.0005 -0.009499999998638042
3024 0.0005 -0.00999999999863943
3025 0.0005 -0.010499999998640819
3026 0.0005 -0.010999999998642207
3027 0.0005 -0.011499999998643595
3028 0.0005 -0.011999999998644983
3029 0.0005 -0.012499999998646372
3030 0.0005 -0.012999999998647649
3031 0.0005 -0.013499999998649148
3032 0.0005 -0.013999999998650536
3033 0.0005 -0.014499999998651925
3034 0.0005 -0.014999999998653313
3035 0.0005 -0.01549999999865459
3036 0.0005 -0.015999999998655978
3037 0.0005 -0.016499999998657477
3038 0.0005 -0.016999999998658866
3039 0.0005 -0.017499999998660254
3040 0.0005 -0.01799999999866153
3041 0.0005 -0.01849999999866292
3042 0.0005 -0.01899999999866442
3043 0.0005 -0.019499999998665807
3044 0.0005 -0.019999999998667195
3045 0.0005 -0.020499999998668583
3046 0.0005 -0.02099999999866986
3047 0.0005 -0.02149999999867125
3048 0.0005 -0.021999999998672748
3049 0.0005 -0.022499999998674136
3050 0.0005 -0.022999999998675524
3051 0.0005 -0.0234999999986768
3052 0.0005 -0.02399999999867819
3053 0.0005 -0.02449999999867969
3054 0.0005 -0.024999999998681077
3055 0.0005 -0.025499999998682465
3056 0.0005 -0.025999999998683854
3057 0.0005 -0.02649999999868513
3058 0.0005 -0.02699999999868652
3059 0.0005 -0.02749999999868802
3060 0.0005 -0.027999999998689407
3061 0.0005 -0.028499999998690795
3062 0.0005 -0.028999999998692183
3063 0.0005 -0.02949999999869346
3064 0.0005 -0.02999999999869496
3065 0.0005 -0.030499999998696348
3066 0.0005 -0.030999999998697736
3067 0.0005 -0.031499999998699124
3068 0.0005 -0.0319999999987004
3069 0.0005 -0.03249999999870179
3070 0.0005 -0.03299999999870329
3071 0.0005 -0.03349999999870468
3072 0.0005 -0.033999999998706065
3073 0.0005 -0.034499999998707453
3074 0.0005 -0.03499999999870873
3075 0.0005 -0.03549999999871012
3076 0.0005 -0.03599999999871162
3077 0.0005 -0.036499999998713006
3078 0.0005 -0.036999999998714395
3079 0.0005 -0.03749999999871567
3080 0.0005 -0.03799999999871706
3081 0.0005 -0.03849999999871856
3082 0.0005 -0.03899999999871995
3083 0.0005 -0.039499999998721336
3084 0.0005 -0.039999999998722724
3085 0.0005 -0.040499999998724
3086 0.0005 -0.04099999999872539
3087 0.0005 -0.04149999999872689
3088 0.0005 -0.04199999999872828
3089 0.0005 -0.042499999998729665
3090 0.0005 -0.04299999999873105
3091 0.0005 -0.04349999999873233
3092 0.0005 -0.04399999999873383
3093 0.0005 -0.04449999999873522
3094 0.0005 -0.044999999998736606
3095 0.0005 -0.045499999998737994
3096 0.0005 -0.04599999999873927
3097 0.0005 -0.04649999999874066
3098 0.0005 -0.04699999999874216
3099 0.0005 -0.04749999999874355
3100 0.0005 -0.047999999998744936
3101 0.0005 -0.048499999998746324
3102 0.0005 -0.0489999999987476
3103 0.0005 -0.0494999999987491
3104 0.0005 -0.04999999999875049
3105 0.0005 -0.05049999999875188
3106 0.0005 -0.050999999998753265
3107 0.0005 -0.05149999999875454
3108 0.0005 -0.05199999999875593
3109 0.0005 -0.05249999999875743
3110 0.0005 -0.05299999999875882
3111 0.0005 -0.053499999998760206
3112 0.0005 -0.053999999998761594
3113 0.0005 -0.05449999999876287
3114 0.0005 -0.05499999999876437
3115 0.0005 -0.05549999999876576
3116 0.0005 -0.05599999999876715
3117 0.0005 -0.056499999998768535
3118 0.0005 -0.056999999998769924
3119 0.0005 -0.0574999999987712
3120 0.0005 -0.0579999999987727
3121 0.0005 -0.05849999999877409
3122 0.0005 -0.058999999998775476
3123 0.0005 -0.059499999998776865
3124 0.0005 -0.05999999999877814
3125 0.0005 -0.06049999999877964
3126 0.0005 -0.06099999999878103
3127 0.0005 -0.06149999999878242
3128 0.0005 -0.061999999998783806
3129 0.0005 -0.062499999998785194
3130 0.0005 -0.06299999999878647
3131 0.0005 -0.06349999999878797
3132 0.0005 -0.06399999999878936
3133 0.0005 -0.06449999999879075
3134 0.0005 -0.06499999999879214
3135 0.0005 -0.06549999999879341
3136 0.0005 -0.06599999999879491
3137 0.0005 -0.0664999999987963
3138 0.0005 -0.06699999999879769
3139 0.0005 -0.06749999999879908
3140 0.0005 -0.06799999999880046
3141 0.0005 -0.06849999999880174
3142 0.0005 -0.06899999999880324
3143 0.0005 -0.06949999999880463
3144 0.0005 -0.06999999999880602
3145 0.0005 -0.0704999999988074
3146 0.0005 -0.07099999999880868
3147 0.0005 -0.07149999999881007
3148 0.0005 -0.07199999999881157
3149 0.0005 -0.07249999999881296
3150 0.0005 -0.07299999999881435
3151 0.0005 -0.07349999999881573
3152 0.0005 -0.07399999999881701
3153 0.0005 -0.07449999999881851
3154 0.0005 -0.0749999999988199
3155 0.0005 -0.07549999999882129
3156 0.0005 -0.07599999999882268
3157 0.0005 -0.07649999999882406
3158 0.0005 -0.07699999999882534
3159 0.0005 -0.07749999999882684
3160 0.0005 -0.07799999999882823
3161 0.0005 -0.07849999999882962
3162 0.0005 -0.078999999998831
3163 0.0005 -0.07949999999883228
3164 0.0005 -0.07999999999883378
3165 0.0005 -0.08049999999883517
3166 0.0005 -0.08099999999883656
3167 0.0005 -0.08149999999883795
3168 0.0005 -0.08199999999883933
3169 0.0005 -0.08249999999884061
3170 0.0005 -0.08299999999884211
3171 0.0005 -0.0834999999988435
3172 0.0005 -0.08399999999884489
3173 0.0005 -0.08449999999884628
3174 0.0005 -0.08499999999884755
3175 0.0005 -0.08549999999884905
3176 0.0005 -0.08599999999885044
3177 0.0005 -0.08649999999885183
3178 0.0005 -0.08699999999885322
3179 0.0005 -0.0874999999988546
3180 0.0005 -0.08799999999885588
3181 0.0005 -0.08849999999885738
3182 0.0005 -0.08899999999885877
3183 0.0005 -0.08949999999886016
3184 0.0005 -0.08999999999886155
3185 0.0005 -0.09049999999886293
3186 0.0005 -0.09099999999886432
3187 0.0005 -0.09149999999886571
3188 0.0005 -0.0919999999988671
3189 0.0005 -0.09249999999886849
3190 0.0005 -0.09299999999886988
3191 0.0005 -0.09349999999887115
3192 0.0005 -0.09399999999887265
3193 0.0005 -0.09449999999887404
3194 0.0005 -0.09499999999887543
3195 0.0005 -0.09549999999887682
3196 0.0005 -0.0959999999988782
3197 0.0005 -0.0964999999988796
3198 0.0005 -0.09699999999888098
3199 0.0005 -0.09749999999888237
3200 0.0005 -0.09799999999888376
3201 0.0005 -0.09849999999888515
3202 0.0005 -0.09899999999888642
3203 0.0005 -0.09949999999888792
3204 0.0005 -0.09999999999888931
3205 0.0005 -0.1004999999988907
3206 0.0005 -0.10099999999889209
3207 0.0005 -0.10149999999889348
3208 0.0005 -0.10199999999889486
3209 0.0005 -0.10249999999889625
3210 0.0005 -0.10299999999889764
3211 0.0005 -0.10349999999889903
3212 0.0005 -0.10399999999890042
3213 0.0005 -0.1044999999989018
3214 0.0005 -0.10499999999890319
3215 0.0005 -0.10549999999890458
3216 0.0005 -0.10599999999890597
3217 0.0005 -0.10649999999890736
3218 0.0005 -0.10699999999890875
3219 0.0005 -0.10749999999891013
3220 0.0005 -0.10799999999891152
3221 0.0005 -0.10849999999891291
3222 0.0005 -0.1089999999989143
3223 0.0005 -0.10949999999891569
3224 0.0005 -0.10999999999891708
3225 0.0005 -0.11049999999891846
3226 0.0005 -0.11099999999891985
3227 0.0005 -0.11149999999892124
3228 0.0005 -0.11199999999892263
3229 0.0005 -0.11249999999892402
3230 0.0005 -0.1129999999989253
3231 0.0005 -0.11349999999892679
3232 0.0005 -0.11399999999892818
3233 0.0005 -0.11449999999892957
3234 0.0005 -0.11499999999893096
3235 0.0005 -0.11549999999893235
3236 0.0005 -0.11599999999893373
3237 0.0005 -0.11649999999893512
3238 0.0005 -0.11699999999893651
3239 0.0005 -0.1174999999989379
3240 0.0005 -0.11799999999893929
3241 0.0005 -0.11849999999894056
3242 0.0005 -0.11899999999894206
3243 0.0005 -0.11949999999894345
3244 0.0005 -0.11999999999894484
3245 0.0005 -0.12049999999894623
3246 0.0005 -0.12099999999894762
3247 0.0005 -0.121499999998949
3248 0.0005 -0.12199999999895039
3249 0.0005 -0.12249999999895178
3250 0.0005 -0.12299999999895317
3251 0.0005 -0.12349999999895456
3252 0.0005 -0.12399999999895595
3253 0.0005 -0.12449999999895733
3254 0.0005 -0.12499999999895872
3255 0.0005 -0.1254999999989601
3256 0.0005 -0.1259999999989615
3257 0.0005 -0.1264999999989629
3258 0.0005 -0.12699999999896427
3259 0.0005 -0.12749999999896566
3260 0.0005 -0.12799999999896705
3261 0.0005 -0.12849999999896844
3262 0.0005 -0.12899999999896983
3263 0.0005 -0.12949999999897122
3264 0.0005 -0.1299999999989726
3265 0.0005 -0.130499999998974
3266 0.0005 -0.13099999999897538
3267 0.0005 -0.13149999999897677
3268 0.0005 -0.13199999999897816
3269 0.0005 -0.13249999999897966
3270 0.0005 -0.13299999999898093
3271 0.0005 -0.13349999999898232
3272 0.0005 -0.1339999999989837
3273 0.0005 -0.1344999999989851
3274 0.0005 -0.1349999999989865
3275 0.0005 -0.13549999999898787
3276 0.0005 -0.13599999999898926
3277 0.0005 -0.13649999999899065
3278 0.0005 -0.13699999999899204
3279 0.0005 -0.13749999999899343
3280 0.0005 -0.13799999999899493
3281 0.0005 -0.1384999999989962
3282 0.0005 -0.1389999999989976
3283 0.0005 -0.13949999999899898
3284 0.0005 -0.13999999999900037
3285 0.0005 -0.14049999999900176
3286 0.0005 -0.14099999999900314
3287 0.0005 -0.14149999999900453
3288 0.0005 -0.14199999999900592
3289 0.0005 -0.1424999999990073
3290 0.0005 -0.1429999999990087
3291 0.0005 -0.1434999999990102
3292 0.0005 -0.14399999999901147
3293 0.0005 -0.14449999999901286
3294 0.0005 -0.14499999999901425
3295 0.0005 -0.14549999999901564
3296 0.0005 -0.14599999999901703
3297 0.0005 -0.14649999999901842
3298 0.0005 -0.1469999999990198
3299 0.0005 -0.1474999999990212
3300 0.0005 -0.14799999999902258
3301 0.0005 -0.14849999999902397
3302 0.0005 -0.14899999999902547
3303 0.0005 -0.14949999999902674
3304 0.0005 -0.14999999999902813
3305 0.0005 -0.15049999999902952
3306 0.0005 -0.1509999999990309
3307 0.0005 -0.1514999999990323
3308 0.0005 -0.1519999999990338
3309 0.0005 -0.15249999999903507
3310 0.0005 -0.15299999999903646
3311 0.0005 -0.15349999999903785
3312 0.0005 -0.15399999999903924
3313 0.0005 -0.15449999999904063
3314 0.0005 -0.15499999999904202
3315 0.0005 -0.1554999999990434
3316 0.0005 -0.1559999999990448
3317 0.0005 -0.15649999999904618
3318 0.0005 -0.15699999999904757
3319 0.0005 -0.15749999999904907
3320 0.0005 -0.15799999999905034
3321 0.0005 -0.15849999999905173
3322 0.0005 -0.15899999999905312
3323 0.0005 -0.1594999999990545
3324 0.0005 -0.1599999999990559
3325 0.0005 -0.16049999999905729
3326 0.0005 -0.16099999999905867
3327 0.0005 -0.16149999999906006
3328 0.0005 -0.16199999999906145
3329 0.0005 -0.16249999999906284
3330 0.0005 -0.16299999999906434
3331 0.0005 -0.16349999999906561
3332 0.0005 -0.163999999999067
3333 0.0005 -0.1644999999990684
3334 0.0005 -0.16499999999906978
3335 0.0005 -0.16549999999907117
3336 0.0005 -0.16599999999907267
3337 0.0005 -0.16649999999907394
3338 0.0005 -0.16699999999907533
3339 0.0005 -0.16749999999907672
3340 0.0005 -0.1679999999990781
3341 0.0005 -0.1684999999990796
3342 0.0005 -0.16899999999908089
3343 0.0005 -0.16949999999908227
3344 0.0005 -0.16999999999908366
3345 0.0005 -0.17049999999908505
3346 0.0005 -0.17099999999908644
3347 0.0005 -0.17149999999908794
3348 0.0005 -0.17199999999908921
3349 0.0005 -0.1724999999990906
3350 0.0005 -0.172999999999092
3351 0.0005 -0.17349999999909338
3352 0.0005 -0.17399999999909488
3353 0.0005 -0.17449999999909616
3354 0.0005 -0.17499999999909754
3355 0.0005 -0.17549999999909893
3356 0.0005 -0.17599999999910032
3357 0.0005 -0.1764999999991017
3358 0.0005 -0.1769999999991032
3359 0.0005 -0.17749999999910449
3360 0.0005 -0.17799999999910587
3361 0.0005 -0.17849999999910726
3362 0.0005 -0.17899999999910865
3363 0.0005 -0.17949999999911015
3364 0.0005 -0.17999999999911154
3365 0.0005 -0.18049999999911281
3366 0.0005 -0.1809999999991142
3367 0.0005 -0.1814999999991156
3368 0.0005 -0.18199999999911698
3369 0.0005 -0.18249999999911848
3370 0.0005 -0.18299999999911976
3371 0.0005 -0.18349999999912114
3372 0.0005 -0.18399999999912253
3373 0.0005 -0.18449999999912392
3374 0.0005 -0.18499999999912542
3375 0.0005 -0.1854999999991268
3376 0.0005 -0.18599999999912809
3377 0.0005 -0.18649999999912947
3378 0.0005 -0.18699999999913086
3379 0.0005 -0.18749999999913225
3380 0.0005 -0.18799999999913375
3381 0.0005 -0.18849999999913503
3382 0.0005 -0.18899999999913641
3383 0.0005 -0.1894999999991378
3384 0.0005 -0.1899999999991392
3385 0.0005 -0.19049999999914058
3386 0.0005 -0.19099999999914208
3387 0.0005 -0.19149999999914336
3388 0.0005 -0.19199999999914474
3389 0.0005 -0.19249999999914613
3390 0.0005 -0.19299999999914752
3391 0.0005 -0.19349999999914902
3392 0.0005 -0.1939999999991504
3393 0.0005 -0.19449999999915168
3394 0.0005 -0.19499999999915307
3395 0.0005 -0.19549999999915446
3396 0.0005 -0.19599999999915585
3397 0.0005 -0.19649999999915735
3398 0.0005 -0.19699999999915863
3399 0.0005 -0.19749999999916001
3400 0.0005 -0.1979999999991614
3401 0.0005 -0.1984999999991628
3402 0.0005 -0.1989999999991643
3403 0.0005 -0.19949999999916568
3404 0.0005 -0.19999999999916696
3405 0.0005 -0.20049999999916834
3406 0.0005 -0.20099999999916973
3407 0.0005 -0.20149999999917112
3408 0.0005 -0.20199999999917262
3409 0.0005 -0.2024999999991739
3410 0.0005 -0.20299999999917528
3411 0.0005 -0.20349999999917667
3412 0.0005 -0.20399999999917806
3413 0.0005 -0.20449999999917956
3414 0.0005 -0.20499999999918095
3415 0.0005 -0.20549999999918223
3416 0.0005 -0.20599999999918361
3417 0.0005 -0.206499999999185
3418 0.0005 -0.2069999999991864
3419 0.0005 -0.2074999999991879
3420 0.0005 -0.20799999999918917
3421 0.0005 -0.20849999999919056
3422 0.0005 -0.20899999999919194
3423 0.0005 -0.20949999999919333
3424 0.0005 -0.20999999999919483
3425 0.0005 -0.21049999999919622
3426 0.0005 -0.2109999999991975
3427 0.0005 -0.21149999999919888
3428 0.0005 -0.21199999999920027
3429 0.0005 -0.21249999999920166
3430 0.0005 -0.21299999999920316
3431 0.0005 -0.21349999999920455
3432 0.0005 -0.21399999999920583
3433 0.0005 -0.2144999999992072
3434 0.0005 -0.2149999999992086
3435 0.0005 -0.2154999999992101
3436 0.0005 -0.2159999999992115
3437 0.0005 -0.21649999999921277
3438 0.0005 -0.21699999999921415
3439 0.0005 -0.21749999999921554
3440 0.0005 -0.21799999999921693
3441 0.0005 -0.21849999999921843
3442 0.0005 -0.21899999999921982
3443 0.0005 -0.2194999999992211
3444 0.0005 -0.21999999999922248
3445 0.0005 -0.22049999999922387
3446 0.0005 -0.22099999999922537
3447 0.0005 -0.22149999999922676
3448 0.0005 -0.22199999999922804
3449 0.0005 -0.22249999999922943
3450 0.0005 -0.2229999999992308
3451 0.0005 -0.2234999999992322
3452 0.0005 -0.2239999999992337
3453 0.0005 -0.2244999999992351
3454 0.0005 -0.22499999999923637
3455 0.0005 -0.22549999999923775
3456 0.0005 -0.22599999999923914
3457 0.0005 -0.22649999999924064
3458 0.0005 -0.22699999999924203
3459 0.0005 -0.22749999999924342
3460 0.0005 -0.2279999999992447
3461 0.0005 -0.22849999999924608
3462 0.0005 -0.22899999999924747
3463 0.0005 -0.22949999999924897
3464 0.0005 -0.22999999999925036
3465 0.0005 -0.23049999999925164
3466 0.0005 -0.23099999999925303
3467 0.0005 -0.2314999999992544
3468 0.0005 -0.2319999999992558
3469 0.0005 -0.2324999999992573
3470 0.0005 -0.2329999999992587
3471 0.0005 -0.23349999999925997
3472 0.0005 -0.23399999999926135
3473 0.0005 -0.23449999999926274
3474 0.0005 -0.23499999999926424
3475 0.0005 -0.23549999999926563
3476 0.0005 -0.2359999999992669
3477 0.0005 -0.2364999999992683
3478 0.0005 -0.23699999999926968
3479 0.0005 -0.23749999999927107
3480 0.0005 -0.23799999999927257
3481 0.0005 -0.23849999999927396
3482 0.0005 -0.23899999999927524
3483 0.0005 -0.23949999999927662
3484 0.0005 -0.239999999999278
3485 0.0005 -0.2404999999992795
3486 0.0005 -0.2409999999992809
3487 0.0005 -0.24149999999928218
3488 0.0005 -0.24199999999928357
3489 0.0005 -0.24249999999928495
3490 0.0005 -0.24299999999928634
3491 0.0005 -0.24349999999928784
3492 0.0005 -0.24399999999928923
3493 0.0005 -0.2444999999992905
3494 0.0005 -0.2449999999992919
3495 0.0005 -0.24549999999929328
3496 0.0005 -0.24599999999929478
3497 0.0005 -0.24649999999929617
3498 0.0005 -0.24699999999929756
3499 0.0005 -0.24749999999929884
3500 0.0005 -0.24799999999930022
3501 0.0005 -0.2484999999993016
3502 0.0005 -0.2489999999993031
3503 0.0005 -0.2494999999993045
3504 0.0005 -0.24999999999930578
3505 0.0005 -0.25049999999930717
3506 0.0005 -0.25099999999930855
3507 0.0005 -0.25149999999931005
3508 0.0005 -0.25199999999931144
3509 0.0005 -0.25249999999931283
3510 0.0005 -0.2529999999993141
3511 0.0005 -0.2534999999993155
3512 0.0005 -0.2539999999993169
3513 0.0005 -0.2544999999993184
3514 0.0005 -0.25499999999931977
3515 0.0005 -0.25549999999932105
3516 0.0005 -0.25599999999932244
3517 0.0005 -0.2564999999993238
3518 0.0005 -0.2569999999993253
3519 0.0005 -0.2574999999993267
3520 0.0005 -0.2579999999993281
3521 0.0005 -0.2584999999993294
3522 0.0005 -0.25899999999933077
3523 0.0005 -0.25949999999933215
3524 0.0005 -0.25999999999933365
3525 0.0005 -0.26049999999933504
3526 0.0005 -0.26099999999933643
3527 0.0005 -0.2614999999993377
3528 0.0005 -0.2619999999993391
3529 0.0005 -0.2624999999993406
3530 0.0005 -0.262999999999342
3531 0.0005 -0.26349999999934337
3532 0.0005 -0.26399999999934465
3533 0.0005 -0.26449999999934604
3534 0.0005 -0.2649999999993474
3535 0.0005 -0.2654999999993489
3536 0.0005 -0.2659999999993503
3537 0.0005 -0.2664999999993517
3538 0.0005 -0.266999999999353
3539 0.0005 -0.26749999999935437
3540 0.0005 -0.26799999999935586
3541 0.0005 -0.26849999999935725
3542 0.0005 -0.26899999999935864
3543 0.0005 -0.2694999999993599
3544 0.0005 -0.2699999999993613
3545 0.0005 -0.2704999999993627
3546 0.0005 -0.2709999999993642
3547 0.0005 -0.2714999999993656
3548 0.0005 -0.27199999999936697
3549 0.0005 -0.27249999999936825
3550 0.0005 -0.27299999999936964
3551 0.0005 -0.273499999999371
3552 0.0005 -0.2739999999993725
3553 0.0005 -0.2744999999993739
3554 0.0005 -0.2749999999993753
3555 0.0005 -0.2754999999993766
3556 0.0005 -0.27599999999937797
3557 0.0005 -0.27649999999937946
3558 0.0005 -0.27699999999938085
3559 0.0005 -0.27749999999938224
3560 0.0005 -0.2779999999993835
3561 0.0005 -0.2784999999993849
3562 0.0005 -0.2789999999993863
3563 0.0005 -0.2794999999993878
3564 0.0005 -0.2799999999993892
3565 0.0005 -0.28049999999939057
3566 0.0005 -0.28099999999939185
3567 0.0005 -0.28149999999939324
3568 0.0005 -0.28199999999939473
3569 0.0005 -0.2824999999993961
3570 0.0005 -0.2829999999993975
3571 0.0005 -0.2834999999993988
3572 0.0005 -0.2839999999994002
3573 0.0005 -0.28449999999940156
3574 0.0005 -0.28499999999940306
3575 0.0005 -0.28549999999940445
3576 0.0005 -0.28599999999940584
3577 0.0005 -0.2864999999994071
3578 0.0005 -0.2869999999994085
3579 0.0005 -0.28749999999941
3580 0.0005 -0.2879999999994114
3581 0.0005 -0.2884999999994128
3582 0.0005 -0.28899999999941417
3583 0.0005 -0.28949999999941545
3584 0.0005 -0.28999999999941684
3585 0.0005 -0.29049999999941833
3586 0.0005 -0.2909999999994197
3587 0.0005 -0.2914999999994211
3588 0.0005 -0.2919999999994224
3589 0.0005 -0.2924999999994238
3590 0.0005 -0.2929999999994253
3591 0.0005 -0.29349999999942666
3592 0.0005 -0.29399999999942805
3593 0.0005 -0.29449999999942944
3594 0.0005 -0.2949999999994307
3595 0.0005 -0.2954999999994321
3596 0.0005 -0.2959999999994336
3597 0.0005 -0.296499999999435
3598 0.0005 -0.2969999999994364
3599 0.0005 -0.29749999999943766
3600 0.0005 -0.29799999999943905
3601 0.0005 -0.29849999999944055
3602 0.0005 -0.29899999999944193
3603 0.0005 -0.2994999999994433
3604 0.0005 -0.2999999999994447
3605 0.0005 -0.300499999999446
3606 0.0005 -0.3009999999994474
3607 0.0005 -0.3014999999994489
3608 0.0005 -0.30199999999945026
3609 0.0005 -0.30249999999945165
3610 0.0005 -0.30299999999945293
3611 0.0005 -0.3034999999994543
3612 0.0005 -0.3039999999994558
3613 0.0005 -0.3044999999994572
3614 0.0005 -0.3049999999994586
3615 0.0005 -0.30549999999946
3616 0.0005 -0.30599999999946126
3617 0.0005 -0.30649999999946265
3618 0.0005 -0.30699999999946415
3619 0.0005 -0.30749999999946553
3620 0.0005 -0.3079999999994669
3621 0.0005 -0.3084999999994683
3622 0.0005 -0.3089999999994696
3623 0.0005 -0.309499999999471
3624 0.0005 -0.3099999999994725
3625 0.0005 -0.31049999999947386
3626 0.0005 -0.31099999999947525
3627 0.0005 -0.31149999999947653
3628 0.0005 -0.3119999999994779
3629 0.0005 -0.3124999999994794
3630 0.0005 -0.3129999999994808
3631 0.0005 -0.3134999999994822
3632 0.0005 -0.3139999999994836
3633 0.0005 -0.31449999999948486
3634 0.0005 -0.31499999999948625
3635 0.0005 -0.31549999999948775
3636 0.0005 -0.31599999999948913
3637 0.0005 -0.3164999999994905
3638 0.0005 -0.3169999999994918
3639 0.0005 -0.3174999999994932
3640 0.0005 -0.3179999999994947
3641 0.0005 -0.3184999999994961
3642 0.0005 -0.31899999999949746
3643 0.0005 -0.31949999999949885
3644 0.0005 -0.31999999999950013
3645 0.0005 -0.3204999999995015
3646 0.0005 -0.320999999999503
3647 0.0005 -0.3214999999995044
3648 0.0005 -0.3219999999995058
3649 0.0005 -0.3224999999995072
3650 0.0005 -0.32299999999950846
3651 0.0005 -0.32349999999950996
3652 0.0005 -0.32399999999951135
3653 0.0005 -0.32449999999951273
3654 0.0005 -0.3249999999995141
3655 0.0005 -0.3254999999995154
3656 0.0005 -0.3259999999995168
3657 0.0005 -0.3264999999995183
3658 0.0005 -0.3269999999995197
3659 0.0005 -0.32749999999952106
3660 0.0005 -0.32799999999952245
3661 0.0005 -0.32849999999952373
3662 0.0005 -0.32899999999952523
3663 0.0005 -0.3294999999995266
3664 0.0005 -0.329999999999528
3665 0.0005 -0.3304999999995294
3666 0.0005 -0.33099999999953067
3667 0.0005 -0.33149999999953206
3668 0.0005 -0.33199999999953356
3669 0.0005 -0.33249999999953495
3670 0.0005 -0.33299999999953633
3671 0.0005 -0.3334999999995377
3672 0.0005 -0.333999999999539
3673 0.0005 -0.3344999999995405
3674 0.0005 -0.3349999999995419
3675 0.0005 -0.3354999999995433
3676 0.0005 -0.33599999999954466
3677 0.0005 -0.33649999999954605
3678 0.0005 -0.33699999999954733
3679 0.0005 -0.3374999999995488
3680 0.0005 -0.3379999999995502
3681 0.0005 -0.3384999999995516
3682 0.0005 -0.338999999999553
3683 0.0005 -0.33949999999955427
3684 0.0005 -0.33999999999955577
3685 0.0005 -0.34049999999955716
3686 0.0005 -0.34099999999955855
3687 0.0005 -0.34149999999955993
3688 0.0005 -0.3419999999995613
3689 0.0005 -0.3424999999995626
3690 0.0005 -0.3429999999995641
3691 0.0005 -0.3434999999995655
3692 0.0005 -0.3439999999995669
3693 0.0005 -0.34449999999956826
3694 0.0005 -0.34499999999956954
3695 0.0005 -0.34549999999957104
3696 0.0005 -0.3459999999995724
3697 0.0005 -0.3464999999995738
3698 0.0005 -0.3469999999995752
3699 0.0005 -0.3474999999995766
3700 0.0005 -0.34799999999957787
3701 0.0005 -0.34849999999957937
3702 0.0005 -0.34899999999958076
3703 0.0005 -0.34949999999958214
3704 0.0005 -0.34999999999958353
3705 0.0005 -0.3504999999995848
3706 0.0005 -0.3509999999995862
3707 0.0005 -0.3514999999995877
3708 0.0005 -0.3519999999995891
3709 0.0005 -0.3524999999995905
3710 0.0005 -0.35299999999959186
3711 0.0005 -0.35349999999959314
3712 0.0005 -0.35399999999959464
3713 0.0005 -0.354499999999596
3714 0.0005 -0.3549999999995974
3715 0.0005 -0.3554999999995988
3716 0.0005 -0.3559999999996002
3717 0.0005 -0.35649999999960147
3718 0.0005 -0.35699999999960297
3719 0.0005 -0.35749999999960436
3720 0.0005 -0.35799999999960574
3721 0.0005 -0.35849999999960713
3722 0.0005 -0.3589999999996084
3723 0.0005 -0.3594999999996099
3724 0.0005 -0.3599999999996113
3725 0.0005 -0.3604999999996127
3726 0.0005 -0.3609999999996141
3727 0.0005 -0.36149999999961546
3728 0.0005 -0.36199999999961674
3729 0.0005 -0.36249999999961824
3730 0.0005 -0.3629999999996196
3731 0.0005 -0.363499999999621
3732 0.0005 -0.3639999999996224
3733 0.0005 -0.3644999999996237
3734 0.0005 -0.3649999999996252
3735 0.0005 -0.36549999999962657
3736 0.0005 -0.36599999999962796
3737 0.0005 -0.36649999999962934
3738 0.0005 -0.36699999999963073
3739 0.0005 -0.367499999999632
3740 0.0005 -0.3679999999996335
3741 0.0005 -0.3684999999996349
3742 0.0005 -0.3689999999996363
3743 0.0005 -0.3694999999996377
3744 0.0005 -0.36999999999963906
3745 0.0005 -0.37049999999964045
3746 0.0005 -0.37099999999964184
3747 0.0005 -0.3714999999996432
3748 0.0005 -0.3719999999996446
3749 0.0005 -0.372499999999646
3750 0.0005 -0.3729999999996473
3751 0.0005 -0.3734999999996488
3752 0.0005 -0.37399999999965017
3753 0.0005 -0.37449999999965156
3754 0.0005 -0.37499999999965294
3755 0.0005 -0.37549999999965433
3756 0.0005 -0.3759999999996557
3757 0.0005 -0.3764999999996571
3758 0.0005 -0.3769999999996585
3759 0.0005 -0.3774999999996599
3760 0.0005 -0.3779999999996613
3761 0.0005 -0.37849999999966255
3762 0.0005 -0.37899999999966405
3763 0.0005 -0.37949999999966544
3764 0.0005 -0.3799999999996668
3765 0.0005 -0.3804999999996682
3766 0.0005 -0.3809999999996696
3767 0.0005 -0.381499999999671
3768 0.0005 -0.3819999999996724
3769 0.0005 -0.38249999999967377
3770 0.0005 -0.38299999999967516
3771 0.0005 -0.38349999999967654
3772 0.0005 -0.38399999999967793
3773 0.0005 -0.3844999999996793
3774 0.0005 -0.3849999999996807
3775 0.0005 -0.3854999999996821
3776 0.0005 -0.3859999999996835
3777 0.0005 -0.3864999999996849
3778 0.0005 -0.38699999999968615
3779 0.0005 -0.38749999999968765
3780 0.0005 -0.38799999999968904
3781 0.0005 -0.3884999999996904
3782 0.0005 -0.3889999999996918
3783 0.0005 -0.3894999999996932
3784 0.0005 -0.3899999999996946
3785 0.0005 -0.390499999999696
3786 0.0005 -0.39099999999969737
3787 0.0005 -0.39149999999969876
3788 0.0005 -0.39199999999970014
3789 0.0005 -0.3924999999997014
3790 0.0005 -0.3929999999997029
3791 0.0005 -0.3934999999997043
3792 0.0005 -0.3939999999997057
3793 0.0005 -0.3944999999997071
3794 0.0005 -0.3949999999997085
3795 0.0005 -0.39549999999970986
3796 0.0005 -0.39599999999971125
3797 0.0005 -0.39649999999971264
3798 0.0005 -0.396999999999714
3799 0.0005 -0.3974999999997154
3800 0.0005 -0.3979999999997167
3801 0.0005 -0.3984999999997182
3802 0.0005 -0.3989999999997196
3803 0.0005 -0.39949999999972097
3804 0.0005 -0.39999999999972236
3805 0.0005 -0.40049999999972374
3806 0.0005 -0.40099999999972513
3807 0.0005 -0.4014999999997265
3808 0.0005 -0.4019999999997279
3809 0.0005 -0.4024999999997293
3810 0.0005 -0.4029999999997307
3811 0.0005 -0.4034999999997321
3812 0.0005 -0.40399999999973346
3813 0.0005 -0.40449999999973485
3814 0.0005 -0.40499999999973624
3815 0.0005 -0.4054999999997376
3816 0.0005 -0.405999999999739
3817 0.0005 -0.4064999999997404
3818 0.0005 -0.4069999999997418
3819 0.0005 -0.4074999999997432
3820 0.0005 -0.40799999999974457
3821 0.0005 -0.40849999999974596
3822 0.0005 -0.40899999999974734
3823 0.0005 -0.40949999999974873
3824 0.0005 -0.4099999999997501
3825 0.0005 -0.4104999999997515
3826 0.0005 -0.4109999999997529
3827 0.0005 -0.4114999999997543
3828 0.0005 -0.4119999999997558
3829 0.0005 -0.41249999999975706
3830 0.0005 -0.41299999999975845
3831 0.0005 -0.41349999999975984
3832 0.0005 -0.4139999999997612
3833 0.0005 -0.4144999999997626
3834 0.0005 -0.414999999999764
3835 0.0005 -0.4154999999997654
3836 0.0005 -0.4159999999997668
3837 0.0005 -0.41649999999976817
3838 0.0005 -0.41699999999976956
3839 0.0005 -0.41749999999977105
3840 0.0005 -0.41799999999977233
3841 0.0005 -0.4184999999997737
3842 0.0005 -0.4189999999997751
3843 0.0005 -0.4194999999997765
3844 0.0005 -0.4199999999997779
3845 0.0005 -0.4204999999997793
3846 0.0005 -0.42099999999978066
3847 0.0005 -0.42149999999978205
3848 0.0005 -0.42199999999978344
3849 0.0005 -0.4224999999997848
3850 0.0005 -0.4229999999997863
3851 0.0005 -0.4234999999997876
3852 0.0005 -0.423999999999789
3853 0.0005 -0.4244999999997904
3854 0.0005 -0.42499999999979177
3855 0.0005 -0.42549999999979315
3856 0.0005 -0.42599999999979454
3857 0.0005 -0.42649999999979593
3858 0.0005 -0.4269999999997973
3859 0.0005 -0.4274999999997987
3860 0.0005 -0.4279999999998001
3861 0.0005 -0.4284999999998015
3862 0.0005 -0.4289999999998029
3863 0.0005 -0.42949999999980426
3864 0.0005 -0.42999999999980565
3865 0.0005 -0.43049999999980704
3866 0.0005 -0.4309999999998084
3867 0.0005 -0.4314999999998099
3868 0.0005 -0.4319999999998112
3869 0.0005 -0.4324999999998126
3870 0.0005 -0.432999999999814
3871 0.0005 -0.43349999999981537
3872 0.0005 -0.43399999999981675
3873 0.0005 -0.43449999999981814
3874 0.0005 -0.43499999999981953
3875 0.0005 -0.4354999999998209
3876 0.0005 -0.4359999999998223
3877 0.0005 -0.4364999999998237
3878 0.0005 -0.4369999999998252
3879 0.0005 -0.43749999999982647
3880 0.0005 -0.43799999999982786
3881 0.0005 -0.43849999999982925
3882 0.0005 -0.43899999999983064
3883 0.0005 -0.439499999999832
3884 0.0005 -0.4399999999998334
3885 0.0005 -0.4404999999998348
3886 0.0005 -0.4409999999998362
3887 0.0005 -0.4414999999998376
3888 0.0005 -0.44199999999983897
3889 0.0005 -0.44249999999984047
3890 0.0005 -0.44299999999984174
3891 0.0005 -0.44349999999984313
3892 0.0005 -0.4439999999998445
3893 0.0005 -0.4444999999998459
3894 0.0005 -0.4449999999998473
3895 0.0005 -0.4454999999998488
3896 0.0005 -0.44599999999985007
3897 0.0005 -0.44649999999985146
3898 0.0005 -0.44699999999985285
3899 0.0005 -0.44749999999985424
3900 0.0005 -0.44799999999985574
3901 0.0005 -0.448499999999857
3902 0.0005 -0.4489999999998584
3903 0.0005 -0.4494999999998598
3904 0.0005 -0.4499999999998612
3905 0.0005 -0.45049999999986257
3906 0.0005 -0.45099999999986407
3907 0.0005 -0.45149999999986534
3908 0.0005 -0.45199999999986673
3909 0.0005 -0.4524999999998681
3910 0.0005 -0.4529999999998695
3911 0.0005 -0.453499999999871
3912 0.0005 -0.4539999999998723
3913 0.0005 -0.45449999999987367
3914 0.0005 -0.45499999999987506
3915 0.0005 -0.45549999999987645
3916 0.0005 -0.45599999999987784
3917 0.0005 -0.45649999999987934
3918 0.0005 -0.4569999999998806
3919 0.0005 -0.457499999999882
3920 0.0005 -0.4579999999998834
3921 0.0005 -0.4584999999998848
3922 0.0005 -0.4589999999998863
3923 0.0005 -0.45949999999988766
3924 0.0005 -0.45999999999988894
3925 0.0005 -0.46049999999989033
3926 0.0005 -0.4609999999998917
3927 0.0005 -0.4614999999998931
3928 0.0005 -0.4619999999998946
3929 0.0005 -0.4624999999998959
3930 0.0005 -0.46299999999989727
3931 0.0005 -0.46349999999989866
3932 0.0005 -0.46399999999990005
3933 0.0005 -0.46449999999990155
3934 0.0005 -0.46499999999990294
3935 0.0005 -0.4654999999999042
3936 0.0005 -0.4659999999999056
3937 0.0005 -0.466499999999907
3938 0.0005 -0.4669999999999084
3939 0.0005 -0.4674999999999099
3940 0.0005 -0.46799999999991115
3941 0.0005 -0.46849999999991254
3942 0.0005 -0.46899999999991393
3943 0.0005 -0.4694999999999153
3944 0.0005 -0.4699999999999167
3945 0.0005 -0.4704999999999182
3946 0.0005 -0.4709999999999195
3947 0.0005 -0.47149999999992087
3948 0.0005 -0.47199999999992226
3949 0.0005 -0.47249999999992365
3950 0.0005 -0.47299999999992515
3951 0.0005 -0.4734999999999264
3952 0.0005 -0.4739999999999278
3953 0.0005 -0.4744999999999292
3954 0.0005 -0.4749999999999306
3955 0.0005 -0.475499999999932
3956 0.0005 -0.4759999999999335
3957 0.0005 -0.47649999999993475
3958 0.0005 -0.47699999999993614
3959 0.0005 -0.47749999999993753
3960 0.0005 -0.4779999999999389
3961 0.0005 -0.4784999999999404
3962 0.0005 -0.4789999999999418
3963 0.0005 -0.4794999999999431
3964 0.0005 -0.47999999999994447
3965 0.0005 -0.48049999999994586
3966 0.0005 -0.48099999999994725
3967 0.0005 -0.48149999999994875
3968 0.0005 -0.48199999999995
3969 0.0005 -0.4824999999999514
3970 0.0005 -0.4829999999999528
3971 0.0005 -0.4834999999999542
3972 0.0005 -0.4839999999999557
3973 0.0005 -0.4844999999999571
3974 0.0005 -0.48499999999995835
3975 0.0005 -0.48549999999995974
3976 0.0005 -0.48599999999996113
3977 0.0005 -0.4864999999999625
3978 0.0005 -0.486999999999964
3979 0.0005 -0.4874999999999653
3980 0.0005 -0.4879999999999667
3981 0.0005 -0.48849999999996807
3982 0.0005 -0.48899999999996946
3983 0.0005 -0.48949999999997096
3984 0.0005 -0.48999999999997235
3985 0.0005 -0.4904999999999736
3986 0.0005 -0.490999999999975
3987 0.0005 -0.4914999999999764
3988 0.0005 -0.4919999999999778
3989 0.0005 -0.4924999999999793
3990 0.0005 -0.4929999999999807
3991 0.0005 -0.49349999999998195
3992 0.0005 -0.49399999999998334
3993 0.0005 -0.49449999999998473
3994 0.0005 -0.49499999999998623
3995 0.0005 -0.4954999999999876
3996 0.0005 -0.4959999999999889
3997 0.0005 -0.4964999999999903
3998 0.0005 -0.49699999999999167
3999 0.0005 -0.49749999999999306
4000 0.0005 -0.49799999999999456
4001 0.0005 -0.49849999999999595
4002 0.0005 -0.4989999999999972
4003 0.0005 -0.4994999999999986
4004 1.2809848667916235e-15 -0.5
4005 -3.944587101737119e-06 -0.49934852611887715
4006 7.893102031393395e-06 0.49916733209095726
4007 3.7350851206779934e-07 -0.4984497938213339
4008 5.554139167095245e-07 0.49802616210145373
4009 -1.567576579869926e-07 0.4970229797363229
4010 1.6883333836287696e-07 -0.4974768016839213
4011 3.5550381845373216e-08 -0.4964770507812502
4012 -3.5550381845368855e-08 0.49602294921875023
4013 -3.1656760360248095e-07 -0.4954770507812502
4014 3.165676036024679e-07 0.4950229492187502
4015 -3.4389575193698673e-07 -0.4944770507812503
4016 3.4389575193697995e-07 0.4940229492187504
4017 -3.443046247590339e-07 -0.49347705078125054
4018 3.4430462475903636e-07 0.4930229492187506
4019 -3.4430462480076216e-07 -0.4924770507812507
4020 3.443046248007439e-07 0.4920229492187507
4021 -3.4430462483593096e-07 -0.49147705078125065
4022 3.44304624835924e-07 0.4910229492187506
4023 3.443046248846891e-07 0.49002294921875084
4024 -3.4430462488469296e-07 -0.49047705078125076
4025 -3.443046248920384e-07 -0.4894770507812511
4026 3.443046248920332e-07 0.48902294921875106
4027 -3.443046248370694e-07 -0.4884770507812512
4028 3.443046248370632e-07 0.4880229492187511
4029 3.443046247879338e-07 0.48702294921875083
4030 -3.4430462478791436e-07 -0.487477050781251
4031 -3.443046248887316e-07 -0.48647705078125086
4032 3.4430462488871456e-07 0.4860229492187509
4033 -3.4430462497767684e-07 -0.48547705078125075
4034 3.44304624977682e-07 0.4850229492187509
4035 -3.443046249573345e-07 -0.4844770507812511
4036 3.443046249573402e-07 0.48402294921875094
4037 -3.443046250040636e-07 -0.4834770507812511
4038 3.4430462500404683e-07 0.48302294921875094
4039 -3.443046250369556e-07 -0.48247705078125086
4040 3.4430462503697116e-07 0.4820229492187509
4041 -3.443046250623124e-07 -0.48147705078125097
4042 3.44304625062365e-07 0.4810229492187511
4043 -3.443046250976438e-07 -0.4804770507812513
4044 3.443046250989529e-07 0.4800229492187512
4045 -3.4430462516287213e-07 -0.4794770507812514
4046 3.443046251714054e-07 0.47902294921875144
4047 -3.443046252994816e-07 -0.4784770507812516
4048 3.4430462532014465e-07 0.47802294921875155
4049 3.443046253095549e-07 0.4770229492187516
4050 -3.4430462529286797e-07 -0.4774770507812515
4051 -3.4430462522601335e-07 -0.47647705078125163
4052 3.4430462522948873e-07 0.4760229492187516
4053 -3.443046252344566e-07 -0.4754770507812518
4054 3.443046252346056e-07 0.47502294921875177
4055 -3.443046253080739e-07 -0.47447705078125185
4056 3.4430462530810154e-07 0.4740229492187519
4057 -3.4430462534539756e-07 -0.47347705078125196
4058 3.443046253453899e-07 0.47302294921875193
4059 -3.443046252748702e-07 -0.47247705078125196
4060 3.4430462527487106e-07 0.4720229492187519
4061 -3.4430462528470935e-07 -0.47147705078125207
4062 3.4430462528472163e-07 0.47102294921875193
4063 -3.443046252591222e-07 -0.4704770507812519
4064 3.4430462525909825e-07 0.4700229492187519
4065 -3.4430462521654014e-07 -0.469477050781252
4066 3.443046252165373e-07 0.46902294921875204
4067 3.443046253102443e-07 0.468022949218752
4068 -3.4430462531025586e-07 -0.4684770507812521
4069 3.4430462532979104e-07 0.4670229492187521
4070 -3.4430462532978505e-07 -0.4674770507812521
4071 3.4430462535725846e-07 0.4660229492187523
4072 -3.44304625357256e-07 -0.4664770507812524
4073 -3.443046254471093e-07 -0.46547705078125245
4074 3.443046254470998e-07 0.4650229492187525
4075 3.4430462548888886e-07 0.4640229492187525
4076 -3.443046254888917e-07 -0.4644770507812525
4077 -3.4430462544931834e-07 -0.46347705078125245
4078 3.4430462544930394e-07 0.46302294921875237
4079 -3.443046254797031e-07 -0.46247705078125273
4080 3.4430462547968654e-07 0.46202294921875275
4081 -3.443046255852231e-07 -0.46147705078125284
4082 3.443046255852303e-07 0.4610229492187528
4083 -3.4430462559405933e-07 -0.4604770507812529
4084 3.443046255940662e-07 0.4600229492187529
4085 -3.443046255958618e-07 -0.45947705078125306
4086 3.443046255958689e-07 0.459022949218753
4087 -3.443046256109729e-07 -0.45847705078125267
4088 3.443046256109577e-07 0.45802294921875264
4089 -3.443046256714036e-07 -0.45747705078125267
4090 3.443046256714123e-07 0.4570229492187526
4091 -3.443046257877927e-07 -0.45647705078125295
4092 3.4430462578778424e-07 0.45602294921875286
4093 -3.443046258857097e-07 -0.4554770507812531
4094 3.4430462588570765e-07 0.455022949218753
4095 -3.443046259718225e-07 -0.4544770507812534
4096 3.443046259718197e-07 0.4540229492187533
4097 -3.4430462595050435e-07 -0.45347705078125344
4098 3.443046259505229e-07 0.45302294921875347
4099 -3.443046258975953e-07 -0.45247705078125344
4100 3.4430462589759115e-07 0.45202294921875336
4101 3.443046259028381e-07 0.4510229492187532
4102 -3.443046259028401e-07 -0.45147705078125333
4103 3.443046259412096e-07 0.45002294921875335
4104 -3.4430462594122087e-07 -0.45047705078125333
4105 3.443046260015263e-07 0.4490229492187535
4106 -3.4430462600154317e-07 -0.44947705078125344
4107 3.443046260377995e-07 0.44802294921875335
4108 -3.443046260377962e-07 -0.44847705078125333
4109 -3.443046260484891e-07 -0.4474770507812536
4110 3.443046260484922e-07 0.44702294921875363
4111 -3.4430462603734894e-07 -0.44647705078125377
4112 3.4430462603734847e-07 0.44602294921875385
4113 -3.4430462604188904e-07 -0.4454770507812536
4114 3.4430462604188195e-07 0.44502294921875357
4115 3.4430462602740123e-07 0.4440229492187535
4116 -3.4430462602741494e-07 -0.4444770507812536
4117 -3.443046260495191e-07 -0.4434770507812539
4118 3.443046260495274e-07 0.44302294921875374
4119 -3.4430462609013604e-07 -0.442477050781254
4120 3.443046260901214e-07 0.442022949218754
4121 -3.4430462613410043e-07 -0.4414770507812542
4122 3.443046261341031e-07 0.4410229492187543
4123 3.4430462614663483e-07 0.44002294921875434
4124 -3.443046261466365e-07 -0.4404770507812543
4125 3.4430462610024797e-07 0.43902294921875434
4126 -3.4430462610023267e-07 -0.4394770507812543
4127 -3.4430462619564246e-07 -0.43847705078125443
4128 3.4430462619565347e-07 0.43802294921875445
4129 -3.4430462631463365e-07 -0.4374770507812543
4130 3.4430462631462957e-07 0.4370229492187544
4131 -3.443046263917611e-07 -0.43647705078125454
4132 3.4430462639175245e-07 0.4360229492187545
4133 -3.443046264538723e-07 -0.43547705078125476
4134 3.4430462645386596e-07 0.4350229492187546
4135 -3.4430462644578145e-07 -0.43447705078125487
4136 3.4430462644576584e-07 0.43402294921875484
4137 -3.4430462636099684e-07 -0.43347705078125465
4138 3.4430462636100404e-07 0.43302294921875467
4139 -3.443046264003263e-07 -0.4324770507812548
4140 3.443046264003266e-07 0.4320229492187548
4141 -3.443046265855351e-07 -0.4314770507812549
4142 3.4430462658553787e-07 0.43102294921875484
4143 -3.4430462663902694e-07 -0.4304770507812548
4144 3.443046266390345e-07 0.43002294921875484
4145 -3.443046266045222e-07 -0.4294770507812549
4146 3.4430462660451236e-07 0.42902294921875495
4147 3.443046265929761e-07 0.4280229492187551
4148 -3.4430462659297545e-07 -0.42847705078125525
4149 -3.4430462663180344e-07 -0.42747705078125525
4150 3.4430462663181107e-07 0.42702294921875517
4151 -3.4430462658667353e-07 -0.42647705078125525
4152 3.4430462658666495e-07 0.42602294921875533
4153 -3.4430462659496767e-07 -0.4254770507812555
4154 3.443046265949716e-07 0.42502294921875544
4155 -3.443046266451256e-07 -0.4244770507812553
4156 3.4430462664511594e-07 0.4240229492187552
4157 -3.4430462665360946e-07 -0.4234770507812555
4158 3.4430462665360565e-07 0.42302294921875544
4159 -3.4430462673970866e-07 -0.42247705078125547
4160 3.4430462673968696e-07 0.4220229492187554
4161 -3.443046267780081e-07 -0.42147705078125536
4162 3.4430462677801557e-07 0.42102294921875555
4163 -3.4430462674473665e-07 -0.42047705078125536
4164 3.443046267447278e-07 0.4200229492187554
4165 -3.4430462668670473e-07 -0.4194770507812555
4166 3.443046266867087e-07 0.4190229492187554
4167 -3.443046267573405e-07 -0.4184770507812556
4168 3.4430462675733055e-07 0.41802294921875566
4169 -3.443046268776734e-07 -0.4174770507812558
4170 3.443046268776709e-07 0.4170229492187559
4171 -3.443046268842599e-07 -0.4164770507812558
4172 3.443046268842257e-07 0.4160229492187558
4173 -3.4430462691719256e-07 -0.4154770507812561
4174 3.4430462691719605e-07 0.415022949218756
4175 -3.443046269218004e-07 -0.41447705078125613
4176 3.4430462692179925e-07 0.41402294921875615
4177 -3.443046268808176e-07 -0.4134770507812561
4178 3.4430462688081715e-07 0.41302294921875626
4179 -3.4430462689572536e-07 -0.41247705078125607
4180 3.443046268957122e-07 0.4120229492187561
4181 -3.443046269478077e-07 -0.41147705078125646
4182 3.4430462694781815e-07 0.41102294921875643
4183 -3.4430462700498583e-07 -0.4104770507812564
4184 3.443046270049728e-07 0.4100229492187565
4185 3.4430462702300307e-07 0.4090229492187565
4186 -3.4430462702299714e-07 -0.4094770507812564
4187 -3.443046270556452e-07 -0.40847705078125646
4188 3.443046270556536e-07 0.4080229492187564
4189 3.4430462716129305e-07 0.40702294921875676
4190 -3.443046271613007e-07 -0.4074770507812568
4191 -3.4430462723299355e-07 -0.40647705078125695
4192 3.4430462723278e-07 0.40602294921875687
4193 -3.4430462729131007e-07 -0.4054770507812572
4194 3.4430462728675875e-07 0.40502294921875726
4195 3.4430462739217227e-07 0.40402294921875714
4196 -3.4430462742201064e-07 -0.40447705078125706
4197 -3.4430462739894424e-07 -0.40347705078125695
4198 3.4430462732728885e-07 0.4030229492187569
4199 -3.443046273108799e-07 -0.4024770507812569
4200 3.443046272532321e-07 0.402022949218757
4201 -3.443046273704297e-07 -0.4014770507812571
4202 3.443046273583717e-07 0.4010229492187572
4203 -3.443046274618686e-07 -0.40047705078125734
4204 3.4430462746128756e-07 0.4000229492187573
4205 3.4430462741359495e-07 0.3990229492187572
4206 -3.4430462741362163e-07 -0.3994770507812572
4207 -3.443046273642633e-07 -0.3984770507812573
4208 3.4430462736427995e-07 0.3980229492187573
4209 -3.4430462739218153e-07 -0.3974770507812575
4210 3.44304627392186e-07 0.39702294921875747
4211 -3.443046274040942e-07 -0.3964770507812575
4212 3.443046274040987e-07 0.39602294921875747
4213 -3.443046274498611e-07 -0.3954770507812576
4214 3.443046274498529e-07 0.39502294921875764
4215 -3.4430462758141547e-07 -0.39447705078125767
4216 3.443046275814199e-07 0.39402294921875763
4217 -3.443046277047028e-07 -0.3934770507812577
4218 3.443046277047097e-07 0.39302294921875774
4219 -3.4430462763886463e-07 -0.3924770507812576
4220 3.443046276388488e-07 0.39202294921875763
4221 3.443046275944296e-07 0.39102294921875774
4222 -3.4430462759441234e-07 -0.3914770507812577
4223 -3.44304627686434e-07 -0.39047705078125794
4224 3.443046276864146e-07 0.3900229492187579
4225 -3.443046277744712e-07 -0.389477050781258
4226 3.4430462777445465e-07 0.389022949218758
4227 3.443046278031385e-07 0.3880229492187581
4228 -3.443046278031348e-07 -0.38847705078125805
4229 -3.4430462782073954e-07 -0.38747705078125827
4230 3.4430462782074156e-07 0.3870229492187582
4231 -3.4430462784078373e-07 -0.386477050781258
4232 3.443046278407959e-07 0.3860229492187579
4233 -3.4430462784143425e-07 -0.38547705078125805
4234 3.443046278414318e-07 0.3850229492187581
4235 -3.4430462784331805e-07 -0.3844770507812582
4236 3.4430462784332695e-07 0.38402294921875824
4237 -3.443046278497826e-07 -0.38347705078125843
4238 3.443046278497916e-07 0.38302294921875835
4239 -3.4430462796102175e-07 -0.38247705078125865
4240 3.4430462796102297e-07 0.38202294921875857
4241 -3.4430462803328383e-07 -0.3814770507812587
4242 3.443046280332867e-07 0.38102294921875873
4243 3.4430462792194447e-07 0.38002294921875857
4244 -3.443046279219498e-07 -0.38047705078125854
4245 -3.44304627877755e-07 -0.3794770507812587
4246 3.443046278777521e-07 0.3790229492187587
4247 -3.443046279880184e-07 -0.37847705078125876
4248 3.4430462798800843e-07 0.37802294921875873
4249 3.443046279986674e-07 0.37702294921875873
4250 -3.443046279986842e-07 -0.3774770507812587
4251 -3.443046279546656e-07 -0.37647705078125876
4252 3.443046279546552e-07 0.37602294921875873
4253 3.4430462800628995e-07 0.37502294921875895
4254 -3.4430462800630075e-07 -0.375477050781259
4255 -3.443046281370284e-07 -0.3744770507812591
4256 3.443046281370303e-07 0.37402294921875906
4257 3.4430462821108197e-07 0.3730229492187591
4258 -3.4430462821107943e-07 -0.373477050781259
4259 -3.4430462817947494e-07 -0.3724770507812591
4260 3.443046281794779e-07 0.3720229492187591
4261 -3.443046281606098e-07 -0.3714770507812592
4262 3.4430462816060924e-07 0.37102294921875917
4263 3.443046281380314e-07 0.37002294921875917
4264 -3.443046281380313e-07 -0.3704770507812592
4265 -3.443046282217995e-07 -0.36947705078125953
4266 3.443046282218064e-07 0.3690229492187596
4267 -3.443046282893317e-07 -0.36847705078125953
4268 3.443046282893369e-07 0.3680229492187595
4269 -3.44304628290565e-07 -0.36747705078125964
4270 3.443046282905613e-07 0.36702294921875966
4271 -3.443046283438129e-07 -0.36647705078125975
4272 3.4430462834378324e-07 0.36602294921875966
4273 3.443046283710785e-07 0.3650229492187596
4274 -3.443046283710941e-07 -0.3654770507812596
4275 3.4430462849674987e-07 0.36402294921875966
4276 -3.443046284967396e-07 -0.36447705078125964
4277 -3.4430462862684386e-07 -0.36347705078125986
4278 3.4430462862683126e-07 0.36302294921875994
4279 -3.4430462863115356e-07 -0.36247705078125997
4280 3.4430462863117553e-07 0.36202294921876005
4281 3.4430462853188903e-07 0.3610229492187601
4282 -3.443046285318813e-07 -0.3614770507812601
4283 3.443046283856948e-07 0.36002294921875994
4284 -3.443046283856902e-07 -0.36047705078125997
4285 3.4430462837012136e-07 0.35902294921876
4286 -3.443046283701319e-07 -0.3594770507812599
4287 -3.4430462850178114e-07 -0.3584770507812602
4288 3.443046285017722e-07 0.35802294921876027
4289 -3.443046286316279e-07 -0.3574770507812605
4290 3.443046286316437e-07 0.3570229492187605
4291 -3.443046287172121e-07 -0.3564770507812605
4292 3.443046287172039e-07 0.35602294921876043
4293 -3.44304628815739e-07 -0.3554770507812606
4294 3.4430462881574793e-07 0.3550229492187606
4295 -3.443046288774843e-07 -0.3544770507812606
4296 3.443046288774925e-07 0.35402294921876065
4297 -3.443046288651786e-07 -0.3534770507812606
4298 3.4430462886516997e-07 0.35302294921876065
4299 -3.443046288204688e-07 -0.3524770507812607
4300 3.4430462882044404e-07 0.35202294921876065
4301 -3.4430462879279455e-07 -0.3514770507812607
4302 3.4430462879274273e-07 0.3510229492187607
4303 -3.4430462878214227e-07 -0.3504770507812607
4304 3.4430462878215455e-07 0.3500229492187607
4305 -3.443046288073364e-07 -0.34947705078126073
4306 3.4430462880735145e-07 0.34902294921876076
4307 -3.4430462888791974e-07 -0.348477050781261
4308 3.443046288879402e-07 0.34802294921876104
4309 -3.443046289521587e-07 -0.3474770507812612
4310 3.4430462895215957e-07 0.3470229492187612
4311 -3.4430462898898094e-07 -0.34647705078126123
4312 3.4430462898899947e-07 0.34602294921876114
4313 -3.443046290280122e-07 -0.3454770507812611
4314 3.443046290280016e-07 0.34502294921876114
4315 -3.443046290454814e-07 -0.3444770507812611
4316 3.443046290454906e-07 0.3440229492187612
4317 3.443046290428803e-07 0.34302294921876114
4318 -3.4430462904287934e-07 -0.3434770507812613
4319 -3.443046290593592e-07 -0.34247705078126134
4320 3.4430462905933867e-07 0.3420229492187613
4321 -3.4430462909440605e-07 -0.3414770507812614
4322 3.443046290944059e-07 0.3410229492187614
4323 3.4430462911721204e-07 0.3400229492187615
4324 -3.443046291172014e-07 -0.3404770507812616
4325 -3.443046291514622e-07 -0.3394770507812618
4326 3.443046291514676e-07 0.3390229492187618
4327 3.4430462917661536e-07 0.33802294921876175
4328 -3.443046291766157e-07 -0.3384770507812618
4329 -3.4430462921159475e-07 -0.33747705078126183
4330 3.4430462921159893e-07 0.3370229492187619
4331 -3.443046292480375e-07 -0.3364770507812619
4332 3.4430462924802257e-07 0.33602294921876186
4333 -3.4430462927428874e-07 -0.33547705078126183
4334 3.4430462927428403e-07 0.3350229492187618
4335 -3.443046293329983e-07 -0.33447705078126194
4336 3.443046293329967e-07 0.3340229492187619
4337 3.443046293484609e-07 0.3330229492187619
4338 -3.4430462934847527e-07 -0.33347705078126194
4339 -3.4430462934996605e-07 -0.3324770507812621
4340 3.443046293499793e-07 0.3320229492187621
4341 -3.443046293750789e-07 -0.3314770507812621
4342 3.443046293750742e-07 0.331022949218762
4343 -3.443046293807032e-07 -0.3304770507812621
4344 3.4430462938071096e-07 0.3300229492187622
4345 -3.443046294347642e-07 -0.32947705078126244
4346 3.44304629434773e-07 0.32902294921876235
4347 -3.443046294610968e-07 -0.3284770507812624
4348 3.4430462946109217e-07 0.3280229492187624
4349 -3.4430462946087993e-07 -0.3274770507812624
4350 3.4430462946087686e-07 0.32702294921876246
4351 -3.443046295061454e-07 -0.32647705078126255
4352 3.443046295061455e-07 0.32602294921876257
4353 -3.4430462955694025e-07 -0.32547705078126266
4354 3.443046295569463e-07 0.32502294921876257
4355 -3.443046295678229e-07 -0.32447705078126265
4356 3.443046295678344e-07 0.32402294921876273
4357 -3.443046295684057e-07 -0.3234770507812626
4358 3.443046295684046e-07 0.32302294921876257
4359 -3.4430462958508884e-07 -0.3224770507812627
4360 3.443046295850934e-07 0.3220229492187627
4361 -3.443046296295818e-07 -0.32147705078126304
4362 3.4430462962956845e-07 0.3210229492187629
4363 3.443046296962563e-07 0.32002294921876306
4364 -3.4430462969624667e-07 -0.3204770507812631
4365 -3.443046297449951e-07 -0.3194770507812631
4366 3.4430462974500507e-07 0.3190229492187631
4367 -3.443046297834572e-07 -0.3184770507812631
4368 3.443046297834487e-07 0.3180229492187631
4369 -3.443046298333305e-07 -0.3174770507812631
4370 3.4430462983331736e-07 0.3170229492187631
4371 -3.4430462988874677e-07 -0.31647705078126326
4372 3.443046298887496e-07 0.3160229492187632
4373 -3.4430462987875856e-07 -0.3154770507812632
4374 3.4430462987874156e-07 0.3150229492187631
4375 -3.4430462986177724e-07 -0.3144770507812633
4376 3.44304629861795e-07 0.3140229492187633
4377 -3.443046298852502e-07 -0.31347705078126364
4378 3.4430462988524884e-07 0.3130229492187635
4379 -3.4430462993108486e-07 -0.31247705078126375
4380 3.4430462993107015e-07 0.3120229492187637
4381 -3.4430462997199994e-07 -0.31147705078126375
4382 3.4430462997201037e-07 0.3110229492187637
4383 -3.443046299644783e-07 -0.31047705078126375
4384 3.443046299644788e-07 0.3100229492187637
4385 -3.4430462997564557e-07 -0.3094770507812638
4386 3.4430462997565743e-07 0.3090229492187638
4387 3.4430463004399647e-07 0.3080229492187638
4388 -3.443046300440045e-07 -0.30847705078126386
4389 -3.4430463004682344e-07 -0.3074770507812638
4390 3.443046300468276e-07 0.3070229492187637
4391 -3.44304630041931e-07 -0.30647705078126397
4392 3.443046300419192e-07 0.30602294921876394
4393 -3.443046301122144e-07 -0.3054770507812642
4394 3.4430463011222296e-07 0.3050229492187641
4395 3.443046301710093e-07 0.3040229492187642
4396 -3.4430463017100525e-07 -0.3044770507812642
4397 -3.4430463020712274e-07 -0.30347705078126425
4398 3.443046302071189e-07 0.3030229492187642
4399 3.4430463023559734e-07 0.3020229492187644
4400 -3.4430463023561015e-07 -0.30247705078126436
4401 -3.443046302857545e-07 -0.30147705078126447
4402 3.4430463028573364e-07 0.3010229492187644
4403 3.443046303190049e-07 0.30002294921876455
4404 -3.443046303190124e-07 -0.3004770507812645
4405 -3.4430463028973894e-07 -0.29947705078126446
4406 3.4430463028974577e-07 0.2990229492187644
4407 -3.443046302849549e-07 -0.29847705078126446
4408 3.4430463028495665e-07 0.29802294921876443
4409 3.4430463034030406e-07 0.29702294921876454
4410 -3.4430463034028987e-07 -0.2974770507812646
4411 -3.443046304240445e-07 -0.29647705078126485
4412 3.4430463042402733e-07 0.29602294921876476
4413 -3.443046304444275e-07 -0.2954770507812648
4414 3.4430463044443437e-07 0.2950229492187648
4415 -3.443046304471922e-07 -0.294477050781265
4416 3.443046304471902e-07 0.294022949218765
4417 -3.44304630488934e-07 -0.2934770507812651
4418 3.443046304889325e-07 0.29302294921876515
4419 -3.4430463051723166e-07 -0.29247705078126507
4420 3.4430463051722626e-07 0.2920229492187651
4421 -3.443046305252412e-07 -0.2914770507812651
4422 3.44304630525253e-07 0.29102294921876515
4423 -3.4430463054158555e-07 -0.29047705078126523
4424 3.4430463054156173e-07 0.29002294921876526
4425 -3.443046306016097e-07 -0.28947705078126523
4426 3.443046306016084e-07 0.28902294921876526
4427 -3.4430463066462895e-07 -0.28847705078126545
4428 3.4430463066461285e-07 0.2880229492187654
4429 3.4430463068577004e-07 0.28702294921876537
4430 -3.44304630685798e-07 -0.28747705078126534
4431 -3.4430463067969936e-07 -0.28647705078126534
4432 3.4430463067970126e-07 0.2860229492187655
4433 -3.443046307317546e-07 -0.28547705078126545
4434 3.443046307317649e-07 0.2850229492187654
4435 -3.443046307687801e-07 -0.2844770507812655
4436 3.4430463076878446e-07 0.28402294921876553
4437 3.44304630758795e-07 0.28302294921876564
4438 -3.443046307587919e-07 -0.2834770507812656
4439 -3.443046307437486e-07 -0.28247705078126567
4440 3.4430463074373537e-07 0.28202294921876564
4441 -3.443046307222272e-07 -0.28147705078126567
4442 3.443046307222353e-07 0.2810229492187657
4443 3.443046308028388e-07 0.28002294921876597
4444 -3.443046308028376e-07 -0.280477050781266
4445 -3.443046309313698e-07 -0.279477050781266
4446 3.4430463093137895e-07 0.27902294921876597
4447 3.4430463094272135e-07 0.2780229492187661
4448 -3.443046309427268e-07 -0.278477050781266
4449 -3.4430463093286057e-07 -0.2774770507812661
4450 3.443046309328428e-07 0.2770229492187661
4451 -3.4430463096737885e-07 -0.2764770507812661
4452 3.443046309673824e-07 0.2760229492187661
4453 3.443046309713838e-07 0.2750229492187661
4454 -3.4430463097137685e-07 -0.2754770507812661
4455 3.443046309916748e-07 0.2740229492187663
4456 -3.443046309916921e-07 -0.27447705078126633
4457 -3.443046310509573e-07 -0.2734770507812664
4458 3.4430463105094866e-07 0.2730229492187664
4459 -3.443046310933225e-07 -0.27247705078126644
4460 3.443046310933204e-07 0.2720229492187665
4461 3.443046311361165e-07 0.2710229492187666
4462 -3.4430463113612137e-07 -0.27147705078126655
4463 3.443046311756163e-07 0.2700229492187667
4464 -3.4430463117564054e-07 -0.27047705078126666
4465 -3.443046311720762e-07 -0.2694770507812667
4466 3.4430463117207485e-07 0.26902294921876674
4467 -3.4430463113704294e-07 -0.2684770507812667
4468 3.4430463113704114e-07 0.2680229492187666
4469 -3.443046311441038e-07 -0.2674770507812667
4470 3.443046311441131e-07 0.2670229492187666
4471 -3.443046312489597e-07 -0.2664770507812668
4472 3.443046312489589e-07 0.26602294921876685
4473 -3.4430463130098786e-07 -0.2654770507812669
4474 3.4430463130099167e-07 0.2650229492187669
4475 -3.443046312700881e-07 -0.264477050781267
4476 3.4430463127008794e-07 0.26402294921876707
4477 -3.443046313214115e-07 -0.2634770507812672
4478 3.4430463132140337e-07 0.2630229492187673
4479 -3.4430463139631634e-07 -0.26247705078126726
4480 3.4430463139632433e-07 0.26202294921876723
4481 -3.443046314288966e-07 -0.2614770507812672
4482 3.443046314288984e-07 0.26102294921876723
4483 3.443046314431652e-07 0.2600229492187672
4484 -3.443046314431674e-07 -0.2604770507812672
4485 -3.443046314522883e-07 -0.25947705078126726
4486 3.443046314522914e-07 0.25902294921876723
4487 -3.443046314550259e-07 -0.25847705078126737
4488 3.443046314550138e-07 0.25802294921876745
4489 -3.4430463149222757e-07 -0.25747705078126765
4490 3.4430463149223043e-07 0.2570229492187676
4491 -3.4430463155269895e-07 -0.25647705078126753
4492 3.4430463155269037e-07 0.25602294921876756
4493 -3.443046315657365e-07 -0.25547705078126764
4494 3.443046315657487e-07 0.2550229492187676
4495 -3.443046315717538e-07 -0.25447705078126764
4496 3.443046315717614e-07 0.25402294921876767
4497 3.4430463160953343e-07 0.25302294921876783
4498 -3.443046316095247e-07 -0.2534770507812678
4499 -3.4430463168415846e-07 -0.2524770507812679
4500 3.4430463168416285e-07 0.25202294921876806
4501 -3.443046317382466e-07 -0.251477050781268
4502 3.443046317382754e-07 0.25102294921876794
4503 -3.4430463172977627e-07 -0.250477050781268
4504 3.443046317297688e-07 0.250022949218768
4505 -3.4430463173306953e-07 -0.24947705078126814
4506 3.443046317330748e-07 0.24902294921876814
4507 -3.4430463178271244e-07 -0.24847705078126822
4508 3.443046317826978e-07 0.24802294921876827
4509 -3.4430463182872327e-07 -0.24747705078126833
4510 3.443046318287203e-07 0.2470229492187684
4511 -3.443046318538903e-07 -0.2464770507812685
4512 3.4430463185388957e-07 0.24602294921876852
4513 3.443046318751051e-07 0.24502294921876852
4514 -3.4430463187511357e-07 -0.24547705078126847
4515 -3.4430463189923707e-07 -0.24447705078126852
4516 3.443046318992336e-07 0.24402294921876858
4517 -3.4430463192642344e-07 -0.24347705078126866
4518 3.443046319264062e-07 0.24302294921876863
4519 -3.4430463194374357e-07 -0.24247705078126863
4520 3.4430463194374293e-07 0.24202294921876866
4521 -3.443046319457087e-07 -0.2414770507812687
4522 3.4430463194570424e-07 0.24102294921876868
4523 -3.443046319650075e-07 -0.2404770507812688
4524 3.443046319650093e-07 0.24002294921876877
4525 -3.443046320035373e-07 -0.23947705078126888
4526 3.4430463200353583e-07 0.23902294921876888
4527 -3.443046320543051e-07 -0.238477050781269
4528 3.4430463205429767e-07 0.23802294921876896
4529 3.443046320908859e-07 0.23702294921876896
4530 -3.4430463209091046e-07 -0.23747705078126902
4531 -3.443046321111173e-07 -0.23647705078126913
4532 3.443046321111072e-07 0.23602294921876915
4533 -3.4430463213301816e-07 -0.23547705078126924
4534 3.4430463213299714e-07 0.2350229492187692
4535 -3.4430463215125986e-07 -0.23447705078126918
4536 3.4430463215125806e-07 0.2340229492187692
4537 -3.443046321845991e-07 -0.2334770507812693
4538 3.443046321845979e-07 0.23302294921876926
4539 -3.443046322259072e-07 -0.2324770507812694
4540 3.443046322259379e-07 0.23202294921876937
4541 -3.4430463226037126e-07 -0.23147705078126948
4542 3.443046322603847e-07 0.23102294921876945
4543 -3.443046322963803e-07 -0.23047705078126957
4544 3.4430463229637513e-07 0.2300229492187696
4545 3.4430463231335116e-07 0.22902294921876962
4546 -3.4430463231336164e-07 -0.22947705078126965
4547 -3.443046323364145e-07 -0.22847705078126967
4548 3.443046323364164e-07 0.22802294921876967
4549 -3.4430463238147664e-07 -0.2274770507812698
4550 3.443046323814661e-07 0.22702294921876978
4551 -3.4430463240616934e-07 -0.2264770507812698
4552 3.4430463240614404e-07 0.22602294921876975
4553 -3.443046324461764e-07 -0.22547705078126998
4554 3.443046324461757e-07 0.22502294921876995
4555 3.443046324994154e-07 0.22402294921876997
4556 -3.4430463249941073e-07 -0.22447705078126998
4557 -3.443046325157144e-07 -0.22347705078126995
4558 3.4430463251569706e-07 0.2230229492187699
4559 -3.4430463254340223e-07 -0.22247705078127006
4560 3.4430463254340996e-07 0.22202294921877008
4561 -3.443046325751016e-07 -0.22147705078127028
4562 3.443046325750959e-07 0.2210229492187702
4563 -3.443046325796688e-07 -0.22047705078127025
4564 3.4430463257967695e-07 0.22002294921877022
4565 3.443046325868722e-07 0.21902294921877025
4566 -3.4430463258687874e-07 -0.21947705078127028
4567 -3.443046326134688e-07 -0.21847705078127036
4568 3.4430463261347685e-07 0.21802294921877038
4569 -3.4430463266027923e-07 -0.21747705078127053
4570 3.443046326602797e-07 0.21702294921877047
4571 -3.4430463270768597e-07 -0.21647705078127055
4572 3.44304632707677e-07 0.21602294921877052
4573 -3.4430463274406095e-07 -0.2154770507812706
4574 3.443046327440688e-07 0.21502294921877055
4575 -3.4430463275784387e-07 -0.2144770507812707
4576 3.4430463275783074e-07 0.21402294921877066
4577 3.4430463278164476e-07 0.21302294921877077
4578 -3.4430463278162856e-07 -0.21347705078127086
4579 -3.443046328477378e-07 -0.21247705078127085
4580 3.4430463284774086e-07 0.21202294921877085
4581 -3.443046328863625e-07 -0.21147705078127096
4582 3.4430463288637763e-07 0.21102294921877093
4583 -3.4430463289094324e-07 -0.21047705078127105
4584 3.443046328909368e-07 0.21002294921877102
4585 -3.443046329244722e-07 -0.20947705078127107
4586 3.443046329244548e-07 0.20902294921877101
4587 -3.4430463294232087e-07 -0.20847705078127107
4588 3.4430463294231944e-07 0.20802294921877107
4589 -3.443046329348399e-07 -0.20747705078127124
4590 3.4430463293487095e-07 0.20702294921877115
4591 -3.443046329528512e-07 -0.2064770507812712
4592 3.4430463295287506e-07 0.20602294921877123
4593 -3.443046329973306e-07 -0.20547705078127132
4594 3.443046329973252e-07 0.20502294921877132
4595 -3.4430463304458824e-07 -0.2044770507812714
4596 3.4430463304456754e-07 0.2040229492187714
4597 -3.4430463309539667e-07 -0.2034770507812715
4598 3.4430463309541075e-07 0.20302294921877145
4599 -3.443046331313786e-07 -0.20247705078127154
4600 3.4430463313137725e-07 0.20202294921877154
4601 -3.443046331565863e-07 -0.20147705078127157
4602 3.4430463315659067e-07 0.20102294921877156
4603 -3.4430463317370317e-07 -0.20047705078127162
4604 3.443046331737237e-07 0.2000229492187717
4605 -3.4430463318835345e-07 -0.1994770507812718
4606 3.443046331883355e-07 0.19902294921877176
4607 -3.443046332177489e-07 -0.19847705078127187
4608 3.4430463321774364e-07 0.19802294921877184
4609 -3.443046332381861e-07 -0.19747705078127192
4610 3.443046332381897e-07 0.1970229492187719
4611 -3.4430463325264664e-07 -0.196477050781272
4612 3.443046332526418e-07 0.196022949218772
4613 -3.443046332645051e-07 -0.19547705078127206
4614 3.4430463326450076e-07 0.195022949218772
4615 -3.4430463327695987e-07 -0.194477050781272
4616 3.443046332769711e-07 0.19402294921877206
4617 -3.4430463331113935e-07 -0.19347705078127223
4618 3.443046333111391e-07 0.1930229492187722
4619 -3.443046333796338e-07 -0.19247705078127228
4620 3.4430463337963795e-07 0.19202294921877228
4621 -3.4430463343460287e-07 -0.1914770507812723
4622 3.4430463343457873e-07 0.1910229492187723
4623 -3.44304633471276e-07 -0.19047705078127236
4624 3.4430463347128236e-07 0.19002294921877239
4625 -3.4430463348930087e-07 -0.18947705078127247
4626 3.443046334893057e-07 0.18902294921877244
4627 -3.443046335043577e-07 -0.18847705078127264
4628 3.443046335043429e-07 0.1880229492187726
4629 -3.4430463353952653e-07 -0.1874770507812727
4630 3.4430463353953003e-07 0.18702294921877263
4631 -3.443046335703721e-07 -0.18647705078127264
4632 3.4430463357039093e-07 0.18602294921877266
4633 -3.443046335859304e-07 -0.18547705078127275
4634 3.4430463358593727e-07 0.18502294921877274
4635 -3.4430463360997257e-07 -0.18447705078127277
4636 3.44304633609964e-07 0.1840229492187728
4637 -3.44304633656661e-07 -0.18347705078127283
4638 3.443046336566674e-07 0.18302294921877282
4639 -3.443046336858667e-07 -0.18247705078127294
4640 3.4430463368585613e-07 0.18202294921877296
4641 -3.443046336924939e-07 -0.18147705078127296
4642 3.443046336924906e-07 0.18102294921877296
4643 -3.4430463371463874e-07 -0.1804770507812731
4644 3.443046337146343e-07 0.1800229492187731
4645 -3.4430463375394107e-07 -0.17947705078127313
4646 3.443046337539311e-07 0.17902294921877313
4647 -3.443046337790268e-07 -0.17847705078127316
4648 3.443046337790165e-07 0.17802294921877318
4649 -3.443046337982714e-07 -0.17747705078127327
4650 3.443046337982626e-07 0.17702294921877323
4651 -3.443046338397421e-07 -0.17647705078127332
4652 3.443046338397416e-07 0.17602294921877334
4653 -3.443046338827036e-07 -0.17547705078127337
4654 3.443046338826952e-07 0.17502294921877345
4655 -3.4430463390807396e-07 -0.17447705078127354
4656 3.443046339080671e-07 0.1740229492187736
4657 -3.443046339401799e-07 -0.17347705078127362
4658 3.4430463394017396e-07 0.17302294921877362
4659 -3.443046339752132e-07 -0.17247705078127362
4660 3.4430463397522143e-07 0.17202294921877365
4661 -3.44304634006384e-07 -0.17147705078127373
4662 3.443046340064075e-07 0.17102294921877373
4663 -3.443046340388152e-07 -0.17047705078127381
4664 3.4430463403880666e-07 0.1700229492187738
4665 -3.443046340592253e-07 -0.1694770507812738
4666 3.443046340592218e-07 0.16902294921877384
4667 3.4430463408196384e-07 0.16802294921877395
4668 -3.4430463408198e-07 -0.1684770507812739
4669 -3.443046341200084e-07 -0.16747705078127406
4670 3.4430463412000854e-07 0.16702294921877409
4671 -3.443046341534289e-07 -0.16647705078127414
4672 3.4430463415343087e-07 0.16602294921877414
4673 -3.44304634171386e-07 -0.16547705078127417
4674 3.443046341713845e-07 0.16502294921877414
4675 -3.4430463419275834e-07 -0.1644770507812742
4676 3.443046341927562e-07 0.1640229492187742
4677 3.4430463422582026e-07 0.16302294921877433
4678 -3.443046342258265e-07 -0.16347705078127428
4679 -3.4430463426404464e-07 -0.1624770507812744
4680 3.443046342640487e-07 0.1620229492187744
4681 -3.443046342883172e-07 -0.1614770507812744
4682 3.443046342883014e-07 0.16102294921877439
4683 -3.44304634308253e-07 -0.16047705078127453
4684 3.443046343082515e-07 0.16002294921877452
4685 -3.443046343472978e-07 -0.15947705078127464
4686 3.4430463434728743e-07 0.1590229492187746
4687 -3.4430463438928354e-07 -0.15847705078127464
4688 3.44304634389308e-07 0.15802294921877463
4689 -3.4430463442086093e-07 -0.1574770507812747
4690 3.443046344208563e-07 0.1570229492187747
4691 -3.4430463444014617e-07 -0.1564770507812748
4692 3.4430463444014633e-07 0.15602294921877477
4693 -3.443046344621555e-07 -0.15547705078127486
4694 3.4430463446214447e-07 0.15502294921877485
4695 3.443046344910889e-07 0.15402294921877488
4696 -3.4430463449107657e-07 -0.15447705078127488
4697 -3.4430463452089213e-07 -0.153477050781275
4698 3.4430463452086116e-07 0.153022949218775
4699 3.443046345562819e-07 0.1520229492187751
4700 -3.4430463455629133e-07 -0.15247705078127508
4701 -3.443046345839385e-07 -0.15147705078127516
4702 3.4430463458393933e-07 0.1510229492187751
4703 -3.4430463460250545e-07 -0.15047705078127516
4704 3.4430463460251095e-07 0.15002294921877515
4705 -3.443046346279571e-07 -0.1494770507812753
4706 3.443046346279471e-07 0.14902294921877526
4707 -3.4430463466006303e-07 -0.14847705078127538
4708 3.443046346600725e-07 0.14802294921877535
4709 -3.443046346929279e-07 -0.1474770507812754
4710 3.443046346929416e-07 0.14702294921877537
4711 -3.4430463472363794e-07 -0.14647705078127551
4712 3.443046347236322e-07 0.14602294921877548
4713 -3.443046347529927e-07 -0.1454770507812756
4714 3.4430463475298636e-07 0.1450229492187756
4715 -3.443046347729827e-07 -0.14447705078127568
4716 3.4430463477299296e-07 0.14402294921877568
4717 3.4430463480454006e-07 0.14302294921877576
4718 -3.443046348045465e-07 -0.14347705078127573
4719 -3.4430463483659825e-07 -0.1424770507812758
4720 3.443046348366059e-07 0.14202294921877578
4721 3.44304634860669e-07 0.1410229492187759
4722 -3.4430463486069464e-07 -0.1414770507812759
4723 -3.443046348959312e-07 -0.14047705078127593
4724 3.4430463489592814e-07 0.14002294921877595
4725 -3.4430463493345816e-07 -0.13947705078127598
4726 3.443046349334595e-07 0.139022949218776
4727 -3.44304634953543e-07 -0.13847705078127606
4728 3.443046349535466e-07 0.13802294921877603
4729 3.443046349666225e-07 0.13702294921877617
4730 -3.4430463496663475e-07 -0.13747705078127617
4731 -3.443046350011395e-07 -0.1364770507812762
4732 3.443046350010913e-07 0.13602294921877625
4733 -3.4430463503371976e-07 -0.13547705078127628
4734 3.4430463503373416e-07 0.13502294921877628
4735 3.4430463506171393e-07 0.13402294921877636
4736 -3.443046350617193e-07 -0.13447705078127636
4737 -3.443046350898001e-07 -0.13347705078127642
4738 3.443046350897853e-07 0.1330229492187764
4739 -3.443046351246572e-07 -0.1324770507812765
4740 3.4430463512467204e-07 0.13202294921877644
4741 -3.4430463515562474e-07 -0.1314770507812765
4742 3.443046351556162e-07 0.13102294921877652
4743 -3.443046351883541e-07 -0.13047705078127664
4744 3.443046351883669e-07 0.13002294921877663
4745 -3.4430463522082595e-07 -0.1294770507812767
4746 3.443046352208226e-07 0.1290229492187767
4747 -3.4430463523601833e-07 -0.1284770507812768
4748 3.443046352360154e-07 0.12802294921877677
4749 -3.4430463526025025e-07 -0.12747705078127683
4750 3.443046352602624e-07 0.12702294921877683
4751 3.443046352938152e-07 0.1260229492187769
4752 -3.4430463529381986e-07 -0.12647705078127694
4753 -3.443046353337998e-07 -0.12547705078127702
4754 3.4430463533381564e-07 0.125022949218777
4755 -3.443046353658109e-07 -0.12447705078127706
4756 3.443046353657941e-07 0.12402294921877706
4757 -3.4430463538146405e-07 -0.12347705078127712
4758 3.443046353814686e-07 0.12302294921877713
4759 -3.4430463540701057e-07 -0.1224770507812772
4760 3.443046354070023e-07 0.12202294921877721
4761 -3.443046354447679e-07 -0.12147705078127728
4762 3.443046354447751e-07 0.12102294921877728
4763 -3.443046354737161e-07 -0.12047705078127735
4764 3.4430463547372394e-07 0.12002294921877736
4765 3.443046354987042e-07 0.1190229492187774
4766 -3.4430463549870696e-07 -0.1194770507812774
4767 -3.443046355278178e-07 -0.11847705078127746
4768 3.443046355278199e-07 0.11802294921877748
4769 -3.4430463556243095e-07 -0.11747705078127754
4770 3.4430463556243275e-07 0.11702294921877755
4771 -3.443046355932494e-07 -0.11647705078127761
4772 3.443046355932458e-07 0.11602294921877764
4773 -3.443046356171967e-07 -0.1154770507812777
4774 3.443046356172004e-07 0.1150229492187777
4775 3.44304635643924e-07 0.11402294921877777
4776 -3.4430463564393585e-07 -0.11447705078127776
4777 -3.4430463567203023e-07 -0.11347705078127782
4778 3.443046356720257e-07 0.11302294921877785
4779 -3.443046357003008e-07 -0.11247705078127791
4780 3.4430463570028847e-07 0.11202294921877791
4781 3.443046357281892e-07 0.11102294921877799
4782 -3.4430463572817835e-07 -0.111477050781278
4783 -3.443046357578042e-07 -0.11047705078127806
4784 3.44304635757814e-07 0.11002294921877807
4785 -3.443046357901134e-07 -0.10947705078127813
4786 3.4430463579011324e-07 0.10902294921877814
4787 -3.4430463582263947e-07 -0.1084770507812782
4788 3.4430463582262745e-07 0.10802294921877821
4789 -3.443046358543795e-07 -0.10747705078127828
4790 3.4430463585438986e-07 0.10702294921877831
4791 -3.443046358845745e-07 -0.10647705078127835
4792 3.4430463588459077e-07 0.10602294921877836
4793 -3.443046359159215e-07 -0.10547705078127842
4794 3.443046359158967e-07 0.10502294921877842
4795 3.4430463594084006e-07 0.10402294921877847
4796 -3.4430463594083106e-07 -0.10447705078127847
4797 -3.443046359567146e-07 -0.10347705078127856
4798 3.4430463595670334e-07 0.10302294921877855
4799 -3.443046359795235e-07 -0.10247705078127864
4800 3.4430463597952474e-07 0.10202294921877862
4801 -3.4430463601497693e-07 -0.1014770507812787
4802 3.4430463601499223e-07 0.10102294921877869
4803 -3.443046360429087e-07 -0.10047705078127876
4804 3.4430463604290467e-07 0.10002294921877877
4805 -3.4430463606844165e-07 -0.09947705078127884
4806 3.443046360684434e-07 0.09902294921877881
4807 -3.4430463609808103e-07 -0.09847705078127891
4808 3.4430463609809337e-07 0.09802294921877888
4809 -3.443046361296042e-07 -0.097477050781279
4810 3.4430463612961374e-07 0.09702294921877896
4811 -3.4430463616127646e-07 -0.09647705078127908
4812 3.443046361612875e-07 0.09602294921877905
4813 3.44304636189825e-07 0.09502294921877916
4814 -3.4430463618980453e-07 -0.09547705078127915
4815 -3.443046362187934e-07 -0.09447705078127921
4816 3.4430463621880186e-07 0.09402294921877921
4817 -3.4430463624706396e-07 -0.09347705078127927
4818 3.443046362470575e-07 0.09302294921877925
4819 3.443046362731589e-07 0.09202294921877933
4820 -3.4430463627316613e-07 -0.09247705078127937
4821 -3.4430463630287327e-07 -0.09147705078127943
4822 3.443046363028683e-07 0.09102294921877942
4823 -3.443046363299783e-07 -0.0904770507812795
4824 3.4430463632997943e-07 0.09002294921877949
4825 -3.443046363589672e-07 -0.08947705078127959
4826 3.4430463635896855e-07 0.08902294921877957
4827 -3.443046363932415e-07 -0.08847705078127963
4828 3.4430463639326704e-07 0.08802294921877962
4829 -3.443046364208209e-07 -0.08747705078127971
4830 3.4430463642083224e-07 0.0870229492187797
4831 -3.443046364500808e-07 -0.0864770507812798
4832 3.4430463645004995e-07 0.08602294921877977
4833 -3.4430463648024874e-07 -0.08547705078127986
4834 3.443046364802423e-07 0.08502294921877983
4835 -3.4430463650788235e-07 -0.08447705078127993
4836 3.4430463650787276e-07 0.08402294921877991
4837 -3.4430463653696607e-07 -0.08347705078128001
4838 3.4430463653695797e-07 0.08302294921877997
4839 -3.443046365673915e-07 -0.08247705078128005
4840 3.443046365673814e-07 0.08202294921878006
4841 3.443046365954462e-07 0.08102294921878014
4842 -3.4430463659543167e-07 -0.08147705078128015
4843 -3.443046366224554e-07 -0.08047705078128022
4844 3.443046366224531e-07 0.08002294921878018
4845 -3.443046366501161e-07 -0.07947705078128026
4846 3.4430463665010437e-07 0.07902294921878027
4847 -3.443046366807313e-07 -0.07847705078128037
4848 3.443046366807291e-07 0.07802294921878035
4849 -3.443046367112922e-07 -0.07747705078128041
4850 3.443046367112934e-07 0.0770229492187804
4851 -3.4430463673860057e-07 -0.07647705078128048
4852 3.4430463673860163e-07 0.07602294921878049
4853 -3.4430463676710153e-07 -0.07547705078128059
4854 3.443046367670909e-07 0.07502294921878057
4855 3.4430463679619246e-07 0.07402294921878062
4856 -3.4430463679618526e-07 -0.07447705078128063
4857 3.4430463682678824e-07 0.07302294921878072
4858 -3.443046368268004e-07 -0.07347705078128071
4859 -3.443046368576324e-07 -0.07247705078128078
4860 3.443046368576081e-07 0.07202294921878077
4861 -3.4430463688506273e-07 -0.0714770507812808
4862 3.443046368850611e-07 0.07102294921878083
4863 -3.4430463691326554e-07 -0.07047705078128091
4864 3.443046369132578e-07 0.07002294921878091
4865 -3.44304636941509e-07 -0.06947705078128101
4866 3.443046369415086e-07 0.06902294921878101
4867 -3.4430463697018615e-07 -0.06847705078128107
4868 3.4430463697018393e-07 0.06802294921878106
4869 -3.4430463699921567e-07 -0.06747705078128113
4870 3.4430463699923224e-07 0.06702294921878114
4871 -3.4430463702802834e-07 -0.0664770507812812
4872 3.443046370280233e-07 0.0660229492187812
4873 -3.443046370568681e-07 -0.06547705078128126
4874 3.4430463705686515e-07 0.06502294921878127
4875 -3.44304637083675e-07 -0.06447705078128135
4876 3.443046370836782e-07 0.06402294921878135
4877 -3.4430463711172875e-07 -0.06347705078128142
4878 3.443046371117406e-07 0.0630229492187814
4879 -3.443046371415172e-07 -0.06247705078128148
4880 3.443046371415218e-07 0.062022949218781494
4881 -3.4430463717171223e-07 -0.061477050781281566
4882 3.4430463717171117e-07 0.06102294921878157
4883 -3.443046372010128e-07 -0.060477050781281634
4884 3.443046372010235e-07 0.060022949218781624
4885 -3.443046372283889e-07 -0.0594770507812817
4886 3.4430463722839557e-07 0.059022949218781706
4887 -3.443046372569712e-07 -0.05847705078128178
4888 3.443046372569609e-07 0.05802294921878177
4889 -3.4430463728675963e-07 -0.05747705078128184
4890 3.443046372867715e-07 0.05702294921878184
4891 -3.44304637314854e-07 -0.05647705078128193
4892 3.44304637314842e-07 0.056022949218781926
4893 -3.443046373435854e-07 -0.055477050781282004
4894 3.4430463734358003e-07 0.05502294921878198
4895 -3.443046373739566e-07 -0.054477050781282045
4896 3.443046373739461e-07 0.054022949218782056
4897 -3.443046374025389e-07 -0.05347705078128214
4898 3.443046374025375e-07 0.05302294921878214
4899 -3.443046374320834e-07 -0.05247705078128221
4900 3.443046374320933e-07 0.052022949218782186
4901 3.443046374615594e-07 0.051022949218782275
4902 -3.4430463746156013e-07 -0.05147705078128226
4903 -3.443046374888278e-07 -0.050477050781282354
4904 3.4430463748882194e-07 0.05002294921878235
4905 -3.443046375175185e-07 -0.04947705078128241
4906 3.443046375175114e-07 0.0490229492187824
4907 -3.4430463754699526e-07 -0.048477050781282484
4908 3.443046375469686e-07 0.048022949218782494
4909 -3.4430463757586214e-07 -0.04747705078128256
4910 3.443046375758579e-07 0.04702294921878254
4911 -3.443046376045664e-07 -0.04647705078128259
4912 3.4430463760457e-07 0.04602294921878261
4913 -3.443046376332842e-07 -0.0454770507812827
4914 3.4430463763328605e-07 0.045022949218782714
4915 -3.4430463766196135e-07 -0.04447705078128278
4916 3.443046376619535e-07 0.04402294921878276
4917 -3.4430463769122125e-07 -0.043477050781282826
4918 3.443046376912182e-07 0.04302294921878284
4919 -3.4430463772125366e-07 -0.04247705078128292
4920 3.443046377212541e-07 0.042022949218782926
4921 -3.4430463775002567e-07 -0.04147705078128298
4922 3.4430463775002027e-07 0.04102294921878296
4923 -3.4430463777788967e-07 -0.04047705078128303
4924 3.443046377778975e-07 0.040022949218783056
4925 -3.4430463780658037e-07 -0.039477050781283135
4926 3.443046378065883e-07 0.03902294921878314
4927 -3.443046378362333e-07 -0.03847705078128319
4928 3.443046378362186e-07 0.03802294921878317
4929 -3.4430463786459873e-07 -0.037477050781283244
4930 3.443046378645902e-07 0.03702294921878327
4931 -3.4430463789316746e-07 -0.03647705078128335
4932 3.443046378931605e-07 0.036022949218783344
4933 -3.443046379226984e-07 -0.03547705078128338
4934 3.4430463792268005e-07 0.03502294921878339
4935 -3.4430463795134846e-07 -0.034477050781283484
4936 3.4430463795135937e-07 0.0340229492187835
4937 -3.4430463797955127e-07 -0.03347705078128357
4938 3.4430463797954725e-07 0.033022949218783564
4939 3.4430463800818686e-07 0.032022949218783604
4940 -3.4430463800818776e-07 -0.032477050781283615
4941 -3.443046380373257e-07 -0.0314770507812837
4942 3.4430463803734015e-07 0.031022949218783714
4943 -3.4430463806585376e-07 -0.03047705078128379
4944 3.443046380658686e-07 0.030022949218783776
4945 -3.4430463809469354e-07 -0.029477050781283837
4946 3.443046380946887e-07 0.029022949218783855
4947 -3.443046381235604e-07 -0.02847705078128394
4948 3.4430463812355614e-07 0.028022949218783937
4949 -3.4430463815235954e-07 -0.027477050781283995
4950 3.4430463815233747e-07 0.027022949218783975
4951 -3.443046381809825e-07 -0.02647705078128404
4952 3.4430463818098317e-07 0.026022949218784057
4953 -3.4430463820956476e-07 -0.025477050781284143
4954 3.4430463820955004e-07 0.02502294921878414
4955 -3.443046382387027e-07 -0.024477050781284194
4956 3.4430463823869576e-07 0.02402294921878418
4957 -3.443046382677593e-07 -0.023477050781284252
4958 3.4430463826776355e-07 0.02302294921878427
4959 -3.443046382964771e-07 -0.022477050781284355
4960 3.4430463829646706e-07 0.02202294921878435
4961 3.443046383253484e-07 0.021022949218784396
4962 -3.4430463832535755e-07 -0.0214770507812844
4963 -3.443046383544684e-07 -0.020477050781284485
4964 3.4430463835445075e-07 0.0200229492187845
4965 -3.4430463838296935e-07 -0.019477050781284574
4966 3.443046383829883e-07 0.019022949218784554
4967 -3.4430463841212083e-07 -0.018477050781284608
4968 3.443046384121204e-07 0.01802294921878461
4969 -3.4430463844123166e-07 -0.017477050781284694
4970 3.4430463844122504e-07 0.01702294921878471
4971 -3.4430463846966486e-07 -0.016477050781284773
4972 3.443046384696468e-07 0.01602294921878476
4973 -3.443046384983149e-07 -0.015477050781284831
4974 3.4430463849831374e-07 0.015022949218784852
4975 -3.443046385271276e-07 -0.014477050781284936
4976 3.443046385271242e-07 0.014022949218784931
4977 -3.4430463855637393e-07 -0.013477050781284984
4978 3.443046385563757e-07 0.013022949218784979
4979 -3.443046385850104e-07 -0.012477050781285057
4980 3.443046385850225e-07 0.012022949218785066
4981 -3.443046386135927e-07 -0.011477050781285145
4982 3.4430463861359154e-07 0.01102294921878515
4983 -3.4430463864224274e-07 -0.010477050781285224
4984 3.4430463864223665e-07 0.010022949218785224
4985 -3.443046386710825e-07 -0.009477050781285294
4986 3.443046386710687e-07 0.009022949218785293
4987 -3.443046386983502e-07 -0.008477050781285354
4988 3.443046386983589e-07 0.008022949218785349
4989 -3.443046387184486e-07 -0.007477050781285407
4990 3.443046387184457e-07 0.007022949218785419
4991 -3.4430463873422374e-07 -0.006477050781285471
4992 3.4430463873421485e-07 0.006022949218785476
4993 -3.4430463874877916e-07 -0.005477050781285501
4994 3.44304638748778e-07 0.005022949218785492
4995 -3.438957659996852e-07 -0.004477050781285546
4996 3.4427196830956285e-07 0.0040229492126105815
4997 -3.168255373299446e-07 -0.0034770507442364947
4998 3.4197795725899684e-07 0.003022948650689429
4999 1.7706338964107904e-08 -0.0024770176949347024
5000 3.122553194651976e-07 0.0020229346952850666
5001 -9.643594911897457e-08 -0.0014753973126041208
5002 3.738365207855546e-07 0.0010228475047698046
5003 -2.1192043248744548e-07 2.2622186335052468e-05
5004 -9.732340737735805e-08 -0.0009809858238901568
5005 2.529083282786106e-07 -0.49798104889974953
5006 -1.1113220388267459e-07 0.4975154811086179
5007 -2.1292522863233354e-07 -0.48298498535156303
5008 2.1292522863234553e-07 0.482515014648438
5009 1.940972572691129e-06 -0.49877871219974557
5010 2.018092700675672e-06 0.49853885228572814
5011 1.2040385708385593e-07 0.49551501464843756
5012 -1.2040385708384828e-07 -0.4959849853515625
5013 -2.0858924615228737e-07 -0.49498498535156255
5014 2.0858924615227848e-07 0.49451501464843767
5015 2.1292522850562715e-07 0.4915150146484378
5016 -2.1292522850563096e-07 -0.49198498535156293
5017 -2.1292522848295758e-07 -0.4929849853515628
5018 2.1292522848295051e-07 0.49251501464843794
5019 2.129252285324461e-07 0.4905150146484379
5020 -2.1292522853246496e-07 -0.4909849853515628
5021 -2.1292522878969193e-07 -0.4709849853515637
5022 2.1292522878969553e-07 0.4705150146484386
5023 -2.1292522859918406e-07 -0.48498498535156315
5024 2.1292522859920645e-07 0.48451501464843805
5025 -2.1292522851373537e-07 -0.48698498535156304
5026 2.129252285137377e-07 0.486515014648438
5027 2.1292522858199214e-07 0.485515014648438
5028 -2.1292522858199945e-07 -0.4859849853515629
5029 -2.1292522849772984e-07 -0.48798498535156315
5030 2.1292522849770818e-07 0.4875150146484381
5031 -2.129252285369373e-07 -0.48898498535156326
5032 2.129252285369369e-07 0.48851501464843816
5033 2.1292522866760703e-07 0.4805150146484382
5034 -2.1292522866736682e-07 -0.48098498535156325
5035 -1.7259598011779414e-07 0.49651501846313423
5036 1.7410544016479364e-07 -0.4969849542143964
5037 -2.1292522876318319e-07 -0.47898498535156336
5038 2.12925228783996e-07 0.4765150146484386
5039 -2.1292522877786057e-07 -0.4769849853515635
5040 2.129252288206453e-07 0.47751501464843843
5041 2.1292522877251805e-07 0.47851501464843843
5042 -2.12925228808286e-07 -0.47798498535156353
5043 -2.128741193571556e-07 -0.49398498535156277
5044 2.1287411935715746e-07 0.4935150146484377
5045 2.1292522899036325e-07 0.4585150146484392
5046 -2.1292522899037775e-07 -0.4589849853515643
5047 -2.1292522881056282e-07 -0.47298498535156375
5048 2.1292522881056287e-07 0.4725150146484387
5049 2.1292522878508748e-07 0.47451501464843865
5050 -2.1292522878505696e-07 -0.4749849853515636
5051 -2.1292522882551126e-07 -0.4739849853515637
5052 2.1292522882551417e-07 0.4735150146484386
5053 2.1292522855229877e-07 0.48951501464843816
5054 -2.1292522855231942e-07 -0.4899849853515631
5055 -2.1292522881954815e-07 -0.46798498535156374
5056 2.1292522881953835e-07 0.4675150146484388
5057 -2.1292522877943267e-07 -0.46898498535156385
5058 2.1292522877942094e-07 0.4685150146484387
5059 -2.1292522860423915e-07 -0.4839849853515631
5060 2.1292522860423978e-07 0.48351501464843805
5061 2.1292522864889462e-07 0.4815150146484381
5062 -2.1292522864889472e-07 -0.48198498535156303
5063 -2.1292522925038298e-07 -0.44898498535156456
5064 2.1292522925037473e-07 0.44851501464843957
5065 2.129252289122608e-07 0.46451501464843903
5066 -2.1292522891226098e-07 -0.46498498535156413
5067 2.1292522890906846e-07 0.46351501464843897
5068 -2.1292522890907614e-07 -0.46398498535156396
5069 2.1292522886633512e-07 0.465515014648439
5070 -2.1292522886633147e-07 -0.465984985351564
5071 -2.1292522869529858e-07 -0.4799849853515633
5072 2.1292522869793934e-07 0.47951501464843826
5073 2.1292522926153965e-07 0.44551501464843984
5074 -2.1292522926153671e-07 -0.4459849853515647
5075 2.12925228948816e-07 0.46151501464843925
5076 -2.1292522894883926e-07 -0.46198498535156424
5077 -2.1292522901193982e-07 -0.4579849853515641
5078 2.1292522901193612e-07 0.4575150146484391
5079 -2.1292522898647462e-07 -0.4609849853515643
5080 2.1292522898647505e-07 0.4605150146484393
5081 -2.129252287565018e-07 -0.47598498535156347
5082 2.1292522875721076e-07 0.4755150146484385
5083 2.1292522913644676e-07 0.4555150146484393
5084 -2.1292522913643334e-07 -0.45598498535156434
5085 -2.1292522876120452e-07 -0.4699849853515637
5086 2.1292522876120433e-07 0.4695150146484387
5087 2.129252287892099e-07 0.47151501464843865
5088 -2.1292522878920404e-07 -0.4719849853515637
5089 -2.1292522939609976e-07 -0.4379849853515651
5090 2.1292522939610034e-07 0.43751501464844017
5091 2.1292522918726815e-07 0.4505150146484394
5092 -2.1292522918726887e-07 -0.45098498535156456
5093 2.1292522921716436e-07 0.4535150146484396
5094 -2.1292522921716574e-07 -0.4539849853515646
5095 2.129252291726049e-07 0.4515150146484395
5096 -2.1292522917260503e-07 -0.45198498535156456
5097 2.1292522918860776e-07 0.4525150146484397
5098 -2.1292522918859701e-07 -0.4529849853515646
5099 -2.1292522882796427e-07 -0.4669849853515639
5100 2.1292522882797713e-07 0.46651501464843875
5101 2.129252294855723e-07 0.4335150146484404
5102 -2.129252294855871e-07 -0.4339849853515654
5103 2.1292522925796478e-07 0.4445150146484397
5104 -2.129252292579724e-07 -0.44498498535156467
5105 2.1292522890045062e-07 0.46251501464843897
5106 -2.1292522890044318e-07 -0.46298498535156407
5107 -2.1292522927956158e-07 -0.44298498535156494
5108 2.1292522927957084e-07 0.44251501464843984
5109 -2.1292522906886044e-07 -0.4569849853515642
5110 2.1292522906885228e-07 0.45651501464843924
5111 2.1292522898569326e-07 0.4595150146484393
5112 -2.1292522898568858e-07 -0.45998498535156435
5113 2.1292522962129048e-07 0.4245150146484407
5114 -2.12925229621275e-07 -0.42498498535156587
5115 2.1292522932712152e-07 0.4405150146484402
5116 -2.1292522932710384e-07 -0.44098498535156516
5117 2.1292522931079179e-07 0.43951501464844017
5118 -2.129252293107595e-07 -0.43998498535156516
5119 2.129252291957814e-07 0.45451501464843935
5120 -2.129252291957934e-07 -0.4549849853515645
5121 2.129252294999278e-07 0.4355150146484403
5122 -2.1292522949993922e-07 -0.4359849853515653
5123 -2.1292522926485708e-07 -0.4479849853515646
5124 2.1292522926486659e-07 0.4475150146484397
5125 2.1292522921918655e-07 0.4495150146484396
5126 -2.1292522921921217e-07 -0.44998498535156456
5127 2.1292522954157782e-07 0.4315150146484405
5128 -2.1292522954157258e-07 -0.4319849853515655
5129 -2.12925229622698e-07 -0.42998498535156543
5130 2.1292522962269656e-07 0.4295150146484405
5131 2.1292522962264512e-07 0.43051501464844044
5132 -2.129252296226438e-07 -0.4309849853515655
5133 2.1292522925891398e-07 0.4435150146484397
5134 -2.1292522925890752e-07 -0.44398498535156483
5135 2.1292522926327565e-07 0.4465150146484397
5136 -2.12925229263285e-07 -0.4469849853515648
5137 2.1292522961703014e-07 0.42751501464844066
5138 -2.129252296170195e-07 -0.4279849853515657
5139 2.1292522961511654e-07 0.42651501464844066
5140 -2.1292522961512215e-07 -0.42698498535156576
5141 -2.12925229306504e-07 -0.44198498535156494
5142 2.1292522930651093e-07 0.44151501464844
5143 2.1292522966612404e-07 0.42251501464844077
5144 -2.1292522966610676e-07 -0.4229849853515659
5145 2.129252297107694e-07 0.4205150146484409
5146 -2.1292522971076233e-07 -0.42098498535156587
5147 2.129252296765687e-07 0.41951501464844076
5148 -2.1292522967658286e-07 -0.41998498535156586
5149 2.129252297098548e-07 0.42151501464844093
5150 -2.1292522970984076e-07 -0.4219849853515658
5151 -2.1292522945654403e-07 -0.43698498535156527
5152 2.1292522945655366e-07 0.4365150146484402
5153 2.1292522932293459e-07 0.4385150146484401
5154 -2.1292522932292966e-07 -0.43898498535156516
5155 -2.1292523011676894e-07 -0.4039849853515668
5156 2.1292523008435278e-07 0.4035150146484419
5157 2.129252297938952e-07 0.4135150146484414
5158 -2.1292522979389353e-07 -0.4139849853515662
5159 2.1292522974528893e-07 0.41751501464844115
5160 -2.1292522974529417e-07 -0.41798498535156603
5161 2.129252297928214e-07 0.41551501464844126
5162 -2.1292522979282288e-07 -0.4159849853515662
5163 2.1292522946331015e-07 0.4325150146484404
5164 -2.129252294633203e-07 -0.43298498535156543
5165 2.12925229519791e-07 0.4345150146484404
5166 -2.1292522951978012e-07 -0.43498498535156543
5167 2.1292523013045871e-07 0.399515014648442
5168 -2.1292523013057897e-07 -0.39998498535156696
5169 2.1292522978332005e-07 0.4125150146484413
5170 -2.12925229783309e-07 -0.41298498535156625
5171 -2.1292522960407684e-07 -0.42898498535156565
5172 2.129252296040862e-07 0.4285150146484406
5173 2.1292522978420133e-07 0.4165150146484411
5174 -2.1292522978420348e-07 -0.4169849853515661
5175 2.129252298651099e-07 0.40951501464844153
5176 -2.1292522986512562e-07 -0.4099849853515664
5177 2.1292522987662377e-07 0.40851501464844153
5178 -2.129252298766317e-07 -0.40898498535156647
5179 2.1292522984178396e-07 0.4105150146484414
5180 -2.129252298417746e-07 -0.4109849853515665
5181 2.1292522963732518e-07 0.4235150146484408
5182 -2.1292522963733474e-07 -0.4239849853515658
5183 2.129252295984782e-07 0.4255150146484408
5184 -2.1292522959847964e-07 -0.42598498535156576
5185 -2.1292522997963092e-07 -0.4069849853515668
5186 2.1292522997959386e-07 0.4065150146484417
5187 2.1292522967735048e-07 0.4185150146484409
5188 -2.129252296773418e-07 -0.4189849853515658
5189 -2.1292523036957778e-07 -0.38698498535156756
5190 2.1292523036955399e-07 0.38651501464844246
5191 2.129252300683096e-07 0.4045150146484419
5192 -2.1292523007756148e-07 -0.4049849853515669
5193 2.1292523003850926e-07 0.4015150146484419
5194 -2.129252300596857e-07 -0.4019849853515668
5195 2.1292522980826083e-07 0.41451501464844115
5196 -2.1292522980824566e-07 -0.4149849853515663
5197 2.12925230087677e-07 0.39751501464844213
5198 -2.1292523008768522e-07 -0.39798498535156696
5199 -2.129252298058333e-07 -0.41198498535156636
5200 2.1292522980582127e-07 0.4115150146484415
5201 2.129252301158384e-07 0.39551501464844224
5202 -2.1292523011584737e-07 -0.39598498535156706
5203 2.1292523047534573e-07 0.37751501464844295
5204 -2.1292523047535526e-07 -0.3779849853515678
5205 -2.1292523023092188e-07 -0.3919849853515672
5206 2.1292523023092296e-07 0.39151501464844235
5207 -2.1292523027626863e-07 -0.39298498535156734
5208 2.1292523027626765e-07 0.39251501464844224
5209 2.1292523025912003e-07 0.39351501464844235
5210 -2.1292523025909758e-07 -0.3939849853515672
5211 2.129252299211462e-07 0.4075150146484416
5212 -2.129252299211382e-07 -0.4079849853515665
5213 -2.1292523058651308e-07 -0.37398498535156804
5214 2.129252305865251e-07 0.37351501464844317
5215 2.1292523010190634e-07 0.3965150146484421
5216 -2.1292523010190182e-07 -0.39698498535156723
5217 -2.129252303449664e-07 -0.38898498535156756
5218 2.1292523034497425e-07 0.3885150146484424
5219 -2.1292523030951298e-07 -0.3899849853515674
5220 2.1292523030950348e-07 0.38951501464844246
5221 2.1292523002887516e-07 0.4025150146484417
5222 -2.1292523007166613e-07 -0.40298498535156685
5223 -2.1292523001451512e-07 -0.40598498535156685
5224 2.129252300136098e-07 0.4055150146484419
5225 2.1292523017098016e-07 0.3945150146484422
5226 -2.129252301709655e-07 -0.3949849853515673
5227 -2.1292523037567642e-07 -0.3839849853515676
5228 2.1292523037567274e-07 0.3835150146484427
5229 2.1292523009257363e-07 0.39851501464844186
5230 -2.1292523009256413e-07 -0.39898498535156707
5231 2.129252301141136e-07 0.40051501464844197
5232 -2.129252301166063e-07 -0.40098498535156707
5233 -2.1292523069321213e-07 -0.36598498535156837
5234 2.129252306932086e-07 0.3655150146484435
5235 2.129252304639098e-07 0.38051501464844284
5236 -2.1292523046390337e-07 -0.38098498535156794
5237 -2.129252304037166e-07 -0.37998498535156777
5238 2.1292523040371218e-07 0.3795150146484429
5239 2.1292523047924417e-07 0.3815150146484429
5240 -2.1292523047923128e-07 -0.3819849853515678
5241 2.1292523037582788e-07 0.38551501464844246
5242 -2.1292523037583905e-07 -0.3859849853515674
5243 2.1292523037656975e-07 0.38451501464844257
5244 -2.1292523037658444e-07 -0.38498498535156755
5245 -2.1292523045616488e-07 -0.375984985351568
5246 2.1292523045615741e-07 0.37551501464844306
5247 -2.1292523024749662e-07 -0.3909849853515674
5248 2.1292523024750048e-07 0.39051501464844224
5249 2.129252305786814e-07 0.3715150146484432
5250 -2.1292523057867972e-07 -0.3719849853515681
5251 -2.1292523056325695e-07 -0.37098498535156826
5252 2.1292523056325695e-07 0.3705150146484431
5253 2.1292523035717396e-07 0.38751501464844257
5254 -2.1292523035717722e-07 -0.3879849853515675
5255 2.129252306528584e-07 0.36751501464844344
5256 -2.129252306528527e-07 -0.36798498535156837
5257 -2.1292523063520731e-07 -0.3689849853515685
5258 2.1292523063520424e-07 0.3685150146484434
5259 -2.129252304121056e-07 -0.3829849853515679
5260 2.129252304120879e-07 0.3825150146484426
5261 -2.129252308247665e-07 -0.36398498535156854
5262 2.129252308247691e-07 0.36351501464844366
5263 2.129252307553931e-07 0.3605150146484437
5264 -2.1292523075540468e-07 -0.36098498535156864
5265 -2.1292523045780473e-07 -0.37698498535156794
5266 2.129252304577956e-07 0.3765150146484429
5267 -2.129252304308081e-07 -0.378984985351568
5268 2.1292523043079645e-07 0.3785150146484428
5269 2.1292523083752415e-07 0.3615150146484437
5270 -2.1292523083751944e-07 -0.3619849853515687
5271 2.1292523069917966e-07 0.3595150146484436
5272 -2.129252306991888e-07 -0.3599849853515686
5273 2.1292523059654383e-07 0.3725150146484431
5274 -2.129252305965555e-07 -0.37298498535156804
5275 -2.1292523051728678e-07 -0.3749849853515682
5276 2.1292523051729196e-07 0.374515014648443
5277 2.1292523101545512e-07 0.3535150146484441
5278 -2.1292523101545057e-07 -0.353984985351569
5279 2.1292523086877464e-07 0.36251501464844366
5280 -2.1292523086878512e-07 -0.36298498535156865
5281 -2.129252309477286e-07 -0.355984985351569
5282 2.1292523094772068e-07 0.355515014648444
5283 -2.1292523089136363e-07 -0.356984985351569
5284 2.1292523089136313e-07 0.35651501464844393
5285 2.1292523109763667e-07 0.3455150146484444
5286 -2.129252310976331e-07 -0.3459849853515694
5287 -2.129252305817426e-07 -0.36998498535156826
5288 2.1292523058174725e-07 0.36951501464844333
5289 2.1292523096255093e-07 0.34951501464844414
5290 -2.129252309625415e-07 -0.3499849853515692
5291 -2.129252309949998e-07 -0.3529849853515691
5292 2.129252309950008e-07 0.3525150146484441
5293 2.1292523095962085e-07 0.3505150146484441
5294 -2.1292523095964126e-07 -0.3509849853515691
5295 -2.129252307381252e-07 -0.3649849853515684
5296 2.1292523073810212e-07 0.36451501464844344
5297 2.1292523066930362e-07 0.3665150146484434
5298 -2.1292523066930547e-07 -0.3669849853515686
5299 -2.129252308263386e-07 -0.3579849853515688
5300 2.1292523082633027e-07 0.35751501464844393
5301 -2.1292523104426324e-07 -0.34798498535156935
5302 2.1292523104428362e-07 0.3475150146484444
5303 2.1292523097153122e-07 0.35151501464844415
5304 -2.1292523097158104e-07 -0.3519849853515691
5305 2.1292523073960865e-07 0.35851501464844376
5306 -2.1292523073962954e-07 -0.35898498535156875
5307 -2.1292523111945266e-07 -0.3439849853515695
5308 2.1292523111945102e-07 0.34351501464844436
5309 2.1292523100038236e-07 0.3545150146484441
5310 -2.1292523100038016e-07 -0.3549849853515691
5311 -2.1292523113968659e-07 -0.34198498535156957
5312 2.1292523113969336e-07 0.3415150146484445
5313 2.129252311936612e-07 0.3385150146484448
5314 -2.129252311936663e-07 -0.3389849853515698
5315 -2.1292523111617295e-07 -0.34498498535156935
5316 2.1292523111617184e-07 0.3445150146484444
5317 -2.1292523107437696e-07 -0.34698498535156946
5318 2.129252310743688e-07 0.3465150146484444
5319 2.1292523130487998e-07 0.33351501464844485
5320 -2.1292523130490544e-07 -0.33398498535156984
5321 2.1292523125271522e-07 0.3355150146484448
5322 -2.1292523125272821e-07 -0.3359849853515699
5323 2.1292523123481085e-07 0.33651501464844485
5324 -2.1292523123481177e-07 -0.3369849853515698
5325 -2.1292523112243422e-07 -0.34298498535156946
5326 2.1292523112243125e-07 0.34251501464844447
5327 2.1292523131650442e-07 0.33151501464844496
5328 -2.1292523131649285e-07 -0.33198498535157
5329 2.129252313713066e-07 0.3285150146484451
5330 -2.1292523137129927e-07 -0.3289849853515702
5331 2.129252311575715e-07 0.34051501464844464
5332 -2.1292523115756237e-07 -0.34098498535156957
5333 2.129252311750675e-07 0.33951501464844475
5334 -2.1292523117507223e-07 -0.3399849853515698
5335 2.1292523099677985e-07 0.3485150146484442
5336 -2.1292523099676163e-07 -0.34898498535156924
5337 2.1292523132500178e-07 0.33051501464844496
5338 -2.129252313249903e-07 -0.33098498535156995
5339 2.1292523121162282e-07 0.33751501464844486
5340 -2.1292523121163695e-07 -0.3379849853515698
5341 2.1292523127999325e-07 0.33451501464844485
5342 -2.129252312799959e-07 -0.33498498535156984
5343 2.129252314431471e-07 0.3235150146484453
5344 -2.1292523144315477e-07 -0.32398498535157033
5345 2.1292523144764603e-07 0.3225150146484453
5346 -2.1292523144764066e-07 -0.32298498535157033
5347 2.1292523137647023e-07 0.32751501464844524
5348 -2.1292523137647634e-07 -0.3279849853515701
5349 2.1292523142207504e-07 0.3255150146484453
5350 -2.1292523142206704e-07 -0.3259849853515703
5351 2.1292523130726525e-07 0.33251501464844496
5352 -2.1292523130726358e-07 -0.33298498535156995
5353 2.1292523138928771e-07 0.32651501464844523
5354 -2.1292523138929703e-07 -0.3269849853515703
5355 2.1292523144139027e-07 0.32451501464844534
5356 -2.129252314414065e-07 -0.3249849853515704
5357 2.1292523156466874e-07 0.3185150146484456
5358 -2.1292523156466673e-07 -0.3189849853515706
5359 2.1292523153873884e-07 0.3195150146484456
5360 -2.1292523153874075e-07 -0.3199849853515706
5361 -2.1292523162631718e-07 -0.31698498535157066
5362 2.1292523162631398e-07 0.31651501464844567
5363 -2.1292523164099457e-07 -0.3159849853515707
5364 2.1292523164100282e-07 0.31551501464844567
5365 2.1292523150202756e-07 0.3205150146484455
5366 -2.129252315020405e-07 -0.3209849853515706
5367 2.1292523134326135e-07 0.3295150146484451
5368 -2.1292523134327265e-07 -0.3299849853515701
5369 2.1292523169214183e-07 0.31051501464844605
5370 -2.1292523169215536e-07 -0.310984985351571
5371 2.1292523168221778e-07 0.311515014648446
5372 -2.1292523168222135e-07 -0.31198498535157104
5373 2.1292523159109588e-07 0.3175150146484456
5374 -2.129252315911077e-07 -0.3179849853515706
5375 2.1292523171687127e-07 0.30851501464844605
5376 -2.1292523171687516e-07 -0.3089849853515711
5377 2.1292523174153764e-07 0.307515014648446
5378 -2.1292523174155432e-07 -0.30798498535157104
5379 -2.129252316290548e-07 -0.31498498535157066
5380 2.1292523162904743e-07 0.31451501464844567
5381 2.1292523146625506e-07 0.32151501464844545
5382 -2.1292523146624828e-07 -0.3219849853515705
5383 -2.129252318468981e-07 -0.3029849853515713
5384 2.1292523184688885e-07 0.3025150146484463
5385 -2.1292523163055912e-07 -0.3139849853515709
5386 2.1292523163058106e-07 0.3135150146484458
5387 -2.1292523179946427e-07 -0.3049849853515713
5388 2.1292523179947046e-07 0.30451501464844627
5389 2.129252316531638e-07 0.31251501464844594
5390 -2.129252316531783e-07 -0.312984985351571
5391 2.1292523168914066e-07 0.309515014648446
5392 -2.1292523168913314e-07 -0.3099849853515711
5393 2.1292523190005155e-07 0.2995150146484465
5394 -2.1292523190005112e-07 -0.2999849853515716
5395 2.129252318856576e-07 0.29851501464844643
5396 -2.1292523188565834e-07 -0.2989849853515714
5397 2.1292523190005065e-07 0.30051501464844643
5398 -2.1292523190006467e-07 -0.3009849853515714
5399 2.1292523173547103e-07 0.30651501464844605
5400 -2.1292523173548278e-07 -0.30698498535157104
5401 -2.129252317562588e-07 -0.30598498535157126
5402 2.1292523175626357e-07 0.30551501464844616
5403 -2.1292523198177286e-07 -0.2959849853515718
5404 2.1292523198177837e-07 0.29551501464844665
5405 -2.1292523182827694e-07 -0.3039849853515713
5406 2.1292523182829025e-07 0.30351501464844627
5407 2.1292523203334181e-07 0.29151501464844687
5408 -2.1292523203335378e-07 -0.2919849853515719
5409 2.1292523202286547e-07 0.29251501464844687
5410 -2.1292523202286412e-07 -0.29298498535157186
5411 2.1292523190117858e-07 0.2975150146484465
5412 -2.1292523190117598e-07 -0.29798498535157153
5413 -2.1292523187117069e-07 -0.3019849853515714
5414 2.1292523187115075e-07 0.3015150146484464
5415 -2.1292523194802707e-07 -0.2969849853515716
5416 2.1292523194801754e-07 0.29651501464844665
5417 -2.129252321315825e-07 -0.28698498535157196
5418 2.1292523213156058e-07 0.2865150146484471
5419 -2.1292523213044408e-07 -0.28798498535157213
5420 2.1292523213040846e-07 0.28751501464844703
5421 2.1292523206252213e-07 0.2895150146484469
5422 -2.1292523206251882e-07 -0.289984985351572
5423 2.129252319851219e-07 0.29451501464844676
5424 -2.1292523198510678e-07 -0.2949849853515717
5425 2.12925232038847e-07 0.290515014648447
5426 -2.1292523203884255e-07 -0.29098498535157186
5427 -2.1292523217669886e-07 -0.2849849853515721
5428 2.1292523217670166e-07 0.28451501464844703
5429 2.1292523199910135e-07 0.2935150146484468
5430 -2.1292523199907944e-07 -0.29398498535157186
5431 2.1292523217574597e-07 0.28251501464844714
5432 -2.1292523217576373e-07 -0.2829849853515722
5433 2.129252321615273e-07 0.2815150146484472
5434 -2.1292523216152003e-07 -0.28198498535157224
5435 2.129252321031737e-07 0.2885150146484471
5436 -2.129252321031764e-07 -0.288984985351572
5437 2.1292523229451572e-07 0.2785150146484474
5438 -2.1292523229451098e-07 -0.27898498535157235
5439 -2.1292523224921843e-07 -0.27998498535157246
5440 2.1292523224923257e-07 0.2795150146484474
5441 -2.1292523214529765e-07 -0.2859849853515721
5442 2.1292523214529067e-07 0.28551501464844703
5443 -2.1292523231096375e-07 -0.2759849853515725
5444 -2.129252322977907e-07 -0.27698498535157245
5445 2.1292523231097094e-07 0.27551501464844746
5446 2.1292523229779175e-07 0.27651501464844747
5447 2.1292523242460836e-07 0.26851501464844785
5448 -2.1292523242461524e-07 -0.26898498535157284
5449 -2.1292523218403078e-07 -0.2839849853515722
5450 2.1292523218403266e-07 0.28351501464844714
5451 2.1292523237426577e-07 0.2725150146484477
5452 -2.1292523237428115e-07 -0.2729849853515726
5453 -2.1292523228881892e-07 -0.27798498535157246
5454 2.129252322888161e-07 0.2775150146484475
5455 -2.129252324265126e-07 -0.2709849853515727
5456 2.129252324264772e-07 0.2705150146484478
5457 -2.129252323155716e-07 -0.2749849853515725
5458 2.129252323155595e-07 0.2745150146484475
5459 2.1292523250397315e-07 0.26551501464844796
5460 -2.1292523250396528e-07 -0.26598498535157294
5461 -2.1292523234164667e-07 -0.27398498535157273
5462 2.1292523234163936e-07 0.27351501464844763
5463 2.1292523239960034e-07 0.2715150146484478
5464 -2.1292523239961083e-07 -0.27198498535157273
5465 2.12925232652885e-07 0.2565150146484484
5466 -2.12925232652894e-07 -0.2569849853515734
5467 -2.1292523217701057e-07 -0.2809849853515723
5468 2.1292523217700048e-07 0.28051501464844736
5469 2.1292523259891755e-07 0.2605150146484482
5470 -2.1292523259892784e-07 -0.2609849853515732
5471 -2.1292523243870987e-07 -0.2699849853515729
5472 2.1292523243872419e-07 0.2695150146484479
5473 -2.129252324114964e-07 -0.2679849853515729
5474 2.1292523241148427e-07 0.26751501464844774
5475 2.1292523255191717e-07 0.26251501464844823
5476 -2.1292523255192768e-07 -0.2629849853515732
5477 2.129252325858557e-07 0.26151501464844823
5478 -2.129252325858632e-07 -0.26198498535157316
5479 2.1292523260886026e-07 0.2585150146484482
5480 -2.1292523260886184e-07 -0.2589849853515732
5481 2.1292523244885557e-07 0.2665150146484479
5482 -2.129252324488336e-07 -0.2669849853515729
5483 2.1292523250529428e-07 0.264515014648448
5484 -2.1292523250530698e-07 -0.264984985351573
5485 2.129252326798674e-07 0.25451501464844845
5486 -2.1292523267986353e-07 -0.25498498535157343
5487 -2.1292523250811236e-07 -0.26398498535157305
5488 2.1292523250810847e-07 0.2635150146484482
5489 2.1292523260627773e-07 0.2595150146484482
5490 -2.129252326062733e-07 -0.25998498535157316
5491 -2.129252327713702e-07 -0.25198498535157365
5492 2.1292523277139995e-07 0.2515150146484487
5493 2.1292523278447501e-07 0.2505150146484486
5494 -2.129252327844755e-07 -0.2509849853515736
5495 2.1292523267661847e-07 0.2555150146484484
5496 -2.1292523267659738e-07 -0.2559849853515734
5497 -2.1292523269220989e-07 -0.2539849853515735
5498 2.1292523269221637e-07 0.2535150146484485
5499 2.1292523287737108e-07 0.24451501464844902
5500 -2.129252328773645e-07 -0.24498498535157395
5501 -2.1292523279642882e-07 -0.2489849853515738
5502 2.129252327964296e-07 0.24851501464844875
5503 -2.1292523272828671e-07 -0.25298498535157354
5504 2.1292523272829545e-07 0.2525150146484486
5505 2.1292523282815934e-07 0.24751501464844888
5506 -2.1292523282815529e-07 -0.24798498535157384
5507 2.1292523290805755e-07 0.24251501464844907
5508 -2.1292523290804743e-07 -0.24298498535157406
5509 2.1292523284987146e-07 0.24651501464844902
5510 -2.1292523284986643e-07 -0.24698498535157393
5511 -2.1292523277923066e-07 -0.24998498535157374
5512 2.1292523277923352e-07 0.24951501464844872
5513 -2.1292523286352738e-07 -0.24598498535157406
5514 2.129252328635167e-07 0.245515014648449
5515 -2.129252326198665e-07 -0.2579849853515733
5516 2.1292523261987346e-07 0.25751501464844845
5517 2.1292523291316748e-07 0.24151501464844907
5518 -2.129252329131703e-07 -0.24198498535157412
5519 2.1292523291871084e-07 0.2405150146484491
5520 -2.1292523291871327e-07 -0.24098498535157414
5521 2.129252329653013e-07 0.23851501464844926
5522 -2.1292523296527976e-07 -0.23898498535157425
5523 2.12925232893557e-07 0.2435150146484491
5524 -2.1292523289355978e-07 -0.24398498535157404
5525 2.129252329367719e-07 0.2395150146484492
5526 -2.129252329368059e-07 -0.2399849853515742
5527 -2.1292523299322507e-07 -0.23798498535157434
5528 2.129252329932159e-07 0.23751501464844924
5529 2.1292523303501757e-07 0.23451501464844937
5530 -2.1292523303502106e-07 -0.23498498535157444
5531 2.129252330228987e-07 0.23551501464844948
5532 -2.1292523302291865e-07 -0.23598498535157442
5533 2.129252330101329e-07 0.23651501464844932
5534 -2.1292523301012507e-07 -0.2369849853515743
5535 2.129252331364653e-07 0.22951501464844973
5536 -2.1292523313646173e-07 -0.22998498535157466
5537 2.1292523307442016e-07 0.2325150146484495
5538 -2.129252330744318e-07 -0.2329849853515745
5539 2.1292523305045053e-07 0.23351501464844945
5540 -2.1292523305047094e-07 -0.23398498535157444
5541 2.1292523319131145e-07 0.22651501464844975
5542 -2.1292523319132236e-07 -0.22698498535157483
5543 2.1292523324063098e-07 0.2245150146484499
5544 -2.1292523324062645e-07 -0.2249849853515749
5545 2.1292523314721746e-07 0.22851501464844964
5546 -2.1292523314719533e-07 -0.2289849853515747
5547 2.1292523309782347e-07 0.23151501464844956
5548 -2.1292523309776926e-07 -0.23198498535157458
5549 2.1292523311996798e-07 0.2305150146484496
5550 -2.129252331199683e-07 -0.2309849853515746
5551 2.129252332621129e-07 0.22351501464844986
5552 -2.129252332621072e-07 -0.22398498535157493
5553 2.1292523316942674e-07 0.22751501464844975
5554 -2.1292523316944858e-07 -0.22798498535157477
5555 2.1292523330523778e-07 0.22051501464845005
5556 -2.1292523330523135e-07 -0.2209849853515751
5557 2.1292523330738154e-07 0.21951501464845002
5558 -2.129252333073862e-07 -0.2199849853515751
5559 2.1292523329400101e-07 0.22151501464845005
5560 -2.129252332939963e-07 -0.22198498535157501
5561 2.12925233397234e-07 0.21551501464845024
5562 -2.1292523339723945e-07 -0.2159849853515753
5563 2.129252333174469e-07 0.21851501464845016
5564 -2.1292523331744217e-07 -0.2189849853515751
5565 2.129252332739958e-07 0.22251501464844986
5566 -2.1292523327397922e-07 -0.22298498535157488
5567 2.1292523320966988e-07 0.22551501464844984
5568 -2.1292523320967248e-07 -0.22598498535157485
5569 2.129252333706192e-07 0.21651501464845016
5570 -2.129252333706223e-07 -0.21698498535157523
5571 -2.1292523341235052e-07 -0.2149849853515753
5572 2.129252334123514e-07 0.21451501464845024
5573 2.1292523348581718e-07 0.21151501464845046
5574 -2.1292523348580522e-07 -0.21198498535157548
5575 2.1292523334068733e-07 0.2175150146484502
5576 -2.1292523334068476e-07 -0.2179849853515752
5577 -2.12925233421634e-07 -0.21398498535157542
5578 2.1292523342163247e-07 0.21351501464845038
5579 2.1292523352613577e-07 0.20851501464845051
5580 -2.1292523352613754e-07 -0.2089849853515756
5581 2.1292523349679507e-07 0.21051501464845054
5582 -2.1292523349680987e-07 -0.21098498535157553
5583 2.1292523345060526e-07 0.21251501464845035
5584 -2.129252334506093e-07 -0.21298498535157545
5585 -2.129252335294308e-07 -0.20698498535157567
5586 2.1292523352946532e-07 0.20651501464845062
5587 2.1292523350795659e-07 0.20951501464845057
5588 -2.129252335079636e-07 -0.2099849853515756
5589 2.1292523352783862e-07 0.20751501464845065
5590 -2.129252335278316e-07 -0.20798498535157564
5591 2.1292523363664138e-07 0.20251501464845081
5592 -2.1292523363664485e-07 -0.20298498535157586
5593 2.1292523357860485e-07 0.20451501464845073
5594 -2.1292523357861293e-07 -0.20498498535157575
5595 -2.1292523354974604e-07 -0.20598498535157572
5596 2.1292523354976687e-07 0.20551501464845068
5597 -2.1292523366827644e-07 -0.20098498535157586
5598 2.1292523366829042e-07 0.2005150146484509
5599 2.129252336093484e-07 0.20351501464845081
5600 -2.1292523360935006e-07 -0.20398498535157583
5601 2.1292523365522563e-07 0.20151501464845084
5602 -2.1292523365523891e-07 -0.2019849853515759
5603 2.1292523367729454e-07 0.199515014648451
5604 -2.1292523367728888e-07 -0.19998498535157597
5605 2.129252337327753e-07 0.1945150146484511
5606 -2.1292523373278647e-07 -0.19498498535157618
5607 2.129252336911401e-07 0.198515014648451
5608 -2.129252336911531e-07 -0.19898498535157608
5609 2.1292523371772933e-07 0.19651501464845114
5610 -2.1292523371771606e-07 -0.1969849853515761
5611 2.1292523370728506e-07 0.19751501464845106
5612 -2.1292523370728062e-07 -0.1979849853515761
5613 2.1292523381854705e-07 0.19151501464845136
5614 -2.1292523381856042e-07 -0.19198498535157632
5615 2.1292523372582953e-07 0.19551501464845114
5616 -2.1292523372583403e-07 -0.19598498535157619
5617 2.1292523386349242e-07 0.1895150146484514
5618 -2.129252338634735e-07 -0.18998498535157635
5619 2.129252337788196e-07 0.19251501464845128
5620 -2.129252337788244e-07 -0.19298498535157632
5621 2.1292523374594256e-07 0.19351501464845125
5622 -2.1292523374594598e-07 -0.19398498535157618
5623 2.1292523390970572e-07 0.18651501464845152
5624 -2.1292523390970116e-07 -0.18698498535157657
5625 2.1292523388801733e-07 0.1875150146484515
5626 -2.1292523388801712e-07 -0.18798498535157657
5627 2.1292523384679412e-07 0.1905150146484513
5628 -2.1292523384679033e-07 -0.19098498535157638
5629 2.12925233992174e-07 0.18151501464845174
5630 -2.129252339921954e-07 -0.18198498535157676
5631 2.1292523392364714e-07 0.18551501464845163
5632 -2.1292523392363316e-07 -0.18598498535157654
5633 2.1292523393450006e-07 0.18451501464845158
5634 -2.129252339345023e-07 -0.1849849853515766
5635 2.1292523387242825e-07 0.18851501464845147
5636 -2.1292523387243171e-07 -0.1889849853515765
5637 2.129252339572057e-07 0.1835150146484516
5638 -2.1292523395721632e-07 -0.18398498535157662
5639 2.129252339822726e-07 0.1825150146484517
5640 -2.129252339822614e-07 -0.18298498535157667
5641 2.1292523404058406e-07 0.17851501464845188
5642 -2.1292523404060502e-07 -0.17898498535157684
5643 2.1292523401986648e-07 0.1795150146484518
5644 -2.129252340198561e-07 -0.17998498535157684
5645 2.129252340529542e-07 0.1775150146484519
5646 -2.1292523405295138e-07 -0.1779849853515769
5647 2.1292523399976507e-07 0.1805150146484518
5648 -2.129252339997577e-07 -0.18098498535157678
5649 2.129252340990379e-07 0.17551501464845198
5650 -2.1292523409902997e-07 -0.17598498535157692
5651 2.129252341198276e-07 0.17451501464845212
5652 -2.129252341198331e-07 -0.174984985351577
5653 2.1292523413687757e-07 0.17351501464845218
5654 -2.1292523413688218e-07 -0.17398498535157714
5655 2.1292523415816356e-07 0.17251501464845212
5656 -2.129252341581732e-07 -0.1729849853515771
5657 2.1292523407144377e-07 0.17651501464845193
5658 -2.1292523407145058e-07 -0.17698498535157695
5659 2.1292523417853057e-07 0.1715150146484522
5660 -2.129252341785291e-07 -0.17198498535157714
5661 2.1292523421492673e-07 0.16951501464845226
5662 -2.1292523421493118e-07 -0.16998498535157727
5663 2.1292523419847195e-07 0.17051501464845223
5664 -2.1292523419846486e-07 -0.17098498535157725
5665 2.1292523422727144e-07 0.16851501464845228
5666 -2.1292523422726398e-07 -0.16898498535157724
5667 2.1292523424629173e-07 0.16751501464845236
5668 -2.1292523424629173e-07 -0.16798498535157735
5669 2.129252342850239e-07 0.16551501464845245
5670 -2.129252342850113e-07 -0.1659849853515775
5671 2.129252342963343e-07 0.16451501464845247
5672 -2.129252342963412e-07 -0.16498498535157746
5673 2.1292523426944127e-07 0.16651501464845242
5674 -2.1292523426943944e-07 -0.16698498535157744
5675 2.1292523431311884e-07 0.16351501464845253
5676 -2.129252343131057e-07 -0.16398498535157752
5677 -2.1292523435567417e-07 -0.1619849853515776
5678 2.1292523435566218e-07 0.16151501464845255
5679 2.1292523433594535e-07 0.1625150146484526
5680 -2.129252343359688e-07 -0.1629849853515776
5681 2.1292523443536867e-07 0.15751501464845274
5682 -2.129252344353766e-07 -0.15798498535157776
5683 2.129252343681712e-07 0.16051501464845266
5684 -2.129252343681696e-07 -0.16098498535157763
5685 2.1292523438620992e-07 0.15951501464845272
5686 -2.1292523438622157e-07 -0.15998498535157774
5687 2.1292523441222786e-07 0.15851501464845272
5688 -2.1292523441221532e-07 -0.15898498535157776
5689 2.1292523445069602e-07 0.15651501464845283
5690 -2.1292523445069094e-07 -0.15698498535157782
5691 2.1292523446287228e-07 0.15551501464845288
5692 -2.1292523446284756e-07 -0.15598498535157787
5693 2.1292523449692684e-07 0.15351501464845296
5694 -2.1292523449690506e-07 -0.1539849853515779
5695 2.129252344788166e-07 0.15451501464845288
5696 -2.1292523447881244e-07 -0.15498498535157793
5697 2.1292523453735263e-07 0.1515150146484531
5698 -2.1292523453733225e-07 -0.15198498535157806
5699 2.1292523455113076e-07 0.15051501464845302
5700 -2.1292523455111517e-07 -0.1509849853515781
5701 2.1292523451726037e-07 0.15251501464845302
5702 -2.1292523451731517e-07 -0.152984985351578
5703 2.129252345823213e-07 0.14851501464845318
5704 -2.1292523458231309e-07 -0.1489849853515782
5705 2.129252345642266e-07 0.14951501464845313
5706 -2.1292523456423402e-07 -0.14998498535157812
5707 2.1292523460264442e-07 0.14751501464845318
5708 -2.1292523460264188e-07 -0.14798498535157822
5709 -2.1292523462223883e-07 -0.14698498535157825
5710 2.1292523462224863e-07 0.14651501464845323
5711 2.1292523465600305e-07 0.14451501464845337
5712 -2.1292523465601173e-07 -0.14498498535157836
5713 -2.129252346411717e-07 -0.14598498535157833
5714 2.1292523464115946e-07 0.14551501464845332
5715 2.1292523469204414e-07 0.14251501464845345
5716 -2.1292523469203435e-07 -0.14298498535157844
5717 2.1292523467152728e-07 0.1435150146484534
5718 -2.1292523467152937e-07 -0.14398498535157842
5719 2.1292523472684129e-07 0.14051501464845356
5720 -2.1292523472686434e-07 -0.14098498535157855
5721 2.1292523476853857e-07 0.1385150146484536
5722 -2.1292523476853836e-07 -0.1389849853515786
5723 2.1292523470894377e-07 0.1415150146484535
5724 -2.129252347089479e-07 -0.1419849853515785
5725 2.1292523475031537e-07 0.1395150146484536
5726 -2.1292523475032377e-07 -0.13998498535157855
5727 2.1292523477740603e-07 0.13751501464845367
5728 -2.1292523477741527e-07 -0.1379849853515787
5729 2.1292523481373355e-07 0.13551501464845372
5730 -2.1292523481373604e-07 -0.13598498535157874
5731 -2.1292523479206555e-07 -0.13698498535157871
5732 2.1292523479202865e-07 0.13651501464845373
5733 2.1292523484923426e-07 0.1335150146484538
5734 -2.1292523484924366e-07 -0.13398498535157885
5735 2.1292523483227386e-07 0.1345150146484538
5736 -2.1292523483228945e-07 -0.1349849853515788
5737 2.1292523488942553e-07 0.1315150146484539
5738 -2.1292523488941335e-07 -0.1319849853515789
5739 2.1292523486887034e-07 0.13251501464845386
5740 -2.1292523486886772e-07 -0.13298498535157885
5741 2.1292523492972683e-07 0.129515014648454
5742 -2.1292523492971857e-07 -0.129984985351579
5743 2.129252349441747e-07 0.12851501464845402
5744 -2.1292523494416556e-07 -0.12898498535157907
5745 2.1292523490880612e-07 0.13051501464845394
5746 -2.1292523490880702e-07 -0.13098498535157896
5747 2.1292523495547507e-07 0.12751501464845408
5748 -2.1292523495549547e-07 -0.12798498535157912
5749 2.129252349735641e-07 0.1265150146484541
5750 -2.12925234973561e-07 -0.1269849853515791
5751 2.1292523501972323e-07 0.12451501464845421
5752 -2.12925235019748e-07 -0.12498498535157924
5753 2.129252349966775e-07 0.12551501464845416
5754 -2.129252349966816e-07 -0.1259849853515792
5755 2.1292523503390306e-07 0.12351501464845427
5756 -2.129252350339104e-07 -0.12398498535157926
5757 2.129252350659541e-07 0.12151501464845436
5758 -2.1292523506594857e-07 -0.12198498535157935
5759 2.1292523504564974e-07 0.12251501464845431
5760 -2.1292523504564688e-07 -0.12298498535157931
5761 2.1292523508710285e-07 0.1205150146484544
5762 -2.129252350870905e-07 -0.1209849853515794
5763 2.1292523510327377e-07 0.11951501464845445
5764 -2.1292523510327223e-07 -0.11998498535157943
5765 2.129252351197302e-07 0.11851501464845446
5766 -2.1292523511973855e-07 -0.11898498535157946
5767 2.1292523513968798e-07 0.11751501464845453
5768 -2.1292523513967432e-07 -0.11798498535157952
5769 2.1292523516032985e-07 0.11651501464845458
5770 -2.1292523516034192e-07 -0.11698498535157954
5771 2.1292523519243187e-07 0.11451501464845466
5772 -2.1292523519244786e-07 -0.11498498535157965
5773 2.1292523517700584e-07 0.11551501464845462
5774 -2.1292523517701153e-07 -0.1159849853515796
5775 2.1292523522698994e-07 0.11251501464845474
5776 -2.129252352269797e-07 -0.11298498535157973
5777 2.1292523520951613e-07 0.11351501464845472
5778 -2.129252352095376e-07 -0.11398498535157969
5779 2.129252352443056e-07 0.11151501464845479
5780 -2.1292523524431338e-07 -0.11198498535157979
5781 -2.1292523526195877e-07 -0.11098498535157983
5782 2.1292523526200004e-07 0.11051501464845484
5783 -2.129252352811898e-07 -0.10998498535157987
5784 2.129252352811898e-07 0.1095150146484549
5785 2.1292523530132812e-07 0.10851501464845494
5786 -2.1292523530132886e-07 -0.10898498535157991
5787 2.1292523532124324e-07 0.10751501464845498
5788 -2.1292523532126463e-07 -0.10798498535157997
5789 2.129252353403154e-07 0.10651501464845502
5790 -2.1292523534031948e-07 -0.10698498535158
5791 2.1292523535944308e-07 0.10551501464845506
5792 -2.1292523535945565e-07 -0.10598498535158006
5793 2.1292523537723797e-07 0.1045150146484551
5794 -2.1292523537723657e-07 -0.10498498535158009
5795 2.1292523538946447e-07 0.10351501464845515
5796 -2.129252353894745e-07 -0.10398498535158013
5797 2.1292523541925035e-07 0.10151501464845522
5798 -2.1292523541926295e-07 -0.10198498535158022
5799 2.129252354006893e-07 0.10251501464845518
5800 -2.1292523540068244e-07 -0.10298498535158018
5801 2.1292523543933144e-07 0.10051501464845528
5802 -2.1292523543933425e-07 -0.10098498535158028
5803 2.1292523545538817e-07 0.09951501464845529
5804 -2.1292523545538044e-07 -0.09998498535158032
5805 2.129252354723659e-07 0.09851501464845534
5806 -2.129252354723753e-07 -0.09898498535158035
5807 2.129252354914121e-07 0.09751501464845538
5808 -2.1292523549140306e-07 -0.09798498535158041
5809 2.1292523551110488e-07 0.09651501464845542
5810 -2.1292523551109488e-07 -0.09698498535158047
5811 2.129252355296936e-07 0.0955150146484555
5812 -2.129252355296754e-07 -0.09598498535158051
5813 2.1292523556521396e-07 0.09351501464845555
5814 -2.1292523556522367e-07 -0.09398498535158059
5815 2.1292523554738823e-07 0.09451501464845555
5816 -2.1292523554738855e-07 -0.09498498535158056
5817 2.1292523558184794e-07 0.09251501464845562
5818 -2.1292523558183907e-07 -0.09298498535158063
5819 2.129252356168411e-07 0.09051501464845571
5820 -2.129252356168317e-07 -0.09098498535158073
5821 2.1292523559912754e-07 0.09151501464845567
5822 -2.129252355991321e-07 -0.09198498535158069
5823 2.129252356537292e-07 0.0885150146484558
5824 -2.1292523565372167e-07 -0.08898498535158082
5825 2.1292523563380462e-07 0.08951501464845575
5826 -2.12925235633813e-07 -0.08998498535158078
5827 2.129252356729619e-07 0.08751501464845583
5828 -2.1292523567293916e-07 -0.08798498535158084
5829 2.1292523569018366e-07 0.0865150146484559
5830 -2.1292523569020508e-07 -0.0869849853515809
5831 2.1292523570878096e-07 0.08551501464845594
5832 -2.129252357087856e-07 -0.08598498535158094
5833 2.129252357266218e-07 0.08451501464845596
5834 -2.1292523572663427e-07 -0.08498498535158099
5835 -2.1292523574402216e-07 -0.08398498535158104
5836 2.129252357440115e-07 0.08351501464845601
5837 2.12925235762569e-07 0.08251501464845604
5838 -2.1292523576256202e-07 -0.08298498535158107
5839 -2.1292523578070885e-07 -0.08198498535158111
5840 2.129252357807216e-07 0.08151501464845612
5841 2.1292523579764258e-07 0.08051501464845616
5842 -2.1292523579763596e-07 -0.08098498535158116
5843 2.129252358144412e-07 0.07951501464845619
5844 -2.1292523581445465e-07 -0.07998498535158119
5845 2.1292523583245566e-07 0.07851501464845624
5846 -2.1292523583246595e-07 -0.07898498535158124
5847 2.129252358515912e-07 0.07751501464845628
5848 -2.1292523585158857e-07 -0.07798498535158131
5849 2.12925235869439e-07 0.07651501464845632
5850 -2.1292523586943725e-07 -0.07698498535158133
5851 2.129252358865746e-07 0.07551501464845639
5852 -2.1292523588656764e-07 -0.0759849853515814
5853 -2.1292523590440277e-07 -0.07498498535158143
5854 2.1292523590439898e-07 0.07451501464845642
5855 2.129252359228182e-07 0.07351501464845647
5856 -2.1292523592282065e-07 -0.07398498535158146
5857 2.1292523594199682e-07 0.07251501464845651
5858 -2.1292523594203814e-07 -0.07298498535158152
5859 -2.1292523595999523e-07 -0.07198498535158154
5860 2.129252359599892e-07 0.07151501464845653
5861 2.129252359770794e-07 0.07051501464845658
5862 -2.1292523597708497e-07 -0.07098498535158156
5863 2.1292523599455246e-07 0.06951501464845665
5864 -2.1292523599456773e-07 -0.06998498535158165
5865 2.1292523601213337e-07 0.06851501464845669
5866 -2.1292523601214536e-07 -0.06898498535158169
5867 2.1292523603002217e-07 0.06751501464845673
5868 -2.1292523603002114e-07 -0.06798498535158172
5869 2.1292523604789491e-07 0.06651501464845679
5870 -2.1292523604789693e-07 -0.06698498535158177
5871 -2.1292523606578626e-07 -0.0659849853515818
5872 2.1292523606577083e-07 0.0655150146484568
5873 2.1292523608297785e-07 0.06451501464845685
5874 -2.1292523608297087e-07 -0.06498498535158186
5875 -2.1292523609978955e-07 -0.06398498535158192
5876 2.1292523609980215e-07 0.0635150146484569
5877 -2.129252361177331e-07 -0.06298498535158194
5878 2.1292523611770967e-07 0.06251501464845695
5879 2.129252361363339e-07 0.061515014648457
5880 -2.1292523613634072e-07 -0.06198498535158199
5881 2.1292523615482194e-07 0.06051501464845702
5882 -2.129252361548128e-07 -0.06098498535158204
5883 2.129252361722672e-07 0.05951501464845707
5884 -2.1292523617226847e-07 -0.059984985351582074
5885 -2.1292523618948018e-07 -0.05898498535158213
5886 2.1292523618946175e-07 0.058515014648457125
5887 2.129252362076286e-07 0.057515014648457145
5888 -2.1292523620764056e-07 -0.05798498535158216
5889 -2.1292523622554345e-07 -0.05698498535158222
5890 2.1292523622555118e-07 0.056515014648457214
5891 2.129252362429598e-07 0.05551501464845726
5892 -2.129252362429991e-07 -0.055984985351582264
5893 2.129252362613511e-07 0.05451501464845728
5894 -2.1292523626136278e-07 -0.0549849853515823
5895 2.129252362796044e-07 0.05351501464845734
5896 -2.1292523627960448e-07 -0.053984985351582346
5897 2.1292523629749782e-07 0.052515014648457384
5898 -2.1292523629750737e-07 -0.0529849853515824
5899 2.1292523631588709e-07 0.05151501464845741
5900 -2.129252363158846e-07 -0.05198498535158241
5901 2.1292523633336614e-07 0.050515014648457486
5902 -2.1292523633336736e-07 -0.050984985351582475
5903 2.129252363505549e-07 0.049515014648457506
5904 -2.1292523635057907e-07 -0.04998498535158252
5905 2.1292523636861835e-07 0.04851501464845756
5906 -2.1292523636863103e-07 -0.04898498535158255
5907 2.1292523638668697e-07 0.04751501464845761
5908 -2.12925236386683e-07 -0.04798498535158261
5909 2.1292523640447344e-07 0.046515014648457614
5910 -2.1292523640447747e-07 -0.04698498535158264
5911 2.1292523642221953e-07 0.0455150146484577
5912 -2.1292523642221773e-07 -0.045984985351582665
5913 -2.1292523643997154e-07 -0.04498498535158275
5914 2.129252364399626e-07 0.04451501464845775
5915 2.1292523645783782e-07 0.04351501464845776
5916 -2.1292523645783377e-07 -0.043984985351582774
5917 2.1292523647624914e-07 0.042515014648457826
5918 -2.1292523647625165e-07 -0.042984985351582815
5919 2.1292523649448623e-07 0.04151501464845787
5920 -2.129252364944798e-07 -0.041984985351582876
5921 2.1292523651192238e-07 0.04051501464845788
5922 -2.129252365119219e-07 -0.04098498535158288
5923 2.1292523652934164e-07 0.03951501464845796
5924 -2.1292523652935045e-07 -0.03998498535158295
5925 2.1292523654745655e-07 0.03851501464845799
5926 -2.1292523654745663e-07 -0.038984985351583006
5927 2.1292523656542506e-07 0.037515014648458016
5928 -2.1292523656542728e-07 -0.03798498535158302
5929 2.1292523658295874e-07 0.0365150146484581
5930 -2.129252365829507e-07 -0.03698498535158308
5931 -2.12925236600962e-07 -0.03598498535158312
5932 2.1292523660095833e-07 0.0355150146484581
5933 -2.1292523661901397e-07 -0.03498498535158315
5934 2.1292523661900026e-07 0.03451501464845818
5935 -2.1292523663652384e-07 -0.03398498535158323
5936 2.1292523663652357e-07 0.033515014648458234
5937 -2.129252366540879e-07 -0.03298498535158327
5938 2.1292523665407515e-07 0.03251501464845825
5939 -2.1292523667197725e-07 -0.03198498535158329
5940 2.1292523667198408e-07 0.0315150146484583
5941 -2.1292523668981237e-07 -0.030984985351583366
5942 2.1292523668982685e-07 0.03051501464845837
5943 -2.1292523670751197e-07 -0.0299849853515834
5944 2.1292523670752524e-07 0.02951501464845839
5945 2.129252367253892e-07 0.02851501464845846
5946 -2.1292523672538776e-07 -0.02898498535158345
5947 -2.1292523674323644e-07 -0.027984985351583506
5948 2.1292523674319356e-07 0.02751501464845849
5949 2.1292523676098945e-07 0.026515014648458513
5950 -2.129252367609767e-07 -0.026984985351583512
5951 2.1292523677864488e-07 0.025515014648458584
5952 -2.129252367786492e-07 -0.025984985351583566
5953 -2.1292523679649787e-07 -0.024984985351583625
5954 2.1292523679648559e-07 0.02451501464845861
5955 2.1292523681449758e-07 0.023515014648458638
5956 -2.1292523681450918e-07 -0.02398498535158364
5957 2.1292523683236484e-07 0.022515014648458714
5958 -2.129252368323443e-07 -0.0229849853515837
5959 2.129252368501619e-07 0.021515014648458727
5960 -2.1292523685016588e-07 -0.021984985351583754
5961 2.1292523686809476e-07 0.020515014648458785
5962 -2.1292523686810942e-07 -0.020984985351583774
5963 2.1292523688592456e-07 0.019515014648458846
5964 -2.12925236885931e-07 -0.01998498535158385
5965 2.1292523690372374e-07 0.01851501464845886
5966 -2.129252369037119e-07 -0.018984985351583872
5967 2.129252369217787e-07 0.017515014648458917
5968 -2.1292523692179098e-07 -0.0179849853515839
5969 -2.129252369395448e-07 -0.016984985351583975
5970 2.1292523693954704e-07 0.016515014648458972
5971 -2.1292523695719018e-07 -0.015984985351583995
5972 2.1292523695718163e-07 0.015515014648458999
5973 -2.1292523697493044e-07 -0.014984985351584065
5974 2.1292523697494717e-07 0.014515014648459076
5975 2.1292523699293e-07 0.013515014648459096
5976 -2.129252369929282e-07 -0.013984985351584114
5977 2.1292523701084792e-07 0.012515014648459145
5978 -2.1292523701084464e-07 -0.012984985351584133
5979 -2.1292523702851713e-07 -0.011984985351584194
5980 2.1292523702851705e-07 0.011515014648459202
5981 2.1292523704619095e-07 0.010515014648459251
5982 -2.1292523704618963e-07 -0.010984985351584252
5983 2.1292523706399847e-07 0.009515014648459297
5984 -2.129252370639841e-07 -0.009984985351584296
5985 2.129252370815741e-07 0.008515014648459333
5986 -2.1292523708157528e-07 -0.008984985351584337
5987 2.1292523709630076e-07 0.007515014648459371
5988 -2.1292523709629332e-07 -0.007984985351584364
5989 2.1292523710717968e-07 0.006515014648459423
5990 -2.1292523710718955e-07 -0.00698498535158441
5991 2.1292523711647888e-07 0.005515014648459439
5992 -2.1292523711647303e-07 -0.00598498535158445
5993 2.129211533187157e-07 0.00451501464768759
5994 -2.128741280299734e-07 -0.004984985351584454
5995 2.1256497723049928e-07 0.003515014564325675
5996 -2.0862149483089553e-07 -0.003984985346953373
5997 2.0508566942430515e-07 0.0025150118357662276
5998 -1.2318244830727455e-07 -0.002984981137061026
5999 1.9096284147140194e-07 0.0015149834587344462
6000 1.117974682453152e-07 -0.0019847096191830506
6001 1.9708511772566445e-07 0.000514899762288346
6002 -1.5297055369194573e-07 -0.0004859196036811855
6003 0.0001969959579497064 -0.4995906735290084
6004 -0.00019491605913595086 0.49954977544620366
6005 -0.00020204129125126567 -0.4995898386983621
6006 0.0002039159173693945 0.49954791691804507
*
TOPO
4009 2 5004 6002 1003 1002
4010 2 1006 1005 6001 5002
4011 2 3008 6000 4999 3009
4012 2 3010 5998 4997 3011
4013 2 3012 5996 4995 3013
4014 2 3014 5994 4993 3015
4015 2 3016 5992 4991 3017
4016 2 3018 5990 4989 3019
4017 2 3020 5988 4987 3021
4018 2 3022 5986 4985 3023
4019 2 3024 5984 4983 3025
4020 2 3026 5982 4981 3027
4021 2 3028 5979 4979 3029
4022 2 3030 5978 4977 3031
4023 2 3032 5976 4975 3033
4024 2 3034 5973 4973 3035
4025 2 3036 5971 4971 3037
4026 2 3038 5969 4969 3039
4027 2 3040 5968 4967 3041
4028 2 3042 5966 4965 3043
4029 2 3044 5964 4963 3045
4030 2 3046 5962 4962 3047
4031 2 3048 5960 4959 3049
4032 2 3050 5958 4957 3051
4033 2 3052 5956 4955 3053
4034 2 3054 5953 4953 3055
4035 2 3056 5952 4951 3057
4036 2 3058 5950 4949 3059
4037 2 3060 5947 4947 3061
4038 2 3062 5946 4945 3063
4039 2 3064 5943 4943 3065
4040 2 3066 5941 4941 3067
4041 2 3068 5939 4940 3069
4042 2 3070 5937 4937 3071
4043 2 3072 5935 4935 3073
4044 2 3074 5933 4933 3075
4045 2 3076 5931 4931 3077
4046 2 3078 5930 4929 3079
4047 2 3080 5928 4927 3081
4048 2 3082 5926 4925 3083
4049 2 3084 5924 4923 3085
4050 2 3086 5922 4921 3087
4051 2 3088 5920 4919 3089
4052 2 3090 5918 4917 3091
4053 2 3092 5916 4915 3093
4054 2 3094 5913 4913 3095
4055 2 3096 5912 4911 3097
4056 2 3098 5910 4909 3099
4057 2 3100 5908 4907 3101
4058 2 3102 5906 4905 3103
4059 2 3104 5904 4903 3105
4060 2 3106 5902 4902 3107
4061 2 3108 5900 4899 3109
4062 2 3110 5898 4897 3111
4063 2 3112 5896 4895 3113
4064 2 3114 5894 4893 3115
4065 2 3116 5892 4891 3117
4066 2 3118 5889 4889 3119
4067 2 3120 5888 4887 3121
4068 2 3122 5885 4885 3123
4069 2 3124 5884 4883 3125
4070 2 3126 5882 4881 3127
4071 2 3128 5880 4879 3129
4072 2 3130 5877 4877 3131
4073 2 3132 5875 4875 3133
4074 2 3134 5874 4873 3135
4075 2 3136 5871 4871 3137
4076 2 3138 5870 4869 3139
4077 2 3140 5868 4867 3141
4078 2 3142 5866 4865 3143
4079 2 3144 5864 4863 3145
4080 2 3146 5862 4861 3147
4081 2 3148 5859 4859 3149
4082 2 3150 5858 4858 3151
4083 2 3152 5856 4856 3153
4084 2 3154 5853 4853 3155
4085 2 3156 5852 4851 3157
4086 2 3158 5850 4849 3159
4087 2 3160 5848 4847 3161
4088 2 3162 5846 4845 3163
4089 2 3164 5844 4843 3165
4090 2 3166 5842 4842 3167
4091 2 3168 5839 4839 3169
4092 2 3170 5838 4837 3171
4093 2 3172 5835 4835 3173
4094 2 3174 5834 4833 3175
4095 2 3176 5832 4831 3177
4096 2 3178 5830 4829 3179
4097 2 3180 5828 4827 3181
4098 2 3182 5824 4825 3183
4099 2 3186 5820 4821 3187
4100 2 3184 5826 4823 3185
4101 2 3188 5822 4820 3189
4102 2 3190 5818 4817 3191
4103 2 3192 5814 4815 3193
4104 2 3194 5816 4814 3195
4105 2 3196 5812 4811 3197
4106 2 3198 5810 4809 3199
4107 2 3200 5808 4807 3201
4108 2 3202 5806 4805 3203
4109 2 3204 5804 4803 3205
4110 2 3206 5802 4801 3207
4111 2 3208 5798 4799 3209
4112 2 3210 5800 4797 3211
4113 2 3212 5796 4796 3213
4114 2 3214 5794 4793 3215
4115 2 3216 5792 4791 3217
4116 2 3218 5790 4789 3219
4117 2 3220 5788 4787 3221
4118 2 3222 5786 4785 3223
4119 2 3224 5783 4783 3225
4120 2 3226 5781 4782 3227
4121 2 3228 5780 4779 3229
4122 2 3230 5776 4777 3231
4123 2 3232 5778 4776 3233
4124 2 3234 5772 4773 3235
4125 2 3236 5774 4771 3237
4126 2 3238 5770 4769 3239
4127 2 3240 5768 4767 3241
4128 2 3242 5766 4766 3243
4129 2 3244 5764 4763 3245
4130 2 3246 5762 4761 3247
4131 2 3248 5758 4759 3249
4132 2 3252 5756 4755 3253
4133 2 3250 5760 4757 3251
4134 2 3254 5752 4753 3255
4135 2 3256 5754 4752 3257
4136 2 3258 5750 4749 3259
4137 2 3260 5748 4747 3261
4138 2 3264 5742 4743 3265
4139 2 3262 5744 4745 3263
4140 2 3268 5738 4739 3269
4141 2 3266 5746 4741 3267
4142 2 3270 5740 4737 3271
4143 2 3272 5734 4736 3273
4144 2 3276 5730 4731 3277
4145 2 3274 5736 4733 3275
4146 2 3278 5731 4730 3279
4147 2 3282 5722 4725 3283
4148 2 3280 5728 4727 3281
4149 2 3284 5726 4723 3285
4150 2 3286 5720 4722 3287
4151 2 3290 5716 4718 3291
4152 2 3288 5724 4719 3289
4153 2 3294 5712 4713 3295
4154 2 3292 5718 4715 3293
4155 2 3296 5713 4711 3297
4156 2 3298 5709 4709 3299
4157 2 3300 5708 4707 3301
4158 2 3302 5704 4705 3303
4159 2 3304 5706 4703 3305
4160 2 3308 5698 4700 3309
4161 2 3306 5700 4701 3307
4162 2 3312 5694 4696 3313
4163 2 3310 5702 4697 3311
4164 2 3314 5696 4693 3315
4165 2 3316 5692 4691 3317
4166 2 3320 5682 4687 3321
4167 2 3318 5690 4689 3319
4168 2 3322 5688 4685 3323
4169 2 3324 5686 4683 3325
4170 2 3328 5677 4679 3329
4171 2 3326 5684 4681 3327
4172 2 3330 5680 4678 3331
4173 2 3332 5676 4675 3333
4174 2 3334 5672 4673 3335
4175 2 3336 5670 4671 3337
4176 2 3338 5674 4669 3339
4177 2 3340 5668 4668 3341
4178 2 3342 5666 4665 3343
4179 2 3344 5662 4663 3345
4180 2 3346 5664 4661 3347
4181 2 3348 5660 4659 3349
4182 2 3350 5656 4657 3351
4183 2 3352 5654 4655 3353
4184 2 3354 5652 4653 3355
4185 2 3356 5650 4651 3357
4186 2 3362 5642 4645 3363
4187 2 3360 5646 4647 3361
4188 2 3358 5658 4649 3359
4189 2 3364 5644 4643 3365
4190 2 3368 5630 4639 3369
4191 2 3372 5638 4635 3373
4192 2 3370 5640 4637 3371
4193 2 3366 5648 4641 3367
4194 2 3378 5624 4629 3379
4195 2 3374 5634 4633 3375
4196 2 3376 5632 4631 3377
4197 2 3384 5618 4623 3385
4198 2 3380 5626 4627 3381
4199 2 3388 5614 4619 3389
4200 2 3382 5636 4625 3383
4201 2 3386 5628 4621 3387
4202 2 3390 5620 4617 3391
4203 2 3394 5606 4613 3395
4204 2 3392 5622 4615 3393
4205 2 3396 5616 4611 3397
4206 2 3398 5610 4609 3399
4207 2 3400 5612 4607 3401
4208 2 3402 5608 4605 3403
4209 2 3406 5597 4601 3407
4210 2 3404 5604 4603 3405
4211 2 3410 5592 4597 3411
4212 2 3408 5602 4599 3409
4213 2 3412 5600 4595 3413
4214 2 3414 5594 4593 3415
4215 2 3416 5595 4591 3417
4216 2 3418 5585 4589 3419
4217 2 3422 5580 4585 3423
4218 2 3420 5590 4587 3421
4219 2 3428 5574 4579 3429
4220 2 3424 5588 4583 3425
4221 2 3426 5582 4581 3427
4222 2 3430 5584 4578 3431
4223 2 3436 5562 4571 3437
4224 2 3432 5577 4575 3433
4225 2 3434 5571 4573 3435
4226 2 3438 5570 4569 3439
4227 2 3440 5576 4567 3441
4228 2 3442 5564 4566 3443
4229 2 3444 5558 4563 3445
4230 2 3446 5556 4561 3447
4231 2 3448 5560 4559 3449
4232 2 3454 5544 4553 3455
4233 2 3452 5552 4556 3453
4234 2 3450 5566 4557 3451
4235 2 3458 5542 4549 3459
4236 2 3464 5536 4543 3465
4237 2 3456 5568 4551 3457
4238 2 3460 5554 4547 3461
4239 2 3462 5546 4546 3463
4240 2 3468 5548 4539 3469
4241 2 3466 5550 4541 3467
4242 2 3470 5538 4537 3471
4243 2 3472 5540 4535 3473
4244 2 3474 5530 4533 3475
4245 2 3476 5532 4531 3477
4246 2 3480 5527 4527 3481
4247 2 3478 5534 4530 3479
4248 2 3482 5522 4525 3483
4249 2 3484 5526 4523 3485
4250 2 3490 5508 4517 3491
4251 2 3486 5520 4521 3487
4252 2 3488 5518 4519 3489
4253 2 3494 5500 4514 3495
4254 2 3496 5513 4511 3497
4255 2 3492 5524 4515 3493
4256 2 3498 5510 4509 3499
4257 2 3500 5506 4507 3501
4258 2 3508 5491 4499 3509
4259 2 3502 5501 4505 3503
4260 2 3506 5494 4501 3507
4261 2 3518 5466 4489 3519
4262 2 3504 5511 4503 3505
4263 2 3514 5486 4493 3515
4264 2 3512 5497 4495 3513
4265 2 3510 5503 4498 3511
4266 2 3522 5480 4485 3523
4267 2 3516 5496 4491 3517
4268 2 3530 5476 4477 3531
4269 2 3526 5470 4481 3527
4270 2 3528 5478 4479 3529
4271 2 3524 5490 4484 3525
4272 2 3536 5460 4471 3537
4273 2 3542 5448 4465 3543
4274 2 3520 5515 4487 3521
4275 2 3532 5487 4475 3533
4276 2 3538 5482 4469 3539
4277 2 3534 5484 4473 3535
4278 2 3550 5452 4457 3551
4279 2 3546 5455 4462 3547
4280 2 3548 5464 4459 3549
4281 2 3544 5471 4464 3545
4282 2 3540 5473 4467 3541
4283 2 3556 5443 4451 3557
4284 2 3564 5439 4444 3565
4285 2 3558 5444 4449 3559
4286 2 3562 5438 4445 3563
4287 2 3552 5461 4456 3553
4288 2 3554 5457 4454 3555
4289 2 3560 5453 4448 3561
4290 2 3568 5434 4439 3569
4291 2 3570 5432 4438 3571
4292 2 3574 5427 4433 3575
4293 2 3578 5417 4430 3579
4294 2 3572 5449 4435 3573
4295 2 3580 5419 4427 3581
4296 2 3576 5441 4431 3577
4297 2 3582 5436 4425 3583
4298 2 3566 5467 4441 3567
4299 2 3588 5408 4419 3589
4300 2 3586 5426 4421 3587
4301 2 3590 5410 4417 3591
4302 2 3584 5422 4423 3585
4303 2 3596 5403 4411 3597
4304 2 3592 5430 4415 3593
4305 2 3606 5398 4401 3607
4306 2 3594 5424 4413 3595
4307 2 3598 5415 4410 3599
4308 2 3602 5396 4405 3603
4309 2 3610 5383 4397 3611
4310 2 3604 5394 4404 3605
4311 2 3600 5412 4407 3601
4312 2 3614 5387 4393 3615
4313 2 3612 5405 4396 3613
4314 2 3622 5376 4385 3623
4315 2 3608 5413 4400 3609
4316 2 3626 5370 4381 3627
4317 2 3620 5378 4388 3621
4318 2 3618 5400 4389 3619
4319 2 3616 5401 4391 3617
4320 2 3628 5372 4379 3629
4321 2 3630 5390 4377 3631
4322 2 3624 5392 4383 3625
4323 2 3638 5361 4369 3639
4324 2 3632 5385 4375 3633
4325 2 3636 5363 4371 3637
4326 2 3634 5379 4373 3635
4327 2 3644 5360 4364 3645
4328 2 3642 5358 4365 3643
4329 2 3640 5374 4367 3641
4330 2 3646 5366 4361 3647
4331 2 3650 5346 4357 3651
4332 2 3652 5344 4355 3653
4333 2 3662 5330 4345 3663
4334 2 3656 5350 4351 3657
4335 2 3654 5356 4353 3655
4336 2 3658 5354 4349 3659
4337 2 3648 5382 4359 3649
4338 2 3668 5328 4339 3669
4339 2 3660 5348 4347 3661
4340 2 3672 5320 4335 3673
4341 2 3676 5322 4331 3677
4342 2 3666 5338 4341 3667
4343 2 3678 5324 4329 3679
4344 2 3664 5368 4343 3665
4345 2 3674 5342 4333 3675
4346 2 3682 5314 4325 3683
4347 2 3670 5352 4338 3671
4348 2 3680 5340 4328 3681
4349 2 3688 5311 4319 3689
4350 2 3696 5286 4311 3697
4351 2 3692 5307 4315 3693
4352 2 3686 5332 4321 3687
4353 2 3684 5334 4324 3685
4354 2 3700 5301 4307 3701
4355 2 3694 5315 4313 3695
4356 2 3690 5325 4318 3691
4357 2 3698 5317 4309 3699
4358 2 3704 5290 4303 3705
4359 2 3712 5278 4295 3713
4360 2 3710 5291 4297 3711
4361 2 3706 5294 4301 3707
4362 2 3718 5283 4289 3719
4363 2 3716 5281 4291 3717
4364 2 3714 5310 4293 3715
4365 2 3708 5304 4299 3709
4366 2 3702 5336 4305 3703
4367 2 3736 5233 4271 3737
4368 2 3732 5261 4276 3733
4369 2 3720 5299 4287 3721
4370 2 3728 5270 4279 3729
4371 2 3726 5264 4282 3727
4372 2 3730 5280 4277 3731
4373 2 3724 5272 4284 3725
4374 2 3722 5306 4286 3723
4375 2 3752 5213 4255 3753
4376 2 3742 5257 4265 3743
4377 2 3740 5256 4267 3741
4378 2 3734 5295 4274 3735
4379 2 3746 5251 4261 3747
4380 2 3760 5204 4247 3761
4381 2 3748 5250 4259 3749
4382 2 3738 5298 4269 3739
4383 2 3756 5245 4251 3757
4384 2 3778 5189 4229 3779
4385 2 3744 5287 4264 3745
4386 2 3768 5240 4239 3769
4387 2 3766 5236 4241 3767
4388 2 3754 5275 4254 3755
4389 2 3750 5274 4258 3751
4390 2 3764 5237 4244 3765
4391 2 3762 5267 4245 3763
4392 2 3782 5217 4225 3783
4393 2 3758 5265 4250 3759
4394 2 3772 5227 4235 3773
4395 2 3776 5242 4231 3777
4396 2 3792 5210 4215 3793
4397 2 3774 5244 4233 3775
4398 2 3784 5219 4223 3785
4399 2 3770 5259 4237 3771
4400 2 3788 5205 4219 3789
4401 2 3812 5155 4196 3813
4402 2 3804 5168 4203 3805
4403 2 3790 5207 4217 3791
4404 2 3780 5254 4228 3781
4405 2 3800 5198 4207 3801
4406 2 3796 5202 4211 3797
4407 2 3786 5247 4222 3787
4408 2 3814 5192 4193 3815
4409 2 3798 5216 4209 3799
4410 2 3794 5226 4213 3795
4411 2 3808 5194 4199 3809
4412 2 3818 5185 4190 3819
4413 2 3806 5232 4201 3807
4414 2 3802 5230 4206 3803
4415 2 3822 5178 4186 3823
4416 2 3824 5176 4183 3825
4417 2 3816 5223 4191 3817
4418 2 3810 5222 4197 3811
4419 2 3832 5158 4175 3833
4420 2 3826 5180 4181 3827
4421 2 3830 5170 4177 3831
4422 2 3836 5162 4171 3837
4423 2 3854 5114 4153 3855
4424 2 3820 5212 4187 3821
4425 2 3840 5160 4167 3841
4426 2 3828 5199 4179 3829
4427 2 3848 5150 4159 3849
4428 2 3844 5148 4163 3845
4429 2 3838 5174 4169 3839
4430 2 3850 5144 4157 3851
4431 2 3834 5196 4173 3835
4432 2 3846 5146 4161 3847
4433 2 3880 5089 4127 3881
4434 2 3860 5138 4148 3861
4435 2 3858 5140 4149 3859
4436 2 3864 5129 4143 3865
4437 2 3872 5102 4135 3873
4438 2 3866 5132 4141 3867
4439 2 3868 5128 4139 3869
4440 2 3842 5188 4165 3843
4441 2 3856 5184 4151 3857
4442 2 3876 5122 4131 3877
4443 2 3862 5171 4145 3863
4444 2 3852 5182 4155 3853
4445 2 3874 5166 4133 3875
4446 2 3870 5164 4137 3871
4447 2 3902 5063 4106 3903
4448 2 3886 5116 4121 3887
4449 2 3884 5118 4124 3885
4450 2 3896 5074 4111 3897
4451 2 3894 5104 4113 3895
4452 2 3890 5107 4117 3891
4453 2 3878 5151 4129 3879
4454 2 3882 5154 4126 3883
4455 2 3912 5094 4095 3913
4456 2 3888 5141 4119 3889
4457 2 3908 5096 4099 3909
4458 2 3922 5046 4085 3923
4459 2 3906 5092 4102 3907
4460 2 3900 5123 4108 3901
4461 2 3916 5084 4091 3917
4462 2 3910 5098 4097 3911
4463 2 3892 5134 4116 3893
4464 2 3898 5136 4109 3899
4465 2 3904 5126 4104 3905
4466 2 3914 5120 4093 3915
4467 2 3928 5076 4079 3929
4468 2 3926 5079 4081 3927
4469 2 3918 5109 4089 3919
4470 2 3934 5066 4073 3935
4471 2 3920 5077 4087 3921
4472 2 3946 5021 4061 3947
4473 2 3936 5070 4072 3937
4474 2 3932 5068 4076 3933
4475 2 3940 5055 4068 3941
4476 2 3942 5057 4065 3943
4477 2 3924 5112 4083 3925
4478 2 3930 5106 4077 3931
4479 2 3954 5050 4053 3955
4480 2 3950 5047 4057 3951
4481 2 3960 5042 4047 3961
4482 2 3962 5037 4045 3963
4483 2 3970 5007 4037 3971
4484 2 3952 5051 4055 3953
4485 2 3938 5099 4070 3939
4486 2 3948 5088 4059 3949
4487 2 3966 5034 4041 3967
4488 2 3958 5039 4050 3959
4489 2 3944 5085 4063 3945
4490 2 3956 5081 4051 3957
4491 2 3976 5028 4031 3977
4492 2 3978 5025 4030 3979
4493 2 3974 5023 4033 3975
4494 2 3968 5062 4039 3969
4495 2 3964 5071 4043 3965
4496 2 3980 5029 4027 3981
4497 2 3982 5031 4025 3983
4498 2 3990 5017 4017 3991
4499 2 3986 5020 4021 3987
4500 2 3988 5016 4019 3989
4501 2 3984 5054 4024 3985
4502 2 4064 5022 1945 1944
4503 2 3994 5013 4013 3995
4504 2 3972 5059 4035 3973
4505 2 3996 5012 4011 3997
4506 2 4040 5008 1969 1968
4507 2 4008 5010 2001 2000
4508 2 4028 5032 1981 1980
4509 2 4023 5019 1985 1984
4510 2 3992 5043 4015 3993
4511 2 4049 5040 1959 1958
4512 2 4016 5014 1993 1992
4513 2 4058 5052 1951 1950
4514 2 4020 5018 1989 1988
4515 2 4036 5024 1973 1972
4516 2 4052 5038 1957 1956
4517 2 4044 5033 1965 1964
4518 2 4078 5067 1931 1930
4519 2 4034 5027 1975 1974
4520 2 3998 5036 4010 3999
4521 2 4138 5101 1871 1870
4522 2 4022 5015 1987 1986
4523 2 4014 5011 1995 1994
4524 2 4060 5048 1949 1948
4525 2 4088 5045 1921 1920
4526 2 4114 5073 1895 1894
4527 2 4198 5156 1811 1810
4528 2 4048 5041 1961 1960
4529 2 4029 5030 1979 1978
4530 2 4069 5056 1939 1938
4531 2 4107 5064 1901 1900
4532 2 4098 5093 1911 1910
4533 2 4205 5167 1803 1802
4534 2 4100 5097 1909 1908
4535 2 4094 5083 1915 1914
4536 2 4084 5080 1925 1924
4537 2 4074 5069 1935 1934
4538 2 4152 5139 1857 1856
4539 2 4156 5113 1853 1852
4540 2 4032 5026 1977 1976
4541 2 4120 5108 1889 1888
4542 2 4038 5060 1971 1970
4543 2 4067 5058 1941 1940
4544 2 4144 5131 1865 1864
4545 2 4056 5049 1953 1952
4546 2 4090 5078 1919 1918
4547 2 4012 5035 1997 1996
4548 2 4130 5090 1879 1878
4549 2 4134 5121 1875 1874
4550 2 4123 5115 1885 1884
4551 2 4018 5044 1991 1990
4552 2 4082 5075 1927 1926
4553 2 4046 5072 1963 1962
4554 2 4103 5091 1905 1904
4555 2 4101 5095 1907 1906
4556 2 4075 5065 1933 1932
4557 2 4026 5053 1983 1982
4558 2 4164 5145 1845 1844
4559 2 4249 5203 1759 1758
4560 2 4105 5125 1903 1902
4561 2 4054 5082 1955 1954
4562 2 4115 5103 1893 1892
4563 2 4146 5130 1863 1862
4564 2 4112 5135 1897 1896
4565 2 4142 5127 1867 1866
4566 2 4096 5119 1913 1912
4567 2 4042 5061 1967 1966
4568 2 4220 5208 1789 1788
4569 2 4086 5111 1923 1922
4570 2 4257 5214 1751 1750
4571 2 4110 5124 1899 1898
4572 2 4232 5190 1777 1776
4573 2 4125 5117 1883 1882
4574 2 4092 5110 1917 1916
4575 2 4172 5173 1837 1836
4576 2 4170 5159 1839 1838
4577 2 4150 5137 1859 1858
4578 2 4160 5143 1849 1848
4579 2 4184 5179 1825 1824
4580 2 4071 5100 1937 1936
4581 2 4162 5149 1847 1846
4582 2 4118 5133 1891 1890
4583 2 4176 5195 1833 1832
4584 2 4066 5086 1943 1942
4585 2 4147 5172 1861 1860
4586 2 4166 5147 1843 1842
4587 2 4132 5152 1877 1876
4588 2 4062 5087 1947 1946
4589 2 4178 5157 1831 1830
4590 2 4242 5239 1767 1766
4591 2 4192 5186 1817 1816
4592 2 4180 5169 1829 1828
4593 2 4210 5197 1799 1798
4594 2 4158 5181 1851 1850
4595 2 4080 5105 1929 1928
4596 2 4136 5165 1873 1872
4597 2 4214 5201 1795 1794
4598 2 4185 5175 1823 1822
4599 2 4238 5228 1771 1770
4600 2 4273 5234 1735 1734
4601 2 4226 5220 1783 1782
4602 2 4243 5235 1765 1764
4603 2 4122 5142 1887 1886
4604 2 4281 5269 1727 1726
4605 2 4202 5193 1807 1806
4606 2 4188 5177 1821 1820
4607 2 4174 5161 1835 1834
4608 2 4278 5262 1731 1730
4609 2 4218 5209 1791 1790
4610 2 4195 5191 1813 1812
4611 2 4298 5277 1711 1710
4612 2 4227 5218 1781 1780
4613 2 4128 5153 1881 1880
4614 2 4262 5249 1747 1746
4615 2 4268 5258 1741 1740
4616 2 4236 5243 1773 1772
4617 2 4168 5187 1841 1840
4618 2 4194 5224 1815 1814
4619 2 4189 5211 1819 1818
4620 2 4221 5206 1787 1786
4621 2 4224 5248 1785 1784
4622 2 4314 5285 1695 1694
4623 2 4212 5215 1797 1796
4624 2 4246 5238 1763 1762
4625 2 4230 5253 1779 1778
4626 2 4216 5225 1793 1792
4627 2 4234 5241 1775 1774
4628 2 4280 5279 1729 1728
4629 2 4263 5252 1745 1744
4630 2 4182 5200 1827 1826
4631 2 4253 5246 1755 1754
4632 2 4283 5263 1725 1724
4633 2 4294 5282 1715 1714
4634 2 4154 5183 1855 1854
4635 2 4204 5231 1805 1804
4636 2 4260 5273 1749 1748
4637 2 4200 5221 1809 1808
4638 2 4140 5163 1869 1868
4639 2 4300 5292 1709 1708
4640 2 4337 5319 1671 1670
4641 2 4302 5303 1707 1706
4642 2 4208 5229 1801 1800
4643 2 4306 5289 1703 1702
4644 2 4348 5329 1661 1660
4645 2 4272 5297 1737 1736
4646 2 4304 5293 1705 1704
4647 2 4317 5308 1691 1690
4648 2 4290 5300 1719 1718
4649 2 4310 5302 1699 1698
4650 2 4296 5309 1713 1712
4651 2 4322 5312 1687 1686
4652 2 4270 5255 1739 1738
4653 2 4344 5337 1665 1664
4654 2 4342 5327 1667 1666
4655 2 4374 5364 1635 1634
4656 2 4327 5313 1681 1680
4657 2 4285 5271 1723 1722
4658 2 4292 5284 1717 1716
4659 2 4332 5323 1677 1676
4660 2 4316 5316 1693 1692
4661 2 4320 5326 1689 1688
4662 2 4240 5260 1769 1768
4663 2 4326 5333 1683 1682
4664 2 4390 5377 1619 1618
4665 2 4368 5357 1641 1640
4666 2 4356 5355 1653 1652
4667 2 4334 5321 1675 1674
4668 2 4312 5318 1697 1696
4669 2 4372 5362 1637 1636
4670 2 4252 5266 1757 1756
4671 2 4360 5345 1649 1648
4672 2 4382 5371 1627 1626
4673 2 4323 5331 1685 1684
4674 2 4248 5268 1761 1760
4675 2 4266 5288 1743 1742
4676 2 4256 5276 1753 1752
4677 2 4330 5339 1679 1678
4678 2 4358 5343 1651 1650
4679 2 4336 5341 1673 1672
4680 2 4414 5404 1595 1594
4681 2 4354 5349 1655 1654
4682 2 4366 5359 1643 1642
4683 2 4352 5353 1657 1656
4684 2 4363 5365 1645 1644
4685 2 4308 5335 1701 1700
4686 2 4406 5393 1603 1602
4687 2 4340 5351 1669 1668
4688 2 4350 5347 1659 1658
4689 2 4275 5296 1733 1732
4690 2 4399 5384 1609 1608
4691 2 4384 5369 1625 1624
4692 2 4436 5428 1573 1572
4693 2 4395 5388 1613 1612
4694 2 4288 5305 1721 1720
4695 2 4403 5397 1605 1604
4696 2 4376 5380 1633 1632
4697 2 4394 5402 1615 1614
4698 2 4429 5420 1579 1578
4699 2 4447 5437 1561 1560
4700 2 4422 5407 1587 1586
4701 2 4386 5391 1623 1622
4702 2 4387 5375 1621 1620
4703 2 4408 5395 1601 1600
4704 2 4378 5386 1631 1630
4705 2 4426 5421 1583 1582
4706 2 4370 5373 1639 1638
4707 2 4380 5389 1629 1628
4708 2 4402 5414 1607 1606
4709 2 4346 5367 1663 1662
4710 2 4420 5409 1589 1588
4711 2 4440 5431 1569 1568
4712 2 4432 5418 1577 1576
4713 2 4362 5381 1647 1646
4714 2 4418 5429 1591 1590
4715 2 4452 5446 1557 1556
4716 2 4398 5406 1611 1610
4717 2 4409 5411 1599 1598
4718 2 4453 5445 1555 1554
4719 2 4468 5447 1541 1540
4720 2 4474 5459 1535 1534
4721 2 4483 5469 1525 1524
4722 2 4442 5433 1567 1566
4723 2 4412 5416 1597 1596
4724 2 4463 5456 1545 1544
4725 2 4492 5465 1517 1516
4726 2 4416 5423 1593 1592
4727 2 4392 5399 1617 1616
4728 2 4460 5451 1549 1548
4729 2 4428 5435 1581 1580
4730 2 4446 5440 1563 1562
4731 2 4424 5425 1585 1584
4732 2 4466 5472 1543 1542
4733 2 4434 5442 1575 1574
4734 2 4504 5493 1505 1504
4735 2 4482 5477 1527 1526
4736 2 4437 5450 1571 1570
4737 2 4480 5475 1529 1528
4738 2 4458 5462 1551 1550
4739 2 4450 5454 1559 1558
4740 2 4488 5479 1521 1520
4741 2 4476 5483 1533 1532
4742 2 4496 5485 1513 1512
4743 2 4470 5474 1539 1538
4744 2 4455 5458 1553 1552
4745 2 4502 5492 1507 1506
4746 2 4461 5463 1547 1546
4747 2 4494 5495 1515 1514
4748 2 4520 5507 1489 1488
4749 2 4516 5499 1493 1492
4750 2 4512 5509 1497 1496
4751 2 4500 5504 1509 1508
4752 2 4486 5489 1523 1522
4753 2 4443 5468 1565 1564
4754 2 4508 5502 1501 1500
4755 2 4510 5505 1499 1498
4756 2 4552 5541 1457 1456
4757 2 4513 5514 1495 1494
4758 2 4522 5517 1487 1486
4759 2 4529 5528 1479 1478
4760 2 4540 5537 1469 1468
4761 2 4472 5481 1537 1536
4762 2 4545 5535 1463 1462
4763 2 4528 5521 1481 1480
4764 2 4536 5529 1473 1472
4765 2 4555 5543 1453 1452
4766 2 4518 5523 1491 1490
4767 2 4524 5519 1485 1484
4768 2 4558 5551 1451 1450
4769 2 4478 5488 1531 1530
4770 2 4506 5512 1503 1502
4771 2 4526 5525 1483 1482
4772 2 4532 5533 1477 1476
4773 2 4497 5498 1511 1510
4774 2 4534 5531 1475 1474
4775 2 4490 5516 1519 1518
4776 2 4562 5559 1447 1446
4777 2 4544 5549 1465 1464
4778 2 4538 5539 1471 1470
4779 2 4565 5557 1443 1442
4780 2 4582 5573 1427 1426
4781 2 4564 5555 1445 1444
4782 2 4576 5572 1433 1432
4783 2 4550 5553 1459 1458
4784 2 4548 5545 1461 1460
4785 2 4588 5579 1421 1420
4786 2 4542 5547 1467 1466
4787 2 4572 5569 1437 1436
4788 2 4600 5591 1409 1408
4789 2 4574 5561 1435 1434
4790 2 4568 5563 1441 1440
4791 2 4584 5581 1425 1424
4792 2 4596 5593 1413 1412
4793 2 4560 5565 1449 1448
4794 2 4592 5586 1417 1416
4795 2 4604 5598 1405 1404
4796 2 4590 5589 1419 1418
4797 2 4570 5575 1439 1438
4798 2 4577 5578 1431 1430
4799 2 4580 5583 1429 1428
4800 2 4586 5587 1423 1422
4801 2 4612 5609 1397 1396
4802 2 4554 5567 1455 1454
4803 2 4606 5603 1403 1402
4804 2 4626 5617 1383 1382
4805 2 4616 5605 1393 1392
4806 2 4602 5601 1407 1406
4807 2 4622 5613 1387 1386
4808 2 4610 5611 1399 1398
4809 2 4608 5607 1401 1400
4810 2 4594 5596 1415 1414
4811 2 4634 5631 1375 1374
4812 2 4614 5615 1395 1394
4813 2 4630 5625 1379 1378
4814 2 4598 5599 1411 1410
4815 2 4640 5639 1369 1368
4816 2 4632 5623 1377 1376
4817 2 4624 5627 1385 1384
4818 2 4620 5619 1389 1388
4819 2 4642 5629 1367 1366
4820 2 4648 5641 1361 1360
4821 2 4618 5621 1391 1390
4822 2 4636 5633 1373 1372
4823 2 4638 5637 1371 1370
4824 2 4628 5635 1381 1380
4825 2 4646 5643 1363 1362
4826 2 4650 5645 1359 1358
4827 2 4654 5649 1355 1354
4828 2 4644 5647 1365 1364
4829 2 4666 5661 1343 1342
4830 2 4656 5651 1353 1352
4831 2 4660 5655 1349 1348
4832 2 4658 5653 1351 1350
4833 2 4662 5659 1347 1346
4834 2 4652 5657 1357 1356
4835 2 4664 5663 1345 1344
4836 2 4674 5669 1335 1334
4837 2 4682 5678 1327 1326
4838 2 4672 5673 1337 1336
4839 2 4670 5667 1339 1338
4840 2 4667 5665 1341 1340
4841 2 4676 5671 1333 1332
4842 2 4677 5675 1331 1330
4843 2 4690 5681 1319 1318
4844 2 4688 5687 1321 1320
4845 2 4680 5679 1329 1328
4846 2 4702 5697 1307 1306
4847 2 4698 5693 1311 1310
4848 2 4692 5689 1317 1316
4849 2 4694 5691 1315 1314
4850 2 4684 5683 1325 1324
4851 2 4686 5685 1323 1322
4852 2 4695 5695 1313 1312
4853 2 4704 5699 1305 1304
4854 2 4710 5707 1299 1298
4855 2 4706 5705 1303 1302
4856 2 4699 5701 1309 1308
4857 2 4714 5714 1295 1294
4858 2 4708 5703 1301 1300
4859 2 4728 5721 1281 1280
4860 2 4720 5715 1289 1288
4861 2 4716 5711 1293 1292
4862 2 4724 5719 1285 1284
4863 2 4712 5710 1297 1296
4864 2 4738 5733 1271 1270
4865 2 4734 5729 1275 1274
4866 2 4717 5717 1291 1290
4867 2 4726 5725 1283 1282
4868 2 4721 5723 1287 1286
4869 2 4742 5737 1267 1266
4870 2 4729 5727 1279 1278
4871 2 4746 5741 1263 1262
4872 2 4735 5735 1273 1272
4873 2 4748 5743 1261 1260
4874 2 4732 5732 1277 1276
4875 2 4756 5751 1253 1252
4876 2 4740 5739 1269 1268
4877 2 4758 5755 1251 1250
4878 2 4751 5749 1257 1256
4879 2 4744 5745 1265 1264
4880 2 4750 5747 1259 1258
4881 2 4764 5761 1245 1244
4882 2 4754 5753 1255 1254
4883 2 4768 5765 1241 1240
4884 2 4762 5757 1247 1246
4885 2 4772 5769 1237 1236
4886 2 4760 5759 1249 1248
4887 2 4765 5763 1243 1242
4888 2 4775 5771 1233 1232
4889 2 4770 5767 1239 1238
4890 2 4774 5773 1235 1234
4891 2 4780 5775 1229 1228
4892 2 4778 5777 1231 1230
4893 2 4781 5779 1227 1226
4894 2 4784 5782 1225 1224
4895 2 4786 5784 1223 1222
4896 2 4792 5789 1217 1216
4897 2 4795 5793 1213 1212
4898 2 4788 5785 1221 1220
4899 2 4790 5787 1219 1218
4900 2 4798 5795 1211 1210
4901 2 4794 5791 1215 1214
4902 2 4804 5801 1205 1204
4903 2 4802 5797 1207 1206
4904 2 4808 5805 1201 1200
4905 2 4800 5799 1209 1208
4906 2 4806 5803 1203 1202
4907 2 4812 5809 1197 1196
4908 2 4810 5807 1199 1198
4909 2 4816 5815 1193 1192
4910 2 4824 5819 1185 1184
4911 2 4818 5813 1191 1190
4912 2 4813 5811 1195 1194
4913 2 4819 5817 1189 1188
4914 2 4828 5823 1181 1180
4915 2 4822 5821 1187 1186
4916 2 4830 5827 1179 1178
4917 2 4834 5831 1175 1174
4918 2 4826 5825 1183 1182
4919 2 4836 5833 1173 1172
4920 2 4832 5829 1177 1176
4921 2 4840 5837 1169 1168
4922 2 4838 5836 1171 1170
4923 2 4841 5840 1167 1166
4924 2 4844 5841 1165 1164
4925 2 4846 5843 1163 1162
4926 2 4850 5847 1159 1158
4927 2 4852 5849 1157 1156
4928 2 4848 5845 1161 1160
4929 2 4854 5851 1155 1154
4930 2 4855 5854 1153 1152
4931 2 4860 5857 1149 1148
4932 2 4857 5855 1151 1150
4933 2 4862 5860 1147 1146
4934 2 4864 5861 1145 1144
4935 2 4866 5863 1143 1142
4936 2 4870 5867 1139 1138
4937 2 4868 5865 1141 1140
4938 2 4874 5872 1135 1134
4939 2 4872 5869 1137 1136
4940 2 4876 5873 1133 1132
4941 2 4880 5878 1129 1128
4942 2 4878 5876 1131 1130
4943 2 4882 5879 1127 1126
4944 2 4884 5881 1125 1124
4945 2 4886 5883 1123 1122
4946 2 4888 5886 1121 1120
4947 2 4890 5887 1119 1118
4948 2 4892 5890 1117 1116
4949 2 4896 5893 1113 1112
4950 2 4894 5891 1115 1114
4951 2 4898 5895 1111 1110
4952 2 4901 5899 1107 1106
4953 2 4900 5897 1109 1108
4954 2 4904 5901 1105 1104
4955 2 4906 5903 1103 1102
4956 2 4908 5905 1101 1100
4957 2 4910 5907 1099 1098
4958 2 4914 5911 1095 1094
4959 2 4912 5909 1097 1096
4960 2 4916 5914 1093 1092
4961 2 4918 5915 1091 1090
4962 2 4920 5917 1089 1088
4963 2 4922 5919 1087 1086
4964 2 4924 5921 1085 1084
4965 2 4926 5923 1083 1082
4966 2 4928 5925 1081 1080
4967 2 4930 5927 1079 1078
4968 2 4932 5929 1077 1076
4969 2 4934 5932 1075 1074
4970 2 4936 5934 1073 1072
4971 2 4938 5936 1071 1070
4972 2 4939 5938 1069 1068
4973 2 4942 5940 1067 1066
4974 2 4944 5942 1065 1064
4975 2 4946 5944 1063 1062
4976 2 4948 5945 1061 1060
4977 2 4950 5948 1059 1058
4978 2 4952 5949 1057 1056
4979 2 4954 5951 1055 1054
4980 2 4956 5954 1053 1052
4981 2 4958 5955 1051 1050
4982 2 4960 5957 1049 1048
4983 2 4964 5961 1045 1044
4984 2 4961 5959 1047 1046
4985 2 4966 5963 1043 1042
4986 2 4968 5965 1041 1040
4987 2 4970 5967 1039 1038
4988 2 4972 5970 1037 1036
4989 2 4974 5972 1035 1034
4990 2 4976 5974 1033 1032
4991 2 4978 5975 1031 1030
4992 2 4980 5977 1029 1028
4993 2 4982 5980 1027 1026
4994 2 4984 5981 1025 1024
4995 2 4992 5989 1017 1016
4996 2 4986 5983 1023 1022
4997 2 4990 5987 1019 1018
4998 2 4996 5993 1013 1012
4999 2 4994 5991 1015 1014
5000 2 4988 5985 1021 1020
5001 2 4998 5995 1011 1010
5002 2 5000 5997 1009 1008
5003 2 5002 5999 1007 1006
5004 2 3006 5004 5001 3007
5005 2 4000 5005 4007 4001
5006 2 2008 4008 5006 2009
5007 2 4009 5006 1999 1998
5008 2 5005 4010 9 8
5009 2 3003 6001 5003 3004
5010 2 5009 4007 7 6
5011 2 2012 4012 5011 2013
5012 2 5012 4013 13 12
5013 2 2010 4009 5035 2011
5014 2 5009 6 4005 4002
5015 2 2006 4006 5010 2007
5016 2 2030 4029 5026 2031
5017 2 5029 4030 29 28
5018 2 5016 4021 21 20
5019 2 5036 4011 11 10
5020 2 2016 4016 5044 2017
5021 2 2020 4020 5015 2021
5022 2 5013 4015 15 14
5023 2 5043 4017 17 16
5024 2 2028 4028 5030 2029
5025 2 2014 4014 5014 2015
5026 2 5025 4031 31 30
5027 2 5031 4027 27 26
5028 2 5017 4019 19 18
5029 2 5020 4024 23 22
5030 2 5059 4037 37 36
5031 2 2040 4040 5061 2041
5032 2 2024 4023 5053 2025
5033 2 2018 4018 5018 2019
5034 2 2022 4022 5019 2023
5035 2 5023 4035 35 34
5036 2 2034 4034 5024 2035
5037 2 5054 4025 25 24
5038 2 2032 4032 5027 2033
5039 2 2036 4036 5060 2037
5040 2 5071 4045 45 44
5041 2 2038 4038 5008 2039
5042 2 5028 4033 33 32
5043 2 2026 4026 5032 2027
5044 2 5062 4041 41 40
5045 2 5007 4039 39 38
5046 2 2064 4064 5086 2065
5047 2 2044 4044 5072 2045
5048 2 5039 4051 51 50
5049 2 2060 4060 5087 2061
5050 2 2054 4054 5049 2055
5051 2 5085 4065 65 64
5052 2 2042 4042 5033 2043
5053 2 5034 4043 43 42
5054 2 2046 4046 5041 2047
5055 2 2050 4049 5038 2051
5056 2 5088 4061 61 60
5057 2 2066 4066 5058 2067
5058 2 5051 4057 57 56
5059 2 2052 4052 5082 2053
5060 2 5050 4055 55 54
5061 2 5057 4068 67 66
5062 2 5037 4047 47 46
5063 2 5081 4053 53 52
5064 2 2070 4069 5100 2071
5065 2 5021 4063 63 62
5066 2 5099 4072 71 70
5067 2 2078 4078 5105 2079
5068 2 5047 4059 59 58
5069 2 2058 4058 5048 2059
5070 2 2074 4074 5065 2075
5071 2 2068 4067 5056 2069
5072 2 5042 4050 49 48
5073 2 5055 4070 69 68
5074 2 5070 4073 73 72
5075 2 5068 4077 77 76
5076 2 2072 4071 5069 2073
5077 2 5106 4079 79 78
5078 2 2062 4062 5022 2063
5079 2 2048 4048 5040 2049
5080 2 2056 4056 5052 2057
5081 2 2086 4086 5045 2087
5082 2 2088 4088 5078 2089
5083 2 5112 4085 85 84
5084 2 2080 4080 5075 2081
5085 2 5077 4089 89 88
5086 2 5066 4076 75 74
5087 2 5046 4087 87 86
5088 2 5076 4081 81 80
5089 2 5079 4083 83 82
5090 2 2082 4082 5080 2083
5091 2 2076 4075 5067 2077
5092 2 2084 4084 5111 2085
5093 2 5098 4099 99 98
5094 2 2090 4090 5110 2091
5095 2 2092 4092 5083 2093
5096 2 2106 4105 5064 2107
5097 2 2102 4101 5091 2103
5098 2 5084 4093 93 92
5099 2 2100 4100 5095 2101
5100 2 5074 4113 113 112
5101 2 2112 4112 5073 2113
5102 2 2098 4098 5097 2099
5103 2 5092 4104 103 102
5104 2 5109 4091 91 90
5105 2 2114 4114 5103 2115
5106 2 5096 4102 101 100
5107 2 5134 4117 117 116
5108 2 5126 4106 105 104
5109 2 5120 4095 95 94
5110 2 5063 4108 107 106
5111 2 5136 4111 111 110
5112 2 2094 4094 5119 2095
5113 2 2116 4115 5133 2117
5114 2 2124 4123 5117 2125
5115 2 5094 4097 97 96
5116 2 2096 4096 5093 2097
5117 2 2120 4120 5142 2121
5118 2 5154 4127 127 126
5119 2 5118 4126 125 124
5120 2 2108 4107 5124 2109
5121 2 2138 4138 5163 2139
5122 2 2126 4125 5153 2127
5123 2 5141 4121 121 120
5124 2 5107 4119 119 118
5125 2 2128 4128 5090 2129
5126 2 2104 4103 5125 2105
5127 2 2118 4118 5108 2119
5128 2 5123 4109 109 108
5129 2 5116 4124 123 122
5130 2 5104 4116 115 114
5131 2 2110 4110 5135 2111
5132 2 2122 4122 5115 2123
5133 2 5102 4137 137 136
5134 2 5151 4131 131 130
5135 2 5164 4139 139 138
5136 2 5089 4129 129 128
5137 2 2130 4130 5152 2131
5138 2 2152 4152 5183 2153
5139 2 5122 4133 133 132
5140 2 5184 4153 153 152
5141 2 2136 4136 5101 2137
5142 2 5166 4135 135 134
5143 2 2148 4147 5137 2149
5144 2 5182 4157 157 156
5145 2 2132 4132 5121 2133
5146 2 2134 4134 5165 2135
5147 2 2140 4140 5127 2141
5148 2 5128 4141 141 140
5149 2 5138 4149 149 148
5150 2 2144 4144 5130 2145
5151 2 2164 4164 5147 2165
5152 2 5171 4148 147 146
5153 2 5129 4145 145 144
5154 2 5188 4167 167 166
5155 2 2154 4154 5113 2155
5156 2 5132 4143 143 142
5157 2 2172 4172 5161 2173
5158 2 2166 4166 5187 2167
5159 2 2158 4158 5143 2159
5160 2 5140 4151 151 150
5161 2 2156 4156 5181 2157
5162 2 2160 4160 5149 2161
5163 2 2142 4142 5131 2143
5164 2 5146 4163 163 162
5165 2 2146 4146 5172 2147
5166 2 5144 4159 159 158
5167 2 5114 4155 155 154
5168 2 2176 4176 5157 2177
5169 2 5158 4177 177 176
5170 2 5148 4165 165 164
5171 2 2162 4162 5145 2163
5172 2 2150 4150 5139 2151
5173 2 2178 4178 5169 2179
5174 2 5150 4161 161 160
5175 2 2168 4168 5159 2169
5176 2 5162 4173 173 172
5177 2 5174 4171 171 170
5178 2 2186 4185 5177 2187
5179 2 5180 4183 183 182
5180 2 5170 4179 179 178
5181 2 5160 4169 169 168
5182 2 2180 4180 5200 2181
5183 2 2170 4170 5173 2171
5184 2 2184 4184 5175 2185
5185 2 5199 4181 181 180
5186 2 5196 4175 175 174
5187 2 5176 4186 185 184
5188 2 2182 4182 5179 2183
5189 2 5178 4187 187 186
5190 2 5212 4190 189 188
5191 2 2198 4198 5221 2199
5192 2 2188 4188 5211 2189
5193 2 5223 4193 193 192
5194 2 5222 4199 199 198
5195 2 2174 4174 5195 2175
5196 2 2200 4200 5193 2201
5197 2 2190 4189 5186 2191
5198 2 2194 4194 5191 2195
5199 2 2206 4205 5229 2207
5200 2 5185 4191 191 190
5201 2 5194 4201 201 200
5202 2 5230 4207 207 206
5203 2 2192 4192 5224 2193
5204 2 2210 4210 5215 2211
5205 2 2220 4220 5206 2221
5206 2 5192 4196 195 194
5207 2 5202 4213 213 212
5208 2 5168 4206 205 204
5209 2 5216 4211 211 210
5210 2 5198 4209 209 208
5211 2 5226 4215 215 214
5212 2 2208 4208 5197 2209
5213 2 2214 4214 5225 2215
5214 2 2212 4212 5201 2213
5215 2 2202 4202 5231 2203
5216 2 5155 4197 197 196
5217 2 5205 4222 221 220
5218 2 5232 4203 203 202
5219 2 2196 4195 5156 2197
5220 2 2204 4204 5167 2205
5221 2 2216 4216 5209 2217
5222 2 5207 4219 219 218
5223 2 5247 4223 223 222
5224 2 5219 4225 225 224
5225 2 2230 4230 5190 2231
5226 2 2224 4224 5220 2225
5227 2 2226 4226 5218 2227
5228 2 2244 4243 5238 2245
5229 2 5237 4245 245 244
5230 2 5254 4229 229 228
5231 2 2232 4232 5241 2233
5232 2 2222 4221 5248 2223
5233 2 5189 4231 231 230
5234 2 5227 4237 237 236
5235 2 5210 4217 217 216
5236 2 2238 4238 5260 2239
5237 2 5244 4235 235 234
5238 2 2236 4236 5228 2237
5239 2 2218 4218 5208 2219
5240 2 2250 4249 5266 2251
5241 2 5259 4239 239 238
5242 2 2234 4234 5243 2235
5243 2 2246 4246 5268 2247
5244 2 5217 4228 227 226
5245 2 2228 4227 5253 2229
5246 2 2252 4252 5246 2253
5247 2 5242 4233 233 232
5248 2 5204 4250 249 248
5249 2 5236 4244 243 242
5250 2 5265 4251 251 250
5251 2 5245 4254 253 252
5252 2 2254 4253 5276 2255
5253 2 5267 4247 247 246
5254 2 2242 4242 5235 2243
5255 2 5240 4241 241 240
5256 2 5275 4255 255 254
5257 2 2262 4262 5252 2263
5258 2 5287 4265 265 264
5259 2 2268 4268 5255 2269
5260 2 5250 4261 261 260
5261 2 2264 4263 5288 2265
5262 2 2248 4248 5203 2249
5263 2 5213 4258 257 256
5264 2 5274 4259 259 258
5265 2 2260 4260 5249 2261
5266 2 2240 4240 5239 2241
5267 2 5251 4264 263 262
5268 2 2256 4256 5214 2257
5269 2 5256 4269 269 268
5270 2 2272 4272 5234 2273
5271 2 2284 4283 5271 2285
5272 2 2274 4273 5296 2275
5273 2 2258 4257 5273 2259
5274 2 5298 4271 271 270
5275 2 5233 4274 273 272
5276 2 5272 4286 285 284
5277 2 5264 4284 283 282
5278 2 2286 4285 5305 2287
5279 2 2282 4281 5263 2283
5280 2 5257 4267 267 266
5281 2 2266 4266 5258 2267
5282 2 5295 4276 275 274
5283 2 5306 4287 287 286
5284 2 2270 4270 5297 2271
5285 2 2290 4290 5284 2291
5286 2 5270 4282 281 280
5287 2 5280 4279 279 278
5288 2 5299 4289 289 288
5289 2 2278 4278 5279 2279
5290 2 5283 4291 291 290
5291 2 5261 4277 277 276
5292 2 2304 4304 5289 2305
5293 2 2276 4275 5262 2277
5294 2 2288 4288 5300 2289
5295 2 2292 4292 5282 2293
5296 2 5281 4293 293 292
5297 2 2280 4280 5269 2281
5298 2 2302 4302 5293 2303
5299 2 5294 4303 303 302
5300 2 5290 4305 305 304
5301 2 5304 4301 301 300
5302 2 2298 4298 5292 2299
5303 2 5278 4297 297 296
5304 2 5291 4299 299 298
5305 2 2300 4300 5303 2301
5306 2 5336 4307 307 306
5307 2 5310 4295 295 294
5308 2 2306 4306 5335 2307
5309 2 2294 4294 5309 2295
5310 2 2296 4296 5277 2297
5311 2 2308 4308 5302 2309
5312 2 5317 4311 311 310
5313 2 2312 4312 5285 2313
5314 2 5286 4313 313 312
5315 2 5301 4309 309 308
5316 2 2310 4310 5318 2311
5317 2 5325 4319 319 318
5318 2 2316 4316 5308 2317
5319 2 2320 4320 5312 2321
5320 2 2314 4314 5316 2315
5321 2 5315 4315 315 314
5322 2 2318 4317 5326 2319
5323 2 5307 4318 317 316
5324 2 5334 4325 325 324
5325 2 5311 4321 321 320
5326 2 2322 4322 5331 2323
5327 2 5332 4324 323 322
5328 2 5340 4329 329 328
5329 2 5314 4328 327 326
5330 2 2332 4332 5321 2333
5331 2 2326 4326 5313 2327
5332 2 2328 4327 5339 2329
5333 2 2324 4323 5333 2325
5334 2 5324 4331 331 330
5335 2 2330 4330 5323 2331
5336 2 5322 4333 333 332
5337 2 2334 4334 5341 2335
5338 2 5342 4335 335 334
5339 2 5352 4339 339 338
5340 2 2338 4337 5351 2339
5341 2 5338 4343 343 342
5342 2 2340 4340 5327 2341
5343 2 5328 4341 341 340
5344 2 2348 4348 5347 2349
5345 2 2336 4336 5319 2337
5346 2 5320 4338 337 336
5347 2 2342 4342 5337 2343
5348 2 2344 4344 5367 2345
5349 2 5348 4349 349 348
5350 2 5368 4345 345 344
5351 2 2356 4356 5343 2357
5352 2 5330 4347 347 346
5353 2 2350 4350 5353 2351
5354 2 2352 4352 5349 2353
5355 2 5344 4357 357 356
5356 2 2346 4346 5329 2347
5357 2 5354 4351 351 350
5358 2 5350 4353 353 352
5359 2 2358 4358 5345 2359
5360 2 5356 4355 355 354
5361 2 2360 4360 5381 2361
5362 2 5382 4361 361 360
5363 2 5346 4359 359 358
5364 2 2364 4363 5359 2365
5365 2 2354 4354 5355 2355
5366 2 5366 4364 363 362
5367 2 5360 4365 365 364
5368 2 2362 4362 5365 2363
5369 2 2368 4368 5373 2369
5370 2 5358 4367 367 366
5371 2 2366 4366 5357 2367
5372 2 2374 4374 5380 2375
5373 2 5374 4369 369 368
5374 2 2370 4370 5362 2371
5375 2 5361 4371 371 370
5376 2 5363 4373 373 372
5377 2 5379 4375 375 374
5378 2 2376 4376 5386 2377
5379 2 5372 4381 381 380
5380 2 5392 4385 385 384
5381 2 5390 4379 379 378
5382 2 2386 4386 5375 2387
5383 2 2390 4390 5399 2391
5384 2 2378 4378 5389 2379
5385 2 5385 4377 377 376
5386 2 2382 4382 5369 2383
5387 2 2372 4372 5364 2373
5388 2 2384 4384 5391 2385
5389 2 5370 4383 383 382
5390 2 2380 4380 5371 2381
5391 2 5376 4388 387 386
5392 2 5400 4391 391 390
5393 2 5401 4393 393 392
5394 2 5378 4389 389 388
5395 2 5387 4396 395 394
5396 2 2394 4394 5388 2395
5397 2 2398 4398 5384 2399
5398 2 2392 4392 5402 2393
5399 2 2388 4387 5377 2389
5400 2 2406 4406 5395 2407
5401 2 2396 4395 5406 2397
5402 2 5383 4400 399 398
5403 2 5413 4401 401 400
5404 2 5405 4397 397 396
5405 2 5396 4407 407 406
5406 2 5394 4405 405 404
5407 2 2408 4408 5411 2409
5408 2 2402 4402 5397 2403
5409 2 2400 4399 5414 2401
5410 2 2404 4403 5393 2405
5411 2 5398 4404 403 402
5412 2 2410 4409 5416 2411
5413 2 5412 4410 409 408
5414 2 2414 4414 5423 2415
5415 2 5424 4415 415 414
5416 2 5415 4411 411 410
5417 2 5410 4419 419 418
5418 2 2422 4422 5425 2423
5419 2 5403 4413 413 412
5420 2 2418 4418 5409 2419
5421 2 5430 4417 417 416
5422 2 5422 4425 425 424
5423 2 5408 4421 421 420
5424 2 2420 4420 5407 2421
5425 2 5426 4423 423 422
5426 2 2412 4412 5404 2413
5427 2 2416 4416 5429 2417
5428 2 2424 4424 5421 2425
5429 2 2430 4429 5418 2431
5430 2 2426 4426 5435 2427
5431 2 2432 4432 5442 2433
5432 2 2440 4440 5433 2441
5433 2 5419 4430 429 428
5434 2 5436 4427 427 426
5435 2 5417 4431 431 430
5436 2 5441 4433 433 432
5437 2 5467 4444 443 442
5438 2 2428 4428 5420 2429
5439 2 2436 4436 5450 2437
5440 2 5434 4441 441 440
5441 2 5432 4439 439 438
5442 2 2442 4442 5468 2443
5443 2 2438 4437 5431 2439
5444 2 5427 4435 435 434
5445 2 5449 4438 437 436
5446 2 2444 4443 5440 2445
5447 2 2434 4434 5428 2435
5448 2 5453 4449 449 448
5449 2 2448 4447 5454 2449
5450 2 5444 4451 451 450
5451 2 2454 4453 5458 2455
5452 2 5439 4445 445 444
5453 2 2452 4452 5445 2453
5454 2 2450 4450 5446 2451
5455 2 5438 4448 447 446
5456 2 5443 4454 453 452
5457 2 5457 4456 455 454
5458 2 5461 4457 457 456
5459 2 2446 4446 5437 2447
5460 2 2460 4460 5463 2461
5461 2 2458 4458 5451 2459
5462 2 5473 4469 469 468
5463 2 2466 4466 5447 2467
5464 2 2456 4455 5462 2457
5465 2 5452 4459 459 458
5466 2 2470 4470 5481 2471
5467 2 2468 4468 5474 2469
5468 2 5464 4462 461 460
5469 2 5448 4467 467 466
5470 2 5471 4465 465 464
5471 2 5455 4464 463 462
5472 2 2462 4461 5456 2463
5473 2 2476 4476 5488 2477
5474 2 5482 4471 471 470
5475 2 2464 4463 5472 2465
5476 2 5484 4475 475 474
5477 2 5487 4477 477 476
5478 2 2474 4474 5483 2475
5479 2 5460 4473 473 472
5480 2 5478 4481 481 480
5481 2 2472 4472 5459 2473
5482 2 2480 4480 5477 2481
5483 2 2478 4478 5475 2479
5484 2 5476 4479 479 478
5485 2 5515 4489 489 488
5486 2 2484 4483 5489 2485
5487 2 2486 4486 5479 2487
5488 2 5470 4484 483 482
5489 2 2482 4482 5469 2483
5490 2 5490 4485 485 484
5491 2 2490 4490 5465 2491
5492 2 5480 4487 487 486
5493 2 5466 4491 491 490
5494 2 2488 4488 5516 2489
5495 2 2494 4494 5485 2495
5496 2 2496 4496 5498 2497
5497 2 5486 4495 495 494
5498 2 5496 4493 493 492
5499 2 2492 4492 5495 2493
5500 2 5503 4499 499 498
5501 2 5497 4498 497 496
5502 2 2504 4504 5512 2505
5503 2 2500 4500 5492 2501
5504 2 2498 4497 5504 2499
5505 2 5511 4505 505 504
5506 2 5494 4503 503 502
5507 2 5491 4501 501 500
5508 2 5501 4507 507 506
5509 2 2506 4506 5502 2507
5510 2 2502 4502 5493 2503
5511 2 2508 4508 5505 2509
5512 2 5506 4509 509 508
5513 2 5513 4514 513 512
5514 2 5510 4511 511 510
5515 2 2512 4512 5514 2513
5516 2 2514 4513 5499 2515
5517 2 2510 4510 5509 2511
5518 2 5500 4515 515 514
5519 2 5524 4517 517 516
5520 2 5518 4521 521 520
5521 2 2516 4516 5523 2517
5522 2 5508 4519 519 518
5523 2 2518 4518 5507 2519
5524 2 2522 4522 5519 2523
5525 2 2520 4520 5517 2521
5526 2 5520 4523 523 522
5527 2 2524 4524 5525 2525
5528 2 5526 4525 525 524
5529 2 5522 4527 527 526
5530 2 2526 4526 5521 2527
5531 2 5527 4530 529 528
5532 2 2528 4528 5528 2529
5533 2 5534 4531 531 530
5534 2 2530 4529 5533 2531
5535 2 2532 4532 5531 2533
5536 2 2536 4536 5539 2537
5537 2 5530 4535 535 534
5538 2 5532 4533 533 532
5539 2 2534 4534 5529 2535
5540 2 5540 4537 537 536
5541 2 5538 4539 539 538
5542 2 2538 4538 5537 2539
5543 2 2540 4540 5547 2541
5544 2 5550 4543 543 542
5545 2 2546 4545 5545 2547
5546 2 5548 4541 541 540
5547 2 2544 4544 5535 2545
5548 2 5536 4546 545 544
5549 2 5546 4547 547 546
5550 2 2542 4542 5549 2543
5551 2 5542 4551 551 550
5552 2 5554 4549 549 548
5553 2 2548 4548 5553 2549
5554 2 2552 4552 5567 2553
5555 2 2550 4550 5541 2551
5556 2 5568 4553 553 552
5557 2 2554 4554 5543 2555
5558 2 5544 4556 555 554
5559 2 2558 4558 5565 2559
5560 2 5552 4557 557 556
5561 2 2556 4555 5551 2557
5562 2 5566 4559 559 558
5563 2 2562 4562 5555 2563
5564 2 5558 4566 565 564
5565 2 2564 4564 5557 2565
5566 2 5556 4563 563 562
5567 2 5560 4561 561 560
5568 2 2566 4565 5563 2567
5569 2 5564 4567 567 566
5570 2 2560 4560 5559 2561
5571 2 2568 4568 5575 2569
5572 2 5576 4569 569 568
5573 2 5570 4571 571 570
5574 2 2572 4572 5561 2573
5575 2 2570 4570 5569 2571
5576 2 5562 4573 573 572
5577 2 2576 4576 5578 2577
5578 2 5571 4575 575 574
5579 2 5577 4578 577 576
5580 2 2578 4577 5583 2579
5581 2 2574 4574 5572 2575
5582 2 5584 4579 579 578
5583 2 5582 4583 583 582
5584 2 2582 4582 5581 2583
5585 2 2584 4584 5587 2585
5586 2 5574 4581 581 580
5587 2 5588 4585 585 584
5588 2 5590 4589 589 588
5589 2 2580 4580 5573 2581
5590 2 2590 4590 5586 2591
5591 2 5585 4591 591 590
5592 2 2592 4592 5596 2593
5593 2 2588 4588 5589 2589
5594 2 5580 4587 587 586
5595 2 2586 4586 5579 2587
5596 2 5595 4593 593 592
5597 2 5594 4595 595 594
5598 2 2596 4596 5599 2597
5599 2 2594 4594 5593 2595
5600 2 5600 4597 597 596
5601 2 2600 4600 5601 2601
5602 2 5592 4599 599 598
5603 2 5602 4601 601 600
5604 2 5604 4605 605 604
5605 2 2604 4604 5603 2605
5606 2 2598 4598 5591 2599
5607 2 2602 4602 5598 2603
5608 2 5597 4603 603 602
5609 2 2606 4606 5607 2607
5610 2 5610 4611 611 610
5611 2 5612 4609 609 608
5612 2 2608 4608 5611 2609
5613 2 5608 4607 607 606
5614 2 2614 4614 5605 2615
5615 2 5616 4613 613 612
5616 2 2612 4612 5615 2613
5617 2 5606 4615 615 614
5618 2 2610 4610 5609 2611
5619 2 5622 4617 617 616
5620 2 2616 4616 5621 2617
5621 2 5620 4619 619 618
5622 2 2618 4618 5619 2619
5623 2 2620 4620 5613 2621
5624 2 5628 4623 623 622
5625 2 5614 4621 621 620
5626 2 2624 4624 5617 2625
5627 2 2622 4622 5627 2623
5628 2 2626 4626 5635 2627
5629 2 5626 4629 629 628
5630 2 5636 4627 627 626
5631 2 5618 4625 625 624
5632 2 2630 4630 5623 2631
5633 2 5624 4631 631 630
5634 2 2628 4628 5625 2629
5635 2 2634 4634 5633 2635
5636 2 5632 4633 633 632
5637 2 5634 4635 635 634
5638 2 2636 4636 5637 2637
5639 2 2632 4632 5631 2633
5640 2 2640 4640 5629 2641
5641 2 5638 4637 637 636
5642 2 5640 4639 639 638
5643 2 5648 4643 643 642
5644 2 5630 4641 641 640
5645 2 2642 4642 5647 2643
5646 2 2644 4644 5643 2645
5647 2 2638 4638 5639 2639
5648 2 5644 4645 645 644
5649 2 2648 4648 5645 2649
5650 2 2646 4646 5641 2647
5651 2 5642 4647 647 646
5652 2 5646 4649 649 648
5653 2 5658 4651 651 650
5654 2 2650 4650 5657 2651
5655 2 5650 4653 653 652
5656 2 2652 4652 5649 2653
5657 2 5652 4655 655 654
5658 2 2654 4654 5651 2655
5659 2 5654 4657 657 656
5660 2 2656 4656 5653 2657
5661 2 2658 4658 5655 2659
5662 2 5656 4659 659 658
5663 2 2660 4660 5659 2661
5664 2 5660 4661 661 660
5665 2 5664 4663 663 662
5666 2 2662 4662 5663 2663
5667 2 2666 4666 5665 2667
5668 2 5662 4665 665 664
5669 2 2664 4664 5661 2665
5670 2 5666 4668 667 666
5671 2 5668 4669 669 668
5672 2 2668 4667 5667 2669
5673 2 5674 4671 671 670
5674 2 2674 4674 5671 2675
5675 2 5670 4673 673 672
5676 2 2670 4670 5673 2671
5677 2 5672 4675 675 674
5678 2 2672 4672 5669 2673
5679 2 2676 4676 5675 2677
5680 2 5676 4678 677 676
5681 2 2678 4677 5679 2679
5682 2 5680 4679 679 678
5683 2 5684 4683 683 682
5684 2 5677 4681 681 680
5685 2 2682 4682 5683 2683
5686 2 2680 4680 5678 2681
5687 2 2684 4684 5685 2685
5688 2 5686 4685 685 684
5689 2 5688 4687 687 686
5690 2 2686 4686 5687 2687
5691 2 2688 4688 5681 2689
5692 2 5682 4689 689 688
5693 2 2690 4690 5689 2691
5694 2 5690 4691 691 690
5695 2 5692 4693 693 692
5696 2 2692 4692 5691 2693
5697 2 2694 4694 5695 2695
5698 2 5696 4696 695 694
5699 2 2696 4695 5693 2697
5700 2 5694 4697 697 696
5701 2 2698 4698 5701 2699
5702 2 5702 4700 699 698
5703 2 5698 4701 701 700
5704 2 2700 4699 5697 2701
5705 2 5700 4703 703 702
5706 2 2702 4702 5699 2703
5707 2 2704 4704 5705 2705
5708 2 5706 4705 705 704
5709 2 2706 4706 5703 2707
5710 2 5704 4707 707 706
5711 2 5708 4709 709 708
5712 2 2708 4708 5707 2709
5713 2 2710 4710 5710 2711
5714 2 5709 4711 711 710
5715 2 5713 4713 713 712
5716 2 2712 4712 5714 2713
5717 2 5718 4718 717 716
5718 2 2714 4714 5711 2715
5719 2 5712 4715 715 714
5720 2 2716 4716 5717 2717
5721 2 2718 4717 5715 2719
5722 2 5716 4719 719 718
5723 2 2720 4720 5723 2721
5724 2 5724 4722 721 720
5725 2 5720 4723 723 722
5726 2 2722 4721 5719 2723
5727 2 2724 4724 5725 2725
5728 2 5726 4725 725 724
5729 2 5722 4727 727 726
5730 2 5728 4730 729 728
5731 2 2728 4728 5727 2729
5732 2 2726 4726 5721 2727
5733 2 2730 4729 5732 2731
5734 2 5731 4731 731 730
5735 2 5730 4733 733 732
5736 2 2732 4732 5729 2733
5737 2 5736 4736 735 734
5738 2 2734 4734 5735 2735
5739 2 5734 4737 737 736
5740 2 2738 4738 5739 2739
5741 2 2736 4735 5733 2737
5742 2 5740 4739 739 738
5743 2 5746 4743 743 742
5744 2 2740 4740 5737 2741
5745 2 5738 4741 741 740
5746 2 2742 4742 5745 2743
5747 2 5744 4747 747 746
5748 2 2744 4744 5741 2745
5749 2 5742 4745 745 744
5750 2 2748 4748 5747 2749
5751 2 2746 4746 5743 2747
5752 2 5748 4749 749 748
5753 2 5750 4752 751 750
5754 2 2750 4750 5749 2751
5755 2 2752 4751 5753 2753
5756 2 5754 4753 753 752
5757 2 5752 4755 755 754
5758 2 2754 4754 5751 2755
5759 2 5756 4757 757 756
5760 2 2756 4756 5755 2757
5761 2 5760 4759 759 758
5762 2 2758 4758 5759 2759
5763 2 2760 4760 5757 2761
5764 2 5758 4761 761 760
5765 2 5762 4763 763 762
5766 2 2762 4762 5761 2763
5767 2 2764 4764 5763 2765
5768 2 5764 4766 765 764
5769 2 5766 4767 767 766
5770 2 2766 4765 5765 2767
5771 2 2768 4768 5767 2769
5772 2 5768 4769 769 768
5773 2 2770 4770 5769 2771
5774 2 5770 4771 771 770
5775 2 5774 4773 773 772
5776 2 2772 4772 5773 2773
5777 2 2774 4774 5771 2775
5778 2 5772 4776 775 774
5779 2 5778 4777 777 776
5780 2 2776 4775 5777 2777
5781 2 2778 4778 5775 2779
5782 2 5776 4779 779 778
5783 2 2780 4780 5779 2781
5784 2 5780 4782 781 780
5785 2 5781 4783 783 782
5786 2 2782 4781 5782 2783
5787 2 5783 4785 785 784
5788 2 2784 4784 5784 2785
5789 2 2786 4786 5785 2787
5790 2 5786 4787 787 786
5791 2 2788 4788 5787 2789
5792 2 5788 4789 789 788
5793 2 5790 4791 791 790
5794 2 2790 4790 5789 2791
5795 2 2792 4792 5791 2793
5796 2 5792 4793 793 792
5797 2 5794 4796 795 794
5798 2 2794 4794 5793 2795
5799 2 5796 4797 797 796
5800 2 2796 4795 5795 2797
5801 2 2798 4798 5799 2799
5802 2 5800 4799 799 798
5803 2 2800 4800 5797 2801
5804 2 5798 4801 801 800
5805 2 5802 4803 803 802
5806 2 2804 4804 5803 2805
5807 2 2802 4802 5801 2803
5808 2 5804 4805 805 804
5809 2 2806 4806 5805 2807
5810 2 5806 4807 807 806
5811 2 2808 4808 5807 2809
5812 2 5808 4809 809 808
5813 2 5810 4811 811 810
5814 2 2810 4810 5809 2811
5815 2 2812 4812 5811 2813
5816 2 5812 4814 813 812
5817 2 5816 4815 815 814
5818 2 2814 4813 5815 2815
5819 2 2816 4816 5813 2817
5820 2 5814 4817 817 816
5821 2 5818 4820 819 818
5822 2 2818 4818 5817 2819
5823 2 2820 4819 5821 2821
5824 2 5822 4821 821 820
5825 2 5820 4823 823 822
5826 2 2822 4822 5819 2823
5827 2 5826 4825 825 824
5828 2 2824 4824 5825 2825
5829 2 2826 4826 5823 2827
5830 2 5824 4827 827 826
5831 2 5828 4829 829 828
5832 2 2828 4828 5827 2829
5833 2 2830 4830 5829 2831
5834 2 5830 4831 831 830
5835 2 5832 4833 833 832
5836 2 2832 4832 5831 2833
5837 2 2834 4834 5833 2835
5838 2 5834 4835 835 834
5839 2 2836 4836 5836 2837
5840 2 5835 4837 837 836
5841 2 2838 4838 5837 2839
5842 2 5838 4839 839 838
5843 2 2840 4840 5840 2841
5844 2 5839 4842 841 840
5845 2 5842 4843 843 842
5846 2 2842 4841 5841 2843
5847 2 2844 4844 5843 2845
5848 2 5844 4845 845 844
5849 2 2846 4846 5845 2847
5850 2 5846 4847 847 846
5851 2 5848 4849 849 848
5852 2 2848 4848 5847 2849
5853 2 2850 4850 5849 2851
5854 2 5850 4851 851 850
5855 2 2852 4852 5851 2853
5856 2 5852 4853 853 852
5857 2 5853 4856 855 854
5858 2 2854 4854 5854 2855
5859 2 2856 4855 5855 2857
5860 2 5856 4858 857 856
5861 2 5858 4859 859 858
5862 2 2858 4857 5857 2859
5863 2 2860 4860 5860 2861
5864 2 5859 4861 861 860
5865 2 2862 4862 5861 2863
5866 2 5862 4863 863 862
5867 2 5864 4865 865 864
5868 2 2864 4864 5863 2865
5869 2 5866 4867 867 866
5870 2 2866 4866 5865 2867
5871 2 5868 4869 869 868
5872 2 2868 4868 5867 2869
5873 2 2870 4870 5869 2871
5874 2 5870 4871 871 870
5875 2 5871 4873 873 872
5876 2 2872 4872 5872 2873
5877 2 5874 4875 875 874
5878 2 2874 4874 5873 2875
5879 2 2876 4876 5876 2877
5880 2 5875 4877 877 876
5881 2 5877 4879 879 878
5882 2 2878 4878 5878 2879
5883 2 2880 4880 5879 2881
5884 2 5880 4881 881 880
5885 2 5882 4883 883 882
5886 2 2882 4882 5881 2883
5887 2 5884 4885 885 884
5888 2 2884 4884 5883 2885
5889 2 2886 4886 5886 2887
5890 2 5885 4887 887 886
5891 2 5888 4889 889 888
5892 2 2888 4888 5887 2889
5893 2 2890 4890 5890 2891
5894 2 5889 4891 891 890
5895 2 2892 4892 5891 2893
5896 2 5892 4893 893 892
5897 2 5894 4895 895 894
5898 2 2894 4894 5893 2895
5899 2 5896 4897 897 896
5900 2 2896 4896 5895 2897
5901 2 2898 4898 5897 2899
5902 2 5898 4899 899 898
5903 2 5900 4902 901 900
5904 2 2900 4900 5899 2901
5905 2 2902 4901 5901 2903
5906 2 5902 4903 903 902
5907 2 2904 4904 5903 2905
5908 2 5904 4905 905 904
5909 2 5906 4907 907 906
5910 2 2906 4906 5905 2907
5911 2 5908 4909 909 908
5912 2 2908 4908 5907 2909
5913 2 2910 4910 5909 2911
5914 2 5910 4911 911 910
5915 2 5912 4913 913 912
5916 2 2912 4912 5911 2913
5917 2 2914 4914 5914 2915
5918 2 5913 4915 915 914
5919 2 5916 4917 917 916
5920 2 2916 4916 5915 2917
5921 2 5918 4919 919 918
5922 2 2918 4918 5917 2919
5923 2 2920 4920 5919 2921
5924 2 5920 4921 921 920
5925 2 5922 4923 923 922
5926 2 2922 4922 5921 2923
5927 2 2924 4924 5923 2925
5928 2 5924 4925 925 924
5929 2 2926 4926 5925 2927
5930 2 5926 4927 927 926
5931 2 5928 4929 929 928
5932 2 2928 4928 5927 2929
5933 2 5930 4931 931 930
5934 2 2930 4930 5929 2931
5935 2 5931 4933 933 932
5936 2 2932 4932 5932 2933
5937 2 2934 4934 5934 2935
5938 2 5933 4935 935 934
5939 2 2936 4936 5936 2937
5940 2 5935 4937 937 936
5941 2 5937 4940 939 938
5942 2 2938 4938 5938 2939
5943 2 2940 4939 5940 2941
5944 2 5939 4941 941 940
5945 2 2942 4942 5942 2943
5946 2 5941 4943 943 942
5947 2 5943 4945 945 944
5948 2 2944 4944 5944 2945
5949 2 2946 4946 5945 2947
5950 2 5946 4947 947 946
5951 2 5947 4949 949 948
5952 2 2948 4948 5948 2949
5953 2 2950 4950 5949 2951
5954 2 5950 4951 951 950
5955 2 5952 4953 953 952
5956 2 2952 4952 5951 2953
5957 2 5953 4955 955 954
5958 2 2954 4954 5954 2955
5959 2 2956 4956 5955 2957
5960 2 5956 4957 957 956
5961 2 2958 4958 5957 2959
5962 2 5958 4959 959 958
5963 2 5960 4962 961 960
5964 2 2960 4960 5959 2961
5965 2 5962 4963 963 962
5966 2 2962 4961 5961 2963
5967 2 2964 4964 5963 2965
5968 2 5964 4965 965 964
5969 2 2966 4966 5965 2967
5970 2 5966 4967 967 966
5971 2 5968 4969 969 968
5972 2 2968 4968 5967 2969
5973 2 2970 4970 5970 2971
5974 2 5969 4971 971 970
5975 2 5971 4973 973 972
5976 2 2972 4972 5972 2973
5977 2 2974 4974 5974 2975
5978 2 5973 4975 975 974
5979 2 5976 4977 977 976
5980 2 2976 4976 5975 2977
5981 2 2978 4978 5977 2979
5982 2 5978 4979 979 978
5983 2 2980 4980 5980 2981
5984 2 5979 4981 981 980
5985 2 5982 4983 983 982
5986 2 2982 4982 5981 2983
5987 2 2984 4984 5983 2985
5988 2 5984 4985 985 984
5989 2 2986 4986 5985 2987
5990 2 5986 4987 987 986
5991 2 2988 4988 5987 2989
5992 2 5988 4989 989 988
5993 2 5990 4991 991 990
5994 2 2990 4990 5989 2991
5995 2 2992 4992 5991 2993
5996 2 5992 4993 993 992
5997 2 5994 4995 995 994
5998 2 2994 4994 5993 2995
5999 2 2996 4996 5995 2997
6000 2 5996 4997 997 996
6001 2 5998 4999 999 998
6002 2 2998 4998 5997 2999
6003 2 3000 5000 5999 3001
6004 2 6000 5001 1001 1000
6005 2 6002 5003 1004 1003
6006 2 4005 6003 4003 4002
6007 2 4006 6004 2003 2002
6008 2 1008 1007 5999 5000
6009 2 6000 3008 3007 5001
6010 2 1010 1009 5997 4998
6011 2 5998 3010 3009 4999
6012 2 1012 1011 5995 4996
6013 2 5996 3012 3011 4997
6014 2 1014 1013 5993 4994
6015 2 5994 3014 3013 4995
6016 2 1016 1015 5991 4992
6017 2 5992 3016 3015 4993
6018 2 1018 1017 5989 4990
6019 2 5990 3018 3017 4991
6020 2 1020 1019 5987 4988
6021 2 5988 3020 3019 4989
6022 2 1022 1021 5985 4986
6023 2 5986 3022 3021 4987
6024 2 1024 1023 5983 4984
6025 2 5984 3024 3023 4985
6026 2 1026 1025 5981 4982
6027 2 5982 3026 3025 4983
6028 2 1028 1027 5980 4980
6029 2 5979 3028 3027 4981
6030 2 1030 1029 5977 4978
6031 2 5978 3030 3029 4979
6032 2 1032 1031 5975 4976
6033 2 5976 3032 3031 4977
6034 2 1034 1033 5974 4974
6035 2 5973 3034 3033 4975
6036 2 1036 1035 5972 4972
6037 2 5971 3036 3035 4973
6038 2 5969 3038 3037 4971
6039 2 1038 1037 5970 4970
6040 2 1040 1039 5967 4968
6041 2 5968 3040 3039 4969
6042 2 1042 1041 5965 4966
6043 2 5966 3042 3041 4967
6044 2 1044 1043 5963 4964
6045 2 5964 3044 3043 4965
6046 2 1046 1045 5961 4961
6047 2 5962 3046 3045 4963
6048 2 1048 1047 5959 4960
6049 2 5960 3048 3047 4962
6050 2 1050 1049 5957 4958
6051 2 5958 3050 3049 4959
6052 2 1052 1051 5955 4956
6053 2 5956 3052 3051 4957
6054 2 1054 1053 5954 4954
6055 2 5953 3054 3053 4955
6056 2 1056 1055 5951 4952
6057 2 5952 3056 3055 4953
6058 2 1058 1057 5949 4950
6059 2 5950 3058 3057 4951
6060 2 5947 3060 3059 4949
6061 2 1060 1059 5948 4948
6062 2 1062 1061 5945 4946
6063 2 5946 3062 3061 4947
6064 2 1064 1063 5944 4944
6065 2 5943 3064 3063 4945
6066 2 1066 1065 5942 4942
6067 2 5941 3066 3065 4943
6068 2 1068 1067 5940 4939
6069 2 5939 3068 3067 4941
6070 2 1070 1069 5938 4938
6071 2 5937 3070 3069 4940
6072 2 5935 3072 3071 4937
6073 2 1072 1071 5936 4936
6074 2 1074 1073 5934 4934
6075 2 5933 3074 3073 4935
6076 2 1076 1075 5932 4932
6077 2 5931 3076 3075 4933
6078 2 1078 1077 5929 4930
6079 2 5930 3078 3077 4931
6080 2 1080 1079 5927 4928
6081 2 5928 3080 3079 4929
6082 2 1082 1081 5925 4926
6083 2 5926 3082 3081 4927
6084 2 1084 1083 5923 4924
6085 2 5924 3084 3083 4925
6086 2 1086 1085 5921 4922
6087 2 5922 3086 3085 4923
6088 2 1088 1087 5919 4920
6089 2 5920 3088 3087 4921
6090 2 1090 1089 5917 4918
6091 2 5918 3090 3089 4919
6092 2 1092 1091 5915 4916
6093 2 5916 3092 3091 4917
6094 2 5913 3094 3093 4915
6095 2 1094 1093 5914 4914
6096 2 1096 1095 5911 4912
6097 2 5912 3096 3095 4913
6098 2 1098 1097 5909 4910
6099 2 5910 3098 3097 4911
6100 2 1100 1099 5907 4908
6101 2 5908 3100 3099 4909
6102 2 1102 1101 5905 4906
6103 2 5906 3102 3101 4907
6104 2 1104 1103 5903 4904
6105 2 5904 3104 3103 4905
6106 2 1106 1105 5901 4901
6107 2 5902 3106 3105 4903
6108 2 1108 1107 5899 4900
6109 2 5900 3108 3107 4902
6110 2 1110 1109 5897 4898
6111 2 5898 3110 3109 4899
6112 2 1112 1111 5895 4896
6113 2 5896 3112 3111 4897
6114 2 1114 1113 5893 4894
6115 2 5894 3114 3113 4895
6116 2 1116 1115 5891 4892
6117 2 5892 3116 3115 4893
6118 2 1118 1117 5890 4890
6119 2 5889 3118 3117 4891
6120 2 1120 1119 5887 4888
6121 2 5888 3120 3119 4889
6122 2 5885 3122 3121 4887
6123 2 1122 1121 5886 4886
6124 2 1124 1123 5883 4884
6125 2 5884 3124 3123 4885
6126 2 1126 1125 5881 4882
6127 2 5882 3126 3125 4883
6128 2 1128 1127 5879 4880
6129 2 5880 3128 3127 4881
6130 2 5877 3130 3129 4879
6131 2 1130 1129 5878 4878
6132 2 1132 1131 5876 4876
6133 2 5875 3132 3131 4877
6134 2 1134 1133 5873 4874
6135 2 5874 3134 3133 4875
6136 2 1136 1135 5872 4872
6137 2 5871 3136 3135 4873
6138 2 1138 1137 5869 4870
6139 2 5870 3138 3137 4871
6140 2 1140 1139 5867 4868
6141 2 5868 3140 3139 4869
6142 2 1142 1141 5865 4866
6143 2 5866 3142 3141 4867
6144 2 1144 1143 5863 4864
6145 2 5864 3144 3143 4865
6146 2 1146 1145 5861 4862
6147 2 5862 3146 3145 4863
6148 2 1148 1147 5860 4860
6149 2 5859 3148 3147 4861
6150 2 1150 1149 5857 4857
6151 2 5858 3150 3149 4859
6152 2 1152 1151 5855 4855
6153 2 5856 3152 3151 4858
6154 2 1154 1153 5854 4854
6155 2 5853 3154 3153 4856
6156 2 5852 3156 3155 4853
6157 2 1156 1155 5851 4852
6158 2 5850 3158 3157 4851
6159 2 1158 1157 5849 4850
6160 2 1160 1159 5847 4848
6161 2 5848 3160 3159 4849
6162 2 1162 1161 5845 4846
6163 2 5846 3162 3161 4847
6164 2 1164 1163 5843 4844
6165 2 5844 3164 3163 4845
6166 2 1166 1165 5841 4841
6167 2 5842 3166 3165 4843
6168 2 1168 1167 5840 4840
6169 2 5839 3168 3167 4842
6170 2 1170 1169 5837 4838
6171 2 5838 3170 3169 4839
6172 2 1172 1171 5836 4836
6173 2 5835 3172 3171 4837
6174 2 1174 1173 5833 4834
6175 2 5834 3174 3173 4835
6176 2 1176 1175 5831 4832
6177 2 5832 3176 3175 4833
6178 2 1178 1177 5829 4830
6179 2 5830 3178 3177 4831
6180 2 1180 1179 5827 4828
6181 2 5828 3180 3179 4829
6182 2 1182 1181 5823 4826
6183 2 5824 3182 3181 4827
6184 2 1186 1185 5819 4822
6185 2 5820 3186 3185 4823
6186 2 1184 1183 5825 4824
6187 2 5826 3184 3183 4825
6188 2 1188 1187 5821 4819
6189 2 5822 3188 3187 4821
6190 2 1190 1189 5817 4818
6191 2 5818 3190 3189 4820
6192 2 5814 3192 3191 4817
6193 2 1192 1191 5813 4816
6194 2 1194 1193 5815 4813
6195 2 5816 3194 3193 4815
6196 2 1196 1195 5811 4812
6197 2 5812 3196 3195 4814
6198 2 1198 1197 5809 4810
6199 2 5810 3198 3197 4811
6200 2 1200 1199 5807 4808
6201 2 5808 3200 3199 4809
6202 2 1202 1201 5805 4806
6203 2 5806 3202 3201 4807
6204 2 1204 1203 5803 4804
6205 2 5804 3204 3203 4805
6206 2 1206 1205 5801 4802
6207 2 5802 3206 3205 4803
6208 2 1208 1207 5797 4800
6209 2 5798 3208 3207 4801
6210 2 1210 1209 5799 4798
6211 2 5800 3210 3209 4799
6212 2 1212 1211 5795 4795
6213 2 5796 3212 3211 4797
6214 2 1214 1213 5793 4794
6215 2 5794 3214 3213 4796
6216 2 1216 1215 5791 4792
6217 2 5792 3216 3215 4793
6218 2 1218 1217 5789 4790
6219 2 5790 3218 3217 4791
6220 2 1220 1219 5787 4788
6221 2 5788 3220 3219 4789
6222 2 1222 1221 5785 4786
6223 2 5786 3222 3221 4787
6224 2 1224 1223 5784 4784
6225 2 5783 3224 3223 4785
6226 2 1226 1225 5782 4781
6227 2 5781 3226 3225 4783
6228 2 1228 1227 5779 4780
6229 2 5780 3228 3227 4782
6230 2 1230 1229 5775 4778
6231 2 5776 3230 3229 4779
6232 2 1232 1231 5777 4775
6233 2 5778 3232 3231 4777
6234 2 1234 1233 5771 4774
6235 2 5772 3234 3233 4776
6236 2 1236 1235 5773 4772
6237 2 5774 3236 3235 4773
6238 2 1238 1237 5769 4770
6239 2 5770 3238 3237 4771
6240 2 5768 3240 3239 4769
6241 2 1240 1239 5767 4768
6242 2 1242 1241 5765 4765
6243 2 5766 3242 3241 4767
6244 2 1244 1243 5763 4764
6245 2 5764 3244 3243 4766
6246 2 1246 1245 5761 4762
6247 2 5762 3246 3245 4763
6248 2 1248 1247 5757 4760
6249 2 5758 3248 3247 4761
6250 2 1252 1251 5755 4756
6251 2 5756 3252 3251 4757
6252 2 1250 1249 5759 4758
6253 2 5760 3250 3249 4759
6254 2 1254 1253 5751 4754
6255 2 5752 3254 3253 4755
6256 2 1256 1255 5753 4751
6257 2 5754 3256 3255 4753
6258 2 1258 1257 5749 4750
6259 2 5750 3258 3257 4752
6260 2 1260 1259 5747 4748
6261 2 5748 3260 3259 4749
6262 2 1264 1263 5741 4744
6263 2 5742 3264 3263 4745
6264 2 1262 1261 5743 4746
6265 2 5744 3262 3261 4747
6266 2 1268 1267 5737 4740
6267 2 5738 3268 3267 4741
6268 2 1266 1265 5745 4742
6269 2 5746 3266 3265 4743
6270 2 1272 1271 5733 4735
6271 2 5734 3272 3271 4737
6272 2 1270 1269 5739 4738
6273 2 5740 3270 3269 4739
6274 2 1274 1273 5735 4734
6275 2 5736 3274 3273 4736
6276 2 1276 1275 5729 4732
6277 2 5730 3276 3275 4733
6278 2 1278 1277 5732 4729
6279 2 5731 3278 3277 4731
6280 2 1282 1281 5721 4726
6281 2 5722 3282 3281 4727
6282 2 1280 1279 5727 4728
6283 2 5728 3280 3279 4730
6284 2 1284 1283 5725 4724
6285 2 5726 3284 3283 4725
6286 2 1286 1285 5719 4721
6287 2 5720 3286 3285 4723
6288 2 1290 1289 5715 4717
6289 2 5716 3290 3289 4719
6290 2 1288 1287 5723 4720
6291 2 5724 3288 3287 4722
6292 2 1294 1293 5711 4714
6293 2 5712 3294 3293 4715
6294 2 1292 1291 5717 4716
6295 2 5718 3292 3291 4718
6296 2 1296 1295 5714 4712
6297 2 5713 3296 3295 4713
6298 2 1298 1297 5710 4710
6299 2 5709 3298 3297 4711
6300 2 1300 1299 5707 4708
6301 2 5708 3300 3299 4709
6302 2 1302 1301 5703 4706
6303 2 5704 3302 3301 4707
6304 2 1304 1303 5705 4704
6305 2 5706 3304 3303 4705
6306 2 1308 1307 5697 4699
6307 2 5698 3308 3307 4701
6308 2 1306 1305 5699 4702
6309 2 5700 3306 3305 4703
6310 2 1310 1309 5701 4698
6311 2 5702 3310 3309 4700
6312 2 1312 1311 5693 4695
6313 2 5694 3312 3311 4697
6314 2 1314 1313 5695 4694
6315 2 5696 3314 3313 4696
6316 2 1316 1315 5691 4692
6317 2 5692 3316 3315 4693
6318 2 1318 1317 5689 4690
6319 2 5690 3318 3317 4691
6320 2 1320 1319 5681 4688
6321 2 5682 3320 3319 4689
6322 2 1322 1321 5687 4686
6323 2 5688 3322 3321 4687
6324 2 1324 1323 5685 4684
6325 2 5686 3324 3323 4685
6326 2 1328 1327 5678 4680
6327 2 5677 3328 3327 4681
6328 2 1326 1325 5683 4682
6329 2 5684 3326 3325 4683
6330 2 1330 1329 5679 4677
6331 2 5680 3330 3329 4679
6332 2 1332 1331 5675 4676
6333 2 5676 3332 3331 4678
6334 2 1336 1335 5669 4672
6335 2 5670 3336 3335 4673
6336 2 1334 1333 5671 4674
6337 2 5672 3334 3333 4675
6338 2 1338 1337 5673 4670
6339 2 5674 3338 3337 4671
6340 2 1340 1339 5667 4667
6341 2 5668 3340 3339 4669
6342 2 1344 1343 5661 4664
6343 2 5662 3344 3343 4665
6344 2 1342 1341 5665 4666
6345 2 5666 3342 3341 4668
6346 2 1346 1345 5663 4662
6347 2 5664 3346 3345 4663
6348 2 1348 1347 5659 4660
6349 2 5660 3348 3347 4661
6350 2 1350 1349 5655 4658
6351 2 5656 3350 3349 4659
6352 2 1352 1351 5653 4656
6353 2 5654 3352 3351 4657
6354 2 1354 1353 5651 4654
6355 2 5652 3354 3353 4655
6356 2 1356 1355 5649 4652
6357 2 5650 3356 3355 4653
6358 2 1358 1357 5657 4650
6359 2 5658 3358 3357 4651
6360 2 1360 1359 5645 4648
6361 2 5646 3360 3359 4649
6362 2 1362 1361 5641 4646
6363 2 5642 3362 3361 4647
6364 2 1364 1363 5643 4644
6365 2 5644 3364 3363 4645
6366 2 1370 1369 5639 4638
6367 2 5640 3370 3369 4639
6368 2 1368 1367 5629 4640
6369 2 5630 3368 3367 4641
6370 2 1366 1365 5647 4642
6371 2 5648 3366 3365 4643
6372 2 1372 1371 5637 4636
6373 2 5638 3372 3371 4637
6374 2 1376 1375 5631 4632
6375 2 5632 3376 3375 4633
6376 2 1374 1373 5633 4634
6377 2 5634 3374 3373 4635
6378 2 1378 1377 5623 4630
6379 2 5624 3378 3377 4631
6380 2 1380 1379 5625 4628
6381 2 5626 3380 3379 4629
6382 2 1384 1383 5617 4624
6383 2 5618 3384 3383 4625
6384 2 1382 1381 5635 4626
6385 2 5636 3382 3381 4627
6386 2 5628 3386 3385 4623
6387 2 1386 1385 5627 4622
6388 2 1388 1387 5613 4620
6389 2 5614 3388 3387 4621
6390 2 1390 1389 5619 4618
6391 2 5620 3390 3389 4619
6392 2 1394 1393 5605 4614
6393 2 5606 3394 3393 4615
6394 2 1392 1391 5621 4616
6395 2 5622 3392 3391 4617
6396 2 1396 1395 5615 4612
6397 2 5616 3396 3395 4613
6398 2 1398 1397 5609 4610
6399 2 5610 3398 3397 4611
6400 2 1400 1399 5611 4608
6401 2 5612 3400 3399 4609
6402 2 1402 1401 5607 4606
6403 2 5608 3402 3401 4607
6404 2 1406 1405 5598 4602
6405 2 5597 3406 3405 4603
6406 2 1410 1409 5591 4598
6407 2 5592 3410 3409 4599
6408 2 1404 1403 5603 4604
6409 2 5604 3404 3403 4605
6410 2 1408 1407 5601 4600
6411 2 5602 3408 3407 4601
6412 2 1412 1411 5599 4596
6413 2 5600 3412 3411 4597
6414 2 1414 1413 5593 4594
6415 2 5594 3414 3413 4595
6416 2 1422 1421 5579 4586
6417 2 5580 3422 3421 4587
6418 2 5595 3416 3415 4593
6419 2 1416 1415 5596 4592
6420 2 1418 1417 5586 4590
6421 2 5585 3418 3417 4591
6422 2 1420 1419 5589 4588
6423 2 5590 3420 3419 4589
6424 2 1428 1427 5573 4580
6425 2 5574 3428 3427 4581
6426 2 5588 3424 3423 4585
6427 2 1424 1423 5587 4584
6428 2 1426 1425 5581 4582
6429 2 5582 3426 3425 4583
6430 2 1430 1429 5583 4577
6431 2 5584 3430 3429 4579
6432 2 1434 1433 5572 4574
6433 2 5571 3434 3433 4575
6434 2 5577 3432 3431 4578
6435 2 1432 1431 5578 4576
6436 2 1436 1435 5561 4572
6437 2 5562 3436 3435 4573
6438 2 1438 1437 5569 4570
6439 2 5570 3438 3437 4571
6440 2 1440 1439 5575 4568
6441 2 5576 3440 3439 4569
6442 2 1448 1447 5559 4560
6443 2 5560 3448 3447 4561
6444 2 1442 1441 5563 4565
6445 2 5564 3442 3441 4567
6446 2 1444 1443 5557 4564
6447 2 5558 3444 3443 4566
6448 2 1446 1445 5555 4562
6449 2 5556 3446 3445 4563
6450 2 1452 1451 5551 4555
6451 2 5552 3452 3451 4557
6452 2 1454 1453 5543 4554
6453 2 5544 3454 3453 4556
6454 2 1450 1449 5565 4558
6455 2 5566 3450 3449 4559
6456 2 1458 1457 5541 4550
6457 2 5542 3458 3457 4551
6458 2 1456 1455 5567 4552
6459 2 5568 3456 3455 4553
6460 2 1460 1459 5553 4548
6461 2 5554 3460 3459 4549
6462 2 1464 1463 5535 4544
6463 2 5536 3464 3463 4546
6464 2 1462 1461 5545 4545
6465 2 5546 3462 3461 4547
6466 2 1466 1465 5549 4542
6467 2 5550 3466 3465 4543
6468 2 1468 1467 5547 4540
6469 2 5548 3468 3467 4541
6470 2 1470 1469 5537 4538
6471 2 5538 3470 3469 4539
6472 2 1472 1471 5539 4536
6473 2 5540 3472 3471 4537
6474 2 1474 1473 5529 4534
6475 2 5530 3474 3473 4535
6476 2 1476 1475 5531 4532
6477 2 5532 3476 3475 4533
6478 2 1480 1479 5528 4528
6479 2 5527 3480 3479 4530
6480 2 1478 1477 5533 4529
6481 2 5534 3478 3477 4531
6482 2 1482 1481 5521 4526
6483 2 5522 3482 3481 4527
6484 2 1484 1483 5525 4524
6485 2 5526 3484 3483 4525
6486 2 1490 1489 5507 4518
6487 2 5508 3490 3489 4519
6488 2 1486 1485 5519 4522
6489 2 5520 3486 3485 4523
6490 2 1488 1487 5517 4520
6491 2 5518 3488 3487 4521
6492 2 1494 1493 5499 4513
6493 2 5500 3494 3493 4515
6494 2 1492 1491 5523 4516
6495 2 5524 3492 3491 4517
6496 2 1498 1497 5509 4510
6497 2 5510 3498 3497 4511
6498 2 1496 1495 5514 4512
6499 2 5513 3496 3495 4514
6500 2 1500 1499 5505 4508
6501 2 5506 3500 3499 4509
6502 2 1506 1505 5493 4502
6503 2 5494 3506 3505 4503
6504 2 1502 1501 5502 4506
6505 2 5501 3502 3501 4507
6506 2 5491 3508 3507 4501
6507 2 1508 1507 5492 4500
6508 2 5511 3504 3503 4505
6509 2 1504 1503 5512 4504
6510 2 1510 1509 5504 4497
6511 2 5503 3510 3509 4499
6512 2 1518 1517 5465 4490
6513 2 5466 3518 3517 4491
6514 2 1514 1513 5485 4494
6515 2 5486 3514 3513 4495
6516 2 1516 1515 5495 4492
6517 2 5496 3516 3515 4493
6518 2 1512 1511 5498 4496
6519 2 5497 3512 3511 4498
6520 2 1522 1521 5479 4486
6521 2 5480 3522 3521 4487
6522 2 1526 1525 5469 4482
6523 2 5470 3526 3525 4484
6524 2 1530 1529 5475 4478
6525 2 5476 3530 3529 4479
6526 2 1524 1523 5489 4483
6527 2 5490 3524 3523 4485
6528 2 1520 1519 5516 4488
6529 2 5515 3520 3519 4489
6530 2 1528 1527 5477 4480
6531 2 5478 3528 3527 4481
6532 2 1536 1535 5459 4472
6533 2 5460 3536 3535 4473
6534 2 1534 1533 5483 4474
6535 2 5484 3534 3533 4475
6536 2 1532 1531 5488 4476
6537 2 5487 3532 3531 4477
6538 2 1546 1545 5456 4461
6539 2 5455 3546 3545 4464
6540 2 5471 3544 3543 4465
6541 2 1544 1543 5472 4463
6542 2 1542 1541 5447 4466
6543 2 5448 3542 3541 4467
6544 2 1538 1537 5481 4470
6545 2 5482 3538 3537 4471
6546 2 1550 1549 5451 4458
6547 2 5452 3550 3549 4459
6548 2 1548 1547 5463 4460
6549 2 5464 3548 3547 4462
6550 2 1540 1539 5474 4468
6551 2 5473 3540 3539 4469
6552 2 1562 1561 5437 4446
6553 2 5438 3562 3561 4448
6554 2 1552 1551 5462 4455
6555 2 5461 3552 3551 4457
6556 2 1556 1555 5445 4452
6557 2 5443 3556 3555 4454
6558 2 5444 3558 3557 4451
6559 2 1558 1557 5446 4450
6560 2 1554 1553 5458 4453
6561 2 5457 3554 3553 4456
6562 2 1564 1563 5440 4443
6563 2 5439 3564 3563 4445
6564 2 1560 1559 5454 4447
6565 2 5453 3560 3559 4449
6566 2 1574 1573 5428 4434
6567 2 5427 3574 3573 4435
6568 2 1570 1569 5431 4437
6569 2 5432 3570 3569 4439
6570 2 1572 1571 5450 4436
6571 2 5449 3572 3571 4438
6572 2 1568 1567 5433 4440
6573 2 5434 3568 3567 4441
6574 2 1580 1579 5420 4428
6575 2 5419 3580 3579 4430
6576 2 1578 1577 5418 4429
6577 2 5417 3578 3577 4431
6578 2 5467 3566 3565 4444
6579 2 1566 1565 5468 4442
6580 2 1576 1575 5442 4432
6581 2 5441 3576 3575 4433
6582 2 1582 1581 5435 4426
6583 2 5436 3582 3581 4427
6584 2 1584 1583 5421 4424
6585 2 5422 3584 3583 4425
6586 2 1588 1587 5407 4420
6587 2 5408 3588 3587 4421
6588 2 1596 1595 5404 4412
6589 2 5403 3596 3595 4413
6590 2 1592 1591 5429 4416
6591 2 5430 3592 3591 4417
6592 2 1586 1585 5425 4422
6593 2 5426 3586 3585 4423
6594 2 1590 1589 5409 4418
6595 2 5410 3590 3589 4419
6596 2 1594 1593 5423 4414
6597 2 5424 3594 3593 4415
6598 2 1598 1597 5416 4409
6599 2 5415 3598 3597 4411
6600 2 1606 1605 5397 4402
6601 2 5398 3606 3605 4404
6602 2 1604 1603 5393 4403
6603 2 5394 3604 3603 4405
6604 2 1600 1599 5411 4408
6605 2 5412 3600 3599 4410
6606 2 1602 1601 5395 4406
6607 2 5396 3602 3601 4407
6608 2 5383 3610 3609 4400
6609 2 1610 1609 5384 4398
6610 2 5413 3608 3607 4401
6611 2 1608 1607 5414 4399
6612 2 1612 1611 5406 4395
6613 2 5405 3612 3611 4397
6614 2 1614 1613 5388 4394
6615 2 5387 3614 3613 4396
6616 2 1620 1619 5377 4387
6617 2 5378 3620 3619 4389
6618 2 5401 3616 3615 4393
6619 2 1616 1615 5402 4392
6620 2 1626 1625 5369 4382
6621 2 5370 3626 3625 4383
6622 2 1622 1621 5375 4386
6623 2 5376 3622 3621 4388
6624 2 1628 1627 5371 4380
6625 2 5372 3628 3627 4381
6626 2 1618 1617 5399 4390
6627 2 5400 3618 3617 4391
6628 2 1636 1635 5364 4372
6629 2 5363 3636 3635 4373
6630 2 1624 1623 5391 4384
6631 2 5392 3624 3623 4385
6632 2 1638 1637 5362 4370
6633 2 5361 3638 3637 4371
6634 2 1630 1629 5389 4378
6635 2 5390 3630 3629 4379
6636 2 1632 1631 5386 4376
6637 2 5385 3632 3631 4377
6638 2 1634 1633 5380 4374
6639 2 5379 3634 3633 4375
6640 2 1642 1641 5357 4366
6641 2 5358 3642 3641 4367
6642 2 1640 1639 5373 4368
6643 2 5374 3640 3639 4369
6644 2 1646 1645 5365 4362
6645 2 5366 3646 3645 4364
6646 2 1644 1643 5359 4363
6647 2 5360 3644 3643 4365
6648 2 1654 1653 5355 4354
6649 2 5356 3654 3653 4355
6650 2 1650 1649 5345 4358
6651 2 5346 3650 3649 4359
6652 2 1662 1661 5329 4346
6653 2 5330 3662 3661 4347
6654 2 1648 1647 5381 4360
6655 2 5382 3648 3647 4361
6656 2 1656 1655 5349 4352
6657 2 5350 3656 3655 4353
6658 2 1652 1651 5343 4356
6659 2 5344 3652 3651 4357
6660 2 1658 1657 5353 4350
6661 2 5354 3658 3657 4351
6662 2 1672 1671 5319 4336
6663 2 5320 3672 3671 4338
6664 2 1668 1667 5327 4340
6665 2 5328 3668 3667 4341
6666 2 1660 1659 5347 4348
6667 2 5348 3660 3659 4349
6668 2 1666 1665 5337 4342
6669 2 5338 3666 3665 4343
6670 2 1664 1663 5367 4344
6671 2 5368 3664 3663 4345
6672 2 1670 1669 5351 4337
6673 2 5352 3670 3669 4339
6674 2 1674 1673 5341 4334
6675 2 5342 3674 3673 4335
6676 2 1678 1677 5323 4330
6677 2 5324 3678 3677 4331
6678 2 1676 1675 5321 4332
6679 2 5322 3676 3675 4333
6680 2 1682 1681 5313 4326
6681 2 5314 3682 3681 4328
6682 2 1680 1679 5339 4327
6683 2 5340 3680 3679 4329
6684 2 1684 1683 5333 4323
6685 2 5334 3684 3683 4325
6686 2 1688 1687 5312 4320
6687 2 5311 3688 3687 4321
6688 2 1686 1685 5331 4322
6689 2 5332 3686 3685 4324
6690 2 5307 3692 3691 4318
6691 2 1692 1691 5308 4316
6692 2 1694 1693 5316 4314
6693 2 5315 3694 3693 4315
6694 2 1696 1695 5285 4312
6695 2 5286 3696 3695 4313
6696 2 1690 1689 5326 4317
6697 2 5325 3690 3689 4319
6698 2 1700 1699 5302 4308
6699 2 5301 3700 3699 4309
6700 2 1698 1697 5318 4310
6701 2 5317 3698 3697 4311
6702 2 1712 1711 5277 4296
6703 2 5278 3712 3711 4297
6704 2 1714 1713 5309 4294
6705 2 5310 3714 3713 4295
6706 2 1710 1709 5292 4298
6707 2 5291 3710 3709 4299
6708 2 1702 1701 5335 4306
6709 2 5336 3702 3701 4307
6710 2 1708 1707 5303 4300
6711 2 5304 3708 3707 4301
6712 2 1706 1705 5293 4302
6713 2 5294 3706 3705 4303
6714 2 1704 1703 5289 4304
6715 2 5290 3704 3703 4305
6716 2 1716 1715 5282 4292
6717 2 5281 3716 3715 4293
6718 2 1732 1731 5262 4275
6719 2 5261 3732 3731 4277
6720 2 1728 1727 5269 4280
6721 2 5270 3728 3727 4282
6722 2 1718 1717 5284 4290
6723 2 5283 3718 3717 4291
6724 2 1720 1719 5300 4288
6725 2 5299 3720 3719 4289
6726 2 1730 1729 5279 4278
6727 2 5280 3730 3729 4279
6728 2 1742 1741 5258 4266
6729 2 5257 3742 3741 4267
6730 2 1726 1725 5263 4281
6731 2 5264 3726 3725 4284
6732 2 5233 3736 3735 4274
6733 2 1736 1735 5234 4272
6734 2 1722 1721 5305 4285
6735 2 5306 3722 3721 4287
6736 2 1738 1737 5297 4270
6737 2 5298 3738 3737 4271
6738 2 1752 1751 5214 4256
6739 2 5213 3752 3751 4258
6740 2 1724 1723 5271 4283
6741 2 5272 3724 3723 4286
6742 2 1734 1733 5296 4273
6743 2 5295 3734 3733 4276
6744 2 1740 1739 5255 4268
6745 2 5256 3740 3739 4269
6746 2 1746 1745 5252 4262
6747 2 5251 3746 3745 4264
6748 2 1748 1747 5249 4260
6749 2 5250 3748 3747 4261
6750 2 1760 1759 5203 4248
6751 2 5204 3760 3759 4250
6752 2 1750 1749 5273 4257
6753 2 5274 3750 3749 4259
6754 2 1768 1767 5239 4240
6755 2 5240 3768 3767 4241
6756 2 1766 1765 5235 4242
6757 2 5236 3766 3765 4244
6758 2 5287 3744 3743 4265
6759 2 1744 1743 5288 4263
6760 2 1756 1755 5246 4252
6761 2 5245 3756 3755 4254
6762 2 1754 1753 5276 4253
6763 2 5275 3754 3753 4255
6764 2 1762 1761 5268 4246
6765 2 5267 3762 3761 4247
6766 2 5189 3778 3777 4231
6767 2 1778 1777 5190 4230
6768 2 5265 3758 3757 4251
6769 2 1758 1757 5266 4249
6770 2 1774 1773 5243 4234
6771 2 5244 3774 3773 4235
6772 2 5227 3772 3771 4237
6773 2 1772 1771 5228 4236
6774 2 1782 1781 5218 4226
6775 2 5217 3782 3781 4228
6776 2 1776 1775 5241 4232
6777 2 5242 3776 3775 4233
6778 2 1790 1789 5208 4218
6779 2 5207 3790 3789 4219
6780 2 1770 1769 5260 4238
6781 2 5259 3770 3769 4239
6782 2 5237 3764 3763 4245
6783 2 1764 1763 5238 4243
6784 2 1780 1779 5253 4227
6785 2 5254 3780 3779 4229
6786 2 1784 1783 5220 4224
6787 2 5219 3784 3783 4225
6788 2 1792 1791 5209 4216
6789 2 5210 3792 3791 4217
6790 2 1786 1785 5248 4221
6791 2 5247 3786 3785 4223
6792 2 5155 3812 3811 4197
6793 2 1804 1803 5167 4204
6794 2 5168 3804 3803 4206
6795 2 1812 1811 5156 4195
6796 2 1788 1787 5206 4220
6797 2 5205 3788 3787 4222
6798 2 1800 1799 5197 4208
6799 2 5198 3800 3799 4209
6800 2 1796 1795 5201 4212
6801 2 5202 3796 3795 4213
6802 2 1806 1805 5231 4202
6803 2 5232 3806 3805 4203
6804 2 1794 1793 5225 4214
6805 2 5226 3794 3793 4215
6806 2 1798 1797 5215 4210
6807 2 5216 3798 3797 4211
6808 2 1814 1813 5191 4194
6809 2 5192 3814 3813 4196
6810 2 1808 1807 5193 4200
6811 2 1818 1817 5186 4189
6812 2 5194 3808 3807 4201
6813 2 5185 3818 3817 4191
6814 2 5222 3810 3809 4199
6815 2 1802 1801 5229 4205
6816 2 5230 3802 3801 4207
6817 2 1816 1815 5224 4192
6818 2 5223 3816 3815 4193
6819 2 1810 1809 5221 4198
6820 2 1834 1833 5195 4174
6821 2 5196 3834 3833 4175
6822 2 1820 1819 5211 4188
6823 2 5212 3820 3819 4190
6824 2 1824 1823 5175 4184
6825 2 5176 3824 3823 4186
6826 2 1822 1821 5177 4185
6827 2 5178 3822 3821 4187
6828 2 1826 1825 5179 4182
6829 2 5180 3826 3825 4183
6830 2 1838 1837 5173 4170
6831 2 5174 3838 3837 4171
6832 2 1840 1839 5159 4168
6833 2 5160 3840 3839 4169
6834 2 1830 1829 5169 4178
6835 2 5170 3830 3829 4179
6836 2 1828 1827 5200 4180
6837 2 5199 3828 3827 4181
6838 2 1832 1831 5157 4176
6839 2 5158 3832 3831 4177
6840 2 1854 1853 5113 4154
6841 2 5114 3854 3853 4155
6842 2 1836 1835 5161 4172
6843 2 5162 3836 3835 4173
6844 2 1848 1847 5149 4160
6845 2 5150 3848 3847 4161
6846 2 1846 1845 5145 4162
6847 2 5146 3846 3845 4163
6848 2 1858 1857 5139 4150
6849 2 5140 3858 3857 4151
6850 2 1844 1843 5147 4164
6851 2 5148 3844 3843 4165
6852 2 1850 1849 5143 4158
6853 2 5144 3850 3849 4159
6854 2 1866 1865 5131 4142
6855 2 5132 3866 3865 4143
6856 2 1864 1863 5130 4144
6857 2 5129 3864 3863 4145
6858 2 1862 1861 5172 4146
6859 2 5171 3862 3861 4148
6860 2 1842 1841 5187 4166
6861 2 5188 3842 3841 4167
6862 2 1868 1867 5127 4140
6863 2 5128 3868 3867 4141
6864 2 1860 1859 5137 4147
6865 2 5138 3860 3859 4149
6866 2 1852 1851 5181 4156
6867 2 5182 3852 3851 4157
6868 2 1872 1871 5101 4136
6869 2 5102 3872 3871 4137
6870 2 1876 1875 5121 4132
6871 2 5122 3876 3875 4133
6872 2 1874 1873 5165 4134
6873 2 5166 3874 3873 4135
6874 2 1880 1879 5090 4128
6875 2 5089 3880 3879 4129
6876 2 1856 1855 5183 4152
6877 2 5184 3856 3855 4153
6878 2 1878 1877 5152 4130
6879 2 5151 3878 3877 4131
6880 2 1886 1885 5115 4122
6881 2 5116 3886 3885 4124
6882 2 1890 1889 5108 4118
6883 2 5107 3890 3889 4119
6884 2 1870 1869 5163 4138
6885 2 5164 3870 3869 4139
6886 2 5104 3894 3893 4116
6887 2 1894 1893 5103 4114
6888 2 1884 1883 5117 4123
6889 2 5118 3884 3883 4126
6890 2 1912 1911 5093 4096
6891 2 5094 3912 3911 4097
6892 2 1900 1899 5124 4107
6893 2 5123 3900 3899 4109
6894 2 1898 1897 5135 4110
6895 2 5136 3898 3897 4111
6896 2 1902 1901 5064 4105
6897 2 5063 3902 3901 4108
6898 2 1882 1881 5153 4125
6899 2 5154 3882 3881 4127
6900 2 1888 1887 5142 4120
6901 2 5141 3888 3887 4121
6902 2 1896 1895 5073 4112
6903 2 5074 3896 3895 4113
6904 2 1904 1903 5125 4103
6905 2 5126 3904 3903 4106
6906 2 1914 1913 5119 4094
6907 2 5120 3914 3913 4095
6908 2 5134 3892 3891 4117
6909 2 1892 1891 5133 4115
6910 2 1908 1907 5095 4100
6911 2 5096 3908 3907 4102
6912 2 1906 1905 5091 4101
6913 2 5092 3906 3905 4104
6914 2 1910 1909 5097 4098
6915 2 5098 3910 3909 4099
6916 2 1916 1915 5083 4092
6917 2 5084 3916 3915 4093
6918 2 5109 3918 3917 4091
6919 2 1918 1917 5110 4090
6920 2 1922 1921 5045 4086
6921 2 5046 3922 3921 4087
6922 2 5079 3926 3925 4083
6923 2 1926 1925 5080 4082
6924 2 1928 1927 5075 4080
6925 2 5076 3928 3927 4081
6926 2 1932 1931 5067 4075
6927 2 5068 3932 3931 4077
6928 2 1920 1919 5078 4088
6929 2 5077 3920 3919 4089
6930 2 1924 1923 5111 4084
6931 2 5112 3924 3923 4085
6932 2 1946 1945 5022 4062
6933 2 5021 3946 3945 4063
6934 2 1934 1933 5065 4074
6935 2 5066 3934 3933 4076
6936 2 1960 1959 5040 4048
6937 2 1936 1935 5069 4071
6938 2 5070 3936 3935 4073
6939 2 5055 3940 3939 4070
6940 2 1940 1939 5056 4067
6941 2 5042 3960 3959 4050
6942 2 1952 1951 5052 4056
6943 2 5051 3952 3951 4057
6944 2 1950 1949 5048 4058
6945 2 5047 3950 3949 4059
6946 2 1930 1929 5105 4078
6947 2 5106 3930 3929 4079
6948 2 1962 1961 5041 4046
6949 2 5037 3962 3961 4047
6950 2 1942 1941 5058 4066
6951 2 5057 3942 3941 4068
6952 2 5099 3938 3937 4072
6953 2 1938 1937 5100 4069
6954 2 1954 1953 5049 4054
6955 2 5050 3954 3953 4055
6956 2 1966 1965 5033 4042
6957 2 5034 3966 3965 4043
6958 2 1956 1955 5082 4052
6959 2 5081 3956 3955 4053
6960 2 1958 1957 5038 4049
6961 2 5039 3958 3957 4051
6962 2 1970 1969 5008 4038
6963 2 5007 3970 3969 4039
6964 2 1948 1947 5087 4060
6965 2 5088 3948 3947 4061
6966 2 1944 1943 5086 4064
6967 2 5085 3944 3943 4065
6968 2 1976 1975 5027 4032
6969 2 5028 3976 3975 4033
6970 2 5023 3974 3973 4035
6971 2 1974 1973 5024 4034
6972 2 1964 1963 5072 4044
6973 2 5071 3964 3963 4045
6974 2 5031 3982 3981 4027
6975 2 1982 1981 5032 4026
6976 2 1986 1985 5019 4022
6977 2 5020 3986 3985 4024
6978 2 1968 1967 5061 4040
6979 2 5062 3968 3967 4041
6980 2 1990 1989 5018 4018
6981 2 5017 3990 3989 4019
6982 2 1984 1983 5053 4023
6983 2 5054 3984 3983 4025
6984 2 5059 3972 3971 4037
6985 2 1972 1971 5060 4036
6986 2 1994 1993 5014 4014
6987 2 5013 3994 3993 4015
6988 2 1978 1977 5026 4029
6989 2 5025 3978 3977 4031
6990 2 1980 1979 5030 4028
6991 2 5029 3980 3979 4030
6992 2 1988 1987 5015 4020
6993 2 5016 3988 3987 4021
6994 2 1992 1991 5044 4016
6995 2 5043 3992 3991 4017
6996 2 1996 1995 5011 4012
6997 2 5012 3996 3995 4013
6998 2 5009 4002 4001 4007
6999 2 2002 2001 5010 4006
7000 2 1998 1997 5035 4009
7001 2 5036 3998 3997 4011
7002 2 3002 5002 6001 3003
7003 2 6002 3005 3004 5003
7004 2 2000 1999 5006 4008
7005 2 5005 4000 3999 4010
7006 2 1005 1004 5003 6001
7007 2 5004 3006 3005 6002
7008 2 994 993 4993 5994
7009 2 4994 2994 2993 5991
7010 2 990 989 4989 5990
7011 2 4990 2990 2989 5987
7012 2 1002 1001 5001 5004
7013 2 5002 3002 3001 5999
7014 2 992 991 4991 5992
7015 2 996 995 4995 5996
7016 2 1000 999 4999 6000
7017 2 4992 2992 2991 5989
7018 2 4996 2996 2995 5993
7019 2 5000 3000 2999 5997
7020 2 998 997 4997 5998
7021 2 4998 2998 2997 5995
7022 2 348 347 4347 5348
7023 2 4348 2348 2347 5329
7024 2 400 399 4400 5413
7025 2 4399 2400 2399 5384
7026 2 214 213 4213 5226
7027 2 4214 2214 2213 5201
7028 2 212 211 4211 5202
7029 2 4212 2212 2211 5215
7030 2 282 281 4282 5264
7031 2 4281 2282 2281 5269
7032 2 462 461 4462 5455
7033 2 4461 2462 2461 5463
7034 2 286 285 4286 5306
7035 2 4285 2286 2285 5271
7036 2 516 515 4515 5524
7037 2 584 583 4583 5588
7038 2 606 605 4605 5608
7039 2 678 677 4678 5680
7040 2 4516 2516 2515 5499
7041 2 4584 2584 2583 5581
7042 2 4606 2606 2605 5603
7043 2 4677 2678 2677 5675
7044 2 590 589 4589 5585
7045 2 640 639 4639 5630
7046 2 836 835 4835 5835
7047 2 880 879 4879 5880
7048 2 908 907 4907 5908
7049 2 4640 2640 2639 5639
7050 2 562 561 4561 5556
7051 2 612 611 4611 5616
7052 2 634 633 4633 5634
7053 2 656 655 4655 5654
7054 2 662 661 4661 5664
7055 2 706 705 4705 5704
7056 2 728 727 4727 5728
7057 2 808 807 4807 5808
7058 2 858 857 4858 5858
7059 2 864 863 4863 5864
7060 2 886 885 4885 5885
7061 2 930 929 4929 5930
7062 2 952 951 4951 5952
7063 2 958 957 4957 5958
7064 2 980 979 4979 5979
7065 2 4562 2562 2561 5559
7066 2 4590 2590 2589 5589
7067 2 4612 2612 2611 5609
7068 2 4634 2634 2633 5631
7069 2 4656 2656 2655 5651
7070 2 4662 2662 2661 5659
7071 2 4706 2706 2705 5705
7072 2 4728 2728 2727 5721
7073 2 4808 2808 2807 5805
7074 2 4836 2836 2835 5833
7075 2 4857 2858 2857 5855
7076 2 4864 2864 2863 5861
7077 2 4880 2880 2879 5878
7078 2 4886 2886 2885 5883
7079 2 4908 2908 2907 5905
7080 2 4930 2930 2929 5927
7081 2 4952 2952 2951 5949
7082 2 4958 2958 2957 5955
7083 2 4980 2980 2979 5977
7084 2 288 287 4287 5299
7085 2 338 337 4338 5352
7086 2 534 533 4533 5530
7087 2 4288 2288 2287 5305
7088 2 4337 2338 2337 5319
7089 2 4534 2534 2533 5531
7090 2 4548 2548 2547 5545
7091 2 548 547 4547 5554
7092 2 4526 2526 2525 5525
7093 2 4620 2620 2619 5619
7094 2 518 517 4517 5508
7095 2 526 525 4525 5522
7096 2 620 619 4619 5614
7097 2 642 641 4641 5648
7098 2 772 771 4771 5774
7099 2 4518 2518 2517 5523
7100 2 4642 2642 2641 5629
7101 2 4772 2772 2771 5769
7102 2 576 575 4575 5577
7103 2 676 675 4675 5676
7104 2 786 785 4785 5786
7105 2 792 791 4791 5792
7106 2 4676 2676 2675 5671
7107 2 4786 2786 2785 5784
7108 2 4792 2792 2791 5789
7109 2 532 531 4531 5532
7110 2 540 539 4539 5548
7111 2 554 553 4553 5544
7112 2 568 567 4567 5576
7113 2 604 603 4603 5604
7114 2 618 617 4617 5620
7115 2 626 625 4625 5636
7116 2 648 647 4647 5646
7117 2 684 683 4683 5686
7118 2 692 691 4691 5692
7119 2 698 697 4697 5702
7120 2 714 713 4713 5712
7121 2 720 719 4719 5724
7122 2 756 755 4755 5756
7123 2 770 769 4769 5770
7124 2 778 777 4777 5776
7125 2 800 799 4799 5798
7126 2 814 813 4814 5816
7127 2 822 821 4821 5820
7128 2 850 849 4849 5850
7129 2 916 915 4915 5916
7130 2 922 921 4921 5922
7131 2 944 943 4943 5943
7132 2 4532 2532 2531 5533
7133 2 4545 2546 2545 5535
7134 2 4554 2554 2553 5567
7135 2 4568 2568 2567 5563
7136 2 4576 2576 2575 5572
7137 2 4582 2582 2581 5573
7138 2 4598 2598 2597 5599
7139 2 4618 2618 2617 5621
7140 2 4626 2626 2625 5617
7141 2 4648 2648 2647 5641
7142 2 4670 2670 2669 5667
7143 2 4684 2684 2683 5683
7144 2 4692 2692 2691 5689
7145 2 4698 2698 2697 5693
7146 2 4714 2714 2713 5714
7147 2 4720 2720 2719 5715
7148 2 4734 2734 2733 5729
7149 2 4742 2742 2741 5737
7150 2 4750 2750 2749 5747
7151 2 4756 2756 2755 5751
7152 2 4764 2764 2763 5761
7153 2 4770 2770 2769 5767
7154 2 4778 2778 2777 5777
7155 2 4800 2800 2799 5799
7156 2 4813 2814 2813 5811
7157 2 4822 2822 2821 5821
7158 2 4828 2828 2827 5823
7159 2 4844 2844 2843 5841
7160 2 4850 2850 2849 5847
7161 2 4894 2894 2893 5891
7162 2 4916 2916 2915 5914
7163 2 4922 2922 2921 5919
7164 2 4966 2966 2965 5963
7165 2 546 545 4546 5546
7166 2 582 581 4581 5582
7167 2 598 597 4597 5592
7168 2 670 669 4669 5674
7169 2 734 733 4733 5736
7170 2 742 741 4741 5746
7171 2 750 749 4749 5750
7172 2 764 763 4763 5764
7173 2 828 827 4827 5828
7174 2 844 843 4843 5844
7175 2 872 871 4871 5871
7176 2 894 893 4893 5894
7177 2 966 965 4965 5966
7178 2 4540 2540 2539 5537
7179 2 4604 2604 2603 5598
7180 2 4872 2872 2871 5869
7181 2 4944 2944 2943 5942
7182 2 464 463 4464 5471
7183 2 4280 2280 2279 5279
7184 2 4283 2284 2283 5263
7185 2 4342 2342 2341 5327
7186 2 22 21 4021 5020
7187 2 280 279 4279 5270
7188 2 284 283 4284 5272
7189 2 342 341 4341 5338
7190 2 468 467 4467 5473
7191 2 512 511 4511 5513
7192 2 570 569 4569 5570
7193 2 4022 2022 2021 5015
7194 2 4463 2464 2463 5456
7195 2 4468 2468 2467 5447
7196 2 4512 2512 2511 5509
7197 2 4570 2570 2569 5575
7198 2 210 209 4209 5216
7199 2 344 343 4343 5368
7200 2 478 477 4477 5476
7201 2 52 51 4051 5081
7202 2 170 169 4169 5174
7203 2 416 415 4415 5430
7204 2 460 459 4459 5464
7205 2 510 509 4509 5510
7206 2 4052 2052 2051 5038
7207 2 4170 2170 2169 5159
7208 2 4210 2210 2209 5197
7209 2 4344 2344 2343 5337
7210 2 4416 2416 2415 5423
7211 2 4460 2460 2459 5451
7212 2 4478 2478 2477 5488
7213 2 4510 2510 2509 5505
7214 2 422 421 4421 5426
7215 2 578 577 4578 5584
7216 2 600 599 4599 5602
7217 2 830 829 4829 5830
7218 2 918 917 4917 5918
7219 2 4422 2422 2421 5407
7220 2 4577 2578 2577 5578
7221 2 4600 2600 2599 5591
7222 2 4830 2830 2829 5827
7223 2 4918 2918 2917 5915
7224 2 92 91 4091 5084
7225 2 404 403 4404 5394
7226 2 426 425 4425 5436
7227 2 528 527 4527 5527
7228 2 550 549 4549 5542
7229 2 556 555 4556 5552
7230 2 622 621 4621 5628
7231 2 628 627 4627 5626
7232 2 644 643 4643 5644
7233 2 650 649 4649 5658
7234 2 672 671 4671 5670
7235 2 700 699 4700 5698
7236 2 780 779 4779 5780
7237 2 846 845 4845 5846
7238 2 852 851 4851 5852
7239 2 874 873 4873 5874
7240 2 896 895 4895 5896
7241 2 924 923 4923 5924
7242 2 946 945 4945 5946
7243 2 4092 2092 2091 5110
7244 2 4403 2404 2403 5397
7245 2 4426 2426 2425 5421
7246 2 4528 2528 2527 5521
7247 2 4550 2550 2549 5553
7248 2 4555 2556 2555 5543
7249 2 4622 2622 2621 5613
7250 2 4628 2628 2627 5635
7251 2 4644 2644 2643 5647
7252 2 4650 2650 2649 5645
7253 2 4672 2672 2671 5673
7254 2 4699 2700 2699 5701
7255 2 4780 2780 2779 5775
7256 2 4846 2846 2845 5843
7257 2 4852 2852 2851 5849
7258 2 4874 2874 2873 5872
7259 2 4896 2896 2895 5893
7260 2 4924 2924 2923 5921
7261 2 4946 2946 2945 5944
7262 2 8 7 4007 5005
7263 2 14 13 4013 5013
7264 2 58 57 4057 5047
7265 2 142 141 4141 5132
7266 2 158 157 4157 5144
7267 2 180 179 4179 5199
7268 2 232 231 4231 5242
7269 2 276 275 4276 5261
7270 2 310 309 4309 5317
7271 2 316 315 4315 5307
7272 2 320 319 4319 5311
7273 2 376 375 4375 5385
7274 2 394 393 4393 5387
7275 2 466 465 4465 5448
7276 2 868 867 4867 5868
7277 2 914 913 4913 5913
7278 2 936 935 4935 5935
7279 2 974 973 4973 5973
7280 2 4142 2142 2141 5127
7281 2 4158 2158 2157 5181
7282 2 4868 2868 2867 5865
7283 2 18 17 4017 5017
7284 2 24 23 4024 5054
7285 2 30 29 4030 5025
7286 2 36 35 4035 5059
7287 2 42 41 4041 5034
7288 2 46 45 4045 5037
7289 2 64 63 4063 5085
7290 2 70 69 4070 5099
7291 2 80 79 4079 5076
7292 2 98 97 4097 5098
7293 2 108 107 4108 5123
7294 2 120 119 4119 5141
7295 2 130 129 4129 5151
7296 2 220 219 4219 5205
7297 2 248 247 4247 5204
7298 2 270 269 4269 5298
7299 2 292 291 4291 5281
7300 2 326 325 4325 5314
7301 2 332 331 4331 5322
7302 2 354 353 4353 5356
7303 2 372 371 4371 5363
7304 2 388 387 4388 5378
7305 2 410 409 4410 5415
7306 2 432 431 4431 5441
7307 2 444 443 4444 5439
7308 2 450 449 4449 5444
7309 2 454 453 4454 5457
7310 2 488 487 4487 5515
7311 2 500 499 4499 5491
7312 2 506 505 4505 5501
7313 2 890 889 4889 5889
7314 2 902 901 4902 5902
7315 2 4008 2008 2007 5010
7316 2 4014 2014 2013 5011
7317 2 4023 2024 2023 5019
7318 2 4042 2042 2041 5061
7319 2 4058 2058 2057 5052
7320 2 4080 2080 2079 5105
7321 2 4098 2098 2097 5093
7322 2 4180 2180 2179 5169
7323 2 4232 2232 2231 5190
7324 2 4248 2248 2247 5268
7325 2 4270 2270 2269 5255
7326 2 4275 2276 2275 5296
7327 2 4310 2310 2309 5302
7328 2 4316 2316 2315 5316
7329 2 4320 2320 2319 5326
7330 2 4326 2326 2325 5333
7331 2 4332 2332 2331 5323
7332 2 4376 2376 2375 5380
7333 2 4387 2388 2387 5375
7334 2 4394 2394 2393 5402
7335 2 4466 2466 2465 5472
7336 2 4901 2902 2901 5899
7337 2 4914 2914 2913 5911
7338 2 4936 2936 2935 5934
7339 2 4974 2974 2973 5972
7340 2 74 73 4073 5066
7341 2 86 85 4085 5046
7342 2 102 101 4102 5092
7343 2 114 113 4113 5104
7344 2 260 259 4259 5250
7345 2 304 303 4303 5290
7346 2 366 365 4365 5358
7347 2 382 381 4381 5370
7348 2 438 437 4438 5432
7349 2 472 471 4471 5460
7350 2 494 493 4493 5486
7351 2 4018 2018 2017 5044
7352 2 4029 2030 2029 5030
7353 2 4036 2036 2035 5024
7354 2 4046 2046 2045 5072
7355 2 4064 2064 2063 5022
7356 2 4069 2070 2069 5056
7357 2 4074 2074 2073 5069
7358 2 4086 2086 2085 5111
7359 2 4101 2102 2101 5095
7360 2 4107 2108 2107 5064
7361 2 4114 2114 2113 5073
7362 2 4120 2120 2119 5108
7363 2 4130 2130 2129 5090
7364 2 4220 2220 2219 5208
7365 2 4260 2260 2259 5273
7366 2 4292 2292 2291 5284
7367 2 4304 2304 2303 5293
7368 2 4354 2354 2353 5349
7369 2 4366 2366 2365 5359
7370 2 4372 2372 2371 5362
7371 2 4382 2382 2381 5371
7372 2 4409 2410 2409 5411
7373 2 4432 2432 2431 5418
7374 2 4437 2438 2437 5450
7375 2 4443 2444 2443 5468
7376 2 4450 2450 2449 5454
7377 2 4453 2454 2453 5445
7378 2 4472 2472 2471 5481
7379 2 4488 2488 2487 5479
7380 2 4494 2494 2493 5495
7381 2 4500 2500 2499 5504
7382 2 4506 2506 2505 5512
7383 2 4890 2890 2889 5887
7384 2 150 149 4149 5140
7385 2 474 473 4473 5484
7386 2 4150 2150 2149 5137
7387 2 90 89 4089 5109
7388 2 116 115 4116 5134
7389 2 294 293 4293 5310
7390 2 398 397 4397 5383
7391 2 402 401 4401 5398
7392 2 406 405 4405 5396
7393 2 420 419 4419 5408
7394 2 514 513 4514 5500
7395 2 524 523 4523 5526
7396 2 988 987 4987 5988
7397 2 4294 2294 2293 5282
7398 2 4406 2406 2405 5393
7399 2 4474 2474 2473 5459
7400 2 4988 2988 2987 5985
7401 2 4090 2090 2089 5078
7402 2 4115 2116 2115 5103
7403 2 4398 2398 2397 5406
7404 2 4402 2402 2401 5414
7405 2 4420 2420 2419 5409
7406 2 4513 2514 2513 5514
7407 2 4524 2524 2523 5519
7408 2 522 521 4521 5520
7409 2 538 537 4537 5538
7410 2 544 543 4543 5536
7411 2 566 565 4566 5564
7412 2 572 571 4571 5562
7413 2 594 593 4593 5594
7414 2 616 615 4615 5622
7415 2 668 667 4668 5668
7416 2 690 689 4689 5690
7417 2 718 717 4718 5716
7418 2 740 739 4739 5738
7419 2 768 767 4767 5768
7420 2 818 817 4817 5818
7421 2 840 839 4839 5839
7422 2 942 941 4941 5941
7423 2 964 963 4963 5964
7424 2 970 969 4969 5969
7425 2 4522 2522 2521 5517
7426 2 4538 2538 2537 5539
7427 2 4544 2544 2543 5549
7428 2 4565 2566 2565 5557
7429 2 4572 2572 2571 5569
7430 2 4594 2594 2593 5596
7431 2 4616 2616 2615 5605
7432 2 4667 2668 2667 5665
7433 2 4690 2690 2689 5681
7434 2 4717 2718 2717 5717
7435 2 4740 2740 2739 5739
7436 2 4768 2768 2767 5765
7437 2 4818 2818 2817 5813
7438 2 4840 2840 2839 5837
7439 2 4942 2942 2941 5940
7440 2 4964 2964 2963 5961
7441 2 4970 2970 2969 5967
7442 2 730 729 4730 5731
7443 2 882 881 4881 5882
7444 2 982 981 4981 5982
7445 2 4176 2176 2175 5195
7446 2 4810 2810 2809 5807
7447 2 4882 2882 2881 5879
7448 2 54 53 4053 5050
7449 2 174 173 4173 5196
7450 2 176 175 4175 5158
7451 2 364 363 4364 5360
7452 2 542 541 4541 5550
7453 2 592 591 4591 5595
7454 2 680 679 4679 5677
7455 2 722 721 4722 5720
7456 2 736 735 4736 5734
7457 2 810 809 4809 5810
7458 2 860 859 4859 5859
7459 2 888 887 4887 5888
7460 2 932 931 4931 5931
7461 2 954 953 4953 5953
7462 2 960 959 4959 5960
7463 2 968 967 4967 5968
7464 2 4054 2054 2053 5082
7465 2 4152 2152 2151 5139
7466 2 4174 2174 2173 5161
7467 2 4216 2216 2215 5225
7468 2 4350 2350 2349 5347
7469 2 4363 2364 2363 5365
7470 2 4418 2418 2417 5429
7471 2 4480 2480 2479 5475
7472 2 4542 2542 2541 5547
7473 2 4636 2636 2635 5633
7474 2 4721 2722 2721 5723
7475 2 4729 2730 2729 5727
7476 2 4735 2736 2735 5735
7477 2 4758 2758 2757 5755
7478 2 4765 2766 2765 5763
7479 2 4774 2774 2773 5773
7480 2 4866 2866 2865 5863
7481 2 4888 2888 2887 5886
7482 2 4968 2968 2967 5965
7483 2 4982 2982 2981 5980
7484 2 118 117 4117 5107
7485 2 152 151 4151 5184
7486 2 172 171 4171 5162
7487 2 178 177 4177 5170
7488 2 216 215 4215 5210
7489 2 346 345 4345 5330
7490 2 350 349 4349 5354
7491 2 408 407 4407 5412
7492 2 418 417 4417 5410
7493 2 480 479 4479 5478
7494 2 520 519 4519 5518
7495 2 564 563 4563 5558
7496 2 586 585 4585 5580
7497 2 608 607 4607 5612
7498 2 614 613 4613 5606
7499 2 636 635 4635 5638
7500 2 658 657 4657 5656
7501 2 664 663 4663 5662
7502 2 686 685 4685 5688
7503 2 694 693 4693 5696
7504 2 708 707 4707 5708
7505 2 716 715 4715 5718
7506 2 744 743 4743 5742
7507 2 752 751 4752 5754
7508 2 758 757 4757 5760
7509 2 766 765 4766 5766
7510 2 774 773 4773 5772
7511 2 788 787 4787 5788
7512 2 794 793 4793 5794
7513 2 802 801 4801 5802
7514 2 816 815 4815 5814
7515 2 824 823 4823 5826
7516 2 838 837 4837 5838
7517 2 866 865 4865 5866
7518 2 910 909 4909 5910
7519 2 4118 2118 2117 5133
7520 2 4172 2172 2171 5173
7521 2 4178 2178 2177 5157
7522 2 4346 2346 2345 5367
7523 2 4408 2408 2407 5395
7524 2 4520 2520 2519 5507
7525 2 4564 2564 2563 5555
7526 2 4586 2586 2585 5587
7527 2 4592 2592 2591 5586
7528 2 4608 2608 2607 5607
7529 2 4614 2614 2613 5615
7530 2 4658 2658 2657 5653
7531 2 4664 2664 2663 5663
7532 2 4680 2680 2679 5679
7533 2 4686 2686 2685 5685
7534 2 4694 2694 2693 5691
7535 2 4708 2708 2707 5703
7536 2 4716 2716 2715 5711
7537 2 4744 2744 2743 5745
7538 2 4751 2752 2751 5749
7539 2 4788 2788 2787 5785
7540 2 4794 2794 2793 5791
7541 2 4802 2802 2801 5797
7542 2 4816 2816 2815 5815
7543 2 4824 2824 2823 5819
7544 2 4838 2838 2837 5836
7545 2 4860 2860 2859 5857
7546 2 4910 2910 2909 5907
7547 2 4932 2932 2931 5929
7548 2 4954 2954 2953 5951
7549 2 4960 2960 2959 5957
7550 2 10 9 4010 5036
7551 2 20 19 4019 5016
7552 2 26 25 4025 5031
7553 2 28 27 4027 5029
7554 2 32 31 4031 5028
7555 2 40 39 4039 5062
7556 2 44 43 4043 5071
7557 2 50 49 4050 5039
7558 2 60 59 4059 5088
7559 2 68 67 4068 5055
7560 2 82 81 4081 5079
7561 2 88 87 4087 5077
7562 2 94 93 4093 5120
7563 2 96 95 4095 5094
7564 2 106 105 4106 5063
7565 2 110 109 4109 5136
7566 2 112 111 4111 5074
7567 2 122 121 4121 5116
7568 2 126 125 4126 5154
7569 2 134 133 4133 5166
7570 2 136 135 4135 5102
7571 2 138 137 4137 5164
7572 2 156 155 4155 5182
7573 2 160 159 4159 5150
7574 2 162 161 4161 5146
7575 2 186 185 4186 5178
7576 2 188 187 4187 5212
7577 2 194 193 4193 5192
7578 2 196 195 4196 5155
7579 2 204 203 4203 5168
7580 2 206 205 4206 5230
7581 2 208 207 4207 5198
7582 2 224 223 4223 5219
7583 2 226 225 4225 5217
7584 2 230 229 4229 5189
7585 2 238 237 4237 5259
7586 2 240 239 4239 5240
7587 2 242 241 4241 5236
7588 2 250 249 4250 5265
7589 2 254 253 4254 5275
7590 2 256 255 4255 5213
7591 2 266 265 4265 5257
7592 2 268 267 4267 5256
7593 2 278 277 4277 5280
7594 2 308 307 4307 5301
7595 2 312 311 4311 5286
7596 2 314 313 4313 5315
7597 2 324 323 4324 5334
7598 2 330 329 4329 5324
7599 2 340 339 4339 5328
7600 2 362 361 4361 5366
7601 2 380 379 4379 5372
7602 2 384 383 4383 5392
7603 2 392 391 4391 5401
7604 2 396 395 4396 5405
7605 2 412 411 4411 5403
7606 2 428 427 4427 5419
7607 2 430 429 4430 5417
7608 2 436 435 4435 5449
7609 2 440 439 4439 5434
7610 2 442 441 4441 5467
7611 2 446 445 4445 5438
7612 2 448 447 4448 5453
7613 2 452 451 4451 5443
7614 2 484 483 4484 5490
7615 2 492 491 4491 5496
7616 2 502 501 4501 5494
7617 2 504 503 4503 5511
7618 2 508 507 4507 5506
7619 2 702 701 4701 5700
7620 2 712 711 4711 5713
7621 2 760 759 4759 5758
7622 2 784 783 4783 5783
7623 2 820 819 4820 5822
7624 2 832 831 4831 5832
7625 2 842 841 4842 5842
7626 2 856 855 4856 5856
7627 2 878 877 4877 5877
7628 2 892 891 4891 5892
7629 2 904 903 4903 5904
7630 2 938 937 4937 5937
7631 2 948 947 4947 5947
7632 2 972 971 4971 5971
7633 2 976 975 4975 5976
7634 2 984 983 4983 5984
7635 2 986 985 4985 5986
7636 2 4009 2010 2009 5006
7637 2 4012 2012 2011 5035
7638 2 4032 2032 2031 5026
7639 2 4040 2040 2039 5008
7640 2 4048 2048 2047 5041
7641 2 4049 2050 2049 5040
7642 2 4060 2060 2059 5048
7643 2 4082 2082 2081 5075
7644 2 4088 2088 2087 5045
7645 2 4094 2094 2093 5083
7646 2 4096 2096 2095 5119
7647 2 4105 2106 2105 5125
7648 2 4110 2110 2109 5124
7649 2 4112 2112 2111 5135
7650 2 4122 2122 2121 5142
7651 2 4125 2126 2125 5117
7652 2 4134 2134 2133 5121
7653 2 4136 2136 2135 5165
7654 2 4138 2138 2137 5101
7655 2 4156 2156 2155 5113
7656 2 4160 2160 2159 5143
7657 2 4162 2162 2161 5149
7658 2 4185 2186 2185 5175
7659 2 4188 2188 2187 5177
7660 2 4194 2194 2193 5224
7661 2 4195 2196 2195 5191
7662 2 4198 2198 2197 5156
7663 2 4204 2204 2203 5231
7664 2 4205 2206 2205 5167
7665 2 4208 2208 2207 5229
7666 2 4230 2230 2229 5253
7667 2 4240 2240 2239 5260
7668 2 4242 2242 2241 5239
7669 2 4268 2268 2267 5258
7670 2 4278 2278 2277 5262
7671 2 4312 2312 2311 5318
7672 2 4314 2314 2313 5285
7673 2 4323 2324 2323 5331
7674 2 4330 2330 2329 5339
7675 2 4340 2340 2339 5351
7676 2 4362 2362 2361 5381
7677 2 4380 2380 2379 5389
7678 2 4384 2384 2383 5369
7679 2 4392 2392 2391 5399
7680 2 4395 2396 2395 5388
7681 2 4428 2428 2427 5435
7682 2 4440 2440 2439 5431
7683 2 4442 2442 2441 5433
7684 2 4446 2446 2445 5440
7685 2 4447 2448 2447 5437
7686 2 4483 2484 2483 5469
7687 2 4492 2492 2491 5465
7688 2 4502 2502 2501 5492
7689 2 4504 2504 2503 5493
7690 2 4702 2702 2701 5697
7691 2 4760 2760 2759 5759
7692 2 4819 2820 2819 5817
7693 2 4832 2832 2831 5829
7694 2 4855 2856 2855 5854
7695 2 4892 2892 2891 5890
7696 2 4904 2904 2903 5901
7697 2 4948 2948 2947 5945
7698 2 4976 2976 2975 5974
7699 2 4984 2984 2983 5981
7700 2 4986 2986 2985 5983
7701 2 16 15 4015 5043
7702 2 34 33 4033 5023
7703 2 38 37 4037 5007
7704 2 56 55 4055 5051
7705 2 62 61 4061 5021
7706 2 66 65 4065 5057
7707 2 72 71 4072 5070
7708 2 76 75 4076 5068
7709 2 78 77 4077 5106
7710 2 84 83 4083 5112
7711 2 100 99 4099 5096
7712 2 104 103 4104 5126
7713 2 124 123 4124 5118
7714 2 128 127 4127 5089
7715 2 132 131 4131 5122
7716 2 140 139 4139 5128
7717 2 144 143 4143 5129
7718 2 146 145 4145 5171
7719 2 148 147 4148 5138
7720 2 154 153 4153 5114
7721 2 164 163 4163 5148
7722 2 166 165 4165 5188
7723 2 168 167 4167 5160
7724 2 182 181 4181 5180
7725 2 190 189 4190 5185
7726 2 192 191 4191 5223
7727 2 198 197 4197 5222
7728 2 200 199 4199 5194
7729 2 202 201 4201 5232
7730 2 218 217 4217 5207
7731 2 222 221 4222 5247
7732 2 228 227 4228 5254
7733 2 236 235 4235 5227
7734 2 244 243 4244 5237
7735 2 246 245 4245 5267
7736 2 252 251 4251 5245
7737 2 258 257 4258 5274
7738 2 262 261 4261 5251
7739 2 264 263 4264 5287
7740 2 272 271 4271 5233
7741 2 274 273 4274 5295
7742 2 290 289 4289 5283
7743 2 300 299 4299 5304
7744 2 318 317 4318 5325
7745 2 322 321 4321 5332
7746 2 328 327 4328 5340
7747 2 334 333 4333 5342
7748 2 336 335 4335 5320
7749 2 368 367 4367 5374
7750 2 370 369 4369 5361
7751 2 374 373 4373 5379
7752 2 378 377 4377 5390
7753 2 386 385 4385 5376
7754 2 390 389 4389 5400
7755 2 414 413 4413 5424
7756 2 424 423 4423 5422
7757 2 434 433 4433 5427
7758 2 456 455 4456 5461
7759 2 458 457 4457 5452
7760 2 470 469 4469 5482
7761 2 490 489 4489 5466
7762 2 496 495 4495 5497
7763 2 498 497 4498 5503
7764 2 738 737 4737 5740
7765 2 748 747 4747 5748
7766 2 796 795 4796 5796
7767 2 806 805 4805 5806
7768 2 854 853 4853 5853
7769 2 900 899 4899 5900
7770 2 926 925 4925 5926
7771 2 940 939 4940 5939
7772 2 950 949 4949 5950
7773 2 962 961 4962 5962
7774 2 4016 2016 2015 5014
7775 2 4034 2034 2033 5027
7776 2 4056 2056 2055 5049
7777 2 4062 2062 2061 5087
7778 2 4066 2066 2065 5086
7779 2 4071 2072 2071 5100
7780 2 4075 2076 2075 5065
7781 2 4078 2078 2077 5067
7782 2 4100 2100 2099 5097
7783 2 4103 2104 2103 5091
7784 2 4123 2124 2123 5115
7785 2 4128 2128 2127 5153
7786 2 4132 2132 2131 5152
7787 2 4140 2140 2139 5163
7788 2 4144 2144 2143 5131
7789 2 4147 2148 2147 5172
7790 2 4154 2154 2153 5183
7791 2 4164 2164 2163 5145
7792 2 4166 2166 2165 5147
7793 2 4168 2168 2167 5187
7794 2 4182 2182 2181 5200
7795 2 4189 2190 2189 5211
7796 2 4200 2200 2199 5221
7797 2 4202 2202 2201 5193
7798 2 4218 2218 2217 5209
7799 2 4221 2222 2221 5206
7800 2 4227 2228 2227 5218
7801 2 4236 2236 2235 5243
7802 2 4243 2244 2243 5235
7803 2 4252 2252 2251 5266
7804 2 4257 2258 2257 5214
7805 2 4262 2262 2261 5249
7806 2 4273 2274 2273 5234
7807 2 4322 2322 2321 5312
7808 2 4327 2328 2327 5313
7809 2 4334 2334 2333 5321
7810 2 4336 2336 2335 5341
7811 2 4368 2368 2367 5357
7812 2 4370 2370 2369 5373
7813 2 4374 2374 2373 5364
7814 2 4378 2378 2377 5386
7815 2 4386 2386 2385 5391
7816 2 4390 2390 2389 5377
7817 2 4414 2414 2413 5404
7818 2 4424 2424 2423 5425
7819 2 4455 2456 2455 5458
7820 2 4490 2490 2489 5516
7821 2 4748 2748 2747 5743
7822 2 4795 2796 2795 5793
7823 2 4806 2806 2805 5803
7824 2 4900 2900 2899 5897
7825 2 4926 2926 2925 5923
7826 2 4961 2962 2961 5959
7827 2 12 11 4011 5012
7828 2 48 47 4047 5042
7829 2 184 183 4183 5176
7830 2 4020 2020 2019 5018
7831 2 4026 2026 2025 5053
7832 2 4028 2028 2027 5032
7833 2 4044 2044 2043 5033
7834 2 4067 2068 2067 5058
7835 2 4184 2184 2183 5179
7836 2 4224 2224 2223 5248
7837 2 4226 2226 2225 5220
7838 2 4238 2238 2237 5228
7839 2 4249 2250 2249 5203
7840 2 4253 2254 2253 5246
7841 2 4256 2256 2255 5276
7842 2 4266 2266 2265 5288
7843 2 4308 2308 2307 5335
7844 2 4412 2412 2411 5416
7845 2 4429 2430 2429 5420
7846 2 4436 2436 2435 5428
7847 2 4452 2452 2451 5446
7848 2 4508 2508 2507 5502
7849 2 4712 2712 2711 5710
7850 2 4784 2784 2783 5782
7851 2 4841 2842 2841 5840
7852 2 4878 2878 2877 5876
7853 2 4938 2938 2937 5936
7854 2 4972 2972 2971 5970
7855 2 4038 2038 2037 5060
7856 2 4084 2084 2083 5080
7857 2 4146 2146 2145 5130
7858 2 4192 2192 2191 5186
7859 2 4246 2246 2245 5238
7860 2 4263 2264 2263 5252
7861 2 4272 2272 2271 5297
7862 2 4290 2290 2289 5300
7863 2 4300 2300 2299 5292
7864 2 4317 2318 2317 5308
7865 2 4434 2434 2433 5442
7866 2 4458 2458 2457 5462
7867 2 4470 2470 2469 5474
7868 2 4496 2496 2495 5485
7869 2 4497 2498 2497 5498
7870 2 4738 2738 2737 5733
7871 2 4854 2854 2853 5851
7872 2 4939 2940 2939 5938
7873 2 4950 2950 2949 5948
7874 2 296 295 4295 5278
7875 2 530 529 4530 5534
7876 2 560 559 4559 5560
7877 2 638 637 4637 5640
7878 2 704 703 4703 5706
7879 2 798 797 4797 5800
7880 2 848 847 4847 5848
7881 2 4296 2296 2295 5309
7882 2 4536 2536 2535 5529
7883 2 4588 2588 2587 5579
7884 2 4610 2610 2609 5611
7885 2 4630 2630 2629 5625
7886 2 4632 2632 2631 5623
7887 2 4638 2638 2637 5637
7888 2 4646 2646 2645 5643
7889 2 4652 2652 2651 5657
7890 2 4654 2654 2653 5649
7891 2 4682 2682 2681 5678
7892 2 4688 2688 2687 5687
7893 2 4695 2696 2695 5695
7894 2 4704 2704 2703 5699
7895 2 4724 2724 2723 5719
7896 2 4762 2762 2761 5757
7897 2 4790 2790 2789 5787
7898 2 4812 2812 2811 5809
7899 2 4848 2848 2847 5845
7900 2 4862 2862 2861 5860
7901 2 4884 2884 2883 5881
7902 2 4912 2912 2911 5909
7903 2 476 475 4475 5487
7904 2 536 535 4535 5540
7905 2 552 551 4551 5568
7906 2 558 557 4557 5566
7907 2 574 573 4573 5571
7908 2 580 579 4579 5574
7909 2 588 587 4587 5590
7910 2 596 595 4595 5600
7911 2 602 601 4601 5597
7912 2 610 609 4609 5610
7913 2 624 623 4623 5618
7914 2 630 629 4629 5624
7915 2 632 631 4631 5632
7916 2 646 645 4645 5642
7917 2 652 651 4651 5650
7918 2 654 653 4653 5652
7919 2 660 659 4659 5660
7920 2 666 665 4665 5666
7921 2 674 673 4673 5672
7922 2 682 681 4681 5684
7923 2 688 687 4687 5682
7924 2 696 695 4696 5694
7925 2 710 709 4709 5709
7926 2 724 723 4723 5726
7927 2 726 725 4725 5722
7928 2 732 731 4731 5730
7929 2 746 745 4745 5744
7930 2 754 753 4753 5752
7931 2 762 761 4761 5762
7932 2 776 775 4776 5778
7933 2 782 781 4782 5781
7934 2 790 789 4789 5790
7935 2 804 803 4803 5804
7936 2 812 811 4811 5812
7937 2 826 825 4825 5824
7938 2 834 833 4833 5834
7939 2 862 861 4861 5862
7940 2 870 869 4869 5870
7941 2 876 875 4875 5875
7942 2 884 883 4883 5884
7943 2 898 897 4897 5898
7944 2 906 905 4905 5906
7945 2 912 911 4911 5912
7946 2 920 919 4919 5920
7947 2 928 927 4927 5928
7948 2 934 933 4933 5933
7949 2 956 955 4955 5956
7950 2 978 977 4977 5978
7951 2 4476 2476 2475 5483
7952 2 4529 2530 2529 5528
7953 2 4552 2552 2551 5541
7954 2 4558 2558 2557 5551
7955 2 4560 2560 2559 5565
7956 2 4574 2574 2573 5561
7957 2 4580 2580 2579 5583
7958 2 4596 2596 2595 5593
7959 2 4602 2602 2601 5601
7960 2 4624 2624 2623 5627
7961 2 4660 2660 2659 5655
7962 2 4666 2666 2665 5661
7963 2 4674 2674 2673 5669
7964 2 4710 2710 2709 5707
7965 2 4726 2726 2725 5725
7966 2 4732 2732 2731 5732
7967 2 4746 2746 2745 5741
7968 2 4754 2754 2753 5753
7969 2 4775 2776 2775 5771
7970 2 4781 2782 2781 5779
7971 2 4798 2798 2797 5795
7972 2 4804 2804 2803 5801
7973 2 4826 2826 2825 5825
7974 2 4834 2834 2833 5831
7975 2 4870 2870 2869 5867
7976 2 4876 2876 2875 5873
7977 2 4898 2898 2897 5895
7978 2 4906 2906 2905 5903
7979 2 4920 2920 2919 5917
7980 2 4928 2928 2927 5925
7981 2 4934 2934 2933 5932
7982 2 4956 2956 2955 5954
7983 2 4978 2978 2977 5975
7984 2 358 357 4357 5346
7985 2 4358 2358 2357 5343
7986 2 298 297 4297 5291
7987 2 360 359 4359 5382
7988 2 482 481 4481 5470
7989 2 4298 2298 2297 5277
7990 2 4360 2360 2359 5345
7991 2 4482 2482 2481 5477
7992 2 306 305 4305 5336
7993 2 4306 2306 2305 5289
7994 2 4352 2352 2351 5353
7995 2 4486 2486 2485 5489
7996 2 234 233 4233 5244
7997 2 302 301 4301 5294
7998 2 352 351 4351 5350
7999 2 356 355 4355 5344
8000 2 486 485 4485 5480
8001 2 4234 2234 2233 5241
8002 2 4302 2302 2301 5303
8003 2 4356 2356 2355 5355
8004 2 2 2003 6004 2004
8005 2 4 4003 6003 4004
8006 2 5 6005 4005 6
8007 2 2005 6006 4006 2006
8008 2 6005 5 1 4004
8009 2 6006 2005 3 2004
8010 2 6006 2004 6004 4006
8011 2 6005 4004 6003 4005
*
ATTR
4009 8011 1
*
MATERIAL
1 0.0 31000000.0 0.0 1 0.0 0.0 1.0 0.0 0.0 0.0 0.0 0.0 0.0 0.0 0.0 0.0 0.0 0.0
*
ITEMPERATURES
1 300.0
2 300.0
3 300.0
4 300.0
5 300.0
6 300.0
7 300.0
8 300.0
9 300.0
10 300.0
11 300.0
12 300.0
13 300.0
14 300.0
15 300.0
16 300.0
17 300.0
18 300.0
19 300.0
20 300.0
21 300.0
22 300.0
23 300.0
24 300.0
25 300.0
26 300.0
27 300.0
28 300.0
29 300.0
30 300.0
31 300.0
32 300.0
33 300.0
34 300.0
35 300.0
36 300.0
37 300.0
38 300.0
39 300.0
40 300.0
41 300.0
42 300.0
43 300.0
44 300.0
45 300.0
46 300.0
47 300.0
48 300.0
49 300.0
50 300.0
51 300.0
52 300.0
53 300.0
54 300.0
55 300.0
56 300.0
57 300.0
58 300.0
59 300.0
60 300.0
61 300.0
62 300.0
63 300.0
64 300.0
65 300.0
66 300.0
67 300.0
68 300.0
69 300.0
70 300.0
71 300.0
72 300.0
73 300.0
74 300.0
75 300.0
76 300.0
77 300.0
78 300.0
79 300.0
80 300.0
81 300.0
82 300.0
83 300.0
84 300.0
85 300.0
86 300.0
87 300.0
88 300.0
89 300.0
90 300.0
91 300.0
92 300.0
93 300.0
94 300.0
95 300.0
96 300.0
97 300.0
98 300.0
99 300.0
100 300.0
101 300.0
102 300.0
103 300.0
104 300.0
105 300.0
106 300.0
107 300.0
108 300.0
109 300.0
110 300.0
111 300.0
112 300.0
113 300.0
114 300.0
115 300.0
116 300.0
117 300.0
118 300.0
119 300.0
120 300.0
121 300.0
122 300.0
123 300.0
124 300.0
125 300.0
126 300.0
127 300.0
128 300.0
129 300.0
130 300.0
131 300.0
132 300.0
133 300.0
134 300.0
135 300.0
136 300.0
137 300.0
138 300.0
139 300.0
140 300.0
141 300.0
142 300.0
143 300.0
144 300.0
145 300.0
146 300.0
147 300.0
148 300.0
149 300.0
150 300.0
151 300.0
152 300.0
153 300.0
154 300.0
155 300.0
156 300.0
157 300.0
158 300.0
159 300.0
160 300.0
161 300.0
162 300.0
163 300.0
164 300.0
165 300.0
166 300.0
167 300.0
168 300.0
169 300.0
170 300.0
171 300.0
172 300.0
173 300.0
174 300.0
175 300.0
176 300.0
177 300.0
178 300.0
179 300.0
180 300.0
181 300.0
182 300.0
183 300.0
184 300.0
185 300.0
186 300.0
187 300.0
188 300.0
189 300.0
190 300.0
191 300.0
192 300.0
193 300.0
194 300.0
195 300.0
196 300.0
197 300.0
198 300.0
199 300.0
200 300.0
201 300.0
202 300.0
203 300.0
204 300.0
205 300.0
206 300.0
207 300.0
208 300.0
209 300.0
210 300.0
211 300.0
212 300.0
213 300.0
214 300.0
215 300.0
216 300.0
217 300.0
218 300.0
219 300.0
220 300.0
221 300.0
222 300.0
223 300.0
224 300.0
225 300.0
226 300.0
227 300.0
228 300.0
229 300.0
230 300.0
231 300.0
232 300.0
233 300.0
234 300.0
235 300.0
236 300.0
237 300.0
238 300.0
239 300.0
240 300.0
241 300.0
242 300.0
243 300.0
244 300.0
245 300.0
246 300.0
247 300.0
248 300.0
249 300.0
250 300.0
251 300.0
252 300.0
253 300.0
254 300.0
255 300.0
256 300.0
257 300.0
258 300.0
259 300.0
260 300.0
261 300.0
262 300.0
263 300.0
264 300.0
265 300.0
266 300.0
267 300.0
268 300.0
269 300.0
270 300.0
271 300.0
272 300.0
273 300.0
274 300.0
275 300.0
276 300.0
277 300.0
278 300.0
279 300.0
280 300.0
281 300.0
282 300.0
283 300.0
284 300.0
285 300.0
286 300.0
287 300.0
288 300.0
289 300.0
290 300.0
291 300.0
292 300.0
293 300.0
294 300.0
295 300.0
296 300.0
297 300.0
298 300.0
299 300.0
300 300.0
301 300.0
302 300.0
303 300.0
304 300.0
305 300.0
306 300.0
307 300.0
308 300.0
309 300.0
310 300.0
311 300.0
312 300.0
313 300.0
314 300.0
315 300.0
316 300.0
317 300.0
318 300.0
319 300.0
320 300.0
321 300.0
322 300.0
323 300.0
324 300.0
325 300.0
326 300.0
327 300.0
328 300.0
329 300.0
330 300.0
331 300.0
332 300.0
333 300.0
334 300.0
335 300.0
336 300.0
337 300.0
338 300.0
339 300.0
340 300.0
341 300.0
342 300.0
343 300.0
344 300.0
345 300.0
346 300.0
347 300.0
348 300.0
349 300.0
350 300.0
351 300.0
352 300.0
353 300.0
354 300.0
355 300.0
356 300.0
357 300.0
358 300.0
359 300.0
360 300.0
361 300.0
362 300.0
363 300.0
364 300.0
365 300.0
366 300.0
367 300.0
368 300.0
369 300.0
370 300.0
371 300.0
372 300.0
373 300.0
374 300.0
375 300.0
376 300.0
377 300.0
378 300.0
379 300.0
380 300.0
381 300.0
382 300.0
383 300.0
384 300.0
385 300.0
386 300.0
387 300.0
388 300.0
389 300.0
390 300.0
391 300.0
392 300.0
393 300.0
394 300.0
395 300.0
396 300.0
397 300.0
398 300.0
399 300.0
400 300.0
401 300.0
402 300.0
403 300.0
404 300.0
405 300.0
406 300.0
407 300.0
408 300.0
409 300.0
410 300.0
411 300.0
412 300.0
413 300.0
414 300.0
415 300.0
416 300.0
417 300.0
418 300.0
419 300.0
420 300.0
421 300.0
422 300.0
423 300.0
424 300.0
425 300.0
426 300.0
427 300.0
428 300.0
429 300.0
430 300.0
431 300.0
432 300.0
433 300.0
434 300.0
435 300.0
436 300.0
437 300.0
438 300.0
439 300.0
440 300.0
441 300.0
442 300.0
443 300.0
444 300.0
445 300.0
446 300.0
447 300.0
448 300.0
449 300.0
450 300.0
451 300.0
452 300.0
453 300.0
454 300.0
455 300.0
456 300.0
457 300.0
458 300.0
459 300.0
460 300.0
461 300.0
462 300.0
463 300.0
464 300.0
465 300.0
466 300.0
467 300.0
468 300.0
469 300.0
470 300.0
471 300.0
472 300.0
473 300.0
474 300.0
475 300.0
476 300.0
477 300.0
478 300.0
479 300.0
480 300.0
481 300.0
482 300.0
483 300.0
484 300.0
485 300.0
486 300.0
487 300.0
488 300.0
489 300.0
490 300.0
491 300.0
492 300.0
493 300.0
494 300.0
495 300.0
496 300.0
497 300.0
498 300.0
499 300.0
500 300.0
501 300.0
502 300.0
503 300.0
504 300.0
505 300.0
506 300.0
507 300.0
508 300.0
509 300.0
510 300.0
511 300.0
512 300.0
513 300.0
514 300.0
515 300.0
516 300.0
517 300.0
518 300.0
519 300.0
520 300.0
521 300.0
522 300.0
523 300.0
524 300.0
525 300.0
526 300.0
527 300.0
528 300.0
529 300.0
530 300.0
531 300.0
532 300.0
533 300.0
534 300.0
535 300.0
536 300.0
537 300.0
538 300.0
539 300.0
540 300.0
541 300.0
542 300.0
543 300.0
544 300.0
545 300.0
546 300.0
547 300.0
548 300.0
549 300.0
550 300.0
551 300.0
552 300.0
553 300.0
554 300.0
555 300.0
556 300.0
557 300.0
558 300.0
559 300.0
560 300.0
561 300.0
562 300.0
563 300.0
564 300.0
565 300.0
566 300.0
567 300.0
568 300.0
569 300.0
570 300.0
571 300.0
572 300.0
573 300.0
574 300.0
575 300.0
576 300.0
577 300.0
578 300.0
579 300.0
580 300.0
581 300.0
582 300.0
583 300.0
584 300.0
585 300.0
586 300.0
587 300.0
588 300.0
589 300.0
590 300.0
591 300.0
592 300.0
593 300.0
594 300.0
595 300.0
596 300.0
597 300.0
598 300.0
599 300.0
600 300.0
601 300.0
602 300.0
603 300.0
604 300.0
605 300.0
606 300.0
607 300.0
608 300.0
609 300.0
610 300.0
611 300.0
612 300.0
613 300.0
614 300.0
615 300.0
616 300.0
617 300.0
618 300.0
619 300.0
620 300.0
621 300.0
622 300.0
623 300.0
624 300.0
625 300.0
626 300.0
627 300.0
628 300.0
629 300.0
630 300.0
631 300.0
632 300.0
633 300.0
634 300.0
635 300.0
636 300.0
637 300.0
638 300.0
639 300.0
640 300.0
641 300.0
642 300.0
643 300.0
644 300.0
645 300.0
646 300.0
647 300.0
648 300.0
649 300.0
650 300.0
651 300.0
652 300.0
653 300.0
654 300.0
655 300.0
656 300.0
657 300.0
658 300.0
659 300.0
660 300.0
661 300.0
662 300.0
663 300.0
664 300.0
665 300.0
666 300.0
667 300.0
668 300.0
669 300.0
670 300.0
671 300.0
672 300.0
673 300.0
674 300.0
675 300.0
676 300.0
677 300.0
678 300.0
679 300.0
680 300.0
681 300.0
682 300.0
683 300.0
684 300.0
685 300.0
686 300.0
687 300.0
688 300.0
689 300.0
690 300.0
691 300.0
692 300.0
693 300.0
694 300.0
695 300.0
696 300.0
697 300.0
698 300.0
699 300.0
700 300.0
701 300.0
702 300.0
703 300.0
704 300.0
705 300.0
706 300.0
707 300.0
708 300.0
709 300.0
710 300.0
711 300.0
712 300.0
713 300.0
714 300.0
715 300.0
716 300.0
717 300.0
718 300.0
719 300.0
720 300.0
721 300.0
722 300.0
723 300.0
724 300.0
725 300.0
726 300.0
727 300.0
728 300.0
729 300.0
730 300.0
731 300.0
732 300.0
733 300.0
734 300.0
735 300.0
736 300.0
737 300.0
738 300.0
739 300.0
740 300.0
741 300.0
742 300.0
743 300.0
744 300.0
745 300.0
746 300.0
747 300.0
748 300.0
749 300.0
750 300.0
751 300.0
752 300.0
753 300.0
754 300.0
755 300.0
756 300.0
757 300.0
758 300.0
759 300.0
760 300.0
761 300.0
762 300.0
763 300.0
764 300.0
765 300.0
766 300.0
767 300.0
768 300.0
769 300.0
770 300.0
771 300.0
772 300.0
773 300.0
774 300.0
775 300.0
776 300.0
777 300.0
778 300.0
779 300.0
780 300.0
781 300.0
782 300.0
783 300.0
784 300.0
785 300.0
786 300.0
787 300.0
788 300.0
789 300.0
790 300.0
791 300.0
792 300.0
793 300.0
794 300.0
795 300.0
796 300.0
797 300.0
798 300.0
799 300.0
800 300.0
801 300.0
802 300.0
803 300.0
804 300.0
805 300.0
806 300.0
807 300.0
808 300.0
809 300.0
810 300.0
811 300.0
812 300.0
813 300.0
814 300.0
815 300.0
816 300.0
817 300.0
818 300.0
819 300.0
820 300.0
821 300.0
822 300.0
823 300.0
824 300.0
825 300.0
826 300.0
827 300.0
828 300.0
829 300.0
830 300.0
831 300.0
832 300.0
833 300.0
834 300.0
835 300.0
836 300.0
837 300.0
838 300.0
839 300.0
840 300.0
841 300.0
842 300.0
843 300.0
844 300.0
845 300.0
846 300.0
847 300.0
848 300.0
849 300.0
850 300.0
851 300.0
852 300.0
853 300.0
854 300.0
855 300.0
856 300.0
857 300.0
858 300.0
859 300.0
860 300.0
861 300.0
862 300.0
863 300.0
864 300.0
865 300.0
866 300.0
867 300.0
868 300.0
869 300.0
870 300.0
871 300.0
872 300.0
873 300.0
874 300.0
875 300.0
876 300.0
877 300.0
878 300.0
879 300.0
880 300.0
881 300.0
882 300.0
883 300.0
884 300.0
885 300.0
886 300.0
887 300.0
888 300.0
889 300.0
890 300.0
891 300.0
892 300.0
893 300.0
894 300.0
895 300.0
896 300.0
897 300.0
898 300.0
899 300.0
900 300.0
901 300.0
902 300.0
903 300.0
904 300.0
905 300.0
906 300.0
907 300.0
908 300.0
909 300.0
910 300.0
911 300.0
912 300.0
913 300.0
914 300.0
915 300.0
916 300.0
917 300.0
918 300.0
919 300.0
920 300.0
921 300.0
922 300.0
923 300.0
924 300.0
925 300.0
926 300.0
927 300.0
928 300.0
929 300.0
930 300.0
931 300.0
932 300.0
933 300.0
934 300.0
935 300.0
936 300.0
937 300.0
938 300.0
939 300.0
940 300.0
941 300.0
942 300.0
943 300.0
944 300.0
945 300.0
946 300.0
947 300.0
948 300.0
949 300.0
950 300.0
951 300.0
952 300.0
953 300.0
954 300.0
955 300.0
956 300.0
957 300.0
958 300.0
959 300.0
960 300.0
961 300.0
962 300.0
963 300.0
964 300.0
965 300.0
966 300.0
967 300.0
968 300.0
969 300.0
970 300.0
971 300.0
972 300.0
973 300.0
974 300.0
975 300.0
976 300.0
977 300.0
978 300.0
979 300.0
980 300.0
981 300.0
982 300.0
983 300.0
984 300.0
985 300.0
986 300.0
987 300.0
988 300.0
989 300.0
990 300.0
991 300.0
992 300.0
993 300.0
994 300.0
995 300.0
996 300.0
997 300.0
998 300.0
999 300.0
1000 300.0
1001 300.0
1002 300.0
1003 300.0
1004 300.0
1005 300.0
1006 300.0
1007 300.0
1008 300.0
1009 300.0
1010 300.0
1011 300.0
1012 300.0
1013 300.0
1014 300.0
1015 300.0
1016 300.0
1017 300.0
1018 300.0
1019 300.0
1020 300.0
1021 300.0
1022 300.0
1023 300.0
1024 300.0
1025 300.0
1026 300.0
1027 300.0
1028 300.0
1029 300.0
1030 300.0
1031 300.0
1032 300.0
1033 300.0
1034 300.0
1035 300.0
1036 300.0
1037 300.0
1038 300.0
1039 300.0
1040 300.0
1041 300.0
1042 300.0
1043 300.0
1044 300.0
1045 300.0
1046 300.0
1047 300.0
1048 300.0
1049 300.0
1050 300.0
1051 300.0
1052 300.0
1053 300.0
1054 300.0
1055 300.0
1056 300.0
1057 300.0
1058 300.0
1059 300.0
1060 300.0
1061 300.0
1062 300.0
1063 300.0
1064 300.0
1065 300.0
1066 300.0
1067 300.0
1068 300.0
1069 300.0
1070 300.0
1071 300.0
1072 300.0
1073 300.0
1074 300.0
1075 300.0
1076 300.0
1077 300.0
1078 300.0
1079 300.0
1080 300.0
1081 300.0
1082 300.0
1083 300.0
1084 300.0
1085 300.0
1086 300.0
1087 300.0
1088 300.0
1089 300.0
1090 300.0
1091 300.0
1092 300.0
1093 300.0
1094 300.0
1095 300.0
1096 300.0
1097 300.0
1098 300.0
1099 300.0
1100 300.0
1101 300.0
1102 300.0
1103 300.0
1104 300.0
1105 300.0
1106 300.0
1107 300.0
1108 300.0
1109 300.0
1110 300.0
1111 300.0
1112 300.0
1113 300.0
1114 300.0
1115 300.0
1116 300.0
1117 300.0
1118 300.0
1119 300.0
1120 300.0
1121 300.0
1122 300.0
1123 300.0
1124 300.0
1125 300.0
1126 300.0
1127 300.0
1128 300.0
1129 300.0
1130 300.0
1131 300.0
1132 300.0
1133 300.0
1134 300.0
1135 300.0
1136 300.0
1137 300.0
1138 300.0
1139 300.0
1140 300.0
1141 300.0
1142 300.0
1143 300.0
1144 300.0
1145 300.0
1146 300.0
1147 300.0
1148 300.0
1149 300.0
1150 300.0
1151 300.0
1152 300.0
1153 300.0
1154 300.0
1155 300.0
1156 300.0
1157 300.0
1158 300.0
1159 300.0
1160 300.0
1161 300.0
1162 300.0
1163 300.0
1164 300.0
1165 300.0
1166 300.0
1167 300.0
1168 300.0
1169 300.0
1170 300.0
1171 300.0
1172 300.0
1173 300.0
1174 300.0
1175 300.0
1176 300.0
1177 300.0
1178 300.0
1179 300.0
1180 300.0
1181 300.0
1182 300.0
1183 300.0
1184 300.0
1185 300.0
1186 300.0
1187 300.0
1188 300.0
1189 300.0
1190 300.0
1191 300.0
1192 300.0
1193 300.0
1194 300.0
1195 300.0
1196 300.0
1197 300.0
1198 300.0
1199 300.0
1200 300.0
1201 300.0
1202 300.0
1203 300.0
1204 300.0
1205 300.0
1206 300.0
1207 300.0
1208 300.0
1209 300.0
1210 300.0
1211 300.0
1212 300.0
1213 300.0
1214 300.0
1215 300.0
1216 300.0
1217 300.0
1218 300.0
1219 300.0
1220 300.0
1221 300.0
1222 300.0
1223 300.0
1224 300.0
1225 300.0
1226 300.0
1227 300.0
1228 300.0
1229 300.0
1230 300.0
1231 300.0
1232 300.0
1233 300.0
1234 300.0
1235 300.0
1236 300.0
1237 300.0
1238 300.0
1239 300.0
1240 300.0
1241 300.0
1242 300.0
1243 300.0
1244 300.0
1245 300.0
1246 300.0
1247 300.0
1248 300.0
1249 300.0
1250 300.0
1251 300.0
1252 300.0
1253 300.0
1254 300.0
1255 300.0
1256 300.0
1257 300.0
1258 300.0
1259 300.0
1260 300.0
1261 300.0
1262 300.0
1263 300.0
1264 300.0
1265 300.0
1266 300.0
1267 300.0
1268 300.0
1269 300.0
1270 300.0
1271 300.0
1272 300.0
1273 300.0
1274 300.0
1275 300.0
1276 300.0
1277 300.0
1278 300.0
1279 300.0
1280 300.0
1281 300.0
1282 300.0
1283 300.0
1284 300.0
1285 300.0
1286 300.0
1287 300.0
1288 300.0
1289 300.0
1290 300.0
1291 300.0
1292 300.0
1293 300.0
1294 300.0
1295 300.0
1296 300.0
1297 300.0
1298 300.0
1299 300.0
1300 300.0
1301 300.0
1302 300.0
1303 300.0
1304 300.0
1305 300.0
1306 300.0
1307 300.0
1308 300.0
1309 300.0
1310 300.0
1311 300.0
1312 300.0
1313 300.0
1314 300.0
1315 300.0
1316 300.0
1317 300.0
1318 300.0
1319 300.0
1320 300.0
1321 300.0
1322 300.0
1323 300.0
1324 300.0
1325 300.0
1326 300.0
1327 300.0
1328 300.0
1329 300.0
1330 300.0
1331 300.0
1332 300.0
1333 300.0
1334 300.0
1335 300.0
1336 300.0
1337 300.0
1338 300.0
1339 300.0
1340 300.0
1341 300.0
1342 300.0
1343 300.0
1344 300.0
1345 300.0
1346 300.0
1347 300.0
1348 300.0
1349 300.0
1350 300.0
1351 300.0
1352 300.0
1353 300.0
1354 300.0
1355 300.0
1356 300.0
1357 300.0
1358 300.0
1359 300.0
1360 300.0
1361 300.0
1362 300.0
1363 300.0
1364 300.0
1365 300.0
1366 300.0
1367 300.0
1368 300.0
1369 300.0
1370 300.0
1371 300.0
1372 300.0
1373 300.0
1374 300.0
1375 300.0
1376 300.0
1377 300.0
1378 300.0
1379 300.0
1380 300.0
1381 300.0
1382 300.0
1383 300.0
1384 300.0
1385 300.0
1386 300.0
1387 300.0
1388 300.0
1389 300.0
1390 300.0
1391 300.0
1392 300.0
1393 300.0
1394 300.0
1395 300.0
1396 300.0
1397 300.0
1398 300.0
1399 300.0
1400 300.0
1401 300.0
1402 300.0
1403 300.0
1404 300.0
1405 300.0
1406 300.0
1407 300.0
1408 300.0
1409 300.0
1410 300.0
1411 300.0
1412 300.0
1413 300.0
1414 300.0
1415 300.0
1416 300.0
1417 300.0
1418 300.0
1419 300.0
1420 300.0
1421 300.0
1422 300.0
1423 300.0
1424 300.0
1425 300.0
1426 300.0
1427 300.0
1428 300.0
1429 300.0
1430 300.0
1431 300.0
1432 300.0
1433 300.0
1434 300.0
1435 300.0
1436 300.0
1437 300.0
1438 300.0
1439 300.0
1440 300.0
1441 300.0
1442 300.0
1443 300.0
1444 300.0
1445 300.0
1446 300.0
1447 300.0
1448 300.0
1449 300.0
1450 300.0
1451 300.0
1452 300.0
1453 300.0
1454 300.0
1455 300.0
1456 300.0
1457 300.0
1458 300.0
1459 300.0
1460 300.0
1461 300.0
1462 300.0
1463 300.0
1464 300.0
1465 300.0
1466 300.0
1467 300.0
1468 300.0
1469 300.0
1470 300.0
1471 300.0
1472 300.0
1473 300.0
1474 300.0
1475 300.0
1476 300.0
1477 300.0
1478 300.0
1479 300.0
1480 300.0
1481 300.0
1482 300.0
1483 300.0
1484 300.0
1485 300.0
1486 300.0
1487 300.0
1488 300.0
1489 300.0
1490 300.0
1491 300.0
1492 300.0
1493 300.0
1494 300.0
1495 300.0
1496 300.0
1497 300.0
1498 300.0
1499 300.0
1500 300.0
1501 300.0
1502 300.0
1503 300.0
1504 300.0
1505 300.0
1506 300.0
1507 300.0
1508 300.0
1509 300.0
1510 300.0
1511 300.0
1512 300.0
1513 300.0
1514 300.0
1515 300.0
1516 300.0
1517 300.0
1518 300.0
1519 300.0
1520 300.0
1521 300.0
1522 300.0
1523 300.0
1524 300.0
1525 300.0
1526 300.0
1527 300.0
1528 300.0
1529 300.0
1530 300.0
1531 300.0
1532 300.0
1533 300.0
1534 300.0
1535 300.0
1536 300.0
1537 300.0
1538 300.0
1539 300.0
1540 300.0
1541 300.0
1542 300.0
1543 300.0
1544 300.0
1545 300.0
1546 300.0
1547 300.0
1548 300.0
1549 300.0
1550 300.0
1551 300.0
1552 300.0
1553 300.0
1554 300.0
1555 300.0
1556 300.0
1557 300.0
1558 300.0
1559 300.0
1560 300.0
1561 300.0
1562 300.0
1563 300.0
1564 300.0
1565 300.0
1566 300.0
1567 300.0
1568 300.0
1569 300.0
1570 300.0
1571 300.0
1572 300.0
1573 300.0
1574 300.0
1575 300.0
1576 300.0
1577 300.0
1578 300.0
1579 300.0
1580 300.0
1581 300.0
1582 300.0
1583 300.0
1584 300.0
1585 300.0
1586 300.0
1587 300.0
1588 300.0
1589 300.0
1590 300.0
1591 300.0
1592 300.0
1593 300.0
1594 300.0
1595 300.0
1596 300.0
1597 300.0
1598 300.0
1599 300.0
1600 300.0
1601 300.0
1602 300.0
1603 300.0
1604 300.0
1605 300.0
1606 300.0
1607 300.0
1608 300.0
1609 300.0
1610 300.0
1611 300.0
1612 300.0
1613 300.0
1614 300.0
1615 300.0
1616 300.0
1617 300.0
1618 300.0
1619 300.0
1620 300.0
1621 300.0
1622 300.0
1623 300.0
1624 300.0
1625 300.0
1626 300.0
1627 300.0
1628 300.0
1629 300.0
1630 300.0
1631 300.0
1632 300.0
1633 300.0
1634 300.0
1635 300.0
1636 300.0
1637 300.0
1638 300.0
1639 300.0
1640 300.0
1641 300.0
1642 300.0
1643 300.0
1644 300.0
1645 300.0
1646 300.0
1647 300.0
1648 300.0
1649 300.0
1650 300.0
1651 300.0
1652 300.0
1653 300.0
1654 300.0
1655 300.0
1656 300.0
1657 300.0
1658 300.0
1659 300.0
1660 300.0
1661 300.0
1662 300.0
1663 300.0
1664 300.0
1665 300.0
1666 300.0
1667 300.0
1668 300.0
1669 300.0
1670 300.0
1671 300.0
1672 300.0
1673 300.0
1674 300.0
1675 300.0
1676 300.0
1677 300.0
1678 300.0
1679 300.0
1680 300.0
1681 300.0
1682 300.0
1683 300.0
1684 300.0
1685 300.0
1686 300.0
1687 300.0
1688 300.0
1689 300.0
1690 300.0
1691 300.0
1692 300.0
1693 300.0
1694 300.0
1695 300.0
1696 300.0
1697 300.0
1698 300.0
1699 300.0
1700 300.0
1701 300.0
1702 300.0
1703 300.0
1704 300.0
1705 300.0
1706 300.0
1707 300.0
1708 300.0
1709 300.0
1710 300.0
1711 300.0
1712 300.0
1713 300.0
1714 300.0
1715 300.0
1716 300.0
1717 300.0
1718 300.0
1719 300.0
1720 300.0
1721 300.0
1722 300.0
1723 300.0
1724 300.0
1725 300.0
1726 300.0
1727 300.0
1728 300.0
1729 300.0
1730 300.0
1731 300.0
1732 300.0
1733 300.0
1734 300.0
1735 300.0
1736 300.0
1737 300.0
1738 300.0
1739 300.0
1740 300.0
1741 300.0
1742 300.0
1743 300.0
1744 300.0
1745 300.0
1746 300.0
1747 300.0
1748 300.0
1749 300.0
1750 300.0
1751 300.0
1752 300.0
1753 300.0
1754 300.0
1755 300.0
1756 300.0
1757 300.0
1758 300.0
1759 300.0
1760 300.0
1761 300.0
1762 300.0
1763 300.0
1764 300.0
1765 300.0
1766 300.0
1767 300.0
1768 300.0
1769 300.0
1770 300.0
1771 300.0
1772 300.0
1773 300.0
1774 300.0
1775 300.0
1776 300.0
1777 300.0
1778 300.0
1779 300.0
1780 300.0
1781 300.0
1782 300.0
1783 300.0
1784 300.0
1785 300.0
1786 300.0
1787 300.0
1788 300.0
1789 300.0
1790 300.0
1791 300.0
1792 300.0
1793 300.0
1794 300.0
1795 300.0
1796 300.0
1797 300.0
1798 300.0
1799 300.0
1800 300.0
1801 300.0
1802 300.0
1803 300.0
1804 300.0
1805 300.0
1806 300.0
1807 300.0
1808 300.0
1809 300.0
1810 300.0
1811 300.0
1812 300.0
1813 300.0
1814 300.0
1815 300.0
1816 300.0
1817 300.0
1818 300.0
1819 300.0
1820 300.0
1821 300.0
1822 300.0
1823 300.0
1824 300.0
1825 300.0
1826 300.0
1827 300.0
1828 300.0
1829 300.0
1830 300.0
1831 300.0
1832 300.0
1833 300.0
1834 300.0
1835 300.0
1836 300.0
1837 300.0
1838 300.0
1839 300.0
1840 300.0
1841 300.0
1842 300.0
1843 300.0
1844 300.0
1845 300.0
1846 300.0
1847 300.0
1848 300.0
1849 300.0
1850 300.0
1851 300.0
1852 300.0
1853 300.0
1854 300.0
1855 300.0
1856 300.0
1857 300.0
1858 300.0
1859 300.0
1860 300.0
1861 300.0
1862 300.0
1863 300.0
1864 300.0
1865 300.0
1866 300.0
1867 300.0
1868 300.0
1869 300.0
1870 300.0
1871 300.0
1872 300.0
1873 300.0
1874 300.0
1875 300.0
1876 300.0
1877 300.0
1878 300.0
1879 300.0
1880 300.0
1881 300.0
1882 300.0
1883 300.0
1884 300.0
1885 300.0
1886 300.0
1887 300.0
1888 300.0
1889 300.0
1890 300.0
1891 300.0
1892 300.0
1893 300.0
1894 300.0
1895 300.0
1896 300.0
1897 300.0
1898 300.0
1899 300.0
1900 300.0
1901 300.0
1902 300.0
1903 300.0
1904 300.0
1905 300.0
1906 300.0
1907 300.0
1908 300.0
1909 300.0
1910 300.0
1911 300.0
1912 300.0
1913 300.0
1914 300.0
1915 300.0
1916 300.0
1917 300.0
1918 300.0
1919 300.0
1920 300.0
1921 300.0
1922 300.0
1923 300.0
1924 300.0
1925 300.0
1926 300.0
1927 300.0
1928 300.0
1929 300.0
1930 300.0
1931 300.0
1932 300.0
1933 300.0
1934 300.0
1935 300.0
1936 300.0
1937 300.0
1938 300.0
1939 300.0
1940 300.0
1941 300.0
1942 300.0
1943 300.0
1944 300.0
1945 300.0
1946 300.0
1947 300.0
1948 300.0
1949 300.0
1950 300.0
1951 300.0
1952 300.0
1953 300.0
1954 300.0
1955 300.0
1956 300.0
1957 300.0
1958 300.0
1959 300.0
1960 300.0
1961 300.0
1962 300.0
1963 300.0
1964 300.0
1965 300.0
1966 300.0
1967 300.0
1968 300.0
1969 300.0
1970 300.0
1971 300.0
1972 300.0
1973 300.0
1974 300.0
1975 300.0
1976 300.0
1977 300.0
1978 300.0
1979 300.0
1980 300.0
1981 300.0
1982 300.0
1983 300.0
1984 300.0
1985 300.0
1986 300.0
1987 300.0
1988 300.0
1989 300.0
1990 300.0
1991 300.0
1992 300.0
1993 300.0
1994 300.0
1995 300.0
1996 300.0
1997 300.0
1998 300.0
1999 300.0
2000 300.0
2001 300.0
2002 300.0
2003 300.0
2004 300.0
2005 300.0
2006 300.0
2007 300.0
2008 300.0
2009 300.0
2010 300.0
2011 300.0
2012 300.0
2013 300.0
2014 300.0
2015 300.0
2016 300.0
2017 300.0
2018 300.0
2019 300.0
2020 300.0
2021 300.0
2022 300.0
2023 300.0
2024 300.0
2025 300.0
2026 300.0
2027 300.0
2028 300.0
2029 300.0
2030 300.0
2031 300.0
2032 300.0
2033 300.0
2034 300.0
2035 300.0
2036 300.0
2037 300.0
2038 300.0
2039 300.0
2040 300.0
2041 300.0
2042 300.0
2043 300.0
2044 300.0
2045 300.0
2046 300.0
2047 300.0
2048 300.0
2049 300.0
2050 300.0
2051 300.0
2052 300.0
2053 300.0
2054 300.0
2055 300.0
2056 300.0
2057 300.0
2058 300.0
2059 300.0
2060 300.0
2061 300.0
2062 300.0
2063 300.0
2064 300.0
2065 300.0
2066 300.0
2067 300.0
2068 300.0
2069 300.0
2070 300.0
2071 300.0
2072 300.0
2073 300.0
2074 300.0
2075 300.0
2076 300.0
2077 300.0
2078 300.0
2079 300.0
2080 300.0
2081 300.0
2082 300.0
2083 300.0
2084 300.0
2085 300.0
2086 300.0
2087 300.0
2088 300.0
2089 300.0
2090 300.0
2091 300.0
2092 300.0
2093 300.0
2094 300.0
2095 300.0
2096 300.0
2097 300.0
2098 300.0
2099 300.0
2100 300.0
2101 300.0
2102 300.0
2103 300.0
2104 300.0
2105 300.0
2106 300.0
2107 300.0
2108 300.0
2109 300.0
2110 300.0
2111 300.0
2112 300.0
2113 300.0
2114 300.0
2115 300.0
2116 300.0
2117 300.0
2118 300.0
2119 300.0
2120 300.0
2121 300.0
2122 300.0
2123 300.0
2124 300.0
2125 300.0
2126 300.0
2127 300.0
2128 300.0
2129 300.0
2130 300.0
2131 300.0
2132 300.0
2133 300.0
2134 300.0
2135 300.0
2136 300.0
2137 300.0
2138 300.0
2139 300.0
2140 300.0
2141 300.0
2142 300.0
2143 300.0
2144 300.0
2145 300.0
2146 300.0
2147 300.0
2148 300.0
2149 300.0
2150 300.0
2151 300.0
2152 300.0
2153 300.0
2154 300.0
2155 300.0
2156 300.0
2157 300.0
2158 300.0
2159 300.0
2160 300.0
2161 300.0
2162 300.0
2163 300.0
2164 300.0
2165 300.0
2166 300.0
2167 300.0
2168 300.0
2169 300.0
2170 300.0
2171 300.0
2172 300.0
2173 300.0
2174 300.0
2175 300.0
2176 300.0
2177 300.0
2178 300.0
2179 300.0
2180 300.0
2181 300.0
2182 300.0
2183 300.0
2184 300.0
2185 300.0
2186 300.0
2187 300.0
2188 300.0
2189 300.0
2190 300.0
2191 300.0
2192 300.0
2193 300.0
2194 300.0
2195 300.0
2196 300.0
2197 300.0
2198 300.0
2199 300.0
2200 300.0
2201 300.0
2202 300.0
2203 300.0
2204 300.0
2205 300.0
2206 300.0
2207 300.0
2208 300.0
2209 300.0
2210 300.0
2211 300.0
2212 300.0
2213 300.0
2214 300.0
2215 300.0
2216 300.0
2217 300.0
2218 300.0
2219 300.0
2220 300.0
2221 300.0
2222 300.0
2223 300.0
2224 300.0
2225 300.0
2226 300.0
2227 300.0
2228 300.0
2229 300.0
2230 300.0
2231 300.0
2232 300.0
2233 300.0
2234 300.0
2235 300.0
2236 300.0
2237 300.0
2238 300.0
2239 300.0
2240 300.0
2241 300.0
2242 300.0
2243 300.0
2244 300.0
2245 300.0
2246 300.0
2247 300.0
2248 300.0
2249 300.0
2250 300.0
2251 300.0
2252 300.0
2253 300.0
2254 300.0
2255 300.0
2256 300.0
2257 300.0
2258 300.0
2259 300.0
2260 300.0
2261 300.0
2262 300.0
2263 300.0
2264 300.0
2265 300.0
2266 300.0
2267 300.0
2268 300.0
2269 300.0
2270 300.0
2271 300.0
2272 300.0
2273 300.0
2274 300.0
2275 300.0
2276 300.0
2277 300.0
2278 300.0
2279 300.0
2280 300.0
2281 300.0
2282 300.0
2283 300.0
2284 300.0
2285 300.0
2286 300.0
2287 300.0
2288 300.0
2289 300.0
2290 300.0
2291 300.0
2292 300.0
2293 300.0
2294 300.0
2295 300.0
2296 300.0
2297 300.0
2298 300.0
2299 300.0
2300 300.0
2301 300.0
2302 300.0
2303 300.0
2304 300.0
2305 300.0
2306 300.0
2307 300.0
2308 300.0
2309 300.0
2310 300.0
2311 300.0
2312 300.0
2313 300.0
2314 300.0
2315 300.0
2316 300.0
2317 300.0
2318 300.0
2319 300.0
2320 300.0
2321 300.0
2322 300.0
2323 300.0
2324 300.0
2325 300.0
2326 300.0
2327 300.0
2328 300.0
2329 300.0
2330 300.0
2331 300.0
2332 300.0
2333 300.0
2334 300.0
2335 300.0
2336 300.0
2337 300.0
2338 300.0
2339 300.0
2340 300.0
2341 300.0
2342 300.0
2343 300.0
2344 300.0
2345 300.0
2346 300.0
2347 300.0
2348 300.0
2349 300.0
2350 300.0
2351 300.0
2352 300.0
2353 300.0
2354 300.0
2355 300.0
2356 300.0
2357 300.0
2358 300.0
2359 300.0
2360 300.0
2361 300.0
2362 300.0
2363 300.0
2364 300.0
2365 300.0
2366 300.0
2367 300.0
2368 300.0
2369 300.0
2370 300.0
2371 300.0
2372 300.0
2373 300.0
2374 300.0
2375 300.0
2376 300.0
2377 300.0
2378 300.0
2379 300.0
2380 300.0
2381 300.0
2382 300.0
2383 300.0
2384 300.0
2385 300.0
2386 300.0
2387 300.0
2388 300.0
2389 300.0
2390 300.0
2391 300.0
2392 300.0
2393 300.0
2394 300.0
2395 300.0
2396 300.0
2397 300.0
2398 300.0
2399 300.0
2400 300.0
2401 300.0
2402 300.0
2403 300.0
2404 300.0
2405 300.0
2406 300.0
2407 300.0
2408 300.0
2409 300.0
2410 300.0
2411 300.0
2412 300.0
2413 300.0
2414 300.0
2415 300.0
2416 300.0
2417 300.0
2418 300.0
2419 300.0
2420 300.0
2421 300.0
2422 300.0
2423 300.0
2424 300.0
2425 300.0
2426 300.0
2427 300.0
2428 300.0
2429 300.0
2430 300.0
2431 300.0
2432 300.0
2433 300.0
2434 300.0
2435 300.0
2436 300.0
2437 300.0
2438 300.0
2439 300.0
2440 300.0
2441 300.0
2442 300.0
2443 300.0
2444 300.0
2445 300.0
2446 300.0
2447 300.0
2448 300.0
2449 300.0
2450 300.0
2451 300.0
2452 300.0
2453 300.0
2454 300.0
2455 300.0
2456 300.0
2457 300.0
2458 300.0
2459 300.0
2460 300.0
2461 300.0
2462 300.0
2463 300.0
2464 300.0
2465 300.0
2466 300.0
2467 300.0
2468 300.0
2469 300.0
2470 300.0
2471 300.0
2472 300.0
2473 300.0
2474 300.0
2475 300.0
2476 300.0
2477 300.0
2478 300.0
2479 300.0
2480 300.0
2481 300.0
2482 300.0
2483 300.0
2484 300.0
2485 300.0
2486 300.0
2487 300.0
2488 300.0
2489 300.0
2490 300.0
2491 300.0
2492 300.0
2493 300.0
2494 300.0
2495 300.0
2496 300.0
2497 300.0
2498 300.0
2499 300.0
2500 300.0
2501 300.0
2502 300.0
2503 300.0
2504 300.0
2505 300.0
2506 300.0
2507 300.0
2508 300.0
2509 300.0
2510 300.0
2511 300.0
2512 300.0
2513 300.0
2514 300.0
2515 300.0
2516 300.0
2517 300.0
2518 300.0
2519 300.0
2520 300.0
2521 300.0
2522 300.0
2523 300.0
2524 300.0
2525 300.0
2526 300.0
2527 300.0
2528 300.0
2529 300.0
2530 300.0
2531 300.0
2532 300.0
2533 300.0
2534 300.0
2535 300.0
2536 300.0
2537 300.0
2538 300.0
2539 300.0
2540 300.0
2541 300.0
2542 300.0
2543 300.0
2544 300.0
2545 300.0
2546 300.0
2547 300.0
2548 300.0
2549 300.0
2550 300.0
2551 300.0
2552 300.0
2553 300.0
2554 300.0
2555 300.0
2556 300.0
2557 300.0
2558 300.0
2559 300.0
2560 300.0
2561 300.0
2562 300.0
2563 300.0
2564 300.0
2565 300.0
2566 300.0
2567 300.0
2568 300.0
2569 300.0
2570 300.0
2571 300.0
2572 300.0
2573 300.0
2574 300.0
2575 300.0
2576 300.0
2577 300.0
2578 300.0
2579 300.0
2580 300.0
2581 300.0
2582 300.0
2583 300.0
2584 300.0
2585 300.0
2586 300.0
2587 300.0
2588 300.0
2589 300.0
2590 300.0
2591 300.0
2592 300.0
2593 300.0
2594 300.0
2595 300.0
2596 300.0
2597 300.0
2598 300.0
2599 300.0
2600 300.0
2601 300.0
2602 300.0
2603 300.0
2604 300.0
2605 300.0
2606 300.0
2607 300.0
2608 300.0
2609 300.0
2610 300.0
2611 300.0
2612 300.0
2613 300.0
2614 300.0
2615 300.0
2616 300.0
2617 300.0
2618 300.0
2619 300.0
2620 300.0
2621 300.0
2622 300.0
2623 300.0
2624 300.0
2625 300.0
2626 300.0
2627 300.0
2628 300.0
2629 300.0
2630 300.0
2631 300.0
2632 300.0
2633 300.0
2634 300.0
2635 300.0
2636 300.0
2637 300.0
2638 300.0
2639 300.0
2640 300.0
2641 300.0
2642 300.0
2643 300.0
2644 300.0
2645 300.0
2646 300.0
2647 300.0
2648 300.0
2649 300.0
2650 300.0
2651 300.0
2652 300.0
2653 300.0
2654 300.0
2655 300.0
2656 300.0
2657 300.0
2658 300.0
2659 300.0
2660 300.0
2661 300.0
2662 300.0
2663 300.0
2664 300.0
2665 300.0
2666 300.0
2667 300.0
2668 300.0
2669 300.0
2670 300.0
2671 300.0
2672 300.0
2673 300.0
2674 300.0
2675 300.0
2676 300.0
2677 300.0
2678 300.0
2679 300.0
2680 300.0
2681 300.0
2682 300.0
2683 300.0
2684 300.0
2685 300.0
2686 300.0
2687 300.0
2688 300.0
2689 300.0
2690 300.0
2691 300.0
2692 300.0
2693 300.0
2694 300.0
2695 300.0
2696 300.0
2697 300.0
2698 300.0
2699 300.0
2700 300.0
2701 300.0
2702 300.0
2703 300.0
2704 300.0
2705 300.0
2706 300.0
2707 300.0
2708 300.0
2709 300.0
2710 300.0
2711 300.0
2712 300.0
2713 300.0
2714 300.0
2715 300.0
2716 300.0
2717 300.0
2718 300.0
2719 300.0
2720 300.0
2721 300.0
2722 300.0
2723 300.0
2724 300.0
2725 300.0
2726 300.0
2727 300.0
2728 300.0
2729 300.0
2730 300.0
2731 300.0
2732 300.0
2733 300.0
2734 300.0
2735 300.0
2736 300.0
2737 300.0
2738 300.0
2739 300.0
2740 300.0
2741 300.0
2742 300.0
2743 300.0
2744 300.0
2745 300.0
2746 300.0
2747 300.0
2748 300.0
2749 300.0
2750 300.0
2751 300.0
2752 300.0
2753 300.0
2754 300.0
2755 300.0
2756 300.0
2757 300.0
2758 300.0
2759 300.0
2760 300.0
2761 300.0
2762 300.0
2763 300.0
2764 300.0
2765 300.0
2766 300.0
2767 300.0
2768 300.0
2769 300.0
2770 300.0
2771 300.0
2772 300.0
2773 300.0
2774 300.0
2775 300.0
2776 300.0
2777 300.0
2778 300.0
2779 300.0
2780 300.0
2781 300.0
2782 300.0
2783 300.0
2784 300.0
2785 300.0
2786 300.0
2787 300.0
2788 300.0
2789 300.0
2790 300.0
2791 300.0
2792 300.0
2793 300.0
2794 300.0
2795 300.0
2796 300.0
2797 300.0
2798 300.0
2799 300.0
2800 300.0
2801 300.0
2802 300.0
2803 300.0
2804 300.0
2805 300.0
2806 300.0
2807 300.0
2808 300.0
2809 300.0
2810 300.0
2811 300.0
2812 300.0
2813 300.0
2814 300.0
2815 300.0
2816 300.0
2817 300.0
2818 300.0
2819 300.0
2820 300.0
2821 300.0
2822 300.0
2823 300.0
2824 300.0
2825 300.0
2826 300.0
2827 300.0
2828 300.0
2829 300.0
2830 300.0
2831 300.0
2832 300.0
2833 300.0
2834 300.0
2835 300.0
2836 300.0
2837 300.0
2838 300.0
2839 300.0
2840 300.0
2841 300.0
2842 300.0
2843 300.0
2844 300.0
2845 300.0
2846 300.0
2847 300.0
2848 300.0
2849 300.0
2850 300.0
2851 300.0
2852 300.0
2853 300.0
2854 300.0
2855 300.0
2856 300.0
2857 300.0
2858 300.0
2859 300.0
2860 300.0
2861 300.0
2862 300.0
2863 300.0
2864 300.0
2865 300.0
2866 300.0
2867 300.0
2868 300.0
2869 300.0
2870 300.0
2871 300.0
2872 300.0
2873 300.0
2874 300.0
2875 300.0
2876 300.0
2877 300.0
2878 300.0
2879 300.0
2880 300.0
2881 300.0
2882 300.0
2883 300.0
2884 300.0
2885 300.0
2886 300.0
2887 300.0
2888 300.0
2889 300.0
2890 300.0
2891 300.0
2892 300.0
2893 300.0
2894 300.0
2895 300.0
2896 300.0
2897 300.0
2898 300.0
2899 300.0
2900 300.0
2901 300.0
2902 300.0
2903 300.0
2904 300.0
2905 300.0
2906 300.0
2907 300.0
2908 300.0
2909 300.0
2910 300.0
2911 300.0
2912 300.0
2913 300.0
2914 300.0
2915 300.0
2916 300.0
2917 300.0
2918 300.0
2919 300.0
2920 300.0
2921 300.0
2922 300.0
2923 300.0
2924 300.0
2925 300.0
2926 300.0
2927 300.0
2928 300.0
2929 300.0
2930 300.0
2931 300.0
2932 300.0
2933 300.0
2934 300.0
2935 300.0
2936 300.0
2937 300.0
2938 300.0
2939 300.0
2940 300.0
2941 300.0
2942 300.0
2943 300.0
2944 300.0
2945 300.0
2946 300.0
2947 300.0
2948 300.0
2949 300.0
2950 300.0
2951 300.0
2952 300.0
2953 300.0
2954 300.0
2955 300.0
2956 300.0
2957 300.0
2958 300.0
2959 300.0
2960 300.0
2961 300.0
2962 300.0
2963 300.0
2964 300.0
2965 300.0
2966 300.0
2967 300.0
2968 300.0
2969 300.0
2970 300.0
2971 300.0
2972 300.0
2973 300.0
2974 300.0
2975 300.0
2976 300.0
2977 300.0
2978 300.0
2979 300.0
2980 300.0
2981 300.0
2982 300.0
2983 300.0
2984 300.0
2985 300.0
2986 300.0
2987 300.0
2988 300.0
2989 300.0
2990 300.0
2991 300.0
2992 300.0
2993 300.0
2994 300.0
2995 300.0
2996 300.0
2997 300.0
2998 300.0
2999 300.0
3000 300.0
3001 300.0
3002 300.0
3003 300.0
3004 300.0
3005 300.0
3006 300.0
3007 300.0
3008 300.0
3009 300.0
3010 300.0
3011 300.0
3012 300.0
3013 300.0
3014 300.0
3015 300.0
3016 300.0
3017 300.0
3018 300.0
3019 300.0
3020 300.0
3021 300.0
3022 300.0
3023 300.0
3024 300.0
3025 300.0
3026 300.0
3027 300.0
3028 300.0
3029 300.0
3030 300.0
3031 300.0
3032 300.0
3033 300.0
3034 300.0
3035 300.0
3036 300.0
3037 300.0
3038 300.0
3039 300.0
3040 300.0
3041 300.0
3042 300.0
3043 300.0
3044 300.0
3045 300.0
3046 300.0
3047 300.0
3048 300.0
3049 300.0
3050 300.0
3051 300.0
3052 300.0
3053 300.0
3054 300.0
3055 300.0
3056 300.0
3057 300.0
3058 300.0
3059 300.0
3060 300.0
3061 300.0
3062 300.0
3063 300.0
3064 300.0
3065 300.0
3066 300.0
3067 300.0
3068 300.0
3069 300.0
3070 300.0
3071 300.0
3072 300.0
3073 300.0
3074 300.0
3075 300.0
3076 300.0
3077 300.0
3078 300.0
3079 300.0
3080 300.0
3081 300.0
3082 300.0
3083 300.0
3084 300.0
3085 300.0
3086 300.0
3087 300.0
3088 300.0
3089 300.0
3090 300.0
3091 300.0
3092 300.0
3093 300.0
3094 300.0
3095 300.0
3096 300.0
3097 300.0
3098 300.0
3099 300.0
3100 300.0
3101 300.0
3102 300.0
3103 300.0
3104 300.0
3105 300.0
3106 300.0
3107 300.0
3108 300.0
3109 300.0
3110 300.0
3111 300.0
3112 300.0
3113 300.0
3114 300.0
3115 300.0
3116 300.0
3117 300.0
3118 300.0
3119 300.0
3120 300.0
3121 300.0
3122 300.0
3123 300.0
3124 300.0
3125 300.0
3126 300.0
3127 300.0
3128 300.0
3129 300.0
3130 300.0
3131 300.0
3132 300.0
3133 300.0
3134 300.0
3135 300.0
3136 300.0
3137 300.0
3138 300.0
3139 300.0
3140 300.0
3141 300.0
3142 300.0
3143 300.0
3144 300.0
3145 300.0
3146 300.0
3147 300.0
3148 300.0
3149 300.0
3150 300.0
3151 300.0
3152 300.0
3153 300.0
3154 300.0
3155 300.0
3156 300.0
3157 300.0
3158 300.0
3159 300.0
3160 300.0
3161 300.0
3162 300.0
3163 300.0
3164 300.0
3165 300.0
3166 300.0
3167 300.0
3168 300.0
3169 300.0
3170 300.0
3171 300.0
3172 300.0
3173 300.0
3174 300.0
3175 300.0
3176 300.0
3177 300.0
3178 300.0
3179 300.0
3180 300.0
3181 300.0
3182 300.0
3183 300.0
3184 300.0
3185 300.0
3186 300.0
3187 300.0
3188 300.0
3189 300.0
3190 300.0
3191 300.0
3192 300.0
3193 300.0
3194 300.0
3195 300.0
3196 300.0
3197 300.0
3198 300.0
3199 300.0
3200 300.0
3201 300.0
3202 300.0
3203 300.0
3204 300.0
3205 300.0
3206 300.0
3207 300.0
3208 300.0
3209 300.0
3210 300.0
3211 300.0
3212 300.0
3213 300.0
3214 300.0
3215 300.0
3216 300.0
3217 300.0
3218 300.0
3219 300.0
3220 300.0
3221 300.0
3222 300.0
3223 300.0
3224 300.0
3225 300.0
3226 300.0
3227 300.0
3228 300.0
3229 300.0
3230 300.0
3231 300.0
3232 300.0
3233 300.0
3234 300.0
3235 300.0
3236 300.0
3237 300.0
3238 300.0
3239 300.0
3240 300.0
3241 300.0
3242 300.0
3243 300.0
3244 300.0
3245 300.0
3246 300.0
3247 300.0
3248 300.0
3249 300.0
3250 300.0
3251 300.0
3252 300.0
3253 300.0
3254 300.0
3255 300.0
3256 300.0
3257 300.0
3258 300.0
3259 300.0
3260 300.0
3261 300.0
3262 300.0
3263 300.0
3264 300.0
3265 300.0
3266 300.0
3267 300.0
3268 300.0
3269 300.0
3270 300.0
3271 300.0
3272 300.0
3273 300.0
3274 300.0
3275 300.0
3276 300.0
3277 300.0
3278 300.0
3279 300.0
3280 300.0
3281 300.0
3282 300.0
3283 300.0
3284 300.0
3285 300.0
3286 300.0
3287 300.0
3288 300.0
3289 300.0
3290 300.0
3291 300.0
3292 300.0
3293 300.0
3294 300.0
3295 300.0
3296 300.0
3297 300.0
3298 300.0
3299 300.0
3300 300.0
3301 300.0
3302 300.0
3303 300.0
3304 300.0
3305 300.0
3306 300.0
3307 300.0
3308 300.0
3309 300.0
3310 300.0
3311 300.0
3312 300.0
3313 300.0
3314 300.0
3315 300.0
3316 300.0
3317 300.0
3318 300.0
3319 300.0
3320 300.0
3321 300.0
3322 300.0
3323 300.0
3324 300.0
3325 300.0
3326 300.0
3327 300.0
3328 300.0
3329 300.0
3330 300.0
3331 300.0
3332 300.0
3333 300.0
3334 300.0
3335 300.0
3336 300.0
3337 300.0
3338 300.0
3339 300.0
3340 300.0
3341 300.0
3342 300.0
3343 300.0
3344 300.0
3345 300.0
3346 300.0
3347 300.0
3348 300.0
3349 300.0
3350 300.0
3351 300.0
3352 300.0
3353 300.0
3354 300.0
3355 300.0
3356 300.0
3357 300.0
3358 300.0
3359 300.0
3360 300.0
3361 300.0
3362 300.0
3363 300.0
3364 300.0
3365 300.0
3366 300.0
3367 300.0
3368 300.0
3369 300.0
3370 300.0
3371 300.0
3372 300.0
3373 300.0
3374 300.0
3375 300.0
3376 300.0
3377 300.0
3378 300.0
3379 300.0
3380 300.0
3381 300.0
3382 300.0
3383 300.0
3384 300.0
3385 300.0
3386 300.0
3387 300.0
3388 300.0
3389 300.0
3390 300.0
3391 300.0
3392 300.0
3393 300.0
3394 300.0
3395 300.0
3396 300.0
3397 300.0
3398 300.0
3399 300.0
3400 300.0
3401 300.0
3402 300.0
3403 300.0
3404 300.0
3405 300.0
3406 300.0
3407 300.0
3408 300.0
3409 300.0
3410 300.0
3411 300.0
3412 300.0
3413 300.0
3414 300.0
3415 300.0
3416 300.0
3417 300.0
3418 300.0
3419 300.0
3420 300.0
3421 300.0
3422 300.0
3423 300.0
3424 300.0
3425 300.0
3426 300.0
3427 300.0
3428 300.0
3429 300.0
3430 300.0
3431 300.0
3432 300.0
3433 300.0
3434 300.0
3435 300.0
3436 300.0
3437 300.0
3438 300.0
3439 300.0
3440 300.0
3441 300.0
3442 300.0
3443 300.0
3444 300.0
3445 300.0
3446 300.0
3447 300.0
3448 300.0
3449 300.0
3450 300.0
3451 300.0
3452 300.0
3453 300.0
3454 300.0
3455 300.0
3456 300.0
3457 300.0
3458 300.0
3459 300.0
3460 300.0
3461 300.0
3462 300.0
3463 300.0
3464 300.0
3465 300.0
3466 300.0
3467 300.0
3468 300.0
3469 300.0
3470 300.0
3471 300.0
3472 300.0
3473 300.0
3474 300.0
3475 300.0
3476 300.0
3477 300.0
3478 300.0
3479 300.0
3480 300.0
3481 300.0
3482 300.0
3483 300.0
3484 300.0
3485 300.0
3486 300.0
3487 300.0
3488 300.0
3489 300.0
3490 300.0
3491 300.0
3492 300.0
3493 300.0
3494 300.0
3495 300.0
3496 300.0
3497 300.0
3498 300.0
3499 300.0
3500 300.0
3501 300.0
3502 300.0
3503 300.0
3504 300.0
3505 300.0
3506 300.0
3507 300.0
3508 300.0
3509 300.0
3510 300.0
3511 300.0
3512 300.0
3513 300.0
3514 300.0
3515 300.0
3516 300.0
3517 300.0
3518 300.0
3519 300.0
3520 300.0
3521 300.0
3522 300.0
3523 300.0
3524 300.0
3525 300.0
3526 300.0
3527 300.0
3528 300.0
3529 300.0
3530 300.0
3531 300.0
3532 300.0
3533 300.0
3534 300.0
3535 300.0
3536 300.0
3537 300.0
3538 300.0
3539 300.0
3540 300.0
3541 300.0
3542 300.0
3543 300.0
3544 300.0
3545 300.0
3546 300.0
3547 300.0
3548 300.0
3549 300.0
3550 300.0
3551 300.0
3552 300.0
3553 300.0
3554 300.0
3555 300.0
3556 300.0
3557 300.0
3558 300.0
3559 300.0
3560 300.0
3561 300.0
3562 300.0
3563 300.0
3564 300.0
3565 300.0
3566 300.0
3567 300.0
3568 300.0
3569 300.0
3570 300.0
3571 300.0
3572 300.0
3573 300.0
3574 300.0
3575 300.0
3576 300.0
3577 300.0
3578 300.0
3579 300.0
3580 300.0
3581 300.0
3582 300.0
3583 300.0
3584 300.0
3585 300.0
3586 300.0
3587 300.0
3588 300.0
3589 300.0
3590 300.0
3591 300.0
3592 300.0
3593 300.0
3594 300.0
3595 300.0
3596 300.0
3597 300.0
3598 300.0
3599 300.0
3600 300.0
3601 300.0
3602 300.0
3603 300.0
3604 300.0
3605 300.0
3606 300.0
3607 300.0
3608 300.0
3609 300.0
3610 300.0
3611 300.0
3612 300.0
3613 300.0
3614 300.0
3615 300.0
3616 300.0
3617 300.0
3618 300.0
3619 300.0
3620 300.0
3621 300.0
3622 300.0
3623 300.0
3624 300.0
3625 300.0
3626 300.0
3627 300.0
3628 300.0
3629 300.0
3630 300.0
3631 300.0
3632 300.0
3633 300.0
3634 300.0
3635 300.0
3636 300.0
3637 300.0
3638 300.0
3639 300.0
3640 300.0
3641 300.0
3642 300.0
3643 300.0
3644 300.0
3645 300.0
3646 300.0
3647 300.0
3648 300.0
3649 300.0
3650 300.0
3651 300.0
3652 300.0
3653 300.0
3654 300.0
3655 300.0
3656 300.0
3657 300.0
3658 300.0
3659 300.0
3660 300.0
3661 300.0
3662 300.0
3663 300.0
3664 300.0
3665 300.0
3666 300.0
3667 300.0
3668 300.0
3669 300.0
3670 300.0
3671 300.0
3672 300.0
3673 300.0
3674 300.0
3675 300.0
3676 300.0
3677 300.0
3678 300.0
3679 300.0
3680 300.0
3681 300.0
3682 300.0
3683 300.0
3684 300.0
3685 300.0
3686 300.0
3687 300.0
3688 300.0
3689 300.0
3690 300.0
3691 300.0
3692 300.0
3693 300.0
3694 300.0
3695 300.0
3696 300.0
3697 300.0
3698 300.0
3699 300.0
3700 300.0
3701 300.0
3702 300.0
3703 300.0
3704 300.0
3705 300.0
3706 300.0
3707 300.0
3708 300.0
3709 300.0
3710 300.0
3711 300.0
3712 300.0
3713 300.0
3714 300.0
3715 300.0
3716 300.0
3717 300.0
3718 300.0
3719 300.0
3720 300.0
3721 300.0
3722 300.0
3723 300.0
3724 300.0
3725 300.0
3726 300.0
3727 300.0
3728 300.0
3729 300.0
3730 300.0
3731 300.0
3732 300.0
3733 300.0
3734 300.0
3735 300.0
3736 300.0
3737 300.0
3738 300.0
3739 300.0
3740 300.0
3741 300.0
3742 300.0
3743 300.0
3744 300.0
3745 300.0
3746 300.0
3747 300.0
3748 300.0
3749 300.0
3750 300.0
3751 300.0
3752 300.0
3753 300.0
3754 300.0
3755 300.0
3756 300.0
3757 300.0
3758 300.0
3759 300.0
3760 300.0
3761 300.0
3762 300.0
3763 300.0
3764 300.0
3765 300.0
3766 300.0
3767 300.0
3768 300.0
3769 300.0
3770 300.0
3771 300.0
3772 300.0
3773 300.0
3774 300.0
3775 300.0
3776 300.0
3777 300.0
3778 300.0
3779 300.0
3780 300.0
3781 300.0
3782 300.0
3783 300.0
3784 300.0
3785 300.0
3786 300.0
3787 300.0
3788 300.0
3789 300.0
3790 300.0
3791 300.0
3792 300.0
3793 300.0
3794 300.0
3795 300.0
3796 300.0
3797 300.0
3798 300.0
3799 300.0
3800 300.0
3801 300.0
3802 300.0
3803 300.0
3804 300.0
3805 300.0
3806 300.0
3807 300.0
3808 300.0
3809 300.0
3810 300.0
3811 300.0
3812 300.0
3813 300.0
3814 300.0
3815 300.0
3816 300.0
3817 300.0
3818 300.0
3819 300.0
3820 300.0
3821 300.0
3822 300.0
3823 300.0
3824 300.0
3825 300.0
3826 300.0
3827 300.0
3828 300.0
3829 300.0
3830 300.0
3831 300.0
3832 300.0
3833 300.0
3834 300.0
3835 300.0
3836 300.0
3837 300.0
3838 300.0
3839 300.0
3840 300.0
3841 300.0
3842 300.0
3843 300.0
3844 300.0
3845 300.0
3846 300.0
3847 300.0
3848 300.0
3849 300.0
3850 300.0
3851 300.0
3852 300.0
3853 300.0
3854 300.0
3855 300.0
3856 300.0
3857 300.0
3858 300.0
3859 300.0
3860 300.0
3861 300.0
3862 300.0
3863 300.0
3864 300.0
3865 300.0
3866 300.0
3867 300.0
3868 300.0
3869 300.0
3870 300.0
3871 300.0
3872 300.0
3873 300.0
3874 300.0
3875 300.0
3876 300.0
3877 300.0
3878 300.0
3879 300.0
3880 300.0
3881 300.0
3882 300.0
3883 300.0
3884 300.0
3885 300.0
3886 300.0
3887 300.0
3888 300.0
3889 300.0
3890 300.0
3891 300.0
3892 300.0
3893 300.0
3894 300.0
3895 300.0
3896 300.0
3897 300.0
3898 300.0
3899 300.0
3900 300.0
3901 300.0
3902 300.0
3903 300.0
3904 300.0
3905 300.0
3906 300.0
3907 300.0
3908 300.0
3909 300.0
3910 300.0
3911 300.0
3912 300.0
3913 300.0
3914 300.0
3915 300.0
3916 300.0
3917 300.0
3918 300.0
3919 300.0
3920 300.0
3921 300.0
3922 300.0
3923 300.0
3924 300.0
3925 300.0
3926 300.0
3927 300.0
3928 300.0
3929 300.0
3930 300.0
3931 300.0
3932 300.0
3933 300.0
3934 300.0
3935 300.0
3936 300.0
3937 300.0
3938 300.0
3939 300.0
3940 300.0
3941 300.0
3942 300.0
3943 300.0
3944 300.0
3945 300.0
3946 300.0
3947 300.0
3948 300.0
3949 300.0
3950 300.0
3951 300.0
3952 300.0
3953 300.0
3954 300.0
3955 300.0
3956 300.0
3957 300.0
3958 300.0
3959 300.0
3960 300.0
3961 300.0
3962 300.0
3963 300.0
3964 300.0
3965 300.0
3966 300.0
3967 300.0
3968 300.0
3969 300.0
3970 300.0
3971 300.0
3972 300.0
3973 300.0
3974 300.0
3975 300.0
3976 300.0
3977 300.0
3978 300.0
3979 300.0
3980 300.0
3981 300.0
3982 300.0
3983 300.0
3984 300.0
3985 300.0
3986 300.0
3987 300.0
3988 300.0
3989 300.0
3990 300.0
3991 300.0
3992 300.0
3993 300.0
3994 300.0
3995 300.0
3996 300.0
3997 300.0
3998 300.0
3999 300.0
4000 300.0
4001 300.0
4002 300.0
4003 300.0
4004 300.0
4005 300.0
4006 300.0
4007 300.0
4008 300.0
4009 300.0
4010 300.0
4011 300.0
4012 300.0
4013 300.0
4014 300.0
4015 300.0
4016 300.0
4017 300.0
4018 300.0
4019 300.0
4020 300.0
4021 300.0
4022 300.0
4023 300.0
4024 300.0
4025 300.0
4026 300.0
4027 300.0
4028 300.0
4029 300.0
4030 300.0
4031 300.0
4032 300.0
4033 300.0
4034 300.0
4035 300.0
4036 300.0
4037 300.0
4038 300.0
4039 300.0
4040 300.0
4041 300.0
4042 300.0
4043 300.0
4044 300.0
4045 300.0
4046 300.0
4047 300.0
4048 300.0
4049 300.0
4050 300.0
4051 300.0
4052 300.0
4053 300.0
4054 300.0
4055 300.0
4056 300.0
4057 300.0
4058 300.0
4059 300.0
4060 300.0
4061 300.0
4062 300.0
4063 300.0
4064 300.0
4065 300.0
4066 300.0
4067 300.0
4068 300.0
4069 300.0
4070 300.0
4071 300.0
4072 300.0
4073 300.0
4074 300.0
4075 300.0
4076 300.0
4077 300.0
4078 300.0
4079 300.0
4080 300.0
4081 300.0
4082 300.0
4083 300.0
4084 300.0
4085 300.0
4086 300.0
4087 300.0
4088 300.0
4089 300.0
4090 300.0
4091 300.0
4092 300.0
4093 300.0
4094 300.0
4095 300.0
4096 300.0
4097 300.0
4098 300.0
4099 300.0
4100 300.0
4101 300.0
4102 300.0
4103 300.0
4104 300.0
4105 300.0
4106 300.0
4107 300.0
4108 300.0
4109 300.0
4110 300.0
4111 300.0
4112 300.0
4113 300.0
4114 300.0
4115 300.0
4116 300.0
4117 300.0
4118 300.0
4119 300.0
4120 300.0
4121 300.0
4122 300.0
4123 300.0
4124 300.0
4125 300.0
4126 300.0
4127 300.0
4128 300.0
4129 300.0
4130 300.0
4131 300.0
4132 300.0
4133 300.0
4134 300.0
4135 300.0
4136 300.0
4137 300.0
4138 300.0
4139 300.0
4140 300.0
4141 300.0
4142 300.0
4143 300.0
4144 300.0
4145 300.0
4146 300.0
4147 300.0
4148 300.0
4149 300.0
4150 300.0
4151 300.0
4152 300.0
4153 300.0
4154 300.0
4155 300.0
4156 300.0
4157 300.0
4158 300.0
4159 300.0
4160 300.0
4161 300.0
4162 300.0
4163 300.0
4164 300.0
4165 300.0
4166 300.0
4167 300.0
4168 300.0
4169 300.0
4170 300.0
4171 300.0
4172 300.0
4173 300.0
4174 300.0
4175 300.0
4176 300.0
4177 300.0
4178 300.0
4179 300.0
4180 300.0
4181 300.0
4182 300.0
4183 300.0
4184 300.0
4185 300.0
4186 300.0
4187 300.0
4188 300.0
4189 300.0
4190 300.0
4191 300.0
4192 300.0
4193 300.0
4194 300.0
4195 300.0
4196 300.0
4197 300.0
4198 300.0
4199 300.0
4200 300.0
4201 300.0
4202 300.0
4203 300.0
4204 300.0
4205 300.0
4206 300.0
4207 300.0
4208 300.0
4209 300.0
4210 300.0
4211 300.0
4212 300.0
4213 300.0
4214 300.0
4215 300.0
4216 300.0
4217 300.0
4218 300.0
4219 300.0
4220 300.0
4221 300.0
4222 300.0
4223 300.0
4224 300.0
4225 300.0
4226 300.0
4227 300.0
4228 300.0
4229 300.0
4230 300.0
4231 300.0
4232 300.0
4233 300.0
4234 300.0
4235 300.0
4236 300.0
4237 300.0
4238 300.0
4239 300.0
4240 300.0
4241 300.0
4242 300.0
4243 300.0
4244 300.0
4245 300.0
4246 300.0
4247 300.0
4248 300.0
4249 300.0
4250 300.0
4251 300.0
4252 300.0
4253 300.0
4254 300.0
4255 300.0
4256 300.0
4257 300.0
4258 300.0
4259 300.0
4260 300.0
4261 300.0
4262 300.0
4263 300.0
4264 300.0
4265 300.0
4266 300.0
4267 300.0
4268 300.0
4269 300.0
4270 300.0
4271 300.0
4272 300.0
4273 300.0
4274 300.0
4275 300.0
4276 300.0
4277 300.0
4278 300.0
4279 300.0
4280 300.0
4281 300.0
4282 300.0
4283 300.0
4284 300.0
4285 300.0
4286 300.0
4287 300.0
4288 300.0
4289 300.0
4290 300.0
4291 300.0
4292 300.0
4293 300.0
4294 300.0
4295 300.0
4296 300.0
4297 300.0
4298 300.0
4299 300.0
4300 300.0
4301 300.0
4302 300.0
4303 300.0
4304 300.0
4305 300.0
4306 300.0
4307 300.0
4308 300.0
4309 300.0
4310 300.0
4311 300.0
4312 300.0
4313 300.0
4314 300.0
4315 300.0
4316 300.0
4317 300.0
4318 300.0
4319 300.0
4320 300.0
4321 300.0
4322 300.0
4323 300.0
4324 300.0
4325 300.0
4326 300.0
4327 300.0
4328 300.0
4329 300.0
4330 300.0
4331 300.0
4332 300.0
4333 300.0
4334 300.0
4335 300.0
4336 300.0
4337 300.0
4338 300.0
4339 300.0
4340 300.0
4341 300.0
4342 300.0
4343 300.0
4344 300.0
4345 300.0
4346 300.0
4347 300.0
4348 300.0
4349 300.0
4350 300.0
4351 300.0
4352 300.0
4353 300.0
4354 300.0
4355 300.0
4356 300.0
4357 300.0
4358 300.0
4359 300.0
4360 300.0
4361 300.0
4362 300.0
4363 300.0
4364 300.0
4365 300.0
4366 300.0
4367 300.0
4368 300.0
4369 300.0
4370 300.0
4371 300.0
4372 300.0
4373 300.0
4374 300.0
4375 300.0
4376 300.0
4377 300.0
4378 300.0
4379 300.0
4380 300.0
4381 300.0
4382 300.0
4383 300.0
4384 300.0
4385 300.0
4386 300.0
4387 300.0
4388 300.0
4389 300.0
4390 300.0
4391 300.0
4392 300.0
4393 300.0
4394 300.0
4395 300.0
4396 300.0
4397 300.0
4398 300.0
4399 300.0
4400 300.0
4401 300.0
4402 300.0
4403 300.0
4404 300.0
4405 300.0
4406 300.0
4407 300.0
4408 300.0
4409 300.0
4410 300.0
4411 300.0
4412 300.0
4413 300.0
4414 300.0
4415 300.0
4416 300.0
4417 300.0
4418 300.0
4419 300.0
4420 300.0
4421 300.0
4422 300.0
4423 300.0
4424 300.0
4425 300.0
4426 300.0
4427 300.0
4428 300.0
4429 300.0
4430 300.0
4431 300.0
4432 300.0
4433 300.0
4434 300.0
4435 300.0
4436 300.0
4437 300.0
4438 300.0
4439 300.0
4440 300.0
4441 300.0
4442 300.0
4443 300.0
4444 300.0
4445 300.0
4446 300.0
4447 300.0
4448 300.0
4449 300.0
4450 300.0
4451 300.0
4452 300.0
4453 300.0
4454 300.0
4455 300.0
4456 300.0
4457 300.0
4458 300.0
4459 300.0
4460 300.0
4461 300.0
4462 300.0
4463 300.0
4464 300.0
4465 300.0
4466 300.0
4467 300.0
4468 300.0
4469 300.0
4470 300.0
4471 300.0
4472 300.0
4473 300.0
4474 300.0
4475 300.0
4476 300.0
4477 300.0
4478 300.0
4479 300.0
4480 300.0
4481 300.0
4482 300.0
4483 300.0
4484 300.0
4485 300.0
4486 300.0
4487 300.0
4488 300.0
4489 300.0
4490 300.0
4491 300.0
4492 300.0
4493 300.0
4494 300.0
4495 300.0
4496 300.0
4497 300.0
4498 300.0
4499 300.0
4500 300.0
4501 300.0
4502 300.0
4503 300.0
4504 300.0
4505 300.0
4506 300.0
4507 300.0
4508 300.0
4509 300.0
4510 300.0
4511 300.0
4512 300.0
4513 300.0
4514 300.0
4515 300.0
4516 300.0
4517 300.0
4518 300.0
4519 300.0
4520 300.0
4521 300.0
4522 300.0
4523 300.0
4524 300.0
4525 300.0
4526 300.0
4527 300.0
4528 300.0
4529 300.0
4530 300.0
4531 300.0
4532 300.0
4533 300.0
4534 300.0
4535 300.0
4536 300.0
4537 300.0
4538 300.0
4539 300.0
4540 300.0
4541 300.0
4542 300.0
4543 300.0
4544 300.0
4545 300.0
4546 300.0
4547 300.0
4548 300.0
4549 300.0
4550 300.0
4551 300.0
4552 300.0
4553 300.0
4554 300.0
4555 300.0
4556 300.0
4557 300.0
4558 300.0
4559 300.0
4560 300.0
4561 300.0
4562 300.0
4563 300.0
4564 300.0
4565 300.0
4566 300.0
4567 300.0
4568 300.0
4569 300.0
4570 300.0
4571 300.0
4572 300.0
4573 300.0
4574 300.0
4575 300.0
4576 300.0
4577 300.0
4578 300.0
4579 300.0
4580 300.0
4581 300.0
4582 300.0
4583 300.0
4584 300.0
4585 300.0
4586 300.0
4587 300.0
4588 300.0
4589 300.0
4590 300.0
4591 300.0
4592 300.0
4593 300.0
4594 300.0
4595 300.0
4596 300.0
4597 300.0
4598 300.0
4599 300.0
4600 300.0
4601 300.0
4602 300.0
4603 300.0
4604 300.0
4605 300.0
4606 300.0
4607 300.0
4608 300.0
4609 300.0
4610 300.0
4611 300.0
4612 300.0
4613 300.0
4614 300.0
4615 300.0
4616 300.0
4617 300.0
4618 300.0
4619 300.0
4620 300.0
4621 300.0
4622 300.0
4623 300.0
4624 300.0
4625 300.0
4626 300.0
4627 300.0
4628 300.0
4629 300.0
4630 300.0
4631 300.0
4632 300.0
4633 300.0
4634 300.0
4635 300.0
4636 300.0
4637 300.0
4638 300.0
4639 300.0
4640 300.0
4641 300.0
4642 300.0
4643 300.0
4644 300.0
4645 300.0
4646 300.0
4647 300.0
4648 300.0
4649 300.0
4650 300.0
4651 300.0
4652 300.0
4653 300.0
4654 300.0
4655 300.0
4656 300.0
4657 300.0
4658 300.0
4659 300.0
4660 300.0
4661 300.0
4662 300.0
4663 300.0
4664 300.0
4665 300.0
4666 300.0
4667 300.0
4668 300.0
4669 300.0
4670 300.0
4671 300.0
4672 300.0
4673 300.0
4674 300.0
4675 300.0
4676 300.0
4677 300.0
4678 300.0
4679 300.0
4680 300.0
4681 300.0
4682 300.0
4683 300.0
4684 300.0
4685 300.0
4686 300.0
4687 300.0
4688 300.0
4689 300.0
4690 300.0
4691 300.0
4692 300.0
4693 300.0
4694 300.0
4695 300.0
4696 300.0
4697 300.0
4698 300.0
4699 300.0
4700 300.0
4701 300.0
4702 300.0
4703 300.0
4704 300.0
4705 300.0
4706 300.0
4707 300.0
4708 300.0
4709 300.0
4710 300.0
4711 300.0
4712 300.0
4713 300.0
4714 300.0
4715 300.0
4716 300.0
4717 300.0
4718 300.0
4719 300.0
4720 300.0
4721 300.0
4722 300.0
4723 300.0
4724 300.0
4725 300.0
4726 300.0
4727 300.0
4728 300.0
4729 300.0
4730 300.0
4731 300.0
4732 300.0
4733 300.0
4734 300.0
4735 300.0
4736 300.0
4737 300.0
4738 300.0
4739 300.0
4740 300.0
4741 300.0
4742 300.0
4743 300.0
4744 300.0
4745 300.0
4746 300.0
4747 300.0
4748 300.0
4749 300.0
4750 300.0
4751 300.0
4752 300.0
4753 300.0
4754 300.0
4755 300.0
4756 300.0
4757 300.0
4758 300.0
4759 300.0
4760 300.0
4761 300.0
4762 300.0
4763 300.0
4764 300.0
4765 300.0
4766 300.0
4767 300.0
4768 300.0
4769 300.0
4770 300.0
4771 300.0
4772 300.0
4773 300.0
4774 300.0
4775 300.0
4776 300.0
4777 300.0
4778 300.0
4779 300.0
4780 300.0
4781 300.0
4782 300.0
4783 300.0
4784 300.0
4785 300.0
4786 300.0
4787 300.0
4788 300.0
4789 300.0
4790 300.0
4791 300.0
4792 300.0
4793 300.0
4794 300.0
4795 300.0
4796 300.0
4797 300.0
4798 300.0
4799 300.0
4800 300.0
4801 300.0
4802 300.0
4803 300.0
4804 300.0
4805 300.0
4806 300.0
4807 300.0
4808 300.0
4809 300.0
4810 300.0
4811 300.0
4812 300.0
4813 300.0
4814 300.0
4815 300.0
4816 300.0
4817 300.0
4818 300.0
4819 300.0
4820 300.0
4821 300.0
4822 300.0
4823 300.0
4824 300.0
4825 300.0
4826 300.0
4827 300.0
4828 300.0
4829 300.0
4830 300.0
4831 300.0
4832 300.0
4833 300.0
4834 300.0
4835 300.0
4836 300.0
4837 300.0
4838 300.0
4839 300.0
4840 300.0
4841 300.0
4842 300.0
4843 300.0
4844 300.0
4845 300.0
4846 300.0
4847 300.0
4848 300.0
4849 300.0
4850 300.0
4851 300.0
4852 300.0
4853 300.0
4854 300.0
4855 300.0
4856 300.0
4857 300.0
4858 300.0
4859 300.0
4860 300.0
4861 300.0
4862 300.0
4863 300.0
4864 300.0
4865 300.0
4866 300.0
4867 300.0
4868 300.0
4869 300.0
4870 300.0
4871 300.0
4872 300.0
4873 300.0
4874 300.0
4875 300.0
4876 300.0
4877 300.0
4878 300.0
4879 300.0
4880 300.0
4881 300.0
4882 300.0
4883 300.0
4884 300.0
4885 300.0
4886 300.0
4887 300.0
4888 300.0
4889 300.0
4890 300.0
4891 300.0
4892 300.0
4893 300.0
4894 300.0
4895 300.0
4896 300.0
4897 300.0
4898 300.0
4899 300.0
4900 300.0
4901 300.0
4902 300.0
4903 300.0
4904 300.0
4905 300.0
4906 300.0
4907 300.0
4908 300.0
4909 300.0
4910 300.0
4911 300.0
4912 300.0
4913 300.0
4914 300.0
4915 300.0
4916 300.0
4917 300.0
4918 300.0
4919 300.0
4920 300.0
4921 300.0
4922 300.0
4923 300.0
4924 300.0
4925 300.0
4926 300.0
4927 300.0
4928 300.0
4929 300.0
4930 300.0
4931 300.0
4932 300.0
4933 300.0
4934 300.0
4935 300.0
4936 300.0
4937 300.0
4938 300.0
4939 300.0
4940 300.0
4941 300.0
4942 300.0
4943 300.0
4944 300.0
4945 300.0
4946 300.0
4947 300.0
4948 300.0
4949 300.0
4950 300.0
4951 300.0
4952 300.0
4953 300.0
4954 300.0
4955 300.0
4956 300.0
4957 300.0
4958 300.0
4959 300.0
4960 300.0
4961 300.0
4962 300.0
4963 300.0
4964 300.0
4965 300.0
4966 300.0
4967 300.0
4968 300.0
4969 300.0
4970 300.0
4971 300.0
4972 300.0
4973 300.0
4974 300.0
4975 300.0
4976 300.0
4977 300.0
4978 300.0
4979 300.0
4980 300.0
4981 300.0
4982 300.0
4983 300.0
4984 300.0
4985 300.0
4986 300.0
4987 300.0
4988 300.0
4989 300.0
4990 300.0
4991 300.0
4992 300.0
4993 300.0
4994 300.0
4995 300.0
4996 300.0
4997 300.0
4998 300.0
4999 300.0
5000 300.0
5001 300.0
5002 300.0
5003 300.0
5004 300.0
5005 300.0
5006 300.0
5007 300.0
5008 300.0
5009 300.0
5010 300.0
5011 300.0
5012 300.0
5013 300.0
5014 300.0
5015 300.0
5016 300.0
5017 300.0
5018 300.0
5019 300.0
5020 300.0
5021 300.0
5022 300.0
5023 300.0
5024 300.0
5025 300.0
5026 300.0
5027 300.0
5028 300.0
5029 300.0
5030 300.0
5031 300.0
5032 300.0
5033 300.0
5034 300.0
5035 300.0
5036 300.0
5037 300.0
5038 300.0
5039 300.0
5040 300.0
5041 300.0
5042 300.0
5043 300.0
5044 300.0
5045 300.0
5046 300.0
5047 300.0
5048 300.0
5049 300.0
5050 300.0
5051 300.0
5052 300.0
5053 300.0
5054 300.0
5055 300.0
5056 300.0
5057 300.0
5058 300.0
5059 300.0
5060 300.0
5061 300.0
5062 300.0
5063 300.0
5064 300.0
5065 300.0
5066 300.0
5067 300.0
5068 300.0
5069 300.0
5070 300.0
5071 300.0
5072 300.0
5073 300.0
5074 300.0
5075 300.0
5076 300.0
5077 300.0
5078 300.0
5079 300.0
5080 300.0
5081 300.0
5082 300.0
5083 300.0
5084 300.0
5085 300.0
5086 300.0
5087 300.0
5088 300.0
5089 300.0
5090 300.0
5091 300.0
5092 300.0
5093 300.0
5094 300.0
5095 300.0
5096 300.0
5097 300.0
5098 300.0
5099 300.0
5100 300.0
5101 300.0
5102 300.0
5103 300.0
5104 300.0
5105 300.0
5106 300.0
5107 300.0
5108 300.0
5109 300.0
5110 300.0
5111 300.0
5112 300.0
5113 300.0
5114 300.0
5115 300.0
5116 300.0
5117 300.0
5118 300.0
5119 300.0
5120 300.0
5121 300.0
5122 300.0
5123 300.0
5124 300.0
5125 300.0
5126 300.0
5127 300.0
5128 300.0
5129 300.0
5130 300.0
5131 300.0
5132 300.0
5133 300.0
5134 300.0
5135 300.0
5136 300.0
5137 300.0
5138 300.0
5139 300.0
5140 300.0
5141 300.0
5142 300.0
5143 300.0
5144 300.0
5145 300.0
5146 300.0
5147 300.0
5148 300.0
5149 300.0
5150 300.0
5151 300.0
5152 300.0
5153 300.0
5154 300.0
5155 300.0
5156 300.0
5157 300.0
5158 300.0
5159 300.0
5160 300.0
5161 300.0
5162 300.0
5163 300.0
5164 300.0
5165 300.0
5166 300.0
5167 300.0
5168 300.0
5169 300.0
5170 300.0
5171 300.0
5172 300.0
5173 300.0
5174 300.0
5175 300.0
5176 300.0
5177 300.0
5178 300.0
5179 300.0
5180 300.0
5181 300.0
5182 300.0
5183 300.0
5184 300.0
5185 300.0
5186 300.0
5187 300.0
5188 300.0
5189 300.0
5190 300.0
5191 300.0
5192 300.0
5193 300.0
5194 300.0
5195 300.0
5196 300.0
5197 300.0
5198 300.0
5199 300.0
5200 300.0
5201 300.0
5202 300.0
5203 300.0
5204 300.0
5205 300.0
5206 300.0
5207 300.0
5208 300.0
5209 300.0
5210 300.0
5211 300.0
5212 300.0
5213 300.0
5214 300.0
5215 300.0
5216 300.0
5217 300.0
5218 300.0
5219 300.0
5220 300.0
5221 300.0
5222 300.0
5223 300.0
5224 300.0
5225 300.0
5226 300.0
5227 300.0
5228 300.0
5229 300.0
5230 300.0
5231 300.0
5232 300.0
5233 300.0
5234 300.0
5235 300.0
5236 300.0
5237 300.0
5238 300.0
5239 300.0
5240 300.0
5241 300.0
5242 300.0
5243 300.0
5244 300.0
5245 300.0
5246 300.0
5247 300.0
5248 300.0
5249 300.0
5250 300.0
5251 300.0
5252 300.0
5253 300.0
5254 300.0
5255 300.0
5256 300.0
5257 300.0
5258 300.0
5259 300.0
5260 300.0
5261 300.0
5262 300.0
5263 300.0
5264 300.0
5265 300.0
5266 300.0
5267 300.0
5268 300.0
5269 300.0
5270 300.0
5271 300.0
5272 300.0
5273 300.0
5274 300.0
5275 300.0
5276 300.0
5277 300.0
5278 300.0
5279 300.0
5280 300.0
5281 300.0
5282 300.0
5283 300.0
5284 300.0
5285 300.0
5286 300.0
5287 300.0
5288 300.0
5289 300.0
5290 300.0
5291 300.0
5292 300.0
5293 300.0
5294 300.0
5295 300.0
5296 300.0
5297 300.0
5298 300.0
5299 300.0
5300 300.0
5301 300.0
5302 300.0
5303 300.0
5304 300.0
5305 300.0
5306 300.0
5307 300.0
5308 300.0
5309 300.0
5310 300.0
5311 300.0
5312 300.0
5313 300.0
5314 300.0
5315 300.0
5316 300.0
5317 300.0
5318 300.0
5319 300.0
5320 300.0
5321 300.0
5322 300.0
5323 300.0
5324 300.0
5325 300.0
5326 300.0
5327 300.0
5328 300.0
5329 300.0
5330 300.0
5331 300.0
5332 300.0
5333 300.0
5334 300.0
5335 300.0
5336 300.0
5337 300.0
5338 300.0
5339 300.0
5340 300.0
5341 300.0
5342 300.0
5343 300.0
5344 300.0
5345 300.0
5346 300.0
5347 300.0
5348 300.0
5349 300.0
5350 300.0
5351 300.0
5352 300.0
5353 300.0
5354 300.0
5355 300.0
5356 300.0
5357 300.0
5358 300.0
5359 300.0
5360 300.0
5361 300.0
5362 300.0
5363 300.0
5364 300.0
5365 300.0
5366 300.0
5367 300.0
5368 300.0
5369 300.0
5370 300.0
5371 300.0
5372 300.0
5373 300.0
5374 300.0
5375 300.0
5376 300.0
5377 300.0
5378 300.0
5379 300.0
5380 300.0
5381 300.0
5382 300.0
5383 300.0
5384 300.0
5385 300.0
5386 300.0
5387 300.0
5388 300.0
5389 300.0
5390 300.0
5391 300.0
5392 300.0
5393 300.0
5394 300.0
5395 300.0
5396 300.0
5397 300.0
5398 300.0
5399 300.0
5400 300.0
5401 300.0
5402 300.0
5403 300.0
5404 300.0
5405 300.0
5406 300.0
5407 300.0
5408 300.0
5409 300.0
5410 300.0
5411 300.0
5412 300.0
5413 300.0
5414 300.0
5415 300.0
5416 300.0
5417 300.0
5418 300.0
5419 300.0
5420 300.0
5421 300.0
5422 300.0
5423 300.0
5424 300.0
5425 300.0
5426 300.0
5427 300.0
5428 300.0
5429 300.0
5430 300.0
5431 300.0
5432 300.0
5433 300.0
5434 300.0
5435 300.0
5436 300.0
5437 300.0
5438 300.0
5439 300.0
5440 300.0
5441 300.0
5442 300.0
5443 300.0
5444 300.0
5445 300.0
5446 300.0
5447 300.0
5448 300.0
5449 300.0
5450 300.0
5451 300.0
5452 300.0
5453 300.0
5454 300.0
5455 300.0
5456 300.0
5457 300.0
5458 300.0
5459 300.0
5460 300.0
5461 300.0
5462 300.0
5463 300.0
5464 300.0
5465 300.0
5466 300.0
5467 300.0
5468 300.0
5469 300.0
5470 300.0
5471 300.0
5472 300.0
5473 300.0
5474 300.0
5475 300.0
5476 300.0
5477 300.0
5478 300.0
5479 300.0
5480 300.0
5481 300.0
5482 300.0
5483 300.0
5484 300.0
5485 300.0
5486 300.0
5487 300.0
5488 300.0
5489 300.0
5490 300.0
5491 300.0
5492 300.0
5493 300.0
5494 300.0
5495 300.0
5496 300.0
5497 300.0
5498 300.0
5499 300.0
5500 300.0
5501 300.0
5502 300.0
5503 300.0
5504 300.0
5505 300.0
5506 300.0
5507 300.0
5508 300.0
5509 300.0
5510 300.0
5511 300.0
5512 300.0
5513 300.0
5514 300.0
5515 300.0
5516 300.0
5517 300.0
5518 300.0
5519 300.0
5520 300.0
5521 300.0
5522 300.0
5523 300.0
5524 300.0
5525 300.0
5526 300.0
5527 300.0
5528 300.0
5529 300.0
5530 300.0
5531 300.0
5532 300.0
5533 300.0
5534 300.0
5535 300.0
5536 300.0
5537 300.0
5538 300.0
5539 300.0
5540 300.0
5541 300.0
5542 300.0
5543 300.0
5544 300.0
5545 300.0
5546 300.0
5547 300.0
5548 300.0
5549 300.0
5550 300.0
5551 300.0
5552 300.0
5553 300.0
5554 300.0
5555 300.0
5556 300.0
5557 300.0
5558 300.0
5559 300.0
5560 300.0
5561 300.0
5562 300.0
5563 300.0
5564 300.0
5565 300.0
5566 300.0
5567 300.0
5568 300.0
5569 300.0
5570 300.0
5571 300.0
5572 300.0
5573 300.0
5574 300.0
5575 300.0
5576 300.0
5577 300.0
5578 300.0
5579 300.0
5580 300.0
5581 300.0
5582 300.0
5583 300.0
5584 300.0
5585 300.0
5586 300.0
5587 300.0
5588 300.0
5589 300.0
5590 300.0
5591 300.0
5592 300.0
5593 300.0
5594 300.0
5595 300.0
5596 300.0
5597 300.0
5598 300.0
5599 300.0
5600 300.0
5601 300.0
5602 300.0
5603 300.0
5604 300.0
5605 300.0
5606 300.0
5607 300.0
5608 300.0
5609 300.0
5610 300.0
5611 300.0
5612 300.0
5613 300.0
5614 300.0
5615 300.0
5616 300.0
5617 300.0
5618 300.0
5619 300.0
5620 300.0
5621 300.0
5622 300.0
5623 300.0
5624 300.0
5625 300.0
5626 300.0
5627 300.0
5628 300.0
5629 300.0
5630 300.0
5631 300.0
5632 300.0
5633 300.0
5634 300.0
5635 300.0
5636 300.0
5637 300.0
5638 300.0
5639 300.0
5640 300.0
5641 300.0
5642 300.0
5643 300.0
5644 300.0
5645 300.0
5646 300.0
5647 300.0
5648 300.0
5649 300.0
5650 300.0
5651 300.0
5652 300.0
5653 300.0
5654 300.0
5655 300.0
5656 300.0
5657 300.0
5658 300.0
5659 300.0
5660 300.0
5661 300.0
5662 300.0
5663 300.0
5664 300.0
5665 300.0
5666 300.0
5667 300.0
5668 300.0
5669 300.0
5670 300.0
5671 300.0
5672 300.0
5673 300.0
5674 300.0
5675 300.0
5676 300.0
5677 300.0
5678 300.0
5679 300.0
5680 300.0
5681 300.0
5682 300.0
5683 300.0
5684 300.0
5685 300.0
5686 300.0
5687 300.0
5688 300.0
5689 300.0
5690 300.0
5691 300.0
5692 300.0
5693 300.0
5694 300.0
5695 300.0
5696 300.0
5697 300.0
5698 300.0
5699 300.0
5700 300.0
5701 300.0
5702 300.0
5703 300.0
5704 300.0
5705 300.0
5706 300.0
5707 300.0
5708 300.0
5709 300.0
5710 300.0
5711 300.0
5712 300.0
5713 300.0
5714 300.0
5715 300.0
5716 300.0
5717 300.0
5718 300.0
5719 300.0
5720 300.0
5721 300.0
5722 300.0
5723 300.0
5724 300.0
5725 300.0
5726 300.0
5727 300.0
5728 300.0
5729 300.0
5730 300.0
5731 300.0
5732 300.0
5733 300.0
5734 300.0
5735 300.0
5736 300.0
5737 300.0
5738 300.0
5739 300.0
5740 300.0
5741 300.0
5742 300.0
5743 300.0
5744 300.0
5745 300.0
5746 300.0
5747 300.0
5748 300.0
5749 300.0
5750 300.0
5751 300.0
5752 300.0
5753 300.0
5754 300.0
5755 300.0
5756 300.0
5757 300.0
5758 300.0
5759 300.0
5760 300.0
5761 300.0
5762 300.0
5763 300.0
5764 300.0
5765 300.0
5766 300.0
5767 300.0
5768 300.0
5769 300.0
5770 300.0
5771 300.0
5772 300.0
5773 300.0
5774 300.0
5775 300.0
5776 300.0
5777 300.0
5778 300.0
5779 300.0
5780 300.0
5781 300.0
5782 300.0
5783 300.0
5784 300.0
5785 300.0
5786 300.0
5787 300.0
5788 300.0
5789 300.0
5790 300.0
5791 300.0
5792 300.0
5793 300.0
5794 300.0
5795 300.0
5796 300.0
5797 300.0
5798 300.0
5799 300.0
5800 300.0
5801 300.0
5802 300.0
5803 300.0
5804 300.0
5805 300.0
5806 300.0
5807 300.0
5808 300.0
5809 300.0
5810 300.0
5811 300.0
5812 300.0
5813 300.0
5814 300.0
5815 300.0
5816 300.0
5817 300.0
5818 300.0
5819 300.0
5820 300.0
5821 300.0
5822 300.0
5823 300.0
5824 300.0
5825 300.0
5826 300.0
5827 300.0
5828 300.0
5829 300.0
5830 300.0
5831 300.0
5832 300.0
5833 300.0
5834 300.0
5835 300.0
5836 300.0
5837 300.0
5838 300.0
5839 300.0
5840 300.0
5841 300.0
5842 300.0
5843 300.0
5844 300.0
5845 300.0
5846 300.0
5847 300.0
5848 300.0
5849 300.0
5850 300.0
5851 300.0
5852 300.0
5853 300.0
5854 300.0
5855 300.0
5856 300.0
5857 300.0
5858 300.0
5859 300.0
5860 300.0
5861 300.0
5862 300.0
5863 300.0
5864 300.0
5865 300.0
5866 300.0
5867 300.0
5868 300.0
5869 300.0
5870 300.0
5871 300.0
5872 300.0
5873 300.0
5874 300.0
5875 300.0
5876 300.0
5877 300.0
5878 300.0
5879 300.0
5880 300.0
5881 300.0
5882 300.0
5883 300.0
5884 300.0
5885 300.0
5886 300.0
5887 300.0
5888 300.0
5889 300.0
5890 300.0
5891 300.0
5892 300.0
5893 300.0
5894 300.0
5895 300.0
5896 300.0
5897 300.0
5898 300.0
5899 300.0
5900 300.0
5901 300.0
5902 300.0
5903 300.0
5904 300.0
5905 300.0
5906 300.0
5907 300.0
5908 300.0
5909 300.0
5910 300.0
5911 300.0
5912 300.0
5913 300.0
5914 300.0
5915 300.0
5916 300.0
5917 300.0
5918 300.0
5919 300.0
5920 300.0
5921 300.0
5922 300.0
5923 300.0
5924 300.0
5925 300.0
5926 300.0
5927 300.0
5928 300.0
5929 300.0
5930 300.0
5931 300.0
5932 300.0
5933 300.0
5934 300.0
5935 300.0
5936 300.0
5937 300.0
5938 300.0
5939 300.0
5940 300.0
5941 300.0
5942 300.0
5943 300.0
5944 300.0
5945 300.0
5946 300.0
5947 300.0
5948 300.0
5949 300.0
5950 300.0
5951 300.0
5952 300.0
5953 300.0
5954 300.0
5955 300.0
5956 300.0
5957 300.0
5958 300.0
5959 300.0
5960 300.0
5961 300.0
5962 300.0
5963 300.0
5964 300.0
5965 300.0
5966 300.0
5967 300.0
5968 300.0
5969 300.0
5970 300.0
5971 300.0
5972 300.0
5973 300.0
5974 300.0
5975 300.0
5976 300.0
5977 300.0
5978 300.0
5979 300.0
5980 300.0
5981 300.0
5982 300.0
5983 300.0
5984 300.0
5985 300.0
5986 300.0
5987 300.0
5988 300.0
5989 300.0
5990 300.0
5991 300.0
5992 300.0
5993 300.0
5994 300.0
5995 300.0
5996 300.0
5997 300.0
5998 300.0
5999 300.0
6000 300.0
6001 300.0
6002 300.0
6003 300.0
6004 300.0
6005 300.0
6006 300.0
*
DISP
1 1 0
1 2 0
4 1 0
4 2 0
4004 1 0
4004 2 0
