Refined Surface (Ordered)

4004 points
4004 lines

Points

1 -0.0005 0.0004999999986232684
2 -0.0005 0.0009999999986238794
3 -0.0005 0.0014999999986246015
4 -0.0005 0.0019999999986253236
5 -0.0005 0.0024999999986260457
6 -0.0005 0.0029999999986266568
7 -0.0005 0.003499999998627379
8 -0.0005 0.003999999998628101
9 -0.0005 0.004499999998628823
10 -0.0005 0.004999999998629434
11 -0.0005 0.005499999998630156
12 -0.0005 0.005999999998630878
13 -0.0005 0.0064999999986316
14 -0.0005 0.0069999999986322115
15 -0.0005 0.0074999999986329335
16 -0.0005 0.007999999998633878
17 -0.0005 0.008499999998635266
18 -0.0005 0.008999999998636654
19 -0.0005 0.009499999998638042
20 -0.0005 0.00999999999863943
21 -0.0005 0.010499999998640819
22 -0.0005 0.010999999998642207
23 -0.0005 0.011499999998643595
24 -0.0005 0.011999999998644983
25 -0.0005 0.012499999998646372
26 -0.0005 0.012999999998647649
27 -0.0005 0.013499999998649148
28 -0.0005 0.013999999998650536
29 -0.0005 0.014499999998651925
30 -0.0005 0.014999999998653313
31 -0.0005 0.01549999999865459
32 -0.0005 0.015999999998655978
33 -0.0005 0.016499999998657477
34 -0.0005 0.016999999998658866
35 -0.0005 0.017499999998660254
36 -0.0005 0.01799999999866153
37 -0.0005 0.01849999999866292
38 -0.0005 0.01899999999866442
39 -0.0005 0.019499999998665807
40 -0.0005 0.019999999998667195
41 -0.0005 0.020499999998668583
42 -0.0005 0.02099999999866986
43 -0.0005 0.02149999999867125
44 -0.0005 0.021999999998672748
45 -0.0005 0.022499999998674136
46 -0.0005 0.022999999998675524
47 -0.0005 0.0234999999986768
48 -0.0005 0.02399999999867819
49 -0.0005 0.02449999999867969
50 -0.0005 0.024999999998681077
51 -0.0005 0.025499999998682465
52 -0.0005 0.025999999998683854
53 -0.0005 0.02649999999868513
54 -0.0005 0.02699999999868652
55 -0.0005 0.02749999999868802
56 -0.0005 0.027999999998689407
57 -0.0005 0.028499999998690795
58 -0.0005 0.028999999998692183
59 -0.0005 0.02949999999869346
60 -0.0005 0.02999999999869496
61 -0.0005 0.030499999998696348
62 -0.0005 0.030999999998697736
63 -0.0005 0.031499999998699124
64 -0.0005 0.0319999999987004
65 -0.0005 0.03249999999870179
66 -0.0005 0.03299999999870329
67 -0.0005 0.03349999999870468
68 -0.0005 0.033999999998706065
69 -0.0005 0.034499999998707453
70 -0.0005 0.03499999999870873
71 -0.0005 0.03549999999871012
72 -0.0005 0.03599999999871162
73 -0.0005 0.036499999998713006
74 -0.0005 0.036999999998714395
75 -0.0005 0.03749999999871567
76 -0.0005 0.03799999999871706
77 -0.0005 0.03849999999871856
78 -0.0005 0.03899999999871995
79 -0.0005 0.039499999998721336
80 -0.0005 0.039999999998722724
81 -0.0005 0.040499999998724
82 -0.0005 0.04099999999872539
83 -0.0005 0.04149999999872689
84 -0.0005 0.04199999999872828
85 -0.0005 0.042499999998729665
86 -0.0005 0.04299999999873105
87 -0.0005 0.04349999999873233
88 -0.0005 0.04399999999873383
89 -0.0005 0.04449999999873522
90 -0.0005 0.044999999998736606
91 -0.0005 0.045499999998737994
92 -0.0005 0.04599999999873927
93 -0.0005 0.04649999999874066
94 -0.0005 0.04699999999874216
95 -0.0005 0.04749999999874355
96 -0.0005 0.047999999998744936
97 -0.0005 0.048499999998746324
98 -0.0005 0.0489999999987476
99 -0.0005 0.0494999999987491
100 -0.0005 0.04999999999875049
101 -0.0005 0.05049999999875188
102 -0.0005 0.050999999998753265
103 -0.0005 0.05149999999875454
104 -0.0005 0.05199999999875593
105 -0.0005 0.05249999999875743
106 -0.0005 0.05299999999875882
107 -0.0005 0.053499999998760206
108 -0.0005 0.053999999998761594
109 -0.0005 0.05449999999876287
110 -0.0005 0.05499999999876437
111 -0.0005 0.05549999999876576
112 -0.0005 0.05599999999876715
113 -0.0005 0.056499999998768535
114 -0.0005 0.056999999998769924
115 -0.0005 0.0574999999987712
116 -0.0005 0.0579999999987727
117 -0.0005 0.05849999999877409
118 -0.0005 0.058999999998775476
119 -0.0005 0.059499999998776865
120 -0.0005 0.05999999999877814
121 -0.0005 0.06049999999877964
122 -0.0005 0.06099999999878103
123 -0.0005 0.06149999999878242
124 -0.0005 0.061999999998783806
125 -0.0005 0.062499999998785194
126 -0.0005 0.06299999999878647
127 -0.0005 0.06349999999878797
128 -0.0005 0.06399999999878936
129 -0.0005 0.06449999999879075
130 -0.0005 0.06499999999879214
131 -0.0005 0.06549999999879341
132 -0.0005 0.06599999999879491
133 -0.0005 0.0664999999987963
134 -0.0005 0.06699999999879769
135 -0.0005 0.06749999999879908
136 -0.0005 0.06799999999880046
137 -0.0005 0.06849999999880174
138 -0.0005 0.06899999999880324
139 -0.0005 0.06949999999880463
140 -0.0005 0.06999999999880602
141 -0.0005 0.0704999999988074
142 -0.0005 0.07099999999880868
143 -0.0005 0.07149999999881007
144 -0.0005 0.07199999999881157
145 -0.0005 0.07249999999881296
146 -0.0005 0.07299999999881435
147 -0.0005 0.07349999999881573
148 -0.0005 0.07399999999881701
149 -0.0005 0.07449999999881851
150 -0.0005 0.0749999999988199
151 -0.0005 0.07549999999882129
152 -0.0005 0.07599999999882268
153 -0.0005 0.07649999999882406
154 -0.0005 0.07699999999882534
155 -0.0005 0.07749999999882684
156 -0.0005 0.07799999999882823
157 -0.0005 0.07849999999882962
158 -0.0005 0.078999999998831
159 -0.0005 0.07949999999883228
160 -0.0005 0.07999999999883378
161 -0.0005 0.08049999999883517
162 -0.0005 0.08099999999883656
163 -0.0005 0.08149999999883795
164 -0.0005 0.08199999999883933
165 -0.0005 0.08249999999884061
166 -0.0005 0.08299999999884211
167 -0.0005 0.0834999999988435
168 -0.0005 0.08399999999884489
169 -0.0005 0.08449999999884628
170 -0.0005 0.08499999999884755
171 -0.0005 0.08549999999884905
172 -0.0005 0.08599999999885044
173 -0.0005 0.08649999999885183
174 -0.0005 0.08699999999885322
175 -0.0005 0.0874999999988546
176 -0.0005 0.08799999999885588
177 -0.0005 0.08849999999885738
178 -0.0005 0.08899999999885877
179 -0.0005 0.08949999999886016
180 -0.0005 0.08999999999886155
181 -0.0005 0.09049999999886293
182 -0.0005 0.09099999999886432
183 -0.0005 0.09149999999886571
184 -0.0005 0.0919999999988671
185 -0.0005 0.09249999999886849
186 -0.0005 0.09299999999886988
187 -0.0005 0.09349999999887115
188 -0.0005 0.09399999999887265
189 -0.0005 0.09449999999887404
190 -0.0005 0.09499999999887543
191 -0.0005 0.09549999999887682
192 -0.0005 0.0959999999988782
193 -0.0005 0.0964999999988796
194 -0.0005 0.09699999999888098
195 -0.0005 0.09749999999888237
196 -0.0005 0.09799999999888376
197 -0.0005 0.09849999999888515
198 -0.0005 0.09899999999888642
199 -0.0005 0.09949999999888792
200 -0.0005 0.09999999999888931
201 -0.0005 0.1004999999988907
202 -0.0005 0.10099999999889209
203 -0.0005 0.10149999999889348
204 -0.0005 0.10199999999889486
205 -0.0005 0.10249999999889625
206 -0.0005 0.10299999999889764
207 -0.0005 0.10349999999889903
208 -0.0005 0.10399999999890042
209 -0.0005 0.1044999999989018
210 -0.0005 0.10499999999890319
211 -0.0005 0.10549999999890458
212 -0.0005 0.10599999999890597
213 -0.0005 0.10649999999890736
214 -0.0005 0.10699999999890875
215 -0.0005 0.10749999999891013
216 -0.0005 0.10799999999891152
217 -0.0005 0.10849999999891291
218 -0.0005 0.1089999999989143
219 -0.0005 0.10949999999891569
220 -0.0005 0.10999999999891708
221 -0.0005 0.11049999999891846
222 -0.0005 0.11099999999891985
223 -0.0005 0.11149999999892124
224 -0.0005 0.11199999999892263
225 -0.0005 0.11249999999892402
226 -0.0005 0.1129999999989253
227 -0.0005 0.11349999999892679
228 -0.0005 0.11399999999892818
229 -0.0005 0.11449999999892957
230 -0.0005 0.11499999999893096
231 -0.0005 0.11549999999893235
232 -0.0005 0.11599999999893373
233 -0.0005 0.11649999999893512
234 -0.0005 0.11699999999893651
235 -0.0005 0.1174999999989379
236 -0.0005 0.11799999999893929
237 -0.0005 0.11849999999894056
238 -0.0005 0.11899999999894206
239 -0.0005 0.11949999999894345
240 -0.0005 0.11999999999894484
241 -0.0005 0.12049999999894623
242 -0.0005 0.12099999999894762
243 -0.0005 0.121499999998949
244 -0.0005 0.12199999999895039
245 -0.0005 0.12249999999895178
246 -0.0005 0.12299999999895317
247 -0.0005 0.12349999999895456
248 -0.0005 0.12399999999895595
249 -0.0005 0.12449999999895733
250 -0.0005 0.12499999999895872
251 -0.0005 0.1254999999989601
252 -0.0005 0.1259999999989615
253 -0.0005 0.1264999999989629
254 -0.0005 0.12699999999896427
255 -0.0005 0.12749999999896566
256 -0.0005 0.12799999999896705
257 -0.0005 0.12849999999896844
258 -0.0005 0.12899999999896983
259 -0.0005 0.12949999999897122
260 -0.0005 0.1299999999989726
261 -0.0005 0.130499999998974
262 -0.0005 0.13099999999897538
263 -0.0005 0.13149999999897677
264 -0.0005 0.13199999999897816
265 -0.0005 0.13249999999897966
266 -0.0005 0.13299999999898093
267 -0.0005 0.13349999999898232
268 -0.0005 0.1339999999989837
269 -0.0005 0.1344999999989851
270 -0.0005 0.1349999999989865
271 -0.0005 0.13549999999898787
272 -0.0005 0.13599999999898926
273 -0.0005 0.13649999999899065
274 -0.0005 0.13699999999899204
275 -0.0005 0.13749999999899343
276 -0.0005 0.13799999999899493
277 -0.0005 0.1384999999989962
278 -0.0005 0.1389999999989976
279 -0.0005 0.13949999999899898
280 -0.0005 0.13999999999900037
281 -0.0005 0.14049999999900176
282 -0.0005 0.14099999999900314
283 -0.0005 0.14149999999900453
284 -0.0005 0.14199999999900592
285 -0.0005 0.1424999999990073
286 -0.0005 0.1429999999990087
287 -0.0005 0.1434999999990102
288 -0.0005 0.14399999999901147
289 -0.0005 0.14449999999901286
290 -0.0005 0.14499999999901425
291 -0.0005 0.14549999999901564
292 -0.0005 0.14599999999901703
293 -0.0005 0.14649999999901842
294 -0.0005 0.1469999999990198
295 -0.0005 0.1474999999990212
296 -0.0005 0.14799999999902258
297 -0.0005 0.14849999999902397
298 -0.0005 0.14899999999902547
299 -0.0005 0.14949999999902674
300 -0.0005 0.14999999999902813
301 -0.0005 0.15049999999902952
302 -0.0005 0.1509999999990309
303 -0.0005 0.1514999999990323
304 -0.0005 0.1519999999990338
305 -0.0005 0.15249999999903507
306 -0.0005 0.15299999999903646
307 -0.0005 0.15349999999903785
308 -0.0005 0.15399999999903924
309 -0.0005 0.15449999999904063
310 -0.0005 0.15499999999904202
311 -0.0005 0.1554999999990434
312 -0.0005 0.1559999999990448
313 -0.0005 0.15649999999904618
314 -0.0005 0.15699999999904757
315 -0.0005 0.15749999999904907
316 -0.0005 0.15799999999905034
317 -0.0005 0.15849999999905173
318 -0.0005 0.15899999999905312
319 -0.0005 0.1594999999990545
320 -0.0005 0.1599999999990559
321 -0.0005 0.16049999999905729
322 -0.0005 0.16099999999905867
323 -0.0005 0.16149999999906006
324 -0.0005 0.16199999999906145
325 -0.0005 0.16249999999906284
326 -0.0005 0.16299999999906434
327 -0.0005 0.16349999999906561
328 -0.0005 0.163999999999067
329 -0.0005 0.1644999999990684
330 -0.0005 0.16499999999906978
331 -0.0005 0.16549999999907117
332 -0.0005 0.16599999999907267
333 -0.0005 0.16649999999907394
334 -0.0005 0.16699999999907533
335 -0.0005 0.16749999999907672
336 -0.0005 0.1679999999990781
337 -0.0005 0.1684999999990796
338 -0.0005 0.16899999999908089
339 -0.0005 0.16949999999908227
340 -0.0005 0.16999999999908366
341 -0.0005 0.17049999999908505
342 -0.0005 0.17099999999908644
343 -0.0005 0.17149999999908794
344 -0.0005 0.17199999999908921
345 -0.0005 0.1724999999990906
346 -0.0005 0.172999999999092
347 -0.0005 0.17349999999909338
348 -0.0005 0.17399999999909488
349 -0.0005 0.17449999999909616
350 -0.0005 0.17499999999909754
351 -0.0005 0.17549999999909893
352 -0.0005 0.17599999999910032
353 -0.0005 0.1764999999991017
354 -0.0005 0.1769999999991032
355 -0.0005 0.17749999999910449
356 -0.0005 0.17799999999910587
357 -0.0005 0.17849999999910726
358 -0.0005 0.17899999999910865
359 -0.0005 0.17949999999911015
360 -0.0005 0.17999999999911154
361 -0.0005 0.18049999999911281
362 -0.0005 0.1809999999991142
363 -0.0005 0.1814999999991156
364 -0.0005 0.18199999999911698
365 -0.0005 0.18249999999911848
366 -0.0005 0.18299999999911976
367 -0.0005 0.18349999999912114
368 -0.0005 0.18399999999912253
369 -0.0005 0.18449999999912392
370 -0.0005 0.18499999999912542
371 -0.0005 0.1854999999991268
372 -0.0005 0.18599999999912809
373 -0.0005 0.18649999999912947
374 -0.0005 0.18699999999913086
375 -0.0005 0.18749999999913225
376 -0.0005 0.18799999999913375
377 -0.0005 0.18849999999913503
378 -0.0005 0.18899999999913641
379 -0.0005 0.1894999999991378
380 -0.0005 0.1899999999991392
381 -0.0005 0.19049999999914058
382 -0.0005 0.19099999999914208
383 -0.0005 0.19149999999914336
384 -0.0005 0.19199999999914474
385 -0.0005 0.19249999999914613
386 -0.0005 0.19299999999914752
387 -0.0005 0.19349999999914902
388 -0.0005 0.1939999999991504
389 -0.0005 0.19449999999915168
390 -0.0005 0.19499999999915307
391 -0.0005 0.19549999999915446
392 -0.0005 0.19599999999915585
393 -0.0005 0.19649999999915735
394 -0.0005 0.19699999999915863
395 -0.0005 0.19749999999916001
396 -0.0005 0.1979999999991614
397 -0.0005 0.1984999999991628
398 -0.0005 0.1989999999991643
399 -0.0005 0.19949999999916568
400 -0.0005 0.19999999999916696
401 -0.0005 0.20049999999916834
402 -0.0005 0.20099999999916973
403 -0.0005 0.20149999999917112
404 -0.0005 0.20199999999917262
405 -0.0005 0.2024999999991739
406 -0.0005 0.20299999999917528
407 -0.0005 0.20349999999917667
408 -0.0005 0.20399999999917806
409 -0.0005 0.20449999999917956
410 -0.0005 0.20499999999918095
411 -0.0005 0.20549999999918223
412 -0.0005 0.20599999999918361
413 -0.0005 0.206499999999185
414 -0.0005 0.2069999999991864
415 -0.0005 0.2074999999991879
416 -0.0005 0.20799999999918917
417 -0.0005 0.20849999999919056
418 -0.0005 0.20899999999919194
419 -0.0005 0.20949999999919333
420 -0.0005 0.20999999999919483
421 -0.0005 0.21049999999919622
422 -0.0005 0.2109999999991975
423 -0.0005 0.21149999999919888
424 -0.0005 0.21199999999920027
425 -0.0005 0.21249999999920166
426 -0.0005 0.21299999999920316
427 -0.0005 0.21349999999920455
428 -0.0005 0.21399999999920583
429 -0.0005 0.2144999999992072
430 -0.0005 0.2149999999992086
431 -0.0005 0.2154999999992101
432 -0.0005 0.2159999999992115
433 -0.0005 0.21649999999921277
434 -0.0005 0.21699999999921415
435 -0.0005 0.21749999999921554
436 -0.0005 0.21799999999921693
437 -0.0005 0.21849999999921843
438 -0.0005 0.21899999999921982
439 -0.0005 0.2194999999992211
440 -0.0005 0.21999999999922248
441 -0.0005 0.22049999999922387
442 -0.0005 0.22099999999922537
443 -0.0005 0.22149999999922676
444 -0.0005 0.22199999999922804
445 -0.0005 0.22249999999922943
446 -0.0005 0.2229999999992308
447 -0.0005 0.2234999999992322
448 -0.0005 0.2239999999992337
449 -0.0005 0.2244999999992351
450 -0.0005 0.22499999999923637
451 -0.0005 0.22549999999923775
452 -0.0005 0.22599999999923914
453 -0.0005 0.22649999999924064
454 -0.0005 0.22699999999924203
455 -0.0005 0.22749999999924342
456 -0.0005 0.2279999999992447
457 -0.0005 0.22849999999924608
458 -0.0005 0.22899999999924747
459 -0.0005 0.22949999999924897
460 -0.0005 0.22999999999925036
461 -0.0005 0.23049999999925164
462 -0.0005 0.23099999999925303
463 -0.0005 0.2314999999992544
464 -0.0005 0.2319999999992558
465 -0.0005 0.2324999999992573
466 -0.0005 0.2329999999992587
467 -0.0005 0.23349999999925997
468 -0.0005 0.23399999999926135
469 -0.0005 0.23449999999926274
470 -0.0005 0.23499999999926424
471 -0.0005 0.23549999999926563
472 -0.0005 0.2359999999992669
473 -0.0005 0.2364999999992683
474 -0.0005 0.23699999999926968
475 -0.0005 0.23749999999927107
476 -0.0005 0.23799999999927257
477 -0.0005 0.23849999999927396
478 -0.0005 0.23899999999927524
479 -0.0005 0.23949999999927662
480 -0.0005 0.239999999999278
481 -0.0005 0.2404999999992795
482 -0.0005 0.2409999999992809
483 -0.0005 0.24149999999928218
484 -0.0005 0.24199999999928357
485 -0.0005 0.24249999999928495
486 -0.0005 0.24299999999928634
487 -0.0005 0.24349999999928784
488 -0.0005 0.24399999999928923
489 -0.0005 0.2444999999992905
490 -0.0005 0.2449999999992919
491 -0.0005 0.24549999999929328
492 -0.0005 0.24599999999929478
493 -0.0005 0.24649999999929617
494 -0.0005 0.24699999999929756
495 -0.0005 0.24749999999929884
496 -0.0005 0.24799999999930022
497 -0.0005 0.2484999999993016
498 -0.0005 0.2489999999993031
499 -0.0005 0.2494999999993045
500 -0.0005 0.24999999999930578
501 -0.0005 0.25049999999930717
502 -0.0005 0.25099999999930855
503 -0.0005 0.25149999999931005
504 -0.0005 0.25199999999931144
505 -0.0005 0.25249999999931283
506 -0.0005 0.2529999999993141
507 -0.0005 0.2534999999993155
508 -0.0005 0.2539999999993169
509 -0.0005 0.2544999999993184
510 -0.0005 0.25499999999931977
511 -0.0005 0.25549999999932105
512 -0.0005 0.25599999999932244
513 -0.0005 0.2564999999993238
514 -0.0005 0.2569999999993253
515 -0.0005 0.2574999999993267
516 -0.0005 0.2579999999993281
517 -0.0005 0.2584999999993294
518 -0.0005 0.25899999999933077
519 -0.0005 0.25949999999933215
520 -0.0005 0.25999999999933365
521 -0.0005 0.26049999999933504
522 -0.0005 0.26099999999933643
523 -0.0005 0.2614999999993377
524 -0.0005 0.2619999999993391
525 -0.0005 0.2624999999993406
526 -0.0005 0.262999999999342
527 -0.0005 0.26349999999934337
528 -0.0005 0.26399999999934465
529 -0.0005 0.26449999999934604
530 -0.0005 0.2649999999993474
531 -0.0005 0.2654999999993489
532 -0.0005 0.2659999999993503
533 -0.0005 0.2664999999993517
534 -0.0005 0.266999999999353
535 -0.0005 0.26749999999935437
536 -0.0005 0.26799999999935586
537 -0.0005 0.26849999999935725
538 -0.0005 0.26899999999935864
539 -0.0005 0.2694999999993599
540 -0.0005 0.2699999999993613
541 -0.0005 0.2704999999993627
542 -0.0005 0.2709999999993642
543 -0.0005 0.2714999999993656
544 -0.0005 0.27199999999936697
545 -0.0005 0.27249999999936825
546 -0.0005 0.27299999999936964
547 -0.0005 0.273499999999371
548 -0.0005 0.2739999999993725
549 -0.0005 0.2744999999993739
550 -0.0005 0.2749999999993753
551 -0.0005 0.2754999999993766
552 -0.0005 0.27599999999937797
553 -0.0005 0.27649999999937946
554 -0.0005 0.27699999999938085
555 -0.0005 0.27749999999938224
556 -0.0005 0.2779999999993835
557 -0.0005 0.2784999999993849
558 -0.0005 0.2789999999993863
559 -0.0005 0.2794999999993878
560 -0.0005 0.2799999999993892
561 -0.0005 0.28049999999939057
562 -0.0005 0.28099999999939185
563 -0.0005 0.28149999999939324
564 -0.0005 0.28199999999939473
565 -0.0005 0.2824999999993961
566 -0.0005 0.2829999999993975
567 -0.0005 0.2834999999993988
568 -0.0005 0.2839999999994002
569 -0.0005 0.28449999999940156
570 -0.0005 0.28499999999940306
571 -0.0005 0.28549999999940445
572 -0.0005 0.28599999999940584
573 -0.0005 0.2864999999994071
574 -0.0005 0.2869999999994085
575 -0.0005 0.28749999999941
576 -0.0005 0.2879999999994114
577 -0.0005 0.2884999999994128
578 -0.0005 0.28899999999941417
579 -0.0005 0.28949999999941545
580 -0.0005 0.28999999999941684
581 -0.0005 0.29049999999941833
582 -0.0005 0.2909999999994197
583 -0.0005 0.2914999999994211
584 -0.0005 0.2919999999994224
585 -0.0005 0.2924999999994238
586 -0.0005 0.2929999999994253
587 -0.0005 0.29349999999942666
588 -0.0005 0.29399999999942805
589 -0.0005 0.29449999999942944
590 -0.0005 0.2949999999994307
591 -0.0005 0.2954999999994321
592 -0.0005 0.2959999999994336
593 -0.0005 0.296499999999435
594 -0.0005 0.2969999999994364
595 -0.0005 0.29749999999943766
596 -0.0005 0.29799999999943905
597 -0.0005 0.29849999999944055
598 -0.0005 0.29899999999944193
599 -0.0005 0.2994999999994433
600 -0.0005 0.2999999999994447
601 -0.0005 0.300499999999446
602 -0.0005 0.3009999999994474
603 -0.0005 0.3014999999994489
604 -0.0005 0.30199999999945026
605 -0.0005 0.30249999999945165
606 -0.0005 0.30299999999945293
607 -0.0005 0.3034999999994543
608 -0.0005 0.3039999999994558
609 -0.0005 0.3044999999994572
610 -0.0005 0.3049999999994586
611 -0.0005 0.30549999999946
612 -0.0005 0.30599999999946126
613 -0.0005 0.30649999999946265
614 -0.0005 0.30699999999946415
615 -0.0005 0.30749999999946553
616 -0.0005 0.3079999999994669
617 -0.0005 0.3084999999994683
618 -0.0005 0.3089999999994696
619 -0.0005 0.309499999999471
620 -0.0005 0.3099999999994725
621 -0.0005 0.31049999999947386
622 -0.0005 0.31099999999947525
623 -0.0005 0.31149999999947653
624 -0.0005 0.3119999999994779
625 -0.0005 0.3124999999994794
626 -0.0005 0.3129999999994808
627 -0.0005 0.3134999999994822
628 -0.0005 0.3139999999994836
629 -0.0005 0.31449999999948486
630 -0.0005 0.31499999999948625
631 -0.0005 0.31549999999948775
632 -0.0005 0.31599999999948913
633 -0.0005 0.3164999999994905
634 -0.0005 0.3169999999994918
635 -0.0005 0.3174999999994932
636 -0.0005 0.3179999999994947
637 -0.0005 0.3184999999994961
638 -0.0005 0.31899999999949746
639 -0.0005 0.31949999999949885
640 -0.0005 0.31999999999950013
641 -0.0005 0.3204999999995015
642 -0.0005 0.320999999999503
643 -0.0005 0.3214999999995044
644 -0.0005 0.3219999999995058
645 -0.0005 0.3224999999995072
646 -0.0005 0.32299999999950846
647 -0.0005 0.32349999999950996
648 -0.0005 0.32399999999951135
649 -0.0005 0.32449999999951273
650 -0.0005 0.3249999999995141
651 -0.0005 0.3254999999995154
652 -0.0005 0.3259999999995168
653 -0.0005 0.3264999999995183
654 -0.0005 0.3269999999995197
655 -0.0005 0.32749999999952106
656 -0.0005 0.32799999999952245
657 -0.0005 0.32849999999952373
658 -0.0005 0.32899999999952523
659 -0.0005 0.3294999999995266
660 -0.0005 0.329999999999528
661 -0.0005 0.3304999999995294
662 -0.0005 0.33099999999953067
663 -0.0005 0.33149999999953206
664 -0.0005 0.33199999999953356
665 -0.0005 0.33249999999953495
666 -0.0005 0.33299999999953633
667 -0.0005 0.3334999999995377
668 -0.0005 0.333999999999539
669 -0.0005 0.3344999999995405
670 -0.0005 0.3349999999995419
671 -0.0005 0.3354999999995433
672 -0.0005 0.33599999999954466
673 -0.0005 0.33649999999954605
674 -0.0005 0.33699999999954733
675 -0.0005 0.3374999999995488
676 -0.0005 0.3379999999995502
677 -0.0005 0.3384999999995516
678 -0.0005 0.338999999999553
679 -0.0005 0.33949999999955427
680 -0.0005 0.33999999999955577
681 -0.0005 0.34049999999955716
682 -0.0005 0.34099999999955855
683 -0.0005 0.34149999999955993
684 -0.0005 0.3419999999995613
685 -0.0005 0.3424999999995626
686 -0.0005 0.3429999999995641
687 -0.0005 0.3434999999995655
688 -0.0005 0.3439999999995669
689 -0.0005 0.34449999999956826
690 -0.0005 0.34499999999956954
691 -0.0005 0.34549999999957104
692 -0.0005 0.3459999999995724
693 -0.0005 0.3464999999995738
694 -0.0005 0.3469999999995752
695 -0.0005 0.3474999999995766
696 -0.0005 0.34799999999957787
697 -0.0005 0.34849999999957937
698 -0.0005 0.34899999999958076
699 -0.0005 0.34949999999958214
700 -0.0005 0.34999999999958353
701 -0.0005 0.3504999999995848
702 -0.0005 0.3509999999995862
703 -0.0005 0.3514999999995877
704 -0.0005 0.3519999999995891
705 -0.0005 0.3524999999995905
706 -0.0005 0.35299999999959186
707 -0.0005 0.35349999999959314
708 -0.0005 0.35399999999959464
709 -0.0005 0.354499999999596
710 -0.0005 0.3549999999995974
711 -0.0005 0.3554999999995988
712 -0.0005 0.3559999999996002
713 -0.0005 0.35649999999960147
714 -0.0005 0.35699999999960297
715 -0.0005 0.35749999999960436
716 -0.0005 0.35799999999960574
717 -0.0005 0.35849999999960713
718 -0.0005 0.3589999999996084
719 -0.0005 0.3594999999996099
720 -0.0005 0.3599999999996113
721 -0.0005 0.3604999999996127
722 -0.0005 0.3609999999996141
723 -0.0005 0.36149999999961546
724 -0.0005 0.36199999999961674
725 -0.0005 0.36249999999961824
726 -0.0005 0.3629999999996196
727 -0.0005 0.363499999999621
728 -0.0005 0.3639999999996224
729 -0.0005 0.3644999999996237
730 -0.0005 0.3649999999996252
731 -0.0005 0.36549999999962657
732 -0.0005 0.36599999999962796
733 -0.0005 0.36649999999962934
734 -0.0005 0.36699999999963073
735 -0.0005 0.367499999999632
736 -0.0005 0.3679999999996335
737 -0.0005 0.3684999999996349
738 -0.0005 0.3689999999996363
739 -0.0005 0.3694999999996377
740 -0.0005 0.36999999999963906
741 -0.0005 0.37049999999964045
742 -0.0005 0.37099999999964184
743 -0.0005 0.3714999999996432
744 -0.0005 0.3719999999996446
745 -0.0005 0.372499999999646
746 -0.0005 0.3729999999996473
747 -0.0005 0.3734999999996488
748 -0.0005 0.37399999999965017
749 -0.0005 0.37449999999965156
750 -0.0005 0.37499999999965294
751 -0.0005 0.37549999999965433
752 -0.0005 0.3759999999996557
753 -0.0005 0.3764999999996571
754 -0.0005 0.3769999999996585
755 -0.0005 0.3774999999996599
756 -0.0005 0.3779999999996613
757 -0.0005 0.37849999999966255
758 -0.0005 0.37899999999966405
759 -0.0005 0.37949999999966544
760 -0.0005 0.3799999999996668
761 -0.0005 0.3804999999996682
762 -0.0005 0.3809999999996696
763 -0.0005 0.381499999999671
764 -0.0005 0.3819999999996724
765 -0.0005 0.38249999999967377
766 -0.0005 0.38299999999967516
767 -0.0005 0.38349999999967654
768 -0.0005 0.38399999999967793
769 -0.0005 0.3844999999996793
770 -0.0005 0.3849999999996807
771 -0.0005 0.3854999999996821
772 -0.0005 0.3859999999996835
773 -0.0005 0.3864999999996849
774 -0.0005 0.38699999999968615
775 -0.0005 0.38749999999968765
776 -0.0005 0.38799999999968904
777 -0.0005 0.3884999999996904
778 -0.0005 0.3889999999996918
779 -0.0005 0.3894999999996932
780 -0.0005 0.3899999999996946
781 -0.0005 0.390499999999696
782 -0.0005 0.39099999999969737
783 -0.0005 0.39149999999969876
784 -0.0005 0.39199999999970014
785 -0.0005 0.3924999999997014
786 -0.0005 0.3929999999997029
787 -0.0005 0.3934999999997043
788 -0.0005 0.3939999999997057
789 -0.0005 0.3944999999997071
790 -0.0005 0.3949999999997085
791 -0.0005 0.39549999999970986
792 -0.0005 0.39599999999971125
793 -0.0005 0.39649999999971264
794 -0.0005 0.396999999999714
795 -0.0005 0.3974999999997154
796 -0.0005 0.3979999999997167
797 -0.0005 0.3984999999997182
798 -0.0005 0.3989999999997196
799 -0.0005 0.39949999999972097
800 -0.0005 0.39999999999972236
801 -0.0005 0.40049999999972374
802 -0.0005 0.40099999999972513
803 -0.0005 0.4014999999997265
804 -0.0005 0.4019999999997279
805 -0.0005 0.4024999999997293
806 -0.0005 0.4029999999997307
807 -0.0005 0.4034999999997321
808 -0.0005 0.40399999999973346
809 -0.0005 0.40449999999973485
810 -0.0005 0.40499999999973624
811 -0.0005 0.4054999999997376
812 -0.0005 0.405999999999739
813 -0.0005 0.4064999999997404
814 -0.0005 0.4069999999997418
815 -0.0005 0.4074999999997432
816 -0.0005 0.40799999999974457
817 -0.0005 0.40849999999974596
818 -0.0005 0.40899999999974734
819 -0.0005 0.40949999999974873
820 -0.0005 0.4099999999997501
821 -0.0005 0.4104999999997515
822 -0.0005 0.4109999999997529
823 -0.0005 0.4114999999997543
824 -0.0005 0.4119999999997558
825 -0.0005 0.41249999999975706
826 -0.0005 0.41299999999975845
827 -0.0005 0.41349999999975984
828 -0.0005 0.4139999999997612
829 -0.0005 0.4144999999997626
830 -0.0005 0.414999999999764
831 -0.0005 0.4154999999997654
832 -0.0005 0.4159999999997668
833 -0.0005 0.41649999999976817
834 -0.0005 0.41699999999976956
835 -0.0005 0.41749999999977105
836 -0.0005 0.41799999999977233
837 -0.0005 0.4184999999997737
838 -0.0005 0.4189999999997751
839 -0.0005 0.4194999999997765
840 -0.0005 0.4199999999997779
841 -0.0005 0.4204999999997793
842 -0.0005 0.42099999999978066
843 -0.0005 0.42149999999978205
844 -0.0005 0.42199999999978344
845 -0.0005 0.4224999999997848
846 -0.0005 0.4229999999997863
847 -0.0005 0.4234999999997876
848 -0.0005 0.423999999999789
849 -0.0005 0.4244999999997904
850 -0.0005 0.42499999999979177
851 -0.0005 0.42549999999979315
852 -0.0005 0.42599999999979454
853 -0.0005 0.42649999999979593
854 -0.0005 0.4269999999997973
855 -0.0005 0.4274999999997987
856 -0.0005 0.4279999999998001
857 -0.0005 0.4284999999998015
858 -0.0005 0.4289999999998029
859 -0.0005 0.42949999999980426
860 -0.0005 0.42999999999980565
861 -0.0005 0.43049999999980704
862 -0.0005 0.4309999999998084
863 -0.0005 0.4314999999998099
864 -0.0005 0.4319999999998112
865 -0.0005 0.4324999999998126
866 -0.0005 0.432999999999814
867 -0.0005 0.43349999999981537
868 -0.0005 0.43399999999981675
869 -0.0005 0.43449999999981814
870 -0.0005 0.43499999999981953
871 -0.0005 0.4354999999998209
872 -0.0005 0.4359999999998223
873 -0.0005 0.4364999999998237
874 -0.0005 0.4369999999998252
875 -0.0005 0.43749999999982647
876 -0.0005 0.43799999999982786
877 -0.0005 0.43849999999982925
878 -0.0005 0.43899999999983064
879 -0.0005 0.439499999999832
880 -0.0005 0.4399999999998334
881 -0.0005 0.4404999999998348
882 -0.0005 0.4409999999998362
883 -0.0005 0.4414999999998376
884 -0.0005 0.44199999999983897
885 -0.0005 0.44249999999984047
886 -0.0005 0.44299999999984174
887 -0.0005 0.44349999999984313
888 -0.0005 0.4439999999998445
889 -0.0005 0.4444999999998459
890 -0.0005 0.4449999999998473
891 -0.0005 0.4454999999998488
892 -0.0005 0.44599999999985007
893 -0.0005 0.44649999999985146
894 -0.0005 0.44699999999985285
895 -0.0005 0.44749999999985424
896 -0.0005 0.44799999999985574
897 -0.0005 0.448499999999857
898 -0.0005 0.4489999999998584
899 -0.0005 0.4494999999998598
900 -0.0005 0.4499999999998612
901 -0.0005 0.45049999999986257
902 -0.0005 0.45099999999986407
903 -0.0005 0.45149999999986534
904 -0.0005 0.45199999999986673
905 -0.0005 0.4524999999998681
906 -0.0005 0.4529999999998695
907 -0.0005 0.453499999999871
908 -0.0005 0.4539999999998723
909 -0.0005 0.45449999999987367
910 -0.0005 0.45499999999987506
911 -0.0005 0.45549999999987645
912 -0.0005 0.45599999999987784
913 -0.0005 0.45649999999987934
914 -0.0005 0.4569999999998806
915 -0.0005 0.457499999999882
916 -0.0005 0.4579999999998834
917 -0.0005 0.4584999999998848
918 -0.0005 0.4589999999998863
919 -0.0005 0.45949999999988766
920 -0.0005 0.45999999999988894
921 -0.0005 0.46049999999989033
922 -0.0005 0.4609999999998917
923 -0.0005 0.4614999999998931
924 -0.0005 0.4619999999998946
925 -0.0005 0.4624999999998959
926 -0.0005 0.46299999999989727
927 -0.0005 0.46349999999989866
928 -0.0005 0.46399999999990005
929 -0.0005 0.46449999999990155
930 -0.0005 0.46499999999990294
931 -0.0005 0.4654999999999042
932 -0.0005 0.4659999999999056
933 -0.0005 0.466499999999907
934 -0.0005 0.4669999999999084
935 -0.0005 0.4674999999999099
936 -0.0005 0.46799999999991115
937 -0.0005 0.46849999999991254
938 -0.0005 0.46899999999991393
939 -0.0005 0.4694999999999153
940 -0.0005 0.4699999999999167
941 -0.0005 0.4704999999999182
942 -0.0005 0.4709999999999195
943 -0.0005 0.47149999999992087
944 -0.0005 0.47199999999992226
945 -0.0005 0.47249999999992365
946 -0.0005 0.47299999999992515
947 -0.0005 0.4734999999999264
948 -0.0005 0.4739999999999278
949 -0.0005 0.4744999999999292
950 -0.0005 0.4749999999999306
951 -0.0005 0.475499999999932
952 -0.0005 0.4759999999999335
953 -0.0005 0.47649999999993475
954 -0.0005 0.47699999999993614
955 -0.0005 0.47749999999993753
956 -0.0005 0.4779999999999389
957 -0.0005 0.4784999999999404
958 -0.0005 0.4789999999999418
959 -0.0005 0.4794999999999431
960 -0.0005 0.47999999999994447
961 -0.0005 0.48049999999994586
962 -0.0005 0.48099999999994725
963 -0.0005 0.48149999999994875
964 -0.0005 0.48199999999995
965 -0.0005 0.4824999999999514
966 -0.0005 0.4829999999999528
967 -0.0005 0.4834999999999542
968 -0.0005 0.4839999999999557
969 -0.0005 0.4844999999999571
970 -0.0005 0.48499999999995835
971 -0.0005 0.48549999999995974
972 -0.0005 0.48599999999996113
973 -0.0005 0.4864999999999625
974 -0.0005 0.486999999999964
975 -0.0005 0.4874999999999653
976 -0.0005 0.4879999999999667
977 -0.0005 0.48849999999996807
978 -0.0005 0.48899999999996946
979 -0.0005 0.48949999999997096
980 -0.0005 0.48999999999997235
981 -0.0005 0.4904999999999736
982 -0.0005 0.490999999999975
983 -0.0005 0.4914999999999764
984 -0.0005 0.4919999999999778
985 -0.0005 0.4924999999999793
986 -0.0005 0.4929999999999807
987 -0.0005 0.49349999999998195
988 -0.0005 0.49399999999998334
989 -0.0005 0.49449999999998473
990 -0.0005 0.49499999999998623
991 -0.0005 0.4954999999999876
992 -0.0005 0.4959999999999889
993 -0.0005 0.4964999999999903
994 -0.0005 0.49699999999999167
995 -0.0005 0.49749999999999306
996 -0.0005 0.49799999999999456
997 -0.0005 0.49849999999999595
998 -0.0005 0.4989999999999972
999 -0.0005 0.4994999999999986
1000 -0.0005 0.5
1001 -1.2809848667916235e-15 0.5
1002 0.0005 0.5
1003 0.0005 0.4995000000000014
1004 0.0005 0.4990000000000028
1005 0.0005 0.49850000000000416
1006 0.0005 0.49800000000000555
1007 0.0005 0.49750000000000694
1008 0.0005 0.4970000000000083
1009 0.0005 0.4965000000000097
1010 0.0005 0.4960000000000111
1011 0.0005 0.4955000000000125
1012 0.0005 0.4950000000000139
1013 0.0005 0.49450000000001526
1014 0.0005 0.49400000000001665
1015 0.0005 0.49350000000001804
1016 0.0005 0.4930000000000194
1017 0.0005 0.4925000000000208
1018 0.0005 0.4920000000000222
1019 0.0005 0.4915000000000236
1020 0.0005 0.491000000000025
1021 0.0005 0.4905000000000264
1022 0.0005 0.4900000000000278
1023 0.0005 0.4895000000000292
1024 0.0005 0.4890000000000306
1025 0.0005 0.48850000000003196
1026 0.0005 0.48800000000003335
1027 0.0005 0.48750000000003474
1028 0.0005 0.4870000000000361
1029 0.0005 0.4865000000000375
1030 0.0005 0.4860000000000389
1031 0.0005 0.4855000000000403
1032 0.0005 0.4850000000000417
1033 0.0005 0.48450000000004306
1034 0.0005 0.48400000000004445
1035 0.0005 0.48350000000004584
1036 0.0005 0.4830000000000472
1037 0.0005 0.4825000000000486
1038 0.0005 0.48200000000005
1039 0.0005 0.4815000000000514
1040 0.0005 0.4810000000000528
1041 0.0005 0.48050000000005416
1042 0.0005 0.48000000000005555
1043 0.0005 0.47950000000005694
1044 0.0005 0.4790000000000583
1045 0.0005 0.4785000000000597
1046 0.0005 0.4780000000000611
1047 0.0005 0.4775000000000625
1048 0.0005 0.4770000000000639
1049 0.0005 0.47650000000006526
1050 0.0005 0.47600000000006665
1051 0.0005 0.4755000000000681
1052 0.0005 0.4750000000000695
1053 0.0005 0.47450000000007087
1054 0.0005 0.47400000000007225
1055 0.0005 0.47350000000007364
1056 0.0005 0.473000000000075
1057 0.0005 0.4725000000000764
1058 0.0005 0.4720000000000778
1059 0.0005 0.4715000000000792
1060 0.0005 0.4710000000000806
1061 0.0005 0.47050000000008196
1062 0.0005 0.47000000000008335
1063 0.0005 0.46950000000008474
1064 0.0005 0.4690000000000861
1065 0.0005 0.4685000000000875
1066 0.0005 0.4680000000000889
1067 0.0005 0.4675000000000903
1068 0.0005 0.4670000000000917
1069 0.0005 0.46650000000009306
1070 0.0005 0.46600000000009445
1071 0.0005 0.46550000000009584
1072 0.0005 0.4650000000000972
1073 0.0005 0.4645000000000986
1074 0.0005 0.4640000000001
1075 0.0005 0.4635000000001014
1076 0.0005 0.4630000000001028
1077 0.0005 0.46250000000010416
1078 0.0005 0.46200000000010555
1079 0.0005 0.46150000000010694
1080 0.0005 0.4610000000001083
1081 0.0005 0.4605000000001097
1082 0.0005 0.4600000000001111
1083 0.0005 0.4595000000001125
1084 0.0005 0.4590000000001139
1085 0.0005 0.45850000000011526
1086 0.0005 0.45800000000011665
1087 0.0005 0.45750000000011803
1088 0.0005 0.4570000000001194
1089 0.0005 0.45650000000012086
1090 0.0005 0.45600000000012225
1091 0.0005 0.45550000000012364
1092 0.0005 0.455000000000125
1093 0.0005 0.4545000000001264
1094 0.0005 0.4540000000001278
1095 0.0005 0.4535000000001292
1096 0.0005 0.4530000000001306
1097 0.0005 0.45250000000013196
1098 0.0005 0.45200000000013335
1099 0.0005 0.45150000000013474
1100 0.0005 0.4510000000001361
1101 0.0005 0.4505000000001375
1102 0.0005 0.4500000000001389
1103 0.0005 0.4495000000001403
1104 0.0005 0.4490000000001417
1105 0.0005 0.44850000000014306
1106 0.0005 0.44800000000014445
1107 0.0005 0.44750000000014584
1108 0.0005 0.4470000000001472
1109 0.0005 0.4465000000001486
1110 0.0005 0.44600000000015
1111 0.0005 0.4455000000001514
1112 0.0005 0.4450000000001528
1113 0.0005 0.44450000000015416
1114 0.0005 0.44400000000015555
1115 0.0005 0.443500000000157
1116 0.0005 0.4430000000001584
1117 0.0005 0.44250000000015977
1118 0.0005 0.44200000000016115
1119 0.0005 0.44150000000016254
1120 0.0005 0.4410000000001639
1121 0.0005 0.4405000000001653
1122 0.0005 0.4400000000001667
1123 0.0005 0.4395000000001681
1124 0.0005 0.4390000000001695
1125 0.0005 0.43850000000017086
1126 0.0005 0.43800000000017225
1127 0.0005 0.43750000000017364
1128 0.0005 0.437000000000175
1129 0.0005 0.4365000000001764
1130 0.0005 0.4360000000001778
1131 0.0005 0.4355000000001792
1132 0.0005 0.4350000000001806
1133 0.0005 0.43450000000018196
1134 0.0005 0.43400000000018335
1135 0.0005 0.43350000000018474
1136 0.0005 0.4330000000001861
1137 0.0005 0.4325000000001875
1138 0.0005 0.4320000000001889
1139 0.0005 0.4315000000001903
1140 0.0005 0.4310000000001917
1141 0.0005 0.43050000000019306
1142 0.0005 0.43000000000019445
1143 0.0005 0.42950000000019584
1144 0.0005 0.4290000000001972
1145 0.0005 0.4285000000001986
1146 0.0005 0.4280000000002
1147 0.0005 0.4275000000002014
1148 0.0005 0.4270000000002028
1149 0.0005 0.4265000000002042
1150 0.0005 0.4260000000002056
1151 0.0005 0.425500000000207
1152 0.0005 0.4250000000002084
1153 0.0005 0.42450000000020977
1154 0.0005 0.42400000000021115
1155 0.0005 0.42350000000021254
1156 0.0005 0.4230000000002139
1157 0.0005 0.4225000000002153
1158 0.0005 0.4220000000002167
1159 0.0005 0.4215000000002181
1160 0.0005 0.4210000000002195
1161 0.0005 0.42050000000022086
1162 0.0005 0.42000000000022225
1163 0.0005 0.41950000000022364
1164 0.0005 0.419000000000225
1165 0.0005 0.4185000000002264
1166 0.0005 0.4180000000002278
1167 0.0005 0.4175000000002292
1168 0.0005 0.4170000000002306
1169 0.0005 0.416500000000232
1170 0.0005 0.41600000000023335
1171 0.0005 0.4155000000002348
1172 0.0005 0.4150000000002361
1173 0.0005 0.41450000000023757
1174 0.0005 0.4140000000002389
1175 0.0005 0.41350000000024034
1176 0.0005 0.41300000000024173
1177 0.0005 0.4125000000002431
1178 0.0005 0.4120000000002445
1179 0.0005 0.4115000000002459
1180 0.0005 0.4110000000002473
1181 0.0005 0.41050000000024867
1182 0.0005 0.41000000000025005
1183 0.0005 0.40950000000025144
1184 0.0005 0.40900000000025283
1185 0.0005 0.4085000000002542
1186 0.0005 0.4080000000002556
1187 0.0005 0.407500000000257
1188 0.0005 0.4070000000002584
1189 0.0005 0.40650000000025976
1190 0.0005 0.40600000000026115
1191 0.0005 0.40550000000026254
1192 0.0005 0.4050000000002639
1193 0.0005 0.4045000000002653
1194 0.0005 0.4040000000002667
1195 0.0005 0.4035000000002681
1196 0.0005 0.4030000000002695
1197 0.0005 0.40250000000027086
1198 0.0005 0.40200000000027225
1199 0.0005 0.40150000000027364
1200 0.0005 0.401000000000275
1201 0.0005 0.4005000000002764
1202 0.0005 0.4000000000002778
1203 0.0005 0.3995000000002792
1204 0.0005 0.3990000000002806
1205 0.0005 0.39850000000028196
1206 0.0005 0.39800000000028335
1207 0.0005 0.39750000000028474
1208 0.0005 0.3970000000002861
1209 0.0005 0.39650000000028757
1210 0.0005 0.3960000000002889
1211 0.0005 0.39550000000029034
1212 0.0005 0.3950000000002917
1213 0.0005 0.3945000000002931
1214 0.0005 0.3940000000002945
1215 0.0005 0.3935000000002959
1216 0.0005 0.3930000000002973
1217 0.0005 0.39250000000029867
1218 0.0005 0.39200000000030005
1219 0.0005 0.39150000000030144
1220 0.0005 0.3910000000003028
1221 0.0005 0.3905000000003042
1222 0.0005 0.3900000000003056
1223 0.0005 0.389500000000307
1224 0.0005 0.3890000000003084
1225 0.0005 0.38850000000030976
1226 0.0005 0.38800000000031115
1227 0.0005 0.38750000000031254
1228 0.0005 0.3870000000003139
1229 0.0005 0.3865000000003153
1230 0.0005 0.3860000000003167
1231 0.0005 0.3855000000003181
1232 0.0005 0.38500000000031953
1233 0.0005 0.3845000000003209
1234 0.0005 0.3840000000003223
1235 0.0005 0.3835000000003237
1236 0.0005 0.3830000000003251
1237 0.0005 0.38250000000032647
1238 0.0005 0.38200000000032786
1239 0.0005 0.38150000000032924
1240 0.0005 0.38100000000033063
1241 0.0005 0.380500000000332
1242 0.0005 0.3800000000003334
1243 0.0005 0.3795000000003348
1244 0.0005 0.3790000000003362
1245 0.0005 0.37850000000033757
1246 0.0005 0.37800000000033895
1247 0.0005 0.37750000000034034
1248 0.0005 0.37700000000034173
1249 0.0005 0.3765000000003431
1250 0.0005 0.3760000000003445
1251 0.0005 0.3755000000003459
1252 0.0005 0.3750000000003473
1253 0.0005 0.37450000000034867
1254 0.0005 0.37400000000035005
1255 0.0005 0.37350000000035144
1256 0.0005 0.3730000000003528
1257 0.0005 0.3725000000003542
1258 0.0005 0.3720000000003556
1259 0.0005 0.371500000000357
1260 0.0005 0.3710000000003584
1261 0.0005 0.37050000000035976
1262 0.0005 0.37000000000036115
1263 0.0005 0.36950000000036254
1264 0.0005 0.3690000000003639
1265 0.0005 0.3685000000003653
1266 0.0005 0.3680000000003667
1267 0.0005 0.3675000000003681
1268 0.0005 0.3670000000003695
1269 0.0005 0.36650000000037086
1270 0.0005 0.36600000000037225
1271 0.0005 0.36550000000037364
1272 0.0005 0.365000000000375
1273 0.0005 0.3645000000003764
1274 0.0005 0.3640000000003778
1275 0.0005 0.3635000000003792
1276 0.0005 0.3630000000003806
1277 0.0005 0.36250000000038196
1278 0.0005 0.3620000000003834
1279 0.0005 0.3615000000003848
1280 0.0005 0.3610000000003861
1281 0.0005 0.3605000000003875
1282 0.0005 0.36000000000038895
1283 0.0005 0.35950000000039034
1284 0.0005 0.3590000000003917
1285 0.0005 0.35850000000039306
1286 0.0005 0.3580000000003945
1287 0.0005 0.3575000000003959
1288 0.0005 0.3570000000003973
1289 0.0005 0.35650000000039866
1290 0.0005 0.35600000000040005
1291 0.0005 0.35550000000040144
1292 0.0005 0.3550000000004028
1293 0.0005 0.35450000000040427
1294 0.0005 0.3540000000004056
1295 0.0005 0.353500000000407
1296 0.0005 0.35300000000040843
1297 0.0005 0.3525000000004098
1298 0.0005 0.3520000000004112
1299 0.0005 0.35150000000041254
1300 0.0005 0.351000000000414
1301 0.0005 0.35050000000041537
1302 0.0005 0.35000000000041676
1303 0.0005 0.3495000000004181
1304 0.0005 0.34900000000041953
1305 0.0005 0.3485000000004209
1306 0.0005 0.3480000000004223
1307 0.0005 0.3475000000004237
1308 0.0005 0.3470000000004251
1309 0.0005 0.34650000000042647
1310 0.0005 0.34600000000042785
1311 0.0005 0.34550000000042924
1312 0.0005 0.34500000000043063
1313 0.0005 0.344500000000432
1314 0.0005 0.3440000000004334
1315 0.0005 0.3435000000004348
1316 0.0005 0.3430000000004362
1317 0.0005 0.34250000000043757
1318 0.0005 0.34200000000043895
1319 0.0005 0.34150000000044034
1320 0.0005 0.3410000000004417
1321 0.0005 0.3405000000004431
1322 0.0005 0.3400000000004445
1323 0.0005 0.3395000000004459
1324 0.0005 0.3390000000004473
1325 0.0005 0.33850000000044866
1326 0.0005 0.33800000000045005
1327 0.0005 0.33750000000045144
1328 0.0005 0.3370000000004528
1329 0.0005 0.3365000000004542
1330 0.0005 0.3360000000004556
1331 0.0005 0.335500000000457
1332 0.0005 0.3350000000004584
1333 0.0005 0.33450000000045976
1334 0.0005 0.33400000000046115
1335 0.0005 0.33350000000046254
1336 0.0005 0.333000000000464
1337 0.0005 0.3325000000004653
1338 0.0005 0.3320000000004667
1339 0.0005 0.3315000000004681
1340 0.0005 0.33100000000046953
1341 0.0005 0.33050000000047086
1342 0.0005 0.33000000000047225
1343 0.0005 0.3295000000004737
1344 0.0005 0.3290000000004751
1345 0.0005 0.32850000000047647
1346 0.0005 0.3280000000004778
1347 0.0005 0.32750000000047924
1348 0.0005 0.32700000000048063
1349 0.0005 0.326500000000482
1350 0.0005 0.32600000000048346
1351 0.0005 0.3255000000004848
1352 0.0005 0.3250000000004862
1353 0.0005 0.32450000000048757
1354 0.0005 0.324000000000489
1355 0.0005 0.3235000000004904
1356 0.0005 0.3230000000004917
1357 0.0005 0.3225000000004931
1358 0.0005 0.32200000000049456
1359 0.0005 0.32150000000049594
1360 0.0005 0.3210000000004973
1361 0.0005 0.3205000000004987
1362 0.0005 0.3200000000005001
1363 0.0005 0.3195000000005015
1364 0.0005 0.3190000000005029
1365 0.0005 0.31850000000050427
1366 0.0005 0.31800000000050566
1367 0.0005 0.31750000000050704
1368 0.0005 0.31700000000050843
1369 0.0005 0.3165000000005098
1370 0.0005 0.3160000000005112
1371 0.0005 0.3155000000005126
1372 0.0005 0.315000000000514
1373 0.0005 0.31450000000051537
1374 0.0005 0.31400000000051675
1375 0.0005 0.31350000000051814
1376 0.0005 0.31300000000051953
1377 0.0005 0.3125000000005209
1378 0.0005 0.3120000000005223
1379 0.0005 0.3115000000005237
1380 0.0005 0.3110000000005251
1381 0.0005 0.31050000000052647
1382 0.0005 0.31000000000052785
1383 0.0005 0.30950000000052924
1384 0.0005 0.30900000000053063
1385 0.0005 0.308500000000532
1386 0.0005 0.3080000000005334
1387 0.0005 0.3075000000005348
1388 0.0005 0.3070000000005362
1389 0.0005 0.30650000000053756
1390 0.0005 0.30600000000053895
1391 0.0005 0.30550000000054034
1392 0.0005 0.3050000000005417
1393 0.0005 0.3045000000005431
1394 0.0005 0.3040000000005445
1395 0.0005 0.3035000000005459
1396 0.0005 0.3030000000005473
1397 0.0005 0.3025000000005487
1398 0.0005 0.30200000000055005
1399 0.0005 0.30150000000055144
1400 0.0005 0.3010000000005528
1401 0.0005 0.30050000000055427
1402 0.0005 0.30000000000055566
1403 0.0005 0.299500000000557
1404 0.0005 0.2990000000005584
1405 0.0005 0.2985000000005598
1406 0.0005 0.2980000000005612
1407 0.0005 0.2975000000005626
1408 0.0005 0.297000000000564
1409 0.0005 0.29650000000056537
1410 0.0005 0.29600000000056675
1411 0.0005 0.29550000000056814
1412 0.0005 0.29500000000056953
1413 0.0005 0.2945000000005709
1414 0.0005 0.2940000000005723
1415 0.0005 0.29350000000057375
1416 0.0005 0.29300000000057513
1417 0.0005 0.29250000000057647
1418 0.0005 0.29200000000057785
1419 0.0005 0.2915000000005793
1420 0.0005 0.2910000000005807
1421 0.0005 0.29050000000058207
1422 0.0005 0.2900000000005834
1423 0.0005 0.28950000000058485
1424 0.0005 0.28900000000058623
1425 0.0005 0.2885000000005876
1426 0.0005 0.288000000000589
1427 0.0005 0.2875000000005904
1428 0.0005 0.2870000000005918
1429 0.0005 0.28650000000059317
1430 0.0005 0.28600000000059456
1431 0.0005 0.28550000000059594
1432 0.0005 0.28500000000059733
1433 0.0005 0.2845000000005987
1434 0.0005 0.2840000000006001
1435 0.0005 0.2835000000006015
1436 0.0005 0.2830000000006029
1437 0.0005 0.28250000000060427
1438 0.0005 0.28200000000060566
1439 0.0005 0.28150000000060704
1440 0.0005 0.28100000000060843
1441 0.0005 0.2805000000006098
1442 0.0005 0.2800000000006112
1443 0.0005 0.2795000000006126
1444 0.0005 0.279000000000614
1445 0.0005 0.27850000000061537
1446 0.0005 0.27800000000061675
1447 0.0005 0.27750000000061814
1448 0.0005 0.27700000000061953
1449 0.0005 0.2765000000006209
1450 0.0005 0.2760000000006223
1451 0.0005 0.2755000000006237
1452 0.0005 0.2750000000006251
1453 0.0005 0.27450000000062647
1454 0.0005 0.27400000000062785
1455 0.0005 0.27350000000062924
1456 0.0005 0.2730000000006306
1457 0.0005 0.272500000000632
1458 0.0005 0.2720000000006334
1459 0.0005 0.27150000000063484
1460 0.0005 0.2710000000006362
1461 0.0005 0.27050000000063756
1462 0.0005 0.270000000000639
1463 0.0005 0.2695000000006404
1464 0.0005 0.2690000000006418
1465 0.0005 0.2685000000006431
1466 0.0005 0.26800000000064456
1467 0.0005 0.26750000000064594
1468 0.0005 0.26700000000064733
1469 0.0005 0.2665000000006487
1470 0.0005 0.2660000000006501
1471 0.0005 0.2655000000006515
1472 0.0005 0.2650000000006529
1473 0.0005 0.2645000000006543
1474 0.0005 0.26400000000065565
1475 0.0005 0.26350000000065704
1476 0.0005 0.26300000000065843
1477 0.0005 0.26250000000065987
1478 0.0005 0.26200000000066126
1479 0.0005 0.2615000000006626
1480 0.0005 0.26100000000066403
1481 0.0005 0.2605000000006654
1482 0.0005 0.2600000000006668
1483 0.0005 0.25950000000066814
1484 0.0005 0.2590000000006696
1485 0.0005 0.25850000000067097
1486 0.0005 0.25800000000067236
1487 0.0005 0.25750000000067375
1488 0.0005 0.25700000000067513
1489 0.0005 0.2565000000006765
1490 0.0005 0.2560000000006779
1491 0.0005 0.2555000000006793
1492 0.0005 0.2550000000006807
1493 0.0005 0.25450000000068207
1494 0.0005 0.25400000000068346
1495 0.0005 0.25350000000068484
1496 0.0005 0.25300000000068623
1497 0.0005 0.2525000000006876
1498 0.0005 0.252000000000689
1499 0.0005 0.2515000000006904
1500 0.0005 0.2510000000006918
1501 0.0005 0.25050000000069317
1502 0.0005 0.25000000000069456
1503 0.0005 0.24950000000069594
1504 0.0005 0.24900000000069733
1505 0.0005 0.24850000000069872
1506 0.0005 0.2480000000007001
1507 0.0005 0.2475000000007015
1508 0.0005 0.24700000000070288
1509 0.0005 0.24650000000070432
1510 0.0005 0.24600000000070565
1511 0.0005 0.24550000000070704
1512 0.0005 0.24500000000070843
1513 0.0005 0.24450000000070987
1514 0.0005 0.2440000000007112
1515 0.0005 0.24350000000071265
1516 0.0005 0.24300000000071398
1517 0.0005 0.24250000000071542
1518 0.0005 0.2420000000007168
1519 0.0005 0.24150000000071814
1520 0.0005 0.24100000000071958
1521 0.0005 0.24050000000072091
1522 0.0005 0.2400000000007223
1523 0.0005 0.23950000000072375
1524 0.0005 0.23900000000072508
1525 0.0005 0.23850000000072652
1526 0.0005 0.2380000000007279
1527 0.0005 0.23750000000072924
1528 0.0005 0.23700000000073068
1529 0.0005 0.23650000000073207
1530 0.0005 0.2360000000007334
1531 0.0005 0.23550000000073484
1532 0.0005 0.23500000000073618
1533 0.0005 0.23450000000073756
1534 0.0005 0.234000000000739
1535 0.0005 0.23350000000074034
1536 0.0005 0.23300000000074178
1537 0.0005 0.23250000000074317
1538 0.0005 0.2320000000007445
1539 0.0005 0.23150000000074594
1540 0.0005 0.23100000000074733
1541 0.0005 0.23050000000074866
1542 0.0005 0.2300000000007501
1543 0.0005 0.2295000000007515
1544 0.0005 0.22900000000075282
1545 0.0005 0.22850000000075427
1546 0.0005 0.2280000000007556
1547 0.0005 0.22750000000075704
1548 0.0005 0.22700000000075843
1549 0.0005 0.22650000000075976
1550 0.0005 0.2260000000007612
1551 0.0005 0.2255000000007626
1552 0.0005 0.22500000000076392
1553 0.0005 0.22450000000076537
1554 0.0005 0.22400000000076675
1555 0.0005 0.22350000000076808
1556 0.0005 0.22300000000076953
1557 0.0005 0.22250000000077086
1558 0.0005 0.2220000000007723
1559 0.0005 0.2215000000007737
1560 0.0005 0.22100000000077502
1561 0.0005 0.22050000000077646
1562 0.0005 0.22000000000077785
1563 0.0005 0.21950000000077918
1564 0.0005 0.21900000000078063
1565 0.0005 0.218500000000782
1566 0.0005 0.21800000000078334
1567 0.0005 0.2175000000007848
1568 0.0005 0.21700000000078612
1569 0.0005 0.2165000000007875
1570 0.0005 0.21600000000078895
1571 0.0005 0.21550000000079028
1572 0.0005 0.21500000000079172
1573 0.0005 0.2145000000007931
1574 0.0005 0.21400000000079444
1575 0.0005 0.2135000000007959
1576 0.0005 0.21300000000079727
1577 0.0005 0.2125000000007986
1578 0.0005 0.21200000000080005
1579 0.0005 0.21150000000080144
1580 0.0005 0.21100000000080277
1581 0.0005 0.2105000000008042
1582 0.0005 0.21000000000080554
1583 0.0005 0.20950000000080699
1584 0.0005 0.20900000000080837
1585 0.0005 0.2085000000008097
1586 0.0005 0.20800000000081115
1587 0.0005 0.20750000000081253
1588 0.0005 0.20700000000081387
1589 0.0005 0.2065000000008153
1590 0.0005 0.2060000000008167
1591 0.0005 0.20550000000081803
1592 0.0005 0.20500000000081947
1593 0.0005 0.2045000000008208
1594 0.0005 0.20400000000082225
1595 0.0005 0.20350000000082363
1596 0.0005 0.20300000000082496
1597 0.0005 0.2025000000008264
1598 0.0005 0.2020000000008278
1599 0.0005 0.20150000000082913
1600 0.0005 0.20100000000083057
1601 0.0005 0.20050000000083196
1602 0.0005 0.2000000000008333
1603 0.0005 0.19950000000083473
1604 0.0005 0.19900000000083606
1605 0.0005 0.1985000000008375
1606 0.0005 0.1980000000008389
1607 0.0005 0.19750000000084023
1608 0.0005 0.19700000000084167
1609 0.0005 0.19650000000084306
1610 0.0005 0.1960000000008444
1611 0.0005 0.19550000000084583
1612 0.0005 0.19500000000084722
1613 0.0005 0.19450000000084855
1614 0.0005 0.19400000000085
1615 0.0005 0.19350000000085138
1616 0.0005 0.1930000000008527
1617 0.0005 0.19250000000085415
1618 0.0005 0.1920000000008555
1619 0.0005 0.19150000000085693
1620 0.0005 0.19100000000085832
1621 0.0005 0.19050000000085965
1622 0.0005 0.1900000000008611
1623 0.0005 0.18950000000086248
1624 0.0005 0.1890000000008638
1625 0.0005 0.18850000000086525
1626 0.0005 0.18800000000086664
1627 0.0005 0.18750000000086797
1628 0.0005 0.18700000000086942
1629 0.0005 0.18650000000087075
1630 0.0005 0.1860000000008722
1631 0.0005 0.18550000000087358
1632 0.0005 0.1850000000008749
1633 0.0005 0.18450000000087635
1634 0.0005 0.18400000000087774
1635 0.0005 0.18350000000087907
1636 0.0005 0.18300000000088051
1637 0.0005 0.1825000000008819
1638 0.0005 0.18200000000088323
1639 0.0005 0.18150000000088468
1640 0.0005 0.181000000000886
1641 0.0005 0.18050000000088745
1642 0.0005 0.18000000000088884
1643 0.0005 0.17950000000089017
1644 0.0005 0.1790000000008916
1645 0.0005 0.178500000000893
1646 0.0005 0.17800000000089433
1647 0.0005 0.17750000000089577
1648 0.0005 0.17700000000089716
1649 0.0005 0.1765000000008985
1650 0.0005 0.17600000000089994
1651 0.0005 0.17550000000090127
1652 0.0005 0.1750000000009027
1653 0.0005 0.1745000000009041
1654 0.0005 0.17400000000090543
1655 0.0005 0.17350000000090687
1656 0.0005 0.17300000000090826
1657 0.0005 0.1725000000009096
1658 0.0005 0.17200000000091104
1659 0.0005 0.17150000000091242
1660 0.0005 0.17100000000091375
1661 0.0005 0.1705000000009152
1662 0.0005 0.17000000000091658
1663 0.0005 0.16950000000091792
1664 0.0005 0.16900000000091936
1665 0.0005 0.1685000000009207
1666 0.0005 0.16800000000092213
1667 0.0005 0.16750000000092352
1668 0.0005 0.16700000000092485
1669 0.0005 0.1665000000009263
1670 0.0005 0.16600000000092768
1671 0.0005 0.16550000000092902
1672 0.0005 0.16500000000093046
1673 0.0005 0.16450000000093185
1674 0.0005 0.16400000000093318
1675 0.0005 0.16350000000093462
1676 0.0005 0.16300000000093595
1677 0.0005 0.1625000000009374
1678 0.0005 0.16200000000093878
1679 0.0005 0.1615000000009401
1680 0.0005 0.16100000000094156
1681 0.0005 0.16050000000094294
1682 0.0005 0.16000000000094428
1683 0.0005 0.15950000000094572
1684 0.0005 0.1590000000009471
1685 0.0005 0.15850000000094844
1686 0.0005 0.15800000000094988
1687 0.0005 0.1575000000009512
1688 0.0005 0.15700000000095266
1689 0.0005 0.15650000000095404
1690 0.0005 0.15600000000095537
1691 0.0005 0.15550000000095682
1692 0.0005 0.1550000000009582
1693 0.0005 0.15450000000095954
1694 0.0005 0.15400000000096098
1695 0.0005 0.15350000000096237
1696 0.0005 0.1530000000009637
1697 0.0005 0.15250000000096514
1698 0.0005 0.15200000000096653
1699 0.0005 0.15150000000096792
1700 0.0005 0.1510000000009693
1701 0.0005 0.15050000000097064
1702 0.0005 0.15000000000097208
1703 0.0005 0.14950000000097347
1704 0.0005 0.1490000000009748
1705 0.0005 0.14850000000097624
1706 0.0005 0.14800000000097763
1707 0.0005 0.14750000000097896
1708 0.0005 0.1470000000009804
1709 0.0005 0.1465000000009818
1710 0.0005 0.14600000000098318
1711 0.0005 0.14550000000098456
1712 0.0005 0.1450000000009859
1713 0.0005 0.14450000000098734
1714 0.0005 0.14400000000098873
1715 0.0005 0.14350000000099006
1716 0.0005 0.1430000000009915
1717 0.0005 0.1425000000009929
1718 0.0005 0.14200000000099422
1719 0.0005 0.14150000000099566
1720 0.0005 0.14100000000099705
1721 0.0005 0.14050000000099838
1722 0.0005 0.14000000000099982
1723 0.0005 0.13950000000100116
1724 0.0005 0.1390000000010026
1725 0.0005 0.138500000001004
1726 0.0005 0.13800000000100532
1727 0.0005 0.13750000000100676
1728 0.0005 0.13700000000100815
1729 0.0005 0.13650000000100948
1730 0.0005 0.13600000000101092
1731 0.0005 0.1355000000010123
1732 0.0005 0.13500000000101364
1733 0.0005 0.13450000000101509
1734 0.0005 0.13400000000101647
1735 0.0005 0.13350000000101786
1736 0.0005 0.13300000000101925
1737 0.0005 0.13250000000102058
1738 0.0005 0.13200000000102202
1739 0.0005 0.1315000000010234
1740 0.0005 0.13100000000102474
1741 0.0005 0.13050000000102618
1742 0.0005 0.13000000000102757
1743 0.0005 0.1295000000010289
1744 0.0005 0.12900000000103035
1745 0.0005 0.12850000000103173
1746 0.0005 0.12800000000103312
1747 0.0005 0.1275000000010345
1748 0.0005 0.12700000000103584
1749 0.0005 0.12650000000103728
1750 0.0005 0.12600000000103867
1751 0.0005 0.12550000000104
1752 0.0005 0.12500000000104144
1753 0.0005 0.12450000000104283
1754 0.0005 0.12400000000104416
1755 0.0005 0.1235000000010456
1756 0.0005 0.123000000001047
1757 0.0005 0.12250000000104838
1758 0.0005 0.12200000000104977
1759 0.0005 0.1215000000010511
1760 0.0005 0.12100000000105254
1761 0.0005 0.12050000000105393
1762 0.0005 0.12000000000105526
1763 0.0005 0.1195000000010567
1764 0.0005 0.11900000000105809
1765 0.0005 0.11850000000105942
1766 0.0005 0.11800000000106087
1767 0.0005 0.11750000000106225
1768 0.0005 0.11700000000106359
1769 0.0005 0.11650000000106503
1770 0.0005 0.11600000000106636
1771 0.0005 0.1155000000010678
1772 0.0005 0.11500000000106919
1773 0.0005 0.11450000000107052
1774 0.0005 0.11400000000107197
1775 0.0005 0.11350000000107335
1776 0.0005 0.11300000000107469
1777 0.0005 0.11250000000107613
1778 0.0005 0.11200000000107752
1779 0.0005 0.11150000000107885
1780 0.0005 0.11100000000108029
1781 0.0005 0.11050000000108168
1782 0.0005 0.11000000000108306
1783 0.0005 0.10950000000108445
1784 0.0005 0.10900000000108578
1785 0.0005 0.10850000000108723
1786 0.0005 0.10800000000108861
1787 0.0005 0.10750000000108995
1788 0.0005 0.10700000000109139
1789 0.0005 0.10650000000109278
1790 0.0005 0.10600000000109411
1791 0.0005 0.10550000000109555
1792 0.0005 0.10500000000109694
1793 0.0005 0.10450000000109833
1794 0.0005 0.10400000000109971
1795 0.0005 0.10350000000110104
1796 0.0005 0.10300000000110249
1797 0.0005 0.10250000000110387
1798 0.0005 0.1020000000011052
1799 0.0005 0.10150000000110665
1800 0.0005 0.10100000000110804
1801 0.0005 0.10050000000110937
1802 0.0005 0.10000000000111081
1803 0.0005 0.0995000000011122
1804 0.0005 0.09900000000111359
1805 0.0005 0.09850000000111497
1806 0.0005 0.0980000000011163
1807 0.0005 0.09750000000111775
1808 0.0005 0.09700000000111914
1809 0.0005 0.09650000000112047
1810 0.0005 0.09600000000112191
1811 0.0005 0.0955000000011233
1812 0.0005 0.09500000000112463
1813 0.0005 0.09450000000112607
1814 0.0005 0.09400000000112746
1815 0.0005 0.09350000000112879
1816 0.0005 0.09300000000113023
1817 0.0005 0.09250000000113162
1818 0.0005 0.09200000000113301
1819 0.0005 0.0915000000011344
1820 0.0005 0.09100000000113573
1821 0.0005 0.09050000000113717
1822 0.0005 0.09000000000113856
1823 0.0005 0.08950000000113989
1824 0.0005 0.08900000000114133
1825 0.0005 0.08850000000114272
1826 0.0005 0.08800000000114405
1827 0.0005 0.0875000000011455
1828 0.0005 0.08700000000114688
1829 0.0005 0.08650000000114827
1830 0.0005 0.08600000000114966
1831 0.0005 0.08550000000115099
1832 0.0005 0.08500000000115243
1833 0.0005 0.08450000000115382
1834 0.0005 0.08400000000115515
1835 0.0005 0.0835000000011566
1836 0.0005 0.08300000000115798
1837 0.0005 0.08250000000115931
1838 0.0005 0.08200000000116076
1839 0.0005 0.08150000000116214
1840 0.0005 0.08100000000116353
1841 0.0005 0.08050000000116492
1842 0.0005 0.08000000000116625
1843 0.0005 0.07950000000116769
1844 0.0005 0.07900000000116908
1845 0.0005 0.07850000000117041
1846 0.0005 0.07800000000117185
1847 0.0005 0.07750000000117324
1848 0.0005 0.07700000000117457
1849 0.0005 0.07650000000117602
1850 0.0005 0.0760000000011774
1851 0.0005 0.07550000000117879
1852 0.0005 0.07500000000118018
1853 0.0005 0.07450000000118157
1854 0.0005 0.07400000000118295
1855 0.0005 0.07350000000118434
1856 0.0005 0.07300000000118567
1857 0.0005 0.07250000000118711
1858 0.0005 0.0720000000011885
1859 0.0005 0.07150000000118983
1860 0.0005 0.07100000000119128
1861 0.0005 0.07050000000119266
1862 0.0005 0.070000000001194
1863 0.0005 0.06950000000119544
1864 0.0005 0.06900000000119683
1865 0.0005 0.06850000000119821
1866 0.0005 0.0680000000011996
1867 0.0005 0.06750000000120093
1868 0.0005 0.06700000000120238
1869 0.0005 0.06650000000120376
1870 0.0005 0.0660000000012051
1871 0.0005 0.06550000000120654
1872 0.0005 0.06500000000120792
1873 0.0005 0.06450000000120926
1874 0.0005 0.0640000000012107
1875 0.0005 0.06350000000121209
1876 0.0005 0.06300000000121347
1877 0.0005 0.06250000000121486
1878 0.0005 0.06200000000121619
1879 0.0005 0.061500000001217636
1880 0.0005 0.061000000001219024
1881 0.0005 0.060500000001220355
1882 0.0005 0.0600000000012218
1883 0.0005 0.059500000001223186
1884 0.0005 0.05900000000122452
1885 0.0005 0.05850000000122596
1886 0.0005 0.05800000000122735
1887 0.0005 0.057500000001228735
1888 0.0005 0.05700000000123012
1889 0.0005 0.05650000000123151
1890 0.0005 0.0560000000012329
1891 0.0005 0.055500000001234284
1892 0.0005 0.055000000001235616
1893 0.0005 0.05450000000123706
1894 0.0005 0.054000000001238446
1895 0.0005 0.05350000000123978
1896 0.0005 0.05300000000124122
1897 0.0005 0.05250000000124261
1898 0.0005 0.052000000001243996
1899 0.0005 0.05150000000124538
1900 0.0005 0.05100000000124677
1901 0.0005 0.05050000000124816
1902 0.0005 0.050000000001249545
1903 0.0005 0.04950000000125088
1904 0.0005 0.04900000000125232
1905 0.0005 0.04850000000125371
1906 0.0005 0.04800000000125504
1907 0.0005 0.04750000000125648
1908 0.0005 0.04700000000125787
1909 0.0005 0.0465000000012592
1910 0.0005 0.046000000001260644
1911 0.0005 0.04550000000126203
1912 0.0005 0.04500000000126342
1913 0.0005 0.044500000001264806
1914 0.0005 0.04400000000126614
1915 0.0005 0.04350000000126758
1916 0.0005 0.04300000000126897
1917 0.0005 0.0425000000012703
1918 0.0005 0.04200000000127174
1919 0.0005 0.04150000000127313
1920 0.0005 0.04100000000127446
1921 0.0005 0.040500000001275904
1922 0.0005 0.04000000000127729
1923 0.0005 0.03950000000127868
1924 0.0005 0.039000000001280066
1925 0.0005 0.0385000000012814
1926 0.0005 0.03800000000128284
1927 0.0005 0.03750000000128423
1928 0.0005 0.03700000000128556
1929 0.0005 0.036500000001287
1930 0.0005 0.03600000000128839
1931 0.0005 0.03550000000128972
1932 0.0005 0.035000000001291165
1933 0.0005 0.03450000000129255
1934 0.0005 0.03400000000129394
1935 0.0005 0.03350000000129533
1936 0.0005 0.033000000001296714
1937 0.0005 0.0325000000012981
1938 0.0005 0.03200000000129949
1939 0.0005 0.03150000000130082
1940 0.0005 0.031000000001302264
1941 0.0005 0.03050000000130365
1942 0.0005 0.030000000001304983
1943 0.0005 0.029500000001306426
1944 0.0005 0.029000000001307813
1945 0.0005 0.0285000000013092
1946 0.0005 0.028000000001310588
1947 0.0005 0.027500000001311975
1948 0.0005 0.027000000001313362
1949 0.0005 0.02650000000131475
1950 0.0005 0.02600000000131608
1951 0.0005 0.025500000001317524
1952 0.0005 0.02500000000131891
1953 0.0005 0.024500000001320243
1954 0.0005 0.024000000001321686
1955 0.0005 0.023500000001323074
1956 0.0005 0.023000000001324405
1957 0.0005 0.02250000000132585
1958 0.0005 0.022000000001327236
1959 0.0005 0.021500000001328623
1960 0.0005 0.02100000000133001
1961 0.0005 0.020500000001331342
1962 0.0005 0.020000000001332785
1963 0.0005 0.019500000001334172
1964 0.0005 0.019000000001335504
1965 0.0005 0.018500000001336947
1966 0.0005 0.018000000001338334
1967 0.0005 0.017500000001339666
1968 0.0005 0.01700000000134111
1969 0.0005 0.016500000001342496
1970 0.0005 0.016000000001343884
1971 0.0005 0.015500000001345271
1972 0.0005 0.015000000001346658
1973 0.0005 0.014500000001348046
1974 0.0005 0.014000000001349433
1975 0.0005 0.013500000001350765
1976 0.0005 0.013000000001352208
1977 0.0005 0.012500000001353595
1978 0.0005 0.012000000001354927
1979 0.0005 0.01150000000135637
1980 0.0005 0.011000000001357757
1981 0.0005 0.010500000001359144
1982 0.0005 0.010000000001360532
1983 0.0005 0.009500000001361919
1984 0.0005 0.009000000001363306
1985 0.0005 0.008500000001364694
1986 0.0005 0.008000000001366026
1987 0.0005 0.007500000001367024
1988 0.0005 0.0070000000013677455
1989 0.0005 0.006500000001368411
1990 0.0005 0.006000000001369132
1991 0.0005 0.0055000000013698536
1992 0.0005 0.005000000001370464
1993 0.0005 0.004500000001371185
1994 0.0005 0.004000000001371906
1995 0.0005 0.003500000001372572
1996 0.0005 0.003000000001373293
1997 0.0005 0.0025000000013739587
1998 0.0005 0.00200000000137468
1999 0.0005 0.0015000000013754011
2000 0.0005 0.0010000000013760668
2001 0.0005 0.000500000001376788
2002 0.0005 1.377509217803663e-12
2003 0.0005 -0.0004999999986232684
2004 0.0005 -0.0009999999986238794
2005 0.0005 -0.0014999999986246015
2006 0.0005 -0.0019999999986253236
2007 0.0005 -0.0024999999986260457
2008 0.0005 -0.0029999999986266568
2009 0.0005 -0.003499999998627379
2010 0.0005 -0.003999999998628101
2011 0.0005 -0.004499999998628823
2012 0.0005 -0.004999999998629434
2013 0.0005 -0.005499999998630156
2014 0.0005 -0.005999999998630878
2015 0.0005 -0.0064999999986316
2016 0.0005 -0.0069999999986322115
2017 0.0005 -0.0074999999986329335
2018 0.0005 -0.007999999998633878
2019 0.0005 -0.008499999998635266
2020 0.0005 -0.008999999998636654
2021 0.0005 -0.009499999998638042
2022 0.0005 -0.00999999999863943
2023 0.0005 -0.010499999998640819
2024 0.0005 -0.010999999998642207
2025 0.0005 -0.011499999998643595
2026 0.0005 -0.011999999998644983
2027 0.0005 -0.012499999998646372
2028 0.0005 -0.012999999998647649
2029 0.0005 -0.013499999998649148
2030 0.0005 -0.013999999998650536
2031 0.0005 -0.014499999998651925
2032 0.0005 -0.014999999998653313
2033 0.0005 -0.01549999999865459
2034 0.0005 -0.015999999998655978
2035 0.0005 -0.016499999998657477
2036 0.0005 -0.016999999998658866
2037 0.0005 -0.017499999998660254
2038 0.0005 -0.01799999999866153
2039 0.0005 -0.01849999999866292
2040 0.0005 -0.01899999999866442
2041 0.0005 -0.019499999998665807
2042 0.0005 -0.019999999998667195
2043 0.0005 -0.020499999998668583
2044 0.0005 -0.02099999999866986
2045 0.0005 -0.02149999999867125
2046 0.0005 -0.021999999998672748
2047 0.0005 -0.022499999998674136
2048 0.0005 -0.022999999998675524
2049 0.0005 -0.0234999999986768
2050 0.0005 -0.02399999999867819
2051 0.0005 -0.02449999999867969
2052 0.0005 -0.024999999998681077
2053 0.0005 -0.025499999998682465
2054 0.0005 -0.025999999998683854
2055 0.0005 -0.02649999999868513
2056 0.0005 -0.02699999999868652
2057 0.0005 -0.02749999999868802
2058 0.0005 -0.027999999998689407
2059 0.0005 -0.028499999998690795
2060 0.0005 -0.028999999998692183
2061 0.0005 -0.02949999999869346
2062 0.0005 -0.02999999999869496
2063 0.0005 -0.030499999998696348
2064 0.0005 -0.030999999998697736
2065 0.0005 -0.031499999998699124
2066 0.0005 -0.0319999999987004
2067 0.0005 -0.03249999999870179
2068 0.0005 -0.03299999999870329
2069 0.0005 -0.03349999999870468
2070 0.0005 -0.033999999998706065
2071 0.0005 -0.034499999998707453
2072 0.0005 -0.03499999999870873
2073 0.0005 -0.03549999999871012
2074 0.0005 -0.03599999999871162
2075 0.0005 -0.036499999998713006
2076 0.0005 -0.036999999998714395
2077 0.0005 -0.03749999999871567
2078 0.0005 -0.03799999999871706
2079 0.0005 -0.03849999999871856
2080 0.0005 -0.03899999999871995
2081 0.0005 -0.039499999998721336
2082 0.0005 -0.039999999998722724
2083 0.0005 -0.040499999998724
2084 0.0005 -0.04099999999872539
2085 0.0005 -0.04149999999872689
2086 0.0005 -0.04199999999872828
2087 0.0005 -0.042499999998729665
2088 0.0005 -0.04299999999873105
2089 0.0005 -0.04349999999873233
2090 0.0005 -0.04399999999873383
2091 0.0005 -0.04449999999873522
2092 0.0005 -0.044999999998736606
2093 0.0005 -0.045499999998737994
2094 0.0005 -0.04599999999873927
2095 0.0005 -0.04649999999874066
2096 0.0005 -0.04699999999874216
2097 0.0005 -0.04749999999874355
2098 0.0005 -0.047999999998744936
2099 0.0005 -0.048499999998746324
2100 0.0005 -0.0489999999987476
2101 0.0005 -0.0494999999987491
2102 0.0005 -0.04999999999875049
2103 0.0005 -0.05049999999875188
2104 0.0005 -0.050999999998753265
2105 0.0005 -0.05149999999875454
2106 0.0005 -0.05199999999875593
2107 0.0005 -0.05249999999875743
2108 0.0005 -0.05299999999875882
2109 0.0005 -0.053499999998760206
2110 0.0005 -0.053999999998761594
2111 0.0005 -0.05449999999876287
2112 0.0005 -0.05499999999876437
2113 0.0005 -0.05549999999876576
2114 0.0005 -0.05599999999876715
2115 0.0005 -0.056499999998768535
2116 0.0005 -0.056999999998769924
2117 0.0005 -0.0574999999987712
2118 0.0005 -0.0579999999987727
2119 0.0005 -0.05849999999877409
2120 0.0005 -0.058999999998775476
2121 0.0005 -0.059499999998776865
2122 0.0005 -0.05999999999877814
2123 0.0005 -0.06049999999877964
2124 0.0005 -0.06099999999878103
2125 0.0005 -0.06149999999878242
2126 0.0005 -0.061999999998783806
2127 0.0005 -0.062499999998785194
2128 0.0005 -0.06299999999878647
2129 0.0005 -0.06349999999878797
2130 0.0005 -0.06399999999878936
2131 0.0005 -0.06449999999879075
2132 0.0005 -0.06499999999879214
2133 0.0005 -0.06549999999879341
2134 0.0005 -0.06599999999879491
2135 0.0005 -0.0664999999987963
2136 0.0005 -0.06699999999879769
2137 0.0005 -0.06749999999879908
2138 0.0005 -0.06799999999880046
2139 0.0005 -0.06849999999880174
2140 0.0005 -0.06899999999880324
2141 0.0005 -0.06949999999880463
2142 0.0005 -0.06999999999880602
2143 0.0005 -0.0704999999988074
2144 0.0005 -0.07099999999880868
2145 0.0005 -0.07149999999881007
2146 0.0005 -0.07199999999881157
2147 0.0005 -0.07249999999881296
2148 0.0005 -0.07299999999881435
2149 0.0005 -0.07349999999881573
2150 0.0005 -0.07399999999881701
2151 0.0005 -0.07449999999881851
2152 0.0005 -0.0749999999988199
2153 0.0005 -0.07549999999882129
2154 0.0005 -0.07599999999882268
2155 0.0005 -0.07649999999882406
2156 0.0005 -0.07699999999882534
2157 0.0005 -0.07749999999882684
2158 0.0005 -0.07799999999882823
2159 0.0005 -0.07849999999882962
2160 0.0005 -0.078999999998831
2161 0.0005 -0.07949999999883228
2162 0.0005 -0.07999999999883378
2163 0.0005 -0.08049999999883517
2164 0.0005 -0.08099999999883656
2165 0.0005 -0.08149999999883795
2166 0.0005 -0.08199999999883933
2167 0.0005 -0.08249999999884061
2168 0.0005 -0.08299999999884211
2169 0.0005 -0.0834999999988435
2170 0.0005 -0.08399999999884489
2171 0.0005 -0.08449999999884628
2172 0.0005 -0.08499999999884755
2173 0.0005 -0.08549999999884905
2174 0.0005 -0.08599999999885044
2175 0.0005 -0.08649999999885183
2176 0.0005 -0.08699999999885322
2177 0.0005 -0.0874999999988546
2178 0.0005 -0.08799999999885588
2179 0.0005 -0.08849999999885738
2180 0.0005 -0.08899999999885877
2181 0.0005 -0.08949999999886016
2182 0.0005 -0.08999999999886155
2183 0.0005 -0.09049999999886293
2184 0.0005 -0.09099999999886432
2185 0.0005 -0.09149999999886571
2186 0.0005 -0.0919999999988671
2187 0.0005 -0.09249999999886849
2188 0.0005 -0.09299999999886988
2189 0.0005 -0.09349999999887115
2190 0.0005 -0.09399999999887265
2191 0.0005 -0.09449999999887404
2192 0.0005 -0.09499999999887543
2193 0.0005 -0.09549999999887682
2194 0.0005 -0.0959999999988782
2195 0.0005 -0.0964999999988796
2196 0.0005 -0.09699999999888098
2197 0.0005 -0.09749999999888237
2198 0.0005 -0.09799999999888376
2199 0.0005 -0.09849999999888515
2200 0.0005 -0.09899999999888642
2201 0.0005 -0.09949999999888792
2202 0.0005 -0.09999999999888931
2203 0.0005 -0.1004999999988907
2204 0.0005 -0.10099999999889209
2205 0.0005 -0.10149999999889348
2206 0.0005 -0.10199999999889486
2207 0.0005 -0.10249999999889625
2208 0.0005 -0.10299999999889764
2209 0.0005 -0.10349999999889903
2210 0.0005 -0.10399999999890042
2211 0.0005 -0.1044999999989018
2212 0.0005 -0.10499999999890319
2213 0.0005 -0.10549999999890458
2214 0.0005 -0.10599999999890597
2215 0.0005 -0.10649999999890736
2216 0.0005 -0.10699999999890875
2217 0.0005 -0.10749999999891013
2218 0.0005 -0.10799999999891152
2219 0.0005 -0.10849999999891291
2220 0.0005 -0.1089999999989143
2221 0.0005 -0.10949999999891569
2222 0.0005 -0.10999999999891708
2223 0.0005 -0.11049999999891846
2224 0.0005 -0.11099999999891985
2225 0.0005 -0.11149999999892124
2226 0.0005 -0.11199999999892263
2227 0.0005 -0.11249999999892402
2228 0.0005 -0.1129999999989253
2229 0.0005 -0.11349999999892679
2230 0.0005 -0.11399999999892818
2231 0.0005 -0.11449999999892957
2232 0.0005 -0.11499999999893096
2233 0.0005 -0.11549999999893235
2234 0.0005 -0.11599999999893373
2235 0.0005 -0.11649999999893512
2236 0.0005 -0.11699999999893651
2237 0.0005 -0.1174999999989379
2238 0.0005 -0.11799999999893929
2239 0.0005 -0.11849999999894056
2240 0.0005 -0.11899999999894206
2241 0.0005 -0.11949999999894345
2242 0.0005 -0.11999999999894484
2243 0.0005 -0.12049999999894623
2244 0.0005 -0.12099999999894762
2245 0.0005 -0.121499999998949
2246 0.0005 -0.12199999999895039
2247 0.0005 -0.12249999999895178
2248 0.0005 -0.12299999999895317
2249 0.0005 -0.12349999999895456
2250 0.0005 -0.12399999999895595
2251 0.0005 -0.12449999999895733
2252 0.0005 -0.12499999999895872
2253 0.0005 -0.1254999999989601
2254 0.0005 -0.1259999999989615
2255 0.0005 -0.1264999999989629
2256 0.0005 -0.12699999999896427
2257 0.0005 -0.12749999999896566
2258 0.0005 -0.12799999999896705
2259 0.0005 -0.12849999999896844
2260 0.0005 -0.12899999999896983
2261 0.0005 -0.12949999999897122
2262 0.0005 -0.1299999999989726
2263 0.0005 -0.130499999998974
2264 0.0005 -0.13099999999897538
2265 0.0005 -0.13149999999897677
2266 0.0005 -0.13199999999897816
2267 0.0005 -0.13249999999897966
2268 0.0005 -0.13299999999898093
2269 0.0005 -0.13349999999898232
2270 0.0005 -0.1339999999989837
2271 0.0005 -0.1344999999989851
2272 0.0005 -0.1349999999989865
2273 0.0005 -0.13549999999898787
2274 0.0005 -0.13599999999898926
2275 0.0005 -0.13649999999899065
2276 0.0005 -0.13699999999899204
2277 0.0005 -0.13749999999899343
2278 0.0005 -0.13799999999899493
2279 0.0005 -0.1384999999989962
2280 0.0005 -0.1389999999989976
2281 0.0005 -0.13949999999899898
2282 0.0005 -0.13999999999900037
2283 0.0005 -0.14049999999900176
2284 0.0005 -0.14099999999900314
2285 0.0005 -0.14149999999900453
2286 0.0005 -0.14199999999900592
2287 0.0005 -0.1424999999990073
2288 0.0005 -0.1429999999990087
2289 0.0005 -0.1434999999990102
2290 0.0005 -0.14399999999901147
2291 0.0005 -0.14449999999901286
2292 0.0005 -0.14499999999901425
2293 0.0005 -0.14549999999901564
2294 0.0005 -0.14599999999901703
2295 0.0005 -0.14649999999901842
2296 0.0005 -0.1469999999990198
2297 0.0005 -0.1474999999990212
2298 0.0005 -0.14799999999902258
2299 0.0005 -0.14849999999902397
2300 0.0005 -0.14899999999902547
2301 0.0005 -0.14949999999902674
2302 0.0005 -0.14999999999902813
2303 0.0005 -0.15049999999902952
2304 0.0005 -0.1509999999990309
2305 0.0005 -0.1514999999990323
2306 0.0005 -0.1519999999990338
2307 0.0005 -0.15249999999903507
2308 0.0005 -0.15299999999903646
2309 0.0005 -0.15349999999903785
2310 0.0005 -0.15399999999903924
2311 0.0005 -0.15449999999904063
2312 0.0005 -0.15499999999904202
2313 0.0005 -0.1554999999990434
2314 0.0005 -0.1559999999990448
2315 0.0005 -0.15649999999904618
2316 0.0005 -0.15699999999904757
2317 0.0005 -0.15749999999904907
2318 0.0005 -0.15799999999905034
2319 0.0005 -0.15849999999905173
2320 0.0005 -0.15899999999905312
2321 0.0005 -0.1594999999990545
2322 0.0005 -0.1599999999990559
2323 0.0005 -0.16049999999905729
2324 0.0005 -0.16099999999905867
2325 0.0005 -0.16149999999906006
2326 0.0005 -0.16199999999906145
2327 0.0005 -0.16249999999906284
2328 0.0005 -0.16299999999906434
2329 0.0005 -0.16349999999906561
2330 0.0005 -0.163999999999067
2331 0.0005 -0.1644999999990684
2332 0.0005 -0.16499999999906978
2333 0.0005 -0.16549999999907117
2334 0.0005 -0.16599999999907267
2335 0.0005 -0.16649999999907394
2336 0.0005 -0.16699999999907533
2337 0.0005 -0.16749999999907672
2338 0.0005 -0.1679999999990781
2339 0.0005 -0.1684999999990796
2340 0.0005 -0.16899999999908089
2341 0.0005 -0.16949999999908227
2342 0.0005 -0.16999999999908366
2343 0.0005 -0.17049999999908505
2344 0.0005 -0.17099999999908644
2345 0.0005 -0.17149999999908794
2346 0.0005 -0.17199999999908921
2347 0.0005 -0.1724999999990906
2348 0.0005 -0.172999999999092
2349 0.0005 -0.17349999999909338
2350 0.0005 -0.17399999999909488
2351 0.0005 -0.17449999999909616
2352 0.0005 -0.17499999999909754
2353 0.0005 -0.17549999999909893
2354 0.0005 -0.17599999999910032
2355 0.0005 -0.1764999999991017
2356 0.0005 -0.1769999999991032
2357 0.0005 -0.17749999999910449
2358 0.0005 -0.17799999999910587
2359 0.0005 -0.17849999999910726
2360 0.0005 -0.17899999999910865
2361 0.0005 -0.17949999999911015
2362 0.0005 -0.17999999999911154
2363 0.0005 -0.18049999999911281
2364 0.0005 -0.1809999999991142
2365 0.0005 -0.1814999999991156
2366 0.0005 -0.18199999999911698
2367 0.0005 -0.18249999999911848
2368 0.0005 -0.18299999999911976
2369 0.0005 -0.18349999999912114
2370 0.0005 -0.18399999999912253
2371 0.0005 -0.18449999999912392
2372 0.0005 -0.18499999999912542
2373 0.0005 -0.1854999999991268
2374 0.0005 -0.18599999999912809
2375 0.0005 -0.18649999999912947
2376 0.0005 -0.18699999999913086
2377 0.0005 -0.18749999999913225
2378 0.0005 -0.18799999999913375
2379 0.0005 -0.18849999999913503
2380 0.0005 -0.18899999999913641
2381 0.0005 -0.1894999999991378
2382 0.0005 -0.1899999999991392
2383 0.0005 -0.19049999999914058
2384 0.0005 -0.19099999999914208
2385 0.0005 -0.19149999999914336
2386 0.0005 -0.19199999999914474
2387 0.0005 -0.19249999999914613
2388 0.0005 -0.19299999999914752
2389 0.0005 -0.19349999999914902
2390 0.0005 -0.1939999999991504
2391 0.0005 -0.19449999999915168
2392 0.0005 -0.19499999999915307
2393 0.0005 -0.19549999999915446
2394 0.0005 -0.19599999999915585
2395 0.0005 -0.19649999999915735
2396 0.0005 -0.19699999999915863
2397 0.0005 -0.19749999999916001
2398 0.0005 -0.1979999999991614
2399 0.0005 -0.1984999999991628
2400 0.0005 -0.1989999999991643
2401 0.0005 -0.19949999999916568
2402 0.0005 -0.19999999999916696
2403 0.0005 -0.20049999999916834
2404 0.0005 -0.20099999999916973
2405 0.0005 -0.20149999999917112
2406 0.0005 -0.20199999999917262
2407 0.0005 -0.2024999999991739
2408 0.0005 -0.20299999999917528
2409 0.0005 -0.20349999999917667
2410 0.0005 -0.20399999999917806
2411 0.0005 -0.20449999999917956
2412 0.0005 -0.20499999999918095
2413 0.0005 -0.20549999999918223
2414 0.0005 -0.20599999999918361
2415 0.0005 -0.206499999999185
2416 0.0005 -0.2069999999991864
2417 0.0005 -0.2074999999991879
2418 0.0005 -0.20799999999918917
2419 0.0005 -0.20849999999919056
2420 0.0005 -0.20899999999919194
2421 0.0005 -0.20949999999919333
2422 0.0005 -0.20999999999919483
2423 0.0005 -0.21049999999919622
2424 0.0005 -0.2109999999991975
2425 0.0005 -0.21149999999919888
2426 0.0005 -0.21199999999920027
2427 0.0005 -0.21249999999920166
2428 0.0005 -0.21299999999920316
2429 0.0005 -0.21349999999920455
2430 0.0005 -0.21399999999920583
2431 0.0005 -0.2144999999992072
2432 0.0005 -0.2149999999992086
2433 0.0005 -0.2154999999992101
2434 0.0005 -0.2159999999992115
2435 0.0005 -0.21649999999921277
2436 0.0005 -0.21699999999921415
2437 0.0005 -0.21749999999921554
2438 0.0005 -0.21799999999921693
2439 0.0005 -0.21849999999921843
2440 0.0005 -0.21899999999921982
2441 0.0005 -0.2194999999992211
2442 0.0005 -0.21999999999922248
2443 0.0005 -0.22049999999922387
2444 0.0005 -0.22099999999922537
2445 0.0005 -0.22149999999922676
2446 0.0005 -0.22199999999922804
2447 0.0005 -0.22249999999922943
2448 0.0005 -0.2229999999992308
2449 0.0005 -0.2234999999992322
2450 0.0005 -0.2239999999992337
2451 0.0005 -0.2244999999992351
2452 0.0005 -0.22499999999923637
2453 0.0005 -0.22549999999923775
2454 0.0005 -0.22599999999923914
2455 0.0005 -0.22649999999924064
2456 0.0005 -0.22699999999924203
2457 0.0005 -0.22749999999924342
2458 0.0005 -0.2279999999992447
2459 0.0005 -0.22849999999924608
2460 0.0005 -0.22899999999924747
2461 0.0005 -0.22949999999924897
2462 0.0005 -0.22999999999925036
2463 0.0005 -0.23049999999925164
2464 0.0005 -0.23099999999925303
2465 0.0005 -0.2314999999992544
2466 0.0005 -0.2319999999992558
2467 0.0005 -0.2324999999992573
2468 0.0005 -0.2329999999992587
2469 0.0005 -0.23349999999925997
2470 0.0005 -0.23399999999926135
2471 0.0005 -0.23449999999926274
2472 0.0005 -0.23499999999926424
2473 0.0005 -0.23549999999926563
2474 0.0005 -0.2359999999992669
2475 0.0005 -0.2364999999992683
2476 0.0005 -0.23699999999926968
2477 0.0005 -0.23749999999927107
2478 0.0005 -0.23799999999927257
2479 0.0005 -0.23849999999927396
2480 0.0005 -0.23899999999927524
2481 0.0005 -0.23949999999927662
2482 0.0005 -0.239999999999278
2483 0.0005 -0.2404999999992795
2484 0.0005 -0.2409999999992809
2485 0.0005 -0.24149999999928218
2486 0.0005 -0.24199999999928357
2487 0.0005 -0.24249999999928495
2488 0.0005 -0.24299999999928634
2489 0.0005 -0.24349999999928784
2490 0.0005 -0.24399999999928923
2491 0.0005 -0.2444999999992905
2492 0.0005 -0.2449999999992919
2493 0.0005 -0.24549999999929328
2494 0.0005 -0.24599999999929478
2495 0.0005 -0.24649999999929617
2496 0.0005 -0.24699999999929756
2497 0.0005 -0.24749999999929884
2498 0.0005 -0.24799999999930022
2499 0.0005 -0.2484999999993016
2500 0.0005 -0.2489999999993031
2501 0.0005 -0.2494999999993045
2502 0.0005 -0.24999999999930578
2503 0.0005 -0.25049999999930717
2504 0.0005 -0.25099999999930855
2505 0.0005 -0.25149999999931005
2506 0.0005 -0.25199999999931144
2507 0.0005 -0.25249999999931283
2508 0.0005 -0.2529999999993141
2509 0.0005 -0.2534999999993155
2510 0.0005 -0.2539999999993169
2511 0.0005 -0.2544999999993184
2512 0.0005 -0.25499999999931977
2513 0.0005 -0.25549999999932105
2514 0.0005 -0.25599999999932244
2515 0.0005 -0.2564999999993238
2516 0.0005 -0.2569999999993253
2517 0.0005 -0.2574999999993267
2518 0.0005 -0.2579999999993281
2519 0.0005 -0.2584999999993294
2520 0.0005 -0.25899999999933077
2521 0.0005 -0.25949999999933215
2522 0.0005 -0.25999999999933365
2523 0.0005 -0.26049999999933504
2524 0.0005 -0.26099999999933643
2525 0.0005 -0.2614999999993377
2526 0.0005 -0.2619999999993391
2527 0.0005 -0.2624999999993406
2528 0.0005 -0.262999999999342
2529 0.0005 -0.26349999999934337
2530 0.0005 -0.26399999999934465
2531 0.0005 -0.26449999999934604
2532 0.0005 -0.2649999999993474
2533 0.0005 -0.2654999999993489
2534 0.0005 -0.2659999999993503
2535 0.0005 -0.2664999999993517
2536 0.0005 -0.266999999999353
2537 0.0005 -0.26749999999935437
2538 0.0005 -0.26799999999935586
2539 0.0005 -0.26849999999935725
2540 0.0005 -0.26899999999935864
2541 0.0005 -0.2694999999993599
2542 0.0005 -0.2699999999993613
2543 0.0005 -0.2704999999993627
2544 0.0005 -0.2709999999993642
2545 0.0005 -0.2714999999993656
2546 0.0005 -0.27199999999936697
2547 0.0005 -0.27249999999936825
2548 0.0005 -0.27299999999936964
2549 0.0005 -0.273499999999371
2550 0.0005 -0.2739999999993725
2551 0.0005 -0.2744999999993739
2552 0.0005 -0.2749999999993753
2553 0.0005 -0.2754999999993766
2554 0.0005 -0.27599999999937797
2555 0.0005 -0.27649999999937946
2556 0.0005 -0.27699999999938085
2557 0.0005 -0.27749999999938224
2558 0.0005 -0.2779999999993835
2559 0.0005 -0.2784999999993849
2560 0.0005 -0.2789999999993863
2561 0.0005 -0.2794999999993878
2562 0.0005 -0.2799999999993892
2563 0.0005 -0.28049999999939057
2564 0.0005 -0.28099999999939185
2565 0.0005 -0.28149999999939324
2566 0.0005 -0.28199999999939473
2567 0.0005 -0.2824999999993961
2568 0.0005 -0.2829999999993975
2569 0.0005 -0.2834999999993988
2570 0.0005 -0.2839999999994002
2571 0.0005 -0.28449999999940156
2572 0.0005 -0.28499999999940306
2573 0.0005 -0.28549999999940445
2574 0.0005 -0.28599999999940584
2575 0.0005 -0.2864999999994071
2576 0.0005 -0.2869999999994085
2577 0.0005 -0.28749999999941
2578 0.0005 -0.2879999999994114
2579 0.0005 -0.2884999999994128
2580 0.0005 -0.28899999999941417
2581 0.0005 -0.28949999999941545
2582 0.0005 -0.28999999999941684
2583 0.0005 -0.29049999999941833
2584 0.0005 -0.2909999999994197
2585 0.0005 -0.2914999999994211
2586 0.0005 -0.2919999999994224
2587 0.0005 -0.2924999999994238
2588 0.0005 -0.2929999999994253
2589 0.0005 -0.29349999999942666
2590 0.0005 -0.29399999999942805
2591 0.0005 -0.29449999999942944
2592 0.0005 -0.2949999999994307
2593 0.0005 -0.2954999999994321
2594 0.0005 -0.2959999999994336
2595 0.0005 -0.296499999999435
2596 0.0005 -0.2969999999994364
2597 0.0005 -0.29749999999943766
2598 0.0005 -0.29799999999943905
2599 0.0005 -0.29849999999944055
2600 0.0005 -0.29899999999944193
2601 0.0005 -0.2994999999994433
2602 0.0005 -0.2999999999994447
2603 0.0005 -0.300499999999446
2604 0.0005 -0.3009999999994474
2605 0.0005 -0.3014999999994489
2606 0.0005 -0.30199999999945026
2607 0.0005 -0.30249999999945165
2608 0.0005 -0.30299999999945293
2609 0.0005 -0.3034999999994543
2610 0.0005 -0.3039999999994558
2611 0.0005 -0.3044999999994572
2612 0.0005 -0.3049999999994586
2613 0.0005 -0.30549999999946
2614 0.0005 -0.30599999999946126
2615 0.0005 -0.30649999999946265
2616 0.0005 -0.30699999999946415
2617 0.0005 -0.30749999999946553
2618 0.0005 -0.3079999999994669
2619 0.0005 -0.3084999999994683
2620 0.0005 -0.3089999999994696
2621 0.0005 -0.309499999999471
2622 0.0005 -0.3099999999994725
2623 0.0005 -0.31049999999947386
2624 0.0005 -0.31099999999947525
2625 0.0005 -0.31149999999947653
2626 0.0005 -0.3119999999994779
2627 0.0005 -0.3124999999994794
2628 0.0005 -0.3129999999994808
2629 0.0005 -0.3134999999994822
2630 0.0005 -0.3139999999994836
2631 0.0005 -0.31449999999948486
2632 0.0005 -0.31499999999948625
2633 0.0005 -0.31549999999948775
2634 0.0005 -0.31599999999948913
2635 0.0005 -0.3164999999994905
2636 0.0005 -0.3169999999994918
2637 0.0005 -0.3174999999994932
2638 0.0005 -0.3179999999994947
2639 0.0005 -0.3184999999994961
2640 0.0005 -0.31899999999949746
2641 0.0005 -0.31949999999949885
2642 0.0005 -0.31999999999950013
2643 0.0005 -0.3204999999995015
2644 0.0005 -0.320999999999503
2645 0.0005 -0.3214999999995044
2646 0.0005 -0.3219999999995058
2647 0.0005 -0.3224999999995072
2648 0.0005 -0.32299999999950846
2649 0.0005 -0.32349999999950996
2650 0.0005 -0.32399999999951135
2651 0.0005 -0.32449999999951273
2652 0.0005 -0.3249999999995141
2653 0.0005 -0.3254999999995154
2654 0.0005 -0.3259999999995168
2655 0.0005 -0.3264999999995183
2656 0.0005 -0.3269999999995197
2657 0.0005 -0.32749999999952106
2658 0.0005 -0.32799999999952245
2659 0.0005 -0.32849999999952373
2660 0.0005 -0.32899999999952523
2661 0.0005 -0.3294999999995266
2662 0.0005 -0.329999999999528
2663 0.0005 -0.3304999999995294
2664 0.0005 -0.33099999999953067
2665 0.0005 -0.33149999999953206
2666 0.0005 -0.33199999999953356
2667 0.0005 -0.33249999999953495
2668 0.0005 -0.33299999999953633
2669 0.0005 -0.3334999999995377
2670 0.0005 -0.333999999999539
2671 0.0005 -0.3344999999995405
2672 0.0005 -0.3349999999995419
2673 0.0005 -0.3354999999995433
2674 0.0005 -0.33599999999954466
2675 0.0005 -0.33649999999954605
2676 0.0005 -0.33699999999954733
2677 0.0005 -0.3374999999995488
2678 0.0005 -0.3379999999995502
2679 0.0005 -0.3384999999995516
2680 0.0005 -0.338999999999553
2681 0.0005 -0.33949999999955427
2682 0.0005 -0.33999999999955577
2683 0.0005 -0.34049999999955716
2684 0.0005 -0.34099999999955855
2685 0.0005 -0.34149999999955993
2686 0.0005 -0.3419999999995613
2687 0.0005 -0.3424999999995626
2688 0.0005 -0.3429999999995641
2689 0.0005 -0.3434999999995655
2690 0.0005 -0.3439999999995669
2691 0.0005 -0.34449999999956826
2692 0.0005 -0.34499999999956954
2693 0.0005 -0.34549999999957104
2694 0.0005 -0.3459999999995724
2695 0.0005 -0.3464999999995738
2696 0.0005 -0.3469999999995752
2697 0.0005 -0.3474999999995766
2698 0.0005 -0.34799999999957787
2699 0.0005 -0.34849999999957937
2700 0.0005 -0.34899999999958076
2701 0.0005 -0.34949999999958214
2702 0.0005 -0.34999999999958353
2703 0.0005 -0.3504999999995848
2704 0.0005 -0.3509999999995862
2705 0.0005 -0.3514999999995877
2706 0.0005 -0.3519999999995891
2707 0.0005 -0.3524999999995905
2708 0.0005 -0.35299999999959186
2709 0.0005 -0.35349999999959314
2710 0.0005 -0.35399999999959464
2711 0.0005 -0.354499999999596
2712 0.0005 -0.3549999999995974
2713 0.0005 -0.3554999999995988
2714 0.0005 -0.3559999999996002
2715 0.0005 -0.35649999999960147
2716 0.0005 -0.35699999999960297
2717 0.0005 -0.35749999999960436
2718 0.0005 -0.35799999999960574
2719 0.0005 -0.35849999999960713
2720 0.0005 -0.3589999999996084
2721 0.0005 -0.3594999999996099
2722 0.0005 -0.3599999999996113
2723 0.0005 -0.3604999999996127
2724 0.0005 -0.3609999999996141
2725 0.0005 -0.36149999999961546
2726 0.0005 -0.36199999999961674
2727 0.0005 -0.36249999999961824
2728 0.0005 -0.3629999999996196
2729 0.0005 -0.363499999999621
2730 0.0005 -0.3639999999996224
2731 0.0005 -0.3644999999996237
2732 0.0005 -0.3649999999996252
2733 0.0005 -0.36549999999962657
2734 0.0005 -0.36599999999962796
2735 0.0005 -0.36649999999962934
2736 0.0005 -0.36699999999963073
2737 0.0005 -0.367499999999632
2738 0.0005 -0.3679999999996335
2739 0.0005 -0.3684999999996349
2740 0.0005 -0.3689999999996363
2741 0.0005 -0.3694999999996377
2742 0.0005 -0.36999999999963906
2743 0.0005 -0.37049999999964045
2744 0.0005 -0.37099999999964184
2745 0.0005 -0.3714999999996432
2746 0.0005 -0.3719999999996446
2747 0.0005 -0.372499999999646
2748 0.0005 -0.3729999999996473
2749 0.0005 -0.3734999999996488
2750 0.0005 -0.37399999999965017
2751 0.0005 -0.37449999999965156
2752 0.0005 -0.37499999999965294
2753 0.0005 -0.37549999999965433
2754 0.0005 -0.3759999999996557
2755 0.0005 -0.3764999999996571
2756 0.0005 -0.3769999999996585
2757 0.0005 -0.3774999999996599
2758 0.0005 -0.3779999999996613
2759 0.0005 -0.37849999999966255
2760 0.0005 -0.37899999999966405
2761 0.0005 -0.37949999999966544
2762 0.0005 -0.3799999999996668
2763 0.0005 -0.3804999999996682
2764 0.0005 -0.3809999999996696
2765 0.0005 -0.381499999999671
2766 0.0005 -0.3819999999996724
2767 0.0005 -0.38249999999967377
2768 0.0005 -0.38299999999967516
2769 0.0005 -0.38349999999967654
2770 0.0005 -0.38399999999967793
2771 0.0005 -0.3844999999996793
2772 0.0005 -0.3849999999996807
2773 0.0005 -0.3854999999996821
2774 0.0005 -0.3859999999996835
2775 0.0005 -0.3864999999996849
2776 0.0005 -0.38699999999968615
2777 0.0005 -0.38749999999968765
2778 0.0005 -0.38799999999968904
2779 0.0005 -0.3884999999996904
2780 0.0005 -0.3889999999996918
2781 0.0005 -0.3894999999996932
2782 0.0005 -0.3899999999996946
2783 0.0005 -0.390499999999696
2784 0.0005 -0.39099999999969737
2785 0.0005 -0.39149999999969876
2786 0.0005 -0.39199999999970014
2787 0.0005 -0.3924999999997014
2788 0.0005 -0.3929999999997029
2789 0.0005 -0.3934999999997043
2790 0.0005 -0.3939999999997057
2791 0.0005 -0.3944999999997071
2792 0.0005 -0.3949999999997085
2793 0.0005 -0.39549999999970986
2794 0.0005 -0.39599999999971125
2795 0.0005 -0.39649999999971264
2796 0.0005 -0.396999999999714
2797 0.0005 -0.3974999999997154
2798 0.0005 -0.3979999999997167
2799 0.0005 -0.3984999999997182
2800 0.0005 -0.3989999999997196
2801 0.0005 -0.39949999999972097
2802 0.0005 -0.39999999999972236
2803 0.0005 -0.40049999999972374
2804 0.0005 -0.40099999999972513
2805 0.0005 -0.4014999999997265
2806 0.0005 -0.4019999999997279
2807 0.0005 -0.4024999999997293
2808 0.0005 -0.4029999999997307
2809 0.0005 -0.4034999999997321
2810 0.0005 -0.40399999999973346
2811 0.0005 -0.40449999999973485
2812 0.0005 -0.40499999999973624
2813 0.0005 -0.4054999999997376
2814 0.0005 -0.405999999999739
2815 0.0005 -0.4064999999997404
2816 0.0005 -0.4069999999997418
2817 0.0005 -0.4074999999997432
2818 0.0005 -0.40799999999974457
2819 0.0005 -0.40849999999974596
2820 0.0005 -0.40899999999974734
2821 0.0005 -0.40949999999974873
2822 0.0005 -0.4099999999997501
2823 0.0005 -0.4104999999997515
2824 0.0005 -0.4109999999997529
2825 0.0005 -0.4114999999997543
2826 0.0005 -0.4119999999997558
2827 0.0005 -0.41249999999975706
2828 0.0005 -0.41299999999975845
2829 0.0005 -0.41349999999975984
2830 0.0005 -0.4139999999997612
2831 0.0005 -0.4144999999997626
2832 0.0005 -0.414999999999764
2833 0.0005 -0.4154999999997654
2834 0.0005 -0.4159999999997668
2835 0.0005 -0.41649999999976817
2836 0.0005 -0.41699999999976956
2837 0.0005 -0.41749999999977105
2838 0.0005 -0.41799999999977233
2839 0.0005 -0.4184999999997737
2840 0.0005 -0.4189999999997751
2841 0.0005 -0.4194999999997765
2842 0.0005 -0.4199999999997779
2843 0.0005 -0.4204999999997793
2844 0.0005 -0.42099999999978066
2845 0.0005 -0.42149999999978205
2846 0.0005 -0.42199999999978344
2847 0.0005 -0.4224999999997848
2848 0.0005 -0.4229999999997863
2849 0.0005 -0.4234999999997876
2850 0.0005 -0.423999999999789
2851 0.0005 -0.4244999999997904
2852 0.0005 -0.42499999999979177
2853 0.0005 -0.42549999999979315
2854 0.0005 -0.42599999999979454
2855 0.0005 -0.42649999999979593
2856 0.0005 -0.4269999999997973
2857 0.0005 -0.4274999999997987
2858 0.0005 -0.4279999999998001
2859 0.0005 -0.4284999999998015
2860 0.0005 -0.4289999999998029
2861 0.0005 -0.42949999999980426
2862 0.0005 -0.42999999999980565
2863 0.0005 -0.43049999999980704
2864 0.0005 -0.4309999999998084
2865 0.0005 -0.4314999999998099
2866 0.0005 -0.4319999999998112
2867 0.0005 -0.4324999999998126
2868 0.0005 -0.432999999999814
2869 0.0005 -0.43349999999981537
2870 0.0005 -0.43399999999981675
2871 0.0005 -0.43449999999981814
2872 0.0005 -0.43499999999981953
2873 0.0005 -0.4354999999998209
2874 0.0005 -0.4359999999998223
2875 0.0005 -0.4364999999998237
2876 0.0005 -0.4369999999998252
2877 0.0005 -0.43749999999982647
2878 0.0005 -0.43799999999982786
2879 0.0005 -0.43849999999982925
2880 0.0005 -0.43899999999983064
2881 0.0005 -0.439499999999832
2882 0.0005 -0.4399999999998334
2883 0.0005 -0.4404999999998348
2884 0.0005 -0.4409999999998362
2885 0.0005 -0.4414999999998376
2886 0.0005 -0.44199999999983897
2887 0.0005 -0.44249999999984047
2888 0.0005 -0.44299999999984174
2889 0.0005 -0.44349999999984313
2890 0.0005 -0.4439999999998445
2891 0.0005 -0.4444999999998459
2892 0.0005 -0.4449999999998473
2893 0.0005 -0.4454999999998488
2894 0.0005 -0.44599999999985007
2895 0.0005 -0.44649999999985146
2896 0.0005 -0.44699999999985285
2897 0.0005 -0.44749999999985424
2898 0.0005 -0.44799999999985574
2899 0.0005 -0.448499999999857
2900 0.0005 -0.4489999999998584
2901 0.0005 -0.4494999999998598
2902 0.0005 -0.4499999999998612
2903 0.0005 -0.45049999999986257
2904 0.0005 -0.45099999999986407
2905 0.0005 -0.45149999999986534
2906 0.0005 -0.45199999999986673
2907 0.0005 -0.4524999999998681
2908 0.0005 -0.4529999999998695
2909 0.0005 -0.453499999999871
2910 0.0005 -0.4539999999998723
2911 0.0005 -0.45449999999987367
2912 0.0005 -0.45499999999987506
2913 0.0005 -0.45549999999987645
2914 0.0005 -0.45599999999987784
2915 0.0005 -0.45649999999987934
2916 0.0005 -0.4569999999998806
2917 0.0005 -0.457499999999882
2918 0.0005 -0.4579999999998834
2919 0.0005 -0.4584999999998848
2920 0.0005 -0.4589999999998863
2921 0.0005 -0.45949999999988766
2922 0.0005 -0.45999999999988894
2923 0.0005 -0.46049999999989033
2924 0.0005 -0.4609999999998917
2925 0.0005 -0.4614999999998931
2926 0.0005 -0.4619999999998946
2927 0.0005 -0.4624999999998959
2928 0.0005 -0.46299999999989727
2929 0.0005 -0.46349999999989866
2930 0.0005 -0.46399999999990005
2931 0.0005 -0.46449999999990155
2932 0.0005 -0.46499999999990294
2933 0.0005 -0.4654999999999042
2934 0.0005 -0.4659999999999056
2935 0.0005 -0.466499999999907
2936 0.0005 -0.4669999999999084
2937 0.0005 -0.4674999999999099
2938 0.0005 -0.46799999999991115
2939 0.0005 -0.46849999999991254
2940 0.0005 -0.46899999999991393
2941 0.0005 -0.4694999999999153
2942 0.0005 -0.4699999999999167
2943 0.0005 -0.4704999999999182
2944 0.0005 -0.4709999999999195
2945 0.0005 -0.47149999999992087
2946 0.0005 -0.47199999999992226
2947 0.0005 -0.47249999999992365
2948 0.0005 -0.47299999999992515
2949 0.0005 -0.4734999999999264
2950 0.0005 -0.4739999999999278
2951 0.0005 -0.4744999999999292
2952 0.0005 -0.4749999999999306
2953 0.0005 -0.475499999999932
2954 0.0005 -0.4759999999999335
2955 0.0005 -0.47649999999993475
2956 0.0005 -0.47699999999993614
2957 0.0005 -0.47749999999993753
2958 0.0005 -0.4779999999999389
2959 0.0005 -0.4784999999999404
2960 0.0005 -0.4789999999999418
2961 0.0005 -0.4794999999999431
2962 0.0005 -0.47999999999994447
2963 0.0005 -0.48049999999994586
2964 0.0005 -0.48099999999994725
2965 0.0005 -0.48149999999994875
2966 0.0005 -0.48199999999995
2967 0.0005 -0.4824999999999514
2968 0.0005 -0.4829999999999528
2969 0.0005 -0.4834999999999542
2970 0.0005 -0.4839999999999557
2971 0.0005 -0.4844999999999571
2972 0.0005 -0.48499999999995835
2973 0.0005 -0.48549999999995974
2974 0.0005 -0.48599999999996113
2975 0.0005 -0.4864999999999625
2976 0.0005 -0.486999999999964
2977 0.0005 -0.4874999999999653
2978 0.0005 -0.4879999999999667
2979 0.0005 -0.48849999999996807
2980 0.0005 -0.48899999999996946
2981 0.0005 -0.48949999999997096
2982 0.0005 -0.48999999999997235
2983 0.0005 -0.4904999999999736
2984 0.0005 -0.490999999999975
2985 0.0005 -0.4914999999999764
2986 0.0005 -0.4919999999999778
2987 0.0005 -0.4924999999999793
2988 0.0005 -0.4929999999999807
2989 0.0005 -0.49349999999998195
2990 0.0005 -0.49399999999998334
2991 0.0005 -0.49449999999998473
2992 0.0005 -0.49499999999998623
2993 0.0005 -0.4954999999999876
2994 0.0005 -0.4959999999999889
2995 0.0005 -0.4964999999999903
2996 0.0005 -0.49699999999999167
2997 0.0005 -0.49749999999999306
2998 0.0005 -0.49799999999999456
2999 0.0005 -0.49849999999999595
3000 0.0005 -0.4989999999999972
3001 0.0005 -0.4994999999999986
3002 0.0005 -0.5
3003 1.2809848667916235e-15 -0.5
3004 -0.0005 -0.5
3005 -0.0005 -0.4995000000000014
3006 -0.0005 -0.4990000000000028
3007 -0.0005 -0.49850000000000416
3008 -0.0005 -0.49800000000000555
3009 -0.0005 -0.49750000000000694
3010 -0.0005 -0.4970000000000083
3011 -0.0005 -0.4965000000000097
3012 -0.0005 -0.4960000000000111
3013 -0.0005 -0.4955000000000125
3014 -0.0005 -0.4950000000000139
3015 -0.0005 -0.49450000000001526
3016 -0.0005 -0.49400000000001665
3017 -0.0005 -0.49350000000001804
3018 -0.0005 -0.4930000000000194
3019 -0.0005 -0.4925000000000208
3020 -0.0005 -0.4920000000000222
3021 -0.0005 -0.4915000000000236
3022 -0.0005 -0.491000000000025
3023 -0.0005 -0.4905000000000264
3024 -0.0005 -0.4900000000000278
3025 -0.0005 -0.4895000000000292
3026 -0.0005 -0.4890000000000306
3027 -0.0005 -0.48850000000003196
3028 -0.0005 -0.48800000000003335
3029 -0.0005 -0.48750000000003474
3030 -0.0005 -0.4870000000000361
3031 -0.0005 -0.4865000000000375
3032 -0.0005 -0.4860000000000389
3033 -0.0005 -0.4855000000000403
3034 -0.0005 -0.4850000000000417
3035 -0.0005 -0.48450000000004306
3036 -0.0005 -0.48400000000004445
3037 -0.0005 -0.48350000000004584
3038 -0.0005 -0.4830000000000472
3039 -0.0005 -0.4825000000000486
3040 -0.0005 -0.48200000000005
3041 -0.0005 -0.4815000000000514
3042 -0.0005 -0.4810000000000528
3043 -0.0005 -0.48050000000005416
3044 -0.0005 -0.48000000000005555
3045 -0.0005 -0.47950000000005694
3046 -0.0005 -0.4790000000000583
3047 -0.0005 -0.4785000000000597
3048 -0.0005 -0.4780000000000611
3049 -0.0005 -0.4775000000000625
3050 -0.0005 -0.4770000000000639
3051 -0.0005 -0.47650000000006526
3052 -0.0005 -0.47600000000006665
3053 -0.0005 -0.4755000000000681
3054 -0.0005 -0.4750000000000695
3055 -0.0005 -0.47450000000007087
3056 -0.0005 -0.47400000000007225
3057 -0.0005 -0.47350000000007364
3058 -0.0005 -0.473000000000075
3059 -0.0005 -0.4725000000000764
3060 -0.0005 -0.4720000000000778
3061 -0.0005 -0.4715000000000792
3062 -0.0005 -0.4710000000000806
3063 -0.0005 -0.47050000000008196
3064 -0.0005 -0.47000000000008335
3065 -0.0005 -0.46950000000008474
3066 -0.0005 -0.4690000000000861
3067 -0.0005 -0.4685000000000875
3068 -0.0005 -0.4680000000000889
3069 -0.0005 -0.4675000000000903
3070 -0.0005 -0.4670000000000917
3071 -0.0005 -0.46650000000009306
3072 -0.0005 -0.46600000000009445
3073 -0.0005 -0.46550000000009584
3074 -0.0005 -0.4650000000000972
3075 -0.0005 -0.4645000000000986
3076 -0.0005 -0.4640000000001
3077 -0.0005 -0.4635000000001014
3078 -0.0005 -0.4630000000001028
3079 -0.0005 -0.46250000000010416
3080 -0.0005 -0.46200000000010555
3081 -0.0005 -0.46150000000010694
3082 -0.0005 -0.4610000000001083
3083 -0.0005 -0.4605000000001097
3084 -0.0005 -0.4600000000001111
3085 -0.0005 -0.4595000000001125
3086 -0.0005 -0.4590000000001139
3087 -0.0005 -0.45850000000011526
3088 -0.0005 -0.45800000000011665
3089 -0.0005 -0.45750000000011803
3090 -0.0005 -0.4570000000001194
3091 -0.0005 -0.45650000000012086
3092 -0.0005 -0.45600000000012225
3093 -0.0005 -0.45550000000012364
3094 -0.0005 -0.455000000000125
3095 -0.0005 -0.4545000000001264
3096 -0.0005 -0.4540000000001278
3097 -0.0005 -0.4535000000001292
3098 -0.0005 -0.4530000000001306
3099 -0.0005 -0.45250000000013196
3100 -0.0005 -0.45200000000013335
3101 -0.0005 -0.45150000000013474
3102 -0.0005 -0.4510000000001361
3103 -0.0005 -0.4505000000001375
3104 -0.0005 -0.4500000000001389
3105 -0.0005 -0.4495000000001403
3106 -0.0005 -0.4490000000001417
3107 -0.0005 -0.44850000000014306
3108 -0.0005 -0.44800000000014445
3109 -0.0005 -0.44750000000014584
3110 -0.0005 -0.4470000000001472
3111 -0.0005 -0.4465000000001486
3112 -0.0005 -0.44600000000015
3113 -0.0005 -0.4455000000001514
3114 -0.0005 -0.4450000000001528
3115 -0.0005 -0.44450000000015416
3116 -0.0005 -0.44400000000015555
3117 -0.0005 -0.443500000000157
3118 -0.0005 -0.4430000000001584
3119 -0.0005 -0.44250000000015977
3120 -0.0005 -0.44200000000016115
3121 -0.0005 -0.44150000000016254
3122 -0.0005 -0.4410000000001639
3123 -0.0005 -0.4405000000001653
3124 -0.0005 -0.4400000000001667
3125 -0.0005 -0.4395000000001681
3126 -0.0005 -0.4390000000001695
3127 -0.0005 -0.43850000000017086
3128 -0.0005 -0.43800000000017225
3129 -0.0005 -0.43750000000017364
3130 -0.0005 -0.437000000000175
3131 -0.0005 -0.4365000000001764
3132 -0.0005 -0.4360000000001778
3133 -0.0005 -0.4355000000001792
3134 -0.0005 -0.4350000000001806
3135 -0.0005 -0.43450000000018196
3136 -0.0005 -0.43400000000018335
3137 -0.0005 -0.43350000000018474
3138 -0.0005 -0.4330000000001861
3139 -0.0005 -0.4325000000001875
3140 -0.0005 -0.4320000000001889
3141 -0.0005 -0.4315000000001903
3142 -0.0005 -0.4310000000001917
3143 -0.0005 -0.43050000000019306
3144 -0.0005 -0.43000000000019445
3145 -0.0005 -0.42950000000019584
3146 -0.0005 -0.4290000000001972
3147 -0.0005 -0.4285000000001986
3148 -0.0005 -0.4280000000002
3149 -0.0005 -0.4275000000002014
3150 -0.0005 -0.4270000000002028
3151 -0.0005 -0.4265000000002042
3152 -0.0005 -0.4260000000002056
3153 -0.0005 -0.425500000000207
3154 -0.0005 -0.4250000000002084
3155 -0.0005 -0.42450000000020977
3156 -0.0005 -0.42400000000021115
3157 -0.0005 -0.42350000000021254
3158 -0.0005 -0.4230000000002139
3159 -0.0005 -0.4225000000002153
3160 -0.0005 -0.4220000000002167
3161 -0.0005 -0.4215000000002181
3162 -0.0005 -0.4210000000002195
3163 -0.0005 -0.42050000000022086
3164 -0.0005 -0.42000000000022225
3165 -0.0005 -0.41950000000022364
3166 -0.0005 -0.419000000000225
3167 -0.0005 -0.4185000000002264
3168 -0.0005 -0.4180000000002278
3169 -0.0005 -0.4175000000002292
3170 -0.0005 -0.4170000000002306
3171 -0.0005 -0.416500000000232
3172 -0.0005 -0.41600000000023335
3173 -0.0005 -0.4155000000002348
3174 -0.0005 -0.4150000000002361
3175 -0.0005 -0.41450000000023757
3176 -0.0005 -0.4140000000002389
3177 -0.0005 -0.41350000000024034
3178 -0.0005 -0.41300000000024173
3179 -0.0005 -0.4125000000002431
3180 -0.0005 -0.4120000000002445
3181 -0.0005 -0.4115000000002459
3182 -0.0005 -0.4110000000002473
3183 -0.0005 -0.41050000000024867
3184 -0.0005 -0.41000000000025005
3185 -0.0005 -0.40950000000025144
3186 -0.0005 -0.40900000000025283
3187 -0.0005 -0.4085000000002542
3188 -0.0005 -0.4080000000002556
3189 -0.0005 -0.407500000000257
3190 -0.0005 -0.4070000000002584
3191 -0.0005 -0.40650000000025976
3192 -0.0005 -0.40600000000026115
3193 -0.0005 -0.40550000000026254
3194 -0.0005 -0.4050000000002639
3195 -0.0005 -0.4045000000002653
3196 -0.0005 -0.4040000000002667
3197 -0.0005 -0.4035000000002681
3198 -0.0005 -0.4030000000002695
3199 -0.0005 -0.40250000000027086
3200 -0.0005 -0.40200000000027225
3201 -0.0005 -0.40150000000027364
3202 -0.0005 -0.401000000000275
3203 -0.0005 -0.4005000000002764
3204 -0.0005 -0.4000000000002778
3205 -0.0005 -0.3995000000002792
3206 -0.0005 -0.3990000000002806
3207 -0.0005 -0.39850000000028196
3208 -0.0005 -0.39800000000028335
3209 -0.0005 -0.39750000000028474
3210 -0.0005 -0.3970000000002861
3211 -0.0005 -0.39650000000028757
3212 -0.0005 -0.3960000000002889
3213 -0.0005 -0.39550000000029034
3214 -0.0005 -0.3950000000002917
3215 -0.0005 -0.3945000000002931
3216 -0.0005 -0.3940000000002945
3217 -0.0005 -0.3935000000002959
3218 -0.0005 -0.3930000000002973
3219 -0.0005 -0.39250000000029867
3220 -0.0005 -0.39200000000030005
3221 -0.0005 -0.39150000000030144
3222 -0.0005 -0.3910000000003028
3223 -0.0005 -0.3905000000003042
3224 -0.0005 -0.3900000000003056
3225 -0.0005 -0.389500000000307
3226 -0.0005 -0.3890000000003084
3227 -0.0005 -0.38850000000030976
3228 -0.0005 -0.38800000000031115
3229 -0.0005 -0.38750000000031254
3230 -0.0005 -0.3870000000003139
3231 -0.0005 -0.3865000000003153
3232 -0.0005 -0.3860000000003167
3233 -0.0005 -0.3855000000003181
3234 -0.0005 -0.38500000000031953
3235 -0.0005 -0.3845000000003209
3236 -0.0005 -0.3840000000003223
3237 -0.0005 -0.3835000000003237
3238 -0.0005 -0.3830000000003251
3239 -0.0005 -0.38250000000032647
3240 -0.0005 -0.38200000000032786
3241 -0.0005 -0.38150000000032924
3242 -0.0005 -0.38100000000033063
3243 -0.0005 -0.380500000000332
3244 -0.0005 -0.3800000000003334
3245 -0.0005 -0.3795000000003348
3246 -0.0005 -0.3790000000003362
3247 -0.0005 -0.37850000000033757
3248 -0.0005 -0.37800000000033895
3249 -0.0005 -0.37750000000034034
3250 -0.0005 -0.37700000000034173
3251 -0.0005 -0.3765000000003431
3252 -0.0005 -0.3760000000003445
3253 -0.0005 -0.3755000000003459
3254 -0.0005 -0.3750000000003473
3255 -0.0005 -0.37450000000034867
3256 -0.0005 -0.37400000000035005
3257 -0.0005 -0.37350000000035144
3258 -0.0005 -0.3730000000003528
3259 -0.0005 -0.3725000000003542
3260 -0.0005 -0.3720000000003556
3261 -0.0005 -0.371500000000357
3262 -0.0005 -0.3710000000003584
3263 -0.0005 -0.37050000000035976
3264 -0.0005 -0.37000000000036115
3265 -0.0005 -0.36950000000036254
3266 -0.0005 -0.3690000000003639
3267 -0.0005 -0.3685000000003653
3268 -0.0005 -0.3680000000003667
3269 -0.0005 -0.3675000000003681
3270 -0.0005 -0.3670000000003695
3271 -0.0005 -0.36650000000037086
3272 -0.0005 -0.36600000000037225
3273 -0.0005 -0.36550000000037364
3274 -0.0005 -0.365000000000375
3275 -0.0005 -0.3645000000003764
3276 -0.0005 -0.3640000000003778
3277 -0.0005 -0.3635000000003792
3278 -0.0005 -0.3630000000003806
3279 -0.0005 -0.36250000000038196
3280 -0.0005 -0.3620000000003834
3281 -0.0005 -0.3615000000003848
3282 -0.0005 -0.3610000000003861
3283 -0.0005 -0.3605000000003875
3284 -0.0005 -0.36000000000038895
3285 -0.0005 -0.35950000000039034
3286 -0.0005 -0.3590000000003917
3287 -0.0005 -0.35850000000039306
3288 -0.0005 -0.3580000000003945
3289 -0.0005 -0.3575000000003959
3290 -0.0005 -0.3570000000003973
3291 -0.0005 -0.35650000000039866
3292 -0.0005 -0.35600000000040005
3293 -0.0005 -0.35550000000040144
3294 -0.0005 -0.3550000000004028
3295 -0.0005 -0.35450000000040427
3296 -0.0005 -0.3540000000004056
3297 -0.0005 -0.353500000000407
3298 -0.0005 -0.35300000000040843
3299 -0.0005 -0.3525000000004098
3300 -0.0005 -0.3520000000004112
3301 -0.0005 -0.35150000000041254
3302 -0.0005 -0.351000000000414
3303 -0.0005 -0.35050000000041537
3304 -0.0005 -0.35000000000041676
3305 -0.0005 -0.3495000000004181
3306 -0.0005 -0.34900000000041953
3307 -0.0005 -0.3485000000004209
3308 -0.0005 -0.3480000000004223
3309 -0.0005 -0.3475000000004237
3310 -0.0005 -0.3470000000004251
3311 -0.0005 -0.34650000000042647
3312 -0.0005 -0.34600000000042785
3313 -0.0005 -0.34550000000042924
3314 -0.0005 -0.34500000000043063
3315 -0.0005 -0.344500000000432
3316 -0.0005 -0.3440000000004334
3317 -0.0005 -0.3435000000004348
3318 -0.0005 -0.3430000000004362
3319 -0.0005 -0.34250000000043757
3320 -0.0005 -0.34200000000043895
3321 -0.0005 -0.34150000000044034
3322 -0.0005 -0.3410000000004417
3323 -0.0005 -0.3405000000004431
3324 -0.0005 -0.3400000000004445
3325 -0.0005 -0.3395000000004459
3326 -0.0005 -0.3390000000004473
3327 -0.0005 -0.33850000000044866
3328 -0.0005 -0.33800000000045005
3329 -0.0005 -0.33750000000045144
3330 -0.0005 -0.3370000000004528
3331 -0.0005 -0.3365000000004542
3332 -0.0005 -0.3360000000004556
3333 -0.0005 -0.335500000000457
3334 -0.0005 -0.3350000000004584
3335 -0.0005 -0.33450000000045976
3336 -0.0005 -0.33400000000046115
3337 -0.0005 -0.33350000000046254
3338 -0.0005 -0.333000000000464
3339 -0.0005 -0.3325000000004653
3340 -0.0005 -0.3320000000004667
3341 -0.0005 -0.3315000000004681
3342 -0.0005 -0.33100000000046953
3343 -0.0005 -0.33050000000047086
3344 -0.0005 -0.33000000000047225
3345 -0.0005 -0.3295000000004737
3346 -0.0005 -0.3290000000004751
3347 -0.0005 -0.32850000000047647
3348 -0.0005 -0.3280000000004778
3349 -0.0005 -0.32750000000047924
3350 -0.0005 -0.32700000000048063
3351 -0.0005 -0.326500000000482
3352 -0.0005 -0.32600000000048346
3353 -0.0005 -0.3255000000004848
3354 -0.0005 -0.3250000000004862
3355 -0.0005 -0.32450000000048757
3356 -0.0005 -0.324000000000489
3357 -0.0005 -0.3235000000004904
3358 -0.0005 -0.3230000000004917
3359 -0.0005 -0.3225000000004931
3360 -0.0005 -0.32200000000049456
3361 -0.0005 -0.32150000000049594
3362 -0.0005 -0.3210000000004973
3363 -0.0005 -0.3205000000004987
3364 -0.0005 -0.3200000000005001
3365 -0.0005 -0.3195000000005015
3366 -0.0005 -0.3190000000005029
3367 -0.0005 -0.31850000000050427
3368 -0.0005 -0.31800000000050566
3369 -0.0005 -0.31750000000050704
3370 -0.0005 -0.31700000000050843
3371 -0.0005 -0.3165000000005098
3372 -0.0005 -0.3160000000005112
3373 -0.0005 -0.3155000000005126
3374 -0.0005 -0.315000000000514
3375 -0.0005 -0.31450000000051537
3376 -0.0005 -0.31400000000051675
3377 -0.0005 -0.31350000000051814
3378 -0.0005 -0.31300000000051953
3379 -0.0005 -0.3125000000005209
3380 -0.0005 -0.3120000000005223
3381 -0.0005 -0.3115000000005237
3382 -0.0005 -0.3110000000005251
3383 -0.0005 -0.31050000000052647
3384 -0.0005 -0.31000000000052785
3385 -0.0005 -0.30950000000052924
3386 -0.0005 -0.30900000000053063
3387 -0.0005 -0.308500000000532
3388 -0.0005 -0.3080000000005334
3389 -0.0005 -0.3075000000005348
3390 -0.0005 -0.3070000000005362
3391 -0.0005 -0.30650000000053756
3392 -0.0005 -0.30600000000053895
3393 -0.0005 -0.30550000000054034
3394 -0.0005 -0.3050000000005417
3395 -0.0005 -0.3045000000005431
3396 -0.0005 -0.3040000000005445
3397 -0.0005 -0.3035000000005459
3398 -0.0005 -0.3030000000005473
3399 -0.0005 -0.3025000000005487
3400 -0.0005 -0.30200000000055005
3401 -0.0005 -0.30150000000055144
3402 -0.0005 -0.3010000000005528
3403 -0.0005 -0.30050000000055427
3404 -0.0005 -0.30000000000055566
3405 -0.0005 -0.299500000000557
3406 -0.0005 -0.2990000000005584
3407 -0.0005 -0.2985000000005598
3408 -0.0005 -0.2980000000005612
3409 -0.0005 -0.2975000000005626
3410 -0.0005 -0.297000000000564
3411 -0.0005 -0.29650000000056537
3412 -0.0005 -0.29600000000056675
3413 -0.0005 -0.29550000000056814
3414 -0.0005 -0.29500000000056953
3415 -0.0005 -0.2945000000005709
3416 -0.0005 -0.2940000000005723
3417 -0.0005 -0.29350000000057375
3418 -0.0005 -0.29300000000057513
3419 -0.0005 -0.29250000000057647
3420 -0.0005 -0.29200000000057785
3421 -0.0005 -0.2915000000005793
3422 -0.0005 -0.2910000000005807
3423 -0.0005 -0.29050000000058207
3424 -0.0005 -0.2900000000005834
3425 -0.0005 -0.28950000000058485
3426 -0.0005 -0.28900000000058623
3427 -0.0005 -0.2885000000005876
3428 -0.0005 -0.288000000000589
3429 -0.0005 -0.2875000000005904
3430 -0.0005 -0.2870000000005918
3431 -0.0005 -0.28650000000059317
3432 -0.0005 -0.28600000000059456
3433 -0.0005 -0.28550000000059594
3434 -0.0005 -0.28500000000059733
3435 -0.0005 -0.2845000000005987
3436 -0.0005 -0.2840000000006001
3437 -0.0005 -0.2835000000006015
3438 -0.0005 -0.2830000000006029
3439 -0.0005 -0.28250000000060427
3440 -0.0005 -0.28200000000060566
3441 -0.0005 -0.28150000000060704
3442 -0.0005 -0.28100000000060843
3443 -0.0005 -0.2805000000006098
3444 -0.0005 -0.2800000000006112
3445 -0.0005 -0.2795000000006126
3446 -0.0005 -0.279000000000614
3447 -0.0005 -0.27850000000061537
3448 -0.0005 -0.27800000000061675
3449 -0.0005 -0.27750000000061814
3450 -0.0005 -0.27700000000061953
3451 -0.0005 -0.2765000000006209
3452 -0.0005 -0.2760000000006223
3453 -0.0005 -0.2755000000006237
3454 -0.0005 -0.2750000000006251
3455 -0.0005 -0.27450000000062647
3456 -0.0005 -0.27400000000062785
3457 -0.0005 -0.27350000000062924
3458 -0.0005 -0.2730000000006306
3459 -0.0005 -0.272500000000632
3460 -0.0005 -0.2720000000006334
3461 -0.0005 -0.27150000000063484
3462 -0.0005 -0.2710000000006362
3463 -0.0005 -0.27050000000063756
3464 -0.0005 -0.270000000000639
3465 -0.0005 -0.2695000000006404
3466 -0.0005 -0.2690000000006418
3467 -0.0005 -0.2685000000006431
3468 -0.0005 -0.26800000000064456
3469 -0.0005 -0.26750000000064594
3470 -0.0005 -0.26700000000064733
3471 -0.0005 -0.2665000000006487
3472 -0.0005 -0.2660000000006501
3473 -0.0005 -0.2655000000006515
3474 -0.0005 -0.2650000000006529
3475 -0.0005 -0.2645000000006543
3476 -0.0005 -0.26400000000065565
3477 -0.0005 -0.26350000000065704
3478 -0.0005 -0.26300000000065843
3479 -0.0005 -0.26250000000065987
3480 -0.0005 -0.26200000000066126
3481 -0.0005 -0.2615000000006626
3482 -0.0005 -0.26100000000066403
3483 -0.0005 -0.2605000000006654
3484 -0.0005 -0.2600000000006668
3485 -0.0005 -0.25950000000066814
3486 -0.0005 -0.2590000000006696
3487 -0.0005 -0.25850000000067097
3488 -0.0005 -0.25800000000067236
3489 -0.0005 -0.25750000000067375
3490 -0.0005 -0.25700000000067513
3491 -0.0005 -0.2565000000006765
3492 -0.0005 -0.2560000000006779
3493 -0.0005 -0.2555000000006793
3494 -0.0005 -0.2550000000006807
3495 -0.0005 -0.25450000000068207
3496 -0.0005 -0.25400000000068346
3497 -0.0005 -0.25350000000068484
3498 -0.0005 -0.25300000000068623
3499 -0.0005 -0.2525000000006876
3500 -0.0005 -0.252000000000689
3501 -0.0005 -0.2515000000006904
3502 -0.0005 -0.2510000000006918
3503 -0.0005 -0.25050000000069317
3504 -0.0005 -0.25000000000069456
3505 -0.0005 -0.24950000000069594
3506 -0.0005 -0.24900000000069733
3507 -0.0005 -0.24850000000069872
3508 -0.0005 -0.2480000000007001
3509 -0.0005 -0.2475000000007015
3510 -0.0005 -0.24700000000070288
3511 -0.0005 -0.24650000000070432
3512 -0.0005 -0.24600000000070565
3513 -0.0005 -0.24550000000070704
3514 -0.0005 -0.24500000000070843
3515 -0.0005 -0.24450000000070987
3516 -0.0005 -0.2440000000007112
3517 -0.0005 -0.24350000000071265
3518 -0.0005 -0.24300000000071398
3519 -0.0005 -0.24250000000071542
3520 -0.0005 -0.2420000000007168
3521 -0.0005 -0.24150000000071814
3522 -0.0005 -0.24100000000071958
3523 -0.0005 -0.24050000000072091
3524 -0.0005 -0.2400000000007223
3525 -0.0005 -0.23950000000072375
3526 -0.0005 -0.23900000000072508
3527 -0.0005 -0.23850000000072652
3528 -0.0005 -0.2380000000007279
3529 -0.0005 -0.23750000000072924
3530 -0.0005 -0.23700000000073068
3531 -0.0005 -0.23650000000073207
3532 -0.0005 -0.2360000000007334
3533 -0.0005 -0.23550000000073484
3534 -0.0005 -0.23500000000073618
3535 -0.0005 -0.23450000000073756
3536 -0.0005 -0.234000000000739
3537 -0.0005 -0.23350000000074034
3538 -0.0005 -0.23300000000074178
3539 -0.0005 -0.23250000000074317
3540 -0.0005 -0.2320000000007445
3541 -0.0005 -0.23150000000074594
3542 -0.0005 -0.23100000000074733
3543 -0.0005 -0.23050000000074866
3544 -0.0005 -0.2300000000007501
3545 -0.0005 -0.2295000000007515
3546 -0.0005 -0.22900000000075282
3547 -0.0005 -0.22850000000075427
3548 -0.0005 -0.2280000000007556
3549 -0.0005 -0.22750000000075704
3550 -0.0005 -0.22700000000075843
3551 -0.0005 -0.22650000000075976
3552 -0.0005 -0.2260000000007612
3553 -0.0005 -0.2255000000007626
3554 -0.0005 -0.22500000000076392
3555 -0.0005 -0.22450000000076537
3556 -0.0005 -0.22400000000076675
3557 -0.0005 -0.22350000000076808
3558 -0.0005 -0.22300000000076953
3559 -0.0005 -0.22250000000077086
3560 -0.0005 -0.2220000000007723
3561 -0.0005 -0.2215000000007737
3562 -0.0005 -0.22100000000077502
3563 -0.0005 -0.22050000000077646
3564 -0.0005 -0.22000000000077785
3565 -0.0005 -0.21950000000077918
3566 -0.0005 -0.21900000000078063
3567 -0.0005 -0.218500000000782
3568 -0.0005 -0.21800000000078334
3569 -0.0005 -0.2175000000007848
3570 -0.0005 -0.21700000000078612
3571 -0.0005 -0.2165000000007875
3572 -0.0005 -0.21600000000078895
3573 -0.0005 -0.21550000000079028
3574 -0.0005 -0.21500000000079172
3575 -0.0005 -0.2145000000007931
3576 -0.0005 -0.21400000000079444
3577 -0.0005 -0.2135000000007959
3578 -0.0005 -0.21300000000079727
3579 -0.0005 -0.2125000000007986
3580 -0.0005 -0.21200000000080005
3581 -0.0005 -0.21150000000080144
3582 -0.0005 -0.21100000000080277
3583 -0.0005 -0.2105000000008042
3584 -0.0005 -0.21000000000080554
3585 -0.0005 -0.20950000000080699
3586 -0.0005 -0.20900000000080837
3587 -0.0005 -0.2085000000008097
3588 -0.0005 -0.20800000000081115
3589 -0.0005 -0.20750000000081253
3590 -0.0005 -0.20700000000081387
3591 -0.0005 -0.2065000000008153
3592 -0.0005 -0.2060000000008167
3593 -0.0005 -0.20550000000081803
3594 -0.0005 -0.20500000000081947
3595 -0.0005 -0.2045000000008208
3596 -0.0005 -0.20400000000082225
3597 -0.0005 -0.20350000000082363
3598 -0.0005 -0.20300000000082496
3599 -0.0005 -0.2025000000008264
3600 -0.0005 -0.2020000000008278
3601 -0.0005 -0.20150000000082913
3602 -0.0005 -0.20100000000083057
3603 -0.0005 -0.20050000000083196
3604 -0.0005 -0.2000000000008333
3605 -0.0005 -0.19950000000083473
3606 -0.0005 -0.19900000000083606
3607 -0.0005 -0.1985000000008375
3608 -0.0005 -0.1980000000008389
3609 -0.0005 -0.19750000000084023
3610 -0.0005 -0.19700000000084167
3611 -0.0005 -0.19650000000084306
3612 -0.0005 -0.1960000000008444
3613 -0.0005 -0.19550000000084583
3614 -0.0005 -0.19500000000084722
3615 -0.0005 -0.19450000000084855
3616 -0.0005 -0.19400000000085
3617 -0.0005 -0.19350000000085138
3618 -0.0005 -0.1930000000008527
3619 -0.0005 -0.19250000000085415
3620 -0.0005 -0.1920000000008555
3621 -0.0005 -0.19150000000085693
3622 -0.0005 -0.19100000000085832
3623 -0.0005 -0.19050000000085965
3624 -0.0005 -0.1900000000008611
3625 -0.0005 -0.18950000000086248
3626 -0.0005 -0.1890000000008638
3627 -0.0005 -0.18850000000086525
3628 -0.0005 -0.18800000000086664
3629 -0.0005 -0.18750000000086797
3630 -0.0005 -0.18700000000086942
3631 -0.0005 -0.18650000000087075
3632 -0.0005 -0.1860000000008722
3633 -0.0005 -0.18550000000087358
3634 -0.0005 -0.1850000000008749
3635 -0.0005 -0.18450000000087635
3636 -0.0005 -0.18400000000087774
3637 -0.0005 -0.18350000000087907
3638 -0.0005 -0.18300000000088051
3639 -0.0005 -0.1825000000008819
3640 -0.0005 -0.18200000000088323
3641 -0.0005 -0.18150000000088468
3642 -0.0005 -0.181000000000886
3643 -0.0005 -0.18050000000088745
3644 -0.0005 -0.18000000000088884
3645 -0.0005 -0.17950000000089017
3646 -0.0005 -0.1790000000008916
3647 -0.0005 -0.178500000000893
3648 -0.0005 -0.17800000000089433
3649 -0.0005 -0.17750000000089577
3650 -0.0005 -0.17700000000089716
3651 -0.0005 -0.1765000000008985
3652 -0.0005 -0.17600000000089994
3653 -0.0005 -0.17550000000090127
3654 -0.0005 -0.1750000000009027
3655 -0.0005 -0.1745000000009041
3656 -0.0005 -0.17400000000090543
3657 -0.0005 -0.17350000000090687
3658 -0.0005 -0.17300000000090826
3659 -0.0005 -0.1725000000009096
3660 -0.0005 -0.17200000000091104
3661 -0.0005 -0.17150000000091242
3662 -0.0005 -0.17100000000091375
3663 -0.0005 -0.1705000000009152
3664 -0.0005 -0.17000000000091658
3665 -0.0005 -0.16950000000091792
3666 -0.0005 -0.16900000000091936
3667 -0.0005 -0.1685000000009207
3668 -0.0005 -0.16800000000092213
3669 -0.0005 -0.16750000000092352
3670 -0.0005 -0.16700000000092485
3671 -0.0005 -0.1665000000009263
3672 -0.0005 -0.16600000000092768
3673 -0.0005 -0.16550000000092902
3674 -0.0005 -0.16500000000093046
3675 -0.0005 -0.16450000000093185
3676 -0.0005 -0.16400000000093318
3677 -0.0005 -0.16350000000093462
3678 -0.0005 -0.16300000000093595
3679 -0.0005 -0.1625000000009374
3680 -0.0005 -0.16200000000093878
3681 -0.0005 -0.1615000000009401
3682 -0.0005 -0.16100000000094156
3683 -0.0005 -0.16050000000094294
3684 -0.0005 -0.16000000000094428
3685 -0.0005 -0.15950000000094572
3686 -0.0005 -0.1590000000009471
3687 -0.0005 -0.15850000000094844
3688 -0.0005 -0.15800000000094988
3689 -0.0005 -0.1575000000009512
3690 -0.0005 -0.15700000000095266
3691 -0.0005 -0.15650000000095404
3692 -0.0005 -0.15600000000095537
3693 -0.0005 -0.15550000000095682
3694 -0.0005 -0.1550000000009582
3695 -0.0005 -0.15450000000095954
3696 -0.0005 -0.15400000000096098
3697 -0.0005 -0.15350000000096237
3698 -0.0005 -0.1530000000009637
3699 -0.0005 -0.15250000000096514
3700 -0.0005 -0.15200000000096653
3701 -0.0005 -0.15150000000096792
3702 -0.0005 -0.1510000000009693
3703 -0.0005 -0.15050000000097064
3704 -0.0005 -0.15000000000097208
3705 -0.0005 -0.14950000000097347
3706 -0.0005 -0.1490000000009748
3707 -0.0005 -0.14850000000097624
3708 -0.0005 -0.14800000000097763
3709 -0.0005 -0.14750000000097896
3710 -0.0005 -0.1470000000009804
3711 -0.0005 -0.1465000000009818
3712 -0.0005 -0.14600000000098318
3713 -0.0005 -0.14550000000098456
3714 -0.0005 -0.1450000000009859
3715 -0.0005 -0.14450000000098734
3716 -0.0005 -0.14400000000098873
3717 -0.0005 -0.14350000000099006
3718 -0.0005 -0.1430000000009915
3719 -0.0005 -0.1425000000009929
3720 -0.0005 -0.14200000000099422
3721 -0.0005 -0.14150000000099566
3722 -0.0005 -0.14100000000099705
3723 -0.0005 -0.14050000000099838
3724 -0.0005 -0.14000000000099982
3725 -0.0005 -0.13950000000100116
3726 -0.0005 -0.1390000000010026
3727 -0.0005 -0.138500000001004
3728 -0.0005 -0.13800000000100532
3729 -0.0005 -0.13750000000100676
3730 -0.0005 -0.13700000000100815
3731 -0.0005 -0.13650000000100948
3732 -0.0005 -0.13600000000101092
3733 -0.0005 -0.1355000000010123
3734 -0.0005 -0.13500000000101364
3735 -0.0005 -0.13450000000101509
3736 -0.0005 -0.13400000000101647
3737 -0.0005 -0.13350000000101786
3738 -0.0005 -0.13300000000101925
3739 -0.0005 -0.13250000000102058
3740 -0.0005 -0.13200000000102202
3741 -0.0005 -0.1315000000010234
3742 -0.0005 -0.13100000000102474
3743 -0.0005 -0.13050000000102618
3744 -0.0005 -0.13000000000102757
3745 -0.0005 -0.1295000000010289
3746 -0.0005 -0.12900000000103035
3747 -0.0005 -0.12850000000103173
3748 -0.0005 -0.12800000000103312
3749 -0.0005 -0.1275000000010345
3750 -0.0005 -0.12700000000103584
3751 -0.0005 -0.12650000000103728
3752 -0.0005 -0.12600000000103867
3753 -0.0005 -0.12550000000104
3754 -0.0005 -0.12500000000104144
3755 -0.0005 -0.12450000000104283
3756 -0.0005 -0.12400000000104416
3757 -0.0005 -0.1235000000010456
3758 -0.0005 -0.123000000001047
3759 -0.0005 -0.12250000000104838
3760 -0.0005 -0.12200000000104977
3761 -0.0005 -0.1215000000010511
3762 -0.0005 -0.12100000000105254
3763 -0.0005 -0.12050000000105393
3764 -0.0005 -0.12000000000105526
3765 -0.0005 -0.1195000000010567
3766 -0.0005 -0.11900000000105809
3767 -0.0005 -0.11850000000105942
3768 -0.0005 -0.11800000000106087
3769 -0.0005 -0.11750000000106225
3770 -0.0005 -0.11700000000106359
3771 -0.0005 -0.11650000000106503
3772 -0.0005 -0.11600000000106636
3773 -0.0005 -0.1155000000010678
3774 -0.0005 -0.11500000000106919
3775 -0.0005 -0.11450000000107052
3776 -0.0005 -0.11400000000107197
3777 -0.0005 -0.11350000000107335
3778 -0.0005 -0.11300000000107469
3779 -0.0005 -0.11250000000107613
3780 -0.0005 -0.11200000000107752
3781 -0.0005 -0.11150000000107885
3782 -0.0005 -0.11100000000108029
3783 -0.0005 -0.11050000000108168
3784 -0.0005 -0.11000000000108306
3785 -0.0005 -0.10950000000108445
3786 -0.0005 -0.10900000000108578
3787 -0.0005 -0.10850000000108723
3788 -0.0005 -0.10800000000108861
3789 -0.0005 -0.10750000000108995
3790 -0.0005 -0.10700000000109139
3791 -0.0005 -0.10650000000109278
3792 -0.0005 -0.10600000000109411
3793 -0.0005 -0.10550000000109555
3794 -0.0005 -0.10500000000109694
3795 -0.0005 -0.10450000000109833
3796 -0.0005 -0.10400000000109971
3797 -0.0005 -0.10350000000110104
3798 -0.0005 -0.10300000000110249
3799 -0.0005 -0.10250000000110387
3800 -0.0005 -0.1020000000011052
3801 -0.0005 -0.10150000000110665
3802 -0.0005 -0.10100000000110804
3803 -0.0005 -0.10050000000110937
3804 -0.0005 -0.10000000000111081
3805 -0.0005 -0.0995000000011122
3806 -0.0005 -0.09900000000111359
3807 -0.0005 -0.09850000000111497
3808 -0.0005 -0.0980000000011163
3809 -0.0005 -0.09750000000111775
3810 -0.0005 -0.09700000000111914
3811 -0.0005 -0.09650000000112047
3812 -0.0005 -0.09600000000112191
3813 -0.0005 -0.0955000000011233
3814 -0.0005 -0.09500000000112463
3815 -0.0005 -0.09450000000112607
3816 -0.0005 -0.09400000000112746
3817 -0.0005 -0.09350000000112879
3818 -0.0005 -0.09300000000113023
3819 -0.0005 -0.09250000000113162
3820 -0.0005 -0.09200000000113301
3821 -0.0005 -0.0915000000011344
3822 -0.0005 -0.09100000000113573
3823 -0.0005 -0.09050000000113717
3824 -0.0005 -0.09000000000113856
3825 -0.0005 -0.08950000000113989
3826 -0.0005 -0.08900000000114133
3827 -0.0005 -0.08850000000114272
3828 -0.0005 -0.08800000000114405
3829 -0.0005 -0.0875000000011455
3830 -0.0005 -0.08700000000114688
3831 -0.0005 -0.08650000000114827
3832 -0.0005 -0.08600000000114966
3833 -0.0005 -0.08550000000115099
3834 -0.0005 -0.08500000000115243
3835 -0.0005 -0.08450000000115382
3836 -0.0005 -0.08400000000115515
3837 -0.0005 -0.0835000000011566
3838 -0.0005 -0.08300000000115798
3839 -0.0005 -0.08250000000115931
3840 -0.0005 -0.08200000000116076
3841 -0.0005 -0.08150000000116214
3842 -0.0005 -0.08100000000116353
3843 -0.0005 -0.08050000000116492
3844 -0.0005 -0.08000000000116625
3845 -0.0005 -0.07950000000116769
3846 -0.0005 -0.07900000000116908
3847 -0.0005 -0.07850000000117041
3848 -0.0005 -0.07800000000117185
3849 -0.0005 -0.07750000000117324
3850 -0.0005 -0.07700000000117457
3851 -0.0005 -0.07650000000117602
3852 -0.0005 -0.0760000000011774
3853 -0.0005 -0.07550000000117879
3854 -0.0005 -0.07500000000118018
3855 -0.0005 -0.07450000000118157
3856 -0.0005 -0.07400000000118295
3857 -0.0005 -0.07350000000118434
3858 -0.0005 -0.07300000000118567
3859 -0.0005 -0.07250000000118711
3860 -0.0005 -0.0720000000011885
3861 -0.0005 -0.07150000000118983
3862 -0.0005 -0.07100000000119128
3863 -0.0005 -0.07050000000119266
3864 -0.0005 -0.070000000001194
3865 -0.0005 -0.06950000000119544
3866 -0.0005 -0.06900000000119683
3867 -0.0005 -0.06850000000119821
3868 -0.0005 -0.0680000000011996
3869 -0.0005 -0.06750000000120093
3870 -0.0005 -0.06700000000120238
3871 -0.0005 -0.06650000000120376
3872 -0.0005 -0.0660000000012051
3873 -0.0005 -0.06550000000120654
3874 -0.0005 -0.06500000000120792
3875 -0.0005 -0.06450000000120926
3876 -0.0005 -0.0640000000012107
3877 -0.0005 -0.06350000000121209
3878 -0.0005 -0.06300000000121347
3879 -0.0005 -0.06250000000121486
3880 -0.0005 -0.06200000000121619
3881 -0.0005 -0.061500000001217636
3882 -0.0005 -0.061000000001219024
3883 -0.0005 -0.060500000001220355
3884 -0.0005 -0.0600000000012218
3885 -0.0005 -0.059500000001223186
3886 -0.0005 -0.05900000000122452
3887 -0.0005 -0.05850000000122596
3888 -0.0005 -0.05800000000122735
3889 -0.0005 -0.057500000001228735
3890 -0.0005 -0.05700000000123012
3891 -0.0005 -0.05650000000123151
3892 -0.0005 -0.0560000000012329
3893 -0.0005 -0.055500000001234284
3894 -0.0005 -0.055000000001235616
3895 -0.0005 -0.05450000000123706
3896 -0.0005 -0.054000000001238446
3897 -0.0005 -0.05350000000123978
3898 -0.0005 -0.05300000000124122
3899 -0.0005 -0.05250000000124261
3900 -0.0005 -0.052000000001243996
3901 -0.0005 -0.05150000000124538
3902 -0.0005 -0.05100000000124677
3903 -0.0005 -0.05050000000124816
3904 -0.0005 -0.050000000001249545
3905 -0.0005 -0.04950000000125088
3906 -0.0005 -0.04900000000125232
3907 -0.0005 -0.04850000000125371
3908 -0.0005 -0.04800000000125504
3909 -0.0005 -0.04750000000125648
3910 -0.0005 -0.04700000000125787
3911 -0.0005 -0.0465000000012592
3912 -0.0005 -0.046000000001260644
3913 -0.0005 -0.04550000000126203
3914 -0.0005 -0.04500000000126342
3915 -0.0005 -0.044500000001264806
3916 -0.0005 -0.04400000000126614
3917 -0.0005 -0.04350000000126758
3918 -0.0005 -0.04300000000126897
3919 -0.0005 -0.0425000000012703
3920 -0.0005 -0.04200000000127174
3921 -0.0005 -0.04150000000127313
3922 -0.0005 -0.04100000000127446
3923 -0.0005 -0.040500000001275904
3924 -0.0005 -0.04000000000127729
3925 -0.0005 -0.03950000000127868
3926 -0.0005 -0.039000000001280066
3927 -0.0005 -0.0385000000012814
3928 -0.0005 -0.03800000000128284
3929 -0.0005 -0.03750000000128423
3930 -0.0005 -0.03700000000128556
3931 -0.0005 -0.036500000001287
3932 -0.0005 -0.03600000000128839
3933 -0.0005 -0.03550000000128972
3934 -0.0005 -0.035000000001291165
3935 -0.0005 -0.03450000000129255
3936 -0.0005 -0.03400000000129394
3937 -0.0005 -0.03350000000129533
3938 -0.0005 -0.033000000001296714
3939 -0.0005 -0.0325000000012981
3940 -0.0005 -0.03200000000129949
3941 -0.0005 -0.03150000000130082
3942 -0.0005 -0.031000000001302264
3943 -0.0005 -0.03050000000130365
3944 -0.0005 -0.030000000001304983
3945 -0.0005 -0.029500000001306426
3946 -0.0005 -0.029000000001307813
3947 -0.0005 -0.0285000000013092
3948 -0.0005 -0.028000000001310588
3949 -0.0005 -0.027500000001311975
3950 -0.0005 -0.027000000001313362
3951 -0.0005 -0.02650000000131475
3952 -0.0005 -0.02600000000131608
3953 -0.0005 -0.025500000001317524
3954 -0.0005 -0.02500000000131891
3955 -0.0005 -0.024500000001320243
3956 -0.0005 -0.024000000001321686
3957 -0.0005 -0.023500000001323074
3958 -0.0005 -0.023000000001324405
3959 -0.0005 -0.02250000000132585
3960 -0.0005 -0.022000000001327236
3961 -0.0005 -0.021500000001328623
3962 -0.0005 -0.02100000000133001
3963 -0.0005 -0.020500000001331342
3964 -0.0005 -0.020000000001332785
3965 -0.0005 -0.019500000001334172
3966 -0.0005 -0.019000000001335504
3967 -0.0005 -0.018500000001336947
3968 -0.0005 -0.018000000001338334
3969 -0.0005 -0.017500000001339666
3970 -0.0005 -0.01700000000134111
3971 -0.0005 -0.016500000001342496
3972 -0.0005 -0.016000000001343884
3973 -0.0005 -0.015500000001345271
3974 -0.0005 -0.015000000001346658
3975 -0.0005 -0.014500000001348046
3976 -0.0005 -0.014000000001349433
3977 -0.0005 -0.013500000001350765
3978 -0.0005 -0.013000000001352208
3979 -0.0005 -0.012500000001353595
3980 -0.0005 -0.012000000001354927
3981 -0.0005 -0.01150000000135637
3982 -0.0005 -0.011000000001357757
3983 -0.0005 -0.010500000001359144
3984 -0.0005 -0.010000000001360532
3985 -0.0005 -0.009500000001361919
3986 -0.0005 -0.009000000001363306
3987 -0.0005 -0.008500000001364694
3988 -0.0005 -0.008000000001366026
3989 -0.0005 -0.007500000001367024
3990 -0.0005 -0.0070000000013677455
3991 -0.0005 -0.006500000001368411
3992 -0.0005 -0.006000000001369132
3993 -0.0005 -0.0055000000013698536
3994 -0.0005 -0.005000000001370464
3995 -0.0005 -0.004500000001371185
3996 -0.0005 -0.004000000001371906
3997 -0.0005 -0.003500000001372572
3998 -0.0005 -0.003000000001373293
3999 -0.0005 -0.0025000000013739587
4000 -0.0005 -0.00200000000137468
4001 -0.0005 -0.0015000000013754011
4002 -0.0005 -0.0010000000013760668
4003 -0.0005 -0.000500000001376788
4004 -0.0005 -1.377509217803663e-12

Lines

1 1 2
2 2 3
3 3 4
4 4 5
5 5 6
6 6 7
7 7 8
8 8 9
9 9 10
10 10 11
11 11 12
12 12 13
13 13 14
14 14 15
15 15 16
16 16 17
17 17 18
18 18 19
19 19 20
20 20 21
21 21 22
22 22 23
23 23 24
24 24 25
25 25 26
26 26 27
27 27 28
28 28 29
29 29 30
30 30 31
31 31 32
32 32 33
33 33 34
34 34 35
35 35 36
36 36 37
37 37 38
38 38 39
39 39 40
40 40 41
41 41 42
42 42 43
43 43 44
44 44 45
45 45 46
46 46 47
47 47 48
48 48 49
49 49 50
50 50 51
51 51 52
52 52 53
53 53 54
54 54 55
55 55 56
56 56 57
57 57 58
58 58 59
59 59 60
60 60 61
61 61 62
62 62 63
63 63 64
64 64 65
65 65 66
66 66 67
67 67 68
68 68 69
69 69 70
70 70 71
71 71 72
72 72 73
73 73 74
74 74 75
75 75 76
76 76 77
77 77 78
78 78 79
79 79 80
80 80 81
81 81 82
82 82 83
83 83 84
84 84 85
85 85 86
86 86 87
87 87 88
88 88 89
89 89 90
90 90 91
91 91 92
92 92 93
93 93 94
94 94 95
95 95 96
96 96 97
97 97 98
98 98 99
99 99 100
100 100 101
101 101 102
102 102 103
103 103 104
104 104 105
105 105 106
106 106 107
107 107 108
108 108 109
109 109 110
110 110 111
111 111 112
112 112 113
113 113 114
114 114 115
115 115 116
116 116 117
117 117 118
118 118 119
119 119 120
120 120 121
121 121 122
122 122 123
123 123 124
124 124 125
125 125 126
126 126 127
127 127 128
128 128 129
129 129 130
130 130 131
131 131 132
132 132 133
133 133 134
134 134 135
135 135 136
136 136 137
137 137 138
138 138 139
139 139 140
140 140 141
141 141 142
142 142 143
143 143 144
144 144 145
145 145 146
146 146 147
147 147 148
148 148 149
149 149 150
150 150 151
151 151 152
152 152 153
153 153 154
154 154 155
155 155 156
156 156 157
157 157 158
158 158 159
159 159 160
160 160 161
161 161 162
162 162 163
163 163 164
164 164 165
165 165 166
166 166 167
167 167 168
168 168 169
169 169 170
170 170 171
171 171 172
172 172 173
173 173 174
174 174 175
175 175 176
176 176 177
177 177 178
178 178 179
179 179 180
180 180 181
181 181 182
182 182 183
183 183 184
184 184 185
185 185 186
186 186 187
187 187 188
188 188 189
189 189 190
190 190 191
191 191 192
192 192 193
193 193 194
194 194 195
195 195 196
196 196 197
197 197 198
198 198 199
199 199 200
200 200 201
201 201 202
202 202 203
203 203 204
204 204 205
205 205 206
206 206 207
207 207 208
208 208 209
209 209 210
210 210 211
211 211 212
212 212 213
213 213 214
214 214 215
215 215 216
216 216 217
217 217 218
218 218 219
219 219 220
220 220 221
221 221 222
222 222 223
223 223 224
224 224 225
225 225 226
226 226 227
227 227 228
228 228 229
229 229 230
230 230 231
231 231 232
232 232 233
233 233 234
234 234 235
235 235 236
236 236 237
237 237 238
238 238 239
239 239 240
240 240 241
241 241 242
242 242 243
243 243 244
244 244 245
245 245 246
246 246 247
247 247 248
248 248 249
249 249 250
250 250 251
251 251 252
252 252 253
253 253 254
254 254 255
255 255 256
256 256 257
257 257 258
258 258 259
259 259 260
260 260 261
261 261 262
262 262 263
263 263 264
264 264 265
265 265 266
266 266 267
267 267 268
268 268 269
269 269 270
270 270 271
271 271 272
272 272 273
273 273 274
274 274 275
275 275 276
276 276 277
277 277 278
278 278 279
279 279 280
280 280 281
281 281 282
282 282 283
283 283 284
284 284 285
285 285 286
286 286 287
287 287 288
288 288 289
289 289 290
290 290 291
291 291 292
292 292 293
293 293 294
294 294 295
295 295 296
296 296 297
297 297 298
298 298 299
299 299 300
300 300 301
301 301 302
302 302 303
303 303 304
304 304 305
305 305 306
306 306 307
307 307 308
308 308 309
309 309 310
310 310 311
311 311 312
312 312 313
313 313 314
314 314 315
315 315 316
316 316 317
317 317 318
318 318 319
319 319 320
320 320 321
321 321 322
322 322 323
323 323 324
324 324 325
325 325 326
326 326 327
327 327 328
328 328 329
329 329 330
330 330 331
331 331 332
332 332 333
333 333 334
334 334 335
335 335 336
336 336 337
337 337 338
338 338 339
339 339 340
340 340 341
341 341 342
342 342 343
343 343 344
344 344 345
345 345 346
346 346 347
347 347 348
348 348 349
349 349 350
350 350 351
351 351 352
352 352 353
353 353 354
354 354 355
355 355 356
356 356 357
357 357 358
358 358 359
359 359 360
360 360 361
361 361 362
362 362 363
363 363 364
364 364 365
365 365 366
366 366 367
367 367 368
368 368 369
369 369 370
370 370 371
371 371 372
372 372 373
373 373 374
374 374 375
375 375 376
376 376 377
377 377 378
378 378 379
379 379 380
380 380 381
381 381 382
382 382 383
383 383 384
384 384 385
385 385 386
386 386 387
387 387 388
388 388 389
389 389 390
390 390 391
391 391 392
392 392 393
393 393 394
394 394 395
395 395 396
396 396 397
397 397 398
398 398 399
399 399 400
400 400 401
401 401 402
402 402 403
403 403 404
404 404 405
405 405 406
406 406 407
407 407 408
408 408 409
409 409 410
410 410 411
411 411 412
412 412 413
413 413 414
414 414 415
415 415 416
416 416 417
417 417 418
418 418 419
419 419 420
420 420 421
421 421 422
422 422 423
423 423 424
424 424 425
425 425 426
426 426 427
427 427 428
428 428 429
429 429 430
430 430 431
431 431 432
432 432 433
433 433 434
434 434 435
435 435 436
436 436 437
437 437 438
438 438 439
439 439 440
440 440 441
441 441 442
442 442 443
443 443 444
444 444 445
445 445 446
446 446 447
447 447 448
448 448 449
449 449 450
450 450 451
451 451 452
452 452 453
453 453 454
454 454 455
455 455 456
456 456 457
457 457 458
458 458 459
459 459 460
460 460 461
461 461 462
462 462 463
463 463 464
464 464 465
465 465 466
466 466 467
467 467 468
468 468 469
469 469 470
470 470 471
471 471 472
472 472 473
473 473 474
474 474 475
475 475 476
476 476 477
477 477 478
478 478 479
479 479 480
480 480 481
481 481 482
482 482 483
483 483 484
484 484 485
485 485 486
486 486 487
487 487 488
488 488 489
489 489 490
490 490 491
491 491 492
492 492 493
493 493 494
494 494 495
495 495 496
496 496 497
497 497 498
498 498 499
499 499 500
500 500 501
501 501 502
502 502 503
503 503 504
504 504 505
505 505 506
506 506 507
507 507 508
508 508 509
509 509 510
510 510 511
511 511 512
512 512 513
513 513 514
514 514 515
515 515 516
516 516 517
517 517 518
518 518 519
519 519 520
520 520 521
521 521 522
522 522 523
523 523 524
524 524 525
525 525 526
526 526 527
527 527 528
528 528 529
529 529 530
530 530 531
531 531 532
532 532 533
533 533 534
534 534 535
535 535 536
536 536 537
537 537 538
538 538 539
539 539 540
540 540 541
541 541 542
542 542 543
543 543 544
544 544 545
545 545 546
546 546 547
547 547 548
548 548 549
549 549 550
550 550 551
551 551 552
552 552 553
553 553 554
554 554 555
555 555 556
556 556 557
557 557 558
558 558 559
559 559 560
560 560 561
561 561 562
562 562 563
563 563 564
564 564 565
565 565 566
566 566 567
567 567 568
568 568 569
569 569 570
570 570 571
571 571 572
572 572 573
573 573 574
574 574 575
575 575 576
576 576 577
577 577 578
578 578 579
579 579 580
580 580 581
581 581 582
582 582 583
583 583 584
584 584 585
585 585 586
586 586 587
587 587 588
588 588 589
589 589 590
590 590 591
591 591 592
592 592 593
593 593 594
594 594 595
595 595 596
596 596 597
597 597 598
598 598 599
599 599 600
600 600 601
601 601 602
602 602 603
603 603 604
604 604 605
605 605 606
606 606 607
607 607 608
608 608 609
609 609 610
610 610 611
611 611 612
612 612 613
613 613 614
614 614 615
615 615 616
616 616 617
617 617 618
618 618 619
619 619 620
620 620 621
621 621 622
622 622 623
623 623 624
624 624 625
625 625 626
626 626 627
627 627 628
628 628 629
629 629 630
630 630 631
631 631 632
632 632 633
633 633 634
634 634 635
635 635 636
636 636 637
637 637 638
638 638 639
639 639 640
640 640 641
641 641 642
642 642 643
643 643 644
644 644 645
645 645 646
646 646 647
647 647 648
648 648 649
649 649 650
650 650 651
651 651 652
652 652 653
653 653 654
654 654 655
655 655 656
656 656 657
657 657 658
658 658 659
659 659 660
660 660 661
661 661 662
662 662 663
663 663 664
664 664 665
665 665 666
666 666 667
667 667 668
668 668 669
669 669 670
670 670 671
671 671 672
672 672 673
673 673 674
674 674 675
675 675 676
676 676 677
677 677 678
678 678 679
679 679 680
680 680 681
681 681 682
682 682 683
683 683 684
684 684 685
685 685 686
686 686 687
687 687 688
688 688 689
689 689 690
690 690 691
691 691 692
692 692 693
693 693 694
694 694 695
695 695 696
696 696 697
697 697 698
698 698 699
699 699 700
700 700 701
701 701 702
702 702 703
703 703 704
704 704 705
705 705 706
706 706 707
707 707 708
708 708 709
709 709 710
710 710 711
711 711 712
712 712 713
713 713 714
714 714 715
715 715 716
716 716 717
717 717 718
718 718 719
719 719 720
720 720 721
721 721 722
722 722 723
723 723 724
724 724 725
725 725 726
726 726 727
727 727 728
728 728 729
729 729 730
730 730 731
731 731 732
732 732 733
733 733 734
734 734 735
735 735 736
736 736 737
737 737 738
738 738 739
739 739 740
740 740 741
741 741 742
742 742 743
743 743 744
744 744 745
745 745 746
746 746 747
747 747 748
748 748 749
749 749 750
750 750 751
751 751 752
752 752 753
753 753 754
754 754 755
755 755 756
756 756 757
757 757 758
758 758 759
759 759 760
760 760 761
761 761 762
762 762 763
763 763 764
764 764 765
765 765 766
766 766 767
767 767 768
768 768 769
769 769 770
770 770 771
771 771 772
772 772 773
773 773 774
774 774 775
775 775 776
776 776 777
777 777 778
778 778 779
779 779 780
780 780 781
781 781 782
782 782 783
783 783 784
784 784 785
785 785 786
786 786 787
787 787 788
788 788 789
789 789 790
790 790 791
791 791 792
792 792 793
793 793 794
794 794 795
795 795 796
796 796 797
797 797 798
798 798 799
799 799 800
800 800 801
801 801 802
802 802 803
803 803 804
804 804 805
805 805 806
806 806 807
807 807 808
808 808 809
809 809 810
810 810 811
811 811 812
812 812 813
813 813 814
814 814 815
815 815 816
816 816 817
817 817 818
818 818 819
819 819 820
820 820 821
821 821 822
822 822 823
823 823 824
824 824 825
825 825 826
826 826 827
827 827 828
828 828 829
829 829 830
830 830 831
831 831 832
832 832 833
833 833 834
834 834 835
835 835 836
836 836 837
837 837 838
838 838 839
839 839 840
840 840 841
841 841 842
842 842 843
843 843 844
844 844 845
845 845 846
846 846 847
847 847 848
848 848 849
849 849 850
850 850 851
851 851 852
852 852 853
853 853 854
854 854 855
855 855 856
856 856 857
857 857 858
858 858 859
859 859 860
860 860 861
861 861 862
862 862 863
863 863 864
864 864 865
865 865 866
866 866 867
867 867 868
868 868 869
869 869 870
870 870 871
871 871 872
872 872 873
873 873 874
874 874 875
875 875 876
876 876 877
877 877 878
878 878 879
879 879 880
880 880 881
881 881 882
882 882 883
883 883 884
884 884 885
885 885 886
886 886 887
887 887 888
888 888 889
889 889 890
890 890 891
891 891 892
892 892 893
893 893 894
894 894 895
895 895 896
896 896 897
897 897 898
898 898 899
899 899 900
900 900 901
901 901 902
902 902 903
903 903 904
904 904 905
905 905 906
906 906 907
907 907 908
908 908 909
909 909 910
910 910 911
911 911 912
912 912 913
913 913 914
914 914 915
915 915 916
916 916 917
917 917 918
918 918 919
919 919 920
920 920 921
921 921 922
922 922 923
923 923 924
924 924 925
925 925 926
926 926 927
927 927 928
928 928 929
929 929 930
930 930 931
931 931 932
932 932 933
933 933 934
934 934 935
935 935 936
936 936 937
937 937 938
938 938 939
939 939 940
940 940 941
941 941 942
942 942 943
943 943 944
944 944 945
945 945 946
946 946 947
947 947 948
948 948 949
949 949 950
950 950 951
951 951 952
952 952 953
953 953 954
954 954 955
955 955 956
956 956 957
957 957 958
958 958 959
959 959 960
960 960 961
961 961 962
962 962 963
963 963 964
964 964 965
965 965 966
966 966 967
967 967 968
968 968 969
969 969 970
970 970 971
971 971 972
972 972 973
973 973 974
974 974 975
975 975 976
976 976 977
977 977 978
978 978 979
979 979 980
980 980 981
981 981 982
982 982 983
983 983 984
984 984 985
985 985 986
986 986 987
987 987 988
988 988 989
989 989 990
990 990 991
991 991 992
992 992 993
993 993 994
994 994 995
995 995 996
996 996 997
997 997 998
998 998 999
999 999 1000
1000 1000 1001
1001 1001 1002
1002 1002 1003
1003 1003 1004
1004 1004 1005
1005 1005 1006
1006 1006 1007
1007 1007 1008
1008 1008 1009
1009 1009 1010
1010 1010 1011
1011 1011 1012
1012 1012 1013
1013 1013 1014
1014 1014 1015
1015 1015 1016
1016 1016 1017
1017 1017 1018
1018 1018 1019
1019 1019 1020
1020 1020 1021
1021 1021 1022
1022 1022 1023
1023 1023 1024
1024 1024 1025
1025 1025 1026
1026 1026 1027
1027 1027 1028
1028 1028 1029
1029 1029 1030
1030 1030 1031
1031 1031 1032
1032 1032 1033
1033 1033 1034
1034 1034 1035
1035 1035 1036
1036 1036 1037
1037 1037 1038
1038 1038 1039
1039 1039 1040
1040 1040 1041
1041 1041 1042
1042 1042 1043
1043 1043 1044
1044 1044 1045
1045 1045 1046
1046 1046 1047
1047 1047 1048
1048 1048 1049
1049 1049 1050
1050 1050 1051
1051 1051 1052
1052 1052 1053
1053 1053 1054
1054 1054 1055
1055 1055 1056
1056 1056 1057
1057 1057 1058
1058 1058 1059
1059 1059 1060
1060 1060 1061
1061 1061 1062
1062 1062 1063
1063 1063 1064
1064 1064 1065
1065 1065 1066
1066 1066 1067
1067 1067 1068
1068 1068 1069
1069 1069 1070
1070 1070 1071
1071 1071 1072
1072 1072 1073
1073 1073 1074
1074 1074 1075
1075 1075 1076
1076 1076 1077
1077 1077 1078
1078 1078 1079
1079 1079 1080
1080 1080 1081
1081 1081 1082
1082 1082 1083
1083 1083 1084
1084 1084 1085
1085 1085 1086
1086 1086 1087
1087 1087 1088
1088 1088 1089
1089 1089 1090
1090 1090 1091
1091 1091 1092
1092 1092 1093
1093 1093 1094
1094 1094 1095
1095 1095 1096
1096 1096 1097
1097 1097 1098
1098 1098 1099
1099 1099 1100
1100 1100 1101
1101 1101 1102
1102 1102 1103
1103 1103 1104
1104 1104 1105
1105 1105 1106
1106 1106 1107
1107 1107 1108
1108 1108 1109
1109 1109 1110
1110 1110 1111
1111 1111 1112
1112 1112 1113
1113 1113 1114
1114 1114 1115
1115 1115 1116
1116 1116 1117
1117 1117 1118
1118 1118 1119
1119 1119 1120
1120 1120 1121
1121 1121 1122
1122 1122 1123
1123 1123 1124
1124 1124 1125
1125 1125 1126
1126 1126 1127
1127 1127 1128
1128 1128 1129
1129 1129 1130
1130 1130 1131
1131 1131 1132
1132 1132 1133
1133 1133 1134
1134 1134 1135
1135 1135 1136
1136 1136 1137
1137 1137 1138
1138 1138 1139
1139 1139 1140
1140 1140 1141
1141 1141 1142
1142 1142 1143
1143 1143 1144
1144 1144 1145
1145 1145 1146
1146 1146 1147
1147 1147 1148
1148 1148 1149
1149 1149 1150
1150 1150 1151
1151 1151 1152
1152 1152 1153
1153 1153 1154
1154 1154 1155
1155 1155 1156
1156 1156 1157
1157 1157 1158
1158 1158 1159
1159 1159 1160
1160 1160 1161
1161 1161 1162
1162 1162 1163
1163 1163 1164
1164 1164 1165
1165 1165 1166
1166 1166 1167
1167 1167 1168
1168 1168 1169
1169 1169 1170
1170 1170 1171
1171 1171 1172
1172 1172 1173
1173 1173 1174
1174 1174 1175
1175 1175 1176
1176 1176 1177
1177 1177 1178
1178 1178 1179
1179 1179 1180
1180 1180 1181
1181 1181 1182
1182 1182 1183
1183 1183 1184
1184 1184 1185
1185 1185 1186
1186 1186 1187
1187 1187 1188
1188 1188 1189
1189 1189 1190
1190 1190 1191
1191 1191 1192
1192 1192 1193
1193 1193 1194
1194 1194 1195
1195 1195 1196
1196 1196 1197
1197 1197 1198
1198 1198 1199
1199 1199 1200
1200 1200 1201
1201 1201 1202
1202 1202 1203
1203 1203 1204
1204 1204 1205
1205 1205 1206
1206 1206 1207
1207 1207 1208
1208 1208 1209
1209 1209 1210
1210 1210 1211
1211 1211 1212
1212 1212 1213
1213 1213 1214
1214 1214 1215
1215 1215 1216
1216 1216 1217
1217 1217 1218
1218 1218 1219
1219 1219 1220
1220 1220 1221
1221 1221 1222
1222 1222 1223
1223 1223 1224
1224 1224 1225
1225 1225 1226
1226 1226 1227
1227 1227 1228
1228 1228 1229
1229 1229 1230
1230 1230 1231
1231 1231 1232
1232 1232 1233
1233 1233 1234
1234 1234 1235
1235 1235 1236
1236 1236 1237
1237 1237 1238
1238 1238 1239
1239 1239 1240
1240 1240 1241
1241 1241 1242
1242 1242 1243
1243 1243 1244
1244 1244 1245
1245 1245 1246
1246 1246 1247
1247 1247 1248
1248 1248 1249
1249 1249 1250
1250 1250 1251
1251 1251 1252
1252 1252 1253
1253 1253 1254
1254 1254 1255
1255 1255 1256
1256 1256 1257
1257 1257 1258
1258 1258 1259
1259 1259 1260
1260 1260 1261
1261 1261 1262
1262 1262 1263
1263 1263 1264
1264 1264 1265
1265 1265 1266
1266 1266 1267
1267 1267 1268
1268 1268 1269
1269 1269 1270
1270 1270 1271
1271 1271 1272
1272 1272 1273
1273 1273 1274
1274 1274 1275
1275 1275 1276
1276 1276 1277
1277 1277 1278
1278 1278 1279
1279 1279 1280
1280 1280 1281
1281 1281 1282
1282 1282 1283
1283 1283 1284
1284 1284 1285
1285 1285 1286
1286 1286 1287
1287 1287 1288
1288 1288 1289
1289 1289 1290
1290 1290 1291
1291 1291 1292
1292 1292 1293
1293 1293 1294
1294 1294 1295
1295 1295 1296
1296 1296 1297
1297 1297 1298
1298 1298 1299
1299 1299 1300
1300 1300 1301
1301 1301 1302
1302 1302 1303
1303 1303 1304
1304 1304 1305
1305 1305 1306
1306 1306 1307
1307 1307 1308
1308 1308 1309
1309 1309 1310
1310 1310 1311
1311 1311 1312
1312 1312 1313
1313 1313 1314
1314 1314 1315
1315 1315 1316
1316 1316 1317
1317 1317 1318
1318 1318 1319
1319 1319 1320
1320 1320 1321
1321 1321 1322
1322 1322 1323
1323 1323 1324
1324 1324 1325
1325 1325 1326
1326 1326 1327
1327 1327 1328
1328 1328 1329
1329 1329 1330
1330 1330 1331
1331 1331 1332
1332 1332 1333
1333 1333 1334
1334 1334 1335
1335 1335 1336
1336 1336 1337
1337 1337 1338
1338 1338 1339
1339 1339 1340
1340 1340 1341
1341 1341 1342
1342 1342 1343
1343 1343 1344
1344 1344 1345
1345 1345 1346
1346 1346 1347
1347 1347 1348
1348 1348 1349
1349 1349 1350
1350 1350 1351
1351 1351 1352
1352 1352 1353
1353 1353 1354
1354 1354 1355
1355 1355 1356
1356 1356 1357
1357 1357 1358
1358 1358 1359
1359 1359 1360
1360 1360 1361
1361 1361 1362
1362 1362 1363
1363 1363 1364
1364 1364 1365
1365 1365 1366
1366 1366 1367
1367 1367 1368
1368 1368 1369
1369 1369 1370
1370 1370 1371
1371 1371 1372
1372 1372 1373
1373 1373 1374
1374 1374 1375
1375 1375 1376
1376 1376 1377
1377 1377 1378
1378 1378 1379
1379 1379 1380
1380 1380 1381
1381 1381 1382
1382 1382 1383
1383 1383 1384
1384 1384 1385
1385 1385 1386
1386 1386 1387
1387 1387 1388
1388 1388 1389
1389 1389 1390
1390 1390 1391
1391 1391 1392
1392 1392 1393
1393 1393 1394
1394 1394 1395
1395 1395 1396
1396 1396 1397
1397 1397 1398
1398 1398 1399
1399 1399 1400
1400 1400 1401
1401 1401 1402
1402 1402 1403
1403 1403 1404
1404 1404 1405
1405 1405 1406
1406 1406 1407
1407 1407 1408
1408 1408 1409
1409 1409 1410
1410 1410 1411
1411 1411 1412
1412 1412 1413
1413 1413 1414
1414 1414 1415
1415 1415 1416
1416 1416 1417
1417 1417 1418
1418 1418 1419
1419 1419 1420
1420 1420 1421
1421 1421 1422
1422 1422 1423
1423 1423 1424
1424 1424 1425
1425 1425 1426
1426 1426 1427
1427 1427 1428
1428 1428 1429
1429 1429 1430
1430 1430 1431
1431 1431 1432
1432 1432 1433
1433 1433 1434
1434 1434 1435
1435 1435 1436
1436 1436 1437
1437 1437 1438
1438 1438 1439
1439 1439 1440
1440 1440 1441
1441 1441 1442
1442 1442 1443
1443 1443 1444
1444 1444 1445
1445 1445 1446
1446 1446 1447
1447 1447 1448
1448 1448 1449
1449 1449 1450
1450 1450 1451
1451 1451 1452
1452 1452 1453
1453 1453 1454
1454 1454 1455
1455 1455 1456
1456 1456 1457
1457 1457 1458
1458 1458 1459
1459 1459 1460
1460 1460 1461
1461 1461 1462
1462 1462 1463
1463 1463 1464
1464 1464 1465
1465 1465 1466
1466 1466 1467
1467 1467 1468
1468 1468 1469
1469 1469 1470
1470 1470 1471
1471 1471 1472
1472 1472 1473
1473 1473 1474
1474 1474 1475
1475 1475 1476
1476 1476 1477
1477 1477 1478
1478 1478 1479
1479 1479 1480
1480 1480 1481
1481 1481 1482
1482 1482 1483
1483 1483 1484
1484 1484 1485
1485 1485 1486
1486 1486 1487
1487 1487 1488
1488 1488 1489
1489 1489 1490
1490 1490 1491
1491 1491 1492
1492 1492 1493
1493 1493 1494
1494 1494 1495
1495 1495 1496
1496 1496 1497
1497 1497 1498
1498 1498 1499
1499 1499 1500
1500 1500 1501
1501 1501 1502
1502 1502 1503
1503 1503 1504
1504 1504 1505
1505 1505 1506
1506 1506 1507
1507 1507 1508
1508 1508 1509
1509 1509 1510
1510 1510 1511
1511 1511 1512
1512 1512 1513
1513 1513 1514
1514 1514 1515
1515 1515 1516
1516 1516 1517
1517 1517 1518
1518 1518 1519
1519 1519 1520
1520 1520 1521
1521 1521 1522
1522 1522 1523
1523 1523 1524
1524 1524 1525
1525 1525 1526
1526 1526 1527
1527 1527 1528
1528 1528 1529
1529 1529 1530
1530 1530 1531
1531 1531 1532
1532 1532 1533
1533 1533 1534
1534 1534 1535
1535 1535 1536
1536 1536 1537
1537 1537 1538
1538 1538 1539
1539 1539 1540
1540 1540 1541
1541 1541 1542
1542 1542 1543
1543 1543 1544
1544 1544 1545
1545 1545 1546
1546 1546 1547
1547 1547 1548
1548 1548 1549
1549 1549 1550
1550 1550 1551
1551 1551 1552
1552 1552 1553
1553 1553 1554
1554 1554 1555
1555 1555 1556
1556 1556 1557
1557 1557 1558
1558 1558 1559
1559 1559 1560
1560 1560 1561
1561 1561 1562
1562 1562 1563
1563 1563 1564
1564 1564 1565
1565 1565 1566
1566 1566 1567
1567 1567 1568
1568 1568 1569
1569 1569 1570
1570 1570 1571
1571 1571 1572
1572 1572 1573
1573 1573 1574
1574 1574 1575
1575 1575 1576
1576 1576 1577
1577 1577 1578
1578 1578 1579
1579 1579 1580
1580 1580 1581
1581 1581 1582
1582 1582 1583
1583 1583 1584
1584 1584 1585
1585 1585 1586
1586 1586 1587
1587 1587 1588
1588 1588 1589
1589 1589 1590
1590 1590 1591
1591 1591 1592
1592 1592 1593
1593 1593 1594
1594 1594 1595
1595 1595 1596
1596 1596 1597
1597 1597 1598
1598 1598 1599
1599 1599 1600
1600 1600 1601
1601 1601 1602
1602 1602 1603
1603 1603 1604
1604 1604 1605
1605 1605 1606
1606 1606 1607
1607 1607 1608
1608 1608 1609
1609 1609 1610
1610 1610 1611
1611 1611 1612
1612 1612 1613
1613 1613 1614
1614 1614 1615
1615 1615 1616
1616 1616 1617
1617 1617 1618
1618 1618 1619
1619 1619 1620
1620 1620 1621
1621 1621 1622
1622 1622 1623
1623 1623 1624
1624 1624 1625
1625 1625 1626
1626 1626 1627
1627 1627 1628
1628 1628 1629
1629 1629 1630
1630 1630 1631
1631 1631 1632
1632 1632 1633
1633 1633 1634
1634 1634 1635
1635 1635 1636
1636 1636 1637
1637 1637 1638
1638 1638 1639
1639 1639 1640
1640 1640 1641
1641 1641 1642
1642 1642 1643
1643 1643 1644
1644 1644 1645
1645 1645 1646
1646 1646 1647
1647 1647 1648
1648 1648 1649
1649 1649 1650
1650 1650 1651
1651 1651 1652
1652 1652 1653
1653 1653 1654
1654 1654 1655
1655 1655 1656
1656 1656 1657
1657 1657 1658
1658 1658 1659
1659 1659 1660
1660 1660 1661
1661 1661 1662
1662 1662 1663
1663 1663 1664
1664 1664 1665
1665 1665 1666
1666 1666 1667
1667 1667 1668
1668 1668 1669
1669 1669 1670
1670 1670 1671
1671 1671 1672
1672 1672 1673
1673 1673 1674
1674 1674 1675
1675 1675 1676
1676 1676 1677
1677 1677 1678
1678 1678 1679
1679 1679 1680
1680 1680 1681
1681 1681 1682
1682 1682 1683
1683 1683 1684
1684 1684 1685
1685 1685 1686
1686 1686 1687
1687 1687 1688
1688 1688 1689
1689 1689 1690
1690 1690 1691
1691 1691 1692
1692 1692 1693
1693 1693 1694
1694 1694 1695
1695 1695 1696
1696 1696 1697
1697 1697 1698
1698 1698 1699
1699 1699 1700
1700 1700 1701
1701 1701 1702
1702 1702 1703
1703 1703 1704
1704 1704 1705
1705 1705 1706
1706 1706 1707
1707 1707 1708
1708 1708 1709
1709 1709 1710
1710 1710 1711
1711 1711 1712
1712 1712 1713
1713 1713 1714
1714 1714 1715
1715 1715 1716
1716 1716 1717
1717 1717 1718
1718 1718 1719
1719 1719 1720
1720 1720 1721
1721 1721 1722
1722 1722 1723
1723 1723 1724
1724 1724 1725
1725 1725 1726
1726 1726 1727
1727 1727 1728
1728 1728 1729
1729 1729 1730
1730 1730 1731
1731 1731 1732
1732 1732 1733
1733 1733 1734
1734 1734 1735
1735 1735 1736
1736 1736 1737
1737 1737 1738
1738 1738 1739
1739 1739 1740
1740 1740 1741
1741 1741 1742
1742 1742 1743
1743 1743 1744
1744 1744 1745
1745 1745 1746
1746 1746 1747
1747 1747 1748
1748 1748 1749
1749 1749 1750
1750 1750 1751
1751 1751 1752
1752 1752 1753
1753 1753 1754
1754 1754 1755
1755 1755 1756
1756 1756 1757
1757 1757 1758
1758 1758 1759
1759 1759 1760
1760 1760 1761
1761 1761 1762
1762 1762 1763
1763 1763 1764
1764 1764 1765
1765 1765 1766
1766 1766 1767
1767 1767 1768
1768 1768 1769
1769 1769 1770
1770 1770 1771
1771 1771 1772
1772 1772 1773
1773 1773 1774
1774 1774 1775
1775 1775 1776
1776 1776 1777
1777 1777 1778
1778 1778 1779
1779 1779 1780
1780 1780 1781
1781 1781 1782
1782 1782 1783
1783 1783 1784
1784 1784 1785
1785 1785 1786
1786 1786 1787
1787 1787 1788
1788 1788 1789
1789 1789 1790
1790 1790 1791
1791 1791 1792
1792 1792 1793
1793 1793 1794
1794 1794 1795
1795 1795 1796
1796 1796 1797
1797 1797 1798
1798 1798 1799
1799 1799 1800
1800 1800 1801
1801 1801 1802
1802 1802 1803
1803 1803 1804
1804 1804 1805
1805 1805 1806
1806 1806 1807
1807 1807 1808
1808 1808 1809
1809 1809 1810
1810 1810 1811
1811 1811 1812
1812 1812 1813
1813 1813 1814
1814 1814 1815
1815 1815 1816
1816 1816 1817
1817 1817 1818
1818 1818 1819
1819 1819 1820
1820 1820 1821
1821 1821 1822
1822 1822 1823
1823 1823 1824
1824 1824 1825
1825 1825 1826
1826 1826 1827
1827 1827 1828
1828 1828 1829
1829 1829 1830
1830 1830 1831
1831 1831 1832
1832 1832 1833
1833 1833 1834
1834 1834 1835
1835 1835 1836
1836 1836 1837
1837 1837 1838
1838 1838 1839
1839 1839 1840
1840 1840 1841
1841 1841 1842
1842 1842 1843
1843 1843 1844
1844 1844 1845
1845 1845 1846
1846 1846 1847
1847 1847 1848
1848 1848 1849
1849 1849 1850
1850 1850 1851
1851 1851 1852
1852 1852 1853
1853 1853 1854
1854 1854 1855
1855 1855 1856
1856 1856 1857
1857 1857 1858
1858 1858 1859
1859 1859 1860
1860 1860 1861
1861 1861 1862
1862 1862 1863
1863 1863 1864
1864 1864 1865
1865 1865 1866
1866 1866 1867
1867 1867 1868
1868 1868 1869
1869 1869 1870
1870 1870 1871
1871 1871 1872
1872 1872 1873
1873 1873 1874
1874 1874 1875
1875 1875 1876
1876 1876 1877
1877 1877 1878
1878 1878 1879
1879 1879 1880
1880 1880 1881
1881 1881 1882
1882 1882 1883
1883 1883 1884
1884 1884 1885
1885 1885 1886
1886 1886 1887
1887 1887 1888
1888 1888 1889
1889 1889 1890
1890 1890 1891
1891 1891 1892
1892 1892 1893
1893 1893 1894
1894 1894 1895
1895 1895 1896
1896 1896 1897
1897 1897 1898
1898 1898 1899
1899 1899 1900
1900 1900 1901
1901 1901 1902
1902 1902 1903
1903 1903 1904
1904 1904 1905
1905 1905 1906
1906 1906 1907
1907 1907 1908
1908 1908 1909
1909 1909 1910
1910 1910 1911
1911 1911 1912
1912 1912 1913
1913 1913 1914
1914 1914 1915
1915 1915 1916
1916 1916 1917
1917 1917 1918
1918 1918 1919
1919 1919 1920
1920 1920 1921
1921 1921 1922
1922 1922 1923
1923 1923 1924
1924 1924 1925
1925 1925 1926
1926 1926 1927
1927 1927 1928
1928 1928 1929
1929 1929 1930
1930 1930 1931
1931 1931 1932
1932 1932 1933
1933 1933 1934
1934 1934 1935
1935 1935 1936
1936 1936 1937
1937 1937 1938
1938 1938 1939
1939 1939 1940
1940 1940 1941
1941 1941 1942
1942 1942 1943
1943 1943 1944
1944 1944 1945
1945 1945 1946
1946 1946 1947
1947 1947 1948
1948 1948 1949
1949 1949 1950
1950 1950 1951
1951 1951 1952
1952 1952 1953
1953 1953 1954
1954 1954 1955
1955 1955 1956
1956 1956 1957
1957 1957 1958
1958 1958 1959
1959 1959 1960
1960 1960 1961
1961 1961 1962
1962 1962 1963
1963 1963 1964
1964 1964 1965
1965 1965 1966
1966 1966 1967
1967 1967 1968
1968 1968 1969
1969 1969 1970
1970 1970 1971
1971 1971 1972
1972 1972 1973
1973 1973 1974
1974 1974 1975
1975 1975 1976
1976 1976 1977
1977 1977 1978
1978 1978 1979
1979 1979 1980
1980 1980 1981
1981 1981 1982
1982 1982 1983
1983 1983 1984
1984 1984 1985
1985 1985 1986
1986 1986 1987
1987 1987 1988
1988 1988 1989
1989 1989 1990
1990 1990 1991
1991 1991 1992
1992 1992 1993
1993 1993 1994
1994 1994 1995
1995 1995 1996
1996 1996 1997
1997 1997 1998
1998 1998 1999
1999 1999 2000
2000 2000 2001
2001 2001 2002
2002 2002 2003
2003 2003 2004
2004 2004 2005
2005 2005 2006
2006 2006 2007
2007 2007 2008
2008 2008 2009
2009 2009 2010
2010 2010 2011
2011 2011 2012
2012 2012 2013
2013 2013 2014
2014 2014 2015
2015 2015 2016
2016 2016 2017
2017 2017 2018
2018 2018 2019
2019 2019 2020
2020 2020 2021
2021 2021 2022
2022 2022 2023
2023 2023 2024
2024 2024 2025
2025 2025 2026
2026 2026 2027
2027 2027 2028
2028 2028 2029
2029 2029 2030
2030 2030 2031
2031 2031 2032
2032 2032 2033
2033 2033 2034
2034 2034 2035
2035 2035 2036
2036 2036 2037
2037 2037 2038
2038 2038 2039
2039 2039 2040
2040 2040 2041
2041 2041 2042
2042 2042 2043
2043 2043 2044
2044 2044 2045
2045 2045 2046
2046 2046 2047
2047 2047 2048
2048 2048 2049
2049 2049 2050
2050 2050 2051
2051 2051 2052
2052 2052 2053
2053 2053 2054
2054 2054 2055
2055 2055 2056
2056 2056 2057
2057 2057 2058
2058 2058 2059
2059 2059 2060
2060 2060 2061
2061 2061 2062
2062 2062 2063
2063 2063 2064
2064 2064 2065
2065 2065 2066
2066 2066 2067
2067 2067 2068
2068 2068 2069
2069 2069 2070
2070 2070 2071
2071 2071 2072
2072 2072 2073
2073 2073 2074
2074 2074 2075
2075 2075 2076
2076 2076 2077
2077 2077 2078
2078 2078 2079
2079 2079 2080
2080 2080 2081
2081 2081 2082
2082 2082 2083
2083 2083 2084
2084 2084 2085
2085 2085 2086
2086 2086 2087
2087 2087 2088
2088 2088 2089
2089 2089 2090
2090 2090 2091
2091 2091 2092
2092 2092 2093
2093 2093 2094
2094 2094 2095
2095 2095 2096
2096 2096 2097
2097 2097 2098
2098 2098 2099
2099 2099 2100
2100 2100 2101
2101 2101 2102
2102 2102 2103
2103 2103 2104
2104 2104 2105
2105 2105 2106
2106 2106 2107
2107 2107 2108
2108 2108 2109
2109 2109 2110
2110 2110 2111
2111 2111 2112
2112 2112 2113
2113 2113 2114
2114 2114 2115
2115 2115 2116
2116 2116 2117
2117 2117 2118
2118 2118 2119
2119 2119 2120
2120 2120 2121
2121 2121 2122
2122 2122 2123
2123 2123 2124
2124 2124 2125
2125 2125 2126
2126 2126 2127
2127 2127 2128
2128 2128 2129
2129 2129 2130
2130 2130 2131
2131 2131 2132
2132 2132 2133
2133 2133 2134
2134 2134 2135
2135 2135 2136
2136 2136 2137
2137 2137 2138
2138 2138 2139
2139 2139 2140
2140 2140 2141
2141 2141 2142
2142 2142 2143
2143 2143 2144
2144 2144 2145
2145 2145 2146
2146 2146 2147
2147 2147 2148
2148 2148 2149
2149 2149 2150
2150 2150 2151
2151 2151 2152
2152 2152 2153
2153 2153 2154
2154 2154 2155
2155 2155 2156
2156 2156 2157
2157 2157 2158
2158 2158 2159
2159 2159 2160
2160 2160 2161
2161 2161 2162
2162 2162 2163
2163 2163 2164
2164 2164 2165
2165 2165 2166
2166 2166 2167
2167 2167 2168
2168 2168 2169
2169 2169 2170
2170 2170 2171
2171 2171 2172
2172 2172 2173
2173 2173 2174
2174 2174 2175
2175 2175 2176
2176 2176 2177
2177 2177 2178
2178 2178 2179
2179 2179 2180
2180 2180 2181
2181 2181 2182
2182 2182 2183
2183 2183 2184
2184 2184 2185
2185 2185 2186
2186 2186 2187
2187 2187 2188
2188 2188 2189
2189 2189 2190
2190 2190 2191
2191 2191 2192
2192 2192 2193
2193 2193 2194
2194 2194 2195
2195 2195 2196
2196 2196 2197
2197 2197 2198
2198 2198 2199
2199 2199 2200
2200 2200 2201
2201 2201 2202
2202 2202 2203
2203 2203 2204
2204 2204 2205
2205 2205 2206
2206 2206 2207
2207 2207 2208
2208 2208 2209
2209 2209 2210
2210 2210 2211
2211 2211 2212
2212 2212 2213
2213 2213 2214
2214 2214 2215
2215 2215 2216
2216 2216 2217
2217 2217 2218
2218 2218 2219
2219 2219 2220
2220 2220 2221
2221 2221 2222
2222 2222 2223
2223 2223 2224
2224 2224 2225
2225 2225 2226
2226 2226 2227
2227 2227 2228
2228 2228 2229
2229 2229 2230
2230 2230 2231
2231 2231 2232
2232 2232 2233
2233 2233 2234
2234 2234 2235
2235 2235 2236
2236 2236 2237
2237 2237 2238
2238 2238 2239
2239 2239 2240
2240 2240 2241
2241 2241 2242
2242 2242 2243
2243 2243 2244
2244 2244 2245
2245 2245 2246
2246 2246 2247
2247 2247 2248
2248 2248 2249
2249 2249 2250
2250 2250 2251
2251 2251 2252
2252 2252 2253
2253 2253 2254
2254 2254 2255
2255 2255 2256
2256 2256 2257
2257 2257 2258
2258 2258 2259
2259 2259 2260
2260 2260 2261
2261 2261 2262
2262 2262 2263
2263 2263 2264
2264 2264 2265
2265 2265 2266
2266 2266 2267
2267 2267 2268
2268 2268 2269
2269 2269 2270
2270 2270 2271
2271 2271 2272
2272 2272 2273
2273 2273 2274
2274 2274 2275
2275 2275 2276
2276 2276 2277
2277 2277 2278
2278 2278 2279
2279 2279 2280
2280 2280 2281
2281 2281 2282
2282 2282 2283
2283 2283 2284
2284 2284 2285
2285 2285 2286
2286 2286 2287
2287 2287 2288
2288 2288 2289
2289 2289 2290
2290 2290 2291
2291 2291 2292
2292 2292 2293
2293 2293 2294
2294 2294 2295
2295 2295 2296
2296 2296 2297
2297 2297 2298
2298 2298 2299
2299 2299 2300
2300 2300 2301
2301 2301 2302
2302 2302 2303
2303 2303 2304
2304 2304 2305
2305 2305 2306
2306 2306 2307
2307 2307 2308
2308 2308 2309
2309 2309 2310
2310 2310 2311
2311 2311 2312
2312 2312 2313
2313 2313 2314
2314 2314 2315
2315 2315 2316
2316 2316 2317
2317 2317 2318
2318 2318 2319
2319 2319 2320
2320 2320 2321
2321 2321 2322
2322 2322 2323
2323 2323 2324
2324 2324 2325
2325 2325 2326
2326 2326 2327
2327 2327 2328
2328 2328 2329
2329 2329 2330
2330 2330 2331
2331 2331 2332
2332 2332 2333
2333 2333 2334
2334 2334 2335
2335 2335 2336
2336 2336 2337
2337 2337 2338
2338 2338 2339
2339 2339 2340
2340 2340 2341
2341 2341 2342
2342 2342 2343
2343 2343 2344
2344 2344 2345
2345 2345 2346
2346 2346 2347
2347 2347 2348
2348 2348 2349
2349 2349 2350
2350 2350 2351
2351 2351 2352
2352 2352 2353
2353 2353 2354
2354 2354 2355
2355 2355 2356
2356 2356 2357
2357 2357 2358
2358 2358 2359
2359 2359 2360
2360 2360 2361
2361 2361 2362
2362 2362 2363
2363 2363 2364
2364 2364 2365
2365 2365 2366
2366 2366 2367
2367 2367 2368
2368 2368 2369
2369 2369 2370
2370 2370 2371
2371 2371 2372
2372 2372 2373
2373 2373 2374
2374 2374 2375
2375 2375 2376
2376 2376 2377
2377 2377 2378
2378 2378 2379
2379 2379 2380
2380 2380 2381
2381 2381 2382
2382 2382 2383
2383 2383 2384
2384 2384 2385
2385 2385 2386
2386 2386 2387
2387 2387 2388
2388 2388 2389
2389 2389 2390
2390 2390 2391
2391 2391 2392
2392 2392 2393
2393 2393 2394
2394 2394 2395
2395 2395 2396
2396 2396 2397
2397 2397 2398
2398 2398 2399
2399 2399 2400
2400 2400 2401
2401 2401 2402
2402 2402 2403
2403 2403 2404
2404 2404 2405
2405 2405 2406
2406 2406 2407
2407 2407 2408
2408 2408 2409
2409 2409 2410
2410 2410 2411
2411 2411 2412
2412 2412 2413
2413 2413 2414
2414 2414 2415
2415 2415 2416
2416 2416 2417
2417 2417 2418
2418 2418 2419
2419 2419 2420
2420 2420 2421
2421 2421 2422
2422 2422 2423
2423 2423 2424
2424 2424 2425
2425 2425 2426
2426 2426 2427
2427 2427 2428
2428 2428 2429
2429 2429 2430
2430 2430 2431
2431 2431 2432
2432 2432 2433
2433 2433 2434
2434 2434 2435
2435 2435 2436
2436 2436 2437
2437 2437 2438
2438 2438 2439
2439 2439 2440
2440 2440 2441
2441 2441 2442
2442 2442 2443
2443 2443 2444
2444 2444 2445
2445 2445 2446
2446 2446 2447
2447 2447 2448
2448 2448 2449
2449 2449 2450
2450 2450 2451
2451 2451 2452
2452 2452 2453
2453 2453 2454
2454 2454 2455
2455 2455 2456
2456 2456 2457
2457 2457 2458
2458 2458 2459
2459 2459 2460
2460 2460 2461
2461 2461 2462
2462 2462 2463
2463 2463 2464
2464 2464 2465
2465 2465 2466
2466 2466 2467
2467 2467 2468
2468 2468 2469
2469 2469 2470
2470 2470 2471
2471 2471 2472
2472 2472 2473
2473 2473 2474
2474 2474 2475
2475 2475 2476
2476 2476 2477
2477 2477 2478
2478 2478 2479
2479 2479 2480
2480 2480 2481
2481 2481 2482
2482 2482 2483
2483 2483 2484
2484 2484 2485
2485 2485 2486
2486 2486 2487
2487 2487 2488
2488 2488 2489
2489 2489 2490
2490 2490 2491
2491 2491 2492
2492 2492 2493
2493 2493 2494
2494 2494 2495
2495 2495 2496
2496 2496 2497
2497 2497 2498
2498 2498 2499
2499 2499 2500
2500 2500 2501
2501 2501 2502
2502 2502 2503
2503 2503 2504
2504 2504 2505
2505 2505 2506
2506 2506 2507
2507 2507 2508
2508 2508 2509
2509 2509 2510
2510 2510 2511
2511 2511 2512
2512 2512 2513
2513 2513 2514
2514 2514 2515
2515 2515 2516
2516 2516 2517
2517 2517 2518
2518 2518 2519
2519 2519 2520
2520 2520 2521
2521 2521 2522
2522 2522 2523
2523 2523 2524
2524 2524 2525
2525 2525 2526
2526 2526 2527
2527 2527 2528
2528 2528 2529
2529 2529 2530
2530 2530 2531
2531 2531 2532
2532 2532 2533
2533 2533 2534
2534 2534 2535
2535 2535 2536
2536 2536 2537
2537 2537 2538
2538 2538 2539
2539 2539 2540
2540 2540 2541
2541 2541 2542
2542 2542 2543
2543 2543 2544
2544 2544 2545
2545 2545 2546
2546 2546 2547
2547 2547 2548
2548 2548 2549
2549 2549 2550
2550 2550 2551
2551 2551 2552
2552 2552 2553
2553 2553 2554
2554 2554 2555
2555 2555 2556
2556 2556 2557
2557 2557 2558
2558 2558 2559
2559 2559 2560
2560 2560 2561
2561 2561 2562
2562 2562 2563
2563 2563 2564
2564 2564 2565
2565 2565 2566
2566 2566 2567
2567 2567 2568
2568 2568 2569
2569 2569 2570
2570 2570 2571
2571 2571 2572
2572 2572 2573
2573 2573 2574
2574 2574 2575
2575 2575 2576
2576 2576 2577
2577 2577 2578
2578 2578 2579
2579 2579 2580
2580 2580 2581
2581 2581 2582
2582 2582 2583
2583 2583 2584
2584 2584 2585
2585 2585 2586
2586 2586 2587
2587 2587 2588
2588 2588 2589
2589 2589 2590
2590 2590 2591
2591 2591 2592
2592 2592 2593
2593 2593 2594
2594 2594 2595
2595 2595 2596
2596 2596 2597
2597 2597 2598
2598 2598 2599
2599 2599 2600
2600 2600 2601
2601 2601 2602
2602 2602 2603
2603 2603 2604
2604 2604 2605
2605 2605 2606
2606 2606 2607
2607 2607 2608
2608 2608 2609
2609 2609 2610
2610 2610 2611
2611 2611 2612
2612 2612 2613
2613 2613 2614
2614 2614 2615
2615 2615 2616
2616 2616 2617
2617 2617 2618
2618 2618 2619
2619 2619 2620
2620 2620 2621
2621 2621 2622
2622 2622 2623
2623 2623 2624
2624 2624 2625
2625 2625 2626
2626 2626 2627
2627 2627 2628
2628 2628 2629
2629 2629 2630
2630 2630 2631
2631 2631 2632
2632 2632 2633
2633 2633 2634
2634 2634 2635
2635 2635 2636
2636 2636 2637
2637 2637 2638
2638 2638 2639
2639 2639 2640
2640 2640 2641
2641 2641 2642
2642 2642 2643
2643 2643 2644
2644 2644 2645
2645 2645 2646
2646 2646 2647
2647 2647 2648
2648 2648 2649
2649 2649 2650
2650 2650 2651
2651 2651 2652
2652 2652 2653
2653 2653 2654
2654 2654 2655
2655 2655 2656
2656 2656 2657
2657 2657 2658
2658 2658 2659
2659 2659 2660
2660 2660 2661
2661 2661 2662
2662 2662 2663
2663 2663 2664
2664 2664 2665
2665 2665 2666
2666 2666 2667
2667 2667 2668
2668 2668 2669
2669 2669 2670
2670 2670 2671
2671 2671 2672
2672 2672 2673
2673 2673 2674
2674 2674 2675
2675 2675 2676
2676 2676 2677
2677 2677 2678
2678 2678 2679
2679 2679 2680
2680 2680 2681
2681 2681 2682
2682 2682 2683
2683 2683 2684
2684 2684 2685
2685 2685 2686
2686 2686 2687
2687 2687 2688
2688 2688 2689
2689 2689 2690
2690 2690 2691
2691 2691 2692
2692 2692 2693
2693 2693 2694
2694 2694 2695
2695 2695 2696
2696 2696 2697
2697 2697 2698
2698 2698 2699
2699 2699 2700
2700 2700 2701
2701 2701 2702
2702 2702 2703
2703 2703 2704
2704 2704 2705
2705 2705 2706
2706 2706 2707
2707 2707 2708
2708 2708 2709
2709 2709 2710
2710 2710 2711
2711 2711 2712
2712 2712 2713
2713 2713 2714
2714 2714 2715
2715 2715 2716
2716 2716 2717
2717 2717 2718
2718 2718 2719
2719 2719 2720
2720 2720 2721
2721 2721 2722
2722 2722 2723
2723 2723 2724
2724 2724 2725
2725 2725 2726
2726 2726 2727
2727 2727 2728
2728 2728 2729
2729 2729 2730
2730 2730 2731
2731 2731 2732
2732 2732 2733
2733 2733 2734
2734 2734 2735
2735 2735 2736
2736 2736 2737
2737 2737 2738
2738 2738 2739
2739 2739 2740
2740 2740 2741
2741 2741 2742
2742 2742 2743
2743 2743 2744
2744 2744 2745
2745 2745 2746
2746 2746 2747
2747 2747 2748
2748 2748 2749
2749 2749 2750
2750 2750 2751
2751 2751 2752
2752 2752 2753
2753 2753 2754
2754 2754 2755
2755 2755 2756
2756 2756 2757
2757 2757 2758
2758 2758 2759
2759 2759 2760
2760 2760 2761
2761 2761 2762
2762 2762 2763
2763 2763 2764
2764 2764 2765
2765 2765 2766
2766 2766 2767
2767 2767 2768
2768 2768 2769
2769 2769 2770
2770 2770 2771
2771 2771 2772
2772 2772 2773
2773 2773 2774
2774 2774 2775
2775 2775 2776
2776 2776 2777
2777 2777 2778
2778 2778 2779
2779 2779 2780
2780 2780 2781
2781 2781 2782
2782 2782 2783
2783 2783 2784
2784 2784 2785
2785 2785 2786
2786 2786 2787
2787 2787 2788
2788 2788 2789
2789 2789 2790
2790 2790 2791
2791 2791 2792
2792 2792 2793
2793 2793 2794
2794 2794 2795
2795 2795 2796
2796 2796 2797
2797 2797 2798
2798 2798 2799
2799 2799 2800
2800 2800 2801
2801 2801 2802
2802 2802 2803
2803 2803 2804
2804 2804 2805
2805 2805 2806
2806 2806 2807
2807 2807 2808
2808 2808 2809
2809 2809 2810
2810 2810 2811
2811 2811 2812
2812 2812 2813
2813 2813 2814
2814 2814 2815
2815 2815 2816
2816 2816 2817
2817 2817 2818
2818 2818 2819
2819 2819 2820
2820 2820 2821
2821 2821 2822
2822 2822 2823
2823 2823 2824
2824 2824 2825
2825 2825 2826
2826 2826 2827
2827 2827 2828
2828 2828 2829
2829 2829 2830
2830 2830 2831
2831 2831 2832
2832 2832 2833
2833 2833 2834
2834 2834 2835
2835 2835 2836
2836 2836 2837
2837 2837 2838
2838 2838 2839
2839 2839 2840
2840 2840 2841
2841 2841 2842
2842 2842 2843
2843 2843 2844
2844 2844 2845
2845 2845 2846
2846 2846 2847
2847 2847 2848
2848 2848 2849
2849 2849 2850
2850 2850 2851
2851 2851 2852
2852 2852 2853
2853 2853 2854
2854 2854 2855
2855 2855 2856
2856 2856 2857
2857 2857 2858
2858 2858 2859
2859 2859 2860
2860 2860 2861
2861 2861 2862
2862 2862 2863
2863 2863 2864
2864 2864 2865
2865 2865 2866
2866 2866 2867
2867 2867 2868
2868 2868 2869
2869 2869 2870
2870 2870 2871
2871 2871 2872
2872 2872 2873
2873 2873 2874
2874 2874 2875
2875 2875 2876
2876 2876 2877
2877 2877 2878
2878 2878 2879
2879 2879 2880
2880 2880 2881
2881 2881 2882
2882 2882 2883
2883 2883 2884
2884 2884 2885
2885 2885 2886
2886 2886 2887
2887 2887 2888
2888 2888 2889
2889 2889 2890
2890 2890 2891
2891 2891 2892
2892 2892 2893
2893 2893 2894
2894 2894 2895
2895 2895 2896
2896 2896 2897
2897 2897 2898
2898 2898 2899
2899 2899 2900
2900 2900 2901
2901 2901 2902
2902 2902 2903
2903 2903 2904
2904 2904 2905
2905 2905 2906
2906 2906 2907
2907 2907 2908
2908 2908 2909
2909 2909 2910
2910 2910 2911
2911 2911 2912
2912 2912 2913
2913 2913 2914
2914 2914 2915
2915 2915 2916
2916 2916 2917
2917 2917 2918
2918 2918 2919
2919 2919 2920
2920 2920 2921
2921 2921 2922
2922 2922 2923
2923 2923 2924
2924 2924 2925
2925 2925 2926
2926 2926 2927
2927 2927 2928
2928 2928 2929
2929 2929 2930
2930 2930 2931
2931 2931 2932
2932 2932 2933
2933 2933 2934
2934 2934 2935
2935 2935 2936
2936 2936 2937
2937 2937 2938
2938 2938 2939
2939 2939 2940
2940 2940 2941
2941 2941 2942
2942 2942 2943
2943 2943 2944
2944 2944 2945
2945 2945 2946
2946 2946 2947
2947 2947 2948
2948 2948 2949
2949 2949 2950
2950 2950 2951
2951 2951 2952
2952 2952 2953
2953 2953 2954
2954 2954 2955
2955 2955 2956
2956 2956 2957
2957 2957 2958
2958 2958 2959
2959 2959 2960
2960 2960 2961
2961 2961 2962
2962 2962 2963
2963 2963 2964
2964 2964 2965
2965 2965 2966
2966 2966 2967
2967 2967 2968
2968 2968 2969
2969 2969 2970
2970 2970 2971
2971 2971 2972
2972 2972 2973
2973 2973 2974
2974 2974 2975
2975 2975 2976
2976 2976 2977
2977 2977 2978
2978 2978 2979
2979 2979 2980
2980 2980 2981
2981 2981 2982
2982 2982 2983
2983 2983 2984
2984 2984 2985
2985 2985 2986
2986 2986 2987
2987 2987 2988
2988 2988 2989
2989 2989 2990
2990 2990 2991
2991 2991 2992
2992 2992 2993
2993 2993 2994
2994 2994 2995
2995 2995 2996
2996 2996 2997
2997 2997 2998
2998 2998 2999
2999 2999 3000
3000 3000 3001
3001 3001 3002
3002 3002 3003
3003 3003 3004
3004 3004 3005
3005 3005 3006
3006 3006 3007
3007 3007 3008
3008 3008 3009
3009 3009 3010
3010 3010 3011
3011 3011 3012
3012 3012 3013
3013 3013 3014
3014 3014 3015
3015 3015 3016
3016 3016 3017
3017 3017 3018
3018 3018 3019
3019 3019 3020
3020 3020 3021
3021 3021 3022
3022 3022 3023
3023 3023 3024
3024 3024 3025
3025 3025 3026
3026 3026 3027
3027 3027 3028
3028 3028 3029
3029 3029 3030
3030 3030 3031
3031 3031 3032
3032 3032 3033
3033 3033 3034
3034 3034 3035
3035 3035 3036
3036 3036 3037
3037 3037 3038
3038 3038 3039
3039 3039 3040
3040 3040 3041
3041 3041 3042
3042 3042 3043
3043 3043 3044
3044 3044 3045
3045 3045 3046
3046 3046 3047
3047 3047 3048
3048 3048 3049
3049 3049 3050
3050 3050 3051
3051 3051 3052
3052 3052 3053
3053 3053 3054
3054 3054 3055
3055 3055 3056
3056 3056 3057
3057 3057 3058
3058 3058 3059
3059 3059 3060
3060 3060 3061
3061 3061 3062
3062 3062 3063
3063 3063 3064
3064 3064 3065
3065 3065 3066
3066 3066 3067
3067 3067 3068
3068 3068 3069
3069 3069 3070
3070 3070 3071
3071 3071 3072
3072 3072 3073
3073 3073 3074
3074 3074 3075
3075 3075 3076
3076 3076 3077
3077 3077 3078
3078 3078 3079
3079 3079 3080
3080 3080 3081
3081 3081 3082
3082 3082 3083
3083 3083 3084
3084 3084 3085
3085 3085 3086
3086 3086 3087
3087 3087 3088
3088 3088 3089
3089 3089 3090
3090 3090 3091
3091 3091 3092
3092 3092 3093
3093 3093 3094
3094 3094 3095
3095 3095 3096
3096 3096 3097
3097 3097 3098
3098 3098 3099
3099 3099 3100
3100 3100 3101
3101 3101 3102
3102 3102 3103
3103 3103 3104
3104 3104 3105
3105 3105 3106
3106 3106 3107
3107 3107 3108
3108 3108 3109
3109 3109 3110
3110 3110 3111
3111 3111 3112
3112 3112 3113
3113 3113 3114
3114 3114 3115
3115 3115 3116
3116 3116 3117
3117 3117 3118
3118 3118 3119
3119 3119 3120
3120 3120 3121
3121 3121 3122
3122 3122 3123
3123 3123 3124
3124 3124 3125
3125 3125 3126
3126 3126 3127
3127 3127 3128
3128 3128 3129
3129 3129 3130
3130 3130 3131
3131 3131 3132
3132 3132 3133
3133 3133 3134
3134 3134 3135
3135 3135 3136
3136 3136 3137
3137 3137 3138
3138 3138 3139
3139 3139 3140
3140 3140 3141
3141 3141 3142
3142 3142 3143
3143 3143 3144
3144 3144 3145
3145 3145 3146
3146 3146 3147
3147 3147 3148
3148 3148 3149
3149 3149 3150
3150 3150 3151
3151 3151 3152
3152 3152 3153
3153 3153 3154
3154 3154 3155
3155 3155 3156
3156 3156 3157
3157 3157 3158
3158 3158 3159
3159 3159 3160
3160 3160 3161
3161 3161 3162
3162 3162 3163
3163 3163 3164
3164 3164 3165
3165 3165 3166
3166 3166 3167
3167 3167 3168
3168 3168 3169
3169 3169 3170
3170 3170 3171
3171 3171 3172
3172 3172 3173
3173 3173 3174
3174 3174 3175
3175 3175 3176
3176 3176 3177
3177 3177 3178
3178 3178 3179
3179 3179 3180
3180 3180 3181
3181 3181 3182
3182 3182 3183
3183 3183 3184
3184 3184 3185
3185 3185 3186
3186 3186 3187
3187 3187 3188
3188 3188 3189
3189 3189 3190
3190 3190 3191
3191 3191 3192
3192 3192 3193
3193 3193 3194
3194 3194 3195
3195 3195 3196
3196 3196 3197
3197 3197 3198
3198 3198 3199
3199 3199 3200
3200 3200 3201
3201 3201 3202
3202 3202 3203
3203 3203 3204
3204 3204 3205
3205 3205 3206
3206 3206 3207
3207 3207 3208
3208 3208 3209
3209 3209 3210
3210 3210 3211
3211 3211 3212
3212 3212 3213
3213 3213 3214
3214 3214 3215
3215 3215 3216
3216 3216 3217
3217 3217 3218
3218 3218 3219
3219 3219 3220
3220 3220 3221
3221 3221 3222
3222 3222 3223
3223 3223 3224
3224 3224 3225
3225 3225 3226
3226 3226 3227
3227 3227 3228
3228 3228 3229
3229 3229 3230
3230 3230 3231
3231 3231 3232
3232 3232 3233
3233 3233 3234
3234 3234 3235
3235 3235 3236
3236 3236 3237
3237 3237 3238
3238 3238 3239
3239 3239 3240
3240 3240 3241
3241 3241 3242
3242 3242 3243
3243 3243 3244
3244 3244 3245
3245 3245 3246
3246 3246 3247
3247 3247 3248
3248 3248 3249
3249 3249 3250
3250 3250 3251
3251 3251 3252
3252 3252 3253
3253 3253 3254
3254 3254 3255
3255 3255 3256
3256 3256 3257
3257 3257 3258
3258 3258 3259
3259 3259 3260
3260 3260 3261
3261 3261 3262
3262 3262 3263
3263 3263 3264
3264 3264 3265
3265 3265 3266
3266 3266 3267
3267 3267 3268
3268 3268 3269
3269 3269 3270
3270 3270 3271
3271 3271 3272
3272 3272 3273
3273 3273 3274
3274 3274 3275
3275 3275 3276
3276 3276 3277
3277 3277 3278
3278 3278 3279
3279 3279 3280
3280 3280 3281
3281 3281 3282
3282 3282 3283
3283 3283 3284
3284 3284 3285
3285 3285 3286
3286 3286 3287
3287 3287 3288
3288 3288 3289
3289 3289 3290
3290 3290 3291
3291 3291 3292
3292 3292 3293
3293 3293 3294
3294 3294 3295
3295 3295 3296
3296 3296 3297
3297 3297 3298
3298 3298 3299
3299 3299 3300
3300 3300 3301
3301 3301 3302
3302 3302 3303
3303 3303 3304
3304 3304 3305
3305 3305 3306
3306 3306 3307
3307 3307 3308
3308 3308 3309
3309 3309 3310
3310 3310 3311
3311 3311 3312
3312 3312 3313
3313 3313 3314
3314 3314 3315
3315 3315 3316
3316 3316 3317
3317 3317 3318
3318 3318 3319
3319 3319 3320
3320 3320 3321
3321 3321 3322
3322 3322 3323
3323 3323 3324
3324 3324 3325
3325 3325 3326
3326 3326 3327
3327 3327 3328
3328 3328 3329
3329 3329 3330
3330 3330 3331
3331 3331 3332
3332 3332 3333
3333 3333 3334
3334 3334 3335
3335 3335 3336
3336 3336 3337
3337 3337 3338
3338 3338 3339
3339 3339 3340
3340 3340 3341
3341 3341 3342
3342 3342 3343
3343 3343 3344
3344 3344 3345
3345 3345 3346
3346 3346 3347
3347 3347 3348
3348 3348 3349
3349 3349 3350
3350 3350 3351
3351 3351 3352
3352 3352 3353
3353 3353 3354
3354 3354 3355
3355 3355 3356
3356 3356 3357
3357 3357 3358
3358 3358 3359
3359 3359 3360
3360 3360 3361
3361 3361 3362
3362 3362 3363
3363 3363 3364
3364 3364 3365
3365 3365 3366
3366 3366 3367
3367 3367 3368
3368 3368 3369
3369 3369 3370
3370 3370 3371
3371 3371 3372
3372 3372 3373
3373 3373 3374
3374 3374 3375
3375 3375 3376
3376 3376 3377
3377 3377 3378
3378 3378 3379
3379 3379 3380
3380 3380 3381
3381 3381 3382
3382 3382 3383
3383 3383 3384
3384 3384 3385
3385 3385 3386
3386 3386 3387
3387 3387 3388
3388 3388 3389
3389 3389 3390
3390 3390 3391
3391 3391 3392
3392 3392 3393
3393 3393 3394
3394 3394 3395
3395 3395 3396
3396 3396 3397
3397 3397 3398
3398 3398 3399
3399 3399 3400
3400 3400 3401
3401 3401 3402
3402 3402 3403
3403 3403 3404
3404 3404 3405
3405 3405 3406
3406 3406 3407
3407 3407 3408
3408 3408 3409
3409 3409 3410
3410 3410 3411
3411 3411 3412
3412 3412 3413
3413 3413 3414
3414 3414 3415
3415 3415 3416
3416 3416 3417
3417 3417 3418
3418 3418 3419
3419 3419 3420
3420 3420 3421
3421 3421 3422
3422 3422 3423
3423 3423 3424
3424 3424 3425
3425 3425 3426
3426 3426 3427
3427 3427 3428
3428 3428 3429
3429 3429 3430
3430 3430 3431
3431 3431 3432
3432 3432 3433
3433 3433 3434
3434 3434 3435
3435 3435 3436
3436 3436 3437
3437 3437 3438
3438 3438 3439
3439 3439 3440
3440 3440 3441
3441 3441 3442
3442 3442 3443
3443 3443 3444
3444 3444 3445
3445 3445 3446
3446 3446 3447
3447 3447 3448
3448 3448 3449
3449 3449 3450
3450 3450 3451
3451 3451 3452
3452 3452 3453
3453 3453 3454
3454 3454 3455
3455 3455 3456
3456 3456 3457
3457 3457 3458
3458 3458 3459
3459 3459 3460
3460 3460 3461
3461 3461 3462
3462 3462 3463
3463 3463 3464
3464 3464 3465
3465 3465 3466
3466 3466 3467
3467 3467 3468
3468 3468 3469
3469 3469 3470
3470 3470 3471
3471 3471 3472
3472 3472 3473
3473 3473 3474
3474 3474 3475
3475 3475 3476
3476 3476 3477
3477 3477 3478
3478 3478 3479
3479 3479 3480
3480 3480 3481
3481 3481 3482
3482 3482 3483
3483 3483 3484
3484 3484 3485
3485 3485 3486
3486 3486 3487
3487 3487 3488
3488 3488 3489
3489 3489 3490
3490 3490 3491
3491 3491 3492
3492 3492 3493
3493 3493 3494
3494 3494 3495
3495 3495 3496
3496 3496 3497
3497 3497 3498
3498 3498 3499
3499 3499 3500
3500 3500 3501
3501 3501 3502
3502 3502 3503
3503 3503 3504
3504 3504 3505
3505 3505 3506
3506 3506 3507
3507 3507 3508
3508 3508 3509
3509 3509 3510
3510 3510 3511
3511 3511 3512
3512 3512 3513
3513 3513 3514
3514 3514 3515
3515 3515 3516
3516 3516 3517
3517 3517 3518
3518 3518 3519
3519 3519 3520
3520 3520 3521
3521 3521 3522
3522 3522 3523
3523 3523 3524
3524 3524 3525
3525 3525 3526
3526 3526 3527
3527 3527 3528
3528 3528 3529
3529 3529 3530
3530 3530 3531
3531 3531 3532
3532 3532 3533
3533 3533 3534
3534 3534 3535
3535 3535 3536
3536 3536 3537
3537 3537 3538
3538 3538 3539
3539 3539 3540
3540 3540 3541
3541 3541 3542
3542 3542 3543
3543 3543 3544
3544 3544 3545
3545 3545 3546
3546 3546 3547
3547 3547 3548
3548 3548 3549
3549 3549 3550
3550 3550 3551
3551 3551 3552
3552 3552 3553
3553 3553 3554
3554 3554 3555
3555 3555 3556
3556 3556 3557
3557 3557 3558
3558 3558 3559
3559 3559 3560
3560 3560 3561
3561 3561 3562
3562 3562 3563
3563 3563 3564
3564 3564 3565
3565 3565 3566
3566 3566 3567
3567 3567 3568
3568 3568 3569
3569 3569 3570
3570 3570 3571
3571 3571 3572
3572 3572 3573
3573 3573 3574
3574 3574 3575
3575 3575 3576
3576 3576 3577
3577 3577 3578
3578 3578 3579
3579 3579 3580
3580 3580 3581
3581 3581 3582
3582 3582 3583
3583 3583 3584
3584 3584 3585
3585 3585 3586
3586 3586 3587
3587 3587 3588
3588 3588 3589
3589 3589 3590
3590 3590 3591
3591 3591 3592
3592 3592 3593
3593 3593 3594
3594 3594 3595
3595 3595 3596
3596 3596 3597
3597 3597 3598
3598 3598 3599
3599 3599 3600
3600 3600 3601
3601 3601 3602
3602 3602 3603
3603 3603 3604
3604 3604 3605
3605 3605 3606
3606 3606 3607
3607 3607 3608
3608 3608 3609
3609 3609 3610
3610 3610 3611
3611 3611 3612
3612 3612 3613
3613 3613 3614
3614 3614 3615
3615 3615 3616
3616 3616 3617
3617 3617 3618
3618 3618 3619
3619 3619 3620
3620 3620 3621
3621 3621 3622
3622 3622 3623
3623 3623 3624
3624 3624 3625
3625 3625 3626
3626 3626 3627
3627 3627 3628
3628 3628 3629
3629 3629 3630
3630 3630 3631
3631 3631 3632
3632 3632 3633
3633 3633 3634
3634 3634 3635
3635 3635 3636
3636 3636 3637
3637 3637 3638
3638 3638 3639
3639 3639 3640
3640 3640 3641
3641 3641 3642
3642 3642 3643
3643 3643 3644
3644 3644 3645
3645 3645 3646
3646 3646 3647
3647 3647 3648
3648 3648 3649
3649 3649 3650
3650 3650 3651
3651 3651 3652
3652 3652 3653
3653 3653 3654
3654 3654 3655
3655 3655 3656
3656 3656 3657
3657 3657 3658
3658 3658 3659
3659 3659 3660
3660 3660 3661
3661 3661 3662
3662 3662 3663
3663 3663 3664
3664 3664 3665
3665 3665 3666
3666 3666 3667
3667 3667 3668
3668 3668 3669
3669 3669 3670
3670 3670 3671
3671 3671 3672
3672 3672 3673
3673 3673 3674
3674 3674 3675
3675 3675 3676
3676 3676 3677
3677 3677 3678
3678 3678 3679
3679 3679 3680
3680 3680 3681
3681 3681 3682
3682 3682 3683
3683 3683 3684
3684 3684 3685
3685 3685 3686
3686 3686 3687
3687 3687 3688
3688 3688 3689
3689 3689 3690
3690 3690 3691
3691 3691 3692
3692 3692 3693
3693 3693 3694
3694 3694 3695
3695 3695 3696
3696 3696 3697
3697 3697 3698
3698 3698 3699
3699 3699 3700
3700 3700 3701
3701 3701 3702
3702 3702 3703
3703 3703 3704
3704 3704 3705
3705 3705 3706
3706 3706 3707
3707 3707 3708
3708 3708 3709
3709 3709 3710
3710 3710 3711
3711 3711 3712
3712 3712 3713
3713 3713 3714
3714 3714 3715
3715 3715 3716
3716 3716 3717
3717 3717 3718
3718 3718 3719
3719 3719 3720
3720 3720 3721
3721 3721 3722
3722 3722 3723
3723 3723 3724
3724 3724 3725
3725 3725 3726
3726 3726 3727
3727 3727 3728
3728 3728 3729
3729 3729 3730
3730 3730 3731
3731 3731 3732
3732 3732 3733
3733 3733 3734
3734 3734 3735
3735 3735 3736
3736 3736 3737
3737 3737 3738
3738 3738 3739
3739 3739 3740
3740 3740 3741
3741 3741 3742
3742 3742 3743
3743 3743 3744
3744 3744 3745
3745 3745 3746
3746 3746 3747
3747 3747 3748
3748 3748 3749
3749 3749 3750
3750 3750 3751
3751 3751 3752
3752 3752 3753
3753 3753 3754
3754 3754 3755
3755 3755 3756
3756 3756 3757
3757 3757 3758
3758 3758 3759
3759 3759 3760
3760 3760 3761
3761 3761 3762
3762 3762 3763
3763 3763 3764
3764 3764 3765
3765 3765 3766
3766 3766 3767
3767 3767 3768
3768 3768 3769
3769 3769 3770
3770 3770 3771
3771 3771 3772
3772 3772 3773
3773 3773 3774
3774 3774 3775
3775 3775 3776
3776 3776 3777
3777 3777 3778
3778 3778 3779
3779 3779 3780
3780 3780 3781
3781 3781 3782
3782 3782 3783
3783 3783 3784
3784 3784 3785
3785 3785 3786
3786 3786 3787
3787 3787 3788
3788 3788 3789
3789 3789 3790
3790 3790 3791
3791 3791 3792
3792 3792 3793
3793 3793 3794
3794 3794 3795
3795 3795 3796
3796 3796 3797
3797 3797 3798
3798 3798 3799
3799 3799 3800
3800 3800 3801
3801 3801 3802
3802 3802 3803
3803 3803 3804
3804 3804 3805
3805 3805 3806
3806 3806 3807
3807 3807 3808
3808 3808 3809
3809 3809 3810
3810 3810 3811
3811 3811 3812
3812 3812 3813
3813 3813 3814
3814 3814 3815
3815 3815 3816
3816 3816 3817
3817 3817 3818
3818 3818 3819
3819 3819 3820
3820 3820 3821
3821 3821 3822
3822 3822 3823
3823 3823 3824
3824 3824 3825
3825 3825 3826
3826 3826 3827
3827 3827 3828
3828 3828 3829
3829 3829 3830
3830 3830 3831
3831 3831 3832
3832 3832 3833
3833 3833 3834
3834 3834 3835
3835 3835 3836
3836 3836 3837
3837 3837 3838
3838 3838 3839
3839 3839 3840
3840 3840 3841
3841 3841 3842
3842 3842 3843
3843 3843 3844
3844 3844 3845
3845 3845 3846
3846 3846 3847
3847 3847 3848
3848 3848 3849
3849 3849 3850
3850 3850 3851
3851 3851 3852
3852 3852 3853
3853 3853 3854
3854 3854 3855
3855 3855 3856
3856 3856 3857
3857 3857 3858
3858 3858 3859
3859 3859 3860
3860 3860 3861
3861 3861 3862
3862 3862 3863
3863 3863 3864
3864 3864 3865
3865 3865 3866
3866 3866 3867
3867 3867 3868
3868 3868 3869
3869 3869 3870
3870 3870 3871
3871 3871 3872
3872 3872 3873
3873 3873 3874
3874 3874 3875
3875 3875 3876
3876 3876 3877
3877 3877 3878
3878 3878 3879
3879 3879 3880
3880 3880 3881
3881 3881 3882
3882 3882 3883
3883 3883 3884
3884 3884 3885
3885 3885 3886
3886 3886 3887
3887 3887 3888
3888 3888 3889
3889 3889 3890
3890 3890 3891
3891 3891 3892
3892 3892 3893
3893 3893 3894
3894 3894 3895
3895 3895 3896
3896 3896 3897
3897 3897 3898
3898 3898 3899
3899 3899 3900
3900 3900 3901
3901 3901 3902
3902 3902 3903
3903 3903 3904
3904 3904 3905
3905 3905 3906
3906 3906 3907
3907 3907 3908
3908 3908 3909
3909 3909 3910
3910 3910 3911
3911 3911 3912
3912 3912 3913
3913 3913 3914
3914 3914 3915
3915 3915 3916
3916 3916 3917
3917 3917 3918
3918 3918 3919
3919 3919 3920
3920 3920 3921
3921 3921 3922
3922 3922 3923
3923 3923 3924
3924 3924 3925
3925 3925 3926
3926 3926 3927
3927 3927 3928
3928 3928 3929
3929 3929 3930
3930 3930 3931
3931 3931 3932
3932 3932 3933
3933 3933 3934
3934 3934 3935
3935 3935 3936
3936 3936 3937
3937 3937 3938
3938 3938 3939
3939 3939 3940
3940 3940 3941
3941 3941 3942
3942 3942 3943
3943 3943 3944
3944 3944 3945
3945 3945 3946
3946 3946 3947
3947 3947 3948
3948 3948 3949
3949 3949 3950
3950 3950 3951
3951 3951 3952
3952 3952 3953
3953 3953 3954
3954 3954 3955
3955 3955 3956
3956 3956 3957
3957 3957 3958
3958 3958 3959
3959 3959 3960
3960 3960 3961
3961 3961 3962
3962 3962 3963
3963 3963 3964
3964 3964 3965
3965 3965 3966
3966 3966 3967
3967 3967 3968
3968 3968 3969
3969 3969 3970
3970 3970 3971
3971 3971 3972
3972 3972 3973
3973 3973 3974
3974 3974 3975
3975 3975 3976
3976 3976 3977
3977 3977 3978
3978 3978 3979
3979 3979 3980
3980 3980 3981
3981 3981 3982
3982 3982 3983
3983 3983 3984
3984 3984 3985
3985 3985 3986
3986 3986 3987
3987 3987 3988
3988 3988 3989
3989 3989 3990
3990 3990 3991
3991 3991 3992
3992 3992 3993
3993 3993 3994
3994 3994 3995
3995 3995 3996
3996 3996 3997
3997 3997 3998
3998 3998 3999
3999 3999 4000
4000 4000 4001
4001 4001 4002
4002 4002 4003
4003 4003 4004
4004 4004 1
