NODE
1 0.049739265354785386 -0.005101113404566274
2 0.04924685280025425 -0.004978682677292866
3 0.048754394863278656 -0.004856683735135857
4 0.04826189202006744 -0.004735112047270815
5 0.0477693447359341 -0.004613963186535636
6 0.047276753465276024 -0.00449323282962775
7 0.046784118651553346 -0.004372916757305892
8 0.04629144072726721 -0.004253010854596608
9 0.04579872011393757 -0.004133511111005588
10 0.045305957222080404 -0.004014413620734002
11 0.044813152451184494 -0.003895714582899953
12 0.044320306189687575 -0.0037774103017651998
13 0.04382741881495196 -0.0036594971869673785
14 0.04333449069323952 -0.003541971753757706
15 0.04284152217968603 -0.003424830623244526
16 0.04234851361827508 -0.0033080705226428
17 0.041855465341811136 -0.0031916882855296375
18 0.04136237767189202 -0.0030756808521061746
19 0.040869250918880703 -0.0029600452694659167
20 0.0403760853818764 -0.002844778691869747
21 0.03988288134868499 -0.0027298783810278697
22 0.03938963909578858 -0.0026153417063887927
23 0.038896358888314365 -0.002501166145435659
24 0.0384030409800027 -0.0023873492839901174
25 0.03790968561317439 -0.0022738888165239725
26 0.037416293018697006 -0.002160782546478856
27 0.03692286341595048 -0.0020480283865941936
28 0.03642939701279171 -0.0019356243592436834
29 0.035935894005518276 -0.0018235685967806327
30 0.03544235457883117 -0.0017118593418923578
31 0.03494877890579661 -0.0016004949479640025
32 0.034455167147806706 -0.0014894738794520436
33 0.03396151945453921 -0.001378794712267841
34 0.03346783596391611 -0.0012684561341715019
35 0.03297411680206105 -0.0011584569451764683
36 0.032480362083255714 -0.0010487960579651403
37 0.03198657190989493 -0.0009394724983159339
38 0.03149274637244052 -0.0008304854055421374
39 0.030998885549373904 -0.0007218340329429797
40 0.03050498950714733 -0.000613517748267314
41 0.030011058300133817 -0.0005055360341904031
42 0.02951709197057564 -0.00039788848880415806
43 0.02902309054853124 -0.00029057482612143085
44 0.028529054051820785 -0.00018359487659472783
45 0.02803498248597001 -7.694858764993118e-05
46 0.027540875844152584 2.9363975764435963e-05
47 0.02704673410713058 0.00013534263061190915
48 0.02655255724319339 0.0002409870751860963
49 0.02605834520809469 0.0003462968885114539
50 0.025564097944987624 0.00045127152972615795
51 0.02506981538435795 0.0005559103374464382
52 0.02457549744395523 0.0006602125291116845
53 0.02408114402872189 0.0007641772003096048
54 0.02358675503072017 0.000867803324080678
55 0.02309233032905667 0.0009710897502011461
56 0.022597869789804683 0.0010740352044437077
57 0.02210337326592409 0.0011766382878150771
58 0.021608840597178696 0.0012788974757694804
59 0.021114271610050892 0.0013808111173972213
60 0.02061966611765369 0.0014823774345872655
61 0.020125023919639797 0.0015835945211629017
62 0.019630344802107975 0.0016844603419893145
63 0.019135628537506014 0.0017849727320520489
64 0.018640874884530784 0.001885129395505137
65 0.018146083588024838 0.001984927904687641
66 0.017651254378869604 0.0020843656991074194
67 0.01715638697387498 0.002183440084390603
68 0.01666148107566518 0.0022821482311955613
69 0.016166536372560675 0.002380487174089689
70 0.015671552538456087 0.0024784538103876045
71 0.015176529232693848 0.0025760448989489903
72 0.014681466099933415 0.0026732570589344433
73 0.014186362770015915 0.002770086768517522
74 0.01369121885782394 0.002866530363551021
75 0.013196033963136435 0.002962584036185526
76 0.012700807670478115 0.0030582438334381826
77 0.012205539548963704 0.003153505655709339
78 0.011710229152136266 0.00324836525524487
79 0.011214876017799582 0.0033428182345416313
80 0.01071947966784438 0.003436860044693508
81 0.010224039608067855 0.0035304859836752947
82 0.009728555327986601 0.0036236911945615354
83 0.009233026300642135 0.003716470663677301
84 0.00873745198239911 0.0038088192186776964
85 0.008241831812735592 0.0039007315265526606
86 0.007746165214025104 0.003992202091553587
87 0.007250451591310135 0.004083225253037839
88 0.006754690332066535 0.0041737951832272885
89 0.006258880805958407 0.004263905884876575
90 0.005763022364583113 0.004353551188846594
91 0.005267114341205734 0.004442724751578531
92 0.004771156050482659 0.004531420052463313
93 0.004275146788173496 0.00461963039110124
94 0.0037790858308409266 0.004707348884446073
95 0.0032829724355377837 0.004794568463827569
96 0.0027868058394806333 0.004881281871846131
97 0.0022905852597092276 0.004967481659132738
98 0.001794309892731073 0.005053160180966975
99 0.0012979789141502472 0.005138309593745449
100 0.0008015914782796003 0.005222921851292534
101 0.0003051467177355571 0.005306988701004574
102 -0.00019135625698567975 0.0053905016798184565
103 -0.0006879183579512952 0.0054734521099945145
104 -0.0011845405202557508 0.005555831094703301
105 -0.0016812237025063946 0.005637629513404946
106 -0.002177968887332253 0.005718838017009031
107 -0.002674777081917066 0.005799447022802117
108 -0.003171649318558402 0.005879446709129177
109 -0.003668586655253982 0.005958827009814112
110 -0.004165590176317259 0.006037577608303594
111 -0.004662660993023758 0.006115687931517283
112 -0.005159800244290226 0.006193147143386169
113 -0.00565700909738861 0.006269944138059511
114 -0.00615428874869708 0.006346067532759398
115 -0.006651640424490454 0.00642150566026028
116 -0.00714906538177261 0.006496246560969142
117 -0.007646564909153623 0.006570277974580087
118 -0.008144140327774605 0.006643587331275086
119 -0.008641792992283471 0.0067161617424402464
120 -0.009139524291865032 0.006787987990864752
121 -0.009637335651329357 0.00685905252038662
122 -0.010135228532262118 0.006929341424946807
123 -0.010633204434241768 0.006998840437009648
124 -0.01113126489612786 0.007067534915304338
125 -0.011629411497426089 0.007135409831838074
126 -0.01212764585973542 0.007202449758127294
127 -0.012625969648283573 0.007268638850588679
128 -0.013124384573557432 0.007333960835026411
129 -0.013622892393035855 0.00739839899014634
130 -0.01412149491303253 0.007461936130021496
131 -0.014620193990657943 0.0075245545854261435
132 -0.015118991535909577 0.007586236183947917
133 -0.015617889513901147 0.007646962228778793
134 -0.01611688994724203 0.007706713476076017
135 -0.01661599491857961 0.00776547011077338
136 -0.01711520657331832 0.007823211720711118
137 -0.0176145271225307 0.007879917268939416
138 -0.018113958846077145 0.007935565064035359
139 -0.01861350409595319 0.007990132728256402
140 -0.019113165299884632 0.00804359716333435
141 -0.019612944965193616 0.008095934513692747
142 -0.02011284568296074 0.008147120126846269
143 -0.020612870132511698 0.008197128510713792
144 -0.021113021086259683 0.008245933287545868
145 -0.021613301414938724 0.008293507144132559
146 -0.02211371409326734 0.008339821777917871
147 -0.022614262206086366 0.008384847838601788
148 -0.023114948955020566 0.008428554864759316
149 -0.023615777665719696 0.008470911214946805
150 -0.024116751795741697 0.008511883992697856
151 -0.024617874943149192 0.008551438964733192
152 -0.025119150855899768 0.008589540471618543
153 -0.02562058344212135 0.008626151330000434
154 -0.026122176781377036 0.008661232725428694
155 -0.02662393513703828 0.008694744094633612
156 -0.02712586296990266 0.008726642995961157
157 -0.027627964953212895 0.008756884966476985
158 -0.028130245989257306 0.008785423364023366
159 -0.02863271122776024 0.00881220919224595
160 -0.029135366086304168 0.00883719090629071
161 -0.02963821627306462 0.008860314196495266
162 -0.030141267812186495 0.00888152174694957
163 -0.030644527072186695 0.008900752965262649
164 -0.031148000797836382 0.008917943679223644
165 -0.031651696146058325 0.008933025795260938
166 -0.03215562072647539 0.00894592691264929
167 -0.03265978264736849 0.008956569886248733
168 -0.033164190567953306 0.00896487232912567
169 -0.03366885375807083 0.008970746044634284
170 -0.034173782166619246 0.008974096375331456
171 -0.03467898650034421 0.008974821453336886
172 -0.03518447831497114 0.008972811333267446
173 -0.03569027012112791 0.008967946984449774
174 -0.03619637550810227 0.008960099113447728
175 -0.036702809289247344 0.008949126780620905
176 -0.037209587673851886 0.008934875764888443
177 -0.03771672847161189 0.00891717661831199
178 -0.038224251337596174 0.008895842335403376
179 -0.03873217806796171 0.00887066553958138
180 -0.03924053295989293 0.008841415058578227
181 -0.03974934325368309 0.008807831718316016
182 -0.04025863968110183 0.008769623125537968
183 -0.04076845715305694 0.008726457125144058
184 -0.0412788356324037 0.00867795349596446
185 -0.04178982125673925 0.008623673268084917
186 -0.04230146780469425 0.008563104772013672
187 -0.042813838643620684 0.008495645107669196
188 -0.04332700936720665 0.008420575049152609
189 -0.04384107144753509 0.008337024297729435
190 -0.04435613742358209 0.008243922116565716
191 -0.044872348498810756 0.00813992504445147
192 -0.04538988607480351 0.008023307160618892
193 -0.045908990043332286 0.007891786047320184
194 -0.04642998941725034 0.007742231356359491
195 -0.046953357312336956 0.007570141691783548
196 -0.04747981917913587 0.007368614852725665
197 -0.048010595339205736 0.007126040255125603
198 -0.04854806399420322 0.00681979082167603
199 -0.04909836286526334 0.006391470036580218
200 -0.049726094768413664 0.005226423163382674
201 -0.04935430717873156 0.003956322558257839
202 -0.04890508655695924 0.003422948041234738
203 -0.0484430357191243 0.0030116448758578745
204 -0.04797429238636173 0.0026640165463305237
205 -0.04750123476032821 0.0023574359753453515
206 -0.04702508316258238 0.002080292578842117
207 -0.04654656304366799 0.0018256841559541343
208 -0.04606614751936434 0.0015891093107281355
209 -0.04558416560252466 0.001367437694968267
210 -0.04510085718492089 0.0011583868909267317
211 -0.04461640366813546 0.0009602309778357228
212 -0.04413094625563146 0.0007716264944852584
213 -0.04364459748638499 0.0005915027040413823
214 -0.04315744883247899 0.0004189893077696169
215 -0.04266957588760154 0.0002533670797710821
216 -0.042181042019104664 9.403311996424978e-05
217 -0.04169190100561899 -5.9524241142639746e-05
218 -0.04120219898474166 -0.00020774397346383887
219 -0.040711975919327965 -0.00035100629816917864
220 -0.04022126672028569 -0.0004896433703586792
221 -0.03973010211938448 -0.0006239475832891207
222 -0.039238509356917584 -0.0007541781110384062
223 -0.03874651273006942 -0.000880566125874312
224 -0.038254134034996994 -0.0010033190043780525
225 -0.037761392926769104 -0.001122623752037805
226 -0.037268307215081745 -0.001238649816791918
227 -0.036774893109223675 -0.0013515514197212537
228 -0.036281165422548015 -0.0014614695004662162
229 -0.035787137744342494 -0.001568533352462946
230 -0.035292822585235015 -0.0016728620063848065
231 -0.034798231500951 -0.0017745654076149237
232 -0.03430337519823609 -0.0018737454240336008
233 -0.033808263625988474 -0.0019704967130839534
234 -0.03331290605404914 -0.0020649074714117984
235 -0.03281731114163375 -0.0021570600859507393
236 -0.03232148699702326 -0.0022470317018407357
237 -0.03182544122984051 -0.00233489471980703
238 -0.03132918099700829 -0.0024207172334212387
239 -0.030832713043297724 -0.0025045634148942258
240 -0.03033604373722574 -0.0025864938566169614
241 -0.029839179102937236 -0.0026665658744994894
242 -0.029342124848607737 -0.0027448337782041946
243 -0.02884488639181971 -0.002821349112585104
244 -0.028347468882297513 -0.002896160873996567
245 -0.02784987722232946 -0.0029693157045963107
246 -0.027352116085158265 -0.0030408580673186828
247 -0.02685418993158152 -0.003110830403817712
248 -0.026356103024970663 -0.003179273277363111
249 -0.0258578594448888 -0.0032462255024050513
250 -0.02535946309946387 -0.003311724262297004
251 -0.024860917736653425 -0.003375805216473243
252 -0.024362226954520116 -0.0034385025982130446
253 -0.02386339421062189 -0.0034998493039828057
254 -0.02336442283060847 -0.0035598769752261798
255 -0.02286531601610465 -0.003618616073368158
256 -0.022366076851951265 -0.003676095948708756
257 -0.021866708312866804 -0.003732344903803971
258 -0.021367213269585336 -0.0037873902518637363
259 -0.020867594494520022 -0.0038412583706375044
260 -0.02036785466699656 -0.0038939747522063993
261 -0.019867996378095578 -0.003945564049055741
262 -0.019368022135139183 -0.0039960501167619865
263 -0.018867934365853205 -0.004045456053593332
264 -0.018367735422233137 -0.004093804237292325
265 -0.017867427584139416 -0.004141116359281879
266 -0.017367013062644557 -0.004187413456511804
267 -0.01686649400315301 -0.004232715941141871
268 -0.016365872488312144 -0.0042770436282382855
269 -0.015865150540731343 -0.0043204157616438
270 -0.015364330125524309 -0.004362851038166443
271 -0.014863413152688562 -0.004404367630218576
272 -0.01436240147933454 -0.004444983207025939
273 -0.013861296911775976 -0.004484714954515496
274 -0.013360101207491681 -0.004523579593981401
275 -0.01285881607696858 -0.004561593399619471
276 -0.012357443185434374 -0.004598772215013024
277 -0.01185598415448803 -0.004635131468645625
278 -0.011354440563635234 -0.004670686188510074
279 -0.010852813951735573 -0.004705451015877177
280 -0.01035110581836745 -0.0047394402182826
281 -0.009849317625116592 -0.004772667701785383
282 -0.009347450796793009 -0.0048051470225475125
283 -0.008845506722581557 -0.004836891397779804
284 -0.008343486757130135 -0.004867913716096147
285 -0.007841392221579858 -0.004898226547314576
286 -0.007339224404540796 -0.004927842151740984
287 -0.006836984563016832 -0.0049567724889683865
288 -0.0063346739232827826 -0.0049850292262223345
289 -0.0058322936817168155 -0.005012623746280739
290 -0.005329845005590881 -0.0050395671549943385
291 -0.004827329033821724 -0.005065870288432147
292 -0.004324746877684868 -0.005091543719674503
293 -0.003822099621493757 -0.005116597765274733
294 -0.0033193883232461494 -0.005141042491408935
295 -0.0028166140152395595 -0.005164887719732143
296 -0.002313777704657783 -0.005188143032957785
297 -0.0018108803741297907 -0.00521081778017629
298 -0.0013079229822629715 -0.005232921081927523
299 -0.0008049064641517743 -0.005254461835040929
300 -0.00030183173186339694 -0.0052754487172561775
301 0.0002013003250984042 -0.005295890191636383
302 0.0007044888393500127 -0.005315794510785199
303 0.001207732965204306 -0.0053351697208782545
304 0.0017110318782653344 -0.005354023665518936
305 0.002214384775040605 -0.005372363989427663
306 0.0027177908725698964 -0.005390198141973457
307 0.003221249408069775 -0.005407533380555915
308 0.0037247596385930463 -0.005424376773845278
309 0.004228320840702406 -0.005440735204887786
310 0.004731932310157474 -0.00545661537408314
311 0.005235593361614601 -0.005472023802040409
312 0.0057393033283389076 -0.005486966832318413
313 0.006243061561927741 -0.0055014506340562526
314 0.006746867432045221 -0.0055154812044992925
315 0.0072507203261671675 -0.005529064371425655
316 0.0077546196493360675 -0.005542205795477979
317 0.00825856482392548 -0.005554910972404874
318 0.008762555289413462 -0.005567185235216399
319 0.00926659050216464 -0.005579033756257449
320 0.009770669935220565 -0.005590461549202954
321 0.01027479307809777 -0.005601473470978363
322 0.010778959436593532 -0.0056120742236088934
323 0.01128316853259853 -0.005622268356000652
324 0.011787419903916567 -0.005632060265656787
325 0.01229171310409068 -0.0056414542003314205
326 0.012796047702235582 -0.005650454259624202
327 0.01330042328287607 -0.005659064396517996
328 0.013804839445791002 -0.005667288418862207
329 0.014309295805863004 -0.005675129990804043
330 0.014813791992933199 -0.005682592634169948
331 0.015318327651661048 -0.005689679729799321
332 0.015822902441388974 -0.0056963945188324835
333 0.016327516036011607 -0.005702740103954816
334 0.016832168123849422 -0.005708719450598922
335 0.01733685840752662 -0.005714335388106433
336 0.017841586603853106 -0.005719590610851219
337 0.018346352443710315 -0.005724487679325421
338 0.018851155671940786 -0.005729029021189975
339 0.019355996047241395 -0.005733216932290853
340 0.01986087334205997 -0.005737053577642509
341 0.02036578734249517 -0.005740540992379752
342 0.0208707378481998 -0.005743681082679301
343 0.021375724672286843 -0.005746475626652188
344 0.02188074764123871 -0.005748926275208111
345 0.022385806594819157 -0.0057510345528928395
346 0.022890901385988066 -0.005752801858699658
347 0.023396031880818777 -0.005754229466855875
348 0.0239011979584179 -0.005755318527585247
349 0.024406399510847616 -0.005756070067847291
350 0.024911636443050375 -0.005756484992054299
351 0.02541690867277574 -0.005756564082766886
352 0.02592221613050948 -0.005756308001368818
353 0.02642755875940472 -0.00575571728872192
354 0.026932936515215156 -0.005754792365801738
355 0.02743834936623016 -0.00575353353431466
356 0.027943797293211847 -0.005751940977297156
357 0.028449280289333804 -0.00575001475969774
358 0.028954798360121835 -0.005747754828942303
359 0.02946035152339609 -0.005745161015483347
360 0.029965939809215043 -0.005742233033333729
361 0.0304715632598209 -0.005738970480585352
362 0.03097722192958669 -0.0057353728399134815
363 0.03148291588496471 -0.005731439479066975
364 0.03198864520443639 -0.005727169651345062
365 0.0324944099784635 -0.005722562496061023
366 0.03300021030944087 -0.00571761703899328
367 0.033506046311650176 -0.005712332192824228
368 0.034011918111215136 -0.005706706757567317
369 0.03451782584605766 -0.005700739420982649
370 0.035023769665855534 -0.005694428758981583
371 0.035529749732000876 -0.005687773236020597
372 0.03603576621755988 -0.005680771205484837
373 0.03654181930723353 -0.0056734209100616165
374 0.03704790919731944 -0.005665720482104244
375 0.03755403609567449 -0.005657667943986418
376 0.03806020022167861 -0.005649261208447561
377 0.03856640180619939 -0.00564049807892931
378 0.03907264109155761 -0.005631376249903466
379 0.03957891833149363 -0.0056218933071916785
380 0.040085233791134656 -0.005612046728277092
381 0.04059158774696281 -0.0056018338826082145
382 0.04109798048678391 -0.005591252031895243
383 0.04160441230969723 -0.00558029833039907
384 0.042110883526065714 -0.005568969825213198
385 0.042617394457487225 -0.005557263456538765
386 0.04312394543676617 -0.005545176057952875
387 0.04363053680788613 -0.005532704356670489
388 0.04413716892598296 -0.005519844973799957
389 0.0446438421573185 -0.0055065944245924975
390 0.045150556879255024 -0.005492949118685737
391 0.04565731348023029 -0.005478905360341442
392 0.046164112359733056 -0.005464459348677709
393 0.04667095392827938 -0.005449607177895717
394 0.047177838607389146 -0.005434344837501149
395 0.047684766829563505 -0.005418668212520553
396 0.04819173903826259 -0.005402573083712663
397 0.04869875568788381 -0.005386055127774911
398 0.049205817243740645 -0.005369109917545191
399 0.04971292418204194 -0.005351732922199074
400 0.04925736898684929 -0.004981236706506857
401 0.048772721013812116 -0.004861215903329432
402 0.04828798693587994 -0.004741542548506037
403 0.04780315517895701 -0.004622265602685554
404 0.04731822682568081 -0.0045033812366836595
405 0.04683320363186694 -0.0043848858806409
406 0.04634808624369846 -0.004266775788213121
407 0.04586287614491615 -0.0041490475132007374
408 0.045377574363935524 -0.00403169759429969
409 0.04489218205699707 -0.003914722697612317
410 0.044406700289476825 -0.003798119564023689
411 0.043921130144572565 -0.0036818850358800465
412 0.04343547265105267 -0.0035660160400473716
413 0.04294972880867155 -0.0034505095945020804
414 0.04246389956983769 -0.0033353628044496698
415 0.04197798588807539 -0.003220572874282744
416 0.041491988684694635 -0.003106137100088171
417 0.041005908838945324 -0.0029920528678138505
418 0.04051974720965726 -0.0028783176588358943
419 0.040033504605259514 -0.0027649290434117076
420 0.039547181854210946 -0.002651884697573322
421 0.0390607797318404 -0.002539182386492365
422 0.0385742989846986 -0.002426819970660824
423 0.03808774033395776 -0.002314795407150914
424 0.03760110447294261 -0.002203106749519644
425 0.03711439206916432 -0.0020917521487574305
426 0.0366276037436115 -0.001980729849054156
427 0.03614074010068011 -0.0018700381951543264
428 0.0356538017586226 -0.001759675639707221
429 0.03516678928039493 -0.0016496407280261187
430 0.03467970320225083 -0.0015399321051293724
431 0.03419254403502305 -0.001430548516544002
432 0.03370531226454465 -0.0013214888089192124
433 0.033218008352410816 -0.0012127519307220556
434 0.032730632699991706 -0.0011043369247763684
435 0.03224318573929554 -0.0009962429490456156
436 0.03175566786968399 -0.0008884692630250986
437 0.031268079453075845 -0.0007810152272757185
438 0.030780420825990886 -0.000673880306681472
439 0.030292692302377237 -0.0005670640716527194
440 0.02980489417069481 -0.00046056619807718956
441 0.029317026679045982 -0.00035438646469754145
442 0.02882909005547194 -0.0002485247581798106
443 0.028341084548463406 -0.00014298108247669876
444 0.02785301035161993 -3.7755543101567374e-05
445 0.02736486757200043 6.715165890009317e-05
446 0.026876656549862776 0.00017174015767707922
447 0.026388377199881317 0.0002760095632180294
448 0.025900029719320306 0.0003799593087748045
449 0.025411614105535038 0.00048358875339973547
450 0.024923130482848787 0.0005868971115855273
451 0.024434578885426324 0.0006898834987226437
452 0.02394595942460143 0.000792546894996579
453 0.023457271790433366 0.0008948862491520878
454 0.022968516397114166 0.0009969002376232878
455 0.022479692799515852 0.0010985875951445244
456 0.02199080104169524 0.0011999468318665094
457 0.02150184104793984 0.0013009763598762676
458 0.021012812702177953 0.0014016744756287678
459 0.020523715864381127 0.0015020393555944004
460 0.020034550373147407 0.0016020690547702955
461 0.019545316047152993 0.0017017615054051155
462 0.01905601262544695 0.00180111452809704
463 0.018566639970628268 0.00190012578950942
464 0.018077197791075438 0.0019987928577238426
465 0.017587685842815587 0.002097113160179146
466 0.017098103841695307 0.002195084000332263
467 0.016608451483637494 0.002292702552385965
468 0.016118728427352288 0.0023899658635127383
469 0.01562893419300241 0.0024868708725572417
470 0.01513906884887412 0.0025834142732317424
471 0.014649131591625685 0.002679592793145619
472 0.014159122146752464 0.0027754029158510362
473 0.013669040121101499 0.0028708410074062616
474 0.01317888505726677 0.0029659033040031774
475 0.012688656483169476 0.0030605859007257984
476 0.012198353955199961 0.0031548847417301796
477 0.011707977021701498 0.0032487956258066488
478 0.011217525080683265 0.0033423142316983956
479 0.010726997658908857 0.0034354360625148263
480 0.010236394212845733 0.0035281564832344713
481 0.009745714162856745 0.003620470711764872
482 0.009254956911352745 0.0037123738134653955
483 0.008764121926198664 0.00380386068365408
484 0.00827320857861907 0.0038949260759188905
485 0.007782216244485963 0.003985564580984828
486 0.007291144283567358 0.004075770628405868
487 0.006799992001965455 0.004165538491125761
488 0.0063087587713121 0.004254862261309043
489 0.005817443614323249 0.0043437359230289446
490 0.005326046668439218 0.00443215308545931
491 0.004834566424072185 0.004520107478586571
492 0.004343002405729001 0.0046075924666293365
493 0.0038513538457402765 0.0046946012843759955
494 0.0033596200378552053 0.004781126970774798
495 0.0028678002246272263 0.004867162385850633
496 0.0023758936353524924 0.004952700200699503
497 0.0018838994886790155 0.0050377328936683985
498 0.0013918169621088595 0.005122252752077577
499 0.0008996452579190078 0.005206251857189386
500 0.0004073835936073048 0.005289722082207658
501 -8.496884937925026e-05 0.005372655097057852
502 -0.0005774128972422731 0.005455042359361048
503 -0.001069949383840738 0.005536875110118309
504 -0.0015625793403695287 0.00561814440037713
505 -0.002055303153296996 0.005698840947969462
506 -0.0025481220767181833 0.005778955381453364
507 -0.0030410368299633576 0.005858478004317991
508 -0.0035340482722979105 0.0059373989004952304
509 -0.004027157295290692 0.006015707910846638
510 -0.00452036475764952 0.00609339461683907
511 -0.005013671495137685 0.0061704483361174085
512 -0.005507078370807484 0.006246858123917949
513 -0.006000586246491535 0.006322612761718321
514 -0.0064941959925249315 0.006397700751559946
515 -0.006987908499116665 0.006472110310167999
516 -0.00748172457100612 0.006545829345239018
517 -0.007975645052870541 0.006618845466173915
518 -0.00846967078285989 0.006691145968250699
519 -0.008963802589845048 0.006762717823030037
520 -0.009458041366171377 0.0068335476790453275
521 -0.009952387795203833 0.0069036218126072675
522 -0.010446842742685323 0.0069729261731325785
523 -0.010941407056141163 0.007041446342584061
524 -0.01143608132660654 0.007109167491040973
525 -0.011930866368247504 0.007176074430454213
526 -0.01242576282875304 0.007242151547493704
527 -0.012920771573929351 0.007307382840919063
528 -0.013415893176185295 0.0073717518383279055
529 -0.01391112827782887 0.007435241628795817
530 -0.014406477514187017 0.0074978348353881355
531 -0.014901941445166456 0.007559513588454539
532 -0.015397520599073853 0.0076202595121877765
533 -0.015893215475684074 0.007680053704552863
534 -0.01638902652888837 0.007738876713413216
535 -0.016884954183589578 0.007796708515349013
536 -0.01738099878094796 0.007853528484537806
537 -0.017877160618584687 0.007909315371169132
538 -0.01837343993888603 0.007964047271810161
539 -0.018869836909180895 0.008017701597008094
540 -0.01936635163254948 0.008070255040143647
541 -0.019862984131852602 0.008121683540976856
542 -0.020359734348628034 0.008171962248258016
543 -0.02085660212887915 0.008221065478188004
544 -0.021353587230769237 0.00826896667200899
545 -0.021850689295152284 0.00831563834657334
546 -0.0223479078563433 0.008361052045176951
547 -0.022845242327309175 0.008405178281809433
548 -0.023342691963814895 0.008447986479242506
549 -0.02384025591301917 0.00848944490954088
550 -0.024337933128065852 0.008529520617542833
551 -0.02483572240558338 0.008568179348924997
552 -0.02533362236831531 0.008605385466703207
553 -0.025831631376796678 0.008641101855366214
554 -0.026329747659626153 0.008675289832745979
555 -0.026827969111896353 0.008707909028696741
556 -0.027326293410531576 0.008738917276137428
557 -0.027824717920302187 0.00876827047589829
558 -0.028323239689134666 0.008795922454766427
559 -0.028821855415481042 0.008821824807051617
560 -0.029320561404851047 0.008845926719176984
561 -0.02981935350843068 0.008868174775011896
562 -0.030318227125284872 0.008888512742984396
563 -0.030817177122362992 0.008906881335101174
564 -0.03131619776338561 0.008923217939346435
565 -0.031815282641455465 0.00893745632092937
566 -0.03231442465128631 0.008949526288142487
567 -0.0328136158331531 0.008959353312794942
568 -0.033312847275517074 0.008966858104726295
569 -0.03381210907732108 0.008971956130332671
570 -0.034311390083006967 0.008974557062267352
571 -0.03481067781572275 0.00897456415531194
572 -0.03530995826583069 0.00897187352960347
573 -0.0358092156070366 0.008966373347933038
574 -0.036308431997043485 0.008957942865471575
575 -0.036807587232597416 0.008946451327862794
576 -0.03730665835887889 0.0089317566875717
577 -0.037805619211401575 0.008913704100272523
578 -0.0383044398518493 0.00889212415436426
579 -0.03880308585585121 0.008866830775265863
580 -0.03930151749901824 0.008837618725096611
581 -0.0397996886649652 0.008804260606968251
582 -0.040297545537243976 0.008766503243249327
583 -0.040795024863260344 0.008724063273662451
584 -0.041292051874222344 0.00867662174516405
585 -0.0417885374302465 0.008623817429575078
586 -0.042284374289601745 0.008565237784592176
587 -0.04277943234046362 0.008500408522079254
588 -0.04327355181349304 0.008428780377791578
589 -0.043766534410904834 0.00834971093810747
590 -0.044258130517419135 0.0082624411471042
591 -0.04474802102975762 0.008166063836940012
592 -0.04523579081429484 0.008059480827087365
593 -0.045720888652756295 0.007941343334597124
594 -0.04620256529170474 0.007809967349622704
595 -0.04667977324537309 0.0076632109418330345
596 -0.047150999308526884 0.007498292403113041
597 -0.04761397100040881 0.007311520568262467
598 -0.04806514650622506 0.007097958462851609
599 -0.048499400858223664 0.006851999455281716
600 -0.048919988991484586 0.006584041844802414
601 -0.04923900407513583 0.006201740076039742
602 -0.04951485962703857 0.005785871084751679
603 -0.049708937340814045 0.005327771105835258
604 -0.049691252176842504 0.004833304422826518
605 -0.04953385238371518 0.004360040727870088
606 -0.04932942938187733 0.003904586644859593
607 -0.049012502938989365 0.0035237456391019896
608 -0.04864838403583865 0.0031823729097243936
609 -0.04825994151574525 0.002868818658269529
610 -0.047852084764366115 0.0025809156024458307
611 -0.04743010310263192 0.002314114645338118
612 -0.046997460009012164 0.002064953934873441
613 -0.04655651493469432 0.0018307847783411702
614 -0.04610894188573064 0.0016095359430798668
615 -0.04565595134211611 0.0013995929154840773
616 -0.04519845364137833 0.0011996549349103246
617 -0.04473715035045255 0.0010086557813427928
618 -0.04427259202603687 0.0008257119038598231
619 -0.043805218020573536 0.0006500828447935479
620 -0.04333538435050143 0.00048114144278669336
621 -0.042863383420732835 0.0003183512439654149
622 -0.04238945834401906 0.00016124925252148593
623 -0.04191381338522997 9.432562312770873e-06
624 -0.04143662195171104 -0.00013745203784337027
625 -0.040958032475540466 -0.00027971634435537647
626 -0.040478173064515816 -0.0004176373123208027
627 -0.039997155115222935 -0.0005514623636246176
628 -0.03951507605045391 -0.0006814137378123855
629 -0.03903202170497681 -0.0008076920052355924
630 -0.03854806802796939 -0.0009304790333194845
631 -0.03806328261470069 -0.0010499404160891864
632 -0.037577725915525335 -0.0011662275248925079
633 -0.03709145219757683 -0.0012794792474195916
634 -0.03660451041613722 -0.0013898234464844116
635 -0.03611694488327657 -0.0014973782200166919
636 -0.035628795792502437 -0.0016022529893854158
637 -0.035140099861555016 -0.001704549394655696
638 -0.03465089054466385 -0.001804362142417869
639 -0.03416119861443498 -0.0019017796579938163
640 -0.03367105229726903 -0.0019968847317944163
641 -0.03318047759497182 -0.002089755042608937
642 -0.032689498571336954 -0.0021804636182001062
643 -0.0321981374659954 -0.0022690792676831506
644 -0.03170641490257569 -0.002355666943310265
645 -0.0312143500854327 -0.0024402880603566174
646 -0.03072196087580613 -0.002523000799360806
647 -0.030229263922424116 -0.002603860364528571
648 -0.029736274803672767 -0.002682919211332285
649 -0.029243008092072812 -0.002760227261376359
650 -0.02874947743799965 -0.0028358320912703666
651 -0.028255695650520888 -0.0029097791022195305
652 -0.027761674776942896 -0.002982111672539784
653 -0.027267426146789214 -0.0030528713000705907
654 -0.02677296043025154 -0.003122097728629179
655 -0.026278287680998214 -0.0031898290645459666
656 -0.025783417425890156 -0.003256101876079546
657 -0.025288358617920167 -0.003320951301702706
658 -0.02479311971903055 -0.0033844111317789
659 -0.02429770889265109 -0.0034465138697072064
660 -0.023802133615364693 -0.003507290859137932
661 -0.023306401172435216 -0.0035667722932852925
662 -0.02281051840764349 -0.003624987312608933
663 -0.022314491833493155 -0.0036819640521131036
664 -0.02181832764050314 -0.003737729696572075
665 -0.021322031705398817 -0.003792310531486918
666 -0.020825609633300546 -0.0038457319864411395
667 -0.02032906675284581 -0.0038980186802199243
668 -0.019832408143341383 -0.003949194459194198
669 -0.01933563864396756 -0.003999282434759975
670 -0.018838762876807844 -0.0040483050167136585
671 -0.018341785241455636 -0.004096283947042388
672 -0.01784470994645111 -0.004143240327827207
673 -0.017347541004995606 -0.004189194650619929
674 -0.01685028225738195 -0.004234166821371314
675 -0.016352937375686192 -0.004278176185333245
676 -0.01585550985432816 -0.004321241551523609
677 -0.015358003052646183 -0.004363381211162009
678 -0.01486042018264761 -0.004404612959627565
679 -0.014362764315102172 -0.0044449541154779485
680 -0.01386503838974462 -0.004484421538847858
681 -0.013367245224276854 -0.004523031646760759
682 -0.012869387515375301 -0.004560800429073159
683 -0.012371467855827998 -0.004597743463136965
684 -0.011873488706093801 -0.004633875930355716
685 -0.011375452459183626 -0.00466921262506436
686 -0.01087736139306201 -0.004703767970950009
687 -0.010379217709754687 -0.004737556030463933
688 -0.009881023451250859 -0.004770590521981102
689 -0.009382780650828978 -0.004802884820475173
690 -0.0088844912654447 -0.00483445197264977
691 -0.008386157138484573 -0.004865304709038636
692 -0.00788778003422319 -0.004895455450975305
693 -0.007389361688835834 -0.004924916316399353
694 -0.00689090372488081 -0.00495369913340682
695 -0.006392407705815999 -0.0049818154448624564
696 -0.005893875186973698 -0.005009276513239791
697 -0.005395308125449749 -0.005036093306392624
698 -0.0048967063118111115 -0.005062276640577119
699 -0.00439807268771171 -0.005087836904483337
700 -0.0038994080154754274 -0.005112784348816714
701 -0.003400713594452184 -0.005137128948156683
702 -0.002901990563987002 -0.0051608804429924835
703 -0.002403240070048696 -0.005184048336834205
704 -0.0019044632190096179 -0.005206641903766908
705 -0.0014056610693704591 -0.005228670193783641
706 -0.0009068346739157463 -0.00525014203569297
707 -0.00040798501742005425 -0.005271066044414181
708 9.088698447381945e-05 -0.005291450625192479
709 0.000589780421106834 -0.005311303975059622
710 0.001088694416166183 -0.005330634088095886
711 0.0015876281260754268 -0.005349448759179165
712 0.0020865806874624773 -0.005367755585737552
713 0.002585551362801816 -0.005385561976634336
714 0.0030845394058491354 -0.005402875150451008
715 0.003583543979564082 -0.005419702136177204
716 0.004082564718471173 -0.0054360497950337846
717 0.004581600609108917 -0.00545192478625558
718 0.005080650680185024 -0.005467333594116221
719 0.005579715526908381 -0.00548228257552058
720 0.006078793382145539 -0.005496777843307011
721 0.006577884049928699 -0.005510825388540411
722 0.007076986969761811 -0.00552443102409319
723 0.007576101585638477 -0.00553760039830451
724 0.008075227351718126 -0.005550338997466129
725 0.00857436380426428 -0.005562652149797328
726 0.009073510456524362 -0.005574545024830252
727 0.009572666840018068 -0.005586022636554222
728 0.010071832500516246 -0.005597089845290181
729 0.010571006985757653 -0.0056077513593399955
730 0.011070189847223194 -0.005618011736909114
731 0.01156938071463811 -0.005627875389361754
732 0.012068579190750646 -0.005637346580722724
733 0.012567784892872944 -0.005646429430229361
734 0.013066997448078033 -0.005655127913840195
735 0.013566216493000875 -0.005663445865785562
736 0.01406544163631536 -0.0056713869794863744
737 0.014564672586401659 -0.005678954811032352
738 0.015063909014582665 -0.00568615277832778
739 0.015563150601753919 -0.005692984163242137
740 0.016062397037801268 -0.005699452112914135
741 0.016561648020916888 -0.005705559641014381
742 0.017060903219821597 -0.005711309628555992
743 0.017560162374643553 -0.005716704826275651
744 0.018059425219005068 -0.005721747854805467
745 0.018558691480606036 -0.005726441205850299
746 0.019057960576342084 -0.00573078724077371
747 0.01955723317275997 -0.0057347882047155485
748 0.02005650810439991 -0.005738446201823807
749 0.02055578538821464 -0.0057417632215464795
750 0.02105506481728395 -0.005744741127667523
751 0.021554346152027535 -0.005747381660976287
752 0.022053629156850264 -0.005749686440466245
753 0.022552913471356385 -0.00575165696376121
754 0.023052199099610454 -0.005753294609852197
755 0.02355148571316635 -0.005754600637149455
756 0.02405077308874151 -0.005755576186129216
757 0.02455006111112284 -0.005756222279797711
758 0.02504934874181777 -0.005756539823807401
759 0.02554863765490624 -0.005756529608987418
760 0.026047925840362293 -0.0057561923096186764
761 0.026547213771880476 -0.005755528486006163
762 0.02704650110773884 -0.00575453858468506
763 0.027545787679295445 -0.005753222938851489
764 0.02804507329381291 -0.005751581769187136
765 0.02854435773943173 -0.005749615184577623
766 0.02904364080379051 -0.005747323182728806
767 0.029542922274301553 -0.005744705650797649
768 0.030042201775119945 -0.005741762367023902
769 0.030541479558145877 -0.00573849299642848
770 0.03104075491220748 -0.005734897101329114
771 0.03154002781071307 -0.005730974131583849
772 0.03203929803245381 -0.0057267234306883005
773 0.032538565355479734 -0.005722144235126553
774 0.03303782950679486 -0.005717235675428686
775 0.03353709041975709 -0.005711996774087046
776 0.034036347676151435 -0.0057064264518055475
777 0.034535601081773615 -0.005700523522185746
778 0.03503485043228736 -0.005694286694489951
779 0.03553409548751838 -0.005687714574518313
780 0.03603333605001375 -0.005680805664062428
781 0.03653257176080216 -0.005673558363843264
782 0.03703180242478638 -0.005665970970210737
783 0.0375310277817405 -0.005658041678633218
784 0.03803024756269399 -0.00564976858330178
785 0.03852946146255044 -0.005641149678097513
786 0.03902866927037693 -0.005632182854781044
787 0.03952787065749653 -0.005622865907136093
788 0.04002706534732417 -0.0056131965284722685
789 0.040526253019672574 -0.005603172313831321
790 0.041025433309234687 -0.0055927907606051035
791 0.04152460616089854 -0.005582049261351253
792 0.04202377099645535 -0.005570945121928818
793 0.0425229275523034 -0.00555947554426866
794 0.043022075510907844 -0.005547637634515628
795 0.04352121453147659 -0.005535428402877856
796 0.0440203442586752 -0.0055228447639012156
797 0.04451946431589141 -0.005509883537110709
798 0.04501857432951792 -0.005496541446840853
799 0.045517673929754164 -0.005482815122608252
800 0.04601676272299182 -0.00546870110029297
801 0.04651584030423642 -0.00545419582226911
802 0.04701490622942431 -0.005439295638690535
803 0.04751396009847052 -0.005423996805471232
804 0.048013001472106916 -0.005408295487161971
805 0.048512029899375204 -0.00539218775661278
806 0.04901104490832508 -0.005375669595736309
807 0.0495101108078278 -0.005375372562909738
808 -0.020532056588206133 -0.00344185658692777
809 -0.021616381552560612 0.007881540705024993
810 -0.01806499626176516 -0.0036947160431344953
811 -0.015493935410066275 -0.0039233792553043465
812 -0.02406692735263245 0.008037845902647864
813 -0.012276512329507544 0.006789584071990739
814 -0.027501174466772152 -0.0026018424121073106
815 -0.01822165425619546 0.007519173095219805
816 -0.011091865658187199 -0.004309353573936005
817 -0.01570841375053175 0.007221915377918629
818 -0.023993114536267682 -0.0029753193044248063
819 -0.028601336868725687 0.008418401430544961
820 -0.007795571333404192 0.006181837545835998
821 -0.031869637389648556 -0.001967461657709669
822 -0.006593149286413482 -0.004535012550255224
823 -0.0033822765641905853 0.005456003058965458
824 -0.03306973089467821 0.008530758605257822
825 -0.002149787274954251 -0.004780301732723848
826 -0.0362653945189117 -0.0010450783939822674
827 0.0010587620229820316 0.004761260264420367
828 0.0023410008224164862 -0.004996431907476258
829 -0.03558301771580534 0.008473881147405115
830 -0.03869535407938787 -0.00048198108397007507
831 0.005495173632586003 0.003962382265766471
832 0.006840098537688606 -0.005098289715615439
833 0.004805012554607085 -0.005034099361010884
834 -0.038040511014860494 0.008462361798488794
835 0.0035247636212970748 0.004304312908585212
836 0.0003609425047553218 -0.004885977073287027
837 -0.0008172793780661576 0.005120754485850859
838 -0.004135518301068653 -0.004658146868919644
839 -0.0053391288448589825 0.00579555428001284
840 -0.008583225146752152 -0.004410782169140445
841 -0.009765900560500428 0.006440468180014069
842 -0.013078032598932022 -0.004069723955964764
843 0.00878756518439146 -0.005135920179800061
844 -0.026113982538397397 0.008197555084160302
845 -0.0294335756249273 -0.002281693912654917
846 0.0074585595353850575 0.003605386811453597
847 -0.04109780124045085 0.00016578651804615655
848 -0.030519866882898424 0.00850833983278048
849 -0.033835404386377964 -0.0015333436565799757
850 0.01087882522340393 -0.005200015355905904
851 0.009420745121270039 0.003241414042017943
852 -0.039985984605411494 0.008378282526191171
853 0.01282492427819867 -0.005218447920679617
854 0.011381761567169869 0.002870811111603581
855 -0.04193488719574613 0.008123129482391633
856 0.014827795926771829 -0.00523769963444947
857 0.013341636225855692 0.002493885421035986
858 -0.04297979895504031 0.0008351124624117454
859 0.017258049606523627 0.0017221081334024566
860 0.015300392483386407 0.0021109067404457877
861 0.018313663505416057 -0.005309908265715523
862 -0.043925451680325155 0.007899088769285604
863 0.02068029462215665 0.0010400489622215577
864 -0.04477587122886349 0.0015090617967595935
865 0.021841022181123382 -0.00532272623796342
866 0.024100585682335782 0.00032424856714424483
867 -0.04588684974494561 0.00746962540983445
868 0.025325706957663535 -0.005272526885846978
869 -0.04657177638632583 0.00234372297288742
870 0.027517774295083987 -0.00040709661182024856
871 0.028981405574369807 -0.0007239973379233808
872 0.026054287996672976 -9.429614061336319e-05
873 0.023783251701848404 -0.005323983855618105
874 0.022635871966327013 0.0006268953627114123
875 0.020309019369651973 -0.0053077179003690935
876 0.019214256698560923 0.0013317326633209003
877 0.016826349897868343 -0.005240577176877475
878 0.026706109652961618 -0.00536744317231416
879 -0.013669137102504378 0.006993555208515693
880 -0.019615055148281213 0.007629672429172483
881 -0.02197189923300909 -0.003330658739488921
882 -0.02551480200831635 -0.0028720746360418534
883 0.030444770491219693 -0.001042474425835856
884 0.028297305357678385 -0.005364259207637995
885 -0.04765462625596126 0.006814047483017945
886 0.03190624827595063 -0.0013640051004814116
887 0.029823983282092233 -0.005284589517308573
888 0.03278394649374295 -0.005287314517039843
889 0.03126676202418653 -0.005231318533904469
890 -0.04820099077587344 0.0033419601143737554
891 0.03434218497066738 -0.0019056179364876976
892 0.03529735928758192 -0.005227921088501132
893 0.03677607602765872 -0.0024556009605590794
894 -0.04909704718554282 0.005754755136030331
895 0.0377778155534244 -0.0052318734611945614
896 0.039208518300469064 -0.003013022141179493
897 0.04021402741064639 -0.005219095218381396
898 0.03288255229580734 -0.001577365713288702
899 0.02507807984930749 0.00011303171946294276
900 0.03376273424423523 -0.005278126470879634
901 0.022803974528443023 -0.005320081797036626
902 0.035319876355424065 -0.0021182454273017603
903 0.03627371735064387 -0.005226932778379074
904 0.021659206075910587 0.0008288442225851504
905 0.037753936534242985 -0.0026693782224978214
906 0.019325120695275727 -0.005276306725098091
907 0.038772787427214225 -0.005232857736706157
908 0.018237236299840916 0.0015293866784787033
909 0.015758073330096864 -0.00525163113445676
910 0.016279357458055418 0.0019172216046797741
911 0.013805659864757564 -0.005253229887786059
912 0.014321152871186307 0.002303137238394539
913 0.011828712720527249 -0.0052145854179443864
914 0.012361840031364474 0.002683120897456757
915 0.009786216468381636 -0.005181994134849103
916 0.010401397696084499 0.0030569212253997976
917 0.007836696419160896 -0.005111714104776974
918 0.008439800310070866 0.0034242499538707683
919 0.005853647228212843 -0.005036920464438618
920 0.006477018732498253 0.003784779919288497
921 0.003919355751058997 -0.005020688751359204
922 0.00450645402296446 0.004125421206535032
923 0.0025341035726200016 0.004477323109361633
924 0.001352616020159035 -0.004905626732718914
925 -0.0005918552527713765 -0.004865110468831462
926 7.859509744473575e-05 0.004951101080986261
927 -0.00189734390562536 0.00520481808531021
928 -0.003167215627042904 -0.004732084749056118
929 -0.005123331822402741 -0.004617383828358131
930 -0.00436243447363284 0.005631734060395445
931 -0.0063217263375784614 0.005980871627859353
932 -0.007679858541596045 -0.00453724432034254
933 -0.009603934368883071 -0.004355246760171588
934 -0.008778719730787346 0.006299001197973313
935 -0.010703296905585018 0.006571638349267052
936 -0.012075782892026548 -0.004170657368333862
937 -0.014125177852307663 -0.004035915034245801
938 -0.016575980485450264 -0.00386804893918499
939 -0.014741582051803547 0.007078004490796123
940 -0.0167265065376353 0.007383700251928729
941 -0.019077838205759604 -0.003562446891177732
942 -0.020623038227852213 0.007778376758150308
943 -0.02265042036090723 0.007899852466524068
944 -0.02295764778851823 -0.003174116454714813
945 -0.02511689382879967 0.008155588409233656
946 -0.026515240251040528 -0.002752495136760314
947 -0.027101931920674664 0.008293073433707727
948 -0.028438546555352908 -0.002445178032264532
949 -0.03040558596338085 -0.0021367425151601377
950 -0.029599077424338913 0.008410297797346278
951 -0.03161661967625319 0.008489510570733126
952 -0.032858246669188594 -0.0017197543319669101
953 -0.03480804627627852 -0.001340567678137602
954 -0.03405222288555682 0.008541107943248985
955 -0.037240993310605985 -0.000840920999843826
956 -0.036548057652151834 0.008519916018260394
957 -0.04899458111378423 0.004333880797524033
958 -0.03967093726857561 -0.0002621165326835923
959 -0.039027003304259324 0.008420570359674308
960 -0.041002452814089374 0.008269904640551221
961 -0.04202015880958931 0.0004972613513285584
962 0.04126571732624668 -0.005155123752488764
963 -0.04297124900848263 0.008060249348662656
964 -0.043928587159352966 0.0011158434150889684
965 -0.044846288763211145 0.00768690099956742
966 -0.04570834147888689 0.001865950984218183
967 0.04017935821107811 -0.00323873392906567
968 -0.04677256630325511 0.007172668418362751
969 0.04226341632875496 -0.0051329280752687835
970 -0.04742824756739179 0.0027858734276020314
971 0.0411608510261746 -0.003458531113560673
972 0.04328466603694311 -0.005100145614556881
973 0.04212153173410178 -0.0036987814285657436
974 0.044068884032737794 -0.004137031820369168
975 0.04309620508096472 -0.003907435674936733
976 0.04480481375609316 -0.005097849863353353
977 -0.048485038164216655 0.00638195326540864
978 0.04547721957112344 -0.004578148259457528
979 -0.04924179168499454 0.005068972963464447
980 0.04623856239400949 -0.005056633151259067
981 0.0469730952402101 -0.004864175965929696
982 0.028493545009620553 -0.000618161075187832
983 0.028645728865839253 -0.0010935444022077642
984 0.029133619807001153 -0.0011995016483799495
985 0.028797935050589148 -0.0015690661636150575
986 0.029285873148872796 -0.0016750131158711557
987 0.028950182373805124 -0.002044603299204242
988 0.02846224113660057 -0.0019386566067553317
989 0.029438108505078563 -0.0021505322784515116
990 0.028614487603579788 -0.0024141937447325432
991 0.02812653928821927 -0.002308244152622193
992 0.02827879084966344 -0.0027837836252665132
993 0.02779084222142257 -0.0026778339408527387
994 0.027943094579471767 -0.0031533737071376116
995 0.027455171961824943 -0.0030474476596542735
996 0.02730290275539047 -0.0025719131052180967
997 0.026967246598086855 -0.0029415224689856266
998 0.02681502922255867 -0.0024660111262378884
999 0.02647933176783019 -0.002835600568103778
1000 0.026327105684710247 -0.0023600884139015716
1001 0.025991410354196366 -0.002729675765284906
1002 0.025839180874870145 -0.0022541736794485386
1003 0.025503487615235746 -0.0026237518300211518
1004 0.025351258673864462 -0.002148246373083036
1005 0.02501556508559792 -0.002517825924002285
1006 0.024863338473219348 -0.0020423095698089582
1007 0.0245276429277784 -0.0024118980804692276
1008 0.02437541637244082 -0.0019363814191300554
1009 0.024039720507430473 -0.0023059713790276985
1010 0.023887493907806426 -0.0018304549014029393
1011 0.02355179797642329 -0.002200045138274858
1012 0.023399571368238083 -0.0017245287261761458
1013 0.02306387541238478 -0.0020941190292021773
1014 0.02321610203904385 -0.002569635408002673
1015 0.02272817945552578 -0.0024637093360190677
1016 0.022575952836981106 -0.0019881929537149223
1017 0.022240256866765534 -0.0023577832691828774
1018 0.022088030244096023 -0.0018822668810040215
1019 0.021752334274997582 -0.00225185720453011
1020 0.021600107640932006 -0.001776340816173421
1021 0.021264411680001784 -0.0021459311386850654
1022 0.021112185048036785 -0.001670414752168498
1023 0.02077648909241131 -0.002040005072999166
1024 0.020624262460663095 -0.0015644886840037028
1025 0.020288566503700194 -0.0019340790069990914
1026 0.020136339874205256 -0.0014585626195754411
1027 0.019800643918943022 -0.0018281529419778427
1028 0.019648417287394773 -0.001352636553329538
1029 0.019312721328087916 -0.0017222268796855775
1030 0.0191604946973852 -0.0012467104878318405
1031 0.018824798739402567 -0.0016163008147870668
1032 0.018977025369668454 -0.0020918172047311324
1033 0.01848910278061008 -0.0019858911425778667
1034 0.018336876145860975 -0.0015103747506472812
1035 0.018001180186402253 -0.001879965082452206
1036 0.017848953548009625 -0.0014044486873884023
1037 0.017513257591987363 -0.0017740390211368998
1038 0.017361030949585333 -0.0012985226264072176
1039 0.017025334994308406 -0.0016681129582517627
1040 0.016873108351836665 -0.0011925965652124868
1041 0.016537412396973945 -0.0015621868968445944
1042 0.016385185757700853 -0.0010866705106576478
1043 0.01604948980792822 -0.0014562608372399575
1044 0.015897263171137304 -0.0009807444537670343
1045 0.015561567223377745 -0.0013503347782311819
1046 0.015409340588297866 -0.0008748183984593709
1047 0.01507364464010256 -0.0012444087214199396
1048 0.01492141800523918 -0.0007688923404106983
1049 0.01458572205492833 -0.0011384826654250429
1050 0.014737948690811319 -0.001613999049302695
1051 0.014250026102137742 -0.0015080729916596362
1052 0.014097799465802509 -0.0010325566047822495
1053 0.013762103510688168 -0.0014021469388345823
1054 0.013609876871256091 -0.0009266305421831868
1055 0.013274180912731533 -0.0012962208810158818
1056 0.01312195427227397 -0.0008207044775356712
1057 0.012786258311089758 -0.0011902948133937297
1058 0.012634031670260478 -0.0007147784126513855
1059 0.01229833570446632 -0.0010843687518504637
1060 0.01214610906353414 -0.00060885234770445
1061 0.011810413096883616 -0.000978442688797352
1062 0.011658186454488555 -0.0005029262821565465
1063 0.011322490486187659 -0.0008725166260903072
1064 0.01117026384228434 -0.00039700021558357064
1065 0.010834567869455344 -0.0007665905605155794
1066 0.010682341226835068 -0.0002910741493517455
1067 0.010346645253452915 -0.000660664494025314
1068 0.010194418613616116 -0.00018514808510430966
1069 0.009858722645150442 -0.0005547384319364921
1070 0.010010949284281935 -0.001030254834598943
1071 0.009523026683575643 -0.0009243287679425952
1072 0.009370800047123982 -0.000448812376298365
1073 0.009035104093975682 -0.0008184027012025179
1074 0.008882877459378746 -0.00034288632769104003
1075 0.008547181527891079 -0.0007124766381406072
1076 0.008394954891806333 -0.0002369602808163935
1077 0.00805925897095479 -0.0006065506475247749
1078 0.007907032337008275 -0.00013103423592943433
1079 0.007571336421707939 -0.0005006246040262978
1080 0.007419109800878462 -2.5108209888765037e-05
1081 0.007083413866986826 -0.0003946985348680179
1082 0.00693118727332218 8.081782847730917e-05
1083 0.006595491337329589 -0.00028877249039093496
1084 0.006443264758067055 0.00018674386491662938
1085 0.006107568855771797 -0.00018284640507123932
1086 0.00595534225776675 0.00029266990905259574
1087 0.005619646366328923 -7.692035311920734e-05
1088 0.0057718729654465005 -0.0005524366580990925
1089 0.00528395047710569 -0.00044651061501157336
1090 0.005131723859986224 2.9005688638344832e-05
1091 0.004796027958071555 -0.00034058458468083175
1092 0.004643801333077481 0.00013493173837213495
1093 0.004308105423451559 -0.00023465855074144065
1094 0.00415587879107381 0.00024085778734328782
1095 0.003820182875934947 -0.00012873252136977737
1096 0.003667956239548803 0.0003467838343095578
1097 0.003332260316296431 -2.2806484834414313e-05
1098 0.0031800336784021943 0.000452709881632018
1099 0.002844337748440368 8.311956783365129e-05
1100 0.0026921111077356876 0.000558635933947805
1101 0.002356415171058709 0.00018904561010986697
1102 0.0022041885573004256 0.0006645619604045823
1103 0.0018684925915757435 0.0002949716512674498
1104 0.001716265998755612 0.000770487979146685
1105 0.0013805700061517933 0.00040089769736677825
1106 0.0015327966453766275 -7.461868166633962e-05
1107 0.0010448740509253285 3.1307370232636775e-05
1108 0.0008926474044037903 0.000506823758642744
1109 0.0005569514536081722 0.00013723342360710732
1110 0.00040472480666298453 0.000612749813084632
1111 6.902889754197034e-05 0.00024315948817574685
1112 -8.319778501573507e-05 0.0007186758685458968
1113 -0.0004188936863310396 0.0003490855772097448
1114 -0.0005711203810741727 0.0008246019284203354
1115 -0.0009068163257955982 0.0004550116232662218
1116 -0.001059042987492547 0.0009305279814624143
1117 -0.0013947389305013227 0.0005609376913402269
1118 -0.0015469655898708943 0.0010364540367761212
1119 -0.0018826615376953382 0.0006668637232857802
1120 -0.00203488819179873 0.0011423800864076988
1121 -0.002370584135352775 0.0007727897889808449
1122 -0.00252281079174338 0.0012483061407140862
1123 -0.002858506744410624 0.00087871580064449
1124 -0.0027062800462283685 0.000403199512479323
1125 -0.0031942026797443326 0.0005091255195431329
1126 -0.003346429342718106 0.000984641856571835
1127 -0.003682125282770127 0.0006150515750804897
1128 -0.0038343519424330103 0.001090567910575627
1129 -0.0041700479243147485 0.0007209776668267976
1130 -0.004322274548659798 0.0011964939701940064
1131 -0.0046579705439627715 0.0008269036700616119
1132 -0.0048101971521432845 0.0013024200156631564
1133 -0.005145893091125509 0.0009328297396901784
1134 -0.005298119742744576 0.0014083460698752243
1135 -0.005633815725796665 0.0010387558382484606
1136 -0.005786042345226781 0.0015142721305032515
1137 -0.006121738343793832 0.0011446818366028333
1138 -0.0062739649464106165 0.0016201981757144575
1139 -0.006609660897779453 0.0012506078370459923
1140 -0.006457434334688425 0.0007750915999478434
1141 -0.006945356904632751 0.0008810175619595837
1142 -0.007097583495767217 0.0013565338903948638
1143 -0.0074332794455981835 0.0009869435545743052
1144 -0.0075855060772238095 0.0014624599272119706
1145 -0.007921202027825517 0.0010928695945655073
1146 -0.008073428670006887 0.001568385981452978
1147 -0.008409124618042715 0.0011987956451742035
1148 -0.008561351261941625 0.0016743120316280162
1149 -0.008897047208582856 0.001304721697005158
1150 -0.009049273851962743 0.001780238079208057
1151 -0.009384969795224306 0.001410647749178515
1152 -0.00953719643788055 0.0018861641266514893
1153 -0.00987289237927305 0.0015165738021391724
1154 -0.010025119020216406 0.0019920901744797767
1155 -0.010360814957710537 0.0016224998533911554
1156 -0.010513041596327615 0.002098016221099105
1157 -0.010848737530187539 0.0017284259012724174
1158 -0.010696510894262106 0.0012529095353203698
1159 -0.011184433464931256 0.0013588355842685598
1160 -0.011336660099209264 0.0018343519500438983
1161 -0.011672356032490465 0.0014647616339942809
1162 -0.0118245826670654 0.0019402779953385835
1163 -0.012160278596805796 0.0015706876829404645
1164 -0.01231250523038967 0.00204620404047291
1165 -0.012648201158385889 0.001676613730702481
1166 -0.012800427791297838 0.0021521300862276443
1167 -0.013136123718173437 0.0017825397779565979
1168 -0.013288350350507887 0.002258056132005576
1169 -0.013624046276612263 0.0018884658246444228
1170 -0.013776272908687685 0.0023639821777396847
1171 -0.014111968834277181 0.00199439187108896
1172 -0.014264195460590334 0.0024699082283853647
1173 -0.014599891390649085 0.0021003179172977733
1174 -0.014447664759533478 0.0016248015646410214
1175 -0.01493558731634023 0.0017307276111402574
1176 -0.015087813947914527 0.00220624396227222
1177 -0.015423509872280323 0.00183665365768737
1178 -0.01557573650320077 0.002312170007906006
1179 -0.015911432426726872 0.0019425797042700755
1180 -0.016063659057237143 0.002418096051940972
1181 -0.016399354979595625 0.002048505750572347
1182 -0.01655158160971203 0.0025240220966449346
1183 -0.016887277530467214 0.0021544317968842175
1184 -0.017039504159645863 0.002629948140262065
1185 -0.017375200078702805 0.002260357842897325
1186 -0.017527426706772133 0.002735874184056154
1187 -0.017863122623596205 0.0023662838892556113
1188 -0.018015349250660742 0.0028418002264460015
1189 -0.018351045164915203 0.0024722099344916034
1190 -0.0185032717839283 0.0029477262628575165
1191 -0.01883896769433639 0.0025781359699775415
1192 -0.018686741076976078 0.0021026196441946386
1193 -0.019174663610281202 0.0022085456871105582
1194 -0.01932689020235132 0.002684062050665627
1195 -0.019662586135357478 0.002314471737251373
1196 -0.01981481274093329 0.002789988089318384
1197 -0.020150508663702785 0.002420397775816441
1198 -0.020302735281789486 0.002895914095797069
1199 -0.02063843118669314 0.0025263238158165233
1200 -0.020790657804630196 0.0030018401264924727
1201 -0.021126353700150084 0.0026322498575383256
1202 -0.021278580317692617 0.0031077661642749384
1203 -0.02161427621023173 0.0027381758968092248
1204 -0.02176650282364591 0.003213692199869331
1205 -0.022102198712894892 0.0028441019332612967
1206 -0.021949972101321085 0.0023685856343439835
1207 -0.022437894603341415 0.002474511671237989
1208 -0.022590121211839 0.0029500279674580685
1209 -0.02292581709599279 0.002580437703554546
1210 -0.023078043704772223 0.0030559539981367275
1211 -0.023413739585302466 0.002686363740323876
1212 -0.023565966175212942 0.0031618801238978097
1213 -0.02390166206586389 0.0027922897853651044
1214 -0.024053888653782385 0.0032678061693093073
1215 -0.024389584546157122 0.002898215813599794
1216 -0.024541811145272468 0.003373732101442599
1217 -0.024877507011750472 0.003004141837120369
1218 -0.02502973361454001 0.0034796581105959
1219 -0.025365429475445823 0.0031100678593846765
1220 -0.02551765607112391 0.003585584126752879
1221 -0.025853351926847665 0.003215993886499789
1222 -0.026005578519929073 0.003691510153695776
1223 -0.026341274365120307 0.003321919933124533
1224 -0.02618904777723332 0.002846403623986241
1225 -0.02667697021112846 0.0029523297215415076
1226 -0.026829196797678336 0.003427845952339709
1227 -0.02716489263743763 0.0030582557178284457
1228 -0.02731711921753547 0.0035337719588564576
1229 -0.02765281504892401 0.003164181735768576
1230 -0.02780504161122745 0.003639698165149138
1231 -0.028140737437827235 0.003270107819716252
1232 -0.02829296401624326 0.0037456242109761874
1233 -0.02862865982199208 0.0033760338558844008
1234 -0.016735050902308018 0.0016789154503944323
1235 -0.019998282048200665 0.001944881451007663
1236 -0.023749435465556638 0.0023167735000118113
1237 -0.02878088639715603 0.0038515499942620808
1238 -0.029116582191578366 0.003481959841044241
1239 -0.012495974526464493 0.0012010973732904707
1240 -0.02926880875931802 0.003957475987103498
1241 -0.02960450454329262 0.003587885848680073
1242 -0.028964355621832732 0.0030064436447226443
1243 -0.008744820565480928 0.0008292053130010189
1244 -0.014783360685102756 0.001255211258451958
1245 -0.027012666053137346 0.0025827394345127636
1246 -0.029756731107562252 0.00406340199284346
1247 -0.0300924268787749 0.00369381185574502
1248 -0.030244653435763318 0.004169327976974573
1249 -0.03058034918795413 0.003799737862736411
1250 -0.03073257573319494 0.004275253965578434
1251 -0.031068271477054443 0.003905663861974384
1252 -0.030916044987103482 0.0034301478187818016
1253 -0.0314039672449836 0.0035360738112032984
1254 -0.03155619374465854 0.00401158984743601
1255 -0.031891889462470735 0.00364199979582823
1256 -0.0320441159822159 0.004117515811702398
1257 -0.03237981168585396 0.0037479257697907243
1258 -0.03253203819240746 0.004223441776256142
1259 -0.032867733871340066 0.003853851772906602
1260 -0.022285667991206324 0.0019989953732825055
1261 -0.011032206830520908 0.0008833192181817754
1262 -0.004993666501648709 0.00045731355662976636
1263 -0.007281052796852629 0.0005114272028249918
1264 -0.03301996036645598 0.0043293677450501715
1265 -0.033355656014464566 0.003959777746896871
1266 -0.033203429536534344 0.0034842617977773054
1267 -0.03369135164975066 0.0035901877697905437
1268 -0.03384357813135015 0.004065703689656474
1269 -0.034179273732448306 0.003696113747359664
1270 -0.034331500201847685 0.004171629613625136
1271 -0.03466719581527772 0.0038020395246836937
1272 -0.031739662985922686 0.0031664837872481142
1273 -0.034819422224849614 0.004277555496691873
1274 -0.03515511784519889 0.003907965227246458
1275 -0.0012425122472022395 8.542145974469839e-05
1276 -0.03530734419801722 0.004383481354758428
1277 -0.03564303973219865 0.004013891334228795
1278 -0.0035298985915172792 0.00013953539520907785
1279 -0.03579526601409947 0.004489407213320872
1280 -0.03613096144928491 0.004119817429018513
1281 -0.034514969449644675 0.0033265232759446184
1282 0.00022125561233756117 -0.0002323568600878787
1283 -0.035978735258114826 0.0036443011014479394
1284 -0.036466656986130774 0.0037502277426639872
1285 -0.0366188828574569 0.004225744226264434
1286 -0.03695457853798475 0.003856154217092047
1287 -0.037106804536757486 0.004331670373327542
1288 -0.03744250012868817 0.003962080281152438
1289 -0.037594726496778925 0.004437596403058153
1290 -0.037930421760851124 0.004068005947699275
1291 0.0029965643902372173 -0.00039239682087587437
1292 -0.03808264816645042 0.004543522139188589
1293 -0.03841834318251644 0.004173931843589522
1294 -0.023230270295391868 0.0035314703606975062
1295 -0.01996703931423305 0.003265504527913297
1296 -0.015727963134163452 0.0027876863575825583
1297 -0.011976809298980746 0.0024157943597974255
1298 -0.03857056942426524 0.004649446668964016
1299 -0.03890626446248165 0.004279857359266829
1300 0.004460332054816733 -0.0007101748828241557
1301 -0.027469345800402667 0.004009288330167622
1302 -0.024694037758351745 0.0038492483386480467
1303 -0.017191730779849812 0.003105464474592302
1304 -0.007737732721726372 0.0019379763198698545
1305 0.0072356404104919 -0.0008702150635794492
1306 -0.021430806934567944 0.0035832824687232804
1307 -0.013440576978877577 0.002733572489844345
1308 -0.03680235235249485 0.00338063794039766
1309 -0.03905849068128942 0.0047553727136026396
1310 -0.039394185518668745 0.0043857833521993685
1311 -0.03826611720821617 0.003698416793466072
1312 -0.028933112986478115 0.004327066334002085
1313 -0.009201500496264637 0.0022557544576395773
1314 0.008699408152165272 -0.0011879930110413124
1315 -0.03954641172244562 0.0048613007839468855
1316 -0.03988210636065378 0.0044917112235187155
1317 -0.03972988034528933 0.004016194806924984
1318 -0.040217800934655844 0.0041221206615168334
1319 -0.04037002710036017 0.0045976366690452216
1320 -0.04070572128693908 0.004228046337304068
1321 -0.0408579471408916 0.004703560056271475
1322 -0.04119364119468291 0.004333971744215358
1323 -0.004474501193886989 0.0016720103470025803
1324 -0.03268426470845942 0.004698957749474377
1325 -0.03448372671345455 0.004647145887235724
1326 0.011474717120927352 -0.001348033031325479
1327 -0.03039687999292973 0.004644844078852581
1328 -0.00593826898845634 0.001989788504532836
1329 -0.04134586685611556 0.004809485275021948
1330 -0.041681560592004945 0.004439897721589533
1331 -0.0372590310635748 0.004807187720146809
1332 -0.0002354244387983743 0.001194192259730699
1333 -0.0021871148411919377 0.0016178964723774579
1334 -0.041833786199314084 0.0049154104269538085
1335 -0.042169479718323626 0.0045458229952571455
1336 0.012938484946367788 -0.0016658112264758534
1337 -0.0400655750533182 0.0036466057906839413
1338 -0.04152933540195201 0.003964384239836019
1339 0.004491574736937796 0.000610448051142619
1340 0.0025398845516574633 0.0010341522277714662
1341 -0.03872279586981817 0.00512496441009698
1342 -0.04232170492111932 0.005021335327519671
1343 -0.0426573979578855 0.004651748986844428
1344 0.01620171644118772 -0.0019317772265612103
1345 0.014402252740138828 -0.001983589379740185
1346 0.008242728256494873 0.00023855606649066758
1347 -0.04280962286533497 0.005127260785380348
1348 -0.04314531500578862 0.0047576745535028485
1349 -0.04299309059977791 0.004282163549561874
1350 -0.04348100995373824 0.004388093097648333
1351 -0.04363323152224709 0.004863599313071303
1352 -0.04396892926373521 0.004494023029070391
1353 0.006291038138896212 0.0006622601718615416
1354 0.017665484249640134 -0.0022495554136366374
1355 -0.04101017337556249 0.005179073374722316
1356 -0.04412114632171957 0.004969523137529698
1357 -0.044456839340368995 0.004599945202444528
1358 0.02044079312846211 -0.0024095953958331797
1359 0.013457650254463672 -0.0004511141595423309
1360 0.011505959826540482 -2.7409898088419328e-05
1361 -0.043328782587545356 0.0039125784617558565
1362 -0.044609058021123 0.005075443937498633
1363 -0.04494474371496161 0.004705868305509094
1364 -0.042473930462072595 0.005496847037878115
1365 -0.04509696496770869 0.005181364274346557
1366 -0.04543264607143624 0.004811792581994696
1367 0.021904560907597577 -0.002727373592051138
1368 0.024679869605926424 -0.0028874142025187865
1369 0.017208804301868826 -0.0008230062317883723
1370 0.01525711395147037 -0.0003993020179434109
1371 -0.04479252841581366 0.004230372653535781
1372 0.02843102237644711 -0.0032593038799358124
1373 -0.04427336928468889 0.005445030484144594
1374 0.019496190657350032 -0.0008771201600525356
1375 0.026143637393938796 -0.0032051916803431716
1376 -0.04558486587106101 0.00528728416431903
1377 -0.04592053964380995 0.0049177115250761145
1378 -0.04576832412099975 0.004442228454923342
1379 -0.04625621253450405 0.004548150639399761
1380 -0.04640843967733821 0.005023617981419489
1381 -0.03353912518198483 0.003114671830922491
1382 0.00967525332026354 -0.0013998451664353811
1383 -0.03170842029441666 0.004487106179806742
1384 -0.02994020038432471 0.0032182957870654978
1385 -0.03545957061006816 0.004858997106777944
1386 -0.02798851087045363 0.002794591470555296
1387 -0.025213202876405737 0.0026345515863780973
1388 0.0072668831762845495 0.0004504081189196879
1389 -0.019022436989847347 0.0017330293574207558
1390 -0.010177345661595736 0.002467606541546166
1391 0.009218573397572401 2.6703994170963752e-05
1392 0.02288040608635907 -0.002939225717903458
1393 -0.0209741270855757 0.0021567335457269026
1394 0.0035157296545373657 0.0008223001557210936
1395 -0.02566988267025034 0.004061100373778546
1396 -0.01575920579817281 0.0014670633520115898
1397 -0.017710896077218694 0.0018907677048883723
1398 0.010530114579839355 0.00018444225186609845
1399 0.012481805048307518 -0.00023926202976839854
1400 0.0007404207578385497 0.0009823401508730636
1401 -0.018167575876924042 0.0033173165610433453
1402 -0.009720665779005612 0.0010410575493514987
1403 -0.0012112696489064313 0.0014060443239364104
1404 -0.0026750374409906397 0.0017238225257073126
1405 -0.0023393415119235743 0.0020934128573386504
1406 -0.002827264092629685 0.0021993389160178544
1407 -0.0024915681640213056 0.0025689292484035306
1408 -0.002979490741460135 0.0026748553080460586
1409 -0.0026437947895161266 0.003044445648032624
1410 -0.002155872225394839 0.002938519516030493
1411 -0.0031317173853684294 0.003150371701733678
1412 0.01818464950626123 -0.001034858351593347
1413 -0.0134718196908892 0.001412949612019909
1414 0.01623295911365176 -0.0006111541275335504
1415 0.0011971006972838053 -0.00044420901512005776
1416 0.01864132941706752 -0.0024614075270809094
1417 0.005436177089175837 -0.0009220269122628307
1418 0.021935803636958576 -0.00140675050018434
1419 0.02095995843287653 -0.0011948983663733332
1420 -0.045249187614243444 0.005656855044972993
1421 -0.04674408451250678 0.004654078004297794
1422 0.027607404967613665 -0.003522969870047945
1423 -0.0027960214327252403 0.0035199620418889517
1424 -0.0032839440314944 0.003625888094467949
1425 -0.003619639983238588 0.0032562977547878243
1426 -0.003771866630291678 0.003731814146844658
1427 -0.0041075625818278215 0.0033622238075361236
1428 -0.004259789228907806 0.0038377401990386624
1429 -0.004595485180168306 0.0034681498600693545
1430 -0.004747711827131379 0.003943666251106015
1431 -0.005083407778096452 0.0035740759124563695
1432 -0.005235634424929468 0.004049592303206705
1433 -0.005571330375587296 0.0036800019648206093
1434 -0.005723557022138928 0.004155518355061135
1435 -0.006059252972996305 0.003785928015141642
1436 -0.00621147961907243 0.004261444406558616
1437 -0.006547175569612955 0.0038918540670191673
1438 -0.006699402215467068 0.004367370458068648
1439 -0.007035098165410406 0.003997780117955308
1440 -0.04689630962357227 0.005129511587483395
1441 -0.0071873248111610204 0.004473296509398421
1442 -0.007523020760388064 0.004103706166195776
1443 -0.007675247406004634 0.004579222559913721
1444 -0.008010943354961678 0.004209632225517529
1445 -0.04723191439507191 0.0047600412755359235
1446 -0.008163170000403673 0.004685148610584155
1447 -0.008498865946417035 0.004315558276482031
1448 -0.00834663930024366 0.0038400418795279862
1449 -0.008834561890312237 0.003945967938001565
1450 -0.008986788535550617 0.004421484326431618
1451 -0.009322484480884099 0.004051893978590856
1452 -0.009474711121193509 0.0045274103701654685
1453 -0.009810407063751227 0.0041578200271394925
1454 -0.009962633702589084 0.004633336416568882
1455 -0.010298329641494066 0.004263746070839835
1456 -0.010450556277845073 0.004739262457285136
1457 -0.0107862522113623 0.004369672118188754
1458 -0.010938478845338094 0.004845188500731172
1459 -0.011274174769013892 0.0044755981881933705
1460 -0.011426401404634657 0.004951114541382474
1461 -0.011762097321603708 0.004581524238247026
1462 -0.01191432395310782 0.005057040583730486
1463 -0.012250019867837815 0.004687450283390509
1464 -0.012402246494481182 0.005162966625849983
1465 -0.012737942418691743 0.004793376287780034
1466 -0.01289016903665202 0.005268892657190808
1467 -0.013225864961056167 0.004899302321336613
1468 -0.012585715810402015 0.0043178598708267
1469 -0.011121948145201054 0.004000081749641245
1470 -0.006882871519637751 0.003522263726964413
1471 0.02666276063544199 -0.001990481922397979
1472 -0.013378091575507418 0.0053748186913508255
1473 -0.01371378748930991 0.005005228395075351
1474 -0.013866014113764993 0.005480744735190737
1475 -0.014201710026154644 0.0051111544390317724
1476 -0.014049483415348984 0.004635638069808402
1477 -0.014537405938634122 0.004741564143871733
1478 -0.014689632568114354 0.005217080481141717
1479 -0.015025328500307689 0.0048474901472889504
1480 -0.015177555116871232 0.0053230065180543615
1481 -0.015513251064009331 0.004953416141798718
1482 -0.01566547766800485 0.0054289325532629286
1483 -0.01600117360004558 0.005059342211047113
1484 -0.016153400215962628 0.005534858599461758
1485 -0.016489096141907873 0.005165268264182979
1486 -0.01664132276432739 0.005640784644553259
1487 -0.016977018690044563 0.005271194309373386
1488 -0.01712924531336435 0.005746710687227711
1489 -0.01746494123090353 0.005377120387620469
1490 -0.017617167859939723 0.0058526367371312385
1491 -0.017952863776672743 0.00548304643803464
1492 -0.01810509040559219 0.005958562778208392
1493 -0.018440786321232614 0.005588972482369914
1494 -0.01859301294829039 0.006064488818536946
1495 -0.018928708860354065 0.005694898522946639
1496 -0.018776482234816833 0.005219382189980658
1497 -0.019264404770333993 0.005325308231732733
1498 -0.019416631395622115 0.005800824560919756
1499 -0.019752327302997984 0.005431234269941886
1500 -0.01990455392789398 0.0059067505964376845
1501 -0.020240249831419012 0.005537160309465059
1502 -0.020392476455096627 0.006012676632485597
1503 -0.020728172354695307 0.005643086352760609
1504 -0.02088039897690854 0.006118602666908566
1505 -0.021216094875214572 0.0057490123894848935
1506 -0.021368321494579588 0.00622452870067064
1507 -0.021704017389264363 0.0058549384290166075
1508 -0.021856244006584372 0.006330454735804297
1509 -0.02219193989562924 0.005960864464984991
1510 -0.02203971328127753 0.005485348162874538
1511 -0.022527635782122225 0.005591274198476815
1512 -0.02267986239799674 0.0060667904933105745
1513 -0.023015558278946455 0.005697200228756226
1514 -0.023167784892366053 0.006172716520455102
1515 -0.023503480768908305 0.005803126261218703
1516 -0.02364327629183035 0.006267351490007677
1517 -0.023989331429290023 0.0059071703323950574
1518 -0.02412421222666886 0.006456769928066014
1519 -0.024475744176694868 0.006026698105125526
1520 -0.024631552334380705 0.0064904945965683376
1521 -0.024966651296327514 0.006122857526809946
1522 -0.02511937531476572 0.006596746144250959
1523 -0.025455054616477343 0.006227210041010739
1524 -0.02481432527750394 0.0056476664079134035
1525 -0.023838831386822714 0.005433222099639856
1526 -0.02237540916909842 0.0051157579002684694
1527 -0.02057594582918942 0.0051675700026757145
1528 -0.0191121781453569 0.004849791900609638
1529 -0.014873101906784963 0.004371973729825417
1530 -0.016336869540408933 0.0046897518482324095
1531 -0.0173127146577151 0.0049016039990056265
1532 0.025199029413742864 -0.0016727484869970724
1533 0.024223189866317562 -0.0014608645859489052
1534 -0.046103998611842 0.004072669689129777
1535 -0.04573712720074884 0.005762752972174313
1536 -0.025607361332642565 0.006702464166031343
1537 -0.025943067775268207 0.006332839272249115
1538 -0.025790843014478933 0.005857316851164745
1539 -0.026278788951754818 0.005963166188208914
1540 -0.02643101132026643 0.0064386962344374805
1541 -0.026766710676211423 0.006069094519127943
1542 -0.02691893714983261 0.00654461112032426
1543 -0.02725463380380233 0.00617501823382887
1544 -0.027406860251118745 0.006650534891608897
1545 -0.02774255618955878 0.006280944332652702
1546 -0.027894782763844588 0.006756460541561284
1547 -0.028230478607975434 0.006386870270332981
1548 -0.028078252027263533 0.005911354095110703
1549 -0.028566174411688575 0.006017280095146544
1550 -0.028718400981889786 0.006492796270792281
1551 -0.02905409677671809 0.006123206107455465
1552 -0.029206323347582542 0.006598722265337204
1553 -0.029542019131483552 0.0062291321174665565
1554 -0.029694245695132362 0.006704648258587031
1555 -0.030029941463403393 0.006335058125650826
1556 -0.030182168021992997 0.006810574245659773
1557 -0.030517863777090655 0.006440984136803639
1558 -0.030670090328955464 0.006916500229810499
1559 -0.031005786068417456 0.006546910138959755
1560 -0.02661448472986403 0.005593575936676363
1561 -0.031158012609828308 0.007022426213194926
1562 -0.031493708335822844 0.006652836124135178
1563 -0.03134148180370047 0.006177320066368915
1564 -0.03182940411876255 0.006283245731435464
1565 -0.03198163058462223 0.006758762038886595
1566 -0.03231732635151368 0.006389171658586568
1567 -0.03246955280281174 0.006864687972799731
1568 -0.03280524847301246 0.006495097964620688
1569 -0.03295747497095104 0.006970613993237904
1570 -0.03329317061287894 0.006601024010094046
1571 -0.03344539711319802 0.0070765399572175446
1572 -0.033781092725652245 0.006706949989341441
1573 -0.033628866247040416 0.006231434078194745
1574 -0.03411678833031163 0.006337360038044159
1575 -0.034269014801318415 0.00681287591054465
1576 -0.0346047103591092 0.006443286000873662
1577 -0.03475693681747462 0.006918801815192508
1578 -0.035092632343373314 0.006549211974100023
1579 -0.0352448587981768 0.00702472772859542
1580 -0.03558055427942876 0.006655137919467533
1581 -0.035732780728592095 0.007130653596229455
1582 -0.03606847614326846 0.006761063814361477
1583 -0.002948248079197467 0.003995478434565945
1584 -0.0024603254795921613 0.003889552382169228
1585 -0.04296184795082343 0.005602772336895491
1586 -0.04262615576195297 0.005972358265339502
1587 -0.04311407288652857 0.00607828314376622
1588 -0.042778380991477426 0.006447869156444543
1589 -0.04229046332952748 0.006341944732675633
1590 -0.035916249751848886 0.0062855481842392265
1591 -0.03640417154596768 0.006391474141898716
1592 -0.03655639793068678 0.006866989670176175
1593 -0.03689209329958488 0.006497400019843455
1594 -0.037044319624780754 0.006972915499707198
1595 -0.03738001492588289 0.006603325971783663
1596 -0.03625194522011768 0.005915957914654187
1597 -0.042840866553946144 0.0038066528732890077
1598 -0.04317656440691789 0.00343707680069658
1599 -0.04268864335526192 0.003331143415949747
1600 -0.04302433599408495 0.002961557497217362
1601 -0.042536418310339996 0.00285563082177724
1602 -0.04351226004750197 0.0030674991155597566
1603 -0.04287211141995505 0.0024860445816300143
1604 -0.04238419436394996 0.0023801183594422313
1605 -0.029389792625824283 0.005753615457652913
1606 -0.03957765442198004 0.003540679837003575
1607 -0.03991334925095325 0.003171090940998756
1608 -0.039425428460804976 0.0030651651489208964
1609 -0.039761123390426416 0.002695576153073029
1610 -0.03927320248097374 0.0025896503607116695
1611 -0.039608897432302025 0.002220061452767744
1612 -0.039120976447700295 0.002114135504385013
1613 -0.04009681826489037 0.0023259872353483435
1614 -0.03994459233385143 0.00185047263919192
1615 -0.040432512979645896 0.001956398597234051
1616 -0.040584738864997166 0.0024319128413497013
1617 -0.04092043327164625 0.0020623245345343082
1618 -0.03317218703420176 0.004804884544083751
1619 0.010163175920558215 -0.0015057712360175826
1620 0.009827479951451435 -0.001875361570444584
1621 0.01031540255441665 -0.001981287638584466
1622 0.009979706583764866 -0.002350877973650628
1623 0.010467629189255919 -0.002456804042382639
1624 0.010131933220426624 -0.0028263943767445404
1625 0.009644010615070564 -0.0027204683062111877
1626 0.010619855825212491 -0.0029323204486682445
1627 0.009796237249622983 -0.0031959847129114684
1628 0.009308314640542128 -0.00309005864101423
1629 0.009460541277023652 -0.0035655750554460406
1630 0.008972618669838348 -0.0034596489783553144
1631 0.008820392033296938 -0.0029841325703349837
1632 0.00848469606522426 -0.0033537229031213893
1633 0.008332469432262103 -0.002878206498571192
1634 0.007996773470006002 -0.003247796824653185
1635 0.007844546844926078 -0.0027722804393327705
1636 0.0075088508940769835 -0.003141870745707634
1637 0.0073566242724830855 -0.002666354391681307
1638 0.007020928345240475 -0.003035944669606714
1639 0.006868701734706975 -0.0025604283456772334
1640 0.006533005828916401 -0.002930018599188743
1641 0.006380779231148534 -0.00245450229898947
1642 0.006045083342477112 -0.0028240925445263253
1643 0.009948463883871586 -0.003671501128578611
1644 0.006197309859134982 -0.00329960884702324
1645 0.005709387427620271 -0.0031936827530226544
1646 0.005557160873421403 -0.002718166492256736
1647 0.005221464980634431 -0.0030877567531458886
1648 0.005069238416359749 -0.002612240447661117
1649 0.004733542520081699 -0.0029818307166616497
1650 0.004581315949245564 -0.002506314389418606
1651 0.004245620043304513 -0.0028759046491704673
1652 0.004093393460121018 -0.0024003883144753874
1653 0.0037576975394431073 -0.0027699785939058856
1654 0.0036054709479973034 -0.0022944622399510483
1655 0.0032697750275481907 -0.0026640525068407
1656 0.0031175484227839666 -0.0021885361626638434
1657 0.0027818524807142796 -0.00255812644378361
1658 0.002629625867762288 -0.0020826100993079784
1659 0.002293929918418459 -0.002452200377518231
1660 0.0024461565355153913 -0.0029277167444817036
1661 0.001958233966612517 -0.0028217906781995523
1662 0.0018060073514434738 -0.002346274298981473
1663 0.0014703113900098581 -0.0027158646057530576
1664 0.0013180847736292715 -0.0022403482176391303
1665 0.0009823888077026331 -0.0026099385303171873
1666 0.0008301621899655242 -0.0021344221367032737
1667 0.000494466220051958 -0.002504012453111158
1668 0.0003422396007717656 -0.0020284960543582703
1669 6.543628163561445e-06 -0.0023980863746393805
1670 -0.00014568299209154868 -0.0019225699724745207
1671 -0.0004813789665697152 -0.00229216029494766
1672 -0.0006336055871483897 -0.0018166438915176591
1673 -0.0009693015638104611 -0.0021862342146325205
1674 -0.0008170749417348213 -0.0026617506202778244
1675 -0.0013049975413609448 -0.0025558245396609483
1676 -0.001457224163319645 -0.002080308132193662
1677 -0.001792920141956221 -0.0024498984576502157
1678 -0.001945146764614542 -0.001974382048697384
1679 -0.0022808427439160186 -0.0023439723755254733
1680 -0.002433069366562345 -0.001868455965820445
1681 -0.0027687653459236676 -0.0022380462926593825
1682 -0.0029209919682256285 -0.0017625298834404242
1683 -0.003256687947302979 -0.002132120209293071
1684 -0.003408914569352677 -0.0016566038010061403
1685 -0.0037446105477782488 -0.0020261941261280458
1686 -0.0038968371694097985 -0.0015506777186887646
1687 -0.00423253314661577 -0.0019202680430140575
1688 -0.004080306525689414 -0.0023957844503483057
1689 -0.004568229123952442 -0.0022898583674491315
1690 -0.0047204557435915236 -0.0018143419610209058
1691 -0.005056151720235954 -0.0021839322838326895
1692 -0.005208378338789343 -0.001708415878283487
1693 -0.0055440743149726334 -0.0020780062000421533
1694 -0.0056963009329122904 -0.0016024897959674529
1695 -0.006031996908392782 -0.0019720801169461036
1696 -0.006184223525904276 -0.001496563713335037
1697 -0.006519919500919131 -0.001866154034037934
1698 -0.005879770290962879 -0.0024475965183837906
1699 -0.0066721461177712315 -0.0013906376301491392
1700 -0.007007842091644648 -0.0017602279493545993
1701 -0.006855615475000101 -0.0022357443521441546
1702 -0.0073435380660466865 -0.0021298182696843407
1703 -0.0074957646812133785 -0.0016543018651967848
1704 -0.007831460655844818 -0.0020238921868513267
1705 -0.007983687273746928 -0.0015483757898031637
1706 -0.00831938324471655 -0.0019179661053956945
1707 -0.00847160986146755 -0.0014424497107636254
1708 -0.008807305831073151 -0.0018120400237556411
1709 -0.008959532447319412 -0.001336523629696651
1710 -0.009295228415217313 -0.0017061139416256887
1711 -0.00944745503068414 -0.001230597551664873
1712 -0.009783150996357749 -0.0016001878607691145
1713 -0.00993537761051197 -0.0011246714725035001
1714 -0.010271073574388662 -0.0014942617804079431
1715 -0.010118846961953674 -0.001969778168194188
1716 -0.01060676953861392 -0.0018638520886206126
1717 -0.010758996150783268 -0.0013883357019656294
1718 -0.011094692113623317 -0.001757926008767444
1719 -0.011246918725412168 -0.001282409624842051
1720 -0.01158261468651679 -0.001651999928538001
1721 -0.011734841297389071 -0.0011764835476299306
1722 -0.012070537257095035 -0.0015460738494281108
1723 -0.012222763867607435 -0.001070557471271396
1724 -0.012558459825774117 -0.0014401477709091988
1725 -0.012710686435548488 -0.0009646313947882495
1726 -0.013046382392381331 -0.0013342216929253272
1727 -0.01319860900175043 -0.0008587053183696776
1728 -0.013534304957997583 -0.0012282956161235325
1729 -0.013382078349059068 -0.0017038119907713024
1730 -0.013870000913561265 -0.0015978859127813404
1731 -0.014022227522014402 -0.0011223695394661692
1732 -0.01435792347678617 -0.0014919598348223134
1733 -0.014510150068551038 -0.0010164435431265222
1734 -0.014845846035112877 -0.0013860337702100824
1735 -0.014998072698810282 -0.0009105175062442518
1736 -0.015333768605194835 -0.0012801077013942996
1737 -0.015485995285943174 -0.0008045913588518767
1738 -0.015821691167815875 -0.0011741816107872405
1739 -0.015973917774331027 -0.0006986652461913379
1740 -0.016309613710070007 -0.0010682555251719154
1741 -0.01646184031438872 -0.0005927391643057334
1742 -0.01679753626154887 -0.0009623294476306505
1743 -0.01694976286306817 -0.00048681309023851523
1744 -0.017285458807492285 -0.0008564033730218141
1745 -0.017437685409787452 -0.0003808870173593812
1746 -0.017773381351972244 -0.000750477298042634
1747 -0.01713323220838712 -0.0013319197264249755
1748 -0.017925607953914464 -0.00027496094460542804
1749 -0.01826130389349993 -0.0006445512237640172
1750 -0.01566946455259758 -0.001649697961757341
1751 -0.009143001801334857 -0.0021816303325290103
1752 -0.01469361943194261 -0.0018615501287752318
1753 -0.018109077293782347 -0.0011200675763923583
1754 -0.018596999833777463 -0.0010141415027102266
1755 -0.018749226431692752 -0.000538625152468767
1756 -0.01908492236866053 -0.000908215428070978
1757 -0.01923714896664312 -0.0004326990829762595
1758 -0.01957284490020645 -0.000802289354459616
1759 -0.019725071494663383 -0.0003267730148536628
1760 -0.020060767424752886 -0.0006963632805680985
1761 -0.020212994040437575 -0.0002208470496314202
1762 -0.020548689947584676 -0.0005904372245271535
1763 -0.02070091654925569 -0.00011492093916054113
1764 -0.0210366124597026 -0.0004845111521853888
1765 -0.02088438587021806 -0.0009600274631416618
1766 -0.021372308379959428 -0.0008541013937870458
1767 -0.021524534965082328 -0.0003785850760567905
1768 -0.021860230880188177 -0.000748175323736543
1769 -0.022012457485900097 -0.00027265910774007225
1770 -0.022348153379189876 -0.0006422492704256854
1771 -0.022500380029856378 -0.0001667331138810223
1772 -0.022836075877517487 -0.00053632321710801
1773 -0.022988302506393086 -6.0806970461540176e-05
1774 -0.023323998360440242 -0.0004303971397662475
1775 -0.023476224960657502 4.511905869677155e-05
1776 -0.02381192083296179 -0.0003244710783692228
1777 -0.023964147506129154 0.00015104508705380236
1778 -0.02429984331501737 -0.00021854502079588336
1779 -0.024452069967561257 0.0002569712346588591
1780 -0.024787765779764794 -0.00011261894371570897
1781 -0.02493999237422325 0.0003628972353152569
1782 -0.02527568822827319 -6.692888745364178e-06
1783 -0.025427914805119595 0.0004688233418089433
1784 -0.025763610675166145 9.923317329287246e-05
1785 -0.025611384104120546 -0.00037628308075496244
1786 -0.026099306549175656 -0.0002703570187718059
1787 -0.026251533115726637 0.00020515923531275616
1788 -0.026587228985228584 -0.0001644309600300855
1789 -0.02673945556954572 0.00031108519099195533
1790 -0.02707515141691454 -5.850491694179552e-05
1791 -0.027227378043802795 0.00041701116985622426
1792 -0.02756307384347608 4.7421124682494546e-05
1793 -0.027715300446873727 0.0005229372967431819
1794 -0.02805099624121959 0.00015334720572750694
1795 -0.028203222802761687 0.0006288634053419925
1796 -0.028538918645056255 0.00025927328810957653
1797 -0.02869114518478931 0.0007347894602244514
1798 -0.029026841028505578 0.00036519932748990246
1799 -0.0291790675568436 0.0008407154965092297
1800 -0.02951476337829917 0.0004711253508718374
1801 -0.029666989916067775 0.0009466415203287213
1802 -0.03000268572102396 0.0005770513964691551
1803 -0.03015491227919976 0.0010525675605486586
1804 -0.03049060805254927 0.000682977435242657
1805 -0.019420618306555486 -0.0012778056938752055
1806 -0.024147616724410237 -0.0006940612771187847
1807 -0.030642834603857316 0.0011584936274802097
1808 -0.030978530351897744 0.0007889035093632387
1809 -0.030826303836763904 0.0003133873539859708
1810 -0.0313142261376387 0.0004193133782283416
1811 -0.03146645263369873 0.0008948295231184502
1812 -0.03180214840455594 0.0005252394164179173
1813 -0.03195437490107158 0.00100075550008819
1814 -0.032290070645877945 0.0006311654505322078
1815 -0.032442297137030306 0.0011066814980928005
1816 -0.03277799286070053 0.0007370914759497315
1817 -0.029362536866442315 -4.390787285462033e-06
1818 -0.022195926812190108 -0.001117765547959412
1819 -0.027898769699506425 -0.0003221689659930124
1820 -0.03293021935144193 0.0012126074872114674
1821 -0.033265915046001515 0.0008430174950879808
1822 -0.033418141526861504 0.001318533473304605
1823 -0.03375383719644981 0.000948943508554788
1824 -0.03390606366782922 0.001424459450604191
1825 -0.0342417593081918 0.0010548695218131972
1826 -0.03439398576848145 0.00153038541848491
1827 -0.034729681382431495 0.0011607955193545655
1828 -0.03488190781913163 0.0016363113660657516
1829 -0.035217603407620215 0.001266721476166965
1830 -0.03506537698699499 0.0007912056558001899
1831 -0.03555329898882623 0.0008971316399924833
1832 -0.03570552538583937 0.0013726474271184932
1833 -0.03604122090921812 0.0010030576275215264
1834 -0.03619344729404971 0.0014785733539153336
1835 -0.03652914277430685 0.001108983628578167
1836 -0.03668136923715073 0.0015844988069943925
1837 -0.03701706457977541 0.0012149095256391356
1838 -0.018444773233366806 -0.0014896578481357252
1839 -0.023171771787625015 -0.000905913412807042
1840 -0.0124062332166997 -0.0019156641491267314
1841 -0.026403759746663275 0.0006806753196015058
1842 -0.014174454186631042 -0.0006468533680437836
1843 -0.02167676161824852 9.693106824741572e-05
1844 -0.037169291019463355 0.001690424594463911
1845 -0.037504986474285004 0.0013208355815611584
1846 -0.011430388076597976 -0.002127516311534328
1847 -0.003104461325367137 -0.0026076366178630923
1848 -0.021220081788718603 -0.001329617705606401
1849 -0.026922924861443452 -0.0005340211319931221
1850 -0.008167156628606755 -0.0023934825011573627
1851 0.00015877024970075988 -0.002873602775613988
1852 -0.03408953289307574 0.0005793535250605279
1853 -0.02594707997655869 -0.0007458732519387439
1854 -0.033113688620717056 0.0003675013677680505
1855 -0.010454542926920546 -0.00233936847515177
1856 0.003422001623809274 -0.0031395688812576846
1857 -0.0011527709183160016 -0.0030313409477574463
1858 -0.032137844170797306 0.000155649324206664
1859 -0.004416002503953632 -0.0027653747754041655
1860 -0.01371777430557858 -0.0020734022881976942
1861 -0.03116199962518963 -5.620274090403429e-05
1862 -0.00212861612151478 -0.0028194887839077896
1863 -0.007191311448367377 -0.002605334666843162
1864 0.001134615431437191 -0.003085454920700525
1865 -0.035857751768650026 0.001848163217137727
1866 -0.03259452364015055 0.0015821976316192125
1867 -0.03161867916740545 0.001370345676980747
1868 -0.029819216603635422 0.0014221576896629087
1869 -0.002585295988960338 -0.001392939557187834
1870 -0.02884337173433197 0.0012103056450902196
1871 -0.004872682363076311 -0.0013388255558805288
1872 -0.005848527551122243 -0.0011269733922970918
1873 -0.02786752699921338 0.0009984534053881714
1874 -0.008135913891303526 -0.0010728593941318476
1875 -0.009599681646301959 -0.0007550811639101894
1876 -0.010087604223381726 -0.0006491550850435312
1877 -0.011887067997966738 -0.0007009672712131906
1878 -0.02460429667017791 0.0007324872020338948
1879 -0.02314052917812715 0.0004147090091643547
1880 -0.01563822180939236 -0.0003290749465158934
1881 -0.016614067017525908 -0.00011722292664436773
1882 -0.017589912012749613 9.46293353737528e-05
1883 -0.0180778345536649 0.0002005554079166649
1884 -0.019877298158333185 0.00014874314528683292
1885 0.004397846611901603 -0.003351421017428316
1886 -0.03540107258467901 0.0004216158118187808
1887 -0.0016094507855954764 -0.001604791724536353
1888 -0.01286291304603993 -0.00048911502065539
1889 0.002110460583516942 -0.0032973070560805826
1890 -0.03637691644157728 0.0006334678198977903
1891 -0.03735276001217544 0.000845319996902729
1892 -0.037840681852011865 0.0009512461071664539
1893 0.0076923201923461415 -0.002296764110187264
1894 -0.03305120306700609 0.003008745850701035
1895 -0.026157805113156216 0.004167026397265912
1896 0.01912925199789412 -0.0025673335892518476
1897 0.018793556051644376 -0.002936923904911021
1898 0.019281478625058836 -0.003042849962664757
1899 0.01894578268042102 -0.00341244027397643
1900 0.01845786011434799 -0.0033065142167419334
1901 0.019433705251086758 -0.00351836633607062
1902 0.005924099540046505 -0.0010279529538612998
1903 -0.021887486668597713 0.00500983186318805
1904 -0.022223182556897102 0.004640241601412799
1905 -0.02271110505458025 0.004746167638512174
1906 -0.018624255610298304 0.004743865857861253
1907 -0.018959951531752006 0.004374275549813187
1908 -0.019447874055714753 0.004480201608481591
1909 -0.010665268234839282 0.002573532586826821
1910 -0.025459157536691167 -0.000851799334972942
1911 -0.025794853411687895 -0.00122138950918415
1912 -0.025306930971384388 -0.0013273155963952738
1913 -0.004931181132033854 0.0030985595185532315
1914 -0.006426191584483643 0.002095714554567157
1915 -0.030674077330186903 -0.00016212877219294554
1916 -0.031009773120770013 -0.000531718868023937
1917 -0.030521850814100502 -0.0006376449043417891
1918 0.014769191374608706 -0.0002933759645521029
1919 0.01510488731267868 7.62143529022194e-05
1920 0.014616964746457501 0.00018214040443283262
1921 -0.020732159282875858 -0.0014355437858388606
1922 -0.0210678552027933 -0.0018051340284922137
1923 -0.02057993269444606 -0.0019110601113033819
1924 0.0016850232907260853 -0.0005501350649501062
1925 0.003453244343831965 -0.0018189458997467606
1926 0.02336832867429802 -0.0030451517778121383
1927 0.023032632724875473 -0.003414742100140177
1928 0.02352055530637945 -0.0035206681588652745
1929 0.005803115649884203 0.0007681862137920908
1930 0.0061388115252670366 0.0011377764707525078
1931 0.005650889038514883 0.001243702510711415
1932 0.0059865849080792885 0.0016132927629333269
1933 0.005498662428888775 0.001719218802044445
1934 0.006474507378410357 0.0015073668164874007
1935 0.005834358294161292 0.002088809051939639
1936 0.005346435820783754 0.0021947350900135432
1937 0.010955551796100067 -0.00256273011118614
1938 0.01110777843277555 -0.0030382465203313835
1939 0.01144347440552598 -0.0026686561799995623
1940 0.011595701043252367 -0.003144172590377692
1941 0.011260005069006105 -0.003513762932253986
1942 0.011747927681834273 -0.003619689003759225
1943 0.012083623657426228 -0.003250098661245597
1944 0.012235850296274546 -0.003725615076571424
1945 0.012571546272998729 -0.003356024732697079
1946 0.012723772911823755 -0.0038315411496519687
1947 0.013059468882624147 -0.0034619507940690506
1948 0.014890175331142922 -0.002089515437053416
1949 0.014554479378622238 -0.002459105770140303
1950 0.015042401974084995 -0.002565031829801281
1951 0.014706706018540447 -0.0029346221634088294
1952 0.015194628615070102 -0.003040548223561749
1953 0.01485893265993024 -0.003410138557969888
1954 0.015346855256914402 -0.003516064613910675
1955 0.015682551208300335 -0.0031464742845809697
1956 0.01583477784869397 -0.00362199066794982
1957 0.01617047379692391 -0.003252400342056467
1958 0.01632270043675593 -0.0037279167215469554
1959 0.016658396390874623 -0.0033583263907096526
1960 0.016810623031818246 -0.00383384276835105
1961 0.014066556787031712 -0.0023531797218559174
1962 0.005010739940618398 0.0018251448384485516
1963 0.004858513329229137 0.002300661131433412
1964 0.004522817436092221 0.001931070868298556
1965 0.004370590824488834 0.0024065871865800266
1966 0.004034894911318343 0.002036996899442152
1967 0.0038826682959629613 0.00251251324082719
1968 0.0035469723670727223 0.0021429229373567545
1969 0.0033947457438608325 0.0026184392876221086
1970 0.003059049805483242 0.002248848979180056
1971 0.0029068231734767766 0.0027243653472254215
1972 0.002571127230987484 0.002354775028504273
1973 0.0024189005944079698 0.0028302914074551534
1974 0.0020832046430641613 0.0024607010792903387
1975 0.0019309780045355515 0.0029362174683035223
1976 0.0015952820482875581 0.002566627134182277
1977 0.0014430554076946306 0.0030421435310563137
1978 0.0011073594485319243 0.002672553193043658
1979 0.0009551328059510893 0.0031480695926244685
1980 0.0006194368450042568 0.0027784792524186315
1981 0.00046721020195684374 0.0032539956532684064
1982 0.0001315142403371621 0.0028844053129516187
1983 -2.071240308473073e-05 0.0033599217131111505
1984 -0.00035640836396769117 0.00299033137333466
1985 -0.0005086350072089419 0.003465847772441388
1986 -0.03765721264004819 0.0017963516017866494
1987 -0.03878528141767339 0.0024837245537795713
1988 -0.041072659002455617 0.0025378383628604706
1989 0.027974305630163548 -0.0018326875262506413
1990 0.007173154895962219 -0.003511461035034163
1991 0.0149526606787292 0.000551730718409735
1992 0.015440583240522871 0.0004458046683226409
1993 0.014464738116533787 0.0006576567664351243
1994 -0.03753224119390187 0.0070788413382913695
1995 -0.037867936414975774 0.006709251809657421
1996 -0.037715710187636385 0.006233736528970071
1997 -0.0382036316148483 0.006339662360568286
1998 -0.0383558578021606 0.006815177562328125
1999 -0.03869155286247311 0.006445588235331614
2000 -0.038843779080988905 0.006921103229552078
2001 -0.03917947397099888 0.006551514157642872
2002 -0.047384125888905386 0.005235371507973374
2003 0.005373691472562997 -0.0035632731130959047
2004 -0.04028028722232751 0.0014808839671107215
2005 -0.039792366489852356 0.001374957937817745
2006 -0.03933170012924629 0.007027028891771913
2007 -0.039667394890636525 0.006657439968112189
2008 -0.043266298075006114 0.006553793445805102
2009 0.018610086739124638 -0.0037820305796719533
2010 -0.04704863535228189 0.005604891145753228
2011 -0.04540141476929943 0.006132340863012331
2012 -0.04707973583077081 0.004284601701466056
2013 -0.023321940899201612 0.006655581534799077
2014 0.013211695526521619 -0.003937467212043043
2015 -0.03490916329953257 0.007394317594380815
2016 -0.009626937764593162 0.005002926745825647
2017 0.023184859355918547 -0.003890258493736045
2018 0.022696936757086107 -0.0037843324612727132
2019 0.023672781949147733 -0.003996184533974658
2020 -0.011578628041501251 0.005426630887621399
2021 -0.037688455404066686 0.0004757304500075236
2022 -0.015329781744868718 0.0057985228609725055
2023 0.005682131702582003 0.0025643253392463195
2024 0.006170054180551521 0.0024583994502526915
2025 -0.04771966469576561 0.004865969970162777
2026 -0.028870627559341715 0.006968312455015092
2027 -0.042442688802962314 0.006817456259222756
2028 -0.04195477060683675 0.006711531639855279
2029 0.008149000090566356 -0.0037233132231393783
2030 -0.01956885802413262 0.006276340887181896
2031 0.004706286744380011 0.0027761774352090206
2032 -0.010602782920953402 0.005214778818025604
2033 -0.026583241295841168 0.0069142014019227364
2034 -0.003924093277573027 0.0042073305387994335
2035 -0.007339551457405578 0.004948812898098822
2036 -0.03213385711605624 0.0072342781005888274
2037 0.003730441708538677 0.0029880295970523617
2038 -0.03981962095105143 0.0071329544747942295
2039 -0.040155315512466275 0.006763365550534485
2040 -0.04000308954928955 0.006287851304974029
2041 -0.04049100988795194 0.006393776902893939
2042 -0.04064323738939974 0.006869288275072995
2043 0.015499081904306447 -0.0039915810027338966
2044 -0.013042395656510386 0.00574440899690049
2045 -0.016305626843905775 0.006010374953033058
2046 -0.04012806147969684 0.0010053691112924023
2047 0.001778751369231276 0.003411733864387764
2048 -0.0048999384741623105 0.004419182641886691
2049 0.0027545965460919254 0.0031998817308289086
2050 0.011412231705956325 -0.00398927934562379
2051 -0.03817637701148363 0.0005816564116949106
2052 -0.017769394490512225 0.006328153077959187
2053 -0.03832860340265471 0.0010571732220798161
2054 -0.03866429905690424 0.0006875838336319888
2055 -0.03494040597477298 0.0060736950876917085
2056 -0.0373215158378414 0.002165940929187782
2057 -0.03396456186705466 0.005861844153348152
2058 -0.032653022077681254 0.006019580862302269
2059 -0.0316771775783653 0.005807729734766574
2060 -0.030365637250838903 0.005965467765479229
2061 -0.028413947839902295 0.005541763913559843
2062 -0.02792602545887555 0.005435837899109132
2063 -0.03454621223339109 0.002005901277829282
2064 -0.025822109270192288 0.004536616614878748
2065 -0.03338689873704141 0.00263915580354902
2066 0.005404934312280503 -0.002242650142269957
2067 0.006716475121120598 -0.0020849120344697256
2068 0.004429089372498568 -0.002030798003797316
2069 -0.010146103007619972 0.0037882296612186503
2070 0.018122164180215304 -0.003676104526791743
2071 -0.00917025783825106 0.003576377591516874
2072 0.008668165407799577 -0.0025086161526569344
2073 -0.0008443309668889621 0.003096257432990193
2074 -0.0009965576095795393 0.003571773831584168
2075 0.012419319633563883 -0.002880508318795852
2076 -0.0059070263272420955 0.0033104116209362734
2077 -0.003955335934843638 0.002886707414896883
2078 0.014371010058745302 -0.003304212499484808
2079 0.01452323670231432 -0.0037797288981551657
2080 0.0016537807415399003 -0.0018707579104324174
2081 -0.0006921043245938364 0.002620741034418039
2082 0.0012595860922381794 0.0021970367960510513
2083 0.00028374088422786204 0.0024088889126302987
2084 0.0006779355744627001 -0.001658905738222889
2085 -0.00029790961152846443 -0.001447053569078965
2086 -0.0035611411916872207 -0.001181087394149685
2087 -0.009751908260578283 -0.0002795647776059967
2088 -0.009263985683080685 -0.00038549085484639034
2089 -0.010239831002613985 -0.00017363889440717793
2090 -0.017742138615166613 0.0005701456864964859
2091 -0.018230061326108507 0.000676071516066534
2092 -0.041802545324276 0.0062360198353555015
2093 -0.030857546607963998 -0.001007234998600256
2094 -0.020544703079177887 0.006488192947363583
2095 -0.02091562861957771 -0.002280650365040277
2096 -0.02140355113270341 -0.002174724250487478
2097 -0.02478510524178203 0.006961149971875826
2098 -0.0058757836688093906 0.004631034745002517
2099 -0.020427706103396653 -0.002386576441564447
2100 -0.04588935308811601 0.006238240143072735
2101 -0.03719654597412537 0.007448430920590245
2102 -0.038508084119683046 0.007290692606056429
2103 -0.03134546891469322 -0.0009013089593291825
2104 -0.029846472266309473 0.0071801643998032245
2105 -0.027559086948752826 0.0071260507344789135
2106 0.00031498355892000865 0.003729512054414824
2107 0.00912484529568319 -0.003935165399147603
2108 -0.0427198870313068 0.002010532362260036
2109 -0.042231968577826885 0.0019045986453137646
2110 -0.043207804869559975 0.0021164582080446296
2111 -0.025642626853796358 -0.0016969058004982257
2112 -0.025154704405251506 -0.0018028318678882781
2113 -0.02613054929481099 -0.0015909796417699273
2114 0.01480043404673658 0.0010272470794151826
2115 0.014312511482367498 0.0011331731331678779
2116 0.013976815541688165 0.0007635828160814631
2117 0.013824588905691933 0.0012390991966255013
2118 0.01348889295266066 0.0008695088676190794
2119 0.013336666315077402 0.0013450252636710055
2120 0.0130009703519484 0.0009754349261067601
2121 0.012848743711751659 0.001450951331153159
2122 0.0125130477435684 0.0010813609883424953
2123 0.012360821101951434 0.0015568773984326488
2124 0.01202512513155813 0.0011872870530394064
2125 0.011872898488329842 0.0016628034654918176
2126 0.01153720251670268 0.0012932131186739533
2127 0.011384975873067072 0.0017687295320743504
2128 0.011049279902693497 0.0013991391965553672
2129 0.010897053256868497 0.001874655600894583
2130 0.010561357274085435 0.001505065277443265
2131 0.010409130639256033 0.0019805816702648405
2132 0.010073434654541856 0.0016109913370499595
2133 0.009921208024975422 0.002086507734694952
2134 0.009585512055897385 0.00171691738718639
2135 0.0097377386852736 0.0012414009939431588
2136 0.009249816093620284 0.0013473270474474229
2137 0.009097589457907415 0.0018228434462014347
2138 0.008761893500218734 0.0014532531163124595
2139 0.008609666863313192 0.0019287695018765216
2140 0.008273970910876971 0.001559179178931707
2141 0.008121744275933814 0.002034695558004443
2142 0.007786048335217106 0.001665105236344429
2143 0.007633821701506906 0.0021406216090694066
2144 -0.04787183715789581 0.005341178335599636
2145 -0.03036962428839681 -0.0011131610462596178
2146 -0.0006608616506980358 0.003941364170709602
2147 -0.001148784285728404 0.004047290286359884
2148 -0.002612552126943405 0.0043650687747568044
2149 -0.021520548115229847 0.006700045007371133
2150 -0.022008470625559478 0.006805971041212204
2151 0.016474927078545965 -0.0042034330958053544
2152 0.016962849665705614 -0.004309359140495252
2153 0.01238807693365124 -0.004201131495131246
2154 0.01827439080409164 -0.004151620881080812
2155 0.018762313357878268 -0.004257546935013375
2156 -0.040615982072740746 0.0011112953341794298
2157 0.023337086025454278 -0.0043657748724976915
2158 -0.03082231688221121 0.0073920163122062335
2159 -0.04820726769692028 0.00497185764962966
2160 -0.04805518115537103 0.004496666983598977
2161 -0.03310970147812886 0.00744612994128057
2162 -0.03359762360772694 0.00755205589696736
2163 -0.021251324546710176 -0.002650240612453235
2164 0.008945362816115288 0.002298359837664255
2165 -0.04360198928968094 0.006184208138689348
2166 -0.04375421422979477 0.006659716991228612
2167 -0.04341852371267886 0.007029303049130496
2168 -0.04408990363405562 0.006290132865318157
2169 -0.04424212829627489 0.006765639773932639
2170 -0.04204850053327023 0.0027497012449070567
2171 -0.04033878435242413 0.00591826067186502
2172 -0.03985086386540569 0.005812337058732669
2173 -0.03805140537504939 0.005864147123633248
2174 -0.03756348397865047 0.005758221259315402
2175 -0.03594749283978811 0.004964923929235298
2176 -0.035611797068041934 0.005334513793713042
2177 -0.04040126991862648 0.003277016653376495
2178 -0.026310031709772037 0.004642542630381415
2179 -0.0282617212715472 0.005066247728255592
2180 -0.02777379895866039 0.0049603216878386595
2181 -0.039027247924955565 0.006075999335249116
2182 -0.021918729411855024 0.003689208575124731
2183 -0.021735260073055554 0.004534315481494577
2184 -0.032898976607079626 0.0025332297882459266
2185 -0.019295647431580958 0.004004685282315845
2186 -0.019783569965876477 0.004110611318621614
2187 -0.03863305536341613 0.0020082095326139013
2188 -0.03829736021156705 0.0023777987178315724
2189 -0.018472029021945457 0.004268349453781361
2190 -0.0021208329159235957 0.004276630886229318
2191 -0.03503413425854543 0.00211182724197328
2192 -0.0011800269211332977 0.002726667118977002
2193 -0.022558878450930075 0.00427065116495375
2194 -0.02304680093858561 0.004376577349803848
2195 -0.03387482085437792 0.002745081804860598
2196 -0.030884802288950238 0.004750770067405593
2197 -0.031310239155328455 0.007497942288309359
2198 0.0171463189941352 -0.0034642524352990617
2199 -0.028749643649062177 0.005172173747809436
2200 -0.028047009364812713 0.00723197668084166
2201 0.007938274964168822 0.0011895888710054623
2202 -0.033476639968713105 0.005755917703398078
2203 -0.03381233552657356 0.005386328200119521
2204 -0.03430025748001277 0.0054922542447373044
2205 0.02400847787914866 -0.003626594222867288
2206 0.02416070451759158 -0.004102110569188608
2207 0.0244964004205099 -0.0037325202910426397
2208 0.024648627045535408 -0.004208036612827657
2209 0.02498432292550267 -0.003838446345499514
2210 0.025136549538547336 -0.004313962613371427
2211 0.025472245428844287 -0.003944372341436648
2212 0.025624471995465446 -0.004419888624291599
2213 0.025960167924291386 -0.004050298315672432
2214 0.02611239446265269 -0.004525814659328326
2215 0.026448090379581648 -0.004156224365174868
2216 0.016506169750504483 -0.00288281000612289
2217 0.00933955735021243 -0.0017694354902887618
2218 0.002598383152590999 -0.003403233120934598
2219 0.0022626872098675936 -0.0037728234336643325
2220 0.002750609777818718 -0.003878749486416633
2221 -0.031189255286837705 0.005701803962257258
2222 -0.018565757227688457 0.00030648121373466055
2223 -0.010575526926058228 -0.0005432292164013282
2224 -0.03964014120440443 0.0008994428738320855
2225 -0.013350835609998791 -0.0003831889450012897
2226 -0.013015139656174953 -1.359864874661749e-05
2227 -0.013503062291102971 9.232732562478442e-05
2228 0.019769401200870312 -0.003148776023243195
2229 0.019921627828311136 -0.0036242924014132354
2230 -0.012527217093774898 -0.00011952472279526502
2231 -0.00404906378987944 -0.0010751613120168922
2232 -0.02179774549124726 0.0018930693351025998
2233 -0.02213344138099785 0.0015234790728137627
2234 -0.021645518881790667 0.0014175530246841794
2235 -0.022621363879312233 0.0016294051140370402
2236 -0.0033151866886037603 0.0023052649694713873
2237 -0.003100474726711705 0.004470994827147978
2238 -0.01725421615091221 0.0004642195917146062
2239 -0.006703388857741545 -0.0027112607523777144
2240 -0.007039084831130862 -0.003080851066811836
2241 -0.006551162240567874 -0.003186777152646199
2242 -0.006886858200510032 -0.003556367477895831
2243 -0.0073747808017188415 -0.003450441378989783
2244 -0.006398935594456482 -0.0036622935587917156
2245 -0.000785832207393818 -0.0013411274871826173
2246 -0.009966620350006231 -0.002445294555532948
2247 -0.010302316315179685 -0.0028148848630225693
2248 -0.00981439373645605 -0.002920810943677447
2249 -0.010150089702617928 -0.003290401251831577
2250 -0.010638012279816169 -0.0031844751655443603
2251 -0.00966203758625923 -0.003395730658385989
2252 0.017969937544233667 -0.003200588160969955
2253 -0.006063239643976825 -0.003292703237101726
2254 -0.005911013012949323 -0.0037682196355126327
2255 -0.005575317055342789 -0.003398629318424086
2256 -0.0179568506957257 -0.0015955839283711701
2257 -0.018292546635621975 -0.001965174200418713
2258 -0.01780462409520389 -0.002071100281903192
2259 -0.018140320038499927 -0.0024406905613479674
2260 -0.018628242582928556 -0.002334764449965525
2261 -0.017652397494162083 -0.002546616638772796
2262 0.01958593187273323 -0.003993882709872092
2263 0.02007385445453747 -0.00409980878572877
2264 0.02040955041607597 -0.003730218471222338
2265 0.020561777044734064 -0.0042057348599462184
2266 0.020897473007980887 -0.003836144540932875
2267 0.021049699653990315 -0.004311660948934853
2268 0.0213853956206419 -0.003942070627854459
2269 -0.014295438198974268 0.0011492852763314073
2270 -0.014631134072723697 0.0007796949213786758
2271 -0.015119056615189046 0.0008856209541400066
2272 -0.0006648483179201357 -0.0031372670283647567
2273 -0.001000544294591863 -0.0035068573571401633
2274 -0.0005126216926877015 -0.0036127834381709757
2275 -0.013229851740335273 -0.0021793283668138054
2276 -0.01356554769768082 -0.0025489186655991325
2277 -0.013077625130188222 -0.0026548447443444046
2278 -0.013413321088796693 -0.0030244350445015706
2279 -0.013901243660066875 -0.0029185089457529293
2280 -0.01292539851931029 -0.003130361123173962
2281 0.010924309095055153 -0.0038833532730565574
2282 -0.001488466898184053 -0.003400931276376539
2283 -0.001336240273970022 -0.0038764476882676975
2284 -0.001824162879678528 -0.003770521606403804
2285 -0.003928079904163157 -0.002871300857851715
2286 -0.00426377588421563 -0.003240891185287435
2287 -0.0037758532812675943 -0.003346817269528753
2288 0.019008268063821332 -0.000771194093089733
2289 0.019343964026449265 -0.00040160376251243616
2290 0.018856041419322126 -0.0002956776744956059
2291 0.019831886624319846 -0.0005075298311954129
2292 0.019679659992572134 -3.20134282675872e-05
2293 0.02016758259588231 -0.00013793949897112105
2294 0.021233168980616172 -0.0034665542259539575
2295 -0.02533418682487783 0.0044306905977165075
2296 -0.025486413425456537 0.004906206840982544
2297 -0.02499849097405182 0.004800280823897551
2298 -0.01258970256130627 -0.0027607708227214145
2299 -0.01243082924257394 -0.0032385779347911536
2300 -0.012100672206583825 -0.002867078689844457
2301 -0.009326449565436202 -0.0030266375793299703
2302 -0.00917408981564566 -0.0035015407212642524
2303 -0.008838519183997598 -0.003132527750838129
2304 0.0017747646289650843 -0.003666897369001892
2305 -0.024819008521066884 -0.001433241664173991
2306 -0.024666781951401852 -0.0019087579323821698
2307 -0.017316701548935373 -0.0021770263589364737
2308 -0.017164474945315873 -0.00265254271689933
2309 -0.016828778997082943 -0.0022829524331936576
2310 -0.01667655239315382 -0.0027584687950840472
2311 -0.0349131505798423 0.0003156898094097949
2312 -0.03524884619525753 -5.390003302791716e-05
2313 -0.03476092418469021 -0.00015982603824988813
2314 -0.03573676820127139 5.20259780129673e-05
2315 -0.02009201017515659 -0.002016986186260927
2316 -0.019939783580600078 -0.002492502518336642
2317 0.021721091572956895 -0.003572480293907731
2318 0.02187331822976817 -0.004047996759737739
2319 -0.01634085644540805 -0.002388878507966237
2320 -0.016188629838337357 -0.002864394872866719
2321 0.00891412012700836 0.0009777367319645873
2322 0.006228552656513814 -0.001978985926434364
2323 0.0065642485340059 -0.001609395618069397
2324 0.0070521710145324545 -0.0017153217514441137
2325 -0.03720053373630221 0.0003698044743494582
2326 -0.015852933889743598 -0.0024948045883694666
2327 -0.02433108606211327 -0.0015391677197269561
2328 -0.024178859490616274 -0.002014683998028229
2329 -0.023843163598572383 -0.0016450937835927443
2330 -0.023690937024993256 -0.0021206100645869983
2331 -0.0196040876469859 -0.0021229122508220517
2332 -0.01945186105783703 -0.0025984285949846816
2333 -0.030033928490117462 -0.0007435709517242223
2334 -0.029881701956842924 -0.0012190870974987627
2335 0.013153196997854057 0.0004999185264902399
2336 -0.02335524112763709 -0.0017510198415898533
2337 0.010042191956454899 0.000290368290728424
2338 0.01217735177614634 0.0007117706415131976
2339 0.011201506545014209 0.0009236228076804434
2340 0.004187121545835086 0.0015614805929669467
2341 0.007450352415513353 0.0012955149137257828
2342 -0.029546006140274715 -0.0008494969703073427
2343 -0.029393779606265442 -0.0013250131475617093
2344 -0.029058083777416546 -0.0009554230266741932
2345 -0.028905857237832344 -0.0014309392067517325
2346 -0.028570161403851126 -0.0010613490727555196
2347 -0.001971770142807652 0.0037865409457209726
2348 0.0013493273797433973 -0.0009197253619500589
2349 0.0032112764467464804 0.0017733326193345735
2350 -0.001851418907327058 0.0019874867371554024
2351 0.0022354312900586073 0.0019851847307799353
2352 0.001837249974910972 -0.0010256514098373735
2353 -0.0004501362401419628 -0.0009715372063139212
2354 -0.0009380588226914363 -0.0008656111194872499
2355 0.0008614047902156009 -0.0008137993196789295
2356 -0.014966829996826225 0.00041010468221473403
2357 -0.022469137255019547 0.001153888890919858
2358 -0.009416212298199085 9.002553222867398e-05
2359 -0.03896875051703745 0.00163861929427747
2360 -0.01316736626487524 0.0004619177215990874
2361 -0.01054428425913401 0.0007773931685056338
2362 -0.010879980195384645 0.0004078028511646922
2363 -0.011367902767198531 0.0005137289017103271
2364 -0.011215676132613284 3.821253459037406e-05
2365 -0.017406442677389288 0.0009397359675307156
2366 -0.014478907457849872 0.00030417858819762277
2367 -0.018534514457431955 0.0016271033139412978
2368 -0.01887021037002065 0.0012575130260927929
2369 -0.019358132902352138 0.0013634390712569553
2370 -0.019205906391332253 0.000887922984235333
2371 -0.008928289718398843 -1.590054512622108e-05
2372 -0.015454752539692926 0.0005160306439255958
2373 -0.016918520251674046 0.0008338094929612519
2374 -0.022957059817518947 0.0012598150144512215
2375 -0.019693828924892035 0.0009938489855529707
2376 -0.0456161117015461 0.003966742163072811
2377 -0.045951790563116095 0.0035971814374560693
2378 -0.045463898287000294 0.003491251575727927
2379 -0.04579960480212897 0.0031216794264129493
2380 -0.04531168798355088 0.0030157548432614275
2381 -0.04628752867042139 0.0032276416138350616
2382 -0.04082670479798321 0.006024184501577072
2383 -0.04497599995427956 0.0033853231753023386
2384 -0.04482378282758919 0.0029098258495610235
2385 -0.044488094435085994 0.00327939685777562
2386 -0.04433587912605845 0.0028038959343931547
2387 0.02977377179127388 -0.0017810904537327963
2388 0.02992602795811959 -0.002256483424282564
2389 0.029590337328936664 -0.0026260538734589173
2390 0.030078260468113918 -0.0027319799352844756
2391 0.029742566261932616 -0.0031015669355749127
2392 0.030230489047068 -0.003207492282568424
2393 0.030566184338970386 -0.0028379013520029688
2394 0.030718412026935114 -0.0033134168592386694
2395 0.031054107354491385 -0.0029438257976273858
2396 0.031206334904338474 -0.0034193418183380113
2397 0.03154203021272395 -0.0030497508124710973
2398 0.031694257736319544 -0.003525266928442148
2399 0.032029953036533054 -0.0031556759475990363
2400 0.03218218055611025 -0.003631192078006163
2401 0.032517875851649565 -0.0032616011082881135
2402 0.03267010336865471 -0.0037371172431697928
2403 0.03300579866164753 -0.00336752627903373
2404 0.02989479396549776 -0.0035770825249270516
2405 0.03087063959205097 -0.003788932755906334
2406 0.03315802617709099 -0.0038430424120106956
2407 0.03349372147129793 -0.003473451449638882
2408 0.03090187984373696 -0.0024683096471849924
2409 0.033341493955834245 -0.0029979353148945234
2410 0.03382941676729445 -0.0031038604866146405
2411 0.033981644282880516 -0.003579376623675847
2412 0.03431733958137418 -0.0032097856584966606
2413 0.03446956709846085 -0.003685301797366178
2414 0.03480526239784197 -0.003315710830847581
2415 0.0349574899151573 -0.0037912269724900867
2416 0.03529318521597249 -0.0034216360045171267
2417 0.035445412733154734 -0.0038971521469654173
2418 0.035781108034323376 -0.0035275611786807454
2419 0.034621794615293584 -0.004160817938267568
2420 0.031846485226978694 -0.0040007830775745466
2421 0.03593333555133006 -0.004003077321808875
2422 0.036269030852477936 -0.003633486353110863
2423 0.0364212583692618 -0.00410900249628568
2424 0.036756953670484566 -0.003739411527404858
2425 0.03690918118757284 -0.004214927670206034
2426 0.037244876488526237 -0.003845336701644103
2427 0.03187772551994979 -0.0026801598062096217
2428 0.03282233088613182 -0.0042126333737617415
2429 0.03331025369147805 -0.004318558542179939
2430 0.02940687119676906 -0.003471157317303722
2431 0.02955909874313717 -0.003946673307036658
2432 0.02907117597968192 -0.003840748136216675
2433 0.02922340349121283 -0.004316264201742883
2434 0.028735480725136184 -0.0042103390372430684
2435 0.030047021513091684 -0.004052598471200448
2436 0.030261739684838262 -0.0018870903459921606
2437 0.028158039837353467 -0.0009877158963202098
2438 0.00796951764377102 0.0025102119323626116
2439 0.007481595065873587 0.0026161379808461995
2440 0.007145899153681954 0.0022465476382733385
2441 0.006993672547459526 0.002722064010788712
2442 -0.01570007283017228 -0.0029673985163165217
2443 -0.015364905586636994 -0.0026002435964208306
2444 -0.01521202690318345 -0.0030727563452515204
2445 -0.014876944846255898 -0.002705993790269234
2446 -0.014724711877924228 -0.0031814808446474193
2447 -0.039483926283339625 0.007502543547765075
2448 -0.028417298584439803 -0.0015339344391477822
2449 -0.028082132973343863 -0.0011667866790270273
2450 -0.027929252469641404 -0.001639290622704698
2451 -0.027594172273301083 -0.0012725363601145474
2452 0.03367594011677387 -0.0026292428967535746
2453 0.03318958408887635 -0.0025230465491450677
2454 -0.023202373340342197 -0.0022235825471985317
2455 -0.022867211784495925 -0.0018564536619279691
2456 -0.022714326180873597 -0.0023289343126271745
2457 -0.02237925070946348 -0.0019622019727170456
2458 0.03563036463622696 -0.003053393044197194
2459 0.0346501661585534 -0.0028427824976680355
2460 -0.037683418926870195 0.0075534042617548935
2461 -0.03734754896141999 0.007922835156840708
2462 0.02001187299457776 0.0003364619096882294
2463 -0.01194272621896686 -0.003338841200948132
2464 -0.011612534932036426 -0.002972124598839267
2465 0.03739583042930172 -0.004319696069215341
2466 0.037732587045170046 -0.003951069079375531
2467 0.037090984885458284 -0.0033719817149651153
2468 -0.018474022680004726 -0.0028010990626460824
2469 -0.042110072654927756 0.007196653924868521
2470 -0.04161959163574409 0.007082722063918866
2471 0.0019300492554934026 -0.00412832785822894
2472 0.0014403188155491912 -0.004030729229026143
2473 0.03707646505202373 -0.004670337068341122
2474 0.006017781586304231 0.0029337042169382
2475 0.005529192516367188 0.003036559320891732
2476 -0.019780926991068582 -0.0029658964072409883
2477 0.01952766993502488 0.00043828206234357856
2478 -0.0355817791637641 -0.0004107644200593507
2479 0.020500074505381324 0.00022676034534953662
2480 0.020654971188742963 -0.00024468065067265437
2481 0.02099219629978774 0.00011801212130651108
2482 0.02114350465823515 -0.00035121292901997667
2483 0.02147977303663351 1.7079494987756218e-05
2484 0.02163147142900649 -0.0004564077932521465
2485 0.021967915942753793 -8.905521590005586e-05
2486 0.022119438114961552 -0.000562246769883896
2487 0.022456674857668762 -0.00019709894029749583
2488 0.022607507456601814 -0.0006685112707773017
2489 0.022944029506124813 -0.0003010311183233279
2490 0.023095359837978155 -0.0007741614328597806
2491 0.023429842893480726 -0.00040490966574600233
2492 -0.002757808859745906 0.004854911095153831
2493 -0.027712912451358644 0.007594201948322706
2494 -0.027226349043729108 0.007482016069497976
2495 -0.004111549263183315 -0.003716407598343039
2496 -0.0045994718681244854 -0.0036104815109010077
2497 -0.003623626656850327 -0.0038223336829790286
2498 -0.0032879306767565086 -0.003452743353524638
2499 -0.02450817744588598 -0.0023548958067938462
2500 0.01973870746117164 -0.004466870388704622
2501 -0.04554674346823915 0.006601566648532683
2502 0.035597640250298976 -0.0043726682899024715
2503 -0.044671567840169076 0.0024343214776046973
2504 -0.04418242803382979 0.002334070264285965
2505 -0.027440025494859344 -0.0017392075308523946
2506 -0.02710602604709075 -0.001377431499662735
2507 -0.0269518483997542 -0.0018439603448034219
2508 0.024314571050033602 -0.00457007323586329
2509 0.03788012651726537 -0.0044167676505770335
2510 0.038219870035417165 -0.004055486523688511
2511 0.03807121324101498 -0.003583985775193207
2512 0.038553739478472356 -0.003692229041207559
2513 0.03870805661452309 -0.004163600966001951
2514 0.03903957772811303 -0.0038009885869601913
2515 0.039195675967609936 -0.004270363410699746
2516 0.039524754043004755 -0.003911544463771285
2517 0.0396830904577399 -0.004377199910321842
2518 -0.031182589070339994 -0.0013734146487711886
2519 -0.038020933943788596 0.00012095829952113576
2520 0.04001169706485182 -0.0040194993130964855
2521 -0.022224475251120073 -0.0024259774702065327
2522 0.014648406375285073 0.0014969137684656168
2523 -0.017007462588957366 -0.003106014670431312
2524 -0.01146041406779054 -0.003431119021343255
2525 0.028899538675317905 -0.004682067827838473
2526 -0.010473014286597502 -0.0036559030679907123
2527 0.013672480728100355 0.001707915923891873
2528 0.028409876508729767 -0.004571169954277324
2529 -0.008683286029894948 -0.003594195264748898
2530 -0.008350115096505968 -0.003236235925037926
2531 -0.008194802998751928 -0.003697539782302078
2532 0.01269654225957538 0.0019188574840767888
2533 -0.04600268310588083 0.006685448096895332
2534 -0.046366151030713655 0.0063351038099996575
2535 -0.003132731896951896 -0.0039145692736874465
2536 -0.0027995127147152753 -0.003556387687851317
2537 -0.002644829496473592 -0.004020588429664686
2538 -0.04491351181017013 0.006026427945528311
2539 -0.04018655858006832 0.005442746902894404
2540 -0.037899179297593615 0.005388630743216844
2541 0.028249239220422738 -0.004102953414889399
2542 0.027910111862154835 -0.0044679588039336395
2543 -0.032836491424056535 0.005174474236747039
2544 -0.03234856913144634 0.005068547841007093
2545 -0.03152495104269186 0.005332213753033594
2546 -0.030549106541627957 0.0051203603262474934
2547 -0.030061184246098223 0.005014434217553116
2548 -0.03512387519060299 0.005228587054125832
2549 -0.02810949474294311 0.004590731328147588
2550 -0.034698438684806945 0.0024814171146114537
2551 -0.035186360672243705 0.002587343022821765
2552 -0.04235294928591255 0.0037007268020964597
2553 -0.03372259442651473 0.0022695657179499056
2554 0.00558840366559937 -0.0013975432830642572
2555 0.005100481208594479 -0.0012916171829749968
2556 0.02532001888702609 -0.003468856004770969
2557 -0.010329572303670105 0.0029431229073857905
2558 -0.010817494875471453 0.0030490489505698177
2559 -0.00984164972755683 0.0028371968632731398
2560 0.017786468221318505 -0.004045694844620379
2561 0.017935717117882485 -0.004506614212324927
2562 -0.018655498417975057 0.0034232426036837826
2563 -0.03908973359428745 0.0034347539349238072
2564 0.010651098525741717 -0.0016116973057239514
2565 -0.023199027548426336 0.004852093668498989
2566 -0.023534723489437585 0.0044825033333429805
2567 -0.023109286379046277 0.0017353311739150205
2568 -0.02344498233467974 0.0013657409940106377
2569 -0.026645727567425424 0.004272952422690438
2570 -0.02679795422162274 0.00474846880832011
2571 -0.019935796650124734 0.004586127628305285
2572 -0.020271492519068388 0.004216537323161653
2573 0.014281268802658497 -0.00018744990988418613
2574 -0.027438103156932785 0.005329911685806822
2575 0.014035314096158406 -0.0036738028391277416
2576 0.014187540743878183 -0.0041493192471555185
2577 0.014675463349923923 -0.0042552453021139
2578 0.013883087460609022 -0.0031982864618565823
2579 0.005315193152560369 0.0008741122516664606
2580 -0.032563280908675246 0.002902819842525719
2581 -0.03241105442786911 0.002427303857564492
2582 -0.0213995641917645 0.004903905802547577
2583 -0.021247337632590974 0.004428389257785833
2584 -0.006090495632827344 0.00246530488986249
2585 -0.006578418228747473 0.002571230941114207
2586 -0.005602573035312859 0.0023593788360981908
2587 -0.018136333090625227 0.004637939797919694
2588 -0.017984106520142592 0.004162423309979938
2589 -0.011153190804192867 0.0026794586327113148
2590 -0.01130541744252536 0.0031549749940513027
2591 0.002172945883848665 -0.0006560611032783709
2592 0.0023251725585464755 -0.0011315774611670901
2593 -0.0069141141784796615 0.0022016406036486982
2594 -0.007066340823697194 0.0026771569924662862
2595 -0.003498655993002012 0.001460158237224581
2596 -0.008776063100450846 -0.0004914169324387175
2597 -0.008440367135483197 -0.0001218266225514582
2598 0.011291247769722783 -0.002193139775005364
2599 0.011779170377690697 -0.002299065839147253
2600 0.022759514468428253 -0.001143354076104935
2601 0.015378097922337935 -0.002195441496124371
2602 -0.016493083054380124 -0.001913362153340166
2603 0.023582919155261395 -0.0008797002737437718
2604 0.023918253071066254 -0.000511102447056266
2605 0.010377887920010386 0.0006599586009997734
2606 -0.02872238795876824 -0.0005858329434182234
2607 3.7786355595486806e-05 -0.0010774633439717667
2608 -0.0010278003066559616 0.0022511507974486322
2609 -0.0005398777165536322 0.002145224713773294
2610 -0.01170359880260445 0.0001441389262623531
2611 -0.011855825383233147 0.0006196552242055129
2612 -0.0006023628776202778 -0.0004960209465523476
2613 -0.013655289029420214 0.0005678433279885532
2614 -0.0037133678201924716 -0.0007055710027044052
2615 -0.004201290466255557 -0.0005996449273174115
2616 -0.0032254451835162746 -0.0008114971089852007
2617 -0.014814603419238435 -6.541155240059535e-05
2618 -0.03844958639606615 0.0028533136484614084
2619 -0.037961664163764626 0.0027473873094932505
2620 -0.04140835445013435 0.0021682528335179477
2621 -0.04125612778762995 0.0016927365934948867
2622 0.011077300885302755 -0.00435534518661978
2623 0.010589505802309645 -0.004248831693002631
2624 0.011720590836395903 0.0021297378859380725
2625 -0.04305293037073995 0.0016531532675065912
2626 0.033523775575742126 -0.00215726624124552
2627 -0.039988636465740926 0.0005414809301708783
2628 -0.04259491480185481 0.007292968405186823
2629 -0.03686389789999026 0.0078028600738186665
2630 0.023276505169071135 6.42456195202438e-05
2631 -0.02597640295565479 -0.002057652993382525
2632 0.015136373181901742 0.0013911363170208723
2633 0.010744626295758238 0.0023405566795170326
2634 0.014342312817396204 -0.004613110746670497
2635 0.013858380363060216 -0.004488805087479486
2636 -0.036070881085147284 -0.00031027350460385286
2637 -0.005436413036623666 -0.003862044915042168
2638 0.01985477173928529 0.0007949142999568825
2639 0.011549411202539887 -0.004450425315648206
2640 0.038404227770375464 -0.003233341071687333
2641 -0.039975891065505156 0.007589841575373122
2642 -0.028201925837307133 0.007685873972003843
2643 0.039330268853296636 -0.004731141717157281
2644 -0.005775266719897846 -0.0042245455513308635
2645 0.0078166524219746 0.002972641680463073
2646 0.0207185241214524 -0.004660428927116491
2647 0.021198464165283648 -0.004788035037192056
2648 -0.04565898281347787 0.0026556228974805784
2649 -0.016036403235082857 -0.003339911245370958
2650 0.02660592534272747 -0.0046059070627647025
2651 0.026936947603084477 -0.004257844844687882
2652 0.026783942161632556 -0.0037859164734471316
2653 0.027104028375800664 -0.004724914611622183
2654 0.04017607556773495 -0.004459154356453897
2655 0.04050221056303921 -0.004119605703722103
2656 0.040660336225764405 -0.004586812909045677
2657 0.041038584862854284 -0.004306391044793161
2658 -0.048328404182767314 0.005448416731854299
2659 -0.04800023975409764 0.005798943248751705
2660 -0.04353982394620618 0.0017802540928541321
2661 -0.013740204647255878 -0.0033817030327053647
2662 -0.030974543440311024 0.007867532387725093
2663 -0.030491761360946112 0.007737929313800653
2664 -0.0016657445923021217 -0.0042175176546076065
2665 -0.0011840136467548361 -0.004351964101825072
2666 -0.03949907155845668 0.00045489730165578467
2667 0.00586560097218344 0.0034094318463412554
2668 0.02626462101807857 -0.005001331002115427
2669 -0.029716324632829947 -0.0017037351434782532
2670 -0.03168116470955154 -0.0012708990411692766
2671 -0.03183339120947018 -0.0007953829209778429
2672 -0.03218623075725394 -0.001134356453568
2673 -0.03232417077038745 -0.0006843541435871412
2674 -0.03267698012049218 -0.001024933214517448
2675 -0.03281304042317148 -0.000576994807047755
2676 -0.033164845038996554 -0.0009203236418060226
2677 -0.03330111098939706 -0.0004710493223123546
2678 -0.03365202820225027 -0.0008164195379062197
2679 -0.03378893471224025 -0.00036545705083500983
2680 -0.03413886557566528 -0.0007123379066581868
2681 -0.00446610032011059 -0.0041506314906681815
2682 -0.02789331202515264 0.008003060847184884
2683 -0.021674813048245638 0.007166172325704446
2684 -0.021189125016872878 0.0070499537031035115
2685 -0.022163410064949488 0.007268991402602442
2686 -0.02249684526788848 0.006909814412439665
2687 -0.007223999306228409 -0.003915939238472735
2688 0.02942275230533263 -0.004870230455343678
2689 -0.0008191567324723658 0.004388927818079634
2690 -0.0013010108951445724 0.00452280662689583
2691 -0.0003312772000333294 0.004282803341122756
2692 -0.04177130330646448 0.007556631751378029
2693 -0.04128438060060249 0.007446801220267064
2694 -0.023538710456369415 -0.002596126355607489
2695 -0.02875363070847886 -0.0019064554165786124
2696 -0.015060558112244358 -0.0035517634094115844
2697 -0.008929152166611073 -0.003967757885800081
2698 -0.03323159992245631 0.007887688671331865
2699 -0.03275384613267691 0.007796340662593263
2700 0.016627153716094845 -0.004678949463209057
2701 0.016147347350164563 -0.0045664383774630495
2702 0.01713463937903789 -0.004793778182344877
2703 0.03295626307619301 -0.004778586930011981
2704 0.032486635598219196 -0.0045822243336111675
2705 -0.014567371353602926 -0.0036644247193053678
2706 0.02081522962590374 -0.005196941484755359
2707 -0.03372870137683099 0.008079654892588736
2708 -0.034085545718544566 0.0076579818423170975
2709 -0.012753927469768982 -0.003622822573327855
2710 -0.027726993741434666 -0.0021166786752297552
2711 0.029039935737460835 -0.005161371201194781
2712 0.008304629153811449 0.002866764822594536
2713 -0.048698907801019896 0.0050897948166687525
2714 -0.022586875854729026 -0.0027874266776968712
2715 -0.019286457526744603 -0.0030735582474951113
2716 -0.022648619750477907 0.007387413372288284
2717 0.033487640599098874 -0.004808683433382406
2718 0.03379817649640748 -0.004424483712417458
2719 -0.04141639662954238 0.00792181667857915
2720 -0.04227326756935276 0.00770155979573018
2721 0.01627565932588623 -0.005130932075405626
2722 -0.003413252055658583 -0.004286075114461019
2723 -0.03971112670494865 0.007957414367124466
2724 -0.03916110714787247 0.007923926251500743
2725 -0.019566123741397073 -0.003479208806659084
2726 -0.03145511527476308 0.008003860550067902
2727 -0.003240794564011011 0.004968887376032189
2728 -0.04449247995881085 0.0019553572161388802
2729 -0.04499010497521484 0.002062728161947732
2730 -0.04424954153408268 0.0015264689805797003
2731 0.01733380749234537 -0.005261808449385604
2732 0.025288776148957203 -0.004789478857712349
2733 0.011200586694769128 -0.004805469655364875
2734 0.014827689998932072 -0.0047307617080758835
2735 -0.03697569621606932 0.008234411878709769
2736 -0.037479349738004264 0.008450409584115018
2737 -0.0016239328935700131 -0.004724211606635401
2738 -0.04339045305260047 0.001275971173800924
2739 -0.00046962311882697876 0.0047358853875625
2740 -0.04854276088422083 0.00460255637433683
2741 -0.04844469230748132 0.004110076892042832
2742 -0.047900454128525 0.004035784554743592
2743 -0.047532431323041476 0.005707715327873484
2744 -0.0471935225622661 0.006073545756857655
2745 -0.046709988748003056 0.005971857989681591
2746 -0.04683239580009634 0.006419299128522892
2747 -0.04622268749123108 0.005866697947192268
2748 -0.04457781767573972 0.006396057394532546
2749 -0.044733083540730426 0.006857565478676101
2750 -0.04443224635225862 0.007273907839039602
2751 -0.043694981158108936 0.002226845600917004
2752 -0.04400018837118056 0.003173464167744237
2753 -0.04415240865310297 0.003648967473502402
2754 -0.0460724008612118 0.005392852086447757
2755 -0.04659188089556988 0.004178621655853683
2756 -0.04692757160448203 0.0038091139799322294
2757 -0.04741236121374737 0.003918397597194268
2758 -0.04722622805206344 0.003460540511837689
2759 -0.04675497942081328 0.0033416735282053014
2760 -0.046436291627707446 0.0037044836507353534
2761 -0.04662505113042298 0.0028605707344135428
2762 -0.0461354032590709 0.0027520821709946606
2763 -0.04603089699688589 0.002187882172056166
2764 -0.04393767914588672 0.005814620583370791
2765 -0.03969863802604535 0.005336822726566757
2766 0.02831004880618551 -0.0014630995017161726
2767 0.027822297257424983 -0.0013572505142860384
2768 0.027486375501332334 -0.0017266800345231619
2769 0.027334227310100125 -0.001251345606831572
2770 0.026998434661594618 -0.0016207958364889649
2771 0.026846057157528993 -0.001145368611048404
2772 0.026510477467360058 -0.00151496868461324
2773 0.02635862079552916 -0.0010398860086565204
2774 0.02602264592369054 -0.001409168514665112
2775 0.025871320367184605 -0.0009346210683134103
2776 0.02669440000702352 -0.0006705896283293604
2777 -0.0388165252012177 0.0011631031147903946
2778 -0.038480829471844794 0.0015326931040906353
2779 -0.041744049151392425 0.0017986670788048206
2780 -0.04159118261143088 0.0013260961179716478
2781 -0.04207899744185285 0.0014325188327376798
2782 -0.04256444776700318 0.001549830321013473
2783 -0.0424898229296858 0.0011058008592881152
2784 -0.041560580679047915 0.002643770426431223
2785 -0.0412248850991964 0.0030133559821016757
2786 -0.0374112576954972 0.0052827052854219235
2787 -0.03707556240352964 0.0056522951866810845
2788 -0.036923336129385 0.005176779608959069
2789 -0.03677110917680992 0.0047012623754756205
2790 -0.04003433266517985 0.004967231778582256
2791 -0.03838710072375243 0.005494555850871646
2792 0.027426432207975325 -0.004364226581853315
2793 0.029621402971570475 -0.001305602885491787
2794 -0.0360997193809329 0.005440442061466169
2795 -0.03576402344777986 0.005810031646452931
2796 0.027595235341260863 -0.004853786130054896
2797 -0.037746952999333006 0.004913115267073256
2798 -0.03921071706340369 0.005230891720291932
2799 -0.04344976445457646 0.00570869607807846
2800 -0.04329754074004796 0.005233187506900064
2801 -0.04335991302984704 0.00259272811813688
2802 0.028918947672548483 -0.003365231450756202
2803 -0.03414803113986964 0.005016736883676072
2804 -0.032500795684407356 0.005544064067695203
2805 -0.04442559192399893 0.005920545594501858
2806 -0.03527610158047373 0.0057041044176810145
2807 -0.03021341074349011 0.005489951099257699
2808 0.027760037437500835 -0.003996594080759683
2809 -0.03780943756689958 0.0022718700205383866
2810 -0.03747374112842058 0.0026414577402847695
2811 -0.03698582075650014 0.002535530965998675
2812 -0.03762596759680901 0.0031169749806605708
2813 -0.029725488447965506 0.005384024875904133
2814 -0.02957326193548413 0.004908508305716506
2815 -0.027621572381028657 0.004484805319012062
2816 -0.034850665108067926 0.0029569329897322343
2817 -0.03533858709151872 0.003062858843005125
2818 -0.035674282616484324 0.0026932690320256225
2819 -0.03582650897117231 0.0031687848659359055
2820 -0.036162204245967375 0.0027991953517936693
2821 -0.04024904420342037 0.002801501707392315
2822 -0.026462258294528862 0.005118059040490602
2823 -0.04097893324437694 0.006499692298021184
2824 0.029102413831417727 -0.0025201237668227676
2825 -0.04055349549001579 0.0037525316310125186
2826 -0.040889190111913463 0.0033829431726463003
2827 -0.025150601507328403 0.005276176930160732
2828 -0.02466265970120318 0.0051703142193210705
2829 -0.024510545985083447 0.004694428702467104
2830 -0.025638616756271142 0.005381799330790921
2831 -0.024174872654363907 0.0050639450328496954
2832 -0.03366010914978775 0.0049108112578798765
2833 -0.04030821556598468 0.0072357746252277345
2834 -0.0404672884861026 0.00768491316947408
2835 -0.04104141572021134 0.003858457893387832
2836 -0.04137711018322448 0.003488870888639035
2837 -0.0418650300638708 0.0035947994484669798
2838 -0.033570368008066793 0.0017940494773796677
2839 -0.0233824968275284 0.00400698706331963
2840 -0.02387041938444684 0.004112912947016322
2841 -0.03298871794552704 0.005649991153299014
2842 -0.0429306068077541 0.006923379904034252
2843 -0.04149809302800958 0.005284997820904607
2844 -0.041162399928951675 0.005654586997753285
2845 -0.021583033528513484 0.0040587988728857044
2846 -0.02109511102749448 0.003952872789463048
2847 0.0052527077548423255 -0.0017671337012064089
2848 -0.03600997765762614 0.0023236792775389865
2849 0.006899944434151125 -0.0012398053290397643
2850 0.007387866969352917 -0.001345731490196575
2851 -0.03799290900995053 0.0014267624222713909
2852 0.007723563024134511 -0.0009761412744926999
2853 0.00787578949507758 -0.0014516576088879011
2854 -0.03345068565177838 4.079818865816015e-08
2855 -0.03393816580206087 0.00010522929554899248
2856 -0.027957268171940792 0.004115214954338319
2857 -0.019631343364579192 0.0036350949329408896
2858 -0.032746750135155836 0.002057713782781334
2859 -0.032258827929497656 0.001951787765121694
2860 -0.031923132232691144 0.002321377873951055
2861 -0.03103702877443726 0.005226287957581997
2862 -0.03137272452606823 0.004856697428019349
2863 0.004764785297026013 -0.0016612075905513154
2864 0.006747717895760159 -0.0007642888605366753
2865 -0.038539326758903335 0.005970072836516539
2866 -0.03887502191013077 0.005600482538327381
2867 -0.03177090570603698 0.001845861767665709
2868 -0.031435209998703584 0.0022154518543879313
2869 -0.04076820763073949 0.001586810208457991
2870 -0.018319802482976988 0.0037928329412409327
2871 -0.0178318799286558 0.0036869068686660993
2872 -0.017496184011571807 0.0040564972419512065
2873 -0.04378545524486112 0.005339109517182485
2874 -0.03128298346044843 0.001739935816432016
2875 -0.030947287741923544 0.002109525890068211
2876 -0.0310995142692423 0.002585041915985616
2877 -0.030611591988174633 0.0024791159601033437
2878 -0.030459365460005997 0.002003599879668808
2879 -0.030123669694891223 0.0023731899475435627
2880 -0.040736964533434915 0.002907428119954493
2881 -0.032474650284903164 -0.0002120009786038329
2882 -0.03622442633379138 0.00015916702256575568
2883 -0.03655882385620307 -0.00020444353338646424
2884 -0.0354908134192979 0.0035383750079379848
2885 -0.03631443088366412 0.0032747112791245993
2886 -0.036650125351641145 0.002905121401902592
2887 0.027638598418917696 -0.002202301938957831
2888 -0.01096972151549638 0.00352456532648887
2889 -0.011457644074433972 0.0036304913977596564
2890 -0.011793340003556413 0.0032609010454081886
2891 -0.011945566629020667 0.0037364174647316834
2892 -0.012281262559788488 0.003366827094790371
2893 -0.012433489184402477 0.003842343494774502
2894 -0.01276918511739293 0.003472753131287381
2895 -0.012616958489582372 0.0029972367671769933
2896 -0.012921411748592354 0.003948269477994379
2897 -0.013257107671773297 0.0035786791627524196
2898 -0.013409334289329564 0.004054195545541683
2899 -0.013745030215771363 0.0036846052102813666
2900 -0.013897256822817864 0.004160121627433962
2901 -0.014232952748205963 0.0037905312958978815
2902 -0.014080726130408174 0.0033150148986800273
2903 -0.014568648681366734 0.0034209409493756787
2904 -0.014720875292820484 0.003896457349080012
2905 -0.015056571227990352 0.003526866991366645
2906 -0.014904344614689235 0.003051350633826228
2907 -0.015208797864914086 0.004002383321645129
2908 -0.015544493781778763 0.003632793021248992
2909 -0.015696720411394693 0.004108309359115969
2910 -0.016032416331885145 0.0037387190593772554
2911 -0.01618464295106139 0.004214235415741801
2912 -0.016520338873869927 0.0038446450967972033
2913 -0.016368112255177265 0.0033691287547312062
2914 -0.016672565504328156 0.004320161486703179
2915 -0.041986012237717266 0.005390922125563668
2916 -0.03851017384756278 0.00022081188730146408
2917 -0.03899586893635185 0.0003468055502099687
2918 -0.0014843748375275385 0.0036781858467886982
2919 -0.026950180757283664 0.005223985510855247
2920 -0.006251281207434964 -0.004136889885248528
2921 -0.009993876370471153 0.0033127132424185684
2922 -0.006744910539158623 -0.0040524670097496
2923 -0.03777819529487148 0.0035924910155868918
2924 -0.03622070256475965 0.007236579387121625
2925 -0.03588500721184906 0.007606169222483123
2926 -0.03539708529358732 0.007500243431249141
2927 -0.03506635094129585 0.00784698130924543
2928 -0.0355493118817967 0.007975759110805553
2929 -0.036076424402094895 0.00813468492679009
2930 -0.026462215117735822 -0.0019420059263294738
2931 -0.026617672053479872 -0.0014813697377338902
2932 -0.026745383628970654 -0.002297809967281974
2933 -0.033933319227722566 0.007182465951802384
2934 -0.0404592284675664 0.0006612538923722083
2935 -0.04032411096988135 0.0001626608721545554
2936 -0.04094375516811263 0.0007689148356643393
2937 -0.015361024462334602 0.004477899730965618
2938 -0.03634567324056156 0.001954088805538834
2939 -0.03552205625400854 0.0022177529669607657
2940 0.017453411332055815 -0.004411545850761332
2941 -0.031796936335748864 0.00760893525443603
2942 -0.03194461819479777 0.00808933859954807
2943 -0.009505953791151647 0.003206787195376158
2944 0.024806696602051155 -0.004656638895889721
2945 0.024522810625332785 -0.004975437073011169
2946 -0.02612656249593511 0.005487649150579375
2947 0.007602579043333221 0.000819998535795144
2948 0.007114656531476458 0.000925924506088895
2949 0.00809050161278517 0.000714072464502937
2950 -0.02713365006683604 0.004378878641576879
2951 -0.021891000353415832 -0.0020666179929816186
2952 -0.034452483990421584 0.005967769370100833
2953 -0.03216510007334107 0.005913654384676069
2954 -0.02173617669059006 -0.0025301714402923554
2955 -0.021608646179014687 -0.0029856153478724375
2956 -0.021119216650277318 -0.003108285320968578
2957 0.0030863056993622557 -0.003509159182121041
2958 0.00323853230569064 -0.003984675538330721
2959 0.002920180636993408 -0.004348713421569608
2960 0.003375618734248164 -0.004468658678938921
2961 0.003725243634754251 -0.004085968422563106
2962 0.0030550630232438086 -0.004829782124235147
2963 0.0238269217874002 -0.004462888297923569
2964 0.023539782865298987 -0.004851965154974829
2965 0.022985972899629788 -0.004823889947704201
2966 0.022846593889888762 -0.004274602988793523
2967 0.022513467506558506 -0.004629439257461353
2968 -0.03350788255933888 0.0044352940857637566
2969 -0.029971443212616324 0.0018976738369609744
2970 -0.02963574739143247 0.002267263678808351
2971 0.005194090460718504 0.002669704325384367
2972 0.024344173779758557 -0.0032570040165204165
2973 -0.016856034830938258 0.0034750547736855544
2974 -0.02075941517157609 0.004322463226063866
2975 -0.020607188514018767 0.0038469467509533914
2976 -0.020119265914609955 0.0037410209392446485
2977 -0.019479116744836607 0.003159578539733595
2978 0.022360812573064538 -0.0041563818504088725
2979 0.022016147341475358 -0.004508266534858429
2980 -0.03457537789989727 0.007755109323938398
2981 -0.034795076417270046 0.008183475435048935
2982 -0.03500289145483431 0.0034324491447583526
2983 -0.02853538007252934 0.007334299513869511
2984 -0.028691623257153426 0.007777038996622767
2985 -0.029023673008665846 0.007437164815470884
2986 -0.02920711720195967 0.007955519725724745
2987 -0.029510776508403877 0.007549754681032573
2988 -0.03436274304441013 0.0028510072534159085
2989 0.0035740263468012133 -0.003614313065733781
2990 0.004061915187928077 -0.0037201104328142788
2991 0.004215448351125864 -0.004189560972677953
2992 0.004550212407286042 -0.0038256261311794275
2993 0.004707374088987148 -0.004278629236785428
2994 0.00439437047205137 -0.004684890637055558
2995 0.005038864503278044 -0.003928674149489706
2996 0.005196860030480059 -0.004385658765661742
2997 0.0055271691203640835 -0.004034304378139181
2998 0.005678144468255171 -0.004514305731939591
2999 0.006014048898775292 -0.004143967960654185
3000 0.006167106776656429 -0.004619428219691563
3001 0.006495435238369567 -0.004244446799609908
3002 0.005311190220548858 -0.004929858082032806
3003 0.006348516504774928 -0.0037739681362360306
3004 0.006836234313105312 -0.0038798259930273044
3005 0.00697454122866119 -0.004337186579926105
3006 0.004885937082624137 -0.003456430313500149
3007 -0.03402704729863766 0.003220597704718299
3008 0.007298125790560122 0.0017710312735750681
3009 0.00681020327359456 0.0018769572027187021
3010 -0.03149769541190634 -0.0004257928349633566
3011 -0.02371819273508406 0.003637396687280382
3012 -0.022894574355340997 0.0039010607257811683
3013 0.028766717677143665 -0.002889712919456768
3014 -0.02359720887198911 0.0018412572071485173
3015 -0.02393290476253787 0.0014716670407034563
3016 -0.023780678202266266 0.0009961508100377694
3017 -0.024085131344404064 0.0019471832387242755
3018 -0.024420827299798938 0.0015775931449016362
3019 -0.02457305382558534 0.002053109271538734
3020 -0.02490874976504176 0.0016835191057434232
3021 -0.02506097629016237 0.0021590353021023294
3022 -0.0253966721502207 0.0017894450616593642
3023 -0.025244445661599044 0.0013139290352889798
3024 -0.02573236799336653 0.0014198548095138348
3025 -0.02588459458605675 0.001895371064814826
3026 -0.026220290525637523 0.0015257809954380744
3027 -0.026372517042869692 0.0020012971148937633
3028 -0.02670821296251582 0.001631706970460292
3029 -0.026860439473427894 0.002107223136366459
3030 -0.027196135297920827 0.0017376329991222162
3031 -0.027043908783330774 0.0012621168727064579
3032 -0.027348361888854433 0.0022131491663468466
3033 -0.027684057713927363 0.0018435589250916018
3034 -0.02783628429639275 0.0023190751707778956
3035 -0.028171980123104862 0.0019494849928785155
3036 -0.028324206685644435 0.0024250012294021813
3037 -0.02865990251005811 0.0020554110169793225
3038 -0.028812129061508852 0.002530927306249727
3039 -0.029147824962385074 0.0021613373287792774
3040 -0.026036821185512815 0.00237088733660654
3041 -0.026524743623884926 0.0024768133946512123
3042 -0.024725280416325816 0.0025286255477440602
3043 0.006684858291189052 -0.003405137880019366
3044 -0.02042371920072424 0.004692053648473085
3045 0.022208942799326004 -0.003678816228890772
3046 0.02711950572805621 -0.003416922398980151
3047 0.015288397136594562 0.0009203708507185232
3048 0.015776285920036517 0.0008152366263700186
3049 0.015928506936609518 0.00033985223478065615
3050 0.016264203053503654 0.0007094381669928258
3051 0.01641642879970587 0.00023394305796091224
3052 0.01675212443014519 0.0006035404788587409
3053 0.016904351071783747 0.00012802455194052065
3054 0.017240046926101586 0.0004976168938520137
3055 0.01739227360505967 2.2100172627184623e-05
3056 0.017727969536997103 0.00039169080141959853
3057 0.01788019620191166 -8.382560190418127e-05
3058 0.018215892144688155 0.00028576480688025053
3059 0.017576108365866427 0.0008635500500437693
3060 0.01660022006426959 0.001074728805239772
3061 0.002437975971192678 -0.0042288392637665475
3062 -0.03405829018330324 0.0018999753495205973
3063 -0.023001144879313394 0.007039222387430742
3064 -0.023125803412136534 0.007508660883956544
3065 -0.023191598152433726 0.008026199781344234
3066 -0.023595787045971588 0.007744743106100479
3067 -0.023540639848537097 0.007162068487492913
3068 -0.024013494610246364 0.007482867465141032
3069 -0.024485691632982427 0.007699631230682109
3070 -0.024004982198981957 0.007000289656014676
3071 -0.03113075688364767 0.0012644197041778208
3072 0.0026608684642041337 -0.0007619871480818827
3073 0.0028130951364239575 -0.0012375035040808728
3074 0.0031487910438014024 -0.0008679131896337117
3075 0.003484486965156943 -0.0004983228767053611
3076 0.0036367136178324906 -0.0009738392253513323
3077 -0.03296315705966924 -0.00010515458386931714
3078 -0.02649350095896663 0.0037974361838727655
3079 0.01729898547204647 -0.003939145585951688
3080 -0.038019987920711706 0.007184608320331037
3081 -0.03816197518863827 0.00765206866532793
3082 -0.03671230769616866 0.00026527966342222405
3083 -0.03705496705121192 -8.231238004869105e-05
3084 0.018368118808583148 -0.0001897516085496221
3085 0.01870381476069043 0.00017983874498088436
3086 0.018552143150255898 0.00065109427464209
3087 0.019040707210799444 0.0005407258544160918
3088 0.018032422858537622 -0.0005593419615130637
3089 -0.029877714943834295 0.00585954157356856
3090 -0.035888950576560566 0.0005277443166348834
3091 -0.031985617702773424 -0.0003198668190251574
3092 -0.03308244586368747 0.0016881234915487114
3093 -0.02890187025557621 0.005647689605161436
3094 0.03038271673999706 -0.00368300775113298
3095 0.030534944284040178 -0.004158523680554423
3096 0.031022867081880325 -0.004264448854399078
3097 0.030692988963925597 -0.004607244017581898
3098 0.03117178795041981 -0.004711342851267695
3099 0.03151023878438701 -0.004365603697088563
3100 0.03164742887589907 -0.0048417441508160335
3101 0.03199602278268951 -0.004474813151192153
3102 0.03215094012955433 -0.004951815440044039
3103 0.003909886926308539 -0.003245352710790189
3104 -0.013073638367123525 0.004423785870447689
3105 0.02129568739195859 -0.0008256599324492997
3106 -0.023261512980522817 0.00221084745544823
3107 -0.027500588465866636 0.0026886654492983045
3108 0.009187330726139942 -0.0012939190878030712
3109 0.0088516347654418 -0.0016635094023647844
3110 0.008363712164140714 -0.001557583394508585
3111 0.008515938770166034 -0.0020330997966848926
3112 0.02972069912748695 -0.004428265945126338
3113 0.009156088004321179 -0.002614542233065745
3114 -0.03042812271140509 0.0033242218283247573
3115 0.017634314898512377 -0.0035700746083190543
3116 0.017482027178030712 -0.0030946447994218826
3117 0.016994094387592636 -0.0029887331742886624
3118 0.016841866038594316 -0.0025132192000302087
3119 0.0163539431549377 -0.0024072935413591294
3120 0.0081802427906296 -0.002402690151243989
3121 -0.029850459202549792 0.00010153524824062015
3122 -0.03399580464927478 0.004541220236306173
3123 -0.02530275697504936 0.005751926090859387
3124 0.00766107750425753 -0.0036173871290425493
3125 0.007813304104787684 -0.0040929035291395605
3126 0.00830122669787622 -0.004198829636491621
3127 0.00797093969932069 -0.004622092603633706
3128 0.008453453301906687 -0.004674346054007761
3129 0.007462735649530162 -0.004436631460216016
3130 0.007320174616050683 -0.003979232621064283
3131 0.008791593751680142 -0.004293495994129327
3132 0.015624331982354057 0.0012855562296933325
3133 -0.029452278020082545 0.0031123697690925247
3134 0.01841999582620327 -0.0045960917133298805
3135 0.018934435920858673 -0.004800951213659631
3136 -0.03210660141353209 0.0014762716399280586
3137 -0.019846055448975015 0.0014693651491728915
3138 -0.02018175143656146 0.001099774941610838
3139 -0.020333977974534324 0.0015752911798869737
3140 -0.020669673878475795 0.001205700898458111
3141 -0.0205174473783566 0.000730184826974832
3142 -0.021005369762394796 0.00083611060200015
3143 -0.02082190047746357 0.0016812172018156918
3144 0.019464947954310943 -0.0021977432663740776
3145 -0.018901453073634385 -6.310894969899705e-05
3146 -0.02570112532812363 0.0027404776010140955
3147 -0.03360197086834723 0.0004740143317014992
3148 -0.024325960770979774 0.0055415026995407676
3149 0.01909800930082396 -0.003887956637827082
3150 0.005041139165989907 0.0031418823791378916
3151 0.004552516475870743 0.0032445830287479624
3152 0.004812723633578504 0.0036293212781320196
3153 0.00940204271270935 0.0008718106692195111
3154 -0.006730644874231332 0.0030467473310874715
3155 -0.00721856746908141 0.0031526733822453564
3156 -0.007554263417930404 0.0027830830454903077
3157 -0.007706490062868568 0.003258599431811958
3158 -0.008042186010432 0.0028890090979206244
3159 -0.008194412654584229 0.0033645254843926962
3160 -0.00853010860086158 0.002994935149035781
3161 -0.008377881958107973 0.0025194187611493465
3162 -0.00886580454964658 0.002625344804380287
3163 -0.007858716708197086 0.0037341158256401314
3164 0.02254469823551331 -0.0033088843548771943
3165 -0.008682335245486304 0.0034704515401000266
3166 -0.022344241868650732 0.006436033654295133
3167 -0.028597417142046635 0.00469665710078182
3168 -0.022863331667655112 0.005221683937564075
3169 -0.03164992189854157 4.972329848001913e-05
3170 -0.034276802796845446 -0.0002596617790931121
3171 -0.03462552508670214 -0.0006078084123197405
3172 -0.03262623394044421 0.00026237534266391723
3173 0.004218106958477795 0.0028809183941746344
3174 0.004064434382337995 0.0033497740426295343
3175 0.0035757885352620403 0.003452368497779799
3176 0.0039180448106574586 0.003842165500969666
3177 -0.02847643324987649 0.00290051755442175
3178 -0.019116165119939528 -0.002228838340070846
3179 0.01608073271695899 -0.000135643731329825
3180 0.03983671812116045 -0.004850478704958782
3181 0.02141663831597786 -0.002621447529185749
3182 -0.03122049801072384 0.0043811802250367515
3183 -0.03323467231600857 0.002163639601048168
3184 -0.010911222790268156 -0.0009128193983631207
3185 0.03885851549242692 -0.004592418511342712
3186 -0.011090705484147461 0.005320704852681575
3187 -0.011244051828901624 0.005791063565850364
3188 -0.011731041292447515 0.005901287621358265
3189 -0.011457316500430867 0.0062818787966109485
3190 -0.01196772020900732 0.0063598219997070115
3191 -0.012236274420721224 0.005989481112167111
3192 -0.012069497886428934 0.0055293149670541065
3193 -0.012557880539438189 0.005634843942639462
3194 -0.01271354347620844 0.00609481880567973
3195 -0.013200679141447631 0.006194083145686616
3196 -0.01284306677510267 0.0065582605783477445
3197 -0.01353132767545652 0.0058460280027529616
3198 -0.014018408986155846 0.005955543232542387
3199 -0.013685650193306219 0.006311653876106673
3200 -0.014170467369173994 0.006431777404520386
3201 -0.014506191322895833 0.006062067469775546
3202 -0.014658389911339722 0.006537703440657474
3203 0.015530324564918218 -0.0026709578939788214
3204 0.01672088170194617 -0.0007170801776090539
3205 -0.0293312942387679 0.0013162315723015384
3206 -0.023351196613024944 0.0053275576478727426
3207 0.01995287053748361 -0.002303669328775485
3208 0.015163385958274619 -0.004361171362382755
3209 0.015327433770916684 -0.004861318227513499
3210 -0.01383875834484116 -0.00027726312929391805
3211 -0.005754799681300223 0.0028348952287336597
3212 0.038366628577577326 -0.004496745463740423
3213 -0.019600100689263072 0.004955717935199393
3214 0.002020719233024324 -0.00018054472340552283
3215 -0.02115759637624228 0.0013116269303407356
3216 -0.021493292365241747 0.0009420368396872117
3217 -0.021981214864099523 0.0010479628653106124
3218 -0.02231691079999957 0.0006783729002986909
3219 0.020928715722830307 -0.0025155214592227394
3220 0.0205930197537806 -0.0028851117746527635
3221 0.03135847055432584 -0.0038940628552914473
3222 0.021536702723156092 -0.004409552030551872
3223 -0.009018031188665081 0.003100861198125262
3224 0.004003652219587201 0.000716374097384448
3225 -0.024635539197829504 -0.000588135209757533
3226 -0.022742347797283836 0.0034255442936056055
3227 -0.02835544937622854 0.001104379537736733
3228 -0.02008802325061974 0.005061643965676737
3229 0.01290724224341114 -0.0029864343849565584
3230 0.012755015608286745 -0.002510917976521155
3231 0.013242938217042536 -0.0026168440332479566
3232 0.013090711579755943 -0.002141327634397926
3233 0.01260278897320997 -0.002035401566567106
3234 0.01342640754650326 -0.0017717372836652534
3235 -0.02554889873608033 0.002264961325429209
3236 -0.005266877083783891 0.0027289691771626603
3237 -0.0051146504375493 0.002253452784265299
3238 -0.004778954485587711 0.002623043125726883
3239 0.006778960646592088 0.0005563341484272855
3240 0.007322934212167373 0.0031262639537937213
3241 0.006841445858359559 0.0031975803860505815
3242 -0.025974331992025992 0.0050121456013506
3243 -0.019908540834849227 -0.00117187961394708
3244 -0.010114860353069193 0.005108852781863385
3245 -0.010267086994693874 0.005584369139264096
3246 -0.010756315883478978 0.0056842779338661525
3247 -0.010419313638719556 0.006059885496449771
3248 -0.00994634115321014 0.005963032375162956
3249 0.032333959736464024 -0.004106460542885927
3250 -0.004536986395698611 -0.000969235233854106
3251 -0.004689213033842526 -0.0004937188869759337
3252 -0.004353517211139845 -0.00012412871855345284
3253 -0.005024908987572632 -0.0008633091594530847
3254 -0.005177135683344636 -0.0003877928334706746
3255 -0.0055128315901610365 -0.00075738308386232
3256 -0.005665058270880051 -0.0002818667018432341
3257 -0.0060007541834681145 -0.0006514569947288357
3258 -0.006152980819834347 -0.00017594065517706275
3259 -0.006488676767755899 -0.0005455309167045144
3260 -0.006640903499880502 -7.001473665953066e-05
3261 -0.006976599360039667 -0.0004396048508805019
3262 -0.005817285012454425 0.00019364949370058042
3263 -0.006824372732273603 -0.0009151212212764514
3264 -0.0073122953237877404 -0.0008091951446803763
3265 -0.007464521940290829 -0.00033367874249226224
3266 -0.007800217915854691 -0.0007032690683603292
3267 -0.007952444540370232 -0.0002277527038897089
3268 -0.007647991298532221 -0.0011787854666500982
3269 0.02227149966885973 -0.00103716019412397
3270 -0.02170800430241987 -0.001223691623493446
3271 -0.025271899885561618 0.007071200563123374
3272 -0.02575965094771602 0.007177759755278729
3273 -0.02535547065374694 0.007630341994526441
3274 -0.025916394580409462 0.00768725206887768
3275 -0.02624830802652899 0.007289417647284194
3276 -0.026419763453337974 0.00776865584821227
3277 -0.025616530065538573 0.008114613203452026
3278 -0.02661334148525497 0.008236740582946697
3279 -0.02365969426612121 -0.000799987341082616
3280 -0.03164573068956782 0.007129196669925154
3281 0.017696726903697755 -0.0009289322915873397
3282 -0.010423300212565335 -0.0010187454424475087
3283 -0.010634025578393989 0.003894155699390959
3284 -0.027410847297592866 -0.0004280950249020963
3285 -0.011641113368293984 0.002785384680082933
3286 -0.011488886733966268 0.0023098683157653887
3287 0.02565571466898089 -0.003099266156093371
3288 0.02580794136388075 -0.0035747820663104804
3289 0.025167792154759627 -0.0029933402193379525
3290 -0.010481798941853842 0.0034186392979121093
3291 -0.009658180429790627 0.0036823036022555914
3292 -0.02643500242303669 -0.0006399472014679687
3293 -0.022683849309495758 -0.001011839476863752
3294 -0.025915837274544856 0.0005747493210555466
3295 -0.02048620457269503 0.002050807495011699
3296 -0.004903925101837961 -0.0026594486888272474
3297 -0.018413530522349147 -0.00016903494148098083
3298 -0.008651092592700256 0.004791074658378523
3299 -0.008315396649662427 0.0051606649945388485
3300 -0.008803319240782327 0.005266591040244269
3301 -0.0084511045111154 0.005598831458270346
3302 -0.007960046552322492 0.00549157546426737
3303 -0.008945449149071643 0.0058140574975559765
3304 -0.009289559039682854 0.005384508758109627
3305 0.023704024606700083 -0.0026755615039136815
3306 0.02385625124345684 -0.0031510778527894454
3307 0.029254642328124705 -0.0029956410438955485
3308 0.000771663489247543 0.0023029628539255912
3309 0.0004359674936759325 0.001933372577221837
3310 0.0009238900884806709 0.0018274465305008567
3311 0.001411812715743383 0.001721520485237547
3312 -5.195512192214682e-05 0.002039298660746546
3313 -0.016824792117079934 0.0047956779254851875
3314 -0.017160488051152962 0.004426087585089418
3315 -0.012464731860241246 0.002521720403688353
3316 -0.012952654424302967 0.0026276464405596226
3317 -0.013104881054207892 0.003103162797312246
3318 -0.011609870696429199 0.004106007830936784
3319 -0.019510359520685767 0.0018389554013576632
3320 -0.015606979170644122 0.0009915469978793732
3321 -0.01594267509651406 0.0006219566917162484
3322 -0.016094901706216472 0.0010974731277833343
3323 -0.016430597700567075 0.0007278830682793292
3324 -0.017222973469534157 0.0017848416432534764
3325 -0.011399145375370748 -0.0008068933770029548
3326 -0.008713577905096255 0.0021498284188344275
3327 -0.00822565531374287 0.002043902373297138
3328 -0.026981423396772942 0.003903362161195999
3329 0.008426197547001552 0.0010836627972646983
3330 0.008578424176188445 0.0006081464107667818
3331 -0.013686531603872235 -0.0007527793193830615
3332 0.03510971743159115 -0.004266743114342953
3333 0.03477987692672203 -0.004609365157299268
3334 0.03428874248597978 -0.00451823365808257
3335 0.03449835806704146 -0.004923774460611478
3336 0.03526194494867521 -0.004742259256478502
3337 0.0357938438281429 -0.004884696469048202
3338 0.018153406839698027 -0.0023554814692615202
3339 -0.0020973733877465905 -0.0014988656399523728
3340 -0.0022496000102016937 -0.0010233492314266324
3341 -0.0017616774089566525 -0.0011292753157338149
3342 -0.001913904080222048 -0.0006537589219680801
3343 -0.00240182662053684 -0.000547832864105141
3344 -0.00206613071752782 -0.00017824260701430967
3345 -0.0014259814763385665 -0.0007596850509541263
3346 0.036085563067308084 -0.004478593466487254
3347 -0.010790238891692783 -0.002708958773752992
3348 -0.019389375607550892 4.281707568357541e-05
3349 -0.022070955985727045 0.00416472502920823
3350 0.015592810114714974 -2.971709516233598e-05
3351 -0.018932695771699818 -0.0013837317735989022
3352 -0.006761887538683923 0.0017261242205667878
3353 -0.016126144385754458 -0.0002231489515558344
3354 -0.022773590485249625 0.0021049214077356096
3355 -0.011000964166581076 0.002203942267090508
3356 -0.011520129407110306 0.0009892453144712719
3357 0.020319720216340473 -0.0006135917456973705
3358 -0.013928499527411755 0.002839498540910952
3359 0.015011159305277326 -0.0038856549562110466
3360 -0.006394948924223674 0.003416337671616482
3361 -0.0013322360378462109 0.003202264546650723
3362 -0.001667946679578458 0.002832606856920931
3363 -0.016247128330571972 0.0015729894948041817
3364 0.011689429165353682 0.0008176967264160269
3365 -0.021188839076156724 -8.994945155687672e-06
3366 -0.03442155962741499 0.007286925406362641
3367 -0.005360604956220955 -0.0012328994685855679
3368 -0.00786201885107923 -0.003341362107573521
3369 -0.009232743141814643 0.0009351314513980703
3370 -0.007703963940953935 -0.0037872526842916317
3371 -0.008045501662657327 -0.004162661472059937
3372 0.00949178398089849 -0.002244951898624138
3373 0.009003861379806586 -0.0021390258289475427
3374 0.010772082460012492 -0.0034078368597941023
3375 -0.01267944378827323 0.00035599147079601995
3376 -0.026095440116377235 0.0068092297462005996
3377 -0.00740203677320134 0.0023075666561104954
3378 -0.007768975381898254 0.0006173532042278646
3379 -0.00865507921584843 -0.0022875564141521055
3380 -0.02548799496118077 -0.0021613425134291
3381 -0.009138734715750454 0.004898999316525859
3382 -0.003586412857735145 0.004580650238438313
3383 -0.0037277411684501485 0.0050627533035667496
3384 -0.004074180967155621 0.004683626672544756
3385 -0.00825689796868141 0.0007232792944706582
3386 -0.02838277989173226 0.006861785955402135
3387 0.009706495997658974 -7.922205197396929e-05
3388 -0.002737522604035486 -0.0009174231632033808
3389 -0.002889749199009207 -0.0004419068868901492
3390 -0.01825731703669658 0.006434079117588486
3391 -0.01874523957999102 0.00654000515367096
3392 -0.01790404548573491 0.0067877056079947195
3393 -0.017431382261721765 0.0066948865194217805
3394 -0.01755333996903997 0.007142892333011933
3395 -0.015271283242322279 0.0013611373061186384
3396 0.012969727661481087 -0.0003451881004316317
3397 -0.029358686397572636 0.007073127812541002
3398 -0.004384759767010364 -0.0014447516348506863
3399 -0.005419103729505154 0.003204485571529831
3400 -0.01524004057372299 0.0026817603142045734
3401 -0.0031629600416123657 0.0018297485768560126
3402 -0.003650882640563045 0.0019356746294836523
3403 -0.00380310928775237 0.00241119102207424
3404 -0.004138805240211917 0.0020416006822609203
3405 -0.017894365379537484 0.0010456617661628144
3406 -0.0076792340390911765 -0.0024994085842685605
3407 -0.004291031886936157 0.0025171170742004697
3408 -0.012374990565193335 -0.0005950411350426215
3409 0.007754805704464092 0.0003444821233150395
3410 -0.006242722278095357 0.00294082128055843
3411 -0.010942465502352415 -0.002233442389656216
3412 -0.0228353033675695 0.006546693167121713
3413 -0.003073218584296271 -0.0012870134846621108
3414 0.012267092995433507 -0.002404991907626043
3415 0.012114866364156584 -0.001929475495786594
3416 -0.005391847697493295 -0.0025535226021575967
3417 -0.00020418173374538037 0.0025148150013090762
3418 0.01364111959776696 0.0003939924861268323
3419 -0.0072498101308470534 0.0018320502696337784
3420 -0.00346741333687782 0.002780781361835012
3421 -0.003986578592321917 0.0015660842893382375
3422 0.03660244369217256 -0.003266711802445808
3423 -0.003435839933833904 0.0041020260467107125
3424 -0.004443258533522187 0.0029926334673684362
3425 -0.004411659383091043 0.004313386547311917
3426 -0.007889959365856824 0.0024134927089729612
3427 0.03658645995044982 -0.0045329641238408885
3428 -0.01405347026426284 -0.0024429925673889203
3429 0.015745036530049418 -0.0005052280777062968
3430 -0.006336450146382561 -0.0010210473114151781
3431 0.03611462253328201 -0.0031610368110699945
3432 0.03596373191277023 -0.0026938435404729464
3433 -0.005387861071547276 0.00452510869353985
3434 -0.005053594230551583 0.004888116187576576
3435 -0.005534994673233529 0.004986658019270668
3436 -0.0060103897576684355 0.005090398942070989
3437 -0.003010733393045775 0.0013542321864800362
3438 0.011931397018815444 -0.0027745822495319995
3439 -0.006360769505947761 0.0047342687641479374
3440 -0.00650839444557319 0.005199910728362434
3441 -0.004564403720784707 0.004786266300707934
3442 -0.004708991911199265 0.005252451922380528
3443 -0.009992624236840922 -0.003737404174933562
3444 -0.010333559058662406 -0.00413550794889022
3445 -0.01908093548750276 0.006170414855158183
3446 -0.019233162120835996 0.006645931184918201
3447 -0.019721302467645266 0.006750853918248512
3448 -0.018905315429356237 0.007013008724376499
3449 -0.019399857697797316 0.0071253096418349374
3450 -0.01905930358839378 0.007565131102809942
3451 -0.018372975900342172 0.006978201401940179
3452 -0.002307993405710772 0.0034145217382189736
3453 -0.015181541991385066 -0.0017556240473145998
3454 0.0001900129738912392 -0.0015529797040407967
3455 -0.006367692883282176 -0.002341670434917574
3456 -0.0062154662652516915 -0.0028171868358419856
3457 0.012450562340748 -0.0015598851575912656
3458 -0.009904135028700285 0.00019595139431144014
3459 -0.020056816856121283 0.006382099701995669
3460 -0.014205696868544572 -0.0019674762001484335
3461 0.012665274386344193 0.0006058445809800255
3462 0.0017475086875766383 0.002091110755260851
3463 0.0018997353610718882 0.001615594494333657
3464 -0.000723347043306514 0.001300118292585493
3465 -0.0016991922500047846 0.0015119703778071823
3466 0.0002524981602792319 0.0010882662041947946
3467 -0.0054503463889751065 0.0018838624458075862
3468 -0.01581770429485719 0.0059044489067850104
3469 -0.015482474476335708 0.006271892202815753
3470 -0.0073707941142638796 0.00362818977513549
3471 -0.011918310647598313 -0.0020215902291517915
3472 -0.012983897072236137 0.001307023518130983
3473 0.02663158792162461 -0.0033109769149010254
3474 -0.004962423792518089 0.0017779363990240728
3475 -0.0147521180161579 0.002575834271868656
3476 -0.0071600687064350575 -0.001284711542059629
3477 -0.01679354939388393 0.006116300994743886
3478 -0.016460136894854215 0.006475373280482028
3479 0.01656865517465225 -0.00024156671064334183
3480 -0.01780063717881682 0.0050075300860715505
3481 0.01101803720238384 7.851617495847375e-05
3482 -0.0179849049650061 -0.002901519979035232
3483 0.001228343376433481 0.0008764140141994481
3484 -0.006849882990736273 0.004840343765778712
3485 -0.0011215281837996165 -0.0017107178099040336
3486 -0.013959742285935536 0.0015188756107686872
3487 -0.0046267278396251365 0.0021475267335116003
3488 -0.007824198361800998 0.0050482923023185055
3489 -0.007479440866796067 0.005401762742923706
3490 -0.012129035926893884 0.0028913107278955227
3491 0.010498871895243239 -0.0011361809003910667
3492 0.0008029061648234326 0.0036235859948694237
3493 0.0006464884696826322 0.0040797973408526495
3494 0.0011337125701418073 0.003970653770054319
3495 -0.017281085890624426 0.0062217508931629376
3496 -0.013261094479283024 -0.0034999514238447556
3497 -0.013642085556870201 -0.003947774307778153
3498 -0.012565661238878314 -0.004124549294581599
3499 -0.00017692571831881356 -0.0032431931072664164
3500 -2.4699090166272386e-05 -0.0037187095173320576
3501 -0.00035794069226516653 -0.004076994371218642
3502 0.00010783348176206286 -0.00417408217805781
3503 0.00045994116397615487 -0.003821278299777093
3504 0.0005711903671447603 -0.004381082345114274
3505 -0.0002516251544751966 -0.004504964380930292
3506 0.00031044982121390127 -0.003348559635412635
3507 -0.0022734998198653995 0.0047449548141894
3508 -0.00240917410969558 0.005260590317954452
3509 -0.0017689786349342528 0.004697826428053489
3510 -0.0013455524391225498 0.005060843648840669
3511 -0.0026165387231178562 -0.0027135626997888485
3512 -0.009630924383002249 -0.002075704249071853
3513 -0.00946441380945962 0.005867086097667085
3514 -0.009253805486613746 0.006328910673253983
3515 0.013945572845673678 -0.0005570402261953332
3516 -0.0012737548036048855 -0.0012352014050036318
3517 0.011993882443765157 -0.00013333597252147226
3518 0.03758119047314785 -0.0034822327848907935
3519 0.012208538547157626 0.0020151633711324246
3520 -0.017101989575259456 -1.1296784573201595e-05
3521 -0.012008051961391694 0.0010951713712248567
3522 0.000798281234247825 -0.0034543924391836536
3523 -0.022254425319392836 0.00331961823311527
3524 -0.0016406935194085443 -0.002925414866145809
3525 0.03514065666445176 -0.0029495280759700023
3526 -0.0070061510430865035 0.005310235406080063
3527 -0.00715866481154878 0.005739362924446257
3528 0.03236564833677247 -0.002786084969545153
3529 0.03221195269021488 -0.002311153562948042
3530 0.03172410755642298 -0.0022051552972432
3531 0.0030278071133475843 0.0009282261868038912
3532 -0.021462049595962436 0.0022626595939028975
3533 0.0007091781628846902 -0.00033828293902327046
3534 -0.024996145027949442 -0.0022491775970385403
3535 -0.024789531592546946 -0.0027403987851203995
3536 -0.024237357943982147 0.002422699526163963
3537 0.0109867945027599 -0.0012421069670939327
3538 0.012876351989679655 -0.004305434124417842
3539 0.012511419034507212 -0.004744975714388719
3540 -0.0008454542329299384 -0.003969184045860188
3541 0.0029340790914493065 -0.0030336428050496593
3542 0.011232453257093785 0.002224880109959724
3543 -0.012894155783303779 -0.0018097380692126625
3544 0.0011658581554388286 -0.0017648318382802383
3545 -0.020322132737944025 -0.0029276894125333615
3546 -0.00017395763181699225 0.003830746250647314
3547 -0.024026632920612058 -0.0024902002823956547
3548 0.015988357196619285 -0.004096409540788986
3549 0.015658327017728974 -0.004453937784769761
3550 -0.018198818626792037 0.0019966936916511247
3551 -0.004751698484772431 -0.0031349650945488253
3552 0.03285362408735392 -0.002892114704618616
3553 -0.030712032562402715 -0.0014611392888845363
3554 -0.031054121754958905 -0.0018692970291705464
3555 0.008637330095144752 -0.003827362689064106
3556 0.009280705604839923 -0.004393944127715345
3557 0.009613373517783321 -0.004038301858975279
3558 0.009767894862973208 -0.004503248216582443
3559 -0.009111759064622261 -0.0008610072423150706
3560 -0.003592383925980929 -0.0025017105338983906
3561 0.024711111390846568 -0.0015667964078450681
3562 0.024558885668338703 -0.001091275171103667
3563 -0.017621154752440076 -0.0012259936509698133
3564 -0.010208588380314809 0.0011469835536900342
3565 0.020231446430894855 -0.004550611007800642
3566 0.019890385119710318 -0.0049449154947638265
3567 -0.015970855282653174 0.006375707419140199
3568 -0.016097969307300675 0.00683761484506054
3569 -0.023686882998461837 0.004957958463050973
3570 0.017544500252490408 -0.000453415958575804
3571 0.010284159854737714 -0.0033019107875885073
3572 0.01668963911215143 -0.002037703195918025
3573 -0.017679653329866207 0.003211390514176707
3574 -0.003936550638356823 -0.004205040900558972
3575 -0.004653397264081835 -0.0046521618270945145
3576 0.005467419761082078 0.00039859595093275904
3577 0.011897646462750457 -0.004092810346303377
3578 -0.00032915234444652743 -0.0027676767001850048
3579 -0.015392267160675762 0.0031572766742741813
3580 -0.021063868309153314 0.005273496068485902
3581 0.0313895709460413 -0.0025743199758692
3582 -0.016948602581429113 0.006578794589852816
3583 0.034161862285691874 -0.0027369326974917355
3584 -0.016521308757611368 -0.003220087935472604
3585 -0.025123461657377676 -0.0004822091427222402
3586 -0.018288559699713658 0.005113456146724142
3587 0.010256368156261856 0.0024353760161039987
3588 0.009768004068656366 0.0025301673859537475
3589 0.03364594898382734 -0.003948967581056385
3590 0.03413431232714159 -0.004052863551811001
3591 -0.02039646335623549 -0.0010659535376465342
3592 -0.00968942308262309 0.0023616804970941416
3593 -0.012097793248097673 0.004211933887597825
3594 -0.017496226521285917 -0.0030039642105630687
3595 -0.017316457055792083 -0.003438781207171472
3596 0.0049482545999916415 -0.0008161008865183006
3597 -0.00572754367249983 -0.002923112919023997
3598 -0.009478694170717696 -0.0025512040633423956
3599 0.020257323787508552 -0.003254702090681868
3600 0.017088555991520614 0.0009646415209271935
3601 0.0051629665481129055 0.0013496285484107607
3602 -0.0019763894983588328 -0.0032950051928884935
3603 0.0001557699537181664 0.004172844729442557
3604 0.000497711837791904 0.00454410949884063
3605 0.017056577684633516 -0.00034749072567481125
3606 0.008730650816105103 0.000132630033505595
3607 -0.008623836480448926 -0.0009669333198353015
3608 0.010803325159040205 -0.002087213708566629
3609 0.0027233538711646274 0.0018792586745465952
3610 0.003301017698589082 -0.0013434295504931516
3611 0.015225871274898908 -0.0017199251016825267
3612 0.001290013842565275 0.003513906170613518
3613 0.018672572103874817 -0.0011407844206481374
3614 0.018305633482023582 -0.002830997845733364
3615 -0.021033337730805145 0.006590838714848458
3616 0.019984098414867056 -0.000983068868238379
3617 -0.014841863870979508 0.005692576875516291
3618 -0.014353970148010865 0.005586527872199742
3619 -0.01274192917377228 -0.0022852544455032988
3620 0.010436535269370977 -0.003776741878799543
3621 -0.010960365938564965 -0.0035375406265361125
3622 -0.021551790785878665 0.005379422119266262
3623 0.01919197622414305 7.159196607748686e-05
3624 0.01806482482324029 0.0007511649319700113
3625 0.0006464952940590444 -0.0029793267923898573
3626 -0.015880189714215558 0.003263202713929504
3627 -0.02076340203676705 -0.0027561666941043526
3628 0.002141703305523626 -0.0019766840081533823
3629 0.01421878342563565 -0.0028286961123010993
3630 0.001622538010015888 -0.0031913809865849897
3631 0.012009001019306634 -0.004547211637995495
3632 -0.0034401573027024604 -0.002977226942735764
3633 0.00943312253200554 0.002187124330591191
3634 -0.004973472209533582 -0.003956910966736977
3635 0.009279814568797323 0.0026325690013155
3636 0.014433495424879789 -0.0006629662853769104
3637 0.013184596098540946 0.0018053158587516228
3638 -0.016215885689535726 0.002893612393352417
3639 -0.025181960218999752 0.003955174354337941
3640 -0.021309822987248758 0.00178714329389635
3641 -0.008288140510651904 -0.0005973430068678941
3642 -0.017468928152648364 -0.001701510004508187
3643 -0.00978486651911814 0.005485129316315467
3644 0.024191947111841795 -0.0027814878392065424
3645 -0.016703808220809826 0.0029995384388780797
3646 -0.005239621080620153 -0.003029039003926614
3647 0.011962639732007252 -0.0014539590931686474
3648 0.0025086418152568683 -0.00028647076455900735
3649 0.018520345463052677 -0.0006652680204933857
3650 -0.0351055422766824 -0.0005120900214779333
3651 -0.03543935438451757 -0.000834618533620777
3652 -0.026740512805142152 0.007384908714325754
3653 -0.024206115279480484 0.003743322375543928
3654 0.022392481515785236 -0.0028333110402445853
3655 0.002266673968855918 0.0033058078021092735
3656 0.002111521114106814 0.0037678452548083764
3657 0.0016250862851037281 0.003880624390718299
3658 0.0019672750715087313 0.004266302050930762
3659 0.0013881247387971694 0.00433174368997408
3660 0.0304139574456426 -0.0023624263377518932
3661 0.030749703415297296 -0.0019928821710347763
3662 -0.030853559533809145 0.006071394011257761
3663 -0.012253821973967488 -0.002391244156107983
3664 0.031236796063824106 -0.002098998419626139
3665 0.031084249666593688 -0.0016237617861715925
3666 0.015713793863518944 -0.0018258511673074481
3667 -0.020942884418105736 0.0034773564482112338
3668 -0.02020926734543484 0.006856584859727113
3669 -0.020700096739337478 0.0069491210870425285
3670 -0.02040353821303321 0.00732225835313665
3671 0.01357863418901655 -0.0022472536750127612
3672 -0.002952152140327555 -0.0030827727344655024
3673 0.019254192374180867 -0.00437183750878418
3674 0.003972409518725775 -0.0006042488864876356
3675 0.016112607587338238 0.0011749590155284047
3676 -0.02493600555835587 0.007441527096187312
3677 -0.02707151164940304 0.007019325279742776
3678 0.01961717457392467 -0.0026732596481532206
3679 0.015866020517538888 -0.002301367548521683
3680 0.0032421147110809822 0.0030920927549722603
3681 0.0030876780013481212 0.0035574288298603515
3682 0.00259852025002106 0.003657665487682056
3683 0.002938065933777755 0.004044988468187005
3684 0.010101448412627839 -0.004143526453104538
3685 0.01025291713945831 -0.004622533942688725
3686 0.013914330145919376 -0.0018776633317947225
3687 -0.009353727152224373 0.002731270818974699
3688 0.020472018535636308 -0.0010889987078602614
3689 -0.027102407129056448 0.005699502325080961
3690 0.025046789783679666 -0.0011972300738454606
3691 0.02489573996532454 -0.000723376800042481
3692 -0.008990771872363587 -0.0026571314516232107
3693 0.03270084692009453 -0.0024175272045876784
3694 0.01601824716552059 -0.0027768839361033268
3695 -0.0024642157783492154 -0.0031886354363949354
3696 0.02205677333064127 -0.003202971569040587
3697 -0.024971235090090218 -0.0009577254017987657
3698 -0.029227880446273682 -0.0018099415362180338
3699 -0.029905723769875155 -0.0021631048355586465
3700 0.01717756171894207 -0.0021436292562474783
3701 -0.020244236765285313 -0.0015414698624241388
3702 0.005892856763126473 -0.002348576234285863
3703 -0.014994168961278916 0.006167732054280681
3704 -0.01176564821724166 -0.0024970977775979975
3705 -0.005095998955836185 -0.0034986784682632796
3706 -0.027590329634056675 0.005805428086386479
3707 0.003941166867269529 -0.0019248719717661234
3708 0.0037889402458087173 -0.001449355609120865
3709 0.004124636158249089 -0.001079765248453791
3710 -0.033140944193042546 0.0061255077611592
3711 -0.030338381524772865 0.00020746130791071118
3712 -0.01698100560408023 -0.0018074360827049283
3713 0.011626943747251458 -0.001823549435491758
3714 0.01416062625324425 0.001595338658264814
3715 0.003699198999194248 0.0016674066095631627
3716 0.023735247067215016 -0.0013549848259408373
3717 0.0048272706631582295 0.0009800382982058198
3718 -0.013592803596408347 0.0032090888499635597
3719 0.02010509716367164 -0.002779185710223285
3720 0.011139021137573904 -0.001717623370534519
3721 -0.0023114948690837116 -0.003661875047739968
3722 -0.008502762001192524 -0.0027626554878839504
3723 -0.013561560890831001 0.004529711971607283
3724 -0.024846260610087576 0.004324776896286435
3725 -0.016645309656411273 -0.001437845801250794
3726 -0.030227859272561716 -0.0016612823608855238
3727 -0.011277868413151504 -0.002602948152152679
3728 -0.0021510273505387736 -0.004099431793152518
3729 0.021568862578309707 -0.0030969775077726216
3730 0.013395164857552568 -0.003092360426912048
3731 -0.02045496189203354 0.003371430436337355
3732 0.030203300003737055 -0.004517662913437067
3733 0.030363562746490852 -0.0049900328361828375
3734 0.02858353226221488 -0.00373457858789473
3735 0.008457342822192909 0.002402112978081931
3736 -0.029908957682949062 0.004538918107926914
3737 0.020745246384671776 -0.0033606281566567284
3738 -0.008014851898622817 -0.0028686390853669198
3739 -0.01615738710875527 -0.0015437718793772123
3740 0.020807643403965 -0.0007198403886788157
3741 0.009066346759269943 0.0005022203560372338
3742 -0.0075268803116683835 -0.002974339481642297
3743 -0.011125934858987776 -0.0030785490615352733
3744 0.00720439763532293 -0.0021908380768301656
3745 0.025776698580393803 -0.004895404855225447
3746 0.014129042176655527 0.00028806645136842226
3747 0.004917011850375454 -0.002136724045817453
3748 -0.030335251284786317 0.007282144162935281
3749 0.004979497251133697 0.0005045219964930232
3750 0.02108094195603107 -0.0029910401089074264
3751 0.013547391495955411 -0.0035678768230170983
3752 0.00467504406013958 0.0014555545859748398
3753 -0.03219634252134257 0.004593031793183456
3754 -0.015127354322110589 0.006651881579570085
3755 -0.016005160498451982 -0.002019288234108361
3756 -0.014385179345461484 0.004266047736057783
3757 -0.03228155789235404 0.007709067787975289
3758 -0.032418241776138806 0.008165000252623431
3759 -0.03542832789627959 0.0061796215382720725
3760 0.013367565494743574 -0.004396201552226394
3761 -0.014416422071770687 0.0029454245871744847
3762 -0.032715507372410205 0.0033783358056813173
3763 0.001286944034541363 -0.0035599027647351773
3764 -0.035369829856856494 0.0017422372265984093
3765 -0.015517220316778556 -0.002125133136414528
3766 0.017817712936766143 -0.002725068906255783
3767 0.024832096329961445 -0.003362930062329057
3768 -0.019756314245655625 -0.0016473959384708439
3769 -0.015848947004875755 0.0045838257844836045
3770 -0.024358337552690935 0.004218853042677236
3771 -0.024483312628927445 -0.0010636514677612916
3772 -0.030701333015969685 0.005595877997677769
3773 0.021447886527898363 -0.001300883077442581
3774 -0.03457745495333534 0.0006852796392043435
3775 -0.015029299146494026 -0.002231065610695149
3776 -0.03261766506549646 0.007336853076412596
3777 -0.030001468795937465 0.0076429215093992
3778 -0.030148275998293606 0.008130621609829688
3779 0.01732979108492767 -0.0026191417916467752
3780 0.004612558681807537 -0.001185691256126106
3781 -0.018780469171031162 -0.0018592480984296683
3782 0.0009433413900109128 -0.003942243848696947
3783 0.0011199119545725806 -0.0044303836279468885
3784 0.008790975173614676 0.0027198529983032665
3785 -0.019268391712797865 -0.0017533220148338888
3786 0.005740630218916741 -0.0018730597492334303
3787 -0.034210516571134 0.0023754914196979565
3788 -0.02942103535355165 0.004432992160392238
3789 -0.014541366131789303 -0.0023369435208734804
3790 -0.030307138934772784 0.0015280837622508518
3791 0.013700829914971136 -0.004037811482247045
3792 0.02291166418791412 -0.0016186472831977577
3793 -0.023995390169132245 -0.001169577532774429
3794 -0.030186155009027122 -0.00026805482625589985
3795 -0.032227585165051545 0.0032724098003865205
3796 0.021783596736615365 -0.0009313375766249045
3797 -0.01914342086803546 0.0035291687921159146
3798 0.013730860822814675 -0.0027227700718643944
3799 -0.014389112734539466 -0.0028123364789536427
3800 -0.03754660880779288 1.5490833233190726e-05
3801 -0.03788545589320919 -0.00030150462341055166
3802 -0.017008261436390587 0.003950571145133655
3803 0.006076326107368606 -0.001503469364263693
3804 0.008211485590733925 -0.0010820670169518556
3805 -0.034971648694252816 0.00475307125532942
3806 -0.018807724959858312 0.0038987591087899977
3807 0.02242372625109574 -0.001512676567027626
3808 -0.01423007499661345 -0.003266354590573748
3809 -0.01896093315313184 -0.0027005627330457726
3810 0.0042768627709358215 -0.001555281651054441
3811 0.002965321786543737 -0.0017130198373681222
3812 0.013793346232675344 -8.152385738625987e-05
3813 -0.018991194286274306 0.00305365232231915
3814 -0.0235074677024656 -0.0012755035991049808
3815 -0.017343957386212076 0.0035809808363675873
3816 0.009554269349376351 0.0003962943156941071
3817 0.006259795415739568 -0.0006583627329293594
3818 -0.02155569884208774 -0.0016988445686824645
3819 0.027272378350977178 -0.0038907457082960183
3820 -0.014143211655965942 0.0006737690877632593
3821 -0.023019527412052234 -0.0013813476225338745
3822 -0.03686478754005097 0.0007396275181315842
3823 0.02324737934750584 -0.0012492294363372048
3824 -0.022406651886754975 0.003795134670298126
3825 0.02407085901586107 -0.0009856141877268854
3826 0.024408025321447677 -0.000618427194515667
3827 -0.04306564494609138 0.0073667329759454035
3828 -0.043575694748179856 0.007522133196846681
3829 0.010713583901663808 0.0010295489003743878
3830 0.006626734024025614 0.0010318505023406738
3831 0.010865810552792121 0.0005540325361918291
3832 0.013305423649353384 2.4402200886415116e-05
3833 -0.022531606345179103 -0.0014872801619802132
3834 0.006962429902263411 0.001401440869156087
3835 0.00988996529908773 0.0007658846394941932
3836 -0.03442600520164166 0.00021101074198010992
3837 -0.029237566180569143 0.0052780985748290404
3838 -0.029085339541198643 0.0048025827039218545
3839 -0.03637292895736012 0.007712094910027887
3840 -0.03670913215861715 0.007339978410240299
3841 -0.02969823269243517 -0.00037398088542777526
3842 -0.022043581227459353 -0.0015927336446357005
3843 0.0043393481700107345 0.0010859643430967552
3844 0.012817501044149629 0.0001303282599003717
3845 0.007540093567151616 -0.0018212478245961503
3846 -0.017648410585004087 0.004532013670002906
3847 -0.036739866999291715 0.006021884528493632
3848 -0.03207535871090055 0.002796893825166804
3849 0.010225661273447543 0.0011354749629576971
3850 0.01232957843674308 0.00023625432505118907
3851 -0.02844519057613466 0.004221140653751347
3852 0.011841655821195035 0.0003421803884560055
3853 -0.03814513409492617 0.0019022822131494273
3854 0.0024773992301372625 -0.001607093784878817
3855 -0.028386692118749484 -0.00021624286667411632
3856 0.011353733193449947 0.0004481064572998477
3857 -0.03079506118077596 0.0016340097800129866
3858 -0.029210310336295703 -0.0004799069193586877
3859 0.006322280785065543 0.001982883145649761
3860 -0.028234447890309045 -0.0006916776045904753
3861 0.006657976674770169 0.002352473596050837
3862 -0.028874614492302927 -0.0001103168168561687
3863 -0.03722778863242933 0.0061278105825145505
3864 0.005861687213872092 -0.003668134198028533
3865 0.006505696381741685 0.0028277430963509773
3866 -0.0016326252853443358 0.004168213503341365
3867 0.003851425619305939 0.0011918903728146413
3868 0.001989476659085337 -0.0015011677190303213
3869 0.026295894524158286 -0.003680564969308185
3870 -0.0018200322214775783 0.003308773241721799
3871 -0.038642976582376566 0.007749388841163237
3872 -0.03951516888687293 0.006181925483608159
3873 -0.0020036450570487365 0.0024630053533164094
3874 -0.0015157223654461952 0.002357079579001397
3875 -0.001363496202398561 0.001881561049410395
3876 0.008028016096277669 -0.0019271739100308817
3877 -0.02628264258560446 -0.0011148494275418515
3878 0.001501554077356862 -0.0013952416527645015
3879 -0.031587436506690623 0.0026909678495352684
3880 -0.03201287350932296 0.00543813796318354
3881 -0.029300051476658602 0.002636853619969324
3882 -0.031860646886386484 0.0049626222931535464
3883 0.0033635030955644868 0.001297816421055122
3884 -0.027746526896625885 -0.0007976100994362286
3885 -0.04110247543746826 0.0012222479194376992
3886 -0.04145480344719442 0.0008331753972226946
3887 -0.02091164172249975 0.004797979667671996
3888 -0.03924195951211256 0.003910268646245221
3889 -0.0365876408595209 0.005546369200630948
3890 0.006412021987845311 -0.0011338791431166981
3891 -0.02725853262168444 -0.0009032052232108606
3892 0.001013631494160483 -0.0012893155935560763
3893 -0.03125174078196833 0.003060557838232351
3894 0.002875580534707039 0.0014037424635217682
3895 -0.03899600551427457 0.0073966179607181295
3896 -0.026770466765389942 -0.001008470703601738
3897 -0.000754589588552508 -2.0504642854202385e-05
3898 0.0005257089216169354 -0.0011833895168639427
3899 -0.03893750756513566 0.0029592392770685194
3900 -0.030763818534118276 0.0029546318484436414
3901 0.002387657961056776 0.001509668500553506
3902 -0.0010902855591349541 -0.0003900948288637565
3903 -0.000875573675543371 0.001775634600192908
3904 0.00037348231311378453 -0.0007078732052191213
3905 -0.00038765111835513774 0.0016697084450156214
3906 0.0020519620012429984 0.0011400782276739054
3907 0.0015640393517468633 0.0012460042415431308
3908 0.00010027147548179032 0.001563782374863602
3909 0.0005881940724446599 0.001457856316556899
3910 0.0010761167071486628 0.001351930278061077
3911 -0.03945667150342904 0.0017445464649375121
3912 -0.00011444030108030413 -0.00060194708242611
3913 -0.03875403850010376 0.0038043427655175366
3914 -0.030275896232704144 0.0028487058440407513
3915 -0.002218357442612587 0.0002972736053359429
3916 -0.00026666699061743296 -0.0001264307444225079
3917 -0.0347881798153073 0.00559817736693409
3918 -0.002554053335856112 -7.231664897368035e-05
3919 -0.03463595317225002 0.005122662115339741
3920 -0.02978797386668228 0.0027427797744200015
3921 -0.0030419759184385237 3.3609333431400094e-05
3922 -0.0015782081521599123 -0.00028416872560209686
3923 -0.0033776719124698875 -0.000335980826498303
3924 -0.0017304348352971237 0.000191347559255262
3925 -0.004505743847397592 0.000351387486942136
3926 -0.0038655945297535 -0.00023005476162600954
3927 -0.024022638158585956 0.004588431338346039
3928 -0.004017821231148848 0.00024546144064650636
3929 -0.03930444633596896 0.0012690309440757039
3930 -0.004841439809942118 -1.8202642600612844e-05
3931 0.02809560917635688 -0.003628467023886966
3932 -0.03936294311995143 0.005706411076938079
3933 -0.005969511648899937 0.0006691656523978571
3934 -0.005329362373857508 8.77234301172368e-05
3935 -0.005481589058963792 0.0005632396184640133
3936 -0.006793130184243999 0.00040550137232208777
3937 -0.029483520806917757 0.001791747563658661
3938 -0.006305207583333607 0.0002995754544219626
3939 -0.00712882605761852 3.591116825980877e-05
3940 -0.007616748667250372 0.00014183723585461136
3941 -0.008592593844333057 0.00035368934719325865
3942 -0.008104671256336087 0.000247763292550871
3943 -0.009080516427709991 0.0004596154128659255
3944 -0.01203929485217466 -0.0002254509615919342
3945 -0.010056361940435488 0.0006714674034175207
3946 -0.009568439102644185 0.0005655414572621884
3947 -0.012191521366974838 0.0002500652946557083
3948 -0.010392057895198432 0.0003018771076148906
3949 -0.015150299410778887 -0.00043500130197826354
3950 -0.027285876590394043 0.0048543952755682965
3951 -0.027531831160550066 0.0013680431304529958
3952 -0.0107277536048579 -6.771316990770906e-05
3953 -0.027379604612504778 0.000892527137234297
3954 -0.022804833326452598 0.0007842989787880989
3955 -0.011063449477278837 -0.00043730340200770295
3956 -0.022652606669721527 0.00030878292044196447
3957 -0.024116374204560743 0.0006265611547987104
3958 -0.04390644077098005 0.007135223778317622
3959 -0.011551372106334785 -0.00033137725849384275
3960 -0.01234374779194397 0.0007255814877195235
3961 -0.01658282425751236 0.0012033994418027348
3962 -0.016766293632646 0.00035829322420677834
3963 -0.012831670380277065 0.0008315075359108015
3964 -0.013990985059715055 0.00019825294173698386
3965 -0.013319593065504112 0.000937433538589289
3966 -0.01380751565444821 0.0010433594089101844
3967 -0.028995598380907026 0.0016858213978744115
3968 -0.014326680943526418 -0.00017133737547428743
3969 -0.0362831882197626 0.004595335015291777
3970 -0.02850767598326298 0.001579895291412366
3971 -0.01466237673404984 -0.0005409274789723679
3972 -0.0280197535593812 0.001473969213826731
3973 -0.015302525952540514 4.051472836650639e-05
3974 -0.015790448539314248 0.00014644084495346057
3975 -0.017070746827806845 0.0013093256218271176
3976 -0.02329275574904967 0.0008902249477850661
3977 -0.026555986543563528 0.0011561910354142473
3978 -0.022164684196805853 0.00020285686205386792
3979 -0.026891682216568485 0.0007866011209674484
3980 -0.02475652318713871 0.0012080031212502351
3981 -0.02426860072108007 0.001102077078954284
3982 -0.023628451634601644 0.000520634927998027
3983 -0.02509221903635202 0.0008384130300492043
3984 -0.026068063931932582 0.0010502650914035704
3985 -0.01755866946535009 0.0014152517277996198
3986 -0.021828988371528538 0.0005724468866383809
3987 -0.016278371086131303 0.00025236693569069134
3988 -0.02558014150781975 0.0009443390673982118
3989 -0.018046592279108306 0.0015211776462140964
3990 -0.018382288278678705 0.0011515873843429118
3991 -0.018717983980321748 0.0007819971552438939
3992 -0.019053679762286314 0.0004124070065382867
3993 -0.019541602300517234 0.0005183329861942797
3994 -0.02002952499938739 0.0006242589344756762
3995 -0.020365220736042505 0.0002546689034110298
3996 -0.02085314326376967 0.0003605948243288325
3997 -0.02134106574289 0.00046652087929105034
3998 -0.038234874599782705 0.0050190382031244166
3999 -0.038601812616967913 0.0033288280564652993
4000 -0.042505173051668184 0.004176237801373258
4001 -0.04067447945889266 0.005548665333708007
4002 -0.04201725468562202 0.004070311501436566
4003 -0.04213823786249287 0.005866433422046922
4004 -0.03332441350814329 0.005280401182587879
4005 -0.04146685254551959 0.006605606641768449
4006 -0.03811389142030148 0.003222902017398132
4007 -0.04052225305349251 0.00507315235253728
4008 -0.040796708590544344 0.0073395643594569
4009 -0.037290273563362286 0.003486565392141156
4010 -0.04165031942762085 0.005760509360116299
4011 -0.042200724392379145 0.00322521480181658
4012 -0.03649789735412597 0.002429606082166383
4013 -0.036833594574273855 0.002060015030724996
4014 -0.03643541443436657 0.005070852031843148
4015 -0.041314625878121375 0.006130099939098631
4016 -0.03713804671312556 0.0030110477050033792
4017 -0.04171280505767565 0.003119285926053255
4018 -0.0451554074433361 0.0025559547812077903
4019 -0.03915252738689152 0.0007961089845519055
4020 -0.044761282801743726 0.005550937138270708
4021 -0.04189627630371612 0.0022741865909447134
4022 -0.04528042885328017 0.0043363030640645416
4023 -0.045065088510823165 0.006498562654308658
4024 -0.0452179598007602 0.006977417595569976
4025 -0.0411311666611294 0.006975201507740825
4026 -0.04512821417421084 0.0038608118416367937
4027 -0.04366448716493683 0.0035430193093394864
4028 0.0261748523975688 -0.0018845978713926312
4029 -0.04384788671104738 0.0026984288314556458
4030 -0.0446403135664437 0.003754887787228195
4031 -0.04430462302713945 0.004124454330426563
4032 -0.043816706775033014 0.004018522616957172
4033 -0.047696694089556776 0.006249741913159796
4034 0.025686946998400885 -0.0017786955227129088
4035 0.025383909401156115 -0.0008293872455955669
4036 -0.04655974362560638 0.005498238122996287
4037 0.0271506835325393 -0.0020963639939706536
4038 0.025535106981309112 -0.0013036418186882553
4039 -0.04756655190320863 0.004393577013783599
4040 0.029469172157869192 -0.0008299815617574344
4041 0.0277964471556174 -0.005322334976204949
4042 0.027225757596480014 -0.005246927928490219
4043 0.03072942517793374 -0.005342520559955
4044 0.025566386898359484 1.0273800365941804e-05
4045 0.03239401994390189 -0.0014702482715583636
4046 0.02459013151800231 0.000219144389291776
4047 0.033282925952856486 -0.005282574077734494
4048 0.023302973092175744 -0.0053218833053405865
4049 0.022320229049669158 -0.005350216628423329
4050 0.03483014650330221 -0.002010707551504628
4051 0.02214798385525092 0.0007285647131658655
4052 0.02117121287209428 0.000935128611069582
4053 0.03677533885666696 -0.005335982761809053
4054 0.03726359615326013 -0.002561261700615287
4055 0.03721402710450521 -0.0051764399003670185
4056 0.018812087846985945 -0.005296579628223308
4057 0.03827391913528575 -0.005251308098355391
4058 0.018726623800389162 0.0014323222669195182
4059 0.039693860118234774 -0.003123811673667198
4060 0.017747364830488888 0.0016243702297745136
4061 0.04066850214535268 -0.00334245261566499
4062 0.04072570850876715 -0.005109208622567439
4063 0.016768809111762005 0.0018201944572857208
4064 0.04164631024506541 -0.003579554497191749
4065 0.04179653077787413 -0.00403432982214718
4066 0.04226653999334562 -0.004170940497791105
4067 0.04191514530993413 -0.004563952111278468
4068 0.042433111414822366 -0.004649933908715816
4069 0.04175300986895234 -0.005056840091453109
4070 0.041418757733052876 -0.004680326692370537
4071 0.042767691137268436 -0.0051047846499192775
4072 0.043030740304696384 -0.0046757977242687515
4073 0.04357405978589154 -0.004718637159101478
4074 0.01578998154944729 0.00201460286563162
4075 0.04260678598057234 -0.0038077836064723865
4076 0.014303051101508714 -0.005277632509075749
4077 0.014810880402689368 0.0022075707524052356
4078 0.043584072672958614 -0.004018385488894811
4079 0.013303857503494726 -0.005232060212235883
4080 0.04455337107388573 -0.0042566640016826135
4081 0.04412843863363305 -0.004632089270513805
4082 0.01383150351657644 0.002399070894805901
4083 0.0450125915773254 -0.004365407515224124
4084 0.04527251503091348 -0.005075439897338152
4085 0.012326042741364939 -0.005209948315791271
4086 0.012851848448007115 0.0025890743551311747
4087 0.0457550046664108 -0.005043922907713864
4088 0.01187191257978361 0.0027775496986634967
4089 0.030597316295649584 -0.0015176695834605994
4090 0.010322920202027843 -0.005105490128947707
4091 0.010891692975763395 0.0029644632263072738
4092 0.009271820188930907 -0.0051598961422921474
4093 0.009911186420052953 0.0031497789648369263
4094 -0.015229126294573493 0.0071419557356124696
4095 0.008930389487376145 0.0033334584973975364
4096 0.0073377011847480696 -0.005110371227547854
4097 0.007949298553716235 0.0035154610214072077
4098 0.0069845536603883466 0.0036862358476552263
4099 0.029957040054938586 -0.0009363223135543139
4100 0.001842781136704809 -0.004944113640874814
4101 -0.003877372978832597 0.005542098936367119
4102 0.0008559611488471963 -0.0048894138858762825
4103 -0.0026760220735904732 -0.004760483000281507
4104 0.027181484991127318 -0.0007759722511664789
4105 0.02800582540364153 -0.0005125852148087136
4106 -0.0058234068042223855 0.005886859949819652
4107 -0.007149170284167517 -0.0044354128816820075
4108 -0.008283482495645356 0.006241625097652463
4109 -0.011587361645405582 -0.004237705548194796
4110 -0.014203828443104454 0.006944996827869709
4111 0.030109340214915084 -0.0014117083346779193
4112 -0.016027928343905574 -0.0038146495434486
4113 -0.018574487341352412 -0.0036353882773729825
4114 -0.02347906014496173 -0.003089759548496844
4115 -0.02111161624583957 0.00782973174558286
4116 0.02766994151578857 -0.0008819943492055439
4117 -0.022110635895091272 0.007931254559923153
4118 0.006353247443005104 0.003302236918024841
4119 -0.02603126865466153 -0.002807461887370401
4120 0.030932358411575052 -0.0011489246301611745
4121 -0.02894680049284013 -0.0023604796198241395
4122 0.02703011083704817 -0.0003016886671842831
4123 -0.031052744159655647 0.008399200344690773
4124 -0.0323733376661669 -0.0018546852982610955
4125 -0.033347447685784605 -0.001629804213687902
4126 0.03141946177031371 -0.0012560495132910889
4127 -0.034323554956915955 -0.0014392642613390867
4128 -0.033566829470688266 0.0085394524178378
4129 0.026542271268145727 -0.0001972043663825509
4130 -0.03674540623263164 -0.0009443937983265181
4131 0.03157078632842421 -0.0017304431731105948
4132 0.026207994030199994 -0.000566391922646473
4133 -0.009499296178286099 -0.003882750937216117
4134 -0.03917548924955589 -0.00037333811131075485
4135 -0.038533622356938135 0.008471217901075353
4136 -0.01707593529862373 0.007030502290968489
4137 0.032058532193555804 -0.0018373333544150269
4138 0.033036468495377544 -0.0020499852753004116
4139 0.025720606502840124 -0.0004614841723394746
4140 -0.040482556448194894 0.008352129106198878
4141 -0.0415493035173244 0.0003445518617569811
4142 -0.02907977179174981 0.008419042326673263
4143 0.03254739542315867 -0.001943935563683038
4144 0.025232373239115216 -0.00035695112547896044
4145 -0.019916719369566793 0.00723948934818581
4146 0.03337143831792499 -0.0016856702714697234
4147 -0.01315658173842714 0.006959015769813568
4148 0.024744770941732157 -0.00025209757672014143
4149 0.023764458621039937 -3.944555550516437e-05
4150 -0.03783040855585745 0.00802240352231541
4151 0.006355384255762963 -0.005075463653949571
4152 0.03385677415101793 -0.0017941227403265253
4153 0.024254370859270687 -0.00014627996956020298
4154 0.01782385210523139 -0.005301686084711866
4155 -0.004222442554520874 0.005156728871119307
4156 -0.04438209569238275 0.0077982736687411125
4157 0.013040366150483679 -0.004776711756667816
4158 0.03755113768681338 -0.004783396558108504
4159 0.03400718566011445 -0.002265003042009969
4160 0.006004888870835774 0.003873401703336039
4161 0.02360998217142207 0.000427984850221573
4162 0.0427828970517839 -0.0042498017053173515
4163 -0.010244385064048097 0.006512203401334915
4164 0.03547323841455568 -0.002585709879924127
4165 0.03449515824024257 -0.0023733454765200637
4166 -0.0453532534217442 0.007491958999602162
4167 0.023123937037674642 0.0005293544288472816
4168 -0.01561250825604397 0.006746307584838579
4169 -0.018781405069663807 -0.0031694908791324856
4170 0.03498487372275494 -0.0024800531514814353
4171 0.04603129595594455 -0.004627985600839808
4172 -0.043448320347375245 0.008001048229357672
4173 0.022793731732959333 0.00016522174373123427
4174 0.019422050604919444 -0.0047869308094667
4175 -0.002890435624259893 0.005374138372863749
4176 -0.04774632915480649 0.0035319547496607193
4177 0.035809604318868135 -0.002228115440810364
4178 -0.04634668089646076 0.007333073341555297
4179 0.021360219711566573 -0.005276517970548058
4180 0.02230367716783492 0.0002678856843583827
4181 -0.012255407889625211 -0.0037154465227992248
4182 0.03182168461205823 -0.005308215883044533
4183 -0.015575969330620873 -0.003440212475519528
4184 -0.028246515878731917 -0.0020046167728601143
4185 -0.0419495981870481 0.0009701496411634201
4186 -0.023063722130341194 -0.00269232074595826
4187 -0.047013041258697215 0.0025601208427662335
4188 0.008316064323588517 -0.005130700749013172
4189 0.03629299471153673 -0.002338490401507209
4190 0.0053522991121621715 0.003508199310734471
4191 0.02181639628809571 0.0003719391821093857
4192 0.0016200680642018677 -0.0044967565270693085
4193 0.010720342657878601 -0.004722947660421604
4194 0.03644328411718557 -0.0028035520190492114
4195 0.020348231229477844 0.000689061972002138
4196 0.02132838029643312 0.000475450654137571
4197 0.03931150502656676 -0.005194564175283925
4198 0.037910880993526686 -0.0031250561971550286
4199 -0.0048595929845107536 0.005712383595134365
4200 0.036931703803977194 -0.00291303238797441
4201 -0.04723600028195381 0.007023012469170974
4202 -0.04094943387540005 0.007790604718743396
4203 0.02083673163755516 0.0005807437776811494
4204 0.017624816607704003 -0.004868382401978672
4205 -0.036065029474826434 0.008610559661172044
4206 -0.03210230362426792 0.00853839227347448
4207 0.04432457488787142 -0.005093559099129455
4208 -0.0478280640576845 0.003044929093118118
4209 0.03742204880726885 -0.0030204905013497428
4210 -0.03505052532753455 0.008573828571714277
4211 0.02018702423794812 0.0011461843874420296
4212 0.005041636596381058 0.004043922322208662
4213 -0.0480856271045539 0.0066156027831315465
4214 -0.045283820751539194 0.0016924944630028267
4215 -0.006097813946602861 -0.004592302716680199
4216 0.04744127479074355 -0.004969102559131398
4217 -0.034272531317507626 0.008122855143293627
4218 0.03824713280401123 -0.0027772972391142256
4219 -0.026914518303833884 0.007848727033456633
4220 0.0196963600155293 0.0012455958506217856
4221 -0.010970092091601867 0.006181294341403747
4222 0.03873491016184427 -0.0028906420843095686
4223 -0.048560865995525004 0.0036385081130315936
4224 -0.024618130660370326 0.008146468787206203
4225 0.021677838033174943 -0.004874001629422591
4226 -0.0440044008113017 0.0018923537928328057
4227 0.019375411140148353 0.0008896530752312065
4228 -0.020130178239869016 0.007710573779646686
4229 -0.0279884335116259 -0.002510034444536837
4230 0.02810532864495058 -0.004935371893055986
4231 0.0038865545674713724 -0.004529852031721304
4232 -0.006676879180129505 0.005659711705181525
4233 0.024774079105595433 -0.005356992920262596
4234 -0.04248581380480043 0.008124761319950753
4235 0.0388790367606669 -0.0033463316051127803
4236 0.02585427961213865 -0.00535351543041206
4237 -0.01623981870497706 0.007293410069592458
4238 0.034752388875758766 -0.005303951600155326
4239 -0.04646702788059306 0.006836858011141924
4240 0.01888554758410261 0.0009899438482839158
4241 -0.02443950718742191 -0.003046032631783188
4242 0.004370834665081833 0.0036382530114028437
4243 -0.039524389576470455 0.008429466365324673
4244 -0.005191342495410221 0.005345597167328436
4245 -0.0036587763720090957 -0.004688543488328191
4246 0.03936341836572237 -0.003457141892226251
4247 -0.02006702976247675 -0.0034097098705932064
4248 0.015308072528824393 -0.005345957187597929
4249 0.01839902318210362 0.0010924180386470608
4250 -0.01828333185867946 -0.0032536093558599164
4251 0.02990685949302795 -0.004818156333479699
4252 -0.048405394941063364 0.005927111573950727
4253 -0.02245018691750485 -0.0032404651135009683
4254 0.04380888302241516 -0.0051004507183467825
4255 -0.009118992608914406 -0.00441668473904722
4256 0.03985125672936455 -0.003570594733112439
4257 -0.04249001910246032 0.0006179789095353654
4258 -0.027385211114864437 0.007926967552049384
4259 -0.035802142856471236 -0.0011501692307712905
4260 -0.011773609917222268 -0.0037939860299890625
4261 0.017910666854537665 0.0011941881081820795
4262 0.02403289788013098 -0.004926740026744465
4263 0.03399135924419346 -0.004872603630886197
4264 -0.024421619568457693 0.007240769215211564
4265 0.04033892326511817 -0.0036788227153901412
4266 -0.018632403294285987 0.007363645690588711
4267 0.004028723741277655 0.0043148186734190495
4268 -0.029693343185786703 0.007937823064666498
4269 0.017423864532630444 0.0012968028977717032
4270 0.03578647040078016 -0.005341614114901829
4271 -0.017057539684081535 -0.0038209157011323287
4272 -0.011231501001307828 0.00668941932248156
4273 -0.014987352697080467 -0.003998306854318916
4274 0.00664355238207962 -0.004689398431297672
4275 0.040842565061068495 -0.003806165810310352
4276 -0.027222661060324057 -0.002222054648616667
4277 0.016933932190875387 0.0013979726794288033
4278 0.041327026100113406 -0.0039106846715723925
4279 -0.04725408331001956 0.006567138896006125
4280 -0.005669905212147363 0.005440318710719396
4281 -0.045664482422199254 0.007045733222613447
4282 0.0164453939897889 0.0014995102470097101
4283 -0.0010817118413834923 -0.004829939139841544
4284 0.0034088681804684906 0.0038402528410764075
4285 0.013567285265856203 -0.004838625976713648
4286 -0.038205762763122555 -0.000616295915884608
4287 -0.011269745095974915 -0.0038857926207478653
4288 0.015956810638608085 0.0016009820203352185
4289 -0.016591494887470016 0.00693323255464751
4290 -0.020887569240411876 0.007390962137507822
4291 -0.03832842228618509 0.008082854437396966
4292 0.038060975082170816 -0.0048469613664101985
4293 0.0021405135284200847 -0.004580835153148525
4294 -0.03154472560014127 -0.0016889769503588914
4295 0.015468336922388371 0.001702945595565083
4296 0.008969222959099025 -0.004719199806793617
4297 -0.0006813647973100416 -0.004390057318538577
4298 -0.006168450289553223 0.005543011944002225
4299 -0.005606065870625342 -0.004626109860935522
4300 0.011362222030495174 -0.005220595259345173
4301 0.0030448706780354527 0.004494982768551856
4302 0.01982765329235958 -0.005400434905354074
4303 -0.0220963766876613 -0.0028833857981763467
4304 0.014979695924594002 0.0018042205192623424
4305 -0.011723937824500165 0.006760306089613741
4306 -0.017812556502559286 -0.0033288753270784123
4307 -0.02700414099735803 -0.0026748618655776713
4308 0.028601701672124415 -0.0050264073956704635
4309 0.032305388600997 -0.00533917494853017
4310 0.046511436022478904 -0.004713678391560489
4311 -0.042895490615013944 0.0012839736168041701
4312 -0.032592319826228566 0.008558657983002557
4313 -0.02809021550865739 0.008400632996927882
4314 -0.02760361365003048 0.008355153763650933
4315 -0.035909240803785235 -0.0007192751471658452
4316 0.01810065713976143 -0.004930856420196614
4317 -0.04895783634430454 0.004741432161900137
4318 0.014491210699115022 0.0019044229897866095
4319 -0.03738482759934126 -0.0004119069942446398
4320 -0.036887710654758654 -0.0005092425696645356
4321 -0.03526985281428105 -0.0012730448444462491
4322 -0.010770284680336566 -0.003994907995475841
4323 -0.03639656587264256 -0.0006132671172814162
4324 0.0024298971884068724 0.004042824874193968
4325 -0.0029309348057199322 -0.00434162735870737
4326 0.014002506866962125 0.002005130525253942
4327 -0.008487193600933486 -0.003966587314810289
4328 -0.04491656637574093 0.007257550182491054
4329 0.04102182093133708 -0.004767572604253116
4330 -0.034957399236431395 -0.0009354171425379064
4331 0.004356580821059509 -0.005125530666143003
4332 0.039783437312638864 -0.005300040106846492
4333 -0.00683613090989354 0.006065715509676388
4334 -0.0377263413494175 -0.0007311327457275533
4335 0.022154011165966443 -0.004950481109003315
4336 -0.01458061728014817 -0.00410964273659512
4337 -0.03455476254361028 0.008595629613082231
4338 -0.045474474508842025 0.0022256351218449748
4339 -0.042732121066182994 0.0077096402690699836
4340 -0.034486839838045236 -0.0010372166541382853
4341 -0.017202246148766927 0.0074687939914559656
4342 -0.04708805633288543 0.0030281385085302722
4343 0.013513916916340308 0.0021056362088941807
4344 -0.03835256128412276 -0.00018292782506357415
4345 -0.04886841434753147 0.00390215961731201
4346 -0.03656740102553329 0.008080793561521363
4347 0.0034269270695853602 -0.0050283273534843746
4348 -0.02627433512892228 -0.0023631146901962703
4349 0.002068771014325178 0.0046985635035579855
4350 -0.021373190475101472 0.007463646071917339
4351 -0.01240742344210944 0.006358393313578468
4352 0.026284029979084324 -0.005446802080093298
4353 -0.03399967717723384 -0.0011354920449566067
4354 0.013025137166353997 0.002206052308907918
4355 -0.02439349431405425 0.006829894673547284
4356 -0.04880666021022278 0.006073398425864246
4357 -0.030080960187849302 0.008561189351590549
4358 0.015824355926092257 -0.0048467081977363775
4359 -0.021495494752987048 -0.003417860791366374
4360 0.0071295016670269405 -0.004751770865921649
4361 -0.038836444017359605 -6.678595370559343e-05
4362 0.04464759897689835 -0.004699821922326401
4363 -0.02372882091447823 0.0067021265811354775
4364 -0.007308818548160216 0.006135738094151355
4365 -0.0335124645964965 -0.0012353711578905872
4366 0.012536470514214432 0.002306186219398853
4367 -0.017622103041079792 -0.0037756971738526525
4368 -0.03984425037068758 0.000126260584313591
4369 0.030300130507956536 -0.005419479655379759
4370 0.024264046632721956 -0.005356854100588719
4371 0.04789498189417805 -0.005043814169556315
4372 0.0016264415497334972 0.004702975859104862
4373 -0.03933701023349787 3.7620473079901136e-05
4374 -0.00532617418993523 -0.004273770417493768
4375 0.012047617632515677 0.0024062253838341725
4376 -0.04072352009075476 7.699998926586314e-06
4377 -0.04150609232024274 0.008328636708644758
4378 0.002639241551461361 -0.004681630625212342
4379 -0.043461088793458814 0.0008693367392902927
4380 0.03424108041888495 -0.005306024678706791
4381 -0.010005123216233586 -0.004415503941860516
4382 -0.03302591516659638 -0.0013346669793013939
4383 -0.023618088230674884 0.008149303881985792
4384 -0.044072531093889526 0.00750761333500804
4385 0.014056007275407288 -0.004896973126055526
4386 -0.04812382704562692 0.006200514251732103
4387 0.029388408995679592 -0.005369416364510269
4388 -0.00010675007940067984 -0.004896458985532989
4389 -0.04019581549760001 0.007987822518239202
4390 -0.025775958841898764 -0.00245322839569581
4391 0.011558873647100381 0.002505972238274415
4392 0.03630072683948393 -0.004801326373037105
4393 -0.017700632283972177 0.007512851027914132
4394 -0.02490243846685105 0.007814711503567145
4395 -0.012724539049143951 0.006971278961712964
4396 0.0009449599278791088 0.004337512912828409
4397 -0.03253822164264399 -0.0014386787720726364
4398 0.009490699940507361 -0.004788529808318657
4399 -0.048994065888961595 0.005377109900876896
4400 0.011066599608325607 0.002603088089396963
4401 -0.007612187521142924 0.00580907585160883
4402 -0.03286748498294342 0.008205573666733417
4403 0.0116492702539369 -0.0048600728644204215
4404 0.043303576792182386 -0.004325418868335563
4405 -0.010690457700000575 -0.0043762187039432035
4406 0.03854758092978714 -0.004897540559238595
4407 0.03254526770618353 -0.0049727289947569505
4408 -0.021872558330020248 0.0075451398392579645
4409 -0.014057805706291329 -0.003639673522077771
4410 -0.021014383004395558 -0.00347257684691873
4411 0.04665076803807185 -0.00510559579394178
4412 0.02040543038376326 -0.004925907590543923
4413 -0.008118588198663682 -0.004576561208435348
4414 0.010576945162997332 0.0027019644757214577
4415 -0.002420513879881257 -0.004407823079541851
4416 -0.0320322196275677 -0.0015591763621899289
4417 0.02870538826209718 -0.005409795234361935
4418 0.018552689173721635 -0.004991290364958375
4419 0.022555531030053387 -0.005014821747925766
4420 0.0006032084856690453 0.004951310091325775
4421 -0.028382860969871894 0.008066846248961704
4422 -0.04817066647244226 0.0037316568847704985
4423 -0.04008349878773349 -0.0001880491677202856
4424 -0.043855543370866175 0.001527756050578651
4425 -0.016810707613043572 -0.0034914853519273084
4426 0.010087778958387734 0.00279751780194929
4427 -0.03876104001843961 0.008139685896011079
4428 -0.025295810361231793 -0.0025459308709861353
4429 0.004883553827066269 -0.004648331990991402
4430 -0.03145861000333327 -0.00207680549352634
4431 -0.013390517566324029 0.006585080531673388
4432 -0.049283862740728206 0.0046675262147170445
4433 -0.03080000808275644 -0.002160267000681365
4434 -0.008103490209372715 0.005890256739887145
4435 -0.035243382919630833 0.008208236895735313
4436 -0.017950529579056938 0.007188164693216155
4437 0.009598505437907223 0.0028935866388023488
4438 -1.3764685981100468e-05 0.004537348807590942
4439 0.043731806383480676 -0.004366312521442965
4440 -0.03064665282247646 0.008119106154712733
4441 0.007582221106209658 -0.00481781664897997
4442 0.04033919177574829 -0.004827654564944493
4443 0.009109271329909595 0.0029883533152098808
4444 -0.04691126087028307 0.00682318662530749
4445 -0.04603745715746163 0.007089226657350042
4446 -0.04077905979838444 0.000394419548695602
4447 0.002741079233154522 -0.005059256356801819
4448 -0.049317213815001336 0.005462785282168609
4449 -0.03703076760982257 0.008630032180219478
4450 0.04149920895676576 -0.004299136868432347
4451 -0.020727580928068964 -0.0031259528394728376
4452 0.024986497946763768 -0.00500513891603649
4453 -0.00037644773825014106 0.005143339997353431
4454 0.008620155204001246 0.003090121846348339
4455 -0.022331587065046028 0.007603335423322392
4456 -0.00855579555009102 0.005985989507966679
4457 0.026784916929773042 -0.0049618994187273615
4458 -0.025134687091380305 -0.002986896381262358
4459 0.0001363182239572537 -0.0045685129925844776
4460 0.012077409433224757 -0.004930858414629362
4461 -0.01385296354398583 0.006645435124359967
4462 0.014512411708516488 -0.004942759293018967
4463 0.03086358921141058 -0.004958879945097975
4464 0.03495008291491448 -0.0049530087858317955
4465 0.008131333681833051 0.00319601827073161
4466 -0.04870084390079648 0.005596248824488965
4467 -0.030604021734203606 -0.0018320065993587139
4468 -0.016336058070658376 -0.003543486927731176
4469 -0.01864502307979659 0.007718482723540065
4470 -0.0075495016485317215 -0.0041565334004492
4471 -0.04440314027182876 0.0011737815519868087
4472 0.0450618039325814 -0.004753361784055057
4473 -0.028859211606121645 0.008130914677332643
4474 -0.0009651533764838721 0.004754082682541029
4475 -0.04317744042286591 0.007746326745452033
4476 -0.04123870692073579 0.0005253977115120207
4477 -0.03331502085996982 0.00826867989410831
4478 0.009946381641255978 -0.00482658174116422
4479 0.007657466447423921 0.0033068702997057367
4480 -0.0019704822780105186 -0.004444506162721178
4481 -0.004900654141386209 -0.004336695229560672
4482 0.03901131448482085 -0.0049484337296554996
4483 0.04829614424307046 -0.0050894111730333084
4484 -0.009870042863448558 -0.004097664379809066
4485 -0.024334021670350023 -0.0026973135424542137
4486 0.036733644826429705 -0.004921141697599634
4487 -0.04747444744293937 0.0031637820543863318
4488 -0.04065389348081781 0.008005777156858133
*
TOPO
809 4 3240 846 4098
810 4 2703 888 4047
811 4 667 668 4247
812 4 3241 3240 4098
813 4 906 3135 4056
814 4 540 880 3450
815 4 740 741 2721
816 4 4081 4073 4254
817 4 3202 3200 4110
818 4 749 750 2706
819 4 2965 901 4048
820 4 3273 945 3277
821 4 2013 3063 3067
822 4 613 614 2763
823 4 3127 917 4188
824 4 920 3241 4098
825 4 2716 943 3064
826 4 680 681 3497
827 4 4231 2960 4347
828 4 3135 906 4174
829 4 945 3273 4394
830 4 3241 920 4118
831 4 2740 957 2741
832 4 4133 933 4255
833 4 2697 4133 4255
834 4 2649 4112 4183
835 4 2726 2662 4123
836 4 4190 831 4212
837 4 3152 4190 4212
838 4 4118 920 4160
839 4 969 4067 4069
840 4 2667 4118 4160
841 4 3303 934 3514
842 4 921 4231 4347
843 4 3504 836 4102
844 4 965 2750 4156
845 4 2724 959 4243
846 4 961 4185 4257
847 4 4185 2783 4257
848 4 939 3202 4110
849 4 4067 969 4068
850 4 4112 811 4183
851 4 981 802 4216
852 4 875 749 2706
853 4 3128 3127 4188
854 4 3064 943 3065
855 4 3886 961 4141
856 4 855 2692 2719
857 4 906 3566 4174
858 4 3066 812 3068
859 4 2669 845 3698
860 4 3566 906 4302
861 4 2928 829 2929
862 4 949 3699 3726
863 4 880 3449 3450
864 4 961 3886 4185
865 4 841 3248 3513
866 4 669 941 2725
867 4 841 3513 3514
868 4 668 2725 4247
869 4 539 540 3450
870 4 845 2669 3699
871 4 2750 965 4328
872 4 2717 2703 4047
873 4 3180 2643 4197
874 4 3180 4197 4332
875 4 4068 4071 4072
876 4 825 704 2737
877 4 718 719 3002
878 4 842 2709 3496
879 4 2741 957 4345
880 4 956 2929 4205
881 4 4068 4072 4162
882 4 2929 956 4346
883 4 2723 2724 4243
884 4 922 3176 4242
885 4 3176 922 4267
886 4 4024 4166 4281
887 4 4207 4081 4254
888 4 838 2681 3575
889 4 2681 838 3574
890 4 887 2688 4387
891 4 2692 855 2720
892 4 831 2667 4160
893 4 3513 3303 3514
894 4 2667 831 4190
895 4 2964 2965 4048
896 4 818 2694 3547
897 4 2688 887 4251
898 4 2929 829 4205
899 4 802 803 4216
900 4 3248 841 4163
901 4 552 553 3277
902 4 4033 885 4213
903 4 3698 845 4121
904 4 791 792 4069
905 4 2700 877 2702
906 4 3202 939 3754
907 4 909 740 2721
908 4 741 877 2721
909 4 909 3209 4248
910 4 2013 3067 4363
911 4 2922 2687 4107
912 4 3507 927 3508
913 4 400 807 1
914 4 3699 2669 3726
915 4 903 3337 4270
916 4 3247 3248 4163
917 4 3209 909 4358
918 4 2732 868 3745
919 4 3337 903 4392
920 4 950 2986 4142
921 4 505 506 3508
922 4 3783 3504 4102
923 4 2734 856 3209
924 4 2695 3698 4121
925 4 842 3496 3497
926 4 951 2726 4123
927 4 805 806 401
928 4 978 4084 4087
929 4 941 2715 2725
930 4 2986 950 4268
931 4 668 669 2725
932 4 4221 935 4272
933 4 3509 2190 3866
934 4 853 3539 4085
935 4 877 2700 2721
936 4 4042 2653 4457
937 4 3189 4221 4272
938 4 4166 4024 4328
939 4 927 3507 3509
940 4 937 680 3497
941 4 681 842 3497
942 4 3685 4090 4193
943 4 2694 818 4114
944 4 2796 2653 4042
945 4 813 3196 4351
946 4 3196 813 4395
947 4 869 613 2763
948 4 835 3683 4284
949 4 614 966 2763
950 4 793 794 4071
951 4 3683 835 4301
952 4 4081 4207 4362
953 4 3209 856 4248
954 4 927 505 3508
955 4 812 3066 4383
956 4 673 4271 4367
957 4 3574 838 4245
958 4 4184 948 4229
959 4 3745 868 4236
960 4 3451 815 4266
961 4 922 3152 4212
962 4 557 4313 4314
963 4 576 577 2736
964 4 3754 939 4094
965 4 777 4238 4380
966 4 2710 4184 4229
967 4 3152 922 4242
968 4 887 3733 4251
969 4 2727 2492 4175
970 4 3336 892 3337
971 4 4276 814 4307
972 4 3274 844 3276
973 4 3098 889 3100
974 4 3063 3064 3067
975 4 815 3451 4436
976 4 806 807 400
977 4 2932 4276 4307
978 4 4207 976 4362
979 4 704 705 2737
980 4 757 4233 4370
981 4 4294 2670 4416
982 4 4070 2657 4329
983 4 3733 887 4369
984 4 3545 808 4247
985 4 2722 3574 4245
986 4 833 718 3002
987 4 719 919 3002
988 4 3535 658 4241
989 4 950 3778 4268
990 4 948 2695 4121
991 4 2761 869 2762
992 4 954 2707 4128
993 4 821 4294 4416
994 4 2647 4179 4225
995 4 4214 2729 4338
996 4 2738 858 4311
997 4 4073 4081 4439
998 4 2695 948 4184
999 4 811 2696 4183
1000 4 698 699 3575
1001 4 577 834 2736
1002 4 4123 2662 4440
1003 4 2762 869 2763
1004 4 3778 950 4357
1005 4 844 3274 3277
1006 4 822 2922 4107
1007 4 885 4033 4279
1008 4 3068 812 3069
1009 4 858 2738 4379
1010 4 808 3545 4451
1011 4 864 2728 2729
1012 4 4090 850 4193
1013 4 1518 3070 4355
1014 4 2714 4253 4303
1015 4 4271 3595 4367
1016 4 658 3535 4458
1017 4 4216 803 4371
1018 4 3070 1518 4363
1019 4 935 3247 4163
1020 4 3337 892 4270
1021 4 808 667 4247
1022 4 2706 750 4179
1023 4 2648 2763 4338
1024 4 923 3658 4324
1025 4 2694 4114 4186
1026 4 2696 811 4273
1027 4 3658 4349 4372
1028 4 3658 923 4349
1029 4 682 683 3498
1030 4 792 969 4069
1031 4 962 791 4069
1032 4 4313 2682 4314
1033 4 553 844 3277
1034 4 945 552 3277
1035 4 3659 3658 4372
1036 4 888 2703 4407
1037 4 3539 853 4157
1038 4 503 504 3510
1039 4 4055 2473 4486
1040 4 3247 935 4221
1041 4 4217 954 4337
1042 4 878 4042 4457
1043 4 4253 881 4303
1044 4 2665 4283 4297
1045 4 3449 880 4145
1046 4 4232 3440 4298
1047 4 4238 3335 4380
1048 4 966 4214 4338
1049 4 4114 944 4186
1050 4 4259 636 4321
1051 4 794 972 4071
1052 4 823 2727 4175
1053 4 3273 3676 4394
1054 4 836 3504 4459
1055 4 806 400 401
1056 4 878 2668 4352
1057 4 921 2994 4231
1058 4 3507 2190 3509
1059 4 2690 3509 3866
1060 4 3189 4272 4305
1061 4 937 2705 4336
1062 4 835 3176 4267
1063 4 2709 842 3498
1064 4 803 804 4371
1065 4 4166 867 4281
1066 4 2705 2696 4273
1067 4 4233 2945 4370
1068 4 3176 835 4284
1069 4 4145 880 4228
1070 4 2705 937 4409
1071 4 2668 878 4457
1072 4 2998 919 3000
1073 4 901 2965 4419
1074 4 3190 3189 4305
1075 4 2702 877 2731
1076 4 3568 4237 4289
1077 4 2528 4230 4308
1078 4 2981 4217 4337
1079 4 843 3128 4188
1080 4 900 2717 4047
1081 4 2727 823 3383
1082 4 2707 954 4217
1083 4 924 3783 4102
1084 4 3754 4094 4168
1085 4 2994 921 4331
1086 4 2705 4273 4336
1087 4 840 2697 4255
1088 4 2648 2762 2763
1089 4 825 2737 4480
1090 4 919 2998 3002
1091 4 4053 4055 4486
1092 4 2726 951 2942
1093 4 969 793 4071
1094 4 3670 4145 4228
1095 4 3554 645 4433
1096 4 4094 817 4168
1097 4 2473 4055 4158
1098 4 4237 940 4289
1099 4 840 3371 4327
1100 4 873 2964 4048
1101 4 3100 889 4182
1102 4 645 3554 4430
1103 4 647 648 3699
1104 4 864 2729 4214
1105 4 2628 2469 2720
1106 4 2469 2692 2720
1107 4 2697 840 4327
1108 4 2783 858 4257
1109 4 3621 4287 4322
1110 4 2700 2701 2721
1111 4 2657 4070 4450
1112 4 3371 840 4413
1113 4 4110 3200 4461
1114 4 3128 843 4296
1115 4 929 698 3575
1116 4 699 838 3575
1117 4 4179 865 4225
1118 4 4392 903 4486
1119 4 519 520 3514
1120 4 3676 2097 4264
1121 4 3061 4293 4378
1122 4 3444 687 4381
1123 4 858 2783 4311
1124 4 2668 3745 4236
1125 4 3508 506 4175
1126 4 3509 2690 3510
1127 4 554 555 3278
1128 4 2715 941 4169
1129 4 4041 2796 4042
1130 4 4084 978 4472
1131 4 3274 3273 3277
1132 4 626 2935 4376
1133 4 3069 3676 4264
1134 4 978 4087 4171
1135 4 3496 2661 3497
1136 4 837 503 3510
1137 4 842 682 3498
1138 4 683 936 3498
1139 4 4283 925 4297
1140 4 4107 2687 4470
1141 4 2763 966 4338
1142 4 833 2994 4331
1143 4 855 2719 4377
1144 4 3383 823 4101
1145 4 903 4053 4486
1146 4 2935 626 4423
1147 4 504 927 3510
1148 4 4286 631 4334
1149 4 827 3604 4396
1150 4 2492 3508 4175
1151 4 931 4232 4298
1152 4 3604 827 4420
1153 4 3651 4259 4321
1154 4 687 3444 4405
1155 4 944 2714 4186
1156 4 4062 2656 4442
1157 4 2299 2709 4181
1158 4 923 3683 4301
1159 4 2721 2701 4358
1160 4 2994 833 4429
1161 4 2666 4368 4373
1162 4 2717 900 4263
1163 4 3683 923 4324
1164 4 4333 515 4364
1165 4 822 2920 2922
1166 4 2668 4236 4352
1167 4 814 2710 4229
1168 4 817 3568 4168
1169 4 2964 873 4262
1170 4 3276 844 3278
1171 4 2728 864 2730
1172 4 2714 944 4253
1173 4 3783 924 4192
1174 4 2711 766 4387
1175 4 4178 4239 4445
1176 4 4230 884 4308
1177 4 4178 968 4239
1178 4 949 647 3699
1179 4 648 845 3699
1180 4 2710 814 4276
1181 4 3497 2661 4409
1182 4 962 4069 4070
1183 4 877 742 2731
1184 4 742 743 2731
1185 4 805 401 4483
1186 4 4293 828 4378
1187 4 2657 2656 4329
1188 4 3383 4101 4155
1189 4 2942 951 4206
1190 4 843 4092 4296
1191 4 520 841 3514
1192 4 934 519 3514
1193 4 3067 3070 4363
1194 4 555 947 3278
1195 4 844 554 3278
1196 4 2998 2996 3002
1197 4 3568 817 4237
1198 4 4287 816 4322
1199 4 3442 4199 4244
1200 4 4101 930 4155
1201 4 3000 919 4151
1202 4 960 2719 4202
1203 4 2647 2706 4179
1204 4 2656 4062 4329
1205 4 965 4166 4328
1206 4 2962 714 4347
1207 4 2713 979 4317
1208 4 4368 958 4373
1209 4 3527 4333 4364
1210 4 3083 4319 4320
1211 4 531 532 4094
1212 4 926 2739 4438
1213 4 889 3098 4463
1214 4 875 2706 4412
1215 4 2736 834 4150
1216 4 853 4079 4157
1217 4 2709 3498 4181
1218 4 802 981 4411
1219 4 941 4113 4169
1220 4 2739 926 4453
1221 4 4033 4213 4386
1222 4 2688 2711 4387
1223 4 4199 839 4244
1224 4 909 2721 4358
1225 4 4071 972 4072
1226 4 4085 3539 4460
1227 4 4296 4092 4398
1228 4 2960 2962 4347
1229 4 2920 822 4215
1230 4 766 2711 4417
1231 4 660 661 4114
1232 4 3801 4286 4334
1233 4 3518 4198 4209
1234 4 934 3303 4456
1235 4 4069 4067 4070
1236 4 4195 2479 4203
1237 4 532 817 4094
1238 4 939 531 4094
1239 4 875 3566 4302
1240 4 937 3497 4409
1241 4 508 509 4101
1242 4 4169 4113 4250
1243 4 927 3509 3510
1244 4 971 4275 4278
1245 4 576 2736 4449
1246 4 930 3442 4155
1247 4 928 2722 4245
1248 4 3510 2690 4474
1249 4 850 2733 4193
1250 4 2463 2299 4181
1251 4 3525 4164 4170
1252 4 869 2761 4187
1253 4 818 660 4114
1254 4 661 944 4114
1255 4 957 2740 4317
1256 4 4319 955 4320
1257 4 4149 2604 4153
1258 4 2731 743 4154
1259 4 979 2713 4399
1260 4 509 930 4101
1261 4 823 508 4101
1262 4 862 3828 4172
1263 4 3693 4138 4143
1264 4 949 3726 4467
1265 4 4055 895 4158
1266 4 4072 972 4073
1267 4 422 4218 4222
1268 4 4211 460 4220
1269 4 852 2723 4243
1270 4 4157 4079 4285
1271 4 3442 930 4199
1272 4 943 547 3065
1273 4 547 548 3065
1274 4 2720 855 4234
1275 4 427 4177 4189
1276 4 4104 2769 4116
1277 4 714 2962 4447
1278 4 946 4119 4348
1279 4 4161 453 4167
1280 4 3566 875 4412
1281 4 601 602 894
1282 4 605 606 957
1283 4 3064 3065 3066
1284 4 2719 960 4377
1285 4 936 4109 4260
1286 4 2159 2713 2740
1287 4 3102 3100 4182
1288 4 2159 2658 2713
1289 4 432 4146 4152
1290 4 848 4123 4440
1291 4 2745 2534 2746
1292 4 4099 2793 4111
1293 4 1535 2100 2747
1294 4 1989 2767 2768
1295 4 2159 2144 2658
1296 4 3064 3066 3067
1297 4 993 991 2887
1298 4 1989 2766 2767
1299 4 2768 2770 4037
1300 4 2757 2012 4039
1301 4 2100 2534 2747
1302 4 988 985 2766
1303 4 1535 2747 2754
1304 4 599 600 977
1305 4 870 4104 4116
1306 4 2534 2745 2747
1307 4 2025 2002 2144
1308 4 2648 2379 2762
1309 4 2160 2159 2740
1310 4 1445 2002 2025
1311 4 2025 2144 2159
1312 4 1445 1440 2002
1313 4 996 993 2887
1314 4 991 1989 2887
1315 4 2743 2010 2744
1316 4 1989 988 2766
1317 4 2742 2757 4039
1318 4 2658 2144 2659
1319 4 2381 2759 2761
1320 4 2002 2010 2743
1321 4 2751 2801 4029
1322 4 985 983 2766
1323 4 2759 2381 2760
1324 4 2768 2767 2769
1325 4 2747 2745 4036
1326 4 2379 2381 2762
1327 4 1602 1598 4027
1328 4 1380 2754 4036
1329 4 2887 2768 4037
1330 4 2504 2751 4029
1331 4 1421 1440 1445
1332 4 3067 3066 3068
1333 4 3069 812 4224
1334 4 1471 2770 2772
1335 4 2752 1602 4027
1336 4 1989 2768 2887
1337 4 2160 2740 2741
1338 4 2770 1471 4037
1339 4 2745 2010 4036
1340 4 2755 2756 2760
1341 4 2748 2538 2805
1342 4 2756 2012 2757
1343 4 2756 2759 2760
1344 4 1421 1445 2012
1345 4 1373 2805 4020
1346 4 4023 2749 4024
1347 4 2748 2749 4023
1348 4 2755 2012 2756
1349 4 1421 2012 2755
1350 4 1379 1421 2755
1351 4 1376 1535 2754
1352 4 595 596 968
1353 4 2801 1602 4029
1354 4 2538 2748 4023
1355 4 1471 2772 4028
1356 4 2768 2769 2770
1357 4 4035 3690 4038
1358 4 1421 1380 1440
1359 4 2779 2620 4021
1360 4 2100 2533 2534
1361 4 2805 2538 4020
1362 4 1598 1361 4027
1363 4 1373 2764 2805
1364 4 1379 1380 1421
1365 4 608 609 890
1366 4 1379 1377 1380
1367 4 2779 2109 2781
1368 4 2042 4008 4025
1369 4 2781 2109 2782
1370 4 3067 3068 3070
1371 4 1361 1350 4032
1372 4 2171 2382 4001
1373 4 2754 2747 4036
1374 4 2382 2844 4001
1375 4 610 611 970
1376 4 2799 2764 2873
1377 4 2764 1373 2873
1378 4 1366 1376 1377
1379 4 597 598 885
1380 4 1319 1316 2790
1381 4 2109 2779 4021
1382 4 2381 2761 2762
1383 4 2382 2823 4015
1384 4 1366 1365 1376
1385 4 1363 1365 1366
1386 4 1378 1377 1379
1387 4 2381 2377 2760
1388 4 1534 1379 2755
1389 4 2917 2054 4019
1390 4 1316 1315 2790
1391 4 2798 1341 2866
1392 4 1341 2791 2866
1393 4 2784 2785 4017
1394 4 2170 2784 4017
1395 4 1363 1362 1365
1396 4 2359 2777 2778
1397 4 2777 2053 2778
1398 4 2765 1315 2798
1399 4 2823 4005 4015
1400 4 1315 2765 2790
1401 4 2540 2791 3998
1402 4 1376 1420 1535
1403 4 2798 2866 3932
1404 4 3969 2175 4014
1405 4 2791 1341 3998
1406 4 1292 1289 2797
1407 4 1377 1376 2754
1408 4 1287 1285 2789
1409 4 2002 1440 2010
1410 4 2786 1331 2788
1411 4 2108 2625 2782
1412 4 2168 2748 2805
1413 4 2539 2171 4001
1414 4 2109 2108 2782
1415 4 1535 2011 2100
1416 4 2785 2826 2836
1417 4 2100 2501 2533
1418 4 2619 2810 2812
1419 4 1380 1377 2754
1420 4 2539 4001 4007
1421 4 2844 2382 4015
1422 4 2790 2539 4007
1423 4 2777 2359 3929
1424 4 2800 2799 2873
1425 4 1602 2752 4029
1426 4 1357 1362 1363
1427 4 2765 2798 3932
1428 4 2770 2769 2771
1429 4 1986 2056 2809
1430 4 1986 2809 3853
1431 4 1351 1348 2800
1432 4 1289 1331 2797
1433 4 2778 2053 2851
1434 4 2756 2757 2758
1435 4 2168 2169 2748
1436 4 4008 2693 4025
1437 4 1331 2786 2797
1438 4 1596 2794 2795
1439 4 2794 2176 2795
1440 4 2851 1986 3853
1441 4 1348 1347 2800
1442 4 2666 2917 4019
1443 4 2812 2923 4006
1444 4 2808 1422 3819
1445 4 2542 2792 2796
1446 4 1331 1287 2789
1447 4 2792 2542 2808
1448 4 2952 2055 3917
1449 4 1319 2790 4007
1450 4 2619 2809 2810
1451 4 2541 3734 3931
1452 4 2788 1331 2789
1453 4 2938 4012 4013
1454 4 2620 2784 4021
1455 4 1366 1377 1378
1456 4 2619 2812 4006
1457 4 2748 2169 2749
1458 4 2795 2176 2806
1459 4 2778 2851 3853
1460 4 2167 3828 3958
1461 4 2055 2806 3917
1462 4 2803 1325 3122
1463 4 2826 2785 2880
1464 4 2832 2803 3122
1465 4 2806 2055 3759
1466 4 2968 2832 3122
1467 4 2794 1596 3889
1468 4 2797 2540 3998
1469 4 2177 2826 2880
1470 4 3734 1372 3931
1471 4 2785 2836 4017
1472 4 1308 4009 4016
1473 4 1600 1602 2801
1474 4 2789 3969 4014
1475 4 2792 2808 3819
1476 4 2802 1372 3734
1477 4 2841 2058 3710
1478 4 2165 2166 2168
1479 4 2789 1285 3969
1480 4 2804 2058 2841
1481 4 1618 2543 4004
1482 4 1352 1356 1357
1483 4 1357 1363 1371
1484 4 2781 2782 2783
1485 4 1315 1309 2798
1486 4 2379 2377 2381
1487 4 1292 2797 3998
1488 4 2168 2166 2169
1489 4 2795 2806 3759
1490 4 1357 1356 1362
1491 4 1309 1341 2798
1492 4 2552 2837 4002
1493 4 614 615 966
1494 4 1564 1566 2953
1495 4 591 592 965
1496 4 1372 2802 3013
1497 4 2811 2886 4016
1498 4 2821 2177 2880
1499 4 1376 1365 1420
1500 4 1350 1351 1352
1501 4 1352 1351 1356
1502 4 2862 1383 3182
1503 4 2808 2541 3931
1504 4 1618 2832 2968
1505 4 1603 1600 2801
1506 4 593 594 867
1507 4 2660 2110 2751
1508 4 1347 1585 2800
1509 4 2165 2764 2799
1510 4 2202 2841 3710
1511 4 1283 1284 2885
1512 4 1892 1845 2851
1513 4 2060 2807 3089
1514 4 2204 2952 3917
1515 4 2819 1283 2885
1516 4 2807 2813 3089
1517 4 2813 1605 3089
1518 4 3093 1605 3837
1519 4 2837 1338 4002
1520 4 2165 2168 2764
1521 4 612 613 869
1522 4 1605 2813 3837
1523 4 1350 1348 1351
1524 4 2803 2204 3919
1525 4 3013 2802 3307
1526 4 2810 2811 4016
1527 4 1274 1277 2884
1528 4 1422 2808 3931
1529 4 2204 3917 3919
1530 4 1587 2008 2165
1531 4 2058 2804 2953
1532 4 1274 2884 2982
1533 4 1343 1347 1348
1534 4 1378 1379 1534
1535 4 1271 1274 2982
1536 4 1585 2799 2800
1537 4 2059 2953 3880
1538 4 2549 3167 3851
1539 4 2196 2862 3182
1540 4 1585 1587 2799
1541 4 2832 1618 4004
1542 4 1587 2165 2799
1543 4 2165 2008 2166
1544 4 2809 2056 2810
1545 4 2196 2861 2862
1546 4 2196 2546 2861
1547 4 3167 1312 3851
1548 4 1349 1348 1350
1549 4 1232 1230 2856
1550 4 2861 2546 3772
1551 4 1325 2803 3919
1552 4 986 2387 2793
1553 4 2546 2807 3772
1554 4 1335 4000 4002
1555 4 2770 2771 2772
1556 4 1281 2816 2988
1557 4 1607 2177 2821
1558 4 1281 2988 3007
1559 4 1566 2058 2953
1560 4 1335 1342 1343
1561 4 2059 1564 2953
1562 4 2826 2835 2836
1563 4 1351 2800 2873
1564 4 2807 2060 3772
1565 4 2027 2628 2842
1566 4 2545 2059 3880
1567 4 1320 1322 2835
1568 4 2824 3013 3307
1569 4 1343 1342 1347
1570 4 2820 2885 2886
1571 4 2919 1560 3689
1572 4 1284 1308 2885
1573 4 2053 1892 2851
1574 4 2862 2545 3882
1575 4 1845 1986 2851
1576 4 2822 1560 2919
1577 4 2545 3880 3882
1578 4 2176 2548 2806
1579 4 2054 2777 4019
1580 4 2830 1538 2946
1581 4 1283 2819 2884
1582 4 2950 2570 3950
1583 4 1538 1539 2946
1584 4 2177 2825 2826
1585 4 1322 1338 2835
1586 4 2542 2541 2808
1587 4 2175 2794 4014
1588 4 758 759 868
1589 4 1524 2827 2828
1590 4 1521 1523 3123
1591 4 1277 1283 2884
1592 4 1347 1364 1585
1593 4 1517 1519 3148
1594 4 1383 2862 3882
1595 4 1230 1301 2856
1596 4 2764 2168 2805
1597 4 2389 989 2824
1598 4 1301 2815 2856
1599 4 2838 2553 3062
1600 4 618 619 964
1601 4 2199 3093 3837
1602 4 1330 1334 1335
1603 4 2815 1301 2950
1604 4 2836 1338 2837
1605 4 2833 2641 2834
1606 4 2177 1337 2825
1607 4 1281 1271 2982
1608 4 2751 2110 2801
1609 4 1609 1607 2821
1610 4 3167 2199 3838
1611 4 2625 2110 2660
1612 4 2227 2613 3964
1613 4 1335 1334 1342
1614 4 1214 1212 3011
1615 4 2574 2919 3689
1616 4 1322 1329 1330
1617 4 2199 3837 3838
1618 4 3349 2193 3824
1619 4 616 617 864
1620 4 1343 1348 1349
1621 4 2816 1281 2982
1622 4 1865 2848 2938
1623 4 2820 2886 4012
1624 4 2856 2549 3851
1625 4 697 698 929
1626 4 2167 3827 3828
1627 4 1330 1329 1334
1628 4 2835 1338 2836
1629 4 1560 2822 2946
1630 4 587 588 963
1631 4 2988 2195 3007
1632 4 2620 1988 2784
1633 4 2554 3786 3803
1634 4 2936 3885 3886
1635 4 2184 2065 3183
1636 4 1852 2855 3147
1637 4 2566 3569 3927
1638 4 4012 2811 4013
1639 4 2038 2641 2833
1640 4 3786 2322 3803
1641 4 1320 1321 1322
1642 4 2583 2183 2845
1643 4 1312 3167 3838
1644 4 589 590 862
1645 4 2389 2824 3307
1646 4 2583 2845 2846
1647 4 2193 2194 3012
1648 4 2182 3349 3824
1649 4 2193 3012 3824
1650 4 1585 1586 1587
1651 4 1600 1598 1602
1652 4 2156 2004 2869
1653 4 2855 2854 3147
1654 4 2066 2847 3747
1655 4 2847 2863 3747
1656 4 2553 2195 3787
1657 4 1349 1350 1361
1658 4 1232 2856 3851
1659 4 1617 1616 1988
1660 4 1617 1988 2620
1661 4 3170 2313 3171
1662 4 1322 1321 1329
1663 4 1538 2830 3123
1664 4 1866 2858 3092
1665 4 1539 1560 2946
1666 4 1615 1616 1617
1667 4 2826 2825 2835
1668 4 2839 1294 3012
1669 4 3082 1890 3822
1670 4 2854 1854 3147
1671 4 2041 2042 2823
1672 4 4000 2552 4002
1673 4 2195 2988 3787
1674 4 2825 1320 2835
1675 4 2970 3039 3881
1676 4 3082 2325 3083
1677 4 2110 1603 2801
1678 4 1524 2828 3148
1679 4 3044 2571 3228
1680 4 2863 2068 3747
1681 4 2827 1524 3123
1682 4 1077 1079 2852
1683 4 2936 2156 3885
1684 4 1525 2831 3569
1685 4 1523 1538 3123
1686 4 3171 2313 3650
1687 4 1615 1613 1616
1688 4 1320 1319 1321
1689 4 1524 1521 3123
1690 4 1305 2849 2850
1691 4 3170 2855 3836
1692 4 2831 1525 3148
1693 4 1519 1524 3148
1694 4 2842 2628 3827
1695 4 2918 2147 3866
1696 4 3362 3361 3870
1697 4 1525 1517 3148
1698 4 2997 2999 3864
1699 4 1295 2857 2976
1700 4 1318 1319 1320
1701 4 2007 2038 2039
1702 4 1854 2854 3077
1703 4 2040 2039 2041
1704 4 2003 2995 2997
1705 4 3062 2553 3787
1706 4 3039 3038 3881
1707 4 2791 2865 2866
1708 4 2382 2041 2823
1709 4 2849 1305 2864
1710 4 2313 3170 3836
1711 4 746 747 906
1712 4 2171 2041 2382
1713 4 2194 2839 3012
1714 4 2858 1866 2859
1715 4 2551 2818 2939
1716 4 1854 3077 3172
1717 4 1295 2976 3731
1718 4 1999 2181 2865
1719 4 1587 1588 2008
1720 4 2859 1866 3136
1721 4 1242 3038 3177
1722 4 2853 3110 3804
1723 4 2003 2997 3864
1724 4 3077 2881 3172
1725 4 2588 2189 2870
1726 4 2848 1865 2939
1727 4 2553 2838 3183
1728 4 2588 2870 2871
1729 4 1212 1294 3011
1730 4 2886 2811 4012
1731 4 2041 2039 2042
1732 4 2543 2841 4004
1733 4 2024 3861 3865
1734 4 1294 2839 3011
1735 4 2857 1295 2977
1736 4 2815 2950 3950
1737 4 1081 1083 2864
1738 4 1990 3004 3130
1739 4 2108 1603 2110
1740 4 3011 2840 3653
1741 4 1997 1999 2865
1742 4 3038 3036 3177
1743 4 2930 2113 2931
1744 4 2507 2930 2931
1745 4 3083 2325 3800
1746 4 2869 2621 3885
1747 4 1647 1649 3006
1748 4 1214 3011 3653
1749 4 3036 1386 3177
1750 4 2852 2853 3804
1751 4 989 987 2824
1752 4 3653 2840 3770
1753 4 2621 2780 3885
1754 4 2583 2846 2974
1755 4 2614 3923 3926
1756 4 1318 1316 1319
1757 4 1196 1194 2977
1758 4 2325 3082 3822
1759 4 3034 1386 3036
1760 4 2995 2003 3006
1761 4 2065 2553 3183
1762 4 2772 2771 2773
1763 4 1614 1613 1615
1764 4 2882 1890 3082
1765 4 2865 2181 2866
1766 4 2323 2849 3890
1767 4 1079 1305 2852
1768 4 1310 1315 1316
1769 4 2102 3871 3895
1770 4 2572 2975 2976
1771 4 1885 2990 2992
1772 4 2001 2006 2007
1773 4 2213 2215 3869
1774 4 2182 2845 3349
1775 4 3323 3322 3961
1776 4 2934 2156 2936
1777 4 3780 3709 3810
1778 4 715 716 921
1779 4 2102 3080 3081
1780 4 1613 1609 2821
1781 4 2867 2859 3136
1782 4 1481 1483 3769
1783 4 2845 2183 3349
1784 4 2904 2901 3756
1785 4 2556 2211 3288
1786 4 1644 3003 3043
1787 4 2858 2184 3183
1788 4 3005 3129 3130
1789 4 1999 2000 2001
1790 4 2554 2847 3786
1791 4 1611 1609 1613
1792 4 2900 2898 3723
1793 4 3287 2556 3288
1794 4 1305 2850 2852
1795 4 2347 2918 3866
1796 4 2572 2974 2975
1797 4 1305 1081 2864
1798 4 2904 1529 2907
1799 4 622 623 961
1800 4 2911 1530 2914
1801 4 1322 1330 1338
1802 4 1607 1337 2177
1803 4 1410 3362 3870
1804 4 1479 1481 2937
1805 4 1811 1808 3071
1806 4 2211 2213 3288
1807 4 2621 2620 2779
1808 4 1317 1316 1318
1809 4 1527 3044 3228
1810 4 1867 2867 3136
1811 4 2893 1468 2896
1812 4 1465 1467 3104
1813 4 2881 1858 3172
1814 4 2007 2039 2040
1815 4 1299 1309 1310
1816 4 1476 2900 3723
1817 4 1529 2904 3756
1818 4 2728 2503 2729
1819 4 2322 2323 3803
1820 4 2818 2848 2939
1821 4 3111 3110 3876
1822 4 1616 2821 2880
1823 4 3004 3005 3130
1824 4 2937 1481 3769
1825 4 2893 2891 3593
1826 4 1468 2893 3593
1827 4 2810 2056 2811
1828 4 2847 2066 3786
1829 4 1310 1309 1315
1830 4 2914 3314 3802
1831 4 1295 1196 2977
1832 4 2572 2571 3044
1833 4 2855 1852 3836
1834 4 1485 1487 3313
1835 4 1334 2843 2915
1836 4 620 621 858
1837 4 2556 3287 3289
1838 4 1227 1229 3107
1839 4 1890 2882 3090
1840 4 2780 2779 2781
1841 4 1318 1320 2825
1842 4 583 584 960
1843 4 3029 1245 3032
1844 4 2891 3318 3593
1845 4 2569 2950 3328
1846 4 2976 2975 3731
1847 4 2588 2871 2872
1848 4 2867 1867 2874
1849 4 3092 2858 3183
1850 4 2007 2006 2038
1851 4 2001 2000 2006
1852 4 2704 3101 3102
1853 4 2891 2889 3318
1854 4 2474 2024 3865
1855 4 1858 2881 3091
1856 4 2870 2189 3806
1857 4 2978 2018 3045
1858 4 2916 2054 2917
1859 4 1997 1998 1999
1860 4 1337 1318 2825
1861 4 2784 1988 2785
1862 4 1293 1298 1299
1863 4 1803 1868 3790
1864 4 2003 1647 3006
1865 4 1299 1298 1309
1866 4 2068 2863 3810
1867 4 3003 3004 3043
1868 4 2889 1469 3318
1869 4 3569 2831 3927
1870 4 3949 1735 3971
1871 4 2888 1469 2889
1872 4 2990 1885 3103
1873 4 1885 2992 3006
1874 4 1388 2948 3239
1875 4 1077 2852 3804
1876 4 3288 2213 3869
1877 4 2583 2974 3887
1878 4 2191 2551 2939
1879 4 2872 3314 3846
1880 4 1999 1998 2000
1881 4 2588 2872 3846
1882 4 1388 2947 2948
1883 4 1386 3034 3107
1884 4 2806 2548 3917
1885 4 2978 2318 2979
1886 4 2907 1529 2937
1887 4 2944 2508 2945
1888 4 2096 2951 2954
1889 4 1529 1479 2937
1890 4 1290 1292 1293
1891 4 2040 2041 2171
1892 4 3040 1224 3041
1893 4 585 586 855
1894 4 2885 1308 2886
1895 4 2791 2173 2865
1896 4 2046 2156 2934
1897 4 2420 3101 3249
1898 4 2974 3044 3887
1899 4 2951 2521 2954
1900 4 3101 2704 3249
1901 4 2054 2053 2777
1902 4 1293 1292 1298
1903 4 2613 3820 3964
1904 4 2268 2267 3222
1905 4 2708 2980 3366
1906 4 3038 1242 3881
1907 4 3314 2872 3802
1908 4 3004 1990 3043
1909 4 1649 1885 3006
1910 4 1999 2001 2181
1911 4 3110 2853 3876
1912 4 1455 1457 3283
1913 4 1245 3029 3041
1914 4 3345 3902 3922
1915 4 2051 2054 2916
1916 4 3009 1934 3834
1917 4 2173 1997 2865
1918 4 1224 1225 3041
1919 4 2979 2318 3222
1920 4 1828 2191 3764
1921 4 2921 2069 3290
1922 4 1845 1844 1986
1923 4 1651 1653 3103
1924 4 2914 1530 3313
1925 4 1003 1005 3289
1926 4 2985 2987 3397
1927 4 2863 3780 3810
1928 4 2953 2804 3880
1929 4 2987 2104 3397
1930 4 2561 2560 2940
1931 4 3757 2942 3758
1932 4 1867 1811 3071
1933 4 1468 1465 3104
1934 4 2189 1907 3806
1935 4 2896 1468 3104
1936 4 3289 1368 3767
1937 4 1288 1289 1290
1938 4 1299 3888 3913
1939 4 2947 1388 3409
1940 4 1290 1289 1292
1941 4 2562 3797 3813
1942 4 2051 2053 2054
1943 4 2949 2947 3409
1944 4 1996 1995 1997
1945 4 2318 2978 3045
1946 4 1808 1807 3071
1947 4 2933 2708 3366
1948 4 744 745 861
1949 4 1858 3091 3169
1950 4 2864 1083 3817
1951 4 2652 3046 3473
1952 4 1219 1221 3146
1953 4 3032 1245 3107
1954 4 1595 1994 1995
1955 4 1868 2969 3790
1956 4 2966 2018 2978
1957 4 2420 3099 3101
1958 4 3080 2460 3081
1959 4 1286 1287 1288
1960 4 790 791 962
1961 4 1229 1386 3107
1962 4 1998 1995 3080
1963 4 1616 1613 2821
1964 4 2950 1301 3328
1965 4 581 582 852
1966 4 2242 2687 2922
1967 4 1593 1594 1595
1968 4 2051 1892 2053
1969 4 627 628 958
1970 4 1997 1995 1998
1971 4 3847 1593 3863
1972 4 3046 2652 3819
1973 4 1837 1836 1844
1974 4 2637 2254 2644
1975 4 1575 1572 2933
1976 4 1837 1844 1845
1977 4 2046 2004 2156
1978 4 1807 3790 3857
1979 4 1451 1453 3291
1980 4 2898 3104 3723
1981 4 3937 3205 3967
1982 4 1856 2957 2989
1983 4 2039 2038 2833
1984 4 1591 1592 1593
1985 4 1487 1531 3313
1986 4 2373 3323 3961
1987 4 1530 1485 3313
1988 4 2072 3111 3120
1989 4 1288 1287 1289
1990 4 2901 2900 3756
1991 4 2540 2173 2791
1992 4 2102 1998 3080
1993 4 2941 2036 3280
1994 4 2026 2985 3397
1995 4 719 720 919
1996 4 1483 1530 3769
1997 4 3803 2323 3890
1998 4 1368 2972 3767
1999 4 3008 3009 3834
2000 4 579 580 959
2001 4 1245 1227 3107
2002 4 522 523 935
2003 4 3797 2977 3813
2004 4 1224 3040 3146
2005 4 1310 1316 1317
2006 4 2569 2570 2950
2007 4 2882 2314 3090
2008 4 3104 1467 3723
2009 4 3674 3076 3709
2010 4 1579 2015 2926
2011 4 1286 1285 1287
2012 4 1284 1285 1286
2013 4 1469 2888 3283
2014 4 2900 1476 3756
2015 4 2191 2939 3764
2016 4 1225 1245 3041
2017 4 624 625 847
2018 4 2999 3003 3864
2019 4 1346 2949 3409
2020 4 3021 1387 3235
2021 4 1885 1651 3103
2022 4 1572 1571 2933
2023 4 1960 2152 3079
2024 4 2940 2560 3079
2025 4 2949 1346 3330
2026 4 2977 1194 3813
2027 4 1530 2911 3769
2028 4 1422 3046 3819
2029 4 444 445 870
2030 4 2113 1911 3877
2031 4 2570 2919 3950
2032 4 2930 2507 2932
2033 4 2147 2690 3866
2034 4 2024 3859 3861
2035 4 2973 3802 3815
2036 4 1593 1592 1594
2037 4 3287 1003 3289
2038 4 2957 1856 3541
2039 4 487 488 920
2040 4 1576 2055 2952
2041 4 1595 1594 1994
2042 4 1595 1995 1996
2043 4 3361 2918 3870
2044 4 1215 1217 3042
2045 4 2477 3087 3623
2046 4 3071 1807 3857
2047 4 2924 3839 3840
2048 4 2926 2015 2927
2049 4 1334 1329 2843
2050 4 2038 2447 2641
2051 4 2026 2983 2985
2052 4 3087 3085 3623
2053 4 1996 1997 2173
2054 4 2914 3313 3314
2055 4 1277 1279 1280
2056 4 2071 2943 3223
2057 4 1590 1582 1591
2058 4 2818 2819 2820
2059 4 1835 1834 1836
2060 4 1574 1576 2952
2061 4 1300 3674 3709
2062 4 491 492 922
2063 4 2027 2469 2628
2064 4 2625 2660 2738
2065 4 1580 1581 1582
2066 4 1284 1280 1285
2067 4 1317 1318 1337
2068 4 1591 1582 1592
2069 4 2820 2819 2885
2070 4 1362 1356 1373
2071 4 2318 2268 3222
2072 4 1835 1836 1837
2073 4 2267 2647 3222
2074 4 1611 1613 1614
2075 4 2874 1867 3071
2076 4 3012 1294 3226
2077 4 1457 1469 3283
2078 4 2017 2018 2966
2079 4 3076 3610 3708
2080 4 2069 2921 3291
2081 4 1267 1269 3007
2082 4 3873 2350 3874
2083 4 1268 1265 2968
2084 4 2218 2957 3541
2085 4 1387 3021 3042
2086 4 2972 1368 3644
2087 4 3709 3708 3810
2088 4 2830 2946 3242
2089 4 2941 2942 3757
2090 4 2069 3283 3290
2091 4 1578 1579 1580
2092 4 1653 1856 3103
2093 4 3111 2072 3373
2094 4 2069 1455 3283
2095 4 1269 1281 3007
2096 4 1833 1832 1834
2097 4 1527 3580 3887
2098 4 1005 1368 3289
2099 4 1283 1280 1284
2100 4 3871 2724 3895
2101 4 1274 1276 1277
2102 4 3099 2420 3221
2103 4 1213 1215 3536
2104 4 1856 2989 3103
2105 4 2644 2254 2920
2106 4 1215 3042 3536
2107 4 2772 2773 2774
2108 4 1833 1834 1835
2109 4 2198 3115 3116
2110 4 1277 1276 1279
2111 4 4011 2170 4017
2112 4 1833 1890 3090
2113 4 2818 2817 2819
2114 4 1891 1845 1892
2115 4 2773 2771 2776
2116 4 3076 3708 3709
2117 4 2699 3757 3758
2118 4 2562 2870 3806
2119 4 1221 1224 3146
2120 4 3861 2441 3865
2121 4 2551 2817 2818
2122 4 3085 2290 3623
2123 4 1290 1293 1311
2124 4 1831 1833 3090
2125 4 1831 1832 1833
2126 4 2931 2113 3877
2127 4 2946 2822 3242
2128 4 3954 2374 3976
2129 4 1217 1387 3042
2130 4 1807 1803 3790
2131 4 2197 2941 3280
2132 4 3091 3010 3169
2133 4 2198 3116 3117
2134 4 2992 2991 2993
2135 4 1580 1579 1581
2136 4 3215 2234 3216
2137 4 1831 1829 1832
2138 4 2181 2001 3872
2139 4 2866 2181 3932
2140 4 2636 2882 2883
2141 4 1576 1577 1578
2142 4 2992 2995 3006
2143 4 1617 2620 2621
2144 4 2216 1959 3117
2145 4 1271 1273 1274
2146 4 2680 3170 3171
2147 4 1387 1219 3146
2148 4 2208 2508 2944
2149 4 2943 2071 3291
2150 4 1453 2069 3291
2151 4 2152 2940 3079
2152 4 2207 2206 2208
2153 4 1290 1311 2923
2154 4 3084 2290 3085
2155 4 3306 2972 3644
2156 4 2636 2314 2882
2157 4 1934 3830 3834
2158 4 2021 1892 2051
2159 4 1274 1273 1276
2160 4 2843 1355 2844
2161 4 3216 2234 3217
2162 4 2983 2026 3386
2163 4 449 450 899
2164 4 2519 2051 2916
2165 4 2007 2040 3872
2166 4 2963 2157 2964
2167 4 632 633 955
2168 4 1269 1270 1271
2169 4 1827 1828 1829
2170 4 2990 2961 2991
2171 4 1986 1844 2056
2172 4 2071 1451 3291
2173 4 992 1372 3013
2174 4 1265 1264 2968
2175 4 1291 3074 3075
2176 4 2019 2157 2963
2177 4 2209 2208 2210
2178 4 1827 1826 1828
2179 4 3680 3175 3681
2180 4 1578 1577 1579
2181 4 1288 1290 2923
2182 4 1268 2968 3122
2183 4 1271 1270 1273
2184 4 2852 2850 2853
2185 4 1574 1575 1576
2186 4 3215 3143 3640
2187 4 1291 3072 3074
2188 4 1994 2460 3080
2189 4 2951 2096 3818
2190 4 2989 2990 3103
2191 4 1615 1617 2869
2192 4 2023 2475 2971
2193 4 1329 1321 1355
2194 4 471 472 912
2195 4 3008 2440 3009
2196 4 1303 2973 3815
2197 4 574 575 956
2198 4 751 752 865
2199 4 2175 2176 2794
2200 4 1590 1591 1596
2201 4 2143 2440 3008
2202 4 577 578 834
2203 4 1269 1268 1270
2204 4 1570 1571 1572
2205 4 1279 1385 2175
2206 4 1267 1268 1269
2207 4 2993 2991 2994
2208 4 2198 1960 3079
2209 4 2234 3215 3640
2210 4 2186 2572 2976
2211 4 2603 2490 3823
2212 4 2162 2707 2708
2213 4 1825 1826 1827
2214 4 2939 1865 3764
2215 4 3797 2562 3806
2216 4 2204 2057 2952
2217 4 2857 2186 2976
2218 4 2244 2242 2922
2219 4 1573 1572 1574
2220 4 3475 1172 3761
2221 4 1825 1824 1826
2222 4 3358 1307 3718
2223 4 3014 1236 3017
2224 4 2551 2816 2817
2225 4 1580 1582 1590
2226 4 1418 1018 3807
2227 4 2212 2210 2732
2228 4 1959 2198 3117
2229 4 2957 2220 2958
2230 4 3944 2610 3947
2231 4 2191 2550 2551
2232 4 1568 1569 1570
2233 4 1828 2063 2191
2234 4 629 630 830
2235 4 1095 1097 3075
2236 4 2610 2611 3947
2237 4 467 468 910
2238 4 1576 1575 1577
2239 4 994 993 995
2240 4 3029 3027 3041
2241 4 1574 1572 1575
2242 4 1264 1618 2968
2243 4 2958 2961 2989
2244 4 2680 2679 3170
2245 4 1259 1264 1265
2246 4 1638 1639 1640
2247 4 1284 1286 1308
2248 4 1830 1829 1831
2249 4 3010 1861 3169
2250 4 2205 2019 2206
2251 4 2290 3084 3649
2252 4 637 638 953
2253 4 2990 2991 2992
2254 4 741 742 877
2255 4 3084 3088 3649
2256 4 1267 1265 1268
2257 4 2989 2961 2990
2258 4 2556 3289 3767
2259 4 3700 3118 3779
2260 4 2923 2812 4009
2261 4 2057 1574 2952
2262 4 2156 2869 3885
2263 4 2686 3063 3412
2264 4 1823 1822 1824
2265 4 1823 1824 1825
2266 4 753 754 901
2267 4 2591 3072 3648
2268 4 2678 2677 2679
2269 4 3275 2033 3376
2270 4 1636 1637 1638
2271 4 461 462 876
2272 4 2678 2679 2680
2273 4 3162 3223 3687
2274 4 2881 2673 3091
2275 4 3072 1291 3648
2276 4 3063 2013 3412
2277 4 2958 2960 2961
2278 4 3206 1525 3569
2279 4 1566 1567 1568
2280 4 3881 3133 3920
2281 4 2023 2474 2475
2282 4 1570 1569 1571
2283 4 2217 3109 3373
2284 4 1257 1258 1259
2285 4 2205 2206 2207
2286 4 3034 3032 3107
2287 4 1576 1578 2055
2288 4 2398 2396 3221
2289 4 1824 2838 3062
2290 4 2096 1922 3818
2291 4 1821 1822 1823
2292 4 2830 2827 3123
2293 4 2203 2057 2204
2294 4 2049 3681 3682
2295 4 1097 1291 3075
2296 4 1197 1199 3295
2297 4 3078 2569 3328
2298 4 2218 2220 2957
2299 4 1836 1834 2938
2300 4 3027 3040 3041
2301 4 739 740 909
2302 4 1821 1820 1822
2303 4 1994 2101 2460
2304 4 1531 3480 3846
2305 4 2157 2017 2966
2306 4 1571 2162 2933
2307 4 3315 2895 3316
2308 4 1866 1815 3136
2309 4 3638 2913 3645
2310 4 3269 2486 3796
2311 4 1083 1085 3817
2312 4 2216 3117 3118
2313 4 1916 1861 3010
2314 4 1259 1258 1264
2315 4 1266 1265 1267
2316 4 3165 2071 3223
2317 4 2673 2671 3091
2318 4 2433 2688 3112
2319 4 2883 3082 3083
2320 4 2971 2475 3150
2321 4 992 991 993
2322 4 1418 3269 3796
2323 4 2200 2983 3386
2324 4 2957 2958 2989
2325 4 3656 3655 3682
2326 4 2913 2973 3645
2327 4 2926 2927 2928
2328 4 1564 1565 1566
2329 4 1387 3146 3235
2330 4 2405 2394 3094
2331 4 1815 1813 3136
2332 4 3075 3076 3674
2333 4 3231 3730 3798
2334 4 2992 2993 2995
2335 4 2906 3400 3475
2336 4 2894 2897 3317
2337 4 1816 1820 1821
2338 4 1255 1256 1257
2339 4 2818 2820 2848
2340 4 1816 1815 1820
2341 4 1277 1280 1283
2342 4 2675 2881 3077
2343 4 2207 2208 2209
2344 4 990 992 3013
2345 4 1575 2933 3366
2346 4 1296 3626 3638
2347 4 1568 1567 1569
2348 4 3129 3125 3130
2349 4 1555 2060 3089
2350 4 3859 3009 3861
2351 4 3025 3022 3235
2352 4 2037 3174 3175
2353 4 2958 2959 2960
2354 4 2676 2675 2677
2355 4 1907 2185 3806
2356 4 3329 2949 3330
2357 4 1448 1449 3165
2358 4 995 997 3046
2359 4 755 756 873
2360 4 1209 1211 3106
2361 4 1814 1815 1816
2362 4 1814 1813 1815
2363 4 1257 1256 1258
2364 4 2676 2677 2678
2365 4 2679 2854 2855
2366 4 2895 2894 3317
2367 4 3610 1925 3708
2368 4 1226 1223 3078
2369 4 2021 2519 3800
2370 4 2973 1303 3645
2371 4 1660 2218 3541
2372 4 3223 2943 3687
2373 4 2162 2708 2933
2374 4 1834 1865 2938
2375 4 1236 3014 3106
2376 4 3316 2895 3317
2377 4 1249 1252 3114
2378 4 1383 1254 3182
2379 4 2674 2673 2675
2380 4 3269 1418 3807
2381 4 2044 3193 3194
2382 4 3626 2913 3638
2383 4 2920 2244 2922
2384 4 3266 3267 3641
2385 4 1645 1647 2003
2386 4 1566 1565 1567
2387 4 2895 3315 3490
2388 4 2072 3113 3373
2389 4 1551 1605 3093
2390 4 3045 2018 3164
2391 4 1236 1213 3536
2392 4 1296 3400 3579
2393 4 2478 2314 2636
2394 4 659 660 818
2395 4 2312 1886 2314
2396 4 1553 1555 3089
2397 4 1638 1637 1639
2398 4 1247 1249 3114
2399 4 1967 1965 3173
2400 4 1812 1813 1814
2401 4 1812 1858 3169
2402 4 1309 1298 1341
2403 4 1643 1629 3557
2404 4 1296 3579 3626
2405 4 2037 3175 3680
2406 4 2065 1381 2195
2407 4 1513 1515 3206
2408 4 2049 3680 3681
2409 4 2475 2474 2667
2410 4 2672 2671 2673
2411 4 1253 1254 1255
2412 4 2195 1381 3007
2413 4 2037 3173 3174
2414 4 3162 1313 3326
2415 4 1812 1811 1813
2416 4 710 711 924
2417 4 1559 1561 1562
2418 4 2674 2675 2676
2419 4 1381 1267 3007
2420 4 3159 1448 3165
2421 4 2037 1967 3173
2422 4 995 993 996
2423 4 2209 2210 2211
2424 4 1255 1254 1256
2425 4 3315 1297 3490
2426 4 2044 3194 3195
2427 4 2197 2726 2941
2428 4 3713 1326 3720
2429 4 1810 1812 3169
2430 4 1549 1551 3093
2431 4 1466 1464 3193
2432 4 1640 1639 1641
2433 4 1570 1572 1573
2434 4 2198 3079 3115
2435 4 3275 3276 3652
2436 4 481 482 851
2437 4 2672 2673 2674
2438 4 454 455 874
2439 4 1636 1635 1637
2440 4 1557 1558 1559
2441 4 1449 2071 3165
2442 4 1991 1992 3047
2443 4 1053 1055 3234
2444 4 3161 3162 3326
2445 4 1640 1641 1642
2446 4 3400 2906 3579
2447 4 1634 1635 1636
2448 4 3208 3209 3549
2449 4 1834 1832 1865
2450 4 1249 1250 1251
2451 4 1264 1324 1618
2452 4 1412 3088 3281
2453 4 2044 1466 3193
2454 4 2787 3847 3863
2455 4 3655 2049 3682
2456 4 1254 1251 3182
2457 4 3267 2597 3641
2458 4 3109 3111 3373
2459 4 1113 3897 3916
2460 4 2314 1886 3090
2461 4 788 789 897
2462 4 1820 1866 3092
2463 4 2031 1963 2971
2464 4 2941 2726 2942
2465 4 572 573 829
2466 4 3143 1393 3640
2467 4 569 570 954
2468 4 1253 1251 1254
2469 4 1582 1581 2924
2470 4 1464 1462 3192
2471 4 1573 1574 2057
2472 4 1393 3143 3295
2473 4 1563 1562 1564
2474 4 3075 3074 3076
2475 4 3105 2482 3740
2476 4 3220 1358 3719
2477 4 1635 1633 3120
2478 4 509 510 930
2479 4 1564 1562 1565
2480 4 1419 3105 3740
2481 4 2670 2671 2672
2482 4 530 531 939
2483 4 1893 1635 3120
2484 4 1810 1811 1812
2485 4 1555 1556 1557
2486 4 1837 1845 1891
2487 4 493 494 835
2488 4 2522 2114 2632
2489 4 2489 2491 2630
2490 4 1247 1248 1249
2491 4 2217 3108 3109
2492 4 1442 1444 3163
2493 4 1565 1562 3280
2494 4 1339 1092 3749
2495 4 2036 1565 3280
2496 4 1211 1236 3106
2497 4 3186 2032 3246
2498 4 1934 3009 3859
2499 4 3137 1235 3139
2500 4 1810 1808 1811
2501 4 1559 1558 1561
2502 4 3272 3275 3376
2503 4 528 529 879
2504 4 2014 3760 3791
2505 4 1250 2196 3182
2506 4 1375 3287 3288
2507 4 1580 1590 3759
2508 4 2218 2219 2220
2509 4 1249 1248 1250
2510 4 1223 1222 3078
2511 4 775 776 900
2512 4 2670 2103 2671
2513 4 1804 1803 1807
2514 4 2243 3368 3370
2515 4 1209 3106 3354
2516 4 1804 1807 1808
2517 4 1800 1802 3121
2518 4 1566 1568 2058
2519 4 2902 3358 3718
2520 4 2995 2993 2996
2521 4 1241 1246 1247
2522 4 2883 2882 3082
2523 4 3368 2531 3370
2524 4 1252 1251 1253
2525 4 441 442 871
2526 4 2404 2430 2431
2527 4 2431 2433 3112
2528 4 2070 2252 3115
2529 4 2217 1382 3108
2530 4 1464 3192 3193
2531 4 477 478 854
2532 4 2203 2204 2803
2533 4 3829 2130 3849
2534 4 1557 1556 1558
2535 4 1553 1554 1555
2536 4 2036 2941 3757
2537 4 3118 3117 3779
2538 4 1073 1074 1075
2539 4 1094 1339 3224
2540 4 2104 2987 3777
2541 4 2107 3131 3556
2542 4 1802 1803 1804
2543 4 2974 2846 2975
2544 4 1448 3159 3163
2545 4 1269 1271 1281
2546 4 3088 1412 3649
2547 4 3557 3558 3684
2548 4 3022 3021 3235
2549 4 1499 1501 3228
2550 4 2441 3240 3241
2551 4 3304 3513 3643
2552 4 1247 1246 1248
2553 4 2055 1578 3759
2554 4 2154 2561 3134
2555 4 1515 1525 3206
2556 4 1439 1442 3470
2557 4 1802 1801 1803
2558 4 2142 2143 3008
2559 4 1936 1935 2023
2560 4 1257 3762 3795
2561 4 2215 2652 3869
2562 4 995 996 997
2563 4 1233 1242 3177
2564 4 2420 2398 3221
2565 4 2201 2142 2341
2566 4 1442 3163 3470
2567 4 2260 2257 3781
2568 4 3330 1346 3606
2569 4 475 476 914
2570 4 1828 1826 2063
2571 4 1075 1076 1077
2572 4 1634 1633 1635
2573 4 2577 3208 3359
2574 4 1199 1393 3295
2575 4 1055 1336 3234
2576 4 3232 1336 3233
2577 4 2947 2341 2948
2578 4 2543 2804 2841
2579 4 2985 2986 2987
2580 4 727 728 915
2581 4 2208 2206 2508
2582 4 1705 1703 3268
2583 4 2396 2405 3221
2584 4 2233 2357 3217
2585 4 1571 2161 2162
2586 4 2828 2831 3148
2587 4 1231 1233 3177
2588 4 1238 1240 1241
2589 4 3621 2250 3743
2590 4 1235 1197 3295
2591 4 1555 1554 1556
2592 4 992 993 994
2593 4 1640 1644 3043
2594 4 2906 3475 3761
2595 4 2404 2391 2430
2596 4 991 988 1989
2597 4 1936 2023 2971
2598 4 2679 2677 2854
2599 4 999 1001 1375
2600 4 1474 1472 3197
2601 4 800 801 980
2602 4 1444 1448 3163
2603 4 2179 2199 3167
2604 4 2211 2210 2212
2605 4 3830 2948 3834
2606 4 3684 3558 3685
2607 4 1071 1072 1073
2608 4 1622 1620 3372
2609 4 2440 2439 2441
2610 4 1551 1552 1553
2611 4 1995 1994 3080
2612 4 2162 2698 2707
2613 4 688 689 933
2614 4 1241 1240 1246
2615 4 2598 3713 3720
2616 4 3161 3326 3327
2617 4 2143 2439 2440
2618 4 1800 1801 1802
2619 4 2974 2572 3044
2620 4 1235 3137 3319
2621 4 1297 3285 3490
2622 4 3096 3099 3221
2623 4 654 655 946
2624 4 1800 1799 1801
2625 4 1549 1550 1551
2626 4 1289 1287 1331
2627 4 694 695 822
2628 4 1233 1237 1238
2629 4 3802 2872 3815
2630 4 3166 2686 3412
2631 4 1827 1829 1830
2632 4 3491 2564 3537
2633 4 3037 3038 3039
2634 4 2983 2984 2985
2635 4 1928 2205 3306
2636 4 1561 2197 3280
2637 4 1148 1146 3327
2638 4 2433 2525 2688
2639 4 1629 2107 3557
2640 4 1703 1700 3476
2641 4 2819 2817 2884
2642 4 2405 3094 3095
2643 4 3208 2043 3359
2644 4 2925 2928 2929
2645 4 1798 1799 1800
2646 4 1644 1642 1645
2647 4 3268 1703 3476
2648 4 3187 3186 3246
2649 4 3047 1992 3048
2650 4 2140 2142 2201
2651 4 2500 2262 3673
2652 4 1462 2020 3192
2653 4 2405 3096 3221
2654 4 1259 1265 1266
2655 4 1512 1509 3166
2656 4 3197 3195 3199
2657 4 699 700 838
2658 4 1638 1640 3043
2659 4 551 552 945
2660 4 1798 1797 1799
2661 4 2461 2735 2736
2662 4 1077 1078 1079
2663 4 2036 3757 3776
2664 4 2430 2391 3307
2665 4 2321 3329 3330
2666 4 2802 2430 3307
2667 4 3671 1961 3686
2668 4 1238 1237 1240
2669 4 1081 1080 1082
2670 4 643 644 821
2671 4 1250 1327 2196
2672 4 1231 1232 1233
2673 4 1559 1562 1563
2674 4 1809 1808 1810
2675 4 1077 1076 1078
2676 4 3266 1874 3268
2677 4 3154 1470 3155
2678 4 2565 1905 3168
2679 4 1874 3266 3641
2680 4 1336 3232 3234
2681 4 1553 1552 1554
2682 4 1313 3162 3687
2683 4 1545 1546 1547
2684 4 2201 2341 2947
2685 4 1075 1074 1076
2686 4 2234 2233 3217
2687 4 1628 1625 3113
2688 4 1474 3197 3198
2689 4 2191 2063 2550
2690 4 2140 2201 3329
2691 4 456 457 904
2692 4 2185 2857 3797
2693 4 2296 2830 3242
2694 4 2718 3334 3590
2695 4 656 657 882
2696 4 1833 1835 1890
2697 4 1796 1797 1798
2698 4 2140 2141 2142
2699 4 1079 1078 1080
2700 4 3035 3036 3037
2701 4 553 554 844
2702 4 1563 1564 2059
2703 4 1501 1527 3228
2704 4 1548 1547 1549
2705 4 2551 2550 2816
2706 4 1640 1642 1644
2707 4 3689 1543 3706
2708 4 1162 1160 3286
2709 4 2985 2984 2986
2710 4 1344 3119 3572
2711 4 1605 1553 3089
2712 4 2018 1927 3164
2713 4 1824 1822 2838
2714 4 1570 1573 3710
2715 4 1226 3078 3328
2716 4 1551 1550 1552
2717 4 3017 1236 3536
2718 4 3037 3036 3038
2719 4 2627 2046 2934
2720 4 1233 1232 1237
2721 4 3040 3025 3235
2722 4 2065 2195 2553
2723 4 1796 1795 1797
2724 4 1229 1230 1231
2725 4 1549 1547 1550
2726 4 1039 3572 3700
2727 4 418 419 967
2728 4 2354 3345 3516
2729 4 1266 1267 1381
2730 4 1375 1001 3287
2731 4 3168 1513 3206
2732 4 661 662 944
2733 4 463 464 908
2734 4 1065 3491 3537
2735 4 3345 3341 3516
2736 4 634 635 826
2737 4 1927 1392 3164
2738 4 2774 2773 2775
2739 4 3033 3034 3035
2740 4 2201 2949 3329
2741 4 2392 2391 2404
2742 4 1027 3144 3207
2743 4 3035 3034 3036
2744 4 2103 1916 3010
2745 4 3506 3522 3625
2746 4 1874 1705 3268
2747 4 3151 3150 3152
2748 4 2199 2061 3093
2749 4 1543 1544 1545
2750 4 1304 3377 3426
2751 4 2219 2471 3061
2752 4 1794 1795 1796
2753 4 447 448 872
2754 4 2114 1991 3047
2755 4 1227 1228 1229
2756 4 1231 1230 1232
2757 4 1070 1069 1071
2758 4 2341 2142 3008
2759 4 2918 2347 3870
2760 4 1509 1508 3166
2761 4 1918 1370 1919
2762 4 3033 3032 3034
2763 4 1279 1276 1385
2764 4 1555 1557 2060
2765 4 2200 2642 2983
2766 4 1550 1547 3386
2767 4 1699 1696 3430
2768 4 2675 2673 2881
2769 4 2671 3010 3091
2770 4 1632 1633 1634
2771 4 1794 1793 1795
2772 4 1633 2072 3120
2773 4 2031 2971 3150
2774 4 2560 2070 3115
2775 4 3030 3032 3033
2776 4 1027 1029 3144
2777 4 3234 3671 3686
2778 4 1541 1542 1543
2779 4 3139 1235 3295
2780 4 783 784 895
2781 4 1073 1072 1074
2782 4 2518 2103 2670
2783 4 1920 1919 1991
2784 4 785 786 907
2785 4 3074 3073 3610
2786 4 3350 1370 3429
2787 4 3131 2107 3555
2788 4 2599 3414 3415
2789 4 1384 1247 3114
2790 4 1620 2217 3372
2791 4 3263 1699 3430
2792 4 1229 1228 1230
2793 4 1435 1437 3360
2794 4 2061 1549 3093
2795 4 1088 1089 1417
2796 4 1905 1526 3168
2797 4 1792 1793 1794
2798 4 2489 2490 2491
2799 4 2026 1550 3386
2800 4 3513 3248 3643
2801 4 646 647 949
2802 4 1539 1540 1541
2803 4 1755 1749 3297
2804 4 498 499 827
2805 4 1561 2158 2197
2806 4 2222 3145 3297
2807 4 1416 1033 3338
2808 4 2983 2642 2984
2809 4 1369 3570 3605
2810 4 2431 2432 2433
2811 4 2210 2208 2944
2812 4 3211 2076 3410
2813 4 1799 1870 3205
2814 4 2197 2662 2726
2815 4 1225 1226 1227
2816 4 3855 1796 3862
2817 4 1817 1800 3121
2818 4 1792 1791 1793
2819 4 1241 1384 3133
2820 4 1083 1082 1084
2821 4 3188 3189 3190
2822 4 2351 3462 3463
2823 4 2179 2061 2199
2824 4 1391 1072 3387
2825 4 641 642 952
2826 4 1545 1544 1546
2827 4 3030 3029 3032
2828 4 3120 3111 3876
2829 4 1273 1270 1325
2830 4 1088 1417 1902
2831 4 1241 1247 1384
2832 4 2565 3168 3206
2833 4 1227 1226 1228
2834 4 683 684 936
2835 4 3217 2357 3218
2836 4 3285 1297 3286
2837 4 2175 1385 2176
2838 4 3028 3029 3030
2839 4 2138 2139 2140
2840 4 2679 2855 3170
2841 4 639 640 849
2842 4 1101 1103 3214
2843 4 2824 990 3013
2844 4 2142 2141 2143
2845 4 1253 1255 1272
2846 4 1928 2019 2205
2847 4 2569 2178 2570
2848 4 2058 1568 3710
2849 4 3179 3350 3429
2850 4 1071 1069 1072
2851 4 1300 3709 3780
2852 4 1790 1791 1792
2853 4 1079 1080 1081
2854 4 1872 3255 3257
2855 4 1207 1209 3354
2856 4 2571 1908 3213
2857 4 2009 2070 2154
2858 4 1347 1342 1364
2859 4 2076 3211 3399
2860 4 990 991 992
2861 4 1823 1825 1852
2862 4 1458 2032 3186
2863 4 2435 2431 3112
2864 4 2400 2420 3249
2865 4 1221 1222 1223
2866 4 2136 2321 3153
2867 4 2510 2509 3212
2868 4 1895 2178 2569
2869 4 3026 3027 3028
2870 4 1551 1553 1605
2871 4 1543 1542 1544
2872 4 433 434 898
2873 4 3634 2496 3705
2874 4 3213 1499 3228
2875 4 1790 1789 1791
2876 4 1021 1023 3219
2877 4 1541 1540 1542
2878 4 2671 2103 3010
2879 4 3522 1864 3625
2880 4 1820 1815 1866
2881 4 1103 1106 3214
2882 4 3028 3027 3029
2883 4 3204 1369 3605
2884 4 407 408 978
2885 4 3326 1148 3327
2886 4 2431 2430 2432
2887 4 1225 1223 1226
2888 4 2394 2392 3094
2889 4 3113 1625 3372
2890 4 1072 1069 3387
2891 4 2135 2134 2136
2892 4 3046 997 3473
2893 4 3188 3190 3191
2894 4 1249 1251 1252
2895 4 1768 1818 3270
2896 4 2243 2240 3742
2897 4 1633 1631 2072
2898 4 2857 2977 3797
2899 4 2489 2488 2490
2900 4 1023 1358 3219
2901 4 2321 2138 3329
2902 4 2152 2700 2702
2903 4 3178 2260 3781
2904 4 1219 1220 1221
2905 4 1523 1536 1537
2906 4 2491 2490 2603
2907 4 1459 1458 1460
2908 4 1795 1873 3227
2909 4 2549 2179 3167
2910 4 3286 1160 3355
2911 4 1461 1460 1462
2912 4 1813 1811 1867
2913 4 1788 1849 3292
2914 4 3322 1396 3363
2915 4 1788 1789 1790
2916 4 3334 2419 3590
2917 4 1581 1579 2926
2918 4 1521 1522 1523
2919 4 1891 1892 2021
2920 4 3479 3204 3605
2921 4 3211 3236 3399
2922 4 3414 2599 3438
2923 4 1786 1788 3292
2924 4 999 1375 3473
2925 4 2487 2488 2489
2926 4 1539 1537 1540
2927 4 2616 3388 3389
2928 4 1470 3154 3360
2929 4 2136 2137 2138
2930 4 438 439 883
2931 4 2152 2702 2940
2932 4 3233 1336 3457
2933 4 3236 1913 3399
2934 4 1766 1768 3270
2935 4 1788 1787 1789
2936 4 1538 1537 1539
2937 4 1896 1416 1897
2938 4 1694 1692 3367
2939 4 2206 2019 2963
2940 4 2154 2560 2561
2941 4 2093 1916 2103
2942 4 3072 2592 3073
2943 4 1217 1218 1219
2944 4 1221 1220 1222
2945 4 1297 1162 3286
2946 4 1146 1304 3327
2947 4 1081 1082 1083
2948 4 3026 3025 3027
2949 4 1358 1025 3207
2950 4 3272 3274 3275
2951 4 2020 3187 3188
2952 4 2601 1950 3203
2953 4 1908 1528 3213
2954 4 2632 2114 3047
2955 4 1829 1828 3764
2956 4 1632 1631 1633
2957 4 1025 1027 3207
2958 4 1414 3179 3429
2959 4 1224 1223 1225
2960 4 1776 1806 3279
2961 4 1519 1520 1521
2962 4 3580 1505 3622
2963 4 3113 3372 3373
2964 4 3175 3174 3176
2965 4 1251 1250 3182
2966 4 3760 2635 3791
2967 4 2136 2138 2321
2968 4 1256 1254 1383
2969 4 1457 1456 1458
2970 4 1898 1897 1899
2971 4 1540 1537 3376
2972 4 1067 1068 1069
2973 4 1307 3317 3718
2974 4 3275 3274 3276
2975 4 1545 1547 1548
2976 4 2404 2431 2435
2977 4 3300 3304 3381
2978 4 3024 3025 3026
2979 4 3072 3073 3074
2980 4 1422 995 3046
2981 4 1717 1714 3282
2982 4 1219 1218 1220
2983 4 2033 1540 3376
2984 4 546 547 943
2985 4 1772 1839 3293
2986 4 1960 2151 2152
2987 4 1913 3236 3238
2988 4 2571 3213 3228
2989 4 1242 1238 3133
2990 4 2033 3275 3652
2991 4 2155 2154 3134
2992 4 2491 2603 2604
2993 4 1786 1787 1788
2994 4 3220 3737 3750
2995 4 1816 1821 1854
2996 4 1041 1040 1042
2997 4 3572 3118 3700
2998 4 1913 3238 3424
2999 4 1641 2322 3702
3000 4 1899 1900 2009
3001 4 1778 1780 3225
3002 4 1928 2017 2019
3003 4 564 565 951
3004 4 511 512 839
3005 4 1470 1439 3470
3006 4 3327 1304 3426
3007 4 3214 2591 3648
3008 4 3281 3088 3570
3009 4 1517 1518 1519
3010 4 1085 1087 1088
3011 4 1472 2044 3197
3012 4 3020 3021 3022
3013 4 1559 1563 3662
3014 4 1523 1522 1536
3015 4 1909 2589 3355
3016 4 2223 3184 3282
3017 4 1073 1075 1314
3018 4 3018 3019 3020
3019 4 2390 2389 2391
3020 4 1871 3250 3253
3021 4 3320 1396 3322
3022 4 1215 1216 1217
3023 4 1238 1241 3133
3024 4 562 563 848
3025 4 1830 1831 1886
3026 4 2135 2136 3153
3027 4 555 556 947
3028 4 1326 3537 3720
3029 4 2132 2134 2135
3030 4 1071 1073 3108
3031 4 1521 1520 1522
3032 4 650 651 948
3033 4 685 686 816
3034 4 1782 1783 1784
3035 4 1009 1011 3305
3036 4 1784 1783 3294
3037 4 1786 1784 1787
3038 4 1813 1867 3136
3039 4 1032 1416 1896
3040 4 2655 2654 2656
3041 4 1974 1976 3462
3042 4 737 738 856
3043 4 1573 2202 3710
3044 4 3079 2560 3115
3045 4 1515 1516 1517
3046 4 1851 3499 3506
3047 4 1217 1216 1218
3048 4 3020 3019 3021
3049 4 1548 1549 2061
3050 4 1546 2200 3386
3051 4 1382 1071 3108
3052 4 708 709 836
3053 4 2079 2577 3359
3054 4 1645 1642 1646
3055 4 2609 3312 3417
3056 4 3818 3270 3842
3057 4 3210 1842 3331
3058 4 2520 2517 2654
3059 4 3480 1491 3586
3060 4 1386 1231 3177
3061 4 1455 1454 1456
3062 4 1459 1460 1461
3063 4 1774 1776 3279
3064 4 1213 1214 1215
3065 4 2405 3095 3096
3066 4 1770 1772 3293
3067 4 3015 3017 3018
3068 4 663 664 881
3069 4 1222 1895 3078
3070 4 3109 1314 3110
3071 4 3024 3022 3025
3072 4 1645 1646 1647
3073 4 1749 1748 3297
3074 4 3044 1527 3887
3075 4 1960 1958 2151
3076 4 3018 3017 3019
3077 4 3283 2888 3290
3078 4 3145 1755 3297
3079 4 2921 2943 3291
3080 4 1641 2067 2322
3081 4 3757 2699 3776
3082 4 1019 1021 3181
3083 4 1812 1814 1858
3084 4 1782 1781 1783
3085 4 2591 2352 2592
3086 4 2732 2210 2944
3087 4 721 722 832
3088 4 1513 1514 1515
3089 4 2075 3414 3438
3090 4 1758 1760 3243
3091 4 1959 1958 1960
3092 4 2076 3360 3410
3093 4 1032 1033 1416
3094 4 1519 1518 1520
3095 4 3140 3143 3215
3096 4 1229 1231 1386
3097 4 1993 1991 2114
3098 4 2686 2716 3063
3099 4 2516 2515 2517
3100 4 1803 1801 1868
3101 4 1048 1046 1370
3102 4 2570 2822 2919
3103 4 1233 1238 1242
3104 4 2043 3208 3549
3105 4 1155 1154 1156
3106 4 2575 2578 3751
3107 4 2194 2565 2566
3108 4 3377 1304 3419
3109 4 1043 1042 1044
3110 4 1215 1214 1216
3111 4 1091 1300 3596
3112 4 1437 1470 3360
3113 4 3137 2369 3319
3114 4 1766 1767 1768
3115 4 1211 1212 1213
3116 4 2593 3377 3419
3117 4 2958 2220 2959
3118 4 1094 1092 1339
3119 4 1210 1208 3226
3120 4 1517 1516 1518
3121 4 3388 2616 3413
3122 4 1511 1512 1513
3123 4 2513 2510 3212
3124 4 1700 1699 3476
3125 4 1768 1769 1770
3126 4 1294 1210 3226
3127 4 1546 2105 2200
3128 4 1618 1324 2543
3129 4 2152 2151 2700
3130 4 3570 3055 3605
3131 4 3341 1887 3516
3132 4 3308 3309 3310
3133 4 1727 2225 3331
3134 4 2568 3014 3015
3135 4 1457 1458 1459
3136 4 1193 1195 3319
3137 4 1358 3207 3719
3138 4 3115 2252 3116
3139 4 1455 1456 1457
3140 4 2849 2864 3890
3141 4 458 459 863
3142 4 2591 2592 3072
3143 4 2115 2522 3714
3144 4 567 568 824
3145 4 3106 2567 3354
3146 4 1394 1096 3224
3147 4 1776 1777 1778
3148 4 1507 1508 1509
3149 4 1539 1541 1560
3150 4 2374 2567 2568
3151 4 1070 1071 1382
3152 4 1213 1212 1214
3153 4 1770 1771 1772
3154 4 2107 3556 3557
3155 4 3023 3022 3024
3156 4 1643 3557 3684
3157 4 3198 3197 3199
3158 4 3255 1872 3367
3159 4 2567 2235 3354
3160 4 1780 1781 1782
3161 4 3015 3014 3017
3162 4 1762 1763 1764
3163 4 1463 1462 1464
3164 4 1766 1764 1767
3165 4 2020 3188 3192
3166 4 1222 1395 1895
3167 4 1780 1779 1781
3168 4 1195 1235 3319
3169 4 2573 3515 3636
3170 4 1209 1210 1211
3171 4 3239 2948 3830
3172 4 2150 2685 2686
3173 4 1778 1779 1780
3174 4 1778 1777 1779
3175 4 3304 2016 3381
3176 4 534 535 940
3177 4 1515 1514 1516
3178 4 2030 3446 3447
3179 4 1774 1775 1776
3180 4 2654 2517 3180
3181 4 1625 1622 3372
3182 4 1843 1767 3365
3183 4 1636 1638 1990
3184 4 3193 3191 3194
3185 4 1772 1773 1774
3186 4 1067 1069 1070
3187 4 1895 2064 2178
3188 4 2076 1435 3360
3189 4 2060 1557 3662
3190 4 1776 1775 1777
3191 4 1453 1454 1455
3192 4 1768 1767 1769
3193 4 1760 1761 1762
3194 4 1073 1314 3108
3195 4 2216 3118 3119
3196 4 1696 1872 3430
3197 4 2839 2566 2840
3198 4 1510 1509 1511
3199 4 1634 1636 3124
3200 4 2030 3445 3446
3201 4 2487 2486 2488
3202 4 3208 2734 3209
3203 4 3181 1021 3219
3204 4 2402 2400 3249
3205 4 1660 1889 2218
3206 4 1884 1759 3348
3207 4 1211 1210 1212
3208 4 1770 1769 1771
3209 4 1785 1784 1786
3210 4 3238 3407 3424
3211 4 2589 3286 3355
3212 4 1153 1152 1154
3213 4 3142 3215 3216
3214 4 1924 2352 2591
3215 4 1513 1512 1514
3216 4 1536 3272 3376
3217 4 560 561 950
3218 4 1804 1808 1809
3219 4 2568 2567 3014
3220 4 1590 2795 3759
3221 4 1767 1764 3365
3222 4 1505 1506 1507
3223 4 3184 1717 3282
3224 4 3155 1470 3470
3225 4 1264 1258 1324
3226 4 1774 1773 1775
3227 4 1453 1452 1454
3228 4 1762 1761 1763
3229 4 1758 1759 1760
3230 4 1690 1687 3398
3231 4 2890 2889 2891
3232 4 1011 1014 3305
3233 4 1955 1954 1956
3234 4 1772 1771 1773
3235 4 1207 1208 1209
3236 4 1865 1832 3764
3237 4 1461 1462 1463
3238 4 2132 2133 2134
3239 4 3138 3139 3140
3240 4 1307 1168 3316
3241 4 2686 2685 2716
3242 4 2194 1905 2565
3243 4 2351 1974 3462
3244 4 1760 1759 1761
3245 4 416 417 971
3246 4 3108 1314 3109
3247 4 2193 1905 2194
3248 4 1203 1204 1205
3249 4 1511 1509 1512
3250 4 1806 1778 3225
3251 4 3063 2716 3064
3252 4 1562 1561 3280
3253 4 1957 1956 1958
3254 4 2200 2493 2642
3255 4 1021 1022 1023
3256 4 3362 1410 3873
3257 4 1472 1466 2044
3258 4 1631 1628 3113
3259 4 2225 3210 3331
3260 4 761 762 878
3261 4 1029 1032 3144
3262 4 1759 1757 3348
3263 4 3226 1208 3523
3264 4 3298 3300 3381
3265 4 1029 1031 1032
3266 4 2374 2235 2567
3267 4 3132 3048 3675
3268 4 2019 2017 2157
3269 4 2590 2890 3285
3270 4 1040 1369 3204
3271 4 1991 1919 1992
3272 4 1503 1504 1505
3273 4 3140 3139 3143
3274 4 1209 1208 1210
3275 4 1048 1370 1918
3276 4 1217 1219 1387
3277 4 1523 1537 1538
3278 4 1758 1757 1759
3279 4 3142 3140 3215
3280 4 1201 1202 1203
3281 4 1756 1805 3351
3282 4 1924 2348 2352
3283 4 3138 3137 3139
3284 4 1714 1713 3282
3285 4 1199 1200 1201
3286 4 1823 1852 3147
3287 4 1872 1694 3367
3288 4 2262 1901 3149
3289 4 2375 3137 3138
3290 4 1459 1461 3318
3291 4 2357 2235 2374
3292 4 1895 2569 3078
3293 4 1344 3666 3679
3294 4 1592 2924 3840
3295 4 1307 3316 3317
3296 4 2009 2154 2155
3297 4 1756 1757 1758
3298 4 2130 2131 2132
3299 4 1945 1947 3229
3300 4 2391 2389 3307
3301 4 2892 2891 2893
3302 4 1902 1417 2554
3303 4 3219 1358 3220
3304 4 1799 1797 1870
3305 4 1501 1502 1503
3306 4 1508 2150 3166
3307 4 1155 1156 1157
3308 4 990 988 991
3309 4 2033 3652 3677
3310 4 2468 2260 3809
3311 4 1765 1764 1766
3312 4 1039 1038 1040
3313 4 1507 1506 1508
3314 4 1193 1194 1195
3315 4 1197 1198 1199
3316 4 1153 1154 1155
3317 4 2186 2571 2572
3318 4 3096 3095 3097
3319 4 3357 2291 3616
3320 4 1754 1756 3351
3321 4 1918 1919 1920
3322 4 1195 1196 1197
3323 4 1519 1521 1524
3324 4 1904 1526 1905
3325 4 2524 3621 3743
3326 4 1526 1511 3168
3327 4 2163 2096 2954
3328 4 414 415 973
3329 4 994 995 1422
3330 4 2631 2113 2930
3331 4 1207 1205 1208
3332 4 1872 3257 3430
3333 4 3312 2083 3417
3334 4 1637 1635 1893
3335 4 1861 1810 3169
3336 4 1952 1954 1955
3337 4 2030 3447 3459
3338 4 1499 1500 1501
3339 4 1203 1202 1204
3340 4 3126 3131 3555
3341 4 2484 2482 3105
3342 4 703 704 825
3343 4 425 426 893
3344 4 1396 3320 3395
3345 4 1699 3263 3476
3346 4 1512 3166 3412
3347 4 1206 1205 1207
3348 4 2577 2734 3208
3349 4 1536 3271 3272
3350 4 1756 1755 1757
3351 4 3141 3140 3142
3352 4 1851 3506 3625
3353 4 1462 1460 2020
3354 4 1497 1498 1499
3355 4 1225 1227 1245
3356 4 2272 3499 3578
3357 4 495 496 923
3358 4 1189 1190 1191
3359 4 2375 2369 3137
3360 4 1899 1897 1900
3361 4 1990 1638 3043
3362 4 2082 3308 3310
3363 4 1156 1909 3355
3364 4 2140 2139 2141
3365 4 500 501 926
3366 4 1454 2016 3244
3367 4 1798 1800 1817
3368 4 1201 1200 1202
3369 4 1926 1928 3306
3370 4 3179 1414 3479
3371 4 1959 1960 2198
3372 4 1193 1191 1194
3373 4 3121 1802 3711
3374 4 1041 1042 1043
3375 4 1950 1952 3203
3376 4 1056 1359 3396
3377 4 3028 3030 3031
3378 4 1505 1504 1506
3379 4 1692 1871 3367
3380 4 2328 2499 3547
3381 4 681 682 842
3382 4 1451 1452 1453
3383 4 1886 1831 3090
3384 4 1795 1793 1873
3385 4 3125 3124 3130
3386 4 2590 2889 2890
3387 4 3146 3040 3235
3388 4 1877 1721 3325
3389 4 3339 1887 3341
3390 4 1931 1930 1932
3391 4 2637 3634 3705
3392 4 2517 2643 3180
3393 4 2151 1958 3548
3394 4 1106 1924 3214
3395 4 3730 2578 3798
3396 4 1199 1198 1200
3397 4 1493 1494 1495
3398 4 2115 2114 2522
3399 4 1496 1495 1497
3400 4 516 517 820
3401 4 3443 2526 3444
3402 4 1221 1223 1224
3403 4 3500 3503 3506
3404 4 2185 1908 2186
3405 4 1653 1655 1856
3406 4 2136 2134 2137
3407 4 1929 1930 1931
3408 4 1754 1755 1756
3409 4 1019 1020 1021
3410 4 1170 1307 3358
3411 4 1515 1517 1525
3412 4 1151 1150 1152
3413 4 1458 1456 2032
3414 4 1036 1412 3281
3415 4 1187 1188 1189
3416 4 2233 1260 2235
3417 4 2429 2428 2703
3418 4 1503 1502 1504
3419 4 1192 1191 1193
3420 4 3160 3165 3223
3421 4 3320 2271 3395
3422 4 435 436 886
3423 4 1197 1196 1198
3424 4 3195 3194 3196
3425 4 1630 1628 1631
3426 4 1871 3253 3367
3427 4 2150 2686 3166
3428 4 1096 1094 3224
3429 4 1195 1194 1196
3430 4 549 550 812
3431 4 1151 1402 3369
3432 4 1528 1497 3213
3433 4 1592 1582 2924
3434 4 2312 2314 2478
3435 4 2480 2293 3357
3436 4 2514 2513 2515
3437 4 3225 1780 3585
3438 4 428 429 902
3439 4 1507 1509 1510
3440 4 1511 1513 3168
3441 4 3272 3273 3274
3442 4 2186 1908 2571
3443 4 2095 1922 2096
3444 4 3250 1871 3398
3445 4 2890 2891 2892
3446 4 2894 2893 2896
3447 4 1068 1398 2337
3448 4 1501 1500 1502
3449 4 1261 1159 3356
3450 4 1809 1810 1861
3451 4 2082 1978 3308
3452 4 1721 1719 3325
3453 4 1881 1741 3353
3454 4 1159 1161 3356
3455 4 483 484 918
3456 4 1014 1392 1926
3457 4 733 734 853
3458 4 1754 1749 1755
3459 4 1947 2014 3751
3460 4 2589 2558 2590
3461 4 1716 1718 3411
3462 4 2590 2888 2889
3463 4 1185 1186 1187
3464 4 2574 3689 3706
3465 4 3445 3391 3446
3466 4 2589 2590 3285
3467 4 2138 2140 3329
3468 4 648 649 845
3469 4 2587 3480 3586
3470 4 1563 2221 3662
3471 4 1499 1498 1500
3472 4 1931 1932 1933
3473 4 1497 1495 1498
3474 4 1943 2075 3438
3475 4 1250 1248 1327
3476 4 2582 3580 3622
3477 4 1909 2558 2589
3478 4 725 726 843
3479 4 1211 1213 1236
3480 4 1746 1745 1748
3481 4 1883 2091 2222
3482 4 2138 2137 2139
3483 4 1948 2601 3611
3484 4 3666 2601 3679
3485 4 2370 2369 2375
3486 4 2296 2827 2830
3487 4 1805 1758 3243
3488 4 1208 1205 3523
3489 4 1510 1511 1526
3490 4 3101 3100 3102
3491 4 1068 2337 3387
3492 4 1160 1157 3355
3493 4 1792 1794 1819
3494 4 1086 1084 1353
3495 4 1189 1188 1190
3496 4 652 653 814
3497 4 2194 2566 2839
3498 4 489 490 831
3499 4 794 795 972
3500 4 1854 1821 3147
3501 4 1151 1152 1153
3502 4 3020 3022 3023
3503 4 2082 3310 3311
3504 4 430 431 891
3505 4 2520 2654 2655
3506 4 1904 1905 2193
3507 4 2406 2402 2428
3508 4 1491 1492 1493
3509 4 1907 1528 1908
3510 4 3305 3306 3644
3511 4 1896 1897 1898
3512 4 2568 3015 3016
3513 4 1741 1739 3353
3514 4 2293 2291 3357
3515 4 1451 1450 1452
3516 4 1449 1450 1451
3517 4 532 533 817
3518 4 1839 1774 3279
3519 4 1744 1743 1745
3520 4 1746 1748 1749
3521 4 2516 2517 2520
3522 4 3127 3125 3129
3523 4 3352 2593 3419
3524 4 3773 1418 3796
3525 4 2892 2893 2894
3526 4 3652 2494 3677
3527 4 3230 3229 3231
3528 4 1157 1156 3355
3529 4 1728 1727 3331
3530 4 1501 1503 1527
3531 4 1869 3388 3413
3532 4 764 765 884
3533 4 2839 2840 3011
3534 4 1670 1668 3454
3535 4 1014 1926 3305
3536 4 1744 1745 1746
3537 4 1776 1778 1806
3538 4 1161 1160 1162
3539 4 2502 3332 3336
3540 4 1919 1370 3350
3541 4 2009 1900 2070
3542 4 2898 2896 3104
3543 4 1187 1186 1188
3544 4 2111 1911 2113
3545 4 3084 3057 3088
3546 4 1952 1953 1954
3547 4 1816 1854 3172
3548 4 1955 1956 1957
3549 4 3333 3334 3335
3550 4 1687 1686 3398
3551 4 1448 1447 1449
3552 4 558 559 819
3553 4 2388 989 2389
3554 4 1498 1495 3445
3555 4 1159 1157 1160
3556 4 1689 1691 3296
3557 4 1678 1887 3339
3558 4 3682 3681 3683
3559 4 1772 1774 1839
3560 4 1163 1162 1164
3561 4 3372 2217 3373
3562 4 1083 1084 1085
3563 4 2703 2428 2704
3564 4 1848 1766 3270
3565 4 1370 1046 3429
3566 4 2399 2398 2400
3567 4 2205 2972 3306
3568 4 1768 1770 1818
3569 4 1183 1184 1185
3570 4 1871 1690 3398
3571 4 1497 1499 3213
3572 4 1149 1148 1150
3573 4 2263 2500 3565
3574 4 2196 1327 2546
3575 4 3300 3303 3304
3576 4 1742 1741 1743
3577 4 1858 1814 3172
3578 4 1033 1035 3338
3579 4 1943 1945 2075
3580 4 1142 1139 3352
3581 4 1579 1577 2015
3582 4 1149 1150 1151
3583 4 1712 1711 1713
3584 4 1789 1787 1841
3585 4 1818 1770 3293
3586 4 1260 1207 3354
3587 4 3162 3160 3223
3588 4 465 466 859
3589 4 2423 2421 3346
3590 4 1742 1743 1744
3591 4 2075 3229 3230
3592 4 1748 1882 1883
3593 4 3332 3333 3336
3594 4 3499 1851 3578
3595 4 1883 2090 2091
3596 4 1821 1823 3147
3597 4 1493 1492 1494
3598 4 1168 1166 3316
3599 4 420 421 896
3600 4 1444 1446 1447
3601 4 2368 1389 2369
3602 4 1899 2009 3149
3603 4 2514 2515 2516
3604 4 1166 3315 3316
3605 4 1630 1631 1632
3606 4 1710 1709 1711
3607 4 731 732 913
3608 4 3230 3231 3232
3609 4 2030 1498 3445
3610 4 1493 1495 1496
3611 4 1170 1168 1307
3612 4 2075 1945 3229
3613 4 3333 2419 3334
3614 4 1149 1151 3369
3615 4 1496 1497 1528
3616 4 3119 1344 3679
3617 4 2502 2417 3332
3618 4 3158 3159 3160
3619 4 2349 1970 3609
3620 4 1203 1205 1206
3621 4 3515 1052 3636
3622 4 1718 1846 3411
3623 4 540 541 880
3624 4 1449 1447 1450
3625 4 1185 1184 1186
3626 4 2517 2515 2643
3627 4 1740 1739 1741
3628 4 2185 2186 2857
3629 4 1402 1153 3564
3630 4 1489 1490 1491
3631 4 2233 2235 2357
3632 4 2485 2486 2487
3633 4 1206 1207 1260
3634 4 1199 1201 1393
3635 4 1620 1382 2217
3636 4 1017 1019 1367
3637 4 1164 1297 3315
3638 4 1204 1306 2182
3639 4 1085 1084 1086
3640 4 1508 2149 2150
3641 4 3716 2603 3823
3642 4 1904 2193 3349
3643 4 3313 1531 3314
3644 4 1039 1040 1041
3645 4 1876 2089 2223
3646 4 3377 3156 3426
3647 4 1782 1784 1785
3648 4 1929 1353 1930
3649 4 3407 2077 3424
3650 4 1204 2182 3523
3651 4 1740 1741 1742
3652 4 2150 2683 2685
3653 4 1718 1717 1719
3654 4 1710 1711 1712
3655 4 1720 1719 1721
3656 4 2401 2400 2402
3657 4 1907 1908 2185
3658 4 1156 1154 1390
3659 4 1689 1687 1690
3660 4 1933 1935 1936
3661 4 3679 3203 3694
3662 4 1708 1707 1709
3663 4 1876 2087 2089
3664 4 1023 1024 1025
3665 4 2490 2488 2600
3666 4 2610 2363 2611
3667 4 2960 2959 2962
3668 4 3160 3159 3165
3669 4 1853 1786 3292
3670 4 1788 1790 1849
3671 4 1738 1737 1739
3672 4 1416 3338 3614
3673 4 1044 1414 3429
3674 4 1708 1709 1710
3675 4 2611 3356 3521
3676 4 2029 3126 3555
3677 4 1909 2557 2558
3678 4 1181 1182 1183
3679 4 1736 1735 1737
3680 4 1722 1721 1723
3681 4 1713 1875 1876
3682 4 1956 1954 2043
3683 4 1727 1888 2225
3684 4 2499 3534 3535
3685 4 1978 1980 3308
3686 4 537 538 815
3687 4 1668 2084 3454
3688 4 679 680 937
3689 4 1098 1096 1394
3690 4 3321 3320 3322
3691 4 544 545 809
3692 4 1161 1162 1163
3693 4 2369 1389 3319
3694 4 2317 2268 2318
3695 4 3305 1926 3306
3696 4 1933 1932 1935
3697 4 1463 1464 1465
3698 4 1753 1749 1754
3699 4 3308 2083 3309
3700 4 2225 2226 2227
3701 4 3138 3140 3141
3702 4 1712 1713 1714
3703 4 1734 1733 1735
3704 4 1957 1958 1959
3705 4 1706 1707 1708
3706 4 1159 1160 1161
3707 4 2317 2318 3045
3708 4 1095 3075 3674
3709 4 1106 1415 1924
3710 4 1044 1042 1414
3711 4 2083 1982 3417
3712 4 1738 1739 1740
3713 4 770 771 889
3714 4 3404 3407 3487
3715 4 1719 3184 3325
3716 4 410 411 974
3717 4 2250 2247 3347
3718 4 1091 1093 1300
3719 4 1045 1044 1046
3720 4 1465 1464 1466
3721 4 1976 2082 3462
3722 4 3557 3556 3558
3723 4 1156 1390 1909
3724 4 1724 1723 1725
3725 4 2335 2120 3461
3726 4 1163 1164 1165
3727 4 1057 1059 3457
3728 4 3321 3322 3323
3729 4 1785 1786 1853
3730 4 2225 1888 2226
3731 4 1035 1354 3338
3732 4 1165 1164 1166
3733 4 3243 1760 3591
3734 4 3027 3025 3040
3735 4 2227 2360 2613
3736 4 3500 3502 3503
3737 4 3119 3118 3572
3738 4 1367 1019 3181
3739 4 1732 1731 1733
3740 4 2093 2103 2518
3741 4 2337 1398 2605
3742 4 1158 1157 1159
3743 4 2074 2918 3361
3744 4 1736 1737 1738
3745 4 3161 3160 3162
3746 4 1980 2083 3308
3747 4 1183 1182 1184
3748 4 1716 1714 1717
3749 4 2565 3206 3569
3750 4 1139 1138 3352
3751 4 1814 1816 3172
3752 4 1185 1397 3324
3753 4 2423 3346 3427
3754 4 3188 3187 3189
3755 4 3390 3392 3451
3756 4 1474 3198 3618
3757 4 1453 1455 2069
3758 4 1240 1237 1312
3759 4 1164 1162 1297
3760 4 1888 1725 3408
3761 4 1748 1883 3297
3762 4 1487 1488 1489
3763 4 2227 2226 2360
3764 4 1185 1187 1397
3765 4 2363 1261 3356
3766 4 2247 1855 3347
3767 4 3615 2094 3669
3768 4 1726 1725 1727
3769 4 1706 1705 1707
3770 4 3403 2077 3407
3771 4 1230 1228 1301
3772 4 1924 1415 2348
3773 4 1491 1490 1492
3774 4 1734 1735 1736
3775 4 1941 1938 3374
3776 4 1190 1401 2562
3777 4 1567 1565 2036
3778 4 2570 2178 2822
3779 4 2266 2267 2268
3780 4 1727 1725 1888
3781 4 1757 1755 3145
3782 4 2230 1888 3408
3783 4 666 667 808
3784 4 3156 3157 3158
3785 4 2009 2155 3149
3786 4 2235 1260 3354
3787 4 2372 2271 3320
3788 4 1179 1180 1181
3789 4 2872 2871 3815
3790 4 2128 2129 2130
3791 4 2400 2398 2420
3792 4 3179 3049 3350
3793 4 1189 1191 1192
3794 4 542 543 942
3795 4 1765 1766 1848
3796 4 1035 1037 1354
3797 4 1924 2591 3214
3798 4 3332 2419 3333
3799 4 1195 1197 1235
3800 4 1038 1036 3281
3801 4 3185 2513 3212
3802 4 1547 1546 3386
3803 4 1718 1719 1720
3804 4 3415 3233 3457
3805 4 1716 1717 1718
3806 4 1043 1044 1045
3807 4 1442 1443 1444
3808 4 1762 1764 1765
3809 4 1733 1731 1842
3810 4 1444 1447 1448
3811 4 1147 1148 1149
3812 4 1723 1721 1877
3813 4 1449 1451 2071
3814 4 2154 2070 2560
3815 4 3158 3157 3159
3816 4 1723 1877 3408
3817 4 1792 1819 3284
3818 4 2655 2656 2657
3819 4 2372 3320 3321
3820 4 2890 2892 3490
3821 4 2590 2558 2888
3822 4 1720 1721 1722
3823 4 1704 1705 1706
3824 4 1739 1880 3353
3825 4 1764 1763 3365
3826 4 1732 1733 1734
3827 4 1166 1164 3315
3828 4 1730 1728 1731
3829 4 1719 1717 3184
3830 4 1067 1066 1068
3831 4 2249 2247 2250
3832 4 3207 3144 3678
3833 4 1147 1146 1148
3834 4 1685 1686 1687
3835 4 1689 1690 1691
3836 4 1042 1040 3204
3837 4 748 749 875
3838 4 1686 2086 2231
3839 4 1926 1927 1928
3840 4 3124 1990 3130
3841 4 997 996 998
3842 4 1389 1193 3319
3843 4 3388 3343 3389
3844 4 473 474 857
3845 4 3407 3238 3487
3846 4 3499 3500 3506
3847 4 3266 3265 3267
3848 4 2897 2896 2898
3849 4 3428 1860 3460
3850 4 1494 3391 3445
3851 4 1183 1185 3324
3852 4 1761 1759 1884
3853 4 1938 1626 3374
3854 4 2112 3380 3534
3855 4 1181 1180 1182
3856 4 2594 3156 3377
3857 4 1685 1684 1686
3858 4 1147 1243 3385
3859 4 1757 3145 3348
3860 4 1222 1220 1395
3861 4 3057 3055 3570
3862 4 2259 2257 2260
3863 4 2415 2413 2419
3864 4 2294 2268 2317
3865 4 1537 1536 3376
3866 4 1143 1145 3378
3867 4 1748 1745 1882
3868 4 2111 2113 2631
3869 4 1756 1758 1805
3870 4 1680 1678 3339
3871 4 1722 1723 1724
3872 4 2271 1244 3395
3873 4 1487 1489 1531
3874 4 2611 2363 3356
3875 4 1704 1703 1705
3876 4 1145 1147 3385
3877 4 2406 2428 2429
3878 4 1444 1443 1446
3879 4 3021 3019 3042
3880 4 1948 1950 2601
3881 4 1664 2080 3544
3882 4 1414 3204 3479
3883 4 2077 3403 3420
3884 4 2029 3124 3125
3885 4 1945 1946 1947
3886 4 1781 1779 1878
3887 4 2034 3384 3425
3888 4 3462 3311 3463
3889 4 2032 3245 3246
3890 4 1596 1591 3847
3891 4 1739 1737 1880
3892 4 3368 2243 3742
3893 4 1713 1876 3282
3894 4 1021 1020 1022
3895 4 1172 1170 3358
3896 4 3296 1691 3416
3897 4 3143 3139 3295
3898 4 778 779 892
3899 4 1956 2043 3548
3900 4 2368 2369 2370
3901 4 2557 2921 3290
3902 4 1730 1731 1732
3903 4 2622 2281 2623
3904 4 2126 2339 3364
3905 4 2616 2086 3413
3906 4 1167 1166 1168
3907 4 3503 3502 3504
3908 4 3565 2500 3566
3909 4 1469 1459 3318
3910 4 1743 1741 1881
3911 4 2050 1941 2281
3912 4 2485 2484 2486
3913 4 676 677 811
3914 4 1489 1488 1490
3915 4 1177 1178 1179
3916 4 2231 2614 2615
3917 4 1152 1150 1313
3918 4 3156 3155 3157
3919 4 1724 1725 1726
3920 4 3264 3265 3266
3921 4 3264 3261 3265
3922 4 1950 1951 1952
3923 4 1192 1193 1389
3924 4 3317 2897 3718
3925 4 3360 3154 3410
3926 4 2091 2090 3405
3927 4 1883 1882 2090
3928 4 1702 1703 1704
3929 4 2073 2074 3361
3930 4 1926 1392 1927
3931 4 1682 1869 3413
3932 4 1984 1983 1985
3933 4 2894 2896 2897
3934 4 1769 1767 1843
3935 4 3158 3160 3161
3936 4 1691 1690 1692
3937 4 1098 1394 3531
3938 4 1142 3352 3419
3939 4 1527 1503 3580
3940 4 1726 1727 1728
3941 4 1165 1166 1167
3942 4 3343 3342 3344
3943 4 2225 2227 3210
3944 4 1982 1983 1984
3945 4 3250 2615 3251
3946 4 1855 1716 3411
3947 4 1037 1036 1038
3948 4 1859 3296 3551
3949 4 2237 3382 3423
3950 4 1145 1146 1147
3951 4 3164 1392 3654
3952 4 1984 1985 2073
3953 4 1531 1489 3480
3954 4 1869 3339 3340
3955 4 2231 2086 2614
3956 4 1218 1216 1302
3957 4 3340 3343 3388
3958 4 2237 2727 3382
3959 4 2892 2895 3490
3960 4 2924 1581 2925
3961 4 2594 3155 3156
3962 4 2072 1631 3113
3963 4 712 713 828
3964 4 2481 2480 2482
3965 4 1234 1183 3324
3966 4 1849 1790 3284
3967 4 1713 1711 1875
3968 4 1683 1684 1685
3969 4 1151 1153 1402
3970 4 1883 2222 3297
3971 4 2399 2400 2401
3972 4 2081 2073 2192
3973 4 2281 1941 3374
3974 4 1179 1178 1180
3975 4 2192 3361 3362
3976 4 1682 1680 1869
3977 4 2515 2513 3185
3978 4 2353 2085 2607
3979 4 2428 2402 3249
3980 4 1203 1206 3532
3981 4 1141 1142 1143
3982 4 1143 1144 1145
3983 4 1359 1054 3515
3984 4 3259 3260 3261
3985 4 2034 3382 3384
3986 4 2593 2594 3377
3987 4 1652 2068 3707
3988 4 2086 1684 3413
3989 4 3378 1145 3385
3990 4 1393 1201 3532
3991 4 1145 1144 1146
3992 4 2231 2615 3250
3993 4 2163 2954 2955
3994 4 2073 1985 2074
3995 4 3253 3251 3254
3996 4 1167 1168 1169
3997 4 1683 1682 1684
3998 4 3161 3327 3426
3999 4 1775 1773 1879
4000 4 3347 1855 3411
4001 4 2421 2502 3346
4002 4 1715 1714 1716
4003 4 1175 1176 1177
4004 4 1751 1710 3512
4005 4 2479 2293 2480
4006 4 1895 1395 2064
4007 4 3342 3341 3345
4008 4 1790 1792 3284
4009 4 3250 3251 3253
4010 4 1175 1173 1176
4011 4 2595 3401 3402
4012 4 1439 1441 1442
4013 4 3298 3299 3300
4014 4 3309 2083 3312
4015 4 3340 3341 3342
4016 4 1649 1651 1885
4017 4 671 672 810
4018 4 3340 3339 3341
4019 4 1494 3390 3391
4020 4 3259 3258 3260
4021 4 2415 2419 3332
4022 4 2397 2396 2398
4023 4 1023 1022 1024
4024 4 1702 1700 1703
4025 4 1887 1676 3485
4026 4 1952 1955 3203
4027 4 3400 1176 3475
4028 4 1688 1687 1689
4029 4 2192 2073 3361
4030 4 1141 1139 1142
4031 4 1980 1982 2083
4032 4 3404 1323 3421
4033 4 1691 1692 1693
4034 4 1143 1142 1144
4035 4 3401 2595 3437
4036 4 1678 1676 1887
4037 4 1693 1692 1694
4038 4 3255 3254 3256
4039 4 1963 1936 2971
4040 4 1686 1684 2086
4041 4 2064 2296 3242
4042 4 1336 1057 3457
4043 4 3253 3254 3255
4044 4 2263 2262 2500
4045 4 2903 2901 2904
4046 4 2589 3285 3286
4047 4 1460 1458 3186
4048 4 3382 2034 3423
4049 4 2684 3615 3669
4050 4 1838 1754 3351
4051 4 2593 2585 2594
4052 4 1914 2585 2593
4053 4 3370 2531 3371
4054 4 1485 1486 1487
4055 4 2249 2250 2526
4056 4 2081 2192 2608
4057 4 2095 2096 2163
4058 4 1447 1446 3298
4059 4 2912 2911 2914
4060 4 1869 1680 3339
4061 4 2910 2911 2912
4062 4 1859 1689 3296
4063 4 1017 1018 1019
4064 4 2212 2732 3745
4065 4 2429 2703 2717
4066 4 1181 1183 1234
4067 4 1065 1066 1067
4068 4 2403 2402 2406
4069 4 1086 1353 1929
4070 4 1437 1438 1439
4071 4 1437 1439 1470
4072 4 1681 1680 1682
4073 4 2074 2147 2918
4074 4 1637 1893 3744
4075 4 3257 3256 3258
4076 4 2050 2281 2622
4077 4 1583 2237 3423
4078 4 1876 1875 2087
4079 4 1140 1139 1141
4080 4 1177 1176 1178
4081 4 3263 3261 3264
4082 4 1137 1138 1139
4083 4 3300 3301 3303
4084 4 1707 1705 1874
4085 4 2909 2907 2937
4086 4 3251 2615 3252
4087 4 1040 1038 1369
4088 4 3285 2890 3490
4089 4 1404 3401 3437
4090 4 2074 2146 2147
4091 4 1965 1963 2031
4092 4 1695 1694 1696
4093 4 1179 1181 3363
4094 4 2130 2129 2131
4095 4 2089 2087 3458
4096 4 1263 1143 3378
4097 4 2111 2631 3380
4098 4 1869 3340 3388
4099 4 1056 1054 1359
4100 4 2147 2689 2690
4101 4 1697 1699 1700
4102 4 3257 3258 3259
4103 4 3255 3256 3257
4104 4 3414 3233 3415
4105 4 1135 1136 1137
4106 4 1212 1210 1294
4107 4 3340 3342 3343
4108 4 3253 3255 3367
4109 4 1491 1493 3586
4110 4 2905 2904 2907
4111 4 2120 2122 3461
4112 4 3403 2236 3420
4113 4 1697 1696 1699
4114 4 1037 1038 1039
4115 4 3014 2567 3106
4116 4 1155 1157 1158
4117 4 3362 3873 3874
4118 4 2595 3402 3421
4119 4 1701 1700 1702
4120 4 2594 3154 3155
4121 4 1483 1485 1530
4122 4 1619 1382 1620
4123 4 1984 2073 2081
4124 4 2085 1670 3454
4125 4 1698 1695 3455
4126 4 1125 1123 1126
4127 4 3589 2718 3590
4128 4 2388 2389 2390
4129 4 1369 3281 3570
4130 4 1138 1914 3352
4131 4 1693 1694 1695
4132 4 1133 1134 1135
4133 4 1181 1234 3363
4134 4 2044 3195 3197
4135 4 1731 1728 3331
4136 4 2364 2363 2610
4137 4 1065 1067 3491
4138 4 2598 2599 3713
4139 4 1180 1178 1296
4140 4 1556 1554 2104
4141 4 1435 1436 1437
4142 4 1169 1168 1170
4143 4 2328 2306 2499
4144 4 1138 1328 1914
4145 4 1130 1128 3421
4146 4 2356 2271 2372
4147 4 1058 1056 3396
4148 4 1914 2584 2585
4149 4 1976 1978 2082
4150 4 1746 1749 1753
4151 4 2276 1860 3428
4152 4 1542 1540 2033
4153 4 2502 3336 3337
4154 4 3230 3232 3233
4155 4 1442 1441 1443
4156 4 3382 2727 3383
4157 4 1708 1710 1751
4158 4 1450 3298 3381
4159 4 2899 2898 2900
4160 4 2279 2276 3428
4161 4 3559 1709 3607
4162 4 2362 1261 2363
4163 4 3058 3057 3084
4164 4 1546 1544 2105
4165 4 3153 2321 3741
4166 4 1174 1173 1175
4167 4 1171 1172 1173
4168 4 1712 1714 1715
4169 4 3449 3448 3450
4170 4 1433 1434 1435
4171 4 2147 2146 2689
4172 4 1681 1682 1683
4173 4 3402 3404 3421
4174 4 2401 2402 2403
4175 4 2417 2415 3332
4176 4 1172 3358 3761
4177 4 2266 2265 2267
4178 4 2074 1985 2146
4179 4 2483 2482 2484
4180 4 1906 1528 1907
4181 4 1695 1696 1697
4182 4 1131 1132 1133
4183 4 1753 1754 1838
4184 4 1454 1452 2016
4185 4 1982 1981 1983
4186 4 3258 3256 3262
4187 4 1137 1136 1138
4188 4 1692 1690 1871
4189 4 2397 2398 2399
4190 4 2122 2124 2338
4191 4 1696 1694 1872
4192 4 1396 1179 3363
4193 4 2421 2417 2502
4194 4 1632 1634 2029
4195 4 1177 1179 1396
4196 4 1522 1520 2097
4197 4 1686 2231 3398
4198 4 1914 2593 3352
4199 4 3382 3383 3384
4200 4 2132 2131 2133
4201 4 1536 1522 3271
4202 4 1725 1723 3408
4203 4 3425 3384 3441
4204 4 1487 1486 1488
4205 4 2913 2912 2973
4206 4 1323 1130 3421
4207 4 1431 1432 1433
4208 4 1135 1134 1136
4209 4 669 670 941
4210 4 997 998 999
4211 4 1429 1428 1430
4212 4 3230 3233 3414
4213 4 1433 2076 3399
4214 4 1147 1149 1243
4215 4 1133 1132 1134
4216 4 1243 1149 3369
4217 4 1169 1170 1171
4218 4 2029 1634 3124
4219 4 1715 1716 1855
4220 4 1516 1514 2013
4221 4 1427 1428 1429
4222 4 2266 2268 2294
4223 4 423 424 905
4224 4 1427 1426 1428
4225 4 1693 1695 1698
4226 4 1429 1430 1431
4227 4 2354 2353 2612
4228 4 1141 1143 1263
4229 4 2241 2240 2242
4230 4 1137 1139 1140
4231 4 2425 2423 3427
4232 4 1742 1744 1747
4233 4 1206 2232 3532
4234 4 1425 2077 3420
4235 4 1882 1745 3520
4236 4 1411 1425 3420
4237 4 1425 1426 1427
4238 4 1397 1187 3550
4239 4 2910 2909 2911
4240 4 1433 1435 2076
4241 4 1119 1120 1121
4242 4 1204 1202 1306
4243 4 2236 1408 3420
4244 4 1697 1700 1701
4245 4 1119 1118 1120
4246 4 1433 1432 1434
4247 4 1425 1424 1426
4248 4 1131 1130 1132
4249 4 1439 1438 1441
4250 4 1903 1526 1904
4251 4 2021 2051 2519
4252 4 729 730 850
4253 4 1914 1328 2584
4254 4 1121 1120 1122
4255 4 690 691 840
4256 4 1129 1130 1131
4257 4 1431 1430 1432
4258 4 1411 1424 1425
4259 4 1068 1066 1398
4260 4 1467 1466 1472
4261 4 1125 1126 1127
4262 4 1561 1558 2158
4263 4 2424 2467 3422
4264 4 3404 3403 3407
4265 4 2098 1434 3433
4266 4 1431 1433 3399
4267 4 1729 1728 1730
4268 4 3433 3434 3435
4269 4 1128 2595 3421
4270 4 1399 1058 3396
4271 4 1684 1682 3413
4272 4 3402 2236 3403
4273 4 1121 1122 1123
4274 4 1505 1507 3622
4275 4 1406 1408 2236
4276 4 1127 1126 1128
4277 4 2098 3433 3435
4278 4 3402 3403 3404
4279 4 1708 1751 3379
4280 4 1023 1025 1358
4281 4 1117 1118 1119
4282 4 1126 1123 3437
4283 4 1435 1434 1436
4284 4 3264 3266 3268
4285 4 1483 1484 1485
4286 4 1129 1128 1130
4287 4 2229 1901 2262
4288 4 3299 1446 3488
4289 4 1424 1583 3423
4290 4 1411 1423 1424
4291 4 3599 3220 3719
4292 4 2360 2226 3375
4293 4 3259 3261 3263
4294 4 1743 1881 3520
4295 4 1408 1409 1411
4296 4 1706 1708 3379
4297 4 1127 1128 1129
4298 4 2595 1126 3437
4299 4 1146 1144 1304
4300 4 3401 2236 3402
4301 4 1171 1170 1172
4302 4 2488 2486 3269
4303 4 1406 1407 1408
4304 4 2396 2394 2405
4305 4 1428 2034 3425
4306 4 1876 2223 3282
4307 4 1457 1459 1469
4308 4 1701 1702 1863
4309 4 2584 3211 3410
4310 4 2267 2646 2647
4311 4 1173 1172 3475
4312 4 1495 1494 3445
4313 4 2081 2608 2609
4314 4 1583 2148 2237
4315 4 1296 1178 3400
4316 4 3391 3390 3451
4317 4 2418 2417 2421
4318 4 1122 1333 1404
4319 4 2075 3230 3414
4320 4 1122 1404 3437
4321 4 1437 1436 1438
4322 4 1913 1431 3399
4323 4 2578 3730 3751
4324 4 1408 1411 3420
4325 4 1702 1704 3406
4326 4 1404 1405 1406
4327 4 1404 1406 3401
4328 4 2422 2421 2423
4329 4 3965 1413 3966
4330 4 2594 2585 3154
4331 4 2226 1888 2230
4332 4 2422 2423 2424
4333 4 1434 1432 3433
4334 4 2200 2105 2493
4335 4 1571 1569 2161
4336 4 2910 2912 2913
4337 4 1128 1126 2595
4338 4 1965 2031 3173
4339 4 2418 2421 2422
4340 4 1429 1431 1913
4341 4 1428 1426 2034
4342 4 2498 2535 2536
4343 4 2903 2904 2905
4344 4 2221 2059 2545
4345 4 2687 2243 3370
4346 4 1552 1550 2026
4347 4 780 781 903
4348 4 1704 1706 1850
4349 4 3447 3446 3449
4350 4 2090 2365 3405
4351 4 1425 1427 2077
4352 4 1406 2236 3401
4353 4 2245 2085 2353
4354 4 1132 1130 1323
4355 4 1122 1120 1333
4356 4 1032 1031 1033
4357 4 3446 3448 3449
4358 4 1429 1913 3424
4359 4 1117 1116 1118
4360 4 1432 1430 2048
4361 4 1411 1409 1423
4362 4 2270 1244 2271
4363 4 1943 1944 1945
4364 4 2239 2240 2241
4365 4 1189 1192 3550
4366 4 1408 1407 1409
4367 4 1842 1731 3331
4368 4 2259 2260 2468
4369 4 2577 2634 2734
4370 4 2416 2415 2417
4371 4 1424 1423 1583
4372 4 1064 1360 3481
4373 4 2098 3435 3436
4374 4 1323 3404 3487
4375 4 2077 1427 3424
4376 4 1178 1176 3400
4377 4 2614 2086 2616
4378 4 1406 1405 1407
4379 4 1198 1196 1295
4380 4 1404 1333 1405
4381 4 1427 1429 3424
4382 4 1560 1541 3689
4383 4 1900 1897 3614
4384 4 1186 1184 1303
4385 4 2424 2426 2467
4386 4 2416 2417 2418
4387 4 3159 3157 3163
4388 4 1118 1116 1403
4389 4 1069 1068 3387
4390 4 1190 1188 1401
4391 4 2419 2413 3590
4392 4 1863 1702 3406
4393 4 1138 1136 1328
4394 4 1175 1177 3395
4395 4 1718 1720 1846
4396 4 2424 2423 2425
4397 4 1436 1434 2098
4398 4 1150 1148 3326
4399 4 2079 2576 2577
4400 4 1123 1122 3437
4401 4 2701 2151 3548
4402 4 1937 1939 2598
4403 4 2422 2424 3422
4404 4 2231 3250 3398
4405 4 1082 1080 1388
4406 4 2908 2909 2910
4407 4 1508 1506 2149
4408 4 1485 1484 1486
4409 4 1025 1026 1027
4410 4 1124 1123 1125
4411 4 3433 2048 3434
4412 4 3272 3271 3273
4413 4 1450 1447 3298
4414 4 1140 3936 3938
4415 4 2562 1401 2870
4416 4 1980 1981 1982
4417 4 1679 1678 1680
4418 4 2137 2134 3633
4419 4 2908 2907 2909
4420 4 1131 1133 1262
4421 4 3434 3441 3442
4422 4 2242 2243 2687
4423 4 1432 2048 3433
4424 4 1672 1670 2085
4425 4 1693 1698 3416
4426 4 1426 1424 3423
4427 4 2081 2609 3417
4428 4 1032 1896 3144
4429 4 1430 1428 3425
4430 4 2309 2319 2602
4431 4 3571 1643 3620
4432 4 1583 1584 2148
4433 4 1244 1175 3395
4434 4 2584 2586 3211
4435 4 2239 2241 3456
4436 4 2239 1863 2240
4437 4 1982 1984 3417
4438 4 2182 1306 2845
4439 4 3506 3503 3522
4440 4 1698 3455 3456
4441 4 797 798 976
4442 4 1390 1154 3592
4443 4 1704 1850 3406
4444 4 1115 1116 1117
4445 4 1158 1159 1261
4446 4 2278 2276 2279
4447 4 1108 1105 3483
4448 4 2642 2493 2682
4449 4 1116 1114 3464
4450 4 1504 1502 2094
4451 4 1110 1108 1400
4452 4 1436 2098 3439
4453 4 2232 1260 2233
4454 4 2226 2230 3375
4455 4 1177 1396 3395
4456 4 2237 2492 2727
4457 4 3099 3100 3101
4458 4 2338 2124 3364
4459 4 3298 1446 3299
4460 4 3737 2294 3750
4461 4 1060 1058 1399
4462 4 1333 1120 3465
4463 4 2245 2353 2354
4464 4 3548 2043 3549
4465 4 1782 1785 3585
4466 4 2249 2526 3443
4467 4 2238 1882 3520
4468 4 2126 2128 2339
4469 4 3439 3436 3440
4470 4 1583 1423 1584
4471 4 1679 1680 1681
4472 4 1850 1706 3379
4473 4 3434 2048 3441
4474 4 2048 1430 3425
4475 4 2585 2584 3410
4476 4 1118 1403 3465
4477 4 2034 1426 3423
4478 4 2098 3436 3439
4479 4 1701 1863 2239
4480 4 3467 1134 3474
4481 4 1409 1407 1410
4482 4 3156 3158 3426
4483 4 2607 2085 3454
4484 4 2242 2240 2243
4485 4 1736 1738 1750
4486 4 1937 2598 3608
4487 4 1115 1114 1116
4488 4 1171 1173 1174
4489 4 2122 2338 3461
4490 4 1163 1165 1239
4491 4 2306 2112 3534
4492 4 1132 1323 3474
4493 4 1677 1676 1678
4494 4 1105 1104 3483
4495 4 992 994 1372
4496 4 1500 1498 2030
4497 4 2502 3337 3346
4498 4 1438 1436 3439
4499 4 2241 2242 2244
4500 4 1326 1063 3537
4501 4 2473 2425 3427
4502 4 2062 2061 2179
4503 4 1947 1946 2014
4504 4 3257 3259 3430
4505 4 1120 1118 3465
4506 4 1403 1116 3464
4507 4 692 693 932
4508 4 1465 1466 1467
4509 4 1928 1927 2017
4510 4 1019 1018 1020
4511 4 3237 3467 3474
4512 4 1174 1175 1244
4513 4 2584 1328 2586
4514 4 3439 3440 3484
4515 4 3211 2586 3236
4516 4 1552 2026 3397
4517 4 1984 2081 3417
4518 4 1036 1034 1412
4519 4 412 413 975
4520 4 2598 1939 2599
4521 4 2536 2535 2537
4522 4 1053 3234 3686
4523 4 2124 2126 3364
4524 4 2897 2898 2899
4525 4 2000 1998 2102
4526 4 2143 2438 2439
4527 4 2787 2788 3889
4528 4 1732 1734 1752
4529 4 2287 2497 2498
4530 4 2048 3425 3441
4531 4 1958 1956 3548
4532 4 1691 1693 3416
4533 4 1144 1142 3419
4534 4 1405 1333 2350
4535 4 1722 1724 1840
4536 4 3236 3237 3238
4537 4 1701 2239 3455
4538 4 2090 2238 2365
4539 4 3263 3264 3476
4540 4 1666 1664 3544
4541 4 2082 3311 3462
4542 4 1688 1689 1859
4543 4 2905 2907 2908
4544 4 1423 1409 3452
4545 4 1489 1491 3480
4546 4 3157 3155 3470
4547 4 2148 1584 2190
4548 4 3236 2586 3237
4549 4 1041 1043 1344
4550 4 1726 1728 1729
4551 4 1136 1134 3467
4552 4 3246 3245 3247
4553 4 1909 1390 2557
4554 4 3198 3199 3200
4555 4 1695 1697 3455
4556 4 2411 3589 3590
4557 4 507 508 823
4558 4 2424 2425 2426
4559 4 2350 1333 3465
4560 4 2270 2271 2356
4561 4 1066 1064 3481
4562 4 3154 2585 3410
4563 4 2495 2286 2496
4564 4 2899 2900 2901
4565 4 1584 1423 3452
4566 4 1328 1136 3467
4567 4 2155 3134 3135
4568 4 2362 2363 2364
4569 4 1014 1015 1392
4570 4 2586 1328 3467
4571 4 2426 2425 2465
4572 4 1409 1410 3452
4573 4 1482 1480 2022
4574 4 2183 1904 3349
4575 4 1697 1701 3455
4576 4 2190 1584 2347
4577 4 1167 1169 1413
4578 4 3302 3488 3489
4579 4 3238 3237 3487
4580 4 1113 1114 1115
4581 4 485 486 846
4582 4 2124 2125 2126
4583 4 2246 1855 2247
4584 4 1641 1639 2067
4585 4 3259 3263 3430
4586 4 1169 1171 3486
4587 4 1674 1857 2272
4588 4 3455 2239 3456
4589 4 1672 2085 2245
4590 4 3847 2787 3889
4591 4 1046 1044 3429
4592 4 1113 1112 1114
4593 4 1134 1132 3474
4594 4 3579 2908 3626
4595 4 2150 2149 2683
4596 4 3446 3391 3448
4597 4 2023 2024 2474
4598 4 1121 1123 1124
4599 4 1659 1658 3628
4600 4 3237 2586 3467
4601 4 1675 1673 1676
4602 4 1115 1117 1275
4603 4 2511 2512 2640
4604 4 520 521 841
4605 4 1785 1910 3585
4606 4 2466 2510 2511
4607 4 1494 1492 3390
4608 4 3198 3201 3618
4609 4 1887 3485 3516
4610 4 2087 2358 3458
4611 4 3237 3474 3487
4612 4 1398 1066 3481
4613 4 1729 1730 1860
4614 4 1627 1629 1643
4615 4 1522 2097 3271
4616 4 2464 2463 2524
4617 4 1110 1400 3466
4618 4 2201 2947 2949
4619 4 2639 2622 2733
4620 4 2414 2415 2416
4621 4 1304 1144 3419
4622 4 2330 2328 3547
4623 4 2530 2531 3368
4624 4 2127 2125 2624
4625 4 2465 2425 2473
4626 4 3302 3299 3488
4627 4 2272 2273 2274
4628 4 2499 2306 3534
4629 4 1630 1632 3555
4630 4 2347 1584 3452
4631 4 1685 1687 1688
4632 4 2241 2253 3456
4633 4 1074 1072 1391
4634 4 3192 3191 3193
4635 4 2454 2330 2694
4636 4 1496 1528 1906
4637 4 1482 2022 3468
4638 4 1114 1332 3464
4639 4 1114 1112 1332
4640 4 1061 1063 1326
4641 4 1205 1204 3523
4642 4 2278 2279 2661
4643 4 3119 3679 3694
4644 4 1762 1765 3591
4645 4 2202 2057 2203
4646 4 1443 1441 2035
4647 4 1624 1622 1625
4648 4 2300 2463 2464
4649 4 1192 2367 3550
4650 4 1957 1959 2216
4651 4 1125 1127 1278
4652 4 2125 2123 3519
4653 4 1668 1666 2084
4654 4 1940 1943 3438
4655 4 2126 2127 2128
4656 4 1477 1479 1529
4657 4 1912 1911 2111
4658 4 1481 1482 1483
4659 4 1176 1173 3475
4660 4 1467 1472 1473
4661 4 1846 1720 3471
4662 4 1674 2272 3578
4663 4 2264 2265 2266
4664 4 2126 2125 2127
4665 4 2283 2664 2665
4666 4 1734 1736 3453
4667 4 3264 3268 3476
4668 4 2418 2422 3431
4669 4 2277 2280 2298
4670 4 3484 3440 3526
4671 4 1970 1972 3609
4672 4 2265 2263 3565
4673 4 1483 1482 1484
4674 4 2892 2894 2895
4675 4 2422 3422 3431
4676 4 1500 2030 3459
4677 4 2367 1389 2368
4678 4 2298 2299 2300
4679 4 3474 1323 3487
4680 4 1488 1486 3477
4681 4 2087 2088 2358
4682 4 1446 1443 3488
4683 4 1910 1853 1911
4684 4 2467 2426 3518
4685 4 1730 1732 3460
4686 4 1681 1683 1847
4687 4 2248 2247 2249
4688 4 1438 3439 3484
4689 4 2300 2299 2463
4690 4 1746 1753 3563
4691 4 1840 1724 3543
4692 4 1978 1979 1980
4693 4 513 514 931
4694 4 3056 3055 3057
4695 4 2148 2190 3507
4696 4 1983 2106 3546
4697 4 1400 1108 3483
4698 4 1636 1990 3124
4699 4 1492 1490 2052
4700 4 3300 3299 3301
4701 4 2558 2557 3290
4702 4 2479 2480 2481
4703 4 1677 1678 1679
4704 4 1171 1174 3486
4705 4 2414 2413 2415
4706 4 2286 1859 3551
4707 4 1860 1730 3460
4708 4 1980 1979 1981
4709 4 2390 2393 3660
4710 4 1711 1709 3559
4711 4 1745 1743 3520
4712 4 1940 1938 1941
4713 4 1942 1941 2050
4714 4 1679 1681 3511
4715 4 1473 1472 1474
4716 4 2241 2244 2253
4717 4 1152 1313 3592
4718 4 1111 1112 1113
4719 4 2599 1939 3438
4720 4 3163 3157 3470
4721 4 3500 3501 3502
4722 4 2453 2452 2626
4723 4 2512 2513 2514
4724 4 1165 1167 3472
4725 4 1747 1744 3563
4726 4 2017 1927 2018
4727 4 1937 1938 1939
4728 4 2245 2354 3516
4729 4 1720 1722 3471
4730 4 3158 3161 3426
4731 4 1441 1438 3484
4732 4 1715 1855 2246
4733 4 2403 2406 2407
4734 4 1983 1981 2106
4735 4 2299 2280 2709
4736 4 2861 2545 2862
4737 4 1201 1203 3532
4738 4 2298 2280 2299
4739 4 1017 1367 3654
4740 4 1111 1110 1112
4741 4 1084 1082 3239
4742 4 1921 1848 1922
4743 4 1707 1874 3607
4744 4 792 793 969
4745 4 1413 1169 3486
4746 4 2596 3559 3607
4747 4 479 480 916
4748 4 1722 1840 3471
4749 4 2902 2901 2903
4750 4 1736 1750 3453
4751 4 2269 1244 2270
4752 4 1953 2079 3359
4753 4 2016 3304 3643
4754 4 1948 1949 1950
4755 4 525 526 813
4756 4 1672 2245 3485
4757 4 1732 1752 3460
4758 4 1187 1189 3550
4759 4 2325 2021 3800
4760 4 2237 2148 2492
4761 4 3356 1161 3521
4762 4 1675 1676 1677
4763 4 2366 2356 2617
4764 4 1752 1734 3453
4765 4 2903 2905 2906
4766 4 1112 1110 3466
4767 4 2704 2428 3249
4768 4 1632 2029 3555
4769 4 1010 1008 1533
4770 4 2317 3045 3696
4771 4 2624 2125 3519
4772 4 2964 2157 2965
4773 4 1332 1112 3466
4774 4 2277 2276 2278
4775 4 2530 2529 2531
4776 4 1985 1983 3546
4777 4 3304 3303 3513
4778 4 1239 1165 3472
4779 4 3553 2518 3554
4780 4 1710 1712 3512
4781 4 2277 2278 2280
4782 4 1060 1399 3517
4783 4 2512 2510 2513
4784 4 1174 1244 2269
4785 4 2481 2482 2483
4786 4 2623 2281 3620
4787 4 1945 1944 1946
4788 4 1027 1028 1029
4789 4 1109 1111 1282
4790 4 1486 1484 2045
4791 4 1456 1454 3244
4792 4 2498 2497 2535
4793 4 2112 2111 3380
4794 4 1045 1046 1047
4795 4 3109 3110 3111
4796 4 2426 2465 2466
4797 4 2361 1261 2362
4798 4 2090 1882 2238
4799 4 1940 1942 1943
4800 4 1627 1625 1628
4801 4 2180 2179 2549
4802 4 2275 1860 2276
4803 4 1452 1450 3381
4804 4 2035 3484 3526
4805 4 3076 3074 3610
4806 4 1671 1670 1672
4807 4 1740 3725 3739
4808 4 2256 1838 2257
4809 4 1906 1907 2189
4810 4 3551 3296 3646
4811 4 1484 1482 3468
4812 4 3468 2022 3469
4813 4 2559 1390 3592
4814 4 1082 1388 3239
4815 4 2272 2274 3499
4816 4 2466 2511 3518
4817 4 3058 3084 3085
4818 4 2272 1857 2273
4819 4 1063 1065 3537
4820 4 1787 1784 3294
4821 4 2466 2465 2509
4822 4 2443 2444 2445
4823 4 2035 1441 3484
4824 4 2390 2391 2392
4825 4 2124 2123 2125
4826 4 3051 3049 3179
4827 4 1676 1673 3485
4828 4 1510 1526 1903
4829 4 2275 2276 2277
4830 4 2410 2407 2411
4831 4 2270 2356 2366
4832 4 2815 2549 2856
4833 4 2365 2238 2373
4834 4 1443 2035 3488
4835 4 3188 3191 3192
4836 4 2283 2282 2284
4837 4 1664 1662 2080
4838 4 3318 1461 3593
4839 4 1186 1303 3573
4840 4 1729 1860 2275
4841 4 1025 1024 1026
4842 4 1109 1108 1110
4843 4 2409 2410 2452
4844 4 3800 2519 3801
4845 4 2403 2407 2409
4846 4 1677 1679 1862
4847 4 1952 1951 1953
4848 4 2483 2484 2485
4849 4 2529 2302 2697
4850 4 2496 2286 3551
4851 4 2495 2496 2681
4852 4 3374 3571 3620
4853 4 1624 1625 1627
4854 4 1161 1163 3521
4855 4 3532 2232 3640
4856 4 1070 1382 1619
4857 4 2566 2565 3569
4858 4 2416 2418 2458
4859 4 1621 1620 1622
4860 4 1064 1062 1360
4861 4 1174 2269 3486
4862 4 1206 1260 2232
4863 4 2128 2127 2129
4864 4 2283 2284 2664
4865 4 1683 1685 3560
4866 4 1035 1036 1037
4867 4 1167 1413 3472
4868 4 2399 2401 3528
4869 4 1681 1847 3511
4870 4 2967 2978 2979
4871 4 1107 1105 1108
4872 4 1078 1076 1346
4873 4 2259 2468 3482
4874 4 2340 1966 3715
4875 4 2004 1615 2869
4876 4 2316 2099 3545
4877 4 1724 1726 3543
4878 4 2258 2257 2259
4879 4 1401 1188 3573
4880 4 2087 1875 2088
4881 4 3499 2274 3500
4882 4 2446 2444 2696
4883 4 502 503 837
4884 4 2146 1985 3546
4885 4 3485 2245 3516
4886 4 2045 3468 3567
4887 4 1479 1480 1481
4888 4 1109 1110 1111
4889 4 1543 1545 3706
4890 4 2273 2282 2283
4891 4 1477 1475 1478
4892 4 1623 1622 1624
4893 4 2197 2158 2662
4894 4 2273 1857 2282
4895 4 1614 1615 2004
4896 4 3495 3477 3582
4897 4 3762 2580 3795
4898 4 2020 3186 3187
4899 4 1753 2256 3563
4900 4 1897 1416 3614
4901 4 3717 1339 3749
4902 4 1463 1465 1468
4903 4 2406 2429 3589
4904 4 1313 1150 3326
4905 4 1585 1364 1586
4906 4 2412 2411 2413
4907 4 3688 1419 3740
4908 4 3502 3501 3505
4909 4 1623 1626 1937
4910 4 1627 1643 3571
4911 4 1047 1046 1048
4912 4 3050 3052 3060
4913 4 2274 2273 3540
4914 4 2303 2529 2530
4915 4 1939 1940 3438
4916 4 2246 2247 2248
4917 4 3488 2035 3489
4918 4 1492 2052 3390
4919 4 2045 1484 3468
4920 4 2445 2444 2446
4921 4 2371 2596 2597
4922 4 1158 1261 2361
4923 4 1744 1746 3563
4924 4 2511 2510 2512
4925 4 3416 1698 3597
4926 4 2442 2320 2649
4927 4 1669 1668 1670
4928 4 2348 1415 2355
4929 4 2310 2308 2523
4930 4 2694 2330 3547
4931 4 3088 3057 3570
4932 4 1490 1488 3495
4933 4 1476 1475 1477
4934 4 1106 1107 1415
4935 4 2050 2622 2639
4936 4 1154 1152 3592
4937 4 2492 2148 3507
4938 4 1671 1672 1673
4939 4 1473 1474 1475
4940 4 674 675 938
4941 4 2521 2456 2714
4942 4 3545 2099 3627
4943 4 1939 1938 1940
4944 4 2665 2664 2737
4945 4 1533 1008 3561
4946 4 2118 2120 2335
4947 4 2446 2696 2705
4948 4 1674 1675 1857
4949 4 2278 2661 3496
4950 4 1765 1921 3591
4951 4 2254 2244 2920
4952 4 3468 3469 3567
4953 4 3056 3057 3058
4954 4 1180 1296 3638
4955 4 1671 1673 1674
4956 4 2409 2452 2453
4957 4 1712 1715 3512
4958 4 3500 2274 3501
4959 4 2326 2442 2443
4960 4 1862 1679 3511
4961 4 1107 1108 1109
4962 4 2251 2249 3443
4963 4 1481 1480 1482
4964 4 2965 2157 2966
4965 4 1050 1345 1948
4966 4 1486 2045 3477
4967 4 1477 1478 1479
4968 4 1163 1239 3521
4969 4 2715 2476 2725
4970 4 1029 1030 1031
4971 4 2575 2078 2578
4972 4 1048 1918 3636
4973 4 1673 1672 3485
4974 4 1412 1034 3613
4975 4 2899 2901 2902
4976 4 1972 1974 2351
4977 4 2123 2532 3519
4978 4 2709 2280 3496
4979 4 3219 3220 3750
4980 4 2280 2278 3496
4981 4 2414 2416 3525
4982 4 1674 1673 1675
4983 4 2283 2665 3540
4984 4 1619 1620 1621
4985 4 773 774 888
4986 4 3392 3393 3394
4987 4 1903 1904 2183
4988 4 1685 1688 3560
4989 4 2888 2558 3290
4990 4 3393 3495 3582
4991 4 2557 2559 2921
4992 4 1698 3456 3597
4993 4 2358 2088 2371
4994 4 1669 1670 1671
4995 4 2253 2254 2255
4996 4 1488 3477 3495
4997 4 1627 1628 1629
4998 4 2967 2966 2978
4999 4 1753 1838 2256
5000 4 1946 1944 2153
5001 4 2253 2244 2254
5002 4 1075 1077 3804
5003 4 2412 2413 2414
5004 4 2371 2088 2596
5005 4 2466 2509 2510
5006 4 2395 2396 2397
5007 4 2127 2624 3542
5008 4 1847 1683 3560
5009 4 2267 2265 2646
5010 4 2122 2123 2124
5011 4 2409 2407 2410
5012 4 1103 1105 1106
5013 4 2248 2249 2251
5014 4 1503 1505 3580
5015 4 2601 3203 3679
5016 4 2535 2497 2722
5017 4 451 452 866
5018 4 1502 1500 3459
5019 4 2577 2576 2634
5020 4 3456 2253 3597
5021 4 2319 2320 2326
5022 4 1688 1859 2285
5023 4 1473 1475 1476
5024 4 1035 1034 1036
5025 4 2395 2394 2396
5026 4 3839 2629 3840
5027 4 3477 2045 3478
5028 4 1006 1004 1532
5029 4 1059 1060 1061
5030 4 1726 1729 3543
5031 4 2426 2466 3518
5032 4 3390 2052 3392
5033 4 1059 1058 1060
5034 4 2248 2251 2301
5035 4 2301 2302 2303
5036 4 1057 1058 1059
5037 4 2000 2102 3895
5038 4 3019 3017 3536
5039 4 1662 1659 3628
5040 4 3501 2274 3540
5041 4 2908 2910 3626
5042 4 2689 2146 2691
5043 4 2218 1889 2219
5044 4 2870 1401 2871
5045 4 2285 1859 2286
5046 4 2443 2442 2444
5047 4 2689 2691 2739
5048 4 1623 1624 1626
5049 4 2232 2233 2234
5050 4 3489 2035 3526
5051 4 2309 2310 2319
5052 4 2600 2488 3269
5053 4 1061 1062 1063
5054 4 1937 1626 1938
5055 4 1011 1013 1014
5056 4 1027 1026 1028
5057 4 2084 1666 3544
5058 4 1061 1060 1062
5059 4 1188 1186 3573
5060 4 1920 1991 1993
5061 4 2332 2316 2476
5062 4 1760 1762 3591
5063 4 1629 1628 1630
5064 4 3657 3658 3659
5065 4 1675 1677 3524
5066 4 1050 1049 1051
5067 4 1415 1107 3533
5068 4 1479 1478 1480
5069 4 2871 1401 3573
5070 4 2232 2234 3640
5071 4 2287 2495 2497
5072 4 1192 1389 2367
5073 4 3374 1626 3571
5074 4 2052 1490 3495
5075 4 1063 1064 1065
5076 4 3524 1862 3602
5077 4 1621 1622 1623
5078 4 2458 2418 3431
5079 4 2282 3524 3602
5080 4 1369 1038 3281
5081 4 2307 2308 2309
5082 4 2388 2390 3660
5083 4 2412 2414 2459
5084 4 1940 1941 1942
5085 4 1109 1282 3533
5086 4 3314 1531 3846
5087 4 2022 1480 3617
5088 4 1015 1016 1017
5089 4 1063 1062 1064
5090 4 2429 2718 3589
5091 4 2632 3047 3132
5092 4 2432 2430 2802
5093 4 2554 2555 2847
5094 4 1943 1942 1944
5095 4 1395 1220 3639
5096 4 2258 2261 2307
5097 4 1107 1109 3533
5098 4 2273 2283 3540
5099 4 1218 1302 3639
5100 4 2523 3594 3595
5101 4 1619 1621 2564
5102 4 1923 1922 2095
5103 4 1715 2246 3512
5104 4 1912 2111 2112
5105 4 2289 1374 2291
5106 4 1065 1064 1066
5107 4 1017 1016 1018
5108 4 2497 2495 3574
5109 4 3577 2639 3631
5110 4 1875 1711 3559
5111 4 2677 2675 3077
5112 4 1857 1675 3524
5113 4 1950 1949 1951
5114 4 3617 1478 3618
5115 4 1106 1105 1107
5116 4 2131 2129 2633
5117 4 1929 1931 2579
5118 4 2282 1857 3524
5119 4 2587 2189 2588
5120 4 2285 2286 2287
5121 4 1942 2050 3577
5122 4 2303 2302 2529
5123 4 1797 1795 3227
5124 4 2118 2335 3418
5125 4 2476 2316 3545
5126 4 1979 1977 3612
5127 4 1629 1630 2107
5128 4 3201 3200 3202
5129 4 1667 1669 1851
5130 4 1514 1512 3412
5131 4 2410 2411 2412
5132 4 2255 2254 2637
5133 4 1079 1081 1305
5134 4 2905 2908 3579
5135 4 1057 1056 1058
5136 4 2429 2717 2718
5137 4 1780 1782 3585
5138 4 2906 2905 3579
5139 4 2256 2257 2258
5140 4 1898 1899 1901
5141 4 3301 3299 3302
5142 4 2492 3507 3508
5143 4 2301 2251 2302
5144 4 2397 2399 2427
5145 4 1954 1953 3359
5146 4 2258 2259 2261
5147 4 1677 1862 3524
5148 4 3393 2052 3495
5149 4 3201 3617 3618
5150 4 3392 2052 3393
5151 4 1906 2189 2587
5152 4 1047 1049 1050
5153 4 1624 1627 3571
5154 4 2477 2462 2638
5155 4 2326 2320 2442
5156 4 1360 1062 3517
5157 4 1504 2094 3615
5158 4 2498 2536 3672
5159 4 2392 2404 3094
5160 4 1785 1853 1910
5161 4 1300 1093 3674
5162 4 1329 1355 2843
5163 4 1051 1049 1052
5164 4 2149 1506 3615
5165 4 2292 2291 2293
5166 4 2123 2121 2532
5167 4 2578 2078 3629
5168 4 1729 2275 3543
5169 4 1047 1048 1049
5170 4 2317 3696 3729
5171 4 1981 1979 3492
5172 4 2164 2137 3633
5173 4 2416 2458 3525
5174 4 2287 2498 3632
5175 4 1667 1666 1668
5176 4 1667 1668 1669
5177 4 1055 1057 1336
5178 4 2495 2681 3574
5179 4 2965 2966 2967
5180 4 1918 2573 3636
5181 4 2309 2308 2310
5182 4 3469 2022 3703
5183 4 1688 2285 3560
5184 4 2116 2118 3418
5185 4 1804 1809 3711
5186 4 2178 2064 3242
5187 4 2277 2298 3619
5188 4 1055 1056 1057
5189 4 2215 2651 2652
5190 4 2319 2310 2320
5191 4 1994 1594 2101
5192 4 1303 1184 3645
5193 4 1978 1977 1979
5194 4 2261 2259 3482
5195 4 2462 2293 2479
5196 4 2355 1415 3533
5197 4 1088 1087 1089
5198 4 2307 2261 2308
5199 4 2557 1390 2559
5200 4 1751 3512 3598
5201 4 1910 1911 1912
5202 4 469 470 860
5203 4 2129 2127 3542
5204 4 2287 2286 2495
5205 4 1493 1496 3586
5206 4 1050 1051 1345
5207 4 1005 1007 1368
5208 4 1840 3543 3619
5209 4 2040 2172 3872
5210 4 1948 1345 1949
5211 4 3478 2045 3567
5212 4 2252 1900 3614
5213 4 1216 1214 3653
5214 4 1062 1060 3517
5215 4 1626 1624 3571
5216 4 1619 2564 3491
5217 4 1765 1848 1921
5218 4 1006 1532 3561
5219 4 2528 2541 2542
5220 4 2064 2295 2296
5221 4 1901 1899 3149
5222 4 1709 1707 3607
5223 4 1153 1155 3564
5224 4 2264 2263 2265
5225 4 2094 1502 3459
5226 4 1020 1018 1418
5227 4 1533 3561 3562
5228 4 3086 3085 3087
5229 4 2411 2407 3589
5230 4 1029 1028 1030
5231 4 3654 1367 3696
5232 4 1392 1015 3654
5233 4 2344 2346 2606
5234 4 1801 1799 3205
5235 4 2840 2566 3927
5236 4 2845 1306 2846
5237 4 3053 3479 3605
5238 4 2921 2559 2943
5239 4 3448 3391 3451
5240 4 2554 1417 2555
5241 4 3198 3200 3201
5242 4 2162 2161 2698
5243 4 1412 3613 3649
5244 4 2700 2151 2701
5245 4 2401 2403 3552
5246 4 2597 2596 3641
5247 4 3478 3567 3568
5248 4 3612 2047 3657
5249 4 1102 1100 1340
5250 4 2016 1452 3381
5251 4 2296 2297 2827
5252 4 3657 3656 3658
5253 4 1033 1034 1035
5254 4 3126 3128 3131
5255 4 1976 1977 1978
5256 4 1968 1970 2349
5257 4 2403 2409 3552
5258 4 2088 1875 3559
5259 4 1055 1054 1056
5260 4 2020 1460 3186
5261 4 2722 2497 3574
5262 4 2459 2414 3525
5263 4 2292 2462 2477
5264 4 1053 1054 1055
5265 4 1647 1646 1648
5266 4 1228 1226 3328
5267 4 3477 3478 3582
5268 4 2407 2406 3589
5269 4 2332 2476 2715
5270 4 1039 1041 3572
5271 4 2220 2219 3061
5272 4 2121 2119 3637
5273 4 1856 1655 3541
5274 4 2393 2395 2408
5275 4 2250 3347 3743
5276 4 2122 2121 2123
5277 4 2413 2411 3590
5278 4 1007 1006 1008
5279 4 1103 1104 1105
5280 4 2153 3577 3631
5281 4 3888 2563 3913
5282 4 2107 1630 3555
5283 4 2288 2289 2290
5284 4 2032 3244 3245
5285 4 1085 1086 1087
5286 4 2331 2332 3178
5287 4 1977 2047 3612
5288 4 2582 2183 2583
5289 4 1506 1504 3615
5290 4 1202 1200 3667
5291 4 2253 2255 3597
5292 4 1005 1006 1007
5293 4 2427 3530 3581
5294 4 1030 1028 1374
5295 4 1097 1099 1291
5296 4 1041 1344 3572
5297 4 2014 1946 3538
5298 4 2050 2639 3577
5299 4 2596 2088 3559
5300 4 2310 2523 3584
5301 4 1030 1374 2288
5302 4 2106 1981 3492
5303 4 1953 2078 2079
5304 4 2452 2410 3583
5305 4 2633 2129 3542
5306 4 1024 1022 1419
5307 4 2649 2320 3584
5308 4 2472 3763 3782
5309 4 2284 2282 3602
5310 4 2427 3529 3530
5311 4 2526 2250 3621
5312 4 2643 2515 3185
5313 4 2032 1456 3244
5314 4 1051 1052 1053
5315 4 2691 2146 3546
5316 4 2523 2308 3594
5317 4 2305 2112 2306
5318 4 2322 2067 2323
5319 4 2427 2399 3528
5320 4 2683 2149 2684
5321 4 2119 2527 3637
5322 4 1008 1006 3561
5323 4 1841 1787 3294
5324 4 3054 3053 3055
5325 4 3229 1947 3730
5326 4 1070 1619 3491
5327 4 1014 1013 1015
5328 4 3058 3085 3086
5329 4 1054 1052 3515
5330 4 2315 2316 2331
5331 4 1671 1674 3578
5332 4 3047 3048 3132
5333 4 2216 3119 3694
5334 4 1496 1906 3586
5335 4 2387 2388 2436
5336 4 1665 1666 1667
5337 4 1074 1391 3606
5338 4 3611 2601 3666
5339 4 3415 3457 3647
5340 4 2120 2121 2122
5341 4 2288 1374 2289
5342 4 1946 2153 3538
5343 4 1669 1671 3578
5344 4 3543 2275 3619
5345 4 3736 1246 3788
5346 4 2013 1514 3412
5347 4 2133 3587 3588
5348 4 2289 2291 2292
5349 4 2093 2518 3553
5350 4 2292 2293 2462
5351 4 2327 2306 2328
5352 4 1903 2183 2582
5353 4 2436 3660 3661
5354 4 2281 3374 3620
5355 4 2684 2149 3615
5356 4 2331 2316 2332
5357 4 1155 1158 3564
5358 4 2647 2646 2706
5359 4 3662 2221 3772
5360 4 1623 1937 3608
5361 4 1912 2112 2305
5362 4 2395 2397 3581
5363 4 1949 1345 1961
5364 4 1665 1664 1666
5365 4 3528 2401 3552
5366 4 1061 1326 3647
5367 4 1158 2361 3564
5368 4 1053 1052 1054
5369 4 3416 3597 3646
5370 4 2133 2131 3587
5371 4 1953 1951 2078
5372 4 2910 2913 3626
5373 4 2079 2078 2575
5374 4 1414 1042 3204
5375 4 3493 3492 3494
5376 4 1921 1922 1923
5377 4 2393 2392 2394
5378 4 1478 1475 3618
5379 4 1045 1047 3611
5380 4 3042 3019 3536
5381 4 997 999 3473
5382 4 1393 3532 3640
5383 4 1007 1008 1009
5384 4 1977 1975 2047
5385 4 1847 3560 3632
5386 4 1256 1383 3753
5387 4 1050 1948 3611
5388 4 3060 3052 3600
5389 4 1078 1346 3409
5390 4 3207 3678 3719
5391 4 2295 1395 3639
5392 4 1894 1381 2065
5393 4 2409 2453 3552
5394 4 3054 3055 3056
5395 4 1353 1084 3239
5396 4 1933 1936 1962
5397 4 2163 2955 2956
5398 4 2528 2434 2541
5399 4 2275 2277 3619
5400 4 1344 1043 3666
5401 4 2596 3607 3641
5402 4 1005 1004 1006
5403 4 2248 2301 3598
5404 4 3647 1326 3713
5405 4 1009 3305 3644
5406 4 1663 1665 1864
5407 4 1507 1510 3622
5408 4 1851 1669 3578
5409 4 2043 1954 3359
5410 4 3055 3053 3605
5411 4 3099 3098 3100
5412 4 3489 3526 3527
5413 4 1086 1929 3576
5414 4 1402 3945 3946
5415 4 3338 1354 3766
5416 4 1340 1100 3531
5417 4 2298 2300 3663
5418 4 2261 3482 3594
5419 4 1103 1102 1104
5420 4 3232 3231 3671
5421 4 3330 3606 3741
5422 4 1475 1474 3618
5423 4 2505 2450 2710
5424 4 2079 2575 2576
5425 4 1557 1559 3662
5426 4 2701 3548 3549
5427 4 3619 2298 3663
5428 4 1944 1942 3577
5429 4 2482 2480 3740
5430 4 2305 2306 2327
5431 4 2393 2394 2395
5432 4 3457 1059 3647
5433 4 3766 1354 3779
5434 4 3537 2564 3720
5435 4 3669 3668 3670
5436 4 3096 3097 3098
5437 4 2246 2248 3598
5438 4 2229 2262 2263
5439 4 1548 2061 2062
5440 4 2315 2099 2316
5441 4 1974 1975 1976
5442 4 1923 2099 2315
5443 4 1015 1013 1016
5444 4 2397 2427 3581
5445 4 2153 1944 3577
5446 4 1931 1933 3601
5447 4 2143 2141 2438
5448 4 3512 2246 3598
5449 4 1033 1031 1034
5450 4 2320 2310 3584
5451 4 1906 2587 3586
5452 4 1656 1654 1925
5453 4 2131 2633 3587
5454 4 1617 2621 2869
5455 4 1923 2095 2099
5456 4 2458 3431 3432
5457 4 3667 1200 3731
5458 4 767 768 887
5459 4 1031 1030 3613
5460 4 1135 3933 3935
5461 4 1542 2033 3677
5462 4 1220 1218 3639
5463 4 2145 3553 3726
5464 4 518 519 934
5465 4 3347 3411 3727
5466 4 3607 1874 3641
5467 4 3603 3493 3604
5468 4 2329 2328 2330
5469 4 2327 2328 2329
5470 4 2105 1544 3677
5471 4 1461 1463 3593
5472 4 3244 2016 3643
5473 4 2308 2261 3594
5474 4 3560 2285 3632
5475 4 3642 2307 3712
5476 4 1661 1659 1662
5477 4 1621 1623 3608
5478 4 2427 3528 3529
5479 4 1034 1031 3613
5480 4 2599 3415 3713
5481 4 2410 2412 3583
5482 4 3234 3232 3671
5483 4 2408 2395 3581
5484 4 3546 2106 3603
5485 4 1463 1468 3593
5486 4 1972 2351 3609
5487 4 2564 1621 3608
5488 4 2412 2459 3583
5489 4 3049 1992 3350
5490 4 2448 2345 2695
5491 4 1052 1049 3636
5492 4 1037 1039 3700
5493 4 3203 1955 3694
5494 4 1101 1102 1103
5495 4 2309 2602 3712
5496 4 1182 3638 3645
5497 4 3357 3688 3740
5498 4 1101 3214 3648
5499 4 1182 1180 3638
5500 4 2975 2846 3667
5501 4 3201 3202 3703
5502 4 1747 3642 3712
5503 4 2134 2133 3633
5504 4 2980 2015 3366
5505 4 3051 3179 3479
5506 4 2634 2576 2635
5507 4 1480 1478 3617
5508 4 1663 1664 1665
5509 4 2106 3492 3493
5510 4 2336 2330 2454
5511 4 2646 2265 3565
5512 4 3598 2301 3692
5513 4 3672 2536 3695
5514 4 1067 1070 3491
5515 4 1973 1971 2049
5516 4 3492 1979 3612
5517 4 1001 1003 3287
5518 4 1654 1652 3707
5519 4 2185 3797 3806
5520 4 1976 1975 1977
5521 4 1028 1026 3616
5522 4 2285 2287 3632
5523 4 3459 3447 3668
5524 4 2064 1395 2295
5525 4 1663 1662 1664
5526 4 2294 2317 3729
5527 4 2080 1662 3628
5528 4 2291 1374 3616
5529 4 2070 1900 2252
5530 4 2336 2454 2455
5531 4 1918 1920 2573
5532 4 1047 1050 3611
5533 4 3538 2153 3539
5534 4 1751 3598 3692
5535 4 1059 1061 3647
5536 4 1827 1830 3774
5537 4 1747 3563 3642
5538 4 1966 1968 3715
5539 4 3096 3098 3099
5540 4 2329 2330 2336
5541 4 2455 2454 2456
5542 4 1184 1182 3645
5543 4 3755 2326 3765
5544 4 3494 3492 3612
5545 4 3632 2498 3672
5546 4 3296 3416 3646
5547 4 1648 1646 2066
5548 4 3048 3050 3675
5549 4 3254 3930 3934
5550 4 2441 2439 3240
5551 4 1957 2216 3694
5552 4 1302 1216 3653
5553 4 2496 3551 3705
5554 4 1657 1660 3541
5555 4 1915 1861 1916
5556 4 1992 1919 3350
5557 4 3054 3056 3059
5558 4 3617 3201 3703
5559 4 1840 3619 3663
5560 4 706 707 925
5561 4 3415 3647 3713
5562 4 2229 2264 3599
5563 4 3045 3164 3696
5564 4 2300 2464 3704
5565 4 3620 1643 3684
5566 4 2455 2456 2457
5567 4 1030 2288 3613
5568 4 2827 2297 2828
5569 4 1099 1100 1101
5570 4 3220 3599 3737
5571 4 2471 2304 2472
5572 4 1822 1820 3092
5573 4 2258 2307 3642
5574 4 3597 2255 3646
5575 4 2229 2263 2264
5576 4 2296 2295 2297
5577 4 2457 2521 2951
5578 4 1510 1903 3622
5579 4 1101 1100 1102
5580 4 1917 1916 2093
5581 4 2228 2229 3599
5582 4 2828 2297 2829
5583 4 1826 1824 3062
5584 4 1667 1851 3625
5585 4 3494 3612 3657
5586 4 2822 2178 3242
5587 4 2457 2456 2521
5588 4 2681 2496 3634
5589 4 1080 1078 3409
5590 4 1368 1007 3644
5591 4 3357 3616 3688
5592 4 2062 2179 2180
5593 4 2047 3656 3657
5594 4 2139 2137 2164
5595 4 2094 3668 3669
5596 4 1972 1973 1974
5597 4 2506 2507 2931
5598 4 2120 2119 2121
5599 4 1003 1004 1005
5600 4 2094 3459 3668
5601 4 1009 1008 1010
5602 4 1896 1898 3678
5603 4 1129 3925 3928
5604 4 2436 2388 3660
5605 4 3056 3058 3624
5606 4 1661 1662 1663
5607 4 2343 2334 2669
5608 4 1809 1915 3711
5609 4 1015 1017 3654
5610 4 1049 1048 3636
5611 4 1660 1661 1889
5612 4 1740 1742 3725
5613 4 2266 2294 3737
5614 4 2532 2121 3637
5615 4 2106 3493 3603
5616 4 3751 2014 3791
5617 4 3613 2288 3649
5618 4 1007 1009 3644
5619 4 1306 1202 3667
5620 4 2393 2408 3660
5621 4 1301 1228 3328
5622 4 3661 3664 3665
5623 4 2279 3428 3799
5624 4 1374 1028 3616
5625 4 2180 2549 2815
5626 4 2943 2559 3687
5627 4 1870 1797 3227
5628 4 2119 2117 2527
5629 4 2023 1935 2024
5630 4 1951 1949 3629
5631 4 2290 2289 3623
5632 4 2559 3592 3687
5633 4 2047 3655 3656
5634 4 3164 3654 3696
5635 4 3048 1992 3049
5636 4 3471 1840 3663
5637 4 2691 3546 3603
5638 4 1097 1098 1099
5639 4 1847 3632 3672
5640 4 2828 2829 2831
5641 4 1009 1010 1011
5642 4 1652 1650 2068
5643 4 1099 1098 1100
5644 4 1974 1973 1975
5645 4 1665 1667 3625
5646 4 1291 1099 3648
5647 4 1100 1098 3531
5648 4 1043 1045 3666
5649 4 2292 2477 3623
5650 4 1051 1053 3686
5651 4 3494 3657 3659
5652 4 3105 1419 3773
5653 4 2078 1951 3629
5654 4 2117 2115 3714
5655 4 701 702 928
5656 4 3551 3646 3705
5657 4 2095 2163 3627
5658 4 2240 1863 3742
5659 4 999 998 1000
5660 4 3599 2264 3737
5661 4 3126 3125 3127
5662 4 3563 2256 3642
5663 4 2579 1931 3601
5664 4 3552 2453 3693
5665 4 2623 3620 3684
5666 4 2228 1901 2229
5667 4 1660 1659 1661
5668 4 1962 1936 1963
5669 4 1657 1659 1660
5670 4 2433 2432 2434
5671 4 3247 3245 3248
5672 4 1011 1012 1013
5673 4 2294 3729 3750
5674 4 3379 1751 3692
5675 4 1568 1570 3710
5676 4 2099 2095 3627
5677 4 2897 2899 3718
5678 4 2288 2290 3649
5679 4 2846 1306 3667
5680 4 1198 1295 3731
5681 4 2118 2119 2120
5682 4 735 736 911
5683 4 1045 3611 3666
5684 4 1993 2114 2115
5685 4 3528 3552 3693
5686 4 2205 2207 2972
5687 4 2506 2505 2507
5688 4 3358 2902 3761
5689 4 1003 1002 1004
5690 4 1554 1552 3397
5691 4 3539 2153 3631
5692 4 3126 3127 3128
5693 4 2546 2547 2807
5694 4 2256 2258 3642
5695 4 1544 1542 3677
5696 4 2435 3112 3732
5697 4 2847 2555 2863
5698 4 3058 3086 3624
5699 4 2164 3633 3635
5700 4 3663 2300 3704
5701 4 3052 3053 3054
5702 4 3052 3051 3053
5703 4 3511 1847 3672
5704 4 2390 2392 2393
5705 4 2289 2292 3623
5706 4 2661 2279 3808
5707 4 1903 2582 3622
5708 4 1898 2228 3678
5709 4 1929 2579 3576
5710 4 2029 3125 3126
5711 4 1949 1961 3629
5712 4 3592 1313 3687
5713 4 1864 1665 3625
5714 4 1467 1473 3723
5715 4 1563 2059 2221
5716 4 1750 1738 3739
5717 4 1095 1096 1097
5718 4 1097 1096 1098
5719 4 1541 1543 3689
5720 4 1087 1086 3576
5721 4 3602 3695 3721
5722 4 3347 3727 3743
5723 4 1099 1101 3648
5724 4 3053 3051 3479
5725 4 2174 2173 2540
5726 4 1969 1967 2037
5727 4 1642 1641 3702
5728 4 1324 1258 3753
5729 4 3144 1896 3678
5730 4 1018 1016 3807
5731 4 3225 3585 3697
5732 4 1898 1901 2228
5733 4 3054 3059 3600
5734 4 3050 3060 3675
5735 4 2133 3588 3633
5736 4 1932 1930 1934
5737 4 2493 2105 2494
5738 4 3660 2408 3661
5739 4 2494 2105 3677
5740 4 2219 2304 2471
5741 4 1011 1010 1012
5742 4 1868 1801 3205
5743 4 987 990 2824
5744 4 1026 1024 3688
5745 4 3704 2464 3727
5746 4 3224 1339 3843
5747 4 3602 1862 3695
5748 4 2868 2875 2876
5749 4 2221 2861 3772
5750 4 2451 2505 2506
5751 4 3725 2602 3739
5752 4 2604 2603 3825
5753 4 2829 3724 3770
5754 4 1095 1094 1096
5755 4 3650 2478 3651
5756 4 1417 1089 3596
5757 4 1970 1971 1972
5758 4 2581 2184 2858
5759 4 1024 1419 3688
5760 4 1661 1663 3630
5761 4 1093 1094 1095
5762 4 1972 1971 1973
5763 4 2163 2956 3627
5764 4 3105 3773 3796
5765 4 2334 2145 3726
5766 4 999 1000 1001
5767 4 1345 1051 3686
5768 4 2279 3799 3808
5769 4 1657 1658 1659
5770 4 723 724 917
5771 4 2089 3458 3948
5772 4 1852 1825 3774
5773 4 3059 3056 3624
5774 4 1647 1648 1649
5775 4 2623 3684 3685
5776 4 2975 3667 3731
5777 4 3511 3672 3695
5778 4 1889 1661 3630
5779 4 2262 3149 3673
5780 4 3379 3692 3722
5781 4 2047 1975 3655
5782 4 2433 2434 2525
5783 4 1964 1966 2340
5784 4 3245 3244 3643
5785 4 1961 1345 3686
5786 4 1272 1255 3795
5787 4 3458 3945 3948
5788 4 3097 3732 3733
5789 4 1663 1864 3630
5790 4 1802 1804 3711
5791 4 1001 1002 1003
5792 4 3616 1026 3688
5793 4 3149 2155 3673
5794 4 3661 2408 3664
5795 4 1476 1477 3756
5796 4 1973 2049 3655
5797 4 3273 3271 3676
5798 4 1657 1656 1658
5799 4 2600 3269 3807
5800 4 1862 3511 3695
5801 4 3471 3663 3704
5802 4 2301 2303 3692
5803 4 1354 1037 3700
5804 4 1093 1092 1094
5805 4 1955 1957 3694
5806 4 2543 2544 2804
5807 4 1093 1095 3674
5808 4 2449 2450 2451
5809 4 3052 3054 3600
5810 4 2451 2450 2505
5811 4 1846 3471 3704
5812 4 2408 3581 3664
5813 4 3724 1302 3770
5814 4 1076 1074 3606
5815 4 2323 2324 2849
5816 4 2219 1889 2304
5817 4 2022 3617 3703
5818 4 3561 1532 3690
5819 4 3581 3530 3664
5820 4 3646 2255 3705
5821 4 3243 3591 3701
5822 4 2062 2180 2574
5823 4 1091 1092 1093
5824 4 2902 2903 3761
5825 4 3503 3504 3782
5826 4 3153 3741 3816
5827 4 3608 2598 3720
5828 4 3562 3690 3691
5829 4 2536 2537 3721
5830 4 1912 2305 3697
5831 4 2838 3092 3183
5832 4 2911 2909 3769
5833 4 1933 1962 3601
5834 4 2346 2448 2449
5835 4 3885 2780 3886
5836 4 3695 2536 3721
5837 4 2255 2637 3705
5838 4 1257 1259 3762
5839 4 1000 998 1471
5840 4 3271 2097 3676
5841 4 2439 2438 2645
5842 4 2449 2448 2450
5843 4 3529 3528 3693
5844 4 3050 3049 3051
5845 4 2118 2117 2119
5846 4 1850 3379 3722
5847 4 2404 2435 3094
5848 4 3671 3231 3798
5849 4 1001 1000 1002
5850 4 3944 1877 3959
5851 4 1556 2104 3748
5852 4 3696 1367 3729
5853 4 3692 2303 3722
5854 4 1809 1861 1915
5855 4 3831 3481 3856
5856 4 2221 2545 2861
5857 4 1975 1973 3655
5858 4 2319 2326 3755
5859 4 1970 1969 1971
5860 4 2145 2093 3553
5861 4 2116 2117 2118
5862 4 3050 3051 3052
5863 4 1091 1090 1092
5864 4 3094 2435 3095
5865 4 1545 1548 3706
5866 4 1850 3722 3738
5867 4 2158 1558 3748
5868 4 2344 2345 2346
5869 4 2038 2006 2447
5870 4 2304 1889 3630
5871 4 2307 2309 3712
5872 4 1806 3225 3771
5873 4 1923 2315 3701
5874 4 3633 3588 3635
5875 4 3562 3561 3690
5876 4 1248 1246 3736
5877 4 1354 3700 3779
5878 4 2688 2525 2711
5879 4 3387 2337 3816
5880 4 2346 2345 2448
5881 4 2695 2345 3698
5882 4 2104 1554 3397
5883 4 1578 1580 3759
5884 4 3048 3049 3050
5885 4 2049 1971 3680
5886 4 3585 1910 3697
5887 4 2211 2212 2213
5888 4 1085 1088 3817
5889 4 1968 1969 1970
5890 4 3722 2530 3738
5891 4 1917 2093 2145
5892 4 1089 1090 1091
5893 4 3707 2068 3810
5894 4 1010 1533 3716
5895 4 3721 2537 3728
5896 4 2564 3608 3720
5897 4 1910 1912 3697
5898 4 3701 2315 3768
5899 4 2854 2677 3077
5900 4 3591 1921 3701
5901 4 2579 3601 3717
5902 4 3678 2228 3719
5903 4 1962 1963 1964
5904 4 1915 1916 1917
5905 4 2387 989 2388
5906 4 3712 2602 3725
5907 4 2344 2343 2345
5908 4 2342 2343 2344
5909 4 2899 2902 3718
5910 4 2155 3135 3673
5911 4 1846 3704 3727
5912 4 3248 3245 3643
5913 4 1750 3755 3765
5914 4 1367 3181 3729
5915 4 1090 1087 3576
5916 4 1925 3707 3708
5917 4 2303 2530 3722
5918 4 2343 2669 3698
5919 4 3748 2104 3777
5920 4 3411 1846 3727
5921 4 2116 3418 3746
5922 4 1969 2037 3680
5923 4 2031 3150 3151
5924 4 2817 2816 2982
5925 4 2116 2115 2117
5926 4 2604 3825 3826
5927 4 1968 2349 3715
5928 4 1655 1656 1657
5929 4 2546 1327 2547
5930 4 1742 1747 3725
5931 4 1925 1654 3707
5932 4 2995 2996 2997
5933 4 3231 3229 3730
5934 4 2814 3736 3788
5935 4 2544 1324 3753
5936 4 3697 2305 3771
5937 4 3243 3701 3768
5938 4 2284 3721 3728
5939 4 1346 1076 3606
5940 4 2486 2484 3796
5941 4 1089 1091 3596
5942 4 1270 1268 3122
5943 4 2228 3599 3719
5944 4 1921 1923 3701
5945 4 2472 2304 3763
5946 4 3003 1644 3864
5947 4 1200 1198 3731
5948 4 3702 2322 3786
5949 4 3763 3522 3782
5950 4 1473 1476 3723
5951 4 2432 2802 3734
5952 4 3729 3181 3750
5953 4 2645 2438 2712
5954 4 1359 3515 3812
5955 4 1573 2057 2202
5956 4 2664 2284 3728
5957 4 2460 2101 2461
5958 4 1917 2145 2333
5959 4 1993 2115 2116
5960 4 1548 2062 3706
5961 4 3639 1302 3724
5962 4 1240 1312 3788
5963 4 2807 2547 2813
5964 4 2284 3602 3721
5965 4 3406 1850 3738
5966 4 2342 2334 2343
5967 4 2333 2334 2342
5968 4 2530 3368 3738
5969 4 1273 1325 3805
5970 4 1089 1087 1090
5971 4 2066 1646 3702
5972 4 2786 2540 2797
5973 4 1655 1654 1656
5974 4 3428 3460 3789
5975 4 1738 1740 3739
5976 4 3225 3697 3771
5977 4 2876 2875 2877
5978 4 2312 2478 3650
5979 4 3406 3738 3742
5980 4 2264 2266 3737
5981 4 2257 1838 3781
5982 4 2813 2547 2814
5983 4 2912 2914 3802
5984 4 1012 1010 3716
5985 4 1830 2311 3774
5986 4 2480 3357 3740
5987 4 2260 3178 3809
5988 4 3781 3351 3785
5989 4 1388 1080 3409
5990 4 1385 1276 3805
5991 4 1863 3406 3742
5992 4 2829 2297 3724
5993 4 3279 1806 3793
5994 4 2141 2139 3735
5995 4 1646 1642 3702
5996 4 3738 3368 3742
5997 4 1971 1969 3680
5998 4 2663 3777 3778
5999 4 2139 2164 3735
6000 4 2464 2524 3743
6001 4 2439 2645 3240
6002 4 2311 1886 2312
6003 4 1655 1657 3541
6004 4 1968 1967 1969
6005 4 2333 2145 2334
6006 4 2438 2141 3735
6007 4 3181 3219 3750
6008 4 1805 3243 3768
6009 4 2323 2067 2324
6010 4 2849 2324 2850
6011 4 1558 1556 3748
6012 4 3469 3703 3754
6013 4 2838 1822 3092
6014 4 3727 2464 3743
6015 4 3576 2579 3749
6016 4 2541 2434 3734
6017 4 3606 1391 3741
6018 4 1964 1963 1965
6019 4 1747 3712 3725
6020 4 1567 2036 3776
6021 4 2209 2211 2556
6022 4 1020 1418 3773
6023 4 2203 2803 2832
6024 4 1266 1381 1894
6025 4 2877 2875 2878
6026 4 3730 1947 3751
6027 4 2669 2334 3726
6028 4 1649 1648 1650
6029 4 1194 1191 3813
6030 4 2527 2117 3714
6031 4 1258 1256 3753
6032 4 2999 3001 3003
6033 4 1419 1022 3773
6034 4 2792 2653 2796
6035 4 2555 1417 3596
6036 4 1653 1654 1655
6037 4 2602 2319 3755
6038 4 1966 1967 1968
6039 4 2345 2343 3698
6040 4 2576 2575 3791
6041 4 3110 1314 3804
6042 4 2879 2878 2969
6043 4 1653 1652 1654
6044 4 2662 2158 2663
6045 4 2062 2574 3706
6046 4 2663 3748 3777
6047 4 2525 2434 2528
6048 4 2879 2969 2970
6049 4 2877 2878 2879
6050 4 1190 2562 3813
6051 4 2295 3639 3724
6052 4 1837 1891 3822
6053 4 1092 1090 3749
6054 4 2663 2158 3748
6055 4 2573 1920 3746
6056 4 1477 1529 3756
6057 4 1750 3739 3755
6058 4 1920 1993 3746
6059 4 2161 1569 3776
6060 4 2651 2653 2792
6061 4 2297 2295 3724
6062 4 2089 3948 3952
6063 4 2712 2438 3735
6064 4 1806 3771 3793
6065 4 2581 2858 2859
6066 4 1832 1829 3764
6067 4 2543 1324 2544
6068 4 3117 3116 3779
6069 4 1894 2065 2184
6070 4 1964 1965 1966
6071 4 3095 2435 3732
6072 4 2337 2605 3835
6073 4 3610 3073 3811
6074 4 1805 3768 3785
6075 4 2321 3330 3741
6076 4 1966 1965 1967
6077 4 3178 3781 3785
6078 4 3116 2252 3766
6079 4 1016 1013 3792
6080 4 2903 2906 3761
6081 4 3116 3766 3779
6082 4 3923 1278 3926
6083 4 2060 3662 3772
6084 4 1993 2116 3746
6085 4 2252 3614 3766
6086 4 2223 2089 3952
6087 4 1651 1652 1653
6088 4 1648 2066 3747
6089 4 2063 1826 3062
6090 4 2868 2874 2875
6091 4 1651 1650 1652
6092 4 2014 3538 3760
6093 4 3735 2164 3784
6094 4 2068 1650 3747
6095 4 1925 3610 3811
6096 4 1649 1650 1651
6097 4 1890 1835 3822
6098 4 1964 2340 3752
6099 4 3351 1805 3785
6100 4 3178 2332 3809
6101 4 2579 3717 3749
6102 4 3703 3202 3754
6103 4 2326 2443 3765
6104 4 2927 2015 2980
6105 4 2341 3008 3834
6106 4 1577 1575 3366
6107 4 2909 2937 3769
6108 4 3453 1750 3765
6109 4 717 718 833
6110 4 2868 2867 2874
6111 4 3614 3338 3766
6112 4 2951 3818 3842
6113 4 1839 3279 3814
6114 4 1864 3522 3763
6115 4 2434 2432 3734
6116 4 1327 1248 3736
6117 4 3012 3226 3824
6118 4 1639 1637 3744
6119 4 1656 1925 3811
6120 4 2166 2008 2167
6121 4 2605 3829 3849
6122 4 2440 2441 3861
6123 4 2108 2110 2625
6124 4 1090 3576 3749
6125 4 2490 2600 3823
6126 4 2443 2445 3775
6127 4 2066 3702 3786
6128 4 3173 3151 3174
6129 4 2575 3751 3791
6130 4 3097 3095 3732
6131 4 2652 2651 3819
6132 4 1825 1827 3774
6133 4 2315 2331 3768
6134 4 3601 1962 3752
6135 4 1922 1848 3818
6136 4 3396 1359 3832
6137 4 3792 2600 3807
6138 4 3739 2602 3755
6139 4 2508 2206 2963
6140 4 2997 2996 2998
6141 4 3226 3523 3824
6142 4 3782 3504 3783
6143 4 2860 2867 2868
6144 4 2305 2327 3771
6145 4 3765 2443 3775
6146 4 3775 2445 3789
6147 4 2581 2859 2860
6148 4 3453 3765 3775
6149 4 2548 1385 3805
6150 4 3717 3601 3752
6151 4 2871 3573 3815
6152 4 3741 1391 3816
6153 4 1569 1567 3776
6154 4 2860 2859 2867
6155 4 2959 2220 3061
6156 4 2712 3735 3784
6157 4 2270 2366 3820
6158 4 2816 2550 2988
6159 4 1302 3653 3770
6160 4 3293 1839 3821
6161 4 1022 1020 3773
6162 4 1962 1964 3752
6163 4 2927 2980 2981
6164 4 1752 3453 3775
6165 4 3629 1961 3798
6166 4 3768 2331 3785
6167 4 1325 1270 3122
6168 4 3835 2605 3849
6169 4 1961 3671 3798
6170 4 2698 2161 2699
6171 4 3630 1864 3763
6172 4 1894 2184 2580
6173 4 2547 1327 3736
6174 4 2304 3630 3763
6175 4 2067 1639 3744
6176 4 2699 2161 3776
6177 4 2580 2184 2581
6178 4 1752 3775 3789
6179 4 1246 1240 3788
6180 4 3279 3793 3814
6181 4 3596 1300 3780
6182 4 1838 3351 3781
6183 4 2167 2842 3827
6184 4 2814 2547 3736
6185 4 1650 1648 3747
6186 4 3428 3789 3799
6187 4 2339 2128 3829
6188 4 1359 3812 3832
6189 4 1839 3814 3821
6190 4 1590 1596 2795
6191 4 3396 3832 3844
6192 4 3460 1752 3789
6193 4 2331 3178 3785
6194 4 3522 3503 3782
6195 4 3771 2327 3793
6196 4 1830 1886 2311
6197 4 2313 2312 3650
6198 4 1255 1257 3795
6199 4 1902 2554 3803
6200 4 3716 1533 3825
6201 4 3003 3001 3004
6202 4 3224 3843 3867
6203 4 2213 2212 2214
6204 4 2311 2312 2313
6205 4 2484 3105 3796
6206 4 3816 2337 3835
6207 4 2164 3635 3784
6208 4 2605 1398 3831
6209 4 1891 2325 3822
6210 4 2324 2067 3744
6211 4 2015 1577 3366
6212 4 1593 1595 3863
6213 4 2635 2576 3791
6214 4 2327 2329 3793
6215 4 1013 1012 3792
6216 4 1259 1266 3762
6217 4 2973 2912 3802
6218 4 2578 3629 3798
6219 4 2884 2817 2982
6220 4 2925 2929 3839
6221 4 2972 2207 3767
6222 4 2445 2446 3799
6223 4 1276 1273 3805
6224 4 1818 3293 3833
6225 4 404 405 981
6226 4 2031 3151 3173
6227 4 3121 3711 3794
6228 4 2650 2214 2668
6229 4 2863 2555 3780
6230 4 2102 3081 3871
6231 4 1314 1075 3804
6232 4 1917 2333 3794
6233 4 2130 2132 3849
6234 4 2215 2650 2651
6235 4 3799 2446 3808
6236 4 2213 2214 2215
6237 4 2176 1385 2548
6238 4 3746 3418 3812
6239 4 2446 2705 3808
6240 4 1399 3844 3850
6241 4 2603 3716 3825
6242 4 1353 3239 3830
6243 4 2332 2715 3809
6244 4 3210 3964 3968
6245 4 3515 2573 3812
6246 4 2969 2878 3790
6247 4 1399 3396 3844
6248 4 3794 2333 3841
6249 4 3293 3821 3833
6250 4 2627 2934 2935
6251 4 1016 3792 3807
6252 4 1266 1894 3762
6253 4 2997 2998 2999
6254 4 3270 1818 3842
6255 4 2874 3071 3857
6256 4 2651 2650 2653
6257 4 2621 2779 2780
6258 4 1934 1930 3830
6259 4 2472 3782 3783
6260 4 2207 2209 3767
6261 4 3793 2329 3814
6262 4 1996 2173 2174
6263 4 1237 1232 3851
6264 4 3962 1881 3987
6265 4 2925 2926 2928
6266 4 1818 3833 3842
6267 4 2573 3746 3812
6268 4 2187 1612 2359
6269 4 1819 1794 3855
6270 4 1191 1190 3813
6271 4 3711 1915 3794
6272 4 3792 1012 3823
6273 4 1658 1656 3811
6274 4 3708 3707 3810
6275 4 2606 3855 3862
6276 4 1915 1917 3794
6277 4 3483 3907 3910
6278 4 3004 3001 3005
6279 4 2339 3831 3856
6280 4 2555 3596 3780
6281 4 3789 2445 3799
6282 4 1394 3224 3867
6283 4 1391 3387 3816
6284 4 1644 1645 3864
6285 4 2172 2171 2539
6286 4 2209 2556 3767
6287 4 1088 1902 3817
6288 4 3480 2587 3846
6289 4 3902 1275 3922
6290 4 3121 3794 3841
6291 4 2215 2214 2650
6292 4 3473 1375 3869
6293 4 3573 1303 3815
6294 4 2765 2539 2790
6295 4 3907 3311 3910
6296 4 1894 2580 3762
6297 4 2329 2336 3814
6298 4 2600 3792 3823
6299 4 3517 3850 3852
6300 4 2550 2063 3787
6301 4 2344 2606 3858
6302 4 3517 1399 3850
6303 4 987 988 990
6304 4 986 989 2387
6305 4 1848 3270 3818
6306 4 3957 1777 3982
6307 4 2641 2447 2723
6308 4 1817 3121 3841
6309 4 2925 1581 2926
6310 4 2999 2998 3000
6311 4 504 505 927
6312 4 2269 2270 3820
6313 4 1796 1798 3862
6314 4 2999 3000 3001
6315 4 3788 1312 3838
6316 4 1987 2188 2618
6317 4 3814 2336 3821
6318 4 1835 1837 3822
6319 4 3073 2592 3854
6320 4 2651 2792 3819
6321 4 3523 2182 3824
6322 4 2063 3062 3787
6323 4 2461 2629 2735
6324 4 2336 2455 3821
6325 4 2853 2850 3845
6326 4 2042 2039 2833
6327 4 2875 2874 3857
6328 4 1930 1353 3830
6329 4 2580 2581 3848
6330 4 2988 2550 3787
6331 4 1533 3562 3825
6332 4 3812 3418 3832
6333 4 1891 2021 2325
6334 4 3389 3918 3921
6335 4 2214 2212 3745
6336 4 3774 2311 3836
6337 4 1932 1934 3859
6338 4 1272 3795 3848
6339 4 1360 3517 3852
6340 4 3562 3691 3826
6341 4 1012 3716 3823
6342 4 2128 2130 3829
6343 4 3825 3562 3826
6344 4 1398 3481 3831
6345 4 1606 1337 1607
6346 4 1360 3852 3856
6347 4 3795 2580 3848
6348 4 3811 3073 3854
6349 4 2668 2214 3745
6350 4 2347 3452 3870
6351 4 2311 2313 3836
6352 4 3481 1360 3856
6353 4 3904 1282 3912
6354 4 2850 2324 3845
6355 4 1410 1407 3873
6356 4 2339 3829 3831
6357 4 3153 3816 3835
6358 4 1405 2350 3873
6359 4 3821 2455 3833
6360 4 3829 2605 3831
6361 4 2608 2192 3874
6362 4 2652 3473 3869
6363 4 3744 1893 3845
6364 4 3016 3015 3981
6365 4 1817 3841 3858
6366 4 3210 2227 3964
6367 4 1394 3867 3883
6368 4 1610 1609 1611
6369 4 2024 1935 3859
6370 4 3531 1394 3883
6371 4 2350 3465 3875
6372 4 3418 2335 3832
6373 4 2948 2341 3834
6374 4 1311 1293 3913
6375 4 1591 1593 3847
6376 4 1658 3811 3854
6377 4 3790 2878 3857
6378 4 2606 2346 3860
6379 4 2135 3153 3835
6380 4 2455 2457 3833
6381 4 3845 1893 3876
6382 4 2461 2101 2629
6383 4 3832 2335 3844
6384 4 3039 2970 3937
6385 4 1852 3774 3836
6386 4 2617 2356 3973
6387 4 3985 1397 3989
6388 4 2174 2540 2786
6389 4 3877 3292 3896
6390 4 1911 1853 3877
6391 4 3854 2592 3868
6392 4 2813 2814 3837
6393 4 3833 2457 3842
6394 4 1842 3210 3968
6395 4 2335 3461 3844
6396 4 1594 1592 3840
6397 4 2853 3845 3876
6398 4 3844 3461 3850
6399 4 2224 2046 2627
6400 4 1987 2618 3899
6401 4 2457 2951 3842
6402 4 2135 3835 3849
6403 4 2132 2135 3849
6404 4 1608 1607 1609
6405 4 2587 2588 3846
6406 4 1252 1253 3893
6407 4 2970 3881 3920
6408 4 3531 3883 3894
6409 4 2333 2342 3841
6410 4 2091 3405 3990
6411 4 2592 2352 3868
6412 4 2814 3788 3838
6413 4 3850 2338 3852
6414 4 3405 3989 3990
6415 4 1312 1237 3851
6416 4 3461 2338 3850
6417 4 2868 2876 3879
6418 4 1645 2003 3864
6419 4 1299 1310 3888
6420 4 2338 3364 3852
6421 4 3858 2606 3862
6422 4 1935 1932 3859
6423 4 3852 3364 3856
6424 4 3841 2342 3858
6425 4 1252 3893 3900
6426 4 2924 2925 3839
6427 4 1794 1796 3855
6428 4 3628 1658 3854
6429 4 2351 3463 3901
6430 4 2618 2188 2619
6431 4 3364 2339 3856
6432 4 3753 1383 3882
6433 4 2091 3990 3991
6434 4 3580 2582 3887
6435 4 3018 3980 3981
6436 4 2222 2091 3991
6437 4 2607 3454 3898
6438 4 2346 2449 3860
6439 4 1104 3906 3907
6440 4 2581 2860 3848
6441 4 3717 3752 3843
6442 4 2787 2786 2788
6443 4 1340 3531 3894
6444 4 1115 1275 3897
6445 4 1339 3717 3843
6446 4 3752 2340 3843
6447 4 2324 3744 3845
6448 4 3897 2612 3916
6449 4 2001 2007 3872
6450 4 3868 2352 3878
6451 4 2342 2344 3858
6452 4 2187 2359 2778
6453 4 3026 3977 3984
6454 4 2878 2875 3857
6455 4 3009 2440 3861
6456 4 2619 2188 2809
6457 4 3843 2340 3867
6458 4 3860 2449 3884
6459 4 2174 2786 2787
6460 4 1819 3855 3860
6461 4 3837 2814 3838
6462 4 1595 1996 3863
6463 4 1868 3205 3937
6464 4 1340 3894 3901
6465 4 2352 2348 3878
6466 4 3533 1282 3904
6467 4 2005 2004 2046
6468 4 3993 2375 3994
6469 4 1798 1817 3862
6470 4 3628 3854 3868
6471 4 1104 1102 3906
6472 4 2441 3241 3865
6473 4 3114 1252 3900
6474 4 1375 3288 3869
6475 4 2612 2353 3912
6476 4 1272 3848 3879
6477 4 2101 1594 3840
6478 4 3855 2606 3860
6479 4 3879 2876 3893
6480 4 2931 3877 3896
6481 4 3284 1819 3884
6482 4 3878 2348 3892
6483 4 3901 3463 3906
6484 4 1819 3860 3884
6485 4 2190 2347 3866
6486 4 1996 2174 3863
6487 4 1121 1124 3915
6488 4 1111 1113 3916
6489 4 3872 2172 3932
6490 4 1987 2187 2188
6491 4 3817 1902 3890
6492 4 2340 3715 3867
6493 4 3452 1410 3870
6494 4 1817 3858 3862
6495 4 3284 3884 3891
6496 4 1610 1611 1612
6497 4 2080 3628 3868
6498 4 1384 3114 3914
6499 4 3483 1104 3907
6500 4 1849 3284 3891
6501 4 1407 1405 3873
6502 4 2224 2627 2666
6503 4 3848 2860 3879
6504 4 2348 2355 3892
6505 4 3342 3345 3922
6506 4 1125 1278 3921
6507 4 2192 3362 3874
6508 4 3310 3309 3909
6509 4 3874 2350 3875
6510 4 3311 3310 3910
6511 4 1893 3120 3876
6512 4 2864 3817 3890
6513 4 1987 1612 2187
6514 4 3133 1384 3920
6515 4 2608 3874 3875
6516 4 3323 2373 3962
6517 4 3251 3252 3930
6518 4 3465 1403 3875
6519 4 2080 3868 3878
6520 4 1317 1337 1606
6521 4 3216 3986 3997
6522 4 3312 2609 3905
6523 4 1596 3847 3889
6524 4 3292 1849 3896
6525 4 2629 2101 3840
6526 4 3310 3909 3910
6527 4 1849 3891 3896
6528 4 1608 1609 1610
6529 4 1275 1117 3924
6530 4 3918 1124 3921
6531 4 2609 2608 3903
6532 4 3309 3312 3908
6533 4 2609 3903 3905
6534 4 3867 3715 3883
6535 4 3892 2355 3898
6536 4 1988 1616 2880
6537 4 3312 3905 3908
6538 4 3309 3908 3909
6539 4 2919 2574 3950
6540 4 2354 2612 3902
6541 4 1384 3914 3920
6542 4 1610 1612 1987
6543 4 3544 2080 3878
6544 4 2617 3949 3971
6545 4 1853 3292 3877
6546 4 1242 3133 3881
6547 4 2174 2787 3863
6548 4 1129 1131 3925
6549 4 1606 1607 1608
6550 4 2005 2046 2224
6551 4 2804 2544 3880
6552 4 3114 3900 3914
6553 4 2615 2614 3926
6554 4 3345 2354 3902
6555 4 3258 3262 3938
6556 4 2544 3753 3882
6557 4 2607 3898 3904
6558 4 3544 3878 3892
6559 4 3925 3252 3928
6560 4 1278 1127 3928
6561 4 2449 2451 3884
6562 4 3805 1325 3919
6563 4 2860 2868 3879
6564 4 2582 2583 3887
6565 4 2614 2616 3923
6566 4 1611 1614 3911
6567 4 1588 2027 2842
6568 4 3715 2349 3883
6569 4 3884 2451 3891
6570 4 2607 3904 3912
6571 4 3039 3937 3967
6572 4 1135 1137 3933
6573 4 3256 3254 3934
6574 4 2188 2187 3853
6575 4 3883 2349 3894
6576 4 2172 2765 3932
6577 4 3389 3343 3918
6578 4 1253 1272 3893
6579 4 3875 1403 3903
6580 4 2040 2171 2172
6581 4 2809 2188 3853
6582 4 2608 3875 3903
6583 4 2084 3544 3892
6584 4 1606 1608 2563
6585 4 2451 2506 3891
6586 4 2349 3609 3894
6587 4 2723 2447 2724
6588 4 1272 3879 3893
6589 4 3933 3262 3935
6590 4 1262 1133 3935
6591 4 3930 1262 3934
6592 4 2187 2778 3853
6593 4 3880 2544 3882
6594 4 994 1422 3931
6595 4 1614 2005 3911
6596 4 1140 1141 3936
6597 4 2612 3912 3916
6598 4 3891 2506 3896
6599 4 3936 3260 3938
6600 4 3770 2840 3927
6601 4 3893 2876 3900
6602 4 2172 2539 2765
6603 4 2084 3892 3898
6604 4 2829 3770 3927
6605 4 1902 3803 3890
6606 4 3261 3260 3939
6607 4 1285 1280 3969
6608 4 3894 3609 3901
6609 4 2506 2931 3896
6610 4 2006 2000 3895
6611 4 2359 1612 3911
6612 4 1113 1115 3897
6613 4 3454 2084 3898
6614 4 3408 1877 3944
6615 4 2613 3965 3966
6616 4 1279 2175 3969
6617 4 3906 3463 3907
6618 4 3945 3458 3946
6619 4 1402 3564 3945
6620 4 3184 2223 3955
6621 4 3031 3030 3951
6622 4 3609 2351 3901
6623 4 1737 1735 3949
6624 4 3897 1275 3902
6625 4 2876 2877 3900
6626 4 1879 3954 3976
6627 4 1335 1343 4000
6628 4 3343 3344 3918
6629 4 1403 3464 3903
6630 4 3903 3464 3905
6631 4 2355 3533 3904
6632 4 986 987 989
6633 4 2610 3944 3959
6634 4 3464 1332 3905
6635 4 987 985 988
6636 4 4009 2812 4016
6637 4 1779 1777 3957
6638 4 3218 2357 3954
6639 4 1102 1340 3906
6640 4 3905 1332 3908
6641 4 1293 1299 3913
6642 4 1332 3466 3908
6643 4 3463 3311 3907
6644 4 3322 3363 3961
6645 4 1340 3901 3906
6646 4 3466 1400 3909
6647 4 2784 2170 4021
6648 4 3908 3466 3909
6649 4 3909 1400 3910
6650 4 2611 3521 3960
6651 4 1400 3483 3910
6652 4 1587 1586 1588
6653 4 2574 2180 3950
6654 4 3520 1881 3962
6655 4 3922 1275 3924
6656 4 1614 2004 2005
6657 4 2373 2238 3962
6658 4 2353 2607 3912
6659 4 3900 2877 3914
6660 4 1413 3486 3966
6661 4 3951 3033 3972
6662 4 1338 1330 4002
6663 4 1119 1121 3915
6664 4 1282 1111 3916
6665 4 2612 3897 3902
6666 4 2616 3389 3923
6667 4 2877 2879 3914
6668 4 3915 1124 3918
6669 4 1310 1317 3888
6670 4 3898 2355 3904
6671 4 2970 2969 3937
6672 4 3914 2879 3920
6673 4 2166 2167 3958
6674 4 2548 3805 3919
6675 4 1119 3915 3924
6676 4 3956 1771 3978
6677 4 3915 3344 3924
6678 4 1789 1841 3979
6679 4 2374 2568 3976
6680 4 3953 1791 3979
6681 4 2269 3820 3966
6682 4 3026 3028 3977
6683 4 1769 1843 3978
6684 4 3018 3020 3980
6685 4 3323 3962 3987
6686 4 3145 2222 3992
6687 4 2879 2970 3920
6688 4 3820 2613 3966
6689 4 1597 1361 1598
6690 4 1781 1878 3983
6691 4 1775 1879 3982
6692 4 1124 1125 3921
6693 4 3016 3957 3982
6694 4 1397 3550 3989
6695 4 3344 3342 3922
6696 4 2447 2006 3895
6697 4 2181 3872 3932
6698 4 1534 2755 2760
6699 4 2841 2202 4004
6700 4 2375 3138 3994
6701 4 2785 1988 2880
6702 4 1761 1884 3995
6703 4 3921 1278 3923
6704 4 1117 1119 3924
6705 4 3216 3217 3986
6706 4 1612 1611 3911
6707 4 3926 1278 3928
6708 4 1317 1606 3888
6709 4 1610 1987 3899
6710 4 1342 1334 2915
6711 4 3912 1282 3916
6712 4 3252 3925 3930
6713 4 1606 2563 3888
6714 4 1131 1262 3925
6715 4 3917 2548 3919
6716 4 3252 2615 3926
6717 4 1608 1610 3899
6718 4 1873 1793 3953
6719 4 2831 2829 3927
6720 4 1793 1791 3953
6721 4 3254 3251 3930
6722 4 1773 1771 3956
6723 4 1127 1129 3928
6724 4 1879 1773 3956
6725 4 2563 1608 3899
6726 4 2724 2447 3895
6727 4 3934 1262 3935
6728 4 1372 994 3931
6729 4 2969 1868 3937
6730 4 3344 3915 3918
6731 4 3961 1234 3975
6732 4 1298 1292 3998
6733 4 1137 1140 3933
6734 4 3262 3933 3938
6735 4 3262 3256 3934
6736 4 3405 3985 3989
6737 4 3940 3378 3942
6738 4 1733 1842 3971
6739 4 1873 3951 3972
6740 4 3260 3258 3938
6741 4 1133 1135 3935
6742 4 3980 1878 3981
6743 4 1141 1263 3936
6744 4 3344 3922 3924
6745 4 1311 3913 3999
6746 4 3260 3936 3939
6747 4 3267 3940 3942
6748 4 3031 3953 3979
6749 4 3037 3967 3970
6750 4 3977 1841 3984
6751 4 3218 3956 3978
6752 4 2692 2693 2719
6753 4 3037 3039 3967
6754 4 3949 2617 3973
6755 4 3378 3385 3942
6756 4 3265 3261 3939
6757 4 3939 1263 3940
6758 4 3265 3939 3940
6759 4 2223 3952 3955
6760 4 3957 3016 3981
6761 4 1599 1598 1600
6762 4 3955 2364 3959
6763 4 3385 1243 3941
6764 4 1263 3378 3940
6765 4 3267 3265 3940
6766 4 3389 3921 3923
6767 4 3986 1843 3997
6768 4 1884 3993 3994
6769 4 2597 3267 3942
6770 4 2371 2597 3941
6771 4 3941 1243 3943
6772 4 2364 2610 3959
6773 4 1243 3369 3943
6774 4 3035 3037 3970
6775 4 2371 3941 3943
6776 4 1604 1603 2108
6777 4 2230 3408 3944
6778 4 2358 2371 3943
6779 4 3943 3369 3946
6780 4 3033 3035 3972
6781 4 3369 1402 3946
6782 4 2358 3943 3946
6783 4 1601 1600 1603
6784 4 3385 3941 3942
6785 4 2230 3944 3947
6786 4 1735 1733 3971
6787 4 3458 2358 3946
6788 4 3564 2361 3945
6789 4 3375 2230 3947
6790 4 3945 2361 3948
6791 4 3035 3970 3972
6792 4 3941 2597 3942
6793 4 2373 3961 3975
6794 4 2361 2362 3948
6795 4 1880 1737 3949
6796 4 3375 3960 3963
6797 4 3948 2362 3952
6798 4 3030 3033 3951
6799 4 3983 3023 3988
6800 4 2360 3375 3963
6801 4 3031 3951 3953
6802 4 2362 2364 3952
6803 4 2180 2815 3950
6804 4 2356 2372 3973
6805 4 2357 2374 3954
6806 4 2005 2224 3929
6807 4 3325 3184 3955
6808 4 2613 2360 3965
6809 4 2360 3963 3965
6810 4 3023 3024 3988
6811 4 1879 3976 3982
6812 4 3973 2372 3974
6813 4 3325 3955 3959
6814 4 1841 3977 3979
6815 4 3947 2611 3960
6816 4 1878 1779 3957
6817 4 3024 3026 3984
6818 4 3974 3321 3987
6819 4 2372 3321 3974
6820 4 3218 3954 3956
6821 4 3015 3018 3981
6822 4 1877 3325 3959
6823 4 1878 3980 3983
6824 4 3992 2370 3993
6825 4 3978 1843 3986
6826 4 3024 3984 3988
6827 4 3321 3323 3987
6828 4 1311 3999 4006
6829 4 3521 1239 3960
6830 4 3363 1234 3961
6831 4 2370 2375 3993
6832 4 2222 3991 3992
6833 4 3960 1239 3963
6834 4 2238 3520 3962
6835 4 1884 3994 3995
6836 4 3996 3142 3997
6837 4 3995 3141 3996
6838 4 3252 3926 3928
6839 4 3141 3142 3996
6840 4 1239 3472 3963
6841 4 3142 3216 3997
6842 4 2027 2028 2469
6843 4 3964 2366 3968
6844 4 1234 3324 3975
6845 4 3975 3324 3985
6846 4 3963 3472 3965
6847 4 3820 2366 3964
6848 4 3324 1397 3985
6849 4 3472 1413 3965
6850 4 2359 3911 3929
6851 4 3911 2005 3929
6852 4 2028 1589 2092
6853 4 1588 1589 2027
6854 4 2469 2470 2692
6855 4 3486 2269 3966
6856 4 3205 1870 3967
6857 4 3925 1262 3930
6858 4 3967 1870 3970
6859 4 2692 2470 2693
6860 4 2366 2617 3968
6861 4 1280 1279 3969
6862 4 3262 3934 3935
6863 4 1601 1604 2170
6864 4 3227 1873 3972
6865 4 1870 3227 3970
6866 4 3970 3227 3972
6867 4 2833 2834 4008
6868 4 2202 2203 4004
6869 4 3951 1873 3953
6870 4 1880 3973 3974
6871 4 3353 1880 3974
6872 4 1783 3983 3988
6873 4 3353 3974 3987
6874 4 2568 3016 3976
6875 4 1791 1789 3979
6876 4 2365 2373 3975
6877 4 1771 1769 3978
6878 4 3028 3031 3977
6879 4 2008 1588 2842
6880 4 3020 3023 3980
6881 4 3954 1879 3956
6882 4 2365 3975 3985
6883 4 3294 1783 3988
6884 4 1777 1775 3982
6885 4 1783 1781 3983
6886 4 3933 1140 3938
6887 4 3217 3218 3986
6888 4 1881 3353 3987
6889 4 3405 2365 3985
6890 4 1841 3294 3984
6891 4 3550 2367 3989
6892 4 1604 2108 2109
6893 4 3984 3294 3988
6894 4 2367 2368 3990
6895 4 3989 2367 3990
6896 4 2469 2028 2470
6897 4 3990 2368 3991
6898 4 3348 3992 3993
6899 4 2368 2370 3991
6900 4 3348 3145 3992
6901 4 1884 3348 3993
6902 4 3936 1263 3939
6903 4 3138 3141 3994
6904 4 1763 1761 3995
6905 4 1763 3995 3996
6906 4 3365 3996 3997
6907 4 1843 3365 3997
6908 4 1364 1342 2915
6909 4 1321 1319 4007
6910 4 3365 1763 3996
6911 4 2027 1589 2028
6912 4 1601 1603 1604
6913 4 3952 2364 3955
6914 4 1842 3968 3971
6915 4 2837 2552 4011
6916 4 3375 3947 3960
6917 4 1349 1361 1597
6918 4 2843 2844 4010
6919 4 2938 2848 4012
6920 4 1599 1600 1601
6921 4 1341 1298 3998
6922 4 3977 3031 3979
6923 4 3976 3016 3982
6924 4 3980 3023 3983
6925 4 1588 1586 1589
6926 4 3218 3978 3986
6927 4 1597 1598 1599
6928 4 3899 2618 3999
6929 4 3991 2370 3992
6930 4 3913 2563 3999
6931 4 1880 3949 3973
6932 4 2923 1311 4006
6933 4 3994 3141 3995
6934 4 2837 4011 4017
6935 4 1878 3957 3981
6936 4 3968 2617 3971
6937 4 2563 3899 3999
6938 4 3999 2618 4006
6939 4 1288 2923 4009
6940 4 1308 1286 4009
6941 4 2844 1355 4001
6942 4 2749 2169 2750
6943 4 1356 1351 2873
6944 4 1330 1335 4002
6945 4 1597 1599 2552
6946 4 2167 2008 2842
6947 4 984 986 2793
6948 4 986 985 987
6949 4 4001 1355 4007
6950 4 2203 2832 4004
6951 4 2777 3929 4019
6952 4 2470 2028 4005
6953 4 1355 1321 4007
6954 4 2092 1589 4003
6955 4 2618 2619 4006
6956 4 1343 1349 4000
6957 4 2028 2092 4005
6958 4 2886 1308 4016
6959 4 2811 2056 4013
6960 4 2823 2042 4025
6961 4 2056 1844 4013
6962 4 1836 2938 4013
6963 4 1364 2915 4003
6964 4 2380 2648 4018
6965 4 1349 1597 4000
6966 4 1597 2552 4000
6967 4 2092 4003 4010
6968 4 1371 1363 4022
6969 4 1586 1364 4003
6970 4 4003 2915 4010
6971 4 1589 1586 4003
6972 4 2169 2166 3958
6973 4 1373 1356 2873
6974 4 2042 2833 4008
6975 4 2729 2503 4018
6976 4 1286 1288 4009
6977 4 2385 2752 2753
6978 4 1601 2170 4011
6979 4 2915 2843 4010
6980 4 2794 3889 4014
6981 4 1420 1365 4020
6982 4 2386 2384 2503
6983 4 4010 2844 4015
6984 4 2384 2380 4018
6985 4 2552 1599 4011
6986 4 3929 2224 4019
6987 4 1366 1378 4022
6988 4 1535 1420 2011
6989 4 2788 2789 4014
6990 4 2812 2810 4016
6991 4 4068 969 4071
6992 4 2504 2503 2728
6993 4 2501 4023 4024
6994 4 1599 1601 4011
6995 4 3889 2788 4014
6996 4 2848 2820 4012
6997 4 2750 2169 3958
6998 4 1844 1836 4013
6999 4 2386 2503 2504
7000 4 2836 2837 4017
7001 4 2538 1420 4020
7002 4 2385 2384 2386
7003 4 2092 4010 4015
7004 4 2380 2379 2648
7005 4 2385 2386 2752
7006 4 2170 1604 4021
7007 4 4005 2092 4015
7008 4 2766 2437 2767
7009 4 984 985 986
7010 4 2011 2538 4023
7011 4 2224 2666 4019
7012 4 2025 2159 2160
7013 4 2378 2377 2379
7014 4 2383 2384 2385
7015 4 1378 2376 4022
7016 4 1362 1373 4020
7017 4 2378 2379 2380
7018 4 2378 2380 2383
7019 4 2383 2380 2384
7020 4 2100 2011 2501
7021 4 2503 2384 4018
7022 4 2376 1534 2377
7023 4 1365 1362 4020
7024 4 2501 2011 4023
7025 4 4066 4067 4068
7026 4 1604 2109 4021
7027 4 2470 4005 4025
7028 4 1363 1366 4022
7029 4 2376 2377 2378
7030 4 4005 2823 4025
7031 4 827 3659 4372
7032 4 1378 1534 2376
7033 4 2011 1420 2538
7034 4 2377 1534 2760
7035 4 2376 2378 4026
7036 4 1000 1471 4028
7037 4 4027 1361 4032
7038 4 4022 2376 4026
7039 4 2693 2470 4025
7040 4 1371 4022 4026
7041 4 2752 2386 4029
7042 4 1352 4031 4032
7043 4 2378 2383 4026
7044 4 1352 1357 4031
7045 4 983 2437 2766
7046 4 984 983 985
7047 4 2772 2774 4028
7048 4 2385 2753 4030
7049 4 4066 4065 4067
7050 4 2744 2745 2746
7051 4 1350 1352 4032
7052 4 2753 2752 4027
7053 4 4030 2753 4031
7054 4 1002 1000 4028
7055 4 2386 2504 4029
7056 4 4026 2383 4030
7057 4 1371 4026 4030
7058 4 2756 2758 2759
7059 4 2383 2385 4030
7060 4 4031 2753 4032
7061 4 4138 898 4143
7062 4 1357 1371 4031
7063 4 1532 1004 4034
7064 4 1371 4030 4031
7065 4 4028 2774 4034
7066 4 2012 1445 4039
7067 4 2753 4027 4032
7068 4 2775 4035 4038
7069 4 1002 4028 4034
7070 4 2144 2002 2743
7071 4 2744 2010 2745
7072 4 3690 1532 4038
7073 4 1440 1380 4036
7074 4 996 2887 4037
7075 4 998 996 4037
7076 4 983 982 2437
7077 4 871 983 984
7078 4 984 2793 4040
7079 4 1004 1002 4034
7080 4 973 4065 4066
7081 4 883 4099 4111
7082 4 1532 4034 4038
7083 4 441 871 4040
7084 4 440 441 4040
7085 4 2025 2160 4039
7086 4 3691 3690 4035
7087 4 1471 998 4037
7088 4 2774 2775 4038
7089 4 1445 2025 4039
7090 4 4034 2774 4038
7091 4 2743 2744 4033
7092 4 2659 2743 4033
7093 4 2010 1440 4036
7094 4 2659 2144 2743
7095 4 871 984 4040
7096 4 2160 2742 4039
7097 4 2160 2741 2742
7098 4 973 4066 4075
7099 4 2436 3661 4089
7100 4 871 982 983
7101 4 2436 4089 4111
7102 4 973 4064 4065
7103 4 4080 974 4081
7104 4 2771 2769 4104
7105 4 871 442 982
7106 4 442 443 982
7107 4 763 764 4041
7108 4 764 884 4041
7109 4 878 762 4042
7110 4 762 763 4042
7111 4 769 770 4043
7112 4 770 889 4043
7113 4 449 899 4044
7114 4 448 449 4044
7115 4 872 448 4044
7116 4 434 435 4045
7117 4 898 434 4045
7118 4 435 886 4045
7119 4 450 451 4046
7120 4 451 866 4046
7121 4 899 450 4046
7122 4 774 775 4047
7123 4 775 900 4047
7124 4 754 755 4048
7125 4 901 754 4048
7126 4 888 774 4047
7127 4 755 873 4048
7128 4 865 752 4049
7129 4 752 753 4049
7130 4 429 430 4050
7131 4 902 429 4050
7132 4 753 901 4049
7133 4 430 891 4050
7134 4 456 904 4051
7135 4 455 456 4051
7136 4 874 455 4051
7137 4 458 863 4052
7138 4 457 458 4052
7139 4 904 457 4052
7140 4 903 781 4053
7141 4 781 782 4053
7142 4 424 425 4054
7143 4 905 424 4054
7144 4 425 893 4054
7145 4 782 783 4055
7146 4 783 895 4055
7147 4 861 745 4056
7148 4 745 746 4056
7149 4 746 906 4056
7150 4 784 785 4057
7151 4 785 907 4057
7152 4 895 784 4057
7153 4 463 908 4058
7154 4 462 463 4058
7155 4 876 462 4058
7156 4 967 419 4059
7157 4 419 420 4059
7158 4 420 896 4059
7159 4 465 859 4060
7160 4 464 465 4060
7161 4 908 464 4060
7162 4 971 417 4061
7163 4 417 418 4061
7164 4 418 967 4061
7165 4 790 962 4062
7166 4 789 790 4062
7167 4 897 789 4062
7168 4 467 910 4063
7169 4 466 467 4063
7170 4 859 466 4063
7171 4 973 415 4064
7172 4 415 416 4064
7173 4 416 971 4064
7174 4 468 469 4074
7175 4 469 860 4074
7176 4 910 468 4074
7177 4 413 414 4075
7178 4 975 413 4075
7179 4 414 973 4075
7180 4 736 737 4076
7181 4 911 736 4076
7182 4 737 856 4076
7183 4 470 471 4077
7184 4 471 912 4077
7185 4 411 412 4078
7186 4 974 411 4078
7187 4 860 470 4077
7188 4 412 975 4078
7189 4 734 735 4079
7190 4 853 734 4079
7191 4 735 911 4079
7192 4 409 410 4080
7193 4 410 974 4080
7194 4 472 473 4082
7195 4 473 857 4082
7196 4 912 472 4082
7197 4 408 409 4083
7198 4 978 408 4083
7199 4 798 799 4084
7200 4 976 798 4084
7201 4 913 732 4085
7202 4 732 733 4085
7203 4 733 853 4085
7204 4 474 475 4086
7205 4 475 914 4086
7206 4 800 980 4087
7207 4 799 800 4087
7208 4 857 474 4086
7209 4 477 854 4088
7210 4 476 477 4088
7211 4 914 476 4088
7212 4 3661 3665 4089
7213 4 728 729 4090
7214 4 915 728 4090
7215 4 729 850 4090
7216 4 478 479 4091
7217 4 479 916 4091
7218 4 854 478 4091
7219 4 883 439 4099
7220 4 843 726 4092
7221 4 726 727 4092
7222 4 727 915 4092
7223 4 480 481 4093
7224 4 481 851 4093
7225 4 916 480 4093
7226 4 483 918 4095
7227 4 482 483 4095
7228 4 851 482 4095
7229 4 722 723 4096
7230 4 832 722 4096
7231 4 723 917 4096
7232 4 484 485 4097
7233 4 485 846 4097
7234 4 918 484 4097
7235 4 4040 2793 4099
7236 4 439 440 4099
7237 4 2769 2767 4116
7238 4 487 920 4098
7239 4 486 487 4098
7240 4 846 486 4098
7241 4 2793 2387 4111
7242 4 4089 883 4111
7243 4 444 870 4105
7244 4 763 4041 4042
7245 4 2437 982 4105
7246 4 924 711 4100
7247 4 711 712 4100
7248 4 712 828 4100
7249 4 4053 782 4055
7250 4 836 709 4102
7251 4 709 710 4102
7252 4 710 924 4102
7253 4 440 4040 4099
7254 4 409 4080 4083
7255 4 702 703 4103
7256 4 928 702 4103
7257 4 703 825 4103
7258 4 4084 799 4087
7259 4 2776 2771 4104
7260 4 3865 3241 4118
7261 4 2667 2474 4118
7262 4 443 444 4105
7263 4 982 443 4105
7264 4 512 513 4106
7265 4 513 931 4106
7266 4 839 512 4106
7267 4 693 694 4107
7268 4 932 693 4107
7269 4 694 822 4107
7270 4 517 518 4108
7271 4 518 934 4108
7272 4 820 517 4108
7273 4 936 684 4109
7274 4 684 685 4109
7275 4 685 816 4109
7276 4 530 939 4110
7277 4 529 530 4110
7278 4 866 4149 4153
7279 4 879 529 4110
7280 4 2387 2436 4111
7281 4 438 883 4120
7282 4 675 676 4112
7283 4 938 675 4112
7284 4 676 811 4112
7285 4 4105 870 4116
7286 4 848 3778 4357
7287 4 941 670 4113
7288 4 670 671 4113
7289 4 671 810 4113
7290 4 4089 3665 4120
7291 4 870 445 4122
7292 4 2437 4105 4116
7293 4 883 4089 4120
7294 4 544 809 4115
7295 4 543 544 4115
7296 4 942 543 4115
7297 4 546 943 4117
7298 4 545 546 4117
7299 4 2767 2437 4116
7300 4 809 545 4117
7301 4 2474 3865 4118
7302 4 886 436 4126
7303 4 603 604 979
7304 4 2776 4104 4122
7305 4 4104 870 4122
7306 4 4120 3665 4126
7307 4 2702 2731 4204
7308 4 946 655 4119
7309 4 655 656 4119
7310 4 656 882 4119
7311 4 447 872 4129
7312 4 437 438 4120
7313 4 3664 3530 4131
7314 4 2776 4122 4129
7315 4 3659 827 4396
7316 4 649 650 4121
7317 4 845 649 4121
7318 4 650 948 4121
7319 4 2775 2773 4132
7320 4 2697 2302 4133
7321 4 2251 3443 4133
7322 4 445 446 4122
7323 4 4164 902 4170
7324 4 3393 3582 4136
7325 4 564 951 4123
7326 4 563 564 4123
7327 4 848 563 4123
7328 4 952 642 4124
7329 4 642 643 4124
7330 4 643 821 4124
7331 4 437 4120 4126
7332 4 886 4126 4131
7333 4 3693 2453 4138
7334 4 4146 2626 4152
7335 4 849 640 4125
7336 4 640 641 4125
7337 4 641 952 4125
7338 4 3530 3529 4137
7339 4 436 437 4126
7340 4 4129 872 4132
7341 4 953 638 4127
7342 4 638 639 4127
7343 4 639 849 4127
7344 4 4131 3530 4137
7345 4 569 954 4128
7346 4 568 569 4128
7347 4 824 568 4128
7348 4 4122 446 4129
7349 4 2775 4132 4139
7350 4 4035 2775 4139
7351 4 446 447 4129
7352 4 2722 928 4325
7353 4 942 3670 4228
7354 4 955 633 4130
7355 4 633 634 4130
7356 4 634 826 4130
7357 4 3529 3693 4143
7358 4 3447 3449 4145
7359 4 3670 3668 4145
7360 4 4126 3665 4131
7361 4 3665 3664 4131
7362 4 897 3180 4332
7363 4 819 559 4142
7364 4 560 950 4142
7365 4 3691 4035 4144
7366 4 2776 4129 4132
7367 4 2630 4161 4167
7368 4 4137 3529 4143
7369 4 958 628 4134
7370 4 628 629 4134
7371 4 433 898 4146
7372 4 2773 2776 4132
7373 4 2302 2251 4133
7374 4 629 830 4134
7375 4 2491 2604 4149
7376 4 579 959 4135
7377 4 578 579 4135
7378 4 4348 4119 4390
7379 4 834 578 4135
7380 4 3394 3393 4136
7381 4 863 4195 4203
7382 4 527 528 4147
7383 4 4035 4139 4144
7384 4 4198 905 4209
7385 4 886 4131 4137
7386 4 3691 4144 4148
7387 4 3081 2460 4150
7388 4 2461 2736 4150
7389 4 2453 2626 4138
7390 4 813 3190 4305
7391 4 4045 886 4137
7392 4 431 432 4152
7393 4 4132 872 4139
7394 4 721 832 4151
7395 4 919 720 4151
7396 4 3384 3383 4155
7397 4 3442 3441 4155
7398 4 743 744 4154
7399 4 583 960 4140
7400 4 582 583 4140
7401 4 872 4044 4139
7402 4 3826 3691 4148
7403 4 852 582 4140
7404 4 3538 3539 4157
7405 4 961 623 4141
7406 4 623 624 4141
7407 4 4056 3135 4418
7408 4 624 847 4141
7409 4 2509 2465 4158
7410 4 559 560 4142
7411 4 4177 3432 4189
7412 4 4066 4068 4162
7413 4 920 488 4160
7414 4 489 831 4160
7415 4 866 452 4161
7416 4 4045 4137 4143
7417 4 898 4138 4146
7418 4 898 4045 4143
7419 4 3525 2458 4164
7420 4 2604 3826 4153
7421 4 4139 4044 4144
7422 4 841 521 4163
7423 4 522 935 4163
7424 4 3668 3447 4145
7425 4 4044 899 4144
7426 4 4275 2657 4278
7427 4 3568 3567 4168
7428 4 3469 3754 4168
7429 4 3826 4148 4153
7430 4 975 4075 4162
7431 4 924 4100 4192
7432 4 453 454 4167
7433 4 3809 2715 4169
7434 4 2452 3583 4159
7435 4 4144 899 4148
7436 4 3778 848 4440
7437 4 432 433 4146
7438 4 528 879 4147
7439 4 406 407 4171
7440 4 3566 2500 4174
7441 4 3673 3135 4174
7442 4 2757 2742 4176
7443 4 2630 2491 4149
7444 4 899 4046 4148
7445 4 4159 3583 4165
7446 4 4138 2626 4146
7447 4 506 507 4175
7448 4 2638 4211 4220
7449 4 428 902 4177
7450 4 3758 2942 4206
7451 4 750 751 4179
7452 4 4218 2640 4222
7453 4 2460 2461 4150
7454 4 2733 850 4300
7455 4 3583 2459 4165
7456 4 2696 2444 4183
7457 4 2442 2649 4183
7458 4 889 771 4182
7459 4 2710 2450 4184
7460 4 2448 2695 4184
7461 4 2781 2783 4185
7462 4 3886 2780 4185
7463 4 720 721 4151
7464 4 2454 2694 4186
7465 4 2714 2456 4186
7466 4 891 431 4152
7467 4 2626 2452 4159
7468 4 3190 813 4351
7469 4 4148 4046 4153
7470 4 725 843 4188
7471 4 917 724 4188
7472 4 4113 810 4250
7473 4 426 427 4189
7474 4 744 861 4154
7475 4 591 965 4156
7476 4 590 591 4156
7477 4 4149 866 4161
7478 4 2475 2667 4190
7479 4 3152 3150 4190
7480 4 4046 866 4153
7481 4 3441 3384 4155
7482 4 862 590 4156
7483 4 2728 2730 4226
7484 4 2472 3783 4192
7485 4 3760 3538 4157
7486 4 2459 3525 4170
7487 4 2733 2622 4193
7488 4 2623 3685 4193
7489 4 2465 2473 4158
7490 4 2462 2479 4195
7491 4 4165 2459 4170
7492 4 928 4103 4325
7493 4 488 489 4160
7494 4 4223 2741 4345
7495 4 3002 2996 4429
7496 4 907 786 4197
7497 4 2487 2489 4173
7498 4 963 588 4172
7499 4 3518 2511 4198
7500 4 452 453 4161
7501 4 4090 3685 4478
7502 4 4075 4066 4162
7503 4 891 4159 4165
7504 4 589 862 4172
7505 4 2737 705 4283
7506 4 2644 2920 4215
7507 4 521 522 4163
7508 4 930 510 4199
7509 4 511 839 4199
7510 4 2489 2630 4173
7511 4 4008 2834 4202
7512 4 3670 942 4290
7513 4 2719 2693 4202
7514 4 2487 4173 4180
7515 4 2458 3432 4164
7516 4 592 593 4166
7517 4 593 867 4166
7518 4 3278 947 4219
7519 4 2940 2702 4204
7520 4 4050 891 4165
7521 4 959 2724 4427
7522 4 964 2738 4424
7523 4 965 592 4166
7524 4 3180 897 4442
7525 4 797 976 4207
7526 4 2723 852 4389
7527 4 2485 2487 4180
7528 4 454 874 4167
7529 4 3567 3469 4168
7530 4 942 4115 4290
7531 4 4152 2626 4159
7532 4 2630 4149 4161
7533 4 863 459 4211
7534 4 2468 3809 4169
7535 4 3276 3278 4219
7536 4 951 565 4206
7537 4 831 490 4212
7538 4 491 922 4212
7539 4 4087 980 4171
7540 4 964 2730 4471
7541 4 4050 4165 4170
7542 4 2708 2707 4217
7543 4 2981 2980 4217
7544 4 404 981 4216
7545 4 3652 3276 4219
7546 4 829 573 4205
7547 4 423 905 4218
7548 4 932 4107 4470
7549 4 822 695 4215
7550 4 574 956 4205
7551 4 3498 936 4181
7552 4 902 4164 4177
7553 4 571 572 4210
7554 4 460 461 4220
7555 4 3246 3247 4221
7556 4 3189 3187 4221
7557 4 407 978 4171
7558 4 4043 3733 4369
7559 4 902 4050 4170
7560 4 588 589 4172
7561 4 891 4152 4159
7562 4 2483 2485 4191
7563 4 2485 4180 4191
7564 4 943 2716 4455
7565 4 4092 915 4398
7566 4 421 422 4222
7567 4 2500 3673 4174
7568 4 2796 4041 4230
7569 4 3222 2647 4225
7570 4 2660 2751 4226
7571 4 507 823 4175
7572 4 3432 3431 4194
7573 4 2504 2728 4226
7574 4 812 550 4224
7575 4 551 945 4224
7576 4 946 2932 4307
7577 4 2483 4191 4196
7578 4 2758 2757 4176
7579 4 595 968 4178
7580 4 594 595 4178
7581 4 3431 3422 4194
7582 4 4173 874 4180
7583 4 2746 2534 4239
7584 4 2994 2991 4231
7585 4 2961 2960 4231
7586 4 3526 3440 4232
7587 4 427 428 4177
7588 4 880 541 4228
7589 4 542 942 4228
7590 4 4156 2750 4384
7591 4 757 758 4233
7592 4 833 3002 4429
7593 4 652 814 4229
7594 4 948 651 4229
7595 4 867 594 4178
7596 4 751 865 4179
7597 4 868 759 4236
7598 4 777 778 4238
7599 4 970 611 4187
7600 4 611 612 4187
7601 4 2481 2483 4196
7602 4 2956 2955 4359
7603 4 817 533 4237
7604 4 534 940 4237
7605 4 818 3547 4485
7606 4 771 772 4182
7607 4 874 4051 4180
7608 4 4194 3422 4200
7609 4 3176 3174 4242
7610 4 3151 3152 4242
7611 4 2444 2442 4183
7612 4 2450 2448 4184
7613 4 3434 3442 4244
7614 4 2780 2781 4185
7615 4 2456 2454 4186
7616 4 658 659 4241
7617 4 612 869 4187
7618 4 701 928 4245
7619 4 838 700 4245
7620 4 2476 3545 4247
7621 4 724 725 4188
7622 4 829 2928 4435
7623 4 2630 4167 4173
7624 4 4073 972 4254
7625 4 4219 947 4258
7626 4 616 864 4214
7627 4 3422 2467 4200
7628 4 3112 2688 4251
7629 4 3733 3732 4251
7630 4 739 909 4248
7631 4 856 738 4248
7632 4 893 426 4189
7633 4 4119 882 4390
7634 4 2528 2542 4230
7635 4 2738 2660 4424
7636 4 966 615 4214
7637 4 4180 4051 4191
7638 4 972 795 4254
7639 4 2481 4196 4203
7640 4 2479 2481 4203
7641 4 4176 890 4208
7642 4 690 840 4255
7643 4 933 689 4255
7644 4 2682 2493 4258
7645 4 3150 2475 4190
7646 4 663 881 4253
7647 4 944 662 4253
7648 4 959 580 4243
7649 4 855 586 4234
7650 4 581 852 4243
7651 4 4250 810 4306
7652 4 2932 946 4348
7653 4 2945 2508 4262
7654 4 2963 2964 4262
7655 4 3828 862 4384
7656 4 4051 904 4191
7657 4 587 963 4234
7658 4 3335 3334 4263
7659 4 2718 2717 4263
7660 4 4164 3432 4177
7661 4 3733 4043 4463
7662 4 2471 2472 4192
7663 4 3102 4182 4309
7664 4 4200 2467 4209
7665 4 2467 3518 4209
7666 4 635 636 4259
7667 4 4191 904 4196
7668 4 3448 3451 4266
7669 4 571 4210 4337
7670 4 2622 2623 4193
7671 4 956 2735 4346
7672 4 2987 2986 4268
7673 4 3778 3777 4268
7674 4 922 492 4267
7675 4 493 835 4267
7676 4 2638 2462 4195
7677 4 406 4171 4310
7678 4 892 779 4270
7679 4 780 903 4270
7680 4 4167 874 4173
7681 4 926 3604 4420
7682 4 897 4062 4442
7683 4 4181 936 4260
7684 4 4325 4103 4415
7685 4 786 787 4197
7686 4 3005 3001 4274
7687 4 3871 3081 4291
7688 4 4290 4115 4350
7689 4 622 961 4257
7690 4 673 674 4271
7691 4 904 4052 4196
7692 4 935 523 4272
7693 4 3440 3436 4298
7694 4 858 621 4257
7695 4 2505 2710 4276
7696 4 2932 2507 4276
7697 4 811 677 4273
7698 4 893 4194 4200
7699 4 2477 2638 4227
7700 4 3604 926 4438
7701 4 2511 2640 4198
7702 4 4033 2744 4279
7703 4 925 3505 4297
7704 4 596 597 4201
7705 4 597 885 4201
7706 4 2533 2501 4281
7707 4 917 3127 4441
7708 4 4192 4100 4293
7709 4 3436 3435 4280
7710 4 510 511 4199
7711 4 4136 3582 4289
7712 4 4064 971 4278
7713 4 2640 2512 4235
7714 4 4054 893 4200
7715 4 4390 882 4428
7716 4 4195 863 4211
7717 4 4196 4052 4203
7718 4 2945 4262 4370
7719 4 4072 4073 4404
7720 4 968 596 4201
7721 4 539 3450 4469
7722 4 3175 3176 4284
7723 4 3683 3681 4284
7724 4 705 706 4283
7725 4 2693 4008 4202
7726 4 609 610 4208
7727 4 890 609 4208
7728 4 932 3371 4413
7729 4 4052 863 4203
7730 4 3335 4263 4380
7731 4 881 2955 4303
7732 4 4189 3432 4194
7733 4 2956 4359 4410
7734 4 2561 2940 4204
7735 4 905 4198 4218
7736 4 3478 3568 4289
7737 4 940 4136 4289
7738 4 4398 915 4478
7739 4 3669 3670 4290
7740 4 4054 4200 4209
7741 4 598 599 4213
7742 4 4079 911 4285
7743 4 2468 4169 4250
7744 4 4043 889 4463
7745 4 885 598 4213
7746 4 4201 885 4279
7747 4 573 574 4205
7748 4 565 566 4206
7749 4 2518 2670 4294
7750 4 796 797 4207
7751 4 610 970 4208
7752 4 905 4054 4209
7753 4 630 631 4286
7754 4 3394 4136 4341
7755 4 3371 932 4470
7756 4 4147 879 4431
7757 4 3131 3128 4296
7758 4 572 829 4210
7759 4 3505 3501 4297
7760 4 3540 2665 4297
7761 4 2644 4215 4299
7762 4 3087 2477 4227
7763 4 3068 3069 4264
7764 4 3758 4206 4312
7765 4 459 460 4211
7766 4 2665 2737 4283
7767 4 2955 2954 4303
7768 4 2521 2714 4303
7769 4 731 913 4300
7770 4 850 730 4300
7771 4 697 929 4299
7772 4 748 875 4302
7773 4 906 747 4302
7774 4 835 494 4301
7775 4 495 923 4301
7776 4 3595 3594 4306
7777 4 2525 2528 4308
7778 4 490 491 4212
7779 4 4171 980 4310
7780 4 2783 2782 4311
7781 4 2625 2738 4311
7782 4 599 977 4213
7783 4 773 888 4309
7784 4 981 405 4310
7785 4 525 813 4305
7786 4 3087 4227 4240
7787 4 615 616 4214
7788 4 2512 2514 4235
7789 4 695 696 4215
7790 4 4128 2707 4477
7791 4 403 404 4216
7792 4 654 946 4307
7793 4 814 653 4307
7794 4 4239 2533 4445
7795 4 2980 2708 4217
7796 4 422 423 4218
7797 4 4431 879 4461
7798 4 3651 2478 4315
7799 4 2494 3652 4219
7800 4 2965 2967 4419
7801 4 3083 3800 4319
7802 4 461 876 4220
7803 4 2526 3621 4322
7804 4 557 558 4313
7805 4 3086 3087 4240
7806 4 556 557 4314
7807 4 2731 4154 4204
7808 4 607 608 4223
7809 4 567 824 4312
7810 4 3187 3246 4221
7811 4 3760 4157 4285
7812 4 4235 2514 4246
7813 4 2735 956 4449
7814 4 3682 3683 4324
7815 4 3658 3656 4324
7816 4 4404 4073 4439
7817 4 2535 2722 4325
7818 4 893 4189 4194
7819 4 2529 2697 4327
7820 4 3371 2531 4327
7821 4 2749 2750 4328
7822 4 636 637 4321
7823 4 2738 964 4379
7824 4 788 897 4332
7825 4 717 833 4331
7826 4 896 421 4222
7827 4 921 716 4331
7828 4 837 3510 4474
7829 4 2514 2516 4246
7830 4 2955 881 4359
7831 4 931 514 4333
7832 4 2729 4018 4338
7833 4 550 551 4224
7834 4 2759 2758 4342
7835 4 608 890 4223
7836 4 2542 2796 4230
7837 4 679 937 4336
7838 4 3801 2519 4344
7839 4 3086 4240 4249
7840 4 940 535 4341
7841 4 3839 2929 4346
7842 4 2735 2629 4346
7843 4 3505 925 4388
7844 4 4210 2981 4337
7845 4 4252 4356 4466
7846 4 3624 3086 4249
7847 4 2979 3222 4225
7848 4 4356 894 4466
7849 4 714 715 4347
7850 4 2930 2932 4348
7851 4 2751 2504 4226
7852 4 954 570 4337
7853 4 3196 3194 4351
7854 4 3191 3190 4351
7855 4 2967 2979 4335
7856 4 3394 4341 4393
7857 4 923 496 4349
7858 4 1520 1518 4355
7859 4 761 878 4352
7860 4 975 4162 4404
7861 4 796 4207 4254
7862 4 3549 3209 4358
7863 4 541 542 4228
7864 4 651 652 4229
7865 4 4246 2516 4256
7866 4 1518 1516 4363
7867 4 3624 4249 4261
7868 4 881 664 4359
7869 4 4136 940 4341
7870 4 950 561 4357
7871 4 562 848 4357
7872 4 2516 2520 4256
7873 4 515 516 4364
7874 4 2666 2627 4368
7875 4 4041 884 4230
7876 4 527 4147 4395
7877 4 4080 4081 4362
7878 4 887 768 4369
7879 4 4227 876 4240
7880 4 2991 2961 4231
7881 4 3527 3526 4232
7882 4 758 868 4233
7883 4 769 4043 4369
7884 4 756 757 4370
7885 4 586 587 4234
7886 4 672 673 4367
7887 4 3634 2637 4374
7888 4 498 827 4372
7889 4 2494 4219 4258
7890 4 759 760 4236
7891 4 533 534 4237
7892 4 2959 3061 4378
7893 4 2638 4195 4211
7894 4 776 777 4380
7895 4 3059 3624 4261
7896 4 778 892 4238
7897 4 3958 3828 4384
7898 4 687 688 4381
7899 4 2534 2533 4239
7900 4 4256 2520 4265
7901 4 766 767 4387
7902 4 2641 2723 4389
7903 4 876 4058 4240
7904 4 3346 3337 4392
7905 4 708 836 4388
7906 4 925 707 4388
7907 4 2739 837 4474
7908 4 659 818 4241
7909 4 549 812 4383
7910 4 896 4235 4246
7911 4 4151 832 4274
7912 4 3604 3493 4396
7913 4 3494 3659 4396
7914 4 3065 548 4383
7915 4 3174 3151 4242
7916 4 837 2739 4453
7917 4 537 815 4393
7918 4 813 526 4395
7919 4 2698 2699 4402
7920 4 580 581 4243
7921 4 3631 2639 4403
7922 4 3066 3065 4383
7923 4 3435 3434 4244
7924 4 2471 4192 4293
7925 4 2520 2655 4265
7926 4 625 626 4376
7927 4 4147 3196 4395
7928 4 2703 2704 4407
7929 4 2638 4220 4227
7930 4 3808 2705 4409
7931 4 3565 3566 4412
7932 4 2706 2646 4412
7933 4 4162 4072 4404
7934 4 801 802 4411
7935 4 700 701 4245
7936 4 4198 2640 4218
7937 4 960 584 4377
7938 4 2730 864 4471
7939 4 692 932 4413
7940 4 840 691 4413
7941 4 3539 3631 4460
7942 4 3059 4261 4269
7943 4 585 855 4377
7944 4 666 808 4410
7945 4 4059 896 4246
7946 4 827 499 4420
7947 4 500 926 4420
7948 4 2523 3595 4425
7949 4 4240 4058 4249
7950 4 2499 3535 4485
7951 4 3535 3534 4428
7952 4 2993 2994 4429
7953 4 3600 3059 4269
7954 4 620 858 4379
7955 4 4182 772 4309
7956 4 3195 3196 4431
7957 4 2725 2476 4247
7958 4 2927 2981 4435
7959 4 2737 2664 4480
7960 4 3451 3392 4436
7961 4 964 619 4379
7962 4 2739 2691 4438
7963 4 3603 3604 4438
7964 4 2663 3778 4440
7965 4 2689 2739 4474
7966 4 3370 3371 4470
7967 4 4081 974 4439
7968 4 2736 2735 4449
7969 4 2654 3180 4442
7970 4 3333 3335 4464
7971 4 3097 3733 4463
7972 4 738 739 4248
7973 4 3504 3502 4459
7974 4 3545 3627 4451
7975 4 2944 2945 4452
7976 4 2650 2668 4457
7977 4 4115 809 4350
7978 4 4058 908 4249
7979 4 926 501 4453
7980 4 502 837 4453
7981 4 821 644 4430
7982 4 3482 2468 4250
7983 4 645 646 4433
7984 4 815 538 4469
7985 4 3732 3112 4251
7986 4 4222 2640 4235
7987 4 2509 4158 4292
7988 4 879 4110 4461
7989 4 657 658 4458
7990 4 4265 2655 4275
7991 4 839 4106 4280
7992 4 2658 2659 4252
7993 4 3600 4269 4277
7994 4 3436 4280 4298
7995 4 4059 4246 4256
7996 4 662 663 4253
7997 4 795 796 4254
7998 4 2655 2657 4275
7999 4 689 690 4255
8000 4 4201 4279 4444
8001 4 956 575 4449
8002 4 4249 908 4261
8003 4 3212 2509 4292
8004 4 3000 4151 4274
8005 4 4285 911 4385
8006 4 621 622 4257
8007 4 3535 4428 4458
8008 4 2493 2494 4258
8009 4 826 635 4259
8010 4 967 4059 4256
8011 4 4300 913 4403
8012 4 3060 3600 4277
8013 4 2524 2463 4260
8014 4 3196 4147 4431
8015 4 2508 2963 4262
8016 4 4070 4067 4450
8017 4 908 4060 4261
8018 4 2730 964 4424
8019 4 618 964 4471
8020 4 3595 4306 4367
8021 4 967 4256 4265
8022 4 3334 2718 4263
8023 4 962 4070 4329
8024 4 3827 2628 4339
8025 4 864 617 4471
8026 4 3575 2681 4481
8027 4 865 4049 4335
8028 4 3070 3068 4264
8029 4 4215 696 4299
8030 4 4067 4065 4450
8031 4 3060 4277 4282
8032 4 3171 3650 4330
8033 4 4197 787 4332
8034 4 4262 873 4370
8035 4 3621 2524 4287
8036 4 4234 963 4339
8037 4 3005 4274 4360
8038 4 4061 967 4265
8039 4 4261 4060 4269
8040 4 4103 825 4415
8041 4 3450 3448 4266
8042 4 3675 3060 4282
8043 4 4410 808 4451
8044 4 4388 836 4459
8045 4 4206 566 4312
8046 4 4158 895 4292
8047 4 492 493 4267
8048 4 3777 2987 4268
8049 4 4263 900 4380
8050 4 852 4140 4389
8051 4 4100 828 4293
8052 4 3171 4330 4340
8053 4 4060 859 4269
8054 4 779 780 4270
8055 4 2628 2720 4339
8056 4 2680 3171 4340
8057 4 3675 4282 4288
8058 4 401 402 4483
8059 4 674 938 4271
8060 4 4260 4109 4287
8061 4 4061 4265 4275
8062 4 2935 2934 4446
8063 4 2678 2680 4353
8064 4 978 4083 4472
8065 4 2681 3634 4481
8066 4 2642 2682 4421
8067 4 4389 4140 4488
8068 4 4320 4130 4323
8069 4 3871 4291 4427
8070 4 523 524 4272
8071 4 4269 859 4277
8072 4 4350 809 4408
8073 4 677 678 4273
8074 4 3001 3000 4274
8075 4 826 4315 4323
8076 4 3134 2561 4316
8077 4 2713 2658 4466
8078 4 971 4061 4275
8079 4 3132 3675 4288
8080 4 2507 2505 4276
8081 4 4220 876 4227
8082 4 4232 931 4333
8083 4 4393 815 4436
8084 4 4130 826 4323
8085 4 2678 4353 4365
8086 4 859 4063 4277
8087 4 2744 2746 4279
8088 4 4065 4064 4278
8089 4 4259 3651 4315
8090 4 3129 3005 4360
8091 4 2501 4024 4281
8092 4 915 4090 4478
8093 4 3482 4250 4306
8094 4 2676 2678 4365
8095 4 3132 4288 4295
8096 4 868 2732 4452
8097 4 2981 4210 4435
8098 4 2463 4181 4260
8099 4 2632 3132 4295
8100 4 4277 4063 4282
8101 4 896 4222 4235
8102 4 3535 4241 4485
8103 4 403 4216 4371
8104 4 4063 910 4282
8105 4 2680 4340 4353
8106 4 2674 2676 4382
8107 4 706 925 4283
8108 4 2632 4295 4304
8109 4 4176 2742 4422
8110 4 3681 3175 4284
8111 4 2635 3760 4285
8112 4 955 4130 4320
8113 4 2698 4402 4477
8114 4 632 955 4334
8115 4 3335 4238 4464
8116 4 3443 3444 4484
8117 4 2945 4233 4452
8118 4 627 958 4423
8119 4 4282 910 4288
8120 4 4299 929 4374
8121 4 4415 825 4480
8122 4 4236 760 4352
8123 4 830 630 4286
8124 4 2682 4258 4314
8125 4 2522 2632 4304
8126 4 4272 524 4305
8127 4 631 632 4334
8128 4 2674 4382 4397
8129 4 910 4074 4288
8130 4 4109 816 4287
8131 4 3582 3478 4289
8132 4 2684 3669 4290
8133 4 3081 4150 4291
8134 4 600 601 4356
8135 4 977 600 4356
8136 4 3061 2471 4293
8137 4 895 4057 4292
8138 4 2676 4365 4382
8139 4 4266 815 4469
8140 4 2522 4304 4318
8141 4 2672 2674 4397
8142 4 3212 4292 4406
8143 4 3714 2522 4318
8144 4 3554 2518 4294
8145 4 4288 4074 4295
8146 4 4286 3801 4344
8147 4 3302 3489 4401
8148 4 834 4135 4291
8149 4 4309 888 4407
8150 4 4312 824 4402
8151 4 3595 4271 4425
8152 4 606 607 4345
8153 4 4244 839 4280
8154 4 957 606 4345
8155 4 3556 3131 4296
8156 4 4074 860 4295
8157 4 4273 678 4336
8158 4 3501 3540 4297
8159 4 4062 962 4329
8160 4 3714 4318 4326
8161 4 2720 4234 4339
8162 4 4225 865 4335
8163 4 4106 931 4298
8164 4 816 686 4405
8165 4 605 957 4432
8166 4 809 4117 4408
8167 4 696 697 4299
8168 4 3650 3651 4330
8169 4 4295 860 4304
8170 4 730 731 4300
8171 4 494 495 4301
8172 4 4150 834 4291
8173 4 747 748 4302
8174 4 2954 2521 4303
8175 4 2670 2672 4416
8176 4 2527 3714 4326
8177 4 4112 2649 4468
8178 4 890 4176 4422
8179 4 2524 4260 4287
8180 4 3134 4316 4418
8181 4 2707 2698 4477
8182 4 3129 4360 4441
8183 4 977 4252 4386
8184 4 524 525 4305
8185 4 4252 2659 4386
8186 4 3594 3482 4306
8187 4 860 4077 4304
8188 4 653 654 4307
8189 4 4342 2758 4487
8190 4 911 4076 4385
8191 4 2711 2525 4308
8192 4 772 773 4309
8193 4 405 406 4310
8194 4 2782 2625 4311
8195 4 2527 4326 4343
8196 4 2672 4397 4416
8197 4 3631 4403 4460
8198 4 566 567 4312
8199 4 3302 4401 4434
8200 4 3637 2527 4343
8201 4 558 819 4313
8202 4 4294 821 4430
8203 4 4304 4077 4318
8204 4 947 556 4314
8205 4 2740 2713 4317
8206 4 4204 4154 4316
8207 4 2478 2636 4315
8208 4 2684 4290 4350
8209 4 2561 4204 4316
8210 4 2724 3871 4427
8211 4 846 3240 4479
8212 4 713 714 4447
8213 4 4315 2636 4323
8214 4 3800 3801 4319
8215 4 4077 912 4318
8216 4 3637 4343 4354
8217 4 2883 3083 4320
8218 4 637 953 4321
8219 4 3444 2526 4322
8220 4 2883 4320 4323
8221 4 4408 4117 4455
8222 4 2636 2883 4323
8223 4 4280 4106 4298
8224 4 3301 3302 4434
8225 4 4318 912 4326
8226 4 2635 4285 4385
8227 4 2532 3637 4354
8228 4 3656 3682 4324
8229 4 826 4259 4315
8230 4 3676 3069 4394
8231 4 2537 2535 4325
8232 4 830 4344 4361
8233 4 912 4082 4326
8234 4 3435 4244 4280
8235 4 2531 2529 4327
8236 4 4187 2761 4342
8237 4 3527 4232 4333
8238 4 765 766 4417
8239 4 892 3336 4464
8240 4 4024 2749 4328
8241 4 2967 4335 4419
8242 4 2741 4223 4422
8243 4 4274 832 4360
8244 4 716 717 4331
8245 4 787 788 4332
8246 4 2532 4354 4366
8247 4 4154 861 4316
8248 4 514 515 4333
8249 4 3519 2532 4366
8250 4 856 2734 4462
8251 4 4330 953 4340
8252 4 4326 4082 4343
8253 4 678 679 4336
8254 4 570 571 4337
8255 4 4018 2648 4338
8256 4 535 536 4341
8257 4 2761 2759 4342
8258 4 3634 4374 4481
8259 4 3556 4296 4398
8260 4 4292 4057 4406
8261 4 884 765 4417
8262 4 3301 4434 4456
8263 4 3519 4366 4375
8264 4 4082 857 4343
8265 4 2519 2916 4344
8266 4 2733 4300 4403
8267 4 4385 4076 4462
8268 4 862 4156 4384
8269 4 953 4127 4340
8270 4 2629 3839 4346
8271 4 4279 2746 4444
8272 4 4134 4361 4373
8273 4 715 921 4347
8274 4 4134 830 4361
8275 4 4343 857 4354
8276 4 2624 3519 4375
8277 4 970 4187 4342
8278 4 2631 2930 4348
8279 4 4176 4208 4487
8280 4 496 497 4349
8281 4 2683 2684 4350
8282 4 3194 3191 4351
8283 4 4344 2916 4361
8284 4 760 761 4352
8285 4 981 4310 4411
8286 4 3185 4406 4482
8287 4 3303 3301 4456
8288 4 857 4086 4354
8289 4 2097 1520 4355
8290 4 3489 3527 4401
8291 4 601 894 4356
8292 4 561 562 4357
8293 4 2624 4375 4391
8294 4 686 687 4405
8295 4 2701 3549 4358
8296 4 2682 4313 4421
8297 4 4127 849 4353
8298 4 3827 4339 4475
8299 4 664 665 4359
8300 4 4306 810 4367
8301 4 3542 2624 4391
8302 4 3828 3827 4475
8303 4 3127 3129 4441
8304 4 4353 849 4365
8305 4 832 4096 4360
8306 4 4258 947 4314
8307 4 2916 2917 4361
8308 4 4316 861 4418
8309 4 3185 3212 4406
8310 4 2834 4389 4488
8311 4 4354 4086 4366
8312 4 4349 497 4372
8313 4 4083 4080 4362
8314 4 1516 2013 4363
8315 4 3726 3553 4467
8316 4 4340 4127 4353
8317 4 4117 943 4455
8318 4 516 820 4364
8319 4 3542 4391 4400
8320 4 3135 3134 4418
8321 4 2537 4325 4415
8322 4 4086 914 4366
8323 4 4341 536 4393
8324 4 4361 2917 4373
8325 4 2631 4348 4390
8326 4 810 672 4367
8327 4 2627 2935 4368
8328 4 768 769 4369
8329 4 849 4125 4365
8330 4 2633 3542 4400
8331 4 4366 914 4375
8332 4 873 756 4370
8333 4 402 403 4371
8334 4 4291 4135 4427
8335 4 4376 2935 4446
8336 4 497 498 4372
8337 4 2742 2741 4422
8338 4 4264 2097 4355
8339 4 2917 2666 4373
8340 4 4399 2713 4466
8341 4 2637 2644 4374
8342 4 958 4134 4373
8343 4 2683 4350 4408
8344 4 914 4088 4375
8345 4 847 625 4376
8346 4 584 585 4377
8347 4 2962 2959 4378
8348 4 619 620 4379
8349 4 900 776 4380
8350 4 4425 938 4468
8351 4 2633 4400 4414
8352 4 4406 907 4482
8353 4 2659 4033 4386
8354 4 688 933 4381
8355 4 3587 2633 4414
8356 4 4241 818 4485
8357 4 3886 4141 4476
8358 4 548 549 4383
8359 4 2750 3958 4384
8360 4 2634 2635 4385
8361 4 4359 665 4410
8362 4 767 887 4387
8363 4 4375 4088 4391
8364 4 4125 952 4382
8365 4 3587 4414 4426
8366 4 707 708 4388
8367 4 2834 2641 4389
8368 4 3380 2631 4390
8369 4 894 602 4448
8370 4 4382 952 4397
8371 4 3427 3346 4392
8372 4 4365 4125 4382
8373 4 4088 854 4391
8374 4 3553 3554 4467
8375 4 976 4084 4472
8376 4 4172 3828 4475
8377 4 2758 4176 4487
8378 4 536 537 4393
8379 4 4224 945 4394
8380 4 3588 3587 4426
8381 4 626 627 4423
8382 4 4391 854 4400
8383 4 526 527 4395
8384 4 3493 3494 4396
8385 4 3444 4381 4484
8386 4 4278 2657 4450
8387 4 4360 4096 4441
8388 4 3558 3556 4398
8389 4 955 4319 4334
8390 4 979 604 4432
8391 4 2644 4299 4374
8392 4 952 4124 4397
8393 4 854 4091 4400
8394 4 4076 856 4462
8395 4 2984 2642 4421
8396 4 2699 3758 4402
8397 4 3588 4426 4437
8398 4 2639 2733 4403
8399 4 2746 4239 4444
8400 4 828 713 4447
8401 4 3505 4388 4459
8402 4 3635 3588 4437
8403 4 4078 975 4404
8404 4 4210 829 4435
8405 4 3380 4390 4428
8406 4 804 805 4483
8407 4 4057 907 4406
8408 4 2979 4225 4335
8409 4 2704 3102 4407
8410 4 2685 2683 4408
8411 4 2661 3808 4409
8412 4 4400 4091 4414
8413 4 3635 4437 4443
8414 4 607 4223 4345
8415 4 665 666 4410
8416 4 980 801 4411
8417 4 2646 3565 4412
8418 4 691 692 4413
8419 4 3728 2537 4415
8420 4 938 4112 4468
8421 4 4091 916 4414
8422 4 2634 4385 4462
8423 4 3784 3635 4443
8424 4 2660 4226 4424
8425 4 499 500 4420
8426 4 861 4056 4418
8427 4 957 4317 4432
8428 4 4414 916 4426
8429 4 4049 901 4419
8430 4 602 603 4448
8431 4 958 4368 4423
8432 4 4124 821 4416
8433 4 4428 882 4458
8434 4 3427 4392 4486
8435 4 604 605 4432
8436 4 4078 4404 4439
8437 4 4401 820 4434
8438 4 3584 2523 4425
8439 4 4140 960 4488
8440 4 4397 4124 4416
8441 4 916 4093 4426
8442 4 3784 4443 4454
8443 4 2712 3784 4454
8444 4 3558 4398 4478
8445 4 3534 3380 4428
8446 4 2996 2993 4429
8447 4 644 645 4430
8448 4 4322 816 4405
8449 4 603 979 4448
8450 4 3199 3195 4431
8451 4 2956 4410 4451
8452 4 2685 4408 4455
8453 4 646 949 4433
8454 4 929 3575 4481
8455 4 3758 4312 4402
8456 4 3102 4309 4407
8457 4 2928 2927 4435
8458 4 2712 4454 4465
8459 4 2533 4281 4445
8460 4 820 4108 4434
8461 4 4426 4093 4437
8462 4 3392 3394 4436
8463 4 3728 4415 4480
8464 4 2984 4421 4473
8465 4 4093 851 4437
8466 4 2691 3603 4438
8467 4 2645 2712 4465
8468 4 830 4286 4344
8469 4 3651 4321 4330
8470 4 2662 2663 4440
8471 4 974 4078 4439
8472 4 4135 959 4427
8473 4 2934 2936 4446
8474 4 4437 851 4443
8475 4 3584 4425 4468
8476 4 3199 4431 4461
8477 4 4096 917 4441
8478 4 2656 2654 4442
8479 4 3240 2645 4479
8480 4 4252 977 4356
8481 4 2645 4465 4479
8482 4 851 4095 4443
8483 4 3394 4393 4436
8484 4 4434 4108 4456
8485 4 4317 979 4432
8486 4 4421 819 4473
8487 4 3450 4266 4469
8488 4 575 576 4449
8489 4 3627 2956 4451
8490 4 2732 2944 4452
8491 4 2643 3185 4482
8492 4 501 502 4453
8493 4 2986 2984 4473
8494 4 2716 2685 4455
8495 4 2653 2650 4457
8496 4 4443 4095 4454
8497 4 2936 3886 4476
8498 4 4095 918 4454
8499 4 4133 3443 4484
8500 4 3070 4264 4355
8501 4 4108 934 4456
8502 4 882 657 4458
8503 4 4454 918 4465
8504 4 3502 3505 4459
8505 4 867 4178 4445
8506 4 4233 868 4452
8507 4 3200 3199 4461
8508 4 2734 2634 4462
8509 4 3098 3097 4463
8510 4 3336 3333 4464
8511 4 913 4085 4460
8512 4 918 4097 4465
8513 4 4202 2834 4488
8514 4 2649 3584 4468
8515 4 538 539 4469
8516 4 4213 977 4386
8517 4 2687 3370 4470
8518 4 617 618 4471
8519 4 2690 2689 4474
8520 4 907 4197 4482
8521 4 3685 3558 4478
8522 4 2664 3728 4480
8523 4 4226 2730 4424
8524 4 3547 2499 4485
8525 4 2473 3427 4486
8526 4 4097 846 4479
8527 4 970 4342 4487
8528 4 4465 4097 4479
8529 4 933 4133 4484
8530 4 4271 938 4425
8531 4 819 4142 4473
8532 4 4402 824 4477
8533 4 4142 2986 4473
8534 4 3069 4224 4394
8535 4 824 4128 4477
8536 4 4446 2936 4476
8537 4 4238 892 4464
8538 4 960 4202 4488
8539 4 847 4446 4476
8540 4 4339 963 4475
8541 4 4141 847 4476
8542 4 4308 884 4417
8543 4 4321 953 4330
8544 4 3554 4294 4430
8545 4 963 4172 4475
8546 4 4319 3801 4334
8547 4 4239 968 4444
8548 4 4223 890 4422
8549 4 4335 4049 4419
8550 4 4310 980 4411
8551 4 968 4201 4444
8552 4 4197 2643 4482
8553 4 4281 867 4445
8554 4 3527 4364 4401
8555 4 4403 913 4460
8556 4 4208 970 4487
8557 4 4374 929 4481
8558 4 2658 4252 4466
8559 4 4362 976 4472
8560 4 3444 4322 4405
8561 4 2711 4308 4417
8562 4 4313 819 4421
8563 4 4065 4278 4450
8564 4 4364 820 4401
8565 4 4399 894 4448
8566 4 4371 804 4483
8567 4 4378 828 4447
8568 4 3554 4433 4467
8569 4 4368 2935 4423
8570 4 847 4376 4446
8571 4 2962 4378 4447
8572 4 4083 4362 4472
8573 4 979 4399 4448
8574 4 402 4371 4483
8575 4 894 4399 4466
8576 4 4381 933 4484
8577 4 4433 949 4467
*
ATTR
809 8577 1
*
MATERIAL
1 0 1.128e6 0.3 8.96e3 0 3 1.0 0 0 1000 0 0 0 0
*
ITEMPERATURES
1 300
2 300
3 300
4 300
5 300
6 300
7 300
8 300
9 300
10 300
11 300
12 300
13 300
14 300
15 300
16 300
17 300
18 300
19 300
20 300
21 300
22 300
23 300
24 300
25 300
26 300
27 300
28 300
29 300
30 300
31 300
32 300
33 300
34 300
35 300
36 300
37 300
38 300
39 300
40 300
41 300
42 300
43 300
44 300
45 300
46 300
47 300
48 300
49 300
50 300
51 300
52 300
53 300
54 300
55 300
56 300
57 300
58 300
59 300
60 300
61 300
62 300
63 300
64 300
65 300
66 300
67 300
68 300
69 300
70 300
71 300
72 300
73 300
74 300
75 300
76 300
77 300
78 300
79 300
80 300
81 300
82 300
83 300
84 300
85 300
86 300
87 300
88 300
89 300
90 300
91 300
92 300
93 300
94 300
95 300
96 300
97 300
98 300
99 300
100 300
101 300
102 300
103 300
104 300
105 300
106 300
107 300
108 300
109 300
110 300
111 300
112 300
113 300
114 300
115 300
116 300
117 300
118 300
119 300
120 300
121 300
122 300
123 300
124 300
125 300
126 300
127 300
128 300
129 300
130 300
131 300
132 300
133 300
134 300
135 300
136 300
137 300
138 300
139 300
140 300
141 300
142 300
143 300
144 300
145 300
146 300
147 300
148 300
149 300
150 300
151 300
152 300
153 300
154 300
155 300
156 300
157 300
158 300
159 300
160 300
161 300
162 300
163 300
164 300
165 300
166 300
167 300
168 300
169 300
170 300
171 300
172 300
173 300
174 300
175 300
176 300
177 300
178 300
179 300
180 300
181 300
182 300
183 300
184 300
185 300
186 300
187 300
188 300
189 300
190 300
191 300
192 300
193 300
194 300
195 300
196 300
197 300
198 300
199 300
200 300
201 300
202 300
203 300
204 300
205 300
206 300
207 300
208 300
209 300
210 300
211 300
212 300
213 300
214 300
215 300
216 300
217 300
218 300
219 300
220 300
221 300
222 300
223 300
224 300
225 300
226 300
227 300
228 300
229 300
230 300
231 300
232 300
233 300
234 300
235 300
236 300
237 300
238 300
239 300
240 300
241 300
242 300
243 300
244 300
245 300
246 300
247 300
248 300
249 300
250 300
251 300
252 300
253 300
254 300
255 300
256 300
257 300
258 300
259 300
260 300
261 300
262 300
263 300
264 300
265 300
266 300
267 300
268 300
269 300
270 300
271 300
272 300
273 300
274 300
275 300
276 300
277 300
278 300
279 300
280 300
281 300
282 300
283 300
284 300
285 300
286 300
287 300
288 300
289 300
290 300
291 300
292 300
293 300
294 300
295 300
296 300
297 300
298 300
299 300
300 300
301 300
302 300
303 300
304 300
305 300
306 300
307 300
308 300
309 300
310 300
311 300
312 300
313 300
314 300
315 300
316 300
317 300
318 300
319 300
320 300
321 300
322 300
323 300
324 300
325 300
326 300
327 300
328 300
329 300
330 300
331 300
332 300
333 300
334 300
335 300
336 300
337 300
338 300
339 300
340 300
341 300
342 300
343 300
344 300
345 300
346 300
347 300
348 300
349 300
350 300
351 300
352 300
353 300
354 300
355 300
356 300
357 300
358 300
359 300
360 300
361 300
362 300
363 300
364 300
365 300
366 300
367 300
368 300
369 300
370 300
371 300
372 300
373 300
374 300
375 300
376 300
377 300
378 300
379 300
380 300
381 300
382 300
383 300
384 300
385 300
386 300
387 300
388 300
389 300
390 300
391 300
392 300
393 300
394 300
395 300
396 300
397 300
398 300
399 300
400 300
401 300
402 300
403 300
404 300
405 300
406 300
407 300
408 300
409 300
410 300
411 300
412 300
413 300
414 300
415 300
416 300
417 300
418 300
419 300
420 300
421 300
422 300
423 300
424 300
425 300
426 300
427 300
428 300
429 300
430 300
431 300
432 300
433 300
434 300
435 300
436 300
437 300
438 300
439 300
440 300
441 300
442 300
443 300
444 300
445 300
446 300
447 300
448 300
449 300
450 300
451 300
452 300
453 300
454 300
455 300
456 300
457 300
458 300
459 300
460 300
461 300
462 300
463 300
464 300
465 300
466 300
467 300
468 300
469 300
470 300
471 300
472 300
473 300
474 300
475 300
476 300
477 300
478 300
479 300
480 300
481 300
482 300
483 300
484 300
485 300
486 300
487 300
488 300
489 300
490 300
491 300
492 300
493 300
494 300
495 300
496 300
497 300
498 300
499 300
500 300
501 300
502 300
503 300
504 300
505 300
506 300
507 300
508 300
509 300
510 300
511 300
512 300
513 300
514 300
515 300
516 300
517 300
518 300
519 300
520 300
521 300
522 300
523 300
524 300
525 300
526 300
527 300
528 300
529 300
530 300
531 300
532 300
533 300
534 300
535 300
536 300
537 300
538 300
539 300
540 300
541 300
542 300
543 300
544 300
545 300
546 300
547 300
548 300
549 300
550 300
551 300
552 300
553 300
554 300
555 300
556 300
557 300
558 300
559 300
560 300
561 300
562 300
563 300
564 300
565 300
566 300
567 300
568 300
569 300
570 300
571 300
572 300
573 300
574 300
575 300
576 300
577 300
578 300
579 300
580 300
581 300
582 300
583 300
584 300
585 300
586 300
587 300
588 300
589 300
590 300
591 300
592 300
593 300
594 300
595 300
596 300
597 300
598 300
599 300
600 300
601 300
602 300
603 300
604 300
605 300
606 300
607 300
608 300
609 300
610 300
611 300
612 300
613 300
614 300
615 300
616 300
617 300
618 300
619 300
620 300
621 300
622 300
623 300
624 300
625 300
626 300
627 300
628 300
629 300
630 300
631 300
632 300
633 300
634 300
635 300
636 300
637 300
638 300
639 300
640 300
641 300
642 300
643 300
644 300
645 300
646 300
647 300
648 300
649 300
650 300
651 300
652 300
653 300
654 300
655 300
656 300
657 300
658 300
659 300
660 300
661 300
662 300
663 300
664 300
665 300
666 300
667 300
668 300
669 300
670 300
671 300
672 300
673 300
674 300
675 300
676 300
677 300
678 300
679 300
680 300
681 300
682 300
683 300
684 300
685 300
686 300
687 300
688 300
689 300
690 300
691 300
692 300
693 300
694 300
695 300
696 300
697 300
698 300
699 300
700 300
701 300
702 300
703 300
704 300
705 300
706 300
707 300
708 300
709 300
710 300
711 300
712 300
713 300
714 300
715 300
716 300
717 300
718 300
719 300
720 300
721 300
722 300
723 300
724 300
725 300
726 300
727 300
728 300
729 300
730 300
731 300
732 300
733 300
734 300
735 300
736 300
737 300
738 300
739 300
740 300
741 300
742 300
743 300
744 300
745 300
746 300
747 300
748 300
749 300
750 300
751 300
752 300
753 300
754 300
755 300
756 300
757 300
758 300
759 300
760 300
761 300
762 300
763 300
764 300
765 300
766 300
767 300
768 300
769 300
770 300
771 300
772 300
773 300
774 300
775 300
776 300
777 300
778 300
779 300
780 300
781 300
782 300
783 300
784 300
785 300
786 300
787 300
788 300
789 300
790 300
791 300
792 300
793 300
794 300
795 300
796 300
797 300
798 300
799 300
800 300
801 300
802 300
803 300
804 300
805 300
806 300
807 300
808 300
809 300
810 300
811 300
812 300
813 300
814 300
815 300
816 300
817 300
818 300
819 300
820 300
821 300
822 300
823 300
824 300
825 300
826 300
827 300
828 300
829 300
830 300
831 300
832 300
833 300
834 300
835 300
836 300
837 300
838 300
839 300
840 300
841 300
842 300
843 300
844 300
845 300
846 300
847 300
848 300
849 300
850 300
851 300
852 300
853 300
854 300
855 300
856 300
857 300
858 300
859 300
860 300
861 300
862 300
863 300
864 300
865 300
866 300
867 300
868 300
869 300
870 300
871 300
872 300
873 300
874 300
875 300
876 300
877 300
878 300
879 300
880 300
881 300
882 300
883 300
884 300
885 300
886 300
887 300
888 300
889 300
890 300
891 300
892 300
893 300
894 300
895 300
896 300
897 300
898 300
899 300
900 300
901 300
902 300
903 300
904 300
905 300
906 300
907 300
908 300
909 300
910 300
911 300
912 300
913 300
914 300
915 300
916 300
917 300
918 300
919 300
920 300
921 300
922 300
923 300
924 300
925 300
926 300
927 300
928 300
929 300
930 300
931 300
932 300
933 300
934 300
935 300
936 300
937 300
938 300
939 300
940 300
941 300
942 300
943 300
944 300
945 300
946 300
947 300
948 300
949 300
950 300
951 300
952 300
953 300
954 300
955 300
956 300
957 300
958 300
959 300
960 300
961 300
962 300
963 300
964 300
965 300
966 300
967 300
968 300
969 300
970 300
971 300
972 300
973 300
974 300
975 300
976 300
977 300
978 300
979 300
980 300
981 300
982 300
983 300
984 300
985 300
986 300
987 300
988 300
989 300
990 300
991 300
992 300
993 300
994 300
995 300
996 300
997 300
998 300
999 300
1000 300
1001 300
1002 300
1003 300
1004 300
1005 300
1006 300
1007 300
1008 300
1009 300
1010 300
1011 300
1012 300
1013 300
1014 300
1015 300
1016 300
1017 300
1018 300
1019 300
1020 300
1021 300
1022 300
1023 300
1024 300
1025 300
1026 300
1027 300
1028 300
1029 300
1030 300
1031 300
1032 300
1033 300
1034 300
1035 300
1036 300
1037 300
1038 300
1039 300
1040 300
1041 300
1042 300
1043 300
1044 300
1045 300
1046 300
1047 300
1048 300
1049 300
1050 300
1051 300
1052 300
1053 300
1054 300
1055 300
1056 300
1057 300
1058 300
1059 300
1060 300
1061 300
1062 300
1063 300
1064 300
1065 300
1066 300
1067 300
1068 300
1069 300
1070 300
1071 300
1072 300
1073 300
1074 300
1075 300
1076 300
1077 300
1078 300
1079 300
1080 300
1081 300
1082 300
1083 300
1084 300
1085 300
1086 300
1087 300
1088 300
1089 300
1090 300
1091 300
1092 300
1093 300
1094 300
1095 300
1096 300
1097 300
1098 300
1099 300
1100 300
1101 300
1102 300
1103 300
1104 300
1105 300
1106 300
1107 300
1108 300
1109 300
1110 300
1111 300
1112 300
1113 300
1114 300
1115 300
1116 300
1117 300
1118 300
1119 300
1120 300
1121 300
1122 300
1123 300
1124 300
1125 300
1126 300
1127 300
1128 300
1129 300
1130 300
1131 300
1132 300
1133 300
1134 300
1135 300
1136 300
1137 300
1138 300
1139 300
1140 300
1141 300
1142 300
1143 300
1144 300
1145 300
1146 300
1147 300
1148 300
1149 300
1150 300
1151 300
1152 300
1153 300
1154 300
1155 300
1156 300
1157 300
1158 300
1159 300
1160 300
1161 300
1162 300
1163 300
1164 300
1165 300
1166 300
1167 300
1168 300
1169 300
1170 300
1171 300
1172 300
1173 300
1174 300
1175 300
1176 300
1177 300
1178 300
1179 300
1180 300
1181 300
1182 300
1183 300
1184 300
1185 300
1186 300
1187 300
1188 300
1189 300
1190 300
1191 300
1192 300
1193 300
1194 300
1195 300
1196 300
1197 300
1198 300
1199 300
1200 300
1201 300
1202 300
1203 300
1204 300
1205 300
1206 300
1207 300
1208 300
1209 300
1210 300
1211 300
1212 300
1213 300
1214 300
1215 300
1216 300
1217 300
1218 300
1219 300
1220 300
1221 300
1222 300
1223 300
1224 300
1225 300
1226 300
1227 300
1228 300
1229 300
1230 300
1231 300
1232 300
1233 300
1234 300
1235 300
1236 300
1237 300
1238 300
1239 300
1240 300
1241 300
1242 300
1243 300
1244 300
1245 300
1246 300
1247 300
1248 300
1249 300
1250 300
1251 300
1252 300
1253 300
1254 300
1255 300
1256 300
1257 300
1258 300
1259 300
1260 300
1261 300
1262 300
1263 300
1264 300
1265 300
1266 300
1267 300
1268 300
1269 300
1270 300
1271 300
1272 300
1273 300
1274 300
1275 300
1276 300
1277 300
1278 300
1279 300
1280 300
1281 300
1282 300
1283 300
1284 300
1285 300
1286 300
1287 300
1288 300
1289 300
1290 300
1291 300
1292 300
1293 300
1294 300
1295 300
1296 300
1297 300
1298 300
1299 300
1300 300
1301 300
1302 300
1303 300
1304 300
1305 300
1306 300
1307 300
1308 300
1309 300
1310 300
1311 300
1312 300
1313 300
1314 300
1315 300
1316 300
1317 300
1318 300
1319 300
1320 300
1321 300
1322 300
1323 300
1324 300
1325 300
1326 300
1327 300
1328 300
1329 300
1330 300
1331 300
1332 300
1333 300
1334 300
1335 300
1336 300
1337 300
1338 300
1339 300
1340 300
1341 300
1342 300
1343 300
1344 300
1345 300
1346 300
1347 300
1348 300
1349 300
1350 300
1351 300
1352 300
1353 300
1354 300
1355 300
1356 300
1357 300
1358 300
1359 300
1360 300
1361 300
1362 300
1363 300
1364 300
1365 300
1366 300
1367 300
1368 300
1369 300
1370 300
1371 300
1372 300
1373 300
1374 300
1375 300
1376 300
1377 300
1378 300
1379 300
1380 300
1381 300
1382 300
1383 300
1384 300
1385 300
1386 300
1387 300
1388 300
1389 300
1390 300
1391 300
1392 300
1393 300
1394 300
1395 300
1396 300
1397 300
1398 300
1399 300
1400 300
1401 300
1402 300
1403 300
1404 300
1405 300
1406 300
1407 300
1408 300
1409 300
1410 300
1411 300
1412 300
1413 300
1414 300
1415 300
1416 300
1417 300
1418 300
1419 300
1420 300
1421 300
1422 300
1423 300
1424 300
1425 300
1426 300
1427 300
1428 300
1429 300
1430 300
1431 300
1432 300
1433 300
1434 300
1435 300
1436 300
1437 300
1438 300
1439 300
1440 300
1441 300
1442 300
1443 300
1444 300
1445 300
1446 300
1447 300
1448 300
1449 300
1450 300
1451 300
1452 300
1453 300
1454 300
1455 300
1456 300
1457 300
1458 300
1459 300
1460 300
1461 300
1462 300
1463 300
1464 300
1465 300
1466 300
1467 300
1468 300
1469 300
1470 300
1471 300
1472 300
1473 300
1474 300
1475 300
1476 300
1477 300
1478 300
1479 300
1480 300
1481 300
1482 300
1483 300
1484 300
1485 300
1486 300
1487 300
1488 300
1489 300
1490 300
1491 300
1492 300
1493 300
1494 300
1495 300
1496 300
1497 300
1498 300
1499 300
1500 300
1501 300
1502 300
1503 300
1504 300
1505 300
1506 300
1507 300
1508 300
1509 300
1510 300
1511 300
1512 300
1513 300
1514 300
1515 300
1516 300
1517 300
1518 300
1519 300
1520 300
1521 300
1522 300
1523 300
1524 300
1525 300
1526 300
1527 300
1528 300
1529 300
1530 300
1531 300
1532 300
1533 300
1534 300
1535 300
1536 300
1537 300
1538 300
1539 300
1540 300
1541 300
1542 300
1543 300
1544 300
1545 300
1546 300
1547 300
1548 300
1549 300
1550 300
1551 300
1552 300
1553 300
1554 300
1555 300
1556 300
1557 300
1558 300
1559 300
1560 300
1561 300
1562 300
1563 300
1564 300
1565 300
1566 300
1567 300
1568 300
1569 300
1570 300
1571 300
1572 300
1573 300
1574 300
1575 300
1576 300
1577 300
1578 300
1579 300
1580 300
1581 300
1582 300
1583 300
1584 300
1585 300
1586 300
1587 300
1588 300
1589 300
1590 300
1591 300
1592 300
1593 300
1594 300
1595 300
1596 300
1597 300
1598 300
1599 300
1600 300
1601 300
1602 300
1603 300
1604 300
1605 300
1606 300
1607 300
1608 300
1609 300
1610 300
1611 300
1612 300
1613 300
1614 300
1615 300
1616 300
1617 300
1618 300
1619 300
1620 300
1621 300
1622 300
1623 300
1624 300
1625 300
1626 300
1627 300
1628 300
1629 300
1630 300
1631 300
1632 300
1633 300
1634 300
1635 300
1636 300
1637 300
1638 300
1639 300
1640 300
1641 300
1642 300
1643 300
1644 300
1645 300
1646 300
1647 300
1648 300
1649 300
1650 300
1651 300
1652 300
1653 300
1654 300
1655 300
1656 300
1657 300
1658 300
1659 300
1660 300
1661 300
1662 300
1663 300
1664 300
1665 300
1666 300
1667 300
1668 300
1669 300
1670 300
1671 300
1672 300
1673 300
1674 300
1675 300
1676 300
1677 300
1678 300
1679 300
1680 300
1681 300
1682 300
1683 300
1684 300
1685 300
1686 300
1687 300
1688 300
1689 300
1690 300
1691 300
1692 300
1693 300
1694 300
1695 300
1696 300
1697 300
1698 300
1699 300
1700 300
1701 300
1702 300
1703 300
1704 300
1705 300
1706 300
1707 300
1708 300
1709 300
1710 300
1711 300
1712 300
1713 300
1714 300
1715 300
1716 300
1717 300
1718 300
1719 300
1720 300
1721 300
1722 300
1723 300
1724 300
1725 300
1726 300
1727 300
1728 300
1729 300
1730 300
1731 300
1732 300
1733 300
1734 300
1735 300
1736 300
1737 300
1738 300
1739 300
1740 300
1741 300
1742 300
1743 300
1744 300
1745 300
1746 300
1747 300
1748 300
1749 300
1750 300
1751 300
1752 300
1753 300
1754 300
1755 300
1756 300
1757 300
1758 300
1759 300
1760 300
1761 300
1762 300
1763 300
1764 300
1765 300
1766 300
1767 300
1768 300
1769 300
1770 300
1771 300
1772 300
1773 300
1774 300
1775 300
1776 300
1777 300
1778 300
1779 300
1780 300
1781 300
1782 300
1783 300
1784 300
1785 300
1786 300
1787 300
1788 300
1789 300
1790 300
1791 300
1792 300
1793 300
1794 300
1795 300
1796 300
1797 300
1798 300
1799 300
1800 300
1801 300
1802 300
1803 300
1804 300
1805 300
1806 300
1807 300
1808 300
1809 300
1810 300
1811 300
1812 300
1813 300
1814 300
1815 300
1816 300
1817 300
1818 300
1819 300
1820 300
1821 300
1822 300
1823 300
1824 300
1825 300
1826 300
1827 300
1828 300
1829 300
1830 300
1831 300
1832 300
1833 300
1834 300
1835 300
1836 300
1837 300
1838 300
1839 300
1840 300
1841 300
1842 300
1843 300
1844 300
1845 300
1846 300
1847 300
1848 300
1849 300
1850 300
1851 300
1852 300
1853 300
1854 300
1855 300
1856 300
1857 300
1858 300
1859 300
1860 300
1861 300
1862 300
1863 300
1864 300
1865 300
1866 300
1867 300
1868 300
1869 300
1870 300
1871 300
1872 300
1873 300
1874 300
1875 300
1876 300
1877 300
1878 300
1879 300
1880 300
1881 300
1882 300
1883 300
1884 300
1885 300
1886 300
1887 300
1888 300
1889 300
1890 300
1891 300
1892 300
1893 300
1894 300
1895 300
1896 300
1897 300
1898 300
1899 300
1900 300
1901 300
1902 300
1903 300
1904 300
1905 300
1906 300
1907 300
1908 300
1909 300
1910 300
1911 300
1912 300
1913 300
1914 300
1915 300
1916 300
1917 300
1918 300
1919 300
1920 300
1921 300
1922 300
1923 300
1924 300
1925 300
1926 300
1927 300
1928 300
1929 300
1930 300
1931 300
1932 300
1933 300
1934 300
1935 300
1936 300
1937 300
1938 300
1939 300
1940 300
1941 300
1942 300
1943 300
1944 300
1945 300
1946 300
1947 300
1948 300
1949 300
1950 300
1951 300
1952 300
1953 300
1954 300
1955 300
1956 300
1957 300
1958 300
1959 300
1960 300
1961 300
1962 300
1963 300
1964 300
1965 300
1966 300
1967 300
1968 300
1969 300
1970 300
1971 300
1972 300
1973 300
1974 300
1975 300
1976 300
1977 300
1978 300
1979 300
1980 300
1981 300
1982 300
1983 300
1984 300
1985 300
1986 300
1987 300
1988 300
1989 300
1990 300
1991 300
1992 300
1993 300
1994 300
1995 300
1996 300
1997 300
1998 300
1999 300
2000 300
2001 300
2002 300
2003 300
2004 300
2005 300
2006 300
2007 300
2008 300
2009 300
2010 300
2011 300
2012 300
2013 300
2014 300
2015 300
2016 300
2017 300
2018 300
2019 300
2020 300
2021 300
2022 300
2023 300
2024 300
2025 300
2026 300
2027 300
2028 300
2029 300
2030 300
2031 300
2032 300
2033 300
2034 300
2035 300
2036 300
2037 300
2038 300
2039 300
2040 300
2041 300
2042 300
2043 300
2044 300
2045 300
2046 300
2047 300
2048 300
2049 300
2050 300
2051 300
2052 300
2053 300
2054 300
2055 300
2056 300
2057 300
2058 300
2059 300
2060 300
2061 300
2062 300
2063 300
2064 300
2065 300
2066 300
2067 300
2068 300
2069 300
2070 300
2071 300
2072 300
2073 300
2074 300
2075 300
2076 300
2077 300
2078 300
2079 300
2080 300
2081 300
2082 300
2083 300
2084 300
2085 300
2086 300
2087 300
2088 300
2089 300
2090 300
2091 300
2092 300
2093 300
2094 300
2095 300
2096 300
2097 300
2098 300
2099 300
2100 300
2101 300
2102 300
2103 300
2104 300
2105 300
2106 300
2107 300
2108 300
2109 300
2110 300
2111 300
2112 300
2113 300
2114 300
2115 300
2116 300
2117 300
2118 300
2119 300
2120 300
2121 300
2122 300
2123 300
2124 300
2125 300
2126 300
2127 300
2128 300
2129 300
2130 300
2131 300
2132 300
2133 300
2134 300
2135 300
2136 300
2137 300
2138 300
2139 300
2140 300
2141 300
2142 300
2143 300
2144 300
2145 300
2146 300
2147 300
2148 300
2149 300
2150 300
2151 300
2152 300
2153 300
2154 300
2155 300
2156 300
2157 300
2158 300
2159 300
2160 300
2161 300
2162 300
2163 300
2164 300
2165 300
2166 300
2167 300
2168 300
2169 300
2170 300
2171 300
2172 300
2173 300
2174 300
2175 300
2176 300
2177 300
2178 300
2179 300
2180 300
2181 300
2182 300
2183 300
2184 300
2185 300
2186 300
2187 300
2188 300
2189 300
2190 300
2191 300
2192 300
2193 300
2194 300
2195 300
2196 300
2197 300
2198 300
2199 300
2200 300
2201 300
2202 300
2203 300
2204 300
2205 300
2206 300
2207 300
2208 300
2209 300
2210 300
2211 300
2212 300
2213 300
2214 300
2215 300
2216 300
2217 300
2218 300
2219 300
2220 300
2221 300
2222 300
2223 300
2224 300
2225 300
2226 300
2227 300
2228 300
2229 300
2230 300
2231 300
2232 300
2233 300
2234 300
2235 300
2236 300
2237 300
2238 300
2239 300
2240 300
2241 300
2242 300
2243 300
2244 300
2245 300
2246 300
2247 300
2248 300
2249 300
2250 300
2251 300
2252 300
2253 300
2254 300
2255 300
2256 300
2257 300
2258 300
2259 300
2260 300
2261 300
2262 300
2263 300
2264 300
2265 300
2266 300
2267 300
2268 300
2269 300
2270 300
2271 300
2272 300
2273 300
2274 300
2275 300
2276 300
2277 300
2278 300
2279 300
2280 300
2281 300
2282 300
2283 300
2284 300
2285 300
2286 300
2287 300
2288 300
2289 300
2290 300
2291 300
2292 300
2293 300
2294 300
2295 300
2296 300
2297 300
2298 300
2299 300
2300 300
2301 300
2302 300
2303 300
2304 300
2305 300
2306 300
2307 300
2308 300
2309 300
2310 300
2311 300
2312 300
2313 300
2314 300
2315 300
2316 300
2317 300
2318 300
2319 300
2320 300
2321 300
2322 300
2323 300
2324 300
2325 300
2326 300
2327 300
2328 300
2329 300
2330 300
2331 300
2332 300
2333 300
2334 300
2335 300
2336 300
2337 300
2338 300
2339 300
2340 300
2341 300
2342 300
2343 300
2344 300
2345 300
2346 300
2347 300
2348 300
2349 300
2350 300
2351 300
2352 300
2353 300
2354 300
2355 300
2356 300
2357 300
2358 300
2359 300
2360 300
2361 300
2362 300
2363 300
2364 300
2365 300
2366 300
2367 300
2368 300
2369 300
2370 300
2371 300
2372 300
2373 300
2374 300
2375 300
2376 300
2377 300
2378 300
2379 300
2380 300
2381 300
2382 300
2383 300
2384 300
2385 300
2386 300
2387 300
2388 300
2389 300
2390 300
2391 300
2392 300
2393 300
2394 300
2395 300
2396 300
2397 300
2398 300
2399 300
2400 300
2401 300
2402 300
2403 300
2404 300
2405 300
2406 300
2407 300
2408 300
2409 300
2410 300
2411 300
2412 300
2413 300
2414 300
2415 300
2416 300
2417 300
2418 300
2419 300
2420 300
2421 300
2422 300
2423 300
2424 300
2425 300
2426 300
2427 300
2428 300
2429 300
2430 300
2431 300
2432 300
2433 300
2434 300
2435 300
2436 300
2437 300
2438 300
2439 300
2440 300
2441 300
2442 300
2443 300
2444 300
2445 300
2446 300
2447 300
2448 300
2449 300
2450 300
2451 300
2452 300
2453 300
2454 300
2455 300
2456 300
2457 300
2458 300
2459 300
2460 300
2461 300
2462 300
2463 300
2464 300
2465 300
2466 300
2467 300
2468 300
2469 300
2470 300
2471 300
2472 300
2473 300
2474 300
2475 300
2476 300
2477 300
2478 300
2479 300
2480 300
2481 300
2482 300
2483 300
2484 300
2485 300
2486 300
2487 300
2488 300
2489 300
2490 300
2491 300
2492 300
2493 300
2494 300
2495 300
2496 300
2497 300
2498 300
2499 300
2500 300
2501 300
2502 300
2503 300
2504 300
2505 300
2506 300
2507 300
2508 300
2509 300
2510 300
2511 300
2512 300
2513 300
2514 300
2515 300
2516 300
2517 300
2518 300
2519 300
2520 300
2521 300
2522 300
2523 300
2524 300
2525 300
2526 300
2527 300
2528 300
2529 300
2530 300
2531 300
2532 300
2533 300
2534 300
2535 300
2536 300
2537 300
2538 300
2539 300
2540 300
2541 300
2542 300
2543 300
2544 300
2545 300
2546 300
2547 300
2548 300
2549 300
2550 300
2551 300
2552 300
2553 300
2554 300
2555 300
2556 300
2557 300
2558 300
2559 300
2560 300
2561 300
2562 300
2563 300
2564 300
2565 300
2566 300
2567 300
2568 300
2569 300
2570 300
2571 300
2572 300
2573 300
2574 300
2575 300
2576 300
2577 300
2578 300
2579 300
2580 300
2581 300
2582 300
2583 300
2584 300
2585 300
2586 300
2587 300
2588 300
2589 300
2590 300
2591 300
2592 300
2593 300
2594 300
2595 300
2596 300
2597 300
2598 300
2599 300
2600 300
2601 300
2602 300
2603 300
2604 300
2605 300
2606 300
2607 300
2608 300
2609 300
2610 300
2611 300
2612 300
2613 300
2614 300
2615 300
2616 300
2617 300
2618 300
2619 300
2620 300
2621 300
2622 300
2623 300
2624 300
2625 300
2626 300
2627 300
2628 300
2629 300
2630 300
2631 300
2632 300
2633 300
2634 300
2635 300
2636 300
2637 300
2638 300
2639 300
2640 300
2641 300
2642 300
2643 300
2644 300
2645 300
2646 300
2647 300
2648 300
2649 300
2650 300
2651 300
2652 300
2653 300
2654 300
2655 300
2656 300
2657 300
2658 300
2659 300
2660 300
2661 300
2662 300
2663 300
2664 300
2665 300
2666 300
2667 300
2668 300
2669 300
2670 300
2671 300
2672 300
2673 300
2674 300
2675 300
2676 300
2677 300
2678 300
2679 300
2680 300
2681 300
2682 300
2683 300
2684 300
2685 300
2686 300
2687 300
2688 300
2689 300
2690 300
2691 300
2692 300
2693 300
2694 300
2695 300
2696 300
2697 300
2698 300
2699 300
2700 300
2701 300
2702 300
2703 300
2704 300
2705 300
2706 300
2707 300
2708 300
2709 300
2710 300
2711 300
2712 300
2713 300
2714 300
2715 300
2716 300
2717 300
2718 300
2719 300
2720 300
2721 300
2722 300
2723 300
2724 300
2725 300
2726 300
2727 300
2728 300
2729 300
2730 300
2731 300
2732 300
2733 300
2734 300
2735 300
2736 300
2737 300
2738 300
2739 300
2740 300
2741 300
2742 300
2743 300
2744 300
2745 300
2746 300
2747 300
2748 300
2749 300
2750 300
2751 300
2752 300
2753 300
2754 300
2755 300
2756 300
2757 300
2758 300
2759 300
2760 300
2761 300
2762 300
2763 300
2764 300
2765 300
2766 300
2767 300
2768 300
2769 300
2770 300
2771 300
2772 300
2773 300
2774 300
2775 300
2776 300
2777 300
2778 300
2779 300
2780 300
2781 300
2782 300
2783 300
2784 300
2785 300
2786 300
2787 300
2788 300
2789 300
2790 300
2791 300
2792 300
2793 300
2794 300
2795 300
2796 300
2797 300
2798 300
2799 300
2800 300
2801 300
2802 300
2803 300
2804 300
2805 300
2806 300
2807 300
2808 300
2809 300
2810 300
2811 300
2812 300
2813 300
2814 300
2815 300
2816 300
2817 300
2818 300
2819 300
2820 300
2821 300
2822 300
2823 300
2824 300
2825 300
2826 300
2827 300
2828 300
2829 300
2830 300
2831 300
2832 300
2833 300
2834 300
2835 300
2836 300
2837 300
2838 300
2839 300
2840 300
2841 300
2842 300
2843 300
2844 300
2845 300
2846 300
2847 300
2848 300
2849 300
2850 300
2851 300
2852 300
2853 300
2854 300
2855 300
2856 300
2857 300
2858 300
2859 300
2860 300
2861 300
2862 300
2863 300
2864 300
2865 300
2866 300
2867 300
2868 300
2869 300
2870 300
2871 300
2872 300
2873 300
2874 300
2875 300
2876 300
2877 300
2878 300
2879 300
2880 300
2881 300
2882 300
2883 300
2884 300
2885 300
2886 300
2887 300
2888 300
2889 300
2890 300
2891 300
2892 300
2893 300
2894 300
2895 300
2896 300
2897 300
2898 300
2899 300
2900 300
2901 300
2902 300
2903 300
2904 300
2905 300
2906 300
2907 300
2908 300
2909 300
2910 300
2911 300
2912 300
2913 300
2914 300
2915 300
2916 300
2917 300
2918 300
2919 300
2920 300
2921 300
2922 300
2923 300
2924 300
2925 300
2926 300
2927 300
2928 300
2929 300
2930 300
2931 300
2932 300
2933 300
2934 300
2935 300
2936 300
2937 300
2938 300
2939 300
2940 300
2941 300
2942 300
2943 300
2944 300
2945 300
2946 300
2947 300
2948 300
2949 300
2950 300
2951 300
2952 300
2953 300
2954 300
2955 300
2956 300
2957 300
2958 300
2959 300
2960 300
2961 300
2962 300
2963 300
2964 300
2965 300
2966 300
2967 300
2968 300
2969 300
2970 300
2971 300
2972 300
2973 300
2974 300
2975 300
2976 300
2977 300
2978 300
2979 300
2980 300
2981 300
2982 300
2983 300
2984 300
2985 300
2986 300
2987 300
2988 300
2989 300
2990 300
2991 300
2992 300
2993 300
2994 300
2995 300
2996 300
2997 300
2998 300
2999 300
3000 300
3001 300
3002 300
3003 300
3004 300
3005 300
3006 300
3007 300
3008 300
3009 300
3010 300
3011 300
3012 300
3013 300
3014 300
3015 300
3016 300
3017 300
3018 300
3019 300
3020 300
3021 300
3022 300
3023 300
3024 300
3025 300
3026 300
3027 300
3028 300
3029 300
3030 300
3031 300
3032 300
3033 300
3034 300
3035 300
3036 300
3037 300
3038 300
3039 300
3040 300
3041 300
3042 300
3043 300
3044 300
3045 300
3046 300
3047 300
3048 300
3049 300
3050 300
3051 300
3052 300
3053 300
3054 300
3055 300
3056 300
3057 300
3058 300
3059 300
3060 300
3061 300
3062 300
3063 300
3064 300
3065 300
3066 300
3067 300
3068 300
3069 300
3070 300
3071 300
3072 300
3073 300
3074 300
3075 300
3076 300
3077 300
3078 300
3079 300
3080 300
3081 300
3082 300
3083 300
3084 300
3085 300
3086 300
3087 300
3088 300
3089 300
3090 300
3091 300
3092 300
3093 300
3094 300
3095 300
3096 300
3097 300
3098 300
3099 300
3100 300
3101 300
3102 300
3103 300
3104 300
3105 300
3106 300
3107 300
3108 300
3109 300
3110 300
3111 300
3112 300
3113 300
3114 300
3115 300
3116 300
3117 300
3118 300
3119 300
3120 300
3121 300
3122 300
3123 300
3124 300
3125 300
3126 300
3127 300
3128 300
3129 300
3130 300
3131 300
3132 300
3133 300
3134 300
3135 300
3136 300
3137 300
3138 300
3139 300
3140 300
3141 300
3142 300
3143 300
3144 300
3145 300
3146 300
3147 300
3148 300
3149 300
3150 300
3151 300
3152 300
3153 300
3154 300
3155 300
3156 300
3157 300
3158 300
3159 300
3160 300
3161 300
3162 300
3163 300
3164 300
3165 300
3166 300
3167 300
3168 300
3169 300
3170 300
3171 300
3172 300
3173 300
3174 300
3175 300
3176 300
3177 300
3178 300
3179 300
3180 300
3181 300
3182 300
3183 300
3184 300
3185 300
3186 300
3187 300
3188 300
3189 300
3190 300
3191 300
3192 300
3193 300
3194 300
3195 300
3196 300
3197 300
3198 300
3199 300
3200 300
3201 300
3202 300
3203 300
3204 300
3205 300
3206 300
3207 300
3208 300
3209 300
3210 300
3211 300
3212 300
3213 300
3214 300
3215 300
3216 300
3217 300
3218 300
3219 300
3220 300
3221 300
3222 300
3223 300
3224 300
3225 300
3226 300
3227 300
3228 300
3229 300
3230 300
3231 300
3232 300
3233 300
3234 300
3235 300
3236 300
3237 300
3238 300
3239 300
3240 300
3241 300
3242 300
3243 300
3244 300
3245 300
3246 300
3247 300
3248 300
3249 300
3250 300
3251 300
3252 300
3253 300
3254 300
3255 300
3256 300
3257 300
3258 300
3259 300
3260 300
3261 300
3262 300
3263 300
3264 300
3265 300
3266 300
3267 300
3268 300
3269 300
3270 300
3271 300
3272 300
3273 300
3274 300
3275 300
3276 300
3277 300
3278 300
3279 300
3280 300
3281 300
3282 300
3283 300
3284 300
3285 300
3286 300
3287 300
3288 300
3289 300
3290 300
3291 300
3292 300
3293 300
3294 300
3295 300
3296 300
3297 300
3298 300
3299 300
3300 300
3301 300
3302 300
3303 300
3304 300
3305 300
3306 300
3307 300
3308 300
3309 300
3310 300
3311 300
3312 300
3313 300
3314 300
3315 300
3316 300
3317 300
3318 300
3319 300
3320 300
3321 300
3322 300
3323 300
3324 300
3325 300
3326 300
3327 300
3328 300
3329 300
3330 300
3331 300
3332 300
3333 300
3334 300
3335 300
3336 300
3337 300
3338 300
3339 300
3340 300
3341 300
3342 300
3343 300
3344 300
3345 300
3346 300
3347 300
3348 300
3349 300
3350 300
3351 300
3352 300
3353 300
3354 300
3355 300
3356 300
3357 300
3358 300
3359 300
3360 300
3361 300
3362 300
3363 300
3364 300
3365 300
3366 300
3367 300
3368 300
3369 300
3370 300
3371 300
3372 300
3373 300
3374 300
3375 300
3376 300
3377 300
3378 300
3379 300
3380 300
3381 300
3382 300
3383 300
3384 300
3385 300
3386 300
3387 300
3388 300
3389 300
3390 300
3391 300
3392 300
3393 300
3394 300
3395 300
3396 300
3397 300
3398 300
3399 300
3400 300
3401 300
3402 300
3403 300
3404 300
3405 300
3406 300
3407 300
3408 300
3409 300
3410 300
3411 300
3412 300
3413 300
3414 300
3415 300
3416 300
3417 300
3418 300
3419 300
3420 300
3421 300
3422 300
3423 300
3424 300
3425 300
3426 300
3427 300
3428 300
3429 300
3430 300
3431 300
3432 300
3433 300
3434 300
3435 300
3436 300
3437 300
3438 300
3439 300
3440 300
3441 300
3442 300
3443 300
3444 300
3445 300
3446 300
3447 300
3448 300
3449 300
3450 300
3451 300
3452 300
3453 300
3454 300
3455 300
3456 300
3457 300
3458 300
3459 300
3460 300
3461 300
3462 300
3463 300
3464 300
3465 300
3466 300
3467 300
3468 300
3469 300
3470 300
3471 300
3472 300
3473 300
3474 300
3475 300
3476 300
3477 300
3478 300
3479 300
3480 300
3481 300
3482 300
3483 300
3484 300
3485 300
3486 300
3487 300
3488 300
3489 300
3490 300
3491 300
3492 300
3493 300
3494 300
3495 300
3496 300
3497 300
3498 300
3499 300
3500 300
3501 300
3502 300
3503 300
3504 300
3505 300
3506 300
3507 300
3508 300
3509 300
3510 300
3511 300
3512 300
3513 300
3514 300
3515 300
3516 300
3517 300
3518 300
3519 300
3520 300
3521 300
3522 300
3523 300
3524 300
3525 300
3526 300
3527 300
3528 300
3529 300
3530 300
3531 300
3532 300
3533 300
3534 300
3535 300
3536 300
3537 300
3538 300
3539 300
3540 300
3541 300
3542 300
3543 300
3544 300
3545 300
3546 300
3547 300
3548 300
3549 300
3550 300
3551 300
3552 300
3553 300
3554 300
3555 300
3556 300
3557 300
3558 300
3559 300
3560 300
3561 300
3562 300
3563 300
3564 300
3565 300
3566 300
3567 300
3568 300
3569 300
3570 300
3571 300
3572 300
3573 300
3574 300
3575 300
3576 300
3577 300
3578 300
3579 300
3580 300
3581 300
3582 300
3583 300
3584 300
3585 300
3586 300
3587 300
3588 300
3589 300
3590 300
3591 300
3592 300
3593 300
3594 300
3595 300
3596 300
3597 300
3598 300
3599 300
3600 300
3601 300
3602 300
3603 300
3604 300
3605 300
3606 300
3607 300
3608 300
3609 300
3610 300
3611 300
3612 300
3613 300
3614 300
3615 300
3616 300
3617 300
3618 300
3619 300
3620 300
3621 300
3622 300
3623 300
3624 300
3625 300
3626 300
3627 300
3628 300
3629 300
3630 300
3631 300
3632 300
3633 300
3634 300
3635 300
3636 300
3637 300
3638 300
3639 300
3640 300
3641 300
3642 300
3643 300
3644 300
3645 300
3646 300
3647 300
3648 300
3649 300
3650 300
3651 300
3652 300
3653 300
3654 300
3655 300
3656 300
3657 300
3658 300
3659 300
3660 300
3661 300
3662 300
3663 300
3664 300
3665 300
3666 300
3667 300
3668 300
3669 300
3670 300
3671 300
3672 300
3673 300
3674 300
3675 300
3676 300
3677 300
3678 300
3679 300
3680 300
3681 300
3682 300
3683 300
3684 300
3685 300
3686 300
3687 300
3688 300
3689 300
3690 300
3691 300
3692 300
3693 300
3694 300
3695 300
3696 300
3697 300
3698 300
3699 300
3700 300
3701 300
3702 300
3703 300
3704 300
3705 300
3706 300
3707 300
3708 300
3709 300
3710 300
3711 300
3712 300
3713 300
3714 300
3715 300
3716 300
3717 300
3718 300
3719 300
3720 300
3721 300
3722 300
3723 300
3724 300
3725 300
3726 300
3727 300
3728 300
3729 300
3730 300
3731 300
3732 300
3733 300
3734 300
3735 300
3736 300
3737 300
3738 300
3739 300
3740 300
3741 300
3742 300
3743 300
3744 300
3745 300
3746 300
3747 300
3748 300
3749 300
3750 300
3751 300
3752 300
3753 300
3754 300
3755 300
3756 300
3757 300
3758 300
3759 300
3760 300
3761 300
3762 300
3763 300
3764 300
3765 300
3766 300
3767 300
3768 300
3769 300
3770 300
3771 300
3772 300
3773 300
3774 300
3775 300
3776 300
3777 300
3778 300
3779 300
3780 300
3781 300
3782 300
3783 300
3784 300
3785 300
3786 300
3787 300
3788 300
3789 300
3790 300
3791 300
3792 300
3793 300
3794 300
3795 300
3796 300
3797 300
3798 300
3799 300
3800 300
3801 300
3802 300
3803 300
3804 300
3805 300
3806 300
3807 300
3808 300
3809 300
3810 300
3811 300
3812 300
3813 300
3814 300
3815 300
3816 300
3817 300
3818 300
3819 300
3820 300
3821 300
3822 300
3823 300
3824 300
3825 300
3826 300
3827 300
3828 300
3829 300
3830 300
3831 300
3832 300
3833 300
3834 300
3835 300
3836 300
3837 300
3838 300
3839 300
3840 300
3841 300
3842 300
3843 300
3844 300
3845 300
3846 300
3847 300
3848 300
3849 300
3850 300
3851 300
3852 300
3853 300
3854 300
3855 300
3856 300
3857 300
3858 300
3859 300
3860 300
3861 300
3862 300
3863 300
3864 300
3865 300
3866 300
3867 300
3868 300
3869 300
3870 300
3871 300
3872 300
3873 300
3874 300
3875 300
3876 300
3877 300
3878 300
3879 300
3880 300
3881 300
3882 300
3883 300
3884 300
3885 300
3886 300
3887 300
3888 300
3889 300
3890 300
3891 300
3892 300
3893 300
3894 300
3895 300
3896 300
3897 300
3898 300
3899 300
3900 300
3901 300
3902 300
3903 300
3904 300
3905 300
3906 300
3907 300
3908 300
3909 300
3910 300
3911 300
3912 300
3913 300
3914 300
3915 300
3916 300
3917 300
3918 300
3919 300
3920 300
3921 300
3922 300
3923 300
3924 300
3925 300
3926 300
3927 300
3928 300
3929 300
3930 300
3931 300
3932 300
3933 300
3934 300
3935 300
3936 300
3937 300
3938 300
3939 300
3940 300
3941 300
3942 300
3943 300
3944 300
3945 300
3946 300
3947 300
3948 300
3949 300
3950 300
3951 300
3952 300
3953 300
3954 300
3955 300
3956 300
3957 300
3958 300
3959 300
3960 300
3961 300
3962 300
3963 300
3964 300
3965 300
3966 300
3967 300
3968 300
3969 300
3970 300
3971 300
3972 300
3973 300
3974 300
3975 300
3976 300
3977 300
3978 300
3979 300
3980 300
3981 300
3982 300
3983 300
3984 300
3985 300
3986 300
3987 300
3988 300
3989 300
3990 300
3991 300
3992 300
3993 300
3994 300
3995 300
3996 300
3997 300
3998 300
3999 300
4000 300
4001 300
4002 300
4003 300
4004 300
4005 300
4006 300
4007 300
4008 300
4009 300
4010 300
4011 300
4012 300
4013 300
4014 300
4015 300
4016 300
4017 300
4018 300
4019 300
4020 300
4021 300
4022 300
4023 300
4024 300
4025 300
4026 300
4027 300
4028 300
4029 300
4030 300
4031 300
4032 300
4033 300
4034 300
4035 300
4036 300
4037 300
4038 300
4039 300
4040 300
4041 300
4042 300
4043 300
4044 300
4045 300
4046 300
4047 300
4048 300
4049 300
4050 300
4051 300
4052 300
4053 300
4054 300
4055 300
4056 300
4057 300
4058 300
4059 300
4060 300
4061 300
4062 300
4063 300
4064 300
4065 300
4066 300
4067 300
4068 300
4069 300
4070 300
4071 300
4072 300
4073 300
4074 300
4075 300
4076 300
4077 300
4078 300
4079 300
4080 300
4081 300
4082 300
4083 300
4084 300
4085 300
4086 300
4087 300
4088 300
4089 300
4090 300
4091 300
4092 300
4093 300
4094 300
4095 300
4096 300
4097 300
4098 300
4099 300
4100 300
4101 300
4102 300
4103 300
4104 300
4105 300
4106 300
4107 300
4108 300
4109 300
4110 300
4111 300
4112 300
4113 300
4114 300
4115 300
4116 300
4117 300
4118 300
4119 300
4120 300
4121 300
4122 300
4123 300
4124 300
4125 300
4126 300
4127 300
4128 300
4129 300
4130 300
4131 300
4132 300
4133 300
4134 300
4135 300
4136 300
4137 300
4138 300
4139 300
4140 300
4141 300
4142 300
4143 300
4144 300
4145 300
4146 300
4147 300
4148 300
4149 300
4150 300
4151 300
4152 300
4153 300
4154 300
4155 300
4156 300
4157 300
4158 300
4159 300
4160 300
4161 300
4162 300
4163 300
4164 300
4165 300
4166 300
4167 300
4168 300
4169 300
4170 300
4171 300
4172 300
4173 300
4174 300
4175 300
4176 300
4177 300
4178 300
4179 300
4180 300
4181 300
4182 300
4183 300
4184 300
4185 300
4186 300
4187 300
4188 300
4189 300
4190 300
4191 300
4192 300
4193 300
4194 300
4195 300
4196 300
4197 300
4198 300
4199 300
4200 300
4201 300
4202 300
4203 300
4204 300
4205 300
4206 300
4207 300
4208 300
4209 300
4210 300
4211 300
4212 300
4213 300
4214 300
4215 300
4216 300
4217 300
4218 300
4219 300
4220 300
4221 300
4222 300
4223 300
4224 300
4225 300
4226 300
4227 300
4228 300
4229 300
4230 300
4231 300
4232 300
4233 300
4234 300
4235 300
4236 300
4237 300
4238 300
4239 300
4240 300
4241 300
4242 300
4243 300
4244 300
4245 300
4246 300
4247 300
4248 300
4249 300
4250 300
4251 300
4252 300
4253 300
4254 300
4255 300
4256 300
4257 300
4258 300
4259 300
4260 300
4261 300
4262 300
4263 300
4264 300
4265 300
4266 300
4267 300
4268 300
4269 300
4270 300
4271 300
4272 300
4273 300
4274 300
4275 300
4276 300
4277 300
4278 300
4279 300
4280 300
4281 300
4282 300
4283 300
4284 300
4285 300
4286 300
4287 300
4288 300
4289 300
4290 300
4291 300
4292 300
4293 300
4294 300
4295 300
4296 300
4297 300
4298 300
4299 300
4300 300
4301 300
4302 300
4303 300
4304 300
4305 300
4306 300
4307 300
4308 300
4309 300
4310 300
4311 300
4312 300
4313 300
4314 300
4315 300
4316 300
4317 300
4318 300
4319 300
4320 300
4321 300
4322 300
4323 300
4324 300
4325 300
4326 300
4327 300
4328 300
4329 300
4330 300
4331 300
4332 300
4333 300
4334 300
4335 300
4336 300
4337 300
4338 300
4339 300
4340 300
4341 300
4342 300
4343 300
4344 300
4345 300
4346 300
4347 300
4348 300
4349 300
4350 300
4351 300
4352 300
4353 300
4354 300
4355 300
4356 300
4357 300
4358 300
4359 300
4360 300
4361 300
4362 300
4363 300
4364 300
4365 300
4366 300
4367 300
4368 300
4369 300
4370 300
4371 300
4372 300
4373 300
4374 300
4375 300
4376 300
4377 300
4378 300
4379 300
4380 300
4381 300
4382 300
4383 300
4384 300
4385 300
4386 300
4387 300
4388 300
4389 300
4390 300
4391 300
4392 300
4393 300
4394 300
4395 300
4396 300
4397 300
4398 300
4399 300
4400 300
4401 300
4402 300
4403 300
4404 300
4405 300
4406 300
4407 300
4408 300
4409 300
4410 300
4411 300
4412 300
4413 300
4414 300
4415 300
4416 300
4417 300
4418 300
4419 300
4420 300
4421 300
4422 300
4423 300
4424 300
4425 300
4426 300
4427 300
4428 300
4429 300
4430 300
4431 300
4432 300
4433 300
4434 300
4435 300
4436 300
4437 300
4438 300
4439 300
4440 300
4441 300
4442 300
4443 300
4444 300
4445 300
4446 300
4447 300
4448 300
4449 300
4450 300
4451 300
4452 300
4453 300
4454 300
4455 300
4456 300
4457 300
4458 300
4459 300
4460 300
4461 300
4462 300
4463 300
4464 300
4465 300
4466 300
4467 300
4468 300
4469 300
4470 300
4471 300
4472 300
4473 300
4474 300
4475 300
4476 300
4477 300
4478 300
4479 300
4480 300
4481 300
4482 300
4483 300
4484 300
4485 300
4486 300
4487 300
4488 300
*
DISP
