NODE
1 -0.1477211629518312 0.02604722665003955
2 0.01041889066001582 0.05908846518073248
3 0.1477211629518312 -0.02604722665003955
4 -0.01041889066001582 -0.05908846518073248
5 -0.14528823905011007 0.02655555339666568
6 -0.14285531514839453 0.027063880143290638
7 -0.14042239124667863 0.027572206889915678
8 -0.13798946734496267 0.028080533636540724
9 -0.13555654344324702 0.02858886038316571
10 -0.13312361954153099 0.02909718712979078
11 -0.13069069563981503 0.02960551387641583
12 -0.12825777173810857 0.03011384062303889
13 -0.12582484783639408 0.030622167369663632
14 -0.12339192393467852 0.0311304941162886
15 -0.12095900003296699 0.031638820862912725
16 -0.11852607613125604 0.03214714760953673
17 -0.11609315222954092 0.0326554743561616
18 -0.11366022832782635 0.03316380110278636
19 -0.11122730442611456 0.03367212784941054
20 -0.10879438052439958 0.03418045459603539
21 -0.10636145662268405 0.034688781342660346
22 -0.10392853272096915 0.035197108089285174
23 -0.10149560881925723 0.03570543483590938
24 -0.09906268491754208 0.036213761582534254
25 -0.09662976101582663 0.0367220883291592
26 -0.094196837114114 0.037230415075783556
27 -0.09176391321240304 0.03773874182240756
28 -0.08933098931068882 0.03824706856903225
29 -0.08689806540897277 0.03875539531565732
30 -0.08446514150725672 0.03926372206228239
31 -0.08203221760554104 0.039772048808907376
32 -0.07959929370382932 0.04028037555553154
33 -0.07716636980212344 0.040788702302154485
34 -0.07473344590040969 0.04129702904877907
35 -0.07230052199869393 0.04180535579540408
36 -0.06986759809697861 0.042313682542028996
37 -0.06743467419525487 0.04282200928865568
38 -0.06500175029352859 0.04333033603528288
39 -0.06256882639180228 0.04383866278191009
40 -0.060135902490076 0.044346989528537294
41 -0.05770297858834969 0.04485531627516451
42 -0.05527005468662341 0.045363643021791716
43 -0.052837130784897116 0.045871969768418924
44 -0.05040420688317013 0.04638029651504627
45 -0.047971282981438934 0.046888623261674506
46 -0.04553835907971196 0.04739695000830186
47 -0.04310543517798504 0.0479052767549292
48 -0.040672511276258275 0.048413603501556504
49 -0.038239587374531994 0.04892193024818371
50 -0.035806663472805686 0.04943025699481092
51 -0.033373739571079405 0.04993858374143813
52 -0.03094081566935311 0.050446910488065336
53 -0.028507891767622945 0.05095523723469336
54 -0.026074967865895332 0.05146356398132084
55 -0.023642043964168927 0.05197189072794807
56 -0.021209120062439107 0.05248021747457602
57 -0.0187761961607103 0.05298854422120375
58 -0.016343272258980635 0.053496870967831664
59 -0.013910348357253549 0.054005197714459045
60 -0.011477424455527074 0.05451352446108629
61 -0.009044500553800738 0.0550218512077135
62 -0.006611576652074458 0.05553017795434071
63 -0.004178652750348177 0.05603850470096792
64 -0.001745728848621897 0.056546831447595126
65 0.0006871950531096294 0.057055158194223424
66 0.003120118954836243 0.0575634849408507
67 0.0055530428565633005 0.05807181168747807
68 0.007985966758289581 0.058580138434105276
69 0.012531233310654304 0.0577786853064159
70 0.014643575961293166 0.05646890543209909
71 0.01675591861193062 0.055159125557783156
72 0.018868261262566646 0.05384934568346811
73 0.02098060391320554 0.05253956580915128
74 0.02309294656384463 0.05122978593483432
75 0.02520528921448325 0.04992000606051766
76 0.02731763186512197 0.04861022618620094
77 0.029429974515759547 0.04730044631188493
78 0.03154231716639594 0.045990666437569654
79 0.03365465981703209 0.04468088656325452
80 0.03576700246766806 0.04337110668893951
81 0.03787934511830403 0.04206132681462449
82 0.039991687768940604 0.040751546940309094
83 0.042104030419575965 0.03944176706599446
84 0.04421637307021402 0.03813198719167815
85 0.04632871572085221 0.03682220731736176
86 0.04844105837149015 0.035512427443045516
87 0.050553401022127964 0.03420264756872936
88 0.05266574367276622 0.03289286769441293
89 0.054778086323404834 0.03158308782009627
90 0.05689042897404293 0.03027330794577994
91 0.05900277162468083 0.028963528071463726
92 0.06111511427531904 0.027653748197147318
93 0.06322745692595573 0.02634396832283186
94 0.06533979957659417 0.025034188448515314
95 0.06745214222723447 0.02372440857419761
96 0.06956448487787206 0.022414628699881582
97 0.07167682752850804 0.02110484882556657
98 0.073789170179144 0.019795068951251556
99 0.07590151282978067 0.018485289076936105
100 0.07801385548042049 0.017175509202618698
101 0.08012619813106406 0.015865729328298973
102 0.0822385407817113 0.014555949453976959
103 0.08435088343236234 0.013246169579652606
104 0.08646322608300977 0.011936389705330487
105 0.08857556873365953 0.010626609831006918
106 0.09068791138430699 0.009316829956684779
107 0.09280025403495777 0.008007050082360571
108 0.09491259668560544 0.006697270208038307
109 0.09702493933625612 0.005387490333714162
110 0.0991372819869039 0.004077710459391828
111 0.10124962463755446 0.002767930585067767
112 0.10336196728820235 0.0014581507107453567
113 0.10547430993885179 0.00014837083642198906
114 0.10758665258949958 -0.0011614090379003517
115 0.1096989952401499 -0.0024711889122242675
116 0.11181133789079803 -0.0037809687865468233
117 0.1139236805414464 -0.005090748660869532
118 0.11603602319209405 -0.006400528535191782
119 0.11814836584274412 -0.0077103084095155455
120 0.1202607084933925 -0.009020088283838254
121 0.12237305114404246 -0.010329868158161948
122 0.1244853937946903 -0.011639648032484323
123 0.12659773644533626 -0.012949427906805533
124 0.12871007909598353 -0.014259207781127561
125 0.13082242174663175 -0.015568987655450173
126 0.13293476439728197 -0.01687876752977402
127 0.13504710704793388 -0.01818854740409892
128 0.13715944969858884 -0.019498327278425723
129 0.1392717923492438 -0.02080810715275251
130 0.14138413499989805 -0.022117887027078856
131 0.14349647765053763 -0.023427666901396096
132 0.1456088203011774 -0.02473744677571349
133 0.14528823905011007 -0.02655555339666568
134 0.14285531514839453 -0.027063880143290638
135 0.14042239124667863 -0.027572206889915678
136 0.13798946734496267 -0.028080533636540724
137 0.13555654344324702 -0.02858886038316571
138 0.13312361954153099 -0.02909718712979078
139 0.13069069563981503 -0.02960551387641583
140 0.12825777173810857 -0.03011384062303889
141 0.12582484783639408 -0.030622167369663632
142 0.12339192393467852 -0.0311304941162886
143 0.12095900003296699 -0.031638820862912725
144 0.11852607613125604 -0.03214714760953673
145 0.11609315222954092 -0.0326554743561616
146 0.11366022832782635 -0.03316380110278636
147 0.11122730442611456 -0.03367212784941054
148 0.10879438052439958 -0.03418045459603539
149 0.10636145662268405 -0.034688781342660346
150 0.10392853272096915 -0.035197108089285174
151 0.10149560881925723 -0.03570543483590938
152 0.09906268491754208 -0.036213761582534254
153 0.09662976101582663 -0.0367220883291592
154 0.094196837114114 -0.037230415075783556
155 0.09176391321240304 -0.03773874182240756
156 0.08933098931068882 -0.03824706856903225
157 0.08689806540897277 -0.03875539531565732
158 0.08446514150725672 -0.03926372206228239
159 0.08203221760554104 -0.039772048808907376
160 0.07959929370382932 -0.04028037555553154
161 0.07716636980212344 -0.040788702302154485
162 0.07473344590040969 -0.04129702904877907
163 0.07230052199869393 -0.04180535579540408
164 0.06986759809697861 -0.042313682542028996
165 0.06743467419525487 -0.04282200928865568
166 0.06500175029352859 -0.04333033603528288
167 0.06256882639180228 -0.04383866278191009
168 0.060135902490076 -0.044346989528537294
169 0.05770297858834969 -0.04485531627516451
170 0.05527005468662341 -0.045363643021791716
171 0.052837130784897116 -0.045871969768418924
172 0.05040420688317013 -0.04638029651504627
173 0.047971282981438934 -0.046888623261674506
174 0.04553835907971196 -0.04739695000830186
175 0.04310543517798504 -0.0479052767549292
176 0.040672511276258275 -0.048413603501556504
177 0.038239587374531994 -0.04892193024818371
178 0.035806663472805686 -0.04943025699481092
179 0.033373739571079405 -0.04993858374143813
180 0.03094081566935311 -0.050446910488065336
181 0.028507891767622945 -0.05095523723469336
182 0.026074967865895332 -0.05146356398132084
183 0.023642043964168927 -0.05197189072794807
184 0.021209120062439107 -0.05248021747457602
185 0.0187761961607103 -0.05298854422120375
186 0.016343272258980635 -0.053496870967831664
187 0.013910348357253549 -0.054005197714459045
188 0.011477424455527074 -0.05451352446108629
189 0.009044500553800738 -0.0550218512077135
190 0.006611576652074458 -0.05553017795434071
191 0.004178652750348177 -0.05603850470096792
192 0.001745728848621897 -0.056546831447595126
193 -0.0006871950531096294 -0.057055158194223424
194 -0.003120118954836243 -0.0575634849408507
195 -0.0055530428565633005 -0.05807181168747807
196 -0.007985966758289581 -0.058580138434105276
197 -0.012531233310654304 -0.0577786853064159
198 -0.014643575961293166 -0.05646890543209909
199 -0.01675591861193062 -0.055159125557783156
200 -0.018868261262566646 -0.05384934568346811
201 -0.02098060391320554 -0.05253956580915128
202 -0.02309294656384463 -0.05122978593483432
203 -0.02520528921448325 -0.04992000606051766
204 -0.02731763186512197 -0.04861022618620094
205 -0.029429974515759547 -0.04730044631188493
206 -0.03154231716639594 -0.045990666437569654
207 -0.03365465981703209 -0.04468088656325452
208 -0.03576700246766806 -0.04337110668893951
209 -0.03787934511830403 -0.04206132681462449
210 -0.039991687768940604 -0.040751546940309094
211 -0.042104030419575965 -0.03944176706599446
212 -0.04421637307021402 -0.03813198719167815
213 -0.04632871572085221 -0.03682220731736176
214 -0.04844105837149015 -0.035512427443045516
215 -0.050553401022127964 -0.03420264756872936
216 -0.05266574367276622 -0.03289286769441293
217 -0.054778086323404834 -0.03158308782009627
218 -0.05689042897404293 -0.03027330794577994
219 -0.05900277162468083 -0.028963528071463726
220 -0.06111511427531904 -0.027653748197147318
221 -0.06322745692595573 -0.02634396832283186
222 -0.06533979957659417 -0.025034188448515314
223 -0.06745214222723447 -0.02372440857419761
224 -0.06956448487787206 -0.022414628699881582
225 -0.07167682752850804 -0.02110484882556657
226 -0.073789170179144 -0.019795068951251556
227 -0.07590151282978067 -0.018485289076936105
228 -0.07801385548042049 -0.017175509202618698
229 -0.08012619813106406 -0.015865729328298973
230 -0.0822385407817113 -0.014555949453976959
231 -0.08435088343236234 -0.013246169579652606
232 -0.08646322608300977 -0.011936389705330487
233 -0.08857556873365953 -0.010626609831006918
234 -0.09068791138430699 -0.009316829956684779
235 -0.09280025403495777 -0.008007050082360571
236 -0.09491259668560544 -0.006697270208038307
237 -0.09702493933625612 -0.005387490333714162
238 -0.0991372819869039 -0.004077710459391828
239 -0.10124962463755446 -0.002767930585067767
240 -0.10336196728820235 -0.0014581507107453567
241 -0.10547430993885179 -0.00014837083642198906
242 -0.10758665258949958 0.0011614090379003517
243 -0.1096989952401499 0.0024711889122242675
244 -0.11181133789079803 0.0037809687865468233
245 -0.1139236805414464 0.005090748660869532
246 -0.11603602319209405 0.006400528535191782
247 -0.11814836584274412 0.0077103084095155455
248 -0.1202607084933925 0.009020088283838254
249 -0.12237305114404246 0.010329868158161948
250 -0.1244853937946903 0.011639648032484323
251 -0.12659773644533626 0.012949427906805533
252 -0.12871007909598353 0.014259207781127561
253 -0.13082242174663175 0.015568987655450173
254 -0.13293476439728197 0.01687876752977402
255 -0.13504710704793388 0.01818854740409892
256 -0.13715944969858884 0.019498327278425723
257 -0.1392717923492438 0.02080810715275251
258 -0.14138413499989805 0.022117887027078856
259 -0.14349647765053763 0.023427666901396096
260 -0.1456088203011774 0.02473744677571349
261 -0.029407871588590366 -0.0449065735599222
262 0.029351843196555184 0.04481621397777893
263 0.015007134730528284 -0.0516447545232078
264 -0.014890257764313953 0.05199832928883075
265 0.0420258991003719 0.03695753473188784
266 -0.042025899100372195 -0.036957534731887565
267 -0.029401347282208314 0.048632635895012585
268 0.02915132367710025 -0.04859393014507027
269 0.05489415556826173 0.029583913546355835
270 -0.05469995500420008 -0.029098855485988173
271 -0.0439040027234853 0.04565101149055184
272 0.04381843965228486 -0.04551707605126734
273 0.06732319891660579 0.021475695778169452
274 -0.06722281600650068 -0.02133251607289537
275 -0.05619956835389948 0.042927363725434
276 0.0560462927614843 -0.0430025057441088
277 -0.0025404978641778847 0.05421533524506425
278 0.0025219669234823917 -0.05418569416991251
279 -0.07798329875363909 -0.014785068597010457
280 0.0779797172142436 0.014711079757415072
281 -0.06827937587815987 0.040520258794215364
282 0.06826057454927978 -0.04071773106209668
283 -0.08866918539346336 -0.00822459042506495
284 0.08843147892886732 0.008265396819264349
285 -0.08038469273419177 0.03796308391014672
286 0.08037553177868668 -0.03791923827786439
287 0.0210212620039382 0.04975905155043372
288 -0.02086856745184329 -0.05011857003325419
289 0.09694547457674171 0.002910094643428206
290 -0.09691326424588534 -0.0029547637553760824
291 -0.09012195528898656 0.035956421125983365
292 0.09010722738554615 -0.03588593129136245
293 -0.10547180513765894 0.0022738355729952217
294 0.10539617861964726 -0.0023358614976983546
295 -0.09985097631905246 0.033773085401687296
296 0.09938562013153296 -0.0341516385821029
297 0.11382480884682661 -0.007473951097593539
298 -0.11393972466170513 0.007717643544947092
299 -0.10967493647772975 0.03181612377037161
300 0.1095120293533059 -0.03166881399901349
301 0.004871042950688238 0.055637430929783
302 -0.004864437306370199 -0.055633712038644624
303 -0.02209005688800079 0.05032523497403063
304 0.022313221903992726 -0.05013933042307235
305 0.04836292705228569 0.03302819510893773
306 -0.04837407134159542 -0.03303822537643325
307 0.060948838265760065 0.025271576361901818
308 -0.0610369829561146 -0.025169515863040857
309 -0.03658290154766654 0.047069119717127905
310 0.03648382385777941 -0.04698779527295042
311 0.03572210467965159 0.04092576605233796
312 -0.03570991736737996 -0.041102756132965004
313 -0.1197234389923328 0.011638817320328124
314 0.12018257717418851 -0.011504320617958693
315 -0.11700633495774504 0.030442537583251317
316 0.11679033613430141 -0.030275380239948572
317 0.014288641824820203 0.05361554661853774
318 -0.01456544464208908 -0.053984673097992354
319 -0.12653288671603163 0.01533699666529249
320 0.12686573910162902 -0.015621571491935911
321 -0.12422000420607515 0.02847431472237751
322 0.1241542624163385 -0.028836102945082587
323 -0.13285663307807744 0.019362999863897654
324 0.1327485648453961 -0.01947761730638593
325 0.08219092931706318 0.012234032083808147
326 -0.08224210695452663 -0.011783935774881174
327 -0.06342077024399762 0.04143108931014822
328 0.06337430157108778 -0.04148713737807631
329 0.09280045248323833 0.00561004411252987
330 -0.09281500482904226 -0.005484570061457453
331 -0.08533339408570631 0.03693283510584454
332 0.08542002111299651 -0.03663891599195347
333 0.10117149331834807 0.0002836982509485697
334 -0.10111624149076155 -0.0003069539479435203
335 -0.048747521056302416 0.04452748598399035
336 0.04871869166630822 -0.04452940555790189
337 0.07355403285122317 0.01734128350581545
338 -0.07371103885993978 -0.01731083661714542
339 0.025040994120932795 0.04749990265485889
340 0.10962196181278536 -0.004953650625337078
341 -0.10969308854484289 0.0048293780783911985
342 -0.02534328785094112 -0.047324749018538684
343 -0.007462131979832647 0.05332081415848034
344 0.007486253538401729 -0.05268393408751933
345 -0.07553282074407683 0.03898305245491382
346 0.07553363029690742 -0.03872403364624151
347 -0.10474317291106573 0.032757126306732484
348 0.10464654664206391 -0.03263079955348423
349 -0.09497307518897069 0.034869277798114606
350 0.09491497083339628 -0.034975689671276254
351 -0.129034009812963 0.027752703345375232
352 0.12902528197896948 -0.02783305631226992
353 -0.13389985761638834 0.02673604985211807
354 0.13391454779209086 -0.02686734036118397
355 0.1371819116526143 -0.021935443984789603
356 -0.1371111707620166 0.021934415292822307
357 0.010137938225584925 0.05668982221541903
358 -0.010137938225584951 -0.056689822215418996
359 -0.13873776769607482 0.025658808084719726
360 0.13873776769607482 -0.025658808084719726
361 0.007652958214241553 0.05601557222753378
362 0.006587859989396892 0.05370910556425769
363 0.003962377045020214 0.053325724730897583
364 0.0055084364197664675 0.051381278142189624
365 0.003034422193814894 0.05101524957090787
366 0.004560056485859512 0.04907253986630697
367 0.002113358879407854 0.04870651043155228
368 0.0036534587455143474 0.04675658837809641
369 0.001196093214160054 0.046396611359757985
370 0.0027368805336734888 0.04444605468470643
371 0.0002778599777084553 0.044086967175967724
372 0.0018184881627520977 0.042136455568844836
373 -0.0006408406369639006 0.04177752107362116
374 0.0008997098564441209 0.03982704069882588
375 -0.0015596832239042288 0.03946813690947232
376 -1.9156407532006467e-05 0.037517666853829006
377 -0.0024785641472326496 0.03715876990524715
378 -0.0009380437195782693 0.03520830270433059
379 -0.0033974549670186403 0.03484940736993468
380 -0.0018569361887999813 0.03289894091382407
381 -0.004316348295756575 0.03254004597257867
382 -0.0027758299357021647 0.030589579706128946
383 -0.005235242255612966 0.030230684862019422
384 -0.003694724000730833 0.02828021864336141
385 -0.0061541363736772655 0.027921323823414227
386 -0.004613618145166116 0.025970857616753794
387 -0.007073030531338844 0.02561196280282605
388 -0.005532512309428925 0.023661496599168545
389 -0.007991924698904536 0.02330260178674457
390 -0.006451406478636424 0.021352135583833382
391 -0.008910818868944998 0.020993240771789337
392 -0.007370300649061676 0.019042774569055884
393 -0.00982971303960076 0.018683879757114767
394 -0.008289194819857647 0.016733413554445756
395 -0.005829782429279931 0.01709230836636415
396 -0.006748676600143654 0.014782947351788972
397 -0.004289264209572704 0.015141842163711044
398 -0.005208158380439824 0.01283248114913756
399 -0.0027487459898713853 0.013191375961065817
400 -0.0036676401607386158 0.0108820149464884
401 -0.0012082277701704934 0.01124090975841561
402 -0.010748607210420827 0.01637451874251502
403 -0.0021271219410379993 0.00893154874383873
404 0.0003322904495300181 0.009290443555765852
405 -0.0005866037213378434 0.006981082541188785
406 0.0018728086692312768 0.007339977353117054
407 -0.003046016111905623 0.006622187729260877
408 0.0009539144983626655 0.005030616338539156
409 0.003413326888932841 0.0053895111504675755
410 0.0024944327180632885 0.003080150135889859
411 0.004953845108632585 0.003439044947818332
412 0.004034950937763962 0.0011296839332394363
413 0.0064943633283323626 0.0014885787451683567
414 0.00557546915746449 -0.0008207822694104293
415 0.00803488154803298 -0.000461887457481649
416 0.007115987377165252 -0.002771248472060353
417 0.00957539976773365 -0.002412353660131707
418 0.004656574986596882 -0.0031301432839890876
419 0.010494293938601311 -0.00010299264555305439
420 0.0120348121583019 -0.0020534588482027686
421 0.012953706329169368 0.00025590216637553544
422 0.014494224548869875 -0.0016945640362739719
423 0.006197093206297596 -0.005080609486638947
424 0.003737680815729458 -0.005439504298567479
425 0.015413118719737199 0.0006147969783039753
426 0.016953636939437598 -0.0013356692243455246
427 0.00527819903543004 -0.007389970501217369
428 0.0028187866448621344 -0.007748865313145881
429 0.017872531110305047 0.0009736917902323108
430 0.01941304933000553 -0.0009767744124170629
431 0.018494155159138055 -0.0032861354269949805
432 0.02095356754970575 -0.0029272406150663574
433 0.02003467337883842 -0.005236601629644358
434 0.022494085769406053 -0.0048777068177156485
435 0.023412979940273235 -0.0025683458031376867
436 0.02495349815997356 -0.004518812005786883
437 0.004359304864562496 -0.009699331515795575
438 0.0018998924739917658 -0.010058226327722158
439 0.02587239233084048 -0.00220945099120898
440 0.027412910550540792 -0.004159917193858073
441 -0.0003164175217250164 0.03094847450740586
442 0.02157519159853891 -0.00718706783229392
443 -0.012289125430120722 0.018324984945164373
444 -0.013208019600980569 0.01601562393058269
445 -0.014748537820679123 0.017966090133231364
446 -0.01566743199154487 0.01565672911865247
447 -0.017207950211244685 0.017607195321301707
448 -0.018126844382111526 0.015297834306723448
449 -0.01966736260181172 0.01724830050937276
450 -0.020586256772678918 0.014938939494794733
451 0.0034404106936945433 -0.012008692530373274
452 0.0009809983031213005 -0.012367587342297233
453 0.028331804721407637 -0.0018505561792804106
454 0.029872322941107837 -0.00380102238192929
455 -0.02212677499237853 0.01688940569743932
456 -0.02304566916324629 0.014580044682865341
457 -0.024586187382942805 0.016530510885501618
458 -0.025505081553812346 0.014221149870930413
459 -0.023964563334113276 0.012270683668287092
460 -0.02642397572468038 0.011911788856358494
461 -0.027964493944376934 0.013862255058994938
462 -0.02888338811524621 0.011552894044424203
463 -0.02734286989554733 0.009602427841781152
464 -0.029802282286113986 0.009243533029852589
465 -0.028261764066414466 0.007293066827205291
466 -0.031342800505813076 0.011193999232495432
467 -0.03226169467668056 0.008884638217924038
468 -0.03380221289638021 0.010835104420571237
469 -0.03472110706724761 0.008525743405999856
470 -0.03626162528694689 0.010476209608645233
471 -0.037180519457814004 0.008166848594072549
472 -0.038721037677513066 0.010117314796717236
473 -0.039639931848378746 0.007807953782135656
474 -0.0411804500680787 0.00975841998478735
475 -0.03809941362866967 0.005857487579488084
476 0.030791217111974453 -0.0014916613673517922
477 0.03233173533167436 -0.0034421275700002862
478 0.03141284116080799 -0.00575148858457801
479 0.033872253551374666 -0.0053925937726490274
480 0.03295335938050824 -0.00770195478722682
481 0.03541277177107513 -0.007343059975297932
482 0.03633166594194109 -0.005033698960719955
483 0.03787218416164179 -0.006984165163368944
484 0.0025215165228267443 -0.014318053544950632
485 6.21041322605197e-05 -0.014676948356880049
486 -0.04209934423894425 0.00744905897020566
487 -0.043639862458644235 0.009399525172858275
488 0.038791078332507306 -0.004674804148791036
489 0.04033159655220815 -0.006625270351439951
490 0.034493877600208535 -0.00965242098987573
491 -0.044558756629510574 0.0070901641582821855
492 -0.04609927484920977 0.00904063036093074
493 0.001602622351960472 -0.016627414559529097
494 -0.0008567900386064914 -0.016986309371457484
495 0.04125049072307395 -0.004315909336862699
496 0.04279100894277428 -0.006266375539511042
497 0.0027917028401071332 0.009649338367692299
498 -0.0023973082583062695 -0.01503584316880877
499 -0.003316202429173053 -0.017345204183385907
500 -0.0470181690200759 0.0067312693463549055
501 -0.048558687239774634 0.008681735549002131
502 -0.0017756842094741347 -0.01929567038603384
503 -0.0042350966000405275 -0.019654565197962343
504 -0.005775614819739263 -0.01770409899531426
505 0.04370990311364043 -0.003957014524934522
506 0.045250421333340014 -0.005907480727582263
507 0.04433152716247411 -0.008216841742158705
508 0.046790939553039465 -0.007857946930229896
509 0.04587204538217366 -0.010167307944806112
510 0.04833145777273879 -0.009808413132877199
511 0.04925035194360442 -0.007499052118301393
512 0.05079087016330347 -0.009449518320948272
513 -0.04947758141064046 0.006372374534426758
514 -0.05101809963033903 0.008322840737073652
515 -0.047937063190942104 0.004421908331779788
516 -0.0066945089906060365 -0.02001346000989076
517 -0.008235027210304956 -0.018062993807242828
518 -0.04026155589721256 0.012067780999364555
519 0.05170976433416867 -0.007140157306371424
520 0.05325028255386761 -0.009090623509019092
521 -0.005153990770907854 -0.021963926212538107
522 -0.050099205459473294 0.010632201751647294
523 -0.05255861785003724 0.01027330693971733
524 -0.05347751202090293 0.007963945925144881
525 -0.055018030240601326 0.009914412127790895
526 -0.009153921381171585 -0.020372354821818563
527 -0.010694439600870312 -0.018421888619171142
528 0.04741256360187312 -0.012117774147453382
529 0.05416917672473262 -0.006781262494442689
530 0.05570969494443127 -0.00873172869709016
531 -0.05593692441146551 0.007605051113209995
532 -0.0574774426311645 0.009555517315861491
533 -0.05409913606973127 0.01222377314235773
534 0.042169384893940516 -0.0020065483222863577
535 0.02925069889227464 0.0004588048352969084
536 -0.011613333771736794 -0.020731249633746455
537 -0.013153851991435282 -0.01878078343109917
538 -0.02120788082150785 0.0191987667120084
539 0.05662858911529642 -0.006422367682515971
540 0.0581691073349945 -0.008372833885161992
541 0.05725021316412959 -0.010682194899735941
542 0.0597096255546924 -0.010323300087807363
543 -0.05839633680202842 0.007246156301280481
544 -0.05993685502172727 0.009196622503932576
545 -0.014072746162301622 -0.02109014444567367
546 -0.015613264381999996 -0.019139678243026415
547 -0.01469437021113377 -0.016830317228451852
548 -0.017153782601698267 -0.017189212040380143
549 0.06062851972555705 -0.00801393907323374
550 0.06216903794525476 -0.00996440527587868
551 0.058790731383827816 -0.01263266110238117
552 -0.007694654590422471 0.02987179002472493
553 0.0033591276561593026 0.040185933139630786
554 -0.018072676772564914 -0.019498573054954123
555 -0.019613194992262613 -0.01754810685230833
556 -0.06085574919259212 0.00688726148935895
557 -0.06239626741229008 0.008837727692005807
558 -0.05931523097289483 0.004936795286715223
559 0.05508807089559846 -0.004471901479870309
560 0.06308793211611925 -0.0076550442613052706
561 0.0646284503358169 -0.009605510463949935
562 0.004062034742527916 -0.01626851974760068
563 -0.020532089163129028 -0.019857467866882583
564 -0.02207260738282652 -0.017907001664236526
565 -0.0633151615831548 0.006528366677432064
566 -0.06485567980285242 0.008478832880077431
567 -0.06393678563198761 0.010788193894650714
568 -0.06639619802254987 0.010429299082722538
569 -0.06547730385168499 0.012738660097295707
570 -0.06793671624224712 0.012379765285367519
571 -0.06885561041311196 0.010070404270794402
572 -0.07039612863280927 0.012020870473439313
573 -0.016234888430833108 -0.014879851025806079
574 0.06554734450668141 -0.007296149449376616
575 0.06708786272637916 -0.009246615652021364
576 -0.0670178220713823 0.014689126299940722
577 -0.022991501553692173 -0.02021636267881091
578 -0.024532019773389965 -0.0182658964761647
579 -0.021450983333994963 -0.0221668288814568
580 -0.012532227942603277 -0.02304061064832135
581 0.0661689685555146 -0.011555976666594595
582 0.06862838094607673 -0.011197081854666207
583 0.06770948677521216 -0.013506442869239417
584 0.0701688991657743 -0.01314754805731118
585 0.07108779333663892 -0.01083818704273783
586 0.0726283115563367 -0.012788653245382985
587 -0.07131502280367413 0.009711509458865886
588 -0.07285554102337172 0.011661975661511073
589 0.06925000499491021 -0.015456909071884609
590 0.07354720572720125 -0.010479292230809248
591 0.0750877239468992 -0.012429758433454497
592 -0.02361312560252442 -0.015956535461590343
593 -0.02607253799308793 -0.01631543027351863
594 -0.02699143216395331 -0.01862479128809272
595 -0.028531950383651167 -0.016674325085446896
596 -0.07377443519423668 0.009352614646937325
597 -0.07531495341393432 0.011303080849582878
598 -0.0743960592430694 0.013612441864156298
599 -0.07685547163363189 0.013253547052228302
600 0.07600661811776396 -0.010120397418880548
601 0.07754713633746202 -0.012070863621526099
602 0.076628242166597 -0.014380224636099885
603 0.07908765455715963 -0.01402132982417168
604 0.0003593742542928307 -0.00810776012507353
605 0.01633201289060472 0.0029241579928817063
606 -0.016586326162413553 0.013347368104074196
607 -0.07593657746276698 0.01556290806680157
608 -0.07839598985332909 0.015204013254873357
609 -0.07931488402419443 0.012894652240299887
610 -0.08085540224389207 0.014845118442945709
611 -0.029450844554516357 -0.01898368610002072
612 -0.030991362774214066 -0.017033219897375107
613 -0.030072468603348973 -0.014723858882801229
614 -0.032531880993911855 -0.015082753694729487
615 0.08000654872802496 -0.011711968809597567
616 0.0815470669477228 -0.013662435012243549
617 -0.08177429641475749 0.012535757428371489
618 -0.0833148146344555 0.01448622363101765
619 -0.03345077516477683 -0.017392114709303297
620 -0.03499129338447455 -0.01544164850665785
621 0.07816876038629451 -0.016330690838745058
622 -0.004937972996199934 0.03679987348547206
623 -0.07747709568246398 0.017513374269446387
624 0.08246596111858853 -0.011353073997669084
625 0.08400647933828675 -0.013303540200315586
626 -0.03591018755533945 -0.017751009521231386
627 -0.03745070577503701 -0.01580054331858621
628 -0.08423370880532129 0.012176862616443244
629 -0.08577422702501933 0.014127328819089797
630 -0.08485533285415328 0.016436689833663674
631 -0.08731474524471734 0.016077795021736466
632 -0.03161298682304681 -0.01277339268015547
633 -0.003073099918466792 0.024020391410911047
634 0.07446609989806593 -0.008169931216234988
635 -0.08269319058562283 0.010226396413796614
636 0.06400682628698368 -0.005345683246731806
637 -0.07223391697453888 0.007402148444291922
638 -0.08823363941558329 0.013768434007162005
639 -0.08977415763528124 0.015718900209808748
640 -0.038369599945901854 -0.018109904333159448
641 -0.039910118165599355 -0.016159438130514434
642 -0.03899122399473456 -0.013850077115941169
643 -0.041450636385296905 -0.014208971927869421
644 -0.03682908172620458 -0.020060370535804416
645 0.08492537350915272 -0.010994179185740915
646 0.08646589172885101 -0.012944645388387709
647 0.0855469975579852 -0.015254006402962605
648 0.08800640994854919 -0.014895111591034524
649 0.08338485528945408 -0.009043712983093845
650 0.08708751577768294 -0.01720447260560877
651 0.08954692816824752 -0.016845577793681437
652 0.09046582233911322 -0.014536216779106572
653 0.09200634055881193 -0.016486682981753896
654 -0.04053174221443207 -0.01189961091329606
655 -0.042991154604994454 -0.012258505725224376
656 -0.04391004877585929 -0.014567866739797725
657 -0.04545056699555668 -0.012617400537152806
658 -0.08885526346441522 0.018028261224383203
659 -0.09131467585497917 0.017669366412455943
660 -0.09223357002584534 0.015360005397881184
661 -0.09377408824554341 0.017310471600528572
662 -0.04636946116642142 -0.014926761551725998
663 -0.0479099793861187 -0.012976295349081261
664 0.09292523472967762 -0.014177321967178465
665 0.09446575294937623 -0.016127788169825717
666 0.006047746292093998 0.04714024198370127
667 -0.09469298241640979 0.015001110585953404
668 -0.09623350063610778 0.016951576788600778
669 0.08862803399738142 -0.019154938808255778
670 0.0068187172551302 -0.00934043670386691
671 0.08584426768001903 -0.00868481817116562
672 0.08430374946032032 -0.006734351968518107
673 -0.039288494116766534 -0.020419265347732383
674 -0.03774797589706968 -0.022369731550376994
675 -0.042072260434129705 -0.009949144710650778
676 -0.09039578168411279 0.019978727427030066
677 -0.048828873556983135 -0.015285656363654247
678 -0.05036939177668024 -0.013335190161009841
679 -0.04945049760581595 -0.011025829146436742
680 -0.05190990999637761 -0.01138472395836524
681 0.09538464712024261 -0.013818427155251438
682 0.0969251653399409 -0.0157688933578979
683 0.0960062711690748 -0.018078254372473054
684 0.09846568355963928 -0.017719359560545173
685 -0.09715239480697443 0.014642215774025627
686 -0.09869291302667282 0.0165926819766732
687 -0.09561187658727616 0.012691749571377673
688 0.04462879728450642 -0.0016476535103582845
689 0.04308827906480745 0.0003028126922891032
690 0.04554769145537238 0.0006617075042174803
691 0.04400717323567237 0.0026121737068652206
692 0.0464665856262378 0.002971068518792918
693 0.04492606740653816 0.004921534721440423
694 0.04738547979710315 0.005280429533368063
695 0.045844961577405086 0.007230895736014327
696 0.04830437396796866 0.007589790547942522
697 0.04676385574827069 0.009540256750588722
698 0.04430444335770751 0.009181361938660395
699 0.04522333752857244 0.011490722953234856
700 0.042763925138009765 0.01113182814130627
701 0.04368281930887464 0.013441189155880379
702 0.04122340691831223 0.013082294343952238
703 0.042142301089177554 0.015391655358525875
704 0.03968288869861494 0.015032760546598013
705 0.04060178286948004 0.017342121561171313
706 0.03814237047891756 0.01698322674924349
707 0.04922326813883398 0.009899151562516778
708 0.0390612646497827 0.01929258776381662
709 0.03660185225922011 0.018933692951888757
710 0.035682958088354685 0.01662433193731532
711 0.03414243986865692 0.018574798139962524
712 0.035061334039522773 0.020884159154534704
713 0.032601921648959586 0.020525264342607374
714 0.031683027478090285 0.018215903328038355
715 0.03014250925839637 0.020166369530679313
716 0.03106140342926219 0.022475730545253387
717 0.02860199103869872 0.02211683573332578
718 0.02768309686783253 0.01980747471875258
719 0.026142578648134907 0.02175794092139839
720 0.027061472819002654 0.024067301935971563
721 0.024602060428437544 0.023708407124044487
722 0.023683166257570838 0.02139904610947058
723 0.02214264803787304 0.023349512312117654
724 0.02306154220874037 0.025658873326690732
725 0.020602129818175413 0.02529997851476476
726 0.02122375386700626 0.02104015129754288
727 0.021521023989042716 0.02760933952933839
728 0.019061611598477704 0.027250444717412062
729 0.019980505769344663 0.029559805731984738
730 0.01752109337877983 0.029200910920059248
731 0.016602199207912945 0.02689154990548481
732 0.018439987549648665 0.03151027193463168
733 0.05076378635853183 0.007948685359870963
734 0.0516826805293969 0.010258046374444685
735 0.05322319874909457 0.008307580171799259
736 0.02243991815991441 0.029918700543906693
737 0.04460171347974033 0.01575055017045385
738 0.054142092919959486 0.01061694118637271
739 0.055682611139656946 0.008666474983727595
740 0.015061680988214914 0.02884201610813268
741 0.014142786817347758 0.026532655093557074
742 0.04030451274744477 0.010772933329379317
743 0.0187914252811725 0.0032830528048098696
744 0.0172509070614721 0.005233519007459147
745 0.01971031945203894 0.005592413819387578
746 0.044953151211307565 -0.012476668959382488
747 0.046493669431007446 -0.014427135162030204
748 0.044034257040441296 -0.014786029973959301
749 0.045574775260141545 -0.01673649617660759
750 0.04311536286957478 -0.017095390988536754
751 0.044655881089275436 -0.0190458571911854
752 0.042196468698708176 -0.019404752003114645
753 0.04373698691840942 -0.02135521820576375
754 0.04127757452784156 -0.02171411301769296
755 0.0461963993089756 -0.020996323393830542
756 0.042818092747543036 -0.023664579220342402
757 0.040358680356974735 -0.024023474032271667
758 0.041899198576676074 -0.025973940234921118
759 0.039439786186107675 -0.026332835046850474
760 0.03789926796640626 -0.02438236884420083
761 0.036980373795539076 -0.02669172985877994
762 0.03543985557583748 -0.024741263656129997
763 0.03452096140497022 -0.02705062467070928
764 0.032980443185268445 -0.02510015846805925
765 0.03206154901440119 -0.027409519482638714
766 0.0305210307946993 -0.025459053279988583
767 0.029602136623832 -0.027768414294568174
768 0.028061618404130108 -0.025817948091917987
769 0.027142724233262795 -0.028127309106497817
770 0.02560220601356084 -0.026176842903847426
771 0.024683311842693543 -0.028486203918427253
772 0.023142793622991556 -0.026535737715776886
773 0.022223899452124322 -0.028845098730356747
774 0.020683381232422464 -0.02689463252770629
775 0.01976448706155512 -0.02920399354228613
776 0.021305005281257075 -0.031154459744936712
777 0.0188455928906877 -0.03151335455686608
778 0.01730507467098576 -0.029562888354215493
779 0.016386180500118336 -0.0318722493687954
780 0.014845662280416597 -0.029921783166144827
781 0.013926768109549088 -0.0322311441807247
782 0.02868324245296558 -0.03007777530914781
783 0.01238624988984729 -0.0302806779780743
784 0.011467355718979924 -0.032590038992653926
785 0.036061479624672745 -0.02900109087335862
786 0.015467286329250856 -0.03418161038337504
787 0.02160227540328963 -0.024585271513126578
788 0.009926837499278224 -0.030639572790003705
789 0.009007943328410916 -0.03294893380458316
790 0.028980512574997182 -0.02350858707733823
791 0.013305144060714836 -0.02797131696349455
792 0.007467425108709333 -0.030998467601933047
793 0.006548530937842048 -0.03330782861651242
794 0.008089049157543665 -0.03525829481916258
795 0.005629636766974808 -0.035617189631091645
796 0.004089118547273368 -0.03366672342844164
797 0.00317022437640615 -0.03597608444302064
798 0.0016297061567050084 -0.034025618240370856
799 0.0007108119858380936 -0.03633497925494945
800 -0.0008297062338629136 -0.034384513052299955
801 -0.001748600404729024 -0.03669387406688018
802 -0.0032891186244302937 -0.03474340786422912
803 -0.004208012795296066 -0.037052768878808984
804 -0.005748531014996723 -0.03510230267615819
805 -0.006667425185862627 -0.03741166369073524
806 -0.008207943405562173 -0.03546119748808778
807 -0.009126837576427583 -0.037770558502665606
808 -0.010667355796127135 -0.03582009230001703
809 -0.005126906966164836 -0.0393621298933898
810 0.002251330205538819 -0.03828544545759941
811 -0.011586249966992493 -0.038129453314594275
812 -0.013126768186691768 -0.03617898711194517
813 0.03203446520964131 -0.010011315801804635
814 -0.06455840968081988 0.015048021111869052
815 -0.06609892790051757 0.016998487314514373
816 -0.06363951550995468 0.017357382126442833
817 -0.0651800337296545 0.01930784832908941
818 -0.06272062133908943 0.019666743141017393
819 -0.06426113955878977 0.021617209343664498
820 -0.061801727168223825 0.021976104155592487
821 -0.06334224538792314 0.023926570358239557
822 -0.060882832997357625 0.024285465170168094
823 -0.06580165777848955 0.023567675546312693
824 -0.06242335121705731 0.026235931372815702
825 -0.059963938826491286 0.026594826184744378
826 -0.058423420606791655 0.024644359982096513
827 -0.057504526435925074 0.026953720996673286
828 -0.05596400821622498 0.025003254794024876
829 -0.0550451140453587 0.027312615808602038
830 -0.05350459582565821 0.02536214960595352
831 -0.05258570165479165 0.02767151062053061
832 -0.0510451834350909 0.025721044417882224
833 -0.05012628926422397 0.028030405432459923
834 -0.04858577104452316 0.026079939229810962
835 -0.04766687687365615 0.02838930024438913
836 -0.04612635865395518 0.02643883404173987
837 -0.045207464483088086 0.02874819505631829
838 -0.04366694626338696 0.026797728853668826
839 -0.042748052092519785 0.029107089868247553
840 -0.041207533872818614 0.02715662366559788
841 -0.04028863970195129 0.02946598468017674
842 -0.038748121482249986 0.027515518477526913
843 -0.037829227311382566 0.029824879492105945
844 -0.03628870909168108 0.027874413289455936
845 -0.0353698149208137 0.03018377430403538
846 -0.03382929670111211 0.028233308101385052
847 -0.03291040253024468 0.03054266911596462
848 -0.03691033314051652 0.03213424050668535
849 -0.09777401885580601 0.018902042991248147
850 -0.1002334312463713 0.018543148179320724
851 0.05660150531052177 0.010975835998300692
852 0.058142023530218995 0.009025369795655915
853 0.05506098709082468 0.012926302200945698
854 0.09938457773050591 -0.015409998545971297
855 0.100925095950204 -0.017360464748617455
856 -0.05099101582551331 -0.00907536294379212
857 -0.05345042821607507 -0.009434257755720484
858 -0.05436932238693905 -0.011743618770293816
859 -0.055909840606636625 -0.00979315256764893
860 0.01816980123234384 0.00754288002203623
861 -0.03720760326254831 0.0255650522748766
862 0.0206292136229158 0.007901774833963057
863 -0.04704525282482093 0.0241294730271608
864 -0.031369884310543036 0.028592202913314158
865 -0.030450990139675563 0.030901563927893838
866 -0.10115232541723757 0.016233787164745495
867 -0.10269284363693651 0.0181842533673933
868 -0.04920739509336057 0.030339766447038945
869 0.10000620177933733 -0.019669825763192435
870 0.10246561416990166 -0.01931093095126498
871 -0.014045662357558632 -0.038488348126523186
872 -0.015586180577255884 -0.036537881923874055
873 -0.012505144137862948 -0.04043881432918041
874 0.10338450834076865 -0.01700156993669004
875 0.10492502656046643 -0.01895203613933782
876 -0.05682873477750072 -0.012102513582221919
877 -0.058369252997198084 -0.010152047379577284
878 -0.056601118403156514 0.0292641373913866
879 0.08676316185088587 -0.006375457156589617
880 0.08522264363118648 -0.00442499095394148
881 -0.05253153404521078 -0.007124896741147288
882 0.019115779207970987 -0.00754596264422259
883 0.020656297427671704 -0.009496428846872372
884 0.01819688503710356 -0.00985532365880101
885 -0.02891047191997397 0.028951097725243333
886 -0.027991577749106322 0.03126045873982311
887 -0.02953209596880811 0.03321092494247386
888 -0.027072683578238534 0.03356981975440305
889 -0.025532165358536668 0.03161935355175227
890 -0.024613271187668873 0.0339287145663322
891 -0.02307275296796691 0.03197824836368131
892 -0.0221538587970992 0.03428760937826125
893 -0.023694377016801015 0.03623807558091239
894 -0.0212349646262312 0.036596970392841516
895 -0.04020738828763099 -0.022728626362304938
896 -0.0386668700679345 -0.02467909256494926
897 0.012602268597649437 0.028483121296205706
898 0.011683374426782075 0.026173760281629627
899 0.015710388841773133 0.007183985210108165
900 0.016629283012647704 0.009493346224682857
901 0.03171011128284099 0.0008176996472253709
902 0.030169593063141452 0.002768165849873598
903 -0.020613340577397422 0.03233714317561023
904 -0.10361173780780279 0.01587489235281798
905 -0.10515225602750111 0.017825358555466273
906 0.05906091770108402 0.011334730810228913
907 0.06060143592078105 0.009384264607584271
908 0.05968254174991628 0.007074903593011217
909 0.0621419541404782 0.007433798404939563
910 0.06306084831134286 0.009743159419512688
911 0.06460136653104022 0.007792693216867938
912 -0.09931453707550468 0.020852509193895613
913 0.03357498342934188 -0.01196178200445389
914 0.03111557103877455 -0.012320676816382487
915 0.019737403256804405 -0.011805789861450918
916 0.017277990866236118 -0.012164684673379557
917 0.08616862160681796 -0.01951383362018333
918 0.08770913982651532 -0.021464299822829026
919 0.08524972743595341 -0.0218231946347568
920 -0.03620745767737332 -0.024320197753021317
921 -0.037126351848238044 -0.026629558767593334
922 -0.03466693945767711 -0.02627066395566549
923 -0.0018298518189904709 0.015500736975633497
924 0.06679059260434778 -0.0158158038838126
925 0.06833111082404573 -0.017766270086457557
926 0.0658716984334833 -0.01812516489838578
927 0.06741221665318277 -0.020075631101031506
928 0.0649528042626185 -0.0204345259129592
929 0.06649332248231857 -0.02238499211560558
930 0.06403391009175334 -0.0227438869275333
931 0.0655744283114521 -0.02469435313017941
932 0.0631150159208879 -0.02505324794210817
933 0.0680338407020204 -0.02433545831825231
934 0.061574497701188786 -0.023102781739461457
935 0.060655603530323066 -0.025412142754037255
936 0.062196121750022516 -0.027362608956684315
937 0.059736709359457005 -0.027721503768613584
938 0.05911508531062398 -0.023461676551390104
939 0.01322389264648072 0.02422329407898111
940 0.010764480255914765 0.02386439926705349
941 0.012304998475613602 0.021913933064404936
942 0.009845586085047424 0.021555038252477125
943 -0.05007212165464854 -0.006766001929218925
944 -0.039612848043566976 -0.009590249898722432
945 -0.0411533662632648 -0.007639783696077006
946 -0.03869395387270176 -0.007280888884148528
947 0.06646623867754603 -0.004986788434803111
948 -0.07469332936510183 0.007043253632363244
949 -0.07315281114540362 0.005092787429717395
950 -0.07561222353596697 0.004733892617788851
951 -0.07407170531626867 0.0027834264151427634
952 -0.07653111770683238 0.0024245316032142266
953 -0.07499059948713313 0.0004740654005687096
954 -0.07253118709657025 0.000832960212496863
955 -0.07345008126743438 -0.001476400802076915
956 -0.07099066887687192 -0.0011175059901487245
957 -0.07190956304773664 -0.0034268670047228928
958 -0.07745001187769485 0.00011517058863707707
959 -0.0694501506571738 -0.0030679721927940958
960 -0.0703690448280314 -0.005377333207381018
961 -0.002181344689317329 0.043727978867136974
962 0.08679024565564993 -0.023773660837401598
963 0.08433083326508883 -0.024132555649329448
964 0.08924965804621365 -0.023414766025474973
965 -0.035585833628541494 -0.028580024970237317
966 -0.033126421237980895 -0.02822113015830945
967 0.10584392073133382 -0.016642675124762762
968 0.10738443895103157 -0.018593141327410995
969 -0.016505074748126267 -0.038847242938462756
970 -0.018045592967821572 -0.0368967767358095
971 -0.017126698796954515 -0.03458741572122924
972 -0.019586111187517487 -0.03494631053315797
973 -0.059288147168062515 -0.012461408394149874
974 -0.05774762894836466 -0.014411874596794765
975 0.06127722757915691 -0.029671969971260516
976 0.058817815188593345 -0.030030864783191537
977 0.008305067865348518 0.02350550445512598
978 -0.040234472092399984 -0.005330422681502541
979 -0.037775059701836346 -0.004971527869574086
980 0.014169870622074242 0.009134451412756692
981 -0.007289049234694336 -0.03315183647350468
982 8.918793700877642e-05 -0.03207515203771582
983 -0.029829366090841417 0.02664173671066374
984 -0.022775482845933216 0.038547436595492854
985 -0.02031607045536311 0.038906331407422015
986 0.10154671999903493 -0.021620291965839658
987 -0.020505005358386362 -0.037255671547744965
988 -0.022045523578081122 -0.03530520534509067
989 0.08768205602175241 -0.004066096142012651
990 -0.10607115019836849 0.015515997540890553
991 -0.1076116684180666 0.01746646374353917
992 -0.10669277424719915 0.019775824758114624
993 -0.10915218663776452 0.01941692994618748
994 -0.1045306319786697 0.013565531338241649
995 -0.11007108080863266 0.017107568931612378
996 -0.11161159902832973 0.01905803513426108
997 0.08614153780205233 -0.002115629939364101
998 0.08368212541148709 -0.0024745247512931645
999 0.08587135148478489 -0.02608302185197342
1000 0.08341193909422463 -0.026441916663900934
1001 0.06552026070190481 0.010102054231441105
1002 0.0670607789216025 0.008151588028796347
1003 -0.060828665387759495 -0.01051094219150558
1004 -0.05990977121690558 -0.008201581176922289
1005 -0.021126629407215193 -0.03299584433051267
1006 0.007386173694480998 0.021196143440549355
1007 0.008926691914180152 0.019245677237900372
1008 -0.023586041797779685 -0.03335473914243578
1009 -0.024504935968648917 -0.035664100156995754
1010 0.061223059969613594 0.0051244373903664275
1011 0.0818714208745288 -0.02449145046125749
1012 0.0809525267036646 -0.026800811475828974
1013 0.07941200848396882 -0.02485034527318567
1014 0.07849311431310457 -0.027159706287757174
1015 -0.05161263987434632 -0.004815535726573817
1016 0.04154776084510755 0.0022532788949371223
1017 0.002197162596028887 -0.0034890380959177666
1018 -0.04728835533728618 -0.017236122566298806
1019 -0.0497477677278477 -0.017595017378226975
1020 -0.04820724950815089 -0.01954548358087122
1021 -0.02791032633481981 -0.02093415230266632
1022 -0.04301823840981162 0.005139697955635687
1023 0.04152067704034496 0.019651482575744516
1024 0.007170154986676001 -0.03756765583374205
1025 -0.012207874015820882 -0.033869626097367385
1026 0.008386319279576568 -0.02868910658735373
1027 -0.08793636929354962 0.02033762223895733
1028 -0.08947688751324652 0.022288088441603134
1029 -0.08701747512268426 0.022646983253530484
1030 -0.08855799334237882 0.024597449456177454
1031 -0.08609858095181258 0.024956344268110074
1032 -0.09101740573294251 0.024238554644248973
1033 -0.03318058884754753 0.0065752772033486
1034 -0.04212642804368519 0.024847262651018696
1035 -0.009532442918413243 0.025253067989308126
1036 0.09908730760847109 -0.02197918677776681
1037 0.04892599801680164 0.0033299633307227704
1038 0.10646554478016346 -0.020902502341985596
1039 0.10892495717072895 -0.02054360753005902
1040 0.10984385134159659 -0.018234246515484387
1041 0.11138436956129324 -0.020184712718132138
1042 0.03262900545370763 0.003127060661802122
1043 0.03108848723400822 0.005077526864450034
1044 -0.05196407760595585 0.02341168340330333
1045 0.05233138838300269 -0.011399984523594513
1046 0.04803418765070742 -0.016377601364675774
1047 0.003143140571660678 -0.018577880762178645
1048 0.0056025529622283545 -0.018218985950250382
1049 -0.07501768329190267 0.01787226908137443
1050 -0.07655820151159924 0.019822735284018962
1051 -0.07436897543828963 -0.0037857618166498254
1052 -0.011667501381280195 0.014065157727932954
1053 0.02038611111038973 -0.033463820759516816
1054 -0.01877555223566105 0.036955865204770566
1055 -0.01785665806479296 0.03926522621935103
1056 -0.016316139845091032 0.03731476001669963
1057 -0.015397245674222773 0.03962412103128009
1058 -0.025802351675847896 0.0076519616391336545
1059 -0.02672124584671485 0.005342600624556956
1060 -0.02426183345614852 0.005701495436485364
1061 -0.02518072762701517 0.0033921344219086684
1062 -0.022721315236449116 0.00375102923383708
1063 -0.023640209407315625 0.0014416682192605519
1064 -0.021180797016749776 0.0018005630311889041
1065 -0.022099691187614103 -0.0005087979833905846
1066 -0.019640278797050104 -0.0001499031714598295
1067 -0.024559103578175135 -0.0008676927953249665
1068 -0.01872138462618377 0.0021594578431171794
1069 -0.01718086640648409 0.0002089916404683381
1070 -0.01626197223561763 0.0025183526550455453
1071 -0.014721454015917998 0.0005678864523968901
1072 -0.020559172967912077 -0.002459264186041111
1073 -0.013802559845051294 0.0028772474669740153
1074 -0.012262041625351702 0.0009267812643253983
1075 -0.013180935796218424 -0.0013825797502517204
1076 -0.010721523405652179 -0.0010236849383232242
1077 -0.011640417576519034 -0.003333045952900193
1078 -0.009181005185952601 -0.0029741511409718873
1079 -0.010099899356819585 -0.0052835121555487325
1080 -0.012559311747385848 -0.005642406967477016
1081 -0.027640140017581267 0.003033239609980192
1082 -0.054396406191753045 0.005654584910550434
1083 -0.025153643822222394 -0.014006069258944216
1084 0.02276427208670434 0.01908968509489549
1085 -0.006127052551307737 0.010523120134559024
1086 -0.03534273111607916 0.012785570623217092
1087 -0.04518038067834372 0.011349991375506885
1088 0.044358610967244534 -0.025615045422991707
1089 0.04343971679637754 -0.027924406437570867
1090 0.04589912918694626 -0.027565511625641387
1091 0.04498023501607915 -0.029874872640220776
1092 0.04743964740664783 -0.029515977828291025
1093 0.04652075323578109 -0.031825338842870685
1094 0.04406134084521199 -0.03218423365480044
1095 0.04560185906491419 -0.03413469985745081
1096 0.04314244667434465 -0.034493594669380595
1097 0.04806127145547978 -0.03377580504551499
1098 0.048358541577514694 -0.027206616813711906
1099 3.5020327495037064e-05 0.0027212553239600945
1100 -0.028613201797940503 0.03552028595705413
1101 0.05876364757905156 0.004765542578438128
1102 0.03998015882064796 0.021601948778389474
1103 0.0424395712112096 0.0219608435903174
1104 0.040899052991512974 0.023911309792962
1105 -0.08515260297618729 0.009867501601868245
1106 0.010142856207083412 0.028124226484278193
1107 0.011061750377950999 0.03043358749885457
1108 -0.007316133039442079 -0.01575363279266453
1109 0.06614188475073782 0.005842227014222838
1110 0.06860129714130045 0.006201121826151204
1111 -0.016289056040376837 0.0199165563358797
1112 -0.0442885703122242 0.03105755607089732
1113 0.06373663996972315 -0.029313075159329606
1114 0.10430340251163556 -0.014692208922114258
1115 -0.06150445704619108 0.028545292387392215
1116 -0.06396386943675755 0.028186397575463852
1117 -0.06304497526589109 0.03049575859004009
1118 -0.06550438765645726 0.03013686377811145
1119 0.06987162904374476 -0.0197167362891027
1120 -0.049153227483783875 -0.004456640914645586
1121 0.08922257424145237 -0.006016562344661351
1122 -0.07899053009739632 0.002065636791285523
1123 -0.07990942426826256 -0.00024372422328957505
1124 -0.08144994248796118 0.0017067419793570752
1125 0.0397370563081406 -0.0197636468150436
1126 0.03265608925847541 -0.014271143019031748
1127 -0.06026120894851961 0.02002563795294215
1128 0.018818509085936783 -0.014115150876027681
1129 0.016359096695368506 -0.014474045687957765
1130 0.02127792147650286 -0.013756256064095983
1131 0.030196676867907092 -0.014630037830961035
1132 0.02030485969613953 0.018730790282967754
1133 -0.021532234748265076 0.03002778216103046
1134 0.015088764792943379 0.011443812427332346
1135 0.012629352402378141 0.011084917615403946
1136 -0.019072822357695605 0.03038667697295943
1137 0.0015213690392552564 0.035567197348111965
1138 -0.0411262824584967 -0.025037987376877395
1139 -0.05066666189871203 -0.019904378392799335
1140 -0.04912614367901547 -0.021854844595443373
1141 -0.034045315408845325 -0.030530491172881098
1142 -0.11069270485746205 0.0213673961488356
1143 -0.11315211724802665 0.021008501336909506
1144 0.06397974248220759 0.012052520434085622
1145 0.043358465382074246 0.024270204604889788
1146 0.04489898360177098 0.022319738402245607
1147 0.041817947162377765 0.026220670807534152
1148 0.039358534771816785 0.025861775995606344
1149 -0.06174755955862386 -0.012820303206078064
1150 0.06952019131216516 0.00851048284072509
1151 0.07106070953186337 0.006560016638079874
1152 0.07014181536099855 0.004250655623505667
1153 0.07260122775156182 0.004609550435434451
1154 0.07168233358069737 0.0023001894208602314
1155 0.07414174597126039 0.002659084232788875
1156 -0.016937763893924828 0.04157458723393154
1157 -0.01447835150335452 0.0419334820458606
1158 0.08460101958235253 -0.00016516373671560862
1159 0.11230326373216168 -0.01787535170355737
1160 0.11384378195185857 -0.0198258179062053
1161 0.07506064014212416 0.004968445247363808
1162 0.10062782582816801 -0.023929652980413486
1163 0.09816841343760507 -0.024288547792340565
1164 0.06035833340829151 -0.03198133098583819
1165 0.05789892101772789 -0.03234022579776967
1166 -0.08236883665882802 -0.0006026190352188389
1167 -0.08390935487852699 0.001347847167427837
1168 -0.08082831843911271 -0.002553085237879952
1169 0.04581787777263541 0.024629099416817683
1170 0.04735839599233203 0.022678633214173648
1171 0.10676281490220164 -0.014333314110186917
1172 0.10522229668250271 -0.012382847907537768
1173 -0.11407101141889471 0.01869914032233476
1174 -0.11561152963859161 0.020649606524983367
1175 0.11046547539042278 -0.022494073732707037
1176 0.0901414684123191 -0.0037072013300839986
1177 0.09168198663201954 -0.0056576675327332585
1178 -0.03804524601910361 -0.028938919782164903
1179 -0.09009851156207477 0.02654791565882298
1180 -0.09255792395263848 0.02618902084689436
1181 -0.021856588675065337 0.040856797610073575
1182 -0.0243160010656355 0.040497902798144365
1183 0.04468296489404715 -0.03644406087203132
1184 0.04222355250347817 -0.03680295568396047
1185 0.040277428942681354 0.02817113701017814
1186 0.03781801655212081 0.027812242198250573
1187 -0.06328807777832078 -0.01086983700343382
1188 -0.06420697194918527 -0.01317919801800627
1189 -0.06266645372948768 -0.015129664220650917
1190 -0.022667147626912573 -0.031045378127866653
1191 -0.020207735236350298 -0.030686483315938047
1192 0.005845655474781826 0.023146609643198444
1193 0.006467279523613462 0.018886782425972477
1194 -0.03931557792153469 -0.003021061666927995
1195 -0.0368561655309708 -0.002662166854999374
1196 -0.03531564731127236 -0.004612633057645735
1197 -0.011018793527686067 -0.007592873170128104
1198 0.06030416579874888 0.0028150763757931116
1199 -0.008559381137120153 -0.0072339783581977235
1200 0.07695259609340849 -0.02520924008511347
1201 0.07603370192254448 -0.027518601099685007
1202 -0.021802421065582146 0.006060390248413536
1203 -0.01134314745448482 0.0032361422789025235
1204 -0.06853125648630914 -0.0007586111782200674
1205 -0.06699073826661102 -0.002709077380865262
1206 -0.008262111015085559 -0.0006647901263948593
1207 -0.0067215927953860055 -0.002615256329043631
1208 0.015737472646535158 -0.01021421847072954
1209 -0.0740987891210388 0.020181630095947138
1210 -0.0756393073407352 0.02213209629859108
1211 -0.012883665674184551 0.005186608481551273
1212 0.021845377915837842 0.016780324080320087
1213 0.004683658791359678 -0.020528346964827852
1214 0.007143071181927273 -0.020169452152899475
1215 0.008061965352796026 -0.017860091138321724
1216 0.009602483572495064 -0.019810557340971015
1217 0.00860233798738461 0.030074692686927074
1218 0.009521232158252364 0.032384053701503435
1219 0.017899614915067356 -0.016424511890603496
1220 0.05727729696889797 -0.028080398580546912
1221 -0.019991716528563463 0.028077315958379742
1222 -0.01385672745452094 0.03767365482862869
1223 -0.06458549348559131 0.03244622479268818
1224 -0.06704490587615658 0.03208732998075839
1225 -0.06796380004702213 0.029777968966183184
1226 -0.062126081095024835 0.03280511960461743
1227 -0.06950431826672074 0.03172843516882885
1228 -0.0704232124375852 0.02941907415425467
1229 -0.07196373065728326 0.03136954035689988
1230 0.07757422014224052 -0.029469067302328514
1231 0.0751148077516805 -0.029827962114256274
1232 -0.10699004436923633 0.013206636526314139
1233 -0.11223322307715872 0.023317862351483646
1234 -0.109773810686595 0.023676757163409685
1235 -0.10544952614953719 0.011256170323665458
1236 0.06643915487276914 0.012411415246013928
1237 0.08249304492336287 -0.02875127767847326
1238 -0.03158590301828479 -0.030171596360953304
1239 -0.03250479718914935 -0.032480957375524665
1240 -0.07809871973129577 0.0217732014866631
1241 -0.07717982556043182 0.02408256250123489
1242 0.07322285180039603 0.00034972321821433703
1243 0.028629074843442185 0.004718632052521843
1244 0.029547969014309047 0.007027993067097929
1245 0.03200738140487453 0.007386887879026166
1246 0.03046686318517551 0.009337354081673906
1247 0.011710458231507037 0.008775556600828427
1248 -0.034396753140409006 -0.002303272043072636
1249 -0.03285623492070909 -0.004253738245717544
1250 0.07568226419095929 0.0007086180301430605
1251 0.02311570981823933 -0.009137534034941426
1252 0.04157484464987453 -0.015144924785888081
1253 0.060033979481489835 -0.02115231553681431
1254 0.05757456709092501 -0.02151121034874276
1255 0.03389933735613596 -0.022790797453480227
1256 -0.01753230413799301 0.02843621077030903
1257 -0.08482824904939432 -0.0009615138471481847
1258 -0.08636876726909354 0.000988952355499481
1259 0.059439439237425874 -0.034290692000417525
1260 0.05698002684686196 -0.03464958681234859
1261 0.0618988516279929 -0.0339317971884843
1262 0.03875865107537956 0.02997262225718689
1263 0.03628112172449062 0.029737878241622002
1264 0.037489286218608746 0.03208456962518214
1265 0.034765567205128696 0.03166767810443312
1266 0.07197960370272809 0.008869377652654031
1267 -0.0349642095797094 -0.03283985218745249
1268 0.11476267612272727 -0.01751645689163031
1269 0.11630319434242498 -0.019466923094278915
1270 0.11538430017155396 -0.021776284108853145
1271 0.117843712562122 -0.02141738929692693
1272 0.11876260673299027 -0.019108028282352744
1273 0.1203031249526868 -0.021058494485000884
1274 0.11322215790302964 -0.015565990688981308
1275 -0.1165304238094599 0.01834024551040899
1276 -0.11807094202915655 0.020290711713057324
1277 -0.11498990558976488 0.016389779307760182
1278 -0.016018869723056727 0.04388394824851222
1279 -0.013559457332486313 0.04424284306044116
1280 -0.012018939112784219 0.04229237685778957
1281 -0.011100044941915944 0.04460173787237003
1282 0.008085625779743331 0.0516820352344608
1283 -0.05160644869280104 -0.022070567718279865
1284 -0.05035649771880854 -0.024223342711751944
1285 -0.06574749016888198 -0.01122873181536203
1286 -0.06666638433974655 -0.013538092829934479
1287 -0.0682069025594433 -0.01158762662729013
1288 -0.013478205918252079 -0.00795176798205665
1289 0.06492572045784711 -0.0030363222321554573
1290 0.0578447534081866 0.0024561815638648008
1291 -0.050693745703485144 -0.002506174712002972
1292 -0.053153158094044924 -0.002865069523929153
1293 -0.04823433331293296 -0.002147279900065392
1294 0.028007450794610242 0.008978459269745706
1295 0.010169940011817188 0.01072602280347527
1296 0.034169523673406955 0.0011765944591540629
1297 0.03508841784427335 0.003485955473730395
1298 0.04708820967507102 -0.001288758698428578
1299 -0.053129556393143776 -0.02023941125654558
1300 -0.06607184409574657 -0.0003997163662910401
1301 -0.06453132587604848 -0.002350182568936295
1302 0.005926906889007991 -0.02904800139928304
1303 0.050142162309696994 0.012208512577092167
1304 -0.014991640333174672 -0.023399505460251022
1305 -0.013451122113477421 -0.025349971662900445
1306 -0.02245112891913286 0.027718421146450976
1307 0.024331874111140316 -0.0002589847885599822
1308 -0.014775621625388986 0.03536429381404847
1309 0.01914286301272071 -0.024944166325055944
1310 0.02892634496547663 0.011287820284321489
1311 -0.010991709722906392 -0.02499107685096934
1312 0.011980644548818597 0.03274294851343083
1313 0.010440126329120137 0.03469341471607956
1314 0.012899538719686044 0.03505230952800679
1315 0.011359020499987924 0.03700277573065531
1316 0.013818432890553256 0.03736167054258251
1317 0.0122779146708555 0.039312136745230715
1318 0.014737327061420424 0.03967103155715781
1319 0.013206878150192756 0.041552495419307854
1320 0.015657899450365713 0.041968892181649245
1321 0.0171970191549976 0.04002800963740468
1322 0.014015978964823645 0.043744068871503505
1323 0.018115959943033142 0.04233705119669823
1324 0.019656252846416228 0.040388129027901815
1325 0.059385271627884435 0.0005057153612199424
1326 -0.06761236231544518 0.0015507498363550546
1327 -0.03066700884742008 -0.027862235346381575
1328 -0.022694231431658638 -0.013647174447015877
1329 -0.02423474965135681 -0.011696708244369388
1330 -0.021775337260794243 -0.011337813432442282
1331 -0.023315855480492757 -0.009387347229795596
1332 -0.025775267871055524 -0.009746242041722749
1333 0.009629567377245365 -0.03720876102181288
1334 0.00871067320637772 -0.039518122036392725
1335 0.011170085596947339 -0.03915922722446351
1336 0.010251191426079834 -0.041468588239043605
1337 0.012710603816649646 -0.041109693427114215
1338 0.007791779035509897 -0.04182748305097284
1339 0.009332297255212162 -0.0437779492536238
1340 0.0068728848646423335 -0.04413684406555303
1341 -0.01377547604026758 -0.014520956213876808
1342 -0.07317989495017602 0.02249099111052201
1343 0.022845523500959367 -0.033104925947587384
1344 0.02192662933009193 -0.03541428696216786
1345 0.024386041720662055 -0.03505539215023827
1346 0.023467147549794343 -0.03736475316481913
1347 0.025926559940364795 -0.03700585835288946
1348 0.025007665769496968 -0.039315219367470566
1349 0.027467078160067535 -0.03895632455554089
1350 0.02254825337892641 -0.039674114179400186
1351 0.024088771598629155 -0.04162458038205184
1352 0.02162935920805835 -0.041983475193981414
1353 0.028385972330935344 -0.036646963540959726
1354 0.029926490550638153 -0.03859742974361118
1355 0.03084538472150588 -0.03628806872902997
1356 0.03238590294120877 -0.038238534931681424
1357 0.03146700877034106 -0.040547895946262846
1358 0.033926421160911914 -0.04018900113433301
1359 -0.031072614188510362 0.035161391145124815
1360 -0.030153720017642705 0.0374707521597054
1361 -0.03261313240821319 0.037111857347775876
1362 -0.031694238237345136 0.0394212183623569
1363 -0.03415365062791595 0.03906232355042734
1364 0.011115917987433999 -0.004362819862781119
1365 0.033304797112076345 -0.03592917391710018
1366 -0.05901796085086272 0.011505983518504542
1367 0.07692551228862898 -0.007811036404306168
1368 0.03382345435594174 0.029392092479237908
1369 0.03228322697324776 0.03134474352347197
1370 0.03308554532036714 0.033649142732373016
1371 0.030719506615541216 0.03330074027059765
1372 -0.0980712889778412 0.012332854759449724
1373 -0.09653077075814284 0.010382388556801313
1374 -0.0940713583675774 0.010741283368729732
1375 -0.09499025253844437 0.008431922354152573
1376 -0.09744966492901072 0.008073027542224298
1377 -0.09590914670931117 0.006122561339574808
1378 -0.09344973431874548 0.006481456151504238
1379 -0.0943686284896116 0.004172095136925213
1380 0.02981617472563189 0.03099312798105073
1381 0.028274383196426757 0.0329448073952798
1382 0.029196531282776494 0.0352552121969001
1383 0.026736576572967817 0.03489614342046485
1384 0.027655922676539116 0.03720564940546006
1385 0.020088840988356567 -0.04003300899132865
1386 0.019169946817488334 -0.04234237000590969
1387 0.03292627557574051 0.009696248893601989
1388 0.04068303428377769 -0.03485248948130851
1389 0.04989905979721622 -0.0291570830163613
1390 0.02646693257491385 0.010928925472392492
1391 -0.02085644308993509 -0.009028452417865098
1392 0.013548246573249037 0.013394278629979741
1393 0.050817953968080254 -0.02684772200177696
1394 -0.012316209234819325 0.035723188625977495
1395 -0.013235103405687175 0.03341382761139762
1396 -0.009559526722214154 0.04265127166971839
1397 -0.008640632551345813 0.04496063268429873
1398 0.010754568293341486 0.0411449287992659
1399 0.11938423078181966 -0.023367855499574475
1400 0.06489863665307197 0.014361881448658315
1401 0.09260088080288659 -0.00334830651815527
1402 0.09414139902258718 -0.005298772720804979
1403 0.08706043197291896 0.00019373107521362498
1404 -0.11715204785828849 0.022600072727631412
1405 -0.11961146024885283 0.02224117791570563
1406 -0.023397106894767743 0.04280726381272539
1407 -0.025856519285338 0.04244836900079602
1408 0.04123206976204119 0.030235535580860468
1409 -0.05407932102209487 -0.02233722508626714
1410 -0.05559179245747195 -0.02057895616978653
1411 0.09970893165730167 -0.026239013994986647
1412 0.09724951926673911 -0.026597908806913765
1413 0.10216834404786437 -0.025880119183059883
1414 0.04827729016319647 0.024987994228745564
1415 0.04981780838289304 0.023037528026101647
1416 0.04889891421202876 0.020728167011529727
1417 0.051358326602589724 0.02108706182345764
1418 0.10768170907306918 -0.012023953095610662
1419 -0.11900346384312462 0.018057542941793323
1420 -0.07104483648641899 0.03367890137147293
1421 -0.00030861746860963283 0.04833232084255963
1422 0.07665416023342699 -0.031770439819260796
1423 0.07419571929115809 -0.032135991712555545
1424 0.07265536297950982 -0.030186635023472425
1425 0.07173646341171025 -0.03249595905426029
1426 -0.09163902978177287 0.028498381861466318
1427 -0.08917961739120976 0.028857276673394834
1428 -0.09409844217233498 0.028139487049539058
1429 0.08551991375321845 0.002144197277862619
1430 0.08306050136265226 0.0017853024659326274
1431 0.0839091462901846 0.004039179186998351
1432 0.058520545066559716 -0.03660005301499683
1433 0.05609578523719537 -0.03693157852320704
1434 0.1218436431723833 -0.023008960687648287
1435 0.008413403084344422 -0.04608731026820424
1436 0.0059539906937744755 -0.04644620508013335
1437 0.004413472474072592 -0.04449573887748233
1438 0.0035820412449862962 -0.04673601986638444
1439 0.0019686372404666766 -0.044843120351798674
1440 0.0011964752979741163 -0.047392559977409716
1441 -0.0005053523070661361 -0.04521352850134074
1442 -0.0014146957988612771 -0.04744219685717359
1443 -0.002963172917789454 -0.045558974536812485
1444 -0.003881801792015721 -0.04786609408864815
1445 -0.005423602278814188 -0.045926461622589704
1446 -0.006342665944757357 -0.04823725468280901
1447 -0.007883426124819896 -0.046288832777198814
1448 -0.008802388871593153 -0.04859877318222257
1449 -0.01034295884733739 -0.04664874426082233
1450 0.010872815474914583 -0.04572841545627502
1451 -0.010181150771047668 0.04691109888695042
1452 -0.07350424887698036 0.03332000655954368
1453 -0.07442314304784389 0.03101064554497192
1454 0.10615210194339281 -0.010148257742536259
1455 0.10367849959924058 -0.010409912509425601
1456 -0.007754069749202016 0.04724445772059843
1457 -0.09836855909987875 0.005763666527646695
1458 -0.0759636612675403 0.03296111174761459
1459 -0.0768825554384035 0.030651750733044342
1460 0.06735804904363321 0.014720776260586484
1461 -0.033423691360013566 -0.034790318390095866
1462 -0.08728766143995906 -0.0013204086590787852
1463 -0.0332271271506121 0.04131940292104076
1464 -0.035689345660326395 0.040979737710547325
1465 -0.03661225915393814 0.038697920064742306
1466 -0.038143015497422654 0.04058149067980713
1467 -0.03907058047483821 0.038331548437385156
1468 -0.002193957425866806 -0.04988731983058553
1469 -0.040597248310828005 0.04018710157864567
1470 -0.04152894775760293 0.03796549177467911
1471 -0.04305562325390341 0.039821097410047974
1472 -0.04398801305562342 0.03760421842817546
1473 0.043733209904132375 -0.03877971458628317
1474 0.041250829200927396 -0.039135899014325515
1475 0.04621833964390891 -0.038398909191294066
1476 -0.0636665993147257 0.03475558580726584
1477 -0.06124187345864135 0.03508708448268384
1478 -0.10790893854010436 0.01089727551173703
1479 0.09504512571869514 -0.0030013912889445635
1480 0.09658311602593575 -0.004953854088714245
1481 -0.1113143289062914 0.0256272233660569
1482 -0.10885491651572815 0.025986118177983228
1483 -0.0784230736580992 0.03260221693568596
1484 -0.07934196782896201 0.030292855921116423
1485 -0.08088248604865739 0.03224332212375762
1486 -0.052234263923197084 -0.0005557085093514846
1487 -0.054693676313745734 -0.0009146033212848277
1488 -0.03593727136010667 -0.00035280584042529455
1489 -0.06482859599801773 -0.00891937080078956
1490 -0.02174825345604763 -0.028736017113285293
1491 -0.019288841065485625 -0.028377122301364275
1492 0.02519649522155068 0.03684674976118603
1493 0.026115478190535037 0.039156139260308725
1494 -0.011910603893775362 -0.02730043786554824
1495 -0.009451191503207692 -0.026941543053616797
1496 -0.024856373700191357 -0.007436881027148817
1497 -0.009478275307982235 -0.009543339372781415
1498 -0.007018862917418683 -0.009184444560847826
1499 -0.08180138021951999 0.029933961109187935
1500 0.007980713938553834 0.03433451990415249
1501 -0.0319373407498542 -0.0019443772311389586
1502 0.08033090265483278 -0.022540984258614616
1503 -0.07963923795099229 0.023723667689311168
1504 0.07449318370284769 -0.025568134897041173
1505 0.07541207787370986 -0.02325877388246736
1506 0.01873732112282734 0.038079025352302974
1507 0.09570900104704236 -0.024647442604268197
1508 0.09479010687617717 -0.026956803618841126
1509 -0.005802698624518999 -0.0003058953144666548
1510 -0.004262180404817745 -0.002256361517117381
1511 0.07476337002009462 -0.0016007429844330356
1512 0.07019597127719678 -0.03054567160657938
1513 0.06927708055437455 -0.03285505624968195
1514 0.07081759934874705 -0.034805526390415564
1515 -0.04763753543747394 -0.023815166981710136
1516 -0.048504519630183505 -0.02611467181265911
1517 0.0692229211901341 0.001941294608930316
1518 0.02216973184260872 0.005951308631314726
1519 0.05043943243172542 0.01877770080888563
1520 0.05289884482228639 0.01913659562081369
1521 0.053817738993150725 0.0214459566353857
1522 0.05535825721284729 0.01949549043274184
1523 -0.04574783711758877 -0.01918658876894326
1524 -0.0950173363432007 0.025830126034967444
1525 -0.0965578545628998 0.02778059223761288
1526 -0.010424253283618541 0.005545503293479264
1527 -0.03374804528681199 -0.02396130294109385
1528 -0.015018724137951663 -0.006001301779405885
1529 -0.07255827090134212 0.01823116389330225
1530 0.009251045840940945 0.008416661788900267
1531 0.019385965525272622 0.01642142926839226
1532 -0.08055813212185638 0.021414306674735695
1533 0.010521377743363928 -0.017501196326393176
1534 0.012061895963061618 -0.019451662529041767
1535 -0.030964278969453626 -0.03443142357816825
1536 -0.031883173140317855 -0.03674078459273925
1537 -0.06361243170518412 -4.082155436226275e-05
1538 -0.06207191348548893 -0.0019912877570096663
1539 0.07570934799573234 -0.01668958565067316
1540 -0.011964771503318372 0.007495969496128231
1541 -0.014424183893884694 0.007137074684200183
1542 -0.05561257048460758 -0.0032239643358576075
1543 0.00868358940161968 -0.022119918355548884
1544 0.010791564060638784 0.006466195586251938
1545 0.06433118021378563 -0.016174698695739842
1546 0.00898085952366362 -0.015550730123743419
1547 0.07230395762953051 -0.0019596377963609943
1548 0.029575052819074202 -0.010370210613733026
1549 0.0772227824106588 -0.001241848172504406
1550 -0.04761270926408687 -0.006407107117290642
1551 -0.037153435653004135 -0.009231355086794176
1552 0.018764341476441605 0.020681256485615314
1553 -0.029126490627726112 -0.02981270154902867
1554 -0.028207596456860266 -0.027503340534456452
1555 0.039412702381342174 -0.008934631366017258
1556 0.09138471650997923 -0.012226855764531919
1557 0.03511550164904273 -0.01391224820710316
1558 -0.07715274175566478 0.0066843588204346565
1559 -0.04177499031209853 -0.003379956478856508
1560 -0.040856096141233214 -0.0010705954642817551
1561 0.09567896801108447 -0.00725156828676106
1562 0.08150827493572912 0.003726521286329275
1563 0.03419660747817621 -0.01622160922168115
1564 -0.08361208475648858 0.00791703539922203
1565 -0.08607149714705231 0.007558140587293786
1566 0.058493461261791224 -0.019201849334167236
1567 0.056034048871226184 -0.01956074414609541
1568 0.05511515470035983 -0.02187010516067134
1569 -0.027315786090753254 -0.007795775839077581
1570 -0.09990907731957749 0.0077141327302965
1571 0.027385826745779343 0.013238286486968516
1572 0.020926483744970737 0.014470963065746913
1573 0.020061757183587853 -0.022634805310476385
1574 0.022521169574156667 -0.022275910498546957
1575 0.017602344793018997 -0.022993700122405814
1576 0.09816167741888718 -0.006853831646568245
1577 0.0535746364806627 -0.019919638958024462
1578 0.05449353065152987 -0.01761027794344913
1579 -0.020910610699431165 0.02576795494380034
1580 -0.02337002309000003 0.025409060131871216
1581 -0.09190921609904486 0.004530989948854245
1582 -0.09282811026991203 0.002221628934277525
1583 0.054526389883165605 -0.03500392007365928
1584 0.05363859780921563 -0.03725422487324151
1585 0.008007797743312832 0.016936316223323346
1586 0.0055483853527459066 0.016577421411395364
1587 0.004007867133046419 0.018527887614044735
1588 -0.03588310375057334 -0.03514921320202335
1589 0.020575117234090265 0.04269769413890568
1590 0.12276253734325077 -0.02069959967307491
1591 0.12430305556294681 -0.02265006587572206
1592 0.04673677194349999 0.02693846043138948
1593 0.030115410389217466 0.03756456837912481
1594 -0.024936820360616035 0.04475221524744376
1595 0.023169877427761214 -0.04393394139663337
1596 0.025629289818332117 -0.043575046584703625
1597 -0.04551069295080874 0.03943244325289073
1598 -0.046446643815157854 0.03723996730294574
1599 -0.047980337122021655 0.03914366416081394
1600 -0.04890763123066241 0.036891865725441716
1601 -0.05042854231259656 0.03870796933502006
1602 -0.05136543825872239 0.03652196978360583
1603 -0.11877855212807266 0.024482625383958432
1604 0.09633062509587342 -0.02890726982148628
1605 0.09387121270531155 -0.02926616463341348
1606 0.068433860343832 -0.035104691160193255
1607 -0.08328179372179452 0.03180728153096124
1608 0.00995392130404665 -0.04803777647085581
1609 0.03302765707135302 -0.04263630833745944
1610 0.03549042447547558 -0.04230040455695364
1611 -0.08574714322026011 -0.0032708748617268505
1612 -0.011261873073528975 -0.04895827472068052
1613 -0.01280240326178931 -0.0470079096391221
1614 0.09351724706129405 -0.0010409421006965236
1615 0.08235496849539112 0.0059788567770191255
1616 0.10125768667388646 -0.028245924814976738
1617 0.10371844092651301 -0.027888823844926015
1618 0.01903459405052764 0.044648194357624835
1619 -0.10639567918876226 0.008885601656614226
1620 0.049196184334060734 0.027297355243317264
1621 0.10464268323468906 -0.008276982898039277
1622 -0.12116630947689622 0.02418032519396633
1623 -0.12207326114080741 0.02188039661638256
1624 -0.1236141774440678 0.02383054840446345
1625 -0.12453050954955225 0.02152321096169086
1626 -0.052973318746437986 0.03852840195199042
1627 -0.05393186939910717 0.036239064182616444
1628 -0.05546990204028256 0.03826899436466638
1629 -0.039637727345791844 0.04258475437889726
1630 -0.007232555535046172 -0.050451518423156635
1631 0.05627715138371151 0.021804851447313686
1632 0.05781766960341243 0.019854385244667032
1633 0.1156815702935956 -0.015207095877053765
1634 -0.022478078598257335 0.04511570569931747
1635 -0.06909394610254543 -0.013871831362655938
1636 -0.07062915588428219 -0.0119171724468106
1637 0.11414105207389726 -0.013256629674403756
1638 0.08797932614378612 0.002503092089792021
1639 0.024697927732431766 -0.04579896823461291
1640 -0.12607635894729102 0.02351312984224792
1641 -0.12699066079007407 0.021171009816193218
1642 -0.12853635599829122 0.023162263349679593
1643 0.09891454735919394 -0.004635678714706689
1644 -0.015099975552188541 0.04619330926309301
1645 -0.10078876666423954 0.00538917212516318
1646 0.12522194973381434 -0.020340704861149035
1647 0.1267624679535107 -0.022291171063796165
1648 0.12768136212437772 -0.019981810049222126
1649 -0.06757997007265076 -0.01584326113130561
1650 -0.09517031199786333 0.0019553095082001496
1651 0.05473663316401506 0.02375531764995739
1652 0.12922188034407517 -0.021932276251870296
1653 0.10860060324393811 -0.009714592081032564
1654 0.003088972962179771 0.016218526599468222
1655 -0.057153088704317775 -0.001273498133204432
1656 0.05265574230979562 -0.022228999972599188
1657 -0.056234194533446726 0.0010358628813596617
1658 -0.014370016284354132 -0.027659332677492224
1659 -0.0629908076563509 -0.004300648771581418
1660 -0.07534203721870664 0.0287012845303969
1661 0.06246630806728398 -0.0033952170440808976
1662 0.06184468401844656 0.0008646101731480568
1663 -0.08425077515717555 0.02956220866711455
1664 -0.08581853369114643 0.03183959594762843
1665 -0.08271860481489937 0.027622457156260306
1666 -0.006964632538912011 -0.043980321594103644
1667 -0.02639689191988843 -0.0054864148245007535
1668 -0.05230490162335055 0.03424400035972573
1669 0.027358742941045747 0.03063649016775616
1670 0.056925859237323115 0.00014682054928936517
1671 0.055385341017624184 0.002097286751936342
1672 0.05446644684675967 -0.0002120742626389923
1673 -0.015315994259973481 -0.01257049001122824
1674 0.0923306944856156 -0.027315698430768545
1675 0.09141180031474995 -0.029625059445340517
1676 0.07295266548314888 -0.023617668694394942
1677 0.006845801059875291 -0.026738640384705293
1678 0.004386388669309919 -0.027097535196630183
1679 -0.06888269421788751 0.027468607951608943
1680 -0.04605375890264775 -0.025757419698001924
1681 -0.04696544335432473 -0.028065411798181013
1682 -0.049505536027179275 -0.028229044578061004
1683 0.007710527621252854 0.010367127991548254
1684 0.0004159713899618198 -0.04290224859716049
1685 0.03662893606397352 0.0015354892710823036
1686 0.03754783023483971 0.0038448502856583307
1687 -0.11634728360655762 0.025225552286586534
1688 0.07911024430442304 -0.031388736902830346
1689 -0.04450627128773635 -0.027706562616733724
1690 0.05016924611446825 -0.00518969110372155
1691 -0.03999079398751555 0.03603122852756532
1692 -0.054667757732958816 -0.018304822026482377
1693 -0.08547695690298521 0.020696517050883285
1694 0.015358951110250152 0.03541120433993486
1695 -0.0713421066084497 0.027109713139681472
1696 -0.06577457397371717 0.006169471865504175
1697 -0.04266680067819331 -0.023087521174232684
1698 -0.057127250066468266 -0.018663169010266857
1699 0.06243922426251074 0.014002986636729902
1700 0.06335811843337502 0.016312347651302128
1701 0.06089870604281411 0.015953452839373918
1702 0.06181760021367831 0.018262813853945733
1703 -0.03742362197027117 -0.03319874699937951
1704 0.03600731201513957 0.005795316488306331
1705 0.031764278892373585 -0.03397870771444898
1706 -0.02391039572455767 -0.02252572369338495
1707 -0.061153019314615566 0.00031807325755318596
1708 0.10462935288158572 -0.02553093078100324
1709 0.10617834303461265 -0.02753184574162378
1710 0.056898775432549405 0.017545024230094165
1711 0.051979950651422024 0.016827234606241363
1712 -0.1073143982960316 0.02403565197533639
1713 -0.10639550412516502 0.02634501298990977
1714 -0.10485498590546857 0.024394546787263348
1715 -0.10393609173460194 0.026703907801836502
1716 -0.10239557351490526 0.024753441599189893
1717 -0.10147667934403895 0.027062802613763013
1718 0.011440271914231644 -0.01519183531181486
1719 -0.010478420893082489 0.04034191065513805
1720 0.08370920921625374 -0.019872728432109747
1721 -0.0503964755815019 0.00406301351984994
1722 0.002224246400792187 -0.020887241776754585
1723 -0.010370085674076159 -0.02925090406819492
1724 -0.00791067328351407 -0.028892009256265554
1725 -0.033775129091575186 -0.006563099260291841
1726 -0.05807198287519312 -0.003582859147766056
1727 -0.05688290238709173 0.02269389377944782
1728 0.03689912238125494 0.02550288118367933
1729 0.0704390854830297 0.010819843855298883
1730 0.07289849787359262 0.011178738667227944
1731 -0.06763944612021999 0.01894895351715915
1732 -0.09993616112433897 0.025112336411116105
1733 -0.0060999687465534596 -0.006875083546269553
1734 -0.004559450526854466 -0.00882554974891786
1735 -0.005478344697719809 -0.011134910763495591
1736 0.09722533522112431 -0.009194007942495343
1737 0.019467216939522407 -0.03577318177409674
1738 -0.007343216844218553 0.0016445708881823525
1739 -0.10944945675980391 0.012847741714387148
1740 -0.017802490455317323 0.004468818857693874
1741 -0.06980158838875175 0.025159246937032753
1742 0.07443901609328984 0.009228272464583225
1743 0.02889893105974587 0.028685647798674267
1744 -0.0036405563559855332 -0.0065161887343435
1745 0.007683443816516982 0.027765331672350686
1746 0.006142925596817847 0.029715797874999773
1747 0.009899753694531109 -0.013241369109165207
1748 -0.08761201536675198 0.009508606789940215
1749 -0.017748322845787545 -0.03032758850400946
1750 -0.09685512468493979 0.021211404005822988
1751 -0.054885607817085486 0.033970170797030866
1752 0.02649401637967393 -0.006469278208435807
1753 0.03055146961302488 -0.04288024799226833
1754 0.03208863281917629 -0.04480772316349658
1755 0.057547483286161244 -0.004113006667940295
1756 0.0772498662154297 -0.0186400518533181
1757 0.0747904538248687 -0.018998946665245518
1758 -0.07069339875484054 0.005451682241646389
1759 -0.029748114676555595 -0.02555287433181002
1760 0.06711494653115328 -0.026644819332826076
1761 0.013629497987516889 -0.03880033241253415
1762 0.0523043045782297 0.005998219157225688
1763 -0.01755938794275908 0.04583441445116401
1764 0.034223691282943516 -0.03361981290251952
1765 0.005224031425950242 0.027406436860423145
1766 -0.0620989972902544 0.015406915923794673
1767 0.07996352875230923 0.005673648156497036
1768 0.08184433706975627 -0.0070932467804465365
1769 -0.006991779112642746 -0.026582648241688635
1770 -0.0054512608929475 -0.02853311444433991
1771 -0.004883804453649814 0.0020034657001097526
1772 -0.006424322673350099 0.003953931902759302
1773 -0.12306079856922134 0.019466885708862777
1774 0.049520538260861155 0.01646833979431312
1775 -0.030770404511754744 0.04169672989880536
1776 -0.032671510562908394 0.04351413304735813
1777 0.03846672440570481 0.006154211300234139
1778 0.0369262061860056 0.008104677502881743
1779 0.001548454742479693 0.018168992802117458
1780 0.0024673489133468993 0.02047835381669453
1781 7.936522780355987e-06 0.020119459004767633
1782 0.0009268306936471833 0.022428820019344552
1783 -0.04331550853179662 -0.0014294902762106408
1784 0.0720337713122859 -0.025927029708968978
1785 -0.0045323667220768145 -0.026223753429761038
1786 -0.0029918485023776482 -0.0281742196324088
1787 -0.0020729543315098848 -0.02586485861783193
1788 0.06738513284841022 -0.0026774274202291657
1789 0.0689256510681078 -0.004627893622874664
1790 0.06584461462871155 -0.0007269612175821203
1791 -0.013505289723017799 0.009446435698777124
1792 -0.015964702113584292 0.00908754088684862
1793 -0.10299011375897062 0.01161506513559352
1794 -0.04736882550088798 0.034953134768908545
1795 0.06683028598740898 -0.03320403437960458
1796 -0.08053104831709422 0.004016102993932221
1797 0.03665601986874357 -0.015862714409750657
1798 0.035737125697876494 -0.018172075424329342
1799 -0.011045877332449609 0.009805330510703796
1800 0.02984523913634321 0.013597181298896251
1801 0.03757491403961029 -0.013553353395172316
1802 0.05633131899326475 -0.012991555914309576
1803 0.03576420950264553 -0.03557027910516998
1804 0.024277598539947584 0.03453738794122208
1805 0.06597532846565338 -0.03535717267407316
1806 0.03668310367351124 -0.03326091809058852
1807 0.0363897477339581 -0.03985692919239722
1808 0.037913093474609555 -0.04180477337288292
1809 0.052358472187781516 -0.02879818820442983
1810 0.04927743574837864 -0.024897255799128902
1811 0.033277713307306264 -0.018530970236256727
1812 0.054196260529500086 -0.02417946617525006
1813 0.009305213450443765 -0.02637974557277626
1814 -0.0005324361118102029 -0.027815324820479888
1815 0.0003864580590570508 -0.025505963805902705
1816 0.020980651354456113 -0.020325444295898165
1817 0.02344006374502377 -0.01996654948396761
1818 -0.05971934245160738 0.03314786105559001
1819 -0.029423760749758873 -0.0363818897808124
1820 -0.030342654920622415 -0.038691250795382645
1821 -0.02850486657889882 -0.03407252876624615
1822 -0.01593761830881843 -0.008310662793981745
1823 -0.017478136528515063 -0.006360196591339681
1824 0.0243047903064009 0.01713921889225216
1825 0.05111522409009965 -0.020278533769954102
1826 0.010467210133878815 0.017295211035256074
1827 0.05143957801691778 -0.031107549219010378
1828 0.004629491181878468 0.014268060396817956
1829 -0.008019008502513374 0.040700805467072804
1830 -0.010775691015118546 0.033772722423332124
1831 -0.027883242530067565 -0.03833235598345909
1832 -0.009856796844255472 0.03608208343790294
1833 -0.011694585185990794 0.03146336140875604
1834 -0.05804615756115718 -0.02097243872014794
1835 -0.05958583456637437 -0.019027737140576696
1836 0.04526772740902037 -0.04073529325831503
1837 -0.013674715711695727 -0.049280520333757
1838 -0.015184793260303317 -0.047306033555765827
1839 -0.014330091748221047 -0.045047376901838465
1840 -0.016718099745941736 -0.04534988616812276
1841 0.07134891391616038 0.013122044564231815
1842 -0.1202784118905201 0.02655202320399028
1843 -0.09072013561090726 0.03080774287603776
1844 -0.051694210739029 0.04106652203223437
1845 0.005298371403785383 -0.048859568916985126
1846 -0.027686877796845786 0.04472282270678908
1847 0.12091996669580624 -0.02528554981049297
1848 0.11846344848970694 -0.025664277712525385
1849 -0.09358353399494423 -0.0004020469598464461
1850 -0.016345533085421606 -0.04969257931287319
1851 0.04775451181768291 -0.04033390353856048
1852 0.04868045667337865 -0.03803451432571994
1853 0.050253473479101377 -0.0398919355500332
1854 -0.08815290215221186 -0.00358739307136753
1855 0.012408857788614249 -0.047648209444347736
1856 0.013331481881151096 -0.0453644086085825
1857 0.014867399864128843 -0.04728335059069472
1858 -0.09563892719588882 0.03008972576769063
1859 -0.09809441013541059 0.02970390345425033
1860 0.07565753524042407 -0.034196485119708665
1861 -0.045398930153471545 -0.029995899330341833
1862 -0.04296025900531295 -0.029653478493644428
1863 -0.043853163759794846 -0.03194244403361564
1864 0.1258396252112587 -0.024573473550172843
1865 -0.07255137585324448 0.03559833538424362
1866 -0.0701280132305175 0.03597698183743762
1867 0.12368194181055339 -0.0184744187252986
1868 -0.00929167930006962 0.04919722124956542
1869 -0.11036835093067235 0.010538380699809387
1870 -0.11190886915037138 0.012488846902459563
1871 0.05763467679965767 -0.03882192436017841
1872 0.06011573736350168 -0.038323568109246926
1873 -0.06277232395456538 0.03704550238010615
1874 -0.060426289063137836 0.037536930188050446
1875 -0.0651967573460808 0.03669705631683097
1876 -0.09908239317191919 0.003239427869005976
1877 -0.0774298200435254 0.03481411092087064
1878 0.08089089916822949 0.007919538267440152
1879 0.0837942587040843 0.008154143463337794
1880 0.021496942422611066 0.04509488591415267
1881 0.023032569296731788 0.043059247799204906
1882 -0.10546868825069619 0.028600088639118466
1883 -0.06974122760153453 -0.00963226892590419
1884 -0.07219960779581837 -0.009990348488051944
1885 -0.07303342829607955 -0.012445846828772847
1886 -0.07467634323391009 -0.010519489577625715
1887 -0.07374783010604898 -0.008072061164009514
1888 -0.07620852651168564 -0.008436319122377947
1889 -0.07712565795082801 -0.010713844860431301
1890 -0.07866617617052675 -0.008763378657785401
1891 -0.07774757578829501 -0.006459323522610624
1892 -0.08020674335500778 -0.00681379676836676
1893 -0.048855957361801414 0.0021125473171924093
1894 -0.0463965449712315 0.00247144212911878
1895 0.0036835132062456193 0.029356903063077505
1896 0.0027646190353821432 0.027047542048496468
1897 0.004602407377115489 0.03166626407765684
1898 -0.04239661436093699 0.000879870738369234
1899 -0.039937201970368666 0.0012387655502941494
1900 -0.022369877504867068 -0.02447618989603701
1901 -0.019910465114306577 -0.024117295084117644
1902 0.02365606210218 0.03879724326221765
1903 -0.01586726972336483 -0.04309428607925375
1904 -0.01832612540650181 -0.04345274345452586
1905 -0.01917231739248599 -0.046141522449627825
1906 -0.020784579221823304 -0.04388368893860736
1907 -0.019877642319231982 -0.04152310003930534
1908 -0.022338887825303327 -0.041885465315776915
1909 -0.07872034378012868 0.026033028703891837
1910 -0.0030189323071550633 -0.01077601595156667
1911 -0.003910742673254634 -0.030483580646995002
1912 0.00217007879130054 0.013909165584900851
1913 0.08987128209504998 -0.027674593242694046
1914 0.08895238792418632 -0.029983954257266177
1915 -0.041417950412830876 -0.03160269939210386
1916 -0.08209865034155374 0.023364772877389174
1917 0.018467071354405947 0.014112068253816855
1918 0.016926553134709164 0.016062534456465802
1919 -0.02512656001747601 -0.03140427293978044
1920 0.07384447584922915 -0.003910103999007041
1921 0.0797092786059915 -0.018281157041390068
1922 0.1070891129655986 -0.025173973155492614
1923 0.10862968913420196 -0.02712476222254149
1924 -0.05325450803849227 0.0319556949999792
1925 -0.02728870228599243 -0.02519397951988274
1926 -0.025748184066300115 -0.027144445722538494
1927 0.025548038404044984 0.008619564457817733
1928 0.02400752018435029 0.010570030660464743
1929 -0.0642340557540197 0.0042190056628589115
1930 0.0067916334503742865 0.008057766976972611
1931 -0.10331446768577081 0.022444080584616142
1932 -0.01415399757655469 0.031104466596817912
1933 -0.012613479356858004 0.029154000394170897
1934 0.09476301482607141 -0.009558038634647168
1935 0.0034674944984428536 -0.02940689621120679
1936 0.026439793753344203 0.028327066458780213
1937 0.0357100418931065 -0.0007738717434935501
1938 0.03816945428367306 -0.00041497693156542545
1939 -0.030369738725383705 -0.02129304711459421
1940 -0.02736995370027203 0.027000631522592973
1941 -0.02828884787113946 0.02469127050801343
1942 -0.030748260261708505 0.02433237569608436
1943 -0.029207742042007018 0.022381909493434275
1944 -0.031667154432575575 0.02202301468150527
1945 -0.030126636212874237 0.020072548478855423
1946 -0.032586048603442594 0.019713653666926567
1947 -0.03412656682314352 0.021664119869576105
1948 -0.03504546099401039 0.019354758854997614
1949 -0.02674832965143778 0.02274080430536317
1950 -0.036585979213711275 0.0213052250576469
1951 -0.03750487338457807 0.01899586404306864
1952 -0.03904539160427885 0.020946330245717786
1953 -0.03996428577514558 0.01863696923113971
1954 -0.04150480399484621 0.02058743543378871
1955 -0.04242369816571288 0.018278074419210855
1956 -0.04396421638541338 0.020228540621859668
1957 -0.04488311055627993 0.017919179607282044
1958 -0.046423628775980226 0.019869645809930617
1959 -0.04734252294684667 0.0175602847953533
1960 -0.048883041166546765 0.01951075099800158
1961 -0.049801935337413096 0.017201389983424673
1962 -0.051342453557112894 0.019151856186072517
1963 -0.03350494277431408 0.017404292652349003
1964 -0.052261347727979225 0.016842495171497163
1965 -0.053801865947678676 0.018792961374143675
1966 -0.04826141711772186 0.015250923780777923
1967 -0.043342592336589124 0.015968713404634793
1968 -0.054720760118548456 0.01648360035956936
1969 -0.038423767555455415 0.01668650302849194
1970 -0.056261278338244514 0.018434066562215478
1971 -0.057180172509117444 0.016124705547640582
1972 0.007413257499201704 0.0037979397597466954
1973 -0.01655924235765053 -0.004050835576758371
1974 0.07324993560517058 -0.01704848046260142
1975 -0.018153928186827584 0.0326960379875392
1976 0.0249805819647256 -0.02191701568661747
1977 0.025899476135592268 -0.019607654672038014
1978 0.024358957915892463 -0.017657188469388997
1979 0.02681837030645905 -0.017298293657458733
1980 0.028358888526160753 -0.019248759860108718
1981 0.025277852086758517 -0.015347827454809516
1982 0.016683450622151853 -0.025303061136985244
1983 0.015142932402451815 -0.023352594934335755
1984 0.016061826573323234 -0.02104323391975733
1985 -0.02393747952932954 -0.005127520012566849
1986 -0.05653146465547488 -0.005533325350427576
1987 0.01235916608509914 -0.01288247429723647
1988 0.010818647865398504 -0.010932008094587069
1989 0.015440202524498754 -0.016783406702533255
1990 -0.02915357443248372 -0.01241449786822689
1991 -0.030694092652181627 -0.010464031665581497
1992 -0.01285658186940103 -0.012211595199301048
1993 0.007440341303963115 -0.013600263921094029
1994 0.03268317306323905 -0.03166934669986856
1995 0.07814167658152257 0.0010675128420728533
1996 -0.020234819041097394 -0.013288279635089838
1997 -0.011316063649703431 -0.014162061401949286
1998 0.011413188109469296 0.002206368369025268
1999 -0.027694307627072652 0.03782964697163459
2000 0.025304935891529372 -0.03274603113565762
2001 -0.04423440270266069 -0.0037388512907863512
2002 0.060952873652355855 -0.018842954522239566
2003 -0.03353202657908063 0.03480249633319522
2004 0.07968219480122304 -0.0008829533605743244
2005 0.07876330063035814 -0.003192314375151086
2006 -0.043612778653827525 -0.007998678508005817
2007 0.01517001620721939 -0.04075079861518478
2008 -0.033153505042744724 -0.010822926477510427
2009 -0.08853090953761536 0.007199245775364496
2010 0.0037647646204859134 -0.022837707979403075
2011 0.014764410866179342 0.022272827876333556
2012 0.013845516695312416 0.01996346686175777
2013 0.08951984436348684 0.0005526258871424206
2014 0.052925928627061136 0.0017383919400082905
2015 0.05200703445619586 -0.0005709690745657494
2016 0.01608891037808583 -0.03844143760060478
2017 0.09076309246115072 -0.007967028547310271
2018 -0.08115267236592448 0.008275930211151085
2019 0.10922222729276732 -0.013974419298260318
2020 -0.0011540601606432077 -0.023555497603256398
2021 -0.09007142775731558 0.009149711978012185
2022 0.07843616145392815 0.007626148177076938
2023 -0.0313157167010128 -0.006204204448362722
2024 0.01579062488848883 -0.045003667783738974
2025 0.01733109821098658 -0.04695382631757212
2026 -0.08453097892735448 0.005607674384649061
2027 0.05941235543265788 -0.016892488319593363
2028 -0.10232616370462169 0.007360426508308077
2029 0.028304720916650733 0.015547647501542495
2030 0.09969796625831079 -0.008782813170862942
2031 0.09876612337582849 -0.01113955560759756
2032 -0.09036869787934594 0.002580523746210191
2033 0.020007589574103347 0.012161602051175028
2034 -0.08964915970321959 -0.001601968884603822
2035 0.00954831596300876 0.014985850020687358
2036 -0.021829504870310913 0.023458593929222706
2037 -0.01937009247974577 0.02381748874115036
2038 0.05389899040748327 -0.030748654407075714
2039 0.052068310890847305 -0.03535601321684284
2040 -0.008316278624565443 0.034131617235262014
2041 -0.006186608730482272 0.0453152714950429
2042 -0.005265411276465171 0.04758657585991455
2043 0.07365358959703633 0.013366941096887868
2044 0.02223823054252937 -0.04615591139112314
2045 -0.02876303727752014 -0.04059571216176295
2046 -0.03148320656211272 -0.04102171679741306
2047 -0.026336207739811632 -0.04027515471339536
2048 -0.016705626747897974 0.04809233210512424
2049 0.0014813730521097022 0.052905788812297634
2050 -0.06049987301302728 -0.02125780836100597
2051 -0.06204415948537806 -0.019375323310389693
2052 -0.011707973137087034 0.048773996947428545
2053 -0.06282811362178345 -0.02168528871979234
2054 -0.08234197075634501 0.03388474251104741
2055 0.12007900069070293 -0.027527639822878543
2056 0.057128587912691 0.02406093303246474
2057 0.06425337446397744 0.018619085896634975
2058 0.06270705308726031 0.020581884823461148
2059 -0.11038349782922348 0.027854783880762797
2060 -0.1127815156426037 0.0275356691884701
2061 0.07938640245188414 0.009799756247488217
2062 -0.038282276770541315 -0.03546052972327388
2063 0.09048292680794753 -0.03186603467768249
2064 0.08802185119473105 -0.03221353185923717
2065 0.08649103510719214 -0.03032955183375853
2066 0.08567661891531628 -0.032553922359874934
2067 0.011494439523749093 -0.04998824267350763
2068 -0.012202939338933391 -0.05107581809179669
2069 -0.0716400663424566 0.03781130380318319
2070 0.06994429302849833 -0.03707893638581178
2071 -0.02407529407196601 0.04713406972597779
2072 0.04766879131355656 0.02915787788464786
2073 0.04519844125700232 0.028873936040481052
2074 0.050056323244418846 0.029569870358584566
2075 -0.06993326480716605 -0.016105651841139847
2076 0.09609818382785704 -0.0009077718201373127
2077 0.11652945671345002 -0.012945252146263516
2078 0.11800774263172405 -0.01482119363499641
2079 0.02715117299557715 -0.04539781170949986
2080 0.07234438031498026 -0.036603796008638986
2081 -0.10170617480167216 0.003222726657473044
2082 -0.023154888837430457 -0.044113896308156625
2083 -0.044570702061871956 0.041793120386981984
2084 -0.019088752586191228 0.04765280463491041
2085 -0.12936991771159967 0.02086179749154648
2086 -0.13082774590653318 0.022728982249237535
2087 -0.12788847880126758 0.018970737245824605
2088 0.09539769359538287 -0.031120436683169994
2089 0.09783113443523911 -0.03079185195952553
2090 0.05927397704841077 -0.04042791873169002
2091 -0.03680974445589489 -0.037346261455625716
2092 0.11506521146671908 -0.01107236899239439
2093 0.11260053385419602 -0.011306163471753056
2094 0.05155515340779139 0.027650621347150565
2095 0.09033704438722334 0.0027816667781125786
2096 0.02638857834942806 -0.04765233380881255
2097 -0.06486802453658963 -0.019937040927725337
2098 -0.010869909876583362 0.0508232082859362
2099 -0.09727776295919709 0.03202667024168253
2100 0.10290433981731487 -0.03038624560808239
2101 0.08900284056863375 0.004679864961737901
2102 0.00903502713317822 -0.05034713748543685
2103 -0.0685094060027723 -0.017970145478518208
2104 0.01997183241879493 0.04705498108582665
2105 0.017520010826018534 0.046554679926138334
2106 -0.11191393198338603 0.029950072795916077
2107 -0.08657585740684541 -0.005509009874722776
2108 -0.08419159500316621 -0.005209470064121195
2109 -0.08512551917142491 -0.007530702078955067
2110 -0.007652556996778117 -0.05601534634736258
2111 -0.00937127538395665 -0.05436625188375505
2112 -0.006514636350900112 -0.053833624078559836
2113 -0.00400301422469406 -0.053509221752853976
2114 0.09475985271040738 0.0014458401989972626
2115 -0.02709878370789398 -0.04243089628122982
2116 -0.08112558856109157 -0.009122273469714988
2117 -0.12512804857112025 0.02591877862313945
2118 0.05556515432279392 0.025933357436179756
2119 0.009576834087543618 0.05406620545081901
2120 0.010609347493372156 0.05161155947831034
2121 0.009332911839083052 0.04957774896815716
2122 0.011817738360183943 0.049567460749917525
2123 0.010613801368447293 0.0474538692923546
2124 0.013055903772952182 0.04744531917059724
2125 0.014287599615201756 0.049753530317599805
2126 0.10780457425783063 -0.029554246696169913
2127 0.1102427442829287 -0.029125219364242907
2128 0.1110998562892584 -0.02676622159333253
2129 0.11265662236403075 -0.028705329659445396
2130 0.11355347208899276 -0.026397219996380103
2131 0.08739509525424122 -0.03461543995068006
2132 0.04635595557866194 0.0315155576265437
2133 -0.04233041592173606 -0.03428958285458334
2134 -0.03962918644050997 -0.03788735163433794
2135 0.016196561858761928 -0.049272607521926776
2136 0.018564414580192576 -0.04888624340178564
2137 0.03717314382429136 -0.04444355173063819
2138 0.03958463145959045 -0.04390521538663017
2139 -0.0448018591419589 -0.03427543143515934
2140 -0.018225239516319228 0.050085609198440344
2141 0.1178311923309793 -0.010549547216125168
2142 0.018342109280419648 0.04889603380377253
2143 0.022479876533431687 0.04736201931340217
2144 -0.130052085297111 0.025098025303339416
2145 -0.0591411113547693 -0.023639072247158558
2146 0.0715636526287656 -0.03899498247906193
2147 -0.11285994118283998 0.010154072333155639
2148 -0.1143736445178733 0.012125716498078136
2149 -0.11542547780051204 0.01000052296466182
2150 -0.11682769393151014 0.011771057278605524
2151 0.14142427253319184 -0.02492738967808298
2152 -0.14142427253319184 0.024927389678082976
2153 -0.11128568607039002 0.008277700693487593
2154 0.13015160137668613 -0.01971944317296373
2155 0.12848682252421456 -0.01783559998502969
2156 0.012169504307769564 0.04547399989003593
2157 0.009880632756973484 0.04532852496912056
2158 0.058523977952677414 0.026302273739231816
2159 -0.07130693847843021 -0.01837233725181886
2160 0.04684510716258616 -0.04265435429191495
2161 -0.13051363140679767 0.018447851966261548
2162 0.012167554261459362 0.055271507082221345
2163 -0.012155468060370852 -0.05495196621004167
2164 0.09694520530710846 -0.03302451472461954
2165 0.11511906445077916 -0.02833509853129693
2166 -0.06429563815543794 0.03901094120743154
2167 0.044478654125574626 -0.04313280411583726
2168 -0.11466987030696235 0.02903349274725625
2169 0.10706960050739447 -0.03213285565228197
2170 -0.0964483928003807 -0.0003057640364483875
2171 -0.09066918278187974 -0.003976932849417306
2172 0.11435247656008685 -0.03068005150914544
2173 0.10538697419762158 -0.030020802849428044
2174 0.10169669277431108 -0.03301130855329978
2175 0.10026935266479386 -0.030525688372234662
2176 0.1315995072770209 -0.02171062194466381
2177 0.13075296309001225 -0.023848352901371342
2178 0.13322181095433736 -0.023523847642593937
2179 -0.07928785734496314 -0.004504583139310409
2180 -0.04485602675151582 0.0005209759264556638
2181 -0.04147772019008121 0.0031892317529517798
2182 0.001224100796058914 0.028998008260086153
2183 0.00030520664154589283 0.02668864723805964
2184 -0.08266360994205488 -0.007169976152543588
2185 -0.08369418160552819 -0.009397686271999061
2186 -0.07961360179980345 -0.011186949758778252
2187 -0.0015325816972281843 0.022069925207557045
2188 -0.002451475867844762 0.019760564192864326
2189 -0.06053139526578824 -0.003941753959652287
2190 -0.06145028943662479 -0.006251114974255215
2191 -0.05869360692403605 0.0006769680694604163
2192 -0.05777471275316293 0.0029863290840269983
2193 -0.001235311612621607 0.028639113456406014
2194 0.0021429949636605165 0.03130736927615051
2195 0.02457465560522797 0.041106970625138066
2196 0.026981666945949476 0.04142396817534204
2197 -0.055315300362605305 0.0033452238959540436
2198 -0.06390970182718986 -0.0066100097861801835
2199 -0.021422292051734314 -0.03956814473118453
2200 -0.05131536975234703 0.001753652505238942
2201 -0.04731543914210212 0.00016208111454811078
2202 -0.003991994088086756 0.02171103039576467
2203 -0.04393713258065992 0.0028303369410395533
2204 -0.013422275571409797 -0.04274678178612743
2205 -0.03901830779950989 0.0035481265648809775
2206 -0.01682942867492529 -0.028018227489431467
2207 -0.01528891045522226 -0.029968693692075672
2208 -0.015910534504060752 -0.025708866474843342
2209 -0.012829498064651685 -0.029609798880141504
2210 -0.011288979844946426 -0.03156026508278057
2211 0.02535918907197388 0.04331482169318068
2212 -0.003937826478020672 -0.013085376966145035
2213 -0.02547799774903001 -0.0031770538099158735
2214 -0.027937410139592195 -0.003535948621850593
2215 -0.02082935928517951 -0.02642665609870017
2216 -0.076260931389569 0.026391923515815964
2217 -0.058720690728815424 0.018075171750290858
2218 -0.08517773894287946 0.027263205187936596
2219 0.11601101757329153 -0.026025118047641245
2220 0.05019632991923455 -0.022587894784534088
2221 -0.08174430915233313 -0.004860481902002976
2222 -0.07836891556947667 -0.002194362375739824
2223 -0.09747674873377107 0.025471231223042526
2224 -0.08363886095805538 0.0253148442643028
2225 0.05327736635863936 -0.026488827189835362
2226 -0.05963958489968968 0.015765810735719053
2227 0.0609257898475817 -0.0014447508414255359
2228 -0.05534238416737979 0.020743427576792303
2229 -0.08826072322034693 0.031166637687964228
2230 -0.08976530411513396 0.03285444547243327
2231 -0.09237651770483112 0.03294468929290043
2232 0.08405032933074913 -0.030683146387897375
2233 0.08312501400236452 -0.03310177204111528
2234 -0.014961565909553099 -0.04079534620209967
2235 -0.010964332128612156 -0.0423890482722262
2236 -0.014397100089117126 -0.01026112899663572
2237 -0.016856512479675408 -0.010620023808579203
2238 -0.018963262727382774 -0.0392079233242596
2239 -0.022964149836036358 -0.037615085054459985
2240 0.05354755267589584 -0.002521435277215057
2241 -0.01039716947884343 -0.011852700387366837
2242 -0.0014784140874485841 -0.012726482154223099
2243 -0.010045682782370943 -0.04007988080731371
2244 0.022115221191149868 0.040747939971953334
2245 0.021196636905979734 0.03843820339230896
2246 0.02027778094052734 0.03612889623041399
2247 0.07879038443512841 -0.02059051805596402
2248 0.060272175111097816 0.020214898382415657
2249 0.061194223042399486 0.022828452687703317
2250 0.0637489816294763 0.02283012680372775
2251 -0.07226100077931509 0.02480035212510684
2252 -0.05042355938624691 0.02146121720064964
2253 0.027737264477325736 -0.014988932642879644
2254 0.026196746257628023 -0.013038466440231569
2255 -0.05075852205063936 0.03229484242795691
2256 -0.0398830343608406 -0.033557641811303954
2257 -0.006397238868588719 -0.013444271778071538
2258 0.09079017626591329 -0.02536523222812115
2259 0.05600696506646286 -0.0021625404652940343
2260 0.024899321381009577 0.030277584906763758
2261 0.06830402701927528 -0.00036806640565543005
2262 -0.04050385790264356 -0.029297159225985026
2263 0.05108814028533201 -0.002880330089142446
2264 0.07049325309258689 -0.023976563506324378
2265 0.07141214726344916 -0.021667202491749357
2266 0.08012599539172534 0.013517500596057126
2267 0.07801723662566352 0.012045706788180375
2268 0.06957435892172095 -0.026285924520897765
2269 -0.04550473460511387 0.02217900682450835
2270 -0.06734217599818941 0.025518141748962504
2271 0.022737188281935314 0.036487888775694054
2272 0.021818285360017908 0.034178516505574
2273 0.08417612183322479 0.010825060502399238
2274 0.08629126962124112 0.009462587559738432
2275 0.08624269410073226 0.007133844327636814
2276 -0.08301754451242063 0.02105541186281077
2277 -0.08147702629272292 0.01910494566016381
2278 0.07538499406892994 -0.0058605702016588735
2279 0.07292558167836702 -0.006219465013589192
2280 0.0400072426254035 0.004203745097587447
2281 0.040926136796269295 0.006513106112162812
2282 0.1351571850959175 -0.020665154172917092
2283 -0.1350197602748714 0.020666196423468487
2284 -0.13494839628358662 0.02306782254799137
2285 -0.0829362684113556 0.037544139888526264
2286 0.08284545920936837 -0.0374015702530119
2287 0.08155489612377316 -0.035497923878986815
2288 0.0790994634933792 -0.03596118310106482
2289 -0.06604476029091487 -0.01779792004715072
2290 -0.06826107016905505 0.023208780734386564
2291 0.005251115230686639 0.010008233179620171
2292 9.45404866913416e-05 -0.05469754481933542
2293 0.0009405719843287802 -0.052357922067189214
2294 0.003302544996487371 -0.051953160558281794
2295 0.0016415191714774418 -0.04997174636117629
2296 -0.045136306675619194 -0.023448332466308928
2297 -0.0405859098239796 0.022896796448366914
2298 -0.051163467870828726 0.04396674358924018
2299 -0.04917903663987986 0.04223064118943111
2300 -0.05361710092974245 0.04320714830978001
2301 -0.05470001745951501 0.04080539988130816
2302 -0.05709221320330389 0.04054536183636751
2303 -0.05808670583790713 0.03798189496513457
2304 -0.05642620248851335 0.03590482472978904
2305 -0.05956879299250204 0.04006234353539389
2306 -0.04685564326069909 0.04293180031338442
2307 -0.05729850222518772 0.03356117128594585
2308 -0.05575918443604991 0.03160847637984081
2309 0.0511435357968025 -0.04402621976347228
2310 -0.06112589335662439 -0.0170772924878218
2311 0.08124979682569208 -0.020231623244037728
2312 0.0821686909965546 -0.01792226222946306
2313 0.11446741493603238 -0.02408418188675185
2314 0.09037515870016578 0.006724178482539379
2315 -0.09074084457560819 -0.0067824740749143405
2316 -0.09309982684215724 -0.0030000111854106373
2317 -0.07796058033304917 0.03850817769602134
2318 0.12232718035187332 -0.01281511511458528
2319 -0.12221839679452651 0.012836516609342409
2320 -0.12042850908035244 0.013891029625356446
2321 -0.12219606421075871 0.01527321921809138
2322 -0.12440726247548023 0.014123880366604098
2323 -0.12422099474548358 0.01693057042989928
2324 0.07784440645949367 -0.005501675389729028
2325 0.09486821937003066 0.004194541006139157
2326 0.09911053913776902 0.0016778525478762156
2327 0.09890378181298329 -0.0008608314533995981
2328 0.10112828427635953 -0.0021348299699505678
2329 -0.09888253661011927 -0.0015748515938710014
2330 -0.09843041449922976 0.0009640132210015761
2331 0.06437312331950598 -0.033543540861529365
2332 0.12449861616205128 -0.014109746747706126
2333 0.12225875775007888 -0.015204796250215452
2334 0.10750870425226977 -0.0036453462685196556
2335 0.10746421364691533 -0.005947495324145583
2336 0.10539401191634325 -0.0046762772880689476
2337 0.10326621064143013 -0.003407618438147551
2338 0.10329801883681083 -0.005975927345422767
2339 0.10216330790444748 -0.008348775443146376
2340 0.10329519647719372 -0.0010060340480694484
2341 -0.1075331631272809 0.0036142965232447708
2342 -0.10533255945811609 0.0045408525586803986
2343 -0.10749556372611593 0.006357200858596036
2344 -0.06269353753431935 0.0022685394602101937
2345 -0.02682604547586312 0.04901789667248117
2346 0.00776469523074644 -0.024429279370128752
2347 -0.08771892325332609 0.036539457225777006
2348 -0.08619052041798295 0.03455573652713697
2349 -0.12269036494941717 0.026372278955529863
2350 -0.12668438778586671 0.028090692616557614
2351 -0.12762695358450987 0.02564332625982607
2352 -0.1315211924260962 0.027157384069122367
2353 -0.024418282039030896 0.049610753450263126
2354 -0.03174460389472762 0.0481305515792137
2355 -0.030060367917347935 0.046232962679326126
2356 0.031922797129652236 -0.048234782414387084
2357 0.02472774369773706 -0.04972173672100998
2358 -0.08763877453183269 0.02690639378829524
2359 0.06338520223814595 -0.0010858560295015154
2360 0.06430409640900947 0.0012235049850744704
2361 -0.05620711072866633 -0.016362340799439948
2362 -0.05374789254210366 -0.016002115158244547
2363 -0.015072891747423553 0.02879510558223887
2364 -0.013532373527725593 0.026844639379591133
2365 -0.12153029499772561 0.029151859929064564
2366 -0.11896729335962046 0.028615331924726664
2367 -0.11677464995634688 0.027785830943692823
2368 0.06579113826565515 -0.041013610578430226
2369 0.06417227032578966 -0.03929851646850917
2370 0.06675248818012214 -0.039070309560829505
2371 0.042466655015969 0.0045626399095152655
2372 -0.015991785918291528 0.02648574456765947
2373 -0.014451267698610302 0.024535278365011064
2374 -0.016910680089181285 0.02417638355307933
2375 -0.024288917260875054 0.023099699117294037
2376 0.12337495258859554 -0.024896321365674445
2377 0.043696335419571596 0.030795393904130376
2378 0.04411561133455922 0.033223031070436636
2379 -0.07495642396735855 0.03517535107022572
2380 -0.03566708504284455 0.023614586072225458
2381 -0.10302291381975032 0.0011874979574562543
2382 -0.019018654748213792 -0.004409730388688185
2383 -0.019937548919073112 -0.0067190914032803205
2384 0.004972020626810188 -0.05361795026943744
2385 0.005480996216287269 -0.05127326684203402
2386 0.051061056480557566 0.014517873591668657
2387 0.04860164408999635 0.01415897877973999
2388 0.05352046887112064 0.014876768403595624
2389 -0.09901660651227195 0.027417171594686734
2390 -0.10055305754393709 0.029339766420239256
2391 0.03991355644973567 0.038267314606203875
2392 0.039823571615001364 0.0357767268482664
2393 0.03770575171903282 0.03709536976231524
2394 0.0420063553868143 0.03454447475193091
2395 0.039809467500795975 0.03347938300895237
2396 0.03764311655107108 0.0346927930660179
2397 0.036008589739716775 0.03603470147656135
2398 -0.018765181834337924 -0.051326165651529185
2399 -0.01876096369086245 -0.04884089178369133
2400 -0.016502709429433333 -0.0523944741048034
2401 -0.08455801146491862 0.02300581226283776
2402 -0.08944980370848021 0.004889884760788794
2403 0.07905822003995647 0.003375017215751352
2404 -0.009424013876053329 -0.04433932902844468
2405 -0.06669346814458145 0.00386011085093024
2406 -0.025829435480571268 0.02505016531994292
2407 -0.025207811431753754 0.020790338102716972
2408 -0.02491054130970258 0.027359526334522044
2409 0.08003288352321551 -0.029105039723376778
2410 0.08157466141438563 -0.03104518538532206
2411 -0.07985985377866962 0.034363257587370785
2412 0.028566099871926237 0.03950810997916093
2413 0.03101862414713724 0.0398615432603809
2414 0.03256026008081045 0.037971515690179
2415 0.029527741637033905 0.042192101954016424
2416 0.032021307445556875 0.04218380408358918
2417 0.03153630975435368 0.035657145743231554
2418 -0.03896307307751585 -0.031247425532624475
2419 -0.10300716763799363 0.028944536355468148
2420 -0.1020983033928675 0.03132262983098156
2421 0.09293427842722748 -0.03145190150591053
2422 0.09214341186154719 -0.03383223279501036
2423 0.034466793795439994 0.007745782690954122
2424 0.03538568796630545 0.010055143705530057
2425 0.03384516974660656 0.012005609908176857
2426 0.03630458213717252 0.012364504720104258
2427 0.037845100356870394 0.010414038517457938
2428 0.10554724070592314 -0.023215421690918992
2429 0.12829221046130207 -0.024170368046419755
2430 -0.046301449542196144 0.04520335088955069
2431 0.1117310307161711 -0.006246297079925878
2432 0.11149839796227104 -0.008969464494513142
2433 0.08495492827413234 -0.028387067078436804
2434 0.08741195812678183 -0.02803038588402922
2435 0.06865546280196255 -0.02859527218021506
2436 -0.018099760577349168 -0.0021003693741099556
2437 -0.01745105272373925 -0.02375840027217946
2438 -0.027667223822310884 0.020431443290785802
2439 -0.028586117993189497 0.018122082276209824
2440 0.05307147453974041 0.025609633756568845
2441 -0.11584774693780904 0.014055063803624108
2442 0.042749930349435486 0.02847937316044099
2443 0.08462810338711908 -0.017563367417536172
2444 -0.004970365524141268 0.053707603182781095
2445 -0.0033079430993330937 0.051870423667689486
2446 -0.005912726803060353 0.051569465135048106
2447 -0.03958563082096387 -0.02698834435150334
2448 -0.06512498138038958 -0.015487860247045045
2449 0.11692543912542144 -0.023723727059508995
2450 -0.01661340996712527 0.030745571784888782
2451 -0.10792077567036001 0.02819099771515062
2452 -0.10701062192468826 0.030614359975203134
2453 -0.008937902673380545 0.03839144445248702
2454 -0.06488276360762363 0.025877036560888553
2455 -0.04055882601923505 0.005498592767544771
2456 -0.03655889540895747 0.0039070213768223295
2457 -0.06364571212989736 -0.017467516873463918
2458 -0.06020703431339834 -0.014770296419477306
2459 -0.004505282917335946 -0.04362195711062083
2460 -0.0060457906755356575 -0.04167140251989546
2461 -0.003586387002883171 -0.04131258136469736
2462 -0.0026674942850003214 -0.03900323262623702
2463 -0.0020452000185022198 -0.04326049856579168
2464 0.09322201193895988 -0.007608428412035868
2465 0.03022376067266886 -0.03202824151179825
2466 -0.05072082950828928 0.014892028968851726
2467 -0.0953146064652417 0.019260937803175927
2468 -0.09439571229437321 0.021570298817749817
2469 0.047682749919134335 0.011849617765163637
2470 0.046818023357811225 -0.025256150611060985
2471 0.05997981187194913 0.013644091824801566
2472 0.058439293652249966 0.015594558027447214
2473 0.0612501437743904 -0.012273766290451241
2474 -0.09285519407467653 0.019619832615102747
2475 0.014440056939383966 0.03310184332535802
2476 0.01689946932994963 0.03346073813728334
2477 -0.055288248925135966 -0.014052757979988992
2478 0.03725056011280614 -0.0027243379461415677
2479 0.0397099725033723 -0.0023654431342131268
2480 0.09754678938877322 -0.020028720575119945
2481 0.09508737699820913 -0.020387615387047815
2482 0.09354685877851072 -0.01843714918440109
2483 0.09262796460764516 -0.02074651019897609
2484 0.0910874463879471 -0.018796043996329993
2485 0.0941684828273433 -0.022696976401621556
2486 0.07809770236498413 -0.038403535674355546
2487 -0.03288967900238236 -0.03881143203563772
2488 -0.03437138463674112 -0.03695273310165636
2489 -0.08639585107385114 0.01838715603630997
2490 -0.11377374129685437 0.025268328554131303
2491 -0.11471165712091291 0.023011653963620957
2492 -0.002370224453557798 -0.03243404684964614
2493 0.0012782684251614208 -0.0057983991104958495
2494 -0.00026224979454143486 -0.0038479329078447084
2495 0.0006566443763279686 -0.0015385718932680323
2496 -0.0018027680142464382 -0.001897466705192276
2497 -0.001181143965411844 -0.006157293922420534
2498 -0.0008838738433756245 0.00041189430938354433
2499 -0.07161229292570566 0.0031423212270716067
2500 0.03354789962457388 0.005436421676378194
2501 0.0028757887015580068 -0.04254303397029624
2502 0.0013333133635612979 -0.04059411353982566
2503 0.03138575735604166 0.011646715096249236
2504 0.03230465152691078 0.013956076110822746
2505 0.013521162768516684 0.030792482310781456
2506 -0.02545091394425523 -0.020575257490739095
2507 -0.06023412514374766 0.002627434272125539
2508 -0.04490950242646326 0.035312641641048664
2509 -0.045829024618227764 0.03300758428961912
2510 -0.042449889743875244 0.03567016390410607
2511 -0.0409100890104305 0.03372461444736204
2512 -0.038450726304758445 0.034083849736924784
2513 -0.03753139061491402 0.03639018513728809
2514 -0.01569451579625719 0.0330549327994685
2515 -0.04580200472715868 0.015609818592706848
2516 0.046169315504205236 -0.003598119713005358
2517 0.01422403823158277 -0.025661955948914895
2518 0.012683520011884126 -0.02371148974626785
2519 -0.09839564290463798 0.023161870208469486
2520 -0.10085505529520486 0.022802975396542552
2521 0.05695294304209449 -0.01725138313152219
2522 0.027412785699775948 0.046158858855357934
2523 0.0658154546008692 0.01665803548263451
2524 0.06832688000651357 0.017113649272010735
2525 -0.021721169651288074 -0.04613422079412412
2526 -0.040883179946025756 0.016327608216563868
2527 0.026791286501707524 9.99100233683808e-05
2528 0.025250768282007383 0.002050376226017248
2529 0.022791355891440452 0.0016914814140888902
2530 0.023710250062307543 0.004000842428665997
2531 0.026169662452873835 0.004359737240594604
2532 0.021250837671740304 0.0036419476167379437
2533 0.04306119526004289 0.017701016373099242
2534 0.04552060765060433 0.018059911185028008
2535 0.013899684304799593 -0.014832940499885825
2536 -0.0359643551648898 0.017045397840421153
2537 0.05361414168147849 -0.043514285666315336
2538 0.054383818260323 -0.04126993846780952
2539 0.008953775718901043 0.001847473557096723
2540 -0.04358909943867668 -0.025397528620600796
2541 -0.0442090011657018 -0.021137374384945968
2542 0.013278060255966624 -0.010573113282658024
2543 0.011737542036266107 -0.00862264708000887
2544 0.014196954426834465 -0.00826375226807971
2545 -0.03191025694507948 -0.0193425809119487
2546 -0.03436966933564181 -0.01970147572387678
2547 -0.012586395552148667 0.01175579671335423
2548 -0.036504549947331134 -0.03088924344078996
2549 0.044279905644504194 0.026568624076925524
2550 0.06946521981743313 0.019639719981219484
2551 0.005332839052804617 -0.04218600474547973
2552 0.0037925457892294826 -0.04023536086786561
2553 0.006251360286203463 -0.03987693828456278
2554 -0.007101012433405109 0.043009457142738974
2555 -0.0055597458015058734 0.04105958204342945
2556 0.0166563668174024 -0.007904857456150785
2557 0.015115848597702096 -0.005954391253501182
2558 0.052601574700260625 0.01256740738901907
2559 0.05597988126168422 0.015235663215521758
2560 -0.011937687698548922 -0.009902234184714705
2561 -0.0719366468525069 0.013971336676084346
2562 0.002548600327575014 -0.031716257225787144
2563 0.0050080127181417675 -0.031357362413860675
2564 -0.0229339121778267 -0.04839710230962125
2565 -0.030721176456981057 0.006934172015276555
2566 -0.03164007062784359 0.004624811000698258
2567 -0.029180658237280388 0.004983705812628086
2568 -0.03009955240814714 0.0026743447980512682
2569 -0.028559034188443647 0.0007238785953950795
2570 -0.03255896479870688 0.00231544998611302
2571 -0.031018446578999565 0.0003649837834482449
2572 0.0390883484545417 0.0018943840830095656
2573 0.04800710384593647 0.0010206023161481149
2574 -0.06545022004690872 -0.004659543583514279
2575 -0.06636911421775152 -0.006968904598109037
2576 -0.04146900705441149 0.04614942246483434
2577 -0.042333729746617504 0.04376578984355659
2578 0.041425544435929454 -0.046034929113242716
2579 -0.06672055194935539 0.021258314531735132
2580 -0.06917996433991806 0.020899419719805468
2581 0.06954727511694131 -0.008887720840092924
2582 -0.04458584043425223 0.024488367839089305
2583 -0.009820172850151835 -0.05075926857474228
2584 -0.007613403161473242 -0.02232282102446594
2585 -0.039667015653116214 0.025206157462947385
2586 0.057520399481385626 0.013285197012874306
2587 -0.03104553038374721 0.017763187464278882
2588 -0.03196442455463158 0.015453826449706148
2589 0.05262865850503271 -0.004830796291792273
2590 0.013872600500037417 0.002565263180953513
2591 -0.04082901233646406 -0.0184687991450874
2592 -0.01293783328365271 0.03998301584320904
2593 0.09662789521790735 -0.022338081589694143
2594 -0.032288778481410624 0.0262828418987346
2595 0.026521100184428444 -0.02386748188926755
2596 -0.04950466521538745 0.02377057821523146
2597 -0.05442348999652319 0.02305278859137507
2598 -0.05780179655794987 0.020384532764867312
2599 0.037520746430085794 0.021243053966461867
2600 -0.026099621797880883 0.0010827734073312872
2601 -0.027018515968747575 -0.0012265876072441403
2602 0.13146081128173773 -0.02741641730949292
2603 0.05908800150585875 -0.006063472870585472
2604 -0.05047001716692964 -0.03178840365914857
2605 -0.05264661037197233 -0.03051686076849657
2606 -0.052181892101296506 -0.028046694954280343
2607 -0.05476150283889236 -0.0266852151662212
2608 -0.05259358950841479 -0.02562144840090999
2609 -0.02150515094354631 0.01262957848021679
2610 -0.02242404511441344 0.010320217465639193
2611 -0.01996463272384637 0.010679112277567654
2612 0.03603439581990941 -0.011602887192524735
2613 0.038493808210476224 -0.011243992380594198
2614 -0.03507231639228517 0.036751397325782365
2615 0.0987745416323056 -0.0285512762950206
2616 0.020331943500872866 0.0013325866021605753
2617 -0.04236953055616177 -0.016518332942442593
2618 -0.004829636844127498 -0.03279294166157779
2619 -0.006370155063820425 -0.03084247545891794
2620 0.047709833723904284 -0.0055485859156526145
2621 0.03143992496556606 -0.02314969226540945
2622 0.029899406745863017 -0.02119922606275897
2623 -0.01723503401595934 0.035005399002119214
2624 -0.0679096324374692 -0.005018438395446119
2625 -0.0688274944120379 -0.007326984160263011
2626 -0.027294450712206604 -0.04613433262554093
2627 -0.09319881991834068 0.030479662701238135
2628 0.0015755385471950861 0.000770789121310875
2629 -0.002424392063074334 0.002362360512032369
2630 -0.0015054978922059232 0.004671721526610604
2631 0.058736563774272166 0.022163746259241723
2632 -0.04983230326446074 0.03459249008787659
2633 0.08830368007058426 -0.008325923359237613
2634 0.01852123896389122 -0.020684339107827986
2635 -0.032829151115946295 -0.021651941926521676
2636 -0.0184511983088677 0.026126849755729712
2637 0.06187176782322189 -0.016533593507665804
2638 0.06981520753884238 0.015085236048743844
2639 0.0708371736970624 0.01730778222735211
2640 -0.01045133708874787 0.022943706974481497
2641 -0.019045738552978916 0.01298847329214542
2642 0.10800648537206486 -0.02285550219974088
2643 -0.04823747314282377 -0.03044809633970831
2644 -0.05652781791270254 -0.022903894021813566
2645 -0.05689086470018743 -0.025374379731901216
2646 -0.056558548460298105 0.01186487833042939
2647 0.01627790247347641 0.03772017343020803
2648 -0.011370231259360266 0.020634345959785517
2649 -0.06731509219341483 0.008119938068149448
2650 0.029304866501802425 -0.034337602526378894
2651 -0.034748190871979154 0.025923947086805538
2652 0.0006837281810930156 -0.018936775574105637
2653 0.05258341264194357 0.03010530535848017
2654 -0.04482894294672408 -0.01687722775437054
2655 0.07630388823979417 -0.0035512091870824785
2656 0.08030381885005779 -0.005142780577798471
2657 0.06249339187205462 -0.020793420724886956
2658 -0.008613548752889937 0.02756242900631981
2659 0.04417846789685634 0.035703743605742744
2660 -0.056855818582320417 0.005295690098616683
2661 0.0363587497467066 -0.022431902641551933
2662 -0.041748186885297286 -0.0207782133952197
2663 0.043980089430906644 0.020010377387672768
2664 -0.020883526894714517 0.008369751262990449
2665 -0.014667286406390504 -0.034228520909298704
2666 0.07633097204456835 -0.020949412867891773
2667 0.0676824029704362 0.0038917608115750482
2668 -0.019694446406529297 0.03464650419019033
2669 -0.05407205226490948 -0.0051744305385018905
2670 -0.00920808899071403 0.014424052539862252
2671 -0.010126983161577573 0.012114691525281378
2672 -0.008586464941878235 0.01016422532263173
2673 0.021899545525328176 -0.018016083281320004
2674 0.11719988183788671 -0.01715306084134849
2675 -0.045477650800377696 0.004780803143707656
2676 -0.07282853700468456 -0.005740640040998075
2677 -0.03903573785812706 0.04665609658273751
2678 -0.037376480012720405 0.04466413076758985
2679 -0.034675290648301486 0.04529801018456146
2680 -0.04453167282469206 -0.010308039522579611
2681 -0.004586534331606083 0.008572653931910361
2682 -0.007045946722176006 0.00821375911998238
2683 -0.02488345750498064 0.00996132265371065
2684 0.0277101806725745 0.00240927103794543
2685 -0.0002893335992859678 0.013550270772982941
2686 0.05476371696879224 0.006357113969154197
2687 0.06276357818931119 0.0031739711877211054
2688 -0.007667570771010175 0.01247358633721015
2689 -0.06947723446194445 0.01433023148801246
2690 -0.07101775268164354 0.01628069769065703
2691 -0.011397315063951327 0.03803254964055723
2692 0.034845967695525046 -0.03788411059808387
2693 0.07416882977603471 -0.014739119448028186
2694 0.07170941738547265 -0.015098014259956404
2695 0.014791494670905313 0.004874624195531032
2696 0.02684545411123203 -0.034696497338308686
2697 -0.04763979306890883 0.010991096563577846
2698 0.03892987370473015 -0.04645117087553361
2699 0.034566410489828336 -0.04515395003162489
2700 0.04204101606939576 -0.04353161441272188
2701 0.042841708635669946 -0.041115741349602844
2702 0.024061687793858786 -0.02422637670119714
2703 0.048953081821573395 -0.01406824035010093
2704 0.05049360004127319 -0.01601870655274091
2705 0.0514124942121381 -0.013709345538167338
2706 -0.10823329246689756 0.02172629096076187
2707 -0.03152516966055083 -0.04357859109705393
2708 0.024629144233174957 0.006310203443242514
2709 0.0759238090842698 0.016113464560481808
2710 -0.07582338151057709 -0.016001056742823778
2711 -0.07574938293687815 -0.013122216576530862
2712 -0.07362919108629383 -0.014854375131344216
2713 -0.06612428500723373 0.03439519171315479
2714 -0.03407239921360965 -0.013132287492084326
2715 0.05225644737269112 0.023380397822024078
2716 0.050695726366728866 0.02532725507065133
2717 -0.054990946435772424 -0.007483791553075907
2718 0.049871975992438214 -0.011758879335523699
2719 0.01568330503704609 0.02458218889090953
2720 0.018223968841853427 -0.027253527339635618
2721 0.0086565055968656 -0.004721714674710188
2722 0.010845731670145431 -0.028330211775424552
2723 0.011764625841013718 -0.026020850760847123
2724 0.04160192845464376 -0.03254312846672913
2725 0.04527750513810916 -0.02330568440841132
2726 -0.05193699380119688 0.0060134797224930935
2727 0.00433222105980605 0.007698872165044478
2728 0.014818578475667522 -0.01252357948530786
2729 0.0806281727768572 -0.015971796026817156
2730 0.029520885209567627 0.024426196747898966
2731 0.03198029760013048 0.024785091559826406
2732 0.033520815819825606 0.02283462535718076
2733 0.0344397099906933 0.02514398637175257
2734 0.041872114771908275 -0.008575736554087601
2735 -0.01409982996708499 -0.0036919407648289605
2736 -0.0048567206488739564 -0.015394737980735897
2737 0.04711529347984154 -0.018686962379249418
2738 0.012980790133929896 -0.017142301514463318
2739 -0.01688359628445054 0.006778179872270929
2740 -0.024207665846608082 -0.029094911925197413
2741 0.05935737000930034 0.017904188762990617
2742 -0.061477373241425645 0.01114708870657798
2743 -0.058666791996649384 -0.016718785075729558
2744 -0.061774643363454736 0.004577900474783479
2745 -0.07007177470600762 0.0011918550244259933
2746 -0.04272096828777824 0.01170888618743566
2747 0.02219681564737078 -0.011446895049517635
2748 -0.004735242248852657 -0.04999424665994917
2749 -0.056887955674270324 -0.027854783923065972
2750 0.04984489218766661 0.0056393243452972485
2751 0.006521447133095834 -0.015909624935672127
2752 -0.06515294992488244 0.001909644648284266
2753 0.020708339584797696 -0.044278271038546285
2754 0.036953289990775504 -0.009293526177946463
2755 0.03730548881338294 -0.03752596086587412
2756 0.06370955616495279 -0.01191487147852283
2757 -0.046677345597258335 -0.02149796512970381
2758 0.007088903572444742 0.014626955208750281
2759 0.02338589613553295 0.01482985787767958
2760 -0.03412076240283624 0.04763688207080614
2761 0.01300787393868163 -0.03454050519530419
2762 0.06797967309246673 0.01046094904336951
2763 0.011386104304746309 0.019604572049829423
2764 -0.046991085215254136 -0.010666934334508342
2765 0.027439994355294543 -0.02155812087468816
2766 0.030818300916732714 -0.01888986504818262
2767 -0.09069305180614746 0.013409539195234459
2768 0.05722312935935432 0.006716008781082807
2769 0.028953428770241076 -0.006110383396506798
2770 0.015764556451284207 -0.027612422151565105
2771 0.06800675689724353 -0.006937254637448057
2772 0.06368247236017568 0.005483332202294606
2773 -0.04328875183465629 -0.01882775606516824
2774 0.008899608109421885 0.03664388091872844
2775 0.006440195720862858 0.036284986106003045
2776 0.007359089892421308 0.038594347120304365
2777 0.04643950182146785 0.02036927219960139
2778 0.0615203300916459 0.011693625622157158
2779 -0.07347716507220502 0.015921802878729404
2780 -0.04269388448296271 -0.005689317493431601
2781 -0.01188101257223717 -0.044696531648096866
2782 -0.023342939285281188 0.00801085645106214
2783 -0.05220798704038505 -0.017948382564646925
2784 0.02403460398910647 -0.0068281730203646205
2785 -0.03653181160417221 -0.01349118230401289
2786 -0.07288262482814659 0.02906017934232683
2787 0.007642664955989258 -0.04833164505508426
2788 -0.019397176284495034 0.04121569242200257
2789 0.017575260988270804 -0.005595496441573033
2790 0.01603474276857025 -0.003645030238923417
2791 -0.020937672149923578 0.043166005436656094
2792 -0.11098997497950208 0.014798207917036527
2793 0.08308758516742093 -0.015612901214889688
2794 0.03325062950254058 -0.0011327665554227908
2795 0.01792669871982027 -0.03382271557144578
2796 0.08833077861239892 -0.025723610011615734
2797 0.09170907043677896 -0.023055871213548677
2798 0.007737611425997656 -0.0070310756892886525
2799 -0.010072815552038638 -0.022681715836393782
2800 -0.0076404869662531185 -0.004924617343620674
2801 -0.02026190284588316 0.0041099240457652675
2802 0.04898016562634836 -0.0314664440309351
2803 -0.047964146995680544 0.02182011201257885
2804 0.035980228210389056 0.023193520169107137
2805 -0.051288452801873524 -0.01564340776645358
2806 0.054439363041984996 0.01718612941816807
2807 0.023764417671826524 -0.0307955649330072
2808 -0.009802629234785195 0.0012856760762538651
2809 0.021872461720573118 -0.0006178796004885744
2810 0.03881816213727455 -0.022073007829622605
2811 -0.015640348186784198 -0.00174147456218063
2812 -0.03780214350664625 0.012426675811290876
2813 0.0031160567668962126 -0.0011796770813391675
2814 -0.0332076726522766 0.023973480884154897
2815 0.08645061004038158 0.004709651096438134
2816 0.1030876026420291 -0.023572968959191188
2817 -0.043045322214546836 0.022537901636437423
2818 0.009872669889769758 0.004156834571674768
2819 -0.03368124893730712 -0.042365304828239005
2820 -0.02615378940737073 0.03587918076898328
2821 0.1265799870988237 -0.02837372839541827
2822 -0.06855834029108185 0.016639592502585343
2823 0.01325097645120623 0.006825090398179967
2824 0.027088556623743595 0.006669098255169713
2825 -0.023991647138834865 0.029668887349101614
2826 -0.08672102715576513 0.029265886325388974
2827 -0.015343078064751006 0.004827713669622637
2828 0.029008155548695642 -0.04091062259676309
2829 0.025223684477268027 0.019448579906826594
2830 0.00471087540183812 -0.037926445752980355
2831 0.04249373882074155 -0.012835563771311306
2832 -0.031991508359377425 0.03285203013054446
2833 0.019683235647308683 0.022990617500190203
2834 0.06097893607204127 -0.03619761747735806
2835 0.06343173721043638 -0.03572775927093262
2836 0.031360126377667434 0.029040937019884184
2837 0.07531932953049308 0.011507078005928826
2838 -0.018748468430943955 0.019557661523947667
2839 -0.03812649743341216 0.023255691260295894
2840 -0.03623454148213866 -0.006921994072219946
2841 0.0049267613039140085 0.020837248628621907
2842 -0.03528856350650794 -0.02201083673844917
2843 0.042520822625510386 -0.030233767452150107
2844 0.04006141023494268 -0.030592662264078297
2845 -0.057450358826336784 -0.007842686365001858
2846 0.023088626013481914 0.008260669645889635
2847 0.06889668065781693 0.01277004416970741
2848 -0.005505428502474601 0.00626329291733348
2849 -0.058990877046053894 -0.005892220162337546
2850 0.02100773515922457 -0.037723647976748174
2851 0.10276233781467797 -0.012737997853557222
2852 -0.03839668375066964 -0.0007117006523530258
2853 -0.062369183607456476 -0.008560475988861513
2854 0.009223962036215892 0.025814865469702054
2855 -0.08239592046358914 0.01679558464559077
2856 -0.10423336185663487 0.02013471957004091
2857 0.010548461548112587 -0.03489940000723341
2858 0.04062886667424109 -5.608211963845712e-05
2859 0.004980928913395071 -0.013959158733022631
2860 0.016577310485536848 0.044243225912165965
2861 0.026548277184020655 -0.04126632420988387
2862 0.04065595047900753 -0.01745428580046583
2863 0.025575122208806925 -0.00877863922301119
2864 -0.017416823472360125 -0.04115344033965116
2865 0.06525007438465048 -0.01386533768116736
2866 -0.01866721701665247 -0.03263694951858336
2867 0.0033862430842145964 0.022787714831271545
2868 0.0070618197676852665 0.03202515888957753
2869 -0.02115371321196104 -0.015597640649662523
2870 0.06154741389642072 -0.005704578058656232
2871 0.10400629147625312 -0.02126235867475637
2872 -0.013829643649830005 0.02027545114780709
2873 -0.027613056212785744 -0.014364964070872642
2874 0.08092544289889038 -0.0094026077950227
2875 -0.02923400258765467 0.03977447159459711
2876 0.03843964060095151 0.023552414981034282
2877 -0.012234957820569043 -0.016471422416524027
2878 -0.03445092074994682 0.03249313531861503
2879 0.011791585315059855 -0.043418202435734
2880 -0.03220752706711634 -0.025911769143737974
2881 0.03049394698994122 -0.008060849599155566
2882 0.047141113567816376 -0.03608571009002932
2883 0.09016855221708027 -0.02110540501090242
2884 0.01784544730557543 0.018371895471040064
2885 0.07352012192242596 0.006918911450008868
2886 -0.10853056258893498 0.015157102728963315
2887 -0.08023377819505957 0.010585291225725834
2888 -0.012638280519340989 0.04653760938465951
2889 -0.03807232982386978 -0.011540716101367907
2890 -0.01847827838791473 0.04352502790525016
2891 -0.02669416204192045 -0.012055603056298048
2892 -0.05288297177681274 0.021102322388719643
2893 -0.0264510595294044 0.029309992537172553
2894 -0.05282882806335787 -0.01369392121909556
2895 -0.04853160343495158 -0.008716468131863954
2896 -0.001451330282683088 -0.030124685835060276
2897 -0.09347681812350508 0.023879659832322327
2898 -0.09193629990380918 0.021929193629676172
2899 0.054790800773566364 -0.011041089711664792
2900 0.012926622524445285 0.017654105847187823
2901 -0.005181074575686341 -0.004565722531693343
2902 0.009821364254436912 0.038933629575022735
2903 -0.030045384798591285 -0.03212206256359927
2904 0.06895273487288545 -0.022026097303678358
2905 -0.06728680415961114 -0.00927731448795299
2906 -0.060603217993049185 0.03084495060199071
2907 0.018142717427610963 0.024941083702837603
2908 -0.1088278327109725 0.00858791449715888
2909 -0.0925401512872587 0.03537760454473845
2910 0.01598057515908219 0.031151377122706953
2911 0.08279031504539282 -0.022182089446685517
2912 -0.06118010311938721 0.017716276938367824
2913 -0.06301789146112287 0.013097554909223897
2914 -0.08669312119588543 0.011817967804515054
2915 -0.0762338475847993 0.008993719835009005
2916 0.10830333312189912 -0.01628378031283586
2917 0.05665567292006064 -0.02382057136331809
2918 -0.008883735063918163 0.0035950370908307905
2919 -0.02636980811512352 -0.02288461850531153
2920 0.09324958865647845 -0.025006337416194874
2921 0.06522299057987391 0.003532865999646428
2922 0.0646555341405876 -0.02700371414475472
2923 -0.08328474192051574 -0.0029096741580163323
2924 0.034791147722240554 -0.003083232758071196
2925 -0.06766652992499216 0.03634715719798279
2926 0.026223830062395995 -0.03043667012107764
2927 -0.0002079359151152611 -0.03864422437160165
2928 0.04098030440580916 -0.028283301249499987
2929 0.016748373997001305 0.05265190502715792
2930 0.07846603050832701 -0.009761502606951708
2931 -0.05934231477765571 0.022334998967519063
2932 -0.10207121958810425 0.013924426150169826
2933 -0.014235807133693951 0.048341930851347116
2934 0.058196191139760586 -0.025771037565965584
2935 -0.08026058373724432 0.027983137750151425
2936 0.04341263299160791 -0.010526202756735
2937 0.08860095019261928 -0.0017567351274352478
2938 0.04338554918684046 0.006872000924087015
2939 -0.059059444358128134 0.02889573538952847
2940 0.10184389904152755 -0.01505047958972547
2941 0.025817572493698402 0.03258674589832726
2942 0.037805840266021365 0.03958718116116925
2943 0.06619605203547504 -0.028954178121524045
2944 0.08892530411941514 -0.012585750576459968
2945 0.08738478589971707 -0.010635284373812663
2946 0.07233104143430848 -0.019357841477174044
2947 0.07079052321460905 -0.017407375274529745
2948 -0.0664232818273229 0.027827502763536408
2949 0.06676350879957327 0.0015823997969932786
2950 0.012088979767814501 -0.03684986620988373
2951 -0.09899018314870844 0.010023493744873425
2952 -0.025234895236503067 0.03818854178356372
2953 -0.007586319356728499 -0.03972102470531073
2954 -0.028234680261618503 -0.01010513685365282
2955 0.041845030967142455 0.008822467126733295
2956 0.005899823084262484 -0.011649797718444916
2957 0.09384412752632112 -0.011867867402041366
2958 0.005521301548323459 0.033975625092095715
2959 0.003980783014527343 0.03592609143635657
2960 -0.10177394946607118 0.02049361438196812
2961 0.019358881103527653 0.033819614784386345
2962 -0.09665711842398911 0.0038853920011482773
2963 0.01425100750266482 -0.04305937476032855
2964 0.03938561857657091 0.00846357231480829
2965 -0.09961180719753938 0.014283320962097706
2966 -0.008532297332340625 -0.024632182039041318
2967 -0.01869430082139812 -0.015238745837735207
2968 -0.037477789579811 0.0015976603622264657
2969 -0.10577388007633465 0.02208518577268982
2970 -0.0248292898954307 -0.024835084707959414
2971 -0.009775545430005509 -0.01611252760459618
2972 0.07200668750750333 -0.008528826028163973
2973 -0.07901761390216051 0.01946384047209098
2974 -0.0780716359265303 0.004374997805860096
2975 0.0280862642647094 -0.04319944517809072
2976 -0.06977450458397653 0.007761043256220756
2977 0.006764549645649606 0.025455970657774385
2978 0.05630423518848934 0.004406647766509632
2979 0.07787149026426943 -0.02289987907053948
2980 -0.09315246419671165 0.013050644383306482
2981 -0.08393643868328704 0.018746050848237043
2982 0.06000689567672155 -0.0037541118560019083
2983 -0.06823398636427899 0.005810577053575693
2984 0.008359235474830537 -0.011290902906516144
2985 0.07327701940995263 -0.03444668414340441
2986 0.07481753762965342 -0.03639715034604505
2987 -0.07777436580449679 0.010944186037654461
2988 -0.01620780462608878 -0.0322780547066536
2989 0.053871906602701754 -0.013350450726236515
2990 0.028034534599374245 -0.00841974441108373
2991 0.035359368770925964 0.027450239285218017
2992 0.07046616928780543 -0.006578359825519103
2993 0.009278129645697988 -0.008981541891937969
2994 -0.003964910282774401 0.004312826714684453
2995 -0.06858548146533994 0.03403566621160589
2996 0.0123320822803378 0.004515729383602747
2997 -0.0691528805351437 0.003501216039001228
2998 -0.07993650807302627 0.017154479457518503
2999 -0.11253049319919861 0.016748674119685735
3000 0.02776434828209904 -0.032387136323728145
3001 -0.02677527624635189 0.040138067722933574
3002 0.03852089201524095 -0.028642196061428836
3003 0.014548392158383574 -0.03649097139795438
3004 0.013575330378002176 -0.004003925050852098
3005 -0.007964840893050613 0.005904398105407148
3006 -0.07780140323216903 0.028342330192402815
3007 -0.035612917433307426 -0.01118182128943953
3008 -0.046072191044389484 -0.008357573319934957
3009 0.06341228604291996 -0.018484059710312854
3010 -0.12053035441972042 0.019931816901132354
3011 -0.08915253358644952 0.011459072992587591
3012 0.05384482279792704 0.004047752954581395
3013 0.09784458779316685 -0.013457763056466914
3014 -0.020016914703012995 0.04545332399486424
3015 0.047980020041164785 0.01841880599695704
3016 -0.019343008675016333 0.006419285060341903
3017 -0.01374839223552009 -0.03191915989471957
3018 0.07357428413504859 -0.027877458927827545
3019 -0.07380151899900986 0.026750818327748564
3020 0.03876399452774814 0.012723399532025666
3021 -0.035991285630250267 0.03444255072641514
3022 0.08122271302092272 -0.002833419563222375
3023 0.07597907010471694 0.007276047445806946
3024 0.029619291567140365 -0.045098578081559836
3025 0.08214160719178752 -0.0005240585486452882
3026 0.04095322060104229 -0.010885097568664334
3027 0.09105994126444318 -0.0013981730816928029
3028 0.012656436207133965 -0.006313286065430525
3029 0.010197023816565884 -0.006672180877359553
3030 0.07938492467919234 -0.007452141592375769
3031 0.12124001550594674 -0.018885905167466084
3032 -0.07472041316987255 0.024441457313166708
3033 0.017223823256744108 0.022631722688262218
3034 0.017007804548952794 -0.036132076586024985
3035 0.03114265484353461 -0.029718880497217975
3036 0.00828674734643492 0.04084365563302397
3037 0.008332151670071595 0.006107300774324091
3038 0.03722347630805143 0.014673865734671287
3039 -0.1254491792008472 0.01921402727728315
3040 -0.1363545900495744 0.026340807262664637
3041 0.13636461047741744 -0.026402412165283128
3042 0.12000219925259584 -0.016620549633367846
3043 0.11076274551246451 -0.015924885500908696
3044 0.04862872789476941 -0.0032392249010742974
3045 -0.04515329687352477 -0.006048212305361386
3046 0.033602067234104506 -0.02935998568528885
3047 -0.006072884941775047 -0.02427328722711341
3048 -0.03936972003824276 0.031775170998968406
3049 -0.021548326834724817 0.04735582858425659
3050 0.004305137255082338 0.025097075845847236
3051 -0.0033432862339489 5.2999497458937716e-05
3052 0.03514258545380757 -0.031310451887938295
3053 -0.034694023262441774 -0.00887246027486558
3054 -0.04182912454945492 0.03141622219185507
3055 0.051385410407364496 0.0036888581426527504
3056 0.04614223169943561 0.013800083967809315
3057 0.03476406391748103 0.014314970922747808
3058 0.01854832276865576 -0.03808254278867648
3059 0.08059874581881184 0.0014245569834777493
3060 0.1095494354602768 -0.024809845473195175
3061 -0.028359587050275734 0.04211159768176896
3062 -0.008505213527601982 -0.04203038571990505
3063 -0.078693259975362 0.008634825023080023
3064 -0.046693815093222533 -0.0040977461027183176
3065 0.016304929085877426 0.020322361673686843
3066 -0.07072048255961622 0.022849885922455057
3067 -0.043369455166659784 0.03336540280357576
3068 -0.03128863289625072 -0.02360240812916626
3069 0.07660076657641803 0.003017669604569118
3070 0.09199332170246496 0.000909587370331679
3071 0.08276323124062177 -0.004783885765870022
3072 -0.01842411450414904 0.008728646074919386
3073 0.02865615864820851 -0.012679571628309976
3074 0.0713850634586691 -0.004268998810943964
3075 0.07076343940983422 -9.171593715959589e-06
3076 -0.04674797205050975 0.030698588261647276
3077 0.06984454523897142 -0.002318532608299368
3078 0.047061125870300424 0.01610944498238355
3079 -0.10053070136840606 0.011973959947521758
3080 -0.04829005295143933 0.03264813240368303
3081 0.025520945429835157 0.026017757689548775
3082 -0.0036134725512094196 -0.02391439241518516
3083 -0.0027216621851148893 -0.004206827719768623
3084 -0.018991570943433553 -0.021807934069531496
3085 0.0018457248639699808 0.024738181034168506
3086 0.027115640428508114 -0.010729105425659993
3087 -0.04577492092235791 -0.0017883850881404565
3088 -0.11344010572908654 0.01443438142477404
3089 0.08984419829028208 -0.010276389561885152
3090 -0.009748461625261285 -0.03351073128544324
3091 0.029277782697026956 -0.016939398845531688
3092 -0.09161194597701382 0.011100178180659295
3093 0.017629428597787523 -0.040391903803256565
3094 0.06279066199408834 -0.0142242324930949
3095 0.005872739279503176 0.00574840596239563
3096 0.030764133307213143 0.015906542313468587
3097 -0.08117938026381229 0.025673651406884452
3098 -0.07961215414622749 0.006325464008505897
3099 -0.05167643932933358 0.029985699458523994
3100 -0.04204523348563835 -0.02734684344755745
3101 -0.054153677651197094 0.029633022443143878
3102 -0.03223461087187915 -0.008513565462937776
3103 0.07111486857128743 -0.02823633199466019
3104 -0.0021000381362842333 -0.00846665493699382
3105 0.058466377457022205 -0.001803645653356839
3106 -0.017505220333282202 0.011038007089496772
3107 -0.016532158552868305 -0.021449039257601464
3108 -0.0026945783803416262 -0.021605031400609338
3109 0.1120100903243282 -0.024447786933857622
3110 0.05046651623649921 0.0013794971280784894
3111 -0.0006136875270459644 0.024379286222447925
3112 -0.08544987309822409 0.003298313370074072
3113 0.015386034915011082 0.018013000659113376
3114 -0.09593623051407131 0.02352076502039576
3115 0.03235881913643408 -0.020840331250831897
3116 0.01671034611004533 -0.042699974331484626
3117 0.04003432643017679 -0.013194458583241038
3118 0.02398042415364774 0.027968220409171424
3119 -0.00023516598977461667 -0.021246136588680204
3120 -0.028829220505687626 -0.02324351331723851
3121 -0.015045807942715574 0.011396901901425798
3122 0.0317371950876041 -0.01658050403360749
3123 -0.02885630431044993 -0.005845309636430883
3124 0.12607277901128922 -0.018098081704443682
3125 -0.014126913771847013 0.013706262916003825
3126 0.09230358887863202 -0.009917479123774112
3127 -0.0005595199165834714 -0.010417121139644584
3128 -0.029775198481316236 -0.00815467065100908
3129 0.03760199784437547 -0.030951557076008038
3130 0.11168163968333139 -0.013615524486332187
3131 -0.09253084014788102 0.008790817166082284
3132 -0.030396822530151444 -0.0038948434337874823
3133 0.03290045607929953 0.027091317413065114
3134 0.039115432259309996 -0.015503819597818796
3135 0.0013053522299208411 -0.023196602791327996
3136 -0.06055847907055856 0.01345644972114782
3137 0.11292590538924818 -0.022135476214417846
3138 0.04954762206563448 -0.0009298638864967906
3139 -0.09099032192818042 0.006840350963434374
3140 0.060331249603524775 -0.014583127305022751
3141 -0.009505359112748562 0.007854864308055423
3142 -0.10144254120502044 0.009665463697935587
3143 0.01754817718353576 0.011802707239247581
3144 0.018250321079688762 -0.044646717783398765
3145 -0.0011262887446629758 -0.040952816510885635
3146 0.01600765896383915 0.013753173441893633
3147 -0.08207156653679049 0.005966569196578192
3148 0.06282022234901663 -0.0316175425880693
3149 0.038196538088442616 -0.01781318061239715
3150 0.07751639784490882 0.005322829307844199
3151 -0.11742863973734134 0.01605146308908756
3152 0.11021418518492883 -0.011600686154583654
3153 -0.07009885851078115 0.018590058705230988
3154 0.03727764391757621 -0.020122541626974702
3155 0.019726966094754588 -0.04650733175244228
3156 -0.10390873397632383 0.009319899850346734
3157 -0.07163937673048071 0.02054052490787682
3158 0.030440177219381144 0.026734308914982213
3159 -0.08299046070765789 0.0036572081820030185
3160 -0.05318024189884957 0.014533134156926131
3161 0.017818368927181534 0.035770058255855774
3162 -0.07590949524481017 -0.0018353242723089293
3163 0.057871837212961505 -0.01494202211695117
3164 0.06773866847430787 -0.030902958983263146
3165 0.039142516064077267 -0.03290202327865706
3166 0.03481823152700764 -0.02048143643890391
3167 0.02335868264580009 0.03222801709039058
3168 0.07387155965400889 -0.021308307679820497
3169 0.03822374874171791 -0.035212253552914116
3170 0.02798036758181277 0.02637637992430933
3171 0.0963046393104591 -0.011505943299749962
3172 0.07692953604332928 0.009580501521510753
3173 0.03975531658088832 -0.03716679501814197
3174 -0.026964348359209023 -0.03602299496889941
3175 0.0652824986892396 -0.03125588834888667
3176 0.014467140744142425 0.015703639644543518
3177 -0.03288331872550862 0.013144465435136215
3178 0.055412424822398595 -0.015300916928878912
3179 0.005305282840180892 -0.024788174182052147
3180 -0.0183699468946229 -0.026067761286786895
3181 0.0012511846204067132 0.01159980457033755
3182 0.0006295605716130727 0.015859631787545694
3183 -0.004910888258478496 0.019401669380971064
3184 -0.0009109576481102323 0.017810097990198566
3185 0.03881554848478925 -0.039478246695626
3186 -0.017775406650535848 -0.012929384823159775
3187 0.04773691752867269 -0.02294678959647737
3188 0.006224177011053313 -0.0224788131674767
3189 -0.008856651259143446 -0.01380316659002058
3190 -0.00793775708828081 -0.011493805575427746
3191 -0.027585972408035675 -0.031763167751683766
3192 0.011143001792188847 -0.021761023543618266
3193 0.010224107621316094 -0.024070384558197853
3194 0.10030398197132531 -0.013097845195023262
3195 0.013602414182755576 -0.021402128731688667
3196 0.033223545697784476 0.016265437125392555
3197 0.05173684813893712 -0.02453836098718272
3198 -0.026667078237167706 -0.029453806737114202
3199 0.014521308353628304 -0.019092767717110076
3200 -0.08699039131791794 0.005248779572718955
3201 -0.01839703069937399 -0.00866955760593266
3202 -0.022396961309632278 -0.0070779862152125055
3203 0.10122870282063842 -0.010752816629935493
3204 -0.023288771675738847 -0.02678555091061963
3205 -0.021478067138771723 -0.004768625200628571
3206 0.0010080821078799226 -0.029765791023128048
3207 0.0019269762787470666 -0.02745643000854794
3208 0.020899376764708898 0.03186915443181233
3209 0.016980720744194877 -0.01873387290518104
3210 0.002845870449616181 -0.025147068993975397
3211 0.01944013313476233 -0.01837497809324984
3212 0.020359027305632924 -0.016065617078673305
3213 0.029223615087526675 0.017857008516113937
3214 -0.023018585358472093 -0.002818158997977992
3215 0.02281843969619895 -0.015706722266742523
3216 0.02373733386706716 -0.013397361252163929
3217 0.052953012431837566 -0.01565981174080695
3218 0.024656228037938578 -0.011088000237582864
3219 0.05573677874919956 -0.026129932377902128
3220 -0.019315924870235326 -0.010978918620511475
3221 -0.0021542057532287495 0.026329752428053167
3222 0.052034118260971034 -0.017969172755380933
3223 0.05481788457834026 -0.02843929339248597
3224 -0.024784683861713105 -0.042219164943477654
3225 0.026764202696963335 0.017498113704186677
3226 0.04957470587040605 -0.018328067567312395
3227 -0.0879092854887822 0.0029394185581433506
3228 0.025845308526093576 0.015188752689610967
3229 -0.08881186063843562 0.0006429466413016875
3230 0.024926414355224122 0.012879391675037285
3231 -0.09128759205021349 0.0002711627316397099
3232 -0.051639723679168435 0.012582667954280938
3233 0.02246700196466525 0.012520496863109163
3234 -0.05809906667999322 0.013815344533072713
3235 0.048655811699538344 -0.02063742858189298
3236 -0.02947792835929591 -0.0015854824192042764
3237 -0.055639654289423 0.014174239344999319
3238 0.05635840279803796 -0.03038975959512842
3239 0.049602357388073254 -0.03572428172707755
3240 -0.033477858969555 6.088971510672414e-06
3241 0.02154810779379425 0.010211135848535363
3242 -0.035018377189254365 0.0019565551741599803
3243 0.0030618887849525227 0.0336167304497898
3244 0.051149824023768525 -0.03761710223821785
3245 -0.00882956745438545 -0.031201370270851146
3246 -0.049180311288602716 0.012941562766207906
3247 0.01908869540322345 0.009852241036606686
3248 -0.03564000123810449 0.006216382391415479
3249 -0.0596125010949066 -0.0016323929451031397
3250 -0.046720898898038266 0.01330045757813508
3251 -0.034423836945201944 0.015094931637776865
3252 -0.0442614865074709 0.0136593523900659
3253 -0.04180207411690599 0.014018247201993024
3254 -0.03409948301839666 0.004265916188760517
3255 -0.03934266172633871 0.014377142013922657
3256 -0.03688324933577263 0.014736036825849421
3257 0.05544047119831536 -0.03269836035126914
3258 0.012007728353574349 0.015344744832626198
3259 0.0529824040404628 -0.03305523458356992
3260 0.011088834182698716 0.013035383818044843
3261 0.008629421792138041 0.012676489006121505
3262 -0.030423906334941533 0.013503360247062121
3263 -0.026045454188341352 -0.03371363395434021
3264 0.006170009401571973 0.012317594194193026
3265 -0.029505012164066122 0.015812721261635097
3266 -0.04977485153264257 -0.00019681369741713622
3267 0.003710597010996187 0.011958699382262487
3268 -0.052855887972050625 0.0037041187078932472
3269 -0.05377478214289875 0.0013947576933015968
3270 -0.02704559977350529 0.01617161607356629
3271 0.05052234790302154 -0.033414221303825126
3272 -0.026126705602630536 0.018480977088141805
3273 -0.023667293212071797 0.018839871900070845
3274 -0.022748399041194817 0.021149232914649544
3275 -0.020288986650634874 0.02150812772657535
3276 -0.017829574260070064 0.021867022538503082
3277 -0.005856866623688192 0.034490512224279346
3278 -0.025422699392269002 -0.03797226970856779
3279 -0.07128562362469261 -0.007689939331101292
3280 -0.015370161869502207 0.022225917350435616
3281 -0.003370370038699282 0.017451203178262792
3282 -0.012910749479015899 0.022584812162412524
3283 -0.011072961138373624 0.027203534192076113
3284 -0.011991855308481087 0.02489417317714674
3285 -0.010154066969992642 0.02951289520779277
3286 -0.006775760530911111 0.03218115108992887
3287 -0.009235172819500169 0.03182225623163279
3288 -0.07528830544630602 -0.006106460382539797
3289 -0.07682852080535676 -0.0041476359181932335
3290 -0.0064785153866204915 0.038750319629076935
3291 0.0006024761426386195 0.03325783575282073
3292 -0.007397388858118346 0.03644097507741338
3293 -0.023878153451144624 -0.039922547411143705
3294 -0.004019110878570516 0.039109212836919115
3295 0.005820026978585498 0.040534806998494696
3296 0.006737465840980641 0.04285417433803616
3297 -0.0037232307883755655 0.04567066148029848
3298 0.0024402602515785983 0.03787655972576339
3299 0.004899913919022484 0.03823378742109214
3300 -0.003100237868699016 0.041418582165314057
3301 -0.0046420300519641935 0.04336692219899347
3302 0.004278150492303243 0.04249367298958706
3303 -0.0012570273010993442 0.04603371913210026
3304 -0.002727250007398663 0.04793359184900442
3305 0.018787890741018547 0.05136071133261886
3306 0.005114339562308062 0.04483714400102116
3307 -0.0948758958500199 0.03242615916990893
3308 0.0006251000790385541 0.05060955894482737
3309 -0.002352865620021998 -0.0552184027397395
3310 0.1391960039635639 -0.023272581886868614
3311 -0.13919981783564875 0.02328241012139192
3312 0.10934029315774244 -0.007340708430132008
3313 -0.06584884409662115 0.04095610385525596
3314 0.0129790834936091 0.051509683774927734
3315 -0.06515920547729318 -0.02262106797264167
3316 -0.12149984411004536 0.017627980739022935
3317 -0.1327318191863914 0.024529754121984555
3318 0.035250218985705704 0.03828309240629676
3319 0.009906081389061348 -0.052626984880384184
3320 0.04627320319673491 -0.04503999156849093
3321 -0.0016069534162046607 -0.052538612078621705
3322 -0.026421193617578997 0.04659592101395027
3323 0.05199822912444475 -0.04167168048704699
3324 0.11763176563955158 -0.027955858586950655
3325 0.07808992818247179 -0.03378469520735955
3326 0.002325824979955803 0.05520121483707003
3327 0.12172474782669453 -0.029352141911512274
3328 -0.06919779970990902 0.03824070837697601
3329 0.023851425583223895 0.045255325645304406
3330 -0.05817516520627052 0.031206416138600375
3331 0.07221895633973582 0.01532601622894916
3332 0.0341669686922686 -0.047696051763536654
3333 0.06671681891060191 0.019031869174087633
3334 -0.0001150310356898352 0.05473489635469826
3335 -0.09734193276216538 0.03441514624612292
3336 0.01489081800289887 0.04594691662378043
3337 -0.06674749085186682 0.03862870429144877
3338 0.10058381625238218 -0.006479190046480573
3339 -0.08632907513584763 -0.009491046686098318
3340 0.049331931983335256 -0.04219090797984057
3341 0.012400788321205093 -0.05217494561774834
3342 -0.03761419231983009 -0.039671562401329186
3343 0.03343633828893005 0.04023460428297117
3344 0.11194190088571551 -0.031169223914007352
3345 0.0069627479534173885 0.04942033974957909
3346 0.04040780455416372 -0.04149524837196489
3347 0.09744543343785103 -0.0027555388427284518
3348 0.11928515440924559 -0.02981616483895658
3349 0.08052892630590666 -0.033354460925794
3350 0.11582189809418854 -0.008788484130756457
3351 -0.12854847403869918 0.016659725799222973
3352 -0.10477940078811732 0.0069695563172519764
3353 -0.061904419041683076 0.039536486649772
3354 -0.06094269984045771 0.04213211327750176
3355 -0.030348353853594884 0.044038836036955395
3356 -0.0009214304106716141 0.052424739574047446
3357 -0.02556697853196821 -0.0446694608379247
3358 -0.09493573809348116 -0.004315997421890316
3359 -0.09957490207009295 0.03123321106976819
3360 0.0650488735531902 0.020969207918551065
3361 0.1437346249366823 -0.025342387379029774
3362 -0.1437346249366823 0.025342387379029774
3363 0.09260641816213173 0.0032892469690468822
3364 -0.07076542138285154 0.040035212542015294
3365 -0.06324433689505678 -0.024012965092724086
3366 0.013729197014497915 -0.0496686850619055
3367 0.05275570137309403 -0.039460585667009496
3368 -0.04622002763629675 -0.03227275982307651
3369 0.05050697415937139 0.031825262526025085
3370 0.12028170649595268 -0.013986921458194766
3371 0.12252294676533394 -0.02708900405201051
3372 -0.08009580464500304 -0.013506469352887605
3373 0.08364587718814859 -0.035421021513620345
3374 0.06111378866524634 -0.04205214527611092
3375 0.009101409363309713 0.04311022754848557
3376 -0.0017606632322838922 0.05017218057677056
3377 -0.03227014821328609 0.04580856259970349
3378 0.046356838058515676 0.03448013665832547
3379 -0.07314904602951146 0.0395542657136365
3380 -0.07139564987900515 -0.014165026256753472
3381 -0.006996832421956456 0.04942613884377549
3382 -0.10242331883264243 0.033751076892919174
3383 -0.10308544059424787 0.0050602813144354115
3384 -0.1179079711445229 0.009802337274702764
3385 -0.11187104371491569 0.006042904777295042
3386 0.05519115394994541 -0.03910394567420834
3387 -0.05886648592083246 0.03553662778453229
3388 0.017348706524565636 -0.05126314364825796
3389 0.01659523261475228 0.05040424894349489
3390 -0.1330312513101722 0.02185373221999714
3391 0.00833376177866248 0.04746740214292991
3392 0.12494383133653503 -0.026654358246405288
3393 -0.058607025911431465 0.04247824802973316
3394 -0.06929361929095626 -0.02011936312333386
3395 0.06181219964687344 -0.0398346451646661
3396 -0.05906405593188915 -0.026657690235556468
3397 -0.004328471140082937 0.04975972932203376
3398 -0.03513611228490506 0.04305713428917688
3399 -0.07397856205683254 0.037370287386895996
3400 0.12427103585465715 -0.016447472915148392
3401 0.1370037526787402 -0.024227899812286444
3402 -0.13686197379147338 0.024224733585409358
3403 -0.008393752858351661 0.05123168904910484
3404 -0.10446559082346227 0.03044774822150076
3405 0.05665666717366875 0.028079342378175724
3406 0.08783027969448909 -0.036828550223737114
3407 0.01600619966029246 0.04822020597224165
3408 0.056691373770346984 -0.04089037117633855
3409 0.035530879730607125 0.033761886573034014
3410 0.07588098929702336 0.01378592791286318
3411 0.019913508633705477 -0.05064674995852057
3412 0.1274103643176672 -0.026228412281436617
3413 -0.014387076700031665 -0.05155908324751436
3414 -0.05062840699717652 -0.026447040491532483
3415 0.08180026758979098 0.01007728316382089
3416 -0.008251477665180935 -0.05240426165068085
3417 -0.054580483660346735 -0.024431038782417886
3418 -0.07644576592526697 0.03689737654979662
3419 -0.11818906830256928 0.013749949103466094
3420 -0.03719653616023327 0.04237344956520369
3421 0.02745972629486288 0.04375806323372089
3422 -0.02936345855416117 -0.04277558694500833
3423 -0.01235462776847845 0.052450567910552096
3424 -0.08867100370704337 -0.005841988833640576
3425 0.058336912364889776 -0.042680073408718294
3426 -0.09495944833804743 -0.0021785290545178328
3427 -0.10731691369211345 0.032811369198200595
3428 0.08959696920268775 -0.033725729162312465
3429 0.011617108938775378 0.04327755416954508
3430 -0.08771432352380824 0.03309182903114577
3431 0.13514477333287284 -0.02285187093075615
3432 -0.0206913860728613 -0.04792646147406374
3433 0.1298388218588653 -0.025793297359689833
3434 0.0417743477353329 0.03230248280164891
3435 -0.11993624941845497 0.01602125724624013
3436 0.021172171509072368 -0.04823174301925233
3437 -0.009933724582095654 0.0528936091788122
3438 -0.00024131065108061193 -0.050703246966049144
3439 0.0735803704459161 -0.039730094716618064
3440 0.13070821860195664 -0.01757678700722836
3441 0.10701939475952535 -0.00806699276271845
3442 0.007449161990548424 0.04518271796429688
3443 -0.04043311388717967 -0.035616529559861554
3444 -0.11487421083631796 0.026992259952946518
3445 -0.07807623490152632 -0.012631787607699032
3446 0.03412028253976773 0.04227923353421847
3447 -0.07886969389875677 0.03646758944938837
3448 0.1011351816207518 -0.004241729434738079
3449 -0.03997053640353366 0.04476403880752311
3450 0.06253396735576171 -0.037753587313671996
3451 -0.10938075277707751 0.02968526762748085
3452 0.09262527208140134 -0.035932602131168036
3453 -0.015732322864815577 0.05009711999505481
3454 0.13233369116913532 -0.02541338845110543
3455 0.05925071209382839 0.02415343069728968
3456 0.023683622254864825 -0.04775112188521024
3457 -0.0438905123682263 -0.03610979549619094
3458 -0.017305642417240367 -0.04739754544561641
3459 0.07188118599081433 0.019076200842354903
3460 -0.1003704343232416 0.0015912405575564028
3461 -0.03525664930932891 -0.0390035297926406
3462 0.08447679424438524 0.00607111873401179
3463 0.11863383034894417 -0.012823943753273347
3464 -0.01329848309082872 0.05041419221319158
3465 -0.06139489917720696 -0.02316790657184784
3466 0.048653311480381184 0.031017521092653894
3467 0.07684800049915799 -0.03649096314585442
3468 -0.020138041972450293 0.05092496439191845
3469 -0.0814215433926875 0.035909014921240864
3470 -0.12644841609792712 0.017455233977195273
3471 -0.071995216622167 -0.016161645419640363
3472 -0.08456993101352026 -0.011241211418557362
3473 -0.04683314644243869 -0.034384210279015275
3474 -0.04203900614380254 0.0416303727196259
3475 0.014979786309076926 0.05158698293634362
3476 0.06512651703361963 -0.0373870989158943
3477 0.11360267124602029 -0.009567246504416003
3478 0.06782274017299515 -0.03712911282850048
3479 -0.08388973324795213 0.03532780364492567
3480 -0.11220988403715482 0.032011669860097756
3481 0.09446711200493246 -0.03288095507599734
3482 0.09717449502317395 0.0009014117302391499
3483 0.031185455055674948 0.04402629554044229
3484 0.06578259918062017 0.02280672550463224
3485 0.02697366409743366 -0.049688528808862424
3486 -0.01103577838635068 -0.05289189888294955
3487 0.09093237507629633 0.004729370100584224
3488 -0.13142626587704315 0.020730076793968624
3489 0.03377259247236723 0.03604415381949938
3490 -0.023715231090207435 -0.046115140375569186
3491 -0.10983640634039855 0.006861470949214403
3492 -0.044793105466973994 0.043869014584805105
3493 -0.1182895882076433 0.026452418666930228
3494 -0.005682507355389379 -0.05194600840631614
3495 0.06936515168386502 -0.03898215268393398
3496 -0.0035041471007945697 -0.051530067603803
3497 0.09750195459353347 -0.03501398537746264
3498 -0.11434864849670681 0.03127999827646184
3499 -0.016905731691615133 0.05173939836316867
3500 0.003113023756029576 -0.04868280012687748
3501 0.13470652943990935 -0.024923969009610775
3502 -0.09167265491588802 -0.001616567366795963
3503 -0.05068083144439238 -0.02980960464697486
3504 0.028673661853026684 -0.046618725865789426
3505 -0.10365946375786399 0.0031381584092799774
3506 -0.1348201001219393 0.025064138202866168
3507 0.053738869772850965 0.027666970737285065
3508 -0.08441093223839495 0.03342865821858747
3509 -9.725413655292336e-05 -0.04892327709767598
3510 -0.11634514104888868 0.008260226192206394
3511 -0.06706980336237796 -0.019379870375637077
3512 -0.04711148885614001 0.04089047096790316
3513 -0.028239064165621212 0.04699726552756562
3514 0.12224838129234118 -0.01717622257129059
3515 0.08036299406426013 0.011531168418451797
3516 0.09930293688019554 -0.0027298092374683156
3517 0.06278883040917187 0.02453209640652446
3518 -0.012915563301858486 -0.05290232980257453
3519 0.07408452762042309 0.015331984077926079
3520 -0.020591307432073644 0.04907656346834356
3521 0.030717347446427058 -0.04663078029938526
3522 -0.08865073239799678 0.034740908115719796
3523 0.007049409354464952 -0.050274185229262865
3524 0.10556366447885678 -0.006588735123679005
3525 0.08528399549224033 -0.03446492540303427
3526 0.02340403381672939 0.049291061992912916
3527 0.09918182493475039 -0.03223704477285819
3528 0.07031627266485932 -0.040567866304758796
3529 -0.04941253116862932 0.040351813103219725
3530 0.13349078757785912 -0.021727804839649235
3531 0.08804359924827211 0.006371876996781678
3532 -0.02760754066305508 -0.04436132285265164
3533 -0.022935146699935037 0.04858858016711378
3534 -0.033947537749099074 -0.04043677168980804
3535 0.025698982053662164 0.04520107649702711
3536 0.03284837763246656 -0.04643094212600846
3537 -0.05262980597978845 -0.02366407028739423
3538 -0.09096537954309242 0.03437798537897857
3539 -0.08689998915715787 -0.007348615328291559
3540 -0.11943876956559082 0.03051875870667735
3541 0.07366718959788586 -0.037962204667541175
3542 0.0038409771275413453 -0.05016579273862956
3543 -0.09704367107535064 0.0020592916255368215
3544 0.12910513672152946 -0.01598030639376663
3545 0.011896523639789195 0.05315632247784154
3546 0.03978624700821515 0.031537078493582664
*
TOPO
265 46 3152 2432 1653
266 46 2711 1886 1889
267 46 2275 2274 1879
268 46 2699 1610 1609
269 46 2353 2345 2071
270 46 2365 2349 1842
271 46 3396 2145 308
272 46 3322 2071 2345
273 46 2158 307 92
274 46 2909 349 2231
275 46 3396 2645 2145
276 46 3378 2132 305
277 46 3336 2156 1322
278 46 3467 3325 1860
279 46 3307 2231 349
280 46 2134 211 210
281 46 2365 321 2349
282 46 3316 1773 2323
283 46 2711 1885 1886
284 46 3336 2124 2156
285 46 3419 313 2150
286 46 2302 1628 2301
287 46 3349 3325 2288
288 46 3349 2288 2287
289 46 2174 151 150
290 46 3377 3355 2355
291 46 3377 1776 3355
292 46 2303 1628 2302
293 46 2173 2100 348
294 46 3335 3307 349
295 46 2299 2298 1844
296 46 2134 266 211
297 46 3359 295 2420
298 46 3335 2099 3307
299 46 3382 2420 295
300 46 3467 2288 3325
301 46 2698 2137 310
302 46 2119 362 1282
303 46 2162 70 69
304 46 2163 198 197
305 46 3315 2097 274
306 46 2349 321 2117
307 46 2143 287 2104
308 46 3039 2323 1773
309 46 3384 2150 313
310 46 2174 348 2100
311 46 3152 2093 2432
312 46 2300 1844 2298
313 46 3378 2378 2132
314 46 2141 120 119
315 46 2159 338 226
316 46 2300 43 42
317 46 361 67 301
318 46 2110 195 302
319 46 2185 326 2116
320 46 2698 2138 2137
321 46 2304 1751 1627
322 46 2142 2104 287
323 46 2158 92 91
324 46 3333 2524 2550
325 46 2152 7 6
326 46 2151 135 134
327 46 2141 314 120
328 46 2699 2137 1610
329 46 2699 1609 1754
330 46 2639 2550 2524
331 46 3523 344 2102
332 46 3387 2303 1874
333 46 2366 2365 1842
334 46 2161 254 253
335 46 3319 2102 344
336 46 3436 2136 3411
337 46 3436 3411 304
338 46 2119 361 362
339 46 2112 2111 2110
340 46 3435 3419 3151
341 46 2274 2273 1879
342 46 2325 2114 289
343 46 3366 2067 3341
344 46 3366 3341 263
345 46 2400 200 199
346 46 2698 2578 2138
347 46 3329 2143 1880
348 46 3406 292 2131
349 46 2152 359 7
350 46 2151 360 135
351 46 3462 2275 1879
352 46 2186 2116 326
353 46 3428 2131 292
354 46 3387 2304 2303
355 46 3435 2320 3419
356 46 3355 1846 2355
357 46 361 357 68
358 46 2110 358 196
359 46 3335 295 2099
360 46 3312 1653 2432
361 46 2301 1626 1844
362 46 3343 2414 3318
363 46 2330 2329 2170
364 46 3349 2287 2233
365 46 2127 2126 300
366 46 3359 2099 295
367 46 3489 3318 2414
368 46 3513 2355 1846
369 46 2162 317 70
370 46 2163 318 198
371 46 3511 274 2097
372 46 2159 226 225
373 46 3373 2233 2287
374 46 2908 2343 1619
375 46 1 260 5
376 46 3 132 133
377 46 2399 2398 1850
378 46 2749 2607 2645
379 46 2174 150 348
380 46 2174 296 151
381 46 3319 2067 2102
382 46 3404 347 2452
383 46 2350 2117 321
384 46 3427 2452 347
385 46 2169 149 148
386 46 2400 1850 2398
387 46 3429 2157 3375
388 46 3341 2067 3319
389 46 361 68 67
390 46 2110 196 195
391 46 3416 2111 2112
392 46 362 361 301
393 46 2112 2110 302
394 46 2699 310 2137
395 46 3489 1370 3409
396 46 2143 2104 1880
397 46 3429 2156 2157
398 46 3124 2155 320
399 46 2301 1628 1626
400 46 3455 307 2158
401 46 2329 290 2170
402 46 3507 2118 3405
403 46 3507 3405 269
404 46 2161 323 254
405 46 3489 3409 2397
406 46 3352 1619 2343
407 46 2120 2119 1282
408 46 3442 3296 3375
409 46 2367 2168 315
410 46 3370 3042 2333
411 46 3432 2399 1905
412 46 2300 42 275
413 46 2300 2298 43
414 46 2330 334 2329
415 46 357 2 68
416 46 358 4 196
417 46 2169 300 2126
418 46 3344 147 146
419 46 3354 327 3353
420 46 2307 1751 2304
421 46 3458 1905 2399
422 46 3420 2678 1629
423 46 2700 2138 2578
424 46 2163 197 358
425 46 2162 69 357
426 46 3449 1629 2678
427 46 3398 2679 2678
428 46 3316 2323 2321
429 46 3420 3398 2678
430 46 3425 168 3374
431 46 2350 13 12
432 46 3417 2645 2607
433 46 3438 1468 3321
434 46 2643 2604 306
435 46 3496 3321 1468
436 46 3485 268 2096
437 46 2304 1627 1628
438 46 3445 2711 1889
439 46 3504 2096 268
440 46 3503 1682 2606
441 46 3414 2606 1682
442 46 3329 339 2143
443 46 3507 2653 2094
444 46 3452 350 2422
445 46 3390 3317 2284
446 46 2400 2398 200
447 46 2400 199 318
448 46 2615 2175 1616
449 46 3481 2422 350
450 46 3457 266 2133
451 46 3342 2134 210
452 46 3395 2090 3374
453 46 3357 2626 342
454 46 2653 2074 2094
455 46 2659 2394 2378
456 46 3347 2327 2076
457 46 3503 2604 2643
458 46 3395 1872 2090
459 46 3377 2679 1776
460 46 3483 262 2415
461 46 3407 2125 2124
462 46 3331 337 2639
463 46 3443 2133 266
464 46 3172 2061 2267
465 46 3482 289 2114
466 46 3362 2152 6
467 46 3361 2151 134
468 46 2172 145 316
469 46 3451 299 2106
470 46 2173 1709 1617
471 46 3398 1776 2679
472 46 3382 347 2420
473 46 3442 3375 2157
474 46 3498 2106 3480
475 46 2169 348 149
476 46 2169 148 300
477 46 2712 1885 2711
478 46 3480 2106 299
479 46 3407 2124 3336
480 46 3498 2168 2106
481 46 2301 1844 2300
482 46 3388 2136 2135
483 46 2149 298 2147
484 46 3354 3353 2305
485 46 3351 2161 253
486 46 3404 2420 347
487 46 3544 320 2155
488 46 3430 1664 2348
489 46 3444 2168 2367
490 46 3363 2114 2325
491 46 2351 351 2144
492 46 2153 2147 298
493 46 3502 1849 2316
494 46 3446 79 2416
495 46 3315 2053 2097
496 46 3411 2136 3388
497 46 3426 2316 1849
498 46 2315 2171 330
499 46 3333 2550 273
500 46 3344 146 2172
501 46 2396 1264 2395
502 46 3338 1576 2030
503 46 3489 2397 3318
504 46 3471 338 2159
505 46 2352 2144 351
506 46 3419 2320 313
507 46 3483 2416 79
508 46 3320 2167 272
509 46 3421 2415 262
510 46 3490 3357 342
511 46 3482 2076 2327
512 46 2701 1836 1473
513 46 3366 263 2135
514 46 2173 348 2169
515 46 3340 2309 3323
516 46 3527 296 2174
517 46 2351 1642 1640
518 46 3172 2267 2837
519 46 3479 3469 2285
520 46 3393 3354 2305
521 46 3406 2131 332
522 46 3478 1805 3476
523 46 3425 3374 2090
524 46 3397 3381 2042
525 46 3350 2141 119
526 46 3456 3436 304
527 46 3474 2577 2083
528 46 3527 2174 2175
529 46 3508 2348 1664
530 46 2172 316 2165
531 46 3383 2028 3352
532 46 2350 12 351
533 46 2350 321 13
534 46 3388 2135 263
535 46 3492 2083 2577
536 46 3460 334 2330
537 46 3460 2081 2381
538 46 3486 3416 2583
539 46 2172 146 145
540 46 3456 304 2357
541 46 3459 2639 337
542 46 3490 2564 2525
543 46 3464 3453 2933
544 46 3203 1455 2339
545 46 3457 2139 213
546 46 3384 2149 2150
547 46 2186 1889 1890
548 46 2186 1890 2116
549 46 3473 213 2139
550 46 2305 1874 2303
551 46 3393 2305 2302
552 46 2700 272 2167
553 46 3339 2185 2109
554 46 3320 2160 2167
555 46 2615 2089 2175
556 46 2175 2100 1616
557 46 3346 2138 2700
558 46 3434 2378 2394
559 46 3507 269 2653
560 46 3497 296 2164
561 46 3437 60 3423
562 46 3472 326 2185
563 46 3478 3476 2370
564 46 3468 2140 57
565 46 3495 3478 2370
566 46 3460 2381 334
567 46 3479 2054 3469
568 46 3370 2078 3042
569 46 3495 2370 282
570 46 3444 2367 1687
571 46 3311 359 2152
572 46 3310 360 2151
573 46 2173 1617 2100
574 46 3344 2127 300
575 46 3390 2086 3317
576 46 3432 2525 2564
577 46 3403 3381 2446
578 46 3514 2333 3042
579 46 2173 2126 1709
580 46 3343 3318 311
581 46 2176 324 2154
582 46 3305 2142 287
583 46 2700 2578 272
584 46 3499 57 2140
585 46 3493 1687 2367
586 46 3545 3314 317
587 46 3346 2700 2701
588 46 3523 2385 344
589 46 3443 266 2134
590 46 3525 332 2131
591 46 3344 300 147
592 46 3464 264 3453
593 46 3403 2446 343
594 46 2701 1473 1474
595 46 3527 2164 296
596 46 3466 305 2132
597 46 3101 1924 2308
598 46 2367 315 2366
599 46 2119 357 361
600 46 2111 358 2110
601 46 2351 2144 1642
602 46 3338 2030 2339
603 46 3439 2146 163
604 46 3360 2057 3333
605 46 2351 1640 2117
606 46 2701 2167 1836
607 46 3545 317 2162
608 46 3510 2149 3384
609 46 3503 2643 1682
610 46 3352 2343 2342
611 46 363 362 301
612 46 2113 2112 302
613 46 3486 2111 3416
614 46 3203 2339 2030
615 46 2339 1455 1621
616 46 3494 1630 3416
617 46 3424 2171 2315
618 46 2121 2120 1282
619 46 3340 3323 1853
620 46 3330 2307 1818
621 46 2352 11 10
622 46 3353 1874 2305
623 46 3500 1440 2295
624 46 3320 336 2160
625 46 3427 299 2452
626 46 3317 2144 2352
627 46 3317 2352 353
628 46 3353 327 2166
629 46 3472 2185 3339
630 46 3467 1860 2986
631 46 3512 2306 2299
632 46 2819 2707 2046
633 46 3348 3324 316
634 46 2175 2174 2100
635 46 3397 2446 3381
636 46 3451 2452 299
637 46 3313 2166 327
638 46 3459 2550 2639
639 46 3383 3352 2342
640 46 3337 3328 2925
641 46 3330 2308 2307
642 46 3101 2308 878
643 46 3529 3512 2299
644 46 3386 1584 3367
645 46 3437 3423 2098
646 46 3324 2165 316
647 46 2308 1924 1751
648 46 3338 1643 1576
649 46 2339 1621 2338
650 46 2396 2392 2393
651 46 2396 2395 2392
652 46 3340 2160 336
653 46 3334 3326 65
654 46 2316 330 2171
655 46 2301 2300 275
656 46 3379 3364 35
657 46 2712 2710 338
658 46 2712 2711 2710
659 46 2304 1628 2303
660 46 2305 2303 2302
661 46 3546 2395 1264
662 46 3428 292 2422
663 46 2352 351 11
664 46 2352 10 353
665 46 3368 2643 306
666 46 3521 3504 268
667 46 3348 2055 3324
668 46 3332 310 2699
669 46 3491 2343 2908
670 46 3463 314 2141
671 46 3452 2422 292
672 46 3340 336 2309
673 46 3529 2299 1844
674 46 2173 2169 2126
675 46 3521 268 2356
676 46 2397 2396 2393
677 46 2351 2350 351
678 46 2162 357 2119
679 46 2163 358 2111
680 46 364 362 363
681 46 3417 2607 2608
682 46 2122 2120 2121
683 46 3360 3333 273
684 46 3494 3416 2112
685 46 2351 2117 2350
686 46 3449 2577 1629
687 46 2302 2301 275
688 46 3361 131 2151
689 46 3362 259 2152
690 46 3309 2113 302
691 46 3509 2295 1440
692 46 3386 3367 2538
693 46 3440 2154 324
694 46 3474 1629 2577
695 46 3337 281 3328
696 46 3405 2158 91
697 46 2701 2700 2167
698 46 3414 1284 2608
699 46 1282 362 364
700 46 365 364 363
701 46 3334 2049 3326
702 46 2123 2122 2121
703 46 3528 163 2146
704 46 2308 1751 2307
705 46 3465 308 2145
706 46 366 364 365
707 46 2049 365 363
708 46 2124 2122 2123
709 46 367 366 365
710 46 2125 2122 2124
711 46 2156 2124 2123
712 46 368 366 367
713 46 2157 2156 2123
714 46 666 366 368
715 46 369 368 367
716 46 370 368 369
717 46 1421 369 367
718 46 371 370 369
719 46 372 370 371
720 46 373 372 371
721 46 3302 372 553
722 46 3302 370 372
723 46 374 372 373
724 46 961 373 371
725 46 3301 3297 2041
726 46 553 372 374
727 46 375 374 373
728 46 3298 374 376
729 46 376 374 375
730 46 3299 3298 2959
731 46 3298 553 374
732 46 377 376 375
733 46 378 376 377
734 46 3249 1726 1655
735 46 3279 960 2676
736 46 3288 1888 1887
737 46 2221 2179 1168
738 46 3266 1893 2200
739 46 2849 2190 1004
740 46 2507 2192 558
741 46 2184 2108 2109
742 46 2849 2189 2190
743 46 2849 1726 2189
744 46 2185 2184 2109
745 46 2507 2191 2192
746 46 2507 1707 2191
747 46 2853 2190 2198
748 46 2853 1004 2190
749 46 2575 1489 2198
750 46 2853 2198 1489
751 46 2905 2575 2625
752 46 2905 1489 2575
753 46 2905 2625 1883
754 46 3087 2180 2201
755 46 3221 384 386
756 46 3249 2189 1726
757 46 2201 2180 1894
758 46 2221 1892 2179
759 46 2203 2181 1022
760 46 2193 382 384
761 46 3183 390 392
762 46 3242 2456 2968
763 46 3087 2201 1293
764 46 2222 1168 2179
765 46 2203 1894 2180
766 46 2202 388 390
767 46 3236 2569 2571
768 46 2194 441 2182
769 46 3111 633 2187
770 46 3221 2193 384
771 46 2221 2108 2184
772 46 3183 2202 390
773 46 3266 2200 1486
774 46 2193 2182 441
775 46 2660 558 2192
776 46 2193 441 382
777 46 3279 2676 1887
778 46 3288 1887 2676
779 46 2660 2197 1082
780 46 3291 378 380
781 46 3293 1908 2199
782 46 3204 2740 1490
783 46 2208 1305 1304
784 46 3180 2437 1901
785 46 3254 2456 3242
786 46 2660 531 543
787 46 2202 2187 633
788 46 2202 633 388
789 46 2968 2456 2205
790 46 3292 3290 2453
791 46 3204 1926 2740
792 46 2455 1022 2181
793 46 2207 1658 2206
794 46 3224 2082 1908
795 46 2221 2184 1892
796 46 2203 1898 2181
797 46 3245 3090 981
798 46 2215 1901 1900
799 46 3236 2571 1501
800 46 2194 1895 1897
801 46 2455 2205 475
802 46 3201 1823 2383
803 46 2601 2213 1067
804 46 2601 2214 2213
805 46 3017 1025 2210
806 46 3281 3184 2188
807 46 3197 1393 2225
808 46 2209 1658 2207
809 46 3180 1901 2215
810 46 2194 2182 1895
811 46 2203 2180 1898
812 46 2455 473 486
813 46 2619 1911 1770
814 46 3180 2208 2437
815 46 1137 376 378
816 46 2238 970 987
817 46 2238 987 2199
818 46 379 378 377
819 46 3017 2210 2209
820 46 2244 2195 1881
821 46 2239 2199 987
822 46 2208 1658 1305
823 46 2211 1881 2195
824 46 2619 2618 1911
825 46 2660 2192 2197
826 46 2238 969 970
827 46 3249 1655 2191
828 46 3201 2383 1391
829 46 3097 1916 1503
830 46 2864 2234 969
831 46 3006 1909 2216
832 46 2401 1916 2224
833 46 2864 969 2238
834 46 2236 1673 1992
835 46 3263 1009 1008
836 46 2234 871 969
837 46 3254 1033 3248
838 46 3197 2225 1812
839 46 3267 3181 497
840 46 2234 873 871
841 46 2209 1723 1494
842 46 2675 2203 1022
843 46 3183 392 395
844 46 2234 2204 873
845 46 3181 1912 2685
846 46 2675 1894 2203
847 46 3182 923 2685
848 46 2208 2206 1658
849 46 2456 475 2205
850 46 3006 2935 1909
851 46 3184 923 3182
852 46 3006 2216 1660
853 46 3221 386 633
854 46 2235 873 2204
855 46 2272 2271 2246
856 46 2912 2226 2217
857 46 3198 2740 1926
858 46 3127 452 438
859 46 2912 1766 2226
860 46 3097 2224 1916
861 46 2455 2181 2205
862 46 2401 2224 1031
863 46 3247 900 860
864 46 3268 1082 2197
865 46 2437 2208 1304
866 46 2660 543 558
867 46 2271 1804 1492
868 46 2245 1902 2244
869 46 2242 485 452
870 46 2660 1082 531
871 46 2209 1494 1658
872 46 2912 2217 1127
873 46 3214 1065 1067
874 46 2598 1127 2217
875 46 2736 2257 1108
876 46 3214 1067 2213
877 46 2237 2236 1822
878 46 2961 2272 2246
879 46 2224 2218 1031
880 46 3182 2685 1912
881 46 2736 2212 2257
882 46 3251 2588 1963
883 46 3269 3268 2197
884 46 3083 2497 2494
885 46 2736 498 2212
886 46 2239 988 1009
887 46 3161 2476 2961
888 46 2242 2212 498
889 46 2222 1123 1168
890 46 3127 2242 452
891 46 2222 958 1123
892 46 2619 1770 1724
893 46 3176 1392 3146
894 46 2244 1902 2195
895 46 2242 498 485
896 46 2560 2236 1992
897 46 2389 1732 2223
898 46 3266 2201 1893
899 46 3279 2625 960
900 46 2389 2223 1525
901 46 2358 1179 1030
902 46 2560 2241 1497
903 46 2410 2232 1237
904 46 3221 633 3111
905 46 2359 2227 1661
906 46 3146 1392 1134
907 46 3206 982 2562
908 46 2359 1661 1289
909 46 2923 2108 2221
910 46 2560 1197 1288
911 46 2455 486 1022
912 46 3291 1137 378
913 46 3143 1134 900
914 46 2239 987 988
915 46 2245 2244 1324
916 46 2455 475 473
917 46 2923 2221 1168
918 46 3051 2496 2498
919 46 3083 1744 2497
920 46 2931 1127 2598
921 46 3146 1134 3143
922 46 3249 2191 1707
923 46 2631 1632 2248
924 46 2631 2248 2249
925 46 2410 2233 2232
926 46 3090 2210 1025
927 46 3066 1741 2251
928 46 3268 2726 1082
929 46 2741 2248 1632
930 46 2618 2492 1911
931 46 2741 1632 1710
932 46 3236 2601 2569
933 46 3288 1891 1888
934 46 2741 1710 2472
935 46 2449 2219 1848
936 46 2434 1914 1913
937 46 3240 2571 2570
938 46 2271 1492 1902
939 46 2982 2603 2870
940 46 3204 1490 2215
941 46 2210 1723 2209
942 46 2243 807 811
943 46 3066 2251 1342
944 46 2259 1670 1672
945 46 3051 1510 2496
946 46 3245 2210 3090
947 46 3062 2460 2953
948 46 2559 2472 1710
949 46 3242 3240 2570
950 46 2896 1911 2492
951 46 2796 1913 2258
952 46 2896 2492 982
953 46 2796 2434 1913
954 46 2462 801 803
955 46 2272 1804 2271
956 46 2245 1324 1506
957 46 2256 2062 1703
958 46 3114 2519 1750
959 46 3237 3160 1968
960 46 2358 1031 2218
961 46 2949 2667 2921
962 46 2796 2258 964
963 46 2237 1673 2236
964 46 2449 1270 2313
965 46 2449 2313 2219
966 46 3019 1660 2216
967 46 3198 1926 1554
968 46 3187 1810 2220
969 46 3243 2194 1897
970 46 2259 1672 2240
971 46 3198 1919 2740
972 46 3017 2209 2207
973 46 2259 2240 559
974 46 2390 2389 1859
975 46 2835 2331 1261
976 46 2359 1289 1790
977 46 2597 1727 2228
978 46 2418 2262 1915
979 46 2904 927 929
980 46 2389 1525 1859
981 46 2953 2460 809
982 46 2360 2359 1790
983 46 3032 2251 3019
984 46 2418 1178 2262
985 46 2579 817 819
986 46 2461 809 2460
987 46 3201 1822 1823
988 46 2598 2228 1727
989 46 3097 1503 1909
990 46 2401 1693 2276
991 46 2781 2235 2204
992 46 2519 2223 1732
993 46 2931 2598 1727
994 46 2589 519 529
995 46 2244 1881 1589
996 46 2401 2276 1916
997 46 3205 1985 3202
998 46 2781 2404 2235
999 46 2244 1589 1324
1000 46 2826 1664 2229
1001 46 2580 2579 2290
1002 46 2586 2472 2559
1003 46 2433 1237 2232
1004 46 2358 1030 1031
1005 46 3062 2953 2243
1006 46 3196 3096 2504
1007 46 3197 1810 1393
1008 46 2892 1044 2597
1009 46 2835 1805 2331
1010 46 3293 3224 1908
1011 46 3097 1909 2935
1012 46 2358 1427 1179
1013 46 3161 2961 2246
1014 46 2688 2672 1085
1015 46 2979 2247 2666
1016 46 2266 101 280
1017 46 3145 2502 2927
1018 46 2311 2247 1502
1019 46 3168 1676 1505
1020 46 2911 1720 2311
1021 46 2268 2264 933
1022 46 2892 2597 2228
1023 46 2268 933 1760
1024 46 3139 1581 2402
1025 46 2560 1992 2241
1026 46 3032 3019 2216
1027 46 3171 2031 1736
1028 46 3105 1755 2982
1029 46 2589 559 2240
1030 46 2434 2433 2065
1031 46 3204 2215 1900
1032 46 2433 2232 2065
1033 46 3118 2260 736
1034 46 2371 691 693
1035 46 2920 2485 2797
1036 46 2274 284 105
1037 46 2982 1661 2227
1038 46 3080 2255 868
1039 46 2560 1288 2236
1040 46 3190 1497 2241
1041 46 2282 127 324
1042 46 2283 255 323
1043 46 3223 1220 3219
1044 46 2964 742 2427
1045 46 2243 811 873
1046 46 2979 1502 2247
1047 46 2434 2065 1914
1048 46 2560 1497 1197
1049 46 2949 2360 1790
1050 46 3104 604 2497
1051 46 2994 1771 2629
1052 46 2892 2252 1044
1053 46 3141 3005 2682
1054 46 2558 853 2388
1055 46 3122 1131 3091
1056 46 3020 2426 2427
1057 46 2596 1044 2252
1058 46 3127 438 604
1059 46 3281 923 3184
1060 46 2418 2256 1703
1061 46 2911 2311 1502
1062 46 2279 2278 1920
1063 46 2559 2388 853
1064 46 2826 1427 2358
1065 46 3086 2254 3073
1066 46 2275 284 2274
1067 46 2589 2263 1690
1068 46 3201 2237 1822
1069 46 2267 2266 280
1070 46 2981 2276 1693
1071 46 3101 3099 1924
1072 46 2462 803 809
1073 46 3044 1690 2263
1074 46 3057 3038 710
1075 46 2322 319 251
1076 46 2826 2229 1427
1077 46 3122 3091 2766
1078 46 2979 2666 1505
1079 46 380 378 379
1080 46 2285 285 31
1081 46 2286 286 159
1082 46 3073 2254 2253
1083 46 622 379 377
1084 46 2982 1755 2603
1085 46 2727 2291 497
1086 46 2982 2870 1661
1087 46 2727 497 406
1088 46 3099 2255 1924
1089 46 3187 2470 1810
1090 46 3083 2494 2496
1091 46 2904 2265 1119
1092 46 3066 2580 2290
1093 46 3118 736 727
1094 46 3190 2241 3189
1095 46 3198 3191 1919
1096 46 2312 2311 1720
1097 46 3005 2848 2682
1098 46 2558 2386 1303
1099 46 3127 604 3104
1100 46 2953 807 2243
1101 46 3206 2896 982
1102 46 3038 2426 3020
1103 46 325 103 102
1104 46 326 231 230
1105 46 2266 102 101
1106 46 2558 2388 2386
1107 46 3100 2447 1138
1108 46 2418 1915 2256
1109 46 2949 2261 1517
1110 46 3057 2426 3038
1111 46 2946 1119 2265
1112 46 2927 801 2462
1113 46 3051 2498 2629
1114 46 3114 2223 2519
1115 46 2949 2921 2360
1116 46 2803 863 2596
1117 46 2271 1902 2245
1118 46 2572 1686 1685
1119 46 3032 1342 2251
1120 46 2540 2296 1680
1121 46 2323 2322 2321
1122 46 2447 2262 1178
1123 46 2290 823 2270
1124 46 2284 356 2283
1125 46 3077 1547 3075
1126 46 3235 755 3187
1127 46 2803 2596 2252
1128 46 2340 2328 2337
1129 46 3077 3075 2261
1130 46 2540 1697 2296
1131 46 3136 2226 1766
1132 46 2579 1731 817
1133 46 2387 1303 2386
1134 46 2797 964 2258
1135 46 2655 1549 1511
1136 46 3105 2259 1755
1137 46 2586 2559 853
1138 46 2994 1772 1771
1139 46 2949 1517 2667
1140 46 2457 2310 1189
1141 46 2457 2289 2097
1142 46 2371 1016 691
1143 46 3067 2509 1112
1144 46 3267 1912 3181
1145 46 2435 2268 1760
1146 46 2904 1119 927
1147 46 3066 2290 1741
1148 46 2961 2476 732
1149 46 3141 2682 2672
1150 46 2589 529 559
1151 46 2682 1085 2672
1152 46 2287 286 2286
1153 46 2454 2270 823
1154 46 2579 819 823
1155 46 2266 325 102
1156 46 3091 1131 2253
1157 46 2469 1303 2387
1158 46 2274 105 104
1159 46 3005 1772 2848
1160 46 2457 2051 2310
1161 46 2582 863 2269
1162 46 2370 2369 2368
1163 46 2981 1693 2489
1164 46 3145 2927 2462
1165 46 2322 251 250
1166 46 3104 2497 1744
1167 46 2671 1052 2547
1168 46 3115 1811 2766
1169 46 2243 873 2235
1170 46 3020 2427 742
1171 46 2371 2280 1016
1172 46 3103 2268 2435
1173 46 2589 1690 519
1174 46 3166 3115 1255
1175 46 2285 31 30
1176 46 2286 159 158
1177 46 3139 2402 2009
1178 46 2994 2848 1772
1179 46 2803 2269 863
1180 46 3073 2253 1131
1181 46 2246 2245 1506
1182 46 2323 319 2322
1183 46 3205 3202 2383
1184 46 3137 1270 1160
1185 46 2443 2312 1720
1186 46 2340 113 112
1187 46 2920 2797 2258
1188 46 2904 929 933
1189 46 3269 2200 3268
1190 46 3240 1501 2571
1191 46 3059 1562 2403
1192 46 2671 2547 1799
1193 46 3137 2313 1270
1194 46 2340 294 113
1195 46 3120 2919 1021
1196 46 3190 1498 1497
1197 46 3126 1934 2464
1198 46 2572 1016 2280
1199 46 3271 1097 3239
1200 46 2292 193 192
1201 46 3202 1391 2383
1202 46 2315 234 283
1203 46 2314 106 284
1204 46 2964 2955 742
1205 46 2285 30 331
1206 46 2286 158 332
1207 46 3095 409 411
1208 46 3051 2629 1771
1209 46 2282 128 127
1210 46 2283 256 255
1211 46 2688 2671 2672
1212 46 2479 495 534
1213 46 2655 1920 2278
1214 46 2541 2296 1697
1215 46 3044 2620 1690
1216 46 2332 320 123
1217 46 3099 868 2255
1218 46 2817 1034 2582
1219 46 2282 355 128
1220 46 2283 356 256
1221 46 2443 917 650
1222 46 3181 2685 401
1223 46 3170 3081 720
1224 46 2904 933 2264
1225 46 3075 1517 2261
1226 46 3080 868 3076
1227 46 2430 271 46
1228 46 3197 2220 1810
1229 46 3150 1767 2022
1230 46 335 45 44
1231 46 336 173 172
1232 46 2938 2281 2371
1233 46 3269 1486 2200
1234 46 2964 2281 2955
1235 46 2327 333 2326
1236 46 2910 732 2476
1237 46 2325 289 109
1238 46 2636 2037 2374
1239 46 3103 2435 1512
1240 46 3209 3199 1984
1241 46 2817 2582 2269
1242 46 3083 2496 1510
1243 46 2910 2476 2475
1244 46 3153 2822 1731
1245 46 2757 2541 1523
1246 46 2540 1680 1689
1247 46 2336 2334 294
1248 46 2458 1189 2310
1249 46 2342 2341 293
1250 46 2519 912 1750
1251 46 2329 334 239
1252 46 2314 107 106
1253 46 2315 235 234
1254 46 2960 912 2520
1255 46 2353 303 55
1256 46 2326 333 111
1257 46 2642 1038 2428
1258 46 3080 2632 2255
1259 46 3105 1670 2259
1260 46 3188 1543 1214
1261 46 3067 2508 2509
1262 46 2457 2097 2051
1263 46 2322 250 2319
1264 46 2804 1728 2733
1265 46 2955 2281 2938
1266 46 3168 1505 2666
1267 46 3021 2512 848
1268 46 3088 2441 2148
1269 46 3021 2513 2512
1270 46 2349 2117 1624
1271 46 2334 114 294
1272 46 2341 242 293
1273 46 3245 981 2619
1274 46 324 127 126
1275 46 323 255 254
1276 46 3059 2403 1995
1277 46 2319 250 249
1278 46 2552 810 2502
1279 46 2332 122 2318
1280 46 3009 2637 2002
1281 46 2462 809 2461
1282 46 2572 2280 1686
1283 46 2727 406 409
1284 46 2340 2337 294
1285 46 2585 1034 2297
1286 46 2839 861 2585
1287 46 2318 122 121
1288 46 2948 2454 1116
1289 46 2806 2388 2559
1290 46 2709 100 99
1291 46 2710 228 227
1292 46 2642 2428 1922
1293 46 2325 109 108
1294 46 2797 2485 2483
1295 46 2656 2005 2324
1296 46 2960 850 912
1297 46 3247 3143 900
1298 46 3193 2518 3192
1299 46 2376 1864 1591
1300 46 3074 1920 1547
1301 46 2817 2297 1034
1302 46 2370 2368 282
1303 46 285 32 31
1304 46 286 160 159
1305 46 2655 1511 1920
1306 46 2491 2490 1687
1307 46 2826 1663 1664
1308 46 2598 2217 1970
1309 46 2806 2559 1710
1310 46 2479 488 495
1311 46 2938 2371 693
1312 46 2636 2374 2372
1313 46 3266 1293 2201
1314 46 2858 2572 1938
1315 46 2636 2372 1256
1316 46 2744 1929 2344
1317 46 2274 104 2273
1318 46 2429 1647 1864
1319 46 2484 651 669
1320 46 3196 714 3096
1321 46 2743 974 2458
1322 46 3223 3219 2225
1323 46 2572 1685 1938
1324 46 2329 239 238
1325 46 2964 2427 1778
1326 46 331 30 29
1327 46 332 158 157
1328 46 2326 111 110
1329 46 2491 1404 1174
1330 46 2655 2324 2005
1331 46 2477 974 2361
1332 46 2757 2296 2541
1333 46 2273 103 325
1334 46 2744 2344 2507
1335 46 2443 1720 917
1336 46 2336 2335 2334
1337 46 3080 3076 2509
1338 46 3188 3179 2346
1339 46 3122 2766 1811
1340 46 355 129 128
1341 46 356 257 256
1342 46 2385 2384 344
1343 46 2384 190 344
1344 46 2299 335 2298
1345 46 2655 2005 1549
1346 46 2598 1970 2228
1347 46 2477 876 974
1348 46 3100 2262 2447
1349 46 2407 2375 1949
1350 46 2478 482 488
1351 46 2484 653 651
1352 46 2372 2363 1256
1353 46 2334 115 114
1354 46 2341 243 242
1355 46 2368 166 165
1356 46 2927 2502 810
1357 46 267 53 52
1358 46 268 181 180
1359 46 3190 3189 2257
1360 46 2347 28 291
1361 46 2804 2733 2732
1362 46 2708 1518 2530
1363 46 2309 336 172
1364 46 2298 335 44
1365 46 2381 293 241
1366 46 2960 2520 1931
1367 46 3162 958 2222
1368 46 2424 2423 1778
1369 46 2970 1925 1926
1370 46 2450 1256 2363
1371 46 2883 2483 2484
1372 46 2723 2517 2518
1373 46 2406 1940 1941
1374 46 2839 2585 2297
1375 46 2743 2361 974
1376 46 2409 1237 1012
1377 46 2589 2240 2263
1378 46 2947 589 925
1379 46 280 101 100
1380 46 279 229 228
1381 46 3000 2650 2465
1382 46 3279 1883 2625
1383 46 2479 2478 488
1384 46 2970 2919 1925
1385 46 2347 331 29
1386 46 2427 2424 1778
1387 46 3030 2656 2324
1388 46 2684 1243 2531
1389 46 3138 1298 3044
1390 46 2549 2073 2442
1391 46 2985 1423 1425
1392 46 304 184 183
1393 46 303 56 55
1394 46 2417 1371 1370
1395 46 3148 1261 2331
1396 46 2477 858 876
1397 46 2744 2507 558
1398 46 2858 1938 2479
1399 46 3088 1277 2441
1400 46 2411 1483 1877
1401 46 2474 661 659
1402 46 2430 46 45
1403 46 2593 2485 1507
1404 46 3107 1304 545
1405 46 3125 1052 444
1406 46 3208 736 3167
1407 46 2743 2458 2310
1408 46 2469 697 707
1409 46 313 249 248
1410 46 314 121 120
1411 46 3263 3174 1009
1412 46 2379 1877 1458
1413 46 2406 1949 2375
1414 46 3186 573 1673
1415 46 3167 736 2260
1416 46 3254 3242 2570
1417 46 3009 1545 2637
1418 46 2332 123 122
1419 46 2442 2377 1408
1420 46 2429 2177 1652
1421 46 2368 328 166
1422 46 2765 2622 1980
1423 46 2532 745 743
1424 46 2997 2745 1326
1425 46 2410 2409 1688
1426 46 3030 1768 2656
1427 46 3148 1164 1261
1428 46 2436 1069 1066
1429 46 2723 791 2517
1430 46 2651 861 2380
1431 46 2423 1704 1778
1432 46 2752 1300 1537
1433 46 2752 2405 1326
1434 46 2630 408 405
1435 46 2319 249 313
1436 46 2491 1687 1404
1437 46 2368 165 282
1438 46 3076 1112 2509
1439 46 2765 790 2622
1440 46 2773 1523 2541
1441 46 2343 341 2341
1442 46 281 37 36
1443 46 282 165 164
1444 46 2474 659 676
1445 46 2773 2662 2591
1446 46 2752 2344 1929
1447 46 2996 2818 1998
1448 46 2985 1860 1423
1449 46 2369 328 2368
1450 46 2408 1580 1306
1451 46 2429 1652 1647
1452 46 2520 1716 1931
1453 46 3171 3013 2031
1454 46 2432 297 2431
1455 46 3048 2512 2511
1456 46 2406 1941 1949
1457 46 2318 121 314
1458 46 2381 241 240
1459 46 2419 1882 1715
1460 46 3077 3074 1547
1461 46 2491 1174 1143
1462 46 2413 2412 1593
1463 46 3219 1812 2225
1464 46 2144 2086 1642
1465 46 2376 1591 1434
1466 46 2443 650 647
1467 46 2997 1326 2405
1468 46 2846 2708 1927
1469 46 2579 823 2290
1470 46 2353 54 2345
1471 46 2417 1382 1371
1472 46 2409 1012 1014
1473 46 3000 2465 782
1474 46 2436 1072 2382
1475 46 2948 2270 2454
1476 46 2349 1624 1622
1477 46 321 14 13
1478 46 322 142 141
1479 46 2924 479 482
1480 46 2826 2218 1663
1481 46 3067 1112 3054
1482 46 2431 297 117
1483 46 2520 912 2519
1484 46 2345 54 53
1485 46 2321 2319 2320
1486 46 2442 2073 2377
1487 46 2616 743 429
1488 46 2628 1099 2498
1489 46 2421 2088 1605
1490 46 319 252 251
1491 46 320 124 123
1492 46 2347 29 28
1493 46 2824 1927 2708
1494 46 3254 3248 2456
1495 46 2846 1927 1928
1496 46 2570 2568 2566
1497 46 2357 304 183
1498 46 2629 2498 1099
1499 46 2436 1066 1072
1500 46 2410 1237 2409
1501 46 2586 906 2471
1502 46 2412 1384 1593
1503 46 2628 410 1099
1504 46 2401 1031 1029
1505 46 2484 2482 653
1506 46 2454 821 824
1507 46 2871 2428 1038
1508 46 2464 1177 2017
1509 46 2593 2481 2485
1510 46 2684 2531 2528
1511 46 2824 2708 2531
1512 46 2766 1980 2622
1513 46 2448 1189 1188
1514 46 2320 2319 313
1515 46 2898 2897 2468
1516 46 1458 1453 1452
1517 46 2532 2530 1518
1518 46 2781 1449 2404
1519 46 2839 2380 861
1520 46 2404 1449 1447
1521 46 2616 2532 743
1522 46 1842 1622 1603
1523 46 2482 665 653
1524 46 381 380 379
1525 46 2333 2332 2318
1526 46 2464 1402 1177
1527 46 3188 2346 1543
1528 46 2883 2797 2483
1529 46 2548 965 1178
1530 46 2981 2855 2277
1531 46 2846 862 1518
1532 46 301 67 66
1533 46 2348 331 2347
1534 46 2438 1943 1945
1535 46 2981 2277 2276
1536 46 2924 482 2478
1537 46 2445 277 2444
1538 46 302 195 194
1539 46 2725 753 756
1540 46 2444 277 63
1541 46 2830 810 2552
1542 46 2510 1691 1470
1543 46 2847 1841 2638
1544 46 2384 191 190
1545 46 2894 680 858
1546 46 2898 2468 2474
1547 46 2273 104 103
1548 46 2172 2165 2129
1549 46 2469 707 1303
1550 46 2511 1691 2510
1551 46 3095 2727 409
1552 46 2457 2448 2289
1553 46 2271 2245 2246
1554 46 1877 1483 1458
1555 46 3118 1936 2260
1556 46 2811 1069 2436
1557 46 2718 2703 2705
1558 46 2969 992 2856
1559 46 2713 1224 1223
1560 46 2447 921 896
1561 46 2553 1338 1334
1562 46 1229 1228 1227
1563 46 2117 1640 1624
1564 46 2522 262 77
1565 46 2177 2176 1652
1566 46 2522 77 76
1567 46 1452 1229 1420
1568 46 2995 2713 2925
1569 46 2614 1361 1363
1570 46 2055 1847 1848
1571 46 265 84 83
1572 46 266 212 211
1573 46 2994 2629 2630
1574 46 2691 1832 2453
1575 46 2960 1931 2856
1576 46 2894 858 2477
1577 46 3120 1925 2919
1578 46 2847 1729 1841
1579 46 3214 1072 1065
1580 46 2349 1622 1842
1581 46 3054 3048 2511
1582 46 1847 1434 1399
1583 46 2694 584 589
1584 46 2691 2453 1719
1585 46 2773 2541 2662
1586 46 2694 586 584
1587 46 2504 2503 2425
1588 46 2468 1750 2467
1589 46 327 39 38
1590 46 328 167 166
1591 46 2500 1704 2423
1592 46 2548 1178 2418
1593 46 2355 267 2354
1594 46 2328 333 2327
1595 46 2353 55 54
1596 46 2486 160 286
1597 46 2454 823 821
1598 46 2842 2635 2546
1599 46 2497 604 2493
1600 46 2969 2856 1931
1601 46 1612 1448 1449
1602 46 2620 508 511
1603 46 3289 3162 2222
1604 46 2981 2489 630
1605 46 2779 2690 1529
1606 46 2858 2479 534
1607 46 2995 2925 1866
1608 46 2532 1518 745
1609 46 2408 1940 2406
1610 46 2630 405 407
1611 46 2718 2705 1045
1612 46 2427 2426 2424
1613 46 1225 1118 1224
1614 46 2451 2059 1482
1615 46 2553 1334 1024
1616 46 2146 2080 2070
1617 46 2354 267 52
1618 46 2467 1750 849
1619 46 3237 533 3160
1620 46 2343 2341 2342
1621 46 2948 1116 1118
1622 46 3186 1673 2237
1623 46 2356 268 180
1624 46 1449 1448 1447
1625 46 2439 2438 1945
1626 46 1227 1225 1224
1627 46 2457 1189 2448
1628 46 2586 2471 2472
1629 46 2415 2196 2412
1630 46 2337 2336 294
1631 46 2488 1588 2091
1632 46 2842 1527 2635
1633 46 2568 2567 2566
1634 46 2340 112 333
1635 46 2469 699 697
1636 46 2626 205 204
1637 46 2447 1178 921
1638 46 2408 2406 1580
1639 46 2779 2561 2690
1640 46 2365 15 14
1641 46 2632 1602 1668
1642 46 2446 2445 2444
1643 46 2463 1441 1684
1644 46 2602 139 138
1645 46 1000 999 963
1646 46 2716 2440 2094
1647 46 3126 2957 1934
1648 46 1483 1459 1458
1649 46 1031 1030 1029
1650 46 2616 429 430
1651 46 2433 1000 1237
1652 46 2450 2363 1932
1653 46 1622 1405 1603
1654 46 2947 2694 589
1655 46 2481 2480 683
1656 46 2489 631 630
1657 46 1864 1647 1591
1658 46 2571 2569 2568
1659 46 3292 622 3290
1660 46 2514 1975 2450
1661 46 2376 1434 1847
1662 46 1453 1229 1452
1663 46 2567 1081 1059
1664 46 2488 1461 1588
1665 46 2709 99 337
1666 46 2710 227 338
1667 46 345 34 33
1668 46 346 162 161
1669 46 2546 626 644
1670 46 2379 1458 1452
1671 46 2778 2471 906
1672 46 2520 1732 1716
1673 46 2514 2450 1932
1674 46 1228 1225 1227
1675 46 2523 2057 1700
1676 46 3175 1113 3148
1677 46 2630 1099 408
1678 46 2782 2664 2610
1679 46 2448 1188 1286
1680 46 2563 1935 2562
1681 46 3056 699 2469
1682 46 2080 1514 2070
1683 46 963 962 919
1684 46 2460 1666 2459
1685 46 2949 1790 2261
1686 46 2500 1245 1043
1687 46 1613 1612 1449
1688 46 2811 1071 1069
1689 46 2770 791 780
1690 46 2458 973 1149
1691 46 3060 1175 2642
1692 46 2379 1452 1865
1693 46 2513 1465 1467
1694 46 2770 2517 791
1695 46 2628 412 410
1696 46 2725 755 753
1697 46 2663 2533 2534
1698 46 2626 261 205
1699 46 2830 2552 2553
1700 46 1688 1230 1422
1701 46 1603 1405 1404
1702 46 2754 2612 2613
1703 46 2458 1149 1189
1704 46 2614 2003 1361
1705 46 2335 340 2334
1706 46 2752 1537 2344
1707 46 1837 1612 1613
1708 46 3019 2251 1695
1709 46 2535 1989 1129
1710 46 2567 1059 465
1711 46 2503 1387 2425
1712 46 1459 1453 1458
1713 46 2620 511 1690
1714 46 2657 934 930
1715 46 2106 2060 2059
1716 46 2549 2442 1147
1717 46 2804 2732 712
1718 46 2709 280 100
1719 46 2710 279 228
1720 46 2450 1136 1256
1721 46 1434 1273 1399
1722 46 1029 1028 1027
1723 46 2702 2595 1976
1724 46 2480 684 683
1725 46 2563 792 1302
1726 46 2506 594 1021
1727 46 2814 2594 2651
1728 46 2474 2467 661
1729 46 2066 2064 2065
1730 46 2728 1129 916
1731 46 1448 1446 1447
1732 46 2404 1447 1666
1733 46 2516 1298 688
1734 46 2433 999 1000
1735 46 2654 2617 656
1736 46 2505 897 740
1737 46 2476 1694 2475
1738 46 2893 2825 889
1739 46 2447 896 1138
1740 46 2754 2613 1555
1741 46 2752 1929 2405
1742 46 2415 2412 2413
1743 46 2493 604 428
1744 46 2411 1485 1483
1745 46 2632 1668 2255
1746 46 2450 1975 1136
1747 46 2824 2531 1243
1748 46 2615 1616 1411
1749 46 2675 1022 491
1750 46 2470 1088 1090
1751 46 2459 1666 1445
1752 46 1270 1269 1160
1753 46 2515 1959 1966
1754 46 2814 2651 2380
1755 46 2728 2535 1129
1756 46 2131 2064 2066
1757 46 2732 713 712
1758 46 2871 1038 875
1759 46 1589 1323 1324
1760 46 2883 2484 669
1761 46 2499 1758 949
1762 46 2431 117 116
1763 46 2438 1949 1943
1764 46 2430 45 335
1765 46 2623 1975 2514
1766 46 2505 1107 897
1767 46 2419 1715 1717
1768 46 3107 2437 1304
1769 46 2702 770 2595
1770 46 2492 802 800
1771 46 2293 2292 278
1772 46 2486 286 2288
1773 46 1224 1118 1223
1774 46 2623 1308 1056
1775 46 2738 1989 2535
1776 46 2338 2336 2337
1777 46 2623 2514 1308
1778 46 3052 785 3046
1779 46 2527 453 535
1780 46 2825 2408 1306
1781 46 919 918 917
1782 46 1399 1273 1271
1783 46 2526 1955 1967
1784 46 2625 2624 960
1785 46 1850 1837 1838
1786 46 2064 2063 1914
1787 46 1404 1276 1174
1788 46 2487 2046 1820
1789 46 2539 1972 413
1790 46 2786 1229 1453
1791 46 2568 1081 2567
1792 46 2752 1326 1300
1793 46 2910 2475 2505
1794 46 2777 2663 2534
1795 46 2782 1202 2664
1796 46 2411 2054 1485
1797 46 2523 1700 1400
1798 46 2605 270 217
1799 46 2538 2537 276
1800 46 2618 981 804
1801 46 2475 1694 1314
1802 46 2818 1972 2539
1803 46 2813 414 412
1804 46 2846 1518 2708
1805 46 2533 1023 705
1806 46 2503 1246 1387
1807 46 2233 2066 2232
1808 46 2159 2103 2075
1809 46 2409 1014 1230
1810 46 2449 1848 1399
1811 46 2544 2542 1208
1812 46 1233 1143 1142
1813 46 2793 647 625
1814 46 2549 1592 2073
1815 46 2438 2407 1949
1816 46 2546 2545 619
1817 46 339 76 75
1818 46 2506 578 594
1819 46 2431 116 340
1820 46 1447 1446 1445
1821 46 2398 201 200
1822 46 2970 1900 1706
1823 46 2458 974 973
1824 46 1420 1229 1227
1825 46 2416 2415 2413
1826 46 2196 2195 1493
1827 46 2614 1465 2513
1828 46 2871 986 2816
1829 46 1323 1320 1321
1830 46 2454 824 1116
1831 46 2552 2502 2501
1832 46 2597 828 1727
1833 46 1405 1276 1404
1834 46 1591 1590 1434
1835 46 2168 2060 2106
1836 46 3159 3112 1167
1837 46 1324 1323 1321
1838 46 2716 1620 1414
1839 46 2334 340 115
1840 46 2341 341 243
1841 46 2467 849 668
1842 46 2647 1321 1318
1843 46 2464 1561 1402
1844 46 2521 1578 1567
1845 46 1271 1269 1270
1846 46 2647 1506 1321
1847 46 999 962 963
1848 46 2536 1951 1969
1849 46 2401 1029 1693
1850 46 2022 1767 1878
1851 46 2500 1043 1042
1852 46 1481 1233 1234
1853 46 2647 1316 1694
1854 46 2546 619 626
1855 46 1427 1426 1179
1856 46 2292 192 278
1857 46 2516 688 505
1858 46 2573 1037 692
1859 46 3067 3054 2511
1860 46 2778 906 907
1861 46 2551 2501 1437
1862 46 1838 1837 1613
1863 46 2657 930 928
1864 46 2618 804 802
1865 46 2642 1175 1039
1866 46 1695 1679 1228
1867 46 3035 2465 1994
1868 46 2765 2595 790
1869 46 1934 1736 1561
1870 46 2545 612 619
1871 46 1230 1014 1201
1872 46 2549 1169 1592
1873 46 2614 1363 1465
1874 46 2652 1722 1047
1875 46 2059 1481 1482
1876 46 2563 1302 1935
1877 46 2502 1684 2501
1878 46 2593 2480 2481
1879 46 2691 1719 2592
1880 46 3208 3167 2272
1881 46 1030 1028 1029
1882 46 2986 1860 2985
1883 46 1767 1562 1615
1884 46 2446 2444 343
1885 46 2306 335 2299
1886 46 803 801 802
1887 46 1914 1675 1913
1888 46 2537 170 276
1889 46 2726 514 524
1890 46 2514 1395 1308
1891 46 2522 76 339
1892 46 2552 2501 2551
1893 46 2849 1004 2845
1894 46 277 64 63
1895 46 2558 738 853
1896 46 2996 1544 2818
1897 46 2684 2528 2527
1898 46 2620 506 508
1899 46 2600 1081 2569
1900 46 2500 2423 1245
1901 46 2473 550 542
1902 46 2662 2541 1697
1903 46 1593 1384 1382
1904 46 1881 1880 1589
1905 46 2606 270 2605
1906 46 1445 1444 1443
1907 46 2596 832 1044
1908 46 3125 2547 1052
1909 46 2412 1493 1384
1910 46 2345 53 267
1911 46 1840 1838 1839
1912 46 2365 14 321
1913 46 2694 2693 586
1914 46 2403 1562 1767
1915 46 2449 1271 1270
1916 46 1640 1625 1624
1917 46 278 192 191
1918 46 962 918 919
1919 46 801 799 800
1920 46 1880 1618 1589
1921 46 2414 2413 1593
1922 46 2773 2591 2617
1923 46 802 801 800
1924 46 804 803 802
1925 46 3071 998 3022
1926 46 2580 1731 2579
1927 46 2466 1966 1961
1928 46 2444 62 343
1929 46 1027 676 658
1930 46 2554 2041 1397
1931 46 2229 1843 1427
1932 46 917 669 650
1933 46 1321 1320 1318
1934 46 2566 2565 1033
1935 46 2886 995 2792
1936 46 2706 1712 1234
1937 46 2061 2022 1878
1938 46 342 204 203
1939 46 2669 881 1015
1940 46 1666 1447 1445
1941 46 2065 2064 1914
1942 46 2893 2408 2825
1943 46 2592 1057 1222
1944 46 2054 1607 1485
1945 46 2493 428 424
1946 46 805 803 804
1947 46 1906 1905 1904
1948 46 1865 1452 1420
1949 46 1162 986 1036
1950 46 2601 2600 2569
1951 46 1694 1316 1314
1952 46 2571 2568 2570
1953 46 800 799 798
1954 46 1318 1317 1316
1955 46 2605 217 216
1956 46 2561 598 588
1957 46 2573 692 690
1958 46 2412 2196 1493
1959 46 2633 879 671
1960 46 2459 1445 1443
1961 46 2501 1684 1439
1962 46 2809 430 432
1963 46 1687 1603 1404
1964 46 2510 1470 1472
1965 46 1142 996 993
1966 46 2452 2451 1882
1967 46 340 116 115
1968 46 341 244 243
1969 46 918 669 917
1970 46 2931 1727 826
1971 46 3100 1138 2540
1972 46 2786 1453 1660
1973 46 2485 2481 2483
1974 46 2565 467 1033
1975 46 2793 2443 647
1976 46 1320 1319 1318
1977 46 2082 1906 1908
1978 46 2809 2616 430
1979 46 2826 2358 2218
1980 46 2725 756 1088
1981 46 2779 598 2561
1982 46 2556 884 882
1983 46 2998 2855 610
1984 46 1028 676 1027
1985 46 2515 1957 1959
1986 46 2548 1141 965
1987 46 2449 1399 1271
1988 46 2482 683 665
1989 46 2060 1481 2059
1990 46 1905 1840 1904
1991 46 2717 2669 1986
1992 46 969 871 872
1993 46 1118 1116 1117
1994 46 2556 2544 1208
1995 46 3062 2235 2404
1996 46 2134 2091 2062
1997 46 2813 412 2628
1998 46 1624 1623 1622
1999 46 2516 505 506
2000 46 2002 1566 1253
2001 46 2421 1605 1675
2002 46 2314 329 107
2003 46 2315 330 235
2004 46 2524 2523 1460
2005 46 2627 1843 2231
2006 46 2499 949 951
2007 46 2590 425 605
2008 46 2618 802 2492
2009 46 2548 2418 1703
2010 46 2046 2045 1820
2011 46 2322 2319 2321
2012 46 607 599 598
2013 46 2780 945 978
2014 46 1143 996 1142
2015 46 2600 1061 1081
2016 46 1036 986 869
2017 46 2563 793 792
2018 46 1163 1162 1036
2019 46 2391 265 83
2020 46 2309 172 171
2021 46 2298 44 43
2022 46 623 608 607
2023 46 2594 1942 983
2024 46 1668 1602 1627
2025 46 1411 1162 1163
2026 46 1011 1000 963
2027 46 2642 1039 1038
2028 46 2384 278 191
2029 46 1751 1668 1627
2030 46 2441 2150 2148
2031 46 1009 988 1008
2032 46 1878 1767 1615
2033 46 2582 836 863
2034 46 2526 1953 1955
2035 46 2731 2730 716
2036 46 806 805 804
2037 46 1316 1315 1314
2038 46 2251 1741 1695
2039 46 2539 413 415
2040 46 2491 1143 1233
2041 46 2514 1932 1395
2042 46 1843 1426 1427
2043 46 2849 2845 1986
2044 46 736 729 727
2045 46 1882 1713 1715
2046 46 2402 1581 2032
2047 46 2492 800 982
2048 46 1175 1041 1039
2049 46 621 603 602
2050 46 807 805 806
2051 46 530 529 520
2052 46 1400 1144 1236
2053 46 2588 2587 1963
2054 46 2718 528 2703
2055 46 1240 1050 1210
2056 46 2619 981 2618
2057 46 2390 1717 2389
2058 46 992 991 905
2059 46 2551 1437 1340
2060 46 2475 1314 1312
2061 46 987 970 972
2062 46 2487 1820 1536
2063 46 1971 1968 1970
2064 46 3189 1108 2257
2065 46 2103 1649 2075
2066 46 1234 1233 1142
2067 46 2706 1234 1142
2068 46 2027 1566 2002
2069 46 1693 1029 1027
2070 46 511 508 510
2071 46 2633 1121 879
2072 46 2762 1150 1729
2073 46 2211 2195 2196
2074 46 2483 2481 2482
2075 46 2651 844 861
2076 46 811 807 808
2077 46 1750 912 849
2078 46 2226 1971 2217
2079 46 2527 439 453
2080 46 2726 524 1082
2081 46 2553 2551 1338
2082 46 871 811 812
2083 46 872 871 812
2084 46 1443 1442 1441
2085 46 315 17 16
2086 46 316 145 144
2087 46 2537 2309 171
2088 46 2587 1946 1963
2089 46 1848 1847 1399
2090 46 1968 1964 1965
2091 46 2533 705 703
2092 46 2126 1923 1709
2093 46 1904 1840 1903
2094 46 2947 925 1119
2095 46 2489 1693 1027
2096 46 2489 658 631
2097 46 2558 734 738
2098 46 2789 2557 2556
2099 46 2632 1600 1602
2100 46 2031 2030 1736
2101 46 1964 1961 1962
2102 46 2641 450 2609
2103 46 1408 1262 1185
2104 46 812 811 808
2105 46 2587 2439 1945
2106 46 986 870 869
2107 46 3074 2279 1920
2108 46 1482 1481 1234
2109 46 2750 694 1037
2110 46 2732 716 713
2111 46 2627 1858 1428
2112 46 2590 421 425
2113 46 1924 1668 1751
2114 46 2232 2066 2065
2115 46 2960 867 850
2116 46 2733 2731 2732
2117 46 2100 1617 1616
2118 46 2725 1088 2470
2119 46 2230 1843 2229
2120 46 2641 2609 2611
2121 46 2624 2575 2574
2122 46 808 807 806
2123 46 2920 1507 2485
2124 46 1038 968 875
2125 46 970 969 872
2126 46 2225 1393 1809
2127 46 1588 1461 1267
2128 46 688 534 505
2129 46 988 987 972
2130 46 2786 1695 1228
2131 46 263 187 186
2132 46 2381 240 334
2133 46 1446 1444 1445
2134 46 2827 1541 2739
2135 46 1412 1411 1163
2136 46 2585 861 842
2137 46 2451 1482 1713
2138 46 264 59 58
2139 46 2556 1208 884
2140 46 2576 48 47
2141 46 2617 2591 641
2142 46 2627 1426 1843
2143 46 1147 1104 1145
2144 46 549 540 542
2145 46 2643 1861 1681
2146 46 1393 1098 1389
2147 46 2693 1974 1539
2148 46 2716 2094 1620
2149 46 1441 1440 1439
2150 46 2603 1755 539
2151 46 1966 1959 1961
2152 46 2063 1675 1914
2153 46 1562 1430 1431
2154 46 1539 621 602
2155 46 3032 1210 1342
2156 46 525 524 523
2157 46 1720 919 917
2158 46 2289 1649 2103
2159 46 1961 1959 1960
2160 46 2512 1691 2511
2161 46 690 689 688
2162 46 912 850 849
2163 46 1794 1598 1600
2164 46 2871 2816 2428
2165 46 1810 1098 1393
2166 46 532 531 525
2167 46 2696 1345 1347
2168 46 2858 1016 2572
2169 46 2488 1536 1461
2170 46 2835 1261 2834
2171 46 2417 1593 1382
2172 46 1736 1576 1561
2173 46 896 674 895
2174 46 2573 690 1298
2175 46 2593 1507 1163
2176 46 1439 1438 1437
2177 46 2705 2703 2704
2178 46 1104 1102 1103
2179 46 1647 1646 1591
2180 46 2088 1604 1605
2181 46 2127 1923 2126
2182 46 524 514 523
2183 46 540 539 530
2184 46 2663 1023 2533
2185 46 2623 1056 1054
2186 46 2886 2792 1739
2187 46 799 797 798
2188 46 1178 965 921
2189 46 2636 1579 2037
2190 46 2578 176 175
2191 46 602 601 591
2192 46 869 855 684
2193 46 1314 1313 1312
2194 46 1700 1699 1400
2195 46 2591 673 640
2196 46 2489 1027 658
2197 46 2062 1588 1703
2198 46 2624 959 960
2199 46 2466 1961 1964
2200 46 598 597 588
2201 46 1684 1441 1439
2202 46 2991 2733 1728
2203 46 2569 1081 2568
2204 46 506 505 496
2205 46 2621 764 1255
2206 46 2133 1915 1863
2207 46 954 951 953
2208 46 1605 1604 1508
2209 46 3166 1811 3115
2210 46 544 543 532
2211 46 2523 1400 1460
2212 46 284 106 105
2213 46 283 234 233
2214 46 2919 1706 2506
2215 46 2426 2425 2424
2216 46 542 540 541
2217 46 2072 1592 1620
2218 46 2592 1157 1057
2219 46 2091 1588 2062
2220 46 674 644 673
2221 46 2998 2277 2855
2222 46 2684 2527 535
2223 46 2737 1046 749
2224 46 1210 1050 1209
2225 46 1267 1239 1141
2226 46 510 508 509
2227 46 1145 1104 1103
2228 46 2633 2017 1121
2229 46 2200 1893 1721
2230 46 1422 1230 1231
2231 46 2728 916 1208
2232 46 1387 1246 1245
2233 46 501 500 492
2234 46 2596 834 832
2235 46 2650 1705 2465
2236 46 901 535 476
2237 46 1706 579 577
2238 46 2467 668 661
2239 46 536 526 527
2240 46 526 516 517
2241 46 2770 780 778
2242 46 2780 2006 945
2243 46 2696 2000 1345
2244 46 2515 1967 1957
2245 46 297 118 117
2246 46 298 246 245
2247 46 2668 2623 1054
2248 46 512 511 510
2249 46 2536 1948 1951
2250 46 1863 1862 1861
2251 46 2444 63 62
2252 46 2688 398 396
2253 46 545 536 537
2254 46 2635 1939 2545
2255 46 1939 1021 611
2256 46 692 691 690
2257 46 1777 1704 1686
2258 46 2692 1358 1807
2259 46 2132 2073 2072
2260 46 520 519 512
2261 46 1237 1000 1012
2262 46 993 991 992
2263 46 2474 2468 2467
2264 46 343 62 61
2265 46 1627 1602 1626
2266 46 2655 2278 2324
2267 46 2549 1147 1145
2268 46 2325 108 329
2269 46 330 236 235
2270 46 329 108 107
2271 46 2562 982 798
2272 46 2597 830 828
2273 46 2501 1439 1437
2274 46 2599 712 709
2275 46 689 534 688
2276 46 2068 1612 1837
2277 46 2057 1702 1700
2278 46 1616 1413 1411
2279 46 2510 1472 2508
2280 46 2587 1945 1946
2281 46 2693 1539 602
2282 46 2558 1303 734
2283 46 344 190 189
2284 46 3139 1378 1581
2285 46 604 438 428
2286 46 1561 1480 1402
2287 46 1841 1729 1730
2288 46 849 686 668
2289 46 2448 1286 1649
2290 46 1322 1319 1320
2291 46 1189 1149 1188
2292 46 1042 902 901
2293 46 3150 2022 3023
2294 46 2317 345 33
2295 46 1039 968 1038
2296 46 1908 1906 1907
2297 46 550 549 542
2298 46 1461 1239 1267
2299 46 2882 1475 1852
2300 46 563 554 555
2301 46 577 563 564
2302 46 2594 983 864
2303 46 683 682 665
2304 46 2630 2629 1099
2305 46 2626 204 342
2306 46 2567 465 2565
2307 46 2451 1713 1882
2308 46 2565 464 467
2309 46 676 659 658
2310 46 2577 2576 271
2311 46 2500 1042 1297
2312 46 505 495 496
2313 46 2480 869 684
2314 46 1909 1503 1241
2315 46 2923 1611 2108
2316 46 333 112 111
2317 46 334 240 239
2318 46 513 500 501
2319 46 2108 1611 2107
2320 46 2576 47 271
2321 46 2409 1230 1688
2322 46 611 594 595
2323 46 1023 708 705
2324 46 2997 2499 2745
2325 46 516 503 504
2326 46 2508 1472 1598
2327 46 1049 623 607
2328 46 694 693 692
2329 46 1675 1605 1674
2330 46 1103 1102 1023
2331 46 1604 1412 1508
2332 46 650 648 647
2333 46 2650 1355 1705
2334 46 2669 1015 1292
2335 46 514 513 501
2336 46 579 563 577
2337 46 895 674 673
2338 46 2534 2533 737
2339 46 2676 960 957
2340 46 2294 2293 278
2341 46 2648 393 391
2342 46 2549 1145 1169
2343 46 2728 1208 2542
2344 46 2624 2574 1205
2345 46 2504 1800 2503
2346 46 2527 1307 439
2347 46 2420 2419 2390
2348 46 535 453 476
2349 46 2583 1630 1448
2350 46 1179 1032 1030
2351 46 2636 1221 1579
2352 46 2596 863 834
2353 46 2525 1905 1906
2354 46 902 535 901
2355 46 2247 1921 1756
2356 46 2716 2715 2440
2357 46 2684 535 902
2358 46 673 644 640
2359 46 498 494 485
2360 46 2620 2516 506
2361 46 696 695 694
2362 46 1245 1244 1043
2363 46 2713 1223 1476
2364 46 1017 424 418
2365 46 499 494 498
2366 46 1686 1297 1685
2367 46 2424 1387 2423
2368 46 2659 85 84
2369 46 691 689 690
2370 46 2597 1044 830
2371 46 2703 747 1046
2372 46 1297 1042 1296
2373 46 2754 490 2612
2374 46 2842 2546 644
2375 46 734 707 733
2376 46 1144 910 1001
2377 46 1098 1090 1092
2378 46 2425 1387 2424
2379 46 2326 110 289
2380 46 2329 238 290
2381 46 1298 690 688
2382 46 1721 515 513
2383 46 1699 1144 1400
2384 46 3037 1972 2818
2385 46 669 651 650
2386 46 1800 1571 1310
2387 46 1618 1323 1589
2388 46 2526 1969 1953
2389 46 644 626 640
2390 46 508 506 507
2391 46 1959 1957 1958
2392 46 291 28 27
2393 46 292 156 155
2394 46 695 693 694
2395 46 1138 896 895
2396 46 1691 1467 1470
2397 46 534 495 505
2398 46 1021 594 611
2399 46 2666 2247 1756
2400 46 738 734 735
2401 46 2419 1717 2390
2402 46 2509 2508 1794
2403 46 693 691 692
2404 46 2723 2722 791
2405 46 2657 1253 934
2406 46 2615 1411 1412
2407 46 2732 2731 716
2408 46 851 738 739
2409 46 1704 1297 1686
2410 46 421 419 420
2411 46 2773 2654 1523
2412 46 3046 3035 1994
2413 46 500 491 492
2414 46 438 437 428
2415 46 2684 902 1243
2416 46 2281 1777 2280
2417 46 1778 1704 1777
2418 46 494 493 485
2419 46 2654 656 662
2420 46 3118 3081 1936
2421 46 1615 1562 1431
2422 46 1967 1955 1957
2423 46 2631 2056 1631
2424 46 2578 175 272
2425 46 485 484 452
2426 46 2625 2575 2624
2427 46 1043 902 1042
2428 46 1649 1286 1635
2429 46 3019 2786 1660
2430 46 2564 342 203
2431 46 2834 1261 1259
2432 46 2582 1034 838
2433 46 428 427 424
2434 46 529 519 520
2435 46 495 488 489
2436 46 2635 2545 2546
2437 46 862 860 745
2438 46 1729 1150 1266
2439 46 2637 2027 2002
2440 46 2575 2198 2574
2441 46 425 421 422
2442 46 2612 490 913
2443 46 539 529 530
2444 46 2482 2481 683
2445 46 2488 2487 1536
2446 46 1102 708 1023
2447 46 2528 1307 2527
2448 46 2099 1859 1858
2449 46 294 114 113
2450 46 293 242 241
2451 46 3107 554 3084
2452 46 2493 424 1017
2453 46 452 451 438
2454 46 1969 1951 1953
2455 46 2562 798 796
2456 46 1893 515 1721
2457 46 1719 1396 1280
2458 46 1022 486 491
2459 46 2582 838 836
2460 46 1678 1302 1677
2461 46 2506 577 578
2462 46 1437 1436 1340
2463 46 1903 1840 1839
2464 46 2779 1049 607
2465 46 2644 1409 1410
2466 46 2017 1177 1121
2467 46 1246 1244 1245
2468 46 2533 703 737
2469 46 3029 3028 1364
2470 46 3284 3282 2640
2471 46 2827 2739 1740
2472 46 1943 1941 1942
2473 46 504 503 499
2474 46 658 639 631
2475 46 2537 171 170
2476 46 570 568 569
2477 46 707 697 696
2478 46 1592 1169 1414
2479 46 2634 1573 1816
2480 46 554 546 548
2481 46 519 511 512
2482 46 2586 853 851
2483 46 1715 1713 1714
2484 46 2295 2293 2294
2485 46 2531 2530 2528
2486 46 2773 2617 2654
2487 46 475 471 473
2488 46 906 851 852
2489 46 2503 1310 1246
2490 46 1307 435 439
2491 46 2927 799 801
2492 46 2716 1414 1415
2493 46 273 96 95
2494 46 274 224 223
2495 46 647 646 625
2496 46 2551 1340 1338
2497 46 557 556 544
2498 46 1303 707 734
2499 46 1185 1148 1147
2500 46 1262 1186 1185
2501 46 1945 1943 1944
2502 46 1861 1689 1681
2503 46 1998 419 421
2504 46 429 425 426
2505 46 488 482 483
2506 46 1617 1413 1616
2507 46 2058 1702 2057
2508 46 2840 1725 1196
2509 46 2688 1085 398
2510 46 745 744 743
2511 46 3057 2504 2425
2512 46 2703 528 747
2513 46 2442 1185 1147
2514 46 1319 1317 1318
2515 46 1033 467 469
2516 46 697 695 696
2517 46 2720 778 775
2518 46 2536 1963 1948
2519 46 1957 1955 1956
2520 46 2164 2089 2088
2521 46 2613 2612 1801
2522 46 1829 1396 1719
2523 46 2041 1456 1397
2524 46 2574 2198 1659
2525 46 2821 322 141
2526 46 382 380 381
2527 46 594 578 593
2528 46 737 703 701
2529 46 1460 1400 1236
2530 46 2464 1934 1561
2531 46 2653 89 88
2532 46 1963 1946 1948
2533 46 798 797 796
2534 46 921 920 896
2535 46 1426 1180 1179
2536 46 2073 1592 2072
2537 46 1444 1442 1443
2538 46 2463 2461 2459
2539 46 1020 1018 1019
2540 46 1050 623 1049
2541 46 1944 1943 1942
2542 46 705 704 703
2543 46 295 24 23
2544 46 296 152 151
2545 46 2677 48 2576
2546 46 2590 1998 421
2547 46 3118 727 724
2548 46 424 423 418
2549 46 2555 2554 1829
2550 46 2525 1906 2082
2551 46 1955 1953 1954
2552 46 1965 1964 1962
2553 46 1717 1715 1716
2554 46 476 453 454
2555 46 630 629 618
2556 46 1620 1592 1414
2557 46 3068 1939 2635
2558 46 1962 1961 1960
2559 46 1317 1315 1316
2560 46 1858 1525 1428
2561 46 1994 1705 1764
2562 46 1946 1945 1944
2563 46 290 238 237
2564 46 503 502 499
2565 46 1302 792 1026
2566 46 2389 1717 1732
2567 46 289 110 109
2568 46 2640 391 389
2569 46 2672 2671 1799
2570 46 2668 1054 894
2571 46 2217 1971 1970
2572 46 491 486 487
2573 46 1019 1018 677
2574 46 2565 465 464
2575 46 2765 1976 2595
2576 46 486 473 474
2577 46 1312 1218 1107
2578 46 1809 1393 1389
2579 46 1508 1412 1507
2580 46 2545 611 612
2581 46 870 855 869
2582 46 1264 1263 1262
2583 46 2463 1443 1441
2584 46 2029 1571 1800
2585 46 527 526 517
2586 46 2702 772 770
2587 46 2505 1312 1107
2588 46 1822 1288 1528
2589 46 2649 1696 566
2590 46 1140 1020 1139
2591 46 1703 1588 1267
2592 46 517 516 504
2593 46 873 811 871
2594 46 974 876 973
2595 46 531 524 525
2596 46 1288 1197 1080
2597 46 2104 1618 1880
2598 46 2670 402 1052
2599 46 1304 580 545
2600 46 735 734 733
2601 46 2730 720 717
2602 46 982 800 798
2603 46 2586 851 906
2604 46 2704 2703 1046
2605 46 2513 1467 1691
2606 46 1602 1600 1601
2607 46 2500 1297 1704
2608 46 537 536 527
2609 46 2617 641 643
2610 46 1542 1292 1487
2611 46 2632 1794 1600
2612 46 2662 673 2591
2613 46 1839 1838 1613
2614 46 584 582 583
2615 46 853 738 851
2616 46 2683 463 1058
2617 46 1970 1968 1965
2618 46 453 439 440
2619 46 708 706 705
2620 46 2647 1318 1316
2621 46 1758 637 949
2622 46 1067 1065 1063
2623 46 1681 1680 1516
2624 46 2158 2118 2056
2625 46 543 531 532
2626 46 1012 1000 1011
2627 46 1081 1061 1059
2628 46 2497 2493 2494
2629 46 626 619 620
2630 46 960 959 957
2631 46 2648 443 393
2632 46 2591 640 641
2633 46 957 956 955
2634 46 2698 176 2578
2635 46 2641 606 448
2636 46 640 626 627
2637 46 792 789 788
2638 46 2745 2499 954
2639 46 1413 1162 1411
2640 46 1485 1484 1483
2641 46 1953 1951 1952
2642 46 523 514 522
2643 46 2911 1011 963
2644 46 2470 1090 1098
2645 46 2503 1800 1310
2646 46 860 744 745
2647 46 1600 1598 1599
2648 46 2377 2073 2132
2649 46 1900 579 1706
2650 46 2045 1831 1820
2651 46 473 471 472
2652 46 876 858 859
2653 46 1942 1941 983
2654 46 1037 694 692
2655 46 2499 951 954
2656 46 1705 1355 1365
2657 46 1384 1383 1382
2658 46 271 47 46
2659 46 272 175 174
2660 46 1941 1940 983
2661 46 402 394 393
2662 46 465 463 464
2663 46 2288 286 2287
2664 46 1284 1140 1283
2665 46 1394 1222 1308
2666 46 2811 1075 1071
2667 46 2311 1921 2247
2668 46 1396 1281 1280
2669 46 1801 1557 1797
2670 46 2860 1322 1320
2671 46 2691 2592 1222
2672 46 2670 394 402
2673 46 496 495 489
2674 46 1389 1098 1092
2675 46 2554 1397 1396
2676 46 439 435 436
2677 46 739 738 735
2678 46 1547 1511 1242
2679 46 1516 1515 1284
2680 46 464 463 462
2681 46 858 680 857
2682 46 965 922 921
2683 46 1440 1438 1439
2684 46 305 87 86
2685 46 306 215 214
2686 46 2683 460 463
2687 46 471 469 470
2688 46 546 545 537
2689 46 1018 662 677
2690 46 972 970 971
2691 46 2706 993 992
2692 46 1713 1482 1712
2693 46 482 479 481
2694 46 1756 621 1539
2695 46 2617 643 656
2696 46 2661 1255 762
2697 46 2622 790 2621
2698 46 2453 1829 1719
2699 46 2383 1823 2382
2700 46 619 612 614
2701 46 1679 1225 1228
2702 46 2688 396 2670
2703 46 1026 792 788
2704 46 1308 1222 1056
2705 46 2423 1387 1245
2706 46 2001 1559 1783
2707 46 2643 1681 1682
2708 46 1727 828 826
2709 46 2042 1456 2041
2710 46 2190 2189 1659
2711 46 796 795 793
2712 46 1080 1079 1077
2713 46 460 459 458
2714 46 2810 2661 760
2715 46 1764 1705 1365
2716 46 1631 1521 1522
2717 46 2671 2670 1052
2718 46 2036 1579 1580
2719 46 2056 1651 1631
2720 46 2876 1728 2804
2721 46 1008 988 1005
2722 46 1579 1221 1306
2723 46 1915 1862 1863
2724 46 2876 2804 2599
2725 46 2686 739 735
2726 46 1044 832 830
2727 46 684 682 683
2728 46 733 707 696
2729 46 2595 770 768
2730 46 564 563 555
2731 46 1221 1136 1133
2732 46 1935 1302 1678
2733 46 3114 1750 2468
2734 46 2636 1256 1221
2735 46 2280 1777 1686
2736 46 2845 2717 1986
2737 46 492 491 487
2738 46 2494 2493 1017
2739 46 1034 840 838
2740 46 2508 1598 1794
2741 46 578 577 564
2742 46 1273 1272 1271
2743 46 2813 418 414
2744 46 555 554 548
2745 46 2506 1706 577
2746 46 1236 1144 1001
2747 46 1598 1472 1597
2748 46 2793 2312 2443
2749 46 701 700 699
2750 46 1986 1542 1726
2751 46 2894 678 680
2752 46 703 702 701
2753 46 2627 1428 1426
2754 46 1820 1819 1536
2755 46 743 605 429
2756 46 1658 1494 1305
2757 46 2736 504 499
2758 46 2612 1557 1801
2759 46 2675 491 500
2760 46 2730 717 716
2761 46 1139 1020 1019
2762 46 2601 1067 2600
2763 46 3170 1936 3081
2764 46 2612 913 1557
2765 46 2641 448 450
2766 46 580 536 545
2767 46 612 611 595
2768 46 2717 881 2669
2769 46 2648 391 2640
2770 46 959 956 957
2771 46 1685 1297 1296
2772 46 463 460 462
2773 46 1677 1302 1026
2774 46 677 662 663
2775 46 861 844 842
2776 46 2722 783 791
2777 46 2236 1288 1822
2778 46 2631 1631 1632
2779 46 459 456 458
2780 46 1059 1058 465
2781 46 1755 559 539
2782 46 1061 1060 1059
2783 46 1382 1381 1371
2784 46 1521 1417 1520
2785 46 395 392 394
2786 46 605 425 429
2787 46 589 584 583
2788 46 1141 966 965
2789 46 3056 2469 2387
2790 46 651 648 650
2791 46 1296 1042 901
2792 46 1205 1204 959
2793 46 3115 2766 2622
2794 46 2719 731 741
2795 46 1395 1394 1308
2796 46 1484 1459 1483
2797 46 2621 766 764
2798 46 2594 864 846
2799 46 2373 2364 2372
2800 46 2165 2130 2129
2801 46 2550 97 96
2802 46 788 784 783
2803 46 1862 1689 1861
2804 46 275 42 41
2805 46 276 170 169
2806 46 1133 903 891
2807 46 1438 1436 1437
2808 46 2651 846 844
2809 46 1702 1701 1700
2810 46 3021 2614 2513
2811 46 1301 1300 1205
2812 46 1493 1492 1384
2813 46 1948 1946 1947
2814 46 2695 2590 605
2815 46 1566 1254 1253
2816 46 2375 2036 1580
2817 46 393 392 391
2818 46 1834 1410 1698
2819 46 556 543 544
2820 46 2621 790 766
2821 46 2539 415 419
2822 46 2545 1939 611
2823 46 2830 2553 1024
2824 46 2540 1138 1697
2825 46 1472 1470 1471
2826 46 2198 2190 1659
2827 46 1913 1675 1674
2828 46 2257 2212 1735
2829 46 656 643 655
2830 46 2722 1813 1026
2831 46 1370 1369 1265
2832 46 391 390 389
2833 46 1518 862 745
2834 46 1919 1008 1190
2835 46 2371 2281 2280
2836 46 2581 575 582
2837 46 2722 1026 788
2838 46 1169 1145 1146
2839 46 1951 1948 1950
2840 46 790 768 766
2841 46 791 783 780
2842 46 1852 1475 1851
2843 46 2050 1834 1835
2844 46 983 885 864
2845 46 1442 1440 1441
2846 46 1960 1959 1958
2847 46 595 594 593
2848 46 1528 1288 1080
2849 46 2490 1233 1481
2850 46 1222 1057 1056
2851 46 1409 1283 1299
2852 46 2609 450 456
2853 46 1651 1521 1631
2854 46 2201 1894 1893
2855 46 852 851 739
2856 46 1414 1169 1170
2857 46 2715 1415 1417
2858 46 2650 1353 1355
2859 46 469 467 468
2860 46 1830 1394 1395
2861 46 2790 2557 2789
2862 46 662 656 657
2863 46 2693 591 586
2864 46 1244 1243 1043
2865 46 1241 1240 1210
2866 46 489 488 483
2867 46 2651 2594 846
2868 46 1306 1221 1133
2869 46 2696 1347 1353
2870 46 2364 1933 2363
2871 46 2129 2128 2127
2872 46 2715 1521 1651
2873 46 2668 1975 2623
2874 46 422 421 420
2875 46 2736 1108 504
2876 46 699 698 697
2877 46 1315 1313 1314
2878 46 1823 1822 1528
2879 46 2715 1651 2440
2880 46 389 388 387
2881 46 1136 903 1133
2882 46 2624 1205 959
2883 46 2832 1359 2003
2884 46 850 686 849
2885 46 1197 1079 1080
2886 46 1507 1412 1163
2887 46 2145 1834 2050
2888 46 2681 407 403
2889 46 2726 513 514
2890 46 1063 1062 1061
2891 46 1310 1294 1246
2892 46 1907 1906 1904
2893 46 2974 1796 1122
2894 46 1536 1535 1461
2895 46 2694 1974 2693
2896 46 2649 566 568
2897 46 981 806 804
2898 46 2317 32 285
2899 46 744 605 743
2900 46 1430 1158 1429
2901 46 2657 2002 1253
2902 46 863 836 834
2903 46 1580 1579 1306
2904 46 2904 2264 2265
2905 46 2716 1415 2715
2906 46 483 482 481
2907 46 2693 602 591
2908 46 2563 796 793
2909 46 2422 2421 2063
2910 46 1470 1467 1469
2911 46 1933 1833 1932
2912 46 299 20 19
2913 46 300 148 147
2914 46 2779 607 598
2915 46 2682 2681 1085
2916 46 2683 2610 459
2917 46 956 954 955
2918 46 1833 1830 1395
2919 46 2814 1942 2594
2920 46 467 464 466
2921 46 955 954 953
2922 46 1149 973 1003
2923 46 2074 2072 1620
2924 46 2567 2565 2566
2925 46 387 386 385
2926 46 419 415 417
2927 46 1065 1064 1063
2928 46 1188 1149 1187
2929 46 2530 2529 2528
2930 46 606 446 448
2931 46 458 456 457
2932 46 1256 1136 1221
2933 46 678 677 663
2934 46 2256 1915 2133
2935 46 2667 1152 1110
2936 46 396 395 394
2937 46 1984 1983 1575
2938 46 1949 1941 1943
2939 46 2610 2609 459
2940 46 2667 1517 1152
2941 46 2043 1841 1730
2942 46 2557 2544 2556
2943 46 1467 1465 1466
2944 46 2097 2053 2051
2945 46 2600 1063 1061
2946 46 1806 1764 1803
2947 46 2249 2248 2058
2948 46 1280 1279 1157
2949 46 727 725 724
2950 46 1253 938 934
2951 46 2911 1502 1011
2952 46 920 674 896
2953 46 793 789 792
2954 46 1283 1140 1139
2955 46 1397 1281 1396
2956 46 441 380 382
2957 46 456 450 455
2958 46 2037 1579 2036
2959 46 1628 1627 1626
2960 46 2689 572 570
2961 46 1365 1355 1356
2962 46 2484 2483 2482
2963 46 1385 1352 1350
2964 46 1680 1515 1516
2965 46 1958 1957 1956
2966 46 462 460 461
2967 46 2689 2561 572
2968 46 783 781 780
2969 46 3029 2543 3028
2970 46 1835 1834 1698
2971 46 2595 768 790
2972 46 1515 1140 1284
2973 46 1410 1409 1299
2974 46 2075 1649 1635
2975 46 2253 1981 1979
2976 46 426 425 422
2977 46 2442 1408 1185
2978 46 515 500 513
2979 46 435 432 434
2980 46 2520 2519 1732
2981 46 2040 1832 1830
2982 46 2986 2985 2080
2983 46 787 774 772
2984 46 1981 1978 1979
2985 46 2735 1528 1080
2986 46 1816 1573 1574
2987 46 1689 1680 1681
2988 46 2374 2373 2372
2989 46 420 419 417
2990 46 477 476 454
2991 46 487 486 474
2992 46 2118 1651 2056
2993 46 973 876 877
2994 46 1940 885 983
2995 46 2255 1668 1924
2996 46 2584 516 526
2997 46 1025 812 808
2998 46 3153 1731 2580
2999 46 1979 1978 1977
3000 46 1978 1817 1977
3001 46 1300 1204 1205
3002 46 1575 1309 1573
3003 46 1817 1816 1574
3004 46 1239 1238 1141
3005 46 3251 3177 2588
3006 46 2667 1110 1109
3007 46 1725 1249 1196
3008 46 1573 1309 787
3009 46 1517 1154 1152
3010 46 1726 1542 1655
3011 46 2855 630 618
3012 46 900 899 860
3013 46 720 719 717
3014 46 1741 1679 1695
3015 46 448 446 447
3016 46 2051 2050 1835
3017 46 446 444 445
3018 46 2259 559 1755
3019 46 1148 1104 1147
3020 46 2372 2364 2363
3021 46 347 22 21
3022 46 348 150 149
3023 46 454 453 440
3024 46 430 429 426
3025 46 1730 1729 1266
3026 46 1682 1681 1516
3027 46 2089 1604 2088
3028 46 1269 1268 1160
3029 46 729 728 727
3030 46 1056 1055 1054
3031 46 1313 1218 1312
3032 46 641 640 627
3033 46 1659 1538 1301
3034 46 2465 1705 1994
3035 46 397 395 396
3036 46 859 858 857
3037 46 2867 1780 2841
3038 46 2254 1981 2253
3039 46 450 448 449
3040 46 2561 588 572
3041 46 2740 1919 1190
3042 46 2473 542 551
3043 46 659 639 658
3044 46 724 723 721
3045 46 627 626 620
3046 46 2634 1575 1573
3047 46 2363 1933 1932
3048 46 2811 1973 2735
3049 46 418 416 414
3050 46 2911 919 1720
3051 46 620 619 614
3052 46 2216 1909 1241
3053 46 2778 907 910
3054 46 3128 1569 3123
3055 46 2378 2377 2132
3056 46 1701 1699 1700
3057 46 474 473 472
3058 46 2756 550 2473
3059 46 1309 774 787
3060 46 1052 402 444
3061 46 1578 1577 1567
3062 46 2554 1396 1829
3063 46 568 566 567
3064 46 2679 309 2678
3065 46 2893 1940 2408
3066 46 663 662 657
3067 46 2735 1973 1528
3068 46 287 74 73
3069 46 1465 1363 1464
3070 46 1523 1018 1020
3071 46 2860 1323 1618
3072 46 797 795 796
3073 46 1571 1390 1310
3074 46 1690 511 519
3075 46 716 715 713
3076 46 2662 1697 895
3077 46 2195 1902 1493
3078 46 1920 1511 1547
3079 46 1956 1955 1954
3080 46 2719 741 939
3081 46 1722 1213 1047
3082 46 2574 1659 1301
3083 46 2924 477 479
3084 46 2593 1163 1036
3085 46 1506 1324 1321
3086 46 3059 1430 1562
3087 46 2600 1067 1063
3088 46 2189 1538 1659
3089 46 394 392 393
3090 46 2681 400 1085
3091 46 2592 1280 1157
3092 46 1674 1605 1508
3093 46 1574 1573 787
3094 46 2891 2873 1083
3095 46 2639 2524 2638
3096 46 1204 956 959
3097 46 2829 1084 1824
3098 46 1415 1414 1170
3099 46 472 471 470
3100 46 657 656 655
3101 46 1255 764 762
3102 46 2735 1077 1075
3103 46 1576 1480 1561
3104 46 1972 411 413
3105 46 2340 333 2328
3106 46 2279 634 2278
3107 46 780 779 778
3108 46 440 439 436
3109 46 2847 2762 1729
3110 46 2518 2517 1983
3111 46 2779 1529 1049
3112 46 2585 840 1034
3113 46 1072 1066 1065
3114 46 1537 1300 1301
3115 46 2780 978 1559
3116 46 1983 1982 1575
3117 46 2678 309 2677
3118 46 1921 621 1756
3119 46 2480 1036 869
3120 46 444 402 443
3121 46 712 711 709
3122 46 2199 1908 1907
3123 46 1522 1521 1520
3124 46 2652 1047 493
3125 46 2505 2475 1312
3126 46 1807 1358 1610
3127 46 2664 2611 2610
3128 46 2661 762 760
3129 46 2663 1103 1023
3130 46 1632 1631 1522
3131 46 2003 1359 1361
3132 46 1954 1953 1952
3133 46 2782 2610 2683
3134 46 784 781 783
3135 46 1428 1180 1426
3136 46 2496 2494 2495
3137 46 2856 905 867
3138 46 1655 1542 1487
3139 46 648 646 647
3140 46 2680 657 655
3141 46 1060 1058 1059
3142 46 2030 1576 1736
3143 46 385 384 383
3144 46 603 601 602
3145 46 2662 895 673
3146 46 789 784 788
3147 46 1932 1833 1395
3148 46 2673 1816 1817
3149 46 2634 1984 1575
3150 46 1487 1292 1486
3151 46 2115 2047 2045
3152 46 2574 1301 1205
3153 46 2665 971 872
3154 46 2685 399 401
3155 46 2011 939 941
3156 46 3137 3109 2313
3157 46 1032 1028 1030
3158 46 1170 1169 1146
3159 46 1305 580 1304
3160 46 903 892 891
3161 46 1062 1060 1061
3162 46 2778 1699 2471
3163 46 2723 1813 2722
3164 46 2677 49 48
3165 46 599 597 598
3166 46 561 560 550
3167 46 2346 1677 1813
3168 46 2663 1146 1103
3169 46 1355 1353 1354
3170 46 2683 459 460
3171 46 2996 1998 2590
3172 46 3135 2010 1722
3173 46 971 970 872
3174 46 521 503 516
3175 46 631 629 630
3176 46 778 777 775
3177 46 3048 848 2512
3178 46 2698 177 176
3179 46 1035 389 387
3180 46 436 435 434
3181 46 1832 1394 1830
3182 46 262 78 77
3183 46 502 494 499
3184 46 1134 980 900
3185 46 2421 1675 2063
3186 46 1952 1951 1950
3187 46 1054 985 894
3188 46 407 405 403
3189 46 470 469 468
3190 46 2673 1817 1978
3191 46 2611 2609 2610
3192 46 566 565 557
3193 46 823 819 821
3194 46 1180 1032 1179
3195 46 1977 1817 1976
3196 46 401 399 400
3197 46 571 568 570
3198 46 2461 2460 2459
3199 46 399 397 398
3200 46 772 771 770
3201 46 2665 812 1025
3202 46 1077 1076 1075
3203 46 2778 1144 1699
3204 46 2755 2692 1807
3205 46 404 401 403
3206 46 964 918 962
3207 46 1860 1422 1423
3208 46 2250 2249 2058
3209 46 1276 1275 1174
3210 46 2850 1385 1350
3211 46 1058 463 465
3212 46 2707 207 206
3213 46 2715 1417 1521
3214 46 583 582 581
3215 46 770 769 768
3216 46 2751 1048 1215
3217 46 2997 2405 2983
3218 46 998 880 997
3219 46 1079 1078 1077
3220 46 1538 1537 1301
3221 46 1947 1946 1944
3222 46 810 797 799
3223 46 2757 1523 1020
3224 46 1057 1055 1056
3225 46 497 404 406
3226 46 2592 1719 1280
3227 46 774 773 772
3228 46 541 540 530
3229 46 2053 2050 2051
3230 46 1803 1764 1365
3231 46 2645 2644 2145
3232 46 2757 1140 1515
3233 46 1099 410 408
3234 46 891 890 889
3235 46 2708 2530 2531
3236 46 1046 747 749
3237 46 2470 1098 1810
3238 46 2811 2436 1973
3239 46 2564 203 202
3240 46 1497 1199 1197
3241 46 2607 270 2606
3242 46 466 464 462
3243 46 2563 2562 796
3244 46 1950 1948 1947
3245 46 2784 442 1251
3246 46 2585 842 840
3247 46 1064 1062 1063
3248 46 461 460 458
3249 46 2867 2841 1192
3250 46 702 700 701
3251 46 1607 1499 1485
3252 46 704 702 703
3253 46 2706 1142 993
3254 46 2609 456 459
3255 46 2751 562 1048
3256 46 2719 939 2011
3257 46 443 402 393
3258 46 2665 872 812
3259 46 922 920 921
3260 46 437 427 428
3261 46 2799 536 580
3262 46 288 202 201
3263 46 608 599 607
3264 46 2794 1296 901
3265 46 2646 532 525
3266 46 2714 620 614
3267 46 2139 2133 1863
3268 46 1826 1007 1585
3269 46 2809 432 435
3270 46 1366 544 532
3271 46 706 704 705
3272 46 388 386 387
3273 46 1431 1430 1429
3274 46 1281 1279 1280
3275 46 1853 1852 1851
3276 46 1005 988 972
3277 46 1075 1074 1071
3278 46 1796 1124 1122
3279 46 1146 1145 1103
3280 46 2529 1307 2528
3281 46 1698 1410 1692
3282 46 383 382 381
3283 46 1859 1525 1858
3284 46 390 388 389
3285 46 427 423 424
3286 46 3200 2009 2402
3287 46 2690 2561 2689
3288 46 386 384 385
3289 46 2687 1662 2360
3290 46 2658 387 385
3291 46 2763 1007 1826
3292 46 1160 1159 1041
3293 46 2669 1542 1986
3294 46 1630 1446 1448
3295 46 1503 1240 1241
3296 46 392 390 391
3297 46 680 678 679
3298 46 1243 902 1043
3299 46 1299 1283 1139
3300 46 1342 1210 1209
3301 46 2688 2670 2671
3302 46 2794 476 477
3303 46 700 698 699
3304 46 2638 2524 1460
3305 46 2521 1567 1566
3306 46 423 416 418
3307 46 2722 788 783
3308 46 2825 1306 1133
3309 46 2463 2459 1443
3310 46 2553 2552 2551
3311 46 2640 389 1035
3312 46 2584 521 516
3313 46 1116 824 1115
3314 46 3087 1293 3064
3315 46 2860 1618 2105
3316 46 2887 609 617
3317 46 2737 749 751
3318 46 1208 916 884
3319 46 1993 1546 1747
3320 46 1824 1084 1212
3321 46 1186 1148 1185
3322 46 558 543 556
3323 46 2644 1410 1834
3324 46 2382 1823 1973
3325 46 2670 396 394
3326 46 468 467 466
3327 46 1294 1244 1246
3328 46 2806 1711 2388
3329 46 698 695 697
3330 46 1697 1138 895
3331 46 559 529 539
3332 46 1174 1173 1143
3333 46 548 546 547
3334 46 953 951 952
3335 46 1392 1135 1134
3336 46 2023 1249 1725
3337 46 1353 1347 1349
3338 46 1286 1188 1285
3339 46 1982 1309 1575
3340 46 2953 805 807
3341 46 1709 1708 1617
3342 46 2686 735 1762
3343 46 1386 1352 1385
3344 46 3206 2562 1935
3345 46 2702 787 772
3346 46 2603 539 540
3347 46 2669 1292 1542
3348 46 1894 515 1893
3349 46 857 680 856
3350 46 1190 1008 1005
3351 46 1085 400 398
3352 46 2653 269 89
3353 46 2032 1581 1582
3354 46 560 549 550
3355 46 2954 1332 1569
3356 46 2805 677 678
3357 46 451 437 438
3358 46 2770 778 2720
3359 46 2825 891 889
3360 46 1980 1979 1977
3361 46 1735 1734 1498
3362 46 2786 1228 1229
3363 46 1626 1602 1601
3364 46 2406 2375 1580
3365 46 2539 419 1998
3366 46 1016 689 691
3367 46 877 876 859
3368 46 1975 903 1136
3369 46 1976 1817 1574
3370 46 2692 1356 1358
3371 46 2666 1756 1757
3372 46 1546 1215 1533
3373 46 1757 1756 1539
3374 46 2495 2494 1017
3375 46 2548 1267 1141
3376 46 565 556 557
3377 46 655 643 654
3378 46 899 744 860
3379 46 2720 775 774
3380 46 925 589 924
3381 46 1601 1600 1599
3382 46 781 779 780
3383 46 2696 1353 2650
3384 46 2448 1649 2289
3385 46 2532 2529 2530
3386 46 593 578 592
3387 46 768 767 766
3388 46 1731 815 817
3389 46 2789 2556 882
3390 46 1263 1186 1262
3391 46 2517 1982 1983
3392 46 614 612 613
3393 46 1712 1482 1234
3394 46 457 456 455
3395 46 889 888 886
3396 46 484 451 452
3397 46 1045 520 512
3398 46 732 730 729
3399 46 996 995 993
3400 46 1581 1378 1379
3401 46 1082 524 531
3402 46 1471 1470 1469
3403 46 2564 202 288
3404 46 1066 1064 1065
3405 46 2747 1251 883
3406 46 1875 1476 1873
3407 46 493 484 485
3408 46 2759 1824 1212
3409 46 1716 1715 1714
3410 46 2751 1546 1993
3411 46 1557 913 1126
3412 46 1599 1598 1597
3413 46 2697 501 492
3414 46 2599 708 1102
3415 46 2724 1388 1096
3416 46 1662 1198 1325
3417 46 1797 1557 1563
3418 46 2644 1834 2145
3419 46 779 777 778
3420 46 980 899 900
3421 46 2521 1566 2027
3422 46 1732 1717 1716
3423 46 633 386 388
3424 46 2726 1721 513
3425 46 2687 1198 1662
3426 46 2702 1976 1574
3427 46 2827 1211 1541
3428 46 551 542 541
3429 46 2498 2496 2495
3430 46 533 525 523
3431 46 907 906 852
3432 46 1223 1118 1117
3433 46 552 385 383
3434 46 2668 894 892
3435 46 2000 1343 1345
3436 46 406 404 405
3437 46 2231 1843 2230
3438 46 2805 2362 2783
3439 46 3125 3121 2547
3440 46 2736 499 498
3441 46 2737 751 755
3442 46 2874 615 624
3443 46 885 865 864
3444 46 1001 910 911
3445 46 2805 2783 1019
3446 46 1597 1472 1471
3447 46 2757 1515 2296
3448 46 923 397 399
3449 46 2702 1574 787
3450 46 1356 1355 1354
3451 46 2248 1702 2058
3452 46 2848 407 2681
3453 46 755 751 753
3454 46 2010 1213 1722
3455 46 775 773 774
3456 46 1569 1332 1496
3457 46 1469 1467 1466
3458 46 2658 1035 387
3459 46 1436 1435 1340
3460 46 1938 1685 1937
3461 46 1047 562 493
3462 46 507 506 496
3463 46 2735 1080 1077
3464 46 1231 1230 1201
3465 46 1747 1546 1718
3466 46 2212 1910 1735
3467 46 2018 635 1564
3468 46 1292 1015 1291
3469 46 2847 1460 1236
3470 46 1332 1329 1331
3471 46 2440 1651 2118
3472 46 643 641 642
3473 46 2012 2011 941
3474 46 951 949 950
3475 46 2794 1937 1296
3476 46 1987 1747 1718
3477 46 3052 3046 1994
3478 46 2685 923 399
3479 46 455 450 449
3480 46 2654 662 1018
3481 46 2434 999 2433
3482 46 892 890 891
3483 46 1792 1541 1791
3484 46 1988 1747 1987
3485 46 2721 416 423
3486 46 2542 1988 1987
3487 46 966 922 965
3488 46 449 448 447
3489 46 1813 1677 1026
3490 46 1541 1211 1540
3491 46 2799 2584 526
3492 46 447 446 445
3493 46 479 477 478
3494 46 2490 1481 2060
3495 46 445 444 443
3496 46 2807 1343 2000
3497 46 1923 1922 1709
3498 46 2681 403 400
3499 46 575 574 561
3500 46 1129 1128 916
3501 46 1456 1451 1397
3502 46 1265 1263 1264
3503 46 2020 1787 1815
3504 46 1714 1713 1712
3505 46 1390 1294 1310
3506 46 1974 1757 1539
3507 46 2507 2344 1707
3508 46 1535 1239 1461
3509 46 2713 1476 1875
3510 46 1707 1537 1538
3511 46 2728 2542 1987
3512 46 2677 309 49
3513 46 2604 215 306
3514 46 2550 96 273
3515 46 1087 492 487
3516 46 773 771 772
3517 46 1108 517 504
3518 46 2689 570 576
3519 46 2757 1020 1140
3520 46 2344 1537 1707
3521 46 1808 1807 1610
3522 46 509 508 507
3523 46 916 915 884
3524 46 2864 1907 1904
3525 46 2717 859 857
3526 46 1989 1219 1129
3527 46 1371 1369 1370
3528 46 2392 265 2391
3529 46 481 479 480
3530 46 384 382 383
3531 46 2658 385 552
3532 46 398 397 396
3533 46 1696 565 566
3534 46 910 907 909
3535 46 2842 674 920
3536 46 1092 1090 1091
3537 46 1261 1164 1259
3538 46 2035 1826 1585
3539 46 795 794 793
3540 46 864 847 846
3541 46 1388 1184 1096
3542 46 1661 636 1289
3543 46 1090 1088 1089
3544 46 2802 1093 1097
3545 46 771 769 770
3546 46 1326 1204 1300
3547 46 1466 1465 1464
3548 46 1718 1546 1533
3549 46 400 399 398
3550 46 2721 417 416
3551 46 1340 1339 1338
3552 46 2142 2105 2104
3553 46 403 401 400
3554 46 405 404 403
3555 46 432 430 431
3556 46 2180 1783 1898
3557 46 1520 1417 1519
3558 46 1623 1405 1622
3559 46 1055 985 1054
3560 46 1076 1074 1075
3561 46 522 514 501
3562 46 576 570 569
3563 46 1199 1079 1197
3564 46 2192 2191 1657
3565 46 2535 1987 1718
3566 46 1003 973 877
3567 46 2491 1233 2490
3568 46 2038 1809 1827
3569 46 2798 427 670
3570 46 1762 735 733
3571 46 846 845 844
3572 46 2728 1987 2535
3573 46 2479 1938 2478
3574 46 2749 219 218
3575 46 1364 420 417
3576 46 1768 649 672
3577 46 1130 915 1128
3578 46 2388 1711 2386
3579 46 2721 1364 417
3580 46 1251 442 883
3581 46 2739 1541 1792
3582 46 2214 1667 2213
3583 46 2357 183 182
3584 46 567 566 557
3585 46 2771 575 2581
3586 46 1783 1559 1560
3587 46 2762 1236 1001
3588 46 2834 1259 1432
3589 46 1831 1819 1820
3590 46 2310 2051 1835
3591 46 1187 1149 1003
3592 46 1417 1415 1416
3593 46 2360 1662 2359
3594 46 2964 1778 1777
3595 46 3105 2982 2227
3596 46 2744 558 556
3597 46 1929 565 1696
3598 46 1285 1188 1187
3599 46 2599 709 708
3600 46 2843 1091 1089
3601 46 2680 655 675
3602 46 1088 756 758
3603 46 809 803 805
3604 46 1078 1076 1077
3605 46 1692 1410 1299
3606 46 844 843 842
3607 46 2698 310 177
3608 46 2744 565 1929
3609 46 1338 1336 1334
3610 46 2191 1655 1657
3611 46 2747 915 1130
3612 46 1135 980 1134
3613 46 2608 2607 2606
3614 46 709 706 708
3615 46 766 765 764
3616 46 769 767 768
3617 46 2922 936 1113
3618 46 2687 1010 1198
3619 46 2995 1420 1227
3620 46 2543 1988 2542
3621 46 1378 1375 1377
3622 46 2234 1903 2204
3623 46 2006 675 945
3624 46 2676 957 1051
3625 46 2796 964 962
3626 46 875 874 870
3627 46 2227 1662 1325
3628 46 2094 2074 1620
3629 46 2544 2543 2542
3630 46 2603 540 549
3631 46 582 575 581
3632 46 1157 1156 1057
3633 46 1533 1215 1216
3634 46 1973 1823 1528
3635 46 3138 3044 2263
3636 46 2016 1761 2007
3637 46 2005 2004 1549
3638 46 1498 1199 1497
3639 46 2742 557 544
3640 46 1559 978 1194
3641 46 842 841 840
3642 46 2109 2108 2107
3643 46 1590 1273 1434
3644 46 2513 1691 2512
3645 46 1555 489 483
3646 46 2847 2638 1460
3647 46 2265 2264 1676
3648 46 2893 885 1940
3649 46 2405 1929 1696
3650 46 1354 1353 1349
3651 46 2604 216 215
3652 46 2008 632 1991
3653 46 2747 883 915
3654 46 569 568 567
3655 46 1872 1432 1871
3656 46 409 406 408
3657 46 2751 1215 1546
3658 46 3009 2002 2657
3659 46 2691 1222 1394
3660 46 1266 1150 1151
3661 46 2361 1698 1692
3662 46 2760 51 50
3663 46 884 883 882
3664 46 1567 1254 1566
3665 46 1113 936 975
3666 46 1635 1286 1287
3667 46 2680 675 2006
3668 46 2750 696 694
3669 46 1128 915 916
3670 46 1238 966 1141
3671 46 1916 1532 1503
3672 46 2724 1096 1094
3673 46 2359 1662 2227
3674 46 3044 2516 2620
3675 46 2799 526 536
3676 46 2740 1190 1490
3677 46 2765 1977 1976
3678 46 2024 1856 1857
3679 46 1254 938 1253
3680 46 2998 623 2973
3681 46 2876 1104 1148
3682 46 670 427 437
3683 46 2102 2067 1608
3684 46 2430 335 2306
3685 46 2804 712 2599
3686 46 721 719 720
3687 46 2615 1412 1604
3688 46 3071 3022 2656
3689 46 717 715 716
3690 46 1041 1040 1039
3691 46 2720 774 1309
3692 46 1563 1557 1126
3693 46 1901 579 1900
3694 46 949 637 948
3695 46 679 678 663
3696 46 867 866 850
3697 46 2778 910 1144
3698 46 2738 1718 1533
3699 46 2814 1947 1944
3700 46 2668 892 903
3701 46 2354 52 51
3702 46 411 409 410
3703 46 1219 1128 1129
3704 46 2809 1307 2529
3705 46 431 430 426
3706 46 725 723 724
3707 46 3095 411 1972
3708 46 840 839 838
3709 46 1910 1734 1735
3710 46 2793 2729 2312
3711 46 1819 1535 1536
3712 46 2472 2471 1701
3713 46 911 910 909
3714 46 968 967 875
3715 46 890 888 889
3716 46 2799 580 1311
3717 46 413 411 412
3718 46 1010 909 908
3719 46 2862 750 1252
3720 46 269 90 89
3721 46 261 206 205
3722 46 270 218 217
3723 46 2436 2382 1973
3724 46 2356 180 179
3725 46 838 837 836
3726 46 2605 216 2604
3727 46 415 413 414
3728 46 2692 1365 1356
3729 46 417 415 416
3730 46 1279 1278 1157
3731 46 2824 1244 1294
3732 46 1486 1292 1291
3733 46 2859 2751 1993
3734 46 2942 82 81
3735 46 528 510 509
3736 46 764 763 762
3737 46 915 883 884
3738 46 2850 1344 1737
3739 46 2894 2362 2805
3740 46 547 546 537
3741 46 434 432 433
3742 46 1511 1250 1242
3743 46 574 560 561
3744 46 1548 914 813
3745 46 924 589 583
3746 46 2743 1835 1698
3747 46 2385 2294 2384
3748 46 613 612 595
3749 46 2697 522 501
3750 46 1209 1050 1049
3751 46 905 904 867
3752 46 592 578 564
3753 46 713 711 712
3754 46 2780 1559 2001
3755 46 1791 1541 1540
3756 46 408 406 405
3757 46 2729 603 621
3758 46 1242 1155 1154
3759 46 2738 2535 1718
3760 46 2317 33 32
3761 46 2932 866 904
3762 46 2720 1309 1982
3763 46 1772 1738 1771
3764 46 2887 617 635
3765 46 2768 739 2686
3766 46 2843 1094 1091
3767 46 777 776 775
3768 46 2695 605 744
3769 46 2691 1394 1832
3770 46 2816 986 1162
3771 46 1249 1248 1196
3772 46 1790 1289 1788
3773 46 760 759 757
3774 46 2795 1737 1053
3775 46 2864 2238 1907
3776 46 2714 614 632
3777 46 2745 954 956
3778 46 1828 1586 1654
3779 46 1761 1335 1337
3780 46 2800 1079 1199
3781 46 2760 2354 51
3782 46 1752 440 436
3783 46 478 477 454
3784 46 2188 1781 2187
3785 46 572 571 570
3786 46 2811 2735 1075
3787 46 2652 493 494
3788 46 410 409 408
3789 46 1383 1381 1382
3790 46 2771 574 575
3791 46 886 865 885
3792 46 991 990 905
3793 46 1534 1533 1216
3794 46 3093 1386 1385
3795 46 2291 1930 1683
3796 46 412 411 410
3797 46 2417 2414 1593
3798 46 414 413 412
3799 46 2761 781 784
3800 46 1007 942 1006
3801 46 2738 1533 1534
3802 46 2755 1803 2692
3803 46 2793 616 2729
3804 46 2898 2474 676
3805 46 2743 2310 1835
3806 46 1352 1351 1350
3807 46 2894 2477 2362
3808 46 1218 1217 1107
3809 46 2765 1980 1977
3810 46 416 415 414
3811 46 2714 632 2008
3812 46 1494 1311 1305
3813 46 2845 877 859
3814 46 1213 1048 1047
3815 46 2044 1639 1595
3816 46 2242 1910 2212
3817 46 855 854 684
3818 46 2548 1703 1267
3819 46 1215 1048 1214
3820 46 1202 1060 1062
3821 46 2741 2472 1701
3822 46 767 765 766
3823 46 1125 754 752
3824 46 1585 1007 1193
3825 46 2758 2035 1585
3826 46 856 680 679
3827 46 1683 1530 1295
3828 46 2734 496 489
3829 46 1780 1779 1587
3830 46 1074 1073 1071
3831 46 2770 1982 2517
3832 46 1496 1332 1331
3833 46 686 685 668
3834 46 1912 1828 1654
3835 46 1083 593 592
3836 46 2296 1515 1680
3837 46 1416 1415 1170
3838 46 1856 1450 1855
3839 46 1798 1797 1563
3840 46 2891 1990 2873
3841 46 1710 1632 1522
3842 46 2261 1790 1788
3843 46 2646 1366 532
3844 46 2729 621 1921
3845 46 1657 1655 1487
3846 46 2729 616 603
3847 46 1150 1002 1110
3848 46 585 582 584
3849 46 2783 1139 1019
3850 46 2743 1698 2361
3851 46 2902 2776 2774
3852 46 2760 309 2679
3853 46 573 548 547
3854 46 1738 1206 1509
3855 46 2787 2102 1608
3856 46 2697 492 1087
3857 46 985 984 894
3858 46 836 835 834
3859 46 2919 2506 1021
3860 46 3208 2961 732
3861 46 1525 1524 1428
3862 46 2384 2294 278
3863 46 1289 636 947
3864 46 762 761 760
3865 46 881 857 856
3866 46 909 907 908
3867 46 1069 1068 1066
3868 46 939 741 898
3869 46 894 893 892
3870 46 3120 1021 1939
3871 46 1325 1198 1290
3872 46 3000 2696 2650
3873 46 794 789 793
3874 46 1048 562 1047
3875 46 1737 1344 1053
3876 46 1667 1569 1496
3877 46 883 442 882
3878 46 1543 1216 1214
3879 46 2809 2529 2616
3880 46 2776 2775 2774
3881 46 2744 556 565
3882 46 1196 1195 979
3883 46 2750 733 696
3884 46 1490 1190 1191
3885 46 865 847 864
3886 46 1158 998 997
3887 46 2593 1036 2480
3888 46 882 442 433
3889 46 1295 1247 1135
3890 46 1845 1436 1438
3891 46 1207 1206 1078
3892 46 728 725 727
3893 46 941 939 940
3894 46 1216 1215 1214
3895 46 1937 1685 1296
3896 46 1870 1869 1739
3897 46 2873 593 1083
3898 46 3069 1995 2403
3899 46 2646 525 533
3900 46 654 643 642
3901 46 2943 2435 1760
3902 46 2262 1862 1915
3903 46 2668 903 1975
3904 46 642 641 627
3905 46 639 638 631
3906 46 1024 794 795
3907 46 1071 1070 1069
3908 46 1551 946 944
3909 46 2874 624 649
3910 46 2783 1692 1299
3911 46 1358 1356 1357
3912 46 2039 1584 1583
3913 46 665 664 653
3914 46 1723 1495 1494
3915 46 2842 920 1527
3916 46 2654 1018 1523
3917 46 661 660 659
3918 46 1550 1120 943
3919 46 1156 1055 1057
3920 46 786 779 781
3921 46 2798 2721 423
3922 46 675 655 654
3923 46 2756 561 550
3924 46 2783 1299 1139
3925 46 2745 1204 1326
3926 46 2759 1212 1572
3927 46 2178 2176 2177
3928 46 2202 2188 2187
3929 46 2830 1024 795
3930 46 2794 901 476
3931 46 2718 512 510
3932 46 2842 644 674
3933 46 1451 1281 1397
3934 46 1492 1383 1384
3935 46 2547 1791 1799
3936 46 480 479 478
3937 46 433 432 431
3938 46 765 763 764
3939 46 1211 1073 1203
3940 46 1350 1348 1346
3941 46 1051 957 955
3942 46 1739 1478 1232
3943 46 1206 1076 1078
3944 46 2814 2380 1947
3945 46 2675 500 515
3946 46 2477 2361 2362
3947 46 2240 1672 2015
3948 46 908 907 852
3949 46 1540 1211 1526
3950 46 3212 1219 3211
3951 46 2471 1699 1701
3952 46 1198 1010 1101
3953 46 2768 852 739
3954 46 2215 1490 1491
3955 46 1771 1738 1509
3956 46 2047 1831 2045
3957 46 632 614 613
3958 46 847 845 846
3959 46 311 81 80
3960 46 2764 663 657
3961 46 2845 1004 877
3962 46 682 681 665
3963 46 1671 1670 1290
3964 46 1634 1594 1406
3965 46 2809 435 1307
3966 46 1510 1509 1207
3967 46 1708 1413 1617
3968 46 1734 1733 1498
3969 46 1101 1010 908
3970 46 3067 2510 2508
3971 46 518 474 472
3972 46 776 773 775
3973 46 653 652 651
3974 46 2814 1944 1942
3975 46 309 50 49
3976 46 310 178 177
3977 46 2865 1545 924
3978 46 2763 2012 941
3979 46 1084 722 726
3980 46 2862 752 750
3981 46 1086 470 468
3982 46 1339 1336 1338
3983 46 1799 1791 1540
3984 46 1851 1475 1836
3985 46 1203 1073 1074
3986 46 1361 1359 1360
3987 46 2746 487 474
3988 46 845 843 844
3989 46 834 833 832
3990 46 1740 1068 1070
3991 46 1586 1585 1193
3992 46 1587 1586 1193
3993 46 1898 1783 1560
3994 46 1111 447 445
3995 46 2746 1087 487
3996 46 2891 1329 1332
3997 46 442 434 433
3998 46 1788 1289 947
3999 46 2362 2361 1692
4000 46 586 585 584
4001 46 581 575 561
4002 46 1068 1064 1066
4003 46 1073 1070 1071
4004 46 2768 908 852
4005 46 1435 1339 1340
4006 46 2297 1954 1952
4007 46 2252 1962 1960
4008 46 2734 507 496
4009 46 2138 1808 2137
4010 46 1126 913 914
4011 46 2197 2192 1657
4012 46 2750 1762 733
4013 46 1711 1520 1519
4014 46 2695 744 899
4015 46 1004 1003 877
4016 46 1107 1106 897
4017 46 933 929 931
4018 46 2800 1078 1079
4019 46 2674 2078 1633
4020 46 562 484 493
4021 46 1154 1153 1152
4022 46 2841 1780 1587
4023 46 2025 2024 1857
4024 46 2628 2498 2495
4025 46 668 667 661
4026 46 1359 887 1100
4027 46 2995 1224 2713
4028 46 1610 1358 1609
4029 46 490 481 480
4030 46 1131 1126 914
4031 46 2824 1294 1927
4032 46 2970 1706 2919
4033 46 2872 443 2648
4034 46 1247 980 1135
4035 46 1897 1895 1746
4036 46 2727 1930 2291
4037 46 2616 2529 2532
4038 46 2718 510 528
4039 46 2717 857 881
4040 46 1789 1788 947
4041 46 1560 1559 1194
4042 46 1544 1247 1530
4043 46 2800 1199 1733
4044 46 2692 1803 1365
4045 46 1782 1781 1780
4046 46 2758 1585 1586
4047 46 2380 1950 1947
4048 46 1509 1206 1207
4049 46 1519 1417 1416
4050 46 1097 1093 1095
4051 46 2798 423 427
4052 46 2771 947 574
4053 46 1928 1927 1390
4054 46 2478 1938 1937
4055 46 843 841 842
4056 46 2772 1010 2687
4057 46 2850 1346 1344
4058 46 2707 206 261
4059 46 2789 433 431
4060 46 2741 1701 1702
4061 46 926 925 924
4062 46 2753 1352 1386
4063 46 1152 1151 1110
4064 46 2615 1604 2089
4065 46 2813 1017 418
4066 46 2834 1432 1872
4067 46 2760 50 309
4068 46 2805 1019 677
4069 46 1902 1492 1493
4070 46 1930 1530 1683
4071 46 1733 1199 1498
4072 46 2924 1937 2794
4073 46 2754 483 481
4074 46 1526 1211 1203
4075 46 2860 1320 1323
4076 46 2769 454 440
4077 46 1117 1116 1115
4078 46 2770 2720 1982
4079 46 2269 1958 1956
4080 46 2754 1555 483
4081 46 2911 963 919
4082 46 2007 1761 1337
4083 46 2758 1586 1828
4084 46 2734 489 1555
4085 46 1464 1363 1463
4086 46 2749 270 2607
4087 46 832 831 830
4088 46 1349 1347 1348
4089 46 1089 1088 758
4090 46 1119 925 927
4091 46 2772 909 1010
4092 46 2749 218 270
4093 46 2764 657 2680
4094 46 1193 1007 1006
4095 46 841 839 840
4096 46 1475 1183 1473
4097 46 1857 1856 1855
4098 46 2893 889 886
4099 46 1070 1068 1069
4100 46 1997 1992 1341
4101 46 1654 1586 1587
4102 46 730 728 729
4103 46 2985 1425 1514
4104 46 2837 2043 1730
4105 46 914 913 813
4106 46 1374 687 1373
4107 46 1670 1325 1290
4108 46 1996 1330 1328
4109 46 2787 1435 1436
4110 46 2096 2079 1639
4111 46 2128 1923 2127
4112 46 1053 776 777
4113 46 2783 2362 1692
4114 46 2219 2130 2165
4115 46 947 636 574
4116 46 1489 1285 1187
4117 46 1530 1247 1295
4118 46 1287 1286 1285
4119 46 1827 1809 1389
4120 46 1673 573 1341
4121 46 1363 1361 1362
4122 46 1212 1084 1132
4123 46 893 890 892
4124 46 2825 1133 891
4125 46 942 941 940
4126 46 2014 1672 1671
4127 46 1347 1345 1346
4128 46 2093 1637 2092
4129 46 1272 1269 1271
4130 46 2865 924 583
4131 46 830 829 828
4132 46 1868 1451 1456
4133 46 2753 2044 1595
4134 46 591 590 586
4135 46 2876 1148 1728
4136 46 2148 2147 1870
4137 46 2848 2681 2682
4138 46 2742 544 1366
4139 46 1999 1360 1100
4140 46 1343 776 1053
4141 46 2824 1243 1244
4142 46 2849 1986 1726
4143 46 2028 1645 1570
4144 46 1331 1329 1330
4145 46 1918 1917 1531
4146 46 2782 2683 1058
4147 46 2858 534 689
4148 46 1501 1248 1249
4149 46 636 560 574
4150 46 2764 679 663
4151 46 763 761 762
4152 46 782 767 769
4153 46 888 887 886
4154 46 2851 1114 1172
4155 46 1572 1212 1531
4156 46 1345 1343 1344
4157 46 1311 580 1305
4158 46 1357 1356 1354
4159 46 1744 1733 1734
4160 46 2033 1572 1917
4161 46 2745 956 1204
4162 46 1811 1798 1563
4163 46 1248 1195 1196
4164 46 538 455 449
4165 46 1214 1048 1213
4166 46 1753 1609 1357
4167 46 3119 502 3108
4168 46 1290 1198 1101
4169 46 2228 1970 1965
4170 46 2769 478 454
4171 46 761 759 760
4172 46 2675 515 1894
4173 46 1779 1654 1587
4174 46 2876 2599 1102
4175 46 2920 1674 1508
4176 46 2213 1667 1985
4177 46 1532 1240 1503
4178 46 2130 2128 2129
4179 46 2895 1550 943
4180 46 2818 2539 1998
4181 46 839 837 838
4182 46 2845 859 2717
4183 46 2899 530 520
4184 46 1168 1123 1166
4185 46 2790 431 426
4186 46 913 490 813
4187 46 1570 1457 1376
4188 46 2772 1109 911
4189 46 1329 1083 1328
4190 46 2924 2478 1937
4191 46 2789 882 433
4192 46 742 700 702
4193 46 2742 567 557
4194 46 1151 1150 1110
4195 46 1595 1351 1352
4196 46 2790 426 422
4197 46 2972 634 2279
4198 46 1775 1463 1362
4199 46 2754 481 490
4200 46 597 596 588
4201 46 1278 1156 1157
4202 46 1793 994 1235
4203 46 1093 1092 1091
4204 46 2863 2784 1251
4205 46 1333 794 1024
4206 46 1351 1348 1350
4207 46 2258 1913 1674
4208 46 2899 541 530
4209 46 2822 815 1731
4210 46 940 939 898
4211 46 1499 1484 1485
4212 46 616 615 603
4213 46 2785 620 2714
4214 46 2976 637 1758
4215 46 1500 1218 1313
4216 46 2741 1702 2248
4217 46 610 609 608
4218 46 646 645 625
4219 46 2763 942 1007
4220 46 1552 1132 726
4221 46 2881 1548 813
4222 46 2843 2724 1094
4223 46 1985 1667 1496
4224 46 2938 693 695
4225 46 2782 1058 1060
4226 46 2079 1596 1639
4227 46 2021 2009 1748
4228 46 828 827 826
4229 46 2973 623 1050
4230 46 927 925 926
4231 46 2019 1418 1171
4232 46 2204 1903 1839
4233 46 2894 2805 678
4234 46 977 942 940
4235 46 2777 1170 1146
4236 46 2774 1313 1315
4237 46 629 628 618
4238 46 1252 750 748
4239 46 2876 1102 1104
4240 46 1672 1670 1671
4241 46 2898 676 1028
4242 46 2772 911 909
4243 46 1191 1190 1005
4244 46 1091 1090 1089
4245 46 1480 1479 1402
4246 46 1629 1469 1466
4247 46 1926 1925 1554
4248 46 1334 1333 1024
4249 46 1911 1786 1770
4250 46 2844 2724 2843
4251 46 2871 870 986
4252 46 1644 1278 1279
4253 46 312 209 208
4254 46 2763 941 942
4255 46 2866 972 971
4256 46 2903 1239 1535
4257 46 2933 1644 2888
4258 46 3168 2265 1676
4259 46 2784 434 442
4260 46 785 761 763
4261 46 1344 1343 1053
4262 46 984 893 894
4263 46 2761 786 781
4264 46 1006 942 977
4265 46 1177 1176 1121
4266 46 2769 440 1752
4267 46 813 490 480
4268 46 1754 1609 1753
4269 46 1527 920 922
4270 46 1927 1294 1390
4271 46 2137 1808 1610
4272 46 2290 2270 1741
4273 46 2857 784 789
4274 46 1992 1673 1341
4275 46 1346 1345 1344
4276 46 2071 1594 1634
4277 46 2864 1904 1903
4278 46 588 587 572
4279 46 625 624 616
4280 46 1885 1636 1884
4281 46 2859 562 2751
4282 46 1488 1195 1248
4283 46 2241 1992 1997
4284 46 2899 520 1045
4285 46 1182 984 1181
4286 46 2808 1206 1738
4287 46 1596 1351 1595
4288 46 2393 2392 2391
4289 46 837 835 836
4290 46 2808 1074 1076
4291 46 2800 1207 1078
4292 46 1153 1151 1152
4293 46 1639 1596 1595
4294 46 2784 436 434
4295 46 759 758 757
4296 46 2889 1551 944
4297 46 601 600 591
4298 46 2856 992 905
4299 46 1348 1347 1346
4300 46 2263 2240 2015
4301 46 2790 2789 431
4302 46 1181 984 985
4303 46 1781 1779 1780
4304 46 618 617 610
4305 46 2808 1203 1074
4306 46 2399 288 2398
4307 46 2649 568 571
4308 46 1455 1172 1454
4309 46 1121 989 879
4310 46 1545 926 924
4311 46 2801 1062 1064
4312 46 2831 748 746
4313 46 2810 760 757
4314 46 887 865 886
4315 46 1360 1359 1100
4316 46 2785 627 620
4317 46 1335 1333 1334
4318 46 2871 875 870
4319 46 2858 689 1016
4320 46 1609 1358 1357
4321 46 757 756 754
4322 46 1402 1401 1177
4323 46 2821 141 140
4324 46 1328 1083 592
4325 46 945 675 944
4326 46 1991 632 1990
4327 46 719 718 717
4328 46 1132 1084 726
4329 46 943 881 856
4330 46 1407 1182 1406
4331 46 2015 1672 2014
4332 46 2166 1875 1873
4333 46 2652 494 502
4334 46 2840 946 1551
4335 46 1531 1212 1132
4336 46 2777 1416 1170
4337 46 1369 1368 1265
4338 46 2711 279 2710
4339 46 1748 1565 1105
4340 46 1336 1335 1334
4341 46 2813 2495 1017
4342 46 1899 1898 1560
4343 46 1815 1787 1814
4344 46 3244 1852 1853
4345 46 2278 634 1367
4346 46 1922 1708 1709
4347 46 2807 771 773
4348 46 995 991 993
4349 46 1846 1407 1594
4350 46 1015 881 943
4351 46 2886 1739 1232
4352 46 1391 1331 1330
4353 46 1468 1442 1444
4354 46 723 722 721
4355 46 1529 1209 1049
4356 46 1330 1329 1328
4357 46 2795 777 779
4358 46 978 945 946
4359 46 1474 1473 1184
4360 46 1759 1327 1554
4361 46 2078 2077 1633
4362 46 2864 1903 2234
4363 46 1990 632 613
4364 46 2784 1752 436
4365 46 1341 573 547
4366 46 715 714 713
4367 46 1491 1490 1191
4368 46 2718 1045 512
4369 46 1194 978 979
4370 46 1763 1278 1644
4371 46 2753 1595 1352
4372 46 1917 1572 1531
4373 46 1100 887 888
4374 46 2782 1060 1202
4375 46 2801 1202 1062
4376 46 1524 1180 1428
4377 46 1337 1335 1336
4378 46 2870 636 1661
4379 46 2771 1789 947
4380 46 2840 1196 979
4381 46 2181 1898 1899
4382 46 2386 1711 1774
4383 46 2788 985 1055
4384 46 1184 1183 1096
4385 46 2160 1851 1836
4386 46 2746 474 518
4387 46 848 843 845
4388 46 2787 1608 1435
4389 46 2083 1597 1471
4390 46 2183 1896 2182
4391 46 1217 1106 1107
4392 46 1774 1711 1519
4393 46 2762 1002 1150
4394 46 2312 1921 2311
4395 46 2857 789 794
4396 46 1002 1001 911
4397 46 2850 1350 1346
4398 46 2810 754 1125
4399 46 1608 1450 1435
4400 46 2857 2761 784
4401 46 944 675 654
4402 46 1553 1327 1238
4403 46 1636 1635 1287
4404 46 1192 1006 977
4405 46 2878 2832 2003
4406 46 2823 899 980
4407 46 2808 1076 1206
4408 46 1583 1433 1260
4409 46 1195 1194 979
4410 46 2888 1279 1281
4411 46 2868 1217 1218
4412 46 2238 2199 1907
4413 46 1766 816 814
4414 46 2832 847 865
4415 46 1495 1311 1494
4416 46 2803 1960 1958
4417 46 2929 72 71
4418 46 1291 1015 1120
4419 46 2787 1436 1845
4420 46 1836 1475 1473
4421 46 2993 1988 2543
4422 46 754 753 752
4423 46 2791 1634 1406
4424 46 2187 1781 1782
4425 46 2795 1053 777
4426 46 726 722 723
4427 46 1406 1182 1181
4428 46 2167 2160 1836
4429 46 2887 635 2018
4430 46 758 756 757
4431 46 2830 795 797
4432 46 979 978 946
4433 46 1362 1361 1360
4434 46 1646 1590 1591
4435 46 711 710 709
4436 46 1127 820 818
4437 46 1381 1380 1371
4438 46 835 833 834
4439 46 1450 1339 1435
4440 46 2847 1236 2762
4441 46 1844 1626 1601
4442 46 2900 2763 1826
4443 46 1463 1363 1362
4444 46 854 682 684
4445 46 756 753 754
4446 46 652 648 651
4447 46 2874 649 1768
4448 46 1745 1106 1217
4449 46 1577 1568 1567
4450 46 2793 625 616
4451 46 1109 1002 911
4452 46 1014 1012 1013
4453 46 1883 1636 1287
4454 46 2105 1618 2104
4455 46 2872 445 443
4456 46 1625 1623 1624
4457 46 2581 582 585
4458 46 2785 642 627
4459 46 2820 888 890
4460 46 1112 837 839
4461 46 2136 2025 2135
4462 46 2869 564 555
4463 46 2205 2181 1899
4464 46 2398 288 201
4465 46 2984 670 2956
4466 46 2777 1146 2663
4467 46 2838 449 447
4468 46 637 587 596
4469 46 946 945 944
4470 46 2827 1073 1211
4471 46 1549 1250 1511
4472 46 2067 1855 1608
4473 46 753 751 752
4474 46 1742 1730 1266
4475 46 2792 1870 1739
4476 46 1220 976 937
4477 46 2963 1856 2024
4478 46 1120 1015 943
4479 46 1173 996 1143
4480 46 1776 1463 1775
4481 46 1749 1491 1191
4482 46 2084 1763 2048
4483 46 866 686 850
4484 46 2877 537 527
4485 46 2873 595 593
4486 46 898 741 897
4487 46 1293 1291 1120
4488 46 874 855 870
4489 46 1896 1765 1895
4490 46 1096 1095 1094
4491 46 2815 1431 1429
4492 46 826 825 822
4493 46 2901 1510 1207
4494 46 2910 2505 740
4495 46 1250 1155 1242
4496 46 2812 472 470
4497 46 2806 1522 1520
4498 46 2806 1520 1711
4499 46 718 715 717
4500 46 1728 1148 1186
4501 46 2914 628 629
4502 46 660 639 659
4503 46 2801 1064 1068
4504 46 2223 1524 1525
4505 46 1855 1450 1608
4506 46 1473 1183 1184
4507 46 722 719 721
4508 46 2788 1181 985
4509 46 2820 1999 1100
4510 46 2819 207 2707
4511 46 2387 2386 1774
4512 46 2829 722 1084
4513 46 1155 1153 1154
4514 46 2888 1644 1279
4515 46 2888 1281 1451
4516 46 1765 1745 1746
4517 46 3209 1989 3199
4518 46 2831 1252 748
4519 46 1594 1407 1406
4520 46 1183 1095 1096
4521 46 2193 2183 2182
4522 46 2819 208 207
4523 46 2932 904 994
4524 46 2943 2922 1113
4525 46 1925 1759 1554
4526 46 714 711 713
4527 46 1724 1495 1723
4528 46 2859 484 562
4529 46 2883 669 918
4530 46 1582 1581 1379
4531 46 2812 470 1086
4532 46 815 576 814
4533 46 2802 1389 1092
4534 46 2052 1451 1868
4535 46 1664 1663 1607
4536 46 1825 1656 1577
4537 46 2048 1763 1644
4538 46 2791 1181 2788
4539 46 2817 1956 1954
4540 46 1889 1886 1888
4541 46 2830 797 810
4542 46 741 731 740
4543 46 1327 966 1238
4544 46 2838 447 1111
4545 46 833 831 832
4546 46 2827 1070 1073
4547 46 1094 1093 1091
4548 46 1398 1317 1319
4549 46 2900 2012 2763
4550 46 3180 2206 2208
4551 46 2862 1125 752
4552 46 2788 1055 1156
4553 46 2980 687 1374
4554 46 2832 887 1359
4555 46 2098 2052 1868
4556 46 2801 1068 1740
4557 46 2918 1203 2808
4558 46 1931 1716 1714
4559 46 634 590 600
4560 46 710 706 709
4561 46 2135 2025 1857
4562 46 2954 1991 1990
4563 46 2827 1740 1070
4564 46 1760 933 931
4565 46 1818 1477 1226
4566 46 2276 1532 1916
4567 46 2822 2690 2689
4568 46 752 751 750
4569 46 2867 1782 1780
4570 46 2823 980 1247
4571 46 2828 1753 1357
4572 46 638 629 631
4573 46 2207 2206 1749
4574 46 2768 1101 908
4575 46 2907 731 2719
4576 46 2853 1003 1004
4577 46 2806 1710 1522
4578 46 2872 1111 445
4579 46 2260 1936 1669
4580 46 2810 757 754
4581 46 2828 1354 1349
4582 46 1110 1002 1109
4583 46 2829 718 719
4584 46 2969 2706 992
4585 46 1379 1378 1377
4586 46 747 528 746
4587 46 831 829 830
4588 46 2879 1450 1856
4589 46 2855 618 610
4590 46 1161 1153 1155
4591 46 1095 1093 1094
4592 46 3120 1939 3068
4593 46 2206 1491 1749
4594 46 897 741 740
4595 46 2795 779 786
4596 46 1746 1745 1217
4597 46 2918 1738 1772
4598 46 2841 1193 1006
4599 46 2324 2278 1367
4600 46 2813 2628 2495
4601 46 740 731 730
4602 46 2823 1247 1544
4603 46 1787 1785 1786
4604 46 868 833 835
4605 46 2823 2695 899
4606 46 1040 968 1039
4607 46 1554 1327 1553
4608 46 950 949 948
4609 46 1769 1495 1724
4610 46 2863 1752 2784
4611 46 2179 1892 1891
4612 46 2820 1100 888
4613 46 1106 898 897
4614 46 2841 1587 1193
4615 46 2865 583 581
4616 46 2807 773 776
4617 46 2748 1468 1444
4618 46 2807 776 1343
4619 46 1201 1014 1200
4620 46 2861 1349 1348
4621 46 2954 1990 2891
4622 46 2853 1187 1003
4623 46 2817 1954 2297
4624 46 938 935 934
4625 46 2853 1489 1187
4626 46 2583 1448 1612
4627 46 2924 2794 477
4628 46 1368 1263 1265
4629 46 2182 1896 1895
4630 46 948 637 596
4631 46 2921 2667 1109
4632 46 2851 1172 1455
4633 46 3145 2462 2461
4634 46 2833 1552 726
4635 46 3109 1175 3060
4636 46 2879 1336 1339
4637 46 2868 1897 1746
4638 46 751 749 750
4639 46 1814 1787 1786
4640 46 2839 1952 1950
4641 46 2803 1958 2269
4642 46 2923 1168 1166
4643 46 3035 782 2465
4644 46 2802 1092 1093
4645 46 2838 538 449
4646 46 2926 2807 2000
4647 46 1812 1568 1656
4648 46 2910 730 732
4649 46 2868 1218 1500
4650 46 2774 1500 1313
4651 46 1013 1012 1011
4652 46 2997 2983 1758
4653 46 2870 549 560
4654 46 749 747 748
4655 46 2857 794 1333
4656 46 2869 592 564
4657 46 2803 2252 1960
4658 46 1895 1765 1746
4659 46 2928 2844 2843
4660 46 1380 1369 1371
4661 46 2069 1865 1866
4662 46 2885 1266 1151
4663 46 2947 1119 2946
4664 46 814 576 569
4665 46 1743 1380 1669
4666 46 1660 1453 1459
4667 46 2918 2808 1738
4668 46 1785 1769 1770
4669 46 2767 638 639
4670 46 2781 1613 1449
4671 46 829 827 828
4672 46 2898 1028 1032
4673 46 2956 670 437
4674 46 2854 940 898
4675 46 2840 979 946
4676 46 2791 1406 1181
4677 46 2013 1638 1403
4678 46 2921 2772 2687
4679 46 2870 560 636
4680 46 1584 1433 1583
4681 46 2034 1854 1462
4682 46 731 728 730
4683 46 2832 865 887
4684 46 2820 890 893
4685 46 2976 2649 571
4686 46 2026 1564 1565
4687 46 2839 1950 2380
4688 46 958 953 952
4689 46 1887 1886 1884
4690 46 2879 1337 1336
4691 46 2903 1238 1239
4692 46 2828 1357 1354
4693 46 2984 1747 1988
4694 46 2920 1508 1507
4695 46 1884 1636 1883
4696 46 2817 2269 1956
4697 46 2816 1162 1413
4698 46 1643 1480 1576
4699 46 2812 518 472
4700 46 952 951 950
4701 46 2893 886 885
4702 46 1429 1158 1403
4703 46 2756 581 561
4704 46 2796 962 999
4705 46 3078 737 3056
4706 46 934 932 930
4707 46 1568 1254 1567
4708 46 2920 2258 1674
4709 46 2833 723 725
4710 46 750 749 748
4711 46 1558 950 948
4712 46 2921 2687 2360
4713 46 1367 634 600
4714 46 2762 1001 1002
4715 46 2829 719 722
4716 46 2877 547 537
4717 46 1663 1499 1607
4718 46 2886 990 991
4719 46 2841 1006 1192
4720 46 817 815 816
4721 46 2870 2603 549
4722 46 2852 1560 1194
4723 46 2781 2204 1839
4724 46 2891 1083 1329
4725 46 2781 1839 1613
4726 46 2861 1351 1596
4727 46 2878 845 847
4728 46 1502 1013 1011
4729 46 2950 1335 1761
4730 46 2861 1348 1351
4731 46 2873 613 595
4732 46 2882 1183 1475
4733 46 2009 1565 1748
4734 46 2903 1535 1821
4735 46 2882 1097 1095
4736 46 2875 1360 1999
4737 46 2833 726 723
4738 46 2659 84 265
4739 46 2971 517 1108
4740 46 3025 1158 1430
4741 46 590 585 586
4742 46 1821 1535 1819
4743 46 748 747 746
4744 46 685 667 668
4745 46 2101 1638 2095
4746 46 2859 451 484
4747 46 2967 548 573
4748 46 587 571 572
4749 46 827 825 826
4750 46 1564 635 1105
4751 46 2866 1005 972
4752 46 904 866 867
4753 46 2880 922 966
4754 46 2852 1194 1195
4755 46 2933 2888 2052
4756 46 819 817 818
4757 46 1770 1769 1724
4758 46 2839 2297 1952
4759 46 821 819 820
4760 46 2802 1827 1389
4761 46 2884 1918 1531
4762 46 2942 81 311
4763 46 600 590 591
4764 46 990 904 905
4765 46 3011 2021 1748
4766 46 596 587 588
4767 46 1115 824 825
4768 46 1375 1374 1373
4769 46 667 660 661
4770 46 878 827 829
4771 46 2852 1195 1488
4772 46 2940 855 874
4773 46 2969 1712 2706
4774 46 3003 1761 2016
4775 46 2930 615 2874
4776 46 2875 1775 1362
4777 46 2921 1109 2772
4778 46 2224 1665 2218
4779 46 2854 977 940
4780 46 2869 1996 1328
4781 46 2836 1368 1369
4782 46 2881 480 478
4783 46 3029 1364 2721
4784 46 2956 2859 1993
4785 46 967 874 875
4786 46 2861 2828 1349
4787 46 2428 1708 1922
4788 46 1645 1457 1570
4789 46 681 664 665
4790 46 824 821 822
4791 46 2877 1997 1341
4792 46 1258 1257 1167
4793 46 2220 1656 1825
4794 46 615 601 603
4795 46 1259 1164 1165
4796 46 2852 1899 1560
4797 46 1786 1785 1770
4798 46 2147 1869 1870
4799 46 664 652 653
4800 46 1505 1504 1200
4801 46 3069 1250 1995
4802 46 1891 1890 1888
4803 46 2884 1132 1552
4804 46 3116 1386 3093
4805 46 1656 1568 1577
4806 46 2983 2405 1696
4807 46 2394 265 2392
4808 46 1869 1478 1739
4809 46 2926 769 771
4810 46 2885 1742 1266
4811 46 2107 1611 1854
4812 46 624 615 616
4813 46 1176 989 1121
4814 46 2926 771 2807
4815 46 2988 2866 971
4816 46 628 617 618
4817 46 2775 1500 2774
4818 46 2150 2149 2148
4819 46 2881 478 2769
4820 46 2938 695 698
4821 46 1479 1401 1402
4822 46 1669 1380 1381
4823 46 2969 1714 1712
4824 46 645 624 625
4825 46 2983 2976 1758
4826 46 746 528 509
4827 46 2912 816 1766
4828 46 1401 1176 1177
4829 46 2971 2877 527
4830 46 2796 999 2434
4831 46 2881 813 480
4832 46 2869 1328 592
4833 46 2866 1191 1005
4834 46 2888 1451 2052
4835 46 2926 782 769
4836 46 2868 1746 1217
4837 46 1476 1223 1226
4838 46 2391 83 82
4839 46 2972 2581 585
4840 46 2854 898 1106
4841 46 617 609 610
4842 46 2879 1339 1450
4843 46 3060 2642 1922
4844 46 997 880 989
4845 46 2918 1526 1203
4846 46 2946 1757 1974
4847 46 2090 1872 1871
4848 46 2916 967 968
4849 46 2004 1995 1549
4850 46 1124 1123 1122
4851 46 880 672 879
4852 46 2889 654 642
4853 46 816 815 814
4854 46 672 649 671
4855 46 1936 1743 1669
4856 46 2878 848 845
4857 46 635 617 628
4858 46 2748 1444 1446
4859 46 1275 1173 1174
4860 46 2729 1921 2312
4861 46 1886 1885 1884
4862 46 2270 1679 1741
4863 46 929 927 928
4864 46 2884 1531 1132
4865 46 2966 2799 1311
4866 46 1621 1455 1454
4867 46 1167 1166 1124
4868 46 1614 1401 1479
4869 46 2837 1730 1742
4870 46 1122 958 952
4871 46 2486 346 161
4872 46 936 932 935
4873 46 2934 935 938
4874 46 2889 944 654
4875 46 2913 1766 814
4876 46 2878 847 2832
4877 46 2978 1671 1290
4878 46 2914 629 638
4879 46 2905 1883 1287
4880 46 931 929 930
4881 46 2875 1362 1360
4882 46 2965 866 2932
4883 46 649 624 645
4884 46 2895 943 856
4885 46 1611 1257 1462
4886 46 2997 1758 2499
4887 46 2967 2869 555
4888 46 1565 1564 1105
4889 46 1403 1158 997
4890 46 2873 1990 613
4891 46 2218 1665 1663
4892 46 609 599 608
4893 46 2877 1341 547
4894 46 2854 1106 1745
4895 46 2901 1733 1744
4896 46 3055 2750 1037
4897 46 2901 2800 1733
4898 46 1995 1250 1549
4899 46 2906 1818 1226
4900 46 2767 639 660
4901 46 2899 1802 541
4902 46 2892 1962 2252
4903 46 1804 1383 1492
4904 46 2816 1413 1708
4905 46 1873 1476 1477
4906 46 1164 975 976
4907 46 2950 2761 2857
4908 46 818 817 816
4909 46 2906 1117 1115
4910 46 1377 1375 1376
4911 46 2896 1786 1911
4912 46 1268 1159 1160
4913 46 2916 2019 1171
4914 46 2913 569 567
4915 46 1123 958 1122
4916 46 2880 1327 1759
4917 46 2095 1638 2013
4918 46 2937 2013 1403
4919 46 1849 1582 1650
4920 46 928 927 926
4921 46 975 936 937
4922 46 2880 966 1327
4923 46 2928 2843 1089
4924 46 1419 1275 1276
4925 46 2928 1089 758
4926 46 2890 2788 1156
4927 46 2941 2260 1669
4928 46 1165 1164 976
4929 46 2890 1156 1278
4930 46 3145 2461 2463
4931 46 2895 856 679
4932 46 2927 810 799
4933 46 822 821 820
4934 46 825 824 822
4935 46 2880 1527 922
4936 46 1105 635 628
4937 46 1556 652 664
4938 46 2912 1127 818
4939 46 2966 2584 2799
4940 46 1879 1878 1615
4941 46 3004 420 1364
4942 46 2915 596 597
4943 46 2984 2956 1993
4944 46 2928 758 759
4945 46 2936 2831 746
4946 46 2889 642 2785
4947 46 2836 1369 1380
4948 46 1802 551 541
4949 46 1676 1504 1505
4950 46 1432 1259 1260
4951 46 2955 700 742
4952 46 2903 1553 1238
4953 46 2890 1278 1763
4954 46 2659 265 2394
4955 46 820 819 818
4956 46 3052 1764 1806
4957 46 2976 571 587
4958 46 2915 1558 948
4959 46 3071 2656 1768
4960 46 1200 1014 1013
4961 46 2866 1749 1191
4962 46 2971 1997 2877
4963 46 989 880 879
4964 46 2882 1095 1183
4965 46 1876 1457 1645
4966 46 2943 1760 2922
4967 46 307 93 92
4968 46 308 221 220
4969 46 1638 1429 1403
4970 46 2901 1207 2800
4971 46 2983 1696 2649
4972 46 2116 1890 1892
4973 46 2907 725 728
4974 46 2819 312 208
4975 46 2952 984 1182
4976 46 2990 1752 2863
4977 46 2822 2689 576
4978 46 2945 645 646
4979 46 879 672 671
4980 46 1784 1504 1676
4981 46 1871 1432 1433
4982 46 2171 1854 2034
4983 46 671 649 645
4984 46 2277 1532 2276
4985 46 2913 567 2742
4986 46 1159 1040 1041
4987 46 3045 2780 2001
4988 46 2966 1311 1495
4989 46 2268 1784 2264
4990 46 2955 698 700
4991 46 2895 679 2764
4992 46 2890 2791 2788
4993 46 3161 2246 1506
4994 46 1260 1259 1165
4995 46 2935 1484 1499
4996 46 935 932 934
4997 46 3000 782 2926
4998 46 2902 2774 1315
4999 46 1888 1886 1887
5000 46 2822 576 815
5001 46 2865 581 2756
5002 46 1373 687 1372
5003 46 2988 971 2665
5004 46 2940 854 855
5005 46 2930 601 615
5006 46 1376 1375 1373
5007 46 3214 2213 1985
5008 46 2985 1514 2080
5009 46 2114 1614 2076
5010 46 2973 1050 1240
5011 46 2940 1114 2851
5012 46 2886 1232 990
5013 46 2897 1032 1180
5014 46 2975 1596 2079
5015 46 687 667 685
5016 46 1504 1201 1200
5017 46 3188 2010 3179
5018 46 2945 2633 671
5019 46 2944 646 648
5020 46 2902 1315 1317
5021 46 2950 2857 1333
5022 46 2968 1899 2852
5023 46 1874 1873 1477
5024 46 976 975 937
5025 46 3029 2993 2543
5026 46 2932 994 1793
5027 46 2907 728 731
5028 46 1890 1889 1888
5029 46 2968 2852 1488
5030 46 2081 1876 1645
5031 46 2967 1996 2869
5032 46 2815 1429 1638
5033 46 2989 1045 2705
5034 46 930 929 928
5035 46 1462 1257 1258
5036 46 2331 1805 1795
5037 46 1642 1641 1640
5038 46 2885 1151 1153
5039 46 2892 1965 1962
5040 46 2914 1105 628
5041 46 3013 681 682
5042 46 932 931 930
5043 46 2960 2856 867
5044 46 1477 1476 1226
5045 46 2170 1849 1650
5046 46 2972 585 590
5047 46 2076 1614 1479
5048 46 2933 2048 1644
5049 46 3056 701 699
5050 46 3028 3004 1364
5051 46 2816 1708 2428
5052 46 2836 1380 1743
5053 46 1854 1611 1462
5054 46 3010 1405 1623
5055 46 2977 977 2854
5056 46 1892 1890 1891
5057 46 2952 2820 893
5058 46 2395 2394 2392
5059 46 2964 1777 2281
5060 46 3017 2988 2665
5061 46 1372 687 685
5062 46 2264 1784 1676
5063 46 2956 451 2859
5064 46 937 936 935
5065 46 2913 814 569
5066 46 1226 1223 1117
5067 46 1650 1582 1379
5068 46 994 904 990
5069 46 2602 352 139
5070 46 1457 1377 1376
5071 46 3106 606 2641
5072 46 2965 686 866
5073 46 2931 826 822
5074 46 2947 1974 2694
5075 46 2936 507 2734
5076 46 2954 2891 1332
5077 46 3045 3008 2006
5078 46 2907 2833 725
5079 46 2674 1268 1269
5080 46 2910 740 730
5081 46 1433 1432 1260
5082 46 2948 1118 1225
5083 46 2905 1285 1489
5084 46 2896 1814 1786
5085 46 1423 1422 1231
5086 46 2952 1999 2820
5087 46 2886 991 995
5088 46 2942 2391 82
5089 46 3004 2790 422
5090 46 1166 1123 1124
5091 46 2313 2130 2219
5092 46 1257 1166 1167
5093 46 2978 2768 2686
5094 46 2906 1226 1117
5095 46 2815 1638 2101
5096 46 3028 2543 2544
5097 46 1665 1499 1663
5098 46 2905 1287 1285
5099 46 1232 994 990
5100 46 2583 1612 2068
5101 46 1514 1425 1513
5102 46 1171 1114 967
5103 46 3012 1671 2978
5104 46 3024 2975 2079
5105 46 2981 630 2855
5106 46 2885 1153 1161
5107 46 3015 2777 2534
5108 46 2140 2084 2048
5109 46 2959 2958 2775
5110 46 2977 2854 1745
5111 46 2914 1748 1105
5112 46 2992 2972 2279
5113 46 2987 2915 597
5114 46 2934 1220 937
5115 46 2898 1032 2897
5116 46 1653 1454 1418
5117 46 2070 1514 1606
5118 46 1478 1235 1232
5119 46 1172 1114 1171
5120 46 3084 1901 2437
5121 46 1114 874 967
5122 46 2988 1749 2866
5123 46 2952 893 984
5124 46 2958 2868 1500
5125 46 2153 1869 2147
5126 46 3172 2022 2061
5127 46 2892 2228 1965
5128 46 2917 938 1254
5129 46 2149 2147 2148
5130 46 2967 555 548
5131 46 2912 818 816
5132 46 2748 1446 1630
5133 46 2995 1227 1224
5134 46 353 10 9
5135 46 354 138 137
5136 46 2971 527 517
5137 46 2955 2938 698
5138 46 2950 1333 1335
5139 46 1454 1172 1418
5140 46 2963 1337 2879
5141 46 2944 648 652
5142 46 2978 1101 2768
5143 46 1235 994 1232
5144 46 2915 948 596
5145 46 1418 1172 1171
5146 46 2993 2984 1988
5147 46 2931 820 1127
5148 46 3021 848 2878
5149 46 1619 1235 1478
5150 46 2917 1568 1812
5151 46 2934 937 935
5152 46 3004 2557 2790
5153 46 2940 874 1114
5154 46 3058 1737 3034
5155 46 3033 2719 2011
5156 46 2969 1931 1714
5157 46 3008 2680 2006
5158 46 3080 1794 2632
5159 46 2983 2649 2976
5160 46 2930 600 601
5161 46 2902 1317 1398
5162 46 3007 2714 2008
5163 46 349 26 25
5164 46 350 154 153
5165 46 2956 437 451
5166 46 2990 1548 2881
5167 46 3089 2017 2633
5168 46 2909 27 26
5169 46 2994 2630 407
5170 46 2963 2007 1337
5171 46 3075 1547 1242
5172 46 2999 995 996
5173 46 2916 968 1040
5174 46 1795 1606 1513
5175 46 2945 646 2944
5176 46 3026 1555 2613
5177 46 3053 3007 2008
5178 46 2963 2879 1856
5179 46 2984 1993 1747
5180 46 3107 3084 2437
5181 46 3072 3016 2739
5182 46 2883 964 2797
5183 46 3087 3064 2001
5184 46 2998 2973 2277
5185 46 3053 1725 2840
5186 46 3000 2926 2000
5187 46 2935 1499 1665
5188 46 2994 407 2848
5189 46 2151 131 130
5190 46 2152 259 258
5191 46 2936 509 507
5192 46 2953 809 805
5193 46 2897 1180 1524
5194 46 2674 1633 1268
5195 46 2991 1728 1186
5196 46 2092 1637 2077
5197 46 3115 2621 1255
5198 46 2883 918 964
5199 46 2941 1381 1383
5200 46 1652 1648 1647
5201 46 2977 1745 1765
5202 46 3032 1241 1210
5203 46 3002 761 785
5204 46 2916 1171 967
5205 46 2998 610 608
5206 46 2908 1478 1869
5207 46 2941 1669 1381
5208 46 2958 1500 2775
5209 46 3095 1972 3037
5210 46 2951 1570 1376
5211 46 3001 2952 1182
5212 46 2992 2581 2972
5213 46 2922 1760 931
5214 46 3034 3003 2016
5215 46 2973 1240 1532
5216 46 3164 2435 2943
5217 46 2968 2205 1899
5218 46 2934 938 2917
5219 46 2923 1166 1257
5220 46 2942 2393 2391
5221 46 3020 742 702
5222 46 3001 1182 1407
5223 46 2976 587 637
5224 46 2987 597 599
5225 46 2991 1186 1263
5226 46 2939 1115 825
5227 46 3012 2014 1671
5228 46 2917 1254 1568
5229 46 3102 2023 1725
5230 46 3019 1695 2786
5231 46 2939 827 878
5232 46 2991 1263 1368
5233 46 2972 590 634
5234 46 2936 746 509
5235 46 2966 1495 1769
5236 46 3002 2844 2928
5237 46 3026 2831 2936
5238 46 3137 1175 3109
5239 46 3017 2207 2988
5240 46 1633 1274 1268
5241 46 3012 2978 2686
5242 46 2939 2906 1115
5243 46 2951 1373 1372
5244 46 3058 1385 2850
5245 46 2978 1290 1101
5246 46 3075 1154 1517
5247 46 2990 2881 2769
5248 46 3002 2928 759
5249 46 3015 1774 1519
5250 46 2945 671 645
5251 46 2999 2792 995
5252 46 2958 1897 2868
5253 46 2977 1192 977
5254 46 2939 825 827
5255 46 3096 2029 1800
5256 46 3071 1768 672
5257 46 1805 1606 1795
5258 46 2908 1619 1478
5259 46 2992 2771 2581
5260 46 3110 1037 2573
5261 46 3014 1763 2084
5262 46 1637 1274 1633
5263 46 3037 1544 1530
5264 46 3035 767 782
5265 46 2922 932 936
5266 46 3145 1684 2502
5267 46 2925 2713 1875
5268 46 2941 1383 1804
5269 46 2937 997 989
5270 46 3021 2878 2003
5271 46 3015 1416 2777
5272 46 317 71 70
5273 46 3037 2818 1544
5274 46 2923 1257 1611
5275 46 2944 652 1556
5276 46 3000 2000 2696
5277 46 3016 1740 2739
5278 46 2974 1122 952
5279 46 3117 2613 1801
5280 46 2937 1403 997
5281 46 3001 1999 2952
5282 46 3126 2464 2017
5283 46 2990 2769 1752
5284 46 3091 1980 2766
5285 46 3101 831 3099
5286 46 2993 2798 670
5287 46 1277 1173 1275
5288 46 2962 1457 1876
5289 46 318 199 198
5290 46 3084 554 563
5291 46 3088 2148 1870
5292 46 2995 1866 1420
5293 46 3051 1771 1509
5294 46 3003 2950 1761
5295 46 3128 3123 2023
5296 46 2980 660 667
5297 46 3091 2253 1979
5298 46 1274 1159 1268
5299 46 2931 822 820
5300 46 2937 989 1176
5301 46 2141 2092 2077
5302 46 2975 2828 2861
5303 46 2979 1013 1502
5304 46 3061 1407 1846
5305 46 2185 2116 2184
5306 46 3016 2664 1202
5307 46 3026 2936 2734
5308 46 2930 1367 600
5309 46 3119 1722 2652
5310 46 3090 806 981
5311 46 2988 2207 1749
5312 46 3049 3014 2084
5313 46 2965 685 686
5314 46 1606 1514 1513
5315 46 3008 1550 2895
5316 46 3157 1529 3153
5317 46 3046 785 763
5318 46 3065 2011 2012
5319 46 2979 1505 1200
5320 46 3071 880 998
5321 46 3081 724 721
5322 46 1513 1425 1512
5323 46 3276 2374 2037
5324 46 2077 1637 1633
5325 46 2486 161 160
5326 46 3010 1276 1405
5327 46 2992 1789 2771
5328 46 1648 1646 1647
5329 46 2908 1869 2153
5330 46 2987 599 609
5331 46 3078 3056 2387
5332 46 2922 931 932
5333 46 2184 2116 1892
5334 46 3078 1774 3015
5335 46 3072 2664 3016
5336 46 3009 2657 928
5337 46 3198 1554 1553
5338 46 3022 2005 2656
5339 46 3090 1025 808
5340 46 3024 1753 2975
5341 46 2989 2899 1045
5342 46 2998 608 623
5343 46 1641 1625 1640
5344 46 2975 1753 2828
5345 46 2996 2590 2695
5346 46 2987 609 2887
5347 46 2674 1269 1272
5348 46 3161 1506 2647
5349 46 1512 1425 1424
5350 46 3137 1160 1041
5351 46 3009 926 1545
5352 46 2974 950 1558
5353 46 3009 928 926
5354 46 3034 1737 2795
5355 46 2980 667 687
5356 46 3010 1419 1276
5357 46 2980 2767 660
5358 46 3021 2003 2614
5359 46 3082 1787 2020
5360 46 3002 759 761
5361 46 3065 3033 2011
5362 46 3003 2761 2950
5363 46 2947 2946 1974
5364 46 3087 1783 2180
5365 46 3004 422 420
5366 46 3018 1231 1201
5367 46 3038 706 710
5368 46 3028 2557 3004
5369 46 3027 1401 1614
5370 46 3048 843 848
5371 46 3014 2890 1763
5372 46 3291 2194 3243
5373 46 2975 2861 1596
5374 46 3077 2261 1788
5375 46 3107 545 546
5376 46 3047 2584 2966
5377 46 3204 1900 2970
5378 46 3031 1273 1590
5379 46 3100 2540 1689
5380 46 3045 1550 3008
5381 46 2086 2085 1642
5382 46 3007 1551 2889
5383 46 3159 2026 3112
5384 46 3012 2686 1762
5385 46 3014 2791 2890
5386 46 3020 702 704
5387 46 2948 1225 1679
5388 46 3008 2895 2764
5389 46 3050 1765 1896
5390 46 2993 670 2984
5391 46 2909 291 27
5392 46 3060 1922 1923
5393 46 3054 1112 839
5394 46 3003 786 2761
5395 46 3013 682 854
5396 46 3062 2404 1666
5397 46 2979 1200 1013
5398 46 3017 2665 1025
5399 46 3171 1736 1934
5400 46 3010 1623 1773
5401 46 1424 1423 1231
5402 46 3062 2243 2235
5403 46 3133 2731 2733
5404 46 2973 1532 2277
5405 46 3134 1801 1797
5406 46 3084 579 1901
5407 46 3016 1202 2801
5408 46 2951 1376 1373
5409 46 3108 502 503
5410 46 3058 3034 2016
5411 46 3129 3052 1806
5412 46 3073 1131 914
5413 46 3047 521 2584
5414 46 3138 2573 1298
5415 46 2957 1556 664
5416 46 3059 3025 1430
5417 46 3113 2012 2900
5418 46 3007 2785 2714
5419 46 2996 2695 2823
5420 46 3030 1367 2930
5421 46 3007 2889 2785
5422 46 3008 2764 2680
5423 46 3015 1519 1416
5424 46 3001 2875 1999
5425 46 3044 1298 2516
5426 46 3018 1504 1784
5427 46 2948 1679 2270
5428 46 1773 1623 1625
5429 46 3161 1694 2476
5430 46 3153 2690 2822
5431 46 3053 1551 3007
5432 46 3064 1293 1120
5433 46 2996 2823 1544
5434 46 3005 2918 1772
5435 46 1425 1423 1424
5436 46 3028 2544 2557
5437 46 1866 1865 1420
5438 46 3092 2021 3011
5439 46 3047 2966 1769
5440 46 3085 3050 1896
5441 46 3027 2937 1176
5442 46 3030 2930 2874
5443 46 337 99 98
5444 46 338 227 226
5445 46 3011 2914 638
5446 46 2999 996 1173
5447 46 3125 606 3121
5448 46 2962 1377 1457
5449 46 3175 3164 2943
5450 46 2974 952 950
5451 46 3049 1634 3014
5452 46 2957 664 681
5453 46 3062 1666 2460
5454 46 3193 2723 2518
5455 46 2962 1379 1377
5456 46 2176 2154 1652
5457 46 3207 1935 1678
5458 46 2989 1802 2899
5459 46 3100 1689 1862
5460 46 3027 2013 2937
5461 46 3024 1754 1753
5462 46 3142 2028 1570
5463 46 3094 2637 1545
5464 46 3016 2801 1740
5465 46 3125 444 446
5466 46 3011 638 2767
5467 46 3032 2216 1241
5468 46 3209 1984 2634
5469 46 3014 1634 2791
5470 46 3033 2907 2719
5471 46 3029 2798 2993
5472 46 3076 837 1112
5473 46 3005 1526 2918
5474 46 3105 1325 1670
5475 46 3026 2734 1555
5476 46 3033 2833 2907
5477 46 3027 1176 1401
5478 46 3158 2730 2731
5479 46 3022 2004 2005
5480 46 3034 786 3003
5481 46 3018 1424 1231
5482 46 3063 2915 2987
5483 46 3018 1201 1504
5484 46 2965 1372 685
5485 46 3078 2534 737
5486 46 3140 3094 2473
5487 46 3126 2017 3089
5488 46 3035 765 767
5489 46 3055 2014 3012
5490 46 1867 1590 1646
5491 46 3038 3020 704
5492 46 3104 1744 1734
5493 46 3038 704 706
5494 46 3029 2721 2798
5495 46 3088 2999 1277
5496 46 3076 868 835
5497 46 3030 2324 1367
5498 46 3006 1660 1459
5499 46 2962 1650 1379
5500 46 3134 3117 1801
5501 46 3131 1375 1378
5502 46 3078 3015 2534
5503 46 3037 1530 1930
5504 46 3011 1748 2914
5505 46 3088 2792 2999
5506 46 3045 2006 2780
5507 46 3123 1667 2214
5508 46 3069 1155 1250
5509 46 3122 1126 1131
5510 46 3034 2795 786
5511 46 3023 1742 2885
5512 46 3046 763 765
5513 46 3121 1791 2547
5514 46 3031 1272 1273
5515 46 3033 1552 2833
5516 46 3082 521 3047
5517 46 3149 1797 1798
5518 46 3048 841 843
5519 46 3052 1994 1764
5520 46 3036 2776 2902
5521 46 3099 833 868
5522 46 3006 1459 1484
5523 46 3057 2425 2426
5524 46 3046 765 3035
5525 46 3094 1545 2865
5526 46 2999 1173 1277
5527 46 3110 3055 1037
5528 46 3031 1590 1867
5529 46 3101 829 831
5530 46 3207 3206 1935
5531 46 3054 839 841
5532 46 3051 1509 1510
5533 46 3068 2635 1527
5534 46 3119 3108 2020
5535 46 2087 1641 2085
5536 46 3050 2867 1192
5537 46 3049 2071 1634
5538 46 3056 737 701
5539 46 3128 2954 1569
5540 46 3047 1769 1785
5541 46 3122 1811 1563
5542 46 3030 2874 1768
5543 46 2929 71 317
5544 46 3098 3063 2018
5545 46 3065 1552 3033
5546 46 3055 3012 1762
5547 46 3114 2468 2897
5548 46 3131 2021 3092
5549 46 3149 3134 1797
5550 46 3144 3116 2024
5551 46 3064 3045 2001
5552 46 3055 1762 2750
5553 46 3070 3027 1614
5554 46 3074 1789 2992
5555 46 3050 2977 1765
5556 46 3128 2023 3102
5557 46 3154 3149 1798
5558 46 3196 2504 3057
5559 46 3036 2902 1398
5560 46 3053 2840 1551
5561 46 3083 1510 2901
5562 46 3050 1192 2977
5563 46 3236 2214 2601
5564 46 3054 841 3048
5565 46 3061 3001 1407
5566 46 3058 2850 1737
5567 46 3043 1040 1159
5568 46 3067 2511 2510
5569 46 3025 998 1158
5570 46 3059 1995 2004
5571 46 3150 2403 1767
5572 46 3132 1249 2023
5573 46 3085 2867 3050
5574 46 3160 2466 1964
5575 46 3094 2756 2473
5576 46 3218 2747 3216
5577 46 3006 1484 2935
5578 46 3043 1159 1274
5579 46 3070 1614 2114
5580 46 3085 1896 2183
5581 46 3141 2672 1799
5582 46 3138 3110 2573
5583 46 3130 1637 2093
5584 46 3098 1558 3063
5585 46 3141 1799 1540
5586 46 3097 2935 1665
5587 46 3063 2887 2018
5588 46 3164 1512 2435
5589 46 3059 2004 3025
5590 46 3023 2885 1161
5591 46 351 12 11
5592 46 352 140 139
5593 46 3043 2916 1040
5594 46 3064 1120 1550
5595 46 3060 1923 2128
5596 46 3082 3047 1785
5597 46 3193 1543 2346
5598 46 3061 1775 2875
5599 46 3098 1796 2974
5600 46 2161 2087 2085
5601 46 2085 1641 1642
5602 46 3063 2987 2887
5603 46 3079 2965 2932
5604 46 3103 1784 2268
5605 46 3113 3065 2012
5606 46 3061 2875 3001
5607 46 3170 720 2730
5608 46 3072 2611 2664
5609 46 3102 1725 3053
5610 46 3175 3148 2331
5611 46 3074 2992 2279
5612 46 3114 2897 1524
5613 46 3287 1833 3285
5614 46 2155 1648 2154
5615 46 3040 9 8
5616 46 3041 137 136
5617 46 3289 2179 1891
5618 46 2909 26 349
5619 46 3068 1527 2880
5620 46 3063 1558 2915
5621 46 359 8 7
5622 46 360 136 135
5623 46 3095 3037 1930
5624 46 3069 1161 1155
5625 46 3111 3085 2183
5626 46 3169 1388 3165
5627 46 3205 2382 1072
5628 46 3073 914 1548
5629 46 3079 2951 1372
5630 46 3076 835 837
5631 46 3086 3073 1548
5632 46 3077 1788 1789
5633 46 3170 2730 3158
5634 46 3080 2509 1794
5635 46 3075 1242 1154
5636 46 3040 353 9
5637 46 3041 354 137
5638 46 3065 2884 1552
5639 46 3144 1386 3116
5640 46 3136 2742 1366
5641 46 3070 2013 3027
5642 46 3084 563 579
5643 46 3079 1372 2965
5644 46 3165 3129 1806
5645 46 3154 2661 2810
5646 46 3043 2019 2916
5647 46 3042 2078 2674
5648 46 3109 2130 2313
5649 46 3133 2991 1368
5650 46 3072 2739 1792
5651 46 3121 606 3106
5652 46 3092 3011 2767
5653 46 3131 3092 1374
5654 46 3210 3207 1678
5655 46 3116 2963 2024
5656 46 3090 808 806
5657 46 3147 1564 2026
5658 46 3089 2945 2944
5659 46 3256 3251 2536
5660 46 3087 2001 1783
5661 46 2154 1648 1652
5662 46 3092 2980 1374
5663 46 3108 3082 2020
5664 46 3025 2004 3022
5665 46 3071 672 880
5666 46 3078 2387 1774
5667 46 3068 2880 1759
5668 46 3081 721 720
5669 46 3091 1979 1980
5670 46 3140 2637 3094
5671 46 3086 2990 2863
5672 46 3096 1800 2504
5673 46 3130 3043 1274
5674 46 3106 2611 3072
5675 46 3082 1785 1787
5676 46 3093 2016 2007
5677 46 3106 2641 2611
5678 46 3103 3018 1784
5679 46 3070 2095 2013
5680 46 3110 2014 3055
5681 46 3193 3192 1543
5682 46 3117 3026 2613
5683 46 3141 1526 3005
5684 46 3148 975 1164
5685 46 3162 953 958
5686 46 3159 3147 2026
5687 46 3106 3072 1792
5688 46 3083 2901 1744
5689 46 3099 831 833
5690 46 3095 1930 2727
5691 46 3203 3194 2851
5692 46 3120 3068 1759
5693 46 3085 1782 2867
5694 46 3102 3053 2008
5695 46 3102 2008 1991
5696 46 3166 2661 3154
5697 46 3105 2227 1325
5698 46 3235 3187 2220
5699 46 3042 2674 1272
5700 46 3039 1773 1625
5701 46 3100 1862 2262
5702 46 3151 2441 1277
5703 46 3107 546 554
5704 46 3094 2865 2756
5705 46 3158 2731 3133
5706 46 3111 1782 3085
5707 46 3213 2029 3096
5708 46 3101 878 829
5709 46 3093 1385 3058
5710 46 3104 1734 1910
5711 46 3108 503 521
5712 46 3097 1665 2224
5713 46 3117 2831 3026
5714 46 3152 1653 1418
5715 46 3165 1388 2724
5716 46 3103 1424 3018
5717 46 3162 1051 955
5718 46 3088 1870 2792
5719 46 3243 2959 1137
5720 46 3092 2767 2980
5721 46 3187 2725 2470
5722 46 3157 1209 1529
5723 46 3116 3093 2007
5724 46 3115 2622 2621
5725 46 3064 1550 3045
5726 46 3025 3022 998
5727 46 3089 2944 1556
5728 46 3133 2733 2991
5729 46 3212 3211 2673
5730 46 2602 138 354
5731 46 3109 2128 2130
5732 46 3159 1167 1124
5733 46 3130 2019 3043
5734 46 3110 2015 2014
5735 46 3109 3060 2128
5736 46 3126 3089 1556
5737 46 3111 2187 1782
5738 46 3169 1803 2755
5739 46 3166 1255 2661
5740 46 3086 1548 2990
5741 46 3103 1512 1424
5742 46 3079 2932 1793
5743 46 3164 1513 1512
5744 46 3114 1524 2223
5745 46 3112 1258 1167
5746 46 3121 1792 1791
5747 46 3077 1789 3074
5748 46 3118 724 3081
5749 46 3042 1272 3031
5750 46 3113 1918 2884
5751 46 3098 2974 1558
5752 46 3156 2028 3142
5753 46 3168 1757 2946
5754 46 3113 2884 3065
5755 46 3136 1766 2913
5756 46 3089 2633 2945
5757 46 3122 1563 1126
5758 46 3120 1759 1925
5759 46 3119 2652 502
5760 46 3280 2373 2374
5761 46 3185 1807 1808
5762 46 3179 1677 2346
5763 46 3185 1474 3173
5764 46 3181 401 404
5765 46 3127 3104 1910
5766 46 3039 1625 1641
5767 46 3117 1252 2831
5768 46 3125 446 606
5769 46 3116 2007 2963
5770 46 3123 1569 1667
5771 46 3150 1161 3069
5772 46 3173 1474 1184
5773 46 3151 1277 1275
5774 46 2821 140 352
5775 46 3039 1641 2087
5776 46 3093 3058 2016
5777 46 3156 1235 1619
5778 46 3127 1910 2242
5779 46 3108 521 3082
5780 46 3168 2946 2265
5781 46 3177 1086 468
5782 46 3132 1501 1249
5783 46 3145 2463 1684
5784 46 3190 1735 1498
5785 46 3195 3192 2518
5786 46 3138 2015 3110
5787 46 3124 1646 1648
5788 46 3132 2023 3123
5789 46 3134 1252 3117
5790 46 3128 3102 1991
5791 46 357 69 2
5792 46 3182 1912 1654
5793 46 3124 1867 1646
5794 46 358 197 4
5795 46 3174 1821 1819
5796 46 3184 1781 2188
5797 46 3157 3153 2580
5798 46 3140 2027 2637
5799 46 3142 2951 3079
5800 46 3134 2862 1252
5801 46 3129 3002 785
5802 46 3132 3123 2214
5803 46 3139 3131 1378
5804 46 3217 2705 2704
5805 46 3175 2943 1113
5806 46 3137 1041 1175
5807 46 3180 1491 2206
5808 46 3195 1534 3192
5809 46 3128 1991 2954
5810 46 3130 1274 1637
5811 46 3153 1529 2690
5812 46 3135 1722 3119
5813 46 3135 2020 1815
5814 46 3171 2957 681
5815 46 3188 1214 1213
5816 46 3133 1368 2836
5817 46 3141 1540 1526
5818 46 3126 1556 2957
5819 46 3131 1374 1375
5820 46 3139 2009 2021
5821 46 3267 497 2291
5822 46 3138 2263 2015
5823 46 3136 2913 2742
5824 46 3140 2473 551
5825 46 3278 2239 1009
5826 46 3228 3225 1824
5827 46 3195 2518 1983
5828 46 3157 3066 1342
5829 46 3150 3069 2403
5830 46 3247 860 862
5831 46 3193 2346 1813
5832 46 3189 2241 1997
5833 46 3234 1971 2226
5834 46 3143 2033 1917
5835 46 3167 1804 2272
5836 46 3142 3079 1793
5837 46 3192 1534 1216
5838 46 3199 1989 2738
5839 46 3280 2374 3276
5840 46 3121 3106 1792
5841 46 3149 2862 3134
5842 46 3129 2844 3002
5843 46 3144 2753 1386
5844 46 3146 1917 1918
5845 46 3172 1742 3023
5846 46 3144 2024 2025
5847 46 3171 1934 2957
5848 46 3163 2521 2027
5849 46 3147 2018 1564
5850 46 3282 2373 3280
5851 46 3146 3143 1917
5852 46 3152 3130 2093
5853 46 3225 2029 3213
5854 46 3165 2844 3129
5855 46 3167 2260 2941
5856 46 3124 1648 2155
5857 46 3173 3169 2755
5858 46 3159 1796 3147
5859 46 3142 1570 2951
5860 46 3129 785 3052
5861 46 3148 1113 975
5862 46 3196 710 711
5863 46 3220 3201 1391
5864 46 3178 1578 2521
5865 46 3208 732 729
5866 46 3186 2967 573
5867 46 3237 1968 1971
5868 46 3147 1796 3098
5869 46 3154 1125 3149
5870 46 3208 2272 2961
5871 46 3166 3154 1798
5872 46 3147 3098 2018
5873 46 3149 1125 2862
5874 46 3157 2580 3066
5875 46 3172 3023 2022
5876 46 3155 2753 3144
5877 46 3189 2971 1108
5878 46 3155 2025 2136
5879 46 3161 2647 1694
5880 46 3152 1418 2019
5881 46 3154 2810 1125
5882 46 3040 8 359
5883 46 3041 136 360
5884 46 3155 3144 2025
5885 46 3241 862 2846
5886 46 3222 3217 2704
5887 46 3169 3165 1806
5888 46 3202 1331 1391
5889 46 3197 1656 2220
5890 46 3191 1553 2903
5891 46 3151 1275 1419
5892 46 3155 2044 2753
5893 46 3202 1985 1496
5894 46 3218 1251 2747
5895 46 3162 955 953
5896 46 3215 2673 1978
5897 46 3158 3133 2836
5898 46 3163 2027 3140
5899 46 3160 1964 1968
5900 46 3159 1124 1796
5901 46 3156 1793 1235
5902 46 3212 1128 1219
5903 46 3200 1565 2009
5904 46 3157 1342 1209
5905 46 3163 3140 551
5906 46 3275 2037 2036
5907 46 3213 714 715
5908 46 3150 3023 1161
5909 46 3196 3057 710
5910 46 3214 1985 3205
5911 46 3139 2021 3131
5912 46 3237 1971 3234
5913 46 3158 2836 1743
5914 46 3165 2724 2844
5915 46 3248 475 2456
5916 46 3135 3119 2020
5917 46 3194 3013 854
5918 46 3176 3146 1918
5919 46 3156 3142 1793
5920 46 3166 1798 1811
5921 46 3232 2466 3160
5922 46 3194 2940 2851
5923 46 3163 551 1802
5924 46 3226 1825 3222
5925 46 3220 1391 1330
5926 46 3152 2019 3130
5927 46 3170 3158 1743
5928 46 3210 1678 3179
5929 46 3164 1795 1513
5930 46 3168 2666 1757
5931 46 3178 2521 3163
5932 46 3246 1966 2466
5933 46 3223 1809 2038
5934 46 3169 1806 1803
5935 46 3276 2037 3275
5936 46 3227 3200 2402
5937 46 3235 2737 755
5938 46 3250 2515 1966
5939 46 3170 1743 1936
5940 46 3203 2031 3194
5941 46 3260 3258 2035
5942 46 3291 380 441
5943 46 3218 2254 3086
5944 46 3222 1825 1577
5945 46 3194 2031 3013
5946 46 3171 681 3013
5947 46 3234 3136 1366
5948 46 3225 2829 1824
5949 46 3175 1795 3164
5950 46 3173 1184 1388
5951 46 3185 3173 2755
5952 46 3213 3096 714
5953 46 3167 2941 1804
5954 46 3226 1046 2737
5955 46 3256 2536 1969
5956 46 3174 1819 1831
5957 46 3172 2837 1742
5958 46 3176 3113 2900
5959 46 3219 1220 2934
5960 46 3211 2634 1816
5961 46 3218 3086 2863
5962 46 3253 2526 1967
5963 46 3177 468 466
5964 46 3178 3163 1802
5965 46 3251 1963 2536
5966 46 3252 1967 2515
5967 46 3244 1584 2039
5968 46 3219 2917 1812
5969 46 3179 1678 1677
5970 46 3175 2331 1795
5971 46 3250 1966 3246
5972 46 3232 533 523
5973 46 3210 2010 3135
5974 46 3255 1969 2526
5975 46 3230 1928 1390
5976 46 3180 2215 1491
5977 46 3181 404 497
5978 46 3265 3262 461
5979 46 3261 1683 1295
5980 46 3241 3233 2033
5981 46 3264 2291 1683
5982 46 3289 2222 2179
5983 46 3267 2291 3264
5984 46 3233 1572 2033
5985 46 3173 1388 3169
5986 46 3274 3273 538
5987 46 3229 2034 1462
5988 46 3182 1654 1779
5989 46 3252 2515 3250
5990 46 3183 2188 2202
5991 46 3263 1008 1919
5992 46 3187 755 2725
5993 46 3184 3182 1779
5994 46 3185 2755 1807
5995 46 3264 1683 3261
5996 46 3184 1779 1781
5997 46 3178 1802 2989
5998 46 3272 3270 457
5999 46 3231 1582 1849
6000 46 3188 1213 2010
6001 46 3190 2257 1735
6002 46 3215 3212 2673
6003 46 3218 3216 2254
6004 46 3216 1130 3215
6005 46 3255 2526 3253
6006 46 3253 1967 3252
6007 46 3186 1996 2967
6008 46 3211 1816 2673
6009 46 3216 2747 1130
6010 46 3271 3239 2039
6011 46 3221 3111 2183
6012 46 3239 2882 1852
6013 46 3189 1997 2971
6014 46 3256 1969 3255
6015 46 3238 976 1220
6016 46 3293 2199 2239
6017 46 3227 2402 2032
6018 46 3191 2903 1821
6019 46 3234 2226 3136
6020 46 3192 1216 1543
6021 46 3193 1813 2723
6022 46 3176 1918 3113
6023 46 3240 1248 1501
6024 46 3229 3227 2032
6025 46 3246 2466 3232
6026 46 3195 1983 1984
6027 46 3291 3243 1137
6028 46 3194 854 2940
6029 46 3196 711 714
6030 46 3197 1812 1656
6031 46 3199 2738 1534
6032 46 3248 1033 469
6033 46 3248 471 475
6034 46 3214 3205 1072
6035 46 3235 3226 2737
6036 46 3231 2034 3229
6037 46 3200 2026 1565
6038 46 3220 1996 3186
6039 46 3198 1553 3191
6040 46 3217 1578 3178
6041 46 3202 1496 1331
6042 46 3232 3160 533
6043 46 3203 2030 2031
6044 46 3199 1534 3195
6045 46 3205 2383 2382
6046 46 3249 1707 1538
6047 46 3208 729 736
6048 46 3220 3186 2237
6049 46 3203 2851 1455
6050 46 3199 3195 1984
6051 46 3204 2970 1926
6052 46 3228 1824 2759
6053 46 3207 1815 1814
6054 46 3209 1219 1989
6055 46 3254 2566 1033
6056 46 3207 1814 3206
6057 46 3220 2237 3201
6058 46 3228 2029 3225
6059 46 3206 1814 2896
6060 46 3210 1815 3207
6061 46 3230 3228 2759
6062 46 3247 862 3241
6063 46 3227 3112 3200
6064 46 3212 1130 1128
6065 46 3243 1897 2958
6066 46 3213 715 718
6067 46 3215 1978 1981
6068 46 3216 3215 1981
6069 46 3216 1981 2254
6070 46 3259 2039 1583
6071 46 3233 1928 3230
6072 46 3200 3112 2026
6073 46 3220 1330 1996
6074 46 3218 2863 1251
6075 46 3219 2934 2917
6076 46 3281 2188 3183
6077 46 3217 2989 2705
6078 46 3217 3178 2989
6079 46 3226 3222 2704
6080 46 3221 2183 2193
6081 46 3284 2373 3282
6082 46 3225 3213 718
6083 46 3222 1578 3217
6084 46 3271 2039 3259
6085 46 3258 1826 2035
6086 46 3224 2047 2115
6087 46 3210 3135 1815
6088 46 3223 2225 1809
6089 46 3272 2407 2438
6090 46 3258 1392 3176
6091 46 3211 3209 2634
6092 46 3222 1577 1578
6093 46 3257 1583 1260
6094 46 3245 2619 1724
6095 46 3265 2439 2587
6096 46 3262 462 461
6097 46 3260 1295 1135
6098 46 3274 2036 2375
6099 46 3268 1721 2726
6100 46 3225 718 2829
6101 46 3269 1487 1486
6102 46 3270 458 457
6103 46 3266 1291 1293
6104 46 3215 1130 3212
6105 46 3210 3179 2010
6106 46 3238 3223 2038
6107 46 3269 2197 1657
6108 46 3226 2704 1046
6109 46 3271 2802 1097
6110 46 3228 1571 2029
6111 46 3229 1258 3227
6112 46 3273 455 538
6113 46 3230 1571 3228
6114 46 3229 1462 1258
6115 46 3230 1390 1571
6116 46 3289 1051 3162
6117 46 3231 2032 1582
6118 46 3263 3191 1821
6119 46 3238 1220 3223
6120 46 3245 1724 1723
6121 46 3232 523 522
6122 46 3241 1928 3233
6123 46 3234 1366 2646
6124 46 3279 1884 1883
6125 46 3233 2759 1572
6126 46 3258 3176 2900
6127 46 3281 395 397
6128 46 3282 2648 2640
6129 46 3263 1919 3191
6130 46 3287 1830 1833
6131 46 3244 2039 3239
6132 46 3259 1583 3257
6133 46 3235 2220 1825
6134 46 3286 552 383
6135 46 3211 1219 3209
6136 46 3227 1258 3112
6137 46 3236 3132 2214
6138 46 3237 3234 2646
6139 46 3245 1723 2210
6140 46 3290 1829 2453
6141 46 3237 2646 533
6142 46 3231 3229 2032
6143 46 3235 1825 3226
6144 46 3262 3177 466
6145 46 3238 1165 976
6146 46 3262 2588 3177
6147 46 3239 1097 2882
6148 46 3293 2239 3278
6149 46 3236 1501 3132
6150 46 3240 1488 1248
6151 46 3241 2846 1928
6152 46 3246 3232 522
6153 46 3257 3238 2038
6154 46 3242 1488 3240
6155 46 3287 3285 552
6156 46 3242 2968 1488
6157 46 3233 3230 2759
6158 46 3289 1891 3288
6159 46 3243 2958 2959
6160 46 3261 1295 3260
6161 46 3244 3239 1852
6162 46 3278 3174 1831
6163 46 3273 2407 3272
6164 46 3281 3183 395
6165 46 3270 2439 3265
6166 46 3278 1009 3174
6167 46 3246 522 2697
6168 46 3256 1086 3251
6169 46 3260 1392 3258
6170 46 3292 2453 1832
6171 46 3248 469 471
6172 46 3249 1538 2189
6173 46 3250 3246 2697
6174 46 3265 2588 3262
6175 46 3275 2036 3274
6176 46 3250 2697 1087
6177 46 3257 1165 3238
6178 46 3247 3241 2033
6179 46 3252 3250 1087
6180 46 3274 2407 3273
6181 46 3272 2439 3270
6182 46 3251 1086 3177
6183 46 3247 2033 3143
6184 46 3252 1087 2746
6185 46 3254 2570 2566
6186 46 3253 3252 2746
6187 46 3253 2746 518
6188 46 3277 379 622
6189 46 3255 3253 518
6190 46 3255 518 2812
6191 46 3256 2812 1086
6192 46 3256 3255 2812
6193 46 3257 1260 1165
6194 46 3260 1135 1392
6195 46 3259 2038 1827
6196 46 3258 2900 1826
6197 46 3262 466 462
6198 46 3261 2035 2758
6199 46 3265 2587 2588
6200 46 3264 3261 2758
6201 46 3267 3264 1828
6202 46 3263 1821 3174
6203 46 3264 2758 1828
6204 46 3266 1486 1291
6205 46 3267 1828 1912
6206 46 3268 2200 1721
6207 46 3269 1657 1487
6208 46 3270 461 458
6209 46 3271 3259 1827
6210 46 3271 1827 2802
6211 46 3259 3257 2038
6212 46 3272 2438 2439
6213 46 3273 457 455
6214 46 3284 2364 2373
6215 46 3283 1933 2364
6216 46 3274 2375 2407
6217 46 3284 3283 2364
6218 46 3285 1833 1933
6219 46 3285 1933 3283
6220 46 3287 552 3286
6221 46 3275 538 2838
6222 46 3277 381 379
6223 46 3276 2838 1111
6224 46 3276 3275 2838
6225 46 3280 3276 1111
6226 46 3291 441 2194
6227 46 3278 1831 2047
6228 46 3279 1887 1884
6229 46 3280 1111 2872
6230 46 3281 397 923
6231 46 3286 381 3277
6232 46 3283 1035 2658
6233 46 3284 2640 1035
6234 46 3285 3283 2658
6235 46 3285 2658 552
6236 46 3286 3277 2040
6237 46 3282 2872 2648
6238 46 3286 383 381
6239 46 3284 1035 3283
6240 46 3287 2040 1830
6241 46 3261 3260 2035
6242 46 3282 3280 2872
6243 46 3288 2676 1051
6244 46 3270 3265 461
6245 46 3290 2555 1829
6246 46 3273 3272 457
6247 46 3293 3278 2047
6248 46 3275 3274 538
6249 46 3292 1832 2040
6250 46 3287 3286 2040
6251 46 3292 3277 622
6252 46 3293 2047 3224
6253 46 3289 3288 1051
6254 46 3292 2040 3277
6255 46 3294 377 375
6256 46 3294 2555 3290
6257 46 3294 622 377
6258 46 3294 3290 622
6259 46 3296 3295 3036
6260 46 3295 2776 3036
6261 46 3301 961 3297
6262 46 3299 553 3298
6263 46 3298 376 1137
6264 46 3301 2555 3300
6265 46 3299 2959 2775
6266 46 3299 2776 3295
6267 46 3299 3295 553
6268 46 3297 2042 2041
6269 46 3298 1137 2959
6270 46 3299 2775 2776
6271 46 3300 373 961
6272 46 3300 2555 3294
6273 46 3300 375 373
6274 46 3301 2041 2554
6275 46 3301 3300 961
6276 46 3300 3294 375
6277 46 3301 2554 2555
6278 46 3302 553 3295
6279 46 3302 3295 3296
6280 46 3304 3297 3303
6281 46 3303 369 1421
6282 46 3303 3297 961
6283 46 3303 371 369
6284 46 3304 3303 1421
6285 46 3305 72 2929
6286 46 3305 287 73
6287 46 3303 961 371
6288 46 3304 2042 3297
6289 46 3305 73 72
6290 46 3306 666 368
6291 46 3306 3302 3296
6292 46 3306 368 370
6293 46 3306 370 3302
6294 46 3307 2627 2231
6295 46 3307 2099 1858
6296 46 3308 365 2049
6297 46 3307 1858 2627
6298 46 3308 367 365
6299 46 3308 1421 367
6300 46 3318 2397 2393
6301 46 3309 193 2292
6302 46 3309 302 194
6303 46 3310 129 355
6304 46 3311 257 356
6305 46 3310 2151 130
6306 46 3311 2152 258
6307 46 3312 2432 2431
6308 46 3312 340 2335
6309 46 3483 2415 2416
6310 46 3385 2153 298
6311 46 3372 2186 326
6312 46 3313 327 38
6313 46 3313 37 281
6314 46 3315 223 222
6315 46 3321 3309 2292
6316 46 3470 2323 3039
6317 46 3316 1419 3010
6318 46 3318 2393 2942
6319 46 3319 344 189
6320 46 3309 194 193
6321 46 3369 2074 2653
6322 46 3310 130 129
6323 46 3311 258 257
6324 46 3312 2431 340
6325 46 3320 173 336
6326 46 3320 272 174
6327 46 3326 363 301
6328 46 3379 2069 3364
6329 46 3314 2120 2122
6330 46 3321 2113 3309
6331 46 3313 38 37
6332 46 3322 1594 2071
6333 46 3314 2122 2125
6334 46 3482 2114 2076
6335 46 3315 274 223
6336 46 3506 2284 3317
6337 46 3323 2309 2537
6338 46 3316 3010 1773
6339 46 3317 2086 2144
6340 46 3324 2055 1848
6341 46 3324 2219 2165
6342 46 3318 2942 311
6343 46 3319 189 188
6344 46 3337 3313 281
6345 46 3325 1422 1860
6346 46 3326 66 65
6347 46 3320 174 173
6348 46 3327 143 142
6349 46 3517 2250 94
6350 46 3330 878 2308
6351 46 3328 1866 2925
6352 46 3329 1881 2211
6353 46 3348 143 3327
6354 46 3429 1322 2156
6355 46 3475 317 3314
6356 46 3337 2166 3313
6357 46 3321 2292 2293
6358 46 3396 2749 2645
6359 46 3330 1818 2906
6360 46 3330 2939 878
6361 46 3331 1841 2043
6362 46 3331 2639 2638
6363 46 3322 1846 1594
6364 46 3332 2356 179
6365 46 3332 178 310
6366 46 3534 2819 2046
6367 46 3326 2049 363
6368 46 3394 2159 225
6369 46 3333 2057 2523
6370 46 3334 65 64
6371 46 3335 24 295
6372 46 3335 349 25
6373 46 3346 2701 1474
6374 46 3515 2267 2061
6375 46 3345 2121 1282
6376 46 3336 1322 2860
6377 46 3323 2537 2538
6378 46 3337 2925 1875
6379 46 3324 1848 2219
6380 46 3339 283 233
6381 46 3325 1688 1422
6382 46 3340 1851 2160
6383 46 3341 187 263
6384 46 3326 301 66
6385 46 3342 210 209
6386 46 3343 2416 2413
6387 46 3344 2129 2127
6388 46 3413 2400 318
6389 46 3537 2608 1284
6390 46 3327 142 322
6391 46 3346 1808 2138
6392 46 3346 1474 3185
6393 46 3345 366 666
6394 46 3347 1480 1643
6395 46 3347 2076 1479
6396 46 3361 132 131
6397 46 3362 260 259
6398 46 3362 6 5
6399 46 3361 134 133
6400 46 3351 2087 2161
6401 46 3348 3327 2055
6402 46 3348 316 144
6403 46 3328 2069 1866
6404 46 3329 1880 1881
6405 46 3349 2233 2410
6406 46 3341 3319 188
6407 46 3358 330 2316
6408 46 3490 342 2564
6409 46 3455 2249 307
6410 46 3345 1282 364
6411 46 3458 2399 1850
6412 46 3351 252 319
6413 46 3352 2028 3156
6414 46 3353 1873 1874
6415 46 3537 3417 2608
6416 46 3526 2143 339
6417 46 3526 287 2143
6418 46 3330 2906 2939
6419 46 3354 39 327
6420 46 3457 2133 2139
6421 46 3331 2638 1841
6422 46 3355 1776 1775
6423 46 3355 3061 1846
6424 46 3365 3315 222
6425 46 3415 1879 2273
6426 46 3378 2659 2378
6427 46 3332 179 178
6428 46 3357 3224 2115
6429 46 3356 277 2445
6430 46 3421 262 2522
6431 46 3358 236 330
6432 46 3358 290 237
6433 46 3359 2420 2390
6434 46 3359 1859 2099
6435 46 3360 2058 2057
6436 46 3363 3070 2114
6437 46 3364 281 36
6438 46 3333 2523 2524
6439 46 3510 298 2149
6440 46 3350 118 297
6441 46 3380 1885 2712
6442 46 3493 2366 1842
6443 46 3365 221 308
6444 46 3365 2053 3315
6445 46 3334 64 277
6446 46 3335 25 24
6447 46 3366 1855 2067
6448 46 3366 2135 1857
6449 46 3367 3244 1853
6450 46 3467 2986 346
6451 46 3368 1861 2643
6452 46 3368 2139 1863
6453 46 3369 87 305
6454 46 3369 2653 88
6455 46 3370 2318 314
6456 46 3349 1688 3325
6457 46 3371 1847 2055
6458 46 3372 326 230
6459 46 3372 229 279
6460 46 3338 2339 2338
6461 46 3336 2860 2105
6462 46 3513 1846 3322
6463 46 3523 1845 2385
6464 46 3337 1875 2166
6465 46 3373 2287 2286
6466 46 3374 168 167
6467 46 3534 2046 2487
6468 46 3531 2101 2314
6469 46 3342 2091 2134
6470 46 3375 3296 3036
6471 46 3540 2365 2366
6472 46 3540 2366 315
6473 46 3376 3304 1421
6474 46 3339 233 232
6475 46 3377 2355 2354
6476 46 3377 2760 2679
6477 46 3413 1850 2400
6478 46 3340 1853 1851
6479 46 3341 188 187
6480 46 3378 85 2659
6481 46 3378 305 86
6482 46 3481 350 2164
6483 46 3379 35 34
6484 46 3380 2075 1635
6485 46 3380 1636 1885
6486 46 3381 1456 2042
6487 46 3382 295 23
6488 46 3382 22 347
6489 46 3342 209 312
6490 46 3367 1853 3323
6491 46 3356 3308 2049
6492 46 3543 2330 2170
6493 46 3543 1876 2330
6494 46 3364 3328 281
6495 46 3343 2413 2414
6496 46 3383 1645 2028
6497 46 3434 2394 2395
6498 46 3344 2172 2129
6499 46 3384 313 248
6500 46 3385 298 245
6501 46 3385 244 341
6502 46 3345 364 366
6503 46 3386 1433 1584
6504 46 3387 1874 1477
6505 46 3388 263 186
6506 46 3346 3185 1808
6507 46 3347 1479 1480
6508 46 3497 2164 350
6509 46 3517 307 2249
6510 46 3400 3124 320
6511 46 3390 2283 323
6512 46 3393 2302 275
6513 46 3350 119 118
6514 46 3371 2055 3327
6515 46 3391 2157 2123
6516 46 3397 3304 3376
6517 46 3393 275 41
6518 46 3492 2306 2083
6519 46 3348 144 143
6520 46 3396 219 2749
6521 46 3396 308 220
6522 46 3363 2325 329
6523 46 3512 2083 2306
6524 46 3349 2410 1688
6525 46 3398 1463 1776
6526 46 3415 2273 325
6527 46 3498 315 2168
6528 46 3432 1905 2525
6529 46 3400 2332 2333
6530 46 3350 2092 2141
6531 46 3402 356 2284
6532 46 3404 2419 2420
6533 46 3404 2452 1882
6534 46 3405 91 90
6535 46 3406 332 157
6536 46 3406 156 292
6537 46 3471 2159 2075
6538 46 3456 2357 2096
6539 46 3351 253 252
6540 46 3407 2105 2142
6541 46 3411 184 304
6542 46 3524 2338 1621
6543 46 3408 2090 1871
6544 46 3352 3156 1619
6545 46 3413 1837 1850
6546 46 3353 2166 1873
6547 46 3488 323 2161
6548 46 3367 3323 2538
6549 46 3354 40 39
6550 46 3414 1516 1284
6551 46 3485 2096 2357
6552 46 3415 2061 1878
6553 46 3435 3151 1419
6554 46 3356 2049 3334
6555 46 3355 1775 3061
6556 46 3417 2644 2645
6557 46 3441 3312 2335
6558 46 3419 2441 3151
6559 46 3420 1629 1466
6560 46 3421 2196 2415
6561 46 3423 60 59
6562 46 3535 3421 2522
6563 46 3357 2082 3224
6564 46 3424 1854 2171
6565 46 3425 169 168
6566 46 3376 3356 2445
6567 46 3427 20 299
6568 46 3427 347 21
6569 46 3428 2064 2131
6570 46 3428 2422 2063
6571 46 3429 1319 1322
6572 46 3441 1653 3312
6573 46 3358 237 236
6574 46 3430 2229 1664
6575 46 3371 3327 322
6576 46 3432 2564 288
6577 46 3434 2377 2378
6578 46 3359 2390 1859
6579 46 3360 2250 2058
6580 46 3462 2815 2275
6581 46 3436 3155 2136
6582 46 3439 163 162
6583 46 3440 324 126
6584 46 3493 2367 2366
6585 46 3392 3371 322
6586 46 3363 2095 3070
6587 46 3364 36 35
6588 46 3410 2837 2267
6589 46 3431 355 2282
6590 46 3441 1621 1454
6591 46 3442 3306 3296
6592 46 3443 2256 2133
6593 46 3443 2134 2062
6594 46 3444 1687 2490
6595 46 3444 2060 2168
6596 46 3364 2069 3328
6597 46 3484 94 2250
6598 46 3446 80 79
6599 46 3448 2338 2337
6600 46 3449 2576 2577
6601 46 3449 2678 2677
6602 46 3407 3389 2125
6603 46 3450 2834 1872
6604 46 3451 2106 2059
6605 46 3451 2451 2452
6606 46 3452 292 155
6607 46 3452 154 350
6608 46 3453 2048 2933
6609 46 3365 222 221
6610 46 3387 1818 2307
6611 46 3387 2307 2304
6612 46 3455 2631 2249
6613 46 3455 2158 2056
6614 46 3456 2096 1639
6615 46 3457 213 212
6616 46 3366 1857 1855
6617 46 3458 1850 1838
6618 46 3458 1840 1905
6619 46 3459 97 2550
6620 46 3459 337 98
6621 46 3461 2487 2488
6622 46 3462 1431 2815
6623 46 3462 1879 1615
6624 46 3367 1584 3244
6625 46 3397 2042 3304
6626 46 3438 3321 2293
6627 46 3466 2132 2072
6628 46 3424 2315 283
6629 46 3422 2046 2707
6630 46 3467 346 2486
6631 46 3468 57 56
6632 46 3394 225 224
6633 46 3368 1863 1861
6634 46 3369 88 87
6635 46 3472 231 326
6636 46 3473 214 213
6637 46 3474 1469 1629
6638 46 3474 2083 1471
6639 46 3502 2316 2171
6640 46 3477 2432 2093
6641 46 3370 2333 2318
6642 46 3442 2157 3391
6643 46 3478 1606 1805
6644 46 3479 2285 331
6645 46 3480 299 19
6646 46 3481 2421 2422
6647 46 3481 2164 2088
6648 46 3482 2327 2326
6649 46 3483 79 78
6650 46 3485 181 268
6651 46 3485 2357 182
6652 46 3409 1264 2396
6653 46 3371 2376 1847
6654 46 3489 2417 1370
6655 46 3372 230 229
6656 46 3399 2379 1865
6657 46 3492 2430 2306
6658 46 3492 2577 271
6659 46 3493 1603 1687
6660 46 3497 152 296
6661 46 3497 350 153
6662 46 3356 3334 277
6663 46 3498 17 315
6664 46 3500 1438 1440
6665 46 3546 1264 1262
6666 46 3544 124 320
6667 46 3502 2171 2034
6668 46 3502 3231 1849
6669 46 3543 2170 1650
6670 46 3543 2962 1876
6671 46 3392 322 2821
6672 46 3503 2606 2605
6673 46 3504 2079 2096
6674 46 3541 2080 2146
6675 46 3425 2090 3408
6676 46 3540 15 2365
6677 46 3540 315 16
6678 46 3545 2119 2120
6679 46 3475 2929 317
6680 46 3507 2440 2118
6681 46 3537 1284 1283
6682 46 3391 3345 666
6683 46 3509 1442 1468
6684 46 3510 246 298
6685 46 3511 2097 2289
6686 46 3512 1597 2083
6687 46 3513 2345 267
6688 46 3531 2314 284
6689 46 3514 3042 3031
6690 46 3515 2266 2267
6691 46 3529 1844 1601
6692 46 3517 94 93
6693 46 3526 339 75
6694 46 3526 74 287
6695 46 3525 2066 2233
6696 46 3524 2336 2338
6697 46 3523 2787 1845
6698 46 3522 2348 2347
6699 46 3422 2045 2046
6700 46 3373 2286 332
6701 46 3374 167 328
6702 46 3393 40 3354
6703 46 3407 2142 3389
6704 46 3445 279 2711
6705 46 3464 2052 2098
6706 46 3437 343 61
6707 46 3546 3434 2395
6708 46 3463 2141 2077
6709 46 3394 224 274
6710 46 3375 3036 1398
6711 46 3486 2583 2068
6712 46 3400 1867 3124
6713 46 3513 3322 2345
6714 46 3409 1265 1264
6715 46 3410 280 2709
6716 46 3376 1421 3308
6717 46 3491 341 2343
6718 46 3448 3338 2338
6719 46 3477 3350 297
6720 46 3377 2354 2760
6721 46 3392 2376 3371
6722 46 3520 2084 2140
6723 46 3418 2379 3399
6724 46 3412 3392 2821
6725 46 3378 86 85
6726 46 3379 34 345
6727 46 3517 2249 2250
6728 46 3461 2091 3342
6729 46 3380 1635 1636
6730 46 3426 1849 2170
6731 46 3381 1868 1456
6732 46 3382 23 22
6733 46 3506 3402 2284
6734 46 3397 3376 2445
6735 46 3395 3374 328
6736 46 3383 2081 1645
6737 46 3461 3342 312
6738 46 3409 1370 1265
6739 46 3376 3308 3356
6740 46 3410 2267 280
6741 46 3399 1865 2069
6742 46 3384 248 247
6743 46 3385 245 244
6744 46 3499 264 58
6745 46 3386 1871 1433
6746 46 3387 1477 1818
6747 46 3388 186 185
6748 46 3472 3339 232
6749 46 3488 2161 2085
6750 46 3435 2321 2320
6751 46 3440 2155 2154
6752 46 3465 2145 2050
6753 46 3389 3305 2929
6754 46 3389 2142 3305
6755 46 3418 1877 2379
6756 46 3391 2123 2121
6757 46 3390 2284 2283
6758 46 3392 1864 2376
6759 46 3412 2821 352
6760 46 3487 3363 329
6761 46 3460 2330 1876
6762 46 3391 2121 3345
6763 46 3403 1868 3381
6764 46 3435 3316 2321
6765 46 3393 41 40
6766 46 3531 2275 2815
6767 46 3414 2608 2606
6768 46 3394 2103 2159
6769 46 3395 328 2369
6770 46 3477 2092 3350
6771 46 3470 3351 319
6772 46 3501 2178 3454
6773 46 3408 2538 276
6774 46 3396 220 219
6775 46 3405 2118 2158
6776 46 3411 3388 185
6777 46 3447 1877 3418
6778 46 3397 2445 2446
6779 46 3545 2162 2119
6780 46 3429 3375 1398
6781 46 3445 3372 279
6782 46 3539 3424 283
6783 46 3412 1864 3392
6784 46 3531 2815 2101
6785 46 3433 3412 352
6786 46 3445 1889 2186
6787 46 3525 2233 3373
6788 46 3398 1464 1463
6789 46 3519 3410 2709
6790 46 3487 2314 2101
6791 46 3400 320 2332
6792 46 3401 3310 355
6793 46 3402 3311 356
6794 46 3490 2082 3357
6795 46 3426 2170 290
6796 46 3484 273 95
6797 46 3487 2095 3363
6798 46 3402 3040 359
6799 46 3401 3041 360
6800 46 3403 2098 1868
6801 46 3404 1882 2419
6802 46 3405 90 269
6803 46 3518 318 2163
6804 46 3406 157 156
6805 46 3409 2396 2397
6806 46 3402 359 3311
6807 46 3401 360 3310
6808 46 3450 1872 3395
6809 46 3410 2043 2837
6810 46 3530 324 2176
6811 46 3447 2411 1877
6812 46 3411 185 184
6813 46 3514 3400 2333
6814 46 3501 3454 354
6815 46 3422 2115 2045
6816 46 3494 2748 1630
6817 46 3362 5 260
6818 46 3361 133 132
6819 46 3412 2429 1864
6820 46 3433 352 2602
6821 46 3413 2068 1837
6822 46 3420 1464 3398
6823 46 3542 2385 1845
6824 46 3530 2282 324
6825 46 3418 3399 345
6826 46 3442 3391 666
6827 46 3541 2146 3439
6828 46 3511 3394 274
6829 46 3416 1630 2583
6830 46 3469 2411 3447
6831 46 3414 1682 1516
6832 46 3426 290 3358
6833 46 3536 2699 1754
6834 46 3415 1878 1879
6835 46 3437 61 60
6836 46 3505 2342 293
6837 46 3470 319 2323
6838 46 3454 3433 2602
6839 46 3433 2429 3412
6840 46 3417 1409 2644
6841 46 3541 346 2986
6842 46 3538 2909 2231
6843 46 3527 2089 2164
6844 46 3544 2155 3440
6845 46 3522 3430 2348
6846 46 3418 345 2317
6847 46 3470 2087 3351
6848 46 3419 2150 2441
6849 46 3420 1466 1464
6850 46 3421 2211 2196
6851 46 3422 2707 261
6852 46 3423 59 264
6853 46 3475 2125 3389
6854 46 3505 2381 2081
6855 46 3424 2107 1854
6856 46 3425 276 169
6857 46 3407 3336 2105
6858 46 3427 21 20
6859 46 3509 1468 3438
6860 46 3428 2063 2064
6861 46 3510 3384 247
6862 46 3429 1398 1319
6863 46 3469 2054 2411
6864 46 3519 2043 3410
6865 46 3399 2069 3379
6866 46 3437 3403 343
6867 46 3506 3317 353
6868 46 3542 2295 2294
6869 46 3430 2230 2229
6870 46 3530 3431 2282
6871 46 3454 2602 354
6872 46 3432 288 2399
6873 46 3433 2177 2429
6874 46 3434 1408 2377
6875 46 3435 1419 3316
6876 46 3425 3408 276
6877 46 3473 2139 3368
6878 46 3436 2044 3155
6879 46 3447 3418 2317
6880 46 3438 2293 2295
6881 46 3439 162 346
6882 46 3511 2103 3394
6883 46 3440 126 125
6884 46 3484 3360 273
6885 46 3464 2098 3423
6886 46 3446 2416 3343
6887 46 3491 3385 341
6888 46 3441 1454 1653
6889 46 3476 3450 2369
6890 46 3501 3041 3401
6891 46 3442 666 3306
6892 46 3443 2062 2256
6893 46 3444 2490 2060
6894 46 3460 1876 2081
6895 46 3518 3413 318
6896 46 3506 3040 3402
6897 46 3471 2075 3380
6898 46 3496 2113 3321
6899 46 3454 2177 3433
6900 46 3465 2050 2053
6901 46 3446 311 80
6902 46 3508 1607 2054
6903 46 3456 2044 3436
6904 46 3448 1643 3338
6905 46 3445 2186 3372
6906 46 3535 2211 3421
6907 46 3447 2317 285
6908 46 3508 1664 1607
6909 46 3448 2337 2328
6910 46 3515 2061 3415
6911 46 3484 95 94
6912 46 3535 2522 339
6913 46 3520 2140 3468
6914 46 3449 2677 2576
6915 46 3532 2115 3422
6916 46 3466 3369 305
6917 46 3516 1643 3448
6918 46 3476 2369 2370
6919 46 3450 2835 2834
6920 46 3451 2059 2451
6921 46 3452 155 154
6922 46 3408 3386 2538
6923 46 3453 2140 2048
6924 46 3471 2712 338
6925 46 3477 297 2432
6926 46 3501 3401 3431
6927 46 3524 1621 3441
6928 46 3454 2178 2177
6929 46 3463 2077 2078
6930 46 3399 3379 345
6931 46 3464 2933 2052
6932 46 3469 3447 285
6933 46 3455 2056 2631
6934 46 3456 1639 2044
6935 46 3457 212 266
6936 46 3525 3373 332
6937 46 3528 164 163
6938 46 3537 1409 3417
6939 46 3533 2353 2071
6940 46 3458 1838 1840
6941 46 3463 3370 314
6942 46 3476 2835 3450
6943 46 3465 3365 308
6944 46 3426 3358 2316
6945 46 3534 2487 3461
6946 46 3532 3422 261
6947 46 3459 98 97
6948 46 3461 2488 2091
6949 46 3462 1615 1431
6950 46 3528 282 164
6951 46 3539 2107 3424
6952 46 3505 293 2381
6953 46 3539 283 3339
6954 46 3466 2072 2074
6955 46 3535 339 3329
6956 46 3488 2085 2086
6957 46 3499 3453 264
6958 46 3467 2486 2288
6959 46 3468 56 303
6960 46 3469 285 2285
6961 46 3470 3039 2087
6962 46 3546 1408 3434
6963 46 3408 1871 3386
6964 46 3487 329 2314
6965 46 3544 3440 125
6966 46 3472 232 231
6967 46 3473 306 214
6968 46 3474 1471 1469
6969 46 3446 3343 311
6970 46 3476 1805 2835
6971 46 3477 2093 2092
6972 46 3475 3314 2125
6973 46 3478 2070 1606
6974 46 3479 331 2348
6975 46 3516 3448 2328
6976 46 3494 2112 2113
6977 46 3480 19 18
6978 46 3481 2088 2421
6979 46 3488 3390 323
6980 46 3486 2163 2111
6981 46 3482 2326 289
6982 46 3483 78 262
6983 46 3485 182 181
6984 46 3505 3383 2342
6985 46 3487 2101 2095
6986 46 3495 2070 3478
6987 46 3499 58 57
6988 46 3489 2414 2417
6989 46 3498 3480 18
6990 46 3490 2525 2082
6991 46 3491 2908 2153
6992 46 3514 1867 3400
6993 46 3473 3368 306
6994 46 3492 271 2430
6995 46 3493 1842 1603
6996 46 3519 2709 337
6997 46 3495 2146 2070
6998 46 3496 1468 2748
6999 46 3497 153 152
7000 46 3498 18 17
7001 46 3500 1845 1438
7002 46 3501 354 3041
7003 46 3538 2230 3522
7004 46 3502 2034 3231
7005 46 3503 2605 2604
7006 46 3465 2053 3365
7007 46 3532 3357 2115
7008 46 3504 3024 2079
7009 46 3539 3339 2109
7010 46 3506 353 3040
7011 46 3542 2294 2385
7012 46 3538 2231 2230
7013 46 3536 2356 3332
7014 46 3507 2094 2440
7015 46 3527 2175 2089
7016 46 3509 1440 1442
7017 46 3521 3024 3504
7018 46 3536 3332 2699
7019 46 3510 247 246
7020 46 3511 2289 2103
7021 46 3512 1599 1597
7022 46 3513 267 2355
7023 46 3516 3347 1643
7024 46 3514 3031 1867
7025 46 3515 325 2266
7026 46 3450 3395 2369
7027 46 3520 3049 2084
7028 46 3516 2328 2327
7029 46 3519 3331 2043
7030 46 3517 93 307
7031 46 3466 2074 3369
7032 46 3521 1754 3024
7033 46 3529 1599 3512
7034 46 3522 2347 291
7035 46 3523 2102 2787
7036 46 3524 2335 2336
7037 46 3525 2131 2066
7038 46 3533 2071 3049
7039 46 3526 75 74
7040 46 3463 2078 3370
7041 46 3538 3522 291
7042 46 3529 1601 1599
7043 46 3530 2176 2178
7044 46 3531 284 2275
7045 46 3491 2153 3385
7046 46 3471 3380 2712
7047 46 3532 261 2626
7048 46 3535 3329 2211
7049 46 3533 303 2353
7050 46 3534 312 2819
7051 46 3537 1283 1409
7052 46 3538 291 2909
7053 46 3539 2109 2107
7054 46 3540 16 15
7055 46 3431 3401 355
7056 46 3519 337 3331
7057 46 3541 2986 2080
7058 46 3543 1650 2962
7059 46 3544 125 124
7060 46 3546 1262 1408
7061 46 3437 2098 3403
7062 46 3533 3049 3520
7063 46 3533 3520 303
7064 46 3545 2120 3314
7065 46 3484 2250 3360
7066 46 3530 2178 3431
7067 46 3488 2086 3390
7068 46 3542 3500 2295
7069 46 3475 3389 2929
7070 46 3516 2327 3347
7071 46 3532 2626 3357
7072 46 3515 3415 325
7073 46 3501 3431 2178
7074 46 3464 3423 264
7075 46 3508 2054 3479
7076 46 3505 2081 3383
7077 46 3524 3441 2335
7078 46 3518 2068 3413
7079 46 3522 2230 3430
7080 46 3509 3438 2295
7081 46 3528 3495 282
7082 46 3496 2748 3494
7083 46 3496 3494 2113
7084 46 3541 3439 346
7085 46 3518 2163 3486
7086 46 3534 3461 312
7087 46 3499 2140 3453
7088 46 3508 3479 2348
7089 46 3520 3468 303
7090 46 3518 3486 2068
7091 46 3536 3521 2356
7092 46 3528 2146 3495
7093 46 3542 1845 3500
7094 46 3536 1754 3521
*
ATTR
265 7094 1
*
MATERIAL
1 0 70e9 0.3 2.7e3 0 3 1.0 0 0 1000 0 0 0 0
*
ITEMPERATURES
1 300
2 300
3 300
4 300
5 300
6 300
7 300
8 300
9 300
10 300
11 300
12 300
13 300
14 300
15 300
16 300
17 300
18 300
19 300
20 300
21 300
22 300
23 300
24 300
25 300
26 300
27 300
28 300
29 300
30 300
31 300
32 300
33 300
34 300
35 300
36 300
37 300
38 300
39 300
40 300
41 300
42 300
43 300
44 300
45 300
46 300
47 300
48 300
49 300
50 300
51 300
52 300
53 300
54 300
55 300
56 300
57 300
58 300
59 300
60 300
61 300
62 300
63 300
64 300
65 300
66 300
67 300
68 300
69 300
70 300
71 300
72 300
73 300
74 300
75 300
76 300
77 300
78 300
79 300
80 300
81 300
82 300
83 300
84 300
85 300
86 300
87 300
88 300
89 300
90 300
91 300
92 300
93 300
94 300
95 300
96 300
97 300
98 300
99 300
100 300
101 300
102 300
103 300
104 300
105 300
106 300
107 300
108 300
109 300
110 300
111 300
112 300
113 300
114 300
115 300
116 300
117 300
118 300
119 300
120 300
121 300
122 300
123 300
124 300
125 300
126 300
127 300
128 300
129 300
130 300
131 300
132 300
133 300
134 300
135 300
136 300
137 300
138 300
139 300
140 300
141 300
142 300
143 300
144 300
145 300
146 300
147 300
148 300
149 300
150 300
151 300
152 300
153 300
154 300
155 300
156 300
157 300
158 300
159 300
160 300
161 300
162 300
163 300
164 300
165 300
166 300
167 300
168 300
169 300
170 300
171 300
172 300
173 300
174 300
175 300
176 300
177 300
178 300
179 300
180 300
181 300
182 300
183 300
184 300
185 300
186 300
187 300
188 300
189 300
190 300
191 300
192 300
193 300
194 300
195 300
196 300
197 300
198 300
199 300
200 300
201 300
202 300
203 300
204 300
205 300
206 300
207 300
208 300
209 300
210 300
211 300
212 300
213 300
214 300
215 300
216 300
217 300
218 300
219 300
220 300
221 300
222 300
223 300
224 300
225 300
226 300
227 300
228 300
229 300
230 300
231 300
232 300
233 300
234 300
235 300
236 300
237 300
238 300
239 300
240 300
241 300
242 300
243 300
244 300
245 300
246 300
247 300
248 300
249 300
250 300
251 300
252 300
253 300
254 300
255 300
256 300
257 300
258 300
259 300
260 300
261 300
262 300
263 300
264 300
265 300
266 300
267 300
268 300
269 300
270 300
271 300
272 300
273 300
274 300
275 300
276 300
277 300
278 300
279 300
280 300
281 300
282 300
283 300
284 300
285 300
286 300
287 300
288 300
289 300
290 300
291 300
292 300
293 300
294 300
295 300
296 300
297 300
298 300
299 300
300 300
301 300
302 300
303 300
304 300
305 300
306 300
307 300
308 300
309 300
310 300
311 300
312 300
313 300
314 300
315 300
316 300
317 300
318 300
319 300
320 300
321 300
322 300
323 300
324 300
325 300
326 300
327 300
328 300
329 300
330 300
331 300
332 300
333 300
334 300
335 300
336 300
337 300
338 300
339 300
340 300
341 300
342 300
343 300
344 300
345 300
346 300
347 300
348 300
349 300
350 300
351 300
352 300
353 300
354 300
355 300
356 300
357 300
358 300
359 300
360 300
361 300
362 300
363 300
364 300
365 300
366 300
367 300
368 300
369 300
370 300
371 300
372 300
373 300
374 300
375 300
376 300
377 300
378 300
379 300
380 300
381 300
382 300
383 300
384 300
385 300
386 300
387 300
388 300
389 300
390 300
391 300
392 300
393 300
394 300
395 300
396 300
397 300
398 300
399 300
400 300
401 300
402 300
403 300
404 300
405 300
406 300
407 300
408 300
409 300
410 300
411 300
412 300
413 300
414 300
415 300
416 300
417 300
418 300
419 300
420 300
421 300
422 300
423 300
424 300
425 300
426 300
427 300
428 300
429 300
430 300
431 300
432 300
433 300
434 300
435 300
436 300
437 300
438 300
439 300
440 300
441 300
442 300
443 300
444 300
445 300
446 300
447 300
448 300
449 300
450 300
451 300
452 300
453 300
454 300
455 300
456 300
457 300
458 300
459 300
460 300
461 300
462 300
463 300
464 300
465 300
466 300
467 300
468 300
469 300
470 300
471 300
472 300
473 300
474 300
475 300
476 300
477 300
478 300
479 300
480 300
481 300
482 300
483 300
484 300
485 300
486 300
487 300
488 300
489 300
490 300
491 300
492 300
493 300
494 300
495 300
496 300
497 300
498 300
499 300
500 300
501 300
502 300
503 300
504 300
505 300
506 300
507 300
508 300
509 300
510 300
511 300
512 300
513 300
514 300
515 300
516 300
517 300
518 300
519 300
520 300
521 300
522 300
523 300
524 300
525 300
526 300
527 300
528 300
529 300
530 300
531 300
532 300
533 300
534 300
535 300
536 300
537 300
538 300
539 300
540 300
541 300
542 300
543 300
544 300
545 300
546 300
547 300
548 300
549 300
550 300
551 300
552 300
553 300
554 300
555 300
556 300
557 300
558 300
559 300
560 300
561 300
562 300
563 300
564 300
565 300
566 300
567 300
568 300
569 300
570 300
571 300
572 300
573 300
574 300
575 300
576 300
577 300
578 300
579 300
580 300
581 300
582 300
583 300
584 300
585 300
586 300
587 300
588 300
589 300
590 300
591 300
592 300
593 300
594 300
595 300
596 300
597 300
598 300
599 300
600 300
601 300
602 300
603 300
604 300
605 300
606 300
607 300
608 300
609 300
610 300
611 300
612 300
613 300
614 300
615 300
616 300
617 300
618 300
619 300
620 300
621 300
622 300
623 300
624 300
625 300
626 300
627 300
628 300
629 300
630 300
631 300
632 300
633 300
634 300
635 300
636 300
637 300
638 300
639 300
640 300
641 300
642 300
643 300
644 300
645 300
646 300
647 300
648 300
649 300
650 300
651 300
652 300
653 300
654 300
655 300
656 300
657 300
658 300
659 300
660 300
661 300
662 300
663 300
664 300
665 300
666 300
667 300
668 300
669 300
670 300
671 300
672 300
673 300
674 300
675 300
676 300
677 300
678 300
679 300
680 300
681 300
682 300
683 300
684 300
685 300
686 300
687 300
688 300
689 300
690 300
691 300
692 300
693 300
694 300
695 300
696 300
697 300
698 300
699 300
700 300
701 300
702 300
703 300
704 300
705 300
706 300
707 300
708 300
709 300
710 300
711 300
712 300
713 300
714 300
715 300
716 300
717 300
718 300
719 300
720 300
721 300
722 300
723 300
724 300
725 300
726 300
727 300
728 300
729 300
730 300
731 300
732 300
733 300
734 300
735 300
736 300
737 300
738 300
739 300
740 300
741 300
742 300
743 300
744 300
745 300
746 300
747 300
748 300
749 300
750 300
751 300
752 300
753 300
754 300
755 300
756 300
757 300
758 300
759 300
760 300
761 300
762 300
763 300
764 300
765 300
766 300
767 300
768 300
769 300
770 300
771 300
772 300
773 300
774 300
775 300
776 300
777 300
778 300
779 300
780 300
781 300
782 300
783 300
784 300
785 300
786 300
787 300
788 300
789 300
790 300
791 300
792 300
793 300
794 300
795 300
796 300
797 300
798 300
799 300
800 300
801 300
802 300
803 300
804 300
805 300
806 300
807 300
808 300
809 300
810 300
811 300
812 300
813 300
814 300
815 300
816 300
817 300
818 300
819 300
820 300
821 300
822 300
823 300
824 300
825 300
826 300
827 300
828 300
829 300
830 300
831 300
832 300
833 300
834 300
835 300
836 300
837 300
838 300
839 300
840 300
841 300
842 300
843 300
844 300
845 300
846 300
847 300
848 300
849 300
850 300
851 300
852 300
853 300
854 300
855 300
856 300
857 300
858 300
859 300
860 300
861 300
862 300
863 300
864 300
865 300
866 300
867 300
868 300
869 300
870 300
871 300
872 300
873 300
874 300
875 300
876 300
877 300
878 300
879 300
880 300
881 300
882 300
883 300
884 300
885 300
886 300
887 300
888 300
889 300
890 300
891 300
892 300
893 300
894 300
895 300
896 300
897 300
898 300
899 300
900 300
901 300
902 300
903 300
904 300
905 300
906 300
907 300
908 300
909 300
910 300
911 300
912 300
913 300
914 300
915 300
916 300
917 300
918 300
919 300
920 300
921 300
922 300
923 300
924 300
925 300
926 300
927 300
928 300
929 300
930 300
931 300
932 300
933 300
934 300
935 300
936 300
937 300
938 300
939 300
940 300
941 300
942 300
943 300
944 300
945 300
946 300
947 300
948 300
949 300
950 300
951 300
952 300
953 300
954 300
955 300
956 300
957 300
958 300
959 300
960 300
961 300
962 300
963 300
964 300
965 300
966 300
967 300
968 300
969 300
970 300
971 300
972 300
973 300
974 300
975 300
976 300
977 300
978 300
979 300
980 300
981 300
982 300
983 300
984 300
985 300
986 300
987 300
988 300
989 300
990 300
991 300
992 300
993 300
994 300
995 300
996 300
997 300
998 300
999 300
1000 300
1001 300
1002 300
1003 300
1004 300
1005 300
1006 300
1007 300
1008 300
1009 300
1010 300
1011 300
1012 300
1013 300
1014 300
1015 300
1016 300
1017 300
1018 300
1019 300
1020 300
1021 300
1022 300
1023 300
1024 300
1025 300
1026 300
1027 300
1028 300
1029 300
1030 300
1031 300
1032 300
1033 300
1034 300
1035 300
1036 300
1037 300
1038 300
1039 300
1040 300
1041 300
1042 300
1043 300
1044 300
1045 300
1046 300
1047 300
1048 300
1049 300
1050 300
1051 300
1052 300
1053 300
1054 300
1055 300
1056 300
1057 300
1058 300
1059 300
1060 300
1061 300
1062 300
1063 300
1064 300
1065 300
1066 300
1067 300
1068 300
1069 300
1070 300
1071 300
1072 300
1073 300
1074 300
1075 300
1076 300
1077 300
1078 300
1079 300
1080 300
1081 300
1082 300
1083 300
1084 300
1085 300
1086 300
1087 300
1088 300
1089 300
1090 300
1091 300
1092 300
1093 300
1094 300
1095 300
1096 300
1097 300
1098 300
1099 300
1100 300
1101 300
1102 300
1103 300
1104 300
1105 300
1106 300
1107 300
1108 300
1109 300
1110 300
1111 300
1112 300
1113 300
1114 300
1115 300
1116 300
1117 300
1118 300
1119 300
1120 300
1121 300
1122 300
1123 300
1124 300
1125 300
1126 300
1127 300
1128 300
1129 300
1130 300
1131 300
1132 300
1133 300
1134 300
1135 300
1136 300
1137 300
1138 300
1139 300
1140 300
1141 300
1142 300
1143 300
1144 300
1145 300
1146 300
1147 300
1148 300
1149 300
1150 300
1151 300
1152 300
1153 300
1154 300
1155 300
1156 300
1157 300
1158 300
1159 300
1160 300
1161 300
1162 300
1163 300
1164 300
1165 300
1166 300
1167 300
1168 300
1169 300
1170 300
1171 300
1172 300
1173 300
1174 300
1175 300
1176 300
1177 300
1178 300
1179 300
1180 300
1181 300
1182 300
1183 300
1184 300
1185 300
1186 300
1187 300
1188 300
1189 300
1190 300
1191 300
1192 300
1193 300
1194 300
1195 300
1196 300
1197 300
1198 300
1199 300
1200 300
1201 300
1202 300
1203 300
1204 300
1205 300
1206 300
1207 300
1208 300
1209 300
1210 300
1211 300
1212 300
1213 300
1214 300
1215 300
1216 300
1217 300
1218 300
1219 300
1220 300
1221 300
1222 300
1223 300
1224 300
1225 300
1226 300
1227 300
1228 300
1229 300
1230 300
1231 300
1232 300
1233 300
1234 300
1235 300
1236 300
1237 300
1238 300
1239 300
1240 300
1241 300
1242 300
1243 300
1244 300
1245 300
1246 300
1247 300
1248 300
1249 300
1250 300
1251 300
1252 300
1253 300
1254 300
1255 300
1256 300
1257 300
1258 300
1259 300
1260 300
1261 300
1262 300
1263 300
1264 300
1265 300
1266 300
1267 300
1268 300
1269 300
1270 300
1271 300
1272 300
1273 300
1274 300
1275 300
1276 300
1277 300
1278 300
1279 300
1280 300
1281 300
1282 300
1283 300
1284 300
1285 300
1286 300
1287 300
1288 300
1289 300
1290 300
1291 300
1292 300
1293 300
1294 300
1295 300
1296 300
1297 300
1298 300
1299 300
1300 300
1301 300
1302 300
1303 300
1304 300
1305 300
1306 300
1307 300
1308 300
1309 300
1310 300
1311 300
1312 300
1313 300
1314 300
1315 300
1316 300
1317 300
1318 300
1319 300
1320 300
1321 300
1322 300
1323 300
1324 300
1325 300
1326 300
1327 300
1328 300
1329 300
1330 300
1331 300
1332 300
1333 300
1334 300
1335 300
1336 300
1337 300
1338 300
1339 300
1340 300
1341 300
1342 300
1343 300
1344 300
1345 300
1346 300
1347 300
1348 300
1349 300
1350 300
1351 300
1352 300
1353 300
1354 300
1355 300
1356 300
1357 300
1358 300
1359 300
1360 300
1361 300
1362 300
1363 300
1364 300
1365 300
1366 300
1367 300
1368 300
1369 300
1370 300
1371 300
1372 300
1373 300
1374 300
1375 300
1376 300
1377 300
1378 300
1379 300
1380 300
1381 300
1382 300
1383 300
1384 300
1385 300
1386 300
1387 300
1388 300
1389 300
1390 300
1391 300
1392 300
1393 300
1394 300
1395 300
1396 300
1397 300
1398 300
1399 300
1400 300
1401 300
1402 300
1403 300
1404 300
1405 300
1406 300
1407 300
1408 300
1409 300
1410 300
1411 300
1412 300
1413 300
1414 300
1415 300
1416 300
1417 300
1418 300
1419 300
1420 300
1421 300
1422 300
1423 300
1424 300
1425 300
1426 300
1427 300
1428 300
1429 300
1430 300
1431 300
1432 300
1433 300
1434 300
1435 300
1436 300
1437 300
1438 300
1439 300
1440 300
1441 300
1442 300
1443 300
1444 300
1445 300
1446 300
1447 300
1448 300
1449 300
1450 300
1451 300
1452 300
1453 300
1454 300
1455 300
1456 300
1457 300
1458 300
1459 300
1460 300
1461 300
1462 300
1463 300
1464 300
1465 300
1466 300
1467 300
1468 300
1469 300
1470 300
1471 300
1472 300
1473 300
1474 300
1475 300
1476 300
1477 300
1478 300
1479 300
1480 300
1481 300
1482 300
1483 300
1484 300
1485 300
1486 300
1487 300
1488 300
1489 300
1490 300
1491 300
1492 300
1493 300
1494 300
1495 300
1496 300
1497 300
1498 300
1499 300
1500 300
1501 300
1502 300
1503 300
1504 300
1505 300
1506 300
1507 300
1508 300
1509 300
1510 300
1511 300
1512 300
1513 300
1514 300
1515 300
1516 300
1517 300
1518 300
1519 300
1520 300
1521 300
1522 300
1523 300
1524 300
1525 300
1526 300
1527 300
1528 300
1529 300
1530 300
1531 300
1532 300
1533 300
1534 300
1535 300
1536 300
1537 300
1538 300
1539 300
1540 300
1541 300
1542 300
1543 300
1544 300
1545 300
1546 300
1547 300
1548 300
1549 300
1550 300
1551 300
1552 300
1553 300
1554 300
1555 300
1556 300
1557 300
1558 300
1559 300
1560 300
1561 300
1562 300
1563 300
1564 300
1565 300
1566 300
1567 300
1568 300
1569 300
1570 300
1571 300
1572 300
1573 300
1574 300
1575 300
1576 300
1577 300
1578 300
1579 300
1580 300
1581 300
1582 300
1583 300
1584 300
1585 300
1586 300
1587 300
1588 300
1589 300
1590 300
1591 300
1592 300
1593 300
1594 300
1595 300
1596 300
1597 300
1598 300
1599 300
1600 300
1601 300
1602 300
1603 300
1604 300
1605 300
1606 300
1607 300
1608 300
1609 300
1610 300
1611 300
1612 300
1613 300
1614 300
1615 300
1616 300
1617 300
1618 300
1619 300
1620 300
1621 300
1622 300
1623 300
1624 300
1625 300
1626 300
1627 300
1628 300
1629 300
1630 300
1631 300
1632 300
1633 300
1634 300
1635 300
1636 300
1637 300
1638 300
1639 300
1640 300
1641 300
1642 300
1643 300
1644 300
1645 300
1646 300
1647 300
1648 300
1649 300
1650 300
1651 300
1652 300
1653 300
1654 300
1655 300
1656 300
1657 300
1658 300
1659 300
1660 300
1661 300
1662 300
1663 300
1664 300
1665 300
1666 300
1667 300
1668 300
1669 300
1670 300
1671 300
1672 300
1673 300
1674 300
1675 300
1676 300
1677 300
1678 300
1679 300
1680 300
1681 300
1682 300
1683 300
1684 300
1685 300
1686 300
1687 300
1688 300
1689 300
1690 300
1691 300
1692 300
1693 300
1694 300
1695 300
1696 300
1697 300
1698 300
1699 300
1700 300
1701 300
1702 300
1703 300
1704 300
1705 300
1706 300
1707 300
1708 300
1709 300
1710 300
1711 300
1712 300
1713 300
1714 300
1715 300
1716 300
1717 300
1718 300
1719 300
1720 300
1721 300
1722 300
1723 300
1724 300
1725 300
1726 300
1727 300
1728 300
1729 300
1730 300
1731 300
1732 300
1733 300
1734 300
1735 300
1736 300
1737 300
1738 300
1739 300
1740 300
1741 300
1742 300
1743 300
1744 300
1745 300
1746 300
1747 300
1748 300
1749 300
1750 300
1751 300
1752 300
1753 300
1754 300
1755 300
1756 300
1757 300
1758 300
1759 300
1760 300
1761 300
1762 300
1763 300
1764 300
1765 300
1766 300
1767 300
1768 300
1769 300
1770 300
1771 300
1772 300
1773 300
1774 300
1775 300
1776 300
1777 300
1778 300
1779 300
1780 300
1781 300
1782 300
1783 300
1784 300
1785 300
1786 300
1787 300
1788 300
1789 300
1790 300
1791 300
1792 300
1793 300
1794 300
1795 300
1796 300
1797 300
1798 300
1799 300
1800 300
1801 300
1802 300
1803 300
1804 300
1805 300
1806 300
1807 300
1808 300
1809 300
1810 300
1811 300
1812 300
1813 300
1814 300
1815 300
1816 300
1817 300
1818 300
1819 300
1820 300
1821 300
1822 300
1823 300
1824 300
1825 300
1826 300
1827 300
1828 300
1829 300
1830 300
1831 300
1832 300
1833 300
1834 300
1835 300
1836 300
1837 300
1838 300
1839 300
1840 300
1841 300
1842 300
1843 300
1844 300
1845 300
1846 300
1847 300
1848 300
1849 300
1850 300
1851 300
1852 300
1853 300
1854 300
1855 300
1856 300
1857 300
1858 300
1859 300
1860 300
1861 300
1862 300
1863 300
1864 300
1865 300
1866 300
1867 300
1868 300
1869 300
1870 300
1871 300
1872 300
1873 300
1874 300
1875 300
1876 300
1877 300
1878 300
1879 300
1880 300
1881 300
1882 300
1883 300
1884 300
1885 300
1886 300
1887 300
1888 300
1889 300
1890 300
1891 300
1892 300
1893 300
1894 300
1895 300
1896 300
1897 300
1898 300
1899 300
1900 300
1901 300
1902 300
1903 300
1904 300
1905 300
1906 300
1907 300
1908 300
1909 300
1910 300
1911 300
1912 300
1913 300
1914 300
1915 300
1916 300
1917 300
1918 300
1919 300
1920 300
1921 300
1922 300
1923 300
1924 300
1925 300
1926 300
1927 300
1928 300
1929 300
1930 300
1931 300
1932 300
1933 300
1934 300
1935 300
1936 300
1937 300
1938 300
1939 300
1940 300
1941 300
1942 300
1943 300
1944 300
1945 300
1946 300
1947 300
1948 300
1949 300
1950 300
1951 300
1952 300
1953 300
1954 300
1955 300
1956 300
1957 300
1958 300
1959 300
1960 300
1961 300
1962 300
1963 300
1964 300
1965 300
1966 300
1967 300
1968 300
1969 300
1970 300
1971 300
1972 300
1973 300
1974 300
1975 300
1976 300
1977 300
1978 300
1979 300
1980 300
1981 300
1982 300
1983 300
1984 300
1985 300
1986 300
1987 300
1988 300
1989 300
1990 300
1991 300
1992 300
1993 300
1994 300
1995 300
1996 300
1997 300
1998 300
1999 300
2000 300
2001 300
2002 300
2003 300
2004 300
2005 300
2006 300
2007 300
2008 300
2009 300
2010 300
2011 300
2012 300
2013 300
2014 300
2015 300
2016 300
2017 300
2018 300
2019 300
2020 300
2021 300
2022 300
2023 300
2024 300
2025 300
2026 300
2027 300
2028 300
2029 300
2030 300
2031 300
2032 300
2033 300
2034 300
2035 300
2036 300
2037 300
2038 300
2039 300
2040 300
2041 300
2042 300
2043 300
2044 300
2045 300
2046 300
2047 300
2048 300
2049 300
2050 300
2051 300
2052 300
2053 300
2054 300
2055 300
2056 300
2057 300
2058 300
2059 300
2060 300
2061 300
2062 300
2063 300
2064 300
2065 300
2066 300
2067 300
2068 300
2069 300
2070 300
2071 300
2072 300
2073 300
2074 300
2075 300
2076 300
2077 300
2078 300
2079 300
2080 300
2081 300
2082 300
2083 300
2084 300
2085 300
2086 300
2087 300
2088 300
2089 300
2090 300
2091 300
2092 300
2093 300
2094 300
2095 300
2096 300
2097 300
2098 300
2099 300
2100 300
2101 300
2102 300
2103 300
2104 300
2105 300
2106 300
2107 300
2108 300
2109 300
2110 300
2111 300
2112 300
2113 300
2114 300
2115 300
2116 300
2117 300
2118 300
2119 300
2120 300
2121 300
2122 300
2123 300
2124 300
2125 300
2126 300
2127 300
2128 300
2129 300
2130 300
2131 300
2132 300
2133 300
2134 300
2135 300
2136 300
2137 300
2138 300
2139 300
2140 300
2141 300
2142 300
2143 300
2144 300
2145 300
2146 300
2147 300
2148 300
2149 300
2150 300
2151 300
2152 300
2153 300
2154 300
2155 300
2156 300
2157 300
2158 300
2159 300
2160 300
2161 300
2162 300
2163 300
2164 300
2165 300
2166 300
2167 300
2168 300
2169 300
2170 300
2171 300
2172 300
2173 300
2174 300
2175 300
2176 300
2177 300
2178 300
2179 300
2180 300
2181 300
2182 300
2183 300
2184 300
2185 300
2186 300
2187 300
2188 300
2189 300
2190 300
2191 300
2192 300
2193 300
2194 300
2195 300
2196 300
2197 300
2198 300
2199 300
2200 300
2201 300
2202 300
2203 300
2204 300
2205 300
2206 300
2207 300
2208 300
2209 300
2210 300
2211 300
2212 300
2213 300
2214 300
2215 300
2216 300
2217 300
2218 300
2219 300
2220 300
2221 300
2222 300
2223 300
2224 300
2225 300
2226 300
2227 300
2228 300
2229 300
2230 300
2231 300
2232 300
2233 300
2234 300
2235 300
2236 300
2237 300
2238 300
2239 300
2240 300
2241 300
2242 300
2243 300
2244 300
2245 300
2246 300
2247 300
2248 300
2249 300
2250 300
2251 300
2252 300
2253 300
2254 300
2255 300
2256 300
2257 300
2258 300
2259 300
2260 300
2261 300
2262 300
2263 300
2264 300
2265 300
2266 300
2267 300
2268 300
2269 300
2270 300
2271 300
2272 300
2273 300
2274 300
2275 300
2276 300
2277 300
2278 300
2279 300
2280 300
2281 300
2282 300
2283 300
2284 300
2285 300
2286 300
2287 300
2288 300
2289 300
2290 300
2291 300
2292 300
2293 300
2294 300
2295 300
2296 300
2297 300
2298 300
2299 300
2300 300
2301 300
2302 300
2303 300
2304 300
2305 300
2306 300
2307 300
2308 300
2309 300
2310 300
2311 300
2312 300
2313 300
2314 300
2315 300
2316 300
2317 300
2318 300
2319 300
2320 300
2321 300
2322 300
2323 300
2324 300
2325 300
2326 300
2327 300
2328 300
2329 300
2330 300
2331 300
2332 300
2333 300
2334 300
2335 300
2336 300
2337 300
2338 300
2339 300
2340 300
2341 300
2342 300
2343 300
2344 300
2345 300
2346 300
2347 300
2348 300
2349 300
2350 300
2351 300
2352 300
2353 300
2354 300
2355 300
2356 300
2357 300
2358 300
2359 300
2360 300
2361 300
2362 300
2363 300
2364 300
2365 300
2366 300
2367 300
2368 300
2369 300
2370 300
2371 300
2372 300
2373 300
2374 300
2375 300
2376 300
2377 300
2378 300
2379 300
2380 300
2381 300
2382 300
2383 300
2384 300
2385 300
2386 300
2387 300
2388 300
2389 300
2390 300
2391 300
2392 300
2393 300
2394 300
2395 300
2396 300
2397 300
2398 300
2399 300
2400 300
2401 300
2402 300
2403 300
2404 300
2405 300
2406 300
2407 300
2408 300
2409 300
2410 300
2411 300
2412 300
2413 300
2414 300
2415 300
2416 300
2417 300
2418 300
2419 300
2420 300
2421 300
2422 300
2423 300
2424 300
2425 300
2426 300
2427 300
2428 300
2429 300
2430 300
2431 300
2432 300
2433 300
2434 300
2435 300
2436 300
2437 300
2438 300
2439 300
2440 300
2441 300
2442 300
2443 300
2444 300
2445 300
2446 300
2447 300
2448 300
2449 300
2450 300
2451 300
2452 300
2453 300
2454 300
2455 300
2456 300
2457 300
2458 300
2459 300
2460 300
2461 300
2462 300
2463 300
2464 300
2465 300
2466 300
2467 300
2468 300
2469 300
2470 300
2471 300
2472 300
2473 300
2474 300
2475 300
2476 300
2477 300
2478 300
2479 300
2480 300
2481 300
2482 300
2483 300
2484 300
2485 300
2486 300
2487 300
2488 300
2489 300
2490 300
2491 300
2492 300
2493 300
2494 300
2495 300
2496 300
2497 300
2498 300
2499 300
2500 300
2501 300
2502 300
2503 300
2504 300
2505 300
2506 300
2507 300
2508 300
2509 300
2510 300
2511 300
2512 300
2513 300
2514 300
2515 300
2516 300
2517 300
2518 300
2519 300
2520 300
2521 300
2522 300
2523 300
2524 300
2525 300
2526 300
2527 300
2528 300
2529 300
2530 300
2531 300
2532 300
2533 300
2534 300
2535 300
2536 300
2537 300
2538 300
2539 300
2540 300
2541 300
2542 300
2543 300
2544 300
2545 300
2546 300
2547 300
2548 300
2549 300
2550 300
2551 300
2552 300
2553 300
2554 300
2555 300
2556 300
2557 300
2558 300
2559 300
2560 300
2561 300
2562 300
2563 300
2564 300
2565 300
2566 300
2567 300
2568 300
2569 300
2570 300
2571 300
2572 300
2573 300
2574 300
2575 300
2576 300
2577 300
2578 300
2579 300
2580 300
2581 300
2582 300
2583 300
2584 300
2585 300
2586 300
2587 300
2588 300
2589 300
2590 300
2591 300
2592 300
2593 300
2594 300
2595 300
2596 300
2597 300
2598 300
2599 300
2600 300
2601 300
2602 300
2603 300
2604 300
2605 300
2606 300
2607 300
2608 300
2609 300
2610 300
2611 300
2612 300
2613 300
2614 300
2615 300
2616 300
2617 300
2618 300
2619 300
2620 300
2621 300
2622 300
2623 300
2624 300
2625 300
2626 300
2627 300
2628 300
2629 300
2630 300
2631 300
2632 300
2633 300
2634 300
2635 300
2636 300
2637 300
2638 300
2639 300
2640 300
2641 300
2642 300
2643 300
2644 300
2645 300
2646 300
2647 300
2648 300
2649 300
2650 300
2651 300
2652 300
2653 300
2654 300
2655 300
2656 300
2657 300
2658 300
2659 300
2660 300
2661 300
2662 300
2663 300
2664 300
2665 300
2666 300
2667 300
2668 300
2669 300
2670 300
2671 300
2672 300
2673 300
2674 300
2675 300
2676 300
2677 300
2678 300
2679 300
2680 300
2681 300
2682 300
2683 300
2684 300
2685 300
2686 300
2687 300
2688 300
2689 300
2690 300
2691 300
2692 300
2693 300
2694 300
2695 300
2696 300
2697 300
2698 300
2699 300
2700 300
2701 300
2702 300
2703 300
2704 300
2705 300
2706 300
2707 300
2708 300
2709 300
2710 300
2711 300
2712 300
2713 300
2714 300
2715 300
2716 300
2717 300
2718 300
2719 300
2720 300
2721 300
2722 300
2723 300
2724 300
2725 300
2726 300
2727 300
2728 300
2729 300
2730 300
2731 300
2732 300
2733 300
2734 300
2735 300
2736 300
2737 300
2738 300
2739 300
2740 300
2741 300
2742 300
2743 300
2744 300
2745 300
2746 300
2747 300
2748 300
2749 300
2750 300
2751 300
2752 300
2753 300
2754 300
2755 300
2756 300
2757 300
2758 300
2759 300
2760 300
2761 300
2762 300
2763 300
2764 300
2765 300
2766 300
2767 300
2768 300
2769 300
2770 300
2771 300
2772 300
2773 300
2774 300
2775 300
2776 300
2777 300
2778 300
2779 300
2780 300
2781 300
2782 300
2783 300
2784 300
2785 300
2786 300
2787 300
2788 300
2789 300
2790 300
2791 300
2792 300
2793 300
2794 300
2795 300
2796 300
2797 300
2798 300
2799 300
2800 300
2801 300
2802 300
2803 300
2804 300
2805 300
2806 300
2807 300
2808 300
2809 300
2810 300
2811 300
2812 300
2813 300
2814 300
2815 300
2816 300
2817 300
2818 300
2819 300
2820 300
2821 300
2822 300
2823 300
2824 300
2825 300
2826 300
2827 300
2828 300
2829 300
2830 300
2831 300
2832 300
2833 300
2834 300
2835 300
2836 300
2837 300
2838 300
2839 300
2840 300
2841 300
2842 300
2843 300
2844 300
2845 300
2846 300
2847 300
2848 300
2849 300
2850 300
2851 300
2852 300
2853 300
2854 300
2855 300
2856 300
2857 300
2858 300
2859 300
2860 300
2861 300
2862 300
2863 300
2864 300
2865 300
2866 300
2867 300
2868 300
2869 300
2870 300
2871 300
2872 300
2873 300
2874 300
2875 300
2876 300
2877 300
2878 300
2879 300
2880 300
2881 300
2882 300
2883 300
2884 300
2885 300
2886 300
2887 300
2888 300
2889 300
2890 300
2891 300
2892 300
2893 300
2894 300
2895 300
2896 300
2897 300
2898 300
2899 300
2900 300
2901 300
2902 300
2903 300
2904 300
2905 300
2906 300
2907 300
2908 300
2909 300
2910 300
2911 300
2912 300
2913 300
2914 300
2915 300
2916 300
2917 300
2918 300
2919 300
2920 300
2921 300
2922 300
2923 300
2924 300
2925 300
2926 300
2927 300
2928 300
2929 300
2930 300
2931 300
2932 300
2933 300
2934 300
2935 300
2936 300
2937 300
2938 300
2939 300
2940 300
2941 300
2942 300
2943 300
2944 300
2945 300
2946 300
2947 300
2948 300
2949 300
2950 300
2951 300
2952 300
2953 300
2954 300
2955 300
2956 300
2957 300
2958 300
2959 300
2960 300
2961 300
2962 300
2963 300
2964 300
2965 300
2966 300
2967 300
2968 300
2969 300
2970 300
2971 300
2972 300
2973 300
2974 300
2975 300
2976 300
2977 300
2978 300
2979 300
2980 300
2981 300
2982 300
2983 300
2984 300
2985 300
2986 300
2987 300
2988 300
2989 300
2990 300
2991 300
2992 300
2993 300
2994 300
2995 300
2996 300
2997 300
2998 300
2999 300
3000 300
3001 300
3002 300
3003 300
3004 300
3005 300
3006 300
3007 300
3008 300
3009 300
3010 300
3011 300
3012 300
3013 300
3014 300
3015 300
3016 300
3017 300
3018 300
3019 300
3020 300
3021 300
3022 300
3023 300
3024 300
3025 300
3026 300
3027 300
3028 300
3029 300
3030 300
3031 300
3032 300
3033 300
3034 300
3035 300
3036 300
3037 300
3038 300
3039 300
3040 300
3041 300
3042 300
3043 300
3044 300
3045 300
3046 300
3047 300
3048 300
3049 300
3050 300
3051 300
3052 300
3053 300
3054 300
3055 300
3056 300
3057 300
3058 300
3059 300
3060 300
3061 300
3062 300
3063 300
3064 300
3065 300
3066 300
3067 300
3068 300
3069 300
3070 300
3071 300
3072 300
3073 300
3074 300
3075 300
3076 300
3077 300
3078 300
3079 300
3080 300
3081 300
3082 300
3083 300
3084 300
3085 300
3086 300
3087 300
3088 300
3089 300
3090 300
3091 300
3092 300
3093 300
3094 300
3095 300
3096 300
3097 300
3098 300
3099 300
3100 300
3101 300
3102 300
3103 300
3104 300
3105 300
3106 300
3107 300
3108 300
3109 300
3110 300
3111 300
3112 300
3113 300
3114 300
3115 300
3116 300
3117 300
3118 300
3119 300
3120 300
3121 300
3122 300
3123 300
3124 300
3125 300
3126 300
3127 300
3128 300
3129 300
3130 300
3131 300
3132 300
3133 300
3134 300
3135 300
3136 300
3137 300
3138 300
3139 300
3140 300
3141 300
3142 300
3143 300
3144 300
3145 300
3146 300
3147 300
3148 300
3149 300
3150 300
3151 300
3152 300
3153 300
3154 300
3155 300
3156 300
3157 300
3158 300
3159 300
3160 300
3161 300
3162 300
3163 300
3164 300
3165 300
3166 300
3167 300
3168 300
3169 300
3170 300
3171 300
3172 300
3173 300
3174 300
3175 300
3176 300
3177 300
3178 300
3179 300
3180 300
3181 300
3182 300
3183 300
3184 300
3185 300
3186 300
3187 300
3188 300
3189 300
3190 300
3191 300
3192 300
3193 300
3194 300
3195 300
3196 300
3197 300
3198 300
3199 300
3200 300
3201 300
3202 300
3203 300
3204 300
3205 300
3206 300
3207 300
3208 300
3209 300
3210 300
3211 300
3212 300
3213 300
3214 300
3215 300
3216 300
3217 300
3218 300
3219 300
3220 300
3221 300
3222 300
3223 300
3224 300
3225 300
3226 300
3227 300
3228 300
3229 300
3230 300
3231 300
3232 300
3233 300
3234 300
3235 300
3236 300
3237 300
3238 300
3239 300
3240 300
3241 300
3242 300
3243 300
3244 300
3245 300
3246 300
3247 300
3248 300
3249 300
3250 300
3251 300
3252 300
3253 300
3254 300
3255 300
3256 300
3257 300
3258 300
3259 300
3260 300
3261 300
3262 300
3263 300
3264 300
3265 300
3266 300
3267 300
3268 300
3269 300
3270 300
3271 300
3272 300
3273 300
3274 300
3275 300
3276 300
3277 300
3278 300
3279 300
3280 300
3281 300
3282 300
3283 300
3284 300
3285 300
3286 300
3287 300
3288 300
3289 300
3290 300
3291 300
3292 300
3293 300
3294 300
3295 300
3296 300
3297 300
3298 300
3299 300
3300 300
3301 300
3302 300
3303 300
3304 300
3305 300
3306 300
3307 300
3308 300
3309 300
3310 300
3311 300
3312 300
3313 300
3314 300
3315 300
3316 300
3317 300
3318 300
3319 300
3320 300
3321 300
3322 300
3323 300
3324 300
3325 300
3326 300
3327 300
3328 300
3329 300
3330 300
3331 300
3332 300
3333 300
3334 300
3335 300
3336 300
3337 300
3338 300
3339 300
3340 300
3341 300
3342 300
3343 300
3344 300
3345 300
3346 300
3347 300
3348 300
3349 300
3350 300
3351 300
3352 300
3353 300
3354 300
3355 300
3356 300
3357 300
3358 300
3359 300
3360 300
3361 300
3362 300
3363 300
3364 300
3365 300
3366 300
3367 300
3368 300
3369 300
3370 300
3371 300
3372 300
3373 300
3374 300
3375 300
3376 300
3377 300
3378 300
3379 300
3380 300
3381 300
3382 300
3383 300
3384 300
3385 300
3386 300
3387 300
3388 300
3389 300
3390 300
3391 300
3392 300
3393 300
3394 300
3395 300
3396 300
3397 300
3398 300
3399 300
3400 300
3401 300
3402 300
3403 300
3404 300
3405 300
3406 300
3407 300
3408 300
3409 300
3410 300
3411 300
3412 300
3413 300
3414 300
3415 300
3416 300
3417 300
3418 300
3419 300
3420 300
3421 300
3422 300
3423 300
3424 300
3425 300
3426 300
3427 300
3428 300
3429 300
3430 300
3431 300
3432 300
3433 300
3434 300
3435 300
3436 300
3437 300
3438 300
3439 300
3440 300
3441 300
3442 300
3443 300
3444 300
3445 300
3446 300
3447 300
3448 300
3449 300
3450 300
3451 300
3452 300
3453 300
3454 300
3455 300
3456 300
3457 300
3458 300
3459 300
3460 300
3461 300
3462 300
3463 300
3464 300
3465 300
3466 300
3467 300
3468 300
3469 300
3470 300
3471 300
3472 300
3473 300
3474 300
3475 300
3476 300
3477 300
3478 300
3479 300
3480 300
3481 300
3482 300
3483 300
3484 300
3485 300
3486 300
3487 300
3488 300
3489 300
3490 300
3491 300
3492 300
3493 300
3494 300
3495 300
3496 300
3497 300
3498 300
3499 300
3500 300
3501 300
3502 300
3503 300
3504 300
3505 300
3506 300
3507 300
3508 300
3509 300
3510 300
3511 300
3512 300
3513 300
3514 300
3515 300
3516 300
3517 300
3518 300
3519 300
3520 300
3521 300
3522 300
3523 300
3524 300
3525 300
3526 300
3527 300
3528 300
3529 300
3530 300
3531 300
3532 300
3533 300
3534 300
3535 300
3536 300
3537 300
3538 300
3539 300
3540 300
3541 300
3542 300
3543 300
3544 300
3545 300
3546 300
