MeshVersionFormatted 2
Dimension 3

Vertices
2597
3.9428200301992421e-03 -1.5557686779292582e-01 0.0000000000000000e+00 1
9.0612116158982244e-03 -1.5768235302553235e-01 0.0000000000000000e+00 1
1.4583097293738316e-02 -1.5989507148144697e-01 0.0000000000000000e+00 1
2.0485857251640642e-02 -1.6220128281749696e-01 0.0000000000000000e+00 1
2.6746871677526315e-02 -1.6458724669050986e-01 0.0000000000000000e+00 1
3.3343520759316479e-02 -1.6703922275731281e-01 0.0000000000000000e+00 1
4.0253184684932240e-02 -1.6954347067473322e-01 0.0000000000000000e+00 1
4.7453243642294723e-02 -1.7208625009959846e-01 0.0000000000000000e+00 1
5.4921077819325044e-02 -1.7465382068873589e-01 0.0000000000000000e+00 1
6.2634067403944338e-02 -1.7723244209897279e-01 0.0000000000000000e+00 1
7.0569592584073720e-02 -1.7980837398713659e-01 0.0000000000000000e+00 1
7.8705033547634334e-02 -1.8236787601005461e-01 0.0000000000000000e+00 1
8.7017770482547260e-02 -1.8489720782455416e-01 0.0000000000000000e+00 1
9.5485183576733634e-02 -1.8738262908746262e-01 0.0000000000000000e+00 1
1.0408465301811459e-01 -1.8981039945560732e-01 0.0000000000000000e+00 1
1.1279355899461126e-01 -1.9216677858581568e-01 0.0000000000000000e+00 1
1.2158928169414475e-01 -1.9443802613491495e-01 0.0000000000000000e+00 1
1.3044920130463619e-01 -1.9661040175973249e-01 0.0000000000000000e+00 1
1.3935069801400668e-01 -1.9867016511709576e-01 0.0000000000000000e+00 1
1.4827115201017738e-01 -2.0060357586383196e-01 0.0000000000000000e+00 1
1.5718794348106935e-01 -2.0239689365676844e-01 0.0000000000000000e+00 1
1.6607845261460377e-01 -2.0403637815273265e-01 0.0000000000000000e+00 1
1.7492005959870180e-01 -2.0550828900855192e-01 0.0000000000000000e+00 1
1.8369014462128447e-01 -2.0679888588105358e-01 0.0000000000000000e+00 1
1.9236608787027290e-01 -2.0789442842706493e-01 0.0000000000000000e+00 1
2.0092526953358827e-01 -2.0878117630341336e-01 0.0000000000000000e+00 1
2.0934506979915168e-01 -2.0944538916692623e-01 0.0000000000000000e+00 1
2.1760286885488428e-01 -2.0987332667443084e-01 0.0000000000000000e+00 1
2.2567604688870718e-01 -2.1005124848275461e-01 0.0000000000000000e+00 1
2.3354198408854149e-01 -2.0996541424872481e-01 0.0000000000000000e+00 1
2.4117806064230829e-01 -2.0960208362916885e-01 0.0000000000000000e+00 1
2.4856165673792874e-01 -2.0894751628091404e-01 0.0000000000000000e+00 1
2.5567015256332398e-01 -2.0798797186078768e-01 0.0000000000000000e+00 1
2.6248092830641517e-01 -2.0670971002561725e-01 0.0000000000000000e+00 1
2.6897136415512335e-01 -2.0509899043223001e-01 0.0000000000000000e+00 1
2.7511884029736966e-01 -2.0314207273745330e-01 0.0000000000000000e+00 1
2.8090073692107526e-01 -2.0082521659811453e-01 0.0000000000000000e+00 1
2.8629443421416123e-01 -1.9813468167104092e-01 0.0000000000000000e+00 1
2.9127731236454873e-01 -1.9505672761305995e-01 0.0000000000000000e+00 1
2.9582675156015881e-01 -1.9157761408099894e-01 0.0000000000000000e+00 1
2.9992013198891271e-01 -1.8768360073168522e-01 0.0000000000000000e+00 1
3.0353483383873142e-01 -1.8336094722194610e-01 0.0000000000000000e+00 1
3.0689317041022440e-01 -1.7834431079837373e-01 0.0000000000000000e+00 1
3.0989782031342988e-01 -1.7285309976973198e-01 0.0000000000000000e+00 1
3.1255631390783056e-01 -1.6691349501577460e-01 0.0000000000000000e+00 1
3.1487618155290936e-01 -1.6055167741625531e-01 0.0000000000000000e+00 1
3.1686495360814887e-01 -1.5379382785092782e-01 0.0000000000000000e+00 1
3.1853016043303195e-01 -1.4666612719954589e-01 0.0000000000000000e+00 1
3.1987933238704158e-01 -1.3919475634186335e-01 0.0000000000000000e+00 1
3.2091999982966046e-01 -1.3140589615763384e-01 0.0000000000000000e+00 1
3.2165969312037140e-01 -1.2332572752661117e-01 0.0000000000000000e+00 1
3.2210594261865705e-01 -1.1498043132854899e-01 0.0000000000000000e+00 1
3.2226627868400026e-01 -1.0639618844320105e-01 0.0000000000000000e+00 1
3.2214823167588402e-01 -9.7599179750321161e-02 0.0000000000000000e+00 1
3.2175933195379108e-01 -8.8615586129663082e-02 0.0000000000000000e+00 1
3.2110710987720409e-01 -7.9471588460980458e-02 0.0000000000000000e+00 1
3.2019909580560596e-01 -7.0193367624027114e-02 0.0000000000000000e+00 1
3.1904282009847940e-01 -6.0807104498556711e-02 0.0000000000000000e+00 1
3.1764581311530715e-01 -5.1338979964323017e-02 0.0000000000000000e+00 1
3.1601560521557237e-01 -4.1815174901079818e-02 0.0000000000000000e+00 1
3.1415972675875753e-01 -3.2261870188580795e-02 0.0000000000000000e+00 1
3.1208570810434549e-01 -2.2705246706579738e-02 0.0000000000000000e+00 1
3.0980107961181907e-01 -1.3171485334830348e-02 0.0000000000000000e+00 1
3.0731337164066108e-01 -3.6867669530863609e-03 0.0000000000000000e+00 1
3.0463011455035427e-01 5.7227275588984244e-03 0.0000000000000000e+00 1
3.0175883870038150e-01 1.5030817321370345e-02 0.0000000000000000e+00 1
2.9870707445022560e-01 2.4211321454575611e-02 0.0000000000000000e+00 1
2.9548235215936930e-01 3.3238059078760457e-02 0.0000000000000000e+00 1
2.9209220218729542e-01 4.2084849314171238e-02 0.0000000000000000e+00 1
2.8854415489348673e-01 5.0725511281054139e-02 0.0000000000000000e+00 1
2.8484574063742613e-01 5.9133864099655389e-02 0.0000000000000000e+00 1
2.8100448977859627e-01 6.7283726890221343e-02 0.0000000000000000e+00 1
2.7702793267648007e-01 7.5148918772998174e-02 0.0000000000000000e+00 1
2.7292359969056029e-01 8.2703258868232224e-02 0.0000000000000000e+00 1
2.6869902118031969e-01 8.9920566296169707e-02 0.0000000000000000e+00 1
2.6436172750524117e-01 9.6774660177056840e-02 0.0000000000000000e+00 1
2.5991924902480740e-01 1.0323935963113996e-01 0.0000000000000000e+00 1
2.5537911609850134e-01 1.0928848377866528e-01 0.0000000000000000e+00 1
2.5074885908580563e-01 1.1489585173987908e-01 0.0000000000000000e+00 1
2.4603600834620309e-01 1.2003528263502759e-01 0.0000000000000000e+00 1
2.4124809423917667e-01 1.2468059558435714e-01 0.0000000000000000e+00 1
2.3639264712420902e-01 1.2880560970811392e-01 0.0000000000000000e+00 1
2.3147719736078298e-01 1.3238414412654423e-01 0.0000000000000000e+00 1
2.2650927530838139e-01 1.3539001795989428e-01 0.0000000000000000e+00 1
2.2149641132648695e-01 1.3779705032841036e-01 0.0000000000000000e+00 1
2.1428383456978667e-01 1.4071303487819550e-01 0.0000000000000000e+00 1
2.0664832706544362e-01 1.4362217018869741e-01 0.0000000000000000e+00 1
1.9860580478934692e-01 1.4651880248730437e-01 0.0000000000000000e+00 1
1.9017218371738565e-01 1.4939727800140479e-01 0.0000000000000000e+00 1
1.8136337982544901e-01 1.5225194295838704e-01 0.0000000000000000e+00 1
1.7219530908942604e-01 1.5507714358563951e-01 0.0000000000000000e+00 1
1.6268388748520579e-01 1.5786722611055043e-01 0.0000000000000000e+00 1
1.5284503098867744e-01 1.6061653676050830e-01 0.0000000000000000e+00 1
1.4269465557573008e-01 1.6331942176290137e-01 0.0000000000000000e+00 1
1.3224867722225286e-01 1.6597022734511813e-01 0.0000000000000000e+00 1
1.2152301190413486e-01 1.6856329973454692e-01 0.0000000000000000e+00 1
1.1053357559726512e-01 1.7109298515857596e-01 0.0000000000000000e+00 1
9.9296284277532829e-02 1.7355362984459380e-01 0.0000000000000000e+00 1
8.7827053920827028e-02 1.7593958001998861e-01 0.0000000000000000e+00 1
7.6141800503036899e-02 1.7824518191214897e-01 0.0000000000000000e+00 1
6.4256440000051512e-02 1.8046478174846309e-01 0.0000000000000000e+00 1
5.2186888387759922e-02 1.8259272575631932e-01 0.0000000000000000e+00 1
3.9949061642051302e-02 1.8462336016310604e-01 0.0000000000000000e+00 1
2.7558875738814780e-02 1.8655103119621175e-01 0.0000000000000000e+00 1
1.5032246653939416e-02 1.8837008508302472e-01 0.0000000000000000e+00 1
2.3850903633143503e-03 1.9007486805093329e-01 0.0000000000000000e+00 1
-1.0366677157171395e-02 1.9165972632732575e-01 0.0000000000000000e+00 1
-2.3207139931628640e-02 1.9311900613959060e-01 0.0000000000000000e+00 1
-3.6120381984168282e-02 1.9444705371511611e-01 0.0000000000000000e+00 1
-4.9090487338901173e-02 1.9563821528129077e-01 0.0000000000000000e+00 1
-6.2101540019938298e-02 1.9668683706550280e-01 0.0000000000000000e+00 1
-7.5137624051390517e-02 1.9758726529514059e-01 0.0000000000000000e+00 1
-8.8182823457368734e-02 1.9833384619759253e-01 0.0000000000000000e+00 1
-1.0122122226198380e-01 1.9892092600024702e-01 0.0000000000000000e+00 1
-1.1423690448934656e-01 1.9934285093049234e-01 0.0000000000000000e+00 1
-1.2721395416356812e-01 1.9959396721571696e-01 0.0000000000000000e+00 1
-1.4013645530875912e-01 1.9966862108330907e-01 0.0000000000000000e+00 1
-1.5298849194903055e-01 1.9956115876065719e-01 0.0000000000000000e+00 1
-1.6575414810849343e-01 1.9926592647514962e-01 0.0000000000000000e+00 1
-1.7841750781125842e-01 1.9877727045417476e-01 0.0000000000000000e+00 1
-1.9096265508143667e-01 1.9808953692512091e-01 0.0000000000000000e+00 1
-2.0337367394313882e-01 1.9719707211537651e-01 0.0000000000000000e+00 1
-2.1563464842047592e-01 1.9609422225232984e-01 0.0000000000000000e+00 1
-2.2772966253755883e-01 1.9477533356336932e-01 0.0000000000000000e+00 1
-2.3964280031849844e-01 1.9323475227588327e-01 0.0000000000000000e+00 1
-2.5135814578740562e-01 1.9146682461726008e-01 0.0000000000000000e+00 1
-2.6285978296839124e-01 1.8946589681488812e-01 0.0000000000000000e+00 1
-2.7413179588556624e-01 1.8722631509615573e-01 0.0000000000000000e+00 1
-2.8515826856304166e-01 1.8474242568845131e-01 0.0000000000000000e+00 1
-2.9592328502492810e-01 1.8200857481916316e-01 0.0000000000000000e+00 1
-3.0641092929533670e-01 1.7901910871567966e-01 0.0000000000000000e+00 1
-3.1660528539837818e-01 1.7576837360538924e-01 0.0000000000000000e+00 1
-3.2649043735816352e-01 1.7225071571568015e-01 0.0000000000000000e+00 1
-3.3605046919880360e-01 1.6846048127394089e-01 0.0000000000000000e+00 1
-3.4526946494440924e-01 1.6439201650755972e-01 0.0000000000000000e+00 1
-3.5413150861909154e-01 1.6003966764392499e-01 0.0000000000000000e+00 1
-3.6262068424696109e-01 1.5539778091042514e-01 0.0000000000000000e+00 1
-3.7072107585212910e-01 1.5046070253444846e-01 0.0000000000000000e+00 1
-3.7841676745870617e-01 1.4522277874338338e-01 0.0000000000000000e+00 1
-3.8569184309080345e-01 1.3967835576461823e-01 0.0000000000000000e+00 1
-3.9253038677253166e-01 1.3382177982554130e-01 0.0000000000000000e+00 1
-3.9891648252800177e-01 1.2764739715354109e-01 0.0000000000000000e+00 1
-4.0483421438132466e-01 1.2114955397600587e-01 0.0000000000000000e+00 1
-4.1026766635661122e-01 1.1432259652032405e-01 0.0000000000000000e+00 1
-4.1436010688714769e-01 1.0810830016583629e-01 0.0000000000000000e+00 1
-4.1745554957446018e-01 1.0187782267814456e-01 0.0000000000000000e+00 1
-4.1958544246135998e-01 9.5634544153572226e-02 0.0000000000000000e+00 1
-4.2078123359065939e-01 8.9381844688442860e-02 0.0000000000000000e+00 1
-4.2107437100516987e-01 8.3123104379079826e-02 0.0000000000000000e+00 1
-4.2049630274770328e-01 7.6861703321806654e-02 0.0000000000000000e+00 1
-4.1907847686107164e-01 7.0601021612946846e-02 0.0000000000000000e+00 1
-4.1685234138808641e-01 6.4344439348823793e-02 0.0000000000000000e+00 1
-4.1384934437155940e-01 5.8095336625760996e-02 0.0000000000000000e+00 1
-4.1010093385430274e-01 5.1857093540081944e-02 0.0000000000000000e+00 1
-4.0563855787912789e-01 4.5633090188110070e-02 0.0000000000000000e+00 1
-4.0049366448884666e-01 3.9426706666168848e-02 0.0000000000000000e+00 1
-3.9469770172627106e-01 3.3241323070581780e-02 0.0000000000000000e+00 1
-3.8828211763421261e-01 2.7080319497672287e-02 0.0000000000000000e+00 1
-3.8127836025548340e-01 2.0947076043763859e-02 0.0000000000000000e+00 1
-3.7371787763289510e-01 1.4844972805180000e-02 0.0000000000000000e+00 1
-3.6563211780925942e-01 8.7773898782441302e-03 0.0000000000000000e+00 1
-3.5705252882738803e-01 2.7477073592797052e-03 0.0000000000000000e+00 1
-3.4801055873009307e-01 -3.2406946553897899e-03 0.0000000000000000e+00 1
-3.3853765556018611e-01 -9.1844360694408583e-03 0.0000000000000000e+00 1
-3.2866526736047891e-01 -1.5080136786550064e-02 0.0000000000000000e+00 1
-3.1842484217378336e-01 -2.0924416710393939e-02 0.0000000000000000e+00 1
-3.0784782804291122e-01 -2.6713895744648990e-02 0.0000000000000000e+00 1
-2.9696567301067428e-01 -3.2445193792991774e-02 0.0000000000000000e+00 1
-2.8580982511988423e-01 -3.8114930759098803e-02 0.0000000000000000e+00 1
-2.7441173241335315e-01 -4.3719726546646617e-02 0.0000000000000000e+00 1
-2.6280284293389250e-01 -4.9256201059311770e-02 0.0000000000000000e+00 1
-2.5101460472431419e-01 -5.4720974200770781e-02 0.0000000000000000e+00 1
-2.3907846582743014e-01 -6.0110665874700139e-02 0.0000000000000000e+00 1
-2.2702587428605203e-01 -6.5421895984776449e-02 0.0000000000000000e+00 1
-2.1488827814299166e-01 -7.0651284434676179e-02 0.0000000000000000e+00 1
-2.0269712544106075e-01 -7.5795451128075911e-02 0.0000000000000000e+00 1
-1.9048386422307112e-01 -8.0851015968652157e-02 0.0000000000000000e+00 1
-1.7827994253183471e-01 -8.5814598860081429e-02 0.0000000000000000e+00 1
-1.6611680841016310e-01 -9.0682819706040294e-02 0.0000000000000000e+00 1
-1.5402590990086823e-01 -9.5452298410205250e-02 0.0000000000000000e+00 1
-1.4203869504676181e-01 -1.0011965487625288e-01 0.0000000000000000e+00 1
-1.3018661189065567e-01 -1.0468150900785968e-01 0.0000000000000000e+00 1
-1.1850110847536163e-01 -1.0913448070870214e-01 0.0000000000000000e+00 1
-1.0701363284369136e-01 -1.1347518988245688e-01 0.0000000000000000e+00 1
-9.5755633038456744e-02 -1.1770025643280040e-01 0.0000000000000000e+00 1
-8.4758557102469642e-02 -1.2180630026340918e-01 0.0000000000000000e+00 1
-7.4053853078541676e-02 -1.2578994127795984e-01 0.0000000000000000e+00 1
-6.3672969009484728e-02 -1.2964779938012883e-01 0.0000000000000000e+00 1
-5.3647352938110654e-02 -1.3337649447359270e-01 0.0000000000000000e+00 1
-4.4008452907231113e-02 -1.3697264646202803e-01 0.0000000000000000e+00 1
-3.4787716959658002e-02 -1.4043287524911133e-01 0.0000000000000000e+00 1
-2.6016593138203026e-02 -1.4375380073851909e-01 0.0000000000000000e+00 1
-1.7726529485678006e-02 -1.4693204283392794e-01 0.0000000000000000e+00 1
-9.9489740448947990e-03 -1.4996422143901428e-01 0.0000000000000000e+00 1
-2.7153748586650865e-03 -1.5284695645745475e-01 0.0000000000000000e+00 1
8.6394484055089347e-03 -1.5182826042658987e-01 0.0000000000000000e+00 1
5.3503419369676633e-02 -1.6743043966587171e-01 0.0000000000000000e+00 1
2.7888352905737951e-01 5.2167165660837345e-02 0.0000000000000000e+00 1
1.0187437579515310e-01 -1.8119539176977376e-01 0.0000000000000000e+00 1
1.5532806413192390e-01 1.5066819319130700e-01 0.0000000000000000e+00 1
9.1631285997499229e-02 1.6507726769342884e-01 0.0000000000000000e+00 1
-2.7274292431118202e-02 -1.3506165233071854e-01 0.0000000000000000e+00 1
3.0035276541009287e-01 -1.0581040439910826e-02 0.0000000000000000e+00 1
1.5382160127571776e-01 -1.9443811597047914e-01 0.0000000000000000e+00 1
1.9727605276700283e-02 1.7666307579475055e-01 0.0000000000000000e+00 1
2.5350280669485142e-01 1.0325676643969517e-01 0.0000000000000000e+00 1
-7.6251190593406556e-02 -1.1507410893089087e-01 0.0000000000000000e+00 1
3.1084092551362563e-01 -6.6289424432083216e-02 0.0000000000000000e+00 1
-4.3635294742714159e-02 1.8382887967867259e-01 0.0000000000000000e+00 1
2.2179239723467251e-01 -2.0384415076009169e-01 0.0000000000000000e+00 1
-1.3390092193251815e-01 -9.0890322403578874e-02 0.0000000000000000e+00 1
-1.0629550310502672e-01 1.8750358808021739e-01 0.0000000000000000e+00 1
2.0017387368291126e-01 1.3825917884712655e-01 0.0000000000000000e+00 1
3.1508817843377734e-01 -1.1760572190769726e-01 0.0000000000000000e+00 1
-1.7228587112041793e-01 1.8897159307128944e-01 0.0000000000000000e+00 1
-1.9017266849231806e-01 -6.8472165961464937e-02 0.0000000000000000e+00 1
-2.3232456166253371e-01 1.8401503203479835e-01 0.0000000000000000e+00 1
2.7045874066692283e-01 -1.9863181428149126e-01 0.0000000000000000e+00 1
-2.5220009300127683e-01 -4.1831448366879832e-02 0.0000000000000000e+00 1
-2.8815285433584986e-01 1.7443876538437122e-01 0.0000000000000000e+00 1
-3.3784685327760855e-01 1.5741770797866095e-01 0.0000000000000000e+00 1
-3.0729376495403343e-01 -1.4379913783938474e-02 0.0000000000000000e+00 1
3.1013142563713736e-01 -1.5548377672376493e-01 0.0000000000000000e+00 1
-3.5553687828036362e-01 1.2243763185790001e-02 0.0000000000000000e+00 1
-3.9214818569655918e-01 4.1015244921236968e-02 0.0000000000000000e+00 1
1.8873010030745768e-01 -2.0070535508422321e-01 0.0000000000000000e+00 1
-3.7700877126403126e-01 1.3550418378871609e-01 0.0000000000000000e+00 1
-4.1588071733503612e-01 8.0419599233613318e-02 0.0000000000000000e+00 1
2.3088718881082582e-01 1.2646627172519070e-01 0.0000000000000000e+00 1
2.9784762231391892e-01 -1.8276651212485723e-01 0.0000000000000000e+00 1
2.5626704494137627e-02 -1.5811892589898555e-01 0.0000000000000000e+00 1
-4.0167080030427949e-01 1.1206063926029017e-01 0.0000000000000000e+00 1
1.2478053838739507e-01 1.5813242309427866e-01 0.0000000000000000e+00 1
5.5756925282915704e-02 1.7146575298016697e-01 0.0000000000000000e+00 1
7.6796654413127136e-02 -1.7419301715297647e-01 0.0000000000000000e+00 1
1.2761689647912536e-01 -1.8796459600651860e-01 0.0000000000000000e+00 1
2.8956835694306343e-01 2.6045953726036481e-02 0.0000000000000000e+00 1
3.0669922599167587e-01 -3.8145357400545712e-02 0.0000000000000000e+00 1
3.1425777681249911e-01 -9.3440542957354461e-02 0.0000000000000000e+00 1
2.6852273597879323e-01 7.5420106247086741e-02 0.0000000000000000e+00 1
2.4413858907601566e-01 -2.0305314973385619e-01 0.0000000000000000e+00 1
-4.0706357552229649e-01 5.8033034840533945e-02 0.0000000000000000e+00 1
2.8655979946065857e-01 -1.9297495794467404e-01 0.0000000000000000e+00 1
-3.9474618169147374e-03 -1.4554926091517922e-01 0.0000000000000000e+00 1
-4.1292356753154530e-01 9.6706505893897426e-02 0.0000000000000000e+00 1
-4.5886195347820694e-02 -1.2705089414861281e-01 0.0000000000000000e+00 1
2.1586200382172355e-01 1.3389138019376534e-01 0.0000000000000000e+00 1
3.9086784012031001e-02 -1.6100574353171387e-01 0.0000000000000000e+00 1
-9.7416858007681476e-02 -1.0647389889111797e-01 0.0000000000000000e+00 1
-1.5611027311536707e-01 -8.3117465353711215e-02 0.0000000000000000e+00 1
1.8340728227373826e-01 1.4313606120161337e-01 0.0000000000000000e+00 1
-2.1643604324651886e-01 -5.7543112274245509e-02 0.0000000000000000e+00 1
-3.7889240792083473e-03 1.8017509256467160e-01 0.0000000000000000e+00 1
-2.8530726467232148e-01 -2.5317834183619083e-02 0.0000000000000000e+00 1
-6.9657622444372569e-02 1.8438451170230721e-01 0.0000000000000000e+00 1
-1.3540990695392940e-01 1.8863631930401378e-01 0.0000000000000000e+00 1
1.7177934586500701e-01 -1.9591279174443668e-01 0.0000000000000000e+00 1
-3.2779459359899504e-01 -3.4436641929154648e-03 0.0000000000000000e+00 1
-1.9634119279625942e-01 1.8775566455599815e-01 0.0000000000000000e+00 1
2.9483947376077524e-01 7.8060082924438258e-03 0.0000000000000000e+00 1
-2.5408516768173939e-01 1.8009956046273523e-01 0.0000000000000000e+00 1
2.0576525397859222e-01 -2.0173300867877383e-01 0.0000000000000000e+00 1
-3.7292525142035854e-01 2.5081043886137414e-02 0.0000000000000000e+00 1
-3.0886049451755049e-01 1.6911350083262727e-01 0.0000000000000000e+00 1
2.6123327658187012e-01 8.8702070075297124e-02 0.0000000000000000e+00 1
3.1422380691006735e-01 -1.3442095991415098e-01 0.0000000000000000e+00 1
-3.5298712506220209e-01 1.5094873839751402e-01 0.0000000000000000e+00 1
2.4435109302821217e-01 1.1325999768799278e-01 0.0000000000000000e+00 1
2.5775804958888782e-01 -2.0152820655438011e-01 0.0000000000000000e+00 1
-3.9057329280507819e-01 1.2504571628217737e-01 0.0000000000000000e+00 1
3.0628776402304003e-01 -1.6743730045538344e-01 0.0000000000000000e+00 1
-4.1269394909692286e-01 6.9409877631508965e-02 0.0000000000000000e+00 1
2.5955799680235981e-03 -1.4839886749064085e-01 0.0000000000000000e+00 1
1.8167922511697072e-03 -1.4164045462593278e-01 0.0000000000000000e+00 1
-4.8190542089690093e-03 -1.3859506794505810e-01 0.0000000000000000e+00 1
9.8075637413015237e-04 -1.3435952786651958e-01 0.0000000000000000e+00 1
7.5117436220214183e-03 -1.3776521949658571e-01 0.0000000000000000e+00 1
6.8314491594441617e-03 -1.3015441644403272e-01 0.0000000000000000e+00 1
1.3379904589604714e-02 -1.3347740636449956e-01 0.0000000000000000e+00 1
1.2815770005150069e-02 -1.2592752257846149e-01 0.0000000000000000e+00 1
6.1401570159037352e-03 -1.2281423850970032e-01 0.0000000000000000e+00 1
1.2223151514185059e-02 -1.1837784508933025e-01 0.0000000000000000e+00 1
5.3676278567823497e-03 -1.1515335977991867e-01 0.0000000000000000e+00 1
1.2064675725939923e-02 -1.1057239680878103e-01 0.0000000000000000e+00 1
4.5084930603869200e-03 -1.0732302431553049e-01 0.0000000000000000e+00 1
1.1466570722667765e-02 -1.0262390243233341e-01 0.0000000000000000e+00 1
3.6638481237869711e-03 -9.9301242114533464e-02 0.0000000000000000e+00 1
1.0314335614256787e-02 -9.4545709105665912e-02 0.0000000000000000e+00 1
2.8124040669082915e-03 -9.1229304303574538e-02 0.0000000000000000e+00 1
9.5356422761308790e-03 -8.6280860484483440e-02 0.0000000000000000e+00 1
1.7458585332267786e-03 -8.3242259990906467e-02 0.0000000000000000e+00 1
8.8358653895455556e-03 -7.7851456352230286e-02 0.0000000000000000e+00 1
6.8971386826367277e-04 -7.4609054780475192e-02 0.0000000000000000e+00 1
7.9783320903337260e-03 -6.9149647357380939e-02 0.0000000000000000e+00 1
-5.3149106847604565e-05 -6.5409758361637191e-02 0.0000000000000000e+00 1
1.6009565651205804e-02 -7.2829085960932835e-02 0.0000000000000000e+00 1
1.5217433490890463e-02 -6.4005910366324914e-02 0.0000000000000000e+00 1
2.3229657751161668e-02 -6.7765927148280128e-02 0.0000000000000000e+00 1
2.2504352247669876e-02 -5.8878553900168031e-02 0.0000000000000000e+00 1
3.0605155290447307e-02 -6.2689198282802963e-02 0.0000000000000000e+00 1
3.0137323068806128e-02 -5.4110916176957520e-02 0.0000000000000000e+00 1
3.8046642990608767e-02 -5.7580518747104861e-02 0.0000000000000000e+00 1
3.7608015954948254e-02 -4.8987699355732842e-02 0.0000000000000000e+00 1
4.5542789063933053e-02 -5.2435728742529067e-02 0.0000000000000000e+00 1
4.4822002938595479e-02 -4.3393332910166678e-02 0.0000000000000000e+00 1
5.3066507332024622e-02 -4.7232156546767032e-02 0.0000000000000000e+00 1
3.6024737378443181e-02 -4.1532257230062632e-02 0.0000000000000000e+00 1
5.2281319083206393e-02 -3.8081359287491706e-02 0.0000000000000000e+00 1
6.0619049972582995e-02 -4.1996910625566292e-02 0.0000000000000000e+00 1
5.9618593281747768e-02 -3.3284424338210605e-02 0.0000000000000000e+00 1
6.8166686428294487e-02 -3.6822770291727099e-02 0.0000000000000000e+00 1
6.6170786191040581e-02 -2.6918619487644853e-02 0.0000000000000000e+00 1
7.5615562918103910e-02 -3.1384571280579268e-02 0.0000000000000000e+00 1
7.5046839979830068e-02 -2.2216237182819371e-02 0.0000000000000000e+00 1
8.3448272095835413e-02 -2.6162380470236852e-02 0.0000000000000000e+00 1
8.2524242481655241e-02 -1.7239906045602407e-02 0.0000000000000000e+00 1
9.1044187786101696e-02 -2.1071388638048097e-02 0.0000000000000000e+00 1
7.4240672226868351e-02 -1.2902703005687043e-02 0.0000000000000000e+00 1
9.1891873376003991e-02 -3.0190805156430800e-02 0.0000000000000000e+00 1
9.9380045739678805e-02 -2.5261650931250577e-02 0.0000000000000000e+00 1
1.0030041968178101e-01 -3.4215723588750149e-02 0.0000000000000000e+00 1
1.0797142313143032e-01 -2.8925392077068873e-02 0.0000000000000000e+00 1
1.0615792343704460e-01 -1.9338754800177049e-02 0.0000000000000000e+00 1
1.1533144970898414e-01 -2.3871453418297099e-02 0.0000000000000000e+00 1
1.1637939685363163e-01 -3.2915600014548289e-02 0.0000000000000000e+00 1
1.2407164952694241e-01 -2.7583508155908477e-02 0.0000000000000000e+00 1
1.2486404015042782e-01 -3.6871472720563417e-02 0.0000000000000000e+00 1
1.2251046879967478e-01 -1.7629385981240659e-02 0.0000000000000000e+00 1
1.3257054769075055e-01 -3.1532245274452420e-02 0.0000000000000000e+00 1
1.3332249171534230e-01 -4.0861845497959320e-02 0.0000000000000000e+00 1
1.4102675983408214e-01 -3.5536228043214539e-02 0.0000000000000000e+00 1
1.4179305325753194e-01 -4.4866278043193139e-02 0.0000000000000000e+00 1
1.4947781305661029e-01 -3.9542150363774162e-02 0.0000000000000000e+00 1
1.5024497333510847e-01 -4.8870122015993889e-02 0.0000000000000000e+00 1
1.5790675857396486e-01 -4.3565565159186123e-02 0.0000000000000000e+00 1
1.5720212127798153e-01 -3.4235529351504410e-02 0.0000000000000000e+00 1
1.5865502228485145e-01 -5.2870343895970597e-02 0.0000000000000000e+00 1
1.3406982232583536e-01 -5.0171025731292625e-02 0.0000000000000000e+00 1
1.6634238734060203e-01 -4.7567484316990663e-02 0.0000000000000000e+00 1
1.6708480669586667e-01 -5.6862739512676098e-02 0.0000000000000000e+00 1
1.8610289465709313e-02 -1.1396699474909165e-01 0.0000000000000000e+00 1
5.3747096686116047e-02 -5.6202958308781338e-02 0.0000000000000000e+00 1
1.7475467497662983e-01 -5.1569343830240789e-02 0.0000000000000000e+00 1
1.7549546816217337e-01 -6.0856306066153540e-02 0.0000000000000000e+00 1
1.6784849892768441e-01 -6.6127668443884915e-02 0.0000000000000000e+00 1
1.7624513211822518e-01 -7.0113990943754062e-02 0.0000000000000000e+00 1
1.8385793287222718e-01 -6.4841431628001156e-02 0.0000000000000000e+00 1
1.8461351556705621e-01 -7.4057808419393939e-02 0.0000000000000000e+00 1
1.6862480190311213e-01 -7.5363463892634736e-02 0.0000000000000000e+00 1
1.9205734536299357e-01 -6.9114296125158028e-02 0.0000000000000000e+00 1
1.9292257588265321e-01 -7.8040659330517875e-02 0.0000000000000000e+00 1
2.0034246903800601e-01 -7.3131617815811303e-02 0.0000000000000000e+00 1
2.0122615013565481e-01 -8.1979717295680835e-02 0.0000000000000000e+00 1
2.0826157138533588e-01 -7.7079363903154813e-02 0.0000000000000000e+00 1
2.0915852310125196e-01 -8.6038461474676933e-02 0.0000000000000000e+00 1
2.0648512233655208e-01 -6.8196719917438059e-02 0.0000000000000000e+00 1
2.0196210794717812e-01 -9.1032854946719977e-02 0.0000000000000000e+00 1
2.1019114413331658e-01 -9.4900945352473592e-02 0.0000000000000000e+00 1
2.0265914973596222e-01 -1.0005343541563590e-01 0.0000000000000000e+00 1
2.1086070903471199e-01 -1.0384678239477199e-01 0.0000000000000000e+00 1
2.1669733667856719e-01 -8.9927565690866587e-02 0.0000000000000000e+00 1
2.0341044258533172e-01 -1.0897843603202530e-01 0.0000000000000000e+00 1
2.1153693586660599e-01 -1.1274255159138243e-01 0.0000000000000000e+00 1
8.2994823208444882e-02 -7.4844926400472189e-03 0.0000000000000000e+00 1
7.3719642642217045e-02 -3.4298177029451777e-03 0.0000000000000000e+00 1
8.1193110258603887e-02 2.0014152694765855e-03 0.0000000000000000e+00 1
7.2553421203725169e-02 6.1118259973775230e-03 0.0000000000000000e+00 1
8.0608527842676123e-02 1.1663323169254215e-02 0.0000000000000000e+00 1
7.1629061764341834e-02 1.5757523377471799e-02 0.0000000000000000e+00 1
7.9963827510298346e-02 2.1406756602069789e-02 0.0000000000000000e+00 1
7.0731451356763259e-02 2.5549955391114852e-02 0.0000000000000000e+00 1
7.9015258398820301e-02 3.1259710165915611e-02 0.0000000000000000e+00 1
6.9828483738738345e-02 3.5504418059984791e-02 0.0000000000000000e+00 1
6.1577350931009550e-02 2.9714346610773875e-02 0.0000000000000000e+00 1
6.0667556332463471e-02 3.9801521807058635e-02 0.0000000000000000e+00 1
5.2358026957064957e-02 3.3963280781059119e-02 0.0000000000000000e+00 1
5.1331948504668580e-02 4.3953901620180903e-02 0.0000000000000000e+00 1
4.2973693420277015e-02 3.8191010290001805e-02 0.0000000000000000e+00 1
4.1921664249278304e-02 4.8360514557888479e-02 0.0000000000000000e+00 1
3.3505739566438021e-02 4.2743308214418914e-02 0.0000000000000000e+00 1
7.8051553409834079e-02 4.1228300176002902e-02 0.0000000000000000e+00 1
3.2594503125184818e-02 5.3472324468982424e-02 0.0000000000000000e+00 1
2.3714877832340157e-02 4.6965648634145672e-02 0.0000000000000000e+00 1
8.7253072403592230e-02 3.6952040886784263e-02 0.0000000000000000e+00 1
2.2852211818976231e-02 5.8167600279843336e-02 0.0000000000000000e+00 1
1.3872681374336492e-02 5.1828843981527817e-02 0.0000000000000000e+00 1
8.6294844810520077e-02 4.6920492274909367e-02 0.0000000000000000e+00 1
9.5370573661625352e-02 4.2647955522455094e-02 0.0000000000000000e+00 1
1.2763170079114046e-02 6.2609234579324852e-02 0.0000000000000000e+00 1
3.6296109328549965e-03 5.6159740861349977e-02 0.0000000000000000e+00 1
5.4484343373932447e-03 4.4026411190746302e-02 0.0000000000000000e+00 1
-5.4694893157433977e-03 4.9353946313642122e-02 0.0000000000000000e+00 1
-6.6599675466523728e-03 6.0823687353454475e-02 0.0000000000000000e+00 1
-1.5941479801871956e-02 5.4189393443665565e-02 0.0000000000000000e+00 1
-1.4814135040250318e-02 4.2762009216491349e-02 0.0000000000000000e+00 1
-2.5263349825285414e-02 4.7554371268596823e-02 0.0000000000000000e+00 1
-2.4119575922835410e-02 3.6049118955840523e-02 0.0000000000000000e+00 1
-3.4667470148874738e-02 4.0845151838153917e-02 0.0000000000000000e+00 1
-3.3455825880103068e-02 2.9223603903322699e-02 0.0000000000000000e+00 1
-4.4261505937476554e-02 3.3728985254979291e-02 0.0000000000000000e+00 1
-4.5369375593500912e-02 4.5676924132502489e-02 0.0000000000000000e+00 1
-5.5099880842644479e-02 3.8455967107447225e-02 0.0000000000000000e+00 1
-5.6210362984295111e-02 5.0551768649168966e-02 0.0000000000000000e+00 1
-6.5961584278715318e-02 4.3477049962022687e-02 0.0000000000000000e+00 1
-4.3195592113155296e-02 2.1468553906779778e-02 0.0000000000000000e+00 1
-6.7164041719906975e-02 5.5542203762398441e-02 0.0000000000000000e+00 1
-7.7010199570767601e-02 4.8408998607941123e-02 0.0000000000000000e+00 1
-7.8233565236270536e-02 6.0558104134624598e-02 0.0000000000000000e+00 1
-8.8139707256768840e-02 5.3403212934699448e-02 0.0000000000000000e+00 1
-8.6825763535251732e-02 4.1229300493086735e-02 0.0000000000000000e+00 1
-9.8076253254958723e-02 4.6197220643501152e-02 0.0000000000000000e+00 1
-9.9366877113062801e-02 5.8452603244328771e-02 0.0000000000000000e+00 1
-1.0938278411718427e-01 5.1202116337270710e-02 0.0000000000000000e+00 1
-1.1067865906930514e-01 6.3551039520909153e-02 0.0000000000000000e+00 1
-1.2050133832874939e-01 5.6795654138116325e-02 0.0000000000000000e+00 1
9.4318120816166043e-02 5.2844128889498250e-02 0.0000000000000000e+00 1
1.0344755544349843e-01 4.8374463609799287e-02 0.0000000000000000e+00 1
4.0697394748021046e-02 5.9267881004473479e-02 0.0000000000000000e+00 1
-1.2200605623678332e-01 6.8737991435256135e-02 0.0000000000000000e+00 1
-1.3214184031322804e-01 6.1307835793306620e-02 0.0000000000000000e+00 1
-1.2049324877516925e-01 4.4963249764124733e-02 0.0000000000000000e+00 1
1.0244938663888092e-01 5.8514558894818047e-02 0.0000000000000000e+00 1
1.1159486036211803e-01 5.4014655608606646e-02 0.0000000000000000e+00 1
-1.3330403487170853e-01 7.3566359766440784e-02 0.0000000000000000e+00 1
-1.4329381072000649e-01 6.6933339762582575e-02 0.0000000000000000e+00 1
1.1060906157602465e-01 6.4146281061750354e-02 0.0000000000000000e+00 1
1.1960654016253949e-01 5.9699071743064741e-02 0.0000000000000000e+00 1
1.0133111666893066e-01 6.8492813586471940e-02 0.0000000000000000e+00 1
-6.8336609842050589e-02 6.7679409409373559e-02 0.0000000000000000e+00 1
2.0426712019286286e-01 -1.1776591700397934e-01 0.0000000000000000e+00 1
2.1219946451928523e-01 -1.2167682147304773e-01 0.0000000000000000e+00 1
2.1943866499599110e-01 -1.1657701224358319e-01 0.0000000000000000e+00 1
2.2001974829813675e-01 -1.2562483459879673e-01 0.0000000000000000e+00 1
2.2715308515999350e-01 -1.2056665277395724e-01 0.0000000000000000e+00 1
2.2783650705604647e-01 -1.2920352626078951e-01 0.0000000000000000e+00 1
-1.4492324090659181e-01 7.8495047712903110e-02 0.0000000000000000e+00 1
-1.5483399321650729e-01 7.1347347439561698e-02 0.0000000000000000e+00 1
-1.5263714954735194e-01 5.8133016053372184e-02 0.0000000000000000e+00 1
-1.6491746718763015e-01 6.3977982934087019e-02 0.0000000000000000e+00 1
-1.6645115406606581e-01 7.6443878031247026e-02 0.0000000000000000e+00 1
-1.7638685559372475e-01 6.9037557100939589e-02 0.0000000000000000e+00 1
-1.7518021720250920e-01 5.6765308421420954e-02 0.0000000000000000e+00 1
-1.8658723069704736e-01 6.1897619501311341e-02 0.0000000000000000e+00 1
-1.8791004722473120e-01 7.4313548040723751e-02 0.0000000000000000e+00 1
-1.9793477536193507e-01 6.7054687946025648e-02 0.0000000000000000e+00 1
2.3492528488668202e-01 -1.2420826764664225e-01 0.0000000000000000e+00 1
2.3566385693011788e-01 -1.3257285546948402e-01 0.0000000000000000e+00 1
-1.9961940401935652e-01 7.9244189894032119e-02 0.0000000000000000e+00 1
-2.0922604326581715e-01 7.2115649122886524e-02 0.0000000000000000e+00 1
-7.5330493260162392e-03 -7.1047172473043388e-02 0.0000000000000000e+00 1
-8.4217191644071140e-03 -6.1837870800716593e-02 0.0000000000000000e+00 1
1.1848754314335948e-01 7.0334904129820089e-02 0.0000000000000000e+00 1
1.2743023709770249e-01 6.5547296212291634e-02 0.0000000000000000e+00 1
1.2831795033247953e-01 5.5698448982895755e-02 0.0000000000000000e+00 1
1.3607258569548591e-01 6.1051047054226093e-02 0.0000000000000000e+00 1
1.3687647131527428e-01 5.1663994073269062e-02 0.0000000000000000e+00 1
1.4458279749794531e-01 5.6951511069908083e-02 0.0000000000000000e+00 1
1.4537571104622374e-01 4.7799855047912398e-02 0.0000000000000000e+00 1
1.5295167799009529e-01 5.2952548877263868e-02 0.0000000000000000e+00 1
1.5373785175160223e-01 4.4045387113533535e-02 0.0000000000000000e+00 1
1.6128777558416280e-01 4.9132144328389998e-02 0.0000000000000000e+00 1
1.6051806535472937e-01 5.8150573850930420e-02 0.0000000000000000e+00 1
1.6878441773114858e-01 5.4224255334575283e-02 0.0000000000000000e+00 1
1.6955561740457933e-01 4.5222456915689928e-02 0.0000000000000000e+00 1
1.7701051740131371e-01 5.0324664589880913e-02 0.0000000000000000e+00 1
1.7775878578291227e-01 4.1327195176697987e-02 0.0000000000000000e+00 1
1.8518574394302947e-01 4.6501050262856142e-02 0.0000000000000000e+00 1
1.8592651237505012e-01 3.7452069435212038e-02 0.0000000000000000e+00 1
1.8443659216163619e-01 5.5493959120286984e-02 0.0000000000000000e+00 1
1.9334526446466599e-01 4.2759931408470654e-02 0.0000000000000000e+00 1
1.9407461617334537e-01 3.3568567076974323e-02 0.0000000000000000e+00 1
-2.1072776391319717e-01 8.4052151971697478e-02 0.0000000000000000e+00 1
-2.2044319395535303e-01 7.7041320232349345e-02 0.0000000000000000e+00 1
-2.1914977402072888e-01 6.4992856047182204e-02 0.0000000000000000e+00 1
-2.3024135680749550e-01 7.0044511918873870e-02 0.0000000000000000e+00 1
-2.3156868884530268e-01 8.1942934756832481e-02 0.0000000000000000e+00 1
-2.4121130460865403e-01 7.5087768373280378e-02 0.0000000000000000e+00 1
-1.8534273596853024e-01 4.9508722886343670e-02 0.0000000000000000e+00 1
2.0147220897734971e-01 3.8696821018981996e-02 0.0000000000000000e+00 1
2.0221936595985227e-01 2.9726269222277051e-02 0.0000000000000000e+00 1
2.0496927433645856e-01 -1.2674778332541053e-01 0.0000000000000000e+00 1
1.9702684787214642e-01 -1.2281938875773132e-01 0.0000000000000000e+00 1
-1.5712678867968694e-02 -6.6934263357399548e-02 0.0000000000000000e+00 1
-1.2369957220543865e-01 8.0228835107105115e-02 0.0000000000000000e+00 1
1.3547522857572095e-01 7.0734702198009980e-02 0.0000000000000000e+00 1
2.4253566387655301e-01 -1.2791669851242049e-01 0.0000000000000000e+00 1
2.4331133141299571e-01 -1.3612378682168644e-01 0.0000000000000000e+00 1
-2.4247754753215423e-01 8.6925949408260900e-02 0.0000000000000000e+00 1
-2.5206765344367627e-01 8.0051068546820064e-02 0.0000000000000000e+00 1
-1.6914872470043953e-02 -5.7818888076354519e-02 0.0000000000000000e+00 1
-2.4606891742584611e-02 -6.3224448786683568e-02 0.0000000000000000e+00 1
-2.2905786548170276e-01 5.7940525343580920e-02 0.0000000000000000e+00 1
-2.2833161547675909e-02 2.4690307528476275e-02 0.0000000000000000e+00 1
-2.0167602520852457e-01 9.0518553913253391e-02 0.0000000000000000e+00 1
2.2869758925984637e-01 -1.3737072211551141e-01 0.0000000000000000e+00 1
2.0961036336985064e-01 3.4858447102936028e-02 0.0000000000000000e+00 1
2.1036539782270591e-01 2.5871376812559011e-02 0.0000000000000000e+00 1
2.0881557789843677e-01 4.4070074276019486e-02 0.0000000000000000e+00 1
2.0288137752235727e-01 2.0744309838174602e-02 0.0000000000000000e+00 1
2.1111296776509558e-01 1.6854997981750851e-02 0.0000000000000000e+00 1
1.9774751845021182e-01 -1.3182477760085654e-01 0.0000000000000000e+00 1
1.8976301122213030e-01 -1.2786527292508629e-01 0.0000000000000000e+00 1
-2.5325015365770459e-01 9.1857720028987705e-02 0.0000000000000000e+00 1
-2.6276361549780658e-01 8.4993557587642710e-02 0.0000000000000000e+00 1
-2.6159560278229144e-01 7.3334345469692308e-02 0.0000000000000000e+00 1
-2.7214021761030094e-01 7.8216755246372949e-02 0.0000000000000000e+00 1
-2.5357015966469585e-02 -5.3885708692069968e-02 0.0000000000000000e+00 1
-3.3616765372188218e-02 -5.9117196181006179e-02 0.0000000000000000e+00 1
-2.7329807794122762e-01 9.0209981807755302e-02 0.0000000000000000e+00 1
-2.8252974356616056e-01 8.3326499053722317e-02 0.0000000000000000e+00 1
-2.8151205972287935e-01 7.1849149453778155e-02 0.0000000000000000e+00 1
-2.9167430188009635e-01 7.6597341313083739e-02 0.0000000000000000e+00 1
2.5016788345734164e-01 -1.3139037499713233e-01 0.0000000000000000e+00 1
2.4917815245286612e-01 -1.2320175391853128e-01 0.0000000000000000e+00 1
2.5081515704046642e-01 -1.3962785164314007e-01 0.0000000000000000e+00 1
-2.9271016847323461e-01 8.8451729454058742e-02 0.0000000000000000e+00 1
-3.0170916390991176e-01 8.1499054493068490e-02 0.0000000000000000e+00 1
-1.6587001290271151e-02 -4.9710673764751190e-02 0.0000000000000000e+00 1
2.1854669848744940e-01 2.2029824437237822e-02 0.0000000000000000e+00 1
2.1932068893089637e-01 1.2987579071683887e-02 0.0000000000000000e+00 1
3.4299967436238470e-02 3.1848113749849291e-02 0.0000000000000000e+00 1
1.7831029133734516e-01 3.2410352055630393e-02 0.0000000000000000e+00 1
2.1185715473488467e-01 7.7992854306244124e-03 0.0000000000000000e+00 1
2.2009625989533080e-01 3.8874094701969093e-03 0.0000000000000000e+00 1
-2.4373192290977952e-01 9.8725155229303529e-02 0.0000000000000000e+00 1
-3.3549432007197989e-02 -4.8111388640849073e-02 0.0000000000000000e+00 1
-4.3122095128429315e-02 -5.5158641327589859e-02 0.0000000000000000e+00 1
-4.4237804620004859e-02 -4.4736318011360812e-02 0.0000000000000000e+00 1
-5.2798622344292341e-02 -5.0566502849546488e-02 0.0000000000000000e+00 1
-5.4038194084421370e-02 -4.0126300096529191e-02 0.0000000000000000e+00 1
-6.3065844505781260e-02 -4.7197862841722706e-02 0.0000000000000000e+00 1
-6.4161756824273788e-02 -3.5627113485611567e-02 0.0000000000000000e+00 1
-7.3258889009864464e-02 -4.3422066261329176e-02 0.0000000000000000e+00 1
1.9051374051523154e-01 -1.3676595468315611e-01 0.0000000000000000e+00 1
1.8249711926181972e-01 -1.3290772577132587e-01 0.0000000000000000e+00 1
-3.0071939700279132e-01 7.0314800681243544e-02 0.0000000000000000e+00 1
-3.1054655838613143e-01 7.5026889866813468e-02 0.0000000000000000e+00 1
-3.1156724615531822e-01 8.5847692066066600e-02 0.0000000000000000e+00 1
-3.2029447561050006e-01 7.9436193285644996e-02 0.0000000000000000e+00 1
3.1263320189167505e-02 -7.1536210326974908e-02 0.0000000000000000e+00 1
2.5707955758282386e-01 -1.2670070297758140e-01 0.0000000000000000e+00 1
2.5614151046877842e-01 -1.1831145884592803e-01 0.0000000000000000e+00 1
2.2759140221794566e-01 9.1202230917855794e-03 0.0000000000000000e+00 1
2.2838976521789878e-01 -3.4468274074759874e-06 0.0000000000000000e+00 1
2.2085598012916693e-01 -5.2454261184419759e-03 0.0000000000000000e+00 1
2.2916899725901430e-01 -9.1809773600771312e-03 0.0000000000000000e+00 1
-3.2120206107518734e-01 8.9903150086970918e-02 0.0000000000000000e+00 1
-3.2966794086995810e-01 8.4035140404516387e-02 0.0000000000000000e+00 1
1.3770588829053870e-01 4.2596577758645865e-02 0.0000000000000000e+00 1
-7.4571749387468175e-02 -3.1047617728365007e-02 0.0000000000000000e+00 1
-8.3835403675990433e-02 -3.7467094547392360e-02 0.0000000000000000e+00 1
1.8325596438229863e-01 -1.4170611832015048e-01 0.0000000000000000e+00 1
1.7524515779803124e-01 -1.3793505912500764e-01 0.0000000000000000e+00 1
1.9125275025319516e-01 -1.4558912412731187e-01 0.0000000000000000e+00 1
1.7446654019133190e-01 -1.2910957804527354e-01 0.0000000000000000e+00 1
1.6717616472292718e-01 -1.3416401909736192e-01 0.0000000000000000e+00 1
1.6640993610671864e-01 -1.2530210350576010e-01 0.0000000000000000e+00 1
1.5908854064881722e-01 -1.3040049248080759e-01 0.0000000000000000e+00 1
1.5832831018808699e-01 -1.2150250099843281e-01 0.0000000000000000e+00 1
1.5107189908253543e-01 -1.2645357257902862e-01 0.0000000000000000e+00 1
1.5018892416492050e-01 -1.1782036125810461e-01 0.0000000000000000e+00 1
1.4299279508985929e-01 -1.2264174181506449e-01 0.0000000000000000e+00 1
1.4210203873873339e-01 -1.1404834793868970e-01 0.0000000000000000e+00 1
1.3485988464751741e-01 -1.1900490931005142e-01 0.0000000000000000e+00 1
1.3403213319364307e-01 -1.1029920845460613e-01 0.0000000000000000e+00 1
1.2680789727532604e-01 -1.1523043406337971e-01 0.0000000000000000e+00 1
1.2599860769276128e-01 -1.0654753810283035e-01 0.0000000000000000e+00 1
1.1880260396630671e-01 -1.1144249745701186e-01 0.0000000000000000e+00 1
1.1800144402207309e-01 -1.0280116494707194e-01 0.0000000000000000e+00 1
1.1083367878881779e-01 -1.0767895944636545e-01 0.0000000000000000e+00 1
1.1006842850959775e-01 -9.8988092235403585e-02 0.0000000000000000e+00 1
1.0290350524554273e-01 -1.0393812277922546e-01 0.0000000000000000e+00 1
1.1159377308939866e-01 -1.1640784462026754e-01 0.0000000000000000e+00 1
1.0210262666972991e-01 -9.5323429274172367e-02 0.0000000000000000e+00 1
9.4958443499411863e-02 -1.0020329599991130e-01 0.0000000000000000e+00 1
1.3560120539752343e-01 -1.2754740325478020e-01 0.0000000000000000e+00 1
-8.5192490902634477e-02 -2.6125080252000624e-02 0.0000000000000000e+00 1
-9.4655048204921960e-02 -3.2790158285937517e-02 0.0000000000000000e+00 1
-3.0964674808169357e-01 6.4379887405521030e-02 0.0000000000000000e+00 1
-3.3514044967012709e-03 -9.6081716195175040e-02 0.0000000000000000e+00 1
2.3673614141861909e-01 -3.8861867735867370e-03 0.0000000000000000e+00 1
2.3751625839860649e-01 -1.3119151042027152e-02 0.0000000000000000e+00 1
1.5953854843203774e-01 -1.3910224486591855e-01 0.0000000000000000e+00 1
-3.3061028934801251e-01 9.4122768905300330e-02 0.0000000000000000e+00 1
-3.3890627987767286e-01 8.8194751410664532e-02 0.0000000000000000e+00 1
-3.2222531923956299e-01 1.0011867299890126e-01 0.0000000000000000e+00 1
-3.3801354650695620e-01 7.8337043010906660e-02 0.0000000000000000e+00 1
-3.4693476876943846e-01 8.2494341949973626e-02 0.0000000000000000e+00 1
9.4232496899965781e-02 -9.1451327024053508e-02 0.0000000000000000e+00 1
8.7045535270594582e-02 -9.6477104344260406e-02 0.0000000000000000e+00 1
8.7786478062637577e-02 -1.0514005354883602e-01 0.0000000000000000e+00 1
7.9937885027397959e-02 -1.0147701372496559e-01 0.0000000000000000e+00 1
8.0656786978354170e-02 -1.1002811271528214e-01 0.0000000000000000e+00 1
7.2912316041329042e-02 -1.0642819381958157e-01 0.0000000000000000e+00 1
7.3625013966672842e-02 -1.1487433112489216e-01 0.0000000000000000e+00 1
2.2160745682881294e-01 -1.4427835466812493e-02 0.0000000000000000e+00 1
2.6404125157954700e-01 -1.2195471501721766e-01 0.0000000000000000e+00 1
2.6347655440332568e-01 -1.1344908034179910e-01 0.0000000000000000e+00 1
-1.6999890947632657e-02 6.5687146490645332e-02 0.0000000000000000e+00 1
-3.2731508758520857e-02 -6.8504907495852543e-02 0.0000000000000000e+00 1
6.5046843353518180e-02 -5.1333445063454460e-04 0.0000000000000000e+00 1
-9.6043658924498065e-02 -2.1321778255671223e-02 0.0000000000000000e+00 1
-1.0560971010727599e-01 -2.8006486754746145e-02 0.0000000000000000e+00 1
6.5946539243132068e-02 -1.1130918255392494e-01 0.0000000000000000e+00 1
6.6712934813778518e-02 -1.1971363508635192e-01 0.0000000000000000e+00 1
7.4304549848452556e-02 -1.2327209045859501e-01 0.0000000000000000e+00 1
2.4512535555992446e-01 -7.7912353440211957e-03 0.0000000000000000e+00 1
2.4590337202870988e-01 -1.7050990600431654e-02 0.0000000000000000e+00 1
-3.4610192492524666e-01 7.2838916705301723e-02 0.0000000000000000e+00 1
-3.5481377959942662e-01 7.7073513170836536e-02 0.0000000000000000e+00 1
-3.5556467568822980e-01 8.6591935742587500e-02 0.0000000000000000e+00 1
-3.6329774984899316e-01 8.1013639786027838e-02 0.0000000000000000e+00 1
1.0140074420559700e-01 -8.6383236404658406e-02 0.0000000000000000e+00 1
9.3452892160090506e-02 -8.2634492115578426e-02 0.0000000000000000e+00 1
1.8402793061090533e-01 -1.5051411487573471e-01 0.0000000000000000e+00 1
1.9198402481265692e-01 -1.5430850766090481e-01 0.0000000000000000e+00 1
1.2443990296944281e-01 -9.7641918990819504e-02 0.0000000000000000e+00 1
6.5196836650633208e-02 -1.0287737164888236e-01 0.0000000000000000e+00 1
2.5506986789087116e-01 -1.0977575447081048e-01 0.0000000000000000e+00 1
2.6263550406468716e-01 -1.0482402243585387e-01 0.0000000000000000e+00 1
2.7076581719432208e-01 -1.0865310508481010e-01 0.0000000000000000e+00 1
2.7014747078008200e-01 -9.9890579045333522e-02 0.0000000000000000e+00 1
2.6203318444830759e-01 -9.6038313786566590e-02 0.0000000000000000e+00 1
2.6957908130314590e-01 -9.1038485857627360e-02 0.0000000000000000e+00 1
2.6157357601875258e-01 -8.7160091735651549e-02 0.0000000000000000e+00 1
2.6901566231221696e-01 -8.2103126260137313e-02 0.0000000000000000e+00 1
2.6087564730929447e-01 -7.8155963345682630e-02 0.0000000000000000e+00 1
2.6843433919110671e-01 -7.3082857624587272e-02 0.0000000000000000e+00 1
2.6020357837642938e-01 -6.9079795237444119e-02 0.0000000000000000e+00 1
2.6783785804910598e-01 -6.3970890055459390e-02 0.0000000000000000e+00 1
1.0435168101549054e-01 3.8513773664647824e-02 0.0000000000000000e+00 1
-1.0701116181800241e-01 -1.6357469625957691e-02 0.0000000000000000e+00 1
-1.1669939290580758e-01 -2.3127722540772541e-02 0.0000000000000000e+00 1
-6.1759632305508072e-02 -5.7577269714365643e-02 0.0000000000000000e+00 1
-4.5936612951880187e-02 -3.3264374524311420e-02 0.0000000000000000e+00 1
-9.3042307955512008e-02 -4.5702553339231788e-02 0.0000000000000000e+00 1
-3.3159330505147711e-01 1.0427905118343939e-01 0.0000000000000000e+00 1
-3.2321658270880316e-01 1.1030341703235946e-01 0.0000000000000000e+00 1
1.0059487178615086e-01 -7.7296396853305915e-02 0.0000000000000000e+00 1
8.9643456081032871e-02 9.0502989577301365e-03 0.0000000000000000e+00 1
6.7524869504828042e-02 -1.2827281666317603e-01 0.0000000000000000e+00 1
7.5164799938622878e-02 -1.3204091336535173e-01 0.0000000000000000e+00 1
5.9845906341798330e-02 -1.2442383669888718e-01 0.0000000000000000e+00 1
-1.1789644693927201e-01 -1.0918136032732515e-02 0.0000000000000000e+00 1
-1.2787063685473443e-01 -1.8146946405058435e-02 0.0000000000000000e+00 1
-1.2915349040709645e-01 -5.7660166999718475e-03 0.0000000000000000e+00 1
-1.3922086657601168e-01 -1.3129185881453878e-02 0.0000000000000000e+00 1
-1.4050709448347287e-01 -6.7101728035545412e-04 0.0000000000000000e+00 1
-1.5066780402663768e-01 -7.9942607743902321e-03 0.0000000000000000e+00 1
-1.4934509786600539e-01 -2.0534290391943266e-02 0.0000000000000000e+00 1
-1.6086922854256752e-01 -1.5374638518834437e-02 0.0000000000000000e+00 1
2.5958038261054656e-01 -5.9932764095830850e-02 0.0000000000000000e+00 1
2.6718657145726693e-01 -5.4773779887413346e-02 0.0000000000000000e+00 1
2.5354471400686385e-01 -1.1744225247371860e-02 0.0000000000000000e+00 1
2.5274719796309364e-01 -2.4521598890732297e-03 0.0000000000000000e+00 1
-3.6249654360694455e-01 7.1900795164976217e-02 0.0000000000000000e+00 1
-3.7070519833423937e-01 7.5933978650383649e-02 0.0000000000000000e+00 1
-8.5632611187107688e-02 -1.4045213862163213e-02 0.0000000000000000e+00 1
-3.7150826230387091e-01 8.4740602757984812e-02 0.0000000000000000e+00 1
9.2611663966666230e-02 -7.3689112636091403e-02 0.0000000000000000e+00 1
2.5196877085876612e-01 -6.5088351325990612e-02 0.0000000000000000e+00 1
1.6567073283965397e-01 -1.1638916850393884e-01 0.0000000000000000e+00 1
-1.6216661231257060e-01 -2.8243657602568199e-03 0.0000000000000000e+00 1
-1.7234261044733395e-01 -1.0071968445852659e-02 0.0000000000000000e+00 1
2.5132993591874131e-01 -5.5924081433580144e-02 0.0000000000000000e+00 1
1.8478780290135915e-01 -1.5929012040069063e-01 0.0000000000000000e+00 1
1.9274292360056403e-01 -1.6297926239570790e-01 0.0000000000000000e+00 1
1.9987724341768615e-01 -1.5804764664925902e-01 0.0000000000000000e+00 1
2.4408626552606222e-01 -1.4427372985235234e-01 0.0000000000000000e+00 1
2.5139047600805881e-01 -1.4771177291033460e-01 0.0000000000000000e+00 1
2.4480110568922644e-01 -1.5228147904843747e-01 0.0000000000000000e+00 1
2.5201547534608204e-01 -1.5568744958148054e-01 0.0000000000000000e+00 1
2.5848379499781349e-01 -1.5122910140949686e-01 0.0000000000000000e+00 1
2.5911813574428494e-01 -1.5893706823232273e-01 0.0000000000000000e+00 1
2.6538534676281489e-01 -1.5463374232698116e-01 0.0000000000000000e+00 1
2.4554033448477453e-01 -1.6019125908162124e-01 0.0000000000000000e+00 1
2.6599962283567252e-01 -1.6213050797577444e-01 0.0000000000000000e+00 1
2.7199481316303098e-01 -1.5760653007587216e-01 0.0000000000000000e+00 1
2.5957004131691019e-01 -1.6624895209032492e-01 0.0000000000000000e+00 1
2.0063119614813085e-01 -1.6664422067994872e-01 0.0000000000000000e+00 1
2.0768231620863323e-01 -1.6170768331862226e-01 0.0000000000000000e+00 1
-2.5442996439101795e-01 1.0364741059287415e-01 0.0000000000000000e+00 1
-2.4489642203788442e-01 1.1045331447800238e-01 0.0000000000000000e+00 1
-2.5557581853933170e-01 1.1531668399592661e-01 0.0000000000000000e+00 1
-2.4608585369991648e-01 1.2213930035369300e-01 0.0000000000000000e+00 1
-2.5677979018658681e-01 1.2691008234118942e-01 0.0000000000000000e+00 1
-2.6618653746019283e-01 1.2011331522933852e-01 0.0000000000000000e+00 1
-3.7871188393773936e-01 7.9806387581933896e-02 0.0000000000000000e+00 1
1.6806177143706325e-01 6.3308730847229044e-02 0.0000000000000000e+00 1
7.9144476224440485e-02 -9.2810240996523977e-02 0.0000000000000000e+00 1
-2.4728092475969327e-01 1.3381616298872889e-01 0.0000000000000000e+00 1
-2.3651008096154172e-01 1.2902293642450904e-01 0.0000000000000000e+00 1
2.7160251256501233e-01 -1.5033192745051729e-01 0.0000000000000000e+00 1
5.8258618288937095e-02 -1.0770591419689479e-01 0.0000000000000000e+00 1
5.7520238849085192e-02 -9.9322111154336840e-02 0.0000000000000000e+00 1
6.0698714807036487e-02 -1.3297419826312185e-01 0.0000000000000000e+00 1
5.3125641725329617e-02 -1.2921329949901977e-01 0.0000000000000000e+00 1
1.5108683669488401e-01 -5.8226471284509453e-02 0.0000000000000000e+00 1
1.8501452016897887e-02 -9.8083370692662389e-02 0.0000000000000000e+00 1
2.1330715025999433e-01 -1.0482119273737675e-02 0.0000000000000000e+00 1
2.1405500166045915e-01 -1.9652975542246598e-02 0.0000000000000000e+00 1
2.0573281964933438e-01 -1.5708860045142693e-02 0.0000000000000000e+00 1
2.0617863679568948e-01 -2.4438339361547247e-02 0.0000000000000000e+00 1
2.1415451557640780e-01 -2.9645166471426333e-02 0.0000000000000000e+00 1
1.9825182443048150e-01 -2.0588069429640473e-02 0.0000000000000000e+00 1
2.7275136210421624e-01 -1.6532106879522174e-01 0.0000000000000000e+00 1
-7.6806460786643426e-03 7.2335058788213571e-02 0.0000000000000000e+00 1
-1.8155955272354158e-02 7.7265517399673828e-02 0.0000000000000000e+00 1
-8.6831761039973844e-03 8.4036727273011536e-02 0.0000000000000000e+00 1
-1.9373648178830409e-02 8.8942037678194016e-02 0.0000000000000000e+00 1
-9.7320729169399298e-03 9.5791485426405074e-02 0.0000000000000000e+00 1
-2.0529782702629406e-02 1.0076850187669091e-01 0.0000000000000000e+00 1
-1.0789776687803948e-02 1.0763643181840139e-01 0.0000000000000000e+00 1
2.6689703806878061e-05 1.0264010522754342e-01 0.0000000000000000e+00 1
-2.1671927179442427e-02 1.1267598644996316e-01 0.0000000000000000e+00 1
-1.0356131040132500e-03 1.1448337126995459e-01 0.0000000000000000e+00 1
9.7570961226524523e-03 1.0951429130688269e-01 0.0000000000000000e+00 1
-3.1502610357232896e-02 1.0572154275047768e-01 0.0000000000000000e+00 1
-3.2674077165122682e-02 1.1778269658355904e-01 0.0000000000000000e+00 1
-4.2655683687544278e-02 1.1071225256823108e-01 0.0000000000000000e+00 1
-4.3816966284874519e-02 1.2293301512925081e-01 0.0000000000000000e+00 1
-5.3870232148773178e-02 1.1578460405846581e-01 0.0000000000000000e+00 1
-5.5056734535558080e-02 1.2812022163550968e-01 0.0000000000000000e+00 1
-6.5211655125258478e-02 1.2088899180975626e-01 0.0000000000000000e+00 1
8.7002078112125118e-03 1.2133396181770424e-01 0.0000000000000000e+00 1
1.9404519955807015e-02 1.1628440627321013e-01 0.0000000000000000e+00 1
-6.6388556780476699e-02 1.3333714427899693e-01 0.0000000000000000e+00 1
-7.6618644337326694e-02 1.2605282110719790e-01 0.0000000000000000e+00 1
-3.3784827759530331e-02 1.2998816572770394e-01 0.0000000000000000e+00 1
-7.7785959771262930e-02 1.3859467838147138e-01 0.0000000000000000e+00 1
-8.8057108246000715e-02 1.3127824076154479e-01 0.0000000000000000e+00 1
2.0478119424757496e-02 1.0455587166003193e-01 0.0000000000000000e+00 1
2.9976428569783720e-02 1.1125788953397350e-01 0.0000000000000000e+00 1
2.9056884157984075e-02 1.2291112992217058e-01 0.0000000000000000e+00 1
3.9499202822777718e-02 1.1788876824083085e-01 0.0000000000000000e+00 1
4.0435583376261880e-02 1.0640207896852444e-01 0.0000000000000000e+00 1
4.9848902576555471e-02 1.1294862397478915e-01 0.0000000000000000e+00 1
5.0838423372517962e-02 1.0180626775627571e-01 0.0000000000000000e+00 1
6.0030029563798139e-02 1.0813424704327858e-01 0.0000000000000000e+00 1
5.9142760557096177e-02 1.1931194398354933e-01 0.0000000000000000e+00 1
6.9234073609431651e-02 1.1448473456623731e-01 0.0000000000000000e+00 1
6.1298754878520462e-02 9.7348903776673823e-02 0.0000000000000000e+00 1
1.9741903127714458e-01 -1.1706771494908425e-02 0.0000000000000000e+00 1
2.1695585332440792e-01 4.0020389009306767e-02 0.0000000000000000e+00 1
2.1617117109656003e-01 4.9065963692215955e-02 0.0000000000000000e+00 1
2.2426307962018890e-01 4.5103868284900636e-02 0.0000000000000000e+00 1
2.2352853424537436e-01 5.3922195535644701e-02 0.0000000000000000e+00 1
2.3148837108104350e-01 5.0116818002391213e-02 0.0000000000000000e+00 1
2.1554683572024347e-01 5.7906700088791729e-02 0.0000000000000000e+00 1
2.2278596212355331e-01 6.2656166089262458e-02 0.0000000000000000e+00 1
2.1494933276861500e-01 6.6388941986202446e-02 0.0000000000000000e+00 1
2.2202112441311767e-01 7.1271557913020298e-02 0.0000000000000000e+00 1
2.1425855597206567e-01 7.4948895213432495e-02 0.0000000000000000e+00 1
2.2130146698470193e-01 7.9844576360072167e-02 0.0000000000000000e+00 1
2.1355893696795830e-01 8.3473302047926856e-02 0.0000000000000000e+00 1
2.2976164958017103e-01 6.7733770875564425e-02 0.0000000000000000e+00 1
2.2057670476980243e-01 8.8298956657805988e-02 0.0000000000000000e+00 1
2.1288075117656724e-01 9.1955345953414494e-02 0.0000000000000000e+00 1
2.0581366418052841e-01 8.7114948621740892e-02 0.0000000000000000e+00 1
2.0519865235773710e-01 9.5554390679640694e-02 0.0000000000000000e+00 1
1.9801912827771789e-01 9.0794154362343615e-02 0.0000000000000000e+00 1
1.9740158256603782e-01 9.9308063144500261e-02 0.0000000000000000e+00 1
1.9018152462479834e-01 9.4637322458108519e-02 0.0000000000000000e+00 1
1.8923847876172953e-01 1.0290297764774889e-01 0.0000000000000000e+00 1
1.8213660028964135e-01 9.8383964357658782e-02 0.0000000000000000e+00 1
1.8117175049285072e-01 1.0675950518015700e-01 0.0000000000000000e+00 1
1.7392208062475351e-01 1.0203284012399487e-01 0.0000000000000000e+00 1
1.7318243735714195e-01 1.1106829511035751e-01 0.0000000000000000e+00 1
1.6559327814376906e-01 1.0588454658995868e-01 0.0000000000000000e+00 1
1.4034215394051044e-01 -2.6176341944332941e-02 0.0000000000000000e+00 1
-6.6626093719780566e-02 -2.3925758752585544e-02 0.0000000000000000e+00 1
7.6858908502738382e-02 5.1151082143078189e-02 0.0000000000000000e+00 1
-1.0068083721620716e-01 7.0132391800137250e-02 0.0000000000000000e+00 1
1.4064668683731513e-01 -1.0523437260645220e-01 0.0000000000000000e+00 1
-1.1534587766402189e-01 -3.5169703295814730e-02 0.0000000000000000e+00 1
2.3230771161044789e-01 4.1291319264436500e-02 0.0000000000000000e+00 1
2.3953512316179476e-01 4.6360501387421107e-02 0.0000000000000000e+00 1
2.4037620224969072e-01 3.7501884689100533e-02 0.0000000000000000e+00 1
5.0465475002839683e-02 -3.0500429049071832e-02 0.0000000000000000e+00 1
-2.9989788432141834e-01 5.9406218201275694e-02 0.0000000000000000e+00 1
-3.0886160585303901e-01 5.3398620950407573e-02 0.0000000000000000e+00 1
-2.9894950145718052e-01 4.8436459363445372e-02 0.0000000000000000e+00 1
-3.0803693038181817e-01 4.2176045089553443e-02 0.0000000000000000e+00 1
-2.9796490980092899e-01 3.7252912698261906e-02 0.0000000000000000e+00 1
-3.1785173329732896e-01 4.7564267989744502e-02 0.0000000000000000e+00 1
2.7819528930166104e-01 -1.5333656125093312e-01 0.0000000000000000e+00 1
2.7788151697892616e-01 -1.4611273832198871e-01 0.0000000000000000e+00 1
2.7803457897283762e-01 -1.0378026375394428e-01 0.0000000000000000e+00 1
2.7858058056552693e-01 -1.1242692696175785e-01 0.0000000000000000e+00 1
2.7703143307220779e-01 -8.6086613625393132e-02 0.0000000000000000e+00 1
2.3524069801160275e-02 -5.0323756989021584e-02 0.0000000000000000e+00 1
-5.6628166957380811e-03 -1.3121294952878448e-01 0.0000000000000000e+00 1
2.0839756437999923e-01 -1.7024452683155006e-01 0.0000000000000000e+00 1
1.9507457213086069e-02 -1.2910547483261273e-01 0.0000000000000000e+00 1
1.9419150927902740e-01 -9.6246934140994528e-02 0.0000000000000000e+00 1
1.1718863432051115e-01 -4.2153560741653121e-02 0.0000000000000000e+00 1
-6.4798405863295661e-02 3.1213809542683546e-02 0.0000000000000000e+00 1
-2.6734812152247134e-01 1.3155945569691815e-01 0.0000000000000000e+00 1
-2.7656480937352135e-01 1.2483976196724855e-01 0.0000000000000000e+00 1
-3.3254205867202530e-01 1.1442494594516944e-01 0.0000000000000000e+00 1
-3.2422602585507299e-01 1.2043473239537383e-01 0.0000000000000000e+00 1
1.8999112076895197e-01 -1.6651494559874854e-02 0.0000000000000000e+00 1
1.8911470766580077e-01 -7.7657123929496356e-03 0.0000000000000000e+00 1
-1.4270119913135336e-03 -1.1212110873521847e-01 0.0000000000000000e+00 1
-2.8867359067284737e-01 4.3653905660712151e-02 0.0000000000000000e+00 1
-2.8769129293703050e-01 3.2315979113964333e-02 0.0000000000000000e+00 1
-2.7815944506164397e-01 3.8891965925581300e-02 0.0000000000000000e+00 1
-2.7719362090006394e-01 2.7270714825232516e-02 0.0000000000000000e+00 1
5.0563330241772432e-02 -1.0411775588786110e-01 0.0000000000000000e+00 1
-1.5955326134429154e-01 -2.7933820071739571e-02 0.0000000000000000e+00 1
2.5389396848787665e-01 -9.2208495169316687e-02 0.0000000000000000e+00 1
1.9105690609163506e-01 -6.0076526965470153e-02 0.0000000000000000e+00 1
-2.6751574152466229e-01 3.3976336049147120e-02 0.0000000000000000e+00 1
-2.6652178831712803e-01 2.2140370021588737e-02 0.0000000000000000e+00 1
2.1272312334849097e-01 1.0011248793162628e-01 0.0000000000000000e+00 1
2.7550246987828991e-01 -5.8849076752456993e-02 0.0000000000000000e+00 1
2.7484094982105772e-01 -4.9603938786650488e-02 0.0000000000000000e+00 1
-1.7393383248599220e-01 4.4380441490807922e-02 0.0000000000000000e+00 1
-1.8409291317199139e-01 3.7060525626048120e-02 0.0000000000000000e+00 1
6.8402767966063385e-02 1.2563562970606618e-01 0.0000000000000000e+00 1
7.8395149004894596e-02 1.2076329099945071e-01 0.0000000000000000e+00 1
7.9226197281374769e-02 1.0978883121004512e-01 0.0000000000000000e+00 1
8.8267390787952538e-02 1.1600009586960837e-01 0.0000000000000000e+00 1
-1.0861258191256924e-01 -4.2395216383695599e-03 0.0000000000000000e+00 1
7.6510620045656827e-02 -4.0649833376222605e-02 0.0000000000000000e+00 1
2.6119148390045577e-01 -6.4129820096823489e-03 0.0000000000000000e+00 1
2.6037930325104258e-01 2.8844104130148363e-03 0.0000000000000000e+00 1
-8.6854673163140023e-02 1.1872675884368297e-01 0.0000000000000000e+00 1
-9.8319133166621844e-02 1.2394163925916325e-01 0.0000000000000000e+00 1
-9.9555593645750756e-02 1.3652159172048289e-01 0.0000000000000000e+00 1
-1.0984656476020734e-01 1.2916578991831124e-01 0.0000000000000000e+00 1
-1.1108543863397766e-01 1.4176696068746747e-01 0.0000000000000000e+00 1
-1.2140237114337574e-01 1.3439319908065420e-01 0.0000000000000000e+00 1
1.6486222940549522e-01 1.1501152286442912e-01 0.0000000000000000e+00 1
1.5718567406009942e-01 1.0989840847508536e-01 0.0000000000000000e+00 1
1.5797629267436558e-01 1.0054965107526354e-01 0.0000000000000000e+00 1
1.4948505668371670e-01 1.0456509236483214e-01 0.0000000000000000e+00 1
1.4863751746811993e-01 1.1407242192083766e-01 0.0000000000000000e+00 1
1.4066130897478749e-01 1.0852337238378146e-01 0.0000000000000000e+00 1
1.3980371295493918e-01 1.1813024757732193e-01 0.0000000000000000e+00 1
1.3180473728804978e-01 1.1265275324997555e-01 0.0000000000000000e+00 1
-3.7940753044256448e-01 8.8399952932214892e-02 0.0000000000000000e+00 1
-3.7233840177927918e-01 9.3492176869987939e-02 0.0000000000000000e+00 1
1.8168447931889423e-01 -1.2701139200125564e-02 0.0000000000000000e+00 1
1.8079594338844990e-01 -3.8244608693452035e-03 0.0000000000000000e+00 1
1.7327075520888577e-01 -8.9557773750246605e-03 0.0000000000000000e+00 1
1.7246431783152630e-01 8.8588725595945279e-05 0.0000000000000000e+00 1
2.2818378315784807e-01 8.4701395920734918e-02 0.0000000000000000e+00 1
2.4374521850176933e-01 -6.1071777968546459e-02 0.0000000000000000e+00 1
2.4307444465170636e-01 -5.1913315224681442e-02 0.0000000000000000e+00 1
1.6501815351249494e-01 -4.8537327990407150e-03 0.0000000000000000e+00 1
1.6415572459237399e-01 4.0581793636808522e-03 0.0000000000000000e+00 1
1.5670037517486460e-01 -8.6289613545420237e-04 0.0000000000000000e+00 1
1.5580962808816762e-01 8.0297606376147461e-03 0.0000000000000000e+00 1
2.6200722292733003e-01 -1.5735736279843791e-02 0.0000000000000000e+00 1
-3.7002944848343350e-01 6.7111801271502944e-02 0.0000000000000000e+00 1
-3.6182612946947534e-01 6.2796185648907807e-02 0.0000000000000000e+00 1
1.4834110417703861e-01 3.0950772837500364e-03 0.0000000000000000e+00 1
-2.5684477107325582e-01 2.8602059658437349e-02 0.0000000000000000e+00 1
-2.5569761973109539e-01 1.6875016805819647e-02 0.0000000000000000e+00 1
-2.4572327705830679e-01 2.3855646113997202e-02 0.0000000000000000e+00 1
-2.4467724536704533e-01 1.1656886207466757e-02 0.0000000000000000e+00 1
-2.3473235965348233e-01 1.8280517516438614e-02 0.0000000000000000e+00 1
-2.3354793553437497e-01 6.2726948616279770e-03 0.0000000000000000e+00 1
-2.2333146330613110e-01 1.3340479292867991e-02 0.0000000000000000e+00 1
-2.2228114933252530e-01 9.5015838426651140e-04 0.0000000000000000e+00 1
5.8319116393474493e-02 1.3049899122185168e-01 0.0000000000000000e+00 1
2.8580684817611013e-01 -1.0764977007814198e-01 0.0000000000000000e+00 1
2.8638692573958657e-01 -1.1622303544786780e-01 0.0000000000000000e+00 1
8.9051958232296474e-02 1.0528218606948955e-01 0.0000000000000000e+00 1
5.3841669310517051e-02 -1.3730715665441148e-01 0.0000000000000000e+00 1
6.1021438598438768e-02 -1.4134234259920359e-01 0.0000000000000000e+00 1
2.3827206695813488e-01 -1.5686230444132127e-01 0.0000000000000000e+00 1
2.3874395834688139e-01 -1.6446212944220873e-01 0.0000000000000000e+00 1
8.1934663441172506e-02 -1.2695124026594623e-01 0.0000000000000000e+00 1
8.2663250637581870e-02 -1.3549433632200650e-01 0.0000000000000000e+00 1
-2.1200301972279889e-01 8.1164938780282150e-03 0.0000000000000000e+00 1
-2.1094446687739535e-01 -4.3913675164833823e-03 0.0000000000000000e+00 1
-3.1713842742555221e-01 3.6089960594659416e-02 0.0000000000000000e+00 1
-3.2688093231327553e-01 4.1236448500275441e-02 0.0000000000000000e+00 1
-2.3775004330540789e-01 1.4078197201419765e-01 0.0000000000000000e+00 1
-2.2686306552932659e-01 1.3597823953154686e-01 0.0000000000000000e+00 1
2.4771004549020173e-01 4.2631144176087973e-02 0.0000000000000000e+00 1
2.4666792524134107e-01 5.1601605592185282e-02 0.0000000000000000e+00 1
-3.8640769615700576e-01 8.3453790131479036e-02 0.0000000000000000e+00 1
1.3099463549881210e-01 1.2257225208439994e-01 0.0000000000000000e+00 1
-2.5473287746007106e-01 5.0448481080877638e-03 0.0000000000000000e+00 1
2.4848668106413657e-01 3.3685346621032286e-02 0.0000000000000000e+00 1
1.8556089796566871e-01 -1.6800454477951757e-01 0.0000000000000000e+00 1
1.7757811727869505e-01 -1.6431394993282314e-01 0.0000000000000000e+00 1
-3.1478218813896724e-01 1.1627602802778127e-01 0.0000000000000000e+00 1
-3.1580014525749400e-01 1.2662068540595578e-01 0.0000000000000000e+00 1
-2.7773474642914447e-01 1.3616632399350631e-01 0.0000000000000000e+00 1
1.3263068200548667e-01 1.0283080848305801e-01 0.0000000000000000e+00 1
-2.9711924306653764e-01 2.5952304103362491e-02 0.0000000000000000e+00 1
2.8469773156382355e-01 -1.4938212620282432e-01 0.0000000000000000e+00 1
4.6531221885438623e-02 -1.3391348230221600e-01 0.0000000000000000e+00 1
2.5066327470502414e-01 -4.6782481349709637e-02 0.0000000000000000e+00 1
8.7525744729244001e-02 1.2684953981255370e-01 0.0000000000000000e+00 1
-5.6205824801815699e-02 1.4047929620310584e-01 0.0000000000000000e+00 1
1.9073787244418897e-01 8.6384150956980849e-02 0.0000000000000000e+00 1
-3.8572174088046690e-01 7.5163022608430871e-02 0.0000000000000000e+00 1
-2.8882019656893569e-02 8.2113048616687515e-02 0.0000000000000000e+00 1
1.9643161395059330e-01 1.0829247534439627e-01 0.0000000000000000e+00 1
2.8462323623980895e-01 -1.5706667561556389e-01 0.0000000000000000e+00 1
4.9848338866774096e-02 -9.5767322667577481e-02 0.0000000000000000e+00 1
5.6799307705308291e-02 -9.0830533077357167e-02 0.0000000000000000e+00 1
-2.7630617178090899e-01 1.5557378539885130e-02 0.0000000000000000e+00 1
-2.2129085372857138e-01 -1.1559291390061555e-02 0.0000000000000000e+00 1
-2.0987675156292276e-01 -1.6964948676568101e-02 0.0000000000000000e+00 1
1.4745222186086007e-01 1.2029518022557613e-02 0.0000000000000000e+00 1
1.3980124738954686e-01 6.7365066033890138e-03 0.0000000000000000e+00 1
-1.2264516095377206e-01 1.4700027080245065e-01 0.0000000000000000e+00 1
-1.3294129545975447e-01 1.3960996737617251e-01 0.0000000000000000e+00 1
-1.3175093011226219e-01 1.2705501109832312e-01 0.0000000000000000e+00 1
-1.4323413973972765e-01 1.3225943429135195e-01 0.0000000000000000e+00 1
-1.4448664856192184e-01 1.4476683472994661e-01 0.0000000000000000e+00 1
-1.5471133934196293e-01 1.3741432947983190e-01 0.0000000000000000e+00 1
-1.5347437443133144e-01 1.2494149227663387e-01 0.0000000000000000e+00 1
-1.6488585159925609e-01 1.3011804604790628e-01 0.0000000000000000e+00 1
-1.6614045689403503e-01 1.4254852100810048e-01 0.0000000000000000e+00 1
-1.7592074951698472e-01 1.3503679674233832e-01 0.0000000000000000e+00 1
-1.7702964890644782e-01 1.4754750355035565e-01 0.0000000000000000e+00 1
-2.6853687012785254e-01 1.4294582527181529e-01 0.0000000000000000e+00 1
9.9602719454522995e-02 -6.8575145169343807e-02 0.0000000000000000e+00 1
1.0660378444785470e-01 -7.1816799687687255e-02 0.0000000000000000e+00 1
4.1571902138104459e-02 9.5197780516875635e-02 0.0000000000000000e+00 1
-1.0076920474125184e-01 1.4914979412169471e-01 0.0000000000000000e+00 1
-6.3972355068537323e-02 1.0892137836153906e-01 0.0000000000000000e+00 1
-1.6365270565756129e-01 1.1766337961545821e-01 0.0000000000000000e+00 1
1.7436600851783063e-01 9.3618825949231405e-02 0.0000000000000000e+00 1
-2.2563790184629140e-01 1.2410465961071734e-01 0.0000000000000000e+00 1
1.2368787330949957e-01 1.0700343414755727e-01 0.0000000000000000e+00 1
-3.6947208474060744e-01 5.7934573292597422e-02 0.0000000000000000e+00 1
-3.6119376198004094e-01 5.3625321856298036e-02 0.0000000000000000e+00 1
-3.4076365703376299e-01 1.0858564457953310e-01 0.0000000000000000e+00 1
-3.4171794662819288e-01 1.1848227812485729e-01 0.0000000000000000e+00 1
-3.4968645644196045e-01 1.1271131896040117e-01 0.0000000000000000e+00 1
2.8421671993458825e-01 -1.4187805655571009e-01 0.0000000000000000e+00 1
2.2751265833118395e-01 9.3017931645343957e-02 0.0000000000000000e+00 1
1.9779363096909952e-01 -2.8253155641396303e-02 0.0000000000000000e+00 1
4.5518871772610277e-02 -1.2561337280979987e-01 0.0000000000000000e+00 1
2.0697364507901198e-01 -1.5316960307188571e-01 0.0000000000000000e+00 1
6.7627693945405673e-02 1.3689779186947759e-01 0.0000000000000000e+00 1
2.0029943147411199e-02 -1.3663299124900691e-01 0.0000000000000000e+00 1
2.2601906867963006e-01 -1.1179784030867679e-01 0.0000000000000000e+00 1
-2.1599447294730029e-01 1.3125329572546102e-01 0.0000000000000000e+00 1
-2.1717133913098635e-01 1.4310956747688697e-01 0.0000000000000000e+00 1
8.9658121416709952e-02 -1.3072622782406779e-01 0.0000000000000000e+00 1
9.0223089943821749e-02 -1.3909058352322728e-01 0.0000000000000000e+00 1
8.3292837740579453e-02 -1.4393254327675581e-01 0.0000000000000000e+00 1
9.0868632692549509e-02 -1.4748051651754140e-01 0.0000000000000000e+00 1
9.7926296455550260e-02 -1.4262883094013334e-01 0.0000000000000000e+00 1
9.8583903414648802e-02 -1.5124090182738609e-01 0.0000000000000000e+00 1
1.0569475182152639e-01 -1.4642450535533813e-01 0.0000000000000000e+00 1
1.0637140390223651e-01 -1.5504589615463862e-01 0.0000000000000000e+00 1
1.1351665392739148e-01 -1.5024548955253261e-01 0.0000000000000000e+00 1
1.1422492073749763e-01 -1.5885778530888509e-01 0.0000000000000000e+00 1
1.2142107478831579e-01 -1.5403335922884559e-01 0.0000000000000000e+00 1
-9.7073000820417532e-02 1.1140054374194835e-01 0.0000000000000000e+00 1
2.3547664516044378e-01 -5.7074646184502115e-02 0.0000000000000000e+00 1
2.3614610752786958e-01 -6.6230484390495184e-02 0.0000000000000000e+00 1
-3.8023571929437250e-01 9.7094025591348637e-02 0.0000000000000000e+00 1
2.4245140300521284e-01 -4.1073832876667715e-02 0.0000000000000000e+00 1
-1.9547475422704946e-01 4.2278804173807416e-02 0.0000000000000000e+00 1
1.5979774472347572e-01 6.7237175233367627e-02 0.0000000000000000e+00 1
-3.7317364031506561e-01 1.0225028717767398e-01 0.0000000000000000e+00 1
1.8284327771939018e-01 -2.2187145560099628e-02 0.0000000000000000e+00 1
2.0140632491712240e-01 -1.7515888026671725e-01 0.0000000000000000e+00 1
2.0914077242122447e-01 -1.7874383267533081e-01 0.0000000000000000e+00 1
2.6969267592623114e-01 -1.0382477600587576e-02 0.0000000000000000e+00 1
2.7052417851917954e-01 -1.9763603735424021e-02 0.0000000000000000e+00 1
-1.4799374686266342e-01 -3.3099121515924028e-02 0.0000000000000000e+00 1
-1.5821501717257941e-01 -4.0529135073179609e-02 0.0000000000000000e+00 1
-1.4662859439154363e-01 -4.5641265161937214e-02 0.0000000000000000e+00 1
-1.6917096091440559e-01 -3.5328221365262938e-02 0.0000000000000000e+00 1
-9.6750405670168349e-02 3.3965635423563553e-02 0.0000000000000000e+00 1
1.8876507723803693e-01 -1.1916329862769444e-01 0.0000000000000000e+00 1
5.3461798873335797e-02 2.3365429668718476e-02 0.0000000000000000e+00 1
-2.0911943565070966e-03 1.2638257635859143e-01 0.0000000000000000e+00 1
7.7114604904723640e-03 1.3327803911776792e-01 0.0000000000000000e+00 1
-3.1904264116283392e-03 1.3840854660145063e-01 0.0000000000000000e+00 1
2.8319197429869764e-01 -5.3670113781095652e-02 0.0000000000000000e+00 1
2.8221759357449938e-01 -4.4090305070617203e-02 0.0000000000000000e+00 1
2.8383247186193433e-01 -6.2957037778161334e-02 0.0000000000000000e+00 1
9.7212121174299393e-02 1.2219396639300702e-01 0.0000000000000000e+00 1
9.6514838263515423e-02 1.3290253378088696e-01 0.0000000000000000e+00 1
-3.2617230068907310e-01 3.0016000669658843e-02 0.0000000000000000e+00 1
-3.3548415296525380e-01 3.4729889569559261e-02 0.0000000000000000e+00 1
2.9107064915720837e-01 -1.4521314224944093e-01 0.0000000000000000e+00 1
1.8001442622434446e-01 5.2808303661202420e-03 0.0000000000000000e+00 1
2.0704376813386710e-01 7.0269115473835075e-02 0.0000000000000000e+00 1
9.1736158345544577e-02 -6.4878600831406077e-02 0.0000000000000000e+00 1
8.4443707142315930e-02 -6.9942027822119779e-02 0.0000000000000000e+00 1
2.5196743370198793e-01 6.8240203827520289e-03 0.0000000000000000e+00 1
2.5954807682907377e-01 1.2102273957605230e-02 0.0000000000000000e+00 1
2.5588034236491419e-01 3.8851525529312272e-02 0.0000000000000000e+00 1
-1.3038147773317166e-01 6.6436718910790164e-03 0.0000000000000000e+00 1
-1.4175008265800548e-01 1.1770678453461900e-02 0.0000000000000000e+00 1
-3.5067539240309153e-01 1.2246685622193167e-01 0.0000000000000000e+00 1
-3.4276158002385482e-01 1.2826846147503732e-01 0.0000000000000000e+00 1
1.3902815921157383e-01 1.5957150124335996e-02 0.0000000000000000e+00 1
1.3134730447898477e-01 1.0621315579980719e-02 0.0000000000000000e+00 1
1.3066910436122881e-01 1.9801985000391306e-02 0.0000000000000000e+00 1
1.2287529900843043e-01 1.4585347186153442e-02 0.0000000000000000e+00 1
-1.4451206096541584e-03 -5.5248113629599416e-02 0.0000000000000000e+00 1
4.2956958332071693e-02 -1.0064144595184421e-01 0.0000000000000000e+00 1
1.5511022487639370e-01 1.7217138239738070e-02 0.0000000000000000e+00 1
1.8188660846447260e-01 1.1667405601989907e-01 0.0000000000000000e+00 1
1.1302907336951915e-01 -1.4199863339651825e-01 0.0000000000000000e+00 1
1.5027107801985667e-01 9.5132082906780463e-02 0.0000000000000000e+00 1
2.1604322275982424e-01 -1.7386314337424102e-01 0.0000000000000000e+00 1
2.9063358566182818e-01 -1.3766118898653221e-01 0.0000000000000000e+00 1
1.2214179750379550e-01 -1.6268959288302803e-01 0.0000000000000000e+00 1
1.2944377463527285e-01 -1.5770891881607302e-01 0.0000000000000000e+00 1
-1.4945178655662448e-02 -7.6651282151615735e-02 0.0000000000000000e+00 1
2.2511625958491627e-02 6.9756306411933006e-02 0.0000000000000000e+00 1
-2.5794243452638993e-01 3.9536867179773560e-02 0.0000000000000000e+00 1
-1.7265970798289157e-01 3.1928529401644291e-02 0.0000000000000000e+00 1
-1.8267875623390240e-01 2.4930255693229573e-02 0.0000000000000000e+00 1
4.6693224084687804e-02 -1.4181019145539006e-01 0.0000000000000000e+00 1
1.2464762999794483e-01 9.6947829285850842e-02 0.0000000000000000e+00 1
-3.9313379239794705e-01 7.8798408502425685e-02 0.0000000000000000e+00 1
-3.9378149068718110e-01 8.6769806638151648e-02 0.0000000000000000e+00 1
2.6799356280556230e-01 8.2501895508937124e-03 0.0000000000000000e+00 1
2.6718559612916642e-01 1.7388340110282771e-02 0.0000000000000000e+00 1
2.3499698199278249e-01 8.9525651649925986e-02 0.0000000000000000e+00 1
-1.6730976723571847e-01 1.5495558086630537e-01 0.0000000000000000e+00 1
-1.5226131003298191e-01 1.1247036603465541e-01 0.0000000000000000e+00 1
-2.2480721959818389e-01 2.5119247641481858e-02 0.0000000000000000e+00 1
1.4727953589316137e-01 1.2497567339824350e-01 0.0000000000000000e+00 1
1.7834438423696086e-01 -1.7308557564997112e-01 0.0000000000000000e+00 1
1.7032628109476414e-01 -1.6936714056792096e-01 0.0000000000000000e+00 1
2.1539673667299666e-01 -1.5617752624038150e-01 0.0000000000000000e+00 1
-2.2029759094662088e-01 -2.4174728869731668e-02 0.0000000000000000e+00 1
-3.3691518194829562e-01 4.5907982083825224e-02 0.0000000000000000e+00 1
9.9053196029755153e-02 -5.8674013335812777e-02 0.0000000000000000e+00 1
-2.3174800214987562e-01 -1.8723561861452472e-02 0.0000000000000000e+00 1
9.1451856196640327e-02 -1.5603090095710509e-01 0.0000000000000000e+00 1
6.7355452095939558e-03 1.4533591800033141e-01 0.0000000000000000e+00 1
4.9018415612722029e-02 -8.7234517765086964e-02 0.0000000000000000e+00 1
5.5929005147625478e-02 -8.2241355948081324e-02 0.0000000000000000e+00 1
2.9355051187235859e-01 -1.1146933851430885e-01 0.0000000000000000e+00 1
2.9300326149022704e-01 -1.0285060971598714e-01 0.0000000000000000e+00 1
-3.0643718424570421e-01 1.2264163600382173e-01 0.0000000000000000e+00 1
-3.0732509281358067e-01 1.3290129496674674e-01 0.0000000000000000e+00 1
-3.1691076719558575e-01 1.3710931728687006e-01 0.0000000000000000e+00 1
5.7600001033845091e-02 1.4188263557625744e-01 0.0000000000000000e+00 1
1.3011457144838062e-01 -1.6652350977814515e-01 0.0000000000000000e+00 1
1.3744396256670646e-01 -1.6152613116908343e-01 0.0000000000000000e+00 1
1.3811931115697698e-01 -1.7038905831687226e-01 0.0000000000000000e+00 1
1.3676692475285285e-01 -1.5267117335554037e-01 0.0000000000000000e+00 1
1.4477790608270652e-01 -1.5650855406254030e-01 0.0000000000000000e+00 1
-2.0880037148151226e-01 -2.9626461574696675e-02 0.0000000000000000e+00 1
2.6207230184297749e-02 -1.3227731113948499e-01 0.0000000000000000e+00 1
2.6680561953352611e-02 -1.3964233153444197e-01 0.0000000000000000e+00 1
2.1676129614693498e-01 -1.8222533686657608e-01 0.0000000000000000e+00 1
2.7143128636993274e-01 -1.4251836631507836e-01 0.0000000000000000e+00 1
2.6281201465042942e-01 -2.5045108127900485e-02 0.0000000000000000e+00 1
2.2339675328019776e-01 -1.7781399960193739e-01 0.0000000000000000e+00 1
1.6955600483266603e-01 -1.6055108619172956e-01 0.0000000000000000e+00 1
-3.6892452401396431e-01 4.8515192785643479e-02 0.0000000000000000e+00 1
-3.6052731919325631e-01 4.4223261770812886e-02 0.0000000000000000e+00 1
1.1561106172238411e-01 1.0127793474431945e-01 0.0000000000000000e+00 1
2.4117815409886870e-01 2.8605493492090885e-02 0.0000000000000000e+00 1
1.2363885003842308e-01 5.2563514722765202e-03 0.0000000000000000e+00 1
1.1512402125365229e-01 9.2493665159807670e-03 0.0000000000000000e+00 1
-2.0062880848276224e-01 2.7845847231242550e-03 0.0000000000000000e+00 1
1.5777725491107947e-01 -1.0238784610620133e-02 0.0000000000000000e+00 1
-1.7827915621974821e-01 1.5988873404964593e-01 0.0000000000000000e+00 1
1.4107297695441556e-01 -2.8976595426516067e-03 0.0000000000000000e+00 1
6.6806618568278686e-02 1.4814605051218455e-01 0.0000000000000000e+00 1
-2.7899310057672644e-01 1.4744913344883126e-01 0.0000000000000000e+00 1
-2.6988584520474657e-01 1.5417270650076312e-01 0.0000000000000000e+00 1
-2.1502802043935934e-01 1.1925815992862077e-01 0.0000000000000000e+00 1
2.8442111268755227e-01 -1.3382506596204205e-01 0.0000000000000000e+00 1
-4.3034156740285028e-03 1.5052497519050467e-01 0.0000000000000000e+00 1
-4.6395940641411934e-02 5.7593192414214928e-02 0.0000000000000000e+00 1
-3.0544434056433889e-01 1.1313579584905882e-01 0.0000000000000000e+00 1
-3.9257088539620033e-01 7.0698878874653370e-02 0.0000000000000000e+00 1
-1.6837014022859390e-01 -4.8071969450548098e-02 0.0000000000000000e+00 1
-1.7873482829767298e-01 -4.2764798885827696e-02 0.0000000000000000e+00 1
2.9428147198409726e-01 -1.1969983992951125e-01 0.0000000000000000e+00 1
-3.3723720651760997e-01 6.8496536302320443e-02 0.0000000000000000e+00 1
-3.0855060427513864e-01 1.4307658374615892e-01 0.0000000000000000e+00 1
1.0613407598888822e-01 1.2828950822904428e-01 0.0000000000000000e+00 1
1.0525176955969248e-01 1.3859627696057469e-01 0.0000000000000000e+00 1
-2.0620763273996989e-01 1.3836431240256267e-01 0.0000000000000000e+00 1
-2.0739424168919998e-01 1.5030192360913119e-01 0.0000000000000000e+00 1
-2.1846178402033617e-01 1.5505849084975359e-01 0.0000000000000000e+00 1
2.3828918039514041e-01 -2.2353104087915909e-02 0.0000000000000000e+00 1
3.0077871382976362e-01 -1.0672277608611264e-01 0.0000000000000000e+00 1
-3.8115740901036821e-01 1.0585429747375827e-01 0.0000000000000000e+00 1
-3.7409755453835680e-01 1.1087255254977364e-01 0.0000000000000000e+00 1
2.9154029147778182e-01 -5.7777334850792991e-02 0.0000000000000000e+00 1
2.9127878809904956e-01 -6.7307175578437656e-02 0.0000000000000000e+00 1
-3.3492576781245387e-01 2.4141728333802542e-02 0.0000000000000000e+00 1
2.0711165189421725e-02 -1.4383617282137467e-01 0.0000000000000000e+00 1
1.2238556888918062e-01 2.3653444427365482e-02 0.0000000000000000e+00 1
2.2431688419564400e-01 -1.8569262921495167e-01 0.0000000000000000e+00 1
2.3075772568612557e-01 -1.8141006528664289e-01 0.0000000000000000e+00 1
2.3169919099976372e-01 -1.8904853627557286e-01 0.0000000000000000e+00 1
2.3812970225650620e-01 -1.8453258358748240e-01 0.0000000000000000e+00 1
1.6732712977764533e-01 7.2393979963833760e-02 0.0000000000000000e+00 1
2.0218016535325034e-01 -1.8368418588752236e-01 0.0000000000000000e+00 1
8.3603672009267882e-02 -6.1080258149980027e-02 0.0000000000000000e+00 1
7.6523505634222444e-02 -6.6124258131483454e-02 0.0000000000000000e+00 1
1.1651015835220518e-01 9.1118947074921366e-02 0.0000000000000000e+00 1
1.6203664640108947e-01 -1.6537687801479700e-01 0.0000000000000000e+00 1
2.3423823710851616e-01 9.7702600068572343e-02 0.0000000000000000e+00 1
1.6302193276768562e-01 -1.7444787255591579e-01 0.0000000000000000e+00 1
-1.6243588945641937e-01 1.0520645090428540e-01 0.0000000000000000e+00 1
-1.7379991462546585e-01 1.1038641525269006e-01 0.0000000000000000e+00 1
2.7826272418959552e-01 -1.4356621302984804e-02 0.0000000000000000e+00 1
1.7402863164824692e-01 -4.2276203302524323e-02 0.0000000000000000e+00 1
-3.2543927659139632e-01 1.9107282441809509e-02 0.0000000000000000e+00 1
-1.9900667864528354e-01 -2.2412547623553797e-02 0.0000000000000000e+00 1
2.7908609569535581e-01 -2.3788649024793523e-02 0.0000000000000000e+00 1
2.9747663877764602e-01 -1.4092050910563342e-01 0.0000000000000000e+00 1
2.1454006469188217e-01 -1.4797323672001764e-01 0.0000000000000000e+00 1
-3.7701781452709726e-01 5.3204856299752523e-02 0.0000000000000000e+00 1
1.1590866853931238e-01 -1.3635999470477885e-04 0.0000000000000000e+00 1
1.5892767363834154e-01 7.6067608230647399e-02 0.0000000000000000e+00 1
2.2788455859056292e-01 -6.2245048076429166e-02 0.0000000000000000e+00 1
2.2719677872437929e-01 -5.3073221677980342e-02 0.0000000000000000e+00 1
2.2857624130108814e-01 -7.1385563786919778e-02 0.0000000000000000e+00 1
2.3679196702765865e-01 -7.5347998288519763e-02 0.0000000000000000e+00 1
-3.8804886588346760e-01 1.0048727692596328e-01 0.0000000000000000e+00 1
-2.0867536133957976e-01 1.6235316622600454e-01 0.0000000000000000e+00 1
-2.7546751883531234e-01 1.1352140428493429e-01 0.0000000000000000e+00 1
4.7978170565494305e-02 -7.8619626064409059e-02 0.0000000000000000e+00 1
-1.3159549370537627e-01 1.9053788578584648e-02 0.0000000000000000e+00 1
-1.4290638112214929e-01 2.4957553982811562e-02 0.0000000000000000e+00 1
2.2697183751016131e-01 1.0114978792266485e-01 0.0000000000000000e+00 1
4.3672546075554909e-02 -1.0890208328828921e-01 0.0000000000000000e+00 1
3.6101347963610510e-02 -1.0542618841732178e-01 0.0000000000000000e+00 1
3.5349482986440639e-02 -9.7194392190948178e-02 0.0000000000000000e+00 1
3.6960717945486776e-02 -1.1365622969203146e-01 0.0000000000000000e+00 1
-3.1808393949994140e-01 1.4757821369080917e-01 0.0000000000000000e+00 1
2.3179108373435620e-01 -1.6102957492769687e-01 0.0000000000000000e+00 1
2.4620263657058780e-01 -1.6812129301609557e-01 0.0000000000000000e+00 1
-3.2644406920017210e-01 1.4114987366067527e-01 0.0000000000000000e+00 1
8.0184366589426376e-02 9.9030805298053887e-02 0.0000000000000000e+00 1
8.9804528675827971e-02 9.4572153634494754e-02 0.0000000000000000e+00 1
8.1191001505709653e-02 8.8446264579069872e-02 0.0000000000000000e+00 1
1.1485383005942110e-01 -1.6759929182420849e-01 0.0000000000000000e+00 1
1.4402118482706755e-01 -1.4779646299353577e-01 0.0000000000000000e+00 1
2.7561015302521613e-01 1.3591190325446452e-02 0.0000000000000000e+00 1
1.8536836624639888e-01 -8.3231587609327251e-02 0.0000000000000000e+00 1
2.3576325779115237e-01 8.1188886375970118e-02 0.0000000000000000e+00 1
2.4251579345593388e-01 8.6046872136373145e-02 0.0000000000000000e+00 1
2.4331971436010091e-01 7.7713182101507045e-02 0.0000000000000000e+00 1
1.7554103111890612e-01 6.8463187174338164e-02 0.0000000000000000e+00 1
-8.5794611417772032e-02 1.0643462248705593e-01 0.0000000000000000e+00 1
-9.5862991955057347e-02 9.8943946729025595e-02 0.0000000000000000e+00 1
-1.0727939758114376e-01 1.0408285186616634e-01 0.0000000000000000e+00 1
-8.3645793271705099e-02 9.5009683638917458e-02 0.0000000000000000e+00 1
-1.2073566683753462e-01 1.3664646266386221e-02 0.0000000000000000e+00 1
1.3382443317964074e-01 9.2131105878228703e-02 0.0000000000000000e+00 1
9.2742950184482045e-02 -3.9296925783519079e-02 0.0000000000000000e+00 1
7.7171656162088223e-02 -7.5013470209740016e-02 0.0000000000000000e+00 1
1.6025549330332878e-01 -7.1415651159858151e-02 0.0000000000000000e+00 1
1.6100960145268939e-01 -8.0603573926868788e-02 0.0000000000000000e+00 1
1.5270837774473781e-01 -7.6684981724488149e-02 0.0000000000000000e+00 1
1.5348242328974065e-01 -8.5819112556318078e-02 0.0000000000000000e+00 1
1.6173498618474613e-01 -8.9739023580201832e-02 0.0000000000000000e+00 1
1.4521038474097825e-01 -8.1915670123778025e-02 0.0000000000000000e+00 1
1.9665012718416622e-01 -2.5785275296658279e-03 0.0000000000000000e+00 1
-2.1792903438410671e-01 5.2845994054317502e-02 0.0000000000000000e+00 1
-8.5565523504126509e-02 2.9007176735507807e-02 0.0000000000000000e+00 1
-9.5229749060664698e-02 2.2214330025390951e-02 0.0000000000000000e+00 1
-8.4236022710499084e-02 1.6920131905784362e-02 0.0000000000000000e+00 1
1.8636279299619565e-01 -1.7668565360627581e-01 0.0000000000000000e+00 1
1.4442426142484813e-01 -7.2813058578359513e-02 0.0000000000000000e+00 1
1.3694620932076965e-01 -7.8029994914714698e-02 0.0000000000000000e+00 1
1.3616195105823659e-01 -6.8935110295452642e-02 0.0000000000000000e+00 1
1.2868435874863618e-01 -7.4151079458850078e-02 0.0000000000000000e+00 1
1.8242096789339049e-01 -4.6277745427018409e-02 0.0000000000000000e+00 1
1.7557558555094319e-02 1.4008249784111995e-01 0.0000000000000000e+00 1
1.2789750199657682e-01 -6.5064999851449298e-02 0.0000000000000000e+00 1
2.4637257613452393e-01 -2.5805301084229418e-02 0.0000000000000000e+00 1
-1.5253571711124478e-01 1.8590885607512181e-02 0.0000000000000000e+00 1
4.0450021390569330e-02 -8.3794377378662133e-02 0.0000000000000000e+00 1
-1.6249933603259731e-01 3.9285118220299946e-02 0.0000000000000000e+00 1
-3.7655663890513141e-01 4.3503704058854731e-02 0.0000000000000000e+00 1
-2.4851505789194761e-01 1.4546911987670011e-01 0.0000000000000000e+00 1
-2.3902207615362628e-01 1.5251829431165087e-01 0.0000000000000000e+00 1
-2.4979546838775146e-01 1.5706496778156398e-01 0.0000000000000000e+00 1
2.7704621554624731e-01 4.3651079180818380e-03 0.0000000000000000e+00 1
1.8396341580724910e-03 7.9049053547711717e-02 0.0000000000000000e+00 1
7.7094803041368398e-02 1.4322497290900482e-01 0.0000000000000000e+00 1
-3.4508216460391622e-01 2.7237729941528576e-02 0.0000000000000000e+00 1
2.6614006547501307e-01 -4.5308862186140067e-02 0.0000000000000000e+00 1
-4.0997504914427600e-02 9.8905119835890398e-02 0.0000000000000000e+00 1
-4.0024873374303016e-01 8.2293379860987545e-02 0.0000000000000000e+00 1
8.8464026888268460e-02 -1.1372400900340401e-01 0.0000000000000000e+00 1
1.6135691231148194e-01 -1.5663239672139412e-01 0.0000000000000000e+00 1
1.1438770624576419e-01 1.3388714643256910e-01 0.0000000000000000e+00 1
-2.2448414219187671e-01 1.1206436311515301e-01 0.0000000000000000e+00 1
5.9180106400613872e-02 4.9517250024074956e-02 0.0000000000000000e+00 1
3.8737053389649369e-02 1.2948336993228385e-01 0.0000000000000000e+00 1
1.6681660753065493e-02 1.5222970906183225e-01 0.0000000000000000e+00 1
2.7532018669252093e-02 1.4697686613630723e-01 0.0000000000000000e+00 1
6.9507451537526146e-02 -7.1506239916510561e-02 0.0000000000000000e+00 1
2.3097503367169298e-01 -1.5339866049278139e-01 0.0000000000000000e+00 1
-2.3123085705466068e-01 -3.0725006984145490e-02 0.0000000000000000e+00 1
6.3475065313362680e-02 -8.5720523536066906e-02 0.0000000000000000e+00 1
-1.4226477910598662e-02 1.4356221162292709e-01 0.0000000000000000e+00 1
-1.5468405061096738e-02 1.5577093387320998e-01 0.0000000000000000e+00 1
-3.4515846942055950e-01 6.3046065617674008e-02 0.0000000000000000e+00 1
9.5855965724267550e-02 1.4374837081429831e-01 0.0000000000000000e+00 1
1.0631934769653764e-01 1.5011738761322760e-01 0.0000000000000000e+00 1
2.5271402599615359e-02 -1.2453163128444336e-01 0.0000000000000000e+00 1
-3.6503295591554491e-01 9.8817222847726288e-02 0.0000000000000000e+00 1
-4.0098111511157297e-01 9.0049896172806926e-02 0.0000000000000000e+00 1
1.0736190215704133e-01 3.8774683388646163e-03 0.0000000000000000e+00 1
1.0667799053404839e-01 1.3157439374611980e-02 0.0000000000000000e+00 1
-3.5175684549170200e-01 1.3210059330697796e-01 0.0000000000000000e+00 1
-3.5950348873150811e-01 1.2642495037266782e-01 0.0000000000000000e+00 1
-3.4418324785842647e-01 1.3768118392142537e-01 0.0000000000000000e+00 1
-2.5425335154834763e-02 1.4876374699624093e-01 0.0000000000000000e+00 1
-2.6759123409332220e-02 1.6106985900086215e-01 0.0000000000000000e+00 1
-2.7926390215504043e-01 5.0427418328282569e-02 0.0000000000000000e+00 1
2.9762819706560717e-01 -1.4822413403775050e-01 0.0000000000000000e+00 1
3.0507323657825447e-01 -1.4363377566543864e-01 0.0000000000000000e+00 1
-2.9939669804355301e-01 1.2878657212599087e-01 0.0000000000000000e+00 1
7.5647318198083055e-02 -5.7227601248614132e-02 0.0000000000000000e+00 1
-1.7239358002512672e-01 9.8390248922857373e-02 0.0000000000000000e+00 1
-3.6720107312216511e-02 1.5398681603588549e-01 0.0000000000000000e+00 1
-3.8528471957704558e-01 6.7005266910347180e-02 0.0000000000000000e+00 1
-3.9207437254462241e-01 6.2542582700306479e-02 0.0000000000000000e+00 1
1.7913692602328768e-01 -1.8181461255816872e-01 0.0000000000000000e+00 1
1.0120616597662731e-01 -4.3257220020850792e-02 0.0000000000000000e+00 1
-1.7408765320140937e-01 4.8885026165165586e-03 0.0000000000000000e+00 1
1.3834806303644831e-01 2.5165170387943792e-02 0.0000000000000000e+00 1
1.5442571600028851e-01 -1.7014408588374211e-01 0.0000000000000000e+00 1
1.3610755881351211e-01 -1.4389486143829502e-01 0.0000000000000000e+00 1
9.0338721847499609e-02 8.3659398749093006e-02 0.0000000000000000e+00 1
8.1994816499057377e-02 7.7920181861941967e-02 0.0000000000000000e+00 1
7.2561010189216096e-02 8.2370918034273738e-02 0.0000000000000000e+00 1
7.3483403279043236e-02 7.1904000972662710e-02 0.0000000000000000e+00 1
6.3921214407166166e-02 7.6326895556572377e-02 0.0000000000000000e+00 1
-3.4874981244002801e-01 1.0278156275030827e-01 0.0000000000000000e+00 1
-3.6091797988302937e-01 1.3634486209947261e-01 0.0000000000000000e+00 1
1.5430798130288234e-01 -9.4763412105697997e-02 0.0000000000000000e+00 1
1.6270477765588015e-01 -9.8853983670372306e-02 0.0000000000000000e+00 1
1.7000036399314838e-01 -9.3671764327591195e-02 0.0000000000000000e+00 1
1.3780935581359019e-01 -8.6957590976764323e-02 0.0000000000000000e+00 1
2.7280709305168183e-02 -1.4663325567423849e-01 0.0000000000000000e+00 1
3.3192775669628485e-02 -1.4280034541603828e-01 0.0000000000000000e+00 1
3.3612649143307499e-02 -1.4991161130726741e-01 0.0000000000000000e+00 1
3.0007366625020238e-01 -9.8034598115215477e-02 0.0000000000000000e+00 1
2.9244239068618189e-01 -9.4098215133874702e-02 0.0000000000000000e+00 1
2.9956497279286171e-01 -8.9207672527987253e-02 0.0000000000000000e+00 1
2.9183611751333260e-01 -8.5243549864844906e-02 0.0000000000000000e+00 1
3.0010704581793141e-01 -7.9247305207136173e-02 0.0000000000000000e+00 1
8.3093770950130236e-02 6.7626088443671364e-02 0.0000000000000000e+00 1
1.7116046708614313e-01 -1.0283700817368027e-01 0.0000000000000000e+00 1
-1.1864538462021183e-02 -1.3555529207511746e-01 0.0000000000000000e+00 1
-1.2667796749375692e-02 -1.2803167970250209e-01 0.0000000000000000e+00 1
2.7890390677263854e-01 -1.2077924229066790e-01 0.0000000000000000e+00 1
1.7826482970359592e-01 -9.7588516633476147e-02 0.0000000000000000e+00 1
1.1486349295508774e-01 1.1158124661321864e-01 0.0000000000000000e+00 1
2.7459473371597437e-01 2.2687090325864780e-02 0.0000000000000000e+00 1
2.0637997380725517e-01 -1.4455063512902222e-01 0.0000000000000000e+00 1
2.1341199350325080e-01 -1.3980042623706454e-01 0.0000000000000000e+00 1
2.9666305272482624e-01 -1.3370316538136515e-01 0.0000000000000000e+00 1
-1.5084290784118112e-01 1.0045972114393562e-01 0.0000000000000000e+00 1
-1.4082072736895579e-01 1.0735559177886098e-01 0.0000000000000000e+00 1
-2.0267949962997828e-01 1.4262722049531336e-02 0.0000000000000000e+00 1
5.5207441911860292e-02 -7.3557073468706519e-02 0.0000000000000000e+00 1
-7.9457779096862136e-02 7.2736217473417256e-02 0.0000000000000000e+00 1
-6.9351380399756329e-02 7.9685682982273770e-02 0.0000000000000000e+00 1
-5.8345143948846309e-02 7.4792563427263925e-02 0.0000000000000000e+00 1
-5.9512731342037703e-02 8.7015759603674400e-02 0.0000000000000000e+00 1
1.7935175438019435e-01 -1.0669613056443336e-01 0.0000000000000000e+00 1
1.7472033786953903e-01 7.7298785851239143e-02 0.0000000000000000e+00 1
1.8319338175696642e-01 7.3395364915646827e-02 0.0000000000000000e+00 1
2.5700062623717995e-01 2.9935289591853074e-02 0.0000000000000000e+00 1
2.6437396559347526e-01 3.5104711331823288e-02 0.0000000000000000e+00 1
2.6333623092442571e-01 4.4057578787615390e-02 0.0000000000000000e+00 1
-2.4032124773748231e-01 1.6421913466020174e-01 0.0000000000000000e+00 1
2.1752115418925994e-01 -1.9024455544979105e-01 0.0000000000000000e+00 1
2.5107951091039588e-01 1.6019710769058539e-02 0.0000000000000000e+00 1
2.4339013188067307e-01 1.0632619096390079e-02 0.0000000000000000e+00 1
2.3330471043507378e-01 1.0563920570701736e-01 0.0000000000000000e+00 1
2.2646394939773812e-01 1.0908987586881694e-01 0.0000000000000000e+00 1
-3.3529352115074157e-01 1.3864161936807092e-02 0.0000000000000000e+00 1
-1.6831677062465944e-01 1.6707952948867028e-01 0.0000000000000000e+00 1
-1.5714044385706849e-01 1.6226409541348880e-01 0.0000000000000000e+00 1
-1.5804588145987261e-01 1.7464265181897665e-01 0.0000000000000000e+00 1
-1.4693589606147381e-01 1.6964333565580220e-01 0.0000000000000000e+00 1
-2.2811068868729367e-01 4.6074231630877635e-02 0.0000000000000000e+00 1
-2.3872920274982257e-01 5.0970713255504604e-02 0.0000000000000000e+00 1
1.5149380353703168e-01 7.1168622279967508e-02 0.0000000000000000e+00 1
2.6453390265877524e-01 -1.3033404567614434e-01 0.0000000000000000e+00 1
2.3285158199954215e-01 1.1479367734729759e-01 0.0000000000000000e+00 1
2.7148807498510885e-01 4.0224384087174117e-02 0.0000000000000000e+00 1
1.8733416879383813e-01 -1.8508523352250542e-01 0.0000000000000000e+00 1
4.6928022509343671e-02 -7.0005643904397091e-02 0.0000000000000000e+00 1
-1.3649940040451952e-01 -3.8130756351499179e-02 0.0000000000000000e+00 1
-1.3511334301116112e-01 -5.0718307787814387e-02 0.0000000000000000e+00 1
-1.4523404993796038e-01 -5.8171168651180903e-02 0.0000000000000000e+00 1
-1.3371730411622629e-01 -6.3188880345650927e-02 0.0000000000000000e+00 1
-1.2366306775974231e-01 -5.5802482084731417e-02 0.0000000000000000e+00 1
-1.2252811174070022e-01 -6.8718186696311245e-02 0.0000000000000000e+00 1
-1.1238271773596321e-01 -6.0901213542735838e-02 0.0000000000000000e+00 1
-1.1117445298075060e-01 -7.3493872876812000e-02 0.0000000000000000e+00 1
-1.0112378859727167e-01 -6.5770886389057093e-02 0.0000000000000000e+00 1
-9.9623604514621988e-02 -7.7238131230953799e-02 0.0000000000000000e+00 1
-9.0226049410764425e-02 -7.0556865521325965e-02 0.0000000000000000e+00 1
-8.8773582644591162e-02 -8.2104342896950011e-02 0.0000000000000000e+00 1
-7.9518586524851442e-02 -7.5381714473202160e-02 0.0000000000000000e+00 1
-7.7977648540185865e-02 -8.6290230367838755e-02 0.0000000000000000e+00 1
-6.8988332511789915e-02 -8.0150996364506108e-02 0.0000000000000000e+00 1
-6.7560098400956947e-02 -9.0761816220025104e-02 0.0000000000000000e+00 1
-5.8860691765856996e-02 -8.4640900200372821e-02 0.0000000000000000e+00 1
-5.7427407982011749e-02 -9.5015291416019748e-02 0.0000000000000000e+00 1
-4.8937095258973572e-02 -8.9237660990109088e-02 0.0000000000000000e+00 1
-4.7702621804301994e-02 -9.9376473759435896e-02 0.0000000000000000e+00 1
-3.9509978414279792e-02 -9.3497536842314447e-02 0.0000000000000000e+00 1
-3.8276828559448473e-02 -1.0355295953029076e-01 0.0000000000000000e+00 1
-3.0257634998447448e-02 -9.7749410263428926e-02 0.0000000000000000e+00 1
-2.9152512769156431e-02 -1.0722579520452241e-01 0.0000000000000000e+00 1
-5.6527490317789399e-02 -1.0412214133954067e-01 0.0000000000000000e+00 1
-1.0689165098312514e-01 -8.5379644697989268e-02 0.0000000000000000e+00 1
-5.0132278467149752e-02 -7.8507680767569407e-02 0.0000000000000000e+00 1
-2.1577699604204144e-02 -1.0171928588981824e-01 0.0000000000000000e+00 1
-2.0505807631716794e-02 -1.1099386795205826e-01 0.0000000000000000e+00 1
-2.8296273462841748e-02 -1.1617282409050696e-01 0.0000000000000000e+00 1
-8.0724905572018960e-02 -6.3881342840994157e-02 0.0000000000000000e+00 1
-3.1285671809646788e-02 -8.7864575136187034e-02 0.0000000000000000e+00 1
-2.1977106882579112e-01 1.6698848501891339e-01 0.0000000000000000e+00 1
3.2349526410282409e-02 -1.2777526497893510e-01 0.0000000000000000e+00 1
2.8406599678602479e-01 -7.2230767955200240e-02 0.0000000000000000e+00 1
2.2547714051127535e-01 1.1693021258249393e-01 0.0000000000000000e+00 1
2.1955038702192986e-01 1.1251831824500308e-01 0.0000000000000000e+00 1
2.1874079324455964e-01 1.2002807410281610e-01 0.0000000000000000e+00 1
2.1256631403189299e-01 1.1585246474233657e-01 0.0000000000000000e+00 1
1.6867437857103743e-01 -1.5175300950758680e-01 0.0000000000000000e+00 1
-3.8864927598438348e-01 1.0919545681936789e-01 0.0000000000000000e+00 1
-1.0559205102914844e-01 9.1965728732158372e-02 0.0000000000000000e+00 1
-1.8344283334913172e-01 1.0323901563315464e-01 0.0000000000000000e+00 1
-1.8492227758379692e-01 1.1535118525546287e-01 0.0000000000000000e+00 1
2.2938543031579239e-01 -8.0197278411606787e-02 0.0000000000000000e+00 1
2.3743678687685335e-01 -8.4370724815411802e-02 0.0000000000000000e+00 1
2.4502600490365714e-01 -7.9313379525352640e-02 0.0000000000000000e+00 1
2.1974177069364767e-01 -5.7962028953258110e-02 0.0000000000000000e+00 1
2.1892624139578848e-01 -4.9022141542330679e-02 0.0000000000000000e+00 1
2.2679339477582400e-01 -4.4372945904951784e-02 0.0000000000000000e+00 1
2.1145884870483672e-01 -5.3909577640741932e-02 0.0000000000000000e+00 1
2.1060325953043291e-01 -4.5052574189430247e-02 0.0000000000000000e+00 1
2.0297597879127297e-01 -5.0265483836233957e-02 0.0000000000000000e+00 1
1.0748698936918745e-01 9.5693474401129686e-02 0.0000000000000000e+00 1
1.0815181398393658e-01 8.5182271905953871e-02 0.0000000000000000e+00 1
-3.5271945059228432e-01 4.9451673998362963e-02 0.0000000000000000e+00 1
2.6480696612580797e-02 1.5867191864935168e-01 0.0000000000000000e+00 1
3.7417979306431856e-02 1.5355252921685295e-01 0.0000000000000000e+00 1
-1.9420091158247194e-01 1.0854796705162807e-01 0.0000000000000000e+00 1
1.5839146474032645e-01 9.2129858010121149e-02 0.0000000000000000e+00 1
7.5817703963754202e-02 1.5381182445379432e-01 0.0000000000000000e+00 1
-2.1391112687171976e-01 1.0713857564415739e-01 0.0000000000000000e+00 1
2.8656743144585722e-01 -1.8371557273833390e-02 0.0000000000000000e+00 1
2.8796046619683657e-01 -2.8131984681585512e-02 0.0000000000000000e+00 1
2.8603839417060223e-01 -8.8420922368905690e-03 0.0000000000000000e+00 1
-1.9543734028289719e-01 1.2074337225142176e-01 0.0000000000000000e+00 1
1.5077269367124735e-01 8.0368717535766840e-02 0.0000000000000000e+00 1
-2.2331974054719836e-01 1.0014558395605824e-01 0.0000000000000000e+00 1
-1.7857856511336195e-01 1.7149809471010397e-01 0.0000000000000000e+00 1
1.8154756027698249e-01 -3.7309698152495879e-02 0.0000000000000000e+00 1
1.7313024354911305e-01 -3.3343571603694423e-02 0.0000000000000000e+00 1
1.8954382121758978e-01 -4.1440709435862713e-02 0.0000000000000000e+00 1
-2.4283954428542567e-01 -2.5148733146086569e-02 0.0000000000000000e+00 1
-2.4320205672970754e-01 -1.3135107943571502e-02 0.0000000000000000e+00 1
-2.5401143942588517e-01 -1.9125833813323379e-02 0.0000000000000000e+00 1
1.5590281035457443e-01 -1.0387635434322159e-01 0.0000000000000000e+00 1
1.4367965292491086e-01 -1.3933719678579920e-01 0.0000000000000000e+00 1
-9.3358451707399426e-02 1.0244450182237757e-02 0.0000000000000000e+00 1
-8.2712056092693012e-02 5.2234382542537617e-03 0.0000000000000000e+00 1
-7.3222576381921783e-02 1.1947112052674819e-02 0.0000000000000000e+00 1
-7.1798968537667859e-02 4.0724347225144612e-04 0.0000000000000000e+00 1
-6.2363265300086394e-02 6.9914142004918814e-03 0.0000000000000000e+00 1
-6.1046066512082171e-02 -4.4454537284617781e-03 0.0000000000000000e+00 1
-5.1743866012399012e-02 2.1881677224506774e-03 0.0000000000000000e+00 1
-5.0433969149458087e-02 -9.0639497039221254e-03 0.0000000000000000e+00 1
-4.1299276707872382e-02 -2.5583850876310485e-03 0.0000000000000000e+00 1
-4.0057341512088361e-02 -1.3736311540997172e-02 0.0000000000000000e+00 1
-3.0921773378825811e-02 -6.7123733909006267e-03 0.0000000000000000e+00 1
-2.9897920799738843e-02 -1.8100268664255459e-02 0.0000000000000000e+00 1
-2.1060871208481494e-02 -1.1439679728898266e-02 0.0000000000000000e+00 1
-2.0030720227884595e-02 -2.2295742751479539e-02 0.0000000000000000e+00 1
-1.1490821458720029e-02 -1.6053450150686408e-02 0.0000000000000000e+00 1
-1.2067434952547786e-02 -4.9657009973310268e-03 0.0000000000000000e+00 1
-2.8768358544803718e-03 -9.8277792977100476e-03 0.0000000000000000e+00 1
-3.9440151105743990e-03 5.2936916123057232e-04 0.0000000000000000e+00 1
5.6055896774389689e-03 -3.8109454519195370e-03 0.0000000000000000e+00 1
6.5778261990882356e-03 -1.4147124129983535e-02 0.0000000000000000e+00 1
1.4943178854816492e-02 -8.1394327462559375e-03 0.0000000000000000e+00 1
4.6119351858318032e-03 6.6703656660342019e-03 0.0000000000000000e+00 1
1.5983786620458094e-02 -1.8359547088349186e-02 0.0000000000000000e+00 1
2.4193303268879994e-02 -1.2400125255846467e-02 0.0000000000000000e+00 1
2.3263571850038446e-02 -2.2907306148592424e-03 0.0000000000000000e+00 1
7.7743920631524431e-03 -2.4276222297185922e-02 0.0000000000000000e+00 1
3.2449456469354529e-02 -6.7099489073021868e-03 0.0000000000000000e+00 1
3.1538471886442980e-02 3.4388872058678651e-03 0.0000000000000000e+00 1
4.0690408557039079e-02 -9.3536126316324261e-04 0.0000000000000000e+00 1
1.6900851172013370e-02 -2.8257642700869074e-02 0.0000000000000000e+00 1
8.9461951835770881e-03 -3.4066579900235039e-02 0.0000000000000000e+00 1
3.3220467169903067e-02 -1.6891727469287340e-02 0.0000000000000000e+00 1
-1.0268835337039633e-02 -2.6425976637076524e-02 0.0000000000000000e+00 1
-4.0148905977968287e-03 1.1924643836659133e-02 0.0000000000000000e+00 1
3.6664948988633511e-03 1.7234206066818171e-02 0.0000000000000000e+00 1
1.3318355324701478e-02 1.2749646293424951e-02 0.0000000000000000e+00 1
1.2354657500083979e-02 2.3370831843454419e-02 0.0000000000000000e+00 1
-3.1473594786089437e-02 5.4734974034406688e-03 0.0000000000000000e+00 1
3.9442058728306022e-02 9.2101738605229466e-03 0.0000000000000000e+00 1
3.0710533544746968e-02 1.3663026905963294e-02 0.0000000000000000e+00 1
-2.8484514804854689e-02 -2.9255227675178283e-02 0.0000000000000000e+00 1
3.1899904843389034e-03 2.7484349026609955e-02 0.0000000000000000e+00 1
4.7719976709179879e-02 5.4377824669822553e-03 0.0000000000000000e+00 1
4.9151412127412843e-02 -5.5034992651178880e-03 0.0000000000000000e+00 1
-4.8502940782503022e-02 8.1514516434276679e-02 0.0000000000000000e+00 1
1.5465799707780470e-01 -1.8008671148715860e-01 0.0000000000000000e+00 1
1.6395520496566202e-01 -1.8305430605110445e-01 0.0000000000000000e+00 1
1.2433017668097847e-01 -3.8417279555508395e-03 0.0000000000000000e+00 1
-1.0789789757293231e-01 2.7587678036284518e-02 0.0000000000000000e+00 1
6.5219672918448129e-02 6.5778046213540636e-02 0.0000000000000000e+00 1
5.5411248722113365e-02 7.0573731857646510e-02 0.0000000000000000e+00 1
5.3635134823514043e-02 8.0701567379242473e-02 0.0000000000000000e+00 1
4.5456577595032910e-02 7.4723093634256124e-02 0.0000000000000000e+00 1
2.3897669900333943e-01 -1.9195579405986943e-01 0.0000000000000000e+00 1
2.4522154118292783e-01 -1.8769137196463609e-01 0.0000000000000000e+00 1
2.3252492256953100e-01 -1.9682968205955156e-01 0.0000000000000000e+00 1
2.4461550148501798e-01 -1.8010892031194622e-01 0.0000000000000000e+00 1
2.5134892685040344e-01 -1.8361679112340215e-01 0.0000000000000000e+00 1
2.5222249675127628e-01 -1.9067492914215789e-01 0.0000000000000000e+00 1
2.5816566320744860e-01 -1.8661042325553709e-01 0.0000000000000000e+00 1
2.5722011363929176e-01 -1.7842425178901158e-01 0.0000000000000000e+00 1
2.6408825405789260e-01 -1.8246330637530289e-01 0.0000000000000000e+00 1
2.4976155133105415e-01 8.2506394170840491e-02 0.0000000000000000e+00 1
2.5098119498520549e-01 7.4116276133149805e-02 0.0000000000000000e+00 1
2.4401951581967149e-01 6.9333702837644548e-02 0.0000000000000000e+00 1
2.5215121004184454e-01 6.5643280183718525e-02 0.0000000000000000e+00 1
2.6478403431482900e-01 -1.8933829574191730e-01 0.0000000000000000e+00 1
2.7049354014989130e-01 -1.8556078117357480e-01 0.0000000000000000e+00 1
2.7017382433194698e-01 -1.7895699475775662e-01 0.0000000000000000e+00 1
2.7622114587483049e-01 -1.8177319219318891e-01 0.0000000000000000e+00 1
2.7635124516708109e-01 -1.8853086087385562e-01 0.0000000000000000e+00 1
5.6500696680108813e-02 1.5332882931840344e-01 0.0000000000000000e+00 1
3.5715873820632259e-02 1.6538942551918545e-01 0.0000000000000000e+00 1
-2.8015700885333944e-01 1.5836685342621779e-01 0.0000000000000000e+00 1
-2.7092161107503299e-01 1.6691353312804644e-01 0.0000000000000000e+00 1
-2.8960784439063431e-01 1.5233890418968449e-01 0.0000000000000000e+00 1
8.3764501673261355e-02 -5.2545737312985639e-02 0.0000000000000000e+00 1
2.3040947149885210e-01 -8.9144755320857361e-02 0.0000000000000000e+00 1
2.3810127859066105e-01 -9.3366632436538796e-02 0.0000000000000000e+00 1
2.3140562817783350e-01 -9.8117931188504287e-02 0.0000000000000000e+00 1
2.3891194209884387e-01 -1.0203808264251521e-01 0.0000000000000000e+00 1
2.1217062311358781e-01 1.2368282999680813e-01 0.0000000000000000e+00 1
2.0555347945718588e-01 1.1932262278007244e-01 0.0000000000000000e+00 1
-1.3075078764146481e-02 -1.0563763828696551e-01 0.0000000000000000e+00 1
-2.1697689527306030e-01 4.1261331261992343e-02 0.0000000000000000e+00 1
-2.1000065521867564e-01 1.7446779937499107e-01 0.0000000000000000e+00 1
-1.9881479258236759e-01 1.6955744378026530e-01 0.0000000000000000e+00 1
2.7583874345683163e-01 -1.7506146049674717e-01 0.0000000000000000e+00 1
2.8183926701649703e-01 -1.7796587068140512e-01 0.0000000000000000e+00 1
2.8155668595878536e-01 -1.7140649005585154e-01 0.0000000000000000e+00 1
2.8751237250723805e-01 -1.7416454965773823e-01 0.0000000000000000e+00 1
2.8757916169628606e-01 -1.8074901234337609e-01 0.0000000000000000e+00 1
2.8710176985301616e-01 -1.6766410385025210e-01 0.0000000000000000e+00 1
2.9314690300176727e-01 -1.7040292898483350e-01 0.0000000000000000e+00 1
2.9248775991095888e-01 -1.6414454235885739e-01 0.0000000000000000e+00 1
-1.9623307582971383e-01 1.4533808797326700e-01 0.0000000000000000e+00 1
-2.8595285181251973e-01 1.1771883938789791e-01 0.0000000000000000e+00 1
-2.8466348478279324e-01 1.0695050904909820e-01 0.0000000000000000e+00 1
1.0799575151700665e-01 -5.1341554910268612e-03 0.0000000000000000e+00 1
9.9144418306306797e-02 -1.8835091577404158e-03 0.0000000000000000e+00 1
-1.9724964639842171e-01 -3.5068047358496321e-02 0.0000000000000000e+00 1
-1.8313967765256250e-01 -5.4411744203791100e-03 0.0000000000000000e+00 1
-1.1700692471687091e-01 9.7574691884968756e-02 0.0000000000000000e+00 1
-1.1885039949722009e-01 1.0945024289212282e-01 0.0000000000000000e+00 1
-7.6584503291095896e-02 -9.7903298556072077e-02 0.0000000000000000e+00 1
-3.9890350552686349e-01 6.6640036394358310e-02 0.0000000000000000e+00 1
-1.8856194580327762e-01 -2.6577093562071927e-02 0.0000000000000000e+00 1
2.3957320965964735e-01 1.0233596017590216e-01 0.0000000000000000e+00 1
2.4868517016175851e-01 9.0914369542216988e-02 0.0000000000000000e+00 1
-1.3327949975841794e-01 3.1321803649994338e-02 0.0000000000000000e+00 1
-1.4413114707782909e-01 3.8253464682379341e-02 0.0000000000000000e+00 1
2.9617526465893562e-01 -2.1549296133470532e-02 0.0000000000000000e+00 1
-6.1079589481678725e-03 -1.2372497492751751e-01 0.0000000000000000e+00 1
2.2377843596296532e-01 -1.7088078712006752e-01 0.0000000000000000e+00 1
-1.3838298062809035e-01 9.6240666680572032e-02 0.0000000000000000e+00 1
-1.8524216081766792e-01 7.5331306918895429e-03 0.0000000000000000e+00 1
-1.7138087230138743e-01 1.9448664336838482e-02 0.0000000000000000e+00 1
2.9905677478760329e-02 -1.1132664481011134e-01 0.0000000000000000e+00 1
1.3092815316973627e-01 -1.7503012640398405e-01 0.0000000000000000e+00 1
1.3897207855177462e-01 -1.7889900982500731e-01 0.0000000000000000e+00 1
-3.7800768086342175e-02 1.6599039833779278e-01 0.0000000000000000e+00 1
-4.8061254048287212e-02 1.5919066948276672e-01 0.0000000000000000e+00 1
-2.7822227680048918e-02 1.7292540357669384e-01 0.0000000000000000e+00 1
-3.9607763445632815e-01 1.0457445348230951e-01 0.0000000000000000e+00 1
-1.8113679337187943e-01 -5.6844810538919169e-02 0.0000000000000000e+00 1
-1.6744781545653609e-01 -6.0987380143149139e-02 0.0000000000000000e+00 1
-1.8835598698396841e-01 -4.8057698651967552e-02 0.0000000000000000e+00 1
-3.0849900728540286e-01 1.5413026513920899e-01 0.0000000000000000e+00 1
-3.1892214595165091e-01 1.5743600454569884e-01 0.0000000000000000e+00 1
2.0418050466056473e-01 1.2665557794287538e-01 0.0000000000000000e+00 1
1.9719725416190226e-01 1.2231050433785104e-01 0.0000000000000000e+00 1
-1.8104421438115342e-01 9.2112848472113401e-02 0.0000000000000000e+00 1
-4.0656881953725721e-01 8.5594847697496479e-02 0.0000000000000000e+00 1
-4.0573393746597730e-01 7.8046276323902625e-02 0.0000000000000000e+00 1
-2.3781725804451437e-01 3.9481357164701969e-02 0.0000000000000000e+00 1
1.2064359288505073e-01 -7.0192156765527730e-02 0.0000000000000000e+00 1
1.2151373480106367e-01 -7.9498943583840895e-02 0.0000000000000000e+00 1
1.1963436818015886e-01 -6.1190531629704968e-02 0.0000000000000000e+00 1
-5.6409090930965439e-03 1.6216636867612549e-01 0.0000000000000000e+00 1
2.1488267079928389e-02 -1.5102521517008533e-01 0.0000000000000000e+00 1
1.5156137266113270e-02 -1.4786768801407568e-01 0.0000000000000000e+00 1
3.0764827573179232e-01 -8.5458791744779730e-02 0.0000000000000000e+00 1
2.5803719362724314e-01 7.9455741517380801e-02 0.0000000000000000e+00 1
3.8179258653325276e-02 1.9790416756613530e-02 0.0000000000000000e+00 1
-1.4352672880978712e-01 -7.0005927724243300e-02 0.0000000000000000e+00 1
3.0001591000017053e-01 -6.3427397627535173e-02 0.0000000000000000e+00 1
2.9953638320461412e-01 -5.2775136913627813e-02 0.0000000000000000e+00 1
-2.0791965629060777e-01 -4.2036195587841073e-02 0.0000000000000000e+00 1
-3.3638455148379631e-01 5.7946535082841040e-02 0.0000000000000000e+00 1
-3.2804027669110447e-01 6.3922381704794889e-02 0.0000000000000000e+00 1
2.2146660308391941e-01 -7.6343269895991772e-02 0.0000000000000000e+00 1
1.7482486184445135e-02 -3.7531788690912914e-02 0.0000000000000000e+00 1
9.4634374161614316e-03 -4.4344844671786024e-02 0.0000000000000000e+00 1
1.1616258813598665e-03 -3.9863710301508905e-02 0.0000000000000000e+00 1
2.5401244607355062e-02 -3.1767380814475943e-02 0.0000000000000000e+00 1
2.5040121642382490e-01 -3.8494221575462534e-02 0.0000000000000000e+00 1
-3.5260126193194058e-01 4.0839301726549676e-02 0.0000000000000000e+00 1
-3.6027520211366282e-01 3.4259824764823782e-02 0.0000000000000000e+00 1
2.9636704243675249e-01 -3.1906250122087011e-02 0.0000000000000000e+00 1
2.3904927059655537e-01 -3.1579578456442110e-02 0.0000000000000000e+00 1
2.3062637611905257e-01 -2.9251654203958626e-02 0.0000000000000000e+00 1
-4.8189328510120671e-02 -2.0902828547227560e-02 0.0000000000000000e+00 1
-1.4768050953672532e-01 1.8198829651882023e-01 0.0000000000000000e+00 1
-1.3204528392363985e-02 -1.1410300284292405e-01 0.0000000000000000e+00 1
8.2975509072217273e-03 -1.4509812619326626e-01 0.0000000000000000e+00 1
2.3240743666635319e-01 -1.6946872883956809e-01 0.0000000000000000e+00 1
-1.3405817125808503e-01 4.4035415430542041e-02 0.0000000000000000e+00 1
-3.5734967283236535e-01 1.0586776385468472e-01 0.0000000000000000e+00 1
1.0028634202526984e-01 -1.0979074109987410e-02 0.0000000000000000e+00 1
9.3614807062376695e-02 -4.9411037656380496e-02 0.0000000000000000e+00 1
3.0764833815858295e-01 -1.0070690132126821e-01 0.0000000000000000e+00 1
2.8090421021826284e-01 -1.6433441927710193e-01 0.0000000000000000e+00 1
2.0363568922124520e-01 -4.0980641304481154e-02 0.0000000000000000e+00 1
1.1747459887733294e-01 8.0780471407752921e-02 0.0000000000000000e+00 1
2.8037318213659712e-01 -3.3702333650159691e-02 0.0000000000000000e+00 1
1.1038006997691883e-02 3.3970522673000839e-02 0.0000000000000000e+00 1
2.1237720837618376e-02 2.9456236733322434e-02 0.0000000000000000e+00 1
1.5223899228346222e-01 -1.5182143603497880e-01 0.0000000000000000e+00 1
1.1480951467726026e-01 1.2299292394966667e-01 0.0000000000000000e+00 1
-1.7597762673879860e-01 -6.9848887678913729e-02 0.0000000000000000e+00 1
-7.1328693075152091e-02 -1.1805923526804873e-02 0.0000000000000000e+00 1
3.0852487672058188e-01 -1.1065888301452083e-01 0.0000000000000000e+00 1
1.7995987738544847e-01 -1.9020668212580774e-01 0.0000000000000000e+00 1
2.0553729536790905e-01 1.1162394143414199e-01 0.0000000000000000e+00 1
3.0856514367252896e-01 -5.6864708679854242e-02 0.0000000000000000e+00 1
-3.6845773920801728e-01 1.3095416008963778e-01 0.0000000000000000e+00 1
-3.6765191663815006e-01 1.2178080915238529e-01 0.0000000000000000e+00 1
-3.7586168795506747e-01 1.2586413549425385e-01 0.0000000000000000e+00 1
2.8525425086383349e-01 1.0410752957511754e-02 0.0000000000000000e+00 1
1.4000842502022791e-02 -1.4097274462104525e-01 0.0000000000000000e+00 1
3.9888047912731706e-02 -1.4604196053141777e-01 0.0000000000000000e+00 1
4.0111964135847278e-02 -1.5312427168905182e-01 0.0000000000000000e+00 1
2.2183720584898750e-01 -1.4267486079841979e-01 0.0000000000000000e+00 1
-1.4618665030230517e-02 -9.6642252196633929e-02 0.0000000000000000e+00 1
-9.0219088420828666e-02 -2.0191239206439867e-03 0.0000000000000000e+00 1
3.9753486283416684e-02 -1.3854950919609088e-01 0.0000000000000000e+00 1
2.2427547084052854e-01 -1.5805279896846477e-01 0.0000000000000000e+00 1
-3.2516266293931495e-01 8.1567443234402959e-03 0.0000000000000000e+00 1
-3.1539471668501812e-01 1.4357408337925839e-02 0.0000000000000000e+00 1
-3.1504207349007984e-01 3.1142332839056795e-03 0.0000000000000000e+00 1
-3.0508307683152625e-01 9.4916909284665073e-03 0.0000000000000000e+00 1
-3.0490516159556202e-01 -2.0626960649658315e-03 0.0000000000000000e+00 1
-2.9484048243047339e-01 4.1687085792685543e-03 0.0000000000000000e+00 1
-2.9438376361602664e-01 -7.3520359500208760e-03 0.0000000000000000e+00 1
-2.8410436309148102e-01 -9.3535770575699413e-04 0.0000000000000000e+00 1
-7.1488676389477535e-02 9.0880699637825191e-02 0.0000000000000000e+00 1
-3.8554410881143425e-01 4.8144766007482000e-02 0.0000000000000000e+00 1
-2.8384539581074231e-01 -1.2711428477134929e-02 0.0000000000000000e+00 1
-2.7355065744465251e-01 -6.2079386526628704e-03 0.0000000000000000e+00 1
-2.7369023280191523e-01 -1.8527209469007495e-02 0.0000000000000000e+00 1
-5.2956046579590577e-02 1.3921303630528948e-02 0.0000000000000000e+00 1
-2.7436907376177261e-01 1.0201765426184439e-01 0.0000000000000000e+00 1
-3.8477220095462378e-01 5.8832480893860922e-02 0.0000000000000000e+00 1
-3.9167782650295385e-01 5.4221426864204815e-02 0.0000000000000000e+00 1
2.9959275664083024e-01 -1.6734842735232627e-01 0.0000000000000000e+00 1
2.9799223674010605e-01 -1.6071907161372179e-01 0.0000000000000000e+00 1
2.9849484110988056e-01 -1.7332579257677783e-01 0.0000000000000000e+00 1
-2.8359643047118216e-01 9.5411747948254050e-02 0.0000000000000000e+00 1
-2.9390096269214250e-01 9.9692511523702954e-02 0.0000000000000000e+00 1
-3.0299780106532892e-01 9.2301173453119695e-02 0.0000000000000000e+00 1
-3.9470638269845137e-01 9.5355144078722448e-02 0.0000000000000000e+00 1
-4.0213160505845780e-01 9.8288324450272982e-02 0.0000000000000000e+00 1
-1.1383695996652060e-01 -4.8082712383507066e-02 0.0000000000000000e+00 1
3.0368380630394687e-01 -7.1391355633544318e-02 0.0000000000000000e+00 1
4.4489997184476521e-02 -1.1709826037650431e-01 0.0000000000000000e+00 1
1.5338234952435995e-01 -1.6097645857030274e-01 0.0000000000000000e+00 1
-3.2744212432685305e-01 5.2612201167306361e-02 0.0000000000000000e+00 1
-3.3471615941800353e-01 1.3462350176660970e-01 0.0000000000000000e+00 1
2.4473667997715684e-01 6.0784835278773486e-02 0.0000000000000000e+00 1
1.8632875103433522e-01 -1.0149757803590999e-01 0.0000000000000000e+00 1
-2.7461399284354820e-01 -3.1428252222800851e-02 0.0000000000000000e+00 1
2.8177724478149291e-01 -1.8454878968695002e-01 0.0000000000000000e+00 1
2.7157022205590398e-01 -1.2544887863195706e-01 0.0000000000000000e+00 1
2.7136251793296995e-01 -1.3406789981932105e-01 0.0000000000000000e+00 1
2.4604085689041000e-01 -9.7353653683162095e-02 0.0000000000000000e+00 1
2.4676217127603617e-01 -1.0602234851496141e-01 0.0000000000000000e+00 1
2.4003602693119536e-01 -1.1092486318123136e-01 0.0000000000000000e+00 1
2.9410120618799201e-01 -1.7767153837544669e-01 0.0000000000000000e+00 1
-3.9960829603171677e-01 7.4465341003289456e-02 0.0000000000000000e+00 1
-4.9107583312384948e-02 1.7284091353575515e-01 0.0000000000000000e+00 1
-5.9078568914427490e-02 1.6461372815592035e-01 0.0000000000000000e+00 1
3.8012079611115690e-02 1.4113013175582101e-01 0.0000000000000000e+00 1
1.8849304004489267e-01 -3.1451246382339780e-02 0.0000000000000000e+00 1
-1.9159590670222913e-02 -1.2107214487541253e-01 0.0000000000000000e+00 1
1.4641244412518767e-01 -1.7467794254853322e-01 0.0000000000000000e+00 1
1.4664877018773237e-01 -1.8333886679730310e-01 0.0000000000000000e+00 1
1.3951610779685525e-01 -1.8781914628125565e-01 0.0000000000000000e+00 1
1.4962747872554810e-02 1.6570495549082834e-01 0.0000000000000000e+00 1
1.3532422660400509e-01 -5.9750312898977788e-02 0.0000000000000000e+00 1
4.6692777760144105e-02 -1.4942619120569062e-01 0.0000000000000000e+00 1
4.6486283281057583e-02 -1.5695116586304375e-01 0.0000000000000000e+00 1
5.3583332970033662e-02 -1.5333913609623651e-01 0.0000000000000000e+00 1
1.4200009214661514e-02 -1.5381403524565559e-01 0.0000000000000000e+00 1
2.6532914208119524e-01 -1.6916796766441533e-01 0.0000000000000000e+00 1
2.9097662853838058e-01 -1.5207185962709929e-01 0.0000000000000000e+00 1
-2.5111449138216535e-01 1.6902475362661895e-01 0.0000000000000000e+00 1
-3.4778232394547376e-01 9.2375838332161314e-02 0.0000000000000000e+00 1
2.8704182731949246e-01 -1.2480444690499462e-01 0.0000000000000000e+00 1
-3.3973427794940442e-01 9.8389936193567812e-02 0.0000000000000000e+00 1
-3.5983562990839868e-01 1.1581338587810376e-01 0.0000000000000000e+00 1
-2.6385033635125898e-01 9.6900748878594567e-02 0.0000000000000000e+00 1
-1.7152623008104316e-03 -2.0157402458326527e-02 0.0000000000000000e+00 1
2.4919721571655368e-02 -2.2435885643395145e-02 0.0000000000000000e+00 1
3.3633578200553377e-02 -2.6623349292321255e-02 0.0000000000000000e+00 1
4.1963909608577703e-02 -2.1364462956813865e-02 0.0000000000000000e+00 1
4.1706314912359918e-02 -1.1607849333317054e-02 0.0000000000000000e+00 1
4.9842753914901408e-02 -1.5252702907383234e-02 0.0000000000000000e+00 1
5.8414410506030315e-02 -1.0263344260887861e-02 0.0000000000000000e+00 1
5.8393313644293551e-02 -1.9980737207124691e-02 0.0000000000000000e+00 1
1.7750479153294360e-01 -8.8509201477631513e-02 0.0000000000000000e+00 1
-3.6057729906531596e-02 -1.3101297928815903e-01 0.0000000000000000e+00 1
-3.6722571864989097e-02 -1.2158971626510978e-01 0.0000000000000000e+00 1
-4.6671053468103331e-02 -1.1760870172260740e-01 0.0000000000000000e+00 1
-6.5428930164675284e-02 -1.1936494048115390e-01 0.0000000000000000e+00 1
-6.7781630740159138e-02 -1.0817406357630097e-01 0.0000000000000000e+00 1
2.2000297688095305e-01 9.6647202797244439e-02 0.0000000000000000e+00 1
2.5957826859088123e-01 -1.9447958574724436e-01 0.0000000000000000e+00 1
2.4655644718922329e-01 -1.9594410711281424e-01 0.0000000000000000e+00 1
-1.8580126467548887e-02 -3.2336566380382556e-02 0.0000000000000000e+00 1
-2.7069682390833912e-02 -3.9128252911679248e-02 0.0000000000000000e+00 1
-8.4132858038859400e-03 -3.5915914203220989e-02 0.0000000000000000e+00 1
9.2048291291715961e-02 -6.8428230520591257e-03 0.0000000000000000e+00 1
5.3721965374951205e-02 -1.4556066586271610e-01 0.0000000000000000e+00 1
6.0735773540969581e-02 -1.4975054948681582e-01 0.0000000000000000e+00 1
6.8213268480024902e-02 -1.4554199250721905e-01 0.0000000000000000e+00 1
6.8047743320907392e-02 -1.5371765228603887e-01 0.0000000000000000e+00 1
6.0238484565465586e-02 -1.5715622774563504e-01 0.0000000000000000e+00 1
6.6606603184783716e-02 -1.6286337052914676e-01 0.0000000000000000e+00 1
7.5039281964771665e-02 -1.5767754436110135e-01 0.0000000000000000e+00 1
6.8099389159236773e-02 -1.3682228069682018e-01 0.0000000000000000e+00 1
1.1238879174106581e-01 4.4229580600614382e-02 0.0000000000000000e+00 1
1.1347626373980008e-01 3.5020494355856267e-02 0.0000000000000000e+00 1
1.2147268753844029e-01 4.0761905687084522e-02 0.0000000000000000e+00 1
1.0552686100817478e-01 2.9491149683267662e-02 0.0000000000000000e+00 1
-1.9588757485571065e-01 1.3308216020794050e-01 0.0000000000000000e+00 1
2.2219050476070967e-01 1.3139366486277618e-01 0.0000000000000000e+00 1
-6.8852333462051413e-02 -6.7562591966208826e-02 0.0000000000000000e+00 1
-5.9354357907236907e-02 -7.3968224858284748e-02 0.0000000000000000e+00 1
-5.0415913626462618e-02 -6.8633776070228608e-02 0.0000000000000000e+00 1
1.8369966402123905e-01 6.4565784253631103e-02 0.0000000000000000e+00 1
1.9150728653562793e-01 6.9393718797203296e-02 0.0000000000000000e+00 1
1.9171074009376859e-01 6.0823510820357057e-02 0.0000000000000000e+00 1
1.9254418567524817e-01 5.1860095060580376e-02 0.0000000000000000e+00 1
1.9994613355997751e-01 5.7057248821903064e-02 0.0000000000000000e+00 1
2.0068815526035369e-01 4.8113694169985136e-02 0.0000000000000000e+00 1
1.2043781217459804e-01 5.0113213731434104e-02 0.0000000000000000e+00 1
9.6398292874889852e-02 3.2932071533907210e-02 0.0000000000000000e+00 1
9.7684262263386584e-02 2.3889410439444099e-02 0.0000000000000000e+00 1
8.8480614787178641e-02 2.6980097253203213e-02 0.0000000000000000e+00 1
2.5264446426663867e-01 -1.6340552487090326e-01 0.0000000000000000e+00 1
2.5370111015228569e-01 -1.7112563337211065e-01 0.0000000000000000e+00 1
2.0563700132611754e-01 -1.3582920337305515e-01 0.0000000000000000e+00 1
2.1278730227427381e-01 -1.3078283496574841e-01 0.0000000000000000e+00 1
2.5754410259578786e-01 -1.3498342814718206e-01 0.0000000000000000e+00 1
3.1304268479899998e-02 -1.5979212196302062e-01 0.0000000000000000e+00 1
7.5337331973954313e-02 6.1366685327179288e-02 0.0000000000000000e+00 1
-3.2757282959482115e-01 1.5196682115246030e-01 0.0000000000000000e+00 1
-3.3739919050156852e-01 1.4554637091124589e-01 0.0000000000000000e+00 1
1.0923091807747259e-01 7.4463859238450739e-02 0.0000000000000000e+00 1
1.2662181539259135e-01 7.6075837153020909e-02 0.0000000000000000e+00 1
1.3493858638066950e-01 8.1036311681495055e-02 0.0000000000000000e+00 1
1.2566953703006406e-01 8.6348417080211626e-02 0.0000000000000000e+00 1
1.4369694583095791e-01 8.7182334752286192e-02 0.0000000000000000e+00 1
2.5810882389497347e-01 -1.4314229299582534e-01 0.0000000000000000e+00 1
1.8290802080053717e-01 8.1754752858786361e-02 0.0000000000000000e+00 1
2.4111262969928582e-01 9.4238916256080635e-02 0.0000000000000000e+00 1
-3.9962627226135106e-01 5.8297965757674382e-02 0.0000000000000000e+00 1
-3.9854489897112411e-01 5.0513078572271553e-02 0.0000000000000000e+00 1
-3.4432576874085785e-01 1.5137468250825420e-01 0.0000000000000000e+00 1
2.3656174233159255e-01 -1.4080830251670295e-01 0.0000000000000000e+00 1
-4.0492446578530412e-02 -8.3449650100169359e-02 0.0000000000000000e+00 1
-1.3992885256318768e-02 3.1952906196861870e-02 0.0000000000000000e+00 1
-1.1919122339640740e-02 1.9850530427702656e-02 0.0000000000000000e+00 1
-2.1838204954230805e-02 1.2489932280861059e-02 0.0000000000000000e+00 1
-3.2536559634452247e-02 1.7012490193306921e-02 0.0000000000000000e+00 1
-2.1574415647794838e-02 -2.1208766516119085e-05 0.0000000000000000e+00 1
-1.0268097918327956e-01 -5.3123597282398828e-02 0.0000000000000000e+00 1
-1.4535540260857199e-01 4.8822218362277424e-02 0.0000000000000000e+00 1
-9.1572105408830706e-02 -5.8531415408779909e-02 0.0000000000000000e+00 1
-8.2229466426285161e-02 -5.1369796888767735e-02 0.0000000000000000e+00 1
-4.4921654121438497e-03 3.8085844176174055e-02 0.0000000000000000e+00 1
2.0850805730997168e-01 1.3657993855513198e-01 0.0000000000000000e+00 1
9.9771787356749311e-02 7.9155558256426173e-02 0.0000000000000000e+00 1
-2.2452600248996233e-02 -9.2293572472869873e-02 0.0000000000000000e+00 1
-1.3601364817496667e-02 -8.7264693323749573e-02 0.0000000000000000e+00 1
-2.2895535373791177e-02 -8.2607697147374259e-02 0.0000000000000000e+00 1
6.8753238700777278e-02 -1.7160279945008197e-01 0.0000000000000000e+00 1
1.7625566564521780e-01 5.9396763553323573e-02 0.0000000000000000e+00 1
1.0793026538329817e-02 9.7804474778915754e-02 0.0000000000000000e+00 1
2.1403469248064584e-02 9.2949256646129255e-02 0.0000000000000000e+00 1
1.1540287008331949e-02 8.5960533305037168e-02 0.0000000000000000e+00 1
2.2292662260034839e-02 8.1400096286825957e-02 0.0000000000000000e+00 1
3.1796179035165233e-02 8.8096098008522569e-02 0.0000000000000000e+00 1
3.3738648429344875e-02 7.6191435479961142e-02 0.0000000000000000e+00 1
3.0943613632022894e-02 9.9743162555676224e-02 0.0000000000000000e+00 1
1.3518501268804559e-01 1.5567517132650857e-01 0.0000000000000000e+00 1
1.2812457758827892e-01 1.4805189525568654e-01 0.0000000000000000e+00 1
1.3813567341896077e-01 1.4560295310424601e-01 0.0000000000000000e+00 1
1.3080866211347530e-01 1.3830263137559945e-01 0.0000000000000000e+00 1
1.4101483350906333e-01 1.3536710021013704e-01 0.0000000000000000e+00 1
1.1755920883606762e-01 1.5021466129169017e-01 0.0000000000000000e+00 1
1.4810129817786782e-01 1.4318615913036428e-01 0.0000000000000000e+00 1
1.4538162249686759e-01 1.5317807254597254e-01 0.0000000000000000e+00 1
1.5803409809256422e-01 1.4102618560760188e-01 0.0000000000000000e+00 1
1.5158090797504570e-01 1.3377706980273946e-01 0.0000000000000000e+00 1
1.6104332397438387e-01 1.3204021586513554e-01 0.0000000000000000e+00 1
1.6755881648344792e-01 1.3872714246654183e-01 0.0000000000000000e+00 1
1.7034058007434669e-01 1.2946663515840939e-01 0.0000000000000000e+00 1
1.6502329868943297e-01 1.4819998687499525e-01 0.0000000000000000e+00 1
1.1422419548382337e-01 1.6037004121119888e-01 0.0000000000000000e+00 1
1.0282397952071880e-01 1.6204219552799989e-01 0.0000000000000000e+00 1
9.8039229781849979e-02 1.1134352995763296e-01 0.0000000000000000e+00 1
-2.8872611113525365e-01 1.4206654728747989e-01 0.0000000000000000e+00 1
3.7874218790270593e-02 -1.2196827340857665e-01 0.0000000000000000e+00 1
5.2100455084055051e-02 -1.2058780668308716e-01 0.0000000000000000e+00 1
-4.7447957382713346e-02 6.9339946567132327e-02 0.0000000000000000e+00 1
7.0204267268596299e-02 1.0352634180301044e-01 0.0000000000000000e+00 1
2.1785217023457482e-01 -9.8944541583676951e-02 0.0000000000000000e+00 1
-1.2873113185352969e-01 1.0290381194684146e-01 0.0000000000000000e+00 1
-2.7117255803698986e-01 6.7045177604669381e-02 0.0000000000000000e+00 1
-2.6058015777141763e-01 6.2037116076237020e-02 0.0000000000000000e+00 1
-3.8372671205530937e-02 -2.4893497124819745e-02 0.0000000000000000e+00 1
-2.4006536897282385e-01 6.3108935241915506e-02 0.0000000000000000e+00 1
-8.6972087116832977e-02 -1.1103339914613763e-01 0.0000000000000000e+00 1
-8.7592817156957797e-02 -1.0114204424339447e-01 0.0000000000000000e+00 1
-9.9017636903480560e-02 -9.5898713754274875e-02 0.0000000000000000e+00 1
-1.1264398937405397e-01 -9.5979825344008229e-02 0.0000000000000000e+00 1
4.6402294907141262e-02 -1.6454495502063041e-01 0.0000000000000000e+00 1
-1.2515551764794339e-01 -4.3020899520963447e-02 0.0000000000000000e+00 1
1.7682213773622008e-01 1.3641610227136922e-01 0.0000000000000000e+00 1
1.7932852678037417e-01 1.2709540160414795e-01 0.0000000000000000e+00 1
1.8588717612356193e-01 1.3403862112246423e-01 0.0000000000000000e+00 1
1.8835120801910224e-01 1.2451994558295988e-01 0.0000000000000000e+00 1
1.9177156293825384e-01 1.1616416342868824e-01 0.0000000000000000e+00 1
-7.4400928326956217e-02 2.4016645428413429e-02 0.0000000000000000e+00 1
1.7439503734961903e-01 1.4563472989309104e-01 0.0000000000000000e+00 1
3.0103286821477226e-01 -1.1527510388268077e-01 0.0000000000000000e+00 1
3.0161374019262593e-01 -1.2377191040157698e-01 0.0000000000000000e+00 1
-1.6281910102074709e-01 -7.2653333961308728e-02 0.0000000000000000e+00 1
1.0367083011445462e-01 -1.1265762570119911e-01 0.0000000000000000e+00 1
1.0442154126903998e-01 -1.2135882251371052e-01 0.0000000000000000e+00 1
1.1227965851851009e-01 -1.2506431218898839e-01 0.0000000000000000e+00 1
1.0485932915595889e-01 -1.2984984404708472e-01 0.0000000000000000e+00 1
9.6393407022918667e-02 -1.1751502885906669e-01 0.0000000000000000e+00 1
-2.9122068125963801e-01 1.6370573693760143e-01 0.0000000000000000e+00 1
2.3670721690289559e-01 -1.7642564321011589e-01 0.0000000000000000e+00 1
2.1737804039249900e-01 -1.6497989903359489e-01 0.0000000000000000e+00 1
1.2961235194407644e-01 -8.3064452285877111e-02 0.0000000000000000e+00 1
1.2284394666907479e-01 -8.8467944026270118e-02 0.0000000000000000e+00 1
1.1497525886463331e-01 -8.4880445730816892e-02 0.0000000000000000e+00 1
2.2500837125809650e-01 -1.9307327250956419e-01 0.0000000000000000e+00 1
-2.4953668253100517e-01 5.6613615233154953e-02 0.0000000000000000e+00 1
-2.9617573391226598e-01 -1.9606449225504891e-02 0.0000000000000000e+00 1
1.2758273123311664e-01 -1.2401062098815187e-01 0.0000000000000000e+00 1
1.2823487568787320e-01 -1.3274141367583289e-01 0.0000000000000000e+00 1
1.2023133290116989e-01 -1.2886435330315960e-01 0.0000000000000000e+00 1
1.2067452178586949e-01 -1.3746765121472534e-01 0.0000000000000000e+00 1
2.7061228161023099e-01 4.9131683006361310e-02 0.0000000000000000e+00 1
2.6252593838038718e-01 5.2989716628762173e-02 0.0000000000000000e+00 1
2.6991205054464867e-01 5.7691189046125912e-02 0.0000000000000000e+00 1
2.6156301825713624e-01 6.1817797118161877e-02 0.0000000000000000e+00 1
2.5399890479014542e-01 5.6796070647020552e-02 0.0000000000000000e+00 1
2.6002760967063598e-01 7.0536992256089073e-02 0.0000000000000000e+00 1
2.5501989786523582e-01 4.7821273560163947e-02 0.0000000000000000e+00 1
1.7697450971812079e-01 -7.9311832336634289e-02 0.0000000000000000e+00 1
6.8069986050122280e-02 1.6901412085770962e-01 0.0000000000000000e+00 1
7.9996810784122241e-02 1.6735977445541084e-01 0.0000000000000000e+00 1
9.5696115138872329e-02 -1.0886302264860710e-01 0.0000000000000000e+00 1
1.9009755771082126e-01 -5.0794428297045016e-02 0.0000000000000000e+00 1
1.4608254133835047e-01 -9.0797305218389968e-02 0.0000000000000000e+00 1
1.3923027509239599e-01 -9.5938592711150600e-02 0.0000000000000000e+00 1
7.7600308593830949e-02 1.3186232238133205e-01 0.0000000000000000e+00 1
-3.8211762187025339e-01 1.1380131104154648e-01 0.0000000000000000e+00 1
1.9433902468858139e-01 -1.8015725495949356e-01 0.0000000000000000e+00 1
1.9557022603678959e-01 -1.8876902343960747e-01 0.0000000000000000e+00 1
2.0347216069059626e-01 -1.9248829122427780e-01 0.0000000000000000e+00 1
-2.4175323430043505e-01 1.7587997235514574e-01 0.0000000000000000e+00 1
8.5246575773567007e-02 -7.8892237919915342e-02 0.0000000000000000e+00 1
7.8195339226167615e-02 -8.3987834298251587e-02 0.0000000000000000e+00 1
2.3989918390571272e-02 -7.6573001896140691e-02 0.0000000000000000e+00 1
3.2010163869774316e-02 -8.0238275758007405e-02 0.0000000000000000e+00 1
2.4615761517964827e-02 -8.5188059480173606e-02 0.0000000000000000e+00 1
1.6653800319136020e-02 -8.1432149488708971e-02 0.0000000000000000e+00 1
3.2700746429048799e-02 -8.8949835659131060e-02 0.0000000000000000e+00 1
2.5740154101521199e-02 -9.3675865247798612e-02 0.0000000000000000e+00 1
2.7153735086005625e-02 -1.0321708109330480e-01 0.0000000000000000e+00 1
1.8575671823532022e-02 -1.0657306485288623e-01 0.0000000000000000e+00 1
-1.7480434285615426e-01 1.2255567958411269e-01 0.0000000000000000e+00 1
2.4431174673700054e-01 1.4319214342675603e-03 0.0000000000000000e+00 1
-1.3305172375471142e-01 -7.6644568878798558e-02 0.0000000000000000e+00 1
-1.4409076960340061e-01 -8.1104464756788730e-02 0.0000000000000000e+00 1
-1.2038769606096815e-01 -8.4022916549566881e-02 0.0000000000000000e+00 1
-1.9667850859377478e-01 5.4741541391609749e-02 0.0000000000000000e+00 1
1.2575549628968027e-01 -4.6247659854397195e-02 0.0000000000000000e+00 1
1.1828101637783535e-01 -5.1623503636760978e-02 0.0000000000000000e+00 1
1.0969886626544596e-01 -4.7265337814377820e-02 0.0000000000000000e+00 1
1.0945327318332272e-01 -5.7014745163716109e-02 0.0000000000000000e+00 1
8.4277030612336018e-02 -3.5252889121868122e-02 0.0000000000000000e+00 1
2.2076505770675695e-01 -1.3424286749605502e-01 0.0000000000000000e+00 1
1.8583196424988493e-01 -9.2365666672769603e-02 0.0000000000000000e+00 1
1.9497912254684574e-01 -1.0519501175937088e-01 0.0000000000000000e+00 1
-4.2264295749364356e-02 9.3399212497122033e-03 0.0000000000000000e+00 1
-5.4095744769376043e-02 2.6041007493808326e-02 0.0000000000000000e+00 1
1.8403782148287234e-02 1.2809364907718662e-01 0.0000000000000000e+00 1
-3.1737867238458750e-01 -8.4484921169510237e-03 0.0000000000000000e+00 1
8.9270167784134838e-02 1.8091758641096488e-02 0.0000000000000000e+00 1
1.1671885907911074e-01 -9.5536730865484146e-03 0.0000000000000000e+00 1
2.7174576048001842e-01 -2.9537075966835996e-02 0.0000000000000000e+00 1
2.6384388008362347e-01 -3.4715507719624894e-02 0.0000000000000000e+00 1
1.0878090631513826e-01 -3.8148184109291286e-02 0.0000000000000000e+00 1
9.6406473126730359e-04 9.0880396593104110e-02 0.0000000000000000e+00 1
8.4872681191306171e-02 -1.7662826030265180e-01 0.0000000000000000e+00 1
8.3277621563387860e-02 -1.6860822164127748e-01 0.0000000000000000e+00 1
9.1572719621753174e-02 -1.7194952031214722e-01 0.0000000000000000e+00 1
2.3056594282420173e-01 5.9004418412530818e-02 0.0000000000000000e+00 1
3.1124802426131154e-01 -7.6649085094800687e-02 0.0000000000000000e+00 1
2.7122305542854397e-01 -1.1711865805470162e-01 0.0000000000000000e+00 1
-6.3293388957091565e-03 -8.0217328654014902e-02 0.0000000000000000e+00 1
2.4566384017572085e-01 -8.8310742904648909e-02 0.0000000000000000e+00 1
-2.5399575982758449e-01 -6.5360025006869927e-03 0.0000000000000000e+00 1
1.8834085637443601e-01 1.3556971099122749e-03 0.0000000000000000e+00 1
1.8757607448165159e-01 1.0476050455942626e-02 0.0000000000000000e+00 1
1.7932314306412728e-01 1.4378451278367477e-02 0.0000000000000000e+00 1
1.8688732123295157e-01 1.9568057947777620e-02 0.0000000000000000e+00 1
1.9512783074862089e-01 1.5659120810724972e-02 0.0000000000000000e+00 1
1.7173701644395992e-01 9.2261286485145269e-03 0.0000000000000000e+00 1
1.7105034343660913e-01 1.8327569817085467e-02 0.0000000000000000e+00 1
6.8434040497859436e-02 -4.5790281567081245e-02 0.0000000000000000e+00 1
6.1019728091666406e-02 -5.1019145694402079e-02 0.0000000000000000e+00 1
6.1418399672853986e-02 -5.9590009649977800e-02 0.0000000000000000e+00 1
9.6864339678599434e-02 -1.2601524199028014e-01 0.0000000000000000e+00 1
1.6343711269493691e-01 1.3201640489387333e-02 0.0000000000000000e+00 1
1.6275649517985616e-01 2.2357022440730671e-02 0.0000000000000000e+00 1
1.5451645741959208e-01 2.6340346684344623e-02 0.0000000000000000e+00 1
1.6231834364741565e-01 3.1385148799676216e-02 0.0000000000000000e+00 1
3.8678413375711561e-02 -6.6363323188184040e-02 0.0000000000000000e+00 1
3.1059617966289785e-02 -1.1948505274884114e-01 0.0000000000000000e+00 1
1.4677288590554805e-01 2.1207527151912771e-02 0.0000000000000000e+00 1
1.4635249552258728e-01 3.0239648999866527e-02 0.0000000000000000e+00 1
1.5942923014871188e-01 -6.2166227800482365e-02 0.0000000000000000e+00 1
1.6558737214487704e-01 -3.8325906771951641e-02 0.0000000000000000e+00 1
1.6486243180719512e-01 -2.9038913359288501e-02 0.0000000000000000e+00 1
1.5634342451825561e-01 -2.5262753076735478e-02 0.0000000000000000e+00 1
1.6418648042439804e-01 -1.9690565877775186e-02 0.0000000000000000e+00 1
1.7331951648038602e-01 -2.5053386117720240e-02 0.0000000000000000e+00 1
1.4875328649523473e-01 -3.0269539662971606e-02 0.0000000000000000e+00 1
1.4788269118532968e-01 -2.1292931672340989e-02 0.0000000000000000e+00 1
1.3945163387270387e-01 -1.7254605033317303e-02 0.0000000000000000e+00 1
1.4723001358399498e-01 -1.1664168772843053e-02 0.0000000000000000e+00 1
6.1108662340667891e-02 -1.6930877428013774e-01 0.0000000000000000e+00 1
2.4440680370908152e-01 -7.0205552038556857e-02 0.0000000000000000e+00 1
2.5266082507701593e-01 -7.4182435545189690e-02 0.0000000000000000e+00 1
1.9592451017560447e-01 6.5397028243305401e-03 0.0000000000000000e+00 1
2.0417686532328105e-01 2.6302192618149721e-03 0.0000000000000000e+00 1
2.0985773842479480e-01 -1.8715007775324100e-01 0.0000000000000000e+00 1
5.8997329830633785e-02 -1.1600449205963978e-01 0.0000000000000000e+00 1
1.5141201072421601e-01 -1.3493109151814436e-01 0.0000000000000000e+00 1
-9.2941071023622826e-02 8.7819721954384450e-02 0.0000000000000000e+00 1
-1.2124476046887120e-01 2.6167909209563776e-02 0.0000000000000000e+00 1
2.2893450157756801e-01 7.6280105223222677e-02 0.0000000000000000e+00 1
2.0497371152329436e-01 -6.5315880749850751e-03 0.0000000000000000e+00 1
-1.3790070094093826e-01 -2.5543622628048782e-02 0.0000000000000000e+00 1
2.2089417267158076e-01 -6.7010119707163654e-02 0.0000000000000000e+00 1
-1.9426294128332189e-01 2.9737012848169653e-02 0.0000000000000000e+00 1
-2.0553010684482681e-01 3.5754881686995359e-02 0.0000000000000000e+00 1
3.0295753116851631e-01 -1.3587988894759612e-01 0.0000000000000000e+00 1
1.6651609914076038e-01 8.0637505013956001e-02 0.0000000000000000e+00 1
1.3175748168696821e-01 -2.2139287664730650e-02 0.0000000000000000e+00 1
1.3136052687182656e-01 -1.3930356162455425e-02 0.0000000000000000e+00 1
-7.5598665634080339e-02 1.1389614732819345e-01 0.0000000000000000e+00 1
-1.3419587340480055e-01 1.5215408245652695e-01 0.0000000000000000e+00 1
-1.2393367472905825e-01 1.5957163583224204e-01 0.0000000000000000e+00 1
-1.6001020508974523e-01 9.4214650300557493e-02 0.0000000000000000e+00 1
2.1774431501676178e-01 3.1029544816365592e-02 0.0000000000000000e+00 1
2.2591899602263749e-01 2.7222584510982511e-02 0.0000000000000000e+00 1
-1.2017391435925731e-01 1.2186905007933177e-01 0.0000000000000000e+00 1
1.1954966616397134e-01 -1.2017001043682649e-01 0.0000000000000000e+00 1
1.9362483525388363e-01 -8.7135603470604131e-02 0.0000000000000000e+00 1
-3.3853490620651433e-01 2.9706925943246338e-03 0.0000000000000000e+00 1
-3.4545737333727372e-01 1.1773199634036412e-02 0.0000000000000000e+00 1
1.2877511134354583e-01 -1.4918703906254530e-01 0.0000000000000000e+00 1
8.7417965524634704e-03 1.7817481218188705e-01 0.0000000000000000e+00 1
2.1255627544584565e-01 -1.3434693682708113e-03 0.0000000000000000e+00 1
-2.1370491624245713e-01 1.9399467883986981e-02 0.0000000000000000e+00 1
7.2172161660161355e-02 -9.7949733779959941e-02 0.0000000000000000e+00 1
2.2992373340373867e-01 -1.8651251351410339e-02 0.0000000000000000e+00 1
-5.2210478592630505e-02 1.0405454283335039e-01 0.0000000000000000e+00 1
2.1871731500922079e-01 -3.9156828898602579e-02 0.0000000000000000e+00 1
-2.5794990504400694e-01 1.3843270373969424e-01 0.0000000000000000e+00 1
-2.0450194598828064e-01 -6.3993145034571680e-02 0.0000000000000000e+00 1
3.2046068931843030e-02 6.4295072628095778e-02 0.0000000000000000e+00 1
-3.6865166680921979e-01 3.9433698942123986e-02 0.0000000000000000e+00 1
-3.7594970966986041e-01 3.4268163587163031e-02 0.0000000000000000e+00 1
2.5431181156732369e-01 -1.0104289682173380e-01 0.0000000000000000e+00 1
2.3483429828705316e-01 -4.7749039436867792e-02 0.0000000000000000e+00 1
1.7059312168810326e-01 2.7356276829153460e-02 0.0000000000000000e+00 1
-2.2848562938606370e-01 -5.2403587482066416e-02 0.0000000000000000e+00 1
-2.2041432196075994e-01 1.7860265386896337e-01 0.0000000000000000e+00 1
2.0464725041292531e-01 -5.9219687559240418e-02 0.0000000000000000e+00 1
8.6219552592470966e-02 -8.7708872783097205e-02 0.0000000000000000e+00 1
1.4015096250812063e-02 2.2792070130005096e-03 0.0000000000000000e+00 1
-1.5185288967242708e-01 4.7587604399187437e-03 0.0000000000000000e+00 1
2.2672797562229341e-01 1.8189387750919557e-02 0.0000000000000000e+00 1
2.3491966424567826e-01 1.4399461577565397e-02 0.0000000000000000e+00 1
-1.6177658363807812e-01 2.6316625075370151e-02 0.0000000000000000e+00 1
1.0697896560863340e-01 -1.6375257690222367e-01 0.0000000000000000e+00 1
1.0685879663734843e-01 -1.7377451848591033e-01 0.0000000000000000e+00 1
1.1606952410398913e-01 -1.7677015268962107e-01 0.0000000000000000e+00 1
9.9695420029716125e-02 -1.6862701391465015e-01 0.0000000000000000e+00 1
9.8766995010251241e-02 -1.5968768617799692e-01 0.0000000000000000e+00 1
2.7602944086060849e-01 -6.8034772566708451e-02 0.0000000000000000e+00 1
2.1843639061221859e-01 -1.0787565785913875e-01 0.0000000000000000e+00 1
1.6930817579746005e-01 -8.4533143256927068e-02 0.0000000000000000e+00 1
6.2474474938025895e-02 1.9732041413180988e-02 0.0000000000000000e+00 1
5.4461592490158812e-02 1.3459371621684304e-02 0.0000000000000000e+00 1
1.4576028157603765e-01 -1.6570370509184565e-01 0.0000000000000000e+00 1
2.1126090259703595e-01 -1.9533123369555899e-01 0.0000000000000000e+00 1
1.9653988850034179e-01 -1.9899481176154021e-01 0.0000000000000000e+00 1
-8.9235661028495339e-02 1.4388626200105992e-01 0.0000000000000000e+00 1
-9.0397389958174978e-02 1.5654397354577049e-01 0.0000000000000000e+00 1
-1.0187471247496280e-01 1.6168127163101467e-01 0.0000000000000000e+00 1
-9.1560824757316334e-02 1.6925524375523548e-01 0.0000000000000000e+00 1
-8.0189557876688175e-02 1.6369903107410719e-01 0.0000000000000000e+00 1
-8.1108503303839660e-02 1.7649817418886785e-01 0.0000000000000000e+00 1
-9.3240360023661942e-02 1.8127978496266439e-01 0.0000000000000000e+00 1
2.3588980861963588e-01 5.2824319331690670e-03 0.0000000000000000e+00 1
1.8294725128447953e-01 -5.5735963702321506e-02 0.0000000000000000e+00 1
1.5192461774111266e-01 -6.7504941354431761e-02 0.0000000000000000e+00 1
1.1871440387966903e-01 -1.8571554308451288e-01 0.0000000000000000e+00 1
-1.1927481435451573e-01 1.3136340850204503e-03 0.0000000000000000e+00 1
-1.1111484468208926e-01 8.4288399066809357e-03 0.0000000000000000e+00 1
-1.1226991873263709e-01 7.5174347292579907e-02 0.0000000000000000e+00 1
-3.0719130083434470e-01 3.1105692995244183e-02 0.0000000000000000e+00 1
-1.0857228591641324e-01 1.1663740972464101e-01 0.0000000000000000e+00 1
2.5430019865199016e-01 -2.0906873428227980e-02 0.0000000000000000e+00 1
-1.6381632873095667e-01 5.1715167961150457e-02 0.0000000000000000e+00 1
2.6070375916713396e-02 -4.0985196458651126e-02 0.0000000000000000e+00 1
2.5892423112521706e-01 -5.0777088501408246e-02 0.0000000000000000e+00 1
-1.0820826087775151e-01 3.9761997004059670e-02 0.0000000000000000e+00 1
-2.4037665006528794e-01 -4.7193310056779215e-02 0.0000000000000000e+00 1
4.2136980330129178e-02 -9.2295439458135509e-02 0.0000000000000000e+00 1
1.7112546084876296e-01 -1.7810763629395265e-01 0.0000000000000000e+00 1
2.0351345104497393e-01 1.1704606024570057e-02 0.0000000000000000e+00 1
-1.1220838387533422e-01 1.5421445818318780e-01 0.0000000000000000e+00 1
8.3528061114009330e-02 -1.5228768484526212e-01 0.0000000000000000e+00 1
7.5682406041127054e-02 -1.4898647300987100e-01 0.0000000000000000e+00 1
-2.6497987488981434e-01 1.0858620287391875e-01 0.0000000000000000e+00 1
-1.5687591120235014e-01 -5.3170939756177073e-02 0.0000000000000000e+00 1
-1.4207859547514587e-01 1.1974497724173090e-01 0.0000000000000000e+00 1
2.1999389097905242e-01 1.0470441680274835e-01 0.0000000000000000e+00 1
1.1015473009986604e-01 -1.8334343466648514e-01 0.0000000000000000e+00 1
1.2920753636118043e-01 4.6281017407928011e-02 0.0000000000000000e+00 1
1.9586891036324192e-01 1.3141293292012082e-01 0.0000000000000000e+00 1
-4.1919505227443503e-04 -3.0117634299592317e-02 0.0000000000000000e+00 1
-6.6618224792556425e-03 -4.6403716471358172e-02 0.0000000000000000e+00 1
-2.3257565634222899e-01 -6.1305312496523837e-03 0.0000000000000000e+00 1
2.8312953092537957e-01 1.9638868361355775e-02 0.0000000000000000e+00 1
-7.9025397899954275e-02 1.5095055950674161e-01 0.0000000000000000e+00 1
1.2299136607566177e-01 -1.7132689178325214e-01 0.0000000000000000e+00 1
1.5728998299427599e-01 -1.1290912105087508e-01 0.0000000000000000e+00 1
1.7373738186486301e-01 -1.2021253849656202e-01 0.0000000000000000e+00 1
-1.0368478571631812e-01 1.7387209047971491e-01 0.0000000000000000e+00 1
-1.1631254082373252e-01 1.7802661227732403e-01 0.0000000000000000e+00 1
2.0819796706847593e-01 5.3010555131783717e-02 0.0000000000000000e+00 1
-2.2817347493047524e-01 1.4778057426104943e-01 0.0000000000000000e+00 1
1.3002880500786948e-01 3.7118557865225346e-02 0.0000000000000000e+00 1
-2.0794520947685691e-01 5.9939478235958674e-02 0.0000000000000000e+00 1
1.3204369825906095e-01 1.6909714594155020e-03 0.0000000000000000e+00 1
1.8175981499999125e-01 -1.2405227074802708e-01 0.0000000000000000e+00 1
7.5059073815743588e-02 -1.6608709478812833e-01 0.0000000000000000e+00 1
-1.6264004691659900e-01 1.1239596911952074e-02 0.0000000000000000e+00 1
-1.7028291363290729e-01 -2.2543990787064379e-02 0.0000000000000000e+00 1
-7.5780803094253640e-02 3.6231841082014785e-02 0.0000000000000000e+00 1
2.8661272031582524e-01 3.4907355335309316e-02 0.0000000000000000e+00 1
2.7085676187396551e-01 -1.9208641106918148e-01 0.0000000000000000e+00 1
2.7665768251048856e-01 -1.9585986157347882e-01 0.0000000000000000e+00 1
-5.7347851615669021e-02 6.2533552594706193e-02 0.0000000000000000e+00 1
-3.6792383125548903e-02 6.4057257525615641e-02 0.0000000000000000e+00 1
-3.8703846511621476e-01 9.1793108290349673e-02 0.0000000000000000e+00 1
-5.6501492283664724e-02 1.8504013597351887e-01 0.0000000000000000e+00 1
2.9220958760727644e-01 1.7190620352215628e-02 0.0000000000000000e+00 1
2.8805599138608723e-01 6.1092864390864629e-04 0.0000000000000000e+00 1
2.9794354266482348e-01 -1.0268422546787853e-03 0.0000000000000000e+00 1
2.5328231032871962e-01 -8.3221851370973668e-02 0.0000000000000000e+00 1
2.6868543016671476e-01 6.5850758872745885e-02 0.0000000000000000e+00 1
-2.2755020980802291e-02 1.2474323623406836e-01 0.0000000000000000e+00 1
2.6894693158756788e-01 -1.0533167915765789e-03 0.0000000000000000e+00 1
-2.7519829275260570e-02 -1.2592947386432315e-01 0.0000000000000000e+00 1
-1.9959183256056723e-01 -9.7357670362797303e-03 0.0000000000000000e+00 1
2.4813146477150017e-01 -1.1472816646469948e-01 0.0000000000000000e+00 1
1.4362744265154764e-01 -6.3666906535096379e-02 0.0000000000000000e+00 1
1.7683710177896966e-01 -1.5556042636088338e-01 0.0000000000000000e+00 1
2.2225762298502727e-01 -2.4014952107747848e-02 0.0000000000000000e+00 1
-1.3066622417872722e-01 1.1454833918243737e-01 0.0000000000000000e+00 1
1.7198605181815385e-01 -1.8647299252084387e-01 0.0000000000000000e+00 1
-2.6880240846450432e-01 4.5034474130527170e-02 0.0000000000000000e+00 1
1.4267466368194354e-01 -5.4181887476559561e-02 0.0000000000000000e+00 1
-2.1975054090366497e-01 -3.5997466780898692e-02 0.0000000000000000e+00 1
1.9916228742203543e-01 -1.4942529967313492e-01 0.0000000000000000e+00 1
-8.9276145516165001e-02 6.5307866020574187e-02 0.0000000000000000e+00 1
2.2503531521932152e-01 3.6178339801078305e-02 0.0000000000000000e+00 1
8.1274849050100212e-02 -1.1848076213522035e-01 0.0000000000000000e+00 1
-1.5592996464760414e-01 1.4986202794534190e-01 0.0000000000000000e+00 1
1.9350719338604383e-01 -1.7160496944794340e-01 0.0000000000000000e+00 1
-4.5004715666146111e-02 1.3510287658824011e-01 0.0000000000000000e+00 1
1.1446980469065687e-01 1.8473712220380210e-02 0.0000000000000000e+00 1
-3.7799209057412375e-01 7.1293622351046332e-02 0.0000000000000000e+00 1
-6.7651956706682129e-02 1.4553991706205788e-01 0.0000000000000000e+00 1
4.4542632081030542e-02 2.7002928841389405e-02 0.0000000000000000e+00 1
-1.9755592658102406e-01 1.5745308142465411e-01 0.0000000000000000e+00 1
4.7990213038692567e-02 1.6091231181307758e-01 0.0000000000000000e+00 1
5.7508662937870811e-02 5.9958262655767772e-02 0.0000000000000000e+00 1
-2.5920623593357561e-01 1.4988405941075456e-01 0.0000000000000000e+00 1
1.9878591215596636e-01 8.2437888356960157e-02 0.0000000000000000e+00 1
2.8358981550202356e-01 4.3672165976191391e-02 0.0000000000000000e+00 1
-2.9869126328214285e-01 1.3910535431571389e-01 0.0000000000000000e+00 1
8.4951723289746844e-02 5.7211321664517638e-02 0.0000000000000000e+00 1
9.2722859518843959e-02 6.3328759838127621e-02 0.0000000000000000e+00 1
2.9090505356829099e-01 -4.8449025521183797e-02 0.0000000000000000e+00 1
9.8621168022512667e-02 7.2449806883416994e-03 0.0000000000000000e+00 1
1.5218781035393375e-01 6.2098513452478445e-02 0.0000000000000000e+00 1
1.4382763919639241e-01 6.6161939845747808e-02 0.0000000000000000e+00 1
-2.5084279501831136e-01 6.8372141490183364e-02 0.0000000000000000e+00 1
-2.2951702115510070e-01 1.5951271246179308e-01 0.0000000000000000e+00 1
1.2265288552802626e-02 7.4324661719569862e-02 0.0000000000000000e+00 1
-2.4369758643757750e-01 -5.8237928348205473e-04 0.0000000000000000e+00 1
2.8999296612804837e-01 -3.8793992715528129e-02 0.0000000000000000e+00 1
1.4135656790491480e-01 9.8683701541812427e-02 0.0000000000000000e+00 1
1.9474122135619543e-01 2.4633809475385550e-02 0.0000000000000000e+00 1
4.2788967854275703e-02 -3.5901360905752563e-02 0.0000000000000000e+00 1
-1.5469856650383598e-01 -6.4874275063504960e-02 0.0000000000000000e+00 1
-2.3530852348692080e-01 1.1723806648769014e-01 0.0000000000000000e+00 1
-4.0762955658937816e-01 1.0696743472915490e-01 0.0000000000000000e+00 1
-3.2523757826155986e-01 1.3066804271910382e-01 0.0000000000000000e+00 1
-2.9077004406213169e-01 6.5622732958964966e-02 0.0000000000000000e+00 1
2.7746956032094328e-01 -9.5004825333667359e-02 0.0000000000000000e+00 1
-1.7221291929193357e-02 1.8028358978283857e-01 0.0000000000000000e+00 1
-3.5800867537078292e-02 5.2447341798333082e-02 0.0000000000000000e+00 1
7.1161572577156749e-03 -6.0110897251158757e-02 0.0000000000000000e+00 1
1.6202303012768704e-01 -1.9558114046215005e-01 0.0000000000000000e+00 1
-1.6852133850097002e-02 1.6726365388465680e-01 0.0000000000000000e+00 1
2.7800715546772187e-01 -4.9430785616748395e-03 0.0000000000000000e+00 1
-1.1865429289229491e-02 1.1956087839539475e-01 0.0000000000000000e+00 1
1.7600539792907599e-01 -1.4673295529562749e-01 0.0000000000000000e+00 1
-2.8928009527820114e-01 1.2977444414015035e-01 0.0000000000000000e+00 1
-2.0678634583122982e-01 4.7769935606211740e-02 0.0000000000000000e+00 1
2.8133577219329707e-02 1.3456804672152722e-01 0.0000000000000000e+00 1
-2.6658868344457715e-01 1.7874747283209164e-01 0.0000000000000000e+00 1
-3.0002499979935537e-02 9.3927005882807779e-02 0.0000000000000000e+00 1
-1.0419514718025533e-01 -4.0479201890272674e-02 0.0000000000000000e+00 1
1.6621258998048377e-01 9.7210062095575200e-02 0.0000000000000000e+00 1
1.2682707196234860e-01 -5.5674672267097144e-02 0.0000000000000000e+00 1
5.6377162993662923e-03 1.5738771612693769e-01 0.0000000000000000e+00 1
8.5955155417429832e-02 1.4851383281219124e-01 0.0000000000000000e+00 1
2.3743035145509656e-01 -1.4883368704792815e-01 0.0000000000000000e+00 1
-2.3706432540227189e-02 -7.2738735985181685e-02 0.0000000000000000e+00 1
4.8951626808374733e-02 1.2423797407109086e-01 0.0000000000000000e+00 1
-1.8422416099259348e-01 1.8886052103330653e-01 0.0000000000000000e+00 1
-1.5912142002915655e-01 1.8860802565444082e-01 0.0000000000000000e+00 1
1.5617660956581517e-01 1.1906414573453779e-01 0.0000000000000000e+00 1
-2.9836443603257962e-01 1.5645235838593305e-01 0.0000000000000000e+00 1
-2.6547488447333928e-01 1.0508101466772663e-02 0.0000000000000000e+00 1
1.6780913381991058e-01 -1.4296006129582306e-01 0.0000000000000000e+00 1
2.8525138445307180e-01 -9.8928859758587243e-02 0.0000000000000000e+00 1
-5.5142416353043656e-02 -1.2362925828027638e-01 0.0000000000000000e+00 1
1.7560190974317928e-02 -8.9867669083248808e-02 0.0000000000000000e+00 1
6.8748726780722386e-02 4.5340272567076442e-02 0.0000000000000000e+00 1
1.8775556138427235e-01 -1.1040614626832042e-01 0.0000000000000000e+00 1
8.6757802628276010e-02 1.3785026208504447e-01 0.0000000000000000e+00 1
1.8657593661224275e-01 2.8504651258246624e-02 0.0000000000000000e+00 1
2.1710147721273824e-02 1.8391105942909387e-02 0.0000000000000000e+00 1
-2.6055426894514894e-01 1.6121903329399073e-01 0.0000000000000000e+00 1
2.0652714092107319e-01 7.8707812659372878e-02 0.0000000000000000e+00 1
2.7646158013130401e-01 -7.7104749692567143e-02 0.0000000000000000e+00 1
-2.8669438536403047e-01 2.1028397554696831e-02 0.0000000000000000e+00 1
1.7228493800719907e-01 1.2049513603516201e-01 0.0000000000000000e+00 1
-1.3572811048675532e-01 1.6456720638891392e-01 0.0000000000000000e+00 1
-3.5396271498363807e-01 6.7710110495040304e-02 0.0000000000000000e+00 1
6.4424970745156268e-02 -9.4487662287643284e-02 0.0000000000000000e+00 1
3.9551351983343447e-02 -7.5092909436772423e-02 0.0000000000000000e+00 1
-1.4573615616993732e-01 1.5720959709833671e-01 0.0000000000000000e+00 1
8.9098234582961525e-02 -1.2223541834633085e-01 0.0000000000000000e+00 1
1.6013402809267602e-01 -1.4775805737286551e-01 0.0000000000000000e+00 1
1.9235253849169764e-01 1.4046047909667234e-01 0.0000000000000000e+00 1
-1.2657858773632749e-01 -3.0523275123692843e-02 0.0000000000000000e+00 1
2.3311281694180919e-01 3.2397001840217765e-02 0.0000000000000000e+00 1
6.3716323637526676e-02 9.1932212425963264e-03 0.0000000000000000e+00 1
2.6928483495879071e-03 6.7550239474937407e-02 0.0000000000000000e+00 1
-3.1628792912149922e-01 2.5155821462034655e-02 0.0000000000000000e+00 1
1.9603402863658265e-01 -1.1405469974152027e-01 0.0000000000000000e+00 1
1.4459216744144424e-02 -5.3470701822245080e-02 0.0000000000000000e+00 1
-3.1396128263550643e-01 1.0635832784832036e-01 0.0000000000000000e+00 1
7.1640209385383777e-02 9.2887978475825694e-02 0.0000000000000000e+00 1
-6.3647100452228073e-02 1.8894342705582878e-02 0.0000000000000000e+00 1
9.9045941334999069e-02 8.9707688118266612e-02 0.0000000000000000e+00 1
9.8403618773127491e-02 1.0036090864368637e-01 0.0000000000000000e+00 1
-3.5619381409595174e-01 9.6490682256216154e-02 0.0000000000000000e+00 1
1.9965497755242972e-01 6.5565994982904538e-02 0.0000000000000000e+00 1
1.9844887862900776e-01 -1.4066416576442278e-01 0.0000000000000000e+00 1
-2.9551105749173373e-01 1.0993926864182214e-01 0.0000000000000000e+00 1
2.4947389930763803e-01 2.4817722169725082e-02 0.0000000000000000e+00 1
2.7319357192846816e-01 -3.9493003896671389e-02 0.0000000000000000e+00 1
-1.9031907434188949e-02 -1.3922186661180383e-01 0.0000000000000000e+00 1
-2.3068357594035049e-01 1.7153633173330257e-01 0.0000000000000000e+00 1
-3.1286871679046591e-01 9.6086571368643597e-02 0.0000000000000000e+00 1
-3.3353355814311825e-01 1.2448366040435857e-01 0.0000000000000000e+00 1
2.9861474901845414e-01 -4.3281184899826623e-02 0.0000000000000000e+00 1
-2.0973277879187441e-01 1.8592107650883313e-01 0.0000000000000000e+00 1
1.7877037528426937e-01 2.3394121510890372e-02 0.0000000000000000e+00 1
-2.3414512866072601e-01 1.0542456858377221e-01 0.0000000000000000e+00 1
-3.8322875685868185e-01 3.8146763670090504e-02 0.0000000000000000e+00 1
9.3305145411403390e-02 -1.7914341496327463e-01 0.0000000000000000e+00 1
5.1347046117571626e-02 -1.1240271874871272e-01 0.0000000000000000e+00 1
-2.7758436398095804e-01 1.7683665954329733e-01 0.0000000000000000e+00 1
-3.1929469125210519e-01 6.9276540688795588e-02 0.0000000000000000e+00 1
-3.6476142410003293e-01 1.8359089570399081e-02 0.0000000000000000e+00 1
-3.5596059262409369e-01 2.3680253238800714e-02 0.0000000000000000e+00 1
3.1291958267953029e-01 -1.4179547379855006e-01 0.0000000000000000e+00 1
1.8737372561844854e-02 -1.2159362347548139e-01 0.0000000000000000e+00 1
3.9440747329156353e-02 -1.3124886894489371e-01 0.0000000000000000e+00 1
-2.6362874713567835e-01 -3.6793902462777660e-02 0.0000000000000000e+00 1
-2.9872815708878597e-01 1.7209664500265437e-01 0.0000000000000000e+00 1
2.5861193027237206e-01 2.1080766143842355e-02 0.0000000000000000e+00 1
3.2937387971689047e-02 -1.3538227186831414e-01 0.0000000000000000e+00 1
-4.0748419218708332e-01 9.2776955489060176e-02 0.0000000000000000e+00 1
-4.1349100443317993e-01 8.9542654618506579e-02 0.0000000000000000e+00 1
2.6491837554191916e-01 -1.4676545949645708e-01 0.0000000000000000e+00 1
-3.2875802290803896e-01 7.3917305899496494e-02 0.0000000000000000e+00 1
2.1395322404949016e-01 -2.0292670692949305e-01 0.0000000000000000e+00 1
2.5449428545559938e-01 -3.1360275193827135e-02 0.0000000000000000e+00 1
1.0634191663699828e-01 1.1699459913727903e-01 0.0000000000000000e+00 1
2.2426029429669293e-02 8.0385237910511262e-03 0.0000000000000000e+00 1
-1.3008147198462390e-02 1.3153893274843720e-01 0.0000000000000000e+00 1
3.3990196303107349e-04 -1.2698709152010249e-01 0.0000000000000000e+00 1
-3.6440570313305043e-01 8.9853469909179473e-02 0.0000000000000000e+00 1
2.5800172118097819e-01 -4.1636114555347777e-02 0.0000000000000000e+00 1
4.8274402598591622e-02 1.3568425031297632e-01 0.0000000000000000e+00 1
2.3653559044337560e-01 7.2787462395878785e-02 0.0000000000000000e+00 1
-2.6326236169576776e-02 5.9079237405529179e-02 0.0000000000000000e+00 1
2.3393430851419608e-01 2.3404669441907729e-02 0.0000000000000000e+00 1
2.2988589455387051e-01 -1.4537764593597366e-01 0.0000000000000000e+00 1
-4.0566114526167074e-01 7.0006022735982040e-02 0.0000000000000000e+00 1
2.6588316541175727e-01 8.3240348600833319e-02 0.0000000000000000e+00 1
8.2551681237863439e-02 -1.6028296908136130e-01 0.0000000000000000e+00 1
4.6231135062197351e-02 -6.1255742371221646e-02 0.0000000000000000e+00 1
2.3401312340475275e-01 -3.8986274752423403e-02 0.0000000000000000e+00 1
3.1448278968924531e-01 -1.2596786174936658e-01 0.0000000000000000e+00 1
3.0755716515238912e-01 -1.2972098964005216e-01 0.0000000000000000e+00 1
6.2533471850671707e-02 8.6807238197513750e-02 0.0000000000000000e+00 1
-3.2766459901862394e-01 1.6244601125320376e-01 0.0000000000000000e+00 1
1.7012541454600838e-01 3.6333517564600015e-02 0.0000000000000000e+00 1
2.6623941705837345e-01 2.6368944754897206e-02 0.0000000000000000e+00 1
2.3688461290686458e-01 -2.0357066545420660e-01 0.0000000000000000e+00 1
-2.3293928983253842e-01 9.3709500573825461e-02 0.0000000000000000e+00 1
-3.6178084329333610e-01 1.4602296867123676e-01 0.0000000000000000e+00 1
1.4336748286533663e-01 7.6108771382212226e-02 0.0000000000000000e+00 1
-3.9675215524888363e-01 1.1929898642018033e-01 0.0000000000000000e+00 1
-2.1994706954268743e-03 -1.0422220506630298e-01 0.0000000000000000e+00 1
2.3841239803124054e-01 5.5192226307541031e-02 0.0000000000000000e+00 1
2.1049414188678331e-01 -3.7233728460960291e-02 0.0000000000000000e+00 1
2.2267223611061443e-01 -3.1887357094210027e-02 0.0000000000000000e+00 1
1.2292317425265487e-01 1.1680787642319543e-01 0.0000000000000000e+00 1
1.8086311853441323e-01 -1.9883556332778224e-01 0.0000000000000000e+00 1
-5.6383215810889689e-02 -2.8177250308757649e-02 0.0000000000000000e+00 1
-4.1075515720101520e-02 -7.3606823620152473e-02 0.0000000000000000e+00 1
3.0489230137271206e-01 -2.7700363438948883e-02 0.0000000000000000e+00 1
7.0351823926960960e-02 -8.0528965914273720e-02 0.0000000000000000e+00 1
5.4171113193750266e-02 -6.4865151919094602e-02 0.0000000000000000e+00 1
2.4232927815957497e-01 1.9646612757789617e-02 0.0000000000000000e+00 1
-2.8974241106417342e-01 5.4759323212348138e-02 0.0000000000000000e+00 1
-3.8419363533272533e-01 1.3032483365008379e-01 0.0000000000000000e+00 1
2.6460659306912881e-01 -1.3866441381000394e-01 0.0000000000000000e+00 1
2.7283818400311344e-01 3.1572711888148849e-02 0.0000000000000000e+00 1
-3.7742805980948857e-01 6.2563766836517876e-02 0.0000000000000000e+00 1
7.1293972849374873e-02 -8.9247493468786548e-02 0.0000000000000000e+00 1
-1.2114890988112566e-01 1.8909228345817269e-01 0.0000000000000000e+00 1
2.8470391576856607e-01 -9.0075403973290627e-02 0.0000000000000000e+00 1
2.6442618114028593e-01 -1.7576998241494682e-01 0.0000000000000000e+00 1
2.2959540313385485e-01 -2.0372809795850588e-01 0.0000000000000000e+00 1
-3.1853920810091507e-01 5.8688490458122258e-02 0.0000000000000000e+00 1
1.2385403198765912e-01 1.2949836384122748e-01 0.0000000000000000e+00 1
3.1072661194168549e-01 -1.4862517446676027e-01 0.0000000000000000e+00 1
2.5106783741021654e-01 -2.0243035002741608e-01 0.0000000000000000e+00 1
-3.6955052949320821e-01 1.4075160932114916e-01 0.0000000000000000e+00 1
5.1943029565409707e-02 9.1082208215314514e-02 0.0000000000000000e+00 1
1.6196724554757108e-01 4.0228609089013323e-02 0.0000000000000000e+00 1
-2.4019546563918824e-02 1.3667973314634230e-01 0.0000000000000000e+00 1
3.0835437453094905e-01 -4.7473797517701075e-02 0.0000000000000000e+00 1
-3.5308524883271036e-01 1.4133820688542106e-01 0.0000000000000000e+00 1
2.5596734815798933e-01 9.5812813940395605e-02 0.0000000000000000e+00 1
2.1255399335257708e-01 1.0805071063956298e-01 0.0000000000000000e+00 1
2.8419260856565959e-01 -8.1090360123376559e-02 0.0000000000000000e+00 1
-2.2193921491755964e-01 8.8646526614275356e-02 0.0000000000000000e+00 1
-1.3660755073305586e-01 1.7639034937108511e-01 0.0000000000000000e+00 1
3.0426587816813760e-01 -1.5127469586903713e-01 0.0000000000000000e+00 1
2.3976733798754726e-01 1.1764145319187375e-01 0.0000000000000000e+00 1
9.7391026543535777e-02 -1.3441971349474180e-01 0.0000000000000000e+00 1
2.3733862944596953e-01 6.4139402684655511e-02 0.0000000000000000e+00 1
4.2104076404887752e-02 8.4553539477082898e-02 0.0000000000000000e+00 1
-7.0223696350237813e-02 1.7126010577508305e-01 0.0000000000000000e+00 1
-2.7466914626245471e-02 7.0580382006301248e-02 0.0000000000000000e+00 1
1.9281585618340650e-02 -1.5687800135081290e-01 0.0000000000000000e+00 1
2.0755650246726809e-01 6.1699759414236756e-02 0.0000000000000000e+00 1
-3.6621347751166455e-01 1.0734990821963027e-01 0.0000000000000000e+00 1
-2.1259049226738147e-01 9.5413825571528249e-02 0.0000000000000000e+00 1
-3.5207853497392097e-02 1.4188544644679998e-01 0.0000000000000000e+00 1
1.0513011277190910e-01 -1.3812537418138354e-01 0.0000000000000000e+00 1
-3.5350111766600528e-01 5.8495204527766305e-02 0.0000000000000000e+00 1
2.4897823297178179e-01 1.0781236619955314e-01 0.0000000000000000e+00 1
-3.0623276517632697e-01 2.0219416000836342e-02 0.0000000000000000e+00 1
1.5419577402945944e-01 3.5135896728656912e-02 0.0000000000000000e+00 1
-3.2031185130136322e-02 -7.8128731580819552e-02 0.0000000000000000e+00 1
4.4177053751565637e-02 1.7348288834482928e-01 0.0000000000000000e+00 1
3.0864743863432148e-01 -1.6177710498755155e-01 0.0000000000000000e+00 1
2.6446230102695334e-01 -2.0081165361571918e-01 0.0000000000000000e+00 1
-2.8067839371776498e-01 6.0987915305416224e-02 0.0000000000000000e+00 1
-3.4344200979674133e-01 5.2016281954965160e-02 0.0000000000000000e+00 1
1.9924050938914944e-01 7.4019238115908492e-02 0.0000000000000000e+00 1
-1.1223077575444447e-02 -1.4263629197001679e-01 0.0000000000000000e+00 1
1.1266924623613292e-01 -1.3340094116591966e-01 0.0000000000000000e+00 1
7.5649016273892838e-02 -1.4055308917343590e-01 0.0000000000000000e+00 1
-1.8059756752311501e-01 -1.8287558343890620e-02 0.0000000000000000e+00 1
6.3813474466696586e-03 -5.1831152389767342e-02 0.0000000000000000e+00 1
1.4608210843551372e-01 3.8992710843428022e-02 0.0000000000000000e+00 1
2.7798515197915630e-01 -1.3781563727801160e-01 0.0000000000000000e+00 1
2.0495294936618724e-01 1.0349263468152170e-01 0.0000000000000000e+00 1
1.0679105153977250e-01 1.0620861558287770e-01 0.0000000000000000e+00 1
-4.6395543395708366e-02 1.4696020980821356e-01 0.0000000000000000e+00 1
-5.9257221056563412e-02 -1.5521617886048599e-02 0.0000000000000000e+00 1
2.9147267414482747e-01 -7.6571306915260012e-02 0.0000000000000000e+00 1
1.1263597323179209e-01 -6.6719363127653641e-02 0.0000000000000000e+00 1
-7.2002316116854231e-02 -5.6229161100275246e-02 0.0000000000000000e+00 1
9.1253616927093897e-02 7.3381948070535968e-02 0.0000000000000000e+00 1
2.9227525638640586e-02 2.2629780017731582e-02 0.0000000000000000e+00 1
-1.7843073666016668e-01 8.0930130800386191e-02 0.0000000000000000e+00 1
2.8723495023212037e-01 -1.8700953270322085e-01 0.0000000000000000e+00 1
1.8071361036814518e-01 -1.1563504465792485e-01 0.0000000000000000e+00 1
-2.9594114555801709e-01 1.5196573740559148e-02 0.0000000000000000e+00 1
-3.7970274940583942e-02 7.5786155948153258e-02 0.0000000000000000e+00 1
1.3826537011596701e-01 3.3795943308770983e-02 0.0000000000000000e+00 1
1.9106216384707267e-01 7.7897519000247661e-02 0.0000000000000000e+00 1
-5.7757618497685868e-02 1.5215134416448794e-01 0.0000000000000000e+00 1
1.0260526170350558e-01 -5.1124470798227600e-02 0.0000000000000000e+00 1
2.7858466407441057e-01 -1.2874293709391102e-01 0.0000000000000000e+00 1
8.5187826603863370e-02 -4.3991454566143194e-02 0.0000000000000000e+00 1
-2.0560523250855750e-01 1.2611753840861467e-01 0.0000000000000000e+00 1
1.7257032435553943e-01 -1.1177559135125834e-01 0.0000000000000000e+00 1
-1.1375492825634109e-01 1.6644083360468925e-01 0.0000000000000000e+00 1
-1.8554455662812719e-01 1.2783358104235673e-01 0.0000000000000000e+00 1
9.0354467024041138e-02 -5.7317929457313004e-02 0.0000000000000000e+00 1
1.6421651588101116e-01 -1.0777353784889106e-01 0.0000000000000000e+00 1
1.3115001117098585e-01 -9.2361375102673976e-02 0.0000000000000000e+00 1
9.4541834019329113e-02 1.5470118877530314e-01 0.0000000000000000e+00 1
-1.5654118403526820e-01 8.3013827508301913e-02 0.0000000000000000e+00 1
1.2082308669095751e-01 -1.4572038432361775e-01 0.0000000000000000e+00 1
3.1494564689219386e-02 1.7583101506064253e-01 0.0000000000000000e+00 1
1.4754448443279766e-01 -1.0004048650956433e-01 0.0000000000000000e+00 1
1.3258293615942399e-01 -1.0133716766142210e-01 0.0000000000000000e+00 1
4.7632562044797599e-02 1.4774844799889811e-01 0.0000000000000000e+00 1
6.6076555717499166e-02 1.5834289035269070e-01 0.0000000000000000e+00 1
1.1666748394992718e-01 -9.4156984209777500e-02 0.0000000000000000e+00 1
-3.9092670655633960e-02 8.7289855159589258e-02 0.0000000000000000e+00 1
1.4894582125376948e-01 -1.0898817395115123e-01 0.0000000000000000e+00 1
-2.7001579739864978e-01 5.6134215956261647e-02 0.0000000000000000e+00 1
-4.1069382803238436e-01 6.3457809543801966e-02 0.0000000000000000e+00 1
6.7142234919057964e-02 5.5518599821786210e-02 0.0000000000000000e+00 1
2.1783556913278229e-01 1.2692667459316670e-01 0.0000000000000000e+00 1
2.2459734094836187e-01 1.2464675595717174e-01 0.0000000000000000e+00 1
-1.8629505467321966e-01 1.4023229221286435e-01 0.0000000000000000e+00 1
2.2281840104665968e-01 -1.5060912152600645e-01 0.0000000000000000e+00 1
6.2660895192910959e-02 -7.7022273765853716e-02 0.0000000000000000e+00 1
1.3040010101678282e-01 2.8419945321930873e-02 0.0000000000000000e+00 1
3.0108652584120166e-01 -1.7822769756452073e-01 0.0000000000000000e+00 1
1.0884869150280085e-01 -8.9951285026707309e-02 0.0000000000000000e+00 1
1.4341826551410478e-01 -1.3112552867707844e-01 0.0000000000000000e+00 1
-1.2562690913001562e-01 1.7107450006925434e-01 0.0000000000000000e+00 1
-1.8761195473484740e-01 1.5240915714717296e-01 0.0000000000000000e+00 1
-3.6498737912102480e-02 -3.7577518559826974e-02 0.0000000000000000e+00 1
-6.9000709315511291e-02 1.5718986218180730e-01 0.0000000000000000e+00 1
-1.3535708969076299e-01 8.5133919287314119e-02 0.0000000000000000e+00 1
1.5183740288072839e-01 -1.4345774826187369e-01 0.0000000000000000e+00 1
1.2849265084412148e-01 -1.4088168273172930e-01 0.0000000000000000e+00 1
2.3564410345979619e-01 1.2300440089728761e-01 0.0000000000000000e+00 1
2.8096831313769094e-01 2.8633113945566020e-02 0.0000000000000000e+00 1
1.2133150642721002e-01 1.4044075281489743e-01 0.0000000000000000e+00 1
3.0466142383158101e-01 -1.9141486410748067e-02 0.0000000000000000e+00 1
6.6811961288348140e-02 -1.7228975052154493e-02 0.0000000000000000e+00 1
2.4144947353147800e-01 -1.1957852520671911e-01 0.0000000000000000e+00 1
1.3575202986558393e-01 -1.3584216610965413e-01 0.0000000000000000e+00 1
2.9224123440090138e-01 -1.8425729064133792e-01 0.0000000000000000e+00 1
9.1219382276602007e-02 -1.6419771868075633e-01 0.0000000000000000e+00 1
-8.3725016688142806e-02 1.8826311875470625e-01 0.0000000000000000e+00 1
1.4620836159332115e-01 -1.9272872918697379e-01 0.0000000000000000e+00 1
-3.7498716221729275e-02 -1.1244303760839805e-01 0.0000000000000000e+00 1
-1.8840432937720769e-01 1.6483904296452306e-01 0.0000000000000000e+00 1
-7.3662361853842243e-02 1.0210457710244211e-01 0.0000000000000000e+00 1
-2.4857218034864509e-01 4.5275866574021051e-02 0.0000000000000000e+00 1
1.6328218927231519e-01 1.2380826632542929e-01 0.0000000000000000e+00 1
5.2931814988347953e-02 -1.6026520485635132e-01 0.0000000000000000e+00 1
1.2477867775123275e-01 -1.7985480524399683e-01 0.0000000000000000e+00 1
-2.8550894566981033e-01 1.0086179818822236e-02 0.0000000000000000e+00 1
-2.0488023058155402e-01 1.1398382746970201e-01 0.0000000000000000e+00 1
3.1514595029838011e-01 -1.0322917092867491e-01 0.0000000000000000e+00 1
-7.6670327654428591e-02 -2.1389918824383854e-02 0.0000000000000000e+00 1
-8.0472538781156552e-02 8.3759782970222574e-02 0.0000000000000000e+00 1
1.8231527979507059e-01 9.0010898279927726e-02 0.0000000000000000e+00 1
1.3855205271876209e-01 1.2689696368572123e-01 0.0000000000000000e+00 1
-9.0964637508763949e-02 7.6742409537944700e-02 0.0000000000000000e+00 1
-2.5924161017343528e-01 5.0772025858329226e-02 0.0000000000000000e+00 1
6.1494583320130226e-02 -6.8579483811483308e-02 0.0000000000000000e+00 1
-4.1205146796894110e-01 1.0243292045661223e-01 0.0000000000000000e+00 1
-1.8936420291234962e-01 1.7751976939581393e-01 0.0000000000000000e+00 1
2.3358427865886894e-01 -1.1552493578581507e-01 0.0000000000000000e+00 1
6.7646706003396395e-02 -8.8676348944618233e-03 0.0000000000000000e+00 1
-3.8945472558115141e-01 1.1703700883479196e-01 0.0000000000000000e+00 1
-1.4217512738565457e-04 -1.1965644184406028e-01 0.0000000000000000e+00 1
-3.0411402687325273e-01 1.0291894144744458e-01 0.0000000000000000e+00 1
3.1603019973873270e-01 -1.1057333008538388e-01 0.0000000000000000e+00 1
-4.1473845091245770e-01 7.5473438710632168e-02 0.0000000000000000e+00 1
-2.0396908214608941e-01 1.0198156132972773e-01 0.0000000000000000e+00 1
1.9912400809737676e-01 1.1537915785336197e-01 0.0000000000000000e+00 1
2.2713230143781235e-01 1.3005617092631541e-01 0.0000000000000000e+00 1
-5.0298399271452333e-02 9.2710787504650463e-02 0.0000000000000000e+00 1
-4.6467135805022000e-02 -1.0857461152542330e-01 0.0000000000000000e+00 1
3.0787792448303419e-01 -1.2016516326619341e-01 0.0000000000000000e+00 1
3.0628401466058042e-01 -9.3318983938638883e-02 0.0000000000000000e+00 1
-2.7479208592498144e-01 4.8977457123252043e-03 0.0000000000000000e+00 1
2.3247795656802828e-01 -1.0695814535658063e-01 0.0000000000000000e+00 1
-3.0808496214918629e-02 1.8379854605154677e-01 0.0000000000000000e+00 1
-3.6432609482050937e-01 2.6837403686955828e-02 0.0000000000000000e+00 1
2.7690828185606697e-01 6.1013106632822611e-02 0.0000000000000000e+00 1
4.9663555104210097e-02 5.4490850395171771e-02 0.0000000000000000e+00 1
-1.2312406554671151e-01 -9.6941810802743167e-02 0.0000000000000000e+00 1
2.8372988926862412e-02 -1.5288390594152429e-01 0.0000000000000000e+00 1
2.5679609845701574e-02 3.8678835064865830e-02 0.0000000000000000e+00 1
1.7464202688426589e-01 8.5394236463003703e-02 0.0000000000000000e+00 1
-4.1936910889089025e-02 -6.4033150596437050e-02 0.0000000000000000e+00 1
-3.4226181584119497e-01 1.8990783888713489e-02 0.0000000000000000e+00 1
2.5343661990609700e-01 -1.9701143571680252e-01 0.0000000000000000e+00 1
-6.1857500419662939e-02 9.7614624173913603e-02 0.0000000000000000e+00 1
-1.2559680600430898e-02 6.6345943237677120e-03 0.0000000000000000e+00 1
2.9071858428052111e-01 -1.3100270689366705e-01 0.0000000000000000e+00 1
1.9519302707109055e-03 1.6916245223977683e-01 0.0000000000000000e+00 1
-8.0338283462689869e-02 -4.4479159166213736e-03 0.0000000000000000e+00 1
-2.0299707847514989e-02 -1.3103459929441791e-01 0.0000000000000000e+00 1
-3.1861943063329889e-01 1.6661863883185540e-01 0.0000000000000000e+00 1
2.4940667330520672e-01 -1.7587326866356623e-01 0.0000000000000000e+00 1
3.0455461422116176e-01 -1.7349707358799757e-01 0.0000000000000000e+00 1
2.3847314685235327e-01 1.1007476499927983e-01 0.0000000000000000e+00 1
-3.8302144351978318e-01 1.2164647896920873e-01 0.0000000000000000e+00 1
1.2235588965872504e-01 3.1965701758034454e-02 0.0000000000000000e+00 1
6.8803676909319128e-02 -6.2940870643622651e-02 0.0000000000000000e+00 1
5.6132548075390191e-02 6.1189949649790372e-04 0.0000000000000000e+00 1
-4.6313373181868294e-03 -8.8448181103499127e-02 0.0000000000000000e+00 1
3.1520410372731961e-01 -8.4727118877515675e-02 0.0000000000000000e+00 1
-2.6429995121544303e-01 -2.5122809518340401e-02 0.0000000000000000e+00 1
2.4729150492165111e-01 1.0023374944877669e-01 0.0000000000000000e+00 1
-2.6435940516031270e-01 -4.5729767837015124e-04 0.0000000000000000e+00 1
2.2504648292764751e-01 -1.0311515709503992e-01 0.0000000000000000e+00 1
-2.5380162873191237e-01 -3.0987897171505928e-02 0.0000000000000000e+00 1
1.6831888537513620e-02 4.0821083046268136e-02 0.0000000000000000e+00 1
1.8855017661636397e-01 -1.9319123201533767e-01 0.0000000000000000e+00 1
-3.4485564609464553e-01 3.7685612831518993e-02 0.0000000000000000e+00 1
-2.6067793042245713e-01 1.7097939733052214e-01 0.0000000000000000e+00 1
6.8301776702789849e-02 -5.4546441365059831e-02 0.0000000000000000e+00 1
2.6602802129471037e-01 -1.9506955209111071e-01 0.0000000000000000e+00 1
-1.9189872826239704e-01 1.8086570475549280e-02 0.0000000000000000e+00 1
-2.8116043594799356e-01 1.6806732489886361e-01 0.0000000000000000e+00 1
2.1926187884838846e-01 -1.9745183646680667e-01 0.0000000000000000e+00 1
-2.2733072774905960e-01 3.5309985666525642e-02 0.0000000000000000e+00 1
1.0780131608642558e-01 -8.1128914647723205e-02 0.0000000000000000e+00 1
-9.8030572519178669e-02 -9.7270273135884270e-03 0.0000000000000000e+00 1
-2.4251963907182147e-01 -3.6580948615637987e-02 0.0000000000000000e+00 1
-1.6879313508246488e-01 1.7834644214351386e-01 0.0000000000000000e+00 1
4.7730171634250147e-02 6.5258461949021476e-02 0.0000000000000000e+00 1
2.2298356866906771e-01 -8.5258363224066741e-02 0.0000000000000000e+00 1
-2.4727312903415638e-01 3.4224742844682479e-02 0.0000000000000000e+00 1
7.6307680620252297e-02 -4.9125224906017770e-02 0.0000000000000000e+00 1
1.1437997865935620e-01 2.6599861227120956e-02 0.0000000000000000e+00 1
2.9144633832359951e-01 -1.8967528313913107e-01 0.0000000000000000e+00 1
2.4384817020496080e-02 -1.1717190999697505e-01 0.0000000000000000e+00 1
3.0347955875393179e-01 -1.6294955424666888e-01 0.0000000000000000e+00 1
2.2406577636442382e-01 -9.4084719017168639e-02 0.0000000000000000e+00 1
1.5820219687011461e-01 -1.8807542653499568e-01 0.0000000000000000e+00 1
-5.5547997190067339e-02 -1.1472671947556266e-01 0.0000000000000000e+00 1
4.6145380025166736e-02 1.5633996326188240e-02 0.0000000000000000e+00 1
-9.7540528372806884e-03 -5.3782861575249516e-02 0.0000000000000000e+00 1
-6.0311645372057902e-02 1.7511197484590729e-01 0.0000000000000000e+00 1
-2.3641157365558171e-01 2.9155176411073909e-02 0.0000000000000000e+00 1
-2.9873987773352528e-01 1.4786166884402988e-01 0.0000000000000000e+00 1
-2.6405443046278632e-01 -1.2280411522275218e-02 0.0000000000000000e+00 1
2.8152711005070491e-01 -1.9106574123883105e-01 0.0000000000000000e+00 1
-1.9266631867107104e-01 9.7075944699665490e-02 0.0000000000000000e+00 1
2.9232067898529163e-01 -1.3075379342886349e-02 0.0000000000000000e+00 1
-2.3083400573625343e-01 -4.1959857191296919e-02 0.0000000000000000e+00 1
-2.1540436776489291e-01 3.0310227200762905e-02 0.0000000000000000e+00 1
1.6627692925790311e-01 8.8787353274370207e-02 0.0000000000000000e+00 1
1.9147457878656315e-01 -2.3826222314670208e-02 0.0000000000000000e+00 1
-3.9452091831500519e-01 1.1243330896338798e-01 0.0000000000000000e+00 1
2.4335175113365359e-01 -1.7384272236883117e-01 0.0000000000000000e+00 1
1.1402894338613667e-01 -7.5706103923874932e-02 0.0000000000000000e+00 1
1.7986672761415287e-01 -2.9869009563269988e-02 0.0000000000000000e+00 1
2.1301365057217669e-01 -6.3124905423799060e-02 0.0000000000000000e+00 1
1.9875864642580654e-01 -6.4517936156542610e-02 0.0000000000000000e+00 1
2.1553994863175271e-01 -8.1412046558427223e-02 0.0000000000000000e+00 1
-1.9022445769416721e-01 8.5699202636695726e-02 0.0000000000000000e+00 1
-1.0291819598562577e-01 8.0848174282661694e-02 0.0000000000000000e+00 1
2.7863950692985445e-01 3.7368523576914177e-02 0.0000000000000000e+00 1
1.7363131267783161e-01 -1.6853587366548878e-02 0.0000000000000000e+00 1
2.4026318962804147e-01 -1.9831499034356934e-01 0.0000000000000000e+00 1
2.2989147114596029e-01 1.2116826370188832e-01 0.0000000000000000e+00 1
-1.2625582279488984e-01 9.1314774987289973e-02 0.0000000000000000e+00 1
-3.5175497347365176e-01 3.2740544500644349e-02 0.0000000000000000e+00 1
1.0650978259048720e-01 2.1172935098755230e-02 0.0000000000000000e+00 1
1.6677679134693799e-01 -1.2118489605801915e-02 0.0000000000000000e+00 1
-2.8543685479275357e-03 2.1290503905541904e-02 0.0000000000000000e+00 1
-1.6945620592064492e-01 8.7690307454272309e-02 0.0000000000000000e+00 1
1.5836526315447311e-01 8.4134369868280129e-02 0.0000000000000000e+00 1
2.9577684644263996e-01 -1.2673856213472975e-01 0.0000000000000000e+00 1
-2.1866217068256399e-01 -4.7190642391777650e-02 0.0000000000000000e+00 1
-3.8130879326601264e-01 2.9129351671102973e-02 0.0000000000000000e+00 1
-2.9700370457267505e-01 1.2033275935812363e-01 0.0000000000000000e+00 1
8.3512341681168639e-02 1.5862553295188336e-01 0.0000000000000000e+00 1
1.1315100921221886e-01 1.4267576123269204e-01 0.0000000000000000e+00 1
2.1470430810714061e-01 -7.2384427010833349e-02 0.0000000000000000e+00 1
-1.5481716259122300e-01 4.5996550418147875e-02 0.0000000000000000e+00 1
-1.1462374757743510e-01 8.6184425381127278e-02 0.0000000000000000e+00 1
1.5468397292461156e-01 -1.7629840802062969e-02 0.0000000000000000e+00 1
-1.5334833471113998e-01 3.2697528299934851e-02 0.0000000000000000e+00 1
-1.4794771267105300e-01 8.9774723636610348e-02 0.0000000000000000e+00 1
-2.4439641205654536e-01 1.8503462031686568e-01 0.0000000000000000e+00 1
1.5022434496027867e-01 -4.5136863555637922e-03 0.0000000000000000e+00 1
1.9752646190654191e-01 -5.5303224211796689e-02 0.0000000000000000e+00 1
-1.0385260620601688e-01 1.6150666825860815e-02 0.0000000000000000e+00 1
-1.1721690833986857e-02 -1.2094652324144425e-01 0.0000000000000000e+00 1
-2.0407634088176974e-01 2.5016449063595236e-02 0.0000000000000000e+00 1
2.1030283747257134e-01 1.3014182728110157e-01 0.0000000000000000e+00 1
1.3817204571007768e-01 -1.0101174349084353e-02 0.0000000000000000e+00 1
-4.0438966532091325e-01 6.3286973854470130e-02 0.0000000000000000e+00 1
-2.0705923610055824e-01 -5.2557322797768813e-02 0.0000000000000000e+00 1
9.8067804545933737e-02 1.5434470533329936e-02 0.0000000000000000e+00 1
1.9666408186106860e-01 -4.5957733912210481e-02 0.0000000000000000e+00 1
1.3250250763118118e-01 -1.8310665721624353e-01 0.0000000000000000e+00 1
-1.0088675274835086e-01 2.8053451459610292e-03 0.0000000000000000e+00 1
1.9638981413801168e-01 -3.6859763629881942e-02 0.0000000000000000e+00 1
8.9265355740557981e-02 7.4474388589880995e-05 0.0000000000000000e+00 1
1.5229948908337232e-01 8.7789472614646966e-02 0.0000000000000000e+00 1
-5.1437868850644032e-02 -6.0199499303724570e-02 0.0000000000000000e+00 1
2.7769378220539598e-01 -1.5953305100293858e-01 0.0000000000000000e+00 1
-4.0419484769764047e-01 5.2866852579734384e-02 0.0000000000000000e+00 1
1.1382922018699129e-01 -1.6475714571812388e-02 0.0000000000000000e+00 1
3.0361245633140244e-01 -1.5773660848948196e-01 0.0000000000000000e+00 1
2.5979726751691373e-01 -1.7218774375768880e-01 0.0000000000000000e+00 1
2.5469845726407381e-01 8.7170207289894053e-02 0.0000000000000000e+00 1
-3.9266437627145623e-01 4.7760140214092327e-02 0.0000000000000000e+00 1
2.9094257070897100e-01 -1.5834301662437722e-01 0.0000000000000000e+00 1
1.5498545460665125e-01 1.2677194229490202e-01 0.0000000000000000e+00 1
-3.7549853463863447e-01 1.1790979457513706e-01 0.0000000000000000e+00 1
2.9736812924048805e-01 -1.5447707175504061e-01 0.0000000000000000e+00 1
1.0509627498284881e-01 -6.3656621336122252e-02 0.0000000000000000e+00 1
9.7237723965735656e-02 -1.8087149537880733e-02 0.0000000000000000e+00 1
2.8207725586848470e-01 -1.9609820127969499e-01 0.0000000000000000e+00 1
-2.0113651888482492e-01 1.7891796059356099e-01 0.0000000000000000e+00 1
9.0536178663847999e-02 -1.3665302872319311e-02 0.0000000000000000e+00 1
2.7632592246505433e-01 -1.6988842060832213e-01 0.0000000000000000e+00 1
-6.5239666078718891e-03 -1.1680146578589687e-01 0.0000000000000000e+00 1
2.4759507330277496e-02 1.6851037580557934e-01 0.0000000000000000e+00 1
-1.4649919185198002e-01 1.9204665860608494e-01 0.0000000000000000e+00 1
-6.5176226146402616e-02 -9.9195322221591720e-02 0.0000000000000000e+00 1
2.2940951369970752e-01 -1.7519984481166637e-01 0.0000000000000000e+00 1
-1.1666352061974306e-01 3.4971851775827602e-02 0.0000000000000000e+00 1
-3.7327369622611926e-02 1.7624472173471217e-01 0.0000000000000000e+00 1
2.7074212392723229e-01 -1.7263460587350735e-01 0.0000000000000000e+00 1
-1.7003817569400746e-02 -4.1602723052197324e-02 0.0000000000000000e+00 1
9.8765028625073290e-02 -1.7526138373905148e-01 0.0000000000000000e+00 1
-4.0984431409123911e-01 7.4905922247629986e-02 0.0000000000000000e+00 1
3.4781035679397027e-02 -1.5532835307457638e-01 0.0000000000000000e+00 1
2.7633993363536496e-01 4.5201410229095386e-02 0.0000000000000000e+00 1
1.3199594223995292e-01 1.3035721369494743e-01 0.0000000000000000e+00 1
-2.2099228945972876e-01 1.8837145466564753e-01 0.0000000000000000e+00 1
-1.2958908915706041e-01 5.2889604965415719e-02 0.0000000000000000e+00 1
5.8877796889788364e-02 -1.6340480341542851e-01 0.0000000000000000e+00 1
1.3197918468600173e-01 -6.2323473901879497e-03 0.0000000000000000e+00 1
1.3087785762891703e-03 -4.7355167055646616e-02 0.0000000000000000e+00 1
5.8429146128310190e-02 1.6250711550613617e-01 0.0000000000000000e+00 1
-7.9036445779690490e-02 -1.0666538289055921e-01 0.0000000000000000e+00 1
1.8780680373545797e-01 1.0993631741417020e-01 0.0000000000000000e+00 1
-4.0751115635903573e-01 9.9762432656694738e-02 0.0000000000000000e+00 1
-3.6902192578001025e-01 3.1958193957157620e-02 0.0000000000000000e+00 1
2.9553798192320935e-01 -1.8717557585149472e-01 0.0000000000000000e+00 1
-1.3986636865100863e-01 5.5922799720222599e-02 0.0000000000000000e+00 1
-8.3910677135189404e-03 -1.0081321695609441e-01 0.0000000000000000e+00 1
1.2473368124400232e-01 -1.0857918497024815e-02 0.0000000000000000e+00 1
-3.6840501754790089e-01 1.1455866272929729e-01 0.0000000000000000e+00 1
-1.8076583960835158e-01 1.5125986975739948e-02 0.0000000000000000e+00 1
-3.0238549246243618e-01 1.6354324439174167e-01 0.0000000000000000e+00 1
-5.8364021230380606e-02 -6.5588272382562471e-02 0.0000000000000000e+00 1
-1.1301035163690162e-01 1.9125557823450420e-02 0.0000000000000000e+00 1
-1.9148397978499349e-01 -1.5033441178024661e-02 0.0000000000000000e+00 1
3.1138838047319829e-03 3.5725360038793660e-02 0.0000000000000000e+00 1
-7.8308226853156925e-03 -1.0938954370513500e-01 0.0000000000000000e+00 1
-4.0248331690342937e-01 1.0437510257600244e-01 0.0000000000000000e+00 1
2.8721190938620356e-01 -1.6231055154523052e-01 0.0000000000000000e+00 1
2.3892615445030835e-01 -1.7057245091448495e-01 0.0000000000000000e+00 1
-1.9836903961882957e-01 -4.4677281829583540e-02 0.0000000000000000e+00 1
-3.1161482272766938e-01 1.6195896533110762e-01 0.0000000000000000e+00 1
2.2592609351934045e-01 -1.6488235777787841e-01 0.0000000000000000e+00 1
1.0899761924908463e-01 -1.2296274411910425e-02 0.0000000000000000e+00 1
-1.8798096686390167e-01 -3.7409091234402912e-02 0.0000000000000000e+00 1
-1.0682787419676557e-01 -1.0429187869555515e-01 0.0000000000000000e+00 1
1.6595949582075500e-01 -1.8974192635159315e-01 0.0000000000000000e+00 1
-1.9260632944632813e-01 -2.0495062730145350e-03 0.0000000000000000e+00 1
-1.7872617359749096e-01 -3.0281727558706607e-02 0.0000000000000000e+00 1
-9.5023166848223539e-02 1.9149513018166489e-01 0.0000000000000000e+00 1
-4.9385314241381390e-03 2.9633034141747006e-02 0.0000000000000000e+00 1
-9.6301351761113249e-02 -8.6177514965197294e-02 0.0000000000000000e+00 1
-1.9442293919441328e-01 9.0803678865470396e-03 0.0000000000000000e+00 1
3.9918988622938745e-02 6.8223674420367239e-02 0.0000000000000000e+00 1
-3.8821731930847458e-01 3.3568639260609372e-02 0.0000000000000000e+00 1
-8.6456651208241100e-02 -9.0773548293102163e-02 0.0000000000000000e+00 1
-1.9512601850630912e-01 -5.6615624038428868e-02 0.0000000000000000e+00 1
2.7475413304489149e-01 6.9073397834222922e-02 0.0000000000000000e+00 1
1.7810304623356706e-02 -4.5218179590629293e-02 0.0000000000000000e+00 1
-1.2514784017605729e-01 3.6292045966010496e-02 0.0000000000000000e+00 1
-1.2702116350437181e-01 1.8064401289596999e-01 0.0000000000000000e+00 1
3.0693357425603189e-02 -4.7125271550375651e-02 0.0000000000000000e+00 1
3.2921098563654987e-02 -3.3853775608335482e-02 0.0000000000000000e+00 1
3.0091366713619955e-01 -1.2996290330106405e-01 0.0000000000000000e+00 1
2.3706400960349514e-02 -1.1060071174066535e-01 0.0000000000000000e+00 1
-3.4662489489892850e-01 1.4481048468211219e-01 0.0000000000000000e+00 1
-4.1632428281664247e-01 8.4812239751153345e-02 0.0000000000000000e+00 1
2.9280720729983395e-01 -6.4257495558729619e-03 0.0000000000000000e+00 1
-2.3913389844834675e-02 -4.6487749412309355e-02 0.0000000000000000e+00 1
4.1187476291943824e-02 -2.8334351149253274e-02 0.0000000000000000e+00 1
-1.8179520482922815e-01 -7.6972912312004649e-02 0.0000000000000000e+00 1
-1.7775215811429143e-01 1.8134131451795985e-01 0.0000000000000000e+00 1
-4.1111004344494106e-01 8.1421766078840302e-02 0.0000000000000000e+00 1
-3.4733018142597288e-01 1.5746664604230995e-01 0.0000000000000000e+00 1
-1.5228779259563521e-01 -7.4256900144970731e-02 0.0000000000000000e+00 1
2.9686376213444576e-01 -7.1891466430764744e-02 0.0000000000000000e+00 1
-1.4585398175289421e-01 -9.0908153588836707e-02 0.0000000000000000e+00 1
1.5162953366918705e-01 -1.8787415400211332e-01 0.0000000000000000e+00 1
-1.7018315944102314e-01 -7.9848336312010007e-02 0.0000000000000000e+00 1
-3.9759921817035682e-01 4.4561560700752456e-02 0.0000000000000000e+00 1
2.2686187816374176e-01 -3.6913061204682268e-02 0.0000000000000000e+00 1
-3.4934276132714592e-01 1.8542847011950688e-02 0.0000000000000000e+00 1
2.4322113710624357e-01 1.0726505358759329e-01 0.0000000000000000e+00 1
2.0326026679679821e-01 1.3311456240486194e-01 0.0000000000000000e+00 1
7.3131259904877358e-02 1.6228930952117182e-01 0.0000000000000000e+00 1
1.3356501563508177e-01 -1.9095658526506168e-01 0.0000000000000000e+00 1
5.6640927464071671e-02 -2.6695948120657016e-02 0.0000000000000000e+00 1
-8.2293288017112227e-03 1.7148146577206624e-01 0.0000000000000000e+00 1
3.0876341684029907e-01 -1.3724745811103878e-01 0.0000000000000000e+00 1
2.4625855413847816e-01 -3.3410261238865424e-02 0.0000000000000000e+00 1
-3.4670060991743129e-01 4.5667484817470398e-02 0.0000000000000000e+00 1
-3.4925235968486035e-01 4.7506923669503875e-03 0.0000000000000000e+00 1
-9.0111861622782161e-03 -9.3089727229906702e-02 0.0000000000000000e+00 1
2.0506119268228828e-01 -3.2133619044987530e-02 0.0000000000000000e+00 1
2.2593145732256645e-01 -1.9921152544930323e-01 0.0000000000000000e+00 1
4.9164891030709479e-02 -2.3250925781684223e-02 0.0000000000000000e+00 1

Edges
195
1 2 1
2 3 1
3 4 1
4 5 1
5 6 1
6 7 1
7 8 1
8 9 1
9 10 1
10 11 1
11 12 1
12 13 1
13 14 1
14 15 1
15 16 1
16 17 1
17 18 1
18 19 1
19 20 1
20 21 1
21 22 1
22 23 1
23 24 1
24 25 1
25 26 1
26 27 1
27 28 1
28 29 1
29 30 1
30 31 1
31 32 1
32 33 1
33 34 1
34 35 1
35 36 1
36 37 1
37 38 1
38 39 1
39 40 1
40 41 1
41 42 1
42 43 1
43 44 1
44 45 1
45 46 1
46 47 1
47 48 1
48 49 1
49 50 1
50 51 1
51 52 1
52 53 1
53 54 1
54 55 1
55 56 1
56 57 1
57 58 1
58 59 1
59 60 1
60 61 1
61 62 1
62 63 1
63 64 1
64 65 1
65 66 1
66 67 1
67 68 1
68 69 1
69 70 1
70 71 1
71 72 1
72 73 1
73 74 1
74 75 1
75 76 1
76 77 1
77 78 1
78 79 1
79 80 1
80 81 1
81 82 1
82 83 1
83 84 1
84 85 1
85 86 1
86 87 1
87 88 1
88 89 1
89 90 1
90 91 1
91 92 1
92 93 1
93 94 1
94 95 1
95 96 1
96 97 1
97 98 1
98 99 1
99 100 1
100 101 1
101 102 1
102 103 1
103 104 1
104 105 1
105 106 1
106 107 1
107 108 1
108 109 1
109 110 1
110 111 1
111 112 1
112 113 1
113 114 1
114 115 1
115 116 1
116 117 1
117 118 1
118 119 1
119 120 1
120 121 1
121 122 1
122 123 1
123 124 1
124 125 1
125 126 1
126 127 1
127 128 1
128 129 1
129 130 1
130 131 1
131 132 1
132 133 1
133 134 1
134 135 1
135 136 1
136 137 1
137 138 1
138 139 1
139 140 1
140 141 1
141 142 1
142 143 1
143 144 1
144 145 1
145 146 1
146 147 1
147 148 1
148 149 1
149 150 1
150 151 1
151 152 1
152 153 1
153 154 1
154 155 1
155 156 1
156 157 1
157 158 1
158 159 1
159 160 1
160 161 1
161 162 1
162 163 1
163 164 1
164 165 1
165 166 1
166 167 1
167 168 1
168 169 1
169 170 1
170 171 1
171 172 1
172 173 1
173 174 1
174 175 1
175 176 1
176 177 1
177 178 1
178 179 1
179 180 1
180 181 1
181 182 1
182 183 1
183 184 1
184 185 1
185 186 1
186 187 1
187 188 1
188 189 1
189 190 1
190 191 1
191 192 1
192 193 1
193 194 1
194 195 1
195 1 1

Triangles
4997
2019 1189 2079 1
2124 1952 2390 1
147 148 2163 1
240 1520 1800 1
531 533 2269 1
2053 1226 2082 1
1649 1648 2025 1
1710 1711 2378 1
286 284 1824 1
216 1502 2558 1
1764 1326 1829 1
1768 1009 1770 1
1502 216 1557 1
1574 1784 2544 1
1750 2053 2082 1
1477 2057 2483 1
1574 1034 1784 1
1297 2233 2320 1
1518 196 1630 1
1737 1031 1742 1
1330 1649 2025 1
245 147 2163 1
1411 1710 2378 1
1698 1159 1699 1
196 1518 1542 1
1120 1034 2307 1
1308 1306 1829 1
1182 1133 2466 1
1159 1698 1700 1
1579 222 1581 1
1770 1009 1771 1
1823 699 1824 1
1764 1829 2370 1
1388 1390 1713 1
1575 258 1577 1
1474 2082 2459 1
1592 1594 2385 1
1822 699 1823 1
1031 1737 2344 1
1845 1846 2139 1
1569 248 1628 1
1946 1947 2328 1
1367 1700 2193 1
1256 1519 1853 1
1182 1942 2008 1
271 1592 2385 1
2082 1226 2459 1
1297 2320 2448 1
1601 1256 1853 1
1415 1711 1712 1
2185 2184 2362 1
1942 1494 2008 1
1486 2227 2394 1
1846 1193 2139 1
1418 1759 2315 1
2057 640 2483 1
1526 1036 1604 1
238 1536 2144 1
1494 1234 2008 1
1234 1494 2532 1
1260 1621 2382 1
258 1575 1916 1
1575 1288 1916 1
1581 222 1790 1
1700 1698 2193 1
1577 258 1842 1
1585 254 1587 1
1034 1574 2307 1
1944 199 1988 1
1036 880 1604 1
1364 1552 2064 1
1523 208 1562 1
208 1523 1601 1
1942 1182 2466 1
1212 1738 1747 1
1037 1547 2287 1
979 2046 2423 1
1666 1982 1983 1
1750 1453 2427 1
218 36 2013 1
1547 1037 2280 1
1552 984 2064 1
1587 254 1608 1
36 37 2013 1
533 1717 2269 1
640 2057 2478 1
1584 1590 1591 1
1827 211 1829 1
1415 1712 1839 1
1843 640 2478 1
243 2273 2429 1
1520 240 2180 1
551 636 1717 1
1952 1420 2390 1
58 59 1562 1
211 1827 1828 1
1584 1121 1590 1
25 26 1955 1
1558 658 2341 1
1694 221 1695 1
1596 2137 2354 1
1563 227 1565 1
1563 1244 2221 1
1625 205 1919 1
240 1800 2022 1
1501 232 2539 1
1712 405 1839 1
658 1558 2381 1
277 274 1542 1
2201 1539 2266 1
1851 1946 2328 1
231 1517 2239 1
2273 1609 2429 1
1566 1189 2019 1
1711 1415 1713 1
533 551 1717 1
1212 1747 1748 1
1598 1501 1599 1
293 450 1855 1
284 341 1824 1
2227 206 2394 1
1520 265 2491 1
1654 269 2252 1
1236 1603 1953 1
1236 1109 1603 1
265 1520 2180 1
2053 1750 2427 1
1 196 273 1
1502 1504 2558 1
942 1751 2157 1
1365 2019 2079 1
771 2201 2266 1
1663 1666 1983 1
208 58 1562 1
1513 2268 2438 1
452 1551 1696 1
222 1579 1842 1
1326 1308 1829 1
1452 2085 2151 1
1390 1393 1713 1
2137 1079 2354 1
1489 203 2431 1
1795 198 1797 1
1846 2167 2173 1
2167 1533 2173 1
636 1716 1717 1
1625 1919 2380 1
203 1489 2323 1
1183 1821 1978 1
1724 1665 1887 1
1955 1812 2399 1
227 1563 2221 1
254 1585 1790 1
1539 635 1759 1
1962 212 1999 1
1530 2128 2560 1
1945 1944 1988 1
1615 230 2310 1
1628 248 1765 1
521 1521 2046 1
1759 635 2315 1
1508 1770 1771 1
47 48 2219 1
2128 1530 2260 1
880 785 1604 1
1551 452 1697 1
2340 1559 2355 1
1652 1651 2422 1
1611 2262 2281 1
1695 221 1706 1
1645 601 2390 1
699 286 1824 1
1554 2372 2398 1
1536 238 2203 1
2046 1521 2423 1
2262 1076 2281 1
1036 1526 2254 1
1654 2252 2403 1
641 696 1667 1
1517 231 2371 1
1128 1501 1598 1
1553 1554 2398 1
1729 1017 1731 1
1548 1559 2340 1
1784 1491 2544 1
426 452 1696 1
1982 1666 2181 1
1306 1827 1829 1
232 1501 2436 1
2268 926 2438 1
1076 1635 2281 1
1797 198 2368 1
1517 1518 1630 1
2241 1637 2531 1
1545 1637 2241 1
1537 1538 2183 1
257 1560 2032 1
1325 1652 2422 1
1655 241 2220 1
1137 1822 1823 1
1662 1663 1983 1
1566 260 2018 1
1606 884 1799 1
140 141 2208 1
1415 1388 1713 1
1579 1577 1842 1
521 1554 2271 1
1702 1278 2278 1
1798 1443 1799 1
195 1 273 1
1334 1751 1874 1
601 1645 2351 1
1210 2245 2254 1
1521 521 2271 1
1213 1334 1874 1
1137 1821 1822 1
231 1692 2371 1
261 1633 1814 1
1655 2220 2376 1
1545 1214 2134 1
1585 1581 1790 1
1009 1768 2113 1
611 2134 2172 1
56 57 1853 1
416 422 2055 1
1688 1141 2384 1
945 279 1567 1
1443 1798 1800 1
542 619 2027 1
277 1542 1567 1
2183 1538 2582 1
964 1537 2183 1
1183 1818 1821 1
1423 1622 1623 1
1098 945 1567 1
1423 1236 1622 1
385 382 1928 1
968 1620 2435 1
405 1588 1839 1
444 2272 2443 1
1620 968 2439 1
248 1569 2514 1
239 1519 2363 1
1645 1646 2324 1
1427 2049 2303 1
1017 1729 2062 1
1622 1236 1953 1
1594 1615 2310 1
1775 2185 2362 1
634 531 2269 1
453 485 1697 1
516 1596 1597 1
1925 704 2197 1
440 2291 2454 1
1565 227 2208 1
1109 1197 1603 1
1554 521 2372 1
516 1595 1596 1
1037 1834 2280 1
26 262 1955 1
1729 1728 2062 1
1443 1606 1799 1
1720 1355 2132 1
613 2311 2408 1
291 293 1855 1
704 1925 2198 1
1769 1990 2121 1
2393 1375 2428 1
1197 1555 1603 1
1519 239 2392 1
1648 202 2025 1
2144 1524 2225 1
1813 1812 1955 1
1537 964 2591 1
2384 1141 2437 1
1621 2025 2382 1
1645 2324 2351 1
2394 2246 2584 1
1429 2222 2236 1
436 2317 2467 1
636 1714 1716 1
635 1539 2201 1
435 433 1836 1
1751 1334 2157 1
1517 1630 2239 1
619 1613 2027 1
1489 1536 2203 1
2199 886 2218 1
1244 2192 2221 1
1552 1845 2139 1
452 453 1697 1
2282 825 2415 1
226 25 1955 1
2184 214 2362 1
1590 1121 2211 1
428 1720 2270 1
516 510 1595 1
212 1962 2551 1
1834 1037 2497 1
1421 1644 1645 1
1560 2200 2399 1
1021 897 1573 1
262 1813 1955 1
1731 1017 1928 1
260 1566 2019 1
1568 1021 1573 1
1674 634 2269 1
2055 428 2270 1
1495 1823 2566 1
97 98 1748 1
1220 1605 1695 1
1823 1824 2566 1
1605 1142 1695 1
1508 1507 1990 1
1887 1665 2519 1
1193 1846 2173 1
1536 1364 2064 1
642 641 1667 1
1700 1011 2065 1
1821 1137 1978 1
255 1961 2237 1
1722 1016 1723 1
942 1602 1751 1
2120 583 2318 1
2048 1358 2296 1
2168 1749 2264 1
1410 1658 1991 1
2070 2348 2525 1
226 1955 2399 1
1813 262 1954 1
1556 2199 2218 1
2291 1910 2454 1
634 1674 2534 1
1121 934 2211 1
1658 1531 1991 1
1635 1076 2379 1
1421 1643 1644 1
601 2124 2390 1
256 1540 2231 1
1697 1698 1699 1
1069 1881 2452 1
1263 1556 2168 1
428 426 1696 1
1881 1069 2465 1
1536 2064 2144 1
433 1690 1836 1
510 509 1595 1
1489 2203 2323 1
2245 1356 2254 1
872 1661 1662 1
984 1552 2139 1
1215 1598 1599 1
2085 1452 2401 1
1246 1376 2288 1
1555 1197 2120 1
2272 1509 2443 1
1058 1611 2209 1
1257 1693 2054 1
2371 1692 2514 1
1808 2289 2295 1
538 517 1597 1
1800 1798 2022 1
901 1702 2278 1
2317 1492 2467 1
165 166 1842 1
2289 617 2295 1
1600 1714 2087 1
1702 2343 2373 1
450 1016 1855 1
1259 1260 2382 1
274 273 1542 1
1731 1430 2236 1
1714 636 2087 1
400 402 1840 1
1159 1700 2065 1
433 431 1690 1
167 168 1790 1
2134 1214 2172 1
261 1814 2468 1
1560 257 2200 1
1214 1545 2241 1
279 277 1567 1
2350 1614 2365 1
1016 1722 1855 1
1662 1983 2258 1
1128 1598 2016 1
228 2356 2574 1
2233 1297 2386 1
1604 785 2217 1
2369 2049 2412 1
1561 904 2263 1
2162 245 2163 1
2135 1681 2240 1
2250 103 2293 1
1617 209 2017 1
498 745 2001 1
495 1570 2178 1
1515 1832 1834 1
526 1657 2315 1
223 47 2219 1
2012 218 2013 1
214 1559 2362 1
2049 1200 2303 1
1438 1688 2384 1
206 2246 2394 1
1657 1418 2315 1
1540 256 2505 1
2227 1486 2491 1
1454 1547 2282 1
2343 931 2373 1
2311 1787 2408 1
1747 97 1748 1
1022 1108 1699 1
509 1589 1595 1
517 516 1597 1
2070 2525 2539 1
1763 1326 1764 1
141 270 2208 1
1994 1566 2018 1
785 781 2217 1
1665 1724 2007 1
382 418 1928 1
696 872 1667 1
1021 1568 1627 1
946 2350 2365 1
518 1992 2511 1
1192 2154 2583 1
2334 1789 2346 1
370 368 1843 1
872 1660 1661 1
1570 1120 2307 1
1131 1300 2117 1
1157 1895 2342 1
1430 1429 2236 1
1454 2282 2415 1
1831 1832 2089 1
1935 1463 2145 1
1693 772 2054 1
697 643 1752 1
1822 1819 2103 1
1279 2160 2189 1
2140 193 2256 1
1547 1454 2287 1
514 542 2027 1
2342 1895 2345 1
1556 1263 2199 1
2048 234 2250 1
1990 213 2121 1
307 2067 2564 1
2007 1850 2181 1
2356 2513 2574 1
1697 485 1698 1
1728 1190 2062 1
1570 495 1836 1
1832 1515 2089 1
1621 1260 2472 1
1650 1649 2331 1
699 1822 2103 1
1688 1438 2490 1
418 2369 2412 1
422 428 2055 1
1562 59 2225 1
1518 1098 1567 1
2155 1225 2219 1
1611 1296 2209 1
2140 1259 2382 1
1215 1599 2162 1
2564 2067 2571 1
221 1694 2187 1
1243 1634 1636 1
992 2135 2240 1
1666 2007 2181 1
1531 1658 1992 1
1558 771 2266 1
98 201 1748 1
1589 509 1638 1
1947 1039 2328 1
1990 1507 2585 1
230 1615 2327 1
239 1548 2340 1
1584 225 2148 1
1421 1406 1643 1
1696 1355 1720 1
2192 1244 2226 1
1071 1886 2469 1
1238 1720 2132 1
620 623 1931 1
57 208 1853 1
1919 253 2380 1
1661 1629 1664 1
2054 416 2055 1
1657 526 2570 1
1559 214 2355 1
1263 2168 2264 1
1406 1404 1643 1
1886 1071 2475 1
1039 1982 2181 1
196 2 1630 1
1159 1022 1699 1
637 936 1636 1
2 3 1630 1
1673 2305 2359 1
1613 619 1931 1
1909 2285 2313 1
929 2333 2377 1
1017 385 1928 1
1021 1627 1660 1
1627 1629 1660 1
1650 2331 2361 1
431 481 1690 1
1673 2304 2305 1
1376 2294 2300 1
1686 370 1843 1
1607 795 1837 1
1667 1662 2258 1
2200 226 2399 1
2498 1546 2501 1
1610 1261 1854 1
1818 1183 2117 1
775 1600 2087 1
2294 774 2300 1
1449 2048 2296 1
1483 1080 1616 1
1588 405 1840 1
2202 1708 2249 1
1868 1781 2119 1
1548 239 2363 1
1786 1787 2298 1
1505 2533 2543 1
1966 1945 1988 1
1378 2471 2481 1
1616 1511 2179 1
1549 905 2486 1
238 2144 2225 1
1482 1652 2506 1
495 435 1836 1
1546 1659 2501 1
1619 1203 2084 1
1682 498 2001 1
227 140 2208 1
2482 1550 2595 1
1600 775 1766 1
1816 2204 2212 1
1838 2105 2127 1
1763 1762 2557 1
1280 1279 2189 1
258 165 1842 1
1469 1466 1609 1
1646 312 2324 1
2154 1535 2367 1
1142 1605 2071 1
2298 1787 2311 1
194 195 244 1
85 86 247 1
1999 212 2000 1
48 2155 2219 1
1900 2440 2462 1
795 1607 1838 1
1201 1619 2084 1
362 359 1838 1
470 479 1682 1
1770 1508 1990 1
56 1853 2392 1
1612 811 1856 1
405 400 1840 1
1881 1882 2446 1
273 196 1542 1
1505 2098 2533 1
1455 2413 2420 1
1225 2155 2590 1
1881 2446 2452 1
479 498 1682 1
1468 1469 1615 1
481 1689 1690 1
1683 1670 1989 1
481 501 1689 1
1259 2140 2256 1
2553 1763 2557 1
2471 1968 2481 1
372 370 1686 1
1634 1243 2134 1
1602 942 1752 1
2105 978 2127 1
222 167 1790 1
797 1772 2131 1
2179 272 2302 1
1916 1288 1917 1
1896 1426 2508 1
2380 253 2589 1
771 1558 2341 1
963 1128 2016 1
676 1141 1687 1
1517 1098 1518 1
815 1653 1987 1
1687 1141 1688 1
1190 1728 1848 1
584 637 1636 1
1769 1770 1990 1
199 1944 2512 1
2022 1797 2368 1
1544 2518 2528 1
1776 1557 2580 1
1376 1997 2288 1
1715 1544 2528 1
1300 1873 2117 1
949 1868 2119 1
942 697 1752 1
1893 694 2150 1
254 169 1608 1
391 1553 2398 1
244 195 273 1
1738 1212 2461 1
1904 2434 2455 1
876 642 2258 1
1144 2132 2133 1
1524 1562 2225 1
1450 2250 2293 1
1192 2400 2450 1
1557 2572 2580 1
1520 1441 1800 1
1992 1658 2511 1
368 640 1843 1
1837 795 1915 1
1108 1551 1699 1
1426 1896 2535 1
1573 897 2157 1
1615 1469 2327 1
1652 1482 2523 1
1535 2154 2450 1
402 797 1840 1
231 5 1692 1
904 762 2263 1
1711 1713 2378 1
1668 1670 1683 1
255 2237 2425 1
169 170 1608 1
884 1606 2196 1
1635 1261 2281 1
1542 1518 1567 1
191 202 1648 1
1794 1793 2257 1
359 795 1838 1
1649 1330 2331 1
1018 2334 2346 1
1935 217 2141 1
1768 1745 2113 1
1409 1641 1642 1
745 749 2001 1
1261 789 1854 1
1856 811 2021 1
1056 945 1098 1
936 1243 1636 1
1508 1771 2358 1
1680 470 1682 1
600 2202 2249 1
168 254 1790 1
1935 2145 2517 1
1664 1629 2336 1
1961 255 2329 1
200 1739 1741 1
1543 1491 2507 1
2347 1204 2389 1
90 91 1773 1
190 191 1648 1
619 620 1931 1
815 2228 2263 1
642 1667 2258 1
1730 927 1732 1
1441 1443 1800 1
1301 1766 2122 1
1639 1410 1991 1
1291 2096 2411 1
1551 1697 1699 1
611 1634 2134 1
1495 1136 1823 1
1219 1564 1637 1
2022 2368 2559 1
93 94 1740 1
1555 2120 2318 1
1183 1131 2117 1
2154 1192 2450 1
1298 1280 2210 1
166 222 1842 1
1151 1486 1703 1
312 1646 2588 1
896 905 1632 1
736 733 1732 1
143 144 232 1
1624 19 2330 1
1347 1856 2021 1
1249 1098 1517 1
328 1844 2488 1
706 1549 2486 1
1645 1644 1646 1
467 470 1680 1
1421 1645 2390 1
1403 1397 1639 1
2440 356 2462 1
1328 1571 1721 1
323 1546 2498 1
2222 927 2236 1
1752 643 1893 1
2204 1207 2212 1
1243 1545 2134 1
1782 220 2159 1
1317 1327 1675 1
1409 1640 1641 1
2228 1561 2263 1
501 534 2136 1
5 6 1692 1
2218 1736 2322 1
1006 1992 2424 1
1285 1284 2206 1
1407 1532 1640 1
905 1549 2540 1
1461 1329 1541 1
504 503 1638 1
1659 1477 2483 1
679 1687 1688 1
1321 1332 1708 1
384 372 1686 1
1195 1215 1510 1
1739 200 1740 1
1874 1495 2418 1
1766 775 2122 1
1279 2138 2160 1
1544 421 2518 1
1000 1219 1637 1
1488 2463 2466 1
1488 1715 2463 1
1023 1024 1195 1
2413 361 2420 1
248 7 1765 1
200 93 1740 1
815 758 1653 1
2132 1354 2133 1
1689 501 2136 1
1840 797 2131 1
1291 1540 2096 1
1587 2393 2428 1
1195 1511 1616 1
941 2482 2595 1
187 188 1651 1
1328 1329 1461 1
1811 1299 1812 1
1340 2100 2120 1
623 811 1931 1
1196 1781 1805 1
1323 1328 1721 1
1133 1488 2466 1
1752 1893 2150 1
1315 1317 1675 1
1328 1324 1329 1
1280 2189 2210 1
1173 1299 1811 1
1601 1523 2577 1
1593 2489 2496 1
257 2032 2548 1
1359 2357 2430 1
183 1764 2370 1
1136 1137 1823 1
1741 1744 1746 1
1323 1324 1328 1
1047 1142 2071 1
1466 1447 1609 1
811 1612 1931 1
824 2409 2481 1
902 885 1023 1
1319 1321 1708 1
538 1597 2142 1
338 1626 2034 1
1781 1196 2119 1
2138 1284 2160 1
1323 1322 1324 1
1989 1670 2003 1
1640 1532 1641 1
1397 1394 1639 1
927 736 1732 1
2237 1960 2316 1
1404 1409 1643 1
2163 2568 2574 1
1010 1794 2257 1
509 504 1638 1
1692 248 2514 1
2588 1646 2597 1
1400 1407 1640 1
7 8 1765 1
1728 1726 1848 1
200 1741 1746 1
513 515 1691 1
1862 1890 1980 1
499 1862 1980 1
688 842 885 1
1721 1571 1722 1
423 1668 1683 1
338 1831 2089 1
1321 1322 1323 1
670 673 1701 1
292 290 1820 1
1080 1023 1616 1
1675 1327 1676 1
1526 1210 2254 1
1992 1006 2521 1
1945 1966 2337 1
1157 1583 2333 1
1056 1098 1249 1
1195 1510 1511 1
1468 1466 1469 1
1311 1331 1716 1
1799 884 1801 1
1480 1481 1756 1
1491 1543 2544 1
1594 1471 1615 1
1287 1286 1297 1
2108 1413 2169 1
1319 1320 1321 1
2333 1583 2377 1
2489 2232 2496 1
1439 1444 1445 1
1195 1024 1215 1
1779 1793 1914 1
869 1261 1635 1
1592 1471 1594 1
1447 1445 1448 1
1464 2332 2349 1
2091 1191 2106 1
1023 885 1024 1
1321 1320 1322 1
1317 1318 1319 1
657 659 688 1
1665 1664 2519 1
1231 1080 1483 1
822 741 1754 1
1149 1837 1915 1
515 670 1701 1
1278 1678 2278 1
793 1012 1784 1
204 2077 2421 1
610 611 612 1
1211 2091 2106 1
1447 1448 1609 1
1857 1374 2063 1
1313 1315 1674 1
1674 1315 1675 1
1723 1016 2093 1
251 1767 1769 1
1143 822 1754 1
1319 1318 1320 1
296 292 1820 1
1677 469 1679 1
1952 979 2423 1
672 676 1687 1
688 885 902 1
2434 1360 2455 1
2400 1534 2450 1
1774 1083 1775 1
656 612 657 1
1902 965 2083 1
186 207 1761 1
1078 1753 2014 1
1726 714 1848 1
1471 1468 1615 1
837 839 2065 1
887 1857 2063 1
1309 1311 1716 1
2458 2148 2556 1
1023 1195 1616 1
1691 515 1701 1
1709 493 1710 1
1039 2181 2328 1
1753 1274 2014 1
1439 1437 1444 1
1128 1341 1501 1
1546 323 2545 1
503 682 1638 1
733 732 1732 1
1317 1316 1318 1
1315 1316 1317 1
609 588 610 1
1756 1481 2031 1
1203 1179 2084 1
678 677 706 1
94 1733 1740 1
1572 658 2381 1
1024 885 2016 1
1852 2196 2235 1
185 186 1761 1
1435 1436 1437 1
706 1631 2510 1
1043 1083 1774 1
1523 1096 2577 1
217 1814 2141 1
1589 1638 1984 1
1012 1491 1784 1
777 884 2196 1
19 1624 2587 1
144 145 2070 1
1651 188 2102 1
1553 391 2537 1
1769 1768 1770 1
1103 1431 1432 1
399 405 1712 1
989 880 1036 1
1662 1661 1663 1
2421 2077 2548 1
1388 1387 1389 1
1417 2108 2169 1
1819 1820 2103 1
2542 2477 2558 1
388 384 1684 1
1739 1737 1742 1
1185 1121 1584 1
963 1093 1128 1
1647 1149 1802 1
1786 617 2289 1
675 674 677 1
1435 1432 1436 1
767 769 2088 1
1638 682 1984 1
548 584 585 1
1481 1913 2031 1
539 547 548 1
447 495 1707 1
2502 706 2510 1
201 99 1804 1
1149 1647 1837 1
91 1746 1773 1
1134 1110 1286 1
1430 1731 2555 1
4 5 231 1
1224 990 1632 1
1257 2054 2055 1
1716 1331 1717 1
1190 707 2125 1
585 584 1636 1
1243 938 1545 1
1103 1102 1431 1
1844 328 2530 1
1287 1297 1336 1
871 897 1021 1
587 585 588 1
469 467 1680 1
1802 349 1950 1
1789 1760 2060 1
265 2227 2491 1
1772 797 2010 1
246 190 1648 1
397 493 1709 1
1714 1309 1716 1
1815 1816 1937 1
936 937 938 1
902 1023 1080 1
1753 1078 2015 1
1101 1102 1103 1
1390 1389 1391 1
610 588 611 1
391 392 1718 1
990 896 1632 1
1816 690 1937 1
673 672 674 1
1392 1391 1410 1
1134 1286 1287 1
1307 1309 1714 1
1326 1763 2553 1
2285 2000 2313 1
1583 1157 2342 1
267 2192 2226 1
657 612 659 1
904 1561 2358 1
1448 2012 2013 1
1315 1314 1316 1
208 1601 1853 1
95 233 1733 1
2152 539 2165 1
1073 1453 1750 1
1684 384 1686 1
1011 837 2065 1
1758 1789 2060 1
1564 1563 1565 1
1438 1437 1439 1
207 187 1651 1
469 1677 1725 1
1744 1743 1745 1
522 1933 2146 1
1387 1539 1759 1
896 786 905 1
938 1000 1637 1
1793 1791 1914 1
1313 1314 1315 1
1188 1633 2109 1
1646 1644 2597 1
1407 1408 1529 1
1386 1387 1388 1
251 90 1773 1
823 870 1749 1
1083 869 1635 1
940 1027 1110 1
1767 1768 1769 1
1386 1385 1387 1
1400 1403 1407 1
1611 1058 2262 1
1678 2135 2255 1
1668 631 1669 1
869 789 1261 1
6 7 248 1
1410 1656 1658 1
1610 1296 1611 1
9 10 1887 1
1598 1024 2016 1
537 538 539 1
1388 1389 1390 1
1733 1734 1735 1
197 9 1887 1
1730 1731 2236 1
1992 518 2424 1
189 190 246 1
1233 1833 1847 1
1296 541 1691 1
1462 1902 2083 1
1446 1445 1447 1
1101 1100 1102 1
940 1134 1653 1
871 697 897 1
889 1173 2041 1
1781 1777 1805 1
789 621 1854 1
696 697 871 1
1398 1397 1400 1
513 487 515 1
64 65 2020 1
637 800 936 1
1493 1234 2532 1
2074 1500 2078 1
1619 1201 2174 1
515 669 670 1
1568 1569 1627 1
1741 1739 1742 1
421 1544 2561 1
629 661 1889 1
1754 742 2130 1
1741 1743 1744 1
1741 1742 1743 1
2312 576 2326 1
1733 233 1734 1
1434 1432 1435 1
688 902 2044 1
512 516 517 1
483 491 2093 1
689 463 1725 1
677 679 1631 1
940 1110 1134 1
548 547 584 1
1483 1616 2179 1
1311 1312 1313 1
1767 1745 1768 1
2286 922 2306 1
244 273 274 1
541 513 1691 1
1105 1812 1813 1
1429 2186 2222 1
1826 1285 1963 1
936 938 1243 1
1142 1694 1695 1
1153 689 1725 1
1838 1607 2105 1
1396 1394 1397 1
1062 934 1121 1
1016 483 2093 1
1384 1383 1385 1
610 612 656 1
670 671 672 1
6 248 1692 1
1219 1244 1563 1
417 631 1668 1
392 395 1718 1
537 517 538 1
1284 2138 2206 1
1332 1721 1723 1
1285 1941 1963 1
453 427 454 1
1384 1385 1386 1
1309 1310 1311 1
1821 1819 1822 1
95 96 233 1
1735 1736 1737 1
757 848 940 1
706 677 1631 1
1392 1410 1639 1
2409 1572 2481 1
94 95 1733 1
1027 1151 1703 1
688 659 842 1
1060 1100 1101 1
1452 2151 2405 1
1198 1086 1556 1
1173 1811 2041 1
536 517 537 1
604 694 1893 1
1000 1218 1219 1
1817 296 1820 1
358 360 1755 1
1331 1313 1674 1
1390 1391 1392 1
452 427 453 1
428 1696 1720 1
101 234 1803 1
1818 1817 1819 1
1135 1136 1138 1
1465 1447 1466 1
1591 1704 1705 1
1861 1862 2066 1
1119 990 1224 1
1777 572 1805 1
1529 1408 1530 1
627 629 1889 1
1744 1745 1767 1
1407 1403 1408 1
1700 1367 2484 1
1597 1596 2354 1
675 677 678 1
1313 1312 1314 1
1930 2148 2458 1
1549 706 2502 1
191 192 202 1
1647 1802 1950 1
260 2019 2020 1
1219 1563 1564 1
938 937 1000 1
362 1838 2127 1
1307 1308 1309 1
1197 1340 2120 1
583 1894 2318 1
1400 1397 1403 1
1139 1506 1694 1
1735 1737 1739 1
801 2071 2143 1
868 789 869 1
936 800 937 1
681 793 1784 1
823 822 870 1
931 767 2088 1
670 672 673 1
986 823 1749 1
1311 1310 1312 1
1694 1506 2187 1
251 1769 2121 1
1513 1515 2268 1
1889 1347 2021 1
1047 1139 1142 1
1755 360 1949 1
687 798 799 1
741 739 1754 1
11 12 235 1
539 538 547 1
1437 1436 1654 1
506 509 510 1
897 942 2157 1
872 1662 1667 1
756 750 1852 1
332 338 2034 1
673 674 675 1
486 447 487 1
739 738 742 1
1394 1392 1639 1
1043 869 1083 1
11 235 1724 1
770 1884 1885 1
821 741 822 1
1097 989 1192 1
1545 938 1637 1
540 298 1817 1
988 880 989 1
1401 1400 1640 1
1510 2162 2163 1
1780 1868 2234 1
1404 1401 1409 1
760 758 815 1
1294 492 1760 1
1855 1722 2391 1
1656 1418 1657 1
737 736 738 1
1626 338 2089 1
750 747 1852 1
453 454 455 1
1333 1935 2141 1
1730 1729 1731 1
1130 799 1474 1
1693 1427 2303 1
879 785 880 1
2100 583 2120 1
1627 1569 1628 1
395 1709 1718 1
677 674 679 1
1382 1381 1383 1
1321 1323 1332 1
540 1817 1818 1
1557 216 2572 1
515 487 669 1
1309 1308 1310 1
99 100 1804 1
397 399 493 1
395 397 1709 1
1382 1383 1384 1
821 822 823 1
512 510 516 1
1396 1397 1398 1
1668 1669 1670 1
1327 1319 1708 1
1138 1495 1874 1
1785 1514 1786 1
1410 1391 1656 1
1391 1418 1656 1
597 541 1296 1
1281 1796 1801 1
1092 1043 1774 1
1409 1401 1640 1
1746 1744 1773 1
1541 1329 1621 1
1432 1431 1655 1
1818 1819 1821 1
1407 1529 1532 1
2107 522 2146 1
506 504 509 1
98 99 201 1
1128 1093 1341 1
709 1190 1848 1
326 329 1905 1
1012 1057 1060 1
893 1073 1750 1
1933 1864 2146 1
92 93 200 1
997 1281 1801 1
1060 1057 1100 1
1612 1613 1931 1
1332 1323 1721 1
757 754 848 1
65 260 2020 1
735 733 736 1
489 503 504 1
1294 1760 1789 1
523 1891 1920 1
1138 1136 1495 1
1073 1451 1453 1
1873 1300 2182 1
463 465 1725 1
883 997 1801 1
1317 1319 1327 1
1142 1139 1694 1
848 754 1897 1
101 102 234 1
726 717 732 1
1398 1400 1401 1
1172 1380 1772 1
1420 1406 1421 1
67 68 237 1
739 742 1754 1
548 585 587 1
696 643 697 1
1515 1834 2268 1
749 747 750 1
511 510 512 1
1559 1092 1774 1
1600 1307 1714 1
1358 1203 1619 1
1380 1379 1381 1
809 1007 1135 1
426 423 427 1
870 1143 1144 1
423 417 1668 1
1002 911 1875 1
1796 1797 1798 1
737 738 739 1
1105 1811 1812 1
1663 1661 1664 1
1219 1218 1244 1
684 686 687 1
1305 1306 1307 1
1445 1444 2012 1
1608 170 2158 1
770 1883 1884 1
1144 1145 1238 1
732 1726 1727 1
1328 1461 1571 1
1982 951 1983 1
856 657 2044 1
2028 698 2034 1
1595 1475 1596 1
100 101 1803 1
656 657 856 1
1602 1138 1751 1
1679 469 1680 1
1626 2028 2034 1
1474 799 2082 1
1710 493 1711 1
328 1905 1906 1
788 621 789 1
1727 1728 1729 1
1177 1514 1785 1
793 970 1012 1
1727 1729 1730 1
1307 1306 1308 1
505 504 506 1
207 1651 1652 1
735 736 737 1
446 435 447 1
1283 1057 1892 1
799 798 893 1
1235 1875 1876 1
96 97 1747 1
1735 1734 1736 1
726 732 733 1
954 1039 1947 1
249 185 1761 1
681 680 793 1
184 185 249 1
1305 1600 1766 1
668 680 681 1
587 588 609 1
1012 970 1057 1
10 11 1724 1
647 650 1899 1
1380 1381 1382 1
91 92 1746 1
1807 1248 1808 1
1167 1248 1807 1
591 1196 1805 1
417 388 631 1
1057 970 1892 1
588 585 1634 1
745 747 749 1
1286 1110 1485 1
1660 1629 1661 1
1453 1451 1782 1
575 591 1805 1
2067 779 2571 1
1398 1402 1938 1
434 433 435 1
477 488 489 1
1135 1007 1136 1
100 1803 1804 1
676 874 1141 1
263 1930 2458 1
894 1022 1159 1
783 781 785 1
816 630 1948 1
884 883 1801 1
70 71 198 1
1678 2255 2278 1
687 686 798 1
940 848 1027 1
1119 1224 1225 1
1100 1283 1788 1
363 430 431 1
1764 183 2547 1
924 1926 2050 1
422 417 423 1
1262 1607 1837 1
870 1144 2133 1
812 1806 1964 1
755 754 757 1
1151 1440 1486 1
1235 1002 1875 1
1281 1795 1796 1
1791 566 1914 1
1467 1466 1468 1
360 362 363 1
163 164 1916 1
1681 2001 2240 1
1108 1355 1551 1
1391 1389 1418 1
757 940 1653 1
1135 1138 1602 1
1861 2066 2107 1
753 752 754 1
1239 1241 1257 1
591 592 593 1
593 594 595 1
943 681 1034 1
717 714 1726 1
2071 1605 2143 1
1819 1817 1820 1
1329 1330 1621 1
595 604 605 1
1831 796 1832 1
1396 1398 1938 1
1055 945 1056 1
646 644 1967 1
1613 1458 1614 1
956 954 1947 1
687 799 1130 1
1087 1086 1198 1
658 1572 2409 1
641 643 696 1
2160 1026 2189 1
1701 2164 2209 1
1344 1113 1825 1
1329 1324 1330 1
597 1296 1610 1
404 407 2010 1
1186 1188 2050 1
164 165 258 1
1796 1795 1797 1
300 540 1873 1
1172 1379 1380 1
358 359 360 1
1796 1799 1801 1
475 476 477 1
1872 1933 2188 1
641 605 643 1
1311 1313 1331 1
427 423 1683 1
595 594 604 1
570 572 1777 1
432 431 433 1
1439 1445 1446 1
489 488 503 1
1548 1092 1559 1
65 66 260 1
465 469 1725 1
331 333 1883 1
902 1230 2044 1
186 187 207 1
758 757 1653 1
1062 1121 1185 1
346 349 1802 1
2493 1593 2496 1
593 592 594 1
1456 1457 1458 1
1403 1639 1991 1
564 566 1791 1
92 200 1746 1
1103 1432 1434 1
1130 1474 1475 1
1034 681 1784 1
934 856 2211 1
465 467 469 1
246 1648 1649 1
987 986 1086 1
661 1888 1889 1
477 476 488 1
668 667 680 1
313 825 1835 1
1890 1891 1980 1
924 798 1926 1
298 296 1817 1
141 142 270 1
540 1818 2117 1
670 669 671 1
486 487 513 1
455 456 457 1
1866 342 1867 1
1150 848 1897 1
1877 698 1965 1
616 667 668 1
1867 2347 2389 1
1387 1385 1539 1
770 331 1883 1
798 686 1926 1
1845 1059 1846 1
1677 1153 1725 1
1113 930 1825 1
189 246 2102 1
738 736 927 1
972 1059 1845 1
363 431 432 1
1185 1584 2148 1
899 823 986 1
820 741 821 1
745 746 747 1
1103 1434 1783 1
14 15 199 1
1444 1437 1654 1
1170 1172 1772 1
1172 1378 1379 1
1074 924 2050 1
1435 1437 1438 1
17 18 236 1
1231 1483 1704 1
205 105 1919 1
416 388 417 1
836 1011 1360 1
1456 1455 1457 1
1277 1153 1278 1
1305 1304 1306 1
345 340 1877 1
355 357 358 1
575 590 591 1
8 9 197 1
159 160 263 1
1422 1274 1753 1
2571 779 2597 1
1861 2107 2146 1
1090 1333 2061 1
168 169 254 1
327 796 1831 1
475 473 476 1
1647 1262 1837 1
498 744 745 1
1302 1304 1305 1
1278 1677 1678 1
724 728 1907 1
1374 1038 1993 1
212 115 2213 1
1383 1381 1558 1
1305 1307 1600 1
24 25 226 1
751 750 752 1
1302 1305 1766 1
617 1786 2298 1
1643 1642 1644 1
645 647 1899 1
644 824 1967 1
591 590 592 1
740 739 741 1
893 1750 2082 1
614 660 1815 1
2186 742 2222 1
506 511 1757 1
732 717 1726 1
455 454 456 1
328 326 1905 1
797 404 2010 1
1278 1153 1677 1
306 342 1866 1
1393 1392 1394 1
1436 1432 1655 1
73 74 240 1
614 1815 1937 1
447 435 495 1
512 517 536 1
1241 1427 1693 1
687 1130 1984 1
1780 2234 2244 1
929 724 1907 1
870 822 1143 1
457 458 459 1
1892 1813 1954 1
1162 345 1877 1
1008 1869 1870 1
1220 1695 2567 1
793 969 970 1
449 472 473 1
202 192 2140 1
329 770 1905 1
1612 1458 1613 1
1346 1455 1456 1
965 478 1830 1
104 105 205 1
672 671 676 1
1767 251 1773 1
1301 1302 1766 1
1556 1086 2168 1
1238 1145 1239 1
268 2233 2386 1
106 107 253 1
179 180 250 1
1105 1813 1892 1
1144 1143 1145 1
1727 1726 1728 1
610 656 2115 1
1602 1752 2150 1
1786 1514 1787 1
54 55 239 1
973 975 1301 1
1274 429 2014 1
1833 796 1847 1
1170 1171 1172 1
1778 1781 1868 1
446 447 486 1
1127 1347 1888 1
572 575 1805 1
361 358 1755 1
1170 1772 2010 1
1257 1241 1693 1
1395 1394 1396 1
986 1749 2168 1
1158 1967 1968 1
1008 854 1869 1
994 1161 1815 1
1012 1060 1491 1
1796 1798 1799 1
630 628 1948 1
1891 1898 1920 1
962 1127 1888 1
70 198 2052 1
749 750 751 1
60 61 238 1
1733 1735 1740 1
568 570 573 1
354 353 355 1
1041 1183 1978 1
1104 689 1153 1
1374 1993 2063 1
581 607 1826 1
1409 1642 1643 1
1096 985 1335 1
1862 499 2066 1
606 605 641 1
235 1850 2007 1
89 90 251 1
1862 1859 1890 1
1165 1167 1807 1
734 733 735 1
1373 1374 1375 1
584 586 637 1
1771 904 2358 1
991 1858 1859 1
995 996 1284 1
17 236 1966 1
831 1913 1971 1
1815 1161 1816 1
536 537 579 1
1191 944 1809 1
568 573 1914 1
321 1233 1847 1
702 700 1898 1
1233 1160 1547 1
2000 212 2213 1
363 432 1949 1
1678 1677 1679 1
597 1610 1854 1
1346 1345 1455 1
1130 1589 1984 1
582 546 1923 1
161 162 224 1
434 435 446 1
1806 1178 1964 1
871 1021 1660 1
237 68 2011 1
714 711 1848 1
1865 309 1866 1
1859 1858 1890 1
315 313 1835 1
462 461 463 1
994 1107 1161 1
22 23 257 1
300 298 540 1
1669 631 1671 1
336 1878 1879 1
449 448 472 1
457 456 458 1
506 510 511 1
1679 1680 1681 1
1698 485 2193 1
1277 1278 1702 1
1373 1038 1374 1
26 27 262 1
725 717 726 1
534 554 2136 1
336 1879 1880 1
166 167 222 1
1194 720 1924 1
995 1285 1826 1
716 714 717 1
616 666 667 1
2196 1606 2235 1
655 827 995 1
474 473 475 1
1913 1481 1971 1
357 353 1915 1
1944 1943 1946 1
732 1727 1732 1
1552 1118 1845 1
355 353 357 1
1832 1833 1834 1
352 351 353 1
1008 1870 1871 1
67 237 2018 1
788 789 868 1
1118 972 1845 1
573 570 1777 1
1452 1074 2109 1
660 994 1815 1
1283 1892 1954 1
445 448 449 1
249 1761 1762 1
1161 1107 1204 1
1072 944 1191 1
1127 1345 1346 1
1173 1232 1299 1
174 175 252 1
1266 1120 1570 1
1139 1505 1506 1
336 335 1878 1
754 752 1897 1
1167 1175 1248 1
1375 1374 1857 1
566 567 568 1
1163 1164 1165 1
991 845 1858 1
682 684 1984 1
87 213 1719 1
573 1777 1778 1
1101 1103 1783 1
1177 1513 1514 1
711 709 1848 1
432 433 434 1
503 525 682 1
1402 1401 1404 1
1275 1274 1422 1
668 681 943 1
1301 975 1302 1
1127 1126 1345 1
459 460 461 1
2096 215 2411 1
564 565 566 1
795 357 1915 1
1357 1203 1358 1
1778 1777 1781 1
1885 1884 1886 1
1175 1177 1785 1
309 306 1866 1
1132 1158 1896 1
868 869 1043 1
1320 1318 1325 1
355 358 361 1
962 1126 1127 1
1416 1406 1420 1
1202 1179 1203 1
181 182 211 1
570 571 572 1
1551 1355 1696 1
554 615 616 1
893 924 1073 1
911 1008 1875 1
825 311 1865 1
410 977 1170 1
637 638 800 1
568 569 570 1
919 918 920 1
650 973 1899 1
1000 1001 1218 1
1832 796 1833 1
607 655 1826 1
1527 2152 2165 1
1431 1102 1433 1
1074 2050 2109 1
1412 1399 1413 1
781 579 2217 1
1780 1778 1868 1
1165 1164 1167 1
387 384 388 1
257 23 2200 1
1343 1344 1359 1
489 504 505 1
682 683 684 1
839 894 2065 1
351 348 1149 1
1166 1165 1245 1
1359 1344 1366 1
1154 1155 1157 1
479 496 498 1
487 447 1707 1
463 464 465 1
174 252 1934 1
1929 1185 1930 1
777 883 884 1
203 64 2020 1
369 371 1951 1
10 1724 1887 1
311 309 1865 1
462 463 689 1
1436 1655 2376 1
1245 1165 1807 1
684 685 686 1
852 847 1863 1
546 596 1923 1
1186 1187 1188 1
1901 965 1902 1
1223 807 2033 1
852 1863 1869 1
340 337 1877 1
930 920 1825 1
1047 1085 1139 1
655 995 1826 1
920 921 922 1
1591 1231 1704 1
333 336 1883 1
1792 1791 1793 1
351 1149 1915 1
1248 1175 1785 1
1470 1468 1471 1
1939 1182 2008 1
1405 1404 1406 1
1246 1245 1376 1
573 1779 1914 1
709 707 1190 1
1888 1347 1889 1
321 1160 1233 1
459 458 460 1
358 357 359 1
965 1830 2083 1
1104 1153 1277 1
1898 700 1920 1
1553 1414 1554 1
752 750 756 1
995 827 996 1
8 197 1765 1
1386 1388 1415 1
459 461 462 1
1073 1074 1451 1
889 1032 1173 1
696 871 872 1
1296 1691 2209 1
1163 1162 1164 1
443 441 444 1
426 427 452 1
505 506 1757 1
443 444 445 1
1364 1118 1552 1
1943 956 1947 1
349 1162 1163 1
371 374 1951 1
879 880 988 1
995 1284 1285 1
246 1650 2102 1
752 756 1897 1
49 50 266 1
605 604 1893 1
360 359 362 1
1532 1529 1974 1
344 345 346 1
1617 2017 2425 1
445 444 448 1
828 960 1154 1
322 321 1847 1
920 922 1825 1
453 455 485 1
1379 1378 1572 1
631 388 1684 1
1871 1870 1872 1
713 711 714 1
897 697 942 1
363 362 430 1
872 871 1660 1
988 989 1097 1
338 330 1831 1
783 785 879 1
1860 1859 1861 1
694 695 809 1
562 563 564 1
1059 855 1972 1
332 330 338 1
809 906 1007 1
1262 1258 1276 1
337 334 698 1
111 112 255 1
612 611 2172 1
1596 1475 2137 1
576 564 1791 1
916 917 918 1
591 593 1196 1
171 172 219 1
463 461 464 1
1066 1425 2005 1
1188 1282 1633 1
105 106 1919 1
1343 1113 1344 1
432 946 1949 1
465 466 467 1
743 702 1898 1
1293 492 1294 1
321 319 1160 1
498 496 744 1
916 918 919 1
106 253 1919 1
769 836 2088 1
348 346 1802 1
347 346 348 1
467 468 470 1
1281 1298 1795 1
1132 998 1158 1
350 348 351 1
819 965 1901 1
327 325 796 1
1030 865 1921 1
1273 429 1274 1
1708 1332 2249 1
919 920 930 1
1228 1113 1343 1
604 618 694 1
558 560 1894 1
562 564 576 1
1880 1879 1881 1
1115 1178 1370 1
691 881 1186 1
422 423 426 1
109 110 209 1
794 279 945 1
431 430 481 1
475 477 1760 1
457 2058 2059 1
1163 1165 1166 1
796 325 1847 1
344 340 345 1
985 816 1948 1
534 552 554 1
1039 952 1982 1
1634 585 1636 1
1154 960 1155 1
1157 1155 1895 1
1172 1171 1378 1
126 127 261 1
1160 319 1835 1
1967 824 1968 1
1166 1245 1246 1
1170 977 1171 1
252 175 1927 1
381 372 384 1
1066 1122 1425 1
346 345 349 1
2044 1230 2211 1
674 672 1687 1
991 1859 1860 1
2244 1010 2257 1
1112 930 1113 1
337 698 1877 1
922 921 923 1
1179 981 1841 1
1040 981 1179 1
492 475 1760 1
1370 1178 1372 1
745 744 746 1
581 1826 1963 1
121 122 259 1
68 69 2011 1
1861 1859 1862 1
1091 582 1923 1
728 828 1907 1
943 1034 1120 1
116 117 256 1
1247 1246 1258 1
1115 343 1178 1
313 311 825 1
1122 1476 1844 1
493 399 1712 1
1456 1458 1612 1
349 1163 1950 1
173 174 1934 1
962 1124 1126 1
131 132 264 1
63 64 203 1
747 748 1852 1
1792 1793 1794 1
31 32 241 1
892 1046 1047 1
952 951 1982 1
1879 1371 1882 1
2292 1918 2319 1
566 568 1914 1
16 1966 1988 1
1858 1168 1890 1
330 327 1831 1
576 1791 1792 1
1456 1612 1856 1
343 340 344 1
747 746 748 1
972 855 1059 1
2361 1325 2422 1
416 417 422 1
770 1885 1905 1
920 918 921 1
219 172 1977 1
1446 1447 1465 1
793 680 969 1
973 1301 1899 1
353 351 1915 1
831 833 1913 1
948 1090 2002 1
2332 1369 2349 1
915 914 916 1
1119 1225 1903 1
1899 1301 2122 1
1316 1314 1482 1
1537 1091 1538 1
1181 1091 1537 1
819 478 965 1
845 803 1858 1
1965 698 2028 1
847 845 991 1
1872 1870 1933 1
560 561 562 1
176 177 216 1
803 743 1168 1
339 337 340 1
849 962 1888 1
439 440 441 1
1863 1864 1869 1
237 1994 2018 1
57 58 208 1
1100 1057 1283 1
833 914 915 1
319 315 1835 1
572 574 575 1
693 678 786 1
16 17 1966 1
335 339 1878 1
1155 1342 1895 1
1346 1456 1856 1
1946 1943 1947 1
1262 1276 1607 1
997 1280 1281 1
1167 1174 1175 1
1228 1343 1509 1
1881 1879 1882 1
1370 1372 1620 1
306 304 342 1
1413 1399 1938 1
854 852 1869 1
1112 1113 1228 1
595 605 606 1
360 363 1949 1
1104 1277 1904 1
442 441 443 1
821 899 1809 1
1869 1864 1870 1
1479 1234 1493 1
465 464 466 1
325 322 1847 1
2164 1058 2209 1
803 1168 1858 1
1372 1178 1806 1
1487 1132 1896 1
1751 1138 1874 1
164 258 1916 1
374 376 979 1
1872 2188 2223 1
821 823 899 1
691 1186 1926 1
352 353 354 1
545 524 1920 1
2062 1190 2125 1
1870 1864 1933 1
1175 1176 1177 1
1127 1346 1347 1
1956 730 1995 1
129 130 220 1
661 849 1888 1
1266 1570 1836 1
124 125 217 1
1112 1228 1910 1
234 2048 2522 1
771 532 2201 1
467 466 468 1
172 173 1977 1
1177 1180 1513 1
1347 1346 1856 1
1448 1445 2012 1
1247 1258 1262 1
1090 1129 1333 1
524 523 1920 1
915 916 1986 1
470 468 471 1
1621 1330 2025 1
1727 1730 1732 1
575 589 590 1
849 961 962 1
439 437 440 1
335 334 337 1
114 115 212 1
1685 1686 1843 1
566 565 567 1
1425 1122 1844 1
970 969 1105 1
554 552 615 1
1589 1475 1595 1
998 646 1967 1
720 722 1924 1
51 52 214 1
1890 1168 1891 1
139 140 227 1
828 1154 1907 1
987 1086 1087 1
755 757 758 1
1476 1477 1546 1
1149 348 1802 1
392 394 395 1
554 616 2036 1
663 1939 2008 1
1450 2048 2250 1
317 315 319 1
69 70 2052 1
136 137 267 1
959 1015 1918 1
1368 1199 2147 1
349 345 1162 1
454 427 1683 1
470 471 479 1
512 536 2072 1
616 615 666 1
344 346 347 1
1302 1303 1304 1
333 332 334 1
119 120 215 1
1026 1148 1264 1
449 473 474 1
347 812 1964 1
954 952 1039 1
865 877 1921 1
667 666 889 1
1382 1384 1588 1
828 829 960 1
558 559 560 1
1701 673 2164 1
1273 1274 1275 1
1913 915 2031 1
973 974 975 1
1735 1739 1740 1
1503 1776 2068 1
134 135 221 1
1115 1370 1371 1
564 563 565 1
802 743 803 1
950 876 951 1
443 445 1830 1
302 300 1873 1
608 582 1091 1
737 739 740 1
833 915 1913 1
1155 1156 1342 1
996 1025 1026 1
1110 1027 1703 1
970 1105 1892 1
847 991 1863 1
1029 930 1112 1
833 913 914 1
401 398 2075 1
1772 1380 2131 1
1779 1778 1780 1
1173 1032 1232 1
1891 523 1980 1
916 914 917 1
1310 1308 1326 1
579 537 2152 1
844 803 845 1
1293 1294 1512 1
478 443 1830 1
320 319 321 1
1015 1052 1918 1
568 567 569 1
474 475 492 1
333 335 336 1
1041 1131 1183 1
1720 1238 2270 1
1241 1242 1427 1
643 605 1893 1
368 366 640 1
911 854 1008 1
726 734 1841 1
726 733 734 1
414 773 1969 1
958 956 1943 1
751 752 753 1
728 731 828 1
1933 522 2188 1
1052 1237 1918 1
1199 932 2069 1
1117 1478 1484 1
570 569 571 1
705 702 743 1
347 348 350 1
1027 1150 1151 1
1386 1415 1839 1
899 986 987 1
1883 1880 1884 1
877 1068 1270 1
336 1880 1883 1
339 1115 1878 1
948 1089 1090 1
395 396 397 1
1268 1112 1910 1
1020 819 1901 1
1878 1371 1879 1
596 545 700 1
331 330 332 1
1951 1952 2124 1
1166 1246 1247 1
386 390 391 1
1052 1147 1237 1
831 832 833 1
1299 1232 1560 1
820 821 1809 1
1111 1424 1979 1
1345 1126 1528 1
1503 1557 1776 1
999 998 1132 1
329 331 770 1
846 845 847 1
877 1270 1921 1
329 327 330 1
438 437 439 1
622 788 2073 1
1124 1348 1900 1
350 351 352 1
655 826 827 1
740 741 820 1
326 325 327 1
324 322 325 1
503 488 525 1
718 720 1194 1
344 347 1964 1
1095 985 1096 1
963 967 1093 1
1911 519 1912 1
1178 343 1964 1
339 340 343 1
753 754 755 1
1004 1002 1235 1
1167 1164 1174 1
718 1194 2086 1
1362 1199 1368 1
1390 1392 1393 1
387 388 416 1
664 663 1234 1
608 1091 1181 1
425 436 437 1
472 448 494 1
1239 1240 1241 1
1168 743 1898 1
235 1849 1850 1
317 319 320 1
629 652 661 1
700 545 1920 1
1015 1050 1052 1
1472 1471 1592 1
664 1234 1479 1
592 590 690 1
962 961 1124 1
1690 1266 1836 1
1335 985 1948 1
1146 958 1943 1
1671 1684 1685 1
1905 1885 1906 1
1122 1216 1476 1
892 1047 2071 1
339 343 1115 1
1384 1386 1839 1
320 321 322 1
1197 1061 1340 1
592 690 1922 1
705 743 802 1
1075 932 1199 1
176 216 1927 1
863 865 1030 1
923 1028 1070 1
562 561 563 1
650 810 973 1
1488 1487 1544 1
842 843 963 1
1538 1091 1923 1
1133 1132 1487 1
458 456 549 1
1352 1349 1925 1
1237 1147 1377 1
694 809 2150 1
583 558 1894 1
1538 1923 2030 1
1863 1860 1864 1
668 943 2036 1
324 326 328 1
573 1778 1779 1
407 410 2010 1
20 21 204 1
333 334 335 1
1349 1350 1925 1
722 724 929 1
983 816 985 1
398 396 2075 1
335 337 339 1
534 535 552 1
966 689 1104 1
552 535 553 1
1846 1059 2167 1
1349 1125 1350 1
439 441 442 1
326 327 329 1
802 803 844 1
606 641 642 1
1186 881 1187 1
1135 1602 2150 1
419 414 1969 1
604 594 618 1
556 558 583 1
919 930 1029 1
1342 1156 1480 1
893 798 924 1
334 332 2034 1
425 424 436 1
1681 1680 1682 1
648 646 998 1
828 731 829 1
1353 1352 1550 1
725 726 1841 1
657 688 2044 1
1070 1289 1369 1
851 847 852 1
1029 1112 1268 1
1083 1635 2456 1
2418 1495 2566 1
713 714 716 1
596 700 701 1
734 735 1201 1
324 325 326 1
844 845 846 1
1351 1349 1352 1
420 424 425 1
479 480 496 1
1155 960 1156 1
316 315 317 1
1072 1191 1361 1
560 559 561 1
1488 1544 1715 1
1951 979 1952 1
442 443 478 1
1546 1477 1659 1
999 1132 1133 1
994 1106 1107 1
1162 1877 1965 1
818 1019 1184 1
722 929 1924 1
701 703 704 1
1133 1487 1488 1
331 332 333 1
1066 1067 1122 1
397 398 399 1
833 832 913 1
481 482 501 1
667 889 2041 1
1350 1125 1932 1
1510 2163 2574 1
425 437 438 1
175 176 1927 1
701 700 702 1
1351 1352 1353 1
1340 1061 2029 1
1184 1019 1942 1
173 1934 1977 1
472 494 2242 1
716 717 725 1
1393 1394 1395 1
329 330 331 1
1395 1396 1399 1
991 1860 1863 1
660 993 994 1
1269 1268 1492 1
1555 1053 1603 1
1151 1152 1440 1
497 519 1911 1
939 896 990 1
28 29 210 1
682 525 683 1
1306 1304 1827 1
546 545 596 1
1957 1956 1995 1
1348 1125 1349 1
479 471 480 1
1588 1384 1839 1
1115 1371 1878 1
514 513 541 1
556 557 558 1
764 762 904 1
1375 1857 2428 1
1175 1174 1176 1
1891 1168 1898 1
1348 1349 1351 1
648 998 999 1
1053 1050 1953 1
374 979 1951 1
849 850 961 1
1019 819 1020 1
1481 1156 1971 1
846 847 851 1
1052 1050 1053 1
539 548 2165 1
1111 1423 1424 1
1196 593 2039 1
1959 1957 1960 1
1062 1185 1929 1
1351 1353 1936 1
1052 1053 1147 1
414 412 773 1
1177 1176 1180 1
787 786 896 1
703 705 941 1
1124 1125 1348 1
1513 1180 1515 1
1760 477 2060 1
1269 1492 1756 1
48 49 2155 1
1851 1849 2149 1
815 1987 2228 1
1147 1053 1555 1
1156 960 1971 1
347 350 812 1
1405 1406 1416 1
75 76 265 1
684 687 1984 1
1126 1124 1900 1
323 322 324 1
1398 1401 1402 1
1146 1943 1944 1
501 502 534 1
1109 1061 1197 1
850 964 1932 1
544 524 545 1
1663 1664 1665 1
818 478 819 1
684 683 685 1
849 665 850 1
420 419 424 1
572 571 574 1
439 442 1973 1
686 685 691 1
961 850 1932 1
1136 1007 1137 1
449 474 2004 1
1158 998 1967 1
853 852 854 1
2050 1188 2109 1
534 502 535 1
1603 1053 1953 1
914 913 1908 1
656 857 2115 1
496 480 497 1
1040 1179 1202 1
410 411 977 1
1124 961 1125 1
2081 553 2100 1
858 912 1071 1
381 384 387 1
607 654 655 1
918 917 2040 1
701 702 703 1
651 649 663 1
818 819 1019 1
1480 1156 1481 1
661 665 849 1
1019 1020 1494 1
851 852 853 1
1830 445 2004 1
1358 1619 2296 1
33 34 269 1
703 702 705 1
1125 961 1932 1
1202 1203 1357 1
1412 1413 1414 1
1974 307 2564 1
1206 1038 1373 1
209 110 2017 1
1489 1364 1536 1
1051 1497 1622 1
1073 924 1074 1
127 128 2085 1
1188 1187 1282 1
1029 1268 1269 1
829 830 831 1
1019 1494 1942 1
627 1889 2021 1
424 419 484 1
489 505 2060 1
497 500 519 1
468 466 522 1
1081 1503 1985 1
1008 1871 1875 1
1451 1074 1452 1
608 1181 1972 1
320 322 323 1
359 357 795 1
1247 1262 1647 1
773 412 2037 1
457 459 2058 1
156 157 225 1
111 255 2017 1
850 898 964 1
1281 1280 1298 1
314 313 315 1
969 680 2041 1
910 1054 1117 1
1258 1246 2288 1
1014 958 1146 1
312 311 313 1
829 831 1971 1
1389 1387 1759 1
858 854 911 1
851 853 1069 1
960 829 1971 1
558 557 559 1
1302 975 1303 1
310 309 311 1
415 419 420 1
343 344 1964 1
438 439 1973 1
917 914 1908 1
999 1133 1182 1
1618 2237 2316 1
442 818 1973 1
584 547 586 1
850 665 898 1
1015 1049 1050 1
1402 1404 1405 1
802 844 968 1
748 776 777 1
402 404 797 1
1357 1358 1450 1
1633 1282 1814 1
807 813 2033 1
842 963 2016 1
1333 1129 1463 1
661 652 665 1
2388 1669 2416 1
1653 1134 1987 1
1003 1005 1066 1
996 827 1025 1
378 380 521 1
1035 909 1038 1
232 144 2070 1
308 306 309 1
1875 1871 1876 1
853 854 858 1
744 496 1911 1
1530 1408 1531 1
831 830 832 1
1090 1089 1129 1
629 630 652 1
1335 1948 2111 1
497 499 500 1
651 663 664 1
1940 543 1941 1
943 1265 2036 1
553 555 556 1
623 625 811 1
663 649 1939 1
836 837 1011 1
889 890 1032 1
1111 1109 1236 1
1462 2407 2433 1
1164 1162 1965 1
553 535 555 1
378 521 2046 1
413 415 421 1
813 859 1018 1
544 545 546 1
1033 1061 1109 1
1050 1051 1953 1
497 480 499 1
474 1169 2004 1
894 933 1022 1
627 628 629 1
1554 1414 2108 1
1465 1466 1467 1
595 606 2039 1
1485 2394 2584 1
912 911 1002 1
305 304 306 1
927 1730 2236 1
644 632 824 1
1051 1049 1496 1
877 878 1068 1
1050 1049 1051 1
2223 460 2248 1
1081 1502 1503 1
1363 1118 1364 1
1703 1486 2394 1
496 497 1911 1
462 689 966 1
1724 235 2007 1
1022 1064 1108 1
1026 1025 1148 1
2058 1295 2059 1
826 654 855 1
260 66 2018 1
1234 663 2008 1
818 1184 1973 1
686 691 1926 1
2130 742 2186 1
1829 211 2370 1
1923 596 2030 1
1169 492 1293 1
1476 1216 1477 1
1051 1622 1953 1
445 449 2004 1
1333 1463 1935 1
977 411 1976 1
964 898 1533 1
973 810 974 1
1163 1166 1950 1
648 999 1939 1
858 911 912 1
415 414 419 1
1304 1303 1522 1
955 957 1010 1
520 524 543 1
442 478 818 1
1084 609 1210 1
971 855 972 1
1139 1085 1505 1
520 543 1940 1
805 807 1223 1
314 315 316 1
403 401 1078 1
501 482 502 1
500 499 1980 1
916 919 1986 1
1114 972 1118 1
1166 1247 1950 1
923 921 1028 1
1230 1080 1231 1
342 2182 2205 1
549 1989 2003 1
607 582 608 1
1959 1960 1961 1
542 541 597 1
1337 1336 1338 1
1117 1054 1478 1
484 419 1969 1
1588 1840 2131 1
1107 1106 1227 1
1304 1522 1827 1
829 731 830 1
611 588 1634 1
994 993 1106 1
596 701 2030 1
1122 1067 1216 1
1912 519 1940 1
885 842 2016 1
1265 1120 1266 1
1744 1767 1773 1
915 1986 2031 1
839 841 894 1
1272 429 1273 1
1908 913 1909 1
602 577 658 1
1000 937 1001 1
1075 1199 1362 1
728 730 731 1
1827 1522 1828 1
809 695 906 1
550 532 771 1
199 15 1988 1
407 409 410 1
1108 1354 1355 1
1960 1957 1995 1
1440 1441 1520 1
413 421 1976 1
1013 990 1119 1
1252 1092 1548 1
1047 1046 1085 1
1734 233 1738 1
46 47 223 1
399 400 405 1
1849 13 2149 1
974 810 976 1
544 581 1963 1
288 286 699 1
1171 977 1426 1
865 866 877 1
485 455 2059 1
655 654 826 1
622 621 788 1
410 1170 2010 1
575 574 589 1
1689 1266 1690 1
543 524 544 1
1014 1146 1996 1
581 546 582 1
1033 1109 1111 1
694 618 695 1
626 624 790 1
653 817 1193 1
1044 1043 1092 1
983 985 1095 1
832 830 928 1
777 778 883 1
999 1182 1939 1
913 832 1981 1
235 12 1849 1
1613 1614 2027 1
1499 1617 1618 1
769 835 836 1
520 500 523 1
1399 1396 1938 1
950 951 952 1
731 730 1956 1
303 302 304 1
1051 1496 1497 1
1096 1335 2267 1
866 864 1993 1
557 555 1998 1
544 546 581 1
1811 969 2041 1
1247 1647 1950 1
556 555 557 1
1095 1096 1523 1
432 434 946 1
170 171 2158 1
759 758 760 1
543 544 1963 1
1798 1797 2022 1
565 563 774 1
1816 1161 2204 1
883 888 997 1
559 557 662 1
1685 1684 1686 1
408 406 429 1
1897 756 2175 1
1941 543 1963 1
877 866 878 1
2179 2302 2476 1
536 780 2072 1
669 487 1707 1
44 45 271 1
413 414 415 1
800 638 801 1
620 598 621 1
352 354 356 1
1622 1497 1623 1
1033 890 1061 1
581 582 607 1
1130 1475 1589 1
66 67 2018 1
523 500 1980 1
110 111 2017 1
1958 1957 1959 1
1528 1126 1900 1
14 199 2149 1
855 654 1972 1
411 413 1976 1
925 639 926 1
1250 1249 1251 1
746 744 2038 1
606 875 2039 1
1066 1005 1067 1
637 586 638 1
520 523 524 1
912 1002 1003 1
413 412 414 1
665 652 1975 1
1671 631 1684 1
1070 1028 1289 1
1029 1269 1986 1
919 1029 1986 1
676 873 874 1
776 746 2038 1
2061 1333 2141 1
1174 1164 1965 1
1958 1959 1999 1
1908 2114 2118 1
1123 1104 1904 1
481 430 482 1
1264 1148 1994 1
1911 1912 2038 1
959 1014 1015 1
1273 1275 1583 1
1146 1944 1945 1
589 614 1937 1
312 313 314 1
310 311 312 1
783 879 1970 1
1503 1502 1557 1
308 309 310 1
1909 913 1981 1
1191 1809 2106 1
411 409 412 1
411 412 413 1
519 500 520 1
889 666 890 1
1201 735 2094 1
1025 827 2024 1
768 766 1009 1
1015 1014 1049 1
647 649 650 1
875 642 876 1
830 731 1956 1
1003 1002 1004 1
1959 1961 1962 1
1473 1088 1672 1
1071 912 2005 1
621 598 1854 1
904 1771 2524 1
1102 1100 1788 1
1111 1236 1423 1
1146 1945 1996 1
826 855 971 1
928 1957 1958 1
561 559 1997 1
748 746 776 1
594 592 1922 1
1027 848 1150 1
1291 1290 1292 1
1291 1292 1540 1
519 520 1940 1
410 409 411 1
593 595 2039 1
2015 1078 2075 1
811 625 2021 1
305 306 308 1
233 96 1747 1
997 1279 1280 1
301 300 302 1
1496 1049 1996 1
975 974 1985 1
959 958 1014 1
1289 1290 1291 1
878 866 909 1
1426 977 1976 1
454 1683 1989 1
1114 1363 1365 1
874 1140 1543 1
1180 1176 1626 1
1081 976 1082 1
650 649 651 1
719 715 2023 1
647 646 648 1
1256 1254 1519 1
957 958 959 1
607 608 654 1
535 502 2006 1
455 457 2059 1
1681 1682 2001 1
2027 1614 2325 1
649 648 1939 1
15 16 1988 1
724 727 728 1
1032 890 1033 1
294 292 296 1
599 393 707 1
552 553 2081 1
651 664 2009 1
1239 1145 1240 1
652 630 653 1
1035 1038 1206 1
882 947 948 1
625 627 2021 1
654 608 1972 1
1227 1106 1454 1
1038 909 1993 1
1003 1066 2005 1
832 928 1981 1
629 628 630 1
474 492 1169 1
976 810 2009 1
701 704 2030 1
502 482 978 1
87 88 213 1
1218 1001 1220 1
974 976 1081 1
1623 1497 1624 1
948 1088 1089 1
660 925 993 1
1169 1293 1462 1
569 567 617 1
647 648 649 1
777 776 778 1
722 723 724 1
812 2441 2470 1
616 668 2036 1
303 304 305 1
12 13 1849 1
1478 1054 1525 1
650 651 810 1
1232 1032 1979 1
728 727 730 1
1003 1004 1005 1
477 489 2060 1
1229 1498 1499 1
2023 715 2080 1
1269 1756 2031 1
680 667 2041 1
1998 555 2006 1
590 589 1937 1
888 778 1065 1
894 1159 2065 1
1049 1014 1996 1
598 597 1854 1
957 956 958 1
898 665 1975 1
727 723 900 1
721 719 729 1
662 557 1998 1
865 864 866 1
928 1958 1981 1
505 1758 2060 1
625 626 627 1
408 429 1272 1
698 334 2034 1
765 767 931 1
1502 1082 1504 1
624 622 2073 1
863 864 865 1
653 630 816 1
2092 1707 2178 1
827 826 2024 1
675 678 693 1
555 535 2006 1
910 1117 2026 1
966 1104 1123 1
720 721 722 1
1289 1028 1290 1
459 462 2058 1
883 778 888 1
1225 1224 2232 1
1748 201 2290 1
947 932 1075 1
921 918 2040 1
1276 1258 2284 1
691 692 881 1
652 653 1975 1
627 626 628 1
653 1193 1975 1
374 375 376 1
1363 1364 1489 1
1959 1962 1999 1
1340 2029 2081 1
614 639 660 1
1427 1242 1428 1
1808 774 2294 1
403 1078 2014 1
794 945 1055 1
955 956 957 1
1148 1025 1189 1
949 876 950 1
1986 1269 2031 1
993 925 1037 1
971 972 1114 1
1524 1523 1562 1
780 579 781 1
1148 1189 1566 1
1089 1088 1473 1
875 876 949 1
1068 878 2026 1
948 947 1088 1
1332 1723 2249 1
1069 1886 2465 1
559 662 1997 1
910 1035 1054 1
761 763 901 1
589 613 614 1
1221 1222 1229 1
751 753 992 1
1 2 196 1
1114 1118 1363 1
708 707 709 1
1151 1150 1152 1
817 816 983 1
878 909 910 1
1189 1025 2024 1
1230 1590 2211 1
928 830 1956 1
1241 1240 1242 1
862 860 887 1
737 740 2094 1
153 154 242 1
660 639 925 1
1422 1753 2276 1
997 888 1279 1
955 954 956 1
707 393 2125 1
953 952 954 1
980 725 981 1
710 709 711 1
1463 1129 1464 1
1749 870 2133 1
909 866 1993 1
1820 290 2103 1
712 711 713 1
1783 1543 2507 1
407 408 409 1
653 816 817 1
2040 917 2118 1
301 302 303 1
724 723 727 1
910 909 1035 1
299 298 300 1
2375 1192 2583 1
2074 2078 2589 1
928 1956 1957 1
456 454 1989 1
499 480 2066 1
882 692 932 1
1498 1222 1500 1
1105 969 1811 1
395 394 396 1
953 954 955 1
722 721 723 1
773 2345 2444 1
817 983 984 1
606 642 875 1
1338 1336 2305 1
799 893 2082 1
225 1584 2492 1
912 1003 2005 1
603 633 775 1
549 456 1989 1
556 583 2100 1
1209 1077 1516 1
810 651 2009 1
1707 495 2178 1
1467 1468 1470 1
369 368 370 1
2011 69 2052 1
407 406 408 1
1095 1523 1524 1
371 370 372 1
974 1081 1985 1
373 372 381 1
1216 1067 1217 1
302 1873 2182 1
1303 975 1985 1
1032 1033 1979 1
813 1018 2033 1
1340 2081 2100 1
906 1041 1978 1
996 1026 2160 1
1033 1111 1979 1
367 366 368 1
1208 1209 1221 1
1005 1004 1099 1
755 758 759 1
1061 890 2029 1
782 781 783 1
1499 1498 1617 1
1187 881 2002 1
1711 493 1712 1
935 934 1062 1
486 513 514 1
480 471 2066 1
882 932 947 1
404 406 407 1
253 107 2074 1
943 1120 1265 1
249 1762 1763 1
614 613 639 1
744 1911 2038 1
107 108 2074 1
1042 907 1207 1
1143 1754 2130 1
1176 1174 2028 1
1116 1097 1288 1
389 385 1017 1
950 952 953 1
814 808 908 1
404 403 406 1
729 719 2023 1
429 406 2014 1
589 574 613 1
1926 1186 2050 1
2152 1527 2217 1
982 981 1040 1
982 1077 1208 1
840 838 1031 1
462 966 2058 1
297 296 298 1
867 820 944 1
861 862 863 1
981 725 1841 1
857 856 934 1
1265 1266 1689 1
2261 549 2277 1
645 644 646 1
1007 906 1978 1
1078 401 2075 1
690 590 1937 1
2191 476 2230 1
1560 1232 2032 1
314 316 318 1
645 646 647 1
22 257 2077 1
1048 944 1072 1
511 512 2072 1
1081 1082 1502 1
712 715 718 1
1527 1604 2217 1
1453 1782 2098 1
666 615 2029 1
944 820 1809 1
1028 921 2040 1
718 719 720 1
530 528 635 1
1189 2024 2079 1
1453 2098 2427 1
365 364 366 1
342 304 2182 1
502 978 2006 1
1568 1251 1569 1
284 282 341 1
1440 1152 1441 1
691 685 692 1
863 862 864 1
1417 1416 1521 1
551 578 636 1
759 761 2051 1
720 719 721 1
402 403 404 1
299 300 301 1
966 1123 1295 1
391 390 392 1
468 522 2107 1
738 927 2222 1
371 373 374 1
188 189 2102 1
1229 1222 1498 1
890 666 2029 1
1287 1336 1337 1
2004 1169 2083 1
917 1908 2118 1
308 310 779 1
297 298 299 1
881 692 882 1
878 910 2026 1
806 784 895 1
1590 1231 1591 1
412 409 2037 1
716 725 980 1
1864 1860 2146 1
836 1360 2088 1
1211 1087 1212 1
708 710 903 1
382 379 418 1
1411 1399 1412 1
1179 1841 2084 1
303 305 307 1
2283 1075 2339 1
712 713 715 1
1129 1089 2047 1
676 671 873 1
1114 1365 2079 1
1419 1414 1553 1
1873 540 2117 1
1221 1209 1222 1
1148 1566 1994 1
1174 1965 2028 1
882 948 2002 1
1516 1077 2090 1
761 760 762 1
1979 1424 2032 1
710 711 712 1
633 632 644 1
979 376 2046 1
906 907 1041 1
1626 1176 2028 1
402 401 403 1
318 316 364 1
1295 1123 1367 1
1382 1588 2131 1
1169 1462 2083 1
1995 730 2045 1
365 367 601 1
599 707 708 1
1679 1681 2135 1
406 403 2014 1
491 600 2093 1
618 594 1922 1
759 760 761 1
1290 1028 2040 1
1868 949 2234 1
1830 2004 2083 1
1482 1762 2523 1
2024 971 2079 1
1573 2157 2161 1
708 709 710 1
1205 2092 2178 1
1089 1473 2047 1
1850 1849 1851 1
620 621 622 1
505 1757 1758 1
507 490 518 1
1041 1042 1131 1
377 375 1200 1
983 1095 2056 1
1721 1722 1723 1
826 971 2024 1
408 1272 2037 1
679 674 1687 1
118 119 2096 1
982 1040 1077 1
1450 1358 2048 1
980 981 982 1
387 416 2054 1
1208 1077 1209 1
1210 609 2115 1
1131 1271 1300 1
381 387 772 1
1631 679 2490 1
894 841 933 1
790 624 2073 1
730 727 2045 1
735 737 2094 1
615 552 2081 1
1093 967 1094 1
633 644 645 1
623 624 625 1
1108 1064 1354 1
1134 1287 1987 1
800 801 2143 1
1022 933 1064 1
409 408 2037 1
1054 1035 2035 1
2002 1090 2061 1
1525 1054 2035 1
603 602 632 1
859 860 861 1
727 900 2045 1
1232 1979 2032 1
261 127 2085 1
984 983 2056 1
1485 1110 1703 1
718 715 719 1
2114 1292 2118 1
1044 1092 1252 1
836 835 837 1
721 729 2042 1
376 375 377 1
984 2056 2064 1
1413 1938 2169 1
842 659 843 1
399 398 400 1
514 541 542 1
625 624 626 1
397 396 398 1
2036 1265 2136 1
1477 1216 2057 1
2153 224 2154 1
1067 1005 2043 1
868 1043 1044 1
801 891 892 1
1515 1180 2089 1
1993 864 2063 1
374 373 375 1
881 882 2002 1
763 762 764 1
529 531 634 1
1035 1206 2035 1
21 22 2077 1
1202 1357 1625 1
761 901 2051 1
761 762 763 1
1678 1679 2135 1
892 1045 1046 1
1180 1626 2089 1
966 1295 2058 1
1341 1093 1810 1
963 843 967 1
900 723 2042 1
1215 1024 1598 1
2029 615 2081 1
1771 1009 2524 1
740 867 2094 1
276 274 277 1
874 873 1140 1
906 695 907 1
400 401 402 1
603 632 633 1
1972 1181 2167 1
609 610 2115 1
1534 1063 1535 1
861 860 862 1
1607 1276 2105 1
1418 1389 1759 1
119 215 2096 1
1405 1416 1417 1
1464 1129 2047 1
422 426 428 1
553 556 2100 1
693 786 787 1
365 366 367 1
740 820 867 1
542 597 598 1
2182 1300 2205 1
2135 992 2255 1
1131 1042 1271 1
763 764 765 1
1368 2147 2191 1
2066 471 2107 1
1282 1187 2061 1
1093 1094 1810 1
862 887 2063 1
620 622 623 1
394 393 599 1
120 121 2095 1
2325 1614 2350 1
2284 1258 2288 1
1610 1611 2281 1
1582 1585 1586 1
1041 907 1042 1
787 896 939 1
987 1087 1211 1
294 296 297 1
723 721 2042 1
939 990 1013 1
755 759 2110 1
491 508 600 1
765 764 766 1
1290 2040 2118 1
471 468 2107 1
623 622 624 1
367 368 369 1
978 482 2127 1
813 814 859 1
1948 628 2111 1
450 483 1016 1
1427 1428 2049 1
1095 1524 2056 1
121 259 2095 1
1265 1689 2136 1
626 790 2111 1
1663 1665 1666 1
1408 1403 1991 1
35 36 218 1
1666 1665 2007 1
1428 1429 1430 1
1443 1442 1606 1
765 766 767 1
1522 1303 2068 1
1510 1215 2162 1
293 292 294 1
1412 1414 1419 1
578 602 603 1
578 577 602 1
1137 1007 1978 1
318 364 365 1
369 370 371 1
389 1017 2062 1
291 290 292 1
1441 1442 1443 1
1586 1585 1587 1
215 120 2095 1
376 377 378 1
628 626 2111 1
1144 1238 2132 1
1377 2312 2326 1
373 381 2104 1
1065 2123 2177 1
1005 1099 2043 1
371 372 373 1
759 2051 2110 1
1267 1119 1903 1
1941 1285 2206 1
1048 1072 1449 1
204 21 2077 1
1145 1143 2130 1
1441 1152 1442 1
1423 1623 2579 1
1045 891 1079 1
536 579 780 1
392 393 394 1
1044 1252 1253 1
4 231 2239 1
867 944 1048 1
619 598 620 1
1580 1581 1582 1
1065 778 2123 1
1966 236 2337 1
1841 734 2084 1
1217 1067 2043 1
285 284 286 1
88 89 2121 1
554 2036 2136 1
859 814 860 1
964 1533 2591 1
287 286 288 1
259 122 2145 1
1428 1242 1429 1
807 808 813 1
1395 1399 1411 1
1216 1217 2057 1
305 308 2067 1
1253 1254 1255 1
542 598 619 1
1085 1046 2053 1
289 288 290 1
1709 1710 2552 1
1361 1191 2091 1
587 609 1084 1
1255 1254 1256 1
1623 1624 2330 1
685 683 2069 1
430 362 2127 1
193 194 2256 1
932 692 2069 1
971 1114 2079 1
864 862 2063 1
1500 1222 2078 1
1187 2002 2061 1
734 1201 2084 1
784 783 1970 1
2128 791 2560 1
400 398 401 1
1352 1925 2197 1
1207 907 2116 1
1475 1474 2137 1
768 1009 2113 1
1470 1471 1472 1
2179 1511 2513 1
290 288 2103 1
1438 1439 2215 1
715 713 2080 1
2137 1474 2459 1
1253 1252 1254 1
488 476 2191 1
1209 1516 2078 1
2157 1334 2161 1
1793 1779 2257 1
801 892 2071 1
192 193 2140 1
895 784 1970 1
1140 1205 1574 1
1469 1609 2273 1
89 251 2121 1
299 301 791 1
1199 2069 2147 1
887 860 2099 1
713 716 2080 1
753 755 2110 1
1380 1382 2131 1
1628 1765 2336 1
801 638 891 1
1672 1366 2286 1
1940 1941 2177 1
1582 1581 1585 1
1140 873 1205 1
1303 1985 2068 1
1433 1102 1788 1
813 808 814 1
988 1097 1116 1
776 2038 2123 1
1908 1909 2114 1
1150 1897 2175 1
603 775 2087 1
386 389 390 1
805 806 807 1
767 766 768 1
817 984 2139 1
283 282 284 1
782 783 784 1
902 1080 1230 1
1339 1338 1459 1
1932 964 2183 1
892 891 1045 1
482 430 2127 1
278 279 280 1
547 538 2142 1
1046 1045 1226 1
383 385 386 1
1414 1413 2108 1
1196 2039 2119 1
814 908 2099 1
122 123 2145 1
780 781 782 1
392 390 393 1
1040 1202 2090 1
2274 1276 2284 1
807 806 808 1
1292 1290 2118 1
775 633 2122 1
778 776 2123 1
767 768 769 1
645 1899 2122 1
692 685 2069 1
1013 1119 1267 1
1533 898 2173 1
1001 937 2143 1
1031 838 2097 1
551 550 577 1
1472 1592 1593 1
1084 1210 1526 1
386 385 389 1
551 577 578 1
1279 888 2138 1
1077 1040 2090 1
380 382 383 1
992 753 2110 1
2105 1276 2274 1
537 539 2152 1
376 378 2046 1
837 838 839 1
1985 1503 2068 1
769 834 835 1
636 578 2087 1
522 466 2188 1
383 382 385 1
839 840 841 1
1064 933 1263 1
908 808 2112 1
782 784 805 1
1222 1209 2078 1
837 835 838 1
809 1135 2150 1
1676 1327 2202 1
1578 1579 1580 1
473 472 2230 1
2073 788 2101 1
1220 1001 1605 1
246 1649 1650 1
1535 1063 1929 1
1780 2244 2257 1
716 980 2080 1
2190 1433 2216 1
2038 1912 2123 1
712 718 2086 1
772 387 2054 1
288 699 2103 1
1782 2159 2533 1
1809 899 2106 1
1580 1579 1581 1
1240 1145 2130 1
238 61 2203 1
633 645 2122 1
307 305 2067 1
381 772 2104 1
1609 1448 2429 1
1213 1055 1334 1
2123 1912 2177 1
769 768 834 1
308 779 2067 1
1193 817 2139 1
835 834 2097 1
1056 1249 1250 1
380 379 382 1
533 532 550 1
756 1852 2235 1
1116 1288 1575 1
293 294 295 1
1938 1402 2169 1
375 373 2104 1
461 460 2223 1
903 710 2086 1
378 379 380 1
2017 255 2425 1
1860 1861 2146 1
805 784 806 1
888 1065 2138 1
1355 1354 2132 1
839 838 840 1
1670 1669 2388 1
841 840 886 1
1287 1337 1987 1
748 777 2196 1
533 550 551 1
1814 1282 2141 1
13 14 2149 1
710 712 2086 1
806 895 2112 1
669 1707 2092 1
278 277 279 1
378 377 379 1
1063 1062 1929 1
1531 1408 1991 1
937 800 2143 1
137 138 2192 1
671 669 2092 1
690 1816 2212 1
1200 375 2104 1
1886 1069 2469 1
788 868 2101 1
77 78 206 1
1383 1558 2266 1
1930 1185 2148 1
656 856 857 1
1828 250 2578 1
805 1223 2207 1
1059 1972 2167 1
875 949 2119 1
1056 1250 2161 1
1576 1577 1578 1
1046 1226 2053 1
695 618 2116 1
280 279 794 1
1086 986 2168 1
1202 1625 2090 1
1834 1833 2280 1
578 603 2087 1
1627 1628 1629 1
232 2070 2539 1
369 1951 2124 1
151 152 272 1
1738 233 1747 1
1116 1575 1576 1
951 876 2258 1
531 532 533 1
1198 2218 2322 1
1554 2108 2271 1
899 987 2106 1
307 1974 2563 1
2039 875 2119 1
531 530 532 1
1672 2286 2306 1
59 60 2225 1
128 129 2151 1
601 367 2124 1
774 1808 2295 1
683 525 2147 1
860 814 2099 1
982 1208 2170 1
857 934 935 1
1578 1577 1579 1
1853 1519 2392 1
1282 2061 2141 1
1250 1251 1568 1
262 27 2166 1
2357 494 2430 1
451 295 1006 1
1835 825 2282 1
1152 1150 2175 1
1284 996 2160 1
935 1062 1063 1
171 219 2158 1
1402 1405 2169 1
1605 1001 2143 1
485 2059 2193 1
907 695 2116 1
873 671 2092 1
693 787 1058 1
1422 2276 2299 1
939 1013 1076 1
868 1044 2101 1
548 587 2165 1
2069 683 2147 1
1366 1672 2283 1
618 1922 2116 1
27 28 2166 1
115 116 2213 1
291 292 293 1
1218 1220 2226 1
1238 1239 2270 1
2023 2080 2170 1
1576 1575 1577 1
341 282 2156 1
23 24 2200 1
1233 1547 2280 1
1084 1526 1527 1
1999 2000 2285 1
967 843 1214 1
1331 1674 2269 1
838 835 2097 1
1872 2223 2248 1
1472 1593 2493 1
1527 1526 1604 1
276 277 278 1
393 390 2125 1
160 161 2153 1
1710 1411 2453 1
38 39 243 1
1260 792 1490 1
294 297 2076 1
1867 342 2205 1
1192 989 2400 1
673 675 2164 1
794 1055 1213 1
1970 879 2126 1
289 290 291 1
638 586 2129 1
529 530 531 1
808 806 2112 1
2085 128 2151 1
968 1882 2439 1
2075 396 2176 1
1539 1385 2266 1
1044 1253 2101 1
297 299 2128 1
1337 1338 1339 1
130 131 2159 1
1368 2191 2230 1
529 528 530 1
49 266 2155 1
293 295 450 1
1230 1231 1590 1
367 369 2124 1
1785 1786 2289 1
240 74 2180 1
2030 704 2198 1
390 389 2125 1
389 2062 2125 1
987 1211 2106 1
659 612 2172 1
834 768 2113 1
161 224 2153 1
879 988 2126 1
129 220 2151 1
86 87 1719 1
1055 1056 2161 1
210 29 2216 1
2064 2056 2144 1
1975 1193 2173 1
396 394 2176 1
287 288 289 1
1249 1517 2371 1
2175 756 2235 1
79 80 268 1
281 280 282 1
1079 891 2129 1
285 286 287 1
1201 2094 2174 1
2072 780 2207 1
2080 980 2170 1
275 274 276 1
856 2044 2211 1
935 1063 1356 1
1261 1610 2281 1
1803 234 2522 1
74 75 2180 1
1954 262 2166 1
220 130 2159 1
1250 1573 2161 1
1584 1591 2492 1
586 547 2142 1
527 528 529 1
102 103 2250 1
898 1975 2173 1
1825 922 2286 1
80 81 2233 1
1205 873 2092 1
85 247 1673 1
1808 1248 2289 1
1294 1789 2334 1
283 285 804 1
1299 1560 2399 1
1467 1470 1549 1
1807 1808 2294 1
211 1828 2578 1
1547 1160 2282 1
1912 1940 2177 1
283 284 285 1
527 526 528 1
295 294 2076 1
146 147 245 1
2056 1524 2144 1
1762 1761 2523 1
1350 1932 2183 1
1026 1264 2189 1
1538 2030 2198 1
270 142 2194 1
949 950 2234 1
891 638 2129 1
1250 1568 1573 1
131 264 2159 1
955 1010 2244 1
1673 247 2304 1
980 982 2170 1
282 280 2156 1
2073 2101 2214 1
142 143 2194 1
1757 511 2253 1
466 464 2188 1
450 295 451 1
929 1907 2333 1
444 441 2272 1
263 160 2153 1
780 782 2207 1
394 599 2176 1
304 302 2182 1
508 526 527 1
1429 1242 2186 1
1650 2361 2422 1
1405 1417 2169 1
1356 1063 1534 1
133 134 2187 1
1876 1871 2248 1
508 507 526 1
1559 1774 2362 1
103 104 2293 1
988 1116 2126 1
525 488 2191 1
587 1084 2165 1
491 490 507 1
1442 1152 2175 1
242 1704 2476 1
2147 525 2191 1
749 751 2240 1
491 507 508 1
278 280 281 1
1550 1352 2197 1
458 549 2261 1
1286 1485 2386 1
1376 1245 2294 1
30 31 2190 1
1765 197 2336 1
1242 1240 2186 1
1433 2190 2447 1
1377 1894 2312 1
483 451 490 1
299 791 2128 1
1335 2111 2229 1
244 274 275 1
2215 1631 2490 1
1882 968 2446 1
841 886 2199 1
2101 1253 2214 1
1161 1204 2204 1
281 282 283 1
1674 1675 2534 1
675 693 2164 1
1208 1221 2224 1
483 490 491 1
579 2152 2217 1
1339 1460 1561 1
50 51 2184 1
2391 1722 2594 1
2001 749 2240 1
143 232 2194 1
267 137 2192 1
28 210 2166 1
450 451 483 1
287 289 580 1
1240 2130 2186 1
2170 1208 2224 1
1794 2292 2319 1
24 226 2200 1
1794 1010 2292 1
29 30 2216 1
1460 1459 1507 1
2449 484 2464 1
1263 933 2199 1
1620 941 2435 1
1366 1344 2286 1
2009 664 2259 1
61 62 2203 1
905 786 2486 1
149 150 228 1
933 841 2199 1
843 659 2172 1
1713 1393 2378 1
1207 2116 2212 1
2219 1225 2232 1
1894 560 2312 1
1922 690 2212 1
1852 748 2196 1
280 794 2156 1
2129 586 2142 1
2404 1493 2532 1
182 183 2370 1
1006 295 2076 1
1116 1576 2126 1
1198 1556 2218 1
1154 1157 2333 1
250 1828 2576 1
1691 1701 2209 1
708 903 2238 1
1723 2093 2249 1
213 88 2121 1
1917 1288 2375 1
1334 1055 2161 1
1339 1459 1460 1
2094 867 2174 1
1749 2133 2264 1
791 1974 2560 1
2178 1570 2307 1
134 221 2187 1
532 530 2201 1
2015 2075 2176 1
867 1048 2174 1
2177 1941 2206 1
440 437 2291 1
790 2214 2229 1
2304 247 2474 1
253 2074 2589 1
41 42 230 1
1540 1292 2231 1
2076 297 2128 1
2116 1922 2212 1
1702 901 2343 1
2188 464 2223 1
1300 1271 2205 1
1894 1377 2318 1
562 576 2312 1
1420 1952 2423 1
1320 1325 2361 1
51 214 2184 1
364 1659 2483 1
1084 1527 2165 1
269 1654 2376 1
116 256 2213 1
959 1918 2292 1
2290 201 2460 1
1460 1507 1508 1
1614 1458 2365 1
2059 1295 2193 1
1958 1999 2285 1
1221 1229 2243 1
1327 1708 2202 1
693 1058 2164 1
60 238 2225 1
1229 1499 2265 1
2023 2170 2224 1
742 738 2222 1
1330 1324 2331 1
2299 1194 2360 1
1295 1367 2193 1
2214 1255 2229 1
794 1213 2156 1
1480 2449 2464 1
75 265 2180 1
678 706 2486 1
31 241 2190 1
1876 2261 2277 1
266 50 2184 1
2224 1221 2243 1
276 278 2171 1
762 760 2263 1
1672 1088 2283 1
2345 1895 2444 1
2009 2259 2550 1
464 461 2223 1
436 424 2317 1
1444 1654 2403 1
1010 957 2292 1
1377 1147 2318 1
1373 1375 2397 1
530 635 2201 1
1695 1706 2567 1
1214 843 2172 1
782 805 2207 1
32 33 2220 1
255 112 2329 1
1909 1981 2285 1
138 139 2221 1
947 1075 2283 1
2115 857 2245 1
1379 1572 2381 1
1538 2198 2582 1
565 774 2295 1
1970 2126 2247 1
772 1693 2303 1
1499 1618 2279 1
1253 1255 2214 1
1244 1218 2226 1
1454 1106 2287 1
2265 1499 2279 1
1442 2175 2235 1
993 1037 2287 1
2138 1065 2206 1
528 526 2315 1
561 1997 2300 1
1737 1736 2516 1
266 2184 2185 1
774 563 2300 1
1072 1361 2297 1
1756 1492 2449 1
1960 1995 2316 1
476 473 2230 1
1264 1994 2321 1
2176 599 2238 1
1011 1700 2484 1
617 567 2295 1
1916 1917 2593 1
857 935 2245 1
1065 2177 2206 1
790 2073 2214 1
241 32 2220 1
1550 2197 2595 1
1997 1376 2300 1
1439 1446 2215 1
198 71 2368 1
76 77 2227 1
1757 2253 2301 1
569 617 2298 1
658 577 2341 1
1652 1325 2506 1
1704 1483 2476 1
63 203 2323 1
2006 978 2274 1
1558 1381 2381 1
2230 472 2242 1
1903 1225 2590 1
1500 2074 2366 1
54 239 2340 1
1435 1438 2384 1
2337 236 2480 1
139 227 2221 1
2074 108 2366 1
1592 271 2419 1
19 20 2330 1
109 209 2366 1
978 2105 2274 1
1099 1004 2309 1
312 314 2324 1
2207 1223 2253 1
729 2023 2224 1
1366 2283 2339 1
1994 237 2321 1
194 244 2256 1
1715 438 2463 1
1277 1702 2373 1
1373 2397 2410 1
1452 2109 2401 1
1930 263 2526 1
2126 1576 2247 1
1734 1738 2322 1
1788 1283 2406 1
514 2027 2325 1
244 275 2256 1
765 931 2343 1
1273 1583 2342 1
950 953 2234 1
1354 1064 2264 1
386 391 2398 1
967 1214 2241 1
1042 1207 2308 1
613 574 2311 1
1212 1748 2290 1
1996 1945 2337 1
550 771 2341 1
1204 1107 2389 1
1656 1657 2511 1
2015 2176 2238 1
2133 1354 2264 1
946 434 2350 1
1974 1529 2560 1
2111 790 2229 1
1336 1297 2448 1
1519 1254 2363 1
729 2224 2243 1
1659 364 2501 1
223 2219 2232 1
1651 2102 2422 1
1630 3 2239 1
1886 1884 2465 1
1292 2114 2231 1
234 102 2250 1
1917 224 2593 1
438 1715 2528 1
1455 1345 2413 1
2086 1194 2299 1
1961 1960 2237 1
1288 1097 2375 1
804 285 2195 1
1637 1564 2531 1
3 4 2239 1
486 514 2325 1
2234 953 2244 1
1606 1442 2235 1
1210 2115 2245 1
1491 1060 2507 1
250 1776 2580 1
1619 2174 2296 1
265 76 2227 1
1871 1872 2248 1
365 601 2351 1
1362 1368 2242 1
901 763 2343 1
773 2037 2345 1
2189 1264 2210 1
209 1617 2509 1
1762 1482 2557 1
1944 1946 2512 1
521 380 2372 1
751 992 2240 1
1343 1359 2430 1
599 708 2238 1
2113 1745 2335 1
163 1916 2593 1
2167 1181 2591 1
285 287 2195 1
2192 138 2221 1
939 1076 2262 1
840 1031 2344 1
1316 1482 2506 1
1710 2453 2552 1
1882 1371 2439 1
2114 1909 2313 1
992 2110 2255 1
953 955 2244 1
275 276 792 1
2308 1204 2347 1
250 180 2578 1
2072 2207 2253 1
1094 967 2241 1
2297 1803 2522 1
33 269 2220 1
1705 155 2581 1
287 580 2195 1
1252 1548 2363 1
1633 261 2401 1
1900 1348 2440 1
1058 787 2262 1
863 1030 2426 1
2042 729 2243 1
2407 1030 2433 1
1206 1373 2410 1
1983 951 2258 1
824 632 2409 1
34 35 2252 1
1504 2542 2558 1
418 379 2369 1
2243 1229 2265 1
1416 1420 2423 1
1440 1520 2491 1
1370 1620 2439 1
1635 2379 2456 1
183 184 2547 1
45 46 2251 1
1417 1521 2271 1
1576 1578 2247 1
2204 1204 2308 1
1431 1433 2447 1
1490 792 2171 1
1339 1561 2228 1
1117 1484 2536 1
2108 1417 2271 1
239 55 2392 1
1779 1780 2257 1
264 132 2383 1
1501 1341 2436 1
1207 2204 2308 1
1235 1876 2277 1
639 613 2408 1
1987 1337 2228 1
1758 1757 2301 1
1228 1509 2454 1
1880 1881 2465 1
1717 1331 2269 1
1385 1383 2266 1
2238 903 2276 1
941 705 2435 1
1533 2167 2591 1
1369 1289 2411 1
664 1479 2259 1
278 281 2171 1
1310 1326 2553 1
1351 1936 2440 1
366 364 2483 1
1857 887 2395 1
1814 217 2468 1
1876 2248 2261 1
812 350 2441 1
179 250 2580 1
78 79 2246 1
1206 2410 2432 1
2163 148 2568 1
159 263 2458 1
1936 356 2440 1
935 1356 2245 1
602 658 2409 1
1018 859 2414 1
1833 1233 2280 1
2511 1657 2570 1
1532 1974 2564 1
802 968 2435 1
1070 1369 2332 1
2247 1578 2275 1
1268 1910 2467 1
1422 2299 2360 1
1462 1293 2407 1
1704 242 2487 1
1763 1764 2547 1
2441 1936 2470 1
1200 2049 2369 1
2277 2003 2309 1
1101 1783 2507 1
2110 2051 2255 1
2259 1484 2550 1
216 177 2572 1
377 1200 2369 1
895 2247 2275 1
269 34 2252 1
858 1071 2469 1
518 490 2424 1
968 844 2446 1
851 1069 2452 1
511 2072 2253 1
356 1936 2441 1
760 815 2263 1
1239 1257 2270 1
549 2003 2277 1
895 1970 2247 1
2279 1618 2316 1
460 458 2261 1
30 2190 2216 1
1393 1395 2378 1
214 52 2355 1
1009 766 2524 1
181 211 2578 1
1946 1851 2512 1
2104 772 2303 1
1212 1087 2461 1
1337 1339 2228 1
352 356 2441 1
324 328 2488 1
2174 1048 2296 1
1378 1171 2471 1
2546 1082 2550 1
82 83 229 1
2203 62 2323 1
1141 874 2541 1
2305 1336 2448 1
1069 853 2469 1
2077 257 2548 1
1885 1886 2475 1
1850 1851 2328 1
256 117 2505 1
438 1973 2463 1
1543 1783 2541 1
18 19 2587 1
1082 976 2550 1
217 125 2468 1
1758 2301 2346 1
46 223 2251 1
704 703 2595 1
1685 1843 2478 1
1504 1082 2546 1
425 438 2528 1
2525 1599 2539 1
600 508 2374 1
1564 1565 2495 1
1259 792 1260 1
2013 37 2499 1
792 276 2171 1
2253 1223 2301 1
1624 1497 2480 1
291 1855 2391 1
275 792 1259 1
1753 2015 2276 1
1235 2277 2309 1
1368 2230 2242 1
1325 1318 2506 1
320 323 2498 1
2242 494 2357 1
529 634 2485 1
1363 1489 2431 1
1671 1685 2451 1
441 440 2272 1
923 1070 2314 1
421 415 2518 1
1925 1350 2582 1
114 212 2551 1
2049 1428 2412 1
2098 1505 2427 1
787 939 2262 1
1123 1904 2455 1
1776 250 2576 1
900 2265 2279 1
1257 2055 2270 1
1962 1961 2329 1
2542 1504 2546 1
1426 1976 2508 1
764 904 2524 1
1669 1671 2416 1
2068 1776 2576 1
925 926 2497 1
900 2042 2265 1
364 316 2501 1
2042 2243 2265 1
1505 1085 2427 1
126 261 2468 1
283 804 2353 1
1482 1314 2557 1
1344 1825 2286 1
155 156 2581 1
1828 1522 2576 1
1064 1263 2264 1
1255 1256 2267 1
1705 1704 2487 1
220 1782 2405 1
922 923 2306 1
834 2113 2335 1
240 2022 2559 1
448 444 2443 1
267 1706 2575 1
1706 221 2575 1
1998 2006 2274 1
1411 1412 2453 1
217 1935 2517 1
1479 1493 2549 1
207 1652 2523 1
77 206 2227 1
1160 1835 2282 1
2255 2051 2278 1
2093 600 2249 1
2035 2432 2457 1
2096 1540 2505 1
2549 1493 2554 1
271 45 2251 1
155 1705 2487 1
124 217 2517 1
2202 600 2374 1
1998 2274 2284 1
1949 946 2396 1
2035 1206 2432 1
84 85 1673 1
2344 1737 2516 1
104 205 2293 1
2091 1211 2290 1
1248 1785 2289 1
1088 947 2283 1
1617 1498 2509 1
2181 1850 2328 1
221 135 2575 1
73 240 2559 1
2098 1782 2533 1
310 312 2588 1
1076 1013 2379 1
2090 1625 2380 1
1245 1807 2294 1
1359 1366 2339 1
1543 1140 2544 1
2197 704 2595 1
1578 1580 2275 1
1211 1212 2290 1
2421 1423 2579 1
1981 1958 2285 1
2045 900 2279 1
118 2096 2505 1
1530 1531 2521 1
2404 1901 2473 1
42 43 2310 1
1974 791 2563 1
224 162 2593 1
1106 993 2287 1
2112 895 2275 1
1079 2137 2459 1
437 436 2291 1
1493 2404 2554 1
662 1998 2284 1
1237 1377 2326 1
1789 1758 2346 1
941 1620 2482 1
249 1763 2547 1
303 307 2563 1
2015 2238 2276 1
1223 2033 2301 1
1045 1079 2459 1
1788 2406 2596 1
662 2284 2288 1
1492 2317 2449 1
567 565 2295 1
35 218 2252 1
202 2140 2382 1
2338 1582 2364 1
2145 123 2517 1
1918 1237 2319 1
2051 901 2278 1
268 80 2233 1
957 959 2292 1
1997 662 2288 1
1335 2229 2267 1
1599 1501 2539 1
1099 2388 2416 1
2076 2128 2260 1
1205 2178 2307 1
2306 923 2314 1
2276 903 2299 1
563 561 2300 1
1782 1451 2405 1
571 569 2298 1
1324 1322 2331 1
2327 2273 2417 1
2198 1925 2582 1
560 562 2312 1
247 86 1719 1
2319 1237 2326 1
1580 1582 2338 1
241 1655 2447 1
825 1865 2415 1
1449 1072 2297 1
1194 1924 2360 1
2451 1685 2478 1
1561 1460 2358 1
206 78 2246 1
2248 460 2261 1
2070 145 2348 1
1004 1235 2309 1
2229 1255 2267 1
275 1259 2256 1
1676 2202 2374 1
1736 2218 2516 1
289 291 2391 1
152 153 2302 1
2091 2290 2460 1
2314 1070 2332 1
1865 1866 2402 1
133 2187 2383 1
1473 1672 2306 1
1484 2259 2536 1
1851 2149 2512 1
635 528 2315 1
1048 1449 2296 1
574 571 2311 1
1147 1555 2318 1
1792 1794 2319 1
1525 2457 2477 1
1745 1743 2335 1
571 2298 2311 1
424 484 2317 1
2327 2417 2527 1
2097 834 2335 1
53 54 2340 1
62 63 2323 1
791 301 2563 1
1736 1734 2322 1
44 271 2385 1
2187 1506 2383 1
1459 1338 2304 1
1473 2306 2314 1
270 2194 2352 1
154 155 2487 1
1792 2319 2326 1
446 486 2325 1
576 1792 2326 1
451 1006 2424 1
1271 1042 2308 1
1574 1205 2307 1
1006 2076 2260 1
136 267 2575 1
237 2011 2321 1
1706 267 2567 1
903 2086 2299 1
2109 1633 2401 1
2142 1597 2354 1
2536 1479 2549 1
2513 1511 2574 1
2129 2142 2354 1
2047 1473 2314 1
1438 2215 2490 1
1512 1294 2334 1
1158 1968 2535 1
1464 2349 2500 1
112 113 2329 1
1587 1608 2393 1
81 82 2320 1
1907 1154 2333 1
1867 2205 2347 1
2301 2033 2346 1
1256 1601 2577 1
2185 1903 2590 1
314 318 2324 1
1359 2339 2357 1
2331 1322 2361 1
1755 1949 2396 1
2153 2154 2367 1
1514 1513 2438 1
1200 2104 2303 1
1509 2272 2454 1
1995 2045 2316 1
1213 1874 2418 1
526 507 2570 1
52 53 2355 1
1357 1450 2504 1
20 204 2330 1
153 242 2302 1
266 2185 2590 1
908 2338 2364 1
2416 1671 2451 1
1564 2495 2531 1
1525 2035 2457 1
2045 2279 2316 1
1496 1996 2337 1
2360 1924 2377 1
931 2088 2434 1
261 2085 2401 1
1774 1775 2362 1
1924 929 2377 1
79 268 2246 1
1030 2407 2426 1
1322 1320 2361 1
1865 2402 2415 1
1272 1273 2342 1
1866 1867 2402 1
1075 1362 2339 1
1270 2404 2473 1
1467 1549 2502 1
1271 2308 2347 1
1464 2047 2332 1
446 2325 2350 1
2148 225 2556 1
1910 2291 2467 1
2047 2314 2332 1
434 446 2350 1
1272 2342 2345 1
763 765 2343 1
1654 1436 2376 1
577 550 2341 1
145 146 2348 1
1582 1586 2364 1
1844 1476 2545 1
926 2268 2497 1
355 361 2442 1
1375 2393 2397 1
886 840 2344 1
2324 318 2351 1
2334 1018 2414 1
1458 1457 2365 1
1629 1628 2336 1
2037 1272 2345 1
679 1688 2490 1
1275 1422 2360 1
1535 1929 2526 1
908 2112 2338 1
2095 259 2349 1
318 365 2351 1
71 72 2368 1
1341 1810 2352 1
361 1755 2420 1
1624 2480 2587 1
225 157 2556 1
2339 1362 2357 1
2112 2275 2338 1
2260 1530 2521 1
2171 281 2353 1
53 2340 2355 1
1459 2304 2474 1
2568 228 2574 1
2033 1018 2346 1
108 109 2366 1
1297 1286 2386 1
1251 1249 2371 1
2215 1446 2510 1
1097 1192 2375 1
211 182 2370 1
43 44 2385 1
1451 1452 2405 1
150 151 2356 1
1962 2329 2551 1
1742 1031 2494 1
224 1917 2583 1
2275 1580 2338 1
1904 1277 2373 1
2231 2114 2313 1
1071 2005 2520 1
2232 1224 2496 1
2012 1444 2403 1
1381 1379 2381 1
1434 1435 2384 1
1254 1252 2363 1
2259 1479 2536 1
1512 2414 2426 1
1632 905 2493 1
2210 1264 2321 1
1806 812 2470 1
1755 2396 2420 1
132 133 2383 1
1275 2360 2377 1
1620 1372 2482 1
1420 1421 2390 1
55 56 2392 1
1460 1508 2358 1
1623 2330 2579 1
989 1036 2400 1
354 355 2442 1
1787 1514 2438 1
1079 2129 2354 1
1480 1756 2449 1
2003 1670 2388 1
1731 1928 2555 1
2099 908 2364 1
1676 2374 2485 1
1283 1954 2406 1
1895 1342 2444 1
1372 1806 2479 1
2437 1141 2541 1
2156 1213 2418 1
229 2305 2448 1
1632 2493 2496 1
2233 81 2320 1
281 283 2353 1
2205 1271 2347 1
1583 1275 2377 1
379 377 2369 1
380 383 2372 1
272 152 2302 1
230 42 2310 1
1342 1480 2464 1
2088 1360 2434 1
2162 1599 2525 1
1565 2208 2387 1
356 354 2462 1
1490 2171 2353 1
2025 202 2382 1
1516 2090 2380 1
1448 2013 2429 1
1107 1227 2389 1
2444 1342 2464 1
1857 2395 2428 1
2485 634 2534 1
218 2012 2403 1
2304 1338 2305 1
1099 2309 2388 1
2097 2335 2494 1
2372 383 2398 1
83 84 2359 1
263 2153 2367 1
1496 2337 2480 1
1631 2215 2510 1
205 1625 2504 1
1395 1411 2378 1
1806 2470 2479 1
2195 2529 2538 1
1096 2267 2577 1
1812 1299 2399 1
1251 2371 2514 1
1372 2479 2482 1
508 527 2374 1
243 39 2417 1
201 1804 2460 1
1013 1267 2379 1
1775 1083 2456 1
1655 1431 2447 1
151 272 2356 1
2210 2321 2445 1
354 2442 2462 1
779 2588 2597 1
2272 440 2454 1
1824 341 2566 1
1902 1462 2433 1
2386 1485 2584 1
1361 2460 2586 1
2364 1586 2395 1
2460 1804 2586 1
213 1990 2585 1
1608 2158 2393 1
2321 2011 2445 1
1485 1703 2394 1
1469 2273 2327 1
1531 1992 2521 1
1618 1617 2425 1
267 2226 2567 1
2396 1457 2420 1
1450 2293 2504 1
2329 113 2551 1
1360 1011 2484 1
887 2099 2395 1
2208 270 2387 1
2397 219 2410 1
946 2365 2396 1
1664 2336 2519 1
1434 2384 2437 1
383 386 2398 1
1901 1902 2473 1
219 1977 2410 1
39 40 2417 1
1928 418 2555 1
1020 1901 2404 1
1783 1434 2437 1
203 2020 2569 1
926 639 2408 1
1362 2242 2357 1
158 159 2458 1
2335 1743 2494 1
1902 2433 2473 1
1345 1528 2413 1
38 243 2499 1
1487 1896 2561 1
1293 1512 2407 1
1461 1541 2538 1
1289 1291 2411 1
580 289 2391 1
148 149 2568 1
2099 2364 2395 1
1457 1455 2420 1
632 602 2409 1
1298 2210 2445 1
1428 1430 2412 1
2019 1365 2569 1
1511 1510 2574 1
859 861 2414 1
2402 1227 2415 1
1954 2166 2406 1
1424 1423 2421 1
2185 1775 2565 1
1030 1921 2433 1
1509 1343 2430 1
391 1718 2537 1
2414 861 2426 1
1593 1592 2419 1
270 2352 2387 1
1227 1454 2415 1
494 448 2443 1
228 150 2356 1
2305 229 2359 1
1521 1416 2423 1
146 245 2348 1
2410 1977 2432 1
2368 72 2559 1
1722 1571 2594 1
2268 1834 2497 1
1006 2260 2521 1
2291 436 2467 1
1641 2564 2571 1
2158 219 2397 1
861 863 2426 1
1541 1621 2472 1
1977 1934 2432 1
1371 1370 2439 1
1224 1632 2496 1
1565 2387 2495 1
705 802 2435 1
1516 2380 2589 1
1365 1363 2431 1
341 2156 2418 1
2102 1650 2422 1
2433 1921 2473 1
1348 1351 2440 1
2457 252 2477 1
2366 209 2509 1
2043 1099 2416 1
2406 210 2596 1
2322 1738 2461 1
1934 252 2457 1
1549 1470 2540 1
1969 773 2444 1
1036 2254 2592 1
350 352 2441 1
1087 1198 2461 1
2432 1934 2457 1
2151 220 2405 1
1910 1228 2454 1
1761 207 2523 1
1267 1903 2565 1
1896 1158 2535 1
1719 213 2585 1
1642 1641 2571 1
2374 527 2485 1
1586 1587 2428 1
844 846 2446 1
125 126 2468 1
1903 2185 2565 1
1085 2053 2427 1
2194 232 2436 1
2005 1425 2520 1
1544 1487 2561 1
1743 1742 2494 1
1969 2444 2464 1
2520 1425 2530 1
2220 269 2376 1
2048 1449 2522 1
1884 1880 2465 1
846 851 2452 1
272 2179 2513 1
2446 846 2452 1
490 451 2424 1
518 2511 2570 1
786 678 2486 1
2166 210 2406 1
2463 1184 2466 1
2310 43 2385 1
1424 2421 2548 1
198 1795 2515 1
328 1906 2530 1
1184 1942 2466 1
2011 2052 2445 1
1973 1184 2463 1
1367 1123 2455 1
1492 1268 2467 1
1571 1461 2529 1
1528 1900 2462 1
1020 2404 2532 1
41 230 2527 1
2442 1528 2462 1
252 1927 2477 1
2273 243 2417 1
484 1969 2464 1
1968 824 2481 1
1641 1532 2564 1
1936 1353 2470 1
853 858 2469 1
2000 2213 2562 1
2373 931 2434 1
259 2145 2500 1
1425 1844 2530 1
640 366 2483 1
1171 1426 2471 1
1486 1440 2491 1
1921 1270 2473 1
1906 1885 2475 1
197 1887 2519 1
2470 1353 2479 1
1412 1419 2453 1
1534 1535 2450 1
264 2383 2543 1
1658 1656 2511 1
2367 1535 2526 1
2317 484 2449 1
1476 1546 2545 1
1217 2043 2451 1
2043 2416 2451 1
1593 2419 2489 1
2309 2003 2388 1
1353 1550 2479 1
1226 1045 2459 1
2052 198 2515 1
37 38 2499 1
1318 1316 2506 1
2349 259 2500 1
1060 1101 2507 1
157 158 2556 1
2387 1810 2495 1
1217 2451 2478 1
1718 1709 2552 1
82 229 2320 1
2145 1463 2500 1
1529 1530 2560 1
1497 1496 2480 1
1594 2310 2385 1
1298 2445 2515 1
1572 1378 2481 1
323 324 2488 1
1569 1251 2514 1
804 2195 2538 1
1507 1459 2474 1
1512 2334 2414 1
2349 1369 2573 1
1906 2520 2530 1
1369 2411 2573 1
2474 1719 2585 1
2149 199 2512 1
2095 2349 2573 1
117 118 2505 1
2479 1550 2482 1
1625 1357 2504 1
1361 2091 2460 1
1470 1472 2540 1
2020 2019 2569 1
162 163 2593 1
1433 1788 2596 1
1644 1642 2597 1
317 320 2498 1
1867 2389 2402 1
123 124 2517 1
2057 1217 2478 1
316 317 2501 1
72 73 2559 1
317 2498 2501 1
1037 925 2497 1
158 2458 2556 1
2393 2158 2397 1
2190 241 2447 1
1976 421 2508 1
1463 1464 2500 1
1795 1298 2515 1
2529 1461 2538 1
527 529 2485 1
1591 1705 2492 1
2477 1927 2558 1
1483 2179 2476 1
874 1543 2541 1
1484 2546 2550 1
2237 1618 2425 1
247 1719 2474 1
1810 1094 2495 1
1675 1676 2534 1
1804 1803 2586 1
1312 1310 2553 1
245 2162 2525 1
415 420 2518 1
2518 420 2528 1
361 2413 2442 1
1314 1312 2557 1
420 425 2528 1
135 136 2575 1
1312 2553 2557 1
1031 2097 2494 1
180 181 2578 1
2352 1810 2387 1
236 18 2587 1
1498 1500 2509 1
1494 1020 2532 1
113 114 2551 1
2267 1256 2577 1
1506 1505 2543 1
229 83 2359 1
178 179 2580 1
2252 218 2403 1
1968 2471 2535 1
1260 1490 2472 1
1484 1478 2546 1
177 178 2572 1
1927 216 2558 1
2026 1117 2536 1
156 225 2581 1
184 249 2547 1
766 764 2524 1
40 41 2527 1
2572 178 2580 1
1270 1068 2554 1
271 2251 2419 1
1068 2549 2554 1
1465 1467 2502 1
2495 1094 2531 1
1446 1465 2510 1
1642 2571 2597 1
1478 2542 2546 1
1478 1525 2542 1
1507 2474 2585 1
1181 1537 2591 1
976 2009 2550 1
2226 1220 2567 1
1140 1574 2544 1
2488 1844 2545 1
1068 2026 2549 1
2400 1036 2592 1
1929 1930 2526 1
242 154 2487 1
703 941 2595 1
2395 1586 2428 1
2533 264 2543 1
2313 2000 2562 1
2251 223 2489 1
223 2232 2489 1
1419 1553 2537 1
1465 2502 2510 1
2297 1361 2586 1
84 1673 2359 1
2026 2536 2549 1
301 303 2563 1
2475 1071 2520 1
2032 1424 2548 1
230 2327 2527 1
2365 1457 2396 1
2408 1787 2438 1
2216 1433 2596 1
215 2095 2573 1
2445 2052 2515 1
2407 1512 2426 1
779 310 2588 1
2218 886 2516 1
1522 2068 2576 1
2159 264 2533 1
2078 1516 2589 1
210 2216 2596 1
2353 804 2503 1
256 2231 2562 1
507 518 2570 1
2480 236 2587 1
1198 2322 2461 1
2472 1490 2503 1
2154 224 2583 1
1356 1534 2592 1
1419 2537 2552 1
2352 2194 2436 1
243 2429 2499 1
2389 1227 2402 1
1341 2352 2436 1
1541 2472 2503 1
2431 203 2569 1
2417 40 2527 1
1350 2183 2582 1
2336 197 2519 1
2537 1718 2552 1
2302 242 2476 1
149 228 2568 1
2213 256 2562 1
1094 2241 2531 1
2195 580 2529 1
1904 2373 2434 1
2155 266 2590 1
1525 2477 2542 1
418 2412 2555 1
1676 2485 2534 1
2231 2313 2562 1
2455 1360 2484 1
1500 2366 2509 1
263 2367 2526 1
2254 1356 2592 1
2503 804 2538 1
2379 1267 2456 1
2383 1506 2543 1
2430 494 2443 1
1541 2503 2538 1
2293 205 2504 1
2419 2251 2489 1
2320 229 2448 1
2246 268 2584 1
926 2408 2438 1
1896 2508 2561 1
2413 1528 2442 1
1449 2297 2522 1
1917 2375 2583 1
1509 2430 2443 1
1571 2529 2594 1
2529 580 2594 1
268 2386 2584 1
886 2344 2516 1
1490 2353 2503 1
2356 272 2513 1
341 2418 2566 1
1472 2493 2540 1
1803 2297 2586 1
1367 2455 2484 1
2348 245 2525 1
2404 1270 2554 1
2429 2013 2499 1
2330 204 2579 1
2456 1267 2565 1
1534 2400 2592 1
2411 215 2573 1
1775 2456 2565 1
2412 1430 2555 1
1783 2437 2541 1
1906 2475 2520 1
2471 1426 2535 1
2453 1419 2552 1
1365 2431 2569 1
323 2488 2545 1
580 2391 2594 1
2493 905 2540 1
204 2421 2579 1
2508 421 2561 1
2492 1705 2581 1
225 2492 2581 1

End
